genomeID	true_lineage	nuc_changes
Denmark/DCGC-615368/2022	XBZ	241_C|T,670_T|G,1627_C|T,2790_C|T,2954_T|C,3037_C|T,4184_G|A,4321_C|T,4756_T|C,6040_C|T,9344_C|T,9424_A|G,9534_C|T,10029_C|T,10198_C|T,10447_G|A,10449_C|A,11750_C|T,12160_G|A,12880_C|T,13714_G|A,14257_T|C,14408_C|T,15714_C|T,16935_G|A,17039_A|G,17410_C|T,18163_A|G,19955_C|T,20055_A|G,21618_C|T,21987_G|A,22200_T|G,22578_G|A,22599_G|C,22674_C|T,22679_T|C,22686_C|T,22688_A|G,22858_C|T,22882_T|G,22893_A|C,22917_T|G,22942_T|A,22992_G|A,22995_C|A,23013_A|C,23018_T|G,23055_A|G,23063_A|T,23075_T|C,23086_C|T,23403_A|G,23525_C|T,23599_T|G,23604_C|A,23854_C|A,23948_G|T,24424_A|T,24469_T|A,25000_C|T,25584_C|T,26060_C|T,26270_C|T,26428_G|T,26529_G|A,26577_C|G,26709_G|A,27807_C|T,27889_C|T,28271_A|T,28311_C|T,28312_C|T,28681_G|T,28881_G|A,28882_G|A,28883_G|C,29510_A|C,11288_11296,21633_21641,21765_21770,21992_21994,28362_28370
Denmark/DCGC-615404/2022	XBZ	241_C|T,670_T|G,1627_C|T,2790_C|T,2954_T|C,3037_C|T,4184_G|A,4321_C|T,6040_C|T,9344_C|T,9424_A|G,9534_C|T,10029_C|T,10198_C|T,10447_G|A,10449_C|A,11750_C|T,12160_G|A,12880_C|T,13714_G|A,14257_T|C,14408_C|T,15714_C|T,16935_G|A,17039_A|G,17410_C|T,18163_A|G,19955_C|T,20055_A|G,21618_C|T,21987_G|A,22200_T|G,22578_G|A,22599_G|C,22674_C|T,22679_T|C,22686_C|T,22688_A|G,22775_G|A,22786_A|C,22813_G|T,22858_C|T,22882_T|G,22893_A|C,22917_T|G,22942_T|A,22992_G|A,22995_C|A,23013_A|C,23018_T|G,23055_A|G,23063_A|T,23075_T|C,23086_C|T,23403_A|G,23525_C|T,23599_T|G,23604_C|A,23854_C|A,23948_G|T,24424_A|T,24469_T|A,25000_C|T,25584_C|T,26060_C|T,26270_C|T,26428_G|T,26577_C|G,26709_G|A,27807_C|T,27889_C|T,28271_A|T,28311_C|T,28312_C|T,28681_G|T,28881_G|A,28882_G|A,28883_G|C,29510_A|C,11288_11296,21633_21641,21765_21770,21992_21994,28362_28370
Denmark/DCGC-615472/2022	XBZ	241_C|T,670_T|G,1627_C|T,2790_C|T,2954_T|C,3037_C|T,4184_G|A,4321_C|T,6040_C|T,9344_C|T,9424_A|G,9534_C|T,10029_C|T,10198_C|T,10447_G|A,10449_C|A,11750_C|T,12160_G|A,12880_C|T,13714_G|A,14257_T|C,14408_C|T,15714_C|T,16935_G|A,17039_A|G,17410_C|T,18163_A|G,19955_C|T,20055_A|G,21618_C|T,21987_G|A,22200_T|G,22578_G|A,22599_G|C,22674_C|T,22679_T|C,22686_C|T,22688_A|G,22775_G|A,22786_A|C,22813_G|T,22858_C|T,22882_T|G,22893_A|C,22917_T|G,22942_T|A,22992_G|A,22995_C|A,23013_A|C,23018_T|G,23055_A|G,23063_A|T,23075_T|C,23086_C|T,23403_A|G,23525_C|T,23599_T|G,23604_C|A,23854_C|A,23948_G|T,24424_A|T,24469_T|A,25000_C|T,25584_C|T,26060_C|T,26270_C|T,26428_G|T,26529_G|A,26577_C|G,26709_G|A,27807_C|T,27889_C|T,28271_A|T,28311_C|T,28312_C|T,28681_G|T,28881_G|A,28882_G|A,28883_G|C,29510_A|C,11288_11296,21633_21641,21765_21770,21992_21994,28362_28370
Denmark/DCGC-615744/2022	XBZ	241_C|T,670_T|G,1627_C|T,2790_C|T,2954_T|C,3037_C|T,4184_G|A,4321_C|T,6040_C|T,9344_C|T,9424_A|G,9534_C|T,10029_C|T,10198_C|T,10447_G|A,10449_C|A,11750_C|T,12160_G|A,12880_C|T,13714_G|A,14257_T|C,14408_C|T,15714_C|T,16935_G|A,17039_A|G,17410_C|T,18163_A|G,19955_C|T,20055_A|G,21618_C|T,21987_G|A,22200_T|G,22578_G|A,22599_G|C,22674_C|T,22679_T|C,22686_C|T,22688_A|G,22775_G|A,22786_A|C,22813_G|T,22858_C|T,22882_T|G,22893_A|C,22917_T|G,22942_T|A,22992_G|A,22995_C|A,23013_A|C,23018_T|G,23055_A|G,23063_A|T,23075_T|C,23086_C|T,23403_A|G,23525_C|T,23599_T|G,23604_C|A,23854_C|A,23948_G|T,24424_A|T,24469_T|A,25000_C|T,25584_C|T,26060_C|T,26270_C|T,26428_G|T,26529_G|A,26709_G|A,27807_C|T,27889_C|T,28271_A|T,28311_C|T,28312_C|T,28681_G|T,28881_G|A,28882_G|A,28883_G|C,29510_A|C,11288_11296,21633_21641,21765_21770,21992_21994,28362_28370
Denmark/DCGC-615931/2022	XBZ	241_C|T,670_T|G,1627_C|T,2790_C|T,2954_T|C,3037_C|T,4184_G|A,4321_C|T,6040_C|T,9344_C|T,9424_A|G,9534_C|T,10029_C|T,10198_C|T,10447_G|A,10449_C|A,11750_C|T,12160_G|A,12880_C|T,13714_G|A,14257_T|C,14408_C|T,15714_C|T,16935_G|A,17039_A|G,17410_C|T,18163_A|G,19955_C|T,20055_A|G,21618_C|T,21987_G|A,22200_T|G,22578_G|A,22599_G|C,22674_C|T,22679_T|C,22686_C|T,22688_A|G,22775_G|A,22786_A|C,22813_G|T,22858_C|T,22882_T|G,22893_A|C,22917_T|G,22942_T|A,22992_G|A,22995_C|A,23013_A|C,23018_T|G,23055_A|G,23063_A|T,23075_T|C,23086_C|T,23403_A|G,23525_C|T,23599_T|G,23604_C|A,23854_C|A,23948_G|T,24424_A|T,24469_T|A,25000_C|T,25584_C|T,26060_C|T,26270_C|T,26428_G|T,26577_C|G,26709_G|A,27807_C|T,27889_C|T,28271_A|T,28311_C|T,28312_C|T,28681_G|T,28881_G|A,28882_G|A,28883_G|C,29510_A|C,11288_11296,21633_21641,21765_21770,21992_21994,28362_28370
Denmark/DCGC-616077/2022	XBZ	241_C|T,670_T|G,1627_C|T,2790_C|T,2954_T|C,3037_C|T,4184_G|A,4321_C|T,6040_C|T,9344_C|T,9424_A|G,9534_C|T,10029_C|T,10198_C|T,10447_G|A,10449_C|A,11750_C|T,12160_G|A,12880_C|T,13714_G|A,14257_T|C,14408_C|T,15714_C|T,16935_G|A,17039_A|G,17410_C|T,18163_A|G,19955_C|T,20055_A|G,21618_C|T,21987_G|A,22200_T|G,22578_G|A,22599_G|C,22674_C|T,22679_T|C,22686_C|T,22688_A|G,22775_G|A,22786_A|C,22813_G|T,22858_C|T,22882_T|G,22893_A|C,22917_T|G,22942_T|A,22992_G|A,22995_C|A,23013_A|C,23018_T|G,23055_A|G,23063_A|T,23075_T|C,23086_C|T,23403_A|G,23525_C|T,23599_T|G,23604_C|A,23854_C|A,23948_G|T,24424_A|T,24469_T|A,25000_C|T,25584_C|T,26060_C|T,26270_C|T,26428_G|T,26577_C|G,26709_G|A,27807_C|T,27889_C|T,28271_A|T,28311_C|T,28312_C|T,28681_G|T,28881_G|A,28882_G|A,28883_G|C,29510_A|C,11288_11296,21633_21641,21765_21770,21992_21994,28362_28370
Denmark/DCGC-616294/2022	XBZ	241_C|T,670_T|G,1627_C|T,2790_C|T,2954_T|C,3037_C|T,4184_G|A,4321_C|T,6040_C|T,9344_C|T,9424_A|G,9534_C|T,10029_C|T,10198_C|T,10447_G|A,10449_C|A,11750_C|T,12160_G|A,12880_C|T,14257_T|C,14408_C|T,15714_C|T,16935_G|A,17039_A|G,17410_C|T,18163_A|G,19955_C|T,20055_A|G,21618_C|T,21987_G|A,22200_T|G,22578_G|A,22599_G|C,22674_C|T,22679_T|C,22686_C|T,22688_A|G,22775_G|A,22813_G|T,22858_C|T,22882_T|G,22893_A|C,22917_T|G,22942_T|A,22992_G|A,22995_C|A,23013_A|C,23018_T|G,23055_A|G,23063_A|T,23075_T|C,23086_C|T,23403_A|G,23525_C|T,23599_T|G,23604_C|A,23854_C|A,23948_G|T,24424_A|T,24469_T|A,25000_C|T,25584_C|T,26060_C|T,26270_C|T,26428_G|T,26529_G|A,26577_C|G,26709_G|A,27807_C|T,27889_C|T,28271_A|T,28311_C|T,28312_C|T,28681_G|T,28881_G|A,28882_G|A,28883_G|C,29510_A|C,11288_11296,21633_21641,21765_21770,21992_21994,28362_28370
Denmark/DCGC-616465/2022	XBZ	241_C|T,670_T|G,1627_C|T,2790_C|T,2954_T|C,3037_C|T,4184_G|A,4321_C|T,6040_C|T,9344_C|T,9424_A|G,9534_C|T,10029_C|T,10198_C|T,10447_G|A,10449_C|A,11750_C|T,12160_G|A,12880_C|T,13714_G|A,14257_T|C,14408_C|T,15714_C|T,16935_G|A,17039_A|G,17410_C|T,18163_A|G,19955_C|T,20055_A|G,21618_C|T,21987_G|A,22200_T|G,22578_G|A,22599_G|C,22674_C|T,22679_T|C,22686_C|T,22688_A|G,22775_G|A,22786_A|C,22813_G|T,22858_C|T,22882_T|G,22893_A|C,22917_T|G,22942_T|A,22992_G|A,22995_C|A,23013_A|C,23018_T|G,23055_A|G,23063_A|T,23075_T|C,23086_C|T,23403_A|G,23525_C|T,23599_T|G,23604_C|A,23854_C|A,23948_G|T,24424_A|T,24469_T|A,25000_C|T,25584_C|T,26060_C|T,26270_C|T,26428_G|T,26529_G|A,26709_G|A,27807_C|T,27889_C|T,28271_A|T,28311_C|T,28312_C|T,28681_G|T,28770_C|T,28881_G|A,28882_G|A,28883_G|C,29510_A|C,11288_11296,21633_21641,21765_21770,21992_21994,28362_28370
Denmark/DCGC-616491/2022	XBZ	241_C|T,670_T|G,1627_C|T,2790_C|T,2954_T|C,3037_C|T,4184_G|A,4321_C|T,6040_C|T,9344_C|T,9424_A|G,9534_C|T,10029_C|T,10198_C|T,10447_G|A,10449_C|A,11750_C|T,12160_G|A,12880_C|T,14257_T|C,14408_C|T,15714_C|T,16935_G|A,17039_A|G,17410_C|T,18163_A|G,19955_C|T,20055_A|G,21618_C|T,21987_G|A,22200_T|G,22578_G|A,22599_G|C,22674_C|T,22679_T|C,22858_C|T,22882_T|G,22893_A|C,22917_T|G,22942_T|A,22992_G|A,22995_C|A,23013_A|C,23018_T|G,23055_A|G,23063_A|T,23075_T|C,23086_C|T,23403_A|G,23525_C|T,23599_T|G,23604_C|A,23854_C|A,23948_G|T,24424_A|T,24469_T|A,25000_C|T,25584_C|T,26060_C|T,26270_C|T,26428_G|T,26529_G|A,26577_C|G,26709_G|A,27807_C|T,27889_C|T,28271_A|T,28311_C|T,28312_C|T,28681_G|T,28770_C|T,28881_G|A,28882_G|A,28883_G|C,29510_A|C,11288_11296,21633_21641,21765_21770,21992_21994,28362_28370
Denmark/DCGC-617109/2022	XBZ	241_C|T,670_T|G,1627_C|T,2790_C|T,2954_T|C,3037_C|T,4184_G|A,4321_C|T,6040_C|T,9344_C|T,9424_A|G,9534_C|T,10029_C|T,10198_C|T,10447_G|A,10449_C|A,11750_C|T,12160_G|A,12880_C|T,13714_G|A,14257_T|C,14408_C|T,15714_C|T,16935_G|A,17039_A|G,17410_C|T,18163_A|G,19955_C|T,20055_A|G,21618_C|T,21987_G|A,22200_T|G,22578_G|A,22599_G|C,22674_C|T,22679_T|C,22686_C|T,22688_A|G,22775_G|A,22786_A|C,22813_G|T,22858_C|T,22882_T|G,22893_A|C,22917_T|G,22942_T|A,22992_G|A,22995_C|A,23013_A|C,23018_T|G,23055_A|G,23063_A|T,23075_T|C,23086_C|T,23403_A|G,23525_C|T,23599_T|G,23604_C|A,23854_C|A,23948_G|T,24424_A|T,24469_T|A,25000_C|T,25584_C|T,26060_C|T,26270_C|T,26428_G|T,26577_C|G,26709_G|A,27807_C|T,27889_C|T,28271_A|T,28311_C|T,28312_C|T,28681_G|T,28881_G|A,28882_G|A,28883_G|C,29510_A|C,11288_11296,21633_21641,21765_21770,21992_21994,28362_28370
Denmark/DCGC-617576/2022	XBZ	241_C|T,670_T|G,1627_C|T,2790_C|T,2954_T|C,3037_C|T,4184_G|A,4321_C|T,6040_C|T,9344_C|T,9424_A|G,9534_C|T,10029_C|T,10198_C|T,10447_G|A,10449_C|A,11750_C|T,12160_G|A,12880_C|T,14257_T|C,14408_C|T,15714_C|T,16935_G|A,17039_A|G,17410_C|T,18163_A|G,19955_C|T,20055_A|G,21618_C|T,21987_G|A,22200_T|G,22578_G|A,22599_G|C,22674_C|T,22679_T|C,22813_G|T,22858_C|T,22882_T|G,22893_A|C,22917_T|G,22942_T|A,22992_G|A,22995_C|A,23013_A|C,23018_T|G,23055_A|G,23063_A|T,23075_T|C,23086_C|T,23403_A|G,23525_C|T,23599_T|G,23604_C|A,23854_C|A,23948_G|T,24424_A|T,24469_T|A,25000_C|T,25584_C|T,26060_C|T,26270_C|T,26428_G|T,26529_G|A,26577_C|G,26709_G|A,27807_C|T,27889_C|T,28271_A|T,28311_C|T,28312_C|T,28681_G|T,28770_C|T,28881_G|A,28882_G|A,28883_G|C,29510_A|C,11288_11296,21633_21641,21765_21770,21992_21994,28362_28370
Denmark/DCGC-618023/2022	XBZ	241_C|T,670_T|G,1627_C|T,2790_C|T,2954_T|C,3037_C|T,4184_G|A,4321_C|T,6040_C|T,9344_C|T,9424_A|G,9534_C|T,10029_C|T,10198_C|T,10447_G|A,10449_C|A,11750_C|T,12160_G|A,12880_C|T,13714_G|A,14257_T|C,14408_C|T,15714_C|T,16935_G|A,17039_A|G,17410_C|T,18163_A|G,19955_C|T,20055_A|G,21618_C|T,21987_G|A,22200_T|G,22578_G|A,22599_G|C,22674_C|T,22679_T|C,22686_C|T,22688_A|G,22775_G|A,22786_A|C,22813_G|T,22858_C|T,22882_T|G,22893_A|C,22917_T|G,22942_T|A,22992_G|A,22995_C|A,23013_A|C,23018_T|G,23055_A|G,23063_A|T,23075_T|C,23086_C|T,23403_A|G,23525_C|T,23599_T|G,23604_C|A,23854_C|A,23948_G|T,24424_A|T,24469_T|A,25000_C|T,25584_C|T,26060_C|T,26270_C|T,26428_G|T,26577_C|G,26709_G|A,27807_C|T,27889_C|T,28271_A|T,28311_C|T,28312_C|T,28681_G|T,28881_G|A,28882_G|A,28883_G|C,29510_A|C,11288_11296,21633_21641,21765_21770,21992_21994,28362_28370
Denmark/DCGC-618104/2022	XBZ	241_C|T,670_T|G,1627_C|T,2790_C|T,2954_T|C,3037_C|T,4184_G|A,4321_C|T,6040_C|T,9344_C|T,9424_A|G,9534_C|T,10029_C|T,10198_C|T,10447_G|A,10449_C|A,11750_C|T,12160_G|A,12880_C|T,13714_G|A,14257_T|C,14408_C|T,15714_C|T,16935_G|A,17039_A|G,17410_C|T,18163_A|G,19955_C|T,20055_A|G,21618_C|T,21987_G|A,22200_T|G,22578_G|A,22599_G|C,22674_C|T,22679_T|C,22686_C|T,22688_A|G,22775_G|A,22786_A|C,22813_G|T,22858_C|T,22882_T|G,22893_A|C,22917_T|G,22942_T|A,22992_G|A,22995_C|A,23013_A|C,23018_T|G,23055_A|G,23063_A|T,23075_T|C,23086_C|T,23403_A|G,23525_C|T,23599_T|G,23604_C|A,23854_C|A,23948_G|T,24424_A|T,24469_T|A,25000_C|T,25584_C|T,26060_C|T,26270_C|T,26428_G|T,26529_G|A,26577_C|G,26709_G|A,27807_C|T,27889_C|T,28271_A|T,28311_C|T,28312_C|T,28681_G|T,28770_C|T,28881_G|A,28882_G|A,28883_G|C,29510_A|C,11288_11296,21633_21641,21765_21770,21992_21994,28362_28370
Denmark/DCGC-618262/2022	XBZ	241_C|T,670_T|G,1627_C|T,2790_C|T,2954_T|C,3037_C|T,4184_G|A,4321_C|T,6040_C|T,9344_C|T,9424_A|G,9534_C|T,10029_C|T,10198_C|T,10447_G|A,10449_C|A,11750_C|T,12160_G|A,12880_C|T,13714_G|A,14257_T|C,14408_C|T,15714_C|T,16935_G|A,17039_A|G,17410_C|T,18163_A|G,19955_C|T,20055_A|G,21618_C|T,21987_G|A,22200_T|G,22578_G|A,22599_G|C,22674_C|T,22679_T|C,22686_C|T,22688_A|G,22775_G|A,22786_A|C,22813_G|T,22858_C|T,22882_T|G,22893_A|C,22917_T|G,22942_T|A,22992_G|A,22995_C|A,23013_A|C,23018_T|G,23055_A|G,23063_A|T,23075_T|C,23086_C|T,23403_A|G,23525_C|T,23599_T|G,23604_C|A,23854_C|A,23948_G|T,24424_A|T,24469_T|A,25000_C|T,25584_C|T,26060_C|T,26270_C|T,26428_G|T,26577_C|G,26709_G|A,27807_C|T,27889_C|T,28271_A|T,28311_C|T,28312_C|T,28681_G|T,28881_G|A,28882_G|A,28883_G|C,29510_A|C,11288_11296,21633_21641,21765_21770,21992_21994,28362_28370
Denmark/DCGC-618464/2022	XBZ	241_C|T,670_T|G,1627_C|T,2790_C|T,2954_T|C,3037_C|T,4184_G|A,4321_C|T,6040_C|T,9344_C|T,9424_A|G,9534_C|T,10029_C|T,10198_C|T,10447_G|A,10449_C|A,11750_C|T,12160_G|A,12880_C|T,14257_T|C,14408_C|T,15714_C|T,16935_G|A,17039_A|G,17410_C|T,18163_A|G,19955_C|T,20055_A|G,21618_C|T,21987_G|A,22200_T|G,22578_G|A,22599_G|C,22674_C|T,22679_T|C,22686_C|T,22688_A|G,22775_G|A,22786_A|C,22813_G|T,22858_C|T,22882_T|G,22893_A|C,22917_T|G,22942_T|A,22992_G|A,22995_C|A,23013_A|C,23018_T|G,23055_A|G,23063_A|T,23075_T|C,23086_C|T,23403_A|G,23525_C|T,23599_T|G,23604_C|A,23854_C|A,23948_G|T,24424_A|T,24469_T|A,25000_C|T,25584_C|T,26060_C|T,26270_C|T,26428_G|T,26577_C|G,26709_G|A,27807_C|T,27889_C|T,28271_A|T,28311_C|T,28312_C|T,28681_G|T,28770_C|T,28881_G|A,28882_G|A,28883_G|C,29510_A|C,11288_11296,21633_21641,21765_21770,21992_21994,28362_28370
Denmark/DCGC-618509/2022	XBZ	241_C|T,670_T|G,1627_C|T,2790_C|T,2954_T|C,3037_C|T,4184_G|A,4321_C|T,6040_C|T,9344_C|T,9424_A|G,9534_C|T,10029_C|T,10198_C|T,10447_G|A,10449_C|A,11750_C|T,12160_G|A,12880_C|T,14257_T|C,14408_C|T,15714_C|T,16935_G|A,17039_A|G,17410_C|T,18163_A|G,19955_C|T,20055_A|G,21618_C|T,21987_G|A,22200_T|G,22578_G|A,22599_G|C,22674_C|T,22679_T|C,22686_C|T,22688_A|G,22775_G|A,22813_G|T,22858_C|T,22882_T|G,22893_A|C,22917_T|G,22942_T|A,22992_G|A,22995_C|A,23013_A|C,23018_T|G,23055_A|G,23063_A|T,23075_T|C,23086_C|T,23403_A|G,23525_C|T,23599_T|G,23604_C|A,23854_C|A,23948_G|T,24424_A|T,24469_T|A,25000_C|T,25584_C|T,26060_C|T,26270_C|T,26428_G|T,26577_C|G,26709_G|A,27807_C|T,27889_C|T,28271_A|T,28311_C|T,28312_C|T,28681_G|T,28881_G|A,28882_G|A,28883_G|C,29510_A|C,11288_11296,21633_21641,21765_21770,21992_21994,28362_28370
Denmark/DCGC-618996/2022	XBZ	241_C|T,670_T|G,1627_C|T,2790_C|T,2954_T|C,3037_C|T,4184_G|A,4321_C|T,4756_T|C,6040_C|T,9344_C|T,9424_A|G,9534_C|T,10029_C|T,10198_C|T,10447_G|A,10449_C|A,11750_C|T,12160_G|A,12880_C|T,13714_G|A,14257_T|C,14408_C|T,15714_C|T,16935_G|A,17039_A|G,17410_C|T,18163_A|G,19955_C|T,20055_A|G,21618_C|T,21987_G|A,22200_T|G,22578_G|A,22599_G|C,22674_C|T,22679_T|C,22686_C|T,22688_A|G,22775_G|A,22786_A|C,22813_G|T,22858_C|T,22882_T|G,22893_A|C,22917_T|G,22942_T|A,22992_G|A,22995_C|A,23013_A|C,23018_T|G,23055_A|G,23063_A|T,23075_T|C,23086_C|T,23403_A|G,23525_C|T,23599_T|G,23604_C|A,23854_C|A,23948_G|T,24424_A|T,24469_T|A,25000_C|T,25584_C|T,26060_C|T,26270_C|T,26428_G|T,26577_C|G,26709_G|A,27807_C|T,27889_C|T,28271_A|T,28311_C|T,28312_C|T,28370_A|G,28681_G|T,28770_C|T,28881_G|A,28882_G|A,28883_G|C,29510_A|C,11288_11296,21633_21641,21765_21770,21992_21994
Denmark/DCGC-620115/2022	XBZ	241_C|T,670_T|G,1627_C|T,2790_C|T,2954_T|C,3037_C|T,4184_G|A,4321_C|T,4756_T|C,6040_C|T,9344_C|T,9424_A|G,9534_C|T,10029_C|T,10198_C|T,10447_G|A,10449_C|A,11651_C|T,11750_C|T,12160_G|A,12880_C|T,13714_G|A,14257_T|C,14408_C|T,15714_C|T,16935_G|A,17039_A|G,17410_C|T,18163_A|G,19955_C|T,20055_A|G,21618_C|T,21987_G|A,22200_T|G,22578_G|A,22599_G|C,22674_C|T,22679_T|C,22686_C|T,22688_A|G,22775_G|A,22786_A|C,22813_G|T,22858_C|T,22882_T|G,22893_A|C,22917_T|G,22942_T|A,22992_G|A,22995_C|A,23013_A|C,23018_T|G,23055_A|G,23063_A|T,23075_T|C,23086_C|T,23403_A|G,23525_C|T,23599_T|G,23604_C|A,23854_C|A,23948_G|T,24424_A|T,24469_T|A,25000_C|T,25584_C|T,26060_C|T,26270_C|T,26428_G|T,26577_C|G,26709_G|A,27807_C|T,27889_C|T,28271_A|T,28311_C|T,28312_C|T,28681_G|T,28770_C|T,28881_G|A,28882_G|A,28883_G|C,29510_A|C,11288_11296,21633_21641,21765_21770,21992_21994,28362_28370
Denmark/DCGC-620185/2022	XBZ	241_C|T,670_T|G,1627_C|T,2790_C|T,2954_T|C,3037_C|T,4184_G|A,4321_C|T,6040_C|T,9344_C|T,9424_A|G,9534_C|T,10029_C|T,10198_C|T,10447_G|A,10449_C|A,11750_C|T,12160_G|A,12880_C|T,13714_G|A,14257_T|C,14408_C|T,15714_C|T,16935_G|A,17039_A|G,17410_C|T,18163_A|G,19955_C|T,20055_A|G,21618_C|T,21987_G|A,22200_T|G,22578_G|A,22599_G|C,22674_C|T,22679_T|C,22686_C|T,22688_A|G,22775_G|A,22786_A|C,22813_G|T,22858_C|T,22882_T|G,22893_A|C,22917_T|G,22942_T|A,22992_G|A,22995_C|A,23013_A|C,23018_T|G,23055_A|G,23063_A|T,23075_T|C,23086_C|T,23403_A|G,23525_C|T,23599_T|G,23604_C|A,23854_C|A,23948_G|T,24424_A|T,24469_T|A,25000_C|T,25584_C|T,26060_C|T,26270_C|T,26428_G|T,26577_C|G,26709_G|A,27807_C|T,27889_C|T,28271_A|T,28311_C|T,28312_C|T,28681_G|T,28770_C|T,28881_G|A,28882_G|A,28883_G|C,29510_A|C,11288_11296,21633_21641,21765_21770,21992_21994,28362_28370
Denmark/DCGC-620719/2022	XBZ	241_C|T,670_T|G,1627_C|T,2790_C|T,2954_T|C,3037_C|T,4184_G|A,4321_C|T,6040_C|T,9344_C|T,9424_A|G,9534_C|T,10029_C|T,10198_C|T,10447_G|A,10449_C|A,11750_C|T,12160_G|A,12880_C|T,14257_T|C,14408_C|T,15714_C|T,16935_G|A,17039_A|G,17410_C|T,18163_A|G,19955_C|T,20055_A|G,21618_C|T,21987_G|A,22200_T|G,22578_G|A,22599_G|C,22674_C|T,22679_T|C,22686_C|T,22688_A|G,22775_G|A,22786_A|C,22813_G|T,22858_C|T,22882_T|G,22893_A|C,22917_T|G,22942_T|A,22992_G|A,22995_C|A,23013_A|C,23018_T|G,23055_A|G,23063_A|T,23075_T|C,23086_C|T,23403_A|G,23525_C|T,23599_T|G,23604_C|A,23854_C|A,23948_G|T,24424_A|T,24469_T|A,25000_C|T,25584_C|T,26060_C|T,26270_C|T,26428_G|T,26577_C|G,26709_G|A,27807_C|T,27889_C|T,28271_A|T,28311_C|T,28312_C|T,28681_G|T,28770_C|T,28881_G|A,28882_G|A,28883_G|C,29510_A|C,11288_11296,21633_21641,21765_21770,21992_21994,28362_28370
Denmark/DCGC-621370/2022	XBZ	241_C|T,670_T|G,1627_C|T,2790_C|T,2954_T|C,3037_C|T,4184_G|A,4321_C|T,4668_C|T,6040_C|T,9344_C|T,9424_A|G,9534_C|T,10029_C|T,10198_C|T,10447_G|A,10449_C|A,11750_C|T,12160_G|A,12880_C|T,13714_G|A,14257_T|C,14408_C|T,15714_C|T,16935_G|A,17039_A|G,17410_C|T,18163_A|G,19955_C|T,20055_A|G,21618_C|T,21633_T|C,21770_G|A,21987_G|A,22200_T|G,22578_G|A,22599_G|C,22674_C|T,22679_T|C,22686_C|T,22688_A|G,22775_G|A,22786_A|C,22813_G|T,22858_C|T,22882_T|G,22893_A|C,22917_T|G,22942_T|A,22992_G|A,22995_C|A,23013_A|C,23018_T|G,23055_A|G,23063_A|T,23075_T|C,23086_C|T,23403_A|G,23525_C|T,23599_T|G,23604_C|A,23854_C|A,23948_G|T,24424_A|T,24469_T|A,25000_C|T,25584_C|T,26060_C|T,26270_C|T,26428_G|T,26577_C|G,26709_G|A,27807_C|T,27889_C|T,28271_A|T,28311_C|T,28312_C|T,28681_G|T,28881_G|A,28882_G|A,28883_G|C,29510_A|C,11288_11296,21992_21994,28362_28370
Denmark/DCGC-621723/2022	XBZ	241_C|T,670_T|G,1627_C|T,2790_C|T,2954_T|C,3037_C|T,4184_G|A,4321_C|T,6040_C|T,9344_C|T,9424_A|G,9534_C|T,10029_C|T,10198_C|T,10447_G|A,10449_C|A,11750_C|T,12160_G|A,12880_C|T,13714_G|A,14257_T|C,14408_C|T,15714_C|T,16935_G|A,17039_A|G,17410_C|T,18163_A|G,19955_C|T,20055_A|G,21618_C|T,21987_G|A,22200_T|G,22578_G|A,22599_G|C,22674_C|T,22679_T|C,22686_C|T,22688_A|G,22775_G|A,22786_A|C,22813_G|T,22858_C|T,22882_T|G,22893_A|C,22917_T|G,22942_T|A,22992_G|A,22995_C|A,23013_A|C,23018_T|G,23055_A|G,23063_A|T,23075_T|C,23086_C|T,23403_A|G,23525_C|T,23599_T|G,23604_C|A,23854_C|A,23948_G|T,24424_A|T,24469_T|A,25000_C|T,25584_C|T,26060_C|T,26270_C|T,26428_G|T,26577_C|G,26709_G|A,27807_C|T,27889_C|T,28271_A|C,28311_C|T,28312_C|T,28681_G|T,28881_G|A,28882_G|A,28883_G|C,29510_A|C,11288_11296,21633_21641,21765_21770,21992_21994,28362_28370
Denmark/DCGC-621869/2022	XBZ	241_C|T,670_T|G,1627_C|T,2790_C|T,2954_T|C,3037_C|T,4184_G|A,4321_C|T,6040_C|T,9344_C|T,9424_A|G,9534_C|T,10029_C|T,10198_C|T,10447_G|A,10449_C|A,11750_C|T,12160_G|A,12880_C|T,13714_G|A,14257_T|C,14408_C|T,15714_C|T,16935_G|A,17039_A|G,17410_C|T,18163_A|G,19955_C|T,20055_A|G,21618_C|T,21987_G|A,22200_T|G,22578_G|A,22599_G|C,22674_C|T,22679_T|C,22686_C|T,22688_A|G,22775_G|A,22786_A|C,22813_G|T,22858_C|T,22882_T|G,22893_A|C,22917_T|G,22942_T|A,22992_G|A,22995_C|A,23013_A|C,23018_T|G,23055_A|G,23063_A|T,23075_T|C,23086_C|T,23403_A|G,23525_C|T,23599_T|G,23604_C|A,23854_C|A,23948_G|T,24424_A|T,24469_T|A,25000_C|T,25584_C|T,26060_C|T,26270_C|T,26428_G|T,26577_C|G,26709_G|A,27807_C|T,27889_C|T,28271_A|T,28311_C|T,28312_C|T,28681_G|T,28881_G|A,28882_G|A,28883_G|C,29510_A|C,11288_11296,21633_21641,21765_21770,21992_21994,28362_28370
Denmark/DCGC-622644/2022	XBZ	241_C|T,670_T|G,1627_C|T,2790_C|T,2954_T|C,3037_C|T,4184_G|A,4321_C|T,6040_C|T,9344_C|T,9424_A|G,9534_C|T,10029_C|T,10198_C|T,10447_G|A,10449_C|A,11750_C|T,12160_G|A,12880_C|T,13714_G|A,14257_T|C,14408_C|T,15714_C|T,16935_G|A,17039_A|G,17410_C|T,18163_A|G,19955_C|T,20055_A|G,21618_C|T,21987_G|A,22200_T|G,22578_G|A,22599_G|C,22674_C|T,22679_T|C,22686_C|T,22688_A|G,22775_G|A,22786_A|C,22813_G|T,22858_C|T,22882_T|G,22893_A|C,22917_T|G,22942_T|A,22992_G|A,22995_C|A,23013_A|C,23018_T|G,23055_A|G,23063_A|T,23075_T|C,23086_C|T,23403_A|G,23525_C|T,23599_T|G,23604_C|A,23854_C|A,23948_G|T,24424_A|T,24469_T|A,25000_C|T,25584_C|T,26060_C|T,26270_C|T,26428_G|T,26529_G|A,26577_C|G,26709_G|A,27807_C|T,27889_C|T,28271_A|T,28311_C|T,28312_C|T,28681_G|T,28770_C|T,28881_G|A,28882_G|A,28883_G|C,29510_A|C,11288_11296,21633_21641,21765_21770,21992_21994,28362_28370
Denmark/DCGC-623768/2022	XBZ	241_C|T,670_T|G,1627_C|T,2790_C|T,2954_T|C,3037_C|T,4184_G|A,4321_C|T,6040_C|T,9344_C|T,9424_A|G,9534_C|T,10029_C|T,10198_C|T,10447_G|A,10449_C|A,11750_C|T,12160_G|A,12880_C|T,13714_G|A,14257_T|C,14408_C|T,15714_C|T,16935_G|A,17039_A|G,17410_C|T,18163_A|G,19955_C|T,20055_A|G,21618_C|T,21987_G|A,22200_T|G,22578_G|A,22599_G|C,22674_C|T,22679_T|C,22686_C|T,22688_A|G,22775_G|A,22786_A|C,22813_G|T,22858_C|T,22882_T|G,22893_A|C,22917_T|G,22942_T|A,22992_G|A,22995_C|A,23013_A|C,23018_T|G,23055_A|G,23063_A|T,23075_T|C,23086_C|T,23403_A|G,23525_C|T,23599_T|G,23604_C|A,23854_C|A,23948_G|T,24424_A|T,24469_T|A,25000_C|T,25584_C|T,26060_C|T,26270_C|T,26428_G|T,26577_C|G,26709_G|A,27807_C|T,27889_C|T,28271_A|T,28311_C|T,28312_C|T,28681_G|T,28881_G|A,28882_G|A,28883_G|C,29510_A|C,11288_11296,21633_21641,21765_21770,21992_21994,28362_28370
Denmark/DCGC-627096/2022	XBZ	241_C|T,670_T|G,1627_C|T,2790_C|T,2954_T|C,3037_C|T,4184_G|A,4321_C|T,6040_C|T,9344_C|T,9424_A|G,9534_C|T,10029_C|T,10198_C|T,10447_G|A,10449_C|A,11750_C|T,12160_G|A,12880_C|T,14257_T|C,14408_C|T,15714_C|T,16935_G|A,17039_A|G,17410_C|T,18163_A|G,19955_C|T,20055_A|G,21618_C|T,21987_G|A,22200_T|G,22578_G|A,22599_G|C,22674_C|T,22679_T|C,22686_C|T,22688_A|G,22775_G|A,22786_A|C,22813_G|T,22858_C|T,22882_T|G,22893_A|C,22917_T|G,22942_T|A,22992_G|A,22995_C|A,23013_A|C,23018_T|G,23055_A|G,23063_A|T,23075_T|C,23086_C|T,23403_A|G,23525_C|T,23599_T|G,23604_C|A,23854_C|A,23948_G|T,24424_A|T,24469_T|A,25000_C|T,25584_C|T,26060_C|T,26270_C|T,26428_G|T,26529_G|A,26577_C|G,26709_G|A,27807_C|T,27889_C|T,28271_A|T,28311_C|T,28312_C|T,28681_G|T,28770_C|T,28881_G|A,28882_G|A,28883_G|C,29510_A|C,11288_11296,21633_21641,21765_21770,21992_21994,28362_28370
Denmark/DCGC-627181/2022	XBZ	241_C|T,670_T|G,1627_C|T,2790_C|T,2954_T|C,3037_C|T,4184_G|A,4321_C|T,6040_C|T,6428_C|T,9344_C|T,9424_A|G,9534_C|T,10029_C|T,10198_C|T,10447_G|A,10449_C|A,11750_C|T,12160_G|A,12880_C|T,13714_G|A,14257_T|C,14408_C|T,15714_C|T,16935_G|A,17039_A|G,17410_C|T,18163_A|G,19955_C|T,20055_A|G,21618_C|T,21987_G|A,22200_T|G,22578_G|A,22599_G|C,22674_C|T,22679_T|C,22686_C|T,22688_A|G,22775_G|A,22786_A|C,22813_G|T,22858_C|T,22882_T|G,22893_A|C,22917_T|G,22942_T|A,22992_G|A,22995_C|A,23013_A|C,23018_T|G,23055_A|G,23063_A|T,23075_T|C,23086_C|T,23403_A|G,23525_C|T,23599_T|G,23604_C|A,23854_C|A,23948_G|T,24424_A|T,24469_T|A,25000_C|T,25584_C|T,26060_C|T,26270_C|T,26428_G|T,26529_G|A,26577_C|G,26709_G|A,27686_C|T,27807_C|T,27889_C|T,28271_A|T,28311_C|T,28312_C|T,28681_G|T,28881_G|A,28882_G|A,28883_G|C,29510_A|C,11288_11296,21633_21641,21765_21770,21992_21994,28362_28370
Denmark/DCGC-627344/2022	XBZ	241_C|T,670_T|G,1180_A|T,1627_C|T,2790_C|T,2954_T|C,3037_C|T,4184_G|A,4321_C|T,6040_C|T,9344_C|T,9424_A|G,9534_C|T,10029_C|T,10198_C|T,10447_G|A,10449_C|A,11750_C|T,12160_G|A,12880_C|T,13714_G|A,14257_T|C,14408_C|T,15714_C|T,16935_G|A,17039_A|G,17410_C|T,18163_A|G,19955_C|T,20055_A|G,21618_C|T,21987_G|A,22200_T|G,22578_G|A,22599_G|C,22674_C|T,22679_T|C,22686_C|T,22688_A|G,22775_G|A,22786_A|C,22813_G|T,22858_C|T,22882_T|G,22893_A|C,22917_T|G,22942_T|A,22992_G|A,22995_C|A,23013_A|C,23018_T|G,23055_A|G,23063_A|T,23075_T|C,23086_C|T,23403_A|G,23525_C|T,23599_T|G,23604_C|A,23854_C|A,23948_G|T,24424_A|T,24469_T|A,25000_C|T,25584_C|T,26060_C|T,26270_C|T,26428_G|T,26529_G|A,26577_C|G,26709_G|A,27807_C|T,27889_C|T,28271_A|T,28311_C|T,28312_C|T,28681_G|T,28881_G|A,28882_G|A,28883_G|C,29510_A|C,11288_11296,21633_21641,21765_21770,21992_21994,28362_28370
Denmark/DCGC-627376/2022	XBZ	241_C|T,670_T|G,1627_C|T,2790_C|T,2954_T|C,3037_C|T,4184_G|A,4321_C|T,6040_C|T,9344_C|T,9424_A|G,9534_C|T,10029_C|T,10198_C|T,10447_G|A,10449_C|A,11750_C|T,12160_G|A,12880_C|T,14257_T|C,14408_C|T,15714_C|T,16935_G|A,17039_A|G,17410_C|T,18163_A|G,19955_C|T,20055_A|G,21618_C|T,21825_A|G,21987_G|A,22200_T|G,22578_G|A,22599_G|C,22674_C|T,22679_T|C,22686_C|T,22688_A|G,22775_G|A,22786_A|C,22813_G|T,22858_C|T,22882_T|G,22893_A|C,22917_T|G,22942_T|A,22992_G|A,22995_C|A,23013_A|C,23018_T|G,23055_A|G,23063_A|T,23075_T|C,23086_C|T,23403_A|G,23525_C|T,23599_T|G,23604_C|A,23854_C|A,23948_G|T,24424_A|T,24469_T|A,25000_C|T,25584_C|T,26060_C|T,26270_C|T,26428_G|T,26577_C|G,26709_G|A,27807_C|T,27889_C|T,28271_A|T,28311_C|T,28312_C|T,28681_G|T,28881_G|A,28882_G|A,28883_G|C,29510_A|C,11288_11296,21633_21641,21765_21770,21992_21994,28362_28370
Denmark/DCGC-627598/2022	XBZ	241_C|T,670_T|G,1627_C|T,2790_C|T,2954_T|C,3037_C|T,4184_G|A,4321_C|T,6040_C|T,9344_C|T,9424_A|G,9534_C|T,10029_C|T,10198_C|T,10447_G|A,10449_C|A,11750_C|T,12160_G|A,12880_C|T,14257_T|C,14408_C|T,15294_T|C,15714_C|T,16935_G|A,17039_A|G,17410_C|T,18163_A|G,19955_C|T,20055_A|G,21618_C|T,21987_G|A,22200_T|G,22578_G|A,22599_G|C,22674_C|T,22679_T|C,22686_C|T,22688_A|G,22775_G|A,22786_A|C,22813_G|T,22858_C|T,22882_T|G,22893_A|C,22917_T|G,22942_T|A,22992_G|A,22995_C|A,23013_A|C,23018_T|G,23055_A|G,23063_A|T,23075_T|C,23086_C|T,23403_A|G,23525_C|T,23599_T|G,23604_C|A,23854_C|A,23948_G|T,24424_A|T,24469_T|A,25000_C|T,25584_C|T,26060_C|T,26270_C|T,26428_G|T,26577_C|G,26709_G|A,27807_C|T,27889_C|T,28271_A|T,28311_C|T,28312_C|T,28681_G|T,28881_G|A,28882_G|A,28883_G|C,29510_A|C,11288_11296,21633_21641,21765_21770,21992_21994,28362_28370
Denmark/DCGC-628059/2022	XBZ	241_C|T,670_T|G,1180_A|T,1627_C|T,2790_C|T,2954_T|C,3037_C|T,4184_G|A,4321_C|T,6040_C|T,9344_C|T,9424_A|G,9534_C|T,10029_C|T,10198_C|T,10447_G|A,10449_C|A,11750_C|T,12160_G|A,12880_C|T,13714_G|A,14257_T|C,14408_C|T,15714_C|T,16935_G|A,17039_A|G,17193_G|A,17410_C|T,18163_A|G,19955_C|T,20055_A|G,21618_C|T,21987_G|A,22200_T|G,22578_G|A,22599_G|C,22674_C|T,22679_T|C,22686_C|T,22688_A|G,22775_G|A,22786_A|C,22813_G|T,22858_C|T,22882_T|G,22893_A|C,22917_T|G,22942_T|A,22992_G|A,22995_C|A,23013_A|C,23018_T|G,23055_A|G,23063_A|T,23075_T|C,23086_C|T,23403_A|G,23525_C|T,23599_T|G,23604_C|A,23854_C|A,23873_G|T,23948_G|T,24424_A|T,24469_T|A,25000_C|T,25584_C|T,26060_C|T,26270_C|T,26428_G|T,26529_G|A,26577_C|G,26709_G|A,27807_C|T,27889_C|T,28271_A|T,28311_C|T,28312_C|T,28681_G|T,28770_C|T,28881_G|A,28882_G|A,28883_G|C,29510_A|C,11288_11296,21633_21641,21765_21770,21992_21994,28362_28370
Denmark/DCGC-628120/2022	XBZ	241_C|T,670_T|G,1627_C|T,2790_C|T,2954_T|C,3037_C|T,3253_C|T,4184_G|A,4321_C|T,6040_C|T,9344_C|T,9424_A|G,9534_C|T,10029_C|T,10198_C|T,10447_G|A,10449_C|A,11750_C|T,12160_G|A,12880_C|T,13714_G|A,14257_T|C,14408_C|T,15714_C|T,16935_G|A,17039_A|G,17410_C|T,18163_A|G,19955_C|T,20055_A|G,21618_C|T,21987_G|A,22200_T|G,22578_G|A,22599_G|C,22674_C|T,22679_T|C,22686_C|T,22688_A|G,22775_G|A,22786_A|C,22813_G|T,22858_C|T,22882_T|G,22893_A|C,22917_T|G,22942_T|A,22992_G|A,22995_C|A,23013_A|C,23018_T|G,23055_A|G,23063_A|T,23075_T|C,23086_C|T,23403_A|G,23525_C|T,23599_T|G,23604_C|A,23854_C|A,23948_G|T,24424_A|T,24469_T|A,25000_C|T,25584_C|T,25966_A|G,26060_C|T,26270_C|T,26428_G|T,26577_C|G,26709_G|A,27807_C|T,27889_C|T,28271_A|T,28311_C|T,28312_C|T,28417_T|C,28681_G|T,28770_C|T,28881_G|A,28882_G|A,28883_G|C,29510_A|C,11288_11296,21633_21641,21765_21770,21992_21994,28362_28370
Denmark/DCGC-628797/2022	XBZ	241_C|T,670_T|G,1180_A|T,1627_C|T,2790_C|T,2954_T|C,3037_C|T,3700_T|C,4184_G|A,4321_C|T,6040_C|T,9344_C|T,9424_A|G,9534_C|T,10029_C|T,10198_C|T,10447_G|A,10449_C|A,11750_C|T,12160_G|A,12880_C|T,13714_G|A,14257_T|C,14408_C|T,15714_C|T,16935_G|A,17039_A|G,17410_C|T,18163_A|G,19955_C|T,20055_A|G,21618_C|T,21987_G|A,22200_T|G,22578_G|A,22599_G|C,22674_C|T,22679_T|C,22686_C|T,22688_A|G,22775_G|A,22786_A|C,22813_G|T,22858_C|T,22882_T|G,22893_A|C,22917_T|G,22942_T|A,22992_G|A,22995_C|A,23013_A|C,23018_T|G,23055_A|G,23063_A|T,23075_T|C,23086_C|T,23403_A|G,23525_C|T,23599_T|G,23604_C|A,23854_C|A,23948_G|T,24424_A|T,24469_T|A,25000_C|T,25584_C|T,26060_C|T,26270_C|T,26428_G|T,26529_G|A,26577_C|G,26709_G|A,27807_C|T,27889_C|T,28271_A|T,28311_C|T,28312_C|T,28681_G|T,28881_G|A,28882_G|A,28883_G|C,29510_A|C,11288_11296,21633_21641,21765_21770,21992_21994,28362_28370
Denmark/DCGC-628925/2022	XBZ	241_C|T,670_T|G,1627_C|T,2790_C|T,2954_T|C,3037_C|T,4184_G|A,4321_C|T,6040_C|T,9344_C|T,9424_A|G,9534_C|T,10029_C|T,10198_C|T,10447_G|A,10449_C|A,11750_C|T,12160_G|A,12880_C|T,14257_T|C,14408_C|T,15714_C|T,16935_G|A,17039_A|G,17410_C|T,18163_A|G,19955_C|T,20055_A|G,21618_C|T,21987_G|A,22200_T|G,22381_G|A,22578_G|A,22599_G|C,22674_C|T,22679_T|C,22686_C|T,22688_A|G,22775_G|A,22786_A|C,22813_G|T,22858_C|T,22882_T|G,22893_A|C,22917_T|G,22942_T|A,22992_G|A,22995_C|A,23013_A|C,23018_T|G,23055_A|G,23063_A|T,23075_T|C,23086_C|T,23403_A|G,23525_C|T,23599_T|G,23604_C|A,23854_C|A,23948_G|T,24424_A|T,24469_T|A,25000_C|T,25584_C|T,26060_C|T,26270_C|T,26428_G|T,26577_C|G,26709_G|A,27807_C|T,27889_C|T,28271_A|T,28311_C|T,28312_C|T,28681_G|T,28881_G|A,28882_G|A,28883_G|C,29510_A|C,11288_11296,21633_21641,21765_21770,21992_21994,28362_28370
Denmark/DCGC-629075/2022	XBZ	241_C|T,670_T|G,1627_C|T,2790_C|T,2954_T|C,3037_C|T,4184_G|A,4321_C|T,6040_C|T,9344_C|T,9424_A|G,9534_C|T,10029_C|T,10198_C|T,10447_G|A,10449_C|A,11750_C|T,12160_G|A,12880_C|T,14257_T|C,14408_C|T,15714_C|T,16935_G|A,17039_A|G,17410_C|T,18163_A|G,19955_C|T,20055_A|G,21618_C|T,21825_A|G,21987_G|A,22200_T|G,22578_G|A,22599_G|C,22674_C|T,22679_T|C,22686_C|T,22688_A|G,22775_G|A,22786_A|C,22813_G|T,22858_C|T,22882_T|G,22893_A|C,22917_T|G,22942_T|A,22992_G|A,22995_C|A,23013_A|C,23018_T|G,23055_A|G,23063_A|T,23075_T|C,23086_C|T,23403_A|G,23525_C|T,23599_T|G,23604_C|A,23854_C|A,23948_G|T,24424_A|T,24469_T|A,25000_C|T,25584_C|T,26060_C|T,26270_C|T,26428_G|T,26529_G|A,26577_C|G,26709_G|A,27807_C|T,27889_C|T,28271_A|T,28311_C|T,28312_C|T,28681_G|T,28770_C|T,28881_G|A,28882_G|A,28883_G|C,29510_A|C,11288_11296,21633_21641,21765_21770,21992_21994,28362_28370
Denmark/DCGC-629737/2022	XBZ	241_C|T,670_T|G,1627_C|T,2790_C|T,2954_T|C,3037_C|T,4184_G|A,4321_C|T,6040_C|T,9344_C|T,9424_A|G,9534_C|T,10029_C|T,10198_C|T,10447_G|A,10449_C|A,11750_C|T,12160_G|A,12880_C|T,13714_G|A,14257_T|C,14408_C|T,15714_C|T,16935_G|A,17039_A|G,17410_C|T,18163_A|G,19955_C|T,20055_A|G,21618_C|T,21987_G|A,22200_T|G,22578_G|A,22599_G|C,22674_C|T,22679_T|C,22686_C|T,22688_A|G,22775_G|A,22786_A|C,22813_G|T,22858_C|T,22882_T|G,22893_A|C,22917_T|G,22942_T|A,22992_G|A,22995_C|A,23013_A|C,23018_T|G,23055_A|G,23063_A|T,23075_T|C,23086_C|T,23403_A|G,23525_C|T,23599_T|G,23604_C|A,23854_C|A,23948_G|T,24424_A|T,24469_T|A,25000_C|T,25584_C|T,26060_C|T,26270_C|T,26428_G|T,26529_G|A,26577_C|G,26709_G|A,27807_C|T,27889_C|T,28271_A|T,28311_C|T,28312_C|T,28681_G|T,28770_C|T,28881_G|A,28882_G|A,28883_G|C,29510_A|C,11288_11296,21633_21641,21765_21770,21992_21994,28362_28370
Denmark/DCGC-630189/2022	XBZ	241_C|T,670_T|G,1180_A|T,1627_C|T,2790_C|T,2954_T|C,3037_C|T,4184_G|A,4321_C|T,6040_C|T,9344_C|T,9424_A|G,9534_C|T,10029_C|T,10198_C|T,10447_G|A,10449_C|A,11750_C|T,12160_G|A,12880_C|T,13714_G|A,14257_T|C,14408_C|T,15714_C|T,16935_G|A,17039_A|G,17193_G|A,17410_C|T,18163_A|G,19955_C|T,20055_A|G,21618_C|T,21987_G|A,22200_T|G,22578_G|A,22599_G|C,22674_C|T,22679_T|C,22686_C|T,22688_A|G,22775_G|A,22786_A|C,22813_G|T,22858_C|T,22882_T|G,22893_A|C,22917_T|G,22942_T|A,22992_G|A,22995_C|A,23013_A|C,23018_T|G,23055_A|G,23063_A|T,23075_T|C,23086_C|T,23403_A|G,23525_C|T,23599_T|G,23604_C|A,23854_C|A,23873_G|T,23948_G|T,24424_A|T,24469_T|A,25000_C|T,25584_C|T,26060_C|T,26270_C|T,26428_G|T,26529_G|A,26577_C|G,26709_G|A,27807_C|T,27889_C|T,28271_A|T,28311_C|T,28312_C|T,28681_G|T,28881_G|A,28882_G|A,28883_G|C,29510_A|C,11288_11296,21633_21641,21765_21770,21992_21994,28362_28370
Denmark/DCGC-630262/2022	XBZ	241_C|T,670_T|G,1627_C|T,2790_C|T,2954_T|C,3037_C|T,4184_G|A,4321_C|T,6040_C|T,9344_C|T,9424_A|G,9534_C|T,10029_C|T,10198_C|T,10447_G|A,10449_C|A,11750_C|T,12160_G|A,12880_C|T,14257_T|C,14408_C|T,15714_C|T,16935_G|A,17039_A|G,17410_C|T,18163_A|G,19955_C|T,20055_A|G,21618_C|T,21987_G|A,22200_T|G,22578_G|A,22599_G|C,22674_C|T,22679_T|C,22686_C|T,22688_A|G,22775_G|A,22786_A|C,22813_G|T,22858_C|T,22882_T|G,22893_A|C,22917_T|G,22942_T|A,22992_G|A,22995_C|A,23013_A|C,23018_T|G,23055_A|G,23063_A|T,23075_T|C,23086_C|T,23403_A|G,23525_C|T,23599_T|G,23604_C|A,23854_C|A,23948_G|T,24424_A|T,24469_T|A,25000_C|T,25584_C|T,26060_C|T,26270_C|T,26428_G|T,26529_G|A,26577_C|G,26709_G|A,27807_C|T,27889_C|T,28271_A|T,28311_C|T,28312_C|T,28681_G|T,28770_C|T,28881_G|A,28882_G|A,28883_G|C,29510_A|C,11288_11296,21633_21641,21765_21770,21992_21994,28362_28370
Denmark/DCGC-630442/2022	XBZ	241_C|T,670_T|G,1627_C|T,2790_C|T,2954_T|C,3037_C|T,4184_G|A,4321_C|T,6040_C|T,9344_C|T,9424_A|G,9534_C|T,10029_C|T,10198_C|T,10447_G|A,10449_C|A,11750_C|T,12160_G|A,12880_C|T,13714_G|A,14257_T|C,14408_C|T,15714_C|T,16935_G|A,17039_A|G,17410_C|T,18163_A|G,19955_C|T,20055_A|G,21618_C|T,21987_G|A,22200_T|G,22578_G|A,22599_G|C,22674_C|T,22679_T|C,22686_C|T,22688_A|G,22775_G|A,22786_A|C,22813_G|T,22858_C|T,22882_T|G,22893_A|C,22917_T|G,22942_T|A,22992_G|A,22995_C|A,23013_A|C,23018_T|G,23055_A|G,23063_A|T,23075_T|C,23086_C|T,23403_A|G,23525_C|T,23599_T|G,23604_C|A,23854_C|A,23948_G|T,24424_A|T,24469_T|A,25000_C|T,25584_C|T,26060_C|T,26270_C|T,26428_G|T,26577_C|G,26709_G|A,27807_C|T,27889_C|T,28271_A|T,28311_C|T,28312_C|T,28681_G|T,28881_G|A,28882_G|A,28883_G|C,29510_A|C,11288_11296,21633_21641,21765_21770,21992_21994,28362_28370
Denmark/DCGC-630951/2022	XBZ	241_C|T,670_T|G,2790_C|T,2954_T|C,3037_C|T,4184_G|A,4321_C|T,5834_T|A,6040_C|T,9344_C|T,9424_A|G,9534_C|T,10029_C|T,10198_C|T,10447_G|A,10449_C|A,11750_C|T,12160_G|A,12880_C|T,14257_T|C,14408_C|T,15714_C|T,16935_G|A,17039_A|G,17410_C|T,18163_A|G,19955_C|T,20055_A|G,21618_C|T,21987_G|A,22200_T|G,22578_G|A,22599_G|C,22674_C|T,22679_T|C,22686_C|T,22688_A|G,22775_G|A,22786_A|C,22813_G|T,22858_C|T,22882_T|G,22893_A|C,22917_T|G,22942_T|A,22992_G|A,22995_C|A,23013_A|C,23018_T|G,23055_A|G,23063_A|T,23075_T|C,23086_C|T,23403_A|G,23525_C|T,23599_T|G,23604_C|A,23854_C|A,23948_G|T,24424_A|T,24469_T|A,25000_C|T,25584_C|T,26060_C|T,26270_C|T,26428_G|T,26529_G|A,26577_C|G,26709_G|A,27807_C|T,27889_C|T,28271_A|T,28311_C|T,28312_C|T,28681_G|T,28881_G|A,28882_G|A,28883_G|C,29510_A|C,11288_11296,21633_21641,21765_21770,21992_21994,28362_28370
Denmark/DCGC-632325/2022	XBZ	670_T|G,1180_A|T,1627_C|T,2790_C|T,2954_T|C,3037_C|T,4184_G|A,4321_C|T,6040_C|T,9344_C|T,9424_A|G,9534_C|T,10029_C|T,10198_C|T,10447_G|A,10449_C|A,11750_C|T,12160_G|A,12880_C|T,13714_G|A,14257_T|C,14408_C|T,15714_C|T,16935_G|A,17039_A|G,17193_G|A,17410_C|T,18163_A|G,19955_C|T,20055_A|G,21618_C|T,21987_G|A,22200_T|G,22578_G|A,22599_G|C,22674_C|T,22679_T|C,22686_C|T,22688_A|G,22775_G|A,22786_A|C,22813_G|T,22858_C|T,22882_T|G,22893_A|C,22917_T|G,22942_T|A,22992_G|A,22995_C|A,23013_A|C,23018_T|G,23055_A|G,23063_A|T,23075_T|C,23086_C|T,23403_A|G,23525_C|T,23599_T|G,23604_C|A,23854_C|A,23873_G|T,23948_G|T,24424_A|T,24469_T|A,25000_C|T,25584_C|T,26060_C|T,26270_C|T,26428_G|T,26529_G|A,26577_C|G,26709_G|A,27807_C|T,27889_C|T,28271_A|T,28311_C|T,28312_C|T,28681_G|T,28881_G|A,28882_G|A,28883_G|C,29510_A|C,11288_11296,21633_21641,21765_21770,21992_21994,28362_28370
Denmark/DCGC-632921/2022	XBZ	241_C|T,670_T|G,1627_C|T,2790_C|T,2954_T|C,3037_C|T,4184_G|A,4321_C|T,6040_C|T,9344_C|T,9424_A|G,9534_C|T,10029_C|T,10198_C|T,10447_G|A,10449_C|A,11750_C|T,12160_G|A,12880_C|T,13714_G|A,14257_T|C,14408_C|T,15714_C|T,16935_G|A,17039_A|G,17410_C|T,18163_A|G,19955_C|T,20055_A|G,21618_C|T,21987_G|A,22200_T|G,22578_G|A,22599_G|C,22674_C|T,22679_T|C,22686_C|T,22688_A|G,22775_G|A,22786_A|C,22813_G|T,22858_C|T,22882_T|G,22893_A|C,22917_T|G,22942_T|A,22992_G|A,22995_C|A,23013_A|C,23018_T|G,23055_A|G,23063_A|T,23075_T|C,23086_C|T,23403_A|G,23525_C|T,23599_T|G,23604_C|A,23854_C|A,23948_G|T,24424_A|T,24469_T|A,25000_C|T,25584_C|T,26060_C|T,26270_C|T,26428_G|T,26577_C|G,26709_G|A,27807_C|T,27889_C|T,28271_A|T,28311_C|T,28312_C|T,28681_G|T,28881_G|A,28882_G|A,28883_G|C,29044_G|A,29510_A|C,11288_11296,21633_21641,21765_21770,21992_21994,28362_28370
Denmark/DCGC-633814/2022	XBZ	241_C|T,670_T|G,1627_C|T,2790_C|T,2954_T|C,3037_C|T,4184_G|A,4321_C|T,6040_C|T,9344_C|T,9424_A|G,9534_C|T,10029_C|T,10198_C|T,10447_G|A,10449_C|A,11750_C|T,12160_G|A,12880_C|T,14257_T|C,14408_C|T,15714_C|T,16935_G|A,17039_A|G,17410_C|T,18163_A|G,19155_A|G,19955_C|T,20055_A|G,21618_C|T,21987_G|A,22200_T|G,22381_G|A,22578_G|A,22599_G|C,22674_C|T,22679_T|C,22686_C|T,22688_A|G,22775_G|A,22786_A|C,22813_G|T,22858_C|T,22882_T|G,22893_A|C,22917_T|G,22942_T|A,22992_G|A,22995_C|A,23013_A|C,23018_T|G,23055_A|G,23063_A|T,23075_T|C,23086_C|T,23403_A|G,23525_C|T,23599_T|G,23604_C|A,23854_C|A,23948_G|T,24424_A|T,24469_T|A,25000_C|T,25584_C|T,26060_C|T,26270_C|T,26428_G|T,26529_G|A,26577_C|G,26709_G|A,27807_C|T,27889_C|T,28271_A|T,28311_C|T,28312_C|T,28681_G|T,28770_C|T,28881_G|A,28882_G|A,28883_G|C,29109_C|T,29510_A|C,11288_11296,21633_21641,21765_21770,21992_21994,28362_28370
Denmark/DCGC-634129/2023	XBZ	241_C|T,670_T|G,1627_C|T,2790_C|T,2954_T|C,3037_C|T,3253_C|T,4184_G|A,4321_C|T,6040_C|T,9344_C|T,9424_A|G,9534_C|T,10029_C|T,10198_C|T,10447_G|A,10449_C|A,11750_C|T,12160_G|A,12880_C|T,13714_G|A,14257_T|C,14408_C|T,15714_C|T,16935_G|A,17039_A|G,17410_C|T,18163_A|G,19955_C|T,20055_A|G,21618_C|T,21987_G|A,22200_T|G,22578_G|A,22599_G|C,22674_C|T,22679_T|C,22686_C|T,22688_A|G,22775_G|A,22786_A|C,22813_G|T,22858_C|T,22882_T|G,22893_A|C,22917_T|G,22942_T|A,22992_G|A,22995_C|A,23013_A|C,23018_T|G,23055_A|G,23063_A|T,23075_T|C,23086_C|T,23403_A|G,23525_C|T,23599_T|G,23604_C|A,23854_C|A,23948_G|T,24424_A|T,24469_T|A,25000_C|T,25584_C|T,26060_C|T,26270_C|T,26428_G|T,26577_C|G,26709_G|A,27807_C|T,27889_C|T,28271_A|T,28311_C|T,28312_C|T,28681_G|T,28770_C|T,28881_G|A,28882_G|A,28883_G|C,29510_A|C,11288_11296,21633_21641,21765_21770,21992_21994,28362_28370
Denmark/DCGC-634393/2022	XBZ	241_C|T,670_T|G,1627_C|T,2790_C|T,2954_T|C,3037_C|T,4184_G|A,4321_C|T,6040_C|T,6428_C|T,9344_C|T,9424_A|G,9534_C|T,10029_C|T,10198_C|T,10447_G|A,10449_C|A,11750_C|T,12160_G|A,12880_C|T,13714_G|A,14257_T|C,14408_C|T,15714_C|T,16935_G|A,17039_A|G,17410_C|T,18163_A|G,19955_C|T,20055_A|G,21618_C|T,21987_G|A,22200_T|G,22578_G|A,22599_G|C,22674_C|T,22679_T|C,22686_C|T,22688_A|G,22775_G|A,22813_G|T,22858_C|T,22882_T|G,22893_A|C,22917_T|G,22942_T|A,22992_G|A,22995_C|A,23013_A|C,23018_T|G,23055_A|G,23063_A|T,23075_T|C,23086_C|T,23403_A|G,23525_C|T,23599_T|G,23604_C|A,23854_C|A,23948_G|T,24424_A|T,24469_T|A,25000_C|T,25584_C|T,26060_C|T,26270_C|T,26428_G|T,26577_C|G,26709_G|A,27807_C|T,27889_C|T,28271_A|T,28311_C|T,28312_C|T,28681_G|T,28881_G|A,28882_G|A,28883_G|C,29510_A|C,11288_11296,21633_21641,21765_21770,21992_21994,28362_28370
Denmark/DCGC-634904/2023	XBZ	241_C|T,670_T|G,844_T|C,1627_C|T,2790_C|T,2954_T|C,3037_C|T,4184_G|A,4321_C|T,6040_C|T,9344_C|T,9424_A|G,9534_C|T,10029_C|T,10198_C|T,10447_G|A,10449_C|A,11750_C|T,12160_G|A,12880_C|T,14257_T|C,14408_C|T,15714_C|T,16935_G|A,17039_A|G,17410_C|T,18163_A|G,19955_C|T,20055_A|G,21618_C|T,21987_G|A,22200_T|G,22578_G|A,22599_G|C,22674_C|T,22679_T|C,22686_C|T,22688_A|G,22775_G|A,22786_A|C,22813_G|T,22858_C|T,22882_T|G,22893_A|C,22917_T|G,22942_T|A,22992_G|A,22995_C|A,23013_A|C,23018_T|G,23055_A|G,23063_A|T,23075_T|C,23086_C|T,23403_A|G,23525_C|T,23599_T|G,23604_C|A,23854_C|A,23948_G|T,24424_A|T,24469_T|A,25000_C|T,25584_C|T,26060_C|T,26270_C|T,26428_G|T,26577_C|G,26709_G|A,27807_C|T,27889_C|T,28271_A|T,28311_C|T,28312_C|T,28681_G|T,28881_G|A,28882_G|A,28883_G|C,29510_A|C,11288_11296,21633_21641,21765_21770,21992_21994,28362_28370
Denmark/DCGC-635018/2023	XBZ	241_C|T,670_T|G,1627_C|T,2790_C|T,2954_T|C,3037_C|T,4184_G|A,4321_C|T,4756_T|C,6040_C|T,9344_C|T,9424_A|G,9534_C|T,10029_C|T,10198_C|T,10447_G|A,10449_C|A,11750_C|T,12160_G|A,12880_C|T,13714_G|A,14257_T|C,14408_C|T,15714_C|T,16935_G|A,17039_A|G,17410_C|T,18163_A|G,19955_C|T,20055_A|G,21618_C|T,21987_G|A,22200_T|G,22578_G|A,22599_G|C,22674_C|T,22679_T|C,22686_C|T,22688_A|G,22775_G|A,22786_A|C,22813_G|T,22858_C|T,22882_T|G,22893_A|C,22917_T|G,22942_T|A,22992_G|A,22995_C|A,23013_A|C,23018_T|G,23055_A|G,23063_A|T,23075_T|C,23086_C|T,23403_A|G,23525_C|T,23599_T|G,23604_C|A,23854_C|A,23948_G|T,24424_A|T,24469_T|A,25000_C|T,25584_C|T,26060_C|T,26270_C|T,26428_G|T,26577_C|G,26709_G|A,27807_C|T,27889_C|T,28271_A|T,28311_C|T,28312_C|T,28681_G|T,28881_G|A,28882_G|A,28883_G|C,29510_A|C,11288_11296,21633_21641,21765_21770,21992_21994,28362_28370
Denmark/DCGC-636087/2023	XBZ	241_C|T,670_T|G,1198_A|C,1627_C|T,2790_C|T,2954_T|C,2973_C|T,3037_C|T,4184_G|A,4321_C|T,6040_C|T,8884_A|T,9344_C|T,9424_A|G,9534_C|T,10029_C|T,10198_C|T,10447_G|A,10449_C|A,11750_C|T,12160_G|A,12880_C|T,13714_G|A,14257_T|C,14408_C|T,15714_C|T,16935_G|A,17039_A|G,17410_C|T,18163_A|G,19955_C|T,20055_A|G,21618_C|T,21987_G|A,22200_T|G,22578_G|A,22599_G|C,22674_C|T,22679_T|C,22686_C|T,22688_A|G,22775_G|A,22786_A|C,22813_G|T,22858_C|T,22882_T|G,22893_A|C,22917_T|G,22942_T|A,22992_G|A,22995_C|A,23013_A|C,23018_T|G,23055_A|G,23063_A|T,23075_T|C,23086_C|T,23403_A|G,23525_C|T,23599_T|G,23604_C|A,23854_C|A,23948_G|T,24424_A|T,24469_T|A,25000_C|T,25466_C|T,25584_C|T,26060_C|T,26270_C|T,26428_G|T,26577_C|G,26709_G|A,27807_C|T,27889_C|T,28271_A|T,28311_C|T,28312_C|T,28681_G|T,28770_C|T,28881_G|A,28882_G|A,28883_G|C,29510_A|C,11288_11296,21633_21641,21765_21770,21992_21994,28362_28370
Denmark/DCGC-636234/2023	XBZ	241_C|T,670_T|G,1627_C|T,2790_C|T,2954_T|C,3037_C|T,3253_C|T,4184_G|A,4321_C|T,6040_C|T,9344_C|T,9424_A|G,9534_C|T,10029_C|T,10198_C|T,10447_G|A,10449_C|A,11750_C|T,12160_G|A,12880_C|T,13714_G|A,14257_T|C,14408_C|T,15714_C|T,16935_G|A,17039_A|G,17410_C|T,18163_A|G,19955_C|T,20055_A|G,21618_C|T,21770_G|A,21987_G|A,22200_T|G,22578_G|A,22599_G|C,22674_C|T,22679_T|C,22686_C|T,22688_A|G,22775_G|A,22786_A|C,22813_G|T,22858_C|T,22882_T|G,22893_A|C,22917_T|G,22942_T|A,22992_G|A,22995_C|A,23013_A|C,23018_T|G,23055_A|G,23063_A|T,23075_T|C,23086_C|T,23403_A|G,23525_C|T,23599_T|G,23604_C|A,23854_C|A,23948_G|T,24424_A|T,24469_T|A,25000_C|T,25584_C|T,26060_C|T,26270_C|T,26428_G|T,26529_G|A,26577_C|G,26709_G|A,27807_C|T,27889_C|T,28271_A|T,28311_C|T,28312_C|T,28681_G|T,28881_G|A,28882_G|A,28883_G|C,29510_A|C,11288_11296,21633_21641,21992_21994,28362_28370
Denmark/DCGC-636443/2023	XBZ	241_C|T,379_C|T,670_T|G,1627_C|T,2790_C|T,2954_T|C,3037_C|T,4184_G|A,4321_C|T,6040_C|T,9344_C|T,9424_A|G,9534_C|T,10029_C|T,10198_C|T,10447_G|A,10449_C|A,11288_T|A,11291_G|A,11296_T|G,11750_C|T,12160_G|A,12880_C|T,13714_G|A,14257_T|C,14408_C|T,15714_C|T,16935_G|A,17039_A|G,17410_C|T,18163_A|G,19955_C|T,20055_A|G,21618_C|T,21770_G|A,21987_G|A,22200_T|G,22578_G|A,22599_G|C,22674_C|T,22679_T|C,22686_C|T,22688_A|G,22775_G|A,22786_A|C,22813_G|T,22858_C|T,22882_T|G,22893_A|C,22917_T|G,22942_T|A,22992_G|A,22995_C|A,23013_A|C,23018_T|G,23055_A|G,23063_A|T,23075_T|C,23086_C|T,23403_A|G,23525_C|T,23599_T|G,23604_C|A,23854_C|A,23948_G|T,24424_A|T,24469_T|A,25000_C|T,25584_C|T,25626_C|T,26060_C|T,26270_C|T,26428_G|T,26529_G|A,26577_C|G,26709_G|A,27807_C|T,27889_C|T,28271_A|T,28311_C|T,28312_C|T,28681_G|T,28881_G|A,28882_G|A,28883_G|C,29510_A|C,21633_21641,21992_21994,28362_28370
Denmark/DCGC-636463/2023	XBZ	241_C|T,670_T|G,1627_C|T,2790_C|T,2954_T|C,3037_C|T,4184_G|A,4321_C|T,6040_C|T,9344_C|T,9424_A|G,9534_C|T,10029_C|T,10198_C|T,10447_G|A,10449_C|A,11650_C|T,11750_C|T,12160_G|A,12880_C|T,14257_T|C,14408_C|T,15714_C|T,16935_G|A,17039_A|G,17410_C|T,18163_A|G,19955_C|T,20055_A|G,21618_C|T,21825_A|G,21987_G|A,22200_T|G,22578_G|A,22599_G|C,22674_C|T,22679_T|C,22686_C|T,22688_A|G,22775_G|A,22786_A|C,22813_G|T,22858_C|T,22882_T|G,22893_A|C,22917_T|G,22942_T|A,22992_G|A,22995_C|A,23013_A|C,23018_T|G,23055_A|G,23063_A|T,23075_T|C,23086_C|T,23403_A|G,23525_C|T,23599_T|G,23604_C|A,23854_C|A,23948_G|T,24424_A|T,24469_T|A,25000_C|T,25085_T|A,25584_C|T,26060_C|T,26270_C|T,26428_G|T,26529_G|A,26577_C|G,26709_G|A,27807_C|T,27889_C|T,28271_A|T,28311_C|T,28312_C|T,28681_G|T,28881_G|A,28882_G|A,28883_G|C,29510_A|C,11288_11296,21633_21641,21765_21770,21992_21994,28362_28370
Denmark/DCGC-636769/2023	XBZ	241_C|T,670_T|G,1627_C|T,2790_C|T,2954_T|C,3037_C|T,4184_G|A,4321_C|T,4756_T|C,6040_C|T,9344_C|T,9424_A|G,9534_C|T,10029_C|T,10198_C|T,10447_G|A,10449_C|A,11750_C|T,12160_G|A,12880_C|T,13714_G|A,14257_T|C,14408_C|T,15714_C|T,16935_G|A,17039_A|G,17410_C|T,18163_A|G,19636_G|A,19741_G|A,19955_C|T,20055_A|G,21618_C|T,21987_G|A,22200_T|G,22578_G|A,22599_G|C,22674_C|T,22679_T|C,22686_C|T,22688_A|G,22775_G|A,22786_A|C,22813_G|T,22858_C|T,22882_T|G,22893_A|C,22917_T|G,22942_T|A,22992_G|A,22995_C|A,23013_A|C,23018_T|G,23055_A|G,23063_A|T,23075_T|C,23086_C|T,23403_A|G,23525_C|T,23599_T|G,23604_C|A,23854_C|A,23948_G|T,24424_A|T,24469_T|A,25000_C|T,25584_C|T,26060_C|T,26270_C|T,26428_G|T,26577_C|G,26709_G|A,27807_C|T,27889_C|T,28271_A|T,28311_C|T,28312_C|T,28681_G|T,28881_G|A,28882_G|A,28883_G|C,29510_A|C,521_523,11288_11296,21633_21641,21765_21770,21992_21994,28362_28370
Denmark/DCGC-636785/2023	XBZ	241_C|T,670_T|G,1627_C|T,2790_C|T,2954_T|C,3037_C|T,4184_G|A,4321_C|T,6040_C|T,6740_C|T,9344_C|T,9424_A|G,9534_C|T,10029_C|T,10198_C|T,10447_G|A,10449_C|A,11750_C|T,12160_G|A,12880_C|T,14257_T|C,14408_C|T,15714_C|T,16935_G|A,17039_A|G,17410_C|T,18163_A|G,19955_C|T,20055_A|G,21618_C|T,21987_G|A,22200_T|G,22381_G|A,22578_G|A,22599_G|C,22674_C|T,22679_T|C,22686_C|T,22688_A|G,22775_G|A,22786_A|C,22813_G|T,22858_C|T,22882_T|G,22893_A|C,22917_T|G,22942_T|A,22992_G|A,22995_C|A,23013_A|C,23018_T|G,23055_A|G,23063_A|T,23075_T|C,23086_C|T,23403_A|G,23525_C|T,23599_T|G,23604_C|A,23854_C|A,23948_G|T,24424_A|T,24469_T|A,25000_C|T,25584_C|T,26060_C|T,26270_C|T,26428_G|T,26577_C|G,26709_G|A,27216_T|A,27807_C|T,27889_C|T,28271_A|T,28311_C|T,28312_C|T,28681_G|T,28881_G|A,28882_G|A,28883_G|C,29510_A|C,11288_11296,21633_21641,21765_21770,21992_21994,28362_28370
Denmark/DCGC-637075/2023	XBZ	241_C|T,670_T|G,844_T|C,1627_C|T,2790_C|T,2954_T|C,3037_C|T,4184_G|A,4321_C|T,6040_C|T,9344_C|T,9424_A|G,9534_C|T,10029_C|T,10198_C|T,10447_G|A,10449_C|A,11750_C|T,12160_G|A,12880_C|T,14257_T|C,14408_C|T,15714_C|T,16935_G|A,17039_A|G,17410_C|T,18163_A|G,19955_C|T,20055_A|G,21618_C|T,21987_G|A,22200_T|G,22578_G|A,22599_G|C,22674_C|T,22679_T|C,22686_C|T,22688_A|G,22775_G|A,22786_A|C,22813_G|T,22858_C|T,22882_T|G,22893_A|C,22917_T|G,22942_T|A,22992_G|A,22995_C|A,23013_A|C,23018_T|G,23055_A|G,23063_A|T,23075_T|C,23086_C|T,23403_A|G,23525_C|T,23599_T|G,23604_C|A,23854_C|A,23948_G|T,24424_A|T,24469_T|A,25000_C|T,25584_C|T,26060_C|T,26270_C|T,26428_G|T,26577_C|G,26709_G|A,27807_C|T,27889_C|T,28271_A|T,28311_C|T,28312_C|T,28681_G|T,28881_G|A,28882_G|A,28883_G|C,29510_A|C,11288_11296,21633_21641,21765_21770,21992_21994,28362_28370
Denmark/DCGC-637683/2023	XBZ	241_C|T,670_T|G,1627_C|T,2790_C|T,2954_T|C,3037_C|T,4184_G|A,4321_C|T,6040_C|T,6336_C|T,8681_A|G,9344_C|T,9424_A|G,9534_C|T,10029_C|T,10198_C|T,10447_G|A,10449_C|A,11750_C|T,12160_G|A,12174_A|G,12880_C|T,13714_G|A,14119_C|T,14257_T|C,14408_C|T,15714_C|T,16935_G|A,17039_A|G,17410_C|T,18163_A|G,19955_C|T,20055_A|G,21618_C|T,21987_G|A,22200_T|G,22578_G|A,22599_G|C,22674_C|T,22679_T|C,22686_C|T,22688_A|G,22775_G|A,22786_A|C,22813_G|T,22858_C|T,22882_T|G,22893_A|C,22917_T|G,22942_T|A,22992_G|A,22995_C|A,23013_A|C,23018_T|G,23055_A|G,23063_A|T,23075_T|C,23086_C|T,23403_A|G,23525_C|T,23599_T|G,23604_C|A,23854_C|A,23948_G|T,24424_A|T,24469_T|A,25000_C|T,25584_C|T,26060_C|T,26270_C|T,26428_G|T,26577_C|G,26709_G|A,27807_C|T,27889_C|T,28271_A|T,28311_C|T,28312_C|T,28681_G|T,28881_G|A,28882_G|A,28883_G|C,29510_A|C,11288_11296,21633_21641,21765_21770,21992_21994,28362_28370
Denmark/DCGC-637906/2023	XBZ	241_C|T,670_T|G,1627_C|T,2790_C|T,2954_T|C,3037_C|T,4184_G|A,4321_C|T,6040_C|T,6941_C|T,9344_C|T,9424_A|G,9534_C|T,10029_C|T,10198_C|T,10447_G|A,10449_C|A,11750_C|T,12160_G|A,12880_C|T,14257_T|C,14408_C|T,15714_C|T,16935_G|A,17039_A|G,17410_C|T,18163_A|G,19955_C|T,20055_A|G,21618_C|T,21987_G|A,22200_T|G,22578_G|A,22599_G|C,22674_C|T,22679_T|C,22686_C|T,22688_A|G,22775_G|A,22786_A|C,22813_G|T,22858_C|T,22882_T|G,22893_A|C,22917_T|G,22942_T|A,22992_G|A,22995_C|A,23013_A|C,23018_T|G,23055_A|G,23063_A|T,23075_T|C,23086_C|T,23403_A|G,23525_C|T,23599_T|G,23604_C|A,23854_C|A,23948_G|T,24424_A|T,24469_T|A,25000_C|T,25584_C|T,26060_C|T,26270_C|T,26428_G|T,26529_G|A,26577_C|G,26709_G|A,27807_C|T,27889_C|T,28271_A|T,28311_C|T,28312_C|T,28681_G|T,28770_C|T,28881_G|A,28882_G|A,28883_G|C,29510_A|C,11288_11296,21633_21641,21765_21770,21992_21994,28362_28370
Denmark/DCGC-638004/2023	XBZ	241_C|T,670_T|G,1486_A|G,1627_C|T,2790_C|T,2954_T|C,3037_C|T,4184_G|A,4321_C|T,6040_C|T,9344_C|T,9424_A|G,9534_C|T,10029_C|T,10198_C|T,10447_G|A,10449_C|A,11750_C|T,12160_G|A,12880_C|T,13714_G|A,14257_T|C,14325_C|T,14408_C|T,15714_C|T,16935_G|A,17039_A|G,17410_C|T,18163_A|G,19955_C|T,20055_A|G,21618_C|T,21987_G|A,22200_T|G,22320_A|G,22578_G|A,22599_G|C,22674_C|T,22679_T|C,22686_C|T,22688_A|G,22775_G|A,22786_A|C,22813_G|T,22858_C|T,22882_T|G,22893_A|C,22917_T|G,22942_T|A,22992_G|A,22995_C|A,23013_A|C,23018_T|G,23055_A|G,23063_A|T,23075_T|C,23086_C|T,23403_A|G,23525_C|T,23599_T|G,23604_C|A,23854_C|A,23948_G|T,24424_A|T,24469_T|A,25000_C|T,25584_C|T,26060_C|T,26270_C|T,26428_G|T,26577_C|G,26709_G|A,27807_C|T,27889_C|T,28221_G|C,28271_A|T,28311_C|T,28312_C|T,28681_G|T,28881_G|A,28882_G|A,28883_G|C,29510_A|C,11288_11296,21633_21641,21765_21770,21992_21994,28362_28370
Denmark/DCGC-638283/2023	XBZ	241_C|T,670_T|G,1627_C|T,2790_C|T,2954_T|C,3037_C|T,4044_A|G,4184_G|A,4321_C|T,6040_C|T,9344_C|T,9424_A|G,9534_C|T,10029_C|T,10198_C|T,10447_G|A,10449_C|A,11750_C|T,12160_G|A,12473_C|T,12880_C|T,14257_T|C,14408_C|T,15714_C|T,16935_G|A,17039_A|G,17410_C|T,18163_A|G,19955_C|T,20055_A|G,21618_C|T,21987_G|A,22200_T|G,22381_G|A,22578_G|A,22599_G|C,22674_C|T,22679_T|C,22686_C|T,22688_A|G,22775_G|A,22786_A|C,22813_G|T,22858_C|T,22882_T|G,22893_A|C,22917_T|G,22942_T|A,22992_G|A,22995_C|A,23013_A|C,23018_T|G,23055_A|G,23063_A|T,23075_T|C,23086_C|T,23403_A|G,23525_C|T,23599_T|G,23604_C|A,23854_C|A,23948_G|T,24424_A|T,24469_T|A,25000_C|T,25584_C|T,26060_C|T,26270_C|T,26428_G|T,26529_G|A,26577_C|G,26709_G|A,27807_C|T,27889_C|T,28271_A|T,28311_C|T,28312_C|T,28681_G|T,28881_G|A,28882_G|A,28883_G|C,29510_A|C,11288_11296,21633_21641,21765_21770,21992_21994,28362_28370
Denmark/DCGC-638579/2023	XBZ	241_C|T,670_T|G,1627_C|T,2790_C|T,2954_T|C,3037_C|T,4184_G|A,4321_C|T,6040_C|T,7084_T|A,9344_C|T,9424_A|G,9534_C|T,10029_C|T,10198_C|T,10447_G|A,10449_C|A,11750_C|T,12160_G|A,12880_C|T,14257_T|C,14408_C|T,15714_C|T,16935_G|A,17039_A|G,17410_C|T,18163_A|G,19955_C|T,20055_A|G,21618_C|T,21987_G|A,22200_T|G,22578_G|A,22599_G|C,22674_C|T,22679_T|C,22686_C|T,22688_A|G,22775_G|A,22786_A|C,22813_G|T,22858_C|T,22882_T|G,22893_A|C,22917_T|G,22942_T|A,22992_G|A,22995_C|A,23013_A|C,23018_T|G,23055_A|G,23063_A|T,23075_T|C,23086_C|T,23277_C|T,23403_A|G,23525_C|T,23599_T|G,23604_C|A,23854_C|A,23948_G|T,24424_A|T,24469_T|A,25000_C|T,25584_C|T,25947_G|C,26060_C|T,26270_C|T,26428_G|T,26529_G|A,26577_C|G,26709_G|A,27807_C|T,27889_C|T,28271_A|T,28311_C|T,28312_C|T,28681_G|T,28881_G|A,28882_G|A,28883_G|C,29510_A|C,11288_11296,21633_21641,21765_21770,21992_21994,28362_28370
Denmark/DCGC-639696/2023	XBZ	241_C|T,670_T|G,1627_C|T,2790_C|T,2954_T|C,3037_C|T,4184_G|A,4321_C|T,6040_C|T,9344_C|T,9424_A|G,9534_C|T,10029_C|T,10198_C|T,10447_G|A,10449_C|A,11083_G|T,11750_C|T,12160_G|A,12880_C|T,14257_T|C,14408_C|T,15714_C|T,16935_G|A,17039_A|G,17410_C|T,18163_A|G,19955_C|T,20055_A|G,21618_C|T,21987_G|A,22200_T|G,22578_G|A,22599_G|C,22674_C|T,22679_T|C,22686_C|T,22688_A|G,22775_G|A,22786_A|C,22813_G|T,22858_C|T,22882_T|G,22893_A|C,22917_T|G,22942_T|A,22992_G|A,22995_C|A,23013_A|C,23018_T|G,23055_A|G,23063_A|T,23075_T|C,23086_C|T,23403_A|G,23525_C|T,23599_T|G,23604_C|A,23854_C|A,23948_G|T,24424_A|T,24469_T|A,25000_C|T,25584_C|T,26060_C|T,26270_C|T,26428_G|T,26529_G|A,26577_C|G,26709_G|A,27807_C|T,27889_C|T,28271_A|T,28311_C|T,28312_C|T,28681_G|T,28881_G|A,28882_G|A,28883_G|C,29510_A|C,686_694,11288_11296,21633_21641,21765_21770,21992_21994,28362_28370
Denmark/DCGC-640165/2023	XBZ	241_C|T,670_T|G,1627_C|T,2790_C|T,2954_T|C,3037_C|T,4184_G|A,4321_C|T,6040_C|T,6941_C|T,9344_C|T,9424_A|G,9534_C|T,10029_C|T,10198_C|T,10447_G|A,10449_C|A,11750_C|T,12160_G|A,12880_C|T,14257_T|C,14408_C|T,15714_C|T,16935_G|A,17039_A|G,17410_C|T,18163_A|G,19955_C|T,20055_A|G,21618_C|T,21987_G|A,22200_T|G,22578_G|A,22599_G|C,22674_C|T,22679_T|C,22686_C|T,22688_A|G,22775_G|A,22786_A|C,22813_G|T,22858_C|T,22882_T|G,22893_A|C,22917_T|G,22942_T|A,22992_G|A,22995_C|A,23013_A|C,23018_T|G,23055_A|G,23063_A|T,23075_T|C,23086_C|T,23403_A|G,23525_C|T,23599_T|G,23604_C|A,23854_C|A,23948_G|T,24424_A|T,24469_T|A,25000_C|T,25584_C|T,26060_C|T,26270_C|T,26428_G|T,26577_C|G,26709_G|A,27807_C|T,27889_C|T,28271_A|T,28311_C|T,28312_C|T,28681_G|T,28881_G|A,28882_G|A,28883_G|C,29510_A|C,11288_11296,21633_21641,21765_21770,21992_21994,28362_28370
Denmark/DCGC-640285/2023	XBZ	241_C|T,670_T|G,1627_C|T,2790_C|T,2954_T|C,3037_C|T,4184_G|A,4321_C|T,6040_C|T,6941_C|T,9344_C|T,9424_A|G,9534_C|T,10029_C|T,10198_C|T,10447_G|A,10449_C|A,11750_C|T,12160_G|A,12880_C|T,14257_T|C,14408_C|T,15714_C|T,16935_G|A,17039_A|G,17410_C|T,18163_A|G,19955_C|T,20055_A|G,21618_C|T,21987_G|A,22200_T|G,22578_G|A,22599_G|C,22674_C|T,22679_T|C,22686_C|T,22688_A|G,22775_G|A,22786_A|C,22813_G|T,22858_C|T,22882_T|G,22893_A|C,22917_T|G,22942_T|A,22992_G|A,22995_C|A,23013_A|C,23018_T|G,23055_A|G,23063_A|T,23075_T|C,23086_C|T,23403_A|G,23525_C|T,23599_T|G,23604_C|A,23854_C|A,23948_G|T,24424_A|T,24469_T|A,25000_C|T,25584_C|T,26060_C|T,26270_C|T,26428_G|T,26529_G|A,26577_C|G,26709_G|A,27807_C|T,27889_C|T,28271_A|T,28311_C|T,28312_C|T,28681_G|T,28770_C|T,28881_G|A,28882_G|A,28883_G|C,29510_A|C,11288_11296,21633_21641,21765_21770,21992_21994,28362_28370
Denmark/DCGC-640291/2023	XBZ	241_C|T,670_T|G,1627_C|T,2790_C|T,2954_T|C,3037_C|T,4184_G|A,4321_C|T,6040_C|T,6941_C|T,9344_C|T,9424_A|G,9534_C|T,10029_C|T,10198_C|T,10447_G|A,10449_C|A,11750_C|T,12160_G|A,12880_C|T,14257_T|C,14408_C|T,15714_C|T,16935_G|A,17039_A|G,17410_C|T,18163_A|G,19955_C|T,20055_A|G,21618_C|T,21987_G|A,22200_T|G,22578_G|A,22599_G|C,22674_C|T,22679_T|C,22686_C|T,22688_A|G,22775_G|A,22786_A|C,22813_G|T,22858_C|T,22882_T|G,22893_A|C,22917_T|G,22942_T|A,22992_G|A,22995_C|A,23013_A|C,23018_T|G,23055_A|G,23063_A|T,23075_T|C,23086_C|T,23403_A|G,23525_C|T,23599_T|G,23604_C|A,23854_C|A,23948_G|T,24424_A|T,24469_T|A,25000_C|T,25584_C|T,26060_C|T,26270_C|T,26428_G|T,26529_G|A,26577_C|G,26709_G|A,27807_C|T,27889_C|T,28271_A|T,28311_C|T,28312_C|T,28681_G|T,28881_G|A,28882_G|A,28883_G|C,29510_A|C,11288_11296,21633_21641,21765_21770,21992_21994,28362_28370
Denmark/DCGC-640305/2023	XBZ	241_C|T,670_T|G,1627_C|T,2790_C|T,2954_T|C,3037_C|T,4184_G|A,4321_C|T,6040_C|T,6941_C|T,9344_C|T,9424_A|G,9534_C|T,10029_C|T,10198_C|T,10447_G|A,10449_C|A,11750_C|T,12160_G|A,12880_C|T,14257_T|C,14408_C|T,15714_C|T,16935_G|A,17039_A|G,17410_C|T,18163_A|G,19955_C|T,20055_A|G,21618_C|T,21987_G|A,22200_T|G,22578_G|A,22599_G|C,22674_C|T,22679_T|C,22686_C|T,22688_A|G,22775_G|A,22786_A|C,22813_G|T,22858_C|T,22882_T|G,22893_A|C,22917_T|G,22942_T|A,22992_G|A,22995_C|A,23013_A|C,23018_T|G,23055_A|G,23063_A|T,23075_T|C,23086_C|T,23403_A|G,23525_C|T,23599_T|G,23604_C|A,23854_C|A,23948_G|T,24424_A|T,24469_T|A,25000_C|T,25584_C|T,26060_C|T,26270_C|T,26428_G|T,26529_G|A,26577_C|G,26709_G|A,27807_C|T,27889_C|T,28271_A|T,28311_C|T,28312_C|T,28681_G|T,28881_G|A,28882_G|A,28883_G|C,29510_A|C,11288_11296,21633_21641,21765_21770,21992_21994,28362_28370
Denmark/DCGC-640322/2023	XBZ	241_C|T,670_T|G,1627_C|T,2790_C|T,2954_T|C,3037_C|T,4184_G|A,4321_C|T,6040_C|T,6941_C|T,9344_C|T,9424_A|G,9534_C|T,10029_C|T,10198_C|T,10447_G|A,10449_C|A,11750_C|T,12160_G|A,12880_C|T,14257_T|C,14408_C|T,15714_C|T,16935_G|A,17039_A|G,17410_C|T,18163_A|G,19955_C|T,20055_A|G,21618_C|T,21987_G|A,22200_T|G,22578_G|A,22599_G|C,22674_C|T,22679_T|C,22686_C|T,22688_A|G,22775_G|A,22786_A|C,22813_G|T,22858_C|T,22882_T|G,22893_A|C,22917_T|G,22942_T|A,22992_G|A,22995_C|A,23013_A|C,23018_T|G,23055_A|G,23063_A|T,23075_T|C,23086_C|T,23403_A|G,23525_C|T,23599_T|G,23604_C|A,23854_C|A,23948_G|T,24424_A|T,24469_T|A,25000_C|T,25584_C|T,26060_C|T,26270_C|T,26428_G|T,26577_C|G,26709_G|A,27807_C|T,27889_C|T,28271_A|T,28311_C|T,28312_C|T,28681_G|T,28881_G|A,28882_G|A,28883_G|C,29510_A|C,11288_11296,21633_21641,21765_21770,21992_21994,28362_28370
Denmark/DCGC-640556/2023	XBZ	241_C|T,670_T|G,1627_C|T,2790_C|T,2954_T|C,3037_C|T,4184_G|A,4321_C|T,6040_C|T,6941_C|T,9344_C|T,9424_A|G,9534_C|T,10029_C|T,10198_C|T,10447_G|A,10449_C|A,11750_C|T,12160_G|A,12880_C|T,14257_T|C,14408_C|T,15714_C|T,16935_G|A,17039_A|G,17410_C|T,18163_A|G,19955_C|T,20055_A|G,21618_C|T,21987_G|A,22200_T|G,22578_G|A,22599_G|C,22674_C|T,22679_T|C,22686_C|T,22688_A|G,22775_G|A,22786_A|C,22813_G|T,22858_C|T,22882_T|G,22893_A|C,22917_T|G,22942_T|A,22992_G|A,22995_C|A,23013_A|C,23018_T|G,23055_A|G,23063_A|T,23075_T|C,23086_C|T,23403_A|G,23525_C|T,23599_T|G,23604_C|A,23854_C|A,23948_G|T,24424_A|T,24469_T|A,25000_C|T,25584_C|T,26060_C|T,26270_C|T,26428_G|T,26577_C|G,26709_G|A,27807_C|T,27889_C|T,28271_A|T,28311_C|T,28312_C|T,28681_G|T,28881_G|A,28882_G|A,28883_G|C,29510_A|C,11288_11296,21633_21641,21765_21770,21992_21994,28362_28370
Denmark/DCGC-640635/2023	XBZ	241_C|T,670_T|G,1627_C|T,2790_C|T,2954_T|C,3037_C|T,4184_G|A,4321_C|T,6040_C|T,9344_C|T,9424_A|G,9534_C|T,10029_C|T,10198_C|T,10447_G|A,10449_C|A,11750_C|T,12160_G|A,12880_C|T,13714_G|A,14257_T|C,14325_C|T,14408_C|T,15714_C|T,16935_G|A,17039_A|G,17410_C|T,18163_A|G,19955_C|T,20055_A|G,21618_C|T,21987_G|A,22200_T|G,22320_A|G,22578_G|A,22599_G|C,22674_C|T,22679_T|C,22686_C|T,22688_A|G,22775_G|A,22786_A|C,22813_G|T,22858_C|T,22882_T|G,22893_A|C,22917_T|G,22942_T|A,22992_G|A,22995_C|A,23013_A|C,23018_T|G,23055_A|G,23063_A|T,23075_T|C,23086_C|T,23403_A|G,23525_C|T,23599_T|G,23604_C|A,23854_C|A,23948_G|T,24424_A|T,24469_T|A,25000_C|T,25584_C|T,26060_C|T,26270_C|T,26314_G|A,26428_G|T,26577_C|G,26709_G|A,27807_C|T,27889_C|T,28271_A|T,28311_C|T,28312_C|T,28681_G|T,28881_G|A,28882_G|A,28883_G|C,29510_A|C,11288_11296,21633_21641,21765_21770,21992_21994,28362_28370
Denmark/DCGC-640989/2023	XBZ	241_C|T,670_T|G,1627_C|T,2790_C|T,2954_T|C,3037_C|T,4184_G|A,4321_C|T,6040_C|T,6941_C|T,9344_C|T,9424_A|G,9534_C|T,10029_C|T,10198_C|T,10447_G|A,10449_C|A,11750_C|T,12160_G|A,12880_C|T,14257_T|C,14408_C|T,15714_C|T,16935_G|A,17039_A|G,17410_C|T,18163_A|G,19955_C|T,20055_A|G,21618_C|T,21987_G|A,22200_T|G,22578_G|A,22599_G|C,22674_C|T,22679_T|C,22686_C|T,22688_A|G,22775_G|A,22786_A|C,22813_G|T,22858_C|T,22882_T|G,22893_A|C,22917_T|G,22942_T|A,22992_G|A,22995_C|A,23013_A|C,23018_T|G,23055_A|G,23063_A|T,23075_T|C,23086_C|T,23403_A|G,23525_C|T,23599_T|G,23604_C|A,23854_C|A,23948_G|T,24424_A|T,24469_T|A,25000_C|T,25584_C|T,26060_C|T,26270_C|T,26428_G|T,26529_G|A,26577_C|G,26709_G|A,27807_C|T,27889_C|T,28271_A|T,28311_C|T,28312_C|T,28681_G|T,28770_C|T,28881_G|A,28882_G|A,28883_G|C,29510_A|C,11288_11296,21633_21641,21765_21770,21992_21994,28362_28370
Denmark/DCGC-641172/2023	XBZ	241_C|T,670_T|G,1627_C|T,2790_C|T,2954_T|C,3037_C|T,4184_G|A,4321_C|T,6040_C|T,6941_C|T,9344_C|T,9424_A|G,9534_C|T,10029_C|T,10198_C|T,10447_G|A,10449_C|A,11750_C|T,12160_G|A,12880_C|T,14257_T|C,14408_C|T,15714_C|T,16935_G|A,17039_A|G,17410_C|T,18163_A|G,19955_C|T,20055_A|G,21618_C|T,21987_G|A,22200_T|G,22578_G|A,22599_G|C,22674_C|T,22679_T|C,22686_C|T,22688_A|G,22775_G|A,22786_A|C,22813_G|T,22858_C|T,22882_T|G,22893_A|C,22917_T|G,22942_T|A,22992_G|A,22995_C|A,23013_A|C,23018_T|G,23055_A|G,23063_A|T,23075_T|C,23086_C|T,23403_A|G,23525_C|T,23599_T|G,23604_C|A,23854_C|A,23948_G|T,24424_A|T,24469_T|A,25000_C|T,25584_C|T,26060_C|T,26270_C|T,26428_G|T,26529_G|A,26577_C|G,26709_G|A,27807_C|T,27889_C|T,28271_A|T,28311_C|T,28312_C|T,28681_G|T,28770_C|T,28881_G|A,28882_G|A,28883_G|C,29510_A|C,11288_11296,21633_21641,21765_21770,21992_21994,28362_28370
Denmark/DCGC-641301/2023	XBZ	241_C|T,670_T|G,1627_C|T,2790_C|T,2954_T|C,3037_C|T,4184_G|A,4321_C|T,5516_G|A,6040_C|T,6941_C|T,9344_C|T,9424_A|G,9534_C|T,10029_C|T,10198_C|T,10447_G|A,10449_C|A,11750_C|T,12160_G|A,12880_C|T,14257_T|C,14408_C|T,15714_C|T,16935_G|A,17039_A|G,17410_C|T,18163_A|G,19955_C|T,20055_A|G,21618_C|T,21987_G|A,22200_T|G,22578_G|A,22599_G|C,22674_C|T,22679_T|C,22686_C|T,22688_A|G,22775_G|A,22786_A|C,22813_G|T,22858_C|T,22882_T|G,22893_A|C,22917_T|G,22942_T|A,22992_G|A,22995_C|A,23013_A|C,23018_T|G,23055_A|G,23063_A|T,23075_T|C,23086_C|T,23403_A|G,23525_C|T,23599_T|G,23604_C|A,23854_C|A,23948_G|T,24424_A|T,24469_T|A,25000_C|T,25584_C|T,26060_C|T,26270_C|T,26428_G|T,26577_C|G,26709_G|A,27807_C|T,27889_C|T,28271_A|T,28311_C|T,28312_C|T,28681_G|T,28881_G|A,28882_G|A,28883_G|C,29510_A|C,11288_11296,21633_21641,21765_21770,21992_21994,28362_28370
Denmark/DCGC-641311/2023	XBZ	241_C|T,670_T|G,1627_C|T,2790_C|T,2954_T|C,3037_C|T,4184_G|A,4321_C|T,6040_C|T,6941_C|T,9344_C|T,9424_A|G,9534_C|T,10029_C|T,10198_C|T,10447_G|A,10449_C|A,11750_C|T,12160_G|A,12880_C|T,14257_T|C,14408_C|T,15714_C|T,16935_G|A,17039_A|G,17410_C|T,18163_A|G,19955_C|T,20055_A|G,21618_C|T,21987_G|A,22200_T|G,22578_G|A,22599_G|C,22674_C|T,22679_T|C,22686_C|T,22688_A|G,22775_G|A,22786_A|C,22813_G|T,22858_C|T,22882_T|G,22893_A|C,22917_T|G,22942_T|A,22992_G|A,22995_C|A,23013_A|C,23018_T|G,23055_A|G,23063_A|T,23075_T|C,23086_C|T,23403_A|G,23525_C|T,23599_T|G,23604_C|A,23854_C|A,23948_G|T,24424_A|T,24469_T|A,25000_C|T,25584_C|T,26060_C|T,26270_C|T,26428_G|T,26529_G|A,26577_C|G,26709_G|A,27807_C|T,27889_C|T,28271_A|T,28311_C|T,28312_C|T,28681_G|T,28881_G|A,28882_G|A,28883_G|C,29510_A|C,11288_11296,21633_21641,21765_21770,21992_21994,28362_28370
Denmark/DCGC-641334/2023	XBZ	241_C|T,557_G|A,670_T|G,829_C|T,1627_C|T,2790_C|T,2954_T|C,3037_C|T,4184_G|A,4321_C|T,6040_C|T,9344_C|T,9424_A|G,9534_C|T,10029_C|T,10198_C|T,10447_G|A,10449_C|A,11750_C|T,12160_G|A,12880_C|T,14257_T|C,14408_C|T,15714_C|T,16935_G|A,17039_A|G,17410_C|T,18163_A|G,19955_C|T,20055_A|G,21618_C|T,21987_G|A,22200_T|G,22578_G|A,22599_G|C,22674_C|T,22679_T|C,22686_C|T,22688_A|G,22775_G|A,22786_A|C,22813_G|T,22858_C|T,22882_T|G,22893_A|C,22917_T|G,22942_T|A,22992_G|A,22995_C|A,23013_A|C,23018_T|G,23055_A|G,23063_A|T,23075_T|C,23086_C|T,23403_A|G,23525_C|T,23599_T|G,23604_C|A,23854_C|A,23948_G|T,24424_A|T,24469_T|A,25000_C|T,25584_C|T,26060_C|T,26270_C|T,26428_G|T,26577_C|G,26709_G|A,27807_C|T,27889_C|T,28271_A|T,28311_C|T,28312_C|T,28681_G|T,28881_G|A,28882_G|A,28883_G|C,28986_G|T,29510_A|C,11288_11296,21633_21641,21765_21770,21992_21994,28362_28370
Denmark/DCGC-641340/2023	XBZ	241_C|T,670_T|G,1627_C|T,2790_C|T,2954_T|C,3037_C|T,4184_G|A,4321_C|T,6040_C|T,8747_G|A,9344_C|T,9424_A|G,9534_C|T,10029_C|T,10198_C|T,10447_G|A,10449_C|A,11750_C|T,12160_G|A,12880_C|T,13381_C|T,14257_T|C,14408_C|T,15714_C|T,16935_G|A,17039_A|G,17410_C|T,18163_A|G,19955_C|T,20055_A|G,21618_C|T,21987_G|A,22200_T|G,22578_G|A,22599_G|C,22674_C|T,22679_T|C,22686_C|T,22688_A|G,22775_G|A,22786_A|C,22813_G|T,22858_C|T,22882_T|G,22893_A|C,22917_T|G,22942_T|A,22992_G|A,22995_C|A,23013_A|C,23018_T|G,23055_A|G,23063_A|T,23075_T|C,23086_C|T,23403_A|G,23525_C|T,23599_T|G,23604_C|A,23854_C|A,23948_G|T,24424_A|T,24469_T|A,25000_C|T,25584_C|T,26060_C|T,26270_C|T,26428_G|T,26577_C|G,26709_G|A,27807_C|T,27889_C|T,28271_A|T,28311_C|T,28312_C|T,28681_G|T,28881_G|A,28882_G|A,28883_G|C,29510_A|C,11288_11296,21633_21641,21765_21770,21992_21994,28362_28370
Denmark/DCGC-641465/2023	XBZ	241_C|T,670_T|G,1627_C|T,2790_C|T,2954_T|C,3037_C|T,4184_G|A,4321_C|T,6040_C|T,6941_C|T,9344_C|T,9424_A|G,9534_C|T,10029_C|T,10198_C|T,10447_G|A,10449_C|A,11750_C|T,12160_G|A,12880_C|T,14257_T|C,14408_C|T,15714_C|T,16935_G|A,17039_A|G,17410_C|T,18163_A|G,19955_C|T,20055_A|G,21618_C|T,21691_C|T,21987_G|A,22200_T|G,22578_G|A,22599_G|C,22674_C|T,22679_T|C,22686_C|T,22688_A|G,22775_G|A,22786_A|C,22813_G|T,22858_C|T,22882_T|G,22893_A|C,22917_T|G,22942_T|A,22992_G|A,22995_C|A,23013_A|C,23018_T|G,23055_A|G,23063_A|T,23075_T|C,23086_C|T,23403_A|G,23525_C|T,23599_T|G,23604_C|A,23854_C|A,23948_G|T,24424_A|T,24469_T|A,25000_C|T,25584_C|T,26060_C|T,26270_C|T,26428_G|T,26577_C|G,26709_G|A,27807_C|T,27889_C|T,28271_A|T,28311_C|T,28312_C|T,28681_G|T,28881_G|A,28882_G|A,28883_G|C,29510_A|C,11288_11296,21633_21641,21765_21770,21992_21994,28362_28370
Denmark/DCGC-641478/2023	XBZ	241_C|T,670_T|G,1627_C|T,2790_C|T,2954_T|C,3037_C|T,4184_G|A,4321_C|T,6040_C|T,6941_C|T,9344_C|T,9424_A|G,9534_C|T,10029_C|T,10198_C|T,10447_G|A,10449_C|A,11750_C|T,12160_G|A,12880_C|T,14257_T|C,14408_C|T,15714_C|T,16935_G|A,17039_A|G,17410_C|T,18163_A|G,19955_C|T,20055_A|G,21618_C|T,21691_C|T,21987_G|A,22200_T|G,22578_G|A,22599_G|C,22674_C|T,22679_T|C,22686_C|T,22688_A|G,22775_G|A,22786_A|C,22813_G|T,22858_C|T,22882_T|G,22893_A|C,22917_T|G,22942_T|A,22992_G|A,22995_C|A,23013_A|C,23018_T|G,23055_A|G,23063_A|T,23075_T|C,23086_C|T,23403_A|G,23525_C|T,23599_T|G,23604_C|A,23854_C|A,23948_G|T,24424_A|T,24469_T|A,25000_C|T,25584_C|T,26060_C|T,26270_C|T,26428_G|T,26577_C|G,26709_G|A,27807_C|T,27889_C|T,28271_A|T,28311_C|T,28312_C|T,28681_G|T,28881_G|A,28882_G|A,28883_G|C,29510_A|C,11288_11296,21633_21641,21765_21770,21992_21994,28362_28370
Denmark/DCGC-641573/2023	XBZ	241_C|T,670_T|G,1627_C|T,2790_C|T,2954_T|C,3037_C|T,4184_G|A,4321_C|T,6040_C|T,6941_C|T,9344_C|T,9424_A|G,9534_C|T,10029_C|T,10198_C|T,10447_G|A,10449_C|A,11750_C|T,12160_G|A,12880_C|T,14257_T|C,14408_C|T,15714_C|T,16935_G|A,17039_A|G,17410_C|T,18163_A|G,19955_C|T,20055_A|G,21618_C|T,21987_G|A,22200_T|G,22578_G|A,22599_G|C,22674_C|T,22679_T|C,22686_C|T,22688_A|G,22775_G|A,22786_A|C,22813_G|T,22858_C|T,22882_T|G,22893_A|C,22917_T|G,22942_T|A,22992_G|A,22995_C|A,23013_A|C,23018_T|G,23055_A|G,23063_A|T,23075_T|C,23086_C|T,23403_A|G,23525_C|T,23599_T|G,23604_C|A,23854_C|A,23948_G|T,24424_A|T,24469_T|A,25000_C|T,25584_C|T,26060_C|T,26270_C|T,26428_G|T,26577_C|G,26709_G|A,27807_C|T,27889_C|T,28271_A|T,28311_C|T,28312_C|T,28681_G|T,28770_C|T,28881_G|A,28882_G|A,28883_G|C,29510_A|C,11288_11296,21633_21641,21765_21770,21992_21994,28362_28370
Denmark/DCGC-641808/2023	XBZ	241_C|T,670_T|G,1627_C|T,2790_C|T,2954_T|C,3037_C|T,4184_G|A,4321_C|T,6040_C|T,6941_C|T,9344_C|T,9424_A|G,9534_C|T,10029_C|T,10198_C|T,10447_G|A,10449_C|A,11750_C|T,12160_G|A,12880_C|T,14257_T|C,14408_C|T,15714_C|T,16935_G|A,17039_A|G,17410_C|T,18163_A|G,19955_C|T,20055_A|G,21987_G|A,22200_T|G,22578_G|A,22599_G|C,22674_C|T,22679_T|C,22686_C|T,22688_A|G,22775_G|A,22786_A|C,22813_G|T,22858_C|T,22882_T|G,22893_A|C,22917_T|G,22942_T|A,22992_G|A,22995_C|A,23013_A|C,23018_T|G,23055_A|G,23063_A|T,23075_T|C,23086_C|T,23403_A|G,23525_C|T,23599_T|G,23604_C|A,23854_C|A,23948_G|T,24424_A|T,24469_T|A,25000_C|T,25584_C|T,26060_C|T,26270_C|T,26428_G|T,26529_G|A,26577_C|G,26709_G|A,27807_C|T,27889_C|T,28271_A|T,28311_C|T,28312_C|T,28681_G|T,28770_C|T,28881_G|A,28882_G|A,28883_G|C,29510_A|C,11288_11296,21633_21641,21765_21770,21992_21994,28362_28370
Denmark/DCGC-641898/2023	XBZ	241_C|T,670_T|G,1627_C|T,2790_C|T,2954_T|C,3037_C|T,4184_G|A,4321_C|T,6040_C|T,6941_C|T,9344_C|T,9424_A|G,9534_C|T,10029_C|T,10198_C|T,10447_G|A,10449_C|A,11750_C|T,12160_G|A,12880_C|T,14257_T|C,14408_C|T,15714_C|T,16935_G|A,17039_A|G,17410_C|T,18163_A|G,19955_C|T,20055_A|G,21987_G|A,22200_T|G,22578_G|A,22599_G|C,22674_C|T,22679_T|C,22686_C|T,22688_A|G,22775_G|A,22786_A|C,22813_G|T,22858_C|T,22882_T|G,22893_A|C,22917_T|G,22942_T|A,22992_G|A,22995_C|A,23013_A|C,23018_T|G,23055_A|G,23063_A|T,23075_T|C,23086_C|T,23403_A|G,23525_C|T,23599_T|G,23604_C|A,23854_C|A,23948_G|T,24424_A|T,24469_T|A,25000_C|T,25584_C|T,26020_G|T,26060_C|T,26270_C|T,26428_G|T,26529_G|A,26577_C|G,26709_G|A,27807_C|T,27889_C|T,28271_A|T,28311_C|T,28312_C|T,28681_G|T,28770_C|T,28881_G|A,28882_G|A,28883_G|C,29510_A|C,11288_11296,21633_21641,21765_21770,21992_21994,28362_28370
Denmark/DCGC-641921/2023	XBZ	241_C|T,670_T|G,1627_C|T,2790_C|T,2954_T|C,3037_C|T,4184_G|A,4321_C|T,6040_C|T,6941_C|T,9344_C|T,9424_A|G,9534_C|T,10029_C|T,10198_C|T,10447_G|A,10449_C|A,11750_C|T,12160_G|A,12880_C|T,14257_T|C,14408_C|T,15714_C|T,16935_G|A,17039_A|G,17410_C|T,18163_A|G,18894_C|T,19955_C|T,20055_A|G,21618_C|T,21987_G|A,22200_T|G,22578_G|A,22599_G|C,22674_C|T,22679_T|C,22686_C|T,22688_A|G,22775_G|A,22786_A|C,22813_G|T,22858_C|T,22882_T|G,22893_A|C,22917_T|G,22942_T|A,22992_G|A,22995_C|A,23013_A|C,23018_T|G,23055_A|G,23063_A|T,23075_T|C,23086_C|T,23403_A|G,23525_C|T,23599_T|G,23604_C|A,23854_C|A,23948_G|T,24424_A|T,24469_T|A,25000_C|T,25584_C|T,26060_C|T,26270_C|T,26428_G|T,26577_C|G,26709_G|A,27807_C|T,27889_C|T,28271_A|T,28311_C|T,28312_C|T,28681_G|T,28881_G|A,28882_G|A,28883_G|C,29510_A|C,11288_11296,21633_21641,21765_21770,21992_21994,28362_28370
Denmark/DCGC-642085/2023	XBZ	241_C|T,670_T|G,1627_C|T,2790_C|T,2954_T|C,3037_C|T,4184_G|A,4321_C|T,6040_C|T,6941_C|T,9344_C|T,9424_A|G,9534_C|T,10029_C|T,10198_C|T,10447_G|A,10449_C|A,11750_C|T,12160_G|A,12880_C|T,14257_T|C,14408_C|T,15714_C|T,16935_G|A,17039_A|G,17410_C|T,18163_A|G,19955_C|T,20055_A|G,21618_C|T,21691_C|T,21987_G|A,22200_T|G,22578_G|A,22599_G|C,22674_C|T,22679_T|C,22686_C|T,22688_A|G,22775_G|A,22786_A|C,22813_G|T,22858_C|T,22882_T|G,22893_A|C,22917_T|G,22942_T|A,22992_G|A,22995_C|A,23013_A|C,23018_T|G,23055_A|G,23063_A|T,23075_T|C,23086_C|T,23403_A|G,23525_C|T,23599_T|G,23604_C|A,23854_C|A,23948_G|T,24424_A|T,24469_T|A,25000_C|T,25584_C|T,26060_C|T,26270_C|T,26428_G|T,26577_C|G,26709_G|A,27493_C|T,27807_C|T,27889_C|T,28271_A|T,28311_C|T,28312_C|T,28681_G|T,28881_G|A,28882_G|A,28883_G|C,29510_A|C,11288_11296,21633_21641,21765_21770,21992_21994,28362_28370
Denmark/DCGC-642322/2023	XBZ	241_C|T,670_T|G,1627_C|T,2790_C|T,2954_T|C,3037_C|T,4184_G|A,4321_C|T,6040_C|T,6941_C|T,9344_C|T,9424_A|G,9534_C|T,10029_C|T,10198_C|T,10447_G|A,10449_C|A,11750_C|T,12160_G|A,12880_C|T,14257_T|C,14408_C|T,15714_C|T,16935_G|A,17039_A|G,17410_C|T,18163_A|G,19955_C|T,20055_A|G,21618_C|T,21987_G|A,22200_T|G,22578_G|A,22599_G|C,22674_C|T,22679_T|C,22686_C|T,22688_A|G,22775_G|A,22786_A|C,22813_G|T,22858_C|T,22882_T|G,22893_A|C,22917_T|G,22942_T|A,22992_G|A,22995_C|A,23013_A|C,23018_T|G,23055_A|G,23063_A|T,23075_T|C,23086_C|T,23403_A|G,23525_C|T,23599_T|G,23604_C|A,23854_C|A,23948_G|T,24424_A|T,24469_T|A,25000_C|T,25584_C|T,26060_C|T,26270_C|T,26428_G|T,26577_C|G,26709_G|A,27807_C|T,27889_C|T,28271_A|T,28311_C|T,28312_C|T,28681_G|T,28770_C|T,28881_G|A,28882_G|A,28883_G|C,29510_A|C,11288_11296,21633_21641,21765_21770,21992_21994,28362_28370
Denmark/DCGC-642367/2023	XBZ	241_C|T,670_T|G,1627_C|T,2790_C|T,2954_T|C,3037_C|T,4184_G|A,4321_C|T,6040_C|T,6941_C|T,9344_C|T,9424_A|G,9534_C|T,10029_C|T,10198_C|T,10447_G|A,10449_C|A,11750_C|T,12160_G|A,12880_C|T,14257_T|C,14408_C|T,15714_C|T,16935_G|A,17039_A|G,17410_C|T,18163_A|G,19955_C|T,20055_A|G,21618_C|T,21987_G|A,22200_T|G,22578_G|A,22599_G|C,22674_C|T,22679_T|C,22686_C|T,22688_A|G,22775_G|A,22786_A|C,22813_G|T,22858_C|T,22882_T|G,22893_A|C,22917_T|G,22942_T|A,22992_G|A,22995_C|A,23013_A|C,23018_T|G,23055_A|G,23063_A|T,23075_T|C,23086_C|T,23403_A|G,23525_C|T,23599_T|G,23604_C|A,23854_C|A,23948_G|T,24424_A|T,24469_T|A,25000_C|T,25584_C|T,26060_C|T,26270_C|T,26428_G|T,26577_C|G,26709_G|A,27807_C|T,27889_C|T,28271_A|T,28311_C|T,28312_C|T,28681_G|T,28881_G|A,28882_G|A,28883_G|C,29510_A|C,11288_11296,21633_21641,21765_21770,21992_21994,28362_28370
Denmark/DCGC-642586/2023	XBZ	241_C|T,474_T|C,670_T|G,1627_C|T,2790_C|T,2954_T|C,3037_C|T,4184_G|A,4321_C|T,6040_C|T,6640_T|A,6941_C|T,9344_C|T,9424_A|G,9534_C|T,10029_C|T,10198_C|T,10447_G|A,10449_C|A,11750_C|T,12160_G|A,12880_C|T,14257_T|C,14408_C|T,15714_C|T,16935_G|A,17039_A|G,17410_C|T,18163_A|G,19955_C|T,20055_A|G,21618_C|T,21987_G|A,22200_T|G,22578_G|A,22599_G|C,22674_C|T,22679_T|C,22686_C|T,22688_A|G,22775_G|A,22786_A|C,22813_G|T,22858_C|T,22882_T|G,22893_A|C,22917_T|G,22942_T|A,22992_G|A,22995_C|A,23013_A|C,23018_T|G,23055_A|G,23063_A|T,23075_T|C,23086_C|T,23403_A|G,23525_C|T,23599_T|G,23604_C|A,23854_C|A,23948_G|T,24424_A|T,24469_T|A,25000_C|T,25584_C|T,26060_C|T,26270_C|T,26428_G|T,26529_G|A,26577_C|G,26709_G|A,27807_C|T,27889_C|T,28271_A|T,28311_C|T,28312_C|T,28681_G|T,28770_C|T,28881_G|A,28882_G|A,28883_G|C,29510_A|C,11288_11296,21633_21641,21765_21770,21992_21994,28362_28370
Denmark/DCGC-647388/2022	XBZ	241_C|T,670_T|G,1627_C|T,2790_C|T,2954_T|C,3037_C|T,4184_G|A,4321_C|T,6040_C|T,9344_C|T,9424_A|G,9534_C|T,10029_C|T,10198_C|T,10447_G|A,10449_C|A,11750_C|T,12160_G|A,12880_C|T,13714_G|A,14257_T|C,14408_C|T,15714_C|T,16935_G|A,17039_A|G,17410_C|T,18163_A|G,19955_C|T,20055_A|G,21618_C|T,21987_G|A,22200_T|G,22578_G|A,22599_G|C,22674_C|T,22679_T|C,22686_C|T,22688_A|G,22775_G|A,22786_A|C,22813_G|T,22858_C|T,22882_T|G,22893_A|C,22917_T|G,22942_T|A,22992_G|A,22995_C|A,23013_A|C,23018_T|G,23055_A|G,23063_A|T,23075_T|C,23086_C|T,23403_A|G,23525_C|T,23599_T|G,23604_C|A,23854_C|A,23948_G|T,24424_A|T,24469_T|A,25000_C|T,25584_C|T,26060_C|T,26270_C|T,26428_G|T,26529_G|A,26577_C|G,26709_G|A,27807_C|T,27889_C|T,28271_A|T,28311_C|T,28312_C|T,28681_G|T,28881_G|A,28882_G|A,28883_G|C,29510_A|C,11288_11296,21633_21641,21765_21770,21992_21994,28362_28370
Denmark/DCGC-656790/2022	XBZ	241_C|T,670_T|G,1627_C|T,2790_C|T,2954_T|C,3037_C|T,4184_G|A,4321_C|T,6040_C|T,6428_C|T,9344_C|T,9424_A|G,9534_C|T,10029_C|T,10198_C|T,10447_G|A,10449_C|A,11750_C|T,12160_G|A,12880_C|T,13714_G|A,14257_T|C,14408_C|T,15714_C|T,16935_G|A,17039_A|G,17410_C|T,18163_A|G,19955_C|T,20055_A|G,21618_C|T,21987_G|A,22200_T|G,22578_G|A,22599_G|C,22674_C|T,22679_T|C,22686_C|T,22688_A|G,22775_G|A,22786_A|C,22813_G|T,22858_C|T,22882_T|G,22893_A|C,22917_T|G,22942_T|A,22992_G|A,22995_C|A,23013_A|C,23018_T|G,23055_A|G,23063_A|T,23075_T|C,23086_C|T,23403_A|G,23525_C|T,23599_T|G,23604_C|A,23854_C|A,23948_G|T,24424_A|T,24469_T|A,25000_C|T,25584_C|T,26060_C|T,26270_C|T,26428_G|T,26529_G|A,26577_C|G,26709_G|A,27686_C|T,27807_C|T,27889_C|T,28271_A|T,28311_C|T,28312_C|T,28681_G|T,28770_C|T,28881_G|A,28882_G|A,28883_G|C,29510_A|C,11288_11296,21633_21641,21765_21770,21992_21994,28362_28370
Denmark/DCGC-657119/2023	XBZ	241_C|T,670_T|G,1627_C|T,2790_C|T,2954_T|C,3037_C|T,4184_G|A,4321_C|T,4756_T|C,6040_C|T,9344_C|T,9424_A|G,9534_C|T,10029_C|T,10198_C|T,10447_G|A,10449_C|A,11750_C|T,12160_G|A,12880_C|T,13714_G|A,14257_T|C,14408_C|T,15714_C|T,16935_G|A,17039_A|G,17410_C|T,18163_A|G,19636_G|A,19741_G|A,19955_C|T,20055_A|G,21618_C|T,21987_G|A,22200_T|G,22578_G|A,22599_G|C,22674_C|T,22679_T|C,22686_C|T,22688_A|G,22775_G|A,22786_A|C,22813_G|T,22858_C|T,22882_T|G,22893_A|C,22917_T|G,22942_T|A,22992_G|A,22995_C|A,23013_A|C,23018_T|G,23055_A|G,23063_A|T,23075_T|C,23086_C|T,23403_A|G,23525_C|T,23599_T|G,23604_C|A,23854_C|A,23948_G|T,24424_A|T,24469_T|A,25000_C|T,25584_C|T,26060_C|T,26270_C|T,26428_G|T,26529_G|A,26577_C|G,26709_G|A,27807_C|T,27889_C|T,28271_A|T,28311_C|T,28312_C|T,28681_G|T,28770_C|T,28881_G|A,28882_G|A,28883_G|C,29510_A|C,11288_11296,21633_21641,21765_21770,21992_21994,28362_28370
Denmark/DCGC-657374/2023	XBZ	670_T|G,1627_C|T,2790_C|T,2954_T|C,3037_C|T,4184_G|A,6040_C|T,9344_C|T,9424_A|G,9534_C|T,10029_C|T,10198_C|T,10447_G|A,10449_C|A,11750_C|T,12160_G|A,12880_C|T,14257_T|C,14408_C|T,15714_C|T,16935_G|A,17039_A|G,17410_C|T,18163_A|G,19955_C|T,20055_A|G,21618_C|T,21987_G|A,22200_T|G,22578_G|A,22599_G|C,22674_C|T,22679_T|C,22686_C|T,22688_A|G,22775_G|A,22786_A|C,22813_G|T,22858_C|T,22882_T|G,22893_A|C,22917_T|G,22942_T|A,22992_G|A,22995_C|A,23013_A|C,23018_T|G,23055_A|G,23063_A|T,23075_T|C,23086_C|T,23403_A|G,23525_C|T,23599_T|G,23604_C|A,23854_C|A,23948_G|T,24424_A|T,24469_T|A,25000_C|T,25584_C|T,26060_C|T,26270_C|T,26428_G|T,26529_G|A,26577_C|G,26709_G|A,27807_C|T,27889_C|T,28271_A|T,28311_C|T,28312_C|T,28681_G|T,28770_C|T,28881_G|A,28882_G|A,28883_G|C,29510_A|C,686_694,11288_11296,21633_21641,21765_21770,21992_21994,28362_28370
Denmark/DCGC-672579/2022	XBZ	241_C|T,670_T|G,1627_C|T,2790_C|T,2954_T|C,3037_C|T,4184_G|A,4321_C|T,6040_C|T,9344_C|T,9424_A|G,9534_C|T,10029_C|T,10198_C|T,10447_G|A,10449_C|A,11750_C|T,12160_G|A,12880_C|T,13714_G|A,14257_T|C,14408_C|T,15714_C|T,16935_G|A,17039_A|G,17410_C|T,18163_A|G,19955_C|T,20055_A|G,21618_C|T,21987_G|A,22200_T|G,22578_G|A,22599_G|C,22674_C|T,22679_T|C,22686_C|T,22688_A|G,22775_G|A,22786_A|C,22813_G|T,22858_C|T,22882_T|G,22893_A|C,22917_T|G,22942_T|A,22992_G|A,22995_C|A,23013_A|C,23018_T|G,23055_A|G,23063_A|T,23075_T|C,23086_C|T,23403_A|G,23525_C|T,23599_T|G,23604_C|A,23854_C|A,23948_G|T,24424_A|T,24469_T|A,25000_C|T,25584_C|T,26060_C|T,26270_C|T,26428_G|T,26529_G|A,26577_C|G,26709_G|A,27807_C|T,27889_C|T,28271_A|T,28311_C|T,28312_C|T,28681_G|T,28770_C|T,28881_G|A,28882_G|A,28883_G|C,29510_A|C,11288_11296,21633_21641,21765_21770,21992_21994,28362_28370
Denmark/DCGC-672793/2022	XBZ	241_C|T,670_T|G,1627_C|T,2790_C|T,2954_T|C,3037_C|T,4184_G|A,4321_C|T,6040_C|T,9344_C|T,9424_A|G,9534_C|T,10029_C|T,10198_C|T,10447_G|A,10449_C|A,11750_C|T,12160_G|A,12880_C|T,13714_G|A,14257_T|C,14408_C|T,15714_C|T,16935_G|A,17039_A|G,17410_C|T,18163_A|G,19955_C|T,20055_A|G,21618_C|T,21987_G|A,22200_T|G,22578_G|A,22599_G|C,22674_C|T,22679_T|C,22686_C|T,22688_A|G,22775_G|A,22786_A|C,22813_G|T,22858_C|T,22882_T|G,22893_A|C,22917_T|G,22942_T|A,22992_G|A,22995_C|A,23013_A|C,23018_T|G,23055_A|G,23063_A|T,23075_T|C,23086_C|T,23403_A|G,23525_C|T,23599_T|G,23604_C|A,23854_C|A,23948_G|T,24424_A|T,24469_T|A,25000_C|T,25584_C|T,26060_C|T,26270_C|T,26428_G|T,26529_G|A,26577_C|G,26709_G|A,27807_C|T,27889_C|T,28271_A|T,28311_C|T,28312_C|T,28681_G|T,28770_C|T,28881_G|A,28882_G|A,28883_G|C,29510_A|C,11288_11296,21633_21641,21765_21770,21992_21994,28362_28370
Denmark/DCGC-672806/2022	XBZ	241_C|T,670_T|G,1627_C|T,2790_C|T,2954_T|C,3037_C|T,4184_G|A,4321_C|T,6040_C|T,9344_C|T,9424_A|G,9534_C|T,10029_C|T,10198_C|T,10447_G|A,10449_C|A,11750_C|T,12160_G|A,12880_C|T,13714_G|A,14257_T|C,14408_C|T,15714_C|T,16935_G|A,17039_A|G,17410_C|T,18163_A|G,19955_C|T,20055_A|G,21618_C|T,21987_G|A,22200_T|G,22578_G|A,22599_G|C,22674_C|T,22679_T|C,22686_C|T,22688_A|G,22775_G|A,22786_A|C,22813_G|T,22858_C|T,22882_T|G,22893_A|C,22917_T|G,22942_T|A,22992_G|A,22995_C|A,23013_A|C,23018_T|G,23055_A|G,23063_A|T,23075_T|C,23086_C|T,23403_A|G,23525_C|T,23599_T|G,23604_C|A,23854_C|A,23948_G|T,24424_A|T,24469_T|A,25000_C|T,25584_C|T,26060_C|T,26270_C|T,26428_G|T,26529_G|A,26577_C|G,26709_G|A,27807_C|T,27889_C|T,28271_A|T,28311_C|T,28312_C|T,28681_G|T,28770_C|T,28881_G|A,28882_G|A,28883_G|C,29510_A|C,11288_11296,21633_21641,21765_21770,21992_21994,28362_28370
Denmark/DCGC-672821/2022	XBZ	241_C|T,670_T|G,1627_C|T,2790_C|T,2954_T|C,3037_C|T,4184_G|A,4321_C|T,6040_C|T,6428_C|T,9344_C|T,9424_A|G,9534_C|T,10029_C|T,10198_C|T,10447_G|A,10449_C|A,11750_C|T,12160_G|A,12880_C|T,13714_G|A,14257_T|C,14408_C|T,15714_C|T,16935_G|A,17039_A|G,17410_C|T,18163_A|G,19955_C|T,20055_A|G,21618_C|T,21987_G|A,22200_T|G,22578_G|A,22599_G|C,22674_C|T,22679_T|C,22686_C|T,22688_A|G,22775_G|A,22786_A|C,22813_G|T,22858_C|T,22882_T|G,22893_A|C,22917_T|G,22942_T|A,22992_G|A,22995_C|A,23013_A|C,23018_T|G,23055_A|G,23063_A|T,23075_T|C,23086_C|T,23403_A|G,23525_C|T,23599_T|G,23604_C|A,23854_C|A,23948_G|T,24424_A|T,24469_T|A,25000_C|T,25584_C|T,26060_C|T,26270_C|T,26428_G|T,26529_G|A,26577_C|G,26709_G|A,27686_C|T,27807_C|T,27889_C|T,28271_A|T,28311_C|T,28312_C|T,28681_G|T,28770_C|T,28881_G|A,28882_G|A,28883_G|C,29510_A|C,11288_11296,21633_21641,21765_21770,21992_21994,28362_28370
Denmark/DCGC-683030/2022	XBZ	241_C|T,670_T|G,1627_C|T,2790_C|T,2954_T|C,3037_C|T,4184_G|A,4321_C|T,6040_C|T,9344_C|T,9424_A|G,9534_C|T,10029_C|T,10198_C|T,10447_G|A,10449_C|A,11750_C|T,12160_G|A,12880_C|T,13714_G|A,14257_T|C,14408_C|T,15714_C|T,16935_G|A,17039_A|G,17410_C|T,18163_A|G,19955_C|T,20055_A|G,21618_C|T,21987_G|A,22200_T|G,22578_G|A,22599_G|C,22674_C|T,22679_T|C,22686_C|T,22688_A|G,22775_G|A,22786_A|C,22813_G|T,22858_C|T,22882_T|G,22893_A|C,22917_T|G,22942_T|A,22992_G|A,22995_C|A,23013_A|C,23018_T|G,23055_A|G,23063_A|T,23075_T|C,23086_C|T,23403_A|G,23525_C|T,23599_T|G,23604_C|A,23854_C|A,23948_G|T,24424_A|T,24469_T|A,25000_C|T,25584_C|T,26060_C|T,26270_C|T,26428_G|T,26529_G|A,26577_C|G,26709_G|A,27807_C|T,27889_C|T,28271_A|T,28311_C|T,28312_C|T,28681_G|T,28770_C|T,28881_G|A,28882_G|A,28883_G|C,29510_A|C,11288_11296,21633_21641,21765_21770,21992_21994,28362_28370
Denmark/DCGC-683032/2022	XBZ	241_C|T,670_T|G,1627_C|T,2790_C|T,2954_T|C,3037_C|T,4184_G|A,4321_C|T,6040_C|T,9344_C|T,9424_A|G,9534_C|T,10029_C|T,10198_C|T,10447_G|A,10449_C|A,11750_C|T,12160_G|A,12880_C|T,13714_G|A,14257_T|C,14408_C|T,15714_C|T,16935_G|A,17039_A|G,17410_C|T,18163_A|G,19955_C|T,20055_A|G,21618_C|T,21987_G|A,22200_T|G,22578_G|A,22599_G|C,22674_C|T,22679_T|C,22686_C|T,22688_A|G,22775_G|A,22786_A|C,22813_G|T,22858_C|T,22882_T|G,22893_A|C,22917_T|G,22942_T|A,22992_G|A,22995_C|A,23013_A|C,23018_T|G,23055_A|G,23063_A|T,23075_T|C,23086_C|T,23403_A|G,23525_C|T,23599_T|G,23604_C|A,23854_C|A,23948_G|T,24424_A|T,24469_T|A,25000_C|T,25584_C|T,26060_C|T,26270_C|T,26428_G|T,26529_G|A,26577_C|G,26709_G|A,27807_C|T,27889_C|T,28271_A|T,28311_C|T,28312_C|T,28681_G|T,28770_C|T,28881_G|A,28882_G|A,28883_G|C,29510_A|C,11288_11296,21633_21641,21765_21770,21992_21994,28362_28370
Denmark/DCGC-683094/2022	XBZ	241_C|T,670_T|G,1627_C|T,2790_C|T,2954_T|C,3037_C|T,4184_G|A,4321_C|T,6040_C|T,9344_C|T,9424_A|G,9534_C|T,10029_C|T,10198_C|T,10447_G|A,10449_C|A,11750_C|T,12160_G|A,12880_C|T,13714_G|A,14257_T|C,14408_C|T,15714_C|T,16935_G|A,17039_A|G,17410_C|T,18163_A|G,19955_C|T,20055_A|G,21618_C|T,21987_G|A,22200_T|G,22578_G|A,22599_G|C,22674_C|T,22679_T|C,22686_C|T,22688_A|G,22775_G|A,22786_A|C,22813_G|T,22858_C|T,22882_T|G,22893_A|C,22917_T|G,22942_T|A,22992_G|A,22995_C|A,23013_A|C,23018_T|G,23055_A|G,23063_A|T,23075_T|C,23086_C|T,23403_A|G,23525_C|T,23599_T|G,23604_C|A,23854_C|A,23948_G|T,24424_A|T,24469_T|A,25000_C|T,25584_C|T,26060_C|T,26270_C|T,26428_G|T,26529_G|A,26577_C|G,26709_G|A,27807_C|T,27889_C|T,28271_A|T,28311_C|T,28312_C|T,28681_G|T,28770_C|T,28881_G|A,28882_G|A,28883_G|C,29510_A|C,11288_11296,21633_21641,21765_21770,21992_21994,28362_28370
Denmark/DCGC-683095/2022	XBZ	241_C|T,670_T|G,1627_C|T,2790_C|T,2954_T|C,3037_C|T,4184_G|A,4321_C|T,6040_C|T,9344_C|T,9424_A|G,9534_C|T,10029_C|T,10198_C|T,10447_G|A,10449_C|A,11750_C|T,12160_G|A,12880_C|T,13714_G|A,14257_T|C,14408_C|T,15714_C|T,16935_G|A,17039_A|G,17410_C|T,18163_A|G,19955_C|T,20055_A|G,21618_C|T,21987_G|A,22200_T|G,22578_G|A,22599_G|C,22674_C|T,22679_T|C,22686_C|T,22688_A|G,22775_G|A,22786_A|C,22813_G|T,22858_C|T,22882_T|G,22893_A|C,22917_T|G,22942_T|A,22992_G|A,22995_C|A,23013_A|C,23018_T|G,23055_A|G,23063_A|T,23075_T|C,23086_C|T,23403_A|G,23525_C|T,23599_T|G,23604_C|A,23854_C|A,23948_G|T,24424_A|T,24469_T|A,25000_C|T,25584_C|T,26060_C|T,26270_C|T,26428_G|T,26529_G|A,26577_C|G,26709_G|A,27807_C|T,27889_C|T,28271_A|T,28311_C|T,28312_C|T,28681_G|T,28770_C|T,28881_G|A,28882_G|A,28883_G|C,29510_A|C,11288_11296,21633_21641,21765_21770,21992_21994,28362_28370
Denmark/DCGC-683510/2022	XBZ	241_C|T,670_T|G,1627_C|T,2790_C|T,2954_T|C,3037_C|T,4184_G|A,4321_C|T,6040_C|T,9344_C|T,9424_A|G,9534_C|T,10029_C|T,10198_C|T,10447_G|A,10449_C|A,11750_C|T,12160_G|A,12880_C|T,13714_G|A,14257_T|C,14408_C|T,15714_C|T,16935_G|A,17039_A|G,17410_C|T,18163_A|G,19955_C|T,20055_A|G,21618_C|T,21987_G|A,22200_T|G,22578_G|A,22599_G|C,22674_C|T,22679_T|C,22686_C|T,22688_A|G,22775_G|A,22786_A|C,22813_G|T,22858_C|T,22882_T|G,22893_A|C,22917_T|G,22942_T|A,22992_G|A,22995_C|A,23013_A|C,23018_T|G,23055_A|G,23063_A|T,23075_T|C,23086_C|T,23403_A|G,23525_C|T,23599_T|G,23604_C|A,23854_C|A,23948_G|T,24424_A|T,24469_T|A,25000_C|T,25584_C|T,26060_C|T,26270_C|T,26428_G|T,26529_G|A,26577_C|G,26709_G|A,27807_C|T,27889_C|T,28271_A|T,28311_C|T,28312_C|T,28681_G|T,28770_C|T,28881_G|A,28882_G|A,28883_G|C,29510_A|C,11288_11296,21633_21641,21765_21770,21992_21994,28362_28370
Denmark/DCGC-683589/2022	XBZ	241_C|T,670_T|G,1627_C|T,2790_C|T,2954_T|C,3037_C|T,4184_G|A,4321_C|T,6040_C|T,6428_C|T,9344_C|T,9424_A|G,9534_C|T,10029_C|T,10198_C|T,10447_G|A,10449_C|A,11750_C|T,12160_G|A,12880_C|T,13714_G|A,14257_T|C,14408_C|T,15714_C|T,16935_G|A,17039_A|G,17410_C|T,18163_A|G,18680_C|T,19955_C|T,20055_A|G,21618_C|T,21987_G|A,22200_T|G,22578_G|A,22599_G|C,22674_C|T,22679_T|C,22686_C|T,22688_A|G,22775_G|A,22786_A|C,22813_G|T,22858_C|T,22882_T|G,22893_A|C,22917_T|G,22942_T|A,22992_G|A,22995_C|A,23013_A|C,23018_T|G,23055_A|G,23063_A|T,23075_T|C,23086_C|T,23403_A|G,23525_C|T,23599_T|G,23604_C|A,23854_C|A,23948_G|T,24424_A|T,24469_T|A,25000_C|T,25584_C|T,26060_C|T,26270_C|T,26428_G|T,26529_G|A,26577_C|G,26709_G|A,27807_C|T,27889_C|T,28271_A|T,28311_C|T,28312_C|T,28681_G|T,28770_C|T,28881_G|A,28882_G|A,28883_G|C,29510_A|C,11288_11296,21633_21641,21765_21770,21992_21994,28362_28370
Denmark/DCGC-683752/2022	XBZ	241_C|T,670_T|G,1627_C|T,2790_C|T,2954_T|C,3037_C|T,4184_G|A,4321_C|T,6040_C|T,9344_C|T,9424_A|G,9534_C|T,10029_C|T,10198_C|T,10447_G|A,10449_C|A,11750_C|T,12160_G|A,12880_C|T,13714_G|A,14257_T|C,14408_C|T,15714_C|T,16708_C|T,16935_G|A,17039_A|G,17410_C|T,18163_A|G,19955_C|T,20055_A|G,21618_C|T,21987_G|A,22200_T|G,22578_G|A,22599_G|C,22674_C|T,22679_T|C,22686_C|T,22688_A|G,22775_G|A,22786_A|C,22813_G|T,22858_C|T,22882_T|G,22893_A|C,22917_T|G,22942_T|A,22992_G|A,22995_C|A,23013_A|C,23018_T|G,23055_A|G,23063_A|T,23075_T|C,23086_C|T,23403_A|G,23525_C|T,23599_T|G,23604_C|A,23854_C|A,23948_G|T,24424_A|T,24469_T|A,25000_C|T,25584_C|T,26060_C|T,26270_C|T,26428_G|T,26529_G|A,26577_C|G,26709_G|A,27807_C|T,27889_C|T,28271_A|T,28311_C|T,28312_C|T,28681_G|T,28770_C|T,28881_G|A,28882_G|A,28883_G|C,29510_A|C,11288_11296,21633_21641,21765_21770,21992_21994,28362_28370
Denmark/DCGC-683785/2022	XBZ	241_C|T,670_T|G,1627_C|T,2790_C|T,2954_T|C,3037_C|T,4184_G|A,4321_C|T,6040_C|T,9344_C|T,9424_A|G,9534_C|T,10029_C|T,10198_C|T,10447_G|A,10449_C|A,11750_C|T,12160_G|A,12880_C|T,13714_G|A,14257_T|C,14408_C|T,15714_C|T,16935_G|A,17039_A|G,17410_C|T,18163_A|G,19955_C|T,20055_A|G,21618_C|T,21987_G|A,22200_T|G,22578_G|A,22599_G|C,22674_C|T,22679_T|C,22686_C|T,22688_A|G,22775_G|A,22786_A|C,22813_G|T,22858_C|T,22882_T|G,22893_A|C,22917_T|G,22942_T|A,22992_G|A,22995_C|A,23013_A|C,23018_T|G,23055_A|G,23063_A|T,23075_T|C,23086_C|T,23403_A|G,23525_C|T,23599_T|G,23604_C|A,23854_C|A,23948_G|T,24424_A|T,24469_T|A,25000_C|T,25584_C|T,26060_C|T,26270_C|T,26428_G|T,26529_G|A,26577_C|G,26709_G|A,27807_C|T,27889_C|T,28271_A|T,28311_C|T,28312_C|T,28681_G|T,28770_C|T,28881_G|A,28882_G|A,28883_G|C,29510_A|C,11288_11296,21633_21641,21765_21770,21992_21994,28362_28370
Denmark/DCGC-683813/2022	XBZ	241_C|T,670_T|G,1627_C|T,2790_C|T,2954_T|C,3037_C|T,4184_G|A,4321_C|T,6040_C|T,9344_C|T,9424_A|G,9534_C|T,10029_C|T,10198_C|T,10447_G|A,10449_C|A,11750_C|T,12160_G|A,12880_C|T,13714_G|A,14257_T|C,14408_C|T,15714_C|T,16935_G|A,17039_A|G,17410_C|T,18163_A|G,19955_C|T,20055_A|G,21618_C|T,21987_G|A,22200_T|G,22578_G|A,22599_G|C,22674_C|T,22679_T|C,22686_C|T,22688_A|G,22775_G|A,22786_A|C,22813_G|T,22858_C|T,22882_T|G,22893_A|C,22917_T|G,22942_T|A,22992_G|A,22995_C|A,23013_A|C,23018_T|G,23055_A|G,23063_A|T,23075_T|C,23086_C|T,23403_A|G,23525_C|T,23599_T|G,23604_C|A,23854_C|A,23948_G|T,24424_A|T,24469_T|A,25000_C|T,25584_C|T,26060_C|T,26270_C|T,26428_G|T,26529_G|A,26577_C|G,26709_G|A,27807_C|T,27889_C|T,28271_A|T,28311_C|T,28312_C|T,28681_G|T,28770_C|T,28881_G|A,28882_G|A,28883_G|C,29510_A|C,29546_C|A,11288_11296,21633_21641,21765_21770,21992_21994,28362_28370
Denmark/DCGC-683821/2022	XBZ	241_C|T,670_T|G,1627_C|T,2790_C|T,2954_T|C,3037_C|T,4184_G|A,4321_C|T,4756_T|C,6040_C|T,9344_C|T,9424_A|G,9534_C|T,10029_C|T,10198_C|T,10447_G|A,10449_C|A,11750_C|T,12160_G|A,12880_C|T,13714_G|A,14257_T|C,14408_C|T,15714_C|T,16935_G|A,17039_A|G,17410_C|T,18163_A|G,19955_C|T,20055_A|G,21618_C|T,21987_G|A,22200_T|G,22578_G|A,22599_G|C,22674_C|T,22679_T|C,22686_C|T,22688_A|G,22775_G|A,22786_A|C,22813_G|T,22858_C|T,22882_T|G,22893_A|C,22917_T|G,22942_T|A,22992_G|A,22995_C|A,23013_A|C,23018_T|G,23055_A|G,23063_A|T,23075_T|C,23086_C|T,23403_A|G,23525_C|T,23599_T|G,23604_C|A,23854_C|A,23948_G|T,24424_A|T,24469_T|A,25000_C|T,25584_C|T,26060_C|T,26270_C|T,26428_G|T,26529_G|A,26577_C|G,26709_G|A,27807_C|T,27889_C|T,28271_A|T,28311_C|T,28312_C|T,28681_G|T,28770_C|T,28881_G|A,28882_G|A,28883_G|C,29510_A|C,11288_11296,21633_21641,21765_21770,21992_21994,28362_28370
Denmark/DCGC-683923/2022	XBZ	241_C|T,670_T|G,1627_C|T,2790_C|T,2954_T|C,3037_C|T,4184_G|A,4321_C|T,6040_C|T,9344_C|T,9424_A|G,9534_C|T,10029_C|T,10198_C|T,10447_G|A,10449_C|A,11750_C|T,12160_G|A,12880_C|T,13714_G|A,14257_T|C,14408_C|T,15714_C|T,16935_G|A,17039_A|G,17410_C|T,18163_A|G,19955_C|T,20055_A|G,21618_C|T,21987_G|A,22200_T|G,22578_G|A,22599_G|C,22674_C|T,22679_T|C,22686_C|T,22688_A|G,22775_G|A,22786_A|C,22813_G|T,22858_C|T,22882_T|G,22893_A|C,22917_T|G,22942_T|A,22992_G|A,22995_C|A,23013_A|C,23018_T|G,23055_A|G,23063_A|T,23075_T|C,23086_C|T,23403_A|G,23525_C|T,23599_T|G,23604_C|A,23854_C|A,23948_G|T,24424_A|T,24469_T|A,25000_C|T,25584_C|T,26060_C|T,26270_C|T,26428_G|T,26529_G|A,26577_C|G,26709_G|A,27807_C|T,27889_C|T,28271_A|T,28311_C|T,28312_C|T,28681_G|T,28770_C|T,28881_G|A,28882_G|A,28883_G|C,29510_A|C,11288_11296,21633_21641,21765_21770,21992_21994,28362_28370
Denmark/DCGC-683924/2022	XBZ	241_C|T,670_T|G,1627_C|T,2790_C|T,2954_T|C,3037_C|T,4184_G|A,4321_C|T,6040_C|T,9344_C|T,9424_A|G,9534_C|T,10029_C|T,10198_C|T,10447_G|A,10449_C|A,11750_C|T,12160_G|A,12880_C|T,13714_G|A,14257_T|C,14408_C|T,15714_C|T,16935_G|A,17039_A|G,17410_C|T,18163_A|G,19955_C|T,20055_A|G,21618_C|T,21987_G|A,22200_T|G,22578_G|A,22599_G|C,22674_C|T,22679_T|C,22686_C|T,22688_A|G,22775_G|A,22786_A|C,22813_G|T,22858_C|T,22882_T|G,22893_A|C,22917_T|G,22942_T|A,22992_G|A,22995_C|A,23013_A|C,23018_T|G,23055_A|G,23063_A|T,23075_T|C,23086_C|T,23403_A|G,23525_C|T,23599_T|G,23604_C|A,23854_C|A,23948_G|T,24424_A|T,24469_T|A,25000_C|T,25584_C|T,26060_C|T,26270_C|T,26428_G|T,26529_G|A,26577_C|G,26709_G|A,27807_C|T,27889_C|T,28271_A|T,28311_C|T,28312_C|T,28681_G|T,28770_C|T,28881_G|A,28882_G|A,28883_G|C,29510_A|C,11288_11296,21633_21641,21765_21770,21992_21994,28362_28370
Denmark/DCGC-683926/2022	XBZ	241_C|T,670_T|G,2790_C|T,2954_T|C,3037_C|T,4184_G|A,4321_C|T,6040_C|T,9344_C|T,9424_A|G,9534_C|T,10029_C|T,10198_C|T,10447_G|A,10449_C|A,11750_C|T,12160_G|A,12880_C|T,13714_G|A,14257_T|C,14408_C|T,15714_C|T,16935_G|A,17039_A|G,17410_C|T,18163_A|G,19955_C|T,20055_A|G,21618_C|T,21987_G|A,22200_T|G,22578_G|A,22599_G|C,22674_C|T,22679_T|C,22686_C|T,22688_A|G,22775_G|A,22786_A|C,22813_G|T,22858_C|T,22882_T|G,22893_A|C,22917_T|G,22942_T|A,22992_G|A,22995_C|A,23013_A|C,23018_T|G,23055_A|G,23063_A|T,23075_T|C,23086_C|T,23403_A|G,23525_C|T,23599_T|G,23604_C|A,23854_C|A,23948_G|T,24424_A|T,24469_T|A,25000_C|T,25584_C|T,26060_C|T,26270_C|T,26428_G|T,26529_G|A,26577_C|G,26709_G|A,27807_C|T,27889_C|T,28271_A|T,28311_C|T,28312_C|T,28681_G|T,28770_C|T,28881_G|A,28882_G|A,28883_G|C,29510_A|C,11288_11296,21633_21641,21765_21770,21992_21994,28362_28370
Denmark/DCGC-683985/2022	XBZ	241_C|T,670_T|G,1627_C|T,2790_C|T,2954_T|C,3037_C|T,4184_G|A,4321_C|T,6040_C|T,9344_C|T,9424_A|G,9534_C|T,10029_C|T,10198_C|T,10447_G|A,10449_C|A,11750_C|T,12160_G|A,12880_C|T,13714_G|A,14257_T|C,14408_C|T,15714_C|T,16935_G|A,17039_A|G,17410_C|T,18163_A|G,19955_C|T,20055_A|G,21618_C|T,21987_G|A,22200_T|G,22578_G|A,22599_G|C,22674_C|T,22679_T|C,22686_C|T,22688_A|G,22775_G|A,22786_A|C,22813_G|T,22858_C|T,22882_T|G,22893_A|C,22917_T|G,22942_T|A,22992_G|A,22995_C|A,23013_A|C,23018_T|G,23055_A|G,23063_A|T,23075_T|C,23086_C|T,23403_A|G,23525_C|T,23599_T|G,23604_C|A,23854_C|A,23948_G|T,24424_A|T,24469_T|A,25000_C|T,25584_C|T,26060_C|T,26270_C|T,26428_G|T,26529_G|A,26577_C|G,26709_G|A,27807_C|T,27889_C|T,28271_A|T,28311_C|T,28312_C|T,28681_G|T,28770_C|T,28881_G|A,28882_G|A,28883_G|C,29510_A|C,11288_11296,21633_21641,21765_21770,21992_21994,28362_28370
Denmark/DCGC-684077/2022	XBZ	241_C|T,670_T|G,2790_C|T,2954_T|C,3037_C|T,4184_G|A,4321_C|T,6040_C|T,9344_C|T,9424_A|G,9534_C|T,10029_C|T,10198_C|T,10447_G|A,10449_C|A,11750_C|T,12160_G|A,12880_C|T,13714_G|A,14257_T|C,14408_C|T,15714_C|T,16935_G|A,17039_A|G,17410_C|T,18163_A|G,19955_C|T,20055_A|G,21618_C|T,21987_G|A,22200_T|G,22578_G|A,22599_G|C,22674_C|T,22679_T|C,22686_C|T,22688_A|G,22775_G|A,22786_A|C,22813_G|T,22858_C|T,22882_T|G,22893_A|C,22917_T|G,22942_T|A,22992_G|A,22995_C|A,23013_A|C,23018_T|G,23055_A|G,23063_A|T,23075_T|C,23086_C|T,23403_A|G,23525_C|T,23599_T|G,23604_C|A,23854_C|A,23948_G|T,24424_A|T,24469_T|A,25000_C|T,25584_C|T,26060_C|T,26270_C|T,26428_G|T,26529_G|A,26577_C|G,26709_G|A,27807_C|T,27889_C|T,28271_A|T,28311_C|T,28312_C|T,28681_G|T,28770_C|T,28881_G|A,28882_G|A,28883_G|C,29510_A|C,11288_11296,21633_21641,21765_21770,21992_21994,28362_28370
Denmark/DCGC-684240/2022	XBZ	241_C|T,670_T|G,1627_C|T,2790_C|T,2954_T|C,3037_C|T,4184_G|A,4321_C|T,6040_C|T,9344_C|T,9424_A|G,9534_C|T,10029_C|T,10198_C|T,10447_G|A,10449_C|A,11750_C|T,12160_G|A,12880_C|T,13714_G|A,14257_T|C,14408_C|T,15714_C|T,16935_G|A,17039_A|G,17410_C|T,18163_A|G,19955_C|T,20055_A|G,21618_C|T,21987_G|A,22200_T|G,22578_G|A,22599_G|C,22674_C|T,22679_T|C,22686_C|T,22688_A|G,22775_G|A,22786_A|C,22813_G|T,22858_C|T,22882_T|G,22893_A|C,22917_T|G,22942_T|A,22992_G|A,22995_C|A,23013_A|C,23018_T|G,23055_A|G,23063_A|T,23075_T|C,23086_C|T,23403_A|G,23525_C|T,23599_T|G,23604_C|A,23854_C|A,23948_G|T,24424_A|T,24469_T|A,25000_C|T,25584_C|T,26060_C|T,26270_C|T,26428_G|T,26529_G|A,26577_C|G,26709_G|A,27807_C|T,27889_C|T,28271_A|T,28311_C|T,28312_C|T,28681_G|T,28770_C|T,28881_G|A,28882_G|A,28883_G|C,29510_A|C,11288_11296,21633_21641,21765_21770,21992_21994,28362_28370
Denmark/DCGC-684445/2022	XBZ	241_C|T,670_T|G,1627_C|T,2790_C|T,2954_T|C,3037_C|T,4184_G|A,4321_C|T,6040_C|T,9344_C|T,9424_A|G,9534_C|T,10029_C|T,10198_C|T,10447_G|A,10449_C|A,11750_C|T,12160_G|A,12880_C|T,13714_G|A,14257_T|C,14408_C|T,15714_C|T,16935_G|A,17039_A|G,17410_C|T,18163_A|G,19955_C|T,20055_A|G,21618_C|T,21987_G|A,22200_T|G,22578_G|A,22599_G|C,22674_C|T,22679_T|C,22686_C|T,22688_A|G,22775_G|A,22786_A|C,22813_G|T,22858_C|T,22882_T|G,22893_A|C,22917_T|G,22942_T|A,22992_G|A,22995_C|A,23013_A|C,23018_T|G,23055_A|G,23063_A|T,23075_T|C,23086_C|T,23403_A|G,23525_C|T,23599_T|G,23604_C|A,23854_C|A,23948_G|T,24424_A|T,24469_T|A,25000_C|T,25584_C|T,26060_C|T,26270_C|T,26428_G|T,26529_G|A,26577_C|G,26709_G|A,27807_C|T,27889_C|T,28271_A|T,28311_C|T,28312_C|T,28681_G|T,28770_C|T,28881_G|A,28882_G|A,28883_G|C,29510_A|C,11288_11296,21633_21641,21765_21770,21992_21994,28362_28370
Denmark/DCGC-684891/2022	XBZ	241_C|T,670_T|G,1627_C|T,2790_C|T,2954_T|C,3037_C|T,4184_G|A,4321_C|T,6040_C|T,9344_C|T,9424_A|G,9534_C|T,10029_C|T,10198_C|T,10447_G|A,10449_C|A,11750_C|T,12160_G|A,12880_C|T,13714_G|A,14257_T|C,14408_C|T,15714_C|T,16935_G|A,17039_A|G,17410_C|T,18163_A|G,19955_C|T,20055_A|G,21618_C|T,21987_G|A,22200_T|G,22578_G|A,22599_G|C,22674_C|T,22679_T|C,22686_C|T,22688_A|G,22775_G|A,22786_A|C,22813_G|T,22858_C|T,22882_T|G,22893_A|C,22917_T|G,22942_T|A,22992_G|A,22995_C|A,23013_A|C,23018_T|G,23055_A|G,23063_A|T,23075_T|C,23086_C|T,23403_A|G,23525_C|T,23599_T|G,23604_C|A,23854_C|A,23948_G|T,24424_A|T,24469_T|A,25000_C|T,25584_C|T,26060_C|T,26270_C|T,26428_G|T,26529_G|A,26577_C|G,26709_G|A,27807_C|T,27889_C|T,28271_A|T,28311_C|T,28312_C|T,28681_G|T,28770_C|T,28881_G|A,28882_G|A,28883_G|C,29510_A|C,11288_11296,21633_21641,21765_21770,21992_21994,28362_28370
Denmark/DCGC-686022/2022	XBZ	241_C|T,670_T|G,1627_C|T,2790_C|T,2954_T|C,3037_C|T,4184_G|A,4321_C|T,6040_C|T,9344_C|T,9424_A|G,9534_C|T,9559_C|T,10029_C|T,10198_C|T,10447_G|A,10449_C|A,11750_C|T,12160_G|A,12880_C|T,13714_G|A,14257_T|C,14408_C|T,15714_C|T,16935_G|A,17039_A|G,17410_C|T,18163_A|G,19955_C|T,20055_A|G,21618_C|T,21987_G|A,22200_T|G,22578_G|A,22599_G|C,22674_C|T,22679_T|C,22686_C|T,22688_A|G,22775_G|A,22786_A|C,22813_G|T,22858_C|T,22882_T|G,22893_A|C,22917_T|G,22942_T|A,22992_G|A,22995_C|A,23013_A|C,23018_T|G,23055_A|G,23063_A|T,23075_T|C,23086_C|T,23403_A|G,23525_C|T,23599_T|G,23604_C|A,23854_C|A,23948_G|T,24424_A|T,24469_T|A,25000_C|T,25584_C|T,26060_C|T,26270_C|T,26428_G|T,26529_G|A,26577_C|G,26709_G|A,27807_C|T,27889_C|T,28271_A|T,28311_C|T,28312_C|T,28681_G|T,28770_C|T,28881_G|A,28882_G|A,28883_G|C,29510_A|C,11288_11296,21633_21641,21765_21770,21992_21994,28362_28370
Denmark/DCGC-686221/2022	XBZ	241_C|T,670_T|G,1627_C|T,2790_C|T,2954_T|C,3037_C|T,4184_G|A,4321_C|T,6040_C|T,9344_C|T,9424_A|G,9534_C|T,10029_C|T,10198_C|T,10447_G|A,10449_C|A,11750_C|T,12160_G|A,12880_C|T,13714_G|A,14257_T|C,14408_C|T,15714_C|T,16935_G|A,17039_A|G,17410_C|T,18163_A|G,19955_C|T,20055_A|G,21618_C|T,21987_G|A,22200_T|G,22578_G|A,22599_G|C,22674_C|T,22679_T|C,22686_C|T,22688_A|G,22775_G|A,22786_A|C,22813_G|T,22858_C|T,22882_T|G,22893_A|C,22917_T|G,22942_T|A,22992_G|A,22995_C|A,23013_A|C,23018_T|G,23055_A|G,23063_A|T,23075_T|C,23086_C|T,23403_A|G,23525_C|T,23599_T|G,23604_C|A,23854_C|A,23948_G|T,24424_A|T,24469_T|A,25000_C|T,25584_C|T,26060_C|T,26270_C|T,26428_G|T,26529_G|A,26577_C|G,26709_G|A,27807_C|T,27889_C|T,28271_A|T,28311_C|T,28312_C|T,28681_G|T,28770_C|T,28881_G|A,28882_G|A,28883_G|C,29510_A|C,11288_11296,21633_21641,21765_21770,21992_21994,28362_28370
Denmark/DCGC-686281/2022	XBZ	241_C|T,670_T|G,1627_C|T,2790_C|T,2954_T|C,3037_C|T,4184_G|A,4321_C|T,6040_C|T,9344_C|T,9424_A|G,9534_C|T,10029_C|T,10198_C|T,10447_G|A,10449_C|A,11750_C|T,12160_G|A,12880_C|T,13714_G|A,14257_T|C,14408_C|T,15714_C|T,16935_G|A,17039_A|G,17410_C|T,18163_A|G,19955_C|T,20055_A|G,21618_C|T,21987_G|A,22200_T|G,22578_G|A,22599_G|C,22674_C|T,22679_T|C,22686_C|T,22688_A|G,22775_G|A,22786_A|C,22813_G|T,22858_C|T,22882_T|G,22893_A|C,22917_T|G,22942_T|A,22992_G|A,22995_C|A,23013_A|C,23018_T|G,23055_A|G,23063_A|T,23075_T|C,23086_C|T,23403_A|G,23525_C|T,23599_T|G,23604_C|A,23854_C|A,23948_G|T,24424_A|T,24469_T|A,25000_C|T,25584_C|T,26060_C|T,26270_C|T,26428_G|T,26529_G|A,26577_C|G,26709_G|A,27807_C|T,27889_C|T,28271_A|T,28311_C|T,28312_C|T,28681_G|T,28770_C|T,28881_G|A,28882_G|A,28883_G|C,29510_A|C,11288_11296,21633_21641,21765_21770,21992_21994,28362_28370
Denmark/DCGC-686429/2022	XBZ	241_C|T,670_T|G,1627_C|T,2790_C|T,2954_T|C,3037_C|T,4184_G|A,4321_C|T,6040_C|T,9344_C|T,9424_A|G,9534_C|T,10029_C|T,10198_C|T,10447_G|A,10449_C|A,11750_C|T,12160_G|A,12880_C|T,13714_G|A,14257_T|C,14408_C|T,15714_C|T,16935_G|A,17039_A|G,17410_C|T,18163_A|G,19955_C|T,20055_A|G,21618_C|T,21987_G|A,22200_T|G,22578_G|A,22599_G|C,22674_C|T,22679_T|C,22686_C|T,22688_A|G,22775_G|A,22786_A|C,22813_G|T,22858_C|T,22882_T|G,22893_A|C,22917_T|G,22942_T|A,22992_G|A,22995_C|A,23013_A|C,23018_T|G,23055_A|G,23063_A|T,23075_T|C,23086_C|T,23403_A|G,23525_C|T,23599_T|G,23604_C|A,23854_C|A,23948_G|T,24424_A|T,24469_T|A,25000_C|T,25584_C|T,26060_C|T,26270_C|T,26428_G|T,26529_G|A,26577_C|G,26709_G|A,27807_C|T,27889_C|T,28271_A|T,28311_C|T,28312_C|T,28681_G|T,28770_C|T,28881_G|A,28882_G|A,28883_G|C,29510_A|C,11288_11296,21633_21641,21765_21770,21992_21994,28362_28370
Denmark/DCGC-686443/2023	XBZ	241_C|T,670_T|G,1180_A|T,1627_C|T,2790_C|T,2954_T|C,3037_C|T,4184_G|A,4321_C|T,6040_C|T,9344_C|T,9424_A|G,9534_C|T,10029_C|T,10198_C|T,10447_G|A,10449_C|A,11750_C|T,12160_G|A,12880_C|T,13714_G|A,14257_T|C,14408_C|T,15714_C|T,16935_G|A,17039_A|G,17410_C|T,18163_A|G,19955_C|T,20055_A|G,21618_C|T,21987_G|A,22200_T|G,22578_G|A,22599_G|C,22674_C|T,22679_T|C,22686_C|T,22688_A|G,22775_G|A,22786_A|C,22813_G|T,22858_C|T,22882_T|G,22893_A|C,22917_T|G,22942_T|A,22992_G|A,22995_C|A,23013_A|C,23018_T|G,23055_A|G,23063_A|T,23075_T|C,23086_C|T,23403_A|G,23525_C|T,23599_T|G,23604_C|A,23854_C|A,23948_G|T,24424_A|T,24469_T|A,25000_C|T,25584_C|T,26060_C|T,26270_C|T,26428_G|T,26529_G|A,26577_C|G,26709_G|A,27807_C|T,27889_C|T,28271_A|T,28311_C|T,28312_C|T,28681_G|T,28770_C|T,28881_G|A,28882_G|A,28883_G|C,29000_G|T,29510_A|C,11288_11296,21633_21641,21765_21770,21992_21994,28362_28370
Denmark/DCGC-686617/2022	XBZ	241_C|T,670_T|G,1180_A|T,2790_C|T,2954_T|C,3037_C|T,4184_G|A,4321_C|T,6040_C|T,9344_C|T,9424_A|G,9534_C|T,10029_C|T,10198_C|T,10447_G|A,10449_C|A,11750_C|T,12160_G|A,12880_C|T,13714_G|A,14257_T|C,14408_C|T,15714_C|T,16935_G|A,17039_A|G,17410_C|T,18163_A|G,19955_C|T,20055_A|G,21618_C|T,21987_G|A,22200_T|G,22578_G|A,22599_G|C,22674_C|T,22679_T|C,22686_C|T,22688_A|G,22775_G|A,22786_A|C,22813_G|T,22858_C|T,22882_T|G,22893_A|C,22917_T|G,22942_T|A,22992_G|A,22995_C|A,23013_A|C,23018_T|G,23055_A|G,23063_A|T,23075_T|C,23086_C|T,23403_A|G,23525_C|T,23599_T|G,23604_C|A,23854_C|A,23948_G|T,24424_A|T,24469_T|A,25000_C|T,25584_C|T,26060_C|T,26270_C|T,26428_G|T,26529_G|A,26577_C|G,26709_G|A,27807_C|T,27889_C|T,28271_A|T,28311_C|T,28312_C|T,28681_G|T,28770_C|T,28881_G|A,28882_G|A,28883_G|C,29510_A|C,11288_11296,21633_21641,21765_21770,21992_21994,28362_28370
Denmark/DCGC-686618/2022	XBZ	241_C|T,670_T|G,1627_C|T,2790_C|T,2954_T|C,3037_C|T,4184_G|A,4321_C|T,6040_C|T,9344_C|T,9424_A|G,9534_C|T,10029_C|T,10198_C|T,10447_G|A,10449_C|A,11750_C|T,12160_G|A,12880_C|T,13714_G|A,14257_T|C,14408_C|T,15714_C|T,16935_G|A,17039_A|G,17410_C|T,18163_A|G,19955_C|T,20055_A|G,21618_C|T,21987_G|A,22200_T|G,22578_G|A,22599_G|C,22674_C|T,22679_T|C,22686_C|T,22688_A|G,22775_G|A,22786_A|C,22813_G|T,22858_C|T,22882_T|G,22893_A|C,22917_T|G,22942_T|A,22992_G|A,22995_C|A,23013_A|C,23018_T|G,23055_A|G,23063_A|T,23075_T|C,23086_C|T,23403_A|G,23525_C|T,23599_T|G,23604_C|A,23854_C|A,23948_G|T,24424_A|T,24469_T|A,25000_C|T,25584_C|T,26060_C|T,26270_C|T,26428_G|T,26529_G|A,26577_C|G,26709_G|A,27807_C|T,27889_C|T,28271_A|T,28311_C|T,28312_C|T,28681_G|T,28770_C|T,28881_G|A,28882_G|A,28883_G|C,29510_A|C,11288_11296,21633_21641,21765_21770,21992_21994,28362_28370
Denmark/DCGC-686707/2022	XBZ	241_C|T,670_T|G,1627_C|T,2790_C|T,2954_T|C,3037_C|T,4184_G|A,4321_C|T,6040_C|T,6428_C|T,9344_C|T,9424_A|G,9534_C|T,10029_C|T,10198_C|T,10447_G|A,10449_C|A,11750_C|T,12160_G|A,12880_C|T,13714_G|A,14257_T|C,14408_C|T,15714_C|T,16935_G|A,17039_A|G,17410_C|T,18163_A|G,19955_C|T,20055_A|G,21618_C|T,21987_G|A,22200_T|G,22578_G|A,22599_G|C,22674_C|T,22679_T|C,22686_C|T,22688_A|G,22775_G|A,22786_A|C,22813_G|T,22858_C|T,22882_T|G,22893_A|C,22917_T|G,22942_T|A,22992_G|A,22995_C|A,23013_A|C,23018_T|G,23055_A|G,23063_A|T,23075_T|C,23086_C|T,23202_C|T,23403_A|G,23525_C|T,23599_T|G,23604_C|A,23854_C|A,23948_G|T,24424_A|T,24469_T|A,25000_C|T,25584_C|T,26060_C|T,26270_C|T,26428_G|T,26529_G|A,26577_C|G,26709_G|A,27807_C|T,27889_C|T,28271_A|T,28311_C|T,28312_C|T,28681_G|T,28770_C|T,28881_G|A,28882_G|A,28883_G|C,29510_A|C,11288_11296,21633_21641,21765_21770,21992_21994,28362_28370
England/PHEP-YYG8X8X/2023	XBZ	241_C|T,670_T|G,1627_C|T,2790_C|T,2954_T|C,3037_C|T,4184_G|A,4321_C|T,4756_T|C,6040_C|T,9344_C|T,9424_A|G,9534_C|T,10029_C|T,10198_C|T,10447_G|A,10449_C|A,11750_C|T,12160_G|A,12880_C|T,13714_G|A,14257_T|C,14408_C|T,15714_C|T,16935_G|A,17039_A|G,17410_C|T,18163_A|G,19955_C|T,20055_A|G,21618_C|T,21987_G|A,22200_T|G,22578_G|A,22599_G|C,22674_C|T,22679_T|C,22686_C|T,22688_A|G,22775_G|A,22786_A|C,22813_G|T,22858_C|T,22882_T|G,22893_A|C,22917_T|G,22942_T|A,22992_G|A,22995_C|A,23013_A|C,23018_T|G,23055_A|G,23063_A|T,23075_T|C,23086_C|T,23403_A|G,23525_C|T,23599_T|G,23604_C|A,23854_C|A,23948_G|T,24424_A|T,24469_T|A,25000_C|T,25584_C|T,26060_C|T,26270_C|T,26428_G|T,26529_G|A,26577_C|G,26709_G|A,27807_C|T,27889_C|T,28271_A|T,28311_C|T,28312_C|T,28681_G|T,28770_C|T,28881_G|A,28882_G|A,28883_G|C,29510_A|C,29688_G|T,11288_11296,21633_21641,21765_21770,21992_21994,28362_28370,29734_29759
England/QEUH-326B5575/2023	XBZ	241_C|T,670_T|G,683_C|T,1627_C|T,2790_C|T,2954_T|C,3037_C|T,4184_G|A,4321_C|T,6040_C|T,9344_C|T,9424_A|G,9534_C|T,10029_C|T,10198_C|T,10447_G|A,10449_C|A,11750_C|T,12160_G|A,12880_C|T,14257_T|C,14408_C|T,15714_C|T,16935_G|A,17039_A|G,17410_C|T,18163_A|G,19955_C|T,21618_C|T,21987_G|A,22200_T|G,22578_G|A,22599_G|C,22674_C|T,22679_T|C,22686_C|T,22688_A|G,22775_G|A,22786_A|C,22813_G|T,22858_C|T,22882_T|G,22893_A|C,22917_T|G,22942_T|A,22992_G|A,22995_C|A,23013_A|C,23018_T|G,23055_A|G,23063_A|T,23075_T|C,23086_C|T,23403_A|G,23525_C|T,23599_T|G,23604_C|A,23854_C|A,23948_G|T,24424_A|T,24469_T|A,25000_C|T,25584_C|T,26060_C|T,26270_C|T,26428_G|T,26529_G|A,26531_T|C,26577_C|G,26709_G|A,27382_G|C,27383_A|T,27384_T|C,27807_C|T,27889_C|T,28271_A|T,28311_C|T,28312_C|T,28681_G|T,28770_C|T,28881_G|A,28882_G|A,28883_G|C,29510_A|C,11288_11296,21633_21641,21765_21770,21992_21994,28362_28370,29734_29759
OX941245	XBZ	241_C|T,670_T|G,1627_C|T,2051_G|A,2790_C|T,2954_T|C,3037_C|T,4184_G|A,4321_C|T,6040_C|T,8139_C|T,9344_C|T,9424_A|G,9534_C|T,10029_C|T,10198_C|T,10447_G|A,10449_C|A,11750_C|T,12160_G|A,12880_C|T,14257_T|C,14408_C|T,15714_C|T,16935_G|A,17039_A|G,17410_C|T,18163_A|G,19955_C|T,20055_A|G,21024_T|C,21575_C|T,21618_C|T,21987_G|A,22200_T|G,22578_G|A,22599_G|C,22674_C|T,22679_T|C,22686_C|T,22688_A|G,22775_G|A,22786_A|C,22813_G|T,22858_C|T,22882_T|G,22893_A|C,22917_T|G,22942_T|A,22992_G|A,22995_C|A,23013_A|C,23018_T|G,23055_A|G,23063_A|T,23075_T|C,23086_C|T,23403_A|G,23499_G|A,23525_C|T,23599_T|G,23604_C|A,23854_C|A,23948_G|T,24378_C|T,24424_A|T,24469_T|A,25000_C|T,25584_C|T,26060_C|T,26270_C|T,26428_G|T,26529_G|A,26577_C|G,26709_G|A,27807_C|T,27889_C|T,28271_A|T,28311_C|T,28312_C|T,28681_G|T,28770_C|T,28881_G|A,28882_G|A,28883_G|C,29510_A|C,11288_11296,21633_21641,21765_21770,21992_21994,28362_28370
OX946168	XBZ	241_C|T,670_T|G,683_C|T,1627_C|T,2790_C|T,2954_T|C,3037_C|T,4184_G|A,4321_C|T,6040_C|T,7986_A|G,9344_C|T,9424_A|G,9534_C|T,10029_C|T,10198_C|T,10447_G|A,10449_C|A,11750_C|T,12160_G|A,12880_C|T,14257_T|C,14408_C|T,15714_C|T,16935_G|A,17039_A|G,17410_C|T,18163_A|G,19955_C|T,20055_A|G,21618_C|T,21987_G|A,22200_T|G,22578_G|A,22599_G|C,22674_C|T,22679_T|C,22686_C|T,22688_A|G,22775_G|A,22786_A|C,22858_C|T,22882_T|G,22893_A|C,22917_T|G,22942_T|A,22992_G|A,22995_C|A,23013_A|C,23018_T|G,23055_A|G,23063_A|T,23075_T|C,23086_C|T,23403_A|G,23525_C|T,23599_T|G,23604_C|A,23854_C|A,23948_G|T,24424_A|T,24469_T|A,25000_C|T,25584_C|T,26060_C|T,26270_C|T,26428_G|T,26529_G|A,26577_C|G,26709_G|A,27807_C|T,27889_C|T,28271_A|T,28311_C|T,28312_C|T,28681_G|T,28881_G|A,29510_A|C,11288_11296,21633_21641,21765_21770,21992_21994,28362_28370,29734_29759
OX947578	XBZ	241_C|T,343_G|T,670_T|G,1059_C|T,1627_C|T,2790_C|T,2954_T|C,3037_C|T,4184_G|A,4321_C|T,6040_C|T,6476_G|T,9344_C|T,9424_A|G,9534_C|T,10029_C|T,10198_C|T,10447_G|A,10449_C|A,11750_C|T,12160_G|A,12880_C|T,14257_T|C,14408_C|T,15402_A|G,15714_C|T,15720_C|T,16935_G|A,17039_A|G,17410_C|T,18163_A|G,19955_C|T,20055_A|G,20968_G|A,21987_G|A,22197_T|C,22200_T|G,22578_G|A,22599_G|C,22674_C|T,22679_T|C,22686_C|T,22688_A|G,22775_G|A,22786_A|C,22813_G|T,22858_C|T,22882_T|G,22893_A|C,22917_T|G,22942_T|A,22992_G|A,22995_C|A,23013_A|C,23018_T|G,23055_A|G,23063_A|T,23075_T|C,23086_C|T,23403_A|G,23525_C|T,23599_T|G,23604_C|A,23854_C|A,23948_G|T,24170_A|G,24424_A|T,24469_T|A,25000_C|T,25584_C|T,26060_C|T,26270_C|T,26428_G|T,26529_G|A,26577_C|G,26709_G|A,27807_C|T,27889_C|T,28271_A|T,28311_C|T,28312_C|T,28681_G|T,28770_C|T,28881_G|A,28882_G|A,28883_G|C,29510_A|C,11288_11296,21633_21641,21765_21770,21992_21994,28362_28370
OX947920	XBZ	241_C|T,670_T|G,1627_C|T,2790_C|T,2954_T|C,3037_C|T,4184_G|A,4321_C|T,6040_C|T,9344_C|T,9424_A|G,9534_C|T,10029_C|T,10198_C|T,10447_G|A,10449_C|A,11750_C|T,12160_G|A,12880_C|T,14257_T|C,14408_C|T,15714_C|T,16935_G|A,17039_A|G,17410_C|T,18163_A|G,19955_C|T,20055_A|G,21618_C|T,21987_G|A,22200_T|G,22578_G|A,22599_G|C,22674_C|T,22679_T|C,22686_C|T,22688_A|G,22775_G|A,22786_A|C,22813_G|T,22858_C|T,22882_T|G,22893_A|C,22917_T|G,22942_T|A,22992_G|A,22995_C|A,23013_A|C,23018_T|G,23055_A|G,23063_A|T,23075_T|C,23086_C|T,23403_A|G,23525_C|T,23599_T|G,23604_C|A,23854_C|A,23948_G|T,24424_A|T,24469_T|A,25000_C|T,25584_C|T,26060_C|T,26270_C|T,26428_G|T,26529_G|A,26577_C|G,26709_G|A,27807_C|T,27889_C|T,28271_A|T,28311_C|T,28312_C|T,28681_G|T,28770_C|T,28881_G|A,28882_G|A,28883_G|C,29510_A|C,11288_11296,21633_21641,21765_21770,21992_21994,28362_28370,29734_29759
OY042940	XBZ	241_C|T,670_T|G,1627_C|T,2790_C|T,2954_T|C,3037_C|T,4184_G|A,4321_C|T,6040_C|T,9344_C|T,9424_A|G,9534_C|T,10029_C|T,10198_C|T,10447_G|A,10449_C|A,10663_T|C,11750_C|T,12160_G|A,12880_C|T,13714_G|A,14257_T|C,14325_C|T,14408_C|T,15714_C|T,16935_G|A,17039_A|G,17410_C|T,18163_A|G,19955_C|T,20055_A|G,21618_C|T,21987_G|A,22200_T|G,22320_A|G,22578_G|A,22599_G|C,22674_C|T,22679_T|C,22686_C|T,22688_A|G,22775_G|A,22786_A|C,22813_G|T,22858_C|T,22882_T|G,22893_A|C,22917_T|G,22942_T|A,22992_G|A,22995_C|A,23013_A|C,23018_T|G,23055_A|G,23063_A|T,23075_T|C,23086_C|T,23403_A|G,23525_C|T,23599_T|G,23604_C|A,23854_C|A,23948_G|T,24424_A|T,24469_T|A,25000_C|T,25584_C|T,26060_C|T,26270_C|T,26428_G|T,26529_G|A,26577_C|G,26709_G|A,27807_C|T,27889_C|T,28271_A|T,28311_C|T,28312_C|T,28681_G|T,28770_C|T,28881_G|A,28882_G|A,28883_G|C,29510_A|C,11288_11296,21633_21641,21765_21770,21992_21994,28362_28370,29734_29759
OY044174	XBZ	241_C|T,670_T|G,1627_C|T,2790_C|T,2954_T|C,3037_C|T,4184_G|A,4321_C|T,6040_C|T,9344_C|T,9424_A|G,9534_C|T,10029_C|T,10198_C|T,10447_G|A,10449_C|A,10913_T|C,11750_C|T,12160_G|A,12880_C|T,14257_T|C,14408_C|T,15714_C|T,16935_G|A,17039_A|G,17410_C|T,18163_A|G,19955_C|T,20055_A|G,21618_C|T,21987_G|A,22200_T|G,22578_G|A,22599_G|C,22674_C|T,22679_T|C,22686_C|T,22688_A|G,22775_G|A,22786_A|C,22813_G|T,22858_C|T,22882_T|G,22893_A|C,22917_T|G,22942_T|A,22992_G|A,22995_C|A,23013_A|C,23018_T|G,23055_A|G,23063_A|T,23075_T|C,23086_C|T,23403_A|G,23525_C|T,23599_T|G,23604_C|A,23854_C|A,23948_G|T,24424_A|T,24469_T|A,25000_C|T,25584_C|T,26060_C|T,26270_C|T,26428_G|T,26529_G|A,26577_C|G,26709_G|A,27807_C|T,27889_C|T,28271_A|T,28311_C|T,28312_C|T,28681_G|T,28770_C|T,28881_G|A,28882_G|A,28883_G|C,29510_A|C,11288_11296,21633_21641,21765_21770,21992_21994,28362_28370
OY045123	XBZ	241_C|T,670_T|G,1627_C|T,2790_C|T,2954_T|C,3037_C|T,4184_G|A,4321_C|T,6040_C|T,9344_C|T,9424_A|G,9534_C|T,10029_C|T,10198_C|T,10447_G|A,10449_C|A,11750_C|T,12160_G|A,12880_C|T,14257_T|C,14408_C|T,15714_C|T,16935_G|A,17039_A|G,17410_C|T,18163_A|G,19955_C|T,20055_A|G,21618_C|T,21987_G|A,22200_T|G,22578_G|A,22599_G|C,22674_C|T,22679_T|C,22686_C|T,22688_A|G,22775_G|A,22786_A|C,22813_G|T,22858_C|T,22882_T|G,22893_A|C,22917_T|G,22942_T|A,23013_A|C,23018_T|G,23055_A|G,23063_A|T,23075_T|C,23086_C|T,23403_A|G,23525_C|T,23599_T|G,23604_C|A,23854_C|A,23948_G|T,24424_A|T,24469_T|A,25000_C|T,25584_C|T,26060_C|T,26270_C|T,26428_G|T,26529_G|A,26577_C|G,26709_G|A,27807_C|T,27889_C|T,28271_A|T,28311_C|T,28312_C|T,28681_G|T,28770_C|T,28881_G|A,28882_G|A,28883_G|C,29510_A|C,11288_11296,21633_21641,21765_21770,21992_21994,28362_28370
OY045137	XBZ	241_C|T,670_T|G,1627_C|T,2790_C|T,2954_T|C,3037_C|T,4184_G|A,4321_C|T,6040_C|T,7714_T|C,9344_C|T,9424_A|G,9534_C|T,10029_C|T,10198_C|T,10447_G|A,10449_C|A,11750_C|T,12160_G|A,12880_C|T,14257_T|C,14408_C|T,15714_C|T,16935_G|A,17039_A|G,17410_C|T,18163_A|G,19955_C|T,20055_A|G,21618_C|T,21987_G|A,22200_T|G,22578_G|A,22599_G|C,22674_C|T,22679_T|C,22686_C|T,22688_A|G,22775_G|A,22786_A|C,22813_G|T,22858_C|T,22882_T|G,22893_A|C,22917_T|G,22942_T|A,22992_G|A,22995_C|A,23013_A|C,23018_T|G,23055_A|G,23063_A|T,23075_T|C,23086_C|T,23403_A|G,23525_C|T,23599_T|G,23604_C|A,23854_C|A,23948_G|T,24424_A|T,24469_T|A,25000_C|T,25584_C|T,26060_C|T,26270_C|T,26428_G|T,26529_G|A,26577_C|G,26709_G|A,27807_C|T,27889_C|T,28271_A|T,28311_C|T,28312_C|T,28681_G|T,28770_C|T,28881_G|A,28882_G|A,28883_G|C,29510_A|C,11288_11296,21633_21641,21765_21770,21992_21994,28362_28370
OY049464	XBZ	241_C|T,670_T|G,1627_C|T,2790_C|T,2954_T|C,3037_C|T,4184_G|A,4321_C|T,6040_C|T,9344_C|T,9424_A|G,9534_C|T,10029_C|T,10198_C|T,10447_G|A,10449_C|A,12160_G|A,12880_C|T,14257_T|C,14408_C|T,15714_C|T,16935_G|A,17039_A|G,17410_C|T,18163_A|G,19955_C|T,20055_A|G,21618_C|T,21987_G|A,22200_T|G,22578_G|A,22599_G|C,22674_C|T,22679_T|C,22686_C|T,22688_A|G,22775_G|A,22813_G|T,22858_C|T,22882_T|G,22893_A|C,22917_T|G,22942_T|A,22992_G|A,22995_C|A,23013_A|C,23018_T|G,23055_A|G,23063_A|T,23075_T|C,23403_A|G,23525_C|T,23599_T|G,23604_C|A,23854_C|A,23948_G|T,24424_A|T,24469_T|A,25000_C|T,25584_C|T,26060_C|T,26428_G|T,26529_G|A,26577_C|G,26709_G|A,27807_C|T,28271_A|T,28311_C|T,28312_C|T,28681_G|T,28770_C|T,28881_G|A,28882_G|A,28883_G|C,29510_A|C,11288_11296,21633_21641,21765_21770,21992_21994,28362_28370,29734_29759
OY129175	XBZ	241_C|T,670_T|G,1627_C|T,2790_C|T,2954_T|C,3037_C|T,4184_G|A,4321_C|T,6040_C|T,9344_C|T,9424_A|G,9534_C|T,10029_C|T,10198_C|T,10447_G|A,10449_C|A,11750_C|T,12160_G|A,12880_C|T,14257_T|C,14408_C|T,15714_C|T,15936_A|C,16935_G|A,17039_A|G,17410_C|T,18163_A|G,19955_C|T,20055_A|G,21618_C|T,21987_G|A,22200_T|G,22578_G|A,22599_G|C,22674_C|T,22679_T|C,22686_C|T,22688_A|G,22775_G|A,22786_A|C,22813_G|T,22858_C|T,22882_T|G,22893_A|C,22917_T|G,22942_T|A,22992_G|A,22995_C|A,23013_A|C,23018_T|G,23055_A|G,23063_A|T,23075_T|C,23086_C|T,23403_A|G,23525_C|T,23599_T|G,23604_C|A,23854_C|A,23948_G|T,24424_A|T,24469_T|A,25000_C|T,25584_C|T,26060_C|T,26270_C|T,26428_G|T,26529_G|A,26577_C|G,26709_G|A,27807_C|T,28271_A|T,28311_C|T,28312_C|T,28681_G|T,28881_G|A,29510_A|C,11288_11296,21633_21641,21765_21770,21992_21994,28362_28370,29734_29759
OY164998	XBZ	241_C|T,670_T|G,1627_C|T,2790_C|T,2954_T|C,3037_C|T,4184_G|A,4321_C|T,6040_C|T,9344_C|T,9424_A|G,9534_C|T,10029_C|T,10198_C|T,10447_G|A,10449_C|A,11750_C|T,12160_G|A,12880_C|T,14257_T|C,14408_C|T,15714_C|T,16935_G|A,17039_A|G,17410_C|T,18163_A|G,19955_C|T,20055_A|G,21618_C|T,21987_G|A,22200_T|G,22578_G|A,22599_G|C,22674_C|T,22679_T|C,22686_C|T,22688_A|G,22775_G|A,22786_A|C,22813_G|T,22858_C|T,22882_T|G,22893_A|C,22917_T|G,22942_T|A,22992_G|A,22995_C|A,23013_A|C,23018_T|G,23055_A|G,23063_A|T,23075_T|C,23086_C|T,23403_A|G,23525_C|T,23599_T|G,23604_C|A,23854_C|A,23948_G|T,24424_A|T,24469_T|A,25000_C|T,25584_C|T,26060_C|T,26270_C|T,26428_G|T,26529_G|A,26577_C|G,26709_G|A,27807_C|T,27889_C|T,28271_A|T,28311_C|T,28312_C|T,28681_G|T,28770_C|T,28881_G|A,28882_G|A,28883_G|C,29510_A|C,11288_11296,21633_21641,21765_21770,21992_21994,28362_28370
OY170112	XBZ	241_C|T,670_T|G,683_C|T,1426_C|T,1627_C|T,2790_C|T,2954_T|C,3037_C|T,4184_G|A,4321_C|T,6040_C|T,7986_A|G,9344_C|T,9424_A|G,9534_C|T,10029_C|T,10198_C|T,10447_G|A,10449_C|A,11750_C|T,12160_G|A,12880_C|T,14257_T|C,14408_C|T,15714_C|T,16935_G|A,17039_A|G,17410_C|T,18163_A|G,19955_C|T,20055_A|G,21618_C|T,21987_G|A,22200_T|G,22578_G|A,22599_G|C,22674_C|T,22679_T|C,22686_C|T,22688_A|G,22775_G|A,22786_A|C,22813_G|T,22858_C|T,22882_T|G,22893_A|C,22917_T|G,22942_T|A,22992_G|A,22995_C|A,23013_A|C,23018_T|G,23055_A|G,23063_A|T,23075_T|C,23086_C|T,23403_A|G,23525_C|T,23599_T|G,23604_C|A,23854_C|A,23948_G|T,24424_A|T,24469_T|A,25000_C|T,25584_C|T,26060_C|T,26270_C|T,26428_G|T,26529_G|A,26577_C|G,26709_G|A,27807_C|T,27889_C|T,28271_A|T,28311_C|T,28312_C|T,28681_G|T,28770_C|T,28881_G|A,28882_G|A,28883_G|C,29510_A|C,11288_11296,21633_21641,21765_21770,21992_21994,28362_28370,29734_29759
OY173721	XBZ	241_C|T,670_T|G,1627_C|T,2790_C|T,2954_T|C,3037_C|T,4184_G|A,4321_C|T,6040_C|T,9344_C|T,9424_A|G,9534_C|T,10029_C|T,10198_C|T,10447_G|A,10449_C|A,11750_C|T,12160_G|A,12880_C|T,14257_T|C,14408_C|T,15714_C|T,15936_A|C,16935_G|A,17039_A|G,17410_C|T,18163_A|G,19955_C|T,20055_A|G,21618_C|T,21987_G|A,22200_T|G,22578_G|A,22599_G|C,22674_C|T,22679_T|C,22686_C|T,22688_A|G,22775_G|A,22786_A|C,22858_C|T,22882_T|G,22893_A|C,22917_T|G,22942_T|A,22992_G|A,22995_C|A,23013_A|C,23018_T|G,23055_A|G,23063_A|T,23075_T|C,23086_C|T,23403_A|G,23525_C|T,23599_T|G,23604_C|A,23854_C|A,23948_G|T,24424_A|T,24469_T|A,25000_C|T,25584_C|T,26060_C|T,26270_C|T,26428_G|T,26529_G|A,26577_C|G,26709_G|A,27807_C|T,27889_C|T,28271_A|T,28311_C|T,28312_C|T,28681_G|T,28770_C|T,28881_G|A,29510_A|C,11288_11296,21633_21641,21765_21770,21992_21994,28362_28370,29734_29759
OY176675	XBZ	241_C|T,670_T|G,1190_C|T,1627_C|T,2790_C|T,2954_T|C,3037_C|T,4184_G|A,4321_C|T,5037_G|A,6040_C|T,9344_C|T,9424_A|G,9534_C|T,10029_C|T,10198_C|T,10447_G|A,10449_C|A,11750_C|T,12160_G|A,12880_C|T,14257_T|C,14408_C|T,15714_C|T,15936_A|C,16935_G|A,17039_A|G,17410_C|T,18163_A|G,19955_C|T,20055_A|G,21618_C|T,21987_G|A,22200_T|G,22578_G|A,22599_G|C,22674_C|T,22679_T|C,22686_C|T,22688_A|G,22775_G|A,22786_A|C,22813_G|T,22858_C|T,22882_T|G,22893_A|C,22917_T|G,22942_T|A,22992_G|A,22995_C|A,23013_A|C,23018_T|G,23055_A|G,23063_A|T,23075_T|C,23086_C|T,23403_A|G,23525_C|T,23599_T|G,23604_C|A,23854_C|A,23948_G|T,24424_A|T,24469_T|A,25000_C|T,25584_C|T,26060_C|T,26270_C|T,26428_G|T,26529_G|A,26577_C|G,26709_G|A,27807_C|T,27889_C|T,28271_A|T,28311_C|T,28312_C|T,28681_G|T,28881_G|A,29510_A|C,11288_11296,21633_21641,21765_21770,21992_21994,28362_28370,29734_29759
OY176952	XBZ	44_C|T,241_C|T,670_T|G,1514_C|T,1627_C|T,2790_C|T,2954_T|C,3037_C|T,4184_G|A,4321_C|T,6040_C|T,9344_C|T,9424_A|G,9534_C|T,9861_T|C,10029_C|T,10198_C|T,10447_G|A,10449_C|A,11750_C|T,12160_G|A,12880_C|T,14257_T|C,14408_C|T,15714_C|T,16935_G|A,17039_A|G,17410_C|T,18163_A|G,18176_C|A,19955_C|T,20055_A|G,21618_C|T,21987_G|A,22200_T|G,22578_G|A,22599_G|C,22674_C|T,22679_T|C,22686_C|T,22688_A|G,22775_G|A,22786_A|C,22813_G|T,22858_C|T,22882_T|G,22893_A|C,22917_T|G,22942_T|A,22992_G|A,22995_C|A,23013_A|C,23018_T|G,23055_A|G,23063_A|T,23075_T|C,23086_C|T,23403_A|G,23525_C|T,23599_T|G,23604_C|A,23854_C|A,23948_G|T,24424_A|T,24469_T|A,25000_C|T,25584_C|T,26060_C|T,26270_C|T,26428_G|T,26529_G|A,26577_C|G,26709_G|A,27807_C|T,27889_C|T,28271_A|T,28311_C|T,28312_C|T,28681_G|T,28770_C|T,28881_G|A,28882_G|A,28883_G|C,29510_A|C,29868_G|A,11288_11296,21633_21641,21765_21770,21992_21994,28362_28370,29734_29759
OY177096	XBZ	241_C|T,670_T|G,1627_C|T,2197_C|T,2790_C|T,2954_T|C,3037_C|T,4184_G|A,4321_C|T,6040_C|T,9344_C|T,9424_A|G,9534_C|T,10029_C|T,10198_C|T,10447_G|A,10449_C|A,11750_C|T,12160_G|A,12880_C|T,14257_T|C,14408_C|T,15714_C|T,16935_G|A,17039_A|G,17410_C|T,18163_A|G,19955_C|T,20055_A|G,21618_C|T,21987_G|A,22200_T|G,22578_G|A,22599_G|C,22674_C|T,22679_T|C,22686_C|T,22688_A|G,22775_G|A,22786_A|C,22813_G|T,22858_C|T,22882_T|G,22893_A|C,22917_T|G,22942_T|A,22992_G|A,22995_C|A,23013_A|C,23018_T|G,23055_A|G,23063_A|T,23075_T|C,23086_C|T,23403_A|G,23525_C|T,23599_T|G,23604_C|A,23854_C|A,23948_G|T,24424_A|T,24469_T|A,25000_C|T,25584_C|T,26060_C|T,26270_C|T,26428_G|T,26529_G|A,26577_C|G,26709_G|A,27807_C|T,27889_C|T,28271_A|T,28311_C|T,28312_C|T,28681_G|T,28770_C|T,28881_G|A,28882_G|A,28883_G|C,29510_A|C,11288_11296,21633_21641,21765_21770,21992_21994,28362_28370
OY183056	XBZ	241_C|T,670_T|G,1627_C|T,2790_C|T,2954_T|C,3037_C|T,4184_G|A,4321_C|T,6040_C|T,9344_C|T,9424_A|G,9534_C|T,10029_C|T,10198_C|T,10447_G|A,10449_C|A,11750_C|T,12160_G|A,12880_C|T,14257_T|C,14408_C|T,15714_C|T,16935_G|A,17039_A|G,17410_C|T,18163_A|G,19955_C|T,20055_A|G,21618_C|T,21987_G|A,22200_T|G,22578_G|A,22599_G|C,22674_C|T,22679_T|C,22686_C|T,22688_A|G,22775_G|A,22786_A|C,22813_G|T,22858_C|T,22882_T|G,22893_A|C,22917_T|G,22942_T|A,22992_G|A,22995_C|A,23013_A|C,23018_T|G,23055_A|G,23063_A|T,23075_T|C,23086_C|T,23403_A|G,23525_C|T,23599_T|G,23604_C|A,23854_C|A,23948_G|T,24424_A|T,24469_T|A,25000_C|T,25584_C|T,26060_C|T,26270_C|T,26428_G|T,26529_G|A,26577_C|G,26709_G|A,27807_C|T,27889_C|T,28271_A|T,28311_C|T,28312_C|T,28681_G|T,28770_C|T,28881_G|A,28882_G|A,28883_G|C,29510_A|C,11288_11296,21633_21641,21765_21770,21992_21994,28362_28370,29734_29759
OY191536	XBZ	44_C|T,241_C|T,670_T|G,1627_C|T,2790_C|T,2954_T|C,3037_C|T,4184_G|A,4321_C|T,6040_C|T,9344_C|T,9424_A|G,9534_C|T,10029_C|T,10198_C|T,10447_G|A,10449_C|A,11750_C|T,12160_G|A,12880_C|T,14257_T|C,14408_C|T,15714_C|T,16935_G|A,17039_A|G,17410_C|T,18163_A|G,19955_C|T,20055_A|G,21618_C|T,21987_G|A,22200_T|G,22578_G|A,22599_G|C,22674_C|T,22679_T|C,22686_C|T,22688_A|G,22775_G|A,22786_A|C,22813_G|T,22858_C|T,22882_T|G,22893_A|C,22917_T|G,22942_T|A,22992_G|A,22995_C|A,23013_A|C,23018_T|G,23055_A|G,23063_A|T,23075_T|C,23086_C|T,23403_A|G,23525_C|T,23599_T|G,23604_C|A,23854_C|A,23948_G|T,24424_A|T,24469_T|A,25000_C|T,25584_C|T,26060_C|T,26270_C|T,26428_G|T,26529_G|A,26577_C|G,26709_G|A,27807_C|T,27889_C|T,28271_A|T,28311_C|T,28312_C|T,28681_G|T,28741_A|G,28770_C|T,28881_G|A,28882_G|A,28883_G|C,29510_A|C,29868_G|A,11288_11296,21633_21641,21765_21770,21992_21994,28362_28370,29734_29759
OY196765	XBZ	241_C|T,343_G|T,670_T|G,1059_C|T,1627_C|T,2790_C|T,2954_T|C,3037_C|T,4184_G|A,6040_C|T,6476_G|T,9344_C|T,9424_A|G,9534_C|T,10029_C|T,10198_C|T,10447_G|A,10449_C|A,11750_C|T,12160_G|A,12880_C|T,14257_T|C,14408_C|T,15402_A|G,15714_C|T,15720_C|T,16935_G|A,17039_A|G,17410_C|T,18163_A|G,19955_C|T,20055_A|G,20968_G|A,21987_G|A,22197_T|C,22200_T|G,22578_G|A,22599_G|C,22674_C|T,22679_T|C,22686_C|T,22688_A|G,22775_G|A,22786_A|C,22813_G|T,22858_C|T,22882_T|G,22893_A|C,22917_T|G,22942_T|A,22992_G|A,22995_C|A,23013_A|C,23018_T|G,23055_A|G,23063_A|T,23075_T|C,23086_C|T,23403_A|G,23525_C|T,23599_T|G,23604_C|A,23854_C|A,23948_G|T,24170_A|G,24424_A|T,24469_T|A,25000_C|T,25584_C|T,26060_C|T,26270_C|T,26428_G|T,26529_G|A,26577_C|G,26709_G|A,27807_C|T,27889_C|T,28271_A|T,28311_C|T,28312_C|T,28681_G|T,28770_C|T,28881_G|A,28882_G|A,28883_G|C,29510_A|C,11288_11296,21633_21641,21765_21770,21992_21994,28362_28370
OY229806	XBZ	241_C|T,670_T|G,1190_C|T,1627_C|T,2790_C|T,2954_T|C,3037_C|T,4184_G|A,4321_C|T,5037_G|A,6040_C|T,9344_C|T,9424_A|G,9534_C|T,10029_C|T,10198_C|T,10447_G|A,10449_C|A,11750_C|T,12160_G|A,12880_C|T,14257_T|C,14408_C|T,15714_C|T,15936_A|C,16935_G|A,17039_A|G,17410_C|T,18163_A|G,19955_C|T,20055_A|G,21087_T|C,21618_C|T,21987_G|A,22200_T|G,22578_G|A,22599_G|C,22674_C|T,22679_T|C,22686_C|T,22688_A|G,22775_G|A,22786_A|C,22813_G|T,22858_C|T,22882_T|G,22893_A|C,22917_T|G,22942_T|A,22992_G|A,22995_C|A,23013_A|C,23018_T|G,23055_A|G,23063_A|T,23075_T|C,23086_C|T,23403_A|G,23525_C|T,23599_T|G,23604_C|A,23854_C|A,23948_G|T,24424_A|T,24469_T|A,25000_C|T,25584_C|T,26060_C|T,26270_C|T,26428_G|T,26529_G|A,26577_C|G,26709_G|A,27807_C|T,27889_C|T,28271_A|T,28311_C|T,28312_C|T,28681_G|T,28881_G|A,515_520,11288_11296,21633_21641,21765_21770,21992_21994,28362_28370,29734_29759
OY234500	XBZ	241_C|T,670_T|G,1471_C|T,1627_C|T,2790_C|T,2954_T|C,3037_C|T,3987_C|T,4184_G|A,4321_C|T,6040_C|T,9344_C|T,9424_A|G,9534_C|T,10029_C|T,10198_C|T,10447_G|A,10449_C|A,11750_C|T,12160_G|A,12880_C|T,14257_T|C,14408_C|T,15714_C|T,16935_G|A,17039_A|G,17410_C|T,18163_A|G,19955_C|T,20055_A|G,21618_C|T,21987_G|A,22200_T|G,22578_G|A,22599_G|C,22674_C|T,22679_T|C,22686_C|T,22688_A|G,22775_G|A,22786_A|C,22813_G|T,22858_C|T,22882_T|G,22893_A|C,22917_T|G,22942_T|A,22992_G|A,22995_C|A,23013_A|C,23018_T|G,23055_A|G,23063_A|T,23075_T|C,23086_C|T,23403_A|G,23525_C|T,23599_T|G,23604_C|A,23854_C|A,23948_G|T,24424_A|T,24469_T|A,25000_C|T,25584_C|T,26060_C|T,26270_C|T,26428_G|T,26529_G|A,26577_C|G,26709_G|A,27807_C|T,27889_C|T,28271_A|T,28311_C|T,28312_C|T,28681_G|T,28770_C|T,28881_G|A,28882_G|A,28883_G|C,29510_A|C,29520_C|T,11288_11296,21633_21641,21765_21770,21992_21994,28362_28370
USA/CA-CDC-QDX44066943/2022	XBZ	241_C|T,670_T|G,1627_C|T,2790_C|T,2954_T|C,3037_C|T,4184_G|A,4321_C|T,6040_C|T,9344_C|T,9424_A|G,9534_C|T,10029_C|T,10198_C|T,10447_G|A,10449_C|A,11750_C|T,12160_G|A,12880_C|T,14257_T|C,14408_C|T,15714_C|T,16935_G|A,17039_A|G,17410_C|T,18163_A|G,19955_C|T,20055_A|G,20844_C|T,21618_C|T,21987_G|A,22200_T|G,22578_G|A,22599_G|C,22674_C|T,22679_T|C,22686_C|T,22688_A|G,22775_G|A,22786_A|C,22813_G|T,22858_C|T,22882_T|G,22893_A|C,22917_T|G,22942_T|A,22992_G|A,22995_C|A,23013_A|C,23018_T|G,23055_A|G,23063_A|T,23075_T|C,23086_C|T,23403_A|G,23525_C|T,23599_T|G,23604_C|A,23854_C|A,23948_G|T,24424_A|T,24469_T|A,25000_C|T,25584_C|T,26060_C|T,26270_C|T,26428_G|T,26529_G|A,26577_C|G,26709_G|A,27807_C|T,27889_C|T,28271_A|T,28311_C|T,28312_C|T,28681_G|T,28770_C|T,28881_G|A,28882_G|A,28883_G|C,29510_A|C,11288_11296,21633_21641,21765_21770,21992_21994,28362_28370,29734_29759
USA/CA-CDC-STM-HEXPRNGNV/2022	XBZ	44_C|T,241_C|T,670_T|G,1627_C|T,2790_C|T,2954_T|C,3037_C|T,4184_G|A,4321_C|T,6040_C|T,9344_C|T,9424_A|G,9534_C|T,10029_C|T,10198_C|T,10447_G|A,10449_C|A,11750_C|T,12160_G|A,12880_C|T,14257_T|C,14408_C|T,15714_C|T,16935_G|A,17039_A|G,17410_C|T,18163_A|G,19955_C|T,20055_A|G,20844_C|T,21618_C|T,21987_G|A,22200_T|G,22578_G|A,22599_G|C,22674_C|T,22679_T|C,22686_C|T,22688_A|G,22775_G|A,22786_A|C,22813_G|T,22858_C|T,22882_T|G,22893_A|C,22917_T|G,22942_T|A,22992_G|A,22995_C|A,23013_A|C,23018_T|G,23055_A|G,23063_A|T,23075_T|C,23086_C|T,23403_A|G,23525_C|T,23599_T|G,23604_C|A,23854_C|A,23948_G|T,24424_A|T,24469_T|A,25000_C|T,25584_C|T,26060_C|T,26270_C|T,26428_G|T,26529_G|A,26577_C|G,26709_G|A,27807_C|T,27889_C|T,28034_T|C,28271_A|T,28311_C|T,28312_C|T,28681_G|T,28770_C|T,28881_G|A,28882_G|A,28883_G|C,29510_A|C,11288_11296,21633_21641,21765_21770,21992_21994,28362_28370,29734_29759
USA/CA-GBW-H20-299-0587/2023	XBZ	241_C|T,670_T|G,1627_C|T,2051_G|A,2790_C|T,2954_T|C,3037_C|T,4184_G|A,4321_C|T,6040_C|T,7385_A|G,9344_C|T,9424_A|G,9534_C|T,10029_C|T,10198_C|T,10447_G|A,10449_C|A,11750_C|T,12160_G|A,12880_C|T,14257_T|C,14408_C|T,15714_C|T,16935_G|A,17039_A|G,17410_C|T,18025_G|A,18163_A|G,19955_C|T,20055_A|G,21618_C|T,21987_G|A,22200_T|G,22578_G|A,22599_G|C,22674_C|T,22679_T|C,22686_C|T,22688_A|G,22775_G|A,22786_A|C,22813_G|T,22858_C|T,22882_T|G,22893_A|C,22917_T|G,22942_T|A,22992_G|A,22995_C|A,23013_A|C,23018_T|G,23055_A|G,23063_A|T,23075_T|C,23086_C|T,23403_A|G,23525_C|T,23599_T|G,23604_C|A,23854_C|A,23948_G|T,24424_A|T,24469_T|A,25000_C|T,25584_C|T,26060_C|T,26270_C|T,26428_G|T,26529_G|A,26577_C|G,26709_G|A,27807_C|T,27889_C|T,28271_A|T,28311_C|T,28312_C|T,28681_G|T,28770_C|T,28881_G|A,28882_G|A,28883_G|C,29510_A|C,11288_11296,21633_21641,21765_21770,21992_21994,28362_28370,29734_29759
IMS-10116-CVDP-0A349A27-54D8-44DD-84DC-E33DA8FBC64F	XBZ	241_C|T,670_T|G,1627_C|T,2790_C|T,2954_T|C,3037_C|T,4184_G|A,4321_C|T,6040_C|T,9344_C|T,9424_A|G,9534_C|T,10029_C|T,10198_C|T,10447_G|A,10449_C|A,11750_C|T,12160_G|A,12880_C|T,14257_T|C,14408_C|T,15714_C|T,16935_G|A,17039_A|G,17410_C|T,18163_A|G,19955_C|T,20055_A|G,21618_C|T,21987_G|A,22200_T|G,22578_G|A,22599_G|C,22674_C|T,22679_T|C,22686_C|T,22688_A|G,22775_G|A,22786_A|C,22813_G|T,22858_C|T,22882_T|G,22893_A|C,22917_T|G,22942_T|A,22992_G|A,22995_C|A,23013_A|C,23018_T|G,23055_A|G,23063_A|T,23075_T|C,23086_C|T,23403_A|G,23525_C|T,23599_T|G,23604_C|A,23854_C|A,23948_G|T,24424_A|T,24469_T|A,25000_C|T,25584_C|T,26060_C|T,26270_C|T,26428_G|T,26529_G|A,26577_C|G,26709_G|A,27807_C|T,27889_C|T,28271_A|T,28311_C|T,28312_C|T,28681_G|T,28770_C|T,28881_G|A,28882_G|A,28883_G|C,29510_A|C,11288_11296,21633_21641,21765_21770,21992_21994,28362_28370
IMS-10173-CVDP-BFB2308C-FCBD-45F3-B3E6-F7BD1B1C44E5	XBZ	44_C|T,241_C|T,670_T|G,1627_C|T,2051_G|A,2790_C|T,2954_T|C,3037_C|T,4184_G|A,4321_C|T,6040_C|T,9344_C|T,9424_A|G,9534_C|T,10029_C|T,10198_C|T,10447_G|A,10449_C|A,11750_C|T,12160_G|A,12880_C|T,14257_T|C,14408_C|T,15714_C|T,16935_G|A,17039_A|G,17410_C|T,18025_G|A,18163_A|G,19955_C|T,20055_A|G,21618_C|T,21987_G|A,22200_T|G,22578_G|A,22599_G|C,22674_C|T,22679_T|C,22686_C|T,22688_A|G,22775_G|A,22786_A|C,22813_G|T,22858_C|T,22882_T|G,22893_A|C,22917_T|G,22942_T|A,22992_G|A,22995_C|A,23013_A|C,23018_T|G,23055_A|G,23063_A|T,23075_T|C,23086_C|T,23403_A|G,23525_C|T,23599_T|G,23604_C|A,23854_C|A,23948_G|T,24424_A|T,24469_T|A,24916_C|T,25000_C|T,25584_C|T,26029_C|A,26060_C|T,26270_C|T,26428_G|T,26529_G|A,26577_C|G,26709_G|A,27476_C|T,27807_C|T,27889_C|T,28271_A|T,28311_C|T,28312_C|T,28681_G|T,28770_C|T,28881_G|A,28882_G|A,28883_G|C,29510_A|C,11288_11296,21633_21641,21765_21770,28362_28370,29734_29759
IMS-10213-CVDP-EF833DDF-28DE-4AD1-AFF7-FC271F8586F2	XBZ	241_C|T,670_T|G,1471_C|T,1627_C|T,2790_C|T,2954_T|C,3037_C|T,4184_G|A,4321_C|T,6040_C|T,9344_C|T,9424_A|G,9534_C|T,10029_C|T,10198_C|T,10447_G|A,10449_C|A,11750_C|T,12160_G|A,12880_C|T,14257_T|C,14408_C|T,15714_C|T,16935_G|A,17039_A|G,17410_C|T,18163_A|G,19955_C|T,20055_A|G,21618_C|T,21987_G|A,22200_T|G,22578_G|A,22599_G|C,22674_C|T,22679_T|C,22686_C|T,22688_A|G,22775_G|A,22813_G|T,22858_C|T,22882_T|G,22893_A|C,22917_T|G,22942_T|A,22992_G|A,22995_C|A,23013_A|C,23018_T|G,23055_A|G,23063_A|T,23075_T|C,23086_C|T,23403_A|G,23525_C|T,23599_T|G,23604_C|A,23854_C|A,23948_G|T,24424_A|T,24469_T|A,25000_C|T,25584_C|T,26060_C|T,26428_G|T,26529_G|A,26577_C|G,26709_G|A,27807_C|T,27889_C|T,28271_A|T,28311_C|T,28312_C|T,28681_G|T,28770_C|T,28881_G|A,28882_G|A,28883_G|C,29510_A|C,11288_11296,21633_21641,21765_21770,21992_21994,28362_28370,29734_29759
IMS-10337-CVDP-8DCC19CE-34EF-402F-A80F-FAF152CF4295	XBZ	241_C|T,670_T|G,1627_C|T,2790_C|T,2954_T|C,3037_C|T,4184_G|A,4321_C|T,6040_C|T,9344_C|T,9424_A|G,9534_C|T,10029_C|T,10198_C|T,10369_C|T,10447_G|A,10449_C|A,11750_C|T,12160_G|A,12880_C|T,14257_T|C,14408_C|T,15714_C|T,16935_G|A,17039_A|G,17410_C|T,18163_A|G,19955_C|T,20055_A|G,21618_C|T,21987_G|A,22200_T|G,22578_G|A,22599_G|C,22674_C|T,22679_T|C,22686_C|T,22688_A|G,22775_G|A,22786_A|C,22813_G|T,22858_C|T,22882_T|G,22893_A|C,22917_T|G,22942_T|A,22992_G|A,22995_C|A,23013_A|C,23018_T|G,23055_A|G,23063_A|T,23075_T|C,23086_C|T,23525_C|T,23604_C|A,23854_C|A,23948_G|T,24424_A|T,24469_T|A,25000_C|T,25584_C|T,26060_C|T,26270_C|T,26428_G|T,26529_G|A,26577_C|G,26709_G|A,27807_C|T,27889_C|T,28271_A|T,28311_C|T,28312_C|T,28681_G|T,28881_G|A,28882_G|A,28883_G|C,29510_A|C,11288_11296,21633_21641,21765_21770,21992_21994,29734_29759
IMS-10350-CVDP-5DB29266-9C40-4CDA-8597-11AC7CD5FDA4	XBZ	241_C|T,670_T|G,1627_C|T,2790_C|T,2954_T|C,3037_C|T,4184_G|A,4321_C|T,6040_C|T,9344_C|T,9424_A|G,9534_C|T,9861_T|C,10029_C|T,10198_C|T,10447_G|A,10449_C|A,11083_G|T,11750_C|T,12160_G|A,12880_C|T,14257_T|C,14408_C|T,15714_C|T,16935_G|A,17039_A|G,17410_C|T,18163_A|G,19955_C|T,20055_A|G,21618_C|T,21987_G|A,22200_T|G,22578_G|A,22599_G|C,22674_C|T,22679_T|C,22686_C|T,22688_A|G,22775_G|A,22786_A|C,22813_G|T,22858_C|T,22882_T|G,22893_A|C,22917_T|G,22942_T|A,22992_G|A,22995_C|A,23013_A|C,23018_T|G,23055_A|G,23063_A|T,23075_T|C,23086_C|T,23403_A|G,23525_C|T,23599_T|G,23604_C|A,23854_C|A,23948_G|T,24424_A|T,24469_T|A,25000_C|T,25584_C|T,26060_C|T,26270_C|T,26428_G|T,26529_G|A,26577_C|G,26709_G|A,27807_C|T,27889_C|T,28271_A|T,28311_C|T,28312_C|T,28681_G|T,28770_C|T,28881_G|A,28882_G|A,28883_G|C,29510_A|C,11288_11296,21633_21641,21765_21770,21992_21994,28362_28370,29734_29759
IMS-11088-CVDP-849FE5B3-B917-4E42-9D43-66FA613CAC12	XBZ	241_C|T,670_T|G,1190_C|T,1627_C|T,2790_C|T,2954_T|C,3037_C|T,4184_G|A,4321_C|T,5037_G|A,6040_C|T,9344_C|T,9424_A|G,9534_C|T,10029_C|T,10198_C|T,10447_G|A,10449_C|A,11750_C|T,12160_G|A,12880_C|T,14257_T|C,14408_C|T,15714_C|T,15936_A|C,16935_G|A,17039_A|G,17410_C|T,18163_A|G,19955_C|T,20055_A|G,21618_C|T,21987_G|A,22200_T|G,22578_G|A,22599_G|C,22674_C|T,22679_T|C,22686_C|T,22688_A|G,22775_G|A,22786_A|C,22813_G|T,22858_C|T,22882_T|G,22893_A|C,22917_T|G,22942_T|A,22992_G|A,22995_C|A,23013_A|C,23018_T|G,23055_A|G,23063_A|T,23075_T|C,23086_C|T,23403_A|G,23525_C|T,23599_T|G,23604_C|A,23854_C|A,23948_G|T,24424_A|T,24469_T|A,25000_C|T,25584_C|T,26060_C|T,26270_C|T,26428_G|T,26529_G|A,26577_C|G,26709_G|A,27807_C|T,27889_C|T,28271_A|T,28311_C|T,28312_C|T,28681_G|T,28770_C|T,28881_G|A,28882_G|A,28883_G|C,29510_A|C,11288_11296,21633_21641,21765_21770,21992_21994,28362_28370,29734_29759
IMS-11088-CVDP-B70EA55B-0988-408F-8962-E7FBDA0AFA19	XBZ	241_C|T,670_T|G,1627_C|T,2051_G|A,2790_C|T,2954_T|C,3037_C|T,4184_G|A,4321_C|T,6040_C|T,8014_T|G,9344_C|T,9424_A|G,9534_C|T,9693_C|T,10029_C|T,10198_C|T,10447_G|A,10449_C|A,11750_C|T,12160_G|A,12880_C|T,14238_T|C,14257_T|C,14408_C|T,15714_C|T,15738_C|T,16935_G|A,17039_A|G,17410_C|T,18163_A|G,19955_C|T,20055_A|G,21618_C|T,21987_G|A,22200_T|G,22578_G|A,22599_G|C,22674_C|T,22679_T|C,22686_C|T,22688_A|G,22775_G|A,22786_A|C,22813_G|T,22858_C|T,22882_T|G,22893_A|C,22917_T|G,22942_T|A,22992_G|A,22995_C|A,23013_A|C,23018_T|G,23055_A|G,23063_A|T,23075_T|C,23086_C|T,23403_A|G,23525_C|T,23599_T|G,23604_C|A,23854_C|A,23948_G|T,24424_A|T,24469_T|A,25000_C|T,25584_C|T,26060_C|T,26270_C|T,26428_G|T,26529_G|A,26577_C|G,26709_G|A,27807_C|T,27889_C|T,28271_A|T,28311_C|T,28312_C|T,28681_G|T,28770_C|T,28881_G|A,28882_G|A,28883_G|C,29510_A|C,11288_11296,21633_21641,21765_21770,21992_21994,28362_28370,29734_29759
