genomeID	true_lineage	nuc_changes
DEU/BY-USAFSAM-S23297/2024	XEK	241_C|T,593_C|T,670_T|G,897_C|A,2790_C|T,3037_C|T,3431_G|T,3505_C|T,3565_T|C,3879_A|C,4184_G|A,4321_C|T,5133_A|C,5701_T|C,6183_A|G,7113_C|T,7842_A|G,8293_C|T,8393_G|A,9286_C|T,9344_C|T,9424_A|G,9534_C|T,10029_C|T,10198_C|T,10447_G|A,10449_C|A,11042_G|T,11727_G|A,12789_C|T,12815_C|T,12880_C|T,13339_T|C,14408_C|T,15714_C|T,15756_T|A,17410_C|T,18163_A|G,18492_A|G,18657_C|T,18894_C|T,19716_C|T,19955_C|T,20055_A|G,21618_C|T,21622_C|T,21624_G|C,21627_C|A,21711_C|T,21738_T|C,21941_G|T,21987_G|A,22032_T|C,22033_C|A,22034_A|G,22200_T|G,22208_C|T,22295_C|A,22353_C|A,22556_A|G,22577_G|C,22578_G|A,22629_A|C,22674_C|T,22679_T|C,22686_C|T,22688_A|G,22775_G|A,22786_A|C,22813_G|T,22882_T|G,22895_G|C,22896_T|A,22898_G|A,22910_A|G,22916_C|T,22917_T|G,22926_T|C,22928_T|C,22942_T|A,22992_G|A,22995_C|A,23005_T|A,23012_G|A,23018_T|C,23019_T|C,23039_C|G,23055_A|G,23063_A|T,23075_T|C,23222_G|A,23271_C|T,23403_A|G,23423_C|T,23525_C|T,23599_T|G,23604_C|G,23854_C|A,23948_G|T,24378_C|T,24424_A|T,24469_T|A,24872_G|T,24990_C|T,25000_C|T,25006_C|T,25207_C|T,25584_C|T,26060_C|T,26270_C|T,26529_G|C,26577_C|G,26610_A|G,26681_C|T,26709_G|A,26833_C|T,26858_C|T,27259_A|C,27382_G|C,27383_A|T,27384_T|C,27807_C|T,27810_T|C,27970_C|T,28271_A|T,28291_C|A,28311_C|T,28881_G|A,28882_G|A,28883_G|C,28884_G|C,28958_C|A,29510_A|C,11288_11296,21633_21641,21765_21770,21992_21994,22194_22196,23009_23011,28362_28370,29734_29759
Denmark/DCGC-689207/2024	XEK	241_C|T,593_C|T,670_T|G,897_C|A,2790_C|T,3037_C|T,3431_G|T,3505_C|T,3565_T|C,4184_G|A,4321_C|T,5701_T|C,6183_A|G,7113_C|T,7842_A|G,8293_C|T,8393_G|A,9286_C|T,9344_C|T,9424_A|G,9534_C|T,10029_C|T,10198_C|T,10447_G|A,10449_C|A,11042_G|T,11727_G|A,12789_C|T,12815_C|T,12880_C|T,13339_T|C,14408_C|T,15714_C|T,15756_T|A,17410_C|T,18163_A|G,18492_A|G,18657_C|T,18894_C|T,19716_C|T,19955_C|T,20055_A|G,21618_C|T,21622_C|T,21624_G|C,21627_C|A,21711_C|T,21738_T|C,21941_G|T,21987_G|A,22032_T|C,22033_C|A,22034_A|G,22200_T|G,22208_C|T,22295_C|A,22353_C|A,22556_A|G,22577_G|C,22578_G|A,22629_A|C,22674_C|T,22679_T|C,22686_C|T,22688_A|G,22770_G|A,22775_G|A,22786_A|C,22813_G|T,22882_T|G,22895_G|C,22896_T|A,22898_G|A,22910_A|G,22916_C|T,22917_T|G,22926_T|C,22928_T|C,22942_T|A,22992_G|A,22995_C|A,23005_T|A,23012_G|A,23018_T|C,23019_T|C,23039_C|G,23055_A|G,23063_A|T,23075_T|C,23222_G|A,23271_C|T,23403_A|G,23423_C|T,23525_C|T,23599_T|G,23604_C|G,23854_C|A,23948_G|T,24378_C|T,24424_A|T,24469_T|A,24872_G|T,24990_C|T,25000_C|T,25006_C|T,25207_C|T,25584_C|T,26060_C|T,26270_C|T,26529_G|C,26577_C|G,26610_A|G,26681_C|T,26709_G|A,26833_C|T,26858_C|T,27259_A|C,27382_G|C,27383_A|T,27384_T|C,27807_C|T,27810_T|C,28271_A|T,28291_C|A,28311_C|T,28881_G|A,28882_G|A,28883_G|C,28884_G|C,28958_C|A,29510_A|C,11288_11296,21633_21641,21765_21770,21992_21994,22194_22196,28362_28370,29734_29759,21608_.|TCATGCCGCTGT
Denmark/DCGC-689271/2024	XEK	44_C|T,241_C|T,593_C|T,670_T|G,897_C|A,2790_C|T,3037_C|T,3431_G|T,3505_C|T,3565_T|C,4184_G|A,4321_C|T,5701_T|C,6183_A|G,7113_C|T,7842_A|G,8293_C|T,8393_G|A,9286_C|T,9344_C|T,9424_A|G,9534_C|T,10029_C|T,10198_C|T,10447_G|A,10449_C|A,11042_G|T,11727_G|A,12789_C|T,12815_C|T,12880_C|T,13339_T|C,14408_C|T,15714_C|T,15756_T|A,17410_C|T,18163_A|G,18492_A|G,18657_C|T,18894_C|T,19716_C|T,19955_C|T,20055_A|G,21618_C|T,21622_C|T,21624_G|C,21627_C|A,21711_C|T,21738_T|C,21941_G|T,22032_T|C,22033_C|A,22034_A|G,22200_T|G,22208_C|T,22295_C|A,22353_C|A,22556_A|G,22577_G|C,22578_G|A,22629_A|C,22674_C|T,22679_T|C,22686_C|T,22688_A|G,22770_G|A,22775_G|A,22786_A|C,22813_G|T,22882_T|G,22895_G|C,22896_T|A,22898_G|A,22910_A|G,22916_C|T,22917_T|G,22926_T|C,22928_T|C,22942_T|A,22992_G|A,22995_C|A,23005_T|A,23012_G|A,23018_T|C,23019_T|C,23039_C|G,23055_A|G,23063_A|T,23075_T|C,23222_G|A,23271_C|T,23403_A|G,23423_C|T,23525_C|T,23599_T|G,23604_C|G,23854_C|A,23948_G|T,24378_C|T,24424_A|T,24469_T|A,24872_G|T,24990_C|T,25000_C|T,25006_C|T,25207_C|T,25584_C|T,26060_C|T,26270_C|T,26529_G|C,26577_C|G,26610_A|G,26681_C|T,26709_G|A,26833_C|T,26858_C|T,27259_A|C,27382_G|C,27383_A|T,27384_T|C,27807_C|T,27810_T|C,28271_A|T,28291_C|A,28311_C|T,28881_G|A,28882_G|A,28883_G|C,28884_G|C,28958_C|A,29510_A|C,11288_11296,21633_21641,21765_21770,21986_21994,22194_22196,28362_28370,29734_29759,21608_.|TCATGCCGCTGT
Denmark/DCGC-689370/2024	XEK	241_C|T,593_C|T,670_T|G,897_C|A,2790_C|T,3037_C|T,3431_G|T,3505_C|T,3565_T|C,4184_G|A,4321_C|T,5701_T|C,6183_A|G,7113_C|T,7842_A|G,8293_C|T,8393_G|A,9286_C|T,9344_C|T,9424_A|G,9534_C|T,10029_C|T,10198_C|T,10447_G|A,10449_C|A,11042_G|T,11727_G|A,12789_C|T,12815_C|T,12880_C|T,13339_T|C,14313_T|C,14408_C|T,15540_C|T,15714_C|T,15756_T|A,17400_T|C,17410_C|T,18163_A|G,18492_A|G,18657_C|T,18894_C|T,19716_C|T,19955_C|T,20055_A|G,21618_C|T,21622_C|T,21624_G|C,21627_C|A,21711_C|T,21738_T|C,21941_G|T,21987_G|A,22032_T|C,22033_C|A,22034_A|G,22200_T|G,22208_C|T,22295_C|A,22353_C|A,22556_A|G,22577_G|C,22578_G|A,22629_A|C,22674_C|T,22679_T|C,22686_C|T,22688_A|G,22770_G|A,22775_G|A,22786_A|C,22813_G|T,22882_T|G,22895_G|C,22896_T|A,22898_G|A,22910_A|G,22916_C|T,22917_T|G,22926_T|C,22928_T|C,22942_T|A,22992_G|A,22995_C|A,23005_T|A,23012_G|A,23018_T|C,23019_T|C,23039_C|G,23055_A|G,23063_A|T,23075_T|C,23222_G|A,23271_C|T,23403_A|G,23423_C|T,23525_C|T,23599_T|G,23604_C|G,23854_C|A,23948_G|T,24378_C|T,24424_A|T,24469_T|A,24872_G|T,24990_C|T,25000_C|T,25006_C|T,25207_C|T,25584_C|T,26060_C|T,26262_G|T,26270_C|T,26529_G|C,26577_C|G,26681_C|T,26709_G|A,26833_C|T,26858_C|T,27259_A|C,27382_G|C,27383_A|T,27384_T|C,27807_C|T,27810_T|C,28271_A|T,28291_C|A,28311_C|T,28881_G|A,28882_G|A,28883_G|C,28884_G|C,28958_C|A,29510_A|C,11288_11296,21633_21641,21765_21770,21992_21994,22194_22196,28362_28370,29734_29759,21608_.|TCATGCCGCTGT
Denmark/DCGC-689580/2024	XEK	241_C|T,593_C|T,670_T|G,897_C|A,2790_C|T,3037_C|T,3431_G|T,3505_C|T,3565_T|C,4184_G|A,4321_C|T,5701_T|C,6183_A|G,7113_C|T,7842_A|G,8293_C|T,8393_G|A,9286_C|T,9344_C|T,9424_A|G,9534_C|T,10029_C|T,10198_C|T,10447_G|A,10449_C|A,11042_G|T,11727_G|A,12789_C|T,12815_C|T,12880_C|T,13339_T|C,14408_C|T,15714_C|T,15756_T|A,17410_C|T,18163_A|G,18492_A|G,18657_C|T,18894_C|T,19716_C|T,19955_C|T,20055_A|G,21618_C|T,21622_C|T,21624_G|C,21627_C|A,21711_C|T,21738_T|C,21941_G|T,21987_G|A,22032_T|C,22033_C|A,22034_A|G,22200_T|G,22208_C|T,22295_C|A,22353_C|A,22556_A|G,22577_G|C,22578_G|A,22629_A|C,22674_C|T,22679_T|C,22686_C|T,22688_A|G,22770_G|A,22775_G|A,22786_A|C,22813_G|T,22882_T|G,22895_G|C,22896_T|A,22898_G|A,22910_A|G,22916_C|T,22917_T|G,22926_T|C,22928_T|C,22942_T|A,22992_G|A,22995_C|A,23005_T|A,23012_G|A,23018_T|C,23019_T|C,23039_C|G,23055_A|G,23063_A|T,23075_T|C,23222_G|A,23271_C|T,23403_A|G,23423_C|T,23525_C|T,23599_T|G,23604_C|G,23854_C|A,23948_G|T,24378_C|T,24424_A|T,24469_T|A,24872_G|T,24990_C|T,25000_C|T,25006_C|T,25207_C|T,25584_C|T,26060_C|T,26270_C|T,26529_G|C,26577_C|G,26610_A|G,26681_C|T,26709_G|A,26833_C|T,26858_C|T,27259_A|C,27382_G|C,27383_A|T,27384_T|C,27807_C|T,27810_T|C,28094_T|C,28271_A|T,28291_C|A,28311_C|T,28881_G|A,28882_G|A,28883_G|C,28884_G|C,28958_C|A,29510_A|C,11288_11296,21633_21641,21765_21770,21992_21994,22194_22196,28362_28370,29734_29759,21608_.|TCATGCCGCTGT
Denmark/DCGC-689688/2024	XEK	241_C|T,593_C|T,670_T|G,897_C|A,2790_C|T,3037_C|T,3287_G|A,3431_G|T,3505_C|T,3565_T|C,4184_G|A,4321_C|T,5701_T|C,6183_A|G,7113_C|T,7842_A|G,8293_C|T,8393_G|A,9286_C|T,9344_C|T,9424_A|G,9534_C|T,10029_C|T,10198_C|T,10447_G|A,10449_C|A,11042_G|T,11727_G|A,12789_C|T,12815_C|T,12880_C|T,13339_T|C,14408_C|T,15714_C|T,15756_T|A,17410_C|T,18163_A|G,18492_A|G,18657_C|T,18894_C|T,19716_C|T,19955_C|T,20055_A|G,21618_C|T,21622_C|T,21624_G|C,21627_C|A,21711_C|T,21738_T|C,21859_C|T,21941_G|T,21987_G|A,22032_T|C,22033_C|A,22034_A|G,22200_T|G,22208_C|T,22295_C|A,22353_C|A,22556_A|G,22577_G|C,22578_G|A,22629_A|C,22674_C|T,22679_T|C,22686_C|T,22688_A|G,22770_G|A,22775_G|A,22786_A|C,22813_G|T,22882_T|G,22895_G|C,22896_T|A,22898_G|A,22910_A|G,22916_C|T,22917_T|G,22926_T|C,22928_T|C,22942_T|A,22992_G|A,22995_C|A,23005_T|A,23012_G|A,23018_T|C,23019_T|C,23039_C|G,23055_A|G,23063_A|T,23075_T|C,23222_G|A,23271_C|T,23403_A|G,23423_C|T,23525_C|T,23599_T|G,23604_C|G,23671_T|C,23854_C|A,23948_G|T,24378_C|T,24424_A|T,24469_T|A,24872_G|T,24990_C|T,25000_C|T,25006_C|T,25207_C|T,25584_C|T,26060_C|T,26270_C|T,26529_G|C,26577_C|G,26610_A|G,26681_C|T,26709_G|A,26833_C|T,26858_C|T,27259_A|C,27382_G|C,27383_A|T,27384_T|C,27807_C|T,27810_T|C,28271_A|T,28291_C|A,28311_C|T,28881_G|A,28882_G|A,28883_G|C,28884_G|C,28958_C|A,29510_A|C,11288_11296,21633_21641,21765_21770,21992_21994,22194_22196,28362_28370,29734_29759,21608_.|TCATGCCGCTGT
Denmark/DCGC-689873/2024	XEK	241_C|T,593_C|T,670_T|G,897_C|A,2790_C|T,3037_C|T,3431_G|T,3505_C|T,3565_T|C,4184_G|A,4321_C|T,5701_T|C,6183_A|G,7113_C|T,7842_A|G,8293_C|T,8393_G|A,9286_C|T,9344_C|T,9424_A|G,9534_C|T,10029_C|T,10198_C|T,10447_G|A,10449_C|A,11042_G|T,11727_G|A,12789_C|T,12815_C|T,12880_C|T,13339_T|C,14408_C|T,15714_C|T,15756_T|A,17410_C|T,18163_A|G,18492_A|G,18657_C|T,18894_C|T,19716_C|T,19955_C|T,20055_A|G,21618_C|T,21622_C|T,21624_G|C,21627_C|A,21711_C|T,21738_T|C,21941_G|T,21987_G|A,22032_T|C,22033_C|A,22034_A|G,22200_T|G,22208_C|T,22295_C|A,22353_C|A,22556_A|G,22577_G|C,22578_G|A,22629_A|C,22674_C|T,22679_T|C,22686_C|T,22688_A|G,22770_G|A,22775_G|A,22786_A|C,22813_G|T,22882_T|G,22895_G|C,22896_T|A,22898_G|A,22910_A|G,22916_C|T,22917_T|G,22926_T|C,22928_T|C,22942_T|A,22992_G|A,22995_C|A,23005_T|A,23012_G|A,23018_T|C,23019_T|C,23039_C|G,23055_A|G,23063_A|T,23075_T|C,23222_G|A,23271_C|T,23403_A|G,23423_C|T,23525_C|T,23599_T|G,23604_C|G,23854_C|A,23948_G|T,24378_C|T,24424_A|T,24469_T|A,24872_G|T,24990_C|T,25000_C|T,25006_C|T,25207_C|T,25584_C|T,26060_C|T,26270_C|T,26529_G|C,26577_C|G,26610_A|G,26681_C|T,26709_G|A,26833_C|T,26858_C|T,27259_A|C,27382_G|C,27383_A|T,27384_T|C,27807_C|T,27810_T|C,28094_T|C,28271_A|T,28291_C|A,28311_C|T,28881_G|A,28882_G|A,28883_G|C,28884_G|C,28958_C|A,29510_A|C,11288_11296,21633_21641,21765_21770,21992_21994,22194_22196,28362_28370,29734_29759,21608_.|TCATGCCGCTGT
Denmark/DCGC-689987/2024	XEK	44_C|T,241_C|T,593_C|T,670_T|G,897_C|A,2790_C|T,3037_C|T,3431_G|T,3505_C|T,3565_T|C,4184_G|A,4321_C|T,5701_T|C,6183_A|G,7113_C|T,7842_A|G,8293_C|T,8393_G|A,9286_C|T,9344_C|T,9424_A|G,9451_C|T,9534_C|T,10029_C|T,10198_C|T,10447_G|A,10449_C|A,11042_G|C,11727_G|A,12789_C|T,12815_C|T,12880_C|T,13119_C|T,13339_T|C,14408_C|T,15714_C|T,15756_T|A,17410_C|T,18163_A|G,18492_A|G,18657_C|T,18894_C|T,19716_C|T,19955_C|T,20055_A|G,21618_C|T,21622_C|T,21624_G|C,21627_C|A,21711_C|T,21738_T|C,21941_G|T,21987_G|A,22032_T|C,22033_C|A,22034_A|G,22200_T|G,22208_C|T,22295_C|A,22353_C|A,22556_A|G,22577_G|C,22578_G|A,22629_A|C,22674_C|T,22679_T|C,22686_C|T,22688_A|G,22770_G|A,22775_G|A,22786_A|C,22813_G|T,22882_T|G,22895_G|C,22896_T|A,22898_G|A,22910_A|G,22916_C|T,22917_T|G,22926_T|C,22928_T|C,22942_T|A,22992_G|A,22995_C|A,23005_T|A,23012_G|A,23018_T|C,23019_T|C,23039_C|G,23055_A|G,23063_A|T,23075_T|C,23222_G|A,23271_C|T,23403_A|G,23423_C|T,23525_C|T,23599_T|G,23604_C|G,23854_C|A,23948_G|T,24378_C|T,24424_A|T,24469_T|A,24872_G|T,24990_C|T,25000_C|T,25006_C|T,25207_C|T,25584_C|T,26060_C|T,26270_C|T,26529_G|C,26577_C|G,26610_A|G,26681_C|T,26709_G|A,26833_C|T,26858_C|T,27259_A|C,27382_G|C,27383_A|T,27384_T|C,27807_C|T,27810_T|C,28271_A|T,28291_C|A,28311_C|T,28881_G|A,28882_G|A,28883_G|C,28884_G|C,28958_C|A,29510_A|C,11288_11296,21633_21641,21765_21770,21992_21994,22194_22196,28362_28370,29734_29759,21608_.|TCATTCCGCTGT
Denmark/DCGC-689993/2024	XEK	241_C|T,593_C|T,670_T|G,897_C|A,2790_C|T,3037_C|T,3431_G|T,3505_C|T,3565_T|C,4184_G|A,4321_C|T,5701_T|C,6183_A|G,7113_C|T,7842_A|G,8293_C|T,8393_G|A,9286_C|T,9344_C|T,9424_A|G,9534_C|T,10029_C|T,10198_C|T,10447_G|A,10449_C|A,11042_G|T,11727_G|A,12789_C|T,12815_C|T,12880_C|T,13339_T|C,14408_C|T,15714_C|T,15735_T|C,15756_T|A,17410_C|T,17440_C|T,18163_A|G,18492_A|G,18657_C|T,18894_C|T,19716_C|T,19862_C|T,19955_C|T,20055_A|G,21618_C|T,21622_C|T,21624_G|C,21627_C|A,21711_C|T,21738_T|C,21941_G|T,21987_G|A,22032_T|C,22033_C|A,22034_A|G,22200_T|G,22208_C|T,22295_C|A,22353_C|A,22556_A|G,22577_G|C,22578_G|A,22629_A|C,22674_C|T,22679_T|C,22686_C|T,22688_A|G,22770_G|A,22775_G|A,22786_A|C,22813_G|T,22882_T|G,22895_G|C,22896_T|A,22898_G|A,22910_A|G,22916_C|T,22917_T|G,22926_T|C,22928_T|C,22942_T|A,22992_G|A,22995_C|A,23005_T|A,23012_G|A,23018_T|C,23019_T|C,23039_C|G,23055_A|G,23063_A|T,23075_T|C,23222_G|A,23271_C|T,23403_A|G,23423_C|T,23525_C|T,23599_T|G,23604_C|G,23854_C|A,23948_G|T,24378_C|T,24424_A|T,24469_T|A,24872_G|T,24990_C|T,25000_C|T,25006_C|T,25207_C|T,25584_C|T,26060_C|T,26270_C|T,26529_G|C,26577_C|G,26610_A|G,26681_C|T,26709_G|A,26833_C|T,26858_C|T,27259_A|C,27382_G|C,27383_A|T,27384_T|C,27807_C|T,27810_T|C,28271_A|T,28291_C|A,28311_C|T,28881_G|A,28882_G|A,28883_G|C,28884_G|C,28958_C|A,29510_A|C,29515_T|A,11288_11296,21633_21641,21765_21770,21992_21994,22194_22196,28362_28370,29734_29759,21608_.|TCATGCCGCTGT
Denmark/DCGC-690502/2024	XEK	241_C|T,593_C|T,670_T|G,897_C|A,1883_G|A,2790_C|T,3037_C|T,3431_G|T,3505_C|T,3565_T|C,4184_G|A,4321_C|T,5701_T|C,6183_A|G,7113_C|T,7842_A|G,8293_C|T,8393_G|A,9286_C|T,9344_C|T,9424_A|G,9534_C|T,10029_C|T,10198_C|T,10447_G|A,10449_C|A,11042_G|T,11727_G|A,12789_C|T,12815_C|T,12880_C|T,13339_T|C,14408_C|T,15600_C|T,15714_C|T,15756_T|A,17410_C|T,18163_A|G,18492_A|G,18657_C|T,18894_C|T,19716_C|T,19955_C|T,20055_A|G,21294_T|A,21295_G|A,21296_G|A,21618_C|T,21622_C|T,21624_G|C,21627_C|A,21711_C|T,21738_T|C,21941_G|T,21987_G|A,22032_T|C,22033_C|A,22034_A|G,22200_T|G,22208_C|T,22295_C|A,22353_C|A,22556_A|G,22577_G|C,22578_G|A,22629_A|C,22674_C|T,22679_T|C,22686_C|T,22688_A|G,22775_G|A,22786_A|C,22813_G|T,22882_T|G,22895_G|C,22896_T|A,22898_G|A,22910_A|G,22916_C|T,22917_T|G,22926_T|C,22928_T|C,22942_T|A,22992_G|A,22995_C|A,23005_T|A,23012_G|A,23018_T|C,23019_T|C,23039_C|G,23055_A|G,23063_A|T,23075_T|C,23222_G|A,23271_C|T,23403_A|G,23423_C|T,23525_C|T,23599_T|G,23604_C|G,23854_C|A,23948_G|T,24378_C|T,24424_A|T,24469_T|A,24872_G|T,24990_C|T,25000_C|T,25006_C|T,25207_C|T,25584_C|T,26060_C|T,26158_G|A,26270_C|T,26529_G|C,26577_C|G,26610_A|G,26681_C|T,26709_G|A,26833_C|T,26858_C|T,27259_A|C,27382_G|C,27383_A|T,27384_T|C,27807_C|T,27810_T|C,28271_A|T,28291_C|A,28311_C|T,28744_C|T,28881_G|A,28882_G|A,28883_G|C,28884_G|C,28958_C|A,29510_A|C,11288_11296,21633_21641,21765_21770,21992_21994,22194_22196,28362_28370,29734_29759,21608_.|TCATGCCGCTGT
Denmark/DCGC-690662/2024	XEK	241_C|T,593_C|T,670_T|G,897_C|A,2790_C|T,3037_C|T,3431_G|T,3505_C|T,3565_T|C,4184_G|A,4321_C|T,5701_T|C,6183_A|G,7113_C|T,7842_A|G,8293_C|T,8393_G|A,9286_C|T,9344_C|T,9424_A|G,9534_C|T,10029_C|T,10198_C|T,10447_G|A,10449_C|A,11042_G|T,11727_G|A,12789_C|T,12815_C|T,12880_C|T,13339_T|C,14408_C|T,15714_C|T,15756_T|A,17410_C|T,18163_A|G,18492_A|G,18657_C|T,18894_C|T,19716_C|T,19955_C|T,20055_A|G,21618_C|T,21622_C|T,21624_G|C,21627_C|A,21711_C|T,21738_T|C,21941_G|T,21987_G|A,22032_T|C,22033_C|A,22034_A|G,22200_T|G,22208_C|T,22295_C|A,22353_C|A,22413_C|T,22556_A|G,22577_G|C,22578_G|A,22629_A|C,22674_C|T,22679_T|C,22686_C|T,22688_A|G,22770_G|A,22775_G|A,22786_A|C,22813_G|T,22882_T|G,22895_G|C,22896_T|A,22898_G|A,22910_A|G,22916_C|T,22917_T|G,22926_T|C,22928_T|C,22942_T|A,22992_G|A,22995_C|A,23005_T|A,23012_G|A,23018_T|C,23019_T|C,23039_C|G,23055_A|G,23063_A|T,23075_T|C,23222_G|A,23271_C|T,23403_A|G,23423_C|T,23525_C|T,23599_T|G,23604_C|G,23854_C|A,23948_G|T,24378_C|T,24424_A|T,24469_T|A,24872_G|T,24990_C|T,25000_C|T,25006_C|T,25207_C|T,25584_C|T,26060_C|T,26270_C|T,26529_G|C,26577_C|G,26610_A|G,26681_C|T,26709_G|A,26833_C|T,26858_C|T,27259_A|C,27382_G|C,27383_A|T,27384_T|C,27807_C|T,27810_T|C,28094_T|C,28271_A|T,28291_C|A,28311_C|T,28881_G|A,28882_G|A,28883_G|C,28884_G|C,28958_C|A,29510_A|C,11288_11296,21633_21641,21765_21770,21992_21994,22194_22196,28362_28370,29734_29759,21608_.|TCATGCCGCTGT
Denmark/DCGC-690749/2024	XEK	44_C|T,241_C|T,593_C|T,670_T|G,897_C|A,2790_C|T,3037_C|T,3431_G|T,3505_C|T,3565_T|C,4184_G|A,4321_C|T,5701_T|C,6183_A|G,7113_C|T,7842_A|G,7926_C|T,8293_C|T,8393_G|A,9286_C|T,9344_C|T,9424_A|G,9534_C|T,10029_C|T,10198_C|T,10447_G|A,10449_C|A,11042_G|T,11727_G|A,12789_C|T,12815_C|T,12880_C|T,13339_T|C,14408_C|T,15714_C|T,15756_T|A,17410_C|T,18163_A|G,18492_A|G,18657_C|T,18894_C|T,19716_C|T,19955_C|T,20055_A|G,21618_C|T,21622_C|T,21624_G|C,21627_C|A,21711_C|T,21738_T|C,21941_G|T,21987_G|A,22032_T|C,22033_C|A,22034_A|G,22200_T|G,22208_C|T,22295_C|A,22353_C|A,22556_A|G,22577_G|C,22578_G|A,22629_A|C,22674_C|T,22679_T|C,22686_C|T,22688_A|G,22770_G|A,22775_G|A,22786_A|C,22813_G|T,22882_T|G,22895_G|C,22896_T|A,22898_G|A,22910_A|G,22916_C|T,22917_T|G,22926_T|C,22928_T|C,22942_T|A,22992_G|A,22995_C|A,23005_T|A,23012_G|A,23018_T|C,23019_T|C,23039_C|G,23055_A|G,23063_A|T,23075_T|C,23222_G|A,23271_C|T,23403_A|G,23423_C|T,23525_C|T,23599_T|G,23604_C|G,23854_C|A,23948_G|T,24378_C|T,24424_A|T,24449_G|A,24469_T|A,24872_G|T,24990_C|T,25000_C|T,25006_C|T,25207_C|T,25584_C|T,26060_C|T,26270_C|T,26529_G|C,26577_C|G,26610_A|G,26681_C|T,26709_G|A,26833_C|T,26858_C|T,27259_A|C,27382_G|C,27383_A|T,27384_T|C,27807_C|T,27810_T|C,28094_T|C,28271_A|T,28291_C|A,28311_C|T,28881_G|A,28882_G|A,28883_G|C,28884_G|C,28958_C|A,29510_A|C,11288_11296,21633_21641,21765_21770,21992_21994,22194_22196,28362_28370,29734_29759,21608_.|TCATGCCGCTGT
Denmark/DCGC-690762/2024	XEK	241_C|T,593_C|T,670_T|G,897_C|A,2790_C|T,3037_C|T,3431_G|T,3505_C|T,3565_T|C,3913_T|G,4184_G|A,4321_C|T,5701_T|C,6183_A|G,7113_C|T,7842_A|G,8293_C|T,8393_G|A,9286_C|T,9344_C|T,9424_A|G,9534_C|T,10029_C|T,10198_C|T,10447_G|A,10449_C|A,10747_C|T,11042_G|T,11727_G|A,12073_C|T,12789_C|T,12815_C|T,12880_C|T,13339_T|C,14408_C|T,15714_C|T,15756_T|A,17410_C|T,18163_A|G,18492_A|G,18647_C|T,18657_C|T,18894_C|T,19716_C|T,19955_C|T,20055_A|G,21618_C|T,21622_C|T,21624_G|C,21627_C|A,21711_C|T,21738_T|C,21941_G|T,21987_G|A,22032_T|C,22033_C|A,22034_A|G,22200_T|G,22208_C|T,22295_C|A,22353_C|A,22556_A|G,22577_G|C,22578_G|A,22629_A|C,22674_C|T,22679_T|C,22686_C|T,22688_A|G,22770_G|A,22775_G|A,22786_A|C,22813_G|T,22882_T|G,22895_G|C,22896_T|A,22898_G|A,22910_A|G,22916_C|T,22917_T|G,22926_T|C,22928_T|C,22942_T|A,22992_G|A,22995_C|A,23005_T|A,23012_G|A,23018_T|C,23019_T|C,23039_C|G,23055_A|G,23063_A|T,23075_T|C,23222_G|A,23271_C|T,23403_A|G,23423_C|T,23525_C|T,23599_T|G,23604_C|G,23854_C|A,23948_G|T,24378_C|T,24424_A|T,24469_T|A,24872_G|T,24990_C|T,25000_C|T,25006_C|T,25207_C|T,25584_C|T,26060_C|T,26270_C|T,26529_G|C,26577_C|G,26610_A|G,26681_C|T,26709_G|A,26833_C|T,26858_C|T,27259_A|C,27382_G|C,27383_A|T,27384_T|C,27807_C|T,27810_T|C,28271_A|T,28291_C|A,28311_C|T,28881_G|A,28882_G|A,28883_G|C,28884_G|C,28958_C|A,29510_A|C,11288_11296,21633_21641,21765_21770,21992_21994,22194_22196,28362_28370,29734_29759,21608_.|TCATGCCGCTGT
Denmark/DCGC-690814/2024	XEK	241_C|T,593_C|T,670_T|G,897_C|A,2790_C|T,2930_T|C,3037_C|T,3431_G|T,3505_C|T,3565_T|C,4184_G|A,4321_C|T,5192_C|T,5701_T|C,6183_A|G,7113_C|T,7842_A|G,8293_C|T,8393_G|A,9286_C|T,9344_C|T,9424_A|G,9534_C|T,10029_C|T,10198_C|T,10447_G|A,10449_C|A,11042_G|T,11727_G|A,12789_C|T,12815_C|T,12880_C|T,13011_C|T,13339_T|C,14408_C|T,15714_C|T,15756_T|A,16662_G|A,17410_C|T,18163_A|G,18492_A|G,18657_C|T,18894_C|T,19716_C|T,19955_C|T,20055_A|G,20426_T|C,21618_C|T,21622_C|T,21624_G|C,21627_C|A,21711_C|T,21738_T|C,21941_G|T,21987_G|A,22032_T|C,22033_C|A,22034_A|G,22200_T|G,22208_C|T,22295_C|A,22353_C|A,22556_A|G,22577_G|C,22578_G|A,22629_A|C,22674_C|T,22679_T|C,22686_C|T,22688_A|G,22770_G|A,22775_G|A,22786_A|C,22813_G|T,22882_T|G,22895_G|C,22896_T|A,22898_G|A,22910_A|G,22916_C|T,22917_T|G,22926_T|C,22928_T|C,22942_T|A,22992_G|A,22995_C|A,23005_T|A,23012_G|A,23018_T|C,23019_T|C,23039_C|G,23055_A|G,23063_A|T,23075_T|C,23222_G|A,23271_C|T,23403_A|G,23423_C|T,23525_C|T,23599_T|G,23604_C|G,23854_C|A,23948_G|T,24378_C|T,24424_A|T,24469_T|A,24872_G|T,24990_C|T,25000_C|T,25006_C|T,25096_C|T,25207_C|T,25584_C|T,26060_C|T,26270_C|T,26529_G|C,26577_C|G,26610_A|G,26681_C|T,26709_G|A,26833_C|T,26858_C|T,27002_C|T,27259_A|C,27382_G|C,27383_A|T,27384_T|C,27807_C|T,27810_T|C,28271_A|T,28291_C|A,28311_C|T,28881_G|A,28882_G|A,28883_G|C,28884_G|C,28958_C|A,29510_A|C,11288_11296,21633_21641,21765_21770,21992_21994,22194_22196,28362_28370,29734_29759,21608_.|TCATGCCGCTGT
Denmark/DCGC-690865/2024	XEK	44_C|T,241_C|T,593_C|T,670_T|G,897_C|A,2790_C|T,3037_C|T,3431_G|T,3505_C|T,3565_T|C,4184_G|A,4321_C|T,5701_T|C,6183_A|G,7113_C|T,7842_A|G,8293_C|T,8393_G|A,9286_C|T,9344_C|T,9424_A|G,9534_C|T,10029_C|T,10198_C|T,10447_G|A,10449_C|A,11042_G|T,11727_G|A,12789_C|T,12815_C|T,12880_C|T,13339_T|C,14408_C|T,15714_C|T,15756_T|A,17410_C|T,18163_A|G,18492_A|G,18657_C|T,18894_C|T,19716_C|T,19955_C|T,20055_A|G,21618_C|T,21622_C|T,21624_G|C,21627_C|A,21711_C|T,21738_T|C,21941_G|T,21987_G|A,22032_T|C,22033_C|A,22034_A|G,22200_T|G,22208_C|T,22295_C|A,22353_C|A,22556_A|G,22577_G|C,22578_G|A,22629_A|C,22674_C|T,22679_T|C,22686_C|T,22688_A|G,22770_G|A,22775_G|A,22786_A|C,22813_G|T,22882_T|G,22895_G|C,22896_T|A,22898_G|A,22910_A|G,22916_C|T,22917_T|G,22926_T|C,22928_T|C,22942_T|A,22992_G|A,22995_C|A,23005_T|A,23012_G|A,23018_T|C,23019_T|C,23039_C|G,23055_A|G,23063_A|T,23075_T|C,23222_G|A,23271_C|T,23403_A|G,23423_C|T,23525_C|T,23599_T|G,23604_C|G,23854_C|A,23948_G|T,24378_C|T,24424_A|T,24469_T|A,24872_G|T,24990_C|T,25000_C|T,25006_C|T,25207_C|T,25584_C|T,26060_C|T,26270_C|T,26529_G|C,26577_C|G,26610_A|G,26681_C|T,26709_G|A,26833_C|T,26858_C|T,27259_A|C,27382_G|C,27383_A|T,27384_T|C,27807_C|T,27810_T|C,28271_A|T,28291_C|A,28311_C|T,28881_G|A,28882_G|A,28883_G|C,28884_G|C,28958_C|A,29510_A|C,11288_11296,21633_21641,21765_21770,21992_21994,22194_22196,28362_28370,29734_29759,21608_.|TCATTCCGCTGT
Denmark/DCGC-690887/2024	XEK	241_C|T,593_C|T,670_T|G,897_C|A,2790_C|T,3037_C|T,3431_G|T,3505_C|T,3565_T|C,3717_C|T,4184_G|A,4321_C|T,5068_A|G,5701_T|C,6183_A|G,7113_C|T,7842_A|G,8293_C|T,8393_G|A,9286_C|T,9344_C|T,9424_A|G,9534_C|T,10029_C|T,10198_C|T,10447_G|A,10449_C|A,11042_G|T,11727_G|A,12789_C|T,12815_C|T,12880_C|T,13339_T|C,14408_C|T,15714_C|T,15756_T|A,17410_C|T,18163_A|G,18492_A|G,18657_C|T,18894_C|T,19716_C|T,19955_C|T,20055_A|G,21618_C|T,21622_C|T,21624_G|C,21627_C|A,21711_C|T,21738_T|C,21941_G|T,21987_G|A,22032_T|C,22033_C|A,22034_A|G,22200_T|G,22208_C|T,22295_C|A,22353_C|A,22556_A|G,22577_G|C,22578_G|A,22629_A|C,22674_C|T,22679_T|C,22686_C|T,22688_A|G,22770_G|A,22775_G|A,22786_A|C,22813_G|T,22882_T|G,22895_G|C,22896_T|A,22898_G|A,22910_A|G,22916_C|T,22917_T|G,22926_T|C,22928_T|C,22942_T|A,22992_G|A,22995_C|A,23005_T|A,23012_G|A,23018_T|C,23019_T|C,23039_C|G,23055_A|G,23063_A|T,23075_T|C,23222_G|A,23271_C|T,23403_A|G,23423_C|T,23525_C|T,23599_T|G,23604_C|G,23854_C|A,23948_G|T,24378_C|T,24424_A|T,24469_T|A,24872_G|T,24990_C|T,25000_C|T,25006_C|T,25207_C|T,25584_C|T,26060_C|T,26256_C|T,26270_C|T,26529_G|C,26577_C|G,26610_A|G,26681_C|T,26709_G|A,26833_C|T,26858_C|T,27259_A|C,27382_G|C,27383_A|T,27384_T|C,27807_C|T,27810_T|C,28094_T|C,28271_A|T,28291_C|A,28311_C|T,28881_G|A,28882_G|A,28883_G|C,28884_G|C,28958_C|A,29510_A|C,11288_11296,21633_21641,21765_21770,21992_21994,22194_22196,28362_28370,29734_29759,21608_.|TCATGCCGCTGT
Denmark/DCGC-690892/2024	XEK	241_C|T,593_C|T,670_T|G,897_C|A,1912_C|T,2790_C|T,3037_C|T,3431_G|T,3505_C|T,3565_T|C,4184_G|A,4321_C|T,5701_T|C,6183_A|G,7113_C|T,7842_A|G,8290_C|T,8293_C|T,8393_G|A,9286_C|T,9344_C|T,9424_A|G,9534_C|T,10029_C|T,10198_C|T,10447_G|A,10449_C|A,11042_G|T,11727_G|A,12789_C|T,12815_C|T,12880_C|T,13339_T|C,14408_C|T,15714_C|T,15756_T|A,17410_C|T,18163_A|G,18431_C|T,18492_A|G,18657_C|T,18894_C|T,19716_C|T,19955_C|T,20055_A|G,21618_C|T,21622_C|T,21624_G|C,21627_C|A,21711_C|T,21738_T|C,21941_G|T,21987_G|A,22032_T|C,22033_C|A,22034_A|G,22200_T|G,22208_C|T,22295_C|A,22353_C|A,22556_A|G,22577_G|C,22578_G|A,22629_A|C,22674_C|T,22679_T|C,22686_C|T,22688_A|G,22770_G|A,22775_G|A,22786_A|C,22813_G|T,22882_T|G,22895_G|C,22896_T|A,22898_G|A,22910_A|G,22916_C|T,22917_T|G,22926_T|C,22928_T|C,22942_T|A,22992_G|A,22995_C|A,23005_T|A,23012_G|A,23018_T|C,23019_T|C,23039_C|G,23055_A|G,23063_A|T,23075_T|C,23222_G|A,23271_C|T,23403_A|G,23423_C|T,23525_C|T,23599_T|G,23604_C|G,23854_C|A,23948_G|T,24378_C|T,24424_A|T,24469_T|A,24872_G|T,24990_C|T,25000_C|T,25006_C|T,25207_C|T,25584_C|T,26060_C|T,26270_C|T,26529_G|C,26577_C|G,26610_A|G,26681_C|T,26709_G|A,26833_C|T,26858_C|T,27092_C|T,27259_A|C,27382_G|C,27383_A|T,27384_T|C,27807_C|T,27810_T|C,28271_A|T,28291_C|A,28311_C|T,28881_G|A,28882_G|A,28883_G|C,28884_G|C,28958_C|A,29510_A|C,11288_11296,21633_21641,21765_21770,21992_21994,22194_22196,28362_28370,29734_29759,21608_.|TCATGCCGCTGT
Denmark/DCGC-690961/2024	XEK	44_C|T,241_C|T,593_C|T,670_T|G,897_C|A,2043_A|G,2790_C|T,3037_C|T,3431_G|T,3505_C|T,4184_G|A,4321_C|T,5701_T|C,6183_A|G,7113_C|T,7842_A|G,8293_C|T,8393_G|A,9286_C|T,9344_C|T,9424_A|G,9534_C|T,10029_C|T,10198_C|T,10447_G|A,10449_C|A,11042_G|T,11727_G|A,12043_C|T,12789_C|T,12815_C|T,12880_C|T,13339_T|C,14408_C|T,15714_C|T,15756_T|A,17410_C|T,18163_A|G,18492_A|G,18657_C|T,18894_C|T,19459_A|G,19716_C|T,19955_C|T,20055_A|G,21618_C|T,21622_C|T,21624_G|C,21627_C|A,21711_C|T,21738_T|C,21742_C|T,21941_G|T,21987_G|A,22032_T|C,22033_C|A,22034_A|G,22200_T|G,22208_C|T,22295_C|A,22353_C|A,22556_A|G,22577_G|C,22578_G|A,22629_A|C,22674_C|T,22679_T|C,22686_C|T,22688_A|G,22770_G|A,22775_G|A,22786_A|C,22813_G|T,22882_T|G,22895_G|C,22896_T|A,22898_G|A,22910_A|G,22916_C|T,22917_T|G,22926_T|C,22928_T|C,22942_T|A,22992_G|A,22995_C|A,23005_T|A,23012_G|A,23018_T|C,23019_T|C,23039_C|G,23055_A|G,23063_A|T,23075_T|C,23222_G|A,23271_C|T,23403_A|G,23423_C|T,23525_C|T,23599_T|G,23604_C|G,23854_C|A,23948_G|T,24378_C|T,24424_A|T,24469_T|A,24872_G|T,24990_C|T,25000_C|T,25006_C|T,25207_C|T,25584_C|T,26060_C|T,26270_C|T,26529_G|C,26577_C|G,26681_C|T,26709_G|A,26833_C|T,26858_C|T,27259_A|C,27382_G|C,27383_A|T,27384_T|C,27807_C|T,27810_T|C,28271_A|T,28291_C|A,28311_C|T,28881_G|A,28882_G|A,28883_G|C,28884_G|C,28958_C|A,29510_A|C,11288_11296,21633_21641,21765_21770,21992_21994,22194_22196,28362_28370,29734_29759,21608_.|TCATGCCGCTGT
Denmark/DCGC-691256/2024	XEK	241_C|T,593_C|T,670_T|G,897_C|A,1883_G|A,2790_C|T,3037_C|T,3431_G|T,3505_C|T,3565_T|C,4184_G|A,4321_C|T,5701_T|C,6183_A|G,7113_C|T,7842_A|G,8293_C|T,8393_G|A,9286_C|T,9344_C|T,9424_A|G,9534_C|T,10029_C|T,10198_C|T,10447_G|A,10449_C|A,11042_G|T,11727_G|A,12789_C|T,12815_C|T,12880_C|T,13339_T|C,14408_C|T,15600_C|T,15714_C|T,15756_T|A,17410_C|T,18163_A|G,18492_A|G,18657_C|T,18894_C|T,19716_C|T,19955_C|T,20055_A|G,21294_T|A,21295_G|A,21296_G|A,21618_C|T,21622_C|T,21624_G|C,21627_C|A,21711_C|T,21738_T|C,21941_G|T,21987_G|A,22032_T|C,22033_C|A,22034_A|G,22200_T|G,22208_C|T,22295_C|A,22353_C|A,22556_A|G,22577_G|C,22578_G|A,22629_A|C,22674_C|T,22679_T|C,22686_C|T,22688_A|G,22770_G|A,22775_G|A,22786_A|C,22813_G|T,22882_T|G,22895_G|C,22896_T|A,22898_G|A,22910_A|G,22916_C|T,22917_T|G,22926_T|C,22928_T|C,22942_T|A,22992_G|A,22993_C|T,22995_C|A,23005_T|A,23012_G|A,23018_T|C,23019_T|C,23039_C|G,23055_A|G,23063_A|T,23075_T|C,23222_G|A,23271_C|T,23403_A|G,23423_C|T,23525_C|T,23599_T|G,23604_C|G,23854_C|A,23948_G|T,24378_C|T,24424_A|T,24469_T|A,24872_G|T,24990_C|T,25000_C|T,25006_C|T,25207_C|T,25584_C|T,26060_C|T,26158_G|A,26270_C|T,26529_G|C,26577_C|G,26681_C|T,26709_G|A,26833_C|T,26858_C|T,27259_A|C,27382_G|C,27383_A|T,27384_T|C,27807_C|T,27810_T|C,28271_A|T,28291_C|A,28311_C|T,28744_C|T,28881_G|A,28882_G|A,28883_G|C,28884_G|C,28958_C|A,29510_A|C,11288_11296,21633_21641,21765_21770,21992_21994,22194_22196,28362_28370,29734_29759,21608_.|TCATGCCGCTGT
Denmark/DCGC-691359/2024	XEK	241_C|T,593_C|T,670_T|G,897_C|A,2790_C|T,3037_C|T,3431_G|T,3505_C|T,3565_T|C,4184_G|A,4321_C|T,5701_T|C,6183_A|G,7113_C|T,7842_A|G,8293_C|T,8393_G|A,9286_C|T,9344_C|T,9424_A|G,9534_C|T,10029_C|T,10198_C|T,10447_G|A,10449_C|A,11005_C|T,11042_G|T,11727_G|A,12789_C|T,12815_C|T,12880_C|T,13339_T|C,14408_C|T,15714_C|T,15756_T|A,16814_T|C,17410_C|T,17445_T|C,18163_A|G,18492_A|G,18657_C|T,18894_C|T,19590_T|C,19716_C|T,19955_C|T,20055_A|G,21618_C|T,21622_C|T,21624_G|C,21627_C|A,21711_C|T,21738_T|C,21941_G|T,21987_G|A,22032_T|C,22033_C|A,22034_A|G,22200_T|G,22208_C|T,22295_C|A,22353_C|A,22556_A|G,22577_G|C,22578_G|A,22629_A|C,22674_C|T,22679_T|C,22686_C|T,22688_A|G,22770_G|A,22775_G|A,22786_A|C,22813_G|T,22882_T|G,22895_G|C,22896_T|A,22898_G|A,22910_A|G,22916_C|T,22917_T|G,22926_T|C,22928_T|C,22942_T|A,22992_G|A,22995_C|A,23005_T|A,23012_G|A,23018_T|C,23019_T|C,23039_C|G,23055_A|G,23063_A|T,23075_T|C,23222_G|A,23271_C|T,23403_A|G,23423_C|T,23525_C|T,23599_T|G,23604_C|G,23854_C|A,23948_G|T,24241_A|G,24378_C|T,24424_A|T,24469_T|A,24872_G|T,24990_C|T,25000_C|T,25006_C|T,25207_C|T,25584_C|T,26060_C|T,26270_C|T,26529_G|C,26577_C|G,26681_C|T,26709_G|A,26833_C|T,26858_C|T,27259_A|C,27382_G|C,27383_A|T,27384_T|C,27807_C|T,27810_T|C,28271_A|T,28291_C|A,28311_C|T,28881_G|A,28882_G|A,28883_G|C,28884_G|C,28958_C|A,29510_A|C,29581_T|C,11288_11296,21633_21641,21765_21770,21992_21994,22194_22196,28362_28370,29734_29759,21608_.|TCATGCCGCTGT
Denmark/DCGC-691400/2024	XEK	241_C|T,593_C|T,670_T|G,897_C|A,2790_C|T,3037_C|T,3431_G|T,3505_C|T,3565_T|C,4184_G|A,4321_C|T,5701_T|C,6183_A|G,6733_A|G,7113_C|T,7842_A|G,8293_C|T,8393_G|A,9286_C|T,9344_C|T,9424_A|G,9534_C|T,10029_C|T,10198_C|T,10447_G|A,10449_C|A,11042_G|T,11727_G|A,12789_C|T,12815_C|T,12880_C|T,13339_T|C,14408_C|T,15714_C|T,15756_T|A,17410_C|T,18163_A|G,18492_A|G,18657_C|T,18894_C|T,19716_C|T,19955_C|T,20055_A|G,21147_T|C,21618_C|T,21622_C|T,21624_G|C,21627_C|A,21711_C|T,21738_T|C,21941_G|T,21987_G|A,22032_T|C,22033_C|A,22034_A|G,22200_T|G,22208_C|T,22295_C|A,22353_C|A,22556_A|G,22577_G|C,22578_G|A,22629_A|C,22674_C|T,22679_T|C,22686_C|T,22688_A|G,22770_G|A,22775_G|A,22786_A|C,22813_G|T,22882_T|G,22895_G|C,22896_T|A,22898_G|A,22910_A|G,22916_C|T,22917_T|G,22926_T|C,22928_T|C,22942_T|A,22992_G|A,22995_C|A,23005_T|A,23012_G|A,23018_T|C,23019_T|C,23039_C|G,23055_A|G,23063_A|T,23075_T|C,23222_G|A,23271_C|T,23403_A|G,23423_C|T,23525_C|T,23599_T|G,23604_C|G,23854_C|A,23948_G|T,24378_C|T,24424_A|T,24469_T|A,24620_G|T,24872_G|T,24990_C|T,25000_C|T,25006_C|T,25207_C|T,25584_C|T,26060_C|T,26270_C|T,26529_G|C,26577_C|G,26610_A|G,26681_C|T,26709_G|A,26833_C|T,26858_C|T,27259_A|C,27382_G|C,27383_A|T,27384_T|C,27807_C|T,27810_T|C,28271_A|T,28291_C|A,28311_C|T,28881_G|A,28882_G|A,28883_G|C,28884_G|C,28958_C|A,29510_A|C,11288_11296,21633_21641,21765_21770,21992_21994,22194_22196,28362_28370,29734_29759,21608_.|TCATGCCGCTGT
Denmark/DCGC-691418/2024	XEK	44_C|T,241_C|T,593_C|T,670_T|G,897_C|A,2790_C|T,3037_C|T,3241_C|T,3431_G|T,3505_C|T,3565_T|C,4180_G|A,4184_G|A,4321_C|T,5701_T|C,6183_A|G,7113_C|T,7842_A|G,8293_C|T,8393_G|A,9286_C|T,9344_C|T,9424_A|G,9534_C|T,10029_C|T,10198_C|T,10447_G|A,10449_C|A,11042_G|T,11727_G|A,12789_C|T,12815_C|T,12880_C|T,13339_T|C,14313_T|C,14408_C|T,15237_C|T,15540_C|T,15714_C|T,15756_T|A,17400_T|C,17410_C|T,18163_A|G,18492_A|G,18657_C|T,18894_C|T,19716_C|T,19955_C|T,20055_A|G,21618_C|T,21622_C|T,21624_G|C,21627_C|A,21711_C|T,21738_T|C,21941_G|T,21987_G|A,22000_C|A,22032_T|C,22033_C|A,22034_A|G,22200_T|G,22208_C|T,22295_C|A,22353_C|A,22556_A|G,22577_G|C,22578_G|A,22629_A|C,22674_C|T,22679_T|C,22686_C|T,22688_A|G,22770_G|A,22775_G|A,22786_A|C,22813_G|T,22882_T|G,22895_G|C,22896_T|A,22898_G|A,22910_A|G,22916_C|T,22917_T|G,22926_T|C,22928_T|C,22942_T|A,22992_G|A,22995_C|A,23005_T|A,23012_G|A,23018_T|C,23019_T|C,23039_C|G,23055_A|G,23063_A|T,23075_T|C,23222_G|A,23271_C|T,23403_A|G,23423_C|T,23525_C|T,23599_T|G,23604_C|G,23854_C|A,23948_G|T,24378_C|T,24424_A|T,24469_T|A,24872_G|T,24990_C|T,25000_C|T,25006_C|T,25207_C|T,25584_C|T,26060_C|T,26262_G|T,26270_C|T,26529_G|C,26577_C|G,26681_C|T,26709_G|A,26833_C|T,26858_C|T,27259_A|C,27382_G|C,27383_A|T,27384_T|C,27807_C|T,27810_T|C,28271_A|T,28291_C|A,28311_C|T,28881_G|A,28882_G|A,28883_G|C,28884_G|C,28958_C|A,29272_C|T,29510_A|C,11288_11296,21633_21641,21765_21770,21992_21994,22194_22196,28362_28370,29734_29759,21608_.|TCATGCCGCTGT
Denmark/DCGC-691419/2024	XEK	44_C|T,241_C|T,593_C|T,670_T|G,897_C|A,2790_C|T,3037_C|T,3431_G|T,3505_C|T,3565_T|C,4184_G|A,4321_C|T,5133_A|C,5512_C|T,5701_T|C,6183_A|G,7113_C|T,7842_A|G,8293_C|T,8393_G|A,9286_C|T,9344_C|T,9424_A|G,9534_C|T,10029_C|T,10198_C|T,10447_G|A,10449_C|A,11042_G|T,11727_G|A,12789_C|T,12815_C|T,12880_C|T,13339_T|C,14408_C|T,15714_C|T,15756_T|A,17410_C|T,18163_A|G,18492_A|G,18657_C|T,18894_C|T,19716_C|T,19955_C|T,20055_A|G,21618_C|T,21622_C|T,21624_G|C,21627_C|A,21711_C|T,21738_T|C,21941_G|T,21987_G|A,22032_T|C,22033_C|A,22034_A|G,22200_T|G,22208_C|T,22295_C|A,22353_C|A,22556_A|G,22577_G|C,22578_G|A,22629_A|C,22674_C|T,22679_T|C,22686_C|T,22688_A|G,22775_G|A,22786_A|C,22813_G|T,22882_T|G,22895_G|C,22896_T|A,22898_G|A,22910_A|G,22916_C|T,22917_T|G,22926_T|C,22928_T|C,22942_T|A,22992_G|A,22995_C|A,23005_T|A,23012_G|A,23018_T|C,23019_T|C,23039_C|G,23055_A|G,23063_A|T,23075_T|C,23222_G|A,23271_C|T,23403_A|G,23423_C|T,23525_C|T,23599_T|G,23604_C|G,23854_C|A,23948_G|T,24378_C|T,24424_A|T,24469_T|A,24872_G|T,24990_C|T,25000_C|T,25006_C|T,25207_C|T,25584_C|T,26060_C|T,26270_C|T,26529_G|C,26577_C|G,26610_A|G,26681_C|T,26709_G|A,26833_C|T,26858_C|T,27259_A|C,27382_G|C,27383_A|T,27384_T|C,27807_C|T,27810_T|C,27970_C|T,28271_A|T,28291_C|A,28311_C|T,28881_G|A,28882_G|A,28883_G|C,28884_G|C,28958_C|A,29510_A|C,11288_11296,21633_21641,21765_21770,21992_21994,22194_22196,28362_28370,29734_29759,21608_.|TCATGCCGCTGT
Denmark/DCGC-691445/2024	XEK	241_C|T,593_C|T,670_T|G,897_C|A,1912_C|T,2790_C|T,3037_C|T,3431_G|T,3505_C|T,3565_T|C,4184_G|A,4321_C|T,5701_T|C,6183_A|G,7113_C|T,7842_A|G,7926_C|T,8290_C|T,8293_C|T,8393_G|A,8950_C|T,9120_C|T,9286_C|T,9344_C|T,9424_A|G,9534_C|T,10029_C|T,10198_C|T,10447_G|A,10449_C|A,11042_G|T,11727_G|A,12789_C|T,12815_C|T,12880_C|T,13339_T|C,14408_C|T,15714_C|T,15756_T|A,17410_C|T,18163_A|G,18431_C|T,18492_A|G,18657_C|T,18894_C|T,19716_C|T,19955_C|T,20055_A|G,21618_C|T,21622_C|T,21624_G|C,21627_C|A,21711_C|T,21738_T|C,21941_G|T,21987_G|A,22032_T|C,22033_C|A,22034_A|G,22200_T|G,22208_C|T,22295_C|A,22353_C|A,22556_A|G,22577_G|C,22578_G|A,22629_A|C,22674_C|T,22679_T|C,22686_C|T,22688_A|G,22770_G|A,22775_G|A,22786_A|C,22813_G|T,22882_T|G,22895_G|C,22896_T|A,22898_G|A,22910_A|G,22916_C|T,22917_T|G,22926_T|C,22928_T|C,22942_T|A,22992_G|A,22995_C|A,23005_T|A,23012_G|A,23018_T|C,23019_T|C,23039_C|G,23055_A|G,23063_A|T,23075_T|C,23222_G|A,23271_C|T,23403_A|G,23423_C|T,23525_C|T,23599_T|G,23604_C|G,23854_C|A,23948_G|T,24378_C|T,24424_A|T,24469_T|A,24872_G|T,24990_C|T,25000_C|T,25006_C|T,25207_C|T,25584_C|T,26060_C|T,26270_C|T,26529_G|C,26577_C|G,26610_A|G,26681_C|T,26709_G|A,26833_C|T,26858_C|T,27092_C|T,27259_A|C,27382_G|C,27383_A|T,27384_T|C,27807_C|T,27810_T|C,28271_A|T,28291_C|A,28311_C|T,28881_G|A,28882_G|A,28883_G|C,28884_G|C,28958_C|A,29510_A|C,11288_11296,21633_21641,21765_21770,21992_21994,22194_22196,28362_28370,29734_29759,21608_.|TCATGCCGCTGT
Denmark/DCGC-691491/2024	XEK	241_C|T,593_C|T,670_T|G,897_C|A,1722_C|T,1749_A|G,2334_C|T,2790_C|T,3037_C|T,3431_G|T,3505_C|T,3565_T|C,4184_G|A,4321_C|T,5701_T|C,6183_A|G,7113_C|T,7842_A|G,8293_C|T,8393_G|A,9286_C|T,9344_C|T,9424_A|G,9534_C|T,10029_C|T,10198_C|T,10447_G|A,10449_C|A,11042_G|T,11727_G|A,12789_C|T,12815_C|T,12880_C|T,13339_T|C,14408_C|T,15714_C|T,15756_T|A,16222_C|T,17410_C|T,18163_A|G,18492_A|G,18657_C|T,18894_C|T,19716_C|T,19955_C|T,20055_A|G,21618_C|T,21622_C|T,21624_G|C,21627_C|A,21711_C|T,21738_T|C,21941_G|T,21987_G|A,22032_T|C,22033_C|A,22034_A|G,22200_T|G,22208_C|T,22295_C|A,22353_C|A,22556_A|G,22577_G|C,22578_G|A,22629_A|C,22674_C|T,22679_T|C,22686_C|T,22688_A|G,22770_G|A,22775_G|A,22786_A|C,22813_G|T,22882_T|G,22895_G|C,22896_T|A,22898_G|A,22910_A|G,22916_C|T,22917_T|G,22926_T|C,22928_T|C,22942_T|A,22992_G|A,22995_C|A,23005_T|A,23012_G|A,23018_T|C,23019_T|C,23039_C|G,23055_A|G,23063_A|T,23075_T|C,23222_G|A,23271_C|T,23403_A|G,23423_C|T,23525_C|T,23599_T|G,23604_C|G,23854_C|A,23948_G|T,24378_C|T,24424_A|T,24469_T|A,24872_G|T,24990_C|T,25000_C|T,25006_C|T,25207_C|T,25251_T|C,25584_C|T,26060_C|T,26270_C|T,26529_G|C,26577_C|G,26610_A|G,26681_C|T,26709_G|A,26833_C|T,26858_C|T,27259_A|C,27382_G|C,27383_A|T,27384_T|C,27807_C|T,27810_T|C,28271_A|T,28291_C|A,28311_C|T,28881_G|A,28882_G|A,28883_G|C,28884_G|C,28958_C|A,29510_A|C,11288_11296,21633_21641,21765_21770,21992_21994,22194_22196,28362_28370,29734_29759,21608_.|TCATGCCGCTGT
Denmark/DCGC-691619/2024	XEK	241_C|T,593_C|T,670_T|G,897_C|A,1722_C|T,1749_A|G,2334_C|T,2790_C|T,3037_C|T,3431_G|T,3505_C|T,3565_T|C,4184_G|A,4321_C|T,5701_T|C,6183_A|G,7113_C|T,7842_A|G,8293_C|T,8393_G|A,9286_C|T,9344_C|T,9424_A|G,9534_C|T,10029_C|T,10198_C|T,10447_G|A,10449_C|A,11042_G|T,11727_G|A,12789_C|T,12815_C|T,12880_C|T,13339_T|C,14408_C|T,15714_C|T,15756_T|A,16222_C|T,17410_C|T,18163_A|G,18492_A|G,18657_C|T,18894_C|T,19716_C|T,19955_C|T,20055_A|G,21618_C|T,21622_C|T,21624_G|C,21627_C|A,21711_C|T,21738_T|C,21941_G|T,21987_G|A,22032_T|C,22033_C|A,22034_A|G,22200_T|G,22208_C|T,22295_C|A,22353_C|A,22556_A|G,22577_G|C,22578_G|A,22629_A|C,22674_C|T,22679_T|C,22686_C|T,22688_A|G,22770_G|A,22775_G|A,22786_A|C,22813_G|T,22882_T|G,22895_G|C,22896_T|A,22898_G|A,22910_A|G,22916_C|T,22917_T|G,22926_T|C,22928_T|C,22942_T|A,22992_G|A,22995_C|A,23005_T|A,23012_G|A,23018_T|C,23019_T|C,23039_C|G,23055_A|G,23063_A|T,23075_T|C,23222_G|A,23271_C|T,23403_A|G,23423_C|T,23525_C|T,23599_T|G,23604_C|G,23854_C|A,23948_G|T,24378_C|T,24424_A|T,24469_T|A,24872_G|T,24990_C|T,25000_C|T,25006_C|T,25207_C|T,25251_T|C,25584_C|T,26060_C|T,26270_C|T,26529_G|C,26577_C|G,26610_A|G,26681_C|T,26709_G|A,26833_C|T,26858_C|T,27259_A|C,27382_G|C,27383_A|T,27384_T|C,27807_C|T,27810_T|C,28271_A|T,28291_C|A,28311_C|T,28881_G|A,28882_G|A,28883_G|C,28884_G|C,28958_C|A,29510_A|C,11288_11296,21633_21641,21765_21770,21992_21994,22194_22196,28362_28370,29734_29759,21608_.|TCATGCCGCTGT
Denmark/DCGC-691663/2024	XEK	44_C|T,241_C|T,593_C|T,670_T|G,897_C|A,2790_C|T,3037_C|T,3411_C|T,3431_G|T,3505_C|T,3565_T|C,4184_G|A,4321_C|T,5701_T|C,6183_A|G,7113_C|T,7842_A|G,8293_C|T,8393_G|A,9286_C|T,9344_C|T,9424_A|G,9534_C|T,10029_C|T,10198_C|T,10447_G|A,10449_C|A,11042_G|T,11727_G|A,12789_C|T,12815_C|T,12880_C|T,13339_T|C,14408_C|T,14718_G|A,15714_C|T,15756_T|A,15981_C|T,17410_C|T,18163_A|G,18492_A|G,18657_C|T,18894_C|T,19716_C|T,19955_C|T,20055_A|G,21618_C|T,21622_C|T,21624_G|C,21627_C|A,21711_C|T,21738_T|C,21941_G|T,21987_G|A,22032_T|C,22033_C|A,22034_A|G,22200_T|G,22208_C|T,22295_C|A,22353_C|A,22556_A|G,22577_G|C,22578_G|A,22629_A|C,22674_C|T,22679_T|C,22686_C|T,22688_A|G,22770_G|A,22775_G|A,22786_A|C,22813_G|T,22882_T|G,22895_G|C,22896_T|A,22898_G|A,22910_A|G,22916_C|T,22917_T|G,22926_T|C,22928_T|C,22942_T|A,22992_G|A,22995_C|A,23005_T|A,23012_G|A,23018_T|C,23019_T|C,23039_C|G,23055_A|G,23063_A|T,23075_T|C,23222_G|A,23271_C|T,23403_A|G,23423_C|T,23525_C|T,23599_T|G,23604_C|G,23854_C|A,23948_G|T,24378_C|T,24424_A|T,24469_T|A,24872_G|T,24990_C|T,25000_C|T,25006_C|T,25207_C|T,25584_C|T,26060_C|T,26209_G|T,26270_C|T,26529_G|C,26577_C|G,26610_A|G,26681_C|T,26709_G|A,26833_C|T,26858_C|T,27259_A|C,27382_G|C,27383_A|T,27384_T|C,27807_C|T,27810_T|C,28271_A|T,28291_C|A,28311_C|T,28881_G|A,28882_G|A,28883_G|C,28884_G|C,28958_C|A,29510_A|C,11288_11296,21633_21641,21765_21770,21992_21994,22194_22196,28362_28370,29734_29759,21608_.|TCATGCCGCTGT
Denmark/DCGC-691664/2024	XEK	44_C|T,241_C|T,593_C|T,670_T|G,897_C|A,1749_A|G,2334_C|T,2509_C|T,2790_C|T,3037_C|T,3431_G|T,3505_C|T,3565_T|C,4184_G|A,4321_C|T,5701_T|C,6183_A|G,7113_C|T,7842_A|G,8293_C|T,8393_G|A,9286_C|T,9344_C|T,9424_A|G,9534_C|T,10029_C|T,10198_C|T,10447_G|A,10449_C|A,11042_G|T,11727_G|A,12789_C|T,12815_C|T,12880_C|T,13339_T|C,14408_C|T,14597_A|C,15714_C|T,15756_T|A,16222_C|T,17410_C|T,18163_A|G,18492_A|G,18657_C|T,18894_C|T,19716_C|T,19955_C|T,20055_A|G,21618_C|T,21622_C|T,21624_G|C,21627_C|A,21711_C|T,21738_T|C,21941_G|T,21987_G|A,22032_T|C,22033_C|A,22034_A|G,22200_T|G,22208_C|T,22295_C|A,22353_C|A,22556_A|G,22577_G|C,22578_G|A,22629_A|C,22674_C|T,22679_T|C,22686_C|T,22688_A|G,22770_G|A,22775_G|A,22786_A|C,22813_G|T,22882_T|G,22895_G|C,22896_T|A,22898_G|A,22910_A|G,22916_C|T,22917_T|G,22926_T|C,22928_T|C,22942_T|A,22992_G|A,22995_C|A,23005_T|A,23012_G|A,23018_T|C,23019_T|C,23039_C|G,23055_A|G,23063_A|T,23075_T|C,23222_G|A,23271_C|T,23403_A|G,23423_C|T,23525_C|T,23599_T|G,23604_C|G,23854_C|A,23948_G|T,24378_C|T,24424_A|T,24469_T|A,24872_G|T,24990_C|T,25000_C|T,25006_C|T,25207_C|T,25251_T|C,25584_C|T,26060_C|T,26270_C|T,26529_G|C,26577_C|G,26610_A|G,26681_C|T,26709_G|A,26833_C|T,26858_C|T,27259_A|C,27382_G|C,27383_A|T,27384_T|C,27807_C|T,27810_T|C,28271_A|T,28291_C|A,28311_C|T,28881_G|A,28882_G|A,28883_G|C,28884_G|C,28958_C|A,29510_A|C,11288_11296,21633_21641,21765_21770,21992_21994,22194_22196,28362_28370,29734_29759,21608_.|TCATGCCGCTGT
Denmark/DCGC-691668/2024	XEK	241_C|T,593_C|T,670_T|G,897_C|A,2113_C|T,2790_C|T,2891_G|A,3037_C|T,3431_G|T,3505_C|T,3565_T|C,4184_G|A,4321_C|T,5701_T|C,6183_A|G,6941_C|T,7113_C|T,7842_A|G,8293_C|T,8393_G|A,9286_C|T,9344_C|T,9424_A|G,9534_C|T,10029_C|T,10198_C|T,10447_G|A,10449_C|A,11042_G|T,11727_G|A,12789_C|T,12815_C|T,12880_C|T,13201_G|A,13339_T|C,14408_C|T,15714_C|T,15756_T|A,16995_C|T,17410_C|T,18163_A|G,18492_A|G,18657_C|T,18894_C|T,19716_C|T,19955_C|T,20055_A|G,21618_C|T,21622_C|T,21624_G|C,21627_C|A,21711_C|T,21738_T|C,21941_G|T,21987_G|A,22032_T|C,22033_C|A,22034_A|G,22200_T|G,22208_C|T,22295_C|A,22353_C|A,22556_A|G,22577_G|C,22578_G|A,22629_A|C,22674_C|T,22679_T|C,22686_C|T,22688_A|G,22770_G|A,22775_G|A,22786_A|C,22813_G|T,22882_T|G,22895_G|C,22896_T|A,22898_G|A,22910_A|G,22916_C|T,22917_T|G,22926_T|C,22928_T|C,22942_T|A,22992_G|A,22995_C|A,23005_T|A,23012_G|A,23018_T|C,23019_T|C,23039_C|G,23055_A|G,23063_A|T,23075_T|C,23222_G|A,23271_C|T,23403_A|G,23423_C|T,23525_C|T,23599_T|G,23604_C|G,23854_C|A,23948_G|T,24378_C|T,24424_A|T,24469_T|A,24872_G|T,24990_C|T,25000_C|T,25006_C|T,25207_C|T,25584_C|T,26060_C|T,26270_C|T,26529_G|C,26577_C|G,26610_A|G,26681_C|T,26709_G|A,26833_C|T,26858_C|T,27259_A|C,27382_G|C,27383_A|T,27384_T|C,27807_C|T,27810_T|C,28271_A|T,28291_C|A,28311_C|T,28881_G|A,28882_G|A,28883_G|C,28884_G|C,28958_C|A,29073_C|T,29510_A|C,29659_C|T,11288_11296,21633_21641,21765_21770,21992_21994,22194_22196,28362_28370,29734_29759,21608_.|TCATGCCGCTGT
Denmark/DCGC-691745/2025	XEK	241_C|T,593_C|T,670_T|G,897_C|A,2790_C|T,3037_C|T,3431_G|T,3565_T|C,4184_G|A,4321_C|T,5701_T|C,6183_A|G,7113_C|T,7842_A|G,8293_C|T,8393_G|A,9286_C|T,9344_C|T,9424_A|G,9534_C|T,10029_C|T,10198_C|T,10447_G|A,10449_C|A,11042_G|T,11727_G|A,12789_C|T,12815_C|T,12880_C|T,13339_T|C,14408_C|T,14718_G|A,15714_C|T,15756_T|A,15981_C|T,17410_C|T,18163_A|G,18492_A|G,18657_C|T,18894_C|T,19716_C|T,19955_C|T,20055_A|G,21618_C|T,21622_C|T,21624_G|C,21627_C|A,21711_C|T,21738_T|C,21941_G|T,21987_G|A,22032_T|C,22033_C|A,22034_A|G,22200_T|G,22208_C|T,22295_C|A,22353_C|A,22556_A|G,22577_G|C,22578_G|A,22629_A|C,22674_C|T,22679_T|C,22686_C|T,22688_A|G,22770_G|A,22775_G|A,22786_A|C,22813_G|T,22882_T|G,22895_G|C,22896_T|A,22898_G|A,22910_A|G,22916_C|T,22917_T|G,22926_T|C,22928_T|C,22942_T|A,22992_G|A,22995_C|A,23005_T|A,23012_G|A,23018_T|C,23019_T|C,23039_C|G,23055_A|G,23063_A|T,23075_T|C,23222_G|A,23271_C|T,23403_A|G,23423_C|T,23525_C|T,23599_T|G,23604_C|G,23854_C|A,23948_G|T,24378_C|T,24424_A|T,24469_T|A,24872_G|T,24990_C|T,25000_C|T,25006_C|T,25207_C|T,25584_C|T,26060_C|T,26270_C|T,26455_C|T,26529_G|C,26577_C|G,26610_A|G,26681_C|T,26709_G|A,26833_C|T,26858_C|T,27259_A|C,27382_G|C,27383_A|T,27384_T|C,27807_C|T,27810_T|C,28071_T|C,28271_A|T,28291_C|A,28311_C|T,28881_G|A,28882_G|A,28883_G|C,28884_G|C,28958_C|A,29510_A|C,11288_11296,21633_21641,21765_21770,21992_21994,22194_22196,28362_28370,29734_29759,21608_.|TCATGCCGCTGT
OZ181063	XEK	241_C|T,593_C|T,670_T|G,897_C|A,2790_C|T,3037_C|T,3431_G|T,3505_C|T,3565_T|C,4184_G|A,4321_C|T,5701_T|C,6183_A|G,7113_C|T,7842_A|G,8293_C|T,8393_G|A,9286_C|T,9344_C|T,9424_A|G,9534_C|T,10029_C|T,10198_C|T,10447_G|A,10449_C|A,11042_G|T,11727_G|A,12789_C|T,12815_C|T,12880_C|T,13339_T|C,14408_C|T,15714_C|T,15756_T|A,17410_C|T,18163_A|G,18492_A|G,18657_C|T,18894_C|T,19716_C|T,19955_C|T,20055_A|G,21711_C|T,21738_T|C,21941_G|T,21987_G|A,22032_T|C,22033_C|A,22034_A|G,22200_T|G,22208_C|T,22295_C|A,22353_C|A,22556_A|G,22577_G|C,22578_G|A,22629_A|C,22674_C|T,22679_T|C,22686_C|T,22688_A|G,22775_G|A,22786_A|C,22813_G|T,22882_T|G,22895_G|C,22896_T|A,22898_G|A,22910_A|G,22916_C|T,22917_T|G,22926_T|C,22928_T|C,22942_T|A,22992_G|A,22995_C|A,23005_T|A,23012_G|A,23018_T|C,23019_T|C,23039_C|G,23055_A|G,23063_A|T,23075_T|C,23222_G|A,23271_C|T,23403_A|G,23423_C|T,23525_C|T,23599_T|G,23604_C|G,23854_C|A,23948_G|T,24378_C|T,24424_A|T,24469_T|A,24872_G|T,24990_C|T,25000_C|T,25006_C|T,25207_C|T,25584_C|T,26060_C|T,26270_C|T,26529_G|C,26577_C|G,26681_C|T,26709_G|A,26833_C|T,26858_C|T,27259_A|C,27382_G|C,27383_A|T,27384_T|C,27807_C|T,27810_T|C,28271_A|T,28291_C|A,28311_C|T,28881_G|A,28882_G|A,28883_G|C,28884_G|C,28958_C|A,29510_A|C,11288_11296,21992_21994,22194_22196,23009_23011,28362_28370,29734_29759
OZ181146	XEK	241_C|T,593_C|T,670_T|G,897_C|A,2790_C|T,3037_C|T,3431_G|T,3505_C|T,3565_T|C,4184_G|A,4321_C|T,5701_T|C,6183_A|G,7113_C|T,7842_A|G,8293_C|T,8393_G|A,9286_C|T,9344_C|T,9424_A|G,9534_C|T,10029_C|T,10198_C|T,10447_G|A,10449_C|A,11042_G|T,11727_G|A,12789_C|T,12815_C|T,12880_C|T,13339_T|C,14408_C|T,15714_C|T,15756_T|A,17410_C|T,18163_A|G,18492_A|G,18657_C|T,18894_C|T,19716_C|T,19955_C|T,20055_A|G,21711_C|T,21738_T|C,21941_G|T,21987_G|A,22032_T|C,22033_C|A,22034_A|G,22200_T|G,22208_C|T,22295_C|A,22353_C|A,22556_A|G,22577_G|C,22578_G|A,22629_A|C,22674_C|T,22679_T|C,22686_C|T,22688_A|G,22775_G|A,22786_A|C,22813_G|T,22882_T|G,22895_G|C,22896_T|A,22898_G|A,22910_A|G,22916_C|T,22917_T|G,22926_T|C,22928_T|C,22942_T|A,22992_G|A,22995_C|A,23005_T|A,23012_G|A,23018_T|C,23019_T|C,23039_C|G,23055_A|G,23063_A|T,23075_T|C,23222_G|A,23271_C|T,23403_A|G,23423_C|T,23525_C|T,23599_T|G,23604_C|G,23854_C|A,23948_G|T,24378_C|T,24424_A|T,24469_T|A,24872_G|T,24990_C|T,25000_C|T,25006_C|T,25207_C|T,25584_C|T,26060_C|T,26270_C|T,26529_G|C,26577_C|G,26681_C|T,26709_G|A,26833_C|T,26858_C|T,27259_A|C,27382_G|C,27383_A|T,27384_T|C,27807_C|T,27810_T|C,28271_A|T,28291_C|A,28311_C|T,28881_G|A,28882_G|A,28883_G|C,28884_G|C,28958_C|A,29510_A|C,11288_11296,21992_21994,22194_22196,28362_28370,29734_29759
OZ181755	XEK	241_C|T,593_C|T,670_T|G,897_C|A,2790_C|T,3037_C|T,3431_G|T,3505_C|T,3565_T|C,4184_G|A,4321_C|T,5701_T|C,6183_A|G,7113_C|T,7842_A|G,8293_C|T,8393_G|A,9286_C|T,9344_C|T,9424_A|G,9534_C|T,10029_C|T,10198_C|T,10447_G|A,10449_C|A,11042_G|T,11727_G|A,12789_C|T,12815_C|T,12880_C|T,13339_T|C,14408_C|T,15714_C|T,15756_T|A,17410_C|T,18163_A|G,18492_A|G,18657_C|T,18894_C|T,19716_C|T,19955_C|T,20055_A|G,21711_C|T,21738_T|C,21941_G|T,21987_G|A,22032_T|C,22033_C|A,22034_A|G,22200_T|G,22208_C|T,22295_C|A,22353_C|A,22556_A|G,22577_G|C,22578_G|A,22629_A|C,22674_C|T,22679_T|C,22686_C|T,22688_A|G,22775_G|A,22786_A|C,22813_G|T,22882_T|G,22895_G|C,22896_T|A,22898_G|A,22910_A|G,22916_C|T,22917_T|G,22926_T|C,22928_T|C,22942_T|A,22992_G|A,22995_C|A,23005_T|A,23012_G|A,23018_T|C,23019_T|C,23039_C|G,23055_A|G,23063_A|T,23075_T|C,23222_G|A,23271_C|T,23403_A|G,23423_C|T,23525_C|T,23599_T|G,23604_C|G,23854_C|A,23948_G|T,24378_C|T,24424_A|T,24469_T|A,24872_G|T,24990_C|T,25000_C|T,25006_C|T,25207_C|T,25584_C|T,26060_C|T,26270_C|T,26529_G|C,26577_C|G,26681_C|T,26709_G|A,26833_C|T,26858_C|T,27259_A|C,27382_G|C,27383_A|T,27384_T|C,27807_C|T,27810_T|C,28271_A|T,28291_C|A,28311_C|T,28881_G|A,28882_G|A,28883_G|C,28884_G|C,28958_C|A,29510_A|C,11288_11296,21992_21994,22194_22196,23009_23011,28362_28370,29734_29759
OZ192850	XEK	241_C|T,593_C|T,670_T|G,897_C|A,2790_C|T,3037_C|T,3431_G|T,3505_C|T,3565_T|C,4184_G|A,4321_C|T,5701_T|C,6183_A|G,7113_C|T,7842_A|G,8293_C|T,8393_G|A,9286_C|T,9344_C|T,9424_A|G,9534_C|T,10029_C|T,10198_C|T,10447_G|A,10449_C|A,11042_G|T,11727_G|A,12789_C|T,12815_C|T,12880_C|T,13339_T|C,14408_C|T,15714_C|T,15756_T|A,17410_C|T,18163_A|G,18492_A|G,18657_C|T,18894_C|T,19716_C|T,19955_C|T,20055_A|G,21711_C|T,21738_T|C,21941_G|T,21987_G|A,22032_T|C,22033_C|A,22034_A|G,22200_T|G,22208_C|T,22295_C|A,22353_C|A,22556_A|G,22577_G|C,22578_G|A,22629_A|C,22674_C|T,22679_T|C,22686_C|T,22688_A|G,22775_G|A,22786_A|C,22813_G|T,22882_T|G,22895_G|C,22896_T|A,22898_G|A,22910_A|G,22916_C|T,22917_T|G,22926_T|C,22928_T|C,22942_T|A,22992_G|A,22995_C|A,23005_T|A,23012_G|A,23018_T|C,23019_T|C,23039_C|G,23055_A|G,23063_A|T,23075_T|C,23222_G|A,23271_C|T,23403_A|G,23423_C|T,23525_C|T,23599_T|G,23604_C|G,23854_C|A,23948_G|T,24378_C|T,24424_A|T,24469_T|A,24872_G|T,24990_C|T,25000_C|T,25006_C|T,25207_C|T,25584_C|T,26060_C|T,26270_C|T,26529_G|C,26577_C|G,26681_C|T,26709_G|A,26833_C|T,26858_C|T,27259_A|C,27382_G|C,27383_A|T,27384_T|C,27807_C|T,27810_T|C,27970_C|T,28271_A|T,28291_C|A,28311_C|T,28881_G|A,28882_G|A,28883_G|C,28884_G|C,28958_C|A,29510_A|C,11288_11296,21992_21994,22194_22196,28362_28370,29734_29759
OZ197852	XEK	21_C|T,44_C|T,241_C|T,593_C|T,670_T|G,897_C|A,2790_C|T,3037_C|T,3431_G|T,3505_C|T,3565_T|C,4184_G|A,4321_C|T,5701_T|C,6183_A|G,6539_C|T,7113_C|T,7842_A|G,8293_C|T,8393_G|A,9286_C|T,9344_C|T,9424_A|G,9534_C|T,10029_C|T,10198_C|T,10447_G|A,10449_C|A,11042_G|T,11727_G|A,12789_C|T,12815_C|T,12880_C|T,13339_T|C,14408_C|T,15714_C|T,15756_T|A,17410_C|T,18163_A|G,18492_A|G,18657_C|T,18894_C|T,19716_C|T,19955_C|T,20055_A|G,21618_C|T,21622_C|T,21624_G|C,21627_C|A,21711_C|T,21738_T|C,21941_G|T,21987_G|A,22032_T|C,22033_C|A,22034_A|G,22200_T|G,22208_C|T,22295_C|A,22353_C|A,22556_A|G,22577_G|C,22578_G|A,22629_A|C,22674_C|T,22679_T|C,22686_C|T,22688_A|G,22770_G|A,22775_G|A,22786_A|C,22813_G|T,22882_T|G,22895_G|C,22896_T|A,22898_G|A,22910_A|G,22916_C|T,22917_T|G,22926_T|C,22928_T|C,22942_T|A,22992_G|A,22995_C|A,23005_T|A,23012_G|A,23018_T|C,23019_T|C,23039_C|G,23055_A|G,23063_A|T,23075_T|C,23222_G|A,23271_C|T,23403_A|G,23423_C|T,23525_C|T,23599_T|G,23604_C|G,23854_C|A,23948_G|T,24378_C|T,24424_A|T,24469_T|A,24872_G|T,24990_C|T,25000_C|T,25006_C|T,25207_C|T,25584_C|T,26060_C|T,26270_C|T,26529_G|C,26577_C|G,26610_A|G,26681_C|T,26709_G|A,26833_C|T,26858_C|T,27259_A|C,27371_C|T,27382_G|C,27383_A|T,27384_T|C,27807_C|T,27810_T|C,28271_A|T,28291_C|A,28311_C|T,28881_G|A,28882_G|A,28883_G|C,28884_G|C,28958_C|A,29510_A|C,11288_11296,21633_21641,21765_21770,21992_21994,22194_22196,23009_23011,28362_28370,29734_29759,21607_.|GNNNNNNNNNNN
OZ198521	XEK	21_C|T,44_C|T,241_C|T,593_C|T,670_T|G,897_C|A,2790_C|T,3037_C|T,3431_G|T,3505_C|T,3565_T|C,4184_G|A,4321_C|T,5701_T|C,6183_A|G,7113_C|T,7842_A|G,8293_C|T,8393_G|A,9286_C|T,9344_C|T,9424_A|G,9534_C|T,10029_C|T,10198_C|T,10447_G|A,10449_C|A,11042_G|T,11727_G|A,12789_C|T,12815_C|T,12880_C|T,13339_T|C,14408_C|T,15714_C|T,15756_T|A,17410_C|T,18163_A|G,18492_A|G,18657_C|T,18894_C|T,19716_C|T,19955_C|T,20055_A|G,21618_C|T,21622_C|T,21624_G|C,21627_C|A,21711_C|T,21738_T|C,21941_G|T,21987_G|A,22032_T|C,22033_C|A,22034_A|G,22200_T|G,22208_C|T,22295_C|A,22353_C|A,22556_A|G,22577_G|C,22578_G|A,22629_A|C,22674_C|T,22679_T|C,22686_C|T,22688_A|G,22775_G|A,22786_A|C,22813_G|T,22882_T|G,22895_G|C,22896_T|A,22898_G|A,22910_A|G,22916_C|T,22917_T|G,22926_T|C,22928_T|C,22942_T|A,22992_G|A,22995_C|A,23005_T|A,23012_G|A,23018_T|C,23019_T|C,23039_C|G,23055_A|G,23063_A|T,23075_T|C,23222_G|A,23271_C|T,23403_A|G,23423_C|T,23525_C|T,23599_T|G,23604_C|G,23854_C|A,23948_G|T,24378_C|T,24424_A|T,24469_T|A,24872_G|T,24990_C|T,25000_C|T,25006_C|T,25207_C|T,25584_C|T,26060_C|T,26270_C|T,26529_G|C,26577_C|G,26681_C|T,26709_G|A,26833_C|T,26858_C|T,27259_A|C,27382_G|C,27383_A|T,27384_T|C,27807_C|T,27810_T|C,28271_A|T,28291_C|A,28311_C|T,28881_G|A,28882_G|A,28883_G|C,28884_G|C,28958_C|A,29510_A|C,11288_11296,21633_21641,21765_21770,21992_21994,22194_22196,23009_23011,28362_28370,29734_29759,21608_.|TCATGCCGCTGT
OZ198614	XEK	21_C|T,44_C|T,241_C|T,593_C|T,670_T|G,897_C|A,1722_C|T,2790_C|T,3037_C|T,3431_G|T,3505_C|T,4184_G|A,4321_C|T,5701_T|C,6183_A|G,7113_C|T,7842_A|G,8090_C|A,8293_C|T,8393_G|A,9286_C|T,9344_C|T,9424_A|G,9534_C|T,10029_C|T,10198_C|T,10447_G|A,10449_C|A,11042_G|T,11727_G|A,12789_C|T,12815_C|T,12880_C|T,13339_T|C,14408_C|T,15714_C|T,15756_T|A,17410_C|T,18163_A|G,18492_A|G,18657_C|T,18894_C|T,19716_C|T,19955_C|T,20055_A|G,21618_C|T,21622_C|T,21624_G|C,21627_C|A,21711_C|T,21738_T|C,21941_G|T,21987_G|A,22032_T|C,22033_C|A,22034_A|G,22200_T|G,22208_C|T,22295_C|A,22353_C|A,22556_A|G,22577_G|C,22578_G|A,22629_A|C,22674_C|T,22679_T|C,22686_C|T,22688_A|G,22775_G|A,22786_A|C,22813_G|T,22882_T|G,22895_G|C,22896_T|A,22898_G|A,22910_A|G,22916_C|T,22917_T|G,22926_T|C,22928_T|C,22942_T|A,22992_G|A,22995_C|A,23005_T|A,23012_G|A,23018_T|C,23019_T|C,23039_C|G,23055_A|G,23063_A|T,23075_T|C,23222_G|A,23271_C|T,23403_A|G,23423_C|T,23525_C|T,23599_T|G,23604_C|G,23854_C|A,23948_G|T,24378_C|T,24424_A|T,24469_T|A,24872_G|T,24990_C|T,25000_C|T,25006_C|T,25207_C|T,25584_C|T,26060_C|T,26236_T|C,26270_C|T,26529_G|C,26577_C|G,26610_A|G,26681_C|T,26709_G|A,26833_C|T,26858_C|T,27259_A|C,27382_G|C,27383_A|T,27384_T|C,27807_C|T,27810_T|C,28271_A|T,28291_C|A,28311_C|T,28881_G|A,28882_G|A,28883_G|C,28884_G|C,28958_C|A,29510_A|C,11288_11296,21633_21641,21765_21770,21992_21994,22194_22196,23009_23011,28362_28370,29734_29759,21607_.|GNNNNNNNNNNN
OZ198808	XEK	21_C|T,44_C|T,241_C|T,593_C|T,670_T|G,897_C|A,2790_C|T,3037_C|T,3431_G|T,3505_C|T,3565_T|C,4184_G|A,4321_C|T,5701_T|C,6183_A|G,7113_C|T,7842_A|G,8293_C|T,8393_G|A,9286_C|T,9344_C|T,9424_A|G,9534_C|T,10029_C|T,10198_C|T,10447_G|A,10449_C|A,11042_G|T,11727_G|A,12789_C|T,12815_C|T,12880_C|T,13339_T|C,14408_C|T,14536_C|T,15714_C|T,15756_T|A,17410_C|T,18163_A|G,18492_A|G,18657_C|T,18894_C|T,19716_C|T,19955_C|T,20055_A|G,21618_C|T,21622_C|T,21624_G|C,21627_C|A,21711_C|T,21738_T|C,21941_G|T,21987_G|A,22032_T|C,22033_C|A,22034_A|G,22200_T|G,22208_C|T,22295_C|A,22353_C|A,22556_A|G,22577_G|C,22578_G|A,22629_A|C,22674_C|T,22679_T|C,22686_C|T,22688_A|G,22775_G|A,22786_A|C,22813_G|T,22882_T|G,22895_G|C,22896_T|A,22898_G|A,22910_A|G,22916_C|T,22917_T|G,22926_T|C,22928_T|C,22942_T|A,22992_G|A,22995_C|A,23005_T|A,23012_G|A,23018_T|C,23019_T|C,23039_C|G,23055_A|G,23063_A|T,23075_T|C,23222_G|A,23271_C|T,23403_A|G,23423_C|T,23525_C|T,23599_T|G,23604_C|G,23854_C|A,23948_G|T,24378_C|T,24424_A|T,24469_T|A,24872_G|T,24990_C|T,25000_C|T,25006_C|T,25207_C|T,25584_C|T,26060_C|T,26270_C|T,26529_G|C,26577_C|G,26610_A|G,26681_C|T,26709_G|A,26833_C|T,26858_C|T,27259_A|C,27382_G|C,27383_A|T,27384_T|C,27807_C|T,27810_T|C,28271_A|T,28291_C|A,28311_C|T,28881_G|A,28882_G|A,28883_G|C,28884_G|C,28958_C|A,29510_A|C,11288_11296,21633_21641,21765_21770,21992_21994,22194_22196,23009_23011,28362_28370,29734_29759,21608_.|TCATGCNGCTGT
OZ198846	XEK	21_C|T,44_C|T,241_C|T,593_C|T,670_T|G,897_C|A,2790_C|T,3037_C|T,3431_G|T,3505_C|T,3565_T|C,4184_G|A,4321_C|T,5701_T|C,6183_A|G,7113_C|T,7842_A|G,8293_C|T,8393_G|A,9286_C|T,9344_C|T,9424_A|G,9534_C|T,10029_C|T,10198_C|T,10447_G|A,10449_C|A,11042_G|T,11727_G|A,12789_C|T,12815_C|T,12880_C|T,13339_T|C,14408_C|T,14536_C|T,15714_C|T,15756_T|A,17410_C|T,17738_C|T,18163_A|G,18492_A|G,18657_C|T,18894_C|T,19716_C|T,19955_C|T,20055_A|G,21618_C|T,21622_C|T,21624_G|C,21627_C|A,21711_C|T,21738_T|C,21941_G|T,21987_G|A,22032_T|C,22033_C|A,22034_A|G,22200_T|G,22208_C|T,22295_C|A,22353_C|A,22556_A|G,22577_G|C,22578_G|A,22629_A|C,22674_C|T,22679_T|C,22686_C|T,22688_A|G,22775_G|A,22786_A|C,22813_G|T,22882_T|G,22895_G|C,22896_T|A,22898_G|A,22910_A|G,22916_C|T,22917_T|G,22926_T|C,22928_T|C,22942_T|A,22992_G|A,22995_C|A,23005_T|A,23012_G|A,23018_T|C,23019_T|C,23039_C|G,23055_A|G,23063_A|T,23075_T|C,23222_G|A,23271_C|T,23403_A|G,23423_C|T,23525_C|T,23599_T|G,23604_C|G,23854_C|A,23948_G|T,24378_C|T,24424_A|T,24469_T|A,24872_G|T,24990_C|T,25000_C|T,25006_C|T,25207_C|T,25584_C|T,26060_C|T,26270_C|T,26529_G|C,26577_C|G,26610_A|G,26681_C|T,26709_G|A,26833_C|T,26858_C|T,27259_A|C,27382_G|C,27383_A|T,27384_T|C,27807_C|T,27810_T|C,28271_A|T,28291_C|A,28311_C|T,28881_G|A,28882_G|A,28883_G|C,28884_G|C,28958_C|A,29510_A|C,11288_11296,21633_21641,21765_21770,21992_21994,22194_22196,23009_23011,28362_28370,29734_29759,21607_.|GNNNNNNNNNNN
OZ200889	XEK	21_C|T,44_C|T,241_C|T,532_A|G,593_C|T,670_T|G,897_C|A,2113_C|T,2790_C|T,3037_C|T,3431_G|T,3505_C|T,3565_T|C,4184_G|A,4321_C|T,5701_T|C,6183_A|G,7113_C|T,7842_A|G,8293_C|T,8393_G|A,9286_C|T,9344_C|T,9424_A|G,9534_C|T,10029_C|T,10198_C|T,10447_G|A,10449_C|A,11042_G|T,11727_G|A,12789_C|T,12815_C|T,12880_C|T,13339_T|C,14408_C|T,15714_C|T,15756_T|A,17410_C|T,18163_A|G,18492_A|G,18657_C|T,18894_C|T,19716_C|T,19955_C|T,20055_A|G,21618_C|T,21622_C|T,21624_G|C,21627_C|A,21711_C|T,21738_T|C,21941_G|T,21987_G|A,22032_T|C,22033_C|A,22034_A|G,22200_T|G,22208_C|T,22295_C|A,22353_C|A,22556_A|G,22577_G|C,22578_G|A,22629_A|C,22674_C|T,22679_T|C,22686_C|T,22688_A|G,22770_G|A,22775_G|A,22786_A|C,22813_G|T,22882_T|G,22895_G|C,22896_T|A,22898_G|A,22910_A|G,22916_C|T,22917_T|G,22926_T|C,22928_T|C,22942_T|A,22992_G|A,22995_C|A,23005_T|A,23012_G|A,23018_T|C,23019_T|C,23039_C|G,23055_A|G,23063_A|T,23075_T|C,23222_G|A,23271_C|T,23403_A|G,23423_C|T,23525_C|T,23599_T|G,23604_C|G,23854_C|A,23948_G|T,24378_C|T,24424_A|T,24469_T|A,24872_G|T,24990_C|T,25000_C|T,25006_C|T,25207_C|T,25584_C|T,26060_C|T,26270_C|T,26529_G|C,26577_C|G,26610_A|G,26681_C|T,26709_G|A,26833_C|T,26858_C|T,27259_A|C,27382_G|C,27383_A|T,27384_T|C,27807_C|T,27810_T|C,28271_A|T,28291_C|A,28311_C|T,28881_G|A,28882_G|A,28883_G|C,28884_G|C,28958_C|A,29510_A|C,11288_11296,21633_21641,21765_21770,21992_21994,22194_22196,23009_23011,28362_28370,29734_29759,21607_.|GNNNNNNNNNNN
OZ202293	XEK	21_C|T,44_C|T,241_C|T,593_C|T,670_T|G,897_C|A,2790_C|T,3037_C|T,3431_G|T,3505_C|T,3565_T|C,4184_G|A,4321_C|T,5701_T|C,6183_A|G,6712_T|G,7113_C|T,7842_A|G,8290_C|T,8293_C|T,8393_G|A,9286_C|T,9344_C|T,9424_A|G,9534_C|T,10029_C|T,10198_C|T,10447_G|A,10449_C|A,11042_G|T,11727_G|A,12789_C|T,12815_C|T,12880_C|T,13339_T|C,14408_C|T,15714_C|T,15756_T|A,17410_C|T,18163_A|G,18492_A|G,18657_C|T,18894_C|T,19716_C|T,19955_C|T,20055_A|G,20351_A|G,21618_C|T,21622_C|T,21624_G|C,21627_C|A,21711_C|T,21738_T|C,21941_G|T,21987_G|A,22032_T|C,22033_C|A,22034_A|G,22200_T|G,22208_C|T,22295_C|A,22353_C|A,22556_A|G,22577_G|C,22578_G|A,22629_A|C,22674_C|T,22679_T|C,22686_C|T,22688_A|G,22775_G|A,22786_A|C,22813_G|T,22882_T|G,22895_G|C,22896_T|A,22898_G|A,22910_A|G,22916_C|T,22917_T|G,22926_T|C,22928_T|C,22942_T|A,22992_G|A,22995_C|A,23005_T|A,23012_G|A,23018_T|C,23019_T|C,23039_C|G,23055_A|G,23063_A|T,23075_T|C,23222_G|A,23271_C|T,23403_A|G,23423_C|T,23525_C|T,23599_T|G,23604_C|G,23854_C|A,23948_G|T,24378_C|T,24424_A|T,24469_T|A,24872_G|T,24990_C|T,25000_C|T,25006_C|T,25207_C|T,25584_C|T,26060_C|T,26270_C|T,26529_G|C,26577_C|G,26610_A|G,26681_C|T,26709_G|A,26833_C|T,26858_C|T,27134_T|C,27259_A|C,27382_G|C,27383_A|T,27384_T|C,27807_C|T,27810_T|C,28271_A|T,28291_C|A,28311_C|T,28881_G|A,28882_G|A,28883_G|C,28884_G|C,28958_C|A,29510_A|C,11288_11296,21633_21641,21765_21770,21992_21994,22194_22196,23009_23011,28362_28370,29734_29759,21607_.|GNNNNNNNNNNN
OZ203011	XEK	21_C|T,44_C|T,241_C|T,532_A|G,593_C|T,670_T|G,897_C|A,2113_C|T,2790_C|T,3037_C|T,3431_G|T,3505_C|T,3565_T|C,4184_G|A,4321_C|T,5701_T|C,6183_A|G,7113_C|T,7842_A|G,8293_C|T,8393_G|A,9286_C|T,9344_C|T,9424_A|G,9534_C|T,10029_C|T,10198_C|T,10447_G|A,10449_C|A,11042_G|T,11727_G|A,12789_C|T,12815_C|T,12880_C|T,13339_T|C,14408_C|T,15714_C|T,15756_T|A,17410_C|T,18163_A|G,18492_A|G,18657_C|T,18894_C|T,19716_C|T,19955_C|T,20055_A|G,21618_C|T,21622_C|T,21624_G|C,21627_C|A,21711_C|T,21738_T|C,21941_G|T,21987_G|A,22032_T|C,22033_C|A,22034_A|G,22200_T|G,22208_C|T,22295_C|A,22353_C|A,22556_A|G,22577_G|C,22578_G|A,22629_A|C,22674_C|T,22679_T|C,22686_C|T,22688_A|G,22770_G|A,22775_G|A,22786_A|C,22813_G|T,22882_T|G,22895_G|C,22896_T|A,22898_G|A,22910_A|G,22916_C|T,22917_T|G,22926_T|C,22928_T|C,22942_T|A,22992_G|A,22995_C|A,23005_T|A,23012_G|A,23018_T|C,23019_T|C,23039_C|G,23055_A|G,23063_A|T,23075_T|C,23222_G|A,23271_C|T,23403_A|G,23423_C|T,23525_C|T,23599_T|G,23604_C|G,23854_C|A,23948_G|T,24378_C|T,24424_A|T,24469_T|A,24872_G|T,24990_C|T,25000_C|T,25006_C|T,25207_C|T,25584_C|T,26060_C|T,26270_C|T,26529_G|C,26577_C|G,26610_A|G,26681_C|T,26709_G|A,26833_C|T,26858_C|T,27259_A|C,27382_G|C,27383_A|T,27384_T|C,27807_C|T,27810_T|C,28271_A|T,28291_C|A,28311_C|T,28881_G|A,28882_G|A,28883_G|C,28884_G|C,28958_C|A,29510_A|C,11288_11296,21633_21641,21765_21770,21992_21994,22194_22196,23009_23011,28362_28370,29734_29759,21607_.|GNNNNNNNNNNN
OZ203159	XEK	21_C|T,44_C|T,241_C|T,593_C|T,670_T|G,897_C|A,2790_C|T,3037_C|T,3431_G|T,3505_C|T,3565_T|C,4184_G|A,4321_C|T,5701_T|C,6183_A|G,6712_T|G,7113_C|T,7842_A|G,8290_C|T,8293_C|T,8393_G|A,9286_C|T,9344_C|T,9424_A|G,9534_C|T,10029_C|T,10198_C|T,10447_G|A,10449_C|A,11042_G|T,11727_G|A,12789_C|T,12815_C|T,12880_C|T,13339_T|C,14408_C|T,15714_C|T,15756_T|A,17410_C|T,18163_A|G,18492_A|G,18657_C|T,18894_C|T,19716_C|T,19955_C|T,20055_A|G,20351_A|G,21618_C|T,21622_C|T,21624_G|C,21627_C|A,21711_C|T,21738_T|C,21941_G|T,21987_G|A,22032_T|C,22033_C|A,22034_A|G,22200_T|G,22208_C|T,22295_C|A,22353_C|A,22556_A|G,22577_G|C,22578_G|A,22629_A|C,22674_C|T,22679_T|C,22686_C|T,22688_A|G,22770_G|A,22775_G|A,22786_A|C,22813_G|T,22882_T|G,22895_G|C,22896_T|A,22898_G|A,22910_A|G,22916_C|T,22917_T|G,22926_T|C,22928_T|C,22942_T|A,22992_G|A,22995_C|A,23005_T|A,23012_G|A,23018_T|C,23019_T|C,23039_C|G,23055_A|G,23063_A|T,23075_T|C,23222_G|A,23271_C|T,23403_A|G,23423_C|T,23525_C|T,23599_T|G,23604_C|G,23854_C|A,23948_G|T,24378_C|T,24424_A|T,24469_T|A,24872_G|T,24990_C|T,25000_C|T,25006_C|T,25207_C|T,25584_C|T,26060_C|T,26270_C|T,26529_G|C,26577_C|G,26610_A|G,26681_C|T,26709_G|A,26833_C|T,26858_C|T,27134_T|C,27259_A|C,27382_G|C,27383_A|T,27384_T|C,27807_C|T,27810_T|C,28271_A|T,28291_C|A,28311_C|T,28881_G|A,28882_G|A,28883_G|C,28884_G|C,28958_C|A,29510_A|C,11288_11296,21633_21641,21765_21770,21992_21994,22194_22196,23009_23011,28362_28370,29734_29759
OZ204288	XEK	21_C|T,44_C|T,241_C|T,532_A|G,593_C|T,670_T|G,897_C|A,2113_C|T,2790_C|T,3037_C|T,3431_G|T,3505_C|T,3565_T|C,4184_G|A,4321_C|T,5701_T|C,6183_A|G,7113_C|T,7842_A|G,8293_C|T,8393_G|A,9286_C|T,9344_C|T,9424_A|G,9534_C|T,10029_C|T,10198_C|T,10447_G|A,10449_C|A,11042_G|T,11727_G|A,12789_C|T,12815_C|T,12880_C|T,13339_T|C,14408_C|T,15714_C|T,15756_T|A,17410_C|T,18163_A|G,18492_A|G,18657_C|T,18894_C|T,19716_C|T,19955_C|T,20055_A|G,21618_C|T,21622_C|T,21624_G|C,21627_C|A,21711_C|T,21738_T|C,21941_G|T,21987_G|A,22032_T|C,22033_C|A,22034_A|G,22200_T|G,22208_C|T,22295_C|A,22353_C|A,22556_A|G,22577_G|C,22578_G|A,22629_A|C,22674_C|T,22679_T|C,22686_C|T,22688_A|G,22770_G|A,22775_G|A,22786_A|C,22813_G|T,22882_T|G,22895_G|C,22896_T|A,22898_G|A,22910_A|G,22916_C|T,22917_T|G,22926_T|C,22928_T|C,22942_T|A,22992_G|A,22995_C|A,23005_T|A,23012_G|A,23018_T|C,23019_T|C,23039_C|G,23055_A|G,23063_A|T,23075_T|C,23222_G|A,23271_C|T,23403_A|G,23423_C|T,23525_C|T,23599_T|G,23604_C|G,23854_C|A,23948_G|T,24378_C|T,24424_A|T,24469_T|A,24872_G|T,24990_C|T,25000_C|T,25006_C|T,25207_C|T,25584_C|T,26060_C|T,26270_C|T,26529_G|C,26577_C|G,26610_A|G,26681_C|T,26709_G|A,26833_C|T,26858_C|T,27259_A|C,27382_G|C,27383_A|T,27384_T|C,27509_C|T,27807_C|T,27810_T|C,28271_A|T,28291_C|A,28311_C|T,28881_G|A,28882_G|A,28883_G|C,28884_G|C,28958_C|A,29510_A|C,11288_11296,21633_21641,21765_21770,21992_21994,22194_22196,23009_23011,28362_28370,29734_29759,21607_.|GNNNNNNNNNNN
OZ204328	XEK	21_C|T,44_C|T,241_C|T,532_A|G,593_C|T,670_T|G,897_C|A,2113_C|T,2790_C|T,3037_C|T,3431_G|T,3505_C|T,3565_T|C,4184_G|A,4321_C|T,5701_T|C,6183_A|G,7113_C|T,7842_A|G,8293_C|T,8393_G|A,9286_C|T,9344_C|T,9424_A|G,9534_C|T,10029_C|T,10198_C|T,10447_G|A,10449_C|A,11042_G|T,11727_G|A,12789_C|T,12815_C|T,12880_C|T,13339_T|C,14408_C|T,15714_C|T,15756_T|A,17410_C|T,18163_A|G,18492_A|G,18657_C|T,18894_C|T,19716_C|T,19955_C|T,20055_A|G,21618_C|T,21622_C|T,21624_G|C,21627_C|A,21711_C|T,21738_T|C,21941_G|T,21987_G|A,22032_T|C,22033_C|A,22034_A|G,22200_T|G,22208_C|T,22295_C|A,22353_C|A,22556_A|G,22577_G|C,22578_G|A,22629_A|C,22674_C|T,22679_T|C,22686_C|T,22688_A|G,22770_G|A,22775_G|A,22786_A|C,22813_G|T,22882_T|G,22895_G|C,22896_T|A,22898_G|A,22910_A|G,22916_C|T,22917_T|G,22926_T|C,22928_T|C,22942_T|A,22992_G|A,22995_C|A,23005_T|A,23012_G|A,23018_T|C,23019_T|C,23039_C|G,23055_A|G,23063_A|T,23075_T|C,23222_G|A,23271_C|T,23403_A|G,23423_C|T,23525_C|T,23599_T|G,23604_C|G,23854_C|A,23948_G|T,24378_C|T,24424_A|T,24469_T|A,24872_G|T,24990_C|T,25000_C|T,25006_C|T,25207_C|T,25584_C|T,26060_C|T,26270_C|T,26529_G|C,26577_C|G,26610_A|G,26681_C|T,26709_G|A,26833_C|T,26858_C|T,27259_A|C,27382_G|C,27383_A|T,27384_T|C,27509_C|T,27807_C|T,27810_T|C,28271_A|T,28291_C|A,28311_C|T,28881_G|A,28882_G|A,28883_G|C,28884_G|C,28958_C|A,29162_G|C,29510_A|C,11288_11296,21633_21641,21765_21770,21992_21994,22194_22196,23009_23011,28362_28370,29734_29759,21607_.|GNNNNNNNNNNN
OZ204743	XEK	44_C|T,241_C|T,532_A|G,593_C|T,670_T|G,897_C|A,2113_C|T,2790_C|T,3037_C|T,3431_G|T,3505_C|T,3565_T|C,4184_G|A,4321_C|T,5701_T|C,6183_A|G,7113_C|T,7842_A|G,8293_C|T,8393_G|A,9286_C|T,9344_C|T,9424_A|G,9534_C|T,10029_C|T,10198_C|T,10447_G|A,10449_C|A,11042_G|T,11727_G|A,12789_C|T,12815_C|T,12880_C|T,13339_T|C,14408_C|T,15714_C|T,15756_T|A,17410_C|T,18163_A|G,18492_A|G,18657_C|T,18894_C|T,19716_C|T,19955_C|T,20055_A|G,21618_C|T,21622_C|T,21624_G|C,21627_C|A,21711_C|T,21738_T|C,21941_G|T,21987_G|A,22032_T|C,22033_C|A,22034_A|G,22200_T|G,22208_C|T,22295_C|A,22353_C|A,22556_A|G,22577_G|C,22578_G|A,22629_A|C,22674_C|T,22679_T|C,22686_C|T,22688_A|G,22770_G|A,22775_G|A,22786_A|C,22813_G|T,22882_T|G,22895_G|C,22896_T|A,22898_G|A,22910_A|G,22916_C|T,22917_T|G,22926_T|C,22928_T|C,22942_T|A,22992_G|A,22995_C|A,23005_T|A,23012_G|A,23018_T|C,23019_T|C,23039_C|G,23055_A|G,23063_A|T,23075_T|C,23222_G|A,23271_C|T,23403_A|G,23423_C|T,23525_C|T,23599_T|G,23604_C|G,23854_C|A,23948_G|T,24378_C|T,24424_A|T,24469_T|A,24872_G|T,24990_C|T,25000_C|T,25006_C|T,25207_C|T,25584_C|T,26060_C|T,26270_C|T,26529_G|C,26577_C|G,26610_A|G,26681_C|T,26709_G|A,26833_C|T,26858_C|T,27259_A|C,27382_G|C,27383_A|T,27384_T|C,27509_C|T,27807_C|T,27810_T|C,28271_A|T,28291_C|A,28311_C|T,28881_G|A,28882_G|A,28883_G|C,28884_G|C,28958_C|A,29162_G|C,29510_A|C,11288_11296,21633_21641,21765_21770,21992_21994,22194_22196,23009_23011,28362_28370,29734_29759,21607_.|GNNNNNNNNNNN
OZ204759	XEK	21_C|T,44_C|T,241_C|T,532_A|G,593_C|T,670_T|G,897_C|A,2113_C|T,2790_C|T,3037_C|T,3431_G|T,3505_C|T,3565_T|C,4184_G|A,4321_C|T,5701_T|C,6183_A|G,7113_C|T,7842_A|G,8293_C|T,8393_G|A,9286_C|T,9344_C|T,9424_A|G,9534_C|T,10029_C|T,10198_C|T,10447_G|A,10449_C|A,11042_G|T,11727_G|A,12789_C|T,12815_C|T,12880_C|T,13339_T|C,14408_C|T,15714_C|T,15756_T|A,17410_C|T,18163_A|G,18492_A|G,18657_C|T,18894_C|T,19716_C|T,19955_C|T,20055_A|G,21618_C|T,21622_C|T,21624_G|C,21627_C|A,21711_C|T,21738_T|C,21941_G|T,21987_G|A,22032_T|C,22033_C|A,22034_A|G,22200_T|G,22208_C|T,22295_C|A,22353_C|A,22556_A|G,22577_G|C,22578_G|A,22629_A|C,22674_C|T,22679_T|C,22686_C|T,22688_A|G,22770_G|A,22775_G|A,22786_A|C,22813_G|T,22882_T|G,22895_G|C,22896_T|A,22898_G|A,22910_A|G,22916_C|T,22917_T|G,22926_T|C,22928_T|C,22942_T|A,22992_G|A,22995_C|A,23005_T|A,23012_G|A,23018_T|C,23019_T|C,23039_C|G,23055_A|G,23063_A|T,23075_T|C,23222_G|A,23271_C|T,23403_A|G,23423_C|T,23525_C|T,23599_T|G,23604_C|G,23854_C|A,23948_G|T,24378_C|T,24424_A|T,24469_T|A,24872_G|T,24990_C|T,25000_C|T,25006_C|T,25207_C|T,25584_C|T,26060_C|T,26270_C|T,26529_G|C,26577_C|G,26610_A|G,26681_C|T,26709_G|A,26833_C|T,26858_C|T,27259_A|C,27382_G|C,27383_A|T,27384_T|C,27509_C|T,27807_C|T,27810_T|C,28271_A|T,28291_C|A,28311_C|T,28881_G|A,28882_G|A,28883_G|C,28884_G|C,28958_C|A,29162_G|C,29510_A|C,11288_11296,21633_21641,21765_21770,21992_21994,22194_22196,23009_23011,28362_28370,29734_29759,21607_.|GNNNNNNNNNNN
OZ205213	XEK	21_C|T,44_C|T,241_C|T,593_C|T,670_T|G,897_C|A,2790_C|T,3037_C|T,3431_G|T,3505_C|T,3565_T|C,3913_T|G,4184_G|A,4321_C|T,5701_T|C,6183_A|G,7113_C|T,7842_A|G,8293_C|T,8393_G|A,9286_C|T,9344_C|T,9424_A|G,9534_C|T,10029_C|T,10198_C|T,10447_G|A,10449_C|A,10747_C|T,11042_G|T,11727_G|A,12789_C|T,12815_C|T,12880_C|T,13339_T|C,14408_C|T,15714_C|T,15756_T|A,17410_C|T,18163_A|G,18492_A|G,18647_C|T,18657_C|T,18894_C|T,19716_C|T,19955_C|T,20055_A|G,21618_C|T,21622_C|T,21624_G|C,21627_C|A,21711_C|T,21738_T|C,21941_G|T,21987_G|A,22032_T|C,22033_C|A,22034_A|G,22200_T|G,22208_C|T,22295_C|A,22353_C|A,22556_A|G,22577_G|C,22578_G|A,22629_A|C,22674_C|T,22679_T|C,22686_C|T,22688_A|G,22770_G|A,22775_G|A,22786_A|C,22813_G|T,22882_T|G,22895_G|C,22896_T|A,22898_G|A,22910_A|G,22916_C|T,22917_T|G,22926_T|C,22928_T|C,22942_T|A,22992_G|A,22995_C|A,23005_T|A,23012_G|A,23018_T|C,23019_T|C,23039_C|G,23055_A|G,23063_A|T,23075_T|C,23222_G|A,23271_C|T,23403_A|G,23423_C|T,23525_C|T,23599_T|G,23604_C|G,23854_C|A,23948_G|T,24378_C|T,24424_A|T,24469_T|A,24872_G|T,24990_C|T,25000_C|T,25006_C|T,25207_C|T,25584_C|T,26060_C|T,26270_C|T,26529_G|C,26577_C|G,26610_A|G,26681_C|T,26709_G|A,26833_C|T,26858_C|T,27196_C|T,27259_A|C,27382_G|C,27383_A|T,27384_T|C,27807_C|T,27810_T|C,28271_A|T,28291_C|A,28311_C|T,28881_G|A,28882_G|A,28883_G|C,28884_G|C,28958_C|A,29510_A|C,11288_11296,21633_21641,21765_21770,21992_21994,22194_22196,23009_23011,28362_28370,29734_29759,21607_.|GNNNNNNNNNNN
OZ205214	XEK	21_C|T,44_C|T,241_C|T,593_C|T,670_T|G,897_C|A,2790_C|T,3037_C|T,3431_G|T,3505_C|T,4184_G|A,4321_C|T,5701_T|C,6183_A|G,6712_T|G,7113_C|T,7842_A|G,8290_C|T,8293_C|T,8393_G|A,9286_C|T,9344_C|T,9424_A|G,9534_C|T,10029_C|T,10198_C|T,10447_G|A,10449_C|A,11042_G|T,11727_G|A,12789_C|T,12815_C|T,12880_C|T,13339_T|C,14408_C|T,15714_C|T,15756_T|A,17410_C|T,18163_A|G,18492_A|G,18657_C|T,18894_C|T,19716_C|T,19955_C|T,20055_A|G,20351_A|G,21618_C|T,21622_C|T,21624_G|C,21627_C|A,21711_C|T,21738_T|C,21941_G|T,21987_G|A,22032_T|C,22033_C|A,22034_A|G,22200_T|G,22208_C|T,22295_C|A,22353_C|A,22556_A|G,22577_G|C,22578_G|A,22629_A|C,22674_C|T,22679_T|C,22686_C|T,22688_A|G,22775_G|A,22786_A|C,22813_G|T,22882_T|G,22895_G|C,22896_T|A,22898_G|A,22910_A|G,22916_C|T,22917_T|G,22926_T|C,22928_T|C,22942_T|A,22992_G|A,22995_C|A,23005_T|A,23012_G|A,23018_T|C,23019_T|C,23039_C|G,23055_A|G,23063_A|T,23075_T|C,23222_G|A,23271_C|T,23403_A|G,23423_C|T,23525_C|T,23599_T|G,23604_C|G,23854_C|A,23948_G|T,24378_C|T,24424_A|T,24469_T|A,24872_G|T,24990_C|T,25000_C|T,25006_C|T,25207_C|T,25584_C|T,26060_C|T,26270_C|T,26529_G|C,26577_C|G,26610_A|G,26681_C|T,26709_G|A,26833_C|T,26858_C|T,27134_T|C,27259_A|C,27382_G|C,27383_A|T,27384_T|C,27807_C|T,27810_T|C,28271_A|T,28291_C|A,28311_C|T,28881_G|A,28882_G|A,28883_G|C,28884_G|C,28958_C|A,29510_A|C,11288_11296,21633_21641,21765_21770,21992_21994,22194_22196,23009_23011,28362_28370,29734_29759
OZ205269	XEK	21_C|T,44_C|T,241_C|T,532_A|G,593_C|T,670_T|G,897_C|A,2113_C|T,2790_C|T,3037_C|T,3431_G|T,3505_C|T,3565_T|C,4184_G|A,4321_C|T,5701_T|C,6183_A|G,7113_C|T,7842_A|G,8293_C|T,8393_G|A,9286_C|T,9344_C|T,9424_A|G,9534_C|T,10029_C|T,10198_C|T,10447_G|A,10449_C|A,11042_G|T,11727_G|A,12789_C|T,12815_C|T,12880_C|T,13339_T|C,14408_C|T,15714_C|T,15756_T|A,17410_C|T,18163_A|G,18492_A|G,18657_C|T,18894_C|T,19716_C|T,19955_C|T,20055_A|G,21618_C|T,21622_C|T,21624_G|C,21627_C|A,21711_C|T,21738_T|C,21941_G|T,21987_G|A,22032_T|C,22033_C|A,22034_A|G,22200_T|G,22208_C|T,22295_C|A,22353_C|A,22556_A|G,22577_G|C,22578_G|A,22629_A|C,22674_C|T,22679_T|C,22686_C|T,22688_A|G,22775_G|A,22786_A|C,22813_G|T,22882_T|G,22895_G|C,22896_T|A,22898_G|A,22910_A|G,22916_C|T,22917_T|G,22926_T|C,22928_T|C,22942_T|A,22992_G|A,22995_C|A,23005_T|A,23012_G|A,23018_T|C,23019_T|C,23039_C|G,23055_A|G,23063_A|T,23075_T|C,23222_G|A,23271_C|T,23403_A|G,23423_C|T,23525_C|T,23599_T|G,23604_C|G,23854_C|A,23948_G|T,24378_C|T,24424_A|T,24469_T|A,24872_G|T,24990_C|T,25000_C|T,25006_C|T,25207_C|T,25584_C|T,26060_C|T,26270_C|T,26529_G|C,26577_C|G,26610_A|G,26681_C|T,26709_G|A,26833_C|T,26858_C|T,27259_A|C,27382_G|C,27383_A|T,27384_T|C,27509_C|T,27807_C|T,27810_T|C,28271_A|T,28291_C|A,28311_C|T,28881_G|A,28882_G|A,28883_G|C,28884_G|C,28958_C|A,29162_G|C,29510_A|C,515_520,11288_11296,21633_21641,21765_21770,21992_21994,22194_22196,23009_23011,28362_28370,29734_29759,21607_.|GNNNNNNNNNNN
OZ205280	XEK	21_C|T,44_C|T,241_C|T,532_A|G,593_C|T,670_T|G,897_C|A,2113_C|T,2790_C|T,3037_C|T,3431_G|T,3505_C|T,3565_T|C,4184_G|A,4321_C|T,5701_T|C,6183_A|G,7113_C|T,7842_A|G,8293_C|T,8393_G|A,9286_C|T,9344_C|T,9424_A|G,9534_C|T,10029_C|T,10198_C|T,10447_G|A,10449_C|A,11042_G|T,11727_G|A,12789_C|T,12815_C|T,12880_C|T,13339_T|C,14408_C|T,15714_C|T,15756_T|A,17410_C|T,18163_A|G,18492_A|G,18657_C|T,18894_C|T,19716_C|T,19955_C|T,20055_A|G,21618_C|T,21622_C|T,21624_G|C,21627_C|A,21711_C|T,21738_T|C,21941_G|T,21987_G|A,22032_T|C,22033_C|A,22034_A|G,22200_T|G,22208_C|T,22295_C|A,22353_C|A,22556_A|G,22577_G|C,22578_G|A,22629_A|C,22674_C|T,22679_T|C,22686_C|T,22688_A|G,22770_G|A,22775_G|A,22786_A|C,22813_G|T,22882_T|G,22895_G|C,22896_T|A,22898_G|A,22910_A|G,22916_C|T,22917_T|G,22926_T|C,22928_T|C,22942_T|A,22992_G|A,22995_C|A,23005_T|A,23012_G|A,23018_T|C,23019_T|C,23039_C|G,23055_A|G,23063_A|T,23075_T|C,23222_G|A,23271_C|T,23403_A|G,23423_C|T,23525_C|T,23599_T|G,23604_C|G,23854_C|A,23948_G|T,24378_C|T,24424_A|T,24469_T|A,24872_G|T,24990_C|T,25000_C|T,25006_C|T,25207_C|T,25584_C|T,26060_C|T,26270_C|T,26529_G|C,26577_C|G,26681_C|T,26709_G|A,26833_C|T,26858_C|T,27259_A|C,27382_G|C,27383_A|T,27384_T|C,27509_C|T,27807_C|T,27810_T|C,28271_A|T,28291_C|A,28311_C|T,28881_G|A,28882_G|A,28883_G|C,28884_G|C,28958_C|A,29162_G|C,29510_A|C,11288_11296,21633_21641,21765_21770,21992_21994,22194_22196,23009_23011,28362_28370,29734_29759,21607_.|GNNNNNNNNNNN
OZ205284	XEK	21_C|T,44_C|T,241_C|T,532_A|G,593_C|T,670_T|G,897_C|A,2113_C|T,2790_C|T,3037_C|T,3431_G|T,3505_C|T,3565_T|C,4184_G|A,4321_C|T,5701_T|C,6183_A|G,7113_C|T,7842_A|G,8293_C|T,8393_G|A,9286_C|T,9344_C|T,9424_A|G,9534_C|T,10029_C|T,10198_C|T,10447_G|A,10449_C|A,11042_G|T,11727_G|A,12789_C|T,12815_C|T,12880_C|T,13339_T|C,14408_C|T,15714_C|T,15756_T|A,17410_C|T,18163_A|G,18492_A|G,18657_C|T,18894_C|T,19716_C|T,19955_C|T,20055_A|G,21618_C|T,21622_C|T,21624_G|C,21627_C|A,21711_C|T,21738_T|C,21941_G|T,21987_G|A,22032_T|C,22033_C|A,22034_A|G,22200_T|G,22208_C|T,22295_C|A,22353_C|A,22556_A|G,22577_G|C,22578_G|A,22629_A|C,22674_C|T,22679_T|C,22686_C|T,22688_A|G,22770_G|A,22775_G|A,22786_A|C,22813_G|T,22882_T|G,22895_G|C,22896_T|A,22898_G|A,22910_A|G,22916_C|T,22917_T|G,22926_T|C,22928_T|C,22942_T|A,22992_G|A,22995_C|A,23005_T|A,23012_G|A,23018_T|C,23019_T|C,23039_C|G,23055_A|G,23063_A|T,23075_T|C,23222_G|A,23271_C|T,23403_A|G,23423_C|T,23525_C|T,23599_T|G,23604_C|G,23854_C|A,23948_G|T,24378_C|T,24424_A|T,24469_T|A,24872_G|T,24990_C|T,25000_C|T,25006_C|T,25207_C|T,25584_C|T,26060_C|T,26270_C|T,26529_G|C,26577_C|G,26610_A|G,26681_C|T,26709_G|A,26833_C|T,26858_C|T,27259_A|C,27382_G|C,27383_A|T,27384_T|C,27509_C|T,27807_C|T,27810_T|C,28271_A|T,28291_C|A,28311_C|T,28881_G|A,28882_G|A,28883_G|C,28884_G|C,28958_C|A,29162_G|C,29510_A|C,11288_11296,21633_21641,21765_21770,21992_21994,22194_22196,23009_23011,28362_28370,29734_29759,21607_.|GNNNNNNNNNNN
OZ208817	XEK	241_C|T,593_C|T,670_T|G,897_C|A,2790_C|T,3037_C|T,3431_G|T,3505_C|T,4184_G|A,4321_C|T,5701_T|C,6183_A|G,7113_C|T,7842_A|G,8293_C|T,8393_G|A,9286_C|T,9344_C|T,9424_A|G,9534_C|T,10029_C|T,10198_C|T,10447_G|A,10449_C|A,11042_G|T,11727_G|A,12789_C|T,12815_C|T,12880_C|T,13122_G|T,13339_T|C,14408_C|T,15714_C|T,15756_T|A,17410_C|T,18163_A|G,18492_A|G,18657_C|T,18894_C|T,19716_C|T,19955_C|T,20055_A|G,21610_T|C,21641_G|T,21711_C|T,21738_T|C,21941_G|T,21987_G|A,22032_T|C,22033_C|A,22034_A|G,22200_T|G,22208_C|T,22295_C|A,22353_C|A,22556_A|G,22577_G|C,22578_G|A,22629_A|C,22674_C|T,22679_T|C,22686_C|T,22688_A|G,22775_G|A,22786_A|C,22813_G|T,22882_T|G,22895_G|C,22896_T|A,22898_G|A,22910_A|G,22916_C|T,22917_T|G,22926_T|C,22928_T|C,22942_T|A,22992_G|A,22995_C|A,23005_T|A,23012_G|A,23018_T|C,23019_T|C,23039_C|G,23055_A|G,23063_A|T,23075_T|C,23222_G|A,23271_C|T,23403_A|G,23423_C|T,23525_C|T,23599_T|G,23604_C|G,23854_C|A,23948_G|T,24378_C|T,24424_A|T,24469_T|A,24872_G|T,24990_C|T,25000_C|T,25006_C|T,25207_C|T,25350_C|T,25584_C|T,26060_C|T,26270_C|T,26529_G|C,26577_C|G,26681_C|T,26709_G|A,26833_C|T,26858_C|T,27259_A|C,27382_G|C,27383_A|T,27384_T|C,27807_C|T,27810_T|C,28009_T|C,28271_A|T,28291_C|A,28311_C|T,28881_G|A,28882_G|A,28883_G|C,28884_G|C,28958_C|A,29510_A|C,29625_C|T,11288_11296,21765_21770,21992_21994,22194_22196,28362_28370,29734_29759
OZ208927	XEK	21_C|T,44_C|T,241_C|T,532_A|G,593_C|T,670_T|G,897_C|A,2113_C|T,2790_C|T,3037_C|T,3431_G|T,3505_C|T,3565_T|C,4184_G|A,4321_C|T,5701_T|C,6183_A|G,7113_C|T,7842_A|G,8293_C|T,8393_G|A,9286_C|T,9344_C|T,9424_A|G,9534_C|T,10029_C|T,10198_C|T,10447_G|A,10449_C|A,11042_G|T,11727_G|A,12789_C|T,12815_C|T,12880_C|T,13339_T|C,14408_C|T,15714_C|T,15756_T|A,17410_C|T,18163_A|G,18492_A|G,18657_C|T,18894_C|T,19716_C|T,19955_C|T,20055_A|G,21618_C|T,21622_C|T,21624_G|C,21627_C|A,21711_C|T,21738_T|C,21941_G|T,21987_G|A,22032_T|C,22033_C|A,22034_A|G,22200_T|G,22208_C|T,22295_C|A,22353_C|A,22556_A|G,22577_G|C,22578_G|A,22629_A|C,22674_C|T,22679_T|C,22686_C|T,22688_A|G,22775_G|A,22786_A|C,22813_G|T,22882_T|G,22895_G|C,22896_T|A,22898_G|A,22910_A|G,22916_C|T,22917_T|G,22926_T|C,22928_T|C,22942_T|A,22992_G|A,22995_C|A,23005_T|A,23012_G|A,23018_T|C,23019_T|C,23039_C|G,23055_A|G,23063_A|T,23075_T|C,23222_G|A,23271_C|T,23403_A|G,23423_C|T,23525_C|T,23599_T|G,23604_C|G,23854_C|A,23948_G|T,24378_C|T,24424_A|T,24469_T|A,24872_G|T,24990_C|T,25000_C|T,25006_C|T,25207_C|T,25584_C|T,26060_C|T,26270_C|T,26529_G|C,26577_C|G,26610_A|G,26681_C|T,26709_G|A,26833_C|T,26858_C|T,27259_A|C,27382_G|C,27383_A|T,27384_T|C,27509_C|T,27807_C|T,27810_T|C,28271_A|T,28291_C|A,28311_C|T,28881_G|A,28882_G|A,28883_G|C,28884_G|C,28958_C|A,29162_G|C,29510_A|C,515_520,11288_11296,21633_21641,21765_21770,21992_21994,22194_22196,23009_23011,28362_28370,29734_29759,21607_.|GNNNNNNNNNNN
OZ210831	XEK	21_C|T,44_C|T,241_C|T,593_C|T,670_T|G,897_C|A,1420_C|T,2790_C|T,3037_C|T,3431_G|T,3505_C|T,3565_T|C,4184_G|A,4321_C|T,5386_T|A,5701_T|C,6183_A|G,7113_C|T,7842_A|G,8293_C|T,8393_G|A,9286_C|T,9344_C|T,9424_A|G,9534_C|T,9985_C|T,10029_C|T,10198_C|T,10447_G|A,10449_C|A,11042_G|T,11727_G|A,12789_C|T,12815_C|T,12880_C|T,13339_T|C,14408_C|T,14412_A|T,15714_C|T,15756_T|A,17410_C|T,18163_A|G,18492_A|G,18657_C|T,18894_C|T,19716_C|T,19955_C|T,20055_A|G,21618_C|T,21622_C|T,21624_G|C,21627_C|A,21711_C|T,21738_T|C,21941_G|T,21987_G|A,22032_T|C,22033_C|A,22034_A|G,22200_T|G,22208_C|T,22295_C|A,22353_C|A,22556_A|G,22577_G|C,22578_G|A,22629_A|C,22674_C|T,22679_T|C,22686_C|T,22688_A|G,22770_G|A,22775_G|A,22786_A|C,22813_G|T,22882_T|G,22895_G|C,22896_T|A,22898_G|A,22910_A|G,22916_C|T,22917_T|G,22926_T|C,22928_T|C,22942_T|A,22992_G|A,22995_C|A,23005_T|A,23012_G|A,23018_T|C,23019_T|C,23039_C|G,23055_A|G,23063_A|T,23075_T|C,23222_G|A,23271_C|T,23403_A|G,23423_C|T,23525_C|T,23599_T|G,23604_C|G,23854_C|A,23948_G|T,24378_C|T,24424_A|T,24469_T|A,24872_G|T,24990_C|T,25000_C|T,25006_C|T,25207_C|T,25584_C|T,26060_C|T,26270_C|T,26529_G|C,26577_C|G,26610_A|G,26681_C|T,26709_G|A,26833_C|T,26858_C|T,27259_A|C,27382_G|C,27383_A|T,27384_T|C,27807_C|T,27810_T|C,28271_A|T,28291_C|A,28311_C|T,28881_G|A,28882_G|A,28883_G|C,28884_G|C,28958_C|A,29510_A|C,29762_C|T,11288_11296,21633_21641,21765_21770,21992_21994,22194_22196,23009_23011,28362_28370,29734_29759,21607_.|GNNNNNNNNNNN
OZ211309	XEK	21_C|T,241_C|T,593_C|T,670_T|G,897_C|A,2790_C|T,3037_C|T,3431_G|T,3505_C|T,3565_T|C,4184_G|A,4321_C|T,5701_T|C,6183_A|G,6636_C|T,7113_C|T,7842_A|G,8293_C|T,8393_G|A,9286_C|T,9344_C|T,9424_A|G,9534_C|T,10029_C|T,10198_C|T,10447_G|A,10449_C|A,11042_G|T,11727_G|A,12789_C|T,12815_C|T,12880_C|T,13339_T|C,14408_C|T,15714_C|T,15756_T|A,16662_G|A,17410_C|T,18163_A|G,18492_A|G,18657_C|T,18894_C|T,19716_C|T,19955_C|T,20055_A|G,21618_C|T,21622_C|T,21624_G|C,21627_C|A,21711_C|T,21738_T|C,21941_G|T,21987_G|A,22032_T|C,22033_C|A,22034_A|G,22200_T|G,22208_C|T,22295_C|A,22353_C|A,22556_A|G,22577_G|C,22578_G|A,22629_A|C,22674_C|T,22679_T|C,22686_C|T,22688_A|G,22770_G|A,22775_G|A,22786_A|C,22813_G|T,22882_T|G,22895_G|C,22896_T|A,22898_G|A,22910_A|G,22916_C|T,22917_T|G,22926_T|C,22928_T|C,22942_T|A,22992_G|A,22995_C|A,23005_T|A,23012_G|A,23018_T|C,23019_T|C,23039_C|G,23055_A|G,23063_A|T,23075_T|C,23222_G|A,23271_C|T,23403_A|G,23423_C|T,23525_C|T,23599_T|G,23604_C|G,23854_C|A,23948_G|T,24378_C|T,24424_A|T,24469_T|A,24872_G|T,24990_C|T,25000_C|T,25006_C|T,25207_C|T,25584_C|T,26060_C|T,26270_C|T,26529_G|C,26577_C|G,26610_A|G,26681_C|T,26709_G|A,26833_C|T,26858_C|T,27259_A|C,27382_G|C,27383_A|T,27384_T|C,27807_C|T,27810_T|C,28271_A|T,28291_C|A,28311_C|T,28881_G|A,28882_G|A,28883_G|C,28884_G|C,28958_C|A,29510_A|C,11288_11296,21633_21641,21765_21770,21992_21994,22194_22196,23009_23011,28362_28370,29734_29759
OZ220290	XEK	44_C|T,241_C|T,593_C|T,670_T|G,897_C|A,2790_C|T,3037_C|T,3431_G|T,3505_C|T,3565_T|C,4184_G|A,4321_C|T,5020_C|T,5701_T|C,6183_A|G,7113_C|T,7842_A|G,8293_C|T,8393_G|A,9286_C|T,9344_C|T,9424_A|G,9534_C|T,10029_C|T,10198_C|T,10447_G|A,10449_C|A,11042_G|T,11727_G|A,12789_C|T,12815_C|T,12880_C|T,13339_T|C,14408_C|T,15714_C|T,15756_T|A,17410_C|T,18163_A|G,18348_C|T,18492_A|G,18657_C|T,18894_C|T,19716_C|T,19955_C|T,20055_A|G,21618_C|T,21622_C|T,21624_G|C,21627_C|A,21711_C|T,21738_T|C,21941_G|T,21987_G|A,22032_T|C,22033_C|A,22034_A|G,22200_T|G,22208_C|T,22295_C|A,22353_C|A,22556_A|G,22577_G|C,22578_G|A,22629_A|C,22674_C|T,22679_T|C,22686_C|T,22688_A|G,22770_G|A,22775_G|A,22786_A|C,22813_G|T,22882_T|G,22895_G|C,22896_T|A,22898_G|A,22910_A|G,22916_C|T,22917_T|G,22926_T|C,22928_T|C,22942_T|A,22992_G|A,22995_C|A,23005_T|A,23012_G|A,23018_T|C,23019_T|C,23039_C|G,23055_A|G,23063_A|T,23075_T|C,23222_G|A,23271_C|T,23403_A|G,23423_C|T,23525_C|T,23599_T|G,23604_C|G,23854_C|A,23948_G|T,24378_C|T,24424_A|T,24469_T|A,24872_G|T,24990_C|T,25000_C|T,25006_C|T,25207_C|T,25584_C|T,25698_A|G,26060_C|T,26270_C|T,26529_G|C,26577_C|G,26610_A|G,26681_C|T,26709_G|A,26833_C|T,26858_C|T,27259_A|C,27382_G|C,27383_A|T,27384_T|C,27807_C|T,27810_T|C,28271_A|T,28291_C|A,28311_C|T,28881_G|A,28882_G|A,28883_G|C,28884_G|C,28958_C|A,29144_C|T,29510_A|C,29781_G|T,11288_11296,21633_21641,21765_21770,21992_21994,22194_22196,23009_23011,28362_28370,29734_29759,21607_.|GNNNNNNNNNNN
OZ220293	XEK	21_C|T,44_C|T,241_C|T,593_C|T,670_T|G,897_C|A,2790_C|T,3037_C|T,3431_G|T,3505_C|T,3565_T|C,4184_G|A,4321_C|T,5020_C|T,5701_T|C,6183_A|G,7113_C|T,7842_A|G,8293_C|T,8393_G|A,9286_C|T,9344_C|T,9424_A|G,9534_C|T,10029_C|T,10198_C|T,10447_G|A,10449_C|A,11042_G|T,11727_G|A,12789_C|T,12815_C|T,12880_C|T,13339_T|C,14408_C|T,15714_C|T,15756_T|A,17410_C|T,18163_A|G,18348_C|T,18492_A|G,18657_C|T,18894_C|T,19716_C|T,19955_C|T,20055_A|G,21618_C|T,21622_C|T,21624_G|C,21627_C|A,21711_C|T,21738_T|C,21941_G|T,21987_G|A,22032_T|C,22033_C|A,22034_A|G,22200_T|G,22208_C|T,22295_C|A,22353_C|A,22556_A|G,22577_G|C,22578_G|A,22629_A|C,22674_C|T,22679_T|C,22686_C|T,22688_A|G,22770_G|A,22775_G|A,22786_A|C,22813_G|T,22882_T|G,22895_G|C,22896_T|A,22898_G|A,22910_A|G,22916_C|T,22917_T|G,22926_T|C,22928_T|C,22942_T|A,22992_G|A,22995_C|A,23005_T|A,23012_G|A,23018_T|C,23019_T|C,23039_C|G,23055_A|G,23063_A|T,23075_T|C,23222_G|A,23271_C|T,23403_A|G,23423_C|T,23525_C|T,23599_T|G,23604_C|G,23854_C|A,23948_G|T,24378_C|T,24424_A|T,24469_T|A,24872_G|T,24990_C|T,25000_C|T,25006_C|T,25207_C|T,25584_C|T,25698_A|G,26060_C|T,26270_C|T,26529_G|C,26577_C|G,26681_C|T,26709_G|A,26833_C|T,26858_C|T,27259_A|C,27382_G|C,27383_A|T,27384_T|C,27807_C|T,27810_T|C,28271_A|T,28291_C|A,28311_C|T,28881_G|A,28882_G|A,28883_G|C,28884_G|C,28958_C|A,29144_C|T,29510_A|C,11288_11296,21633_21641,21765_21770,21992_21994,22194_22196,23009_23011,28362_28370,29734_29759,21607_.|GNNNNNNNNNNN
OZ221275	XEK	21_C|T,44_C|T,241_C|T,593_C|T,670_T|G,897_C|A,2790_C|T,3037_C|T,3431_G|T,3505_C|T,3565_T|C,4184_G|A,4321_C|T,5020_C|T,5701_T|C,6183_A|G,7113_C|T,7842_A|G,8293_C|T,8393_G|A,9286_C|T,9344_C|T,9424_A|G,9534_C|T,10029_C|T,10198_C|T,10447_G|A,10449_C|A,11042_G|T,11727_G|A,12789_C|T,12815_C|T,12880_C|T,13339_T|C,14408_C|T,15714_C|T,15756_T|A,17410_C|T,18163_A|G,18348_C|T,18492_A|G,18657_C|T,18894_C|T,19716_C|T,19955_C|T,20055_A|G,21618_C|T,21622_C|T,21624_G|C,21627_C|A,21711_C|T,21738_T|C,21941_G|T,21987_G|A,22032_T|C,22033_C|A,22034_A|G,22200_T|G,22208_C|T,22295_C|A,22353_C|A,22556_A|G,22577_G|C,22578_G|A,22629_A|C,22674_C|T,22679_T|C,22686_C|T,22688_A|G,22770_G|A,22775_G|A,22786_A|C,22813_G|T,22882_T|G,22895_G|C,22896_T|A,22898_G|A,22910_A|G,22916_C|T,22917_T|G,22926_T|C,22928_T|C,22942_T|A,22992_G|A,22995_C|A,23005_T|A,23012_G|A,23018_T|C,23019_T|C,23039_C|G,23055_A|G,23063_A|T,23075_T|C,23222_G|A,23271_C|T,23403_A|G,23423_C|T,23525_C|T,23599_T|G,23604_C|G,23854_C|A,23948_G|T,24378_C|T,24424_A|T,24469_T|A,24872_G|T,24990_C|T,25000_C|T,25006_C|T,25207_C|T,25584_C|T,25698_A|G,26060_C|T,26270_C|T,26529_G|C,26577_C|G,26610_A|G,26681_C|T,26709_G|A,26833_C|T,26858_C|T,27259_A|C,27382_G|C,27383_A|T,27384_T|C,27807_C|T,27810_T|C,28271_A|T,28291_C|A,28311_C|T,28881_G|A,28882_G|A,28883_G|C,28884_G|C,28958_C|A,29144_C|T,29510_A|C,29781_G|T,11288_11296,21633_21641,21765_21770,21992_21994,22194_22196,23009_23011,28362_28370,29734_29759,21607_.|GNNNNNNNNNNN
OZ221363	XEK	21_C|T,44_C|T,241_C|T,593_C|T,670_T|G,897_C|A,2790_C|T,3037_C|T,3431_G|T,3505_C|T,3565_T|C,4184_G|A,4321_C|T,5701_T|C,6183_A|G,7113_C|T,7842_A|G,8293_C|T,8393_G|A,9286_C|T,9344_C|T,9424_A|G,9534_C|T,10029_C|T,10198_C|T,10447_G|A,10449_C|A,11042_G|T,11417_G|T,11727_G|A,12789_C|T,12815_C|T,12880_C|T,13339_T|C,14408_C|T,15714_C|T,15756_T|A,17410_C|T,18163_A|G,18492_A|G,18657_C|T,18894_C|T,19716_C|T,19955_C|T,20055_A|G,21618_C|T,21622_C|T,21624_G|C,21627_C|A,21711_C|T,21738_T|C,21941_G|T,21987_G|A,22032_T|C,22033_C|A,22034_A|G,22200_T|G,22208_C|T,22295_C|A,22353_C|A,22556_A|G,22577_G|C,22578_G|A,22629_A|C,22674_C|T,22679_T|C,22686_C|T,22688_A|G,22770_G|A,22775_G|A,22786_A|C,22813_G|T,22882_T|G,22895_G|C,22896_T|A,22898_G|A,22910_A|G,22916_C|T,22917_T|G,22926_T|C,22928_T|C,22942_T|A,22992_G|A,22995_C|A,23005_T|A,23012_G|A,23018_T|C,23019_T|C,23039_C|G,23055_A|G,23063_A|T,23075_T|C,23222_G|A,23271_C|T,23403_A|G,23423_C|T,23525_C|T,23599_T|G,23604_C|G,23854_C|A,23948_G|T,24378_C|T,24424_A|T,24469_T|A,24872_G|T,24990_C|T,25000_C|T,25006_C|T,25207_C|T,25584_C|T,26060_C|T,26270_C|T,26529_G|C,26577_C|G,26610_A|G,26681_C|T,26709_G|A,26833_C|T,26858_C|T,27143_C|T,27259_A|C,27382_G|C,27383_A|T,27384_T|C,27807_C|T,27810_T|C,28271_A|T,28291_C|A,28311_C|T,28881_G|A,28882_G|A,28883_G|C,28884_G|C,28958_C|A,29510_A|C,11288_11296,21633_21641,21765_21770,21992_21994,22194_22196,23009_23011,28362_28370,29734_29759,21607_.|GNNNNNNNNNNN
OZ223679	XEK	21_C|T,44_C|T,241_C|T,593_C|T,670_T|G,897_C|A,1405_T|A,2790_C|T,3037_C|T,3431_G|T,3505_C|T,3565_T|C,4184_G|A,4321_C|T,5701_T|C,6183_A|G,6354_C|T,7113_C|T,7842_A|G,8293_C|T,8393_G|A,9286_C|T,9344_C|T,9424_A|G,9534_C|T,10029_C|T,10198_C|T,10447_G|A,10449_C|A,11042_G|T,11727_G|A,12789_C|T,12815_C|T,12880_C|T,13339_T|C,14408_C|T,15714_C|T,15756_T|A,16662_G|A,16853_G|T,17410_C|T,17766_C|T,18163_A|G,18492_A|G,18657_C|T,18894_C|T,19716_C|T,19955_C|T,20055_A|G,20302_G|A,21618_C|T,21622_C|T,21624_G|C,21627_C|A,21711_C|T,21738_T|C,21941_G|T,21987_G|A,22032_T|C,22033_C|A,22034_A|G,22200_T|G,22208_C|T,22295_C|A,22353_C|A,22556_A|G,22577_G|C,22578_G|A,22629_A|C,22674_C|T,22679_T|C,22686_C|T,22688_A|G,22770_G|A,22775_G|A,22786_A|C,22813_G|T,22882_T|G,22895_G|C,22896_T|A,22898_G|A,22910_A|G,22916_C|T,22917_T|G,22926_T|C,22928_T|C,22942_T|A,22992_G|A,22995_C|A,23005_T|A,23012_G|A,23018_T|C,23019_T|C,23039_C|G,23055_A|G,23063_A|T,23075_T|C,23222_G|A,23271_C|T,23403_A|G,23423_C|T,23525_C|T,23599_T|G,23604_C|G,23854_C|A,23948_G|T,24378_C|T,24424_A|T,24469_T|A,24872_G|T,24990_C|T,25000_C|T,25006_C|T,25207_C|T,25584_C|T,26060_C|T,26270_C|T,26529_G|C,26577_C|G,26610_A|G,26681_C|T,26709_G|A,26833_C|T,26858_C|T,27259_A|C,27382_G|C,27383_A|T,27384_T|C,27807_C|T,27810_T|C,28271_A|T,28291_C|A,28311_C|T,28881_G|A,28882_G|A,28883_G|C,28884_G|C,28958_C|A,29510_A|C,11288_11296,21633_21641,21765_21770,21992_21994,22194_22196,23009_23011,28362_28370,29734_29759
OZ255297	XEK	241_C|T,583_C|T,593_C|T,670_T|G,897_C|A,2790_C|T,3037_C|T,3431_G|T,3505_C|T,3565_T|C,3774_G|A,4184_G|A,4321_C|T,4921_C|T,5701_T|C,5950_G|T,6183_A|G,7113_C|T,7842_A|G,8293_C|T,8393_G|A,9286_C|T,9344_C|T,9391_C|T,9424_A|G,9534_C|T,10029_C|T,10198_C|T,10447_G|A,10449_C|A,11042_G|T,11727_G|A,12789_C|T,12815_C|T,12880_C|T,13339_T|C,14408_C|T,15714_C|T,15756_T|A,16575_C|T,17410_C|T,18163_A|G,18354_A|G,18492_A|G,18657_C|T,18894_C|T,19419_G|A,19716_C|T,19955_C|T,20055_A|G,21641_G|T,21711_C|T,21738_T|C,21941_G|T,21987_G|A,22032_T|C,22033_C|A,22034_A|G,22200_T|G,22208_C|T,22295_C|A,22353_C|A,22556_A|G,22577_G|C,22578_G|A,22629_A|C,22674_C|T,22679_T|C,22686_C|T,22688_A|G,22775_G|A,22786_A|C,22813_G|T,22882_T|G,22895_G|C,22896_T|A,22898_G|A,22910_A|G,22916_C|T,22917_T|G,22926_T|C,22928_T|C,22942_T|A,22992_G|A,22995_C|A,23005_T|A,23012_G|A,23018_T|C,23019_T|C,23039_C|G,23055_A|G,23063_A|T,23075_T|C,23222_G|A,23271_C|T,23403_A|G,23423_C|T,23525_C|T,23599_T|G,23604_C|G,23854_C|A,23948_G|T,24378_C|T,24424_A|T,24469_T|A,24872_G|T,24990_C|T,25000_C|T,25006_C|T,25046_C|T,25207_C|T,25584_C|T,25699_G|T,26060_C|T,26270_C|T,26529_G|C,26577_C|G,26681_C|T,26709_G|A,26833_C|T,26858_C|T,27259_A|C,27382_G|C,27383_A|T,27384_T|C,27807_C|T,27810_T|C,28271_A|T,28291_C|A,28311_C|T,28881_G|A,28882_G|A,28883_G|C,28884_G|C,28958_C|A,29510_A|C,11288_11296,21765_21770,21992_21994,22194_22196,23009_23011,28362_28370,29734_29759
OZ255342	XEK	241_C|T,593_C|T,670_T|G,897_C|A,2790_C|T,3037_C|T,3431_G|T,3505_C|T,3565_T|C,3774_G|A,4184_G|A,4321_C|T,4921_C|T,5701_T|C,5950_G|T,6183_A|G,7113_C|T,7842_A|G,8140_C|T,8293_C|T,8393_G|A,9286_C|T,9344_C|T,9424_A|G,9534_C|T,10029_C|T,10198_C|T,10447_G|A,10449_C|A,11042_G|T,11727_G|A,12789_C|T,12815_C|T,12880_C|T,13339_T|C,14408_C|T,14769_T|C,15714_C|T,15756_T|A,16575_C|T,17410_C|T,18163_A|G,18354_A|G,18492_A|G,18657_C|T,18894_C|T,19419_G|A,19716_C|T,19955_C|T,20055_A|G,21711_C|T,21738_T|C,21941_G|T,21987_G|A,22032_T|C,22033_C|A,22034_A|G,22200_T|G,22208_C|T,22295_C|A,22353_C|A,22556_A|G,22577_G|C,22578_G|A,22629_A|C,22674_C|T,22679_T|C,22686_C|T,22688_A|G,22775_G|A,22786_A|C,22813_G|T,22882_T|G,22895_G|C,22896_T|A,22898_G|A,22910_A|G,22916_C|T,22917_T|G,22926_T|C,22928_T|C,22942_T|A,22992_G|A,22995_C|A,23005_T|A,23012_G|A,23018_T|C,23019_T|C,23039_C|G,23055_A|G,23063_A|T,23075_T|C,23222_G|A,23271_C|T,23403_A|G,23423_C|T,23525_C|T,23599_T|G,23604_C|G,23854_C|A,23948_G|T,24378_C|T,24424_A|T,24469_T|A,24872_G|T,24990_C|T,25000_C|T,25006_C|T,25207_C|T,25584_C|T,25699_G|T,26060_C|T,26270_C|T,26529_G|C,26577_C|G,26681_C|T,26709_G|A,26833_C|T,26858_C|T,27259_A|C,27382_G|C,27383_A|T,27384_T|C,27807_C|T,27810_T|C,28271_A|T,28291_C|A,28311_C|T,28881_G|A,28882_G|A,28883_G|C,28884_G|C,28958_C|A,29510_A|C,11288_11296,21992_21994,22194_22196,23009_23011,28362_28370,29734_29759
OZ255404	XEK	241_C|T,583_C|T,593_C|T,670_T|G,897_C|A,2790_C|T,3037_C|T,3431_G|T,3505_C|T,3565_T|C,3774_G|A,4184_G|A,4321_C|T,4921_C|T,5701_T|C,5950_G|T,6183_A|G,7113_C|T,7842_A|G,8140_C|T,8293_C|T,8393_G|A,9286_C|T,9344_C|T,9424_A|G,9534_C|T,10029_C|T,10198_C|T,10447_G|A,10449_C|A,11042_G|T,11727_G|A,12789_C|T,12815_C|T,12880_C|T,13339_T|C,14408_C|T,15714_C|T,15756_T|A,16575_C|T,17410_C|T,18163_A|G,18354_A|G,18492_A|G,18657_C|T,18894_C|T,19419_G|A,19716_C|T,19955_C|T,20055_A|G,21738_T|C,21941_G|T,21987_G|A,22032_T|C,22033_C|A,22034_A|G,22200_T|G,22208_C|T,22295_C|A,22353_C|A,22556_A|G,22577_G|C,22578_G|A,22629_A|C,22674_C|T,22679_T|C,22686_C|T,22688_A|G,22775_G|A,22786_A|C,22813_G|T,22882_T|G,22895_G|C,22896_T|A,22898_G|A,22910_A|G,22916_C|T,22917_T|G,22926_T|C,22928_T|C,22942_T|A,22992_G|A,22995_C|A,23005_T|A,23012_G|A,23018_T|C,23019_T|C,23039_C|G,23055_A|G,23063_A|T,23075_T|C,23222_G|A,23271_C|T,23403_A|G,23423_C|T,23525_C|T,23599_T|G,23604_C|G,23854_C|A,23948_G|T,24378_C|T,24424_A|T,24469_T|A,24872_G|T,24990_C|T,25000_C|T,25006_C|T,25207_C|T,25584_C|T,25699_G|T,26060_C|T,26270_C|T,26529_G|C,26577_C|G,26681_C|T,26709_G|A,26833_C|T,26858_C|T,27259_A|C,27382_G|C,27383_A|T,27384_T|C,27807_C|T,27810_T|C,28271_A|T,28291_C|A,28311_C|T,28881_G|A,28882_G|A,28883_G|C,28884_G|C,28958_C|A,29510_A|C,11288_11296,21992_21994,22194_22196,23009_23011,29734_29759
OZ260160	XEK	241_C|T,593_C|T,670_T|G,882_C|T,897_C|A,2790_C|T,3037_C|T,3431_G|T,3505_C|T,3565_T|C,3774_G|A,3939_G|T,4184_G|A,4321_C|T,4921_C|T,5701_T|C,5950_G|T,6183_A|G,7113_C|T,7842_A|G,8293_C|T,8393_G|A,9286_C|T,9344_C|T,9424_A|G,9534_C|T,10029_C|T,10198_C|T,10447_G|A,10449_C|A,11042_G|T,11727_G|A,12789_C|T,12815_C|T,12880_C|T,13339_T|C,14408_C|T,14769_T|C,15714_C|T,15756_T|A,16575_C|T,17410_C|T,18163_A|G,18354_A|G,18492_A|G,18657_C|T,18894_C|T,19419_G|A,19716_C|T,19955_C|T,20055_A|G,21711_C|T,21738_T|C,21941_G|T,21987_G|A,22032_T|C,22033_C|A,22034_A|G,22200_T|G,22208_C|T,22295_C|A,22353_C|A,22556_A|G,22577_G|C,22578_G|A,22629_A|C,22674_C|T,22679_T|C,22686_C|T,22688_A|G,22775_G|A,22786_A|C,22813_G|T,22882_T|G,22895_G|C,22896_T|A,22898_G|A,22910_A|G,22916_C|T,22917_T|G,22926_T|C,22928_T|C,22942_T|A,22992_G|A,22995_C|A,23005_T|A,23012_G|A,23018_T|C,23019_T|C,23039_C|G,23055_A|G,23063_A|T,23075_T|C,23222_G|A,23271_C|T,23403_A|G,23423_C|T,23525_C|T,23599_T|G,23604_C|G,23854_C|A,23948_G|T,24378_C|T,24424_A|T,24469_T|A,24872_G|T,24990_C|T,25000_C|T,25006_C|T,25207_C|T,25584_C|T,25699_G|T,26060_C|T,26270_C|T,26529_G|C,26577_C|G,26681_C|T,26709_G|A,26833_C|T,26858_C|T,27259_A|C,27382_G|C,27383_A|T,27384_T|C,27503_C|T,27807_C|T,27810_T|C,28271_A|T,28291_C|A,28311_C|T,28881_G|A,28882_G|A,28883_G|C,28884_G|C,28958_C|A,29510_A|C,11288_11296,21992_21994,22194_22196,28362_28370,29734_29759
Switzerland/BE-IFIK-241127_os_15/2024	XEK	21_C|T,44_C|T,241_C|T,593_C|T,670_T|G,897_C|A,2790_C|T,2947_C|T,3037_C|T,3431_G|T,3505_C|T,3565_T|C,3567_G|A,4184_G|A,4321_C|T,5133_A|C,5512_C|T,5701_T|C,6183_A|G,7113_C|T,7842_A|G,8293_C|T,8393_G|A,9286_C|T,9344_C|T,9424_A|G,9534_C|T,10029_C|T,10198_C|T,10447_G|A,10449_C|A,11042_G|T,11727_G|A,12789_C|T,12815_C|T,12880_C|T,13339_T|C,14408_C|T,15714_C|T,15756_T|A,17410_C|T,18163_A|G,18492_A|G,18657_C|T,18894_C|T,19716_C|T,19955_C|T,20055_A|G,21618_C|T,21622_C|T,21624_G|C,21627_C|A,21711_C|T,21738_T|C,21805_C|T,21941_G|T,21987_G|A,22032_T|C,22033_C|A,22034_A|G,22200_T|G,22208_C|T,22295_C|A,22353_C|A,22556_A|G,22577_G|C,22578_G|A,22629_A|C,22674_C|T,22679_T|C,22686_C|T,22688_A|G,22770_G|A,22775_G|A,22786_A|C,22813_G|T,22882_T|G,22895_G|C,22896_T|A,22898_G|A,22910_A|G,22916_C|T,22917_T|G,22926_T|C,22928_T|C,22942_T|A,22992_G|A,22995_C|A,23005_T|A,23012_G|A,23018_T|C,23019_T|C,23039_C|G,23055_A|G,23063_A|T,23075_T|C,23222_G|A,23271_C|T,23403_A|G,23423_C|T,23525_C|T,23599_T|G,23604_C|G,23854_C|A,23948_G|T,24378_C|T,24424_A|T,24469_T|A,24872_G|T,24990_C|T,25000_C|T,25006_C|T,25207_C|T,25584_C|T,26060_C|T,26270_C|T,26529_G|C,26577_C|G,26610_A|G,26681_C|T,26709_G|A,26833_C|T,26858_C|T,27259_A|C,27382_G|C,27383_A|T,27384_T|C,27807_C|T,27810_T|C,27970_C|T,28271_A|T,28291_C|A,28311_C|T,28881_G|A,28882_G|A,28883_G|C,28884_G|C,28958_C|A,29510_A|C,11288_11296,21633_21641,21765_21770,21992_21994,22194_22196,23009_23011,28362_28370,29734_29759,29868,21608_.|TCATGCCGCTGT
Switzerland/BS-USB_2024_12_05_5dd4fc9e/2024	XEK	1_A|T,4_A|T,21_C|T,44_C|T,241_C|T,593_C|T,670_T|G,897_C|A,2790_C|T,3037_C|T,3431_G|T,3505_C|T,3565_T|C,4184_G|A,4321_C|T,5701_T|C,6183_A|G,7113_C|T,7842_A|G,8293_C|T,8393_G|A,9286_C|T,9344_C|T,9424_A|G,9534_C|T,10029_C|T,10198_C|T,10447_G|A,10449_C|A,11042_G|T,11727_G|A,12789_C|T,12815_C|T,12880_C|T,13339_T|C,14408_C|T,15714_C|T,15756_T|A,17410_C|T,18163_A|G,18492_A|G,18657_C|T,18894_C|T,19716_C|T,19955_C|T,20055_A|G,21618_C|T,21622_C|T,21624_G|C,21627_C|A,21711_C|T,21738_T|C,21941_G|T,21987_G|A,22032_T|C,22033_C|A,22034_A|G,22200_T|G,22208_C|T,22295_C|A,22353_C|A,22556_A|G,22577_G|C,22578_G|A,22629_A|C,22674_C|T,22679_T|C,22686_C|T,22688_A|G,22770_G|A,22775_G|A,22786_A|C,22813_G|T,22882_T|G,22895_G|C,22896_T|A,22898_G|A,22910_A|G,22916_C|T,22917_T|G,22926_T|C,22928_T|C,22942_T|A,22992_G|A,22995_C|A,23005_T|A,23012_G|A,23018_T|C,23019_T|C,23039_C|G,23055_A|G,23063_A|T,23075_T|C,23222_G|A,23271_C|T,23403_A|G,23423_C|T,23525_C|T,23599_T|G,23604_C|G,23854_C|A,23948_G|T,24378_C|T,24424_A|T,24469_T|A,24872_G|T,24990_C|T,25000_C|T,25006_C|T,25207_C|T,25584_C|T,26060_C|T,26270_C|T,26529_G|C,26577_C|G,26610_A|G,26681_C|T,26709_G|A,26833_C|T,26858_C|T,27259_A|C,27382_G|C,27383_A|T,27384_T|C,27553_T|C,27807_C|T,27810_T|C,28271_A|T,28291_C|A,28311_C|T,28881_G|A,28882_G|A,28883_G|C,28884_G|C,28958_C|A,29510_A|C,29888_A|G,29892_A|C,11288_11296,21633_21641,21765_21770,21992_21994,22194_22196,23009_23011,28362_28370,29734_29759,21608_.|TCATGCCGCTGT
Switzerland/BS-USB_2024_12_05_6967548d/2024	XEK	21_C|T,44_C|T,241_C|T,593_C|T,670_T|G,897_C|A,2790_C|T,3037_C|T,3431_G|T,3505_C|T,3565_T|C,4184_G|A,4321_C|T,5701_T|C,6183_A|G,7113_C|T,7842_A|G,8293_C|T,8393_G|A,9286_C|T,9344_C|T,9424_A|G,9534_C|T,10029_C|T,10198_C|T,10447_G|A,10449_C|A,11042_G|T,11727_G|A,12789_C|T,12815_C|T,12880_C|T,13339_T|C,14408_C|T,15714_C|T,15756_T|A,15810_C|T,17410_C|T,18163_A|G,18492_A|G,18657_C|T,18894_C|T,19716_C|T,19955_C|T,20055_A|G,21618_C|T,21622_C|T,21624_G|C,21627_C|A,21711_C|T,21738_T|C,21941_G|T,21987_G|A,22032_T|C,22033_C|A,22034_A|G,22200_T|G,22208_C|T,22295_C|A,22353_C|A,22556_A|G,22577_G|C,22578_G|A,22629_A|C,22674_C|T,22679_T|C,22686_C|T,22688_A|G,22770_G|A,22775_G|A,22786_A|C,22813_G|T,22882_T|G,22895_G|C,22896_T|A,22898_G|A,22910_A|G,22916_C|T,22917_T|G,22926_T|C,22928_T|C,22942_T|A,22992_G|A,22995_C|A,23005_T|A,23012_G|A,23018_T|C,23019_T|C,23039_C|G,23055_A|G,23063_A|T,23075_T|C,23222_G|A,23271_C|T,23403_A|G,23423_C|T,23525_C|T,23599_T|G,23604_C|G,23854_C|A,23948_G|T,24378_C|T,24424_A|T,24469_T|A,24872_G|T,24990_C|T,25000_C|T,25006_C|T,25207_C|T,25584_C|T,26060_C|T,26270_C|T,26529_G|C,26577_C|G,26610_A|G,26681_C|T,26709_G|A,26833_C|T,26858_C|T,27259_A|C,27382_G|C,27383_A|T,27384_T|C,27807_C|T,27810_T|C,28271_A|T,28291_C|A,28311_C|T,28881_G|A,28882_G|A,28883_G|C,28884_G|C,28958_C|A,29510_A|C,11288_11296,21633_21641,21765_21770,21992_21994,22194_22196,23009_23011,28362_28370,29734_29759,21608_.|TCATGCCGCTGT
Switzerland/BS-USB_2024_12_05_97eb9ce9/2024	XEK	10_T|A,13_T|A,21_C|T,44_C|T,241_C|T,593_C|T,670_T|G,897_C|A,2790_C|T,3037_C|T,3431_G|T,3505_C|T,3565_T|C,4184_G|A,4321_C|T,5701_T|C,6183_A|G,7113_C|T,7842_A|G,8293_C|T,8393_G|A,9286_C|T,9344_C|T,9424_A|G,9534_C|T,10029_C|T,10030_C|T,10198_C|T,10447_G|A,10449_C|A,11042_G|T,11727_G|A,12789_C|T,12815_C|T,12880_C|T,13339_T|C,14408_C|T,15714_C|T,15756_T|A,17410_C|T,18163_A|G,18492_A|G,18657_C|T,18894_C|T,19716_C|T,19955_C|T,20055_A|G,21618_C|T,21622_C|T,21624_G|C,21627_C|A,21711_C|T,21738_T|C,21941_G|T,21987_G|A,22032_T|C,22033_C|A,22034_A|G,22200_T|G,22208_C|T,22295_C|A,22353_C|A,22556_A|G,22577_G|C,22578_G|A,22629_A|C,22674_C|T,22679_T|C,22686_C|T,22688_A|G,22770_G|A,22775_G|A,22786_A|C,22813_G|T,22882_T|G,22895_G|C,22896_T|A,22898_G|A,22910_A|G,22916_C|T,22917_T|G,22926_T|C,22928_T|C,22942_T|A,22992_G|A,22995_C|A,23005_T|A,23012_G|A,23018_T|C,23019_T|C,23039_C|G,23055_A|G,23063_A|T,23075_T|C,23222_G|A,23271_C|T,23403_A|G,23423_C|T,23525_C|T,23599_T|G,23604_C|G,23854_C|A,23948_G|T,24378_C|T,24424_A|T,24469_T|A,24872_G|T,24990_C|T,25000_C|T,25006_C|T,25207_C|T,25584_C|T,26060_C|T,26270_C|T,26529_G|C,26577_C|G,26610_A|G,26681_C|T,26709_G|A,26833_C|T,26858_C|T,27259_A|C,27382_G|C,27383_A|T,27384_T|C,27807_C|T,27810_T|C,28271_A|T,28291_C|A,28311_C|T,28881_G|A,28882_G|A,28883_G|C,28884_G|C,28958_C|A,29510_A|C,11288_11296,21633_21641,21765_21770,21992_21994,22194_22196,23009_23011,28362_28370,29734_29759,21608_.|TCATGCCGCTGT
Switzerland/BS-USB_2024_12_05_c2f043c7/2024	XEK	4_A|G,21_C|T,44_C|T,241_C|T,593_C|T,670_T|G,897_C|A,2790_C|T,3037_C|T,3431_G|T,3505_C|T,3565_T|C,4184_G|A,4321_C|T,5701_T|C,6183_A|G,7113_C|T,7842_A|G,8293_C|T,8393_G|A,9286_C|T,9344_C|T,9424_A|G,9534_C|T,10029_C|T,10030_C|T,10198_C|T,10447_G|A,10449_C|A,11042_G|T,11727_G|A,12789_C|T,12815_C|T,12880_C|T,13339_T|C,14408_C|T,15714_C|T,15756_T|A,17410_C|T,18163_A|G,18492_A|G,18657_C|T,18894_C|T,19716_C|T,19955_C|T,20055_A|G,21618_C|T,21622_C|T,21624_G|C,21627_C|A,21711_C|T,21738_T|C,21941_G|T,21987_G|A,22032_T|C,22033_C|A,22034_A|G,22200_T|G,22208_C|T,22295_C|A,22353_C|A,22556_A|G,22577_G|C,22578_G|A,22629_A|C,22674_C|T,22679_T|C,22686_C|T,22688_A|G,22770_G|A,22775_G|A,22786_A|C,22813_G|T,22882_T|G,22895_G|C,22896_T|A,22898_G|A,22910_A|G,22916_C|T,22917_T|G,22926_T|C,22928_T|C,22942_T|A,22992_G|A,22995_C|A,23005_T|A,23012_G|A,23018_T|C,23019_T|C,23039_C|G,23055_A|G,23063_A|T,23075_T|C,23222_G|A,23271_C|T,23403_A|G,23423_C|T,23525_C|T,23599_T|G,23604_C|G,23854_C|A,23948_G|T,24378_C|T,24424_A|T,24469_T|A,24872_G|T,24990_C|T,25000_C|T,25006_C|T,25207_C|T,25584_C|T,26060_C|T,26270_C|T,26529_G|C,26577_C|G,26610_A|G,26681_C|T,26709_G|A,26833_C|T,26858_C|T,27259_A|C,27382_G|C,27383_A|T,27384_T|C,27807_C|T,27810_T|C,28271_A|T,28291_C|A,28311_C|T,28881_G|A,28882_G|A,28883_G|C,28884_G|C,28958_C|A,29510_A|C,29890_A|T,29899_A|C,11288_11296,21633_21641,21765_21770,21992_21994,22194_22196,23009_23011,28362_28370,29734_29759,21608_.|TCATGCCGCTGT
Switzerland/ZH-UZH-IMV-49029f7c/2025	XEK	1_A|C,4_A|T,10_T|A,13_T|A,21_C|T,44_C|T,241_C|T,593_C|T,670_T|G,897_C|A,2790_C|T,3037_C|T,3431_G|T,3505_C|T,3565_T|C,4184_G|A,4321_C|T,5701_T|C,6183_A|G,7113_C|T,7842_A|G,8293_C|T,8393_G|A,9286_C|T,9344_C|T,9424_A|G,9534_C|T,10029_C|T,10198_C|T,10447_G|A,10449_C|A,11042_G|T,11727_G|A,12789_C|T,12815_C|T,12880_C|T,13339_T|C,13944_C|T,14408_C|T,15714_C|T,15756_T|A,15810_C|T,17410_C|T,18163_A|G,18492_A|G,18657_C|T,18894_C|T,19716_C|T,19955_C|T,20055_A|G,20233_C|T,21618_C|T,21622_C|T,21624_G|C,21627_C|A,21711_C|T,21738_T|C,21941_G|T,21987_G|A,22032_T|C,22033_C|A,22034_A|G,22200_T|G,22208_C|T,22295_C|A,22353_C|A,22556_A|G,22577_G|C,22578_G|A,22629_A|C,22674_C|T,22679_T|C,22686_C|T,22688_A|G,22770_G|A,22775_G|A,22786_A|C,22813_G|T,22882_T|G,22895_G|C,22896_T|A,22898_G|A,22910_A|G,22916_C|T,22917_T|G,22926_T|C,22928_T|C,22942_T|A,22992_G|A,22995_C|A,23005_T|A,23012_G|A,23018_T|C,23019_T|C,23039_C|G,23055_A|G,23063_A|T,23075_T|C,23222_G|A,23271_C|T,23403_A|G,23423_C|T,23525_C|T,23599_T|G,23604_C|G,23854_C|A,23948_G|T,24373_A|G,24378_C|T,24424_A|T,24469_T|A,24872_G|T,24990_C|T,25000_C|T,25006_C|T,25207_C|T,25584_C|T,26060_C|T,26270_C|T,26529_G|C,26577_C|G,26610_A|G,26681_C|T,26709_G|A,26833_C|T,26858_C|T,27259_A|C,27382_G|C,27383_A|T,27384_T|C,27684_C|T,27807_C|T,27810_T|C,28271_A|T,28291_C|A,28311_C|T,28881_G|A,28882_G|A,28883_G|C,28884_G|C,28958_C|A,29510_A|C,29898_A|C,11288_11296,21633_21641,21765_21770,21992_21994,22194_22196,23009_23011,28362_28370,29734_29759,21608_.|TCATGCCGCTGT
USA/2025CV0025/2025	XEK	241_C|T,593_C|T,670_T|G,897_C|A,2790_C|T,3037_C|T,3431_G|T,3505_C|T,3565_T|C,3736_C|T,4184_G|A,4321_C|T,5701_T|C,5761_G|A,6183_A|G,6601_A|G,6606_C|T,7113_C|T,7842_A|G,8293_C|T,8393_G|A,9286_C|T,9344_C|T,9424_A|G,9534_C|T,10029_C|T,10198_C|T,10447_G|A,10449_C|A,10969_C|T,11042_G|T,11727_G|A,12789_C|T,12815_C|T,12880_C|T,13339_T|C,14408_C|T,15411_T|C,15714_C|T,15756_T|A,17410_C|T,18163_A|G,18492_A|G,18657_C|T,18894_C|T,19287_T|A,19716_C|T,19955_C|T,20055_A|G,21302_C|T,21304_C|A,21305_G|A,21618_C|T,21622_C|T,21624_G|C,21627_C|A,21711_C|T,21738_T|C,21941_G|T,21987_G|A,22032_T|C,22033_C|A,22034_A|G,22200_T|G,22208_C|T,22295_C|A,22353_C|A,22556_A|G,22577_G|C,22578_G|A,22629_A|C,22674_C|T,22679_T|C,22686_C|T,22688_A|G,22770_G|A,22775_G|A,22786_A|C,22813_G|T,22882_T|G,22895_G|C,22896_T|A,22898_G|A,22910_A|G,22916_C|T,22917_T|G,22926_T|C,22928_T|C,22942_T|A,22992_G|A,22995_C|A,23005_T|A,23012_G|A,23018_T|C,23019_T|C,23039_C|G,23055_A|G,23063_A|T,23075_T|C,23222_G|A,23271_C|T,23403_A|G,23423_C|T,23525_C|T,23599_T|G,23604_C|G,23854_C|A,23948_G|T,24378_C|T,24424_A|T,24469_T|A,24872_G|T,24990_C|T,25000_C|T,25006_C|T,25207_C|T,25584_C|T,26060_C|T,26270_C|T,26529_G|C,26577_C|G,26610_A|G,26681_C|T,26709_G|A,26833_C|T,26858_C|T,27259_A|C,27382_G|C,27383_A|T,27384_T|C,27807_C|T,27810_T|C,28271_A|T,28291_C|A,28311_C|T,28881_G|A,28882_G|A,28883_G|C,28884_G|C,28958_C|A,29510_A|C,11288_11296,21633_21641,21765_21770,21992_21994,22194_22196,23009_23011,28362_28370,21608_.|TCATGCCGCTGT
USA/2025CV0082/2025	XEK	241_C|T,593_C|T,670_T|G,897_C|A,2712_A|G,2790_C|T,3037_C|T,3431_G|T,3505_C|T,3565_T|C,3913_T|G,4184_G|A,4321_C|T,5701_T|C,6183_A|G,7113_C|T,7842_A|G,8293_C|T,8393_G|A,9286_C|T,9344_C|T,9424_A|G,9534_C|T,10029_C|T,10198_C|T,10447_G|A,10449_C|A,10747_C|T,11042_G|T,11727_G|A,12073_C|T,12651_C|T,12789_C|T,12815_C|T,12880_C|T,13339_T|C,13968_C|T,14408_C|T,15714_C|T,15756_T|A,17410_C|T,18163_A|G,18492_A|G,18647_C|T,18657_C|T,18894_C|T,19716_C|T,19955_C|T,20055_A|G,21618_C|T,21622_C|T,21624_G|C,21627_C|A,21711_C|T,21738_T|C,21941_G|T,21987_G|A,22032_T|C,22033_C|A,22034_A|G,22200_T|G,22208_C|T,22295_C|A,22353_C|A,22556_A|G,22577_G|C,22578_G|A,22629_A|C,22674_C|T,22679_T|C,22686_C|T,22688_A|G,22770_G|A,22775_G|A,22786_A|C,22813_G|T,22882_T|G,22895_G|C,22896_T|A,22898_G|A,22910_A|G,22916_C|T,22917_T|G,22926_T|C,22928_T|C,22942_T|A,22992_G|A,22995_C|A,23005_T|A,23012_G|A,23018_T|C,23019_T|C,23039_C|G,23055_A|G,23063_A|T,23075_T|C,23222_G|A,23271_C|T,23403_A|G,23423_C|T,23525_C|T,23599_T|G,23604_C|G,23854_C|A,23948_G|T,24378_C|T,24424_A|T,24469_T|A,24872_G|T,24990_C|T,25000_C|T,25006_C|T,25117_C|T,25207_C|T,25584_C|T,26060_C|T,26270_C|T,26529_G|C,26577_C|G,26610_A|G,26681_C|T,26709_G|A,26833_C|T,26858_C|T,27259_A|C,27382_G|C,27383_A|T,27384_T|C,27807_C|T,27810_T|C,28271_A|T,28291_C|A,28311_C|T,28881_G|A,28882_G|A,28883_G|C,28884_G|C,28958_C|A,29510_A|C,11288_11296,21633_21641,21765_21770,21992_21994,22194_22196,23009_23011,28362_28370,21608_.|TCATGCCGCTGT
USA/2025CV0177/2025	XEK	241_C|T,593_C|T,670_T|G,897_C|A,1622_A|G,2790_C|T,3037_C|T,3431_G|T,3505_C|T,3565_T|C,4184_G|A,4321_C|T,5701_T|C,6183_A|G,7113_C|T,7842_A|G,8293_C|T,8393_G|A,9286_C|T,9344_C|T,9424_A|G,9534_C|T,10029_C|T,10198_C|T,10447_G|A,10449_C|A,11020_C|T,11042_G|T,11727_G|A,12789_C|T,12815_C|T,12880_C|T,13339_T|C,14408_C|T,15714_C|T,15756_T|A,17410_C|T,18163_A|G,18492_A|G,18657_C|T,18894_C|T,19170_C|T,19716_C|T,19955_C|T,20055_A|G,21618_C|T,21622_C|T,21624_G|C,21627_C|A,21711_C|T,21738_T|C,21941_G|T,21987_G|A,22032_T|C,22033_C|A,22034_A|G,22200_T|G,22208_C|T,22295_C|A,22353_C|A,22556_A|G,22577_G|C,22578_G|A,22629_A|C,22674_C|T,22679_T|C,22686_C|T,22688_A|G,22770_G|A,22775_G|A,22786_A|C,22813_G|T,22882_T|G,22895_G|C,22896_T|A,22898_G|A,22910_A|G,22916_C|T,22917_T|G,22926_T|C,22928_T|C,22942_T|A,22992_G|A,22995_C|A,23005_T|A,23012_G|A,23018_T|C,23019_T|C,23039_C|G,23055_A|G,23063_A|T,23075_T|C,23222_G|A,23271_C|T,23403_A|G,23423_C|T,23525_C|T,23599_T|G,23604_C|G,23854_C|A,23948_G|T,24378_C|T,24424_A|T,24469_T|A,24872_G|T,24990_C|T,25000_C|T,25006_C|T,25207_C|T,25584_C|T,25658_C|T,26060_C|T,26270_C|T,26529_G|C,26577_C|G,26610_A|G,26681_C|T,26709_G|A,26833_C|T,26858_C|T,27259_A|C,27382_G|C,27383_A|T,27384_T|C,27807_C|T,27810_T|C,28271_A|T,28291_C|A,28311_C|T,28881_G|A,28882_G|A,28883_G|C,28884_G|C,28958_C|A,29510_A|C,11288_11296,21633_21641,21765_21770,21992_21994,22194_22196,23009_23011,28362_28370,21608_.|TCATGCCGCTGT
USA/2551062/2024	XEK	21_C|T,44_C|T,241_C|T,593_C|T,670_T|G,897_C|A,2790_C|T,3037_C|T,3431_G|T,3505_C|T,3565_T|C,4184_G|A,4321_C|T,5701_T|C,6183_A|G,7113_C|T,7842_A|G,8293_C|T,8393_G|A,9286_C|T,9344_C|T,9424_A|G,9534_C|T,10029_C|T,10198_C|T,10447_G|A,10449_C|A,11042_G|T,11727_G|A,12789_C|T,12815_C|T,12880_C|T,13114_T|C,13339_T|C,14408_C|T,15714_C|T,15756_T|A,17410_C|T,18163_A|G,18492_A|G,18657_C|T,18894_C|T,19716_C|T,19955_C|T,20055_A|G,21618_C|T,21622_C|T,21624_G|C,21627_C|A,21711_C|T,21738_T|C,21941_G|T,21987_G|A,22032_T|C,22033_C|A,22034_A|G,22200_T|G,22208_C|T,22295_C|A,22353_C|A,22556_A|G,22577_G|C,22578_G|A,22629_A|C,22674_C|T,22679_T|C,22686_C|T,22688_A|G,22770_G|A,22775_G|A,22786_A|C,22813_G|T,22882_T|G,22895_G|C,22896_T|A,22898_G|A,22910_A|G,22916_C|T,22917_T|G,22926_T|C,22928_T|C,22942_T|A,22992_G|A,22995_C|A,23005_T|A,23012_G|A,23018_T|C,23019_T|C,23039_C|G,23055_A|G,23063_A|T,23075_T|C,23222_G|A,23271_C|T,23403_A|G,23423_C|T,23525_C|T,23599_T|G,23604_C|G,23854_C|A,23948_G|T,24378_C|T,24424_A|T,24469_T|A,24872_G|T,24990_C|T,25000_C|T,25006_C|T,25207_C|T,25584_C|T,26060_C|T,26270_C|T,26529_G|C,26577_C|G,26610_A|G,26681_C|T,26709_G|A,26833_C|T,26858_C|T,27259_A|C,27382_G|C,27383_A|T,27384_T|C,27620_A|T,27630_C|T,27807_C|T,27810_T|C,28271_A|T,28291_C|A,28311_C|T,28881_G|A,28882_G|A,28883_G|C,28884_G|C,28958_C|A,29510_A|C,11288_11296,21633_21641,21765_21770,21992_21994,22194_22196,23009_23011,28362_28370,29734_29759
USA/2552093/2024	XEK	21_C|T,44_C|T,241_C|T,593_C|T,670_T|G,897_C|A,1722_C|T,2790_C|T,3037_C|T,3431_G|T,3505_C|T,3565_T|C,4184_G|A,4321_C|T,5701_T|C,6183_A|G,6943_G|A,7113_C|T,7842_A|G,8025_C|T,8293_C|T,8393_G|A,9286_C|T,9344_C|T,9424_A|G,9534_C|T,9929_G|A,10029_C|T,10198_C|T,10447_G|A,10449_C|A,11042_G|T,11727_G|A,12789_C|T,12815_C|T,12880_C|T,13339_T|C,14408_C|T,15714_C|T,15756_T|A,17410_C|T,18163_A|G,18492_A|G,18657_C|T,18894_C|T,19716_C|T,19955_C|T,20055_A|G,21618_C|T,21622_C|T,21624_G|C,21627_C|A,21711_C|T,21738_T|C,21941_G|T,21987_G|A,22032_T|C,22033_C|A,22034_A|G,22200_T|G,22208_C|T,22295_C|A,22353_C|A,22556_A|G,22577_G|C,22578_G|A,22629_A|C,22674_C|T,22679_T|C,22686_C|T,22688_A|G,22770_G|A,22775_G|A,22786_A|C,22813_G|T,22882_T|G,22895_G|C,22896_T|A,22898_G|A,22910_A|G,22916_C|T,22917_T|G,22926_T|C,22928_T|C,22942_T|A,22992_G|A,22995_C|A,23005_T|A,23012_G|A,23018_T|C,23019_T|C,23039_C|G,23055_A|G,23063_A|T,23075_T|C,23222_G|A,23271_C|T,23403_A|G,23423_C|T,23525_C|T,23599_T|G,23604_C|G,23854_C|A,23948_G|T,24378_C|T,24424_A|T,24469_T|A,24872_G|T,24990_C|T,25000_C|T,25006_C|T,25207_C|T,25584_C|T,26029_C|A,26060_C|T,26270_C|T,26529_G|C,26577_C|G,26610_A|G,26681_C|T,26709_G|A,26833_C|T,26858_C|T,27259_A|C,27382_G|C,27383_A|T,27384_T|C,27807_C|T,27810_T|C,28271_A|T,28291_C|A,28311_C|T,28881_G|A,28882_G|A,28883_G|C,28884_G|C,28958_C|A,29510_A|C,11288_11296,21633_21641,21765_21770,21992_21994,22194_22196,23009_23011,28362_28370,29734_29759
USA/2556266/2025	XEK	21_C|T,44_C|T,241_C|T,593_C|T,670_T|G,897_C|A,2790_C|T,3037_C|T,3431_G|T,3505_C|T,3565_T|C,4184_G|A,4321_C|T,5701_T|C,6183_A|G,7113_C|T,7842_A|G,8293_C|T,8393_G|A,9286_C|T,9344_C|T,9424_A|G,9534_C|T,10029_C|T,10198_C|T,10447_G|A,10449_C|A,11042_G|T,11727_G|A,12789_C|T,12815_C|T,12880_C|T,13339_T|C,14408_C|T,15240_C|T,15714_C|T,15756_T|A,17410_C|T,18163_A|G,18492_A|G,18657_C|T,18894_C|T,19716_C|T,19955_C|T,20055_A|G,21618_C|T,21622_C|T,21624_G|C,21627_C|A,21711_C|T,21738_T|C,21941_G|T,21987_G|A,22032_T|C,22033_C|A,22034_A|G,22200_T|G,22208_C|T,22295_C|A,22353_C|A,22556_A|G,22577_G|C,22578_G|A,22629_A|C,22674_C|T,22679_T|C,22686_C|T,22688_A|G,22770_G|A,22775_G|A,22786_A|C,22813_G|T,22882_T|G,22895_G|C,22896_T|A,22898_G|A,22910_A|G,22916_C|T,22917_T|G,22926_T|C,22928_T|C,22942_T|A,22992_G|A,22995_C|A,23005_T|A,23012_G|A,23018_T|C,23019_T|C,23039_C|G,23055_A|G,23063_A|T,23075_T|C,23222_G|A,23271_C|T,23403_A|G,23423_C|T,23525_C|T,23599_T|G,23604_C|G,23854_C|A,23948_G|T,24378_C|T,24424_A|T,24469_T|A,24734_C|T,24872_G|T,24990_C|T,25000_C|T,25006_C|T,25207_C|T,25584_C|T,26060_C|T,26270_C|T,26529_G|C,26577_C|G,26610_A|G,26681_C|T,26709_G|A,26833_C|T,26858_C|T,27259_A|C,27382_G|C,27383_A|T,27384_T|C,27807_C|T,27810_T|C,28271_A|T,28291_C|A,28311_C|T,28881_G|A,28882_G|A,28883_G|C,28884_G|C,28958_C|A,29510_A|C,11288_11296,21633_21641,21765_21770,21992_21994,22194_22196,23009_23011,28362_28370,29734_29759,29835
USA/2563353/2025	XEK	21_C|T,44_C|T,241_C|T,593_C|T,670_T|G,897_C|A,2790_C|T,3037_C|T,3431_G|T,3505_C|T,4184_G|A,4321_C|T,5701_T|C,6183_A|G,7113_C|T,7842_A|G,8293_C|T,8393_G|A,9286_C|T,9344_C|T,9424_A|G,9534_C|T,10029_C|T,10198_C|T,10447_G|A,10449_C|A,11042_G|T,11727_G|A,12789_C|T,12815_C|T,12880_C|T,13339_T|C,14408_C|T,15240_C|T,15714_C|T,15756_T|A,17410_C|T,18163_A|G,18492_A|G,18657_C|T,18894_C|T,19716_C|T,19955_C|T,20055_A|G,21618_C|T,21622_C|T,21624_G|C,21627_C|A,21711_C|T,21738_T|C,21941_G|T,21987_G|A,22032_T|C,22033_C|A,22034_A|G,22200_T|G,22208_C|T,22295_C|A,22353_C|A,22556_A|G,22577_G|C,22578_G|A,22629_A|C,22674_C|T,22679_T|C,22686_C|T,22688_A|G,22770_G|A,22775_G|A,22786_A|C,22813_G|T,22882_T|G,22895_G|C,22896_T|A,22898_G|A,22910_A|G,22916_C|T,22917_T|G,22926_T|C,22928_T|C,22942_T|A,22992_G|A,22995_C|A,23005_T|A,23012_G|A,23018_T|C,23019_T|C,23039_C|G,23055_A|G,23063_A|T,23075_T|C,23222_G|A,23271_C|T,23403_A|G,23423_C|T,23525_C|T,23599_T|G,23604_C|G,23854_C|A,23948_G|T,24378_C|T,24424_A|T,24469_T|A,24734_C|T,24872_G|T,24990_C|T,25000_C|T,25006_C|T,25207_C|T,25584_C|T,26060_C|T,26270_C|T,26529_G|C,26577_C|G,26681_C|T,26709_G|A,26833_C|T,26858_C|T,27259_A|C,27382_G|C,27383_A|T,27384_T|C,27807_C|T,27810_T|C,28271_A|T,28291_C|A,28311_C|T,28881_G|A,28882_G|A,28883_G|C,28884_G|C,28958_C|A,29510_A|C,11288_11296,21633_21641,21765_21770,21992_21994,22194_22196,23009_23011,28362_28370,29734_29759,29835
USA/AL-CDC-LC1134441/2025	XEK	241_C|T,593_C|T,670_T|G,897_C|A,2790_C|T,3037_C|T,3431_G|T,3505_C|T,3565_T|C,4184_G|A,4321_C|T,5701_T|C,6183_A|G,7113_C|T,7114_T|C,7842_A|G,8293_C|T,8393_G|A,9286_C|T,9344_C|T,9424_A|G,9534_C|T,10029_C|T,10198_C|T,10447_G|A,10449_C|A,11042_G|T,11454_C|T,11727_G|A,12789_C|T,12815_C|T,12880_C|T,13339_T|C,13458_C|T,14408_C|T,15714_C|T,15756_T|A,17410_C|T,18163_A|G,18492_A|G,18573_T|C,18657_C|T,18894_C|T,19716_C|T,19955_C|T,20055_A|G,21618_C|T,21622_C|T,21624_G|C,21627_C|A,21711_C|T,21738_T|C,21941_G|T,21987_G|A,22032_T|C,22033_C|A,22034_A|G,22200_T|G,22208_C|T,22295_C|A,22353_C|A,22556_A|G,22577_G|C,22578_G|A,22599_G|C,22629_A|C,22674_C|T,22679_T|C,22686_C|T,22688_A|G,22770_G|A,22775_G|A,22786_A|C,22813_G|T,22882_T|G,22895_G|C,22896_T|A,22898_G|A,22910_A|G,22916_C|T,22917_T|G,22926_T|C,22928_T|C,22942_T|A,22992_G|A,22995_C|A,23005_T|A,23012_G|A,23018_T|C,23019_T|C,23039_C|G,23055_A|G,23063_A|T,23075_T|C,23222_G|A,23271_C|T,23403_A|G,23423_C|T,23525_C|T,23599_T|G,23604_C|G,23854_C|A,23948_G|T,24378_C|T,24424_A|T,24469_T|A,24872_G|T,24990_C|T,25000_C|T,25006_C|T,25207_C|T,25521_C|T,25584_C|T,26060_C|T,26270_C|T,26529_G|C,26577_C|G,26610_A|G,26681_C|T,26709_G|A,26833_C|T,26858_C|T,27259_A|C,27382_G|C,27383_A|T,27384_T|C,27807_C|T,27810_T|C,28271_A|T,28291_C|A,28311_C|T,28881_G|A,28882_G|A,28883_G|C,28884_G|C,28958_C|A,29510_A|C,11288_11296,21633_21641,21765_21770,21992_21994,22194_22196,23009_23011,28362_28370,21608_.|TCATGCCGCTGT
USA/AZ-CDC-LC1133961/2025	XEK	241_C|T,593_C|T,670_T|G,829_C|T,897_C|A,2790_C|T,3037_C|T,3431_G|T,3505_C|T,3565_T|C,4184_G|A,4321_C|T,5392_C|T,5701_T|C,6183_A|G,7113_C|T,7842_A|G,8293_C|T,8393_G|A,9286_C|T,9344_C|T,9424_A|G,9534_C|T,10029_C|T,10198_C|T,10447_G|A,10449_C|A,11042_G|T,11727_G|A,12789_C|T,12815_C|T,12880_C|T,13339_T|C,14408_C|T,15714_C|T,15756_T|A,16954_C|T,17410_C|T,18163_A|G,18171_C|T,18492_A|G,18657_C|T,18894_C|T,19716_C|T,19955_C|T,20055_A|G,21618_C|T,21622_C|T,21624_G|C,21627_C|A,21651_A|G,21711_C|T,21738_T|C,21742_C|T,21941_G|T,21987_G|A,22032_T|C,22033_C|A,22034_A|G,22200_T|G,22208_C|T,22295_C|A,22353_C|A,22556_A|G,22577_G|C,22578_G|A,22629_A|C,22674_C|T,22679_T|C,22686_C|T,22688_A|G,22770_G|A,22775_G|A,22786_A|C,22813_G|T,22882_T|G,22895_G|C,22896_T|A,22898_G|A,22910_A|G,22916_C|T,22917_T|G,22926_T|C,22928_T|C,22942_T|A,22992_G|A,22995_C|A,23005_T|A,23012_G|A,23018_T|C,23019_T|C,23039_C|G,23055_A|G,23063_A|T,23075_T|C,23222_G|A,23271_C|T,23403_A|G,23423_C|T,23525_C|T,23599_T|G,23604_C|G,23854_C|A,23948_G|T,24378_C|T,24424_A|T,24469_T|A,24872_G|T,24990_C|T,25000_C|T,25006_C|T,25207_C|T,25584_C|T,26060_C|T,26270_C|T,26529_G|C,26577_C|G,26610_A|G,26681_C|T,26709_G|A,26833_C|T,26858_C|T,27259_A|C,27382_G|C,27383_A|T,27384_T|C,27807_C|T,27810_T|C,28271_A|T,28291_C|A,28311_C|T,28881_G|A,28882_G|A,28883_G|C,28884_G|C,28958_C|A,29510_A|C,11288_11296,21633_21641,21765_21770,21992_21994,22194_22196,23009_23011,28362_28370,29734_29759,21608_.|TCATGCCGCTGT
USA/AZ-CDC-LC1137085/2025	XEK	241_C|T,593_C|T,670_T|G,897_C|A,2790_C|T,3037_C|T,3431_G|T,3505_C|T,3565_T|C,4184_G|A,4321_C|T,5701_T|C,6183_A|G,7113_C|T,7842_A|G,8293_C|T,8393_G|A,9286_C|T,9344_C|T,9424_A|G,9534_C|T,10029_C|T,10198_C|T,10447_G|A,10449_C|A,11042_G|T,11727_G|A,12789_C|T,12815_C|T,12880_C|T,13114_T|C,13339_T|C,14408_C|T,15714_C|T,15756_T|A,17410_C|T,18163_A|G,18492_A|G,18657_C|T,18894_C|T,19716_C|T,19955_C|T,20055_A|G,21618_C|T,21622_C|T,21624_G|C,21627_C|A,21711_C|T,21738_T|C,21941_G|T,21987_G|A,22032_T|C,22033_C|A,22034_A|G,22200_T|G,22208_C|T,22295_C|A,22353_C|A,22556_A|G,22577_G|C,22578_G|A,22629_A|C,22674_C|T,22679_T|C,22686_C|T,22688_A|G,22770_G|A,22775_G|A,22786_A|C,22813_G|T,22882_T|G,22895_G|C,22896_T|A,22898_G|A,22910_A|G,22916_C|T,22917_T|G,22926_T|C,22928_T|C,22942_T|A,22992_G|A,22995_C|A,23005_T|A,23012_G|A,23018_T|C,23019_T|C,23039_C|G,23055_A|G,23063_A|T,23075_T|C,23222_G|A,23271_C|T,23403_A|G,23423_C|T,23525_C|T,23599_T|G,23604_C|G,23854_C|A,23948_G|T,24378_C|T,24424_A|T,24469_T|A,24872_G|T,24990_C|T,25000_C|T,25006_C|T,25207_C|T,25584_C|T,26060_C|T,26270_C|T,26529_G|C,26577_C|G,26610_A|G,26681_C|T,26709_G|A,26833_C|T,26858_C|T,27259_A|C,27382_G|C,27383_A|T,27384_T|C,27630_C|T,27807_C|T,27810_T|C,28271_A|T,28291_C|A,28311_C|T,28881_G|A,28882_G|A,28883_G|C,28884_G|C,28958_C|A,29510_A|C,11288_11296,21633_21641,21765_21770,21992_21994,22194_22196,23009_23011,28362_28370,29734_29759,21608_.|TCATGCCGCTGT
USA/AZ-CDC-QDX27344996/2024	XEK	241_C|T,593_C|T,670_T|G,897_C|A,2790_C|T,3037_C|T,3431_G|T,3505_C|T,3565_T|C,4184_G|A,4321_C|T,5701_T|C,6183_A|G,7113_C|T,7842_A|G,8293_C|T,8393_G|A,9286_C|T,9344_C|T,9424_A|G,9534_C|T,10029_C|T,10198_C|T,10447_G|A,10449_C|A,11042_G|T,11727_G|A,12789_C|T,12815_C|T,12880_C|T,13339_T|C,14408_C|T,15240_C|T,15714_C|T,15756_T|A,17410_C|T,18163_A|G,18492_A|G,18657_C|T,18894_C|T,19716_C|T,19955_C|T,20055_A|G,21618_C|T,21622_C|T,21624_G|C,21627_C|A,21711_C|T,21738_T|C,21941_G|T,21987_G|A,22032_T|C,22033_C|A,22034_A|G,22200_T|G,22208_C|T,22295_C|A,22353_C|A,22556_A|G,22577_G|C,22578_G|A,22629_A|C,22674_C|T,22679_T|C,22686_C|T,22688_A|G,22770_G|A,22775_G|A,22786_A|C,22813_G|T,22882_T|G,22895_G|C,22896_T|A,22898_G|A,22910_A|G,22916_C|T,22917_T|G,22926_T|C,22928_T|C,22942_T|A,22992_G|A,22995_C|A,23005_T|A,23012_G|A,23018_T|C,23019_T|C,23039_C|G,23055_A|G,23063_A|T,23075_T|C,23222_G|A,23271_C|T,23403_A|G,23423_C|T,23525_C|T,23599_T|G,23604_C|G,23854_C|A,23948_G|T,24378_C|T,24424_A|T,24469_T|A,24872_G|T,24990_C|T,25000_C|T,25006_C|T,25207_C|T,25584_C|T,26060_C|T,26270_C|T,26529_G|C,26577_C|G,26610_A|G,26681_C|T,26709_G|A,26833_C|T,26858_C|T,27259_A|C,27382_G|C,27383_A|T,27384_T|C,27807_C|T,27810_T|C,28271_A|T,28291_C|A,28311_C|T,28881_G|A,28882_G|A,28883_G|C,28884_G|C,28958_C|A,29510_A|C,11288_11296,21633_21641,21765_21770,21992_21994,22194_22196,23009_23011,28362_28370,29734_29759,21608_.|TCATGCCGCTGT
USA/AZ-CDC-QDX29101830/2025	XEK	241_C|T,593_C|T,670_T|G,829_C|T,897_C|A,2031_A|G,2790_C|T,3037_C|T,3431_G|T,3505_C|T,3565_T|C,4184_G|A,4321_C|T,5392_C|T,5701_T|C,6183_A|G,7113_C|T,7842_A|G,8293_C|T,8393_G|A,9286_C|T,9344_C|T,9424_A|G,9534_C|T,10029_C|T,10198_C|T,10447_G|A,10449_C|A,10615_C|T,11042_G|T,11727_G|A,12789_C|T,12815_C|T,12880_C|T,13339_T|C,14408_C|T,15714_C|T,15756_T|A,16954_C|T,17410_C|T,18163_A|G,18492_A|G,18657_C|T,18894_C|T,19716_C|T,19955_C|T,20055_A|G,21618_C|T,21622_C|T,21624_G|C,21627_C|A,21711_C|T,21738_T|C,21742_C|T,21941_G|T,21987_G|A,22032_T|C,22033_C|A,22034_A|G,22200_T|G,22208_C|T,22295_C|A,22353_C|A,22556_A|G,22577_G|C,22578_G|A,22629_A|C,22674_C|T,22679_T|C,22686_C|T,22688_A|G,22770_G|A,22775_G|A,22786_A|C,22813_G|T,22882_T|G,22895_G|C,22896_T|A,22898_G|A,22910_A|G,22916_C|T,22917_T|G,22926_T|C,22928_T|C,22942_T|A,22992_G|A,22995_C|A,23005_T|A,23012_G|A,23018_T|C,23019_T|C,23039_C|G,23055_A|G,23063_A|T,23075_T|C,23222_G|A,23271_C|T,23287_T|C,23403_A|G,23423_C|T,23525_C|T,23599_T|G,23604_C|G,23854_C|A,23948_G|T,24378_C|T,24424_A|T,24469_T|A,24872_G|T,24990_C|T,25000_C|T,25006_C|T,25207_C|T,25584_C|T,26060_C|T,26270_C|T,26529_G|C,26577_C|G,26610_A|G,26681_C|T,26709_G|A,26833_C|T,26858_C|T,27259_A|C,27382_G|C,27383_A|T,27384_T|C,27807_C|T,27810_T|C,28132_C|T,28271_A|T,28291_C|A,28311_C|T,28881_G|A,28882_G|A,28883_G|C,28884_G|C,28958_C|A,29510_A|C,11288_11296,21633_21641,21765_21770,21992_21994,22194_22196,23009_23011,28362_28370,29734_29759,21608_.|TCATGCCGCTGT,28131_.|T
USA/CA-CDC-QDX30112503/2025	XEK	241_C|T,593_C|T,670_T|G,897_C|A,2790_C|T,3037_C|T,3431_G|T,3505_C|T,3565_T|C,4184_G|A,4321_C|T,5701_T|C,6183_A|G,7113_C|T,7842_A|G,8290_C|T,8293_C|T,8393_G|A,9286_C|T,9344_C|T,9424_A|G,9534_C|T,10029_C|T,10198_C|T,10447_G|A,10449_C|A,11042_G|T,11727_G|A,12789_C|T,12815_C|T,12880_C|T,13339_T|C,14408_C|T,15714_C|T,15756_T|A,17410_C|T,18163_A|G,18492_A|G,18657_C|T,18894_C|T,19049_C|T,19716_C|T,19955_C|T,20055_A|G,21618_C|T,21622_C|T,21624_G|C,21627_C|A,21711_C|T,21738_T|C,21941_G|T,21987_G|A,22032_T|C,22033_C|A,22034_A|G,22200_T|G,22208_C|T,22295_C|A,22353_C|A,22556_A|G,22577_G|C,22578_G|A,22629_A|C,22674_C|T,22679_T|C,22686_C|T,22688_A|G,22770_G|A,22775_G|A,22786_A|C,22813_G|T,22882_T|G,22895_G|C,22896_T|A,22898_G|A,22910_A|G,22916_C|T,22917_T|G,22926_T|C,22928_T|C,22942_T|A,22992_G|A,22995_C|A,23005_T|A,23012_G|A,23018_T|C,23019_T|C,23039_C|G,23055_A|G,23063_A|T,23075_T|C,23222_G|A,23271_C|T,23403_A|G,23423_C|T,23525_C|T,23599_T|G,23604_C|G,23854_C|A,23948_G|T,24378_C|T,24424_A|T,24469_T|A,24872_G|T,24990_C|T,25000_C|T,25006_C|T,25207_C|T,25584_C|T,26060_C|T,26270_C|T,26529_G|C,26577_C|G,26610_A|G,26681_C|T,26709_G|A,26833_C|T,26858_C|T,27259_A|C,27382_G|C,27383_A|T,27384_T|C,27807_C|T,27810_T|C,28271_A|T,28291_C|A,28311_C|T,28881_G|A,28882_G|A,28883_G|C,28884_G|C,28958_C|A,29510_A|C,11288_11296,21633_21641,21765_21770,21992_21994,22194_22196,23009_23011,28362_28370,29734_29759,21608_.|TCATGCCGCTGT
USA/CA-CDPH-500144565/2024	XEK	21_C|T,44_C|T,241_C|T,593_C|T,670_T|G,897_C|A,2790_C|T,3037_C|T,3431_G|T,3505_C|T,3565_T|C,4184_G|A,4321_C|T,5229_A|G,5701_T|C,6183_A|G,7113_C|T,7842_A|G,8293_C|T,8393_G|A,9286_C|T,9344_C|T,9424_A|G,9534_C|T,9913_T|C,10029_C|T,10198_C|T,10447_G|A,10449_C|A,11042_G|T,11727_G|A,12789_C|T,12815_C|T,12880_C|T,13339_T|C,14408_C|T,15714_C|T,15756_T|A,17410_C|T,18163_A|G,18492_A|G,18657_C|T,18894_C|T,19716_C|T,19955_C|T,20055_A|G,21618_C|T,21622_C|T,21624_G|C,21627_C|A,21711_C|T,21738_T|C,21941_G|T,21987_G|A,22032_T|C,22033_C|A,22034_A|G,22200_T|G,22208_C|T,22295_C|A,22353_C|A,22556_A|G,22577_G|C,22578_G|A,22629_A|C,22674_C|T,22679_T|C,22686_C|T,22688_A|G,22770_G|A,22775_G|A,22786_A|C,22813_G|T,22882_T|G,22895_G|C,22896_T|A,22898_G|A,22910_A|G,22916_C|T,22917_T|G,22926_T|C,22928_T|C,22942_T|A,22992_G|A,22995_C|A,23005_T|A,23012_G|A,23018_T|C,23019_T|C,23039_C|G,23055_A|G,23063_A|T,23075_T|C,23222_G|A,23271_C|T,23403_A|G,23423_C|T,23525_C|T,23599_T|G,23604_C|G,23854_C|A,23948_G|T,24378_C|T,24424_A|T,24469_T|A,24872_G|T,24990_C|T,25000_C|T,25006_C|T,25207_C|T,25584_C|T,26060_C|T,26270_C|T,26529_G|C,26577_C|G,26610_A|G,26681_C|T,26709_G|A,26833_C|T,26858_C|T,27259_A|C,27382_G|C,27383_A|T,27384_T|C,27807_C|T,27810_T|C,28271_A|T,28291_C|A,28311_C|T,28791_C|T,28881_G|A,28882_G|A,28883_G|C,28884_G|C,28958_C|A,29510_A|C,11288_11296,21633_21641,21765_21770,21992_21994,22194_22196,23009_23011,28362_28370,29734_29759,21608_.|TCATGCCGCTGT
USA/CA-CDPH-500144574/2024	XEK	21_C|T,44_C|T,241_C|T,593_C|T,670_T|G,897_C|A,1113_C|T,2790_C|T,3037_C|T,3431_G|T,3505_C|T,3565_T|C,4184_G|A,4321_C|T,5701_T|C,6183_A|G,7113_C|T,7842_A|G,8293_C|T,8393_G|A,9286_C|T,9344_C|T,9424_A|G,9534_C|T,10029_C|T,10198_C|T,10447_G|A,10449_C|A,11042_G|T,11727_G|A,12789_C|T,12815_C|T,12880_C|T,13066_A|G,13339_T|C,14408_C|T,15714_C|T,15756_T|A,17410_C|T,18163_A|G,18492_A|G,18657_C|T,18894_C|T,19716_C|T,19955_C|T,20055_A|G,21618_C|T,21622_C|T,21624_G|C,21627_C|A,21711_C|T,21738_T|C,21941_G|T,21987_G|A,22032_T|C,22033_C|A,22034_A|G,22200_T|G,22208_C|T,22295_C|A,22353_C|A,22556_A|G,22577_G|C,22578_G|A,22629_A|C,22674_C|T,22679_T|C,22686_C|T,22688_A|G,22770_G|A,22775_G|A,22786_A|C,22813_G|T,22882_T|G,22895_G|C,22896_T|A,22898_G|A,22910_A|G,22916_C|T,22917_T|G,22926_T|C,22928_T|C,22942_T|A,22992_G|A,22995_C|A,23005_T|A,23012_G|A,23018_T|C,23019_T|C,23039_C|G,23055_A|G,23063_A|T,23075_T|C,23222_G|A,23271_C|T,23403_A|G,23423_C|T,23525_C|T,23599_T|G,23604_C|G,23854_C|A,23948_G|T,24378_C|T,24424_A|T,24469_T|A,24872_G|T,24990_C|T,25000_C|T,25006_C|T,25207_C|T,25584_C|T,26060_C|T,26270_C|T,26529_G|C,26577_C|G,26610_A|G,26681_C|T,26709_G|A,26833_C|T,26858_C|T,26873_C|T,27259_A|C,27382_G|C,27383_A|T,27384_T|C,27807_C|T,27810_T|C,28271_A|T,28291_C|A,28311_C|T,28881_G|A,28882_G|A,28883_G|C,28884_G|C,28958_C|A,29510_A|C,11288_11296,21633_21641,21765_21770,21992_21994,22194_22196,23009_23011,28362_28370,29734_29759,21608_.|TCATGCCGCTGT
USA/CA-CDPH-500144593/2024	XEK	21_C|T,44_C|T,241_C|T,593_C|T,670_T|G,897_C|A,2790_C|T,3037_C|T,3431_G|T,3505_C|T,3565_T|C,4184_G|A,4321_C|T,5701_T|C,6183_A|G,7113_C|T,7842_A|G,8293_C|T,8393_G|A,9286_C|T,9344_C|T,9424_A|G,9534_C|T,10029_C|T,10198_C|T,10447_G|A,10449_C|A,11042_G|T,11727_G|A,12789_C|T,12815_C|T,12880_C|T,13339_T|C,14408_C|T,15714_C|T,15756_T|A,17410_C|T,18163_A|G,18492_A|G,18657_C|T,18894_C|T,19716_C|T,19955_C|T,20055_A|G,21618_C|T,21622_C|T,21624_G|C,21627_C|A,21711_C|T,21738_T|C,21941_G|T,21987_G|A,22032_T|C,22033_C|A,22034_A|G,22200_T|G,22208_C|T,22295_C|A,22353_C|A,22556_A|G,22577_G|C,22578_G|A,22629_A|C,22674_C|T,22679_T|C,22686_C|T,22688_A|G,22770_G|A,22775_G|A,22786_A|C,22813_G|T,22882_T|G,22895_G|C,22896_T|A,22898_G|A,22910_A|G,22916_C|T,22917_T|G,22926_T|C,22928_T|C,22942_T|A,22992_G|A,22995_C|A,23005_T|A,23012_G|A,23018_T|C,23019_T|C,23039_C|G,23055_A|G,23063_A|T,23075_T|C,23222_G|A,23271_C|T,23403_A|G,23423_C|T,23525_C|T,23599_T|G,23604_C|G,23854_C|A,23948_G|T,24229_T|A,24378_C|T,24424_A|T,24469_T|A,24872_G|T,24990_C|T,25000_C|T,25006_C|T,25207_C|T,25584_C|T,26060_C|T,26270_C|T,26529_G|C,26577_C|G,26610_A|G,26681_C|T,26709_G|A,26833_C|T,26858_C|T,27259_A|C,27382_G|C,27383_A|T,27384_T|C,27807_C|T,27810_T|C,28271_A|T,28291_C|A,28311_C|T,28881_G|A,28882_G|A,28883_G|C,28884_G|C,28958_C|A,29510_A|C,11288_11296,21633_21641,21765_21770,21992_21994,22194_22196,23009_23011,28362_28370,29734_29759,21608_.|TCATGCCGCTGT
USA/CA-CDPH-500144755/2024	XEK	21_C|T,44_C|T,241_C|T,593_C|T,670_T|G,897_C|A,2790_C|T,3037_C|T,3431_G|T,3505_C|T,3565_T|C,4184_G|A,4321_C|T,5701_T|C,6183_A|G,7113_C|T,7842_A|G,8293_C|T,8393_G|A,9286_C|T,9344_C|T,9424_A|G,9534_C|T,10029_C|T,10198_C|T,10447_G|A,10449_C|A,11042_G|T,11727_G|A,12789_C|T,12815_C|T,12880_C|T,13339_T|C,14408_C|T,15714_C|T,15756_T|A,17410_C|T,18163_A|G,18492_A|G,18657_C|T,18894_C|T,19716_C|T,19955_C|T,20055_A|G,21618_C|T,21622_C|T,21624_G|C,21627_C|A,21711_C|T,21738_T|C,21941_G|T,21987_G|A,22032_T|C,22033_C|A,22034_A|G,22200_T|G,22208_C|T,22295_C|A,22353_C|A,22556_A|G,22577_G|C,22578_G|A,22629_A|C,22674_C|T,22679_T|C,22686_C|T,22688_A|G,22770_G|A,22775_G|A,22786_A|C,22813_G|T,22882_T|G,22895_G|C,22896_T|A,22898_G|A,22910_A|G,22916_C|T,22917_T|G,22926_T|C,22928_T|C,22942_T|A,22992_G|A,22995_C|A,23005_T|A,23012_G|A,23018_T|C,23019_T|C,23039_C|G,23055_A|G,23063_A|T,23075_T|C,23222_G|A,23271_C|T,23403_A|G,23423_C|T,23525_C|T,23599_T|G,23604_C|G,23854_C|A,23948_G|T,24378_C|T,24424_A|T,24469_T|A,24872_G|T,24990_C|T,25000_C|T,25006_C|T,25207_C|T,25584_C|T,26060_C|T,26270_C|T,26529_G|C,26577_C|G,26610_A|G,26681_C|T,26709_G|A,26833_C|T,26858_C|T,27259_A|C,27382_G|C,27383_A|T,27384_T|C,27807_C|T,27810_T|C,28271_A|T,28291_C|A,28311_C|T,28881_G|A,28882_G|A,28883_G|C,28884_G|C,28958_C|A,29510_A|C,11288_11296,21633_21641,21765_21770,21992_21994,22194_22196,23009_23011,28362_28370,29734_29759,21608_.|TCATGCCGCTGT
USA/CA-CDPH-500145326/2024	XEK	241_C|T,593_C|T,670_T|G,897_C|A,1535_G|A,2790_C|T,3037_C|T,3431_G|T,3505_C|T,3565_T|C,4184_G|A,4321_C|T,5701_T|C,6183_A|G,7113_C|T,7842_A|G,8293_C|T,8393_G|A,9286_C|T,9344_C|T,9424_A|G,9534_C|T,10029_C|T,10198_C|T,10447_G|A,10449_C|A,11042_G|T,11727_G|A,12755_A|G,12815_C|T,12880_C|T,13339_T|C,14408_C|T,15714_C|T,15756_T|A,17410_C|T,17491_C|T,18163_A|G,18492_A|G,18657_C|T,18894_C|T,19716_C|T,19955_C|T,20055_A|G,20759_C|T,21618_C|T,21622_C|T,21624_G|C,21627_C|A,21711_C|T,21738_T|C,21941_G|T,21987_G|A,22032_T|C,22033_C|A,22034_A|G,22200_T|G,22208_C|T,22295_C|A,22353_C|A,22556_A|G,22577_G|C,22578_G|A,22629_A|C,22674_C|T,22679_T|C,22686_C|T,22688_A|G,22770_G|A,22775_G|A,22786_A|C,22813_G|T,22882_T|G,22895_G|C,22896_T|A,22898_G|A,22910_A|G,22916_C|T,22917_T|G,22926_T|C,22928_T|C,22942_T|A,22992_G|A,22995_C|A,23005_T|A,23012_G|A,23018_T|C,23019_T|C,23039_C|G,23055_A|G,23063_A|T,23075_T|C,23222_G|A,23271_C|T,23403_A|G,23423_C|T,23525_C|T,23599_T|G,23604_C|G,23854_C|A,23948_G|T,24378_C|T,24424_A|T,24469_T|A,24872_G|T,24990_C|T,25000_C|T,25006_C|T,25207_C|T,25584_C|T,26060_C|T,26270_C|T,26529_G|C,26577_C|G,26610_A|G,26681_C|T,26709_G|A,26833_C|T,26858_C|T,27259_A|C,27382_G|C,27383_A|T,27384_T|C,27807_C|T,27810_T|C,28271_A|T,28291_C|A,28311_C|T,28881_G|A,28882_G|A,28883_G|C,28884_G|C,28958_C|A,29510_A|C,29774_C|T,11288_11296,21633_21641,21765_21770,21992_21994,22194_22196,23009_23011,28362_28370,29734_29759,21608_.|TCATGCCGCTGT
USA/CA-CDPH-500145338/2024	XEK	21_C|T,44_C|T,241_C|T,593_C|T,670_T|G,897_C|A,2790_C|T,3004_G|A,3037_C|T,3431_G|T,3505_C|T,3565_T|C,4184_G|A,4321_C|T,5701_T|C,6026_C|T,6183_A|G,7113_C|T,7842_A|G,8293_C|T,8393_G|A,9286_C|T,9344_C|T,9424_A|G,9534_C|T,10029_C|T,10198_C|T,10447_G|A,10449_C|A,11042_G|T,11727_G|A,12789_C|T,12815_C|T,12880_C|T,13339_T|C,14408_C|T,15714_C|T,15756_T|A,17410_C|T,18163_A|G,18492_A|G,18657_C|T,18894_C|T,19404_T|C,19716_C|T,19955_C|T,20055_A|G,21618_C|T,21622_C|T,21624_G|C,21627_C|A,21711_C|T,21738_T|C,21941_G|T,21987_G|A,22032_T|C,22033_C|A,22034_A|G,22200_T|G,22208_C|T,22295_C|A,22353_C|A,22556_A|G,22577_G|C,22578_G|A,22629_A|C,22674_C|T,22679_T|C,22686_C|T,22688_A|G,22770_G|A,22775_G|A,22786_A|C,22813_G|T,22882_T|G,22895_G|C,22896_T|A,22898_G|A,22910_A|G,22916_C|T,22917_T|G,22926_T|C,22928_T|C,22942_T|A,22992_G|A,22995_C|A,23005_T|A,23012_G|A,23018_T|C,23019_T|C,23039_C|G,23055_A|G,23063_A|T,23075_T|C,23222_G|A,23271_C|T,23403_A|G,23423_C|T,23525_C|T,23599_T|G,23604_C|G,23854_C|A,23948_G|T,24378_C|T,24424_A|T,24469_T|A,24872_G|T,24990_C|T,25000_C|T,25006_C|T,25207_C|T,25584_C|T,26060_C|T,26270_C|T,26529_G|C,26577_C|G,26610_A|G,26681_C|T,26709_G|A,26833_C|T,26858_C|T,27259_A|C,27382_G|C,27383_A|T,27384_T|C,27807_C|T,27810_T|C,28271_A|T,28291_C|A,28311_C|T,28881_G|A,28882_G|A,28883_G|C,28884_G|C,28958_C|A,29510_A|C,11288_11296,21633_21641,21765_21770,21992_21994,22194_22196,23009_23011,28362_28370,29734_29759,21608_.|TCATGCCGCTGT
USA/CA-CDPH-500145405/2024	XEK	21_C|T,44_C|T,241_C|T,593_C|T,670_T|G,884_C|T,897_C|A,1883_G|A,2790_C|T,3037_C|T,3359_T|C,3431_G|T,3505_C|T,3565_T|C,4184_G|A,4321_C|T,5701_T|C,6183_A|G,7113_C|T,7842_A|G,8293_C|T,8393_G|A,9286_C|T,9344_C|T,9424_A|G,9534_C|T,10029_C|T,10198_C|T,10447_G|A,10449_C|A,11042_G|T,11727_G|A,12789_C|T,12815_C|T,12880_C|T,13339_T|C,14408_C|T,15714_C|T,15756_T|A,17410_C|T,18163_A|G,18492_A|G,18657_C|T,18894_C|T,19716_C|T,19955_C|T,20055_A|G,21057_C|T,21618_C|T,21622_C|T,21624_G|C,21627_C|A,21711_C|T,21738_T|C,21941_G|T,21987_G|A,22032_T|C,22033_C|A,22034_A|G,22200_T|G,22208_C|T,22295_C|A,22353_C|A,22556_A|G,22577_G|C,22578_G|A,22629_A|C,22674_C|T,22679_T|C,22686_C|T,22688_A|G,22770_G|A,22775_G|A,22786_A|C,22813_G|T,22882_T|G,22895_G|C,22896_T|A,22898_G|A,22910_A|G,22916_C|T,22917_T|G,22926_T|C,22928_T|C,22942_T|A,22992_G|A,22995_C|A,23005_T|A,23012_G|A,23018_T|C,23019_T|C,23039_C|G,23055_A|G,23063_A|T,23075_T|C,23222_G|A,23271_C|T,23403_A|G,23423_C|T,23525_C|T,23599_T|G,23604_C|G,23854_C|A,23948_G|T,24378_C|T,24424_A|T,24469_T|A,24872_G|T,24990_C|T,25000_C|T,25006_C|T,25207_C|T,25584_C|T,26060_C|T,26270_C|T,26529_G|C,26577_C|G,26610_A|G,26681_C|T,26709_G|A,26833_C|T,26858_C|T,27259_A|C,27382_G|C,27383_A|T,27384_T|C,27807_C|T,27810_T|C,28271_A|T,28291_C|A,28311_C|T,28744_C|T,28881_G|A,28882_G|A,28883_G|C,28884_G|C,28958_C|A,29510_A|C,11288_11296,21633_21641,21765_21770,21992_21994,22194_22196,23009_23011,27987_27988,28362_28370,29734_29759,21608_.|TCATGCCGCTGT
USA/CA-CDPH-500145430/2024	XEK	21_C|T,44_C|T,241_C|T,593_C|T,670_T|G,897_C|A,1102_C|T,1714_C|T,2790_C|T,3037_C|T,3431_G|T,3505_C|T,3565_T|C,4184_G|A,4321_C|T,5701_T|C,6077_G|T,6183_A|G,7113_C|T,7842_A|G,8293_C|T,8393_G|A,9286_C|T,9344_C|T,9424_A|G,9534_C|T,10029_C|T,10198_C|T,10447_G|A,10449_C|A,11042_G|T,11727_G|A,12789_C|T,12815_C|T,12880_C|T,13339_T|C,14408_C|T,15714_C|T,15756_T|A,17410_C|T,18163_A|G,18492_A|G,18657_C|T,18894_C|T,19716_C|T,19955_C|T,20055_A|G,20487_G|T,21618_C|T,21622_C|T,21624_G|C,21627_C|A,21711_C|T,21738_T|C,21941_G|T,21987_G|A,22032_T|C,22033_C|A,22034_A|G,22200_T|G,22208_C|T,22295_C|A,22353_C|A,22556_A|G,22577_G|C,22578_G|A,22629_A|C,22674_C|T,22679_T|C,22686_C|T,22688_A|G,22770_G|A,22775_G|A,22786_A|C,22813_G|T,22882_T|G,22895_G|C,22896_T|A,22898_G|A,22910_A|G,22916_C|T,22917_T|G,22926_T|C,22928_T|C,22942_T|A,22992_G|A,22995_C|A,23005_T|A,23012_G|A,23018_T|C,23019_T|C,23039_C|G,23055_A|G,23063_A|T,23075_T|C,23222_G|A,23271_C|T,23403_A|G,23423_C|T,23525_C|T,23599_T|G,23604_C|G,23854_C|A,23948_G|T,24378_C|T,24424_A|T,24469_T|A,24872_G|T,24990_C|T,25000_C|T,25006_C|T,25207_C|T,25584_C|T,26060_C|T,26270_C|T,26529_G|C,26577_C|G,26610_A|G,26681_C|T,26709_G|A,26735_C|T,26833_C|T,26858_C|T,27259_A|C,27382_G|C,27383_A|T,27384_T|C,27807_C|T,27810_T|C,28271_A|T,28291_C|A,28311_C|T,28851_G|T,28881_G|A,28882_G|A,28883_G|C,28884_G|C,28958_C|A,29510_A|C,11288_11296,21633_21641,21765_21770,21992_21994,22194_22196,23009_23011,28362_28370,29734_29759,21608_.|TCATGCCGCTGT
USA/CA-CDPH-500145579/2024	XEK	94_G|T,241_C|T,593_C|T,670_T|G,897_C|A,2790_C|T,3037_C|T,3325_T|C,3431_G|T,3505_C|T,3565_T|C,4184_G|A,4321_C|T,5701_T|C,6183_A|G,7113_C|T,7842_A|G,8290_C|T,8293_C|T,8393_G|A,9286_C|T,9344_C|T,9424_A|G,9534_C|T,10029_C|T,10198_C|T,10447_G|A,10449_C|A,11042_G|T,11727_G|A,12439_C|T,12789_C|T,12815_C|T,12880_C|T,13339_T|C,14408_C|T,15714_C|T,15756_T|A,17410_C|T,18163_A|G,18492_A|G,18657_C|T,18894_C|T,19716_C|T,19955_C|T,20055_A|G,21618_C|T,21622_C|T,21624_G|C,21627_C|A,21711_C|T,21738_T|C,21941_G|T,21987_G|A,22032_T|C,22033_C|A,22034_A|G,22200_T|G,22208_C|T,22295_C|A,22353_C|A,22556_A|G,22577_G|C,22578_G|A,22629_A|C,22674_C|T,22679_T|C,22686_C|T,22688_A|G,22770_G|A,22775_G|A,22786_A|C,22813_G|T,22882_T|G,22895_G|C,22896_T|A,22898_G|A,22910_A|G,22916_C|T,22917_T|G,22926_T|C,22928_T|C,22942_T|A,22992_G|A,22995_C|A,23005_T|A,23012_G|A,23018_T|C,23019_T|C,23039_C|G,23055_A|G,23063_A|T,23075_T|C,23222_G|A,23271_C|T,23403_A|G,23423_C|T,23525_C|T,23599_T|G,23604_C|G,23854_C|A,23948_G|T,24378_C|T,24424_A|T,24469_T|A,24872_G|T,24990_C|T,25000_C|T,25006_C|T,25207_C|T,25584_C|T,26060_C|T,26270_C|T,26529_G|C,26577_C|G,26610_A|G,26681_C|T,26709_G|A,26833_C|T,26858_C|T,27259_A|C,27382_G|C,27383_A|T,27384_T|C,27807_C|T,27810_T|C,27879_C|T,28271_A|T,28291_C|A,28311_C|T,28881_G|A,28882_G|A,28883_G|C,28884_G|C,28896_C|T,28958_C|A,29510_A|C,509_517,11288_11296,21633_21641,21765_21770,21992_21994,22194_22196,23009_23011,28362_28370,29734_29759,21608_.|TCATGCCGCTGT
USA/CA-CDPH-500145580/2025	XEK	21_C|T,44_C|T,241_C|T,593_C|T,670_T|G,884_C|T,897_C|A,1883_G|A,2790_C|T,3037_C|T,3359_T|C,3431_G|T,3505_C|T,3565_T|C,4184_G|A,4321_C|T,5701_T|C,6183_A|G,7113_C|T,7842_A|G,8293_C|T,8393_G|A,9286_C|T,9344_C|T,9424_A|G,9534_C|T,10029_C|T,10198_C|T,10447_G|A,10449_C|A,11042_G|T,11727_G|A,12789_C|T,12815_C|T,12880_C|T,13339_T|C,14408_C|T,15714_C|T,15756_T|A,17410_C|T,18163_A|G,18492_A|G,18657_C|T,18894_C|T,19716_C|T,19955_C|T,20055_A|G,21057_C|T,21618_C|T,21622_C|T,21624_G|C,21627_C|A,21711_C|T,21738_T|C,21941_G|T,21987_G|A,22032_T|C,22033_C|A,22034_A|G,22200_T|G,22208_C|T,22295_C|A,22353_C|A,22556_A|G,22577_G|C,22578_G|A,22629_A|C,22674_C|T,22679_T|C,22686_C|T,22688_A|G,22770_G|A,22775_G|A,22786_A|C,22813_G|T,22882_T|G,22895_G|C,22896_T|A,22898_G|A,22910_A|G,22916_C|T,22917_T|G,22926_T|C,22928_T|C,22942_T|A,22992_G|A,22995_C|A,23005_T|A,23012_G|A,23018_T|C,23019_T|C,23039_C|G,23055_A|G,23063_A|T,23075_T|C,23222_G|A,23271_C|T,23403_A|G,23423_C|T,23525_C|T,23599_T|G,23604_C|G,23854_C|A,23948_G|T,24378_C|T,24424_A|T,24469_T|A,24872_G|T,24990_C|T,25000_C|T,25006_C|T,25207_C|T,25584_C|T,26060_C|T,26270_C|T,26529_G|C,26577_C|G,26610_A|G,26681_C|T,26709_G|A,26833_C|T,26858_C|T,27259_A|C,27382_G|C,27383_A|T,27384_T|C,27807_C|T,27810_T|C,28271_A|T,28291_C|A,28311_C|T,28744_C|T,28881_G|A,28882_G|A,28883_G|C,28884_G|C,28958_C|A,29510_A|C,11288_11296,21633_21641,21765_21770,21992_21994,22194_22196,23009_23011,27987_27988,28362_28370,29734_29759,21608_.|TCATGCCGCTGT
USA/CA-CDPH-500145764/2025	XEK	21_C|T,44_C|T,241_C|T,593_C|T,670_T|G,897_C|A,2790_C|T,3037_C|T,3431_G|T,3505_C|T,3565_T|C,4184_G|A,4321_C|T,5701_T|C,6183_A|G,7113_C|T,7842_A|G,8293_C|T,8393_G|A,9286_C|T,9344_C|T,9424_A|G,9534_C|T,10029_C|T,10198_C|T,10447_G|A,10449_C|A,11042_G|T,11559_A|G,11727_G|A,12789_C|T,12815_C|T,12880_C|T,13339_T|C,14408_C|T,15714_C|T,15756_T|A,17410_C|T,18163_A|G,18492_A|G,18657_C|T,18894_C|T,19716_C|T,19955_C|T,20055_A|G,20451_C|T,21618_C|T,21622_C|T,21624_G|C,21627_C|A,21711_C|T,21738_T|C,21941_G|T,21987_G|A,22032_T|C,22033_C|A,22034_A|G,22200_T|G,22208_C|T,22295_C|A,22353_C|A,22556_A|G,22577_G|C,22578_G|A,22629_A|C,22674_C|T,22679_T|C,22686_C|T,22688_A|G,22770_G|A,22775_G|A,22786_A|C,22813_G|T,22882_T|G,22895_G|C,22896_T|A,22898_G|A,22910_A|G,22916_C|T,22917_T|G,22926_T|C,22928_T|C,22942_T|A,22992_G|A,22995_C|A,23005_T|A,23012_G|A,23018_T|C,23019_T|C,23039_C|G,23055_A|G,23063_A|T,23075_T|C,23222_G|A,23271_C|T,23403_A|G,23423_C|T,23525_C|T,23599_T|G,23604_C|G,23854_C|A,23948_G|T,24378_C|T,24424_A|T,24469_T|A,24872_G|T,24885_A|G,24990_C|T,25000_C|T,25006_C|T,25207_C|T,25584_C|T,26060_C|T,26270_C|T,26529_G|C,26577_C|G,26610_A|G,26681_C|T,26709_G|A,26833_C|T,26858_C|T,26873_C|T,27198_A|T,27259_A|C,27382_G|C,27383_A|T,27384_T|C,27807_C|T,27810_T|C,28271_A|T,28291_C|A,28311_C|T,28881_G|A,28882_G|A,28883_G|C,28884_G|C,28958_C|A,29510_A|C,11288_11296,21633_21641,21765_21770,21992_21994,22194_22196,23009_23011,28362_28370,29734_29759,21608_.|TCATGCCGCTGT
USA/CA-CDPH-500145773/2025	XEK	241_C|T,593_C|T,670_T|G,897_C|A,2790_C|T,3037_C|T,3325_T|C,3431_G|T,3505_C|T,3565_T|C,4184_G|A,4321_C|T,5701_T|C,6183_A|G,7113_C|T,7842_A|G,8290_C|T,8293_C|T,8393_G|A,9286_C|T,9344_C|T,9424_A|G,9534_C|T,10029_C|T,10198_C|T,10447_G|A,10449_C|A,11042_G|T,11727_G|A,12789_C|T,12815_C|T,12880_C|T,13339_T|C,14408_C|T,15714_C|T,15756_T|A,17410_C|T,18163_A|G,18492_A|G,18508_C|T,18657_C|T,18894_C|T,19716_C|T,19955_C|T,20055_A|G,21618_C|T,21622_C|T,21624_G|C,21627_C|A,21711_C|T,21738_T|C,21941_G|T,21987_G|A,22032_T|C,22033_C|A,22034_A|G,22200_T|G,22208_C|T,22295_C|A,22353_C|A,22556_A|G,22577_G|C,22578_G|A,22629_A|C,22674_C|T,22679_T|C,22686_C|T,22688_A|G,22770_G|A,22775_G|A,22786_A|C,22813_G|T,22882_T|G,22895_G|C,22896_T|A,22898_G|A,22910_A|G,22916_C|T,22917_T|G,22926_T|C,22928_T|C,22942_T|A,22992_G|A,22995_C|A,23005_T|A,23012_G|A,23018_T|C,23019_T|C,23039_C|G,23055_A|G,23063_A|T,23075_T|C,23222_G|A,23271_C|T,23403_A|G,23423_C|T,23525_C|T,23599_T|G,23604_C|G,23854_C|A,23948_G|T,24378_C|T,24424_A|T,24469_T|A,24872_G|T,24990_C|T,25000_C|T,25006_C|T,25207_C|T,25584_C|T,26060_C|T,26270_C|T,26529_G|C,26577_C|G,26610_A|G,26681_C|T,26709_G|A,26833_C|T,26858_C|T,27259_A|C,27382_G|C,27383_A|T,27384_T|C,27807_C|T,27810_T|C,28271_A|T,28291_C|A,28311_C|T,28881_G|A,28882_G|A,28883_G|C,28884_G|C,28958_C|A,29510_A|C,11288_11296,21633_21641,21765_21770,21992_21994,22194_22196,23009_23011,28362_28370,29734_29759,21608_.|TCATGCCGCTGT
USA/CA-CDPH-500146003/2025	XEK	21_C|T,44_C|T,241_C|T,593_C|T,670_T|G,897_C|A,2790_C|T,3037_C|T,3431_G|T,3505_C|T,3565_T|C,4184_G|A,4321_C|T,5701_T|C,6183_A|G,7113_C|T,7842_A|G,8290_C|T,8293_C|T,8393_G|A,9286_C|T,9344_C|T,9424_A|G,9534_C|T,10029_C|T,10198_C|T,10447_G|A,10449_C|A,11042_G|T,11727_G|A,12789_C|T,12815_C|T,12880_C|T,13339_T|C,14408_C|T,15714_C|T,15756_T|A,17410_C|T,18163_A|G,18492_A|G,18657_C|T,18894_C|T,19716_C|T,19955_C|T,20055_A|G,21618_C|T,21622_C|T,21624_G|C,21627_C|A,21711_C|T,21738_T|C,21941_G|T,21987_G|A,22032_T|C,22033_C|A,22034_A|G,22200_T|G,22208_C|T,22295_C|A,22353_C|A,22556_A|G,22577_G|C,22578_G|A,22629_A|C,22674_C|T,22679_T|C,22686_C|T,22688_A|G,22770_G|A,22775_G|A,22786_A|C,22813_G|T,22882_T|G,22895_G|C,22896_T|A,22898_G|A,22910_A|G,22916_C|T,22917_T|G,22926_T|C,22928_T|C,22942_T|A,22992_G|A,22995_C|A,23005_T|A,23012_G|A,23018_T|C,23019_T|C,23039_C|G,23055_A|G,23063_A|T,23075_T|C,23222_G|A,23271_C|T,23403_A|G,23423_C|T,23525_C|T,23599_T|G,23604_C|G,23854_C|A,23948_G|T,24378_C|T,24424_A|T,24469_T|A,24872_G|T,24990_C|T,25000_C|T,25006_C|T,25207_C|T,25584_C|T,26060_C|T,26270_C|T,26529_G|C,26577_C|G,26610_A|G,26681_C|T,26709_G|A,26833_C|T,26858_C|T,27259_A|C,27382_G|C,27383_A|T,27384_T|C,27807_C|T,27810_T|C,28271_A|T,28291_C|A,28311_C|T,28881_G|A,28882_G|A,28883_G|C,28884_G|C,28958_C|A,29510_A|C,11288_11296,21633_21641,21765_21770,21992_21994,22194_22196,23009_23011,28362_28370,29734_29759,21608_.|TCATGCCGCTGT
USA/CA-CDPH-500146055/2025	XEK	21_C|T,44_C|T,241_C|T,593_C|T,670_T|G,897_C|A,2790_C|T,3037_C|T,3267_C|T,3325_T|C,3431_G|T,3505_C|T,3565_T|C,4184_G|A,4321_C|T,5701_T|C,5850_C|A,6183_A|G,7113_C|T,7842_A|G,8290_C|T,8293_C|T,8393_G|A,9286_C|T,9344_C|T,9424_A|G,9534_C|T,10029_C|T,10198_C|T,10447_G|A,10449_C|A,11042_G|T,11727_G|A,12789_C|T,12815_C|T,12880_C|T,13339_T|C,13377_C|A,14408_C|T,15714_C|T,15756_T|A,17410_C|T,18163_A|G,18492_A|G,18657_C|T,18894_C|T,19140_C|T,19716_C|T,19955_C|T,20055_A|G,21618_C|T,21622_C|T,21624_G|C,21627_C|A,21711_C|T,21738_T|C,21941_G|T,21987_G|A,22032_T|C,22033_C|A,22034_A|G,22200_T|G,22208_C|T,22295_C|A,22353_C|A,22556_A|G,22577_G|C,22578_G|A,22629_A|C,22674_C|T,22679_T|C,22686_C|T,22688_A|G,22770_G|A,22775_G|A,22786_A|C,22813_G|T,22882_T|G,22895_G|C,22896_T|A,22898_G|A,22910_A|G,22916_C|T,22917_T|G,22926_T|C,22928_T|C,22942_T|A,22992_G|A,22995_C|A,23005_T|A,23012_G|A,23018_T|C,23019_T|C,23039_C|G,23055_A|G,23063_A|T,23075_T|C,23222_G|A,23271_C|T,23403_A|G,23423_C|T,23525_C|T,23599_T|G,23604_C|G,23854_C|A,23948_G|T,24378_C|T,24424_A|T,24469_T|A,24872_G|T,24990_C|T,25000_C|T,25006_C|T,25207_C|T,25584_C|T,26060_C|T,26270_C|T,26529_G|C,26577_C|G,26610_A|G,26681_C|T,26709_G|A,26833_C|T,26858_C|T,27259_A|C,27382_G|C,27383_A|T,27384_T|C,27408_T|C,27807_C|T,27810_T|C,28271_A|T,28291_C|A,28311_C|T,28881_G|A,28882_G|A,28883_G|C,28884_G|C,28958_C|A,29510_A|C,11288_11296,21633_21641,21765_21770,21992_21994,22194_22196,23009_23011,28362_28370,29734_29759,21608_.|TCATGCCGCTGT
USA/CA-CDPH-500146128/2025	XEK	241_C|T,593_C|T,670_T|G,897_C|A,2790_C|T,3037_C|T,3267_C|T,3325_T|C,3431_G|T,3505_C|T,3565_T|C,4184_G|A,4321_C|T,5701_T|C,5850_C|A,6183_A|G,7113_C|T,7842_A|G,8290_C|T,8293_C|T,8393_G|A,9286_C|T,9344_C|T,9424_A|G,9534_C|T,10029_C|T,10198_C|T,10447_G|A,10449_C|A,11042_G|T,11727_G|A,12789_C|T,12815_C|T,12880_C|T,13339_T|C,13377_C|A,14408_C|T,15714_C|T,15756_T|A,17410_C|T,18163_A|G,18492_A|G,18657_C|T,18894_C|T,19716_C|T,19955_C|T,20055_A|G,21618_C|T,21622_C|T,21624_G|C,21627_C|A,21711_C|T,21738_T|C,21941_G|T,21987_G|A,22032_T|C,22033_C|A,22034_A|G,22200_T|G,22208_C|T,22295_C|A,22353_C|A,22556_A|G,22577_G|C,22578_G|A,22629_A|C,22674_C|T,22679_T|C,22686_C|T,22688_A|G,22770_G|A,22775_G|A,22786_A|C,22813_G|T,22882_T|G,22895_G|C,22896_T|A,22898_G|A,22910_A|G,22916_C|T,22917_T|G,22926_T|C,22928_T|C,22942_T|A,22992_G|A,22995_C|A,23005_T|A,23012_G|A,23018_T|C,23019_T|C,23039_C|G,23055_A|G,23063_A|T,23075_T|C,23222_G|A,23271_C|T,23403_A|G,23423_C|T,23525_C|T,23599_T|G,23604_C|G,23854_C|A,23948_G|T,24378_C|T,24424_A|T,24469_T|A,24872_G|T,24990_C|T,25000_C|T,25006_C|T,25207_C|T,25584_C|T,26060_C|T,26270_C|T,26529_G|C,26577_C|G,26610_A|G,26681_C|T,26709_G|A,26833_C|T,26858_C|T,27259_A|C,27382_G|C,27383_A|T,27384_T|C,27408_T|C,27807_C|T,27810_T|C,28271_A|T,28291_C|A,28311_C|T,28881_G|A,28882_G|A,28883_G|C,28884_G|C,28958_C|A,29510_A|C,11288_11296,21633_21641,21765_21770,21992_21994,22194_22196,23009_23011,28362_28370,29734_29759,21608_.|TCATGCCGCTGT
USA/CA-CDPH-500146291/2025	XEK	241_C|T,593_C|T,670_T|G,897_C|A,2790_C|T,3037_C|T,3431_G|T,3505_C|T,3565_T|C,3736_C|T,4184_G|A,4321_C|T,4825_T|C,5622_C|T,5701_T|C,5761_G|A,6183_A|G,6601_A|G,7113_C|T,7842_A|G,8293_C|T,8393_G|A,9286_C|T,9344_C|T,9424_A|G,9534_C|T,9808_C|T,10029_C|T,10198_C|T,10447_G|A,10449_C|A,10969_C|T,11042_G|T,11727_G|A,12544_A|G,12789_C|T,12815_C|T,12880_C|T,13339_T|C,14408_C|T,15714_C|T,15756_T|A,17410_C|T,18163_A|G,18492_A|G,18657_C|T,18894_C|T,19287_T|A,19716_C|T,19955_C|T,20055_A|G,21302_C|T,21304_C|A,21305_G|A,21618_C|T,21622_C|T,21624_G|C,21627_C|A,21711_C|T,21738_T|C,21941_G|T,21987_G|A,22032_T|C,22033_C|A,22034_A|G,22200_T|G,22208_C|T,22295_C|A,22353_C|A,22556_A|G,22577_G|C,22578_G|A,22629_A|C,22674_C|T,22679_T|C,22686_C|T,22688_A|G,22770_G|A,22775_G|A,22786_A|C,22813_G|T,22882_T|G,22895_G|C,22896_T|A,22898_G|A,22910_A|G,22916_C|T,22917_T|G,22926_T|C,22928_T|C,22942_T|A,22992_G|A,22995_C|A,23005_T|A,23012_G|A,23018_T|C,23019_T|C,23039_C|G,23055_A|G,23063_A|T,23075_T|C,23222_G|A,23271_C|T,23403_A|G,23423_C|T,23525_C|T,23599_T|G,23604_C|G,23854_C|A,23948_G|T,24378_C|T,24424_A|T,24469_T|A,24872_G|T,24990_C|T,25000_C|T,25006_C|T,25207_C|T,25584_C|T,26060_C|T,26270_C|T,26529_G|C,26577_C|G,26610_A|G,26681_C|T,26709_G|A,26833_C|T,26858_C|T,27259_A|C,27382_G|C,27383_A|T,27384_T|C,27807_C|T,27810_T|C,28057_C|T,28271_A|T,28291_C|A,28311_C|T,28881_G|A,28882_G|A,28883_G|C,28884_G|C,28958_C|A,29119_C|T,29510_A|C,11288_11296,21633_21641,21765_21770,21992_21994,22194_22196,23009_23011,28362_28370,21608_.|TCATGCCGCTGT
USA/CA-CDPH-500146327/2025	XEK	241_C|T,593_C|T,670_T|G,897_C|A,2790_C|T,3037_C|T,3431_G|T,3505_C|T,3565_T|C,4184_G|A,4321_C|T,5701_T|C,6183_A|G,7113_C|T,7842_A|G,8293_C|T,8393_G|A,9286_C|T,9344_C|T,9424_A|G,9534_C|T,10029_C|T,10198_C|T,10447_G|A,10449_C|A,11042_G|T,11727_G|A,12789_C|T,12815_C|T,12880_C|T,13339_T|C,14408_C|T,15714_C|T,15735_T|C,15756_T|A,15760_G|A,17410_C|T,18163_A|G,18330_T|C,18492_A|G,18657_C|T,18894_C|T,19716_C|T,19955_C|T,19983_C|T,20055_A|G,21618_C|T,21622_C|T,21624_G|C,21627_C|A,21711_C|T,21738_T|C,21941_G|T,21987_G|A,22032_T|C,22033_C|A,22034_A|G,22200_T|G,22208_C|T,22295_C|A,22353_C|A,22498_C|T,22556_A|G,22577_G|C,22578_G|A,22594_C|T,22629_A|C,22674_C|T,22679_T|C,22686_C|T,22688_A|G,22770_G|A,22775_G|A,22786_A|C,22813_G|T,22882_T|G,22895_G|C,22896_T|A,22898_G|A,22910_A|G,22916_C|T,22917_T|G,22926_T|C,22928_T|C,22942_T|A,22992_G|A,22995_C|A,23005_T|A,23012_G|A,23018_T|C,23019_T|C,23039_C|G,23055_A|G,23063_A|T,23075_T|C,23222_G|A,23271_C|T,23403_A|G,23423_C|T,23525_C|T,23599_T|G,23604_C|G,23854_C|A,23948_G|T,24378_C|T,24424_A|T,24469_T|A,24872_G|T,24990_C|T,25000_C|T,25006_C|T,25207_C|T,25584_C|T,26060_C|T,26270_C|T,26529_G|C,26577_C|G,26610_A|G,26681_C|T,26709_G|A,26833_C|T,26858_C|T,26909_G|T,27259_A|C,27382_G|C,27383_A|T,27384_T|C,27807_C|T,27810_T|C,28271_A|T,28291_C|A,28311_C|T,28881_G|A,28882_G|A,28883_G|C,28884_G|C,28958_C|A,29510_A|C,11288_11296,21633_21641,21765_21770,21992_21994,22194_22196,23009_23011,28362_28370,21608_.|TCATGCCGCTGT
USA/CA-CDPH-500146363/2025	XEK	241_C|T,472_G|A,593_C|T,897_C|A,2790_C|T,3037_C|T,3431_G|T,3505_C|T,3565_T|C,4184_G|A,4321_C|T,5701_T|C,6183_A|G,7113_C|T,7267_C|T,7842_A|G,8293_C|T,8393_G|A,9286_C|T,9344_C|T,9424_A|G,9534_C|T,10029_C|T,10198_C|T,10447_G|A,10449_C|A,11042_G|T,11173_C|T,11727_G|A,12459_C|T,12789_C|T,12815_C|T,12880_C|T,13339_T|C,14408_C|T,15714_C|T,15735_T|C,15756_T|A,15760_G|A,16887_C|T,17410_C|T,18163_A|G,18492_A|G,18657_C|T,18894_C|T,19170_C|T,19716_C|T,19955_C|T,20055_A|G,21618_C|T,21622_C|T,21624_G|C,21627_C|A,21711_C|T,21738_T|C,21941_G|T,21987_G|A,22032_T|C,22033_C|A,22034_A|G,22200_T|G,22208_C|T,22295_C|A,22353_C|A,22498_C|T,22556_A|G,22577_G|C,22578_G|A,22594_C|T,22629_A|C,22674_C|T,22679_T|C,22686_C|T,22688_A|G,22770_G|A,22775_G|A,22786_A|C,22813_G|T,22882_T|G,22895_G|C,22896_T|A,22898_G|A,22910_A|G,22916_C|T,22917_T|G,22926_T|C,22928_T|C,22942_T|A,22992_G|A,22995_C|A,23005_T|A,23012_G|A,23018_T|C,23019_T|C,23039_C|G,23055_A|G,23063_A|T,23075_T|C,23222_G|A,23271_C|T,23403_A|G,23423_C|T,23525_C|T,23599_T|G,23604_C|G,23854_C|A,23948_G|T,24378_C|T,24424_A|T,24469_T|A,24872_G|T,24990_C|T,25000_C|T,25006_C|T,25207_C|T,25584_C|T,26060_C|T,26270_C|T,26529_G|C,26577_C|G,26610_A|G,26681_C|T,26709_G|A,26833_C|T,26858_C|T,27259_A|C,27382_G|C,27383_A|T,27384_T|C,27807_C|T,27810_T|C,28271_A|T,28291_C|A,28311_C|T,28881_G|A,28882_G|A,28883_G|C,28884_G|C,28958_C|A,29510_A|C,11288_11296,21633_21641,21765_21770,21992_21994,22194_22196,23009_23011,28362_28370,21608_.|TCATGCCGCTGT
USA/CA-CDPH-500146559/2025	XEK	241_C|T,593_C|T,670_T|G,897_C|A,2790_C|T,3037_C|T,3431_G|T,3505_C|T,3565_T|C,3736_C|T,4184_G|A,4321_C|T,4825_T|C,5622_C|T,5701_T|C,5761_G|A,6183_A|G,6601_A|G,7105_C|T,7113_C|T,7842_A|G,8293_C|T,8393_G|A,9286_C|T,9344_C|T,9424_A|G,9534_C|T,9808_C|T,10029_C|T,10198_C|T,10447_G|A,10449_C|A,10969_C|T,11042_G|T,11727_G|A,12544_A|G,12789_C|T,12815_C|T,12880_C|T,13339_T|C,14408_C|T,15714_C|T,15756_T|A,17410_C|T,18163_A|G,18492_A|G,18657_C|T,18894_C|T,19287_T|A,19716_C|T,19955_C|T,20055_A|G,21302_C|T,21304_C|A,21305_G|A,21618_C|T,21622_C|T,21624_G|C,21627_C|A,21711_C|T,21738_T|C,21941_G|T,21987_G|A,22032_T|C,22033_C|A,22034_A|G,22200_T|G,22208_C|T,22295_C|A,22353_C|A,22556_A|G,22577_G|C,22578_G|A,22629_A|C,22674_C|T,22679_T|C,22686_C|T,22688_A|G,22770_G|A,22775_G|A,22786_A|C,22813_G|T,22882_T|G,22895_G|C,22896_T|A,22898_G|A,22910_A|G,22916_C|T,22917_T|G,22926_T|C,22928_T|C,22942_T|A,22992_G|A,22995_C|A,23005_T|A,23012_G|A,23018_T|C,23019_T|C,23039_C|G,23055_A|G,23063_A|T,23075_T|C,23222_G|A,23271_C|T,23403_A|G,23423_C|T,23525_C|T,23599_T|G,23604_C|G,23854_C|A,23948_G|T,24378_C|T,24424_A|T,24469_T|A,24872_G|T,24990_C|T,25000_C|T,25006_C|T,25207_C|T,25584_C|T,26060_C|T,26270_C|T,26529_G|C,26577_C|G,26681_C|T,26709_G|A,26833_C|T,26858_C|T,27259_A|C,27382_G|C,27383_A|T,27384_T|C,27807_C|T,27810_T|C,28057_C|T,28271_A|T,28291_C|A,28311_C|T,28881_G|A,28882_G|A,28883_G|C,28884_G|C,28958_C|A,29510_A|C,11288_11296,21633_21641,21765_21770,21992_21994,22194_22196,23009_23011,28362_28370,21608_.|TCATGCCGCTGT
USA/CA-CDPH-500146633/2025	XEK	241_C|T,593_C|T,670_T|G,2790_C|T,3037_C|T,3431_G|T,3505_C|T,3565_T|C,4184_G|A,4321_C|T,5701_T|C,6183_A|G,7113_C|T,7842_A|G,8293_C|T,8393_G|A,9286_C|T,9344_C|T,9424_A|G,9534_C|T,10029_C|T,10198_C|T,10447_G|A,10449_C|A,11042_G|T,11727_G|A,11794_A|G,12789_C|T,12815_C|T,12880_C|T,13339_T|C,14408_C|T,15714_C|T,15756_T|A,17410_C|T,18163_A|G,18492_A|G,18657_C|T,18894_C|T,19716_C|T,19955_C|T,20055_A|G,21618_C|T,21622_C|T,21624_G|C,21627_C|A,21711_C|T,21738_T|C,21941_G|T,21987_G|A,22032_T|C,22033_C|A,22034_A|G,22200_T|G,22208_C|T,22295_C|A,22353_C|A,22556_A|G,22577_G|C,22578_G|A,22629_A|C,22674_C|T,22679_T|C,22686_C|T,22688_A|G,22770_G|A,22775_G|A,22786_A|C,22813_G|T,22882_T|G,22895_G|C,22896_T|A,22898_G|A,22910_A|G,22916_C|T,22917_T|G,22926_T|C,22928_T|C,22942_T|A,22992_G|A,22995_C|A,23005_T|A,23012_G|A,23018_T|C,23019_T|C,23039_C|G,23055_A|G,23063_A|T,23075_T|C,23191_C|T,23222_G|A,23271_C|T,23403_A|G,23423_C|T,23525_C|T,23599_T|G,23604_C|G,23854_C|A,23948_G|T,24378_C|T,24424_A|T,24469_T|A,24872_G|T,24990_C|T,25000_C|T,25006_C|T,25207_C|T,25584_C|T,26060_C|T,26079_C|T,26270_C|T,26529_G|C,26577_C|G,26610_A|G,26681_C|T,26709_G|A,26833_C|T,26858_C|T,27259_A|C,27382_G|C,27383_A|T,27384_T|C,27807_C|T,27810_T|C,27970_C|T,28271_A|T,28291_C|A,28311_C|T,28881_G|A,28882_G|A,28883_G|C,28884_G|C,28958_C|A,29510_A|C,29543_G|C,11288_11296,21633_21641,21765_21770,21992_21994,22194_22196,23009_23011,28362_28370,21608_.|TCATGCCGCTGT
USA/CA-CDPH-500146962/2025	XEK	241_C|T,593_C|T,670_T|G,897_C|A,2790_C|T,3037_C|T,3325_T|C,3431_G|T,3505_C|T,3565_T|C,4184_G|A,4321_C|T,5701_T|C,6183_A|G,7113_C|T,7842_A|G,8290_C|T,8293_C|T,8393_G|A,9286_C|T,9344_C|T,9424_A|G,9534_C|T,10029_C|T,10198_C|T,10447_G|A,10449_C|A,11042_G|T,11727_G|A,12789_C|T,12815_C|T,12880_C|T,13339_T|C,14408_C|T,15714_C|T,15756_T|A,17410_C|T,18163_A|G,18492_A|G,18508_C|T,18657_C|T,18894_C|T,19716_C|T,19955_C|T,20055_A|G,21618_C|T,21622_C|T,21624_G|C,21627_C|A,21711_C|T,21738_T|C,21941_G|T,21987_G|A,22032_T|C,22033_C|A,22034_A|G,22200_T|G,22208_C|T,22295_C|A,22353_C|A,22556_A|G,22577_G|C,22578_G|A,22629_A|C,22674_C|T,22679_T|C,22686_C|T,22688_A|G,22770_G|A,22775_G|A,22786_A|C,22813_G|T,22882_T|G,22895_G|C,22896_T|A,22898_G|A,22910_A|G,22916_C|T,22917_T|G,22926_T|C,22928_T|C,22942_T|A,22992_G|A,22995_C|A,23005_T|A,23012_G|A,23018_T|C,23019_T|C,23039_C|G,23055_A|G,23063_A|T,23075_T|C,23222_G|A,23271_C|T,23403_A|G,23423_C|T,23525_C|T,23599_T|G,23604_C|G,23854_C|A,23948_G|T,24378_C|T,24424_A|T,24469_T|A,24872_G|T,24990_C|T,25000_C|T,25006_C|T,25207_C|T,25584_C|T,26060_C|T,26270_C|T,26529_G|C,26577_C|G,26610_A|G,26681_C|T,26709_G|A,26833_C|T,26858_C|T,27259_A|C,27382_G|C,27383_A|T,27384_T|C,27807_C|T,27810_T|C,28271_A|T,28291_C|A,28311_C|T,28881_G|A,28882_G|A,28883_G|C,28884_G|C,28958_C|A,29510_A|C,11288_11296,21633_21641,21765_21770,21992_21994,22194_22196,23009_23011,28362_28370,21608_.|TCATGCCGCTGT
USA/CA-CDPH-500147163/2025	XEK	241_C|T,593_C|T,670_T|G,897_C|A,2790_C|T,3037_C|T,3431_G|T,3505_C|T,3565_T|C,3736_C|T,3909_T|C,4184_G|A,4321_C|T,4825_T|C,5622_C|T,5701_T|C,5761_G|A,6183_A|G,6601_A|G,7105_C|T,7113_C|T,7842_A|G,8293_C|T,8393_G|A,9286_C|T,9344_C|T,9424_A|G,9534_C|T,9808_C|T,10029_C|T,10198_C|T,10447_G|A,10449_C|A,10969_C|T,11042_G|T,11727_G|A,12544_A|G,12789_C|T,12815_C|T,12880_C|T,13339_T|C,14408_C|T,15714_C|T,15756_T|A,17410_C|T,18163_A|G,18492_A|G,18657_C|T,18894_C|T,19287_T|A,19716_C|T,19955_C|T,20055_A|G,21302_C|T,21304_C|A,21305_G|A,21618_C|T,21622_C|T,21624_G|C,21627_C|A,21711_C|T,21738_T|C,21941_G|T,21987_G|A,22032_T|C,22033_C|A,22034_A|G,22200_T|G,22208_C|T,22295_C|A,22353_C|A,22556_A|G,22577_G|C,22578_G|A,22629_A|C,22674_C|T,22679_T|C,22686_C|T,22688_A|G,22770_G|A,22775_G|A,22786_A|C,22813_G|T,22882_T|G,22895_G|C,22896_T|A,22898_G|A,22910_A|G,22916_C|T,22917_T|G,22926_T|C,22928_T|C,22942_T|A,22992_G|A,22995_C|A,23005_T|A,23012_G|A,23018_T|C,23019_T|C,23039_C|G,23055_A|G,23063_A|T,23075_T|C,23222_G|A,23271_C|T,23403_A|G,23423_C|T,23525_C|T,23599_T|G,23604_C|G,23854_C|A,23948_G|T,24378_C|T,24424_A|T,24469_T|A,24872_G|T,24990_C|T,25000_C|T,25006_C|T,25207_C|T,25584_C|T,26060_C|T,26270_C|T,26529_G|C,26577_C|G,26610_A|G,26681_C|T,26709_G|A,26833_C|T,26858_C|T,27259_A|C,27382_G|C,27383_A|T,27384_T|C,27807_C|T,27810_T|C,28057_C|T,28271_A|T,28291_C|A,28311_C|T,28881_G|A,28882_G|A,28883_G|C,28884_G|C,28958_C|A,29380_A|G,29510_A|C,11288_11296,21633_21641,21765_21770,21992_21994,22194_22196,23009_23011,28362_28370,21608_.|TCATGCCGCTGT
USA/CA-CDPH-6000021225/2024	XEK	241_C|T,593_C|T,670_T|G,2790_C|T,3037_C|T,3431_G|T,3505_C|T,3565_T|C,4184_G|A,4321_C|T,5701_T|C,6183_A|G,7113_C|T,7842_A|G,8293_C|T,8393_G|A,9286_C|T,9344_C|T,9424_A|G,9534_C|T,10029_C|T,10198_C|T,10447_G|A,10449_C|A,11042_G|T,11727_G|A,12789_C|T,12815_C|T,12880_C|T,13339_T|C,14408_C|T,15714_C|T,15756_T|A,17410_C|T,18163_A|G,18492_A|G,18657_C|T,18894_C|T,19716_C|T,19955_C|T,20055_A|G,21618_C|T,21622_C|T,21624_G|C,21627_C|A,21711_C|T,21738_T|C,21941_G|T,21987_G|A,22032_T|C,22033_C|A,22034_A|G,22200_T|G,22208_C|T,22295_C|A,22353_C|A,22556_A|G,22577_G|C,22578_G|A,22629_A|C,22674_C|T,22679_T|C,22686_C|T,22688_A|G,22770_G|A,22775_G|A,22786_A|C,22813_G|T,22882_T|G,22895_G|C,22896_T|A,22898_G|A,22910_A|G,22916_C|T,22917_T|G,22926_T|C,22928_T|C,22942_T|A,22992_G|A,22995_C|A,23005_T|A,23012_G|A,23018_T|C,23019_T|C,23039_C|G,23055_A|G,23063_A|T,23075_T|C,23222_G|A,23271_C|T,23403_A|G,23423_C|T,23525_C|T,23599_T|G,23604_C|G,23854_C|A,23948_G|T,24378_C|T,24424_A|T,24469_T|A,24872_G|T,24990_C|T,25000_C|T,25006_C|T,25207_C|T,25584_C|T,26060_C|T,26270_C|T,26529_G|C,26577_C|G,26610_A|G,26681_C|T,26709_G|A,26833_C|T,26858_C|T,27259_A|C,27382_G|C,27383_A|T,27384_T|C,27807_C|T,27810_T|C,28271_A|T,28291_C|A,28311_C|T,28881_G|A,28882_G|A,28883_G|C,28884_G|C,28958_C|A,29510_A|C,11288_11296,21633_21641,21765_21770,21992_21994,22194_22196,23009_23011,28362_28370,21608_.|TCATGCCGCTGT
USA/CA-CDPH-6000021513/2024	XEK	241_C|T,593_C|T,670_T|G,897_C|A,2790_C|T,3037_C|T,3431_G|T,3505_C|T,3565_T|C,4184_G|A,4321_C|T,5701_T|C,6183_A|G,7113_C|T,7842_A|G,8290_C|T,8293_C|T,8393_G|A,9286_C|T,9344_C|T,9424_A|G,9534_C|T,10029_C|T,10198_C|T,10447_G|A,10449_C|A,11042_G|T,11727_G|A,12789_C|T,12815_C|T,12880_C|T,13339_T|C,14408_C|T,15714_C|T,15756_T|A,17410_C|T,18163_A|G,18492_A|G,18657_C|T,18894_C|T,19716_C|T,19955_C|T,20055_A|G,21618_C|T,21622_C|T,21624_G|C,21627_C|A,21711_C|T,21738_T|C,21941_G|T,21987_G|A,22032_T|C,22033_C|A,22034_A|G,22200_T|G,22208_C|T,22295_C|A,22353_C|A,22556_A|G,22577_G|C,22578_G|A,22629_A|C,22674_C|T,22679_T|C,22686_C|T,22688_A|G,22770_G|A,22775_G|A,22786_A|C,22813_G|T,22882_T|G,22895_G|C,22896_T|A,22898_G|A,22910_A|G,22916_C|T,22917_T|G,22926_T|C,22928_T|C,22942_T|A,22992_G|A,22995_C|A,23005_T|A,23012_G|A,23018_T|C,23019_T|C,23039_C|G,23055_A|G,23063_A|T,23075_T|C,23222_G|A,23271_C|T,23403_A|G,23423_C|T,23525_C|T,23599_T|G,23604_C|G,23854_C|A,23948_G|T,24378_C|T,24424_A|T,24469_T|A,24872_G|T,24990_C|T,25000_C|T,25006_C|T,25207_C|T,25584_C|T,26060_C|T,26270_C|T,26529_G|C,26577_C|G,26610_A|G,26681_C|T,26709_G|A,26833_C|T,26858_C|T,27259_A|C,27382_G|C,27383_A|T,27384_T|C,27807_C|T,27810_T|C,28271_A|T,28291_C|A,28311_C|T,28881_G|A,28882_G|A,28883_G|C,28884_G|C,28958_C|A,29510_A|C,11288_11296,21633_21641,21765_21770,21992_21994,22194_22196,23009_23011,28362_28370,21608_.|TCATGCCGCTGT
USA/CA-GBW-GKISBBBF36338/2024	XEK	21_C|T,44_C|T,241_C|T,593_C|T,670_T|G,897_C|A,2790_C|T,3037_C|T,3431_G|T,3505_C|T,3565_T|C,4184_G|A,4321_C|T,5701_T|C,6183_A|G,7113_C|T,7842_A|G,8293_C|T,8393_G|A,9286_C|T,9344_C|T,9424_A|G,9534_C|T,10029_C|T,10198_C|T,10447_G|A,10449_C|A,11042_G|T,11339_C|T,11727_G|A,12789_C|T,12815_C|T,12880_C|T,13339_T|C,13427_G|A,14408_C|T,15714_C|T,15756_T|A,17410_C|T,18163_A|G,18492_A|G,18657_C|T,18894_C|T,19716_C|T,19955_C|T,20055_A|G,21618_C|T,21622_C|T,21624_G|C,21627_C|A,21711_C|T,21738_T|C,21941_G|T,21987_G|A,22032_T|C,22033_C|A,22034_A|G,22200_T|G,22208_C|T,22295_C|A,22353_C|A,22556_A|G,22577_G|C,22578_G|A,22629_A|C,22674_C|T,22679_T|C,22686_C|T,22688_A|G,22770_G|A,22775_G|A,22786_A|C,22813_G|T,22882_T|G,22895_G|C,22896_T|A,22898_G|A,22910_A|G,22916_C|T,22917_T|G,22926_T|C,22928_T|C,22942_T|A,22992_G|A,22995_C|A,23005_T|A,23012_G|A,23018_T|C,23019_T|C,23039_C|G,23055_A|G,23063_A|T,23075_T|C,23222_G|A,23271_C|T,23403_A|G,23423_C|T,23525_C|T,23599_T|G,23604_C|G,23854_C|A,24378_C|T,24424_A|T,24469_T|A,24872_G|T,24990_C|T,25000_C|T,25006_C|T,25207_C|T,25584_C|T,26060_C|T,26270_C|T,26529_G|C,26577_C|G,26610_A|G,26681_C|T,26709_G|A,26833_C|T,26858_C|T,27259_A|C,27382_G|C,27383_A|T,27384_T|C,27807_C|T,27810_T|C,28271_A|T,28291_C|A,28311_C|T,28881_G|A,28882_G|A,28883_G|C,28884_G|C,28958_C|A,29510_A|C,11288_11296,21633_21641,21765_21770,21992_21994,22194_22196,23009_23011,28362_28370,29734_29759,21608_.|TCATGCCGCTGT
USA/CA-GBW-GKPLAAAA46705/2024	XEK	21_C|T,44_C|T,241_C|T,593_C|T,670_T|G,897_C|A,2790_C|T,3037_C|T,3431_G|T,3505_C|T,3565_T|C,4184_G|A,4321_C|T,5701_T|C,6183_A|G,7113_C|T,7842_A|G,8293_C|T,8393_G|A,9286_C|T,9344_C|T,9424_A|G,9534_C|T,10029_C|T,10198_C|T,10447_G|A,10449_C|A,11042_G|T,11339_C|T,11727_G|A,12789_C|T,12815_C|T,12880_C|T,13339_T|C,13427_G|A,14408_C|T,15714_C|T,15756_T|A,17410_C|T,18163_A|G,18492_A|G,18657_C|T,18894_C|T,19716_C|T,19955_C|T,20055_A|G,21618_C|T,21622_C|T,21624_G|C,21627_C|A,21711_C|T,21738_T|C,21941_G|T,21987_G|A,22032_T|C,22033_C|A,22034_A|G,22200_T|G,22208_C|T,22295_C|A,22353_C|A,22556_A|G,22577_G|C,22578_G|A,22629_A|C,22674_C|T,22679_T|C,22686_C|T,22688_A|G,22770_G|A,22775_G|A,22786_A|C,22813_G|T,22882_T|G,22895_G|C,22896_T|A,22898_G|A,22910_A|G,22916_C|T,22917_T|G,22926_T|C,22928_T|C,22942_T|A,22992_G|A,22995_C|A,23005_T|A,23012_G|A,23018_T|C,23019_T|C,23039_C|G,23055_A|G,23063_A|T,23075_T|C,23222_G|A,23271_C|T,23403_A|G,23423_C|T,23525_C|T,23599_T|G,23604_C|G,23854_C|A,23948_G|T,24378_C|T,24424_A|T,24469_T|A,24872_G|T,24990_C|T,25000_C|T,25006_C|T,25207_C|T,25584_C|T,26060_C|T,26270_C|T,26529_G|C,26577_C|G,26610_A|G,26681_C|T,26709_G|A,26833_C|T,26858_C|T,27259_A|C,27382_G|C,27383_A|T,27384_T|C,27807_C|T,27810_T|C,28271_A|T,28291_C|A,28311_C|T,28881_G|A,28882_G|A,28883_G|C,28884_G|C,28958_C|A,29510_A|C,11288_11296,21633_21641,21765_21770,21992_21994,22194_22196,23009_23011,28362_28370,29734_29759,21608_.|TCATGCCGCTGT
USA/CA-LACPHL-AY09999/2024	XEK	241_C|T,593_C|A,670_T|G,897_C|A,2790_C|T,3037_C|T,3431_G|T,3505_C|T,3565_T|C,4184_G|A,4321_C|T,5701_T|C,6183_A|G,7113_C|T,7842_A|G,8293_C|T,8393_G|A,9286_C|T,9344_C|T,9424_A|G,9534_C|T,10029_C|T,10198_C|T,10447_G|A,10449_C|A,11042_G|T,11559_A|G,11727_G|A,12789_C|T,12815_C|T,12880_C|T,13339_T|C,14408_C|T,15714_C|T,15756_T|A,17410_C|T,18163_A|G,18492_A|G,18657_C|T,18894_C|T,19716_C|T,19955_C|T,20055_A|G,20451_C|T,21618_C|T,21622_C|T,21624_G|C,21627_C|A,21711_C|T,21738_T|C,21941_G|T,21987_G|A,22032_T|C,22033_C|A,22034_A|G,22200_T|G,22208_C|T,22295_C|A,22353_C|A,22556_A|G,22577_G|C,22578_G|A,22629_A|C,22674_C|T,22679_T|C,22686_C|T,22688_A|G,22770_G|A,22775_G|A,22786_A|C,22813_G|T,22882_T|G,22895_G|C,22896_T|A,22898_G|A,22910_A|G,22916_C|T,22917_T|G,22926_T|C,22928_T|C,22942_T|A,22992_G|A,22995_C|A,23005_T|A,23012_G|A,23018_T|C,23019_T|C,23039_C|G,23055_A|G,23063_A|T,23075_T|C,23222_G|A,23271_C|T,23403_A|G,23423_C|T,23525_C|T,23599_T|G,23604_C|G,23854_C|A,23948_G|T,24378_C|T,24424_A|T,24469_T|A,24872_G|T,24990_C|T,25000_C|T,25006_C|T,25207_C|T,25584_C|T,26060_C|T,26270_C|T,26529_G|C,26577_C|G,26610_A|G,26681_C|T,26709_G|A,26833_C|T,26858_C|T,26873_C|T,27198_A|T,27259_A|C,27382_G|C,27383_A|T,27384_T|C,27807_C|T,27810_T|C,28271_A|T,28291_C|A,28311_C|T,28881_G|A,28882_G|A,28883_G|C,28884_G|C,28958_C|A,29510_A|C,11288_11296,21633_21641,21765_21770,21992_21994,22194_22196,23009_23011,28362_28370,21608_.|TCATGCCGCTGT
USA/CA-LACPHL-AY10704/2025	XEK	241_C|T,593_C|T,670_T|G,897_C|A,2790_C|T,3037_C|T,3431_G|T,3505_C|T,3565_T|C,3736_C|T,4184_G|A,4321_C|T,5701_T|C,5761_G|A,6183_A|G,6601_A|G,7113_C|T,7842_A|G,8293_C|T,8393_G|A,9286_C|T,9344_C|T,9424_A|G,9534_C|T,10029_C|T,10198_C|T,10447_G|A,10449_C|A,10969_C|T,11042_G|T,11727_G|A,12789_C|T,12815_C|T,12880_C|T,13339_T|C,14408_C|T,15714_C|T,15756_T|A,17410_C|T,18163_A|G,18492_A|G,18657_C|T,18894_C|T,19287_T|A,19716_C|T,19955_C|T,20055_A|G,21302_C|T,21304_C|A,21305_G|A,21618_C|T,21622_C|T,21624_G|C,21627_C|A,21711_C|T,21738_T|C,21941_G|T,21987_G|A,22010_A|G,22032_T|C,22033_C|A,22034_A|G,22200_T|G,22208_C|T,22295_C|A,22353_C|A,22556_A|G,22577_G|C,22578_G|A,22629_A|C,22674_C|T,22679_T|C,22686_C|T,22688_A|G,22770_G|A,22775_G|A,22786_A|C,22813_G|T,22882_T|G,22895_G|C,22896_T|A,22898_G|A,22910_A|G,22916_C|T,22917_T|G,22926_T|C,22928_T|C,22942_T|A,22992_G|A,22995_C|A,23005_T|A,23012_G|A,23018_T|C,23019_T|C,23039_C|G,23055_A|G,23063_A|T,23075_T|C,23222_G|A,23271_C|T,23403_A|G,23423_C|T,23525_C|T,23599_T|G,23604_C|G,23854_C|A,23948_G|T,24378_C|T,24424_A|T,24469_T|A,24872_G|T,24990_C|T,25000_C|T,25006_C|T,25207_C|T,25584_C|T,26060_C|T,26270_C|T,26529_G|C,26577_C|G,26610_A|G,26681_C|T,26709_G|A,26833_C|T,26858_C|T,27259_A|C,27382_G|C,27383_A|T,27384_T|C,27807_C|T,27810_T|C,28271_A|T,28291_C|A,28311_C|T,28849_C|T,28881_G|A,28882_G|A,28883_G|C,28884_G|C,28958_C|A,29510_A|C,11288_11296,21633_21641,21765_21770,21992_21994,22194_22196,23009_23011,28362_28370,29734_29759,21607_.|GNNNNNNNNNNN
USA/CA-LACPHL-AY11146/2025	XEK	241_C|T,593_C|T,670_T|G,897_C|A,2338_C|T,2790_C|T,3037_C|T,3431_G|T,3505_C|T,3565_T|C,4184_G|A,4321_C|T,5701_T|C,6183_A|G,6636_C|T,7113_C|T,7119_C|T,7842_A|G,7843_C|T,8293_C|T,8393_G|A,9286_C|T,9344_C|T,9424_A|G,9534_C|T,10029_C|T,10198_C|T,10447_G|A,10449_C|A,11042_G|T,11727_G|A,12789_C|T,12815_C|T,12880_C|T,13339_T|C,14408_C|T,14730_G|A,15714_C|T,15756_T|A,16662_G|A,17410_C|T,18163_A|G,18492_A|G,18657_C|T,18894_C|T,19716_C|T,19955_C|T,20055_A|G,21618_C|T,21622_C|T,21624_G|C,21627_C|A,21711_C|T,21738_T|C,21739_T|C,21941_G|T,21987_G|A,22032_T|C,22033_C|A,22034_A|G,22200_T|G,22208_C|T,22295_C|A,22353_C|A,22556_A|G,22577_G|C,22578_G|A,22629_A|C,22674_C|T,22679_T|C,22686_C|T,22688_A|G,22770_G|A,22775_G|A,22786_A|C,22813_G|T,22882_T|G,22895_G|C,22896_T|A,22898_G|A,22910_A|G,22916_C|T,22917_T|G,22926_T|C,22928_T|C,22942_T|A,22992_G|A,22995_C|A,23005_T|A,23012_G|A,23018_T|C,23019_T|C,23039_C|G,23055_A|G,23063_A|T,23075_T|C,23222_G|A,23271_C|T,23403_A|G,23423_C|T,23525_C|T,23599_T|G,23604_C|G,23854_C|A,23948_G|T,24378_C|T,24424_A|T,24469_T|A,24872_G|T,24990_C|T,25000_C|T,25006_C|T,25207_C|T,25584_C|T,26060_C|T,26270_C|T,26529_G|C,26577_C|G,26610_A|G,26681_C|T,26709_G|A,26833_C|T,26858_C|T,27259_A|C,27382_G|C,27383_A|T,27384_T|C,27807_C|T,27810_T|C,28271_A|T,28291_C|A,28311_C|T,28881_G|A,28882_G|A,28883_G|C,28884_G|C,28958_C|A,29095_C|T,29510_A|C,11288_11296,21633_21641,21765_21770,21992_21994,22194_22196,23009_23011,28362_28370,29734_29759,21608_.|TCATGCCGCTGT
USA/CA-MCPHL-GBD00891/2024	XEK	241_C|T,593_C|T,670_T|G,897_C|A,2790_C|T,3037_C|T,3431_G|T,3505_C|T,3565_T|C,3736_C|T,4184_G|A,4321_C|T,5701_T|C,5761_G|A,6183_A|G,6601_A|G,7113_C|T,7842_A|G,8293_C|T,8393_G|A,9286_C|T,9344_C|T,9424_A|G,9534_C|T,10029_C|T,10198_C|T,10447_G|A,10449_C|A,10969_C|T,11042_G|T,11727_G|A,12789_C|T,12815_C|T,12880_C|T,13339_T|C,14408_C|T,15714_C|T,15756_T|A,17410_C|T,18163_A|G,18492_A|G,18657_C|T,18894_C|T,19287_T|A,19716_C|T,19955_C|T,20055_A|G,21302_C|T,21304_C|A,21305_G|A,21618_C|T,21622_C|T,21624_G|C,21627_C|A,21711_C|T,21738_T|C,21941_G|T,21987_G|A,22032_T|C,22033_C|A,22034_A|G,22200_T|G,22208_C|T,22295_C|A,22353_C|A,22556_A|G,22577_G|C,22578_G|A,22629_A|C,22674_C|T,22679_T|C,22686_C|T,22688_A|G,22770_G|A,22775_G|A,22786_A|C,22813_G|T,22882_T|G,22895_G|C,22896_T|A,22898_G|A,22910_A|G,22916_C|T,22917_T|G,22926_T|C,22928_T|C,22942_T|A,22992_G|A,22995_C|A,23005_T|A,23012_G|A,23018_T|C,23019_T|C,23039_C|G,23055_A|G,23063_A|T,23075_T|C,23222_G|A,23271_C|T,23403_A|G,23423_C|T,23525_C|T,23599_T|G,23604_C|G,23854_C|A,23948_G|T,24378_C|T,24424_A|T,24469_T|A,24872_G|T,24990_C|T,25000_C|T,25006_C|T,25207_C|T,25584_C|T,26060_C|T,26270_C|T,26529_G|C,26577_C|G,26610_A|G,26681_C|T,26709_G|A,26833_C|T,26858_C|T,27259_A|C,27382_G|C,27383_A|T,27384_T|C,27807_C|T,27810_T|C,28271_A|T,28291_C|A,28311_C|T,28881_G|A,28882_G|A,28883_G|C,28884_G|C,28958_C|A,29510_A|C,11288_11296,21633_21641,21765_21770,21992_21994,22194_22196,23009_23011,28362_28370,21608_.|TCATGCCGCTGT
USA/CO-CDPHE-42779706/2025	XEK	241_C|T,593_C|T,670_T|G,897_C|A,2790_C|T,3037_C|T,3431_G|T,3505_C|T,3565_T|C,4184_G|A,4321_C|T,5701_T|C,6183_A|G,7113_C|T,7842_A|G,8293_C|T,8393_G|A,9286_C|T,9344_C|T,9424_A|G,9534_C|T,10029_C|T,10198_C|T,10447_G|A,10449_C|A,11042_G|T,11727_G|A,12789_C|T,12815_C|T,12880_C|T,13114_T|C,13339_T|C,14408_C|T,15714_C|T,15756_T|A,17410_C|T,18163_A|G,18492_A|G,18657_C|T,18894_C|T,19716_C|T,19955_C|T,20055_A|G,21622_C|T,21627_C|A,21711_C|T,21738_T|C,21941_G|T,21987_G|A,22032_T|C,22033_C|A,22034_A|G,22200_T|G,22208_C|T,22295_C|A,22353_C|A,22556_A|G,22577_G|C,22578_G|A,22629_A|C,22674_C|T,22679_T|C,22686_C|T,22688_A|G,22770_G|A,22775_G|A,22786_A|C,22813_G|T,22882_T|G,22895_G|C,22896_T|A,22898_G|A,22910_A|G,22916_C|T,22917_T|G,22926_T|C,22928_T|C,22942_T|A,22992_G|A,22995_C|A,23005_T|A,23012_G|A,23018_T|C,23019_T|C,23039_C|G,23055_A|G,23063_A|T,23075_T|C,23222_G|A,23271_C|T,23403_A|G,23423_C|T,23525_C|T,23538_C|T,23599_T|G,23604_C|G,23854_C|A,23948_G|T,24378_C|T,24424_A|T,24469_T|A,24872_G|T,24990_C|T,25000_C|T,25006_C|T,25207_C|T,25584_C|T,26060_C|T,26270_C|T,26529_G|C,26577_C|G,26610_A|G,26681_C|T,26709_G|A,26833_C|T,26858_C|T,27259_A|C,27382_G|C,27383_A|T,27384_T|C,27630_C|T,27807_C|T,27810_T|C,28271_A|T,28291_C|A,28311_C|T,28881_G|A,28882_G|A,28883_G|C,28884_G|C,28958_C|A,29510_A|C,11288_11296,21633_21641,21765_21770,21992_21994,22194_22196,23009_23011,28362_28370,29734_29759,21608_.|TCATGCCGCTGT
USA/CO-CDPHE-42867577/2025	XEK	241_C|T,593_C|T,670_T|G,897_C|A,1535_G|A,2719_T|C,2790_C|T,3037_C|T,3156_C|T,3431_G|T,3505_C|T,3565_T|C,4184_G|A,4321_C|T,5701_T|C,6183_A|G,7113_C|T,7842_A|G,8293_C|T,8393_G|A,9286_C|T,9344_C|T,9424_A|G,9534_C|T,10029_C|T,10198_C|T,10447_G|A,10449_C|A,11029_G|A,11042_G|T,11727_G|A,12755_A|G,12789_C|T,12815_C|T,12880_C|T,13339_T|C,14408_C|T,15714_C|T,15756_T|A,17410_C|T,18163_A|G,18492_A|G,18657_C|T,18894_C|T,18985_G|A,19716_C|T,19955_C|T,20055_A|G,21622_C|T,21627_C|A,21711_C|T,21738_T|C,21941_G|T,21987_G|A,22032_T|C,22033_C|A,22034_A|G,22120_C|T,22200_T|G,22208_C|T,22295_C|A,22353_C|A,22556_A|G,22577_G|C,22578_G|A,22629_A|C,22674_C|T,22679_T|C,22686_C|T,22688_A|G,22770_G|A,22775_G|A,22786_A|C,22813_G|T,22882_T|G,22895_G|C,22896_T|A,22898_G|A,22910_A|G,22916_C|T,22917_T|G,22926_T|C,22928_T|C,22942_T|A,22992_G|A,22995_C|A,23005_T|A,23012_G|A,23018_T|C,23019_T|C,23039_C|G,23055_A|G,23063_A|T,23075_T|C,23222_G|A,23271_C|T,23403_A|G,23423_C|T,23599_T|G,23604_C|G,23854_C|A,23948_G|T,24378_C|T,24424_A|T,24469_T|A,24872_G|T,24990_C|T,25000_C|T,25006_C|T,25207_C|T,25584_C|T,26060_C|T,26270_C|T,26529_G|C,26577_C|G,26610_A|G,26681_C|T,26709_G|A,26833_C|T,26858_C|T,27259_A|C,27382_G|C,27383_A|T,27384_T|C,27807_C|T,27810_T|C,28271_A|T,28291_C|A,28311_C|T,28881_G|A,28882_G|A,28883_G|C,28884_G|C,28958_C|A,29510_A|C,29774_C|T,11288_11296,21633_21641,21765_21770,21992_21994,22194_22196,23009_23011,28362_28370,29734_29759,21608_.|TCATGCCGCTGT
USA/CO-CDPHE-42909611/2025	XEK	241_C|T,593_C|T,670_T|G,897_C|A,2790_C|T,3037_C|T,3431_G|T,3505_C|T,3565_T|C,4184_G|A,4321_C|T,5701_T|C,6183_A|G,7113_C|T,7842_A|G,8293_C|T,8393_G|A,9286_C|T,9344_C|T,9424_A|G,9534_C|T,10029_C|T,10198_C|T,10447_G|A,10449_C|A,11042_G|T,11727_G|A,12789_C|T,12815_C|T,12880_C|T,13114_T|C,13339_T|C,14408_C|T,15714_C|T,15756_T|A,17410_C|T,18163_A|G,18492_A|G,18657_C|T,18894_C|T,19716_C|T,19955_C|T,20055_A|G,21622_C|T,21627_C|A,21711_C|T,21738_T|C,21941_G|T,21987_G|A,22032_T|C,22033_C|A,22034_A|G,22200_T|G,22208_C|T,22295_C|A,22353_C|A,22556_A|G,22577_G|C,22578_G|A,22629_A|C,22674_C|T,22679_T|C,22686_C|T,22688_A|G,22770_G|A,22775_G|A,22786_A|C,22813_G|T,22882_T|G,22895_G|C,22896_T|A,22898_G|A,22910_A|G,22916_C|T,22917_T|G,22926_T|C,22928_T|C,22942_T|A,22992_G|A,22995_C|A,23005_T|A,23012_G|A,23018_T|C,23019_T|C,23039_C|G,23055_A|G,23063_A|T,23075_T|C,23222_G|A,23271_C|T,23403_A|G,23423_C|T,23525_C|T,23599_T|G,23604_C|G,23854_C|A,23948_G|T,24378_C|T,24424_A|T,24469_T|A,24872_G|T,24990_C|T,25000_C|T,25006_C|T,25207_C|T,25584_C|T,26060_C|T,26270_C|T,26529_G|C,26577_C|G,26610_A|G,26681_C|T,26709_G|A,26833_C|T,26858_C|T,27259_A|C,27382_G|C,27383_A|T,27384_T|C,27630_C|T,27807_C|T,27810_T|C,28271_A|T,28291_C|A,28311_C|T,28881_G|A,28882_G|A,28883_G|C,28884_G|C,28958_C|A,29510_A|C,11288_11296,21633_21641,21765_21770,21992_21994,22194_22196,23009_23011,28362_28370,29734_29759,21608_.|TCATGCCGCTGT
USA/CO-CDPHE-43093501/2025	XEK	241_C|T,593_C|T,670_T|G,897_C|A,2788_C|T,2790_C|T,3037_C|T,3431_G|T,3505_C|T,3565_T|C,4184_G|A,4321_C|T,5300_G|A,5701_T|C,6183_A|G,7113_C|T,7842_A|G,8293_C|T,8393_G|A,8914_T|C,9286_C|T,9344_C|T,9424_A|G,9534_C|T,10029_C|T,10198_C|T,10447_G|A,10449_C|A,11042_G|T,11727_G|A,12789_C|T,12815_C|T,12880_C|T,13339_T|C,14408_C|T,15714_C|T,15756_T|A,17410_C|T,18163_A|G,18492_A|G,18657_C|T,18894_C|T,19716_C|T,19955_C|T,20055_A|G,21622_C|T,21627_C|A,21711_C|T,21738_T|C,21941_G|T,21987_G|A,22032_T|C,22033_C|A,22034_A|G,22200_T|G,22208_C|T,22295_C|A,22353_C|A,22556_A|G,22577_G|C,22578_G|A,22629_A|C,22674_C|T,22679_T|C,22686_C|T,22688_A|G,22770_G|A,22775_G|A,22786_A|C,22813_G|T,22882_T|G,22895_G|C,22896_T|A,22898_G|A,22910_A|G,22916_C|T,22917_T|G,22926_T|C,22928_T|C,22942_T|A,22992_G|A,22995_C|A,23005_T|A,23012_G|A,23018_T|C,23019_T|C,23039_C|G,23055_A|G,23063_A|T,23075_T|C,23222_G|A,23271_C|T,23403_A|G,23423_C|T,23525_C|T,23599_T|G,23604_C|G,23854_C|A,23948_G|T,24378_C|T,24424_A|T,24469_T|A,24872_G|T,24990_C|T,25000_C|T,25006_C|T,25207_C|T,25584_C|T,26060_C|T,26270_C|T,26529_G|C,26577_C|G,26610_A|G,26681_C|T,26709_G|A,26833_C|T,26858_C|T,27259_A|C,27382_G|C,27383_A|T,27384_T|C,27807_C|T,27810_T|C,28271_A|T,28291_C|A,28296_A|G,28311_C|T,28867_T|G,28881_G|A,28882_G|A,28883_G|C,28884_G|C,28958_C|A,29254_G|T,29510_A|C,11288_11296,21633_21641,21765_21770,21992_21994,22194_22196,23009_23011,28362_28370,29734_29759,21608_.|TCATGCCGCTGT
USA/CO-CDPHE-43093625/2025	XEK	241_C|T,365_T|G,593_C|T,670_T|G,897_C|A,2790_C|T,3037_C|T,3431_G|T,3505_C|T,3565_T|C,4184_G|A,4321_C|T,5701_T|C,6183_A|G,7113_C|T,7842_A|G,8293_C|T,8393_G|A,9286_C|T,9344_C|T,9424_A|G,9534_C|T,10029_C|T,10198_C|T,10447_G|A,10449_C|A,11042_G|T,11727_G|A,12789_C|T,12815_C|T,12880_C|T,13114_T|C,13339_T|C,14408_C|T,15714_C|T,15756_T|A,17410_C|T,18163_A|G,18492_A|G,18657_C|T,18894_C|T,19716_C|T,19955_C|T,20055_A|G,21622_C|T,21627_C|A,21711_C|T,21738_T|C,21941_G|T,21987_G|A,22032_T|C,22033_C|A,22034_A|G,22200_T|G,22208_C|T,22295_C|A,22353_C|A,22556_A|G,22577_G|C,22578_G|A,22629_A|C,22674_C|T,22679_T|C,22686_C|T,22688_A|G,22770_G|A,22775_G|A,22786_A|C,22813_G|T,22882_T|G,22895_G|C,22896_T|A,22898_G|A,22910_A|G,22916_C|T,22917_T|G,22926_T|C,22928_T|C,22942_T|A,22992_G|A,22995_C|A,23005_T|A,23012_G|A,23018_T|C,23019_T|C,23039_C|G,23055_A|G,23063_A|T,23075_T|C,23222_G|A,23271_C|T,23403_A|G,23423_C|T,23525_C|T,23599_T|G,23604_C|G,23854_C|A,23948_G|T,24378_C|T,24424_A|T,24469_T|A,24872_G|T,24990_C|T,25000_C|T,25006_C|T,25207_C|T,25584_C|T,26060_C|T,26270_C|T,26529_G|C,26577_C|G,26610_A|G,26681_C|T,26709_G|A,26833_C|T,26858_C|T,27259_A|C,27382_G|C,27383_A|T,27384_T|C,27630_C|T,27807_C|T,27810_T|C,28271_A|T,28291_C|A,28311_C|T,28881_G|A,28882_G|A,28883_G|C,28884_G|C,28958_C|A,29510_A|C,11288_11296,21633_21641,21765_21770,21992_21994,22194_22196,23009_23011,28362_28370,29734_29759,21608_.|TCATGCCGCTGT
USA/CO-CDPHE-43210560/2025	XEK	241_C|T,593_C|T,670_T|G,897_C|A,2751_C|T,2788_C|T,2790_C|T,3037_C|T,3431_G|T,3505_C|T,3565_T|C,4184_G|A,4321_C|T,5300_G|A,5701_T|C,6183_A|G,7113_C|T,7842_A|G,8293_C|T,8393_G|A,8914_T|C,9286_C|T,9344_C|T,9424_A|G,9534_C|T,10029_C|T,10198_C|T,10447_G|A,10449_C|A,11042_G|T,11727_G|A,12789_C|T,12815_C|T,12880_C|T,13339_T|C,14408_C|T,15714_C|T,15756_T|A,17410_C|T,18163_A|G,18492_A|G,18657_C|T,18894_C|T,18981_C|T,19716_C|T,19955_C|T,20055_A|G,21622_C|T,21627_C|A,21711_C|T,21738_T|C,21941_G|T,21987_G|A,22032_T|C,22033_C|A,22034_A|G,22200_T|G,22208_C|T,22295_C|A,22353_C|A,22556_A|G,22577_G|C,22578_G|A,22629_A|C,22674_C|T,22679_T|C,22686_C|T,22688_A|G,22770_G|A,22775_G|A,22786_A|C,22813_G|T,22882_T|G,22895_G|C,22896_T|A,22898_G|A,22910_A|G,22916_C|T,22917_T|G,22926_T|C,22928_T|C,22942_T|A,22992_G|A,22995_C|A,23005_T|A,23012_G|A,23018_T|C,23019_T|C,23039_C|G,23055_A|G,23063_A|T,23075_T|C,23222_G|A,23271_C|T,23403_A|G,23423_C|T,23525_C|T,23599_T|G,23604_C|G,23854_C|A,23948_G|T,24378_C|T,24424_A|T,24469_T|A,24872_G|T,24990_C|T,25000_C|T,25006_C|T,25207_C|T,25584_C|T,26060_C|T,26270_C|T,26529_G|C,26577_C|G,26610_A|G,26681_C|T,26709_G|A,26833_C|T,26858_C|T,27259_A|C,27382_G|C,27383_A|T,27384_T|C,27807_C|T,27810_T|C,28271_A|T,28291_C|A,28296_A|G,28311_C|T,28867_T|G,28881_G|A,28882_G|A,28883_G|C,28884_G|C,28958_C|A,29254_G|T,29510_A|C,11288_11296,21633_21641,21765_21770,21992_21994,22194_22196,23009_23011,28362_28370,29734_29759,21608_.|TCATGCCGCTGT
USA/CT-DPH-1269829001/2025	XEK	241_C|T,593_C|T,670_T|G,897_C|A,1102_C|T,1714_C|T,2790_C|T,3037_C|T,3431_G|T,3505_C|T,3565_T|C,4184_G|A,4321_C|T,5701_T|C,6077_G|T,6183_A|G,7113_C|T,7842_A|G,8293_C|T,8393_G|A,9286_C|T,9344_C|T,9424_A|G,9534_C|T,10029_C|T,10198_C|T,10447_G|A,10449_C|A,11042_G|T,11727_G|A,12789_C|T,12815_C|T,12880_C|T,13339_T|C,14408_C|T,15714_C|T,15756_T|A,15951_C|T,17410_C|T,18163_A|G,18492_A|G,18657_C|T,18690_T|G,18894_C|T,19716_C|T,19955_C|T,20055_A|G,21618_C|T,21622_C|T,21624_G|C,21627_C|A,21711_C|T,21738_T|C,21941_G|T,21987_G|A,22032_T|C,22033_C|A,22034_A|G,22200_T|G,22208_C|T,22295_C|A,22353_C|A,22556_A|G,22577_G|C,22578_G|A,22629_A|C,22674_C|T,22679_T|C,22686_C|T,22688_A|G,22770_G|A,22775_G|A,22786_A|C,22813_G|T,22882_T|G,22895_G|C,22896_T|A,22898_G|A,22910_A|G,22916_C|T,22917_T|G,22926_T|C,22928_T|C,22942_T|A,22992_G|A,22995_C|A,23005_T|A,23012_G|A,23018_T|C,23019_T|C,23039_C|G,23055_A|G,23063_A|T,23075_T|C,23222_G|A,23271_C|T,23403_A|G,23423_C|T,23525_C|T,23599_T|G,23604_C|G,23854_C|A,23948_G|T,24424_A|T,24469_T|A,24872_G|T,24990_C|T,25000_C|T,25006_C|T,25207_C|T,25584_C|T,26060_C|T,26270_C|T,26529_G|C,26577_C|G,26610_A|G,26681_C|T,26709_G|A,26735_C|T,26833_C|T,26858_C|T,27259_A|C,27382_G|C,27383_A|T,27384_T|C,27807_C|T,27810_T|C,28271_A|T,28291_C|A,28311_C|T,28851_G|T,28881_G|A,28882_G|A,28883_G|C,28884_G|C,28958_C|A,29510_A|C,11288_11296,21633_21641,21765_21770,21992_21994,22194_22196,23009_23011,28362_28370,21608_.|TCATGCCGCTGT
USA/FL-CDC-LC1134268/2025	XEK	241_C|T,593_C|T,670_T|G,897_C|A,2790_C|T,3037_C|T,3431_G|T,3505_C|T,3565_T|C,4184_G|A,4321_C|T,5701_T|C,6183_A|G,7113_C|T,7842_A|G,8293_C|T,8393_G|A,9286_C|T,9344_C|T,9424_A|G,9534_C|T,10029_C|T,10198_C|T,10447_G|A,10449_C|A,10507_C|T,11042_G|T,11417_G|A,11727_G|A,12789_C|T,12815_C|T,12880_C|T,13339_T|C,14408_C|T,15714_C|T,15756_T|A,17410_C|T,18163_A|G,18492_A|G,18657_C|T,18894_C|T,19716_C|T,19955_C|T,20055_A|G,21618_C|T,21622_C|T,21624_G|C,21627_C|A,21711_C|T,21738_T|C,21941_G|T,21987_G|A,22032_T|C,22033_C|A,22034_A|G,22200_T|G,22208_C|T,22295_C|A,22353_C|A,22556_A|G,22577_G|C,22578_G|A,22629_A|C,22674_C|T,22679_T|C,22686_C|T,22688_A|G,22770_G|A,22775_G|A,22786_A|C,22813_G|T,22882_T|G,22895_G|C,22896_T|A,22898_G|A,22910_A|G,22916_C|T,22917_T|G,22926_T|C,22928_T|C,22942_T|A,22992_G|A,22995_C|A,23005_T|A,23012_G|A,23018_T|C,23019_T|C,23039_C|G,23055_A|G,23063_A|T,23075_T|C,23222_G|A,23271_C|T,23403_A|G,23423_C|T,23525_C|T,23599_T|G,23604_C|G,23854_C|A,23948_G|T,24034_C|T,24378_C|T,24424_A|T,24469_T|A,24872_G|T,24990_C|T,25000_C|T,25006_C|T,25207_C|T,25584_C|T,26060_C|T,26256_C|T,26270_C|T,26529_G|C,26577_C|G,26610_A|G,26681_C|T,26709_G|A,26833_C|T,26858_C|T,27259_A|C,27382_G|C,27383_A|T,27384_T|C,27807_C|T,27810_T|C,28271_A|T,28291_C|A,28311_C|T,28881_G|A,28882_G|A,28883_G|C,28884_G|C,28958_C|A,29510_A|C,11288_11296,21633_21641,21765_21770,21992_21994,22194_22196,23009_23011,28362_28370,29734_29759
USA/IL-CDC-2-8239993/2025	XEK	241_C|T,593_C|T,670_T|G,897_C|A,2790_C|T,3037_C|T,3431_G|T,3505_C|T,3565_T|C,3736_C|T,4184_G|A,4321_C|T,5701_T|C,5761_G|A,6183_A|G,6601_A|G,6606_C|T,7113_C|T,7842_A|G,8293_C|T,8393_G|A,9286_C|T,9344_C|T,9424_A|G,9534_C|T,10029_C|T,10198_C|T,10447_G|A,10449_C|A,10969_C|T,11042_G|T,11727_G|A,12789_C|T,12815_C|T,12880_C|T,13339_T|C,14408_C|T,15411_T|C,15714_C|T,15756_T|A,17410_C|T,18163_A|G,18492_A|G,18657_C|T,18894_C|T,19287_T|A,19716_C|T,19955_C|T,20055_A|G,21302_C|T,21304_C|A,21305_G|A,21618_C|T,21622_C|T,21624_G|C,21627_C|A,21711_C|T,21738_T|C,21941_G|T,21987_G|A,22032_T|C,22033_C|A,22034_A|G,22200_T|G,22208_C|T,22295_C|A,22353_C|A,22556_A|G,22577_G|C,22578_G|A,22629_A|C,22674_C|T,22679_T|C,22686_C|T,22688_A|G,22770_G|A,22775_G|A,22786_A|C,22813_G|T,22882_T|G,22895_G|C,22896_T|A,22898_G|A,22910_A|G,22916_C|T,22917_T|G,22926_T|C,22928_T|C,22942_T|A,22992_G|A,22995_C|A,23005_T|A,23012_G|A,23018_T|C,23019_T|C,23039_C|G,23055_A|G,23063_A|T,23075_T|C,23222_G|A,23271_C|T,23403_A|G,23423_C|T,23525_C|T,23599_T|G,23604_C|G,23854_C|A,23948_G|T,24378_C|T,24424_A|T,24469_T|A,24872_G|T,24990_C|T,25000_C|T,25006_C|T,25207_C|T,25584_C|T,26060_C|T,26270_C|T,26529_G|C,26577_C|G,26610_A|G,26681_C|T,26709_G|A,26833_C|T,26858_C|T,27259_A|C,27382_G|C,27383_A|T,27384_T|C,27807_C|T,27810_T|C,28271_A|T,28291_C|A,28297_T|C,28311_C|T,28881_G|A,28882_G|A,28883_G|C,28884_G|C,28958_C|A,29510_A|C,11288_11296,21633_21641,21765_21770,21992_21994,22194_22196,23009_23011,28362_28370,29734_29759,21608_.|TCATGCCGCTGT
USA/IL-CDC-2-8272104/2025	XEK	241_C|T,593_C|T,670_T|G,897_C|A,1883_G|A,2790_C|T,3037_C|T,3431_G|T,3505_C|T,3565_T|C,4184_G|A,4321_C|T,5701_T|C,5724_C|T,6183_A|G,7113_C|T,7728_C|T,7842_A|G,8293_C|T,8393_G|A,9286_C|T,9344_C|T,9424_A|G,9534_C|T,10029_C|T,10198_C|T,10447_G|A,10449_C|A,11042_G|T,11727_G|A,12789_C|T,12815_C|T,12880_C|T,13339_T|C,14408_C|T,15714_C|T,15756_T|A,17410_C|T,18163_A|G,18492_A|G,18657_C|T,18894_C|T,19716_C|T,19955_C|T,20055_A|G,21294_T|A,21295_G|A,21296_G|A,21618_C|T,21622_C|T,21624_G|C,21627_C|A,21711_C|T,21738_T|C,21941_G|T,21987_G|A,22032_T|C,22033_C|A,22034_A|G,22200_T|G,22208_C|T,22295_C|A,22353_C|A,22556_A|G,22577_G|C,22578_G|A,22629_A|C,22674_C|T,22679_T|C,22686_C|T,22688_A|G,22770_G|A,22775_G|A,22786_A|C,22813_G|T,22882_T|G,22895_G|C,22896_T|A,22898_G|A,22910_A|G,22916_C|T,22917_T|G,22926_T|C,22928_T|C,22942_T|A,22992_G|A,22995_C|A,23005_T|A,23012_G|A,23018_T|C,23019_T|C,23039_C|G,23055_A|G,23063_A|T,23075_T|C,23222_G|A,23271_C|T,23403_A|G,23423_C|T,23525_C|T,23599_T|G,23604_C|G,23854_C|A,23948_G|T,24378_C|T,24424_A|T,24469_T|A,24872_G|T,24990_C|T,25000_C|T,25006_C|T,25207_C|T,25584_C|T,26060_C|T,26270_C|T,26529_G|C,26577_C|G,26610_A|G,26681_C|T,26709_G|A,26833_C|T,26858_C|T,27259_A|C,27382_G|C,27383_A|T,27384_T|C,27434_C|T,27807_C|T,27810_T|C,28271_A|T,28291_C|A,28311_C|T,28744_C|T,28881_G|A,28882_G|A,28883_G|C,28884_G|C,28958_C|A,29510_A|C,11288_11296,21633_21641,21765_21770,21992_21994,22194_22196,23009_23011,28362_28370,29734_29759,21608_.|TCATGCCGCTGT
USA/IL-CDC-2-8381777/2025	XEK	241_C|T,593_C|T,670_T|G,829_C|T,897_C|A,2790_C|T,3037_C|T,3431_G|T,3505_C|T,3565_T|C,4184_G|A,4321_C|T,5701_T|C,6183_A|G,6402_C|T,7113_C|T,7842_A|G,8293_C|T,8393_G|A,9286_C|T,9344_C|T,9424_A|G,9534_C|T,10029_C|T,10198_C|T,10447_G|A,10449_C|A,11042_G|T,11727_G|A,12789_C|T,12815_C|T,12880_C|T,13339_T|C,14408_C|T,15714_C|T,15756_T|A,17410_C|T,18163_A|G,18492_A|G,18657_C|T,18894_C|T,19716_C|T,19955_C|T,20055_A|G,21618_C|T,21622_C|T,21624_G|C,21627_C|A,21711_C|T,21738_T|C,21742_C|T,21941_G|T,21987_G|A,22032_T|C,22033_C|A,22034_A|G,22200_T|G,22208_C|T,22295_C|A,22353_C|A,22556_A|G,22577_G|C,22578_G|A,22629_A|C,22674_C|T,22679_T|C,22686_C|T,22688_A|G,22770_G|A,22775_G|A,22786_A|C,22813_G|T,22882_T|G,22895_G|C,22896_T|A,22898_G|A,22910_A|G,22916_C|T,22917_T|G,22926_T|C,22928_T|C,22942_T|A,22992_G|A,22995_C|A,23005_T|A,23012_G|A,23018_T|C,23019_T|C,23039_C|G,23055_A|G,23063_A|T,23075_T|C,23222_G|A,23271_C|T,23403_A|G,23423_C|T,23525_C|T,23599_T|G,23604_C|G,23854_C|A,23948_G|T,24378_C|T,24424_A|T,24469_T|A,24872_G|T,24990_C|T,25000_C|T,25006_C|T,25207_C|T,25584_C|T,26060_C|T,26270_C|T,26529_G|C,26577_C|G,26610_A|G,26681_C|T,26709_G|A,26833_C|T,26858_C|T,27259_A|C,27382_G|C,27383_A|T,27384_T|C,27807_C|T,27810_T|C,28271_A|T,28291_C|A,28311_C|T,28864_A|T,28871_G|A,28881_G|A,28882_G|A,28883_G|C,28884_G|C,28958_C|A,29510_A|C,509_523,11288_11296,21633_21641,21765_21770,21992_21994,22194_22196,23009_23011,28362_28370,29734_29759,21608_.|TCATGCCGCTGT
USA/IL-CDC-2-8398248/2025	XEK	241_C|T,593_C|T,670_T|G,897_C|A,1535_G|A,2790_C|T,3037_C|T,3431_G|T,3505_C|T,3565_T|C,4184_G|A,4321_C|T,5701_T|C,6183_A|G,7113_C|T,7842_A|G,8293_C|T,8393_G|A,9286_C|T,9344_C|T,9424_A|G,9534_C|T,10029_C|T,10198_C|T,10447_G|A,10449_C|A,11042_G|T,11727_G|A,12755_A|G,12815_C|T,12880_C|T,13339_T|C,13458_C|T,14408_C|T,15714_C|T,15756_T|A,17410_C|T,18163_A|G,18492_A|G,18657_C|T,18894_C|T,19716_C|T,19955_C|T,20055_A|G,20759_C|T,21618_C|T,21622_C|T,21624_G|C,21627_C|A,21711_C|T,21738_T|C,21941_G|T,21987_G|A,22032_T|C,22033_C|A,22034_A|G,22200_T|G,22208_C|T,22295_C|A,22353_C|A,22556_A|G,22577_G|C,22578_G|A,22629_A|C,22674_C|T,22679_T|C,22686_C|T,22688_A|G,22770_G|A,22775_G|A,22786_A|C,22813_G|T,22882_T|G,22895_G|C,22896_T|A,22898_G|A,22910_A|G,22916_C|T,22917_T|G,22926_T|C,22928_T|C,22942_T|A,22992_G|A,22995_C|A,23005_T|A,23012_G|A,23018_T|C,23019_T|C,23039_C|G,23055_A|G,23063_A|T,23075_T|C,23222_G|A,23271_C|T,23403_A|G,23423_C|T,23525_C|T,23599_T|G,23604_C|G,23854_C|A,23948_G|T,24378_C|T,24424_A|T,24469_T|A,24872_G|T,24990_C|T,25000_C|T,25006_C|T,25207_C|T,25584_C|T,26060_C|T,26270_C|T,26529_G|C,26577_C|G,26610_A|G,26681_C|T,26709_G|A,26833_C|T,26858_C|T,27259_A|C,27382_G|C,27383_A|T,27384_T|C,27807_C|T,27810_T|C,28271_A|T,28291_C|A,28311_C|T,28729_T|C,28881_G|A,28882_G|A,28883_G|C,28884_G|C,28958_C|A,29510_A|C,11288_11296,21633_21641,21765_21770,21992_21994,22194_22196,23009_23011,28362_28370,21608_.|TCATGCCGCTGT
USA/IL-CDC-LC1126280/2024	XEK	241_C|T,593_C|T,670_T|G,897_C|A,1722_C|T,2790_C|T,3037_C|T,3431_G|T,3505_C|T,3565_T|C,4184_G|A,4321_C|T,5701_T|C,6183_A|G,6943_G|A,7113_C|T,7842_A|G,8025_C|T,8293_C|T,8393_G|A,9286_C|T,9344_C|T,9424_A|G,9534_C|T,9929_G|A,10029_C|T,10198_C|T,10447_G|A,10449_C|A,11042_G|T,11727_G|A,12789_C|T,12815_C|T,12880_C|T,13339_T|C,14408_C|T,15714_C|T,15756_T|A,17410_C|T,18163_A|G,18492_A|G,18657_C|T,18894_C|T,19716_C|T,19955_C|T,20055_A|G,21618_C|T,21622_C|T,21624_G|C,21627_C|A,21711_C|T,21738_T|C,21941_G|T,21987_G|A,22032_T|C,22033_C|A,22034_A|G,22200_T|G,22208_C|T,22295_C|A,22353_C|A,22556_A|G,22577_G|C,22578_G|A,22629_A|C,22674_C|T,22679_T|C,22686_C|T,22688_A|G,22770_G|A,22775_G|A,22786_A|C,22813_G|T,22882_T|G,22895_G|C,22896_T|A,22898_G|A,22910_A|G,22916_C|T,22917_T|G,22926_T|C,22928_T|C,22942_T|A,22992_G|A,22995_C|A,23005_T|A,23012_G|A,23018_T|C,23019_T|C,23039_C|G,23055_A|G,23063_A|T,23075_T|C,23222_G|A,23271_C|T,23403_A|G,23423_C|T,23525_C|T,23599_T|G,23604_C|G,23854_C|A,23948_G|T,24378_C|T,24424_A|T,24469_T|A,24872_G|T,24990_C|T,25000_C|T,25006_C|T,25207_C|T,25584_C|T,26029_C|A,26060_C|T,26270_C|T,26529_G|C,26577_C|G,26610_A|G,26681_C|T,26709_G|A,26833_C|T,26858_C|T,27259_A|C,27382_G|C,27383_A|T,27384_T|C,27807_C|T,27810_T|C,28271_A|T,28291_C|A,28311_C|T,28881_G|A,28882_G|A,28883_G|C,28884_G|C,28958_C|A,29510_A|C,11288_11296,21633_21641,21765_21770,21992_21994,22194_22196,23009_23011,28362_28370,29734_29759,21608_.|TCATGCCGCTGT
USA/IL-CDC-LC1126286/2024	XEK	241_C|T,593_C|T,670_T|G,897_C|A,1722_C|T,2790_C|T,3037_C|T,3431_G|T,3505_C|T,3565_T|C,4184_G|A,4321_C|T,5701_T|C,6183_A|G,6943_G|A,7113_C|T,7842_A|G,8025_C|T,8293_C|T,8393_G|A,9286_C|T,9344_C|T,9424_A|G,9534_C|T,9929_G|A,10029_C|T,10198_C|T,10447_G|A,10449_C|A,11042_G|T,11727_G|A,12789_C|T,12815_C|T,12880_C|T,13339_T|C,14408_C|T,15714_C|T,15756_T|A,17410_C|T,18163_A|G,18492_A|G,18657_C|T,18894_C|T,19716_C|T,19955_C|T,20055_A|G,21618_C|T,21622_C|T,21624_G|C,21627_C|A,21711_C|T,21738_T|C,21941_G|T,21987_G|A,22032_T|C,22033_C|A,22034_A|G,22200_T|G,22208_C|T,22295_C|A,22353_C|A,22556_A|G,22577_G|C,22578_G|A,22629_A|C,22674_C|T,22679_T|C,22686_C|T,22688_A|G,22770_G|A,22775_G|A,22786_A|C,22813_G|T,22882_T|G,22895_G|C,22896_T|A,22898_G|A,22910_A|G,22916_C|T,22917_T|G,22926_T|C,22928_T|C,22942_T|A,22992_G|A,22995_C|A,23005_T|A,23012_G|A,23018_T|C,23019_T|C,23039_C|G,23055_A|G,23063_A|T,23075_T|C,23222_G|A,23271_C|T,23403_A|G,23423_C|T,23525_C|T,23599_T|G,23604_C|G,23854_C|A,23948_G|T,24378_C|T,24424_A|T,24469_T|A,24872_G|T,24990_C|T,25000_C|T,25006_C|T,25207_C|T,25584_C|T,26029_C|A,26060_C|T,26270_C|T,26529_G|C,26577_C|G,26610_A|G,26681_C|T,26709_G|A,26833_C|T,26858_C|T,27259_A|C,27382_G|C,27383_A|T,27384_T|C,27807_C|T,27810_T|C,28271_A|T,28291_C|A,28311_C|T,28881_G|A,28882_G|A,28883_G|C,28884_G|C,28958_C|A,29510_A|C,11288_11296,21633_21641,21765_21770,21992_21994,22194_22196,23009_23011,28362_28370,29734_29759,21608_.|TCATGCCGCTGT
USA/IL-CDC-LC1134516/2025	XEK	241_C|T,248_G|T,593_C|T,670_T|G,897_C|A,2790_C|T,3037_C|T,3431_G|T,3505_C|T,3565_T|C,3736_C|T,4184_G|A,4321_C|T,5701_T|C,5761_G|A,5920_T|C,6183_A|G,6601_A|G,6781_C|T,7113_C|T,7842_A|G,8293_C|T,8393_G|A,9286_C|T,9344_C|T,9424_A|G,9534_C|T,10029_C|T,10198_C|T,10447_G|A,10449_C|A,10969_C|T,11042_G|T,11727_G|A,12789_C|T,12815_C|T,12880_C|T,13339_T|C,14408_C|T,15714_C|T,15756_T|A,17410_C|T,18163_A|G,18492_A|G,18657_C|T,18894_C|T,19287_T|A,19716_C|T,19955_C|T,20055_A|G,20262_A|G,21302_C|T,21304_C|A,21305_G|A,21618_C|T,21622_C|T,21624_G|C,21627_C|A,21711_C|T,21738_T|C,21941_G|T,21987_G|A,22032_T|C,22033_C|A,22034_A|G,22200_T|G,22208_C|T,22295_C|A,22353_C|A,22556_A|G,22577_G|C,22578_G|A,22629_A|C,22674_C|T,22679_T|C,22686_C|T,22688_A|G,22770_G|A,22775_G|A,22786_A|C,22813_G|T,22882_T|G,22895_G|C,22896_T|A,22898_G|A,22910_A|G,22916_C|T,22917_T|G,22926_T|C,22928_T|C,22942_T|A,22992_G|A,22995_C|A,23005_T|A,23012_G|A,23018_T|C,23019_T|C,23039_C|G,23055_A|G,23063_A|T,23075_T|C,23222_G|A,23271_C|T,23403_A|G,23423_C|T,23525_C|T,23599_T|G,23604_C|G,23854_C|A,23948_G|T,24378_C|T,24424_A|T,24469_T|A,24872_G|T,24990_C|T,25000_C|T,25006_C|T,25207_C|T,25584_C|T,26060_C|T,26270_C|T,26529_G|C,26577_C|G,26610_A|G,26681_C|T,26709_G|A,26833_C|T,26858_C|T,27259_A|C,27382_G|C,27383_A|T,27384_T|C,27807_C|T,27810_T|C,28271_A|T,28291_C|A,28311_C|T,28881_G|A,28882_G|A,28883_G|C,28884_G|C,28958_C|A,29510_A|C,11288_11296,21633_21641,21765_21770,21992_21994,22194_22196,23009_23011,28362_28370,29734_29759,21608_.|TCATGCCGCTGT
USA/IL-RIPHL_123663_G/2024	XEK	21_C|T,44_C|T,241_C|T,593_C|T,670_T|G,897_C|A,1102_C|T,1714_C|T,2790_C|T,3037_C|T,3431_G|T,3505_C|T,3565_T|C,4184_G|A,4321_C|T,5144_C|T,5701_T|C,6077_G|T,6183_A|G,7113_C|T,7842_A|G,8293_C|T,8393_G|A,9286_C|T,9344_C|T,9424_A|G,9534_C|T,10029_C|T,10198_C|T,10447_G|A,10449_C|A,11042_G|T,11727_G|A,11983_A|T,12789_C|T,12815_C|T,12880_C|T,13339_T|C,13427_G|A,14408_C|T,15714_C|T,15756_T|A,17410_C|T,18163_A|G,18492_A|G,18657_C|T,18894_C|T,19716_C|T,19955_C|T,20055_A|G,21618_C|T,21622_C|T,21624_G|C,21627_C|A,21711_C|T,21738_T|C,21941_G|T,21987_G|A,22032_T|C,22033_C|A,22034_A|G,22200_T|G,22208_C|T,22295_C|A,22353_C|A,22556_A|G,22577_G|C,22578_G|A,22629_A|C,22674_C|T,22679_T|C,22686_C|T,22688_A|G,22770_G|A,22775_G|A,22786_A|C,22813_G|T,22882_T|G,22895_G|C,22896_T|A,22898_G|A,22910_A|G,22916_C|T,22917_T|G,22926_T|C,22928_T|C,22942_T|A,22992_G|A,22995_C|A,23005_T|A,23012_G|A,23018_T|C,23019_T|C,23039_C|G,23055_A|G,23063_A|T,23075_T|C,23222_G|A,23271_C|T,23403_A|G,23423_C|T,23525_C|T,23599_T|G,23604_C|G,23854_C|A,23948_G|T,24378_C|T,24424_A|T,24469_T|A,24872_G|T,24990_C|T,25000_C|T,25006_C|T,25207_C|T,25584_C|T,26060_C|T,26270_C|T,26529_G|C,26577_C|G,26610_A|G,26681_C|T,26709_G|A,26735_C|T,26833_C|T,26858_C|T,27259_A|C,27382_G|C,27383_A|T,27384_T|C,27807_C|T,27810_T|C,28271_A|T,28291_C|A,28311_C|T,28851_G|T,28881_G|A,28882_G|A,28883_G|C,28884_G|C,28958_C|A,29510_A|C,11288_11296,21633_21641,21765_21770,21992_21994,22194_22196,23009_23011,28362_28370,29734_29759,21608_.|TCATGCCGCTGT
USA/IL-RIPHL_22213_G/2024	XEK	21_C|T,44_C|T,241_C|T,593_C|T,670_T|G,897_C|A,1722_C|T,2790_C|T,3037_C|T,3431_G|T,3505_C|T,3565_T|C,4184_G|A,4321_C|T,5701_T|C,6183_A|G,6943_G|A,7113_C|T,7842_A|G,8293_C|T,8393_G|A,9286_C|T,9344_C|T,9424_A|G,9534_C|T,9929_G|A,10029_C|T,10198_C|T,10447_G|A,10449_C|A,11042_G|T,11727_G|A,12789_C|T,12815_C|T,12880_C|T,13339_T|C,14408_C|T,15714_C|T,15756_T|A,17410_C|T,18163_A|G,18492_A|G,18657_C|T,18894_C|T,19716_C|T,19955_C|T,20055_A|G,21618_C|T,21622_C|T,21624_G|C,21627_C|A,21711_C|T,21738_T|C,21941_G|T,21987_G|A,22032_T|C,22033_C|A,22034_A|G,22200_T|G,22208_C|T,22295_C|A,22353_C|A,22556_A|G,22577_G|C,22578_G|A,22629_A|C,22674_C|T,22679_T|C,22686_C|T,22688_A|G,22770_G|A,22775_G|A,22786_A|C,22813_G|T,22882_T|G,22895_G|C,22896_T|A,22898_G|A,22910_A|G,22916_C|T,22917_T|G,22926_T|C,22928_T|C,22942_T|A,22992_G|A,22995_C|A,23005_T|A,23012_G|A,23018_T|C,23019_T|C,23039_C|G,23055_A|G,23063_A|T,23075_T|C,23222_G|A,23271_C|T,23403_A|G,23423_C|T,23525_C|T,23599_T|G,23604_C|G,23854_C|A,23948_G|T,24378_C|T,24424_A|T,24469_T|A,24872_G|T,24990_C|T,25000_C|T,25006_C|T,25207_C|T,25584_C|T,25919_C|T,26029_C|A,26060_C|T,26270_C|T,26529_G|C,26577_C|G,26610_A|G,26681_C|T,26709_G|A,26833_C|T,26858_C|T,27259_A|C,27382_G|C,27383_A|T,27384_T|C,27807_C|T,27810_T|C,28271_A|T,28291_C|A,28311_C|T,28435_C|T,28875_G|A,28881_G|A,28882_G|A,28883_G|C,28884_G|C,28958_C|A,29510_A|C,11288_11296,21633_21641,21765_21770,21992_21994,22194_22196,23009_23011,28362_28370,29734_29759,21608_.|TCATGCCGCTGT
USA/IL-RIPHL_81519_G/2024	XEK	44_C|T,241_C|T,593_C|T,670_T|G,897_C|A,1722_C|T,2790_C|T,3037_C|T,3431_G|T,3505_C|T,3565_T|C,4184_G|A,4321_C|T,5701_T|C,6183_A|G,6943_G|A,7113_C|T,7842_A|G,8293_C|T,8393_G|A,9286_C|T,9344_C|T,9424_A|G,9534_C|T,9929_G|A,10029_C|T,10198_C|T,10447_G|A,10449_C|A,11042_G|T,11727_G|A,12789_C|T,12815_C|T,12880_C|T,13339_T|C,13427_G|A,14408_C|T,15714_C|T,15756_T|A,17410_C|T,18163_A|G,18492_A|G,18657_C|T,18894_C|T,19716_C|T,19955_C|T,20055_A|G,21618_C|T,21622_C|T,21624_G|C,21627_C|A,21711_C|T,21738_T|C,21941_G|T,21987_G|A,22032_T|C,22033_C|A,22034_A|G,22200_T|G,22208_C|T,22295_C|A,22353_C|A,22556_A|G,22577_G|C,22578_G|A,22629_A|C,22674_C|T,22679_T|C,22686_C|T,22688_A|G,22770_G|A,22775_G|A,22786_A|C,22813_G|T,22882_T|G,22895_G|C,22896_T|A,22898_G|A,22910_A|G,22916_C|T,22917_T|G,22926_T|C,22928_T|C,22942_T|A,22992_G|A,22995_C|A,23005_T|A,23012_G|A,23018_T|C,23019_T|C,23039_C|G,23055_A|G,23063_A|T,23075_T|C,23222_G|A,23271_C|T,23403_A|G,23423_C|T,23525_C|T,23599_T|G,23604_C|G,23854_C|A,23948_G|T,24378_C|T,24424_A|T,24469_T|A,24872_G|T,24990_C|T,25000_C|T,25006_C|T,25207_C|T,25584_C|T,26060_C|T,26270_C|T,26529_G|C,26577_C|G,26610_A|G,26681_C|T,26709_G|A,26833_C|T,26858_C|T,27259_A|C,27382_G|C,27383_A|T,27384_T|C,27807_C|T,27810_T|C,28028_G|T,28271_A|T,28291_C|A,28311_C|T,28881_G|A,28882_G|A,28883_G|C,28884_G|C,28958_C|A,29510_A|C,11288_11296,21633_21641,21765_21770,21992_21994,22194_22196,23009_23011,28362_28370,29734_29759,21608_.|TCATGCCGCTGT
USA/IN-CDC-LC1128362/2025	XEK	241_C|T,593_C|T,670_T|G,897_C|A,1535_G|A,2790_C|T,3037_C|T,3431_G|T,3505_C|T,3565_T|C,4184_G|A,4258_T|C,4321_C|T,5701_T|C,6183_A|G,7113_C|T,7842_A|G,8293_C|T,8393_G|A,9286_C|T,9344_C|T,9424_A|G,9534_C|T,10029_C|T,10198_C|T,10447_G|A,10449_C|A,11042_G|T,11727_G|A,12755_A|G,12815_C|T,12880_C|T,13339_T|C,14408_C|T,15714_C|T,15756_T|A,17410_C|T,18163_A|G,18492_A|G,18657_C|T,18894_C|T,19955_C|T,20055_A|G,20759_C|T,21618_C|T,21622_C|T,21624_G|C,21627_C|A,21711_C|T,21738_T|C,21941_G|T,21987_G|A,22032_T|C,22033_C|A,22034_A|G,22200_T|G,22208_C|T,22295_C|A,22353_C|A,22556_A|G,22577_G|C,22578_G|A,22629_A|C,22674_C|T,22679_T|C,22686_C|T,22688_A|G,22770_G|A,22775_G|A,22786_A|C,22813_G|T,22882_T|G,22895_G|C,22896_T|A,22898_G|A,22910_A|G,22916_C|T,22917_T|G,22926_T|C,22928_T|C,22942_T|A,22992_G|A,22995_C|A,23005_T|A,23012_G|A,23018_T|C,23019_T|C,23039_C|G,23055_A|G,23063_A|T,23075_T|C,23222_G|A,23271_C|T,23403_A|G,23423_C|T,23525_C|T,23599_T|G,23604_C|G,23854_C|A,23948_G|T,24378_C|T,24424_A|T,24469_T|A,24872_G|T,24990_C|T,25000_C|T,25006_C|T,25207_C|T,25584_C|T,26060_C|T,26270_C|T,26529_G|C,26577_C|G,26610_A|G,26681_C|T,26709_G|A,26833_C|T,26858_C|T,27259_A|C,27382_G|C,27383_A|T,27384_T|C,27807_C|T,27810_T|C,28271_A|T,28291_C|A,28311_C|T,28881_G|A,28882_G|A,28883_G|C,28884_G|C,28958_C|A,29510_A|C,29774_C|T,11288_11296,21633_21641,21765_21770,21992_21994,22194_22196,23009_23011,28362_28370,29734_29759,21608_.|TCATGCCGCTGT
USA/IVY-G25X84P1/2024	XEK	241_C|T,593_C|T,670_T|G,884_C|T,897_C|A,1883_G|A,2790_C|T,3037_C|T,3359_T|C,3431_G|T,3505_C|T,3565_T|C,4184_G|A,4321_C|T,5701_T|C,6183_A|G,7113_C|T,7842_A|G,8293_C|T,8393_G|A,9286_C|T,9344_C|T,9424_A|G,9534_C|T,10029_C|T,10198_C|T,10447_G|A,10449_C|A,11042_G|T,11727_G|A,12789_C|T,12815_C|T,12880_C|T,13339_T|C,14408_C|T,15714_C|T,15756_T|A,17410_C|T,18163_A|G,18492_A|G,18657_C|T,18894_C|T,19716_C|T,19955_C|T,20055_A|G,21057_C|T,21618_C|T,21622_C|T,21624_G|C,21627_C|A,21711_C|T,21738_T|C,21941_G|T,21987_G|A,22032_T|C,22033_C|A,22034_A|G,22200_T|G,22208_C|T,22295_C|A,22353_C|A,22556_A|G,22577_G|C,22578_G|A,22629_A|C,22674_C|T,22679_T|C,22686_C|T,22688_A|G,22770_G|A,22775_G|A,22786_A|C,22813_G|T,22882_T|G,22895_G|C,22896_T|A,22898_G|A,22910_A|G,22916_C|T,22917_T|G,22926_T|C,22928_T|C,22942_T|A,22992_G|A,22995_C|A,23005_T|A,23012_G|A,23018_T|C,23019_T|C,23039_C|G,23055_A|G,23063_A|T,23075_T|C,23222_G|A,23271_C|T,23403_A|G,23423_C|T,23525_C|T,23599_T|G,23604_C|G,23854_C|A,23948_G|T,24378_C|T,24424_A|T,24469_T|A,24872_G|T,24990_C|T,25000_C|T,25006_C|T,25207_C|T,25584_C|T,26060_C|T,26270_C|T,26529_G|C,26577_C|G,26610_A|G,26681_C|T,26709_G|A,26833_C|T,26858_C|T,27259_A|C,27382_G|C,27383_A|T,27384_T|C,27807_C|T,27810_T|C,28271_A|T,28291_C|A,28311_C|T,28744_C|T,28881_G|A,28882_G|A,28883_G|C,28884_G|C,28958_C|A,29510_A|C,11288_11296,21633_21641,21765_21770,21992_21994,22194_22196,23009_23011,27987_27988,28362_28370,29734_29759,21608_.|TCATGCCGCTGT
USA/IVY-G25X94X1/2024	XEK	241_C|T,593_C|T,670_T|G,897_C|A,2790_C|T,3037_C|T,3431_G|T,3505_C|T,3565_T|C,4184_G|A,4321_C|T,5701_T|C,6183_A|G,7113_C|T,7842_A|G,8293_C|T,8393_G|A,9286_C|T,9344_C|T,9424_A|G,9534_C|T,10029_C|T,10198_C|T,10447_G|A,10449_C|A,11042_G|T,11727_G|A,12789_C|T,12815_C|T,12880_C|T,13114_T|C,13339_T|C,14408_C|T,15714_C|T,15756_T|A,17410_C|T,18163_A|G,18492_A|G,18657_C|T,18894_C|T,19716_C|T,19955_C|T,20055_A|G,21618_C|T,21622_C|T,21624_G|C,21627_C|A,21711_C|T,21738_T|C,21941_G|T,21987_G|A,22032_T|C,22033_C|A,22034_A|G,22200_T|G,22208_C|T,22295_C|A,22353_C|A,22556_A|G,22577_G|C,22578_G|A,22629_A|C,22674_C|T,22679_T|C,22686_C|T,22688_A|G,22770_G|A,22775_G|A,22786_A|C,22813_G|T,22882_T|G,22895_G|C,22896_T|A,22898_G|A,22910_A|G,22916_C|T,22917_T|G,22926_T|C,22928_T|C,22942_T|A,22992_G|A,22995_C|A,23005_T|A,23012_G|A,23018_T|C,23019_T|C,23039_C|G,23055_A|G,23063_A|T,23075_T|C,23222_G|A,23271_C|T,23403_A|G,23423_C|T,23525_C|T,23599_T|G,23604_C|G,23854_C|A,23948_G|T,24378_C|T,24424_A|T,24469_T|A,24872_G|T,24990_C|T,25000_C|T,25006_C|T,25207_C|T,25584_C|T,26060_C|T,26270_C|T,26529_G|C,26577_C|G,26610_A|G,26681_C|T,26709_G|A,26833_C|T,26858_C|T,27259_A|C,27382_G|C,27383_A|T,27384_T|C,27630_C|T,27807_C|T,27810_T|C,28271_A|T,28291_C|A,28311_C|T,28881_G|A,28882_G|A,28883_G|C,28884_G|C,28958_C|A,29510_A|C,11288_11296,21633_21641,21765_21770,21992_21994,22194_22196,23009_23011,28362_28370,29734_29759,21608_.|TCATGCCGCTGT
USA/IVY-G25X97F4/2024	XEK	241_C|T,593_C|T,670_T|G,897_C|A,2334_C|T,2790_C|T,3004_G|A,3037_C|T,3431_G|T,3505_C|T,3565_T|C,4184_G|A,4288_G|A,4321_C|T,5701_T|C,5892_C|T,6183_A|G,7113_C|T,7842_A|G,8293_C|T,8393_G|A,9286_C|T,9344_C|T,9424_A|G,9534_C|T,10029_C|T,10198_C|T,10447_G|A,10449_C|A,11042_G|T,11727_G|A,12463_A|G,12789_C|T,12815_C|T,12880_C|T,13339_T|C,13421_C|T,14408_C|T,15714_C|T,15756_T|A,17410_C|T,18163_A|G,18492_A|G,18657_C|T,18894_C|T,19716_C|T,19955_C|T,20055_A|G,21618_C|T,21622_C|T,21624_G|C,21627_C|A,21711_C|T,21738_T|C,21941_G|T,21987_G|A,22032_T|C,22033_C|A,22034_A|G,22049_G|T,22200_T|G,22208_C|T,22295_C|A,22353_C|A,22556_A|G,22577_G|C,22578_G|A,22629_A|C,22674_C|T,22679_T|C,22686_C|T,22688_A|G,22770_G|A,22775_G|A,22786_A|C,22813_G|T,22882_T|G,22895_G|C,22896_T|A,22898_G|A,22910_A|G,22916_C|T,22917_T|G,22926_T|C,22928_T|C,22942_T|A,22992_G|A,22995_C|A,23005_T|A,23012_G|A,23018_T|C,23019_T|C,23039_C|G,23055_A|G,23063_A|T,23075_T|C,23222_G|A,23271_C|T,23403_A|G,23423_C|T,23525_C|T,23599_T|G,23604_C|G,23854_C|A,23948_G|T,24378_C|T,24424_A|T,24469_T|A,24872_G|T,24990_C|T,25000_C|T,25006_C|T,25207_C|T,25281_G|T,25584_C|T,26060_C|T,26270_C|T,26529_G|C,26577_C|G,26610_A|G,26681_C|T,26709_G|A,26833_C|T,26858_C|T,27259_A|C,27382_G|C,27383_A|T,27384_T|C,27807_C|T,27810_T|C,28271_A|T,28291_C|A,28311_C|T,28881_G|A,28882_G|A,28883_G|C,28884_G|C,28958_C|A,29000_G|A,29510_A|C,11288_11296,21633_21641,21765_21770,21992_21994,22194_22196,23009_23011,28362_28370,29734_29759,21608_.|TCATGCCGCTGT
USA/IVY-G25Y68V9/2025	XEK	241_C|T,593_C|T,670_T|G,897_C|A,2790_C|T,3037_C|T,3431_G|T,3505_C|T,3565_T|C,4184_G|A,4321_C|T,5701_T|C,6183_A|G,7113_C|T,7842_A|G,8293_C|T,8393_G|A,9286_C|T,9344_C|T,9424_A|G,9534_C|T,10029_C|T,10198_C|T,10447_G|A,10449_C|A,11042_G|T,11727_G|A,12789_C|T,12815_C|T,12880_C|T,13114_T|C,13339_T|C,14408_C|T,15714_C|T,15756_T|A,16428_C|T,17410_C|T,18163_A|G,18492_A|G,18657_C|T,18894_C|T,19716_C|T,19955_C|T,20055_A|G,21618_C|T,21622_C|T,21624_G|C,21627_C|A,21711_C|T,21738_T|C,21941_G|T,21987_G|A,22032_T|C,22033_C|A,22034_A|G,22200_T|G,22208_C|T,22295_C|A,22353_C|A,22556_A|G,22577_G|C,22578_G|A,22629_A|C,22674_C|T,22679_T|C,22686_C|T,22688_A|G,22770_G|A,22775_G|A,22786_A|C,22813_G|T,22882_T|G,22895_G|C,22896_T|A,22898_G|A,22910_A|G,22916_C|T,22917_T|G,22926_T|C,22928_T|C,22942_T|A,22992_G|A,22995_C|A,23005_T|A,23012_G|A,23018_T|C,23019_T|C,23039_C|G,23055_A|G,23063_A|T,23075_T|C,23222_G|A,23271_C|T,23403_A|G,23423_C|T,23525_C|T,23599_T|G,23604_C|G,23854_C|A,23948_G|T,24378_C|T,24424_A|T,24469_T|A,24872_G|T,24990_C|T,25000_C|T,25006_C|T,25207_C|T,25584_C|T,26060_C|T,26270_C|T,26529_G|C,26577_C|G,26610_A|G,26681_C|T,26709_G|A,26833_C|T,26858_C|T,27259_A|C,27382_G|C,27383_A|T,27384_T|C,27630_C|T,27807_C|T,27810_T|C,28271_A|T,28291_C|A,28311_C|T,28881_G|A,28882_G|A,28883_G|C,28884_G|C,28958_C|A,29510_A|C,11288_11296,21633_21641,21765_21770,21992_21994,22194_22196,23009_23011,28362_28370,29734_29759,21608_.|TCATGCCGCTGT
USA/LA-CDC-2-8366151/2025	XEK	241_C|T,593_C|T,670_T|G,897_C|A,2790_C|T,3037_C|T,3431_G|T,3505_C|T,3565_T|C,4184_G|A,4321_C|T,5701_T|C,6183_A|G,7113_C|T,7842_A|G,8293_C|T,8393_G|A,9286_C|T,9344_C|T,9424_A|G,9534_C|T,10029_C|T,10198_C|T,10375_A|G,10447_G|A,10449_C|A,11042_G|T,11727_G|A,12244_T|C,12789_C|T,12815_C|T,12880_C|T,13339_T|C,14408_C|T,15714_C|T,15756_T|A,17410_C|T,18163_A|G,18492_A|G,18657_C|T,18894_C|T,19716_C|T,19955_C|T,20055_A|G,21618_C|T,21622_C|T,21624_G|C,21627_C|A,21711_C|T,21738_T|C,21928_C|T,21941_G|T,21987_G|A,22032_T|C,22033_C|A,22034_A|G,22200_T|G,22208_C|T,22295_C|A,22353_C|A,22556_A|G,22577_G|C,22578_G|A,22629_A|C,22674_C|T,22679_T|C,22686_C|T,22688_A|G,22770_G|A,22775_G|A,22786_A|C,22813_G|T,22882_T|G,22895_G|C,22896_T|A,22898_G|A,22910_A|G,22916_C|T,22917_T|G,22926_T|C,22928_T|C,22942_T|A,22992_G|A,22995_C|A,23005_T|A,23012_G|A,23018_T|C,23019_T|C,23039_C|G,23055_A|G,23063_A|T,23075_T|C,23222_G|A,23271_C|T,23403_A|G,23423_C|T,23525_C|T,23599_T|G,23604_C|G,23854_C|A,23948_G|T,24378_C|T,24424_A|T,24469_T|A,24872_G|T,24990_C|T,25000_C|T,25006_C|T,25126_G|T,25207_C|T,25584_C|T,26060_C|T,26270_C|T,26529_G|C,26577_C|G,26610_A|G,26681_C|T,26709_G|A,26833_C|T,26858_C|T,27259_A|C,27382_G|C,27383_A|T,27384_T|C,27807_C|T,27810_T|C,28271_A|T,28291_C|A,28311_C|T,28881_G|A,28882_G|A,28883_G|C,28884_G|C,28958_C|A,29510_A|C,11288_11296,21633_21641,21765_21770,21992_21994,22194_22196,23009_23011,28362_28370,29734_29759,21608_.|TCATACCGCTGT
USA/MA-MASPHL-13028/2024	XEK	241_C|T,593_C|T,670_T|G,897_C|A,2790_C|T,3037_C|T,3431_G|T,3505_C|T,3565_T|C,3606_G|T,4184_G|A,4321_C|T,5701_T|C,6183_A|G,7113_C|T,7842_A|G,8293_C|T,8393_G|A,9286_C|T,9344_C|T,9424_A|G,9534_C|T,10029_C|T,10198_C|T,10447_G|A,10449_C|A,11042_G|T,11727_G|A,12789_C|T,12815_C|T,12880_C|T,13339_T|C,14408_C|T,15714_C|T,15756_T|A,17410_C|T,17463_C|T,18163_A|G,18492_A|G,18657_C|T,18894_C|T,19620_G|A,19716_C|T,19955_C|T,20055_A|G,21618_C|T,21622_C|T,21624_G|C,21627_C|A,21711_C|T,21738_T|C,21941_G|T,21987_G|A,22032_T|C,22033_C|A,22034_A|G,22200_T|G,22208_C|T,22295_C|A,22353_C|A,22556_A|G,22577_G|C,22578_G|A,22629_A|C,22674_C|T,22679_T|C,22686_C|T,22688_A|G,22770_G|A,22775_G|A,22786_A|C,22813_G|T,22882_T|G,22895_G|C,22896_T|A,22898_G|A,22910_A|G,22916_C|T,22917_T|G,22926_T|C,22928_T|C,22942_T|A,22992_G|A,22995_C|A,23005_T|A,23012_G|A,23018_T|C,23019_T|C,23039_C|G,23055_A|G,23063_A|T,23075_T|C,23222_G|A,23271_C|T,23403_A|G,23423_C|T,23525_C|T,23599_T|G,23604_C|G,23854_C|A,23948_G|T,24378_C|T,24424_A|T,24469_T|A,24872_G|T,24990_C|T,25000_C|T,25006_C|T,25207_C|T,25276_C|T,25584_C|T,25667_C|T,26060_C|T,26270_C|T,26529_G|C,26577_C|G,26610_A|G,26681_C|T,26709_G|A,26833_C|T,26858_C|T,27259_A|C,27382_G|C,27383_A|T,27384_T|C,27807_C|T,27810_T|C,28271_A|T,28291_C|A,28311_C|T,28881_G|A,28882_G|A,28883_G|C,28884_G|C,28958_C|A,29405_G|C,29510_A|C,11288_11296,21633_21641,21765_21770,21992_21994,22194_22196,23009_23011,28362_28370,29734_29759,21608_.|TCATGCCGCTGT
USA/MA-MASPHL-13121/2024	XEK	241_C|T,593_C|T,670_T|G,897_C|A,2334_C|T,2790_C|T,3004_G|A,3037_C|T,3431_G|T,3505_C|T,3565_T|C,4184_G|A,4288_G|A,4321_C|T,5701_T|C,5892_C|T,6183_A|G,7113_C|T,7842_A|G,8293_C|T,8393_G|A,9286_C|T,9344_C|T,9424_A|G,9534_C|T,10029_C|T,10198_C|T,10447_G|A,10449_C|A,10474_C|T,11042_G|T,11727_G|A,12463_A|G,12789_C|T,12815_C|T,12880_C|T,13339_T|C,13421_C|T,14408_C|T,15714_C|T,15756_T|A,17410_C|T,18163_A|G,18492_A|G,18657_C|T,18894_C|T,19716_C|T,19955_C|T,20055_A|G,21618_C|T,21622_C|T,21624_G|C,21627_C|A,21711_C|T,21738_T|C,21941_G|T,21987_G|A,22032_T|C,22033_C|A,22034_A|G,22049_G|T,22200_T|G,22208_C|T,22295_C|A,22353_C|A,22556_A|G,22577_G|C,22578_G|A,22629_A|C,22674_C|T,22679_T|C,22686_C|T,22688_A|G,22770_G|A,22775_G|A,22786_A|C,22813_G|T,22882_T|G,22895_G|C,22896_T|A,22898_G|A,22910_A|G,22916_C|T,22917_T|G,22926_T|C,22928_T|C,22942_T|A,22992_G|A,22995_C|A,23005_T|A,23012_G|A,23018_T|C,23019_T|C,23039_C|G,23055_A|G,23063_A|T,23075_T|C,23222_G|A,23271_C|T,23403_A|G,23423_C|T,23525_C|T,23599_T|G,23604_C|G,23854_C|A,23948_G|T,24378_C|T,24424_A|T,24469_T|A,24872_G|T,24990_C|T,25000_C|T,25006_C|T,25207_C|T,25584_C|T,26060_C|T,26270_C|T,26529_G|C,26577_C|G,26610_A|G,26681_C|T,26709_G|A,26833_C|T,26858_C|T,27259_A|C,27382_G|C,27383_A|T,27384_T|C,27807_C|T,27810_T|C,28271_A|T,28291_C|A,28311_C|T,28881_G|A,28882_G|A,28883_G|C,28884_G|C,28958_C|A,29000_G|A,29510_A|C,11288_11296,21633_21641,21765_21770,21992_21994,22194_22196,23009_23011,28362_28370,29734_29759,21608_.|TCATGCCGCTGT
USA/MA-MASPHL-13125/2024	XEK	21_C|T,44_C|T,241_C|T,593_C|T,670_T|G,897_C|A,2334_C|T,2790_C|T,3004_G|A,3037_C|T,3431_G|T,3505_C|T,3565_T|C,4184_G|A,4288_G|A,4321_C|T,5701_T|C,5892_C|T,6183_A|G,7113_C|T,7842_A|G,8293_C|T,8393_G|A,9286_C|T,9344_C|T,9424_A|G,9534_C|T,10029_C|T,10198_C|T,10447_G|A,10449_C|A,11042_G|T,11727_G|A,12463_A|G,12789_C|T,12815_C|T,12880_C|T,13339_T|C,13421_C|T,14408_C|T,15714_C|T,15756_T|A,17410_C|T,18163_A|G,18492_A|G,18657_C|T,18894_C|T,19716_C|T,19955_C|T,20055_A|G,21618_C|T,21622_C|T,21624_G|C,21627_C|A,21711_C|T,21738_T|C,21941_G|T,21987_G|A,22032_T|C,22033_C|A,22034_A|G,22049_G|T,22200_T|G,22208_C|T,22295_C|A,22353_C|A,22556_A|G,22577_G|C,22578_G|A,22629_A|C,22674_C|T,22679_T|C,22686_C|T,22688_A|G,22770_G|A,22775_G|A,22786_A|C,22813_G|T,22882_T|G,22895_G|C,22896_T|A,22898_G|A,22910_A|G,22916_C|T,22917_T|G,22926_T|C,22928_T|C,22942_T|A,22992_G|A,22995_C|A,23005_T|A,23012_G|A,23018_T|C,23019_T|C,23039_C|G,23055_A|G,23063_A|T,23075_T|C,23222_G|A,23271_C|T,23403_A|G,23423_C|T,23525_C|T,23599_T|G,23604_C|G,23854_C|A,23948_G|T,24378_C|T,24424_A|T,24469_T|A,24872_G|T,24990_C|T,25000_C|T,25006_C|T,25207_C|T,25584_C|T,26060_C|T,26270_C|T,26529_G|C,26577_C|G,26610_A|G,26681_C|T,26709_G|A,26833_C|T,26858_C|T,27259_A|C,27382_G|C,27383_A|T,27384_T|C,27807_C|T,27810_T|C,28271_A|T,28291_C|A,28311_C|T,28881_G|A,28882_G|A,28883_G|C,28884_G|C,28958_C|A,29000_G|A,29510_A|C,11288_11296,21633_21641,21765_21770,21992_21994,22194_22196,23009_23011,28362_28370,29734_29759,21608_.|TCATGCCGCTGT
USA/MA-MASPHL-13550/2025	XEK	241_C|T,593_C|T,670_T|G,897_C|A,2334_C|T,2790_C|T,3004_G|A,3037_C|T,3431_G|T,3505_C|T,3565_T|C,4184_G|A,4288_G|A,4321_C|T,5701_T|C,5892_C|T,6183_A|G,7113_C|T,7842_A|G,8293_C|T,8393_G|A,9286_C|T,9344_C|T,9424_A|G,9534_C|T,10029_C|T,10198_C|T,10447_G|A,10449_C|A,11042_G|T,11727_G|A,11962_C|T,12463_A|G,12789_C|T,12815_C|T,12880_C|T,13339_T|C,13421_C|T,14391_C|T,14408_C|T,15714_C|T,15756_T|A,17410_C|T,17502_C|T,18163_A|G,18492_A|G,18657_C|T,18894_C|T,19716_C|T,19955_C|T,20055_A|G,21618_C|T,21622_C|T,21624_G|C,21627_C|A,21711_C|T,21738_T|C,21941_G|T,21987_G|A,22032_T|C,22033_C|A,22034_A|G,22049_G|T,22200_T|G,22208_C|T,22295_C|A,22353_C|A,22556_A|G,22577_G|C,22578_G|A,22629_A|C,22674_C|T,22679_T|C,22686_C|T,22688_A|G,22770_G|A,22775_G|A,22786_A|C,22813_G|T,22882_T|G,22895_G|C,22896_T|A,22898_G|A,22910_A|G,22916_C|T,22917_T|G,22926_T|C,22928_T|C,22942_T|A,22992_G|A,22995_C|A,23005_T|A,23012_G|A,23018_T|C,23019_T|C,23039_C|G,23055_A|G,23063_A|T,23075_T|C,23222_G|A,23271_C|T,23403_A|G,23423_C|T,23525_C|T,23599_T|G,23604_C|G,23854_C|A,23948_G|T,24378_C|T,24424_A|T,24469_T|A,24872_G|T,24990_C|T,25000_C|T,25006_C|T,25207_C|T,25584_C|T,26060_C|T,26270_C|T,26529_G|C,26577_C|G,26610_A|G,26681_C|T,26709_G|A,26833_C|T,26858_C|T,27259_A|C,27382_G|C,27383_A|T,27384_T|C,27807_C|T,27810_T|C,28271_A|T,28291_C|A,28311_C|T,28881_G|A,28882_G|A,28883_G|C,28884_G|C,28958_C|A,29000_G|A,29510_A|C,29546_C|A,11288_11296,21633_21641,21765_21770,21992_21994,22194_22196,23009_23011,28362_28370,29734_29759,21607_.|GNNNNNNNNNNN
USA/MA-MASPHL-13704/2025	XEK	241_C|T,593_C|T,670_T|G,897_C|A,2334_C|T,2790_C|T,3004_G|A,3037_C|T,3431_G|T,3505_C|T,3537_T|C,3565_T|C,4184_G|A,4288_G|A,4321_C|T,5701_T|C,5892_C|T,6183_A|G,7113_C|T,7842_A|G,8293_C|T,8393_G|A,9286_C|T,9344_C|T,9424_A|G,9534_C|T,10029_C|T,10198_C|T,10447_G|A,10449_C|A,11042_G|T,11173_C|T,11727_G|A,11962_C|T,12463_A|G,12789_C|T,12815_C|T,12880_C|T,13339_T|C,13421_C|T,14391_C|T,14408_C|T,15714_C|T,15756_T|A,17410_C|T,17502_C|T,18163_A|G,18492_A|G,18657_C|T,18894_C|T,19716_C|T,19955_C|T,20055_A|G,21618_C|T,21622_C|T,21624_G|C,21627_C|A,21711_C|T,21738_T|C,21941_G|T,21987_G|A,22032_T|C,22033_C|A,22034_A|G,22049_G|T,22200_T|G,22208_C|T,22295_C|A,22353_C|A,22556_A|G,22577_G|C,22578_G|A,22629_A|C,22674_C|T,22679_T|C,22686_C|T,22688_A|G,22770_G|A,22775_G|A,22786_A|C,22813_G|T,22882_T|G,22895_G|C,22896_T|A,22898_G|A,22910_A|G,22916_C|T,22917_T|G,22926_T|C,22928_T|C,22942_T|A,22992_G|A,22995_C|A,23005_T|A,23012_G|A,23018_T|C,23019_T|C,23039_C|G,23055_A|G,23063_A|T,23075_T|C,23222_G|A,23271_C|T,23403_A|G,23423_C|T,23525_C|T,23599_T|G,23604_C|G,23854_C|A,23948_G|T,24378_C|T,24424_A|T,24469_T|A,24872_G|T,24990_C|T,25000_C|T,25006_C|T,25207_C|T,25584_C|T,26060_C|T,26270_C|T,26529_G|C,26577_C|G,26610_A|G,26681_C|T,26709_G|A,26833_C|T,26858_C|T,27259_A|C,27382_G|C,27383_A|T,27384_T|C,27807_C|T,27810_T|C,28271_A|T,28291_C|A,28311_C|T,28881_G|A,28882_G|A,28883_G|C,28884_G|C,28958_C|A,29000_G|A,29510_A|C,29546_C|A,11288_11296,21633_21641,21765_21770,21992_21994,22194_22196,23009_23011,28362_28370,29734_29759,21608_.|TCATGCCGCTGT
USA/MD-MDH-10970/2024	XEK	241_C|T,593_C|T,670_T|G,897_C|A,2790_C|T,3037_C|T,3431_G|T,3505_C|T,3565_T|C,4184_G|A,4321_C|T,5192_C|T,5701_T|C,6183_A|G,7113_C|T,7842_A|G,8293_C|T,8393_G|A,9286_C|T,9344_C|T,9424_A|G,9534_C|T,10029_C|T,10198_C|T,10447_G|A,10449_C|A,11042_G|T,11727_G|A,12789_C|T,12815_C|T,12880_C|T,13011_C|T,13339_T|C,14408_C|T,15714_C|T,15756_T|A,16662_G|A,17410_C|T,18163_A|G,18492_A|G,18657_C|T,18894_C|T,19716_C|T,19955_C|T,20055_A|G,20426_T|C,21618_C|T,21622_C|T,21624_G|C,21627_C|A,21711_C|T,21738_T|C,21941_G|T,21987_G|A,22032_T|C,22033_C|A,22034_A|G,22200_T|G,22208_C|T,22295_C|A,22353_C|A,22556_A|G,22577_G|C,22578_G|A,22629_A|C,22674_C|T,22679_T|C,22686_C|T,22688_A|G,22770_G|A,22775_G|A,22786_A|C,22813_G|T,22882_T|G,22895_G|C,22896_T|A,22898_G|A,22910_A|G,22916_C|T,22917_T|G,22926_T|C,22928_T|C,22942_T|A,22992_G|A,22995_C|A,23005_T|A,23012_G|A,23018_T|C,23019_T|C,23039_C|G,23055_A|G,23063_A|T,23075_T|C,23222_G|A,23271_C|T,23403_A|G,23423_C|T,23525_C|T,23599_T|G,23604_C|G,23854_C|A,23948_G|T,24378_C|T,24424_A|T,24469_T|A,24872_G|T,24990_C|T,25000_C|T,25006_C|T,25207_C|T,25584_C|T,26060_C|T,26270_C|T,26529_G|C,26577_C|G,26610_A|G,26681_C|T,26709_G|A,26833_C|T,26858_C|T,27259_A|C,27382_G|C,27383_A|T,27384_T|C,27807_C|T,27810_T|C,28271_A|T,28291_C|A,28311_C|T,28881_G|A,28882_G|A,28883_G|C,28884_G|C,28958_C|A,29510_A|C,11288_11296,21633_21641,21765_21770,21992_21994,22194_22196,23009_23011,28362_28370,29734_29759,21608_.|TCATGCCGCTGT
USA/MI-MDHHS-SC45649/2024	XEK	21_C|T,44_C|T,241_C|T,593_C|T,670_T|G,897_C|A,2790_C|T,3037_C|T,3431_G|T,3505_C|T,3565_T|C,4184_G|A,4321_C|T,5701_T|C,6183_A|G,7113_C|T,7842_A|G,8293_C|T,8393_G|A,9286_C|T,9344_C|T,9424_A|G,9534_C|T,10029_C|T,10198_C|T,10447_G|A,10449_C|A,11042_G|T,11727_G|A,12789_C|T,12815_C|T,12880_C|T,13339_T|C,14408_C|T,15714_C|T,15756_T|A,17410_C|T,18163_A|G,18492_A|G,18657_C|T,18894_C|T,19716_C|T,19955_C|T,20055_A|G,21618_C|T,21622_C|T,21624_G|C,21627_C|A,21711_C|T,21738_T|C,21742_C|T,21941_G|T,21987_G|A,22032_T|C,22033_C|A,22034_A|G,22200_T|G,22208_C|T,22295_C|A,22353_C|A,22556_A|G,22577_G|C,22578_G|A,22629_A|C,22674_C|T,22679_T|C,22686_C|T,22688_A|G,22770_G|A,22775_G|A,22786_A|C,22882_T|G,22895_G|C,22896_T|A,22898_G|A,22910_A|G,22916_C|T,22917_T|G,22926_T|C,22928_T|C,22942_T|A,22992_G|A,22995_C|A,23005_T|A,23012_G|A,23018_T|C,23019_T|C,23039_C|G,23055_A|G,23063_A|T,23075_T|C,23222_G|A,23271_C|T,23403_A|G,23423_C|T,23525_C|T,23599_T|G,23604_C|G,23854_C|A,23948_G|T,24378_C|T,24424_A|T,24469_T|A,24872_G|T,24990_C|T,25000_C|T,25006_C|T,25207_C|T,25584_C|T,26060_C|T,26270_C|T,26529_G|C,26577_C|G,26610_A|G,26681_C|T,26709_G|A,26833_C|T,26858_C|T,27259_A|C,27382_G|C,27383_A|T,27384_T|C,27807_C|T,27810_T|C,28271_A|T,28291_C|A,28311_C|T,28881_G|A,28882_G|A,28883_G|C,28884_G|C,28958_C|A,29510_A|C,11288_11296,21633_21641,21765_21770,21992_21994,22194_22196,23009_23011,28362_28370,29734_29759,21607_.|GNNNNNNNNNNN
USA/MI-MDHHS-SC45652/2024	XEK	21_C|T,44_C|T,241_C|T,593_C|T,670_T|G,897_C|A,2790_C|T,3037_C|T,3431_G|T,3505_C|T,3565_T|C,4184_G|A,4321_C|T,5701_T|C,6183_A|G,7113_C|T,7842_A|G,8293_C|T,8393_G|A,9286_C|T,9344_C|T,9424_A|G,9534_C|T,10029_C|T,10198_C|T,10447_G|A,10449_C|A,11042_G|T,11727_G|A,12789_C|T,12815_C|T,12880_C|T,13339_T|C,14408_C|T,15714_C|T,15756_T|A,17410_C|T,18163_A|G,18492_A|G,18657_C|T,18894_C|T,19716_C|T,19955_C|T,20055_A|G,21618_C|T,21622_C|T,21624_G|C,21627_C|A,21711_C|T,21738_T|C,21742_C|T,21941_G|T,21987_G|A,22032_T|C,22033_C|A,22034_A|G,22200_T|G,22208_C|T,22295_C|A,22353_C|A,22556_A|G,22577_G|C,22578_G|A,22629_A|C,22674_C|T,22679_T|C,22686_C|T,22688_A|G,22770_G|A,22775_G|A,22786_A|C,22882_T|G,22895_G|C,22896_T|A,22898_G|A,22910_A|G,22916_C|T,22917_T|G,22926_T|C,22928_T|C,22942_T|A,22992_G|A,22995_C|A,23005_T|A,23012_G|A,23018_T|C,23019_T|C,23039_C|G,23055_A|G,23063_A|T,23075_T|C,23222_G|A,23271_C|T,23403_A|G,23423_C|T,23525_C|T,23599_T|G,23604_C|G,23854_C|A,23948_G|T,24378_C|T,24424_A|T,24469_T|A,24872_G|T,24990_C|T,25000_C|T,25006_C|T,25207_C|T,25584_C|T,26060_C|T,26270_C|T,26529_G|C,26577_C|G,26610_A|G,26681_C|T,26709_G|A,26833_C|T,26858_C|T,27259_A|C,27382_G|C,27383_A|T,27384_T|C,27807_C|T,27810_T|C,28271_A|T,28291_C|A,28311_C|T,28881_G|A,28882_G|A,28883_G|C,28884_G|C,28958_C|A,29510_A|C,11288_11296,21633_21641,21765_21770,21992_21994,22194_22196,23009_23011,28362_28370,21607_.|GNNNNNNNNNNN
USA/MI-UM-10060624634/2024	XEK	241_C|T,593_C|T,670_T|G,897_C|A,2790_C|T,3037_C|T,3431_G|T,3505_C|T,3565_T|C,4184_G|A,4321_C|T,5701_T|C,6183_A|G,7113_C|T,7842_A|G,8293_C|T,8393_G|A,9286_C|T,9344_C|T,9424_A|G,9534_C|T,10029_C|T,10198_C|T,10447_G|A,10449_C|A,11042_G|T,11727_G|A,12789_C|T,12815_C|T,12880_C|T,13339_T|C,14408_C|T,15714_C|T,15756_T|A,17410_C|T,18163_A|G,18492_A|G,18657_C|T,18894_C|T,19716_C|T,19955_C|T,20055_A|G,21618_C|T,21622_C|T,21624_G|C,21627_C|A,21711_C|T,21738_T|C,21742_C|T,21941_G|T,21987_G|A,22032_T|C,22033_C|A,22034_A|G,22200_T|G,22208_C|T,22295_C|A,22353_C|A,22556_A|G,22577_G|C,22578_G|A,22629_A|C,22674_C|T,22679_T|C,22686_C|T,22688_A|G,22770_G|A,22775_G|A,22786_A|C,22813_G|T,22882_T|G,22895_G|C,22896_T|A,22898_G|A,22910_A|G,22916_C|T,22917_T|G,22926_T|C,22928_T|C,22942_T|A,22992_G|A,22995_C|A,23005_T|A,23012_G|A,23018_T|C,23019_T|C,23039_C|G,23055_A|G,23063_A|T,23075_T|C,23222_G|A,23271_C|T,23403_A|G,23423_C|T,23525_C|T,23599_T|G,23604_C|G,23854_C|A,23948_G|T,24378_C|T,24424_A|T,24469_T|A,24872_G|T,24990_C|T,25000_C|T,25006_C|T,25207_C|T,25584_C|T,26060_C|T,26270_C|T,26529_G|C,26577_C|G,26610_A|G,26681_C|T,26709_G|A,26833_C|T,26858_C|T,27259_A|C,27382_G|C,27383_A|T,27384_T|C,27807_C|T,27810_T|C,28271_A|T,28291_C|A,28311_C|T,28881_G|A,28882_G|A,28883_G|C,28884_G|C,28958_C|A,29510_A|C,11288_11296,21633_21641,21765_21770,21992_21994,22194_22196,23009_23011,28362_28370,29734_29759,21608_.|TCATGCCGCTGT
USA/MI-UM-10061087983/2024	XEK	241_C|T,593_C|T,670_T|G,897_C|A,2790_C|T,3037_C|T,3431_G|T,3505_C|T,3565_T|C,4184_G|A,4321_C|T,5701_T|C,6183_A|G,7113_C|T,7842_A|G,8293_C|T,8393_G|A,9286_C|T,9344_C|T,9424_A|G,9534_C|T,10029_C|T,10198_C|T,10447_G|A,10449_C|A,11042_G|T,11727_G|A,12789_C|T,12815_C|T,12880_C|T,13339_T|C,14408_C|T,15714_C|T,15756_T|A,17410_C|T,18163_A|G,18492_A|G,18657_C|T,18859_G|T,18894_C|T,19716_C|T,19955_C|T,20055_A|G,21618_C|T,21622_C|T,21624_G|C,21627_C|A,21711_C|T,21738_T|C,21941_G|T,21987_G|A,22032_T|C,22033_C|A,22034_A|G,22200_T|G,22208_C|T,22295_C|A,22353_C|A,22556_A|G,22577_G|C,22578_G|A,22629_A|C,22674_C|T,22679_T|C,22686_C|T,22688_A|G,22770_G|A,22775_G|A,22786_A|C,22813_G|T,22882_T|G,22895_G|C,22896_T|A,22898_G|A,22910_A|G,22916_C|T,22917_T|G,22926_T|C,22928_T|C,22942_T|A,22992_G|A,22995_C|A,23005_T|A,23012_G|A,23018_T|C,23019_T|C,23039_C|G,23055_A|G,23063_A|T,23075_T|C,23222_G|A,23271_C|T,23403_A|G,23423_C|T,23525_C|T,23599_T|G,23604_C|G,23854_C|A,23948_G|T,24378_C|T,24424_A|T,24469_T|A,24872_G|T,24990_C|T,25000_C|T,25006_C|T,25207_C|T,25584_C|T,26060_C|T,26270_C|T,26529_G|C,26577_C|G,26610_A|G,26681_C|T,26709_G|A,26833_C|T,26858_C|T,27259_A|C,27382_G|C,27383_A|T,27384_T|C,27807_C|T,27810_T|C,28271_A|T,28291_C|A,28311_C|T,28881_G|A,28882_G|A,28883_G|C,28884_G|C,28958_C|A,29510_A|C,516_518,11288_11296,21633_21641,21765_21770,21992_21994,22194_22196,22289_22294,23009_23011,28362_28370,29734_29759,21608_.|TCATGCCGCTGT
USA/MIS-L383193159/2024	XEK	241_C|T,560_C|T,593_C|T,670_T|G,897_C|A,2790_C|T,3037_C|T,3431_G|T,3505_C|T,3565_T|C,4184_G|A,4321_C|T,5701_T|C,6183_A|G,7113_C|T,7842_A|G,8293_C|T,8393_G|A,9286_C|T,9344_C|T,9424_A|G,9534_C|T,10029_C|T,10198_C|T,10447_G|A,10449_C|A,11042_G|T,11727_G|A,12789_C|T,12815_C|T,12880_C|T,13339_T|C,14041_A|G,14408_C|T,15714_C|T,15756_T|A,17410_C|T,18163_A|G,18492_A|G,18568_C|T,18657_C|T,18894_C|T,19716_C|T,19955_C|T,20055_A|G,21618_C|T,21622_C|T,21624_G|C,21627_C|A,21711_C|T,21738_T|C,21941_G|T,21987_G|A,22032_T|C,22033_C|A,22034_A|G,22200_T|G,22208_C|T,22295_C|A,22353_C|A,22556_A|G,22577_G|C,22578_G|A,22629_A|C,22674_C|T,22679_T|C,22686_C|T,22688_A|G,22770_G|A,22775_G|A,22786_A|C,22813_G|T,22882_T|G,22895_G|C,22896_T|A,22898_G|A,22910_A|G,22916_C|T,22917_T|G,22926_T|C,22928_T|C,22942_T|A,22992_G|A,22995_C|A,23005_T|A,23012_G|A,23018_T|C,23019_T|C,23039_C|G,23055_A|G,23063_A|T,23075_T|C,23222_G|A,23271_C|T,23403_A|G,23423_C|T,23525_C|T,23599_T|G,23604_C|G,23854_C|A,23948_G|T,24378_C|T,24424_A|T,24469_T|A,24872_G|T,24990_C|T,25000_C|T,25006_C|T,25207_C|T,25584_C|T,26060_C|T,26270_C|T,26529_G|C,26577_C|G,26610_A|G,26681_C|T,26709_G|A,26750_C|T,26833_C|T,26858_C|T,27259_A|C,27382_G|C,27383_A|T,27384_T|C,27684_C|T,27807_C|T,27810_T|C,28271_A|T,28291_C|A,28311_C|T,28881_G|A,28882_G|A,28883_G|C,28884_G|C,28958_C|A,29510_A|C,11288_11296,21633_21641,21765_21770,21992_21994,22194_22196,23009_23011,27570_27578,27792_27794,28362_28370,29734_29759,21608_.|TCATGCCGCTGT
USA/MN-MDH-43009/2024	XEK	241_C|T,593_C|T,670_T|G,897_C|A,2790_C|T,3037_C|T,3431_G|T,3505_C|T,3565_T|C,4184_G|A,4321_C|T,5701_T|C,6183_A|G,7113_C|T,7842_A|G,8293_C|T,8393_G|A,9286_C|T,9344_C|T,9424_A|G,9534_C|T,10029_C|T,10198_C|T,10447_G|A,10449_C|A,11042_G|T,11727_G|A,12789_C|T,12815_C|T,12880_C|T,13339_T|C,14408_C|T,15714_C|T,15756_T|A,17410_C|T,18163_A|G,18492_A|G,18657_C|T,18894_C|T,19716_C|T,19955_C|T,20055_A|G,21618_C|T,21622_C|T,21624_G|C,21627_C|A,21711_C|T,21738_T|C,21941_G|T,21987_G|A,22032_T|C,22033_C|A,22034_A|G,22200_T|G,22208_C|T,22295_C|A,22353_C|A,22556_A|G,22577_G|C,22578_G|A,22629_A|C,22674_C|T,22679_T|C,22686_C|T,22688_A|G,22770_G|A,22775_G|A,22786_A|C,22813_G|T,22882_T|G,22895_G|C,22896_T|A,22898_G|A,22910_A|G,22916_C|T,22917_T|G,22926_T|C,22928_T|C,22942_T|A,22992_G|A,22995_C|A,23005_T|A,23012_G|A,23018_T|C,23019_T|C,23039_C|G,23055_A|G,23063_A|T,23075_T|C,23222_G|A,23271_C|T,23403_A|G,23423_C|T,23525_C|T,23599_T|G,23604_C|G,23854_C|A,23948_G|T,24378_C|T,24424_A|T,24469_T|A,24872_G|T,24990_C|T,25000_C|T,25006_C|T,25207_C|T,25584_C|T,26060_C|T,26270_C|T,26529_G|C,26577_C|G,26610_A|G,26681_C|T,26709_G|A,26833_C|T,26858_C|T,27259_A|C,27382_G|C,27383_A|T,27384_T|C,27807_C|T,27810_T|C,28271_A|T,28291_C|A,28311_C|T,28881_G|A,28882_G|A,28883_G|C,28884_G|C,28958_C|A,29510_A|C,11288_11296,21633_21641,21765_21770,21992_21994,22194_22196,23009_23011,28362_28370,29734_29759,21608_.|TCATGCCGCTGT
USA/MN-MDH-44770/2024	XEK	241_C|T,593_C|T,662_G|A,670_T|G,897_C|A,2790_C|T,3037_C|T,3431_G|T,3505_C|T,3565_T|C,4184_G|A,4321_C|T,5701_T|C,6183_A|G,7113_C|T,7842_A|G,8293_C|T,8393_G|A,9286_C|T,9344_C|T,9424_A|G,9534_C|T,10029_C|T,10198_C|T,10447_G|A,10449_C|A,11042_G|T,11727_G|A,12789_C|T,12815_C|T,12880_C|T,13339_T|C,14408_C|T,15714_C|T,15756_T|A,17410_C|T,18163_A|G,18492_A|G,18657_C|T,18894_C|T,19716_C|T,19955_C|T,20055_A|G,21450_A|C,21618_C|T,21622_C|T,21624_G|C,21627_C|A,21711_C|T,21738_T|C,21941_G|T,21987_G|A,22032_T|C,22033_C|A,22034_A|G,22200_T|G,22208_C|T,22295_C|A,22353_C|A,22556_A|G,22577_G|C,22578_G|A,22629_A|C,22674_C|T,22679_T|C,22686_C|T,22688_A|G,22770_G|A,22775_G|A,22786_A|C,22813_G|T,22882_T|G,22895_G|C,22896_T|A,22898_G|A,22910_A|G,22916_C|T,22917_T|G,22926_T|C,22928_T|C,22942_T|A,22992_G|A,22995_C|A,23005_T|A,23012_G|A,23018_T|C,23019_T|C,23039_C|G,23055_A|G,23063_A|T,23075_T|C,23222_G|A,23271_C|T,23403_A|G,23423_C|T,23525_C|T,23599_T|G,23604_C|G,23854_C|A,23948_G|T,24026_C|T,24378_C|T,24424_A|T,24469_T|A,24872_G|T,24990_C|T,25000_C|T,25006_C|T,25207_C|T,25521_C|T,25584_C|T,26060_C|T,26270_C|T,26529_G|C,26577_C|G,26610_A|G,26681_C|T,26709_G|A,26833_C|T,26858_C|T,27259_A|C,27382_G|C,27383_A|T,27384_T|C,27807_C|T,27810_T|C,28271_A|T,28291_C|A,28311_C|T,28791_C|T,28881_G|A,28882_G|A,28883_G|C,28884_G|C,28958_C|A,29510_A|C,11288_11296,21633_21641,21765_21770,21992_21994,22194_22196,23009_23011,28362_28370,29734_29759,21608_.|TCATGCCGCTGT
USA/MN-MDH-45362/2025	XEK	241_C|T,593_C|T,670_T|G,897_C|A,2790_C|T,3037_C|T,3431_G|T,3505_C|T,3565_T|C,4184_G|A,4321_C|T,5701_T|C,6183_A|G,7113_C|T,7842_A|G,8293_C|T,8393_G|A,9286_C|T,9344_C|T,9424_A|G,9534_C|T,10029_C|T,10198_C|T,10447_G|A,10449_C|A,11042_G|T,11727_G|A,12789_C|T,12815_C|T,12880_C|T,13339_T|C,14408_C|T,15240_C|T,15714_C|T,15756_T|A,17410_C|T,18163_A|G,18492_A|G,18657_C|T,18894_C|T,19716_C|T,19955_C|T,20055_A|G,21618_C|T,21622_C|T,21624_G|C,21627_C|A,21711_C|T,21738_T|C,21941_G|T,21987_G|A,22032_T|C,22033_C|A,22034_A|G,22200_T|G,22208_C|T,22295_C|A,22353_C|A,22556_A|G,22577_G|C,22578_G|A,22629_A|C,22674_C|T,22679_T|C,22686_C|T,22688_A|G,22770_G|A,22775_G|A,22786_A|C,22813_G|T,22882_T|G,22895_G|C,22896_T|A,22898_G|A,22910_A|G,22916_C|T,22917_T|G,22926_T|C,22928_T|C,22942_T|A,22992_G|A,22995_C|A,23005_T|A,23012_G|A,23018_T|C,23019_T|C,23039_C|G,23055_A|G,23063_A|T,23075_T|C,23222_G|A,23271_C|T,23403_A|G,23423_C|T,23525_C|T,23599_T|G,23604_C|G,23854_C|A,23948_G|T,24378_C|T,24424_A|T,24469_T|A,24872_G|T,24990_C|T,25000_C|T,25006_C|T,25207_C|T,25584_C|T,26060_C|T,26270_C|T,26529_G|C,26577_C|G,26610_A|G,26681_C|T,26709_G|A,26833_C|T,26858_C|T,27259_A|C,27382_G|C,27383_A|T,27384_T|C,27807_C|T,27810_T|C,28271_A|T,28291_C|A,28311_C|T,28881_G|A,28882_G|A,28883_G|C,28884_G|C,28958_C|A,29510_A|C,11288_11296,21633_21641,21765_21770,21992_21994,22194_22196,23009_23011,28362_28370,29734_29759,29835,21608_.|TCATGCCGCTGT
USA/MN-MDH-45888/2025	XEK	241_C|T,593_C|T,670_T|G,897_C|A,1722_C|T,2790_C|T,3037_C|T,3431_G|T,3505_C|T,3565_T|C,4184_G|A,4321_C|T,5701_T|C,6183_A|G,6943_G|A,7113_C|T,7842_A|G,8025_C|T,8293_C|T,8393_G|A,9286_C|T,9344_C|T,9424_A|G,9534_C|T,9929_G|A,10029_C|T,10198_C|T,10447_G|A,10449_C|A,11042_G|T,11727_G|A,12789_C|T,12815_C|T,12880_C|T,13339_T|C,14408_C|T,15714_C|T,15756_T|A,17410_C|T,18163_A|G,18492_A|G,18657_C|T,18894_C|T,19716_C|T,19955_C|T,20055_A|G,21618_C|T,21622_C|T,21624_G|C,21627_C|A,21711_C|T,21738_T|C,21941_G|T,21987_G|A,22032_T|C,22033_C|A,22034_A|G,22200_T|G,22208_C|T,22295_C|A,22353_C|A,22556_A|G,22577_G|C,22578_G|A,22629_A|C,22674_C|T,22679_T|C,22686_C|T,22688_A|G,22770_G|A,22775_G|A,22786_A|C,22813_G|T,22882_T|G,22895_G|C,22896_T|A,22898_G|A,22910_A|G,22916_C|T,22917_T|G,22926_T|C,22928_T|C,22942_T|A,22992_G|A,22995_C|A,23005_T|A,23012_G|A,23018_T|C,23019_T|C,23039_C|G,23055_A|G,23063_A|T,23075_T|C,23222_G|A,23271_C|T,23403_A|G,23423_C|T,23525_C|T,23599_T|G,23604_C|G,23854_C|A,23948_G|T,24378_C|T,24424_A|T,24469_T|A,24872_G|T,24990_C|T,25000_C|T,25006_C|T,25207_C|T,25584_C|T,26029_C|A,26060_C|T,26270_C|T,26529_G|C,26577_C|G,26610_A|G,26681_C|T,26709_G|A,26833_C|T,26858_C|T,27259_A|C,27382_G|C,27383_A|T,27384_T|C,27807_C|T,27810_T|C,28271_A|T,28291_C|A,28311_C|T,28881_G|A,28882_G|A,28883_G|C,28884_G|C,28958_C|A,29510_A|C,29614_C|T,11288_11296,21633_21641,21765_21770,21992_21994,22194_22196,23009_23011,28362_28370,29734_29759,21608_.|TCATGCCGCTGT
USA/MN-MDH-46547/2025	XEK	241_C|T,593_C|T,670_T|G,897_C|A,2790_C|T,3037_C|T,3431_G|T,3505_C|T,3565_T|C,4184_G|A,4321_C|T,5701_T|C,6183_A|G,7113_C|T,7842_A|G,8290_C|T,8293_C|T,8393_G|A,9286_C|T,9344_C|T,9424_A|G,9534_C|T,10029_C|T,10198_C|T,10447_G|A,10449_C|A,11042_G|T,11727_G|A,12789_C|T,12815_C|T,12880_C|T,13339_T|C,13860_C|T,14408_C|T,15372_G|T,15714_C|T,15756_T|A,17334_G|T,17410_C|T,17679_G|T,18163_A|G,18492_A|G,18894_C|T,19722_A|G,19955_C|T,20055_A|G,21618_C|T,21622_C|T,21624_G|C,21627_C|A,21711_C|T,21738_T|C,21941_G|T,21987_G|A,22032_T|C,22033_C|A,22034_A|G,22200_T|G,22208_C|T,22295_C|A,22353_C|A,22556_A|G,22577_G|C,22578_G|A,22629_A|C,22674_C|T,22679_T|C,22686_C|T,22688_A|G,22770_G|A,22775_G|A,22786_A|C,22813_G|T,22882_T|G,22895_G|C,22896_T|A,22898_G|A,22910_A|G,22916_C|T,22917_T|G,22926_T|C,22928_T|C,22942_T|A,22992_G|A,22995_C|A,23005_T|A,23012_G|A,23018_T|C,23019_T|C,23039_C|G,23055_A|G,23063_A|T,23075_T|C,23222_G|A,23271_C|T,23403_A|G,23423_C|T,23525_C|T,23599_T|G,23604_C|G,23854_C|A,23948_G|T,24378_C|T,24424_A|T,24469_T|A,24872_G|T,24990_C|T,25000_C|T,25006_C|T,25207_C|T,25584_C|T,26060_C|T,26270_C|T,26529_G|C,26577_C|G,26610_A|G,26681_C|T,26709_G|A,26833_C|T,26858_C|T,27134_T|C,27259_A|C,27382_G|C,27383_A|T,27384_T|C,27807_C|T,27810_T|C,28271_A|T,28291_C|A,28311_C|T,28881_G|A,28882_G|A,28883_G|C,28884_G|C,28958_C|A,29510_A|C,11288_11296,21633_21641,21765_21770,21992_21994,22194_22196,23009_23011,28362_28370,29734_29759,21608_.|TCATGCCGCTGT
USA/MT-MTPHL-4164536/2024	XEK	241_C|T,593_C|T,670_T|G,1842_A|G,2790_C|T,3037_C|T,3431_G|T,3505_C|T,3565_T|C,4184_G|A,4321_C|T,5701_T|C,6183_A|G,7113_C|T,7842_A|G,8293_C|T,8393_G|A,9286_C|T,9344_C|T,9424_A|G,9534_C|T,10029_C|T,10198_C|T,10447_G|A,10449_C|A,11042_G|T,11727_G|A,12789_C|T,12815_C|T,12880_C|T,13339_T|C,14408_C|T,15714_C|T,15756_T|A,17410_C|T,18163_A|G,18492_A|G,18657_C|T,18894_C|T,19716_C|T,19955_C|T,20055_A|G,21618_C|T,21622_C|T,21624_G|C,21627_C|A,21711_C|T,21738_T|C,21742_C|T,21941_G|T,21987_G|A,22032_T|C,22033_C|A,22034_A|G,22200_T|G,22208_C|T,22295_C|A,22353_C|A,22556_A|G,22577_G|C,22578_G|A,22629_A|C,22674_C|T,22679_T|C,22686_C|T,22688_A|G,22770_G|A,22775_G|A,22786_A|C,22813_G|T,22882_T|G,22895_G|C,22896_T|A,22898_G|A,22910_A|G,22916_C|T,22917_T|G,22926_T|C,22928_T|C,22942_T|A,22992_G|A,22995_C|A,23005_T|A,23012_G|A,23018_T|C,23019_T|C,23039_C|G,23055_A|G,23063_A|T,23075_T|C,23222_G|A,23271_C|T,23403_A|G,23423_C|T,23525_C|T,23599_T|G,23604_C|G,23854_C|A,23948_G|T,24378_C|T,24424_A|T,24469_T|A,24872_G|T,24990_C|T,25000_C|T,25006_C|T,25207_C|T,25584_C|T,26060_C|T,26270_C|T,26529_G|C,26577_C|G,26610_A|G,26681_C|T,26709_G|A,26833_C|T,26858_C|T,27259_A|C,27382_G|C,27383_A|T,27384_T|C,27807_C|T,27810_T|C,28271_A|T,28291_C|A,28311_C|T,28881_G|A,28882_G|A,28883_G|C,28884_G|C,28958_C|A,29510_A|C,11288_11296,21633_21641,21765_21770,21992_21994,22194_22196,23009_23011,28362_28370,21608_.|TCATGCCGCTGT
USA/NJ-CDC-LC1119502/2024	XEK	241_C|T,593_C|T,670_T|G,897_C|A,2790_C|T,3037_C|T,3431_G|T,3505_C|T,3565_T|C,4184_G|A,4321_C|T,5701_T|C,6183_A|G,7113_C|T,7842_A|G,8293_C|T,8393_G|A,9286_C|T,9344_C|T,9424_A|G,9534_C|T,10029_C|T,10198_C|T,10447_G|A,10449_C|A,11042_G|T,11727_G|A,12789_C|T,12815_C|T,12880_C|T,13339_T|C,14408_C|T,15714_C|T,15756_T|A,17410_C|T,18163_A|G,18492_A|G,18657_C|T,18894_C|T,19716_C|T,19955_C|T,20055_A|G,21618_C|T,21622_C|T,21624_G|C,21627_C|A,21711_C|T,21738_T|C,21941_G|T,21987_G|A,22032_T|C,22033_C|A,22034_A|G,22200_T|G,22208_C|T,22295_C|A,22353_C|A,22556_A|G,22577_G|C,22578_G|A,22629_A|C,22674_C|T,22679_T|C,22686_C|T,22688_A|G,22770_G|A,22775_G|A,22786_A|C,22813_G|T,22882_T|G,22895_G|C,22896_T|A,22898_G|A,22910_A|G,22916_C|T,22917_T|G,22926_T|C,22928_T|C,22942_T|A,22992_G|A,22995_C|A,23005_T|A,23012_G|A,23018_T|C,23019_T|C,23039_C|G,23055_A|G,23063_A|T,23075_T|C,23222_G|A,23271_C|T,23403_A|G,23423_C|T,23525_C|T,23599_T|G,23604_C|G,23854_C|A,23948_G|T,24378_C|T,24424_A|T,24469_T|A,24872_G|T,24990_C|T,25000_C|T,25006_C|T,25207_C|T,25584_C|T,26060_C|T,26270_C|T,26529_G|C,26577_C|G,26610_A|G,26681_C|T,26709_G|A,26833_C|T,26858_C|T,27259_A|C,27382_G|C,27383_A|T,27384_T|C,27807_C|T,27810_T|C,28271_A|T,28291_C|A,28311_C|T,28881_G|A,28882_G|A,28883_G|C,28884_G|C,28958_C|A,29510_A|C,11288_11296,21633_21641,21765_21770,21992_21994,22194_22196,23009_23011,28362_28370,29734_29759,21608_.|TCATGCCGCTGT
USA/NJ-CDC-LC1125145/2024	XEK	241_C|T,593_C|T,670_T|G,897_C|A,2790_C|T,3004_G|A,3037_C|T,3431_G|T,3505_C|T,3565_T|C,4184_G|A,4321_C|T,5701_T|C,5892_C|T,6183_A|G,7113_C|T,7842_A|G,8293_C|T,8393_G|A,9286_C|T,9344_C|T,9424_A|G,9534_C|T,10029_C|T,10198_C|T,10447_G|A,10449_C|A,11042_G|T,11727_G|A,12463_A|G,12789_C|T,12815_C|T,12880_C|T,13339_T|C,13421_C|T,14408_C|T,15714_C|T,15756_T|A,17410_C|T,18163_A|G,18492_A|G,18657_C|T,18894_C|T,19716_C|T,19955_C|T,20055_A|G,21618_C|T,21622_C|T,21624_G|C,21627_C|A,21711_C|T,21738_T|C,21941_G|T,21987_G|A,22032_T|C,22033_C|A,22034_A|G,22200_T|G,22208_C|T,22295_C|A,22353_C|A,22556_A|G,22577_G|C,22578_G|A,22629_A|C,22674_C|T,22679_T|C,22686_C|T,22688_A|G,22770_G|A,22775_G|A,22786_A|C,22813_G|T,22882_T|G,22895_G|C,22896_T|A,22898_G|A,22910_A|G,22916_C|T,22917_T|G,22926_T|C,22928_T|C,22942_T|A,22992_G|A,22995_C|A,23005_T|A,23012_G|A,23018_T|C,23019_T|C,23039_C|G,23055_A|G,23063_A|T,23075_T|C,23222_G|A,23271_C|T,23403_A|G,23423_C|T,23525_C|T,23599_T|G,23604_C|G,23854_C|A,23948_G|T,24378_C|T,24424_A|T,24469_T|A,24872_G|T,24990_C|T,25000_C|T,25006_C|T,25207_C|T,25584_C|T,26060_C|T,26270_C|T,26529_G|C,26577_C|G,26610_A|G,26681_C|T,26709_G|A,26833_C|T,26858_C|T,27259_A|C,27382_G|C,27383_A|T,27384_T|C,27807_C|T,27810_T|C,28271_A|T,28291_C|A,28311_C|T,28881_G|A,28882_G|A,28883_G|C,28884_G|C,28958_C|A,29510_A|C,11288_11296,21633_21641,21765_21770,21992_21994,22194_22196,23009_23011,28362_28370,29734_29759,21608_.|TCATGCCGCTGT
USA/NJ-CDC-LC1125722/2024	XEK	241_C|T,593_C|T,670_T|G,897_C|A,2790_C|T,3037_C|T,3042_C|T,3431_G|T,3505_C|T,3565_T|C,4184_G|A,4321_C|T,4363_A|G,5701_T|C,5898_A|G,6183_A|G,7113_C|T,7842_A|G,8293_C|T,8393_G|A,9286_C|T,9344_C|T,9424_A|G,9534_C|T,10029_C|T,10198_C|T,10447_G|A,10449_C|A,11042_G|T,11727_G|A,12789_C|T,12815_C|T,12880_C|T,13339_T|C,14408_C|T,15714_C|T,15756_T|A,17410_C|T,18163_A|G,18492_A|G,18657_C|T,18894_C|T,19716_C|T,19955_C|T,20055_A|G,21618_C|T,21622_C|T,21624_G|C,21627_C|A,21711_C|T,21738_T|C,21941_G|T,21987_G|A,22032_T|C,22033_C|A,22034_A|G,22200_T|G,22208_C|T,22295_C|A,22353_C|A,22556_A|G,22577_G|C,22578_G|A,22629_A|C,22674_C|T,22679_T|C,22686_C|T,22688_A|G,22770_G|A,22775_G|A,22786_A|C,22813_G|T,22882_T|G,22895_G|C,22896_T|A,22898_G|A,22910_A|G,22916_C|T,22917_T|G,22926_T|C,22928_T|C,22942_T|A,22992_G|A,22995_C|A,23005_T|A,23012_G|A,23018_T|C,23019_T|C,23039_C|G,23055_A|G,23063_A|T,23075_T|C,23222_G|A,23271_C|T,23403_A|G,23423_C|T,23525_C|T,23599_T|G,23604_C|G,23854_C|A,23948_G|T,24378_C|T,24424_A|T,24469_T|A,24872_G|T,24990_C|T,25000_C|T,25006_C|T,25207_C|T,25584_C|T,26060_C|T,26270_C|T,26529_G|C,26577_C|G,26610_A|G,26681_C|T,26709_G|A,26833_C|T,26858_C|T,27259_A|C,27382_G|C,27383_A|T,27384_T|C,27527_C|T,27807_C|T,27810_T|C,28271_A|T,28291_C|A,28311_C|T,28881_G|A,28882_G|A,28883_G|C,28884_G|C,28958_C|A,29510_A|C,509_517,11288_11296,21633_21641,21765_21770,21992_21994,22194_22196,23009_23011,28362_28370,29734_29759,21608_.|TCATGCCGCTGT
USA/NJ-CDC-LC1125985/2024	XEK	241_C|T,593_C|T,670_T|G,897_C|A,2790_C|T,3037_C|T,3431_G|T,3505_C|T,3565_T|C,3736_C|T,4184_G|A,4321_C|T,5701_T|C,5761_G|A,6183_A|G,6601_A|G,7113_C|T,7842_A|G,8293_C|T,8393_G|A,9286_C|T,9344_C|T,9424_A|G,9534_C|T,10029_C|T,10198_C|T,10447_G|A,10449_C|A,10969_C|T,11042_G|T,11727_G|A,12789_C|T,12815_C|T,12880_C|T,13339_T|C,14408_C|T,15714_C|T,15756_T|A,17410_C|T,18163_A|G,18492_A|G,18657_C|T,18894_C|T,19287_T|A,19716_C|T,19955_C|T,20055_A|G,21302_C|T,21304_C|A,21305_G|A,21618_C|T,21622_C|T,21624_G|C,21627_C|A,21711_C|T,21738_T|C,21941_G|T,21987_G|A,22032_T|C,22033_C|A,22034_A|G,22200_T|G,22208_C|T,22295_C|A,22353_C|A,22556_A|G,22577_G|C,22578_G|A,22629_A|C,22674_C|T,22679_T|C,22686_C|T,22688_A|G,22770_G|A,22775_G|A,22786_A|C,22813_G|T,22882_T|G,22895_G|C,22896_T|A,22898_G|A,22910_A|G,22916_C|T,22917_T|G,22926_T|C,22928_T|C,22942_T|A,22992_G|A,22995_C|A,23005_T|A,23012_G|A,23018_T|C,23019_T|C,23039_C|G,23055_A|G,23063_A|T,23075_T|C,23222_G|A,23271_C|T,23403_A|G,23423_C|T,23525_C|T,23599_T|G,23604_C|G,23854_C|A,23948_G|T,24378_C|T,24424_A|T,24469_T|A,24872_G|T,24990_C|T,25000_C|T,25006_C|T,25207_C|T,25584_C|T,26060_C|T,26270_C|T,26529_G|C,26577_C|G,26610_A|G,26681_C|T,26709_G|A,26833_C|T,26858_C|T,27259_A|C,27382_G|C,27383_A|T,27384_T|C,27807_C|T,27810_T|C,28271_A|T,28291_C|A,28311_C|T,28881_G|A,28882_G|A,28883_G|C,28884_G|C,28958_C|A,29510_A|C,11288_11296,21633_21641,21765_21770,21992_21994,22194_22196,23009_23011,28362_28370,29734_29759
USA/NJ-CDC-LC1126468/2024	XEK	241_C|T,593_C|T,670_T|G,897_C|A,1102_C|T,1714_C|T,2790_C|T,3037_C|T,3431_G|T,3505_C|T,3565_T|C,4184_G|A,4321_C|T,5701_T|C,6077_G|T,6183_A|G,7113_C|T,7842_A|G,8293_C|T,8393_G|A,9286_C|T,9344_C|T,9424_A|G,9534_C|T,10029_C|T,10198_C|T,10447_G|A,10449_C|A,11042_G|T,11727_G|A,12789_C|T,12815_C|T,12880_C|T,13339_T|C,14408_C|T,15714_C|T,15756_T|A,17410_C|T,18163_A|G,18492_A|G,18657_C|T,18894_C|T,19716_C|T,19955_C|T,20055_A|G,21618_C|T,21622_C|T,21624_G|C,21627_C|A,21711_C|T,21738_T|C,21941_G|T,21987_G|A,22032_T|C,22033_C|A,22034_A|G,22200_T|G,22208_C|T,22295_C|A,22353_C|A,22556_A|G,22577_G|C,22578_G|A,22629_A|C,22674_C|T,22679_T|C,22686_C|T,22688_A|G,22770_G|A,22775_G|A,22786_A|C,22813_G|T,22882_T|G,22895_G|C,22896_T|A,22898_G|A,22910_A|G,22916_C|T,22917_T|G,22926_T|C,22928_T|C,22942_T|A,22992_G|A,22995_C|A,23005_T|A,23012_G|A,23018_T|C,23019_T|C,23039_C|G,23055_A|G,23063_A|T,23075_T|C,23222_G|A,23271_C|T,23403_A|G,23423_C|T,23525_C|T,23599_T|G,23604_C|G,23854_C|A,23948_G|T,24378_C|T,24424_A|T,24469_T|A,24872_G|T,24990_C|T,25000_C|T,25006_C|T,25207_C|T,25584_C|T,26060_C|T,26270_C|T,26529_G|C,26577_C|G,26610_A|G,26681_C|T,26709_G|A,26735_C|T,26833_C|T,26858_C|T,27259_A|C,27382_G|C,27383_A|T,27384_T|C,27807_C|T,27810_T|C,28271_A|T,28291_C|A,28311_C|T,28851_G|T,28881_G|A,28882_G|A,28883_G|C,28884_G|C,28958_C|A,29510_A|C,11288_11296,21633_21641,21765_21770,21992_21994,22194_22196,23009_23011,28362_28370,29734_29759
USA/NJ-CDC-LC1126674/2024	XEK	241_C|T,593_C|T,670_T|G,897_C|A,1102_C|T,1714_C|T,2790_C|T,3037_C|T,3431_G|T,3505_C|T,3565_T|C,4184_G|A,4321_C|T,5701_T|C,6077_G|T,6183_A|G,7113_C|T,7842_A|G,8293_C|T,8393_G|A,9286_C|T,9344_C|T,9424_A|G,9534_C|T,10029_C|T,10198_C|T,10447_G|A,10449_C|A,11042_G|T,11727_G|A,12789_C|T,12815_C|T,12880_C|T,13339_T|C,14408_C|T,15714_C|T,15756_T|A,17410_C|T,18163_A|G,18492_A|G,18657_C|T,18894_C|T,19716_C|T,19955_C|T,20055_A|G,21618_C|T,21622_C|T,21624_G|C,21627_C|A,21711_C|T,21738_T|C,21941_G|T,21987_G|A,22032_T|C,22033_C|A,22034_A|G,22200_T|G,22208_C|T,22295_C|A,22353_C|A,22556_A|G,22577_G|C,22578_G|A,22629_A|C,22674_C|T,22679_T|C,22686_C|T,22688_A|G,22770_G|A,22775_G|A,22786_A|C,22813_G|T,22882_T|G,22895_G|C,22896_T|A,22898_G|A,22910_A|G,22916_C|T,22917_T|G,22926_T|C,22928_T|C,22942_T|A,22992_G|A,22995_C|A,23005_T|A,23012_G|A,23018_T|C,23019_T|C,23039_C|G,23055_A|G,23063_A|T,23075_T|C,23222_G|A,23271_C|T,23403_A|G,23423_C|T,23525_C|T,23599_T|G,23604_C|G,23854_C|A,23948_G|T,24378_C|T,24424_A|T,24469_T|A,24872_G|T,24990_C|T,25000_C|T,25006_C|T,25207_C|T,25584_C|T,26060_C|T,26270_C|T,26529_G|C,26577_C|G,26610_A|G,26681_C|T,26709_G|A,26735_C|T,26833_C|T,26858_C|T,27259_A|C,27382_G|C,27383_A|T,27384_T|C,27807_C|T,27810_T|C,28271_A|T,28291_C|A,28311_C|T,28851_G|T,28881_G|A,28882_G|A,28883_G|C,28884_G|C,28958_C|A,29510_A|C,11288_11296,21633_21641,21765_21770,21992_21994,22194_22196,23009_23011,28362_28370,29734_29759,21608_.|TCATGCCGCTGT
USA/NJ-CDC-LC1127028/2024	XEK	241_C|T,593_C|T,670_T|G,897_C|A,2790_C|T,3037_C|T,3431_G|T,3505_C|T,3565_T|C,4184_G|A,4321_C|T,5701_T|C,6183_A|G,7113_C|T,7411_A|G,7842_A|G,8293_C|T,8393_G|A,9286_C|T,9344_C|T,9424_A|G,9534_C|T,10029_C|T,10198_C|T,10447_G|A,10449_C|A,11042_G|T,11727_G|A,12789_C|T,12815_C|T,12880_C|T,13339_T|C,14408_C|T,15714_C|T,15756_T|A,17410_C|T,18163_A|G,18492_A|G,18657_C|T,18894_C|T,19716_C|T,19955_C|T,20055_A|G,21618_C|T,21622_C|T,21624_G|C,21627_C|A,21711_C|T,21738_T|C,21941_G|T,21987_G|A,22032_T|C,22033_C|A,22034_A|G,22200_T|G,22208_C|T,22295_C|A,22353_C|A,22556_A|G,22577_G|C,22578_G|A,22629_A|C,22674_C|T,22679_T|C,22686_C|T,22688_A|G,22770_G|A,22775_G|A,22786_A|C,22813_G|T,22882_T|G,22895_G|C,22896_T|A,22898_G|A,22910_A|G,22916_C|T,22917_T|G,22926_T|C,22928_T|C,22942_T|A,22992_G|A,22995_C|A,23005_T|A,23012_G|A,23018_T|C,23019_T|C,23039_C|G,23055_A|G,23063_A|T,23075_T|C,23222_G|A,23271_C|T,23403_A|G,23423_C|T,23525_C|T,23599_T|G,23604_C|G,23854_C|A,23948_G|T,24378_C|T,24424_A|T,24469_T|A,24872_G|T,24990_C|T,25000_C|T,25006_C|T,25207_C|T,25584_C|T,26060_C|T,26270_C|T,26529_G|C,26577_C|G,26610_A|G,26681_C|T,26709_G|A,26833_C|T,26858_C|T,27259_A|C,27382_G|C,27383_A|T,27384_T|C,27807_C|T,27810_T|C,28271_A|T,28291_C|A,28311_C|T,28881_G|A,28882_G|A,28883_G|C,28884_G|C,28958_C|A,29510_A|C,11288_11296,21633_21641,21765_21770,21992_21994,22194_22196,23009_23011,28362_28370,29734_29759,21608_.|TCATGCCGCTGT
USA/NJ-CDC-LC1130117/2025	XEK	241_C|T,593_C|T,670_T|G,897_C|A,1722_C|T,2790_C|T,3037_C|T,3431_G|T,3505_C|T,3565_T|C,4184_G|A,4321_C|T,5701_T|C,6183_A|G,7113_C|T,7842_A|G,8293_C|T,8393_G|A,9286_C|T,9344_C|T,9424_A|G,9534_C|T,10029_C|T,10198_C|T,10447_G|A,10449_C|A,11042_G|T,11727_G|A,12789_C|T,12815_C|T,12880_C|T,13339_T|C,14408_C|T,15714_C|T,15756_T|A,17410_C|T,18163_A|G,18492_A|G,18657_C|T,18894_C|T,19716_C|T,19955_C|T,20055_A|G,21618_C|T,21622_C|T,21624_G|C,21627_C|A,21711_C|T,21738_T|C,21941_G|T,21987_G|A,22032_T|C,22033_C|A,22034_A|G,22200_T|G,22208_C|T,22295_C|A,22353_C|A,22556_A|G,22577_G|C,22578_G|A,22629_A|C,22674_C|T,22679_T|C,22686_C|T,22688_A|G,22770_G|A,22775_G|A,22786_A|C,22813_G|T,22882_T|G,22895_G|C,22896_T|A,22898_G|A,22910_A|G,22916_C|T,22917_T|G,22926_T|C,22928_T|C,22942_T|A,22992_G|A,22995_C|A,23005_T|A,23012_G|A,23018_T|C,23019_T|C,23039_C|G,23055_A|G,23063_A|T,23075_T|C,23222_G|A,23271_C|T,23403_A|G,23423_C|T,23525_C|T,23599_T|G,23604_C|G,23854_C|A,23948_G|T,24378_C|T,24424_A|T,24469_T|A,24872_G|T,24990_C|T,25000_C|T,25006_C|T,25207_C|T,25433_C|T,25584_C|T,26060_C|T,26270_C|T,26529_G|C,26577_C|G,26610_A|G,26681_C|T,26709_G|A,26833_C|T,26858_C|T,27259_A|C,27382_G|C,27383_A|T,27384_T|C,27807_C|T,27810_T|C,28271_A|T,28291_C|A,28311_C|T,28881_G|A,28882_G|A,28883_G|C,28884_G|C,28958_C|A,29510_A|C,11288_11296,21633_21641,21765_21770,21992_21994,22194_22196,23009_23011,28362_28370,29734_29759,21608_.|TCATGCCGCTGT
USA/NJ-CDC-LC1132482/2025	XEK	241_C|T,593_C|T,670_T|G,897_C|A,1426_C|T,1722_C|T,2790_C|T,3037_C|T,3431_G|T,3505_C|T,3565_T|C,4184_G|A,4321_C|T,5701_T|C,6183_A|G,6943_G|A,7113_C|T,7842_A|G,8293_C|T,8393_G|A,9286_C|T,9344_C|T,9424_A|G,9534_C|T,9929_G|A,10029_C|T,10198_C|T,10447_G|A,10449_C|A,11042_G|T,11727_G|A,12789_C|T,12815_C|T,12880_C|T,13339_T|C,14408_C|T,15240_C|T,15714_C|T,15756_T|A,17410_C|T,18163_A|G,18492_A|G,18657_C|T,18894_C|T,19716_C|T,19955_C|T,20055_A|G,21618_C|T,21622_C|T,21624_G|C,21627_C|A,21711_C|T,21738_T|C,21941_G|T,21987_G|A,22032_T|C,22033_C|A,22034_A|G,22200_T|G,22208_C|T,22295_C|A,22353_C|A,22556_A|G,22577_G|C,22578_G|A,22629_A|C,22674_C|T,22679_T|C,22686_C|T,22688_A|G,22770_G|A,22775_G|A,22786_A|C,22813_G|T,22882_T|G,22895_G|C,22896_T|A,22898_G|A,22910_A|G,22916_C|T,22917_T|G,22926_T|C,22928_T|C,22942_T|A,22992_G|A,22995_C|A,23005_T|A,23012_G|A,23018_T|C,23019_T|C,23039_C|G,23055_A|G,23063_A|T,23075_T|C,23222_G|A,23271_C|T,23403_A|G,23423_C|T,23525_C|T,23599_T|G,23604_C|G,23854_C|A,23948_G|T,24378_C|T,24424_A|T,24469_T|A,24872_G|T,24990_C|T,25000_C|T,25006_C|T,25207_C|T,25584_C|T,25916_C|T,26060_C|T,26270_C|T,26529_G|C,26577_C|G,26610_A|G,26681_C|T,26709_G|A,26833_C|T,26858_C|T,27259_A|C,27382_G|C,27383_A|T,27384_T|C,27807_C|T,27810_T|C,28271_A|T,28291_C|A,28311_C|T,28881_G|A,28882_G|A,28883_G|C,28884_G|C,28958_C|A,29510_A|C,11288_11296,21633_21641,21765_21770,21992_21994,22194_22196,23009_23011,28362_28370,29734_29759,21608_.|TCATGCCGCTGT
USA/NJ-CDC-LC1133282/2025	XEK	241_C|T,593_C|T,670_T|G,897_C|A,2092_T|G,2790_C|T,3037_C|T,3431_G|T,3505_C|T,3565_T|C,3736_C|T,4184_G|A,4321_C|T,5701_T|C,5761_G|A,6183_A|G,6573_C|T,6601_A|G,7113_C|T,7842_A|G,8293_C|T,8393_G|A,9286_C|T,9344_C|T,9424_A|G,9534_C|T,10029_C|T,10198_C|T,10447_G|A,10449_C|A,10969_C|T,11042_G|T,11727_G|A,12789_C|T,12815_C|T,12880_C|T,13339_T|C,14408_C|T,15714_C|T,15756_T|A,16348_T|C,17410_C|T,18163_A|G,18492_A|G,18657_C|T,18894_C|T,19287_T|A,19716_C|T,19955_C|T,20055_A|G,21302_C|T,21304_C|A,21305_G|A,21618_C|T,21622_C|T,21624_G|C,21627_C|A,21711_C|T,21738_T|C,21941_G|T,21987_G|A,22032_T|C,22033_C|A,22034_A|G,22200_T|G,22208_C|T,22295_C|A,22353_C|A,22556_A|G,22577_G|C,22578_G|A,22629_A|C,22674_C|T,22679_T|C,22686_C|T,22688_A|G,22770_G|A,22775_G|A,22786_A|C,22813_G|T,22882_T|G,22895_G|C,22896_T|A,22898_G|A,22910_A|G,22916_C|T,22917_T|G,22926_T|C,22928_T|C,22942_T|A,22992_G|A,22995_C|A,23005_T|A,23012_G|A,23018_T|C,23019_T|C,23039_C|G,23055_A|G,23063_A|T,23075_T|C,23222_G|A,23271_C|T,23403_A|G,23423_C|T,23525_C|T,23599_T|G,23604_C|G,23854_C|A,23948_G|T,24378_C|T,24424_A|T,24469_T|A,24872_G|T,24990_C|T,25000_C|T,25006_C|T,25207_C|T,25584_C|T,26060_C|T,26270_C|T,26529_G|C,26577_C|G,26610_A|G,26681_C|T,26709_G|A,26833_C|T,26858_C|T,27259_A|C,27382_G|C,27383_A|T,27384_T|C,27807_C|T,27810_T|C,28271_A|T,28291_C|A,28311_C|T,28881_G|A,28882_G|A,28883_G|C,28884_G|C,28958_C|A,29510_A|C,11288_11296,21633_21641,21765_21770,21992_21994,22194_22196,23009_23011,28362_28370,29734_29759,21608_.|TCATGCCGCTGT
USA/NJ-PHEL-V24014502/2024	XEK	241_C|T,593_C|T,670_T|G,1102_C|T,1714_C|T,2790_C|T,3037_C|T,3431_G|T,3505_C|T,3565_T|C,4184_G|A,4321_C|T,5701_T|C,6077_G|T,6183_A|G,7113_C|T,7842_A|G,8293_C|T,8393_G|A,9286_C|T,9344_C|T,9534_C|T,10029_C|T,10198_C|T,10447_G|A,10449_C|A,11042_G|T,11727_G|A,12789_C|T,12815_C|T,12880_C|T,13339_T|C,14408_C|T,15714_C|T,15756_T|A,17410_C|T,18163_A|G,18492_A|G,18657_C|T,18894_C|T,19716_C|T,19955_C|T,20055_A|G,21618_C|T,21622_C|T,21624_G|C,21627_C|A,21711_C|T,21738_T|C,21941_G|T,21987_G|A,22032_T|C,22033_C|A,22034_A|G,22200_T|G,22208_C|T,22295_C|A,22353_C|A,22556_A|G,22577_G|C,22578_G|A,22629_A|C,22674_C|T,22679_T|C,22686_C|T,22688_A|G,22770_G|A,22775_G|A,22786_A|C,22813_G|T,22882_T|G,22895_G|C,22896_T|A,22898_G|A,22910_A|G,22916_C|T,22917_T|G,22926_T|C,22928_T|C,22942_T|A,22992_G|A,22995_C|A,23005_T|A,23012_G|A,23018_T|C,23019_T|C,23039_C|G,23055_A|G,23063_A|T,23075_T|C,23222_G|A,23271_C|T,23403_A|G,23423_C|T,23525_C|T,23599_T|G,23604_C|G,23854_C|A,23948_G|T,24378_C|T,24424_A|T,24469_T|A,24872_G|T,24990_C|T,25000_C|T,25006_C|T,25207_C|T,25584_C|T,26060_C|T,26270_C|T,26529_G|C,26577_C|G,26681_C|T,26735_C|T,26833_C|T,26858_C|T,27259_A|C,27382_G|C,27383_A|T,27384_T|C,27807_C|T,27810_T|C,28271_A|T,28291_C|A,28311_C|T,28851_G|T,28881_G|A,28882_G|A,28883_G|C,28884_G|C,28958_C|A,29510_A|C,11288_11296,21633_21641,21765_21770,21992_21994,22194_22196,23009_23011,28362_28370
USA/NMDOH-2025000397/2024	XEK	241_C|T,593_C|T,670_T|G,897_C|A,2790_C|T,3004_G|A,3037_C|T,3431_G|T,3505_C|T,4184_G|A,4321_C|T,5701_T|C,6026_C|T,6183_A|G,7113_C|T,7842_A|G,8293_C|T,8393_G|A,9286_C|T,9344_C|T,9424_A|G,9534_C|T,10029_C|T,10198_C|T,10447_G|A,10449_C|A,11042_G|T,11727_G|A,12789_C|T,12815_C|T,12880_C|T,13339_T|C,14408_C|T,15714_C|T,15756_T|A,17410_C|T,18163_A|G,18255_G|A,18492_A|G,18657_C|T,18894_C|T,19716_C|T,19955_C|T,20055_A|G,21618_C|T,21622_C|T,21624_G|C,21627_C|A,21711_C|T,21738_T|C,21941_G|T,21987_G|A,22032_T|C,22033_C|A,22034_A|G,22200_T|G,22208_C|T,22295_C|A,22353_C|A,22556_A|G,22577_G|C,22578_G|A,22629_A|C,22674_C|T,22679_T|C,22686_C|T,22688_A|G,22770_G|A,22775_G|A,22786_A|C,22813_G|T,22882_T|G,22895_G|C,22896_T|A,22898_G|A,22910_A|G,22916_C|T,22917_T|G,22926_T|C,22928_T|C,22942_T|A,22992_G|A,22995_C|A,23005_T|A,23012_G|A,23018_T|C,23019_T|C,23039_C|G,23055_A|G,23063_A|T,23075_T|C,23222_G|A,23271_C|T,23403_A|G,23423_C|T,23525_C|T,23599_T|G,23604_C|G,23854_C|A,23948_G|T,24378_C|T,24424_A|T,24469_T|A,24872_G|T,24990_C|T,25000_C|T,25006_C|T,25207_C|T,25584_C|T,26060_C|T,26270_C|T,26529_G|C,26577_C|G,26681_C|T,26709_G|A,26833_C|T,26858_C|T,27259_A|C,27382_G|C,27383_A|T,27384_T|C,27807_C|T,27810_T|C,28271_A|T,28291_C|A,28311_C|T,28881_G|A,28882_G|A,28883_G|C,28884_G|C,28958_C|A,29510_A|C,11288_11296,21633_21641,21765_21770,21992_21994,22194_22196,23009_23011,28362_28370,29734_29759,21607_.|GNNNNNNNNNNN
USA/NMDOH-2025002333/2025	XEK	241_C|T,593_C|T,670_T|G,897_C|A,1535_G|A,2790_C|T,3037_C|T,3431_G|T,3505_C|T,3565_T|C,4184_G|A,4321_C|T,5701_T|C,6183_A|G,7113_C|T,7842_A|G,8293_C|T,8393_G|A,9286_C|T,9344_C|T,9424_A|G,9534_C|T,10029_C|T,10198_C|T,10447_G|A,10449_C|A,11029_G|A,11042_G|T,11727_G|A,12755_A|G,12789_C|T,12815_C|T,12880_C|T,13339_T|C,14408_C|T,15714_C|T,15756_T|A,17410_C|T,18163_A|G,18492_A|G,18657_C|T,18894_C|T,18985_G|A,19716_C|T,19955_C|T,20055_A|G,21618_C|T,21622_C|T,21624_G|C,21627_C|A,21711_C|T,21738_T|C,21941_G|T,21987_G|A,22032_T|C,22033_C|A,22034_A|G,22200_T|G,22208_C|T,22295_C|A,22353_C|A,22556_A|G,22577_G|C,22578_G|A,22629_A|C,22674_C|T,22679_T|C,22686_C|T,22688_A|G,22775_G|A,22786_A|C,22813_G|T,22882_T|G,22895_G|C,22896_T|A,22898_G|A,22910_A|G,22916_C|T,22917_T|G,22926_T|C,22928_T|C,22942_T|A,22992_G|A,22995_C|A,23005_T|A,23012_G|A,23018_T|C,23019_T|C,23039_C|G,23055_A|G,23063_A|T,23075_T|C,23222_G|A,23271_C|T,23403_A|G,23423_C|T,23525_C|T,23599_T|G,23604_C|G,23854_C|A,23948_G|T,24378_C|T,24424_A|T,24469_T|A,24872_G|T,24990_C|T,25000_C|T,25006_C|T,25207_C|T,25584_C|T,26060_C|T,26270_C|T,26529_G|C,26577_C|G,26610_A|G,26681_C|T,26709_G|A,26833_C|T,26858_C|T,27259_A|C,27382_G|C,27383_A|T,27384_T|C,27807_C|T,27810_T|C,28271_A|T,28291_C|A,28311_C|T,28881_G|A,28882_G|A,28883_G|C,28884_G|C,28958_C|A,29000_G|A,29510_A|C,29774_C|T,11288_11296,21633_21641,21765_21770,21992_21994,22194_22196,23009_23011,28362_28370,29734_29759,21607_.|GNNNNNNNNNNN
USA/NMDOH-2025004022/2025	XEK	241_C|T,593_C|T,670_T|G,897_C|A,2790_C|T,3004_G|A,3037_C|T,3431_G|T,3505_C|T,3565_T|C,4184_G|A,4321_C|T,5701_T|C,6026_C|T,6183_A|G,7113_C|T,7842_A|G,8293_C|T,8393_G|A,9286_C|T,9344_C|T,9424_A|G,9534_C|T,10029_C|T,10198_C|T,10447_G|A,10449_C|A,11042_G|T,11727_G|A,12789_C|T,12815_C|T,12880_C|T,13339_T|C,14408_C|T,15714_C|T,15756_T|A,17410_C|T,18163_A|G,18492_A|G,18657_C|T,18894_C|T,19716_C|T,19862_C|T,19955_C|T,20055_A|G,21618_C|T,21622_C|T,21624_G|C,21627_C|A,21711_C|T,21738_T|C,21941_G|T,21987_G|A,22032_T|C,22033_C|A,22034_A|G,22200_T|G,22208_C|T,22295_C|A,22353_C|A,22556_A|G,22577_G|C,22578_G|A,22629_A|C,22674_C|T,22679_T|C,22686_C|T,22688_A|G,22770_G|A,22775_G|A,22786_A|C,22813_G|T,22882_T|G,22895_G|C,22896_T|A,22898_G|A,22910_A|G,22916_C|T,22917_T|G,22926_T|C,22928_T|C,22942_T|A,22992_G|A,22995_C|A,23005_T|A,23012_G|A,23018_T|C,23019_T|C,23039_C|G,23055_A|G,23063_A|T,23075_T|C,23222_G|A,23271_C|T,23403_A|G,23423_C|T,23525_C|T,23599_T|G,23604_C|G,23854_C|A,23948_G|T,24378_C|T,24424_A|T,24469_T|A,24872_G|T,24990_C|T,25000_C|T,25006_C|T,25207_C|T,25584_C|T,26060_C|T,26270_C|T,26529_G|C,26577_C|G,26681_C|T,26709_G|A,26833_C|T,26858_C|T,27259_A|C,27382_G|C,27383_A|T,27384_T|C,27807_C|T,27810_T|C,28271_A|T,28291_C|A,28311_C|T,28881_G|A,28882_G|A,28883_G|C,28884_G|C,28958_C|A,29510_A|C,11288_11296,21633_21641,21765_21770,21992_21994,22194_22196,23009_23011,28362_28370,29734_29759,21607_.|GNNNNNNNNNNN
USA/NY-CDC-LC1124493/2024	XEK	241_C|T,593_C|T,670_T|G,897_C|A,2790_C|T,3037_C|T,3431_G|T,3505_C|T,3565_T|C,4184_G|A,4321_C|T,5239_C|T,5701_T|C,5908_T|C,6183_A|G,7113_C|T,7842_A|G,8293_C|T,8393_G|A,9286_C|T,9344_C|T,9424_A|G,9534_C|T,10029_C|T,10198_C|T,10447_G|A,10449_C|A,11042_G|T,11727_G|A,12789_C|T,12815_C|T,12880_C|T,13339_T|C,14408_C|T,15714_C|T,15756_T|A,17410_C|T,18163_A|G,18492_A|G,18657_C|T,18894_C|T,19716_C|T,19955_C|T,20055_A|G,21618_C|T,21622_C|T,21624_G|C,21627_C|A,21711_C|T,21738_T|C,21941_G|T,21987_G|A,22032_T|C,22033_C|A,22034_A|G,22200_T|G,22208_C|T,22295_C|A,22353_C|A,22556_A|G,22577_G|C,22578_G|A,22629_A|C,22674_C|T,22679_T|C,22686_C|T,22688_A|G,22770_G|A,22775_G|A,22786_A|C,22813_G|T,22882_T|G,22895_G|C,22896_T|A,22898_G|A,22910_A|G,22916_C|T,22917_T|G,22926_T|C,22928_T|C,22942_T|A,22992_G|A,22995_C|A,23005_T|A,23012_G|A,23018_T|C,23019_T|C,23039_C|G,23055_A|G,23063_A|T,23075_T|C,23222_G|A,23271_C|T,23403_A|G,23423_C|T,23525_C|T,23599_T|G,23604_C|G,23854_C|A,23875_T|C,23948_G|T,24378_C|T,24424_A|T,24469_T|A,24872_G|T,24990_C|T,25000_C|T,25006_C|T,25207_C|T,25584_C|T,26060_C|T,26270_C|T,26529_G|C,26577_C|G,26610_A|G,26681_C|T,26709_G|A,26833_C|T,26858_C|T,27259_A|C,27382_G|C,27383_A|T,27384_T|C,27807_C|T,27810_T|C,27970_C|T,28271_A|T,28291_C|A,28311_C|T,28881_G|A,28882_G|A,28883_G|C,28884_G|C,28958_C|A,29510_A|C,11288_11296,21633_21641,21765_21770,21992_21994,22194_22196,23009_23011,28362_28370,29734_29759,21608_.|TCATGCCGCTGT
USA/NY-CDC-LC1125118/2024	XEK	241_C|T,593_C|T,670_T|G,897_C|A,2790_C|T,3037_C|T,3431_G|T,3505_C|T,3565_T|C,3728_G|T,4184_G|A,4321_C|T,6183_A|G,6539_C|T,7113_C|T,7842_A|G,8293_C|T,8393_G|A,9286_C|T,9344_C|T,9424_A|G,9534_C|T,10029_C|T,10198_C|T,10447_G|A,10449_C|A,11042_G|T,11727_G|A,12789_C|T,12815_C|T,12880_C|T,13339_T|C,14408_C|T,15714_C|T,15756_T|A,17410_C|T,18163_A|G,18492_A|G,18657_C|T,18894_C|T,19716_C|T,19955_C|T,20055_A|G,21618_C|T,21622_C|T,21624_G|C,21627_C|A,21711_C|T,21738_T|C,21941_G|T,21987_G|A,22032_T|C,22033_C|A,22034_A|G,22200_T|G,22208_C|T,22295_C|A,22353_C|A,22556_A|G,22577_G|C,22578_G|A,22629_A|C,22674_C|T,22679_T|C,22686_C|T,22688_A|G,22770_G|A,22775_G|A,22786_A|C,22813_G|T,22882_T|G,22895_G|C,22896_T|A,22898_G|A,22910_A|G,22916_C|T,22917_T|G,22926_T|C,22928_T|C,22942_T|A,22992_G|A,22995_C|A,23005_T|A,23012_G|A,23018_T|C,23019_T|C,23039_C|G,23055_A|G,23063_A|T,23075_T|C,23222_G|A,23271_C|T,23403_A|G,23423_C|T,23525_C|T,23599_T|G,23604_C|G,23854_C|A,23948_G|T,24378_C|T,24424_A|T,24469_T|A,24872_G|T,24990_C|T,25000_C|T,25006_C|T,25207_C|T,25584_C|T,26060_C|T,26270_C|T,26529_G|C,26577_C|G,26610_A|G,26681_C|T,26709_G|A,26833_C|T,26858_C|T,27259_A|C,27382_G|C,27383_A|T,27384_T|C,27807_C|T,27810_T|C,28271_A|T,28291_C|A,28311_C|T,28881_G|A,28882_G|A,28883_G|C,28884_G|C,28958_C|A,29510_A|C,11288_11296,21633_21641,21765_21770,21992_21994,22194_22196,23009_23011,28362_28370,29734_29759,21608_.|TCATGCCGCTGT
USA/NY-CDC-LC1126295/2024	XEK	241_C|T,593_C|T,626_G|T,670_T|G,897_C|A,1102_C|T,1714_C|T,2790_C|T,3037_C|T,3431_G|T,3505_C|T,3565_T|C,4184_G|A,4321_C|T,5701_T|C,6077_G|T,6183_A|G,7113_C|T,7842_A|G,8293_C|T,8393_G|A,9286_C|T,9344_C|T,9424_A|G,9534_C|T,10029_C|T,10198_C|T,10447_G|A,10449_C|A,11042_G|T,11727_G|A,12789_C|T,12815_C|T,12880_C|T,13339_T|C,14408_C|T,15714_C|T,15756_T|A,17410_C|T,18163_A|G,18492_A|G,18657_C|T,18894_C|T,19716_C|T,19955_C|T,20055_A|G,21618_C|T,21622_C|T,21624_G|C,21627_C|A,21711_C|T,21738_T|C,21941_G|T,21987_G|A,22032_T|C,22033_C|A,22034_A|G,22200_T|G,22208_C|T,22295_C|A,22353_C|A,22556_A|G,22577_G|C,22578_G|A,22629_A|C,22674_C|T,22679_T|C,22686_C|T,22688_A|G,22770_G|A,22775_G|A,22786_A|C,22813_G|T,22882_T|G,22895_G|C,22896_T|A,22898_G|A,22910_A|G,22916_C|T,22917_T|G,22926_T|C,22928_T|C,22942_T|A,22992_G|A,22995_C|A,23005_T|A,23012_G|A,23018_T|C,23019_T|C,23039_C|G,23055_A|G,23063_A|T,23075_T|C,23222_G|A,23271_C|T,23403_A|G,23423_C|T,23525_C|T,23599_T|G,23604_C|G,23854_C|A,23948_G|T,24378_C|T,24424_A|T,24469_T|A,24872_G|T,24990_C|T,25000_C|T,25006_C|T,25207_C|T,25584_C|T,26060_C|T,26270_C|T,26529_G|C,26577_C|G,26610_A|G,26681_C|T,26709_G|A,26735_C|T,26833_C|T,26858_C|T,27259_A|C,27382_G|C,27383_A|T,27384_T|C,27807_C|T,27810_T|C,28271_A|T,28291_C|A,28311_C|T,28851_G|T,28881_G|A,28882_G|A,28883_G|C,28884_G|C,28958_C|A,29510_A|C,11288_11296,21633_21641,21765_21770,21992_21994,22194_22196,23009_23011,28362_28370,29734_29759
USA/NY-CDC-LC1126884/2024	XEK	241_C|T,593_C|T,670_T|G,897_C|A,1722_C|T,2091_C|T,2790_C|T,3037_C|T,3431_G|T,3505_C|T,3565_T|C,4184_G|A,4321_C|T,5701_T|C,6183_A|G,7113_C|T,7842_A|G,8293_C|T,8393_G|A,9286_C|T,9344_C|T,9424_A|G,9532_C|T,9534_C|T,10029_C|T,10198_C|T,10447_G|A,10449_C|A,11042_G|T,11727_G|A,12789_C|T,12815_C|T,12880_C|T,13339_T|C,14408_C|T,15714_C|T,15756_T|A,17410_C|T,18163_A|G,18492_A|G,18657_C|T,18894_C|T,19716_C|T,19955_C|T,20055_A|G,21618_C|T,21622_C|T,21624_G|C,21627_C|A,21711_C|T,21738_T|C,21941_G|T,21987_G|A,22032_T|C,22033_C|A,22034_A|G,22200_T|G,22208_C|T,22295_C|A,22353_C|A,22556_A|G,22577_G|C,22578_G|A,22629_A|C,22674_C|T,22679_T|C,22686_C|T,22688_A|G,22770_G|A,22775_G|A,22786_A|C,22813_G|T,22882_T|G,22895_G|C,22896_T|A,22898_G|A,22910_A|G,22916_C|T,22917_T|G,22926_T|C,22928_T|C,22942_T|A,22992_G|A,22995_C|A,23005_T|A,23012_G|A,23018_T|C,23019_T|C,23039_C|G,23055_A|G,23063_A|T,23075_T|C,23222_G|A,23271_C|T,23403_A|G,23423_C|T,23525_C|T,23599_T|G,23604_C|G,23854_C|A,23948_G|T,24378_C|T,24424_A|T,24469_T|A,24872_G|T,24990_C|T,25000_C|T,25006_C|T,25207_C|T,25584_C|T,26013_C|T,26060_C|T,26270_C|T,26529_G|C,26577_C|G,26610_A|G,26681_C|T,26709_G|A,26833_C|T,26858_C|T,27259_A|C,27382_G|C,27383_A|T,27384_T|C,27807_C|T,27810_T|C,28271_A|T,28291_C|A,28311_C|T,28881_G|A,28882_G|A,28883_G|C,28884_G|C,28958_C|A,29510_A|C,11288_11296,21633_21641,21765_21770,21992_21994,22194_22196,23009_23011,28362_28370,29734_29759,21608_.|TCATGCCGCTGT
USA/NY-CDC-QDX25221037/2024	XEK	241_C|T,593_C|T,670_T|G,897_C|A,2388_C|G,2790_C|T,3037_C|T,3431_G|T,3505_C|T,3565_T|C,4184_G|A,4321_C|T,5701_T|C,6183_A|G,6848_C|T,7113_C|T,7842_A|G,8293_C|T,8393_G|A,9286_C|T,9344_C|T,9424_A|G,9534_C|T,9593_T|C,10029_C|T,10198_C|T,10447_G|A,10449_C|A,11042_G|T,11727_G|A,12789_C|T,12815_C|T,12880_C|T,13339_T|C,14408_C|T,15714_C|T,15756_T|A,17410_C|T,18163_A|G,18492_A|G,18657_C|T,18894_C|T,19716_C|T,19955_C|T,20055_A|G,21618_C|T,21622_C|T,21624_G|C,21627_C|A,21711_C|T,21738_T|C,21941_G|T,21987_G|A,22032_T|C,22033_C|A,22034_A|G,22200_T|G,22208_C|T,22295_C|A,22353_C|A,22556_A|G,22577_G|C,22578_G|A,22629_A|C,22674_C|T,22679_T|C,22686_C|T,22688_A|G,22770_G|A,22775_G|A,22786_A|C,22813_G|T,22882_T|G,22895_G|C,22896_T|A,22898_G|A,22910_A|G,22916_C|T,22917_T|G,22926_T|C,22928_T|C,22942_T|A,22992_G|A,22995_C|A,23005_T|A,23012_G|A,23018_T|C,23019_T|C,23039_C|G,23055_A|G,23063_A|T,23075_T|C,23222_G|A,23271_C|T,23403_A|G,23423_C|T,23525_C|T,23599_T|G,23604_C|G,23854_C|A,23948_G|T,24378_C|T,24424_A|T,24469_T|A,24872_G|T,24990_C|T,25000_C|T,25006_C|T,25207_C|T,25584_C|T,26060_C|T,26270_C|T,26529_G|C,26577_C|G,26610_A|G,26681_C|T,26709_G|A,26833_C|T,26858_C|T,27259_A|C,27382_G|C,27383_A|T,27384_T|C,27807_C|T,27810_T|C,28271_A|T,28291_C|A,28311_C|T,28881_G|A,28882_G|A,28883_G|C,28884_G|C,28958_C|A,29510_A|C,11288_11296,21633_21641,21765_21770,21992_21994,22194_22196,23009_23011,28362_28370,29734_29759,21608_.|TCATGCCGCTGT
USA/NY-NYCPHL-019712/2025	XEK	241_C|T,593_C|T,670_T|G,897_C|A,2790_C|T,3037_C|T,3431_G|T,3505_C|T,3565_T|C,4184_G|A,4321_C|T,5701_T|C,6183_A|G,7113_C|T,7842_A|G,8293_C|T,8393_G|A,9286_C|T,9344_C|T,9424_A|G,9534_C|T,10029_C|T,10198_C|T,10447_G|A,10449_C|A,11042_G|T,11727_G|A,12789_C|T,12815_C|T,12880_C|T,13339_T|C,14408_C|T,15714_C|T,15756_T|A,17410_C|T,18163_A|G,18492_A|G,18657_C|T,18894_C|T,19716_C|T,19955_C|T,20055_A|G,21618_C|T,21622_C|T,21624_G|C,21627_C|A,21711_C|T,21738_T|C,21941_G|T,21987_G|A,22032_T|C,22033_C|A,22034_A|G,22200_T|G,22208_C|T,22295_C|A,22353_C|A,22556_A|G,22577_G|C,22578_G|A,22629_A|C,22674_C|T,22679_T|C,22686_C|T,22688_A|G,22770_G|A,22775_G|A,22786_A|C,22813_G|T,22882_T|G,22895_G|C,22896_T|A,22898_G|A,22910_A|G,22916_C|T,22917_T|G,22926_T|C,22928_T|C,22942_T|A,22992_G|A,22995_C|A,23005_T|A,23012_G|A,23018_T|C,23019_T|C,23039_C|G,23055_A|G,23063_A|T,23075_T|C,23222_G|A,23271_C|T,23403_A|G,23423_C|T,23525_C|T,23599_T|G,23604_C|G,23755_G|C,23854_C|A,23948_G|T,24229_T|A,24378_C|T,24424_A|T,24469_T|A,24872_G|T,24990_C|T,25000_C|T,25006_C|T,25207_C|T,25584_C|T,26060_C|T,26270_C|T,26529_G|C,26577_C|G,26610_A|G,26681_C|T,26709_G|A,26833_C|T,26858_C|T,27259_A|C,27382_G|C,27383_A|T,27384_T|C,27807_C|T,27810_T|C,28253_C|T,28254_A|C,28271_A|T,28291_C|A,28311_C|T,28881_G|A,28882_G|A,28883_G|C,28884_G|C,28958_C|A,29510_A|C,11288_11296,21633_21641,21765_21770,21992_21994,22194_22196,23009_23011,28362_28370,29734_29759
USA/NY-PRL-241203_82A12/2024	XEK	241_C|T,593_C|T,670_T|G,897_C|A,1102_C|T,1714_C|T,2790_C|T,3037_C|T,3431_G|T,3505_C|T,3565_T|C,4184_G|A,4321_C|T,5701_T|C,6077_G|T,6183_A|G,7113_C|T,7842_A|G,8293_C|T,8393_G|A,9286_C|T,9344_C|T,9424_A|G,9534_C|T,10029_C|T,10198_C|T,10447_G|A,10449_C|A,11042_G|T,11727_G|A,12789_C|T,12815_C|T,12880_C|T,13339_T|C,14408_C|T,15714_C|T,15756_T|A,17410_C|T,18163_A|G,18492_A|G,18657_C|T,18894_C|T,19716_C|T,19955_C|T,20055_A|G,21618_C|T,21622_C|T,21624_G|C,21627_C|A,21711_C|T,21738_T|C,21941_G|T,21987_G|A,22032_T|C,22033_C|A,22034_A|G,22200_T|G,22208_C|T,22295_C|A,22353_C|A,22556_A|G,22577_G|C,22578_G|A,22629_A|C,22674_C|T,22679_T|C,22686_C|T,22688_A|G,22770_G|A,22775_G|A,22786_A|C,22813_G|T,22882_T|G,22895_G|C,22896_T|A,22898_G|A,22910_A|G,22916_C|T,22917_T|G,22926_T|C,22928_T|C,22942_T|A,22992_G|A,22995_C|A,23005_T|A,23012_G|A,23018_T|C,23019_T|C,23039_C|G,23055_A|G,23063_A|T,23075_T|C,23222_G|A,23271_C|T,23403_A|G,23423_C|T,23525_C|T,23599_T|G,23604_C|G,23854_C|A,23948_G|T,24378_C|T,24424_A|T,24469_T|A,24872_G|T,24990_C|T,25000_C|T,25006_C|T,25207_C|T,25584_C|T,26060_C|T,26270_C|T,26529_G|C,26577_C|G,26610_A|G,26681_C|T,26709_G|A,26735_C|T,26833_C|T,26858_C|T,27259_A|C,27382_G|C,27383_A|T,27384_T|C,27807_C|T,27810_T|C,28271_A|T,28291_C|A,28311_C|T,28851_G|T,28881_G|A,28882_G|A,28883_G|C,28884_G|C,28958_C|A,29510_A|C,11288_11296,21633_21641,21765_21770,21992_21994,22194_22196,23009_23011,28362_28370,29734_29759
USA/NY-PRL-250225_83C11/2025	XEK	241_C|T,593_C|T,670_T|G,897_C|A,1426_C|T,1722_C|T,2790_C|T,3037_C|T,3431_G|T,3505_C|T,3565_T|C,4184_G|A,4321_C|T,5701_T|C,6183_A|G,6943_G|A,7113_C|T,7842_A|G,8293_C|T,8393_G|A,9246_C|T,9286_C|T,9344_C|T,9424_A|G,9534_C|T,9929_G|A,10029_C|T,10198_C|T,10447_G|A,10449_C|A,11042_G|T,11727_G|A,12789_C|T,12815_C|T,12880_C|T,13339_T|C,14408_C|T,15240_C|T,15714_C|T,15756_T|A,17410_C|T,18163_A|G,18492_A|G,18657_C|T,18894_C|T,19716_C|T,19955_C|T,20055_A|G,21618_C|T,21622_C|T,21624_G|C,21627_C|A,21711_C|T,21738_T|C,21933_C|T,21941_G|T,21987_G|A,22032_T|C,22033_C|A,22034_A|G,22200_T|G,22208_C|T,22295_C|A,22353_C|A,22556_A|G,22577_G|C,22578_G|A,22629_A|C,22674_C|T,22679_T|C,22686_C|T,22688_A|G,22770_G|A,22775_G|A,22786_A|C,22813_G|T,22882_T|G,22895_G|C,22896_T|A,22898_G|A,22910_A|G,22916_C|T,22917_T|G,22926_T|C,22928_T|C,22942_T|A,22992_G|A,22995_C|A,23005_T|A,23012_G|A,23018_T|C,23019_T|C,23039_C|G,23055_A|G,23063_A|T,23075_T|C,23222_G|A,23271_C|T,23403_A|G,23423_C|T,23525_C|T,23599_T|G,23604_C|G,23854_C|A,23948_G|T,24378_C|T,24424_A|T,24469_T|A,24872_G|T,24990_C|T,25000_C|T,25006_C|T,25207_C|T,25584_C|T,26060_C|T,26270_C|T,26529_G|C,26577_C|G,26610_A|G,26681_C|T,26709_G|A,26833_C|T,26858_C|T,27259_A|C,27382_G|C,27383_A|T,27384_T|C,27807_C|T,27810_T|C,28271_A|T,28291_C|A,28311_C|T,28881_G|A,28882_G|A,28883_G|C,28884_G|C,28958_C|A,29510_A|C,11288_11296,21633_21641,21765_21770,21992_21994,22194_22196,23009_23011,28362_28370,29734_29759
USA/NY-PRL-250415_83G08/2025	XEK	241_C|T,593_C|T,670_T|G,829_C|T,897_C|A,2790_C|T,3037_C|T,3048_A|G,3431_G|T,3505_C|T,3565_T|C,4184_G|A,4321_C|T,5392_C|T,5701_T|C,6183_A|G,7113_C|T,7842_A|G,8293_C|T,8393_G|A,9286_C|T,9344_C|T,9424_A|G,9534_C|T,10029_C|T,10198_C|T,10447_G|A,10449_C|A,11042_G|T,11727_G|A,12789_C|T,12815_C|T,12880_C|T,13339_T|C,14408_C|T,15714_C|T,15756_T|A,16954_C|T,17285_C|T,17410_C|T,18163_A|G,18171_C|T,18492_A|G,18657_C|T,18894_C|T,19080_A|G,19716_C|T,19955_C|T,20055_A|G,21077_C|T,21618_C|T,21622_C|T,21624_G|C,21627_C|A,21711_C|T,21738_T|C,21742_C|T,21941_G|T,21987_G|A,22032_T|C,22033_C|A,22034_A|G,22200_T|G,22208_C|T,22295_C|A,22353_C|A,22556_A|G,22577_G|C,22578_G|A,22629_A|C,22674_C|T,22679_T|C,22686_C|T,22688_A|G,22770_G|A,22775_G|A,22786_A|C,22813_G|T,22882_T|G,22895_G|C,22896_T|A,22898_G|A,22910_A|G,22916_C|T,22917_T|G,22926_T|C,22928_T|C,22942_T|A,22992_G|A,22995_C|A,23005_T|A,23012_G|A,23018_T|C,23019_T|C,23039_C|G,23055_A|G,23063_A|T,23075_T|C,23222_G|A,23271_C|T,23403_A|G,23423_C|T,23525_C|T,23599_T|G,23604_C|G,23854_C|A,23948_G|T,24378_C|T,24424_A|T,24469_T|A,24872_G|T,24990_C|T,25000_C|T,25006_C|T,25207_C|T,25584_C|T,26060_C|T,26270_C|T,26529_G|C,26577_C|G,26610_A|G,26681_C|T,26709_G|A,26833_C|T,26858_C|T,27259_A|C,27382_G|C,27383_A|T,27384_T|C,27481_C|T,27807_C|T,27810_T|C,28271_A|T,28291_C|A,28311_C|T,28881_G|A,28882_G|A,28883_G|C,28884_G|C,28958_C|A,29510_A|C,11288_11296,21633_21641,21765_21770,21992_21994,22194_22196,23009_23011,28362_28370,29734_29759
USA/NY-USAFSAM-S23147/2024	XEK	241_C|T,593_C|T,670_T|G,897_C|A,2790_C|T,3037_C|T,3431_G|T,3565_T|C,4184_G|A,4321_C|T,5701_T|C,6183_A|G,7113_C|T,7842_A|G,7929_A|G,8293_C|T,8393_G|A,8560_T|C,9286_C|T,9344_C|T,9424_A|G,9534_C|T,10029_C|T,10198_C|T,10447_G|A,10449_C|A,11042_G|T,11727_G|A,12789_C|T,12815_C|T,12880_C|T,12924_C|T,13270_T|C,13339_T|C,14408_C|T,15714_C|T,15756_T|A,16458_A|G,17410_C|T,18163_A|G,18326_C|T,18492_A|G,18657_C|T,18894_C|T,19716_C|T,19955_C|T,20055_A|G,21618_C|T,21622_C|T,21624_G|C,21627_C|A,21711_C|T,21738_T|C,21941_G|T,21987_G|A,22032_T|C,22033_C|A,22034_A|G,22200_T|G,22208_C|T,22295_C|A,22353_C|A,22556_A|G,22577_G|C,22578_G|A,22629_A|C,22674_C|T,22679_T|C,22686_C|T,22688_A|G,22770_G|A,22775_G|A,22786_A|C,22813_G|T,22882_T|G,22895_G|C,22896_T|A,22898_G|A,22910_A|G,22916_C|T,22917_T|G,22926_T|C,22928_T|C,22942_T|A,22992_G|A,22995_C|A,23005_T|A,23012_G|A,23018_T|C,23019_T|C,23039_C|G,23055_A|G,23063_A|T,23075_T|C,23222_G|A,23271_C|T,23403_A|G,23423_C|T,23525_C|T,23599_T|G,23604_C|G,23854_C|A,23948_G|T,24378_C|T,24424_A|T,24469_T|A,24872_G|T,24990_C|T,25000_C|T,25006_C|T,25207_C|T,25584_C|T,25603_C|T,26060_C|T,26270_C|T,26529_G|C,26577_C|G,26610_A|G,26681_C|T,26709_G|A,26833_C|T,26858_C|T,27259_A|C,27382_G|C,27383_A|T,27384_T|C,27807_C|T,27810_T|C,28271_A|T,28291_C|A,28311_C|T,28881_G|A,28882_G|A,28883_G|C,28884_G|C,28958_C|A,29510_A|C,11288_11296,21633_21641,21765_21770,21992_21994,22194_22196,23009_23011,28362_28370,29734_29759
USA/PA-CDC-LC1124634/2024	XEK	241_C|T,593_C|T,670_T|G,897_C|A,2030_G|A,2790_C|T,3037_C|T,3431_G|T,3505_C|T,3565_T|C,4184_G|A,4321_C|T,5701_T|C,6183_A|G,7113_C|T,7842_A|G,8293_C|T,8393_G|A,9286_C|T,9344_C|T,9424_A|G,9534_C|T,10029_C|T,10198_C|T,10447_G|A,10449_C|A,11042_G|T,11727_G|A,12789_C|T,12815_C|T,12880_C|T,13339_T|C,14408_C|T,15714_C|T,15756_T|A,17410_C|T,18163_A|G,18492_A|G,18657_C|T,18894_C|T,19716_C|T,19955_C|T,20055_A|G,21618_C|T,21622_C|T,21624_G|C,21627_C|A,21711_C|T,21738_T|C,21941_G|T,21987_G|A,22032_T|C,22033_C|A,22034_A|G,22200_T|G,22208_C|T,22295_C|A,22353_C|A,22556_A|G,22577_G|C,22578_G|A,22629_A|C,22674_C|T,22679_T|C,22686_C|T,22688_A|G,22770_G|A,22775_G|A,22786_A|C,22813_G|T,22882_T|G,22895_G|C,22896_T|A,22898_G|A,22910_A|G,22916_C|T,22917_T|G,22926_T|C,22928_T|C,22942_T|A,22992_G|A,22995_C|A,23005_T|A,23012_G|A,23018_T|C,23019_T|C,23039_C|G,23055_A|G,23063_A|T,23075_T|C,23222_G|A,23271_C|T,23403_A|G,23423_C|T,23525_C|T,23599_T|G,23604_C|G,23854_C|A,23948_G|T,24378_C|T,24424_A|T,24469_T|A,24872_G|T,24990_C|T,25000_C|T,25006_C|T,25207_C|T,25584_C|T,25690_G|T,26060_C|T,26270_C|T,26529_G|C,26577_C|G,26610_A|G,26681_C|T,26709_G|A,26833_C|T,26858_C|T,27259_A|C,27382_G|C,27383_A|T,27384_T|C,27807_C|T,27810_T|C,28271_A|T,28291_C|A,28311_C|T,28881_G|A,28882_G|A,28883_G|C,28884_G|C,28958_C|A,29510_A|C,11288_11296,21633_21641,21765_21770,21992_21994,22194_22196,23009_23011,28362_28370,29734_29759,21608_.|TCATGCCGCTGT
USA/PA-CDC-LC1125603/2024	XEK	241_C|T,593_C|T,670_T|G,897_C|A,2790_C|T,3004_G|A,3037_C|T,3431_G|T,3505_C|T,3565_T|C,4184_G|A,4321_C|T,5701_T|C,5892_C|T,6183_A|G,7113_C|T,7842_A|G,8293_C|T,8393_G|A,9286_C|T,9344_C|T,9424_A|G,9534_C|T,10029_C|T,10198_C|T,10447_G|A,10449_C|A,11042_G|T,11727_G|A,12463_A|G,12789_C|T,12815_C|T,12880_C|T,13339_T|C,13421_C|T,14408_C|T,15714_C|T,15756_T|A,17410_C|T,18163_A|G,18492_A|G,18657_C|T,18894_C|T,19716_C|T,19955_C|T,20055_A|G,21618_C|T,21622_C|T,21624_G|C,21627_C|A,21711_C|T,21738_T|C,21941_G|T,21987_G|A,22032_T|C,22033_C|A,22034_A|G,22200_T|G,22208_C|T,22295_C|A,22353_C|A,22556_A|G,22577_G|C,22578_G|A,22629_A|C,22674_C|T,22679_T|C,22686_C|T,22688_A|G,22770_G|A,22775_G|A,22786_A|C,22813_G|T,22882_T|G,22895_G|C,22896_T|A,22898_G|A,22910_A|G,22916_C|T,22917_T|G,22926_T|C,22928_T|C,22942_T|A,22992_G|A,22995_C|A,23005_T|A,23012_G|A,23018_T|C,23019_T|C,23039_C|G,23055_A|G,23063_A|T,23075_T|C,23222_G|A,23271_C|T,23403_A|G,23423_C|T,23525_C|T,23599_T|G,23604_C|G,23854_C|A,23948_G|T,24378_C|T,24424_A|T,24469_T|A,24872_G|T,24990_C|T,25000_C|T,25006_C|T,25207_C|T,25584_C|T,26060_C|T,26270_C|T,26529_G|C,26577_C|G,26610_A|G,26681_C|T,26709_G|A,26833_C|T,26858_C|T,27071_T|C,27259_A|C,27382_G|C,27383_A|T,27384_T|C,27807_C|T,27810_T|C,28271_A|T,28291_C|A,28311_C|T,28881_G|A,28882_G|A,28883_G|C,28884_G|C,28958_C|A,29510_A|C,29700_A|G,11288_11296,21633_21641,21765_21770,21992_21994,22194_22196,23009_23011,28362_28370,29734_29759,21608_.|TCATGCCGCTGT
USA/PA-CDC-LC1126075/2024	XEK	241_C|T,593_C|T,670_T|G,897_C|A,2508_C|T,2790_C|T,3004_G|A,3037_C|T,3431_G|T,3505_C|T,3565_T|C,4184_G|A,4321_C|T,5701_T|C,5892_C|T,6183_A|G,7113_C|T,7842_A|G,8293_C|T,8393_G|A,9286_C|T,9344_C|T,9424_A|G,9534_C|T,10029_C|T,10198_C|T,10447_G|A,10449_C|A,10747_C|T,11042_G|T,11727_G|A,12463_A|G,12789_C|T,12815_C|T,12880_C|T,13339_T|C,13421_C|T,13512_A|T,14408_C|T,15714_C|T,15756_T|A,17410_C|T,18163_A|G,18492_A|G,18657_C|T,18894_C|T,19716_C|T,19955_C|T,20055_A|G,21618_C|T,21622_C|T,21624_G|C,21627_C|A,21711_C|T,21738_T|C,21941_G|T,21987_G|A,22032_T|C,22033_C|A,22034_A|G,22200_T|G,22208_C|T,22295_C|A,22353_C|A,22556_A|G,22577_G|C,22578_G|A,22629_A|C,22674_C|T,22679_T|C,22686_C|T,22688_A|G,22770_G|A,22775_G|A,22786_A|C,22813_G|T,22882_T|G,22895_G|C,22896_T|A,22898_G|A,22910_A|G,22916_C|T,22917_T|G,22926_T|C,22928_T|C,22942_T|A,22992_G|A,22995_C|A,23005_T|A,23012_G|A,23018_T|C,23019_T|C,23039_C|G,23055_A|G,23063_A|T,23075_T|C,23222_G|A,23271_C|T,23403_A|G,23423_C|T,23525_C|T,23599_T|G,23604_C|G,23854_C|A,23948_G|T,24378_C|T,24424_A|T,24469_T|A,24872_G|T,24990_C|T,25000_C|T,25006_C|T,25207_C|T,25584_C|T,26060_C|T,26270_C|T,26529_G|C,26577_C|G,26610_A|G,26681_C|T,26709_G|A,26833_C|T,26858_C|T,27259_A|C,27382_G|C,27383_A|T,27384_T|C,27807_C|T,27810_T|C,28271_A|T,28291_C|A,28311_C|T,28881_G|A,28882_G|A,28883_G|C,28884_G|C,28958_C|A,29510_A|C,29700_A|G,11288_11296,21633_21641,21765_21770,21992_21994,22194_22196,23009_23011,28362_28370,29734_29759,21608_.|TCATGCCGCTGT
USA/SC-CDC-LC1128841/2025	XEK	241_C|T,593_C|T,670_T|G,897_C|A,2790_C|T,3037_C|T,3431_G|T,3505_C|T,3565_T|C,4184_G|A,4321_C|T,5229_A|G,5701_T|C,6183_A|G,7113_C|T,7842_A|G,8293_C|T,8393_G|A,9286_C|T,9344_C|T,9424_A|G,9534_C|T,9913_T|C,10029_C|T,10198_C|T,10447_G|A,10449_C|A,11042_G|T,11727_G|A,12789_C|T,12815_C|T,12880_C|T,13339_T|C,14408_C|T,15714_C|T,15756_T|A,17410_C|T,18163_A|G,18492_A|G,18657_C|T,18894_C|T,19716_C|T,19955_C|T,20055_A|G,21618_C|T,21622_C|T,21624_G|C,21627_C|A,21711_C|T,21738_T|C,21941_G|T,21987_G|A,22032_T|C,22033_C|A,22034_A|G,22200_T|G,22208_C|T,22295_C|A,22353_C|A,22556_A|G,22577_G|C,22578_G|A,22629_A|C,22674_C|T,22679_T|C,22686_C|T,22688_A|G,22770_G|A,22775_G|A,22786_A|C,22813_G|T,22882_T|G,22895_G|C,22896_T|A,22898_G|A,22910_A|G,22916_C|T,22917_T|G,22926_T|C,22928_T|C,22942_T|A,22992_G|A,22995_C|A,23005_T|A,23012_G|A,23018_T|C,23019_T|C,23039_C|G,23055_A|G,23063_A|T,23075_T|C,23222_G|A,23271_C|T,23403_A|G,23423_C|T,23525_C|T,23599_T|G,23604_C|G,23854_C|A,23948_G|T,24378_C|T,24424_A|T,24469_T|A,24872_G|T,24990_C|T,25000_C|T,25006_C|T,25207_C|T,25584_C|T,26060_C|T,26270_C|T,26529_G|C,26577_C|G,26610_A|G,26681_C|T,26709_G|A,26833_C|T,26858_C|T,27259_A|C,27382_G|C,27383_A|T,27384_T|C,27807_C|T,27810_T|C,28271_A|T,28291_C|A,28311_C|T,28791_C|T,28881_G|A,28882_G|A,28883_G|C,28884_G|C,28958_C|A,29510_A|C,11288_11296,21633_21641,21765_21770,21992_21994,22194_22196,23009_23011,28362_28370,29734_29759,21608_.|TCATGCCGCTGT
USA/SC-COVID25-0009/2025	XEK	241_C|T,593_C|T,670_T|G,897_C|A,2252_C|A,2790_C|T,3004_G|A,3037_C|T,3042_C|A,3431_G|T,3505_C|T,3565_T|C,4184_G|A,4321_C|T,5701_T|C,5892_C|T,6183_A|G,6358_G|A,7113_C|T,7842_A|G,8293_C|T,8393_G|A,9286_C|T,9344_C|T,9424_A|G,9534_C|T,10029_C|T,10198_C|T,10447_G|A,10449_C|A,11042_G|T,11727_G|A,12463_A|G,12789_C|T,12815_C|T,12880_C|T,13339_T|C,13421_C|T,14408_C|T,15714_C|T,15756_T|A,17410_C|T,18163_A|G,18492_A|G,18657_C|T,18894_C|T,19716_C|T,19955_C|T,20055_A|G,21618_C|T,21622_C|T,21624_G|C,21627_C|A,21711_C|T,21738_T|C,21941_G|T,21987_G|A,22032_T|C,22033_C|A,22034_A|G,22200_T|G,22208_C|T,22295_C|A,22353_C|A,22556_A|G,22577_G|C,22578_G|A,22629_A|C,22674_C|T,22679_T|C,22686_C|T,22688_A|G,22770_G|A,22775_G|A,22786_A|C,22813_G|T,22882_T|G,22895_G|C,22896_T|A,22898_G|A,22910_A|G,22916_C|T,22917_T|G,22926_T|C,22928_T|C,22942_T|A,22992_G|A,22995_C|A,23005_T|A,23012_G|A,23018_T|C,23019_T|C,23039_C|G,23055_A|G,23063_A|T,23075_T|C,23222_G|A,23271_C|T,23403_A|G,23423_C|T,23525_C|T,23599_T|G,23604_C|G,23854_C|A,23948_G|T,24378_C|T,24424_A|T,24469_T|A,24872_G|T,24990_C|T,25000_C|T,25006_C|T,25207_C|T,25584_C|T,26060_C|T,26270_C|T,26529_G|C,26577_C|G,26610_A|G,26681_C|T,26709_G|A,26833_C|T,26858_C|T,27259_A|C,27382_G|C,27383_A|T,27384_T|C,27807_C|T,27810_T|C,28271_A|T,28291_C|A,28311_C|T,28881_G|A,28882_G|A,28883_G|C,28884_G|C,28958_C|A,29510_A|C,11288_11296,21633_21641,21765_21770,21992_21994,22194_22196,23009_23011,28362_28370,29734_29759,21608_.|TCATGCCGCTGT
USA/SD-SDPHL-3800/2024	XEK	241_C|T,593_C|T,670_T|G,897_C|A,2790_C|T,3037_C|T,3431_G|T,3505_C|T,3565_T|C,3736_C|T,4184_G|A,4321_C|T,5701_T|C,5761_G|A,6183_A|G,6601_A|G,7113_C|T,7842_A|G,8293_C|T,8393_G|A,9286_C|T,9344_C|T,9424_A|G,9534_C|T,10029_C|T,10198_C|T,10447_G|A,10449_C|A,11042_G|T,11727_G|A,12789_C|T,12815_C|T,12880_C|T,13339_T|C,14408_C|T,15714_C|T,15756_T|A,17410_C|T,18163_A|G,18492_A|G,18657_C|T,18894_C|T,19287_T|A,19716_C|T,19955_C|T,20055_A|G,21302_C|T,21304_C|A,21305_G|A,21618_C|T,21622_C|T,21624_G|C,21627_C|A,21711_C|T,21738_T|C,21941_G|T,21987_G|A,22032_T|C,22033_C|A,22034_A|G,22200_T|G,22208_C|T,22295_C|A,22353_C|A,22556_A|G,22577_G|C,22578_G|A,22629_A|C,22674_C|T,22679_T|C,22686_C|T,22688_A|G,22770_G|A,22775_G|A,22786_A|C,22813_G|T,22882_T|G,22895_G|C,22896_T|A,22898_G|A,22910_A|G,22916_C|T,22917_T|G,22926_T|C,22928_T|C,22942_T|A,22992_G|A,22995_C|A,23005_T|A,23012_G|A,23018_T|C,23019_T|C,23039_C|G,23055_A|G,23063_A|T,23075_T|C,23222_G|A,23271_C|T,23403_A|G,23423_C|T,23525_C|T,23599_T|G,23604_C|G,23854_C|A,23948_G|T,24378_C|T,24424_A|T,24469_T|A,24872_G|T,24990_C|T,25000_C|T,25006_C|T,25207_C|T,25430_T|C,25584_C|T,26060_C|T,26130_T|C,26270_C|T,26529_G|C,26577_C|G,26610_A|G,26681_C|T,26709_G|A,26833_C|T,26858_C|T,27259_A|C,27382_G|C,27383_A|T,27384_T|C,27807_C|T,27810_T|C,28271_A|T,28291_C|A,28311_C|T,28881_G|A,28882_G|A,28883_G|C,28884_G|C,28958_C|A,29510_A|C,29774_C|T,11288_11296,21633_21641,21765_21770,21992_21994,22194_22196,23009_23011,28362_28370,29734_29759,21608_.|TCATGCCGCTGT
USA/TN-CDC-LC1133418/2025	XEK	241_C|T,593_C|T,670_T|G,897_C|A,2790_C|T,3037_C|T,3431_G|T,3505_C|T,3511_C|T,3565_T|C,4184_G|A,4321_C|T,5701_T|C,6183_A|G,7113_C|T,7420_C|T,7842_A|G,8293_C|T,8393_G|A,9286_C|T,9344_C|T,9424_A|G,9534_C|T,10029_C|T,10198_C|T,10447_G|A,10449_C|A,11042_G|T,11727_G|A,12789_C|T,12815_C|T,12880_C|T,13339_T|C,14408_C|T,15714_C|T,15756_T|A,17410_C|T,18163_A|G,18492_A|G,18657_C|T,18894_C|T,19716_C|T,19955_C|T,20055_A|G,21618_C|T,21622_C|T,21624_G|C,21627_C|A,21711_C|T,21738_T|C,21941_G|T,21987_G|A,22001_A|G,22032_T|C,22033_C|A,22034_A|G,22196_T|G,22200_T|G,22208_C|T,22295_C|A,22353_C|A,22556_A|G,22577_G|C,22578_G|A,22629_A|C,22674_C|T,22679_T|C,22686_C|T,22688_A|G,22770_G|A,22775_G|A,22786_A|C,22813_G|T,22882_T|G,22895_G|C,22896_T|A,22898_G|A,22910_A|G,22916_C|T,22917_T|G,22926_T|C,22928_T|C,22942_T|A,22992_G|A,22995_C|A,23005_T|A,23012_G|A,23018_T|C,23019_T|C,23039_C|G,23055_A|G,23063_A|T,23075_T|C,23222_G|A,23271_C|T,23403_A|G,23423_C|T,23525_C|T,23599_T|G,23604_C|G,23854_C|A,23948_G|T,24378_C|T,24424_A|T,24469_T|A,24872_G|T,24990_C|T,25000_C|T,25006_C|T,25207_C|T,25584_C|T,26060_C|T,26270_C|T,26529_G|C,26577_C|G,26610_A|G,26681_C|T,26709_G|A,26833_C|T,26858_C|T,27259_A|C,27382_G|C,27383_A|T,27384_T|C,27807_C|T,27810_T|C,28271_A|T,28291_C|A,28311_C|T,28376_G|A,28881_G|A,28882_G|A,28883_G|C,28884_G|C,28958_C|A,29218_C|T,29510_A|C,11288_11296,21633_21641,21765_21770,21992_21994,22193_22195,23009_23011,28362_28370,29734_29759,21608_.|TCATGCCGCTGT
USA/TN-SPHL-0009/2025	XEK	241_C|T,593_C|T,670_T|G,897_C|A,2790_C|T,3037_C|T,3431_G|T,3505_C|T,3565_T|C,4184_G|A,4321_C|T,5701_T|C,6183_A|G,7113_C|T,7480_T|A,7842_A|G,8290_C|T,8293_C|T,8393_G|A,9286_C|T,9344_C|T,9424_A|G,9534_C|T,10029_C|T,10078_C|T,10198_C|T,10447_G|A,10449_C|A,11042_G|T,11727_G|A,12789_C|T,12815_C|T,12880_C|T,13339_T|C,14408_C|T,15714_C|T,15756_T|A,17410_C|T,18163_A|G,18492_A|G,18657_C|T,18894_C|T,19716_C|T,19955_C|T,20055_A|G,21618_C|T,21622_C|T,21624_G|C,21627_C|A,21711_C|T,21738_T|C,21941_G|T,21987_G|A,22032_T|C,22033_C|A,22034_A|G,22200_T|G,22208_C|T,22295_C|A,22353_C|A,22556_A|G,22577_G|C,22578_G|A,22629_A|C,22674_C|T,22679_T|C,22686_C|T,22688_A|G,22770_G|A,22775_G|A,22786_A|C,22813_G|T,22882_T|G,22895_G|C,22896_T|A,22898_G|A,22910_A|G,22916_C|T,22917_T|G,22926_T|C,22928_T|C,22942_T|A,22992_G|A,22995_C|A,23005_T|A,23012_G|A,23018_T|C,23019_T|C,23039_C|G,23055_A|G,23063_A|T,23075_T|C,23222_G|A,23271_C|T,23403_A|G,23423_C|T,23525_C|T,23599_T|G,23604_C|G,23854_C|A,23948_G|T,24378_C|T,24424_A|T,24469_T|A,24872_G|T,24990_C|T,25000_C|T,25006_C|T,25207_C|T,25523_G|A,25584_C|T,26060_C|T,26270_C|T,26529_G|C,26577_C|G,26610_A|G,26681_C|T,26709_G|A,26833_C|T,26858_C|T,27134_T|C,27259_A|C,27382_G|C,27383_A|T,27384_T|C,27807_C|T,27810_T|C,28271_A|T,28291_C|A,28311_C|T,28419_C|T,28881_G|A,28882_G|A,28883_G|C,28884_G|C,28958_C|A,29510_A|C,29702_G|A,11288_11296,21633_21641,21765_21770,21992_21994,22194_22196,23009_23011,28362_28370,29734_29759,21608_.|TCATGCCGCTGT
USA/TX-DSHS-26713/2024	XEK	241_C|T,593_C|T,670_T|G,897_C|A,2790_C|T,3037_C|T,3431_G|T,3505_C|T,3565_T|C,4184_G|A,4321_C|T,5701_T|C,6183_A|G,7113_C|T,7842_A|G,8293_C|T,8393_G|A,9286_C|T,9344_C|T,9424_A|G,9534_C|T,10029_C|T,10198_C|T,10375_A|G,10447_G|A,10449_C|A,11042_G|T,11727_G|A,12244_T|C,12789_C|T,12815_C|T,12880_C|T,13339_T|C,14408_C|T,15714_C|T,15756_T|A,17410_C|T,18163_A|G,18492_A|G,18657_C|T,18894_C|T,19716_C|T,19955_C|T,20055_A|G,21618_C|T,21622_C|T,21624_G|C,21627_C|A,21711_C|T,21738_T|C,21928_C|T,21941_G|T,21987_G|A,22032_T|C,22033_C|A,22034_A|G,22200_T|G,22208_C|T,22295_C|A,22353_C|A,22556_A|G,22577_G|C,22578_G|A,22629_A|C,22674_C|T,22679_T|C,22686_C|T,22688_A|G,22770_G|A,22775_G|A,22786_A|C,22813_G|T,22882_T|G,22895_G|C,22896_T|A,22898_G|A,22910_A|G,22916_C|T,22917_T|G,22926_T|C,22928_T|C,22942_T|A,22992_G|A,22995_C|A,23005_T|A,23012_G|A,23018_T|C,23019_T|C,23039_C|G,23055_A|G,23063_A|T,23075_T|C,23222_G|A,23271_C|T,23403_A|G,23423_C|T,23525_C|T,23599_T|G,23604_C|G,23854_C|A,23948_G|T,24378_C|T,24424_A|T,24469_T|A,24872_G|T,24990_C|T,25000_C|T,25006_C|T,25126_G|T,25207_C|T,25584_C|T,26060_C|T,26270_C|T,26529_G|C,26577_C|G,26610_A|G,26681_C|T,26709_G|A,26833_C|T,26858_C|T,27259_A|C,27382_G|C,27383_A|T,27384_T|C,27807_C|T,27810_T|C,28271_A|T,28291_C|A,28311_C|T,28881_G|A,28882_G|A,28883_G|C,28884_G|C,28958_C|A,29510_A|C,11288_11296,21633_21641,21765_21770,21992_21994,22194_22196,23009_23011,28362_28370,21608_.|TCATACCGCTGT
USA/TX-DSHS-26715/2024	XEK	241_C|T,593_C|T,670_T|G,897_C|A,2790_C|T,3004_G|A,3037_C|T,3431_G|T,3505_C|T,3565_T|C,4184_G|A,4321_C|T,5701_T|C,6183_A|G,7113_C|T,7842_A|G,8293_C|T,8393_G|A,9286_C|T,9344_C|T,9424_A|G,9534_C|T,9967_C|T,10029_C|T,10198_C|T,10447_G|A,10449_C|A,11042_G|T,11727_G|A,12789_C|T,12815_C|T,12880_C|T,13339_T|C,14408_C|T,15714_C|T,15756_T|A,17410_C|T,18163_A|G,18492_A|G,18559_C|T,18657_C|T,18894_C|T,19716_C|T,19955_C|T,20055_A|G,21618_C|T,21622_C|T,21624_G|C,21627_C|A,21711_C|T,21738_T|C,21941_G|T,21987_G|A,22032_T|C,22033_C|A,22034_A|G,22200_T|G,22208_C|T,22295_C|A,22353_C|A,22556_A|G,22577_G|C,22578_G|A,22629_A|C,22674_C|T,22679_T|C,22686_C|T,22688_A|G,22770_G|A,22775_G|A,22786_A|C,22813_G|T,22882_T|G,22895_G|C,22896_T|A,22898_G|A,22910_A|G,22916_C|T,22917_T|G,22926_T|C,22928_T|C,22942_T|A,22992_G|A,22995_C|A,23005_T|A,23012_G|A,23018_T|C,23019_T|C,23039_C|G,23055_A|G,23063_A|T,23075_T|C,23222_G|A,23271_C|T,23403_A|G,23423_C|T,23525_C|T,23599_T|G,23604_C|G,23854_C|A,23948_G|T,24378_C|T,24424_A|T,24469_T|A,24872_G|T,24990_C|T,25000_C|T,25006_C|T,25207_C|T,25584_C|T,26060_C|T,26270_C|T,26529_G|C,26577_C|G,26610_A|G,26681_C|T,26709_G|A,26833_C|T,26858_C|T,27259_A|C,27382_G|C,27383_A|T,27384_T|C,27807_C|T,27810_T|C,28271_A|T,28291_C|A,28311_C|T,28881_G|A,28882_G|A,28883_G|C,28884_G|C,28958_C|A,29510_A|C,11288_11296,21633_21641,21765_21770,21992_21994,22194_22196,23009_23011,28362_28370,21608_.|TCATGCCGCTGT
USA/TX-DSHS-26732/2025	XEK	241_C|T,593_C|T,670_T|G,897_C|A,2790_C|T,3037_C|T,3431_G|T,3505_C|T,3565_T|C,4184_G|A,4321_C|T,5701_T|C,6183_A|G,7113_C|T,7842_A|G,8293_C|T,8393_G|A,9286_C|T,9344_C|T,9424_A|G,9534_C|T,10029_C|T,10198_C|T,10375_A|G,10447_G|A,10449_C|A,11042_G|T,11727_G|A,12244_T|C,12789_C|T,12815_C|T,12880_C|T,13339_T|C,14408_C|T,15714_C|T,15756_T|A,17410_C|T,18163_A|G,18492_A|G,18657_C|T,18894_C|T,19716_C|T,19955_C|T,20055_A|G,21618_C|T,21622_C|T,21624_G|C,21627_C|A,21711_C|T,21738_T|C,21928_C|T,21941_G|T,21987_G|A,22032_T|C,22033_C|A,22034_A|G,22200_T|G,22208_C|T,22295_C|A,22353_C|A,22556_A|G,22577_G|C,22578_G|A,22629_A|C,22674_C|T,22679_T|C,22686_C|T,22688_A|G,22770_G|A,22775_G|A,22786_A|C,22813_G|T,22882_T|G,22895_G|C,22896_T|A,22898_G|A,22910_A|G,22916_C|T,22917_T|G,22926_T|C,22928_T|C,22942_T|A,22992_G|A,22995_C|A,23005_T|A,23012_G|A,23018_T|C,23019_T|C,23039_C|G,23055_A|G,23063_A|T,23075_T|C,23222_G|A,23271_C|T,23403_A|G,23423_C|T,23525_C|T,23599_T|G,23604_C|G,23854_C|A,23948_G|T,24378_C|T,24424_A|T,24469_T|A,24872_G|T,24990_C|T,25000_C|T,25006_C|T,25126_G|T,25207_C|T,25584_C|T,26060_C|T,26270_C|T,26529_G|C,26577_C|G,26610_A|G,26681_C|T,26709_G|A,26833_C|T,26858_C|T,27259_A|C,27382_G|C,27383_A|T,27384_T|C,27807_C|T,27810_T|C,28271_A|T,28291_C|A,28311_C|T,28881_G|A,28882_G|A,28883_G|C,28884_G|C,28958_C|A,29510_A|C,11288_11296,21633_21641,21765_21770,21992_21994,22194_22196,23009_23011,28362_28370,21608_.|TCATACCGCTGT
USA/UT-UPHL-241217182311/2024	XEK	100_C|T,241_C|T,593_C|T,670_T|G,897_C|A,1102_C|T,1714_C|T,2790_C|T,3037_C|T,3431_G|T,3505_C|T,3565_T|C,4184_G|A,4321_C|T,5701_T|C,6077_G|T,6183_A|G,7113_C|T,7842_A|G,8293_C|T,8393_G|A,9286_C|T,9344_C|T,9424_A|G,9534_C|T,10029_C|T,10198_C|T,10447_G|A,10449_C|A,11042_G|T,11727_G|A,12789_C|T,12815_C|T,12880_C|T,13339_T|C,14408_C|T,15714_C|T,15756_T|A,17410_C|T,18163_A|G,18492_A|G,18657_C|T,18894_C|T,19716_C|T,19955_C|T,20055_A|G,21618_C|T,21622_C|T,21624_G|C,21627_C|A,21738_T|C,21941_G|T,21987_G|A,22032_T|C,22033_C|A,22034_A|G,22200_T|G,22208_C|T,22295_C|A,22353_C|A,22556_A|G,22577_G|C,22578_G|A,22629_A|C,22674_C|T,22679_T|C,22686_C|T,22688_A|G,22770_G|A,22775_G|A,22786_A|C,22813_G|T,22882_T|G,22895_G|C,22896_T|A,22898_G|A,22910_A|G,22916_C|T,22917_T|G,22926_T|C,22928_T|C,22942_T|A,22992_G|A,22995_C|A,23005_T|A,23012_G|A,23018_T|C,23019_T|C,23039_C|G,23055_A|G,23063_A|T,23075_T|C,23222_G|A,23271_C|T,23403_A|G,23423_C|T,23525_C|T,23599_T|G,23604_C|G,23854_C|A,23948_G|T,24378_C|T,24424_A|T,24469_T|A,24872_G|T,24990_C|T,25000_C|T,25006_C|T,25207_C|T,25584_C|T,26060_C|T,26270_C|T,26529_G|C,26577_C|G,26681_C|T,26709_G|A,26735_C|T,26833_C|T,26858_C|T,27259_A|C,27382_G|C,27383_A|T,27384_T|C,27807_C|T,27810_T|C,28271_A|T,28291_C|A,28311_C|T,28851_G|T,28881_G|A,28882_G|A,28883_G|C,28884_G|C,28958_C|A,29510_A|C,11288_11296,21633_21641,21992_21994,22194_22196,23009_23011,28362_28370,29734_29759,21608_.|TCATGCCGCTGT
USA/UT-UPHL-241220284376/2024	XEK	241_C|T,593_C|T,670_T|G,897_C|A,2712_A|G,2790_C|T,3037_C|T,3431_G|T,3505_C|T,3565_T|C,3913_T|G,4184_G|A,4321_C|T,5701_T|C,6183_A|G,7113_C|T,7842_A|G,8293_C|T,8393_G|A,9286_C|T,9344_C|T,9424_A|G,9534_C|T,10029_C|T,10198_C|T,10447_G|A,10449_C|A,10747_C|T,11042_G|T,11727_G|A,12073_C|T,12789_C|T,12815_C|T,12880_C|T,13339_T|C,14408_C|T,15714_C|T,15756_T|A,17004_C|T,17410_C|T,18163_A|G,18483_C|T,18492_A|G,18647_C|T,18657_C|T,18894_C|T,19716_C|T,19955_C|T,20055_A|G,21618_C|T,21622_C|T,21624_G|C,21627_C|A,21711_C|T,21738_T|C,21941_G|T,21987_G|A,22032_T|C,22033_C|A,22034_A|G,22200_T|G,22208_C|T,22295_C|A,22353_C|A,22556_A|G,22577_G|C,22578_G|A,22629_A|C,22674_C|T,22679_T|C,22686_C|T,22688_A|G,22770_G|A,22775_G|A,22786_A|C,22813_G|T,22882_T|G,22895_G|C,22896_T|A,22898_G|A,22910_A|G,22916_C|T,22917_T|G,22926_T|C,22928_T|C,22942_T|A,22992_G|A,22995_C|A,23005_T|A,23012_G|A,23018_T|C,23019_T|C,23039_C|G,23055_A|G,23063_A|T,23075_T|C,23222_G|A,23271_C|T,23403_A|G,23416_A|G,23423_C|T,23525_C|T,23599_T|G,23604_C|G,23854_C|A,23948_G|T,24378_C|T,24424_A|T,24469_T|A,24872_G|T,24990_C|T,25000_C|T,25006_C|T,25207_C|T,25584_C|T,26060_C|T,26270_C|T,26529_G|C,26577_C|G,26610_A|G,26681_C|T,26709_G|A,26833_C|T,26858_C|T,27259_A|C,27382_G|C,27383_A|T,27384_T|C,27807_C|T,27810_T|C,28271_A|T,28291_C|A,28311_C|T,28881_G|A,28882_G|A,28883_G|C,28884_G|C,28958_C|A,29510_A|C,11288_11296,21633_21641,21765_21770,21992_21994,22194_22196,23009_23011,28362_28370,29734_29759,21608_.|TCATGCCGCTGT
USA/UT-UPHL-241220659290/2024	XEK	241_C|T,593_C|T,670_T|G,897_C|A,2712_A|G,2790_C|T,3037_C|T,3431_G|T,3505_C|T,3913_T|G,4184_G|A,4321_C|T,5701_T|C,6183_A|G,7113_C|T,7842_A|G,8293_C|T,8393_G|A,9286_C|T,9344_C|T,9424_A|G,9534_C|T,10029_C|T,10198_C|T,10447_G|A,10449_C|A,10747_C|T,11042_G|T,11727_G|A,12073_C|T,12789_C|T,12815_C|T,12880_C|T,13339_T|C,14408_C|T,15714_C|T,15756_T|A,17004_C|T,17410_C|T,18163_A|G,18483_C|T,18492_A|G,18647_C|T,18657_C|T,18894_C|T,19716_C|T,19955_C|T,20055_A|G,21618_C|T,21622_C|T,21624_G|C,21627_C|A,21711_C|T,21738_T|C,21941_G|T,21987_G|A,22032_T|C,22033_C|A,22034_A|G,22200_T|G,22208_C|T,22295_C|A,22353_C|A,22556_A|G,22577_G|C,22578_G|A,22629_A|C,22674_C|T,22679_T|C,22686_C|T,22688_A|G,22770_G|A,22775_G|A,22786_A|C,22813_G|T,22882_T|G,22895_G|C,22896_T|A,22898_G|A,22910_A|G,22916_C|T,22917_T|G,22926_T|C,22928_T|C,22942_T|A,22992_G|A,22995_C|A,23005_T|A,23012_G|A,23018_T|C,23019_T|C,23039_C|G,23055_A|G,23063_A|T,23075_T|C,23222_G|A,23271_C|T,23403_A|G,23416_A|G,23423_C|T,23525_C|T,23599_T|G,23604_C|G,23854_C|A,23948_G|T,24378_C|T,24424_A|T,24469_T|A,24872_G|T,24990_C|T,25000_C|T,25006_C|T,25207_C|T,25584_C|T,26060_C|T,26270_C|T,26529_G|C,26577_C|G,26610_A|G,26681_C|T,26709_G|A,26833_C|T,26858_C|T,27259_A|C,27382_G|C,27383_A|T,27384_T|C,27807_C|T,27810_T|C,28271_A|T,28291_C|A,28311_C|T,28881_G|A,28882_G|A,28883_G|C,28884_G|C,28958_C|A,29510_A|C,11288_11296,21633_21641,21765_21770,21992_21994,22194_22196,23009_23011,28362_28370,29734_29759,21608_.|TCATGCCGCTGT
USA/UT-UPHL-241230810622/2024	XEK	100_C|T,241_C|T,593_C|T,670_T|G,897_C|A,1102_C|T,1714_C|T,2790_C|T,3037_C|T,3431_G|T,3505_C|T,3565_T|C,4184_G|A,4321_C|T,5701_T|C,6077_G|T,6183_A|G,7113_C|T,7842_A|G,8293_C|T,8393_G|A,9286_C|T,9344_C|T,9424_A|G,9534_C|T,10029_C|T,10198_C|T,10447_G|A,10449_C|A,11042_G|T,11727_G|A,12789_C|T,12815_C|T,12880_C|T,13339_T|C,14408_C|T,15714_C|T,15756_T|A,17410_C|T,18163_A|G,18492_A|G,18657_C|T,18894_C|T,19716_C|T,19955_C|T,20055_A|G,21618_C|T,21622_C|T,21624_G|C,21627_C|A,21711_C|T,21738_T|C,21941_G|T,21987_G|A,22032_T|C,22033_C|A,22034_A|G,22200_T|G,22208_C|T,22295_C|A,22353_C|A,22556_A|G,22577_G|C,22578_G|A,22629_A|C,22674_C|T,22679_T|C,22686_C|T,22688_A|G,22770_G|A,22775_G|A,22786_A|C,22813_G|T,22882_T|G,22895_G|C,22896_T|A,22898_G|A,22910_A|G,22916_C|T,22917_T|G,22926_T|C,22928_T|C,22942_T|A,22992_G|A,22995_C|A,23005_T|A,23012_G|A,23018_T|C,23019_T|C,23039_C|G,23055_A|G,23063_A|T,23075_T|C,23222_G|A,23271_C|T,23403_A|G,23423_C|T,23525_C|T,23599_T|G,23604_C|G,23854_C|A,23948_G|T,24378_C|T,24424_A|T,24469_T|A,24872_G|T,24990_C|T,25000_C|T,25006_C|T,25207_C|T,25584_C|T,26060_C|T,26270_C|T,26529_G|C,26577_C|G,26610_A|G,26681_C|T,26709_G|A,26735_C|T,26833_C|T,26858_C|T,27259_A|C,27382_G|C,27383_A|T,27384_T|C,27807_C|T,27810_T|C,28271_A|T,28291_C|A,28311_C|T,28851_G|T,28881_G|A,28882_G|A,28883_G|C,28884_G|C,28958_C|A,29510_A|C,11288_11296,21633_21641,21765_21770,21992_21994,22194_22196,23009_23011,28362_28370,29734_29759,21608_.|TCATGCCGCTGT
USA/VA-CAV_VAS3N_00022412_01/2024	XEK	44_C|T,241_C|T,593_C|T,670_T|G,897_C|A,2790_C|T,3037_C|T,3431_G|T,3505_C|T,3565_T|C,3736_C|T,4184_G|A,4321_C|T,5701_T|C,5761_G|A,6183_A|G,6601_A|G,7113_C|T,7842_A|G,8293_C|T,8393_G|A,9286_C|T,9344_C|T,9424_A|G,9534_C|T,10029_C|T,10447_G|A,10449_C|A,10969_C|T,11042_G|T,11727_G|A,12789_C|T,12815_C|T,12880_C|T,13339_T|C,14408_C|T,15714_C|T,15756_T|A,17410_C|T,18163_A|G,18492_A|G,18657_C|T,18894_C|T,19287_T|A,19716_C|T,19955_C|T,20055_A|G,21302_C|T,21304_C|A,21305_G|A,21711_C|T,21738_T|C,21941_G|T,21987_G|A,22032_T|C,22033_C|A,22034_A|G,22200_T|G,22208_C|T,22295_C|A,22353_C|A,22556_A|G,22577_G|C,22578_G|A,22629_A|C,22674_C|T,22679_T|C,22686_C|T,22688_A|G,22770_G|A,22775_G|A,22786_A|C,22813_G|T,22882_T|G,22895_G|C,22896_T|A,22898_G|A,22910_A|G,22916_C|T,22917_T|G,22926_T|C,22928_T|C,22942_T|A,22992_G|A,22995_C|A,23005_T|A,23012_G|A,23018_T|C,23019_T|C,23039_C|G,23055_A|G,23063_A|T,23075_T|C,23222_G|A,23271_C|T,23403_A|G,23423_C|T,23525_C|T,23599_T|G,23604_C|G,23854_C|A,23948_G|T,24378_C|T,24424_A|T,24469_T|A,24872_G|T,24990_C|T,25000_C|T,25006_C|T,25207_C|T,25584_C|T,26060_C|T,26270_C|T,26529_G|C,26577_C|G,26610_A|G,26681_C|T,26709_G|A,26833_C|T,26858_C|T,27259_A|C,27382_G|C,27383_A|T,27384_T|C,27807_C|T,27810_T|C,28271_A|T,28291_C|A,28311_C|T,28881_G|A,28882_G|A,28883_G|C,28884_G|C,28958_C|A,29510_A|C,11288_11296,21765_21770,21992_21994,22194_22196,23009_23011,28362_28370,29734_29759,21608_.|TCATGCCGCTGT
USA/VA-CAV_VAS3N_00022501_01/2024	XEK	21_C|T,44_C|T,241_C|T,593_C|T,670_T|G,897_C|A,2790_C|T,3037_C|T,3431_G|T,3505_C|T,3565_T|C,3736_C|T,4184_G|A,4321_C|T,5701_T|C,5761_G|A,6183_A|G,6601_A|G,7113_C|T,7842_A|G,8293_C|T,8393_G|A,9286_C|T,9344_C|T,9424_A|G,9534_C|T,9808_C|T,10029_C|T,10198_C|T,10447_G|A,10449_C|A,10969_C|T,11042_G|T,11727_G|A,12789_C|T,12815_C|T,12880_C|T,13339_T|C,14408_C|T,15714_C|T,15756_T|A,17410_C|T,18163_A|G,18492_A|G,18657_C|T,18894_C|T,19287_T|A,19716_C|T,19955_C|T,20055_A|G,21302_C|T,21304_C|A,21305_G|A,21618_C|T,21622_C|T,21624_G|C,21627_C|A,21711_C|T,21738_T|C,21941_G|T,21987_G|A,22032_T|C,22033_C|A,22034_A|G,22200_T|G,22208_C|T,22295_C|A,22353_C|A,22556_A|G,22577_G|C,22578_G|A,22629_A|C,22674_C|T,22679_T|C,22686_C|T,22688_A|G,22770_G|A,22775_G|A,22786_A|C,22813_G|T,22882_T|G,22895_G|C,22896_T|A,22898_G|A,22910_A|G,22916_C|T,22917_T|G,22926_T|C,22928_T|C,22942_T|A,22992_G|A,22995_C|A,23005_T|A,23012_G|A,23018_T|C,23019_T|C,23039_C|G,23055_A|G,23063_A|T,23075_T|C,23222_G|A,23271_C|T,23403_A|G,23423_C|T,23525_C|T,23599_T|G,23604_C|G,23854_C|A,23948_G|T,24378_C|T,24424_A|T,24469_T|A,24872_G|T,24990_C|T,25000_C|T,25006_C|T,25207_C|T,25528_C|A,25584_C|T,26060_C|T,26270_C|T,26529_G|C,26577_C|G,26610_A|G,26681_C|T,26709_G|A,26833_C|T,26858_C|T,27259_A|C,27382_G|C,27383_A|T,27384_T|C,27807_C|T,27810_T|C,28271_A|T,28291_C|A,28311_C|T,28881_G|A,28882_G|A,28883_G|C,28884_G|C,28958_C|A,29510_A|C,11288_11296,21633_21641,21765_21770,21992_21994,22194_22196,23009_23011,28362_28370,29734_29759,21608_.|TCATGCCGCTGT
USA/VA-CDC-LC1127207/2024	XEK	241_C|T,593_C|T,670_T|G,897_C|A,2790_C|T,3037_C|T,3431_G|T,3505_C|T,3565_T|C,3736_C|T,4184_G|A,4321_C|T,5701_T|C,5761_G|A,6183_A|G,6601_A|G,7113_C|T,7842_A|G,8293_C|T,8393_G|A,9286_C|T,9344_C|T,9424_A|G,9534_C|T,9808_C|T,10029_C|T,10198_C|T,10447_G|A,10449_C|A,10969_C|T,11042_G|T,11727_G|A,12789_C|T,12815_C|T,12880_C|T,13339_T|C,14408_C|T,15714_C|T,15756_T|A,17410_C|T,18163_A|G,18492_A|G,18657_C|T,18894_C|T,19287_T|A,19716_C|T,19955_C|T,20055_A|G,21302_C|T,21304_C|A,21305_G|A,21618_C|T,21622_C|T,21624_G|C,21627_C|A,21711_C|T,21738_T|C,21941_G|T,21987_G|A,22032_T|C,22033_C|A,22034_A|G,22200_T|G,22208_C|T,22295_C|A,22353_C|A,22556_A|G,22577_G|C,22578_G|A,22629_A|C,22674_C|T,22679_T|C,22686_C|T,22688_A|G,22770_G|A,22775_G|A,22786_A|C,22813_G|T,22882_T|G,22895_G|C,22896_T|A,22898_G|A,22910_A|G,22916_C|T,22917_T|G,22926_T|C,22928_T|C,22942_T|A,22992_G|A,22995_C|A,23005_T|A,23012_G|A,23018_T|C,23019_T|C,23039_C|G,23055_A|G,23063_A|T,23075_T|C,23222_G|A,23271_C|T,23403_A|G,23423_C|T,23525_C|T,23599_T|G,23604_C|G,23854_C|A,23948_G|T,24378_C|T,24424_A|T,24469_T|A,24872_G|T,24990_C|T,25000_C|T,25006_C|T,25207_C|T,25528_C|A,25584_C|T,26060_C|T,26270_C|T,26529_G|C,26577_C|G,26610_A|G,26681_C|T,26709_G|A,26833_C|T,26858_C|T,27259_A|C,27382_G|C,27383_A|T,27384_T|C,27807_C|T,27810_T|C,28271_A|T,28291_C|A,28311_C|T,28881_G|A,28882_G|A,28883_G|C,28884_G|C,28958_C|A,29510_A|C,11288_11296,21633_21641,21765_21770,21992_21994,22194_22196,23009_23011,28362_28370,29734_29759,21608_.|TCATGCCGCTGT
USA/WI-WSLH-2500974/2025	XEK	241_C|T,593_C|T,670_T|G,897_C|A,2790_C|T,3037_C|T,3431_G|T,3505_C|T,3565_T|C,4184_G|A,4321_C|T,5701_T|C,6183_A|G,7113_C|T,7395_T|C,7842_A|G,8293_C|T,8393_G|A,9286_C|T,9344_C|T,9424_A|G,9534_C|T,10029_C|T,10198_C|T,10447_G|A,10449_C|A,11042_G|T,11727_G|A,12789_C|T,12815_C|T,12880_C|T,13339_T|C,14408_C|T,15240_C|T,15714_C|T,15756_T|A,16887_C|T,17410_C|T,18163_A|G,18492_A|G,18657_C|T,18894_C|T,19716_C|T,19955_C|T,20055_A|G,21588_C|T,21618_C|T,21622_C|T,21624_G|C,21627_C|A,21711_C|T,21738_T|C,21941_G|T,21987_G|A,22032_T|C,22033_C|A,22034_A|G,22200_T|G,22208_C|T,22295_C|A,22353_C|A,22556_A|G,22577_G|C,22578_G|A,22629_A|C,22674_C|T,22679_T|C,22686_C|T,22688_A|G,22770_G|A,22775_G|A,22786_A|C,22813_G|T,22882_T|G,22895_G|C,22896_T|A,22898_G|A,22910_A|G,22916_C|T,22917_T|G,22926_T|C,22928_T|C,22942_T|A,22992_G|A,22995_C|A,23005_T|A,23012_G|A,23018_T|C,23019_T|C,23039_C|G,23055_A|G,23063_A|T,23075_T|C,23222_G|A,23271_C|T,23403_A|G,23423_C|T,23525_C|T,23599_T|G,23604_C|G,23854_C|A,23948_G|T,24378_C|T,24424_A|T,24469_T|A,24872_G|T,24990_C|T,25000_C|T,25006_C|T,25207_C|T,25584_C|T,26060_C|T,26270_C|T,26529_G|C,26577_C|G,26610_A|G,26681_C|T,26709_G|A,26833_C|T,26858_C|T,27259_A|C,27382_G|C,27383_A|T,27384_T|C,27807_C|T,27810_T|C,28271_A|T,28291_C|A,28311_C|T,28881_G|A,28882_G|A,28883_G|C,28884_G|C,28958_C|A,28960_G|T,29510_A|C,11288_11296,21633_21641,21765_21770,21992_21994,23009_23011,28362_28370
IGS-10285-CVDP-025CD5F6-51DC-454A-8EBF-2E7DE76FC3A6	XEK	241_C|T,593_C|T,670_T|G,897_C|A,1426_C|T,2790_C|T,3037_C|T,3190_A|G,3431_G|T,3505_C|T,3565_T|C,4184_G|A,4321_C|T,5701_T|C,6183_A|G,7113_C|T,7842_A|G,8293_C|T,8393_G|A,9286_C|T,9344_C|T,9424_A|G,9534_C|T,10029_C|T,10198_C|T,10447_G|A,10449_C|A,11042_G|T,11727_G|A,12789_C|T,12815_C|T,12880_C|T,13339_T|C,14408_C|T,15714_C|T,15756_T|A,17410_C|T,18163_A|G,18492_A|G,18657_C|T,18894_C|T,19716_C|T,19955_C|T,20055_A|G,21618_C|T,21622_C|T,21624_G|C,21627_C|A,21711_C|T,21738_T|C,21941_G|T,22032_T|C,22033_C|A,22034_A|G,22200_T|G,22208_C|T,22295_C|A,22353_C|A,22556_A|G,22577_G|C,22578_G|A,22674_C|T,22679_T|C,22686_C|T,22688_A|G,22770_G|A,22775_G|A,22786_A|C,22813_G|T,22882_T|G,22895_G|C,22896_T|A,22898_G|A,22910_A|G,22916_C|T,22917_T|G,22926_T|C,22928_T|C,22942_T|A,22992_G|A,22995_C|A,23005_T|A,23012_G|A,23018_T|C,23019_T|C,23039_C|G,23055_A|G,23063_A|T,23075_T|C,23222_G|A,23271_C|T,23403_A|G,23423_C|T,23525_C|T,23599_T|G,23604_C|G,23854_C|A,23948_G|T,24378_C|T,24424_A|T,24469_T|A,24872_G|T,24990_C|T,25000_C|T,25006_C|T,25207_C|T,25584_C|T,26060_C|T,26270_C|T,26529_G|C,26577_C|G,26610_A|G,26681_C|T,26709_G|A,26833_C|T,26858_C|T,27259_A|C,27382_G|C,27383_A|T,27384_T|C,27807_C|T,27810_T|C,28271_A|T,28291_C|A,28311_C|T,28739_G|T,28881_G|A,28882_G|A,28883_G|C,28884_G|C,28958_C|A,29510_A|C,29686_C|T,11288_11296,21633_21641,21765_21770,21992_21994,22194_22196,23009_23011,28362_28370,29734_29759,21608_.|TCATGCCGCTGT
IGS-10285-CVDP-0466D1F7-A74F-475D-89D9-6C0D71686B81	XEK	241_C|T,593_C|T,670_T|G,897_C|A,2790_C|T,3037_C|T,3431_G|T,3505_C|T,3565_T|C,4184_G|A,4321_C|T,5701_T|C,6183_A|G,7113_C|T,7842_A|G,8293_C|T,8393_G|A,9286_C|T,9344_C|T,9424_A|G,9534_C|T,10029_C|T,10198_C|T,10447_G|A,10449_C|A,11042_G|T,11727_G|A,12789_C|T,12815_C|T,12880_C|T,13339_T|C,14408_C|T,15714_C|T,15756_T|A,17410_C|T,18163_A|G,18492_A|G,18657_C|T,18894_C|T,19716_C|T,19921_G|A,19955_C|T,20055_A|G,21618_C|T,21622_C|T,21627_C|A,21711_C|T,21738_T|C,21941_G|T,21987_G|A,22032_T|C,22033_C|A,22034_A|G,22200_T|G,22208_C|T,22295_C|A,22353_C|A,22556_A|G,22577_G|C,22578_G|A,22629_A|C,22674_C|T,22679_T|C,22686_C|T,22688_A|G,22770_G|A,22775_G|A,22786_A|C,22813_G|T,22882_T|G,22895_G|C,22896_T|A,22898_G|A,22910_A|G,22916_C|T,22917_T|G,22926_T|C,22928_T|C,22942_T|A,22992_G|A,22995_C|A,23005_T|A,23012_G|A,23018_T|C,23019_T|C,23039_C|G,23055_A|G,23063_A|T,23075_T|C,23222_G|A,23271_C|T,23403_A|G,23423_C|T,23525_C|T,23599_T|G,23604_C|G,23854_C|A,23948_G|T,24378_C|T,24424_A|T,24469_T|A,24872_G|T,24990_C|T,25000_C|T,25006_C|T,25207_C|T,25584_C|T,26060_C|T,26270_C|T,26529_G|C,26577_C|G,26610_A|G,26681_C|T,26709_G|A,26833_C|T,26858_C|T,27259_A|C,27382_G|C,27383_A|T,27384_T|C,27432_T|A,27807_C|T,27810_T|C,28271_A|T,28291_C|A,28311_C|T,28881_G|A,28882_G|A,28883_G|C,28884_G|C,28958_C|A,29510_A|C,11288_11296,21633_21641,21765_21770,21992_21994,22194_22196,23009_23011,28362_28370,29734_29759,21608_.|TCATGCCGCTGT
IGS-10285-CVDP-068F3F82-0E5C-4FD0-B632-435319296254	XEK	241_C|T,593_C|T,670_T|G,897_C|A,2644_C|T,2790_C|T,3037_C|T,3431_G|T,3505_C|T,3565_T|C,3877_T|C,4184_G|A,4321_C|T,5701_T|C,6183_A|G,7113_C|T,7842_A|G,8293_C|T,8393_G|A,9286_C|T,9344_C|T,9424_A|G,9534_C|T,10029_C|T,10198_C|T,10447_G|A,10449_C|A,11042_G|T,11727_G|A,12789_C|T,12815_C|T,12880_C|T,13339_T|C,14408_C|T,15714_C|T,15756_T|A,15951_C|T,17410_C|T,18163_A|G,18492_A|G,18657_C|T,18894_C|T,19716_C|T,19955_C|T,20055_A|G,21618_C|T,21622_C|T,21624_G|C,21627_C|A,21711_C|T,21738_T|C,21941_G|T,21987_G|A,22032_T|C,22033_C|A,22034_A|G,22200_T|G,22208_C|T,22295_C|A,22353_C|A,22556_A|G,22577_G|C,22578_G|A,22629_A|C,22674_C|T,22679_T|C,22686_C|T,22688_A|G,22770_G|A,22775_G|A,22786_A|C,22813_G|T,22882_T|G,22895_G|C,22896_T|A,22898_G|A,22910_A|G,22916_C|T,22917_T|G,22926_T|C,22928_T|C,22942_T|A,22992_G|A,22995_C|A,23005_T|A,23012_G|A,23018_T|C,23019_T|C,23039_C|G,23055_A|G,23063_A|T,23075_T|C,23222_G|A,23271_C|T,23403_A|G,23423_C|T,23525_C|T,23599_T|G,23604_C|G,23683_C|T,23854_C|A,23948_G|T,24378_C|T,24424_A|T,24469_T|A,24872_G|T,24990_C|T,25000_C|T,25006_C|T,25207_C|T,25584_C|T,26060_C|T,26270_C|T,26529_G|C,26577_C|G,26610_A|G,26681_C|T,26709_G|A,26833_C|T,26858_C|T,27259_A|C,27382_G|C,27383_A|T,27384_T|C,27807_C|T,27810_T|C,28271_A|T,28291_C|A,28311_C|T,28881_G|A,28882_G|A,28883_G|C,28884_G|C,28958_C|A,29353_C|T,29510_A|C,11288_11296,21633_21641,21765_21770,21992_21994,22194_22196,23009_23011,28362_28370,29734_29759,21608_.|TCATGCCGCTGT
IGS-10285-CVDP-07531528-A73F-4381-B9DD-1315C0B6D3A5	XEK	241_C|T,593_C|T,670_T|G,897_C|A,1102_C|T,2790_C|T,3037_C|T,3431_G|T,3505_C|T,3565_T|C,4184_G|A,4321_C|T,5701_T|C,6077_G|T,6183_A|G,7113_C|T,7842_A|G,8293_C|T,8393_G|A,9286_C|T,9344_C|T,9424_A|G,9534_C|T,10029_C|T,10198_C|T,10447_G|A,10449_C|A,11042_G|T,11727_G|A,12789_C|T,12815_C|T,12880_C|T,13339_T|C,14408_C|T,15714_C|T,15756_T|A,17410_C|T,18163_A|G,18492_A|G,18526_C|T,18657_C|T,18894_C|T,19716_C|T,19955_C|T,20055_A|G,21618_C|T,21622_C|T,21624_G|C,21627_C|A,21711_C|T,21738_T|C,21941_G|T,21987_G|A,22032_T|C,22033_C|A,22034_A|G,22200_T|G,22208_C|T,22295_C|A,22350_C|T,22353_C|A,22556_A|G,22577_G|C,22578_G|A,22674_C|T,22679_T|C,22686_C|T,22688_A|G,22770_G|A,22775_G|A,22786_A|C,22813_G|T,22882_T|G,22895_G|C,22896_T|A,22898_G|A,22910_A|G,22916_C|T,22917_T|G,22926_T|C,22928_T|C,22942_T|A,22992_G|A,22995_C|A,23005_T|A,23012_G|A,23018_T|C,23019_T|C,23039_C|G,23055_A|G,23063_A|T,23075_T|C,23222_G|A,23271_C|T,23403_A|G,23423_C|T,23525_C|T,23599_T|G,23604_C|G,23854_C|A,23948_G|T,24378_C|T,24424_A|T,24469_T|A,24872_G|T,24990_C|T,25000_C|T,25006_C|T,25207_C|T,25584_C|T,26060_C|T,26270_C|T,26529_G|C,26577_C|G,26610_A|G,26681_C|T,26709_G|A,26833_C|T,26858_C|T,27259_A|C,27382_G|C,27383_A|T,27384_T|C,27807_C|T,27810_T|C,28271_A|T,28291_C|A,28311_C|T,28657_C|T,28737_C|T,28881_G|A,28882_G|A,28883_G|C,28884_G|C,28958_C|A,29510_A|C,29543_G|T,11288_11296,21633_21641,21765_21770,21992_21994,22194_22196,23009_23011,28362_28370,29734_29759,21608_.|TCATGCCGCTGT
IGS-10285-CVDP-0802750C-4C38-408D-988D-66D91A767C60	XEK	241_C|T,593_C|T,670_T|G,897_C|A,2790_C|T,3037_C|T,3431_G|T,3505_C|T,3565_T|C,3653_C|T,4184_G|A,4321_C|T,5701_T|C,6183_A|G,7113_C|T,7122_T|C,7842_A|G,8293_C|T,8393_G|A,9286_C|T,9344_C|T,9424_A|G,9534_C|T,10029_C|T,10198_C|T,10447_G|A,10449_C|A,11042_G|T,11727_G|A,12789_C|T,12815_C|T,12880_C|T,13339_T|C,14408_C|T,15714_C|T,15756_T|A,17410_C|T,18163_A|G,18492_A|G,18657_C|T,18894_C|T,19716_C|T,19955_C|T,20055_A|G,21618_C|T,21622_C|T,21624_G|C,21627_C|A,21711_C|T,21738_T|C,21941_G|T,21987_G|A,22032_T|C,22033_C|A,22034_A|G,22200_T|G,22208_C|T,22295_C|A,22353_C|A,22556_A|G,22577_G|C,22578_G|A,22629_A|C,22674_C|T,22679_T|C,22686_C|T,22688_A|G,22770_G|A,22775_G|A,22786_A|C,22813_G|T,22882_T|G,22895_G|C,22896_T|A,22898_G|A,22910_A|G,22916_C|T,22917_T|G,22926_T|C,22928_T|C,22942_T|A,22992_G|A,22995_C|A,23005_T|A,23012_G|A,23018_T|C,23019_T|C,23039_C|G,23055_A|G,23063_A|T,23075_T|C,23222_G|A,23271_C|T,23403_A|G,23423_C|T,23525_C|T,23599_T|G,23604_C|G,23854_C|A,23887_C|T,23948_G|T,24378_C|T,24424_A|T,24469_T|A,24872_G|T,24990_C|T,25000_C|T,25006_C|T,25207_C|T,25584_C|T,25599_G|T,26060_C|T,26270_C|T,26529_G|C,26577_C|G,26610_A|G,26681_C|T,26709_G|A,26833_C|T,26858_C|T,27259_A|C,27382_G|C,27383_A|T,27384_T|C,27807_C|T,27810_T|C,28271_A|T,28291_C|A,28311_C|T,28881_G|A,28882_G|A,28883_G|C,28884_G|C,28958_C|A,29510_A|C,11288_11296,21633_21641,21765_21770,21992_21994,22194_22196,23009_23011,28362_28370,29734_29759,21608_.|TCATGCCGCTGT
IGS-10285-CVDP-0C637795-F160-403B-8BBF-EFE14B805128	XEK	241_C|T,593_C|T,670_T|G,897_C|A,2790_C|T,3037_C|T,3431_G|T,3505_C|T,3565_T|C,4184_G|A,4321_C|T,5701_T|C,6183_A|G,7113_C|T,7842_A|G,8293_C|T,8393_G|A,9286_C|T,9344_C|T,9424_A|G,9534_C|T,10029_C|T,10198_C|T,10447_G|A,10449_C|A,11042_G|T,11727_G|A,12789_C|T,12815_C|T,12880_C|T,13043_G|T,13339_T|C,14371_G|T,14408_C|T,15714_C|T,15756_T|A,17410_C|T,18163_A|G,18492_A|G,18657_C|T,18894_C|T,19716_C|T,19955_C|T,20055_A|G,21618_C|T,21622_C|T,21624_G|C,21627_C|A,21711_C|T,21738_T|C,21941_G|T,21987_G|A,22032_T|C,22033_C|A,22034_A|G,22200_T|G,22208_C|T,22295_C|A,22353_C|A,22556_A|G,22577_G|C,22578_G|A,22629_A|C,22674_C|T,22679_T|C,22686_C|T,22688_A|G,22770_G|A,22775_G|A,22786_A|C,22813_G|T,22882_T|G,22895_G|C,22896_T|A,22898_G|A,22910_A|G,22916_C|T,22917_T|G,22926_T|C,22928_T|C,22942_T|A,22992_G|A,22995_C|A,23005_T|A,23012_G|A,23018_T|C,23019_T|C,23039_C|G,23055_A|G,23063_A|T,23075_T|C,23222_G|A,23271_C|T,23403_A|G,23423_C|T,23525_C|T,23599_T|G,23604_C|G,23854_C|A,23948_G|T,24378_C|T,24424_A|T,24469_T|A,24872_G|T,24990_C|T,25000_C|T,25006_C|T,25207_C|T,25584_C|T,26060_C|T,26270_C|T,26529_G|C,26577_C|G,26610_A|G,26681_C|T,26709_G|A,26833_C|T,26858_C|T,26894_C|T,27259_A|C,27339_G|T,27382_G|C,27383_A|T,27384_T|C,27807_C|T,27810_T|C,28256_C|T,28271_A|T,28291_C|A,28311_C|T,28881_G|A,28882_G|A,28883_G|C,28884_G|C,28958_C|A,29510_A|C,11288_11296,21633_21641,21765_21770,21992_21994,22194_22196,23009_23011,28362_28370,29734_29759,21608_.|TCATGCCGCTGT
IGS-10285-CVDP-147A9038-0B8C-4489-8133-5CF6C1E64147	XEK	241_C|T,593_C|T,670_T|G,897_C|A,1090_T|C,2334_C|T,2710_C|T,2790_C|T,3037_C|T,3431_G|T,3505_C|T,3565_T|C,4184_G|A,4321_C|T,5701_T|C,6183_A|G,7113_C|T,7842_A|G,8293_C|T,8393_G|A,9286_C|T,9344_C|T,9424_A|G,9534_C|T,10029_C|T,10198_C|T,10447_G|A,10449_C|A,11042_G|T,11727_G|A,12789_C|T,12815_C|T,12880_C|T,13339_T|C,14408_C|T,15714_C|T,15756_T|A,17410_C|T,18163_A|G,18492_A|G,18657_C|T,18894_C|T,19716_C|T,19955_C|T,20055_A|G,21618_C|T,21622_C|T,21624_G|C,21627_C|A,21711_C|T,21738_T|C,21941_G|T,21987_G|A,22032_T|C,22033_C|A,22034_A|G,22200_T|G,22208_C|T,22295_C|A,22353_C|A,22556_A|G,22577_G|C,22578_G|A,22629_A|C,22674_C|T,22679_T|C,22686_C|T,22688_A|G,22770_G|A,22775_G|A,22786_A|C,22813_G|T,22882_T|G,22895_G|C,22896_T|A,22898_G|A,22910_A|G,22916_C|T,22917_T|G,22926_T|C,22928_T|C,22942_T|A,22992_G|A,22995_C|A,23005_T|A,23012_G|A,23018_T|C,23019_T|C,23039_C|G,23055_A|G,23063_A|T,23075_T|C,23222_G|A,23271_C|T,23403_A|G,23423_C|T,23525_C|T,23599_T|G,23604_C|G,23854_C|A,23948_G|T,24378_C|T,24424_A|T,24469_T|A,24872_G|T,24990_C|T,25000_C|T,25006_C|T,25207_C|T,25584_C|T,26060_C|T,26270_C|T,26529_G|C,26577_C|G,26610_A|G,26681_C|T,26709_G|A,26833_C|T,26858_C|T,27259_A|C,27382_G|C,27383_A|T,27384_T|C,27807_C|T,27810_T|C,27934_C|A,28271_A|T,28291_C|A,28311_C|T,28881_G|A,28882_G|A,28883_G|C,28884_G|C,28958_C|A,29510_A|C,11288_11296,21633_21641,21765_21770,21992_21994,22194_22196,23009_23011,28362_28370,29734_29759,21608_.|TCATGCCGCTGT
IGS-10285-CVDP-1AAD425F-5BD3-417A-BDC7-941707C41D0F	XEK	241_C|T,593_C|T,670_T|G,897_C|A,2790_C|T,3037_C|T,3431_G|T,3505_C|T,3565_T|C,4184_G|A,4321_C|T,5701_T|C,6183_A|G,7113_C|T,7639_C|T,7842_A|G,8293_C|T,8393_G|A,9286_C|T,9344_C|T,9424_A|G,9534_C|T,10029_C|T,10198_C|T,10447_G|A,10449_C|A,11042_G|T,11727_G|A,12789_C|T,12815_C|T,12880_C|T,13339_T|C,14408_C|T,15714_C|T,15756_T|A,17410_C|T,18163_A|G,18492_A|G,18657_C|T,18894_C|T,19716_C|T,19955_C|T,20055_A|G,21618_C|T,21622_C|T,21624_G|C,21627_C|A,21711_C|T,21738_T|C,21941_G|T,21987_G|A,22032_T|C,22033_C|A,22034_A|G,22088_C|T,22200_T|G,22208_C|T,22295_C|A,22353_C|A,22556_A|G,22577_G|C,22578_G|A,22629_A|C,22674_C|T,22679_T|C,22686_C|T,22688_A|G,22770_G|A,22775_G|A,22786_A|C,22813_G|T,22882_T|G,22895_G|C,22896_T|A,22898_G|A,22910_A|G,22916_C|T,22917_T|G,22926_T|C,22928_T|C,22942_T|A,22992_G|A,22995_C|A,23005_T|A,23012_G|A,23018_T|C,23019_T|C,23039_C|G,23055_A|G,23063_A|T,23075_T|C,23222_G|A,23271_C|T,23403_A|G,23423_C|T,23525_C|T,23599_T|G,23604_C|G,23854_C|A,23948_G|T,24378_C|T,24424_A|T,24469_T|A,24872_G|T,24990_C|T,25000_C|T,25006_C|T,25207_C|T,25584_C|T,26060_C|T,26167_G|T,26270_C|T,26529_G|C,26577_C|G,26610_A|G,26681_C|T,26709_G|A,26833_C|T,26858_C|T,27259_A|C,27382_G|C,27383_A|T,27384_T|C,27807_C|T,27810_T|C,28271_A|T,28291_C|A,28311_C|T,28881_G|A,28882_G|A,28883_G|C,28884_G|C,28958_C|A,29510_A|C,11288_11296,21633_21641,21765_21770,21992_21994,22193_22195,23009_23011,28362_28370,29734_29759,21608_.|TCATGCCGCTGT
IGS-10285-CVDP-1BF0B99A-213C-4FC7-A4AF-3716A13B8BD1	XEK	241_C|T,593_C|T,670_T|G,897_C|A,2790_C|T,3037_C|T,3431_G|T,3505_C|T,3565_T|C,4184_G|A,4321_C|T,5701_T|C,6183_A|G,6421_G|T,7113_C|T,7842_A|G,8293_C|T,8393_G|A,9286_C|T,9344_C|T,9424_A|G,9534_C|T,10029_C|T,10198_C|T,10447_G|A,10449_C|A,10615_C|T,11042_G|T,11727_G|A,12651_C|T,12789_C|T,12815_C|T,12880_C|T,13339_T|C,14408_C|T,15714_C|T,15756_T|A,17410_C|T,18163_A|G,18492_A|G,18657_C|T,18894_C|T,19677_G|T,19716_C|T,19955_C|T,20055_A|G,21618_C|T,21622_C|T,21624_G|C,21627_C|A,21711_C|T,21738_T|C,21941_G|T,21987_G|A,22032_T|C,22033_C|A,22034_A|G,22200_T|G,22206_A|G,22208_C|T,22295_C|A,22353_C|A,22556_A|G,22577_G|C,22578_G|A,22629_A|C,22674_C|T,22679_T|C,22686_C|T,22688_A|G,22770_G|A,22775_G|A,22786_A|C,22813_G|T,22882_T|G,22895_G|C,22896_T|A,22898_G|A,22910_A|G,22916_C|T,22917_T|G,22926_T|C,22928_T|C,22942_T|A,22992_G|A,22995_C|A,23005_T|A,23012_G|A,23018_T|C,23019_T|C,23039_C|G,23055_A|G,23063_A|T,23075_T|C,23222_G|A,23271_C|T,23403_A|G,23423_C|T,23525_C|T,23599_T|G,23604_C|G,23854_C|A,23948_G|T,24378_C|T,24424_A|T,24469_T|A,24565_T|C,24872_G|T,24990_C|T,25000_C|T,25006_C|T,25207_C|T,25584_C|T,26060_C|T,26270_C|T,26529_G|C,26577_C|G,26610_A|G,26681_C|T,26709_G|A,26833_C|T,26858_C|T,27259_A|C,27382_G|C,27383_A|T,27384_T|C,27807_C|T,27810_T|C,28271_A|T,28291_C|A,28311_C|T,28881_G|A,28882_G|A,28883_G|C,28884_G|C,28958_C|A,29510_A|C,11288_11296,21633_21641,21765_21770,21992_21994,22194_22196,23009_23011,28362_28370,29734_29759,21608_.|TCATGCCGCTGT
IGS-10285-CVDP-1D1B8546-E7F8-4051-BFB0-A950659D60F6	XEK	241_C|T,593_C|T,670_T|G,897_C|A,2790_C|T,3037_C|T,3431_G|T,3505_C|T,3565_T|C,4184_G|A,4321_C|T,5701_T|C,6183_A|G,7113_C|T,7842_A|G,8290_C|T,8293_C|T,8393_G|A,9286_C|T,9344_C|T,9424_A|G,9534_C|T,10029_C|T,10198_C|T,10447_G|A,10449_C|A,11042_G|T,11727_G|A,12789_C|T,12815_C|T,12880_C|T,13339_T|C,14408_C|T,15714_C|T,15756_T|A,17410_C|T,18163_A|G,18492_A|G,18657_C|T,18894_C|T,19716_C|T,19955_C|T,20055_A|G,21618_C|T,21622_C|T,21624_G|C,21627_C|A,21711_C|T,21738_T|C,21941_G|T,21987_G|A,22032_T|C,22033_C|A,22034_A|G,22200_T|G,22208_C|T,22295_C|A,22353_C|A,22556_A|G,22577_G|C,22578_G|A,22629_A|C,22674_C|T,22679_T|C,22686_C|T,22688_A|G,22770_G|A,22775_G|A,22786_A|C,22813_G|T,22882_T|G,22895_G|C,22896_T|A,22898_G|A,22910_A|G,22916_C|T,22917_T|G,22926_T|C,22928_T|C,22942_T|A,22992_G|A,22995_C|A,23005_T|A,23012_G|A,23018_T|C,23019_T|C,23039_C|G,23055_A|G,23063_A|T,23075_T|C,23222_G|A,23271_C|T,23403_A|G,23423_C|T,23525_C|T,23599_T|G,23604_C|G,23854_C|A,23948_G|T,24378_C|T,24424_A|T,24469_T|A,24872_G|T,24990_C|T,25000_C|T,25006_C|T,25207_C|T,25584_C|T,26060_C|T,26270_C|T,26529_G|C,26577_C|G,26610_A|G,26681_C|T,26709_G|A,26833_C|T,26858_C|T,27134_T|C,27259_A|C,27382_G|C,27383_A|T,27384_T|C,27807_C|T,27810_T|C,28271_A|T,28291_C|A,28311_C|T,28881_G|A,28882_G|A,28883_G|C,28884_G|C,28958_C|A,29510_A|C,11288_11296,21633_21641,21765_21770,21992_21994,22194_22196,23009_23011,28362_28370,29734_29759,21608_.|TCATGCCGCTGT
IGS-10285-CVDP-1DA32875-A697-4EBC-87BE-61A06A5765E7	XEK	241_C|T,593_C|T,670_T|G,897_C|A,2790_C|T,3037_C|T,3431_G|T,3505_C|T,3565_T|C,4184_G|A,4321_C|T,5701_T|C,6183_A|G,7113_C|T,7842_A|G,8293_C|T,8393_G|A,9286_C|T,9344_C|T,9424_A|G,9534_C|T,10029_C|T,10198_C|T,10447_G|A,10449_C|A,11042_G|T,11727_G|A,12789_C|T,12815_C|T,12880_C|T,13339_T|C,14408_C|T,15714_C|T,15756_T|A,17410_C|T,18163_A|G,18492_A|G,18657_C|T,18894_C|T,19716_C|T,19955_C|T,20055_A|G,21618_C|T,21622_C|T,21711_C|T,21738_T|C,21941_G|T,21987_G|A,22032_T|C,22033_C|A,22034_A|G,22200_T|G,22208_C|T,22295_C|A,22353_C|A,22556_A|G,22577_G|C,22578_G|A,22674_C|T,22679_T|C,22686_C|T,22688_A|G,22770_G|A,22775_G|A,22786_A|C,22813_G|T,22882_T|G,22895_G|C,22896_T|A,22898_G|A,22910_A|G,22916_C|T,22917_T|G,22926_T|C,22928_T|C,22942_T|A,22992_G|A,22995_C|A,23005_T|A,23012_G|A,23018_T|C,23019_T|C,23039_C|G,23055_A|G,23063_A|T,23075_T|C,23222_G|A,23271_C|T,23403_A|G,23423_C|T,23525_C|T,23599_T|G,23604_C|G,23854_C|A,23948_G|T,24378_C|T,24424_A|T,24469_T|A,24872_G|T,24990_C|T,25000_C|T,25006_C|T,25207_C|T,25584_C|T,26060_C|T,26270_C|T,26529_G|C,26577_C|G,26610_A|G,26681_C|T,26709_G|A,26833_C|T,26858_C|T,27131_C|T,27259_A|C,27382_G|C,27383_A|T,27384_T|C,27807_C|T,27810_T|C,28271_A|T,28291_C|A,28311_C|T,28697_C|T,28881_G|A,28882_G|A,28883_G|C,28884_G|C,28958_C|A,29510_A|C,11288_11296,21633_21641,21765_21770,21992_21994,22194_22196,23009_23011,28362_28370,29734_29759,21608_.|TCATGCCGCTGT
IGS-10285-CVDP-238CB31E-D52A-4DD4-A85B-484FF94384CC	XEK	241_C|T,593_C|T,670_T|G,897_C|A,2790_C|T,3037_C|T,3431_G|T,3505_C|T,3565_T|C,4184_G|A,4321_C|T,5701_T|C,6183_A|G,7113_C|T,7842_A|G,8290_C|T,8293_C|T,8393_G|A,9286_C|T,9344_C|T,9424_A|G,9534_C|T,10029_C|T,10198_C|T,10447_G|A,10449_C|A,11042_G|T,11727_G|A,12789_C|T,12815_C|T,12880_C|T,13339_T|C,14408_C|T,15714_C|T,15756_T|A,17410_C|T,18163_A|G,18492_A|G,18657_C|T,18894_C|T,19716_C|T,19955_C|T,20055_A|G,21618_C|T,21622_C|T,21624_G|C,21627_C|A,21711_C|T,21738_T|C,21941_G|T,21987_G|A,22032_T|C,22033_C|A,22034_A|G,22200_T|G,22208_C|T,22295_C|A,22353_C|A,22556_A|G,22577_G|C,22578_G|A,22629_A|C,22674_C|T,22679_T|C,22686_C|T,22688_A|G,22770_G|A,22775_G|A,22786_A|C,22813_G|T,22882_T|G,22895_G|C,22896_T|A,22898_G|A,22910_A|G,22916_C|T,22917_T|G,22926_T|C,22928_T|C,22942_T|A,22992_G|A,22995_C|A,23005_T|A,23012_G|A,23018_T|C,23019_T|C,23039_C|G,23055_A|G,23063_A|T,23075_T|C,23222_G|A,23271_C|T,23403_A|G,23423_C|T,23525_C|T,23599_T|G,23604_C|G,23853_A|G,23854_C|A,23948_G|T,24378_C|T,24424_A|T,24469_T|A,24872_G|T,24990_C|T,25000_C|T,25006_C|T,25207_C|T,25584_C|T,26060_C|T,26270_C|T,26529_G|C,26577_C|G,26610_A|G,26681_C|T,26709_G|A,26833_C|T,26858_C|T,27259_A|C,27382_G|C,27383_A|T,27384_T|C,27807_C|T,27810_T|C,28271_A|T,28291_C|A,28311_C|T,28881_G|A,28882_G|A,28883_G|C,28884_G|C,28958_C|A,29510_A|C,11288_11296,21633_21641,21765_21770,21992_21994,22194_22196,23009_23011,28362_28370,29734_29759,21608_.|TCATGCCGCTGT
IGS-10285-CVDP-2546D030-23F5-40FE-8660-F402A2658D51	XEK	241_C|T,593_C|T,670_T|G,897_C|A,2790_C|T,3037_C|T,3431_G|T,3505_C|T,3565_T|C,4184_G|A,4321_C|T,5701_T|C,6183_A|G,7113_C|T,7842_A|G,8293_C|T,8393_G|A,9286_C|T,9344_C|T,9424_A|G,9534_C|T,10029_C|T,10198_C|T,10447_G|A,10449_C|A,11042_G|T,11727_G|A,12789_C|T,12815_C|T,12880_C|T,13339_T|C,14408_C|T,15714_C|T,15756_T|A,17410_C|T,18163_A|G,18492_A|G,18657_C|T,18894_C|T,19716_C|T,19955_C|T,20055_A|G,21618_C|T,21622_C|T,21624_G|C,21627_C|A,21711_C|T,21738_T|C,21941_G|T,21987_G|A,22032_T|C,22033_C|A,22034_A|G,22200_T|G,22208_C|T,22295_C|A,22353_C|A,22556_A|G,22577_G|C,22578_G|A,22629_A|C,22674_C|T,22679_T|C,22686_C|T,22688_A|G,22770_G|A,22775_G|A,22786_A|C,22813_G|T,22882_T|G,22895_G|C,22896_T|A,22898_G|A,22910_A|G,22916_C|T,22917_T|G,22926_T|C,22928_T|C,22942_T|A,22992_G|A,22995_C|A,23005_T|A,23012_G|A,23018_T|C,23019_T|C,23039_C|G,23055_A|G,23063_A|T,23075_T|C,23222_G|A,23271_C|T,23403_A|G,23416_A|T,23423_C|T,23525_C|T,23599_T|G,23604_C|G,23854_C|A,23948_G|T,24378_C|T,24424_A|T,24469_T|A,24872_G|T,24990_C|T,25000_C|T,25006_C|T,25207_C|T,25584_C|T,26060_C|T,26270_C|T,26529_G|C,26577_C|G,26610_A|G,26681_C|T,26709_G|A,26833_C|T,26858_C|T,27259_A|C,27382_G|C,27383_A|T,27384_T|C,27807_C|T,27810_T|C,28271_A|T,28291_C|A,28311_C|T,28881_G|A,28882_G|A,28883_G|C,28884_G|C,28958_C|A,29510_A|C,11288_11296,21633_21641,21765_21770,21992_21994,22194_22196,23009_23011,28362_28370,29734_29759,21608_.|TCATGCCGCTGT
IGS-10285-CVDP-324F5FC4-0897-4F3F-92DD-5EF4390E2B58	XEK	241_C|T,593_C|T,670_T|G,897_C|A,2083_T|C,2790_C|T,3037_C|T,3431_G|T,3505_C|T,3565_T|C,4184_G|A,4321_C|T,5701_T|C,6183_A|G,6535_T|G,7113_C|T,7162_C|T,7842_A|G,8293_C|T,8393_G|A,9286_C|T,9344_C|T,9424_A|G,9534_C|T,10029_C|T,10198_C|T,10447_G|A,10449_C|A,11042_G|T,11605_G|T,11727_G|A,12789_C|T,12815_C|T,12880_C|T,13339_T|C,14408_C|T,15714_C|T,15756_T|A,17410_C|T,18163_A|G,18431_C|T,18492_A|G,18657_C|T,18894_C|T,19266_T|A,19716_C|T,19955_C|T,20055_A|G,21618_C|T,21622_C|T,21624_G|C,21627_C|A,21711_C|T,21738_T|C,21941_G|T,21987_G|A,22032_T|C,22033_C|A,22034_A|G,22200_T|G,22208_C|T,22295_C|A,22353_C|A,22556_A|G,22577_G|C,22578_G|A,22674_C|T,22679_T|C,22686_C|T,22688_A|G,22770_G|A,22775_G|A,22786_A|C,22813_G|T,22882_T|G,22895_G|C,22896_T|A,22898_G|A,22910_A|G,22916_C|T,22917_T|G,22926_T|C,22928_T|C,22942_T|A,22992_G|A,22995_C|A,23005_T|A,23012_G|A,23018_T|C,23019_T|C,23039_C|G,23055_A|G,23063_A|T,23075_T|C,23222_G|A,23271_C|T,23403_A|G,23423_C|T,23525_C|T,23599_T|G,23604_C|G,23854_C|A,23948_G|T,24378_C|T,24424_A|T,24469_T|A,24872_G|T,24990_C|T,25000_C|T,25006_C|T,25207_C|T,25584_C|T,26060_C|T,26270_C|T,26529_G|C,26577_C|G,26610_A|G,26681_C|T,26709_G|A,26833_C|T,26858_C|T,27259_A|C,27382_G|C,27383_A|T,27384_T|C,27807_C|T,27810_T|C,28271_A|T,28291_C|A,28311_C|T,28881_G|A,28882_G|A,28883_G|C,28884_G|C,28958_C|A,29510_A|C,11288_11296,21633_21641,21765_21770,21992_21994,22194_22196,23009_23011,28362_28370,29734_29759,21608_.|TCATGCCGCTGT
IGS-10285-CVDP-39E4AE28-1A65-4DB0-A8C6-8BE9139E5817	XEK	241_C|T,593_C|T,670_T|G,897_C|A,2790_C|T,3037_C|T,3431_G|T,3505_C|T,3565_T|C,4184_G|A,4321_C|T,5701_T|C,6183_A|G,7113_C|T,7842_A|G,8293_C|T,8393_G|A,9286_C|T,9344_C|T,9424_A|G,9534_C|T,10029_C|T,10198_C|T,10447_G|A,10449_C|A,11042_G|T,11727_G|A,12789_C|T,12815_C|T,12880_C|T,13339_T|C,14408_C|T,15714_C|T,15735_T|C,15756_T|A,17410_C|T,18163_A|G,18492_A|G,18657_C|T,18894_C|T,19716_C|T,19955_C|T,20055_A|G,21141_A|G,21618_C|T,21622_C|T,21624_G|C,21627_C|A,21711_C|T,21738_T|C,21941_G|T,22032_T|C,22033_C|A,22034_A|G,22200_T|G,22208_C|T,22295_C|A,22353_C|A,22556_A|G,22577_G|C,22578_G|A,22629_A|C,22674_C|T,22679_T|C,22686_C|T,22688_A|G,22770_G|A,22775_G|A,22786_A|C,22813_G|T,22882_T|G,22895_G|C,22896_T|A,22898_G|A,22910_A|G,22916_C|T,22917_T|G,22926_T|C,22928_T|C,22942_T|A,22992_G|A,22995_C|A,23005_T|A,23012_G|A,23018_T|C,23019_T|C,23039_C|G,23055_A|G,23063_A|T,23075_T|C,23222_G|A,23271_C|T,23403_A|G,23423_C|T,23525_C|T,23599_T|G,23604_C|G,23854_C|A,23948_G|T,24378_C|T,24424_A|T,24469_T|A,24872_G|T,24990_C|T,25000_C|T,25006_C|T,25207_C|T,25584_C|T,26060_C|T,26270_C|T,26529_G|C,26577_C|G,26610_A|G,26681_C|T,26709_G|A,26833_C|T,26858_C|T,27259_A|C,27382_G|C,27383_A|T,27384_T|C,27807_C|T,27810_T|C,28271_A|T,28291_C|A,28311_C|T,28881_G|A,28882_G|A,28883_G|C,28884_G|C,28958_C|A,29510_A|C,11288_11296,21633_21641,21765_21770,21992_21994,22194_22196,23009_23011,28362_28370,29734_29759,21608_.|TCATGCCGCTGT
IGS-10285-CVDP-3A898680-80DD-40CB-B6F2-D5ABF0464CED	XEK	241_C|T,593_C|T,670_T|G,897_C|A,2790_C|T,3037_C|T,3431_G|T,3505_C|T,3565_T|C,4184_G|A,4321_C|T,5701_T|C,6183_A|G,7113_C|T,7842_A|G,8293_C|T,8393_G|A,9286_C|T,9344_C|T,9424_A|G,9534_C|T,10029_C|T,10198_C|T,10447_G|A,10449_C|A,11042_G|T,11596_G|A,11727_G|A,12789_C|T,12815_C|T,12880_C|T,13339_T|C,14408_C|T,15714_C|T,15756_T|A,16662_G|A,17410_C|T,17574_T|C,18163_A|G,18492_A|G,18657_C|T,18894_C|T,19716_C|T,19955_C|T,20055_A|G,21614_C|T,21618_C|T,21622_C|T,21624_G|C,21627_C|A,21711_C|T,21738_T|C,21941_G|T,21987_G|A,22032_T|C,22033_C|A,22034_A|G,22200_T|G,22208_C|T,22295_C|A,22353_C|A,22556_A|G,22577_G|C,22578_G|A,22629_A|C,22674_C|T,22679_T|C,22686_C|T,22688_A|G,22770_G|A,22775_G|A,22786_A|C,22813_G|T,22882_T|G,22895_G|C,22896_T|A,22898_G|A,22910_A|G,22916_C|T,22917_T|G,22926_T|C,22928_T|C,22942_T|A,22992_G|A,22995_C|A,23005_T|A,23012_G|A,23018_T|C,23019_T|C,23039_C|G,23055_A|G,23063_A|T,23075_T|C,23222_G|A,23271_C|T,23403_A|G,23423_C|T,23525_C|T,23599_T|G,23604_C|G,23854_C|A,23948_G|T,24378_C|T,24424_A|T,24469_T|A,24872_G|T,24990_C|T,25000_C|T,25006_C|T,25207_C|T,25584_C|T,26060_C|T,26270_C|T,26529_G|C,26577_C|G,26610_A|G,26681_C|T,26709_G|A,26819_T|C,26833_C|T,26858_C|T,27259_A|C,27382_G|C,27383_A|T,27384_T|C,27807_C|T,27810_T|C,28271_A|T,28291_C|A,28311_C|T,28720_C|T,28881_G|A,28882_G|A,28883_G|C,28884_G|C,28958_C|A,28987_C|T,29510_A|C,8562_8564,11288_11296,21633_21641,21765_21770,21992_21994,22194_22196,23009_23011,28362_28370,29734_29759,21608_.|TCATGCCGCTGT
IGS-10285-CVDP-3CE9DB4A-E1AD-4175-A207-B6F1EE165749	XEK	241_C|T,593_C|T,670_T|G,897_C|A,2790_C|T,3037_C|T,3431_G|T,3505_C|T,3565_T|C,4184_G|A,4321_C|T,5701_T|C,6183_A|G,7113_C|T,7842_A|G,8293_C|T,8393_G|A,9286_C|T,9344_C|T,9424_A|G,9534_C|T,10029_C|T,10198_C|T,10447_G|A,10449_C|A,11042_G|T,11727_G|A,12789_C|T,12815_C|T,12880_C|T,13339_T|C,14407_C|T,14408_C|T,15714_C|T,15756_T|A,17410_C|T,18163_A|G,18492_A|G,18657_C|T,18894_C|T,19716_C|T,19955_C|T,20055_A|G,21618_C|T,21622_C|T,21624_G|C,21627_C|A,21711_C|T,21738_T|C,21941_G|T,21987_G|A,22032_T|C,22033_C|A,22034_A|G,22200_T|G,22208_C|T,22295_C|A,22353_C|A,22556_A|G,22577_G|C,22578_G|A,22629_A|C,22674_C|T,22679_T|C,22686_C|T,22688_A|G,22770_G|A,22775_G|A,22786_A|C,22813_G|T,22882_T|G,22895_G|C,22896_T|A,22898_G|A,22910_A|G,22916_C|T,22917_T|G,22926_T|C,22928_T|C,22942_T|A,22992_G|A,22995_C|A,23005_T|A,23012_G|A,23018_T|C,23019_T|C,23039_C|G,23055_A|G,23063_A|T,23075_T|C,23222_G|A,23271_C|T,23403_A|G,23423_C|T,23525_C|T,23599_T|G,23604_C|G,23854_C|A,23948_G|T,24378_C|T,24424_A|T,24469_T|A,24872_G|T,24990_C|T,25000_C|T,25006_C|T,25207_C|T,25584_C|T,26060_C|T,26270_C|T,26529_G|C,26577_C|G,26610_A|G,26681_C|T,26709_G|A,26833_C|T,26858_C|T,27259_A|C,27382_G|C,27383_A|T,27384_T|C,27807_C|T,27810_T|C,28271_A|T,28291_C|A,28311_C|T,28881_G|A,28882_G|A,28883_G|C,28884_G|C,28958_C|A,29510_A|C,11288_11296,21633_21641,21765_21770,21992_21994,22194_22196,23009_23011,28362_28370,29734_29759,21608_.|TCATGCCGCTGT
IGS-10285-CVDP-3D8A18A1-336D-411F-8F48-11285779A0D5	XEK	241_C|T,593_C|T,670_T|G,897_C|A,2790_C|T,3037_C|T,3431_G|T,3505_C|T,3565_T|C,4184_G|A,4321_C|T,5701_T|C,6183_A|G,7113_C|T,7842_A|G,8293_C|T,8393_G|A,9286_C|T,9344_C|T,9424_A|G,9534_C|T,10029_C|T,10198_C|T,10447_G|A,10449_C|A,11042_G|T,11727_G|A,12789_C|T,12815_C|T,12880_C|T,13339_T|C,14408_C|T,15714_C|T,15735_T|C,15756_T|A,17410_C|T,18163_A|G,18492_A|G,18657_C|T,18894_C|T,19716_C|T,19955_C|T,20055_A|G,21141_A|G,21618_C|T,21622_C|T,21624_G|C,21627_C|A,21711_C|T,21738_T|C,21766_A|T,21941_G|T,21987_G|A,22032_T|C,22033_C|A,22034_A|G,22200_T|G,22208_C|T,22295_C|A,22353_C|A,22556_A|G,22577_G|C,22578_G|A,22629_A|C,22674_C|T,22679_T|C,22686_C|T,22688_A|G,22770_G|A,22775_G|A,22786_A|C,22813_G|T,22882_T|G,22895_G|C,22896_T|A,22898_G|A,22910_A|G,22916_C|T,22917_T|G,22926_T|C,22928_T|C,22942_T|A,22992_G|A,22995_C|A,23005_T|A,23012_G|A,23018_T|C,23019_T|C,23039_C|G,23055_A|G,23063_A|T,23075_T|C,23188_C|T,23222_G|A,23271_C|T,23403_A|G,23423_C|T,23525_C|T,23599_T|G,23604_C|G,23854_C|A,23948_G|T,24378_C|T,24424_A|T,24469_T|A,24872_G|T,24990_C|T,25000_C|T,25006_C|T,25207_C|T,25584_C|T,25908_T|C,26060_C|T,26270_C|T,26529_G|C,26577_C|G,26610_A|G,26681_C|T,26709_G|A,26833_C|T,26858_C|T,27259_A|C,27382_G|C,27383_A|T,27384_T|C,27619_C|T,27807_C|T,27810_T|C,28271_A|T,28291_C|A,28311_C|T,28881_G|A,28882_G|A,28883_G|C,28884_G|C,28958_C|A,29510_A|C,11288_11296,21633_21641,21767_21772,21992_21994,22194_22196,23009_23011,28362_28370,29734_29759,21608_.|TCATGCCGCTGT
IGS-10285-CVDP-3EB7BCB0-A722-4323-ADB2-40465030EB5C	XEK	241_C|T,593_C|T,670_T|G,897_C|A,2790_C|T,3037_C|T,3431_G|T,3505_C|T,3565_T|C,4184_G|A,4321_C|T,5701_T|C,6183_A|G,7113_C|T,7842_A|G,8293_C|T,8393_G|A,9286_C|T,9344_C|T,9424_A|G,9534_C|T,10029_C|T,10198_C|T,10447_G|A,10449_C|A,11042_G|T,11727_G|A,12789_C|T,12815_C|T,12880_C|T,13339_T|C,14408_C|T,15714_C|T,15756_T|A,17410_C|T,18163_A|G,18492_A|G,18657_C|T,18894_C|T,19716_C|T,19955_C|T,20055_A|G,21618_C|T,21622_C|T,21624_G|C,21627_C|A,21711_C|T,21738_T|C,21941_G|T,21987_G|A,22032_T|C,22033_C|A,22034_A|G,22200_T|G,22208_C|T,22295_C|A,22353_C|A,22556_A|G,22577_G|C,22578_G|A,22629_A|C,22674_C|T,22679_T|C,22686_C|T,22688_A|G,22770_G|A,22775_G|A,22786_A|C,22813_G|T,22882_T|G,22895_G|C,22896_T|A,22898_G|A,22910_A|G,22916_C|T,22917_T|G,22926_T|C,22928_T|C,22942_T|A,22992_G|A,22995_C|A,23005_T|A,23012_G|A,23018_T|C,23019_T|C,23039_C|G,23055_A|G,23063_A|T,23075_T|C,23222_G|A,23271_C|T,23403_A|G,23423_C|T,23525_C|T,23599_T|G,23604_C|G,23854_C|A,23948_G|T,24378_C|T,24424_A|T,24469_T|A,24872_G|T,24990_C|T,25000_C|T,25006_C|T,25207_C|T,25416_C|T,25584_C|T,26060_C|T,26270_C|T,26529_G|C,26577_C|G,26610_A|G,26681_C|T,26709_G|A,26833_C|T,26858_C|T,27259_A|C,27286_C|T,27382_G|C,27383_A|T,27384_T|C,27493_C|T,27807_C|T,27810_T|C,28271_A|T,28291_C|A,28311_C|T,28881_G|A,28882_G|A,28883_G|C,28884_G|C,28958_C|A,29510_A|C,11288_11296,21633_21641,21765_21770,21992_21994,22194_22196,23009_23011,28362_28370,29734_29759,21608_.|TCATGCCGCTGT
IGS-10285-CVDP-470743DF-0FE0-4334-8015-787848380EB4	XEK	241_C|T,593_C|T,670_T|G,897_C|A,1820_G|A,2790_C|T,3037_C|T,3431_G|T,3505_C|T,3565_T|C,4184_G|A,4321_C|T,5701_T|C,6183_A|G,7113_C|T,7842_A|G,8293_C|T,8393_G|A,8730_C|A,9286_C|T,9344_C|T,9424_A|G,9534_C|T,10029_C|T,10198_C|T,10447_G|A,10449_C|A,11042_G|T,11727_G|A,12789_C|T,12815_C|T,12880_C|T,13339_T|C,14408_C|T,15714_C|T,15756_T|A,17410_C|T,18163_A|G,18492_A|G,18657_C|T,18894_C|T,19716_C|T,19955_C|T,20055_A|G,21618_C|T,21622_C|T,21624_G|C,21627_C|A,21711_C|T,21738_T|C,21941_G|T,21987_G|A,22032_T|C,22033_C|A,22034_A|G,22200_T|G,22208_C|T,22295_C|A,22353_C|A,22556_A|G,22577_G|C,22578_G|A,22629_A|C,22674_C|T,22679_T|C,22686_C|T,22688_A|G,22770_G|A,22775_G|A,22786_A|C,22813_G|T,22882_T|G,22895_G|C,22896_T|A,22898_G|A,22910_A|G,22916_C|T,22917_T|G,22926_T|C,22928_T|C,22942_T|A,22992_G|A,22995_C|A,23005_T|A,23012_G|A,23018_T|C,23019_T|C,23039_C|G,23055_A|G,23063_A|T,23075_T|C,23222_G|A,23271_C|T,23403_A|G,23423_C|T,23525_C|T,23599_T|G,23604_C|G,23854_C|A,23948_G|T,24378_C|T,24424_A|T,24469_T|A,24872_G|T,24990_C|T,25000_C|T,25006_C|T,25058_T|C,25207_C|T,25584_C|T,26060_C|T,26270_C|T,26529_G|C,26577_C|G,26610_A|G,26681_C|T,26709_G|A,26833_C|T,26858_C|T,27259_A|C,27382_G|C,27383_A|T,27384_T|C,27807_C|T,27810_T|C,28271_A|T,28291_C|A,28311_C|T,28881_G|A,28882_G|A,28883_G|C,28884_G|C,28958_C|A,29510_A|C,11288_11296,21633_21641,21765_21770,21992_21994,22194_22196,23009_23011,28362_28370,29734_29759,21608_.|TCATGCCGCTGT
IGS-10285-CVDP-498B25CB-A8FB-4E75-A60C-2561119FA6F8	XEK	241_C|T,593_C|T,670_T|G,897_C|A,2790_C|T,3037_C|T,3431_G|T,3505_C|T,3565_T|C,4184_G|A,4321_C|T,5701_T|C,6183_A|G,6558_C|T,7113_C|T,7842_A|G,8293_C|T,8393_G|A,9286_C|T,9344_C|T,9424_A|G,9534_C|T,10029_C|T,10198_C|T,10447_G|A,10449_C|A,11042_G|T,11727_G|A,12789_C|T,12815_C|T,12880_C|T,13339_T|C,14408_C|T,15714_C|T,15756_T|A,17410_C|T,18163_A|G,18492_A|G,18657_C|T,18894_C|T,19716_C|T,19955_C|T,20055_A|G,21618_C|T,21622_C|T,21624_G|C,21627_C|A,21711_C|T,21738_T|C,21941_G|T,21987_G|A,22005_A|G,22032_T|C,22033_C|A,22034_A|G,22200_T|G,22208_C|T,22295_C|A,22353_C|A,22556_A|G,22577_G|C,22578_G|A,22629_A|C,22674_C|T,22679_T|C,22686_C|T,22688_A|G,22770_G|A,22775_G|A,22786_A|C,22813_G|T,22882_T|G,22895_G|C,22896_T|A,22898_G|A,22910_A|G,22916_C|T,22917_T|G,22926_T|C,22928_T|C,22942_T|A,22992_G|A,22995_C|A,23005_T|A,23012_G|A,23018_T|C,23019_T|C,23039_C|G,23055_A|G,23063_A|T,23075_T|C,23222_G|A,23271_C|T,23403_A|G,23423_C|T,23525_C|T,23599_T|G,23604_C|G,23614_A|T,23854_C|A,23948_G|T,24378_C|T,24424_A|T,24469_T|A,24872_G|T,24990_C|T,25000_C|T,25006_C|T,25207_C|T,25584_C|T,25996_G|A,26010_C|T,26060_C|T,26270_C|T,26529_G|C,26577_C|G,26610_A|G,26681_C|T,26709_G|A,26833_C|T,26858_C|T,27259_A|C,27382_G|C,27383_A|T,27384_T|C,27807_C|T,27810_T|C,28271_A|T,28291_C|A,28311_C|T,28881_G|A,28882_G|A,28883_G|C,28884_G|C,28891_T|C,28958_C|A,29510_A|C,11288_11296,21633_21641,21765_21770,21992_21994,22194_22196,23009_23011,28362_28370,29734_29759,21608_.|TCATGCCGCTGT
IGS-10285-CVDP-5030D376-C2C6-4C3E-8199-E2B8E464EA1E	XEK	241_C|T,593_C|T,670_T|G,897_C|A,2790_C|T,3037_C|T,3431_G|T,3505_C|T,3565_T|C,4184_G|A,4321_C|T,5701_T|C,6183_A|G,7113_C|T,7842_A|G,8293_C|T,8393_G|A,9286_C|T,9344_C|T,9424_A|G,9534_C|T,10029_C|T,10198_C|T,10447_G|A,10449_C|A,11042_G|T,11727_G|A,12789_C|T,12815_C|T,12880_C|T,13339_T|C,14408_C|T,15714_C|T,15756_T|A,16926_T|C,17410_C|T,18163_A|G,18492_A|G,18657_C|T,18894_C|T,19716_C|T,19955_C|T,20055_A|G,21618_C|T,21622_C|T,21624_G|C,21627_C|A,21711_C|T,21738_T|C,21941_G|T,21987_G|A,22032_T|C,22033_C|A,22034_A|G,22200_T|G,22208_C|T,22295_C|A,22353_C|A,22556_A|G,22577_G|C,22578_G|A,22629_A|C,22674_C|T,22679_T|C,22686_C|T,22688_A|G,22770_G|A,22775_G|A,22786_A|C,22813_G|T,22882_T|G,22895_G|C,22896_T|A,22898_G|A,22910_A|G,22916_C|T,22917_T|G,22926_T|C,22928_T|C,22942_T|A,22992_G|A,22995_C|A,23005_T|A,23012_G|A,23018_T|C,23019_T|C,23039_C|G,23055_A|G,23063_A|T,23075_T|C,23222_G|A,23271_C|T,23403_A|G,23423_C|T,23525_C|T,23599_T|G,23604_C|G,23854_C|A,23948_G|T,24378_C|T,24424_A|T,24469_T|A,24872_G|T,24990_C|T,25000_C|T,25006_C|T,25207_C|T,25584_C|T,26060_C|T,26270_C|T,26529_G|C,26577_C|G,26610_A|G,26681_C|T,26709_G|A,26833_C|T,26858_C|T,26942_C|T,27259_A|C,27382_G|C,27383_A|T,27384_T|C,27807_C|T,27810_T|C,28271_A|T,28291_C|A,28311_C|T,28881_G|A,28882_G|A,28883_G|C,28884_G|C,28958_C|A,29510_A|C,29614_C|T,29769_C|T,11288_11296,21633_21641,21765_21770,21992_21994,22194_22196,23009_23011,28362_28370,29734_29759,21608_.|TCATGCCGCTGT
IGS-10285-CVDP-54B57BEA-241D-4D4E-B49F-3CC1C73CCEF9	XEK	241_C|T,593_C|T,670_T|G,897_C|A,2790_C|T,3037_C|T,3431_G|T,3505_C|T,3565_T|C,4184_G|A,4321_C|T,5701_T|C,6183_A|G,7113_C|T,7842_A|G,8293_C|T,8393_G|A,9286_C|T,9344_C|T,9424_A|G,9534_C|T,10029_C|T,10198_C|T,10447_G|A,10449_C|A,11042_G|T,11727_G|A,12789_C|T,12815_C|T,12880_C|T,13339_T|C,14408_C|T,15714_C|T,15756_T|A,17410_C|T,18163_A|G,18492_A|G,18657_C|T,18894_C|T,19716_C|T,19955_C|T,20055_A|G,21618_C|T,21622_C|T,21624_G|C,21627_C|A,21711_C|T,21738_T|C,21941_G|T,22032_T|C,22033_C|A,22034_A|G,22200_T|G,22208_C|T,22295_C|A,22353_C|A,22556_A|G,22577_G|C,22578_G|A,22629_A|C,22674_C|T,22679_T|C,22686_C|T,22688_A|G,22770_G|A,22775_G|A,22786_A|C,22813_G|T,22882_T|G,22895_G|C,22896_T|A,22898_G|A,22910_A|G,22916_C|T,22917_T|G,22926_T|C,22928_T|C,22942_T|A,22992_G|A,22995_C|A,23005_T|A,23012_G|A,23018_T|C,23019_T|C,23039_C|G,23055_A|G,23063_A|T,23075_T|C,23222_G|A,23271_C|T,23403_A|G,23423_C|T,23525_C|T,23599_T|G,23604_C|G,23854_C|A,23948_G|T,24378_C|T,24424_A|T,24469_T|A,24872_G|T,24990_C|T,25000_C|T,25006_C|T,25207_C|T,25584_C|T,26060_C|T,26270_C|T,26529_G|C,26577_C|G,26610_A|G,26681_C|T,26709_G|A,26833_C|T,26858_C|T,27259_A|C,27382_G|C,27383_A|T,27384_T|C,27807_C|T,27810_T|C,28271_A|T,28291_C|A,28311_C|T,28881_G|A,28882_G|A,28883_G|C,28884_G|C,28958_C|A,29510_A|C,11288_11296,21633_21641,21765_21770,21992_21994,22194_22196,23009_23011,28362_28370,29734_29759,21608_.|TCATGCCGCTGT
IGS-10285-CVDP-550D1368-CCB6-4DFD-982D-87B941DE27F8	XEK	241_C|T,593_C|T,670_T|G,897_C|A,2790_C|T,3037_C|T,3431_G|T,3505_C|T,3565_T|C,4184_G|A,4321_C|T,5701_T|C,6183_A|G,6402_C|T,7113_C|T,7842_A|G,8080_A|G,8293_C|T,8393_G|A,9286_C|T,9344_C|T,9424_A|G,9534_C|T,10029_C|T,10198_C|T,10447_G|A,10449_C|A,11042_G|T,11727_G|A,12789_C|T,12815_C|T,12880_C|T,13339_T|C,14408_C|T,15714_C|T,15756_T|A,17410_C|T,18163_A|G,18492_A|G,18657_C|T,18894_C|T,19635_G|A,19716_C|T,19955_C|T,20055_A|G,21618_C|T,21622_C|T,21624_G|C,21627_C|A,21711_C|T,21738_T|C,21941_G|T,21987_G|A,22032_T|C,22033_C|A,22034_A|G,22200_T|G,22208_C|T,22295_C|A,22353_C|A,22556_A|G,22577_G|C,22578_G|A,22629_A|C,22674_C|T,22679_T|C,22686_C|T,22688_A|G,22770_G|A,22775_G|A,22786_A|C,22813_G|T,22882_T|G,22895_G|C,22896_T|A,22898_G|A,22910_A|G,22916_C|T,22917_T|G,22926_T|C,22928_T|C,22942_T|A,22992_G|A,22995_C|A,23005_T|A,23012_G|A,23018_T|C,23019_T|C,23039_C|G,23055_A|G,23063_A|T,23075_T|C,23222_G|A,23271_C|T,23403_A|G,23423_C|T,23525_C|T,23599_T|G,23604_C|G,23854_C|A,23948_G|T,24378_C|T,24424_A|T,24469_T|A,24872_G|T,24990_C|T,25000_C|T,25006_C|T,25207_C|T,25584_C|T,26060_C|T,26270_C|T,26529_G|C,26577_C|G,26610_A|G,26681_C|T,26709_G|A,26833_C|T,26858_C|T,27259_A|C,27382_G|C,27383_A|T,27384_T|C,27807_C|T,27810_T|C,28271_A|T,28291_C|A,28311_C|T,28881_G|A,28882_G|A,28883_G|C,28884_G|C,28958_C|A,29510_A|C,11288_11296,21633_21641,21765_21770,21992_21994,22194_22196,23009_23011,28362_28370,29734_29759,21608_.|TCATGCCGCTGT
IGS-10285-CVDP-55CAD9FD-4F7E-44D8-A487-0F710600164E	XEK	241_C|T,583_C|T,593_C|T,670_T|G,897_C|A,2790_C|T,3037_C|T,3431_G|T,3505_C|T,3565_T|C,4184_G|A,4321_C|T,5701_T|C,6183_A|G,7113_C|T,7842_A|G,8293_C|T,8393_G|A,9286_C|T,9344_C|T,9424_A|G,9534_C|T,10029_C|T,10198_C|T,10447_G|A,10449_C|A,11042_G|T,11727_G|A,12789_C|T,12815_C|T,12880_C|T,13339_T|C,14408_C|T,15714_C|T,15756_T|A,17410_C|T,18163_A|G,18492_A|G,18657_C|T,18894_C|T,19716_C|T,19955_C|T,20055_A|G,21618_C|T,21622_C|T,21624_G|C,21627_C|A,21711_C|T,21738_T|C,21941_G|T,21987_G|A,22032_T|C,22033_C|A,22034_A|G,22200_T|G,22208_C|T,22295_C|A,22353_C|A,22556_A|G,22577_G|C,22578_G|A,22674_C|T,22679_T|C,22686_C|T,22688_A|G,22770_G|A,22775_G|A,22786_A|C,22813_G|T,22882_T|G,22895_G|C,22896_T|A,22898_G|A,22910_A|G,22916_C|T,22917_T|G,22926_T|C,22928_T|C,22942_T|A,22992_G|A,22995_C|A,23005_T|A,23012_G|A,23018_T|C,23019_T|C,23039_C|G,23055_A|G,23063_A|T,23075_T|C,23222_G|A,23271_C|T,23403_A|G,23423_C|T,23525_C|T,23599_T|G,23604_C|G,23854_C|A,23948_G|T,24378_C|T,24424_A|T,24469_T|A,24872_G|T,24990_C|T,25000_C|T,25006_C|T,25207_C|T,25584_C|T,26060_C|T,26270_C|T,26529_G|C,26577_C|G,26610_A|G,26681_C|T,26709_G|A,26833_C|T,26858_C|T,27259_A|C,27382_G|C,27383_A|T,27384_T|C,27807_C|T,27810_T|C,28271_A|T,28291_C|A,28311_C|T,28881_G|A,28882_G|A,28883_G|C,28884_G|C,28958_C|A,29510_A|C,11288_11296,21633_21641,21765_21770,21992_21994,22194_22196,23009_23011,28362_28370,29734_29759,21608_.|TCATGCCGCTGT
IGS-10285-CVDP-5AE7E04F-0117-42B1-9C9C-66F6602FD0BE	XEK	241_C|T,593_C|T,670_T|G,897_C|A,2790_C|T,3037_C|T,3431_G|T,3505_C|T,3565_T|C,4184_G|A,4321_C|T,5701_T|C,6183_A|G,7113_C|T,7842_A|G,8290_C|T,8293_C|T,8393_G|A,9286_C|T,9344_C|T,9424_A|G,9534_C|T,10029_C|T,10198_C|T,10447_G|A,10449_C|A,11042_G|T,11727_G|A,12789_C|T,12815_C|T,12880_C|T,13339_T|C,14408_C|T,15714_C|T,15756_T|A,17410_C|T,18163_A|G,18492_A|G,18657_C|T,18894_C|T,19716_C|T,19955_C|T,20055_A|G,21618_C|T,21622_C|T,21624_G|C,21627_C|A,21711_C|T,21738_T|C,21941_G|T,21987_G|A,22032_T|C,22033_C|A,22034_A|G,22200_T|G,22208_C|T,22295_C|A,22353_C|A,22556_A|G,22577_G|C,22578_G|A,22629_A|C,22674_C|T,22679_T|C,22686_C|T,22688_A|G,22770_G|A,22775_G|A,22786_A|C,22813_G|T,22882_T|G,22895_G|C,22896_T|A,22898_G|A,22910_A|G,22916_C|T,22917_T|G,22926_T|C,22928_T|C,22942_T|A,22992_G|A,22995_C|A,23005_T|A,23012_G|A,23018_T|C,23019_T|C,23039_C|G,23055_A|G,23063_A|T,23075_T|C,23222_G|A,23271_C|T,23403_A|G,23423_C|T,23525_C|T,23599_T|G,23604_C|G,23854_C|A,23948_G|T,24378_C|T,24424_A|T,24469_T|A,24872_G|T,24990_C|T,25000_C|T,25006_C|T,25207_C|T,25584_C|T,26060_C|T,26270_C|T,26529_G|C,26577_C|G,26610_A|G,26681_C|T,26709_G|A,26833_C|T,26858_C|T,27134_T|C,27259_A|C,27382_G|C,27383_A|T,27384_T|C,27807_C|T,27810_T|C,28271_A|T,28291_C|A,28311_C|T,28881_G|A,28882_G|A,28883_G|C,28884_G|C,28958_C|A,29510_A|C,11288_11296,21633_21641,21765_21770,21992_21994,22194_22196,23009_23011,28362_28370,29734_29759,21608_.|TCATGCCGCTGT
IGS-10285-CVDP-5B87E12B-9668-4DB1-950B-447BD3A9ECF7	XEK	241_C|T,593_C|T,670_T|G,897_C|A,2790_C|T,3037_C|T,3431_G|T,3505_C|T,3565_T|C,4184_G|A,4321_C|T,5701_T|C,6183_A|G,7113_C|T,7842_A|G,8293_C|T,8393_G|A,9286_C|T,9344_C|T,9424_A|G,9534_C|T,10029_C|T,10198_C|T,10447_G|A,10449_C|A,11042_G|T,11727_G|A,12789_C|T,12815_C|T,12880_C|T,13339_T|C,14408_C|T,15714_C|T,15756_T|A,17410_C|T,18163_A|G,18492_A|G,18657_C|T,18894_C|T,19716_C|T,19955_C|T,20055_A|G,21618_C|T,21622_C|T,21624_G|C,21627_C|A,21711_C|T,21738_T|C,21941_G|T,21987_G|A,22032_T|C,22033_C|A,22034_A|G,22200_T|G,22208_C|T,22295_C|A,22353_C|A,22556_A|G,22577_G|C,22578_G|A,22629_A|C,22674_C|T,22679_T|C,22686_C|T,22688_A|G,22770_G|A,22775_G|A,22786_A|C,22813_G|T,22882_T|G,22895_G|C,22896_T|A,22898_G|A,22910_A|G,22916_C|T,22917_T|G,22926_T|C,22928_T|C,22942_T|A,22992_G|A,22995_C|A,23012_G|A,23018_T|C,23019_T|C,23039_C|G,23055_A|G,23063_A|T,23075_T|C,23222_G|A,23271_C|T,23403_A|G,23423_C|T,23525_C|T,23588_A|G,23599_T|G,23604_C|G,23854_C|A,23948_G|T,24378_C|T,24424_A|T,24469_T|A,24872_G|T,24990_C|T,25000_C|T,25006_C|T,25207_C|T,25584_C|T,26060_C|T,26270_C|T,26529_G|C,26577_C|G,26610_A|G,26681_C|T,26709_G|A,26833_C|T,26858_C|T,27259_A|C,27382_G|C,27383_A|T,27384_T|C,27807_C|T,27810_T|C,28271_A|T,28291_C|A,28311_C|T,28881_G|A,28882_G|A,28883_G|C,28884_G|C,28958_C|A,29510_A|C,11288_11296,21633_21641,21765_21770,21992_21994,22194_22196,23009_23011,28362_28370,29734_29759,21608_.|TCATGCCGCTGT
IGS-10285-CVDP-5BB20C33-8E46-422E-AE12-AE6302C828DB	XEK	241_C|T,593_C|T,670_T|G,897_C|A,2790_C|T,3037_C|T,3431_G|T,3505_C|T,3565_T|C,4184_G|A,4321_C|T,5701_T|C,6183_A|G,6921_A|G,7113_C|T,7842_A|G,8293_C|T,8393_G|A,9286_C|T,9344_C|T,9424_A|G,9534_C|T,10029_C|T,10198_C|T,10447_G|A,10449_C|A,11042_G|T,11727_G|A,12789_C|T,12815_C|T,12880_C|T,13339_T|C,14408_C|T,15714_C|T,15756_T|A,17410_C|T,18163_A|G,18492_A|G,18657_C|T,18894_C|T,19716_C|T,19955_C|T,20055_A|G,21618_C|T,21622_C|T,21624_G|C,21627_C|A,21711_C|T,21738_T|C,21941_G|T,22032_T|C,22033_C|A,22034_A|G,22200_T|G,22208_C|T,22295_C|A,22353_C|A,22556_A|G,22577_G|C,22578_G|A,22629_A|C,22674_C|T,22679_T|C,22686_C|T,22688_A|G,22770_G|A,22775_G|A,22786_A|C,22813_G|T,22882_T|G,22895_G|C,22896_T|A,22898_G|A,22910_A|G,22916_C|T,22917_T|G,22926_T|C,22928_T|C,22942_T|A,22992_G|A,22995_C|A,23005_T|A,23012_G|A,23018_T|C,23019_T|C,23039_C|G,23055_A|G,23063_A|T,23075_T|C,23222_G|A,23271_C|T,23403_A|G,23423_C|T,23525_C|T,23538_C|T,23599_T|G,23604_C|G,23854_C|A,23948_G|T,24378_C|T,24424_A|T,24469_T|A,24872_G|T,24990_C|T,25000_C|T,25006_C|T,25207_C|T,25584_C|T,26060_C|T,26270_C|T,26529_G|C,26577_C|G,26610_A|G,26681_C|T,26709_G|A,26833_C|T,26858_C|T,27259_A|C,27382_G|C,27383_A|T,27384_T|C,27807_C|T,27810_T|C,28271_A|T,28291_C|A,28311_C|T,28881_G|A,28882_G|A,28883_G|C,28884_G|C,28958_C|A,29510_A|C,11288_11296,21633_21641,21765_21770,21992_21994,22194_22196,23009_23011,28362_28370,29734_29759,21608_.|TCATGCCGCTGT
IGS-10285-CVDP-5C906C1C-B36D-49B2-B3F0-0DAA345CFCEC	XEK	241_C|T,593_C|T,670_T|G,897_C|A,2790_C|T,3037_C|T,3431_G|T,3505_C|T,3565_T|C,4184_G|A,4321_C|T,5701_T|C,5784_C|T,6183_A|G,6712_T|G,7113_C|T,7842_A|G,8290_C|T,8293_C|T,8393_G|A,9286_C|T,9344_C|T,9424_A|G,9534_C|T,10029_C|T,10198_C|T,10447_G|A,10449_C|A,11042_G|T,11272_G|T,11727_G|A,12789_C|T,12815_C|T,12880_C|T,13339_T|C,14408_C|T,15714_C|T,15756_T|A,17410_C|T,18163_A|G,18492_A|G,18657_C|T,18894_C|T,19716_C|T,19955_C|T,20055_A|G,21618_C|T,21622_C|T,21624_G|C,21627_C|A,21711_C|T,21738_T|C,21941_G|T,21987_G|A,22032_T|C,22033_C|A,22034_A|G,22200_T|G,22208_C|T,22295_C|A,22353_C|A,22556_A|G,22577_G|C,22578_G|A,22629_A|C,22674_C|T,22679_T|C,22686_C|T,22688_A|G,22770_G|A,22775_G|A,22786_A|C,22813_G|T,22882_T|G,22895_G|C,22896_T|A,22898_G|A,22910_A|G,22916_C|T,22917_T|G,22926_T|C,22928_T|C,22942_T|A,22992_G|A,22995_C|A,23005_T|A,23012_G|A,23018_T|C,23019_T|C,23039_C|G,23055_A|G,23063_A|T,23075_T|C,23222_G|A,23271_C|T,23403_A|G,23423_C|T,23525_C|T,23599_T|G,23604_C|G,23854_C|A,23948_G|T,24378_C|T,24424_A|T,24469_T|A,24872_G|T,24990_C|T,25000_C|T,25006_C|T,25207_C|T,25584_C|T,25627_T|G,26060_C|T,26270_C|T,26529_G|C,26577_C|G,26610_A|G,26681_C|T,26709_G|A,26833_C|T,26858_C|T,27134_T|C,27259_A|C,27382_G|C,27383_A|T,27384_T|C,27807_C|T,27810_T|C,28271_A|T,28291_C|A,28311_C|T,28881_G|A,28882_G|A,28883_G|C,28884_G|C,28958_C|A,29510_A|C,11288_11296,21633_21641,21765_21770,21992_21994,22194_22196,23009_23011,28362_28370,29734_29759,21608_.|TCATGCCGCTGT
IGS-10285-CVDP-5E07523F-5968-4EAF-99D3-0FF692B7D24D	XEK	241_C|T,593_C|T,670_T|G,897_C|A,2790_C|T,2947_C|T,3037_C|T,3259_G|T,3431_G|T,3505_C|T,3565_T|C,4184_G|A,4321_C|T,4780_C|T,5701_T|C,6183_A|G,7113_C|T,7842_A|G,8293_C|T,8393_G|A,9286_C|T,9344_C|T,9424_A|G,9534_C|T,10029_C|T,10198_C|T,10447_G|A,10449_C|A,11042_G|T,11727_G|A,12789_C|T,12815_C|T,12880_C|T,13339_T|C,14408_C|T,14556_T|C,15714_C|T,15756_T|A,17410_C|T,18163_A|G,18492_A|G,18657_C|T,18894_C|T,19716_C|T,19955_C|T,20055_A|G,21618_C|T,21622_C|T,21624_G|C,21627_C|A,21711_C|T,21738_T|C,21941_G|T,22032_T|C,22033_C|A,22034_A|G,22200_T|G,22208_C|T,22295_C|A,22353_C|A,22556_A|G,22577_G|C,22578_G|A,22629_A|C,22674_C|T,22679_T|C,22686_C|T,22688_A|G,22770_G|A,22775_G|A,22786_A|C,22813_G|T,22882_T|G,22895_G|C,22896_T|A,22898_G|A,22910_A|G,22916_C|T,22917_T|G,22926_T|C,22928_T|C,22942_T|A,22992_G|A,22995_C|A,23005_T|A,23012_G|A,23018_T|C,23019_T|C,23039_C|G,23055_A|G,23063_A|T,23075_T|C,23222_G|A,23271_C|T,23403_A|G,23423_C|T,23525_C|T,23599_T|G,23604_C|G,23621_G|A,23854_C|A,23948_G|T,24378_C|T,24424_A|T,24469_T|A,24872_G|T,24990_C|T,25000_C|T,25006_C|T,25207_C|T,25584_C|T,26060_C|T,26270_C|T,26529_G|C,26577_C|G,26610_A|G,26681_C|T,26709_G|A,26833_C|T,26858_C|T,27259_A|C,27382_G|C,27383_A|T,27384_T|C,27807_C|T,27810_T|C,28271_A|T,28291_C|A,28311_C|T,28881_G|A,28882_G|A,28883_G|C,28884_G|C,28958_C|A,29510_A|C,11288_11296,21633_21641,21765_21770,21992_21994,22194_22196,23009_23011,28362_28370,29734_29759,21608_.|TCATGCCGCTGT
IGS-10285-CVDP-706006DF-6BCE-45D1-806F-1CDC549EC766	XEK	241_C|T,593_C|T,670_T|G,897_C|A,2790_C|T,3037_C|T,3431_G|T,3505_C|T,3565_T|C,4184_G|A,4321_C|T,5701_T|C,6183_A|G,7113_C|T,7842_A|G,8293_C|T,8393_G|A,9286_C|T,9344_C|T,9424_A|G,9534_C|T,10029_C|T,10198_C|T,10447_G|A,10449_C|A,11042_G|T,11727_G|A,12789_C|T,12815_C|T,12880_C|T,13339_T|C,14408_C|T,15714_C|T,15756_T|A,16926_T|C,17410_C|T,18163_A|G,18492_A|G,18657_C|T,18894_C|T,19716_C|T,19955_C|T,20055_A|G,21618_C|T,21622_C|T,21624_G|C,21627_C|A,21711_C|T,21738_T|C,21941_G|T,21987_G|A,22032_T|C,22033_C|A,22034_A|G,22200_T|G,22208_C|T,22295_C|A,22353_C|A,22556_A|G,22577_G|C,22578_G|A,22629_A|C,22674_C|T,22679_T|C,22686_C|T,22688_A|G,22770_G|A,22775_G|A,22786_A|C,22813_G|T,22882_T|G,22895_G|C,22896_T|A,22898_G|A,22910_A|G,22916_C|T,22917_T|G,22926_T|C,22928_T|C,22942_T|A,22992_G|A,22995_C|A,23005_T|A,23012_G|A,23018_T|C,23019_T|C,23039_C|G,23055_A|G,23063_A|T,23075_T|C,23222_G|A,23271_C|T,23403_A|G,23423_C|T,23525_C|T,23599_T|G,23604_C|G,23854_C|A,23948_G|T,24378_C|T,24424_A|T,24469_T|A,24872_G|T,24990_C|T,25000_C|T,25006_C|T,25207_C|T,25584_C|T,26060_C|T,26270_C|T,26529_G|C,26577_C|G,26610_A|G,26681_C|T,26709_G|A,26833_C|T,26858_C|T,26942_C|T,27259_A|C,27382_G|C,27383_A|T,27384_T|C,27807_C|T,27810_T|C,28271_A|T,28291_C|A,28311_C|T,28881_G|A,28882_G|A,28883_G|C,28884_G|C,28958_C|A,29510_A|C,29614_C|T,29769_C|T,11288_11296,21633_21641,21765_21770,21992_21994,22194_22196,23009_23011,28362_28370,29734_29759,21608_.|TCATGCCGCTGT
IGS-10285-CVDP-73A33B82-2B7D-4BC8-8A91-670B95547BAC	XEK	241_C|T,593_C|T,670_T|G,897_C|A,2790_C|T,3037_C|T,3431_G|T,3505_C|T,3565_T|C,4184_G|A,4321_C|T,5701_T|C,6183_A|G,7113_C|T,7842_A|G,8293_C|T,8393_G|A,9286_C|T,9344_C|T,9424_A|G,9534_C|T,10029_C|T,10198_C|T,10447_G|A,10449_C|A,11042_G|T,11727_G|A,12789_C|T,12815_C|T,12880_C|T,13339_T|C,14408_C|T,15714_C|T,15756_T|A,17410_C|T,18163_A|G,18492_A|G,18657_C|T,18894_C|T,19716_C|T,19955_C|T,20055_A|G,21618_C|T,21622_C|T,21624_G|C,21627_C|A,21711_C|T,21738_T|C,21941_G|T,21987_G|A,22032_T|C,22033_C|A,22034_A|G,22200_T|G,22208_C|T,22295_C|A,22353_C|A,22556_A|G,22577_G|C,22578_G|A,22674_C|T,22679_T|C,22686_C|T,22688_A|G,22770_G|A,22775_G|A,22786_A|C,22813_G|T,22882_T|G,22895_G|C,22896_T|A,22898_G|A,22910_A|G,22916_C|T,22917_T|G,22926_T|C,22928_T|C,22942_T|A,22992_G|A,22995_C|A,23005_T|A,23012_G|A,23018_T|C,23019_T|C,23039_C|G,23055_A|G,23063_A|T,23075_T|C,23222_G|A,23271_C|T,23403_A|G,23423_C|T,23525_C|T,23599_T|G,23604_C|G,23854_C|A,23948_G|T,24378_C|T,24424_A|T,24469_T|A,24872_G|T,24990_C|T,25000_C|T,25006_C|T,25207_C|T,25584_C|T,26060_C|T,26270_C|T,26529_G|C,26577_C|G,26610_A|G,26681_C|T,26709_G|A,26833_C|T,26858_C|T,27259_A|C,27382_G|C,27383_A|T,27384_T|C,27807_C|T,27810_T|C,28271_A|T,28291_C|A,28311_C|T,28881_G|A,28882_G|A,28883_G|C,28884_G|C,28951_A|G,28958_C|A,29510_A|C,11288_11296,21633_21641,21765_21770,21992_21994,22194_22196,23009_23011,28362_28370,29734_29759,21608_.|TCATGCCGCTGT
IGS-10285-CVDP-7494F74D-B2EF-490E-AC04-CAD090A01686	XEK	241_C|T,593_C|T,670_T|G,897_C|A,2644_C|T,2790_C|T,3037_C|T,3431_G|T,3505_C|T,3565_T|C,3877_T|C,4184_G|A,4321_C|T,5701_T|C,6183_A|G,7113_C|T,7842_A|G,8293_C|T,8393_G|A,9286_C|T,9344_C|T,9424_A|G,9534_C|T,10029_C|T,10198_C|T,10447_G|A,10449_C|A,11042_G|T,11727_G|A,12789_C|T,12815_C|T,12880_C|T,13339_T|C,14408_C|T,15714_C|T,15756_T|A,15951_C|T,17410_C|T,18163_A|G,18492_A|G,18657_C|T,18894_C|T,19716_C|T,19955_C|T,20055_A|G,21618_C|T,21622_C|T,21624_G|C,21627_C|A,21711_C|T,21738_T|C,21941_G|T,21987_G|A,22032_T|C,22033_C|A,22034_A|G,22200_T|G,22208_C|T,22295_C|A,22353_C|A,22556_A|G,22577_G|C,22578_G|A,22629_A|C,22674_C|T,22679_T|C,22686_C|T,22688_A|G,22770_G|A,22775_G|A,22786_A|C,22813_G|T,22882_T|G,22895_G|C,22896_T|A,22898_G|A,22910_A|G,22916_C|T,22917_T|G,22926_T|C,22928_T|C,22942_T|A,22992_G|A,22995_C|A,23005_T|A,23012_G|A,23018_T|C,23019_T|C,23039_C|G,23055_A|G,23063_A|T,23075_T|C,23222_G|A,23271_C|T,23403_A|G,23423_C|T,23525_C|T,23599_T|G,23604_C|G,23683_C|T,23854_C|A,23948_G|T,24378_C|T,24424_A|T,24469_T|A,24872_G|T,24990_C|T,25000_C|T,25006_C|T,25207_C|T,25584_C|T,26060_C|T,26270_C|T,26529_G|C,26577_C|G,26610_A|G,26681_C|T,26709_G|A,26833_C|T,26858_C|T,27259_A|C,27382_G|C,27383_A|T,27384_T|C,27807_C|T,27810_T|C,28271_A|T,28291_C|A,28311_C|T,28881_G|A,28882_G|A,28883_G|C,28884_G|C,28958_C|A,29353_C|T,29510_A|C,11288_11296,21633_21641,21765_21770,21992_21994,22194_22196,23009_23011,28362_28370,29734_29759,21608_.|TCATGCCGCTGT
IGS-10285-CVDP-780BAD99-E0FC-4594-9A35-DA17E8C44A3A	XEK	241_C|T,593_C|T,670_T|G,897_C|A,2790_C|T,3037_C|T,3431_G|T,3505_C|T,3565_T|C,4184_G|A,4321_C|T,4993_C|T,5701_T|C,6183_A|G,7113_C|T,7842_A|G,8293_C|T,8393_G|A,9286_C|T,9344_C|T,9424_A|G,9534_C|T,10029_C|T,10198_C|T,10447_G|A,10449_C|A,11042_G|T,11727_G|A,12789_C|T,12815_C|T,12880_C|T,13006_T|C,13339_T|C,14408_C|T,15714_C|T,15756_T|A,17410_C|T,18163_A|G,18492_A|G,18657_C|T,18894_C|T,19716_C|T,19955_C|T,20055_A|G,21618_C|T,21622_C|T,21624_G|C,21627_C|A,21711_C|T,21738_T|C,21941_G|T,21987_G|A,21998_C|T,22032_T|C,22033_C|A,22034_A|G,22200_T|G,22208_C|T,22295_C|A,22353_C|A,22556_A|G,22577_G|C,22578_G|A,22629_A|C,22674_C|T,22679_T|C,22686_C|T,22688_A|G,22770_G|A,22775_G|A,22786_A|C,22813_G|T,22882_T|G,22895_G|C,22896_T|A,22898_G|A,22910_A|G,22916_C|T,22917_T|G,22926_T|C,22928_T|C,22942_T|A,22992_G|A,22995_C|A,23005_T|A,23012_G|A,23018_T|C,23019_T|C,23039_C|G,23055_A|G,23063_A|T,23075_T|C,23222_G|A,23271_C|T,23403_A|G,23423_C|T,23525_C|T,23599_T|G,23604_C|G,23854_C|A,23948_G|T,24378_C|T,24424_A|T,24469_T|A,24872_G|T,24990_C|T,25000_C|T,25006_C|T,25207_C|T,25584_C|T,26060_C|T,26270_C|T,26529_G|C,26577_C|G,26610_A|G,26681_C|T,26709_G|A,26833_C|T,26858_C|T,27259_A|C,27382_G|C,27383_A|T,27384_T|C,27807_C|T,27810_T|C,28271_A|T,28291_C|A,28311_C|T,28881_G|A,28882_G|A,28883_G|C,28884_G|C,28958_C|A,29510_A|C,11288_11296,21633_21641,21765_21770,21992_21994,22194_22196,23009_23011,28362_28370,29734_29759,21608_.|TCATGCCGCTGT
IGS-10285-CVDP-7976E8E0-468D-4B6B-99B8-91A98F09ECF7	XEK	241_C|T,593_C|T,670_T|G,897_C|A,2790_C|T,3037_C|T,3431_G|T,3505_C|T,3565_T|C,4184_G|A,4321_C|T,5701_T|C,6183_A|G,7113_C|T,7240_A|G,7842_A|G,8293_C|T,8393_G|A,9286_C|T,9344_C|T,9424_A|G,9534_C|T,10029_C|T,10183_C|T,10198_C|T,10447_G|A,10449_C|A,11042_G|T,11727_G|A,12789_C|T,12815_C|T,12880_C|T,13339_T|C,14408_C|T,15714_C|T,15756_T|A,17410_C|T,18163_A|G,18492_A|G,18568_C|T,18657_C|T,18894_C|T,19716_C|T,19955_C|T,20055_A|G,21618_C|T,21622_C|T,21624_G|C,21627_C|A,21711_C|T,21738_T|C,21941_G|T,21987_G|A,22032_T|C,22033_C|A,22034_A|G,22200_T|G,22208_C|T,22295_C|A,22353_C|A,22556_A|G,22577_G|C,22578_G|A,22629_A|C,22674_C|T,22679_T|C,22686_C|T,22688_A|G,22770_G|A,22775_G|A,22786_A|C,22813_G|T,22882_T|G,22895_G|C,22896_T|A,22898_G|A,22910_A|G,22916_C|T,22917_T|G,22926_T|C,22928_T|C,22942_T|A,22992_G|A,22995_C|A,23005_T|A,23012_G|A,23018_T|C,23019_T|C,23039_C|G,23055_A|G,23063_A|T,23075_T|C,23222_G|A,23271_C|T,23403_A|G,23423_C|T,23525_C|T,23599_T|G,23604_C|G,23854_C|A,23948_G|T,24378_C|T,24424_A|T,24469_T|A,24872_G|T,24990_C|T,25000_C|T,25006_C|T,25207_C|T,25584_C|T,26060_C|T,26270_C|T,26529_G|C,26577_C|G,26610_A|G,26681_C|T,26709_G|A,26750_C|T,26833_C|T,26858_C|T,27259_A|C,27382_G|C,27383_A|T,27384_T|C,27807_C|T,27810_T|C,28271_A|T,28291_C|A,28311_C|T,28509_G|A,28881_G|A,28882_G|A,28883_G|C,28884_G|C,28958_C|A,29510_A|C,11288_11296,21633_21641,21765_21770,21992_21994,22194_22196,23009_23011,28362_28370,29734_29759,21608_.|TCATGCCGCTGT
IGS-10285-CVDP-7BBAB515-6F96-4855-9742-8380B2B29B76	XEK	241_C|T,593_C|T,670_T|G,897_C|A,2790_C|T,3037_C|T,3431_G|T,3505_C|T,3565_T|C,4184_G|A,4321_C|T,5701_T|C,6183_A|G,7113_C|T,7842_A|G,8293_C|T,8393_G|A,9286_C|T,9344_C|T,9424_A|G,9534_C|T,10029_C|T,10198_C|T,10447_G|A,10449_C|A,11042_G|T,11727_G|A,12789_C|T,12815_C|T,12880_C|T,13339_T|C,14408_C|T,15714_C|T,15756_T|A,17410_C|T,18163_A|G,18492_A|G,18657_C|T,18894_C|T,19716_C|T,19955_C|T,20055_A|G,21618_C|T,21622_C|T,21624_G|C,21627_C|A,21711_C|T,21738_T|C,21941_G|T,21987_G|A,22032_T|C,22033_C|A,22034_A|G,22200_T|G,22208_C|T,22295_C|A,22353_C|A,22556_A|G,22577_G|C,22578_G|A,22629_A|C,22674_C|T,22679_T|C,22686_C|T,22688_A|G,22770_G|A,22775_G|A,22786_A|C,22813_G|T,22882_T|G,22895_G|C,22896_T|A,22898_G|A,22910_A|G,22916_C|T,22917_T|G,22926_T|C,22928_T|C,22942_T|A,22992_G|A,22995_C|A,23005_T|A,23012_G|A,23018_T|C,23019_T|C,23039_C|G,23055_A|G,23063_A|T,23075_T|C,23222_G|A,23271_C|T,23403_A|G,23423_C|T,23525_C|T,23599_T|G,23604_C|G,23854_C|A,23948_G|T,24378_C|T,24424_A|T,24469_T|A,24872_G|T,24990_C|T,25000_C|T,25006_C|T,25207_C|T,25584_C|T,26060_C|T,26270_C|T,26529_G|C,26577_C|G,26610_A|G,26681_C|T,26709_G|A,26833_C|T,26858_C|T,27259_A|C,27382_G|C,27383_A|T,27384_T|C,27807_C|T,27810_T|C,28271_A|T,28291_C|A,28311_C|T,28881_G|A,28882_G|A,28883_G|C,28884_G|C,28958_C|A,29510_A|C,11288_11296,21633_21641,21765_21770,21992_21994,22194_22196,23009_23011,28362_28370,29734_29759,21608_.|TCATGCCGCTGT
IGS-10285-CVDP-7C184BC5-7390-4D16-8441-BC12BF67A2E2	XEK	241_C|T,593_C|T,670_T|G,897_C|A,1722_C|T,2790_C|T,3037_C|T,3431_G|T,3505_C|T,3565_T|C,4184_G|A,4321_C|T,5701_T|C,6183_A|G,7113_C|T,7842_A|G,8293_C|T,8393_G|A,9286_C|T,9344_C|T,9424_A|G,9534_C|T,10029_C|T,10198_C|T,10447_G|A,10449_C|A,11042_G|T,11727_G|A,12789_C|T,12815_C|T,12880_C|T,13339_T|C,14408_C|T,15714_C|T,15756_T|A,17410_C|T,18163_A|G,18492_A|G,18657_C|T,18894_C|T,19716_C|T,19955_C|T,20055_A|G,21618_C|T,21622_C|T,21624_G|C,21627_C|A,21711_C|T,21738_T|C,21941_G|T,21987_G|A,22032_T|C,22033_C|A,22034_A|G,22200_T|G,22208_C|T,22295_C|A,22353_C|A,22556_A|G,22577_G|C,22578_G|A,22674_C|T,22679_T|C,22686_C|T,22688_A|G,22770_G|A,22775_G|A,22786_A|C,22813_G|T,22882_T|G,22895_G|C,22896_T|A,22898_G|A,22910_A|G,22916_C|T,22917_T|G,22926_T|C,22928_T|C,22942_T|A,22992_G|A,22995_C|A,23005_T|A,23012_G|A,23018_T|C,23019_T|C,23039_C|G,23055_A|G,23063_A|T,23075_T|C,23222_G|A,23271_C|T,23403_A|G,23423_C|T,23525_C|T,23599_T|G,23604_C|G,23854_C|A,23948_G|T,24378_C|T,24424_A|T,24469_T|A,24872_G|T,24990_C|T,25000_C|T,25006_C|T,25207_C|T,25584_C|T,26060_C|T,26270_C|T,26529_G|C,26577_C|G,26610_A|G,26681_C|T,26709_G|A,26833_C|T,26858_C|T,27259_A|C,27382_G|C,27383_A|T,27384_T|C,27807_C|T,27810_T|C,28271_A|T,28291_C|A,28311_C|T,28881_G|A,28882_G|A,28883_G|C,28884_G|C,28958_C|A,29510_A|C,11288_11296,21633_21641,21765_21770,21992_21994,22194_22196,23009_23011,28362_28370,29734_29759,21608_.|TCATGCCGCTGT
IGS-10285-CVDP-7DFCDA07-239D-4B67-88BF-1F4DA9DA9B53	XEK	241_C|T,593_C|T,670_T|G,897_C|A,2790_C|T,3037_C|T,3431_G|T,3505_C|T,3565_T|C,4184_G|A,4321_C|T,5701_T|C,6183_A|G,7113_C|T,7842_A|G,8290_C|T,8293_C|T,8393_G|A,9286_C|T,9344_C|T,9424_A|G,9534_C|T,10029_C|T,10198_C|T,10447_G|A,10449_C|A,11042_G|T,11727_G|A,12789_C|T,12815_C|T,12880_C|T,13339_T|C,14408_C|T,15714_C|T,15756_T|A,17410_C|T,18163_A|G,18431_C|T,18492_A|G,18657_C|T,18894_C|T,19716_C|T,19955_C|T,20055_A|G,20823_C|T,21618_C|T,21622_C|T,21624_G|C,21627_C|A,21711_C|T,21738_T|C,21941_G|T,21987_G|A,22032_T|C,22033_C|A,22034_A|G,22200_T|G,22208_C|T,22295_C|A,22353_C|A,22556_A|G,22577_G|C,22578_G|A,22629_A|C,22674_C|T,22679_T|C,22686_C|T,22688_A|G,22770_G|A,22775_G|A,22786_A|C,22813_G|T,22882_T|G,22895_G|C,22896_T|A,22898_G|A,22910_A|G,22916_C|T,22917_T|G,22926_T|C,22928_T|C,22942_T|A,22992_G|A,22995_C|A,23005_T|A,23012_G|A,23018_T|C,23019_T|C,23039_C|G,23055_A|G,23063_A|T,23075_T|C,23222_G|A,23271_C|T,23403_A|G,23423_C|T,23525_C|T,23599_T|G,23604_C|G,23854_C|A,23939_C|T,23948_G|T,24378_C|T,24424_A|T,24469_T|A,24872_G|T,24990_C|T,25000_C|T,25006_C|T,25207_C|T,25584_C|T,26060_C|T,26270_C|T,26529_G|C,26577_C|G,26610_A|G,26681_C|T,26709_G|A,26833_C|T,26858_C|T,27259_A|C,27382_G|C,27383_A|T,27384_T|C,27807_C|T,27810_T|C,28271_A|T,28291_C|A,28311_C|T,28881_G|A,28882_G|A,28883_G|C,28884_G|C,28958_C|A,29510_A|C,29836_C|T,11288_11296,21633_21641,21765_21770,21992_21994,22194_22196,23009_23011,28362_28370,29734_29759,21608_.|TCATGCCGCTGT
IGS-10285-CVDP-7EEB767D-0158-47B3-9B1B-A6E5E34E48FA	XEK	241_C|T,593_C|T,670_T|G,897_C|A,2790_C|T,3037_C|T,3431_G|T,3505_C|T,3565_T|C,4184_G|A,4321_C|T,5701_T|C,5758_C|T,6183_A|G,7113_C|T,7842_A|G,8290_C|T,8293_C|T,8393_G|A,9286_C|T,9344_C|T,9424_A|G,9534_C|T,10029_C|T,10198_C|T,10447_G|A,10449_C|A,11042_G|T,11727_G|A,12789_C|T,12815_C|T,12880_C|T,13339_T|C,14408_C|T,15714_C|T,15756_T|A,17410_C|T,18163_A|G,18492_A|G,18657_C|T,18894_C|T,19716_C|T,19955_C|T,20055_A|G,21618_C|T,21622_C|T,21624_G|C,21627_C|A,21711_C|T,21738_T|C,21941_G|T,21987_G|A,22032_T|C,22033_C|A,22034_A|G,22200_T|G,22208_C|T,22295_C|A,22353_C|A,22556_A|G,22577_G|C,22578_G|A,22629_A|C,22674_C|T,22679_T|C,22686_C|T,22688_A|G,22770_G|A,22775_G|A,22786_A|C,22813_G|T,22882_T|G,22895_G|C,22896_T|A,22898_G|A,22910_A|G,22916_C|T,22917_T|G,22926_T|C,22928_T|C,22942_T|A,22992_G|A,22995_C|A,23012_G|A,23018_T|C,23019_T|C,23039_C|G,23055_A|G,23063_A|T,23075_T|C,23191_C|T,23222_G|A,23271_C|T,23403_A|G,23423_C|T,23525_C|T,23599_T|G,23604_C|G,23854_C|A,23948_G|T,24378_C|T,24424_A|T,24469_T|A,24872_G|T,24990_C|T,25000_C|T,25006_C|T,25207_C|T,25584_C|T,26060_C|T,26270_C|T,26529_G|C,26577_C|G,26610_A|G,26681_C|T,26709_G|A,26833_C|T,26858_C|T,27259_A|C,27382_G|C,27383_A|T,27384_T|C,27807_C|T,27810_T|C,28271_A|T,28291_C|A,28311_C|T,28881_G|A,28882_G|A,28883_G|C,28884_G|C,28958_C|A,29510_A|C,11288_11296,21633_21641,21765_21770,21992_21994,22194_22196,23009_23011,28362_28370,29734_29759,21608_.|TCATGCCGCTGT
IGS-10285-CVDP-7EFE01C3-C8D3-41ED-8672-058A63FFC937	XEK	241_C|T,593_C|T,670_T|G,897_C|A,2790_C|T,3037_C|T,3431_G|T,3505_C|T,3565_T|C,4184_G|A,4321_C|T,5701_T|C,6183_A|G,7113_C|T,7842_A|G,8293_C|T,8393_G|A,9286_C|T,9344_C|T,9424_A|G,9534_C|T,10029_C|T,10198_C|T,10447_G|A,10449_C|A,11042_G|T,11727_G|A,12789_C|T,12815_C|T,12880_C|T,13339_T|C,14408_C|T,15714_C|T,15756_T|A,16926_T|C,17410_C|T,18163_A|G,18492_A|G,18657_C|T,18894_C|T,19716_C|T,19955_C|T,20055_A|G,21618_C|T,21622_C|T,21624_G|C,21627_C|A,21711_C|T,21738_T|C,21941_G|T,21987_G|A,22032_T|C,22033_C|A,22034_A|G,22200_T|G,22208_C|T,22295_C|A,22353_C|A,22556_A|G,22577_G|C,22578_G|A,22629_A|C,22674_C|T,22679_T|C,22686_C|T,22688_A|G,22770_G|A,22775_G|A,22786_A|C,22813_G|T,22882_T|G,22895_G|C,22896_T|A,22898_G|A,22910_A|G,22916_C|T,22917_T|G,22926_T|C,22928_T|C,22942_T|A,22992_G|A,22995_C|A,23005_T|A,23012_G|A,23018_T|C,23019_T|C,23039_C|G,23055_A|G,23063_A|T,23075_T|C,23222_G|A,23271_C|T,23403_A|G,23423_C|T,23525_C|T,23599_T|G,23604_C|G,23854_C|A,23948_G|T,24378_C|T,24424_A|T,24469_T|A,24872_G|T,24990_C|T,25000_C|T,25006_C|T,25207_C|T,25584_C|T,26060_C|T,26270_C|T,26529_G|C,26577_C|G,26610_A|G,26681_C|T,26709_G|A,26833_C|T,26858_C|T,27259_A|C,27382_G|C,27383_A|T,27384_T|C,27807_C|T,27810_T|C,28271_A|T,28291_C|A,28311_C|T,28881_G|A,28882_G|A,28883_G|C,28884_G|C,28958_C|A,29510_A|C,29769_C|T,11288_11296,21633_21641,21765_21770,21992_21994,22194_22196,23009_23011,28362_28370,29734_29759,21608_.|TCATGCCGCTGT
IGS-10285-CVDP-868C574D-5D8C-42FD-9FDF-53EC33595A0E	XEK	241_C|T,593_C|T,670_T|G,897_C|A,2790_C|T,3037_C|T,3431_G|T,3505_C|T,3565_T|C,4184_G|A,4321_C|T,5701_T|C,6183_A|G,7113_C|T,7842_A|G,8293_C|T,8393_G|A,9286_C|T,9344_C|T,9424_A|G,9534_C|T,10029_C|T,10198_C|T,10447_G|A,10449_C|A,11042_G|T,11727_G|A,12789_C|T,12815_C|T,12880_C|T,13339_T|C,14408_C|T,15714_C|T,15756_T|A,17410_C|T,18163_A|G,18492_A|G,18657_C|T,18894_C|T,19716_C|T,19955_C|T,20055_A|G,21618_C|T,21622_C|T,21624_G|C,21627_C|A,21711_C|T,21738_T|C,21941_G|T,21987_G|A,22032_T|C,22033_C|A,22034_A|G,22200_T|G,22208_C|T,22295_C|A,22353_C|A,22556_A|G,22577_G|C,22578_G|A,22629_A|C,22674_C|T,22679_T|C,22686_C|T,22688_A|G,22770_G|A,22775_G|A,22786_A|C,22813_G|T,22882_T|G,22895_G|C,22896_T|A,22898_G|A,22910_A|G,22916_C|T,22917_T|G,22926_T|C,22928_T|C,22942_T|A,22992_G|A,22995_C|A,23005_T|A,23012_G|A,23018_T|C,23019_T|C,23039_C|G,23055_A|G,23063_A|T,23075_T|C,23222_G|A,23271_C|T,23403_A|G,23423_C|T,23525_C|T,23599_T|G,23604_C|G,23854_C|A,23948_G|T,24062_A|G,24378_C|T,24424_A|T,24469_T|A,24872_G|T,24990_C|T,25000_C|T,25006_C|T,25207_C|T,25584_C|T,25613_C|T,25916_C|T,26060_C|T,26270_C|T,26529_G|C,26577_C|G,26610_A|G,26681_C|T,26709_G|A,26833_C|T,26858_C|T,27134_T|C,27259_A|C,27382_G|C,27383_A|T,27384_T|C,27807_C|T,27810_T|C,28271_A|T,28291_C|A,28311_C|T,28881_G|A,28882_G|A,28883_G|C,28884_G|C,28958_C|A,29510_A|C,11288_11296,21633_21641,21765_21770,21992_21994,22194_22196,23009_23011,28362_28370,29734_29759,21608_.|TCATGCCGCTGT
IGS-10285-CVDP-86E7D15E-2417-4DE6-8BC4-1D0EFD2D7B30	XEK	241_C|T,593_C|T,670_T|G,897_C|A,2790_C|T,3037_C|T,3431_G|T,3505_C|T,3565_T|C,4184_G|A,4321_C|T,5701_T|C,6183_A|G,7113_C|T,7842_A|G,8293_C|T,8393_G|A,9286_C|T,9344_C|T,9424_A|G,9534_C|T,10029_C|T,10198_C|T,10447_G|A,10449_C|A,11042_G|T,11727_G|A,12789_C|T,12815_C|T,12880_C|T,13339_T|C,13375_T|C,14408_C|T,15714_C|T,15756_T|A,17410_C|T,17463_C|T,18163_A|G,18492_A|G,18633_T|C,18657_C|T,18894_C|T,19716_C|T,19955_C|T,20055_A|G,21618_C|T,21622_C|T,21624_G|C,21627_C|A,21711_C|T,21738_T|C,21941_G|T,21987_G|A,22032_T|C,22033_C|A,22034_A|G,22200_T|G,22208_C|T,22295_C|A,22353_C|A,22556_A|G,22577_G|C,22578_G|A,22629_A|C,22674_C|T,22679_T|C,22686_C|T,22688_A|G,22770_G|A,22775_G|A,22786_A|C,22813_G|T,22882_T|G,22895_G|C,22896_T|A,22898_G|A,22910_A|G,22916_C|T,22917_T|G,22926_T|C,22928_T|C,22942_T|A,22992_G|A,22995_C|A,23005_T|A,23012_G|A,23018_T|C,23019_T|C,23039_C|G,23055_A|G,23063_A|T,23075_T|C,23222_G|A,23271_C|T,23403_A|G,23423_C|T,23525_C|T,23599_T|G,23604_C|G,23854_C|A,23948_G|T,24062_A|G,24378_C|T,24424_A|T,24469_T|A,24872_G|T,24990_C|T,25000_C|T,25006_C|T,25207_C|T,25584_C|T,26060_C|T,26270_C|T,26529_G|C,26577_C|G,26610_A|G,26681_C|T,26709_G|A,26833_C|T,26858_C|T,27134_T|C,27259_A|C,27294_C|T,27382_G|C,27383_A|T,27384_T|C,27807_C|T,27810_T|C,28271_A|T,28291_C|A,28311_C|T,28881_G|A,28882_G|A,28883_G|C,28884_G|C,28958_C|A,29510_A|C,11288_11296,21633_21641,21765_21770,21992_21994,22194_22196,23009_23011,28362_28370,29734_29759,21608_.|TCATGCCGCTGT
IGS-10285-CVDP-88940851-3186-4D41-9EF0-FC77B026EA4F	XEK	241_C|T,593_C|T,670_T|G,897_C|A,2790_C|T,3037_C|T,3431_G|T,3505_C|T,3565_T|C,4184_G|A,4321_C|T,5701_T|C,6183_A|G,6813_C|T,7113_C|T,7842_A|G,8290_C|T,8293_C|T,8393_G|A,9286_C|T,9344_C|T,9424_A|G,9534_C|T,10029_C|T,10198_C|T,10447_G|A,10449_C|A,11042_G|T,11727_G|A,12789_C|T,12815_C|T,12880_C|T,13339_T|C,14408_C|T,15714_C|T,15756_T|A,17410_C|T,18163_A|G,18492_A|G,18657_C|T,18894_C|T,19716_C|T,19955_C|T,20055_A|G,21618_C|T,21622_C|T,21624_G|C,21627_C|A,21711_C|T,21738_T|C,21941_G|T,21987_G|A,22032_T|C,22033_C|A,22034_A|G,22200_T|G,22208_C|T,22295_C|A,22353_C|A,22556_A|G,22577_G|C,22578_G|A,22629_A|C,22674_C|T,22679_T|C,22686_C|T,22688_A|G,22770_G|A,22775_G|A,22786_A|C,22813_G|T,22882_T|G,22895_G|C,22896_T|A,22898_G|A,22910_A|G,22916_C|T,22917_T|G,22926_T|C,22928_T|C,22942_T|A,22992_G|A,22995_C|A,23005_T|A,23012_G|A,23018_T|C,23019_T|C,23039_C|G,23055_A|G,23063_A|T,23075_T|C,23209_A|G,23222_G|A,23271_C|T,23403_A|G,23423_C|T,23525_C|T,23551_C|T,23599_T|G,23604_C|G,23853_A|G,23854_C|A,23948_G|T,24378_C|T,24424_A|T,24469_T|A,24872_G|T,24990_C|T,25000_C|T,25006_C|T,25207_C|T,25584_C|T,26060_C|T,26270_C|T,26529_G|C,26577_C|G,26610_A|G,26681_C|T,26709_G|A,26833_C|T,26858_C|T,27259_A|C,27382_G|C,27383_A|T,27384_T|C,27807_C|T,27810_T|C,28271_A|T,28291_C|A,28311_C|T,28881_G|A,28882_G|A,28883_G|C,28884_G|C,28958_C|A,29510_A|C,11288_11296,21633_21641,21765_21770,21992_21994,22194_22196,23009_23011,28362_28370,29734_29759,21608_.|TCATGCCGCTGT
IGS-10285-CVDP-8C59169F-5AC7-426C-8332-2A68264D3292	XEK	241_C|T,593_C|T,670_T|G,897_C|A,2790_C|T,3037_C|T,3431_G|T,3505_C|T,3565_T|C,4184_G|A,4321_C|T,5701_T|C,6183_A|G,7091_G|T,7113_C|T,7842_A|G,8293_C|T,8393_G|A,9286_C|T,9344_C|T,9424_A|G,9534_C|T,10029_C|T,10198_C|T,10447_G|A,10449_C|A,11042_G|T,11094_C|T,11727_G|A,12789_C|T,12815_C|T,12880_C|T,13339_T|C,14408_C|T,15714_C|T,15756_T|A,17410_C|T,18163_A|G,18492_A|G,18657_C|T,18894_C|T,19716_C|T,19955_C|T,20055_A|G,21618_C|T,21622_C|T,21624_G|C,21627_C|A,21711_C|T,21738_T|C,21941_G|T,21987_G|A,22032_T|C,22033_C|A,22034_A|G,22200_T|G,22208_C|T,22295_C|A,22353_C|A,22556_A|G,22577_G|C,22578_G|A,22629_A|C,22674_C|T,22679_T|C,22686_C|T,22688_A|G,22770_G|A,22775_G|A,22786_A|C,22813_G|T,22882_T|G,22895_G|C,22896_T|A,22898_G|A,22910_A|G,22916_C|T,22917_T|G,22926_T|C,22928_T|C,22942_T|A,22992_G|A,22995_C|A,23005_T|A,23012_G|A,23018_T|C,23019_T|C,23039_C|G,23055_A|G,23063_A|T,23075_T|C,23222_G|A,23271_C|T,23403_A|G,23423_C|T,23525_C|T,23599_T|G,23604_C|G,23854_C|A,23948_G|T,24378_C|T,24424_A|T,24469_T|A,24872_G|T,24990_C|T,25000_C|T,25006_C|T,25207_C|T,25584_C|T,26060_C|T,26270_C|T,26529_G|C,26577_C|G,26610_A|G,26681_C|T,26709_G|A,26744_T|C,26833_C|T,26858_C|T,27259_A|C,27382_G|C,27383_A|T,27384_T|C,27807_C|T,27810_T|C,28271_A|T,28291_C|A,28311_C|T,28881_G|A,28882_G|A,28883_G|C,28884_G|C,28958_C|A,29510_A|C,11288_11296,21633_21641,21765_21770,21992_21994,22194_22196,23009_23011,28362_28370,29734_29759,21608_.|TCATGCCGCTGT
IGS-10285-CVDP-8DA26081-8A88-4DDE-95E7-14D4FEF59385	XEK	241_C|T,593_C|T,670_T|G,897_C|A,2790_C|T,3037_C|T,3431_G|T,3505_C|T,3565_T|C,4184_G|A,4321_C|T,5179_T|A,5192_C|T,5701_T|C,6183_A|G,7113_C|T,7842_A|G,8293_C|T,8393_G|A,9286_C|T,9344_C|T,9424_A|G,9534_C|T,10029_C|T,10198_C|T,10447_G|A,10449_C|A,11042_G|T,11727_G|A,12789_C|T,12815_C|T,12880_C|T,13339_T|C,14408_C|T,15254_T|C,15714_C|T,15756_T|A,17410_C|T,18163_A|G,18492_A|G,18657_C|T,18894_C|T,19716_C|T,19955_C|T,20055_A|G,21618_C|T,21622_C|T,21624_G|C,21627_C|A,21711_C|T,21738_T|C,21941_G|T,21987_G|A,22032_T|C,22033_C|A,22034_A|G,22200_T|G,22208_C|T,22295_C|A,22353_C|A,22495_A|G,22556_A|G,22577_G|C,22578_G|A,22629_A|C,22674_C|T,22679_T|C,22686_C|T,22688_A|G,22770_G|A,22775_G|A,22786_A|C,22813_G|T,22882_T|G,22895_G|C,22896_T|A,22898_G|A,22910_A|G,22916_C|T,22917_T|G,22926_T|C,22928_T|C,22942_T|A,22992_G|A,22995_C|A,23005_T|A,23012_G|A,23018_T|C,23019_T|C,23039_C|G,23055_A|G,23063_A|T,23075_T|C,23222_G|A,23271_C|T,23403_A|G,23423_C|T,23525_C|T,23599_T|G,23604_C|G,23854_C|A,23948_G|T,24378_C|T,24424_A|T,24469_T|A,24872_G|T,24990_C|T,25000_C|T,25006_C|T,25139_T|C,25207_C|T,25584_C|T,26060_C|T,26270_C|T,26529_G|C,26577_C|G,26610_A|G,26681_C|T,26709_G|A,26833_C|T,26858_C|T,27259_A|C,27382_G|C,27383_A|T,27384_T|C,27807_C|T,27810_T|C,28271_A|T,28291_C|A,28311_C|T,28881_G|A,28882_G|A,28883_G|C,28884_G|C,28958_C|A,29510_A|C,11288_11296,21633_21641,21765_21770,21992_21994,22194_22196,23009_23011,28362_28370,29734_29759,21608_.|TCATGCCGCTGT
IGS-10285-CVDP-8ED771D9-931A-4093-B84F-0C757E01BE2D	XEK	241_C|T,593_C|T,670_T|G,897_C|A,1102_C|T,1358_G|A,2790_C|T,3037_C|T,3431_G|T,3505_C|T,3565_T|C,4184_G|A,4321_C|T,5701_T|C,6183_A|G,7113_C|T,7842_A|G,8043_C|T,8293_C|T,8393_G|A,9286_C|T,9344_C|T,9424_A|G,9534_C|T,10029_C|T,10198_C|T,10447_G|A,10449_C|A,11042_G|T,11727_G|A,12484_C|T,12789_C|T,12815_C|T,12880_C|T,13339_T|C,14408_C|T,15714_C|T,15756_T|A,17410_C|T,18163_A|G,18492_A|G,18508_C|T,18657_C|T,18894_C|T,19716_C|T,19955_C|T,20055_A|G,21618_C|T,21622_C|T,21624_G|C,21627_C|A,21711_C|T,21738_T|C,21941_G|T,21987_G|A,22032_T|C,22033_C|A,22034_A|G,22200_T|G,22208_C|T,22295_C|A,22353_C|A,22556_A|G,22577_G|C,22578_G|A,22629_A|C,22674_C|T,22679_T|C,22686_C|T,22688_A|G,22770_G|A,22775_G|A,22786_A|C,22813_G|T,22882_T|G,22895_G|C,22896_T|A,22898_G|A,22910_A|G,22916_C|T,22917_T|G,22926_T|C,22928_T|C,22942_T|A,22992_G|A,22995_C|A,23005_T|A,23012_G|A,23018_T|C,23019_T|C,23039_C|G,23055_A|G,23063_A|T,23075_T|C,23222_G|A,23271_C|T,23403_A|G,23423_C|T,23525_C|T,23599_T|G,23604_C|G,23854_C|A,23948_G|T,24378_C|T,24424_A|T,24469_T|A,24872_G|T,24990_C|T,25000_C|T,25006_C|T,25207_C|T,25584_C|T,26060_C|T,26270_C|T,26529_G|C,26577_C|G,26610_A|G,26681_C|T,26709_G|A,26833_C|T,26858_C|T,27259_A|C,27382_G|C,27383_A|T,27384_T|C,27807_C|T,27810_T|C,28271_A|T,28291_C|A,28311_C|T,28519_C|T,28881_G|A,28882_G|A,28883_G|C,28884_G|C,28958_C|A,29510_A|C,11288_11296,21633_21641,21765_21770,21992_21994,22194_22196,23009_23011,28362_28370,29734_29759,21608_.|TCATGCCGCTGT
IGS-10285-CVDP-93B44860-9C43-4329-946A-EE1322A79FE5	XEK	241_C|T,593_C|T,670_T|G,897_C|A,2668_C|T,2790_C|T,3037_C|T,3431_G|T,3505_C|T,3565_T|C,4184_G|A,4321_C|T,4634_T|C,5701_T|C,6183_A|G,7113_C|T,7842_A|G,8293_C|T,8393_G|A,9286_C|T,9344_C|T,9424_A|G,9534_C|T,10029_C|T,10198_C|T,10447_G|A,10449_C|A,11042_G|T,11727_G|A,11984_G|T,12789_C|T,12815_C|T,12880_C|T,13339_T|C,14408_C|T,15714_C|T,15756_T|A,17410_C|T,18163_A|G,18492_A|G,18657_C|T,18894_C|T,19716_C|T,19955_C|T,20055_A|G,21618_C|T,21622_C|T,21624_G|C,21627_C|A,21711_C|T,21738_T|C,21941_G|T,21987_G|A,22032_T|C,22033_C|A,22034_A|G,22200_T|G,22208_C|T,22295_C|A,22353_C|A,22556_A|G,22577_G|C,22578_G|A,22629_A|C,22674_C|T,22679_T|C,22686_C|T,22688_A|G,22770_G|A,22775_G|A,22786_A|C,22813_G|T,22882_T|G,22895_G|C,22896_T|A,22898_G|A,22910_A|G,22916_C|T,22917_T|G,22926_T|C,22928_T|C,22942_T|A,22992_G|A,22995_C|A,23005_T|A,23012_G|A,23018_T|C,23019_T|C,23039_C|G,23055_A|G,23063_A|T,23075_T|C,23222_G|A,23271_C|T,23403_A|G,23423_C|T,23503_A|G,23525_C|T,23599_T|G,23604_C|G,23854_C|A,23948_G|T,24378_C|T,24424_A|T,24469_T|A,24872_G|T,24990_C|T,25000_C|T,25006_C|T,25207_C|T,25584_C|T,26060_C|T,26270_C|T,26529_G|C,26577_C|G,26610_A|G,26681_C|T,26709_G|A,26833_C|T,26858_C|T,27134_T|C,27259_A|C,27382_G|C,27383_A|T,27384_T|C,27807_C|T,27810_T|C,28271_A|T,28291_C|A,28311_C|T,28881_G|A,28882_G|A,28883_G|C,28884_G|C,28958_C|A,29510_A|C,11288_11296,21633_21641,21765_21770,21992_21994,22194_22196,23009_23011,28362_28370,29734_29759,21608_.|TCATGCCGCTGT
IGS-10285-CVDP-98A63345-1858-4B2D-A95E-493BC14671ED	XEK	241_C|T,593_C|T,670_T|G,897_C|A,2450_C|T,2790_C|T,3037_C|T,3431_G|T,3505_C|T,3565_T|C,4184_G|A,4321_C|T,5701_T|C,6183_A|G,7113_C|T,7842_A|G,8293_C|T,8393_G|A,9286_C|T,9344_C|T,9424_A|G,9534_C|T,10029_C|T,10198_C|T,10447_G|A,10449_C|A,11042_G|T,11727_G|A,12789_C|T,12815_C|T,12880_C|T,13339_T|C,14408_C|T,15714_C|T,15756_T|A,17410_C|T,18163_A|G,18492_A|G,18657_C|T,18894_C|T,19512_C|T,19716_C|T,19955_C|T,20055_A|G,21618_C|T,21622_C|T,21624_G|C,21627_C|A,21711_C|T,21738_T|C,21941_G|T,21987_G|A,22032_T|C,22033_C|A,22034_A|G,22200_T|G,22208_C|T,22295_C|A,22353_C|A,22556_A|G,22577_G|C,22578_G|A,22629_A|C,22674_C|T,22679_T|C,22686_C|T,22688_A|G,22770_G|A,22775_G|A,22786_A|C,22813_G|T,22882_T|G,22895_G|C,22896_T|A,22898_G|A,22910_A|G,22916_C|T,22917_T|G,22926_T|C,22928_T|C,22942_T|A,22992_G|A,22995_C|A,23005_T|A,23012_G|A,23018_T|C,23019_T|C,23039_C|G,23055_A|G,23063_A|T,23075_T|C,23222_G|A,23271_C|T,23403_A|G,23423_C|T,23525_C|T,23599_T|G,23604_C|G,23854_C|A,23948_G|T,24378_C|T,24424_A|T,24469_T|A,24872_G|T,24990_C|T,25000_C|T,25006_C|T,25207_C|T,25584_C|T,26060_C|T,26270_C|T,26437_C|T,26529_G|C,26577_C|G,26610_A|G,26681_C|T,26709_G|A,26833_C|T,26858_C|T,27259_A|C,27382_G|C,27383_A|T,27384_T|C,27807_C|T,27810_T|C,28271_A|T,28291_C|A,28311_C|T,28881_G|A,28882_G|A,28883_G|C,28884_G|C,28958_C|A,29510_A|C,11288_11296,21633_21641,21765_21770,21992_21994,22194_22196,23009_23011,28362_28370,29734_29759,21608_.|TCATGCCGCTGT
IGS-10285-CVDP-98F39C2A-AAA0-4778-8E39-929866B420AB	XEK	241_C|T,593_C|T,670_T|G,829_C|T,897_C|A,2790_C|T,3037_C|T,3431_G|T,3505_C|T,3565_T|C,4184_G|A,4321_C|T,5701_T|C,6183_A|G,7113_C|T,7842_A|G,8293_C|T,8393_G|A,9286_C|T,9344_C|T,9424_A|G,9534_C|T,10029_C|T,10198_C|T,10447_G|A,10449_C|A,11042_G|T,11727_G|A,12789_C|T,12815_C|T,12880_C|T,13339_T|C,14408_C|T,15714_C|T,15756_T|A,17410_C|T,18163_A|G,18492_A|G,18657_C|T,18894_C|T,19716_C|T,19955_C|T,20055_A|G,21618_C|T,21622_C|T,21624_G|C,21627_C|A,21711_C|T,21738_T|C,21742_C|T,21941_G|T,21987_G|A,22032_T|C,22033_C|A,22034_A|G,22200_T|G,22208_C|T,22295_C|A,22353_C|A,22556_A|G,22577_G|C,22578_G|A,22629_A|C,22674_C|T,22679_T|C,22686_C|T,22688_A|G,22770_G|A,22775_G|A,22786_A|C,22813_G|T,22882_T|G,22895_G|C,22896_T|A,22898_G|A,22910_A|G,22916_C|T,22917_T|G,22926_T|C,22928_T|C,22942_T|A,22992_G|A,22995_C|A,23005_T|A,23012_G|A,23018_T|C,23019_T|C,23039_C|G,23055_A|G,23063_A|T,23075_T|C,23222_G|A,23271_C|T,23403_A|G,23423_C|T,23525_C|T,23599_T|G,23604_C|G,23854_C|A,23948_G|T,24378_C|T,24424_A|T,24469_T|A,24872_G|T,24990_C|T,25000_C|T,25006_C|T,25207_C|T,25584_C|T,26060_C|T,26270_C|T,26529_G|C,26577_C|G,26610_A|G,26681_C|T,26709_G|A,26833_C|T,26858_C|T,27259_A|C,27382_G|C,27383_A|T,27384_T|C,27807_C|T,27810_T|C,28271_A|T,28291_C|A,28311_C|T,28881_G|A,28882_G|A,28883_G|C,28884_G|C,28958_C|A,29510_A|C,11288_11296,21633_21641,21765_21770,21992_21994,22194_22196,23009_23011,28362_28370,29734_29759,21608_.|TCATGCCGCTGT
IGS-10285-CVDP-9BD4E800-2A19-42DF-9C3B-F7B67BD967F2	XEK	241_C|T,593_C|T,670_T|G,897_C|A,2644_C|T,2790_C|T,3037_C|T,3431_G|T,3505_C|T,3565_T|C,3877_T|C,4184_G|A,4321_C|T,5701_T|C,6183_A|G,7113_C|T,7842_A|G,8293_C|T,8393_G|A,9286_C|T,9344_C|T,9424_A|G,9534_C|T,10029_C|T,10198_C|T,10447_G|A,10449_C|A,11042_G|T,11727_G|A,12789_C|T,12815_C|T,12880_C|T,13339_T|C,14408_C|T,15714_C|T,15756_T|A,15951_C|T,17410_C|T,18163_A|G,18492_A|G,18657_C|T,18894_C|T,19716_C|T,19955_C|T,20055_A|G,21618_C|T,21622_C|T,21624_G|C,21627_C|A,21711_C|T,21738_T|C,21941_G|T,21987_G|A,22032_T|C,22033_C|A,22034_A|G,22200_T|G,22208_C|T,22295_C|A,22353_C|A,22556_A|G,22577_G|C,22578_G|A,22629_A|C,22674_C|T,22679_T|C,22686_C|T,22688_A|G,22770_G|A,22775_G|A,22786_A|C,22813_G|T,22882_T|G,22895_G|C,22896_T|A,22898_G|A,22910_A|G,22916_C|T,22917_T|G,22926_T|C,22928_T|C,22942_T|A,22992_G|A,22995_C|A,23005_T|A,23012_G|A,23018_T|C,23019_T|C,23039_C|G,23055_A|G,23063_A|T,23075_T|C,23222_G|A,23271_C|T,23403_A|G,23423_C|T,23525_C|T,23599_T|G,23604_C|G,23683_C|T,23854_C|A,23948_G|T,24378_C|T,24424_A|T,24469_T|A,24872_G|T,24990_C|T,25000_C|T,25006_C|T,25207_C|T,25584_C|T,26060_C|T,26270_C|T,26529_G|C,26577_C|G,26610_A|G,26681_C|T,26709_G|A,26833_C|T,26858_C|T,27259_A|C,27382_G|C,27383_A|T,27384_T|C,27807_C|T,27810_T|C,28271_A|T,28291_C|A,28311_C|T,28881_G|A,28882_G|A,28883_G|C,28884_G|C,28958_C|A,29353_C|T,29510_A|C,11288_11296,21633_21641,21765_21770,21992_21994,22194_22196,23009_23011,28362_28370,29734_29759,21608_.|TCATGCCGCTGT
IGS-10285-CVDP-9D53E9E1-8111-4E96-BFC9-955485B0D82B	XEK	241_C|T,593_C|T,670_T|G,897_C|A,2790_C|T,3037_C|T,3431_G|T,3505_C|T,4184_G|A,4321_C|T,5701_T|C,6183_A|G,7113_C|T,7842_A|G,8293_C|T,8393_G|A,9286_C|T,9344_C|T,9424_A|G,9534_C|T,10029_C|T,10198_C|T,10447_G|A,10449_C|A,11042_G|T,11727_G|A,12789_C|T,12815_C|T,12880_C|T,13339_T|C,14408_C|T,15714_C|T,15756_T|A,17410_C|T,18163_A|G,18492_A|G,18657_C|T,18894_C|T,19716_C|T,19955_C|T,20055_A|G,21618_C|T,21622_C|T,21624_G|C,21627_C|A,21711_C|T,21738_T|C,21941_G|T,21987_G|A,22032_T|C,22033_C|A,22034_A|G,22200_T|G,22208_C|T,22295_C|A,22353_C|A,22556_A|G,22577_G|C,22578_G|A,22629_A|C,22674_C|T,22679_T|C,22686_C|T,22688_A|G,22770_G|A,22775_G|A,22786_A|C,22813_G|T,22882_T|G,22895_G|C,22896_T|A,22898_G|A,22910_A|G,22916_C|T,22917_T|G,22926_T|C,22928_T|C,22942_T|A,22992_G|A,22995_C|A,23005_T|A,23012_G|A,23018_T|C,23019_T|C,23039_C|G,23055_A|G,23063_A|T,23075_T|C,23222_G|A,23271_C|T,23403_A|G,23423_C|T,23525_C|T,23599_T|G,23604_C|G,23854_C|A,23948_G|T,24378_C|T,24424_A|T,24469_T|A,24872_G|T,24990_C|T,25000_C|T,25006_C|T,25207_C|T,25584_C|T,26060_C|T,26270_C|T,26529_G|C,26577_C|G,26610_A|G,26681_C|T,26709_G|A,26833_C|T,26858_C|T,27259_A|C,27382_G|C,27383_A|T,27384_T|C,27807_C|T,27810_T|C,28271_A|T,28291_C|A,28311_C|T,28881_G|A,28882_G|A,28883_G|C,28884_G|C,28958_C|A,29510_A|C,11288_11296,21633_21641,21765_21770,21992_21994,22194_22196,23009_23011,28362_28370,29734_29759,21608_.|TCATGCCGCTGT
IGS-10285-CVDP-AD7B4D58-4481-468E-9C88-A06113FCDD63	XEK	241_C|T,593_C|T,670_T|G,897_C|A,2790_C|T,3037_C|T,3431_G|T,3505_C|T,3565_T|C,4184_G|A,4321_C|T,5701_T|C,6183_A|G,7113_C|T,7842_A|G,8290_C|T,8293_C|T,8393_G|A,9286_C|T,9344_C|T,9424_A|G,9534_C|T,10029_C|T,10198_C|T,10447_G|A,10449_C|A,11042_G|T,11727_G|A,12789_C|T,12815_C|T,12880_C|T,13339_T|C,14408_C|T,14697_C|T,15714_C|T,15756_T|A,17410_C|T,18163_A|G,18492_A|G,18657_C|T,18894_C|T,19716_C|T,19955_C|T,20055_A|G,21618_C|T,21622_C|T,21624_G|C,21627_C|A,21711_C|T,21738_T|C,21941_G|T,21987_G|A,22032_T|C,22033_C|A,22034_A|G,22200_T|G,22208_C|T,22295_C|A,22353_C|A,22556_A|G,22577_G|C,22578_G|A,22629_A|C,22674_C|T,22679_T|C,22686_C|T,22688_A|G,22770_G|A,22775_G|A,22786_A|C,22813_G|T,22882_T|G,22895_G|C,22896_T|A,22898_G|A,22910_A|G,22916_C|T,22917_T|G,22926_T|C,22928_T|C,22942_T|A,22992_G|A,22995_C|A,23005_T|A,23012_G|A,23018_T|C,23019_T|C,23039_C|G,23055_A|G,23063_A|T,23075_T|C,23191_C|T,23222_G|A,23271_C|T,23403_A|G,23423_C|T,23525_C|T,23599_T|G,23604_C|G,23854_C|A,23948_G|T,24378_C|T,24424_A|T,24469_T|A,24872_G|T,24990_C|T,25000_C|T,25006_C|T,25207_C|T,25549_C|T,25584_C|T,26060_C|T,26270_C|T,26529_G|C,26577_C|G,26610_A|G,26681_C|T,26709_G|A,26833_C|T,26858_C|T,27134_T|C,27259_A|C,27382_G|C,27383_A|T,27384_T|C,27807_C|T,27810_T|C,28271_A|T,28291_C|A,28311_C|T,28881_G|A,28882_G|A,28883_G|C,28884_G|C,28958_C|A,29510_A|C,11288_11296,21633_21641,21765_21770,21992_21994,22194_22196,23009_23011,28362_28370,29734_29759,21608_.|TCATGCCGCTGT
IGS-10285-CVDP-AE358394-68F1-44DD-B338-94CE05C2DA97	XEK	241_C|T,593_C|T,670_T|G,897_C|A,2790_C|T,3037_C|T,3431_G|T,3505_C|T,3565_T|C,4184_G|A,4321_C|T,5701_T|C,6183_A|G,7113_C|T,7842_A|G,8293_C|T,8393_G|A,9286_C|T,9344_C|T,9424_A|G,9534_C|T,10029_C|T,10198_C|T,10447_G|A,10449_C|A,11042_G|T,11596_G|A,11727_G|A,12789_C|T,12815_C|T,12880_C|T,13339_T|C,14408_C|T,15714_C|T,15756_T|A,16662_G|A,17410_C|T,17574_T|C,18163_A|G,18492_A|G,18657_C|T,18894_C|T,19716_C|T,19955_C|T,20055_A|G,21614_C|T,21618_C|T,21622_C|T,21624_G|C,21627_C|A,21711_C|T,21738_T|C,21941_G|T,21987_G|A,22032_T|C,22033_C|A,22034_A|G,22200_T|G,22208_C|T,22295_C|A,22353_C|A,22556_A|G,22577_G|C,22578_G|A,22629_A|C,22674_C|T,22679_T|C,22686_C|T,22688_A|G,22770_G|A,22775_G|A,22786_A|C,22813_G|T,22882_T|G,22895_G|C,22896_T|A,22898_G|A,22910_A|G,22916_C|T,22917_T|G,22926_T|C,22928_T|C,22942_T|A,22992_G|A,22995_C|A,23005_T|A,23012_G|A,23018_T|C,23019_T|C,23039_C|G,23055_A|G,23063_A|T,23075_T|C,23222_G|A,23271_C|T,23403_A|G,23423_C|T,23525_C|T,23599_T|G,23604_C|G,23854_C|A,23948_G|T,24378_C|T,24424_A|T,24469_T|A,24872_G|T,24990_C|T,25000_C|T,25006_C|T,25207_C|T,25584_C|T,26060_C|T,26270_C|T,26529_G|C,26577_C|G,26610_A|G,26681_C|T,26709_G|A,26819_T|C,26833_C|T,26858_C|T,27259_A|C,27382_G|C,27383_A|T,27384_T|C,27807_C|T,27810_T|C,28271_A|T,28291_C|A,28311_C|T,28720_C|T,28881_G|A,28882_G|A,28883_G|C,28884_G|C,28958_C|A,28987_C|T,29510_A|C,8562_8564,11288_11296,21633_21641,21765_21770,21992_21994,22194_22196,23009_23011,28362_28370,29734_29759,21608_.|TCATGCCGCTGT
IGS-10285-CVDP-AE3B4C82-9C82-4284-9D66-EAB385E55056	XEK	241_C|T,593_C|T,670_T|G,897_C|A,2644_C|T,2790_C|T,3037_C|T,3431_G|T,3505_C|T,3565_T|C,3877_T|C,4184_G|A,4321_C|T,5701_T|C,6183_A|G,7113_C|T,7842_A|G,8293_C|T,8393_G|A,9286_C|T,9344_C|T,9424_A|G,9534_C|T,10029_C|T,10198_C|T,10447_G|A,10449_C|A,11042_G|T,11727_G|A,12789_C|T,12815_C|T,12880_C|T,13339_T|C,14408_C|T,15714_C|T,15756_T|A,15951_C|T,17410_C|T,18163_A|G,18492_A|G,18657_C|T,18894_C|T,19716_C|T,19955_C|T,20055_A|G,21618_C|T,21622_C|T,21624_G|C,21627_C|A,21711_C|T,21738_T|C,21941_G|T,21987_G|A,22032_T|C,22033_C|A,22034_A|G,22200_T|G,22208_C|T,22295_C|A,22353_C|A,22556_A|G,22577_G|C,22578_G|A,22629_A|C,22674_C|T,22679_T|C,22686_C|T,22688_A|G,22770_G|A,22775_G|A,22786_A|C,22792_C|T,22813_G|T,22882_T|G,22895_G|C,22896_T|A,22898_G|A,22910_A|G,22916_C|T,22917_T|G,22926_T|C,22928_T|C,22942_T|A,22992_G|A,22995_C|A,23005_T|A,23012_G|A,23018_T|C,23019_T|C,23039_C|G,23055_A|G,23063_A|T,23075_T|C,23222_G|A,23271_C|T,23403_A|G,23423_C|T,23525_C|T,23599_T|G,23604_C|G,23683_C|T,23854_C|A,23948_G|T,24378_C|T,24424_A|T,24469_T|A,24872_G|T,24990_C|T,25000_C|T,25006_C|T,25207_C|T,25584_C|T,26060_C|T,26270_C|T,26529_G|C,26577_C|G,26610_A|G,26681_C|T,26709_G|A,26833_C|T,26858_C|T,27259_A|C,27382_G|C,27383_A|T,27384_T|C,27807_C|T,27810_T|C,28271_A|T,28291_C|A,28311_C|T,28881_G|A,28882_G|A,28883_G|C,28884_G|C,28958_C|A,29353_C|T,29510_A|C,11288_11296,21633_21641,21765_21770,21992_21994,22194_22196,23009_23011,28362_28370,29734_29759,21608_.|TCATGCCGCTGT
IGS-10285-CVDP-AF5E2C93-F4C0-474B-8004-6D48A9520D05	XEK	241_C|T,593_C|T,670_T|G,897_C|A,1420_C|T,2790_C|T,3037_C|T,3431_G|T,3505_C|T,3565_T|C,4184_G|A,4321_C|T,5386_T|A,5701_T|C,6183_A|G,7113_C|T,7423_C|T,7842_A|G,8293_C|T,8393_G|A,9286_C|T,9344_C|T,9424_A|G,9534_C|T,9985_C|T,10029_C|T,10198_C|T,10447_G|A,10449_C|A,11042_G|T,11727_G|A,12789_C|T,12815_C|T,12880_C|T,13339_T|C,13653_A|G,14408_C|T,14412_A|T,15540_C|T,15714_C|T,15756_T|A,17410_C|T,18163_A|G,18492_A|G,18657_C|T,18894_C|T,19716_C|T,19955_C|T,20055_A|G,20736_C|T,21618_C|T,21622_C|T,21624_G|C,21627_C|A,21711_C|T,21738_T|C,21941_G|T,21987_G|A,22032_T|C,22033_C|A,22034_A|G,22200_T|G,22208_C|T,22221_T|C,22295_C|A,22353_C|A,22556_A|G,22577_G|C,22578_G|A,22629_A|C,22674_C|T,22679_T|C,22686_C|T,22688_A|G,22770_G|A,22775_G|A,22786_A|C,22813_G|T,22882_T|G,22895_G|C,22896_T|A,22898_G|A,22910_A|G,22916_C|T,22917_T|G,22926_T|C,22928_T|C,22942_T|A,22992_G|A,22995_C|A,23005_T|A,23012_G|A,23018_T|C,23019_T|C,23039_C|G,23055_A|G,23063_A|T,23075_T|C,23222_G|A,23271_C|T,23403_A|G,23423_C|T,23525_C|T,23599_T|G,23604_C|G,23854_C|A,23948_G|T,24378_C|T,24424_A|T,24469_T|A,24872_G|T,24990_C|T,25000_C|T,25006_C|T,25207_C|T,25584_C|T,26060_C|T,26270_C|T,26529_G|C,26577_C|G,26610_A|G,26681_C|T,26709_G|A,26833_C|T,26858_C|T,27259_A|C,27382_G|C,27383_A|T,27384_T|C,27630_C|T,27807_C|T,27810_T|C,28271_A|T,28291_C|A,28311_C|T,28881_G|A,28882_G|A,28883_G|C,28884_G|C,28958_C|A,29510_A|C,29762_C|T,11288_11296,21633_21641,21765_21770,21992_21994,22194_22196,23009_23011,28362_28370,29734_29759,21608_.|TCATGCCGCTGT
IGS-10285-CVDP-AFE72506-880D-4C0A-B7D6-96C93544AD8C	XEK	241_C|T,593_C|T,670_T|G,897_C|A,2488_C|T,2790_C|T,3037_C|T,3431_G|T,3505_C|T,3565_T|C,4184_G|A,4321_C|T,5701_T|C,6183_A|G,7113_C|T,7842_A|G,8293_C|T,8393_G|A,9286_C|T,9344_C|T,9424_A|G,9534_C|T,10029_C|T,10198_C|T,10447_G|A,10449_C|A,11042_G|T,11727_G|A,12789_C|T,12815_C|T,12880_C|T,13339_T|C,14408_C|T,15714_C|T,15756_T|A,17410_C|T,18163_A|G,18492_A|G,18657_C|T,18756_G|T,18891_G|T,18894_C|T,19716_C|T,19955_C|T,20055_A|G,21618_C|T,21622_C|T,21624_G|C,21627_C|A,21711_C|T,21738_T|C,21941_G|T,22032_T|C,22033_C|A,22034_A|G,22200_T|G,22208_C|T,22295_C|A,22353_C|A,22556_A|G,22577_G|C,22578_G|A,22629_A|C,22674_C|T,22679_T|C,22686_C|T,22688_A|G,22770_G|A,22775_G|A,22786_A|C,22813_G|T,22882_T|G,22895_G|C,22896_T|A,22898_G|A,22910_A|G,22916_C|T,22917_T|G,22926_T|C,22928_T|C,22942_T|A,22992_G|A,22995_C|A,23005_T|A,23012_G|A,23018_T|C,23019_T|C,23039_C|G,23055_A|G,23063_A|T,23075_T|C,23222_G|A,23271_C|T,23403_A|G,23423_C|T,23525_C|T,23599_T|G,23604_C|G,23854_C|A,23948_G|T,24378_C|T,24424_A|T,24469_T|A,24872_G|T,24990_C|T,25000_C|T,25006_C|T,25207_C|T,25584_C|T,26060_C|T,26270_C|T,26529_G|C,26577_C|G,26610_A|G,26681_C|T,26709_G|A,26833_C|T,26858_C|T,27005_C|T,27259_A|C,27382_G|C,27383_A|T,27384_T|C,27572_G|A,27807_C|T,27810_T|C,28271_A|T,28291_C|A,28311_C|T,28881_G|A,28882_G|A,28883_G|C,28884_G|C,28958_C|A,29421_C|T,29510_A|C,11288_11296,21633_21641,21765_21770,21992_21994,22194_22196,23009_23011,28362_28370,29734_29759,21608_.|TCATACCGCTGT
IGS-10285-CVDP-AFEC7872-41A9-4037-9698-0EE4F47DAE14	XEK	241_C|T,593_C|T,670_T|G,897_C|A,2790_C|T,3037_C|T,3431_G|T,3505_C|T,3565_T|C,4184_G|A,4321_C|T,4993_C|T,5701_T|C,6183_A|G,7113_C|T,7303_C|T,7842_A|G,8293_C|T,8393_G|A,9286_C|T,9344_C|T,9424_A|G,9534_C|T,10029_C|T,10198_C|T,10447_G|A,10449_C|A,11042_G|T,11727_G|A,12621_C|T,12789_C|T,12815_C|T,12880_C|T,13006_T|C,13339_T|C,14408_C|T,15714_C|T,15756_T|A,17410_C|T,18163_A|G,18492_A|G,18657_C|T,18894_C|T,19716_C|T,19955_C|T,20055_A|G,21618_C|T,21622_C|T,21624_G|C,21627_C|A,21711_C|T,21738_T|C,21941_G|T,21987_G|A,21998_C|T,22032_T|C,22033_C|A,22034_A|G,22200_T|G,22208_C|T,22295_C|A,22353_C|A,22414_C|T,22556_A|G,22577_G|C,22578_G|A,22629_A|C,22674_C|T,22679_T|C,22686_C|T,22688_A|G,22770_G|A,22775_G|A,22786_A|C,22813_G|T,22882_T|G,22895_G|C,22896_T|A,22898_G|A,22910_A|G,22916_C|T,22917_T|G,22926_T|C,22928_T|C,22942_T|A,22992_G|A,22995_C|A,23012_G|A,23018_T|C,23019_T|C,23039_C|G,23055_A|G,23063_A|T,23075_T|C,23222_G|A,23271_C|T,23403_A|G,23423_C|T,23525_C|T,23599_T|G,23604_C|G,23854_C|A,23948_G|T,24378_C|T,24424_A|T,24469_T|A,24872_G|T,24990_C|T,25000_C|T,25006_C|T,25207_C|T,25584_C|T,26060_C|T,26270_C|T,26529_G|C,26577_C|G,26610_A|G,26681_C|T,26709_G|A,26833_C|T,26858_C|T,27259_A|C,27382_G|C,27383_A|T,27384_T|C,27807_C|T,27810_T|C,28271_A|T,28291_C|A,28311_C|T,28881_G|A,28882_G|A,28883_G|C,28884_G|C,28958_C|A,29510_A|C,11288_11296,21633_21641,21765_21770,21992_21994,22194_22196,23009_23011,28362_28370,29734_29759,21608_.|TCATGCCGCTGT
IGS-10285-CVDP-B81D9588-5BC0-4DD4-B1DA-F0EEC9F175E8	XEK	241_C|T,593_C|T,670_T|G,897_C|A,2644_C|T,2790_C|T,3037_C|T,3431_G|T,3505_C|T,3565_T|C,3877_T|C,4184_G|A,4321_C|T,5701_T|C,6183_A|G,7113_C|T,7842_A|G,8293_C|T,8393_G|A,9286_C|T,9344_C|T,9424_A|G,9534_C|T,10029_C|T,10198_C|T,10447_G|A,10449_C|A,11042_G|T,11727_G|A,12789_C|T,12815_C|T,12880_C|T,13339_T|C,14408_C|T,15714_C|T,15756_T|A,15951_C|T,17410_C|T,18163_A|G,18492_A|G,18657_C|T,18894_C|T,19716_C|T,19955_C|T,20055_A|G,21618_C|T,21622_C|T,21624_G|C,21627_C|A,21711_C|T,21738_T|C,21941_G|T,21987_G|A,22032_T|C,22033_C|A,22034_A|G,22200_T|G,22208_C|T,22295_C|A,22353_C|A,22556_A|G,22577_G|C,22578_G|A,22629_A|C,22674_C|T,22679_T|C,22686_C|T,22688_A|G,22770_G|A,22775_G|A,22786_A|C,22813_G|T,22882_T|G,22895_G|C,22896_T|A,22898_G|A,22910_A|G,22916_C|T,22917_T|G,22926_T|C,22928_T|C,22942_T|A,22992_G|A,22995_C|A,23005_T|A,23012_G|A,23018_T|C,23019_T|C,23039_C|G,23055_A|G,23063_A|T,23075_T|C,23222_G|A,23271_C|T,23403_A|G,23423_C|T,23525_C|T,23599_T|G,23604_C|G,23683_C|T,23854_C|A,23948_G|T,24378_C|T,24424_A|T,24469_T|A,24872_G|T,24990_C|T,25000_C|T,25006_C|T,25207_C|T,25584_C|T,26060_C|T,26270_C|T,26529_G|C,26577_C|G,26610_A|G,26681_C|T,26709_G|A,26833_C|T,26858_C|T,27259_A|C,27382_G|C,27383_A|T,27384_T|C,27807_C|T,27810_T|C,28271_A|T,28291_C|A,28311_C|T,28881_G|A,28882_G|A,28883_G|C,28884_G|C,28958_C|A,29353_C|T,29510_A|C,11288_11296,21633_21641,21765_21770,21992_21994,22194_22196,23009_23011,28362_28370,29734_29759,21608_.|TCATGCCGCTGT
IGS-10285-CVDP-C1AA6BF2-50B0-43B6-A3D8-E3F2168AA2B6	XEK	241_C|T,593_C|T,670_T|G,897_C|A,2790_C|T,3037_C|T,3431_G|T,3505_C|T,3565_T|C,4184_G|A,4321_C|T,5701_T|C,6183_A|G,7113_C|T,7842_A|G,8290_C|T,8293_C|T,8393_G|A,9286_C|T,9344_C|T,9424_A|G,9534_C|T,10029_C|T,10198_C|T,10447_G|A,10449_C|A,11042_G|T,11727_G|A,12789_C|T,12815_C|T,12880_C|T,13339_T|C,14408_C|T,15714_C|T,15756_T|A,17410_C|T,18163_A|G,18492_A|G,18657_C|T,18894_C|T,19716_C|T,19955_C|T,20055_A|G,21618_C|T,21622_C|T,21624_G|C,21627_C|A,21711_C|T,21738_T|C,21941_G|T,21987_G|A,22032_T|C,22033_C|A,22034_A|G,22200_T|G,22208_C|T,22295_C|A,22353_C|A,22556_A|G,22577_G|C,22578_G|A,22629_A|C,22674_C|T,22679_T|C,22686_C|T,22688_A|G,22770_G|A,22775_G|A,22786_A|C,22813_G|T,22882_T|G,22895_G|C,22896_T|A,22898_G|A,22910_A|G,22916_C|T,22917_T|G,22926_T|C,22928_T|C,22942_T|A,22992_G|A,22995_C|A,23005_T|A,23012_G|A,23018_T|C,23019_T|C,23039_C|G,23055_A|G,23063_A|T,23075_T|C,23222_G|A,23271_C|T,23403_A|G,23423_C|T,23525_C|T,23599_T|G,23604_C|G,23853_A|G,23854_C|A,23948_G|T,24378_C|T,24424_A|T,24469_T|A,24872_G|T,24990_C|T,25000_C|T,25006_C|T,25207_C|T,25584_C|T,26060_C|T,26270_C|T,26529_G|C,26577_C|G,26610_A|G,26681_C|T,26709_G|A,26833_C|T,26858_C|T,27259_A|C,27382_G|C,27383_A|T,27384_T|C,27807_C|T,27810_T|C,28271_A|T,28291_C|A,28311_C|T,28881_G|A,28882_G|A,28883_G|C,28884_G|C,28958_C|A,29510_A|C,11288_11296,21633_21641,21765_21770,21992_21994,22194_22196,23009_23011,28362_28370,29734_29759,21608_.|TCATGCCGCTGT
IGS-10285-CVDP-CEA0C13D-2936-471E-8D63-9D6521040E5A	XEK	241_C|T,541_C|T,593_C|T,670_T|G,897_C|A,2790_C|T,2947_C|T,3037_C|T,3431_G|T,3505_C|T,3565_T|C,4184_G|A,4321_C|T,5701_T|C,6183_A|G,7113_C|T,7842_A|G,8293_C|T,8393_G|A,9286_C|T,9344_C|T,9424_A|G,9534_C|T,10029_C|T,10198_C|T,10447_G|A,10449_C|A,11042_G|T,11727_G|A,12789_C|T,12815_C|T,12880_C|T,13339_T|C,14408_C|T,15714_C|T,15756_T|A,17410_C|T,18163_A|G,18492_A|G,18657_C|T,18894_C|T,19716_C|T,19955_C|T,20055_A|G,21618_C|T,21622_C|T,21624_G|C,21627_C|A,21711_C|T,21738_T|C,21941_G|T,21987_G|A,22032_T|C,22033_C|A,22034_A|G,22200_T|G,22208_C|T,22295_C|A,22353_C|A,22556_A|G,22577_G|C,22578_G|A,22629_A|C,22674_C|T,22679_T|C,22686_C|T,22688_A|G,22770_G|A,22775_G|A,22786_A|C,22813_G|T,22882_T|G,22895_G|C,22896_T|A,22898_G|A,22910_A|G,22916_C|T,22917_T|G,22926_T|C,22928_T|C,22942_T|A,22992_G|A,22995_C|A,23005_T|A,23012_G|A,23018_T|C,23019_T|C,23039_C|G,23055_A|G,23063_A|T,23075_T|C,23222_G|A,23271_C|T,23403_A|G,23423_C|T,23525_C|T,23599_T|G,23604_C|G,23854_C|A,23948_G|T,24378_C|T,24399_G|A,24424_A|T,24469_T|A,24872_G|T,24990_C|T,25000_C|T,25006_C|T,25207_C|T,25584_C|T,26060_C|T,26270_C|T,26529_G|C,26577_C|G,26610_A|G,26681_C|T,26709_G|A,26833_C|T,26858_C|T,27259_A|C,27382_G|C,27383_A|T,27384_T|C,27807_C|T,27810_T|C,28271_A|T,28291_C|A,28311_C|T,28881_G|A,28882_G|A,28883_G|C,28884_G|C,28958_C|A,29510_A|C,11288_11296,21633_21641,21765_21770,21992_21994,22194_22196,23009_23011,28362_28370,29734_29759,21608_.|TCATGCCGCTGT
IGS-10285-CVDP-D00DD4AF-B2A8-4623-AF08-1CB8D714643D	XEK	241_C|T,593_C|T,670_T|G,897_C|A,2790_C|T,2891_G|A,3037_C|T,3431_G|T,3505_C|T,3565_T|C,4184_G|A,4321_C|T,5701_T|C,6183_A|G,7113_C|T,7842_A|G,8293_C|T,8393_G|A,9286_C|T,9344_C|T,9424_A|G,9534_C|T,10029_C|T,10198_C|T,10447_G|A,10449_C|A,11042_G|T,11727_G|A,12789_C|T,12815_C|T,12880_C|T,13201_G|A,13339_T|C,14408_C|T,15714_C|T,15756_T|A,16995_C|T,17410_C|T,18163_A|G,18492_A|G,18657_C|T,18894_C|T,19716_C|T,19955_C|T,20055_A|G,21137_A|G,21618_C|T,21622_C|T,21624_G|C,21627_C|A,21711_C|T,21738_T|C,21941_G|T,21987_G|A,22032_T|C,22033_C|A,22034_A|G,22200_T|G,22208_C|T,22295_C|A,22353_C|A,22556_A|G,22577_G|C,22578_G|A,22629_A|C,22674_C|T,22679_T|C,22686_C|T,22688_A|G,22770_G|A,22775_G|A,22786_A|C,22813_G|T,22882_T|G,22895_G|C,22896_T|A,22898_G|A,22910_A|G,22916_C|T,22917_T|G,22926_T|C,22928_T|C,22942_T|A,22992_G|A,22995_C|A,23005_T|A,23012_G|A,23018_T|C,23019_T|C,23039_C|G,23055_A|G,23063_A|T,23075_T|C,23222_G|A,23271_C|T,23403_A|G,23423_C|T,23525_C|T,23599_T|G,23604_C|G,23854_C|A,23948_G|T,24378_C|T,24424_A|T,24469_T|A,24872_G|T,24990_C|T,25000_C|T,25006_C|T,25207_C|T,25584_C|T,26060_C|T,26270_C|T,26529_G|C,26577_C|G,26610_A|G,26681_C|T,26709_G|A,26833_C|T,26858_C|T,27259_A|C,27382_G|C,27383_A|T,27384_T|C,27807_C|T,27810_T|C,28271_A|T,28291_C|A,28311_C|T,28881_G|A,28882_G|A,28883_G|C,28884_G|C,28958_C|A,29510_A|C,11288_11296,21633_21641,21765_21770,21992_21994,22194_22196,23009_23011,28362_28370,29734_29759,21608_.|TCATGCCGCTGT
IGS-10285-CVDP-D04C7263-FA6B-4CB4-AE58-449696A10324	XEK	241_C|T,593_C|T,670_T|G,897_C|A,2790_C|T,3037_C|T,3431_G|T,3505_C|T,3565_T|C,4126_G|T,4184_G|A,4321_C|T,5701_T|C,5950_G|A,6183_A|G,7113_C|T,7842_A|G,8293_C|T,8393_G|A,9286_C|T,9344_C|T,9424_A|G,9534_C|T,10029_C|T,10198_C|T,10447_G|A,10449_C|A,11042_G|T,11727_G|A,12789_C|T,12815_C|T,12880_C|T,13339_T|C,14408_C|T,15714_C|T,15756_T|A,16539_T|A,17410_C|T,18163_A|G,18492_A|G,18657_C|T,18894_C|T,19171_A|G,19716_C|T,19955_C|T,20055_A|G,21618_C|T,21622_C|T,21624_G|C,21627_C|A,21711_C|T,21738_T|C,21941_G|T,21987_G|A,22032_T|C,22033_C|A,22034_A|G,22200_T|G,22208_C|T,22295_C|A,22353_C|A,22556_A|G,22577_G|C,22578_G|A,22629_A|C,22674_C|T,22679_T|C,22686_C|T,22688_A|G,22770_G|A,22775_G|A,22786_A|C,22813_G|T,22882_T|G,22895_G|C,22896_T|A,22898_G|A,22910_A|G,22916_C|T,22917_T|G,22926_T|C,22928_T|C,22942_T|A,22992_G|A,22995_C|A,23005_T|A,23012_G|A,23018_T|C,23019_T|C,23039_C|G,23055_A|G,23063_A|T,23075_T|C,23222_G|A,23271_C|T,23403_A|G,23423_C|T,23525_C|T,23599_T|G,23604_C|G,23854_C|A,23948_G|T,24378_C|T,24424_A|T,24469_T|A,24872_G|T,24990_C|T,25000_C|T,25006_C|T,25207_C|T,25584_C|T,26060_C|T,26270_C|T,26529_G|C,26577_C|G,26610_A|G,26681_C|T,26709_G|A,26833_C|T,26858_C|T,27259_A|C,27382_G|C,27383_A|T,27384_T|C,27807_C|T,27810_T|C,28271_A|T,28291_C|A,28311_C|T,28881_G|A,28882_G|A,28883_G|C,28884_G|C,28958_C|A,29510_A|C,11288_11296,21633_21641,21765_21770,21992_21994,22194_22196,23009_23011,28362_28370,29734_29759,21608_.|TCATGCCGCTGT
IGS-10285-CVDP-D49E71CA-161A-497A-8710-745E86B7DC70	XEK	241_C|T,593_C|T,670_T|G,897_C|A,2790_C|T,3037_C|T,3431_G|T,3505_C|T,3565_T|C,4184_G|A,4320_C|T,4321_C|T,5701_T|C,6183_A|G,7113_C|T,7842_A|G,8293_C|T,8393_G|A,9286_C|T,9344_C|T,9424_A|G,9534_C|T,10029_C|T,10198_C|T,10447_G|A,10449_C|A,11042_G|T,11727_G|A,11862_A|G,12789_C|T,12815_C|T,12880_C|T,13339_T|C,14408_C|T,15714_C|T,15756_T|A,15857_C|T,17410_C|T,18163_A|G,18492_A|G,18657_C|T,18894_C|T,19716_C|T,19955_C|T,20055_A|G,21618_C|T,21622_C|T,21624_G|C,21627_C|A,21711_C|T,21738_T|C,21941_G|T,21987_G|A,22032_T|C,22033_C|A,22034_A|G,22200_T|G,22208_C|T,22295_C|A,22353_C|A,22556_A|G,22577_G|C,22578_G|A,22629_A|C,22674_C|T,22679_T|C,22686_C|T,22688_A|G,22712_C|T,22770_G|A,22775_G|A,22786_A|C,22813_G|T,22882_T|G,22895_G|C,22896_T|A,22898_G|A,22910_A|G,22916_C|T,22917_T|G,22926_T|C,22928_T|C,22942_T|A,22992_G|A,22995_C|A,23005_T|A,23012_G|A,23018_T|C,23019_T|C,23039_C|G,23055_A|G,23063_A|T,23075_T|C,23222_G|A,23271_C|T,23403_A|G,23423_C|T,23525_C|T,23599_T|G,23604_C|G,23854_C|A,23948_G|T,24378_C|T,24424_A|T,24469_T|A,24872_G|T,24990_C|T,25000_C|T,25006_C|T,25207_C|T,25378_C|T,25584_C|T,26060_C|T,26270_C|T,26529_G|C,26577_C|G,26610_A|G,26681_C|T,26709_G|A,26833_C|T,26858_C|T,27259_A|C,27382_G|C,27383_A|T,27384_T|C,27807_C|T,27810_T|C,28271_A|T,28291_C|A,28311_C|T,28881_G|A,28882_G|A,28883_G|C,28884_G|C,28958_C|A,29510_A|C,11288_11296,21633_21641,21765_21770,21992_21994,22194_22196,23009_23011,28362_28370,29734_29759,21608_.|TCATGCCGCTGT
IGS-10285-CVDP-D718C3AC-DE27-4A5D-8485-4122E37055DB	XEK	241_C|T,593_C|T,670_T|G,897_C|A,2790_C|T,3037_C|T,3431_G|T,3505_C|T,3565_T|C,4184_G|A,4321_C|T,5701_T|C,6183_A|G,7113_C|T,7842_A|G,8293_C|T,8393_G|A,9187_A|T,9286_C|T,9344_C|T,9424_A|G,9534_C|T,10029_C|T,10198_C|T,10447_G|A,10449_C|A,11042_G|T,11727_G|A,12789_C|T,12815_C|T,12880_C|T,13339_T|C,14408_C|T,15714_C|T,15756_T|A,17410_C|T,18163_A|G,18492_A|G,18583_G|T,18657_C|T,18807_C|T,18894_C|T,19716_C|T,19955_C|T,20055_A|G,20323_A|G,21618_C|T,21622_C|T,21624_G|C,21627_C|A,21711_C|T,21738_T|C,21941_G|T,21987_G|A,22032_T|C,22033_C|A,22034_A|G,22200_T|G,22208_C|T,22295_C|A,22353_C|A,22556_A|G,22577_G|C,22578_G|A,22629_A|C,22674_C|T,22679_T|C,22686_C|T,22688_A|G,22770_G|A,22775_G|A,22786_A|C,22813_G|T,22882_T|G,22895_G|C,22896_T|A,22898_G|A,22910_A|G,22916_C|T,22917_T|G,22926_T|C,22928_T|C,22942_T|A,22992_G|A,22995_C|A,23005_T|A,23012_G|A,23018_T|C,23019_T|C,23039_C|G,23055_A|G,23063_A|T,23075_T|C,23222_G|A,23271_C|T,23403_A|G,23423_C|T,23525_C|T,23599_T|G,23604_C|G,23854_C|A,23948_G|T,24378_C|T,24424_A|T,24469_T|A,24872_G|T,24990_C|T,25000_C|T,25006_C|T,25207_C|T,25584_C|T,26060_C|T,26270_C|T,26529_G|C,26577_C|G,26610_A|G,26681_C|T,26709_G|A,26833_C|T,26858_C|T,27059_C|T,27259_A|C,27382_G|C,27383_A|T,27384_T|C,27807_C|T,27810_T|C,28271_A|T,28291_C|A,28311_C|T,28881_G|A,28882_G|A,28883_G|C,28884_G|C,28958_C|A,29308_T|C,29510_A|C,11288_11296,21633_21641,21765_21770,21992_21994,22194_22196,23009_23011,28362_28370,29734_29759,21608_.|TCATGCCGCTGT
IGS-10285-CVDP-DE945380-7ECD-4F6D-8BF0-3D9F9E2B487C	XEK	241_C|T,593_C|T,670_T|G,897_C|A,2790_C|T,3037_C|T,3431_G|T,3505_C|T,3565_T|C,4184_G|A,4321_C|T,4579_T|A,5701_T|C,6183_A|G,7113_C|T,7842_A|G,8293_C|T,8393_G|A,9286_C|T,9344_C|T,9424_A|G,9534_C|T,9700_C|T,10029_C|T,10198_C|T,10447_G|A,10449_C|A,11042_G|T,11727_G|A,12473_C|T,12789_C|T,12815_C|T,12880_C|T,13339_T|C,14408_C|T,15714_C|T,15756_T|A,17410_C|T,18163_A|G,18492_A|G,18657_C|T,18894_C|T,19716_C|T,19921_G|A,19955_C|T,20055_A|G,21618_C|T,21622_C|T,21624_G|C,21627_C|A,21711_C|T,21738_T|C,21941_G|T,21987_G|A,22032_T|C,22033_C|A,22034_A|G,22200_T|G,22208_C|T,22295_C|A,22353_C|A,22556_A|G,22577_G|C,22578_G|A,22629_A|C,22674_C|T,22679_T|C,22686_C|T,22688_A|G,22770_G|A,22775_G|A,22786_A|C,22813_G|T,22882_T|G,22895_G|C,22896_T|A,22898_G|A,22910_A|G,22916_C|T,22917_T|G,22926_T|C,22928_T|C,22942_T|A,22992_G|A,22995_C|A,23005_T|A,23012_G|A,23018_T|C,23019_T|C,23039_C|G,23055_A|G,23063_A|T,23075_T|C,23222_G|A,23271_C|T,23403_A|G,23423_C|T,23525_C|T,23599_T|G,23604_C|G,23854_C|A,23948_G|T,24378_C|T,24424_A|T,24469_T|A,24872_G|T,24990_C|T,25000_C|T,25006_C|T,25207_C|T,25584_C|T,26060_C|T,26270_C|T,26529_G|C,26577_C|G,26610_A|G,26681_C|T,26709_G|A,26833_C|T,26858_C|T,27259_A|C,27382_G|C,27383_A|T,27384_T|C,27476_C|T,27807_C|T,27810_T|C,28271_A|T,28291_C|A,28311_C|T,28881_G|A,28882_G|A,28883_G|C,28884_G|C,28958_C|A,29510_A|C,509_523,686_694,11288_11296,21633_21641,21765_21770,21992_21994,22194_22196,23009_23011,28362_28370,29734_29759,21608_.|TCATGCCGCTGT
IGS-10285-CVDP-E01A95BA-1754-4AF1-A047-99BA2A2C9557	XEK	241_C|T,593_C|T,670_T|G,897_C|A,2790_C|T,3037_C|T,3431_G|T,3505_C|T,3565_T|C,4184_G|A,4321_C|T,5701_T|C,6183_A|G,7113_C|T,7842_A|G,8290_C|T,8293_C|T,8393_G|A,9286_C|T,9344_C|T,9424_A|G,9534_C|T,10029_C|T,10198_C|T,10447_G|A,10449_C|A,11042_G|T,11727_G|A,12789_C|T,12815_C|T,12880_C|T,13339_T|C,14408_C|T,15714_C|T,15756_T|A,17410_C|T,18163_A|G,18492_A|G,18657_C|T,18894_C|T,19716_C|T,19955_C|T,20055_A|G,21618_C|T,21622_C|T,21624_G|C,21627_C|A,21711_C|T,21738_T|C,21941_G|T,21987_G|A,22032_T|C,22033_C|A,22034_A|G,22200_T|G,22208_C|T,22295_C|A,22353_C|A,22556_A|G,22577_G|C,22578_G|A,22629_A|C,22674_C|T,22679_T|C,22686_C|T,22688_A|G,22770_G|A,22775_G|A,22786_A|C,22813_G|T,22882_T|G,22895_G|C,22896_T|A,22898_G|A,22910_A|G,22916_C|T,22917_T|G,22926_T|C,22928_T|C,22942_T|A,22992_G|A,22995_C|A,23005_T|A,23012_G|A,23018_T|C,23019_T|C,23039_C|G,23055_A|G,23063_A|T,23075_T|C,23222_G|A,23271_C|T,23403_A|G,23423_C|T,23525_C|T,23599_T|G,23604_C|G,23853_A|G,23854_C|A,23948_G|T,24378_C|T,24424_A|T,24469_T|A,24872_G|T,24990_C|T,25000_C|T,25006_C|T,25207_C|T,25584_C|T,26060_C|T,26270_C|T,26529_G|C,26577_C|G,26610_A|G,26681_C|T,26709_G|A,26833_C|T,26858_C|T,27259_A|C,27382_G|C,27383_A|T,27384_T|C,27807_C|T,27810_T|C,28271_A|T,28291_C|A,28311_C|T,28881_G|A,28882_G|A,28883_G|C,28884_G|C,28958_C|A,29510_A|C,11288_11296,21633_21641,21765_21770,21992_21994,22194_22196,23009_23011,28362_28370,29734_29759,21608_.|TCATGCCGCTGT
IGS-10285-CVDP-E128F938-6352-4018-BAD6-14535B015C61	XEK	241_C|T,593_C|T,670_T|G,897_C|A,2790_C|T,3037_C|T,3431_G|T,3505_C|T,3565_T|C,3659_A|G,4184_G|A,4321_C|T,5701_T|C,6183_A|G,7113_C|T,7334_C|T,7842_A|G,8293_C|T,8393_G|A,9286_C|T,9344_C|T,9424_A|G,9534_C|T,10029_C|T,10198_C|T,10447_G|A,10449_C|A,11042_G|T,11727_G|A,12789_C|T,12815_C|T,12880_C|T,13339_T|C,14408_C|T,15026_C|T,15714_C|T,15756_T|A,17410_C|T,18078_G|T,18160_G|A,18163_A|G,18492_A|G,18657_C|T,18894_C|T,19716_C|T,19955_C|T,20055_A|G,21618_C|T,21622_C|T,21624_G|C,21627_C|A,21711_C|T,21738_T|C,21941_G|T,21987_G|A,22032_T|C,22033_C|A,22034_A|G,22104_G|A,22200_T|G,22208_C|T,22295_C|A,22353_C|A,22556_A|G,22577_G|C,22578_G|A,22629_A|C,22674_C|T,22679_T|C,22686_C|T,22688_A|G,22770_G|A,22775_G|A,22786_A|C,22813_G|T,22882_T|G,22895_G|C,22896_T|A,22898_G|A,22910_A|G,22916_C|T,22917_T|G,22926_T|C,22928_T|C,22942_T|A,22992_G|A,22995_C|A,23005_T|A,23012_G|A,23018_T|C,23019_T|C,23039_C|G,23055_A|G,23063_A|T,23075_T|C,23222_G|A,23271_C|T,23403_A|G,23423_C|T,23525_C|T,23599_T|G,23604_C|G,23854_C|A,23948_G|T,24378_C|T,24424_A|T,24469_T|A,24872_G|T,24990_C|T,25000_C|T,25006_C|T,25207_C|T,25521_C|T,25584_C|T,26060_C|T,26199_G|T,26270_C|T,26529_G|C,26577_C|G,26610_A|G,26681_C|T,26709_G|A,26833_C|T,26858_C|T,26894_C|T,27259_A|C,27382_G|C,27383_A|T,27384_T|C,27806_G|A,27807_C|T,27810_T|C,28271_A|T,28291_C|A,28311_C|T,28881_G|A,28882_G|A,28883_G|C,28884_G|C,28958_C|A,29409_C|T,29510_A|C,29781_G|T,11288_11296,21633_21641,21765_21770,21992_21994,22194_22196,23009_23011,28362_28370,29734_29759,21608_.|TCATGCCGCTGT
IGS-10285-CVDP-E2A67120-4256-4CAF-92FB-CDC183B5A1A7	XEK	186_C|T,241_C|T,593_C|T,670_T|G,897_C|A,1426_C|T,2790_C|T,3037_C|T,3431_G|T,3505_C|T,3565_T|C,4184_G|A,4276_C|T,4321_C|T,5701_T|C,6183_A|G,7113_C|T,7842_A|G,8293_C|T,8389_C|T,8393_G|A,9286_C|T,9344_C|T,9424_A|G,9534_C|T,10029_C|T,10198_C|T,10447_G|A,10449_C|A,11042_G|T,11727_G|A,12789_C|T,12815_C|T,12880_C|T,13339_T|C,13967_C|T,14408_C|T,15714_C|T,15756_T|A,17410_C|T,18163_A|G,18492_A|G,18657_C|T,18894_C|T,19716_C|T,19955_C|T,20055_A|G,21618_C|T,21622_C|T,21624_G|C,21627_C|A,21711_C|T,21738_T|C,21941_G|T,21987_G|A,22032_T|C,22033_C|A,22034_A|G,22200_T|G,22208_C|T,22295_C|A,22353_C|A,22556_A|G,22577_G|C,22578_G|A,22629_A|C,22674_C|T,22679_T|C,22686_C|T,22688_A|G,22770_G|A,22775_G|A,22786_A|C,22813_G|T,22882_T|G,22895_G|C,22896_T|A,22898_G|A,22910_A|G,22916_C|T,22917_T|G,22926_T|C,22928_T|C,22942_T|A,22992_G|A,22995_C|A,23005_T|A,23012_G|A,23018_T|C,23019_T|C,23039_C|G,23055_A|G,23063_A|T,23075_T|C,23222_G|A,23271_C|T,23403_A|G,23423_C|T,23525_C|T,23599_T|G,23604_C|G,23854_C|A,23948_G|T,24378_C|T,24424_A|T,24469_T|A,24872_G|T,24990_C|T,25000_C|T,25006_C|T,25207_C|T,25584_C|T,26060_C|T,26270_C|T,26529_G|C,26577_C|G,26610_A|G,26681_C|T,26709_G|A,26833_C|T,26858_C|T,27259_A|C,27382_G|C,27383_A|T,27384_T|C,27807_C|T,27810_T|C,28271_A|T,28291_C|A,28311_C|T,28881_G|A,28882_G|A,28883_G|C,28884_G|C,28958_C|A,29510_A|C,29686_C|T,11288_11296,21633_21641,21765_21770,21992_21994,22194_22196,23009_23011,28362_28370,29734_29759,21608_.|TCATGCCGCTGT
IGS-10285-CVDP-EBCC1F6F-C1D0-4601-B923-E98E283DF01E	XEK	241_C|T,593_C|T,670_T|G,897_C|A,2790_C|T,3037_C|T,3431_G|T,3505_C|T,3565_T|C,3913_T|G,4184_G|A,4321_C|T,5701_T|C,6183_A|G,7113_C|T,7842_A|G,8293_C|T,8393_G|A,9286_C|T,9344_C|T,9424_A|G,9534_C|T,10029_C|T,10198_C|T,10447_G|A,10449_C|A,10747_C|T,11042_G|T,11727_G|A,12073_C|T,12789_C|T,12815_C|T,12880_C|T,13339_T|C,14408_C|T,15714_C|T,15756_T|A,17410_C|T,18163_A|G,18492_A|G,18647_C|T,18657_C|T,18894_C|T,19716_C|T,19955_C|T,20055_A|G,21618_C|T,21622_C|T,21624_G|C,21627_C|A,21711_C|T,21738_T|C,21941_G|T,21987_G|A,22032_T|C,22033_C|A,22034_A|G,22200_T|G,22208_C|T,22295_C|A,22353_C|A,22556_A|G,22577_G|C,22578_G|A,22629_A|C,22674_C|T,22679_T|C,22686_C|T,22688_A|G,22770_G|A,22775_G|A,22786_A|C,22813_G|T,22882_T|G,22895_G|C,22896_T|A,22898_G|A,22910_A|G,22916_C|T,22917_T|G,22926_T|C,22928_T|C,22942_T|A,22992_G|A,22995_C|A,23005_T|A,23012_G|A,23018_T|C,23019_T|C,23039_C|G,23055_A|G,23063_A|T,23075_T|C,23222_G|A,23271_C|T,23403_A|G,23423_C|T,23525_C|T,23599_T|G,23604_C|G,23854_C|A,23948_G|T,24378_C|T,24424_A|T,24469_T|A,24872_G|T,24990_C|T,25000_C|T,25006_C|T,25207_C|T,25584_C|T,25695_T|C,26060_C|T,26270_C|T,26529_G|C,26577_C|G,26610_A|G,26681_C|T,26709_G|A,26833_C|T,26858_C|T,27259_A|C,27382_G|C,27383_A|T,27384_T|C,27807_C|T,27810_T|C,28271_A|T,28291_C|A,28311_C|T,28881_G|A,28882_G|A,28883_G|C,28884_G|C,28958_C|A,29510_A|C,11288_11296,21633_21641,21765_21770,21992_21994,22194_22196,23009_23011,28362_28370,29734_29759,21608_.|TCATGCCGCTGT
IGS-10285-CVDP-ED819FC3-D5B8-4907-96EC-FE50B71E2BBE	XEK	241_C|T,593_C|T,670_T|G,897_C|A,2790_C|T,3037_C|T,3431_G|T,3505_C|T,3565_T|C,4184_G|A,4321_C|T,5701_T|C,6183_A|G,7113_C|T,7842_A|G,8293_C|T,8393_G|A,9286_C|T,9344_C|T,9424_A|G,9534_C|T,10029_C|T,10198_C|T,10447_G|A,10449_C|A,11042_G|T,11727_G|A,12789_C|T,12815_C|T,12880_C|T,13339_T|C,14408_C|T,15714_C|T,15756_T|A,17410_C|T,18163_A|G,18492_A|G,18657_C|T,18788_C|T,18894_C|T,19716_C|T,19955_C|T,20055_A|G,21618_C|T,21622_C|T,21624_G|C,21627_C|A,21711_C|T,21738_T|C,21941_G|T,21987_G|A,22032_T|C,22033_C|A,22034_A|G,22200_T|G,22208_C|T,22295_C|A,22353_C|A,22556_A|G,22577_G|C,22578_G|A,22629_A|C,22674_C|T,22679_T|C,22686_C|T,22688_A|G,22770_G|A,22775_G|A,22786_A|C,22813_G|T,22882_T|G,22895_G|C,22896_T|A,22898_G|A,22910_A|G,22916_C|T,22917_T|G,22926_T|C,22928_T|C,22942_T|A,22992_G|A,22995_C|A,23005_T|A,23012_G|A,23018_T|C,23019_T|C,23039_C|G,23055_A|G,23063_A|T,23075_T|C,23086_C|T,23222_G|A,23271_C|T,23403_A|G,23423_C|T,23525_C|T,23599_T|G,23604_C|G,23854_C|A,23948_G|T,24378_C|T,24424_A|T,24469_T|A,24872_G|T,24990_C|T,25000_C|T,25006_C|T,25207_C|T,25584_C|T,26060_C|T,26270_C|T,26529_G|C,26577_C|G,26610_A|G,26681_C|T,26709_G|A,26833_C|T,26858_C|T,27259_A|C,27382_G|C,27383_A|T,27384_T|C,27807_C|T,27810_T|C,28271_A|T,28291_C|A,28311_C|T,28881_G|A,28882_G|A,28883_G|C,28884_G|C,28958_C|A,29510_A|C,11288_11296,21633_21641,21765_21770,21992_21994,22194_22196,23009_23011,28362_28370,29734_29759,21608_.|TCATGCCGCTGT
IGS-10285-CVDP-F2024A2D-3AAF-4244-BE45-2F596FE38089	XEK	241_C|T,593_C|T,670_T|G,897_C|A,2790_C|T,3037_C|T,3431_G|T,3505_C|T,3565_T|C,4184_G|A,4321_C|T,5701_T|C,6183_A|G,7113_C|T,7842_A|G,8293_C|T,8393_G|A,8730_C|A,9286_C|T,9344_C|T,9424_A|G,9534_C|T,10029_C|T,10198_C|T,10447_G|A,10449_C|A,11042_G|T,11441_G|A,11727_G|A,12789_C|T,12815_C|T,12880_C|T,13339_T|C,14408_C|T,15714_C|T,15756_T|A,17410_C|T,18163_A|G,18492_A|G,18657_C|T,18816_G|T,18817_T|A,18819_T|A,18894_C|T,19716_C|T,19955_C|T,20055_A|G,21618_C|T,21622_C|T,21624_G|C,21627_C|A,21711_C|T,21738_T|C,21941_G|T,21987_G|A,22032_T|C,22033_C|A,22034_A|G,22200_T|G,22208_C|T,22295_C|A,22353_C|A,22556_A|G,22577_G|C,22578_G|A,22629_A|C,22674_C|T,22679_T|C,22686_C|T,22688_A|G,22770_G|A,22775_G|A,22786_A|C,22813_G|T,22882_T|G,22895_G|C,22896_T|A,22898_G|A,22910_A|G,22916_C|T,22917_T|G,22926_T|C,22928_T|C,22942_T|A,22992_G|A,22995_C|A,23005_T|A,23012_G|A,23018_T|C,23019_T|C,23039_C|G,23055_A|G,23063_A|T,23075_T|C,23222_G|A,23271_C|T,23403_A|G,23423_C|T,23525_C|T,23599_T|G,23604_C|G,23854_C|A,23948_G|T,24378_C|T,24424_A|T,24469_T|A,24872_G|T,24990_C|T,25000_C|T,25006_C|T,25207_C|T,25584_C|T,26060_C|T,26270_C|T,26529_G|C,26577_C|G,26610_A|G,26681_C|T,26709_G|A,26833_C|T,26858_C|T,27259_A|C,27382_G|C,27383_A|T,27384_T|C,27807_C|T,27810_T|C,28271_A|T,28291_C|A,28311_C|T,28792_A|T,28881_G|A,28882_G|A,28883_G|C,28884_G|C,28958_C|A,29510_A|C,11288_11296,21633_21641,21765_21770,21992_21994,22194_22196,23009_23011,28362_28370,29734_29759,21608_.|TCATGCCGCTGT
IGS-10285-CVDP-F4317923-0083-4D50-8C9A-727F5C29595A	XEK	241_C|T,593_C|T,670_T|G,897_C|A,2790_C|T,3037_C|T,3431_G|T,3505_C|T,3565_T|C,4184_G|A,4321_C|T,5701_T|C,6183_A|G,6488_A|G,7113_C|T,7842_A|G,8293_C|T,8393_G|A,9286_C|T,9344_C|T,9424_A|G,9534_C|T,10029_C|T,10198_C|T,10447_G|A,10449_C|A,11042_G|T,11727_G|A,12789_C|T,12815_C|T,12880_C|T,13339_T|C,13863_A|G,14408_C|T,15714_C|T,15756_T|A,17410_C|T,18163_A|G,18492_A|G,18657_C|T,18894_C|T,19716_C|T,19955_C|T,20055_A|G,21618_C|T,21622_C|T,21624_G|C,21627_C|A,21711_C|T,21738_T|C,21941_G|T,22032_T|C,22033_C|A,22034_A|G,22200_T|G,22208_C|T,22295_C|A,22353_C|A,22556_A|G,22577_G|C,22578_G|A,22629_A|C,22674_C|T,22679_T|C,22686_C|T,22688_A|G,22770_G|A,22775_G|A,22786_A|C,22813_G|T,22882_T|G,22895_G|C,22896_T|A,22898_G|A,22910_A|G,22916_C|T,22917_T|G,22926_T|C,22928_T|C,22942_T|A,22992_G|A,22995_C|A,23005_T|A,23012_G|A,23018_T|C,23019_T|C,23039_C|G,23055_A|G,23063_A|T,23075_T|C,23222_G|A,23271_C|T,23403_A|G,23423_C|T,23525_C|T,23599_T|G,23604_C|G,23854_C|A,23948_G|T,24378_C|T,24424_A|T,24469_T|A,24872_G|T,24990_C|T,25000_C|T,25006_C|T,25207_C|T,25584_C|T,26060_C|T,26270_C|T,26529_G|C,26577_C|G,26610_A|G,26681_C|T,26709_G|A,26833_C|T,26858_C|T,27259_A|C,27382_G|C,27383_A|T,27384_T|C,27930_G|A,28271_A|T,28291_C|A,28296_A|G,28311_C|T,28881_G|A,28882_G|A,28883_G|C,28884_G|C,28958_C|A,29254_G|T,29510_A|C,686_694,11288_11296,21633_21641,21765_21770,21992_21994,22194_22196,23009_23011,28362_28370,29734_29759,21608_.|TCATGCCGCTGT
IGS-10285-CVDP-F577148F-6EF0-49BE-A6B9-E755C0CC1FAC	XEK	241_C|T,593_C|T,670_T|G,897_C|A,2790_C|T,3037_C|T,3431_G|T,3505_C|T,3565_T|C,4184_G|A,4321_C|T,5701_T|C,6183_A|G,7113_C|T,7842_A|G,8293_C|T,8393_G|A,9286_C|T,9344_C|T,9424_A|G,9534_C|T,10029_C|T,10198_C|T,10447_G|A,10449_C|A,11042_G|T,11727_G|A,12789_C|T,12815_C|T,12880_C|T,13339_T|C,14408_C|T,15714_C|T,15756_T|A,17410_C|T,18163_A|G,18492_A|G,18657_C|T,18894_C|T,19716_C|T,19955_C|T,20055_A|G,20379_A|G,21618_C|T,21622_C|T,21624_G|C,21627_C|A,21711_C|T,21738_T|C,21941_G|T,21987_G|A,22032_T|C,22033_C|A,22034_A|G,22200_T|G,22208_C|T,22295_C|A,22353_C|A,22556_A|G,22577_G|C,22578_G|A,22629_A|C,22674_C|T,22679_T|C,22686_C|T,22688_A|G,22770_G|A,22775_G|A,22786_A|C,22813_G|T,22882_T|G,22895_G|C,22896_T|A,22898_G|A,22910_A|G,22916_C|T,22917_T|G,22926_T|C,22928_T|C,22942_T|A,22992_G|A,22995_C|A,23005_T|A,23012_G|A,23018_T|C,23019_T|C,23039_C|G,23055_A|G,23063_A|T,23075_T|C,23222_G|A,23271_C|T,23403_A|G,23423_C|T,23525_C|T,23599_T|G,23604_C|G,23854_C|A,23948_G|T,24378_C|T,24424_A|T,24469_T|A,24872_G|T,24990_C|T,25000_C|T,25006_C|T,25207_C|T,25584_C|T,26060_C|T,26270_C|T,26529_G|C,26577_C|G,26610_A|G,26681_C|T,26709_G|A,26833_C|T,26858_C|T,27259_A|C,27382_G|C,27383_A|T,27384_T|C,27807_C|T,27810_T|C,28271_A|T,28291_C|A,28311_C|T,28881_G|A,28882_G|A,28883_G|C,28884_G|C,28958_C|A,29510_A|C,11288_11296,21633_21641,21765_21770,21992_21994,22194_22196,23009_23011,28362_28370,29734_29759,21608_.|TCATGCCGCTGT
IGS-10285-CVDP-F8037A8F-AAEB-410B-832A-C5366EBF5476	XEK	241_C|T,593_C|T,670_T|G,897_C|A,2790_C|T,3037_C|T,3431_G|T,3505_C|T,3565_T|C,4184_G|A,4321_C|T,4347_C|T,5701_T|C,6183_A|G,7113_C|T,7842_A|G,8293_C|T,8393_G|A,9286_C|T,9344_C|T,9424_A|G,9534_C|T,10029_C|T,10198_C|T,10447_G|A,10449_C|A,11042_G|T,11727_G|A,12789_C|T,12815_C|T,12880_C|T,13339_T|C,14408_C|T,15714_C|T,15756_T|A,17410_C|T,18163_A|G,18492_A|G,18657_C|T,18894_C|T,19716_C|T,19955_C|T,20055_A|G,21618_C|T,21622_C|T,21624_G|C,21627_C|A,21711_C|T,21738_T|C,21941_G|T,21987_G|A,22000_C|T,22032_T|C,22033_C|A,22034_A|G,22200_T|G,22208_C|T,22295_C|A,22353_C|A,22556_A|G,22577_G|C,22578_G|A,22629_A|C,22674_C|T,22679_T|C,22686_C|T,22688_A|G,22770_G|A,22775_G|A,22786_A|C,22813_G|T,22882_T|G,22895_G|C,22896_T|A,22898_G|A,22910_A|G,22916_C|T,22917_T|G,22926_T|C,22928_T|C,22942_T|A,22992_G|A,22995_C|A,23005_T|A,23012_G|A,23018_T|C,23019_T|C,23039_C|G,23055_A|G,23063_A|T,23075_T|C,23222_G|A,23271_C|T,23403_A|G,23423_C|T,23525_C|T,23599_T|G,23604_C|G,23854_C|A,23948_G|T,24378_C|T,24424_A|T,24469_T|A,24872_G|T,24990_C|T,25000_C|T,25006_C|T,25207_C|T,25584_C|T,26060_C|T,26270_C|T,26529_G|C,26577_C|G,26610_A|G,26681_C|T,26709_G|A,26833_C|T,26858_C|T,27259_A|C,27382_G|C,27383_A|T,27384_T|C,27807_C|T,27810_T|C,28271_A|T,28291_C|A,28311_C|T,28881_G|A,28882_G|A,28883_G|C,28884_G|C,28958_C|A,29510_A|C,11288_11296,21633_21641,21765_21770,21992_21994,22194_22196,23009_23011,28362_28370,29734_29759,21608_.|TCATGCCGCTGT
IGS-10285-CVDP-F8A17539-A660-4CCA-9E6E-00FFA951C753	XEK	241_C|T,593_C|T,670_T|G,897_C|A,2406_A|G,2790_C|T,3037_C|T,3431_G|T,3505_C|T,3565_T|C,4184_G|A,4321_C|T,5701_T|C,6183_A|G,7113_C|T,7675_G|T,7842_A|G,8293_C|T,8393_G|A,9286_C|T,9344_C|T,9424_A|G,9534_C|T,10029_C|T,10198_C|T,10447_G|A,10449_C|A,11042_G|T,11727_G|A,12789_C|T,12815_C|T,12880_C|T,13178_G|A,13339_T|C,13356_C|T,13860_C|T,14408_C|T,15714_C|T,15756_T|A,17410_C|T,18163_A|G,18492_A|G,18657_C|T,18894_C|T,18928_C|T,19488_C|T,19716_C|T,19955_C|T,20055_A|G,21618_C|T,21622_C|T,21624_G|C,21627_C|A,21711_C|T,21738_T|C,21941_G|T,21987_G|A,22032_T|C,22033_C|A,22034_A|G,22200_T|G,22208_C|T,22295_C|A,22353_C|A,22556_A|G,22577_G|C,22578_G|A,22629_A|C,22674_C|T,22679_T|C,22686_C|T,22688_A|G,22770_G|A,22775_G|A,22786_A|C,22813_G|T,22882_T|G,22895_G|C,22896_T|A,22898_G|A,22910_A|G,22916_C|T,22917_T|G,22926_T|C,22928_T|C,22942_T|A,22992_G|A,22995_C|A,23005_T|A,23012_G|A,23018_T|C,23019_T|C,23039_C|G,23055_A|G,23063_A|T,23075_T|C,23222_G|A,23271_C|T,23403_A|G,23423_C|T,23525_C|T,23599_T|G,23604_C|G,23854_C|A,23948_G|T,24378_C|T,24424_A|T,24469_T|A,24872_G|T,24990_C|T,25000_C|T,25006_C|T,25207_C|T,25584_C|T,26060_C|T,26270_C|T,26529_G|C,26577_C|G,26610_A|G,26681_C|T,26709_G|A,26833_C|T,26858_C|T,27259_A|C,27382_G|C,27383_A|T,27384_T|C,27798_G|T,27807_C|T,27810_T|C,28271_A|T,28291_C|A,28311_C|T,28807_C|T,28881_G|A,28882_G|A,28883_G|C,28884_G|C,28958_C|A,29510_A|C,515_520,11288_11296,21633_21641,21765_21770,21992_21994,22194_22196,23009_23011,28362_28370,29734_29759,21608_.|TCATGCCGCTGT
IGS-10285-CVDP-F967ED50-C284-429D-995D-0AD0F50E553B	XEK	241_C|T,593_C|T,670_T|G,897_C|A,2790_C|T,3037_C|T,3431_G|T,3505_C|T,3565_T|C,4184_G|A,4321_C|T,5416_C|T,5701_T|C,5869_C|T,6183_A|G,7113_C|T,7842_A|G,8293_C|T,8393_G|A,9286_C|T,9344_C|T,9424_A|G,9534_C|T,10029_C|T,10198_C|T,10447_G|A,10449_C|A,11042_G|T,11727_G|A,12789_C|T,12815_C|T,12880_C|T,13339_T|C,14408_C|T,15480_C|T,15714_C|T,15756_T|A,17410_C|T,18163_A|G,18492_A|G,18657_C|T,18894_C|T,18998_C|T,19716_C|T,19900_G|T,19955_C|T,20055_A|G,21618_C|T,21622_C|T,21624_G|C,21627_C|A,21711_C|T,21738_T|C,21941_G|T,21987_G|A,22026_G|C,22032_T|C,22033_C|A,22034_A|G,22200_T|G,22208_C|T,22295_C|A,22353_C|A,22556_A|G,22577_G|C,22578_G|A,22629_A|C,22674_C|T,22679_T|C,22686_C|T,22688_A|G,22770_G|A,22775_G|A,22786_A|C,22813_G|T,22882_T|G,22895_G|C,22896_T|A,22898_G|A,22910_A|G,22916_C|T,22917_T|G,22926_T|C,22928_T|C,22942_T|A,22992_G|A,22995_C|A,23005_T|A,23012_G|A,23018_T|C,23019_T|C,23039_C|G,23055_A|G,23063_A|T,23075_T|C,23222_G|A,23271_C|T,23403_A|G,23423_C|T,23525_C|T,23599_T|G,23604_C|G,23854_C|A,23948_G|T,24378_C|T,24424_A|T,24469_T|A,24872_G|T,24990_C|T,25000_C|T,25006_C|T,25207_C|T,25584_C|T,25938_T|C,26060_C|T,26270_C|T,26529_G|C,26577_C|G,26610_A|G,26681_C|T,26709_G|A,26833_C|T,26858_C|T,27259_A|C,27382_G|C,27383_A|T,27384_T|C,27676_G|C,27807_C|T,27810_T|C,28271_A|T,28291_C|A,28311_C|T,28382_T|C,28881_G|A,28882_G|A,28883_G|C,28884_G|C,28958_C|A,29510_A|C,29779_G|T,11288_11296,21633_21641,21765_21770,21992_21994,22194_22196,23009_23011,28362_28370,29734_29759,21608_.|TCATGCCGCTGT
IGS-10285-CVDP-FBC2E0B7-6DAA-4923-9D63-9FBFD0610FA8	XEK	241_C|T,593_C|T,670_T|G,897_C|A,2790_C|T,3037_C|T,3431_G|T,3505_C|T,3565_T|C,4184_G|A,4321_C|T,5701_T|C,6183_A|G,7113_C|T,7842_A|G,8293_C|T,8393_G|A,9286_C|T,9344_C|T,9424_A|G,9534_C|T,10029_C|T,10198_C|T,10447_G|A,10449_C|A,11042_G|T,11471_C|T,11727_G|A,12789_C|T,12815_C|T,12880_C|T,13339_T|C,14178_C|T,14408_C|T,15714_C|T,15756_T|A,17410_C|T,18163_A|G,18492_A|G,18657_C|T,18894_C|T,19716_C|T,19955_C|T,20055_A|G,21618_C|T,21622_C|T,21624_G|C,21627_C|A,21711_C|T,21738_T|C,21941_G|T,21987_G|A,22032_T|C,22033_C|A,22034_A|G,22200_T|G,22208_C|T,22295_C|A,22353_C|A,22556_A|G,22577_G|C,22578_G|A,22597_C|T,22629_A|C,22674_C|T,22679_T|C,22686_C|T,22688_A|G,22770_G|A,22775_G|A,22786_A|C,22813_G|T,22882_T|G,22895_G|C,22896_T|A,22898_G|A,22910_A|G,22916_C|T,22917_T|G,22926_T|C,22928_T|C,22942_T|A,22992_G|A,22995_C|A,23005_T|A,23012_G|A,23018_T|C,23019_T|C,23039_C|G,23055_A|G,23063_A|T,23075_T|C,23222_G|A,23271_C|T,23403_A|G,23423_C|T,23525_C|T,23599_T|G,23604_C|G,23854_C|A,23948_G|T,24378_C|T,24424_A|T,24469_T|A,24872_G|T,24990_C|T,25000_C|T,25006_C|T,25207_C|T,25584_C|T,26060_C|T,26270_C|T,26529_G|C,26532_T|C,26577_C|G,26610_A|G,26681_C|T,26709_G|A,26833_C|T,26858_C|T,27259_A|C,27382_G|C,27383_A|T,27384_T|C,27807_C|T,27810_T|C,28271_A|T,28291_C|A,28311_C|T,28881_G|A,28882_G|A,28883_G|C,28884_G|C,28958_C|A,29510_A|C,11288_11296,21633_21641,21765_21770,21992_21994,22194_22196,23009_23011,28362_28370,29734_29759,21608_.|TCATGCCGCTGT
IGS-10285-CVDP-FE1BA2D3-F71B-45A6-971C-E3754401E37D	XEK	241_C|T,593_C|T,670_T|G,897_C|A,2790_C|T,3037_C|T,3431_G|T,3505_C|T,3565_T|C,4184_G|A,4321_C|T,4633_C|T,5701_T|C,6183_A|G,7113_C|T,7842_A|G,8293_C|T,8393_G|A,9286_C|T,9344_C|T,9424_A|G,9534_C|T,10029_C|T,10198_C|T,10447_G|A,10449_C|A,11042_G|T,11727_G|A,12789_C|T,12815_C|T,12880_C|T,13339_T|C,14314_C|G,14408_C|T,15714_C|T,15756_T|A,17410_C|T,18163_A|G,18457_C|T,18492_A|G,18657_C|T,18894_C|T,19716_C|T,19955_C|T,20055_A|G,21618_C|T,21622_C|T,21624_G|C,21627_C|A,21711_C|T,21738_T|C,21941_G|T,21987_G|A,22032_T|C,22033_C|A,22034_A|G,22200_T|G,22208_C|T,22295_C|A,22353_C|A,22556_A|G,22577_G|C,22578_G|A,22629_A|C,22674_C|T,22679_T|C,22686_C|T,22688_A|G,22770_G|A,22775_G|A,22786_A|C,22813_G|T,22882_T|G,22895_G|C,22896_T|A,22898_G|A,22910_A|G,22916_C|T,22917_T|G,22926_T|C,22928_T|C,22942_T|A,22992_G|A,22995_C|A,23005_T|A,23012_G|A,23018_T|C,23019_T|C,23039_C|G,23055_A|G,23063_A|T,23075_T|C,23222_G|A,23271_C|T,23403_A|G,23423_C|T,23525_C|T,23599_T|G,23604_C|G,23854_C|A,23948_G|T,24378_C|T,24424_A|T,24469_T|A,24872_G|T,24990_C|T,25000_C|T,25006_C|T,25207_C|T,25584_C|T,26060_C|T,26270_C|T,26529_G|C,26577_C|G,26610_A|G,26681_C|T,26709_G|A,26833_C|T,26858_C|T,27259_A|C,27382_G|C,27383_A|T,27384_T|C,27807_C|T,27810_T|C,28271_A|T,28291_C|A,28311_C|T,28881_G|A,28882_G|A,28883_G|C,28884_G|C,28885_A|G,28958_C|A,29510_A|C,11288_11296,21633_21641,21765_21770,21992_21994,22194_22196,23009_23011,28362_28370,29734_29759,21608_.|TCATGCCGCTGT
IMS-10285-CVDP-33EBE15B-D8FD-46AE-A36E-134ED9C3B7A3	XEK	241_C|T,593_C|T,670_T|G,897_C|A,1426_C|T,2790_C|T,3037_C|T,3431_G|T,3505_C|T,3565_T|C,4184_G|A,4321_C|T,5701_T|C,6183_A|G,7113_C|T,7842_A|G,8293_C|T,8393_G|A,9286_C|T,9344_C|T,9424_A|G,9534_C|T,10029_C|T,10198_C|T,10447_G|A,10449_C|A,11042_G|T,11727_G|A,12789_C|T,12815_C|T,12880_C|T,13339_T|C,14408_C|T,15714_C|T,15756_T|A,17410_C|T,18163_A|G,18492_A|G,18657_C|T,18894_C|T,19716_C|T,19955_C|T,20055_A|G,21618_C|T,21622_C|T,21624_G|C,21627_C|A,21711_C|T,21738_T|C,21941_G|T,22032_T|C,22033_C|A,22034_A|G,22200_T|G,22208_C|T,22295_C|A,22353_C|A,22556_A|G,22577_G|C,22578_G|A,22674_C|T,22679_T|C,22686_C|T,22688_A|G,22770_G|A,22775_G|A,22786_A|C,22813_G|T,22882_T|G,22895_G|C,22896_T|A,22898_G|A,22910_A|G,22916_C|T,22917_T|G,22926_T|C,22928_T|C,22942_T|A,22992_G|A,22995_C|A,23005_T|A,23012_G|A,23018_T|C,23019_T|C,23039_C|G,23055_A|G,23063_A|T,23075_T|C,23222_G|A,23271_C|T,23403_A|G,23423_C|T,23525_C|T,23599_T|G,23604_C|G,23854_C|A,23948_G|T,24378_C|T,24424_A|T,24469_T|A,24872_G|T,24990_C|T,25000_C|T,25006_C|T,25207_C|T,25584_C|T,26060_C|T,26270_C|T,26529_G|C,26577_C|G,26610_A|G,26681_C|T,26709_G|A,26833_C|T,26858_C|T,27259_A|C,27382_G|C,27383_A|T,27384_T|C,27807_C|T,27810_T|C,28271_A|T,28291_C|A,28311_C|T,28881_G|A,28882_G|A,28883_G|C,28884_G|C,28958_C|A,29510_A|C,29686_C|T,11288_11296,21633_21641,21765_21770,21992_21994,22194_22196,23009_23011,28362_28370,29734_29759,21608_.|TCATGCCGCTGT
IMS-10285-CVDP-34090FC6-A1C7-41DF-8B18-E8C432E7ADEA	XEK	241_C|T,593_C|T,670_T|G,897_C|A,2790_C|T,3037_C|T,3431_G|T,3505_C|T,3565_T|C,4184_G|A,4321_C|T,5701_T|C,6183_A|G,7113_C|T,7842_A|G,8290_C|T,8293_C|T,8393_G|A,9286_C|T,9344_C|T,9424_A|G,9534_C|T,10029_C|T,10198_C|T,10447_G|A,10449_C|A,11042_G|T,11727_G|A,12789_C|T,12815_C|T,12880_C|T,13339_T|C,14408_C|T,15714_C|T,15756_T|A,17410_C|T,18163_A|G,18431_C|T,18492_A|G,18657_C|T,18894_C|T,19716_C|T,19955_C|T,20055_A|G,21618_C|T,21622_C|T,21624_G|C,21627_C|A,21711_C|T,21738_T|C,21941_G|T,21987_G|A,22032_T|C,22033_C|A,22034_A|G,22200_T|G,22208_C|T,22295_C|A,22353_C|A,22556_A|G,22577_G|C,22578_G|A,22674_C|T,22679_T|C,22686_C|T,22688_A|G,22770_G|A,22775_G|A,22786_A|C,22813_G|T,22882_T|G,22895_G|C,22896_T|A,22898_G|A,22910_A|G,22916_C|T,22917_T|G,22926_T|C,22928_T|C,22942_T|A,22992_G|A,22995_C|A,23005_T|A,23012_G|A,23018_T|C,23019_T|C,23039_C|G,23055_A|G,23063_A|T,23075_T|C,23222_G|A,23271_C|T,23403_A|G,23423_C|T,23525_C|T,23599_T|G,23604_C|G,23854_C|A,23948_G|T,24378_C|T,24424_A|T,24469_T|A,24872_G|T,24990_C|T,25000_C|T,25006_C|T,25207_C|T,25584_C|T,26060_C|T,26270_C|T,26529_G|C,26577_C|G,26610_A|G,26681_C|T,26709_G|A,26833_C|T,26858_C|T,27259_A|C,27382_G|C,27383_A|T,27384_T|C,27807_C|T,27810_T|C,28271_A|T,28291_C|A,28311_C|T,28881_G|A,28882_G|A,28883_G|C,28884_G|C,28958_C|A,29510_A|C,11288_11296,21633_21641,21765_21770,21992_21994,22194_22196,23009_23011,28362_28370,29734_29759,21608_.|TCATGCCGCTGT
IMS-10285-CVDP-825F736C-7876-4412-9238-9F917386F2EC	XEK	241_C|T,593_C|T,670_T|G,897_C|A,2790_C|T,3037_C|T,3431_G|T,3505_C|T,3565_T|C,4184_G|A,4321_C|T,5701_T|C,6183_A|G,7113_C|T,7842_A|G,8293_C|T,8393_G|A,9286_C|T,9344_C|T,9424_A|G,9534_C|T,10029_C|T,10198_C|T,10447_G|A,10449_C|A,11042_G|T,11454_C|T,11727_G|A,12789_C|T,12815_C|T,12880_C|T,13339_T|C,14408_C|T,15714_C|T,15756_T|A,17410_C|T,18163_A|G,18492_A|G,18657_C|T,18894_C|T,19716_C|T,19955_C|T,20055_A|G,21618_C|T,21622_C|T,21624_G|C,21627_C|A,21711_C|T,21738_T|C,21941_G|T,21987_G|A,22032_T|C,22033_C|A,22034_A|G,22200_T|G,22208_C|T,22295_C|A,22353_C|A,22556_A|G,22577_G|C,22578_G|A,22629_A|C,22674_C|T,22679_T|C,22686_C|T,22688_A|G,22770_G|A,22775_G|A,22786_A|C,22813_G|T,22882_T|G,22895_G|C,22896_T|A,22898_G|A,22910_A|G,22916_C|T,22917_T|G,22926_T|C,22928_T|C,22942_T|A,22992_G|A,22995_C|A,23005_T|A,23012_G|A,23018_T|C,23019_T|C,23039_C|G,23055_A|G,23063_A|T,23075_T|C,23222_G|A,23271_C|T,23403_A|G,23423_C|T,23525_C|T,23599_T|G,23604_C|G,23854_C|A,23948_G|T,24378_C|T,24424_A|T,24469_T|A,24872_G|T,24990_C|T,25000_C|T,25006_C|T,25207_C|T,25584_C|T,26060_C|T,26270_C|T,26529_G|C,26577_C|G,26610_A|G,26681_C|T,26709_G|A,26833_C|T,26858_C|T,27259_A|C,27382_G|C,27383_A|T,27384_T|C,27807_C|T,27810_T|C,28271_A|T,28291_C|A,28311_C|T,28881_G|A,28882_G|A,28883_G|C,28884_G|C,28958_C|A,29510_A|C,11288_11296,21633_21641,21765_21770,21992_21994,22194_22196,23009_23011,28362_28370,29734_29759,21608_.|TCATGCCGCTGT
IMS-10285-CVDP-C7E86906-7A83-49A4-A6A3-AB2807844AEA	XEK	241_C|T,593_C|T,670_T|G,897_C|A,2790_C|T,3037_C|T,3431_G|T,3505_C|T,3565_T|C,4184_G|A,4321_C|T,5701_T|C,6183_A|G,7113_C|T,7842_A|G,8293_C|T,8393_G|A,9286_C|T,9344_C|T,9424_A|G,9534_C|T,10029_C|T,10198_C|T,10447_G|A,10449_C|A,11042_G|T,11727_G|A,12789_C|T,12815_C|T,12880_C|T,13339_T|C,14408_C|T,15714_C|T,15756_T|A,17410_C|T,18163_A|G,18492_A|G,18657_C|T,18894_C|T,19716_C|T,19955_C|T,20055_A|G,21618_C|T,21622_C|T,21624_G|C,21627_C|A,21711_C|T,21738_T|C,21941_G|T,21987_G|A,22032_T|C,22033_C|A,22034_A|G,22200_T|G,22208_C|T,22295_C|A,22353_C|A,22556_A|G,22577_G|C,22578_G|A,22629_A|C,22674_C|T,22679_T|C,22686_C|T,22688_A|G,22770_G|A,22775_G|A,22786_A|C,22813_G|T,22882_T|G,22895_G|C,22896_T|A,22898_G|A,22910_A|G,22916_C|T,22917_T|G,22926_T|C,22928_T|C,22942_T|A,22992_G|A,22995_C|A,23005_T|A,23012_G|A,23018_T|C,23019_T|C,23039_C|G,23055_A|G,23063_A|T,23075_T|C,23222_G|A,23271_C|T,23403_A|G,23423_C|T,23525_C|T,23599_T|G,23604_C|G,23854_C|A,23948_G|T,24378_C|T,24424_A|T,24469_T|A,24872_G|T,24990_C|T,25000_C|T,25006_C|T,25207_C|T,25584_C|T,26060_C|T,26270_C|T,26529_G|C,26577_C|G,26610_A|G,26681_C|T,26709_G|A,26833_C|T,26858_C|T,27259_A|C,27382_G|C,27383_A|T,27384_T|C,27807_C|T,27810_T|C,27945_C|T,28271_A|T,28291_C|A,28311_C|T,28881_G|A,28882_G|A,28883_G|C,28884_G|C,28958_C|A,29510_A|C,11288_11296,21633_21641,21765_21770,21992_21994,22194_22196,23009_23011,28362_28370,29734_29759,21608_.|TCATGCCGCTGT
IMS-10285-CVDP-D11754EC-D19A-4345-B323-EE6D26D19782	XEK	241_C|T,593_C|T,670_T|G,897_C|A,2790_C|T,3037_C|T,3431_G|T,3505_C|T,3565_T|C,4184_G|A,4321_C|T,5701_T|C,6183_A|G,7113_C|T,7842_A|G,8293_C|T,8393_G|A,9286_C|T,9344_C|T,9424_A|G,9534_C|T,10029_C|T,10198_C|T,10447_G|A,10449_C|A,11042_G|T,11727_G|A,12789_C|T,12815_C|T,12880_C|T,13339_T|C,14408_C|T,15254_T|C,15714_C|T,15756_T|A,17410_C|T,18163_A|G,18492_A|G,18657_C|T,18894_C|T,19716_C|T,19955_C|T,20055_A|G,21618_C|T,21622_C|T,21624_G|C,21627_C|A,21711_C|T,21738_T|C,21941_G|T,21987_G|A,22032_T|C,22033_C|A,22034_A|G,22200_T|G,22208_C|T,22295_C|A,22353_C|A,22556_A|G,22577_G|C,22578_G|A,22674_C|T,22679_T|C,22686_C|T,22688_A|G,22770_G|A,22775_G|A,22786_A|C,22813_G|T,22882_T|G,22895_G|C,22896_T|A,22898_G|A,22910_A|G,22916_C|T,22917_T|G,22926_T|C,22928_T|C,22942_T|A,22992_G|A,22995_C|A,23005_T|A,23012_G|A,23018_T|C,23019_T|C,23039_C|G,23055_A|G,23063_A|T,23075_T|C,23222_G|A,23271_C|T,23403_A|G,23423_C|T,23525_C|T,23599_T|G,23604_C|G,23854_C|A,23948_G|T,24378_C|T,24424_A|T,24469_T|A,24872_G|T,24990_C|T,25000_C|T,25006_C|T,25139_T|C,25207_C|T,25584_C|T,26060_C|T,26270_C|T,26529_G|C,26577_C|G,26610_A|G,26681_C|T,26709_G|A,26833_C|T,26858_C|T,27259_A|C,27382_G|C,27383_A|T,27384_T|C,27807_C|T,27810_T|C,28271_A|T,28291_C|A,28311_C|T,28881_G|A,28882_G|A,28883_G|C,28884_G|C,28958_C|A,29510_A|C,11288_11296,21633_21641,21765_21770,21992_21994,22194_22196,23009_23011,28362_28370,29734_29759,21608_.|TCATGCCGCTGT
IMS-10285-CVDP-F2DDE7CF-BED0-4F4F-851C-D48A26221310	XEK	241_C|T,593_C|T,670_T|G,897_C|A,2790_C|T,3037_C|T,3431_G|T,3505_C|T,3565_T|C,4184_G|A,4321_C|T,5701_T|C,6183_A|G,7113_C|T,7842_A|G,8293_C|T,8393_G|A,9286_C|T,9344_C|T,9424_A|G,9534_C|T,10029_C|T,10198_C|T,10447_G|A,10449_C|A,11042_G|T,11727_G|A,12789_C|T,12815_C|T,12880_C|T,13339_T|C,14408_C|T,15714_C|T,15756_T|A,17410_C|T,18163_A|G,18492_A|G,18657_C|T,18894_C|T,19716_C|T,19955_C|T,20055_A|G,21618_C|T,21622_C|T,21624_G|C,21627_C|A,21711_C|T,21738_T|C,21941_G|T,21987_G|A,22032_T|C,22033_C|A,22034_A|G,22200_T|G,22208_C|T,22295_C|A,22353_C|A,22556_A|G,22577_G|C,22578_G|A,22674_C|T,22679_T|C,22686_C|T,22688_A|G,22770_G|A,22775_G|A,22786_A|C,22813_G|T,22882_T|G,22883_C|T,22895_G|C,22896_T|A,22898_G|A,22910_A|G,22916_C|T,22917_T|G,22926_T|C,22928_T|C,22942_T|A,22992_G|A,22995_C|A,23005_T|A,23012_G|A,23018_T|C,23019_T|C,23039_C|G,23055_A|G,23063_A|T,23075_T|C,23222_G|A,23271_C|T,23403_A|G,23423_C|T,23455_T|C,23525_C|T,23599_T|G,23604_C|G,23854_C|A,23948_G|T,24378_C|T,24424_A|T,24469_T|A,24872_G|T,24990_C|T,25000_C|T,25006_C|T,25207_C|T,25584_C|T,26060_C|T,26270_C|T,26529_G|C,26577_C|G,26610_A|G,26681_C|T,26709_G|A,26833_C|T,26858_C|T,27259_A|C,27382_G|C,27383_A|T,27384_T|C,27807_C|T,27810_T|C,28271_A|T,28291_C|A,28311_C|T,28881_G|A,28882_G|A,28883_G|C,28884_G|C,28958_C|A,29510_A|C,518_520,11288_11296,21633_21641,21765_21770,21992_21994,22194_22196,23009_23011,28362_28370,29734_29759,21608_.|TCATGCCGCTGT
