genomeID	true_lineage	nuc_changes
DEU/BW-USAFSAM-S22556/2024	XDP	241_C|T,670_T|G,774_C|T,897_C|A,2790_C|T,3037_C|T,3431_G|T,3565_T|C,4184_G|A,4321_C|T,6183_A|G,7842_A|G,8293_C|T,8393_G|A,9344_C|T,9424_A|G,9534_C|T,9943_C|T,10029_C|T,10198_C|T,10447_G|A,10449_C|A,11042_G|T,11727_G|A,12789_C|T,12815_C|T,12880_C|T,13339_T|C,14408_C|T,15714_C|T,15756_T|A,17410_C|T,18163_A|G,18453_T|C,18492_A|G,18894_C|T,19955_C|G,20055_A|G,21618_C|T,21622_C|T,21624_G|C,21711_C|T,21941_G|T,21987_G|A,22032_T|C,22033_C|A,22034_A|G,22200_T|G,22208_C|T,22295_C|A,22353_C|A,22556_A|G,22577_G|C,22578_G|A,22629_A|C,22674_C|T,22679_T|C,22686_C|T,22688_A|G,22770_G|A,22775_G|A,22786_A|C,22813_G|T,22882_T|G,22895_G|C,22896_T|A,22898_G|A,22910_A|G,22916_C|T,22917_T|G,22926_T|C,22942_T|A,22992_G|A,22995_C|A,23005_T|A,23012_G|A,23018_T|C,23019_T|C,23055_A|G,23063_A|T,23075_T|C,23222_G|A,23271_C|T,23403_A|G,23423_C|T,23525_C|T,23599_T|G,23604_C|G,23854_C|A,23948_G|T,24378_C|T,24424_A|T,24469_T|A,24990_C|T,25000_C|T,25207_C|T,25584_C|T,25928_T|C,26060_C|T,26270_C|T,26529_G|C,26577_C|G,26610_A|G,26681_C|T,26709_G|A,26833_C|T,26858_C|T,27259_A|C,27382_G|C,27383_A|T,27384_T|C,27807_C|T,27915_G|T,28271_A|T,28297_T|C,28311_C|T,28846_C|T,28881_G|A,28882_G|A,28883_G|C,29510_A|C,11288_11296,21633_21641,21765_21770,21992_21994,22194_22196,23009_23011,28362_28370,29734_29759
Denmark/DCGC-670855/2024	XDP	241_C|T,670_T|G,743_A|G,774_C|T,897_C|A,2790_C|T,3037_C|T,3431_G|T,3565_T|C,4184_G|A,4321_C|T,6183_A|G,7842_A|G,7933_A|C,8293_C|T,8393_G|A,9344_C|T,9424_A|G,9534_C|T,10029_C|T,10198_C|T,10447_G|A,10449_C|A,11042_G|T,11727_G|A,12789_C|T,12815_C|T,12880_C|T,13339_T|C,14408_C|T,15714_C|T,15756_T|A,17410_C|T,18163_A|G,18453_T|C,18492_A|G,18894_C|T,19955_C|T,20055_A|G,21618_C|T,21622_C|T,21624_G|C,21711_C|T,21941_G|T,21987_G|A,22032_T|C,22033_C|A,22034_A|G,22200_T|G,22208_C|T,22295_C|A,22353_C|A,22556_A|G,22577_G|C,22578_G|A,22629_A|C,22674_C|T,22679_T|C,22686_C|T,22688_A|G,22770_G|A,22775_G|A,22786_A|C,22813_G|T,22882_T|G,22895_G|C,22896_T|A,22898_G|A,22910_A|G,22916_C|T,22917_T|G,22926_T|C,22942_T|A,22992_G|A,22995_C|A,23005_T|A,23012_G|A,23018_T|C,23019_T|C,23055_A|G,23063_A|T,23075_T|C,23222_G|A,23271_C|T,23403_A|G,23423_C|T,23525_C|T,23599_T|G,23600_T|C,23604_C|G,23854_C|A,23948_G|T,24378_C|T,24424_A|T,24469_T|A,24990_C|T,25000_C|T,25207_C|T,25584_C|T,26060_C|T,26270_C|T,26529_G|C,26577_C|G,26610_A|G,26681_C|T,26709_G|A,26833_C|T,26858_C|T,27259_A|C,27382_G|C,27383_A|T,27384_T|C,27807_C|T,27915_G|T,28271_A|T,28297_T|C,28311_C|T,28846_C|T,28881_G|A,28882_G|A,28883_G|C,29510_A|C,29700_A|G,11288_11296,21633_21641,21765_21770,21992_21994,22194_22196,28362_28370,29734_29759,21608_.|TCATGCCGCTGT
OZ008407	XDP	241_C|T,670_T|G,774_C|T,897_C|A,2790_C|T,3037_C|T,3431_G|T,4184_G|A,4321_C|T,6183_A|G,7842_A|G,8293_C|T,8393_G|A,9344_C|T,9424_A|G,9534_C|T,10029_C|T,10198_C|T,10447_G|A,10449_C|A,11042_G|T,11727_G|A,12789_C|T,12815_C|T,12880_C|T,13339_T|C,14408_C|T,15714_C|T,15756_T|A,16887_C|T,17410_C|T,18163_A|G,18453_T|C,18492_A|G,18894_C|T,19955_C|G,20055_A|G,21610_T|C,21641_G|T,21711_C|T,21941_G|T,21987_G|A,22032_T|C,22033_C|A,22034_A|G,22200_T|G,22208_C|T,22295_C|A,22353_C|A,22556_A|G,22577_G|C,22578_G|A,22629_A|C,22674_C|T,22679_T|C,22686_C|T,22688_A|G,22775_G|A,22786_A|C,22813_G|T,22882_T|G,22895_G|C,22896_T|A,22898_G|A,22910_A|G,22916_C|T,22917_T|G,22926_T|C,22942_T|A,22992_G|A,22995_C|A,23005_T|A,23012_G|A,23018_T|C,23019_T|C,23055_A|G,23063_A|T,23075_T|C,23222_G|A,23271_C|T,23403_A|G,23423_C|T,23525_C|T,23599_T|G,23604_C|G,23854_C|A,23948_G|T,24378_C|T,24424_A|T,24469_T|A,24990_C|T,25000_C|T,25207_C|T,25584_C|T,25928_T|C,26036_A|G,26060_C|T,26270_C|T,26529_G|C,26577_C|G,26681_C|T,26709_G|A,26833_C|T,26858_C|T,27259_A|C,27382_G|C,27383_A|T,27384_T|C,27807_C|T,27915_G|T,28271_A|T,28297_T|C,28311_C|T,28846_C|T,28881_G|A,28882_G|A,28883_G|C,29510_A|C,11288_11296,21765_21770,21992_21994,22194_22196,23009_23011,28362_28370,29734_29759
OZ025398	XDP	241_C|T,670_T|G,774_C|T,897_C|A,2061_C|T,2790_C|T,3037_C|T,3431_G|T,3565_T|C,4184_G|A,4321_C|T,6183_A|G,6877_G|T,7842_A|G,8293_C|T,8393_G|A,9344_C|T,9424_A|G,9534_C|T,10029_C|T,10198_C|T,10447_G|A,10449_C|A,11042_G|T,11727_G|A,12789_C|T,12815_C|T,12880_C|T,13339_T|C,14408_C|T,15714_C|T,15756_T|A,17410_C|T,18163_A|G,18453_T|C,18492_A|G,18894_C|T,19955_C|T,20055_A|G,21618_C|T,21622_C|T,21624_G|C,21711_C|T,21941_G|T,21987_G|A,22032_T|C,22033_C|A,22034_A|G,22200_T|G,22208_C|T,22295_C|A,22353_C|A,22556_A|G,22577_G|C,22578_G|A,22629_A|C,22674_C|T,22679_T|C,22686_C|T,22688_A|G,22775_G|A,22786_A|C,22813_G|T,22882_T|G,22895_G|C,22896_T|A,22898_G|A,22910_A|G,22916_C|T,22917_T|G,22926_T|C,22942_T|A,22992_G|A,22995_C|A,23005_T|A,23012_G|A,23018_T|C,23019_T|C,23055_A|G,23063_A|T,23075_T|C,23222_G|A,23271_C|T,23403_A|G,23423_C|T,23523_A|T,23525_C|T,23599_T|G,23604_C|G,23854_C|A,23948_G|T,24378_C|T,24424_A|T,24469_T|A,24990_C|T,25000_C|T,25207_C|T,25584_C|T,26060_C|T,26270_C|T,26529_G|C,26577_C|G,26610_A|G,26681_C|T,26709_G|A,26833_C|T,26858_C|T,27259_A|C,27382_G|C,27383_A|T,27384_T|C,27807_C|T,27915_G|T,28271_A|T,28297_T|C,28311_C|T,28846_C|T,28881_G|A,28882_G|A,28883_G|C,29510_A|C,11288_11296,21992_21994,22194_22196,23009_23011,29734_29759
OZ025415	XDP	241_C|T,670_T|G,774_C|T,897_C|A,2790_C|T,3037_C|T,3431_G|T,3565_T|C,4184_G|A,4321_C|T,6183_A|G,6877_G|T,7842_A|G,8293_C|T,8393_G|A,9344_C|T,9424_A|G,9534_C|T,10029_C|T,10198_C|T,10447_G|A,10449_C|A,11042_G|T,11727_G|A,12789_C|T,12815_C|T,12880_C|T,13339_T|C,14408_C|T,15714_C|T,15756_T|A,17410_C|T,18163_A|G,18453_T|C,18492_A|G,18894_C|T,19955_C|T,20055_A|G,21618_C|T,21622_C|T,21624_G|C,21711_C|T,21941_G|T,21987_G|A,22032_T|C,22033_C|A,22034_A|G,22200_T|G,22208_C|T,22295_C|A,22353_C|A,22556_A|G,22577_G|C,22578_G|A,22629_A|C,22674_C|T,22679_T|C,22686_C|T,22688_A|G,22775_G|A,22786_A|C,22813_G|T,22882_T|G,22895_G|C,22896_T|A,22898_G|A,22910_A|G,22916_C|T,22917_T|G,22926_T|C,22942_T|A,22992_G|A,22995_C|A,23005_T|A,23012_G|A,23018_T|C,23019_T|C,23055_A|G,23063_A|T,23075_T|C,23222_G|A,23271_C|T,23403_A|G,23423_C|T,23523_A|T,23525_C|T,23599_T|G,23604_C|G,23854_C|A,23948_G|T,24378_C|T,24424_A|T,24469_T|A,24990_C|T,25000_C|T,25207_C|T,25584_C|T,26060_C|T,26270_C|T,26529_G|C,26577_C|G,26681_C|T,26709_G|A,26833_C|T,26858_C|T,27259_A|C,27382_G|C,27383_A|T,27384_T|C,27807_C|T,27915_G|T,28271_A|T,28297_T|C,28311_C|T,28846_C|T,28881_G|A,28882_G|A,28883_G|C,29510_A|C,21992_21994,22194_22196,23009_23011
OZ025422	XDP	241_C|T,670_T|G,774_C|T,897_C|A,2790_C|T,3037_C|T,3431_G|T,3565_T|C,4184_G|A,4321_C|T,6183_A|G,6877_G|T,7842_A|G,8293_C|T,8393_G|A,9344_C|T,9424_A|G,9534_C|T,10029_C|T,10198_C|T,10447_G|A,10449_C|A,11042_G|T,11727_G|A,12789_C|T,12815_C|T,12880_C|T,13339_T|C,14408_C|T,15714_C|T,15756_T|A,17410_C|T,18163_A|G,18453_T|C,18492_A|G,18894_C|T,19955_C|T,20055_A|G,21618_C|T,21622_C|T,21624_G|C,21711_C|T,21941_G|T,21987_G|A,22032_T|C,22033_C|A,22034_A|G,22200_T|G,22208_C|T,22295_C|A,22353_C|A,22556_A|G,22577_G|C,22578_G|A,22629_A|C,22674_C|T,22679_T|C,22686_C|T,22688_A|G,22775_G|A,22786_A|C,22813_G|T,22882_T|G,22895_G|C,22896_T|A,22898_G|A,22910_A|G,22916_C|T,22917_T|G,22926_T|C,22942_T|A,22992_G|A,22995_C|A,23005_T|A,23012_G|A,23018_T|C,23019_T|C,23055_A|G,23063_A|T,23075_T|C,23222_G|A,23271_C|T,23403_A|G,23423_C|T,23523_A|T,23525_C|T,23599_T|G,23604_C|G,23854_C|A,23948_G|T,24378_C|T,24424_A|T,24469_T|A,24990_C|T,25000_C|T,25207_C|T,25584_C|T,26060_C|T,26270_C|T,26529_G|C,26577_C|G,26681_C|T,26709_G|A,26833_C|T,26858_C|T,27259_A|C,27382_G|C,27383_A|T,27384_T|C,27807_C|T,27915_G|T,28271_A|T,28297_T|C,28311_C|T,28846_C|T,28881_G|A,28882_G|A,28883_G|C,29510_A|C,22194_22196
OZ025908	XDP	241_C|T,670_T|G,774_C|T,897_C|A,2790_C|T,3037_C|T,3431_G|T,4184_G|A,4321_C|T,6183_A|G,6877_G|T,7842_A|G,8293_C|T,8393_G|A,9344_C|T,9424_A|G,9534_C|T,10029_C|T,10198_C|T,10447_G|A,10449_C|A,11042_G|T,11727_G|A,12789_C|T,12815_C|T,12880_C|T,13339_T|C,14408_C|T,15714_C|T,15756_T|A,17410_C|T,18163_A|G,18453_T|C,18492_A|G,18894_C|T,19955_C|T,20055_A|G,21618_C|T,21622_C|T,21624_G|C,21711_C|T,21941_G|T,21987_G|A,22032_T|C,22033_C|A,22034_A|G,22200_T|G,22208_C|T,22295_C|A,22353_C|A,22556_A|G,22577_G|C,22578_G|A,22629_A|C,22674_C|T,22679_T|C,22686_C|T,22688_A|G,22775_G|A,22786_A|C,22813_G|T,22882_T|G,22895_G|C,22896_T|A,22898_G|A,22910_A|G,22916_C|T,22917_T|G,22926_T|C,22942_T|A,22992_G|A,22995_C|A,23005_T|A,23012_G|A,23018_T|C,23019_T|C,23055_A|G,23063_A|T,23075_T|C,23222_G|A,23271_C|T,23403_A|G,23423_C|T,23523_A|T,23525_C|T,23599_T|G,23604_C|G,23854_C|A,23948_G|T,24378_C|T,24424_A|T,24469_T|A,24990_C|T,25000_C|T,25207_C|T,25584_C|T,26060_C|T,26270_C|T,26529_G|C,26577_C|G,26681_C|T,26709_G|A,26833_C|T,26858_C|T,27259_A|C,27382_G|C,27383_A|T,27384_T|C,27807_C|T,27915_G|T,28271_A|T,28297_T|C,28311_C|T,28775_C|T,28846_C|T,28881_G|A,28882_G|A,28883_G|C,29510_A|C,21992_21994,22194_22196
OZ080081	XDP	241_C|T,670_T|G,774_C|T,897_C|A,2790_C|T,3037_C|T,3431_G|T,4184_G|A,4321_C|T,6183_A|G,7842_A|G,8293_C|T,8393_G|A,9344_C|T,9424_A|G,9534_C|T,10029_C|T,10198_C|T,10447_G|A,10449_C|A,11042_G|T,11727_G|A,12789_C|T,12815_C|T,12880_C|T,13339_T|C,14408_C|T,15714_C|T,15756_T|A,16733_C|T,16887_C|T,17410_C|T,18163_A|G,18453_T|C,18492_A|G,18894_C|T,19955_C|G,20055_A|G,21618_C|T,21622_C|T,21624_G|C,21711_C|T,21941_G|T,21987_G|A,22032_T|C,22033_C|A,22034_A|G,22200_T|G,22208_C|T,22295_C|A,22353_C|A,22556_A|G,22577_G|C,22578_G|A,22629_A|C,22674_C|T,22679_T|C,22686_C|T,22688_A|G,22775_G|A,22786_A|C,22813_G|T,22882_T|G,22895_G|C,22896_T|A,22898_G|A,22910_A|G,22916_C|T,22917_T|G,22926_T|C,22942_T|A,22992_G|A,22995_C|A,23005_T|A,23012_G|A,23018_T|C,23019_T|C,23055_A|G,23063_A|T,23075_T|C,23222_G|A,23271_C|T,23403_A|G,23423_C|T,23525_C|T,23599_T|G,23604_C|G,23854_C|A,23948_G|T,24378_C|T,24424_A|T,24469_T|A,24990_C|T,25000_C|T,25207_C|T,25584_C|T,25928_T|C,26060_C|T,26270_C|T,26529_G|C,26577_C|G,26681_C|T,26709_G|A,26833_C|T,26858_C|T,27259_A|C,27382_G|C,27383_A|T,27384_T|C,27807_C|T,27915_G|T,28271_A|T,28297_T|C,28311_C|T,28846_C|T,28881_G|A,28882_G|A,28883_G|C,29510_A|C,11288_11296,21992_21994,22194_22196,23009_23011,28362_28370,29734_29759
OZ080713	XDP	241_C|T,670_T|G,774_C|T,897_C|A,2790_C|T,3037_C|T,3431_G|T,3565_T|C,4184_G|A,4321_C|T,6183_A|G,6877_G|T,7842_A|G,8293_C|T,8393_G|A,9344_C|T,9424_A|G,9534_C|T,10029_C|T,10198_C|T,10447_G|A,10449_C|A,11042_G|T,11727_G|A,12789_C|T,12815_C|T,12880_C|T,13339_T|C,14408_C|T,15714_C|T,15756_T|A,17410_C|T,18163_A|G,18453_T|C,18492_A|G,18894_C|T,19955_C|T,20055_A|G,21618_C|T,21622_C|T,21624_G|C,21711_C|T,21941_G|T,21987_G|A,22032_T|C,22033_C|A,22034_A|G,22200_T|G,22208_C|T,22295_C|A,22353_C|A,22556_A|G,22577_G|C,22578_G|A,22629_A|C,22674_C|T,22679_T|C,22686_C|T,22688_A|G,22775_G|A,22786_A|C,22813_G|T,22882_T|G,22895_G|C,22896_T|A,22898_G|A,22910_A|G,22916_C|T,22917_T|G,22926_T|C,22942_T|A,22992_G|A,22995_C|A,23005_T|A,23012_G|A,23018_T|C,23019_T|C,23055_A|G,23063_A|T,23075_T|C,23222_G|A,23271_C|T,23403_A|G,23423_C|T,23523_A|T,23525_C|T,23599_T|G,23604_C|G,23766_C|T,23854_C|A,23948_G|T,24378_C|T,24424_A|T,24469_T|A,24990_C|T,25000_C|T,25207_C|T,25584_C|T,26060_C|T,26270_C|T,26529_G|C,26577_C|G,26681_C|T,26709_G|A,26833_C|T,26858_C|T,27259_A|C,27382_G|C,27383_A|T,27384_T|C,27807_C|T,27915_G|T,28271_A|T,28297_T|C,28311_C|T,28846_C|T,28881_G|A,28882_G|A,28883_G|C,29510_A|C,11288_11296,21992_21994,22194_22196,23009_23011,29734_29759
OZ082242	XDP	241_C|T,670_T|G,774_C|T,897_C|A,2790_C|T,3037_C|T,3431_G|T,3565_T|C,4184_G|A,4321_C|T,6183_A|G,6877_G|T,7842_A|G,8293_C|T,8393_G|A,9344_C|T,9424_A|G,9534_C|T,10029_C|T,10198_C|T,10300_G|T,10447_G|A,10449_C|A,11042_G|T,11727_G|A,12789_C|T,12815_C|T,12880_C|T,13339_T|C,14408_C|T,15714_C|T,15756_T|A,17410_C|T,18163_A|G,18453_T|C,18492_A|G,18894_C|T,19955_C|T,20055_A|G,21618_C|T,21622_C|T,21624_G|C,21711_C|T,21941_G|T,21987_G|A,22032_T|C,22033_C|A,22034_A|G,22200_T|G,22208_C|T,22295_C|A,22353_C|A,22556_A|G,22577_G|C,22578_G|A,22629_A|C,22674_C|T,22679_T|C,22686_C|T,22688_A|G,22775_G|A,22786_A|C,22813_G|T,22882_T|G,22895_G|C,22896_T|A,22898_G|A,22910_A|G,22916_C|T,22917_T|G,22926_T|C,22942_T|A,22992_G|A,22995_C|A,23005_T|A,23012_G|A,23018_T|C,23019_T|C,23055_A|G,23063_A|T,23075_T|C,23222_G|A,23271_C|T,23403_A|G,23423_C|T,23523_A|T,23525_C|T,23599_T|G,23604_C|G,23854_C|A,23948_G|T,24378_C|T,24424_A|T,24469_T|A,24990_C|T,25000_C|T,25207_C|T,25584_C|T,26060_C|T,26270_C|T,26529_G|C,26577_C|G,26681_C|T,26709_G|A,26833_C|T,26858_C|T,27259_A|C,27382_G|C,27383_A|T,27384_T|C,27807_C|T,27915_G|T,28271_A|T,28297_T|C,28311_C|T,28846_C|T,28881_G|A,28882_G|A,28883_G|C,29510_A|C,22194_22196
OZ083037	XDP	241_C|T,670_T|G,774_C|T,897_C|A,2790_C|T,3037_C|T,3431_G|T,4184_G|A,4321_C|T,6183_A|G,7842_A|G,8293_C|T,8393_G|A,9344_C|T,9424_A|G,9534_C|T,10029_C|T,10198_C|T,10447_G|A,10449_C|A,11042_G|T,11727_G|A,12789_C|T,12815_C|T,12880_C|T,13339_T|C,14408_C|T,15714_C|T,15756_T|A,16733_C|T,16887_C|T,17410_C|T,18163_A|G,18453_T|C,18492_A|G,18894_C|T,19955_C|G,20055_A|G,21618_C|T,21622_C|T,21624_G|C,21711_C|T,21941_G|T,21987_G|A,22032_T|C,22033_C|A,22034_A|G,22200_T|G,22208_C|T,22295_C|A,22353_C|A,22556_A|G,22577_G|C,22578_G|A,22629_A|C,22674_C|T,22679_T|C,22686_C|T,22688_A|G,22775_G|A,22786_A|C,22813_G|T,22882_T|G,22895_G|C,22896_T|A,22898_G|A,22910_A|G,22916_C|T,22917_T|G,22926_T|C,22942_T|A,22992_G|A,22995_C|A,23005_T|A,23012_G|A,23018_T|C,23019_T|C,23055_A|G,23063_A|T,23075_T|C,23222_G|A,23271_C|T,23403_A|G,23423_C|T,23525_C|T,23599_T|G,23604_C|G,23854_C|A,23948_G|T,24378_C|T,24424_A|T,24469_T|A,24990_C|T,25000_C|T,25207_C|T,25584_C|T,25928_T|C,26060_C|T,26270_C|T,26529_G|C,26577_C|G,26681_C|T,26709_G|A,26833_C|T,26858_C|T,27259_A|C,27382_G|C,27383_A|T,27384_T|C,27807_C|T,27915_G|T,28271_A|T,28297_T|C,28311_C|T,28846_C|T,28881_G|A,28882_G|A,28883_G|C,29510_A|C,21992_21994,22194_22196,23009_23011
OZ083064	XDP	241_C|T,670_T|G,774_C|T,897_C|A,1006_G|T,2647_A|G,2790_C|T,3037_C|T,3431_G|T,3565_T|C,4184_G|A,4321_C|T,6183_A|G,7842_A|G,8293_C|T,8393_G|A,9344_C|T,9424_A|G,9534_C|T,10029_C|T,10198_C|T,10447_G|A,10449_C|A,10615_C|T,11042_G|T,11152_C|T,11727_G|A,12789_C|T,12815_C|T,12880_C|T,13339_T|C,14408_C|T,15714_C|T,15756_T|A,16733_C|T,16887_C|T,17410_C|T,18163_A|G,18453_T|C,18492_A|G,18894_C|T,19955_C|G,20055_A|G,21618_C|T,21622_C|T,21624_G|C,21711_C|T,21941_G|T,21987_G|A,22032_T|C,22033_C|A,22034_A|G,22200_T|G,22208_C|T,22295_C|A,22353_C|A,22556_A|G,22577_G|C,22578_G|A,22629_A|C,22674_C|T,22679_T|C,22686_C|T,22688_A|G,22770_G|A,22775_G|A,22786_A|C,22813_G|T,22882_T|G,22895_G|C,22896_T|A,22898_G|A,22910_A|G,22916_C|T,22917_T|G,22926_T|C,22942_T|A,22992_G|A,22995_C|A,23005_T|A,23012_G|A,23018_T|C,23019_T|C,23055_A|G,23063_A|T,23075_T|C,23222_G|A,23271_C|T,23403_A|G,23423_C|T,23525_C|T,23599_T|G,23604_C|G,23854_C|A,23948_G|T,24378_C|T,24424_A|T,24469_T|A,24990_C|T,25000_C|T,25207_C|T,25584_C|T,25928_T|C,26060_C|T,26270_C|T,26529_G|C,26577_C|G,26610_A|G,26681_C|T,26709_G|A,26833_C|T,26858_C|T,27259_A|C,27382_G|C,27383_A|T,27384_T|C,27807_C|T,27915_G|T,28271_A|T,28297_T|C,28311_C|T,28846_C|T,28881_G|A,28882_G|A,28883_G|C,29510_A|C,11288_11296,21633_21641,21765_21770,21992_21994,22194_22196,23009_23011,28362_28370,29734_29759,21608_.|TCATGCCGCTGT
OZ084289	XDP	241_C|T,670_T|G,774_C|T,897_C|A,2790_C|T,3037_C|T,3431_G|T,4184_G|A,4321_C|T,6183_A|G,6877_G|T,7842_A|G,8293_C|T,8393_G|A,9344_C|T,9424_A|G,9534_C|T,10029_C|T,10198_C|T,10447_G|A,10449_C|A,11042_G|T,11727_G|A,12789_C|T,12815_C|T,12880_C|T,13339_T|C,14408_C|T,15714_C|T,15756_T|A,17410_C|T,18163_A|G,18453_T|C,18492_A|G,18894_C|T,19955_C|T,20055_A|G,21618_C|T,21622_C|T,21624_G|C,21711_C|T,21941_G|T,21987_G|A,22032_T|C,22033_C|A,22034_A|G,22200_T|G,22208_C|T,22295_C|A,22353_C|A,22556_A|G,22577_G|C,22578_G|A,22629_A|C,22674_C|T,22679_T|C,22686_C|T,22688_A|G,22775_G|A,22786_A|C,22813_G|T,22882_T|G,22895_G|C,22896_T|A,22898_G|A,22910_A|G,22916_C|T,22917_T|G,22926_T|C,22942_T|A,22992_G|A,22995_C|A,23005_T|A,23012_G|A,23018_T|C,23019_T|C,23055_A|G,23063_A|T,23075_T|C,23222_G|A,23271_C|T,23403_A|G,23423_C|T,23523_A|T,23525_C|T,23599_T|G,23604_C|G,23854_C|A,23948_G|T,24378_C|T,24424_A|T,24469_T|A,24990_C|T,25000_C|T,25207_C|T,25584_C|T,26060_C|T,26270_C|T,26529_G|C,26577_C|G,26681_C|T,26709_G|A,26833_C|T,26858_C|T,27259_A|C,27382_G|C,27383_A|T,27384_T|C,27807_C|T,27915_G|T,28271_A|T,28297_T|C,28311_C|T,28846_C|T,28881_G|A,28882_G|A,28883_G|C,29510_A|C,22194_22196
OZ085467	XDP	241_C|T,670_T|G,774_C|T,897_C|A,2790_C|T,3037_C|T,3431_G|T,3565_T|C,3583_C|T,3755_G|A,4184_G|A,4321_C|T,6183_A|G,7842_A|G,8293_C|T,8393_G|A,9344_C|T,9424_A|G,9534_C|T,10029_C|T,10198_C|T,10447_G|A,10449_C|A,11042_G|T,11727_G|A,12789_C|T,12815_C|T,12880_C|T,13339_T|C,14408_C|T,15714_C|T,15756_T|A,17410_C|T,18163_A|G,18453_T|C,18492_A|G,18894_C|T,19955_C|G,20055_A|G,21301_C|T,21711_C|T,21941_G|T,21987_G|A,22032_T|C,22033_C|A,22034_A|G,22200_T|G,22208_C|T,22295_C|A,22341_C|T,22353_C|A,22441_T|C,22556_A|G,22577_G|C,22578_G|A,22629_A|C,22674_C|T,22679_T|C,22686_C|T,22688_A|G,22775_G|A,22786_A|C,22813_G|T,22882_T|G,22895_G|C,22896_T|A,22898_G|A,22910_A|G,22916_C|T,22917_T|G,22926_T|C,22942_T|A,22992_G|A,22995_C|A,23005_T|A,23012_G|A,23018_T|C,23019_T|C,23055_A|G,23063_A|T,23075_T|C,23222_G|A,23271_C|T,23403_A|G,23423_C|T,23525_C|T,23599_T|G,23604_C|G,23854_C|A,23948_G|T,24378_C|T,24424_A|T,24469_T|A,24990_C|T,25000_C|T,25207_C|T,25584_C|T,25855_G|T,26060_C|T,26270_C|T,26529_G|C,26577_C|G,26681_C|T,26709_G|A,26833_C|T,26858_C|T,27259_A|C,27382_G|T,27383_A|T,27384_T|C,27807_C|T,27915_G|T,28271_A|T,28297_T|C,28311_C|T,28846_C|T,28881_G|A,28882_G|A,28883_G|C,29510_A|C,11288_11296,21992_21994,22194_22196,28362_28370,29734_29759
OZ085781	XDP	241_C|T,670_T|G,774_C|T,897_C|A,2790_C|T,3037_C|T,3431_G|T,3565_T|C,3583_C|T,3755_G|A,4184_G|A,4321_C|T,6183_A|G,7842_A|G,8293_C|T,8393_G|A,9344_C|T,9424_A|G,9534_C|T,10029_C|T,10198_C|T,10447_G|A,10449_C|A,11042_G|T,11727_G|A,12789_C|T,12815_C|T,12880_C|T,13339_T|C,14408_C|T,15714_C|T,15756_T|A,17410_C|T,18163_A|G,18453_T|C,18492_A|G,18894_C|T,19955_C|G,20055_A|G,21301_C|T,21711_C|T,21941_G|T,21987_G|A,22032_T|C,22033_C|A,22034_A|G,22200_T|G,22208_C|T,22295_C|A,22341_C|T,22353_C|A,22441_T|C,22556_A|G,22577_G|C,22578_G|A,22629_A|C,22674_C|T,22679_T|C,22686_C|T,22688_A|G,22775_G|A,22786_A|C,22813_G|T,22882_T|G,22895_G|C,22896_T|A,22898_G|A,22910_A|G,22916_C|T,22917_T|G,22926_T|C,22942_T|A,22992_G|A,22995_C|A,23005_T|A,23012_G|A,23018_T|C,23019_T|C,23055_A|G,23063_A|T,23075_T|C,23222_G|A,23271_C|T,23403_A|G,23423_C|T,23525_C|T,23599_T|G,23604_C|G,23854_C|A,23948_G|T,24378_C|T,24424_A|T,24469_T|A,24990_C|T,25000_C|T,25207_C|T,25584_C|T,25855_G|T,26060_C|T,26270_C|T,26529_G|C,26577_C|G,26681_C|T,26709_G|A,26833_C|T,26858_C|T,27259_A|C,27382_G|T,27383_A|T,27384_T|C,27807_C|T,27915_G|T,28271_A|T,28297_T|C,28311_C|T,28846_C|T,28881_G|A,28882_G|A,28883_G|C,29510_A|C,11288_11296,21992_21994,22194_22196,28362_28370,29734_29759
OZ086367	XDP	241_C|T,670_T|G,774_C|T,897_C|A,2790_C|T,3037_C|T,3431_G|T,3565_T|C,4184_G|A,4321_C|T,6183_A|G,6877_G|T,7842_A|G,8293_C|T,8393_G|A,9344_C|T,9424_A|G,9534_C|T,10029_C|T,10198_C|T,10447_G|A,10449_C|A,11042_G|T,11727_G|A,12789_C|T,12815_C|T,12880_C|T,13339_T|C,14408_C|T,15714_C|T,15756_T|A,17410_C|T,18163_A|G,18453_T|C,18492_A|G,18894_C|T,19955_C|T,20055_A|G,21618_C|T,21622_C|T,21624_G|C,21711_C|T,21941_G|T,21987_G|A,22032_T|C,22033_C|A,22034_A|G,22200_T|G,22208_C|T,22295_C|A,22353_C|A,22556_A|G,22577_G|C,22578_G|A,22629_A|C,22674_C|T,22679_T|C,22686_C|T,22688_A|G,22775_G|A,22786_A|C,22813_G|T,22882_T|G,22895_G|C,22896_T|A,22898_G|A,22910_A|G,22916_C|T,22917_T|G,22926_T|C,22942_T|A,22992_G|A,22995_C|A,23005_T|A,23012_G|A,23018_T|C,23019_T|C,23055_A|G,23063_A|T,23075_T|C,23222_G|A,23271_C|T,23403_A|G,23423_C|T,23523_A|T,23525_C|T,23599_T|G,23604_C|G,23854_C|A,23948_G|T,24378_C|T,24424_A|T,24469_T|A,24990_C|T,25000_C|T,25207_C|T,25584_C|T,26060_C|T,26270_C|T,26529_G|C,26577_C|G,26681_C|T,26709_G|A,26833_C|T,26858_C|T,27259_A|C,27382_G|C,27383_A|T,27384_T|C,27807_C|T,27915_G|T,28271_A|T,28297_T|C,28311_C|T,28846_C|T,28881_G|A,28882_G|A,28883_G|C,29510_A|C,22194_22196
OZ087025	XDP	241_C|T,670_T|G,774_C|T,897_C|A,2790_C|T,3037_C|T,3431_G|T,3565_T|C,4184_G|A,4321_C|T,6183_A|G,6877_G|T,7842_A|G,8293_C|T,8393_G|A,9344_C|T,9424_A|G,9534_C|T,10029_C|T,10198_C|T,10447_G|A,10449_C|A,11042_G|T,11727_G|A,12789_C|T,12815_C|T,12880_C|T,13339_T|C,14408_C|T,15714_C|T,15756_T|A,17410_C|T,18163_A|G,18453_T|C,18492_A|G,18894_C|T,19955_C|T,20055_A|G,21618_C|T,21622_C|T,21624_G|C,21711_C|T,21941_G|T,21987_G|A,22032_T|C,22033_C|A,22034_A|G,22200_T|G,22208_C|T,22295_C|A,22353_C|A,22556_A|G,22577_G|C,22578_G|A,22629_A|C,22674_C|T,22679_T|C,22686_C|T,22688_A|G,22775_G|A,22786_A|C,22813_G|T,22882_T|G,22895_G|C,22896_T|A,22898_G|A,22910_A|G,22916_C|T,22917_T|G,22926_T|C,22942_T|A,22992_G|A,22995_C|A,23005_T|A,23012_G|A,23018_T|C,23019_T|C,23055_A|G,23063_A|T,23075_T|C,23222_G|A,23271_C|T,23403_A|G,23423_C|T,23523_A|T,23525_C|T,23599_T|G,23604_C|G,23854_C|A,23948_G|T,24378_C|T,24424_A|T,24469_T|A,24990_C|T,25000_C|T,25207_C|T,25584_C|T,26060_C|T,26270_C|T,26529_G|C,26577_C|G,26610_A|G,26681_C|T,26709_G|A,26833_C|T,26858_C|T,27259_A|C,27382_G|C,27383_A|T,27384_T|C,27807_C|T,27915_G|T,28271_A|T,28297_T|C,28311_C|T,28846_C|T,28881_G|A,28882_G|A,28883_G|C,29510_A|C,11288_11296,21992_21994,22194_22196,29734_29759
OZ087487	XDP	241_C|T,670_T|G,774_C|T,897_C|A,2790_C|T,3037_C|T,3431_G|T,3565_T|C,4184_G|A,4321_C|T,6183_A|G,6877_G|T,7842_A|G,8293_C|T,8393_G|A,9344_C|T,9424_A|G,9534_C|T,10029_C|T,10198_C|T,10447_G|A,10449_C|A,11042_G|T,11727_G|A,12789_C|T,12815_C|T,12880_C|T,13339_T|C,14408_C|T,15714_C|T,15756_T|A,17410_C|T,18163_A|G,18453_T|C,18492_A|G,18894_C|T,19955_C|T,20055_A|G,21618_C|T,21622_C|T,21624_G|C,21711_C|T,21941_G|T,21987_G|A,22032_T|C,22033_C|A,22034_A|G,22200_T|G,22208_C|T,22295_C|A,22353_C|A,22556_A|G,22577_G|C,22578_G|A,22629_A|C,22674_C|T,22679_T|C,22686_C|T,22688_A|G,22775_G|A,22786_A|C,22813_G|T,22882_T|G,22895_G|C,22896_T|A,22898_G|A,22910_A|G,22916_C|T,22917_T|G,22926_T|C,22942_T|A,22992_G|A,22995_C|A,23005_T|A,23012_G|A,23018_T|C,23019_T|C,23055_A|G,23063_A|T,23075_T|C,23222_G|A,23271_C|T,23403_A|G,23423_C|T,23523_A|T,23525_C|T,23599_T|G,23604_C|G,23854_C|A,23948_G|T,24378_C|T,24424_A|T,24469_T|A,24990_C|T,25000_C|T,25207_C|T,25584_C|T,26060_C|T,26270_C|T,26529_G|C,26577_C|G,26681_C|T,26709_G|A,26833_C|T,26858_C|T,27259_A|C,27382_G|C,27383_A|T,27384_T|C,27807_C|T,27915_G|T,28271_A|T,28297_T|C,28311_C|T,28846_C|T,28881_G|A,28882_G|A,28883_G|C,29510_A|C,21992_21994,22194_22196,29734_29756
OZ088019	XDP	241_C|T,670_T|G,774_C|T,897_C|A,2790_C|T,3037_C|T,3431_G|T,4184_G|A,4321_C|T,6183_A|G,6877_G|T,7842_A|G,8293_C|T,8393_G|A,9344_C|T,9424_A|G,9534_C|T,10029_C|T,10198_C|T,10447_G|A,10449_C|A,11042_G|T,11727_G|A,12789_C|T,12815_C|T,12880_C|T,13339_T|C,14408_C|T,15714_C|T,15756_T|A,17410_C|T,18163_A|G,18453_T|C,18492_A|G,18894_C|T,19955_C|T,20055_A|G,21618_C|T,21622_C|T,21624_G|C,21711_C|T,21941_G|T,21987_G|A,22032_T|C,22033_C|A,22034_A|G,22200_T|G,22208_C|T,22295_C|A,22353_C|A,22556_A|G,22577_G|C,22578_G|A,22629_A|C,22674_C|T,22679_T|C,22686_C|T,22688_A|G,22775_G|A,22786_A|C,22813_G|T,22882_T|G,22895_G|C,22896_T|A,22898_G|A,22910_A|G,22916_C|T,22917_T|G,22926_T|C,22942_T|A,22992_G|A,22995_C|A,23005_T|A,23012_G|A,23018_T|C,23019_T|C,23055_A|G,23063_A|T,23075_T|C,23222_G|A,23271_C|T,23403_A|G,23423_C|T,23523_A|T,23525_C|T,23599_T|G,23604_C|G,23854_C|A,23948_G|T,24378_C|T,24424_A|T,24469_T|A,24990_C|T,25000_C|T,25207_C|T,25584_C|T,26060_C|T,26270_C|T,26529_G|C,26577_C|G,26681_C|T,26709_G|A,26833_C|T,26858_C|T,27259_A|C,27382_G|C,27383_A|T,27384_T|C,27807_C|T,27915_G|T,28271_A|T,28297_T|C,28311_C|T,28846_C|T,28881_G|A,28882_G|A,28883_G|C,29510_A|C,22194_22196
OZ088319	XDP	241_C|T,670_T|G,774_C|T,897_C|A,2790_C|T,3037_C|T,3431_G|T,4184_G|A,4321_C|T,6183_A|G,6877_G|T,7842_A|G,8293_C|T,8393_G|A,9344_C|T,9424_A|G,9534_C|T,10029_C|T,10198_C|T,10447_G|A,10449_C|A,11042_G|T,11727_G|A,12789_C|T,12815_C|T,12880_C|T,13339_T|C,14408_C|T,15714_C|T,15756_T|A,17410_C|T,18163_A|G,18453_T|C,18492_A|G,18894_C|T,19955_C|T,20055_A|G,21618_C|T,21622_C|T,21624_G|C,21711_C|T,21941_G|T,21987_G|A,22032_T|C,22033_C|A,22034_A|G,22200_T|G,22208_C|T,22295_C|A,22353_C|A,22556_A|G,22577_G|C,22578_G|A,22629_A|C,22674_C|T,22679_T|C,22686_C|T,22688_A|G,22775_G|A,22786_A|C,22813_G|T,22882_T|G,22895_G|C,22896_T|A,22898_G|A,22910_A|G,22916_C|T,22917_T|G,22926_T|C,22942_T|A,22992_G|A,22995_C|A,23005_T|A,23012_G|A,23018_T|C,23019_T|C,23055_A|G,23063_A|T,23075_T|C,23222_G|A,23271_C|T,23403_A|G,23423_C|T,23523_A|T,23525_C|T,23599_T|G,23604_C|G,23854_C|A,23948_G|T,24378_C|T,24424_A|T,24469_T|A,24990_C|T,25000_C|T,25207_C|T,25584_C|T,26060_C|T,26270_C|T,26529_G|C,26577_C|G,26681_C|T,26709_G|A,26833_C|T,26858_C|T,27259_A|C,27382_G|C,27383_A|T,27384_T|C,27807_C|T,27915_G|T,28271_A|T,28297_T|C,28311_C|T,28846_C|T,28881_G|A,28882_G|A,28883_G|C,29510_A|C,22194_22196
OZ088693	XDP	241_C|T,670_T|G,774_C|T,897_C|A,1006_G|T,2647_A|G,2790_C|T,3037_C|T,3431_G|T,3565_T|C,4184_G|A,4321_C|T,6183_A|G,7842_A|G,8293_C|T,8393_G|A,9344_C|T,9424_A|G,9534_C|T,10029_C|T,10198_C|T,10447_G|A,10449_C|A,10615_C|T,11042_G|T,11152_C|T,11727_G|A,12025_C|T,12756_C|T,12789_C|T,12815_C|T,12880_C|T,13339_T|C,14408_C|T,15714_C|T,15756_T|A,16733_C|T,16887_C|T,17410_C|T,18163_A|G,18453_T|C,18492_A|G,18894_C|T,19955_C|G,20055_A|G,21618_C|T,21622_C|T,21624_G|C,21711_C|T,21914_C|T,21941_G|T,21987_G|A,22032_T|C,22033_C|A,22034_A|G,22200_T|G,22208_C|T,22295_C|A,22353_C|A,22556_A|G,22577_G|C,22578_G|A,22629_A|C,22674_C|T,22679_T|C,22686_C|T,22688_A|G,22770_G|A,22775_G|A,22786_A|C,22813_G|T,22882_T|G,22895_G|C,22896_T|A,22898_G|A,22910_A|G,22916_C|T,22917_T|G,22926_T|C,22942_T|A,22992_G|A,22995_C|A,23005_T|A,23012_G|A,23018_T|C,23019_T|C,23055_A|G,23063_A|T,23075_T|C,23222_G|A,23271_C|T,23403_A|G,23423_C|T,23525_C|T,23599_T|G,23604_C|G,23854_C|A,23948_G|T,24378_C|T,24424_A|T,24469_T|A,24990_C|T,25000_C|T,25207_C|T,25584_C|T,25928_T|C,26060_C|T,26270_C|T,26529_G|C,26577_C|G,26681_C|T,26709_G|A,26833_C|T,26858_C|T,27259_A|C,27382_G|C,27383_A|T,27384_T|C,27807_C|T,27915_G|T,28271_A|T,28297_T|C,28311_C|T,28846_C|T,28881_G|A,28882_G|A,28883_G|C,29510_A|C,11288_11296,21633_21641,21765_21770,21992_21994,22194_22196,23009_23011,28362_28370,29734_29759,21608_.|TCATGCCGCTGT
OZ088859	XDP	241_C|T,670_T|G,774_C|T,897_C|A,1427_C|T,1867_T|C,2592_C|T,2790_C|T,3037_C|T,3431_G|T,3565_T|C,4184_G|A,4321_C|T,6183_A|G,7842_A|G,8293_C|T,8393_G|A,9344_C|T,9424_A|G,9534_C|T,10029_C|T,10198_C|T,10447_G|A,10449_C|A,11042_G|T,11727_G|A,12789_C|T,12815_C|T,12880_C|T,13339_T|C,14408_C|T,15714_C|T,15756_T|A,17410_C|T,18163_A|G,18453_T|C,18492_A|G,18894_C|T,19955_C|T,20055_A|G,21618_C|T,21622_C|T,21624_G|C,21711_C|T,21742_C|T,21941_G|T,21987_G|A,22032_T|C,22033_C|A,22034_A|G,22200_T|G,22208_C|T,22295_C|A,22353_C|A,22556_A|G,22577_G|C,22578_G|A,22629_A|C,22674_C|T,22679_T|C,22686_C|T,22688_A|G,22775_G|A,22786_A|C,22813_G|T,22882_T|G,22895_G|C,22896_T|A,22898_G|A,22910_A|G,22916_C|T,22917_T|G,22926_T|C,22942_T|A,22992_G|A,22995_C|A,23005_T|A,23012_G|A,23018_T|C,23019_T|C,23055_A|G,23063_A|T,23075_T|C,23222_G|A,23271_C|T,23403_A|G,23423_C|T,23525_C|T,23599_T|G,23604_C|G,23854_C|A,23948_G|T,24378_C|T,24424_A|T,24469_T|A,24990_C|T,25000_C|T,25207_C|T,25511_C|T,25584_C|T,26060_C|T,26270_C|T,26529_G|C,26577_C|G,26681_C|T,26709_G|A,26833_C|T,26858_C|T,27259_A|C,27382_G|C,27383_A|T,27384_T|C,27807_C|T,27915_G|T,28271_A|T,28297_T|C,28311_C|T,28846_C|T,28881_G|A,28882_G|A,28883_G|C,29510_A|C,29769_C|T,21992_21994,22194_22196
OZ090364	XDP	241_C|T,670_T|G,774_C|T,897_C|A,2790_C|T,3037_C|T,3431_G|T,3565_T|C,4184_G|A,4321_C|T,6183_A|G,6877_G|T,7842_A|G,8293_C|T,8393_G|A,9344_C|T,9424_A|G,9534_C|T,10029_C|T,10198_C|T,10447_G|A,10449_C|A,11042_G|T,11727_G|A,12789_C|T,12815_C|T,12880_C|T,13339_T|C,14408_C|T,15714_C|T,15756_T|A,17410_C|T,18163_A|G,18453_T|C,18492_A|G,18894_C|T,19955_C|T,20055_A|G,21618_C|T,21622_C|T,21624_G|C,21711_C|T,21941_G|T,21987_G|A,22032_T|C,22033_C|A,22034_A|G,22200_T|G,22208_C|T,22295_C|A,22353_C|A,22556_A|G,22577_G|C,22578_G|A,22629_A|C,22674_C|T,22679_T|C,22686_C|T,22688_A|G,22775_G|A,22786_A|C,22813_G|T,22882_T|G,22895_G|C,22896_T|A,22898_G|A,22910_A|G,22916_C|T,22917_T|G,22926_T|C,22942_T|A,22992_G|A,22995_C|A,23005_T|A,23012_G|A,23018_T|C,23019_T|C,23055_A|G,23063_A|T,23075_T|C,23222_G|A,23271_C|T,23403_A|G,23423_C|T,23523_A|T,23525_C|T,23599_T|G,23604_C|G,23854_C|A,23948_G|T,24378_C|T,24424_A|T,24469_T|A,24990_C|T,25000_C|T,25207_C|T,25584_C|T,26060_C|T,26270_C|T,26529_G|C,26577_C|G,26681_C|T,26709_G|A,26833_C|T,26858_C|T,27259_A|C,27382_G|C,27383_A|T,27384_T|C,27807_C|T,27915_G|T,28271_A|T,28297_T|C,28311_C|T,28846_C|T,28881_G|A,28882_G|A,28883_G|C,29510_A|C,11288_11296,21992_21994,22194_22196,28362_28370,29734_29759
USA/2024CV0737/2024	XDP	241_C|T,774_C|T,897_C|A,2790_C|T,3037_C|T,3431_G|T,3565_T|C,4184_G|A,4321_C|T,6183_A|G,7842_A|G,8293_C|T,8393_G|A,9344_C|T,9424_A|G,9534_C|T,10029_C|T,10198_C|T,10447_G|A,10449_C|A,11042_G|T,11727_G|A,12789_C|T,12815_C|T,12880_C|T,13339_T|C,14408_C|T,15714_C|T,15756_T|A,17410_C|T,18163_A|G,18453_T|C,18492_A|G,18894_C|T,19955_C|T,20055_A|G,21618_C|T,21622_C|T,21624_G|C,21711_C|T,21941_G|T,21987_G|A,22032_T|C,22033_C|A,22034_A|G,22200_T|G,22208_C|T,22295_C|A,22353_C|A,22556_A|G,22577_G|C,22578_G|A,22629_A|C,22674_C|T,22679_T|C,22686_C|T,22688_A|G,22770_G|A,22775_G|A,22786_A|C,22813_G|T,22882_T|G,22895_G|C,22896_T|A,22898_G|A,22910_A|G,22916_C|T,22917_T|G,22926_T|C,22942_T|A,22992_G|A,22995_C|A,23005_T|A,23012_G|A,23018_T|C,23019_T|C,23055_A|G,23063_A|T,23075_T|C,23222_G|A,23271_C|T,23403_A|G,23423_C|T,23525_C|T,23599_T|G,23604_C|G,23854_C|A,23948_G|T,24378_C|T,24424_A|T,24469_T|A,24990_C|T,25000_C|T,25207_C|T,25584_C|T,26060_C|T,26270_C|T,26529_G|C,26577_C|G,26610_A|G,26681_C|T,26709_G|A,26833_C|T,26858_C|T,27259_A|C,27382_G|C,27383_A|T,27384_T|C,27807_C|T,27915_G|T,28271_A|T,28297_T|C,28311_C|T,28846_C|T,28881_G|A,28882_G|A,28883_G|C,29510_A|C,29672_T|C,11288_11296,21633_21641,21765_21770,21992_21994,22194_22196,23009_23011,28362_28370,21608_.|TCATGCCGCTGT
USA/2024CV0738/2024	XDP	241_C|T,670_T|G,774_C|T,2790_C|T,3037_C|T,3431_G|T,3565_T|C,4184_G|A,4321_C|T,6183_A|G,7842_A|G,8293_C|T,8393_G|A,9344_C|T,9424_A|G,9534_C|T,10029_C|T,10198_C|T,10447_G|A,10449_C|A,11042_G|T,11727_G|A,12789_C|T,12815_C|T,12880_C|T,13339_T|C,14408_C|T,15714_C|T,15756_T|A,17410_C|T,18163_A|G,18453_T|C,18492_A|G,18894_C|T,19955_C|T,20055_A|G,21618_C|T,21622_C|T,21624_G|C,21711_C|T,21941_G|T,21987_G|A,22032_T|C,22033_C|A,22034_A|G,22200_T|G,22208_C|T,22295_C|A,22353_C|A,22556_A|G,22577_G|C,22578_G|A,22629_A|C,22674_C|T,22679_T|C,22686_C|T,22688_A|G,22770_G|A,22775_G|A,22786_A|C,22813_G|T,22882_T|G,22895_G|C,22896_T|A,22898_G|A,22910_A|G,22916_C|T,22917_T|G,22926_T|C,22942_T|A,22992_G|A,22995_C|A,23005_T|A,23012_G|A,23018_T|C,23019_T|C,23055_A|G,23063_A|T,23075_T|C,23222_G|A,23271_C|T,23403_A|G,23423_C|T,23525_C|T,23599_T|G,23604_C|G,23854_C|A,23948_G|T,24378_C|T,24424_A|T,24469_T|A,24990_C|T,25000_C|T,25207_C|T,25584_C|T,26060_C|T,26270_C|T,26529_G|C,26577_C|G,26610_A|G,26681_C|T,26709_G|A,26833_C|T,26858_C|T,27259_A|C,27382_G|C,27383_A|T,27384_T|C,27807_C|T,27915_G|T,28271_A|T,28297_T|C,28311_C|T,28846_C|T,28881_G|A,28882_G|A,28883_G|C,29510_A|C,29672_T|C,11288_11296,21633_21641,21765_21770,21992_21994,22194_22196,23009_23011,28362_28370,21608_.|TCATGCCGCTGT
USA/2387699/2024	XDP	241_C|T,670_T|G,897_C|A,1681_G|A,2790_C|T,3037_C|T,3431_G|T,3565_T|C,4184_G|A,4321_C|T,6183_A|G,7842_A|G,8293_C|T,8393_G|A,9344_C|T,9424_A|G,9534_C|T,10029_C|T,10198_C|T,10447_G|A,10449_C|A,11042_G|T,11727_G|A,12789_C|T,12815_C|T,12880_C|T,13339_T|C,14408_C|T,15714_C|T,15756_T|A,17410_C|T,18163_A|G,18453_T|C,18492_A|G,18894_C|T,19955_C|T,20055_A|G,21618_C|T,21622_C|T,21624_G|C,21711_C|T,21941_G|T,21987_G|A,22032_T|C,22033_C|A,22034_A|G,22200_T|G,22208_C|T,22295_C|A,22353_C|A,22556_A|G,22577_G|C,22578_G|A,22629_A|C,22674_C|T,22679_T|C,22686_C|T,22688_A|G,22770_G|A,22775_G|A,22786_A|C,22813_G|T,22882_T|G,22895_G|C,22896_T|A,22898_G|A,22910_A|G,22916_C|T,22917_T|G,22926_T|C,22942_T|A,22992_G|A,22995_C|A,23005_T|A,23012_G|A,23018_T|C,23019_T|C,23055_A|G,23063_A|T,23075_T|C,23222_G|A,23271_C|T,23403_A|G,23423_C|T,23525_C|T,23599_T|G,23604_C|G,23854_C|A,23948_G|T,24378_C|T,24424_A|T,24469_T|A,24990_C|T,25000_C|T,25207_C|T,25584_C|T,26060_C|T,26270_C|T,26529_G|C,26577_C|G,26610_A|G,26681_C|T,26709_G|A,26833_C|T,26858_C|T,27259_A|C,27382_G|C,27383_A|T,27384_T|C,27807_C|T,27915_G|T,28271_A|T,28287_G|T,28297_T|C,28311_C|T,28846_C|T,28881_G|A,28882_G|A,28883_G|C,29510_A|C,11288_11296,21633_21641,21765_21770,21992_21994,22194_22196,23009_23011,28362_28370,21608_.|TCATGCCGCTGT
USA/AZ-CDC-QDX92152855/2024	XDP	241_C|T,670_T|G,774_C|T,897_C|A,2790_C|T,3037_C|T,3431_G|T,3565_T|C,4184_G|A,4321_C|T,6183_A|G,7842_A|G,8293_C|T,8393_G|A,8640_C|T,9344_C|T,9424_A|G,9534_C|T,10029_C|T,10198_C|T,10447_G|A,10449_C|A,11042_G|T,11727_G|A,12789_C|T,12815_C|T,12880_C|T,13339_T|C,14408_C|T,15714_C|T,15756_T|A,17410_C|T,18163_A|G,18453_T|C,18492_A|G,18894_C|T,19955_C|T,20055_A|G,21618_C|T,21622_C|T,21624_G|C,21711_C|T,21941_G|T,21987_G|A,22032_T|C,22033_C|A,22034_A|G,22200_T|G,22208_C|T,22295_C|A,22353_C|A,22556_A|G,22577_G|C,22578_G|A,22629_A|C,22674_C|T,22679_T|C,22686_C|T,22688_A|G,22770_G|A,22775_G|A,22786_A|C,22813_G|T,22882_T|G,22895_G|C,22896_T|A,22898_G|A,22910_A|G,22916_C|T,22917_T|G,22926_T|C,22942_T|A,22992_G|A,22995_C|A,23005_T|A,23012_G|A,23018_T|C,23019_T|C,23055_A|G,23063_A|T,23075_T|C,23222_G|A,23271_C|T,23403_A|G,23423_C|T,23525_C|T,23599_T|G,23604_C|G,23854_C|A,23948_G|T,24378_C|T,24424_A|T,24469_T|A,24990_C|T,25000_C|T,25207_C|T,25584_C|T,26060_C|T,26270_C|T,26529_G|C,26577_C|G,26610_A|G,26681_C|T,26709_G|A,26833_C|T,26858_C|T,27092_C|T,27259_A|C,27382_G|C,27383_A|T,27384_T|C,27807_C|T,27915_G|T,28271_A|T,28297_T|C,28311_C|T,28846_C|T,28881_G|A,28882_G|A,28883_G|C,29510_A|C,11288_11296,21633_21641,21765_21770,21992_21994,22194_22196,23009_23011,28362_28370,29734_29759,21608_.|TCATGCCGCTGT
USA/CA-CDC-2-7705838/2024	XDP	21_C|T,44_C|T,241_C|T,670_T|G,774_C|T,897_C|A,2790_C|T,2875_G|T,3037_C|T,3431_G|T,3565_T|C,4184_G|A,4321_C|T,4582_C|T,6183_A|G,7842_A|G,8293_C|T,8393_G|A,9344_C|T,9424_A|G,9534_C|T,10029_C|T,10198_C|T,10447_G|A,10449_C|A,11042_G|T,11727_G|A,12789_C|T,12815_C|T,12880_C|T,13339_T|C,14408_C|T,14638_G|A,15714_C|T,15756_T|A,17410_C|T,18163_A|G,18453_T|C,18492_A|G,18894_C|T,19955_C|G,20055_A|G,21618_C|T,21622_C|T,21624_G|C,21711_C|T,21941_G|T,21987_G|A,22032_T|C,22033_C|A,22034_A|G,22200_T|G,22208_C|T,22295_C|A,22353_C|A,22556_A|G,22577_G|C,22578_G|A,22629_A|C,22674_C|T,22679_T|C,22686_C|T,22688_A|G,22770_G|A,22775_G|A,22786_A|C,22813_G|T,22882_T|G,22895_G|C,22896_T|A,22898_G|A,22910_A|G,22916_C|T,22917_T|G,22926_T|C,22942_T|A,22992_G|A,22995_C|A,23005_T|A,23012_G|A,23018_T|C,23019_T|C,23055_A|G,23063_A|T,23075_T|C,23222_G|A,23271_C|T,23403_A|G,23423_C|T,23525_C|T,23599_T|G,23604_C|G,23854_C|A,23948_G|T,24378_C|T,24424_A|T,24469_T|A,24990_C|T,25000_C|T,25207_C|T,25292_C|T,25336_A|C,25584_C|T,25928_T|C,26060_C|T,26270_C|T,26529_G|C,26577_C|G,26610_A|G,26681_C|T,26709_G|A,26833_C|T,26858_C|T,27259_A|C,27382_G|C,27383_A|T,27384_T|C,27807_C|T,27915_G|T,28271_A|T,28297_T|C,28311_C|T,28846_C|T,28881_G|A,28882_G|A,28883_G|C,29510_A|C,11288_11296,21633_21641,21765_21770,21992_21994,22194_22196,23009_23011,28362_28370,29734_29759,21608_.|TCATGCCGCTGT
USA/CA-CDC-2-7858266/2024	XDP	241_C|T,670_T|G,774_C|T,897_C|A,2790_C|T,3037_C|T,3431_G|T,3565_T|C,4184_G|A,4321_C|T,6183_A|G,7842_A|G,8293_C|T,8393_G|A,9344_C|T,9424_A|G,9534_C|T,10029_C|T,10198_C|T,10447_G|A,10449_C|A,11042_G|T,11727_G|A,12789_C|T,12815_C|T,12880_C|T,13288_A|G,13339_T|C,14408_C|T,15714_C|T,15756_T|A,16323_C|T,17410_C|T,18163_A|G,18453_T|C,18492_A|G,18894_C|T,19955_C|T,20055_A|G,21618_C|T,21622_C|T,21624_G|C,21711_C|T,21941_G|T,21987_G|A,22032_T|C,22033_C|A,22034_A|G,22200_T|G,22208_C|T,22295_C|A,22353_C|A,22556_A|G,22577_G|C,22578_G|A,22629_A|C,22674_C|T,22679_T|C,22686_C|T,22688_A|G,22770_G|A,22775_G|A,22786_A|C,22813_G|T,22882_T|G,22895_G|C,22896_T|A,22898_G|A,22910_A|G,22916_C|T,22917_T|G,22926_T|C,22942_T|A,22992_G|A,22995_C|A,23005_T|A,23012_G|A,23018_T|C,23019_T|C,23055_A|G,23063_A|T,23075_T|C,23222_G|A,23271_C|T,23403_A|G,23423_C|T,23525_C|T,23599_T|G,23604_C|G,23854_C|A,23948_G|T,24378_C|T,24424_A|T,24469_T|A,24904_C|T,24990_C|T,25000_C|T,25207_C|T,25584_C|T,26060_C|T,26270_C|T,26529_G|C,26577_C|G,26610_A|G,26681_C|T,26709_G|A,26833_C|T,26858_C|T,27092_C|T,27259_A|C,27382_G|C,27383_A|T,27384_T|C,27807_C|T,27915_G|T,28271_A|T,28297_T|C,28311_C|T,28846_C|T,28881_G|A,28882_G|A,28883_G|C,29510_A|C,11288_11296,21633_21641,21765_21770,21992_21994,22194_22196,23009_23011,28362_28370,29734_29759,21608_.|TCATGCCGCTGT
USA/CA-CDC-LC1095779/2024	XDP	241_C|T,670_T|G,774_C|T,897_C|A,2790_C|T,3037_C|T,3431_G|T,3565_T|C,4184_G|A,4321_C|T,6183_A|G,7842_A|G,8293_C|T,8393_G|A,9344_C|T,9424_A|G,9534_C|T,10029_C|T,10198_C|T,10447_G|A,10449_C|A,11042_G|T,11727_G|A,12789_C|T,12815_C|T,12880_C|T,13339_T|C,14408_C|T,15714_C|T,15756_T|A,17410_C|T,18163_A|G,18453_T|C,18492_A|G,18894_C|T,19955_C|G,20055_A|G,21618_C|T,21622_C|T,21624_G|C,21711_C|T,21777_G|T,21941_G|T,21987_G|A,22032_T|C,22033_C|A,22034_A|G,22200_T|G,22208_C|T,22295_C|A,22353_C|A,22556_A|G,22577_G|C,22578_G|A,22629_A|C,22674_C|T,22679_T|C,22686_C|T,22688_A|G,22770_G|A,22775_G|A,22786_A|C,22813_G|T,22882_T|G,22895_G|C,22896_T|A,22898_G|A,22910_A|G,22916_C|T,22917_T|G,22926_T|C,22942_T|A,22992_G|A,22995_C|A,23005_T|A,23012_G|A,23018_T|C,23019_T|C,23055_A|G,23063_A|T,23075_T|C,23222_G|A,23271_C|T,23403_A|G,23423_C|T,23525_C|T,23599_T|G,23604_C|G,23854_C|A,23948_G|T,24378_C|T,24424_A|T,24469_T|A,24990_C|T,25000_C|T,25207_C|T,25584_C|T,25928_T|C,26060_C|T,26270_C|T,26529_G|C,26577_C|G,26610_A|G,26681_C|T,26709_G|A,26833_C|T,26858_C|T,27259_A|C,27382_G|C,27383_A|T,27384_T|C,27807_C|T,27915_G|T,28271_A|T,28297_T|C,28311_C|T,28628_G|T,28846_C|T,28881_G|A,28882_G|A,28883_G|C,29510_A|C,11288_11296,21633_21641,21765_21770,21992_21994,22194_22196,23009_23011,28362_28370,29734_29759,21608_.|TCATGCCGCTGT
USA/CA-CDC-LC1095825/2024	XDP	44_C|T,241_C|T,670_T|G,774_C|T,897_C|A,2790_C|T,3037_C|T,3431_G|T,3565_T|C,4184_G|A,4321_C|T,6183_A|G,7842_A|G,8293_C|T,8393_G|A,9344_C|T,9424_A|G,9534_C|T,10029_C|T,10198_C|T,10447_G|A,10449_C|A,11042_G|T,11727_G|A,12789_C|T,12815_C|T,12880_C|T,13339_T|C,14408_C|T,15714_C|T,15756_T|A,17410_C|T,18163_A|G,18453_T|C,18492_A|G,18894_C|T,19955_C|T,20055_A|G,21618_C|T,21622_C|T,21624_G|C,21711_C|T,21941_G|T,21987_G|A,22032_T|C,22033_C|A,22034_A|G,22200_T|G,22208_C|T,22295_C|A,22353_C|A,22556_A|G,22577_G|C,22578_G|A,22629_A|C,22674_C|T,22679_T|C,22686_C|T,22688_A|G,22770_G|A,22775_G|A,22786_A|C,22813_G|T,22882_T|G,22895_G|C,22896_T|A,22898_G|A,22910_A|G,22916_C|T,22917_T|G,22926_T|C,22942_T|A,22992_G|A,22995_C|A,23005_T|A,23012_G|A,23018_T|C,23019_T|C,23055_A|G,23063_A|T,23075_T|C,23222_G|A,23271_C|T,23403_A|G,23423_C|T,23525_C|T,23599_T|G,23604_C|G,23854_C|A,23948_G|T,24378_C|T,24424_A|T,24469_T|A,24990_C|T,25000_C|T,25207_C|T,25584_C|T,26060_C|T,26270_C|T,26529_G|C,26577_C|G,26610_A|G,26681_C|T,26709_G|A,26833_C|T,26858_C|T,27259_A|C,27382_G|C,27383_A|T,27384_T|C,27807_C|T,27915_G|T,28271_A|T,28297_T|C,28311_C|T,28846_C|T,28881_G|A,28882_G|A,28883_G|C,29510_A|C,11288_11296,21633_21641,21765_21770,21992_21994,22194_22196,23009_23011,28362_28370,29734_29759,21608_.|TCATGCCGCTGT
USA/CA-CDC-LC1102450/2024	XDP	241_C|T,670_T|G,897_C|A,2790_C|T,3037_C|T,3431_G|T,3565_T|C,4184_G|A,4321_C|T,6183_A|G,7842_A|G,8293_C|T,8393_G|A,9344_C|T,9424_A|G,9534_C|T,10029_C|T,10198_C|T,10447_G|A,10449_C|A,11042_G|T,11727_G|A,12789_C|T,12815_C|T,12880_C|T,13339_T|C,14408_C|T,15714_C|T,15756_T|A,17410_C|T,18163_A|G,18453_T|C,18492_A|G,18894_C|T,19955_C|T,20055_A|G,21618_C|T,21622_C|T,21624_G|C,21711_C|T,21760_T|C,21941_G|T,21987_G|A,22032_T|C,22033_C|A,22034_A|G,22177_T|G,22200_T|G,22208_C|T,22295_C|A,22353_C|A,22556_A|G,22629_A|C,22674_C|T,22679_T|C,22686_C|T,22688_A|G,22770_G|A,22775_G|A,22786_A|C,22813_G|T,22882_T|G,22895_G|C,22896_T|A,22898_G|A,22910_A|G,22916_C|T,22917_T|G,22926_T|C,22942_T|A,22992_G|A,22995_C|A,23005_T|A,23012_G|A,23018_T|C,23019_T|C,23055_A|G,23063_A|T,23075_T|C,23222_G|A,23271_C|T,23403_A|G,23423_C|T,23525_C|T,23599_T|G,23604_C|G,23854_C|A,23948_G|T,24378_C|T,24424_A|T,24469_T|A,24990_C|T,25000_C|T,25207_C|T,25552_G|A,25584_C|T,26060_C|T,26270_C|T,26529_G|C,26577_C|G,26610_A|G,26681_C|T,26709_G|A,26833_C|T,26858_C|T,27259_A|C,27382_G|C,27383_A|T,27384_T|C,27807_C|T,27915_G|T,28271_A|T,28287_G|T,28297_T|C,28311_C|T,28846_C|T,28881_G|A,28882_G|A,28883_G|C,29510_A|C,11288_11296,21633_21641,21765_21770,21992_21994,22194_22196,23009_23011,28362_28370,29734_29759,21608_.|TCATGCCGCTGT
USA/CA-CDC-QDX90730336/2023	XDP	241_C|T,670_T|G,774_C|T,897_C|A,2790_C|T,3037_C|T,3431_G|T,3565_T|C,4184_G|A,4321_C|T,6183_A|G,7842_A|G,8293_C|T,8393_G|A,9344_C|T,9424_A|G,9534_C|T,10029_C|T,10198_C|T,10447_G|A,10449_C|A,11042_G|T,11727_G|A,12789_C|T,12815_C|T,12880_C|T,13339_T|C,14408_C|T,15714_C|T,15756_T|A,17410_C|T,18163_A|G,18453_T|C,18492_A|G,18894_C|T,19955_C|T,20055_A|G,21618_C|T,21622_C|T,21624_G|C,21711_C|T,21941_G|T,21987_G|A,22032_T|C,22033_C|A,22034_A|G,22200_T|G,22208_C|T,22295_C|A,22353_C|A,22556_A|G,22577_G|C,22578_G|A,22629_A|C,22674_C|T,22679_T|C,22686_C|T,22688_A|G,22770_G|A,22775_G|A,22786_A|C,22813_G|T,22882_T|G,22895_G|C,22896_T|A,22898_G|A,22910_A|G,22916_C|T,22917_T|G,22926_T|C,22942_T|A,22992_G|A,22995_C|A,23005_T|A,23012_G|A,23018_T|C,23019_T|C,23055_A|G,23063_A|T,23075_T|C,23222_G|A,23271_C|T,23403_A|G,23423_C|T,23525_C|T,23599_T|G,23604_C|G,23854_C|A,23948_G|T,24378_C|T,24424_A|T,24469_T|A,24990_C|T,25000_C|T,25207_C|T,25584_C|T,26060_C|T,26270_C|T,26529_G|C,26577_C|G,26610_A|G,26681_C|T,26709_G|A,26833_C|T,26858_C|T,27259_A|C,27382_G|C,27383_A|T,27384_T|C,27807_C|T,27915_G|T,28271_A|T,28297_T|C,28311_C|T,28846_C|T,28881_G|A,28882_G|A,28883_G|C,29510_A|C,11288_11296,21633_21641,21765_21770,21992_21994,22194_22196,23009_23011,28362_28370,29734_29759,21608_.|TCATGCCGCTGT
USA/CA-CDC-QDX90794379/2023	XDP	241_C|T,670_T|G,774_C|T,897_C|A,2790_C|T,3037_C|T,3431_G|T,3565_T|C,4184_G|A,4321_C|T,6183_A|G,7842_A|G,8293_C|T,8393_G|A,9344_C|T,9424_A|G,9534_C|T,10029_C|T,10198_C|T,10447_G|A,10449_C|A,11042_G|T,11727_G|A,12789_C|T,12815_C|T,12880_C|T,13339_T|C,14408_C|T,15714_C|T,15756_T|A,17410_C|T,18163_A|G,18453_T|C,18492_A|G,18894_C|T,19955_C|T,20055_A|G,21618_C|T,21622_C|T,21624_G|C,21711_C|T,21941_G|T,21987_G|A,22032_T|C,22033_C|A,22034_A|G,22104_G|T,22200_T|G,22208_C|T,22295_C|A,22353_C|A,22556_A|G,22577_G|C,22578_G|A,22629_A|C,22674_C|T,22679_T|C,22686_C|T,22688_A|G,22770_G|A,22775_G|A,22786_A|C,22813_G|T,22882_T|G,22895_G|C,22896_T|A,22898_G|A,22910_A|G,22916_C|T,22917_T|G,22926_T|C,22942_T|A,22992_G|A,22995_C|A,23005_T|A,23012_G|A,23018_T|C,23019_T|C,23055_A|G,23063_A|T,23075_T|C,23222_G|A,23271_C|T,23403_A|G,23423_C|T,23525_C|T,23599_T|G,23604_C|G,23854_C|A,23948_G|T,24378_C|T,24424_A|T,24469_T|A,24990_C|T,25000_C|T,25207_C|T,25584_C|T,26060_C|T,26270_C|T,26529_G|C,26577_C|G,26610_A|G,26681_C|T,26709_G|A,26833_C|T,26858_C|T,27259_A|C,27382_G|C,27383_A|T,27384_T|C,27807_C|T,27915_G|T,28271_A|T,28297_T|C,28311_C|T,28846_C|T,28881_G|A,28882_G|A,28883_G|C,29510_A|C,11288_11296,21633_21641,21765_21770,21992_21994,22194_22196,23009_23011,28362_28370,29734_29759,21608_.|TCATGCCGCTGT
USA/CA-CDC-QDX91017771/2024	XDP	241_C|T,670_T|G,774_C|T,897_C|A,2790_C|T,2893_A|T,3037_C|T,3431_G|T,3565_T|C,4184_G|A,4321_C|T,6183_A|G,7842_A|G,8293_C|T,8393_G|A,9344_C|T,9424_A|G,9534_C|T,10029_C|T,10198_C|T,10447_G|A,10449_C|A,11042_G|T,11727_G|A,12238_T|C,12789_C|T,12815_C|T,12880_C|T,13339_T|C,14408_C|T,15714_C|T,15756_T|A,17410_C|T,18163_A|G,18453_T|C,18492_A|G,18894_C|T,19955_C|T,20055_A|G,21618_C|T,21622_C|T,21624_G|C,21711_C|T,21941_G|T,21987_G|A,22032_T|C,22033_C|A,22034_A|G,22200_T|G,22208_C|T,22295_C|A,22353_C|A,22556_A|G,22577_G|C,22578_G|A,22629_A|C,22674_C|T,22679_T|C,22686_C|T,22688_A|G,22770_G|A,22775_G|A,22786_A|C,22813_G|T,22882_T|G,22895_G|C,22896_T|A,22898_G|A,22910_A|G,22916_C|T,22917_T|G,22926_T|C,22942_T|A,22992_G|A,22995_C|A,23005_T|A,23012_G|A,23018_T|C,23019_T|C,23055_A|G,23063_A|T,23075_T|C,23222_G|A,23271_C|T,23403_A|G,23423_C|T,23525_C|T,23599_T|G,23604_C|G,23854_C|A,23948_G|T,24378_C|T,24424_A|T,24469_T|A,24990_C|T,25000_C|T,25207_C|T,25584_C|T,26060_C|T,26270_C|T,26529_G|C,26577_C|G,26610_A|G,26681_C|T,26709_G|A,26833_C|T,26858_C|T,27259_A|C,27382_G|C,27383_A|T,27384_T|C,27807_C|T,27915_G|T,28271_A|T,28297_T|C,28311_C|T,28846_C|T,28881_G|A,28882_G|A,28883_G|C,29510_A|C,11288_11296,21633_21641,21765_21770,21992_21994,22194_22196,23009_23011,28362_28370,29734_29759,21608_.|TCATGCCGCTGT
USA/CA-CDC-QDX91594774/2024	XDP	241_C|T,670_T|G,774_C|T,897_C|A,2790_C|T,3037_C|T,3431_G|T,3565_T|C,4184_G|A,4321_C|T,6183_A|G,7842_A|G,8293_C|T,8393_G|A,9344_C|T,9424_A|G,9534_C|T,10029_C|T,10198_C|T,10447_G|A,10449_C|A,11042_G|T,11727_G|A,12789_C|T,12815_C|T,12880_C|T,13339_T|C,14408_C|T,15714_C|T,15756_T|A,17410_C|T,18163_A|G,18453_T|C,18492_A|G,18894_C|T,19108_A|T,19955_C|T,20055_A|G,21618_C|T,21622_C|T,21624_G|C,21711_C|T,21941_G|T,21987_G|A,22032_T|C,22033_C|A,22034_A|G,22200_T|G,22208_C|T,22295_C|A,22353_C|A,22556_A|G,22577_G|C,22578_G|A,22629_A|C,22674_C|T,22679_T|C,22686_C|T,22688_A|G,22770_G|A,22775_G|A,22786_A|C,22813_G|T,22882_T|G,22895_G|C,22896_T|A,22898_G|A,22910_A|G,22916_C|T,22917_T|G,22926_T|C,22942_T|A,22992_G|A,22995_C|A,23005_T|A,23012_G|A,23018_T|C,23019_T|C,23055_A|G,23063_A|T,23075_T|C,23222_G|A,23271_C|T,23403_A|G,23423_C|T,23525_C|T,23599_T|G,23604_C|G,23854_C|A,23948_G|T,24378_C|T,24424_A|T,24469_T|A,24990_C|T,25000_C|T,25207_C|T,25302_G|A,25578_C|T,25584_C|T,26060_C|T,26270_C|T,26529_G|C,26577_C|G,26610_A|G,26681_C|T,26709_G|A,26833_C|T,26858_C|T,27259_A|C,27382_G|C,27383_A|T,27384_T|C,27807_C|T,27915_G|T,28271_A|T,28297_T|C,28311_C|T,28846_C|T,28881_G|A,28882_G|A,28883_G|C,29510_A|C,11288_11296,21633_21641,21765_21770,21992_21994,22194_22196,23009_23011,28362_28370,29734_29759,21608_.|TCATGCCGCTGT
USA/CA-CDC-QDX92231640/2024	XDP	241_C|T,670_T|G,774_C|T,897_C|A,1427_C|T,2790_C|T,3037_C|T,3431_G|T,3565_T|C,4184_G|A,4321_C|T,6183_A|G,7842_A|G,8293_C|T,8393_G|A,9344_C|T,9424_A|G,9534_C|T,10029_C|T,10198_C|T,10447_G|A,10449_C|A,11042_G|T,11727_G|A,12789_C|T,12815_C|T,12880_C|T,13339_T|C,13665_C|A,14408_C|T,15714_C|T,15756_T|A,17410_C|T,18163_A|G,18453_T|C,18492_A|G,18894_C|T,19955_C|T,20055_A|G,21618_C|T,21622_C|T,21624_G|C,21711_C|T,21941_G|T,21987_G|A,22032_T|C,22033_C|A,22034_A|G,22200_T|G,22208_C|T,22295_C|A,22353_C|A,22556_A|G,22577_G|C,22578_G|A,22629_A|C,22674_C|T,22679_T|C,22686_C|T,22688_A|G,22770_G|A,22775_G|A,22786_A|C,22813_G|T,22882_T|G,22895_G|C,22896_T|A,22898_G|A,22910_A|G,22916_C|T,22917_T|G,22926_T|C,22942_T|A,22992_G|A,22995_C|A,23005_T|A,23012_G|A,23018_T|C,23019_T|C,23055_A|G,23063_A|T,23075_T|C,23222_G|A,23271_C|T,23403_A|G,23423_C|T,23525_C|T,23599_T|G,23604_C|G,23854_C|A,23948_G|T,24378_C|T,24424_A|T,24469_T|A,24990_C|T,25000_C|T,25207_C|T,25584_C|T,26060_C|T,26270_C|T,26529_G|C,26577_C|G,26610_A|G,26681_C|T,26709_G|A,26833_C|T,26858_C|T,27259_A|C,27382_G|C,27383_A|T,27384_T|C,27807_C|T,27915_G|T,28271_A|T,28297_T|C,28311_C|T,28846_C|T,28881_G|A,28882_G|A,28883_G|C,29510_A|C,11288_11296,21633_21641,21765_21770,21992_21994,22194_22196,23009_23011,28362_28370,29734_29759,21608_.|TCATGCCGCTGT
USA/CA-CDC-QDX92971474/2024	XDP	241_C|T,670_T|G,774_C|T,897_C|A,1427_C|T,2790_C|T,3037_C|T,3431_G|T,3565_T|C,4184_G|A,4321_C|T,6183_A|G,7842_A|G,8293_C|T,8393_G|A,9344_C|T,9424_A|G,9534_C|T,10029_C|T,10198_C|T,10447_G|A,10449_C|A,11042_G|T,11727_G|A,12789_C|T,12815_C|T,12880_C|T,13339_T|C,14408_C|T,15714_C|T,15756_T|A,17410_C|T,18163_A|G,18453_T|C,18492_A|G,18894_C|T,19955_C|T,20055_A|G,21618_C|T,21622_C|T,21624_G|C,21711_C|T,21941_G|T,21987_G|A,22032_T|C,22033_C|A,22034_A|G,22200_T|G,22208_C|T,22295_C|A,22353_C|A,22556_A|G,22577_G|C,22578_G|A,22629_A|C,22674_C|T,22679_T|C,22686_C|T,22688_A|G,22770_G|A,22775_G|A,22786_A|C,22813_G|T,22882_T|G,22895_G|C,22896_T|A,22898_G|A,22910_A|G,22916_C|T,22917_T|G,22926_T|C,22942_T|A,22992_G|A,22995_C|A,23005_T|A,23012_G|A,23018_T|C,23019_T|C,23055_A|G,23063_A|T,23075_T|C,23222_G|A,23271_C|T,23403_A|G,23423_C|T,23525_C|T,23599_T|G,23604_C|G,23689_T|C,23854_C|A,23948_G|T,24378_C|T,24424_A|T,24469_T|A,24990_C|T,25000_C|T,25207_C|T,25584_C|T,26060_C|T,26270_C|T,26529_G|C,26577_C|G,26610_A|G,26681_C|T,26709_G|A,26833_C|T,26858_C|T,27259_A|C,27382_G|C,27383_A|T,27384_T|C,27807_C|T,27915_G|T,28271_A|T,28297_T|C,28311_C|T,28846_C|T,28881_G|A,28882_G|A,28883_G|C,29510_A|C,29822_T|C,11288_11296,21633_21641,21765_21770,21992_21994,22194_22196,23009_23011,28362_28370,29734_29759,21608_.|TCATGCCGCTGT
USA/CA-CDPH-500128839/2023	XDP	241_C|T,670_T|G,774_C|T,897_C|A,2790_C|T,3037_C|T,3431_G|T,3565_T|C,4184_G|A,4321_C|T,6183_A|G,7842_A|G,8293_C|T,8393_G|A,9344_C|T,9424_A|G,9534_C|T,10029_C|T,10198_C|T,10447_G|A,10449_C|A,11042_G|T,11727_G|A,12789_C|T,12815_C|T,12880_C|T,13339_T|C,14408_C|T,15714_C|T,15756_T|A,17410_C|T,18163_A|G,18453_T|C,18492_A|G,18894_C|T,19955_C|T,20055_A|G,21618_C|T,21622_C|T,21624_G|C,21711_C|T,21941_G|T,21987_G|A,22032_T|C,22033_C|A,22034_A|G,22200_T|G,22208_C|T,22295_C|A,22353_C|A,22556_A|G,22577_G|C,22578_G|A,22629_A|C,22674_C|T,22679_T|C,22686_C|T,22688_A|G,22770_G|A,22775_G|A,22786_A|C,22882_T|G,22895_G|C,22896_T|A,22898_G|A,22910_A|G,22916_C|T,22917_T|G,22926_T|C,22942_T|A,22992_G|A,22995_C|A,23005_T|A,23012_G|A,23018_T|C,23019_T|C,23055_A|G,23063_A|T,23075_T|C,23222_G|A,23271_C|T,23403_A|G,23423_C|T,23525_C|T,23599_T|G,23604_C|G,23854_C|A,23948_G|T,24378_C|T,24424_A|T,24469_T|A,24990_C|T,25000_C|T,25207_C|T,25584_C|T,26060_C|T,26270_C|T,26529_G|C,26577_C|G,26610_A|G,26681_C|T,26709_G|A,26833_C|T,26858_C|T,27259_A|C,27382_G|C,27383_A|T,27384_T|C,27807_C|T,27915_G|T,28271_A|T,28297_T|C,28311_C|T,28846_C|T,28881_G|A,28882_G|A,28883_G|C,29510_A|C,11288_11296,21633_21641,21765_21770,21992_21994,22194_22196,23009_23011,28362_28370,29734_29759,21608_.|TCATGCCGCTGT
USA/CA-CDPH-500131421/2023	XDP	44_C|T,241_C|T,670_T|G,774_C|T,897_C|A,2790_C|T,3037_C|T,3431_G|T,3565_T|C,4184_G|A,4321_C|T,6183_A|G,7842_A|G,8293_C|T,8393_G|A,9344_C|T,9424_A|G,9534_C|T,10029_C|T,10198_C|T,10447_G|A,10449_C|A,11042_G|T,11727_G|A,12789_C|T,12815_C|T,12880_C|T,13339_T|C,14408_C|T,15714_C|T,15756_T|A,17410_C|T,18163_A|G,18453_T|C,18492_A|G,18894_C|T,19955_C|T,20055_A|G,21618_C|T,21622_C|T,21624_G|C,21711_C|T,21941_G|T,21987_G|A,22032_T|C,22033_C|A,22034_A|G,22200_T|G,22208_C|T,22295_C|A,22353_C|A,22556_A|G,22577_G|C,22578_G|A,22629_A|C,22674_C|T,22679_T|C,22686_C|T,22688_A|G,22770_G|A,22775_G|A,22786_A|C,22882_T|G,22895_G|C,22896_T|A,22898_G|A,22910_A|G,22916_C|T,22917_T|G,22926_T|C,22942_T|A,22992_G|A,22995_C|A,23005_T|A,23012_G|A,23018_T|C,23019_T|C,23055_A|G,23063_A|T,23075_T|C,23222_G|A,23271_C|T,23403_A|G,23423_C|T,23525_C|T,23599_T|G,23604_C|G,23854_C|A,23948_G|T,24378_C|T,24424_A|T,24469_T|A,24990_C|T,25000_C|T,25207_C|T,25302_G|A,25584_C|T,26060_C|T,26270_C|T,26529_G|C,26577_C|G,26610_A|G,26681_C|T,26709_G|A,26833_C|T,26858_C|T,27259_A|C,27382_G|C,27383_A|T,27384_T|C,27807_C|T,27915_G|T,28271_A|T,28297_T|C,28311_C|T,28846_C|T,28881_G|A,28882_G|A,28883_G|C,29510_A|C,11288_11296,21633_21641,21765_21770,21992_21994,22194_22196,23009_23011,28362_28370,29734_29759,21608_.|TCATGCCGCTGT
USA/CA-CDPH-500133158/2024	XDP	44_C|T,241_C|T,670_T|G,774_C|T,897_C|A,2790_C|T,3037_C|T,3431_G|T,3565_T|C,3896_G|A,4184_G|A,4321_C|T,6183_A|G,7842_A|G,8293_C|T,8393_G|A,9344_C|T,9424_A|G,9534_C|T,10029_C|T,10198_C|T,10447_G|A,10449_C|A,11042_G|T,11727_G|A,12789_C|T,12815_C|T,12880_C|T,13339_T|C,14408_C|T,15714_C|T,15756_T|A,17410_C|T,18163_A|G,18453_T|C,18492_A|G,18894_C|T,19955_C|T,20055_A|G,21618_C|T,21622_C|T,21624_G|C,21711_C|T,21987_G|A,22032_T|C,22033_C|A,22034_A|G,22200_T|G,22208_C|T,22295_C|A,22353_C|A,22556_A|G,22577_G|C,22578_G|A,22629_A|C,22674_C|T,22679_T|C,22686_C|T,22688_A|G,22770_G|A,22775_G|A,22786_A|C,22882_T|G,22895_G|C,22896_T|A,22898_G|A,22910_A|G,22916_C|T,22917_T|G,22926_T|C,22942_T|A,22992_G|A,22995_C|A,23005_T|A,23012_G|A,23018_T|C,23019_T|C,23055_A|G,23063_A|T,23075_T|C,23222_G|A,23271_C|T,23403_A|G,23423_C|T,23525_C|T,23599_T|G,23604_C|G,23854_C|A,23948_G|T,24378_C|T,24424_A|T,24469_T|A,24990_C|T,25000_C|T,25207_C|T,25584_C|T,26060_C|T,26270_C|T,26529_G|C,26577_C|G,26610_A|G,26681_C|T,26709_G|A,26833_C|T,26858_C|T,27259_A|C,27382_G|C,27383_A|T,27384_T|C,27807_C|T,27915_G|T,28271_A|T,28297_T|C,28311_C|T,28846_C|T,28881_G|A,28882_G|A,28883_G|C,29510_A|C,11288_11296,21633_21641,21765_21770,21992_21994,22194_22196,23009_23011,28362_28370,29734_29759,21608_.|TCATGCCGCTGT
USA/CA-CDPH-500133159/2024	XDP	21_C|T,44_C|T,241_C|T,670_T|G,774_C|T,897_C|A,2790_C|T,3037_C|T,3431_G|T,3565_T|C,3896_G|A,4184_G|A,4321_C|T,6183_A|G,7842_A|G,8293_C|T,8393_G|A,9344_C|T,9424_A|G,9534_C|T,10029_C|T,10198_C|T,10447_G|A,10449_C|A,11042_G|T,11727_G|A,12789_C|T,12815_C|T,12880_C|T,13339_T|C,14408_C|T,15714_C|T,15756_T|A,17410_C|T,18163_A|G,18453_T|C,18492_A|G,18894_C|T,19955_C|T,20055_A|G,21618_C|T,21622_C|T,21624_G|C,21711_C|T,21941_G|T,21987_G|A,22032_T|C,22033_C|A,22034_A|G,22200_T|G,22208_C|T,22295_C|A,22353_C|A,22556_A|G,22577_G|C,22578_G|A,22629_A|C,22674_C|T,22679_T|C,22686_C|T,22688_A|G,22770_G|A,22775_G|A,22786_A|C,22882_T|G,22895_G|C,22896_T|A,22898_G|A,22910_A|G,22916_C|T,22917_T|G,22926_T|C,22942_T|A,22992_G|A,22995_C|A,23005_T|A,23012_G|A,23018_T|C,23019_T|C,23055_A|G,23063_A|T,23075_T|C,23222_G|A,23271_C|T,23403_A|G,23423_C|T,23525_C|T,23599_T|G,23604_C|G,23854_C|A,23948_G|T,24378_C|T,24424_A|T,24469_T|A,24990_C|T,25000_C|T,25207_C|T,25584_C|T,26060_C|T,26270_C|T,26529_G|C,26577_C|G,26610_A|G,26681_C|T,26709_G|A,26833_C|T,26858_C|T,27259_A|C,27382_G|C,27383_A|T,27384_T|C,27807_C|T,27915_G|T,28271_A|T,28297_T|C,28311_C|T,28846_C|T,28881_G|A,28882_G|A,28883_G|C,29510_A|C,11288_11296,21633_21641,21765_21770,21992_21994,22194_22196,23009_23011,28362_28370,29734_29759,21608_.|TCATGCCGCTGT
USA/CA-CDPH-500134655/2024	XDP	241_C|T,670_T|G,774_C|T,897_C|A,2790_C|T,3037_C|T,3431_G|T,3565_T|C,3896_G|A,4184_G|A,4321_C|T,6183_A|G,7842_A|G,8293_C|T,8393_G|A,9344_C|T,9424_A|G,9534_C|T,10029_C|T,10198_C|T,10447_G|A,10449_C|A,11042_G|T,11727_G|A,12789_C|T,12815_C|T,12880_C|T,13339_T|C,14408_C|T,15714_C|T,15756_T|A,17410_C|T,18163_A|G,18453_T|C,18492_A|G,18894_C|T,19955_C|T,20055_A|G,21306_C|T,21618_C|T,21622_C|T,21624_G|C,21711_C|T,21941_G|T,21987_G|A,22032_T|C,22033_C|A,22034_A|G,22200_T|G,22208_C|T,22295_C|A,22353_C|A,22556_A|G,22577_G|C,22578_G|A,22629_A|C,22674_C|T,22679_T|C,22686_C|T,22688_A|G,22770_G|A,22775_G|A,22786_A|C,22882_T|G,22895_G|C,22896_T|A,22898_G|A,22910_A|G,22916_C|T,22917_T|G,22926_T|C,22942_T|A,22992_G|A,22995_C|A,23005_T|A,23012_G|A,23018_T|C,23019_T|C,23055_A|G,23063_A|T,23075_T|C,23222_G|A,23271_C|T,23403_A|G,23423_C|T,23525_C|T,23599_T|G,23604_C|G,23854_C|A,23948_G|T,24378_C|T,24424_A|T,24469_T|A,24990_C|T,25000_C|T,25207_C|T,25584_C|T,26060_C|T,26270_C|T,26529_G|C,26577_C|G,26610_A|G,26681_C|T,26709_G|A,26833_C|T,26858_C|T,27259_A|C,27382_G|C,27383_A|T,27384_T|C,27807_C|T,27915_G|T,28271_A|T,28297_T|C,28311_C|T,28846_C|T,28881_G|A,28882_G|A,28883_G|C,29510_A|C,11288_11296,21633_21641,21765_21770,21992_21994,22194_22196,23009_23011,28362_28370,29734_29759,21608_.|TCATGCCGCTGT
USA/CA-CDPH-500134800/2024	XDP	44_C|T,241_C|T,670_T|G,774_C|T,897_C|A,2790_C|T,3037_C|T,3431_G|T,3565_T|C,4184_G|A,4321_C|T,6183_A|G,7842_A|G,8293_C|T,8393_G|A,9344_C|T,9424_A|G,9534_C|T,10029_C|T,10198_C|T,10447_G|A,10449_C|A,11042_G|T,11727_G|A,12789_C|T,12815_C|T,12880_C|T,13339_T|C,14408_C|T,14638_G|A,15714_C|T,15756_T|A,16329_C|T,17410_C|T,18163_A|G,18453_T|C,18492_A|G,18894_C|T,19955_C|G,20055_A|G,21618_C|T,21622_C|T,21624_G|C,21711_C|T,21941_G|T,21987_G|A,22032_T|C,22033_C|A,22034_A|G,22200_T|G,22208_C|T,22295_C|A,22353_C|A,22556_A|G,22577_G|C,22578_G|A,22629_A|C,22674_C|T,22679_T|C,22686_C|T,22688_A|G,22770_G|A,22775_G|A,22786_A|C,22882_T|G,22895_G|C,22896_T|A,22898_G|A,22910_A|G,22916_C|T,22917_T|G,22926_T|C,22942_T|A,22992_G|A,22995_C|A,23005_T|A,23012_G|A,23018_T|C,23019_T|C,23055_A|G,23063_A|T,23075_T|C,23222_G|A,23271_C|T,23403_A|G,23423_C|T,23525_C|T,23599_T|G,23604_C|G,23854_C|A,23948_G|T,24378_C|T,24424_A|T,24469_T|A,24990_C|T,25000_C|T,25207_C|T,25336_A|C,25584_C|T,25928_T|C,26060_C|T,26270_C|T,26529_G|C,26577_C|G,26610_A|G,26681_C|T,26709_G|A,26833_C|T,26858_C|T,27259_A|C,27382_G|C,27383_A|T,27384_T|C,27807_C|T,27915_G|T,28271_A|T,28297_T|C,28311_C|T,28846_C|T,28881_G|A,28882_G|A,28883_G|C,29510_A|C,11288_11296,21633_21641,21765_21770,21992_21994,22194_22196,23009_23011,28362_28370,29734_29759,21608_.|TCATGCCGCTGT
USA/CA-CDPH-500134860/2024	XDP	44_C|T,241_C|T,670_T|G,774_C|T,897_C|A,1427_C|T,2790_C|T,3037_C|T,3431_G|T,3565_T|C,4184_G|A,4321_C|T,6183_A|G,7842_A|G,8293_C|T,8389_C|T,8393_G|A,9344_C|T,9424_A|G,9534_C|T,10029_C|T,10198_C|T,10447_G|A,10449_C|A,11042_G|T,11727_G|A,12789_C|T,12815_C|T,12880_C|T,13339_T|C,14408_C|T,15714_C|T,15756_T|A,17410_C|T,18163_A|G,18453_T|C,18492_A|G,18894_C|T,19955_C|T,19983_C|T,20055_A|G,21618_C|T,21622_C|T,21624_G|C,21711_C|T,21941_G|T,21987_G|A,22032_T|C,22033_C|A,22034_A|G,22200_T|G,22208_C|T,22295_C|A,22353_C|A,22556_A|G,22577_G|C,22578_G|A,22629_A|C,22674_C|T,22679_T|C,22686_C|T,22688_A|G,22770_G|A,22775_G|A,22786_A|C,22882_T|G,22895_G|C,22896_T|A,22898_G|A,22910_A|G,22916_C|T,22917_T|G,22926_T|C,22942_T|A,22992_G|A,22995_C|A,23005_T|A,23012_G|A,23018_T|C,23019_T|C,23055_A|G,23063_A|T,23075_T|C,23222_G|A,23271_C|T,23403_A|G,23423_C|T,23525_C|T,23599_T|G,23604_C|G,23854_C|A,23948_G|T,24378_C|T,24424_A|T,24469_T|A,24990_C|T,25000_C|T,25207_C|T,25584_C|T,26060_C|T,26270_C|T,26529_G|C,26577_C|G,26610_A|G,26681_C|T,26709_G|A,26833_C|T,26858_C|T,27259_A|C,27382_G|C,27383_A|T,27384_T|C,27807_C|T,27915_G|T,28271_A|T,28297_T|C,28311_C|T,28846_C|T,28881_G|A,28882_G|A,28883_G|C,29510_A|C,11288_11296,21633_21641,21765_21770,21992_21994,22194_22196,23009_23011,28362_28370,29734_29759,21608_.|TCATGCCGCTGT
USA/CA-CDPH-500134871/2024	XDP	44_C|T,241_C|T,670_T|G,774_C|T,897_C|A,2790_C|T,3037_C|T,3431_G|T,3565_T|C,3896_G|A,4184_G|A,4321_C|T,6183_A|G,7842_A|G,8293_C|T,8393_G|A,9344_C|T,9424_A|G,9534_C|T,10029_C|T,10198_C|T,10447_G|A,10449_C|A,11042_G|T,11727_G|A,12789_C|T,12815_C|T,12880_C|T,13339_T|C,14408_C|T,15714_C|T,15756_T|A,17410_C|T,18163_A|G,18453_T|C,18492_A|G,18894_C|T,19955_C|T,20055_A|G,21618_C|T,21622_C|T,21624_G|C,21711_C|T,21941_G|T,21987_G|A,22032_T|C,22033_C|A,22034_A|G,22200_T|G,22208_C|T,22295_C|A,22353_C|A,22556_A|G,22577_G|C,22578_G|A,22629_A|C,22674_C|T,22679_T|C,22686_C|T,22688_A|G,22770_G|A,22775_G|A,22786_A|T,22882_T|G,22895_G|C,22896_T|A,22898_G|A,22910_A|G,22916_C|T,22917_T|G,22926_T|C,22942_T|A,22992_G|A,22995_C|A,23005_T|A,23012_G|A,23018_T|C,23019_T|C,23055_A|G,23063_A|T,23075_T|C,23222_G|A,23271_C|T,23403_A|G,23423_C|T,23525_C|T,23599_T|G,23604_C|G,23854_C|A,23948_G|T,24210_C|T,24378_C|T,24424_A|T,24469_T|A,24990_C|T,25000_C|T,25207_C|T,25584_C|T,26060_C|T,26270_C|T,26529_G|C,26577_C|G,26610_A|G,26681_C|T,26709_G|A,26833_C|T,26858_C|T,27259_A|C,27382_G|C,27383_A|T,27384_T|C,27807_C|T,27915_G|T,28271_A|T,28297_T|C,28311_C|T,28846_C|T,28881_G|A,28882_G|A,28883_G|C,29510_A|C,11288_11296,21633_21641,21765_21770,21992_21994,22194_22196,23009_23011,28362_28370,29734_29759,21608_.|TCATGCCGCTGT
USA/CA-CDPH-500134879/2024	XDP	21_C|T,44_C|T,241_C|T,670_T|G,774_C|T,897_C|A,2790_C|T,3037_C|T,3431_G|T,3565_T|C,3896_G|A,4184_G|A,4321_C|T,5949_A|G,6183_A|G,7842_A|G,8293_C|T,8393_G|A,9344_C|T,9424_A|G,9534_C|T,10029_C|T,10198_C|T,10447_G|A,10449_C|A,11042_G|T,11727_G|A,12789_C|T,12815_C|T,12880_C|T,13339_T|C,13608_C|T,14408_C|T,15714_C|T,15756_T|A,17410_C|T,18163_A|G,18453_T|C,18492_A|G,18894_C|T,19955_C|T,20055_A|G,21618_C|T,21622_C|T,21624_G|C,21711_C|T,21941_G|T,21987_G|A,22032_T|C,22033_C|A,22034_A|G,22200_T|G,22208_C|T,22295_C|A,22353_C|A,22556_A|G,22577_G|C,22578_G|A,22629_A|C,22674_C|T,22679_T|C,22686_C|T,22688_A|G,22770_G|A,22775_G|A,22786_A|C,22882_T|G,22895_G|C,22896_T|A,22898_G|A,22910_A|G,22916_C|T,22917_T|G,22926_T|C,22942_T|A,22992_G|A,22995_C|A,23005_T|A,23012_G|A,23018_T|C,23019_T|C,23055_A|G,23063_A|T,23075_T|C,23222_G|A,23271_C|T,23403_A|G,23423_C|T,23525_C|T,23599_T|G,23604_C|G,23854_C|A,23948_G|T,24378_C|T,24424_A|T,24469_T|A,24990_C|T,25000_C|T,25207_C|T,25584_C|T,26060_C|T,26270_C|T,26529_G|C,26577_C|G,26610_A|G,26681_C|T,26709_G|A,26833_C|T,26858_C|T,27259_A|C,27382_G|C,27383_A|T,27384_T|C,27807_C|T,27915_G|T,28271_A|T,28297_T|C,28311_C|T,28846_C|T,28881_G|A,28882_G|A,28883_G|C,29510_A|C,11288_11296,21633_21641,21765_21770,21992_21994,22194_22196,23009_23011,28362_28370,29734_29759,21608_.|TCATGCCGCTGT
USA/CA-CDPH-500134883/2024	XDP	241_C|T,670_T|G,774_C|T,897_C|A,2462_C|T,2745_A|G,2790_C|T,3037_C|T,3431_G|T,3565_T|C,4184_G|A,4321_C|T,6183_A|G,7838_G|T,7842_A|G,8293_C|T,8393_G|A,9344_C|T,9424_A|G,9534_C|T,10029_C|T,10198_C|T,10447_G|A,10449_C|A,11042_G|T,11727_G|A,12789_C|T,12815_C|T,12880_C|T,12970_C|T,13339_T|C,14408_C|T,15714_C|T,15756_T|A,17410_C|T,18163_A|G,18453_T|C,18492_A|G,18894_C|T,19955_C|T,20055_A|G,21618_C|T,21622_C|T,21624_G|C,21711_C|T,21941_G|T,21987_G|A,22032_T|C,22033_C|A,22034_A|G,22200_T|G,22208_C|T,22295_C|A,22353_C|A,22556_A|G,22577_G|C,22578_G|A,22629_A|C,22674_C|T,22679_T|C,22686_C|T,22688_A|G,22770_G|A,22775_G|A,22786_A|C,22882_T|G,22895_G|C,22896_T|A,22898_G|A,22910_A|G,22916_C|T,22917_T|G,22926_T|C,22942_T|A,22992_G|A,22995_C|A,23005_T|A,23012_G|A,23018_T|C,23019_T|C,23055_A|G,23063_A|T,23075_T|C,23191_C|T,23222_G|A,23271_C|T,23403_A|G,23423_C|T,23525_C|T,23599_T|G,23604_C|G,23854_C|A,23948_G|T,24378_C|T,24424_A|T,24469_T|A,24990_C|T,25000_C|T,25207_C|T,25584_C|T,26060_C|T,26270_C|T,26529_G|C,26577_C|G,26610_A|G,26681_C|T,26709_G|A,26833_C|T,26858_C|T,27259_A|C,27382_G|C,27383_A|T,27384_T|C,27807_C|T,27884_C|T,27915_G|T,28271_A|T,28297_T|C,28311_C|T,28846_C|T,28881_G|A,28882_G|A,28883_G|C,29510_A|C,29762_C|T,11288_11296,21633_21641,21765_21770,21992_21994,22194_22196,23009_23011,28362_28370,29734_29759,21608_.|TCATGCCGCTGT
USA/CA-CDPH-500135099/2024	XDP	44_C|T,241_C|T,670_T|G,774_C|T,897_C|A,2790_C|T,3037_C|T,3431_G|T,3565_T|C,3896_G|A,4184_G|A,4321_C|T,6183_A|G,7842_A|G,8293_C|T,8393_G|A,9344_C|T,9424_A|G,9534_C|T,10029_C|T,10198_C|T,10447_G|A,10449_C|A,11042_G|T,11727_G|A,12789_C|T,12815_C|T,12880_C|T,13339_T|C,14408_C|T,15714_C|T,15756_T|A,17410_C|T,18163_A|G,18453_T|C,18492_A|G,18894_C|T,19955_C|T,20055_A|G,21618_C|T,21622_C|T,21624_G|C,21711_C|T,21941_G|T,21987_G|A,22032_T|C,22033_C|A,22034_A|G,22200_T|G,22208_C|T,22295_C|A,22353_C|A,22556_A|G,22577_G|C,22578_G|A,22629_A|C,22674_C|T,22679_T|C,22686_C|T,22688_A|G,22770_G|A,22775_G|A,22786_A|T,22882_T|G,22895_G|C,22896_T|A,22898_G|A,22910_A|G,22916_C|T,22917_T|G,22926_T|C,22942_T|A,22992_G|A,22995_C|A,23005_T|A,23012_G|A,23018_T|C,23019_T|C,23055_A|G,23063_A|T,23075_T|C,23222_G|A,23271_C|T,23403_A|G,23423_C|T,23525_C|T,23599_T|G,23604_C|G,23854_C|A,23948_G|T,24378_C|T,24424_A|T,24469_T|A,24990_C|T,25000_C|T,25207_C|T,25584_C|T,26060_C|T,26270_C|T,26529_G|C,26577_C|G,26610_A|G,26681_C|T,26709_G|A,26833_C|T,26858_C|T,27259_A|C,27382_G|C,27383_A|T,27384_T|C,27807_C|T,27915_G|T,28271_A|T,28297_T|C,28311_C|T,28846_C|T,28881_G|A,28882_G|A,28883_G|C,29510_A|C,11288_11296,21633_21641,21765_21770,21992_21994,22194_22196,23009_23011,28362_28370,29734_29759,21608_.|TCATGCCGCTGT
USA/CA-CDPH-500135322/2024	XDP	241_C|T,670_T|G,774_C|T,897_C|A,2790_C|T,3037_C|T,3431_G|T,3565_T|C,4184_G|A,4321_C|T,6183_A|G,7842_A|G,8293_C|T,8393_G|A,9344_C|T,9424_A|G,9534_C|T,10029_C|T,10198_C|T,10447_G|A,10449_C|A,11042_G|T,11727_G|A,12789_C|T,12815_C|T,12880_C|T,13339_T|C,14408_C|T,15714_C|T,15756_T|A,17410_C|T,18163_A|G,18453_T|C,18492_A|G,18894_C|T,19955_C|T,20055_A|G,21618_C|T,21622_C|T,21624_G|C,21709_T|C,21711_C|T,21941_G|T,21987_G|A,22032_T|C,22033_C|A,22034_A|G,22200_T|G,22208_C|T,22295_C|A,22353_C|A,22556_A|G,22577_G|C,22578_G|A,22629_A|C,22674_C|T,22679_T|C,22686_C|T,22688_A|G,22770_G|A,22775_G|A,22786_A|C,22882_T|G,22895_G|C,22896_T|A,22898_G|A,22910_A|G,22916_C|T,22917_T|G,22926_T|C,22942_T|A,22992_G|A,22995_C|A,23005_T|A,23012_G|A,23018_T|C,23019_T|C,23055_A|G,23063_A|T,23075_T|C,23222_G|A,23271_C|T,23403_A|G,23423_C|T,23525_C|T,23599_T|G,23604_C|G,23854_C|A,23948_G|T,24378_C|T,24424_A|T,24469_T|A,24990_C|T,25000_C|T,25207_C|T,25584_C|T,26060_C|T,26270_C|T,26529_G|C,26577_C|G,26610_A|G,26681_C|T,26709_G|A,26833_C|T,26858_C|T,27259_A|C,27382_G|C,27383_A|T,27384_T|C,27807_C|T,27915_G|T,28271_A|T,28297_T|C,28311_C|T,28846_C|T,28881_G|A,28882_G|A,28883_G|C,29510_A|C,11288_11296,21633_21641,21765_21770,21992_21994,22194_22196,23009_23011,28362_28370,29734_29759,21608_.|TCATGCCGCTGT
USA/CA-CDPH-500135424/2024	XDP	44_C|T,193_C|T,241_C|T,670_T|G,774_C|T,897_C|A,2790_C|T,3037_C|T,3431_G|T,3565_T|C,4184_G|A,4321_C|T,6183_A|G,7842_A|G,8293_C|T,8393_G|A,9344_C|T,9424_A|G,9534_C|T,10029_C|T,10198_C|T,10447_G|A,10449_C|A,11042_G|T,11727_G|A,12789_C|T,12815_C|T,12880_C|T,13339_T|C,14408_C|T,15714_C|T,15756_T|A,17410_C|T,18163_A|G,18453_T|C,18492_A|G,18894_C|T,19955_C|T,20055_A|G,21618_C|T,21622_C|T,21624_G|C,21711_C|T,21941_G|T,21987_G|A,22032_T|C,22033_C|A,22034_A|G,22200_T|G,22208_C|T,22295_C|A,22353_C|A,22556_A|G,22577_G|C,22578_G|A,22629_A|C,22674_C|T,22679_T|C,22686_C|T,22688_A|G,22770_G|A,22775_G|A,22786_A|C,22882_T|G,22895_G|C,22896_T|A,22898_G|A,22910_A|G,22916_C|T,22917_T|G,22926_T|C,22942_T|A,22992_G|A,22995_C|A,23005_T|A,23012_G|A,23018_T|C,23019_T|C,23055_A|G,23063_A|T,23075_T|C,23222_G|A,23271_C|T,23403_A|G,23423_C|T,23525_C|T,23599_T|G,23604_C|G,23854_C|A,23948_G|T,24378_C|T,24424_A|T,24469_T|A,24990_C|T,25000_C|T,25207_C|T,25584_C|T,26060_C|T,26270_C|T,26529_G|C,26577_C|G,26610_A|G,26681_C|T,26709_G|A,26833_C|T,26858_C|T,27259_A|C,27382_G|C,27383_A|T,27384_T|C,27807_C|T,27915_G|T,28271_A|T,28297_T|C,28311_C|T,28846_C|T,28881_G|A,28882_G|A,28883_G|C,29510_A|C,11288_11296,21633_21641,21765_21770,21992_21994,22194_22196,23009_23011,28362_28370,29734_29759,21608_.|TCATGCCGCTGT
USA/CA-CDPH-500135579/2024	XDP	21_C|T,44_C|T,241_C|T,670_T|G,774_C|T,897_C|A,2790_C|T,3037_C|T,3431_G|T,3565_T|C,4184_G|A,4321_C|T,6183_A|G,7842_A|G,8293_C|T,8393_G|A,9344_C|T,9424_A|G,9534_C|T,10029_C|T,10198_C|T,10447_G|A,10449_C|A,11042_G|T,11727_G|A,12789_C|T,12815_C|T,12880_C|T,13339_T|C,14408_C|T,15714_C|T,15756_T|A,17410_C|T,18163_A|G,18453_T|C,18492_A|G,18894_C|T,19955_C|T,20055_A|G,21618_C|T,21622_C|T,21624_G|C,21709_T|C,21711_C|T,21941_G|T,21987_G|A,22032_T|C,22033_C|A,22034_A|G,22200_T|G,22208_C|T,22295_C|A,22353_C|A,22556_A|G,22577_G|C,22578_G|A,22629_A|C,22674_C|T,22679_T|C,22686_C|T,22688_A|G,22770_G|A,22775_G|A,22786_A|C,22882_T|G,22895_G|C,22896_T|A,22898_G|A,22910_A|G,22916_C|T,22917_T|G,22926_T|C,22942_T|A,22992_G|A,22995_C|A,23005_T|A,23012_G|A,23018_T|C,23019_T|C,23055_A|G,23063_A|T,23075_T|C,23222_G|A,23271_C|T,23403_A|G,23423_C|T,23525_C|T,23599_T|G,23604_C|G,23854_C|A,23948_G|T,24378_C|T,24424_A|T,24469_T|A,24990_C|T,25000_C|T,25207_C|T,25584_C|T,26060_C|T,26270_C|T,26529_G|C,26577_C|G,26610_A|G,26681_C|T,26709_G|A,26833_C|T,26858_C|T,27259_A|C,27382_G|C,27383_A|T,27384_T|C,27807_C|T,27915_G|T,28271_A|T,28297_T|C,28311_C|T,28846_C|T,28881_G|A,28882_G|A,28883_G|C,29510_A|C,11288_11296,21633_21641,21765_21770,21992_21994,22194_22196,23009_23011,28362_28370,29734_29759,21608_.|TCATGCCGCTGT
USA/CA-CDPH-500135583/2024	XDP	21_C|T,44_C|T,241_C|T,670_T|G,774_C|T,897_C|A,2790_C|T,3037_C|T,3431_G|T,3565_T|C,4184_G|A,4321_C|T,6183_A|G,7842_A|G,8293_C|T,8393_G|A,9344_C|T,9424_A|G,9534_C|T,10029_C|T,10198_C|T,10447_G|A,10449_C|A,11042_G|T,11727_G|A,12789_C|T,12815_C|T,12880_C|T,13339_T|C,14408_C|T,15714_C|T,15756_T|A,17410_C|T,18163_A|G,18453_T|C,18492_A|G,18894_C|T,19955_C|T,20055_A|G,21618_C|T,21622_C|T,21624_G|C,21709_T|C,21711_C|T,21941_G|T,21987_G|A,22032_T|C,22033_C|A,22034_A|G,22200_T|G,22208_C|T,22295_C|A,22353_C|A,22556_A|G,22577_G|C,22578_G|A,22629_A|C,22674_C|T,22679_T|C,22686_C|T,22688_A|G,22770_G|A,22775_G|A,22786_A|C,22882_T|G,22895_G|C,22896_T|A,22898_G|A,22910_A|G,22916_C|T,22917_T|G,22926_T|C,22942_T|A,22992_G|A,22995_C|A,23005_T|A,23012_G|A,23018_T|C,23019_T|C,23055_A|G,23063_A|T,23075_T|C,23222_G|A,23271_C|T,23403_A|G,23423_C|T,23525_C|T,23599_T|G,23604_C|G,23854_C|A,23948_G|T,24378_C|T,24424_A|T,24469_T|A,24990_C|T,25000_C|T,25207_C|T,25584_C|T,26060_C|T,26270_C|T,26529_G|C,26577_C|G,26610_A|G,26681_C|T,26709_G|A,26833_C|T,26858_C|T,27259_A|C,27382_G|C,27383_A|T,27384_T|C,27807_C|T,27915_G|T,28271_A|T,28297_T|C,28311_C|T,28846_C|T,28881_G|A,28882_G|A,28883_G|C,29510_A|C,11288_11296,21633_21641,21765_21770,21992_21994,22194_22196,23009_23011,28362_28370,29734_29759,21608_.|TCATGCCGCTGT
USA/CA-CDPH-500135692/2024	XDP	241_C|T,670_T|G,774_C|T,897_C|A,2790_C|T,3037_C|T,3431_G|T,3565_T|C,3896_G|A,4184_G|A,4321_C|T,6183_A|G,7842_A|G,8293_C|T,8393_G|A,9344_C|T,9424_A|G,9534_C|T,10029_C|T,10198_C|T,10447_G|A,10449_C|A,11042_G|T,11727_G|A,12789_C|T,12815_C|T,12880_C|T,13339_T|C,14400_G|A,14408_C|T,15714_C|T,15756_T|A,17410_C|T,18163_A|G,18453_T|C,18492_A|G,18894_C|T,19263_C|T,19955_C|T,20055_A|G,21618_C|T,21622_C|T,21624_G|C,21711_C|T,21941_G|T,21987_G|A,22032_T|C,22033_C|A,22034_A|G,22200_T|G,22208_C|T,22295_C|A,22353_C|A,22556_A|G,22577_G|C,22578_G|A,22629_A|C,22674_C|T,22679_T|C,22686_C|T,22688_A|G,22770_G|A,22775_G|A,22786_A|C,22882_T|G,22895_G|C,22896_T|A,22898_G|A,22910_A|G,22916_C|T,22917_T|G,22926_T|C,22942_T|A,22992_G|A,22995_C|A,23005_T|A,23012_G|A,23018_T|C,23019_T|C,23055_A|G,23063_A|T,23075_T|C,23222_G|A,23271_C|T,23403_A|G,23423_C|T,23525_C|T,23599_T|G,23604_C|G,23854_C|A,23948_G|T,24378_C|T,24424_A|T,24469_T|A,24990_C|T,25000_C|T,25207_C|T,25584_C|T,26060_C|T,26270_C|T,26529_G|C,26577_C|G,26610_A|G,26681_C|T,26709_G|A,26833_C|T,26858_C|T,27259_A|C,27382_G|C,27383_A|T,27384_T|C,27807_C|T,27915_G|T,28271_A|T,28297_T|C,28311_C|T,28846_C|T,28881_G|A,28882_G|A,28883_G|C,29510_A|C,11288_11296,21633_21641,21765_21770,21992_21994,22194_22196,23009_23011,28362_28370,29734_29759,21608_.|TCATGCCGCTGT
USA/CA-CDPH-500135734/2024	XDP	44_C|T,241_C|T,670_T|G,774_C|T,897_C|A,2790_C|T,3037_C|T,3431_G|T,3565_T|C,4184_G|A,4321_C|T,6183_A|G,7842_A|G,8293_C|T,8393_G|A,9344_C|T,9424_A|G,9534_C|T,10029_C|T,10198_C|T,10447_G|A,10449_C|A,11042_G|T,11727_G|A,12789_C|T,12815_C|T,12880_C|T,13339_T|C,14408_C|T,15714_C|T,15756_T|A,17410_C|T,18163_A|G,18453_T|C,18492_A|G,18894_C|T,19955_C|G,20055_A|G,21618_C|T,21622_C|T,21624_G|C,21711_C|T,21941_G|T,21987_G|A,22032_T|C,22033_C|A,22034_A|G,22200_T|G,22208_C|T,22295_C|A,22353_C|A,22556_A|G,22577_G|C,22578_G|A,22629_A|C,22674_C|T,22679_T|C,22686_C|T,22688_A|G,22770_G|A,22775_G|A,22786_A|C,22882_T|G,22895_G|C,22896_T|A,22898_G|A,22910_A|G,22916_C|T,22917_T|G,22926_T|C,22942_T|A,22992_G|A,22995_C|A,23005_T|A,23012_G|A,23018_T|C,23019_T|C,23055_A|G,23063_A|T,23075_T|C,23222_G|A,23271_C|T,23403_A|G,23423_C|T,23525_C|T,23599_T|G,23604_C|G,23854_C|A,23948_G|T,24378_C|T,24424_A|T,24469_T|A,24990_C|T,25000_C|T,25207_C|T,25584_C|T,25696_G|C,26060_C|T,26270_C|T,26529_G|C,26577_C|G,26610_A|G,26681_C|T,26709_G|A,26833_C|T,26858_C|T,27259_A|C,27382_G|C,27383_A|T,27384_T|C,27807_C|T,27915_G|T,28271_A|T,28297_T|C,28311_C|T,28846_C|T,28881_G|A,28882_G|A,28883_G|C,29510_A|C,11288_11296,21633_21641,21765_21770,21992_21994,22194_22196,23009_23011,28362_28370,29734_29759,21608_.|TCATGCCGCTGT
USA/CA-CDPH-500136412/2024	XDP	21_C|T,44_C|T,222_C|T,241_C|T,670_T|G,774_C|T,897_C|A,2790_C|T,3037_C|T,3431_G|T,3565_T|C,3896_G|A,4184_G|A,4321_C|T,6183_A|G,7842_A|G,8293_C|T,8393_G|A,9344_C|T,9424_A|G,9534_C|T,10029_C|T,10198_C|T,10447_G|A,10449_C|A,11042_G|T,11299_G|T,11727_G|A,12789_C|T,12815_C|T,12880_C|T,13339_T|C,14400_G|A,14408_C|T,15714_C|T,15756_T|A,17410_C|T,18163_A|G,18453_T|C,18492_A|G,18894_C|T,19263_C|T,19955_C|T,20055_A|G,21618_C|T,21622_C|T,21624_G|C,21711_C|T,21941_G|T,21987_G|A,22032_T|C,22033_C|A,22034_A|G,22200_T|G,22208_C|T,22295_C|A,22353_C|A,22556_A|G,22577_G|C,22578_G|A,22629_A|C,22674_C|T,22679_T|C,22686_C|T,22688_A|G,22770_G|A,22775_G|A,22786_A|C,22882_T|G,22895_G|C,22896_T|A,22898_G|A,22910_A|G,22916_C|T,22917_T|G,22926_T|C,22942_T|A,22992_G|A,22995_C|A,23005_T|A,23012_G|A,23018_T|C,23019_T|C,23055_A|G,23063_A|T,23075_T|C,23222_G|A,23271_C|T,23403_A|G,23423_C|T,23525_C|T,23599_T|G,23604_C|G,23854_C|A,23948_G|T,24378_C|T,24424_A|T,24469_T|A,24990_C|T,25000_C|T,25207_C|T,25584_C|T,26060_C|T,26270_C|T,26497_T|G,26529_G|C,26577_C|G,26610_A|G,26681_C|T,26709_G|A,26833_C|T,26858_C|T,27259_A|C,27382_G|C,27383_A|T,27384_T|C,27807_C|T,27915_G|T,28271_A|T,28297_T|C,28311_C|T,28846_C|T,28881_G|A,28882_G|A,28883_G|C,29510_A|C,11288_11296,21633_21641,21765_21770,21992_21994,22194_22196,23009_23011,28362_28370,29734_29759,21608_.|TCATGCCGCTGT
USA/CA-CDPH-6000017864/2023	XDP	241_C|T,897_C|A,2790_C|T,3037_C|T,3431_G|T,3565_T|C,4184_G|A,4321_C|T,6183_A|G,7842_A|G,8293_C|T,8393_G|A,9344_C|T,9424_A|G,9517_A|G,9534_C|T,10029_C|T,10198_C|T,10447_G|A,10449_C|A,11042_G|T,11727_G|A,12789_C|T,12815_C|T,12880_C|T,13339_T|C,14408_C|T,15714_C|T,15756_T|A,17410_C|T,18163_A|G,18453_T|C,18492_A|G,18894_C|T,19955_C|T,20055_A|G,21618_C|T,21622_C|T,21624_G|C,21711_C|T,21941_G|T,21987_G|A,22032_T|C,22033_C|A,22034_A|G,22200_T|G,22208_C|T,22295_C|A,22353_C|A,22556_A|G,22577_G|C,22578_G|A,22629_A|C,22674_C|T,22679_T|C,22686_C|T,22688_A|G,22770_G|A,22775_G|A,22786_A|C,22813_G|T,22882_T|G,22895_G|C,22896_T|A,22898_G|A,22910_A|G,22916_C|T,22917_T|G,22926_T|C,22942_T|A,22992_G|A,22995_C|A,23005_T|A,23012_G|A,23018_T|C,23019_T|C,23055_A|G,23063_A|T,23075_T|C,23222_G|A,23271_C|T,23403_A|G,23423_C|T,23525_C|T,23599_T|G,23604_C|G,23854_C|A,23948_G|T,24378_C|T,24424_A|T,24469_T|A,24990_C|T,25000_C|T,25207_C|T,25584_C|T,26060_C|T,26270_C|T,26529_G|C,26577_C|G,26610_A|G,26681_C|T,26709_G|A,26833_C|T,26858_C|T,27259_A|C,27382_G|C,27383_A|T,27384_T|C,27807_C|T,27915_G|T,28271_A|T,28297_T|C,28311_C|T,28846_C|T,28881_G|A,28882_G|A,28883_G|C,29510_A|C,11288_11296,21633_21641,21765_21770,21992_21994,22194_22196,23009_23011,28362_28370,21608_.|TCATGCCGCTGT
USA/CA-CDPH-6000018349/2024	XDP	241_C|T,670_T|G,774_C|T,2790_C|T,3037_C|T,3431_G|T,3565_T|C,3896_G|A,4184_G|A,4321_C|T,6183_A|G,7842_A|G,8293_C|T,8393_G|A,9344_C|T,9424_A|G,9534_C|T,10029_C|T,10198_C|T,10447_G|A,10449_C|A,11042_G|T,11727_G|A,12789_C|T,12815_C|T,12880_C|T,13339_T|C,14408_C|T,15714_C|T,15756_T|A,17410_C|T,18163_A|G,18453_T|C,18492_A|G,18894_C|T,19955_C|T,20055_A|G,21618_C|T,21622_C|T,21624_G|C,21711_C|T,21941_G|T,21987_G|A,22032_T|C,22033_C|A,22034_A|G,22200_T|G,22208_C|T,22295_C|A,22353_C|A,22556_A|G,22577_G|C,22578_G|A,22629_A|C,22674_C|T,22679_T|C,22686_C|T,22688_A|G,22770_G|A,22775_G|A,22786_A|C,22813_G|T,22882_T|G,22895_G|C,22896_T|A,22898_G|A,22910_A|G,22916_C|T,22917_T|G,22926_T|C,22942_T|A,22992_G|A,22995_C|A,23005_T|A,23012_G|A,23018_T|C,23019_T|C,23055_A|G,23063_A|T,23075_T|C,23222_G|A,23271_C|T,23403_A|G,23423_C|T,23525_C|T,23599_T|G,23604_C|G,23854_C|A,23948_G|T,24378_C|T,24424_A|T,24469_T|A,24990_C|T,25000_C|T,25207_C|T,25584_C|T,26060_C|T,26270_C|T,26529_G|C,26577_C|G,26610_A|G,26681_C|T,26709_G|A,26833_C|T,26858_C|T,27259_A|C,27382_G|C,27383_A|T,27384_T|C,27807_C|T,27915_G|T,28271_A|T,28297_T|C,28311_C|T,28846_C|T,28881_G|A,28882_G|A,28883_G|C,29510_A|C,11288_11296,21633_21641,21765_21770,21992_21994,22194_22196,23009_23011,28362_28370,21608_.|TCATGCCGCTGT
USA/CA-CDPH-6000018561/2024	XDP	241_C|T,670_T|G,897_C|A,2790_C|T,3037_C|T,3431_G|T,3565_T|C,3896_G|A,4184_G|A,4321_C|T,6183_A|G,7842_A|G,8293_C|T,8393_G|A,9344_C|T,9424_A|G,9534_C|T,10029_C|T,10198_C|T,10447_G|A,10449_C|A,11042_G|T,11727_G|A,12789_C|T,12815_C|T,12880_C|T,13339_T|C,14408_C|T,15714_C|T,15756_T|A,17410_C|T,18163_A|G,18453_T|C,18492_A|G,18894_C|T,19955_C|T,20055_A|G,21618_C|T,21622_C|T,21624_G|C,21711_C|T,21941_G|T,21987_G|A,22032_T|C,22033_C|A,22034_A|G,22200_T|G,22208_C|T,22295_C|A,22353_C|A,22556_A|G,22577_G|C,22578_G|A,22629_A|C,22674_C|T,22679_T|C,22686_C|T,22688_A|G,22770_G|A,22775_G|A,22786_A|C,22813_G|T,22882_T|G,22895_G|C,22896_T|A,22898_G|A,22910_A|G,22916_C|T,22917_T|G,22926_T|C,22942_T|A,22992_G|A,22995_C|A,23005_T|A,23012_G|A,23018_T|C,23019_T|C,23055_A|G,23063_A|T,23075_T|C,23222_G|A,23271_C|T,23403_A|G,23423_C|T,23525_C|T,23599_T|G,23604_C|G,23854_C|A,23948_G|T,24378_C|T,24424_A|T,24469_T|A,24990_C|T,25000_C|T,25207_C|T,25584_C|T,26060_C|T,26270_C|T,26529_G|C,26577_C|G,26610_A|G,26681_C|T,26709_G|A,26833_C|T,26858_C|T,27259_A|C,27382_G|C,27383_A|T,27384_T|C,27807_C|T,27915_G|T,28271_A|T,28297_T|C,28311_C|T,28846_C|T,28881_G|A,28882_G|A,28883_G|C,29510_A|C,11288_11296,21633_21641,21765_21770,21992_21994,22194_22196,23009_23011,28362_28370,21608_.|TCATGCCGCTGT
USA/CA-CDPH-6000018930/2024	XDP	241_C|T,670_T|G,774_C|T,2790_C|T,3037_C|T,3431_G|T,3565_T|C,3896_G|A,4184_G|A,4321_C|T,5949_A|G,6183_A|G,7842_A|G,8293_C|T,8393_G|A,9344_C|T,9424_A|G,9534_C|T,10029_C|T,10198_C|T,10447_G|A,10449_C|A,11042_G|T,11727_G|A,12789_C|T,12815_C|T,12880_C|T,13339_T|C,13608_C|T,14408_C|T,15714_C|T,15756_T|A,17410_C|T,18163_A|G,18453_T|C,18492_A|G,18894_C|T,19955_C|T,20055_A|G,21618_C|T,21622_C|T,21624_G|C,21711_C|T,21941_G|T,21987_G|A,22032_T|C,22033_C|A,22034_A|G,22200_T|G,22208_C|T,22295_C|A,22353_C|A,22556_A|G,22577_G|C,22578_G|A,22629_A|C,22674_C|T,22679_T|C,22686_C|T,22688_A|G,22770_G|A,22775_G|A,22786_A|C,22813_G|T,22882_T|G,22895_G|C,22896_T|A,22898_G|A,22910_A|G,22916_C|T,22917_T|G,22926_T|C,22942_T|A,22992_G|A,22995_C|A,23005_T|A,23012_G|A,23018_T|C,23019_T|C,23055_A|G,23063_A|T,23075_T|C,23222_G|A,23271_C|T,23403_A|G,23423_C|T,23525_C|T,23599_T|G,23604_C|G,23854_C|A,23948_G|T,24378_C|T,24424_A|T,24469_T|A,24990_C|T,25000_C|T,25207_C|T,25584_C|T,26060_C|T,26270_C|T,26529_G|C,26577_C|G,26610_A|G,26681_C|T,26709_G|A,26833_C|T,26858_C|T,27259_A|C,27382_G|C,27383_A|T,27384_T|C,27807_C|T,27915_G|T,28271_A|T,28297_T|C,28311_C|T,28846_C|T,28881_G|A,28882_G|A,28883_G|C,29510_A|C,11288_11296,21633_21641,21765_21770,21992_21994,22194_22196,23009_23011,28362_28370,21608_.|TCATGCCGCTGT
USA/CA-CDPH-6000018956/2024	XDP	241_C|T,670_T|G,774_C|T,897_C|A,2790_C|T,3037_C|T,3431_G|T,3565_T|C,4184_G|A,4321_C|T,6183_A|G,7842_A|G,8293_C|T,8393_G|A,9344_C|T,9424_A|G,9534_C|T,10029_C|T,10198_C|T,10447_G|A,10449_C|A,11042_G|T,11727_G|A,12789_C|T,12815_C|T,12880_C|T,13339_T|C,14408_C|T,15714_C|T,15756_T|A,17410_C|T,18163_A|G,18453_T|C,18492_A|G,18894_C|T,19955_C|T,20055_A|G,21618_C|T,21622_C|T,21624_G|C,21709_T|C,21711_C|T,21941_G|T,21987_G|A,22032_T|C,22033_C|A,22034_A|G,22200_T|G,22208_C|T,22295_C|A,22353_C|A,22556_A|G,22577_G|C,22578_G|A,22629_A|C,22674_C|T,22679_T|C,22686_C|T,22688_A|G,22770_G|A,22775_G|A,22786_A|C,22813_G|T,22882_T|G,22895_G|C,22896_T|A,22898_G|A,22910_A|G,22916_C|T,22917_T|G,22926_T|C,22942_T|A,22992_G|A,22995_C|A,23005_T|A,23012_G|A,23018_T|C,23019_T|C,23055_A|G,23063_A|T,23075_T|C,23222_G|A,23271_C|T,23403_A|G,23423_C|T,23525_C|T,23599_T|G,23604_C|G,23854_C|A,23948_G|T,24378_C|T,24424_A|T,24469_T|A,24990_C|T,25000_C|T,25207_C|T,25584_C|T,26060_C|T,26270_C|T,26529_G|C,26577_C|G,26610_A|G,26681_C|T,26709_G|A,26833_C|T,26858_C|T,27259_A|C,27382_G|C,27383_A|T,27384_T|C,27807_C|T,27915_G|T,28271_A|T,28297_T|C,28311_C|T,28846_C|T,28881_G|A,28882_G|A,28883_G|C,29510_A|C,11288_11296,21633_21641,21765_21770,21992_21994,22194_22196,23009_23011,28362_28370,21608_.|TCATGCCGCTGT
USA/CA-CDPH-6000018974/2024	XDP	241_C|T,670_T|G,774_C|T,897_C|A,2790_C|T,3037_C|T,3431_G|T,3565_T|C,4184_G|A,4321_C|T,6183_A|G,6706_C|T,7842_A|G,8293_C|T,8393_G|A,9244_A|G,9344_C|T,9424_A|G,9534_C|T,10029_C|T,10198_C|T,10447_G|A,10449_C|A,11042_G|T,11727_G|A,12789_C|T,12815_C|T,12880_C|T,13339_T|C,14408_C|T,15714_C|T,15756_T|A,17410_C|T,18163_A|G,18453_T|C,18492_A|G,18894_C|T,19955_C|T,20055_A|G,21618_C|T,21622_C|T,21624_G|C,21711_C|T,21941_G|T,21987_G|A,22032_T|C,22033_C|A,22034_A|G,22200_T|G,22208_C|T,22295_C|A,22353_C|A,22556_A|G,22577_G|C,22578_G|A,22629_A|C,22674_C|T,22679_T|C,22686_C|T,22688_A|G,22770_G|A,22775_G|A,22786_A|C,22813_G|T,22882_T|G,22895_G|C,22896_T|A,22898_G|A,22910_A|G,22916_C|T,22917_T|G,22926_T|C,22942_T|A,22992_G|A,22995_C|A,23005_T|A,23012_G|A,23018_T|C,23019_T|C,23055_A|G,23063_A|T,23075_T|C,23222_G|A,23271_C|T,23403_A|G,23423_C|T,23525_C|T,23599_T|G,23604_C|G,23854_C|A,23948_G|T,24378_C|T,24424_A|T,24469_T|A,24990_C|T,25000_C|T,25207_C|T,25584_C|T,26060_C|T,26270_C|T,26529_G|C,26577_C|G,26610_A|G,26681_C|T,26709_G|A,26833_C|T,26858_C|T,27259_A|C,27382_G|C,27383_A|T,27384_T|C,27807_C|T,27915_G|T,28271_A|T,28297_T|C,28311_C|T,28846_C|T,28881_G|A,28882_G|A,28883_G|C,29510_A|C,11288_11296,21633_21641,21765_21770,21992_21994,22194_22196,23009_23011,28362_28370,21608_.|TCATGCCGCTGT
USA/CA-CDPH-6000018975/2024	XDP	241_C|T,670_T|G,897_C|A,1427_C|T,2790_C|T,3037_C|T,3431_G|T,3565_T|C,4184_G|A,4321_C|T,6183_A|G,7842_A|G,8293_C|T,8393_G|A,8860_C|T,9344_C|T,9424_A|G,9534_C|T,10029_C|T,10198_C|T,10447_G|A,10449_C|A,11042_G|T,11727_G|A,12789_C|T,12815_C|T,12880_C|T,13339_T|C,14408_C|T,15714_C|T,15756_T|A,17410_C|T,18163_A|G,18453_T|C,18492_A|G,18894_C|T,19955_C|T,20055_A|G,21618_C|T,21622_C|T,21624_G|C,21711_C|T,21941_G|T,21987_G|A,22032_T|C,22033_C|A,22034_A|G,22200_T|G,22208_C|T,22295_C|A,22353_C|A,22556_A|G,22577_G|C,22578_G|A,22629_A|C,22674_C|T,22679_T|C,22686_C|T,22688_A|G,22770_G|A,22775_G|A,22786_A|C,22813_G|T,22882_T|G,22895_G|C,22896_T|A,22898_G|A,22910_A|G,22916_C|T,22917_T|G,22926_T|C,22942_T|A,22992_G|A,22995_C|A,23005_T|A,23012_G|A,23018_T|C,23019_T|C,23055_A|G,23063_A|T,23075_T|C,23222_G|A,23271_C|T,23403_A|G,23423_C|T,23525_C|T,23599_T|G,23604_C|G,23854_C|A,23948_G|T,24378_C|T,24424_A|T,24469_T|A,24990_C|T,25000_C|T,25207_C|T,25244_G|C,25584_C|T,26060_C|T,26270_C|T,26529_G|C,26577_C|G,26610_A|G,26681_C|T,26709_G|A,26833_C|T,26858_C|T,27259_A|C,27382_G|C,27383_A|T,27384_T|C,27807_C|T,27915_G|T,28271_A|T,28297_T|C,28311_C|T,28846_C|T,28881_G|A,28882_G|A,28883_G|C,29510_A|C,11288_11296,21633_21641,21765_21770,21992_21994,22194_22196,23009_23011,28362_28370,21608_.|TCATGCCGCTGT
USA/CA-CDPH-6000019181/2024	XDP	241_C|T,670_T|G,774_C|T,897_C|A,2790_C|T,3037_C|T,3431_G|T,3565_T|C,4184_G|A,4321_C|T,6183_A|G,6894_G|T,7213_G|T,7842_A|G,8293_C|T,8393_G|A,9344_C|T,9424_A|G,9534_C|T,10029_C|T,10198_C|T,10447_G|A,10449_C|A,11042_G|T,11727_G|A,12789_C|T,12815_C|T,12880_C|T,13339_T|C,14408_C|T,15714_C|T,15756_T|A,17410_C|T,18163_A|G,18453_T|C,18492_A|G,18894_C|T,19955_C|T,20055_A|G,21618_C|T,21622_C|T,21624_G|C,21711_C|T,21941_G|T,21987_G|A,22032_T|C,22033_C|A,22034_A|G,22200_T|G,22208_C|T,22295_C|A,22353_C|A,22556_A|G,22577_G|C,22578_G|A,22629_A|C,22674_C|T,22679_T|C,22686_C|T,22688_A|G,22770_G|A,22775_G|A,22786_A|C,22813_G|T,22882_T|G,22895_G|C,22896_T|A,22898_G|A,22910_A|G,22916_C|T,22917_T|G,22926_T|C,22942_T|A,22992_G|A,22995_C|A,23005_T|A,23012_G|A,23018_T|C,23019_T|C,23055_A|G,23063_A|T,23075_T|C,23222_G|A,23271_C|T,23403_A|G,23423_C|T,23525_C|T,23599_T|G,23604_C|G,23854_C|A,23948_G|T,24378_C|T,24424_A|T,24469_T|A,24990_C|T,25000_C|T,25207_C|T,25584_C|T,26060_C|T,26270_C|T,26529_G|C,26577_C|G,26610_A|G,26681_C|T,26709_G|A,26833_C|T,26858_C|T,27259_A|C,27382_G|C,27383_A|T,27384_T|C,27807_C|T,27915_G|T,28271_A|T,28297_T|C,28311_C|T,28846_C|T,28881_G|A,28882_G|A,28883_G|C,29510_A|C,11288_11296,21633_21641,21765_21770,21992_21994,22194_22196,23009_23011,28362_28370,21608_.|TCATGCCGCTGT
USA/CA-CDPH-6000019217/2024	XDP	241_C|T,670_T|G,774_C|T,897_C|A,2462_C|T,2745_A|G,2790_C|T,3037_C|T,3431_G|T,3565_T|C,3773_C|T,4184_G|A,4321_C|T,6183_A|G,7842_A|G,8293_C|T,8393_G|A,9344_C|T,9424_A|G,9534_C|T,10029_C|T,10198_C|T,10447_G|A,10449_C|A,11042_G|T,11727_G|A,12789_C|T,12815_C|T,12880_C|T,12970_C|T,13339_T|C,14408_C|T,15714_C|T,15756_T|A,17410_C|T,18163_A|G,18453_T|C,18492_A|G,18894_C|T,19955_C|T,20055_A|G,21618_C|T,21622_C|T,21624_G|C,21711_C|T,21911_C|T,21941_G|T,21987_G|A,22032_T|C,22033_C|A,22034_A|G,22200_T|G,22208_C|T,22295_C|A,22353_C|A,22556_A|G,22577_G|C,22578_G|A,22629_A|C,22674_C|T,22679_T|C,22686_C|T,22688_A|G,22770_G|A,22775_G|A,22786_A|C,22813_G|T,22882_T|G,22895_G|C,22896_T|A,22898_G|A,22910_A|G,22916_C|T,22917_T|G,22926_T|C,22942_T|A,22992_G|A,22995_C|A,23005_T|A,23012_G|A,23018_T|C,23019_T|C,23055_A|G,23063_A|T,23075_T|C,23191_C|T,23222_G|A,23271_C|T,23403_A|G,23423_C|T,23525_C|T,23599_T|G,23604_C|G,23854_C|A,23948_G|T,24378_C|T,24424_A|T,24469_T|A,24990_C|T,25000_C|T,25207_C|T,25584_C|T,26060_C|T,26270_C|T,26529_G|C,26577_C|G,26610_A|G,26681_C|T,26709_G|A,26833_C|T,26858_C|T,27259_A|C,27382_G|C,27383_A|T,27384_T|C,27635_C|T,27807_C|T,27884_C|T,27915_G|T,28271_A|T,28297_T|C,28311_C|T,28846_C|T,28881_G|A,28882_G|A,28883_G|C,29510_A|C,11288_11296,21633_21641,21765_21770,21992_21994,22194_22196,23009_23011,28362_28370,21608_.|TCATGCCGCTGT
USA/CA-CDPH-6000019224/2024	XDP	241_C|T,670_T|G,774_C|T,897_C|A,2462_C|T,2745_A|G,2790_C|T,3037_C|T,3431_G|T,3565_T|C,3773_C|T,4184_G|A,4321_C|T,6183_A|G,7842_A|G,8293_C|T,8393_G|A,9344_C|T,9424_A|G,9534_C|T,10029_C|T,10198_C|T,10447_G|A,10449_C|A,11042_G|T,11727_G|A,12789_C|T,12815_C|T,12880_C|T,12970_C|T,13339_T|C,14408_C|T,15714_C|T,15756_T|A,17410_C|T,18163_A|G,18453_T|C,18492_A|G,18894_C|T,19955_C|T,20055_A|G,21618_C|T,21622_C|T,21624_G|C,21711_C|T,21941_G|T,21987_G|A,22032_T|C,22033_C|A,22034_A|G,22200_T|G,22208_C|T,22295_C|A,22353_C|A,22556_A|G,22577_G|C,22578_G|A,22629_A|C,22674_C|T,22679_T|C,22686_C|T,22688_A|G,22770_G|A,22775_G|A,22786_A|C,22813_G|T,22882_T|G,22895_G|C,22896_T|A,22898_G|A,22910_A|G,22916_C|T,22917_T|G,22926_T|C,22942_T|A,22992_G|A,22995_C|A,23005_T|A,23012_G|A,23018_T|C,23019_T|C,23055_A|G,23063_A|T,23075_T|C,23191_C|T,23222_G|A,23271_C|T,23403_A|G,23423_C|T,23525_C|T,23599_T|G,23604_C|G,23854_C|A,23948_G|T,24378_C|T,24424_A|T,24469_T|A,24990_C|T,25000_C|T,25207_C|T,25584_C|T,26060_C|T,26270_C|T,26529_G|C,26577_C|G,26610_A|G,26681_C|T,26709_G|A,26833_C|T,26858_C|T,27259_A|C,27382_G|C,27383_A|T,27384_T|C,27635_C|T,27807_C|T,27884_C|T,27915_G|T,28271_A|T,28297_T|C,28311_C|T,28846_C|T,28881_G|A,28882_G|A,28883_G|C,29510_A|C,11288_11296,21633_21641,21765_21770,21992_21994,22194_22196,23009_23011,28362_28370,21608_.|TCATGCCGCTGT
USA/CA-CDPH-6000019240/2024	XDP	241_C|T,670_T|G,897_C|A,2790_C|T,3037_C|T,3431_G|T,3565_T|C,3896_G|A,4184_G|A,4321_C|T,6183_A|G,7842_A|G,8293_C|T,8393_G|A,9344_C|T,9424_A|G,9534_C|T,10029_C|T,10198_C|T,10447_G|A,10449_C|A,11042_G|T,11653_C|T,11727_G|A,12789_C|T,12815_C|T,12880_C|T,13339_T|C,14408_C|T,15188_G|A,15714_C|T,15756_T|A,17410_C|T,18163_A|G,18453_T|C,18492_A|G,18894_C|T,19955_C|T,20055_A|G,20823_C|T,21618_C|T,21622_C|T,21624_G|C,21711_C|T,21941_G|T,21987_G|A,22032_T|C,22033_C|A,22034_A|G,22200_T|G,22208_C|T,22295_C|A,22353_C|A,22556_A|G,22577_G|C,22578_G|A,22629_A|C,22674_C|T,22679_T|C,22686_C|T,22688_A|G,22770_G|A,22775_G|A,22786_A|C,22813_G|T,22882_T|G,22895_G|C,22896_T|A,22898_G|A,22910_A|G,22916_C|T,22917_T|G,22926_T|C,22942_T|A,22992_G|A,22995_C|A,23004_A|G,23005_T|A,23012_G|A,23018_T|C,23019_T|C,23055_A|G,23063_A|T,23075_T|C,23222_G|A,23271_C|T,23403_A|G,23423_C|T,23525_C|T,23599_T|G,23604_C|G,23854_C|A,23948_G|T,24378_C|T,24424_A|T,24469_T|A,24990_C|T,25000_C|T,25207_C|T,25584_C|T,26060_C|T,26270_C|T,26529_G|C,26577_C|G,26610_A|G,26681_C|T,26709_G|A,26833_C|T,26858_C|T,27259_A|C,27382_G|C,27383_A|T,27384_T|C,27625_C|T,27807_C|T,27915_G|T,28271_A|T,28297_T|C,28311_C|T,28846_C|T,28881_G|A,28882_G|A,28883_G|C,29510_A|C,11288_11296,21633_21641,21765_21770,21992_21994,22194_22196,23009_23011,28362_28370,21608_.|TCATGCCGCTGT
USA/CA-CDPH-6000019335/2024	XDP	241_C|T,670_T|G,774_C|T,1427_C|T,2790_C|T,3037_C|T,3431_G|T,3565_T|C,4184_G|A,4321_C|T,6183_A|G,7842_A|G,8293_C|T,8393_G|A,9344_C|T,9424_A|G,9534_C|T,10029_C|T,10198_C|T,10447_G|A,10449_C|A,11042_G|T,11727_G|A,12789_C|T,12815_C|T,12880_C|T,13339_T|C,14408_C|T,15714_C|T,15756_T|A,17410_C|T,18163_A|G,18453_T|C,18492_A|G,18894_C|T,19955_C|T,20055_A|G,21618_C|T,21622_C|T,21624_G|C,21711_C|T,21941_G|T,21987_G|A,22032_T|C,22033_C|A,22034_A|G,22200_T|G,22208_C|T,22295_C|A,22353_C|A,22556_A|G,22577_G|C,22578_G|A,22629_A|C,22674_C|T,22679_T|C,22686_C|T,22688_A|G,22770_G|A,22775_G|A,22786_A|C,22813_G|T,22882_T|G,22895_G|C,22896_T|A,22898_G|A,22910_A|G,22916_C|T,22917_T|G,22926_T|C,22942_T|A,22992_G|A,22995_C|A,23005_T|A,23012_G|A,23018_T|C,23019_T|C,23055_A|G,23063_A|T,23075_T|C,23222_G|A,23271_C|T,23403_A|G,23423_C|T,23525_C|T,23599_T|G,23604_C|G,23854_C|A,23948_G|T,24378_C|T,24424_A|T,24469_T|A,24990_C|T,25000_C|T,25207_C|T,25584_C|T,26060_C|T,26270_C|T,26529_G|C,26577_C|G,26610_A|G,26681_C|T,26709_G|A,26833_C|T,26858_C|T,27259_A|C,27382_G|C,27383_A|T,27384_T|C,27807_C|T,27915_G|T,28271_A|T,28297_T|C,28311_C|T,28846_C|T,28881_G|A,28882_G|A,28883_G|C,29510_A|C,11288_11296,21633_21641,21765_21770,21992_21994,22194_22196,23009_23011,28362_28370,21608_.|TCATGCCGCTGT
USA/CA-CDPH-6000019448/2024	XDP	241_C|T,670_T|G,2371_C|A,2790_C|T,3037_C|T,3431_G|T,3565_T|C,4184_G|A,4321_C|T,6183_A|G,7842_A|G,8293_C|T,8393_G|A,8857_T|A,9344_C|T,9424_A|G,9534_C|T,10029_C|T,10198_C|T,10447_G|A,10449_C|A,11042_G|T,11727_G|A,12789_C|T,12815_C|T,12880_C|T,13339_T|C,14408_C|T,15714_C|T,15756_T|A,17410_C|T,17664_T|C,18163_A|G,18453_T|C,18492_A|G,18894_C|T,19955_C|T,20055_A|G,21618_C|T,21622_C|T,21624_G|C,21711_C|T,21941_G|T,21987_G|A,22032_T|C,22033_C|A,22034_A|G,22200_T|G,22208_C|T,22295_C|A,22353_C|A,22556_A|G,22577_G|C,22578_G|A,22629_A|C,22674_C|T,22679_T|C,22686_C|T,22688_A|G,22770_G|A,22775_G|A,22786_A|C,22813_G|T,22882_T|G,22895_G|C,22896_T|A,22898_G|A,22910_A|G,22916_C|T,22917_T|G,22926_T|C,22942_T|A,22992_G|A,22995_C|A,23005_T|A,23012_G|A,23018_T|C,23019_T|C,23055_A|G,23063_A|T,23075_T|C,23222_G|A,23271_C|T,23403_A|G,23423_C|T,23525_C|T,23599_T|G,23604_C|G,23854_C|A,23948_G|T,24378_C|T,24424_A|T,24469_T|A,24990_C|T,25000_C|T,25207_C|T,25584_C|T,26060_C|T,26270_C|T,26529_G|C,26577_C|G,26610_A|G,26681_C|T,26709_G|A,26833_C|T,26858_C|T,27259_A|C,27382_G|C,27383_A|T,27384_T|C,27807_C|T,27915_G|T,28271_A|T,28297_T|C,28311_C|T,28846_C|T,28881_G|A,28882_G|A,28883_G|C,29510_A|C,11288_11296,21633_21641,21765_21770,21992_21994,22194_22196,23009_23011,28362_28370,21608_.|TCATGCCGCTGT
USA/CA-CDPH-6000019476/2024	XDP	241_C|T,670_T|G,774_C|T,2790_C|T,3037_C|T,3431_G|T,3565_T|C,4184_G|A,4321_C|T,6183_A|G,6706_C|T,7842_A|G,8293_C|T,8393_G|A,8449_A|G,9244_A|G,9344_C|T,9424_A|G,9534_C|T,10029_C|T,10198_C|T,10447_G|A,10449_C|A,11042_G|T,11727_G|A,12789_C|T,12815_C|T,12880_C|T,13339_T|C,14408_C|T,15714_C|T,15756_T|A,17410_C|T,18163_A|G,18318_G|T,18453_T|C,18492_A|G,18894_C|T,19955_C|T,20055_A|G,21618_C|T,21622_C|T,21624_G|C,21711_C|T,21941_G|T,21987_G|A,22032_T|C,22033_C|A,22034_A|G,22200_T|G,22208_C|T,22295_C|A,22353_C|A,22556_A|G,22577_G|C,22578_G|A,22629_A|C,22674_C|T,22679_T|C,22686_C|T,22688_A|G,22770_G|A,22775_G|A,22786_A|C,22813_G|T,22882_T|G,22895_G|C,22896_T|A,22898_G|A,22910_A|G,22916_C|T,22917_T|G,22926_T|C,22942_T|A,22992_G|A,22995_C|A,23005_T|A,23012_G|A,23018_T|C,23019_T|C,23055_A|G,23063_A|T,23075_T|C,23222_G|A,23271_C|T,23403_A|G,23423_C|T,23525_C|T,23599_T|G,23604_C|G,23854_C|A,23910_C|T,23948_G|T,24378_C|T,24424_A|T,24469_T|A,24990_C|T,25000_C|T,25207_C|T,25584_C|T,26060_C|T,26270_C|T,26529_G|C,26577_C|G,26610_A|G,26681_C|T,26709_G|A,26833_C|T,26858_C|T,27259_A|C,27382_G|C,27383_A|T,27384_T|C,27807_C|T,27915_G|T,28271_A|T,28297_T|C,28311_C|T,28846_C|T,28881_G|A,28882_G|A,28883_G|C,29510_A|C,11288_11296,21633_21641,21765_21770,21992_21994,22194_22196,23009_23011,28362_28370,21608_.|TCATGCCGCTGT
USA/CA-CDPH-6000019517/2024	XDP	241_C|T,670_T|G,897_C|A,2371_C|A,2790_C|T,3037_C|T,3431_G|T,3565_T|C,4184_G|A,4321_C|T,6183_A|G,7842_A|G,8293_C|T,8393_G|A,8857_T|A,9344_C|T,9424_A|G,9534_C|T,10029_C|T,10198_C|T,10447_G|A,10449_C|A,11042_G|T,11727_G|A,12789_C|T,12815_C|T,12880_C|T,13339_T|C,14408_C|T,15714_C|T,15756_T|A,17410_C|T,17664_T|C,18163_A|G,18453_T|C,18492_A|G,18894_C|T,19955_C|T,20055_A|G,21618_C|T,21622_C|T,21624_G|C,21711_C|T,21941_G|T,21987_G|A,22032_T|C,22033_C|A,22034_A|G,22200_T|G,22208_C|T,22295_C|A,22353_C|A,22556_A|G,22577_G|C,22578_G|A,22629_A|C,22674_C|T,22679_T|C,22686_C|T,22688_A|G,22770_G|A,22775_G|A,22786_A|C,22813_G|T,22882_T|G,22895_G|C,22896_T|A,22898_G|A,22910_A|G,22916_C|T,22917_T|G,22926_T|C,22942_T|A,22992_G|A,22995_C|A,23005_T|A,23012_G|A,23018_T|C,23019_T|C,23055_A|G,23063_A|T,23075_T|C,23222_G|A,23271_C|T,23403_A|G,23423_C|T,23525_C|T,23599_T|G,23604_C|G,23854_C|A,23948_G|T,24378_C|T,24424_A|T,24469_T|A,24990_C|T,25000_C|T,25207_C|T,25584_C|T,26060_C|T,26270_C|T,26529_G|C,26577_C|G,26610_A|G,26681_C|T,26709_G|A,26833_C|T,26858_C|T,27259_A|C,27382_G|C,27383_A|T,27384_T|C,27807_C|T,27915_G|T,28271_A|T,28297_T|C,28311_C|T,28846_C|T,28881_G|A,28882_G|A,28883_G|C,29510_A|C,11288_11296,21633_21641,21765_21770,21992_21994,22194_22196,23009_23011,28362_28370,21608_.|TCATGCCGCTGT
USA/CA-CDPH-6000019547/2024	XDP	241_C|T,670_T|G,897_C|A,1148_G|A,1427_C|T,1455_T|C,2790_C|T,3037_C|T,3431_G|T,3565_T|C,4184_G|A,4321_C|T,6183_A|G,7842_A|G,8293_C|T,8393_G|A,9344_C|T,9424_A|G,9534_C|T,10029_C|T,10198_C|T,10447_G|A,10449_C|A,11042_G|T,11083_G|T,11727_G|A,12789_C|T,12815_C|T,12880_C|T,13339_T|C,13993_G|T,14408_C|T,15714_C|T,15720_C|T,15756_T|A,17410_C|T,18163_A|G,18453_T|C,18492_A|G,18894_C|T,19955_C|T,20055_A|G,20148_C|T,21618_C|T,21622_C|T,21624_G|C,21711_C|T,21941_G|T,21987_G|A,22032_T|C,22033_C|A,22034_A|G,22200_T|G,22208_C|T,22295_C|A,22353_C|A,22556_A|G,22577_G|C,22578_G|A,22629_A|C,22674_C|T,22679_T|C,22686_C|T,22688_A|G,22770_G|A,22775_G|A,22786_A|C,22813_G|T,22882_T|G,22895_G|C,22896_T|A,22898_G|A,22910_A|G,22916_C|T,22917_T|G,22926_T|C,22942_T|A,22992_G|A,22995_C|A,23005_T|A,23012_G|A,23018_T|C,23019_T|C,23055_A|G,23063_A|T,23075_T|C,23222_G|A,23271_C|T,23403_A|G,23423_C|T,23525_C|T,23599_T|G,23604_C|G,23854_C|A,23948_G|T,24378_C|T,24424_A|T,24469_T|A,24990_C|T,25000_C|T,25207_C|T,25584_C|T,25624_C|T,26060_C|T,26170_A|G,26270_C|T,26529_G|C,26577_C|G,26610_A|G,26681_C|T,26709_G|A,26833_C|T,26858_C|T,27259_A|C,27382_G|C,27383_A|T,27384_T|C,27807_C|T,27915_G|T,28271_A|T,28297_T|C,28311_C|T,28846_C|T,28881_G|A,28882_G|A,28883_G|C,29510_A|C,11288_11296,21633_21641,21765_21770,21992_21994,22194_22196,23009_23011,28362_28370,21608_.|TCATGCCGCTGT,28028_.|TA
USA/CA-CDPH-6000019699/2024	XDP	241_C|T,670_T|G,774_C|T,2790_C|T,3037_C|T,3431_G|T,3565_T|C,4184_G|A,4321_C|T,6183_A|G,6894_G|T,7213_G|T,7842_A|G,8293_C|T,8393_G|A,9344_C|T,9424_A|G,9534_C|T,10029_C|T,10036_C|A,10198_C|T,10447_G|A,10449_C|A,11042_G|T,11727_G|A,12789_C|T,12815_C|T,12880_C|T,13339_T|C,14408_C|T,15714_C|T,15756_T|A,17410_C|T,18163_A|G,18453_T|C,18492_A|G,18894_C|T,19955_C|T,20055_A|G,21618_C|T,21622_C|T,21624_G|C,21711_C|T,21941_G|T,21987_G|A,22032_T|C,22033_C|A,22034_A|G,22200_T|G,22208_C|T,22295_C|A,22353_C|A,22556_A|G,22577_G|C,22578_G|A,22629_A|C,22674_C|T,22679_T|C,22686_C|T,22688_A|G,22770_G|A,22775_G|A,22786_A|C,22813_G|T,22882_T|G,22895_G|C,22896_T|A,22898_G|A,22910_A|G,22916_C|T,22917_T|G,22926_T|C,22942_T|A,22992_G|A,22995_C|A,23005_T|A,23012_G|A,23018_T|C,23019_T|C,23055_A|G,23063_A|T,23075_T|C,23222_G|A,23271_C|T,23403_A|G,23423_C|T,23525_C|T,23599_T|G,23604_C|G,23854_C|A,23948_G|T,24378_C|T,24424_A|T,24469_T|A,24990_C|T,25000_C|T,25207_C|T,25572_C|T,25584_C|T,26060_C|T,26270_C|T,26529_G|C,26577_C|G,26610_A|G,26681_C|T,26709_G|A,26833_C|T,26858_C|T,27259_A|C,27382_G|C,27383_A|T,27384_T|C,27807_C|T,27915_G|T,28271_A|T,28297_T|C,28311_C|T,28846_C|T,28881_G|A,28882_G|A,28883_G|C,29510_A|C,11288_11296,21633_21641,21765_21770,21992_21994,22194_22196,23009_23011,28362_28370,21608_.|TCATGCCGCTGT
USA/CA-GBW-GKISBBBC34649/2024	XDP	21_C|T,44_C|T,241_C|T,670_T|G,774_C|T,897_C|A,2790_C|T,3037_C|T,3346_T|C,3431_G|T,3565_T|C,4184_G|A,4321_C|T,6183_A|G,7842_A|G,8293_C|T,8393_G|A,9139_T|C,9226_C|T,9344_C|T,9424_A|G,9534_C|T,10029_C|T,10198_C|T,10447_G|A,10449_C|A,11042_G|T,11727_G|A,12789_C|T,12815_C|T,12880_C|T,13339_T|C,13423_C|T,14408_C|T,15714_C|T,15756_T|A,17410_C|T,17944_G|A,18163_A|G,18453_T|C,18492_A|G,18894_C|T,19464_A|G,19955_C|T,20055_A|G,21618_C|T,21622_C|T,21624_G|C,21711_C|T,21941_G|T,21987_G|A,22032_T|C,22033_C|A,22034_A|G,22200_T|G,22208_C|T,22295_C|A,22353_C|A,22556_A|G,22577_G|C,22578_G|A,22629_A|C,22674_C|T,22679_T|C,22686_C|T,22688_A|G,22770_G|A,22775_G|A,22786_A|C,22813_G|T,22882_T|G,22895_G|C,22896_T|A,22898_G|A,22910_A|G,22916_C|T,22917_T|G,22926_T|C,22942_T|A,22992_G|A,22995_C|A,23005_T|A,23012_G|A,23018_T|C,23019_T|C,23055_A|G,23063_A|T,23075_T|C,23222_G|A,23271_C|T,23403_A|G,23423_C|T,23525_C|T,23599_T|G,23604_C|G,23854_C|A,24378_C|T,24424_A|T,24469_T|A,24990_C|T,25000_C|T,25207_C|T,25584_C|T,26060_C|T,26270_C|T,26529_G|C,26577_C|G,26610_A|G,26681_C|T,26709_G|A,26833_C|T,26858_C|T,27259_A|C,27382_G|C,27383_A|T,27384_T|C,27807_C|T,27915_G|T,28271_A|T,28297_T|C,28311_C|T,28846_C|T,28881_G|A,28882_G|A,28883_G|C,29510_A|C,11288_11296,21633_21641,21765_21770,21992_21994,22194_22196,23009_23011,28362_28370,29734_29759,21608_.|TCATGCCGCTGT
USA/CA-GBW-H20-356-9260/2024	XDP	21_C|T,44_C|T,241_C|T,670_T|G,774_C|T,897_C|A,2790_C|T,3037_C|T,3431_G|T,3565_T|C,4184_G|A,4321_C|T,6183_A|G,7842_A|G,8293_C|T,8393_G|A,9344_C|T,9424_A|G,9534_C|T,10029_C|T,10198_C|T,10447_G|A,10449_C|A,11042_G|T,11727_G|A,12789_C|T,12815_C|T,12880_C|T,13339_T|C,13427_G|A,14408_C|T,15714_C|T,15738_C|T,15756_T|A,17410_C|T,18163_A|G,18453_T|C,18492_A|G,18894_C|T,19955_C|T,20055_A|G,21618_C|T,21622_C|T,21624_G|C,21711_C|T,21941_G|T,21987_G|A,22032_T|C,22033_C|A,22034_A|G,22200_T|G,22208_C|T,22295_C|A,22353_C|A,22556_A|G,22577_G|C,22578_G|A,22629_A|C,22674_C|T,22679_T|C,22686_C|T,22688_A|G,22770_G|A,22775_G|A,22786_A|C,22813_G|T,22882_T|G,22895_G|C,22896_T|A,22898_G|A,22910_A|G,22916_C|T,22917_T|G,22926_T|C,22942_T|A,22992_G|A,22995_C|A,23005_T|A,23012_G|A,23018_T|C,23019_T|C,23055_A|G,23063_A|T,23075_T|C,23222_G|A,23271_C|T,23403_A|G,23423_C|T,23525_C|T,23599_T|G,23604_C|G,23854_C|A,24378_C|T,24424_A|T,24469_T|A,24990_C|T,25000_C|T,25207_C|T,25584_C|T,26060_C|T,26270_C|T,26529_G|C,26577_C|G,26610_A|G,26681_C|T,26709_G|A,26833_C|T,26858_C|T,27259_A|C,27382_G|C,27383_A|T,27384_T|C,27804_C|T,27807_C|T,27915_G|T,28004_T|C,28271_A|T,28297_T|C,28311_C|T,28846_C|T,28881_G|A,28882_G|A,28883_G|C,29510_A|C,11288_11296,21633_21641,21765_21770,21992_21994,22194_22196,23009_23011,28362_28370,29734_29759,21608_.|TCATGCCGCTGT
USA/CA-LACPHL-AY05040/2024	XDP	241_C|T,670_T|G,774_C|T,897_C|A,2790_C|T,3037_C|T,3431_G|T,3565_T|C,4184_G|A,4321_C|T,6183_A|G,7842_A|G,8293_C|T,8393_G|A,9344_C|T,9424_A|G,9534_C|T,10029_C|T,10198_C|T,10447_G|A,10449_C|A,11042_G|T,11727_G|A,12789_C|T,12815_C|T,12880_C|T,13339_T|C,14408_C|T,15714_C|T,15756_T|A,17410_C|T,18163_A|G,18453_T|C,18492_A|G,18894_C|T,19955_C|G,20055_A|G,21618_C|T,21622_C|T,21624_G|C,21941_G|T,21987_G|A,22032_T|C,22033_C|A,22034_A|G,22200_T|G,22208_C|T,22295_C|A,22353_C|A,22556_A|G,22577_G|C,22578_G|A,22629_A|C,22674_C|T,22679_T|C,22686_C|T,22688_A|G,22770_G|A,22775_G|A,22786_A|C,22813_G|T,22882_T|G,22895_G|C,22896_T|A,22898_G|A,22910_A|G,22916_C|T,22917_T|G,22926_T|C,22942_T|A,22992_G|A,22995_C|A,23005_T|A,23012_G|A,23018_T|C,23019_T|C,23055_A|G,23063_A|T,23075_T|C,23222_G|A,23271_C|T,23403_A|G,23423_C|T,23525_C|T,23599_T|G,23604_C|G,23854_C|A,23948_G|T,24378_C|T,24424_A|T,24469_T|A,24990_C|T,25000_C|T,25207_C|T,25584_C|T,25928_T|C,26060_C|T,26270_C|T,26529_G|C,26577_C|G,26610_A|G,26681_C|T,26709_G|A,26833_C|T,26858_C|T,27259_A|C,27382_G|C,27383_A|T,27384_T|C,27807_C|T,27915_G|T,28271_A|T,28297_T|C,28311_C|T,28846_C|T,28881_G|A,28882_G|A,28883_G|C,29510_A|C,11288_11296,21633_21641,21992_21994,22194_22196,23009_23011,28362_28370,29734_29759,21607_.|GNNNNNNNNNNN
USA/CA-LACPHL-AY05087/2024	XDP	241_C|T,670_T|G,774_C|T,897_C|A,2790_C|T,3037_C|T,3431_G|T,3565_T|C,4184_G|A,4321_C|T,6183_A|G,7842_A|G,8293_C|T,8393_G|A,9344_C|T,9424_A|G,9534_C|T,10029_C|T,10198_C|T,10447_G|A,10449_C|A,11042_G|T,11727_G|A,12789_C|T,12815_C|T,12880_C|T,13339_T|C,14408_C|T,15714_C|T,15756_T|A,16457_C|T,17410_C|T,18163_A|G,18453_T|C,18492_A|G,18894_C|T,19955_C|T,20055_A|G,21618_C|T,21622_C|T,21624_G|C,21711_C|T,21941_G|T,21987_G|A,22032_T|C,22033_C|A,22034_A|G,22200_T|G,22208_C|T,22295_C|A,22353_C|A,22556_A|G,22577_G|C,22578_G|A,22629_A|C,22674_C|T,22679_T|C,22686_C|T,22688_A|G,22770_G|A,22775_G|A,22786_A|C,22813_G|T,22882_T|G,22895_G|C,22896_T|A,22898_G|A,22910_A|G,22916_C|T,22917_T|G,22926_T|C,22942_T|A,22992_G|A,22995_C|A,23005_T|A,23012_G|A,23018_T|C,23019_T|C,23055_A|G,23063_A|T,23075_T|C,23222_G|A,23271_C|T,23403_A|G,23423_C|T,23525_C|T,23599_T|G,23604_C|G,23854_C|A,23948_G|T,24378_C|T,24424_A|T,24469_T|A,24990_C|T,25000_C|T,25207_C|T,25584_C|T,26060_C|T,26270_C|T,26529_G|C,26577_C|G,26610_A|G,26681_C|T,26709_G|A,26833_C|T,26858_C|T,27259_A|C,27382_G|C,27383_A|T,27384_T|C,27807_C|T,27915_G|T,28271_A|T,28297_T|C,28311_C|T,28846_C|T,28849_C|T,28881_G|A,28882_G|A,28883_G|C,29510_A|C,11288_11296,21633_21641,21765_21770,21992_21994,22194_22196,23009_23011,28362_28370,29734_29759,21608_.|TCATGCCGCTGT
USA/CA-LACPHL-AY05378/2024	XDP	241_C|T,670_T|G,774_C|T,897_C|A,2790_C|T,3037_C|T,3431_G|T,3565_T|C,4184_G|A,4321_C|T,6183_A|G,7842_A|G,8293_C|T,8393_G|A,9344_C|T,9424_A|G,9534_C|T,10029_C|T,10198_C|T,10447_G|A,10449_C|A,11042_G|T,11727_G|A,12789_C|T,12815_C|T,12878_A|G,12880_C|T,13339_T|C,14408_C|T,15714_C|T,15756_T|A,17410_C|T,18163_A|G,18453_T|C,18492_A|G,18894_C|T,19955_C|G,20055_A|G,21618_C|T,21622_C|T,21624_G|C,21711_C|T,21941_G|T,21987_G|A,22032_T|C,22033_C|A,22034_A|G,22200_T|G,22208_C|T,22295_C|A,22353_C|A,22556_A|G,22577_G|C,22578_G|A,22629_A|C,22674_C|T,22679_T|C,22686_C|T,22688_A|G,22770_G|A,22775_G|A,22786_A|C,22813_G|T,22882_T|G,22895_G|C,22896_T|A,22898_G|A,22910_A|G,22916_C|T,22917_T|G,22926_T|C,22942_T|A,22992_G|A,22995_C|A,23005_T|A,23012_G|A,23018_T|C,23019_T|C,23055_A|G,23063_A|T,23075_T|C,23222_G|A,23271_C|T,23403_A|G,23423_C|T,23525_C|T,23599_T|G,23604_C|G,23854_C|A,23948_G|T,24378_C|T,24424_A|T,24469_T|A,24990_C|T,25000_C|T,25207_C|T,25584_C|T,25604_T|G,26060_C|T,26270_C|T,26529_G|C,26577_C|G,26610_A|G,26681_C|T,26709_G|A,26833_C|T,26858_C|T,27259_A|C,27382_G|C,27383_A|T,27384_T|C,27807_C|T,27915_G|T,28271_A|T,28297_T|C,28311_C|T,28846_C|T,28881_G|A,28882_G|A,28883_G|C,29510_A|C,11288_11296,21633_21641,21765_21770,21992_21994,22194_22196,23009_23011,28362_28370,29734_29759,21608_.|TCATGCCGCTGT
USA/CA-MCPHL-G2300177/2023	XDP	241_C|T,670_T|G,774_C|T,897_C|A,2790_C|T,3037_C|T,3431_G|T,3565_T|C,4184_G|A,4321_C|T,6183_A|G,7842_A|G,8293_C|T,8393_G|A,9344_C|T,9424_A|G,9534_C|T,10029_C|T,10198_C|T,10447_G|A,10449_C|A,11042_G|T,11727_G|A,12789_C|T,12815_C|T,12880_C|T,13339_T|C,14408_C|T,15714_C|T,15756_T|A,17410_C|T,18163_A|G,18186_G|T,18453_T|C,18492_A|G,18894_C|T,19955_C|T,20055_A|G,21618_C|T,21622_C|T,21624_G|C,21711_C|T,21941_G|T,21987_G|A,22032_T|C,22033_C|A,22034_A|G,22200_T|G,22208_C|T,22295_C|A,22353_C|A,22556_A|G,22577_G|C,22578_G|A,22629_A|C,22674_C|T,22679_T|C,22686_C|T,22688_A|G,22770_G|A,22775_G|A,22786_A|C,22813_G|T,22882_T|G,22895_G|C,22896_T|A,22898_G|A,22910_A|G,22916_C|T,22917_T|G,22926_T|C,22942_T|A,22992_G|A,22995_C|A,23005_T|A,23012_G|A,23018_T|C,23019_T|C,23055_A|G,23063_A|T,23075_T|C,23222_G|A,23271_C|T,23403_A|G,23423_C|T,23525_C|T,23599_T|G,23604_C|G,23854_C|A,23948_G|T,24378_C|T,24424_A|T,24469_T|A,24990_C|T,25000_C|T,25207_C|T,25584_C|T,26060_C|T,26270_C|T,26529_G|C,26577_C|G,26681_C|T,26709_G|A,26833_C|T,26858_C|T,27259_A|C,27382_G|C,27383_A|T,27384_T|C,27807_C|T,27915_G|T,28271_A|T,28297_T|C,28311_C|T,28846_C|T,28881_G|A,28882_G|A,28883_G|C,29510_A|C,11288_11296,21633_21641,21765_21770,21992_21994,22194_22196,23009_23011,28362_28370,21608_.|TCATGCCGCTGT
USA/CA-MCPHL-GBD00059/2024	XDP	241_C|T,670_T|G,897_C|A,2790_C|T,3037_C|T,3431_G|T,3565_T|C,4184_G|A,4321_C|T,6183_A|G,7842_A|G,8293_C|T,8393_G|A,9344_C|T,9424_A|G,9534_C|T,10029_C|T,10198_C|T,10447_G|A,10449_C|A,11042_G|T,11727_G|A,12789_C|T,12815_C|T,12880_C|T,13339_T|C,14408_C|T,14638_G|A,15714_C|T,15756_T|A,17410_C|T,18163_A|G,18453_T|C,18492_A|G,18894_C|T,19955_C|G,20055_A|G,21618_C|T,21622_C|T,21624_G|C,21711_C|T,21941_G|T,21987_G|A,22032_T|C,22033_C|A,22034_A|G,22200_T|G,22208_C|T,22295_C|A,22353_C|A,22556_A|G,22577_G|C,22578_G|A,22629_A|C,22674_C|T,22679_T|C,22686_C|T,22688_A|G,22770_G|A,22775_G|A,22786_A|C,22813_G|T,22882_T|G,22895_G|C,22896_T|A,22898_G|A,22910_A|G,22916_C|T,22917_T|G,22926_T|C,22942_T|A,22992_G|A,22995_C|A,23005_T|A,23012_G|A,23018_T|C,23019_T|C,23055_A|G,23063_A|T,23075_T|C,23222_G|A,23271_C|T,23403_A|G,23423_C|T,23525_C|T,23599_T|G,23604_C|G,23854_C|A,23948_G|T,24378_C|T,24424_A|T,24469_T|A,24990_C|T,25000_C|T,25207_C|T,25336_A|C,25584_C|T,25928_T|C,26060_C|T,26270_C|T,26529_G|C,26577_C|G,26610_A|G,26681_C|T,26709_G|A,26833_C|T,26858_C|T,27259_A|C,27382_G|C,27383_A|T,27384_T|C,27807_C|T,27915_G|T,28271_A|T,28297_T|C,28311_C|T,28846_C|T,28881_G|A,28882_G|A,28883_G|C,29510_A|C,11288_11296,21633_21641,21765_21770,21992_21994,22194_22196,23009_23011,28362_28370,21608_.|TCATGCCGCTGT
USA/CA-MCPHL-GBD00060/2024	XDP	241_C|T,670_T|G,774_C|T,1427_C|T,2790_C|T,3037_C|T,3431_G|T,3565_T|C,4184_G|A,4321_C|T,6183_A|G,7842_A|G,8293_C|T,8393_G|A,9344_C|T,9424_A|G,9534_C|T,10029_C|T,10198_C|T,10447_G|A,10449_C|A,11042_G|T,11727_G|A,12789_C|T,12815_C|T,12880_C|T,13339_T|C,14408_C|T,14638_G|A,15714_C|T,15756_T|A,17410_C|T,18163_A|G,18453_T|C,18492_A|G,18894_C|T,19955_C|G,20055_A|G,21618_C|T,21622_C|T,21624_G|C,21711_C|T,21941_G|T,21987_G|A,22032_T|C,22033_C|A,22034_A|G,22200_T|G,22208_C|T,22295_C|A,22353_C|A,22556_A|G,22577_G|C,22578_G|A,22629_A|C,22674_C|T,22679_T|C,22686_C|T,22688_A|G,22770_G|A,22775_G|A,22786_A|C,22813_G|T,22882_T|G,22895_G|C,22896_T|A,22898_G|A,22910_A|G,22916_C|T,22917_T|G,22926_T|C,22942_T|A,22992_G|A,22995_C|A,23005_T|A,23012_G|A,23018_T|C,23019_T|C,23055_A|G,23063_A|T,23075_T|C,23222_G|A,23271_C|T,23403_A|G,23423_C|T,23525_C|T,23599_T|G,23604_C|G,23854_C|A,23948_G|T,24378_C|T,24424_A|T,24469_T|A,24990_C|T,25000_C|T,25207_C|T,25336_A|C,25584_C|T,25928_T|C,26060_C|T,26270_C|T,26529_G|C,26577_C|G,26610_A|G,26681_C|T,26709_G|A,26833_C|T,26858_C|T,27259_A|C,27382_G|C,27383_A|T,27384_T|C,27807_C|T,27915_G|T,28271_A|T,28297_T|C,28311_C|T,28846_C|T,28881_G|A,28882_G|A,28883_G|C,29510_A|C,11288_11296,21633_21641,21765_21770,21992_21994,22194_22196,23009_23011,28362_28370,21608_.|TCATGCCGCTGT
USA/CA-MCPHL-GBD00081/2024	XDP	241_C|T,670_T|G,774_C|T,897_C|A,1427_C|T,2790_C|T,3037_C|T,3431_G|T,3565_T|C,4184_G|A,4321_C|T,6183_A|G,7842_A|G,8293_C|T,8393_G|A,9344_C|T,9424_A|G,9534_C|T,10029_C|T,10198_C|T,10447_G|A,10449_C|A,11042_G|T,11727_G|A,12789_C|T,12815_C|T,12880_C|T,13339_T|C,14408_C|T,14638_G|A,15714_C|T,15756_T|A,17410_C|T,18163_A|G,18453_T|C,18492_A|G,18894_C|T,19955_C|G,20055_A|G,21618_C|T,21622_C|T,21624_G|C,21711_C|T,21941_G|T,21987_G|A,22032_T|C,22033_C|A,22034_A|G,22200_T|G,22208_C|T,22295_C|A,22353_C|A,22556_A|G,22577_G|C,22578_G|A,22629_A|C,22674_C|T,22679_T|C,22686_C|T,22688_A|G,22770_G|A,22775_G|A,22786_A|C,22813_G|T,22882_T|G,22895_G|C,22896_T|A,22898_G|A,22910_A|G,22916_C|T,22917_T|G,22926_T|C,22942_T|A,22992_G|A,22995_C|A,23005_T|A,23012_G|A,23018_T|C,23019_T|C,23055_A|G,23063_A|T,23075_T|C,23222_G|A,23271_C|T,23403_A|G,23423_C|T,23525_C|T,23599_T|G,23604_C|G,23854_C|A,23948_G|T,24378_C|T,24424_A|T,24469_T|A,24990_C|T,25000_C|T,25207_C|T,25336_A|C,25584_C|T,25928_T|C,26060_C|T,26270_C|T,26529_G|C,26577_C|G,26610_A|G,26681_C|T,26709_G|A,26833_C|T,26858_C|T,27259_A|C,27382_G|C,27383_A|T,27384_T|C,27807_C|T,27915_G|T,28271_A|T,28297_T|C,28311_C|T,28846_C|T,28881_G|A,28882_G|A,28883_G|C,29510_A|C,11288_11296,21633_21641,21765_21770,21992_21994,22194_22196,23009_23011,28362_28370,21608_.|TCATGCCGCTGT
USA/CA-MCPHL-GBD00152/2024	XDP	241_C|T,670_T|G,897_C|A,2790_C|T,2875_G|T,3037_C|T,3431_G|T,3565_T|C,4184_G|A,4321_C|T,6183_A|G,7842_A|G,8293_C|T,8393_G|A,9344_C|T,9424_A|G,9534_C|T,10029_C|T,10198_C|T,10447_G|A,10449_C|A,11042_G|T,11727_G|A,12789_C|T,12815_C|T,12880_C|T,13339_T|C,13792_C|T,14408_C|T,14638_G|A,15714_C|T,15756_T|A,17410_C|T,18163_A|G,18453_T|C,18492_A|G,18894_C|T,19955_C|G,20055_A|G,21618_C|T,21622_C|T,21624_G|C,21711_C|T,21941_G|T,21987_G|A,22032_T|C,22033_C|A,22034_A|G,22200_T|G,22208_C|T,22295_C|A,22353_C|A,22556_A|G,22577_G|C,22578_G|A,22629_A|C,22674_C|T,22679_T|C,22686_C|T,22688_A|G,22770_G|A,22775_G|A,22786_A|C,22813_G|T,22882_T|G,22895_G|C,22896_T|A,22898_G|A,22910_A|G,22916_C|T,22917_T|G,22926_T|C,22942_T|A,22992_G|A,22995_C|A,23005_T|A,23012_G|A,23018_T|C,23019_T|C,23055_A|G,23063_A|T,23075_T|C,23222_G|A,23271_C|T,23403_A|G,23423_C|T,23525_C|T,23599_T|G,23604_C|G,23854_C|A,23948_G|T,24378_C|T,24424_A|T,24469_T|A,24990_C|T,25000_C|T,25207_C|T,25336_A|C,25584_C|T,25928_T|C,26060_C|T,26270_C|T,26529_G|C,26577_C|G,26610_A|G,26681_C|T,26709_G|A,26833_C|T,26858_C|T,27259_A|C,27382_G|C,27383_A|T,27384_T|C,27807_C|T,27915_G|T,28271_A|T,28297_T|C,28311_C|T,28846_C|T,28881_G|A,28882_G|A,28883_G|C,29510_A|C,11288_11296,21633_21641,21765_21770,21992_21994,22194_22196,23009_23011,28362_28370,21608_.|TCATGCCGCTGT
USA/CA-SEARCH-233274/2024	XDP	21_C|T,44_C|T,241_C|T,351_G|T,670_T|G,774_C|T,897_C|A,2790_C|T,3037_C|T,3431_G|T,3565_T|C,4184_G|A,4321_C|T,5221_C|T,6183_A|G,7842_A|G,8293_C|T,8393_G|A,9344_C|T,9424_A|G,9534_C|T,9693_C|T,10029_C|T,10198_C|T,10447_G|A,10449_C|A,11042_G|T,11727_G|A,12756_C|A,12789_C|T,12815_C|T,12880_C|T,13339_T|C,14408_C|T,15714_C|T,15756_T|A,17410_C|T,18163_A|G,18453_T|C,18492_A|G,18894_C|T,19955_C|T,20055_A|G,21618_C|T,21622_C|T,21624_G|C,21711_C|T,21941_G|T,21987_G|A,22032_T|C,22033_C|A,22034_A|G,22200_T|G,22208_C|T,22295_C|A,22353_C|A,22556_A|G,22577_G|C,22578_G|A,22629_A|C,22674_C|T,22679_T|C,22686_C|T,22688_A|G,22770_G|A,22775_G|A,22882_T|G,22895_G|C,22896_T|A,22898_G|A,22910_A|G,22916_C|T,22917_T|G,22926_T|C,22942_T|A,22992_G|A,22995_C|A,23004_A|G,23005_T|A,23012_G|A,23018_T|C,23019_T|C,23055_A|G,23063_A|T,23075_T|C,23222_G|A,23271_C|T,23403_A|G,23423_C|T,23525_C|T,23599_T|G,23604_C|G,23854_C|A,23948_G|T,24378_C|T,24424_A|T,24469_T|A,24990_C|T,25000_C|T,25207_C|T,25584_C|T,26060_C|T,26270_C|T,26529_G|C,26577_C|G,26610_A|G,26681_C|T,26709_G|A,26833_C|T,26858_C|T,27259_A|C,27382_G|C,27383_A|T,27384_T|C,27807_C|T,27915_G|T,28271_A|T,28297_T|C,28311_C|T,28846_C|T,28881_G|A,28882_G|A,28883_G|C,28895_G|T,29402_G|T,29510_A|C,11288_11296,21633_21641,21765_21770,21992_21994,22194_22196,23009_23011,28362_28370,29734_29759,21608_.|TCATGCCGCTGT
USA/CO-CDPHE-41645549/2023	XDP	241_C|T,670_T|G,774_C|T,897_C|A,2790_C|T,3037_C|T,3431_G|T,3565_T|C,4184_G|A,4321_C|T,6183_A|G,7842_A|G,8293_C|T,8393_G|A,9344_C|T,9424_A|G,9534_C|T,10029_C|T,10198_C|T,10447_G|A,10449_C|A,11042_G|T,11727_G|A,12789_C|T,12815_C|T,12880_C|T,13339_T|C,14408_C|T,15714_C|T,15756_T|A,17410_C|T,18163_A|G,18453_T|C,18492_A|G,18894_C|T,19955_C|T,20055_A|G,21618_C|T,21622_C|T,21624_G|C,21711_C|T,21941_G|T,21987_G|A,22032_T|C,22033_C|A,22034_A|G,22200_T|G,22208_C|T,22295_C|A,22353_C|A,22556_A|G,22577_G|C,22578_G|A,22629_A|C,22674_C|T,22679_T|C,22686_C|T,22688_A|G,22770_G|A,22775_G|A,22786_A|C,22813_G|T,22882_T|G,22895_G|C,22896_T|A,22898_G|A,22910_A|G,22916_C|T,22917_T|G,22926_T|C,22942_T|A,22992_G|A,22995_C|A,23005_T|A,23012_G|A,23018_T|C,23019_T|C,23055_A|G,23063_A|T,23075_T|C,23222_G|A,23271_C|T,23403_A|G,23423_C|T,23525_C|T,23599_T|G,23604_C|G,23854_C|A,23948_G|T,24378_C|T,24424_A|T,24469_T|A,24990_C|T,25000_C|T,25207_C|T,25584_C|T,26060_C|T,26270_C|T,26529_G|C,26577_C|G,26610_A|G,26681_C|T,26709_G|A,26833_C|T,26858_C|T,26882_C|T,27259_A|C,27382_G|C,27383_A|T,27384_T|C,27807_C|T,27915_G|T,28271_A|T,28297_T|C,28300_G|T,28311_C|T,28846_C|T,28881_G|A,28882_G|A,28883_G|C,29510_A|C,11288_11296,21633_21641,21765_21770,21992_21994,22194_22196,23009_23011,28362_28370,29734_29759,21608_.|TCATGCCGCTGT
USA/CO-CDPHE-41709219/2024	XDP	241_C|T,670_T|G,774_C|T,897_C|A,2790_C|T,3037_C|T,3431_G|T,3565_T|C,4184_G|A,4321_C|T,6183_A|G,7842_A|G,8293_C|T,8393_G|A,9344_C|T,9424_A|G,9534_C|T,10029_C|T,10198_C|T,10447_G|A,10449_C|A,11042_G|T,11727_G|A,12789_C|T,12815_C|T,12880_C|T,13339_T|C,14408_C|T,15714_C|T,15756_T|A,17410_C|T,18163_A|G,18453_T|C,18492_A|G,18894_C|T,19955_C|T,20055_A|G,21618_C|T,21622_C|T,21624_G|C,21711_C|T,21941_G|T,21987_G|A,22032_T|C,22033_C|A,22034_A|G,22200_T|G,22208_C|T,22295_C|A,22353_C|A,22556_A|G,22577_G|C,22578_G|A,22629_A|C,22674_C|T,22679_T|C,22686_C|T,22688_A|G,22770_G|A,22775_G|A,22786_A|C,22813_G|T,22882_T|G,22895_G|C,22896_T|A,22898_G|A,22910_A|G,22916_C|T,22917_T|G,22926_T|C,22942_T|A,22992_G|A,22995_C|A,23005_T|A,23012_G|A,23018_T|C,23019_T|C,23055_A|G,23063_A|T,23075_T|C,23222_G|A,23271_C|T,23403_A|G,23423_C|T,23525_C|T,23599_T|G,23604_C|G,23854_C|A,23948_G|T,24378_C|T,24424_A|T,24469_T|A,24990_C|T,25000_C|T,25108_A|T,25207_C|T,25584_C|T,26060_C|T,26270_C|T,26529_G|C,26577_C|G,26610_A|G,26681_C|T,26709_G|A,26833_C|T,26858_C|T,27259_A|C,27382_G|C,27383_A|T,27384_T|C,27807_C|T,27915_G|T,28271_A|T,28297_T|C,28311_C|T,28846_C|T,28881_G|A,28882_G|A,28883_G|C,29510_A|C,11288_11296,21633_21641,21765_21770,21992_21994,22194_22196,23009_23011,28362_28370,29734_29759
USA/CO-CDPHE-41709455/2024	XDP	241_C|T,670_T|G,774_C|T,897_C|A,2790_C|T,3037_C|T,3431_G|T,3565_T|C,4184_G|A,4321_C|T,6183_A|G,7842_A|G,8293_C|T,8393_G|A,9344_C|T,9424_A|G,9534_C|T,10029_C|T,10198_C|T,10447_G|A,10449_C|A,11042_G|T,11727_G|A,12789_C|T,12815_C|T,12880_C|T,13339_T|C,14408_C|T,15714_C|T,15756_T|A,17410_C|T,18163_A|G,18453_T|C,18492_A|G,18894_C|T,19955_C|T,20055_A|G,21618_C|T,21622_C|T,21624_G|C,21711_C|T,21941_G|T,21987_G|A,22032_T|C,22033_C|A,22034_A|G,22200_T|G,22208_C|T,22295_C|A,22353_C|A,22556_A|G,22577_G|C,22578_G|A,22629_A|C,22674_C|T,22679_T|C,22686_C|T,22688_A|G,22770_G|A,22775_G|A,22786_A|C,22813_G|T,22882_T|G,22895_G|C,22896_T|A,22898_G|A,22910_A|G,22916_C|T,22917_T|G,22926_T|C,22942_T|A,22992_G|A,22995_C|A,23005_T|A,23012_G|A,23018_T|C,23019_T|C,23055_A|G,23063_A|T,23075_T|C,23222_G|A,23271_C|T,23403_A|G,23423_C|T,23525_C|T,23599_T|G,23604_C|G,23854_C|A,23948_G|T,24378_C|T,24424_A|T,24469_T|A,24990_C|T,25000_C|T,25207_C|T,25584_C|T,26060_C|T,26270_C|T,26529_G|C,26577_C|G,26610_A|G,26681_C|T,26709_G|A,26833_C|T,26858_C|T,27259_A|C,27382_G|C,27383_A|T,27384_T|C,27807_C|T,27915_G|T,28271_A|T,28297_T|C,28311_C|T,28846_C|T,28881_G|A,28882_G|A,28883_G|C,29203_C|T,29510_A|C,11288_11296,21633_21641,21765_21770,21992_21994,22194_22196,23009_23011,28362_28370,29734_29759
USA/CT-DPH-1229716001/2024	XDP	241_C|T,670_T|G,774_C|T,897_C|A,1427_C|T,1455_T|C,2790_C|T,3037_C|T,3431_G|T,3565_T|C,4184_G|A,4321_C|T,6183_A|G,7842_A|G,8293_C|T,8393_G|A,9344_C|T,9424_A|G,9534_C|T,10029_C|T,10198_C|T,10447_G|A,10449_C|A,10802_C|T,11042_G|T,11339_C|T,11727_G|A,12789_C|T,12815_C|T,12880_C|T,13339_T|C,13620_C|T,14408_C|T,15714_C|T,15756_T|A,15857_C|T,17410_C|T,17736_T|C,17850_C|T,18163_A|G,18453_T|C,18492_A|G,18894_C|T,19955_C|T,20055_A|G,21618_C|T,21622_C|T,21624_G|C,21711_C|T,21941_G|T,21987_G|A,22032_T|C,22033_C|A,22034_A|G,22200_T|G,22208_C|T,22295_C|A,22353_C|A,22556_A|G,22577_G|C,22578_G|A,22629_A|C,22674_C|T,22679_T|C,22686_C|T,22688_A|G,22770_G|A,22775_G|A,22786_A|C,22813_G|T,22882_T|G,22895_G|C,22896_T|A,22898_G|A,22910_A|G,22916_C|T,22917_T|G,22926_T|C,22942_T|A,22992_G|A,22995_C|A,23005_T|A,23012_G|A,23018_T|C,23019_T|C,23055_A|G,23063_A|T,23075_T|C,23222_G|A,23271_C|T,23403_A|G,23423_C|T,23525_C|T,23599_T|G,23604_C|G,23854_C|A,23948_G|T,24378_C|T,24424_A|T,24469_T|A,24990_C|T,25000_C|T,25207_C|T,25584_C|T,26060_C|T,26270_C|T,26529_G|C,26577_C|G,26610_A|G,26681_C|T,26709_G|A,26833_C|T,26858_C|T,27092_C|T,27259_A|C,27382_G|C,27383_A|T,27384_T|C,27807_C|T,27915_G|T,28271_A|T,28297_T|C,28311_C|T,28846_C|T,28881_G|A,28882_G|A,28883_G|C,29135_G|A,29510_A|C,11288_11296,21633_21641,21765_21770,21992_21994,22194_22196,23009_23011,28362_28370,21608_.|TCATGCCGCTGT
USA/GA-EHC-7834V/2024	XDP	44_C|T,241_C|T,670_T|G,774_C|T,897_C|A,2122_T|C,2790_C|T,3037_C|T,3431_G|T,3565_T|C,4184_G|A,4321_C|T,6183_A|G,7842_A|G,8293_C|T,8393_G|A,9344_C|T,9424_A|G,9534_C|T,10029_C|T,10198_C|T,10447_G|A,10449_C|A,11042_G|T,11727_G|A,12789_C|T,12815_C|T,12880_C|T,13339_T|C,14408_C|T,15714_C|T,15756_T|A,17410_C|T,18163_A|G,18453_T|C,18492_A|G,18894_C|T,19955_C|T,20055_A|G,21618_C|T,21622_C|T,21624_G|C,21711_C|T,21941_G|T,21987_G|A,22032_T|C,22033_C|A,22034_A|G,22200_T|G,22208_C|T,22295_C|A,22334_T|C,22353_C|A,22556_A|G,22577_G|C,22578_G|A,22629_A|C,22674_C|T,22679_T|C,22686_C|T,22688_A|G,22770_G|A,22775_G|A,22786_A|C,22813_G|T,22882_T|G,22895_G|C,22896_T|A,22898_G|A,22910_A|G,22916_C|T,22917_T|G,22926_T|C,22942_T|A,22992_G|A,22995_C|A,23005_T|A,23012_G|A,23018_T|C,23019_T|C,23055_A|G,23063_A|T,23075_T|C,23222_G|A,23271_C|T,23403_A|G,23423_C|T,23525_C|T,23599_T|G,23604_C|G,23854_C|A,23948_G|T,24378_C|T,24424_A|T,24469_T|A,24990_C|T,25000_C|T,25207_C|T,25584_C|T,26060_C|T,26270_C|T,26529_G|C,26577_C|G,26610_A|G,26681_C|T,26709_G|A,26833_C|T,26858_C|T,27259_A|C,27382_G|C,27383_A|T,27384_T|C,27807_C|T,27915_G|T,28271_A|T,28297_T|C,28311_C|T,28846_C|T,28881_G|A,28882_G|A,28883_G|C,29510_A|C,11288_11296,21633_21641,21765_21770,21992_21994,22194_22196,23009_23011,28362_28370,21608_.|TCATGCCGCTGT
USA/GA-GPHL-0528/2024	XDP	241_C|T,670_T|G,774_C|T,897_C|A,2790_C|T,3037_C|T,3431_G|T,3565_T|C,4184_G|A,4321_C|T,6183_A|G,7842_A|G,8293_C|T,8393_G|A,9344_C|T,9424_A|G,9534_C|T,9931_T|C,10029_C|T,10198_C|T,10447_G|A,10449_C|A,11042_G|T,11727_G|A,12789_C|T,12815_C|T,12880_C|T,13270_T|C,13339_T|C,14408_C|T,15213_A|G,15714_C|T,15756_T|A,17410_C|T,18163_A|G,18453_T|C,18492_A|G,18894_C|T,19955_C|G,20055_A|G,21618_C|T,21622_C|T,21624_G|C,21711_C|T,21941_G|T,21987_G|A,22032_T|C,22033_C|A,22034_A|G,22200_T|G,22208_C|T,22295_C|A,22353_C|A,22556_A|G,22577_G|C,22578_G|A,22629_A|C,22674_C|T,22679_T|C,22686_C|T,22688_A|G,22770_G|A,22775_G|A,22786_A|C,22813_G|T,22882_T|G,22895_G|C,22896_T|A,22898_G|A,22910_A|G,22916_C|T,22917_T|G,22926_T|C,22942_T|A,22992_G|A,22995_C|A,23005_T|A,23012_G|A,23018_T|C,23019_T|C,23055_A|G,23063_A|T,23075_T|C,23222_G|A,23271_C|T,23403_A|G,23423_C|T,23525_C|T,23599_T|G,23604_C|G,23854_C|A,23948_G|T,24378_C|T,24424_A|T,24469_T|A,24990_C|T,25000_C|T,25207_C|T,25584_C|T,25928_T|C,26060_C|T,26270_C|T,26529_G|C,26577_C|G,26610_A|G,26681_C|T,26709_G|A,26833_C|T,26858_C|T,27259_A|C,27382_G|C,27383_A|T,27384_T|C,27441_G|T,27807_C|T,27915_G|T,28271_A|T,28297_T|C,28311_C|T,28846_C|T,28881_G|A,28882_G|A,28883_G|C,29510_A|C,11288_11296,21633_21641,21765_21770,21992_21994,22194_22196,23009_23011,28362_28370,29734_29759,21608_.|TCATGCCGCTGT
USA/GA-GPHL-0570/2024	XDP	92_C|A,241_C|T,670_T|G,774_C|T,897_C|A,2790_C|T,3037_C|T,3431_G|T,3565_T|C,4184_G|A,4321_C|T,6183_A|G,7842_A|G,8293_C|T,8393_G|A,9344_C|T,9424_A|G,9534_C|T,9931_T|C,10029_C|T,10198_C|T,10447_G|A,10449_C|A,11042_G|T,11727_G|A,12789_C|T,12815_C|T,12880_C|T,13270_T|C,13339_T|C,14408_C|T,15213_A|G,15714_C|T,15756_T|A,17410_C|T,18163_A|G,18453_T|C,18492_A|G,18894_C|T,19164_C|T,19955_C|G,20055_A|G,21618_C|T,21622_C|T,21624_G|C,21711_C|T,21941_G|T,21987_G|A,22032_T|C,22033_C|A,22034_A|G,22200_T|G,22208_C|T,22295_C|A,22353_C|A,22556_A|G,22577_G|C,22578_G|A,22629_A|C,22674_C|T,22679_T|C,22686_C|T,22688_A|G,22770_G|A,22775_G|A,22786_A|C,22813_G|T,22882_T|G,22895_G|C,22896_T|A,22898_G|A,22910_A|G,22916_C|T,22917_T|G,22926_T|C,22942_T|A,22992_G|A,22995_C|A,23005_T|A,23012_G|A,23018_T|C,23019_T|C,23055_A|G,23063_A|T,23075_T|C,23222_G|A,23271_C|T,23403_A|G,23423_C|T,23525_C|T,23599_T|G,23604_C|G,23854_C|A,23934_C|T,23948_G|T,24378_C|T,24424_A|T,24469_T|A,24990_C|T,25000_C|T,25207_C|T,25584_C|T,25928_T|C,26060_C|T,26270_C|T,26529_G|C,26577_C|G,26610_A|G,26681_C|T,26709_G|A,26833_C|T,26858_C|T,27259_A|C,27382_G|C,27383_A|T,27384_T|C,27441_G|T,27807_C|T,27915_G|T,28271_A|T,28297_T|C,28311_C|T,28846_C|T,28881_G|A,28882_G|A,28883_G|C,29510_A|C,11288_11296,21633_21641,21765_21770,21992_21994,22194_22196,23009_23011,28362_28370,29734_29759,21608_.|TCATGCCGCTGT
USA/IL-CDC-LC1077594/2023	XDP	241_C|T,670_T|G,774_C|T,897_C|A,2790_C|T,3037_C|T,3431_G|T,3565_T|C,4184_G|A,4321_C|T,6183_A|G,7842_A|G,7860_C|T,8293_C|T,8393_G|A,9244_A|G,9344_C|T,9424_A|G,9534_C|T,10029_C|T,10198_C|T,10447_G|A,10449_C|A,11042_G|T,11727_G|A,12789_C|T,12815_C|T,12880_C|T,13339_T|C,14408_C|T,15714_C|T,15756_T|A,17410_C|T,18163_A|G,18453_T|C,18492_A|G,18894_C|T,19955_C|T,20055_A|G,21618_C|T,21622_C|T,21624_G|C,21711_C|T,21941_G|T,21987_G|A,22032_T|C,22033_C|A,22034_A|G,22200_T|G,22208_C|T,22295_C|A,22353_C|A,22556_A|G,22577_G|C,22578_G|A,22629_A|C,22674_C|T,22679_T|C,22686_C|T,22688_A|G,22770_G|A,22775_G|A,22786_A|C,22813_G|T,22882_T|G,22895_G|C,22896_T|A,22898_G|A,22910_A|G,22916_C|T,22917_T|G,22926_T|C,22942_T|A,22992_G|A,22995_C|A,23005_T|A,23012_G|A,23018_T|C,23019_T|C,23055_A|G,23063_A|T,23075_T|C,23222_G|A,23271_C|T,23403_A|G,23423_C|T,23525_C|T,23599_T|G,23604_C|G,23854_C|A,23948_G|T,24378_C|T,24424_A|T,24469_T|A,24990_C|T,25000_C|T,25207_C|T,25584_C|T,26060_C|T,26270_C|T,26529_G|C,26577_C|G,26610_A|G,26681_C|T,26709_G|A,26833_C|T,26858_C|T,27259_A|C,27382_G|C,27383_A|T,27384_T|C,27807_C|T,27915_G|T,28271_A|T,28297_T|C,28311_C|T,28846_C|T,28881_G|A,28882_G|A,28883_G|C,29510_A|C,11288_11296,21633_21641,21765_21770,21992_21994,22194_22196,23009_23011,28362_28370,29734_29759,21608_.|TCATGCCGCTGT
USA/IL-CDC-LC1102941/2024	XDP	241_C|T,670_T|G,774_C|T,897_C|A,1772_G|A,2790_C|T,3037_C|T,3431_G|T,3565_T|C,4184_G|A,4321_C|T,6183_A|G,7842_A|G,8293_C|T,8344_C|T,8393_G|A,9244_A|G,9344_C|T,9424_A|G,9534_C|T,10029_C|T,10198_C|T,10447_G|A,10449_C|A,11042_G|T,11727_G|A,12789_C|T,12815_C|T,12880_C|T,13339_T|C,14408_C|T,15714_C|T,15756_T|A,17410_C|T,18163_A|G,18453_T|C,18492_A|G,18894_C|T,19955_C|T,20055_A|G,21618_C|T,21622_C|T,21624_G|C,21711_C|T,21941_G|T,21987_G|A,22032_T|C,22033_C|A,22034_A|G,22200_T|G,22208_C|T,22295_C|A,22353_C|A,22556_A|G,22577_G|C,22578_G|A,22629_A|C,22674_C|T,22679_T|C,22686_C|T,22688_A|G,22770_G|A,22775_G|A,22786_A|C,22813_G|T,22882_T|G,22895_G|C,22896_T|A,22898_G|A,22910_A|G,22916_C|T,22917_T|G,22926_T|C,22942_T|A,22992_G|A,22995_C|A,23005_T|A,23012_G|A,23018_T|C,23019_T|C,23055_A|G,23063_A|T,23075_T|C,23222_G|A,23271_C|T,23403_A|G,23423_C|T,23525_C|T,23599_T|G,23604_C|G,23854_C|A,23948_G|T,24378_C|T,24424_A|T,24469_T|A,24990_C|T,25000_C|T,25207_C|T,25584_C|T,26060_C|T,26270_C|T,26529_G|C,26577_C|G,26610_A|G,26681_C|T,26709_G|A,26833_C|T,26858_C|T,27259_A|C,27382_G|C,27383_A|T,27384_T|C,27807_C|T,27915_G|T,28271_A|T,28297_T|C,28311_C|T,28846_C|T,28881_G|A,28882_G|A,28883_G|C,29510_A|C,11288_11296,21633_21641,21765_21770,21992_21994,22194_22196,23009_23011,28362_28370,29734_29759,21608_.|TCATGCCGCTGT
USA/IL-CDC-QDX90528578/2023	XDP	241_C|T,670_T|G,774_C|T,897_C|A,2790_C|T,3037_C|T,3431_G|T,3565_T|C,4184_G|A,4321_C|T,6183_A|G,7842_A|G,8293_C|T,8393_G|A,9244_A|G,9344_C|T,9424_A|G,9534_C|T,9667_T|A,10029_C|T,10198_C|T,10447_G|A,10449_C|A,11042_G|T,11083_G|T,11727_G|A,12789_C|T,12815_C|T,12880_C|T,13339_T|C,14408_C|T,15714_C|T,15756_T|A,17402_C|T,17410_C|T,18163_A|G,18453_T|C,18492_A|G,18894_C|T,19955_C|T,20055_A|G,21618_C|T,21622_C|T,21624_G|C,21711_C|T,21941_G|T,21987_G|A,22032_T|C,22033_C|A,22034_A|G,22200_T|G,22208_C|T,22295_C|A,22353_C|A,22556_A|G,22577_G|C,22578_G|A,22629_A|C,22674_C|T,22679_T|C,22686_C|T,22688_A|G,22770_G|A,22775_G|A,22786_A|C,22813_G|T,22882_T|G,22895_G|C,22896_T|A,22898_G|A,22910_A|G,22916_C|T,22917_T|G,22926_T|C,22942_T|A,22992_G|A,22995_C|A,23005_T|A,23012_G|A,23018_T|C,23019_T|C,23055_A|G,23063_A|T,23075_T|C,23222_G|A,23271_C|T,23403_A|G,23423_C|T,23525_C|T,23599_T|G,23604_C|G,23854_C|A,23948_G|T,24378_C|T,24424_A|T,24469_T|A,24990_C|T,25000_C|T,25207_C|T,25584_C|T,26060_C|T,26270_C|T,26529_G|C,26577_C|G,26610_A|G,26681_C|T,26709_G|A,26833_C|T,26858_C|T,27259_A|C,27382_G|C,27383_A|T,27384_T|C,27807_C|T,27812_C|T,27915_G|T,28271_A|T,28297_T|C,28311_C|T,28846_C|T,28881_G|A,28882_G|A,28883_G|C,29510_A|C,11288_11296,21633_21641,21765_21770,21992_21994,22194_22196,23009_23011,28362_28370,29734_29759,21608_.|TCATGCCGCTGT
USA/IL-CDC-QDX91018224/2024	XDP	241_C|T,670_T|G,774_C|T,897_C|A,2790_C|T,3037_C|T,3431_G|T,3565_T|C,4184_G|A,4321_C|T,6183_A|G,7842_A|G,8293_C|T,8341_T|A,8393_G|A,9244_A|G,9344_C|T,9424_A|G,9534_C|T,10029_C|T,10198_C|T,10447_G|A,10449_C|A,11042_G|T,11727_G|A,12789_C|T,12815_C|T,12880_C|T,13339_T|C,14408_C|T,15714_C|T,15756_T|A,17410_C|T,18163_A|G,18453_T|C,18492_A|G,18894_C|T,19955_C|T,20055_A|G,21618_C|T,21622_C|T,21624_G|C,21711_C|T,21941_G|T,21987_G|A,22032_T|C,22033_C|A,22034_A|G,22200_T|G,22208_C|T,22295_C|A,22353_C|A,22556_A|G,22577_G|C,22578_G|A,22629_A|C,22674_C|T,22679_T|C,22686_C|T,22688_A|G,22770_G|A,22775_G|A,22786_A|C,22813_G|T,22882_T|G,22895_G|C,22896_T|A,22898_G|A,22910_A|G,22916_C|T,22917_T|G,22926_T|C,22942_T|A,22992_G|A,22995_C|A,23005_T|A,23012_G|A,23018_T|C,23019_T|C,23055_A|G,23063_A|T,23075_T|C,23222_G|A,23271_C|T,23403_A|G,23423_C|T,23525_C|T,23599_T|G,23604_C|G,23854_C|A,23948_G|T,24378_C|T,24424_A|T,24469_T|A,24990_C|T,25000_C|T,25207_C|T,25584_C|T,26060_C|T,26270_C|T,26529_G|C,26577_C|G,26610_A|G,26681_C|T,26709_G|A,26833_C|T,26858_C|T,27259_A|C,27382_G|C,27383_A|T,27384_T|C,27807_C|T,27915_G|T,28271_A|T,28297_T|C,28311_C|T,28846_C|T,28881_G|A,28882_G|A,28883_G|C,29510_A|C,11288_11296,21633_21641,21765_21770,21992_21994,22194_22196,23009_23011,28362_28370,29734_29759,21608_.|TCATGCCGCTGT
USA/IL-CDC-QDX92232131/2024	XDP	241_C|T,670_T|G,774_C|T,897_C|A,2790_C|T,3037_C|T,3431_G|T,3565_T|C,4184_G|A,4321_C|T,6183_A|G,7842_A|G,8293_C|T,8393_G|A,9244_A|G,9344_C|T,9424_A|G,9534_C|T,10029_C|T,10198_C|T,10447_G|A,10449_C|A,11042_G|T,11727_G|A,12789_C|T,12815_C|T,12880_C|T,13339_T|C,14408_C|T,15714_C|T,15756_T|A,17410_C|T,18163_A|G,18453_T|C,18492_A|G,18894_C|T,19955_C|T,20055_A|G,21618_C|T,21622_C|T,21624_G|C,21711_C|T,21941_G|T,21987_G|A,22032_T|C,22033_C|A,22034_A|G,22200_T|G,22208_C|T,22295_C|A,22353_C|A,22556_A|G,22577_G|C,22578_G|A,22629_A|C,22674_C|T,22679_T|C,22686_C|T,22688_A|G,22770_G|A,22775_G|A,22786_A|C,22813_G|T,22882_T|G,22895_G|C,22896_T|A,22898_G|A,22910_A|G,22916_C|T,22917_T|G,22926_T|C,22942_T|A,22992_G|A,22995_C|A,23005_T|A,23012_G|A,23018_T|C,23019_T|C,23055_A|G,23063_A|T,23075_T|C,23222_G|A,23271_C|T,23403_A|G,23423_C|T,23525_C|T,23599_T|G,23604_C|G,23854_C|A,23948_G|T,24378_C|T,24424_A|T,24469_T|A,24990_C|T,25000_C|T,25207_C|T,25584_C|T,26060_C|T,26270_C|T,26529_G|C,26577_C|G,26610_A|G,26681_C|T,26709_G|A,26833_C|T,26858_C|T,27259_A|C,27382_G|C,27383_A|T,27384_T|C,27807_C|T,27915_G|T,28271_A|T,28297_T|C,28311_C|T,28846_C|T,28881_G|A,28882_G|A,28883_G|C,29510_A|C,11288_11296,21633_21641,21765_21770,21992_21994,22194_22196,23009_23011,28242_28245,28362_28370,29734_29759,21608_.|TCATGCCGCTGT
USA/IL-RIPHL_122592_G/2024	XDP	241_C|T,670_T|G,897_C|A,2790_C|T,3037_C|T,3431_G|T,3565_T|C,4184_G|A,4321_C|T,6183_A|G,7842_A|G,8293_C|T,8393_G|A,9244_A|G,9344_C|T,9424_A|G,9534_C|T,10029_C|T,10198_C|T,10447_G|A,10449_C|A,11042_G|T,11727_G|A,12789_C|T,12815_C|T,12880_C|T,13339_T|C,13979_A|C,14408_C|T,15714_C|T,15756_T|A,17410_C|T,18163_A|G,18453_T|C,18492_A|G,18894_C|T,19955_C|T,20055_A|G,21618_C|T,21622_C|T,21624_G|C,21711_C|T,21941_G|T,21987_G|A,22032_T|C,22033_C|A,22034_A|G,22200_T|G,22208_C|T,22295_C|A,22353_C|A,22556_A|G,22577_G|C,22578_G|A,22629_A|C,22674_C|T,22679_T|C,22686_C|T,22688_A|G,22770_G|A,22775_G|A,22786_A|C,22813_G|T,22882_T|G,22895_G|C,22896_T|A,22898_G|A,22910_A|G,22916_C|T,22917_T|G,22926_T|C,22942_T|A,22992_G|A,22995_C|A,23005_T|A,23012_G|A,23018_T|C,23019_T|C,23055_A|G,23063_A|T,23075_T|C,23222_G|A,23271_C|T,23403_A|G,23423_C|T,23525_C|T,23599_T|G,23604_C|G,23854_C|A,23948_G|T,24378_C|T,24424_A|T,24469_T|A,24990_C|T,25000_C|T,25207_C|T,25584_C|T,26060_C|T,26270_C|T,26529_G|C,26577_C|G,26610_A|G,26681_C|T,26709_G|A,26833_C|T,26858_C|T,27259_A|C,27382_G|C,27383_A|T,27384_T|C,27807_C|T,27915_G|T,28271_A|T,28297_T|C,28311_C|T,28846_C|T,28881_G|A,28882_G|A,28883_G|C,29510_A|C,11288_11296,21633_21641,21765_21770,21992_21994,22194_22196,23009_23011,28254,28362_28370,29734_29759,21608_.|TCATGCCGCTGT
USA/IL-RIPHL_122674_G/2024	XDP	21_C|T,241_C|T,670_T|G,774_C|T,897_C|A,2790_C|T,3037_C|T,3431_G|T,3565_T|C,4184_G|A,4321_C|T,6183_A|G,7842_A|G,8293_C|T,8393_G|A,9244_A|G,9344_C|T,9424_A|G,9534_C|T,10029_C|T,10198_C|T,10447_G|A,10449_C|A,11042_G|T,11727_G|A,12789_C|T,12815_C|T,12880_C|T,13339_T|C,14408_C|T,15714_C|T,15756_T|A,17410_C|T,18163_A|G,18453_T|C,18492_A|G,18894_C|T,19955_C|T,20055_A|G,21618_C|T,21622_C|T,21624_G|C,21711_C|T,21941_G|T,21987_G|A,22032_T|C,22033_C|A,22034_A|G,22200_T|G,22208_C|T,22295_C|A,22353_C|A,22556_A|G,22577_G|C,22578_G|A,22629_A|C,22674_C|T,22679_T|C,22686_C|T,22688_A|G,22770_G|A,22775_G|A,22786_A|C,22813_G|T,22882_T|G,22895_G|C,22896_T|A,22898_G|A,22910_A|G,22916_C|T,22917_T|G,22926_T|C,22942_T|A,22992_G|A,22995_C|A,23005_T|A,23012_G|A,23018_T|C,23019_T|C,23055_A|G,23063_A|T,23075_T|C,23222_G|A,23271_C|T,23403_A|G,23423_C|T,23525_C|T,23599_T|G,23604_C|G,23854_C|A,23948_G|T,24378_C|T,24424_A|T,24469_T|A,24990_C|T,25000_C|T,25207_C|T,25584_C|T,26060_C|T,26270_C|T,26529_G|C,26577_C|G,26610_A|G,26681_C|T,26709_G|A,26833_C|T,26858_C|T,27259_A|C,27382_G|C,27383_A|T,27384_T|C,27807_C|T,27915_G|T,28271_A|T,28297_T|C,28311_C|T,28846_C|T,28881_G|A,28882_G|A,28883_G|C,29510_A|C,11288_11296,21633_21641,21765_21770,21992_21994,22194_22196,23009_23011,28242_28245,28362_28370,29734_29759,21608_.|TCATGCCGCTGT
USA/IL-RIPHL_122833_G/2024	XDP	241_C|T,670_T|G,897_C|A,1385_C|T,2790_C|T,3037_C|T,3431_G|T,3565_T|C,4184_G|A,4321_C|T,6183_A|G,7842_A|G,8293_C|T,8393_G|A,9344_C|T,9424_A|G,9534_C|T,10029_C|T,10198_C|T,10447_G|A,10449_C|A,11042_G|T,11727_G|A,12789_C|T,12815_C|T,12880_C|T,13339_T|C,14408_C|T,15714_C|T,15756_T|A,17410_C|T,18163_A|G,18453_T|C,18492_A|G,18894_C|T,19955_C|T,20055_A|G,21618_C|T,21622_C|T,21624_G|C,21711_C|T,21941_G|T,21987_G|A,22032_T|C,22033_C|A,22034_A|G,22051_G|T,22200_T|G,22208_C|T,22295_C|A,22353_C|A,22556_A|G,22577_G|C,22578_G|A,22629_A|C,22674_C|T,22679_T|C,22686_C|T,22688_A|G,22770_G|A,22775_G|A,22786_A|C,22813_G|T,22882_T|G,22895_G|C,22896_T|A,22898_G|A,22910_A|G,22916_C|T,22917_T|G,22926_T|C,22942_T|A,22992_G|A,22995_C|A,23005_T|A,23012_G|A,23018_T|C,23019_T|C,23055_A|G,23063_A|T,23075_T|C,23222_G|A,23271_C|T,23403_A|G,23423_C|T,23525_C|T,23599_T|G,23604_C|G,23854_C|A,23948_G|T,24378_C|T,24424_A|T,24469_T|A,24990_C|T,25000_C|T,25207_C|T,25584_C|T,26060_C|T,26270_C|T,26529_G|C,26577_C|G,26610_A|G,26681_C|T,26709_G|A,26833_C|T,26858_C|T,27259_A|C,27382_G|C,27383_A|T,27384_T|C,27807_C|T,27915_G|T,28271_A|T,28297_T|C,28311_C|T,28846_C|T,28881_G|A,28882_G|A,28883_G|C,29510_A|C,11288_11296,21633_21641,21765_21770,21992_21994,22194_22196,23009_23011,28362_28370,29734_29759,21607_.|GNNNNNNNNNNN
USA/IL-RIPHL_122859_G/2024	XDP	21_C|T,241_C|T,670_T|G,897_C|A,2790_C|T,3037_C|T,3425_C|T,3431_G|T,3565_T|C,4184_G|A,4321_C|T,5244_A|T,6183_A|G,7842_A|G,8293_C|T,8393_G|A,9344_C|T,9424_A|G,9534_C|T,10029_C|T,10198_C|T,10447_G|A,10449_C|A,11042_G|T,11727_G|A,12789_C|T,12815_C|T,12880_C|T,13339_T|C,14408_C|T,15194_C|T,15714_C|T,15756_T|A,17410_C|T,18163_A|G,18453_T|C,18492_A|G,18894_C|T,19955_C|T,20055_A|G,20734_G|C,21618_C|T,21622_C|T,21624_G|C,21711_C|T,21941_G|T,21987_G|A,22032_T|C,22033_C|A,22034_A|G,22200_T|G,22208_C|T,22295_C|A,22353_C|A,22556_A|G,22577_G|C,22578_G|A,22629_A|C,22674_C|T,22679_T|C,22686_C|T,22688_A|G,22770_G|A,22775_G|A,22786_A|C,22813_G|T,22882_T|G,22895_G|C,22896_T|A,22898_G|A,22910_A|G,22916_C|T,22917_T|G,22926_T|C,22942_T|A,22992_G|A,22995_C|A,23005_T|A,23012_G|A,23018_T|C,23019_T|C,23055_A|G,23063_A|T,23075_T|C,23222_G|A,23271_C|T,23403_A|G,23423_C|T,23525_C|T,23599_T|G,23604_C|G,23854_C|A,23948_G|T,24378_C|T,24424_A|T,24469_T|A,24990_C|T,25000_C|T,25207_C|T,25350_C|T,25584_C|T,26058_C|T,26060_C|T,26270_C|T,26529_G|C,26577_C|G,26610_A|G,26681_C|T,26709_G|A,26833_C|T,26858_C|T,27259_A|C,27382_G|C,27383_A|T,27384_T|C,27807_C|T,27915_G|T,28271_A|T,28297_T|C,28311_C|T,28846_C|T,28881_G|A,28882_G|A,28883_G|C,29510_A|C,11288_11296,21633_21641,21765_21770,21992_21994,22194_22196,23009_23011,28362_28370,29734_29759,21607_.|GNNNNNNNNNNN
USA/IL-RIPHL_14295_G/2024	XDP	241_C|T,670_T|G,774_C|T,897_C|A,2790_C|T,3037_C|T,3431_G|T,3565_T|C,4184_G|A,4321_C|T,6183_A|G,7842_A|G,8293_C|T,8393_G|A,9344_C|T,9424_A|G,9534_C|T,9693_C|T,10029_C|T,10198_C|T,10447_G|A,10449_C|A,11042_G|T,11727_G|A,12119_C|T,12789_C|T,12815_C|T,12880_C|T,13339_T|C,14408_C|T,15714_C|T,15756_T|A,17410_C|T,18163_A|G,18453_T|C,18492_A|G,18894_C|T,19955_C|T,20055_A|G,21575_C|T,21618_C|T,21622_C|T,21624_G|C,21711_C|T,21941_G|T,21987_G|A,22032_T|C,22033_C|A,22034_A|G,22200_T|G,22208_C|T,22295_C|A,22353_C|A,22556_A|G,22577_G|C,22578_G|A,22629_A|C,22674_C|T,22679_T|C,22686_C|T,22688_A|G,22770_G|A,22775_G|A,22786_A|C,22813_G|T,22882_T|G,22895_G|C,22896_T|A,22898_G|A,22910_A|G,22916_C|T,22917_T|G,22926_T|C,22942_T|A,22992_G|A,22995_C|A,23005_T|A,23012_G|A,23018_T|C,23019_T|C,23055_A|G,23063_A|T,23075_T|C,23222_G|A,23271_C|T,23403_A|G,23423_C|T,23525_C|T,23599_T|G,23604_C|G,23854_C|A,23948_G|T,24378_C|T,24424_A|T,24469_T|A,24990_C|T,25000_C|T,25207_C|T,25584_C|T,26060_C|T,26270_C|T,26529_G|C,26577_C|G,26610_A|G,26681_C|T,26709_G|A,26833_C|T,26858_C|T,27259_A|C,27382_G|C,27383_A|T,27384_T|C,27807_C|T,27915_G|T,28271_A|T,28297_T|C,28311_C|T,28846_C|T,28881_G|A,28882_G|A,28883_G|C,29510_A|C,11288_11296,21633_21641,21765_21770,21992_21994,22194_22196,23009_23011,28362_28370,29734_29759,21608_.|TCATGCCGCTGT
USA/IL-RIPHL_21829_G/2024	XDP	21_C|T,44_C|T,241_C|T,670_T|G,774_C|T,897_C|A,1427_C|T,2790_C|T,3037_C|T,3431_G|T,3565_T|C,4184_G|A,4321_C|T,5184_C|A,6183_A|G,7842_A|G,8293_C|T,8393_G|A,9344_C|T,9424_A|G,9534_C|T,10029_C|T,10039_C|T,10198_C|T,10447_G|A,10449_C|A,11042_G|T,11727_G|A,12789_C|T,12815_C|T,12880_C|T,13339_T|C,14408_C|T,15714_C|T,15756_T|A,17410_C|T,18163_A|G,18453_T|C,18492_A|G,18894_C|T,19955_C|T,20055_A|G,21618_C|T,21622_C|T,21624_G|C,21711_C|T,21941_G|T,21987_G|A,22032_T|C,22033_C|A,22034_A|G,22200_T|G,22208_C|T,22295_C|A,22353_C|A,22556_A|G,22577_G|C,22578_G|A,22629_A|C,22674_C|T,22679_T|C,22686_C|T,22688_A|G,22770_G|A,22775_G|A,22786_A|C,22813_G|T,22882_T|G,22895_G|C,22896_T|A,22898_G|A,22910_A|G,22916_C|T,22917_T|G,22926_T|C,22942_T|A,22992_G|A,22995_C|A,23005_T|A,23012_G|A,23018_T|C,23019_T|C,23055_A|G,23063_A|T,23075_T|C,23222_G|A,23271_C|T,23403_A|G,23423_C|T,23525_C|T,23599_T|G,23604_C|G,23854_C|A,23948_G|T,24378_C|T,24424_A|T,24469_T|A,24734_C|T,24961_C|T,24990_C|T,25000_C|T,25207_C|T,25584_C|T,26060_C|T,26270_C|T,26529_G|C,26577_C|G,26610_A|G,26681_C|T,26709_G|A,26833_C|T,26858_C|T,27259_A|C,27382_G|C,27383_A|T,27384_T|C,27807_C|T,27915_G|T,28271_A|T,28297_T|C,28311_C|T,28846_C|T,28881_G|A,28882_G|A,28883_G|C,29510_A|C,11288_11296,21633_21641,21765_21770,21992_21994,22194_22196,23009_23011,28362_28370,29734_29759,21608_.|TCATGCCGCTGT
USA/IL-RIPHL_32956_G/2024	XDP	241_C|T,670_T|G,774_C|T,897_C|A,2790_C|T,3037_C|T,3259_G|T,3431_G|T,3565_T|C,4184_G|A,4321_C|T,6183_A|G,7842_A|G,8293_C|T,8393_G|A,9344_C|T,9424_A|G,9534_C|T,10029_C|T,10198_C|T,10447_G|A,10449_C|A,11042_G|T,11727_G|A,12789_C|T,12815_C|T,12880_C|T,13339_T|C,14408_C|T,15714_C|T,15756_T|A,17410_C|T,18163_A|G,18453_T|C,18492_A|G,18894_C|T,19955_C|T,20055_A|G,21618_C|T,21622_C|T,21624_G|C,21711_C|T,21941_G|T,21987_G|A,22032_T|C,22033_C|A,22034_A|G,22200_T|G,22208_C|T,22295_C|A,22353_C|A,22556_A|G,22577_G|C,22578_G|A,22629_A|C,22674_C|T,22679_T|C,22686_C|T,22688_A|G,22770_G|A,22775_G|A,22786_A|T,22813_G|T,22882_T|G,22895_G|C,22896_T|A,22898_G|A,22910_A|G,22916_C|T,22917_T|G,22926_T|C,22942_T|A,22992_G|A,22995_C|A,23005_T|A,23012_G|A,23018_T|C,23019_T|C,23055_A|G,23063_A|T,23075_T|C,23222_G|A,23271_C|T,23403_A|G,23423_C|T,23525_C|T,23599_T|G,23604_C|G,23854_C|A,23948_G|T,24378_C|T,24424_A|T,24469_T|A,24990_C|T,25000_C|T,25207_C|T,25584_C|T,26060_C|T,26270_C|T,26529_G|C,26577_C|G,26610_A|G,26681_C|T,26709_G|A,26833_C|T,26858_C|T,27259_A|C,27382_G|C,27383_A|T,27384_T|C,27807_C|T,27915_G|T,28271_A|T,28297_T|C,28311_C|T,28846_C|T,28881_G|A,28882_G|A,28883_G|C,29510_A|C,11288_11296,21633_21641,21765_21770,21992_21994,22194_22196,23009_23011,28362_28370,29734_29759,21608_.|TCATGCCGCTGT
USA/IL-RIPHL_32998_G/2024	XDP	21_C|T,44_C|T,241_C|T,670_T|G,774_C|T,897_C|A,1427_C|T,2790_C|T,3037_C|T,3431_G|T,3565_T|C,4184_G|A,4321_C|T,5184_C|A,6183_A|G,7842_A|G,8293_C|T,8393_G|A,9344_C|T,9424_A|G,9534_C|T,10029_C|T,10039_C|T,10198_C|T,10447_G|A,10449_C|A,11042_G|T,11727_G|A,12789_C|T,12815_C|T,12880_C|T,13339_T|C,14408_C|T,15714_C|T,15756_T|A,17410_C|T,18163_A|G,18453_T|C,18492_A|G,18894_C|T,19955_C|T,20055_A|G,21618_C|T,21622_C|T,21624_G|C,21711_C|T,21941_G|T,21987_G|A,22032_T|C,22033_C|A,22034_A|G,22200_T|G,22208_C|T,22295_C|A,22353_C|A,22556_A|G,22577_G|C,22578_G|A,22629_A|C,22674_C|T,22679_T|C,22686_C|T,22688_A|G,22775_G|A,22786_A|C,22813_G|T,22882_T|G,22895_G|C,22896_T|A,22898_G|A,22910_A|G,22916_C|T,22917_T|G,22926_T|C,22942_T|A,22992_G|A,22995_C|A,23005_T|A,23012_G|A,23018_T|C,23019_T|C,23055_A|G,23063_A|T,23075_T|C,23222_G|A,23271_C|T,23403_A|G,23423_C|T,23525_C|T,23599_T|G,23604_C|G,23854_C|A,23948_G|T,24378_C|T,24424_A|T,24469_T|A,24734_C|T,24961_C|T,24990_C|T,25000_C|T,25207_C|T,25584_C|T,26060_C|T,26270_C|T,26529_G|C,26577_C|G,26610_A|G,26681_C|T,26709_G|A,26833_C|T,26858_C|T,27259_A|C,27382_G|C,27383_A|T,27384_T|C,27807_C|T,27915_G|T,28271_A|T,28297_T|C,28311_C|T,28846_C|T,28881_G|A,28882_G|A,28883_G|C,29510_A|C,11288_11296,21633_21641,21765_21770,21992_21994,22194_22196,23009_23011,28362_28370,29734_29759,21608_.|TCATGCCGCTGT
USA/IL-RIPHL_33009_G/2024	XDP	241_C|T,670_T|G,774_C|T,897_C|A,1772_G|A,2790_C|T,3037_C|T,3431_G|T,3565_T|C,4184_G|A,4321_C|T,6183_A|G,7842_A|G,8293_C|T,8344_C|T,8393_G|A,9244_A|G,9344_C|T,9424_A|G,9534_C|T,10029_C|T,10198_C|T,10447_G|A,10449_C|A,11042_G|T,11727_G|A,12789_C|T,12815_C|T,12880_C|T,13339_T|C,14408_C|T,15714_C|T,15756_T|A,17410_C|T,18163_A|G,18453_T|C,18492_A|G,18894_C|T,19955_C|T,20055_A|G,21618_C|T,21622_C|T,21624_G|C,21711_C|T,21941_G|T,21987_G|A,22032_T|C,22033_C|A,22034_A|G,22200_T|G,22208_C|T,22295_C|A,22353_C|A,22556_A|G,22577_G|C,22578_G|A,22629_A|C,22674_C|T,22679_T|C,22686_C|T,22688_A|G,22775_G|A,22786_A|C,22813_G|T,22882_T|G,22895_G|C,22896_T|A,22898_G|A,22910_A|G,22916_C|T,22917_T|G,22926_T|C,22942_T|A,22992_G|A,22995_C|A,23005_T|A,23012_G|A,23018_T|C,23019_T|C,23055_A|G,23063_A|T,23075_T|C,23222_G|A,23271_C|T,23403_A|G,23423_C|T,23525_C|T,23599_T|G,23604_C|G,23854_C|A,23948_G|T,24378_C|T,24424_A|T,24469_T|A,24990_C|T,25000_C|T,25207_C|T,25584_C|T,26060_C|T,26270_C|T,26529_G|C,26577_C|G,26610_A|G,26681_C|T,26709_G|A,26833_C|T,26858_C|T,27259_A|C,27382_G|C,27383_A|T,27384_T|C,27807_C|T,27915_G|T,28271_A|T,28297_T|C,28311_C|T,28846_C|T,28881_G|A,28882_G|A,28883_G|C,29510_A|C,11288_11296,21633_21641,21765_21770,21992_21994,22194_22196,23009_23011,28362_28370,29734_29759,21608_.|TCATGCCGCTGT
USA/IL-RIPHL_81390_G/2024	XDP	21_C|T,44_C|T,241_C|T,670_T|G,774_C|T,897_C|A,1772_G|A,2790_C|T,3037_C|T,3431_G|T,3565_T|C,4184_G|A,4321_C|T,6183_A|G,7842_A|G,8293_C|T,8344_C|T,8393_G|A,9244_A|G,9344_C|T,9424_A|G,9534_C|T,10029_C|T,10198_C|T,10447_G|A,10449_C|A,11042_G|T,11727_G|A,12789_C|T,12815_C|T,12880_C|T,13339_T|C,14408_C|T,15714_C|T,15756_T|A,17410_C|T,18163_A|G,18453_T|C,18492_A|G,18894_C|T,19955_C|T,20055_A|G,21618_C|T,21622_C|T,21624_G|C,21711_C|T,21941_G|T,21987_G|A,22032_T|C,22033_C|A,22034_A|G,22200_T|G,22208_C|T,22295_C|A,22353_C|A,22556_A|G,22577_G|C,22578_G|A,22629_A|C,22674_C|T,22679_T|C,22686_C|T,22688_A|G,22770_G|A,22775_G|A,22786_A|C,22813_G|T,22882_T|G,22895_G|C,22896_T|A,22898_G|A,22910_A|G,22916_C|T,22917_T|G,22926_T|C,22942_T|A,22992_G|A,22995_C|A,23005_T|A,23012_G|A,23018_T|C,23019_T|C,23055_A|G,23063_A|T,23075_T|C,23222_G|A,23271_C|T,23403_A|G,23423_C|T,23525_C|T,23599_T|G,23604_C|G,23854_C|A,23948_G|T,24378_C|T,24424_A|T,24469_T|A,24990_C|T,25000_C|T,25207_C|T,25584_C|T,26060_C|T,26270_C|T,26529_G|C,26577_C|G,26610_A|G,26681_C|T,26709_G|A,26833_C|T,26858_C|T,27259_A|C,27382_G|C,27383_A|T,27384_T|C,27807_C|T,27915_G|T,28271_A|T,28297_T|C,28311_C|T,28846_C|T,28881_G|A,28882_G|A,28883_G|C,29510_A|C,11288_11296,21633_21641,21765_21770,21992_21994,22194_22196,23009_23011,28362_28370,29734_29759,21608_.|TCATGCCGCTGT
USA/IL_RIPHL_123038_G/2024	XDP	241_C|T,670_T|G,774_C|T,897_C|A,2790_C|T,3037_C|T,3431_G|T,3565_T|C,4184_G|A,4321_C|T,6183_A|G,7842_A|G,8293_C|T,8393_G|A,9344_C|T,9424_A|G,9534_C|T,9803_C|T,9808_C|T,10029_C|T,10198_C|T,10447_G|A,10449_C|A,11042_G|T,11727_G|A,12789_C|T,12815_C|T,12880_C|T,13339_T|C,14408_C|T,15714_C|T,15756_T|A,17410_C|T,18163_A|G,18453_T|C,18492_A|G,18894_C|T,19955_C|T,20055_A|G,21618_C|T,21622_C|T,21624_G|C,21711_C|T,21941_G|T,21987_G|A,22032_T|C,22033_C|A,22034_A|G,22200_T|G,22208_C|T,22295_C|A,22353_C|A,22556_A|G,22577_G|C,22578_G|A,22629_A|C,22674_C|T,22679_T|C,22686_C|T,22688_A|G,22770_G|A,22775_G|A,22786_A|C,22813_G|T,22882_T|G,22895_G|C,22896_T|A,22898_G|A,22910_A|G,22916_C|T,22917_T|G,22926_T|C,22942_T|A,22992_G|A,22995_C|A,23005_T|A,23012_G|A,23018_T|C,23019_T|C,23055_A|G,23063_A|T,23075_T|C,23222_G|A,23271_C|T,23403_A|G,23423_C|T,23523_A|T,23525_C|T,23599_T|G,23604_C|G,23854_C|A,23948_G|T,24378_C|T,24424_A|T,24469_T|A,24990_C|T,25000_C|T,25207_C|T,25584_C|T,26060_C|T,26270_C|T,26529_G|C,26577_C|G,26610_A|G,26681_C|T,26709_G|A,26833_C|T,26858_C|T,27259_A|C,27382_G|C,27383_A|T,27384_T|C,27807_C|T,27915_G|T,28271_A|T,28297_T|C,28311_C|T,28846_C|T,28881_G|A,28882_G|A,28883_G|C,29510_A|C,11288_11296,21633_21641,21765_21770,21992_21994,22194_22196,23009_23011,28362_28370,29734_29759,21608_.|TCATGCCGCTGT
USA/IVY-G43R92C9/2024	XDP	241_C|T,670_T|G,774_C|T,897_C|A,2790_C|T,3037_C|T,3431_G|T,3565_T|C,4184_G|A,4321_C|T,6183_A|G,7842_A|G,8293_C|T,8393_G|A,9344_C|T,9424_A|G,9534_C|T,10029_C|T,10198_C|T,10447_G|A,10449_C|A,11042_G|T,11727_G|A,12459_C|T,12789_C|T,12815_C|T,12880_C|T,13339_T|C,14408_C|T,15714_C|T,15756_T|A,17410_C|T,18163_A|G,18453_T|C,18492_A|G,18894_C|T,19955_C|T,20055_A|G,21618_C|T,21622_C|T,21624_G|C,21711_C|T,21941_G|T,21987_G|A,22032_T|C,22033_C|A,22034_A|G,22200_T|G,22208_C|T,22295_C|A,22353_C|A,22556_A|G,22577_G|C,22578_G|A,22629_A|C,22674_C|T,22679_T|C,22686_C|T,22688_A|G,22770_G|A,22775_G|A,22786_A|C,22813_G|T,22882_T|G,22895_G|C,22896_T|A,22898_G|A,22910_A|G,22916_C|T,22917_T|G,22926_T|C,22942_T|A,22992_G|A,22995_C|A,23005_T|A,23012_G|A,23018_T|C,23019_T|C,23055_A|G,23063_A|T,23075_T|C,23222_G|A,23271_C|T,23403_A|G,23423_C|T,23525_C|T,23599_T|G,23604_C|G,23854_C|A,23948_G|T,24378_C|T,24424_A|T,24469_T|A,24990_C|T,25000_C|T,25207_C|T,25584_C|T,26060_C|T,26110_C|T,26270_C|T,26529_G|C,26577_C|G,26610_A|G,26681_C|T,26709_G|A,26833_C|T,26858_C|T,26882_C|T,27259_A|C,27382_G|C,27383_A|T,27384_T|C,27807_C|T,27915_G|T,28271_A|T,28297_T|C,28300_G|T,28311_C|T,28846_C|T,28881_G|A,28882_G|A,28883_G|C,29510_A|C,11288_11296,21633_21641,21765_21770,21992_21994,22194_22196,23009_23011,28362_28370,21608_.|TCATGCCGCTGT
USA/MD-CDC-LC1095639/2024	XDP	241_C|T,670_T|G,774_C|T,897_C|A,2790_C|T,3037_C|T,3431_G|T,3565_T|C,4184_G|A,4321_C|T,6183_A|G,6616_A|G,7842_A|G,8293_C|T,8393_G|A,9344_C|T,9424_A|G,9534_C|T,10029_C|T,10198_C|T,10447_G|A,10449_C|A,11042_G|T,11727_G|A,12789_C|T,12815_C|T,12880_C|T,13339_T|C,14408_C|T,15714_C|T,15756_T|A,17410_C|T,18163_A|G,18453_T|C,18492_A|G,18894_C|T,19955_C|T,20055_A|G,21618_C|T,21622_C|T,21624_G|C,21711_C|T,21941_G|T,21987_G|A,22032_T|C,22033_C|A,22034_A|G,22200_T|G,22208_C|T,22295_C|A,22353_C|A,22556_A|G,22577_G|C,22578_G|A,22629_A|C,22674_C|T,22679_T|C,22686_C|T,22688_A|G,22770_G|A,22775_G|A,22786_A|C,22813_G|T,22882_T|G,22895_G|C,22896_T|A,22898_G|A,22910_A|G,22916_C|T,22917_T|G,22926_T|C,22942_T|A,22992_G|A,22995_C|A,23005_T|A,23012_G|A,23018_T|C,23019_T|C,23055_A|G,23063_A|T,23075_T|C,23222_G|A,23271_C|T,23403_A|G,23423_C|T,23525_C|T,23599_T|G,23604_C|G,23854_C|A,23948_G|T,24378_C|T,24424_A|T,24469_T|A,24990_C|T,25000_C|T,25207_C|T,25584_C|T,26060_C|T,26270_C|T,26529_G|C,26577_C|G,26610_A|G,26681_C|T,26709_G|A,26833_C|T,26858_C|T,27259_A|C,27382_G|C,27383_A|T,27384_T|C,27807_C|T,27915_G|T,28271_A|T,28297_T|C,28311_C|T,28846_C|T,28881_G|A,28882_G|A,28883_G|C,29510_A|C,11288_11296,21633_21641,21765_21770,21992_21994,22194_22196,23009_23011,28362_28370,29734_29759,21608_.|TCATGCCGCTGT
USA/ME-CDC-LC1090946/2024	XDP	241_C|T,670_T|G,774_C|T,897_C|A,2790_C|T,3037_C|T,3431_G|T,3565_T|C,4184_G|A,4321_C|T,6183_A|G,7842_A|G,8293_C|T,8393_G|A,9344_C|T,9424_A|G,9534_C|T,10029_C|T,10198_C|T,10447_G|A,10449_C|A,11042_G|T,11727_G|A,12789_C|T,12815_C|T,12880_C|T,13339_T|C,14408_C|T,15324_C|T,15714_C|T,15756_T|A,17410_C|T,18163_A|G,18453_T|C,18492_A|G,18894_C|T,19955_C|T,20055_A|G,21618_C|T,21622_C|T,21624_G|C,21711_C|T,21941_G|T,21987_G|A,22032_T|C,22033_C|A,22034_A|G,22200_T|G,22208_C|T,22295_C|A,22353_C|A,22556_A|G,22577_G|C,22578_G|A,22629_A|C,22674_C|T,22679_T|C,22686_C|T,22688_A|G,22770_G|A,22775_G|A,22786_A|C,22813_G|T,22882_T|G,22895_G|C,22896_T|A,22898_G|A,22910_A|G,22916_C|T,22917_T|G,22926_T|C,22942_T|A,22992_G|A,22995_C|A,23005_T|A,23012_G|A,23018_T|C,23019_T|C,23055_A|G,23063_A|T,23075_T|C,23222_G|A,23271_C|T,23403_A|G,23423_C|T,23525_C|T,23599_T|G,23604_C|G,23854_C|A,23948_G|T,24378_C|T,24424_A|T,24469_T|A,24990_C|T,25000_C|T,25207_C|T,25584_C|T,26060_C|T,26270_C|T,26529_G|C,26577_C|G,26610_A|G,26681_C|T,26709_G|A,26833_C|T,26858_C|T,27259_A|C,27382_G|C,27383_A|T,27384_T|C,27807_C|T,27915_G|T,28271_A|T,28297_T|C,28311_C|T,28846_C|T,28881_G|A,28882_G|A,28883_G|C,29510_A|C,11288_11296,21633_21641,21765_21770,21992_21994,22194_22196,23009_23011,28362_28370,29734_29759,21608_.|TCATGCCGCTGT
USA/MI-UM-10058409733/2024	XDP	241_C|T,670_T|G,774_C|T,897_C|A,1427_C|T,1455_T|C,2790_C|T,3037_C|T,3431_G|T,3565_T|C,4184_G|A,4321_C|T,4927_C|T,6183_A|G,7842_A|G,8293_C|T,8393_G|A,9344_C|T,9424_A|G,9534_C|T,10029_C|T,10198_C|T,10447_G|A,10449_C|A,11042_G|T,11339_C|T,11727_G|A,12789_C|T,12815_C|T,12880_C|T,13339_T|C,14408_C|T,15714_C|T,15756_T|A,17410_C|T,17850_C|T,18163_A|G,18453_T|C,18492_A|G,18894_C|T,19955_C|T,20055_A|G,21618_C|T,21622_C|T,21624_G|C,21711_C|T,21941_G|T,21987_G|A,22032_T|C,22033_C|A,22034_A|G,22200_T|G,22208_C|T,22295_C|A,22353_C|A,22556_A|G,22577_G|C,22578_G|A,22629_A|C,22674_C|T,22679_T|C,22686_C|T,22688_A|G,22770_G|A,22775_G|A,22786_A|C,22813_G|T,22882_T|G,22895_G|C,22896_T|A,22898_G|A,22910_A|G,22916_C|T,22917_T|G,22926_T|C,22942_T|A,22992_G|A,22995_C|A,23005_T|A,23012_G|A,23018_T|C,23019_T|C,23055_A|G,23063_A|T,23075_T|C,23222_G|A,23271_C|T,23403_A|G,23423_C|T,23525_C|T,23599_T|G,23604_C|G,23854_C|A,23948_G|T,24378_C|T,24424_A|T,24469_T|A,24990_C|T,25000_C|T,25207_C|T,25584_C|T,25617_G|T,26060_C|T,26270_C|T,26529_G|C,26577_C|G,26610_A|G,26681_C|T,26709_G|A,26833_C|T,26858_C|T,27092_C|T,27259_A|C,27382_G|C,27383_A|T,27384_T|C,27807_C|T,27915_G|T,28271_A|T,28297_T|C,28311_C|T,28846_C|T,28881_G|A,28882_G|A,28883_G|C,29510_A|C,11288_11296,21633_21641,21765_21770,21992_21994,22194_22196,23009_23011,28362_28370,21608_.|TCATGCCGCTGT
USA/MIS-010237517/2024	XDP	241_C|T,670_T|G,774_C|T,897_C|A,2790_C|T,3037_C|T,3431_G|T,3565_T|C,4184_G|A,4321_C|T,6183_A|G,7842_A|G,8293_C|T,8393_G|A,9344_C|T,9424_A|G,9534_C|T,10029_C|T,10198_C|T,10447_G|A,10449_C|A,11042_G|T,11727_G|A,12789_C|T,12815_C|T,12880_C|T,13339_T|C,13849_G|A,14119_C|T,14408_C|T,15714_C|T,15756_T|A,17410_C|T,18163_A|G,18453_T|C,18492_A|G,18894_C|T,19955_C|T,20055_A|G,20320_C|T,21618_C|T,21622_C|T,21624_G|C,21711_C|T,21941_G|T,21987_G|A,22032_T|C,22033_C|A,22034_A|G,22200_T|G,22208_C|T,22295_C|A,22353_C|A,22556_A|G,22577_G|C,22578_G|A,22629_A|C,22674_C|T,22679_T|C,22686_C|T,22688_A|G,22770_G|A,22775_G|A,22786_A|C,22813_G|T,22882_T|G,22895_G|C,22896_T|A,22898_G|A,22910_A|G,22916_C|T,22917_T|G,22926_T|C,22942_T|A,22992_G|A,22995_C|A,23005_T|A,23012_G|A,23018_T|C,23019_T|C,23055_A|G,23063_A|T,23075_T|C,23222_G|A,23271_C|T,23403_A|G,23423_C|T,23525_C|T,23599_T|G,23604_C|G,23854_C|A,23948_G|T,24378_C|T,24424_A|T,24469_T|A,24990_C|T,25000_C|T,25108_A|T,25207_C|T,25584_C|T,26060_C|T,26270_C|T,26529_G|C,26577_C|G,26610_A|G,26681_C|T,26709_G|A,26833_C|T,26858_C|T,27259_A|C,27382_G|C,27383_A|T,27384_T|C,27807_C|T,27915_G|T,28144_T|C,28271_A|T,28297_T|C,28311_C|T,28846_C|T,28881_G|A,28882_G|A,28883_G|C,29510_A|C,11288_11296,21633_21641,21765_21770,21992_21994,22194_22196,23009_23011,28362_28370,21608_.|TCATGCCGCTGT
USA/MIS-L375489184/2024	XDP	241_C|T,670_T|G,774_C|T,897_C|A,2790_C|T,3037_C|T,3431_G|T,3565_T|C,4184_G|A,4321_C|T,6183_A|G,7842_A|G,8293_C|T,8393_G|A,9344_C|T,9424_A|G,9534_C|T,10029_C|T,10198_C|T,10447_G|A,10449_C|A,11042_G|T,11727_G|A,12789_C|T,12815_C|T,12880_C|T,13339_T|C,13849_G|A,14119_C|T,14408_C|T,15714_C|T,15756_T|A,17410_C|T,18163_A|G,18453_T|C,18492_A|G,18894_C|T,19955_C|T,20055_A|G,20320_C|T,21618_C|T,21622_C|T,21624_G|C,21711_C|T,21941_G|T,21987_G|A,22032_T|C,22033_C|A,22034_A|G,22200_T|G,22208_C|T,22295_C|A,22353_C|A,22556_A|G,22577_G|C,22578_G|A,22629_A|C,22674_C|T,22679_T|C,22686_C|T,22688_A|G,22770_G|A,22775_G|A,22786_A|C,22813_G|T,22882_T|G,22895_G|C,22896_T|A,22898_G|A,22910_A|G,22916_C|T,22917_T|G,22926_T|C,22942_T|A,22992_G|A,22995_C|A,23005_T|A,23012_G|A,23018_T|C,23019_T|C,23055_A|G,23063_A|T,23075_T|C,23222_G|A,23271_C|T,23403_A|G,23423_C|T,23525_C|T,23599_T|G,23604_C|G,23854_C|A,23948_G|T,24378_C|T,24424_A|T,24469_T|A,24990_C|T,25000_C|T,25108_A|T,25207_C|T,25584_C|T,26060_C|T,26270_C|T,26529_G|C,26577_C|G,26610_A|G,26681_C|T,26709_G|A,26833_C|T,26858_C|T,27259_A|C,27382_G|C,27383_A|T,27384_T|C,27807_C|T,27915_G|T,28144_T|C,28271_A|T,28297_T|C,28311_C|T,28846_C|T,28881_G|A,28882_G|A,28883_G|C,29510_A|C,11288_11296,21633_21641,21765_21770,21992_21994,22194_22196,23009_23011,28362_28370,21608_.|TCATGCCGCTGT
USA/MIS-L376430401/2024	XDP	670_T|G,774_C|T,897_C|A,2106_C|T,2790_C|T,3037_C|T,3431_G|T,3565_T|C,4184_G|A,4321_C|T,6142_T|C,6183_A|G,7842_A|G,8293_C|T,8393_G|A,9344_C|T,9424_A|G,9534_C|T,10029_C|T,10198_C|T,10447_G|A,10449_C|A,11042_G|T,11727_G|A,12789_C|T,12815_C|T,12880_C|T,13339_T|C,14408_C|T,15714_C|T,15756_T|A,17410_C|T,18163_A|G,18453_T|C,18492_A|G,18894_C|T,19955_C|T,20055_A|G,20871_T|C,21618_C|T,21622_C|T,21624_G|C,21711_C|T,21941_G|T,21987_G|A,22032_T|C,22033_C|A,22034_A|G,22200_T|G,22208_C|T,22295_C|A,22353_C|A,22556_A|G,22577_G|C,22578_G|A,22629_A|C,22674_C|T,22679_T|C,22686_C|T,22688_A|G,22770_G|A,22775_G|A,22786_A|C,22813_G|T,22882_T|G,22895_G|C,22896_T|A,22898_G|A,22910_A|G,22916_C|T,22917_T|G,22926_T|C,22942_T|A,22992_G|A,22995_C|A,23005_T|A,23012_G|A,23018_T|C,23019_T|C,23055_A|G,23063_A|T,23075_T|C,23222_G|A,23271_C|T,23403_A|G,23423_C|T,23525_C|T,23599_T|G,23604_C|G,23849_T|C,23854_C|A,23948_G|T,24378_C|T,24424_A|T,24469_T|A,24990_C|T,25000_C|T,25207_C|T,25584_C|T,26060_C|T,26270_C|T,26529_G|C,26577_C|G,26610_A|G,26645_C|T,26681_C|T,26709_G|A,26833_C|T,26858_C|T,27259_A|C,27382_G|C,27383_A|T,27384_T|C,27807_C|T,27915_G|T,28271_A|T,28297_T|C,28311_C|T,28846_C|T,28881_G|A,28882_G|A,28883_G|C,28985_G|T,29510_A|C,686_694,11288_11296,21633_21641,21765_21770,21992_21994,22194_22196,23009_23011,28362_28370,21608_.|TCATGCCGCTGT
USA/MN-CDC-VSX-A14023/2023	XDP	241_C|T,670_T|G,774_C|T,897_C|A,2790_C|T,3037_C|T,3431_G|T,3565_T|C,4184_G|A,4321_C|T,6183_A|G,7842_A|G,8293_C|T,8393_G|A,9344_C|T,9424_A|G,9534_C|T,10029_C|T,10198_C|T,10447_G|A,10449_C|A,11042_G|T,11727_G|A,12789_C|T,12815_C|T,12880_C|T,13339_T|C,14408_C|T,15714_C|T,15756_T|A,17410_C|T,18163_A|G,18453_T|C,18492_A|G,18894_C|T,19955_C|G,20055_A|G,21618_C|T,21622_C|T,21624_G|C,21711_C|T,21941_G|T,21987_G|A,22032_T|C,22033_C|A,22034_A|G,22200_T|G,22208_C|T,22295_C|A,22353_C|A,22556_A|G,22577_G|C,22578_G|A,22629_A|C,22674_C|T,22679_T|C,22686_C|T,22688_A|G,22770_G|A,22775_G|A,22786_A|C,22813_G|T,22882_T|G,22895_G|C,22896_T|A,22898_G|A,22910_A|G,22916_C|T,22917_T|G,22926_T|C,22942_T|A,22992_G|A,22995_C|A,23005_T|A,23012_G|A,23018_T|C,23019_T|C,23055_A|G,23063_A|T,23075_T|C,23222_G|A,23271_C|T,23403_A|G,23423_C|T,23525_C|T,23599_T|G,23604_C|G,23854_C|A,23948_G|T,24378_C|T,24424_A|T,24469_T|A,24990_C|T,25000_C|T,25207_C|T,25584_C|T,25928_T|C,26060_C|T,26270_C|T,26529_G|C,26577_C|G,26610_A|G,26681_C|T,26709_G|A,26833_C|T,26858_C|T,27259_A|C,27382_G|C,27383_A|T,27384_T|C,27807_C|T,27915_G|T,28271_A|T,28297_T|C,28311_C|T,28846_C|T,28881_G|A,28882_G|A,28883_G|C,29510_A|C,11288_11296,21633_21641,21765_21770,21992_21994,22194_22196,23009_23011,28362_28370,29734_29759,21608_.|TCATGCCGCTGT
USA/MN-MDH-39521/2023	XDP	241_C|T,670_T|G,774_C|T,897_C|A,2790_C|T,3037_C|T,3431_G|T,3565_T|C,4184_G|A,4321_C|T,5838_A|C,6183_A|G,7842_A|G,8293_C|T,8393_G|A,9344_C|T,9424_A|G,9534_C|T,10029_C|T,10198_C|T,10447_G|A,10449_C|A,11042_G|T,11727_G|A,12789_C|T,12815_C|T,12880_C|T,13339_T|C,14408_C|T,15714_C|T,15756_T|A,17410_C|T,18163_A|G,18453_T|C,18492_A|G,18894_C|T,19955_C|T,20055_A|G,21618_C|T,21622_C|T,21624_G|C,21711_C|T,21941_G|T,21987_G|A,22032_T|C,22033_C|A,22034_A|G,22200_T|G,22208_C|T,22295_C|A,22353_C|A,22556_A|G,22577_G|C,22578_G|A,22629_A|C,22674_C|T,22679_T|C,22686_C|T,22688_A|G,22770_G|A,22775_G|A,22786_A|C,22813_G|T,22882_T|G,22895_G|C,22896_T|A,22898_G|A,22910_A|G,22916_C|T,22917_T|G,22926_T|C,22942_T|A,22992_G|A,22995_C|A,23005_T|A,23012_G|A,23018_T|C,23019_T|C,23055_A|G,23063_A|T,23075_T|C,23222_G|A,23271_C|T,23403_A|G,23423_C|T,23525_C|T,23599_T|G,23604_C|G,23854_C|A,23948_G|T,24378_C|T,24424_A|T,24469_T|A,24990_C|T,25000_C|T,25207_C|T,25584_C|T,26060_C|T,26270_C|T,26529_G|C,26577_C|G,26610_A|G,26681_C|T,26709_G|A,26833_C|T,26858_C|T,27259_A|C,27382_G|C,27383_A|T,27384_T|C,27807_C|T,27915_G|T,28271_A|T,28297_T|C,28311_C|T,28846_C|T,28881_G|A,28882_G|A,28883_G|C,29510_A|C,11288_11296,21633_21641,21992_21994,22194_22196,23009_23011,28362_28370,29734_29759,21608_.|TCATGCCGCTGT
USA/MN-MDH-40921/2024	XDP	241_C|T,670_T|G,774_C|T,897_C|A,2790_C|T,3037_C|T,3431_G|T,3565_T|C,4184_G|A,4321_C|T,6183_A|G,6996_T|C,7842_A|G,8293_C|T,8393_G|A,9344_C|T,9424_A|G,9534_C|T,10029_C|T,10198_C|T,10447_G|A,10449_C|A,11042_G|T,11194_T|C,11727_G|A,12789_C|T,12815_C|T,12880_C|T,13339_T|C,14408_C|T,14877_C|T,15714_C|T,15756_T|A,17410_C|T,18163_A|G,18453_T|C,18492_A|G,18894_C|T,19955_C|T,20055_A|G,21440_C|T,21618_C|T,21622_C|T,21624_G|C,21634_A|T,21638_C|T,21639_C|T,21711_C|T,21941_G|T,21987_G|A,22032_T|C,22033_C|A,22034_A|G,22200_T|G,22208_C|T,22295_C|A,22353_C|A,22556_A|G,22577_G|C,22578_G|A,22629_A|C,22674_C|T,22679_T|C,22686_C|T,22688_A|G,22770_G|A,22775_G|A,22786_A|C,22813_G|T,22882_T|G,22895_G|C,22896_T|A,22898_G|A,22910_A|G,22916_C|T,22917_T|G,22926_T|C,22942_T|A,22992_G|A,22995_C|A,23005_T|A,23012_G|A,23018_T|C,23019_T|C,23055_A|G,23063_A|T,23075_T|C,23222_G|A,23271_C|T,23403_A|G,23423_C|T,23525_C|T,23599_T|G,23604_C|G,23854_C|A,23948_G|T,24378_C|T,24424_A|T,24469_T|A,24990_C|T,25000_C|T,25207_C|T,25584_C|T,26060_C|T,26270_C|T,26529_G|C,26577_C|G,26610_A|G,26681_C|T,26709_G|A,26833_C|T,26858_C|T,27259_A|C,27382_G|C,27383_A|T,27384_T|C,27807_C|T,27915_G|T,28271_A|T,28297_T|C,28311_C|T,28846_C|T,28881_G|A,28882_G|A,28883_G|C,29510_A|C,11288_11296,21635_21637,21765_21770,21992_21994,22194_22196,23009_23011,28362_28370,29734_29759,21608_.|TCATGCCGCTGT
USA/MN-MDH-41364/2024	XDP	241_C|T,670_T|G,774_C|T,897_C|A,2790_C|T,3037_C|T,3431_G|T,3565_T|C,4184_G|A,4321_C|T,6183_A|G,7842_A|G,8293_C|T,8393_G|A,9244_A|G,9344_C|T,9424_A|G,9534_C|T,10029_C|T,10198_C|T,10447_G|A,10449_C|A,11042_G|T,11727_G|A,12789_C|T,12815_C|T,12880_C|T,13339_T|C,14408_C|T,15714_C|T,15756_T|A,17410_C|T,18163_A|G,18453_T|C,18492_A|G,18894_C|T,19955_C|T,20055_A|G,21618_C|T,21622_C|T,21624_G|C,21941_G|T,21987_G|A,22032_T|C,22033_C|A,22034_A|G,22200_T|G,22208_C|T,22295_C|A,22353_C|A,22556_A|G,22577_G|C,22578_G|A,22629_A|C,22674_C|T,22679_T|C,22686_C|T,22688_A|G,22770_G|A,22775_G|A,22786_A|C,22813_G|T,22882_T|G,22895_G|C,22896_T|A,22898_G|A,22910_A|G,22916_C|T,22917_T|G,22926_T|C,22942_T|A,22992_G|A,22995_C|A,23005_T|A,23012_G|A,23018_T|C,23019_T|C,23055_A|G,23063_A|T,23075_T|C,23222_G|A,23271_C|T,23403_A|G,23423_C|T,23525_C|T,23599_T|G,23604_C|G,23854_C|A,23948_G|T,24378_C|T,24424_A|T,24469_T|A,24990_C|T,25000_C|T,25207_C|T,25584_C|T,26060_C|T,26270_C|T,26447_C|T,26529_G|C,26577_C|G,26610_A|G,26681_C|T,26709_G|A,26833_C|T,26858_C|T,27259_A|C,27382_G|C,27383_A|T,27384_T|C,27807_C|T,27915_G|T,28271_A|T,28297_T|C,28311_C|T,28846_C|T,28881_G|A,28882_G|A,28883_G|C,29510_A|C,11288_11296,21633_21641,21765_21770,21992_21994,22194_22196,23009_23011,28362_28370,29734_29759,21608_.|TCATGCCGCTGT
USA/MN-MDH-41570/2024	XDP	241_C|T,670_T|G,774_C|T,897_C|A,2790_C|T,3037_C|T,3431_G|T,3565_T|C,3717_C|T,4184_G|A,4321_C|T,6183_A|G,6633_C|T,7842_A|G,8293_C|T,8393_G|A,9344_C|T,9424_A|G,9534_C|T,10029_C|T,10078_C|T,10198_C|T,10447_G|A,10449_C|A,11042_G|T,11727_G|A,12789_C|T,12815_C|T,12880_C|T,13339_T|C,14408_C|T,15714_C|T,15756_T|A,17410_C|T,18163_A|G,18453_T|C,18492_A|G,18894_C|T,19955_C|T,20055_A|G,21618_C|T,21622_C|T,21624_G|C,21711_C|T,21941_G|T,21987_G|A,22032_T|C,22033_C|A,22034_A|G,22200_T|G,22208_C|T,22295_C|A,22353_C|A,22556_A|G,22577_G|C,22578_G|A,22629_A|C,22674_C|T,22679_T|C,22686_C|T,22688_A|G,22770_G|A,22775_G|A,22786_A|C,22813_G|T,22882_T|G,22895_G|C,22896_T|A,22898_G|A,22910_A|G,22916_C|T,22917_T|G,22926_T|C,22942_T|A,22992_G|A,22995_C|A,23005_T|A,23012_G|A,23018_T|C,23019_T|C,23055_A|G,23063_A|T,23075_T|C,23222_G|A,23271_C|T,23403_A|G,23423_C|T,23525_C|T,23599_T|G,23604_C|G,23854_C|A,23948_G|T,24378_C|T,24424_A|T,24469_T|A,24990_C|T,25000_C|T,25108_A|T,25207_C|T,25584_C|T,25907_G|A,26060_C|T,26270_C|T,26529_G|C,26577_C|G,26610_A|G,26681_C|T,26709_G|A,26833_C|T,26858_C|T,27259_A|C,27382_G|C,27383_A|T,27384_T|C,27807_C|T,27915_G|T,28271_A|T,28297_T|C,28311_C|T,28846_C|T,28881_G|A,28882_G|A,28883_G|C,29218_C|T,29510_A|C,11288_11296,21633_21641,21992_21994,22194_22196,23009_23011,28362_28370,29734_29759,21608_.|TCATGCCGCTGT
USA/MN-MDH-41573/2024	XDP	241_C|T,670_T|G,774_C|T,897_C|A,2790_C|T,3037_C|T,3431_G|T,3565_T|C,3717_C|T,4184_G|A,4321_C|T,6183_A|G,6633_C|T,7842_A|G,8293_C|T,8393_G|A,9344_C|T,9424_A|G,9534_C|T,10029_C|T,10078_C|T,10198_C|T,10447_G|A,10449_C|A,11042_G|T,11727_G|A,12789_C|T,12815_C|T,12880_C|T,13339_T|C,14408_C|T,15714_C|T,15756_T|A,17410_C|T,18163_A|G,18453_T|C,18492_A|G,18894_C|T,19955_C|T,20055_A|G,21618_C|T,21622_C|T,21624_G|C,21711_C|T,21941_G|T,21987_G|A,22032_T|C,22033_C|A,22034_A|G,22200_T|G,22208_C|T,22295_C|A,22353_C|A,22556_A|G,22577_G|C,22578_G|A,22629_A|C,22674_C|T,22679_T|C,22686_C|T,22688_A|G,22770_G|A,22775_G|A,22786_A|C,22813_G|T,22882_T|G,22895_G|C,22896_T|A,22898_G|A,22910_A|G,22916_C|T,22917_T|G,22926_T|C,22942_T|A,22992_G|A,22995_C|A,23005_T|A,23012_G|A,23018_T|C,23019_T|C,23055_A|G,23063_A|T,23075_T|C,23222_G|A,23271_C|T,23403_A|G,23423_C|T,23525_C|T,23599_T|G,23604_C|G,23854_C|A,23948_G|T,24378_C|T,24424_A|T,24469_T|A,24774_A|T,24990_C|T,25000_C|T,25108_A|T,25207_C|T,25460_C|T,25584_C|T,25907_G|A,26060_C|T,26270_C|T,26529_G|C,26577_C|G,26610_A|G,26681_C|T,26709_G|A,26833_C|T,26858_C|T,27259_A|C,27382_G|C,27383_A|T,27384_T|C,27807_C|T,27915_G|T,28271_A|T,28297_T|C,28311_C|T,28846_C|T,28881_G|A,28882_G|A,28883_G|C,29218_C|T,29510_A|C,11288_11296,21633_21641,21765_21770,21992_21994,22194_22196,23009_23011,28362_28370,29734_29759,21608_.|TCATGCCGCTGT
USA/MN-MDH-41577/2024	XDP	241_C|T,670_T|G,774_C|T,897_C|A,2790_C|T,3037_C|T,3431_G|T,3565_T|C,3717_C|T,4184_G|A,4321_C|T,6183_A|G,6633_C|T,7165_C|T,7842_A|G,8293_C|T,8393_G|A,9344_C|T,9424_A|G,9534_C|T,10029_C|T,10078_C|T,10198_C|T,10447_G|A,10449_C|A,11042_G|T,11727_G|A,12789_C|T,12815_C|T,12880_C|T,13339_T|C,14408_C|T,15714_C|T,15756_T|A,17410_C|T,18163_A|G,18453_T|C,18492_A|G,18894_C|T,19955_C|T,20055_A|G,21618_C|T,21622_C|T,21624_G|C,21711_C|T,21941_G|T,21987_G|A,22032_T|C,22033_C|A,22034_A|G,22200_T|G,22208_C|T,22295_C|A,22353_C|A,22556_A|G,22577_G|C,22578_G|A,22629_A|C,22674_C|T,22679_T|C,22686_C|T,22688_A|G,22770_G|A,22775_G|A,22786_A|C,22813_G|T,22882_T|G,22895_G|C,22896_T|A,22898_G|A,22910_A|G,22916_C|T,22917_T|G,22926_T|C,22942_T|A,22992_G|A,22995_C|A,23005_T|A,23012_G|A,23018_T|C,23019_T|C,23055_A|G,23063_A|T,23075_T|C,23222_G|A,23271_C|T,23403_A|G,23423_C|T,23525_C|T,23599_T|G,23604_C|G,23854_C|A,23948_G|T,24378_C|T,24424_A|T,24469_T|A,24990_C|T,25000_C|T,25108_A|T,25207_C|T,25584_C|T,25907_G|A,26060_C|T,26270_C|T,26529_G|C,26577_C|G,26610_A|G,26681_C|T,26709_G|A,26833_C|T,26858_C|T,27259_A|C,27382_G|C,27383_A|T,27384_T|C,27807_C|T,27915_G|T,28271_A|T,28297_T|C,28311_C|T,28846_C|T,28881_G|A,28882_G|A,28883_G|C,29218_C|T,29510_A|C,11288_11296,21633_21641,21765_21770,21992_21994,22194_22196,23009_23011,28362_28370,29734_29759,21608_.|TCATGCCGCTGT
USA/MO-CDC-LC1095595/2024	XDP	44_C|T,241_C|T,670_T|G,774_C|T,897_C|A,2790_C|T,3037_C|T,3431_G|T,3565_T|C,4184_G|A,4321_C|T,6183_A|G,7842_A|G,8293_C|T,8393_G|A,8660_C|T,9244_A|G,9344_C|T,9424_A|G,9534_C|T,10029_C|T,10198_C|T,10447_G|A,10449_C|A,11042_G|T,11727_G|A,12789_C|T,12815_C|T,12880_C|T,13339_T|C,14408_C|T,15714_C|T,15756_T|A,17410_C|T,18163_A|G,18453_T|C,18492_A|G,18894_C|T,19955_C|T,20055_A|G,21618_C|T,21622_C|T,21624_G|C,21711_C|T,21941_G|T,21987_G|A,22032_T|C,22033_C|A,22034_A|G,22200_T|G,22208_C|T,22295_C|A,22353_C|A,22556_A|G,22577_G|C,22578_G|A,22629_A|C,22674_C|T,22679_T|C,22686_C|T,22688_A|G,22770_G|A,22775_G|A,22786_A|C,22813_G|T,22882_T|G,22895_G|C,22896_T|A,22898_G|A,22910_A|G,22916_C|T,22917_T|G,22926_T|C,22942_T|A,22992_G|A,22995_C|A,23005_T|A,23012_G|A,23018_T|C,23019_T|C,23055_A|G,23063_A|T,23075_T|C,23222_G|A,23271_C|T,23403_A|G,23423_C|T,23525_C|T,23599_T|G,23604_C|G,23854_C|A,23948_G|T,24378_C|T,24424_A|T,24469_T|A,24990_C|T,25000_C|T,25207_C|T,25584_C|T,26060_C|T,26270_C|T,26529_G|C,26577_C|G,26610_A|G,26681_C|T,26709_G|A,26833_C|T,26858_C|T,27259_A|C,27382_G|C,27383_A|T,27384_T|C,27807_C|T,27874_C|A,27915_G|T,28271_A|T,28297_T|C,28311_C|T,28846_C|T,28881_G|A,28882_G|A,28883_G|C,29510_A|C,11288_11296,21633_21641,21765_21770,21992_21994,22194_22196,23009_23011,28362_28370,29734_29759,21608_.|TCATGCCGCTGT
USA/MT-MTPHL-4146826/2024	XDP	241_C|T,2790_C|T,3037_C|T,3431_G|T,3565_T|C,4184_G|A,4321_C|T,6183_A|G,7842_A|G,8293_C|T,8393_G|A,9344_C|T,9424_A|G,9534_C|T,10029_C|T,10198_C|T,10447_G|A,10449_C|A,11042_G|T,11727_G|A,12789_C|T,12815_C|T,12880_C|T,13339_T|C,14408_C|T,15714_C|T,15756_T|A,17133_C|T,17410_C|T,18163_A|G,18453_T|C,18492_A|G,18894_C|T,19955_C|T,20055_A|G,21618_C|T,21622_C|T,21624_G|C,21711_C|T,21941_G|T,21987_G|A,22032_T|C,22033_C|A,22034_A|G,22200_T|G,22208_C|T,22295_C|A,22353_C|A,22556_A|G,22577_G|C,22578_G|A,22629_A|C,22674_C|T,22679_T|C,22686_C|T,22688_A|G,22770_G|A,22775_G|A,22786_A|C,22813_G|T,22882_T|G,22895_G|C,22896_T|A,22898_G|A,22910_A|G,22916_C|T,22917_T|G,22926_T|C,22942_T|A,22992_G|A,22995_C|A,23005_T|A,23012_G|A,23018_T|C,23019_T|C,23055_A|G,23063_A|T,23075_T|C,23222_G|A,23271_C|T,23403_A|G,23423_C|T,23525_C|T,23604_C|G,23854_C|A,23948_G|T,24378_C|T,24424_A|T,24469_T|A,24990_C|T,25000_C|T,25207_C|T,25584_C|T,26060_C|T,26270_C|T,26529_G|C,26577_C|G,26610_A|G,26681_C|T,26709_G|A,26833_C|T,27915_G|T,28271_A|T,28297_T|C,28311_C|T,28846_C|T,28881_G|A,28882_G|A,28883_G|C,29510_A|C,29742_G|T,11288_11296,21633_21641,21765_21770,21992_21994,22194_22196,23009_23011,28362_28370
USA/NC-CDC-LC1100873/2024	XDP	241_C|T,670_T|G,774_C|T,897_C|A,1148_G|T,2790_C|T,3037_C|T,3096_C|T,3431_G|T,3565_T|C,4184_G|A,4321_C|T,6183_A|G,7842_A|G,8293_C|T,8393_G|A,9344_C|T,9424_A|G,9534_C|T,9746_C|T,10029_C|T,10198_C|T,10256_G|A,10447_G|A,10449_C|A,11042_G|T,11727_G|A,12789_C|T,12815_C|T,12880_C|T,13339_T|C,14408_C|T,15324_C|T,15714_C|T,15756_T|A,17410_C|T,18163_A|G,18453_T|C,18492_A|G,18894_C|T,19955_C|T,20055_A|G,21618_C|T,21622_C|T,21624_G|C,21711_C|T,21941_G|T,21987_G|A,22032_T|C,22033_C|A,22034_A|G,22200_T|G,22208_C|T,22295_C|A,22353_C|A,22432_C|T,22556_A|G,22577_G|C,22578_G|A,22629_A|C,22674_C|T,22679_T|C,22686_C|T,22688_A|G,22770_G|A,22775_G|A,22786_A|C,22813_G|T,22882_T|G,22895_G|C,22896_T|A,22898_G|A,22910_A|G,22916_C|T,22917_T|G,22926_T|C,22942_T|A,22992_G|A,22995_C|A,23005_T|A,23012_G|A,23018_T|C,23019_T|C,23055_A|G,23063_A|T,23075_T|C,23222_G|A,23271_C|T,23403_A|G,23423_C|T,23525_C|T,23599_T|G,23604_C|G,23854_C|A,23948_G|T,24378_C|T,24424_A|T,24469_T|A,24990_C|T,25000_C|T,25207_C|T,25317_C|T,25584_C|T,26060_C|T,26270_C|T,26529_G|C,26577_C|G,26610_A|G,26681_C|T,26709_G|A,26833_C|T,26858_C|T,27259_A|C,27382_G|C,27383_A|T,27384_T|C,27807_C|T,27915_G|T,28271_A|T,28297_T|C,28311_C|T,28677_C|T,28846_C|T,28881_G|A,28882_G|A,28883_G|C,29510_A|C,11288_11296,21633_21641,21765_21770,21992_21994,22194_22196,23009_23011,28362_28370,29734_29759,21608_.|TCATGCCGCTGT
USA/NJ-CDC-QDX90145437/2023	XDP	241_C|T,670_T|G,774_C|T,897_C|A,2790_C|T,3037_C|T,3431_G|T,3565_T|C,4184_G|A,4321_C|T,6183_A|G,7842_A|G,8293_C|T,8393_G|A,9244_A|G,9344_C|T,9424_A|G,9534_C|T,10029_C|T,10198_C|T,10447_G|A,10449_C|A,11042_G|T,11727_G|A,12789_C|T,12815_C|T,12880_C|T,13339_T|C,14408_C|T,15714_C|T,15756_T|A,17410_C|T,18163_A|G,18453_T|C,18492_A|G,18894_C|T,19955_C|T,20055_A|G,21618_C|T,21622_C|T,21624_G|C,21711_C|T,21941_G|T,21987_G|A,22032_T|C,22033_C|A,22034_A|G,22200_T|G,22208_C|T,22295_C|A,22353_C|A,22556_A|G,22577_G|C,22578_G|A,22629_A|C,22674_C|T,22679_T|C,22686_C|T,22688_A|G,22770_G|A,22775_G|A,22786_A|C,22813_G|T,22882_T|G,22895_G|C,22896_T|A,22898_G|A,22910_A|G,22916_C|T,22917_T|G,22926_T|C,22942_T|A,22992_G|A,22995_C|A,23005_T|A,23012_G|A,23018_T|C,23019_T|C,23055_A|G,23063_A|T,23075_T|C,23222_G|A,23271_C|T,23403_A|G,23423_C|T,23525_C|T,23599_T|G,23604_C|G,23854_C|A,23948_G|T,24378_C|T,24424_A|T,24469_T|A,24990_C|T,25000_C|T,25207_C|T,25584_C|T,26060_C|T,26270_C|T,26529_G|C,26577_C|G,26610_A|G,26681_C|T,26709_G|A,26833_C|T,26858_C|T,27259_A|C,27382_G|C,27383_A|T,27384_T|C,27807_C|T,27915_G|T,28271_A|T,28297_T|C,28311_C|T,28846_C|T,28881_G|A,28882_G|A,28883_G|C,29510_A|C,11288_11296,21633_21641,21765_21770,21992_21994,22194_22196,23009_23011,28362_28370,29734_29759,21608_.|TCATGCCGCTGT
USA/NJ-CDC-QDX90948004/2024	XDP	241_C|T,670_T|G,774_C|T,897_C|A,2790_C|T,3037_C|T,3431_G|T,3565_T|C,4184_G|A,4321_C|T,6142_T|C,6183_A|G,7842_A|G,8293_C|T,8393_G|A,9344_C|T,9424_A|G,9534_C|T,10029_C|T,10198_C|T,10447_G|A,10449_C|A,11042_G|T,11727_G|A,12789_C|T,12815_C|T,12880_C|T,13339_T|C,14408_C|T,15714_C|T,15756_T|A,17410_C|T,18163_A|G,18453_T|C,18492_A|G,18894_C|T,19955_C|T,20055_A|G,20871_T|C,21618_C|T,21622_C|T,21624_G|C,21711_C|T,21941_G|T,21987_G|A,22032_T|C,22033_C|A,22034_A|G,22200_T|G,22208_C|T,22295_C|A,22353_C|A,22556_A|G,22577_G|C,22578_G|A,22629_A|C,22674_C|T,22679_T|C,22686_C|T,22688_A|G,22770_G|A,22775_G|A,22786_A|C,22813_G|T,22882_T|G,22895_G|C,22896_T|A,22898_G|A,22910_A|G,22916_C|T,22917_T|G,22926_T|C,22942_T|A,22992_G|A,22995_C|A,23005_T|A,23012_G|A,23018_T|C,23019_T|C,23055_A|G,23063_A|T,23075_T|C,23222_G|A,23271_C|T,23403_A|G,23423_C|T,23525_C|T,23599_T|G,23604_C|G,23849_T|C,23854_C|A,23948_G|T,24378_C|T,24424_A|T,24469_T|A,24990_C|T,25000_C|T,25207_C|T,25584_C|T,26060_C|T,26270_C|T,26529_G|C,26577_C|G,26610_A|G,26681_C|T,26709_G|A,26833_C|T,26858_C|T,27259_A|C,27382_G|C,27383_A|T,27384_T|C,27807_C|T,27915_G|T,28271_A|T,28297_T|C,28311_C|T,28846_C|T,28881_G|A,28882_G|A,28883_G|C,28985_G|T,29510_A|C,11288_11296,21633_21641,21765_21770,21992_21994,22194_22196,23009_23011,28362_28370,29734_29759,21608_.|TCATGCCGCTGT
USA/NJ-CDC-QDX91125409/2024	XDP	241_C|T,670_T|G,774_C|T,897_C|A,2790_C|T,3037_C|T,3431_G|T,3565_T|C,4184_G|A,4321_C|T,6183_A|G,7842_A|G,8293_C|T,8393_G|A,9344_C|T,9424_A|G,9508_T|C,9534_C|T,10029_C|T,10198_C|T,10447_G|A,10449_C|A,11042_G|T,11727_G|A,12789_C|T,12815_C|T,12880_C|T,13339_T|C,14408_C|T,14676_C|T,15714_C|T,15756_T|A,17410_C|T,18163_A|G,18453_T|C,18492_A|G,18894_C|T,19955_C|T,20055_A|G,21618_C|T,21622_C|T,21624_G|C,21711_C|T,21941_G|T,21987_G|A,22032_T|C,22033_C|A,22034_A|G,22200_T|G,22208_C|T,22295_C|A,22353_C|A,22556_A|G,22577_G|C,22578_G|A,22629_A|C,22674_C|T,22679_T|C,22686_C|T,22688_A|G,22770_G|A,22775_G|A,22786_A|C,22813_G|T,22882_T|G,22895_G|C,22896_T|A,22898_G|A,22910_A|G,22916_C|T,22917_T|G,22926_T|C,22942_T|A,22992_G|A,22995_C|A,23005_T|A,23012_G|A,23018_T|C,23019_T|C,23055_A|G,23063_A|T,23075_T|C,23222_G|A,23271_C|T,23403_A|G,23423_C|T,23525_C|T,23599_T|G,23604_C|G,23854_C|A,23948_G|T,24378_C|T,24424_A|T,24469_T|A,24990_C|T,25000_C|T,25207_C|T,25584_C|T,26060_C|T,26270_C|T,26529_G|C,26577_C|G,26610_A|G,26681_C|T,26709_G|A,26833_C|T,26858_C|T,27259_A|C,27382_G|C,27383_A|T,27384_T|C,27807_C|T,27915_G|T,28271_A|T,28297_T|C,28311_C|T,28846_C|T,28881_G|A,28882_G|A,28883_G|C,29510_A|C,509_523,11288_11296,21633_21641,21765_21770,21992_21994,22194_22196,23009_23011,28362_28370,29734_29759,21608_.|TCATGCCGCTGT
USA/NJ-CDC-QDX92028287/2024	XDP	241_C|T,670_T|G,774_C|T,897_C|A,2790_C|T,3037_C|T,3431_G|T,3565_T|C,4184_G|A,4321_C|T,6183_A|G,7842_A|G,8293_C|T,8393_G|A,9344_C|T,9424_A|G,9534_C|T,10029_C|T,10198_C|T,10447_G|A,10449_C|A,11042_G|T,11727_G|A,12789_C|T,12815_C|T,12880_C|T,13339_T|C,14408_C|T,15714_C|T,15756_T|A,17410_C|T,18163_A|G,18453_T|C,18492_A|G,18894_C|T,19955_C|G,20055_A|G,21618_C|T,21622_C|T,21624_G|C,21711_C|T,21941_G|T,21987_G|A,22032_T|C,22033_C|A,22034_A|G,22200_T|G,22208_C|T,22295_C|A,22353_C|A,22556_A|G,22577_G|C,22578_G|A,22629_A|C,22674_C|T,22679_T|C,22686_C|T,22688_A|G,22770_G|A,22775_G|A,22786_A|C,22813_G|T,22882_T|G,22895_G|C,22896_T|A,22898_G|A,22910_A|G,22916_C|T,22917_T|G,22926_T|C,22942_T|A,22992_G|A,22995_C|A,23005_T|A,23012_G|A,23018_T|C,23019_T|C,23055_A|G,23063_A|T,23075_T|C,23222_G|A,23271_C|T,23403_A|G,23423_C|T,23525_C|T,23599_T|G,23604_C|G,23854_C|A,23948_G|T,24378_C|T,24424_A|T,24469_T|A,24990_C|T,25000_C|T,25207_C|T,25584_C|T,26060_C|T,26270_C|T,26529_G|C,26577_C|G,26610_A|G,26681_C|T,26709_G|A,26833_C|T,26858_C|T,27259_A|C,27382_G|C,27383_A|T,27384_T|C,27807_C|T,27915_G|T,28271_A|T,28297_T|C,28311_C|T,28846_C|T,28881_G|A,28882_G|A,28883_G|C,29510_A|C,11288_11296,21633_21641,21765_21770,21992_21994,22194_22196,23009_23011,28362_28370,29734_29759,21608_.|TCATGCCGCTGT
USA/NJ-CDC-QDX92971312/2024	XDP	241_C|T,670_T|G,774_C|T,897_C|A,2122_T|C,2790_C|T,3037_C|T,3431_G|T,3565_T|C,4184_G|A,4321_C|T,6183_A|G,7842_A|G,8293_C|T,8393_G|A,9344_C|T,9424_A|G,9534_C|T,10029_C|T,10198_C|T,10447_G|A,10449_C|A,11042_G|T,11727_G|A,12789_C|T,12815_C|T,12880_C|T,13339_T|C,14184_C|T,14408_C|T,15714_C|T,15756_T|A,17410_C|T,18163_A|G,18453_T|C,18492_A|G,18894_C|T,19955_C|T,20055_A|G,21618_C|T,21622_C|T,21624_G|C,21711_C|T,21941_G|T,21987_G|A,22032_T|C,22033_C|A,22034_A|G,22200_T|G,22208_C|T,22295_C|A,22334_T|C,22353_C|A,22556_A|G,22577_G|C,22578_G|A,22629_A|C,22674_C|T,22679_T|C,22686_C|T,22688_A|G,22770_G|A,22775_G|A,22786_A|C,22813_G|T,22882_T|G,22895_G|C,22896_T|A,22898_G|A,22910_A|G,22916_C|T,22917_T|G,22926_T|C,22942_T|A,22992_G|A,22995_C|A,23005_T|A,23012_G|A,23018_T|C,23019_T|C,23055_A|G,23063_A|T,23075_T|C,23222_G|A,23271_C|T,23403_A|G,23423_C|T,23525_C|T,23599_T|G,23604_C|G,23854_C|A,23948_G|T,24378_C|T,24424_A|T,24469_T|A,24990_C|T,25000_C|T,25207_C|T,25584_C|T,26060_C|T,26270_C|T,26529_G|C,26577_C|G,26610_A|G,26681_C|T,26709_G|A,26833_C|T,26858_C|T,27259_A|C,27382_G|C,27383_A|T,27384_T|C,27807_C|T,27915_G|T,28271_A|T,28297_T|C,28311_C|T,28846_C|T,28881_G|A,28882_G|A,28883_G|C,29510_A|C,11288_11296,21633_21641,21765_21770,21992_21994,22194_22196,23009_23011,28362_28370,29734_29759,21608_.|TCATGCCGCTGT
USA/NJ-PHEL-V24004641/2024	XDP	241_C|T,670_T|G,774_C|T,897_C|A,2790_C|T,3037_C|T,3431_G|T,3565_T|C,4184_G|A,4321_C|T,6183_A|G,7842_A|G,8293_C|T,8393_G|A,9344_C|T,9424_A|G,9534_C|T,10029_C|T,10198_C|T,10447_G|A,10449_C|A,11042_G|T,11083_G|T,11727_G|A,12789_C|T,12815_C|T,12880_C|T,13339_T|C,14408_C|T,15714_C|T,15756_T|A,17410_C|T,18163_A|G,18453_T|C,18492_A|G,18636_G|A,18894_C|T,19955_C|T,20055_A|G,21618_C|T,21622_C|T,21624_G|C,21711_C|T,21941_G|T,21987_G|A,22032_T|C,22033_C|A,22034_A|G,22200_T|G,22208_C|T,22295_C|A,22353_C|A,22556_A|G,22577_G|C,22578_G|A,22629_A|C,22674_C|T,22679_T|C,22686_C|T,22688_A|G,22770_G|A,22775_G|A,22786_A|C,22813_G|T,22882_T|G,22895_G|C,22896_T|A,22898_G|A,22910_A|G,22916_C|T,22917_T|G,22926_T|C,22942_T|A,22992_G|A,22995_C|A,23005_T|A,23012_G|A,23018_T|C,23019_T|C,23055_A|G,23063_A|T,23075_T|C,23222_G|A,23271_C|T,23403_A|G,23423_C|T,23525_C|T,23599_T|G,23604_C|G,23854_C|A,23948_G|T,24378_C|T,24424_A|T,24469_T|A,24990_C|T,25000_C|T,25207_C|T,25584_C|T,26060_C|T,26270_C|T,26529_G|C,26577_C|G,26610_A|G,26681_C|T,26709_G|A,26833_C|T,26858_C|T,27259_A|C,27382_G|C,27383_A|T,27384_T|C,27807_C|T,27915_G|T,28271_A|T,28297_T|C,28311_C|T,28831_C|A,28846_C|T,28881_G|A,28882_G|A,28883_G|C,29510_A|C,11288_11296,21633_21641,21765_21770,21992_21994,22194_22196,23009_23011,28362_28370,21608_.|TCATGCCGCTGT
USA/NJ-PHEL-V24005179/2024	XDP	241_C|T,897_C|A,1427_C|T,1455_T|C,2790_C|T,3037_C|T,3431_G|T,3565_T|C,4184_G|A,4321_C|T,6183_A|G,7842_A|G,8293_C|T,8393_G|A,9344_C|T,9424_A|G,9534_C|T,10029_C|T,10198_C|T,10447_G|A,10449_C|A,11042_G|T,11339_C|T,11727_G|A,12280_T|C,12789_C|T,12815_C|T,12880_C|T,13339_T|C,14408_C|T,15714_C|T,15738_C|T,15756_T|A,17410_C|T,18163_A|G,18453_T|C,18492_A|G,18894_C|T,19955_C|T,20055_A|G,21618_C|T,21622_C|T,21624_G|C,21711_C|T,21941_G|T,21987_G|A,22032_T|C,22033_C|A,22034_A|G,22200_T|G,22208_C|T,22295_C|A,22353_C|A,22556_A|G,22577_G|C,22578_G|A,22629_A|C,22674_C|T,22679_T|C,22686_C|T,22688_A|G,22770_G|A,22775_G|A,22786_A|C,22813_G|T,22882_T|G,22895_G|C,22896_T|A,22898_G|A,22910_A|G,22916_C|T,22917_T|G,22926_T|C,22942_T|A,22992_G|A,22995_C|A,23005_T|A,23012_G|A,23018_T|C,23019_T|C,23055_A|G,23063_A|T,23075_T|C,23222_G|A,23271_C|T,23403_A|G,23423_C|T,23525_C|T,23599_T|G,23604_C|G,23854_C|A,23948_G|T,24378_C|T,24424_A|T,24469_T|A,24990_C|T,25000_C|T,25207_C|T,25584_C|T,26060_C|T,26270_C|T,26529_G|C,26577_C|G,26681_C|T,26709_G|A,26833_C|T,26858_C|T,27259_A|C,27382_G|C,27383_A|T,27384_T|C,27807_C|T,27915_G|T,28045_C|G,28271_A|T,28297_T|C,28311_C|T,28846_C|T,28881_G|A,28882_G|A,28883_G|C,29510_A|C,11288_11296,21633_21641,21765_21770,21992_21994,22194_22196,23009_23011,28362_28370,21608_.|TCATGCCGCTGT
USA/NJ-PHEL-V24005390/2024	XDP	241_C|T,670_T|G,774_C|T,897_C|A,1302_C|T,2790_C|T,3037_C|T,3431_G|T,3565_T|C,4184_G|A,4246_C|T,4321_C|T,5869_C|T,6183_A|G,6616_A|G,7842_A|G,8293_C|T,8393_G|A,9344_C|T,9424_A|G,9534_C|T,10029_C|T,10198_C|T,10447_G|A,10449_C|A,11042_G|T,11727_G|A,12789_C|T,12815_C|T,12880_C|T,13339_T|C,14408_C|T,15714_C|T,15756_T|A,17410_C|T,18163_A|G,18453_T|C,18492_A|G,18894_C|T,19955_C|T,20055_A|G,21618_C|T,21622_C|T,21624_G|C,21711_C|T,21941_G|T,21987_G|A,22032_T|C,22033_C|A,22034_A|G,22200_T|G,22208_C|T,22295_C|A,22353_C|A,22556_A|G,22577_G|C,22578_G|A,22629_A|C,22674_C|T,22679_T|C,22686_C|T,22688_A|G,22770_G|A,22775_G|A,22786_A|C,22813_G|T,22882_T|G,22895_G|C,22896_T|A,22898_G|A,22910_A|G,22916_C|T,22917_T|G,22926_T|C,22942_T|A,22992_G|A,22995_C|A,23005_T|A,23012_G|A,23018_T|C,23019_T|C,23055_A|G,23063_A|T,23075_T|C,23222_G|A,23271_C|T,23403_A|G,23423_C|T,23525_C|T,23599_T|G,23604_C|G,23854_C|A,23948_G|T,24378_C|T,24424_A|T,24469_T|A,24990_C|T,25000_C|T,25207_C|T,25584_C|T,26060_C|T,26270_C|T,26529_G|C,26577_C|G,26681_C|T,26833_C|T,26858_C|T,27259_A|C,27382_G|C,27383_A|T,27384_T|C,27575_C|T,27807_C|T,27915_G|T,28271_A|T,28297_T|C,28311_C|T,28846_C|T,28881_G|A,28882_G|A,28883_G|C,29510_A|C,11288_11296,21633_21641,21765_21770,21992_21994,22194_22196,23009_23011,28362_28370
USA/NMDOH-2024016940/2024	XDP	21_C|T,44_C|T,241_C|T,670_T|G,774_C|T,897_C|A,1427_C|T,2790_C|T,3037_C|T,3431_G|T,4184_G|A,4321_C|T,5184_C|A,5880_G|A,6183_A|G,7081_C|T,7842_A|G,8293_C|T,8393_G|A,9344_C|T,9424_A|G,9534_C|T,10029_C|T,10039_C|T,10198_C|T,10447_G|A,10449_C|A,11042_G|T,11727_G|A,12789_C|T,12815_C|T,12880_C|T,13339_T|C,14408_C|T,15714_C|T,15756_T|A,17410_C|T,18163_A|G,18453_T|C,18492_A|G,18894_C|T,19955_C|T,20055_A|G,21618_C|T,21622_C|T,21624_G|C,21711_C|T,21941_G|T,21987_G|A,22032_T|C,22033_C|A,22034_A|G,22200_T|G,22208_C|T,22295_C|A,22353_C|A,22556_A|G,22577_G|C,22578_G|A,22629_A|C,22674_C|T,22679_T|C,22686_C|T,22688_A|G,22770_G|A,22775_G|A,22786_A|C,22813_G|T,22882_T|G,22895_G|C,22896_T|A,22898_G|A,22910_A|G,22916_C|T,22917_T|G,22926_T|C,22942_T|A,22992_G|A,22995_C|A,23005_T|A,23012_G|A,23018_T|C,23019_T|C,23055_A|G,23063_A|T,23075_T|C,23222_G|A,23271_C|T,23403_A|G,23423_C|T,23525_C|T,23599_T|G,23604_C|G,23611_G|A,23854_C|A,23948_G|T,24378_C|T,24424_A|T,24469_T|A,24734_C|T,24990_C|T,25000_C|T,25207_C|T,25584_C|T,26060_C|T,26270_C|T,26529_G|C,26577_C|G,26681_C|T,26709_G|A,26833_C|T,26858_C|T,27259_A|C,27382_G|C,27383_A|T,27384_T|C,27807_C|T,27915_G|T,28253_C|T,28271_A|T,28297_T|C,28311_C|T,28846_C|T,28881_G|A,28882_G|A,28883_G|C,29510_A|C,11288_11296,21633_21641,21765_21770,21992_21994,22194_22196,23009_23011,28362_28370,29734_29759,21607_.|GNNNNNNNNNNN
USA/NMDOH-2024018035/2024	XDP	241_C|T,670_T|G,774_C|T,897_C|A,1427_C|T,2790_C|T,3037_C|T,3431_G|T,4184_G|A,4321_C|T,5184_C|A,5880_G|A,6183_A|G,7081_C|T,7842_A|G,8293_C|T,8393_G|A,9344_C|T,9424_A|G,9534_C|T,10029_C|T,10039_C|T,10198_C|T,10447_G|A,10449_C|A,11042_G|T,11727_G|A,12789_C|T,12815_C|T,12880_C|T,13339_T|C,14408_C|T,15714_C|T,15756_T|A,17410_C|T,18163_A|G,18453_T|C,18492_A|G,18894_C|T,19955_C|T,20055_A|G,21618_C|T,21622_C|T,21624_G|C,21711_C|T,21941_G|T,21987_G|A,22032_T|C,22033_C|A,22034_A|G,22200_T|G,22208_C|T,22295_C|A,22353_C|A,22556_A|G,22577_G|C,22578_G|A,22629_A|C,22674_C|T,22679_T|C,22686_C|T,22688_A|G,22770_G|A,22775_G|A,22786_A|C,22813_G|T,22882_T|G,22895_G|C,22896_T|A,22898_G|A,22910_A|G,22916_C|T,22917_T|G,22926_T|C,22942_T|A,22992_G|A,22995_C|A,23005_T|A,23012_G|A,23018_T|C,23019_T|C,23055_A|G,23063_A|T,23075_T|C,23222_G|A,23271_C|T,23403_A|G,23423_C|T,23525_C|T,23599_T|G,23604_C|G,23611_G|A,23854_C|A,23948_G|T,24378_C|T,24424_A|T,24469_T|A,24734_C|T,24990_C|T,25000_C|T,25207_C|T,25584_C|T,26060_C|T,26270_C|T,26529_G|C,26577_C|G,26681_C|T,26709_G|A,26833_C|T,26858_C|T,27259_A|C,27382_G|C,27383_A|T,27384_T|C,27807_C|T,27915_G|T,28271_A|T,28297_T|C,28311_C|T,28846_C|T,28881_G|A,28882_G|A,28883_G|C,29510_A|C,11288_11296,21633_21641,21765_21770,21992_21994,22194_22196,23009_23011,28362_28370,29734_29759,21608_.|TCATGCCGCTGT
USA/NV-CDC-QDX90528447/2023	XDP	241_C|T,670_T|G,774_C|T,897_C|A,2790_C|T,3037_C|T,3431_G|T,3565_T|C,4184_G|A,4321_C|T,6183_A|G,6229_A|G,6651_C|T,7842_A|G,8293_C|T,8393_G|A,9344_C|T,9424_A|G,9534_C|T,10029_C|T,10198_C|T,10447_G|A,10449_C|A,11042_G|T,11727_G|A,12789_C|T,12815_C|T,12880_C|T,13339_T|C,14408_C|T,15714_C|T,15756_T|A,17410_C|T,18163_A|G,18453_T|C,18492_A|G,18894_C|T,19955_C|T,20055_A|G,21618_C|T,21622_C|T,21624_G|C,21711_C|T,21941_G|T,21987_G|A,22032_T|C,22033_C|A,22034_A|G,22200_T|G,22208_C|T,22295_C|A,22353_C|A,22556_A|G,22577_G|C,22578_G|A,22629_A|C,22674_C|T,22679_T|C,22686_C|T,22688_A|G,22770_G|A,22775_G|A,22786_A|C,22813_G|T,22882_T|G,22895_G|C,22896_T|A,22898_G|A,22910_A|G,22916_C|T,22917_T|G,22926_T|C,22942_T|A,22992_G|A,22995_C|A,23005_T|A,23012_G|A,23018_T|C,23019_T|C,23055_A|G,23063_A|T,23075_T|C,23222_G|A,23271_C|T,23403_A|G,23423_C|T,23525_C|T,23599_T|G,23604_C|G,23854_C|A,23948_G|T,24378_C|T,24424_A|T,24469_T|A,24990_C|T,25000_C|T,25207_C|T,25584_C|T,26060_C|T,26270_C|T,26529_G|C,26577_C|G,26610_A|G,26681_C|T,26709_G|A,26833_C|T,26858_C|T,27259_A|C,27382_G|C,27383_A|T,27384_T|C,27807_C|T,27915_G|T,28271_A|T,28297_T|C,28311_C|T,28846_C|T,28881_G|A,28882_G|A,28883_G|C,29510_A|C,11288_11296,21633_21641,21765_21770,21992_21994,22194_22196,23009_23011,28362_28370,29734_29759,21608_.|TCATGCCGCTGT
USA/NV-CDC-QDX90793929/2023	XDP	241_C|T,670_T|G,774_C|T,897_C|A,2790_C|T,3037_C|T,3431_G|T,3565_T|C,4184_G|A,4321_C|T,6183_A|G,6651_C|T,7842_A|G,8293_C|T,8393_G|A,9344_C|T,9424_A|G,9534_C|T,10029_C|T,10198_C|T,10447_G|A,10449_C|A,11042_G|T,11727_G|A,12789_C|T,12815_C|T,12880_C|T,13339_T|C,14408_C|T,15714_C|T,15756_T|A,17410_C|T,18163_A|G,18453_T|C,18492_A|G,18894_C|T,19955_C|T,20055_A|G,21618_C|T,21622_C|T,21624_G|C,21711_C|T,21941_G|T,21987_G|A,22032_T|C,22033_C|A,22034_A|G,22200_T|G,22208_C|T,22295_C|A,22353_C|A,22556_A|G,22577_G|C,22578_G|A,22629_A|C,22674_C|T,22679_T|C,22686_C|T,22688_A|G,22770_G|A,22775_G|A,22786_A|C,22813_G|T,22882_T|G,22895_G|C,22896_T|A,22898_G|A,22910_A|G,22916_C|T,22917_T|G,22926_T|C,22942_T|A,22992_G|A,22995_C|A,23005_T|A,23012_G|A,23018_T|C,23019_T|C,23055_A|G,23063_A|T,23075_T|C,23222_G|A,23271_C|T,23403_A|G,23423_C|T,23525_C|T,23599_T|G,23604_C|G,23854_C|A,23948_G|T,24378_C|T,24424_A|T,24469_T|A,24990_C|T,25000_C|T,25207_C|T,25584_C|T,26060_C|T,26270_C|T,26529_G|C,26577_C|G,26610_A|G,26681_C|T,26709_G|A,26833_C|T,26858_C|T,27259_A|C,27382_G|C,27383_A|T,27384_T|C,27807_C|T,27915_G|T,28271_A|T,28297_T|C,28311_C|T,28846_C|T,28881_G|A,28882_G|A,28883_G|C,29510_A|C,11288_11296,21633_21641,21765_21770,21992_21994,22194_22196,23009_23011,28362_28370,29734_29759,21608_.|TCATGCCGCTGT
USA/NV-CDC-QDX91125569/2024	XDP	241_C|T,670_T|G,774_C|T,897_C|A,2790_C|T,3037_C|T,3431_G|T,3565_T|C,4184_G|A,4321_C|T,5563_A|T,6183_A|G,7842_A|G,8293_C|T,8393_G|A,9344_C|T,9424_A|G,9534_C|T,10029_C|T,10198_C|T,10447_G|A,10449_C|A,11042_G|T,11727_G|A,12789_C|T,12815_C|T,12880_C|T,13339_T|C,14408_C|T,15714_C|T,15756_T|A,17410_C|T,18163_A|G,18453_T|C,18492_A|G,18894_C|T,19955_C|T,20055_A|G,21618_C|T,21622_C|T,21624_G|C,21711_C|T,21941_G|T,21987_G|A,22032_T|C,22033_C|A,22034_A|G,22200_T|G,22208_C|T,22295_C|A,22353_C|A,22556_A|G,22577_G|C,22578_G|A,22629_A|C,22674_C|T,22679_T|C,22686_C|T,22688_A|G,22770_G|A,22775_G|A,22786_A|C,22813_G|T,22882_T|G,22895_G|C,22896_T|A,22898_G|A,22910_A|G,22916_C|T,22917_T|G,22926_T|C,22942_T|A,22992_G|A,22995_C|A,23005_T|A,23012_G|A,23018_T|C,23019_T|C,23055_A|G,23063_A|T,23075_T|C,23222_G|A,23271_C|T,23403_A|G,23423_C|T,23525_C|T,23599_T|G,23604_C|G,23854_C|A,23948_G|T,24378_C|T,24424_A|T,24469_T|A,24990_C|T,25000_C|T,25207_C|T,25584_C|T,26060_C|T,26270_C|T,26529_G|C,26577_C|G,26610_A|G,26681_C|T,26709_G|A,26833_C|T,26858_C|T,27259_A|C,27382_G|C,27383_A|T,27384_T|C,27798_G|T,27807_C|T,27915_G|T,28271_A|T,28297_T|C,28311_C|T,28846_C|T,28881_G|A,28882_G|A,28883_G|C,29510_A|C,11288_11296,21633_21641,21765_21770,21992_21994,22194_22196,23009_23011,28362_28370,29734_29759,21608_.|TCATGCCGCTGT
USA/NV-CDC-QDX91833006/2024	XDP	241_C|T,670_T|G,774_C|T,897_C|A,2790_C|T,3037_C|T,3431_G|T,3565_T|C,4184_G|A,4321_C|T,6183_A|G,7842_A|G,8293_C|T,8393_G|A,9344_C|T,9424_A|G,9534_C|T,10029_C|T,10198_C|T,10447_G|A,10449_C|A,11042_G|T,11727_G|A,12789_C|T,12815_C|T,12880_C|T,13339_T|C,14408_C|T,15714_C|T,15756_T|A,17410_C|T,18163_A|G,18453_T|C,18492_A|G,18894_C|T,19955_C|T,20055_A|G,21618_C|T,21622_C|T,21624_G|C,21711_C|T,21941_G|T,21987_G|A,22032_T|C,22033_C|A,22034_A|G,22200_T|G,22208_C|T,22295_C|A,22353_C|A,22556_A|G,22577_G|C,22578_G|A,22629_A|C,22674_C|T,22679_T|C,22686_C|T,22688_A|G,22770_G|A,22775_G|A,22786_A|C,22813_G|T,22882_T|G,22895_G|C,22896_T|A,22898_G|A,22910_A|G,22916_C|T,22917_T|G,22926_T|C,22942_T|A,22992_G|A,22995_C|A,23005_T|A,23012_G|A,23018_T|C,23019_T|C,23055_A|G,23063_A|T,23075_T|C,23222_G|A,23271_C|T,23403_A|G,23423_C|T,23525_C|T,23599_T|G,23604_C|G,23854_C|A,23948_G|T,24257_G|T,24378_C|T,24424_A|T,24469_T|A,24990_C|T,25000_C|T,25207_C|T,25584_C|T,26060_C|T,26270_C|T,26529_G|C,26577_C|G,26610_A|G,26681_C|T,26709_G|A,26833_C|T,26858_C|T,27259_A|C,27382_G|C,27383_A|T,27384_T|C,27807_C|T,27915_G|T,28271_A|T,28297_T|C,28311_C|T,28846_C|T,28881_G|A,28882_G|A,28883_G|C,29510_A|C,11288_11296,21633_21641,21765_21770,21992_21994,22194_22196,23009_23011,28362_28370,29734_29759,21608_.|TCATGCCGCTGT
USA/NV-CDC-QDX91833011/2024	XDP	241_C|T,670_T|G,774_C|T,897_C|A,2790_C|T,3037_C|T,3431_G|T,3565_T|C,4184_G|A,4321_C|T,6183_A|G,7842_A|G,8293_C|T,8393_G|A,9344_C|T,9424_A|G,9534_C|T,10029_C|T,10198_C|T,10447_G|A,10449_C|A,11042_G|T,11727_G|A,12789_C|T,12815_C|T,12880_C|T,13339_T|C,14408_C|T,15714_C|T,15756_T|A,17410_C|T,18163_A|G,18453_T|C,18492_A|G,18894_C|T,19955_C|T,20055_A|G,21618_C|T,21622_C|T,21624_G|C,21711_C|T,21941_G|T,21987_G|A,22032_T|C,22033_C|A,22034_A|G,22197_T|C,22200_T|G,22208_C|T,22295_C|A,22353_C|A,22556_A|G,22577_G|C,22578_G|A,22629_A|C,22674_C|T,22679_T|C,22686_C|T,22688_A|G,22770_G|A,22775_G|A,22786_A|C,22813_G|T,22882_T|G,22895_G|C,22896_T|A,22898_G|A,22910_A|G,22916_C|T,22917_T|G,22926_T|C,22942_T|A,22992_G|A,22995_C|A,23005_T|A,23012_G|A,23018_T|C,23019_T|C,23055_A|G,23063_A|T,23075_T|C,23222_G|A,23271_C|T,23403_A|G,23423_C|T,23525_C|T,23599_T|G,23604_C|G,23854_C|A,23948_G|T,24257_G|T,24378_C|T,24424_A|T,24469_T|A,24990_C|T,25000_C|T,25207_C|T,25584_C|T,26060_C|T,26270_C|T,26529_G|C,26577_C|G,26610_A|G,26681_C|T,26709_G|A,26833_C|T,26858_C|T,27259_A|C,27382_G|C,27383_A|T,27384_T|C,27807_C|T,27915_G|T,28271_A|T,28297_T|C,28311_C|T,28846_C|T,28881_G|A,28882_G|A,28883_G|C,29510_A|C,11288_11296,21633_21641,21765_21770,21992_21994,22194_22196,23009_23011,28362_28370,29734_29759,21608_.|TCATGCCGCTGT
USA/NV-USAFSAM-S21921/2023	XDP	241_C|T,670_T|G,774_C|T,897_C|A,2790_C|T,3037_C|T,3431_G|T,3565_T|C,4184_G|A,4321_C|T,6183_A|G,7842_A|G,8293_C|T,8393_G|A,9344_C|T,9424_A|G,9534_C|T,10029_C|T,10198_C|T,10447_G|A,10449_C|A,11042_G|T,11727_G|A,12789_C|T,12815_C|T,12880_C|T,13339_T|C,14408_C|T,15714_C|T,15756_T|A,17410_C|T,18163_A|G,18453_T|C,18492_A|G,18894_C|T,19955_C|T,20055_A|G,21618_C|T,21622_C|T,21624_G|C,21711_C|T,21941_G|T,21987_G|A,22032_T|C,22033_C|A,22034_A|G,22200_T|G,22208_C|T,22295_C|A,22353_C|A,22556_A|G,22577_G|C,22578_G|A,22629_A|C,22674_C|T,22679_T|C,22686_C|T,22688_A|G,22770_G|A,22775_G|A,22786_A|C,22813_G|T,22882_T|G,22895_G|C,22896_T|A,22898_G|A,22910_A|G,22916_C|T,22917_T|G,22926_T|C,22942_T|A,22992_G|A,22995_C|A,23005_T|A,23012_G|A,23018_T|C,23019_T|C,23055_A|G,23063_A|T,23075_T|C,23222_G|A,23271_C|T,23403_A|G,23423_C|T,23525_C|T,23599_T|G,23604_C|G,23854_C|A,23948_G|T,24378_C|T,24424_A|T,24469_T|A,24990_C|T,25000_C|T,25207_C|T,25584_C|T,26060_C|T,26270_C|T,26529_G|C,26577_C|G,26610_A|G,26681_C|T,26709_G|A,26833_C|T,26858_C|T,27259_A|C,27382_G|C,27383_A|T,27384_T|C,27807_C|T,27915_G|T,28271_A|T,28297_T|C,28311_C|T,28846_C|T,28881_G|A,28882_G|A,28883_G|C,29510_A|C,515_520,11288_11296,21633_21641,21765_21770,21992_21994,22194_22196,23009_23011,28362_28370,29734_29759,21608_.|TCATGCCGCTGT
USA/NV-USAFSAM-S21975/2023	XDP	241_C|T,670_T|G,774_C|T,897_C|A,2790_C|T,3037_C|T,3431_G|T,3565_T|C,4184_G|A,4321_C|T,6183_A|G,7842_A|G,8293_C|T,8393_G|A,9344_C|T,9424_A|G,9534_C|T,10029_C|T,10198_C|T,10447_G|A,10449_C|A,11042_G|T,11727_G|A,12789_C|T,12815_C|T,12880_C|T,13339_T|C,14408_C|T,15714_C|T,15756_T|A,17410_C|T,18163_A|G,18453_T|C,18492_A|G,18894_C|T,19955_C|T,20055_A|G,21618_C|T,21622_C|T,21624_G|C,21711_C|T,21941_G|T,21987_G|A,22032_T|C,22033_C|A,22034_A|G,22200_T|G,22208_C|T,22295_C|A,22353_C|A,22556_A|G,22577_G|C,22578_G|A,22629_A|C,22674_C|T,22679_T|C,22686_C|T,22688_A|G,22770_G|A,22775_G|A,22786_A|C,22813_G|T,22882_T|G,22895_G|C,22896_T|A,22898_G|A,22910_A|G,22916_C|T,22917_T|G,22926_T|C,22942_T|A,22992_G|A,22995_C|A,23005_T|A,23012_G|A,23018_T|C,23019_T|C,23055_A|G,23063_A|T,23075_T|C,23222_G|A,23271_C|T,23403_A|G,23423_C|T,23525_C|T,23599_T|G,23604_C|G,23854_C|A,23948_G|T,24378_C|T,24424_A|T,24469_T|A,24990_C|T,25000_C|T,25207_C|T,25584_C|T,26060_C|T,26270_C|T,26529_G|C,26577_C|G,26610_A|G,26681_C|T,26709_G|A,26833_C|T,26858_C|T,27259_A|C,27382_G|C,27383_A|T,27384_T|C,27807_C|T,27915_G|T,28271_A|T,28297_T|C,28311_C|T,28846_C|T,28881_G|A,28882_G|A,28883_G|C,29510_A|C,515_520,11288_11296,21633_21641,21765_21770,21992_21994,22194_22196,23009_23011,28362_28370,29734_29759,21608_.|TCATGCCGCTGT
USA/NY-CDC-LC1088710/2024	XDP	241_C|T,670_T|G,774_C|T,897_C|A,2790_C|T,3037_C|T,3431_G|T,3565_T|C,4184_G|A,4321_C|T,6183_A|G,7842_A|G,8293_C|T,8393_G|A,9344_C|T,9424_A|G,9534_C|T,10029_C|T,10198_C|T,10447_G|A,10449_C|A,11042_G|T,11727_G|A,12789_C|T,12815_C|T,12880_C|T,13339_T|C,14408_C|T,15324_C|T,15714_C|T,15756_T|A,17410_C|T,18163_A|G,18453_T|C,18492_A|G,18894_C|T,19955_C|T,20055_A|G,21618_C|T,21622_C|T,21624_G|C,21711_C|T,21941_G|T,21987_G|A,22032_T|C,22033_C|A,22034_A|G,22200_T|G,22208_C|T,22295_C|A,22353_C|A,22556_A|G,22577_G|C,22578_G|A,22629_A|C,22674_C|T,22679_T|C,22686_C|T,22688_A|G,22770_G|A,22775_G|A,22786_A|C,22813_G|T,22882_T|G,22895_G|C,22896_T|A,22898_G|A,22910_A|G,22916_C|T,22917_T|G,22926_T|C,22942_T|A,22992_G|A,22995_C|A,23005_T|A,23012_G|A,23018_T|C,23019_T|C,23055_A|G,23063_A|T,23075_T|C,23222_G|A,23271_C|T,23403_A|G,23423_C|T,23525_C|T,23599_T|G,23604_C|G,23854_C|A,23948_G|T,24378_C|T,24424_A|T,24469_T|A,24990_C|T,25000_C|T,25207_C|T,25584_C|T,26060_C|T,26270_C|T,26491_T|C,26492_A|T,26497_T|C,26529_G|C,26577_C|G,26610_A|G,26681_C|T,26709_G|A,26833_C|T,26858_C|T,27259_A|C,27382_G|C,27383_A|T,27384_T|C,27807_C|T,27915_G|T,28271_A|T,28297_T|C,28311_C|T,28846_C|T,28881_G|A,28882_G|A,28883_G|C,29510_A|C,11288_11296,21633_21641,21765_21770,21992_21994,22194_22196,23009_23011,26494,28362_28370,29734_29759,21608_.|TCATGCCGCTGT
USA/NY-CDC-LC1088715/2024	XDP	241_C|T,670_T|G,774_C|T,897_C|A,2790_C|T,3037_C|T,3431_G|T,3565_T|C,4184_G|A,4321_C|T,6183_A|G,7842_A|G,8293_C|T,8393_G|A,9344_C|T,9424_A|G,9534_C|T,10029_C|T,10198_C|T,10447_G|A,10449_C|A,11042_G|T,11727_G|A,12789_C|T,12815_C|T,12880_C|T,13339_T|C,14408_C|T,15324_C|T,15714_C|T,15756_T|A,17410_C|T,18163_A|G,18453_T|C,18492_A|G,18894_C|T,19955_C|T,20055_A|G,21618_C|T,21622_C|T,21624_G|C,21711_C|T,21941_G|T,21987_G|A,22032_T|C,22033_C|A,22034_A|G,22200_T|G,22208_C|T,22295_C|A,22353_C|A,22556_A|G,22577_G|C,22578_G|A,22629_A|C,22674_C|T,22679_T|C,22686_C|T,22688_A|G,22770_G|A,22775_G|A,22786_A|C,22813_G|T,22882_T|G,22895_G|C,22896_T|A,22898_G|A,22910_A|G,22916_C|T,22917_T|G,22926_T|C,22942_T|A,22992_G|A,22995_C|A,23005_T|A,23012_G|A,23018_T|C,23019_T|C,23055_A|G,23063_A|T,23075_T|C,23222_G|A,23271_C|T,23403_A|G,23423_C|T,23525_C|T,23599_T|G,23604_C|G,23854_C|A,23948_G|T,24378_C|T,24424_A|T,24469_T|A,24990_C|T,25000_C|T,25207_C|T,25584_C|T,26060_C|T,26270_C|T,26491_T|C,26492_A|T,26497_T|C,26529_G|C,26577_C|G,26610_A|G,26681_C|T,26709_G|A,26833_C|T,26858_C|T,27259_A|C,27382_G|C,27383_A|T,27384_T|C,27807_C|T,27915_G|T,28271_A|T,28297_T|C,28311_C|T,28846_C|T,28881_G|A,28882_G|A,28883_G|C,29510_A|C,11288_11296,21633_21641,21765_21770,21992_21994,22194_22196,23009_23011,26494,28362_28370,29734_29759,21608_.|TCATGCCGCTGT
USA/NY-CDC-LC1096738/2024	XDP	241_C|T,670_T|G,774_C|T,897_C|A,2790_C|T,3037_C|T,3431_G|T,3565_T|C,4184_G|A,4321_C|T,5365_C|T,6183_A|G,7842_A|G,8293_C|T,8393_G|A,9344_C|T,9424_A|G,9534_C|T,10029_C|T,10198_C|T,10447_G|A,10449_C|A,11042_G|T,11727_G|A,12789_C|T,12815_C|T,12880_C|T,13339_T|C,14267_C|T,14408_C|T,15714_C|T,15756_T|A,17410_C|T,18163_A|G,18453_T|C,18492_A|G,18894_C|T,19955_C|T,20055_A|G,21618_C|T,21622_C|T,21624_G|C,21711_C|T,21941_G|T,21987_G|A,22032_T|C,22033_C|A,22034_A|G,22200_T|G,22208_C|T,22295_C|A,22353_C|A,22556_A|G,22577_G|C,22578_G|A,22629_A|C,22674_C|T,22679_T|C,22686_C|T,22688_A|G,22770_G|A,22775_G|A,22786_A|C,22813_G|T,22882_T|G,22895_G|C,22896_T|A,22898_G|A,22910_A|G,22916_C|T,22917_T|G,22926_T|C,22942_T|A,22992_G|A,22995_C|A,23005_T|A,23012_G|A,23018_T|C,23019_T|C,23055_A|G,23063_A|T,23075_T|C,23222_G|A,23271_C|T,23403_A|G,23423_C|T,23525_C|T,23599_T|G,23604_C|G,23854_C|A,23948_G|T,24378_C|T,24424_A|T,24469_T|A,24990_C|T,25000_C|T,25207_C|T,25584_C|T,26060_C|T,26270_C|T,26529_G|C,26577_C|G,26610_A|G,26681_C|T,26709_G|A,26833_C|T,26858_C|T,27259_A|C,27382_G|C,27383_A|T,27384_T|C,27807_C|T,27915_G|T,27984_T|C,28271_A|T,28297_T|C,28311_C|T,28846_C|T,28881_G|A,28882_G|A,28883_G|C,29510_A|C,11288_11296,21633_21641,21765_21770,21992_21994,22194_22196,23009_23011,28362_28370,29734_29759,21608_.|TCATGCCGCTGT
USA/NY-CDC-LC1098778/2024	XDP	241_C|T,670_T|G,774_C|T,897_C|A,2790_C|T,3037_C|T,3431_G|T,3565_T|C,4184_G|A,4321_C|T,6183_A|G,7842_A|G,8293_C|T,8393_G|A,9344_C|T,9424_A|G,9534_C|T,10029_C|T,10198_C|T,10447_G|A,10449_C|A,11042_G|T,11727_G|A,12789_C|T,12815_C|T,12880_C|T,13339_T|C,14408_C|T,15714_C|T,15756_T|A,17410_C|T,18163_A|G,18453_T|C,18492_A|G,18894_C|T,19955_C|T,20055_A|G,21618_C|T,21622_C|T,21624_G|C,21711_C|T,21941_G|T,21987_G|A,22032_T|C,22033_C|A,22034_A|G,22200_T|G,22208_C|T,22295_C|A,22353_C|A,22556_A|G,22577_G|C,22578_G|A,22629_A|C,22674_C|T,22679_T|C,22686_C|T,22688_A|G,22770_G|A,22775_G|A,22786_A|C,22813_G|T,22882_T|G,22895_G|C,22896_T|A,22898_G|A,22910_A|G,22916_C|T,22917_T|G,22926_T|C,22942_T|A,22992_G|A,22995_C|A,23005_T|A,23012_G|A,23018_T|C,23019_T|C,23055_A|G,23063_A|T,23075_T|C,23222_G|A,23271_C|T,23403_A|G,23423_C|T,23525_C|T,23599_T|G,23604_C|G,23854_C|A,23948_G|T,24378_C|T,24424_A|T,24469_T|A,24990_C|T,25000_C|T,25207_C|T,25584_C|T,26060_C|T,26270_C|T,26529_G|C,26577_C|G,26610_A|G,26681_C|T,26709_G|A,26833_C|T,26858_C|T,27259_A|C,27382_G|C,27383_A|T,27384_T|C,27807_C|T,27915_G|T,28271_A|T,28297_T|C,28311_C|T,28846_C|T,28881_G|A,28882_G|A,28883_G|C,29510_A|C,11288_11296,21633_21641,21765_21770,21992_21994,22194_22196,23009_23011,28362_28370,29734_29759,21608_.|TCATGCCGCTGT
USA/NY-CDC-LC1100125/2024	XDP	241_C|T,670_T|G,774_C|T,897_C|A,2790_C|T,3037_C|T,3431_G|T,3565_T|C,4184_G|A,4321_C|T,6183_A|G,7842_A|G,8293_C|T,8393_G|A,9344_C|T,9424_A|G,9534_C|T,10029_C|T,10198_C|T,10447_G|A,10449_C|A,11042_G|T,11727_G|A,12789_C|T,12815_C|T,12880_C|T,13339_T|C,14408_C|T,15714_C|T,15756_T|A,17410_C|T,18163_A|G,18453_T|C,18492_A|G,18894_C|T,19955_C|G,20055_A|G,21603_A|T,21618_C|T,21622_C|T,21624_G|C,21711_C|T,21941_G|T,21987_G|A,22032_T|C,22033_C|A,22034_A|G,22200_T|G,22208_C|T,22295_C|A,22353_C|A,22556_A|G,22577_G|C,22578_G|A,22629_A|C,22674_C|T,22679_T|C,22686_C|T,22688_A|G,22770_G|A,22775_G|A,22786_A|C,22813_G|T,22882_T|G,22895_G|C,22896_T|A,22898_G|A,22910_A|G,22916_C|T,22917_T|G,22926_T|C,22942_T|A,22992_G|A,22995_C|A,23005_T|A,23012_G|A,23018_T|C,23019_T|C,23055_A|G,23063_A|T,23075_T|C,23222_G|A,23271_C|T,23403_A|G,23423_C|T,23525_C|T,23599_T|G,23604_C|G,23854_C|A,23948_G|T,24378_C|T,24424_A|T,24469_T|A,24990_C|T,25000_C|T,25207_C|T,25584_C|T,25928_T|C,26060_C|T,26270_C|T,26497_T|C,26529_G|C,26577_C|G,26610_A|G,26681_C|T,26709_G|A,26833_C|T,26858_C|T,27259_A|C,27382_G|C,27383_A|T,27384_T|C,27807_C|T,27915_G|T,28271_A|T,28297_T|C,28311_C|T,28846_C|T,28881_G|A,28882_G|A,28883_G|C,29510_A|C,11288_11296,21606_21608,21633_21641,21765_21770,21992_21994,22194_22196,23009_23011,28362_28370,29734_29759
USA/NY-CDC-QDX90257796/2023	XDP	66_C|T,241_C|T,670_T|G,774_C|T,897_C|A,2790_C|T,3037_C|T,3431_G|T,3565_T|C,4184_G|A,4321_C|T,6183_A|G,7842_A|G,8293_C|T,8393_G|A,9344_C|T,9424_A|G,9534_C|T,10029_C|T,10198_C|T,10447_G|A,10449_C|A,11042_G|T,11727_G|A,12789_C|T,12815_C|T,12880_C|T,13339_T|C,14408_C|T,15714_C|T,15756_T|A,17410_C|T,18163_A|G,18453_T|C,18492_A|G,18894_C|T,19955_C|T,20055_A|G,21618_C|T,21622_C|T,21624_G|C,21711_C|T,21941_G|T,21987_G|A,22032_T|C,22033_C|A,22034_A|G,22200_T|G,22208_C|T,22295_C|A,22353_C|A,22556_A|G,22577_G|C,22578_G|A,22629_A|C,22674_C|T,22679_T|C,22686_C|T,22688_A|G,22770_G|A,22775_G|A,22786_A|C,22813_G|T,22882_T|G,22895_G|C,22896_T|A,22898_G|A,22910_A|G,22916_C|T,22917_T|G,22926_T|C,22942_T|A,22992_G|A,22995_C|A,23005_T|A,23012_G|A,23018_T|C,23019_T|C,23055_A|G,23063_A|T,23075_T|C,23222_G|A,23271_C|T,23403_A|G,23423_C|T,23525_C|T,23599_T|G,23604_C|G,23854_C|A,23948_G|T,24378_C|T,24424_A|T,24469_T|A,24990_C|T,25000_C|T,25207_C|T,25584_C|T,26060_C|T,26270_C|T,26529_G|C,26577_C|G,26610_A|G,26681_C|T,26709_G|A,26833_C|T,26858_C|T,27259_A|C,27382_G|C,27383_A|T,27384_T|C,27807_C|T,27915_G|T,28271_A|T,28297_T|C,28311_C|T,28321_G|T,28846_C|T,28881_G|A,28882_G|A,28883_G|C,29510_A|C,11288_11296,21633_21641,21765_21770,21992_21994,22194_22196,23009_23011,28362_28370,29734_29759,21608_.|TCATGCCGCTGT
USA/NY-CDC-QDX90630814/2023	XDP	241_C|T,670_T|G,774_C|T,897_C|A,2790_C|T,3037_C|T,3431_G|T,3565_T|C,4184_G|A,4321_C|T,6183_A|G,7842_A|G,8293_C|T,8393_G|A,9344_C|T,9424_A|G,9534_C|T,10029_C|T,10198_C|T,10447_G|A,10449_C|A,11042_G|T,11727_G|A,12789_C|T,12815_C|T,12880_C|T,13339_T|C,14408_C|T,15714_C|T,15756_T|A,17410_C|T,18163_A|G,18453_T|C,18492_A|G,18894_C|T,19955_C|T,20055_A|G,21618_C|T,21622_C|T,21624_G|C,21711_C|T,21941_G|T,21987_G|A,22032_T|C,22033_C|A,22034_A|G,22200_T|G,22208_C|T,22295_C|A,22353_C|A,22556_A|G,22577_G|C,22578_G|A,22629_A|C,22674_C|T,22679_T|C,22686_C|T,22688_A|G,22770_G|A,22775_G|A,22786_A|C,22813_G|T,22882_T|G,22895_G|C,22896_T|A,22898_G|A,22910_A|G,22916_C|T,22917_T|G,22926_T|C,22942_T|A,22992_G|A,22995_C|A,23005_T|A,23012_G|A,23018_T|C,23019_T|C,23055_A|G,23063_A|T,23075_T|C,23222_G|A,23271_C|T,23403_A|G,23423_C|T,23525_C|T,23599_T|G,23604_C|G,23854_C|A,23948_G|T,24378_C|T,24424_A|T,24469_T|A,24990_C|T,25000_C|T,25207_C|T,25584_C|T,26060_C|T,26270_C|T,26529_G|C,26577_C|G,26610_A|G,26681_C|T,26709_G|A,26833_C|T,26858_C|T,27259_A|C,27382_G|C,27383_A|T,27384_T|C,27807_C|T,27915_G|T,28271_A|T,28297_T|C,28311_C|T,28846_C|T,28881_G|A,28882_G|A,28883_G|C,29510_A|C,11288_11296,21633_21641,21765_21770,21992_21994,22194_22196,23009_23011,28362_28370,29734_29759,21608_.|TCATGCCGCTGT
USA/NY-CDC-QDX91017460/2024	XDP	241_C|T,670_T|G,774_C|T,897_C|A,2790_C|T,3037_C|T,3431_G|T,3565_T|C,4184_G|A,4321_C|T,6183_A|G,7842_A|G,8293_C|T,8393_G|A,9344_C|T,9424_A|G,9534_C|T,10029_C|T,10198_C|T,10447_G|A,10449_C|A,11042_G|T,11727_G|A,12789_C|T,12815_C|T,12880_C|T,13339_T|C,14408_C|T,15714_C|T,15756_T|A,17410_C|T,18163_A|G,18453_T|C,18492_A|G,18894_C|T,19955_C|T,20055_A|G,21618_C|T,21622_C|T,21624_G|C,21711_C|T,21941_G|T,21987_G|A,22032_T|C,22033_C|A,22034_A|G,22200_T|G,22208_C|T,22295_C|A,22353_C|A,22556_A|G,22577_G|C,22578_G|A,22629_A|C,22674_C|T,22679_T|C,22686_C|T,22688_A|G,22770_G|A,22775_G|A,22786_A|C,22813_G|T,22882_T|G,22895_G|C,22896_T|A,22898_G|A,22910_A|G,22916_C|T,22917_T|G,22926_T|C,22942_T|A,22992_G|A,22995_C|A,23005_T|A,23012_G|A,23018_T|C,23019_T|C,23055_A|G,23063_A|T,23075_T|C,23222_G|A,23271_C|T,23403_A|G,23423_C|T,23525_C|T,23599_T|G,23604_C|G,23854_C|A,23948_G|T,24378_C|T,24424_A|T,24469_T|A,24990_C|T,25000_C|T,25207_C|T,25584_C|T,26060_C|T,26270_C|T,26529_G|C,26577_C|G,26610_A|G,26681_C|T,26709_G|A,26833_C|T,26858_C|T,27259_A|C,27382_G|C,27383_A|T,27384_T|C,27807_C|T,27915_G|T,28271_A|T,28297_T|C,28311_C|T,28846_C|T,28881_G|A,28882_G|A,28883_G|C,29510_A|C,11288_11296,21633_21641,21765_21770,21992_21994,22194_22196,23009_23011,28362_28370,29734_29759,21608_.|TCATGCCGCTGT
USA/NY-CDC-QDX91072390/2024	XDP	241_C|T,670_T|G,774_C|T,897_C|A,2790_C|T,3037_C|T,3431_G|T,3565_T|C,4184_G|A,4321_C|T,6183_A|G,7842_A|G,8293_C|T,8393_G|A,9344_C|T,9424_A|G,9534_C|T,10029_C|T,10198_C|T,10447_G|A,10449_C|A,11042_G|T,11727_G|A,12789_C|T,12815_C|T,12880_C|T,13339_T|C,14408_C|T,15324_C|T,15714_C|T,15756_T|A,17410_C|T,18163_A|G,18453_T|C,18492_A|G,18894_C|T,19955_C|T,20055_A|G,21618_C|T,21622_C|T,21624_G|C,21711_C|T,21941_G|T,21987_G|A,22032_T|C,22033_C|A,22034_A|G,22200_T|G,22208_C|T,22295_C|A,22353_C|A,22556_A|G,22577_G|C,22578_G|A,22629_A|C,22674_C|T,22679_T|C,22686_C|T,22688_A|G,22770_G|A,22775_G|A,22786_A|C,22813_G|T,22882_T|G,22895_G|C,22896_T|A,22898_G|A,22910_A|G,22916_C|T,22917_T|G,22926_T|C,22942_T|A,22992_G|A,22995_C|A,23005_T|A,23012_G|A,23018_T|C,23019_T|C,23055_A|G,23063_A|T,23075_T|C,23222_G|A,23271_C|T,23403_A|G,23423_C|T,23525_C|T,23599_T|G,23604_C|G,23854_C|A,23948_G|T,24378_C|T,24424_A|T,24469_T|A,24990_C|T,25000_C|T,25207_C|T,25584_C|T,26060_C|T,26270_C|T,26529_G|C,26577_C|G,26610_A|G,26681_C|T,26709_G|A,26833_C|T,26858_C|T,27259_A|C,27382_G|C,27383_A|T,27384_T|C,27807_C|T,27915_G|T,28271_A|T,28297_T|C,28311_C|T,28846_C|T,28881_G|A,28882_G|A,28883_G|C,29510_A|C,11288_11296,21633_21641,21765_21770,21992_21994,22194_22196,23009_23011,28362_28370,29734_29759,21608_.|TCATGCCGCTGT
USA/NY-CDC-QDX91525083/2024	XDP	66_C|T,241_C|T,393_G|A,670_T|G,774_C|T,897_C|A,2790_C|T,3037_C|T,3431_G|T,3565_T|C,4184_G|A,4321_C|T,6183_A|G,7842_A|G,8293_C|T,8393_G|A,8854_T|C,9344_C|T,9424_A|G,9534_C|T,10029_C|T,10198_C|T,10447_G|A,10449_C|A,11042_G|T,11727_G|A,12789_C|T,12815_C|T,12880_C|T,13339_T|C,14408_C|T,15714_C|T,15756_T|A,17410_C|T,18163_A|G,18453_T|C,18492_A|G,18894_C|T,19955_C|T,20055_A|G,21618_C|T,21622_C|T,21624_G|C,21711_C|T,21941_G|T,21987_G|A,22032_T|C,22033_C|A,22034_A|G,22200_T|G,22208_C|T,22295_C|A,22353_C|A,22556_A|G,22577_G|C,22578_G|A,22629_A|C,22674_C|T,22679_T|C,22686_C|T,22688_A|G,22770_G|A,22775_G|A,22786_A|C,22813_G|T,22882_T|G,22895_G|C,22896_T|A,22898_G|A,22910_A|G,22916_C|T,22917_T|G,22926_T|C,22942_T|A,22992_G|A,22995_C|A,23005_T|A,23012_G|A,23018_T|C,23019_T|C,23055_A|G,23063_A|T,23075_T|C,23222_G|A,23271_C|T,23403_A|G,23423_C|T,23525_C|T,23599_T|G,23604_C|G,23854_C|A,23948_G|T,24378_C|T,24424_A|T,24469_T|A,24990_C|T,25000_C|T,25207_C|T,25584_C|T,26060_C|T,26270_C|T,26529_G|C,26577_C|G,26610_A|G,26681_C|T,26709_G|A,26833_C|T,26858_C|T,27259_A|C,27382_G|C,27383_A|T,27807_C|T,27915_G|T,28271_A|T,28297_T|C,28311_C|T,28321_G|T,28846_C|T,28881_G|A,28882_G|A,28883_G|C,29510_A|C,11288_11296,21633_21641,21765_21770,21992_21994,22194_22196,23009_23011,28362_28370,29734_29759,21608_.|TCATGCCGCTGT
USA/NY-CDC-QDX91916242/2024	XDP	241_C|T,670_T|G,774_C|T,897_C|A,2790_C|T,3037_C|T,3431_G|T,3565_T|C,4184_G|A,4321_C|T,6183_A|G,7842_A|G,8293_C|T,8393_G|A,9344_C|T,9424_A|G,9534_C|T,10029_C|T,10198_C|T,10447_G|A,10449_C|A,11042_G|T,11727_G|A,12789_C|T,12815_C|T,12880_C|T,13339_T|C,14408_C|T,15324_C|T,15714_C|T,15756_T|A,15939_T|C,17410_C|T,18163_A|G,18453_T|C,18492_A|G,18894_C|T,19955_C|T,20055_A|G,21618_C|T,21622_C|T,21624_G|C,21711_C|T,21941_G|T,21987_G|A,22032_T|C,22033_C|A,22034_A|G,22200_T|G,22208_C|T,22295_C|A,22353_C|A,22556_A|G,22577_G|C,22578_G|A,22629_A|C,22674_C|T,22679_T|C,22686_C|T,22688_A|G,22770_G|A,22775_G|A,22786_A|C,22813_G|T,22882_T|G,22895_G|C,22896_T|A,22898_G|A,22910_A|G,22916_C|T,22917_T|G,22926_T|C,22942_T|A,22992_G|A,22995_C|A,23005_T|A,23012_G|A,23018_T|C,23019_T|C,23055_A|G,23063_A|T,23075_T|C,23222_G|A,23271_C|T,23403_A|G,23423_C|T,23525_C|T,23599_T|G,23604_C|G,23854_C|A,23948_G|T,24378_C|T,24424_A|T,24469_T|A,24990_C|T,25000_C|T,25207_C|T,25584_C|T,26060_C|T,26270_C|T,26529_G|C,26577_C|G,26610_A|G,26681_C|T,26709_G|A,26833_C|T,26858_C|T,27259_A|C,27382_G|C,27383_A|T,27384_T|C,27807_C|T,27915_G|T,28271_A|T,28297_T|C,28311_C|T,28846_C|T,28881_G|A,28882_G|A,28883_G|C,29510_A|C,29700_A|G,518_520,11288_11296,21633_21641,21765_21770,21992_21994,22194_22196,23009_23011,28362_28370,29734_29759,21608_.|TCATGCCGCTGT
USA/NY-CDC-QDX91916261/2024	XDP	241_C|T,670_T|G,774_C|T,897_C|A,2790_C|T,3037_C|T,3431_G|T,3565_T|C,4184_G|A,4321_C|T,6183_A|G,7842_A|G,8293_C|T,8393_G|A,9344_C|T,9424_A|G,9534_C|T,10029_C|T,10198_C|T,10447_G|A,10449_C|A,11042_G|T,11407_C|A,11727_G|A,12789_C|T,12815_C|T,12880_C|T,13339_T|C,13899_T|C,14408_C|T,15714_C|T,15756_T|A,17410_C|T,18163_A|G,18453_T|C,18492_A|G,18894_C|T,19955_C|T,20055_A|G,20724_A|G,21618_C|T,21622_C|T,21624_G|C,21711_C|T,21941_G|T,21987_G|A,22032_T|C,22033_C|A,22034_A|G,22200_T|G,22208_C|T,22295_C|A,22353_C|A,22556_A|G,22577_G|C,22578_G|A,22629_A|C,22674_C|T,22679_T|C,22686_C|T,22688_A|G,22770_G|A,22775_G|A,22786_A|C,22813_G|T,22882_T|G,22895_G|C,22896_T|A,22898_G|A,22910_A|G,22916_C|T,22917_T|G,22926_T|C,22942_T|A,22992_G|A,22995_C|A,23005_T|A,23012_G|A,23018_T|C,23019_T|C,23055_A|G,23063_A|T,23075_T|C,23222_G|A,23271_C|T,23403_A|G,23423_C|T,23525_C|T,23599_T|G,23604_C|G,23854_C|A,23948_G|T,24199_G|C,24378_C|T,24424_A|T,24469_T|A,24990_C|T,25000_C|T,25207_C|T,25584_C|T,26060_C|T,26270_C|T,26529_G|C,26577_C|G,26610_A|G,26681_C|T,26709_G|A,26833_C|T,26858_C|T,27259_A|C,27382_G|C,27383_A|T,27384_T|C,27807_C|T,27915_G|T,28271_A|T,28297_T|C,28311_C|T,28846_C|T,28881_G|A,28882_G|A,28883_G|C,29510_A|C,11288_11296,21633_21641,21765_21770,21992_21994,22194_22196,23009_23011,28362_28370,29734_29759,21608_.|TCATGCCGCTGT
USA/NY-CDC-QDX92231964/2024	XDP	241_C|T,670_T|G,774_C|T,897_C|A,2790_C|T,3037_C|T,3431_G|T,3565_T|C,4184_G|A,4321_C|T,6183_A|G,7842_A|G,8293_C|T,8393_G|A,9344_C|T,9424_A|G,9534_C|T,10029_C|T,10198_C|T,10447_G|A,10449_C|A,11042_G|T,11407_C|A,11727_G|A,12789_C|T,12815_C|T,12880_C|T,13339_T|C,13899_T|C,14408_C|T,15714_C|T,15756_T|A,17410_C|T,18163_A|G,18453_T|C,18492_A|G,18894_C|T,19955_C|T,20055_A|G,20724_A|G,21618_C|T,21622_C|T,21624_G|C,21711_C|T,21941_G|T,21987_G|A,22032_T|C,22033_C|A,22034_A|G,22200_T|G,22208_C|T,22295_C|A,22353_C|A,22556_A|G,22577_G|C,22578_G|A,22629_A|C,22674_C|T,22679_T|C,22686_C|T,22688_A|G,22770_G|A,22775_G|A,22786_A|C,22813_G|T,22882_T|G,22895_G|C,22896_T|A,22898_G|A,22910_A|G,22916_C|T,22917_T|G,22926_T|C,22942_T|A,22992_G|A,22995_C|A,23005_T|A,23012_G|A,23018_T|C,23019_T|C,23055_A|G,23063_A|T,23075_T|C,23222_G|A,23271_C|T,23403_A|G,23423_C|T,23525_C|T,23599_T|G,23604_C|G,23854_C|A,23948_G|T,24199_G|C,24378_C|T,24424_A|T,24469_T|A,24990_C|T,25000_C|T,25207_C|T,25584_C|T,26060_C|T,26270_C|T,26529_G|C,26577_C|G,26610_A|G,26681_C|T,26709_G|A,26833_C|T,26858_C|T,27259_A|C,27382_G|C,27383_A|T,27384_T|C,27807_C|T,27915_G|T,28271_A|T,28297_T|C,28311_C|T,28846_C|T,28881_G|A,28882_G|A,28883_G|C,29510_A|C,11288_11296,21633_21641,21765_21770,21992_21994,22194_22196,23009_23011,28362_28370,29734_29759,21608_.|TCATGCCGCTGT
USA/NY-CDC-QDX92348370/2024	XDP	241_C|T,511_T|C,670_T|G,774_C|T,897_C|A,2790_C|T,3037_C|T,3431_G|T,3565_T|C,4184_G|A,4321_C|T,6183_A|G,7842_A|G,8293_C|T,8393_G|A,9344_C|T,9424_A|G,9534_C|T,10029_C|T,10198_C|T,10447_G|A,10449_C|A,11042_G|T,11727_G|A,12789_C|T,12815_C|T,12880_C|T,13339_T|C,14408_C|T,14599_C|T,15714_C|T,15756_T|A,17410_C|T,18163_A|G,18453_T|C,18492_A|G,18894_C|T,19955_C|T,20055_A|G,21618_C|T,21622_C|T,21624_G|C,21711_C|T,21941_G|T,21987_G|A,22032_T|C,22033_C|A,22034_A|G,22200_T|G,22208_C|T,22295_C|A,22353_C|A,22556_A|G,22577_G|C,22578_G|A,22629_A|C,22674_C|T,22679_T|C,22686_C|T,22688_A|G,22770_G|A,22775_G|A,22786_A|C,22813_G|T,22882_T|G,22895_G|C,22896_T|A,22898_G|A,22910_A|G,22916_C|T,22917_T|G,22926_T|C,22942_T|A,22992_G|A,22995_C|A,23005_T|A,23012_G|A,23018_T|C,23019_T|C,23055_A|G,23063_A|T,23075_T|C,23222_G|A,23271_C|T,23403_A|G,23423_C|T,23525_C|T,23599_T|G,23604_C|G,23854_C|A,23948_G|T,24378_C|T,24424_A|T,24469_T|A,24990_C|T,25000_C|T,25207_C|T,25584_C|T,26060_C|T,26270_C|T,26529_G|C,26577_C|G,26610_A|G,26681_C|T,26709_G|A,26833_C|T,26858_C|T,27259_A|C,27382_G|C,27383_A|T,27384_T|C,27807_C|T,27915_G|T,28107_C|T,28271_A|T,28297_T|C,28311_C|T,28846_C|T,28881_G|A,28882_G|A,28883_G|C,29510_A|C,11288_11296,21633_21641,21765_21770,21992_21994,22194_22196,23009_23011,28362_28370,29734_29759,21608_.|TCATGCCGCTGT
USA/NY-CDC-QDX92553477/2024	XDP	241_C|T,511_T|C,670_T|G,774_C|T,897_C|A,2790_C|T,3037_C|T,3431_G|T,3565_T|C,4184_G|A,4321_C|T,6183_A|G,7842_A|G,8293_C|T,8393_G|A,9344_C|T,9424_A|G,9534_C|T,10029_C|T,10198_C|T,10447_G|A,10449_C|A,11042_G|T,11727_G|A,12789_C|T,12815_C|T,12880_C|T,13339_T|C,14408_C|T,14599_C|T,15714_C|T,15756_T|A,17410_C|T,18163_A|G,18453_T|C,18492_A|G,18894_C|T,19955_C|T,20055_A|G,21618_C|T,21622_C|T,21624_G|C,21711_C|T,21941_G|T,21987_G|A,22032_T|C,22033_C|A,22034_A|G,22200_T|G,22208_C|T,22295_C|A,22353_C|A,22556_A|G,22577_G|C,22578_G|A,22629_A|C,22674_C|T,22679_T|C,22686_C|T,22688_A|G,22770_G|A,22775_G|A,22786_A|C,22813_G|T,22882_T|G,22895_G|C,22896_T|A,22898_G|A,22910_A|G,22916_C|T,22917_T|G,22926_T|C,22942_T|A,22992_G|A,22995_C|A,23005_T|A,23012_G|A,23018_T|C,23019_T|C,23055_A|G,23063_A|T,23075_T|C,23222_G|A,23271_C|T,23403_A|G,23423_C|T,23525_C|T,23599_T|G,23604_C|G,23854_C|A,23948_G|T,24378_C|T,24424_A|T,24469_T|A,24990_C|T,25000_C|T,25207_C|T,25584_C|T,26060_C|T,26270_C|T,26529_G|C,26577_C|G,26610_A|G,26681_C|T,26709_G|A,26833_C|T,26858_C|T,27259_A|C,27382_G|C,27383_A|T,27384_T|C,27807_C|T,27915_G|T,28107_C|T,28271_A|T,28297_T|C,28311_C|T,28846_C|T,28881_G|A,28882_G|A,28883_G|C,29510_A|C,11288_11296,21633_21641,21765_21770,21992_21994,22194_22196,23009_23011,28362_28370,29734_29759,21608_.|TCATGCCGCTGT
USA/NY-CDC-QDX92553507/2024	XDP	241_C|T,511_T|C,670_T|G,774_C|T,897_C|A,2790_C|T,3037_C|T,3431_G|T,3565_T|C,4184_G|A,4321_C|T,6183_A|G,7842_A|G,8293_C|T,8393_G|A,9344_C|T,9424_A|G,9534_C|T,9979_C|T,10029_C|T,10198_C|T,10447_G|A,10449_C|A,11042_G|T,11727_G|A,12789_C|T,12815_C|T,12880_C|T,13339_T|C,14408_C|T,14599_C|T,15714_C|T,15756_T|A,17012_C|T,17410_C|T,18163_A|G,18453_T|C,18492_A|G,18894_C|T,19955_C|T,20055_A|G,21618_C|T,21622_C|T,21624_G|C,21711_C|T,21941_G|T,21987_G|A,22032_T|C,22033_C|A,22034_A|G,22200_T|G,22208_C|T,22295_C|A,22353_C|A,22369_T|C,22556_A|G,22577_G|C,22578_G|A,22629_A|C,22674_C|T,22679_T|C,22686_C|T,22688_A|G,22770_G|A,22775_G|A,22786_A|C,22813_G|T,22882_T|G,22895_G|C,22896_T|A,22898_G|A,22910_A|G,22916_C|T,22917_T|G,22926_T|C,22942_T|A,22992_G|A,22995_C|A,23005_T|A,23012_G|A,23018_T|C,23019_T|C,23055_A|G,23063_A|T,23075_T|C,23222_G|A,23271_C|T,23403_A|G,23423_C|T,23525_C|T,23599_T|G,23604_C|G,23854_C|A,23948_G|T,24378_C|T,24424_A|T,24469_T|A,24990_C|T,25000_C|T,25207_C|T,25584_C|T,26060_C|T,26270_C|T,26529_G|C,26577_C|G,26610_A|G,26681_C|T,26709_G|A,26833_C|T,26858_C|T,27259_A|C,27382_G|C,27383_A|T,27384_T|C,27807_C|T,27915_G|T,28107_C|T,28271_A|T,28297_T|C,28311_C|T,28846_C|T,28881_G|A,28882_G|A,28883_G|C,29510_A|C,11288_11296,21633_21641,21765_21770,21992_21994,22194_22196,23009_23011,28362_28370,29734_29759,21608_.|TCATGCCGCTGT
USA/NY-CDC-QDX92621154/2024	XDP	241_C|T,511_T|C,670_T|G,774_C|T,897_C|A,2790_C|T,3037_C|T,3431_G|T,3565_T|C,4184_G|A,4321_C|T,6183_A|G,7842_A|G,8293_C|T,8393_G|A,9344_C|T,9424_A|G,9534_C|T,10029_C|T,10198_C|T,10447_G|A,10449_C|A,11042_G|T,11727_G|A,12789_C|T,12815_C|T,12880_C|T,13339_T|C,14408_C|T,14599_C|T,15714_C|T,15756_T|A,17410_C|T,18163_A|G,18453_T|C,18492_A|G,18894_C|T,19955_C|T,20055_A|G,21618_C|T,21622_C|T,21624_G|C,21711_C|T,21941_G|T,21987_G|A,22032_T|C,22033_C|A,22034_A|G,22200_T|G,22208_C|T,22295_C|A,22353_C|A,22556_A|G,22577_G|C,22578_G|A,22629_A|C,22674_C|T,22679_T|C,22686_C|T,22688_A|G,22770_G|A,22775_G|A,22786_A|C,22813_G|T,22882_T|G,22895_G|C,22896_T|A,22898_G|A,22910_A|G,22916_C|T,22917_T|G,22926_T|C,22942_T|A,22992_G|A,22995_C|A,23005_T|A,23012_G|A,23018_T|C,23019_T|C,23055_A|G,23063_A|T,23075_T|C,23222_G|A,23271_C|T,23403_A|G,23423_C|T,23525_C|T,23599_T|G,23604_C|G,23854_C|A,23948_G|T,24378_C|T,24424_A|T,24469_T|A,24990_C|T,25000_C|T,25207_C|T,25584_C|T,26060_C|T,26270_C|T,26529_G|C,26577_C|G,26610_A|G,26681_C|T,26709_G|A,26833_C|T,26858_C|T,27259_A|C,27382_G|C,27383_A|T,27384_T|C,27807_C|T,27915_G|T,28107_C|T,28271_A|T,28297_T|C,28311_C|T,28846_C|T,28881_G|A,28882_G|A,28883_G|C,29510_A|C,11288_11296,21633_21641,21765_21770,21992_21994,22194_22196,23009_23011,28362_28370,29734_29759,21608_.|TCATGCCGCTGT
USA/NY-CDC-QDX92971426/2024	XDP	241_C|T,511_T|C,670_T|G,774_C|T,897_C|A,2790_C|T,3037_C|T,3431_G|T,3565_T|C,4184_G|A,4321_C|T,6183_A|G,6500_C|T,7842_A|G,8293_C|T,8393_G|A,9344_C|T,9424_A|G,9534_C|T,10029_C|T,10198_C|T,10275_A|C,10447_G|A,10449_C|A,11042_G|T,11727_G|A,12789_C|T,12815_C|T,12880_C|T,13339_T|C,14408_C|T,14599_C|T,15714_C|T,15756_T|A,17410_C|T,18163_A|G,18453_T|C,18492_A|G,18894_C|T,19955_C|T,20055_A|G,21618_C|T,21622_C|T,21624_G|C,21711_C|T,21941_G|T,21987_G|A,22032_T|C,22033_C|A,22034_A|G,22200_T|G,22208_C|T,22295_C|A,22353_C|A,22556_A|G,22577_G|C,22578_G|A,22629_A|C,22674_C|T,22679_T|C,22686_C|T,22688_A|G,22770_G|A,22775_G|A,22786_A|C,22813_G|T,22882_T|G,22895_G|C,22896_T|A,22898_G|A,22910_A|G,22916_C|T,22917_T|G,22926_T|C,22942_T|A,22992_G|A,22995_C|A,23005_T|A,23012_G|A,23018_T|C,23019_T|C,23055_A|G,23063_A|T,23075_T|C,23222_G|A,23271_C|T,23403_A|G,23423_C|T,23525_C|T,23599_T|G,23604_C|G,23854_C|A,23948_G|T,24378_C|T,24424_A|T,24469_T|A,24990_C|T,25000_C|T,25207_C|T,25584_C|T,26060_C|T,26270_C|T,26529_G|C,26577_C|G,26607_C|T,26610_A|G,26681_C|T,26709_G|A,26833_C|T,26858_C|T,27259_A|C,27382_G|C,27383_A|T,27384_T|C,27807_C|T,27915_G|T,28107_C|T,28271_A|T,28297_T|C,28311_C|T,28846_C|T,28881_G|A,28882_G|A,28883_G|C,29510_A|C,11288_11296,21633_21641,21765_21770,21992_21994,22194_22196,23009_23011,28362_28370,29734_29759,21608_.|TCATGCCGCTGT
USA/NY-CDC-QDX92971437/2024	XDP	241_C|T,511_T|C,670_T|G,774_C|T,897_C|A,2790_C|T,3037_C|T,3431_G|T,3565_T|C,4184_G|A,4321_C|T,6183_A|G,7842_A|G,8293_C|T,8393_G|A,9344_C|T,9424_A|G,9534_C|T,9979_C|T,10029_C|T,10198_C|T,10447_G|A,10449_C|A,11042_G|T,11727_G|A,12789_C|T,12815_C|T,12880_C|T,13339_T|C,14408_C|T,14599_C|T,15714_C|T,15756_T|A,17012_C|T,17410_C|T,18163_A|G,18453_T|C,18492_A|G,18894_C|T,19955_C|T,20055_A|G,21618_C|T,21622_C|T,21624_G|C,21711_C|T,21941_G|T,21987_G|A,22032_T|C,22033_C|A,22034_A|G,22200_T|G,22208_C|T,22295_C|A,22353_C|A,22556_A|G,22577_G|C,22578_G|A,22629_A|C,22674_C|T,22679_T|C,22686_C|T,22688_A|G,22770_G|A,22775_G|A,22786_A|C,22813_G|T,22882_T|G,22895_G|C,22896_T|A,22898_G|A,22910_A|G,22916_C|T,22917_T|G,22926_T|C,22942_T|A,22992_G|A,22995_C|A,23005_T|A,23012_G|A,23018_T|C,23019_T|C,23055_A|G,23063_A|T,23075_T|C,23222_G|A,23271_C|T,23403_A|G,23423_C|T,23525_C|T,23599_T|G,23604_C|G,23854_C|A,23948_G|T,24378_C|T,24424_A|T,24469_T|A,24990_C|T,25000_C|T,25207_C|T,25584_C|T,26060_C|T,26270_C|T,26529_G|C,26577_C|G,26610_A|G,26681_C|T,26709_G|A,26833_C|T,26858_C|T,27259_A|C,27382_G|C,27383_A|T,27384_T|C,27807_C|T,27915_G|T,28107_C|T,28271_A|T,28297_T|C,28311_C|T,28846_C|T,28881_G|A,28882_G|A,28883_G|C,29510_A|C,11288_11296,21633_21641,21765_21770,21992_21994,22194_22196,23009_23011,28362_28370,29734_29759,21608_.|TCATGCCGCTGT
USA/NY-CDC-QDX93174471/2024	XDP	241_C|T,511_T|C,670_T|G,774_C|T,897_C|A,2790_C|T,3037_C|T,3431_G|T,3565_T|C,4184_G|A,4321_C|T,6183_A|G,7842_A|G,8293_C|T,8393_G|A,9344_C|T,9424_A|G,9534_C|T,10029_C|T,10198_C|T,10447_G|A,10449_C|A,11042_G|T,11727_G|A,12789_C|T,12815_C|T,12880_C|T,13339_T|C,14408_C|T,14599_C|T,15714_C|T,15756_T|A,17410_C|T,18163_A|G,18453_T|C,18492_A|G,18894_C|T,19955_C|T,20055_A|G,21618_C|T,21622_C|T,21624_G|C,21711_C|T,21941_G|T,21987_G|A,22032_T|C,22033_C|A,22034_A|G,22200_T|G,22208_C|T,22295_C|A,22353_C|A,22556_A|G,22577_G|C,22578_G|A,22629_A|C,22674_C|T,22679_T|C,22686_C|T,22688_A|G,22770_G|A,22775_G|A,22786_A|C,22813_G|T,22882_T|G,22895_G|C,22896_T|A,22898_G|A,22910_A|G,22916_C|T,22917_T|G,22926_T|C,22942_T|A,22992_G|A,22995_C|A,23005_T|A,23012_G|A,23018_T|C,23019_T|C,23055_A|G,23063_A|T,23075_T|C,23222_G|A,23271_C|T,23403_A|G,23423_C|T,23525_C|T,23599_T|G,23604_C|G,23854_C|A,23948_G|T,24378_C|T,24424_A|T,24469_T|A,24990_C|T,25000_C|T,25207_C|T,25584_C|T,26060_C|T,26270_C|T,26529_G|C,26577_C|G,26610_A|G,26681_C|T,26709_G|A,26833_C|T,26858_C|T,27259_A|C,27382_G|C,27383_A|T,27384_T|C,27807_C|T,27915_G|T,28107_C|T,28271_A|T,28297_T|C,28311_C|T,28846_C|T,28881_G|A,28882_G|A,28883_G|C,29510_A|C,11288_11296,21633_21641,21765_21770,21992_21994,22194_22196,23009_23011,28362_28370,29734_29759,21608_.|TCATGCCGCTGT
USA/NY-CDC-QDX93174522/2024	XDP	241_C|T,670_T|G,774_C|T,897_C|A,2790_C|T,3037_C|T,3365_C|T,3431_G|T,3565_T|C,4184_G|A,4321_C|T,6183_A|G,7842_A|G,8293_C|T,8393_G|A,9344_C|T,9424_A|G,9534_C|T,10029_C|T,10198_C|T,10447_G|A,10449_C|A,11042_G|T,11407_C|A,11727_G|A,12789_C|T,12815_C|T,12880_C|T,13339_T|C,13899_T|C,14408_C|T,15714_C|T,15756_T|A,17410_C|T,18163_A|G,18453_T|C,18492_A|G,18894_C|T,19955_C|T,20055_A|G,20724_A|G,21618_C|T,21622_C|T,21624_G|C,21711_C|T,21941_G|T,21987_G|A,22032_T|C,22033_C|A,22034_A|G,22200_T|G,22208_C|T,22295_C|A,22353_C|A,22556_A|G,22577_G|C,22578_G|A,22629_A|C,22674_C|T,22679_T|C,22686_C|T,22688_A|G,22770_G|A,22775_G|A,22786_A|C,22813_G|T,22882_T|G,22895_G|C,22896_T|A,22898_G|A,22910_A|G,22916_C|T,22917_T|G,22926_T|C,22942_T|A,22992_G|A,22995_C|A,23005_T|A,23012_G|A,23018_T|C,23019_T|C,23055_A|G,23063_A|T,23075_T|C,23222_G|A,23271_C|T,23403_A|G,23423_C|T,23525_C|T,23599_T|G,23604_C|G,23854_C|A,23948_G|T,24199_G|C,24378_C|T,24424_A|T,24469_T|A,24990_C|T,25000_C|T,25207_C|T,25584_C|T,26060_C|T,26270_C|T,26529_G|C,26577_C|G,26610_A|G,26681_C|T,26709_G|A,26833_C|T,26858_C|T,27259_A|C,27382_G|C,27383_A|T,27384_T|C,27807_C|T,27915_G|T,28271_A|T,28297_T|C,28311_C|T,28846_C|T,28881_G|A,28882_G|A,28883_G|C,29510_A|C,11288_11296,21633_21641,21765_21770,21992_21994,22194_22196,23009_23011,28362_28370,29734_29759,21608_.|TCATGCCGCTGT
USA/NY-CDC-QDX93291062/2024	XDP	241_C|T,511_T|C,670_T|G,774_C|T,897_C|A,2790_C|T,3037_C|T,3431_G|T,3565_T|C,4184_G|A,4321_C|T,6183_A|G,7842_A|G,8293_C|T,8393_G|A,9344_C|T,9424_A|G,9534_C|T,10029_C|T,10198_C|T,10447_G|A,10449_C|A,11042_G|T,11727_G|A,12789_C|T,12815_C|T,12880_C|T,13339_T|C,14408_C|T,14599_C|T,15714_C|T,15756_T|A,17410_C|T,18163_A|G,18453_T|C,18492_A|G,18894_C|T,19955_C|T,20055_A|G,21618_C|T,21622_C|T,21624_G|C,21711_C|T,21941_G|T,21987_G|A,22032_T|C,22033_C|A,22034_A|G,22200_T|G,22208_C|T,22295_C|A,22353_C|A,22556_A|G,22577_G|C,22578_G|A,22629_A|C,22674_C|T,22679_T|C,22686_C|T,22688_A|G,22770_G|A,22775_G|A,22786_A|C,22813_G|T,22882_T|G,22895_G|C,22896_T|A,22898_G|A,22910_A|G,22916_C|T,22917_T|G,22926_T|C,22942_T|A,22992_G|A,22995_C|A,23005_T|A,23012_G|A,23018_T|C,23019_T|C,23055_A|G,23063_A|T,23075_T|C,23222_G|A,23271_C|T,23403_A|G,23423_C|T,23525_C|T,23599_T|G,23604_C|G,23854_C|A,23948_G|T,24378_C|T,24424_A|T,24469_T|A,24990_C|T,25000_C|T,25207_C|T,25584_C|T,26060_C|T,26270_C|T,26529_G|C,26577_C|G,26610_A|G,26681_C|T,26709_G|A,26833_C|T,26858_C|T,27259_A|C,27382_G|C,27383_A|T,27384_T|C,27807_C|T,27915_G|T,28107_C|T,28271_A|T,28297_T|C,28311_C|T,28846_C|T,28881_G|A,28882_G|A,28883_G|C,29510_A|C,11288_11296,21633_21641,21765_21770,21992_21994,22194_22196,23009_23011,28362_28370,29734_29759,21608_.|TCATGCCGCTGT
USA/NY-CDC-QDX93291074/2024	XDP	66_C|T,241_C|T,670_T|G,774_C|T,897_C|A,2790_C|T,3037_C|T,3431_G|T,3565_T|C,4184_G|A,4321_C|T,6183_A|G,7842_A|G,8293_C|T,8393_G|A,9344_C|T,9424_A|G,9534_C|T,10029_C|T,10198_C|T,10447_G|A,10449_C|A,11042_G|T,11727_G|A,12789_C|T,12815_C|T,12880_C|T,13339_T|C,14408_C|T,15714_C|T,15756_T|A,17410_C|T,18163_A|G,18453_T|C,18492_A|G,18894_C|T,19955_C|T,20055_A|G,21618_C|T,21622_C|T,21624_G|C,21711_C|T,21941_G|T,21987_G|A,22032_T|C,22033_C|A,22034_A|G,22200_T|G,22208_C|T,22295_C|A,22353_C|A,22556_A|G,22577_G|C,22578_G|A,22629_A|C,22674_C|T,22679_T|C,22686_C|T,22688_A|G,22770_G|A,22775_G|A,22786_A|C,22813_G|T,22882_T|G,22895_G|C,22896_T|A,22898_G|A,22910_A|G,22916_C|T,22917_T|G,22926_T|C,22942_T|A,22992_G|A,22995_C|A,23005_T|A,23012_G|A,23018_T|C,23019_T|C,23055_A|G,23063_A|T,23075_T|C,23222_G|A,23271_C|T,23403_A|G,23423_C|T,23525_C|T,23599_T|G,23604_C|G,23854_C|A,23948_G|T,24378_C|T,24424_A|T,24469_T|A,24990_C|T,25000_C|T,25207_C|T,25584_C|T,26060_C|T,26270_C|T,26529_G|C,26577_C|G,26610_A|G,26681_C|T,26709_G|A,26833_C|T,26858_C|T,27259_A|C,27382_G|C,27383_A|T,27807_C|T,27915_G|T,28271_A|T,28297_T|C,28311_C|T,28321_G|T,28846_C|T,28881_G|A,28882_G|A,28883_G|C,29510_A|C,11288_11296,21633_21641,21765_21770,21992_21994,22194_22196,23009_23011,28362_28370,29734_29759,21608_.|TCATGCCGCTGT
USA/NY-CDC-QDX93497639/2024	XDP	241_C|T,670_T|G,774_C|T,897_C|A,2790_C|T,3037_C|T,3431_G|T,3565_T|C,4184_G|A,4321_C|T,6183_A|G,7842_A|G,8293_C|T,8393_G|A,9344_C|T,9424_A|G,9534_C|T,10029_C|T,10198_C|T,10447_G|A,10449_C|A,11042_G|T,11407_C|A,11727_G|A,12789_C|T,12815_C|T,12880_C|T,13339_T|C,13899_T|C,14408_C|T,15714_C|T,15756_T|A,17410_C|T,18163_A|G,18453_T|C,18492_A|G,18894_C|T,19955_C|T,20055_A|G,20724_A|G,21618_C|T,21622_C|T,21624_G|C,21711_C|T,21941_G|T,21987_G|A,22032_T|C,22033_C|A,22034_A|G,22200_T|G,22208_C|T,22295_C|A,22353_C|A,22556_A|G,22577_G|C,22578_G|A,22629_A|C,22674_C|T,22679_T|C,22686_C|T,22688_A|G,22770_G|A,22775_G|A,22786_A|C,22813_G|T,22882_T|G,22895_G|C,22896_T|A,22898_G|A,22910_A|G,22916_C|T,22917_T|G,22926_T|C,22942_T|A,22992_G|A,22995_C|A,23005_T|A,23012_G|A,23018_T|C,23019_T|C,23055_A|G,23063_A|T,23075_T|C,23222_G|A,23271_C|T,23403_A|G,23423_C|T,23525_C|T,23599_T|G,23604_C|G,23854_C|A,23948_G|T,24199_G|C,24378_C|T,24424_A|T,24469_T|A,24990_C|T,25000_C|T,25207_C|T,25584_C|T,26060_C|T,26270_C|T,26529_G|C,26577_C|G,26610_A|G,26681_C|T,26709_G|A,26833_C|T,26858_C|T,27259_A|C,27382_G|C,27383_A|T,27384_T|C,27807_C|T,27915_G|T,28271_A|T,28297_T|C,28311_C|T,28846_C|T,28881_G|A,28882_G|A,28883_G|C,29510_A|C,11288_11296,21633_21641,21765_21770,21992_21994,22194_22196,23009_23011,28362_28370,29734_29759,21608_.|TCATGCCGCTGT
USA/NY-CDC-QDX97356870/2024	XDP	241_C|T,670_T|G,774_C|T,897_C|A,913_C|T,2790_C|T,3037_C|T,3431_G|T,3508_T|C,3565_T|C,4184_G|A,4321_C|T,6183_A|G,7173_C|T,7842_A|G,8293_C|T,8393_G|A,9244_A|G,9344_C|T,9424_A|G,9534_C|T,10029_C|T,10198_C|T,10447_G|A,10449_C|A,11042_G|T,11727_G|A,12789_C|T,12815_C|T,12880_C|T,13339_T|C,14408_C|T,15714_C|T,15756_T|A,17410_C|T,18163_A|G,18453_T|C,18492_A|G,18765_T|A,18894_C|T,19021_G|A,19955_C|T,20055_A|G,21618_C|T,21622_C|T,21624_G|C,21711_C|T,21941_G|T,21987_G|A,22032_T|C,22033_C|A,22034_A|G,22200_T|G,22208_C|T,22295_C|A,22353_C|A,22556_A|G,22577_G|C,22578_G|A,22599_G|C,22629_A|C,22674_C|T,22679_T|C,22686_C|T,22688_A|G,22770_G|A,22775_G|A,22786_A|C,22813_G|T,22882_T|G,22895_G|C,22896_T|A,22898_G|A,22910_A|G,22916_C|T,22917_T|G,22926_T|C,22942_T|A,22992_G|A,22995_C|A,23005_T|A,23012_G|A,23018_T|C,23019_T|C,23055_A|G,23063_A|T,23075_T|C,23222_G|A,23271_C|T,23403_A|G,23423_C|T,23525_C|T,23599_T|G,23604_C|G,23854_C|A,23948_G|T,24378_C|T,24424_A|T,24469_T|A,24990_C|T,25000_C|T,25101_A|G,25207_C|T,25584_C|T,26060_C|T,26270_C|T,26529_G|C,26577_C|G,26610_A|G,26681_C|T,26709_G|A,26833_C|T,26858_C|T,27259_A|C,27382_G|C,27383_A|T,27384_T|C,27807_C|T,27915_G|T,28271_A|T,28297_T|C,28311_C|T,28642_T|C,28846_C|T,28881_G|A,28882_G|A,28883_G|C,29510_A|C,11288_11296,21633_21641,21765_21770,21992_21994,22194_22196,23009_23011,28362_28370,29734_29759,21608_.|TCATGCCGCTGT
USA/NY-PRL-240222_82C09/2024	XDP	241_C|T,670_T|G,774_C|T,897_C|A,2790_C|T,3037_C|T,3431_G|T,3565_T|C,4184_G|A,4321_C|T,6183_A|G,6616_A|G,7842_A|G,8293_C|T,8393_G|A,9344_C|T,9424_A|G,9534_C|T,10029_C|T,10198_C|T,10447_G|A,10449_C|A,11042_G|T,11727_G|A,12789_C|T,12815_C|T,12880_C|T,13339_T|C,14408_C|T,15714_C|T,15756_T|A,17410_C|T,18163_A|G,18453_T|C,18492_A|G,18894_C|T,19955_C|T,20055_A|G,21610_T|C,21641_G|T,21711_C|T,21941_G|T,21987_G|A,22032_T|C,22033_C|A,22034_A|G,22200_T|G,22208_C|T,22295_C|A,22353_C|A,22556_A|G,22577_G|C,22578_G|A,22629_A|C,22674_C|T,22679_T|C,22686_C|T,22688_A|G,22770_G|A,22775_G|A,22786_A|C,22813_G|T,22882_T|G,22895_G|C,22896_T|A,22898_G|A,22910_A|G,22916_C|T,22917_T|G,22926_T|C,22942_T|A,22992_G|A,22995_C|A,23005_T|A,23012_G|A,23018_T|C,23019_T|C,23055_A|G,23063_A|T,23075_T|C,23222_G|A,23271_C|T,23403_A|G,23423_C|T,23525_C|T,23599_T|G,23604_C|G,23854_C|A,23948_G|T,24378_C|T,24424_A|T,24469_T|A,24990_C|T,25000_C|T,25207_C|T,25584_C|T,26060_C|T,26270_C|T,26529_G|C,26577_C|G,26610_A|G,26681_C|T,26709_G|A,26833_C|T,26858_C|T,27259_A|C,27382_G|C,27383_A|T,27384_T|C,27807_C|T,27915_G|T,28271_A|T,28297_T|C,28311_C|T,28846_C|T,28881_G|A,28882_G|A,28883_G|C,29510_A|C,11288_11296,21765_21770,21992_21994,22194_22196,23009_23011,28362_28370,29734_29759
USA/OH-CDC-5265405-001/2024	XDP	241_C|T,670_T|G,745_C|T,774_C|T,897_C|A,2790_C|T,3037_C|T,3431_G|T,3565_T|C,4184_G|A,4321_C|T,6183_A|G,7842_A|G,8293_C|T,8393_G|A,9344_C|T,9424_A|G,9534_C|T,10029_C|T,10198_C|T,10336_C|T,10447_G|A,10449_C|A,11042_G|T,11727_G|A,12789_C|T,12815_C|T,12880_C|T,13339_T|C,14408_C|T,15714_C|T,15756_T|A,17410_C|T,18163_A|G,18453_T|C,18492_A|G,18894_C|T,19955_C|T,20055_A|G,20871_T|C,21618_C|T,21622_C|T,21624_G|C,21711_C|T,21941_G|T,21987_G|A,22032_T|C,22033_C|A,22034_A|G,22200_T|G,22208_C|T,22295_C|A,22353_C|A,22556_A|G,22577_G|C,22578_G|A,22629_A|C,22674_C|T,22679_T|C,22686_C|T,22688_A|G,22770_G|A,22775_G|A,22786_A|C,22813_G|T,22882_T|G,22895_G|C,22896_T|A,22898_G|A,22910_A|G,22916_C|T,22917_T|G,22926_T|C,22942_T|A,22992_G|A,22995_C|A,23005_T|A,23012_G|A,23018_T|C,23019_T|C,23055_A|G,23063_A|T,23075_T|C,23222_G|A,23271_C|T,23403_A|G,23423_C|T,23525_C|T,23599_T|G,23604_C|G,23854_C|A,23948_G|T,24378_C|T,24424_A|T,24469_T|A,24990_C|T,25000_C|T,25207_C|T,25584_C|T,26060_C|T,26270_C|T,26529_G|C,26577_C|G,26610_A|G,26681_C|T,26709_G|A,26833_C|T,26858_C|T,27259_A|C,27382_G|C,27383_A|T,27384_T|C,27807_C|T,27915_G|T,28271_A|T,28297_T|C,28311_C|T,28846_C|T,28881_G|A,28882_G|A,28883_G|C,29510_A|C,11288_11296,21633_21641,21765_21770,21992_21994,22194_22196,23009_23011,28362_28370,29734_29759,21608_.|TCATGCCGCTGT
USA/OH-UHTL-3506/2024	XDP	44_C|T,241_C|T,670_T|G,774_C|T,897_C|A,2790_C|T,3037_C|T,3431_G|T,3565_T|C,4184_G|A,4321_C|T,6183_A|G,7842_A|G,8293_C|T,8393_G|A,9344_C|T,9424_A|G,9534_C|T,10029_C|T,10198_C|T,10447_G|A,10449_C|A,11042_G|T,11727_G|A,12789_C|T,12815_C|T,12880_C|T,13339_T|C,14001_A|G,14408_C|T,15714_C|T,15756_T|A,17410_C|T,18163_A|G,18453_T|C,18492_A|G,18894_C|T,19955_C|T,20055_A|G,21618_C|T,21622_C|T,21624_G|C,21711_C|T,21941_G|T,21987_G|A,22032_T|C,22033_C|A,22034_A|G,22200_T|G,22208_C|T,22295_C|A,22353_C|A,22556_A|G,22577_G|C,22578_G|A,22629_A|C,22674_C|T,22679_T|C,22686_C|T,22688_A|G,22770_G|A,22775_G|A,22786_A|C,22813_G|T,22882_T|G,22895_G|C,22896_T|A,22898_G|A,22910_A|G,22916_C|T,22917_T|G,22926_T|C,22942_T|A,22992_G|A,22995_C|A,23005_T|A,23012_G|A,23018_T|C,23019_T|C,23055_A|G,23063_A|T,23075_T|C,23222_G|A,23271_C|T,23403_A|G,23423_C|T,23525_C|T,23599_T|G,23604_C|G,23854_C|A,23948_G|T,24378_C|T,24424_A|T,24469_T|A,24794_G|A,24990_C|T,25000_C|T,25207_C|T,25584_C|T,26060_C|T,26270_C|T,26529_G|C,26577_C|G,26610_A|G,26681_C|T,26709_G|A,26833_C|T,26858_C|T,27259_A|C,27382_G|C,27383_A|T,27384_T|C,27807_C|T,27915_G|T,28271_A|T,28297_T|C,28311_C|T,28846_C|T,28881_G|A,28882_G|A,28883_G|C,29510_A|C,11288_11296,21633_21641,21765_21770,21992_21994,22194_22196,23009_23011,28362_28370,29734_29760
USA/OK-USAFSAM-S22275/2024	XDP	241_C|T,670_T|G,774_C|T,897_C|A,2790_C|T,3037_C|T,3431_G|T,3565_T|C,4184_G|A,4321_C|T,5183_C|T,6183_A|G,7842_A|G,8293_C|T,8393_G|A,9344_C|T,9424_A|G,9534_C|T,10029_C|T,10198_C|T,10447_G|A,10449_C|A,11042_G|T,11727_G|A,12789_C|T,12815_C|T,12880_C|T,13339_T|C,14408_C|T,15714_C|T,15756_T|A,17410_C|T,18163_A|G,18453_T|C,18492_A|G,18894_C|T,19955_C|T,20055_A|G,21618_C|T,21622_C|T,21624_G|C,21711_C|T,21941_G|T,21987_G|A,22032_T|C,22033_C|A,22034_A|G,22200_T|G,22208_C|T,22295_C|A,22353_C|A,22556_A|G,22577_G|C,22578_G|A,22629_A|C,22674_C|T,22679_T|C,22686_C|T,22688_A|G,22770_G|A,22775_G|A,22786_A|C,22813_G|T,22882_T|G,22895_G|C,22896_T|A,22898_G|A,22910_A|G,22916_C|T,22917_T|G,22926_T|C,22942_T|A,22992_G|A,22995_C|A,23005_T|A,23012_G|A,23018_T|C,23019_T|C,23055_A|G,23063_A|T,23075_T|C,23222_G|A,23271_C|T,23403_A|G,23423_C|T,23525_C|T,23599_T|G,23604_C|G,23854_C|A,23948_G|T,24378_C|T,24424_A|T,24469_T|A,24990_C|T,25000_C|T,25207_C|T,25584_C|T,26060_C|T,26270_C|T,26529_G|C,26577_C|G,26610_A|G,26681_C|T,26709_G|A,26833_C|T,26858_C|T,27259_A|C,27382_G|C,27383_A|T,27384_T|C,27807_C|T,27915_G|T,28271_A|T,28297_T|C,28311_C|T,28846_C|T,28881_G|A,28882_G|A,28883_G|C,29510_A|C,11288_11296,21633_21641,21765_21770,21992_21994,22194_22196,23009_23011,28362_28370,29734_29759,21608_.|TCATGCCGCTGT
USA/PA-CDC-LC1096672/2024	XDP	207_C|T,241_C|T,670_T|G,774_C|T,897_C|A,1681_G|A,2790_C|T,3037_C|T,3431_G|T,3565_T|C,4184_G|A,4321_C|T,6183_A|G,7842_A|G,8293_C|T,8393_G|A,9344_C|T,9424_A|G,9534_C|T,10029_C|T,10198_C|T,10447_G|A,10449_C|A,11042_G|T,11727_G|A,12789_C|T,12815_C|T,12880_C|T,13339_T|C,14408_C|T,15714_C|T,15756_T|A,17410_C|T,18163_A|G,18453_T|C,18492_A|G,18894_C|T,19955_C|T,20055_A|G,21618_C|T,21622_C|T,21624_G|C,21711_C|T,21941_G|T,21987_G|A,22032_T|C,22033_C|A,22034_A|G,22200_T|G,22208_C|T,22295_C|A,22353_C|A,22556_A|G,22577_G|C,22578_G|A,22629_A|C,22674_C|T,22679_T|C,22686_C|T,22688_A|G,22770_G|A,22775_G|A,22786_A|C,22813_G|T,22882_T|G,22895_G|C,22896_T|A,22898_G|A,22910_A|G,22916_C|T,22917_T|G,22926_T|C,22942_T|A,22992_G|A,22995_C|A,23005_T|A,23012_G|A,23018_T|C,23019_T|C,23055_A|G,23063_A|T,23075_T|C,23222_G|A,23271_C|T,23403_A|G,23423_C|T,23525_C|T,23599_T|G,23604_C|G,23854_C|A,23948_G|T,24378_C|T,24424_A|T,24469_T|A,24990_C|T,25000_C|T,25207_C|T,25584_C|T,26060_C|T,26270_C|T,26529_G|C,26577_C|G,26610_A|G,26681_C|T,26709_G|A,26833_C|T,26858_C|T,27259_A|C,27382_G|C,27383_A|T,27384_T|C,27807_C|T,27915_G|T,28271_A|T,28287_G|T,28297_T|C,28311_C|T,28846_C|T,28881_G|A,28882_G|A,28883_G|C,29510_A|C,11288_11296,21633_21641,21765_21770,21992_21994,22194_22196,23009_23011,28362_28370,29734_29759,21608_.|TCATGCCGCTGT
USA/PA-CDC-QDX90677855/2023	XDP	241_C|T,670_T|G,774_C|T,897_C|A,2790_C|T,3037_C|T,3431_G|T,3565_T|C,3619_C|T,4184_G|A,4321_C|T,6183_A|G,7842_A|G,8293_C|T,8393_G|A,9344_C|T,9424_A|G,9534_C|T,10029_C|T,10198_C|T,10447_G|A,10449_C|A,11042_G|T,11727_G|A,12789_C|T,12815_C|T,12880_C|T,13339_T|C,14408_C|T,15714_C|T,15756_T|A,17410_C|T,18163_A|G,18453_T|C,18492_A|G,18894_C|T,19955_C|T,20055_A|G,21618_C|T,21622_C|T,21624_G|C,21711_C|T,21941_G|T,21987_G|A,22032_T|C,22033_C|A,22034_A|G,22200_T|G,22208_C|T,22295_C|A,22353_C|A,22556_A|G,22577_G|C,22578_G|A,22629_A|C,22674_C|T,22679_T|C,22686_C|T,22688_A|G,22770_G|A,22775_G|A,22786_A|C,22813_G|T,22882_T|G,22895_G|C,22896_T|A,22898_G|A,22910_A|G,22916_C|T,22917_T|G,22926_T|C,22942_T|A,22992_G|A,22995_C|A,23005_T|A,23012_G|A,23018_T|C,23019_T|C,23055_A|G,23063_A|T,23075_T|C,23222_G|A,23271_C|T,23403_A|G,23423_C|T,23525_C|T,23599_T|G,23604_C|G,23854_C|A,23948_G|T,24378_C|T,24424_A|T,24469_T|A,24990_C|T,25000_C|T,25207_C|T,25584_C|T,26060_C|T,26270_C|T,26529_G|C,26577_C|G,26610_A|G,26681_C|T,26709_G|A,26833_C|T,26858_C|T,27259_A|C,27382_G|C,27383_A|T,27384_T|C,27807_C|T,27915_G|T,28271_A|T,28297_T|C,28311_C|T,28846_C|T,28881_G|A,28882_G|A,28883_G|C,29510_A|C,11288_11296,21633_21641,21765_21770,21992_21994,22194_22196,23009_23011,28362_28370,29734_29759,21608_.|TCATGCCGCTGT
USA/PA-CDC-QDX94467098/2024	XDP	241_C|T,670_T|G,774_C|T,897_C|A,2790_C|T,3037_C|T,3431_G|T,3565_T|C,4184_G|A,4321_C|T,6183_A|G,7842_A|G,8293_C|T,8393_G|A,9244_A|G,9344_C|T,9424_A|G,9534_C|T,10029_C|T,10198_C|T,10447_G|A,10449_C|A,11042_G|T,11727_G|A,12789_C|T,12815_C|T,12880_C|T,13339_T|C,14408_C|T,15714_C|T,15756_T|A,17410_C|T,18163_A|G,18453_T|C,18492_A|G,18894_C|T,19065_T|G,19955_C|T,20055_A|G,21618_C|T,21622_C|T,21624_G|C,21711_C|T,21941_G|T,21987_G|A,22032_T|C,22033_C|A,22034_A|G,22200_T|G,22208_C|T,22295_C|A,22353_C|A,22556_A|G,22577_G|C,22578_G|A,22629_A|C,22674_C|T,22679_T|C,22686_C|T,22688_A|G,22770_G|A,22775_G|A,22786_A|C,22813_G|T,22882_T|G,22895_G|C,22896_T|A,22898_G|A,22910_A|G,22916_C|T,22917_T|G,22926_T|C,22942_T|A,22992_G|A,22995_C|A,23005_T|A,23012_G|A,23018_T|C,23019_T|C,23055_A|G,23063_A|T,23075_T|C,23222_G|A,23271_C|T,23403_A|G,23423_C|T,23525_C|T,23599_T|G,23604_C|G,23854_C|A,23948_G|T,24378_C|T,24424_A|T,24469_T|A,24990_C|T,25000_C|T,25207_C|T,25584_C|T,26060_C|T,26270_C|T,26529_G|C,26577_C|G,26610_A|G,26681_C|T,26709_G|A,26833_C|T,26858_C|T,27259_A|C,27382_G|C,27383_A|T,27384_T|C,27389_C|T,27577_C|T,27807_C|T,27915_G|T,28271_A|T,28297_T|C,28311_C|T,28846_C|T,28881_G|A,28882_G|A,28883_G|C,29510_A|C,11288_11296,21633_21641,21765_21770,21992_21994,22194_22196,23009_23011,28362_28370,29734_29759,21608_.|TCATGCCGCTGT
USA/SC-COVID24-0095/2024	XDP	241_C|T,670_T|G,774_C|T,897_C|A,2790_C|T,3037_C|T,3431_G|T,4184_G|A,4321_C|T,6183_A|G,7842_A|G,8293_C|T,8393_G|A,9344_C|T,9424_A|G,9534_C|T,10029_C|T,10198_C|T,10447_G|A,10449_C|A,11042_G|T,11727_G|A,12789_C|T,12815_C|T,12880_C|T,13339_T|C,13726_G|A,14408_C|T,15714_C|T,15756_T|A,17410_C|T,18163_A|G,18453_T|C,18492_A|G,18894_C|T,19955_C|G,20055_A|G,21618_C|T,21622_C|T,21624_G|C,21711_C|T,21941_G|T,21987_G|A,22032_T|C,22033_C|A,22034_A|G,22200_T|G,22208_C|T,22295_C|A,22353_C|A,22556_A|G,22577_G|C,22578_G|A,22629_A|C,22674_C|T,22679_T|C,22686_C|T,22688_A|G,22770_G|A,22775_G|A,22786_A|C,22813_G|T,22882_T|G,22895_G|C,22896_T|A,22898_G|A,22910_A|G,22916_C|T,22917_T|G,22926_T|C,22942_T|A,22992_G|A,22995_C|A,23005_T|A,23012_G|A,23018_T|C,23019_T|C,23055_A|G,23063_A|T,23075_T|C,23222_G|A,23271_C|T,23403_A|G,23423_C|T,23525_C|T,23599_T|G,23604_C|G,23854_C|A,23948_G|T,24378_C|T,24424_A|T,24469_T|A,24990_C|T,25000_C|T,25207_C|T,25584_C|T,25928_T|C,26060_C|T,26270_C|T,26529_G|C,26577_C|G,26610_A|G,26681_C|T,26709_G|A,26833_C|T,26858_C|T,27259_A|C,27382_G|C,27383_A|T,27384_T|C,27807_C|T,27915_G|T,28271_A|T,28297_T|C,28311_C|T,28846_C|T,28881_G|A,28882_G|A,28883_G|C,29395_G|C,29510_A|C,11288_11296,21633_21641,21765_21770,21992_21994,22194_22196,23009_23011,28362_28370,29734_29759,21608_.|TCATGCCGCTGT
USA/SC-COVID24-0096/2024	XDP	241_C|T,670_T|G,774_C|T,897_C|A,2790_C|T,3037_C|T,3431_G|T,4184_G|A,4321_C|T,6183_A|G,7842_A|G,8293_C|T,8393_G|A,9344_C|T,9424_A|G,9534_C|T,10029_C|T,10198_C|T,10447_G|A,10449_C|A,11042_G|T,11727_G|A,12789_C|T,12815_C|T,12880_C|T,13339_T|C,13726_G|A,14408_C|T,15714_C|T,15756_T|A,17410_C|T,18163_A|G,18453_T|C,18492_A|G,18894_C|T,19955_C|G,20055_A|G,21618_C|T,21622_C|T,21624_G|C,21711_C|T,21941_G|T,21987_G|A,22032_T|C,22033_C|A,22034_A|G,22200_T|G,22208_C|T,22295_C|A,22353_C|A,22556_A|G,22577_G|C,22578_G|A,22629_A|C,22674_C|T,22679_T|C,22686_C|T,22688_A|G,22770_G|A,22775_G|A,22786_A|C,22813_G|T,22882_T|G,22895_G|C,22896_T|A,22898_G|A,22910_A|G,22916_C|T,22917_T|G,22926_T|C,22942_T|A,22992_G|A,22995_C|A,23005_T|A,23012_G|A,23018_T|C,23019_T|C,23055_A|G,23063_A|T,23075_T|C,23222_G|A,23271_C|T,23403_A|G,23423_C|T,23525_C|T,23599_T|G,23604_C|G,23854_C|A,23948_G|T,24378_C|T,24424_A|T,24469_T|A,24990_C|T,25000_C|T,25207_C|T,25584_C|T,25928_T|C,26060_C|T,26270_C|T,26529_G|C,26577_C|G,26610_A|G,26681_C|T,26709_G|A,26833_C|T,26858_C|T,27259_A|C,27382_G|C,27383_A|T,27384_T|C,27807_C|T,27915_G|T,28271_A|T,28297_T|C,28311_C|T,28846_C|T,28881_G|A,28882_G|A,28883_G|C,29395_G|C,29510_A|C,11288_11296,21633_21641,21765_21770,21992_21994,22194_22196,23009_23011,28362_28370,29734_29759,21608_.|TCATGCCGCTGT
USA/SC-COVID24-0097/2024	XDP	241_C|T,670_T|G,774_C|T,897_C|A,2790_C|T,3037_C|T,3431_G|T,4184_G|A,4321_C|T,6183_A|G,7842_A|G,8293_C|T,8393_G|A,9344_C|T,9424_A|G,9534_C|T,10029_C|T,10198_C|T,10447_G|A,10449_C|A,11042_G|T,11727_G|A,12789_C|T,12815_C|T,12880_C|T,13339_T|C,13726_G|A,14408_C|T,15714_C|T,15756_T|A,17410_C|T,18163_A|G,18453_T|C,18492_A|G,18894_C|T,19955_C|G,20055_A|G,21618_C|T,21622_C|T,21624_G|C,21711_C|T,21941_G|T,21987_G|A,22032_T|C,22033_C|A,22034_A|G,22200_T|G,22208_C|T,22295_C|A,22353_C|A,22556_A|G,22577_G|C,22578_G|A,22629_A|C,22674_C|T,22679_T|C,22686_C|T,22688_A|G,22770_G|A,22775_G|A,22786_A|C,22813_G|T,22882_T|G,22895_G|C,22896_T|A,22898_G|A,22910_A|G,22916_C|T,22917_T|G,22926_T|C,22942_T|A,22992_G|A,22995_C|A,23005_T|A,23012_G|A,23018_T|C,23019_T|C,23055_A|G,23063_A|T,23075_T|C,23222_G|A,23271_C|T,23403_A|G,23423_C|T,23525_C|T,23599_T|G,23604_C|G,23854_C|A,23948_G|T,24378_C|T,24424_A|T,24469_T|A,24990_C|T,25000_C|T,25207_C|T,25584_C|T,25928_T|C,26060_C|T,26270_C|T,26529_G|C,26577_C|G,26610_A|G,26681_C|T,26709_G|A,26833_C|T,26858_C|T,27259_A|C,27382_G|C,27383_A|T,27384_T|C,27807_C|T,27915_G|T,28271_A|T,28297_T|C,28311_C|T,28846_C|T,28881_G|A,28882_G|A,28883_G|C,29395_G|C,29510_A|C,11288_11296,21633_21641,21765_21770,21992_21994,22194_22196,23009_23011,28362_28370,29734_29759,21608_.|TCATGCCGCTGT
USA/SC-COVID24-0098/2024	XDP	241_C|T,670_T|G,774_C|T,897_C|A,2790_C|T,3037_C|T,3431_G|T,4184_G|A,4321_C|T,6183_A|G,7842_A|G,8293_C|T,8393_G|A,9344_C|T,9424_A|G,9534_C|T,10029_C|T,10198_C|T,10447_G|A,10449_C|A,11042_G|T,11727_G|A,12789_C|T,12815_C|T,12880_C|T,13339_T|C,13726_G|A,14408_C|T,15714_C|T,15756_T|A,17410_C|T,18163_A|G,18453_T|C,18492_A|G,18894_C|T,19955_C|G,20055_A|G,21618_C|T,21622_C|T,21624_G|C,21711_C|T,21941_G|T,21987_G|A,22032_T|C,22033_C|A,22034_A|G,22200_T|G,22208_C|T,22295_C|A,22353_C|A,22556_A|G,22577_G|C,22578_G|A,22629_A|C,22674_C|T,22679_T|C,22686_C|T,22688_A|G,22770_G|A,22775_G|A,22786_A|C,22813_G|T,22882_T|G,22895_G|C,22896_T|A,22898_G|A,22910_A|G,22916_C|T,22917_T|G,22926_T|C,22942_T|A,22992_G|A,22995_C|A,23005_T|A,23012_G|A,23018_T|C,23019_T|C,23055_A|G,23063_A|T,23075_T|C,23222_G|A,23271_C|T,23403_A|G,23423_C|T,23525_C|T,23599_T|G,23604_C|G,23854_C|A,23948_G|T,24378_C|T,24424_A|T,24469_T|A,24990_C|T,25000_C|T,25207_C|T,25584_C|T,25928_T|C,26060_C|T,26270_C|T,26529_G|C,26577_C|G,26610_A|G,26681_C|T,26709_G|A,26833_C|T,26858_C|T,27259_A|C,27382_G|C,27383_A|T,27384_T|C,27807_C|T,27915_G|T,28271_A|T,28297_T|C,28311_C|T,28846_C|T,28881_G|A,28882_G|A,28883_G|C,29395_G|C,29510_A|C,11288_11296,21633_21641,21765_21770,21992_21994,22194_22196,23009_23011,28362_28370,29734_29759,21608_.|TCATGCCGCTGT
USA/SC-COVID24-0099/2024	XDP	241_C|T,670_T|G,774_C|T,897_C|A,2790_C|T,3037_C|T,3431_G|T,3565_T|C,4184_G|A,4321_C|T,6183_A|G,7842_A|G,8293_C|T,8393_G|A,9344_C|T,9424_A|G,9534_C|T,10029_C|T,10198_C|T,10447_G|A,10449_C|A,11042_G|T,11727_G|A,12789_C|T,12815_C|T,12880_C|T,13339_T|C,13726_G|A,14408_C|T,15714_C|T,15756_T|A,17410_C|T,18163_A|G,18453_T|C,18492_A|G,18894_C|T,19955_C|G,20055_A|G,21618_C|T,21622_C|T,21624_G|C,21711_C|T,21941_G|T,21987_G|A,22032_T|C,22033_C|A,22034_A|G,22200_T|G,22208_C|T,22295_C|A,22353_C|A,22556_A|G,22577_G|C,22578_G|A,22629_A|C,22674_C|T,22679_T|C,22686_C|T,22688_A|G,22770_G|A,22775_G|A,22786_A|C,22813_G|T,22882_T|G,22895_G|C,22896_T|A,22898_G|A,22910_A|G,22916_C|T,22917_T|G,22926_T|C,22942_T|A,22992_G|A,22995_C|A,23005_T|A,23012_G|A,23018_T|C,23019_T|C,23055_A|G,23063_A|T,23075_T|C,23222_G|A,23271_C|T,23403_A|G,23423_C|T,23525_C|T,23599_T|G,23604_C|G,23854_C|A,23948_G|T,24378_C|T,24424_A|T,24469_T|A,24990_C|T,25000_C|T,25207_C|T,25584_C|T,25928_T|C,26060_C|T,26270_C|T,26529_G|C,26577_C|G,26610_A|G,26681_C|T,26709_G|A,26833_C|T,26858_C|T,27259_A|C,27382_G|C,27383_A|T,27384_T|C,27807_C|T,27915_G|T,28271_A|T,28297_T|C,28311_C|T,28846_C|T,28881_G|A,28882_G|A,28883_G|C,29395_G|C,29510_A|C,11288_11296,21633_21641,21765_21770,21992_21994,22194_22196,23009_23011,28362_28370,29734_29759,21608_.|TCATGCCGCTGT
USA/SC-COVID24-0100/2024	XDP	241_C|T,670_T|G,774_C|T,897_C|A,2790_C|T,3037_C|T,3431_G|T,3565_T|C,4184_G|A,4321_C|T,6183_A|G,7842_A|G,8293_C|T,8393_G|A,9344_C|T,9424_A|G,9534_C|T,10029_C|T,10198_C|T,10447_G|A,10449_C|A,11042_G|T,11727_G|A,12789_C|T,12815_C|T,12880_C|T,13339_T|C,13726_G|A,14408_C|T,15714_C|T,15756_T|A,17410_C|T,18163_A|G,18453_T|C,18492_A|G,18894_C|T,19955_C|G,20055_A|G,21618_C|T,21622_C|T,21624_G|C,21987_G|A,22032_T|C,22033_C|A,22034_A|G,22200_T|G,22208_C|T,22295_C|A,22353_C|A,22556_A|G,22577_G|C,22578_G|A,22629_A|C,22674_C|T,22679_T|C,22686_C|T,22688_A|G,22770_G|A,22775_G|A,22786_A|C,22813_G|T,22882_T|G,22895_G|C,22896_T|A,22898_G|A,22910_A|G,22916_C|T,22917_T|G,22926_T|C,22942_T|A,22992_G|A,22995_C|A,23005_T|A,23012_G|A,23018_T|C,23019_T|C,23055_A|G,23063_A|T,23075_T|C,23222_G|A,23271_C|T,23403_A|G,23423_C|T,23525_C|T,23599_T|G,23604_C|G,23854_C|A,23948_G|T,24378_C|T,24424_A|T,24469_T|A,24990_C|T,25000_C|T,25207_C|T,25584_C|T,25928_T|C,26060_C|T,26270_C|T,26529_G|C,26577_C|G,26610_A|G,26681_C|T,26709_G|A,26833_C|T,26858_C|T,27259_A|C,27382_G|C,27383_A|T,27384_T|C,27807_C|T,27915_G|T,28271_A|T,28297_T|C,28311_C|T,28846_C|T,28881_G|A,28882_G|A,28883_G|C,29395_G|C,29510_A|C,11288_11296,21633_21641,21765_21770,21992_21994,22194_22196,23009_23011,28362_28370,29734_29759,21608_.|TCATGCCGCTGT
USA/SC-COVID24-102/2024	XDP	241_C|T,670_T|G,774_C|T,897_C|A,2790_C|T,3037_C|T,3431_G|T,3565_T|C,4184_G|A,4321_C|T,6183_A|G,7842_A|G,8293_C|T,8393_G|A,9344_C|T,9424_A|G,9534_C|T,10029_C|T,10198_C|T,10447_G|A,10449_C|A,11042_G|T,11727_G|A,12789_C|T,12815_C|T,12880_C|T,13339_T|C,13726_G|A,14408_C|T,15714_C|T,15756_T|A,17410_C|T,18163_A|G,18453_T|C,18492_A|G,18894_C|T,19955_C|G,20055_A|G,21618_C|T,21622_C|T,21624_G|C,21711_C|T,21941_G|T,21987_G|A,22032_T|C,22033_C|A,22034_A|G,22200_T|G,22208_C|T,22295_C|A,22353_C|A,22556_A|G,22577_G|C,22578_G|A,22629_A|C,22674_C|T,22679_T|C,22686_C|T,22688_A|G,22770_G|A,22775_G|A,22786_A|C,22813_G|T,22882_T|G,22895_G|C,22896_T|A,22898_G|A,22910_A|G,22916_C|T,22917_T|G,22926_T|C,22942_T|A,22992_G|A,22995_C|A,23005_T|A,23012_G|A,23018_T|C,23019_T|C,23055_A|G,23063_A|T,23075_T|C,23222_G|A,23271_C|T,23403_A|G,23423_C|T,23525_C|T,23599_T|G,23604_C|G,23854_C|A,23948_G|T,24378_C|T,24424_A|T,24469_T|A,24990_C|T,25000_C|T,25207_C|T,25584_C|T,25928_T|C,26060_C|T,26270_C|T,26529_G|C,26577_C|G,26610_A|G,26681_C|T,26709_G|A,26833_C|T,26858_C|T,27259_A|C,27382_G|C,27383_A|T,27384_T|C,27807_C|T,27915_G|T,28271_A|T,28297_T|C,28311_C|T,28846_C|T,28881_G|A,28882_G|A,28883_G|C,29395_G|C,29510_A|C,11288_11296,21633_21641,21765_21770,21992_21994,22194_22196,23009_23011,28362_28370,29734_29759,21608_.|TCATGCCGCTGT
USA/SD-CDC-2-7643088/2024	XDP	241_C|T,670_T|G,774_C|T,897_C|A,2790_C|T,3037_C|T,3431_G|T,3565_T|C,4184_G|A,4321_C|T,6183_A|G,7842_A|G,8293_C|T,8393_G|A,8902_T|C,9344_C|T,9424_A|G,9534_C|T,10029_C|T,10198_C|T,10447_G|A,10449_C|A,11042_G|T,11727_G|A,12789_C|T,12815_C|T,12880_C|T,13339_T|C,14408_C|T,15714_C|T,15756_T|A,16813_G|T,17410_C|T,18163_A|G,18453_T|C,18492_A|G,18894_C|T,19955_C|T,20055_A|G,21618_C|T,21622_C|T,21624_G|C,21711_C|T,21941_G|T,21987_G|A,22032_T|C,22033_C|A,22034_A|G,22200_T|G,22208_C|T,22295_C|A,22353_C|A,22556_A|G,22577_G|C,22578_G|A,22629_A|C,22674_C|T,22679_T|C,22686_C|T,22688_A|G,22770_G|A,22775_G|A,22786_A|C,22813_G|T,22882_T|G,22895_G|C,22896_T|A,22898_G|A,22910_A|G,22916_C|T,22917_T|G,22926_T|C,22942_T|A,22992_G|A,22995_C|A,23005_T|A,23012_G|A,23018_T|C,23019_T|C,23055_A|G,23063_A|T,23075_T|C,23222_G|A,23271_C|T,23403_A|G,23423_C|T,23525_C|T,23599_T|G,23604_C|G,23854_C|A,23948_G|T,24378_C|T,24424_A|T,24469_T|A,24990_C|T,25000_C|T,25108_A|T,25207_C|T,25584_C|T,26060_C|T,26127_A|T,26270_C|T,26529_G|C,26577_C|G,26610_A|G,26681_C|T,26709_G|A,26833_C|T,26858_C|T,27259_A|C,27382_G|C,27383_A|T,27384_T|C,27807_C|T,27915_G|T,28271_A|T,28297_T|C,28311_C|T,28846_C|T,28881_G|A,28882_G|A,28883_G|C,29510_A|C,11288_11296,21633_21641,21765_21770,21992_21994,22194_22196,23009_23011,28362_28370,29734_29759,21608_.|TCATGCCGCTGT
USA/SD-INBRE-02957/2023	XDP	241_C|T,670_T|G,774_C|T,897_C|A,2790_C|T,3037_C|T,3431_G|T,3565_T|C,4184_G|A,4321_C|T,6183_A|G,7842_A|G,8293_C|T,8393_G|A,9344_C|T,9424_A|G,9534_C|T,10029_C|T,10198_C|T,10447_G|A,10449_C|A,11042_G|T,11727_G|A,12789_C|T,12815_C|T,12880_C|T,13339_T|C,14408_C|T,15714_C|T,15756_T|A,17410_C|T,18163_A|G,18453_T|C,18492_A|G,18894_C|T,19955_C|T,20055_A|G,21618_C|T,21622_C|T,21624_G|C,21941_G|T,21987_G|A,22032_T|C,22033_C|A,22034_A|G,22200_T|G,22208_C|T,22295_C|A,22353_C|A,22556_A|G,22577_G|C,22578_G|A,22629_A|C,22674_C|T,22679_T|C,22686_C|T,22688_A|G,22770_G|A,22775_G|A,22786_A|C,22813_G|T,22882_T|G,22895_G|C,22896_T|A,22898_G|A,22910_A|G,22916_C|T,22917_T|G,22926_T|C,22942_T|A,22992_G|A,22995_C|A,23005_T|A,23012_G|A,23018_T|C,23019_T|C,23055_A|G,23063_A|T,23075_T|C,23222_G|A,23271_C|T,23403_A|G,23423_C|T,23525_C|T,23599_T|G,23604_C|G,23854_C|A,23948_G|T,24378_C|T,24424_A|T,24469_T|A,24990_C|T,25000_C|T,25207_C|T,25584_C|T,26060_C|T,26270_C|T,26529_G|C,26577_C|G,26610_A|G,26681_C|T,26709_G|A,26833_C|T,26858_C|T,27259_A|C,27382_G|C,27383_A|T,27384_T|C,27807_C|T,27915_G|T,28271_A|T,28297_T|C,28311_C|T,28846_C|T,28881_G|A,28882_G|A,28883_G|C,29510_A|C,11288_11296,21633_21641,21992_21994,22194_22196,23009_23011,28362_28370,29734_29759,21608_.|TCATGCCGCTGT
USA/SD-SDPHL-3278/2023	XDP	241_C|T,670_T|G,774_C|T,897_C|A,2790_C|T,3037_C|T,3431_G|T,3565_T|C,4184_G|A,4321_C|T,6183_A|G,7842_A|G,8293_C|T,8393_G|A,9344_C|T,9424_A|G,9534_C|T,10029_C|T,10198_C|T,10447_G|A,10449_C|A,11042_G|T,11727_G|A,12789_C|T,12815_C|T,12880_C|T,13339_T|C,14408_C|T,15714_C|T,15756_T|A,15882_T|C,17410_C|T,18163_A|G,18453_T|C,18492_A|G,18894_C|T,19955_C|T,20055_A|G,21618_C|T,21622_C|T,21624_G|C,21711_C|T,21941_G|T,21987_G|A,22032_T|C,22033_C|A,22034_A|G,22200_T|G,22208_C|T,22295_C|A,22353_C|A,22556_A|G,22577_G|C,22578_G|A,22629_A|C,22674_C|T,22679_T|C,22686_C|T,22688_A|G,22770_G|A,22775_G|A,22786_A|C,22813_G|T,22882_T|G,22895_G|C,22896_T|A,22898_G|A,22910_A|G,22916_C|T,22917_T|G,22926_T|C,22942_T|A,22992_G|A,22995_C|A,23005_T|A,23012_G|A,23018_T|C,23019_T|C,23055_A|G,23063_A|T,23075_T|C,23222_G|A,23271_C|T,23403_A|G,23423_C|T,23525_C|T,23599_T|G,23604_C|G,23854_C|A,23948_G|T,24378_C|T,24424_A|T,24469_T|A,24990_C|T,25000_C|T,25108_A|T,25207_C|T,25584_C|T,26060_C|T,26270_C|T,26529_G|C,26577_C|G,26610_A|G,26681_C|T,26709_G|A,26833_C|T,26858_C|T,27087_G|T,27259_A|C,27382_G|C,27383_A|T,27384_T|C,27807_C|T,27915_G|T,28027_G|T,28271_A|T,28297_T|C,28311_C|T,28846_C|T,28881_G|A,28882_G|A,28883_G|C,29510_A|C,11288_11296,21633_21641,21765_21770,21992_21994,22194_22196,23009_23011,28362_28370,29734_29759,21608_.|TCATGCCGCTGT
USA/SD-SDPHL-3384/2024	XDP	241_C|T,670_T|G,774_C|T,897_C|A,2790_C|T,3037_C|T,3431_G|T,3565_T|C,4184_G|A,4321_C|T,6183_A|G,7842_A|G,8293_C|T,8393_G|A,9344_C|T,9424_A|G,9534_C|T,10029_C|T,10198_C|T,10447_G|A,10449_C|A,11042_G|T,11727_G|A,12789_C|T,12815_C|T,12880_C|T,13339_T|C,14408_C|T,15714_C|T,15756_T|A,17410_C|T,18163_A|G,18453_T|C,18492_A|G,18894_C|T,19955_C|T,20055_A|G,21618_C|T,21622_C|T,21624_G|C,21711_C|T,21941_G|T,21987_G|A,22032_T|C,22033_C|A,22034_A|G,22200_T|G,22208_C|T,22295_C|A,22353_C|A,22556_A|G,22577_G|C,22578_G|A,22629_A|C,22674_C|T,22679_T|C,22686_C|T,22688_A|G,22770_G|A,22775_G|A,22786_A|C,22813_G|T,22882_T|G,22895_G|C,22896_T|A,22898_G|A,22910_A|G,22916_C|T,22917_T|G,22926_T|C,22942_T|A,22992_G|A,22995_C|A,23005_T|A,23012_G|A,23018_T|C,23019_T|C,23055_A|G,23063_A|T,23075_T|C,23222_G|A,23271_C|T,23403_A|G,23423_C|T,23525_C|T,23599_T|G,23604_C|G,23854_C|A,23948_G|T,24378_C|T,24424_A|T,24469_T|A,24990_C|T,25000_C|T,25108_A|T,25207_C|T,25584_C|T,26060_C|T,26270_C|T,26529_G|C,26577_C|G,26610_A|G,26681_C|T,26709_G|A,26833_C|T,26858_C|T,27259_A|C,27382_G|C,27383_A|T,27384_T|C,27807_C|T,27915_G|T,28271_A|T,28297_T|C,28311_C|T,28846_C|T,28881_G|A,28882_G|A,28883_G|C,29218_C|T,29510_A|C,29541_C|T,11288_11296,21633_21641,21765_21770,21992_21994,22194_22196,23009_23011,28362_28370,29734_29759,21608_.|TCATGCCGCTGT
USA/SD-SDPHL-3409/2024	XDP	241_C|T,670_T|G,774_C|T,897_C|A,1060_C|T,2790_C|T,3037_C|T,3431_G|T,3565_T|C,4184_G|A,4321_C|T,6183_A|G,7842_A|G,8293_C|T,8393_G|A,9344_C|T,9424_A|G,9534_C|T,10029_C|T,10198_C|T,10447_G|A,10449_C|A,11042_G|T,11727_G|A,12789_C|T,12815_C|T,12880_C|T,13329_C|T,13339_T|C,14408_C|T,15714_C|T,15756_T|A,17410_C|T,18163_A|G,18453_T|C,18492_A|G,18894_C|T,19955_C|T,20055_A|G,20663_G|A,21618_C|T,21622_C|T,21624_G|C,21711_C|T,21941_G|T,21987_G|A,22032_T|C,22033_C|A,22034_A|G,22200_T|G,22208_C|T,22295_C|A,22353_C|A,22556_A|G,22577_G|C,22578_G|A,22629_A|C,22674_C|T,22679_T|C,22686_C|T,22688_A|G,22770_G|A,22775_G|A,22786_A|C,22813_G|T,22882_T|G,22895_G|C,22896_T|A,22898_G|A,22910_A|G,22916_C|T,22917_T|G,22926_T|C,22942_T|A,22992_G|A,22995_C|A,23005_T|A,23012_G|A,23018_T|C,23019_T|C,23055_A|G,23063_A|T,23075_T|C,23222_G|A,23271_C|T,23403_A|G,23423_C|T,23525_C|T,23599_T|G,23604_C|G,23854_C|A,23948_G|T,24378_C|T,24424_A|T,24469_T|A,24990_C|T,25000_C|T,25207_C|T,25584_C|T,26060_C|T,26270_C|T,26529_G|C,26577_C|G,26610_A|G,26681_C|T,26709_G|A,26833_C|T,26858_C|T,27259_A|C,27382_G|C,27383_A|T,27384_T|C,27807_C|T,27915_G|T,28271_A|T,28297_T|C,28311_C|T,28846_C|T,28881_G|A,28882_G|A,28883_G|C,29510_A|C,11288_11296,21633_21641,21765_21770,21992_21994,22194_22196,23009_23011,28362_28370,29734_29759,21608_.|TCATGCCGCTGT
USA/SD-SDPHL-3429/2024	XDP	241_C|T,670_T|G,774_C|T,897_C|A,2790_C|T,3037_C|T,3431_G|T,3565_T|C,4184_G|A,4321_C|T,6183_A|G,7842_A|G,8293_C|T,8393_G|A,8902_T|C,9344_C|T,9424_A|G,9534_C|T,10029_C|T,10198_C|T,10447_G|A,10449_C|A,11042_G|T,11727_G|A,12789_C|T,12815_C|T,12880_C|T,13339_T|C,14408_C|T,15714_C|T,15756_T|A,16813_G|T,17410_C|T,18163_A|G,18453_T|C,18492_A|G,18894_C|T,19955_C|T,20055_A|G,21618_C|T,21622_C|T,21624_G|C,21711_C|T,21941_G|T,21987_G|A,22032_T|C,22033_C|A,22034_A|G,22200_T|G,22208_C|T,22295_C|A,22353_C|A,22556_A|G,22577_G|C,22578_G|A,22581_A|T,22629_A|C,22674_C|T,22679_T|C,22686_C|T,22688_A|G,22770_G|A,22775_G|A,22786_A|C,22813_G|T,22882_T|G,22895_G|C,22896_T|A,22898_G|A,22910_A|G,22916_C|T,22917_T|G,22926_T|C,22942_T|A,22992_G|A,22995_C|A,23005_T|A,23012_G|A,23018_T|C,23019_T|C,23055_A|G,23063_A|T,23075_T|C,23222_G|A,23271_C|T,23403_A|G,23423_C|T,23525_C|T,23599_T|G,23604_C|G,23854_C|A,23948_G|T,24378_C|T,24424_A|T,24469_T|A,24990_C|T,25000_C|T,25108_A|T,25207_C|T,25584_C|T,26060_C|T,26127_A|T,26270_C|T,26529_G|C,26577_C|G,26610_A|G,26681_C|T,26709_G|A,26833_C|T,26858_C|T,27259_A|C,27382_G|C,27383_A|T,27384_T|C,27807_C|T,27915_G|T,28271_A|T,28297_T|C,28311_C|T,28846_C|T,28881_G|A,28882_G|A,28883_G|C,29510_A|C,11288_11296,21633_21641,21765_21770,21992_21994,22194_22196,23009_23011,28362_28370,29734_29759,21608_.|TCATGCCGCTGT
USA/SD-SDPHL-3446/2024	XDP	241_C|T,670_T|G,774_C|T,897_C|A,2790_C|T,3037_C|T,3431_G|T,3565_T|C,4184_G|A,4321_C|T,6183_A|G,7842_A|G,8293_C|T,8393_G|A,9344_C|T,9424_A|G,9534_C|T,10029_C|T,10198_C|T,10447_G|A,10449_C|A,11042_G|T,11727_G|A,12789_C|T,12815_C|T,12880_C|T,13339_T|C,14408_C|T,15714_C|T,15756_T|A,17410_C|T,18163_A|G,18453_T|C,18492_A|G,18894_C|T,19955_C|T,20055_A|G,21618_C|T,21622_C|T,21624_G|C,21711_C|T,21941_G|T,21987_G|A,22032_T|C,22033_C|A,22034_A|G,22200_T|G,22208_C|T,22295_C|A,22353_C|A,22556_A|G,22577_G|C,22578_G|A,22629_A|C,22674_C|T,22679_T|C,22686_C|T,22688_A|G,22770_G|A,22775_G|A,22786_A|C,22813_G|T,22882_T|G,22895_G|C,22896_T|A,22898_G|A,22910_A|G,22916_C|T,22917_T|G,22926_T|C,22942_T|A,22992_G|A,22995_C|A,23005_T|A,23012_G|A,23018_T|C,23019_T|C,23055_A|G,23063_A|T,23075_T|C,23222_G|A,23271_C|T,23403_A|G,23423_C|T,23525_C|T,23599_T|G,23604_C|G,23854_C|A,23948_G|T,24378_C|T,24424_A|T,24469_T|A,24990_C|T,25000_C|T,25108_A|T,25207_C|T,25584_C|T,26060_C|T,26270_C|T,26529_G|C,26561_T|C,26577_C|G,26610_A|G,26681_C|T,26709_G|A,26833_C|T,26858_C|T,27259_A|C,27382_G|C,27383_A|T,27384_T|C,27807_C|T,27915_G|T,28271_A|T,28297_T|C,28311_C|T,28846_C|T,28881_G|A,28882_G|A,28883_G|C,29218_C|T,29510_A|C,11288_11296,21633_21641,21765_21770,21992_21994,22194_22196,23009_23011,28362_28370,29734_29759,21608_.|TCATGCCGCTGT
USA/SD-SDPHL-3458/2024	XDP	241_C|T,670_T|G,774_C|T,897_C|A,1427_C|T,2790_C|T,3037_C|T,3431_G|T,3565_T|C,3945_A|G,4184_G|A,4321_C|T,6183_A|G,7842_A|G,8293_C|T,8393_G|A,9344_C|T,9424_A|G,9534_C|T,10029_C|T,10198_C|T,10447_G|A,10449_C|A,11042_G|T,11727_G|A,12789_C|T,12815_C|T,12880_C|T,13339_T|C,14408_C|T,15714_C|T,15756_T|A,17410_C|T,18163_A|G,18453_T|C,18492_A|G,18894_C|T,19955_C|T,20055_A|G,21618_C|T,21622_C|T,21624_G|C,21711_C|T,21941_G|T,21987_G|A,22032_T|C,22033_C|A,22034_A|G,22200_T|G,22208_C|T,22295_C|A,22353_C|A,22556_A|G,22577_G|C,22578_G|A,22629_A|C,22674_C|T,22679_T|C,22686_C|T,22688_A|G,22770_G|A,22775_G|A,22786_A|C,22813_G|T,22882_T|G,22895_G|C,22896_T|A,22898_G|A,22910_A|G,22916_C|T,22917_T|G,22926_T|C,22942_T|A,22992_G|A,22995_C|A,23005_T|A,23012_G|A,23018_T|C,23019_T|C,23055_A|G,23063_A|T,23075_T|C,23222_G|A,23271_C|T,23403_A|G,23423_C|T,23525_C|T,23599_T|G,23604_C|G,23854_C|A,23948_G|T,24378_C|T,24424_A|T,24469_T|A,24990_C|T,25000_C|T,25207_C|T,25584_C|T,26060_C|T,26270_C|T,26529_G|C,26577_C|G,26610_A|G,26681_C|T,26709_G|A,26833_C|T,26858_C|T,27259_A|C,27382_G|C,27383_A|T,27384_T|C,27807_C|T,27915_G|T,28271_A|T,28297_T|C,28311_C|T,28737_C|T,28846_C|T,28881_G|A,28882_G|A,28883_G|C,29510_A|C,11288_11296,21633_21641,21765_21770,21992_21994,22194_22196,23009_23011,28362_28370,29734_29759,21608_.|TCATGCCGCTGT
USA/TN-SPHL-1661/2024	XDP	241_C|T,670_T|G,774_C|T,897_C|A,2790_C|T,3037_C|T,3431_G|T,3565_T|C,4184_G|A,4321_C|T,4891_C|T,6183_A|G,7842_A|G,8293_C|T,8393_G|A,9344_C|T,9424_A|G,9534_C|T,10029_C|T,10198_C|T,10447_G|A,10449_C|A,11042_G|T,11727_G|A,12789_C|T,12815_C|T,12880_C|T,13339_T|C,14408_C|T,15714_C|T,15756_T|A,17410_C|T,18163_A|G,18181_G|T,18453_T|C,18492_A|G,18894_C|T,19955_C|T,20055_A|G,21618_C|T,21622_C|T,21624_G|C,21711_C|T,21941_G|T,21987_G|A,22032_T|C,22033_C|A,22034_A|G,22200_T|G,22208_C|T,22295_C|A,22353_C|A,22556_A|G,22577_G|C,22578_G|A,22629_A|C,22674_C|T,22679_T|C,22686_C|T,22688_A|G,22770_G|A,22775_G|A,22786_A|C,22813_G|T,22882_T|G,22895_G|C,22896_T|A,22898_G|A,22910_A|G,22916_C|T,22917_T|G,22926_T|C,22942_T|A,22992_G|A,22995_C|A,23005_T|A,23012_G|A,23018_T|C,23019_T|C,23055_A|G,23063_A|T,23075_T|C,23222_G|A,23271_C|T,23403_A|G,23423_C|T,23525_C|T,23599_T|G,23604_C|G,23854_C|A,23948_G|T,24378_C|T,24424_A|T,24469_T|A,24990_C|T,25000_C|T,25207_C|T,25584_C|T,26058_C|T,26060_C|T,26270_C|T,26529_G|C,26577_C|G,26610_A|G,26681_C|T,26709_G|A,26833_C|T,26858_C|T,27259_A|C,27382_G|C,27383_A|T,27384_T|C,27807_C|T,27915_G|T,28271_A|T,28297_T|C,28311_C|T,28846_C|T,28881_G|A,28882_G|A,28883_G|C,29510_A|C,11288_11296,21633_21641,21765_21770,21992_21994,22194_22196,23009_23011,28362_28370,29734_29759,21608_.|TCATGCCGCTGT
USA/TN-SPHL-1973/2024	XDP	241_C|T,670_T|G,774_C|T,897_C|A,2790_C|T,3037_C|T,3431_G|T,3565_T|C,4184_G|A,4321_C|T,6183_A|G,7842_A|G,8293_C|T,8393_G|A,9244_A|G,9344_C|T,9424_A|G,9534_C|T,10029_C|T,10198_C|T,10447_G|A,10449_C|A,11042_G|T,11727_G|A,12789_C|T,12815_C|T,12880_C|T,13339_T|C,14408_C|T,15714_C|T,15756_T|A,17410_C|T,18163_A|G,18453_T|C,18492_A|G,18894_C|T,19955_C|T,20055_A|G,21618_C|T,21622_C|T,21624_G|C,21711_C|T,21941_G|T,21987_G|A,22032_T|C,22033_C|A,22034_A|G,22200_T|G,22208_C|T,22295_C|A,22353_C|A,22556_A|G,22577_G|C,22578_G|A,22629_A|C,22674_C|T,22679_T|C,22686_C|T,22688_A|G,22770_G|A,22775_G|A,22786_A|C,22813_G|T,22882_T|G,22895_G|C,22896_T|A,22898_G|A,22910_A|G,22916_C|T,22917_T|G,22926_T|C,22942_T|A,22992_G|A,22995_C|A,23005_T|A,23012_G|A,23018_T|C,23019_T|C,23055_A|G,23063_A|T,23075_T|C,23222_G|A,23271_C|T,23403_A|G,23423_C|T,23599_T|G,23604_C|G,23854_C|A,23948_G|T,24378_C|T,24424_A|T,24469_T|A,24990_C|T,25000_C|T,25207_C|T,25584_C|T,26060_C|T,26270_C|T,26529_G|C,26577_C|G,26610_A|G,26681_C|T,26709_G|A,26833_C|T,26858_C|T,27259_A|C,27382_G|C,27383_A|T,27384_T|C,27807_C|T,27915_G|T,28271_A|T,28297_T|C,28311_C|T,28846_C|T,28881_G|A,28882_G|A,28883_G|C,29510_A|C,11288_11296,21633_21641,21765_21770,21992_21994,22194_22196,23009_23011,28362_28370,29734_29759,21608_.|TCATGCCGCTGT
USA/TN-SPHL-2016/2024	XDP	241_C|T,670_T|G,774_C|T,897_C|A,2790_C|T,3037_C|T,3431_G|T,3565_T|C,4184_G|A,4321_C|T,6183_A|G,8293_C|T,8393_G|A,9244_A|G,9344_C|T,9424_A|G,9534_C|T,10029_C|T,10198_C|T,10447_G|A,10449_C|A,11042_G|T,11727_G|A,12789_C|T,12815_C|T,12880_C|T,13339_T|C,14408_C|T,15714_C|T,15756_T|A,17410_C|T,18163_A|G,18453_T|C,18492_A|G,18894_C|T,19955_C|T,20055_A|G,21618_C|T,21622_C|T,21624_G|C,21711_C|T,21941_G|T,21987_G|A,22032_T|C,22033_C|A,22034_A|G,22200_T|G,22208_C|T,22295_C|A,22353_C|A,22556_A|G,22577_G|C,22578_G|A,22629_A|C,22674_C|T,22679_T|C,22686_C|T,22688_A|G,22770_G|A,22775_G|A,22786_A|C,22813_G|T,22882_T|G,22895_G|C,22896_T|A,22898_G|A,22910_A|G,22916_C|T,22917_T|G,22926_T|C,22942_T|A,22992_G|A,22995_C|A,23005_T|A,23012_G|A,23018_T|C,23019_T|C,23055_A|G,23063_A|T,23075_T|C,23222_G|A,23271_C|T,23403_A|G,23423_C|T,23525_C|T,23599_T|G,23604_C|G,23854_C|A,23948_G|T,24378_C|T,24424_A|T,24469_T|A,24990_C|T,25000_C|T,25207_C|T,25584_C|T,26060_C|T,26270_C|T,26529_G|C,26577_C|G,26610_A|G,26681_C|T,26709_G|A,26833_C|T,26858_C|T,27259_A|C,27382_G|C,27383_A|T,27384_T|C,27807_C|T,27915_G|T,28271_A|T,28297_T|C,28311_C|T,28846_C|T,28881_G|A,28882_G|A,28883_G|C,29510_A|C,11288_11296,21633_21641,21765_21770,21992_21994,22194_22196,23009_23011,28362_28370,29734_29759,21608_.|TCATGCCGCTGT
USA/TN-SPHL-2051/2024	XDP	241_C|T,670_T|G,774_C|T,897_C|A,2790_C|T,3037_C|T,3431_G|T,4184_G|A,4321_C|T,6183_A|G,7728_C|T,7842_A|G,8293_C|T,8393_G|A,9344_C|T,9424_A|G,9534_C|T,10029_C|T,10198_C|T,10447_G|A,10449_C|A,11042_G|T,11727_G|A,12789_C|T,12815_C|T,12880_C|T,13339_T|C,14408_C|T,15714_C|T,15756_T|A,17410_C|T,18163_A|G,18453_T|C,18492_A|G,18894_C|T,19955_C|T,20055_A|G,21618_C|T,21622_C|T,21624_G|C,21711_C|T,21941_G|T,21987_G|A,22032_T|C,22033_C|A,22034_A|G,22200_T|G,22208_C|T,22295_C|A,22353_C|A,22556_A|G,22577_G|C,22578_G|A,22629_A|C,22674_C|T,22679_T|C,22686_C|T,22688_A|G,22770_G|A,22775_G|A,22786_A|C,22813_G|T,22882_T|G,22895_G|C,22896_T|A,22898_G|A,22910_A|G,22916_C|T,22917_T|G,22926_T|C,22942_T|A,22992_G|A,22995_C|A,23005_T|A,23012_G|A,23018_T|C,23019_T|C,23055_A|G,23063_A|T,23075_T|C,23222_G|A,23271_C|T,23403_A|G,23423_C|T,23525_C|T,23599_T|G,23604_C|G,23854_C|A,23948_G|T,24378_C|T,24424_A|T,24469_T|A,24990_C|T,25000_C|T,25207_C|T,25584_C|T,26060_C|T,26270_C|T,26529_G|C,26577_C|G,26610_A|G,26681_C|T,26709_G|A,26833_C|T,26858_C|T,27259_A|C,27382_G|C,27383_A|T,27384_T|C,27807_C|T,27915_G|T,28271_A|T,28297_T|C,28311_C|T,28846_C|T,28881_G|A,28882_G|A,28883_G|C,29510_A|C,11288_11296,21633_21641,21765_21770,21992_21994,22194_22196,23009_23011,28362_28370,29734_29759,21608_.|TCATGCCGCTGT
USA/TN-SPHL-2630/2024	XDP	241_C|T,670_T|G,774_C|T,897_C|A,2790_C|T,3037_C|T,3431_G|T,3565_T|C,4184_G|A,4321_C|T,6183_A|G,7728_C|T,7842_A|G,8293_C|T,8393_G|A,9344_C|T,9424_A|G,9534_C|T,10029_C|T,10198_C|T,10447_G|A,10449_C|A,11042_G|T,11727_G|A,12789_C|T,12815_C|T,12880_C|T,13339_T|C,14408_C|T,15714_C|T,15756_T|A,17410_C|T,18163_A|G,18453_T|C,18492_A|G,18894_C|T,19955_C|T,20055_A|G,21618_C|T,21622_C|T,21624_G|C,21711_C|T,21941_G|T,21987_G|A,22032_T|C,22033_C|A,22034_A|G,22200_T|G,22208_C|T,22295_C|A,22353_C|A,22556_A|G,22577_G|C,22578_G|A,22629_A|C,22674_C|T,22679_T|C,22686_C|T,22688_A|G,22770_G|A,22775_G|A,22786_A|C,22813_G|T,22882_T|G,22895_G|C,22896_T|A,22898_G|A,22910_A|G,22916_C|T,22917_T|G,22926_T|C,22942_T|A,22992_G|A,22995_C|A,23005_T|A,23012_G|A,23018_T|C,23019_T|C,23055_A|G,23063_A|T,23075_T|C,23222_G|A,23271_C|T,23403_A|G,23423_C|T,23525_C|T,23599_T|G,23604_C|G,23854_C|A,23948_G|T,24378_C|T,24424_A|T,24469_T|A,24990_C|T,25000_C|T,25207_C|T,25584_C|T,26060_C|T,26270_C|T,26529_G|C,26577_C|G,26610_A|G,26681_C|T,26709_G|A,26833_C|T,26858_C|T,27259_A|C,27382_G|C,27383_A|T,27384_T|C,27807_C|T,27915_G|T,28271_A|T,28297_T|C,28311_C|T,28846_C|T,28881_G|A,28882_G|A,28883_G|C,29510_A|C,11288_11296,21633_21641,21765_21770,21992_21994,22194_22196,23009_23011,28362_28370,29734_29759,21608_.|TCATGCCGCTGT
USA/TN-SPHL-2665/2024	XDP	241_C|T,670_T|G,774_C|T,897_C|A,2790_C|T,3037_C|T,3431_G|T,3565_T|C,4184_G|A,4321_C|T,6183_A|G,7728_C|T,7842_A|G,8293_C|T,8393_G|A,9344_C|T,9424_A|G,9534_C|T,10029_C|T,10198_C|T,10447_G|A,10449_C|A,11042_G|T,11727_G|A,12789_C|T,12815_C|T,12880_C|T,13339_T|C,14408_C|T,15714_C|T,15756_T|A,17410_C|T,18163_A|G,18453_T|C,18492_A|G,18894_C|T,19955_C|T,20055_A|G,21618_C|T,21622_C|T,21624_G|C,21711_C|T,21941_G|T,21987_G|A,22032_T|C,22033_C|A,22034_A|G,22200_T|G,22208_C|T,22295_C|A,22353_C|A,22556_A|G,22577_G|C,22578_G|A,22629_A|C,22674_C|T,22679_T|C,22686_C|T,22688_A|G,22770_G|A,22775_G|A,22786_A|C,22813_G|T,22882_T|G,22895_G|C,22896_T|A,22898_G|A,22910_A|G,22916_C|T,22917_T|G,22926_T|C,22942_T|A,22992_G|A,22995_C|A,23005_T|A,23012_G|A,23018_T|C,23019_T|C,23055_A|G,23063_A|T,23075_T|C,23222_G|A,23271_C|T,23403_A|G,23423_C|T,23525_C|T,23599_T|G,23604_C|G,23854_C|A,23948_G|T,24378_C|T,24424_A|T,24469_T|A,24990_C|T,25000_C|T,25207_C|T,25584_C|T,26060_C|T,26270_C|T,26529_G|C,26577_C|G,26610_A|G,26681_C|T,26709_G|A,26833_C|T,26858_C|T,27259_A|C,27382_G|C,27383_A|T,27384_T|C,27807_C|T,27915_G|T,28271_A|T,28297_T|C,28311_C|T,28846_C|T,28881_G|A,28882_G|A,28883_G|C,29510_A|C,11288_11296,21633_21641,21765_21770,21992_21994,22194_22196,23009_23011,28362_28370,29734_29759,21608_.|TCATGCCGCTGT
USA/TN-SPHL-2775/2024	XDP	241_C|T,670_T|G,774_C|T,897_C|A,2790_C|T,3037_C|T,3431_G|T,3565_T|C,4184_G|A,4321_C|T,6183_A|G,7842_A|G,8293_C|T,8393_G|A,9344_C|T,9424_A|G,9534_C|T,10029_C|T,10198_C|T,10447_G|A,10449_C|A,11042_G|T,11727_G|A,12789_C|T,12815_C|T,12880_C|T,13339_T|C,14408_C|T,15714_C|T,15756_T|A,17410_C|T,18163_A|G,18453_T|C,18492_A|G,18894_C|T,19955_C|T,20055_A|G,21618_C|T,21622_C|T,21624_G|C,21711_C|T,21941_G|T,21987_G|A,22032_T|C,22033_C|A,22034_A|G,22200_T|G,22208_C|T,22295_C|A,22353_C|A,22556_A|G,22577_G|C,22578_G|A,22629_A|C,22674_C|T,22679_T|C,22686_C|T,22688_A|G,22770_G|A,22775_G|A,22786_A|C,22813_G|T,22882_T|G,22895_G|C,22896_T|A,22898_G|A,22910_A|G,22916_C|T,22917_T|G,22926_T|C,22942_T|A,22992_G|A,22995_C|A,23005_T|A,23012_G|A,23018_T|C,23019_T|C,23055_A|G,23063_A|T,23075_T|C,23222_G|A,23271_C|T,23403_A|G,23423_C|T,23525_C|T,23599_T|G,23604_C|G,23854_C|A,23948_G|T,24378_C|T,24424_A|T,24469_T|A,24990_C|T,25000_C|T,25207_C|T,25584_C|T,26060_C|T,26270_C|T,26529_G|C,26577_C|G,26610_A|G,26681_C|T,26709_G|A,26833_C|T,26858_C|T,27259_A|C,27382_G|C,27383_A|T,27384_T|C,27807_C|T,27915_G|T,28271_A|T,28297_T|C,28311_C|T,28846_C|T,28881_G|A,28882_G|A,28883_G|C,29510_A|C,29836_C|T,11288_11296,21633_21641,21765_21770,21992_21994,22194_22196,23009_23011,28362_28370,29734_29759,21608_.|TCATGCCGCTGT
USA/TN-SPHL-2951/2024	XDP	241_C|T,670_T|G,774_C|T,897_C|A,1427_C|T,2790_C|T,3037_C|T,3431_G|T,3565_T|C,4184_G|A,4321_C|T,6183_A|G,7842_A|G,8293_C|T,8393_G|A,9344_C|T,9424_A|G,9534_C|T,10029_C|T,10198_C|T,10447_G|A,10449_C|A,11042_G|T,11727_G|A,12439_C|T,12789_C|T,12815_C|T,12880_C|T,13339_T|C,14408_C|T,15714_C|T,15756_T|A,17410_C|T,18163_A|G,18453_T|C,18492_A|G,18894_C|T,19955_C|T,20055_A|G,21618_C|T,21622_C|T,21624_G|C,21711_C|T,21941_G|T,21987_G|A,22032_T|C,22033_C|A,22034_A|G,22200_T|G,22208_C|T,22295_C|A,22353_C|A,22556_A|G,22577_G|C,22578_G|A,22629_A|C,22674_C|T,22679_T|C,22686_C|T,22688_A|G,22770_G|A,22775_G|A,22786_A|C,22813_G|T,22882_T|G,22895_G|C,22896_T|A,22898_G|A,22910_A|G,22916_C|T,22917_T|G,22926_T|C,22942_T|A,22992_G|A,22995_C|A,23005_T|A,23012_G|A,23018_T|C,23019_T|C,23055_A|G,23063_A|T,23075_T|C,23222_G|A,23271_C|T,23403_A|G,23423_C|T,23525_C|T,23599_T|G,23604_C|G,23854_C|A,23948_G|T,24319_C|T,24378_C|T,24424_A|T,24469_T|A,24721_T|C,24990_C|T,25000_C|T,25207_C|T,25282_C|T,25584_C|T,26060_C|T,26270_C|T,26529_G|C,26577_C|G,26610_A|G,26681_C|T,26709_G|A,26833_C|T,26858_C|T,27259_A|C,27382_G|C,27383_A|T,27384_T|C,27807_C|T,27915_G|T,28271_A|T,28291_C|T,28297_T|C,28311_C|T,28846_C|T,28881_G|A,28882_G|A,28883_G|C,29510_A|C,11288_11296,21633_21641,21765_21770,21992_21994,22194_22196,23009_23011,28362_28370,29734_29759,21608_.|TCATGCCGCTGT
USA/TX-CDC-LC1101060/2024	XDP	241_C|T,670_T|G,774_C|T,897_C|A,1427_C|T,1455_T|C,2790_C|T,3037_C|T,3431_G|T,3565_T|C,4184_G|A,4321_C|T,6183_A|G,7842_A|G,8293_C|T,8393_G|A,9344_C|T,9424_A|G,9534_C|T,10029_C|T,10198_C|T,10447_G|A,10449_C|A,11042_G|T,11727_G|A,12789_C|T,12815_C|T,12880_C|T,13339_T|C,14408_C|T,15714_C|T,15756_T|A,17058_G|A,17410_C|T,18163_A|G,18453_T|C,18492_A|G,18894_C|T,19955_C|T,20055_A|G,21618_C|T,21622_C|T,21624_G|C,21711_C|T,21941_G|T,21987_G|A,22032_T|C,22033_C|A,22034_A|G,22200_T|G,22208_C|T,22295_C|A,22353_C|A,22556_A|G,22577_G|C,22578_G|A,22629_A|C,22674_C|T,22679_T|C,22686_C|T,22688_A|G,22770_G|A,22775_G|A,22786_A|C,22813_G|T,22882_T|G,22895_G|C,22896_T|A,22898_G|A,22910_A|G,22916_C|T,22917_T|G,22926_T|C,22942_T|A,22992_G|A,22995_C|A,23005_T|A,23012_G|A,23018_T|C,23019_T|C,23055_A|G,23063_A|T,23075_T|C,23222_G|A,23271_C|T,23403_A|G,23423_C|T,23525_C|T,23599_T|G,23604_C|G,23854_C|A,23948_G|T,24378_C|T,24424_A|T,24469_T|A,24990_C|T,25000_C|T,25207_C|T,25584_C|T,26060_C|T,26270_C|T,26529_G|C,26577_C|G,26610_A|G,26681_C|T,26709_G|A,26833_C|T,26858_C|T,27259_A|C,27382_G|C,27383_A|T,27384_T|C,27807_C|T,27915_G|T,28271_A|T,28297_T|C,28311_C|T,28846_C|T,28881_G|A,28882_G|A,28883_G|C,29510_A|C,11288_11296,21633_21641,21765_21770,21992_21994,22194_22196,23009_23011,28362_28370,29734_29759,21608_.|TCATGCCGCTGT
USA/UT-UPHL-231221143732/2023	XDP	241_C|T,670_T|G,774_C|T,897_C|A,2790_C|T,3037_C|T,3431_G|T,3565_T|C,4184_G|A,4321_C|T,6183_A|G,7842_A|G,8293_C|T,8393_G|A,9344_C|T,9424_A|G,9534_C|T,10029_C|T,10198_C|T,10447_G|A,10449_C|A,11042_G|T,11727_G|A,12789_C|T,12815_C|T,12880_C|T,13339_T|C,14408_C|T,15714_C|T,15756_T|A,17410_C|T,18163_A|G,18453_T|C,18492_A|G,18894_C|T,19955_C|T,20055_A|G,21618_C|T,21622_C|T,21624_G|C,21711_C|T,21941_G|T,21987_G|A,22032_T|C,22033_C|A,22034_A|G,22200_T|G,22208_C|T,22295_C|A,22353_C|A,22556_A|G,22577_G|C,22578_G|A,22629_A|C,22674_C|T,22679_T|C,22686_C|T,22688_A|G,22770_G|A,22775_G|A,22786_A|C,22813_G|T,22882_T|G,22895_G|C,22896_T|A,22898_G|A,22910_A|G,22916_C|T,22917_T|G,22926_T|C,22942_T|A,22992_G|A,22995_C|A,23005_T|A,23012_G|A,23018_T|C,23019_T|C,23055_A|G,23063_A|T,23075_T|C,23222_G|A,23271_C|T,23403_A|G,23423_C|T,23525_C|T,23599_T|G,23604_C|G,23854_C|A,23948_G|T,24378_C|T,24424_A|T,24469_T|A,24990_C|T,25000_C|T,25207_C|T,25584_C|T,26060_C|T,26270_C|T,26529_G|C,26577_C|G,26610_A|G,26681_C|T,26709_G|A,26833_C|T,26858_C|T,26882_C|T,27259_A|C,27382_G|C,27383_A|T,27384_T|C,27807_C|T,27915_G|T,28271_A|T,28297_T|C,28300_G|T,28311_C|T,28846_C|T,28881_G|A,28882_G|A,28883_G|C,29510_A|C,11288_11296,21633_21641,21765_21770,21992_21994,22194_22196,23009_23011,28362_28370,29734_29759,21608_.|TCATGCCGCTGT
USA/UT-UPHL-231221955487/2023	XDP	241_C|T,670_T|G,774_C|T,897_C|A,2790_C|T,2947_C|T,3037_C|T,3431_G|T,3565_T|C,4184_G|A,4321_C|T,6183_A|G,7842_A|G,8293_C|T,8393_G|A,9344_C|T,9424_A|G,9534_C|T,10029_C|T,10198_C|T,10447_G|A,10449_C|A,11042_G|T,11727_G|A,12789_C|T,12815_C|T,12880_C|T,13339_T|C,14408_C|T,15714_C|T,15756_T|A,17410_C|T,18163_A|G,18453_T|C,18492_A|G,18894_C|T,19955_C|T,20055_A|G,21618_C|T,21622_C|T,21624_G|C,21711_C|T,21941_G|T,21987_G|A,22032_T|C,22033_C|A,22034_A|G,22200_T|G,22208_C|T,22295_C|A,22353_C|A,22556_A|G,22577_G|C,22578_G|A,22629_A|C,22674_C|T,22679_T|C,22686_C|T,22688_A|G,22775_G|A,22786_A|C,22813_G|T,22882_T|G,22895_G|C,22896_T|A,22898_G|A,22910_A|G,22916_C|T,22917_T|G,22926_T|C,22942_T|A,22992_G|A,22995_C|A,23005_T|A,23012_G|A,23018_T|C,23019_T|C,23055_A|G,23063_A|T,23075_T|C,23222_G|A,23271_C|T,23403_A|G,23423_C|T,23525_C|T,23599_T|G,23604_C|G,23854_C|A,23948_G|T,24378_C|T,24424_A|T,24469_T|A,24990_C|T,25000_C|T,25207_C|T,25584_C|T,26060_C|T,26270_C|T,26529_G|C,26577_C|G,26610_A|G,26681_C|T,26709_G|A,26833_C|T,26858_C|T,27259_A|C,27382_G|C,27383_A|T,27384_T|C,27807_C|T,27915_G|T,28271_A|T,28297_T|C,28311_C|T,28846_C|T,28881_G|A,28882_G|A,28883_G|C,29510_A|C,509_523,11288_11296,21633_21641,21765_21770,21992_21994,22194_22196,23009_23011,28362_28370,29734_29759,21608_.|TCATGCCGCTGT
USA/UT-UPHL-240207140571/2024	XDP	44_C|T,241_C|T,670_T|G,774_C|T,897_C|A,2790_C|T,3037_C|T,3431_G|T,3565_T|C,4184_G|A,4321_C|T,6183_A|G,7234_A|G,7842_A|G,8293_C|T,8393_G|A,9344_C|T,9424_A|G,9534_C|T,10029_C|T,10198_C|T,10447_G|A,10449_C|A,11042_G|T,11727_G|A,12789_C|T,12815_C|T,12854_C|T,12880_C|T,13339_T|C,14408_C|T,15714_C|T,15756_T|A,17410_C|T,18163_A|G,18453_T|C,18492_A|G,18894_C|T,19955_C|T,20055_A|G,21618_C|T,21622_C|T,21624_G|C,21711_C|T,21941_G|T,21987_G|A,22032_T|C,22033_C|A,22034_A|G,22200_T|G,22208_C|T,22295_C|A,22353_C|A,22556_A|G,22577_G|C,22578_G|A,22629_A|C,22674_C|T,22679_T|C,22686_C|T,22688_A|G,22770_G|A,22775_G|A,22786_A|C,22813_G|T,22882_T|G,22895_G|C,22896_T|A,22898_G|A,22910_A|G,22916_C|T,22917_T|G,22926_T|C,22942_T|A,22992_G|A,22995_C|A,23005_T|A,23012_G|A,23018_T|C,23019_T|C,23055_A|G,23063_A|T,23075_T|C,23222_G|A,23271_C|T,23403_A|G,23423_C|T,23525_C|T,23599_T|G,23604_C|G,23854_C|A,23948_G|T,24378_C|T,24424_A|T,24469_T|A,24990_C|T,25000_C|T,25207_C|T,25584_C|T,26060_C|T,26270_C|T,26529_G|C,26577_C|G,26610_A|G,26681_C|T,26709_G|A,26833_C|T,26858_C|T,26882_C|T,27259_A|C,27382_G|C,27383_A|T,27384_T|C,27807_C|T,27915_G|T,28271_A|T,28297_T|C,28300_G|T,28311_C|T,28846_C|T,28881_G|A,28882_G|A,28883_G|C,29510_A|C,29670_C|T,11288_11296,21633_21641,21765_21770,21992_21994,22194_22196,23009_23011,28362_28370,29734_29759,21608_.|TCATGCCGCTGT
USA/UT-UPHL-240207152694/2024	XDP	241_C|T,670_T|G,774_C|T,897_C|A,2790_C|T,3037_C|T,3431_G|T,3565_T|C,4184_G|A,4321_C|T,6183_A|G,7842_A|G,8293_C|T,8393_G|A,9344_C|T,9424_A|G,9534_C|T,10029_C|T,10198_C|T,10447_G|A,10449_C|A,11042_G|T,11727_G|A,12789_C|T,12815_C|T,12880_C|T,13339_T|C,14408_C|T,15714_C|T,15756_T|A,17410_C|T,18163_A|G,18453_T|C,18492_A|G,18894_C|T,19955_C|T,20055_A|G,21618_C|T,21622_C|T,21624_G|C,21711_C|T,21941_G|T,21987_G|A,22032_T|C,22033_C|A,22034_A|G,22200_T|G,22208_C|T,22295_C|A,22353_C|A,22556_A|G,22577_G|C,22578_G|A,22629_A|C,22674_C|T,22679_T|C,22686_C|T,22688_A|G,22770_G|A,22775_G|A,22786_A|C,22813_G|T,22882_T|G,22895_G|C,22896_T|A,22898_G|A,22910_A|G,22916_C|T,22917_T|G,22926_T|C,22942_T|A,22984_G|A,22992_G|A,22995_C|A,23005_T|A,23012_G|A,23018_T|C,23019_T|C,23055_A|G,23063_A|T,23075_T|C,23222_G|A,23271_C|T,23403_A|G,23423_C|T,23525_C|T,23599_T|G,23604_C|G,23854_C|A,23948_G|T,24378_C|T,24424_A|T,24469_T|A,24990_C|T,25000_C|T,25207_C|T,25584_C|T,26060_C|T,26270_C|T,26529_G|C,26577_C|G,26610_A|G,26681_C|T,26709_G|A,26833_C|T,26858_C|T,26882_C|T,27259_A|C,27382_G|C,27383_A|T,27384_T|C,27807_C|T,27915_G|T,28271_A|T,28297_T|C,28300_G|T,28311_C|T,28846_C|T,28881_G|A,28882_G|A,28883_G|C,29510_A|C,11288_11296,21633_21641,21765_21770,21992_21994,22194_22196,23009_23011,28362_28370,29734_29759,21608_.|TCATGCCGCTGT
USA/UT-UPHL-240207167766/2024	XDP	241_C|T,670_T|G,774_C|T,897_C|A,2790_C|T,3037_C|T,3431_G|T,3565_T|C,4184_G|A,4321_C|T,6183_A|G,7842_A|G,8293_C|T,8393_G|A,9344_C|T,9424_A|G,9534_C|T,9665_C|T,10029_C|T,10198_C|T,10447_G|A,10449_C|A,11042_G|T,11727_G|A,12789_C|T,12815_C|T,12880_C|T,13339_T|C,14408_C|T,15714_C|T,15756_T|A,17410_C|T,18163_A|G,18453_T|C,18492_A|G,18894_C|T,19955_C|T,20055_A|G,21618_C|T,21622_C|T,21624_G|C,21711_C|T,21941_G|T,21987_G|A,22032_T|C,22033_C|A,22034_A|G,22200_T|G,22208_C|T,22295_C|A,22353_C|A,22556_A|G,22577_G|C,22578_G|A,22629_A|C,22674_C|T,22679_T|C,22686_C|T,22688_A|G,22770_G|A,22775_G|A,22786_A|C,22813_G|T,22882_T|G,22895_G|C,22896_T|A,22898_G|A,22910_A|G,22916_C|T,22917_T|G,22926_T|C,22942_T|A,22992_G|A,22995_C|A,23005_T|A,23012_G|A,23018_T|C,23019_T|C,23055_A|G,23063_A|T,23075_T|C,23222_G|A,23271_C|T,23403_A|G,23423_C|T,23525_C|T,23599_T|G,23604_C|G,23854_C|A,23948_G|T,24378_C|T,24424_A|T,24469_T|A,24990_C|T,25000_C|T,25207_C|T,25584_C|T,26060_C|T,26270_C|T,26529_G|C,26577_C|G,26610_A|G,26681_C|T,26709_G|A,26833_C|T,26858_C|T,26882_C|T,27259_A|C,27382_G|C,27383_A|T,27384_T|C,27807_C|T,27915_G|T,28271_A|T,28297_T|C,28300_G|T,28311_C|T,28846_C|T,28881_G|A,28882_G|A,28883_G|C,29510_A|C,11288_11296,21633_21641,21765_21770,21992_21994,22194_22196,23009_23011,28362_28370,29734_29759,21608_.|TCATGCCGCTGT
USA/UT-UPHL-240207227216/2024	XDP	241_C|T,670_T|G,774_C|T,897_C|A,2790_C|T,3037_C|T,3431_G|T,4184_G|A,4321_C|T,6183_A|G,7842_A|G,8293_C|T,8393_G|A,9344_C|T,9424_A|G,9534_C|T,10029_C|T,10198_C|T,10447_G|A,10449_C|A,11042_G|T,11727_G|A,12789_C|T,12815_C|T,12880_C|T,13339_T|C,14408_C|T,15714_C|T,15756_T|A,17410_C|T,18163_A|G,18453_T|C,18492_A|G,18894_C|T,19955_C|T,20055_A|G,21618_C|T,21622_C|T,21624_G|C,21711_C|T,21941_G|T,21987_G|A,22032_T|C,22033_C|A,22034_A|G,22200_T|G,22208_C|T,22295_C|A,22353_C|A,22556_A|G,22577_G|C,22578_G|A,22629_A|C,22674_C|T,22679_T|C,22686_C|T,22688_A|G,22770_G|A,22775_G|A,22786_A|C,22813_G|T,22882_T|G,22895_G|C,22896_T|A,22898_G|A,22910_A|G,22916_C|T,22917_T|G,22926_T|C,22942_T|A,22992_G|A,22995_C|A,23005_T|A,23012_G|A,23018_T|C,23019_T|C,23055_A|G,23063_A|T,23075_T|C,23222_G|A,23271_C|T,23403_A|G,23423_C|T,23525_C|T,23599_T|G,23604_C|G,23854_C|A,23948_G|T,24378_C|T,24424_A|T,24469_T|A,24990_C|T,25000_C|T,25207_C|T,25584_C|T,26060_C|T,26270_C|T,26529_G|C,26577_C|G,26610_A|G,26681_C|T,26709_G|A,26833_C|T,26858_C|T,26882_C|T,27259_A|C,27382_G|C,27383_A|T,27384_T|C,27807_C|T,27915_G|T,28271_A|T,28297_T|C,28300_G|T,28311_C|T,28846_C|T,28881_G|A,28882_G|A,28883_G|C,29510_A|C,11288_11296,21633_21641,21765_21770,21992_21994,22194_22196,23009_23011,28362_28370,29734_29759,21608_.|TCATGCCGCTGT
USA/UT-UPHL-240207424758/2024	XDP	241_C|T,670_T|G,774_C|T,897_C|A,2790_C|T,3037_C|T,3431_G|T,3565_T|C,4184_G|A,4321_C|T,6183_A|G,7842_A|G,8293_C|T,8393_G|A,9344_C|T,9424_A|G,9534_C|T,10029_C|T,10198_C|T,10447_G|A,10449_C|A,11042_G|T,11727_G|A,12789_C|T,12815_C|T,12854_C|T,12880_C|T,13339_T|C,14408_C|T,15714_C|T,15756_T|A,17410_C|T,18163_A|G,18453_T|C,18492_A|G,18894_C|T,19955_C|T,20055_A|G,21618_C|T,21622_C|T,21624_G|C,21711_C|T,21941_G|T,21987_G|A,22032_T|C,22033_C|A,22034_A|G,22200_T|G,22208_C|T,22295_C|A,22353_C|A,22556_A|G,22577_G|C,22578_G|A,22629_A|C,22674_C|T,22679_T|C,22686_C|T,22688_A|G,22770_G|A,22775_G|A,22786_A|C,22813_G|T,22882_T|G,22895_G|C,22896_T|A,22898_G|A,22910_A|G,22916_C|T,22917_T|G,22926_T|C,22942_T|A,22992_G|A,22995_C|A,23005_T|A,23012_G|A,23018_T|C,23019_T|C,23055_A|G,23063_A|T,23075_T|C,23222_G|A,23271_C|T,23403_A|G,23423_C|T,23525_C|T,23599_T|G,23604_C|G,23854_C|A,23948_G|T,24378_C|T,24424_A|T,24469_T|A,24990_C|T,25000_C|T,25207_C|T,25584_C|T,26060_C|T,26270_C|T,26529_G|C,26577_C|G,26610_A|G,26681_C|T,26709_G|A,26833_C|T,26858_C|T,26882_C|T,27259_A|C,27382_G|C,27383_A|T,27384_T|C,27807_C|T,27915_G|T,28271_A|T,28297_T|C,28300_G|T,28311_C|T,28846_C|T,28881_G|A,28882_G|A,28883_G|C,29510_A|C,29670_C|T,11288_11296,21633_21641,21765_21770,21992_21994,22194_22196,23009_23011,28362_28370,29734_29759,21608_.|TCATGCCGCTGT
USA/UT-UPHL-240207732198/2024	XDP	44_C|T,241_C|T,670_T|G,774_C|T,897_C|A,2790_C|T,3037_C|T,3431_G|T,3565_T|C,4184_G|A,4321_C|T,6183_A|G,7842_A|G,8293_C|T,8393_G|A,9344_C|T,9424_A|G,9534_C|T,10029_C|T,10198_C|T,10447_G|A,10449_C|A,11042_G|T,11727_G|A,12789_C|T,12815_C|T,12880_C|T,13339_T|C,14408_C|T,15714_C|T,15756_T|A,17410_C|T,18163_A|G,18453_T|C,18492_A|G,18894_C|T,19955_C|T,20055_A|G,21618_C|T,21622_C|T,21624_G|C,21711_C|T,21941_G|T,21987_G|A,22032_T|C,22033_C|A,22034_A|G,22200_T|G,22208_C|T,22295_C|A,22353_C|A,22556_A|G,22577_G|C,22578_G|A,22629_A|C,22674_C|T,22679_T|C,22686_C|T,22688_A|G,22770_G|A,22775_G|A,22786_A|C,22813_G|T,22882_T|G,22895_G|C,22896_T|A,22898_G|A,22910_A|G,22916_C|T,22917_T|G,22926_T|C,22942_T|A,22984_G|A,22992_G|A,22995_C|A,23005_T|A,23012_G|A,23018_T|C,23019_T|C,23055_A|G,23063_A|T,23075_T|C,23222_G|A,23271_C|T,23403_A|G,23423_C|T,23525_C|T,23599_T|G,23604_C|G,23854_C|A,23948_G|T,24378_C|T,24424_A|T,24469_T|A,24990_C|T,25000_C|T,25207_C|T,25584_C|T,26060_C|T,26270_C|T,26529_G|C,26577_C|G,26610_A|G,26681_C|T,26709_G|A,26833_C|T,26858_C|T,26882_C|T,27259_A|C,27382_G|C,27383_A|T,27384_T|C,27807_C|T,27915_G|T,28271_A|T,28297_T|C,28300_G|T,28311_C|T,28846_C|T,28881_G|A,28882_G|A,28883_G|C,29510_A|C,11288_11296,21633_21641,21765_21770,21992_21994,22194_22196,23009_23011,28362_28370,29734_29759,21608_.|TCATGCCGCTGT
USA/UT-UPHL-240307438401/2024	XDP	241_C|T,670_T|G,774_C|T,897_C|A,2790_C|T,3037_C|T,3431_G|T,3565_T|C,4184_G|A,4321_C|T,6183_A|G,7842_A|G,8293_C|T,8393_G|A,9344_C|T,9424_A|G,9534_C|T,10029_C|T,10198_C|T,10447_G|A,10449_C|A,11042_G|T,11727_G|A,12789_C|T,12815_C|T,12880_C|T,13339_T|C,13536_C|T,14408_C|T,15714_C|T,15756_T|A,17410_C|T,18163_A|G,18453_T|C,18492_A|G,18894_C|T,19955_C|T,20055_A|G,21618_C|T,21622_C|T,21624_G|C,21711_C|T,21941_G|T,21987_G|A,22032_T|C,22033_C|A,22034_A|G,22200_T|G,22208_C|T,22295_C|A,22353_C|A,22556_A|G,22577_G|C,22578_G|A,22629_A|C,22674_C|T,22679_T|C,22686_C|T,22688_A|G,22770_G|A,22775_G|A,22786_A|C,22813_G|T,22882_T|G,22895_G|C,22896_T|A,22898_G|A,22910_A|G,22916_C|T,22917_T|G,22926_T|C,22942_T|A,22992_G|A,22995_C|A,23005_T|A,23012_G|A,23018_T|C,23019_T|C,23055_A|G,23063_A|T,23075_T|C,23222_G|A,23271_C|T,23403_A|G,23423_C|T,23525_C|T,23599_T|G,23604_C|G,23854_C|A,23948_G|T,24378_C|T,24424_A|T,24469_T|A,24990_C|T,25000_C|T,25207_C|T,25584_C|T,26060_C|T,26270_C|T,26529_G|C,26577_C|G,26610_A|G,26681_C|T,26709_G|A,26833_C|T,26858_C|T,26882_C|T,27259_A|C,27382_G|C,27383_A|T,27384_T|C,27807_C|T,27915_G|T,28271_A|T,28297_T|C,28300_G|T,28311_C|T,28846_C|T,28881_G|A,28882_G|A,28883_G|C,29510_A|C,11288_11296,21633_21641,21765_21770,21992_21994,22194_22196,23009_23011,28362_28370,29734_29759,21608_.|TCATGCCGCTGT
USA/UT-UPHL-240417122773/2024	XDP	241_C|T,670_T|G,774_C|T,897_C|A,2790_C|T,3037_C|T,3431_G|T,3565_T|C,3896_G|A,4184_G|A,4321_C|T,6183_A|G,7842_A|G,8293_C|T,8393_G|A,9344_C|T,9424_A|G,9534_C|T,10029_C|T,10198_C|T,10447_G|A,10449_C|A,11042_G|T,11727_G|A,12049_C|T,12789_C|T,12815_C|T,12880_C|T,13339_T|C,14400_G|A,14408_C|T,15714_C|T,15756_T|A,17410_C|T,18163_A|G,18453_T|C,18492_A|G,18894_C|T,19263_C|T,19955_C|T,20055_A|G,21618_C|T,21622_C|T,21624_G|C,21711_C|T,21941_G|T,21987_G|A,22032_T|C,22033_C|A,22034_A|G,22200_T|G,22208_C|T,22295_C|A,22353_C|A,22556_A|G,22577_G|C,22578_G|A,22629_A|C,22674_C|T,22679_T|C,22686_C|T,22688_A|G,22770_G|A,22775_G|A,22786_A|C,22813_G|T,22882_T|G,22895_G|C,22896_T|A,22898_G|A,22910_A|G,22916_C|T,22917_T|G,22926_T|C,22942_T|A,22992_G|A,22995_C|A,23005_T|A,23012_G|A,23018_T|C,23019_T|C,23055_A|G,23063_A|T,23075_T|C,23222_G|A,23271_C|T,23403_A|G,23423_C|T,23525_C|T,23599_T|G,23604_C|G,23854_C|A,23948_G|T,24378_C|T,24424_A|T,24469_T|A,24990_C|T,25000_C|T,25207_C|T,25584_C|T,26060_C|T,26270_C|T,26529_G|C,26577_C|G,26610_A|G,26681_C|T,26709_G|A,26833_C|T,26858_C|T,27259_A|C,27382_G|C,27383_A|T,27384_T|C,27807_C|T,27915_G|T,28271_A|T,28297_T|C,28311_C|T,28846_C|T,28881_G|A,28882_G|A,28883_G|C,29510_A|C,11288_11296,21633_21641,21765_21770,21992_21994,22194_22196,23009_23011,28362_28370,29734_29759,21608_.|TCATGCCGCTGT
USA/UT-UPHL-240517555701/2024	XDP	241_C|T,670_T|G,774_C|T,897_C|A,2790_C|T,3037_C|T,3431_G|T,3565_T|C,4184_G|A,4321_C|T,6183_A|G,6894_G|T,7213_G|T,7842_A|G,8293_C|T,8393_G|A,9344_C|T,9424_A|G,9534_C|T,10029_C|T,10198_C|T,10447_G|A,10449_C|A,11042_G|T,11727_G|A,12789_C|T,12815_C|T,12880_C|T,13339_T|C,14408_C|T,15714_C|T,15756_T|A,17410_C|T,18163_A|G,18453_T|C,18492_A|G,18894_C|T,19955_C|T,20055_A|G,21618_C|T,21622_C|T,21624_G|C,21711_C|T,21941_G|T,21987_G|A,22032_T|C,22033_C|A,22034_A|G,22200_T|G,22208_C|T,22295_C|A,22353_C|A,22556_A|G,22577_G|C,22578_G|A,22629_A|C,22674_C|T,22679_T|C,22686_C|T,22688_A|G,22770_G|A,22775_G|A,22786_A|C,22813_G|T,22882_T|G,22895_G|C,22896_T|A,22898_G|A,22910_A|G,22916_C|T,22917_T|G,22926_T|C,22942_T|A,22992_G|A,22995_C|A,23005_T|A,23012_G|A,23018_T|C,23019_T|C,23055_A|G,23063_A|T,23075_T|C,23222_G|A,23271_C|T,23403_A|G,23423_C|T,23525_C|T,23599_T|G,23604_C|G,23854_C|A,23948_G|T,24378_C|T,24424_A|T,24469_T|A,24990_C|T,25000_C|T,25207_C|T,25572_C|T,25584_C|T,26060_C|T,26270_C|T,26529_G|C,26577_C|G,26610_A|G,26681_C|T,26709_G|A,26833_C|T,26858_C|T,27259_A|C,27382_G|C,27383_A|T,27384_T|C,27673_C|T,27807_C|T,27915_G|T,28271_A|T,28297_T|C,28311_C|T,28846_C|T,28881_G|A,28882_G|A,28883_G|C,29510_A|C,11288_11296,21633_21641,21765_21770,21992_21994,22194_22196,23009_23011,28362_28370,29734_29759,21608_.|TCATGCCGCTGT
USA/UT-UPHL-240517674956/2024	XDP	241_C|T,670_T|G,774_C|T,897_C|A,2790_C|T,3037_C|T,3431_G|T,3565_T|C,4184_G|A,4321_C|T,6183_A|G,6894_G|T,7213_G|T,7842_A|G,8293_C|T,8393_G|A,9344_C|T,9424_A|G,9534_C|T,10029_C|T,10198_C|T,10447_G|A,10449_C|A,11042_G|T,11727_G|A,12789_C|T,12815_C|T,12880_C|T,13339_T|C,14408_C|T,15714_C|T,15756_T|A,17410_C|T,18163_A|G,18453_T|C,18492_A|G,18894_C|T,19955_C|T,20055_A|G,21618_C|T,21622_C|T,21624_G|C,21711_C|T,21941_G|T,21987_G|A,22032_T|C,22033_C|A,22034_A|G,22200_T|G,22208_C|T,22295_C|A,22353_C|A,22556_A|G,22577_G|C,22578_G|A,22629_A|C,22674_C|T,22679_T|C,22686_C|T,22688_A|G,22770_G|A,22775_G|A,22786_A|C,22813_G|T,22882_T|G,22895_G|C,22896_T|A,22898_G|A,22910_A|G,22916_C|T,22917_T|G,22926_T|C,22942_T|A,22992_G|A,22995_C|A,23005_T|A,23012_G|A,23018_T|C,23019_T|C,23055_A|G,23063_A|T,23075_T|C,23222_G|A,23271_C|T,23403_A|G,23423_C|T,23525_C|T,23599_T|G,23604_C|G,23854_C|A,23948_G|T,24378_C|T,24424_A|T,24469_T|A,24990_C|T,25000_C|T,25207_C|T,25572_C|T,25584_C|T,26060_C|T,26270_C|T,26529_G|C,26577_C|G,26610_A|G,26681_C|T,26709_G|A,26833_C|T,26858_C|T,27259_A|C,27382_G|C,27383_A|T,27384_T|C,27673_C|T,27807_C|T,27915_G|T,28271_A|T,28297_T|C,28311_C|T,28846_C|T,28881_G|A,28882_G|A,28883_G|C,29510_A|C,11288_11296,21633_21641,21765_21770,21992_21994,22194_22196,23009_23011,28362_28370,29734_29759,21608_.|TCATGCCGCTGT
USA/UT-UPHL-240802783149/2024	XDP	241_C|T,670_T|G,774_C|T,897_C|A,1427_C|T,1455_T|C,2286_G|A,2790_C|T,3037_C|T,3431_G|T,3565_T|C,4184_G|A,4321_C|T,6183_A|G,7842_A|G,8293_C|T,8393_G|A,9344_C|T,9424_A|G,9534_C|T,10029_C|T,10198_C|T,10447_G|A,10449_C|A,11042_G|T,11339_C|T,11727_G|A,12789_C|T,12815_C|T,12880_C|T,13339_T|C,14408_C|T,15714_C|T,15756_T|A,15857_C|T,17410_C|T,17850_C|T,18163_A|G,18453_T|C,18492_A|G,18894_C|T,19955_C|T,20055_A|G,21618_C|T,21622_C|T,21624_G|C,21711_C|T,21941_G|T,21987_G|A,22032_T|C,22033_C|A,22034_A|G,22200_T|G,22208_C|T,22295_C|A,22353_C|A,22556_A|G,22577_G|C,22578_G|A,22629_A|C,22674_C|T,22679_T|C,22686_C|T,22688_A|G,22770_G|A,22775_G|A,22786_A|C,22813_G|T,22882_T|G,22895_G|C,22896_T|A,22898_G|A,22910_A|G,22916_C|T,22917_T|G,22926_T|C,22942_T|A,22992_G|A,22995_C|A,23005_T|A,23012_G|A,23018_T|C,23019_T|C,23055_A|G,23063_A|T,23075_T|C,23222_G|A,23271_C|T,23403_A|G,23423_C|T,23525_C|T,23599_T|G,23604_C|G,23854_C|A,23948_G|T,24378_C|T,24424_A|T,24469_T|A,24990_C|T,25000_C|T,25207_C|T,25584_C|T,26060_C|T,26270_C|T,26529_G|C,26577_C|G,26610_A|G,26681_C|T,26709_G|A,26833_C|T,26858_C|T,27092_C|T,27259_A|C,27382_G|C,27383_A|T,27384_T|C,27807_C|T,27915_G|T,28271_A|T,28297_T|C,28311_C|T,28846_C|T,28881_G|A,28882_G|A,28883_G|C,29135_G|A,29510_A|C,11288_11296,21633_21641,21765_21770,21992_21994,22194_22196,23009_23011,28362_28370,29734_29759,21608_.|TCATGCCGCTGT
USA/VA-CAV_VAS3N_00021635_01/2024	XDP	214_C|T,241_C|T,670_T|G,774_C|T,897_C|A,2790_C|T,3037_C|T,3340_G|T,3431_G|T,3565_T|C,4184_G|A,4321_C|T,6183_A|G,7842_A|G,8293_C|T,8393_G|A,8828_G|T,9344_C|T,9424_A|G,9534_C|T,10029_C|T,10198_C|T,10447_G|A,10449_C|A,10908_C|T,11042_G|T,11727_G|A,12789_C|T,12815_C|T,12880_C|T,13339_T|C,14408_C|T,15714_C|T,15756_T|A,17410_C|T,18163_A|G,18453_T|C,18492_A|G,18894_C|T,19955_C|T,20055_A|G,21618_C|T,21622_C|T,21624_G|C,21711_C|T,21941_G|T,21987_G|A,22032_T|C,22033_C|A,22034_A|G,22200_T|G,22208_C|T,22295_C|A,22353_C|A,22556_A|G,22577_G|C,22578_G|A,22629_A|C,22674_C|T,22679_T|C,22686_C|T,22688_A|G,22770_G|A,22775_G|A,22786_A|C,22813_G|T,22882_T|G,22895_G|C,22896_T|A,22898_G|A,22910_A|G,22916_C|T,22917_T|G,22926_T|C,22942_T|A,22992_G|A,22995_C|A,23005_T|A,23012_G|A,23018_T|C,23019_T|C,23055_A|G,23063_A|T,23075_T|C,23222_G|A,23271_C|T,23403_A|G,23423_C|T,23525_C|T,23599_T|G,23604_C|G,23854_C|A,23948_G|T,24378_C|T,24424_A|T,24469_T|A,24990_C|T,25000_C|T,25207_C|T,25294_C|A,25584_C|T,26060_C|T,26270_C|T,26529_G|C,26577_C|G,26610_A|G,26681_C|T,26709_G|A,26833_C|T,26858_C|T,27259_A|C,27382_G|C,27383_A|T,27384_T|C,27807_C|T,27915_G|T,28271_A|T,28297_T|C,28311_C|T,28846_C|T,28881_G|A,28882_G|A,28883_G|C,29353_C|T,29510_A|C,29870_C|A,11288_11296,21633_21641,21765_21770,21992_21994,22194_22196,23009_23011,28362_28370,29734_29759,21608_.|TCATGCCGCTGT
USA/VA-CDC-LC1102914/2024	XDP	44_C|T,241_C|T,670_T|G,774_C|T,897_C|A,942_G|T,1427_C|T,1455_T|C,2790_C|T,3037_C|T,3431_G|T,3565_T|C,4184_G|A,4321_C|T,6183_A|G,7194_C|T,7842_A|G,8293_C|T,8393_G|A,9344_C|T,9424_A|G,9534_C|T,10029_C|T,10198_C|T,10447_G|A,10449_C|A,11042_G|T,11727_G|A,12789_C|T,12815_C|T,12880_C|T,13339_T|C,14408_C|T,15714_C|T,15756_T|A,16461_T|C,17410_C|T,18163_A|G,18255_G|T,18453_T|C,18492_A|G,18894_C|T,19955_C|T,20055_A|G,21618_C|T,21622_C|T,21624_G|C,21711_C|T,21941_G|T,21987_G|A,22032_T|C,22033_C|A,22034_A|G,22200_T|G,22207_T|C,22208_C|T,22295_C|A,22353_C|A,22556_A|G,22577_G|C,22578_G|A,22629_A|C,22674_C|T,22679_T|C,22686_C|T,22688_A|G,22770_G|A,22775_G|A,22786_A|C,22813_G|T,22882_T|G,22895_G|C,22896_T|A,22898_G|A,22910_A|G,22916_C|T,22917_T|G,22926_T|C,22942_T|A,22992_G|A,22995_C|A,23005_T|A,23012_G|A,23018_T|C,23019_T|C,23055_A|G,23063_A|T,23075_T|C,23222_G|A,23271_C|T,23403_A|G,23423_C|T,23525_C|T,23599_T|G,23604_C|G,23854_C|A,23948_G|T,24378_C|T,24424_A|T,24469_T|A,24990_C|T,25000_C|T,25207_C|T,25584_C|T,25690_G|A,26060_C|T,26270_C|T,26529_G|C,26577_C|G,26610_A|G,26681_C|T,26709_G|A,26833_C|T,26858_C|T,27259_A|C,27382_G|C,27383_A|T,27384_T|C,27807_C|T,27915_G|T,28271_A|T,28297_T|C,28311_C|T,28312_C|T,28846_C|T,28881_G|A,28882_G|A,28883_G|C,29510_A|C,11288_11296,21633_21641,21765_21770,21992_21994,22194_22196,23009_23011,28362_28370,29734_29759,21608_.|TCATGCCGCTGT
USA/VA-DCLS-16165/2024	XDP	241_C|T,670_T|G,774_C|T,897_C|A,2198_G|A,2790_C|T,3037_C|T,3431_G|T,3565_T|C,4184_G|A,4321_C|T,6183_A|G,7105_C|T,7842_A|G,8293_C|T,8393_G|A,9344_C|T,9424_A|G,9534_C|T,10029_C|T,10198_C|T,10447_G|A,10449_C|A,11042_G|T,11727_G|A,11752_C|T,12789_C|T,12815_C|T,12880_C|T,13339_T|C,14408_C|T,15714_C|T,15756_T|A,17410_C|T,18163_A|G,18453_T|C,18492_A|G,18894_C|T,19140_C|A,19955_C|T,20055_A|G,21618_C|T,21622_C|T,21624_G|C,21711_C|T,21941_G|T,21987_G|A,22032_T|C,22033_C|A,22034_A|G,22200_T|G,22208_C|T,22295_C|A,22353_C|A,22556_A|G,22577_G|C,22578_G|A,22629_A|C,22674_C|T,22679_T|C,22686_C|T,22688_A|G,22770_G|A,22775_G|A,22786_A|C,22813_G|T,22882_T|G,22895_G|C,22896_T|A,22898_G|A,22910_A|G,22916_C|T,22917_T|G,22926_T|C,22942_T|A,22992_G|A,22995_C|A,23005_T|A,23012_G|A,23018_T|C,23019_T|C,23055_A|G,23063_A|T,23075_T|C,23222_G|A,23271_C|T,23403_A|G,23423_C|T,23525_C|T,23599_T|G,23604_C|G,23854_C|A,23948_G|T,24378_C|T,24424_A|T,24469_T|A,24990_C|T,25000_C|T,25207_C|T,25584_C|T,26060_C|T,26270_C|T,26529_G|C,26577_C|G,26610_A|G,26681_C|T,26709_G|A,26833_C|T,26858_C|T,27259_A|C,27382_G|C,27383_A|T,27384_T|C,27807_C|T,27915_G|T,28271_A|T,28297_T|C,28311_C|T,28657_C|T,28846_C|T,28881_G|A,28882_G|A,28883_G|C,29510_A|C,11288_11296,21633_21641,21765_21770,21992_21994,22194_22196,23009_23011,28362_28370,29734_29759
USA/VA-DCLS-16182/2024	XDP	241_C|T,670_T|G,774_C|T,897_C|A,2790_C|T,3037_C|T,3431_G|T,3565_T|C,4184_G|A,4321_C|T,6183_A|G,7842_A|G,8293_C|T,8393_G|A,9344_C|T,9424_A|G,9534_C|T,10029_C|T,10198_C|T,10447_G|A,10449_C|A,11042_G|T,11727_G|A,12789_C|T,12815_C|T,12880_C|T,13339_T|C,14408_C|T,15380_G|T,15714_C|T,15756_T|A,17410_C|T,18163_A|G,18453_T|C,18492_A|G,18894_C|T,19955_C|T,20055_A|G,21618_C|T,21622_C|T,21624_G|C,21711_C|T,21941_G|T,21987_G|A,22032_T|C,22033_C|A,22034_A|G,22200_T|G,22208_C|T,22295_C|A,22353_C|A,22556_A|G,22577_G|C,22578_G|A,22629_A|C,22674_C|T,22679_T|C,22686_C|T,22688_A|G,22770_G|A,22775_G|A,22786_A|C,22813_G|T,22882_T|G,22895_G|C,22896_T|A,22898_G|A,22910_A|G,22916_C|T,22917_T|G,22926_T|C,22942_T|A,22992_G|A,22995_C|A,23005_T|A,23012_G|A,23018_T|C,23019_T|C,23055_A|G,23063_A|T,23075_T|C,23222_G|A,23271_C|T,23403_A|G,23423_C|T,23525_C|T,23599_T|G,23604_C|G,23854_C|A,23948_G|T,24034_C|T,24378_C|T,24424_A|T,24469_T|A,24990_C|T,25000_C|T,25207_C|T,25584_C|T,26060_C|T,26270_C|T,26529_G|C,26577_C|G,26610_A|G,26681_C|T,26709_G|A,26833_C|T,26858_C|T,27259_A|C,27382_G|C,27383_A|T,27384_T|C,27807_C|T,27915_G|T,28271_A|T,28297_T|C,28311_C|T,28846_C|T,28881_G|A,28882_G|A,28883_G|C,29510_A|C,11288_11296,21633_21641,21765_21770,21992_21994,22194_22196,23009_23011,28362_28370,29734_29759
USA/WA-USAFSAM-S22263/2024	XDP	241_C|T,670_T|G,774_C|T,897_C|A,2790_C|T,3037_C|T,3431_G|T,3565_T|C,4184_G|A,4321_C|T,6183_A|G,7842_A|G,8293_C|T,8393_G|A,9344_C|T,9424_A|G,9534_C|T,10029_C|T,10198_C|T,10447_G|A,10449_C|A,11042_G|T,11727_G|A,12789_C|T,12815_C|T,12880_C|T,13339_T|C,14408_C|T,15714_C|T,15756_T|A,17410_C|T,18163_A|G,18453_T|C,18492_A|G,18894_C|T,19955_C|T,20055_A|G,21618_C|T,21622_C|T,21624_G|C,21711_C|T,21941_G|T,21987_G|A,22032_T|C,22033_C|A,22034_A|G,22200_T|G,22208_C|T,22295_C|A,22353_C|A,22556_A|G,22577_G|C,22578_G|A,22629_A|C,22674_C|T,22679_T|C,22686_C|T,22688_A|G,22770_G|A,22775_G|A,22786_A|C,22813_G|T,22882_T|G,22895_G|C,22896_T|A,22898_G|A,22910_A|G,22916_C|T,22917_T|G,22926_T|C,22942_T|A,22992_G|A,22995_C|A,23005_T|A,23012_G|A,23018_T|C,23019_T|C,23055_A|G,23063_A|T,23075_T|C,23222_G|A,23230_C|T,23271_C|T,23403_A|G,23423_C|T,23525_C|T,23599_T|G,23604_C|G,23854_C|A,23948_G|T,24378_C|T,24424_A|T,24469_T|A,24990_C|T,25000_C|T,25108_A|T,25207_C|T,25584_C|T,26060_C|T,26270_C|T,26529_G|C,26577_C|G,26610_A|G,26681_C|T,26709_G|A,26833_C|T,26858_C|T,27259_A|C,27382_G|C,27383_A|T,27384_T|C,27807_C|T,27915_G|T,28271_A|T,28297_T|C,28311_C|T,28846_C|T,28881_G|A,28882_G|A,28883_G|C,29510_A|C,11288_11296,21633_21641,21765_21770,21992_21994,22194_22196,23009_23011,28362_28370,29734_29759,21608_.|CTT
USA/WI-CDC-LC1097826/2024	XDP	241_C|T,670_T|G,774_C|T,897_C|A,2790_C|T,3037_C|T,3431_G|T,3565_T|C,4184_G|A,4321_C|T,6183_A|G,7842_A|G,8293_C|T,8393_G|A,9344_C|T,9424_A|G,9534_C|T,10029_C|T,10198_C|T,10447_G|A,10449_C|A,11042_G|T,11727_G|A,12789_C|T,12815_C|T,12880_C|T,13339_T|C,14408_C|T,15714_C|T,15756_T|A,17410_C|T,18163_A|G,18453_T|C,18492_A|G,18894_C|T,19955_C|T,20055_A|G,21618_C|T,21622_C|T,21624_G|C,21711_C|T,21941_G|T,21987_G|A,22032_T|C,22033_C|A,22034_A|G,22200_T|G,22208_C|T,22295_C|A,22353_C|A,22556_A|G,22577_G|C,22578_G|A,22629_A|C,22674_C|T,22679_T|C,22686_C|T,22688_A|G,22770_G|A,22775_G|A,22786_A|C,22813_G|T,22882_T|G,22895_G|C,22896_T|A,22898_G|A,22910_A|G,22916_C|T,22917_T|G,22926_T|C,22942_T|A,22992_G|A,22995_C|A,23005_T|A,23012_G|A,23018_T|C,23019_T|C,23055_A|G,23063_A|T,23075_T|C,23222_G|A,23271_C|T,23403_A|G,23423_C|T,23523_A|T,23525_C|T,23599_T|G,23604_C|G,23854_C|A,23948_G|T,24378_C|T,24424_A|T,24469_T|A,24990_C|T,25000_C|T,25207_C|T,25584_C|T,26060_C|T,26270_C|T,26529_G|C,26577_C|G,26610_A|G,26681_C|T,26709_G|A,26833_C|T,26858_C|T,27259_A|C,27382_G|C,27383_A|T,27384_T|C,27807_C|T,27915_G|T,28271_A|T,28297_T|C,28311_C|T,28846_C|T,28881_G|A,28882_G|A,28883_G|C,29510_A|C,11288_11296,21633_21641,21765_21770,21992_21994,22194_22196,23009_23011,28362_28370,29734_29759,21608_.|TCATGCCGCTGT
USA/WI-CDC-LC1101866/2024	XDP	241_C|T,670_T|G,774_C|T,897_C|A,1938_C|A,2790_C|T,3037_C|T,3431_G|T,3565_T|C,4184_G|A,4321_C|T,6128_C|T,6183_A|G,7842_A|G,8293_C|T,8393_G|A,9344_C|T,9424_A|G,9534_C|T,10029_C|T,10198_C|T,10447_G|A,10449_C|A,11042_G|T,11727_G|A,12789_C|T,12815_C|T,12880_C|T,13339_T|C,14408_C|T,15714_C|T,15756_T|A,16338_C|T,17410_C|T,17821_C|T,18011_T|C,18163_A|G,18453_T|C,18492_A|G,18894_C|T,19955_C|T,20055_A|G,21618_C|T,21622_C|T,21624_G|C,21711_C|T,21941_G|T,21987_G|A,22032_T|C,22033_C|A,22034_A|G,22200_T|G,22208_C|T,22295_C|A,22353_C|A,22556_A|G,22577_G|C,22578_G|A,22629_A|C,22674_C|T,22679_T|C,22686_C|T,22688_A|G,22770_G|A,22775_G|A,22786_A|C,22813_G|T,22882_T|G,22895_G|C,22896_T|A,22898_G|A,22910_A|G,22916_C|T,22917_T|G,22926_T|C,22942_T|A,22992_G|A,22995_C|A,23005_T|A,23012_G|A,23018_T|C,23019_T|C,23055_A|G,23063_A|T,23075_T|C,23222_G|A,23271_C|T,23403_A|G,23423_C|T,23523_A|T,23525_C|T,23599_T|G,23604_C|G,23854_C|A,23948_G|T,24378_C|T,24424_A|T,24469_T|A,24990_C|T,25000_C|T,25207_C|T,25572_C|T,25584_C|T,26060_C|T,26208_C|T,26270_C|T,26529_G|C,26577_C|G,26610_A|G,26681_C|T,26709_G|A,26833_C|T,26858_C|T,27259_A|C,27382_G|C,27383_A|T,27384_T|C,27807_C|T,27915_G|T,28271_A|T,28297_T|C,28311_C|T,28846_C|T,28881_G|A,28882_G|A,28883_G|C,29476_T|C,29510_A|C,11288_11296,21633_21641,21765_21770,21992_21994,22194_22196,23009_23011,28362_28370,29734_29759,21608_.|TCATGCCGCTGT
USA/WV-CDC-LC1101872/2024	XDP	241_C|T,670_T|G,774_C|T,897_C|A,942_G|T,1427_C|T,1455_T|C,2790_C|T,3037_C|T,3431_G|T,3565_T|C,4184_G|A,4321_C|T,6183_A|G,7842_A|G,8293_C|T,8393_G|A,9344_C|T,9424_A|G,9534_C|T,10029_C|T,10198_C|T,10447_G|A,10449_C|A,11042_G|T,11727_G|A,12789_C|T,12815_C|T,12880_C|T,13339_T|C,14408_C|T,15714_C|T,15756_T|A,17410_C|T,18163_A|G,18453_T|C,18492_A|G,18894_C|T,19955_C|T,20055_A|G,21618_C|T,21622_C|T,21624_G|C,21711_C|T,21941_G|T,21987_G|A,22032_T|C,22033_C|A,22034_A|G,22200_T|G,22208_C|T,22295_C|A,22353_C|A,22556_A|G,22577_G|C,22578_G|A,22629_A|C,22674_C|T,22679_T|C,22686_C|T,22688_A|G,22770_G|A,22775_G|A,22786_A|C,22813_G|T,22882_T|G,22895_G|C,22896_T|A,22898_G|A,22910_A|G,22916_C|T,22917_T|G,22926_T|C,22942_T|A,22992_G|A,22995_C|A,23005_T|A,23012_G|A,23018_T|C,23019_T|C,23055_A|G,23063_A|T,23075_T|C,23222_G|A,23271_C|T,23403_A|G,23423_C|T,23525_C|T,23599_T|G,23604_C|G,23854_C|A,23948_G|T,24378_C|T,24424_A|T,24469_T|A,24990_C|T,25000_C|T,25207_C|T,25584_C|T,25690_G|A,26060_C|T,26270_C|T,26529_G|C,26577_C|G,26610_A|G,26681_C|T,26709_G|A,26833_C|T,26858_C|T,27259_A|C,27382_G|C,27383_A|T,27384_T|C,27807_C|T,27915_G|T,28271_A|T,28297_T|C,28311_C|T,28846_C|T,28881_G|A,28882_G|A,28883_G|C,29510_A|C,11288_11296,21633_21641,21765_21770,21992_21994,22194_22196,23009_23011,28362_28370,29734_29759,21608_.|TCATGCCGCTGT
