genomeID	true_lineage	nuc_changes
BHR/24020114648_S65_L001/2024	XDD	241_C|T,405_A|G,670_T|G,877_T|G,1314_C|T,2334_C|T,2790_C|T,3037_C|T,4184_G|A,4321_C|T,5720_G|A,6541_C|T,7842_A|G,8293_C|T,8393_G|A,9344_C|T,9424_A|G,9534_C|T,10029_C|T,10198_C|T,10447_G|A,10449_C|A,11042_G|T,11727_G|A,12789_C|T,12815_C|T,12880_C|T,13339_T|C,14408_C|T,15714_C|T,15756_T|A,17288_C|T,17410_C|T,18163_A|G,18492_A|G,18894_C|T,19955_C|T,20055_A|G,21618_C|T,21622_C|T,21624_G|C,21711_C|T,21941_G|T,21987_G|A,22032_T|C,22033_C|A,22034_A|G,22200_T|G,22208_C|T,22295_C|A,22353_C|A,22556_A|G,22577_G|C,22578_G|A,22629_A|C,22674_C|T,22679_T|C,22686_C|T,22688_A|G,22770_G|A,22775_G|A,22813_G|T,22882_T|G,22895_G|C,22896_T|A,22898_G|A,22910_A|G,22916_C|T,22917_T|G,22926_T|C,22942_T|A,22992_G|A,22995_C|A,23005_T|A,23012_G|A,23018_T|C,23019_T|C,23055_A|G,23063_A|T,23075_T|C,23222_G|A,23271_C|T,23403_A|G,23423_C|T,23525_C|T,23599_T|G,23604_C|G,23854_C|A,23948_G|T,24378_C|T,24424_A|T,24469_T|A,24990_C|T,25000_C|T,25207_C|T,25584_C|T,25993_G|A,26060_C|T,26270_C|T,26275_A|G,26709_G|A,26858_C|T,27259_A|C,27382_G|C,27383_A|T,27384_T|C,27507_A|C,27807_C|T,27915_G|T,28271_A|T,28297_T|C,28311_C|T,28881_G|A,28882_G|A,28883_G|C,29510_A|C,29625_C|T,11288_11296,21633_21641,21765_21770,21992_21994,22194_22196,23009_23011,28362_28370,29734_29759
Denmark/DCGC-665018/2023	XDD	241_C|T,405_A|G,670_T|G,2334_C|T,2790_C|T,3037_C|T,4184_G|A,4321_C|T,5720_G|A,6541_C|T,7842_A|G,8293_C|T,8393_G|A,9344_C|T,9424_A|G,9534_C|T,10029_C|T,10198_C|T,10447_G|A,10449_C|A,11042_G|T,11291_G|A,11296_T|G,11727_G|A,12789_C|T,12815_C|T,12880_C|T,13339_T|C,14408_C|T,15714_C|T,15756_T|A,17410_C|T,18163_A|G,18492_A|G,18894_C|T,19955_C|T,20055_A|G,21618_C|T,21622_C|T,21624_G|C,21711_C|T,21941_G|T,21987_G|A,22033_C|A,22034_A|G,22200_T|G,22208_C|T,22295_C|A,22353_C|A,22556_A|G,22577_G|C,22578_G|A,22629_A|C,22674_C|T,22679_T|C,22686_C|T,22688_A|G,22770_G|A,22775_G|A,22786_A|C,22813_G|T,22882_T|G,22895_G|C,22896_T|A,22898_G|A,22910_A|G,22916_C|T,22917_T|G,22926_T|C,22942_T|A,22992_G|A,22995_C|A,23005_T|A,23012_G|A,23018_T|C,23019_T|C,23055_A|G,23063_A|T,23075_T|C,23222_G|A,23271_C|T,23403_A|G,23423_C|T,23525_C|T,23599_T|G,23604_C|G,23854_C|A,23948_G|T,24378_C|T,24424_A|T,24469_T|A,24990_C|T,25000_C|T,25207_C|T,25584_C|T,26060_C|T,26270_C|T,26275_A|G,26577_C|G,26709_G|A,26858_C|T,27259_A|C,27382_G|C,27383_A|T,27384_T|C,27507_A|C,27807_C|T,27915_G|T,28271_A|T,28297_T|C,28311_C|T,28881_G|A,28882_G|A,28883_G|C,28948_C|T,29510_A|C,29625_C|T,21633_21641,21765_21770,21992_21994,22194_22196,28362_28370,29734_29759,21608_.|TCATGCCGCTGT
Denmark/DCGC-665348/2023	XDD	241_C|T,405_A|G,670_T|G,2334_C|T,2790_C|T,3037_C|T,4184_G|A,4321_C|T,5720_G|A,6541_C|T,7842_A|G,8293_C|T,8393_G|A,9344_C|T,9424_A|G,9534_C|T,10029_C|T,10198_C|T,10447_G|A,10449_C|A,10696_T|C,11042_G|T,11727_G|A,12789_C|T,12815_C|T,12880_C|T,13339_T|C,14408_C|T,15714_C|T,15756_T|A,17410_C|T,18163_A|G,18492_A|G,18894_C|T,19955_C|T,20055_A|G,21618_C|T,21622_C|T,21624_G|C,21711_C|T,21941_G|T,21987_G|A,22032_T|C,22033_C|A,22034_A|G,22200_T|G,22208_C|T,22295_C|A,22350_C|T,22353_C|A,22556_A|G,22577_G|C,22578_G|A,22629_A|C,22674_C|T,22679_T|C,22686_C|T,22688_A|G,22770_G|A,22775_G|A,22786_A|C,22813_G|T,22882_T|G,22895_G|C,22896_T|A,22898_G|A,22910_A|G,22916_C|T,22917_T|G,22926_T|C,22942_T|A,22992_G|A,22995_C|A,23005_T|A,23012_G|A,23018_T|C,23019_T|C,23055_A|G,23063_A|T,23075_T|C,23222_G|A,23271_C|T,23403_A|G,23423_C|T,23525_C|T,23599_T|G,23604_C|G,23854_C|A,23948_G|T,24378_C|T,24424_A|T,24469_T|A,24990_C|T,25000_C|T,25207_C|T,25584_C|T,26060_C|T,26270_C|T,26275_A|G,26577_C|G,26709_G|A,26858_C|T,27259_A|C,27382_G|C,27383_A|T,27384_T|C,27507_A|C,27807_C|T,27915_G|T,28271_A|T,28297_T|C,28311_C|T,28881_G|A,28882_G|A,28883_G|C,29510_A|C,29625_C|T,11288_11296,21633_21641,21765_21770,21992_21994,22194_22196,28362_28370,29734_29759,21608_.|TCATGCCGCTGT
Denmark/DCGC-665479/2023	XDD	180_C|T,241_C|T,405_A|G,670_T|G,913_C|T,2334_C|T,2790_C|T,3037_C|T,4184_G|A,4321_C|T,5720_G|A,6541_C|T,7842_A|G,8293_C|T,8393_G|A,9344_C|T,9424_A|G,9534_C|T,10029_C|T,10198_C|T,10447_G|A,10449_C|A,11042_G|T,11727_G|A,12789_C|T,12815_C|T,12880_C|T,13339_T|C,14408_C|T,15714_C|T,15756_T|A,17410_C|T,18163_A|G,18492_A|G,18894_C|T,19955_C|T,20055_A|G,21618_C|T,21622_C|T,21624_G|C,21711_C|T,21941_G|T,21987_G|A,22032_T|C,22033_C|A,22034_A|G,22200_T|G,22208_C|T,22295_C|A,22353_C|A,22556_A|G,22577_G|C,22578_G|A,22629_A|C,22674_C|T,22679_T|C,22686_C|T,22688_A|G,22770_G|A,22775_G|A,22786_A|C,22813_G|T,22882_T|G,22895_G|C,22896_T|A,22898_G|A,22910_A|G,22916_C|T,22917_T|G,22926_T|C,22942_T|A,22992_G|A,22995_C|A,23005_T|A,23012_G|A,23018_T|C,23019_T|C,23055_A|G,23063_A|T,23075_T|C,23222_G|A,23271_C|T,23403_A|G,23423_C|T,23525_C|T,23599_T|G,23604_C|G,23854_C|A,23948_G|T,24378_C|T,24424_A|T,24469_T|A,24990_C|T,25000_C|T,25207_C|T,25584_C|T,26060_C|T,26270_C|T,26275_A|G,26577_C|G,26709_G|A,26858_C|T,27259_A|C,27382_G|C,27383_A|T,27384_T|C,27507_A|C,27807_C|T,27915_G|T,28271_A|T,28297_T|C,28311_C|T,28881_G|A,28882_G|A,28883_G|C,29510_A|C,29625_C|T,11288_11296,21633_21641,21765_21770,21992_21994,22194_22196,28362_28370,29734_29759,21608_.|TCATGCCGCTGT
Denmark/DCGC-665506/2023	XDD	241_C|T,405_A|G,670_T|G,2334_C|T,2790_C|T,3037_C|T,4184_G|A,4321_C|T,5720_G|A,6541_C|T,7842_A|G,8293_C|T,8393_G|A,9344_C|T,9424_A|G,9534_C|T,10029_C|T,10198_C|T,10447_G|A,10449_C|A,11042_G|T,11727_G|A,12789_C|T,12815_C|T,12880_C|T,13339_T|C,14408_C|T,15714_C|T,15756_T|A,17410_C|T,18163_A|G,18492_A|G,18894_C|T,19955_C|T,20055_A|G,21618_C|T,21622_C|T,21624_G|C,21711_C|T,21941_G|T,21987_G|A,22032_T|C,22033_C|A,22034_A|G,22200_T|G,22208_C|T,22295_C|A,22353_C|A,22556_A|G,22577_G|C,22578_G|A,22629_A|C,22674_C|T,22679_T|C,22686_C|T,22688_A|G,22770_G|A,22775_G|A,22786_A|C,22813_G|T,22882_T|G,22895_G|C,22896_T|A,22898_G|A,22910_A|G,22916_C|T,22917_T|G,22926_T|C,22942_T|A,22992_G|A,22995_C|A,23005_T|A,23012_G|A,23018_T|C,23019_T|C,23055_A|G,23063_A|T,23075_T|C,23222_G|A,23271_C|T,23403_A|G,23423_C|T,23525_C|T,23599_T|G,23604_C|G,23854_C|A,23948_G|T,24378_C|T,24424_A|T,24469_T|A,24990_C|T,25000_C|T,25207_C|T,25584_C|T,26060_C|T,26270_C|T,26275_A|G,26577_C|G,26709_G|A,26858_C|T,27259_A|C,27382_G|C,27383_A|T,27384_T|C,27507_A|C,27807_C|T,27915_G|T,28271_A|T,28297_T|C,28311_C|T,28881_G|A,28882_G|A,28883_G|C,29510_A|C,29625_C|T,11288_11296,21633_21641,21765_21770,21992_21994,22194_22196,28362_28370,29734_29759,21608_.|TCATGCCGCTGT
Denmark/DCGC-665988/2023	XDD	241_C|T,405_A|G,670_T|G,2334_C|T,2790_C|T,3037_C|T,4184_G|A,4321_C|T,5720_G|A,6541_C|T,7842_A|G,8293_C|T,8393_G|A,9344_C|T,9424_A|G,9534_C|T,10029_C|T,10198_C|T,10447_G|A,10449_C|A,10696_T|C,11042_G|T,11727_G|A,12789_C|T,12815_C|T,12880_C|T,13339_T|C,14408_C|T,15714_C|T,15756_T|A,17410_C|T,18163_A|G,18492_A|G,18894_C|T,19955_C|T,20055_A|G,21618_C|T,21622_C|T,21624_G|C,21711_C|T,21941_G|T,21987_G|A,22032_T|C,22033_C|A,22034_A|G,22200_T|G,22208_C|T,22295_C|A,22350_C|T,22353_C|A,22556_A|G,22577_G|C,22578_G|A,22629_A|C,22674_C|T,22679_T|C,22686_C|T,22688_A|G,22770_G|A,22775_G|A,22786_A|C,22813_G|T,22882_T|G,22895_G|C,22896_T|A,22898_G|A,22910_A|G,22916_C|T,22917_T|G,22926_T|C,22942_T|A,22992_G|A,22995_C|A,23005_T|A,23012_G|A,23018_T|C,23019_T|C,23055_A|G,23063_A|T,23075_T|C,23222_G|A,23271_C|T,23403_A|G,23423_C|T,23525_C|T,23599_T|G,23604_C|G,23854_C|A,23948_G|T,24378_C|T,24424_A|T,24469_T|A,24990_C|T,25000_C|T,25207_C|T,25584_C|T,26060_C|T,26270_C|T,26275_A|G,26577_C|G,26709_G|A,26858_C|T,27259_A|C,27382_G|C,27383_A|T,27384_T|C,27507_A|C,27807_C|T,27915_G|T,28271_A|T,28297_T|C,28311_C|T,28881_G|A,28882_G|A,28883_G|C,29510_A|C,29625_C|T,11288_11296,21633_21641,21765_21770,21992_21994,22194_22196,28362_28370,29734_29759,21608_.|TCATGCCGCTGT
Denmark/DCGC-666140/2023	XDD	241_C|T,405_A|G,670_T|G,2334_C|T,2790_C|T,3037_C|T,4184_G|A,4321_C|T,5720_G|A,6541_C|T,7842_A|G,8293_C|T,8393_G|A,9344_C|T,9424_A|G,9534_C|T,10029_C|T,10198_C|T,10447_G|A,10449_C|A,11042_G|T,11083_G|T,11727_G|A,12789_C|T,12815_C|T,12880_C|T,13339_T|C,14408_C|T,15714_C|T,15756_T|A,17410_C|T,18163_A|G,18492_A|G,18894_C|T,19955_C|T,20055_A|G,21618_C|T,21622_C|T,21624_G|C,21711_C|T,21941_G|T,21987_G|A,22032_T|C,22033_C|A,22034_A|G,22200_T|G,22208_C|T,22295_C|A,22353_C|A,22556_A|G,22577_G|C,22578_G|A,22629_A|C,22674_C|T,22679_T|C,22686_C|T,22688_A|G,22770_G|A,22775_G|A,22786_A|C,22813_G|T,22882_T|G,22895_G|C,22896_T|A,22898_G|A,22910_A|G,22916_C|T,22917_T|G,22926_T|C,22942_T|A,22992_G|A,22995_C|A,23005_T|A,23012_G|A,23018_T|C,23019_T|C,23055_A|G,23063_A|T,23075_T|C,23222_G|A,23271_C|T,23403_A|G,23423_C|T,23525_C|T,23599_T|G,23604_C|G,23854_C|A,23948_G|T,24378_C|T,24424_A|T,24469_T|A,24990_C|T,25000_C|T,25207_C|T,25584_C|T,26060_C|T,26270_C|T,26275_A|G,26577_C|G,26709_G|A,26858_C|T,27259_A|C,27382_G|C,27383_A|T,27384_T|C,27507_A|C,27807_C|T,27915_G|T,28271_A|T,28297_T|C,28311_C|T,28881_G|A,28882_G|A,28883_G|C,28948_C|T,29510_A|C,29625_C|T,11288_11296,21633_21641,21765_21770,21992_21994,22194_22196,28362_28370,29734_29759,21608_.|TCATGCCGCTGT
Denmark/DCGC-666519/2023	XDD	180_C|T,241_C|T,405_A|G,670_T|G,913_C|T,2334_C|T,2790_C|T,3037_C|T,4184_G|A,4321_C|T,5720_G|A,6541_C|T,7842_A|G,8293_C|T,8393_G|A,9344_C|T,9424_A|G,9534_C|T,10029_C|T,10198_C|T,10447_G|A,10449_C|A,11042_G|T,11727_G|A,12789_C|T,12815_C|T,12880_C|T,13339_T|C,14408_C|T,15714_C|T,15756_T|A,17373_C|T,17410_C|T,18163_A|G,18492_A|G,18894_C|T,19955_C|T,20055_A|G,21618_C|T,21622_C|T,21624_G|C,21711_C|T,21941_G|T,21987_G|A,22032_T|C,22033_C|A,22034_A|G,22200_T|G,22208_C|T,22295_C|A,22353_C|A,22556_A|G,22577_G|C,22578_G|A,22629_A|C,22674_C|T,22679_T|C,22686_C|T,22688_A|G,22770_G|A,22775_G|A,22786_A|C,22813_G|T,22882_T|G,22895_G|C,22896_T|A,22898_G|A,22910_A|G,22916_C|T,22917_T|G,22926_T|C,22942_T|A,22992_G|A,22995_C|A,23005_T|A,23012_G|A,23018_T|C,23019_T|C,23055_A|G,23063_A|T,23075_T|C,23222_G|A,23271_C|T,23403_A|G,23423_C|T,23525_C|T,23599_T|G,23604_C|G,23854_C|A,23948_G|T,24378_C|T,24424_A|T,24469_T|A,24990_C|T,25000_C|T,25207_C|T,25584_C|T,26060_C|T,26270_C|T,26275_A|G,26577_C|G,26709_G|A,26858_C|T,27259_A|C,27382_G|C,27383_A|T,27384_T|C,27507_A|C,27807_C|T,27915_G|T,28271_A|T,28297_T|C,28311_C|T,28881_G|A,28882_G|A,28883_G|C,29510_A|C,29625_C|T,11288_11296,21633_21641,21765_21770,21992_21994,22194_22196,28362_28370,29734_29759,21608_.|TCATGCCGCTGT
Denmark/DCGC-666808/2023	XDD	180_C|T,241_C|T,405_A|G,670_T|G,913_C|T,2334_C|T,2790_C|T,3037_C|T,4184_G|A,4321_C|T,5720_G|A,6541_C|T,7842_A|G,8293_C|T,8393_G|A,9344_C|T,9424_A|G,9534_C|T,10029_C|T,10198_C|T,10447_G|A,10449_C|A,11042_G|T,11727_G|A,12789_C|T,12815_C|T,12880_C|T,13339_T|C,14408_C|T,15714_C|T,15756_T|A,17373_C|T,17410_C|T,18163_A|G,18492_A|G,18894_C|T,19955_C|T,20055_A|G,21618_C|T,21622_C|T,21624_G|C,21711_C|T,21941_G|T,21987_G|A,22032_T|C,22033_C|A,22034_A|G,22200_T|G,22208_C|T,22295_C|A,22353_C|A,22556_A|G,22577_G|C,22578_G|A,22629_A|C,22674_C|T,22679_T|C,22686_C|T,22688_A|G,22770_G|A,22775_G|A,22786_A|C,22813_G|T,22882_T|G,22895_G|C,22896_T|A,22898_G|A,22910_A|G,22916_C|T,22917_T|G,22926_T|C,22942_T|A,22992_G|A,22995_C|A,23005_T|A,23012_G|A,23018_T|C,23019_T|C,23055_A|G,23063_A|T,23075_T|C,23222_G|A,23271_C|T,23403_A|G,23423_C|T,23525_C|T,23599_T|G,23604_C|G,23854_C|A,23948_G|T,24378_C|T,24424_A|T,24469_T|A,24990_C|T,25000_C|T,25207_C|T,25584_C|T,26060_C|T,26270_C|T,26275_A|G,26577_C|G,26709_G|A,26858_C|T,27259_A|C,27382_G|C,27383_A|T,27384_T|C,27507_A|C,27807_C|T,27915_G|T,28271_A|T,28297_T|C,28311_C|T,28881_G|A,28882_G|A,28883_G|C,29510_A|C,29625_C|T,11288_11296,21633_21641,21765_21770,21992_21994,22194_22196,28362_28370,29734_29759,21608_.|TCATGCCGCTGT
Denmark/DCGC-666991/2023	XDD	241_C|T,405_A|G,670_T|G,2334_C|T,2790_C|T,3037_C|T,4184_G|A,4321_C|T,5720_G|A,6541_C|T,7842_A|G,8293_C|T,8393_G|A,9344_C|T,9424_A|G,9534_C|T,10029_C|T,10198_C|T,10447_G|A,10449_C|A,10696_T|C,11042_G|T,11727_G|A,12789_C|T,12815_C|T,12880_C|T,13339_T|C,14408_C|T,15714_C|T,15756_T|A,17410_C|T,18163_A|G,18492_A|G,18894_C|T,19955_C|T,20055_A|G,21618_C|T,21622_C|T,21624_G|C,21711_C|T,21941_G|T,21987_G|A,22032_T|C,22033_C|A,22034_A|G,22200_T|G,22208_C|T,22295_C|A,22353_C|A,22556_A|G,22577_G|C,22578_G|A,22629_A|C,22674_C|T,22679_T|C,22686_C|T,22688_A|G,22770_G|A,22775_G|A,22786_A|C,22813_G|T,22882_T|G,22895_G|C,22896_T|A,22898_G|A,22910_A|G,22916_C|T,22917_T|G,22926_T|C,22942_T|A,22992_G|A,22995_C|A,23005_T|A,23012_G|A,23018_T|C,23019_T|C,23055_A|G,23063_A|T,23075_T|C,23222_G|A,23271_C|T,23403_A|G,23423_C|T,23525_C|T,23599_T|G,23604_C|G,23854_C|A,23948_G|T,24378_C|T,24424_A|T,24469_T|A,24990_C|T,25000_C|T,25207_C|T,25584_C|T,26060_C|T,26270_C|T,26275_A|G,26577_C|G,26709_G|A,26858_C|T,27259_A|C,27382_G|C,27383_A|T,27384_T|C,27507_A|C,27807_C|T,27915_G|T,28271_A|T,28297_T|C,28311_C|T,28881_G|A,28882_G|A,28883_G|C,29510_A|C,29625_C|T,11288_11296,21633_21641,21765_21770,21992_21994,22194_22196,28362_28370,29734_29759,21608_.|TCATGCCGCTGT
Denmark/DCGC-667274/2023	XDD	180_C|T,241_C|T,405_A|G,670_T|G,913_C|T,2334_C|T,2790_C|T,3037_C|T,4184_G|A,4321_C|T,5720_G|A,6541_C|T,7842_A|G,8293_C|T,8393_G|A,9344_C|T,9424_A|G,9534_C|T,10029_C|T,10198_C|T,10447_G|A,10449_C|A,11042_G|T,11727_G|A,12789_C|T,12815_C|T,12880_C|T,13339_T|C,14408_C|T,15714_C|T,15756_T|A,17373_C|T,17410_C|T,18163_A|G,18492_A|G,18894_C|T,19955_C|T,20055_A|G,21618_C|T,21622_C|T,21624_G|C,21711_C|T,21941_G|T,21987_G|A,22032_T|C,22033_C|A,22034_A|G,22200_T|G,22208_C|T,22295_C|A,22353_C|A,22556_A|G,22577_G|C,22578_G|A,22629_A|C,22674_C|T,22679_T|C,22686_C|T,22688_A|G,22770_G|A,22775_G|A,22786_A|C,22813_G|T,22882_T|G,22895_G|C,22896_T|A,22898_G|A,22910_A|G,22916_C|T,22917_T|G,22926_T|C,22942_T|A,22992_G|A,22995_C|A,23005_T|A,23012_G|A,23018_T|C,23019_T|C,23055_A|G,23063_A|T,23075_T|C,23222_G|A,23271_C|T,23403_A|G,23423_C|T,23525_C|T,23599_T|G,23604_C|G,23854_C|A,23948_G|T,24378_C|T,24424_A|T,24469_T|A,24990_C|T,25000_C|T,25207_C|T,25584_C|T,26060_C|T,26270_C|T,26275_A|G,26577_C|G,26709_G|A,26858_C|T,27259_A|C,27382_G|C,27383_A|T,27384_T|C,27507_A|C,27807_C|T,27915_G|T,28271_A|T,28297_T|C,28311_C|T,28881_G|A,28882_G|A,28883_G|C,29510_A|C,29625_C|T,11288_11296,21633_21641,21765_21770,21992_21994,22194_22196,28362_28370,29734_29759,21608_.|TCATGCCGCTGT
Denmark/DCGC-667829/2023	XDD	241_C|T,405_A|G,670_T|G,1093_C|T,2334_C|T,2790_C|T,3037_C|T,4184_G|A,4321_C|T,5720_G|A,6541_C|T,7842_A|G,8293_C|T,8393_G|A,9344_C|T,9424_A|G,9534_C|T,10029_C|T,10198_C|T,10447_G|A,10449_C|A,11042_G|T,11727_G|A,12789_C|T,12815_C|T,12880_C|T,13201_G|A,13339_T|C,14408_C|T,15714_C|T,15756_T|A,17124_T|C,17410_C|T,18163_A|G,18492_A|G,18894_C|T,19955_C|T,20055_A|G,21618_C|T,21622_C|T,21624_G|C,21711_C|T,21941_G|T,21987_G|A,22032_T|C,22033_C|A,22034_A|G,22200_T|G,22208_C|T,22295_C|A,22353_C|A,22556_A|G,22577_G|C,22578_G|A,22629_A|C,22674_C|T,22679_T|C,22686_C|T,22688_A|G,22770_G|A,22775_G|A,22786_A|C,22813_G|T,22882_T|G,22895_G|C,22896_T|A,22898_G|A,22910_A|G,22916_C|T,22917_T|G,22926_T|C,22942_T|A,22992_G|A,22995_C|A,23005_T|A,23012_G|A,23018_T|C,23019_T|C,23055_A|G,23063_A|T,23075_T|C,23222_G|A,23271_C|T,23403_A|G,23423_C|T,23525_C|T,23599_T|G,23604_C|G,23854_C|A,23948_G|T,24378_C|T,24424_A|T,24469_T|A,24990_C|T,25000_C|T,25207_C|T,25584_C|T,26060_C|T,26270_C|T,26275_A|G,26577_C|G,26709_G|A,26858_C|T,27259_A|C,27382_G|C,27383_A|T,27384_T|C,27507_A|C,27807_C|T,27915_G|T,28271_A|T,28297_T|C,28311_C|T,28881_G|A,28882_G|A,28883_G|C,29510_A|C,29625_C|T,11288_11296,21633_21641,21765_21770,21992_21994,22194_22196,28362_28370,29734_29759,21608_.|TCATGCCGCTGT
Denmark/DCGC-668320/2023	XDD	241_C|T,405_A|G,670_T|G,2334_C|T,2790_C|T,3037_C|T,4184_G|A,4321_C|T,5720_G|A,6541_C|T,7842_A|G,8293_C|T,8393_G|A,9344_C|T,9424_A|G,9534_C|T,10029_C|T,10198_C|T,10447_G|A,10449_C|A,10696_T|C,11042_G|T,11727_G|A,12789_C|T,12815_C|T,12880_C|T,13339_T|C,14408_C|T,15714_C|T,15756_T|A,17410_C|T,18163_A|G,18492_A|G,18894_C|T,19955_C|T,20055_A|G,21618_C|T,21622_C|T,21624_G|C,21711_C|T,21941_G|T,21987_G|A,22032_T|C,22033_C|A,22034_A|G,22200_T|G,22208_C|T,22295_C|A,22353_C|A,22556_A|G,22577_G|C,22578_G|A,22629_A|C,22674_C|T,22679_T|C,22686_C|T,22688_A|G,22775_G|A,22786_A|C,22813_G|T,22882_T|G,22895_G|C,22896_T|A,22898_G|A,22910_A|G,22916_C|T,22917_T|G,22926_T|C,22942_T|A,22992_G|A,22995_C|A,23005_T|A,23012_G|A,23018_T|C,23019_T|C,23055_A|G,23063_A|T,23075_T|C,23222_G|A,23271_C|T,23403_A|G,23423_C|T,23525_C|T,23599_T|G,23604_C|G,23854_C|A,23948_G|T,24378_C|T,24424_A|T,24469_T|A,24990_C|T,25000_C|T,25207_C|T,25584_C|T,26060_C|T,26270_C|T,26275_A|G,26577_C|G,26709_G|A,26858_C|T,27259_A|C,27382_G|C,27383_A|T,27384_T|C,27507_A|C,27807_C|T,27915_G|T,28271_A|T,28297_T|C,28311_C|T,28881_G|A,28882_G|A,28883_G|C,29510_A|C,29625_C|T,11288_11296,21633_21641,21765_21770,21992_21994,22194_22196,28362_28370,29734_29759,21608_.|TCATGCCGCTGT
Denmark/DCGC-668713/2023	XDD	241_C|T,405_A|G,670_T|G,2334_C|T,2790_C|T,3037_C|T,4184_G|A,4321_C|T,5720_G|A,6541_C|T,7842_A|G,8293_C|T,8393_G|A,9344_C|T,9424_A|G,9534_C|T,10029_C|T,10198_C|T,10447_G|A,10449_C|A,11042_G|T,11083_G|T,11727_G|A,12789_C|T,12815_C|T,12880_C|T,13201_G|A,13339_T|C,14408_C|T,15714_C|T,15756_T|A,17410_C|T,18163_A|G,18492_A|G,18894_C|T,19955_C|T,20055_A|G,21618_C|T,21622_C|T,21624_G|C,21711_C|T,21941_G|T,21987_G|A,22032_T|C,22033_C|A,22034_A|G,22200_T|G,22208_C|T,22295_C|A,22353_C|A,22556_A|G,22577_G|C,22578_G|A,22629_A|C,22674_C|T,22679_T|C,22686_C|T,22688_A|G,22770_G|A,22775_G|A,22786_A|C,22813_G|T,22882_T|G,22895_G|C,22896_T|A,22898_G|A,22910_A|G,22916_C|T,22917_T|G,22926_T|C,22942_T|A,22992_G|A,22995_C|A,23005_T|A,23012_G|A,23018_T|C,23019_T|C,23055_A|G,23063_A|T,23075_T|C,23222_G|A,23271_C|T,23403_A|G,23423_C|T,23525_C|T,23599_T|G,23604_C|G,23854_C|A,23948_G|T,24378_C|T,24424_A|T,24469_T|A,24990_C|T,25000_C|T,25207_C|T,25584_C|T,26060_C|T,26270_C|T,26275_A|G,26577_C|G,26709_G|A,26858_C|T,27259_A|C,27382_G|C,27383_A|T,27384_T|C,27507_A|C,27807_C|T,27915_G|T,28271_A|T,28297_T|C,28311_C|T,28657_C|T,28881_G|A,28882_G|A,28883_G|C,29510_A|C,29625_C|T,11288_11296,21633_21641,21765_21770,21992_21994,22194_22196,28362_28370,29734_29759,21608_.|TCATGCCGCTGT
Denmark/DCGC-668772/2023	XDD	241_C|T,405_A|G,670_T|G,2334_C|T,2790_C|T,3037_C|T,4184_G|A,4321_C|T,5720_G|A,6541_C|T,7279_C|T,7842_A|G,8293_C|T,8393_G|A,9344_C|T,9424_A|G,9534_C|T,10029_C|T,10198_C|T,10447_G|A,10449_C|A,11042_G|T,11727_G|A,12789_C|T,12815_C|T,12880_C|T,13339_T|C,14408_C|T,15714_C|T,15756_T|A,17410_C|T,18163_A|G,18492_A|G,18894_C|T,19955_C|T,20055_A|G,20275_G|T,21618_C|T,21622_C|T,21624_G|C,21711_C|T,21941_G|T,21987_G|A,22032_T|C,22033_C|A,22034_A|G,22200_T|G,22208_C|T,22295_C|A,22353_C|A,22556_A|G,22577_G|C,22578_G|A,22629_A|C,22674_C|T,22679_T|C,22686_C|T,22688_A|G,22770_G|A,22775_G|A,22786_A|C,22813_G|T,22882_T|G,22895_G|C,22896_T|A,22898_G|A,22910_A|G,22916_C|T,22917_T|G,22926_T|C,22942_T|A,22992_G|A,22995_C|A,23005_T|A,23012_G|A,23018_T|C,23019_T|C,23055_A|G,23063_A|T,23075_T|C,23222_G|A,23271_C|T,23403_A|G,23423_C|T,23525_C|T,23599_T|G,23604_C|G,23854_C|A,23948_G|T,24378_C|T,24424_A|T,24469_T|A,24990_C|T,25000_C|T,25207_C|T,25584_C|T,26060_C|T,26270_C|T,26275_A|G,26577_C|G,26709_G|A,26858_C|T,27259_A|C,27382_G|C,27383_A|T,27384_T|C,27507_A|C,27807_C|T,27915_G|T,28271_A|T,28297_T|C,28311_C|T,28881_G|A,28882_G|A,28883_G|C,28948_C|T,29463_C|T,29510_A|C,29625_C|T,515_520,11288_11296,21633_21641,21765_21770,21992_21994,22194_22196,28362_28370,29734_29759,21608_.|TCATGCCGCTGT
Denmark/DCGC-668921/2023	XDD	241_C|T,405_A|G,670_T|G,2334_C|T,2790_C|T,3037_C|T,4184_G|A,4321_C|T,5720_G|A,6541_C|T,7842_A|G,8293_C|T,8393_G|A,9344_C|T,9424_A|G,9534_C|T,10029_C|T,10198_C|T,10447_G|A,10449_C|A,10696_T|C,11042_G|T,11727_G|A,12789_C|T,12815_C|T,12880_C|T,13339_T|C,14408_C|T,15714_C|T,15756_T|A,17410_C|T,18163_A|G,18492_A|G,18894_C|T,19955_C|T,20055_A|G,21618_C|T,21622_C|T,21624_G|C,21711_C|T,21941_G|T,21987_G|A,22032_T|C,22033_C|A,22034_A|G,22200_T|G,22208_C|T,22295_C|A,22353_C|A,22556_A|G,22577_G|C,22578_G|A,22629_A|C,22674_C|T,22679_T|C,22686_C|T,22688_A|G,22770_G|A,22775_G|A,22786_A|C,22813_G|T,22882_T|G,22895_G|C,22896_T|A,22898_G|A,22910_A|G,22916_C|T,22917_T|G,22926_T|C,22942_T|A,22992_G|A,22995_C|A,23005_T|A,23012_G|A,23018_T|C,23019_T|C,23055_A|G,23063_A|T,23075_T|C,23222_G|A,23271_C|T,23403_A|G,23423_C|T,23525_C|T,23599_T|G,23604_C|G,23854_C|A,23948_G|T,24378_C|T,24424_A|T,24469_T|A,24990_C|T,25000_C|T,25207_C|T,25584_C|T,26060_C|T,26270_C|T,26275_A|G,26577_C|G,26709_G|A,26858_C|T,27259_A|C,27382_G|C,27383_A|T,27384_T|C,27507_A|C,27807_C|T,27915_G|T,28271_A|T,28297_T|C,28311_C|T,28881_G|A,28882_G|A,28883_G|C,29510_A|C,29625_C|T,11288_11296,21633_21641,21765_21770,21992_21994,22194_22196,28362_28370,29734_29759,21608_.|TCATGCCGCTGT
Denmark/DCGC-669002/2023	XDD	241_C|T,405_A|G,670_T|G,2334_C|T,2790_C|T,3037_C|T,4184_G|A,4321_C|T,5720_G|A,6541_C|T,7842_A|G,8293_C|T,8393_G|A,9344_C|T,9424_A|G,9534_C|T,10029_C|T,10198_C|T,10447_G|A,10449_C|A,11042_G|T,11727_G|A,12789_C|T,12815_C|T,12880_C|T,13339_T|C,14408_C|T,15714_C|T,15756_T|A,17410_C|T,18163_A|G,18492_A|G,18894_C|T,19955_C|T,20055_A|G,21618_C|T,21622_C|T,21624_G|C,21711_C|T,21941_G|T,21987_G|A,22032_T|C,22033_C|A,22034_A|G,22200_T|G,22208_C|T,22295_C|A,22353_C|A,22556_A|G,22577_G|C,22578_G|A,22629_A|C,22674_C|T,22679_T|C,22686_C|T,22688_A|G,22770_G|A,22775_G|A,22786_A|C,22813_G|T,22882_T|G,22895_G|C,22896_T|A,22898_G|A,22910_A|G,22916_C|T,22917_T|G,22926_T|C,22942_T|A,22992_G|A,22995_C|A,23005_T|A,23012_G|A,23018_T|C,23019_T|C,23055_A|G,23063_A|T,23075_T|C,23222_G|A,23271_C|T,23403_A|G,23423_C|T,23525_C|T,23599_T|G,23604_C|G,23854_C|A,23948_G|T,24378_C|T,24424_A|T,24469_T|A,24990_C|T,25000_C|T,25207_C|T,25584_C|T,26060_C|T,26270_C|T,26275_A|G,26577_C|G,26709_G|A,26858_C|T,27259_A|C,27382_G|C,27383_A|T,27384_T|C,27507_A|C,27689_C|T,27807_C|T,27915_G|T,28271_A|T,28297_T|C,28311_C|T,28881_G|A,28882_G|A,28883_G|C,29510_A|C,29625_C|T,11288_11296,21633_21641,21765_21770,21992_21994,22194_22196,28362_28370,29734_29759,21608_.|TCATGCCGCTGT
Denmark/DCGC-669474/2023	XDD	203_C|T,241_C|T,405_A|G,670_T|G,2334_C|T,2790_C|T,3037_C|T,3276_C|T,4184_G|A,4321_C|T,5720_G|A,6393_A|G,6541_C|T,7842_A|G,8293_C|T,8393_G|A,9344_C|T,9424_A|G,9534_C|T,10029_C|T,10198_C|T,10447_G|A,10449_C|A,11042_G|T,11727_G|A,12789_C|T,12815_C|T,12880_C|T,13339_T|C,14408_C|T,15714_C|T,15756_T|A,17410_C|T,18163_A|G,18492_A|G,18894_C|T,19955_C|T,20055_A|G,21618_C|T,21622_C|T,21624_G|C,21711_C|T,21941_G|T,21987_G|A,22032_T|C,22033_C|A,22034_A|G,22200_T|G,22208_C|T,22295_C|A,22353_C|A,22556_A|G,22577_G|C,22578_G|A,22629_A|C,22674_C|T,22679_T|C,22686_C|T,22688_A|G,22770_G|A,22775_G|A,22786_A|C,22813_G|T,22882_T|G,22895_G|C,22896_T|A,22898_G|A,22910_A|G,22916_C|T,22917_T|G,22926_T|C,22942_T|A,22992_G|A,22995_C|A,23005_T|A,23012_G|A,23018_T|C,23019_T|C,23055_A|G,23063_A|T,23075_T|C,23222_G|A,23271_C|T,23403_A|G,23423_C|T,23525_C|T,23599_T|G,23604_C|G,23854_C|A,23948_G|T,24378_C|T,24424_A|T,24469_T|A,24990_C|T,25000_C|T,25207_C|T,25584_C|T,26060_C|T,26270_C|T,26275_A|G,26577_C|G,26709_G|A,26858_C|T,27259_A|C,27382_G|C,27383_A|T,27384_T|C,27507_A|C,27807_C|T,27915_G|T,28271_A|T,28297_T|C,28311_C|T,28881_G|A,28882_G|A,28883_G|C,29510_A|C,29625_C|T,11288_11296,21633_21641,21765_21770,21992_21994,22194_22196,28362_28370,29734_29759,21608_.|TCATGCCGCTGT
Denmark/DCGC-670428/2024	XDD	241_C|T,405_A|G,670_T|G,2334_C|T,2790_C|T,3037_C|T,4184_G|A,4321_C|T,5720_G|A,6541_C|T,7842_A|G,8293_C|T,8393_G|A,9344_C|T,9424_A|G,9534_C|T,10029_C|T,10198_C|T,10447_G|A,10449_C|A,11042_G|T,11341_A|G,11727_G|A,12789_C|T,12815_C|T,12880_C|T,13339_T|C,14408_C|T,15714_C|T,15756_T|A,17410_C|T,18163_A|G,18492_A|G,18894_C|T,19955_C|T,20055_A|G,21618_C|T,21622_C|T,21624_G|C,21711_C|T,21941_G|T,21987_G|A,22032_T|C,22033_C|A,22034_A|G,22200_T|G,22208_C|T,22295_C|A,22353_C|A,22556_A|G,22577_G|C,22578_G|A,22629_A|C,22674_C|T,22679_T|C,22686_C|T,22688_A|G,22770_G|A,22775_G|A,22786_A|C,22813_G|T,22882_T|G,22895_G|C,22896_T|A,22898_G|A,22910_A|G,22916_C|T,22917_T|G,22926_T|C,22942_T|A,22992_G|A,22995_C|A,23005_T|A,23012_G|A,23018_T|C,23019_T|C,23055_A|G,23063_A|T,23075_T|C,23222_G|A,23271_C|T,23403_A|G,23423_C|T,23525_C|T,23599_T|G,23604_C|G,23854_C|A,23948_G|T,24130_C|T,24378_C|T,24424_A|T,24469_T|A,24990_C|T,25000_C|T,25207_C|T,25584_C|T,26060_C|T,26270_C|T,26275_A|G,26577_C|G,26709_G|A,26858_C|T,27259_A|C,27382_G|C,27383_A|T,27384_T|C,27507_A|C,27807_C|T,27915_G|T,28271_A|T,28297_T|C,28311_C|T,28881_G|A,28882_G|A,28883_G|C,29347_C|A,29510_A|C,29625_C|T,11288_11296,21633_21641,21765_21770,21992_21994,22194_22196,28362_28370,29734_29759,21608_.|TCATGCCGCTGT
Denmark/DCGC-670483/2023	XDD	241_C|T,405_A|G,670_T|G,2334_C|T,2790_C|T,3037_C|T,4184_G|A,4321_C|T,5720_G|A,6541_C|T,7842_A|G,8293_C|T,8393_G|A,9344_C|T,9424_A|G,9534_C|T,10029_C|T,10198_C|T,10447_G|A,10449_C|A,11042_G|T,11727_G|A,12789_C|T,12815_C|T,12880_C|T,13339_T|C,14408_C|T,15714_C|T,15756_T|A,17410_C|T,18163_A|G,18492_A|G,18885_C|T,18894_C|T,19955_C|T,20055_A|G,21618_C|T,21622_C|T,21624_G|C,21711_C|T,21941_G|T,21987_G|A,22032_T|C,22033_C|A,22034_A|G,22200_T|G,22208_C|T,22295_C|A,22353_C|A,22556_A|G,22577_G|C,22578_G|A,22629_A|C,22674_C|T,22679_T|C,22686_C|T,22688_A|G,22770_G|A,22775_G|A,22786_A|C,22813_G|T,22882_T|G,22895_G|C,22896_T|A,22898_G|A,22910_A|G,22916_C|T,22917_T|G,22926_T|C,22942_T|A,22992_G|A,22995_C|A,23005_T|A,23012_G|A,23018_T|C,23019_T|C,23055_A|G,23063_A|T,23075_T|C,23222_G|A,23271_C|T,23403_A|G,23423_C|T,23525_C|T,23599_T|G,23604_C|G,23854_C|A,23948_G|T,24378_C|T,24424_A|T,24469_T|A,24990_C|T,25000_C|T,25207_C|T,25584_C|T,26060_C|T,26270_C|T,26275_A|G,26577_C|G,26709_G|A,26858_C|T,27259_A|C,27382_G|C,27383_A|T,27384_T|C,27507_A|C,27807_C|T,27915_G|T,28271_A|T,28297_T|C,28311_C|T,28881_G|A,28882_G|A,28883_G|C,29022_C|T,29510_A|C,29580_C|T,29625_C|T,11288_11296,21633_21641,21765_21770,21992_21994,22194_22196,28362_28370,29734_29759,21608_.|TCATGCCGCTGT
England/WSI-331949AF/2023	XDD	241_C|T,405_A|G,670_T|G,2334_C|T,2790_C|T,3037_C|T,4184_G|A,4321_C|T,5720_G|A,6541_C|T,7842_A|G,8293_C|T,8393_G|A,9165_C|T,9344_C|T,9424_A|G,9534_C|T,10029_C|T,10198_C|T,10447_G|A,10449_C|A,11042_G|T,11727_G|A,12789_C|T,12815_C|T,12880_C|T,13339_T|C,14408_C|T,15714_C|T,15756_T|A,17410_C|T,17574_T|G,18163_A|G,18492_A|G,18894_C|T,19955_C|T,20055_A|G,20703_C|T,21618_C|T,21622_C|T,21624_G|C,21711_C|T,21941_G|T,21987_G|A,22032_T|C,22033_C|A,22034_A|G,22200_T|G,22208_C|T,22295_C|A,22353_C|A,22556_A|G,22577_G|C,22578_G|A,22629_A|C,22674_C|T,22679_T|C,22686_C|T,22688_A|G,22770_G|A,22775_G|A,22786_A|C,22813_G|T,22882_T|G,22895_G|C,22896_T|A,22898_G|A,22910_A|G,22916_C|T,22917_T|G,22926_T|C,22942_T|A,22992_G|A,22995_C|A,23005_T|A,23012_G|A,23018_T|C,23019_T|C,23055_A|G,23063_A|T,23075_T|C,23222_G|A,23271_C|T,23403_A|G,23423_C|T,23525_C|T,23599_T|G,23604_C|G,23854_C|A,23948_G|T,24378_C|T,24424_A|T,24469_T|A,24947_G|A,24990_C|T,25000_C|T,25207_C|T,25584_C|T,26060_C|T,26270_C|T,26275_A|G,26577_C|G,26709_G|A,26858_C|T,27257_T|A,27259_A|C,27382_G|C,27383_A|T,27384_T|C,27507_A|C,27807_C|T,27915_G|T,28271_A|T,28297_T|C,28311_C|T,28881_G|A,28882_G|A,28883_G|C,29510_A|C,29625_C|T,11288_11296,21633_21641,21765_21770,21992_21994,22194_22196,23009_23011,28362_28370,29734_29759,21608_.|TCATGCCGCTGT
England/WSI-331C92E2/2024	XDD	241_C|T,405_A|G,670_T|G,2334_C|T,2790_C|T,3037_C|T,4184_G|A,4321_C|T,5720_G|A,6541_C|T,7842_A|G,8293_C|T,8393_G|A,9344_C|T,9424_A|G,9534_C|T,10029_C|T,10198_C|T,10447_G|A,10449_C|A,11042_G|T,11727_G|A,12789_C|T,12815_C|T,12880_C|T,13339_T|C,14408_C|T,15714_C|T,15756_T|A,16349_C|T,17410_C|T,18163_A|G,18492_A|G,18894_C|T,19955_C|T,20055_A|G,21618_C|T,21622_C|T,21624_G|C,21678_C|A,21711_C|T,21941_G|T,21987_G|A,22032_T|C,22033_C|A,22034_A|G,22200_T|G,22208_C|T,22295_C|A,22353_C|A,22556_A|G,22577_G|C,22578_G|A,22629_A|C,22674_C|T,22679_T|C,22686_C|T,22688_A|G,22770_G|A,22775_G|A,22786_A|C,22813_G|T,22882_T|G,22895_G|C,22896_T|A,22898_G|A,22910_A|G,22916_C|T,22917_T|G,22926_T|C,22942_T|A,22992_G|A,22995_C|A,23005_T|A,23012_G|A,23018_T|C,23019_T|C,23055_A|G,23063_A|T,23075_T|C,23222_G|A,23271_C|T,23403_A|G,23423_C|T,23525_C|T,23599_T|G,23604_C|G,23854_C|A,23948_G|T,24378_C|T,24424_A|T,24469_T|A,24990_C|T,25000_C|T,25207_C|T,25584_C|T,26060_C|T,26270_C|T,26275_A|G,26577_C|G,26709_G|A,26858_C|T,27259_A|C,27382_G|C,27383_A|T,27384_T|C,27507_A|C,27807_C|T,27915_G|T,28271_A|T,28297_T|C,28311_C|T,28881_G|A,28882_G|A,28883_G|C,29510_A|C,29625_C|T,11288_11296,21633_21641,21765_21770,21992_21994,22194_22196,23009_23011,28362_28370,29734_29759,21608_.|TCATGCCGCTGT
FRA/012-0032-B-K_2401V230161/2023	XDD	241_C|T,405_A|G,670_T|G,1353_A|C,2334_C|T,2790_C|T,3037_C|T,4184_G|A,4321_C|T,5720_G|A,6541_C|T,7842_A|G,8293_C|T,8393_G|A,9344_C|T,9424_A|G,9534_C|T,10029_C|T,10198_C|T,10447_G|A,10449_C|A,11042_G|T,11727_G|A,12789_C|T,12815_C|T,12880_C|T,13339_T|C,14408_C|T,15714_C|T,15756_T|A,17410_C|T,18163_A|G,18492_A|G,18894_C|T,19955_C|T,20055_A|G,21618_C|T,21622_C|T,21624_G|C,21711_C|T,21941_G|T,21987_G|A,22032_T|C,22033_C|A,22034_A|G,22200_T|G,22208_C|T,22295_C|A,22353_C|A,22556_A|G,22577_G|C,22578_G|A,22629_A|C,22674_C|T,22679_T|C,22686_C|T,22688_A|G,22770_G|A,22775_G|A,22786_A|C,22813_G|T,22882_T|G,22895_G|C,22896_T|A,22898_G|A,22910_A|G,22916_C|T,22917_T|G,22926_T|C,22942_T|A,22992_G|A,22995_C|A,23005_T|A,23012_G|A,23018_T|C,23019_T|C,23055_A|G,23063_A|T,23075_T|C,23222_G|A,23271_C|T,23403_A|G,23423_C|T,23525_C|T,23599_T|G,23604_C|G,23854_C|A,23948_G|T,24378_C|T,24424_A|T,24469_T|A,24990_C|T,25000_C|T,25207_C|T,25461_T|C,25584_C|T,26060_C|T,26270_C|T,26275_A|G,26709_G|A,26858_C|T,27259_A|C,27382_G|C,27383_A|T,27384_T|C,27507_A|C,27807_C|T,27915_G|T,28271_A|T,28297_T|C,28311_C|T,28881_G|A,28882_G|A,28883_G|C,29510_A|C,29625_C|T,11288_11296,21633_21641,21765_21770,21992_21994,22194_22196,23009_23011,28362_28370,29734_29759,21608_.|TCATGCCGCTGT
OY836674	XDD	241_C|T,405_A|G,670_T|G,2334_C|T,2790_C|T,3037_C|T,4184_G|A,4321_C|T,5720_G|A,6541_C|T,7842_A|G,8293_C|T,8393_G|A,9344_C|T,9424_A|G,9534_C|T,10029_C|T,10198_C|T,10447_G|A,10449_C|A,11042_G|T,11727_G|A,12789_C|T,12815_C|T,12880_C|T,13339_T|C,14408_C|T,15714_C|T,15756_T|A,17410_C|T,18163_A|G,18492_A|G,18894_C|T,19955_C|T,20055_A|G,21711_C|T,21941_G|T,21987_G|A,22032_T|C,22033_C|A,22034_A|G,22200_T|G,22208_C|T,22295_C|A,22353_C|A,22556_A|G,22577_G|C,22578_G|A,22629_A|C,22674_C|T,22679_T|C,22686_C|T,22688_A|G,22775_G|A,22786_A|C,22813_G|T,22882_T|G,22895_G|C,22896_T|A,22898_G|A,22910_A|G,22916_C|T,22917_T|G,22926_T|C,22942_T|A,22992_G|A,22995_C|A,23005_T|A,23012_G|A,23018_T|C,23019_T|C,23055_A|G,23063_A|T,23075_T|C,23222_G|A,23271_C|T,23403_A|G,23423_C|T,23525_C|T,23599_T|G,23604_C|G,23854_C|A,23948_G|T,24378_C|T,24424_A|T,24469_T|A,24990_C|T,25000_C|T,25207_C|T,25584_C|T,26060_C|T,26270_C|T,26275_A|G,26577_C|G,26709_G|A,26858_C|T,27259_A|C,27382_G|C,27383_A|T,27384_T|C,27507_A|C,27807_C|T,27915_G|T,28271_A|T,28297_T|C,28311_C|T,28881_G|A,28882_G|A,28883_G|C,29510_A|C,29625_C|T,22194_22196
OY985642	XDD	241_C|T,405_A|G,670_T|G,2334_C|T,2790_C|T,3037_C|T,4184_G|A,4321_C|T,6393_A|G,6541_C|T,7842_A|G,8293_C|T,8393_G|A,9344_C|T,9424_A|G,9534_C|T,10029_C|T,10198_C|T,10447_G|A,10449_C|A,11042_G|T,11727_G|A,12789_C|T,12815_C|T,12880_C|T,13339_T|C,14408_C|T,15714_C|T,15756_T|A,17410_C|T,18163_A|G,18492_A|G,18894_C|T,19955_C|T,20055_A|G,21711_C|T,21941_G|T,21987_G|A,22032_T|C,22033_C|A,22034_A|G,22200_T|G,22208_C|T,22295_C|A,22353_C|A,22556_A|G,22577_G|C,22578_G|A,22629_A|C,22674_C|T,22679_T|C,22686_C|T,22688_A|G,22775_G|A,22786_A|C,22813_G|T,22882_T|G,22895_G|C,22896_T|A,22898_G|A,22910_A|G,22916_C|T,22917_T|G,22926_T|C,22942_T|A,22992_G|A,22995_C|A,23005_T|A,23012_G|A,23018_T|C,23019_T|C,23055_A|G,23063_A|T,23075_T|C,23222_G|A,23271_C|T,23403_A|G,23423_C|T,23525_C|T,23599_T|G,23604_C|G,23854_C|A,23948_G|T,24378_C|T,24424_A|T,24469_T|A,24990_C|T,25000_C|T,25207_C|T,25584_C|T,26060_C|T,26270_C|T,26275_A|G,26577_C|G,26709_G|A,26858_C|T,27259_A|C,27382_G|C,27383_A|T,27384_T|C,27507_A|C,27807_C|T,27915_G|T,28271_A|T,28297_T|C,28311_C|T,28881_G|A,28882_G|A,28883_G|C,29510_A|C,29625_C|T,11288_11296,21765_21770,21992_21994,22194_22196,23009_23011,28362_28370,29734_29759
OY985775	XDD	241_C|T,405_A|G,670_T|G,2334_C|T,2790_C|T,3037_C|T,3307_G|T,4184_G|A,4321_C|T,5720_G|A,6541_C|T,7842_A|G,8293_C|T,8393_G|A,9344_C|T,9424_A|G,9534_C|T,10029_C|T,10198_C|T,10447_G|A,10449_C|A,11042_G|T,11727_G|A,12789_C|T,12815_C|T,12880_C|T,13339_T|C,14408_C|T,15714_C|T,15756_T|A,17410_C|T,18163_A|G,18492_A|G,18894_C|T,19955_C|T,20055_A|G,21711_C|T,21941_G|T,21987_G|A,22032_T|C,22033_C|A,22034_A|G,22200_T|G,22208_C|T,22295_C|A,22353_C|A,22556_A|G,22577_G|C,22578_G|A,22629_A|C,22674_C|T,22679_T|C,22686_C|T,22688_A|G,22775_G|A,22786_A|C,22813_G|T,22882_T|G,22895_G|C,22896_T|A,22898_G|A,22910_A|G,22916_C|T,22917_T|G,22926_T|C,22942_T|A,22992_G|A,22995_C|A,23005_T|A,23012_G|A,23018_T|C,23019_T|C,23055_A|G,23063_A|T,23075_T|C,23222_G|A,23271_C|T,23403_A|G,23423_C|T,23525_C|T,23599_T|G,23604_C|G,23854_C|A,23948_G|T,24378_C|T,24424_A|T,24469_T|A,24990_C|T,25000_C|T,25207_C|T,25584_C|T,26060_C|T,26270_C|T,26275_A|G,26577_C|G,26709_G|A,26858_C|T,27259_A|C,27382_G|C,27383_A|T,27384_T|C,27507_A|C,27807_C|T,27915_G|T,28271_A|T,28297_T|C,28311_C|T,28881_G|A,28882_G|A,28883_G|C,29510_A|C,29625_C|T,11288_11296,21992_21994,22194_22196,23009_23011,28362_28370,29734_29759
OY986340	XDD	241_C|T,405_A|G,670_T|G,2334_C|T,2790_C|T,3037_C|T,4184_G|A,4321_C|T,5720_G|A,6393_A|G,6541_C|T,7842_A|G,8293_C|T,8393_G|A,9344_C|T,9424_A|G,9534_C|T,10029_C|T,10198_C|T,10447_G|A,10449_C|A,11042_G|T,11727_G|A,12789_C|T,12815_C|T,12880_C|T,13339_T|C,14408_C|T,15714_C|T,15756_T|A,17410_C|T,18163_A|G,18492_A|G,18894_C|T,19955_C|T,20055_A|G,21641_G|T,21711_C|T,21941_G|T,21987_G|A,22032_T|C,22033_C|A,22034_A|G,22200_T|G,22208_C|T,22295_C|A,22353_C|A,22556_A|G,22577_G|C,22578_G|A,22629_A|C,22674_C|T,22679_T|C,22686_C|T,22688_A|G,22775_G|A,22786_A|C,22813_G|T,22882_T|G,22895_G|C,22896_T|A,22898_G|A,22910_A|G,22916_C|T,22917_T|G,22926_T|C,22942_T|A,22992_G|A,22995_C|A,23005_T|A,23012_G|A,23018_T|C,23019_T|C,23055_A|G,23063_A|T,23075_T|C,23222_G|A,23271_C|T,23403_A|G,23423_C|T,23525_C|T,23599_T|G,23604_C|G,23854_C|A,23948_G|T,24378_C|T,24424_A|T,24469_T|A,24990_C|T,25000_C|T,25207_C|T,25584_C|T,26060_C|T,26270_C|T,26275_A|G,26577_C|G,26709_G|A,26858_C|T,27259_A|C,27382_G|C,27383_A|T,27384_T|C,27507_A|C,27807_C|T,27915_G|T,28271_A|T,28297_T|C,28311_C|T,28881_G|A,28882_G|A,28883_G|C,29510_A|C,29625_C|T,22194_22196
OY986387	XDD	241_C|T,405_A|G,670_T|G,2334_C|T,2790_C|T,3037_C|T,4184_G|A,4321_C|T,5720_G|A,6393_A|G,6541_C|T,7842_A|G,8293_C|T,8393_G|A,9344_C|T,9424_A|G,9534_C|T,10029_C|T,10198_C|T,10447_G|A,10449_C|A,11042_G|T,11727_G|A,12789_C|T,12815_C|T,12880_C|T,13339_T|C,14408_C|T,15714_C|T,15756_T|A,17410_C|T,18163_A|G,18492_A|G,18894_C|T,19955_C|T,20055_A|G,21711_C|T,21941_G|T,21987_G|A,22032_T|C,22033_C|A,22034_A|G,22200_T|G,22208_C|T,22295_C|A,22353_C|A,22556_A|G,22577_G|C,22578_G|A,22629_A|C,22674_C|T,22679_T|C,22686_C|T,22688_A|G,22775_G|A,22786_A|C,22813_G|T,22882_T|G,22895_G|C,22896_T|A,22898_G|A,22910_A|G,22916_C|T,22917_T|G,22926_T|C,22942_T|A,22992_G|A,22995_C|A,23005_T|A,23012_G|A,23018_T|C,23019_T|C,23055_A|G,23063_A|T,23075_T|C,23222_G|A,23271_C|T,23403_A|G,23423_C|T,23525_C|T,23599_T|G,23604_C|G,23854_C|A,23948_G|T,24378_C|T,24424_A|T,24469_T|A,24990_C|T,25000_C|T,25207_C|T,25584_C|T,26060_C|T,26270_C|T,26275_A|G,26577_C|G,26709_G|A,26858_C|T,27259_A|C,27382_G|C,27383_A|T,27384_T|C,27507_A|C,27807_C|T,27915_G|T,28271_A|T,28297_T|C,28311_C|T,28881_G|A,28882_G|A,28883_G|C,29510_A|C,29625_C|T,22194_22196
OY986392	XDD	241_C|T,405_A|G,670_T|G,2334_C|T,2790_C|T,3037_C|T,4184_G|A,4321_C|T,5720_G|A,6393_A|G,6541_C|T,7842_A|G,8293_C|T,8393_G|A,9344_C|T,9424_A|G,9534_C|T,10029_C|T,10198_C|T,10447_G|A,10449_C|A,11042_G|T,11727_G|A,12789_C|T,12815_C|T,12880_C|T,13339_T|C,14408_C|T,15714_C|T,15756_T|A,17410_C|T,18163_A|G,18492_A|G,18894_C|T,19955_C|T,20055_A|G,21641_G|T,21711_C|T,21941_G|T,21987_G|A,22032_T|C,22033_C|A,22034_A|G,22200_T|G,22208_C|T,22295_C|A,22353_C|A,22556_A|G,22577_G|C,22578_G|A,22629_A|C,22674_C|T,22679_T|C,22686_C|T,22688_A|G,22775_G|A,22786_A|C,22813_G|T,22882_T|G,22895_G|C,22896_T|A,22898_G|A,22910_A|G,22916_C|T,22917_T|G,22926_T|C,22942_T|A,22992_G|A,22995_C|A,23005_T|A,23012_G|A,23018_T|C,23019_T|C,23055_A|G,23063_A|T,23075_T|C,23222_G|A,23271_C|T,23403_A|G,23423_C|T,23525_C|T,23599_T|G,23604_C|G,23854_C|A,23948_G|T,24378_C|T,24424_A|T,24469_T|A,24990_C|T,25000_C|T,25207_C|T,25584_C|T,26060_C|T,26270_C|T,26275_A|G,26577_C|G,26709_G|A,26858_C|T,27259_A|C,27382_G|C,27383_A|T,27384_T|C,27507_A|C,27807_C|T,27915_G|T,28271_A|T,28297_T|C,28311_C|T,28881_G|A,28882_G|A,28883_G|C,29510_A|C,29625_C|T,22194_22196
OY986461	XDD	241_C|T,405_A|G,670_T|G,2334_C|T,2790_C|T,3037_C|T,4184_G|A,4321_C|T,5720_G|A,6393_A|G,6541_C|T,7842_A|G,8293_C|T,8393_G|A,9344_C|T,9424_A|G,9534_C|T,10029_C|T,10198_C|T,10447_G|A,10449_C|A,11042_G|T,11727_G|A,12789_C|T,12815_C|T,12880_C|T,13339_T|C,14408_C|T,15714_C|T,15756_T|A,17410_C|T,18163_A|G,18492_A|G,18894_C|T,19955_C|T,20055_A|G,21711_C|T,21941_G|T,21987_G|A,22032_T|C,22033_C|A,22034_A|G,22200_T|G,22208_C|T,22295_C|A,22353_C|A,22556_A|G,22577_G|C,22578_G|A,22629_A|C,22674_C|T,22679_T|C,22686_C|T,22688_A|G,22775_G|A,22786_A|C,22813_G|T,22882_T|G,22895_G|C,22896_T|A,22898_G|A,22910_A|G,22916_C|T,22917_T|G,22926_T|C,22942_T|A,22992_G|A,22995_C|A,23005_T|A,23012_G|A,23018_T|C,23019_T|C,23055_A|G,23063_A|T,23075_T|C,23222_G|A,23271_C|T,23403_A|G,23423_C|T,23525_C|T,23599_T|G,23604_C|G,23854_C|A,23948_G|T,24378_C|T,24424_A|T,24469_T|A,24990_C|T,25000_C|T,25207_C|T,25584_C|T,26060_C|T,26270_C|T,26275_A|G,26577_C|G,26709_G|A,26858_C|T,27259_A|C,27382_G|C,27383_A|T,27384_T|C,27507_A|C,27807_C|T,27915_G|T,28271_A|T,28297_T|C,28311_C|T,28881_G|A,28882_G|A,28883_G|C,29510_A|C,29625_C|T,22194_22196
OY986482	XDD	241_C|T,405_A|G,670_T|G,2334_C|T,2790_C|T,3037_C|T,4184_G|A,4321_C|T,5720_G|A,6393_A|G,6541_C|T,7842_A|G,8293_C|T,8393_G|A,9344_C|T,9424_A|G,9534_C|T,10029_C|T,10198_C|T,10447_G|A,10449_C|A,11042_G|T,11727_G|A,12789_C|T,12815_C|T,12880_C|T,13339_T|C,14408_C|T,15714_C|T,15756_T|A,17410_C|T,18163_A|G,18492_A|G,18894_C|T,19955_C|T,20055_A|G,21641_G|T,21711_C|T,21941_G|T,21987_G|A,22032_T|C,22033_C|A,22034_A|G,22200_T|G,22208_C|T,22295_C|A,22353_C|A,22556_A|G,22577_G|C,22578_G|A,22629_A|C,22674_C|T,22679_T|C,22686_C|T,22688_A|G,22775_G|A,22786_A|C,22813_G|T,22882_T|G,22895_G|C,22896_T|A,22898_G|A,22910_A|G,22916_C|T,22917_T|G,22926_T|C,22942_T|A,22992_G|A,22995_C|A,23005_T|A,23012_G|A,23018_T|C,23019_T|C,23055_A|G,23063_A|T,23075_T|C,23222_G|A,23271_C|T,23403_A|G,23423_C|T,23525_C|T,23599_T|G,23604_C|G,23854_C|A,23948_G|T,24378_C|T,24424_A|T,24469_T|A,24990_C|T,25000_C|T,25207_C|T,25584_C|T,26060_C|T,26270_C|T,26275_A|G,26577_C|G,26709_G|A,26858_C|T,27259_A|C,27382_G|C,27383_A|T,27384_T|C,27507_A|C,27807_C|T,27915_G|T,28271_A|T,28297_T|C,28311_C|T,28881_G|A,28882_G|A,28883_G|C,29510_A|C,29625_C|T,22194_22196
OY988202	XDD	241_C|T,405_A|G,670_T|G,1314_C|T,2334_C|T,2790_C|T,3037_C|T,4184_G|A,4321_C|T,5720_G|A,6541_C|T,7842_A|G,8293_C|T,8393_G|A,9344_C|T,9424_A|G,9534_C|T,10029_C|T,10198_C|T,10447_G|A,10449_C|A,11042_G|T,11727_G|A,12789_C|T,12815_C|T,12880_C|T,13339_T|C,14408_C|T,15714_C|T,15756_T|A,17410_C|T,18163_A|G,18492_A|G,18894_C|T,19955_C|T,20055_A|G,21618_C|T,21622_C|T,21624_G|C,21711_C|T,21941_G|T,21987_G|A,22032_T|C,22033_C|A,22034_A|G,22200_T|G,22208_C|T,22295_C|A,22353_C|A,22556_A|G,22577_G|C,22578_G|A,22629_A|C,22674_C|T,22679_T|C,22686_C|T,22688_A|G,22770_G|A,22775_G|A,22786_A|C,22813_G|T,22882_T|G,22895_G|C,22896_T|A,22898_G|A,22910_A|G,22916_C|T,22917_T|G,22926_T|C,22942_T|A,22992_G|A,22995_C|A,23005_T|A,23012_G|A,23018_T|C,23019_T|C,23055_A|G,23063_A|T,23075_T|C,23222_G|A,23271_C|T,23403_A|G,23423_C|T,23525_C|T,23599_T|G,23604_C|G,23854_C|A,23948_G|T,24378_C|T,24424_A|T,24469_T|A,24990_C|T,25000_C|T,25207_C|T,25584_C|T,25993_G|A,26060_C|T,26270_C|T,26275_A|G,26577_C|G,26709_G|A,26858_C|T,27259_A|C,27382_G|C,27383_A|T,27384_T|C,27507_A|C,27807_C|T,27915_G|T,28271_A|T,28297_T|C,28311_C|T,28881_G|A,28882_G|A,28883_G|C,29510_A|C,29625_C|T,11288_11296,21633_21641,21765_21770,21992_21994,22194_22196,23009_23011,28362_28370,29734_29759,21607_.|GNNNNNNNNNNN
OY989631	XDD	44_C|T,241_C|T,405_A|G,670_T|G,1314_C|T,2334_C|T,2790_C|T,3037_C|T,4184_G|A,4321_C|T,5720_G|A,6541_C|T,7842_A|G,8293_C|T,8393_G|A,9344_C|T,9424_A|G,9534_C|T,10029_C|T,10198_C|T,10447_G|A,10449_C|A,11042_G|T,11727_G|A,12789_C|T,12815_C|T,12880_C|T,13339_T|C,14408_C|T,15714_C|T,15756_T|A,17410_C|T,18163_A|G,18492_A|G,18894_C|T,19955_C|T,20055_A|G,21618_C|T,21622_C|T,21624_G|C,21711_C|T,21941_G|T,21987_G|A,22032_T|C,22033_C|A,22034_A|G,22200_T|G,22208_C|T,22295_C|A,22353_C|A,22556_A|G,22577_G|C,22578_G|A,22629_A|C,22674_C|T,22679_T|C,22686_C|T,22688_A|G,22770_G|A,22775_G|A,22786_A|C,22813_G|T,22882_T|G,22895_G|C,22896_T|A,22898_G|A,22910_A|G,22916_C|T,22917_T|G,22926_T|C,22942_T|A,22992_G|A,22995_C|A,23005_T|A,23012_G|A,23018_T|C,23019_T|C,23055_A|G,23063_A|T,23075_T|C,23222_G|A,23271_C|T,23403_A|G,23423_C|T,23525_C|T,23599_T|G,23604_C|G,23854_C|A,23948_G|T,24378_C|T,24424_A|T,24469_T|A,24990_C|T,25000_C|T,25207_C|T,25584_C|T,25993_G|A,26060_C|T,26270_C|T,26275_A|G,26577_C|G,26709_G|A,26858_C|T,27259_A|C,27382_G|C,27383_A|T,27384_T|C,27507_A|C,27807_C|T,27915_G|T,28271_A|T,28297_T|C,28311_C|T,28881_G|A,28882_G|A,28883_G|C,29510_A|C,29625_C|T,11288_11296,21633_21641,21765_21770,21992_21994,22194_22196,23009_23011,28362_28370,29734_29759,21607_.|GNNNNNNNNNNN
OY989883	XDD	241_C|T,405_A|G,670_T|G,2334_C|T,2790_C|T,3037_C|T,4184_G|A,4321_C|T,6541_C|T,7842_A|G,8293_C|T,8393_G|A,9344_C|T,9424_A|G,9534_C|T,10029_C|T,10198_C|T,10447_G|A,10449_C|A,11042_G|T,11223_T|C,11727_G|A,12789_C|T,12815_C|T,12880_C|T,13339_T|C,14408_C|T,15714_C|T,15756_T|A,17410_C|T,18163_A|G,18492_A|G,18894_C|T,19955_C|T,20055_A|G,21641_G|T,21711_C|T,21941_G|T,21987_G|A,22032_T|C,22033_C|A,22034_A|G,22200_T|G,22208_C|T,22295_C|A,22353_C|A,22556_A|G,22577_G|C,22578_G|A,22629_A|C,22674_C|T,22679_T|C,22686_C|T,22688_A|G,22775_G|A,22786_A|C,22813_G|T,22882_T|G,22895_G|C,22896_T|A,22898_G|A,22910_A|G,22916_C|T,22917_T|G,22926_T|C,22942_T|A,22992_G|A,22995_C|A,23005_T|A,23012_G|A,23018_T|C,23019_T|C,23055_A|G,23063_A|T,23075_T|C,23222_G|A,23271_C|T,23403_A|G,23423_C|T,23525_C|T,23599_T|G,23604_C|G,23854_C|A,23948_G|T,24378_C|T,24424_A|T,24469_T|A,24990_C|T,25000_C|T,25207_C|T,25584_C|T,26060_C|T,26270_C|T,26275_A|G,26577_C|G,26709_G|A,26858_C|T,27259_A|C,27382_G|C,27383_A|T,27384_T|C,27507_A|C,27807_C|T,27915_G|T,28271_A|T,28297_T|C,28311_C|T,28881_G|A,28882_G|A,28883_G|C,29510_A|C,29625_C|T,29693_T|A,22194_22196,23009_23011,28362_28370
OY990572	XDD	241_C|T,405_A|G,670_T|G,2334_C|T,2790_C|T,3037_C|T,4184_G|A,4321_C|T,6393_A|G,6541_C|T,7842_A|G,8293_C|T,8393_G|A,9344_C|T,9424_A|G,9534_C|T,10029_C|T,10198_C|T,10447_G|A,10449_C|A,11042_G|T,11727_G|A,12789_C|T,12815_C|T,12880_C|T,13339_T|C,14408_C|T,15714_C|T,15756_T|A,17410_C|T,18163_A|G,18492_A|G,18894_C|T,19955_C|T,20055_A|G,21711_C|T,21941_G|T,21987_G|A,22032_T|C,22033_C|A,22034_A|G,22200_T|G,22208_C|T,22295_C|A,22353_C|A,22556_A|G,22577_G|C,22578_G|A,22629_A|C,22674_C|T,22679_T|C,22686_C|T,22688_A|G,22775_G|A,22786_A|C,22813_G|T,22882_T|G,22895_G|C,22896_T|A,22898_G|A,22910_A|G,22916_C|T,22917_T|G,22926_T|C,22942_T|A,22992_G|A,22995_C|A,23005_T|A,23012_G|A,23018_T|C,23019_T|C,23055_A|G,23063_A|T,23075_T|C,23222_G|A,23271_C|T,23403_A|G,23423_C|T,23525_C|T,23599_T|G,23604_C|G,23854_C|A,23948_G|T,24378_C|T,24424_A|T,24469_T|A,24990_C|T,25000_C|T,25207_C|T,25584_C|T,26060_C|T,26270_C|T,26275_A|G,26577_C|G,26709_G|A,26858_C|T,27259_A|C,27382_G|C,27383_A|T,27384_T|C,27507_A|C,27807_C|T,27915_G|T,28271_A|T,28297_T|C,28311_C|T,28881_G|A,28882_G|A,28883_G|C,29510_A|C,29625_C|T,11288_11296,21765_21770,21992_21994,22194_22196,23009_23011,28362_28370,29734_29759
OY990590	XDD	241_C|T,405_A|G,670_T|G,2334_C|T,2790_C|T,3037_C|T,4184_G|A,4321_C|T,6541_C|T,7842_A|G,8293_C|T,8393_G|A,9344_C|T,9424_A|G,9534_C|T,10029_C|T,10198_C|T,10447_G|A,10449_C|A,11042_G|T,11727_G|A,11953_T|C,12789_C|T,12815_C|T,12880_C|T,13339_T|C,14408_C|T,15714_C|T,15756_T|A,17410_C|T,18163_A|G,18492_A|G,18894_C|T,19955_C|T,20055_A|G,21711_C|T,21941_G|T,21987_G|A,22032_T|C,22033_C|A,22034_A|G,22200_T|G,22208_C|T,22295_C|A,22353_C|A,22556_A|G,22577_G|C,22578_G|A,22629_A|C,22674_C|T,22679_T|C,22686_C|T,22688_A|G,22775_G|A,22786_A|C,22813_G|T,22882_T|G,22895_G|C,22896_T|A,22898_G|A,22910_A|G,22916_C|T,22917_T|G,22926_T|C,22942_T|A,22992_G|A,22995_C|A,23005_T|A,23012_G|A,23018_T|C,23019_T|C,23055_A|G,23063_A|T,23075_T|C,23222_G|A,23271_C|T,23403_A|G,23423_C|T,23525_C|T,23599_T|G,23604_C|G,23854_C|A,23948_G|T,24378_C|T,24424_A|T,24469_T|A,24990_C|T,25000_C|T,25207_C|T,25584_C|T,26060_C|T,26270_C|T,26275_A|G,26577_C|G,26709_G|A,26858_C|T,27259_A|C,27382_G|C,27383_A|T,27384_T|C,27507_A|C,27807_C|T,27915_G|T,28271_A|T,28297_T|C,28311_C|T,28881_G|A,28882_G|A,28883_G|C,29510_A|C,29625_C|T,11288_11296,21765_21770,21992_21994,22194_22196,23009_23011,28362_28370,29734_29759
OY990608	XDD	241_C|T,405_A|G,670_T|G,2334_C|T,2790_C|T,3037_C|T,4184_G|A,4321_C|T,5720_G|A,6541_C|T,7842_A|G,8293_C|T,8393_G|A,9344_C|T,9424_A|G,9534_C|T,10029_C|T,10198_C|T,10447_G|A,10449_C|A,11042_G|T,11727_G|A,12789_C|T,12815_C|T,12880_C|T,13339_T|C,14408_C|T,15714_C|T,15756_T|A,17410_C|T,18163_A|G,18492_A|G,18894_C|T,19955_C|T,20055_A|G,21641_G|T,21711_C|T,21941_G|T,21987_G|A,22032_T|C,22033_C|A,22034_A|G,22200_T|G,22208_C|T,22295_C|A,22353_C|A,22556_A|G,22577_G|C,22578_G|A,22629_A|C,22674_C|T,22679_T|C,22686_C|T,22688_A|G,22775_G|A,22786_A|C,22813_G|T,22882_T|G,22895_G|C,22896_T|A,22898_G|A,22910_A|G,22916_C|T,22917_T|G,22926_T|C,22942_T|A,22992_G|A,22995_C|A,23005_T|A,23012_G|A,23018_T|C,23019_T|C,23055_A|G,23063_A|T,23075_T|C,23222_G|A,23271_C|T,23403_A|G,23423_C|T,23525_C|T,23599_T|G,23604_C|G,23854_C|A,23948_G|T,24378_C|T,24424_A|T,24469_T|A,24990_C|T,25000_C|T,25207_C|T,25584_C|T,26060_C|T,26270_C|T,26275_A|G,26577_C|G,26709_G|A,26858_C|T,27259_A|C,27382_G|C,27383_A|T,27384_T|C,27507_A|C,27807_C|T,27915_G|T,28271_A|T,28297_T|C,28311_C|T,28881_G|A,28882_G|A,28883_G|C,29510_A|C,29625_C|T,22194_22196,29734_29759
OY990847	XDD	241_C|T,405_A|G,670_T|G,2334_C|T,2790_C|T,3037_C|T,4184_G|A,4321_C|T,5720_G|A,6541_C|T,7842_A|G,8293_C|T,8393_G|A,9344_C|T,9424_A|G,9534_C|T,10029_C|T,10198_C|T,10447_G|A,10449_C|A,11042_G|T,11727_G|A,12789_C|T,12815_C|T,12880_C|T,13339_T|C,14408_C|T,15714_C|T,15756_T|A,17410_C|T,18163_A|G,18492_A|G,18894_C|T,19955_C|T,20055_A|G,21711_C|T,21941_G|T,21987_G|A,22032_T|C,22033_C|A,22034_A|G,22200_T|G,22208_C|T,22295_C|A,22353_C|A,22556_A|G,22577_G|C,22578_G|A,22629_A|C,22674_C|T,22679_T|C,22686_C|T,22688_A|G,22775_G|A,22786_A|C,22813_G|T,22882_T|G,22895_G|C,22896_T|A,22898_G|A,22910_A|G,22916_C|T,22917_T|G,22926_T|C,22942_T|A,22992_G|A,22995_C|A,23005_T|A,23012_G|A,23018_T|C,23019_T|C,23055_A|G,23063_A|T,23075_T|C,23222_G|A,23271_C|T,23403_A|G,23423_C|T,23525_C|T,23599_T|G,23604_C|G,23854_C|A,23948_G|T,24378_C|T,24424_A|T,24469_T|A,24990_C|T,25000_C|T,25207_C|T,25584_C|T,26060_C|T,26270_C|T,26275_A|G,26577_C|G,26709_G|A,26858_C|T,27259_A|C,27382_G|C,27383_A|T,27384_T|C,27507_A|C,27807_C|T,27915_G|T,28271_A|T,28297_T|C,28311_C|T,28881_G|A,28882_G|A,28883_G|C,29510_A|C,29625_C|T,22194_22196,29734_29759
OY990852	XDD	241_C|T,405_A|G,670_T|G,2334_C|T,2790_C|T,3037_C|T,4184_G|A,4321_C|T,6393_A|G,6541_C|T,7842_A|G,8293_C|T,8393_G|A,9344_C|T,9424_A|G,9534_C|T,10029_C|T,10198_C|T,10447_G|A,10449_C|A,11042_G|T,11727_G|A,12789_C|T,12815_C|T,12880_C|T,13339_T|C,14408_C|T,15714_C|T,15756_T|A,17410_C|T,18163_A|G,18492_A|G,18894_C|T,19955_C|T,20055_A|G,21711_C|T,21941_G|T,21987_G|A,22032_T|C,22033_C|A,22034_A|G,22200_T|G,22208_C|T,22295_C|A,22353_C|A,22556_A|G,22577_G|C,22578_G|A,22629_A|C,22674_C|T,22679_T|C,22686_C|T,22688_A|G,22775_G|A,22786_A|C,22813_G|T,22882_T|G,22895_G|C,22896_T|A,22898_G|A,22910_A|G,22916_C|T,22917_T|G,22926_T|C,22942_T|A,22992_G|A,22995_C|A,23005_T|A,23012_G|A,23018_T|C,23019_T|C,23055_A|G,23063_A|T,23075_T|C,23222_G|A,23271_C|T,23403_A|G,23423_C|T,23525_C|T,23599_T|G,23604_C|G,23854_C|A,23948_G|T,24378_C|T,24424_A|T,24469_T|A,24990_C|T,25000_C|T,25207_C|T,25584_C|T,26060_C|T,26270_C|T,26275_A|G,26577_C|G,26709_G|A,26858_C|T,27259_A|C,27382_G|C,27383_A|T,27384_T|C,27507_A|C,27807_C|T,27915_G|T,28271_A|T,28297_T|C,28311_C|T,28881_G|A,28882_G|A,28883_G|C,29510_A|C,29625_C|T,11288_11296,21765_21770,21992_21994,22194_22196,23009_23011,28362_28370,29734_29759
OY991094	XDD	241_C|T,405_A|G,670_T|G,2334_C|T,2790_C|T,3037_C|T,4184_G|A,4321_C|T,5720_G|A,6541_C|T,7842_A|G,8293_C|T,8393_G|A,9344_C|T,9424_A|G,9534_C|T,10029_C|T,10198_C|T,10447_G|A,10449_C|A,11042_G|T,11727_G|A,12789_C|T,12815_C|T,12880_C|T,13339_T|C,14408_C|T,15714_C|T,15756_T|A,17410_C|T,18163_A|G,18492_A|G,18894_C|T,19955_C|T,20055_A|G,21618_C|T,21622_C|T,21624_G|C,21711_C|T,21941_G|T,21987_G|A,22032_T|C,22033_C|A,22034_A|G,22200_T|G,22208_C|T,22295_C|A,22353_C|A,22556_A|G,22577_G|C,22578_G|A,22629_A|C,22672_T|C,22674_C|T,22679_T|C,22686_C|T,22688_A|G,22770_G|A,22775_G|A,22786_A|C,22813_G|T,22882_T|G,22895_G|C,22896_T|A,22898_G|A,22910_A|G,22916_C|T,22917_T|G,22926_T|C,22942_T|A,22992_G|A,22995_C|A,23005_T|A,23012_G|A,23018_T|C,23019_T|C,23055_A|G,23063_A|T,23075_T|C,23222_G|A,23271_C|T,23403_A|G,23423_C|T,23525_C|T,23599_T|G,23604_C|G,23854_C|A,23948_G|T,24378_C|T,24424_A|T,24469_T|A,24990_C|T,25000_C|T,25207_C|T,25297_G|A,25584_C|T,25973_A|G,26060_C|T,26270_C|T,26275_A|G,26577_C|G,26709_G|A,26858_C|T,27259_A|C,27382_G|C,27383_A|T,27384_T|C,27507_A|C,27807_C|T,27915_G|T,28271_A|T,28297_T|C,28311_C|T,28881_G|A,28882_G|A,28883_G|C,29510_A|C,29625_C|T,11288_11296,21633_21641,21765_21770,21992_21994,22194_22196,23009_23011,28362_28370,29734_29759,21608_.|TCATGCCGCTGT
OY991097	XDD	241_C|T,405_A|G,670_T|G,2334_C|T,2790_C|T,3037_C|T,4184_G|A,4321_C|T,5720_G|A,6541_C|T,7842_A|G,8293_C|T,8393_G|A,9344_C|T,9424_A|G,9534_C|T,10029_C|T,10198_C|T,10447_G|A,10449_C|A,11042_G|T,11727_G|A,12789_C|T,12815_C|T,12880_C|T,13339_T|C,14408_C|T,15714_C|T,15756_T|A,17410_C|T,18163_A|G,18492_A|G,18894_C|T,19955_C|T,20055_A|G,21618_C|T,21622_C|T,21624_G|C,21711_C|T,21941_G|T,21987_G|A,22032_T|C,22033_C|A,22034_A|G,22200_T|G,22208_C|T,22295_C|A,22353_C|A,22556_A|G,22577_G|C,22578_G|A,22629_A|C,22672_T|C,22674_C|T,22679_T|C,22686_C|T,22688_A|G,22770_G|A,22775_G|A,22786_A|C,22813_G|T,22882_T|G,22895_G|C,22896_T|A,22898_G|A,22910_A|G,22916_C|T,22917_T|G,22926_T|C,22942_T|A,22992_G|A,22995_C|A,23005_T|A,23012_G|A,23018_T|C,23019_T|C,23055_A|G,23063_A|T,23075_T|C,23222_G|A,23271_C|T,23403_A|G,23423_C|T,23525_C|T,23599_T|G,23604_C|G,23854_C|A,23948_G|T,24378_C|T,24424_A|T,24469_T|A,24990_C|T,25000_C|T,25207_C|T,25297_G|A,25584_C|T,25973_A|G,26060_C|T,26270_C|T,26275_A|G,26577_C|G,26709_G|A,26858_C|T,27259_A|C,27382_G|C,27383_A|T,27384_T|C,27507_A|C,27807_C|T,27915_G|T,28271_A|T,28297_T|C,28311_C|T,28313_C|T,28881_G|A,28882_G|A,28883_G|C,29510_A|C,29625_C|T,11288_11296,21633_21641,21765_21770,21992_21994,22194_22196,23009_23011,28362_28370,29734_29759,21608_.|TCATGCCGCTGT
OY991187	XDD	241_C|T,405_A|G,670_T|G,2334_C|T,2790_C|T,3037_C|T,4184_G|A,4321_C|T,5720_G|A,6541_C|T,7842_A|G,8293_C|T,8393_G|A,9344_C|T,9424_A|G,9534_C|T,10029_C|T,10198_C|T,10447_G|A,10449_C|A,11042_G|T,11727_G|A,12789_C|T,12815_C|T,12880_C|T,13339_T|C,13806_C|T,14408_C|T,15714_C|T,15756_T|A,17410_C|T,18163_A|G,18492_A|G,18894_C|T,19955_C|T,20055_A|G,20776_A|G,21618_C|T,21621_C|T,21622_C|T,21624_G|C,21711_C|T,21941_G|T,21987_G|A,22032_T|C,22033_C|A,22034_A|G,22200_T|G,22208_C|T,22295_C|A,22353_C|A,22556_A|G,22577_G|C,22578_G|A,22629_A|C,22672_T|C,22674_C|T,22679_T|C,22686_C|T,22688_A|G,22770_G|A,22775_G|A,22786_A|C,22813_G|T,22882_T|G,22895_G|C,22896_T|A,22898_G|A,22910_A|G,22916_C|T,22917_T|G,22926_T|C,22942_T|A,22992_G|A,22995_C|A,23005_T|A,23012_G|A,23018_T|C,23019_T|C,23055_A|G,23063_A|T,23075_T|C,23222_G|A,23271_C|T,23403_A|G,23423_C|T,23525_C|T,23599_T|G,23604_C|G,23854_C|A,23948_G|T,24378_C|T,24424_A|T,24469_T|A,24990_C|T,25000_C|T,25207_C|T,25297_G|A,25584_C|T,25973_A|G,26060_C|T,26270_C|T,26275_A|G,26577_C|G,26709_G|A,26858_C|T,27259_A|C,27382_G|C,27383_A|T,27384_T|C,27507_A|C,27807_C|T,27915_G|T,28271_A|T,28297_T|C,28311_C|T,28881_G|A,28882_G|A,28883_G|C,29510_A|C,29625_C|T,11288_11296,21633_21641,21765_21770,21992_21994,22194_22196,23009_23011,28362_28370,29734_29759,21608_.|TCATGCCGCTGT
OY991251	XDD	241_C|T,256_G|A,405_A|G,670_T|G,2334_C|T,2790_C|T,3037_C|T,4184_G|A,4321_C|T,5720_G|A,6541_C|T,7842_A|G,8293_C|T,8393_G|A,9344_C|T,9424_A|G,9534_C|T,10029_C|T,10198_C|T,10447_G|A,10449_C|A,11042_G|T,11727_G|A,12789_C|T,12815_C|T,12880_C|T,13339_T|C,14408_C|T,15714_C|T,15756_T|A,17410_C|T,18163_A|G,18492_A|G,18894_C|T,19955_C|T,20055_A|G,21618_C|T,21622_C|T,21624_G|C,21711_C|T,21941_G|T,21987_G|A,22032_T|C,22033_C|A,22034_A|G,22200_T|G,22208_C|T,22295_C|A,22353_C|A,22556_A|G,22577_G|C,22578_G|A,22629_A|C,22674_C|T,22679_T|C,22686_C|T,22688_A|G,22716_C|T,22770_G|A,22775_G|A,22786_A|C,22813_G|T,22882_T|G,22895_G|C,22896_T|A,22898_G|A,22910_A|G,22916_C|T,22917_T|G,22926_T|C,22942_T|A,22992_G|A,22995_C|A,23005_T|A,23012_G|A,23018_T|C,23019_T|C,23055_A|G,23063_A|T,23075_T|C,23222_G|A,23271_C|T,23403_A|G,23423_C|T,23525_C|T,23599_T|G,23604_C|G,23854_C|A,23948_G|T,24378_C|T,24424_A|T,24469_T|A,24990_C|T,25000_C|T,25207_C|T,25584_C|T,26060_C|T,26270_C|T,26275_A|G,26577_C|G,26709_G|A,26858_C|T,27259_A|C,27382_G|C,27383_A|T,27384_T|C,27507_A|C,27807_C|T,27915_G|T,28271_A|T,28297_T|C,28311_C|T,28881_G|A,28882_G|A,28883_G|C,29510_A|C,29625_C|T,11288_11296,21633_21641,21765_21770,21992_21994,22194_22196,23009_23011,28362_28370,29734_29759,21608_.|TCATGCCGCTGT
OY996200	XDD	241_C|T,405_A|G,670_T|G,2334_C|T,2790_C|T,3037_C|T,4184_G|A,4321_C|T,5720_G|A,6541_C|T,7842_A|G,8293_C|T,8393_G|A,9344_C|T,9424_A|G,9534_C|T,10029_C|T,10198_C|T,10447_G|A,10449_C|A,11042_G|T,11727_G|A,12789_C|T,12815_C|T,12880_C|T,13339_T|C,14408_C|T,15714_C|T,15756_T|A,17410_C|T,18163_A|G,18492_A|G,18894_C|T,19955_C|T,20055_A|G,21618_C|T,21622_C|T,21624_G|C,21711_C|T,21941_G|T,21987_G|A,22032_T|C,22033_C|A,22034_A|G,22200_T|G,22208_C|T,22295_C|A,22353_C|A,22556_A|G,22577_G|C,22578_G|A,22629_A|C,22674_C|T,22679_T|C,22686_C|T,22688_A|G,22770_G|A,22775_G|A,22786_A|C,22813_G|T,22882_T|G,22895_G|C,22896_T|A,22898_G|A,22910_A|G,22916_C|T,22917_T|G,22926_T|C,22942_T|A,22992_G|A,22995_C|A,23005_T|A,23012_G|A,23018_T|C,23019_T|C,23055_A|G,23063_A|T,23075_T|C,23222_G|A,23271_C|T,23403_A|G,23423_C|T,23525_C|T,23599_T|G,23604_C|G,23854_C|A,23948_G|T,24378_C|T,24424_A|T,24469_T|A,24990_C|T,25000_C|T,25207_C|T,25297_G|A,25584_C|T,26060_C|T,26270_C|T,26275_A|G,26577_C|G,26709_G|A,26858_C|T,27259_A|C,27382_G|C,27383_A|T,27384_T|C,27507_A|C,27807_C|T,27915_G|T,28271_A|T,28297_T|C,28311_C|T,28881_G|A,28882_G|A,28883_G|C,29510_A|C,29625_C|T,11288_11296,21633_21641,21765_21770,21992_21994,22194_22196,23009_23011,28362_28370,29734_29759,21608_.|TCATGCCGCTGT
OY996293	XDD	44_C|T,241_C|T,405_A|G,670_T|G,1314_C|T,2334_C|T,2790_C|T,3037_C|T,4184_G|A,4321_C|T,5720_G|A,6541_C|T,7842_A|G,8293_C|T,8393_G|A,9344_C|T,9424_A|G,9534_C|T,10029_C|T,10198_C|T,10447_G|A,10449_C|A,11042_G|T,11727_G|A,12789_C|T,12815_C|T,12880_C|T,13339_T|C,14408_C|T,15714_C|T,15756_T|A,17410_C|T,18163_A|G,18492_A|G,18894_C|T,19955_C|T,20055_A|G,21618_C|T,21622_C|T,21624_G|C,21711_C|T,21941_G|T,21987_G|A,22032_T|C,22033_C|A,22034_A|G,22200_T|G,22208_C|T,22295_C|A,22353_C|A,22556_A|G,22577_G|C,22578_G|A,22629_A|C,22674_C|T,22679_T|C,22686_C|T,22688_A|G,22775_G|A,22786_A|C,22813_G|T,22882_T|G,22895_G|C,22896_T|A,22898_G|A,22910_A|G,22916_C|T,22917_T|G,22926_T|C,22942_T|A,22992_G|A,22995_C|A,23005_T|A,23012_G|A,23018_T|C,23019_T|C,23055_A|G,23063_A|T,23075_T|C,23222_G|A,23271_C|T,23403_A|G,23423_C|T,23525_C|T,23599_T|G,23604_C|G,23854_C|A,23948_G|T,24378_C|T,24424_A|T,24469_T|A,24990_C|T,25000_C|T,25207_C|T,25584_C|T,25993_G|A,26060_C|T,26270_C|T,26275_A|G,26577_C|G,26709_G|A,26858_C|T,27259_A|C,27382_G|C,27383_A|T,27384_T|C,27507_A|C,27807_C|T,27915_G|T,28271_A|T,28297_T|C,28311_C|T,28881_G|A,28882_G|A,28883_G|C,29510_A|C,29625_C|T,11288_11296,21633_21641,21765_21770,21992_21994,22194_22196,23009_23011,28362_28370,29734_29759,21607_.|GNNNNNNNNNNN
OY996379	XDD	241_C|T,405_A|G,670_T|G,2334_C|T,2790_C|T,3037_C|T,4184_G|A,4321_C|T,5720_G|A,6541_C|T,7842_A|G,8293_C|T,8393_G|A,9344_C|T,9424_A|G,9534_C|T,10029_C|T,10198_C|T,10447_G|A,10449_C|A,11042_G|T,11727_G|A,12789_C|T,12815_C|T,12880_C|T,13339_T|C,14408_C|T,15714_C|T,15756_T|A,17410_C|T,18163_A|G,18492_A|G,18894_C|T,19955_C|T,20055_A|G,21618_C|T,21622_C|T,21624_G|C,21711_C|T,21941_G|T,21987_G|A,22032_T|C,22033_C|A,22034_A|G,22200_T|G,22208_C|T,22295_C|A,22353_C|A,22556_A|G,22577_G|C,22578_G|A,22629_A|C,22672_T|C,22674_C|T,22679_T|C,22686_C|T,22688_A|G,22770_G|A,22775_G|A,22786_A|C,22813_G|T,22882_T|G,22895_G|C,22896_T|A,22898_G|A,22910_A|G,22916_C|T,22917_T|G,22926_T|C,22942_T|A,22992_G|A,22995_C|A,23005_T|A,23012_G|A,23018_T|C,23019_T|C,23055_A|G,23063_A|T,23075_T|C,23222_G|A,23271_C|T,23403_A|G,23423_C|T,23525_C|T,23599_T|G,23604_C|G,23854_C|A,23948_G|T,24378_C|T,24424_A|T,24469_T|A,24990_C|T,25000_C|T,25207_C|T,25297_G|A,25584_C|T,25973_A|G,26060_C|T,26270_C|T,26275_A|G,26577_C|G,26709_G|A,26858_C|T,27259_A|C,27382_G|C,27383_A|T,27384_T|C,27507_A|C,27807_C|T,27915_G|T,28271_A|T,28297_T|C,28311_C|T,28313_C|T,28881_G|A,28882_G|A,28883_G|C,29510_A|C,29625_C|T,11288_11296,21633_21641,21765_21770,21992_21994,22194_22196,23009_23011,28362_28370,29734_29759,21608_.|TCATGCCGCTGT
OY996461	XDD	44_C|T,241_C|T,405_A|G,670_T|G,1314_C|T,2334_C|T,2790_C|T,3037_C|T,4184_G|A,4321_C|T,5720_G|A,6541_C|T,7842_A|G,8293_C|T,8393_G|A,9344_C|T,9424_A|G,9534_C|T,10029_C|T,10198_C|T,10447_G|A,10449_C|A,11042_G|T,11727_G|A,12789_C|T,12815_C|T,12880_C|T,13339_T|C,14408_C|T,15714_C|T,15756_T|A,17410_C|T,18163_A|G,18492_A|G,18894_C|T,19955_C|T,20055_A|G,21618_C|T,21622_C|T,21624_G|C,21711_C|T,21941_G|T,21987_G|A,22032_T|C,22033_C|A,22034_A|G,22200_T|G,22208_C|T,22295_C|A,22353_C|A,22556_A|G,22577_G|C,22578_G|A,22629_A|C,22674_C|T,22679_T|C,22686_C|T,22688_A|G,22775_G|A,22786_A|C,22813_G|T,22882_T|G,22895_G|C,22896_T|A,22898_G|A,22910_A|G,22916_C|T,22917_T|G,22926_T|C,22942_T|A,22992_G|A,22995_C|A,23005_T|A,23012_G|A,23018_T|C,23019_T|C,23055_A|G,23063_A|T,23075_T|C,23222_G|A,23271_C|T,23403_A|G,23423_C|T,23525_C|T,23599_T|G,23604_C|G,23854_C|A,23948_G|T,24378_C|T,24424_A|T,24469_T|A,24990_C|T,25000_C|T,25207_C|T,25584_C|T,25993_G|A,26060_C|T,26270_C|T,26275_A|G,26577_C|G,26709_G|A,26858_C|T,27259_A|C,27382_G|C,27383_A|T,27384_T|C,27507_A|C,27807_C|T,27915_G|T,28271_A|T,28297_T|C,28311_C|T,28881_G|A,28882_G|A,28883_G|C,29510_A|C,29625_C|T,11288_11296,21633_21641,21765_21770,21992_21994,22194_22196,23009_23011,28362_28370,29734_29759,21607_.|GNNNNNNNNNNN
OY996477	XDD	44_C|T,241_C|T,405_A|G,670_T|G,1314_C|T,2334_C|T,2790_C|T,3037_C|T,4184_G|A,4321_C|T,5720_G|A,6541_C|T,7842_A|G,8293_C|T,8393_G|A,9344_C|T,9424_A|G,9534_C|T,10029_C|T,10198_C|T,10447_G|A,10449_C|A,11042_G|T,11727_G|A,12789_C|T,12815_C|T,12880_C|T,13339_T|C,14408_C|T,15714_C|T,15756_T|A,17410_C|T,18163_A|G,18492_A|G,18894_C|T,19955_C|T,20055_A|G,21618_C|T,21622_C|T,21624_G|C,21711_C|T,21941_G|T,21987_G|A,22032_T|C,22033_C|A,22034_A|G,22200_T|G,22208_C|T,22295_C|A,22353_C|A,22556_A|G,22577_G|C,22578_G|A,22629_A|C,22674_C|T,22679_T|C,22686_C|T,22688_A|G,22775_G|A,22786_A|C,22813_G|T,22882_T|G,22895_G|C,22896_T|A,22898_G|A,22910_A|G,22916_C|T,22917_T|G,22926_T|C,22942_T|A,22992_G|A,22995_C|A,23005_T|A,23012_G|A,23018_T|C,23019_T|C,23055_A|G,23063_A|T,23075_T|C,23222_G|A,23271_C|T,23403_A|G,23423_C|T,23525_C|T,23599_T|G,23604_C|G,23854_C|A,23948_G|T,24378_C|T,24424_A|T,24469_T|A,24990_C|T,25000_C|T,25207_C|T,25584_C|T,25993_G|A,26060_C|T,26270_C|T,26275_A|G,26577_C|G,26709_G|A,26858_C|T,27259_A|C,27382_G|C,27383_A|T,27384_T|C,27507_A|C,27807_C|T,27915_G|T,28271_A|T,28297_T|C,28311_C|T,28881_G|A,28882_G|A,28883_G|C,29510_A|C,29625_C|T,11288_11296,21633_21641,21765_21770,21992_21994,22194_22196,23009_23011,28362_28370,29734_29759,21607_.|GNNNNNNNNNNN
OY996985	XDD	241_C|T,405_A|G,670_T|G,1093_C|T,2334_C|T,2790_C|T,3037_C|T,3692_G|T,4184_G|A,4321_C|T,5720_G|A,6541_C|T,7842_A|G,8293_C|T,8393_G|A,9344_C|T,9424_A|G,9534_C|T,10029_C|T,10198_C|T,10447_G|A,10449_C|A,11042_G|T,11727_G|A,12789_C|T,12815_C|T,12880_C|T,13339_T|C,14408_C|T,15714_C|T,15756_T|A,17410_C|T,18163_A|G,18492_A|G,18894_C|T,19955_C|T,20055_A|G,21711_C|T,21941_G|T,21987_G|A,22032_T|C,22033_C|A,22034_A|G,22200_T|G,22208_C|T,22295_C|A,22353_C|A,22556_A|G,22577_G|C,22578_G|A,22629_A|C,22674_C|T,22679_T|C,22686_C|T,22688_A|G,22775_G|A,22786_A|C,22813_G|T,22882_T|G,22895_G|C,22896_T|A,22898_G|A,22910_A|G,22916_C|T,22917_T|G,22926_T|C,22942_T|A,22992_G|A,22995_C|A,23005_T|A,23012_G|A,23018_T|C,23019_T|C,23055_A|G,23063_A|T,23075_T|C,23222_G|A,23271_C|T,23403_A|G,23423_C|T,23525_C|T,23599_T|G,23604_C|G,23854_C|A,23948_G|T,24378_C|T,24424_A|T,24469_T|A,24990_C|T,25000_C|T,25207_C|T,25584_C|T,26060_C|T,26270_C|T,26275_A|G,26577_C|G,26709_G|A,26858_C|T,27259_A|C,27382_G|C,27383_A|T,27384_T|C,27507_A|C,27807_C|T,27915_G|T,28271_A|T,28297_T|C,28311_C|T,28881_G|A,28882_G|A,28883_G|C,29510_A|C,29625_C|T,22194_22196
OY997780	XDD	241_C|T,405_A|G,670_T|G,2334_C|T,2790_C|T,3037_C|T,4184_G|A,4321_C|T,5720_G|A,6541_C|T,7842_A|G,8293_C|T,8393_G|A,9344_C|T,9424_A|G,9534_C|T,10029_C|T,10198_C|T,10447_G|A,10449_C|A,11042_G|T,11727_G|A,12789_C|T,12815_C|T,12880_C|T,13011_C|T,13339_T|C,14408_C|T,15714_C|T,15756_T|A,17410_C|T,18163_A|G,18492_A|G,18894_C|T,19955_C|T,20055_A|G,21641_G|T,21711_C|T,21941_G|T,21987_G|A,22032_T|C,22033_C|A,22034_A|G,22200_T|G,22208_C|T,22295_C|A,22353_C|A,22556_A|G,22577_G|C,22578_G|A,22629_A|C,22674_C|T,22679_T|C,22686_C|T,22688_A|G,22775_G|A,22786_A|C,22813_G|T,22882_T|G,22895_G|C,22896_T|A,22898_G|A,22910_A|G,22916_C|T,22917_T|G,22926_T|C,22942_T|A,22992_G|A,22995_C|A,23005_T|A,23012_G|A,23018_T|C,23019_T|C,23055_A|G,23063_A|T,23075_T|C,23222_G|A,23271_C|T,23403_A|G,23423_C|T,23525_C|T,23599_T|G,23604_C|G,23854_C|A,23948_G|T,24378_C|T,24424_A|T,24469_T|A,24990_C|T,25000_C|T,25207_C|T,25584_C|T,25916_C|T,26060_C|T,26270_C|T,26275_A|G,26577_C|G,26709_G|A,26858_C|T,27259_A|C,27382_G|C,27383_A|T,27384_T|C,27507_A|C,27549_C|T,27807_C|T,27915_G|T,28271_A|T,28297_T|C,28311_C|T,28881_G|A,28882_G|A,28883_G|C,29510_A|C,29625_C|T,29762_C|T,11288_11296,21992_21994,22194_22196,28362_28370
OY998023	XDD	241_C|T,405_A|G,670_T|G,2334_C|T,2790_C|T,3037_C|T,4184_G|A,4321_C|T,6541_C|T,7842_A|G,8293_C|T,8393_G|A,9344_C|T,9424_A|G,9534_C|T,10029_C|T,10198_C|T,10447_G|A,10449_C|A,11042_G|T,11727_G|A,12789_C|T,12815_C|T,12880_C|T,13339_T|C,14408_C|T,15714_C|T,15756_T|A,17410_C|T,17944_G|A,18163_A|G,18492_A|G,18894_C|T,19955_C|T,20055_A|G,21618_C|T,21622_C|T,21711_C|T,21941_G|T,21987_G|A,22032_T|C,22033_C|A,22034_A|G,22200_T|G,22208_C|T,22295_C|A,22353_C|A,22556_A|G,22577_G|C,22578_G|A,22629_A|C,22674_C|T,22679_T|C,22686_C|T,22688_A|G,22775_G|A,22786_A|C,22813_G|T,22882_T|G,22895_G|C,22896_T|A,22898_G|A,22910_A|G,22916_C|T,22917_T|G,22926_T|C,22942_T|A,22992_G|A,22995_C|A,23005_T|A,23012_G|A,23018_T|C,23019_T|C,23055_A|G,23063_A|T,23075_T|C,23222_G|A,23271_C|T,23403_A|G,23423_C|T,23525_C|T,23599_T|G,23604_C|G,23854_C|A,23948_G|T,24378_C|T,24424_A|T,24469_T|A,24990_C|T,25000_C|T,25207_C|T,25584_C|T,26060_C|T,26270_C|T,26275_A|G,26577_C|G,26709_G|A,26858_C|T,27259_A|C,27382_G|C,27383_A|T,27384_T|C,27507_A|C,27807_C|T,27915_G|T,28271_A|T,28297_T|C,28311_C|T,28344_C|T,28881_G|A,28882_G|A,28883_G|C,29510_A|C,29625_C|T,11288_11296,21765_21770,21992_21994,22194_22196,23009_23011,28362_28370,29734_29759
OY998082	XDD	44_C|T,241_C|T,405_A|G,449_C|T,670_T|G,2334_C|T,2790_C|T,3037_C|T,3285_A|G,4184_G|A,4321_C|T,4551_C|T,5720_G|A,6541_C|T,7842_A|G,8293_C|T,8393_G|A,9344_C|T,9424_A|G,9534_C|T,10029_C|T,10198_C|T,10447_G|A,10449_C|A,11042_G|T,11727_G|A,12789_C|T,12815_C|T,12880_C|T,13339_T|C,14408_C|T,15714_C|T,15756_T|A,17410_C|T,18163_A|G,18492_A|G,18894_C|T,19789_C|A,19955_C|T,20055_A|G,21618_C|T,21622_C|T,21624_G|C,21711_C|T,21941_G|T,21987_G|A,22032_T|C,22033_C|A,22034_A|G,22200_T|G,22208_C|T,22295_C|A,22353_C|A,22556_A|G,22577_G|C,22578_G|A,22629_A|C,22674_C|T,22679_T|C,22686_C|T,22688_A|G,22770_G|A,22775_G|A,22786_A|C,22813_G|T,22882_T|G,22895_G|C,22896_T|A,22898_G|A,22910_A|G,22916_C|T,22917_T|G,22926_T|C,22942_T|A,22992_G|A,22995_C|A,23005_T|A,23012_G|A,23018_T|C,23019_T|C,23055_A|G,23063_A|T,23075_T|C,23222_G|A,23271_C|T,23403_A|G,23423_C|T,23525_C|T,23599_T|G,23604_C|G,23854_C|A,23948_G|T,24378_C|T,24424_A|T,24469_T|A,24990_C|T,25000_C|T,25207_C|T,25584_C|T,26060_C|T,26270_C|T,26275_A|G,26577_C|G,26709_G|A,26858_C|T,27259_A|C,27382_G|C,27383_A|T,27384_T|C,27507_A|C,27807_C|T,27915_G|T,28271_A|T,28297_T|C,28311_C|T,28881_G|A,28882_G|A,28883_G|C,29510_A|C,29625_C|T,11288_11296,21633_21641,21765_21770,21992_21994,22194_22196,23009_23011,28362_28370,29734_29759,21607_.|GNNNNNNNNNNN
OY998423	XDD	241_C|T,405_A|G,670_T|G,2334_C|T,2790_C|T,3037_C|T,4184_G|A,4321_C|T,5720_G|A,6541_C|T,7842_A|G,8293_C|T,8393_G|A,9344_C|T,9424_A|G,9534_C|T,10029_C|T,10198_C|T,10447_G|A,10449_C|A,11042_G|T,11727_G|A,12789_C|T,12815_C|T,12880_C|T,13339_T|C,14408_C|T,15714_C|T,15756_T|A,17410_C|T,18163_A|G,18492_A|G,18894_C|T,19955_C|T,20055_A|G,21711_C|T,21941_G|T,21987_G|A,22032_T|C,22033_C|A,22034_A|G,22200_T|G,22208_C|T,22295_C|A,22320_A|G,22353_C|A,22556_A|G,22577_G|C,22578_G|A,22629_A|C,22674_C|T,22679_T|C,22686_C|T,22688_A|G,22775_G|A,22786_A|C,22813_G|T,22882_T|G,22895_G|C,22896_T|A,22898_G|A,22910_A|G,22916_C|T,22917_T|G,22926_T|C,22942_T|A,22992_G|A,22995_C|A,23005_T|A,23012_G|A,23018_T|C,23019_T|C,23055_A|G,23063_A|T,23075_T|C,23222_G|A,23271_C|T,23403_A|G,23423_C|T,23525_C|T,23599_T|G,23604_C|G,23854_C|A,23948_G|T,24378_C|T,24424_A|T,24469_T|A,24990_C|T,25000_C|T,25207_C|T,25584_C|T,26060_C|T,26270_C|T,26275_A|G,26577_C|G,26709_G|A,26858_C|T,27259_A|C,27382_G|C,27383_A|T,27384_T|C,27507_A|C,27807_C|T,27915_G|T,28271_A|T,28297_T|C,28311_C|T,28881_G|A,28882_G|A,28883_G|C,29510_A|C,29625_C|T,22194_22196
OY998649	XDD	241_C|T,405_A|G,670_T|G,2334_C|T,2790_C|T,3037_C|T,4184_G|A,4321_C|T,5720_G|A,6541_C|T,7842_A|G,8293_C|T,8393_G|A,9344_C|T,9424_A|G,9534_C|T,10029_C|T,10198_C|T,10447_G|A,10449_C|A,11042_G|T,11727_G|A,12789_C|T,12815_C|T,12880_C|T,13339_T|C,14408_C|T,15714_C|T,15756_T|A,17410_C|T,18163_A|G,18492_A|G,18894_C|T,19955_C|T,20055_A|G,21618_C|T,21622_C|T,21624_G|C,21711_C|T,21741_C|T,21941_G|T,21987_G|A,22032_T|C,22033_C|A,22034_A|G,22200_T|G,22208_C|T,22295_C|A,22324_T|C,22353_C|A,22556_A|G,22577_G|C,22578_G|A,22629_A|C,22674_C|T,22679_T|C,22686_C|T,22688_A|G,22770_G|A,22775_G|A,22786_A|C,22813_G|T,22882_T|G,22895_G|C,22896_T|A,22898_G|A,22910_A|G,22916_C|T,22917_T|G,22926_T|C,22942_T|A,22992_G|A,22995_C|A,23005_T|A,23012_G|A,23018_T|C,23019_T|C,23055_A|G,23063_A|T,23075_T|C,23222_G|A,23271_C|T,23403_A|G,23423_C|T,23525_C|T,23599_T|G,23604_C|G,23854_C|A,23948_G|T,24378_C|T,24424_A|T,24469_T|A,24990_C|T,25000_C|T,25207_C|T,25584_C|T,26060_C|T,26270_C|T,26275_A|G,26577_C|G,26709_G|A,26858_C|T,27259_A|C,27382_G|C,27383_A|T,27384_T|C,27507_A|C,27807_C|T,27915_G|T,28271_A|T,28297_T|C,28311_C|T,28344_C|T,28881_G|A,28882_G|A,28883_G|C,29510_A|C,29625_C|T,11288_11296,21633_21641,21765_21770,21992_21994,22194_22196,23009_23011,28362_28370,29734_29759,21608_.|TCATGCCGCTGT
OY998861	XDD	241_C|T,405_A|G,670_T|G,2051_G|A,2334_C|T,2790_C|T,3037_C|T,4184_G|A,4321_C|T,5720_G|A,6541_C|T,7842_A|G,8293_C|T,8393_G|A,9344_C|T,9424_A|G,9534_C|T,10029_C|T,10198_C|T,10447_G|A,10449_C|A,11042_G|T,11727_G|A,12789_C|T,12815_C|T,12880_C|T,13339_T|C,14408_C|T,15714_C|T,15756_T|A,17410_C|T,18163_A|G,18492_A|G,18894_C|T,19955_C|T,20055_A|G,21277_A|C,21618_C|T,21622_C|T,21624_G|C,21711_C|T,21941_G|T,21987_G|A,22032_T|C,22033_C|A,22034_A|G,22200_T|G,22208_C|T,22295_C|A,22353_C|A,22556_A|G,22577_G|C,22578_G|A,22629_A|C,22674_C|T,22679_T|C,22686_C|T,22688_A|G,22770_G|A,22775_G|A,22786_A|C,22813_G|T,22882_T|G,22895_G|C,22896_T|A,22898_G|A,22910_A|G,22916_C|T,22917_T|G,22926_T|C,22942_T|A,22992_G|A,22995_C|A,23005_T|A,23012_G|A,23018_T|C,23019_T|C,23055_A|G,23063_A|T,23075_T|C,23222_G|A,23271_C|T,23403_A|G,23423_C|T,23525_C|T,23599_T|G,23604_C|G,23854_C|A,23948_G|T,24378_C|T,24424_A|T,24469_T|A,24990_C|T,25000_C|T,25207_C|T,25584_C|T,26060_C|T,26270_C|T,26275_A|G,26577_C|G,26709_G|A,26858_C|T,27259_A|C,27382_G|C,27383_A|T,27384_T|C,27507_A|C,27807_C|T,27915_G|T,28271_A|T,28297_T|C,28311_C|T,28881_G|A,28882_G|A,28883_G|C,29510_A|C,29625_C|T,11288_11296,21633_21641,21765_21770,21992_21994,22194_22196,23009_23011,28362_28370,29734_29759,21608_.|TCATGCCGCTGT
OY999324	XDD	241_C|T,405_A|G,670_T|G,2334_C|T,2790_C|T,3037_C|T,4184_G|A,4321_C|T,5720_G|A,6541_C|T,7842_A|G,8293_C|T,8393_G|A,9344_C|T,9424_A|G,9534_C|T,10029_C|T,10198_C|T,10447_G|A,10449_C|A,11042_G|T,11727_G|A,12789_C|T,12815_C|T,12880_C|T,13339_T|C,14408_C|T,15714_C|T,15756_T|A,17410_C|T,18163_A|G,18492_A|G,18894_C|T,19955_C|T,20055_A|G,21618_C|T,21622_C|T,21624_G|C,21711_C|T,21941_G|T,21987_G|A,22032_T|C,22033_C|A,22034_A|G,22200_T|G,22208_C|T,22295_C|A,22353_C|A,22556_A|G,22577_G|C,22578_G|A,22629_A|C,22674_C|T,22679_T|C,22686_C|T,22688_A|G,22770_G|A,22775_G|A,22786_A|C,22813_G|T,22882_T|G,22895_G|C,22896_T|A,22898_G|A,22910_A|G,22916_C|T,22917_T|G,22926_T|C,22942_T|A,22992_G|A,22995_C|A,23005_T|A,23012_G|A,23018_T|C,23019_T|C,23055_A|G,23063_A|T,23075_T|C,23222_G|A,23271_C|T,23403_A|G,23423_C|T,23525_C|T,23599_T|G,23604_C|G,23854_C|A,23948_G|T,24378_C|T,24424_A|T,24469_T|A,24990_C|T,25000_C|T,25207_C|T,25297_G|A,25584_C|T,26060_C|T,26270_C|T,26275_A|G,26577_C|G,26709_G|A,26858_C|T,27259_A|C,27382_G|C,27383_A|T,27384_T|C,27507_A|C,27807_C|T,27915_G|T,28271_A|T,28297_T|C,28311_C|T,28881_G|A,28882_G|A,28883_G|C,29510_A|C,29625_C|T,11288_11296,21633_21641,21765_21770,21992_21994,22194_22196,23009_23011,28362_28370,29734_29759,21608_.|TCATGCCGCTGT
OZ000144	XDD	241_C|T,405_A|G,670_T|G,2334_C|T,2790_C|T,3037_C|T,4184_G|A,4321_C|T,5720_G|A,6541_C|T,6611_G|A,7842_A|G,8293_C|T,8393_G|A,9344_C|T,9424_A|G,9534_C|T,10029_C|T,10198_C|T,10447_G|A,10449_C|A,11042_G|T,11727_G|A,12789_C|T,12815_C|T,12880_C|T,13339_T|C,14408_C|T,15714_C|T,15756_T|A,17410_C|T,18163_A|G,18492_A|G,18894_C|T,19955_C|T,20055_A|G,21711_C|T,21941_G|T,21987_G|A,22032_T|C,22033_C|A,22034_A|G,22200_T|G,22208_C|T,22295_C|A,22353_C|A,22556_A|G,22577_G|C,22578_G|A,22629_A|C,22674_C|T,22679_T|C,22686_C|T,22688_A|G,22775_G|A,22786_A|C,22813_G|T,22882_T|G,22895_G|C,22896_T|A,22898_G|A,22910_A|G,22916_C|T,22917_T|G,22926_T|C,22942_T|A,22992_G|A,22995_C|A,23005_T|A,23012_G|A,23018_T|C,23019_T|C,23055_A|G,23063_A|T,23075_T|C,23222_G|A,23271_C|T,23403_A|G,23423_C|T,23525_C|T,23599_T|G,23604_C|G,23854_C|A,23948_G|T,24378_C|T,24424_A|T,24469_T|A,24990_C|T,25000_C|T,25207_C|T,25584_C|T,25714_C|T,26053_A|G,26060_C|T,26270_C|T,26275_A|G,26577_C|G,26709_G|A,26858_C|T,27259_A|C,27382_G|C,27383_A|T,27384_T|C,27507_A|C,27807_C|T,27915_G|T,28271_A|T,28297_T|C,28311_C|T,28881_G|A,28882_G|A,28883_G|C,29510_A|C,29625_C|T,22194_22196,29734
OZ000574	XDD	241_C|T,405_A|G,670_T|G,2334_C|T,2790_C|T,2881_C|T,3037_C|T,4184_G|A,4321_C|T,5720_G|A,6541_C|T,7842_A|G,8293_C|T,8393_G|A,9344_C|T,9424_A|G,9534_C|T,10029_C|T,10198_C|T,10447_G|A,10449_C|A,11042_G|T,11727_G|A,12789_C|T,12815_C|T,12880_C|T,13339_T|C,14408_C|T,15714_C|T,15756_T|A,17172_C|T,17410_C|T,18163_A|G,18492_A|G,18894_C|T,19955_C|T,20055_A|G,21610_T|C,21618_C|T,21622_C|T,21624_G|C,21711_C|T,21941_G|T,21987_G|A,22032_T|C,22033_C|A,22034_A|G,22200_T|G,22208_C|T,22295_C|A,22353_C|A,22556_A|G,22577_G|C,22578_G|A,22629_A|C,22674_C|T,22679_T|C,22686_C|T,22688_A|G,22770_G|A,22775_G|A,22786_A|C,22813_G|T,22882_T|G,22895_G|C,22896_T|A,22898_G|A,22910_A|G,22916_C|T,22917_T|G,22926_T|C,22942_T|A,22992_G|A,22995_C|A,23005_T|A,23012_G|A,23018_T|C,23019_T|C,23055_A|G,23063_A|T,23075_T|C,23222_G|A,23271_C|T,23403_A|G,23423_C|T,23525_C|T,23599_T|G,23604_C|G,23854_C|A,23948_G|T,24378_C|T,24424_A|T,24469_T|A,24990_C|T,25000_C|T,25207_C|T,25584_C|T,26060_C|T,26270_C|T,26275_A|G,26577_C|G,26709_G|A,26858_C|T,27259_A|C,27382_G|C,27383_A|T,27384_T|C,27507_A|C,27807_C|T,27915_G|T,28271_A|T,28297_T|C,28311_C|T,28881_G|A,28882_G|A,28883_G|C,29510_A|C,29625_C|T,11288_11296,21633_21641,21765_21770,21992_21994,22194_22196,23009_23011,28362_28370,29734_29759
OZ002065	XDD	241_C|T,256_G|A,405_A|G,670_T|G,2334_C|T,2790_C|T,3037_C|T,4184_G|A,4321_C|T,5720_G|A,6541_C|T,7842_A|G,8293_C|T,8393_G|A,9344_C|T,9424_A|G,9534_C|T,10029_C|T,10186_C|T,10198_C|T,10447_G|A,10449_C|A,11042_G|T,11727_G|A,12789_C|T,12815_C|T,12880_C|T,13339_T|C,14408_C|T,15714_C|T,15756_T|A,17410_C|T,18163_A|G,18492_A|G,18894_C|T,19955_C|T,20055_A|G,21610_T|C,21641_G|T,21711_C|T,21941_G|T,21987_G|A,22032_T|C,22033_C|A,22034_A|G,22200_T|G,22208_C|T,22295_C|A,22353_C|A,22556_A|G,22577_G|C,22578_G|A,22629_A|C,22674_C|T,22679_T|C,22686_C|T,22688_A|G,22716_C|T,22775_G|A,22786_A|C,22813_G|T,22882_T|G,22895_G|C,22896_T|A,22898_G|A,22910_A|G,22916_C|T,22917_T|G,22926_T|C,22942_T|A,22992_G|A,22995_C|A,23005_T|A,23012_G|A,23018_T|C,23019_T|C,23055_A|G,23063_A|T,23075_T|C,23222_G|A,23271_C|T,23403_A|G,23423_C|T,23525_C|T,23599_T|G,23604_C|G,23854_C|A,23948_G|T,24378_C|T,24424_A|T,24469_T|A,24990_C|T,25000_C|T,25207_C|T,25584_C|T,26060_C|T,26270_C|T,26275_A|G,26577_C|G,26709_G|A,26858_C|T,27259_A|C,27382_G|C,27383_A|T,27384_T|C,27507_A|C,27807_C|T,27915_G|T,28271_A|T,28297_T|C,28311_C|T,28881_G|A,28882_G|A,28883_G|C,29510_A|C,29625_C|T,11288_11296,21992_21994,22194_22196,23009_23011,28362_28370,29734_29759
OZ005151	XDD	241_C|T,405_A|G,670_T|G,1314_C|T,2334_C|T,2790_C|T,3037_C|T,4184_G|A,4321_C|T,5720_G|A,6541_C|T,7842_A|G,8293_C|T,8393_G|A,9344_C|T,9424_A|G,9532_C|T,9534_C|T,10029_C|T,10198_C|T,10447_G|A,10449_C|A,11042_G|T,11727_G|A,12789_C|T,12815_C|T,12880_C|T,13339_T|C,14408_C|T,15714_C|T,15756_T|A,16536_C|T,17410_C|T,18163_A|G,18492_A|G,18894_C|T,19955_C|T,20055_A|G,21145_C|T,21618_C|T,21622_C|T,21624_G|C,21711_C|T,21941_G|T,21987_G|A,22032_T|C,22033_C|A,22034_A|G,22200_T|G,22208_C|T,22295_C|A,22353_C|A,22556_A|G,22577_G|C,22578_G|A,22629_A|C,22674_C|T,22679_T|C,22686_C|T,22688_A|G,22775_G|A,22786_A|C,22813_G|T,22882_T|G,22895_G|C,22896_T|A,22898_G|A,22910_A|G,22916_C|T,22917_T|G,22926_T|C,22942_T|A,22992_G|A,22995_C|A,23005_T|A,23012_G|A,23018_T|C,23019_T|C,23055_A|G,23063_A|T,23075_T|C,23222_G|A,23271_C|T,23403_A|G,23423_C|T,23525_C|T,23599_T|G,23604_C|G,23854_C|A,23948_G|T,24378_C|T,24424_A|T,24469_T|A,24990_C|T,25000_C|T,25207_C|T,25584_C|T,25993_G|A,26060_C|T,26270_C|T,26275_A|G,26577_C|G,26709_G|A,26858_C|T,27259_A|C,27382_G|C,27383_A|T,27384_T|C,27507_A|T,27807_C|T,27915_G|T,28271_A|T,28297_T|C,28311_C|T,28881_G|A,28882_G|A,28883_G|C,29510_A|C,29625_C|T,11288_11296,21633_21641,21765_21770,21992_21994,22194_22196,23009_23011,28362_28370,29734_29759
OZ006532	XDD	230_C|T,241_C|T,316_T|C,405_A|G,670_T|G,2334_C|T,2790_C|T,3037_C|T,4184_G|A,4321_C|T,5720_G|A,6541_C|T,7842_A|G,8293_C|T,8393_G|A,9344_C|T,9424_A|G,9534_C|T,10029_C|T,10198_C|T,10447_G|A,10449_C|A,11042_G|T,11727_G|A,12789_C|T,12815_C|T,12880_C|T,13339_T|C,14408_C|T,15714_C|T,15756_T|A,17259_G|T,17410_C|T,18032_C|T,18163_A|G,18492_A|G,18894_C|T,19955_C|T,20055_A|G,21641_G|T,21711_C|T,21941_G|T,21987_G|A,22032_T|C,22033_C|A,22034_A|G,22200_T|G,22208_C|T,22295_C|A,22353_C|A,22556_A|G,22577_G|C,22578_G|A,22629_A|C,22674_C|T,22679_T|C,22686_C|T,22688_A|G,22775_G|A,22786_A|C,22813_G|T,22882_T|G,22895_G|C,22896_T|A,22898_G|A,22910_A|G,22916_C|T,22917_T|G,22926_T|C,22942_T|A,22992_G|A,22995_C|A,23005_T|A,23012_G|A,23018_T|C,23019_T|C,23055_A|G,23063_A|T,23075_T|C,23222_G|A,23271_C|T,23403_A|G,23423_C|T,23525_C|T,23599_T|G,23604_C|G,23854_C|A,23948_G|T,24378_C|T,24424_A|T,24469_T|A,24990_C|T,25000_C|T,25207_C|T,25584_C|T,25774_T|C,26060_C|T,26270_C|T,26275_A|G,26577_C|G,26709_G|A,26858_C|T,27259_A|C,27382_G|C,27383_A|T,27384_T|C,27507_A|C,27807_C|T,27915_G|T,28271_A|T,28297_T|C,28311_C|T,28881_G|A,28882_G|A,28883_G|C,29510_A|C,29625_C|T,22194_22196
OZ010811	XDD	241_C|T,405_A|G,670_T|G,2334_C|T,2790_C|T,3037_C|T,4184_G|A,4321_C|T,5720_G|A,6541_C|T,7842_A|G,8293_C|T,8393_G|A,9344_C|T,9424_A|G,9534_C|T,10029_C|T,10198_C|T,10447_G|A,10449_C|A,11042_G|T,11727_G|A,12789_C|T,12815_C|T,12880_C|T,13339_T|C,14408_C|T,15714_C|T,15756_T|A,17410_C|T,18163_A|G,18492_A|G,18894_C|T,19955_C|T,20055_A|G,21618_C|T,21622_C|T,21624_G|C,21711_C|T,21941_G|T,21987_G|A,22032_T|C,22033_C|A,22034_A|G,22200_T|G,22208_C|T,22295_C|A,22320_A|G,22353_C|A,22556_A|G,22577_G|C,22578_G|A,22629_A|C,22674_C|T,22679_T|C,22686_C|T,22688_A|G,22770_G|A,22775_G|A,22786_A|C,22813_G|T,22882_T|G,22895_G|C,22896_T|A,22898_G|A,22910_A|G,22916_C|T,22917_T|G,22926_T|C,22942_T|A,22992_G|A,22995_C|A,23005_T|A,23012_G|A,23018_T|C,23019_T|C,23055_A|G,23063_A|T,23075_T|C,23222_G|A,23271_C|T,23403_A|G,23423_C|T,23525_C|T,23599_T|G,23604_C|G,23854_C|A,23948_G|T,24378_C|T,24424_A|T,24469_T|A,24990_C|T,25000_C|T,25207_C|T,25584_C|T,26060_C|T,26270_C|T,26275_A|G,26577_C|G,26709_G|A,26858_C|T,27259_A|C,27382_G|C,27383_A|T,27384_T|C,27507_A|C,27807_C|T,27915_G|T,28271_A|T,28297_T|C,28311_C|T,28881_G|A,28882_G|A,28883_G|C,29510_A|C,29625_C|T,11288_11296,21633_21641,21765_21770,21992_21994,22194_22196,23009_23011,28362_28370,29734_29759,21608_.|TCATGCCGCTGT
OZ011146	XDD	241_C|T,405_A|G,670_T|G,1820_G|A,2334_C|T,2790_C|T,3037_C|T,4184_G|A,4321_C|T,4423_C|T,5720_G|A,6541_C|T,7842_A|G,8293_C|T,8393_G|A,9344_C|T,9424_A|G,9534_C|T,10029_C|T,10103_A|G,10198_C|T,10447_G|A,10449_C|A,11042_G|T,11727_G|A,12789_C|T,12815_C|T,12880_C|T,13339_T|C,14408_C|T,15714_C|T,15756_T|A,17410_C|T,18163_A|G,18492_A|G,18894_C|T,19955_C|T,20055_A|G,21618_C|T,21622_C|T,21624_G|C,21711_C|T,21941_G|T,21987_G|A,22032_T|C,22033_C|A,22034_A|G,22200_T|G,22208_C|T,22295_C|A,22353_C|A,22556_A|G,22577_G|C,22578_G|A,22629_A|C,22674_C|T,22679_T|C,22686_C|T,22688_A|G,22775_G|A,22786_A|C,22813_G|T,22882_T|G,22895_G|C,22896_T|A,22898_G|A,22910_A|G,22916_C|T,22917_T|G,22926_T|C,22942_T|A,22992_G|A,22995_C|A,23005_T|A,23012_G|A,23018_T|C,23019_T|C,23055_A|G,23063_A|T,23075_T|C,23222_G|A,23271_C|T,23401_G|T,23403_A|G,23423_C|T,23525_C|T,23599_T|G,23604_C|G,23854_C|A,23948_G|T,24378_C|T,24424_A|T,24469_T|A,24990_C|T,25000_C|T,25207_C|T,25584_C|T,26060_C|T,26270_C|T,26275_A|G,26447_C|T,26577_C|G,26709_G|A,26858_C|T,27259_A|C,27382_G|C,27383_A|T,27384_T|C,27507_A|C,27807_C|T,27915_G|T,28171_C|T,28271_A|T,28297_T|C,28311_C|T,28881_G|A,28882_G|A,28883_G|C,29510_A|C,29625_C|T,29759_G|C,11288_11296,21633_21641,21765_21770,21992_21994,22194_22196,23009_23011,28362_28370,29732_29757
OZ011306	XDD	241_C|T,256_G|A,405_A|G,670_T|G,2334_C|T,2790_C|T,3037_C|T,4184_G|A,4321_C|T,5720_G|A,6541_C|T,7842_A|G,8293_C|T,8393_G|A,9344_C|T,9424_A|G,9534_C|T,10029_C|T,10186_C|T,10198_C|T,10447_G|A,10449_C|A,11042_G|T,11727_G|A,12651_C|T,12789_C|T,12815_C|T,12880_C|T,13339_T|C,14408_C|T,15714_C|T,15756_T|A,17410_C|T,17803_T|G,18163_A|G,18492_A|G,18894_C|T,19955_C|T,20055_A|G,21711_C|T,21941_G|T,21987_G|A,22032_T|C,22033_C|A,22034_A|G,22200_T|G,22208_C|T,22295_C|A,22353_C|A,22556_A|G,22577_G|C,22578_G|A,22629_A|C,22674_C|T,22679_T|C,22686_C|T,22688_A|G,22716_C|T,22775_G|A,22786_A|C,22813_G|T,22882_T|G,22895_G|C,22896_T|A,22898_G|A,22910_A|G,22916_C|T,22917_T|G,22926_T|C,22942_T|A,22992_G|A,22995_C|A,23005_T|A,23012_G|A,23018_T|C,23019_T|C,23055_A|G,23063_A|T,23075_T|C,23222_G|A,23271_C|T,23403_A|G,23423_C|T,23525_C|T,23599_T|G,23604_C|G,23854_C|A,23948_G|T,24378_C|T,24424_A|T,24469_T|A,24990_C|T,25000_C|T,25207_C|T,25584_C|T,26060_C|T,26270_C|T,26275_A|G,26577_C|G,26709_G|A,26858_C|T,27259_A|C,27382_G|C,27383_A|T,27384_T|C,27507_A|C,27807_C|T,27915_G|T,28271_A|T,28297_T|C,28311_C|T,28881_G|A,28882_G|A,28883_G|C,29510_A|C,29625_C|T,21992_21994,22194_22196
OZ014616	XDD	241_C|T,405_A|G,670_T|G,2334_C|T,2790_C|T,3037_C|T,4184_G|A,4321_C|T,5720_G|A,6541_C|T,7842_A|G,8293_C|T,8393_G|A,9344_C|T,9424_A|G,9534_C|T,10029_C|T,10198_C|T,10447_G|A,10449_C|A,11042_G|T,11727_G|A,12789_C|T,12815_C|T,12880_C|T,13339_T|C,14408_C|T,15714_C|T,15756_T|A,17410_C|T,18163_A|G,18492_A|G,18894_C|T,19955_C|T,20055_A|G,21618_C|T,21622_C|T,21624_G|C,21711_C|T,21941_G|T,21987_G|A,22032_T|C,22033_C|A,22034_A|G,22200_T|G,22208_C|T,22295_C|A,22320_A|G,22353_C|A,22556_A|G,22577_G|C,22578_G|A,22629_A|C,22674_C|T,22679_T|C,22686_C|T,22688_A|G,22770_G|A,22775_G|A,22786_A|C,22813_G|T,22882_T|G,22895_G|C,22896_T|A,22898_G|A,22910_A|G,22916_C|T,22917_T|G,22926_T|C,22942_T|A,22992_G|A,22995_C|A,23005_T|A,23012_G|A,23018_T|C,23019_T|C,23055_A|G,23063_A|T,23075_T|C,23222_G|A,23271_C|T,23403_A|G,23423_C|T,23525_C|T,23599_T|G,23604_C|G,23854_C|A,23948_G|T,24378_C|T,24424_A|T,24469_T|A,24990_C|T,25000_C|T,25207_C|T,25584_C|T,26060_C|T,26270_C|T,26275_A|G,26577_C|G,26709_G|A,26858_C|T,27259_A|C,27382_G|C,27383_A|T,27384_T|C,27507_A|C,27807_C|T,27915_G|T,28271_A|T,28297_T|C,28311_C|T,28881_G|A,28882_G|A,28883_G|C,29510_A|C,29625_C|T,29835_C|T,11288_11296,21633_21641,21765_21770,21992_21994,22194_22196,23009_23011,28362_28370,29734_29759,21608_.|TCATGCCGCTGT
OZ015257	XDD	241_C|T,405_A|G,670_T|G,2334_C|T,2790_C|T,3037_C|T,4184_G|A,4321_C|T,5720_G|A,6541_C|T,7842_A|G,8293_C|T,8393_G|A,9344_C|T,9424_A|G,9534_C|T,10029_C|T,10198_C|T,10447_G|A,10449_C|A,11042_G|T,11727_G|A,12789_C|T,12815_C|T,12880_C|T,13339_T|C,14408_C|T,15714_C|T,15756_T|A,17410_C|T,18163_A|G,18492_A|G,18894_C|T,19955_C|T,20055_A|G,20961_T|C,21618_C|T,21622_C|T,21624_G|C,21711_C|T,21941_G|T,21987_G|A,22032_T|C,22033_C|A,22034_A|G,22200_T|G,22208_C|T,22295_C|A,22353_C|A,22556_A|G,22577_G|C,22578_G|A,22629_A|C,22674_C|T,22679_T|C,22686_C|T,22688_A|G,22770_G|A,22775_G|A,22786_A|C,22813_G|T,22882_T|G,22895_G|C,22896_T|A,22898_G|A,22910_A|G,22916_C|T,22917_T|G,22926_T|C,22942_T|A,22992_G|A,22995_C|A,23005_T|A,23012_G|A,23018_T|C,23019_T|C,23055_A|G,23063_A|T,23075_T|C,23222_G|A,23271_C|T,23403_A|G,23423_C|T,23525_C|T,23599_T|G,23604_C|G,23854_C|A,23948_G|T,24378_C|T,24424_A|T,24469_T|A,24990_C|T,25000_C|T,25207_C|T,25418_C|A,25584_C|T,26060_C|T,26270_C|T,26275_A|G,26577_C|G,26709_G|A,26858_C|T,27259_A|C,27382_G|C,27383_A|T,27384_T|C,27507_A|C,27807_C|T,27915_G|T,28271_A|T,28297_T|C,28311_C|T,28881_G|A,28882_G|A,28883_G|C,29443_A|T,29510_A|C,29625_C|T,516_518,11288_11296,21633_21641,21765_21770,21992_21994,22194_22196,23009_23011,28362_28370,29734_29759,21607_.|GNNNNNNNNNNN
OZ016089	XDD	241_C|T,405_A|G,670_T|G,913_C|T,2334_C|T,2790_C|T,3037_C|T,3729_G|A,4184_G|A,4321_C|T,5720_G|A,6541_C|T,7842_A|G,8293_C|T,8393_G|A,9344_C|T,9424_A|G,9534_C|T,10029_C|T,10198_C|T,10447_G|A,10449_C|A,11042_G|T,11727_G|A,12789_C|T,12815_C|T,12880_C|T,13339_T|C,14408_C|T,14709_T|C,15714_C|T,15756_T|A,17410_C|T,17439_C|T,18163_A|G,18492_A|G,18894_C|T,19955_C|T,20055_A|G,21618_C|T,21622_C|T,21624_G|C,21711_C|T,21941_G|T,21975_A|G,21987_G|A,22032_T|C,22033_C|A,22034_A|G,22200_T|G,22208_C|T,22295_C|A,22353_C|A,22556_A|G,22577_G|C,22578_G|A,22629_A|C,22674_C|T,22679_T|C,22686_C|T,22688_A|G,22770_G|A,22775_G|A,22786_A|C,22813_G|T,22882_T|G,22895_G|C,22896_T|A,22898_G|A,22910_A|G,22916_C|T,22917_T|G,22926_T|C,22942_T|A,22992_G|A,22995_C|A,23005_T|A,23012_G|A,23018_T|C,23019_T|C,23055_A|G,23063_A|T,23075_T|C,23222_G|A,23271_C|T,23403_A|G,23423_C|T,23525_C|T,23599_T|G,23604_C|G,23854_C|A,23948_G|T,24378_C|T,24424_A|T,24469_T|A,24990_C|T,25000_C|T,25207_C|T,25584_C|T,26060_C|T,26270_C|T,26275_A|G,26577_C|G,26709_G|A,26858_C|T,27259_A|C,27382_G|C,27383_A|T,27384_T|C,27507_A|C,27807_C|T,27915_G|T,28271_A|T,28297_T|C,28311_C|T,28881_G|A,28882_G|A,28883_G|C,29510_A|C,29625_C|T,11288_11296,21633_21641,21765_21770,21992_21994,22194_22196,23009_23011,28362_28370,29734_29759,21608_.|TCATGCCGCTGT
OZ016819	XDD	241_C|T,405_A|G,670_T|G,1093_C|T,2334_C|T,2790_C|T,3037_C|T,3692_G|T,4184_G|A,4321_C|T,5720_G|A,6541_C|T,7842_A|G,8293_C|T,8393_G|A,9344_C|T,9424_A|G,9534_C|T,10029_C|T,10198_C|T,10447_G|A,10449_C|A,11042_G|T,11727_G|A,12789_C|T,12815_C|T,12880_C|T,13339_T|C,14408_C|T,15714_C|T,15756_T|A,17410_C|T,17676_C|T,18163_A|G,18492_A|G,18894_C|T,19955_C|T,20055_A|G,21618_C|T,21622_C|T,21624_G|C,21711_C|T,21941_G|T,21987_G|A,22032_T|C,22033_C|A,22034_A|G,22176_C|T,22200_T|G,22208_C|T,22295_C|A,22353_C|A,22556_A|G,22577_G|C,22578_G|A,22629_A|C,22674_C|T,22679_T|C,22686_C|T,22688_A|G,22770_G|A,22775_G|A,22786_A|C,22813_G|T,22882_T|G,22895_G|C,22896_T|A,22898_G|A,22910_A|G,22916_C|T,22917_T|G,22926_T|C,22942_T|A,22992_G|A,22995_C|A,23005_T|A,23012_G|A,23018_T|C,23019_T|C,23055_A|G,23063_A|T,23075_T|C,23222_G|A,23271_C|T,23403_A|G,23423_C|T,23525_C|T,23599_T|G,23604_C|G,23854_C|A,23948_G|T,24378_C|T,24424_A|T,24469_T|A,24990_C|T,25000_C|T,25207_C|T,25584_C|T,26060_C|T,26270_C|T,26275_A|G,26577_C|G,26709_G|A,26858_C|T,27259_A|C,27382_G|C,27383_A|T,27384_T|C,27507_A|C,27807_C|T,27915_G|T,28271_A|T,28297_T|C,28311_C|T,28881_G|A,28882_G|A,28883_G|C,29510_A|C,29625_C|T,11288_11296,21633_21641,21765_21770,21992_21994,22194_22196,23009_23011,28362_28370,29734_29759,21607_.|GNNNNNNNNNNN
OZ017097	XDD	241_C|T,256_G|A,405_A|G,670_T|G,2334_C|T,2790_C|T,3037_C|T,4184_G|A,4321_C|T,5720_G|A,6541_C|T,7842_A|G,8293_C|T,8393_G|A,9344_C|T,9424_A|G,9534_C|T,10029_C|T,10198_C|T,10447_G|A,10449_C|A,11042_G|T,11727_G|A,12789_C|T,12815_C|T,12880_C|T,13339_T|C,14408_C|T,15714_C|T,15756_T|A,15763_C|T,17339_C|T,17410_C|T,18163_A|G,18492_A|G,18894_C|T,19338_A|G,19955_C|T,20055_A|G,21618_C|T,21622_C|T,21624_G|C,21711_C|T,21941_G|T,21987_G|A,22032_T|C,22033_C|A,22034_A|G,22200_T|G,22208_C|T,22295_C|A,22353_C|A,22556_A|G,22577_G|C,22578_G|A,22629_A|C,22674_C|T,22679_T|C,22686_C|T,22688_A|G,22716_C|T,22770_G|A,22775_G|A,22786_A|C,22813_G|T,22882_T|G,22895_G|C,22896_T|A,22898_G|A,22910_A|G,22916_C|T,22917_T|G,22926_T|C,22942_T|A,22992_G|A,22995_C|A,23005_T|A,23012_G|A,23018_T|C,23019_T|C,23055_A|G,23063_A|T,23075_T|C,23222_G|A,23271_C|T,23403_A|G,23423_C|T,23525_C|T,23599_T|G,23604_C|G,23854_C|A,23948_G|T,24378_C|T,24424_A|T,24469_T|A,24862_A|G,24990_C|T,25000_C|T,25207_C|T,25584_C|T,26060_C|T,26270_C|T,26275_A|G,26314_G|A,26577_C|G,26709_G|A,26858_C|T,27259_A|C,27382_G|C,27383_A|T,27384_T|C,27507_A|C,27807_C|T,27915_G|T,28271_A|T,28297_T|C,28311_C|T,28881_G|A,28882_G|A,28883_G|C,29510_A|C,29625_C|T,11288_11296,21633_21641,21765_21770,21992_21994,22194_22196,23009_23011,28362_28370,29734_29759,21607_.|GNNNNNNNNNNN
OZ017200	XDD	241_C|T,256_G|A,405_A|G,670_T|G,2334_C|T,2790_C|T,3037_C|T,4184_G|A,4321_C|T,5720_G|A,6541_C|T,7842_A|G,8293_C|T,8393_G|A,9344_C|T,9424_A|G,9534_C|T,10029_C|T,10198_C|T,10447_G|A,10449_C|A,11042_G|T,11727_G|A,12789_C|T,12815_C|T,12880_C|T,13339_T|C,14408_C|T,15714_C|T,15756_T|A,17410_C|T,18163_A|G,18492_A|G,18894_C|T,19955_C|T,20055_A|G,21618_C|T,21622_C|T,21624_G|C,21711_C|T,21941_G|T,21987_G|A,22032_T|C,22033_C|A,22034_A|G,22200_T|G,22208_C|T,22295_C|A,22353_C|A,22556_A|G,22577_G|C,22578_G|A,22629_A|C,22674_C|T,22679_T|C,22686_C|T,22688_A|G,22716_C|T,22770_G|A,22775_G|A,22786_A|C,22813_G|T,22882_T|G,22895_G|C,22896_T|A,22898_G|A,22910_A|G,22916_C|T,22917_T|G,22926_T|C,22942_T|A,22992_G|A,22995_C|A,23005_T|A,23012_G|A,23018_T|C,23019_T|C,23055_A|G,23063_A|T,23075_T|C,23222_G|A,23271_C|T,23403_A|G,23423_C|T,23525_C|T,23599_T|G,23604_C|G,23854_C|A,23948_G|T,24378_C|T,24424_A|T,24469_T|A,24990_C|T,25000_C|T,25207_C|T,25584_C|T,25983_A|T,26060_C|T,26270_C|T,26275_A|G,26577_C|G,26709_G|A,26858_C|T,27259_A|C,27382_G|C,27383_A|T,27384_T|C,27507_A|C,27807_C|T,27915_G|T,28271_A|T,28297_T|C,28311_C|T,28881_G|A,28882_G|A,28883_G|C,29420_C|T,29510_A|C,29523_C|T,29625_C|T,11288_11296,21633_21641,21765_21770,21992_21994,22194_22196,23009_23011,28362_28370,29734_29759,21608_.|TCATGCCGCTGT
OZ019253	XDD	241_C|T,405_A|G,670_T|G,2334_C|T,2790_C|T,3037_C|T,4184_G|A,4321_C|T,5720_G|A,6541_C|T,7842_A|G,8293_C|T,8393_G|A,9344_C|T,9424_A|G,9534_C|T,10029_C|T,10198_C|T,10447_G|A,10449_C|A,11042_G|T,11727_G|A,12789_C|T,12815_C|T,12880_C|T,13339_T|C,14408_C|T,15714_C|T,15756_T|A,17410_C|T,18163_A|G,18492_A|G,18894_C|T,19955_C|T,20055_A|G,21618_C|T,21622_C|T,21624_G|C,21711_C|T,21941_G|T,21987_G|A,22032_T|C,22033_C|A,22034_A|G,22200_T|G,22208_C|T,22295_C|A,22320_A|G,22353_C|A,22556_A|G,22577_G|C,22578_G|A,22629_A|C,22674_C|T,22679_T|C,22686_C|T,22688_A|G,22770_G|A,22775_G|A,22786_A|C,22813_G|T,22882_T|G,22895_G|C,22896_T|A,22898_G|A,22910_A|G,22916_C|T,22917_T|G,22926_T|C,22942_T|A,22992_G|A,22995_C|A,23005_T|A,23012_G|A,23018_T|C,23019_T|C,23055_A|G,23063_A|T,23075_T|C,23222_G|A,23271_C|T,23403_A|G,23423_C|T,23525_C|T,23599_T|G,23604_C|G,23854_C|A,23948_G|T,24378_C|T,24424_A|T,24469_T|A,24990_C|T,25000_C|T,25207_C|T,25584_C|T,26060_C|T,26270_C|T,26275_A|G,26577_C|G,26709_G|A,26858_C|T,27259_A|C,27382_G|C,27383_A|T,27384_T|C,27507_A|C,27807_C|T,27915_G|T,28271_A|T,28297_T|C,28311_C|T,28881_G|A,28882_G|A,28883_G|C,29510_A|C,29625_C|T,11288_11296,21633_21641,21765_21770,21992_21994,22194_22196,23009_23011,28362_28370,29734_29759,21608_.|TCATGCCGCTGT
OZ019362	XDD	241_C|T,256_G|A,405_A|G,670_T|G,2334_C|T,2790_C|T,3037_C|T,4184_G|A,4321_C|T,5720_G|A,6541_C|T,7842_A|G,8293_C|T,8393_G|A,9344_C|T,9424_A|G,9534_C|T,10029_C|T,10198_C|T,10447_G|A,10449_C|A,11042_G|T,11727_G|A,12789_C|T,12815_C|T,12880_C|T,13339_T|C,14408_C|T,15714_C|T,15756_T|A,17410_C|T,18163_A|G,18492_A|G,18894_C|T,19955_C|T,20055_A|G,21618_C|T,21622_C|T,21624_G|C,21711_C|T,21941_G|T,21987_G|A,22032_T|C,22033_C|A,22034_A|G,22200_T|G,22208_C|T,22295_C|A,22353_C|A,22556_A|G,22577_G|C,22578_G|A,22629_A|C,22674_C|T,22679_T|C,22686_C|T,22688_A|G,22716_C|T,22770_G|A,22775_G|A,22786_A|C,22813_G|T,22882_T|G,22895_G|C,22896_T|A,22898_G|A,22910_A|G,22916_C|T,22917_T|G,22926_T|C,22942_T|A,22992_G|A,22995_C|A,23005_T|A,23012_G|A,23018_T|C,23019_T|C,23055_A|G,23063_A|T,23075_T|C,23222_G|A,23271_C|T,23403_A|G,23423_C|T,23525_C|T,23599_T|G,23604_C|G,23854_C|A,23948_G|T,24378_C|T,24424_A|T,24469_T|A,24990_C|T,25000_C|T,25207_C|T,25584_C|T,25983_A|T,26060_C|T,26270_C|T,26275_A|G,26577_C|G,26709_G|A,26858_C|T,27259_A|C,27382_G|C,27383_A|T,27384_T|C,27507_A|C,27807_C|T,27915_G|T,28271_A|T,28297_T|C,28311_C|T,28881_G|A,28882_G|A,28883_G|C,29420_C|T,29510_A|C,29523_C|T,29625_C|T,11288_11296,21633_21641,21765_21770,21992_21994,22194_22196,23009_23011,28362_28370,29734_29759,21608_.|TCATGCCGCTGT
OZ020325	XDD	241_C|T,405_A|G,670_T|G,2334_C|T,2790_C|T,3037_C|T,4184_G|A,4321_C|T,5720_G|A,6541_C|T,7842_A|G,8293_C|T,8393_G|A,9344_C|T,9424_A|G,9534_C|T,10029_C|T,10198_C|T,10447_G|A,10449_C|A,11042_G|T,11727_G|A,12789_C|T,12815_C|T,12880_C|T,13339_T|C,14408_C|T,15714_C|T,15756_T|A,17410_C|T,18163_A|G,18492_A|G,18894_C|T,19955_C|T,20055_A|G,21618_C|T,21622_C|T,21624_G|C,21711_C|T,21941_G|T,21987_G|A,22032_T|C,22033_C|A,22034_A|G,22200_T|G,22208_C|T,22295_C|A,22320_A|G,22353_C|A,22556_A|G,22577_G|C,22578_G|A,22629_A|C,22674_C|T,22679_T|C,22686_C|T,22688_A|G,22770_G|A,22775_G|A,22786_A|C,22813_G|T,22882_T|G,22895_G|C,22896_T|A,22898_G|A,22910_A|G,22916_C|T,22917_T|G,22926_T|C,22942_T|A,22992_G|A,22995_C|A,23005_T|A,23012_G|A,23018_T|C,23019_T|C,23055_A|G,23063_A|T,23075_T|C,23222_G|A,23271_C|T,23403_A|G,23423_C|T,23525_C|T,23599_T|G,23604_C|G,23854_C|A,23948_G|T,24378_C|T,24424_A|T,24469_T|A,24990_C|T,25000_C|T,25207_C|T,25584_C|T,26060_C|T,26270_C|T,26275_A|G,26577_C|G,26709_G|A,26858_C|T,27259_A|C,27382_G|C,27383_A|T,27384_T|C,27507_A|C,27807_C|T,27915_G|T,28271_A|T,28297_T|C,28311_C|T,28881_G|A,28882_G|A,28883_G|C,29510_A|C,29625_C|T,11288_11296,21633_21641,21765_21770,21992_21994,22194_22196,23009_23011,28362_28370,29734_29759,21608_.|TCATGCCGCTGT
OZ020802	XDD	241_C|T,405_A|G,670_T|G,2334_C|T,2790_C|T,3037_C|T,3259_G|A,4184_G|A,4321_C|T,5720_G|A,6541_C|T,7842_A|G,8293_C|T,8393_G|A,9344_C|T,9424_A|G,9534_C|T,10029_C|T,10198_C|T,10447_G|A,10449_C|A,11042_G|T,11727_G|A,12789_C|T,12815_C|T,12880_C|T,13339_T|C,14408_C|T,15714_C|T,15756_T|A,17410_C|T,18163_A|G,18492_A|G,18894_C|T,19955_C|T,20055_A|G,21641_G|T,21711_C|T,21941_G|T,21987_G|A,22032_T|C,22033_C|A,22034_A|G,22200_T|G,22208_C|T,22295_C|A,22353_C|A,22556_A|G,22577_G|C,22578_G|A,22629_A|C,22674_C|T,22679_T|C,22686_C|T,22688_A|G,22775_G|A,22786_A|C,22813_G|T,22882_T|G,22895_G|C,22896_T|A,22898_G|A,22910_A|G,22916_C|T,22917_T|G,22926_T|C,22942_T|A,22992_G|A,22995_C|A,23005_T|A,23012_G|A,23018_T|C,23019_T|C,23055_A|G,23063_A|T,23075_T|C,23222_G|A,23271_C|T,23403_A|G,23423_C|T,23525_C|T,23599_T|G,23604_C|G,23854_C|A,23948_G|T,24378_C|T,24424_A|T,24469_T|A,24990_C|T,25000_C|T,25207_C|T,25584_C|T,26060_C|T,26270_C|T,26275_A|G,26577_C|G,26709_G|A,26858_C|T,27259_A|C,27382_G|C,27383_A|T,27384_T|C,27507_A|C,27807_C|T,27915_G|T,28271_A|T,28297_T|C,28311_C|T,28881_G|A,28882_G|A,28883_G|C,29374_G|A,29510_A|C,29625_C|T,11288_11296,21765_21770,21992_21994,22194_22196,28362_28370,29734_29759
OZ021984	XDD	241_C|T,405_A|G,670_T|G,2334_C|T,2790_C|T,3037_C|T,3829_A|G,4184_G|A,4321_C|T,6541_C|T,7842_A|G,8293_C|T,8393_G|A,9344_C|T,9424_A|G,9534_C|T,10029_C|T,10198_C|T,10447_G|A,10449_C|A,11042_G|T,11727_G|A,12789_C|T,12815_C|T,12880_C|T,13339_T|C,13474_T|A,14408_C|T,15714_C|T,15756_T|A,17410_C|T,18163_A|G,18492_A|G,18894_C|T,19955_C|T,20055_A|G,21618_C|T,21622_C|T,21624_G|C,21711_C|T,21941_G|T,21987_G|A,22032_T|C,22033_C|A,22034_A|G,22200_T|G,22208_C|T,22295_C|A,22324_T|C,22353_C|A,22381_G|T,22556_A|G,22577_G|C,22578_G|A,22629_A|C,22674_C|T,22679_T|C,22686_C|T,22688_A|G,22775_G|A,22786_A|C,22813_G|T,22882_T|G,22895_G|C,22896_T|A,22898_G|A,22910_A|G,22916_C|T,22917_T|G,22926_T|C,22942_T|A,22992_G|A,22995_C|A,23005_T|A,23012_G|A,23018_T|C,23019_T|C,23055_A|G,23063_A|T,23075_T|C,23222_G|A,23271_C|T,23403_A|G,23423_C|T,23525_C|T,23599_T|G,23604_C|G,23854_C|A,23948_G|T,24378_C|T,24424_A|T,24469_T|A,24990_C|T,25000_C|T,25207_C|T,25584_C|T,26060_C|T,26270_C|T,26275_A|G,26577_C|G,26709_G|A,26858_C|T,27259_A|C,27382_G|C,27383_A|T,27384_T|C,27507_A|C,27807_C|T,27915_G|T,28271_A|T,28297_T|C,28311_C|T,28344_C|T,28881_G|A,28882_G|A,28883_G|C,29510_A|C,29625_C|T,11288_11296,21992_21994,22194_22196,23009_23011,29734_29759
Switzerland/BE-UHB-USB_2023_11_20_4e7a05e0/2023	XDD	241_C|T,405_A|G,670_T|G,2334_C|T,2790_C|T,3037_C|T,4184_G|A,4321_C|T,5720_G|A,6541_C|T,7842_A|G,8293_C|T,8393_G|A,9344_C|T,9424_A|G,9534_C|T,10029_C|T,10198_C|T,10447_G|A,10449_C|A,11042_G|T,11727_G|A,12400_C|T,12789_C|T,12815_C|T,12880_C|T,13339_T|C,14408_C|T,15714_C|T,15756_T|A,17410_C|T,18163_A|G,18492_A|G,18894_C|T,19955_C|T,20055_A|G,21618_C|T,21622_C|T,21624_G|C,21711_C|T,21941_G|T,21987_G|A,22032_T|C,22033_C|A,22034_A|G,22200_T|G,22208_C|T,22295_C|A,22353_C|A,22556_A|G,22577_G|C,22578_G|A,22629_A|C,22674_C|T,22679_T|C,22686_C|T,22688_A|G,22770_G|A,22775_G|A,22786_A|C,22813_G|T,22882_T|G,22895_G|C,22896_T|A,22898_G|A,22910_A|G,22916_C|T,22917_T|G,22926_T|C,22942_T|A,22992_G|A,22995_C|A,23005_T|A,23012_G|A,23018_T|C,23019_T|C,23055_A|G,23063_A|T,23075_T|C,23222_G|A,23271_C|T,23403_A|G,23423_C|T,23525_C|T,23599_T|G,23604_C|G,23854_C|A,23948_G|T,24378_C|T,24424_A|T,24469_T|A,24990_C|T,25000_C|T,25207_C|T,25584_C|T,26060_C|T,26270_C|T,26275_A|G,26577_C|G,26709_G|A,26858_C|T,27259_A|C,27382_G|C,27383_A|T,27384_T|C,27507_A|C,27807_C|T,27915_G|T,28271_A|T,28297_T|C,28311_C|T,28881_G|A,28882_G|A,28883_G|C,29510_A|C,29625_C|T,11288_11296,21633_21641,21765_21770,21992_21994,22194_22196,23009_23011,28362_28370,29734_29759,29903_.|N
Switzerland/GE-HUG-43107883/2023	XDD	241_C|T,405_A|G,670_T|G,2334_C|T,2790_C|T,3037_C|T,4184_G|A,4321_C|T,4444_G|T,5720_G|A,6541_C|T,7842_A|G,8266_C|T,8293_C|T,8393_G|A,9344_C|T,9424_A|G,9534_C|T,10029_C|T,10198_C|T,10447_G|A,10449_C|A,11042_G|T,11727_G|A,12789_C|T,12815_C|T,12880_C|T,13339_T|C,14408_C|T,15714_C|T,15756_T|A,17410_C|T,18163_A|G,18492_A|G,18894_C|T,19955_C|T,20055_A|G,21618_C|T,21622_C|T,21624_G|C,21711_C|T,21941_G|T,21987_G|A,22032_T|C,22033_C|A,22034_A|G,22200_T|G,22208_C|T,22295_C|A,22353_C|A,22556_A|G,22577_G|C,22578_G|A,22629_A|C,22674_C|T,22679_T|C,22686_C|T,22688_A|G,22770_G|A,22775_G|A,22786_A|C,22813_G|T,22882_T|G,22895_G|C,22896_T|A,22898_G|A,22910_A|G,22916_C|T,22917_T|G,22926_T|C,22942_T|A,22992_G|A,22995_C|A,23005_T|A,23012_G|A,23018_T|C,23019_T|C,23055_A|G,23063_A|T,23075_T|C,23222_G|A,23271_C|T,23403_A|G,23423_C|T,23525_C|T,23599_T|G,23604_C|G,23854_C|A,23948_G|T,24378_C|T,24424_A|T,24469_T|A,24990_C|T,25000_C|T,25207_C|T,25584_C|T,26060_C|T,26270_C|T,26275_A|G,26577_C|G,26709_G|A,26858_C|T,27259_A|C,27382_G|C,27383_A|T,27384_T|C,27507_A|C,27807_C|T,27915_G|T,28271_A|T,28297_T|C,28311_C|T,28881_G|A,28882_G|A,28883_G|C,29510_A|C,29625_C|T,11288_11296,21633_21641,21765_21770,21992_21994,22194_22196,23009_23011,28362_28370,29734_29759,29903_.|N
Switzerland/GE-HUG-43161170/2023	XDD	241_C|T,405_A|G,670_T|G,2334_C|T,2790_C|T,3037_C|T,4184_G|A,4321_C|T,5720_G|A,6541_C|T,7842_A|G,8266_C|T,8293_C|T,8393_G|A,9344_C|T,9424_A|G,9534_C|T,10029_C|T,10198_C|T,10447_G|A,10449_C|A,11042_G|T,11727_G|A,12789_C|T,12815_C|T,12880_C|T,13339_T|C,14408_C|T,15714_C|T,15756_T|A,17410_C|T,18163_A|G,18492_A|G,18894_C|T,19955_C|T,20055_A|G,21618_C|T,21622_C|T,21624_G|C,21711_C|T,21941_G|T,21987_G|A,22032_T|C,22033_C|A,22034_A|G,22200_T|G,22208_C|T,22295_C|A,22353_C|A,22556_A|G,22577_G|C,22578_G|A,22629_A|C,22674_C|T,22679_T|C,22686_C|T,22688_A|G,22770_G|A,22775_G|A,22786_A|C,22813_G|T,22882_T|G,22895_G|C,22896_T|A,22898_G|A,22910_A|G,22916_C|T,22917_T|G,22926_T|C,22942_T|A,22992_G|A,22995_C|A,23005_T|A,23012_G|A,23018_T|C,23019_T|C,23055_A|G,23063_A|T,23075_T|C,23222_G|A,23271_C|T,23403_A|G,23423_C|T,23525_C|T,23599_T|G,23604_C|G,23854_C|A,23948_G|T,24378_C|T,24424_A|T,24469_T|A,24990_C|T,25000_C|T,25207_C|T,25584_C|T,26060_C|T,26270_C|T,26275_A|G,26577_C|G,26709_G|A,26858_C|T,27259_A|C,27382_G|C,27383_A|T,27384_T|C,27507_A|C,27807_C|T,27915_G|T,28271_A|T,28297_T|C,28311_C|T,28881_G|A,28882_G|A,28883_G|C,29510_A|C,29625_C|T,11288_11296,21633_21641,21765_21770,21992_21994,22194_22196,23009_23011,28362_28370,29734_29759,29903_.|N
Switzerland/VS-ICH-2240155670/2024	XDD	241_C|T,405_A|G,670_T|G,2334_C|T,2790_C|T,3037_C|T,3096_C|T,4184_G|A,4321_C|T,5720_G|A,6541_C|T,7000_C|T,7528_C|T,7842_A|G,8293_C|T,8393_G|A,9344_C|T,9424_A|G,9534_C|T,10029_C|T,10198_C|T,10447_G|A,10449_C|A,11042_G|T,11727_G|A,12789_C|T,12815_C|T,12880_C|T,13216_T|C,13339_T|C,14408_C|T,15714_C|T,15756_T|A,17410_C|T,18163_A|G,18492_A|G,18894_C|T,19955_C|T,20055_A|G,21618_C|T,21622_C|T,21624_G|C,21711_C|T,21941_G|T,21987_G|A,22032_T|C,22033_C|A,22034_A|G,22200_T|G,22208_C|T,22295_C|A,22353_C|A,22556_A|G,22577_G|C,22578_G|A,22629_A|C,22674_C|T,22679_T|C,22686_C|T,22688_A|G,22770_G|A,22775_G|A,22786_A|C,22813_G|T,22882_T|G,22895_G|C,22896_T|A,22898_G|A,22910_A|G,22916_C|T,22917_T|G,22926_T|C,22942_T|A,22992_G|A,22995_C|A,23005_T|A,23012_G|A,23018_T|C,23019_T|C,23055_A|G,23063_A|T,23075_T|C,23222_G|A,23271_C|T,23403_A|G,23423_C|T,23525_C|T,23599_T|G,23604_C|G,23854_C|A,23948_G|T,24378_C|T,24424_A|T,24469_T|A,24990_C|T,25000_C|T,25207_C|T,25584_C|T,26060_C|T,26270_C|T,26275_A|G,26577_C|G,26709_G|A,26858_C|T,27259_A|C,27382_G|C,27383_A|T,27384_T|C,27507_A|C,27807_C|T,27915_G|T,28271_A|T,28297_T|C,28311_C|T,28881_G|A,28882_G|A,28883_G|C,29510_A|C,29625_C|T,11288_11296,21633_21641,21765_21770,21992_21994,22194_22196,23009_23011,28362_28370,29734_29759,29903_.|N
THA/CU10912/2024	XDD	44_C|T,241_C|T,405_A|G,670_T|G,2334_C|T,2790_C|T,3037_C|T,4184_G|A,4321_C|T,5720_G|A,5833_C|A,6541_C|T,6705_A|G,7842_A|G,8293_C|T,8393_G|A,8772_C|T,9344_C|T,9424_A|G,9534_C|T,10029_C|T,10198_C|T,10447_G|A,10449_C|A,11042_G|T,11727_G|A,12789_C|T,12815_C|T,12880_C|T,13339_T|C,14408_C|T,15714_C|T,15756_T|A,17410_C|T,18163_A|G,18492_A|G,18894_C|T,19955_C|T,20055_A|G,21618_C|T,21622_C|T,21624_G|C,21711_C|T,21941_G|T,21987_G|A,22032_T|C,22033_C|A,22034_A|G,22200_T|G,22208_C|T,22295_C|A,22353_C|A,22556_A|G,22577_G|C,22578_G|A,22629_A|C,22674_C|T,22679_T|C,22686_C|T,22688_A|G,22770_G|A,22775_G|A,22786_A|C,22813_G|T,22882_T|G,22895_G|C,22896_T|A,22898_G|A,22910_A|G,22916_C|T,22917_T|G,22926_T|C,22942_T|A,22992_G|A,22995_C|A,23005_T|A,23012_G|A,23018_T|C,23019_T|C,23055_A|G,23063_A|T,23075_T|C,23222_G|A,23271_C|T,23403_A|G,23423_C|T,23525_C|T,23599_T|G,23604_C|G,23854_C|A,23948_G|T,24378_C|T,24424_A|T,24469_T|A,24990_C|T,25000_C|T,25207_C|T,25584_C|T,26060_C|T,26270_C|T,26275_A|G,26577_C|G,26709_G|A,26858_C|T,27259_A|C,27382_G|C,27383_A|T,27384_T|C,27507_A|C,27517_G|A,27807_C|T,27915_G|T,27972_C|A,28271_A|T,28297_T|C,28311_C|T,28378_G|A,28881_G|A,28882_G|A,28883_G|C,29510_A|C,29625_C|T,11288_11296,21633_21641,21765_21770,21992_21994,22194_22196,23009_23011,28362_28370,29734_29759
USA/2024CV0654/2024	XDD	241_C|T,405_A|G,670_T|G,2334_C|T,2790_C|T,3037_C|T,4184_G|A,4321_C|T,5720_G|A,6541_C|T,7842_A|G,8293_C|T,8393_G|A,9344_C|T,9424_A|G,9534_C|T,10029_C|T,10198_C|T,10447_G|A,10449_C|A,11042_G|T,11727_G|A,12789_C|T,12815_C|T,12880_C|T,13339_T|C,14408_C|T,15714_C|T,15756_T|A,17410_C|T,18163_A|G,18492_A|G,18894_C|T,19955_C|T,20055_A|G,21618_C|T,21622_C|T,21624_G|C,21711_C|T,21941_G|T,21987_G|A,22032_T|C,22033_C|A,22034_A|G,22200_T|G,22208_C|T,22295_C|A,22353_C|A,22556_A|G,22577_G|C,22578_G|A,22629_A|C,22674_C|T,22679_T|C,22686_C|T,22688_A|G,22770_G|A,22775_G|A,22786_A|C,22813_G|T,22882_T|G,22895_G|C,22896_T|A,22898_G|A,22910_A|G,22916_C|T,22917_T|G,22926_T|C,22942_T|A,22992_G|A,22995_C|A,23005_T|A,23012_G|A,23018_T|C,23019_T|C,23055_A|G,23063_A|T,23075_T|C,23222_G|A,23271_C|T,23403_A|G,23423_C|T,23525_C|T,23599_T|G,23604_C|G,23854_C|A,23948_G|T,24378_C|T,24424_A|T,24469_T|A,24990_C|T,25000_C|T,25207_C|T,25584_C|T,26060_C|T,26270_C|T,26275_A|G,26577_C|G,26709_G|A,26858_C|T,27259_A|C,27382_G|C,27383_A|T,27384_T|C,27507_A|C,27807_C|T,27915_G|T,28040_A|G,28271_A|T,28297_T|C,28311_C|T,28685_G|T,28881_G|A,28882_G|A,28883_G|C,29510_A|C,29625_C|T,11288_11296,21633_21641,21765_21770,21992_21994,22194_22196,23009_23011,28362_28370,21608_.|TCATGCCGCTGT
USA/2388698/2024	XDD	241_C|T,405_A|G,670_T|G,2334_C|T,2790_C|T,3037_C|T,4184_G|A,4207_G|C,4321_C|T,5720_G|A,6541_C|T,7842_A|G,8293_C|T,8393_G|A,9344_C|T,9424_A|G,9534_C|T,10029_C|T,10102_T|C,10198_C|T,10447_G|A,10449_C|A,11042_G|T,11727_G|A,12789_C|T,12815_C|T,12880_C|T,13339_T|C,14408_C|T,15714_C|T,15756_T|A,17410_C|T,18163_A|G,18492_A|G,18894_C|T,19955_C|T,20055_A|G,21618_C|T,21622_C|T,21624_G|C,21711_C|T,21941_G|T,21987_G|A,22032_T|C,22033_C|A,22034_A|G,22200_T|G,22208_C|T,22295_C|A,22353_C|A,22556_A|G,22577_G|C,22578_G|A,22629_A|C,22674_C|T,22679_T|C,22686_C|T,22688_A|G,22770_G|A,22775_G|A,22786_A|C,22813_G|T,22882_T|G,22895_G|C,22896_T|A,22898_G|A,22910_A|G,22916_C|T,22917_T|G,22926_T|C,22942_T|A,22992_G|A,22995_C|A,23005_T|A,23012_G|A,23018_T|C,23019_T|C,23055_A|G,23063_A|T,23075_T|C,23222_G|A,23271_C|T,23403_A|G,23423_C|T,23525_C|T,23599_T|G,23604_C|G,23854_C|A,23948_G|T,24378_C|T,24424_A|T,24469_T|A,24990_C|T,25000_C|T,25207_C|T,25584_C|T,26060_C|T,26270_C|T,26275_A|G,26577_C|G,26709_G|A,26858_C|T,27259_A|C,27382_G|C,27383_A|T,27384_T|C,27507_A|C,27807_C|T,27915_G|T,28171_C|T,28271_A|T,28297_T|C,28311_C|T,28792_A|T,28881_G|A,28882_G|A,28883_G|C,29510_A|C,29625_C|T,11288_11296,21633_21641,21765_21770,21992_21994,22194_22196,23009_23011,28362_28370,21608_.|TCATGCCGCTGT
USA/2405457/2024	XDD	241_C|T,405_A|G,670_T|G,2160_A|G,2334_C|T,2790_C|T,3037_C|T,4184_G|A,4321_C|T,5720_G|A,6541_C|T,7842_A|G,8293_C|T,8393_G|A,9344_C|T,9424_A|G,9534_C|T,10029_C|T,10198_C|T,10447_G|A,10449_C|A,11042_G|T,11727_G|A,12789_C|T,12815_C|T,12880_C|T,13339_T|C,14408_C|T,15714_C|T,15756_T|A,17410_C|T,18163_A|G,18492_A|G,18894_C|T,19495_C|T,19955_C|T,20055_A|G,21618_C|T,21622_C|T,21624_G|C,21711_C|T,21941_G|T,21987_G|A,22032_T|C,22033_C|A,22034_A|G,22200_T|G,22208_C|T,22295_C|A,22353_C|A,22556_A|G,22577_G|C,22578_G|A,22629_A|C,22674_C|T,22679_T|C,22686_C|T,22688_A|G,22770_G|A,22775_G|A,22786_A|C,22813_G|T,22882_T|G,22895_G|C,22896_T|A,22898_G|A,22910_A|G,22916_C|T,22917_T|G,22926_T|C,22942_T|A,22992_G|A,22995_C|A,23005_T|A,23012_G|A,23018_T|C,23019_T|C,23055_A|G,23063_A|T,23075_T|C,23222_G|A,23271_C|T,23403_A|G,23423_C|T,23525_C|T,23599_T|G,23604_C|G,23854_C|A,23948_G|T,24378_C|T,24424_A|T,24469_T|A,24990_C|T,25000_C|T,25207_C|T,25584_C|T,26060_C|T,26270_C|T,26275_A|G,26577_C|G,26709_G|A,26858_C|T,27259_A|C,27382_G|C,27383_A|T,27384_T|C,27507_A|C,27807_C|T,27915_G|T,28171_C|T,28271_A|T,28297_T|C,28311_C|T,28881_G|A,28882_G|A,28883_G|C,29510_A|C,29625_C|T,11288_11296,21633_21641,21765_21770,21992_21994,22194_22196,23009_23011,28362_28370,21608_.|TCATGCCGCTGT
USA/AZ-CDC-QDX93092999/2024	XDD	241_C|T,405_A|G,670_T|G,2334_C|T,2790_C|T,3037_C|T,4184_G|A,4321_C|T,5717_C|T,5720_G|A,6541_C|T,6726_C|T,7842_A|G,8293_C|T,8393_G|A,8950_C|T,9344_C|T,9424_A|G,9534_C|T,9815_T|C,10029_C|T,10198_C|T,10447_G|A,10449_C|A,11042_G|T,11727_G|A,12789_C|T,12815_C|T,12880_C|T,13339_T|C,14408_C|T,15714_C|T,15756_T|A,17410_C|T,18163_A|G,18492_A|G,18894_C|T,19955_C|T,20055_A|G,21618_C|T,21622_C|T,21624_G|C,21711_C|T,21941_G|T,21987_G|A,22032_T|C,22033_C|A,22034_A|G,22200_T|G,22208_C|T,22295_C|A,22353_C|A,22556_A|G,22577_G|C,22578_G|A,22629_A|C,22674_C|T,22679_T|C,22686_C|T,22688_A|G,22770_G|A,22775_G|A,22786_A|C,22813_G|T,22882_T|G,22895_G|C,22896_T|A,22898_G|A,22910_A|G,22916_C|T,22917_T|G,22926_T|C,22942_T|A,22992_G|A,22995_C|A,23005_T|A,23012_G|A,23018_T|C,23019_T|C,23055_A|G,23063_A|T,23075_T|C,23222_G|A,23271_C|T,23403_A|G,23423_C|T,23525_C|T,23599_T|G,23604_C|G,23854_C|A,23948_G|T,24378_C|T,24424_A|T,24469_T|A,24990_C|T,25000_C|T,25207_C|T,25584_C|T,26060_C|T,26270_C|T,26275_A|G,26577_C|G,26709_G|A,26858_C|T,27259_A|C,27382_G|C,27383_A|T,27384_T|C,27507_A|C,27807_C|T,27915_G|T,28132_C|A,28271_A|T,28297_T|C,28311_C|T,28509_G|T,28676_A|G,28881_G|A,28882_G|A,28883_G|C,29510_A|C,29625_C|T,11288_11296,21633_21641,21765_21770,21992_21994,22194_22196,23009_23011,28362_28370,29734_29759,21608_.|TCATGCCGCTGT
USA/CA-CDC-QDX90375944/2023	XDD	241_C|T,405_A|G,670_T|G,2334_C|T,2790_C|T,3037_C|T,4184_G|A,4321_C|T,5720_G|A,6541_C|T,7842_A|G,8293_C|T,8393_G|A,9344_C|T,9424_A|G,9534_C|T,10029_C|T,10198_C|T,10447_G|A,10449_C|A,11042_G|T,11727_G|A,12789_C|T,12815_C|T,12880_C|T,13339_T|C,14408_C|T,15714_C|T,15756_T|A,17410_C|T,18163_A|G,18492_A|G,18894_C|T,19789_C|A,19955_C|T,20055_A|G,21618_C|T,21622_C|T,21624_G|C,21711_C|T,21941_G|T,21987_G|A,22032_T|C,22033_C|A,22034_A|G,22200_T|G,22208_C|T,22295_C|A,22353_C|A,22556_A|G,22577_G|C,22578_G|A,22629_A|C,22674_C|T,22679_T|C,22686_C|T,22688_A|G,22770_G|A,22775_G|A,22786_A|C,22813_G|T,22882_T|G,22895_G|C,22896_T|A,22898_G|A,22910_A|G,22916_C|T,22917_T|G,22926_T|C,22942_T|A,22992_G|A,22995_C|A,23005_T|A,23012_G|A,23018_T|C,23019_T|C,23055_A|G,23063_A|T,23075_T|C,23222_G|A,23271_C|T,23403_A|G,23423_C|T,23525_C|T,23599_T|G,23604_C|G,23854_C|A,23948_G|T,24378_C|T,24424_A|T,24469_T|A,24990_C|T,25000_C|T,25207_C|T,25584_C|T,26060_C|T,26270_C|T,26275_A|G,26577_C|G,26709_G|A,26858_C|T,27259_A|C,27382_G|C,27383_A|T,27384_T|C,27507_A|C,27807_C|T,27915_G|T,28271_A|T,28297_T|C,28311_C|T,28881_G|A,28882_G|A,28883_G|C,29510_A|C,29625_C|T,11288_11296,21633_21641,21765_21770,21992_21994,22194_22196,23009_23011,28362_28370,29734_29759,21608_.|TCATGCCGCTGT
USA/CA-CDC-QDX90793860/2023	XDD	241_C|T,405_A|G,670_T|G,2334_C|T,2790_C|T,3037_C|T,4184_G|A,4225_G|T,4321_C|T,4551_C|T,5720_G|A,5992_G|A,6541_C|T,7842_A|G,8293_C|T,8393_G|A,9344_C|T,9424_A|G,9534_C|T,10029_C|T,10198_C|T,10399_A|G,10447_G|A,10449_C|A,11042_G|T,11727_G|A,12789_C|T,12815_C|T,12880_C|T,13339_T|C,14408_C|T,15714_C|T,15756_T|A,17410_C|T,18163_A|G,18492_A|G,18894_C|T,19789_C|A,19955_C|T,20055_A|G,21618_C|T,21622_C|T,21624_G|C,21711_C|T,21941_G|T,21987_G|A,22032_T|C,22033_C|A,22034_A|G,22200_T|G,22208_C|T,22295_C|A,22353_C|A,22556_A|G,22577_G|C,22578_G|A,22629_A|C,22674_C|T,22679_T|C,22686_C|T,22688_A|G,22770_G|A,22775_G|A,22786_A|C,22813_G|T,22882_T|G,22895_G|C,22896_T|A,22898_G|A,22910_A|G,22916_C|T,22917_T|G,22926_T|C,22942_T|A,22992_G|A,22995_C|A,23005_T|A,23008_T|C,23012_G|A,23018_T|C,23019_T|C,23055_A|G,23063_A|T,23075_T|C,23222_G|A,23271_C|T,23403_A|G,23423_C|T,23525_C|T,23599_T|G,23604_C|G,23854_C|A,23948_G|T,24378_C|T,24424_A|T,24469_T|A,24990_C|T,25000_C|T,25207_C|T,25584_C|T,26060_C|T,26270_C|T,26275_A|G,26577_C|G,26709_G|A,26858_C|T,27259_A|C,27382_G|C,27383_A|T,27384_T|C,27507_A|C,27807_C|T,27915_G|T,28271_A|T,28297_T|C,28311_C|T,28881_G|A,28882_G|A,28883_G|C,29510_A|C,29625_C|T,11288_11296,21633_21641,21765_21770,21992_21994,22194_22196,23009_23011,28362_28370,29734_29759,21608_.|TCATGCCGCTGT
USA/CA-CDPH-500129942/2023	XDD	44_C|T,241_C|T,405_A|G,670_T|G,2334_C|T,2790_C|T,3037_C|T,4184_G|A,4321_C|T,5720_G|A,6541_C|T,7842_A|G,8293_C|T,8393_G|A,9344_C|T,9424_A|G,9534_C|T,10029_C|T,10198_C|T,10447_G|A,10449_C|A,11042_G|T,11727_G|A,12789_C|T,12815_C|T,12880_C|T,13339_T|C,14408_C|T,15714_C|T,15756_T|A,17410_C|T,18163_A|G,18492_A|G,18894_C|T,19955_C|T,20055_A|G,21618_C|T,21622_C|T,21624_G|C,21711_C|T,21941_G|T,21987_G|A,22032_T|C,22033_C|A,22034_A|G,22200_T|G,22208_C|T,22295_C|A,22353_C|A,22556_A|G,22577_G|C,22578_G|A,22629_A|C,22674_C|T,22679_T|C,22686_C|T,22688_A|G,22770_G|A,22775_G|A,22786_A|C,22882_T|G,22895_G|C,22896_T|A,22898_G|A,22910_A|G,22916_C|T,22917_T|G,22926_T|C,22942_T|A,22992_G|A,22995_C|A,23005_T|A,23012_G|A,23018_T|C,23019_T|C,23055_A|G,23063_A|T,23075_T|C,23222_G|A,23271_C|T,23403_A|G,23423_C|T,23525_C|T,23599_T|G,23604_C|G,23854_C|A,23948_G|T,24378_C|T,24424_A|T,24469_T|A,24990_C|T,25000_C|T,25207_C|T,25584_C|T,26060_C|T,26270_C|T,26275_A|G,26577_C|G,26709_G|A,26858_C|T,27259_A|C,27382_G|C,27383_A|T,27384_T|C,27507_A|C,27807_C|T,27915_G|T,28271_A|T,28297_T|C,28311_C|T,28881_G|A,28882_G|A,28883_G|C,29510_A|C,29585_C|T,29625_C|T,11288_11296,21633_21641,21765_21770,21992_21994,22194_22196,23009_23011,28362_28370,29734_29759,21608_.|TCATGCCGCTGT
USA/CA-CDPH-500134808/2024	XDD	44_C|T,241_C|T,405_A|G,670_T|G,2334_C|T,2790_C|T,3037_C|T,4184_G|A,4321_C|T,5720_G|A,6541_C|T,7842_A|G,8293_C|T,8393_G|A,9344_C|T,9424_A|G,9534_C|T,10029_C|T,10198_C|T,10447_G|A,10449_C|A,11042_G|T,11727_G|A,12789_C|T,12815_C|T,12880_C|T,13339_T|C,14408_C|T,15714_C|T,15756_T|A,17410_C|T,18163_A|G,18492_A|G,18894_C|T,19955_C|T,20055_A|G,21618_C|T,21622_C|T,21624_G|C,21711_C|T,21941_G|T,21987_G|A,22032_T|C,22033_C|A,22034_A|G,22200_T|G,22208_C|T,22295_C|A,22353_C|A,22556_A|G,22577_G|C,22578_G|A,22629_A|C,22674_C|T,22679_T|C,22686_C|T,22688_A|G,22770_G|A,22775_G|A,22786_A|C,22882_T|G,22895_G|C,22896_T|A,22898_G|A,22910_A|G,22916_C|T,22917_T|G,22926_T|C,22942_T|A,22992_G|A,22995_C|A,23005_T|A,23012_G|A,23018_T|C,23019_T|C,23055_A|G,23063_A|T,23075_T|C,23222_G|A,23271_C|T,23403_A|G,23423_C|T,23525_C|T,23599_T|G,23604_C|G,23854_C|A,23948_G|T,24378_C|T,24424_A|T,24469_T|A,24990_C|T,25000_C|T,25207_C|T,25584_C|T,26060_C|T,26270_C|T,26275_A|G,26577_C|G,26709_G|A,26858_C|T,27259_A|C,27382_G|C,27383_A|T,27384_T|C,27507_A|C,27807_C|T,27915_G|T,28271_A|T,28297_T|C,28311_C|T,28881_G|A,28882_G|A,28883_G|C,29510_A|C,29625_C|T,11288_11296,21633_21641,21765_21770,21992_21994,22194_22196,23009_23011,28362_28370,29734_29759,21608_.|TCATGCCGCTGT
USA/CA-CDPH-500135013/2024	XDD	44_C|T,69_A|G,241_C|T,405_A|G,670_T|G,1314_C|T,2334_C|T,2790_C|T,3037_C|T,4184_G|A,4321_C|T,5720_G|A,6541_C|T,7842_A|G,8293_C|T,8393_G|A,8947_C|T,9344_C|T,9424_A|G,9534_C|T,10029_C|T,10198_C|T,10447_G|A,10449_C|A,11042_G|T,11727_G|A,12789_C|T,12815_C|T,12880_C|T,13339_T|C,14408_C|T,15714_C|T,15756_T|A,17410_C|T,18163_A|G,18492_A|G,18894_C|T,19955_C|T,20055_A|G,21618_C|T,21622_C|T,21624_G|C,21711_C|T,21812_C|T,21941_G|T,21987_G|A,22032_T|C,22033_C|A,22034_A|G,22200_T|G,22208_C|T,22295_C|A,22353_C|A,22556_A|G,22577_G|C,22578_G|A,22629_A|C,22674_C|T,22679_T|C,22686_C|T,22688_A|G,22770_G|A,22775_G|A,22786_A|C,22882_T|G,22895_G|C,22896_T|A,22898_G|A,22910_A|G,22916_C|T,22917_T|G,22926_T|C,22942_T|A,22992_G|A,22995_C|A,23005_T|A,23012_G|A,23018_T|C,23019_T|C,23055_A|G,23063_A|T,23075_T|C,23222_G|A,23271_C|T,23403_A|G,23423_C|T,23525_C|T,23599_T|G,23604_C|G,23854_C|A,23948_G|T,24378_C|T,24424_A|T,24469_T|A,24990_C|T,25000_C|T,25207_C|T,25584_C|T,25993_G|A,26060_C|T,26270_C|T,26275_A|G,26577_C|G,26709_G|A,26858_C|T,27128_C|T,27259_A|C,27382_G|C,27383_A|T,27384_T|C,27507_A|C,27807_C|T,27915_G|T,28259_A|G,28271_A|T,28297_T|C,28311_C|T,28881_G|A,28882_G|A,28883_G|C,29510_A|C,29625_C|T,11288_11296,21633_21641,21765_21770,21992_21994,22194_22196,23009_23011,28362_28370,29734_29759,21608_.|TCATGCCGCTGT
USA/CA-CDPH-500135296/2024	XDD	44_C|T,241_C|T,405_A|G,670_T|G,2334_C|T,2790_C|T,3037_C|T,4184_G|A,4321_C|T,5720_G|A,6541_C|T,7842_A|G,8293_C|T,8393_G|A,9344_C|T,9424_A|G,9534_C|T,10029_C|T,10198_C|T,10447_G|A,10449_C|A,11042_G|T,11727_G|A,12789_C|T,12815_C|T,12880_C|T,13339_T|C,14408_C|T,15714_C|T,15756_T|A,17410_C|T,18163_A|G,18492_A|G,18894_C|T,19955_C|T,20055_A|G,20262_A|G,21618_C|T,21622_C|T,21624_G|C,21711_C|T,21941_G|T,21987_G|A,22032_T|C,22033_C|A,22034_A|G,22200_T|G,22208_C|T,22295_C|A,22353_C|A,22556_A|G,22577_G|C,22578_G|A,22629_A|C,22674_C|T,22679_T|C,22686_C|T,22688_A|G,22770_G|A,22775_G|A,22786_A|C,22882_T|G,22895_G|C,22896_T|A,22898_G|A,22910_A|G,22916_C|T,22917_T|G,22926_T|C,22942_T|A,22992_G|A,22995_C|A,23005_T|A,23012_G|A,23018_T|C,23019_T|C,23055_A|G,23063_A|T,23075_T|C,23222_G|A,23271_C|T,23403_A|G,23423_C|T,23525_C|T,23599_T|G,23604_C|G,23854_C|A,23948_G|T,24378_C|T,24424_A|T,24469_T|A,24990_C|T,25000_C|T,25207_C|T,25584_C|T,26060_C|T,26270_C|T,26275_A|G,26577_C|G,26709_G|A,26858_C|T,27259_A|C,27382_G|C,27383_A|T,27384_T|C,27507_A|C,27807_C|T,27915_G|T,28271_A|T,28297_T|C,28311_C|T,28881_G|A,28882_G|A,28883_G|C,29510_A|C,29625_C|T,11288_11296,21633_21641,21765_21770,21992_21994,22194_22196,23009_23011,28362_28370,29734_29759,14_.|C,21608_.|TCATGCCGCTGT
USA/CA-CDPH-500135434/2024	XDD	44_C|T,241_C|T,405_A|G,670_T|G,2334_C|T,2790_C|T,3037_C|T,4184_G|A,4321_C|T,5720_G|A,6541_C|T,7842_A|G,8293_C|T,8393_G|A,9344_C|T,9424_A|G,9534_C|T,10029_C|T,10198_C|T,10447_G|A,10449_C|A,11042_G|T,11727_G|A,12789_C|T,12815_C|T,12880_C|T,13339_T|C,14408_C|T,15714_C|T,15756_T|A,17410_C|T,18163_A|G,18492_A|G,18894_C|T,19955_C|T,20055_A|G,20262_A|G,21618_C|T,21622_C|T,21624_G|C,21711_C|T,21941_G|T,21987_G|A,22032_T|C,22033_C|A,22034_A|G,22200_T|G,22208_C|T,22295_C|A,22353_C|A,22556_A|G,22577_G|C,22578_G|A,22629_A|C,22674_C|T,22679_T|C,22686_C|T,22688_A|G,22770_G|A,22775_G|A,22786_A|C,22882_T|G,22895_G|C,22896_T|A,22898_G|A,22910_A|G,22916_C|T,22917_T|G,22926_T|C,22942_T|A,22992_G|A,22995_C|A,23005_T|A,23012_G|A,23018_T|C,23019_T|C,23055_A|G,23063_A|T,23075_T|C,23222_G|A,23271_C|T,23403_A|G,23423_C|T,23525_C|T,23599_T|G,23604_C|G,23854_C|A,23948_G|T,24378_C|T,24424_A|T,24469_T|A,24990_C|T,25000_C|T,25207_C|T,25584_C|T,26060_C|T,26270_C|T,26275_A|G,26577_C|G,26709_G|A,26858_C|T,27259_A|C,27382_G|C,27383_A|T,27384_T|C,27507_A|C,27807_C|T,27915_G|T,28271_A|T,28297_T|C,28311_C|T,28881_G|A,28882_G|A,28883_G|C,29510_A|C,29625_C|T,11288_11296,21633_21641,21765_21770,21992_21994,22194_22196,23009_23011,28362_28370,29734_29759,21608_.|TCATGCCGCTGT
USA/CA-CDPH-6000018999/2024	XDD	241_C|T,405_A|G,670_T|G,2334_C|T,2790_C|T,3037_C|T,4184_G|A,4321_C|T,5720_G|A,6541_C|T,7842_A|G,8293_C|T,8393_G|A,9344_C|T,9424_A|G,9534_C|T,10029_C|T,10198_C|T,10447_G|A,10449_C|A,11042_G|T,11727_G|A,12789_C|T,12815_C|T,12880_C|T,13339_T|C,14408_C|T,15714_C|T,15756_T|A,17410_C|T,18163_A|G,18492_A|G,18894_C|T,19955_C|T,20055_A|G,21618_C|T,21622_C|T,21624_G|C,21711_C|T,21941_G|T,21987_G|A,22032_T|C,22033_C|A,22034_A|G,22200_T|G,22208_C|T,22295_C|A,22353_C|A,22556_A|G,22577_G|C,22578_G|A,22629_A|C,22674_C|T,22679_T|C,22686_C|T,22688_A|G,22770_G|A,22775_G|A,22786_A|C,22813_G|T,22882_T|G,22895_G|C,22896_T|A,22898_G|A,22910_A|G,22916_C|T,22917_T|G,22926_T|C,22942_T|A,22992_G|A,22995_C|A,23005_T|A,23012_G|A,23018_T|C,23019_T|C,23055_A|G,23063_A|T,23075_T|C,23222_G|A,23271_C|T,23403_A|G,23423_C|T,23525_C|T,23599_T|G,23604_C|G,23854_C|A,23948_G|T,24378_C|T,24424_A|T,24469_T|A,24990_C|T,25000_C|T,25207_C|T,25584_C|T,26060_C|T,26270_C|T,26275_A|G,26577_C|G,26709_G|A,26858_C|T,27259_A|C,27382_G|C,27383_A|T,27384_T|C,27507_A|C,27807_C|T,27915_G|T,28271_A|T,28297_T|C,28311_C|T,28881_G|A,28882_G|A,28883_G|C,29510_A|C,29625_C|T,11288_11296,21633_21641,21765_21770,21992_21994,22194_22196,23009_23011,28362_28370,21608_.|TCATGCCGCTGT
USA/CA-CDPH-6000019169/2024	XDD	241_C|T,405_A|G,670_T|G,2334_C|T,2790_C|T,3037_C|T,3692_G|T,4184_G|A,4321_C|T,5720_G|A,6541_C|T,7842_A|G,8293_C|T,8393_G|A,9344_C|T,9424_A|G,9534_C|T,10029_C|T,10198_C|T,10447_G|A,10449_C|A,11042_G|T,11727_G|A,12789_C|T,12815_C|T,12880_C|T,13339_T|C,14408_C|T,15714_C|T,15756_T|A,17410_C|T,18163_A|G,18326_C|T,18492_A|G,18894_C|T,19955_C|T,20055_A|G,20233_C|T,21618_C|T,21622_C|T,21624_G|C,21711_C|T,21941_G|T,21987_G|A,22032_T|C,22033_C|A,22034_A|G,22200_T|G,22208_C|T,22295_C|A,22353_C|A,22556_A|G,22577_G|C,22578_G|A,22629_A|C,22674_C|T,22679_T|C,22686_C|T,22688_A|G,22770_G|A,22775_G|A,22786_A|C,22813_G|T,22882_T|G,22895_G|C,22896_T|A,22898_G|A,22910_A|G,22916_C|T,22917_T|G,22926_T|C,22942_T|A,22992_G|A,22995_C|A,23005_T|A,23012_G|A,23018_T|C,23019_T|C,23055_A|G,23063_A|T,23075_T|C,23222_G|A,23271_C|T,23403_A|G,23423_C|T,23525_C|T,23599_T|G,23604_C|G,23854_C|A,23948_G|T,24378_C|T,24424_A|T,24469_T|A,24990_C|T,25000_C|T,25207_C|T,25584_C|T,26060_C|T,26270_C|T,26275_A|G,26577_C|G,26709_G|A,26858_C|T,26894_C|T,27259_A|C,27382_G|C,27383_A|T,27384_T|C,27507_A|C,27807_C|T,27915_G|T,28271_A|T,28297_T|C,28311_C|T,28881_G|A,28882_G|A,28883_G|C,29510_A|C,29625_C|T,11288_11296,21633_21641,21765_21770,21992_21994,22194_22196,23009_23011,28362_28370,21608_.|TCATGCCGCTGT
USA/CA-GBW-GKPLAAAA23040/2024	XDD	44_C|T,241_C|T,405_A|G,670_T|G,2334_C|T,2695_C|T,2790_C|T,3037_C|T,3692_G|T,4184_G|A,4321_C|T,5720_G|A,6541_C|T,7842_A|G,8293_C|T,8393_G|A,9344_C|T,9424_A|G,9534_C|T,10029_C|T,10198_C|T,10447_G|A,10449_C|A,11042_G|T,11727_G|A,12738_C|T,12789_C|T,12815_C|T,12880_C|T,13339_T|C,13427_G|A,13721_C|T,14097_C|T,14408_C|T,15714_C|T,15756_T|A,16245_G|A,17410_C|T,18163_A|G,18492_A|G,18894_C|T,19955_C|T,20055_A|G,21618_C|T,21622_C|T,21624_G|C,21711_C|T,21941_G|T,21987_G|A,22032_T|C,22033_C|A,22034_A|G,22200_T|G,22208_C|T,22295_C|A,22353_C|A,22556_A|G,22577_G|C,22578_G|A,22629_A|C,22674_C|T,22679_T|C,22686_C|T,22688_A|G,22770_G|A,22775_G|A,22786_A|C,22813_G|T,22882_T|G,22895_G|C,22896_T|A,22898_G|A,22910_A|G,22916_C|T,22917_T|G,22926_T|C,22942_T|A,22992_G|A,22995_C|A,23005_T|A,23012_G|A,23018_T|C,23019_T|C,23055_A|G,23063_A|T,23075_T|C,23222_G|A,23271_C|T,23403_A|G,23423_C|T,23425_T|C,23525_C|T,23599_T|G,23604_C|G,23854_C|A,24378_C|T,24424_A|T,24469_T|A,24990_C|T,25000_C|T,25207_C|T,25584_C|T,26060_C|T,26270_C|T,26275_A|G,26577_C|G,26709_G|A,26858_C|T,27259_A|C,27382_G|C,27383_A|T,27384_T|C,27507_A|C,27807_C|T,27915_G|T,28271_A|T,28297_T|C,28311_C|T,28881_G|A,28882_G|A,28883_G|C,29510_A|C,29625_C|T,11288_11296,21633_21641,21765_21770,21992_21994,22194_22196,23009_23011,28362_28370,29734_29759,21608_.|TCATGCCGCTGT
USA/CA-GBW-H10-017-3734/2023	XDD	44_C|T,72_G|A,241_C|T,405_A|G,670_T|G,2334_C|T,2790_C|T,3037_C|T,4184_G|A,4321_C|T,5720_G|A,6541_C|T,7842_A|G,8293_C|T,8393_G|A,9344_C|T,9424_A|G,9534_C|T,10029_C|T,10198_C|T,10447_G|A,10449_C|A,11042_G|T,11727_G|A,12789_C|T,12815_C|T,12880_C|T,13011_C|T,13339_T|C,13427_G|A,14408_C|T,15714_C|T,15756_T|A,17410_C|T,18162_C|T,18163_A|G,18492_A|G,18894_C|T,18900_T|C,19955_C|T,20055_A|G,21618_C|T,21622_C|T,21624_G|C,21711_C|T,21941_G|T,21987_G|A,22032_T|C,22033_C|A,22034_A|G,22200_T|G,22208_C|T,22295_C|A,22353_C|A,22556_A|G,22577_G|C,22578_G|A,22629_A|C,22674_C|T,22679_T|C,22686_C|T,22688_A|G,22770_G|A,22775_G|A,22786_A|C,22813_G|T,22882_T|G,22895_G|C,22896_T|A,22898_G|A,22910_A|G,22916_C|T,22917_T|G,22926_T|C,22942_T|A,22992_G|A,22995_C|A,23005_T|A,23012_G|A,23018_T|C,23019_T|C,23055_A|G,23063_A|T,23075_T|C,23222_G|A,23271_C|T,23403_A|G,23423_C|T,23525_C|T,23599_T|G,23604_C|G,23854_C|A,24378_C|T,24424_A|T,24469_T|A,24990_C|T,25000_C|T,25207_C|T,25584_C|T,26060_C|T,26270_C|T,26275_A|G,26577_C|G,26709_G|A,26858_C|T,27259_A|C,27382_G|C,27383_A|T,27384_T|C,27507_A|C,27807_C|T,27915_G|T,28271_A|T,28297_T|C,28311_C|T,28881_G|A,28882_G|A,28883_G|C,29510_A|C,29625_C|T,11288_11296,21633_21641,21765_21770,21992_21994,22194_22196,23009_23011,28362_28370,29734_29759,21608_.|TCATGCCGCTGT
USA/CA-GBW-H20-346-1799/2023	XDD	44_C|T,241_C|T,405_A|G,670_T|G,2334_C|T,2790_C|T,3037_C|T,4184_G|A,4321_C|T,5720_G|A,6541_C|T,7842_A|G,8293_C|T,8393_G|A,9344_C|T,9424_A|G,9534_C|T,10029_C|T,10198_C|T,10447_G|A,10449_C|A,11042_G|T,11727_G|A,12789_C|T,12815_C|T,12880_C|T,13011_C|T,13339_T|C,14408_C|T,15714_C|T,15756_T|A,17410_C|T,18162_C|T,18163_A|G,18492_A|G,18894_C|T,18900_T|C,19955_C|T,20055_A|G,21618_C|T,21622_C|T,21624_G|C,21711_C|T,21941_G|T,21987_G|A,22032_T|C,22033_C|A,22034_A|G,22200_T|G,22208_C|T,22295_C|A,22353_C|A,22556_A|G,22577_G|C,22578_G|A,22629_A|C,22674_C|T,22679_T|C,22686_C|T,22688_A|G,22770_G|A,22775_G|A,22786_A|C,22813_G|T,22882_T|G,22895_G|C,22896_T|A,22898_G|A,22910_A|G,22916_C|T,22917_T|G,22926_T|C,22942_T|A,22992_G|A,22995_C|A,23005_T|A,23012_G|A,23018_T|C,23019_T|C,23055_A|G,23063_A|T,23075_T|C,23222_G|A,23271_C|T,23403_A|G,23423_C|T,23525_C|T,23599_T|G,23604_C|G,23854_C|A,23948_G|T,24378_C|T,24424_A|T,24469_T|A,24990_C|T,25000_C|T,25207_C|T,25584_C|T,26060_C|T,26270_C|T,26275_A|G,26577_C|G,26709_G|A,26858_C|T,27259_A|C,27382_G|C,27383_A|T,27384_T|C,27507_A|C,27807_C|T,27915_G|T,28271_A|T,28297_T|C,28311_C|T,28881_G|A,28882_G|A,28883_G|C,29510_A|C,29625_C|T,11288_11296,21633_21641,21765_21770,21992_21994,22194_22196,23009_23011,28362_28370,29734_29759,21608_.|TCATGCCGCTGT
USA/CA-LACPHL-AY04161/2023	XDD	241_C|T,405_A|G,670_T|G,2334_C|T,2790_C|T,3037_C|T,3692_G|T,4184_G|A,4321_C|T,5720_G|A,6541_C|T,7842_A|G,8293_C|T,8393_G|A,9344_C|T,9424_A|G,9534_C|T,10029_C|T,10198_C|T,10447_G|A,10449_C|A,11042_G|T,11727_G|A,12789_C|T,12815_C|T,12880_C|T,13339_T|C,14408_C|T,15714_C|T,15756_T|A,17410_C|T,18163_A|G,18492_A|G,18894_C|T,19955_C|T,20055_A|G,21618_C|T,21622_C|T,21624_G|C,21711_C|T,21941_G|T,21987_G|A,22032_T|C,22033_C|A,22034_A|G,22200_T|G,22208_C|T,22295_C|A,22353_C|A,22556_A|G,22577_G|C,22578_G|A,22629_A|C,22674_C|T,22679_T|C,22686_C|T,22688_A|G,22770_G|A,22775_G|A,22786_A|C,22813_G|T,22882_T|G,22895_G|C,22896_T|A,22898_G|A,22910_A|G,22916_C|T,22917_T|G,22926_T|C,22942_T|A,22992_G|A,22995_C|A,23005_T|A,23012_G|A,23018_T|C,23019_T|C,23055_A|G,23063_A|T,23075_T|C,23222_G|A,23271_C|T,23403_A|G,23423_C|T,23525_C|T,23599_T|G,23604_C|G,23854_C|A,23948_G|T,24378_C|T,24424_A|T,24469_T|A,24990_C|T,25000_C|T,25207_C|T,25584_C|T,26060_C|T,26270_C|T,26275_A|G,26577_C|G,26709_G|A,26858_C|T,27259_A|C,27382_G|C,27383_A|T,27384_T|C,27507_A|C,27807_C|T,27915_G|T,28271_A|T,28297_T|C,28311_C|T,28881_G|A,28882_G|A,28883_G|C,29510_A|C,29625_C|T,11288_11296,21633_21641,21765_21770,21992_21994,22194_22196,23009_23011,28362_28370,29734_29759,21608_.|TCATGCCGCTGT
USA/CA-LACPHL-AY04240/2023	XDD	241_C|T,405_A|G,670_T|G,2334_C|T,2790_C|T,3037_C|T,3692_G|T,4184_G|A,4321_C|T,5720_G|A,6274_T|C,6541_C|T,7842_A|G,8293_C|T,8393_G|A,9344_C|T,9424_A|G,9534_C|T,10029_C|T,10198_C|T,10447_G|A,10449_C|A,11042_G|T,11727_G|A,12789_C|T,12815_C|T,12880_C|T,13339_T|C,14408_C|T,15714_C|T,15756_T|A,17410_C|T,18163_A|G,18492_A|G,18894_C|T,19955_C|T,20055_A|G,21618_C|T,21622_C|T,21624_G|C,21711_C|T,21941_G|T,21987_G|A,22033_C|A,22034_A|G,22200_T|G,22208_C|T,22295_C|A,22353_C|A,22556_A|G,22577_G|C,22578_G|A,22629_A|C,22674_C|T,22679_T|C,22686_C|T,22688_A|G,22770_G|A,22775_G|A,22786_A|C,22813_G|T,22882_T|G,22895_G|C,22896_T|A,22898_G|A,22910_A|G,22916_C|T,22917_T|G,22926_T|C,22942_T|A,22992_G|A,22995_C|A,23005_T|A,23012_G|A,23018_T|C,23019_T|C,23055_A|G,23063_A|T,23075_T|C,23222_G|A,23271_C|T,23403_A|G,23423_C|T,23525_C|T,23599_T|G,23604_C|G,23854_C|A,23948_G|T,24378_C|T,24424_A|T,24469_T|A,24990_C|T,25000_C|T,25207_C|T,25584_C|T,26060_C|T,26270_C|T,26275_A|G,26577_C|G,26709_G|A,26858_C|T,27259_A|C,27382_G|C,27383_A|T,27384_T|C,27507_A|C,27807_C|T,27915_G|T,28271_A|T,28297_T|C,28311_C|T,28881_G|A,28882_G|A,28883_G|C,29510_A|C,29625_C|T,11288_11296,21633_21641,21765_21770,21992_21994,22194_22196,23009_23011,28362_28370,29734_29759,21608_.|TCATGCCRCTRT
USA/CA-LACPHL-AY04370/2023	XDD	241_C|T,405_A|G,670_T|G,2334_C|T,2790_C|T,3037_C|T,4184_G|A,4321_C|T,5720_G|A,6541_C|T,7842_A|G,8293_C|T,8393_G|A,9344_C|T,9424_A|G,9534_C|T,10029_C|T,10198_C|T,10447_G|A,10449_C|A,11042_G|T,11727_G|A,12789_C|T,12815_C|T,12880_C|T,13339_T|C,14408_C|T,15714_C|T,15756_T|A,17410_C|T,18163_A|G,18492_A|G,18894_C|T,19955_C|T,20055_A|G,21618_C|T,21622_C|T,21624_G|C,21711_C|T,21941_G|T,21987_G|A,22032_T|C,22033_C|A,22034_A|G,22200_T|G,22208_C|T,22295_C|A,22353_C|A,22556_A|G,22577_G|C,22578_G|A,22629_A|C,22674_C|T,22679_T|C,22686_C|T,22688_A|G,22770_G|A,22775_G|A,22786_A|C,22813_G|T,22882_T|G,22895_G|C,22896_T|A,22898_G|A,22910_A|G,22916_C|T,22917_T|G,22926_T|C,22942_T|A,22992_G|A,22995_C|A,23005_T|A,23012_G|A,23018_T|C,23019_T|C,23055_A|G,23063_A|T,23075_T|C,23222_G|A,23271_C|T,23403_A|G,23423_C|T,23525_C|T,23599_T|G,23604_C|G,23854_C|A,23948_G|T,24378_C|T,24424_A|T,24469_T|A,24990_C|T,25000_C|T,25207_C|T,25297_G|A,25584_C|T,25973_A|G,26060_C|T,26270_C|T,26275_A|G,26577_C|G,26709_G|A,26858_C|T,27259_A|C,27382_G|C,27383_A|T,27384_T|C,27507_A|C,27807_C|T,27915_G|T,28271_A|T,28297_T|C,28311_C|T,28849_C|T,28881_G|A,28882_G|A,28883_G|C,29510_A|C,29625_C|T,11288_11296,21633_21641,21765_21770,21992_21994,22194_22196,23009_23011,28362_28370,29734_29759,21608_.|TCATGCCGCTGT
USA/CA-LACPHL-AY06177/2024	XDD	241_C|T,405_A|G,670_T|G,2334_C|T,2790_C|T,3037_C|T,3692_G|T,4184_G|A,4321_C|T,5720_G|A,6541_C|T,7011_C|T,7842_A|G,8293_C|T,8393_G|A,9344_C|T,9424_A|G,9534_C|T,10029_C|T,10198_C|T,10447_G|A,10449_C|A,11042_G|T,11727_G|A,12513_C|T,12789_C|T,12815_C|T,12880_C|T,13339_T|C,14408_C|T,15714_C|T,15756_T|A,17410_C|T,18163_A|G,18492_A|G,18894_C|T,19955_C|T,20055_A|G,21618_C|T,21622_C|T,21624_G|C,21711_C|T,21941_G|T,21987_G|A,22032_T|C,22033_C|A,22034_A|G,22200_T|G,22208_C|T,22295_C|A,22353_C|A,22530_C|T,22556_A|G,22577_G|C,22578_G|A,22629_A|C,22674_C|T,22679_T|C,22686_C|T,22688_A|G,22770_G|A,22775_G|A,22786_A|C,22813_G|T,22882_T|G,22895_G|C,22896_T|A,22898_G|A,22910_A|G,22916_C|T,22917_T|G,22926_T|C,22942_T|A,22992_G|A,22995_C|A,23005_T|A,23012_G|A,23018_T|C,23019_T|C,23055_A|G,23063_A|T,23075_T|C,23222_G|A,23271_C|T,23403_A|G,23423_C|T,23525_C|T,23599_T|G,23604_C|G,23854_C|A,23948_G|T,24378_C|T,24424_A|T,24469_T|A,24990_C|T,25000_C|T,25207_C|T,25350_C|T,25584_C|T,26060_C|T,26270_C|T,26275_A|G,26577_C|G,26709_G|A,26858_C|T,27259_A|C,27382_G|C,27383_A|T,27384_T|C,27507_A|C,27807_C|T,27915_G|T,28271_A|T,28297_T|C,28311_C|T,28881_G|A,28882_G|A,28883_G|C,28932_C|T,29510_A|C,29625_C|T,11288_11296,21633_21641,21765_21770,21992_21994,22194_22196,23009_23011,26158_26178,28362_28370,29734_29759
USA/CA-LACPHL-F59556_240131/2024	XDD	241_C|T,405_A|G,670_T|G,2334_C|T,2790_C|T,3037_C|T,3692_G|T,4184_G|A,4321_C|T,5720_G|A,6541_C|T,7011_C|T,7842_A|G,8293_C|T,8393_G|A,9344_C|T,9424_A|G,9534_C|T,10029_C|T,10198_C|T,10447_G|A,10449_C|A,11042_G|T,11727_G|A,12789_C|T,12815_C|T,12880_C|T,13339_T|C,14408_C|T,15714_C|T,15756_T|A,17410_C|T,18163_A|G,18492_A|G,18894_C|T,19955_C|T,20055_A|G,21618_C|T,21622_C|T,21624_G|C,21711_C|T,21941_G|T,21987_G|A,22032_T|C,22033_C|A,22034_A|G,22200_T|G,22208_C|T,22295_C|A,22353_C|A,22556_A|G,22577_G|C,22578_G|A,22629_A|C,22674_C|T,22679_T|C,22686_C|T,22688_A|G,22770_G|A,22775_G|A,22786_A|C,22813_G|T,22882_T|G,22895_G|C,22896_T|A,22898_G|A,22910_A|G,22916_C|T,22917_T|G,22926_T|C,22942_T|A,22992_G|A,22995_C|A,23005_T|A,23012_G|A,23018_T|C,23019_T|C,23055_A|G,23063_A|T,23075_T|C,23222_G|A,23271_C|T,23403_A|G,23423_C|T,23525_C|T,23599_T|G,23604_C|G,23854_C|A,23948_G|T,24378_C|T,24424_A|T,24469_T|A,24990_C|T,25000_C|T,25207_C|T,25584_C|T,26060_C|T,26270_C|T,26275_A|G,26577_C|G,26709_G|A,26858_C|T,27259_A|C,27382_G|C,27383_A|T,27384_T|C,27507_A|C,27807_C|T,27915_G|T,28271_A|T,28297_T|C,28311_C|T,28881_G|A,28882_G|A,28883_G|C,29510_A|C,29625_C|T,11288_11296,21633_21641,21765_21770,21992_21994,22194_22196,23009_23011,26158_26178,28362_28370,21608_.|TCATGCCGCTGT
USA/CA-OC-4778/2023	XDD	241_C|T,405_A|G,670_T|G,2334_C|T,2790_C|T,3037_C|T,3692_G|T,4184_G|A,4321_C|T,5720_G|A,6541_C|T,7842_A|G,8293_C|T,8393_G|A,9344_C|T,9424_A|G,9534_C|T,10029_C|T,10198_C|T,10447_G|A,10449_C|A,11042_G|T,11727_G|A,12789_C|T,12815_C|T,12880_C|T,13339_T|C,14408_C|T,15714_C|T,15756_T|A,17410_C|T,18163_A|G,18492_A|G,18894_C|T,19955_C|T,20055_A|G,21618_C|T,21622_C|T,21624_G|C,21711_C|T,21941_G|T,21987_G|A,22033_C|A,22034_A|G,22200_T|G,22208_C|T,22295_C|A,22353_C|A,22556_A|G,22577_G|C,22578_G|A,22629_A|C,22674_C|T,22679_T|C,22686_C|T,22688_A|G,22770_G|A,22775_G|A,22786_A|C,22813_G|T,22882_T|G,22895_G|C,22896_T|A,22898_G|A,22910_A|G,22916_C|T,22917_T|G,22926_T|C,22942_T|A,22992_G|A,22995_C|A,23005_T|A,23012_G|A,23018_T|C,23019_T|C,23055_A|G,23063_A|T,23075_T|C,23222_G|A,23271_C|T,23403_A|G,23423_C|T,23525_C|T,23599_T|G,23604_C|G,23854_C|A,23948_G|T,24378_C|T,24424_A|T,24469_T|A,24990_C|T,25000_C|T,25207_C|T,25584_C|T,26060_C|T,26270_C|T,26275_A|G,26577_C|G,26709_G|A,26858_C|T,27259_A|C,27382_G|C,27383_A|T,27384_T|C,27507_A|C,27807_C|T,27915_G|T,28271_A|T,28297_T|C,28311_C|T,28881_G|A,28882_G|A,28883_G|C,29510_A|C,29625_C|T,11288_11296,21633_21641,21765_21770,21992_21994,22194_22196,23009_23011,28362_28370,29734_29759,21608_.|TCATGCCGCTGT
USA/CA-OC-4834/2024	XDD	241_C|T,405_A|G,670_T|G,1549_C|T,2334_C|T,2790_C|T,3037_C|T,4184_G|A,4321_C|T,4832_C|T,5720_G|A,6541_C|T,7842_A|G,8293_C|T,8393_G|A,9344_C|T,9424_A|G,9534_C|T,10029_C|T,10198_C|T,10447_G|A,10449_C|A,11042_G|T,11727_G|A,12789_C|T,12815_C|T,12880_C|T,13115_C|T,13339_T|C,14408_C|T,15714_C|T,15756_T|A,17410_C|T,18163_A|G,18492_A|G,18687_C|T,18894_C|T,19955_C|T,20055_A|G,21618_C|T,21622_C|T,21624_G|C,21711_C|T,21941_G|T,21987_G|A,22032_T|C,22033_C|A,22034_A|G,22200_T|G,22208_C|T,22295_C|A,22353_C|A,22556_A|G,22577_G|C,22578_G|A,22629_A|C,22674_C|T,22679_T|C,22686_C|T,22688_A|G,22770_G|A,22775_G|A,22786_A|C,22813_G|T,22882_T|G,22895_G|C,22896_T|A,22898_G|A,22910_A|G,22916_C|T,22917_T|G,22926_T|C,22942_T|A,22992_G|A,22995_C|A,23005_T|A,23012_G|A,23018_T|C,23019_T|C,23055_A|G,23063_A|T,23075_T|C,23222_G|A,23271_C|T,23403_A|G,23423_C|T,23520_C|T,23525_C|T,23599_T|G,23604_C|G,23854_C|A,23948_G|T,24378_C|T,24424_A|T,24469_T|A,24990_C|T,25000_C|T,25207_C|T,25584_C|T,25762_A|G,26060_C|T,26270_C|T,26275_A|G,26577_C|G,26709_G|A,26858_C|T,27259_A|C,27382_G|C,27383_A|T,27384_T|C,27507_A|C,27807_C|T,27915_G|T,28271_A|T,28297_T|C,28311_C|T,28881_G|A,28882_G|A,28883_G|C,29510_A|C,29625_C|T,11288_11296,21633_21641,21765_21770,21992_21994,22194_22196,23009_23011,28254,28362_28370,29734_29759,21608_.|TCATGCCGCTGT,28250_.|CTG
USA/CO-CDPHE-41672883/2024	XDD	241_C|T,405_A|G,670_T|G,2334_C|T,2790_C|T,3037_C|T,3692_G|T,4184_G|A,4321_C|T,5720_G|A,6541_C|T,7842_A|G,8293_C|T,8393_G|A,9344_C|T,9424_A|G,9534_C|T,10029_C|T,10198_C|T,10447_G|A,10449_C|A,11042_G|T,11727_G|A,12789_C|T,12815_C|T,12880_C|T,13339_T|C,14408_C|T,15714_C|T,15756_T|A,17410_C|T,18163_A|G,18492_A|G,18894_C|T,19955_C|T,20055_A|G,21618_C|T,21622_C|T,21624_G|C,21711_C|T,21941_G|T,21987_G|A,22032_T|C,22033_C|A,22034_A|G,22200_T|G,22208_C|T,22295_C|A,22353_C|A,22556_A|G,22577_G|C,22578_G|A,22629_A|C,22674_C|T,22679_T|C,22686_C|T,22688_A|G,22770_G|A,22775_G|A,22786_A|C,22813_G|T,22882_T|G,22895_G|C,22896_T|A,22898_G|A,22910_A|G,22916_C|T,22917_T|G,22926_T|C,22942_T|A,22992_G|A,22995_C|A,23005_T|A,23012_G|A,23018_T|C,23019_T|C,23055_A|G,23063_A|T,23075_T|C,23222_G|A,23271_C|T,23403_A|G,23423_C|T,23525_C|T,23599_T|G,23604_C|G,23854_C|A,23948_G|T,24378_C|T,24424_A|T,24469_T|A,24990_C|T,25000_C|T,25207_C|T,25584_C|T,26060_C|T,26270_C|T,26275_A|G,26577_C|G,26709_G|A,26858_C|T,27259_A|C,27382_G|C,27383_A|T,27384_T|C,27507_A|C,27807_C|T,27915_G|T,28271_A|T,28297_T|C,28311_C|T,28881_G|A,28882_G|A,28883_G|C,29510_A|C,29625_C|T,11288_11296,21633_21641,21765_21770,21992_21994,22194_22196,23009_23011,28362_28370,29734_29759
USA/CO-CDPHE-41672894/2024	XDD	241_C|T,405_A|G,670_T|G,2334_C|T,2790_C|T,3037_C|T,3692_G|T,4184_G|A,4321_C|T,5720_G|A,6541_C|T,7842_A|G,8293_C|T,8393_G|A,9344_C|T,9424_A|G,9534_C|T,10029_C|T,10198_C|T,10447_G|A,10449_C|A,11042_G|T,11727_G|A,12789_C|T,12815_C|T,12880_C|T,13339_T|C,14408_C|T,15714_C|T,15756_T|A,17410_C|T,18163_A|G,18492_A|G,18894_C|T,19955_C|T,20055_A|G,21618_C|T,21622_C|T,21624_G|C,21711_C|T,21941_G|T,21987_G|A,22032_T|C,22033_C|A,22034_A|G,22200_T|G,22208_C|T,22295_C|A,22353_C|A,22556_A|G,22577_G|C,22578_G|A,22629_A|C,22674_C|T,22679_T|C,22686_C|T,22688_A|G,22770_G|A,22775_G|A,22786_A|C,22813_G|T,22882_T|G,22895_G|C,22896_T|A,22898_G|A,22910_A|G,22916_C|T,22917_T|G,22926_T|C,22942_T|A,22992_G|A,22995_C|A,23005_T|A,23012_G|A,23018_T|C,23019_T|C,23055_A|G,23063_A|T,23075_T|C,23222_G|A,23271_C|T,23403_A|G,23423_C|T,23525_C|T,23599_T|G,23604_C|G,23854_C|A,23948_G|T,24378_C|T,24424_A|T,24469_T|A,24990_C|T,25000_C|T,25207_C|T,25584_C|T,26060_C|T,26270_C|T,26275_A|G,26577_C|G,26709_G|A,26858_C|T,27259_A|C,27382_G|C,27383_A|T,27384_T|C,27507_A|C,27807_C|T,27915_G|T,28271_A|T,28297_T|C,28311_C|T,28881_G|A,28882_G|A,28883_G|C,29510_A|C,29625_C|T,11288_11296,21633_21641,21765_21770,21992_21994,22194_22196,23009_23011,28362_28370,29734_29759
USA/CO-CDPHE-41673200/2024	XDD	241_C|T,405_A|G,670_T|G,2334_C|T,2790_C|T,3037_C|T,4184_G|A,4321_C|T,5720_G|A,6541_C|T,7842_A|G,8293_C|T,8393_G|A,9344_C|T,9424_A|G,9534_C|T,10029_C|T,10198_C|T,10447_G|A,10449_C|A,11042_G|T,11727_G|A,12789_C|T,12815_C|T,12880_C|T,13339_T|C,14408_C|T,15714_C|T,15756_T|A,17410_C|T,18163_A|G,18492_A|G,18894_C|T,19955_C|T,20055_A|G,21618_C|T,21622_C|T,21624_G|C,21711_C|T,21941_G|T,21987_G|A,22032_T|C,22033_C|A,22034_A|G,22200_T|G,22208_C|T,22295_C|A,22353_C|A,22556_A|G,22577_G|C,22578_G|A,22629_A|C,22674_C|T,22679_T|C,22686_C|T,22688_A|G,22775_G|A,22786_A|C,22813_G|T,22882_T|G,22895_G|C,22896_T|A,22898_G|A,22910_A|G,22916_C|T,22917_T|G,22926_T|C,22942_T|A,22992_G|A,22995_C|A,23005_T|A,23012_G|A,23018_T|C,23019_T|C,23055_A|G,23063_A|T,23075_T|C,23222_G|A,23271_C|T,23403_A|G,23423_C|T,23525_C|T,23599_T|G,23604_C|G,23854_C|A,23948_G|T,24378_C|T,24424_A|T,24469_T|A,24990_C|T,25000_C|T,25207_C|T,25584_C|T,26060_C|T,26270_C|T,26275_A|G,26577_C|G,26709_G|A,26858_C|T,27259_A|C,27382_G|C,27383_A|T,27384_T|C,27507_A|C,27807_C|T,27915_G|T,28271_A|T,28297_T|C,28311_C|T,28645_T|C,28881_G|A,28882_G|A,28883_G|C,29510_A|C,29625_C|T,11288_11296,21633_21641,21765_21770,21992_21994,22194_22196,23009_23011,28362_28370,29734_29759
USA/CO-CDPHE-41686537/2024	XDD	241_C|T,405_A|G,670_T|G,2334_C|T,2790_C|T,3037_C|T,3692_G|T,4184_G|A,4321_C|T,5720_G|A,6541_C|T,7842_A|G,8293_C|T,8393_G|A,9344_C|T,9424_A|G,9534_C|T,10029_C|T,10198_C|T,10447_G|A,10449_C|A,11042_G|T,11727_G|A,12789_C|T,12815_C|T,12880_C|T,13339_T|C,14408_C|T,15714_C|T,15756_T|A,17410_C|T,18163_A|G,18326_C|T,18492_A|G,18894_C|T,19955_C|T,20055_A|G,21618_C|T,21622_C|T,21624_G|C,21711_C|T,21941_G|T,21987_G|A,22032_T|C,22033_C|A,22034_A|G,22200_T|G,22208_C|T,22295_C|A,22353_C|A,22556_A|G,22577_G|C,22578_G|A,22629_A|C,22674_C|T,22679_T|C,22686_C|T,22688_A|G,22770_G|A,22775_G|A,22786_A|C,22813_G|T,22882_T|G,22895_G|C,22896_T|A,22898_G|A,22910_A|G,22916_C|T,22917_T|G,22926_T|C,22942_T|A,22992_G|A,22995_C|A,23005_T|A,23012_G|A,23018_T|C,23019_T|C,23055_A|G,23063_A|T,23075_T|C,23222_G|A,23271_C|T,23403_A|G,23423_C|T,23525_C|T,23599_T|G,23604_C|G,23854_C|A,23948_G|T,24378_C|T,24424_A|T,24469_T|A,24990_C|T,25000_C|T,25143_A|C,25207_C|T,25584_C|T,26060_C|T,26270_C|T,26275_A|G,26577_C|G,26709_G|A,26858_C|T,26894_C|T,27259_A|C,27382_G|C,27383_A|T,27384_T|C,27507_A|C,27807_C|T,27915_G|T,28271_A|T,28297_T|C,28311_C|T,28881_G|A,28882_G|A,28883_G|C,29510_A|C,29625_C|T,11288_11296,21633_21641,21765_21770,21992_21994,22194_22196,23009_23011,28362_28370,29734_29759,21608_.|TCATGCCGCTGT
USA/CT-CDC-QDX90840333/2023	XDD	241_C|T,405_A|G,670_T|G,2334_C|T,2790_C|T,3037_C|T,3692_G|T,4184_G|A,4321_C|T,5720_G|A,6541_C|T,7842_A|G,8293_C|T,8393_G|A,9344_C|T,9424_A|G,9534_C|T,10029_C|T,10198_C|T,10447_G|A,10449_C|A,11042_G|T,11727_G|A,12789_C|T,12815_C|T,12880_C|T,13339_T|C,14408_C|T,15714_C|T,15756_T|A,17410_C|T,18163_A|G,18492_A|G,18894_C|T,19955_C|T,20055_A|G,21618_C|T,21622_C|T,21624_G|C,21711_C|T,21941_G|T,21987_G|A,22032_T|C,22033_C|A,22034_A|G,22200_T|G,22208_C|T,22295_C|A,22353_C|A,22556_A|G,22577_G|C,22578_G|A,22629_A|C,22674_C|T,22679_T|C,22686_C|T,22688_A|G,22770_G|A,22775_G|A,22786_A|C,22813_G|T,22882_T|G,22895_G|C,22896_T|A,22898_G|A,22910_A|G,22916_C|T,22917_T|G,22926_T|C,22942_T|A,22992_G|A,22995_C|A,23005_T|A,23012_G|A,23018_T|C,23019_T|C,23055_A|G,23063_A|T,23075_T|C,23222_G|A,23271_C|T,23403_A|G,23423_C|T,23525_C|T,23599_T|G,23604_C|G,23854_C|A,23948_G|T,24378_C|T,24424_A|T,24469_T|A,24990_C|T,25000_C|T,25207_C|T,25353_T|C,25584_C|T,26060_C|T,26270_C|T,26275_A|G,26577_C|G,26709_G|A,26858_C|T,27259_A|C,27382_G|C,27383_A|T,27384_T|C,27507_A|C,27807_C|T,27915_G|T,28271_A|T,28297_T|C,28311_C|T,28881_G|A,28882_G|A,28883_G|C,29247_C|T,29510_A|C,29625_C|T,11288_11296,21633_21641,21765_21770,21992_21994,22194_22196,23009_23011,28362_28370,29734_29759,21608_.|TCATGCCGCTGT
USA/CT-DPH-1199706001/2023	XDD	241_C|T,405_A|G,670_T|G,2334_C|T,2790_C|T,3037_C|T,3692_G|T,4184_G|A,4321_C|T,5720_G|A,6541_C|T,7842_A|G,8293_C|T,8393_G|A,9344_C|T,9424_A|G,9534_C|T,10029_C|T,10198_C|T,10447_G|A,10449_C|A,11042_G|T,11727_G|A,12789_C|T,12815_C|T,12880_C|T,13339_T|C,14408_C|T,15714_C|T,15756_T|A,17410_C|T,18163_A|G,18492_A|G,18894_C|T,19955_C|T,20055_A|G,21618_C|T,21622_C|T,21624_G|C,21711_C|T,21941_G|T,21987_G|A,22032_T|C,22033_C|A,22034_A|G,22200_T|G,22208_C|T,22295_C|A,22353_C|A,22556_A|G,22577_G|C,22578_G|A,22629_A|C,22674_C|T,22679_T|C,22686_C|T,22688_A|G,22770_G|A,22775_G|A,22786_A|C,22813_G|T,22882_T|G,22895_G|C,22896_T|A,22898_G|A,22910_A|G,22916_C|T,22917_T|G,22926_T|C,22942_T|A,22992_G|A,22995_C|A,23005_T|A,23012_G|A,23018_T|C,23019_T|C,23055_A|G,23063_A|T,23075_T|C,23222_G|A,23271_C|T,23403_A|G,23423_C|T,23525_C|T,23599_T|G,23604_C|G,23854_C|A,23948_G|T,24378_C|T,24424_A|T,24469_T|A,24990_C|T,25000_C|T,25207_C|T,25584_C|T,26060_C|T,26270_C|T,26275_A|G,26577_C|G,26709_G|A,26858_C|T,27259_A|C,27382_G|C,27383_A|T,27384_T|C,27507_A|C,27807_C|T,27915_G|T,28271_A|T,28297_T|C,28311_C|T,28881_G|A,28882_G|A,28883_G|C,29247_C|T,29510_A|C,29625_C|T,11288_11296,21633_21641,21765_21770,21992_21994,22194_22196,23009_23011,28362_28370,21608_.|TCATGCCGCTGT
USA/CT-DPH-1208025001/2024	XDD	241_C|T,405_A|G,670_T|G,2334_C|T,2790_C|T,3037_C|T,4184_G|A,4321_C|T,5720_G|A,6145_C|T,6500_C|T,6541_C|T,7842_A|G,8293_C|T,8393_G|A,9344_C|T,9424_A|G,9534_C|T,9802_G|A,10029_C|T,10198_C|T,10447_G|A,10449_C|A,11042_G|T,11727_G|A,12789_C|T,12815_C|T,12880_C|T,13339_T|C,14408_C|T,15714_C|T,15756_T|A,17410_C|T,18163_A|G,18492_A|G,18894_C|T,19955_C|T,20055_A|G,21618_C|T,21622_C|T,21624_G|C,21711_C|T,21941_G|T,21987_G|A,22032_T|C,22033_C|A,22034_A|G,22200_T|G,22208_C|T,22295_C|A,22353_C|A,22556_A|G,22577_G|C,22578_G|A,22629_A|C,22674_C|T,22679_T|C,22686_C|T,22688_A|G,22770_G|A,22775_G|A,22786_A|C,22813_G|T,22882_T|G,22895_G|C,22896_T|A,22898_G|A,22910_A|G,22916_C|T,22917_T|G,22926_T|C,22942_T|A,22992_G|A,22995_C|A,23005_T|A,23012_G|A,23018_T|C,23019_T|C,23055_A|G,23063_A|T,23075_T|C,23222_G|A,23271_C|T,23403_A|G,23423_C|T,23525_C|T,23599_T|G,23604_C|G,23854_C|A,23948_G|T,24378_C|T,24424_A|T,24469_T|A,24990_C|T,25000_C|T,25207_C|T,25584_C|T,26060_C|T,26130_T|C,26270_C|T,26275_A|G,26577_C|G,26709_G|A,26858_C|T,27259_A|C,27382_G|C,27383_A|T,27384_T|C,27507_A|C,27807_C|T,27915_G|T,28271_A|T,28297_T|C,28311_C|T,28376_G|A,28881_G|A,28882_G|A,28883_G|C,29510_A|C,29625_C|T,11288_11296,21633_21641,21765_21770,21992_21994,22194_22196,23009_23011,28362_28370,21608_.|TCATGCCGCTGT
USA/FL-CDC-QDX91525118/2024	XDD	241_C|T,405_A|G,670_T|G,2334_C|T,2494_G|T,2790_C|T,3037_C|T,3692_G|T,4184_G|A,4321_C|T,5720_G|A,6541_C|T,7842_A|G,8293_C|T,8393_G|A,9344_C|T,9424_A|G,9534_C|T,10029_C|T,10198_C|T,10447_G|A,10449_C|A,11042_G|T,11365_G|T,11727_G|A,12789_C|T,12815_C|T,12880_C|T,13339_T|C,14408_C|T,15714_C|T,15756_T|A,17410_C|T,18163_A|G,18492_A|G,18894_C|T,19955_C|T,20055_A|G,21618_C|T,21622_C|T,21624_G|C,21711_C|T,21941_G|T,21987_G|A,22032_T|C,22033_C|A,22034_A|G,22200_T|G,22208_C|T,22295_C|A,22353_C|A,22556_A|G,22577_G|C,22578_G|A,22629_A|C,22674_C|T,22679_T|C,22686_C|T,22688_A|G,22770_G|A,22775_G|A,22786_A|C,22813_G|T,22882_T|G,22895_G|C,22896_T|A,22898_G|A,22910_A|G,22916_C|T,22917_T|G,22926_T|C,22942_T|A,22992_G|A,22995_C|A,23005_T|A,23012_G|A,23018_T|C,23019_T|C,23055_A|G,23063_A|T,23075_T|C,23222_G|A,23271_C|T,23403_A|G,23423_C|T,23525_C|T,23599_T|G,23604_C|G,23854_C|A,23948_G|T,24378_C|T,24424_A|T,24469_T|A,24990_C|T,25000_C|T,25207_C|T,25584_C|T,25782_C|T,26060_C|T,26270_C|T,26275_A|G,26577_C|G,26709_G|A,26858_C|T,27259_A|C,27382_G|C,27383_A|T,27384_T|C,27507_A|C,27807_C|T,27915_G|T,28271_A|T,28297_T|C,28311_C|T,28881_G|A,28882_G|A,28883_G|C,29311_C|T,29510_A|C,29625_C|T,11288_11296,21633_21641,21765_21770,21992_21994,22194_22196,23009_23011,28362_28370,29734_29759,21608_.|TCATGCCGCTGT
USA/FL-CDC-QDX91705443/2024	XDD	241_C|T,405_A|G,670_T|G,2334_C|T,2790_C|T,3037_C|T,3561_T|C,4184_G|A,4321_C|T,5720_G|A,6541_C|T,7842_A|G,8293_C|T,8393_G|A,9344_C|T,9424_A|G,9534_C|T,10029_C|T,10198_C|T,10447_G|A,10449_C|A,11042_G|T,11727_G|A,12080_G|A,12789_C|T,12815_C|T,12880_C|T,13339_T|C,14408_C|T,15540_C|T,15714_C|T,15756_T|A,16323_C|T,17410_C|T,18163_A|G,18492_A|G,18894_C|T,19955_C|T,20055_A|G,21618_C|T,21622_C|T,21624_G|C,21711_C|T,21941_G|T,21987_G|A,22032_T|C,22033_C|A,22034_A|G,22200_T|G,22208_C|T,22295_C|A,22353_C|A,22556_A|G,22577_G|C,22578_G|A,22629_A|C,22674_C|T,22679_T|C,22686_C|T,22688_A|G,22770_G|A,22775_G|A,22786_A|C,22813_G|T,22882_T|G,22895_G|C,22896_T|A,22898_G|A,22910_A|G,22916_C|T,22917_T|G,22926_T|C,22942_T|A,22992_G|A,22995_C|A,23005_T|A,23012_G|A,23018_T|C,23019_T|C,23055_A|G,23063_A|T,23075_T|C,23222_G|A,23271_C|T,23403_A|G,23423_C|T,23525_C|T,23599_T|G,23604_C|G,23854_C|A,23948_G|T,24378_C|T,24424_A|T,24469_T|A,24990_C|T,25000_C|T,25207_C|T,25584_C|T,26060_C|T,26270_C|T,26275_A|G,26577_C|G,26709_G|A,26858_C|T,27259_A|C,27382_G|C,27383_A|T,27384_T|C,27507_A|C,27807_C|T,27915_G|T,28271_A|T,28297_T|C,28311_C|T,28881_G|A,28882_G|A,28883_G|C,29510_A|C,29625_C|T,11288_11296,21633_21641,21765_21770,21992_21994,22194_22196,23009_23011,28362_28370,29734_29759,21608_.|TCATGCCGCTGT
USA/FL-CDC-QDX92231917/2024	XDD	241_C|T,405_A|G,670_T|G,2334_C|T,2790_C|T,3037_C|T,4184_G|A,4321_C|T,5720_G|A,6541_C|T,7842_A|G,8293_C|T,8393_G|A,9344_C|T,9424_A|G,9534_C|T,10029_C|T,10198_C|T,10447_G|A,10449_C|A,11042_G|T,11727_G|A,12789_C|T,12815_C|T,12880_C|T,13339_T|C,14408_C|T,15714_C|T,15756_T|A,17410_C|T,18163_A|G,18492_A|G,18894_C|T,19955_C|T,20055_A|G,21618_C|T,21622_C|T,21624_G|C,21711_C|T,21790_T|C,21941_G|T,21987_G|A,22032_T|C,22033_C|A,22034_A|G,22200_T|G,22208_C|T,22295_C|A,22353_C|A,22556_A|G,22577_G|C,22578_G|A,22629_A|C,22674_C|T,22679_T|C,22686_C|T,22688_A|G,22770_G|A,22775_G|A,22786_A|C,22813_G|T,22882_T|G,22895_G|C,22896_T|A,22898_G|A,22910_A|G,22916_C|T,22917_T|G,22926_T|C,22942_T|A,22992_G|A,22995_C|A,23005_T|A,23012_G|A,23018_T|C,23019_T|C,23055_A|G,23063_A|T,23075_T|C,23222_G|A,23271_C|T,23403_A|G,23423_C|T,23525_C|T,23599_T|G,23604_C|G,23854_C|A,23948_G|T,24378_C|T,24424_A|T,24469_T|A,24964_C|T,24990_C|T,25000_C|T,25207_C|T,25584_C|T,26060_C|T,26270_C|T,26275_A|G,26577_C|G,26709_G|A,26858_C|T,27259_A|C,27382_G|C,27383_A|T,27384_T|C,27507_A|C,27519_C|T,27807_C|T,27915_G|T,28271_A|T,28297_T|C,28311_C|T,28881_G|A,28882_G|A,28883_G|C,29510_A|C,29625_C|T,11288_11296,21633_21641,21765_21770,21992_21994,22194_22196,23009_23011,28362_28370,29734_29759,21608_.|TCATGCCGCTGT
USA/FL-USAFSAM-S22471/2024	XDD	241_C|T,405_A|G,670_T|G,2334_C|T,2790_C|T,3037_C|T,4184_G|A,4321_C|T,4378_T|C,5720_G|A,6541_C|T,7842_A|G,8293_C|T,8393_G|A,9344_C|T,9424_A|G,9534_C|T,10029_C|T,10198_C|T,10447_G|A,10449_C|A,10696_T|C,11042_G|T,11083_G|T,11727_G|A,12789_C|T,12815_C|T,12880_C|T,13339_T|C,14408_C|T,15714_C|T,15756_T|A,17410_C|T,18163_A|G,18492_A|G,18894_C|T,19955_C|T,20055_A|G,21618_C|T,21622_C|T,21624_G|C,21711_C|T,21941_G|T,21987_G|A,22032_T|C,22033_C|A,22034_A|G,22200_T|G,22208_C|T,22295_C|A,22353_C|A,22556_A|G,22577_G|C,22578_G|A,22629_A|C,22674_C|T,22679_T|C,22686_C|T,22688_A|G,22770_G|A,22775_G|A,22786_A|C,22813_G|T,22882_T|G,22895_G|C,22896_T|A,22898_G|A,22910_A|G,22916_C|T,22917_T|G,22926_T|C,22942_T|A,22992_G|A,22995_C|A,23005_T|A,23012_G|A,23018_T|C,23019_T|C,23055_A|G,23063_A|T,23075_T|C,23222_G|A,23271_C|T,23403_A|G,23423_C|T,23525_C|T,23599_T|G,23604_C|G,23854_C|A,23948_G|T,24378_C|T,24424_A|T,24469_T|A,24990_C|T,25000_C|T,25207_C|T,25584_C|T,26060_C|T,26270_C|T,26275_A|G,26577_C|G,26709_G|A,26858_C|T,27259_A|C,27382_G|C,27383_A|T,27384_T|C,27507_A|C,27807_C|T,27915_G|T,28271_A|T,28297_T|C,28311_C|T,28881_G|A,28882_G|A,28883_G|C,29510_A|C,29625_C|T,11288_11296,21633_21641,21765_21770,21992_21994,22194_22196,23009_23011,28362_28370,29734_29759,21608_.|TCATGCCGCTGT
USA/GA-CDC-QDX90793075/2023	XDD	241_C|T,405_A|G,670_T|G,913_C|T,2334_C|T,2790_C|T,3037_C|T,4184_G|A,4321_C|T,5720_G|A,6541_C|T,7042_G|T,7842_A|G,8293_C|T,8393_G|A,9344_C|T,9424_A|G,9534_C|T,10029_C|T,10198_C|T,10447_G|A,10449_C|A,11042_G|T,11727_G|A,12446_A|G,12789_C|T,12815_C|T,12880_C|T,13339_T|C,14408_C|T,15714_C|T,15756_T|A,17410_C|T,18163_A|G,18492_A|G,18894_C|T,19955_C|T,20055_A|G,21618_C|T,21622_C|T,21624_G|C,21711_C|T,21941_G|T,21987_G|A,22032_T|C,22033_C|A,22034_A|G,22200_T|G,22208_C|T,22295_C|A,22353_C|A,22556_A|G,22577_G|C,22578_G|A,22629_A|C,22674_C|T,22679_T|C,22686_C|T,22688_A|G,22770_G|A,22775_G|A,22786_A|C,22813_G|T,22882_T|G,22895_G|C,22896_T|A,22898_G|A,22910_A|G,22916_C|T,22917_T|G,22926_T|C,22942_T|A,22992_G|A,22995_C|A,23005_T|A,23012_G|A,23018_T|C,23019_T|C,23055_A|G,23063_A|T,23075_T|C,23222_G|A,23271_C|T,23403_A|G,23423_C|T,23525_C|T,23599_T|G,23604_C|G,23854_C|A,23948_G|T,24378_C|T,24424_A|T,24469_T|A,24990_C|T,25000_C|T,25207_C|T,25584_C|T,26060_C|T,26270_C|T,26275_A|G,26577_C|G,26709_G|A,26858_C|T,27259_A|C,27382_G|C,27383_A|T,27384_T|C,27507_A|C,27807_C|T,27915_G|T,28271_A|T,28297_T|C,28311_C|T,28881_G|A,28882_G|A,28883_G|C,29510_A|C,29625_C|T,11288_11296,21633_21641,21765_21770,21992_21994,22194_22196,23009_23011,28362_28370,29734_29759,21608_.|TCATGCCGCTGT
USA/GA-GPHL-0105/2024	XDD	241_C|T,405_A|G,670_T|G,2334_C|T,2790_C|T,3037_C|T,3692_G|T,4184_G|A,4321_C|T,5720_G|A,6541_C|T,7842_A|G,8293_C|T,8393_G|A,9344_C|T,9424_A|G,9534_C|T,10029_C|T,10198_C|T,10447_G|A,10449_C|A,11042_G|T,11727_G|A,12789_C|T,12815_C|T,12880_C|T,13339_T|C,14408_C|T,15714_C|T,15756_T|A,17410_C|T,18163_A|G,18492_A|G,18894_C|T,19955_C|T,20055_A|G,21618_C|T,21622_C|T,21624_G|C,21711_C|T,21941_G|T,21987_G|A,22032_T|C,22033_C|A,22034_A|G,22200_T|G,22208_C|T,22295_C|A,22353_C|A,22556_A|G,22577_G|C,22578_G|A,22629_A|C,22674_C|T,22679_T|C,22686_C|T,22688_A|G,22770_G|A,22775_G|A,22786_A|C,22882_T|G,22895_G|C,22896_T|A,22898_G|A,22910_A|G,22916_C|T,22917_T|G,22926_T|C,22942_T|A,22992_G|A,22995_C|A,23005_T|A,23012_G|A,23018_T|C,23019_T|C,23055_A|G,23063_A|T,23075_T|C,23222_G|A,23271_C|T,23403_A|G,23423_C|T,23525_C|T,23599_T|G,23604_C|G,23854_C|A,23948_G|T,24378_C|T,24424_A|T,24469_T|A,24990_C|T,25000_C|T,25207_C|T,25584_C|T,26060_C|T,26270_C|T,26275_A|G,26577_C|G,26709_G|A,26858_C|T,27259_A|C,27382_G|C,27383_A|T,27384_T|C,27507_A|C,27807_C|T,27915_G|T,28271_A|T,28297_T|C,28311_C|T,28881_G|A,28882_G|A,28883_G|C,29510_A|C,29625_C|T,11288_11296,21633_21641,21765_21770,21992_21994,22194_22196,23009_23011,28362_28370,29734_29759,21608_.|TCATGCCGCTGT
USA/IL-CDC-QDX90794370/2023	XDD	241_C|T,405_A|G,670_T|G,2334_C|T,2790_C|T,3037_C|T,3692_G|T,4184_G|A,4321_C|T,5720_G|A,6541_C|T,7842_A|G,8293_C|T,8393_G|A,9344_C|T,9424_A|G,9534_C|T,10029_C|T,10198_C|T,10447_G|A,10449_C|A,11042_G|T,11727_G|A,12789_C|T,12815_C|T,12880_C|T,13339_T|C,14408_C|T,15714_C|T,15756_T|A,17410_C|T,18163_A|G,18492_A|G,18894_C|T,19269_C|T,19955_C|T,20055_A|G,21618_C|T,21622_C|T,21624_G|C,21658_C|T,21711_C|T,21941_G|T,21987_G|A,22032_T|C,22033_C|A,22034_A|G,22200_T|G,22208_C|T,22295_C|A,22353_C|A,22556_A|G,22577_G|C,22578_G|A,22629_A|C,22674_C|T,22679_T|C,22686_C|T,22688_A|G,22770_G|A,22775_G|A,22786_A|C,22813_G|T,22882_T|G,22895_G|C,22896_T|A,22898_G|A,22910_A|G,22916_C|T,22917_T|G,22926_T|C,22942_T|A,22992_G|A,22995_C|A,23005_T|A,23012_G|A,23018_T|C,23019_T|C,23055_A|G,23063_A|T,23075_T|C,23222_G|A,23271_C|T,23403_A|G,23423_C|T,23525_C|T,23599_T|G,23604_C|G,23854_C|A,23948_G|T,24378_C|T,24424_A|T,24469_T|A,24990_C|T,25000_C|T,25207_C|T,25584_C|T,26060_C|T,26270_C|T,26275_A|G,26577_C|G,26709_G|A,26858_C|T,27259_A|C,27382_G|C,27383_A|T,27384_T|C,27507_A|C,27807_C|T,27915_G|T,28271_A|T,28297_T|C,28311_C|T,28881_G|A,28882_G|A,28883_G|C,29247_C|T,29510_A|C,29625_C|T,11288_11296,21633_21641,21765_21770,21992_21994,22194_22196,23009_23011,28362_28370,29734_29759,21608_.|TCATGCCGCTGT
USA/IL-RIPHL_122625_G/2024	XDD	241_C|T,405_A|G,670_T|G,1725_T|A,2334_C|T,2449_C|T,2790_C|T,3037_C|T,3237_A|G,3496_G|A,4184_G|A,4321_C|T,5720_G|A,6541_C|T,7842_A|G,8293_C|T,8393_G|A,9344_C|T,9424_A|G,9534_C|T,10029_C|T,10198_C|T,10447_G|A,10449_C|A,11042_G|T,11727_G|A,12789_C|T,12815_C|T,12880_C|T,13339_T|C,14408_C|T,15714_C|T,15756_T|A,17410_C|T,18163_A|G,18492_A|G,18894_C|T,19955_C|T,20055_A|G,21618_C|T,21622_C|T,21624_G|C,21711_C|T,21941_G|T,21987_G|A,22032_T|C,22033_C|A,22034_A|G,22200_T|G,22208_C|T,22295_C|A,22353_C|A,22556_A|G,22577_G|C,22578_G|A,22629_A|C,22674_C|T,22679_T|C,22686_C|T,22688_A|G,22770_G|C,22775_G|A,22786_A|C,22813_G|T,22882_T|G,22895_G|C,22896_T|A,22898_G|A,22910_A|G,22916_C|T,22917_T|G,22926_T|C,22942_T|A,22992_G|A,22995_C|A,23005_T|A,23012_G|A,23018_T|C,23019_T|C,23055_A|G,23063_A|T,23075_T|C,23222_G|A,23271_C|T,23403_A|G,23423_C|T,23525_C|T,23599_T|G,23604_C|G,23854_C|A,23948_G|T,24378_C|T,24424_A|T,24469_T|A,24990_C|T,25000_C|T,25207_C|T,25322_T|A,25584_C|T,26060_C|T,26270_C|T,26275_A|G,26577_C|G,26709_G|A,26858_C|T,27259_A|C,27382_G|C,27383_A|T,27384_T|C,27507_A|C,27807_C|T,27915_G|T,28271_A|T,28297_T|C,28311_C|T,28881_G|A,28882_G|A,28883_G|C,29510_A|C,29625_C|T,11288_11296,21633_21641,21765_21770,21992_21994,22194_22196,23009_23011,28362_28370,29734_29759
USA/IL-RIPHL_122829_G/2024	XDD	241_C|T,405_A|G,670_T|G,2334_C|T,2790_C|T,3037_C|T,4184_G|A,4321_C|T,5720_G|A,6541_C|T,7842_A|G,8293_C|T,8393_G|A,9344_C|T,9424_A|G,9534_C|T,10029_C|T,10198_C|T,10447_G|A,10449_C|A,11042_G|T,11727_G|A,12789_C|T,12815_C|T,12880_C|T,13339_T|C,14408_C|T,15714_C|T,15756_T|A,16887_C|T,17410_C|T,18163_A|G,18492_A|G,18894_C|T,19955_C|T,20055_A|G,20131_G|A,21618_C|T,21622_C|T,21624_G|C,21711_C|T,21941_G|T,21987_G|A,22032_T|C,22033_C|A,22034_A|G,22200_T|G,22208_C|T,22295_C|A,22353_C|A,22556_A|G,22577_G|C,22578_G|A,22629_A|C,22674_C|T,22679_T|C,22686_C|T,22688_A|G,22770_G|A,22775_G|A,22786_A|C,22813_G|T,22882_T|G,22895_G|C,22896_T|A,22898_G|A,22910_A|G,22916_C|T,22917_T|G,22926_T|C,22942_T|A,22992_G|A,22995_C|A,23005_T|A,23012_G|A,23018_T|C,23019_T|C,23055_A|G,23063_A|T,23075_T|C,23222_G|A,23271_C|T,23403_A|G,23423_C|T,23525_C|T,23599_T|G,23604_C|G,23854_C|A,23948_G|T,24378_C|T,24424_A|T,24469_T|A,24990_C|T,25000_C|T,25207_C|T,25584_C|T,26060_C|T,26270_C|T,26275_A|G,26709_G|A,26858_C|T,27259_A|C,27382_G|C,27383_A|T,27384_T|C,27507_A|C,27807_C|T,27915_G|T,28271_A|T,28297_T|C,28311_C|T,28881_G|A,28882_G|A,28883_G|C,29510_A|C,29625_C|T,11288_11296,21633_21641,21765_21770,21992_21994,22194_22196,23009_23011,28362_28370,29734_29759,21608_.|TCATGCCGCTGT
USA/IL-RIPHL_14094_G/2024	XDD	241_C|T,405_A|G,670_T|G,2334_C|T,2790_C|T,3037_C|T,4184_G|A,4321_C|T,5720_G|A,6541_C|T,7842_A|G,8293_C|T,8393_G|A,9344_C|T,9424_A|G,9534_C|T,10029_C|T,10198_C|T,10447_G|A,10449_C|A,11042_G|T,11727_G|A,12789_C|T,12815_C|T,12880_C|T,13339_T|C,14408_C|T,15714_C|T,15756_T|A,17410_C|T,18163_A|G,18492_A|G,18894_C|T,19955_C|T,20055_A|G,21618_C|T,21622_C|T,21624_G|C,21711_C|T,21941_G|T,21987_G|A,22032_T|C,22033_C|A,22034_A|G,22200_T|G,22208_C|T,22295_C|A,22353_C|A,22556_A|G,22577_G|C,22578_G|A,22629_A|C,22674_C|T,22679_T|C,22686_C|T,22688_A|G,22770_G|A,22775_G|A,22786_A|C,22813_G|T,22882_T|G,22895_G|C,22896_T|A,22898_G|A,22910_A|G,22916_C|T,22917_T|G,22926_T|C,22942_T|A,22992_G|A,22995_C|A,23005_T|A,23012_G|A,23018_T|C,23019_T|C,23055_A|G,23063_A|T,23075_T|C,23222_G|A,23271_C|T,23403_A|G,23423_C|T,23525_C|T,23599_T|G,23604_C|G,23854_C|A,23948_G|T,24378_C|T,24424_A|T,24469_T|A,24990_C|T,25000_C|T,25207_C|T,25584_C|T,26060_C|T,26270_C|T,26275_A|G,26709_G|A,26858_C|T,27259_A|C,27382_G|C,27383_A|T,27384_T|C,27507_A|C,27807_C|T,27915_G|T,28271_A|T,28297_T|C,28311_C|T,28881_G|A,28882_G|A,28883_G|C,29383_G|A,29510_A|C,29625_C|T,11288_11296,21633_21641,21765_21770,21992_21994,22194_22196,23009_23011,28362_28370,29734_29759,21608_.|TCATGCCGCTGT
USA/IL-RIPHL_14325_G/2024	XDD	241_C|T,405_A|G,670_T|G,2334_C|T,2790_C|T,3037_C|T,3902_C|T,4184_G|A,4321_C|T,5720_G|A,6541_C|T,7842_A|G,8293_C|T,8393_G|A,9344_C|T,9424_A|G,9534_C|T,10029_C|T,10198_C|T,10447_G|A,10449_C|A,11042_G|T,11727_G|A,12789_C|T,12815_C|T,12880_C|T,13339_T|C,14408_C|T,15714_C|T,15756_T|A,17410_C|T,18163_A|G,18492_A|G,18555_C|T,18894_C|T,19955_C|T,20055_A|G,21618_C|T,21622_C|T,21624_G|C,21711_C|T,21941_G|T,21987_G|A,22032_T|C,22033_C|A,22034_A|G,22200_T|G,22208_C|T,22295_C|A,22353_C|A,22556_A|G,22577_G|C,22578_G|A,22629_A|C,22674_C|T,22679_T|C,22686_C|T,22688_A|G,22770_G|A,22775_G|A,22786_A|C,22813_G|T,22882_T|G,22895_G|C,22896_T|A,22898_G|A,22910_A|G,22916_C|T,22917_T|G,22926_T|C,22942_T|A,22992_G|A,22995_C|A,23005_T|A,23012_G|A,23018_T|C,23019_T|C,23055_A|G,23063_A|T,23075_T|C,23222_G|A,23271_C|T,23403_A|G,23423_C|T,23525_C|T,23542_T|C,23599_T|G,23604_C|G,23854_C|A,23948_G|T,24378_C|T,24424_A|T,24469_T|A,24990_C|T,25000_C|T,25207_C|T,25584_C|T,26060_C|T,26270_C|T,26275_A|G,26313_C|T,26577_C|G,26709_G|A,26858_C|T,27259_A|C,27379_A|G,27382_G|C,27383_A|T,27384_T|C,27507_A|C,27807_C|T,27915_G|T,28271_A|T,28297_T|C,28311_C|T,28881_G|A,28882_G|A,28883_G|C,29353_C|T,29510_A|C,29625_C|T,11288_11296,21633_21641,21765_21770,21992_21994,22194_22196,23009_23011,28362_28370,29734_29759,21608_.|TCATGCCGCTGT
USA/IL-RIPHL_32724_G/2024	XDD	241_C|T,405_A|G,583_C|T,670_T|G,2334_C|T,2790_C|T,3037_C|T,4184_G|A,4321_C|T,5720_G|A,6541_C|T,7842_A|G,8293_C|T,8393_G|A,9344_C|T,9424_A|G,9534_C|T,10029_C|T,10198_C|T,10447_G|A,10449_C|A,11042_G|T,11727_G|A,12789_C|T,12815_C|T,12880_C|T,13339_T|C,14408_C|T,15714_C|T,15756_T|A,17410_C|T,18163_A|G,18492_A|G,18894_C|T,19955_C|T,20055_A|G,21618_C|T,21622_C|T,21624_G|C,21711_C|T,21941_G|T,21987_G|A,22032_T|C,22033_C|A,22034_A|G,22200_T|G,22208_C|T,22295_C|A,22353_C|A,22556_A|G,22577_G|C,22578_G|A,22629_A|C,22674_C|T,22679_T|C,22686_C|T,22688_A|G,22770_G|A,22775_G|A,22786_A|C,22813_G|T,22882_T|G,22895_G|C,22896_T|A,22898_G|A,22910_A|G,22916_C|T,22917_T|G,22926_T|C,22942_T|A,22992_G|A,22995_C|A,23005_T|A,23012_G|A,23018_T|C,23019_T|C,23055_A|G,23063_A|T,23075_T|C,23222_G|A,23271_C|T,23403_A|G,23423_C|T,23525_C|T,23599_T|G,23604_C|G,23854_C|A,23948_G|T,24378_C|T,24424_A|T,24469_T|A,24990_C|T,25000_C|T,25207_C|T,25584_C|T,26060_C|T,26270_C|T,26275_A|G,26577_C|G,26709_G|A,26858_C|T,27259_A|C,27382_G|C,27383_A|T,27384_T|C,27507_A|C,27807_C|T,27915_G|T,28271_A|T,28297_T|C,28311_C|T,28881_G|A,28882_G|A,28883_G|C,29510_A|C,29625_C|T,11288_11296,21633_21641,21765_21770,21992_21994,22194_22196,23009_23011,28362_28370,29734_29759,21608_.|TCATGCCGCTGT
USA/IL-RIPHL_81345_G/2024	XDD	241_C|T,405_A|G,670_T|G,2334_C|T,2790_C|T,3037_C|T,4184_G|A,4321_C|T,5720_G|A,6541_C|T,7842_A|G,8293_C|T,8393_G|A,9344_C|T,9424_A|G,9534_C|T,10029_C|T,10198_C|T,10447_G|A,10449_C|A,11042_G|T,11727_G|A,12789_C|T,12815_C|T,12880_C|T,13339_T|C,14408_C|T,15714_C|T,15756_T|A,16887_C|T,17410_C|T,18163_A|G,18492_A|G,18894_C|T,19955_C|T,20055_A|G,20131_G|A,21618_C|T,21622_C|T,21624_G|C,21711_C|T,21941_G|T,21987_G|A,22032_T|C,22033_C|A,22034_A|G,22200_T|G,22208_C|T,22353_C|A,22556_A|G,22577_G|C,22578_G|A,22629_A|C,22674_C|T,22679_T|C,22686_C|T,22688_A|G,22770_G|A,22775_G|A,22786_A|C,22813_G|T,22882_T|G,22895_G|C,22896_T|A,22898_G|A,22910_A|G,22916_C|T,22917_T|G,22926_T|C,22942_T|A,22992_G|A,22995_C|A,23005_T|A,23012_G|A,23018_T|C,23019_T|C,23055_A|G,23063_A|T,23075_T|C,23222_G|A,23271_C|T,23403_A|G,23423_C|T,23525_C|T,23599_T|G,23604_C|G,23854_C|A,23948_G|T,24378_C|T,24424_A|T,24469_T|A,24990_C|T,25000_C|T,25207_C|T,25584_C|T,26060_C|T,26270_C|T,26275_A|G,26709_G|A,26858_C|T,27259_A|C,27382_G|C,27383_A|T,27384_T|C,27507_A|C,27807_C|T,27915_G|T,28271_A|T,28297_T|C,28311_C|T,28881_G|A,28882_G|A,28883_G|C,29510_A|C,29625_C|T,11288_11296,21633_21641,21765_21770,21992_21994,22194_22196,23009_23011,28362_28370,29734_29759,21608_.|TCATGCCGCTGT
USA/IVY-G43S08F3/2024	XDD	241_C|T,405_A|G,598_G|A,670_T|G,2334_C|T,2790_C|T,3037_C|T,4184_G|A,4321_C|T,5142_C|T,5720_G|A,6008_G|A,6541_C|T,7712_C|T,7842_A|G,8293_C|T,8393_G|A,9344_C|T,9424_A|G,9534_C|T,10029_C|T,10198_C|T,10447_G|A,10449_C|A,11042_G|T,11727_G|A,12789_C|T,12815_C|T,12880_C|T,13339_T|C,14408_C|T,15714_C|T,15756_T|A,17410_C|T,18163_A|G,18492_A|G,18501_C|T,18894_C|T,19955_C|T,20055_A|G,21618_C|T,21622_C|T,21624_G|C,21711_C|T,21941_G|T,21987_G|A,22032_T|C,22033_C|A,22034_A|G,22200_T|G,22208_C|T,22295_C|A,22353_C|A,22556_A|G,22577_G|C,22578_G|A,22629_A|C,22674_C|T,22679_T|C,22686_C|T,22688_A|G,22770_G|A,22775_G|A,22786_A|C,22813_G|T,22882_T|G,22895_G|C,22896_T|A,22898_G|A,22910_A|G,22916_C|T,22917_T|G,22926_T|C,22942_T|A,22992_G|A,22995_C|A,22998_C|T,23005_T|A,23012_G|A,23018_T|C,23019_T|C,23055_A|G,23063_A|T,23075_T|C,23222_G|A,23271_C|T,23403_A|G,23423_C|T,23525_C|T,23599_T|G,23604_C|G,23854_C|A,23948_G|T,24378_C|T,24424_A|T,24469_T|A,24990_C|T,25000_C|T,25207_C|T,25584_C|T,26060_C|T,26270_C|T,26275_A|G,26577_C|G,26709_G|A,26858_C|T,27259_A|C,27382_G|C,27383_A|T,27384_T|C,27507_A|C,27807_C|T,27915_G|T,28271_A|T,28297_T|C,28311_C|T,28881_G|A,28882_G|A,28883_G|C,29167_C|T,29510_A|C,29625_C|T,11288_11296,21633_21641,21765_21770,21992_21994,22194_22196,23009_23011,28362_28370,21608_.|TCATGCCGCTGT
USA/MA-CDC-QDX91125707/2024	XDD	241_C|T,405_A|G,670_T|G,2334_C|T,2790_C|T,3037_C|T,4184_G|A,4321_C|T,5720_G|A,6145_C|T,6500_C|T,6541_C|T,7842_A|G,8293_C|T,8393_G|A,9344_C|T,9424_A|G,9534_C|T,9802_G|A,10029_C|T,10198_C|T,10447_G|A,10449_C|A,11042_G|T,11727_G|A,12789_C|T,12815_C|T,12880_C|T,13339_T|C,14408_C|T,15714_C|T,15756_T|A,17410_C|T,18163_A|G,18492_A|G,18894_C|T,19955_C|T,20055_A|G,21618_C|T,21622_C|T,21624_G|C,21627_C|A,21711_C|T,21941_G|T,21987_G|A,22032_T|C,22033_C|A,22034_A|G,22200_T|G,22208_C|T,22295_C|A,22353_C|A,22556_A|G,22577_G|C,22578_G|A,22629_A|C,22674_C|T,22679_T|C,22686_C|T,22688_A|G,22770_G|A,22775_G|A,22786_A|C,22813_G|T,22882_T|G,22895_G|C,22896_T|A,22898_G|A,22910_A|G,22916_C|T,22917_T|G,22926_T|C,22942_T|A,22992_G|A,22995_C|A,23005_T|A,23012_G|A,23018_T|C,23019_T|C,23055_A|G,23063_A|T,23075_T|C,23222_G|A,23271_C|T,23403_A|G,23423_C|T,23525_C|T,23599_T|G,23604_C|G,23854_C|A,23948_G|T,24378_C|T,24424_A|T,24469_T|A,24990_C|T,25000_C|T,25207_C|T,25584_C|T,26060_C|T,26270_C|T,26275_A|G,26577_C|G,26709_G|A,26858_C|T,27259_A|C,27382_G|C,27383_A|T,27384_T|C,27507_A|C,27807_C|T,27915_G|T,28271_A|T,28297_T|C,28311_C|T,28881_G|A,28882_G|A,28883_G|C,29510_A|C,29625_C|T,11288_11296,21633_21641,21765_21770,21992_21994,22194_22196,23009_23011,28362_28370,29734_29759,21608_.|TCATGCCGCTGT
USA/MA-MASPHL-12741/2024	XDD	44_C|T,241_C|T,405_A|G,670_T|G,2334_C|T,2790_C|T,3037_C|T,4184_G|A,4321_C|T,5720_G|A,6541_C|T,7842_A|G,8293_C|T,8393_G|A,9344_C|T,9424_A|G,9534_C|T,10029_C|T,10198_C|T,10447_G|A,10449_C|A,11042_G|T,11727_G|A,12439_C|A,12789_C|T,12815_C|T,12880_C|T,13339_T|C,14408_C|T,15714_C|T,15756_T|A,17410_C|T,18163_A|G,18492_A|G,18894_C|T,19955_C|T,20055_A|G,21618_C|T,21622_C|T,21624_G|C,21711_C|T,21941_G|T,21987_G|A,22032_T|C,22033_C|A,22034_A|G,22200_T|G,22208_C|T,22295_C|A,22353_C|A,22556_A|G,22577_G|C,22578_G|A,22629_A|C,22674_C|T,22679_T|C,22686_C|T,22688_A|G,22770_G|A,22775_G|A,22786_A|C,22813_G|T,22852_A|T,22882_T|G,22895_G|C,22896_T|A,22898_G|A,22910_A|G,22916_C|T,22917_T|G,22926_T|C,22942_T|A,22992_G|A,22995_C|A,23005_T|A,23012_G|A,23018_T|C,23019_T|C,23055_A|G,23063_A|T,23075_T|C,23222_G|A,23271_C|T,23403_A|G,23423_C|T,23525_C|T,23598_A|G,23599_T|G,23604_C|G,23854_C|A,23948_G|T,24378_C|T,24424_A|T,24469_T|A,24990_C|T,25000_C|T,25207_C|T,25584_C|T,26060_C|T,26270_C|T,26275_A|G,26577_C|G,26709_G|A,26858_C|T,27259_A|C,27382_G|C,27383_A|T,27384_T|C,27507_A|C,27807_C|T,27915_G|T,28271_A|T,28297_T|C,28311_C|T,28881_G|A,28882_G|A,28883_G|C,29510_A|C,29625_C|T,11288_11296,21633_21641,21765_21770,21992_21994,22194_22196,23009_23011,28362_28370,29734_29759,21608_.|TCATGCCGCTGT
USA/MD-CDC-LC1089620/2024	XDD	241_C|T,405_A|G,670_T|G,2790_C|T,3037_C|T,4184_G|A,4321_C|T,4815_C|T,5720_G|A,6541_C|T,7842_A|G,8293_C|T,8393_G|A,9344_C|T,9424_A|G,9534_C|T,10029_C|T,10198_C|T,10447_G|A,10449_C|A,11042_G|T,11727_G|A,12789_C|T,12815_C|T,12880_C|T,13339_T|C,14408_C|T,15714_C|T,15756_T|A,17410_C|T,18163_A|G,18492_A|G,18894_C|T,19955_C|T,20055_A|G,21618_C|T,21622_C|T,21624_G|C,21711_C|T,21941_G|T,21987_G|A,22032_T|C,22033_C|A,22034_A|G,22200_T|G,22208_C|T,22295_C|A,22353_C|A,22556_A|G,22577_G|C,22578_G|A,22629_A|C,22674_C|T,22679_T|C,22686_C|T,22688_A|G,22770_G|A,22775_G|A,22786_A|C,22813_G|T,22882_T|G,22895_G|C,22896_T|A,22898_G|A,22910_A|G,22916_C|T,22917_T|G,22926_T|C,22942_T|A,22992_G|A,22995_C|A,23005_T|A,23012_G|A,23018_T|C,23019_T|C,23055_A|G,23063_A|T,23075_T|C,23222_G|A,23271_C|T,23403_A|G,23423_C|T,23525_C|T,23599_T|G,23604_C|G,23854_C|A,23948_G|T,24378_C|T,24424_A|T,24469_T|A,24990_C|T,25000_C|T,25207_C|T,25584_C|T,26060_C|T,26270_C|T,26275_A|G,26577_C|G,26709_G|A,26858_C|T,27259_A|C,27382_G|C,27383_A|T,27384_T|C,27507_A|C,27761_T|C,27807_C|T,27915_G|T,28271_A|T,28297_T|C,28311_C|T,28881_G|A,28882_G|A,28883_G|C,29302_T|C,29510_A|C,29625_C|T,11288_11296,21633_21641,21765_21770,21992_21994,22194_22196,23009_23011,28362_28370,29734_29759,21608_.|TCATGCCGCTGT
USA/MIS-L374370346/2024	XDD	241_C|T,405_A|G,670_T|G,2334_C|T,2790_C|T,3037_C|T,4184_G|A,4321_C|T,5720_G|A,6541_C|T,7842_A|G,8293_C|T,8393_G|A,9344_C|T,9424_A|G,9534_C|T,10029_C|T,10198_C|T,10447_G|A,10449_C|A,11042_G|T,11727_G|A,12789_C|T,12815_C|T,12880_C|T,13339_T|C,14408_C|T,15714_C|T,15756_T|A,17410_C|T,18163_A|G,18492_A|G,18894_C|T,19955_C|T,20055_A|G,21618_C|T,21622_C|T,21624_G|C,21711_C|T,21790_T|C,21941_G|T,21987_G|A,22032_T|C,22033_C|A,22034_A|G,22200_T|G,22208_C|T,22295_C|A,22353_C|A,22556_A|G,22577_G|C,22578_G|A,22629_A|C,22674_C|T,22679_T|C,22686_C|T,22688_A|G,22770_G|A,22775_G|A,22786_A|C,22813_G|T,22882_T|G,22895_G|C,22896_T|A,22898_G|A,22910_A|G,22916_C|T,22917_T|G,22926_T|C,22942_T|A,22992_G|A,22995_C|A,23005_T|A,23012_G|A,23018_T|C,23019_T|C,23022_A|C,23055_A|G,23063_A|T,23075_T|C,23222_G|A,23271_C|T,23403_A|G,23423_C|T,23525_C|T,23599_T|G,23604_C|G,23854_C|A,23948_G|T,24378_C|T,24424_A|T,24469_T|A,24964_C|T,24990_C|T,25000_C|T,25207_C|T,25584_C|T,26060_C|T,26270_C|T,26275_A|G,26528_A|T,26577_C|G,26709_G|A,26858_C|T,27259_A|C,27382_G|C,27383_A|T,27384_T|C,27507_A|C,27807_C|T,27915_G|T,28271_A|T,28297_T|C,28311_C|T,28881_G|A,28882_G|A,28883_G|C,29510_A|C,29625_C|T,11288_11296,21633_21641,21765_21770,21992_21994,22194_22196,23009_23011,28362_28370,21608_.|TCATGCCGCTGT
USA/MIS-L375510482/2024	XDD	241_C|T,405_A|G,670_T|G,1314_C|T,2102_C|T,2334_C|T,2790_C|T,3037_C|T,4184_G|A,4321_C|T,5720_G|A,6541_C|T,7842_A|G,8293_C|T,8393_G|A,9344_C|T,9424_A|G,9534_C|T,10029_C|T,10198_C|T,10447_G|A,10449_C|A,11042_G|T,11727_G|A,12789_C|T,12815_C|T,12880_C|T,13339_T|C,14408_C|T,15714_C|T,15756_T|A,17410_C|T,18163_A|G,18488_T|C,18492_A|G,18894_C|T,19955_C|T,20055_A|G,21618_C|T,21622_C|T,21624_G|C,21711_C|T,21941_G|T,21987_G|A,22032_T|C,22033_C|A,22034_A|G,22200_T|G,22208_C|T,22295_C|A,22353_C|A,22556_A|G,22577_G|C,22578_G|A,22629_A|C,22674_C|T,22679_T|C,22686_C|T,22688_A|G,22770_G|A,22775_G|A,22786_A|C,22813_G|T,22882_T|G,22895_G|C,22896_T|A,22898_G|A,22910_A|G,22916_C|T,22917_T|G,22926_T|C,22942_T|A,22992_G|A,22995_C|A,23005_T|A,23012_G|A,23018_T|C,23019_T|C,23055_A|G,23063_A|T,23075_T|C,23222_G|A,23271_C|T,23403_A|G,23423_C|T,23525_C|T,23599_T|G,23604_C|G,23854_C|A,23948_G|T,24378_C|T,24424_A|T,24469_T|A,24990_C|T,25000_C|T,25207_C|T,25584_C|T,25993_G|A,26051_G|T,26060_C|T,26270_C|T,26275_A|G,26482_A|G,26577_C|G,26709_G|A,26858_C|T,27259_A|C,27382_G|C,27383_A|T,27384_T|C,27507_A|C,27807_C|T,27915_G|T,28271_A|T,28297_T|C,28311_C|T,28881_G|A,28882_G|A,28883_G|C,29510_A|C,29625_C|T,11288_11296,21633_21641,21765_21770,21992_21994,22194_22196,23009_23011,28362_28370,21610_.|ATGCCGCTGTTT
USA/MO-CDC-5394755-001/2024	XDD	241_C|T,405_A|G,670_T|G,1314_C|T,2334_C|T,2790_C|T,3037_C|T,4184_G|A,4321_C|T,5720_G|A,6541_C|T,7842_A|G,8293_C|T,8393_G|A,9344_C|T,9424_A|G,9534_C|T,10029_C|T,10198_C|T,10447_G|A,10449_C|A,11042_G|T,11727_G|A,12789_C|T,12815_C|T,12880_C|T,13339_T|C,14408_C|T,15714_C|T,15756_T|A,17410_C|T,18163_A|G,18492_A|G,18894_C|T,19955_C|T,20055_A|G,21618_C|T,21622_C|T,21624_G|C,21711_C|T,21941_G|T,21987_G|A,22014_G|T,22032_T|C,22033_C|A,22034_A|G,22200_T|G,22208_C|T,22295_C|A,22353_C|A,22556_A|G,22577_G|C,22578_G|A,22629_A|C,22674_C|T,22679_T|C,22686_C|T,22688_A|G,22770_G|A,22775_G|A,22786_A|C,22813_G|T,22882_T|G,22895_G|C,22896_T|A,22898_G|A,22910_A|G,22916_C|T,22917_T|G,22926_T|C,22942_T|A,22992_G|A,22995_C|A,23005_T|A,23012_G|A,23018_T|C,23019_T|C,23055_A|G,23063_A|T,23075_T|C,23222_G|A,23271_C|T,23403_A|G,23423_C|T,23525_C|T,23599_T|G,23604_C|G,23854_C|A,23948_G|T,24378_C|T,24424_A|T,24469_T|A,24990_C|T,25000_C|T,25207_C|T,25584_C|T,25993_G|A,26060_C|T,26270_C|T,26275_A|G,26577_C|G,26709_G|A,26858_C|T,27259_A|C,27382_G|C,27383_A|T,27384_T|C,27507_A|C,27807_C|T,27915_G|T,28271_A|T,28297_T|C,28311_C|T,28881_G|A,28882_G|A,28883_G|C,29510_A|C,29625_C|T,11288_11296,21633_21641,21765_21770,21992_21994,22194_22196,23009_23011,28362_28370,29734_29759,21608_.|TCATGCCGCTGT
USA/MT-MTPHL-4146260/2024	XDD	241_C|T,405_A|G,670_T|G,1314_C|T,2334_C|T,2790_C|T,3037_C|T,4184_G|A,4321_C|T,5720_G|A,6541_C|T,7842_A|G,8293_C|T,8393_G|A,9344_C|T,9424_A|G,9534_C|T,10029_C|T,10198_C|T,10447_G|A,10449_C|A,11042_G|T,11727_G|A,12789_C|T,12815_C|T,12880_C|T,13339_T|C,14408_C|T,15714_C|T,15756_T|A,17076_C|T,17410_C|T,18163_A|G,18492_A|G,18894_C|T,19955_C|T,20055_A|G,21618_C|T,21622_C|T,21624_G|C,21711_C|T,21941_G|T,21987_G|A,22032_T|C,22033_C|A,22034_A|G,22200_T|G,22208_C|T,22295_C|A,22353_C|A,22556_A|G,22577_G|C,22578_G|A,22629_A|C,22674_C|T,22679_T|C,22686_C|T,22688_A|G,22770_G|A,22775_G|A,22786_A|C,22813_G|T,22882_T|G,22895_G|C,22896_T|A,22898_G|A,22910_A|G,22916_C|T,22917_T|G,22926_T|C,22942_T|A,22992_G|A,22995_C|A,23005_T|A,23012_G|A,23018_T|C,23019_T|C,23055_A|G,23063_A|T,23075_T|C,23222_G|A,23271_C|T,23403_A|G,23423_C|T,23525_C|T,23599_T|G,23604_C|G,23854_C|A,23948_G|T,24378_C|T,24424_A|T,24469_T|A,24990_C|T,25000_C|T,25207_C|T,25584_C|T,25993_G|A,26060_C|T,26270_C|T,26275_A|G,26577_C|G,26709_G|A,26858_C|T,27259_A|C,27382_G|C,27383_A|T,27384_T|C,27389_C|T,27507_A|C,27807_C|T,27915_G|T,28271_A|T,28297_T|C,28311_C|T,28881_G|A,28882_G|A,28883_G|C,28912_T|C,29144_C|T,29510_A|C,29625_C|T,11288_11296,21633_21641,21765_21770,21992_21994,22194_22196,23009_23011,28362_28370,21608_.|TCATGCCGCTGT
USA/MT-MTPHL-4146262/2024	XDD	241_C|T,405_A|G,670_T|G,1314_C|T,2334_C|T,2790_C|T,3037_C|T,4184_G|A,4321_C|T,5720_G|A,6541_C|T,7842_A|G,8293_C|T,8393_G|A,9344_C|T,9424_A|G,9534_C|T,10029_C|T,10198_C|T,10447_G|A,10449_C|A,11042_G|T,11727_G|A,12789_C|T,12815_C|T,12880_C|T,13339_T|C,14408_C|T,15714_C|T,15756_T|A,17410_C|T,18163_A|G,18492_A|G,18894_C|T,19955_C|T,20055_A|G,21618_C|T,21622_C|T,21624_G|C,21711_C|T,21941_G|T,21987_G|A,22032_T|C,22033_C|A,22034_A|G,22200_T|G,22208_C|T,22281_C|T,22295_C|A,22353_C|A,22556_A|G,22577_G|C,22578_G|A,22629_A|C,22674_C|T,22679_T|C,22686_C|T,22688_A|G,22770_G|A,22775_G|A,22786_A|C,22813_G|T,22882_T|G,22895_G|C,22896_T|A,22898_G|A,22910_A|G,22916_C|T,22917_T|G,22926_T|C,22942_T|A,22992_G|A,22995_C|A,23005_T|A,23012_G|A,23018_T|C,23019_T|C,23055_A|G,23063_A|T,23075_T|C,23222_G|A,23271_C|T,23403_A|G,23423_C|T,23525_C|T,23599_T|G,23604_C|G,23854_C|A,23948_G|T,24378_C|T,24424_A|T,24469_T|A,24990_C|T,25000_C|T,25207_C|T,25584_C|T,25993_G|A,26060_C|T,26270_C|T,26275_A|G,26577_C|G,26709_G|A,26858_C|T,27259_A|C,27382_G|C,27383_A|T,27384_T|C,27389_C|T,27507_A|C,27807_C|T,27915_G|T,28271_A|T,28297_T|C,28311_C|T,28881_G|A,28882_G|A,28883_G|C,28912_T|C,29144_C|T,29510_A|C,29625_C|T,11288_11296,21633_21641,21765_21770,21992_21994,22194_22196,23009_23011,28362_28370,21608_.|TCATGCCGCTGT
USA/NC-CDC-LC1081684/2024	XDD	44_C|T,241_C|T,405_A|G,670_T|G,949_A|G,2334_C|T,2790_C|T,3037_C|T,3692_G|T,4184_G|A,4321_C|T,5720_G|A,6541_C|T,7842_A|G,8293_C|T,8393_G|A,9344_C|T,9424_A|G,9534_C|T,10029_C|T,10198_C|T,10447_G|A,10449_C|A,11042_G|T,11727_G|A,12789_C|T,12815_C|T,12880_C|T,13339_T|C,14408_C|T,15714_C|T,15756_T|A,16392_T|C,17410_C|T,18163_A|G,18492_A|G,18894_C|T,19955_C|T,20055_A|G,21618_C|T,21622_C|T,21624_G|C,21711_C|T,21941_G|T,21987_G|A,22032_T|C,22033_C|A,22034_A|G,22200_T|G,22208_C|T,22295_C|A,22353_C|A,22556_A|G,22577_G|C,22578_G|A,22629_A|C,22674_C|T,22679_T|C,22686_C|T,22688_A|G,22770_G|A,22775_G|A,22786_A|C,22813_G|T,22882_T|G,22895_G|C,22896_T|A,22898_G|A,22910_A|G,22916_C|T,22917_T|G,22926_T|C,22942_T|A,22992_G|A,22995_C|A,23005_T|A,23012_G|A,23018_T|C,23019_T|C,23055_A|G,23063_A|T,23075_T|C,23222_G|A,23271_C|T,23403_A|G,23423_C|T,23525_C|T,23599_T|G,23604_C|G,23635_C|T,23854_C|A,23948_G|T,24378_C|T,24424_A|T,24469_T|A,24990_C|T,25000_C|T,25207_C|T,25584_C|T,26060_C|T,26270_C|T,26275_A|G,26577_C|G,26709_G|A,26858_C|T,27259_A|C,27382_G|C,27383_A|T,27384_T|C,27507_A|C,27807_C|T,27915_G|T,28271_A|T,28297_T|C,28311_C|T,28881_G|A,28882_G|A,28883_G|C,29510_A|C,29625_C|T,11288_11296,21633_21641,21765_21770,21992_21994,22194_22196,23009_23011,28362_28370,29734_29759,21608_.|TCATGCCGCTGT
USA/NJ-CDC-LC1081214/2023	XDD	44_C|T,241_C|T,405_A|G,670_T|G,2334_C|T,2790_C|T,3037_C|T,4184_G|A,4321_C|T,5720_G|A,6541_C|T,7842_A|G,8293_C|T,8393_G|A,9344_C|T,9424_A|G,9534_C|T,10029_C|T,10198_C|T,10447_G|A,10449_C|A,11042_G|T,11727_G|A,12789_C|T,12815_C|T,12880_C|T,13339_T|C,14408_C|T,15714_C|T,15756_T|A,17410_C|T,18163_A|G,18492_A|G,18894_C|T,19955_C|T,20055_A|G,20844_C|T,21618_C|T,21622_C|T,21624_G|C,21711_C|T,21941_G|T,21987_G|A,22032_T|C,22033_C|A,22034_A|G,22200_T|G,22208_C|T,22295_C|A,22353_C|A,22556_A|G,22577_G|C,22578_G|A,22629_A|C,22674_C|T,22679_T|C,22686_C|T,22688_A|G,22770_G|A,22775_G|A,22786_A|C,22813_G|T,22882_T|G,22895_G|C,22896_T|A,22898_G|A,22910_A|G,22916_C|T,22917_T|G,22926_T|C,22942_T|A,22992_G|A,22995_C|A,23005_T|A,23012_G|A,23018_T|C,23019_T|C,23055_A|G,23063_A|T,23075_T|C,23222_G|A,23271_C|T,23403_A|G,23423_C|T,23525_C|T,23599_T|G,23604_C|G,23854_C|A,23948_G|T,24378_C|T,24424_A|T,24469_T|A,24990_C|T,25000_C|T,25207_C|T,25584_C|T,26060_C|T,26270_C|T,26275_A|G,26577_C|G,26709_G|A,26858_C|T,27259_A|C,27382_G|C,27383_A|T,27384_T|C,27507_A|C,27807_C|T,27915_G|T,28271_A|T,28297_T|C,28311_C|T,28881_G|A,28882_G|A,28883_G|C,29358_C|T,29510_A|C,29625_C|T,11288_11296,21633_21641,21765_21770,21992_21994,22194_22196,23009_23011,28362_28370,29734_29759,21608_.|TCATGCCGCTGT
USA/NJ-CDC-LC1088782/2024	XDD	241_C|T,405_A|G,670_T|G,2334_C|T,2790_C|T,3037_C|T,4184_G|A,4321_C|T,5720_G|A,6541_C|T,7842_A|G,8293_C|T,8393_G|A,9344_C|T,9424_A|G,9534_C|T,10029_C|T,10198_C|T,10447_G|A,10449_C|A,11042_G|T,11727_G|A,12789_C|T,12815_C|T,12880_C|T,13339_T|C,14408_C|T,15714_C|T,15756_T|A,17410_C|T,18163_A|G,18492_A|G,18894_C|T,19955_C|T,20055_A|G,21618_C|T,21622_C|T,21624_G|C,21711_C|T,21941_G|T,21987_G|A,22032_T|C,22033_C|A,22034_A|G,22200_T|G,22208_C|T,22295_C|A,22353_C|A,22556_A|G,22577_G|C,22578_G|A,22629_A|C,22674_C|T,22679_T|C,22686_C|T,22688_A|G,22770_G|A,22775_G|A,22786_A|C,22813_G|T,22882_T|G,22895_G|C,22896_T|A,22898_G|A,22910_A|G,22916_C|T,22917_T|G,22926_T|C,22942_T|A,22992_G|A,22995_C|A,23005_T|A,23012_G|A,23018_T|C,23019_T|C,23055_A|G,23063_A|T,23075_T|C,23222_G|A,23271_C|T,23403_A|G,23423_C|T,23525_C|T,23599_T|G,23604_C|G,23854_C|A,23948_G|T,24378_C|T,24424_A|T,24469_T|A,24990_C|T,25000_C|T,25207_C|T,25584_C|T,26060_C|T,26270_C|T,26275_A|G,26577_C|G,26709_G|A,26858_C|T,27259_A|C,27382_G|C,27383_A|T,27384_T|C,27507_A|C,27807_C|T,27915_G|T,28271_A|T,28297_T|C,28311_C|T,28881_G|A,28882_G|A,28883_G|C,29358_C|T,29510_A|C,29625_C|T,11288_11296,21633_21641,21765_21770,21992_21994,22194_22196,23009_23011,28362_28370,29734_29759,21608_.|TCATGCCGCTGT
USA/NJ-CDC-LC1094403/2024	XDD	241_C|T,405_A|G,670_T|G,2334_C|T,2790_C|T,3037_C|T,4184_G|A,4321_C|T,5720_G|A,6541_C|T,7842_A|G,8293_C|T,8393_G|A,9344_C|T,9424_A|G,9534_C|T,10029_C|T,10198_C|T,10447_G|A,10449_C|A,11042_G|T,11727_G|A,12789_C|T,12815_C|T,12880_C|T,13339_T|C,14408_C|T,14528_G|A,15714_C|T,15756_T|A,16289_C|T,17410_C|T,17988_G|T,18163_A|G,18492_A|G,18894_C|T,19785_T|C,19955_C|T,20055_A|G,21618_C|T,21622_C|T,21624_G|C,21711_C|T,21941_G|T,21987_G|A,22032_T|C,22033_C|A,22034_A|G,22200_T|G,22208_C|T,22295_C|A,22353_C|A,22556_A|G,22577_G|C,22578_G|A,22629_A|C,22674_C|T,22679_T|C,22686_C|T,22688_A|G,22770_G|A,22775_G|A,22786_A|C,22813_G|T,22882_T|G,22895_G|C,22896_T|A,22898_G|A,22910_A|G,22916_C|T,22917_T|G,22926_T|C,22942_T|A,22992_G|A,22995_C|A,23005_T|A,23012_G|A,23018_T|C,23019_T|C,23055_A|G,23063_A|T,23075_T|C,23077_C|T,23222_G|A,23271_C|T,23403_A|G,23423_C|T,23525_C|T,23599_T|G,23604_C|G,23854_C|A,23948_G|T,24378_C|T,24424_A|T,24469_T|A,24990_C|T,25000_C|T,25207_C|T,25584_C|T,26060_C|T,26270_C|T,26275_A|G,26577_C|G,26709_G|A,26858_C|T,27259_A|C,27382_G|C,27383_A|T,27384_T|C,27507_A|C,27807_C|T,27915_G|T,28271_A|T,28297_T|C,28311_C|T,28881_G|A,28882_G|A,28883_G|C,29510_A|C,29625_C|T,11288_11296,21633_21641,21765_21770,21992_21994,22194_22196,23009_23011,28362_28370,29734_29759,21608_.|TCATGCCGCTGT
USA/NJ-CDC-QDX88030647/2023	XDD	241_C|T,405_A|G,670_T|G,2334_C|T,2790_C|T,3037_C|T,4184_G|A,4321_C|T,5720_G|A,6541_C|T,7842_A|G,8293_C|T,8393_G|A,9344_C|T,9424_A|G,9534_C|T,10029_C|T,10198_C|T,10447_G|A,10449_C|A,11042_G|T,11727_G|A,12789_C|T,12815_C|T,12880_C|T,13339_T|C,14408_C|T,15714_C|T,15756_T|A,17410_C|T,18163_A|G,18492_A|G,18894_C|T,19955_C|T,20055_A|G,21618_C|T,21622_C|T,21624_G|C,21711_C|T,21941_G|T,21987_G|A,22032_T|C,22033_C|A,22034_A|G,22200_T|G,22208_C|T,22246_T|C,22295_C|A,22353_C|A,22556_A|G,22577_G|C,22578_G|A,22629_A|C,22674_C|T,22679_T|C,22686_C|T,22688_A|G,22770_G|A,22775_G|A,22786_A|C,22813_G|T,22882_T|G,22895_G|C,22896_T|A,22898_G|A,22910_A|G,22916_C|T,22917_T|G,22926_T|C,22942_T|A,22992_G|A,22995_C|A,23005_T|A,23012_G|A,23018_T|C,23019_T|C,23055_A|G,23063_A|T,23075_T|C,23222_G|A,23271_C|T,23403_A|G,23423_C|T,23525_C|T,23599_T|G,23604_C|G,23854_C|A,23948_G|T,24378_C|T,24424_A|T,24469_T|A,24990_C|T,25000_C|T,25207_C|T,25584_C|T,26060_C|T,26270_C|T,26275_A|G,26577_C|G,26709_G|A,26858_C|T,27259_A|C,27382_G|C,27383_A|T,27384_T|C,27507_A|C,27807_C|T,27915_G|T,28271_A|T,28297_T|C,28311_C|T,28881_G|A,28882_G|A,28883_G|C,29510_A|C,29625_C|T,11288_11296,21633_21641,21765_21770,21992_21994,22194_22196,23009_23011,28362_28370,29734_29759,21608_.|TCATGCCGCTGT
USA/NJ-CDC-QDX90793608/2023	XDD	241_C|T,405_A|G,670_T|G,2334_C|T,2790_C|T,3037_C|T,3692_G|T,4184_G|A,4321_C|T,5720_G|A,6541_C|T,7842_A|G,8293_C|T,8393_G|A,9344_C|T,9424_A|G,9534_C|T,10029_C|T,10198_C|T,10447_G|A,10449_C|A,11042_G|T,11727_G|A,12789_C|T,12815_C|T,12880_C|T,13339_T|C,14408_C|T,15714_C|T,15756_T|A,17410_C|T,18163_A|G,18492_A|G,18894_C|T,19955_C|T,20055_A|G,21618_C|T,21622_C|T,21624_G|C,21711_C|T,21941_G|T,21987_G|A,22033_C|A,22034_A|G,22200_T|G,22208_C|T,22295_C|A,22353_C|A,22556_A|G,22577_G|C,22578_G|A,22629_A|C,22674_C|T,22679_T|C,22686_C|T,22688_A|G,22770_G|A,22775_G|A,22786_A|C,22813_G|T,22882_T|G,22895_G|C,22896_T|A,22898_G|A,22910_A|G,22916_C|T,22917_T|G,22926_T|C,22942_T|A,22992_G|A,22995_C|A,23005_T|A,23012_G|A,23018_T|C,23019_T|C,23055_A|G,23063_A|T,23075_T|C,23222_G|A,23271_C|T,23403_A|G,23423_C|T,23525_C|T,23599_T|G,23604_C|G,23854_C|A,23948_G|T,24378_C|T,24424_A|T,24469_T|A,24990_C|T,25000_C|T,25207_C|T,25584_C|T,26060_C|T,26270_C|T,26275_A|G,26577_C|G,26709_G|A,26858_C|T,27259_A|C,27382_G|C,27383_A|T,27384_T|C,27507_A|C,27807_C|T,27915_G|T,28271_A|T,28297_T|C,28311_C|T,28881_G|A,28882_G|A,28883_G|C,29510_A|C,29625_C|T,11288_11296,21633_21641,21765_21770,21992_21994,22194_22196,23009_23011,28362_28370,29734_29759,21608_.|TCATGCCGCTGT
USA/NJ-CDC-QDX90889398/2024	XDD	241_C|T,405_A|G,670_T|G,2334_C|T,2790_C|T,3037_C|T,4184_G|A,4321_C|T,5720_G|A,6541_C|T,7842_A|G,8293_C|T,8393_G|A,9344_C|T,9424_A|G,9534_C|T,10029_C|T,10198_C|T,10447_G|A,10449_C|A,11042_G|T,11727_G|A,12789_C|T,12815_C|T,12880_C|T,13339_T|C,14408_C|T,15714_C|T,15756_T|A,17410_C|T,18163_A|G,18492_A|G,18894_C|T,19955_C|T,20055_A|G,21618_C|T,21622_C|T,21624_G|C,21711_C|T,21941_G|T,21987_G|A,22032_T|C,22033_C|A,22034_A|G,22200_T|G,22208_C|T,22295_C|A,22353_C|A,22556_A|G,22577_G|C,22578_G|A,22629_A|C,22674_C|T,22679_T|C,22686_C|T,22688_A|G,22770_G|A,22775_G|A,22786_A|C,22813_G|T,22882_T|G,22895_G|C,22896_T|A,22898_G|A,22910_A|G,22916_C|T,22917_T|G,22926_T|C,22942_T|A,22992_G|A,22995_C|A,23005_T|A,23012_G|A,23018_T|C,23019_T|C,23055_A|G,23063_A|T,23075_T|C,23222_G|A,23271_C|T,23403_A|G,23423_C|T,23525_C|T,23599_T|G,23604_C|G,23854_C|A,23948_G|T,24378_C|T,24424_A|T,24469_T|A,24990_C|T,25000_C|T,25207_C|T,25584_C|T,26060_C|T,26270_C|T,26275_A|G,26577_C|G,26709_G|A,26858_C|T,27259_A|C,27382_G|C,27383_A|T,27384_T|C,27507_A|C,27807_C|T,27915_G|T,28271_A|T,28297_T|C,28311_C|T,28881_G|A,28882_G|A,28883_G|C,29358_C|T,29510_A|C,29625_C|T,11288_11296,21633_21641,21765_21770,21992_21994,22194_22196,23009_23011,28362_28370,29734_29759,21608_.|TCATGCCGCTGT
USA/NJ-CDC-QDX92473578/2024	XDD	241_C|T,405_A|G,670_T|G,2334_C|T,2790_C|T,3037_C|T,4184_G|A,4321_C|T,5720_G|A,6541_C|T,7842_A|G,8293_C|T,8393_G|A,9344_C|T,9424_A|G,9534_C|T,10029_C|T,10198_C|T,10447_G|A,10449_C|A,11042_G|T,11727_G|A,12789_C|T,12815_C|T,12880_C|T,13339_T|C,14408_C|T,15714_C|T,15756_T|A,16289_C|T,17410_C|T,17988_G|T,18163_A|G,18492_A|G,18894_C|T,19785_T|C,19955_C|T,20055_A|G,21618_C|T,21622_C|T,21624_G|C,21711_C|T,21941_G|T,21987_G|A,22032_T|C,22033_C|A,22034_A|G,22200_T|G,22208_C|T,22295_C|A,22353_C|A,22556_A|G,22577_G|C,22578_G|A,22629_A|C,22674_C|T,22679_T|C,22686_C|T,22688_A|G,22770_G|A,22775_G|A,22786_A|C,22813_G|T,22882_T|G,22895_G|C,22896_T|A,22898_G|A,22910_A|G,22916_C|T,22917_T|G,22926_T|C,22942_T|A,22992_G|A,22995_C|A,23005_T|A,23012_G|A,23018_T|C,23019_T|C,23055_A|G,23063_A|T,23075_T|C,23077_C|T,23222_G|A,23271_C|T,23403_A|G,23423_C|T,23525_C|T,23599_T|G,23604_C|G,23854_C|A,23948_G|T,24378_C|T,24424_A|T,24469_T|A,24990_C|T,25000_C|T,25207_C|T,25584_C|T,26060_C|T,26270_C|T,26275_A|G,26577_C|G,26709_G|A,26858_C|T,27259_A|C,27382_G|C,27383_A|T,27384_T|C,27507_A|C,27807_C|T,27915_G|T,28271_A|T,28297_T|C,28311_C|T,28881_G|A,28882_G|A,28883_G|C,29510_A|C,29625_C|T,11288_11296,21633_21641,21765_21770,21992_21994,22194_22196,23009_23011,28362_28370,29734_29759,21608_.|TCATGCCGCTGT
USA/NJ-CDC-QDX92861339/2024	XDD	241_C|T,405_A|G,670_T|G,2334_C|T,2790_C|T,3037_C|T,4184_G|A,4321_C|T,5720_G|A,6541_C|T,7441_T|C,7528_C|T,7842_A|G,8293_C|T,8393_G|A,9165_C|A,9344_C|T,9424_A|G,9534_C|T,10029_C|T,10198_C|T,10447_G|A,10449_C|A,11042_G|T,11727_G|A,12789_C|T,12815_C|T,12880_C|T,13339_T|C,14408_C|T,14730_G|A,15714_C|T,15756_T|A,17410_C|T,18163_A|G,18492_A|G,18894_C|T,19955_C|T,20055_A|G,20670_G|A,21618_C|T,21622_C|T,21624_G|C,21711_C|T,21941_G|T,21987_G|A,22032_T|C,22033_C|A,22034_A|G,22088_C|T,22200_T|G,22208_C|T,22295_C|A,22353_C|A,22556_A|G,22577_G|C,22578_G|A,22629_A|C,22674_C|T,22679_T|C,22686_C|T,22688_A|G,22770_G|A,22775_G|A,22786_A|C,22813_G|T,22882_T|G,22895_G|C,22896_T|A,22898_G|A,22910_A|G,22916_C|T,22917_T|G,22926_T|C,22942_T|A,22992_G|A,22995_C|A,23005_T|A,23012_G|A,23018_T|C,23019_T|C,23055_A|G,23063_A|T,23222_G|A,23271_C|T,23403_A|G,23423_C|T,23525_C|T,23599_T|G,23604_C|G,23854_C|A,23948_G|T,24378_C|T,24424_A|T,24469_T|A,24990_C|T,25000_C|T,25207_C|T,25584_C|T,26060_C|T,26270_C|T,26275_A|G,26577_C|G,26709_G|A,26858_C|T,27259_A|C,27382_G|C,27383_A|T,27384_T|C,27507_A|C,27807_C|T,27813_C|T,27915_G|T,28271_A|T,28297_T|C,28311_C|T,28380_G|A,28881_G|A,28882_G|A,28883_G|C,28960_G|T,29510_A|C,29625_C|T,11288_11296,21633_21641,21765_21770,21992_21994,22194_22196,23009_23011,28362_28370,29734_29759,21608_.|TCATGCCGCTGT
USA/NJ-PHEL-V24002543/2024	XDD	241_C|T,405_A|G,2334_C|T,2790_C|T,3037_C|T,4184_G|A,4321_C|T,4815_C|T,5720_G|A,6541_C|T,7842_A|G,8293_C|T,8393_G|A,9344_C|T,9424_A|G,9534_C|T,10029_C|T,10198_C|T,10447_G|A,10449_C|A,11042_G|T,11727_G|A,12789_C|T,12815_C|T,12880_C|T,13339_T|C,14408_C|T,15714_C|T,15756_T|A,17410_C|T,17747_C|T,18163_A|G,18492_A|G,18894_C|T,19955_C|T,20055_A|G,21618_C|T,21622_C|T,21624_G|C,21711_C|T,21941_G|T,21987_G|A,22032_T|C,22033_C|A,22034_A|G,22200_T|G,22208_C|T,22295_C|A,22353_C|A,22556_A|G,22577_G|C,22578_G|A,22629_A|C,22674_C|T,22679_T|C,22686_C|T,22688_A|G,22770_G|A,22775_G|A,22786_A|C,22813_G|T,22882_T|G,22895_G|C,22896_T|A,22898_G|A,22910_A|G,22916_C|T,22917_T|G,22926_T|C,22942_T|A,22992_G|A,22995_C|A,23005_T|A,23012_G|A,23018_T|C,23019_T|C,23055_A|G,23063_A|T,23075_T|C,23222_G|A,23271_C|T,23403_A|G,23423_C|T,23525_C|T,23599_T|G,23604_C|G,23854_C|A,23948_G|T,24378_C|T,24424_A|T,24469_T|A,24990_C|T,25000_C|T,25207_C|T,25584_C|T,26060_C|T,26270_C|T,26275_A|G,26577_C|G,26709_G|A,26858_C|T,27259_A|C,27382_G|C,27383_A|T,27384_T|C,27507_A|C,27807_C|T,27915_G|T,28271_A|T,28297_T|C,28311_C|T,28881_G|A,28882_G|A,28883_G|C,29302_T|C,29510_A|C,29625_C|T,11288_11296,21633_21641,21765_21770,21992_21994,22194_22196,23009_23011,28362_28370,21608_.|TCATGCCGCTGT
USA/NJ-PHEL-V24003127/2024	XDD	241_C|T,405_A|G,670_T|G,2334_C|T,2790_C|T,3037_C|T,4184_G|A,4321_C|T,4815_C|T,5720_G|A,6541_C|T,7842_A|G,8293_C|T,8393_G|A,9344_C|T,9424_A|G,9534_C|T,10029_C|T,10198_C|T,10447_G|A,10449_C|A,11042_G|T,11727_G|A,12789_C|T,12815_C|T,12880_C|T,13339_T|C,14408_C|T,15714_C|T,15756_T|A,17410_C|T,17747_C|T,18163_A|G,18492_A|G,18894_C|T,19955_C|T,20055_A|G,21618_C|T,21622_C|T,21624_G|C,21711_C|T,21941_G|T,21987_G|A,22032_T|C,22033_C|A,22034_A|G,22200_T|G,22208_C|T,22295_C|A,22353_C|A,22556_A|G,22577_G|C,22578_G|A,22629_A|C,22674_C|T,22679_T|C,22686_C|T,22688_A|G,22770_G|A,22775_G|A,22786_A|C,22813_G|T,22882_T|G,22895_G|C,22896_T|A,22898_G|A,22910_A|G,22916_C|T,22917_T|G,22926_T|C,22942_T|A,22992_G|A,22995_C|A,23005_T|A,23012_G|A,23018_T|C,23019_T|C,23055_A|G,23063_A|T,23075_T|C,23222_G|A,23271_C|T,23403_A|G,23423_C|T,23525_C|T,23599_T|G,23604_C|G,23854_C|A,23948_G|T,24378_C|T,24424_A|T,24469_T|A,24990_C|T,25000_C|T,25207_C|T,25584_C|T,26060_C|T,26270_C|T,26275_A|G,26577_C|G,26709_G|A,26858_C|T,27259_A|C,27382_G|C,27383_A|T,27384_T|C,27507_A|C,27807_C|T,27915_G|T,28271_A|T,28297_T|C,28311_C|T,28881_G|A,28882_G|A,28883_G|C,29302_T|C,29510_A|C,29625_C|T,11288_11296,21633_21641,21765_21770,21992_21994,22194_22196,23009_23011,28362_28370,21608_.|TCATGCCGCTGT
USA/NMDOH-2024003889/2024	XDD	241_C|T,405_A|G,670_T|G,913_C|T,2334_C|T,2790_C|T,3037_C|T,4184_G|A,4321_C|T,5720_G|A,6541_C|T,7042_G|T,7842_A|G,7869_C|T,8293_C|T,8393_G|A,9344_C|T,9424_A|G,9534_C|T,10029_C|T,10198_C|T,10447_G|A,10449_C|A,11042_G|T,11083_G|T,11727_G|A,12789_C|T,12815_C|T,12880_C|T,13339_T|C,14408_C|T,15714_C|T,15756_T|A,17410_C|T,18163_A|G,18492_A|G,18894_C|T,19955_C|T,20055_A|G,21306_C|T,21618_C|T,21622_C|T,21624_G|C,21711_C|T,21941_G|T,21987_G|A,22032_T|C,22033_C|A,22034_A|G,22200_T|G,22208_C|T,22295_C|A,22353_C|A,22556_A|G,22577_G|C,22578_G|A,22629_A|C,22674_C|T,22679_T|C,22686_C|T,22688_A|G,22770_G|A,22775_G|A,22786_A|C,22813_G|T,22882_T|G,22895_G|C,22896_T|A,22898_G|A,22910_A|G,22916_C|T,22917_T|G,22926_T|C,22942_T|A,22992_G|A,22995_C|A,23005_T|A,23012_G|A,23018_T|C,23019_T|C,23055_A|G,23063_A|T,23075_T|C,23222_G|A,23271_C|T,23403_A|G,23423_C|T,23426_G|T,23525_C|T,23599_T|G,23604_C|G,23854_C|A,23948_G|T,24378_C|T,24424_A|T,24469_T|A,24990_C|T,25000_C|T,25207_C|T,25584_C|T,26060_C|T,26270_C|T,26275_A|G,26577_C|G,26709_G|A,26858_C|T,27259_A|C,27382_G|C,27383_A|T,27384_T|C,27507_A|C,27807_C|T,27915_G|T,28271_A|T,28297_T|C,28311_C|T,28881_G|A,28882_G|A,28883_G|C,29510_A|C,29625_C|T,11288_11296,21633_21641,21765_21770,21992_21994,22194_22196,23009_23011,28362_28370,29734_29759,21608_.|TCATGCCGCTGT
USA/NMDOH-2024005279/2024	XDD	241_C|T,405_A|G,670_T|G,913_C|T,2334_C|T,2790_C|T,3037_C|T,4184_G|A,4321_C|T,5720_G|A,6541_C|T,7042_G|T,7842_A|G,8293_C|T,8393_G|A,9344_C|T,9424_A|G,9534_C|T,10029_C|T,10198_C|T,10447_G|A,10449_C|A,11042_G|T,11083_G|T,11727_G|A,12789_C|T,12815_C|T,12880_C|T,13339_T|C,14408_C|T,15714_C|T,15756_T|A,17410_C|T,18163_A|G,18492_A|G,18894_C|T,19955_C|T,20055_A|G,21618_C|T,21622_C|T,21624_G|C,21711_C|T,21941_G|T,21987_G|A,22032_T|C,22033_C|A,22034_A|G,22200_T|G,22208_C|T,22295_C|A,22353_C|A,22556_A|G,22577_G|C,22578_G|A,22629_A|C,22674_C|T,22679_T|C,22686_C|T,22688_A|G,22770_G|A,22775_G|A,22786_A|C,22813_G|T,22882_T|G,22895_G|C,22896_T|A,22898_G|A,22910_A|G,22916_C|T,22917_T|G,22926_T|C,22942_T|A,22992_G|A,22995_C|A,23005_T|A,23012_G|A,23018_T|C,23019_T|C,23055_A|G,23063_A|T,23075_T|C,23222_G|A,23271_C|T,23403_A|G,23423_C|T,23426_G|T,23525_C|T,23599_T|G,23604_C|G,23854_C|A,23948_G|T,24378_C|T,24424_A|T,24469_T|A,24990_C|T,25000_C|T,25207_C|T,25584_C|T,26060_C|T,26270_C|T,26275_A|G,26577_C|G,26709_G|A,26858_C|T,27259_A|C,27382_G|C,27383_A|T,27384_T|C,27507_A|C,27807_C|T,27915_G|T,28271_A|T,28297_T|C,28311_C|T,28881_G|A,28882_G|A,28883_G|C,29510_A|C,29625_C|T,11288_11296,21633_21641,21765_21770,21992_21994,22194_22196,23009_23011,28362_28370,29734_29759
USA/NMDOH-2024005319/2024	XDD	241_C|T,405_A|G,670_T|G,913_C|T,2334_C|T,2790_C|T,3037_C|T,4184_G|A,4321_C|T,5720_G|A,6541_C|T,7042_G|T,7842_A|G,8293_C|T,8393_G|A,9344_C|T,9424_A|G,9534_C|T,10029_C|T,10198_C|T,10447_G|A,10449_C|A,11042_G|T,11727_G|A,12789_C|T,12815_C|T,12880_C|T,13339_T|C,14408_C|T,15714_C|T,15756_T|A,17410_C|T,17745_C|T,18163_A|G,18492_A|G,18894_C|T,19955_C|T,20055_A|G,21618_C|T,21622_C|T,21624_G|C,21711_C|T,21941_G|T,21987_G|A,22032_T|C,22033_C|A,22034_A|G,22200_T|G,22208_C|T,22295_C|A,22353_C|A,22556_A|G,22577_G|C,22578_G|A,22629_A|C,22674_C|T,22679_T|C,22686_C|T,22688_A|G,22770_G|A,22775_G|A,22786_A|C,22813_G|T,22882_T|G,22895_G|C,22896_T|A,22898_G|A,22910_A|G,22916_C|T,22917_T|G,22926_T|C,22942_T|A,22992_G|A,22995_C|A,23005_T|A,23012_G|A,23018_T|C,23019_T|C,23055_A|G,23063_A|T,23075_T|C,23222_G|A,23271_C|T,23403_A|G,23423_C|T,23525_C|T,23599_T|G,23604_C|G,23854_C|A,23948_G|T,24378_C|T,24424_A|T,24469_T|A,24990_C|T,25000_C|T,25207_C|T,25584_C|T,26060_C|T,26270_C|T,26275_A|G,26577_C|G,26709_G|A,26858_C|T,27259_A|C,27382_G|C,27383_A|T,27384_T|C,27507_A|C,27807_C|T,27915_G|T,28271_A|T,28297_T|C,28311_C|T,28697_C|T,28881_G|A,28882_G|A,28883_G|C,29510_A|C,29625_C|T,11288_11296,21633_21641,21765_21770,21992_21994,22194_22196,23009_23011,28362_28370,29734_29759
USA/NMDOH-2024005322/2024	XDD	241_C|T,405_A|G,670_T|G,913_C|T,2334_C|T,2790_C|T,3037_C|T,4184_G|A,4321_C|T,5720_G|A,6541_C|T,7042_G|T,7842_A|G,8293_C|T,8393_G|A,9344_C|T,9424_A|G,9534_C|T,10029_C|T,10198_C|T,10447_G|A,10449_C|A,11042_G|T,11727_G|A,12789_C|T,12815_C|T,12880_C|T,13339_T|C,14408_C|T,15714_C|T,15756_T|A,17410_C|T,17745_C|T,18163_A|G,18492_A|G,18894_C|T,19955_C|T,20055_A|G,21618_C|T,21622_C|T,21624_G|C,21711_C|T,21941_G|T,21987_G|A,22032_T|C,22033_C|A,22034_A|G,22200_T|G,22208_C|T,22295_C|A,22353_C|A,22556_A|G,22577_G|C,22578_G|A,22629_A|C,22674_C|T,22679_T|C,22686_C|T,22688_A|G,22770_G|A,22775_G|A,22786_A|C,22813_G|T,22882_T|G,22895_G|C,22896_T|A,22898_G|A,22910_A|G,22916_C|T,22917_T|G,22926_T|C,22942_T|A,22992_G|A,22995_C|A,23005_T|A,23012_G|A,23018_T|C,23019_T|C,23055_A|G,23063_A|T,23075_T|C,23222_G|A,23271_C|T,23403_A|G,23423_C|T,23525_C|T,23599_T|G,23604_C|G,23854_C|A,23948_G|T,24378_C|T,24424_A|T,24469_T|A,24990_C|T,25000_C|T,25207_C|T,25584_C|T,26060_C|T,26270_C|T,26275_A|G,26577_C|G,26709_G|A,26858_C|T,27259_A|C,27382_G|C,27383_A|T,27384_T|C,27507_A|C,27807_C|T,27915_G|T,28271_A|T,28297_T|C,28311_C|T,28697_C|T,28881_G|A,28882_G|A,28883_G|C,29510_A|C,29625_C|T,11288_11296,21633_21641,21765_21770,21992_21994,22194_22196,23009_23011,28362_28370,29734_29759
USA/NMDOH-2024005323/2024	XDD	241_C|T,405_A|G,670_T|G,913_C|T,2334_C|T,2790_C|T,3037_C|T,4184_G|A,4321_C|T,5720_G|A,6541_C|T,7042_G|T,7842_A|G,8293_C|T,8393_G|A,9344_C|T,9424_A|G,9534_C|T,10029_C|T,10198_C|T,10447_G|A,10449_C|A,11042_G|T,11727_G|A,12789_C|T,12815_C|T,12880_C|T,13339_T|C,14408_C|T,15714_C|T,15756_T|A,17410_C|T,17745_C|T,18163_A|G,18492_A|G,18894_C|T,19955_C|T,20055_A|G,21618_C|T,21622_C|T,21624_G|C,21711_C|T,21941_G|T,21987_G|A,22032_T|C,22033_C|A,22034_A|G,22200_T|G,22208_C|T,22295_C|A,22353_C|A,22556_A|G,22577_G|C,22578_G|A,22629_A|C,22674_C|T,22679_T|C,22686_C|T,22688_A|G,22770_G|A,22775_G|A,22786_A|C,22813_G|T,22882_T|G,22895_G|C,22896_T|A,22898_G|A,22910_A|G,22916_C|T,22917_T|G,22926_T|C,22942_T|A,22992_G|A,22995_C|A,23005_T|A,23012_G|A,23018_T|C,23019_T|C,23055_A|G,23063_A|T,23075_T|C,23222_G|A,23271_C|T,23403_A|G,23423_C|T,23525_C|T,23599_T|G,23604_C|G,23854_C|A,23948_G|T,24378_C|T,24424_A|T,24469_T|A,24990_C|T,25000_C|T,25207_C|T,25584_C|T,26060_C|T,26270_C|T,26275_A|G,26577_C|G,26709_G|A,26858_C|T,27259_A|C,27382_G|C,27383_A|T,27384_T|C,27507_A|C,27807_C|T,27915_G|T,28271_A|T,28297_T|C,28311_C|T,28697_C|T,28881_G|A,28882_G|A,28883_G|C,29510_A|C,29625_C|T,11288_11296,21633_21641,21765_21770,21992_21994,22194_22196,23009_23011,28362_28370,29734_29759
USA/NMDOH-2024005373/2024	XDD	241_C|T,405_A|G,670_T|G,913_C|T,2334_C|T,2790_C|T,3037_C|T,4184_G|A,4321_C|T,5720_G|A,6541_C|T,7042_G|T,7842_A|G,8293_C|T,8393_G|A,9344_C|T,9424_A|G,9534_C|T,10029_C|T,10198_C|T,10447_G|A,10449_C|A,11042_G|T,11083_G|T,11727_G|A,12789_C|T,12815_C|T,12880_C|T,13339_T|C,14408_C|T,15714_C|T,15756_T|A,17410_C|T,18163_A|G,18492_A|G,18894_C|T,19955_C|T,20055_A|G,21618_C|T,21622_C|T,21624_G|C,21711_C|T,21941_G|T,21987_G|A,22032_T|C,22033_C|A,22034_A|G,22200_T|G,22208_C|T,22295_C|A,22353_C|A,22556_A|G,22577_G|C,22578_G|A,22629_A|C,22674_C|T,22679_T|C,22686_C|T,22688_A|G,22770_G|A,22775_G|A,22786_A|C,22813_G|T,22882_T|G,22895_G|C,22896_T|A,22898_G|A,22910_A|G,22916_C|T,22917_T|G,22926_T|C,22942_T|A,22992_G|A,22995_C|A,23005_T|A,23012_G|A,23018_T|C,23019_T|C,23055_A|G,23063_A|T,23075_T|C,23222_G|A,23271_C|T,23403_A|G,23423_C|T,23426_G|T,23525_C|T,23599_T|G,23604_C|G,23854_C|A,23948_G|T,24378_C|T,24424_A|T,24469_T|A,24990_C|T,25000_C|T,25207_C|T,25487_C|T,25584_C|T,26060_C|T,26270_C|T,26275_A|G,26577_C|G,26709_G|A,26858_C|T,27259_A|C,27382_G|C,27383_A|T,27384_T|C,27507_A|C,27807_C|T,27915_G|T,28271_A|T,28297_T|C,28311_C|T,28881_G|A,28882_G|A,28883_G|C,29510_A|C,29625_C|T,11288_11296,21633_21641,21765_21770,21992_21994,22194_22196,23009_23011,28362_28370,29734_29759
USA/NMDOH-2024005418/2024	XDD	241_C|T,405_A|G,670_T|G,913_C|T,2334_C|T,2790_C|T,3037_C|T,4184_G|A,4321_C|T,5720_G|A,6541_C|T,7042_G|T,7842_A|G,8293_C|T,8393_G|A,9344_C|T,9424_A|G,9534_C|T,10029_C|T,10198_C|T,10447_G|A,10449_C|A,11042_G|T,11083_G|T,11727_G|A,12789_C|T,12815_C|T,12880_C|T,13339_T|C,14408_C|T,15714_C|T,15756_T|A,17410_C|T,18163_A|G,18492_A|G,18894_C|T,19955_C|T,20055_A|G,21618_C|T,21622_C|T,21624_G|C,21711_C|T,21941_G|T,21987_G|A,22032_T|C,22033_C|A,22034_A|G,22200_T|G,22208_C|T,22295_C|A,22353_C|A,22556_A|G,22577_G|C,22578_G|A,22629_A|C,22674_C|T,22679_T|C,22686_C|T,22688_A|G,22770_G|A,22775_G|A,22786_A|C,22813_G|T,22882_T|G,22895_G|C,22896_T|A,22898_G|A,22910_A|G,22916_C|T,22917_T|G,22926_T|C,22942_T|A,22992_G|A,22995_C|A,23005_T|A,23012_G|A,23018_T|C,23019_T|C,23055_A|G,23063_A|T,23075_T|C,23222_G|A,23271_C|T,23403_A|G,23423_C|T,23426_G|T,23525_C|T,23599_T|G,23604_C|G,23854_C|A,23948_G|T,24378_C|T,24424_A|T,24469_T|A,24990_C|T,25000_C|T,25207_C|T,25584_C|T,26060_C|T,26270_C|T,26275_A|G,26577_C|G,26709_G|A,26858_C|T,27259_A|C,27382_G|C,27383_A|T,27384_T|C,27507_A|C,27807_C|T,27915_G|T,28271_A|T,28297_T|C,28311_C|T,28881_G|A,28882_G|A,28883_G|C,29510_A|C,29625_C|T,11288_11296,21633_21641,21765_21770,21992_21994,22194_22196,23009_23011,28362_28370,29734_29759
USA/NMDOH-2024005477/2024	XDD	241_C|T,405_A|G,670_T|G,913_C|T,2334_C|T,2790_C|T,3037_C|T,4184_G|A,4321_C|T,5720_G|A,6541_C|T,7042_G|T,7842_A|G,8293_C|T,8393_G|A,9344_C|T,9424_A|G,9534_C|T,10029_C|T,10198_C|T,10447_G|A,10449_C|A,11042_G|T,11083_G|T,11727_G|A,12789_C|T,12815_C|T,12880_C|T,13339_T|C,14408_C|T,15714_C|T,15756_T|A,17410_C|T,18163_A|G,18492_A|G,18894_C|T,19955_C|T,20055_A|G,21618_C|T,21622_C|T,21624_G|C,21711_C|T,21941_G|T,21987_G|A,22032_T|C,22033_C|A,22034_A|G,22200_T|G,22208_C|T,22295_C|A,22353_C|A,22556_A|G,22577_G|C,22578_G|A,22629_A|C,22674_C|T,22679_T|C,22686_C|T,22688_A|G,22770_G|A,22775_G|A,22786_A|C,22813_G|T,22882_T|G,22895_G|C,22896_T|A,22898_G|A,22910_A|G,22916_C|T,22917_T|G,22926_T|C,22942_T|A,22992_G|A,22995_C|A,23005_T|A,23012_G|A,23018_T|C,23019_T|C,23055_A|G,23063_A|T,23075_T|C,23222_G|A,23271_C|T,23403_A|G,23423_C|T,23426_G|T,23525_C|T,23599_T|G,23604_C|G,23854_C|A,23948_G|T,24378_C|T,24424_A|T,24469_T|A,24990_C|T,25000_C|T,25207_C|T,25584_C|T,26060_C|T,26270_C|T,26275_A|G,26577_C|G,26709_G|A,26858_C|T,27259_A|C,27382_G|C,27383_A|T,27384_T|C,27507_A|C,27807_C|T,27915_G|T,28271_A|T,28297_T|C,28311_C|T,28881_G|A,28882_G|A,28883_G|C,29510_A|C,29625_C|T,11288_11296,21633_21641,21765_21770,21992_21994,22194_22196,23009_23011,28362_28370,29734_29759,21607_.|GNNNNNNNNNNN
USA/NMDOH-2024007658/2024	XDD	241_C|T,405_A|G,670_T|G,2334_C|T,2790_C|T,3037_C|T,4184_G|A,4321_C|T,5720_G|A,6541_C|T,7842_A|G,8293_C|T,8393_G|A,9344_C|T,9424_A|G,9534_C|T,10029_C|T,10198_C|T,10447_G|A,10449_C|A,10894_C|T,11042_G|T,11727_G|A,12789_C|T,12815_C|T,12880_C|T,13339_T|C,14408_C|T,15714_C|T,15756_T|A,17410_C|T,18163_A|G,18492_A|G,18894_C|T,19789_C|A,19955_C|T,20055_A|G,21618_C|T,21622_C|T,21624_G|C,21711_C|T,21941_G|T,21987_G|A,22032_T|C,22033_C|A,22034_A|G,22200_T|G,22208_C|T,22295_C|A,22353_C|A,22556_A|G,22577_G|C,22578_G|A,22629_A|C,22674_C|T,22679_T|C,22686_C|T,22688_A|G,22770_G|A,22775_G|A,22786_A|C,22813_G|T,22882_T|G,22895_G|C,22896_T|A,22898_G|A,22910_A|G,22916_C|T,22917_T|G,22926_T|C,22942_T|A,22992_G|A,22995_C|A,23005_T|A,23012_G|A,23018_T|C,23019_T|C,23055_A|G,23063_A|T,23075_T|C,23222_G|A,23271_C|T,23403_A|G,23423_C|T,23525_C|T,23599_T|G,23604_C|G,23854_C|A,23948_G|T,24378_C|T,24424_A|T,24469_T|A,24990_C|T,25000_C|T,25207_C|T,25584_C|T,26060_C|T,26270_C|T,26275_A|G,26577_C|G,26709_G|A,26858_C|T,27259_A|C,27382_G|C,27383_A|T,27384_T|C,27507_A|C,27807_C|T,27915_G|T,28271_A|T,28297_T|C,28311_C|T,28881_G|A,28882_G|A,28883_G|C,29510_A|C,29625_C|T,11288_11296,21633_21641,21765_21770,21992_21994,22194_22196,23009_23011,28362_28370,29734_29759,21607_.|GNNNNNNNNNNN
USA/NMDOH-2024007674/2024	XDD	241_C|T,405_A|G,670_T|G,913_C|T,2334_C|T,2790_C|T,3037_C|T,4184_G|A,4321_C|T,5720_G|A,6541_C|T,7042_G|T,7420_C|T,7842_A|G,8293_C|T,8393_G|A,9344_C|T,9424_A|G,9534_C|T,10029_C|T,10198_C|T,10447_G|A,10449_C|A,11042_G|T,11083_G|T,11727_G|A,12789_C|T,12815_C|T,12880_C|T,13339_T|C,14408_C|T,15714_C|T,15756_T|A,17410_C|T,18163_A|G,18492_A|G,18894_C|T,19955_C|T,20055_A|G,21618_C|T,21622_C|T,21624_G|C,21711_C|T,21941_G|T,21987_G|A,22032_T|C,22033_C|A,22034_A|G,22200_T|G,22208_C|T,22295_C|A,22353_C|A,22556_A|G,22577_G|C,22578_G|A,22629_A|C,22674_C|T,22679_T|C,22686_C|T,22688_A|G,22770_G|A,22775_G|A,22786_A|C,22813_G|T,22882_T|G,22895_G|C,22896_T|A,22898_G|A,22910_A|G,22916_C|T,22917_T|G,22926_T|C,22942_T|A,22992_G|A,22995_C|A,23005_T|A,23012_G|A,23018_T|C,23019_T|C,23055_A|G,23063_A|T,23075_T|C,23222_G|A,23271_C|T,23403_A|G,23423_C|T,23426_G|T,23525_C|T,23599_T|G,23604_C|G,23854_C|A,23948_G|T,24023_C|T,24378_C|T,24424_A|T,24469_T|A,24990_C|T,25000_C|T,25207_C|T,25584_C|T,26060_C|T,26270_C|T,26275_A|G,26577_C|G,26709_G|A,26858_C|T,27259_A|C,27382_G|C,27383_A|T,27384_T|C,27507_A|C,27807_C|T,27915_G|T,28271_A|T,28297_T|C,28311_C|T,28881_G|A,28882_G|A,28883_G|C,29510_A|C,29625_C|T,11288_11296,21633_21641,21765_21770,21992_21994,22194_22196,23009_23011,28362_28370,29734_29759,21608_.|TCATGCCGCTGT
USA/NMDOH-2024007727/2024	XDD	241_C|T,405_A|G,670_T|G,2334_C|T,2790_C|T,3037_C|T,4184_G|A,4321_C|T,5720_G|A,6541_C|T,7842_A|G,8293_C|T,8393_G|A,9344_C|T,9424_A|G,9534_C|T,10029_C|T,10198_C|T,10447_G|A,10449_C|A,10894_C|T,11042_G|T,11727_G|A,12789_C|T,12815_C|T,12880_C|T,13339_T|C,14408_C|T,15714_C|T,15756_T|A,17410_C|T,18163_A|G,18492_A|G,18894_C|T,19789_C|A,19955_C|T,20055_A|G,21618_C|T,21622_C|T,21624_G|C,21711_C|T,21941_G|T,21987_G|A,22032_T|C,22033_C|A,22034_A|G,22200_T|G,22208_C|T,22295_C|A,22353_C|A,22556_A|G,22577_G|C,22578_G|A,22629_A|C,22674_C|T,22679_T|C,22686_C|T,22688_A|G,22770_G|A,22775_G|A,22786_A|C,22813_G|T,22882_T|G,22895_G|C,22896_T|A,22898_G|A,22910_A|G,22916_C|T,22917_T|G,22926_T|C,22942_T|A,22992_G|A,22995_C|A,23005_T|A,23012_G|A,23018_T|C,23019_T|C,23055_A|G,23063_A|T,23075_T|C,23222_G|A,23271_C|T,23403_A|G,23423_C|T,23525_C|T,23599_T|G,23604_C|G,23854_C|A,23948_G|T,24378_C|T,24424_A|T,24469_T|A,24990_C|T,25000_C|T,25207_C|T,25584_C|T,26060_C|T,26270_C|T,26275_A|G,26577_C|G,26709_G|A,26858_C|T,27259_A|C,27382_G|C,27383_A|T,27384_T|C,27507_A|C,27807_C|T,27915_G|T,28271_A|T,28297_T|C,28311_C|T,28881_G|A,28882_G|A,28883_G|C,29510_A|C,29625_C|T,11288_11296,21633_21641,21765_21770,21992_21994,22194_22196,23009_23011,28362_28370,29734_29759,21607_.|GNNNNNNNNNNN
USA/NMDOH-2024007756/2024	XDD	241_C|T,405_A|G,670_T|G,913_C|T,2334_C|T,2790_C|T,3037_C|T,4184_G|A,4321_C|T,5720_G|A,6541_C|T,7042_G|T,7842_A|G,8293_C|T,8393_G|A,9344_C|T,9424_A|G,9534_C|T,10029_C|T,10198_C|T,10447_G|A,10449_C|A,11042_G|T,11083_G|T,11727_G|A,12789_C|T,12815_C|T,12880_C|T,13339_T|C,14408_C|T,15714_C|T,15756_T|A,17410_C|T,18163_A|G,18492_A|G,18894_C|T,19955_C|T,20055_A|G,21618_C|T,21622_C|T,21624_G|C,21711_C|T,21941_G|T,21987_G|A,22032_T|C,22033_C|A,22034_A|G,22200_T|G,22208_C|T,22295_C|A,22353_C|A,22556_A|G,22577_G|C,22578_G|A,22629_A|C,22674_C|T,22679_T|C,22686_C|T,22688_A|G,22770_G|A,22775_G|A,22786_A|C,22813_G|T,22882_T|G,22895_G|C,22896_T|A,22898_G|A,22910_A|G,22916_C|T,22917_T|G,22926_T|C,22942_T|A,22992_G|A,22995_C|A,23005_T|A,23012_G|A,23018_T|C,23019_T|C,23055_A|G,23063_A|T,23075_T|C,23222_G|A,23271_C|T,23403_A|G,23423_C|T,23426_G|T,23525_C|T,23599_T|G,23604_C|G,23854_C|A,23948_G|T,24378_C|T,24424_A|T,24469_T|A,24990_C|T,25000_C|T,25207_C|T,25584_C|T,26060_C|T,26270_C|T,26275_A|G,26577_C|G,26709_G|A,26858_C|T,27259_A|C,27382_G|C,27383_A|T,27384_T|C,27507_A|C,27807_C|T,27915_G|T,28271_A|T,28297_T|C,28311_C|T,28881_G|A,28882_G|A,28883_G|C,29510_A|C,29625_C|T,11288_11296,21633_21641,21765_21770,21992_21994,22194_22196,23009_23011,28362_28370,29734_29759,21608_.|TCATGCCGCTGT
USA/NV-CDC-QDX88322245/2023	XDD	241_C|T,405_A|G,670_T|G,2334_C|T,2790_C|T,3037_C|T,3692_G|T,4184_G|A,4321_C|T,5720_G|A,6541_C|T,7842_A|G,8293_C|T,8393_G|A,9344_C|T,9424_A|G,9534_C|T,10029_C|T,10138_C|T,10198_C|T,10447_G|A,10449_C|A,11042_G|T,11727_G|A,12789_C|T,12815_C|T,12880_C|T,13339_T|C,14408_C|T,15714_C|T,15756_T|A,17410_C|T,18163_A|G,18492_A|G,18894_C|T,19955_C|T,20055_A|G,21618_C|T,21622_C|T,21624_G|C,21711_C|T,21941_G|T,21987_G|A,22032_T|C,22033_C|A,22034_A|G,22200_T|G,22208_C|T,22295_C|A,22353_C|A,22556_A|G,22577_G|C,22578_G|A,22629_A|C,22674_C|T,22679_T|C,22686_C|T,22688_A|G,22770_G|A,22775_G|A,22786_A|C,22813_G|T,22882_T|G,22895_G|C,22896_T|A,22898_G|A,22910_A|G,22916_C|T,22917_T|G,22926_T|C,22942_T|A,22992_G|A,22995_C|A,23005_T|A,23012_G|A,23018_T|C,23019_T|C,23055_A|G,23063_A|T,23075_T|C,23222_G|A,23271_C|T,23403_A|G,23423_C|T,23525_C|T,23599_T|G,23604_C|G,23854_C|A,23948_G|T,24378_C|T,24424_A|T,24469_T|A,24990_C|T,25000_C|T,25207_C|T,25584_C|T,26060_C|T,26270_C|T,26275_A|G,26577_C|G,26709_G|A,26858_C|T,27259_A|C,27382_G|C,27383_A|T,27384_T|C,27507_A|C,27807_C|T,27915_G|T,28271_A|T,28297_T|C,28311_C|T,28881_G|A,28882_G|A,28883_G|C,29510_A|C,29625_C|T,11288_11296,21633_21641,21765_21770,21992_21994,22194_22196,23009_23011,28362_28370,29734_29759,21608_.|TCATGCCGCTGT
USA/NV-CDC-QDX90375978/2023	XDD	241_C|T,405_A|G,670_T|G,1314_C|T,2334_C|T,2790_C|T,3037_C|T,4184_G|A,4321_C|T,5720_G|A,6541_C|T,7842_A|G,8293_C|T,8393_G|A,9344_C|T,9424_A|G,9534_C|T,10029_C|T,10198_C|T,10447_G|A,10449_C|A,11042_G|T,11727_G|A,12789_C|T,12815_C|T,12880_C|T,13339_T|C,14408_C|T,15714_C|T,15756_T|A,17410_C|T,18163_A|G,18492_A|G,18894_C|T,19955_C|T,20055_A|G,21618_C|T,21622_C|T,21624_G|C,21711_C|T,21941_G|T,21987_G|A,22032_T|C,22033_C|A,22034_A|G,22200_T|G,22208_C|T,22295_C|A,22353_C|A,22556_A|G,22577_G|C,22578_G|A,22629_A|C,22674_C|T,22679_T|C,22686_C|T,22688_A|G,22770_G|A,22775_G|A,22786_A|C,22813_G|T,22882_T|G,22895_G|C,22896_T|A,22898_G|A,22910_A|G,22916_C|T,22917_T|G,22926_T|C,22942_T|A,22992_G|A,22995_C|A,23005_T|A,23012_G|A,23018_T|C,23019_T|C,23055_A|G,23063_A|T,23075_T|C,23222_G|A,23271_C|T,23403_A|G,23423_C|T,23525_C|T,23599_T|G,23604_C|G,23854_C|A,23948_G|T,24378_C|T,24424_A|T,24469_T|A,24990_C|T,25000_C|T,25207_C|T,25584_C|T,25993_G|A,26060_C|T,26270_C|T,26275_A|G,26577_C|G,26709_G|A,26858_C|T,27259_A|C,27382_G|C,27383_A|T,27384_T|C,27507_A|C,27807_C|T,27915_G|T,27970_C|T,28271_A|T,28297_T|C,28311_C|T,28881_G|A,28882_G|A,28883_G|C,29510_A|C,29625_C|T,11288_11296,21633_21641,21765_21770,21992_21994,22194_22196,23009_23011,28362_28370,29734_29759,21608_.|TCATGCCGCTGT
USA/NY-CDC-LC1075667/2023	XDD	44_C|T,241_C|T,405_A|G,670_T|G,1314_C|T,2334_C|T,2790_C|T,3037_C|T,4184_G|A,4321_C|T,5720_G|A,6541_C|T,7842_A|G,8293_C|T,8393_G|A,9344_C|T,9424_A|G,9534_C|T,10029_C|T,10198_C|T,10447_G|A,10449_C|A,11042_G|T,11727_G|A,12789_C|T,12815_C|T,12880_C|T,13339_T|C,14408_C|T,15714_C|T,15756_T|A,17410_C|T,18163_A|G,18492_A|G,18894_C|T,19955_C|T,20055_A|G,21618_C|T,21622_C|T,21624_G|C,21711_C|T,21941_G|T,21987_G|A,22032_T|C,22033_C|A,22034_A|G,22200_T|G,22208_C|T,22295_C|A,22353_C|A,22556_A|G,22577_G|C,22578_G|A,22629_A|C,22674_C|T,22679_T|C,22686_C|T,22688_A|G,22770_G|A,22775_G|A,22786_A|C,22813_G|T,22882_T|G,22895_G|C,22896_T|A,22898_G|A,22910_A|G,22916_C|T,22917_T|G,22926_T|C,22942_T|A,22992_G|A,22995_C|A,23005_T|A,23012_G|A,23018_T|C,23019_T|C,23055_A|G,23063_A|T,23075_T|C,23222_G|A,23271_C|T,23403_A|G,23423_C|T,23525_C|T,23599_T|G,23604_C|G,23854_C|A,23948_G|T,24378_C|T,24424_A|T,24469_T|A,24990_C|T,25000_C|T,25207_C|T,25584_C|T,25993_G|A,26060_C|T,26270_C|T,26275_A|G,26577_C|G,26709_G|A,26858_C|T,27259_A|C,27382_G|C,27383_A|T,27384_T|C,27507_A|C,27807_C|T,27915_G|T,28271_A|T,28297_T|C,28311_C|T,28881_G|A,28882_G|A,28883_G|C,29510_A|C,29625_C|T,11288_11296,21633_21641,21765_21770,21992_21994,22194_22196,23009_23011,28362_28370,29734_29759,21608_.|TCATGCCGCTGT
USA/NY-CDC-LC1075942/2023	XDD	241_C|T,405_A|G,670_T|G,2334_C|T,2790_C|T,3037_C|T,3692_G|T,4184_G|A,4321_C|T,5720_G|A,6541_C|T,7842_A|G,8293_C|T,8393_G|A,9344_C|T,9424_A|G,9534_C|T,10029_C|T,10198_C|T,10447_G|A,10449_C|A,11042_G|T,11727_G|A,12789_C|T,12815_C|T,12880_C|T,13339_T|C,14408_C|T,15714_C|T,15756_T|A,17410_C|T,18163_A|G,18492_A|G,18894_C|T,19955_C|T,20055_A|G,21618_C|T,21622_C|T,21624_G|C,21711_C|T,21941_G|T,21987_G|A,22032_T|C,22033_C|A,22034_A|G,22200_T|G,22208_C|T,22295_C|A,22353_C|A,22556_A|G,22577_G|C,22578_G|A,22629_A|C,22674_C|T,22679_T|C,22686_C|T,22688_A|G,22770_G|A,22775_G|A,22786_A|C,22813_G|T,22882_T|G,22895_G|C,22896_T|A,22898_G|A,22910_A|G,22916_C|T,22917_T|G,22926_T|C,22942_T|A,22992_G|A,22995_C|A,23005_T|A,23012_G|A,23018_T|C,23019_T|C,23055_A|G,23063_A|T,23075_T|C,23222_G|A,23271_C|T,23403_A|G,23423_C|T,23525_C|T,23599_T|G,23604_C|G,23854_C|A,23948_G|T,24378_C|T,24424_A|T,24469_T|A,24990_C|T,25000_C|T,25207_C|T,25584_C|T,26060_C|T,26270_C|T,26275_A|G,26577_C|G,26709_G|A,26858_C|T,27259_A|C,27382_G|C,27383_A|T,27384_T|C,27507_A|C,27807_C|T,27915_G|T,28271_A|T,28297_T|C,28311_C|T,28881_G|A,28882_G|A,28883_G|C,29510_A|C,29555_C|T,29625_C|T,11288_11296,21633_21641,21765_21770,21992_21994,22194_22196,23009_23011,28362_28370,29734_29759,21608_.|TCATGCCGCTGT
USA/NY-CDC-LC1085355/2024	XDD	241_C|T,405_A|G,670_T|G,2334_C|T,2790_C|T,3037_C|T,4184_G|A,4321_C|T,5720_G|A,6541_C|T,7842_A|G,8293_C|T,8393_G|A,9344_C|T,9424_A|G,9534_C|T,10029_C|T,10198_C|T,10447_G|A,10449_C|A,11042_G|T,11727_G|A,12789_C|T,12815_C|T,12880_C|T,13339_T|C,14408_C|T,15714_C|T,15756_T|A,17410_C|T,18163_A|G,18492_A|G,18894_C|T,19955_C|T,20055_A|G,21618_C|T,21622_C|T,21624_G|C,21711_C|T,21941_G|T,21987_G|A,22032_T|C,22033_C|A,22034_A|G,22200_T|G,22208_C|T,22295_C|A,22353_C|A,22556_A|G,22577_G|C,22578_G|A,22629_A|C,22674_C|T,22679_T|C,22686_C|T,22688_A|G,22770_G|A,22775_G|A,22786_A|C,22813_G|T,22882_T|G,22895_G|C,22896_T|A,22898_G|A,22910_A|G,22916_C|T,22917_T|G,22926_T|C,22942_T|A,22992_G|A,22995_C|A,23005_T|A,23012_G|A,23018_T|C,23019_T|C,23055_A|G,23063_A|T,23075_T|C,23222_G|A,23271_C|T,23403_A|G,23423_C|T,23525_C|T,23599_T|G,23604_C|G,23854_C|A,23948_G|T,24378_C|T,24424_A|T,24469_T|A,24990_C|T,25000_C|T,25207_C|T,25584_C|T,26060_C|T,26270_C|T,26275_A|G,26577_C|G,26709_G|A,26858_C|T,27259_A|C,27382_G|C,27383_A|T,27384_T|C,27507_A|C,27807_C|T,27915_G|T,28271_A|T,28297_T|C,28311_C|T,28881_G|A,28882_G|A,28883_G|C,29358_C|T,29510_A|C,29625_C|T,11288_11296,21633_21641,21765_21770,21992_21994,22194_22196,23009_23011,28362_28370,29734_29759,21608_.|TCATGCCGCTGT
USA/NY-CDC-LC1085722/2024	XDD	44_C|T,241_C|T,405_A|G,670_T|G,2334_C|T,2790_C|T,3037_C|T,4184_G|A,4321_C|T,5720_G|A,6541_C|T,7842_A|G,8293_C|T,8393_G|A,9344_C|T,9424_A|G,9534_C|T,10029_C|T,10198_C|T,10447_G|A,10449_C|A,11042_G|T,11727_G|A,12789_C|T,12815_C|T,12880_C|T,13339_T|C,14408_C|T,15656_C|T,15714_C|T,15756_T|A,17410_C|T,18163_A|G,18492_A|G,18861_A|C,18894_C|T,19955_C|T,20055_A|G,21618_C|T,21622_C|T,21624_G|C,21711_C|T,21941_G|T,21987_G|A,22032_T|C,22033_C|A,22034_A|G,22200_T|G,22208_C|T,22295_C|A,22353_C|A,22556_A|G,22577_G|C,22578_G|A,22629_A|C,22674_C|T,22679_T|C,22686_C|T,22688_A|G,22770_G|A,22775_G|A,22786_A|C,22813_G|T,22882_T|G,22895_G|C,22896_T|A,22898_G|A,22910_A|G,22916_C|T,22917_T|G,22926_T|C,22942_T|A,22992_G|A,22995_C|A,23005_T|A,23012_G|A,23018_T|C,23019_T|C,23055_A|G,23063_A|T,23075_T|C,23222_G|A,23271_C|T,23403_A|G,23423_C|T,23525_C|T,23599_T|G,23604_C|G,23854_C|A,23948_G|T,24378_C|T,24424_A|T,24469_T|A,24990_C|T,25000_C|T,25207_C|T,25584_C|T,26060_C|T,26270_C|T,26275_A|G,26577_C|G,26709_G|A,26858_C|T,27259_A|C,27382_G|C,27383_A|T,27384_T|C,27507_A|C,27807_C|T,27915_G|T,28171_C|T,28271_A|T,28297_T|C,28311_C|T,28881_G|A,28882_G|A,28883_G|C,29510_A|C,29625_C|T,29759_G|C,11288_11296,21633_21641,21765_21770,21992_21994,22194_22196,23009_23011,28362_28370,29732_29757,21608_.|TCATGCCGCTGT
USA/NY-CDC-LC1086517/2024	XDD	44_C|T,241_C|T,405_A|G,670_T|G,2334_C|T,2658_A|T,2790_C|T,3037_C|T,4184_G|A,4321_C|T,5720_G|A,6541_C|T,7119_C|T,7842_A|G,8293_C|T,8393_G|A,9344_C|T,9424_A|G,9534_C|T,10029_C|T,10198_C|T,10447_G|A,10449_C|A,11042_G|T,11727_G|A,12789_C|T,12815_C|T,12880_C|T,13339_T|C,14408_C|T,15714_C|T,15756_T|A,17410_C|T,18163_A|G,18492_A|G,18894_C|T,19955_C|T,20055_A|G,21618_C|T,21622_C|T,21624_G|C,21711_C|T,21941_G|T,21987_G|A,22032_T|C,22033_C|A,22034_A|G,22200_T|G,22208_C|T,22295_C|A,22353_C|A,22556_A|G,22577_G|C,22578_G|A,22629_A|C,22674_C|T,22679_T|C,22686_C|T,22688_A|G,22770_G|A,22775_G|A,22786_A|C,22813_G|T,22882_T|G,22895_G|C,22896_T|A,22898_G|A,22910_A|G,22916_C|T,22917_T|G,22926_T|C,22942_T|A,22992_G|A,22995_C|A,23005_T|A,23012_G|A,23018_T|C,23019_T|C,23055_A|G,23063_A|T,23075_T|C,23222_G|A,23271_C|T,23403_A|G,23423_C|T,23525_C|T,23599_T|G,23604_C|G,23854_C|A,23948_G|T,24378_C|T,24424_A|T,24469_T|A,24990_C|T,25000_C|T,25207_C|T,25511_C|T,25584_C|T,25809_A|G,25810_C|T,26060_C|T,26270_C|T,26275_A|G,26577_C|G,26709_G|A,26858_C|T,27259_A|C,27382_G|C,27383_A|T,27384_T|C,27507_A|C,27807_C|T,27915_G|T,28271_A|T,28297_T|C,28311_C|T,28881_G|A,28882_G|A,28883_G|C,29510_A|C,29625_C|T,11288_11296,21633_21641,21765_21770,21992_21994,22194_22196,23009_23011,28362_28370,29734_29759,21608_.|TCATGCCGCTGT
USA/NY-CDC-LC1100900/2024	XDD	44_C|T,241_C|T,405_A|G,670_T|G,2334_C|T,2790_C|T,3037_C|T,4184_G|A,4321_C|T,5720_G|A,6541_C|T,7842_A|G,8293_C|T,8393_G|A,9344_C|T,9424_A|G,9534_C|T,10029_C|T,10198_C|T,10447_G|A,10449_C|A,11042_G|T,11083_G|T,11727_G|A,12789_C|T,12815_C|T,12880_C|T,13339_T|C,14408_C|T,15714_C|T,15756_T|A,17410_C|T,18163_A|G,18492_A|G,18894_C|T,19955_C|T,20055_A|G,21618_C|T,21622_C|T,21624_G|C,21711_C|T,21790_T|C,21941_G|T,21987_G|A,22032_T|C,22033_C|A,22034_A|G,22200_T|G,22208_C|T,22295_C|A,22353_C|A,22556_A|G,22577_G|C,22578_G|A,22629_A|C,22674_C|T,22679_T|C,22686_C|T,22688_A|G,22770_G|A,22775_G|A,22786_A|C,22813_G|T,22882_T|G,22895_G|C,22896_T|A,22898_G|A,22910_A|G,22916_C|T,22917_T|G,22926_T|C,22942_T|A,22992_G|A,22995_C|A,23005_T|A,23012_G|A,23018_T|C,23019_T|C,23055_A|G,23063_A|T,23075_T|C,23222_G|A,23271_C|T,23403_A|G,23423_C|T,23525_C|T,23599_T|G,23604_C|G,23854_C|A,23948_G|T,24378_C|T,24424_A|T,24469_T|A,24964_C|T,24990_C|T,25000_C|T,25207_C|T,25584_C|T,26060_C|T,26270_C|T,26275_A|G,26577_C|G,26709_G|A,26858_C|T,27259_A|C,27382_G|C,27383_A|T,27384_T|C,27507_A|C,27807_C|T,27915_G|T,28271_A|T,28297_T|C,28311_C|T,28881_G|A,28882_G|A,28883_G|C,29510_A|C,29625_C|T,11288_11296,21633_21641,21765_21770,21992_21994,22194_22196,23009_23011,28362_28370,29734_29759,21608_.|TCATGCCGCTGT
USA/NY-CDC-QDX90197594/2023	XDD	241_C|T,405_A|G,670_T|G,2334_C|T,2790_C|T,3037_C|T,4184_G|A,4321_C|T,5720_G|A,6541_C|T,7842_A|G,8293_C|T,8393_G|A,9165_C|A,9344_C|T,9424_A|G,9534_C|T,10029_C|T,10198_C|T,10447_G|A,10449_C|A,11042_G|T,11727_G|A,12789_C|T,12815_C|T,12880_C|T,13339_T|C,14408_C|T,15714_C|T,15756_T|A,17410_C|T,18163_A|G,18492_A|G,18894_C|T,19955_C|T,20055_A|G,21618_C|T,21622_C|T,21624_G|C,21711_C|T,21941_G|T,21987_G|A,22032_T|C,22033_C|A,22034_A|G,22200_T|G,22208_C|T,22295_C|A,22353_C|A,22556_A|G,22577_G|C,22578_G|A,22629_A|C,22674_C|T,22679_T|C,22686_C|T,22688_A|G,22770_G|A,22775_G|A,22786_A|C,22813_G|T,22882_T|G,22895_G|C,22896_T|A,22898_G|A,22910_A|G,22916_C|T,22917_T|G,22926_T|C,22942_T|A,22992_G|A,22995_C|A,23005_T|A,23012_G|A,23018_T|C,23019_T|C,23055_A|G,23063_A|T,23075_T|C,23222_G|A,23271_C|T,23403_A|G,23423_C|T,23525_C|T,23599_T|G,23604_C|G,23854_C|A,23948_G|T,24378_C|T,24424_A|T,24469_T|A,24990_C|T,25000_C|T,25207_C|T,25584_C|T,26060_C|T,26270_C|T,26275_A|G,26577_C|G,26709_G|A,26858_C|T,27259_A|C,27382_G|C,27383_A|T,27384_T|C,27507_A|C,27807_C|T,27915_G|T,28271_A|T,28297_T|C,28311_C|T,28881_G|A,28882_G|A,28883_G|C,28960_G|T,29510_A|C,29625_C|T,11288_11296,21633_21641,21765_21770,21992_21994,22194_22196,23009_23011,28362_28370,29734_29759,21608_.|TCATGCCGCTGT
USA/NY-CDC-QDX90528333/2023	XDD	241_C|T,405_A|G,670_T|G,1710_C|T,2334_C|T,2790_C|T,3037_C|T,4184_G|A,4321_C|T,5155_G|A,5720_G|A,6541_C|T,7842_A|G,8293_C|T,8393_G|A,9344_C|T,9424_A|G,9534_C|T,10029_C|T,10198_C|T,10447_G|A,10449_C|A,11042_G|T,11727_G|A,12789_C|T,12815_C|T,12880_C|T,13339_T|C,14408_C|T,15714_C|T,15756_T|A,17410_C|T,17518_C|A,18163_A|G,18492_A|G,18894_C|T,19955_C|T,20055_A|G,21618_C|T,21622_C|T,21624_G|C,21660_C|T,21711_C|T,21941_G|T,21987_G|A,22032_T|C,22033_C|A,22034_A|G,22131_G|A,22200_T|G,22208_C|T,22295_C|A,22336_G|T,22353_C|A,22556_A|G,22577_G|C,22578_G|A,22629_A|C,22674_C|T,22679_T|C,22686_C|T,22688_A|G,22770_G|A,22775_G|A,22786_A|C,22813_G|T,22882_T|G,22895_G|C,22896_T|A,22898_G|A,22910_A|G,22916_C|T,22917_T|G,22926_T|C,22942_T|A,22992_G|A,22995_C|A,23005_T|A,23012_G|A,23018_T|C,23019_T|C,23055_A|G,23063_A|T,23075_T|C,23222_G|A,23271_C|T,23403_A|G,23423_C|T,23525_C|T,23599_T|G,23604_C|G,23854_C|A,23948_G|T,24378_C|T,24424_A|T,24469_T|A,24990_C|T,25000_C|T,25207_C|T,25584_C|T,26060_C|T,26270_C|T,26275_A|G,26577_C|G,26709_G|A,26858_C|T,27259_A|C,27382_G|C,27383_A|T,27384_T|C,27507_A|C,27807_C|T,27915_G|T,28271_A|T,28297_T|C,28311_C|T,28881_G|A,28882_G|A,28883_G|C,29510_A|C,29625_C|T,11288_11296,21633_21641,21765_21770,21992_21994,22194_22196,23009_23011,28362_28370,29734_29759,21608_.|TCATGCCGCTGT
USA/NY-CDC-QDX90677967/2023	XDD	241_C|T,405_A|G,670_T|G,2334_C|T,2790_C|T,3037_C|T,4184_G|A,4321_C|T,5720_G|A,6541_C|T,7420_C|T,7712_C|T,7842_A|G,8293_C|T,8393_G|A,9344_C|T,9424_A|G,9534_C|T,10029_C|T,10198_C|T,10447_G|A,10449_C|A,11042_G|T,11727_G|A,12789_C|T,12815_C|T,12880_C|T,13339_T|C,14408_C|T,15714_C|T,15756_T|A,17410_C|T,18163_A|G,18492_A|G,18894_C|T,19955_C|T,20055_A|G,21618_C|T,21622_C|T,21624_G|C,21711_C|T,21941_G|T,21987_G|A,22032_T|C,22033_C|A,22034_A|G,22200_T|G,22208_C|T,22295_C|A,22353_C|A,22556_A|G,22577_G|C,22578_G|A,22629_A|C,22674_C|T,22679_T|C,22686_C|T,22688_A|G,22770_G|A,22775_G|A,22786_A|C,22813_G|T,22882_T|G,22895_G|C,22896_T|A,22898_G|A,22910_A|G,22916_C|T,22917_T|G,22926_T|C,22942_T|A,22992_G|A,22995_C|A,23005_T|A,23012_G|A,23018_T|C,23019_T|C,23055_A|G,23063_A|T,23075_T|C,23222_G|A,23271_C|T,23403_A|G,23423_C|T,23525_C|T,23599_T|G,23604_C|G,23854_C|A,23948_G|T,24378_C|T,24424_A|T,24469_T|A,24990_C|T,25000_C|T,25207_C|T,25584_C|T,26060_C|T,26270_C|T,26275_A|G,26577_C|G,26709_G|A,26858_C|T,27259_A|C,27382_G|C,27383_A|T,27384_T|C,27507_A|C,27741_C|T,27807_C|T,27915_G|T,28271_A|T,28297_T|C,28311_C|T,28881_G|A,28882_G|A,28883_G|C,29167_C|T,29510_A|C,29625_C|T,11288_11296,21633_21641,21765_21770,21992_21994,22194_22196,23009_23011,28362_28370,29734_29759,21608_.|TCATGCCGCTGT
USA/NY-CDC-QDX90793290/2023	XDD	241_C|T,405_A|G,670_T|G,1878_C|T,2334_C|T,2658_A|T,2790_C|T,3037_C|T,4184_G|A,4321_C|T,5720_G|A,6541_C|T,7842_A|G,8293_C|T,8393_G|A,9344_C|T,9424_A|G,9534_C|T,10029_C|T,10030_C|T,10198_C|T,10447_G|A,10449_C|A,11042_G|T,11727_G|A,12789_C|T,12815_C|T,12880_C|T,13339_T|C,14408_C|T,15714_C|T,15756_T|A,17410_C|T,18163_A|G,18492_A|G,18894_C|T,19955_C|T,20055_A|G,21618_C|T,21622_C|T,21624_G|C,21711_C|T,21941_G|T,21987_G|A,22032_T|C,22033_C|A,22034_A|G,22200_T|G,22208_C|T,22295_C|A,22353_C|A,22556_A|G,22577_G|C,22578_G|A,22629_A|C,22674_C|T,22679_T|C,22686_C|T,22688_A|G,22770_G|A,22775_G|A,22786_A|C,22813_G|T,22882_T|G,22895_G|C,22896_T|A,22898_G|A,22910_A|G,22916_C|T,22917_T|G,22926_T|C,22942_T|A,22992_G|A,22995_C|A,23005_T|A,23012_G|A,23018_T|C,23019_T|C,23055_A|G,23063_A|T,23075_T|C,23222_G|A,23271_C|T,23403_A|G,23423_C|T,23525_C|T,23599_T|G,23604_C|G,23854_C|A,23948_G|T,24378_C|T,24424_A|T,24469_T|A,24990_C|T,25000_C|T,25207_C|T,25584_C|T,25809_A|G,25810_C|T,26060_C|T,26270_C|T,26275_A|G,26577_C|G,26709_G|A,26858_C|T,27259_A|C,27382_G|C,27383_A|T,27384_T|C,27507_A|C,27807_C|T,27915_G|T,28271_A|T,28297_T|C,28311_C|T,28881_G|A,28882_G|A,28883_G|C,29510_A|C,29625_C|T,11288_11296,21633_21641,21765_21770,21992_21994,22194_22196,23009_23011,28362_28370,29734_29759,21608_.|TCATGCCGCTGT
USA/NY-CDC-QDX90794231/2023	XDD	241_C|T,401_C|T,405_A|G,670_T|G,2334_C|T,2790_C|T,3037_C|T,4184_G|A,4321_C|T,5720_G|A,6541_C|T,7842_A|G,8293_C|T,8393_G|A,9344_C|T,9424_A|G,9534_C|T,10029_C|T,10198_C|T,10447_G|A,10449_C|A,11042_G|T,11727_G|A,12789_C|T,12815_C|T,12880_C|T,13339_T|C,14408_C|T,15714_C|T,15756_T|A,17410_C|T,18163_A|G,18492_A|G,18894_C|T,19955_C|T,20055_A|G,21618_C|T,21622_C|T,21624_G|C,21711_C|T,21941_G|T,21987_G|A,22032_T|C,22033_C|A,22034_A|G,22200_T|G,22208_C|T,22295_C|A,22353_C|A,22556_A|G,22577_G|C,22578_G|A,22629_A|C,22674_C|T,22679_T|C,22686_C|T,22688_A|G,22770_G|A,22775_G|A,22786_A|C,22813_G|T,22882_T|G,22895_G|C,22896_T|A,22898_G|A,22910_A|G,22916_C|T,22917_T|G,22926_T|C,22942_T|A,22992_G|A,22995_C|A,23005_T|A,23012_G|A,23018_T|C,23019_T|C,23055_A|G,23063_A|T,23075_T|C,23222_G|A,23271_C|T,23403_A|G,23423_C|T,23525_C|T,23599_T|G,23604_C|G,23854_C|A,23948_G|T,24378_C|T,24424_A|T,24469_T|A,24990_C|T,25000_C|T,25207_C|T,25584_C|T,26060_C|T,26270_C|T,26275_A|G,26577_C|G,26709_G|A,26858_C|T,27259_A|C,27382_G|C,27383_A|T,27384_T|C,27507_A|C,27807_C|T,27915_G|T,28271_A|T,28297_T|C,28311_C|T,28881_G|A,28882_G|A,28883_G|C,29510_A|C,29625_C|T,11288_11296,21633_21641,21765_21770,21992_21994,22194_22196,23009_23011,28362_28370,29734_29759,21608_.|TCATGCCGCTGT
USA/NY-CDC-QDX91180772/2024	XDD	241_C|T,405_A|G,670_T|G,1710_C|T,2334_C|T,2790_C|T,3037_C|T,4184_G|A,4321_C|T,5155_G|A,5720_G|A,6541_C|T,7842_A|G,8293_C|T,8393_G|A,9344_C|T,9424_A|G,9534_C|T,10029_C|T,10198_C|T,10447_G|A,10449_C|A,11042_G|T,11727_G|A,12789_C|T,12815_C|T,12880_C|T,13339_T|C,14408_C|T,15714_C|T,15756_T|A,17410_C|T,17518_C|A,18163_A|G,18492_A|G,18894_C|T,19955_C|T,20055_A|G,21618_C|T,21622_C|T,21624_G|C,21660_C|T,21711_C|T,21941_G|T,21987_G|A,22032_T|C,22033_C|A,22034_A|G,22131_G|A,22200_T|G,22208_C|T,22295_C|A,22353_C|A,22556_A|G,22577_G|T,22578_G|A,22629_A|C,22674_C|T,22679_T|C,22686_C|T,22688_A|G,22770_G|A,22775_G|A,22786_A|C,22813_G|T,22882_T|G,22895_G|C,22896_T|A,22898_G|A,22910_A|G,22916_C|T,22917_T|G,22926_T|C,22942_T|A,22992_G|A,22995_C|A,23005_T|A,23012_G|A,23018_T|C,23019_T|C,23055_A|G,23063_A|T,23075_T|C,23222_G|A,23271_C|T,23403_A|G,23423_C|T,23525_C|T,23599_T|G,23604_C|G,23854_C|A,23948_G|T,24378_C|T,24424_A|T,24469_T|A,24990_C|T,25000_C|T,25207_C|T,25584_C|T,26060_C|T,26270_C|T,26275_A|G,26577_C|G,26709_G|A,26858_C|T,27259_A|C,27382_G|C,27383_A|T,27384_T|C,27507_A|C,27807_C|T,27915_G|T,28271_A|T,28297_T|C,28311_C|T,28881_G|A,28882_G|A,28883_G|C,29510_A|C,29625_C|T,11288_11296,21633_21641,21765_21770,21992_21994,22194_22196,23009_23011,28362_28370,29734_29759,21608_.|TCATGCCGCTGT
USA/NY-CDC-QDX91525086/2024	XDD	241_C|T,264_A|G,401_C|T,405_A|G,670_T|G,2334_C|T,2790_C|T,3037_C|T,4184_G|A,4321_C|T,5720_G|A,6541_C|T,7842_A|G,8293_C|T,8393_G|A,9344_C|T,9424_A|G,9534_C|T,10029_C|T,10198_C|T,10447_G|A,10449_C|A,11042_G|T,11727_G|A,12789_C|T,12815_C|T,12880_C|T,13339_T|C,14408_C|T,15714_C|T,15756_T|A,17410_C|T,18163_A|G,18492_A|G,18894_C|T,19955_C|T,20055_A|G,21618_C|T,21622_C|T,21624_G|C,21711_C|T,21941_G|T,21987_G|A,22032_T|C,22033_C|A,22034_A|G,22200_T|G,22208_C|T,22295_C|A,22353_C|A,22556_A|G,22577_G|C,22578_G|A,22629_A|C,22674_C|T,22679_T|C,22686_C|T,22688_A|G,22770_G|A,22775_G|A,22786_A|C,22813_G|T,22882_T|G,22895_G|C,22896_T|A,22898_G|A,22910_A|G,22916_C|T,22917_T|G,22926_T|C,22942_T|A,22992_G|A,22995_C|A,23005_T|A,23012_G|A,23018_T|C,23019_T|C,23055_A|G,23063_A|T,23075_T|C,23222_G|A,23271_C|T,23403_A|G,23423_C|T,23525_C|T,23599_T|G,23604_C|G,23854_C|A,23948_G|T,24378_C|T,24424_A|T,24469_T|A,24990_C|T,25000_C|T,25207_C|T,25584_C|T,26060_C|T,26270_C|T,26275_A|G,26577_C|G,26709_G|A,26858_C|T,27259_A|C,27382_G|C,27383_A|T,27384_T|C,27507_A|C,27807_C|T,27915_G|T,28271_A|T,28297_T|C,28311_C|T,28881_G|A,28882_G|A,28883_G|C,29510_A|C,29625_C|T,11288_11296,21633_21641,21765_21770,21992_21994,22194_22196,23009_23011,28362_28370,29734_29759,21608_.|TCATGCCGCTGT
USA/NY-CDC-QDX92473487/2024	XDD	241_C|T,405_A|G,670_T|G,1617_T|G,2334_C|T,2790_C|T,3037_C|T,4184_G|A,4321_C|T,5720_G|A,6541_C|T,7842_A|G,8258_G|T,8293_C|T,8393_G|A,9344_C|T,9424_A|G,9534_C|T,10029_C|T,10198_C|T,10447_G|A,10449_C|A,11042_G|T,11727_G|A,12789_C|T,12815_C|T,12880_C|T,13339_T|C,14408_C|T,15714_C|T,15756_T|A,17410_C|T,18163_A|G,18492_A|G,18894_C|T,19955_C|T,20055_A|G,21618_C|T,21622_C|T,21624_G|C,21711_C|T,21941_G|T,21987_G|A,22032_T|C,22033_C|A,22034_A|G,22200_T|G,22208_C|T,22295_C|A,22353_C|A,22556_A|G,22577_G|C,22578_G|A,22629_A|C,22674_C|T,22679_T|C,22686_C|T,22688_A|G,22770_G|A,22775_G|A,22786_A|C,22813_G|T,22882_T|G,22895_G|C,22896_T|A,22898_G|A,22910_A|G,22916_C|T,22917_T|G,22926_T|C,22942_T|A,22992_G|A,22995_C|A,23005_T|A,23012_G|A,23018_T|C,23019_T|C,23055_A|G,23063_A|T,23075_T|C,23222_G|A,23271_C|T,23342_G|A,23403_A|G,23423_C|T,23525_C|T,23599_T|G,23604_C|G,23854_C|A,23948_G|T,24378_C|T,24424_A|T,24469_T|A,24990_C|T,25000_C|T,25207_C|T,25584_C|T,26060_C|T,26270_C|T,26275_A|G,26577_C|G,26709_G|A,26858_C|T,27259_A|C,27382_G|C,27383_A|T,27384_T|C,27507_A|C,27807_C|T,27915_G|T,28271_A|T,28290_C|T,28297_T|C,28311_C|T,28881_G|A,28882_G|A,28883_G|C,29510_A|C,29625_C|T,11288_11296,21633_21641,21765_21770,21992_21994,22194_22196,23009_23011,28362_28370,29734_29759,21608_.|TCATGCCGCTGT
USA/NY-CDC-QDX92473586/2024	XDD	241_C|T,405_A|G,670_T|G,2334_C|T,2790_C|T,3037_C|T,4184_G|A,4321_C|T,5142_C|T,5720_G|A,6008_G|A,6541_C|T,7712_C|T,7842_A|G,8293_C|T,8393_G|A,9344_C|T,9424_A|G,9534_C|T,10029_C|T,10198_C|T,10447_G|A,10449_C|A,11042_G|T,11074_C|T,11083_G|T,11727_G|A,12789_C|T,12815_C|T,12880_C|T,13339_T|C,14408_C|T,15714_C|T,15756_T|A,17410_C|T,18163_A|G,18492_A|G,18501_C|T,18894_C|T,19366_C|T,19955_C|T,20055_A|G,21618_C|T,21622_C|T,21624_G|C,21711_C|T,21941_G|T,21987_G|A,22032_T|C,22033_C|A,22034_A|G,22200_T|G,22208_C|T,22295_C|A,22353_C|A,22556_A|G,22577_G|C,22578_G|A,22629_A|C,22674_C|T,22679_T|C,22686_C|T,22688_A|G,22770_G|A,22775_G|A,22786_A|C,22813_G|T,22882_T|G,22895_G|C,22896_T|A,22898_G|A,22910_A|G,22916_C|T,22917_T|G,22926_T|C,22942_T|A,22992_G|A,22995_C|A,23005_T|A,23012_G|A,23018_T|C,23019_T|C,23055_A|G,23063_A|T,23075_T|C,23222_G|A,23271_C|T,23403_A|G,23423_C|T,23525_C|T,23599_T|G,23604_C|G,23854_C|A,23948_G|T,24378_C|T,24424_A|T,24469_T|A,24990_C|T,25000_C|T,25207_C|T,25584_C|T,26060_C|T,26270_C|T,26275_A|G,26577_C|G,26709_G|A,26858_C|T,27259_A|C,27382_G|C,27383_A|T,27384_T|C,27507_A|C,27807_C|T,27915_G|T,28271_A|T,28297_T|C,28311_C|T,28881_G|A,28882_G|A,28883_G|C,29167_C|T,29510_A|C,29625_C|T,11288_11296,21633_21641,21765_21770,21992_21994,22194_22196,23009_23011,28362_28370,29734_29759,21608_.|TCATGCCGCTGT
USA/NY-CDC-QDX92971430/2024	XDD	241_C|T,405_A|G,670_T|G,2334_C|T,2790_C|T,3037_C|T,4184_G|A,4321_C|T,5720_G|A,6541_C|T,7842_A|G,8293_C|T,8393_G|A,9344_C|T,9424_A|G,9534_C|T,10029_C|T,10198_C|T,10447_G|A,10449_C|A,11042_G|T,11727_G|A,12789_C|T,12815_C|T,12880_C|T,13339_T|C,14408_C|T,15714_C|T,15756_T|A,17410_C|T,18163_A|G,18492_A|G,18894_C|T,19955_C|T,20055_A|G,21618_C|T,21622_C|T,21624_G|C,21711_C|T,21790_T|C,21941_G|T,21987_G|A,22032_T|C,22033_C|A,22034_A|G,22200_T|G,22208_C|T,22295_C|A,22353_C|A,22556_A|G,22577_G|C,22578_G|A,22629_A|C,22674_C|T,22679_T|C,22686_C|T,22688_A|G,22770_G|A,22775_G|A,22786_A|C,22813_G|T,22882_T|G,22895_G|C,22896_T|A,22898_G|A,22910_A|G,22916_C|T,22917_T|G,22926_T|C,22942_T|A,22992_G|A,22995_C|A,23005_T|A,23012_G|A,23018_T|C,23019_T|C,23055_A|G,23063_A|T,23075_T|C,23222_G|A,23271_C|T,23403_A|G,23423_C|T,23525_C|T,23599_T|G,23604_C|G,23854_C|A,23948_G|T,24378_C|T,24424_A|T,24469_T|A,24964_C|T,24990_C|T,25000_C|T,25207_C|T,25584_C|T,26060_C|T,26270_C|T,26275_A|G,26577_C|G,26709_G|A,26858_C|T,27259_A|C,27382_G|C,27383_A|T,27384_T|C,27507_A|C,27807_C|T,27915_G|T,28271_A|T,28297_T|C,28311_C|T,28881_G|A,28882_G|A,28883_G|C,29510_A|C,29625_C|T,11288_11296,21633_21641,21765_21770,21992_21994,22194_22196,23009_23011,28362_28370,29734_29759,21608_.|TCATGCCGCTGT
USA/NY-CDC-QDX94067507/2024	XDD	241_C|T,405_A|G,670_T|G,913_C|T,2334_C|T,2790_C|T,3037_C|T,4184_G|A,4321_C|T,5720_G|A,6541_C|T,7042_G|T,7842_A|G,8293_C|T,8393_G|A,9344_C|T,9424_A|G,9534_C|T,10029_C|T,10198_C|T,10447_G|A,10449_C|A,11042_G|T,11727_G|A,12789_C|T,12815_C|T,12880_C|T,13339_T|C,14408_C|T,15714_C|T,15756_T|A,17410_C|T,18163_A|G,18492_A|G,18894_C|T,19955_C|T,20055_A|G,21618_C|T,21622_C|T,21624_G|C,21711_C|T,21941_G|T,21987_G|A,22032_T|C,22033_C|A,22034_A|G,22200_T|G,22208_C|T,22295_C|A,22353_C|A,22556_A|G,22577_G|C,22578_G|A,22629_A|C,22674_C|T,22679_T|C,22686_C|T,22688_A|G,22770_G|A,22775_G|A,22786_A|C,22813_G|T,22882_T|G,22895_G|C,22896_T|A,22898_G|A,22910_A|G,22916_C|T,22917_T|G,22926_T|C,22942_T|A,22992_G|A,22995_C|A,23005_T|A,23012_G|A,23018_T|C,23019_T|C,23055_A|G,23063_A|T,23075_T|C,23222_G|A,23271_C|T,23403_A|G,23423_C|T,23525_C|T,23599_T|G,23604_C|G,23854_C|A,23948_G|T,24146_C|T,24378_C|T,24424_A|T,24469_T|A,24990_C|T,25000_C|T,25207_C|T,25584_C|T,26060_C|T,26270_C|T,26275_A|G,26577_C|G,26709_G|A,26858_C|T,27259_A|C,27382_G|C,27383_A|T,27384_T|C,27507_A|C,27807_C|T,27855_C|T,27915_G|T,28271_A|T,28297_T|C,28311_C|T,28881_G|A,28882_G|A,28883_G|C,29510_A|C,29625_C|T,11288_11296,21633_21641,21765_21770,21992_21994,22194_22196,23009_23011,28362_28370,29734_29759,21608_.|TCATGCCGCTGT
USA/NY-GBW-H20-356-6523/2024	XDD	44_C|T,241_C|T,405_A|G,670_T|G,2334_C|T,2790_C|T,3037_C|T,3096_C|T,4184_G|A,4321_C|T,5720_G|A,6541_C|T,7000_C|T,7528_C|T,7842_A|G,8293_C|T,8393_G|A,9344_C|T,9424_A|G,9534_C|T,10029_C|T,10198_C|T,10447_G|A,10449_C|A,11042_G|T,11727_G|A,12789_C|T,12815_C|T,12880_C|T,13216_T|C,13339_T|C,14408_C|T,15714_C|T,15756_T|A,17410_C|T,18163_A|G,18492_A|G,18894_C|T,19955_C|T,20055_A|G,21618_C|T,21622_C|T,21624_G|C,21711_C|T,21941_G|T,21987_G|A,22032_T|C,22033_C|A,22034_A|G,22200_T|G,22208_C|T,22295_C|A,22353_C|A,22556_A|G,22577_G|C,22578_G|A,22629_A|C,22674_C|T,22679_T|C,22686_C|T,22688_A|G,22770_G|A,22775_G|A,22786_A|C,22813_G|T,22882_T|G,22895_G|C,22896_T|A,22898_G|A,22910_A|G,22916_C|T,22917_T|G,22926_T|C,22942_T|A,22992_G|A,22995_C|A,23005_T|A,23012_G|A,23018_T|C,23019_T|C,23055_A|G,23063_A|T,23075_T|C,23222_G|A,23271_C|T,23403_A|G,23423_C|T,23525_C|T,23599_T|G,23604_C|G,23854_C|A,23948_G|T,24378_C|T,24424_A|T,24469_T|A,24990_C|T,25000_C|T,25207_C|T,25584_C|T,26060_C|T,26270_C|T,26275_A|G,26577_C|G,26709_G|A,26858_C|T,27259_A|C,27382_G|C,27383_A|T,27384_T|C,27507_A|C,27807_C|T,27915_G|T,28271_A|T,28297_T|C,28311_C|T,28881_G|A,28882_G|A,28883_G|C,29510_A|C,29625_C|T,11288_11296,21633_21641,21765_21770,21992_21994,22194_22196,23009_23011,28362_28370,29734_29759,21608_.|TCATGCCGCTGT
USA/NY-NYCPHL-018781/2023	XDD	241_C|T,670_T|G,2334_C|T,2790_C|T,3037_C|T,4184_G|A,4321_C|T,5720_G|A,6541_C|T,7842_A|G,8293_C|T,8393_G|A,9344_C|T,9424_A|G,9534_C|T,10029_C|T,10198_C|T,10447_G|A,10449_C|A,11042_G|T,11727_G|A,12789_C|T,12815_C|T,12880_C|T,13339_T|C,14408_C|T,15714_C|T,15756_T|A,16522_A|G,17410_C|T,18163_A|G,18492_A|G,18894_C|T,19955_C|T,20055_A|G,21618_C|T,21622_C|T,21624_G|C,21711_C|T,21941_G|T,21987_G|A,22032_T|C,22033_C|A,22034_A|G,22200_T|G,22208_C|T,22295_C|A,22353_C|A,22556_A|G,22577_G|C,22578_G|A,22629_A|C,22674_C|T,22679_T|C,22686_C|T,22688_A|G,22770_G|A,22775_G|A,22786_A|C,22813_G|T,22882_T|G,22895_G|C,22896_T|A,22898_G|A,22910_A|G,22916_C|T,22917_T|G,22926_T|C,22942_T|A,22992_G|A,22995_C|A,23005_T|A,23012_G|A,23018_T|C,23019_T|C,23055_A|G,23063_A|T,23075_T|C,23222_G|A,23271_C|T,23403_A|G,23423_C|T,23525_C|T,23599_T|G,23604_C|G,23854_C|A,23948_G|T,24378_C|T,24424_A|T,24469_T|A,24990_C|T,25000_C|T,25207_C|T,25584_C|T,26060_C|T,26270_C|T,26275_A|G,26577_C|G,26709_G|A,26858_C|T,27259_A|C,27382_G|C,27383_A|T,27384_T|C,27507_A|C,27807_C|T,27915_G|T,28271_A|T,28297_T|C,28311_C|T,28881_G|A,28882_G|A,28883_G|C,29510_A|C,29625_C|T,6506_6508,11288_11296,21633_21641,21765_21770,21992_21994,22194_22196,23009_23011,28362_28370,21608_.|TCATGCCGCTGT
USA/NY-PRL-231219_82G03/2023	XDD	241_C|T,405_A|G,670_T|G,1314_C|T,2334_C|T,2790_C|T,3037_C|T,4184_G|A,4321_C|T,5720_G|A,6541_C|T,7842_A|G,8293_C|T,8318_C|A,8393_G|A,9344_C|T,9424_A|G,9534_C|T,10029_C|T,10198_C|T,10447_G|A,10449_C|A,11042_G|T,11727_G|A,12789_C|T,12815_C|T,12880_C|T,13339_T|C,14408_C|T,15714_C|T,15756_T|A,17410_C|T,18163_A|G,18492_A|G,18894_C|T,19955_C|T,20055_A|G,21618_C|T,21622_C|T,21624_G|C,21711_C|T,21941_G|T,21987_G|A,22032_T|C,22033_C|A,22034_A|G,22200_T|G,22208_C|T,22295_C|A,22353_C|A,22556_A|G,22577_G|C,22578_G|A,22629_A|C,22674_C|T,22679_T|C,22686_C|T,22688_A|G,22770_G|A,22775_G|A,22786_A|C,22813_G|T,22882_T|G,22895_G|C,22896_T|A,22898_G|A,22910_A|G,22916_C|T,22917_T|G,22926_T|C,22942_T|A,22992_G|A,22995_C|A,23005_T|A,23012_G|A,23018_T|C,23019_T|C,23055_A|G,23063_A|T,23075_T|C,23222_G|A,23271_C|T,23403_A|G,23423_C|T,23525_C|T,23599_T|G,23604_C|G,23854_C|A,23948_G|T,24378_C|T,24424_A|T,24469_T|A,24990_C|T,25000_C|T,25207_C|T,25584_C|T,25993_G|A,26060_C|T,26270_C|T,26275_A|G,26577_C|G,26709_G|A,26858_C|T,27259_A|C,27382_G|C,27383_A|T,27384_T|C,27507_A|C,27807_C|T,27915_G|T,28271_A|T,28297_T|C,28311_C|T,28881_G|A,28882_G|A,28883_G|C,29510_A|C,29625_C|T,11288_11296,21633_21641,21765_21770,21992_21994,22194_22196,23009_23011,28362_28370,29734_29759
USA/NY-PRL-240103_81D04/2023	XDD	218_C|T,241_C|T,405_A|G,670_T|G,2334_C|T,2790_C|T,3037_C|T,4184_G|A,4321_C|T,5720_G|A,6541_C|T,7842_A|G,8293_C|T,8393_G|A,9344_C|T,9424_A|G,9534_C|T,10029_C|T,10198_C|T,10447_G|A,10449_C|A,11042_G|T,11727_G|A,12789_C|T,12815_C|T,12880_C|T,13339_T|C,14408_C|T,15714_C|T,15756_T|A,17410_C|T,18163_A|G,18492_A|G,18894_C|T,19955_C|T,20055_A|G,21610_T|C,21641_G|T,21711_C|T,21941_G|T,21987_G|A,22032_T|C,22033_C|A,22034_A|G,22200_T|G,22208_C|T,22295_C|A,22353_C|A,22556_A|G,22577_G|C,22578_G|A,22629_A|C,22674_C|T,22679_T|C,22686_C|T,22688_A|G,22770_G|A,22775_G|A,22786_A|C,22813_G|T,22882_T|G,22895_G|C,22896_T|A,22898_G|A,22910_A|G,22916_C|T,22917_T|G,22926_T|C,22942_T|A,22992_G|A,22995_C|A,23005_T|A,23012_G|A,23018_T|C,23019_T|C,23055_A|G,23063_A|T,23075_T|C,23222_G|A,23271_C|T,23403_A|G,23423_C|T,23525_C|T,23599_T|G,23604_C|G,23854_C|A,23948_G|T,24378_C|T,24424_A|T,24469_T|A,24990_C|T,25000_C|T,25207_C|T,25584_C|T,26060_C|T,26270_C|T,26275_A|G,26577_C|G,26709_G|A,26858_C|T,27259_A|C,27382_G|C,27383_A|T,27384_T|C,27499_T|C,27507_A|C,27807_C|T,27915_G|T,28271_A|T,28297_T|C,28311_C|T,28881_G|A,28882_G|A,28883_G|C,29510_A|C,29625_C|T,11288_11296,21765_21770,21992_21994,22194_22196,23009_23011,28362_28370,29734_29759
USA/NY-PRL-240103_83H02/2023	XDD	69_A|G,241_C|T,405_A|G,670_T|G,1314_C|T,2334_C|T,2790_C|T,3037_C|T,4184_G|A,4321_C|T,5720_G|A,6541_C|T,7842_A|G,8293_C|T,8393_G|A,9344_C|T,9424_A|G,9534_C|T,10029_C|T,10198_C|T,10447_G|A,10449_C|A,11042_G|T,11727_G|A,12789_C|T,12815_C|T,12880_C|T,13339_T|C,14408_C|T,15714_C|T,15756_T|A,17410_C|T,18163_A|G,18492_A|G,18894_C|T,19955_C|T,20055_A|G,21610_T|C,21641_G|T,21711_C|T,21812_C|T,21941_G|T,21987_G|A,22032_T|C,22033_C|A,22034_A|G,22200_T|G,22208_C|T,22295_C|A,22353_C|A,22556_A|G,22577_G|C,22578_G|A,22629_A|C,22674_C|T,22679_T|C,22686_C|T,22688_A|G,22770_G|A,22775_G|A,22786_A|C,22813_G|T,22882_T|G,22895_G|C,22896_T|A,22898_G|A,22910_A|G,22916_C|T,22917_T|G,22926_T|C,22942_T|A,22992_G|A,22995_C|A,23005_T|A,23012_G|A,23018_T|C,23019_T|C,23055_A|G,23063_A|T,23075_T|C,23222_G|A,23271_C|T,23403_A|G,23423_C|T,23525_C|T,23599_T|G,23604_C|G,23854_C|A,23948_G|T,24378_C|T,24424_A|T,24469_T|A,24990_C|T,25000_C|T,25207_C|T,25584_C|T,25993_G|A,26060_C|T,26270_C|T,26275_A|G,26577_C|G,26709_G|A,26858_C|T,27128_C|T,27259_A|C,27382_G|C,27383_A|T,27384_T|C,27507_A|C,27807_C|T,27915_G|T,28271_A|T,28297_T|C,28311_C|T,28881_G|A,28882_G|A,28883_G|C,29510_A|C,29625_C|T,11288_11296,21765_21770,21992_21994,22194_22196,23009_23011,28362_28370,29734_29759
USA/NY-PRL-240103_84H03/2023	XDD	241_C|T,405_A|G,670_T|G,2334_C|T,2790_C|T,3037_C|T,4184_G|A,4321_C|T,5720_G|A,6541_C|T,7842_A|G,8293_C|T,8393_G|A,9344_C|T,9424_A|G,9534_C|T,10029_C|T,10198_C|T,10447_G|A,10449_C|A,11042_G|T,11727_G|A,12789_C|T,12815_C|T,12880_C|T,13339_T|C,14408_C|T,15714_C|T,15756_T|A,17410_C|T,18163_A|G,18492_A|G,18654_C|T,18894_C|T,19955_C|T,20055_A|G,20429_C|T,21610_T|C,21641_G|T,21711_C|T,21941_G|T,21987_G|A,22032_T|C,22033_C|A,22034_A|G,22200_T|G,22208_C|T,22295_C|A,22353_C|A,22556_A|G,22577_G|C,22578_G|A,22629_A|C,22674_C|T,22679_T|C,22686_C|T,22688_A|G,22770_G|A,22775_G|A,22786_A|C,22813_G|T,22882_T|G,22895_G|C,22896_T|A,22898_G|A,22910_A|G,22916_C|T,22917_T|G,22926_T|C,22942_T|A,22992_G|A,22995_C|A,23005_T|A,23012_G|A,23018_T|C,23019_T|C,23055_A|G,23063_A|T,23075_T|C,23222_G|A,23271_C|T,23403_A|G,23423_C|T,23525_C|T,23599_T|G,23604_C|G,23854_C|A,23948_G|T,24378_C|T,24424_A|T,24469_T|A,24990_C|T,25000_C|T,25207_C|T,25584_C|T,26060_C|T,26270_C|T,26275_A|G,26577_C|G,26709_G|A,26858_C|T,27259_A|C,27382_G|C,27383_A|T,27384_T|C,27507_A|C,27807_C|T,27915_G|T,28271_A|T,28297_T|C,28311_C|T,28881_G|A,28882_G|A,28883_G|C,29510_A|C,29625_C|T,11288_11296,21765_21770,21992_21994,22194_22196,23009_23011,28362_28370,29734_29759
USA/NY-PRL-240117_81A07/2023	XDD	241_C|T,405_A|G,670_T|G,2334_C|T,2790_C|T,3037_C|T,4184_G|A,4321_C|T,5720_G|A,6541_C|T,7712_C|T,7842_A|G,8293_C|T,8393_G|A,9344_C|T,9424_A|G,9534_C|T,10029_C|T,10198_C|T,10447_G|A,10449_C|A,11042_G|T,11727_G|A,12789_C|T,12815_C|T,12880_C|T,13339_T|C,14408_C|T,15714_C|T,15756_T|A,17410_C|T,18163_A|G,18492_A|G,18894_C|T,19955_C|T,20055_A|G,20466_T|C,21711_C|T,21941_G|T,21987_G|A,22032_T|C,22033_C|A,22034_A|G,22200_T|G,22208_C|T,22295_C|A,22353_C|A,22556_A|G,22577_G|C,22578_G|A,22629_A|C,22674_C|T,22679_T|C,22686_C|T,22688_A|G,22770_G|A,22775_G|A,22786_A|C,22813_G|T,22882_T|G,22895_G|C,22896_T|A,22898_G|A,22910_A|G,22916_C|T,22917_T|G,22926_T|C,22942_T|A,22992_G|A,22995_C|A,23005_T|A,23012_G|A,23018_T|C,23019_T|C,23055_A|G,23063_A|T,23075_T|C,23222_G|A,23271_C|T,23403_A|G,23423_C|T,23525_C|T,23599_T|G,23604_C|G,23854_C|A,23948_G|T,24378_C|T,24424_A|T,24469_T|A,24990_C|T,25000_C|T,25207_C|T,25584_C|T,26060_C|T,26270_C|T,26275_A|G,26577_C|G,26709_G|A,26858_C|T,27259_A|C,27382_G|C,27383_A|T,27384_T|C,27507_A|C,27807_C|T,27915_G|T,28271_A|T,28297_T|C,28311_C|T,28881_G|A,28882_G|A,28883_G|C,29167_C|T,29510_A|C,29625_C|T,11288_11296,21765_21770,21992_21994,22194_22196,23009_23011,28362_28370,29734_29759
USA/NY-PRL-240123_82B01/2024	XDD	241_C|T,405_A|G,670_T|G,2334_C|T,2790_C|T,3037_C|T,4184_G|A,4321_C|T,5720_G|A,6541_C|T,7842_A|G,8293_C|T,8393_G|A,9344_C|T,9424_A|G,9534_C|T,10029_C|T,10198_C|T,10447_G|A,10449_C|A,11042_G|T,11727_G|A,12789_C|T,12815_C|T,12880_C|T,13339_T|C,14408_C|T,15714_C|T,15756_T|A,17410_C|T,18163_A|G,18492_A|G,18894_C|T,19955_C|T,20055_A|G,21618_C|T,21622_C|T,21624_G|C,21711_C|T,21898_G|A,21941_G|T,21987_G|A,22032_T|C,22033_C|A,22034_A|G,22200_T|G,22208_C|T,22295_C|A,22353_C|A,22556_A|G,22577_G|C,22578_G|A,22629_A|C,22674_C|T,22679_T|C,22686_C|T,22688_A|G,22770_G|A,22775_G|A,22786_A|C,22813_G|T,22882_T|G,22895_G|C,22896_T|A,22898_G|A,22910_A|G,22916_C|T,22917_T|G,22926_T|C,22942_T|A,22992_G|A,22995_C|A,23005_T|A,23012_G|A,23018_T|C,23019_T|C,23055_A|G,23063_A|T,23075_T|C,23222_G|A,23271_C|T,23403_A|G,23423_C|T,23525_C|T,23599_T|G,23604_C|G,23854_C|A,23948_G|T,24378_C|T,24424_A|T,24469_T|A,24990_C|T,25000_C|T,25207_C|T,25584_C|T,26060_C|T,26270_C|T,26275_A|G,26577_C|G,26709_G|A,26858_C|T,27259_A|C,27382_G|C,27383_A|T,27384_T|C,27507_A|C,27807_C|T,27915_G|T,28271_A|T,28297_T|C,28311_C|T,28881_G|A,28882_G|A,28883_G|C,29000_G|T,29510_A|C,29625_C|T,11288_11296,21633_21641,21765_21770,21992_21994,22194_22196,23009_23011,28362_28370,29734_29759
USA/NY-PRL-240130_81A08/2024	XDD	241_C|T,405_A|G,670_T|G,2334_C|T,2790_C|T,3037_C|T,4184_G|A,4321_C|T,5720_G|A,6541_C|T,7842_A|G,8293_C|T,8393_G|A,9344_C|T,9424_A|G,9534_C|T,10029_C|T,10198_C|T,10447_G|A,10449_C|A,11042_G|T,11727_G|A,12789_C|T,12815_C|T,12880_C|T,13339_T|C,14408_C|T,15714_C|T,15756_T|A,17410_C|T,18163_A|G,18492_A|G,18894_C|T,19955_C|T,20055_A|G,21610_T|C,21641_G|T,21711_C|T,21941_G|T,21987_G|A,22032_T|C,22033_C|A,22034_A|G,22200_T|G,22208_C|T,22295_C|A,22353_C|A,22556_A|G,22577_G|C,22578_G|A,22629_A|C,22674_C|T,22679_T|C,22686_C|T,22688_A|G,22770_G|A,22775_G|A,22786_A|C,22813_G|T,22882_T|G,22895_G|C,22896_T|A,22898_G|A,22910_A|G,22916_C|T,22917_T|G,22926_T|C,22942_T|A,22992_G|A,22995_C|A,23005_T|A,23012_G|A,23018_T|C,23019_T|C,23055_A|G,23063_A|T,23075_T|C,23222_G|A,23271_C|T,23403_A|G,23423_C|T,23525_C|T,23599_T|G,23604_C|G,23854_C|A,23948_G|T,24378_C|T,24424_A|T,24469_T|A,24990_C|T,25000_C|T,25207_C|T,25297_G|A,25584_C|T,25973_A|G,26060_C|T,26270_C|T,26275_A|G,26577_C|G,26709_G|A,26858_C|T,27259_A|C,27382_G|C,27383_A|T,27384_T|C,27507_A|C,27807_C|T,27915_G|T,28271_A|T,28297_T|C,28311_C|T,28881_G|A,28882_G|A,28883_G|C,29510_A|C,29625_C|T,11288_11296,21765_21770,21992_21994,22194_22196,23009_23011,28362_28370,29734_29759
USA/NY-PRL-240206_83G04/2024	XDD	241_C|T,405_A|G,670_T|G,2334_C|T,2790_C|T,3037_C|T,4184_G|A,4321_C|T,5720_G|A,6541_C|T,7842_A|G,8293_C|T,8393_G|A,9165_C|A,9344_C|T,9424_A|G,9534_C|T,10029_C|T,10198_C|T,10447_G|A,10449_C|A,11042_G|T,11727_G|A,12789_C|T,12815_C|T,12880_C|T,13339_T|C,14408_C|T,15714_C|T,15756_T|A,17410_C|T,18163_A|G,18492_A|G,18894_C|T,19955_C|T,20055_A|G,21711_C|T,21941_G|T,21987_G|A,22032_T|C,22033_C|A,22034_A|G,22088_C|T,22200_T|G,22208_C|T,22295_C|A,22353_C|A,22556_A|G,22577_G|C,22578_G|A,22629_A|C,22674_C|T,22679_T|C,22686_C|T,22688_A|G,22770_G|A,22775_G|A,22786_A|C,22813_G|T,22882_T|G,22895_G|C,22896_T|A,22898_G|A,22910_A|G,22916_C|T,22917_T|G,22926_T|C,22942_T|A,22992_G|A,22995_C|A,23005_T|A,23012_G|A,23018_T|C,23019_T|C,23055_A|G,23063_A|T,23222_G|A,23271_C|T,23403_A|G,23423_C|T,23525_C|T,23599_T|G,23604_C|G,23854_C|A,23948_G|T,24378_C|T,24424_A|T,24469_T|A,24990_C|T,25000_C|T,25207_C|T,25584_C|T,26060_C|T,26270_C|T,26275_A|G,26577_C|G,26709_G|A,26858_C|T,27259_A|C,27382_G|C,27383_A|T,27384_T|C,27507_A|C,27807_C|T,27915_G|T,28271_A|T,28297_T|C,28311_C|T,28881_G|A,28882_G|A,28883_G|C,28960_G|T,29510_A|C,29625_C|T,11288_11296,21765_21770,21992_21994,22194_22196,23009_23011,28362_28370,29734_29759
USA/OH-CDC-QDX91705515/2024	XDD	241_C|T,405_A|G,670_T|G,2334_C|T,2790_C|T,3037_C|T,4184_G|A,4321_C|T,4551_C|T,5720_G|A,6541_C|T,7842_A|G,8293_C|T,8393_G|A,9344_C|T,9424_A|G,9534_C|T,10029_C|T,10198_C|T,10447_G|A,10449_C|A,11042_G|T,11727_G|A,12789_C|T,12815_C|T,12880_C|T,13176_C|T,13339_T|C,14408_C|T,15714_C|T,15756_T|A,17410_C|T,18163_A|G,18492_A|G,18894_C|T,19789_C|A,19955_C|T,20055_A|G,21618_C|T,21622_C|T,21624_G|C,21711_C|T,21941_G|T,21987_G|A,22032_T|C,22033_C|A,22034_A|G,22200_T|G,22208_C|T,22295_C|A,22353_C|A,22556_A|G,22577_G|C,22578_G|A,22629_A|C,22674_C|T,22679_T|C,22686_C|T,22688_A|G,22770_G|A,22775_G|A,22786_A|C,22813_G|T,22882_T|G,22895_G|C,22896_T|A,22898_G|A,22910_A|G,22916_C|T,22917_T|G,22926_T|C,22942_T|A,22992_G|A,22995_C|A,23005_T|A,23012_G|A,23018_T|C,23019_T|C,23055_A|G,23063_A|T,23075_T|C,23222_G|A,23271_C|T,23403_A|G,23423_C|T,23525_C|T,23599_T|G,23604_C|G,23854_C|A,23948_G|T,24378_C|T,24424_A|T,24469_T|A,24990_C|T,25000_C|T,25207_C|T,25584_C|T,26060_C|T,26270_C|T,26275_A|G,26577_C|G,26709_G|A,26858_C|T,27259_A|C,27382_G|C,27383_A|T,27384_T|C,27507_A|C,27807_C|T,27915_G|T,28109_G|T,28271_A|T,28297_T|C,28311_C|T,28881_G|A,28882_G|A,28883_G|C,29510_A|C,29625_C|T,11288_11296,21633_21641,21765_21770,21992_21994,22194_22196,23009_23011,28362_28370,29734_29759,21608_.|TCATGCCGCTGT
USA/OSPHL09378/2023	XDD	241_C|T,405_A|G,670_T|G,2334_C|T,2790_C|T,3037_C|T,3692_G|T,4184_G|A,4321_C|T,5720_G|A,6541_C|T,7842_A|G,8293_C|T,8393_G|A,9344_C|T,9424_A|G,9534_C|T,10029_C|T,10198_C|T,10447_G|A,10449_C|A,11042_G|T,11727_G|A,12789_C|T,12815_C|T,12880_C|T,13339_T|C,14408_C|T,15714_C|T,15756_T|A,17410_C|T,17584_G|A,18163_A|G,18492_A|G,18894_C|T,19955_C|T,20055_A|G,21618_C|T,21622_C|T,21624_G|C,21711_C|T,21941_G|T,21987_G|A,22032_T|C,22033_C|A,22034_A|G,22200_T|G,22208_C|T,22295_C|A,22353_C|A,22556_A|G,22577_G|C,22578_G|A,22629_A|C,22674_C|T,22679_T|C,22686_C|T,22688_A|G,22770_G|A,22775_G|A,22786_A|C,22813_G|T,22882_T|G,22895_G|C,22896_T|A,22898_G|A,22910_A|G,22916_C|T,22917_T|G,22926_T|C,22942_T|A,22992_G|A,22995_C|A,23005_T|A,23012_G|A,23018_T|C,23019_T|C,23055_A|G,23063_A|T,23075_T|C,23222_G|A,23271_C|T,23403_A|G,23423_C|T,23525_C|T,23599_T|G,23604_C|G,23854_C|A,23948_G|T,24378_C|T,24424_A|T,24469_T|A,24990_C|T,25000_C|T,25207_C|T,25584_C|T,26060_C|T,26270_C|T,26275_A|G,26577_C|G,26709_G|A,26858_C|T,27259_A|C,27382_G|C,27383_A|T,27384_T|C,27507_A|C,27807_C|T,27915_G|T,28271_A|T,28297_T|C,28311_C|T,28881_G|A,28882_G|A,28883_G|C,29510_A|C,29625_C|T,11288_11296,21633_21641,21765_21770,21992_21994,22194_22196,23009_23011,28362_28370,21608_.|TCATGCCGCTGT
USA/PA-CDC-LC1073262/2023	XDD	241_C|T,405_A|G,670_T|G,2334_C|T,2790_C|T,3037_C|T,4184_G|A,4321_C|T,5720_G|A,6541_C|T,7842_A|G,8293_C|T,8393_G|A,9344_C|T,9424_A|G,9534_C|T,10029_C|T,10198_C|T,10447_G|A,10449_C|A,11042_G|T,11727_G|A,12789_C|T,12815_C|T,12880_C|T,13339_T|C,14408_C|T,15714_C|T,15756_T|A,17410_C|T,18163_A|G,18492_A|G,18894_C|T,19955_C|T,20055_A|G,21618_C|T,21622_C|T,21624_G|C,21711_C|T,21941_G|T,21987_G|A,22032_T|C,22033_C|A,22034_A|G,22200_T|G,22208_C|T,22295_C|A,22353_C|A,22556_A|G,22577_G|C,22578_G|A,22629_A|C,22674_C|T,22679_T|C,22686_C|T,22688_A|G,22770_G|A,22775_G|A,22786_A|C,22813_G|T,22882_T|G,22895_G|C,22896_T|A,22898_G|A,22910_A|G,22916_C|T,22917_T|G,22926_T|C,22942_T|A,22992_G|A,22995_C|A,23005_T|A,23012_G|A,23018_T|C,23019_T|C,23055_A|G,23063_A|T,23075_T|C,23222_G|A,23271_C|T,23403_A|G,23423_C|T,23525_C|T,23599_T|G,23604_C|G,23854_C|A,23948_G|T,24378_C|T,24424_A|T,24469_T|A,24990_C|T,25000_C|T,25207_C|T,25584_C|T,26060_C|T,26270_C|T,26275_A|G,26577_C|G,26709_G|A,26858_C|T,27259_A|C,27382_G|C,27383_A|T,27384_T|C,27507_A|C,27807_C|T,27915_G|T,28271_A|T,28297_T|C,28311_C|T,28881_G|A,28882_G|A,28883_G|C,29510_A|C,29625_C|T,11288_11296,21633_21641,21765_21770,21992_21994,22194_22196,23009_23011,28362_28370,29734_29759,21608_.|TCATGCCGCTGT
USA/SC-CDC-LC1081476/2024	XDD	44_C|T,193_C|T,241_C|T,405_A|G,670_T|G,2334_C|T,2790_C|T,3037_C|T,4184_G|A,4321_C|T,5720_G|A,6541_C|T,7842_A|G,8293_C|T,8393_G|A,9344_C|T,9424_A|G,9534_C|T,9724_C|T,10029_C|T,10198_C|T,10447_G|A,10449_C|A,11042_G|T,11727_G|A,12789_C|T,12815_C|T,12880_C|T,13339_T|C,14408_C|T,14568_T|C,15714_C|T,15756_T|A,17410_C|T,18163_A|G,18492_A|G,18894_C|T,19955_C|T,20055_A|G,21618_C|T,21622_C|T,21624_G|C,21711_C|T,21941_G|T,21987_G|A,22032_T|C,22033_C|A,22034_A|G,22200_T|G,22208_C|T,22295_C|A,22353_C|A,22556_A|G,22577_G|C,22578_G|A,22629_A|C,22674_C|T,22679_T|C,22686_C|T,22688_A|G,22770_G|A,22775_G|A,22786_A|C,22813_G|T,22882_T|G,22895_G|C,22896_T|A,22898_G|A,22910_A|G,22916_C|T,22917_T|G,22926_T|C,22942_T|A,22992_G|A,22995_C|A,23005_T|A,23012_G|A,23018_T|C,23019_T|C,23055_A|G,23063_A|T,23075_T|C,23222_G|A,23271_C|T,23403_A|G,23423_C|T,23525_C|T,23599_T|G,23604_C|G,23854_C|A,23948_G|T,24378_C|T,24424_A|T,24469_T|A,24990_C|T,25000_C|T,25207_C|T,25584_C|T,26060_C|T,26270_C|T,26275_A|G,26577_C|G,26709_G|A,26858_C|T,27259_A|C,27382_G|C,27383_A|T,27384_T|C,27507_A|C,27807_C|T,27915_G|T,28271_A|T,28297_T|C,28311_C|T,28881_G|A,28882_G|A,28883_G|C,29510_A|C,29625_C|T,11288_11296,21633_21641,21765_21770,21992_21994,22194_22196,23009_23011,28362_28370,29734_29759,21608_.|TCATGCCGCTGT
USA/SD-SDPHL-3171/2023	XDD	241_C|T,405_A|G,670_T|G,2334_C|T,2790_C|T,3037_C|T,4184_G|A,4321_C|T,5720_G|A,6541_C|T,7842_A|G,8293_C|T,8393_G|A,9344_C|T,9424_A|G,9534_C|T,10029_C|T,10198_C|T,10447_G|A,10449_C|A,11042_G|T,11727_G|A,12789_C|T,12815_C|T,12880_C|T,13339_T|C,14408_C|T,15714_C|T,15756_T|A,17410_C|T,18163_A|G,18492_A|G,18894_C|T,19955_C|T,20055_A|G,21618_C|T,21622_C|T,21624_G|C,21711_C|T,21941_G|T,21987_G|A,22032_T|C,22033_C|A,22034_A|G,22200_T|G,22208_C|T,22295_C|A,22353_C|A,22556_A|G,22577_G|C,22578_G|A,22629_A|C,22674_C|T,22679_T|C,22686_C|T,22688_A|G,22770_G|A,22775_G|A,22786_A|C,22813_G|T,22882_T|G,22895_G|C,22896_T|A,22898_G|A,22910_A|G,22916_C|T,22917_T|G,22926_T|C,22942_T|A,22992_G|A,22995_C|A,23005_T|A,23012_G|A,23018_T|C,23019_T|C,23055_A|G,23063_A|T,23075_T|C,23222_G|A,23271_C|T,23403_A|G,23423_C|T,23525_C|T,23599_T|G,23604_C|G,23854_C|A,23948_G|T,24378_C|T,24424_A|T,24469_T|A,24990_C|T,25000_C|T,25207_C|T,25584_C|T,25650_G|C,26060_C|T,26270_C|T,26275_A|G,26577_C|G,26709_G|A,26858_C|T,27259_A|C,27382_G|C,27383_A|T,27384_T|C,27507_A|C,27807_C|T,27915_G|T,28271_A|T,28297_T|C,28311_C|T,28881_G|A,28882_G|A,28883_G|C,29510_A|C,29625_C|T,11288_11296,21633_21641,21765_21770,21992_21994,22194_22196,23009_23011,28362_28370,29734_29759,21608_.|TCATGCCGCTGT
USA/TN-SPHL-0295/2023	XDD	241_C|T,405_A|G,670_T|G,1617_T|G,2334_C|T,2790_C|T,3037_C|T,4184_G|A,4321_C|T,5720_G|A,6541_C|T,7842_A|G,8258_G|T,8293_C|T,8393_G|A,9344_C|T,9424_A|G,9534_C|T,10029_C|T,10198_C|T,10447_G|A,10449_C|A,11042_G|T,11727_G|A,12789_C|T,12815_C|T,12880_C|T,13339_T|C,14408_C|T,15714_C|T,15756_T|A,17410_C|T,18163_A|G,18492_A|G,18894_C|T,19955_C|T,20055_A|G,21618_C|T,21622_C|T,21624_G|C,21711_C|T,21941_G|T,21987_G|A,22032_T|C,22033_C|A,22034_A|G,22200_T|G,22208_C|T,22295_C|A,22353_C|A,22556_A|G,22577_G|C,22578_G|A,22629_A|C,22674_C|T,22679_T|C,22686_C|T,22688_A|G,22770_G|A,22775_G|A,22786_A|C,22813_G|T,22882_T|G,22895_G|C,22896_T|A,22898_G|A,22910_A|G,22916_C|T,22917_T|G,22926_T|C,22942_T|A,22992_G|A,22995_C|A,23005_T|A,23012_G|A,23018_T|C,23019_T|C,23055_A|G,23063_A|T,23075_T|C,23222_G|A,23271_C|T,23403_A|G,23423_C|T,23525_C|T,23599_T|G,23604_C|G,23854_C|A,23948_G|T,24378_C|T,24424_A|T,24469_T|A,24990_C|T,25000_C|T,25207_C|T,25584_C|T,26060_C|T,26270_C|T,26275_A|G,26577_C|G,26709_G|A,26858_C|T,27259_A|C,27382_G|C,27383_A|T,27384_T|C,27507_A|C,27807_C|T,27915_G|T,28271_A|T,28297_T|C,28311_C|T,28881_G|A,28882_G|A,28883_G|C,29510_A|C,29625_C|T,11288_11296,21633_21641,21765_21770,21992_21994,22194_22196,23009_23011,28362_28370,29734_29759,21608_.|TCATGCCGCTGT
USA/TN-SPHL-0853/2023	XDD	241_C|T,405_A|G,670_T|G,1617_T|G,2334_C|T,2790_C|T,3037_C|T,4184_G|A,4321_C|T,5720_G|A,6541_C|T,7842_A|G,8258_G|T,8293_C|T,8393_G|A,9038_G|A,9344_C|T,9424_A|G,9534_C|T,10029_C|T,10198_C|T,10447_G|A,10449_C|A,11042_G|T,11727_G|A,12789_C|T,12815_C|T,12880_C|T,13339_T|C,14408_C|T,15714_C|T,15756_T|A,17410_C|T,18163_A|G,18492_A|G,18894_C|T,19955_C|T,20055_A|G,21618_C|T,21622_C|T,21624_G|C,21711_C|T,21941_G|T,21987_G|A,22032_T|C,22033_C|A,22034_A|G,22200_T|G,22208_C|T,22295_C|A,22353_C|A,22556_A|G,22577_G|C,22578_G|A,22629_A|C,22674_C|T,22679_T|C,22686_C|T,22688_A|G,22770_G|A,22775_G|A,22786_A|C,22813_G|T,22882_T|G,22895_G|C,22896_T|A,22898_G|A,22910_A|G,22916_C|T,22917_T|G,22926_T|C,22942_T|A,22992_G|A,22995_C|A,23005_T|A,23012_G|A,23018_T|C,23019_T|C,23055_A|G,23063_A|T,23075_T|C,23222_G|A,23271_C|T,23403_A|G,23423_C|T,23525_C|T,23599_T|G,23604_C|G,23854_C|A,23948_G|T,24378_C|T,24424_A|T,24469_T|A,24990_C|T,25000_C|T,25207_C|T,25584_C|T,26060_C|T,26270_C|T,26275_A|G,26577_C|G,26709_G|A,26858_C|T,27259_A|C,27382_G|C,27383_A|T,27384_T|C,27507_A|C,27807_C|T,27915_G|T,28271_A|T,28297_T|C,28311_C|T,28881_G|A,28882_G|A,28883_G|C,29510_A|C,29625_C|T,11288_11296,21633_21641,21765_21770,21992_21994,22194_22196,23009_23011,28362_28370,29734_29759,21608_.|TCATGCCGCTGT
USA/TN-SPHL-0914/2023	XDD	241_C|T,405_A|G,670_T|G,1617_T|G,2334_C|T,2790_C|T,3037_C|T,4184_G|A,4321_C|T,5720_G|A,6541_C|T,7842_A|G,8258_G|T,8293_C|T,8393_G|A,9344_C|T,9424_A|G,9534_C|T,10029_C|T,10198_C|T,10447_G|A,10449_C|A,11042_G|T,11727_G|A,12789_C|T,12815_C|T,12880_C|T,13339_T|C,14408_C|T,15714_C|T,15756_T|A,17410_C|T,18163_A|G,18492_A|G,18894_C|T,19955_C|T,20055_A|G,21618_C|T,21622_C|T,21624_G|C,21711_C|T,21941_G|T,21987_G|A,22032_T|C,22033_C|A,22034_A|G,22200_T|G,22208_C|T,22295_C|A,22353_C|A,22556_A|G,22577_G|C,22578_G|A,22629_A|C,22674_C|T,22679_T|C,22686_C|T,22688_A|G,22770_G|A,22775_G|A,22786_A|C,22813_G|T,22882_T|G,22895_G|C,22896_T|A,22898_G|A,22910_A|G,22916_C|T,22917_T|G,22926_T|C,22942_T|A,22992_G|A,22995_C|A,23005_T|A,23012_G|A,23018_T|C,23019_T|C,23055_A|G,23063_A|T,23075_T|C,23222_G|A,23271_C|T,23403_A|G,23423_C|T,23525_C|T,23599_T|G,23604_C|G,23854_C|A,23948_G|T,24378_C|T,24424_A|T,24469_T|A,24990_C|T,25000_C|T,25207_C|T,25584_C|T,26060_C|T,26270_C|T,26275_A|G,26577_C|G,26709_G|A,26858_C|T,27259_A|C,27382_G|C,27383_A|T,27384_T|C,27507_A|C,27807_C|T,27915_G|T,28271_A|T,28297_T|C,28311_C|T,28881_G|A,28882_G|A,28883_G|C,29510_A|C,29625_C|T,11288_11296,21633_21641,21765_21770,21992_21994,22194_22196,23009_23011,28362_28370,29734_29759,21608_.|TCATGCCGCTGT
USA/TN-SPHL-0956/2023	XDD	241_C|T,405_A|G,670_T|G,1617_T|G,2334_C|T,2790_C|T,3037_C|T,3103_A|G,4184_G|A,4321_C|T,4456_C|T,5720_G|A,6541_C|T,7842_A|G,8258_G|T,8293_C|T,8393_G|A,9038_G|A,9344_C|T,9424_A|G,9534_C|T,10029_C|T,10198_C|T,10447_G|A,10449_C|A,11042_G|T,11727_G|A,12789_C|T,12815_C|T,12880_C|T,13339_T|C,14408_C|T,15714_C|T,15756_T|A,17410_C|T,18163_A|G,18492_A|G,18894_C|T,19955_C|T,20055_A|G,21618_C|T,21622_C|T,21624_G|C,21711_C|T,21941_G|T,21987_G|A,22032_T|C,22033_C|A,22034_A|G,22200_T|G,22208_C|T,22295_C|A,22353_C|A,22556_A|G,22577_G|C,22578_G|A,22629_A|C,22674_C|T,22679_T|C,22686_C|T,22688_A|G,22770_G|A,22775_G|A,22786_A|C,22813_G|T,22882_T|G,22895_G|C,22896_T|A,22898_G|A,22910_A|G,22916_C|T,22917_T|G,22926_T|C,22942_T|A,22992_G|A,22995_C|A,23005_T|A,23012_G|A,23018_T|C,23019_T|C,23055_A|G,23063_A|T,23075_T|C,23222_G|A,23271_C|T,23403_A|G,23423_C|T,23525_C|T,23599_T|G,23604_C|G,23854_C|A,23948_G|T,24378_C|T,24424_A|T,24469_T|A,24990_C|T,25000_C|T,25207_C|T,25584_C|T,26060_C|T,26270_C|T,26275_A|G,26577_C|G,26709_G|A,26858_C|T,27259_A|C,27382_G|C,27383_A|T,27384_T|C,27507_A|C,27807_C|T,27915_G|T,28271_A|T,28297_T|C,28311_C|T,28881_G|A,28882_G|A,28883_G|C,29510_A|C,29625_C|T,11288_11296,21633_21641,21765_21770,21992_21994,22194_22196,23009_23011,28362_28370,29734_29759,21608_.|TCATGCCGCTGT
USA/TN-SPHL-1284/2024	XDD	241_C|T,405_A|G,670_T|G,1617_T|G,2334_C|T,2790_C|T,3037_C|T,4184_G|A,4321_C|T,5720_G|A,6541_C|T,7842_A|G,8258_G|T,8293_C|T,8393_G|A,9344_C|T,9424_A|G,9534_C|T,10029_C|T,10198_C|T,10447_G|A,10449_C|A,11042_G|T,11727_G|A,12789_C|T,12815_C|T,12880_C|T,13339_T|C,14408_C|T,15714_C|T,15756_T|A,17410_C|T,18163_A|G,18492_A|G,18894_C|T,19955_C|T,20055_A|G,21618_C|T,21622_C|T,21624_G|C,21711_C|T,21941_G|T,21987_G|A,22032_T|C,22033_C|A,22034_A|G,22200_T|G,22208_C|T,22295_C|A,22353_C|A,22556_A|G,22577_G|C,22578_G|A,22629_A|C,22674_C|T,22679_T|C,22686_C|T,22688_A|G,22770_G|A,22775_G|A,22786_A|C,22813_G|T,22882_T|G,22895_G|C,22896_T|A,22898_G|A,22910_A|G,22916_C|T,22917_T|G,22926_T|C,22942_T|A,22992_G|A,22995_C|A,23005_T|A,23012_G|A,23018_T|C,23019_T|C,23055_A|G,23063_A|T,23075_T|C,23222_G|A,23271_C|T,23403_A|G,23423_C|T,23525_C|T,23599_T|G,23604_C|G,23854_C|A,23948_G|T,24378_C|T,24424_A|T,24469_T|A,24990_C|T,25000_C|T,25207_C|T,25584_C|T,26060_C|T,26270_C|T,26275_A|G,26577_C|G,26709_G|A,26858_C|T,27259_A|C,27382_G|C,27383_A|T,27384_T|C,27507_A|C,27807_C|T,27915_G|T,28271_A|T,28297_T|C,28311_C|T,28881_G|A,28882_G|A,28883_G|C,29510_A|C,29625_C|T,11288_11296,21633_21641,21765_21770,21992_21994,22194_22196,23009_23011,28362_28370,29734_29759,21608_.|TCATGCCGCTGT
USA/TN-SPHL-1363/2024	XDD	241_C|T,405_A|G,513_A|G,670_T|G,2334_C|T,2790_C|T,3037_C|T,3692_G|T,4184_G|A,4321_C|T,5720_G|A,6541_C|T,7842_A|G,8293_C|T,8393_G|A,9344_C|T,9424_A|G,9534_C|T,10029_C|T,10198_C|T,10447_G|A,10449_C|A,11042_G|T,11727_G|A,12789_C|T,12815_C|T,12880_C|T,13339_T|C,14408_C|T,15714_C|T,15756_T|A,17410_C|T,18163_A|G,18492_A|G,18894_C|T,19955_C|T,20055_A|G,21618_C|T,21622_C|T,21624_G|C,21711_C|T,21941_G|T,21987_G|A,22033_C|A,22034_A|G,22200_T|G,22208_C|T,22295_C|A,22353_C|A,22556_A|G,22577_G|C,22578_G|A,22629_A|C,22674_C|T,22679_T|C,22686_C|T,22688_A|G,22770_G|A,22775_G|A,22786_A|C,22813_G|T,22882_T|G,22895_G|C,22896_T|A,22898_G|A,22910_A|G,22916_C|T,22917_T|G,22926_T|C,22942_T|A,22992_G|A,22995_C|A,23005_T|A,23012_G|A,23018_T|C,23019_T|C,23055_A|G,23063_A|T,23075_T|C,23222_G|A,23271_C|T,23403_A|G,23423_C|T,23525_C|T,23599_T|G,23604_C|G,23854_C|A,23948_G|T,24378_C|T,24424_A|T,24469_T|A,24990_C|T,25000_C|T,25207_C|T,25584_C|T,26060_C|T,26270_C|T,26275_A|G,26577_C|G,26709_G|A,26858_C|T,27259_A|C,27382_G|C,27383_A|T,27384_T|C,27507_A|C,27807_C|T,27915_G|T,28271_A|T,28297_T|C,28311_C|T,28881_G|A,28882_G|A,28883_G|C,29510_A|C,29625_C|T,11288_11296,21633_21641,21765_21770,21992_21994,22194_22196,23009_23011,28362_28370,29734_29759,21608_.|TCATGCCGCTGT
USA/TN-SPHL-1479/2024	XDD	241_C|T,405_A|G,670_T|G,1617_T|G,2334_C|T,2790_C|T,3037_C|T,4184_G|A,4321_C|T,5720_G|A,6541_C|T,7842_A|G,8258_G|T,8293_C|T,8393_G|A,9344_C|T,9424_A|G,9534_C|T,10029_C|T,10198_C|T,10447_G|A,10449_C|A,11042_G|T,11727_G|A,12789_C|T,12815_C|T,12880_C|T,13339_T|C,14408_C|T,15714_C|T,15756_T|A,16239_T|A,17410_C|T,18163_A|G,18492_A|G,18894_C|T,19955_C|T,20055_A|G,21618_C|T,21622_C|T,21624_G|C,21711_C|T,21941_G|T,21987_G|A,22032_T|C,22033_C|A,22034_A|G,22200_T|G,22208_C|T,22295_C|A,22353_C|A,22556_A|G,22577_G|C,22578_G|A,22629_A|C,22674_C|T,22679_T|C,22686_C|T,22688_A|G,22770_G|A,22775_G|A,22786_A|C,22813_G|T,22882_T|G,22895_G|C,22896_T|A,22898_G|A,22910_A|G,22916_C|T,22917_T|G,22926_T|C,22942_T|A,22992_G|A,22995_C|A,23005_T|A,23012_G|A,23018_T|C,23019_T|C,23055_A|G,23063_A|T,23075_T|C,23222_G|A,23271_C|T,23403_A|G,23423_C|T,23525_C|T,23599_T|G,23604_C|G,23854_C|A,23948_G|T,24378_C|T,24424_A|T,24469_T|A,24933_G|T,24990_C|T,25000_C|T,25207_C|T,25584_C|T,26060_C|T,26270_C|T,26275_A|G,26577_C|G,26709_G|A,26858_C|T,27259_A|C,27382_G|C,27383_A|T,27384_T|C,27507_A|C,27807_C|T,27915_G|T,28271_A|T,28297_T|C,28311_C|T,28881_G|A,28882_G|A,28883_G|C,29510_A|C,29625_C|T,11288_11296,21633_21641,21765_21770,21992_21994,22194_22196,23009_23011,28362_28370,29734_29759,21608_.|TCATGCCGCTGT
USA/TN-SPHL-1605/2024	XDD	241_C|T,405_A|G,670_T|G,1617_T|G,1997_C|T,2334_C|T,2790_C|T,3037_C|T,4184_G|A,4321_C|T,5720_G|A,6541_C|T,7842_A|G,8258_G|T,8293_C|T,8393_G|A,9344_C|T,9424_A|G,9534_C|T,10029_C|T,10198_C|T,10447_G|A,10449_C|A,11042_G|T,11727_G|A,12789_C|T,12815_C|T,12880_C|T,13339_T|C,14408_C|T,15714_C|T,15756_T|A,17410_C|T,18163_A|G,18492_A|G,18894_C|T,19955_C|T,20055_A|G,21618_C|T,21622_C|T,21624_G|C,21711_C|T,21941_G|T,21987_G|A,22032_T|C,22033_C|A,22034_A|G,22200_T|G,22208_C|T,22295_C|A,22353_C|A,22556_A|G,22577_G|C,22578_G|A,22629_A|C,22674_C|T,22679_T|C,22686_C|T,22688_A|G,22770_G|A,22775_G|A,22786_A|C,22813_G|T,22882_T|G,22895_G|C,22896_T|A,22898_G|A,22910_A|G,22916_C|T,22917_T|G,22926_T|C,22942_T|A,22992_G|A,22995_C|A,23005_T|A,23012_G|A,23018_T|C,23019_T|C,23055_A|G,23063_A|T,23075_T|C,23222_G|A,23271_C|T,23403_A|G,23423_C|T,23525_C|T,23599_T|G,23604_C|G,23854_C|A,23948_G|T,24378_C|T,24424_A|T,24469_T|A,24990_C|T,25000_C|T,25207_C|T,25584_C|T,26060_C|T,26270_C|T,26275_A|G,26577_C|G,26709_G|A,26858_C|T,27259_A|C,27382_G|C,27383_A|T,27384_T|C,27507_A|C,27807_C|T,27915_G|T,28271_A|T,28297_T|C,28311_C|T,28881_G|A,28882_G|A,28883_G|C,29510_A|C,29625_C|T,11288_11296,21633_21641,21765_21770,21992_21994,22194_22196,23009_23011,28362_28370,29734_29759,21608_.|TCATGCCGCTGT
USA/TN-SPHL-1615/2024	XDD	241_C|T,405_A|G,670_T|G,1617_T|G,2334_C|T,2790_C|T,3037_C|T,4184_G|A,4321_C|T,5720_G|A,6541_C|T,7842_A|G,8258_G|T,8293_C|T,8393_G|A,9344_C|T,9424_A|G,9534_C|T,10029_C|T,10198_C|T,10447_G|A,10449_C|A,11042_G|T,11727_G|A,12789_C|T,12815_C|T,12880_C|T,13339_T|C,14408_C|T,15714_C|T,15756_T|A,16289_C|T,17410_C|T,18163_A|G,18492_A|G,18894_C|T,19955_C|T,20055_A|G,20578_G|T,21618_C|T,21622_C|T,21624_G|C,21711_C|T,21941_G|T,21987_G|A,22032_T|C,22033_C|A,22034_A|G,22200_T|G,22208_C|T,22295_C|A,22353_C|A,22556_A|G,22577_G|C,22578_G|A,22629_A|C,22674_C|T,22679_T|C,22686_C|T,22688_A|G,22770_G|A,22775_G|A,22786_A|C,22813_G|T,22882_T|G,22895_G|C,22896_T|A,22898_G|A,22910_A|G,22916_C|T,22917_T|G,22926_T|C,22942_T|A,22992_G|A,22995_C|A,23005_T|A,23012_G|A,23018_T|C,23019_T|C,23055_A|G,23063_A|T,23075_T|C,23222_G|A,23271_C|T,23403_A|G,23423_C|T,23525_C|T,23599_T|G,23604_C|G,23854_C|A,23948_G|T,24378_C|T,24424_A|T,24469_T|A,24990_C|T,25000_C|T,25207_C|T,25584_C|T,26017_T|A,26060_C|T,26270_C|T,26275_A|G,26577_C|G,26709_G|A,26858_C|T,27259_A|C,27382_G|C,27383_A|T,27384_T|C,27507_A|C,27807_C|T,27915_G|T,28271_A|T,28297_T|C,28311_C|T,28881_G|A,28882_G|A,28883_G|C,29074_A|G,29510_A|C,29625_C|T,11288_11296,21633_21641,21765_21770,21992_21994,22194_22196,23009_23011,28362_28370,29734_29759,21608_.|TCATGCCGCTGT
USA/TN-SPHL-1631/2024	XDD	241_C|T,405_A|G,670_T|G,1617_T|G,2334_C|T,2790_C|T,3037_C|T,4184_G|A,4321_C|T,5720_G|A,6541_C|T,7842_A|G,8258_G|T,8293_C|T,8393_G|A,9344_C|T,9424_A|G,9534_C|T,10029_C|T,10198_C|T,10447_G|A,10449_C|A,11042_G|T,11727_G|A,12789_C|T,12815_C|T,12880_C|T,13339_T|C,14408_C|T,15714_C|T,15756_T|A,17410_C|T,18163_A|G,18492_A|G,18894_C|T,19955_C|T,20055_A|G,21618_C|T,21622_C|T,21624_G|C,21711_C|T,21941_G|T,21987_G|A,22032_T|C,22033_C|A,22034_A|G,22200_T|G,22208_C|T,22295_C|A,22353_C|A,22556_A|G,22577_G|C,22578_G|A,22629_A|C,22674_C|T,22679_T|C,22686_C|T,22688_A|G,22770_G|A,22775_G|A,22786_A|C,22813_G|T,22882_T|G,22895_G|C,22896_T|A,22898_G|A,22910_A|G,22916_C|T,22917_T|G,22926_T|C,22942_T|A,22992_G|A,22995_C|A,23005_T|A,23012_G|A,23018_T|C,23019_T|C,23055_A|G,23063_A|T,23075_T|C,23222_G|A,23271_C|T,23403_A|G,23423_C|T,23525_C|T,23599_T|G,23604_C|G,23854_C|A,23948_G|T,24378_C|T,24424_A|T,24469_T|A,24990_C|T,25000_C|T,25207_C|T,25584_C|T,26060_C|T,26270_C|T,26275_A|G,26577_C|G,26709_G|A,26858_C|T,27259_A|C,27382_G|C,27383_A|T,27384_T|C,27507_A|C,27807_C|T,27915_G|T,28271_A|T,28297_T|C,28311_C|T,28881_G|A,28882_G|A,28883_G|C,29510_A|C,29625_C|T,11288_11296,21633_21641,21765_21770,21992_21994,22194_22196,23009_23011,28362_28370,29734_29759,21608_.|TCATGCCGCTGT
USA/TN-SPHL-1704/2024	XDD	241_C|T,405_A|G,670_T|G,2334_C|T,2790_C|T,3037_C|T,4184_G|A,4321_C|T,5720_G|A,6541_C|T,7728_C|T,7842_A|G,8258_G|T,8293_C|T,8393_G|A,9344_C|T,9424_A|G,9534_C|T,10029_C|T,10198_C|T,10447_G|A,10449_C|A,11042_G|T,11727_G|A,12789_C|T,12815_C|T,12880_C|T,13339_T|C,14408_C|T,15714_C|T,15756_T|A,17410_C|T,18163_A|G,18492_A|G,18894_C|T,19955_C|T,20055_A|G,21618_C|T,21622_C|T,21624_G|C,21711_C|T,21941_G|T,21987_G|A,22032_T|C,22033_C|A,22034_A|G,22200_T|G,22208_C|T,22295_C|A,22353_C|A,22556_A|G,22577_G|C,22578_G|A,22629_A|C,22674_C|T,22679_T|C,22686_C|T,22688_A|G,22770_G|A,22775_G|A,22786_A|C,22813_G|T,22882_T|G,22895_G|C,22896_T|A,22898_G|A,22910_A|G,22916_C|T,22917_T|G,22926_T|C,22942_T|A,22992_G|A,22995_C|A,23005_T|A,23012_G|A,23018_T|C,23019_T|C,23055_A|G,23063_A|T,23075_T|C,23222_G|A,23271_C|T,23403_A|G,23423_C|T,23525_C|T,23599_T|G,23604_C|G,23854_C|A,23948_G|T,24378_C|T,24424_A|T,24469_T|A,24990_C|T,25000_C|T,25207_C|T,25584_C|T,26060_C|T,26270_C|T,26275_A|G,26577_C|G,26709_G|A,26858_C|T,27259_A|C,27382_G|C,27383_A|T,27384_T|C,27507_A|C,27807_C|T,27915_G|T,28271_A|T,28297_T|C,28311_C|T,28881_G|A,28882_G|A,28883_G|C,29364_C|T,29510_A|C,29625_C|T,11288_11296,21633_21641,21765_21770,21992_21994,22194_22196,23009_23011,28362_28370,29734_29759,21608_.|TCATGCCGCTGT
USA/TN-SPHL-1793/2024	XDD	241_C|T,405_A|G,526_G|T,670_T|G,2334_C|T,2790_C|T,3037_C|T,4184_G|A,4321_C|T,5720_G|A,6541_C|T,7728_C|T,7842_A|G,8258_G|T,8293_C|T,8393_G|A,9344_C|T,9424_A|G,9534_C|T,10029_C|T,10198_C|T,10447_G|A,10449_C|A,11042_G|T,11727_G|A,12789_C|T,12815_C|T,12880_C|T,13339_T|C,14408_C|T,15714_C|T,15756_T|A,17410_C|T,18163_A|G,18492_A|G,18894_C|T,19955_C|T,20055_A|G,21618_C|T,21622_C|T,21624_G|C,21711_C|T,21941_G|T,21987_G|A,22032_T|C,22033_C|A,22034_A|G,22200_T|G,22208_C|T,22295_C|A,22353_C|A,22556_A|G,22577_G|C,22578_G|A,22629_A|C,22674_C|T,22679_T|C,22686_C|T,22688_A|G,22770_G|A,22775_G|A,22786_A|C,22813_G|T,22882_T|G,22895_G|C,22896_T|A,22898_G|A,22910_A|G,22916_C|T,22917_T|G,22926_T|C,22942_T|A,22992_G|A,22995_C|A,23005_T|A,23012_G|A,23018_T|C,23019_T|C,23055_A|G,23063_A|T,23075_T|C,23222_G|A,23271_C|T,23403_A|G,23423_C|T,23525_C|T,23599_T|G,23604_C|G,23854_C|A,23948_G|T,24378_C|T,24424_A|T,24469_T|A,24990_C|T,25000_C|T,25207_C|T,25584_C|T,26060_C|T,26270_C|T,26275_A|G,26577_C|G,26709_G|A,26858_C|T,27259_A|C,27382_G|C,27383_A|T,27384_T|C,27507_A|C,27807_C|T,27915_G|T,28271_A|T,28297_T|C,28311_C|T,28881_G|A,28882_G|A,28883_G|C,29364_C|T,29510_A|C,29625_C|T,11288_11296,21633_21641,21765_21770,21992_21994,22194_22196,23009_23011,28362_28370,29734_29759,21608_.|TCATGCCGCTGT
USA/TX-CDC-LC1100833/2024	XDD	241_C|T,405_A|G,670_T|G,2334_C|T,2790_C|T,3037_C|T,4184_G|A,4321_C|T,5720_G|A,6070_C|T,6541_C|T,7842_A|G,8293_C|T,8393_G|A,9344_C|T,9424_A|G,9534_C|T,10029_C|T,10198_C|T,10447_G|A,10449_C|A,10696_T|C,11042_G|T,11727_G|A,12789_C|T,12815_C|T,12880_C|T,13339_T|C,14408_C|T,15714_C|T,15756_T|A,17410_C|T,18163_A|G,18492_A|G,18894_C|T,19955_C|T,20055_A|G,21618_C|T,21622_C|T,21624_G|C,21711_C|T,21941_G|T,21987_G|A,22032_T|C,22033_C|A,22034_A|G,22200_T|G,22208_C|T,22295_C|A,22353_C|A,22556_A|G,22577_G|C,22578_G|A,22629_A|C,22674_C|T,22679_T|C,22686_C|T,22688_A|G,22770_G|A,22775_G|A,22786_A|C,22813_G|T,22882_T|G,22895_G|C,22896_T|A,22898_G|A,22910_A|G,22916_C|T,22917_T|G,22926_T|C,22942_T|A,22992_G|A,22995_C|A,23005_T|A,23012_G|A,23018_T|C,23019_T|C,23055_A|G,23063_A|T,23075_T|C,23222_G|A,23271_C|T,23403_A|G,23423_C|T,23525_C|T,23599_T|G,23604_C|G,23854_C|A,23948_G|T,24378_C|T,24424_A|T,24469_T|A,24990_C|T,25000_C|T,25207_C|T,25584_C|T,26060_C|T,26270_C|T,26275_A|G,26577_C|G,26709_G|A,26858_C|T,27259_A|C,27263_C|T,27382_G|C,27383_A|T,27384_T|C,27507_A|C,27807_C|T,27915_G|T,28271_A|T,28297_T|C,28311_C|T,28881_G|A,28882_G|A,28883_G|C,29510_A|C,29625_C|T,11288_11296,21633_21641,21765_21770,21992_21994,22194_22196,23009_23011,28362_28370,29734_29759,21608_.|TCATGCCGCTGT
USA/TX-CDC-QDX91524929/2024	XDD	241_C|T,405_A|G,670_T|G,2334_C|T,2790_C|T,3037_C|T,4184_G|A,4321_C|T,5720_G|A,6541_C|T,7842_A|G,8293_C|T,8393_G|A,9344_C|T,9424_A|G,9534_C|T,10029_C|T,10198_C|T,10447_G|A,10449_C|A,10696_T|C,11042_G|T,11727_G|A,12789_C|T,12815_C|T,12880_C|T,13339_T|C,14408_C|T,15714_C|T,15756_T|A,17410_C|T,18163_A|G,18492_A|G,18894_C|T,19955_C|T,20055_A|G,21618_C|T,21622_C|T,21624_G|C,21711_C|T,21941_G|T,21987_G|A,22032_T|C,22033_C|A,22034_A|G,22200_T|G,22208_C|T,22295_C|A,22353_C|A,22556_A|G,22577_G|C,22578_G|A,22629_A|C,22674_C|T,22679_T|C,22686_C|T,22688_A|G,22770_G|A,22775_G|A,22786_A|C,22813_G|T,22882_T|G,22895_G|C,22896_T|A,22898_G|A,22910_A|G,22916_C|T,22917_T|G,22926_T|C,22942_T|A,22992_G|A,22995_C|A,23005_T|A,23012_G|A,23018_T|C,23019_T|C,23055_A|G,23063_A|T,23075_T|C,23222_G|A,23271_C|T,23403_A|G,23423_C|T,23525_C|T,23599_T|G,23604_C|G,23854_C|A,23948_G|T,24378_C|T,24424_A|T,24469_T|A,24990_C|T,25000_C|T,25207_C|T,25584_C|T,26060_C|T,26270_C|T,26275_A|G,26577_C|G,26709_G|A,26858_C|T,27259_A|C,27263_C|T,27382_G|C,27383_A|T,27384_T|C,27507_A|C,27807_C|T,27915_G|T,28271_A|T,28297_T|C,28311_C|T,28881_G|A,28882_G|A,28883_G|C,29510_A|C,29625_C|T,11288_11296,21633_21641,21765_21770,21992_21994,22194_22196,23009_23011,28362_28370,29734_29759,21608_.|TCATGCCGCTGT
USA/TX-CDC-QDX91915958/2024	XDD	241_C|T,405_A|G,670_T|G,2334_C|T,2790_C|T,3037_C|T,4184_G|A,4321_C|T,5720_G|A,6541_C|T,7842_A|G,8293_C|T,8393_G|A,9344_C|T,9424_A|G,9534_C|T,10029_C|T,10198_C|T,10447_G|A,10449_C|A,10696_T|C,11042_G|T,11727_G|A,12789_C|T,12815_C|T,12880_C|T,13339_T|C,14408_C|T,15714_C|T,15756_T|A,17410_C|T,18163_A|G,18492_A|G,18894_C|T,19955_C|T,20055_A|G,21618_C|T,21622_C|T,21624_G|C,21711_C|T,21941_G|T,21987_G|A,22032_T|C,22033_C|A,22034_A|G,22200_T|G,22208_C|T,22295_C|A,22353_C|A,22556_A|G,22577_G|C,22578_G|A,22629_A|C,22674_C|T,22679_T|C,22686_C|T,22688_A|G,22770_G|A,22775_G|A,22786_A|C,22813_G|T,22882_T|G,22895_G|C,22896_T|A,22898_G|A,22910_A|G,22916_C|T,22917_T|G,22926_T|C,22942_T|A,22992_G|A,22995_C|A,23005_T|A,23012_G|A,23018_T|C,23019_T|C,23055_A|G,23063_A|T,23075_T|C,23222_G|A,23271_C|T,23403_A|G,23423_C|T,23525_C|T,23599_T|G,23604_C|G,23854_C|A,23948_G|T,24378_C|T,24424_A|T,24469_T|A,24990_C|T,25000_C|T,25207_C|T,25584_C|T,26060_C|T,26270_C|T,26275_A|G,26577_C|G,26709_G|A,26858_C|T,27259_A|C,27263_C|T,27382_G|C,27383_A|T,27384_T|C,27507_A|C,27807_C|T,27915_G|T,28271_A|T,28297_T|C,28311_C|T,28881_G|A,28882_G|A,28883_G|C,29510_A|C,29625_C|T,11288_11296,21633_21641,21765_21770,21992_21994,22194_22196,23009_23011,28362_28370,29734_29759,21608_.|TCATGCCGCTGT
USA/TX-CDC-QDX91915985/2024	XDD	241_C|T,405_A|G,670_T|G,2334_C|T,2790_C|T,3037_C|T,4184_G|A,4321_C|T,5720_G|A,6541_C|T,7842_A|G,8293_C|T,8393_G|A,9344_C|T,9424_A|G,9534_C|T,10029_C|T,10198_C|T,10447_G|A,10449_C|A,10696_T|C,11042_G|T,11727_G|A,12789_C|T,12815_C|T,12880_C|T,13339_T|C,14408_C|T,15714_C|T,15756_T|A,17410_C|T,18163_A|G,18492_A|G,18894_C|T,19955_C|T,20055_A|G,21618_C|T,21622_C|T,21624_G|C,21711_C|T,21941_G|T,21987_G|A,22032_T|C,22033_C|A,22034_A|G,22200_T|G,22208_C|T,22295_C|A,22353_C|A,22556_A|G,22577_G|C,22578_G|A,22629_A|C,22674_C|T,22679_T|C,22686_C|T,22688_A|G,22770_G|A,22775_G|A,22786_A|C,22813_G|T,22882_T|G,22895_G|C,22896_T|A,22898_G|A,22910_A|G,22916_C|T,22917_T|G,22926_T|C,22942_T|A,22992_G|A,22995_C|A,23005_T|A,23012_G|A,23018_T|C,23019_T|C,23055_A|G,23063_A|T,23075_T|C,23222_G|A,23271_C|T,23403_A|G,23423_C|T,23525_C|T,23599_T|G,23604_C|G,23854_C|A,23948_G|T,24378_C|T,24424_A|T,24469_T|A,24990_C|T,25000_C|T,25207_C|T,25584_C|T,26060_C|T,26270_C|T,26275_A|G,26577_C|G,26709_G|A,26858_C|T,27259_A|C,27263_C|T,27382_G|C,27383_A|T,27384_T|C,27507_A|C,27807_C|T,27915_G|T,28271_A|T,28297_T|C,28311_C|T,28881_G|A,28882_G|A,28883_G|C,29510_A|C,29625_C|T,11288_11296,21633_21641,21765_21770,21992_21994,22194_22196,23009_23011,28362_28370,29734_29759,21608_.|TCATGCCGCTGT
USA/TX-CDC-QDX91915986/2024	XDD	241_C|T,405_A|G,670_T|G,2334_C|T,2790_C|T,3037_C|T,4184_G|A,4321_C|T,5720_G|A,6541_C|T,7842_A|G,8293_C|T,8393_G|A,9344_C|T,9424_A|G,9534_C|T,10029_C|T,10198_C|T,10447_G|A,10449_C|A,10696_T|C,11042_G|T,11727_G|A,12789_C|T,12815_C|T,12880_C|T,13339_T|C,14408_C|T,15714_C|T,15756_T|A,17410_C|T,18163_A|G,18492_A|G,18894_C|T,19955_C|T,20055_A|G,21618_C|T,21622_C|T,21624_G|C,21711_C|T,21941_G|T,21987_G|A,22032_T|C,22033_C|A,22034_A|G,22200_T|G,22208_C|T,22295_C|A,22353_C|A,22556_A|G,22577_G|C,22578_G|A,22629_A|C,22674_C|T,22679_T|C,22686_C|T,22688_A|G,22770_G|A,22775_G|A,22786_A|C,22813_G|C,22882_T|G,22895_G|C,22896_T|A,22898_G|A,22910_A|G,22916_C|T,22917_T|G,22926_T|C,22942_T|A,22992_G|A,22995_C|A,23005_T|A,23012_G|A,23018_T|C,23019_T|C,23055_A|G,23063_A|T,23075_T|C,23222_G|A,23271_C|T,23403_A|G,23423_C|T,23525_C|T,23599_T|G,23604_C|G,23854_C|A,23948_G|T,24378_C|T,24424_A|T,24469_T|A,24990_C|T,25000_C|T,25207_C|T,25584_C|T,26060_C|T,26270_C|T,26275_A|G,26577_C|G,26709_G|A,26858_C|T,27259_A|C,27263_C|T,27382_G|C,27383_A|T,27384_T|C,27507_A|C,27807_C|T,27915_G|T,28271_A|T,28297_T|C,28311_C|T,28881_G|A,28882_G|A,28883_G|C,29510_A|C,29625_C|T,11288_11296,21633_21641,21765_21770,21992_21994,22194_22196,23009_23011,28362_28370,29734_29759,21608_.|TCATGCCGCTGT
USA/TX-CDC-QDX91915987/2024	XDD	241_C|T,405_A|G,670_T|G,2334_C|T,2790_C|T,3037_C|T,4184_G|A,4321_C|T,5720_G|A,6541_C|T,7842_A|G,8293_C|T,8393_G|A,9344_C|T,9424_A|G,9534_C|T,10029_C|T,10198_C|T,10447_G|A,10449_C|A,10696_T|C,11042_G|T,11727_G|A,12789_C|T,12815_C|T,12880_C|T,13339_T|C,14408_C|T,15714_C|T,15756_T|A,17410_C|T,18163_A|G,18492_A|G,18894_C|T,19955_C|T,20055_A|G,21618_C|T,21622_C|T,21624_G|C,21711_C|T,21941_G|T,21987_G|A,22032_T|C,22033_C|A,22034_A|G,22200_T|G,22208_C|T,22295_C|A,22353_C|A,22556_A|G,22577_G|C,22578_G|A,22629_A|C,22674_C|T,22679_T|C,22686_C|T,22688_A|G,22770_G|A,22775_G|A,22786_A|C,22813_G|T,22882_T|G,22895_G|C,22896_T|A,22898_G|A,22910_A|G,22916_C|T,22917_T|G,22926_T|C,22942_T|A,22992_G|A,22995_C|A,23005_T|A,23012_G|A,23018_T|C,23019_T|C,23055_A|G,23063_A|T,23075_T|C,23222_G|A,23271_C|T,23403_A|G,23423_C|T,23525_C|T,23599_T|G,23604_C|G,23854_C|A,23948_G|T,24378_C|T,24424_A|T,24469_T|A,24990_C|T,25000_C|T,25207_C|T,25584_C|T,26060_C|T,26270_C|T,26275_A|G,26577_C|G,26709_G|A,26858_C|T,27259_A|C,27263_C|T,27382_G|C,27383_A|T,27384_T|C,27507_A|C,27807_C|T,27915_G|T,28271_A|T,28297_T|C,28311_C|T,28881_G|A,28882_G|A,28883_G|C,29510_A|C,29625_C|T,11288_11296,21633_21641,21765_21770,21992_21994,22194_22196,23009_23011,28362_28370,29734_29759,21608_.|TCATGCCGCTGT
USA/TX-CDC-QDX92085962/2024	XDD	241_C|T,405_A|G,670_T|G,2334_C|T,2790_C|T,3037_C|T,4184_G|A,4321_C|T,5720_G|A,6541_C|T,7842_A|G,8293_C|T,8393_G|A,9344_C|T,9424_A|G,9534_C|T,10029_C|T,10198_C|T,10447_G|A,10449_C|A,10696_T|C,11042_G|T,11727_G|A,12789_C|T,12815_C|T,12880_C|T,13339_T|C,14408_C|T,15714_C|T,15756_T|A,17410_C|T,18163_A|G,18492_A|G,18894_C|T,19955_C|T,20055_A|G,21618_C|T,21622_C|T,21624_G|C,21711_C|T,21941_G|T,21987_G|A,22032_T|C,22033_C|A,22034_A|G,22200_T|G,22208_C|T,22295_C|A,22353_C|A,22556_A|G,22577_G|C,22578_G|A,22629_A|C,22674_C|T,22679_T|C,22686_C|T,22688_A|G,22770_G|A,22775_G|A,22786_A|C,22813_G|T,22882_T|G,22895_G|C,22896_T|A,22898_G|A,22910_A|G,22916_C|T,22917_T|G,22926_T|C,22942_T|A,22992_G|A,22995_C|A,23005_T|A,23012_G|A,23018_T|C,23019_T|C,23055_A|G,23063_A|T,23075_T|C,23222_G|A,23271_C|T,23403_A|G,23423_C|T,23525_C|T,23599_T|G,23604_C|G,23854_C|A,23948_G|T,24378_C|T,24424_A|T,24469_T|A,24990_C|T,25000_C|T,25207_C|T,25584_C|T,26060_C|T,26270_C|T,26275_A|G,26577_C|G,26709_G|A,26858_C|T,27259_A|C,27263_C|T,27382_G|C,27383_A|T,27384_T|C,27507_A|C,27807_C|T,27915_G|T,28271_A|T,28297_T|C,28311_C|T,28881_G|A,28882_G|A,28883_G|C,29510_A|C,29625_C|T,11288_11296,21633_21641,21765_21770,21992_21994,22194_22196,23009_23011,28362_28370,29734_29759,21608_.|TCATGCCGCTGT
USA/TX-CDC-QDX92153155/2024	XDD	241_C|T,405_A|G,670_T|G,2334_C|T,2790_C|T,3037_C|T,4184_G|A,4321_C|T,5720_G|A,6541_C|T,7842_A|G,8293_C|T,8393_G|A,9344_C|T,9424_A|G,9534_C|T,10029_C|T,10198_C|T,10447_G|A,10449_C|A,10696_T|C,11042_G|T,11727_G|A,12789_C|T,12815_C|T,12880_C|T,13339_T|C,14408_C|T,15714_C|T,15756_T|A,17410_C|T,18163_A|G,18492_A|G,18894_C|T,19955_C|T,20055_A|G,21618_C|T,21622_C|T,21624_G|C,21711_C|T,21941_G|T,21987_G|A,22032_T|C,22033_C|A,22034_A|G,22200_T|G,22208_C|T,22295_C|A,22353_C|A,22556_A|G,22577_G|C,22578_G|A,22629_A|C,22674_C|T,22679_T|C,22686_C|T,22688_A|G,22770_G|A,22775_G|A,22786_A|C,22813_G|T,22882_T|G,22895_G|C,22896_T|A,22898_G|A,22910_A|G,22916_C|T,22917_T|G,22926_T|C,22942_T|A,22992_G|A,22995_C|A,23005_T|A,23012_G|A,23018_T|C,23019_T|C,23055_A|G,23063_A|T,23075_T|C,23222_G|A,23271_C|T,23403_A|G,23423_C|T,23525_C|T,23599_T|G,23604_C|G,23854_C|A,23948_G|T,24378_C|T,24424_A|T,24469_T|A,24990_C|T,25000_C|T,25207_C|T,25584_C|T,26060_C|T,26270_C|T,26275_A|G,26577_C|G,26709_G|A,26858_C|T,27259_A|C,27382_G|C,27383_A|T,27384_T|C,27507_A|C,27807_C|T,27915_G|T,28271_A|T,28297_T|C,28311_C|T,28881_G|A,28882_G|A,28883_G|C,29510_A|C,29625_C|T,11288_11296,21633_21641,21765_21770,21992_21994,22194_22196,23009_23011,28362_28370,29734_29759,21608_.|TCATGCCGCTGT
USA/TX-CDC-QDX93093125/2024	XDD	241_C|T,405_A|G,670_T|G,1314_C|T,2334_C|T,2790_C|T,3016_T|C,3037_C|T,4184_G|A,4321_C|T,5720_G|A,6541_C|T,7267_C|T,7842_A|G,8293_C|T,8393_G|A,9344_C|T,9424_A|G,9534_C|T,10029_C|T,10198_C|T,10447_G|A,10449_C|A,11042_G|T,11727_G|A,12789_C|T,12815_C|T,12880_C|T,13339_T|C,14408_C|T,15714_C|T,15756_T|A,16386_C|T,16887_C|T,17410_C|T,18163_A|G,18492_A|G,18894_C|T,19342_G|A,19955_C|T,20055_A|G,21618_C|T,21622_C|T,21624_G|C,21711_C|T,21941_G|T,21987_G|A,22032_T|C,22033_C|A,22034_A|G,22200_T|G,22208_C|T,22295_C|A,22353_C|A,22556_A|G,22577_G|C,22578_G|A,22629_A|C,22674_C|T,22679_T|C,22686_C|T,22688_A|G,22770_G|A,22775_G|A,22786_A|C,22813_G|T,22882_T|G,22895_G|C,22896_T|A,22898_G|A,22910_A|G,22916_C|T,22917_T|G,22926_T|C,22942_T|A,22992_G|A,22995_C|A,23005_T|A,23012_G|A,23018_T|C,23019_T|C,23055_A|G,23063_A|T,23075_T|C,23222_G|A,23271_C|T,23377_T|C,23403_A|G,23423_C|T,23525_C|T,23599_T|G,23604_C|G,23854_C|A,23948_G|T,24378_C|T,24424_A|T,24469_T|A,24990_C|T,25000_C|T,25207_C|T,25584_C|T,25993_G|A,26060_C|T,26270_C|T,26275_A|G,26577_C|G,26709_G|A,26858_C|T,27259_A|C,27382_G|C,27383_A|T,27384_T|C,27507_A|C,27807_C|T,27915_G|T,28271_A|T,28297_T|C,28311_C|T,28881_G|A,28882_G|A,28883_G|C,29510_A|C,29521_A|T,29625_C|T,11288_11296,21633_21641,21765_21770,21992_21994,22194_22196,23009_23011,28362_28370,29734_29759,21608_.|TCATGCCGCTGT
USA/UT-UPHL-240207279988/2024	XDD	241_C|T,405_A|G,670_T|G,2334_C|T,2790_C|T,3037_C|T,3692_G|T,4184_G|A,4321_C|T,5720_G|A,6541_C|T,7842_A|G,8293_C|T,8393_G|A,9344_C|T,9424_A|G,9534_C|T,10029_C|T,10198_C|T,10447_G|A,10449_C|A,11042_G|T,11727_G|A,12789_C|T,12815_C|T,12880_C|T,13339_T|C,14408_C|T,15714_C|T,15756_T|A,17410_C|T,18163_A|G,18492_A|G,18894_C|T,19955_C|T,20055_A|G,21618_C|T,21622_C|T,21624_G|C,21711_C|T,21941_G|T,21987_G|A,22032_T|C,22033_C|A,22034_A|G,22200_T|G,22208_C|T,22295_C|A,22353_C|A,22556_A|G,22577_G|C,22578_G|A,22629_A|C,22674_C|T,22679_T|C,22686_C|T,22688_A|G,22770_G|A,22775_G|A,22786_A|C,22813_G|T,22882_T|G,22895_G|C,22896_T|A,22898_G|A,22910_A|G,22916_C|T,22917_T|G,22926_T|C,22942_T|A,22992_G|A,22995_C|A,23005_T|A,23012_G|A,23018_T|C,23019_T|C,23055_A|G,23063_A|T,23075_T|C,23222_G|A,23271_C|T,23403_A|G,23423_C|T,23525_C|T,23599_T|G,23604_C|G,23854_C|A,23948_G|T,24378_C|T,24424_A|T,24469_T|A,24990_C|T,25000_C|T,25207_C|T,25584_C|T,26060_C|T,26270_C|T,26275_A|G,26577_C|G,26709_G|A,26858_C|T,27259_A|C,27382_G|C,27383_A|T,27384_T|C,27507_A|C,27807_C|T,27915_G|T,28271_A|T,28297_T|C,28311_C|T,28881_G|A,28882_G|A,28883_G|C,29510_A|C,29625_C|T,11288_11296,21633_21641,21765_21770,21992_21994,22194_22196,23009_23011,28362_28370,29734_29759,21608_.|TCATGCCGCTGT
USA/UT-UPHL-240207596747/2024	XDD	241_C|T,405_A|G,670_T|G,2197_C|T,2334_C|T,2790_C|T,3037_C|T,4184_G|A,4321_C|T,5720_G|A,6541_C|T,7842_A|G,8293_C|T,8393_G|A,9344_C|T,9424_A|G,9534_C|T,10029_C|T,10198_C|T,10447_G|A,10449_C|A,11042_G|T,11727_G|A,12789_C|T,12815_C|T,12880_C|T,13339_T|C,14408_C|T,15714_C|T,15756_T|A,17410_C|T,18163_A|G,18492_A|G,18894_C|T,19185_C|T,19955_C|T,20055_A|G,21618_C|T,21622_C|T,21624_G|C,21711_C|T,21941_G|T,21987_G|A,22032_T|C,22033_C|A,22034_A|G,22200_T|G,22208_C|T,22295_C|A,22353_C|A,22556_A|G,22577_G|C,22578_G|A,22629_A|C,22674_C|T,22679_T|C,22686_C|T,22688_A|G,22770_G|A,22775_G|A,22786_A|C,22813_G|T,22882_T|G,22895_G|C,22896_T|A,22898_G|A,22910_A|G,22916_C|T,22917_T|G,22926_T|C,22942_T|A,22992_G|A,22995_C|A,23005_T|A,23012_G|A,23018_T|C,23019_T|C,23055_A|G,23063_A|T,23075_T|C,23222_G|A,23271_C|T,23403_A|G,23423_C|T,23525_C|T,23599_T|G,23604_C|G,23854_C|A,23948_G|T,24378_C|T,24424_A|T,24469_T|A,24964_C|T,24990_C|T,25000_C|T,25012_G|T,25207_C|T,25584_C|T,26060_C|T,26270_C|T,26275_A|G,26577_C|G,26709_G|A,26858_C|T,26873_C|T,27259_A|C,27382_G|C,27383_A|T,27384_T|C,27507_A|C,27807_C|T,27891_A|T,27915_G|T,28271_A|T,28297_T|C,28311_C|T,28881_G|A,28882_G|A,28883_G|C,29510_A|C,29625_C|T,11288_11296,21633_21641,21765_21770,21992_21994,22194_22196,23009_23011,28362_28370,29734_29759,21608_.|TCATGCCGCTGT
USA/UT-UPHL-240207975799/2024	XDD	44_C|T,241_C|T,405_A|G,670_T|G,2334_C|T,2790_C|T,3037_C|T,3692_G|T,4184_G|A,4321_C|T,5720_G|A,6315_A|G,6541_C|T,7842_A|G,8293_C|T,8393_G|A,9344_C|T,9424_A|G,9534_C|T,10029_C|T,10198_C|T,10447_G|A,10449_C|A,11042_G|T,11727_G|A,12789_C|T,12815_C|T,12880_C|T,13339_T|C,14408_C|T,15714_C|T,15756_T|A,17410_C|T,18163_A|G,18492_A|G,18894_C|T,19955_C|T,20055_A|G,21618_C|T,21622_C|T,21624_G|C,21711_C|T,21941_G|T,21987_G|A,22033_C|A,22034_A|G,22200_T|G,22208_C|T,22295_C|A,22353_C|A,22556_A|G,22577_G|C,22578_G|A,22629_A|C,22674_C|T,22679_T|C,22686_C|T,22688_A|G,22770_G|A,22775_G|A,22786_A|C,22813_G|T,22882_T|G,22895_G|C,22896_T|A,22898_G|A,22910_A|G,22916_C|T,22917_T|G,22926_T|C,22942_T|A,22992_G|A,22995_C|A,23005_T|A,23012_G|A,23018_T|C,23019_T|C,23055_A|G,23063_A|T,23075_T|C,23222_G|A,23271_C|T,23403_A|G,23423_C|T,23525_C|T,23599_T|G,23604_C|G,23854_C|A,23948_G|T,24378_C|T,24424_A|T,24469_T|A,24990_C|T,25000_C|T,25207_C|T,25584_C|T,26060_C|T,26270_C|T,26275_A|G,26577_C|G,26709_G|A,26858_C|T,27259_A|C,27382_G|C,27383_A|T,27384_T|C,27507_A|C,27807_C|T,27915_G|T,28271_A|T,28297_T|C,28311_C|T,28881_G|A,28882_G|A,28883_G|C,29510_A|C,29625_C|T,11288_11296,21633_21641,21765_21770,21992_21994,22194_22196,23009_23011,28362_28370,29734_29759,21608_.|TCATGCCGCTGT
USA/WA-PHL-035135/2023	XDD	241_C|T,405_A|G,670_T|G,2334_C|T,2790_C|T,3037_C|T,3692_G|T,4184_G|A,4321_C|T,5720_G|A,6541_C|T,7842_A|G,8293_C|T,8393_G|A,9344_C|T,9424_A|G,9534_C|T,10029_C|T,10198_C|T,10447_G|A,10449_C|A,11042_G|T,11727_G|A,12789_C|T,12815_C|T,12880_C|T,13339_T|C,14408_C|T,15714_C|T,15756_T|A,17410_C|T,18163_A|G,18492_A|G,18894_C|T,19955_C|T,20055_A|G,21711_C|T,21941_G|T,21987_G|A,22032_T|C,22033_C|A,22034_A|G,22200_T|G,22208_C|T,22295_C|A,22353_C|A,22556_A|G,22577_G|C,22578_G|A,22629_A|C,22660_T|C,22674_C|T,22679_T|C,22686_C|T,22688_A|G,22770_G|A,22775_G|A,22786_A|C,22813_G|T,22882_T|G,22895_G|C,22896_T|A,22898_G|A,22910_A|G,22916_C|T,22917_T|G,22926_T|C,22942_T|A,22992_G|A,22995_C|A,23005_T|A,23012_G|A,23018_T|C,23019_T|C,23055_A|G,23063_A|T,23075_T|C,23222_G|A,23271_C|T,23403_A|G,23423_C|T,23525_C|T,23599_T|G,23604_C|G,23854_C|A,23948_G|T,24378_C|T,24424_A|T,24469_T|A,24990_C|T,25000_C|T,25207_C|T,25584_C|T,26060_C|T,26270_C|T,26275_A|G,26577_C|G,26709_G|A,26858_C|T,27259_A|C,27382_G|C,27383_A|T,27384_T|C,27507_A|C,27807_C|T,27915_G|T,28271_A|T,28297_T|C,28311_C|T,28881_G|A,28882_G|A,28883_G|C,29247_C|T,29510_A|C,29625_C|T,11288_11296,21765_21770,21992_21994,22194_22196,23009_23011,28362_28370,29734_29759
