genomeID	true_lineage	nuc_changes
Denmark/DCGC-530735/2022	XAZ	241_C|T,670_T|G,1912_C|T,2232_C|T,2790_C|T,3037_C|T,3317_C|T,3358_T|C,4184_G|A,4321_C|T,9344_C|T,9424_A|G,9534_C|T,10029_C|T,10198_C|T,10447_G|A,10449_C|A,12160_G|A,12880_C|T,14408_C|T,15714_C|T,17410_C|T,18163_A|G,19955_C|T,20055_A|G,21618_C|T,21987_G|A,22200_T|G,22578_G|A,22674_C|T,22679_T|C,22686_C|T,22688_A|G,22775_G|A,22786_A|C,22813_G|T,22882_T|G,22917_T|G,22992_G|A,22995_C|A,23013_A|C,23018_T|G,23055_A|G,23063_A|T,23075_T|C,23403_A|G,23525_C|T,23599_T|G,23604_C|A,23854_C|A,23948_G|T,24424_A|T,24469_T|A,25000_C|T,25584_C|T,26060_C|T,26270_C|T,26529_G|A,26577_C|G,26709_G|A,27807_C|T,28271_A|T,28311_C|T,28881_G|A,28882_G|A,28883_G|C,29510_A|C,11288_11296,21633_21641,21765_21770,28362_28370
Denmark/DCGC-531122/2022	XAZ	241_C|T,670_T|G,1906_T|C,1912_C|T,2232_C|T,2790_C|T,3037_C|T,3317_C|T,3358_T|C,4184_G|A,4321_C|T,9344_C|T,9424_A|G,9534_C|T,10029_C|T,10198_C|T,10447_G|A,10449_C|A,12160_G|A,12880_C|T,14408_C|T,15714_C|T,17410_C|T,18163_A|G,19955_C|T,20055_A|G,21618_C|T,21987_G|A,22200_T|G,22578_G|A,22674_C|T,22679_T|C,22686_C|T,22688_A|G,22775_G|A,22786_A|C,22813_G|T,22882_T|G,22917_T|G,22992_G|A,22995_C|A,23013_A|C,23018_T|G,23055_A|G,23063_A|T,23075_T|C,23403_A|G,23525_C|T,23599_T|G,23604_C|A,23854_C|A,23948_G|T,24424_A|T,24469_T|A,25000_C|T,25584_C|T,26060_C|T,26270_C|T,26577_C|G,26709_G|A,27807_C|T,28271_A|T,28311_C|T,28881_G|A,28882_G|A,28883_G|C,29510_A|C,11288_11296,21633_21641,21765_21770,28362_28370
Denmark/DCGC-532631/2022	XAZ	241_C|T,670_T|G,1912_C|T,2232_C|T,2790_C|T,3037_C|T,3317_C|T,3358_T|C,4184_G|A,4321_C|T,9344_C|T,9534_C|T,10029_C|T,10198_C|T,10447_G|A,10449_C|A,12160_G|A,12880_C|T,14408_C|T,15714_C|T,16856_A|G,17410_C|T,18163_A|G,19955_C|T,20055_A|G,21987_G|A,22200_T|G,22578_G|A,22674_C|T,22679_T|C,22686_C|T,22688_A|G,22775_G|A,22786_A|C,22813_G|T,22882_T|G,22917_T|G,22992_G|A,22995_C|A,23013_A|C,23018_T|G,23055_A|G,23063_A|T,23075_T|C,23403_A|G,23525_C|T,23599_T|G,23604_C|A,23854_C|A,23948_G|T,24424_A|T,24469_T|A,25000_C|T,25584_C|T,26060_C|T,26270_C|T,26529_G|A,26577_C|G,26709_G|A,27807_C|T,28271_A|T,28311_C|T,28881_G|A,28882_G|A,28883_G|C,29510_A|C,11288_11296,21633_21641,21765_21770,28362_28370
Denmark/DCGC-534187/2022	XAZ	241_C|T,670_T|G,1912_C|T,2232_C|T,2790_C|T,3037_C|T,3317_C|T,3358_T|C,4184_G|A,4321_C|T,9344_C|T,9424_A|G,9534_C|T,10029_C|T,10198_C|T,10447_G|A,10449_C|A,12160_G|A,12880_C|T,14408_C|T,15714_C|T,17410_C|T,18163_A|G,19955_C|T,20055_A|G,21618_C|T,21987_G|A,22200_T|G,22578_G|A,22674_C|T,22679_T|C,22686_C|T,22688_A|G,22775_G|A,22786_A|C,22813_G|T,22882_T|G,22917_T|G,22992_G|A,22995_C|A,23013_A|C,23018_T|G,23055_A|G,23063_A|T,23075_T|C,23403_A|G,23525_C|T,23599_T|G,23604_C|A,23854_C|A,23948_G|T,24424_A|T,24469_T|A,25000_C|T,25584_C|T,26060_C|T,26270_C|T,26529_G|A,26577_C|G,26709_G|A,27807_C|T,28271_A|T,28311_C|T,28881_G|A,28882_G|A,28883_G|C,29119_C|T,29510_A|C,11288_11296,21633_21641,21765_21770,28362_28370
Denmark/DCGC-534914/2022	XAZ	241_C|T,670_T|G,1912_C|T,2232_C|T,2790_C|T,3037_C|T,3317_C|T,3358_T|C,4184_G|A,4321_C|T,9344_C|T,9424_A|G,9534_C|T,10029_C|T,10198_C|T,10447_G|A,10449_C|A,12160_G|A,12880_C|T,14408_C|T,15714_C|T,17410_C|T,18163_A|G,19955_C|T,20055_A|G,21618_C|T,21987_G|A,22200_T|G,22578_G|A,22674_C|T,22679_T|C,22686_C|T,22688_A|G,22775_G|A,22786_A|C,22813_G|T,22882_T|G,22917_T|G,22992_G|A,22995_C|A,23013_A|C,23018_T|G,23055_A|G,23063_A|T,23075_T|C,23403_A|G,23525_C|T,23599_T|G,23604_C|A,23854_C|A,23948_G|T,24424_A|T,24469_T|A,25000_C|T,25584_C|T,26060_C|T,26270_C|T,26529_G|A,26577_C|G,26709_G|A,27807_C|T,28271_A|T,28311_C|T,28881_G|A,28882_G|A,28883_G|C,29119_C|T,29510_A|C,11288_11296,21633_21641,21765_21770,28362_28370
Denmark/DCGC-534977/2022	XAZ	241_C|T,670_T|G,1912_C|T,2232_C|T,2790_C|T,3037_C|T,3317_C|T,3358_T|C,4184_G|A,4321_C|T,9344_C|T,9424_A|G,9534_C|T,10029_C|T,10198_C|T,10447_G|A,10449_C|A,12160_G|A,12880_C|T,14408_C|T,15714_C|T,17410_C|T,18163_A|G,19955_C|T,20055_A|G,21618_C|T,21987_G|A,22200_T|G,22578_G|A,22674_C|T,22679_T|C,22686_C|T,22688_A|G,22775_G|A,22786_A|C,22813_G|T,22882_T|G,22917_T|G,22992_G|A,22995_C|A,23013_A|C,23018_T|G,23055_A|G,23063_A|T,23075_T|C,23403_A|G,23525_C|T,23599_T|G,23604_C|A,23854_C|A,23948_G|T,24424_A|T,24469_T|A,25000_C|T,25584_C|T,26060_C|T,26270_C|T,26529_G|A,26577_C|G,26709_G|A,27807_C|T,28271_A|T,28311_C|T,28881_G|A,28882_G|A,28883_G|C,29119_C|T,29510_A|C,11288_11296,21633_21641,21765_21770,28362_28370
Denmark/DCGC-535026/2022	XAZ	241_C|T,670_T|G,1906_T|C,1912_C|T,2232_C|T,2790_C|T,3037_C|T,3317_C|T,3358_T|C,4184_G|A,4321_C|T,9344_C|T,9424_A|G,9534_C|T,10029_C|T,10198_C|T,10447_G|A,10449_C|A,12160_G|A,12880_C|T,14408_C|T,15714_C|T,17410_C|T,18163_A|G,19955_C|T,20055_A|G,21618_C|T,21987_G|A,22200_T|G,22578_G|A,22674_C|T,22679_T|C,22686_C|T,22688_A|G,22775_G|A,22786_A|C,22813_G|T,22882_T|G,22917_T|G,22992_G|A,22995_C|A,23013_A|C,23018_T|G,23055_A|G,23063_A|T,23075_T|C,23403_A|G,23525_C|T,23599_T|G,23604_C|A,23854_C|A,23948_G|T,24424_A|T,24469_T|A,25000_C|T,25584_C|T,26060_C|T,26270_C|T,26577_C|G,26709_G|A,27807_C|T,28271_A|T,28311_C|T,28881_G|A,28882_G|A,28883_G|C,29510_A|C,11288_11296,21633_21641,21765_21770,28362_28370,29734_29759
Denmark/DCGC-536328/2022	XAZ	241_C|T,670_T|G,1912_C|T,2232_C|T,2790_C|T,3037_C|T,3317_C|T,3358_T|C,4184_G|A,4321_C|T,9344_C|T,9424_A|G,9534_C|T,10029_C|T,10198_C|T,10447_G|A,10449_C|A,12160_G|A,12789_C|T,12880_C|T,14408_C|T,15714_C|T,17410_C|T,18163_A|G,19955_C|T,20055_A|G,21618_C|T,21987_G|A,22200_T|G,22530_C|T,22578_G|A,22674_C|T,22679_T|C,22686_C|T,22688_A|G,22775_G|A,22786_A|C,22813_G|T,22882_T|G,22917_T|G,22992_G|A,22995_C|A,23013_A|C,23018_T|G,23055_A|G,23063_A|T,23075_T|C,23403_A|G,23525_C|T,23599_T|G,23604_C|A,23854_C|A,23948_G|T,24424_A|T,24469_T|A,25000_C|T,25584_C|T,26060_C|T,26270_C|T,26529_G|A,26577_C|G,26709_G|A,27807_C|T,28271_A|T,28311_C|T,28881_G|A,28882_G|A,28883_G|C,29510_A|C,11288_11296,21633_21641,21765_21770,28362_28370
Denmark/DCGC-536904/2022	XAZ	241_C|T,670_T|G,1912_C|T,2232_C|T,2790_C|T,3037_C|T,3317_C|T,3358_T|C,4184_G|A,4321_C|T,4475_C|T,9344_C|T,9424_A|G,9534_C|T,10029_C|T,10198_C|T,10447_G|A,10449_C|A,12160_G|A,12880_C|T,14408_C|T,15714_C|T,17410_C|T,18163_A|G,19955_C|T,20055_A|G,21618_C|T,21987_G|A,22200_T|G,22578_G|A,22674_C|T,22679_T|C,22686_C|T,22688_A|G,22775_G|A,22786_A|C,22813_G|T,22882_T|G,22917_T|G,22992_G|A,22995_C|A,23013_A|C,23018_T|G,23055_A|G,23063_A|T,23075_T|C,23403_A|G,23525_C|T,23599_T|G,23604_C|A,23854_C|A,23948_G|T,24424_A|T,24469_T|A,25584_C|T,26060_C|T,26270_C|T,26577_C|G,26709_G|A,27807_C|T,28271_A|T,28311_C|T,28881_G|A,28882_G|A,28883_G|C,29510_A|C,11288_11296,21633_21641,21765_21770,28362_28370
Denmark/DCGC-537170/2022	XAZ	241_C|T,670_T|G,1906_T|C,1912_C|T,2232_C|T,2790_C|T,3037_C|T,3317_C|T,3358_T|C,4184_G|A,4321_C|T,9344_C|T,9424_A|G,9534_C|T,10029_C|T,10198_C|T,10447_G|A,10449_C|A,12160_G|A,12880_C|T,14408_C|T,15714_C|T,17410_C|T,18163_A|G,19955_C|T,20055_A|G,21618_C|T,21987_G|A,22200_T|G,22578_G|A,22674_C|T,22679_T|C,22686_C|T,22688_A|G,22775_G|A,22786_A|C,22813_G|T,22882_T|G,22917_T|G,22992_G|A,22995_C|A,23013_A|C,23018_T|G,23055_A|G,23063_A|T,23075_T|C,23403_A|G,23525_C|T,23599_T|G,23604_C|A,23854_C|A,23948_G|T,24424_A|T,24469_T|A,25000_C|T,25584_C|T,26060_C|T,26270_C|T,26577_C|G,26709_G|A,27807_C|T,28271_A|T,28311_C|T,28881_G|A,28882_G|A,28883_G|C,29510_A|C,11288_11296,21633_21641,21765_21770,28362_28370
Denmark/DCGC-537688/2022	XAZ	241_C|T,670_T|G,1912_C|T,2232_C|T,2790_C|T,3037_C|T,3317_C|T,3358_T|C,4184_G|A,4321_C|T,4475_C|T,9344_C|T,9424_A|G,9534_C|T,10029_C|T,10198_C|T,10447_G|A,10449_C|A,12160_G|A,12880_C|T,14408_C|T,15714_C|T,17410_C|T,18163_A|G,19955_C|T,20055_A|G,21618_C|T,21987_G|A,22200_T|G,22578_G|A,22674_C|T,22679_T|C,22686_C|T,22688_A|G,22775_G|A,22786_A|C,22813_G|T,22882_T|G,22917_T|G,22992_G|A,22995_C|A,23013_A|C,23018_T|G,23055_A|G,23063_A|T,23075_T|C,23403_A|G,23525_C|T,23599_T|G,23604_C|A,23854_C|A,23948_G|T,24424_A|T,24469_T|A,25000_C|T,25584_C|T,26060_C|T,26270_C|T,26577_C|G,26709_G|A,27807_C|T,28271_A|T,28311_C|T,28881_G|A,28882_G|A,28883_G|C,29510_A|C,11288_11296,21633_21641,21765_21770,28362_28370
Denmark/DCGC-538599/2022	XAZ	241_C|T,670_T|G,1912_C|T,2232_C|T,2790_C|T,3037_C|T,3317_C|T,3358_T|C,4184_G|A,4321_C|T,4475_C|T,9344_C|T,9424_A|G,9534_C|T,10029_C|T,10198_C|T,10447_G|A,10449_C|A,12160_G|A,12880_C|T,14408_C|T,15714_C|T,17410_C|T,18163_A|G,19955_C|T,20055_A|G,21618_C|T,21987_G|A,22200_T|G,22578_G|A,22674_C|T,22679_T|C,22686_C|T,22688_A|G,22775_G|A,22786_A|C,22813_G|T,22882_T|G,22917_T|G,22992_G|A,22995_C|A,23013_A|C,23018_T|G,23055_A|G,23063_A|T,23075_T|C,23403_A|G,23525_C|T,23599_T|G,23604_C|A,23854_C|A,23948_G|T,24424_A|T,24469_T|A,25000_C|T,25584_C|T,26060_C|T,26270_C|T,26577_C|G,26709_G|A,27807_C|T,28271_A|T,28311_C|T,28881_G|A,28882_G|A,28883_G|C,29510_A|C,11288_11296,21633_21641,21765_21770,28362_28370
Denmark/DCGC-538781/2022	XAZ	241_C|T,670_T|G,1912_C|T,2232_C|T,2790_C|T,3037_C|T,3317_C|T,3358_T|C,4184_G|A,4321_C|T,6230_C|T,9344_C|T,9424_A|G,9534_C|T,10029_C|T,10198_C|T,10447_G|A,10449_C|A,12160_G|A,12880_C|T,14408_C|T,15714_C|T,17410_C|T,18163_A|G,19955_C|T,20055_A|G,21618_C|T,21987_G|A,22200_T|G,22578_G|A,22674_C|T,22679_T|C,22686_C|T,22688_A|G,22775_G|A,22786_A|C,22813_G|T,22882_T|G,22917_T|G,22992_G|A,22995_C|A,23013_A|C,23018_T|G,23055_A|G,23063_A|T,23075_T|C,23403_A|G,23525_C|T,23599_T|G,23604_C|A,23854_C|A,23948_G|T,24424_A|T,24469_T|A,25584_C|T,26060_C|T,26270_C|T,26529_G|A,26577_C|G,26709_G|A,27807_C|T,28114_T|G,28271_A|T,28311_C|T,28881_G|A,28882_G|A,28883_G|C,29510_A|C,11288_11296,21633_21641,21765_21770,28362_28370
Denmark/DCGC-539039/2022	XAZ	241_C|T,670_T|G,1912_C|T,2232_C|T,2790_C|T,3037_C|T,3317_C|T,3358_T|C,4184_G|A,4321_C|T,4475_C|T,9344_C|T,9424_A|G,9534_C|T,10029_C|T,10198_C|T,10447_G|A,10449_C|A,12160_G|A,12880_C|T,14408_C|T,15714_C|T,17410_C|T,18163_A|G,19955_C|T,20055_A|G,21618_C|T,21987_G|A,22200_T|G,22578_G|A,22674_C|T,22679_T|C,22686_C|T,22688_A|G,22775_G|A,22786_A|C,22813_G|T,22882_T|G,22917_T|G,22992_G|A,22995_C|A,23013_A|C,23018_T|G,23055_A|G,23063_A|T,23075_T|C,23403_A|G,23525_C|T,23599_T|G,23604_C|A,23854_C|A,23948_G|T,24424_A|T,24469_T|A,25000_C|T,25584_C|T,26060_C|T,26270_C|T,26577_C|G,26709_G|A,27807_C|T,28271_A|T,28311_C|T,28881_G|A,28882_G|A,28883_G|C,29510_A|C,11288_11296,21633_21641,21765_21770,28362_28370
Denmark/DCGC-539162/2022	XAZ	241_C|T,670_T|G,1912_C|T,2232_C|T,2790_C|T,3037_C|T,3317_C|T,3358_T|C,4184_G|A,4321_C|T,9344_C|T,9424_A|G,9534_C|T,10029_C|T,10198_C|T,10447_G|A,10449_C|A,12160_G|A,12880_C|T,14408_C|T,15714_C|T,17410_C|T,18163_A|G,19955_C|T,20055_A|G,21618_C|T,21987_G|A,22200_T|G,22578_G|A,22674_C|T,22679_T|C,22686_C|T,22688_A|G,22775_G|A,22786_A|C,22813_G|T,22882_T|G,22917_T|G,22992_G|A,22995_C|A,23013_A|C,23018_T|G,23055_A|G,23063_A|T,23075_T|C,23403_A|G,23525_C|T,23599_T|G,23604_C|A,23854_C|A,23948_G|T,24424_A|T,24469_T|A,25000_C|T,25584_C|T,26060_C|T,26270_C|T,26529_G|A,26577_C|G,26709_G|A,27807_C|T,28271_A|T,28311_C|T,28881_G|A,28882_G|A,28883_G|C,29119_C|T,29510_A|C,11288_11296,21633_21641,21765_21770,28362_28370
Denmark/DCGC-539311/2022	XAZ	241_C|T,670_T|G,1912_C|T,2232_C|T,2790_C|T,3037_C|T,3317_C|T,3358_T|C,4184_G|A,4321_C|T,4475_C|T,9344_C|T,9424_A|G,9534_C|T,10029_C|T,10198_C|T,10447_G|A,10449_C|A,12160_G|A,12880_C|T,14408_C|T,15714_C|T,17410_C|T,18163_A|G,19955_C|T,20055_A|G,21618_C|T,21987_G|A,22200_T|G,22578_G|A,22674_C|T,22679_T|C,22686_C|T,22688_A|G,22775_G|A,22786_A|C,22813_G|T,22882_T|G,22917_T|G,22992_G|A,22995_C|A,23013_A|C,23018_T|G,23055_A|G,23063_A|T,23075_T|C,23403_A|G,23525_C|T,23599_T|G,23604_C|A,23854_C|A,23948_G|T,24424_A|T,24469_T|A,25000_C|T,25584_C|T,26060_C|T,26270_C|T,26577_C|G,26709_G|A,27807_C|T,28271_A|T,28311_C|T,28881_G|A,28882_G|A,28883_G|C,29510_A|C,11288_11296,21633_21641,21765_21770,28362_28370
Denmark/DCGC-539611/2022	XAZ	241_C|T,670_T|G,1912_C|T,2232_C|T,2790_C|T,3037_C|T,3317_C|T,3358_T|C,4184_G|A,4321_C|T,4475_C|T,9344_C|T,9424_A|G,9534_C|T,10029_C|T,10198_C|T,10447_G|A,10449_C|A,12160_G|A,12880_C|T,14408_C|T,15714_C|T,17410_C|T,18163_A|G,19955_C|T,20055_A|G,21618_C|T,21987_G|A,22200_T|G,22578_G|A,22674_C|T,22679_T|C,22686_C|T,22688_A|G,22775_G|A,22786_A|C,22813_G|T,22882_T|G,22917_T|G,22992_G|A,22995_C|A,23013_A|C,23018_T|G,23055_A|G,23063_A|T,23075_T|C,23403_A|G,23525_C|T,23599_T|G,23604_C|A,23854_C|A,23948_G|T,24424_A|T,24469_T|A,25000_C|T,25584_C|T,26060_C|T,26270_C|T,26577_C|G,26709_G|A,27807_C|T,28271_A|T,28311_C|T,28881_G|A,28882_G|A,28883_G|C,29510_A|C,11288_11296,21633_21641,21765_21770,28362_28370
Denmark/DCGC-539617/2022	XAZ	241_C|T,670_T|G,1912_C|T,2232_C|T,2790_C|T,3037_C|T,3317_C|T,3358_T|C,4184_G|A,4321_C|T,4475_C|T,9344_C|T,9424_A|G,9534_C|T,10029_C|T,10198_C|T,10447_G|A,10449_C|A,12160_G|A,12880_C|T,14408_C|T,15714_C|T,17410_C|T,18163_A|G,19955_C|T,20055_A|G,21618_C|T,21987_G|A,22200_T|G,22578_G|A,22674_C|T,22679_T|C,22686_C|T,22688_A|G,22775_G|A,22786_A|C,22813_G|T,22882_T|G,22917_T|G,22992_G|A,22995_C|A,23013_A|C,23018_T|G,23055_A|G,23063_A|T,23075_T|C,23403_A|G,23525_C|T,23599_T|G,23604_C|A,23854_C|A,23948_G|T,24424_A|T,24469_T|A,25000_C|T,25584_C|T,26060_C|T,26270_C|T,26529_G|A,26577_C|G,26709_G|A,27807_C|T,28271_A|T,28311_C|T,28881_G|A,28882_G|A,28883_G|C,29510_A|C,11288_11296,21633_21641,21765_21770,28362_28370
Denmark/DCGC-539642/2022	XAZ	241_C|T,670_T|G,1912_C|T,2232_C|T,2790_C|T,3037_C|T,3317_C|T,3358_T|C,4184_G|A,4321_C|T,4475_C|T,9344_C|T,9424_A|G,9534_C|T,10029_C|T,10198_C|T,10447_G|A,10449_C|A,12160_G|A,12880_C|T,14408_C|T,15714_C|T,17410_C|T,18163_A|G,19955_C|T,20055_A|G,21618_C|T,21987_G|A,22200_T|G,22578_G|A,22674_C|T,22679_T|C,22686_C|T,22688_A|G,22775_G|A,22786_A|C,22813_G|T,22882_T|G,22917_T|G,22992_G|A,22995_C|A,23013_A|C,23018_T|G,23055_A|G,23063_A|T,23075_T|C,23403_A|G,23525_C|T,23599_T|G,23604_C|A,23854_C|A,23948_G|T,24424_A|T,24469_T|A,25000_C|T,25584_C|T,26060_C|T,26270_C|T,26577_C|G,26709_G|A,27807_C|T,28271_A|T,28311_C|T,28881_G|A,28882_G|A,28883_G|C,29510_A|C,11288_11296,21633_21641,21765_21770,28362_28370
Denmark/DCGC-541084/2022	XAZ	241_C|T,670_T|G,1906_T|C,1912_C|T,2232_C|T,2790_C|T,3037_C|T,3317_C|T,3358_T|C,4184_G|A,4321_C|T,9344_C|T,9424_A|G,9534_C|T,10029_C|T,10198_C|T,10447_G|A,10449_C|A,12160_G|A,12880_C|T,14408_C|T,15714_C|T,17410_C|T,18163_A|G,19955_C|T,20055_A|G,21618_C|T,21987_G|A,22200_T|G,22578_G|A,22674_C|T,22679_T|C,22686_C|T,22688_A|G,22775_G|A,22786_A|C,22813_G|T,22882_T|G,22917_T|G,22992_G|A,22995_C|A,23013_A|C,23018_T|G,23055_A|G,23063_A|T,23075_T|C,23403_A|G,23525_C|T,23599_T|G,23604_C|A,23854_C|A,23948_G|T,24424_A|T,24469_T|A,25000_C|T,25584_C|T,25680_C|T,26060_C|T,26270_C|T,26577_C|G,26709_G|A,27807_C|T,28271_A|T,28311_C|T,28881_G|A,28882_G|A,28883_G|C,29510_A|C,11288_11296,21633_21641,21765_21770,28362_28370
Denmark/DCGC-545861/2022	XAZ	241_C|T,670_T|G,1912_C|T,2232_C|T,2445_C|T,2790_C|T,3037_C|T,3317_C|T,3358_T|C,4184_G|A,4321_C|T,6230_C|T,9344_C|T,9424_A|G,9534_C|T,10029_C|T,10198_C|T,10447_G|A,10449_C|A,11908_A|G,12160_G|A,12880_C|T,14408_C|T,15714_C|T,17410_C|T,18163_A|G,19955_C|T,20055_A|G,21618_C|T,21987_G|A,22200_T|G,22578_G|A,22674_C|T,22679_T|C,22686_C|T,22688_A|G,22775_G|A,22786_A|C,22813_G|T,22882_T|G,22917_T|G,22992_G|A,22995_C|A,23013_A|C,23018_T|G,23055_A|G,23063_A|T,23075_T|C,23403_A|G,23525_C|T,23599_T|G,23604_C|A,23854_C|A,23948_G|T,24424_A|T,24469_T|A,25000_C|T,25584_C|T,26060_C|T,26270_C|T,26577_C|G,26709_G|A,27807_C|T,28114_T|G,28271_A|T,28311_C|T,28881_G|A,28882_G|A,28883_G|C,29510_A|C,11288_11296,21633_21641,21765_21770,28362_28370
Denmark/DCGC-546453/2022	XAZ	241_C|T,670_T|G,1906_T|C,1912_C|T,2232_C|T,2790_C|T,3037_C|T,3317_C|T,3358_T|C,4184_G|A,4321_C|T,9344_C|T,9424_A|G,9534_C|T,10029_C|T,10198_C|T,10447_G|A,10449_C|A,12160_G|A,12880_C|T,14408_C|T,15714_C|T,17410_C|T,18163_A|G,19955_C|T,20055_A|G,21618_C|T,21987_G|A,22200_T|G,22578_G|A,22674_C|T,22679_T|C,22686_C|T,22688_A|G,22775_G|A,22786_A|C,22813_G|T,22882_T|G,22917_T|G,22992_G|A,22995_C|A,23013_A|C,23018_T|G,23055_A|G,23063_A|T,23075_T|C,23403_A|G,23525_C|T,23599_T|G,23604_C|A,23854_C|A,23948_G|T,24424_A|T,24469_T|A,25000_C|T,25584_C|T,26060_C|T,26270_C|T,26577_C|G,26709_G|A,27807_C|T,28271_A|T,28311_C|T,28881_G|A,28882_G|A,28883_G|C,29510_A|C,11288_11296,21633_21641,21765_21770,28362_28370
Denmark/DCGC-547407/2022	XAZ	241_C|T,670_T|G,1906_T|C,1912_C|T,2232_C|T,2790_C|T,3037_C|T,3317_C|T,3358_T|C,4184_G|A,4321_C|T,9344_C|T,9424_A|G,9534_C|T,10029_C|T,10198_C|T,10447_G|A,10449_C|A,12160_G|A,12880_C|T,14408_C|T,15714_C|T,17410_C|T,18163_A|G,19955_C|T,20055_A|G,21618_C|T,21987_G|A,22200_T|G,22578_G|A,22674_C|T,22679_T|C,22686_C|T,22688_A|G,22775_G|A,22786_A|C,22813_G|T,22882_T|G,22917_T|G,22992_G|A,22995_C|A,23013_A|C,23018_T|G,23055_A|G,23063_A|T,23075_T|C,23403_A|G,23525_C|T,23599_T|G,23604_C|A,23854_C|A,23948_G|T,24424_A|T,24469_T|A,25000_C|T,25584_C|T,26060_C|T,26270_C|T,26577_C|G,26709_G|A,27807_C|T,28271_A|T,28311_C|T,28881_G|A,28882_G|A,28883_G|C,29510_A|C,11288_11296,21633_21641,21765_21770,28362_28370
Denmark/DCGC-547469/2022	XAZ	241_C|T,670_T|G,1906_T|C,1912_C|T,2232_C|T,2790_C|T,3037_C|T,3317_C|T,3358_T|C,4184_G|A,4321_C|T,9344_C|T,9424_A|G,9534_C|T,10029_C|T,10198_C|T,10447_G|A,10449_C|A,12160_G|A,12880_C|T,14408_C|T,15714_C|T,17410_C|T,18163_A|G,19955_C|T,20055_A|G,21618_C|T,21987_G|A,22200_T|G,22578_G|A,22674_C|T,22679_T|C,22686_C|T,22688_A|G,22775_G|A,22786_A|C,22813_G|T,22882_T|G,22917_T|G,22992_G|A,22995_C|A,23013_A|C,23018_T|G,23055_A|G,23063_A|T,23075_T|C,23403_A|G,23525_C|T,23599_T|G,23604_C|A,23854_C|A,23948_G|T,24424_A|T,24469_T|A,25000_C|T,25584_C|T,26060_C|T,26270_C|T,26577_C|G,26709_G|A,27807_C|T,28271_A|T,28311_C|T,28881_G|A,28882_G|A,28883_G|C,29510_A|C,11288_11296,21633_21641,21765_21770,28362_28370
Denmark/DCGC-547693/2022	XAZ	241_C|T,670_T|G,1906_T|C,1912_C|T,2232_C|T,2790_C|T,3037_C|T,3317_C|T,3358_T|C,4184_G|A,4321_C|T,9344_C|T,9424_A|G,9534_C|T,10029_C|T,10198_C|T,10447_G|A,10449_C|A,12160_G|A,12880_C|T,14408_C|T,15714_C|T,17410_C|T,18163_A|G,19955_C|T,20055_A|G,21618_C|T,21987_G|A,22200_T|G,22578_G|A,22674_C|T,22679_T|C,22686_C|T,22688_A|G,22775_G|A,22786_A|C,22813_G|T,22882_T|G,22917_T|G,22992_G|A,22995_C|A,23013_A|C,23018_T|G,23055_A|G,23063_A|T,23075_T|C,23403_A|G,23525_C|T,23599_T|G,23604_C|A,23854_C|A,23948_G|T,24424_A|T,24469_T|A,25000_C|T,25584_C|T,26060_C|T,26270_C|T,26577_C|G,26709_G|A,27807_C|T,28271_A|T,28311_C|T,28881_G|A,28882_G|A,28883_G|C,29510_A|C,11288_11296,21633_21641,21765_21770,28362_28370
Denmark/DCGC-550149/2022	XAZ	241_C|T,670_T|G,1912_C|T,2232_C|T,2790_C|T,3037_C|T,3317_C|T,3358_T|C,4184_G|A,4321_C|T,6230_C|T,9344_C|T,9424_A|G,9534_C|T,10029_C|T,10198_C|T,10447_G|A,10449_C|A,11908_A|G,12160_G|A,12880_C|T,14408_C|T,15714_C|T,17410_C|T,18163_A|G,19955_C|T,20055_A|G,21618_C|T,21987_G|A,22200_T|G,22578_G|A,22674_C|T,22679_T|C,22686_C|T,22688_A|G,22775_G|A,22786_A|C,22813_G|T,22882_T|G,22917_T|G,22992_G|A,22995_C|A,23013_A|C,23018_T|G,23055_A|G,23063_A|T,23075_T|C,23403_A|G,23525_C|T,23599_T|G,23604_C|A,23854_C|A,23948_G|T,24424_A|T,24469_T|A,25000_C|T,25584_C|T,26060_C|T,26270_C|T,26529_G|A,26577_C|G,26709_G|A,27807_C|T,28114_T|G,28271_A|T,28311_C|T,28881_G|A,28882_G|A,28883_G|C,29510_A|C,11288_11296,21633_21641,21765_21770,28362_28370
Denmark/DCGC-550362/2022	XAZ	241_C|T,670_T|G,1906_T|C,1912_C|T,2232_C|T,2790_C|T,3037_C|T,3317_C|T,3358_T|C,4184_G|A,4321_C|T,9344_C|T,9424_A|G,9534_C|T,10029_C|T,10198_C|T,10447_G|A,10449_C|A,12160_G|A,12880_C|T,14408_C|T,15714_C|T,17410_C|T,18163_A|G,19955_C|T,20055_A|G,21618_C|T,21987_G|A,22200_T|G,22578_G|A,22674_C|T,22679_T|C,22686_C|T,22688_A|G,22775_G|A,22786_A|C,22813_G|T,22882_T|G,22917_T|G,22992_G|A,22995_C|A,23013_A|C,23018_T|G,23055_A|G,23063_A|T,23075_T|C,23403_A|G,23525_C|T,23599_T|G,23604_C|A,23854_C|A,23948_G|T,24424_A|T,24469_T|A,25000_C|T,25584_C|T,26060_C|T,26270_C|T,26577_C|G,26709_G|A,27807_C|T,28271_A|T,28311_C|T,28881_G|A,28882_G|A,28883_G|C,29510_A|C,11288_11296,21633_21641,21765_21770,28362_28370
Denmark/DCGC-550376/2022	XAZ	241_C|T,560_C|T,670_T|G,1906_T|C,1912_C|T,2232_C|T,2790_C|T,3037_C|T,3317_C|T,3358_T|C,4184_G|A,4321_C|T,9344_C|T,9424_A|G,9534_C|T,10029_C|T,10198_C|T,10447_G|A,10449_C|A,12160_G|A,12880_C|T,14408_C|T,15714_C|T,17410_C|T,18163_A|G,18681_C|T,19955_C|T,20055_A|G,21618_C|T,21987_G|A,22200_T|G,22578_G|A,22674_C|T,22679_T|C,22686_C|T,22688_A|G,22775_G|A,22786_A|C,22813_G|T,22882_T|G,22917_T|G,22992_G|A,22995_C|A,23013_A|C,23018_T|G,23055_A|G,23063_A|T,23075_T|C,23403_A|G,23525_C|T,23599_T|G,23604_C|A,23854_C|A,23948_G|T,24424_A|T,24469_T|A,25000_C|T,25584_C|T,26060_C|T,26270_C|T,26577_C|G,26709_G|A,27807_C|T,28271_A|T,28311_C|T,28881_G|A,28882_G|A,28883_G|C,29510_A|C,11288_11296,21633_21641,21765_21770,28362_28370
Denmark/DCGC-550627/2022	XAZ	241_C|T,670_T|G,1906_T|C,1912_C|T,2232_C|T,2790_C|T,3037_C|T,3317_C|T,3358_T|C,4184_G|A,4321_C|T,9344_C|T,9424_A|G,9534_C|T,10029_C|T,10198_C|T,10447_G|A,10449_C|A,12160_G|A,12880_C|T,14408_C|T,15714_C|T,17410_C|T,18163_A|G,19955_C|T,20055_A|G,21618_C|T,21987_G|A,22200_T|G,22578_G|A,22674_C|T,22679_T|C,22686_C|T,22688_A|G,22775_G|A,22786_A|C,22813_G|T,22882_T|G,22917_T|G,22992_G|A,22995_C|A,23013_A|C,23018_T|G,23055_A|G,23063_A|T,23075_T|C,23403_A|G,23525_C|T,23599_T|G,23604_C|A,23854_C|A,23948_G|T,24424_A|T,24469_T|A,25000_C|T,25584_C|T,25613_C|T,25680_C|T,26060_C|T,26270_C|T,26577_C|G,26709_G|A,27807_C|T,28271_A|T,28311_C|T,28881_G|A,28882_G|A,28883_G|C,29510_A|C,11288_11296,21633_21641,21765_21770,28362_28370
Denmark/DCGC-551387/2022	XAZ	241_C|T,670_T|G,1906_T|C,1912_C|T,2232_C|T,2790_C|T,3037_C|T,3317_C|T,3358_T|C,4184_G|A,4321_C|T,9344_C|T,9424_A|G,9534_C|T,10029_C|T,10198_C|T,10447_G|A,10449_C|A,12160_G|A,12880_C|T,14408_C|T,15714_C|T,17410_C|T,18163_A|G,19955_C|T,20055_A|G,21618_C|T,21987_G|A,22200_T|G,22578_G|A,22674_C|T,22679_T|C,22686_C|T,22688_A|G,22775_G|A,22786_A|C,22813_G|T,22882_T|G,22917_T|G,22992_G|A,22995_C|A,23013_A|C,23018_T|G,23055_A|G,23063_A|T,23075_T|C,23403_A|G,23525_C|T,23599_T|G,23604_C|A,23854_C|A,23948_G|T,24424_A|T,24469_T|A,25000_C|T,25584_C|T,25613_C|T,25680_C|T,26060_C|T,26270_C|T,26529_G|A,26577_C|G,26709_G|A,27807_C|T,28271_A|T,28311_C|T,28881_G|A,28882_G|A,28883_G|C,29510_A|C,11288_11296,21633_21641,21765_21770,28362_28370
Denmark/DCGC-553495/2022	XAZ	241_C|T,670_T|G,1906_T|C,1912_C|T,2232_C|T,2790_C|T,3037_C|T,3317_C|T,3358_T|C,4184_G|A,4321_C|T,9344_C|T,9424_A|G,9534_C|T,10029_C|T,10198_C|T,10447_G|A,10449_C|A,12160_G|A,12880_C|T,14408_C|T,15714_C|T,17410_C|T,18163_A|G,18681_C|T,19955_C|T,20055_A|G,21618_C|T,21987_G|A,22200_T|G,22578_G|A,22674_C|T,22679_T|C,22686_C|T,22688_A|G,22775_G|A,22786_A|C,22813_G|T,22882_T|G,22917_T|G,22992_G|A,22995_C|A,23013_A|C,23018_T|G,23055_A|G,23063_A|T,23075_T|C,23403_A|G,23525_C|T,23599_T|G,23604_C|A,23854_C|A,23948_G|T,24424_A|T,24469_T|A,25000_C|T,25584_C|T,26060_C|T,26270_C|T,26529_G|A,26577_C|G,26709_G|A,27807_C|T,28271_A|T,28311_C|T,28881_G|A,28882_G|A,28883_G|C,29510_A|C,509_523,11288_11296,21633_21641,21765_21770,28362_28370
Denmark/DCGC-555018/2022	XAZ	241_C|T,670_T|G,1912_C|T,2232_C|T,2790_C|T,3037_C|T,3317_C|T,3358_T|C,4184_G|A,4321_C|T,9344_C|T,9424_A|G,9534_C|T,10029_C|T,10198_C|T,10447_G|A,10449_C|A,12160_G|A,12880_C|T,14408_C|T,15714_C|T,15720_C|T,17410_C|T,18163_A|G,19955_C|T,20055_A|G,21618_C|T,21987_G|A,22200_T|G,22578_G|A,22674_C|T,22679_T|C,22686_C|T,22688_A|G,22775_G|A,22786_A|C,22813_G|T,22882_T|G,22917_T|G,22992_G|A,22995_C|A,23013_A|C,23018_T|G,23055_A|G,23063_A|T,23075_T|C,23403_A|G,23525_C|T,23599_T|G,23604_C|A,23854_C|A,23948_G|T,24424_A|T,24469_T|A,25000_C|T,25584_C|T,26060_C|T,26270_C|T,26529_G|A,26577_C|G,26709_G|A,27807_C|T,28271_A|T,28311_C|T,28881_G|A,28882_G|A,28883_G|C,29364_C|G,29510_A|C,521_523,11288_11296,21633_21641,21765_21770,28362_28370
Denmark/DCGC-555486/2022	XAZ	241_C|T,670_T|G,1912_C|T,2232_C|T,2790_C|T,3037_C|T,3317_C|T,3358_T|C,4184_G|A,4321_C|T,9344_C|T,9424_A|G,9534_C|T,10029_C|T,10198_C|T,10447_G|A,10449_C|A,11399_A|G,12160_G|A,12789_C|T,12880_C|T,14408_C|T,15714_C|T,17410_C|T,18163_A|G,19955_C|T,20055_A|G,21618_C|T,21987_G|A,22200_T|G,22578_G|A,22674_C|T,22679_T|C,22686_C|T,22688_A|G,22775_G|A,22786_A|C,22813_G|T,22882_T|G,22917_T|G,22992_G|A,22995_C|A,23013_A|C,23018_T|G,23055_A|G,23063_A|T,23075_T|C,23403_A|G,23525_C|T,23599_T|G,23604_C|A,23854_C|A,23948_G|T,24424_A|T,24469_T|A,25000_C|T,25584_C|T,26060_C|T,26270_C|T,26709_G|A,27807_C|T,28271_A|T,28311_C|T,28881_G|A,28882_G|A,28883_G|C,29510_A|C,11288_11296,21633_21641,21765_21770,28362_28370
Denmark/DCGC-556296/2022	XAZ	162_C|T,241_C|T,670_T|G,1435_A|C,1912_C|T,2232_C|T,2790_C|T,3037_C|T,3317_C|T,3358_T|C,4184_G|A,4321_C|T,9344_C|T,9424_A|G,9534_C|T,10029_C|T,10198_C|T,10447_G|A,10449_C|A,12160_G|A,12741_C|T,12880_C|T,14408_C|T,15714_C|T,17410_C|T,18163_A|G,19955_C|T,20055_A|G,21618_C|T,21987_G|A,22200_T|G,22578_G|A,22674_C|T,22679_T|C,22686_C|T,22688_A|G,22775_G|A,22786_A|C,22813_G|T,22882_T|G,22917_T|G,22992_G|A,22995_C|A,23013_A|C,23018_T|G,23055_A|G,23063_A|T,23075_T|C,23403_A|G,23525_C|T,23599_T|G,23604_C|A,23854_C|A,23948_G|T,24424_A|T,24469_T|A,25000_C|T,25584_C|T,26060_C|T,26270_C|T,26577_C|G,26709_G|A,27807_C|T,28271_A|T,28311_C|T,28881_G|A,28882_G|A,28883_G|C,29510_A|C,3546_3548,11288_11296,21633_21641,21765_21770,28362_28370
Denmark/DCGC-556901/2022	XAZ	241_C|T,670_T|G,1906_T|C,1912_C|T,2232_C|T,2790_C|T,3037_C|T,3317_C|T,3358_T|C,4184_G|A,4321_C|T,9344_C|T,9424_A|G,9534_C|T,10029_C|T,10198_C|T,10447_G|A,10449_C|A,12160_G|A,12880_C|T,14408_C|T,15714_C|T,17410_C|T,18163_A|G,19955_C|T,20055_A|G,21618_C|T,21987_G|A,22200_T|G,22578_G|A,22674_C|T,22679_T|C,22686_C|T,22688_A|G,22775_G|A,22786_A|C,22813_G|T,22882_T|G,22917_T|G,22992_G|A,22995_C|A,23013_A|C,23018_T|G,23055_A|G,23063_A|T,23075_T|C,23403_A|G,23525_C|T,23599_T|G,23604_C|A,23854_C|A,23948_G|T,24424_A|T,24469_T|A,25000_C|T,25584_C|T,26060_C|T,26270_C|T,26709_G|A,27807_C|T,28271_A|T,28311_C|T,28881_G|A,28882_G|A,28883_G|C,29510_A|C,11288_11296,21633_21641,21765_21770,28362_28370
Denmark/DCGC-557943/2022	XAZ	241_C|T,670_T|G,1912_C|T,2232_C|T,2790_C|T,3037_C|T,3317_C|T,3358_T|C,4184_G|A,4321_C|T,4752_C|T,5728_T|C,9344_C|T,9424_A|G,9534_C|T,10029_C|T,10198_C|T,10447_G|A,10449_C|A,12160_G|A,12514_G|T,12789_C|T,12880_C|T,14408_C|T,15714_C|T,17410_C|T,18163_A|G,19955_C|T,20055_A|G,21618_C|T,21987_G|A,22200_T|G,22578_G|A,22674_C|T,22679_T|C,22686_C|T,22688_A|G,22775_G|A,22786_A|C,22813_G|T,22882_T|G,22917_T|G,22992_G|A,22995_C|A,23013_A|C,23018_T|G,23055_A|G,23063_A|T,23075_T|C,23403_A|G,23525_C|T,23599_T|G,23604_C|A,23854_C|A,23948_G|T,24424_A|T,24469_T|A,25000_C|T,25584_C|T,26060_C|T,26270_C|T,26709_G|A,27807_C|T,28271_A|T,28287_G|A,28311_C|T,28881_G|A,28882_G|A,28883_G|C,29510_A|C,29640_C|T,11288_11296,21633_21641,21765_21770,28362_28370
Denmark/DCGC-558828/2022	XAZ	241_C|T,635_C|T,670_T|G,1906_T|C,1912_C|T,2232_C|T,2790_C|T,3037_C|T,3317_C|T,3358_T|C,4184_G|A,4321_C|T,9344_C|T,9424_A|G,9534_C|T,10029_C|T,10198_C|T,10447_G|A,10449_C|A,12160_G|A,12880_C|T,14408_C|T,15714_C|T,17410_C|T,18163_A|G,18681_C|T,19955_C|T,20055_A|G,21618_C|T,21987_G|A,22200_T|G,22578_G|A,22674_C|T,22679_T|C,22686_C|T,22688_A|G,22775_G|A,22786_A|C,22813_G|T,22882_T|G,22917_T|G,22992_G|A,22995_C|A,23013_A|C,23018_T|G,23055_A|G,23063_A|T,23075_T|C,23403_A|G,23525_C|T,23599_T|G,23604_C|A,23854_C|A,23948_G|T,24424_A|T,24469_T|A,25000_C|T,25584_C|T,26060_C|T,26270_C|T,26577_C|G,26709_G|A,27807_C|T,27916_G|A,28254_A|C,28271_A|T,28311_C|T,28881_G|A,28882_G|A,28883_G|C,29510_A|C,11288_11296,21633_21641,21765_21770,28362_28370,28250_.|CTG
Denmark/DCGC-560105/2022	XAZ	241_C|T,670_T|G,1906_T|C,1912_C|T,2232_C|T,2790_C|T,3037_C|T,3317_C|T,3358_T|C,4184_G|A,4321_C|T,6543_C|T,9344_C|T,9424_A|G,9534_C|T,10029_C|T,10198_C|T,10447_G|A,10449_C|A,12160_G|A,12513_C|T,12880_C|T,14408_C|T,15714_C|T,16347_A|G,16926_T|C,17410_C|T,18163_A|G,19955_C|T,20055_A|G,21618_C|T,21987_G|A,22200_T|G,22578_G|A,22674_C|T,22679_T|C,22686_C|T,22688_A|G,22775_G|A,22786_A|C,22813_G|T,22882_T|G,22917_T|G,22992_G|A,22995_C|A,23013_A|C,23018_T|G,23055_A|G,23063_A|T,23075_T|C,23403_A|G,23525_C|T,23599_T|G,23604_C|A,23854_C|A,23948_G|T,24424_A|T,24469_T|A,25000_C|T,25584_C|T,26060_C|T,26270_C|T,26529_G|A,26577_C|G,26709_G|A,27807_C|T,28271_A|T,28311_C|T,28881_G|A,28882_G|A,28883_G|C,29510_A|C,11288_11296,21633_21641,21765_21770,28362_28370
Denmark/DCGC-560435/2022	XAZ	241_C|T,670_T|G,1912_C|T,2232_C|T,2790_C|T,2842_C|T,3037_C|T,3317_C|T,3358_T|C,4184_G|A,4321_C|T,4752_C|T,5728_T|C,9344_C|T,9424_A|G,9534_C|T,10029_C|T,10198_C|T,10447_G|A,10449_C|A,12160_G|A,12514_G|T,12789_C|T,12880_C|T,14408_C|T,15714_C|T,17410_C|T,18163_A|G,19955_C|T,20055_A|G,21618_C|T,21987_G|A,22200_T|G,22578_G|A,22674_C|T,22679_T|C,22686_C|T,22688_A|G,22775_G|A,22786_A|C,22813_G|T,22882_T|G,22917_T|G,22992_G|A,22995_C|A,23013_A|C,23018_T|G,23055_A|G,23063_A|T,23075_T|C,23403_A|G,23525_C|T,23599_T|G,23604_C|A,23854_C|A,23948_G|T,24424_A|T,24469_T|A,25000_C|T,25584_C|T,26060_C|T,26270_C|T,26577_C|G,26709_G|A,27807_C|T,28271_A|T,28287_G|A,28311_C|T,28881_G|A,28882_G|A,28883_G|C,29510_A|C,29640_C|T,11288_11296,21633_21641,21765_21770,28362_28370
Denmark/DCGC-562611/2022	XAZ	241_C|T,670_T|G,1912_C|T,2232_C|T,2445_C|T,2790_C|T,3037_C|T,3317_C|T,3358_T|C,4184_G|A,4321_C|T,6230_C|T,9344_C|T,9424_A|G,9534_C|T,10029_C|T,10198_C|T,10447_G|A,10449_C|A,11908_A|G,12160_G|A,12880_C|T,14408_C|T,15714_C|T,17410_C|T,18163_A|G,19955_C|T,20055_A|G,21618_C|T,21987_G|A,22200_T|G,22578_G|A,22674_C|T,22679_T|C,22686_C|T,22688_A|G,22775_G|A,22786_A|C,22813_G|T,22882_T|G,22917_T|G,22992_G|A,22995_C|A,23013_A|C,23018_T|G,23055_A|G,23063_A|T,23075_T|C,23403_A|G,23525_C|T,23599_T|G,23604_C|A,23854_C|A,23948_G|T,24424_A|T,24469_T|A,25000_C|T,25584_C|T,26060_C|T,26270_C|T,26529_G|A,26577_C|G,26709_G|A,27807_C|T,28114_T|G,28271_A|T,28311_C|T,28881_G|A,28882_G|A,28883_G|C,29510_A|C,11288_11296,21633_21641,21765_21770,28362_28370
Denmark/DCGC-562955/2022	XAZ	241_C|T,670_T|G,1912_C|T,2232_C|T,2445_C|T,2790_C|T,3037_C|T,3317_C|T,3358_T|C,4184_G|A,4321_C|T,6230_C|T,9344_C|T,9424_A|G,9534_C|T,10029_C|T,10198_C|T,10447_G|A,10449_C|A,11908_A|G,12160_G|A,12880_C|T,14408_C|T,15714_C|T,17410_C|T,18163_A|G,19955_C|T,20055_A|G,21618_C|T,21987_G|A,22200_T|G,22578_G|A,22674_C|T,22679_T|C,22686_C|T,22688_A|G,22775_G|A,22786_A|C,22813_G|T,22882_T|G,22917_T|G,22992_G|A,22995_C|A,23013_A|C,23018_T|G,23055_A|G,23063_A|T,23075_T|C,23403_A|G,23525_C|T,23599_T|G,23604_C|A,23854_C|A,23948_G|T,24424_A|T,24469_T|A,25000_C|T,25584_C|T,26060_C|T,26270_C|T,26577_C|G,26709_G|A,27807_C|T,28114_T|G,28271_A|T,28311_C|T,28881_G|A,28882_G|A,28883_G|C,29510_A|C,11288_11296,21633_21641,21765_21770,28362_28370
Denmark/DCGC-563359/2022	XAZ	241_C|T,670_T|G,1912_C|T,2232_C|T,2790_C|T,3037_C|T,3317_C|T,3358_T|C,4184_G|A,4321_C|T,4752_C|T,5728_T|C,9344_C|T,9424_A|G,9534_C|T,10029_C|T,10198_C|T,10447_G|A,10449_C|A,12160_G|A,12514_G|T,12789_C|T,12880_C|T,14408_C|T,15714_C|T,17410_C|T,18163_A|G,19955_C|T,20055_A|G,21618_C|T,21987_G|A,22200_T|G,22578_G|A,22674_C|T,22679_T|C,22686_C|T,22688_A|G,22775_G|A,22786_A|C,22813_G|T,22882_T|G,22917_T|G,22992_G|A,22995_C|A,23013_A|C,23018_T|G,23055_A|G,23063_A|T,23075_T|C,23403_A|G,23525_C|T,23599_T|G,23604_C|A,23854_C|A,23948_G|T,24424_A|T,24469_T|A,25000_C|T,25584_C|T,26060_C|T,26270_C|T,26577_C|G,26709_G|A,27807_C|T,28271_A|T,28287_G|A,28311_C|T,28881_G|A,28882_G|A,28883_G|C,29510_A|C,29640_C|T,11288_11296,21633_21641,21765_21770,28362_28370
Denmark/DCGC-564938/2022	XAZ	162_C|T,241_C|T,670_T|G,1435_A|C,1912_C|T,2232_C|T,2790_C|T,3037_C|T,3317_C|T,3358_T|C,4184_G|A,4321_C|T,9344_C|T,9424_A|G,9534_C|T,10029_C|T,10198_C|T,10447_G|A,10449_C|A,12160_G|A,12880_C|T,14408_C|T,15714_C|T,17410_C|T,18163_A|G,19955_C|T,20055_A|G,21618_C|T,21987_G|A,22200_T|G,22578_G|A,22674_C|T,22679_T|C,22686_C|T,22688_A|G,22775_G|A,22786_A|C,22813_G|T,22882_T|G,22917_T|G,22992_G|A,22995_C|A,23013_A|C,23018_T|G,23055_A|G,23063_A|T,23075_T|C,23403_A|G,23525_C|T,23599_T|G,23604_C|A,23854_C|A,23948_G|T,24424_A|T,24469_T|A,25000_C|T,25584_C|T,26060_C|T,26270_C|T,26577_C|G,26709_G|A,27807_C|T,28271_A|T,28311_C|T,28881_G|A,28882_G|A,28883_G|C,29510_A|C,11288_11296,21633_21641,21765_21770,28362_28370
Denmark/DCGC-565449/2022	XAZ	162_C|T,241_C|T,670_T|G,1435_A|C,1912_C|T,2232_C|T,2790_C|T,3037_C|T,3317_C|T,3358_T|C,4184_G|A,4321_C|T,5305_G|A,9344_C|T,9534_C|T,10029_C|T,10198_C|T,10447_G|A,10449_C|A,12160_G|A,12880_C|T,14408_C|T,15714_C|T,17410_C|T,18163_A|G,19955_C|T,20055_A|G,21987_G|A,22200_T|G,22578_G|A,22674_C|T,22679_T|C,22686_C|T,22688_A|G,22775_G|A,22786_A|C,22813_G|T,22882_T|G,22917_T|G,22992_G|A,22995_C|A,23013_A|C,23018_T|G,23055_A|G,23063_A|T,23075_T|C,23403_A|G,23525_C|T,23599_T|G,23604_C|A,23854_C|A,23948_G|T,24424_A|T,24469_T|A,25000_C|T,25584_C|T,26060_C|T,26270_C|T,26529_G|A,26577_C|G,26709_G|A,27807_C|T,28271_A|T,28311_C|T,28881_G|A,28882_G|A,28883_G|C,29510_A|C,11288_11296,21633_21641,21765_21770,28362_28370
Denmark/DCGC-566794/2022	XAZ	162_C|T,241_C|T,670_T|G,1435_A|C,1912_C|T,2232_C|T,2790_C|T,3037_C|T,3317_C|T,3358_T|C,4184_G|A,4321_C|T,9344_C|T,9424_A|G,9534_C|T,10029_C|T,10198_C|T,10447_G|A,10449_C|A,12160_G|A,12880_C|T,14408_C|T,15714_C|T,17410_C|T,18163_A|G,19955_C|T,20055_A|G,21618_C|T,21987_G|A,22200_T|G,22578_G|A,22674_C|T,22679_T|C,22686_C|T,22688_A|G,22775_G|A,22786_A|C,22813_G|T,22882_T|G,22917_T|G,22992_G|A,22995_C|A,23013_A|C,23018_T|G,23055_A|G,23063_A|T,23075_T|C,23403_A|G,23525_C|T,23599_T|G,23604_C|A,23854_C|A,23948_G|T,24424_A|T,24469_T|A,25000_C|T,25584_C|T,26060_C|T,26270_C|T,26577_C|G,26709_G|A,27807_C|T,28271_A|T,28311_C|T,28881_G|A,28882_G|A,28883_G|C,29510_A|C,11288_11296,21633_21641,21765_21770,28362_28370
Denmark/DCGC-567588/2022	XAZ	241_C|T,625_G|T,670_T|G,1912_C|T,2232_C|T,2790_C|T,3037_C|T,3114_G|A,3317_C|T,3358_T|C,4184_G|A,4321_C|T,5678_G|A,7564_C|T,9344_C|T,9424_A|G,9534_C|T,10029_C|T,10198_C|T,10447_G|A,10449_C|A,10714_C|T,12160_G|A,12880_C|T,14408_C|T,15714_C|T,17410_C|T,18163_A|G,19955_C|T,20055_A|G,21618_C|T,21807_C|T,21987_G|A,22200_T|G,22578_G|A,22674_C|T,22679_T|C,22686_C|T,22688_A|G,22775_G|A,22786_A|C,22813_G|T,22882_T|G,22917_T|G,22992_G|A,22995_C|A,23013_A|C,23018_T|G,23055_A|G,23063_A|T,23075_T|C,23403_A|G,23525_C|T,23599_T|G,23604_C|A,23854_C|A,23948_G|T,24424_A|T,24469_T|A,25000_C|T,25584_C|T,26060_C|T,26270_C|T,26529_G|A,26577_C|G,26709_G|A,27807_C|T,28271_A|T,28311_C|T,28881_G|A,28882_G|A,28883_G|C,29405_G|C,29510_A|C,11288_11296,21633_21641,21765_21770,28362_28370
Denmark/DCGC-567594/2022	XAZ	241_C|T,625_G|T,670_T|G,1912_C|T,2232_C|T,2790_C|T,3037_C|T,3114_G|A,3317_C|T,3358_T|C,4184_G|A,4321_C|T,5678_G|A,7564_C|T,9344_C|T,9424_A|G,9534_C|T,10029_C|T,10198_C|T,10447_G|A,10449_C|A,10714_C|T,12160_G|A,12880_C|T,14408_C|T,15714_C|T,17410_C|T,18163_A|G,19955_C|T,20055_A|G,21618_C|T,21807_C|T,21987_G|A,22200_T|G,22578_G|A,22674_C|T,22679_T|C,22686_C|T,22688_A|G,22775_G|A,22786_A|C,22813_G|T,22882_T|G,22917_T|G,22992_G|A,22995_C|A,23013_A|C,23018_T|G,23055_A|G,23063_A|T,23075_T|C,23403_A|G,23525_C|T,23599_T|G,23604_C|A,23854_C|A,23948_G|T,24424_A|T,24469_T|A,25000_C|T,25584_C|T,26060_C|T,26270_C|T,26577_C|G,26709_G|A,27807_C|T,28271_A|T,28311_C|T,28881_G|A,28882_G|A,28883_G|C,29405_G|C,29510_A|C,11288_11296,21633_21641,21765_21770,28362_28370
Denmark/DCGC-568813/2022	XAZ	162_C|T,241_C|T,670_T|G,1435_A|C,1912_C|T,2232_C|T,2790_C|T,3037_C|T,3317_C|T,3358_T|C,4184_G|A,4321_C|T,9344_C|T,9424_A|G,9534_C|T,10029_C|T,10198_C|T,10447_G|A,10449_C|A,12160_G|A,12880_C|T,14408_C|T,15714_C|T,17410_C|T,18163_A|G,19955_C|T,20055_A|G,21618_C|T,21987_G|A,22200_T|G,22578_G|A,22674_C|T,22679_T|C,22686_C|T,22688_A|G,22775_G|A,22786_A|C,22813_G|T,22882_T|G,22917_T|G,22992_G|A,22995_C|A,23013_A|C,23018_T|G,23055_A|G,23063_A|T,23075_T|C,23403_A|G,23525_C|T,23599_T|G,23604_C|A,23854_C|A,23948_G|T,24424_A|T,24469_T|A,25000_C|T,25584_C|T,26060_C|T,26270_C|T,26577_C|G,26709_G|A,27807_C|T,28271_A|T,28311_C|T,28881_G|A,28882_G|A,28883_G|C,29510_A|C,11288_11296,21633_21641,21765_21770,28362_28370
Denmark/DCGC-569168/2022	XAZ	162_C|T,241_C|T,670_T|G,1435_A|C,1912_C|T,2232_C|T,2790_C|T,3037_C|T,3317_C|T,3358_T|C,4184_G|A,4321_C|T,9344_C|T,9424_A|G,9534_C|T,10029_C|T,10198_C|T,10447_G|A,10449_C|A,12160_G|A,12880_C|T,14408_C|T,15714_C|T,17410_C|T,18163_A|G,19955_C|T,20055_A|G,21618_C|T,21987_G|A,22200_T|G,22578_G|A,22674_C|T,22679_T|C,22686_C|T,22688_A|G,22775_G|A,22786_A|C,22813_G|T,22882_T|G,22917_T|G,22992_G|A,22995_C|A,23013_A|C,23018_T|G,23055_A|G,23063_A|T,23075_T|C,23403_A|G,23525_C|T,23599_T|G,23604_C|A,23854_C|A,23948_G|T,24424_A|T,24469_T|A,25584_C|T,26060_C|T,26270_C|T,26577_C|G,26709_G|A,27807_C|T,28271_A|T,28311_C|T,28881_G|A,28882_G|A,28883_G|C,29510_A|C,11288_11296,21633_21641,21765_21770,28362_28370
Denmark/DCGC-569565/2022	XAZ	162_C|T,241_C|T,670_T|G,1435_A|C,1912_C|T,2232_C|T,2790_C|T,3037_C|T,3317_C|T,3358_T|C,4184_G|A,4321_C|T,9344_C|T,9424_A|G,9534_C|T,10029_C|T,10198_C|T,10447_G|A,10449_C|A,12160_G|A,12880_C|T,14408_C|T,15714_C|T,17410_C|T,18163_A|G,19955_C|T,20055_A|G,21618_C|T,21987_G|A,22200_T|G,22578_G|A,22674_C|T,22679_T|C,22686_C|T,22688_A|G,22775_G|A,22786_A|C,22813_G|T,22882_T|G,22917_T|G,22992_G|A,22995_C|A,23013_A|C,23018_T|G,23055_A|G,23063_A|T,23075_T|C,23403_A|G,23525_C|T,23599_T|G,23604_C|A,23854_C|A,23948_G|T,24424_A|T,24469_T|A,25000_C|T,25584_C|T,26060_C|T,26270_C|T,26577_C|G,26709_G|A,27807_C|T,28271_A|T,28311_C|T,28881_G|A,28882_G|A,28883_G|C,29510_A|C,11288_11296,21633_21641,21765_21770,28362_28370
Denmark/DCGC-569621/2022	XAZ	162_C|T,241_C|T,670_T|G,1435_A|C,1912_C|T,2232_C|T,2790_C|T,3037_C|T,3317_C|T,3358_T|C,4184_G|A,4321_C|T,9344_C|T,9424_A|G,9534_C|T,10029_C|T,10198_C|T,10447_G|A,10449_C|A,12160_G|A,12880_C|T,14408_C|T,15714_C|T,17410_C|T,18163_A|G,19955_C|T,20055_A|G,21618_C|T,21987_G|A,22200_T|G,22578_G|A,22674_C|T,22679_T|C,22686_C|T,22688_A|G,22775_G|A,22786_A|C,22813_G|T,22882_T|G,22917_T|G,22992_G|A,22995_C|A,23013_A|C,23018_T|G,23055_A|G,23063_A|T,23075_T|C,23403_A|G,23525_C|T,23599_T|G,23604_C|A,23854_C|A,23948_G|T,24424_A|T,24469_T|A,25000_C|T,25584_C|T,26060_C|T,26270_C|T,26709_G|A,27807_C|T,28271_A|T,28311_C|T,28881_G|A,28882_G|A,28883_G|C,29510_A|C,11288_11296,21633_21641,21765_21770,28362_28370
Denmark/DCGC-569758/2022	XAZ	162_C|T,241_C|T,670_T|G,1435_A|C,1912_C|T,2232_C|T,2790_C|T,3037_C|T,3317_C|T,3358_T|C,4184_G|A,4321_C|T,9344_C|T,9424_A|G,9534_C|T,10029_C|T,10198_C|T,10447_G|A,10449_C|A,12160_G|A,12880_C|T,14408_C|T,15714_C|T,17410_C|T,18163_A|G,19955_C|T,20055_A|G,21618_C|T,21987_G|A,22200_T|G,22578_G|A,22674_C|T,22679_T|C,22686_C|T,22688_A|G,22775_G|A,22786_A|C,22813_G|T,22882_T|G,22917_T|G,22992_G|A,22995_C|A,23013_A|C,23018_T|G,23055_A|G,23063_A|T,23075_T|C,23403_A|G,23525_C|T,23599_T|G,23604_C|A,23854_C|A,23948_G|T,24424_A|T,24469_T|A,25000_C|T,25584_C|T,26060_C|T,26270_C|T,26709_G|A,27807_C|T,28271_A|T,28311_C|T,28881_G|A,28882_G|A,28883_G|C,29510_A|C,11288_11296,21633_21641,21765_21770,28362_28370
Denmark/DCGC-571239/2022	XAZ	162_C|T,241_C|T,670_T|G,1435_A|C,1912_C|T,2232_C|T,2790_C|T,3037_C|T,3317_C|T,3358_T|C,4184_G|A,4321_C|T,9344_C|T,9424_A|G,9534_C|T,10029_C|T,10198_C|T,10447_G|A,10449_C|A,12160_G|A,12880_C|T,14408_C|T,15714_C|T,17410_C|T,18163_A|G,19955_C|T,20055_A|G,21618_C|T,21987_G|A,22200_T|G,22578_G|A,22674_C|T,22679_T|C,22686_C|T,22688_A|G,22775_G|A,22786_A|C,22813_G|T,22882_T|G,22917_T|G,22992_G|A,22995_C|A,23013_A|C,23018_T|G,23055_A|G,23063_A|T,23075_T|C,23403_A|G,23525_C|T,23599_T|G,23604_C|A,23854_C|A,23948_G|T,24424_A|T,24469_T|A,25000_C|T,25584_C|T,26060_C|T,26270_C|T,26577_C|G,26709_G|A,27807_C|T,28271_A|T,28311_C|T,28881_G|A,28882_G|A,28883_G|C,29510_A|C,11288_11296,21633_21641,21765_21770,28362_28370
Denmark/DCGC-571784/2022	XAZ	162_C|T,241_C|T,670_T|G,1435_A|C,1912_C|T,2232_C|T,2790_C|T,3037_C|T,3317_C|T,3358_T|C,4184_G|A,4321_C|T,9344_C|T,9424_A|G,9534_C|T,10029_C|T,10198_C|T,10447_G|A,10449_C|A,12160_G|A,12880_C|T,14408_C|T,15714_C|T,17410_C|T,18163_A|G,19955_C|T,20055_A|G,21618_C|T,21987_G|A,22200_T|G,22578_G|A,22674_C|T,22679_T|C,22686_C|T,22688_A|G,22775_G|A,22786_A|C,22813_G|T,22882_T|G,22917_T|G,22992_G|A,22995_C|A,23013_A|C,23018_T|G,23055_A|G,23063_A|T,23075_T|C,23403_A|G,23525_C|T,23599_T|G,23604_C|A,23854_C|A,23948_G|T,24424_A|T,24469_T|A,25000_C|T,25584_C|T,26060_C|T,26270_C|T,26577_C|G,26709_G|A,27807_C|T,28271_A|T,28311_C|T,28881_G|A,28882_G|A,28883_G|C,29510_A|C,11288_11296,21633_21641,21765_21770,28362_28370
Denmark/DCGC-574196/2022	XAZ	162_C|T,241_C|T,670_T|G,1435_A|C,1912_C|T,2232_C|T,2790_C|T,3037_C|T,3317_C|T,3358_T|C,4184_G|A,4321_C|T,9344_C|T,9424_A|G,9534_C|T,10029_C|T,10198_C|T,10447_G|A,10449_C|A,12160_G|A,12880_C|T,14408_C|T,15714_C|T,17410_C|T,18163_A|G,19955_C|T,20055_A|G,21618_C|T,21987_G|A,22200_T|G,22578_G|A,22674_C|T,22679_T|C,22686_C|T,22688_A|G,22775_G|A,22786_A|C,22813_G|T,22882_T|G,22917_T|G,22992_G|A,22995_C|A,23013_A|C,23018_T|G,23055_A|G,23063_A|T,23075_T|C,23403_A|G,23525_C|T,23599_T|G,23604_C|A,23854_C|A,23948_G|T,24424_A|T,24469_T|A,25000_C|T,25584_C|T,26060_C|T,26270_C|T,26340_C|T,26577_C|G,26709_G|A,27807_C|T,28271_A|T,28311_C|T,28881_G|A,28882_G|A,28883_G|C,29510_A|C,11288_11296,21633_21641,21765_21770,28362_28370
Denmark/DCGC-574303/2022	XAZ	162_C|T,241_C|T,670_T|G,1435_A|C,1912_C|T,2232_C|T,2790_C|T,3037_C|T,3317_C|T,3358_T|C,4184_G|A,4321_C|T,9344_C|T,9424_A|G,9534_C|T,10029_C|T,10198_C|T,10447_G|A,10449_C|A,12160_G|A,12880_C|T,14408_C|T,15714_C|T,17410_C|T,18163_A|G,19955_C|T,20055_A|G,21618_C|T,21987_G|A,22200_T|G,22578_G|A,22674_C|T,22679_T|C,22686_C|T,22688_A|G,22775_G|A,22786_A|C,22813_G|T,22882_T|G,22917_T|G,22992_G|A,22995_C|A,23013_A|C,23018_T|G,23055_A|G,23063_A|T,23075_T|C,23403_A|G,23525_C|T,23599_T|G,23604_C|A,23854_C|A,23948_G|T,24424_A|T,24469_T|A,25000_C|T,25584_C|T,26060_C|T,26270_C|T,26529_G|A,26577_C|G,26709_G|A,27389_C|T,27807_C|T,28271_A|T,28311_C|T,28881_G|A,28882_G|A,28883_G|C,29510_A|C,11288_11296,21633_21641,21765_21770,28362_28370
Denmark/DCGC-578702/2022	XAZ	162_C|T,670_T|G,1435_A|C,1912_C|T,2232_C|T,2790_C|T,3037_C|T,3317_C|T,3358_T|C,4184_G|A,4321_C|T,9344_C|T,9424_A|G,9534_C|T,10029_C|T,10198_C|T,10447_G|A,10449_C|A,12160_G|A,12880_C|T,14408_C|T,15714_C|T,17410_C|T,18163_A|G,19955_C|T,20055_A|G,21618_C|T,21987_G|A,22200_T|G,22578_G|A,22674_C|T,22679_T|C,22686_C|T,22688_A|G,22775_G|A,22786_A|C,22813_G|T,22882_T|G,22917_T|G,22992_G|A,22995_C|A,23013_A|C,23018_T|G,23055_A|G,23063_A|T,23075_T|C,23403_A|G,23525_C|T,23599_T|G,23604_C|A,23854_C|A,23948_G|T,24424_A|T,24469_T|A,25000_C|T,25584_C|T,26060_C|T,26270_C|T,26529_G|A,26709_G|A,27807_C|T,28271_A|T,28311_C|T,28881_G|A,28882_G|A,28883_G|C,29510_A|C,11288_11296,21633_21641,21765_21770,28362_28370
Denmark/DCGC-580415/2022	XAZ	162_C|T,241_C|T,670_T|G,1435_A|C,1912_C|T,2232_C|T,2790_C|T,3037_C|T,3317_C|T,3358_T|C,4184_G|A,4321_C|T,9344_C|T,9424_A|G,9534_C|T,10029_C|T,10198_C|T,10447_G|A,10449_C|A,12160_G|A,12880_C|T,14408_C|T,15714_C|T,17410_C|T,17610_T|C,18163_A|G,19955_C|T,20055_A|G,21618_C|T,21987_G|A,22200_T|G,22578_G|A,22674_C|T,22679_T|C,22686_C|T,22688_A|G,22775_G|A,22786_A|C,22813_G|T,22882_T|G,22917_T|G,22992_G|A,22995_C|A,23013_A|C,23018_T|G,23055_A|G,23063_A|T,23075_T|C,23403_A|G,23525_C|T,23599_T|G,23604_C|A,23854_C|A,23948_G|T,24424_A|T,24469_T|A,25000_C|T,25584_C|T,26060_C|T,26270_C|T,26340_C|T,26529_G|A,26577_C|G,26709_G|A,27807_C|T,28271_A|T,28311_C|T,28881_G|A,28882_G|A,28883_G|C,29347_C|T,29510_A|C,11288_11296,21633_21641,21765_21770,28362_28370
Denmark/DCGC-580514/2022	XAZ	162_C|T,241_C|T,670_T|G,1912_C|T,2232_C|T,2790_C|T,3037_C|T,3317_C|T,3358_T|C,4184_G|A,4321_C|T,9344_C|T,9424_A|G,9534_C|T,10029_C|T,10198_C|T,10447_G|A,10449_C|A,12160_G|A,12880_C|T,14408_C|T,15243_G|T,15714_C|T,15960_C|T,17410_C|T,18163_A|G,19955_C|T,20055_A|G,21987_G|A,22200_T|G,22578_G|A,22674_C|T,22679_T|C,22686_C|T,22688_A|G,22775_G|A,22786_A|C,22813_G|T,22882_T|G,22917_T|G,22992_G|A,22995_C|A,23013_A|C,23018_T|G,23055_A|G,23063_A|T,23075_T|C,23403_A|G,23525_C|T,23599_T|G,23604_C|A,23854_C|A,23948_G|T,24424_A|T,24469_T|A,25000_C|T,25584_C|T,26060_C|T,26270_C|T,26529_G|A,26577_C|G,26709_G|A,27807_C|T,28271_A|T,28311_C|T,28881_G|A,28882_G|A,28883_G|C,29510_A|C,509_523,11288_11296,21633_21641,21765_21770,28362_28370
Denmark/DCGC-581022/2022	XAZ	129_A|G,241_C|T,670_T|G,1912_C|T,2232_C|T,2790_C|T,3037_C|T,3317_C|T,3358_T|C,4184_G|A,4321_C|T,9344_C|T,9424_A|G,9534_C|T,10029_C|T,10198_C|T,10447_G|A,10449_C|A,12025_C|T,12160_G|A,12880_C|T,14408_C|T,15714_C|T,17410_C|T,18163_A|G,19955_C|T,20055_A|G,21618_C|T,21987_G|A,22200_T|G,22578_G|A,22674_C|T,22679_T|C,22686_C|T,22688_A|G,22775_G|A,22786_A|C,22813_G|T,22882_T|G,22917_T|G,22992_G|A,22995_C|A,23013_A|C,23018_T|G,23055_A|G,23063_A|T,23075_T|C,23403_A|G,23525_C|T,23599_T|G,23604_C|A,23854_C|A,23948_G|T,24424_A|T,24469_T|A,25000_C|T,25584_C|T,26060_C|T,26270_C|T,26577_C|G,26709_G|A,27807_C|T,28087_C|T,28271_A|T,28311_C|T,28881_G|A,28882_G|A,28883_G|C,29510_A|C,11288_11296,21633_21641,21765_21770,28362_28370
Denmark/DCGC-582061/2022	XAZ	162_C|T,241_C|T,670_T|G,1912_C|T,2232_C|T,2790_C|T,3037_C|T,3317_C|T,3358_T|C,4184_G|A,4321_C|T,9344_C|T,9424_A|G,9534_C|T,10029_C|T,10198_C|T,10447_G|A,10449_C|A,12160_G|A,12880_C|T,14408_C|T,15714_C|T,15960_C|T,17410_C|T,17550_C|T,18163_A|G,19955_C|T,20055_A|G,21618_C|T,21987_G|A,22200_T|G,22578_G|A,22674_C|T,22679_T|C,22686_C|T,22688_A|G,22775_G|A,22786_A|C,22813_G|T,22882_T|G,22917_T|G,22992_G|A,22995_C|A,23013_A|C,23018_T|G,23055_A|G,23063_A|T,23075_T|C,23403_A|G,23525_C|T,23599_T|G,23604_C|A,23854_C|A,23948_G|T,24424_A|T,24469_T|A,24814_T|C,25000_C|T,25584_C|T,26060_C|T,26270_C|T,26529_G|A,26577_C|G,26709_G|A,27807_C|T,28271_A|T,28311_C|T,28603_C|T,28881_G|A,28882_G|A,28883_G|C,29510_A|C,11288_11296,21633_21641,21765_21770,28362_28370
Denmark/DCGC-582829/2022	XAZ	162_C|T,241_C|T,670_T|G,1912_C|T,2232_C|T,2790_C|T,3037_C|T,3317_C|T,3358_T|C,4184_G|A,4321_C|T,9344_C|T,9424_A|G,9534_C|T,9693_C|T,10029_C|T,10198_C|T,10447_G|A,10449_C|A,12160_G|A,12880_C|T,14408_C|T,15714_C|T,17410_C|T,18163_A|G,19955_C|T,20055_A|G,21618_C|T,21987_G|A,22200_T|G,22578_G|A,22674_C|T,22679_T|C,22686_C|T,22688_A|G,22775_G|A,22786_A|C,22813_G|T,22882_T|G,22917_T|G,22992_G|A,22995_C|A,23013_A|C,23018_T|G,23055_A|G,23063_A|T,23075_T|C,23403_A|G,23525_C|T,23599_T|G,23604_C|A,23854_C|A,23948_G|T,24424_A|T,24469_T|A,25000_C|T,25584_C|T,26060_C|T,26270_C|T,26577_C|G,26709_G|A,27807_C|T,28271_A|T,28311_C|T,28881_G|A,28882_G|A,28883_G|C,29510_A|C,518_520,11288_11296,21633_21641,21765_21770,28362_28370
Denmark/DCGC-583846/2022	XAZ	241_C|T,670_T|G,1912_C|T,2232_C|T,2790_C|T,3037_C|T,3317_C|T,3358_T|C,4184_G|A,4321_C|T,9344_C|T,9424_A|G,9534_C|T,10029_C|T,10198_C|T,10447_G|A,10449_C|A,12025_C|T,12160_G|A,12880_C|T,14408_C|T,15714_C|T,17410_C|T,18163_A|G,19955_C|T,20055_A|G,21618_C|T,21987_G|A,22200_T|G,22578_G|A,22674_C|T,22679_T|C,22686_C|T,22688_A|G,22775_G|A,22786_A|C,22813_G|T,22882_T|G,22917_T|G,22992_G|A,22995_C|A,23013_A|C,23018_T|G,23055_A|G,23063_A|T,23075_T|C,23403_A|G,23525_C|T,23599_T|G,23604_C|A,23854_C|A,23948_G|T,24424_A|T,24469_T|A,25000_C|T,25584_C|T,25587_C|A,26060_C|T,26270_C|T,26529_G|A,26577_C|G,26709_G|A,27577_C|T,27807_C|T,28271_A|T,28311_C|T,28881_G|A,28882_G|A,28883_G|C,29510_A|C,11288_11296,21633_21641,21765_21770,28362_28370
Denmark/DCGC-584232/2022	XAZ	162_C|T,241_C|T,670_T|G,1912_C|T,2232_C|T,2790_C|T,3037_C|T,3317_C|T,3358_T|C,4184_G|A,4321_C|T,9344_C|T,9424_A|G,9534_C|T,9693_C|T,10029_C|T,10198_C|T,10447_G|A,10449_C|A,12160_G|A,12880_C|T,14408_C|T,15714_C|T,17410_C|T,18163_A|G,19955_C|T,20055_A|G,21618_C|T,21987_G|A,22200_T|G,22578_G|A,22674_C|T,22679_T|C,22686_C|T,22688_A|G,22775_G|A,22786_A|C,22813_G|T,22882_T|G,22917_T|G,22992_G|A,22995_C|A,23013_A|C,23018_T|G,23055_A|G,23063_A|T,23075_T|C,23403_A|G,23525_C|T,23599_T|G,23604_C|A,23854_C|A,23948_G|T,24424_A|T,24469_T|A,25000_C|T,25584_C|T,26060_C|T,26270_C|T,26709_G|A,27807_C|T,28271_A|T,28311_C|T,28881_G|A,28882_G|A,28883_G|C,29510_A|C,518_520,11288_11296,21633_21641,21765_21770,28362_28370
Denmark/DCGC-584949/2022	XAZ	241_C|T,670_T|G,1408_G|A,1912_C|T,2232_C|T,2790_C|T,3037_C|T,3317_C|T,3358_T|C,4184_G|A,4321_C|T,5614_T|C,9344_C|T,9424_A|G,9534_C|T,10029_C|T,10198_C|T,10447_G|A,10449_C|A,12160_G|A,12880_C|T,14408_C|T,14598_T|C,15714_C|T,17410_C|T,18163_A|G,19955_C|T,20055_A|G,21618_C|T,21987_G|A,22200_T|G,22578_G|A,22674_C|T,22679_T|C,22686_C|T,22688_A|G,22775_G|A,22786_A|C,22813_G|T,22882_T|G,22917_T|G,22992_G|A,22995_C|A,23013_A|C,23018_T|G,23055_A|G,23063_A|T,23075_T|C,23403_A|G,23525_C|T,23599_T|G,23604_C|A,23854_C|A,23948_G|T,24424_A|T,24469_T|A,25000_C|T,25584_C|T,26060_C|T,26270_C|T,26577_C|G,26709_G|A,27807_C|T,28121_C|T,28271_A|T,28311_C|T,28881_G|A,28882_G|A,28883_G|C,29510_A|C,11288_11296,21633_21641,21765_21770,28362_28370
Denmark/DCGC-586080/2022	XAZ	162_C|T,241_C|T,670_T|G,1912_C|T,2232_C|T,2485_C|A,2790_C|T,3037_C|T,3317_C|T,3358_T|C,4184_G|A,4321_C|T,8149_T|C,9344_C|T,9424_A|G,9534_C|T,10029_C|T,10198_C|T,10447_G|A,10449_C|A,12160_G|A,12880_C|T,14408_C|T,15714_C|T,17410_C|T,18163_A|G,19955_C|T,20055_A|G,21618_C|T,21770_G|A,21987_G|A,22200_T|G,22578_G|A,22674_C|T,22679_T|C,22686_C|T,22688_A|G,22775_G|A,22786_A|C,22813_G|T,22882_T|G,22917_T|G,22992_G|A,22995_C|A,23013_A|C,23018_T|G,23055_A|G,23063_A|T,23075_T|C,23403_A|G,23525_C|T,23551_C|T,23599_T|G,23604_C|A,23854_C|A,23948_G|T,24424_A|T,24469_T|A,25000_C|T,25584_C|T,26060_C|T,26270_C|T,26529_G|A,26577_C|G,26709_G|A,27038_A|T,27384_T|C,27670_G|T,27807_C|T,28271_A|T,28311_C|T,28881_G|A,28882_G|A,28883_G|C,29447_G|T,29510_A|C,11288_11296,21633_21641,28362_28370
Denmark/DCGC-586180/2022	XAZ	241_C|T,670_T|G,681_A|G,1912_C|T,2232_C|T,2790_C|T,3037_C|T,3317_C|T,3358_T|C,4184_G|A,4321_C|T,6541_C|T,9344_C|T,9424_A|G,9534_C|T,10029_C|T,10198_C|T,10447_G|A,10449_C|A,12160_G|A,12880_C|T,14408_C|T,15714_C|T,17410_C|T,18163_A|G,18981_C|T,19955_C|T,20055_A|G,21618_C|T,21987_G|A,22200_T|G,22578_G|A,22674_C|T,22679_T|C,22686_C|T,22688_A|G,22775_G|A,22786_A|C,22813_G|T,22882_T|G,22917_T|G,22992_G|A,22995_C|A,23013_A|C,23018_T|G,23055_A|G,23063_A|T,23075_T|C,23403_A|G,23525_C|T,23599_T|G,23604_C|A,23854_C|A,23948_G|T,24424_A|T,24469_T|A,25000_C|T,25584_C|T,26060_C|T,26123_T|C,26270_C|T,26529_G|A,26577_C|G,26709_G|A,27807_C|T,28271_A|T,28311_C|T,28881_G|A,28882_G|A,28883_G|C,29510_A|C,11288_11296,21633_21641,21765_21770,28362_28370
Denmark/DCGC-587802/2022	XAZ	129_A|G,241_C|T,670_T|G,1912_C|T,2232_C|T,2790_C|T,3037_C|T,3317_C|T,3358_T|C,4184_G|A,4321_C|T,9344_C|T,9424_A|G,9534_C|T,10029_C|T,10198_C|T,10447_G|A,10449_C|A,12025_C|T,12160_G|A,12880_C|T,14408_C|T,15714_C|T,17410_C|T,18163_A|G,19955_C|T,20055_A|G,21618_C|T,21987_G|A,22200_T|G,22578_G|A,22674_C|T,22679_T|C,22686_C|T,22688_A|G,22775_G|A,22786_A|C,22813_G|T,22882_T|G,22917_T|G,22992_G|A,22995_C|A,23013_A|C,23018_T|G,23055_A|G,23063_A|T,23075_T|C,23403_A|G,23525_C|T,23599_T|G,23604_C|A,23854_C|A,23948_G|T,24424_A|T,24469_T|A,25000_C|T,25584_C|T,26060_C|T,26270_C|T,26529_G|A,26577_C|G,26709_G|A,27807_C|T,28087_C|T,28271_A|T,28311_C|T,28881_G|A,28882_G|A,28883_G|C,29510_A|C,11288_11296,21633_21641,21765_21770,28362_28370
Denmark/DCGC-588169/2022	XAZ	241_C|T,670_T|G,681_A|G,1912_C|T,2232_C|T,2790_C|T,3037_C|T,3317_C|T,3358_T|C,4184_G|A,4321_C|T,6541_C|T,9344_C|T,9424_A|G,9534_C|T,10029_C|T,10198_C|T,10447_G|A,10449_C|A,12160_G|A,12880_C|T,14408_C|T,15714_C|T,17410_C|T,18163_A|G,18981_C|T,19955_C|T,20055_A|G,21618_C|T,21987_G|A,22200_T|G,22578_G|A,22674_C|T,22679_T|C,22686_C|T,22688_A|G,22775_G|A,22786_A|C,22813_G|T,22882_T|G,22917_T|G,22992_G|A,22995_C|A,23013_A|C,23018_T|G,23055_A|G,23063_A|T,23075_T|C,23403_A|G,23525_C|T,23599_T|G,23604_C|A,23854_C|A,23948_G|T,24424_A|T,24469_T|A,25000_C|T,25584_C|T,26060_C|T,26123_T|C,26270_C|T,26529_G|A,26577_C|G,26709_G|A,27807_C|T,28271_A|T,28311_C|T,28881_G|A,28882_G|A,28883_G|C,29510_A|C,11288_11296,21633_21641,21765_21770,28362_28370
Denmark/DCGC-590612/2022	XAZ	241_C|T,670_T|G,681_A|G,1912_C|T,2232_C|T,2790_C|T,3037_C|T,3317_C|T,3358_T|C,4184_G|A,4321_C|T,6541_C|T,9344_C|T,9424_A|G,9534_C|T,10029_C|T,10198_C|T,10447_G|A,10449_C|A,12160_G|A,12880_C|T,14408_C|T,15714_C|T,17410_C|T,18163_A|G,18981_C|T,19955_C|T,20055_A|G,21618_C|T,21987_G|A,22200_T|G,22578_G|A,22674_C|T,22679_T|C,22686_C|T,22688_A|G,22775_G|A,22786_A|C,22813_G|T,22882_T|G,22917_T|G,22992_G|A,22995_C|A,23013_A|C,23018_T|G,23055_A|G,23063_A|T,23075_T|C,23403_A|G,23525_C|T,23599_T|G,23604_C|A,23854_C|A,23948_G|T,24424_A|T,24469_T|A,25000_C|T,25584_C|T,26060_C|T,26123_T|C,26270_C|T,26577_C|G,26709_G|A,27807_C|T,28271_A|T,28311_C|T,28881_G|A,28882_G|A,28883_G|C,29510_A|C,11288_11296,21633_21641,21765_21770,28362_28370
Denmark/DCGC-591067/2022	XAZ	241_C|T,670_T|G,681_A|G,1912_C|T,2232_C|T,2790_C|T,3037_C|T,3317_C|T,3358_T|C,4184_G|A,4321_C|T,9344_C|T,9424_A|G,9534_C|T,10029_C|T,10198_C|T,10447_G|A,10449_C|A,12160_G|A,12880_C|T,14408_C|T,15714_C|T,17410_C|T,18163_A|G,19955_C|T,20055_A|G,21618_C|T,21987_G|A,22200_T|G,22578_G|A,22674_C|T,22679_T|C,22686_C|T,22688_A|G,22775_G|A,22786_A|C,22813_G|T,22882_T|G,22917_T|G,22992_G|A,22995_C|A,23013_A|C,23018_T|G,23055_A|G,23063_A|T,23075_T|C,23403_A|G,23525_C|T,23599_T|G,23604_C|A,23854_C|A,23948_G|T,24424_A|T,24469_T|A,25000_C|T,25584_C|T,26060_C|T,26123_T|C,26270_C|T,26577_C|G,26709_G|A,27807_C|T,28271_A|T,28311_C|T,28881_G|A,28882_G|A,28883_G|C,29510_A|C,11288_11296,21633_21641,21765_21770,28362_28370
Denmark/DCGC-591117/2022	XAZ	241_C|T,670_T|G,1906_T|C,1912_C|T,2232_C|T,2790_C|T,3037_C|T,3317_C|T,3358_T|C,4184_G|A,4321_C|T,8480_C|T,9344_C|T,9424_A|G,9534_C|T,10029_C|T,10198_C|T,10447_G|A,10449_C|A,12160_G|A,12880_C|T,14408_C|T,15714_C|T,17410_C|T,18163_A|G,19955_C|T,20055_A|G,21618_C|T,21987_G|A,22200_T|G,22578_G|A,22674_C|T,22679_T|C,22686_C|T,22688_A|G,22775_G|A,22786_A|C,22813_G|T,22882_T|G,22917_T|G,22992_G|A,22995_C|A,23013_A|C,23018_T|G,23055_A|G,23063_A|T,23075_T|C,23403_A|G,23525_C|T,23599_T|G,23604_C|A,23854_C|A,23948_G|T,24424_A|T,24469_T|A,25000_C|T,25584_C|T,26060_C|T,26270_C|T,26577_C|G,26709_G|A,27807_C|T,28271_A|T,28311_C|T,28881_G|A,28882_G|A,28883_G|C,29510_A|C,11288_11296,21633_21641,21765_21770,28362_28370
Denmark/DCGC-591408/2022	XAZ	129_A|G,241_C|T,670_T|G,1912_C|T,2232_C|T,2790_C|T,3037_C|T,3317_C|T,3358_T|C,4184_G|A,4321_C|T,9344_C|T,9424_A|G,9534_C|T,10029_C|T,10198_C|T,10447_G|A,10449_C|A,12025_C|T,12160_G|A,12880_C|T,14408_C|T,15714_C|T,17410_C|T,18163_A|G,19955_C|T,20055_A|G,21618_C|T,21987_G|A,22200_T|G,22578_G|A,22674_C|T,22679_T|C,22686_C|T,22688_A|G,22729_T|C,22775_G|A,22786_A|C,22813_G|T,22882_T|G,22917_T|G,22992_G|A,22995_C|A,23013_A|C,23018_T|G,23055_A|G,23063_A|T,23075_T|C,23403_A|G,23525_C|T,23599_T|G,23604_C|A,23854_C|A,23948_G|T,24424_A|T,24469_T|A,25000_C|T,25584_C|T,26060_C|T,26270_C|T,26577_C|G,26709_G|A,27807_C|T,28087_C|T,28271_A|T,28311_C|T,28881_G|A,28882_G|A,28883_G|C,29510_A|C,11288_11296,21633_21641,21765_21770,28362_28370
Denmark/DCGC-591460/2022	XAZ	129_A|G,241_C|T,670_T|G,1912_C|T,2232_C|T,2790_C|T,3037_C|T,3317_C|T,3358_T|C,4184_G|A,4321_C|T,9344_C|T,9424_A|G,9534_C|T,10029_C|T,10198_C|T,10447_G|A,10449_C|A,12025_C|T,12160_G|A,12880_C|T,14408_C|T,15714_C|T,17410_C|T,18163_A|G,19955_C|T,20055_A|G,21618_C|T,21987_G|A,22200_T|G,22578_G|A,22674_C|T,22679_T|C,22686_C|T,22688_A|G,22775_G|A,22786_A|C,22813_G|T,22882_T|G,22917_T|G,22992_G|A,22995_C|A,23013_A|C,23018_T|G,23055_A|G,23063_A|T,23075_T|C,23403_A|G,23525_C|T,23599_T|G,23604_C|A,23854_C|A,23948_G|T,24424_A|T,24469_T|A,25000_C|T,25584_C|T,26060_C|T,26270_C|T,26529_G|A,26577_C|G,26709_G|A,27807_C|T,28087_C|T,28271_A|T,28311_C|T,28881_G|A,28882_G|A,28883_G|C,29510_A|C,11288_11296,21633_21641,21765_21770,28362_28370
Denmark/DCGC-596844/2022	XAZ	129_A|G,241_C|T,670_T|G,1912_C|T,2232_C|T,2790_C|T,3037_C|T,3317_C|T,3358_T|C,4184_G|A,4321_C|T,9344_C|T,9424_A|G,9534_C|T,10029_C|T,10198_C|T,10447_G|A,10449_C|A,12025_C|T,12160_G|A,12880_C|T,14408_C|T,15714_C|T,17410_C|T,18163_A|G,19955_C|T,20055_A|G,21618_C|T,21987_G|A,22200_T|G,22578_G|A,22674_C|T,22679_T|C,22686_C|T,22688_A|G,22775_G|A,22786_A|C,22813_G|T,22882_T|G,22917_T|G,22992_G|A,22995_C|A,23013_A|C,23018_T|G,23055_A|G,23063_A|T,23075_T|C,23403_A|G,23525_C|T,23599_T|G,23604_C|A,23854_C|A,23948_G|T,24424_A|T,24469_T|A,25000_C|T,25584_C|T,26060_C|T,26270_C|T,26577_C|G,26709_G|A,27807_C|T,28087_C|T,28271_A|T,28311_C|T,28881_G|A,28882_G|A,28883_G|C,29510_A|C,11288_11296,21633_21641,21765_21770,28362_28370
Denmark/DCGC-598348/2022	XAZ	129_A|G,241_C|T,670_T|G,1912_C|T,2232_C|T,2790_C|T,3037_C|T,3317_C|T,3358_T|C,4184_G|A,4321_C|T,9344_C|T,9424_A|G,9534_C|T,10029_C|T,10198_C|T,10447_G|A,10449_C|A,12025_C|T,12160_G|A,12880_C|T,14408_C|T,15714_C|T,17410_C|T,18163_A|G,19955_C|T,20055_A|G,21618_C|T,21987_G|A,22200_T|G,22578_G|A,22674_C|T,22679_T|C,22686_C|T,22688_A|G,22775_G|A,22786_A|C,22813_G|T,22882_T|G,22917_T|G,22992_G|A,22995_C|A,23013_A|C,23018_T|G,23055_A|G,23063_A|T,23075_T|C,23403_A|G,23525_C|T,23599_T|G,23604_C|A,23854_C|A,23948_G|T,24424_A|T,24469_T|A,25000_C|T,25584_C|T,26060_C|T,26270_C|T,26577_C|G,26709_G|A,27807_C|T,28087_C|T,28271_A|T,28311_C|T,28881_G|A,28882_G|A,28883_G|C,29510_A|C,11288_11296,21633_21641,21765_21770,28362_28370
Denmark/DCGC-598552/2022	XAZ	241_C|T,670_T|G,1906_T|C,1912_C|T,2232_C|T,2790_C|T,3037_C|T,3317_C|T,3358_T|C,4184_G|A,4321_C|T,9344_C|T,9424_A|G,9534_C|T,10029_C|T,10198_C|T,10447_G|A,10449_C|A,12160_G|A,12880_C|T,14408_C|T,15714_C|T,17410_C|T,18163_A|G,19955_C|T,20055_A|G,21987_G|A,22200_T|G,22578_G|A,22674_C|T,22679_T|C,22686_C|T,22688_A|G,22775_G|A,22786_A|C,22813_G|T,22882_T|G,22917_T|G,22992_G|A,22995_C|A,23013_A|C,23018_T|G,23055_A|G,23063_A|T,23075_T|C,23403_A|G,23431_T|C,23525_C|T,23599_T|G,23604_C|A,23854_C|A,23948_G|T,24424_A|T,24469_T|A,25000_C|T,25584_C|T,26060_C|T,26270_C|T,26529_G|A,26577_C|G,26709_G|A,27807_C|T,28064_A|G,28271_A|T,28311_C|T,28881_G|A,28882_G|A,28883_G|C,29510_A|C,11288_11296,21633_21641,21765_21770,28362_28370
Denmark/DCGC-600462/2022	XAZ	241_C|T,670_T|G,681_A|G,1912_C|T,2232_C|T,2790_C|T,3037_C|T,3317_C|T,3358_T|C,4184_G|A,4321_C|T,6541_C|T,9344_C|T,9424_A|G,9534_C|T,10029_C|T,10198_C|T,10447_G|A,10449_C|A,12160_G|A,12880_C|T,14408_C|T,15714_C|T,17410_C|T,18163_A|G,18981_C|T,19955_C|T,20055_A|G,21618_C|T,21987_G|A,22200_T|G,22578_G|A,22674_C|T,22679_T|C,22686_C|T,22688_A|G,22775_G|A,22786_A|C,22813_G|T,22882_T|G,22917_T|G,22992_G|A,22995_C|A,23013_A|C,23018_T|G,23055_A|G,23063_A|T,23075_T|C,23403_A|G,23525_C|T,23599_T|G,23604_C|A,23854_C|A,23948_G|T,24424_A|T,24469_T|A,25000_C|T,25584_C|T,26060_C|T,26123_T|C,26270_C|T,26577_C|G,26709_G|A,27807_C|T,28271_A|T,28311_C|T,28881_G|A,28882_G|A,28883_G|C,29510_A|C,11288_11296,21633_21641,21765_21770,28362_28370
Denmark/DCGC-654123/2022	XAZ	241_C|T,670_T|G,1906_T|C,1912_C|T,2232_C|T,2790_C|T,3037_C|T,3317_C|T,3358_T|C,4184_G|A,4321_C|T,9344_C|T,9424_A|G,9534_C|T,10029_C|T,10198_C|T,10447_G|A,10449_C|A,12160_G|A,12880_C|T,14408_C|T,15714_C|T,17410_C|T,18163_A|G,19955_C|T,20055_A|G,20749_G|A,21618_C|T,21987_G|A,22200_T|G,22578_G|A,22674_C|T,22679_T|C,22686_C|T,22688_A|G,22775_G|A,22786_A|C,22813_G|T,22882_T|G,22917_T|G,22992_G|A,22995_C|A,23013_A|C,23018_T|G,23055_A|G,23063_A|T,23075_T|C,23080_A|G,23403_A|G,23525_C|T,23599_T|G,23604_C|A,23854_C|A,23948_G|T,24424_A|T,24469_T|A,25000_C|T,25584_C|T,26060_C|T,26270_C|T,26529_G|A,26577_C|G,26709_G|A,27807_C|T,28271_A|T,28311_C|T,28881_G|A,28882_G|A,28883_G|C,29510_A|C,11288_11296,21633_21641,21765_21770,28362_28370
Denmark/DCGC-654444/2022	XAZ	241_C|T,670_T|G,1906_T|C,1912_C|T,2232_C|T,2790_C|T,3037_C|T,3317_C|T,3358_T|C,4184_G|A,4321_C|T,9344_C|T,9424_A|G,9534_C|T,10029_C|T,10198_C|T,10447_G|A,10449_C|A,12160_G|A,12880_C|T,14408_C|T,15714_C|T,17410_C|T,18163_A|G,18681_C|T,19955_C|T,20055_A|G,21618_C|T,21987_G|A,22200_T|G,22578_G|A,22674_C|T,22679_T|C,22686_C|T,22688_A|G,22775_G|A,22786_A|C,22813_G|T,22882_T|G,22917_T|G,22992_G|A,22995_C|A,23013_A|C,23018_T|G,23055_A|G,23063_A|T,23075_T|C,23403_A|G,23525_C|T,23599_T|G,23604_C|A,23854_C|A,23948_G|T,24424_A|T,24469_T|A,25000_C|T,25584_C|T,26060_C|T,26270_C|T,26529_G|A,26577_C|G,26709_G|A,27807_C|T,28271_A|T,28311_C|T,28881_G|A,28882_G|A,28883_G|C,29510_A|C,519_524,11288_11296,21633_21641,21765_21770,28362_28370,29734_29759
Denmark/DCGC-672304/2022	XAZ	241_C|T,670_T|G,745_C|T,1912_C|T,2232_C|T,2790_C|T,3037_C|T,3317_C|T,3358_T|C,4184_G|A,4321_C|T,9344_C|T,9424_A|G,9534_C|T,10029_C|T,10198_C|T,10447_G|A,10449_C|A,12160_G|A,12880_C|T,14408_C|T,15714_C|T,17130_C|T,17410_C|T,18163_A|G,19955_C|T,20055_A|G,21618_C|T,21987_G|A,22200_T|G,22578_G|A,22674_C|T,22679_T|C,22686_C|T,22688_A|G,22775_G|A,22786_A|C,22813_G|T,22882_T|G,22917_T|G,22992_G|A,22995_C|A,23013_A|C,23018_T|G,23055_A|G,23063_A|T,23075_T|C,23403_A|G,23525_C|T,23599_T|G,23604_C|A,23854_C|A,23948_G|T,24424_A|T,24469_T|A,25000_C|T,25584_C|T,26060_C|T,26270_C|T,26529_G|A,26577_C|G,26709_G|A,27807_C|T,28271_A|T,28311_C|T,28881_G|A,28882_G|A,28883_G|C,29510_A|C,11288_11296,21633_21641,21765_21770,28362_28370
Denmark/DCGC-681840/2022	XAZ	241_C|T,670_T|G,1906_T|C,1912_C|T,2232_C|T,2790_C|T,3037_C|T,3317_C|T,3358_T|C,4184_G|A,4321_C|T,9344_C|T,9424_A|G,9534_C|T,10029_C|T,10198_C|T,10447_G|A,10449_C|A,12160_G|A,12880_C|T,14408_C|T,15714_C|T,17410_C|T,18163_A|G,19955_C|T,20055_A|G,21618_C|T,21987_G|A,22200_T|G,22578_G|A,22674_C|T,22679_T|C,22686_C|T,22688_A|G,22775_G|A,22786_A|C,22813_G|T,22882_T|G,22917_T|G,22992_G|A,22995_C|A,23013_A|C,23018_T|G,23055_A|G,23063_A|T,23075_T|C,23403_A|G,23525_C|T,23599_T|G,23604_C|A,23854_C|A,23948_G|T,24424_A|T,24469_T|A,25000_C|T,25584_C|T,26060_C|T,26270_C|T,26529_G|A,26577_C|G,26709_G|A,27807_C|T,28271_A|T,28311_C|T,28881_G|A,28882_G|A,28883_G|C,29510_A|C,11288_11296,21633_21641,21765_21770,28362_28370
Denmark/DCGC-683279/2022	XAZ	129_A|G,241_C|T,670_T|G,1912_C|T,2232_C|T,2790_C|T,3037_C|T,3317_C|T,3358_T|C,4184_G|A,4321_C|T,9344_C|T,9424_A|G,9534_C|T,10029_C|T,10198_C|T,10447_G|A,10449_C|A,12025_C|T,12160_G|A,12880_C|T,14408_C|T,15714_C|T,17410_C|T,18163_A|G,19955_C|T,20055_A|G,21618_C|T,21987_G|A,22200_T|G,22578_G|A,22674_C|T,22679_T|C,22686_C|T,22688_A|G,22775_G|A,22786_A|C,22813_G|T,22882_T|G,22917_T|G,22992_G|A,22995_C|A,23013_A|C,23018_T|G,23055_A|G,23063_A|T,23075_T|C,23403_A|G,23525_C|T,23599_T|G,23604_C|A,23854_C|A,23948_G|T,24424_A|T,24469_T|A,25000_C|T,25584_C|T,26060_C|T,26270_C|T,26529_G|A,26577_C|G,26709_G|A,27807_C|T,28087_C|T,28271_A|T,28311_C|T,28881_G|A,28882_G|A,28883_G|C,29510_A|C,11288_11296,21633_21641,21765_21770,28362_28370
England/LSPA-3E626E5/2022	XAZ	162_C|T,241_C|T,670_T|G,1912_C|T,2232_C|T,2790_C|T,3037_C|T,3317_C|T,3358_T|C,4184_G|A,4321_C|T,9344_C|T,9424_A|G,9534_C|T,10029_C|T,10198_C|T,10447_G|A,10449_C|A,12160_G|A,12880_C|T,14408_C|T,15714_C|T,17410_C|T,18163_A|G,19955_C|T,20569_G|A,21618_C|T,21987_G|A,22200_T|G,22578_G|A,22674_C|T,22679_T|C,22686_C|T,22688_A|G,22775_G|A,22786_A|C,22813_G|T,22882_T|G,22917_T|G,22992_G|A,22995_C|A,23013_A|C,23018_T|G,23055_A|G,23063_A|T,23075_T|C,23403_A|G,23525_C|T,23599_T|G,23604_C|A,23854_C|A,23948_G|T,24424_A|T,24469_T|A,25000_C|T,25584_C|T,26060_C|T,26270_C|T,26408_C|T,26529_G|A,26577_C|G,26709_G|A,27807_C|T,28271_A|T,28311_C|T,28881_G|A,28882_G|A,28883_G|C,29510_A|C,11288_11296,21633_21641,21765_21770,28362_28370,29734_29759
England/LSPA-3E62E83/2022	XAZ	162_C|T,241_C|T,670_T|G,1912_C|T,2232_C|T,2790_C|T,3037_C|T,3317_C|T,3358_T|C,4184_G|A,4321_C|T,9344_C|T,9424_A|G,9534_C|T,10029_C|T,10198_C|T,10447_G|A,10449_C|A,12160_G|A,12880_C|T,14408_C|T,15714_C|T,17410_C|T,17736_T|C,18163_A|G,19955_C|T,20055_A|G,20569_G|A,21618_C|T,21987_G|A,22200_T|G,22578_G|A,22674_C|T,22679_T|C,22686_C|T,22688_A|G,22775_G|A,22786_A|C,22813_G|T,22882_T|G,22917_T|G,22992_G|A,22995_C|A,23013_A|C,23018_T|G,23055_A|G,23063_A|T,23075_T|C,23403_A|G,23525_C|T,23599_T|G,23604_C|A,23854_C|A,23948_G|T,24424_A|T,24469_T|A,25000_C|T,25584_C|T,26060_C|T,26270_C|T,26408_C|T,26529_G|A,26577_C|G,26709_G|A,27807_C|T,28271_A|T,28311_C|T,28881_G|A,28882_G|A,28883_G|C,29510_A|C,11288_11296,21633_21641,21765_21770,28362_28370,29734_29759
England/LSPA-3E791EA/2022	XAZ	241_C|T,670_T|G,1912_C|T,2232_C|T,2790_C|T,3037_C|T,3317_C|T,3358_T|C,4184_G|A,4321_C|T,6230_C|T,9344_C|T,9424_A|G,9534_C|T,10029_C|T,10198_C|T,10447_G|A,10449_C|A,11199_C|T,12160_G|A,12880_C|T,14408_C|T,15714_C|T,17410_C|T,18163_A|G,19955_C|T,20055_A|G,21575_C|T,21618_C|T,21987_G|A,22200_T|G,22578_G|A,22674_C|T,22679_T|C,22686_C|T,22688_A|G,22775_G|A,22786_A|C,22813_G|T,22882_T|G,22917_T|G,22992_G|A,22995_C|A,23013_A|C,23018_T|G,23055_A|G,23063_A|T,23075_T|C,23403_A|G,23525_C|T,23599_T|G,23604_C|A,23854_C|A,23948_G|T,24424_A|T,24469_T|A,25000_C|T,25584_C|T,26060_C|T,26270_C|T,26529_G|A,26577_C|G,26709_G|A,27807_C|T,28114_T|G,28271_A|T,28311_C|T,28881_G|A,28882_G|A,28883_G|C,29510_A|C,11288_11296,21633_21641,21765_21770,25432_25440,28362_28370,29734_29759
England/LSPA-3EB216D/2022	XAZ	241_C|T,670_T|G,1912_C|T,2232_C|T,2790_C|T,3037_C|T,3317_C|T,3358_T|C,4184_G|A,4321_C|T,8618_G|A,9344_C|T,9424_A|G,9534_C|T,10029_C|T,10198_C|T,10447_G|A,10449_C|A,12160_G|A,12880_C|T,14408_C|T,15714_C|T,17410_C|T,18163_A|G,19955_C|T,20055_A|G,21618_C|T,21987_G|A,22200_T|G,22578_G|A,22674_C|T,22679_T|C,22686_C|T,22688_A|G,22775_G|A,22786_A|C,22813_G|T,22851_C|T,22882_T|G,22917_T|G,22992_G|A,22995_C|A,23013_A|C,23018_T|G,23055_A|G,23063_A|T,23075_T|C,23403_A|G,23525_C|T,23599_T|G,23604_C|A,23854_C|A,23948_G|T,24424_A|T,24469_T|A,25000_C|T,25584_C|T,26060_C|T,26270_C|T,26529_G|A,26577_C|G,26709_G|A,27807_C|T,28271_A|T,28311_C|T,28881_G|A,28882_G|A,28883_G|C,29510_A|C,11288_11296,21633_21641,21765_21770,28362_28370,29734_29759
England/LSPA-3EB9351/2022	XAZ	162_C|T,241_C|T,670_T|G,1912_C|T,2232_C|T,2790_C|T,3037_C|T,3317_C|T,3358_T|C,4184_G|A,4321_C|T,9344_C|T,9424_A|G,9534_C|T,10029_C|T,10198_C|T,10447_G|A,10449_C|A,12160_G|A,12880_C|T,14408_C|T,15714_C|T,17410_C|T,18163_A|G,19955_C|T,20055_A|G,20569_G|A,21618_C|T,21987_G|A,22200_T|G,22578_G|A,22674_C|T,22679_T|C,22686_C|T,22688_A|G,22775_G|A,22786_A|C,22813_G|T,22882_T|G,22917_T|G,22992_G|A,22995_C|A,23013_A|C,23018_T|G,23055_A|G,23063_A|T,23075_T|C,23403_A|G,23525_C|T,23599_T|G,23604_C|A,23854_C|A,23948_G|T,24424_A|T,24469_T|A,25000_C|T,25584_C|T,26060_C|T,26270_C|T,26529_G|A,26577_C|G,26709_G|A,27807_C|T,28271_A|T,28311_C|T,28881_G|A,28882_G|A,28883_G|C,29510_A|C,11288_11296,21633_21641,21765_21770,28362_28370,29734_29759
England/LSPA-3EBD5EE/2022	XAZ	241_C|T,670_T|G,1906_T|C,1912_C|T,2232_C|T,2790_C|T,3037_C|T,3317_C|T,3358_T|C,4184_G|A,4321_C|T,9344_C|T,9424_A|G,9534_C|T,10029_C|T,10198_C|T,10447_G|A,10449_C|A,12160_G|A,12880_C|T,14408_C|T,15714_C|T,17410_C|T,18163_A|G,19955_C|T,20055_A|G,21618_C|T,21987_G|A,22200_T|G,22578_G|A,22674_C|T,22679_T|C,22686_C|T,22688_A|G,22775_G|A,22786_A|C,22813_G|T,22882_T|G,22917_T|G,22992_G|A,22995_C|A,23013_A|C,23018_T|G,23055_A|G,23063_A|T,23075_T|C,23403_A|G,23525_C|T,23599_T|G,23604_C|A,23854_C|A,23948_G|T,24424_A|T,24469_T|A,25000_C|T,25584_C|T,26060_C|T,26270_C|T,26529_G|A,26577_C|G,26709_G|A,27807_C|T,28271_A|T,28311_C|T,28881_G|A,28882_G|A,28883_G|C,29510_A|C,11288_11296,21633_21641,21765_21770,28362_28370,29734_29759
England/LSPA-3EC2461/2022	XAZ	241_C|T,670_T|G,1912_C|T,2232_C|T,2790_C|T,3037_C|T,3317_C|T,3358_T|C,4184_G|A,4321_C|T,6226_T|C,9344_C|T,9424_A|G,9534_C|T,10029_C|T,10198_C|T,10447_G|A,10449_C|A,12160_G|A,12880_C|T,14408_C|T,15714_C|T,17410_C|T,18163_A|G,19955_C|T,20055_A|G,21523_G|A,21618_C|T,21987_G|A,22200_T|G,22578_G|A,22674_C|T,22679_T|C,22686_C|T,22688_A|G,22775_G|A,22786_A|C,22813_G|T,22882_T|G,22917_T|G,22992_G|A,22995_C|A,23013_A|C,23018_T|G,23055_A|G,23063_A|T,23075_T|C,23403_A|G,23525_C|T,23599_T|G,23604_C|A,23854_C|A,23948_G|T,24424_A|T,24469_T|A,25000_C|T,25584_C|T,26060_C|T,26270_C|T,26529_G|A,26577_C|G,26709_G|A,27321_A|G,27807_C|T,28271_A|T,28311_C|T,28881_G|A,28882_G|A,28883_G|C,29510_A|C,506_517,11288_11296,21633_21641,21765_21770,28362_28370,29734_29759
England/LSPA-3EC58AE/2022	XAZ	162_C|T,241_C|T,670_T|G,1912_C|T,2232_C|T,2790_C|T,3037_C|T,3317_C|T,3358_T|C,4184_G|A,4321_C|T,9344_C|T,9424_A|G,9534_C|T,10029_C|T,10198_C|T,10447_G|A,10449_C|A,12160_G|A,12880_C|T,14408_C|T,15714_C|T,17410_C|T,18163_A|G,19955_C|T,20055_A|G,20569_G|A,21618_C|T,21987_G|A,22200_T|G,22578_G|A,22674_C|T,22679_T|C,22686_C|T,22688_A|G,22775_G|A,22786_A|C,22813_G|T,22882_T|G,22917_T|G,22992_G|A,22995_C|A,23013_A|C,23018_T|G,23055_A|G,23063_A|T,23075_T|C,23403_A|G,23525_C|T,23599_T|G,23604_C|A,23854_C|A,23948_G|T,24424_A|T,24469_T|A,25000_C|T,25584_C|T,26060_C|T,26270_C|T,26408_C|T,26529_G|A,26577_C|G,26709_G|A,27807_C|T,28271_A|T,28311_C|T,28881_G|A,28882_G|A,28883_G|C,29510_A|C,11288_11296,21633_21641,21765_21770,28362_28370,29734_29759
England/LSPA-3F0ACCE/2022	XAZ	241_C|T,670_T|G,1906_T|C,1912_C|T,2232_C|T,2790_C|T,3037_C|T,3317_C|T,3358_T|C,4184_G|A,4321_C|T,9344_C|T,9424_A|G,9534_C|T,10029_C|T,10198_C|T,10447_G|A,10449_C|A,12160_G|A,12880_C|T,14408_C|T,15714_C|T,17410_C|T,18163_A|G,18462_G|T,19955_C|T,20055_A|G,21618_C|T,21987_G|A,22200_T|G,22578_G|A,22674_C|T,22679_T|C,22686_C|T,22688_A|G,22775_G|A,22786_A|C,22813_G|T,22882_T|G,22917_T|G,22992_G|A,22995_C|A,23013_A|C,23018_T|G,23055_A|G,23063_A|T,23075_T|C,23403_A|G,23525_C|T,23599_T|G,23604_C|A,23854_C|A,23948_G|T,24424_A|T,24469_T|A,25000_C|T,25584_C|T,26060_C|T,26270_C|T,26529_G|A,26577_C|G,26709_G|A,27536_C|T,27807_C|T,28271_A|T,28311_C|T,28881_G|A,28882_G|A,28883_G|C,29510_A|C,11288_11296,21633_21641,21765_21770,28362_28370,29734_29759
England/LSPA-3F168BC/2022	XAZ	162_C|T,241_C|T,670_T|G,920_C|T,1912_C|T,2232_C|T,2790_C|T,3037_C|T,3317_C|T,3358_T|C,4184_G|A,4321_C|T,8771_A|C,9344_C|T,9424_A|G,9534_C|T,10029_C|T,10198_C|T,10447_G|A,10449_C|A,12160_G|A,12880_C|T,14408_C|T,15309_T|C,15714_C|T,17410_C|T,18163_A|G,19955_C|T,20055_A|G,21618_C|T,21987_G|A,22200_T|G,22578_G|A,22674_C|T,22679_T|C,22686_C|T,22688_A|G,22775_G|A,22786_A|C,22813_G|T,22882_T|G,22917_T|G,22992_G|A,22995_C|A,23013_A|C,23018_T|G,23055_A|G,23063_A|T,23075_T|C,23403_A|G,23525_C|T,23599_T|G,23604_C|A,23608_G|T,23854_C|A,23948_G|T,24424_A|T,24469_T|A,25000_C|T,25584_C|T,26060_C|T,26270_C|T,26529_G|A,26577_C|G,26709_G|A,27807_C|T,28271_A|T,28311_C|T,28881_G|A,28882_G|A,28883_G|C,29330_C|T,29510_A|C,11288_11296,21633_21641,21765_21770,28362_28370,29734_29759
England/LSPA-3F34D5F/2022	XAZ	162_C|T,241_C|T,670_T|G,1912_C|T,2232_C|T,2790_C|T,3037_C|T,3317_C|T,3358_T|C,4184_G|A,4321_C|T,9344_C|T,9424_A|G,9534_C|T,10029_C|T,10198_C|T,10447_G|A,10449_C|A,12160_G|A,12880_C|T,14408_C|T,15714_C|T,17410_C|T,18163_A|G,19955_C|T,20055_A|G,20569_G|A,21618_C|T,21987_G|A,22200_T|G,22578_G|A,22674_C|T,22679_T|C,22686_C|T,22688_A|G,22775_G|A,22786_A|C,22813_G|T,22882_T|G,22917_T|G,22992_G|A,22995_C|A,23013_A|C,23018_T|G,23055_A|G,23063_A|T,23075_T|C,23403_A|G,23525_C|T,23599_T|G,23604_C|A,23854_C|A,23948_G|T,24424_A|T,24469_T|A,25000_C|T,25584_C|T,26060_C|T,26270_C|T,26408_C|T,26529_G|A,26577_C|G,26709_G|A,27807_C|T,28271_A|T,28311_C|T,28881_G|A,28882_G|A,28883_G|C,29510_A|C,11288_11296,21633_21641,21765_21770,28362_28370,29734_29759
England/LSPA-3F427E7/2022	XAZ	241_C|T,670_T|G,1906_T|C,1912_C|T,2232_C|T,2790_C|T,3037_C|T,3317_C|T,3358_T|C,4184_G|A,4321_C|T,9344_C|T,9424_A|G,9534_C|T,10029_C|T,10198_C|T,10447_G|A,10449_C|A,12160_G|A,12880_C|T,14408_C|T,15714_C|T,17410_C|T,18163_A|G,18462_G|T,19955_C|T,20055_A|G,21618_C|T,21987_G|A,22200_T|G,22578_G|A,22674_C|T,22679_T|C,22686_C|T,22688_A|G,22775_G|A,22786_A|C,22813_G|T,22882_T|G,22917_T|G,22992_G|A,22995_C|A,23013_A|C,23018_T|G,23055_A|G,23063_A|T,23075_T|C,23403_A|G,23525_C|T,23599_T|G,23604_C|A,23854_C|A,23948_G|T,24424_A|T,24469_T|A,25000_C|T,25584_C|T,26060_C|T,26270_C|T,26529_G|A,26577_C|G,26709_G|A,27536_C|T,27807_C|T,28271_A|T,28311_C|T,28881_G|A,28882_G|A,28883_G|C,29510_A|C,11288_11296,21633_21641,21765_21770,28362_28370,29734_29759
England/LSPA-3F5372F/2022	XAZ	241_C|T,670_T|G,1906_T|C,1912_C|T,2232_C|T,2790_C|T,3037_C|T,3317_C|T,3358_T|C,4184_G|A,4321_C|T,9344_C|T,9424_A|G,9534_C|T,10029_C|T,10198_C|T,10447_G|A,10449_C|A,12160_G|A,12880_C|T,14408_C|T,15714_C|T,17410_C|T,18163_A|G,19955_C|T,20055_A|G,21618_C|T,21987_G|A,22200_T|G,22578_G|A,22674_C|T,22679_T|C,22686_C|T,22688_A|G,22775_G|A,22786_A|C,22813_G|T,22882_T|G,22917_T|G,22992_G|A,22995_C|A,23013_A|C,23018_T|G,23055_A|G,23063_A|T,23075_T|C,23403_A|G,23525_C|T,23599_T|G,23604_C|A,23854_C|A,23948_G|T,24424_A|T,24469_T|A,25000_C|T,25584_C|T,26060_C|T,26270_C|T,26529_G|A,26577_C|G,26709_G|A,27807_C|T,28271_A|T,28311_C|T,28744_C|T,28881_G|A,28882_G|A,28883_G|C,29510_A|C,11288_11296,21633_21641,21765_21770,28362_28370,29734_29759
England/LSPA-3F7797A/2022	XAZ	241_C|T,670_T|G,1912_C|T,2232_C|T,2790_C|T,3037_C|T,3317_C|T,3358_T|C,4184_G|A,4321_C|T,5312_C|T,9344_C|T,9424_A|G,9534_C|T,10029_C|T,10198_C|T,10447_G|A,10449_C|A,12160_G|A,12880_C|T,14408_C|T,15714_C|T,15738_C|T,15774_C|T,17410_C|T,18163_A|G,19955_C|T,20055_A|G,21618_C|T,21987_G|A,22200_T|G,22578_G|A,22674_C|T,22679_T|C,22686_C|T,22688_A|G,22775_G|A,22786_A|C,22813_G|T,22882_T|G,22917_T|G,22992_G|A,22995_C|A,23013_A|C,23018_T|G,23055_A|G,23063_A|T,23075_T|C,23403_A|G,23525_C|T,23599_T|G,23604_C|A,23854_C|A,23948_G|T,24424_A|T,24469_T|A,25000_C|T,25584_C|T,26060_C|T,26270_C|T,26529_G|A,26573_T|C,26577_C|G,26709_G|A,27807_C|T,28271_A|T,28311_C|T,28881_G|A,28882_G|A,28883_G|C,29510_A|C,11288_11296,21633_21641,21765_21770,28362_28370,29734_29759
England/PHEC-YYGF8KI/2022	XAZ	162_C|T,241_C|T,670_T|G,1912_C|T,2790_C|T,3037_C|T,3317_C|T,3358_T|C,4184_G|A,4321_C|T,8771_A|C,9344_C|T,9424_A|G,9534_C|T,10029_C|T,10198_C|T,10447_G|A,10449_C|A,12160_G|A,12880_C|T,14408_C|T,15714_C|T,17410_C|T,18163_A|G,19955_C|T,20055_A|G,21618_C|T,21987_G|A,22200_T|G,22578_G|A,22674_C|T,22679_T|C,22686_C|T,22688_A|G,22775_G|A,22813_G|T,22882_T|G,22917_T|G,22992_G|A,22995_C|A,23013_A|C,23018_T|G,23055_A|G,23063_A|T,23075_T|C,23403_A|G,23525_C|T,23599_T|G,23604_C|A,23608_G|T,23854_C|A,23948_G|T,24424_A|T,24469_T|A,25000_C|T,25584_C|T,26060_C|T,26270_C|T,26529_G|A,26577_C|G,26709_G|A,27807_C|T,28271_A|T,28311_C|T,28881_G|A,28882_G|A,28883_G|C,29510_A|C,11288_11296,21633_21641,21765_21770,28362_28370,29734_29759
England/PHEP-YYF4YES/2022	XAZ	241_C|T,670_T|G,1912_C|T,2232_C|T,2790_C|T,3037_C|T,3317_C|T,3358_T|C,4184_G|A,4321_C|T,5312_C|T,9344_C|T,9424_A|G,9534_C|T,10029_C|T,10198_C|T,10447_G|A,10449_C|A,12160_G|A,12880_C|T,14408_C|T,15714_C|T,17410_C|T,18163_A|G,19955_C|T,20055_A|G,20474_C|T,21618_C|T,21987_G|A,22200_T|G,22578_G|A,22674_C|T,22679_T|C,22686_C|T,22688_A|G,22775_G|A,22786_A|C,22813_G|T,22882_T|G,22917_T|G,22992_G|A,22995_C|A,23013_A|C,23018_T|G,23055_A|G,23063_A|T,23075_T|C,23403_A|G,23525_C|T,23599_T|G,23604_C|A,23854_C|A,23948_G|T,24424_A|T,24469_T|A,25000_C|T,25584_C|T,26060_C|T,26270_C|T,26529_G|A,26577_C|G,26709_G|A,27807_C|T,28271_A|T,28311_C|T,28881_G|A,28882_G|A,28883_G|C,29510_A|C,29546_C|T,11288_11296,21633_21641,21765_21770,28362_28370,29734_29759
England/PHEP-YYFAXJJ/2022	XAZ	241_C|T,593_C|T,670_T|G,1740_A|C,1912_C|T,2232_C|T,2790_C|T,3037_C|T,3317_C|T,3358_T|C,4184_G|A,4321_C|T,4771_T|A,6286_C|T,8016_C|T,9344_C|T,9424_A|G,9534_C|T,10029_C|T,10198_C|T,10447_G|A,10449_C|A,12025_C|T,12160_G|A,12880_C|T,12892_G|T,14408_C|T,15714_C|T,17410_C|T,18163_A|G,19955_C|T,20055_A|G,21618_C|T,21987_G|A,22200_T|G,22578_G|A,22674_C|T,22679_T|C,22686_C|T,22688_A|G,22775_G|A,22786_A|C,22813_G|T,22882_T|G,22917_T|G,22992_G|A,22995_C|A,23013_A|C,23018_T|G,23055_A|G,23063_A|T,23075_T|C,23403_A|G,23525_C|T,23599_T|G,23604_C|A,23854_C|A,23948_G|T,24424_A|T,24469_T|A,25000_C|T,25495_A|G,25584_C|T,26060_C|T,26270_C|T,26529_G|A,26577_C|G,26709_G|A,27807_C|T,28271_A|T,28311_C|T,28881_G|A,28882_G|A,28883_G|C,29510_A|C,11288_11296,21633_21641,21765_21770,28362_28370,29734_29759
England/PHEP-YYFAXMF/2022	XAZ	241_C|T,593_C|T,670_T|G,1740_A|C,1912_C|T,2232_C|T,2790_C|T,3037_C|T,3317_C|T,3358_T|C,4184_G|A,4321_C|T,4771_T|A,6286_C|T,8016_C|T,9344_C|T,9424_A|G,9534_C|T,10029_C|T,10198_C|T,10447_G|A,10449_C|A,12025_C|T,12160_G|A,12880_C|T,12892_G|T,14408_C|T,15714_C|T,17410_C|T,18163_A|G,19955_C|T,20055_A|G,21618_C|T,21987_G|A,22200_T|G,22578_G|A,22674_C|T,22679_T|C,22686_C|T,22688_A|G,22775_G|A,22786_A|C,22813_G|T,22882_T|G,22917_T|G,22992_G|A,22995_C|A,23013_A|C,23018_T|G,23055_A|G,23063_A|T,23075_T|C,23403_A|G,23525_C|T,23599_T|G,23604_C|A,23854_C|A,23948_G|T,24424_A|T,24469_T|A,25000_C|T,25495_A|G,25584_C|T,26060_C|T,26270_C|T,26529_G|A,26577_C|G,26709_G|A,27807_C|T,28271_A|T,28311_C|T,28881_G|A,28882_G|A,28883_G|C,29510_A|C,11288_11296,21633_21641,21765_21770,28362_28370,29734_29759
England/PHEP-YYFHZG9/2022	XAZ	241_C|T,670_T|G,1912_C|T,2232_C|T,2790_C|T,3037_C|T,3317_C|T,3358_T|C,4184_G|A,4321_C|T,9344_C|T,9424_A|G,9534_C|T,10029_C|T,10186_C|T,10198_C|T,10296_C|T,10447_G|A,10449_C|A,12160_G|A,12880_C|T,14408_C|T,15714_C|T,17119_C|T,17410_C|T,18163_A|G,19955_C|T,20055_A|G,21618_C|T,21987_G|A,22200_T|G,22578_G|A,22674_C|T,22679_T|C,22686_C|T,22688_A|G,22775_G|A,22786_A|C,22813_G|T,22882_T|G,22917_T|G,22992_G|A,22995_C|A,23013_A|C,23018_T|G,23055_A|G,23063_A|T,23075_T|C,23191_C|T,23403_A|G,23525_C|T,23599_T|G,23604_C|A,23854_C|A,23948_G|T,24424_A|T,24469_T|A,25000_C|T,25207_C|T,25584_C|T,25872_C|T,26060_C|T,26270_C|T,26529_G|A,26577_C|G,26709_G|A,27807_C|T,28271_A|T,28311_C|T,28881_G|A,28882_G|A,28883_G|C,29510_A|C,29773_G|T,11288_11296,21633_21641,21765_21770,28362_28370,29734_29759
England/PHEP-YYFMB19/2022	XAZ	162_C|T,241_C|T,670_T|G,1912_C|T,2232_C|T,2790_C|T,3037_C|T,3317_C|T,3358_T|C,4184_G|A,4321_C|T,9344_C|T,9424_A|G,9534_C|T,10029_C|T,10198_C|T,10447_G|A,10449_C|A,12160_G|A,12880_C|T,14408_C|T,15714_C|T,17410_C|T,18163_A|G,19955_C|T,20055_A|G,21618_C|T,21987_G|A,22200_T|G,22578_G|A,22674_C|T,22679_T|C,22686_C|T,22688_A|G,22775_G|A,22786_A|C,22813_G|T,22882_T|G,22917_T|G,22992_G|A,22995_C|A,23013_A|C,23018_T|G,23055_A|G,23063_A|T,23075_T|C,23403_A|G,23525_C|T,23599_T|G,23604_C|A,23854_C|A,23948_G|T,24424_A|T,24469_T|A,25000_C|T,25584_C|T,26060_C|T,26270_C|T,26529_G|A,26577_C|G,26709_G|A,27807_C|T,28271_A|T,28311_C|T,28881_G|A,28882_G|A,28883_G|C,29510_A|C,11288_11296,21633_21641,21765_21770,28362_28370,29734_29759
England/PHEP-YYFQY14/2022	XAZ	162_C|T,241_C|T,670_T|G,1912_C|T,2232_C|T,2790_C|T,3037_C|T,3317_C|T,3358_T|C,4184_G|A,4321_C|T,9344_C|T,9424_A|G,9534_C|T,10029_C|T,10198_C|T,10447_G|A,10449_C|A,12160_G|A,12880_C|T,14408_C|T,15714_C|T,17410_C|T,18163_A|G,19955_C|T,20055_A|G,20569_G|A,21618_C|T,21987_G|A,22200_T|G,22578_G|A,22674_C|T,22679_T|C,22686_C|T,22688_A|G,22775_G|A,22786_A|C,22813_G|T,22882_T|G,22917_T|G,22992_G|A,22995_C|A,23013_A|C,23018_T|G,23055_A|G,23063_A|T,23075_T|C,23403_A|G,23525_C|T,23599_T|G,23604_C|A,23854_C|A,23948_G|T,24424_A|T,24469_T|A,25000_C|T,25584_C|T,26060_C|T,26270_C|T,26408_C|T,26529_G|A,26577_C|G,26709_G|A,27807_C|T,28271_A|T,28311_C|T,28881_G|A,28882_G|A,28883_G|C,29510_A|C,11288_11296,21633_21641,21765_21770,28362_28370,29734_29759
England/PLYM-3EDDB04/2022	XAZ	162_C|T,241_C|T,670_T|G,1912_C|T,2232_C|T,2790_C|T,3037_C|T,3317_C|T,3358_T|C,4184_G|A,4321_C|T,9344_C|T,9424_A|G,9534_C|T,10029_C|T,10198_C|T,10447_G|A,10449_C|A,12160_G|A,12880_C|T,14408_C|T,15714_C|T,17410_C|T,18163_A|G,19955_C|T,20055_A|G,21618_C|T,21987_G|A,22200_T|G,22578_G|A,22674_C|T,22679_T|C,22686_C|T,22688_A|G,22775_G|A,22786_A|C,22813_G|T,22882_T|G,22917_T|G,22992_G|A,22995_C|A,23013_A|C,23018_T|G,23055_A|G,23063_A|T,23075_T|C,23403_A|G,23525_C|T,23599_T|G,23604_C|A,23854_C|A,23948_G|T,24424_A|T,24469_T|A,25000_C|T,25584_C|T,26060_C|T,26270_C|T,26529_G|A,26577_C|G,26709_G|A,27807_C|T,28271_A|T,28311_C|T,28881_G|A,28882_G|A,28883_G|C,29510_A|C,11288_11296,21633_21641,21765_21770,28362_28370,29734_29759
England/PLYM-3EF0691/2022	XAZ	162_C|T,241_C|T,670_T|G,1912_C|T,2232_C|T,2790_C|T,3037_C|T,3317_C|T,3358_T|C,4184_G|A,4321_C|T,8017_G|T,9344_C|T,9424_A|G,9534_C|T,10029_C|T,10198_C|T,10447_G|A,10449_C|A,12160_G|A,12880_C|T,14408_C|T,15714_C|T,17410_C|T,18163_A|G,19955_C|T,20055_A|G,21618_C|T,21987_G|A,22200_T|G,22578_G|A,22674_C|T,22679_T|C,22686_C|T,22688_A|G,22775_G|A,22786_A|C,22813_G|T,22882_T|G,22917_T|G,22992_G|A,22995_C|A,23013_A|C,23018_T|G,23055_A|G,23063_A|T,23075_T|C,23403_A|G,23525_C|T,23599_T|G,23604_C|A,23854_C|A,23948_G|T,24424_A|T,24469_T|A,25000_C|T,25584_C|T,26060_C|T,26270_C|T,26529_G|A,26577_C|G,26709_G|A,27807_C|T,28271_A|T,28311_C|T,28881_G|A,28882_G|A,28883_G|C,29510_A|C,509_523,11288_11296,21633_21641,21765_21770,28362_28370,29734_29759
England/PLYM-3EFAE44/2022	XAZ	162_C|T,241_C|T,670_T|G,1912_C|T,2232_C|T,2790_C|T,3037_C|T,3317_C|T,3358_T|C,4184_G|A,4321_C|T,9344_C|T,9424_A|G,9534_C|T,10029_C|T,10198_C|T,10447_G|A,10449_C|A,12160_G|A,12880_C|T,14408_C|T,15714_C|T,17410_C|T,18163_A|G,19955_C|T,20055_A|G,21618_C|T,21987_G|A,22200_T|G,22578_G|A,22674_C|T,22679_T|C,22686_C|T,22688_A|G,22775_G|A,22786_A|C,22813_G|T,22882_T|G,22917_T|G,22992_G|A,22995_C|A,23013_A|C,23018_T|G,23055_A|G,23063_A|T,23075_T|C,23403_A|G,23525_C|T,23599_T|G,23604_C|A,23854_C|A,23948_G|T,24424_A|T,24469_T|A,25000_C|T,25584_C|T,26060_C|T,26270_C|T,26529_G|A,26577_C|G,26709_G|A,27807_C|T,28271_A|T,28311_C|T,28881_G|A,28882_G|A,28883_G|C,29510_A|C,11288_11296,21633_21641,21765_21770,28362_28370,29734_29759
England/QEUH-3258E109/2022	XAZ	241_C|T,593_C|T,670_T|G,1740_A|C,1912_C|T,2232_C|T,2790_C|T,3037_C|T,3317_C|T,3358_T|C,4184_G|A,4321_C|T,4771_T|A,6726_C|T,8016_C|T,9344_C|T,9424_A|G,9534_C|T,10029_C|T,10198_C|T,10447_G|A,10449_C|A,12025_C|T,12160_G|A,12880_C|T,12892_G|T,14408_C|T,15714_C|T,17410_C|T,18163_A|G,19955_C|T,20055_A|G,21618_C|T,21987_G|A,22200_T|G,22578_G|A,22674_C|T,22679_T|C,22686_C|T,22688_A|G,22775_G|A,22786_A|C,22813_G|T,22882_T|G,22917_T|G,22992_G|A,22995_C|A,23013_A|C,23018_T|G,23055_A|G,23063_A|T,23075_T|C,23403_A|G,23525_C|T,23599_T|G,23604_C|A,23854_C|A,23948_G|T,24424_A|T,24469_T|A,25000_C|T,25495_A|G,25584_C|T,26060_C|T,26270_C|T,26529_G|A,26577_C|G,26709_G|A,27807_C|T,28271_A|T,28311_C|T,28881_G|A,28882_G|A,28883_G|C,29510_A|C,11288_11296,21633_21641,21765_21770,28362_28370,29734_29759
England/QEUH-3E37889/2022	XAZ	162_C|T,241_C|T,670_T|G,1912_C|T,2232_C|T,2790_C|T,3037_C|T,3317_C|T,3358_T|C,4184_G|A,4321_C|T,9344_C|T,9424_A|G,9534_C|T,10029_C|T,10198_C|T,10447_G|A,10449_C|A,12160_G|A,12880_C|T,14408_C|T,15714_C|T,17410_C|T,18163_A|G,19955_C|T,20055_A|G,21618_C|T,21987_G|A,22200_T|G,22578_G|A,22674_C|T,22679_T|C,22686_C|T,22688_A|G,22775_G|A,22786_A|C,22813_G|T,22882_T|G,22917_T|G,22992_G|A,22995_C|A,23013_A|C,23018_T|G,23055_A|G,23063_A|T,23075_T|C,23403_A|G,23525_C|T,23599_T|G,23604_C|A,23854_C|A,23948_G|T,24424_A|T,24469_T|A,25000_C|T,25584_C|T,25904_C|T,26060_C|T,26270_C|T,26529_G|A,26577_C|G,26709_G|A,27807_C|T,28271_A|T,28311_C|T,28881_G|A,28882_G|A,28883_G|C,29510_A|C,11288_11296,21633_21641,21765_21770,28362_28370,29734_29759
England/QEUH-3EEED73/2022	XAZ	162_C|T,241_C|T,670_T|G,1912_C|T,2232_C|T,2790_C|T,3037_C|T,3317_C|T,3358_T|C,4184_G|A,4321_C|T,8771_A|C,9344_C|T,9424_A|G,9534_C|T,10029_C|T,10198_C|T,10447_G|A,10449_C|A,12160_G|A,12880_C|T,14408_C|T,15714_C|T,17410_C|T,18163_A|G,19955_C|T,20055_A|G,21618_C|T,21987_G|A,22200_T|G,22578_G|A,22674_C|T,22679_T|C,22686_C|T,22688_A|G,22775_G|A,22786_A|C,22813_G|T,22882_T|G,22917_T|G,22992_G|A,22995_C|A,23013_A|C,23018_T|G,23055_A|G,23063_A|T,23075_T|C,23403_A|G,23525_C|T,23599_T|G,23604_C|A,23608_G|T,23854_C|A,23948_G|T,24424_A|T,24469_T|A,25000_C|T,25584_C|T,26060_C|T,26270_C|T,26529_G|A,26577_C|G,26709_G|A,27807_C|T,28271_A|T,28311_C|T,28881_G|A,28882_G|A,28883_G|C,29510_A|C,11288_11296,21633_21641,21765_21770,28362_28370,29734_29759
England/QEUH-3EEEFD7/2022	XAZ	162_C|T,241_C|T,670_T|G,1912_C|T,2232_C|T,2790_C|T,3037_C|T,3317_C|T,3358_T|C,4184_G|A,4321_C|T,9344_C|T,9424_A|G,9534_C|T,10029_C|T,10198_C|T,10447_G|A,10449_C|A,12160_G|A,12880_C|T,14408_C|T,15714_C|T,17410_C|T,18163_A|G,19186_C|T,19955_C|T,20055_A|G,21618_C|T,21987_G|A,22200_T|G,22578_G|A,22674_C|T,22679_T|C,22686_C|T,22688_A|G,22775_G|A,22786_A|C,22813_G|T,22882_T|G,22917_T|G,22992_G|A,22995_C|A,23013_A|C,23018_T|G,23055_A|G,23063_A|T,23075_T|C,23403_A|G,23525_C|T,23599_T|G,23604_C|A,23854_C|A,23948_G|T,24424_A|T,24469_T|A,25000_C|T,25584_C|T,26060_C|T,26270_C|T,26529_G|A,26577_C|G,26709_G|A,27807_C|T,28271_A|T,28311_C|T,28344_C|A,28881_G|A,28882_G|A,28883_G|C,29510_A|C,11288_11296,21633_21641,21765_21770,28362_28370,29734_29759
England/QEUH-3F306FE/2022	XAZ	241_C|T,670_T|G,1906_T|C,1912_C|T,2232_C|T,2790_C|T,3037_C|T,3317_C|T,3358_T|C,4184_G|A,4321_C|T,9344_C|T,9424_A|G,9534_C|T,10029_C|T,10198_C|T,10447_G|A,10449_C|A,12160_G|A,12880_C|T,14408_C|T,15714_C|T,17410_C|T,18163_A|G,19955_C|T,20055_A|G,21575_C|T,21618_C|T,21987_G|A,22200_T|G,22578_G|A,22674_C|T,22679_T|C,22686_C|T,22688_A|G,22775_G|A,22786_A|C,22813_G|T,22882_T|G,22917_T|G,22992_G|A,22995_C|A,23013_A|C,23018_T|G,23055_A|G,23063_A|T,23075_T|C,23403_A|G,23525_C|T,23599_T|G,23604_C|A,23854_C|A,23948_G|T,24424_A|T,24469_T|A,25000_C|T,25584_C|T,26060_C|T,26270_C|T,26529_G|A,26577_C|G,26709_G|A,27807_C|T,28271_A|T,28311_C|T,28881_G|A,28882_G|A,28883_G|C,29510_A|C,11288_11296,21633_21641,21765_21770,28362_28370,29734_29759
England/QEUH-3F31DBC/2022	XAZ	241_C|T,670_T|G,1912_C|T,2232_C|T,2790_C|T,3037_C|T,3317_C|T,3358_T|C,4184_G|A,4321_C|T,7764_C|T,9344_C|T,9424_A|G,9534_C|T,10029_C|T,10198_C|T,10447_G|A,10449_C|A,12025_C|T,12160_G|A,12789_C|T,12880_C|T,14408_C|T,15714_C|T,17410_C|T,18163_A|G,19955_C|T,20055_A|G,21520_G|T,21618_C|T,21987_G|A,22200_T|G,22578_G|A,22674_C|T,22679_T|C,22686_C|T,22688_A|G,22775_G|A,22786_A|C,22813_G|T,22882_T|G,22917_T|G,22992_G|A,22995_C|A,23013_A|C,23018_T|G,23055_A|G,23063_A|T,23075_T|C,23403_A|G,23525_C|T,23599_T|G,23604_C|A,23854_C|A,23948_G|T,24424_A|T,24469_T|A,24998_G|T,25000_C|T,25057_T|C,25380_C|T,25584_C|T,26060_C|T,26270_C|T,26529_G|A,26577_C|G,26709_G|A,27807_C|T,28271_A|T,28311_C|T,28881_G|A,28882_G|A,28883_G|C,29510_A|C,11288_11296,21633_21641,21765_21770,28362_28370,29734_29759
England/QEUH-3F78627/2022	XAZ	241_C|T,593_C|T,670_T|G,1740_A|C,1912_C|T,2232_C|T,2790_C|T,3037_C|T,3317_C|T,3358_T|C,4184_G|A,4321_C|T,4771_T|A,9344_C|T,9424_A|G,9534_C|T,10029_C|T,10198_C|T,10447_G|A,10449_C|A,12025_C|T,12160_G|A,12880_C|T,12892_G|T,14408_C|T,15714_C|T,17410_C|T,18163_A|G,19955_C|T,21618_C|T,21987_G|A,22200_T|G,22578_G|A,22674_C|T,22679_T|C,22686_C|T,22688_A|G,22775_G|A,22786_A|C,22813_G|T,22882_T|G,22917_T|G,22992_G|A,22995_C|A,23013_A|C,23018_T|G,23055_A|G,23063_A|T,23075_T|C,23403_A|G,23525_C|T,23599_T|G,23604_C|A,23854_C|A,23948_G|T,24424_A|T,24469_T|A,25000_C|T,25495_A|G,25584_C|T,26060_C|T,26270_C|T,26529_G|A,26577_C|G,26709_G|A,27807_C|T,28271_A|T,28311_C|T,28881_G|A,28882_G|A,28883_G|C,29510_A|C,11288_11296,21633_21641,21765_21770,28362_28370,29734_29759
FRA/IHUCOVID-085577/2022	XAZ	241_C|T,670_T|G,1912_C|T,2232_C|T,2790_C|T,3037_C|T,3317_C|T,3358_T|C,4184_G|A,4321_C|T,9047_A|G,9344_C|T,9424_A|G,9534_C|T,10029_C|T,10198_C|T,10447_G|A,10449_C|A,12160_G|A,12880_C|T,14408_C|T,15714_C|T,17410_C|T,18163_A|G,19955_C|T,20055_A|G,21618_C|T,21987_G|A,22200_T|G,22578_G|A,22674_C|T,22679_T|C,22686_C|T,22688_A|G,22775_G|A,22786_A|C,22813_G|T,22882_T|G,22917_T|G,22992_G|A,22995_C|A,23013_A|C,23018_T|G,23055_A|G,23063_A|T,23075_T|C,23403_A|G,23525_C|T,23599_T|G,23604_C|A,23854_C|A,23948_G|T,24424_A|T,24469_T|A,25584_C|T,26060_C|T,26270_C|T,26577_C|G,26709_G|A,27807_C|T,28271_A|T,28311_C|T,28881_G|A,28882_G|A,28883_G|C,29510_A|C,29734_G|T,11288_11296,21633_21641,21765_21770,28362_28370
FRA/IHUCOVID-085645/2022	XAZ	241_C|T,670_T|G,1404_C|T,1912_C|T,2232_C|T,2790_C|T,3037_C|T,3317_C|T,3358_T|C,4184_G|A,4321_C|T,9344_C|T,9424_A|G,9534_C|T,10029_C|T,10198_C|T,10447_G|A,10449_C|A,12160_G|A,12880_C|T,14408_C|T,15714_C|T,17410_C|T,18163_A|G,19955_C|T,20055_A|G,21618_C|T,21987_G|A,22200_T|G,22578_G|A,22674_C|T,22679_T|C,22686_C|T,22688_A|G,22775_G|A,22786_A|C,22813_G|T,22882_T|G,22917_T|G,22992_G|A,22995_C|A,23013_A|C,23018_T|G,23055_A|G,23063_A|T,23075_T|C,23403_A|G,23525_C|T,23599_T|G,23604_C|A,23854_C|A,23948_G|T,24424_A|T,24469_T|A,25000_C|T,25584_C|T,26060_C|T,26270_C|T,26529_G|A,26577_C|G,26709_G|A,27807_C|T,28271_A|T,28311_C|T,28881_G|A,28882_G|A,28883_G|C,29510_A|C,11288_11296,21633_21641,21765_21770,28362_28370
FRA/IHUCOVID-086871/2022	XAZ	162_C|T,241_C|T,670_T|G,1912_C|T,2232_C|T,2790_C|T,3037_C|T,3317_C|T,3358_T|C,4184_G|A,4321_C|T,9344_C|T,9424_A|G,9534_C|T,10029_C|T,10198_C|T,10447_G|A,10449_C|A,12160_G|A,12880_C|T,14408_C|T,15714_C|T,17410_C|T,18163_A|G,19955_C|T,20055_A|G,20569_G|A,21618_C|T,21987_G|A,22200_T|G,22578_G|A,22674_C|T,22679_T|C,22686_C|T,22688_A|G,22775_G|A,22786_A|C,22813_G|T,22917_T|G,22992_G|A,22995_C|A,23013_A|C,23018_T|G,23055_A|G,23063_A|T,23075_T|C,23403_A|G,23525_C|T,23599_T|G,23604_C|A,23854_C|A,23948_G|T,24424_A|T,24469_T|A,25584_C|T,26060_C|T,26270_C|T,26529_G|A,26709_G|A,27807_C|T,28271_A|T,28311_C|T,28881_G|A,28882_G|A,28883_G|C,29510_A|C,11288_11296,21633_21641,21765_21770,28362_28370
FRA/IHUCOVID-086895/2022	XAZ	162_C|T,241_C|T,670_T|G,1912_C|T,2232_C|T,2790_C|T,3037_C|T,3317_C|T,3358_T|C,4184_G|A,4321_C|T,9344_C|T,9424_A|G,9534_C|T,10029_C|T,10198_C|T,10447_G|A,10449_C|A,12160_G|A,12880_C|T,14408_C|T,15714_C|T,17410_C|T,18163_A|G,19955_C|T,20055_A|G,20569_G|A,21618_C|T,21987_G|A,22200_T|G,22578_G|A,22674_C|T,22679_T|C,22686_C|T,22688_A|G,22775_G|A,22786_A|C,22813_G|T,22917_T|G,22992_G|A,22995_C|A,23013_A|C,23018_T|G,23055_A|G,23063_A|T,23075_T|C,23403_A|G,23525_C|T,23599_T|G,23604_C|A,23854_C|A,23948_G|T,24424_A|T,24469_T|A,25000_C|T,25584_C|T,26060_C|T,26270_C|T,26529_G|A,26709_G|A,27807_C|T,28271_A|T,28311_C|T,28881_G|A,28882_G|A,28883_G|C,29510_A|C,11288_11296,21633_21641,21765_21770,28362_28370
FRA/IHUCOVID-086897/2022	XAZ	162_C|T,241_C|T,670_T|G,1912_C|T,2232_C|T,2790_C|T,3037_C|T,3317_C|T,3358_T|C,4184_G|A,4321_C|T,9344_C|T,9424_A|G,9534_C|T,10029_C|T,10198_C|T,10447_G|A,10449_C|A,12160_G|A,12880_C|T,14408_C|T,15714_C|T,17410_C|T,18163_A|G,19955_C|T,20055_A|G,20569_G|A,21618_C|T,21987_G|A,22200_T|G,22578_G|A,22674_C|T,22679_T|C,22686_C|T,22688_A|G,22775_G|A,22786_A|C,22813_G|T,22917_T|G,22992_G|A,22995_C|A,23013_A|C,23018_T|G,23055_A|G,23063_A|T,23075_T|C,23403_A|G,23525_C|T,23599_T|G,23604_C|A,23854_C|A,23948_G|T,24424_A|T,24469_T|A,25584_C|T,26060_C|T,26270_C|T,26529_G|A,26709_G|A,27807_C|T,28271_A|T,28311_C|T,28881_G|A,28882_G|A,28883_G|C,29510_A|C,11288_11296,21633_21641,21765_21770,28362_28370
FRA/IHUCOVID-088474/2022	XAZ	162_C|T,241_C|T,670_T|G,1912_C|T,2232_C|T,2790_C|T,3037_C|T,3317_C|T,3358_T|C,4184_G|A,4321_C|T,9344_C|T,9424_A|G,9534_C|T,10029_C|T,10198_C|T,10447_G|A,10449_C|A,12160_G|A,12880_C|T,14408_C|T,15714_C|T,17410_C|T,18163_A|G,19955_C|T,20055_A|G,21618_C|T,22200_T|G,22578_G|A,22674_C|T,22679_T|C,22686_C|T,22688_A|G,22775_G|A,22786_A|C,22813_G|T,22917_T|G,22992_G|A,22995_C|A,23013_A|C,23018_T|G,23055_A|G,23063_A|T,23075_T|C,23403_A|G,23525_C|T,23599_T|G,23604_C|A,23854_C|A,23948_G|T,24424_A|T,24469_T|A,25584_C|T,26060_C|T,26270_C|T,26529_G|A,26709_G|A,27807_C|T,28271_A|T,28311_C|T,28881_G|A,28882_G|A,28883_G|C,29510_A|C,11288_11296,21633_21641,21765_21770,28362_28370
FRA/IHUCOVID-088979/2022	XAZ	241_C|T,670_T|G,1912_C|T,2232_C|T,2790_C|T,3037_C|T,3317_C|T,3358_T|C,4184_G|A,4321_C|T,9344_C|T,9424_A|G,9534_C|T,10029_C|T,10198_C|T,10447_G|A,10449_C|A,12025_C|T,12160_G|A,12880_C|T,14408_C|T,15714_C|T,17410_C|T,18163_A|G,19955_C|T,20055_A|G,21618_C|T,21987_G|A,22200_T|G,22578_G|A,22674_C|T,22679_T|C,22686_C|T,22688_A|G,22775_G|A,22786_A|C,22813_G|T,22882_T|G,22917_T|G,22992_G|A,22995_C|A,23013_A|C,23018_T|G,23055_A|G,23063_A|T,23075_T|C,23403_A|G,23525_C|T,23599_T|G,23604_C|A,23854_C|A,23948_G|T,24424_A|T,24469_T|A,25000_C|T,25495_A|G,25584_C|T,26060_C|T,26270_C|T,26529_G|A,26577_C|G,26709_G|A,27807_C|T,28271_A|T,28311_C|T,28881_G|A,28882_G|A,28883_G|C,29510_A|C,29734_G|T,11288_11296,21633_21641,21765_21770,28362_28370
FRA/IHUCOVID-088983/2022	XAZ	162_C|T,241_C|T,670_T|G,1912_C|T,2232_C|T,2790_C|T,3037_C|T,3317_C|T,3358_T|C,4184_G|A,4321_C|T,9344_C|T,9424_A|G,9534_C|T,10029_C|T,10198_C|T,10447_G|A,10449_C|A,12160_G|A,12880_C|T,14408_C|T,15714_C|T,17410_C|T,18163_A|G,19955_C|T,20055_A|G,20569_G|A,21618_C|T,21987_G|A,22200_T|G,22578_G|A,22674_C|T,22679_T|C,22686_C|T,22688_A|G,22775_G|A,22786_A|C,22813_G|T,22882_T|G,22917_T|G,22992_G|A,22995_C|A,23013_A|C,23018_T|G,23055_A|G,23063_A|T,23075_T|C,23403_A|G,23525_C|T,23599_T|G,23604_C|A,23854_C|A,23948_G|T,24424_A|T,24469_T|A,25000_C|T,25584_C|T,26060_C|T,26270_C|T,26529_G|A,26577_C|G,26709_G|A,27807_C|T,28271_A|T,28311_C|T,28881_G|A,28882_G|A,28883_G|C,29510_A|C,29734_G|T,11288_11296,21633_21641,21765_21770,28362_28370
FRA/IHUCOVID-089049/2022	XAZ	162_C|T,241_C|T,670_T|G,1912_C|T,2232_C|T,2790_C|T,3037_C|T,3317_C|T,3358_T|C,4184_G|A,4321_C|T,9344_C|T,9424_A|G,9534_C|T,10029_C|T,10198_C|T,10447_G|A,10449_C|A,12160_G|A,12880_C|T,14408_C|T,15714_C|T,17410_C|T,18163_A|G,19955_C|T,20055_A|G,21618_C|T,21987_G|A,22200_T|G,22578_G|A,22674_C|T,22679_T|C,22686_C|T,22688_A|G,22775_G|A,22786_A|C,22813_G|T,22882_T|G,22917_T|G,22992_G|A,22995_C|A,23013_A|C,23018_T|G,23055_A|G,23063_A|T,23075_T|C,23403_A|G,23525_C|T,23599_T|G,23604_C|A,23854_C|A,23948_G|T,24424_A|T,24469_T|A,25000_C|T,25584_C|T,26060_C|T,26270_C|T,26529_G|A,26709_G|A,27807_C|T,28271_A|T,28311_C|T,28881_G|A,28882_G|A,28883_G|C,29510_A|C,11288_11296,21633_21641,21765_21770,28362_28370
FRA/IHUCOVID-089401/2022	XAZ	162_C|T,241_C|T,670_T|G,1912_C|T,2232_C|T,2790_C|T,3037_C|T,3317_C|T,3358_T|C,4184_G|A,4321_C|T,9344_C|T,9424_A|G,9534_C|T,10029_C|T,10198_C|T,10447_G|A,10449_C|A,12160_G|A,12880_C|T,14408_C|T,15714_C|T,17410_C|T,18163_A|G,19955_C|T,20055_A|G,20569_G|A,21618_C|T,21987_G|A,22200_T|G,22578_G|A,22674_C|T,22679_T|C,22686_C|T,22688_A|G,22775_G|A,22786_A|C,22813_G|T,22882_T|G,22917_T|G,22992_G|A,22995_C|A,23013_A|C,23018_T|G,23055_A|G,23063_A|T,23075_T|C,23403_A|G,23525_C|T,23599_T|G,23604_C|A,23854_C|A,23948_G|T,24424_A|T,24469_T|A,25000_C|T,25584_C|T,26060_C|T,26270_C|T,26529_G|A,26577_C|G,26709_G|A,27807_C|T,28271_A|T,28311_C|T,28881_G|A,28882_G|A,28883_G|C,29510_A|C,29628_G|A,29734_G|T,11288_11296,21633_21641,21765_21770,28362_28370
FRA/IHUCOVID-090843/2022	XAZ	162_C|T,241_C|T,670_T|G,1912_C|T,2232_C|T,2790_C|T,3037_C|T,3317_C|T,3358_T|C,4184_G|A,4321_C|T,9344_C|T,9424_A|G,9534_C|T,10029_C|T,10198_C|T,10447_G|A,10449_C|A,12160_G|A,12880_C|T,14408_C|T,15714_C|T,17410_C|T,18163_A|G,19955_C|T,20055_A|G,21618_C|T,21987_G|A,22200_T|G,22578_G|A,22674_C|T,22679_T|C,22686_C|T,22688_A|G,22775_G|A,22786_A|C,22813_G|T,22882_T|G,22917_T|G,22992_G|A,22995_C|A,23013_A|C,23018_T|G,23055_A|G,23063_A|T,23075_T|C,23403_A|G,23525_C|T,23599_T|G,23604_C|A,23854_C|A,23948_G|T,24424_A|T,24469_T|A,25000_C|T,25584_C|T,26060_C|T,26270_C|T,26529_G|A,26577_C|G,26709_G|A,27807_C|T,28271_A|T,28311_C|T,28881_G|A,28882_G|A,28883_G|C,29510_A|C,29734_G|T,11288_11296,21633_21641,21765_21770,28362_28370
FRA/IHUCOVID-091106/2022	XAZ	162_C|T,241_C|T,670_T|G,1912_C|T,2232_C|T,2790_C|T,3037_C|T,3317_C|T,3358_T|C,4184_G|A,4321_C|T,9344_C|T,9424_A|G,9534_C|T,10029_C|T,10198_C|T,10447_G|A,10449_C|A,12160_G|A,12880_C|T,14408_C|T,15714_C|T,17410_C|T,18163_A|G,19955_C|T,20055_A|G,20569_G|A,21618_C|T,21846_C|T,21987_G|A,22200_T|G,22578_G|A,22674_C|T,22679_T|C,22686_C|T,22688_A|G,22775_G|A,22786_A|C,22813_G|T,22882_T|G,22917_T|G,22992_G|A,22995_C|A,23013_A|C,23018_T|G,23055_A|G,23063_A|T,23075_T|C,23403_A|G,23525_C|T,23599_T|G,23604_C|A,23854_C|A,23948_G|T,24424_A|T,24469_T|A,25000_C|T,25584_C|T,26060_C|T,26270_C|T,26577_C|G,26709_G|A,27807_C|T,28271_A|T,28311_C|T,28881_G|A,28882_G|A,28883_G|C,29510_A|C,29734_G|T,11288_11296,21633_21641,21765_21770,28362_28370
FRA/IHUCOVID-091389/2022	XAZ	241_C|T,670_T|G,1912_C|T,2232_C|T,2790_C|T,3037_C|T,3317_C|T,3358_T|C,3743_C|T,4184_G|A,4321_C|T,5436_A|G,9344_C|T,9424_A|G,9534_C|T,10029_C|T,10198_C|T,10447_G|A,10449_C|A,12160_G|A,12880_C|T,14408_C|T,15714_C|T,17410_C|T,18163_A|G,19955_C|T,20055_A|G,21618_C|T,21987_G|A,22200_T|G,22578_G|A,22674_C|T,22679_T|C,22686_C|T,22688_A|G,22775_G|A,22786_A|C,22813_G|T,22917_T|G,22992_G|A,22995_C|A,23013_A|C,23018_T|G,23055_A|G,23063_A|T,23075_T|C,23403_A|G,23525_C|T,23599_T|G,23604_C|A,23854_C|A,23948_G|T,24424_A|T,24469_T|A,25584_C|T,26060_C|T,26270_C|T,26529_G|A,26709_G|A,27613_G|T,27807_C|T,28271_A|T,28311_C|T,28881_G|A,28882_G|A,28883_G|C,29510_A|C,11288_11296,21633_21641,21765_21770,28362_28370
FRA/IHUMI-6226/2022	XAZ	241_C|T,670_T|G,1912_C|T,2232_C|T,2790_C|T,3037_C|T,3317_C|T,3358_T|C,3743_C|T,4184_G|A,4321_C|T,5436_A|G,9344_C|T,9424_A|G,9534_C|T,10029_C|T,10198_C|T,10447_G|A,10449_C|A,12160_G|A,12880_C|T,14408_C|T,15714_C|T,17410_C|T,18163_A|G,19955_C|T,20055_A|G,21618_C|T,21987_G|A,22200_T|G,22578_G|A,22674_C|T,22679_T|C,22686_C|T,22688_A|G,22775_G|A,22786_A|C,22813_G|T,22882_T|G,22917_T|G,22992_G|A,22995_C|A,23013_A|C,23018_T|G,23055_A|G,23063_A|T,23075_T|C,23403_A|G,23525_C|T,23599_T|G,23604_C|A,23854_C|A,23948_G|T,24424_A|T,24469_T|A,25000_C|T,25584_C|T,26060_C|T,26270_C|T,26529_G|A,26577_C|G,26709_G|A,27613_G|T,27807_C|T,28271_A|T,28311_C|T,28881_G|A,28882_G|A,28883_G|C,29510_A|C,11288_11296,21633_21641,21765_21770,28362_28370,29734_29759
Japan/PG-339306/2022	XAZ	241_C|T,670_T|G,847_T|C,1906_T|C,1912_C|T,2232_C|T,2790_C|T,3037_C|T,3317_C|T,3358_T|C,4184_G|A,4321_C|T,7787_G|T,9344_C|T,9424_A|G,9534_C|T,10029_C|T,10198_C|T,10447_G|A,10449_C|A,12115_C|T,12160_G|A,12880_C|T,14041_A|G,14408_C|T,15129_T|C,15714_C|T,17410_C|T,18163_A|G,19955_C|T,20055_A|G,21618_C|T,21987_G|A,22200_T|G,22578_G|A,22674_C|T,22679_T|C,22686_C|T,22688_A|G,22775_G|A,22786_A|C,22813_G|T,22882_T|G,22917_T|G,22992_G|A,22995_C|A,23013_A|C,23018_T|G,23055_A|G,23063_A|T,23075_T|C,23403_A|G,23525_C|T,23599_T|G,23604_C|A,23854_C|A,23948_G|T,24424_A|T,24469_T|A,25000_C|T,25584_C|T,26060_C|T,26270_C|T,26529_G|A,26577_C|G,26709_G|A,27807_C|T,28271_A|T,28311_C|T,28881_G|A,28882_G|A,28883_G|C,29510_A|C,11288_11296,21633_21641,21765_21770,28362_28370,29734_29759
Japan/PG-344649/2022	XAZ	241_C|T,670_T|G,847_T|C,1906_T|C,1912_C|T,2232_C|T,2790_C|T,3037_C|T,3317_C|T,3358_T|C,4184_G|A,4321_C|T,7787_G|T,9344_C|T,9424_A|G,9534_C|T,10029_C|T,10198_C|T,10447_G|A,10449_C|A,12115_C|T,12160_G|A,12880_C|T,14041_A|G,14408_C|T,15129_T|C,15714_C|T,17410_C|T,18163_A|G,19955_C|T,20055_A|G,21618_C|T,21987_G|A,22200_T|G,22578_G|A,22674_C|T,22679_T|C,22686_C|T,22688_A|G,22775_G|A,22786_A|C,22813_G|T,22882_T|G,22917_T|G,22992_G|A,22995_C|A,23013_A|C,23018_T|G,23055_A|G,23063_A|T,23075_T|C,23403_A|G,23525_C|T,23539_A|G,23599_T|G,23604_C|A,23854_C|A,23948_G|T,24424_A|T,24469_T|A,25000_C|T,25584_C|T,26060_C|T,26270_C|T,26529_G|A,26577_C|G,26709_G|A,27807_C|T,28271_A|T,28311_C|T,28881_G|A,28882_G|A,28883_G|C,29510_A|C,11288_11296,21633_21641,21765_21770,28362_28370,29734_29759
Japan/PG-358930/2022	XAZ	241_C|T,670_T|G,847_T|C,1906_T|C,1912_C|T,2232_C|T,2790_C|T,3037_C|T,3317_C|T,3358_T|C,4184_G|A,4321_C|T,7787_G|T,9344_C|T,9424_A|G,9534_C|T,10029_C|T,10198_C|T,10447_G|A,10449_C|A,12115_C|T,12160_G|A,12880_C|T,14041_A|G,14408_C|T,15129_T|C,15714_C|T,17410_C|T,18163_A|G,19955_C|T,20055_A|G,21618_C|T,21987_G|A,22200_T|G,22578_G|A,22674_C|T,22679_T|C,22686_C|T,22688_A|G,22775_G|A,22786_A|C,22813_G|T,22882_T|G,22917_T|G,22992_G|A,22995_C|A,23013_A|C,23018_T|G,23055_A|G,23063_A|T,23075_T|C,23403_A|G,23525_C|T,23599_T|G,23604_C|A,23854_C|A,23948_G|T,24424_A|T,24469_T|A,25000_C|T,25584_C|T,26060_C|T,26270_C|T,26529_G|A,26577_C|G,26709_G|A,27807_C|T,28271_A|T,28311_C|T,28881_G|A,28882_G|A,28883_G|C,29510_A|C,11288_11296,21633_21641,21765_21770,28362_28370,29734_29759
Japan/SZ-NIG-Y221067/2022	XAZ	241_C|T,670_T|G,847_T|C,1906_T|C,1912_C|T,2232_C|T,2790_C|T,3037_C|T,3317_C|T,3358_T|C,4184_G|A,4321_C|T,9344_C|T,9424_A|G,9534_C|T,10029_C|T,10198_C|T,10447_G|A,10449_C|A,12160_G|A,12880_C|T,12928_A|G,14408_C|T,15714_C|T,17410_C|T,18163_A|G,19955_C|T,20055_A|G,21618_C|T,21987_G|A,22200_T|G,22578_G|A,22674_C|T,22679_T|C,22686_C|T,22688_A|G,22775_G|A,22786_A|C,22813_G|T,22882_T|G,22917_T|G,22992_G|A,22995_C|A,23013_A|C,23018_T|G,23055_A|G,23063_A|T,23075_T|C,23403_A|G,23525_C|T,23599_T|G,23604_C|A,23854_C|A,23948_G|T,24424_A|T,24469_T|A,25000_C|T,25584_C|T,26060_C|T,26270_C|T,26529_G|A,26577_C|G,26709_G|A,27807_C|T,28271_A|T,28311_C|T,28881_G|A,28882_G|A,28883_G|C,29510_A|C,11288_11296,21633_21641,21765_21770,28362_28370,29734_29759
Japan/SZ-NIG-Y221126/2022	XAZ	241_C|T,670_T|G,847_T|C,1906_T|C,1912_C|T,2232_C|T,2790_C|T,3037_C|T,3317_C|T,3358_T|C,4184_G|A,4321_C|T,9344_C|T,9424_A|G,9534_C|T,10029_C|T,10198_C|T,10447_G|A,10449_C|A,12160_G|A,12880_C|T,12928_A|G,14408_C|T,15714_C|T,17410_C|T,18163_A|G,19955_C|T,20055_A|G,21618_C|T,21987_G|A,22200_T|G,22578_G|A,22674_C|T,22679_T|C,22686_C|T,22688_A|G,22775_G|A,22786_A|C,22813_G|T,22882_T|G,22917_T|G,22992_G|A,22995_C|A,23013_A|C,23018_T|G,23055_A|G,23063_A|T,23075_T|C,23403_A|G,23525_C|T,23599_T|G,23604_C|A,23854_C|A,23948_G|T,24424_A|T,24469_T|A,25000_C|T,25584_C|T,26060_C|T,26270_C|T,26529_G|A,26577_C|G,26709_G|A,27807_C|T,28271_A|T,28311_C|T,28881_G|A,28882_G|A,28883_G|C,29510_A|C,11288_11296,21633_21641,21765_21770,28362_28370,29734_29759
Japan/sb_ncgm_sars_cov_2_04757/2022	XAZ	241_C|T,670_T|G,847_T|C,1906_T|C,1911_C|T,1912_C|T,2232_C|T,2790_C|T,3037_C|T,3317_C|T,3358_T|C,4184_G|A,4321_C|T,9344_C|T,9424_A|G,9534_C|T,10029_C|T,10198_C|T,10447_G|A,10449_C|A,12160_G|A,12880_C|T,14408_C|T,15714_C|T,18163_A|G,19955_C|T,20055_A|G,21618_C|T,21987_G|A,22200_T|G,22578_G|A,22674_C|T,22679_T|C,22686_C|T,22688_A|G,22775_G|A,22786_A|C,22813_G|T,22882_T|G,22917_T|G,22992_G|A,22995_C|A,23013_A|C,23018_T|G,23055_A|G,23063_A|T,23075_T|C,23403_A|G,23525_C|T,23599_T|G,23604_C|A,23854_C|A,23948_G|T,24424_A|T,24469_T|A,25000_C|T,25584_C|T,26060_C|T,26270_C|T,26529_G|A,26577_C|G,26709_G|A,27807_C|T,28271_A|T,28311_C|T,28881_G|A,28882_G|A,28883_G|C,29510_A|C,509_523,11288_11296,21633_21641,21765_21770,28362_28370
OX235465	XAZ	162_C|T,241_C|T,670_T|G,1912_C|T,2232_C|T,2790_C|T,3037_C|T,3317_C|T,3358_T|C,4184_G|A,4321_C|T,9344_C|T,9424_A|G,9534_C|T,10029_C|T,10198_C|T,10447_G|A,10449_C|A,12160_G|A,12880_C|T,14408_C|T,15714_C|T,17410_C|T,18163_A|G,19955_C|T,20055_A|G,21618_C|T,21987_G|A,22200_T|G,22578_G|A,22674_C|T,22679_T|C,22686_C|T,22688_A|G,22775_G|A,22786_A|C,22813_G|T,22882_T|G,22917_T|G,22992_G|A,22995_C|A,23013_A|C,23018_T|G,23055_A|G,23063_A|T,23075_T|C,23403_A|G,23525_C|T,23599_T|G,23604_C|A,23854_C|A,23948_G|T,24424_A|T,24469_T|A,25000_C|T,25584_C|T,26060_C|T,26270_C|T,26529_G|A,26577_C|G,26709_G|A,27807_C|T,28271_A|T,28311_C|T,28881_G|A,28882_G|A,28883_G|C,29510_A|C,11288_11296,21633_21641,21765_21770,28362_28370,29734_29759
OX243760	XAZ	241_C|T,670_T|G,1912_C|T,2232_C|T,2790_C|T,3037_C|T,3317_C|T,3358_T|C,4184_G|A,4321_C|T,6230_C|T,9344_C|T,9424_A|G,9534_C|T,10029_C|T,10198_C|T,10447_G|A,10449_C|A,12160_G|A,12880_C|T,14408_C|T,15714_C|T,17410_C|T,18163_A|G,19955_C|T,20055_A|G,21618_C|T,21987_G|A,22200_T|G,22578_G|A,22674_C|T,22679_T|C,22686_C|T,22688_A|G,22775_G|A,22786_A|C,22813_G|T,22882_T|G,22917_T|G,22992_G|A,22995_C|A,23013_A|C,23018_T|G,23055_A|G,23063_A|T,23075_T|C,23403_A|G,23525_C|T,23599_T|G,23604_C|A,23854_C|A,23948_G|T,24424_A|T,24469_T|A,25000_C|T,25584_C|T,26060_C|T,26270_C|T,26529_G|A,26577_C|G,26709_G|A,27807_C|T,28114_T|G,28271_A|T,28311_C|T,28881_G|A,28882_G|A,28883_G|C,29422_G|A,29510_A|C,11288_11296,21633_21641,21765_21770,28362_28370,29734_29759
OX244220	XAZ	162_C|T,241_C|T,670_T|G,1912_C|T,2232_C|T,2790_C|T,3037_C|T,3317_C|T,3358_T|C,4184_G|A,4321_C|T,9344_C|T,9424_A|G,9534_C|T,10029_C|T,10198_C|T,10447_G|A,10449_C|A,12160_G|A,12880_C|T,14408_C|T,15714_C|T,17410_C|T,18163_A|G,19955_C|T,19983_C|T,20055_A|G,21618_C|T,21987_G|A,22200_T|G,22578_G|A,22674_C|T,22679_T|C,22686_C|T,22688_A|G,22775_G|A,22813_G|T,22882_T|G,22917_T|G,22992_G|A,22995_C|A,23013_A|C,23018_T|G,23055_A|G,23063_A|T,23075_T|C,23403_A|G,23525_C|T,23599_T|G,23604_C|A,23854_C|A,23948_G|T,24424_A|T,24469_T|A,24800_G|T,25000_C|T,25584_C|T,26060_C|T,26270_C|T,26529_G|A,26577_C|G,26709_G|A,27807_C|T,28271_A|T,28311_C|T,28395_G|T,28881_G|A,28882_G|A,28883_G|C,29510_A|C,11288_11296,21633_21641,21765_21770,28362_28370,29734_29759
OX258913	XAZ	162_C|T,241_C|T,670_T|G,1912_C|T,2232_C|T,2790_C|T,3037_C|T,3317_C|T,3358_T|C,4184_G|A,4321_C|T,9344_C|T,9424_A|G,9534_C|T,10029_C|T,10198_C|T,10447_G|A,10449_C|A,12160_G|A,12880_C|T,14408_C|T,15714_C|T,17410_C|T,18163_A|G,19955_C|T,20055_A|G,21618_C|T,21987_G|A,22200_T|G,22578_G|A,22674_C|T,22679_T|C,22686_C|T,22688_A|G,22775_G|A,22813_G|T,22882_T|G,22917_T|G,22992_G|A,22995_C|A,23013_A|C,23018_T|G,23055_A|G,23063_A|T,23075_T|C,23403_A|G,23525_C|T,23599_T|G,23604_C|A,23854_C|A,23948_G|T,24424_A|T,24469_T|A,25000_C|T,25584_C|T,26060_C|T,26270_C|T,26529_G|A,26577_C|G,26709_G|A,27807_C|T,28271_A|T,28311_C|T,28881_G|A,28882_G|A,28883_G|C,29510_A|C,11288_11296,21633_21641,21765_21770,28362_28370,29734_29759
OX261760	XAZ	162_C|T,241_C|T,670_T|G,1912_C|T,2232_C|T,2790_C|T,3037_C|T,3317_C|T,3358_T|C,4184_G|A,4321_C|T,9344_C|T,9424_A|G,9534_C|T,10029_C|T,10198_C|T,10447_G|A,10449_C|A,12160_G|A,12880_C|T,14408_C|T,15714_C|T,17410_C|T,18163_A|G,19955_C|T,20055_A|G,21618_C|T,21987_G|A,22200_T|G,22578_G|A,22674_C|T,22679_T|C,22686_C|T,22688_A|G,22775_G|A,22813_G|T,22882_T|G,22917_T|G,22992_G|A,22995_C|A,23013_A|C,23018_T|G,23055_A|G,23063_A|T,23075_T|C,23403_A|G,23439_C|T,23525_C|T,23599_T|G,23604_C|A,23854_C|A,23948_G|T,24424_A|T,24469_T|A,25000_C|T,25584_C|T,26060_C|T,26270_C|T,26529_G|A,26577_C|G,26709_G|A,27807_C|T,28271_A|T,28311_C|T,28881_G|A,28882_G|A,28883_G|C,29510_A|C,11288_11296,21633_21641,21765_21770,28362_28370,29734_29759
OX277881	XAZ	162_C|T,241_C|T,670_T|G,1288_C|T,1912_C|T,2232_C|T,2790_C|T,3037_C|T,3317_C|T,3358_T|C,4060_A|C,4184_G|A,4321_C|T,9344_C|T,9424_A|G,9534_C|T,10029_C|T,10198_C|T,10447_G|A,10449_C|A,12160_G|A,12880_C|T,14408_C|T,15714_C|T,17410_C|T,18163_A|G,19955_C|T,20055_A|G,21618_C|T,21987_G|A,22200_T|G,22578_G|A,22674_C|T,22679_T|C,22686_C|T,22688_A|G,22775_G|A,22786_A|C,22813_G|T,22882_T|G,22917_T|G,22992_G|A,22995_C|A,23013_A|C,23018_T|G,23055_A|G,23063_A|T,23075_T|C,23403_A|G,23525_C|T,23599_T|G,23604_C|A,23854_C|A,23948_G|T,24424_A|T,24469_T|A,25000_C|T,25584_C|T,26060_C|T,26270_C|T,26529_G|A,26577_C|G,26709_G|A,27807_C|T,28271_A|T,28311_C|T,28881_G|A,28882_G|A,28883_G|C,29510_A|C,11288_11296,21633_21641,21765_21770,28362_28370,29734_29759
OX277908	XAZ	162_C|T,241_C|T,670_T|G,1912_C|T,2232_C|T,2790_C|T,3037_C|T,3317_C|T,3358_T|C,4184_G|A,4321_C|T,5142_C|T,9344_C|T,9424_A|G,9534_C|T,9996_C|T,10029_C|T,10198_C|T,10447_G|A,10449_C|A,10786_A|G,12160_G|A,12880_C|T,14408_C|T,15714_C|T,17410_C|T,18163_A|G,19955_C|T,20055_A|G,21618_C|T,21987_G|A,22200_T|G,22578_G|A,22674_C|T,22679_T|C,22686_C|T,22688_A|G,22775_G|A,22813_G|T,22882_T|G,22917_T|G,22992_G|A,22995_C|A,23013_A|C,23018_T|G,23055_A|G,23063_A|T,23075_T|C,23403_A|G,23525_C|T,23599_T|G,23604_C|A,23854_C|A,23948_G|T,24424_A|T,24469_T|A,25000_C|T,25217_G|T,25584_C|T,26060_C|T,26270_C|T,26529_G|A,26577_C|G,26709_G|A,27807_C|T,28271_A|T,28311_C|T,28881_G|A,28882_G|A,28883_G|C,29510_A|C,11288_11296,21633_21641,21765_21770,28362_28370,29734_29759
OX278068	XAZ	241_C|T,670_T|G,1912_C|T,2232_C|T,2790_C|T,3037_C|T,3317_C|T,3358_T|C,4184_G|A,4321_C|T,5707_T|C,6157_T|C,6230_C|T,7136_T|A,9344_C|T,9424_A|G,9534_C|T,10029_C|T,10198_C|T,10447_G|A,10449_C|A,12160_G|A,12880_C|T,14408_C|T,15714_C|T,17410_C|T,18163_A|G,19955_C|T,20055_A|G,21618_C|T,21987_G|A,22200_T|G,22578_G|A,22674_C|T,22679_T|C,22686_C|T,22688_A|G,22775_G|A,22813_G|T,22882_T|G,22917_T|G,22992_G|A,22995_C|A,23013_A|C,23018_T|G,23055_A|G,23063_A|T,23075_T|C,23403_A|G,23525_C|T,23589_C|T,23599_T|G,23604_C|A,23854_C|A,23948_G|T,24424_A|T,24469_T|A,25000_C|T,25584_C|T,26060_C|T,26270_C|T,26529_G|A,26577_C|G,26709_G|A,27807_C|T,28114_T|G,28271_A|T,28311_C|T,28881_G|A,28882_G|A,28883_G|C,29510_A|C,11288_11296,21633_21641,21765_21770,28362_28370,29734_29759
OX279754	XAZ	162_C|T,241_C|T,670_T|G,1912_C|T,2232_C|T,2790_C|T,3037_C|T,3317_C|T,3358_T|C,4184_G|A,4321_C|T,9344_C|T,9424_A|G,9534_C|T,10029_C|T,10198_C|T,10447_G|A,10449_C|A,12160_G|A,12880_C|T,14408_C|T,15714_C|T,17410_C|T,18163_A|G,19955_C|T,20055_A|G,21618_C|T,21987_G|A,22200_T|G,22578_G|A,22674_C|T,22679_T|C,22686_C|T,22688_A|G,22775_G|A,22813_G|T,22882_T|G,22917_T|G,22992_G|A,22995_C|A,23013_A|C,23018_T|G,23055_A|G,23063_A|T,23075_T|C,23403_A|G,23525_C|T,23599_T|G,23604_C|A,23854_C|A,23948_G|T,24424_A|T,24469_T|A,25000_C|T,25584_C|T,26060_C|T,26270_C|T,26529_G|A,26577_C|G,26709_G|A,27807_C|T,28271_A|T,28311_C|T,28881_G|A,28882_G|A,28883_G|C,29510_A|C,11288_11296,21633_21641,21765_21770,28362_28370,29734_29759
OX280019	XAZ	162_C|T,241_C|T,670_T|G,2232_C|T,2790_C|T,3037_C|T,3317_C|T,3358_T|C,4060_A|C,4184_G|A,4321_C|T,9344_C|T,9424_A|G,9534_C|T,10029_C|T,10198_C|T,10447_G|A,10449_C|A,12160_G|A,12880_C|T,14408_C|T,15656_C|T,15714_C|T,17410_C|T,18163_A|G,19955_C|T,20055_A|G,21618_C|T,21987_G|A,22200_T|G,22578_G|A,22674_C|T,22679_T|C,22686_C|T,22688_A|G,22775_G|A,22786_A|C,22813_G|T,22882_T|G,22917_T|G,22992_G|A,22995_C|A,23013_A|C,23018_T|G,23055_A|G,23063_A|T,23075_T|C,23403_A|G,23525_C|T,23599_T|G,23604_C|A,23854_C|A,23948_G|T,24424_A|T,24469_T|A,25000_C|T,25584_C|T,26060_C|T,26270_C|T,26529_G|A,26577_C|G,26709_G|A,27807_C|T,28271_A|T,28311_C|T,28881_G|A,28882_G|A,28883_G|C,29510_A|C,11288_11296,21633_21641,21765_21770,28362_28370,29734_29759
OX280149	XAZ	162_C|T,241_C|T,670_T|G,1912_C|T,2232_C|T,2790_C|T,3037_C|T,3317_C|T,3358_T|C,4184_G|A,4321_C|T,9344_C|T,9424_A|G,9534_C|T,10029_C|T,10198_C|T,10447_G|A,10449_C|A,12160_G|A,12880_C|T,14408_C|T,15714_C|T,17410_C|T,18163_A|G,19955_C|T,20055_A|G,21618_C|T,21987_G|A,22200_T|G,22578_G|A,22674_C|T,22679_T|C,22686_C|T,22688_A|G,22775_G|A,22813_G|T,22882_T|G,22917_T|G,22992_G|A,22995_C|A,23013_A|C,23018_T|G,23055_A|G,23063_A|T,23075_T|C,23403_A|G,23525_C|T,23599_T|G,23604_C|A,23854_C|A,23948_G|T,24424_A|T,24469_T|A,25000_C|T,25584_C|T,26060_C|T,26270_C|T,26529_G|A,26577_C|G,26709_G|A,27807_C|T,28271_A|T,28311_C|T,28881_G|A,28882_G|A,28883_G|C,29510_A|C,11288_11296,21633_21641,21765_21770,28362_28370,29734_29759
OX280357	XAZ	241_C|T,670_T|G,1912_C|T,2232_C|T,2790_C|T,3037_C|T,3317_C|T,3358_T|C,4184_G|A,4321_C|T,6230_C|T,9344_C|T,9424_A|G,9534_C|T,10029_C|T,10198_C|T,10447_G|A,10449_C|A,12160_G|A,12880_C|T,14408_C|T,15714_C|T,17410_C|T,18163_A|G,19955_C|T,20055_A|G,21618_C|T,21987_G|A,22200_T|G,22267_C|T,22578_G|A,22674_C|T,22679_T|C,22686_C|T,22688_A|G,22775_G|A,22786_A|C,22813_G|T,22882_T|G,22917_T|G,22992_G|A,22995_C|A,23013_A|C,23018_T|G,23055_A|G,23063_A|T,23075_T|C,23403_A|G,23525_C|T,23599_T|G,23604_C|A,23854_C|A,23948_G|T,24424_A|T,24469_T|A,25000_C|T,25584_C|T,25958_A|G,26060_C|T,26270_C|T,26529_G|A,26577_C|G,26709_G|A,27807_C|T,28114_T|G,28271_A|T,28311_C|T,28881_G|A,28882_G|A,28883_G|C,29402_G|T,29510_A|C,11288_11296,21633_21641,21765_21770,28362_28370,29734_29759
OX282681	XAZ	162_C|T,241_C|T,670_T|G,1912_C|T,2232_C|T,2790_C|T,3037_C|T,3317_C|T,3358_T|C,4184_G|A,4321_C|T,9344_C|T,9424_A|G,9534_C|T,10029_C|T,10198_C|T,10447_G|A,10449_C|A,12160_G|A,12880_C|T,14408_C|T,15714_C|T,17410_C|T,18163_A|G,19955_C|T,20055_A|G,21600_G|T,21618_C|T,21987_G|A,22200_T|G,22578_G|A,22674_C|T,22679_T|C,22686_C|T,22688_A|G,22775_G|A,22786_A|C,22813_G|T,22882_T|G,22917_T|G,22992_G|A,22995_C|A,23013_A|C,23018_T|G,23055_A|G,23063_A|T,23075_T|C,23403_A|G,23525_C|T,23599_T|G,23604_C|A,23854_C|A,23948_G|T,24424_A|T,24469_T|A,25000_C|T,25584_C|T,26060_C|T,26270_C|T,26529_G|A,26577_C|G,26709_G|A,27807_C|T,28271_A|T,28311_C|T,28881_G|A,28882_G|A,28883_G|C,29510_A|C,11288_11296,21633_21641,21765_21770,28362_28370,29734_29759
OX286892	XAZ	241_C|T,670_T|G,1912_C|T,2232_C|T,2790_C|T,3037_C|T,3317_C|T,3358_T|C,4184_G|A,4321_C|T,6230_C|T,9344_C|T,9424_A|G,9534_C|T,10029_C|T,10198_C|T,10447_G|A,10449_C|A,12160_G|A,12880_C|T,14408_C|T,15714_C|T,17410_C|T,18163_A|G,19955_C|T,20055_A|G,21618_C|T,21987_G|A,22200_T|G,22578_G|A,22674_C|T,22679_T|C,22686_C|T,22688_A|G,22775_G|A,22786_A|C,22813_G|T,22882_T|G,22917_T|G,22992_G|A,22995_C|A,23013_A|C,23018_T|G,23055_A|G,23063_A|T,23075_T|C,23403_A|G,23525_C|T,23599_T|G,23604_C|A,23854_C|A,23948_G|T,24424_A|T,24469_T|A,25000_C|T,25234_G|A,25584_C|T,25958_A|G,26060_C|T,26270_C|T,26529_G|A,26577_C|G,26709_G|A,27807_C|T,28114_T|G,28271_A|T,28311_C|T,28881_G|A,28882_G|A,28883_G|C,29402_G|T,29510_A|C,11288_11296,21633_21641,21765_21770,28362_28370,29734_29759
OX297142	XAZ	106_C|T,241_C|T,670_T|G,1912_C|T,2232_C|T,2790_C|T,3037_C|T,3317_C|T,3358_T|C,4184_G|A,4321_C|T,6230_C|T,9344_C|T,9424_A|G,9534_C|T,10029_C|T,10198_C|T,10447_G|A,10449_C|A,12160_G|A,12880_C|T,14408_C|T,15714_C|T,17410_C|T,18163_A|G,19955_C|T,20055_A|G,21618_C|T,21987_G|A,22200_T|G,22578_G|A,22674_C|T,22679_T|C,22686_C|T,22688_A|G,22775_G|A,22813_G|T,22882_T|G,22917_T|G,22992_G|A,22995_C|A,23013_A|C,23018_T|G,23055_A|G,23063_A|T,23075_T|C,23403_A|G,23525_C|T,23599_T|G,23604_C|A,23854_C|A,23948_G|T,24424_A|T,24469_T|A,25000_C|T,25584_C|T,26060_C|T,26270_C|T,26529_G|A,26577_C|G,26709_G|A,27807_C|T,28114_T|G,28271_A|T,28311_C|T,28881_G|A,28882_G|A,28883_G|C,29402_G|T,29510_A|C,11288_11296,21633_21641,21765_21770,28362_28370,29734_29759
OX297250	XAZ	241_C|T,670_T|G,1912_C|T,2232_C|T,2790_C|T,3037_C|T,3317_C|T,3358_T|C,4184_G|A,4321_C|T,7081_C|T,7104_C|T,8660_C|T,9344_C|T,9424_A|G,9534_C|T,10029_C|T,10198_C|T,10447_G|A,10449_C|A,10714_C|T,12160_G|A,12880_C|T,14408_C|T,14927_A|G,15714_C|T,17410_C|T,18163_A|G,19955_C|T,20055_A|G,21618_C|T,21807_C|T,21987_G|A,22200_T|G,22578_G|A,22674_C|T,22679_T|C,22686_C|T,22688_A|G,22775_G|A,22813_G|T,22882_T|G,22917_T|G,22992_G|A,22995_C|A,23013_A|C,23018_T|G,23055_A|G,23063_A|T,23075_T|C,23403_A|G,23525_C|T,23599_T|G,23604_C|A,23854_C|A,23948_G|T,24424_A|T,24469_T|A,25000_C|T,25584_C|T,26060_C|T,26270_C|T,26529_G|A,26577_C|G,26709_G|A,27807_C|T,28003_G|A,28227_C|T,28271_A|T,28311_C|T,28881_G|A,28882_G|A,28883_G|C,29510_A|C,11288_11296,21633_21641,21765_21770,28362_28370,29734_29759
OX297325	XAZ	162_C|T,241_C|T,670_T|G,1912_C|T,2232_C|T,2790_C|T,3037_C|T,3317_C|T,3358_T|C,4184_G|A,4321_C|T,9344_C|T,9424_A|G,9534_C|T,10029_C|T,10198_C|T,10447_G|A,10449_C|A,12160_G|A,12880_C|T,14408_C|T,15714_C|T,17410_C|T,18163_A|G,19955_C|T,20055_A|G,21618_C|T,21987_G|A,22200_T|G,22578_G|A,22674_C|T,22679_T|C,22686_C|T,22688_A|G,22775_G|A,22813_G|T,22882_T|G,22917_T|G,22992_G|A,22995_C|A,23013_A|C,23018_T|G,23055_A|G,23063_A|T,23075_T|C,23403_A|G,23525_C|T,23599_T|G,23604_C|A,23854_C|A,23948_G|T,24424_A|T,24469_T|A,25000_C|T,25584_C|T,26060_C|T,26270_C|T,26529_G|A,26577_C|G,26709_G|A,27807_C|T,28271_A|T,28311_C|T,28881_G|A,28882_G|A,28883_G|C,29510_A|C,11288_11296,21633_21641,21765_21770,28362_28370,29734_29759
OX297391	XAZ	162_C|T,241_C|T,670_T|G,1912_C|T,2232_C|T,2695_C|T,2790_C|T,3037_C|T,3317_C|T,3358_T|C,4184_G|A,4321_C|T,9344_C|T,9424_A|G,9534_C|T,10029_C|T,10198_C|T,10447_G|A,10449_C|A,12160_G|A,12880_C|T,14408_C|T,15714_C|T,17410_C|T,18163_A|G,19955_C|T,20055_A|G,21618_C|T,21987_G|A,22200_T|G,22578_G|A,22674_C|T,22679_T|C,22686_C|T,22688_A|G,22775_G|A,22813_G|T,22882_T|G,22917_T|G,22992_G|A,22995_C|A,23013_A|C,23018_T|G,23055_A|G,23063_A|T,23075_T|C,23403_A|G,23525_C|T,23599_T|G,23604_C|A,23854_C|A,23948_G|T,24424_A|T,24469_T|A,25000_C|T,25584_C|T,26060_C|T,26270_C|T,26529_G|A,26577_C|G,26709_G|A,27807_C|T,28271_A|T,28311_C|T,28881_G|A,28882_G|A,28883_G|C,29510_A|C,11288_11296,21633_21641,21765_21770,28362_28370,29734_29759
OX297619	XAZ	162_C|T,241_C|T,670_T|G,1912_C|T,2790_C|T,3037_C|T,3317_C|T,3358_T|C,4184_G|A,4321_C|T,9344_C|T,9424_A|G,9534_C|T,10029_C|T,10198_C|T,10447_G|A,10449_C|A,12160_G|A,12880_C|T,14408_C|T,15714_C|T,17410_C|T,18163_A|G,19955_C|T,20055_A|G,21618_C|T,21987_G|A,22200_T|G,22578_G|A,22674_C|T,22679_T|C,22686_C|T,22688_A|G,22775_G|A,22813_G|T,22882_T|G,22917_T|G,22992_G|A,22995_C|A,23013_A|C,23018_T|G,23055_A|G,23063_A|T,23075_T|C,23403_A|G,23525_C|T,23599_T|G,23604_C|A,23854_C|A,23948_G|T,24424_A|T,24469_T|A,25000_C|T,25350_C|T,25584_C|T,26060_C|T,26270_C|T,26529_G|A,26577_C|G,26709_G|A,27807_C|T,28271_A|T,28311_C|T,28881_G|A,28882_G|A,28883_G|C,29510_A|C,11288_11296,21633_21641,21765_21770,28362_28370,29734_29759
OX297653	XAZ	162_C|T,241_C|T,670_T|G,1912_C|T,2790_C|T,3037_C|T,3317_C|T,3358_T|C,4184_G|A,4321_C|T,9344_C|T,9424_A|G,9534_C|T,10029_C|T,10198_C|T,10447_G|A,10449_C|A,12160_G|A,12880_C|T,14408_C|T,15714_C|T,17410_C|T,18163_A|G,19955_C|T,20055_A|G,21618_C|T,21987_G|A,22200_T|G,22578_G|A,22674_C|T,22679_T|C,22686_C|T,22688_A|G,22775_G|A,22813_G|T,22882_T|G,22917_T|G,22992_G|A,22995_C|A,23013_A|C,23018_T|G,23055_A|G,23063_A|T,23075_T|C,23403_A|G,23525_C|T,23599_T|G,23604_C|A,23854_C|A,23948_G|T,24424_A|T,24469_T|A,25000_C|T,25584_C|T,26060_C|T,26270_C|T,26529_G|A,26577_C|G,26709_G|A,27807_C|T,28271_A|T,28311_C|T,28881_G|A,28882_G|A,28883_G|C,29510_A|C,11288_11296,21633_21641,21765_21770,28362_28370,29734_29759
OX298869	XAZ	162_C|T,241_C|T,670_T|G,1912_C|T,2790_C|T,3037_C|T,3317_C|T,3358_T|C,4184_G|A,4321_C|T,9344_C|T,9424_A|G,9534_C|T,10029_C|T,10198_C|T,10447_G|A,10449_C|A,12160_G|A,12880_C|T,14408_C|T,15714_C|T,17410_C|T,18163_A|G,19955_C|T,20055_A|G,21618_C|T,21987_G|A,22200_T|G,22578_G|A,22674_C|T,22679_T|C,22686_C|T,22688_A|G,22775_G|A,22786_A|C,22813_G|T,22882_T|G,22917_T|G,22992_G|A,22995_C|A,23013_A|C,23018_T|G,23055_A|G,23063_A|T,23075_T|C,23403_A|G,23525_C|T,23599_T|G,23604_C|A,23854_C|A,23948_G|T,24424_A|T,24469_T|A,25000_C|T,25584_C|T,26060_C|T,26270_C|T,26529_G|A,26577_C|G,26709_G|A,27807_C|T,28271_A|T,28311_C|T,28881_G|A,28882_G|A,28883_G|C,29510_A|C,11288_11296,21633_21641,21765_21770,28362_28370,29734_29759
OX298945	XAZ	241_C|T,670_T|G,678_C|T,1912_C|T,2790_C|T,3037_C|T,3317_C|T,3358_T|C,3787_C|T,4184_G|A,4321_C|T,6230_C|T,9344_C|T,9424_A|G,9534_C|T,10029_C|T,10198_C|T,10447_G|A,10449_C|A,12160_G|A,12880_C|T,14408_C|T,15714_C|T,17410_C|T,18163_A|G,19955_C|T,20055_A|G,21618_C|T,21987_G|A,22200_T|G,22578_G|A,22674_C|T,22679_T|C,22686_C|T,22688_A|G,22775_G|A,22813_G|T,22882_T|G,22917_T|G,22992_G|A,22995_C|A,23013_A|C,23018_T|G,23055_A|G,23063_A|T,23075_T|C,23403_A|G,23525_C|T,23599_T|G,23604_C|A,23854_C|A,23948_G|T,24424_A|T,24469_T|A,25000_C|T,25584_C|T,26060_C|T,26270_C|T,26529_G|A,26577_C|G,26709_G|A,27807_C|T,28114_T|G,28271_A|T,28311_C|T,28881_G|A,28882_G|A,28883_G|C,29402_G|T,29510_A|C,11288_11296,21633_21641,21765_21770,28362_28370,29734_29759
OX327990	XAZ	241_C|T,670_T|G,1912_C|T,2232_C|T,2790_C|T,3037_C|T,3149_T|A,3317_C|T,3358_T|C,4184_G|A,4321_C|T,9344_C|T,9424_A|G,9534_C|T,10029_C|T,10198_C|T,10447_G|A,10449_C|A,12160_G|A,12880_C|T,13665_C|T,14408_C|T,15714_C|T,17410_C|T,18163_A|G,19955_C|T,20055_A|G,20353_T|G,21618_C|T,21987_G|A,22200_T|G,22578_G|A,22674_C|T,22679_T|C,22686_C|T,22688_A|G,22775_G|A,22813_G|T,22882_T|G,22917_T|G,22992_G|A,22995_C|A,23013_A|C,23018_T|G,23055_A|G,23063_A|T,23075_T|C,23403_A|G,23525_C|T,23599_T|G,23604_C|A,23854_C|A,23948_G|T,24424_A|T,24469_T|A,25000_C|T,25584_C|T,26060_C|T,26270_C|T,26529_G|A,26577_C|G,26709_G|A,27807_C|T,28271_A|T,28311_C|T,28881_G|A,28882_G|A,28883_G|C,28980_G|T,29466_C|T,29510_A|C,11288_11296,21633_21641,21765_21770,28362_28370,29734_29759
OX328399	XAZ	162_C|T,241_C|T,670_T|G,1912_C|T,2232_C|T,2508_C|T,2790_C|T,3037_C|T,3317_C|T,3358_T|C,4184_G|A,4321_C|T,8149_T|C,9344_C|T,9424_A|G,9534_C|T,10029_C|T,10198_C|T,10447_G|A,10449_C|A,12160_G|A,12880_C|T,14408_C|T,15714_C|T,17410_C|T,18163_A|G,19955_C|T,20055_A|G,21618_C|T,21987_G|A,22200_T|G,22578_G|A,22674_C|T,22679_T|C,22686_C|T,22688_A|G,22775_G|A,22786_A|C,22813_G|T,22882_T|G,22917_T|G,22992_G|A,22995_C|A,23013_A|C,23018_T|G,23055_A|G,23063_A|T,23075_T|C,23403_A|G,23525_C|T,23599_T|G,23604_C|A,23854_C|A,23948_G|T,24424_A|T,24469_T|A,25000_C|T,25584_C|T,26060_C|T,26270_C|T,26529_G|A,26577_C|G,26709_G|A,27038_A|T,27384_T|C,27807_C|T,28271_A|T,28311_C|T,28881_G|A,28882_G|A,28883_G|C,29447_G|T,29510_A|C,11288_11296,21633_21641,21765_21770,28362_28370,29734_29759
OX328651	XAZ	241_C|T,670_T|G,678_C|T,1912_C|T,2232_C|T,2790_C|T,3037_C|T,3317_C|T,3358_T|C,3787_C|T,4184_G|A,4321_C|T,6230_C|T,9344_C|T,9424_A|G,9534_C|T,10029_C|T,10198_C|T,10447_G|A,10449_C|A,12160_G|A,12880_C|T,14408_C|T,15714_C|T,17410_C|T,18163_A|G,19955_C|T,20055_A|G,21618_C|T,21987_G|A,22200_T|G,22578_G|A,22674_C|T,22679_T|C,22686_C|T,22688_A|G,22775_G|A,22813_G|T,22882_T|G,22917_T|G,22992_G|A,22995_C|A,23013_A|C,23018_T|G,23055_A|G,23063_A|T,23075_T|C,23403_A|G,23525_C|T,23599_T|G,23604_C|A,23854_C|A,23948_G|T,24424_A|T,24469_T|A,25000_C|T,25584_C|T,26060_C|T,26270_C|T,26529_G|A,26577_C|G,26709_G|A,27807_C|T,28114_T|G,28271_A|T,28311_C|T,28881_G|A,28882_G|A,28883_G|C,29402_G|T,29510_A|C,11288_11296,21633_21641,21765_21770,28362_28370,29734_29759
OX336799	XAZ	241_C|T,270_A|G,670_T|G,678_C|T,1912_C|T,2232_C|T,2790_C|T,3037_C|T,3117_C|T,3317_C|T,3358_T|C,3787_C|T,4184_G|A,4321_C|T,6230_C|T,9344_C|T,9424_A|G,9430_C|T,9534_C|T,10029_C|T,10198_C|T,10447_G|A,10449_C|A,12160_G|A,12880_C|T,14408_C|T,15714_C|T,17410_C|T,18163_A|G,19955_C|T,20055_A|G,21618_C|T,21987_G|A,22200_T|G,22578_G|A,22674_C|T,22679_T|C,22686_C|T,22688_A|G,22775_G|A,22786_A|C,22813_G|T,22882_T|G,22917_T|G,22992_G|A,22995_C|A,23013_A|C,23018_T|G,23055_A|G,23063_A|T,23075_T|C,23403_A|G,23525_C|T,23599_T|G,23604_C|A,23854_C|A,23948_G|T,24424_A|T,24469_T|A,25000_C|T,25584_C|T,26060_C|T,26270_C|T,26529_G|A,26577_C|G,26709_G|A,27807_C|T,28114_T|G,28271_A|T,28311_C|T,28881_G|A,28882_G|A,28883_G|C,29402_G|T,29510_A|C,11288_11296,21633_21641,21765_21770,28362_28370,29734_29759
OX341967	XAZ	241_C|T,670_T|G,1912_C|T,2232_C|T,2790_C|T,3037_C|T,3317_C|T,3358_T|C,3403_G|T,4184_G|A,4321_C|T,9344_C|T,9424_A|G,9534_C|T,10029_C|T,10198_C|T,10447_G|A,10449_C|A,12025_C|T,12160_G|A,12880_C|T,14408_C|T,15714_C|T,17410_C|T,18163_A|G,19263_C|T,19955_C|T,20055_A|G,21618_C|T,21987_G|A,22200_T|G,22578_G|A,22674_C|T,22679_T|C,22686_C|T,22688_A|G,22775_G|A,22813_G|T,22882_T|G,22917_T|G,22992_G|A,22995_C|A,23013_A|C,23018_T|G,23055_A|G,23063_A|T,23075_T|C,23403_A|G,23525_C|T,23599_T|G,23604_C|A,23854_C|A,23948_G|T,24424_A|T,24469_T|A,25000_C|T,25495_A|G,25584_C|T,26060_C|T,26270_C|T,26529_G|A,26577_C|G,26709_G|A,27807_C|T,28271_A|T,28311_C|T,28881_G|A,28882_G|A,28883_G|C,29510_A|C,11288_11296,21633_21641,21765_21770,28362_28370,29734_29759
OX342012	XAZ	162_C|T,241_C|T,670_T|G,1912_C|T,2232_C|T,2790_C|T,3037_C|T,3317_C|T,3358_T|C,4184_G|A,4321_C|T,9344_C|T,9424_A|G,9534_C|T,10029_C|T,10198_C|T,10447_G|A,10449_C|A,12160_G|A,12880_C|T,14408_C|T,15714_C|T,17410_C|T,17985_C|T,18163_A|G,19955_C|T,19970_C|T,20055_A|G,21618_C|T,21987_G|A,22200_T|G,22578_G|A,22674_C|T,22679_T|C,22686_C|T,22688_A|G,22775_G|A,22786_A|C,22813_G|T,22882_T|G,22917_T|G,22992_G|A,22995_C|A,23013_A|C,23018_T|G,23055_A|G,23063_A|T,23075_T|C,23403_A|G,23525_C|T,23599_T|G,23604_C|A,23854_C|A,23948_G|T,24424_A|T,24469_T|A,25000_C|T,25584_C|T,26060_C|T,26270_C|T,26529_G|A,26577_C|G,26709_G|A,27807_C|T,28271_A|T,28311_C|T,28853_T|C,28881_G|A,28882_G|A,28883_G|C,29510_A|C,11288_11296,21633_21641,21765_21770,28362_28370,29734_29759
OX342068	XAZ	241_C|T,670_T|G,1524_G|A,1912_C|T,2232_C|T,2790_C|T,3037_C|T,3317_C|T,3358_T|C,4184_G|A,4321_C|T,9344_C|T,9424_A|G,9534_C|T,10029_C|T,10198_C|T,10447_G|A,10449_C|A,12160_G|A,12880_C|T,14408_C|T,15714_C|T,17410_C|T,18163_A|G,19955_C|T,20055_A|G,21618_C|T,21987_G|A,22200_T|G,22578_G|A,22674_C|T,22679_T|C,22686_C|T,22688_A|G,22775_G|A,22786_A|C,22813_G|T,22882_T|G,22917_T|G,22992_G|A,22995_C|A,23013_A|C,23018_T|G,23055_A|G,23063_A|T,23075_T|C,23403_A|G,23525_C|T,23599_T|G,23604_C|A,23854_C|A,23948_G|T,24424_A|T,24469_T|A,25000_C|T,25584_C|T,26060_C|T,26270_C|T,26529_G|A,26577_C|G,26709_G|A,27807_C|T,28271_A|T,28311_C|T,28881_G|A,28882_G|A,28883_G|C,29510_A|C,29781_G|T,11288_11296,21633_21641,21765_21770,28362_28370,29734_29759
OX342120	XAZ	241_C|T,670_T|G,1906_T|C,1912_C|T,2232_C|T,2790_C|T,3037_C|T,3317_C|T,3358_T|C,4184_G|A,4321_C|T,9344_C|T,9424_A|G,9534_C|T,10029_C|T,10198_C|T,10447_G|A,10449_C|A,12160_G|A,12880_C|T,14408_C|T,15714_C|T,17410_C|T,18163_A|G,19955_C|T,20055_A|G,21618_C|T,21987_G|A,22200_T|G,22578_G|A,22674_C|T,22679_T|C,22686_C|T,22688_A|G,22775_G|A,22786_A|C,22813_G|T,22882_T|G,22917_T|G,22992_G|A,22995_C|A,23013_A|C,23018_T|G,23055_A|G,23063_A|T,23075_T|C,23403_A|G,23525_C|T,23599_T|G,23604_C|A,23854_C|A,23948_G|T,24424_A|T,24469_T|A,25000_C|T,25584_C|T,26060_C|T,26270_C|T,26529_G|A,26577_C|G,26709_G|A,27807_C|T,28271_A|T,28311_C|T,28881_G|A,28882_G|A,28883_G|C,29510_A|C,11288_11296,21633_21641,21765_21770,28362_28370,29734_29759
OX342433	XAZ	162_C|T,241_C|T,670_T|G,1912_C|T,2790_C|T,3037_C|T,3317_C|T,3358_T|C,4060_A|C,4184_G|A,4321_C|T,4795_C|T,9344_C|T,9424_A|G,9534_C|T,10029_C|T,10198_C|T,10447_G|A,10449_C|A,12160_G|A,12880_C|T,14408_C|T,15714_C|T,17410_C|T,18163_A|G,19955_C|T,20055_A|G,21618_C|T,21987_G|A,22200_T|G,22578_G|A,22674_C|T,22679_T|C,22686_C|T,22688_A|G,22775_G|A,22813_G|T,22882_T|G,22917_T|G,22992_G|A,22995_C|A,23013_A|C,23018_T|G,23055_A|G,23063_A|T,23075_T|C,23086_C|T,23403_A|G,23525_C|T,23599_T|G,23604_C|A,23854_C|A,23948_G|T,24424_A|T,24469_T|A,25000_C|T,25135_G|T,25584_C|T,26060_C|T,26270_C|T,26529_G|A,26577_C|G,26709_G|A,27807_C|T,28271_A|T,28311_C|T,28881_G|A,28882_G|A,28883_G|C,29510_A|C,11288_11296,21633_21641,21765_21770,28362_28370,29734_29759
OX342474	XAZ	162_C|T,241_C|T,670_T|G,1912_C|T,2790_C|T,3037_C|T,3317_C|T,3358_T|C,4060_A|C,4184_G|A,4321_C|T,4795_C|T,9344_C|T,9424_A|G,9534_C|T,10029_C|T,10198_C|T,10447_G|A,10449_C|A,12160_G|A,12880_C|T,14408_C|T,15714_C|T,17410_C|T,18163_A|G,19955_C|T,20055_A|G,21618_C|T,21987_G|A,22200_T|G,22578_G|A,22674_C|T,22679_T|C,22686_C|T,22688_A|G,22775_G|A,22813_G|T,22882_T|G,22917_T|G,22992_G|A,22995_C|A,23013_A|C,23018_T|G,23055_A|G,23063_A|T,23075_T|C,23086_C|T,23403_A|G,23525_C|T,23599_T|G,23604_C|A,23854_C|A,23948_G|T,24424_A|T,24469_T|A,25000_C|T,25135_G|T,25584_C|T,26060_C|T,26270_C|T,26529_G|A,26577_C|G,26709_G|A,27807_C|T,28271_A|T,28311_C|T,28881_G|A,28882_G|A,28883_G|C,29510_A|C,11288_11296,21633_21641,21765_21770,28362_28370,29734_29759
OX342499	XAZ	162_C|T,241_C|T,670_T|G,1912_C|T,2232_C|T,2790_C|T,3037_C|T,3317_C|T,3358_T|C,4060_A|C,4184_G|A,4321_C|T,4795_C|T,9344_C|T,9424_A|G,9534_C|T,10029_C|T,10198_C|T,10447_G|A,10449_C|A,12160_G|A,12880_C|T,14408_C|T,15714_C|T,17410_C|T,18163_A|G,19955_C|T,20055_A|G,21618_C|T,21987_G|A,22200_T|G,22578_G|A,22674_C|T,22679_T|C,22686_C|T,22688_A|G,22775_G|A,22813_G|T,22882_T|G,22917_T|G,22992_G|A,22995_C|A,23013_A|C,23018_T|G,23055_A|G,23063_A|T,23075_T|C,23086_C|T,23403_A|G,23525_C|T,23599_T|G,23604_C|A,23854_C|A,23948_G|T,24424_A|T,24469_T|A,25000_C|T,25135_G|T,25584_C|T,26060_C|T,26270_C|T,26529_G|A,26577_C|G,26709_G|A,27807_C|T,28271_A|T,28311_C|T,28881_G|A,28882_G|A,28883_G|C,29510_A|C,11288_11296,21633_21641,21765_21770,28362_28370,29734_29759
OX346987	XAZ	162_C|T,241_C|T,396_A|G,670_T|G,1912_C|T,2232_C|T,2790_C|T,3037_C|T,3317_C|T,3358_T|C,4060_A|C,4184_G|A,4321_C|T,4795_C|T,9344_C|T,9424_A|G,9534_C|T,10029_C|T,10198_C|T,10447_G|A,10449_C|A,12160_G|A,12880_C|T,14408_C|T,15714_C|T,17410_C|T,18163_A|G,19955_C|T,20055_A|G,21618_C|T,21987_G|A,22200_T|G,22578_G|A,22674_C|T,22679_T|C,22686_C|T,22688_A|G,22775_G|A,22813_G|T,22882_T|G,22917_T|G,22992_G|A,22995_C|A,23013_A|C,23018_T|G,23055_A|G,23063_A|T,23075_T|C,23086_C|T,23403_A|G,23525_C|T,23599_T|G,23604_C|A,23854_C|A,23948_G|T,24424_A|T,24469_T|A,25000_C|T,25135_G|T,25584_C|T,26060_C|T,26270_C|T,26529_G|A,26577_C|G,26709_G|A,27807_C|T,28271_A|T,28311_C|T,28881_G|A,28882_G|A,28883_G|C,29510_A|C,11288_11296,21633_21641,21765_21770,28362_28370,29734_29759
OX352336	XAZ	162_C|T,241_C|T,670_T|G,1205_C|A,1912_C|T,2232_C|T,2790_C|T,3037_C|T,3317_C|T,3358_T|C,4184_G|A,4321_C|T,4726_T|C,5192_C|T,9344_C|T,9424_A|G,9534_C|T,10029_C|T,10198_C|T,10447_G|A,10449_C|A,12160_G|A,12880_C|T,14408_C|T,15714_C|T,17410_C|T,18163_A|G,19955_C|T,20055_A|G,21618_C|T,21987_G|A,22200_T|G,22578_G|A,22674_C|T,22679_T|C,22686_C|T,22688_A|G,22775_G|A,22786_A|C,22813_G|T,22882_T|G,22917_T|G,22992_G|A,22995_C|A,23013_A|C,23018_T|G,23055_A|G,23063_A|T,23075_T|C,23403_A|G,23525_C|T,23599_T|G,23604_C|A,23854_C|A,23948_G|T,24424_A|T,24469_T|A,25000_C|T,25584_C|T,26060_C|T,26270_C|T,26529_G|A,26577_C|G,26709_G|A,27807_C|T,28271_A|T,28311_C|T,28881_G|A,28882_G|A,28883_G|C,29510_A|C,29774_C|A,11288_11296,21633_21641,21765_21770,28362_28370,29734_29759
OX352379	XAZ	241_C|T,670_T|G,678_C|T,1422_A|G,1912_C|T,2232_C|T,2790_C|T,3037_C|T,3317_C|T,3358_T|C,3787_C|T,4184_G|A,4321_C|T,6230_C|T,9344_C|T,9424_A|G,9534_C|T,10029_C|T,10198_C|T,10447_G|A,10449_C|A,12160_G|A,12880_C|T,14408_C|T,15714_C|T,17410_C|T,18163_A|G,19955_C|T,20055_A|G,21575_C|T,21618_C|T,21987_G|A,22200_T|G,22578_G|A,22674_C|T,22679_T|C,22686_C|T,22688_A|G,22775_G|A,22813_G|T,22882_T|G,22917_T|G,22992_G|A,22995_C|A,23013_A|C,23018_T|G,23055_A|G,23063_A|T,23075_T|C,23403_A|G,23525_C|T,23599_T|G,23604_C|A,23854_C|A,23948_G|T,24424_A|T,24469_T|A,25000_C|T,25336_A|C,25584_C|T,26060_C|T,26270_C|T,26529_G|A,26577_C|G,26709_G|A,27807_C|T,28114_T|G,28271_A|T,28311_C|T,28881_G|A,28882_G|A,28883_G|C,29402_G|T,29510_A|C,11288_11296,21633_21641,21765_21770,28362_28370,29734_29759
OX352433	XAZ	241_C|T,670_T|G,1906_T|C,1912_C|T,2232_C|T,2790_C|T,3037_C|T,3317_C|T,3358_T|C,4184_G|A,4321_C|T,9344_C|T,9424_A|G,9534_C|T,10029_C|T,10198_C|T,10447_G|A,10449_C|A,12160_G|A,12880_C|T,14408_C|T,15714_C|T,17410_C|T,18163_A|G,19955_C|T,20055_A|G,21618_C|T,21987_G|A,22200_T|G,22578_G|A,22674_C|T,22679_T|C,22686_C|T,22688_A|G,22775_G|A,22813_G|T,22882_T|G,22917_T|G,22992_G|A,22995_C|A,23013_A|C,23018_T|G,23055_A|G,23063_A|T,23075_T|C,23403_A|G,23525_C|T,23599_T|G,23604_C|A,23854_C|A,23948_G|T,24424_A|T,24469_T|A,25000_C|T,25584_C|T,26060_C|T,26270_C|T,26529_G|A,26577_C|G,26709_G|A,27807_C|T,28271_A|T,28311_C|T,28881_G|A,28882_G|A,28883_G|C,29510_A|C,11288_11296,21633_21641,21765_21770,28362_28370,29734_29759
OX906520	XAZ	241_C|T,670_T|G,1912_C|T,2232_C|T,2790_C|T,3037_C|T,3317_C|T,3358_T|C,4184_G|A,4321_C|T,9344_C|T,9424_A|G,9534_C|T,10029_C|T,10186_C|T,10198_C|T,10447_G|A,10449_C|A,12160_G|A,12880_C|T,14408_C|T,15714_C|T,17410_C|T,18163_A|G,19955_C|T,20055_A|G,21618_C|T,21987_G|A,22200_T|G,22578_G|A,22674_C|T,22679_T|C,22686_C|T,22688_A|G,22775_G|A,22786_A|C,22813_G|T,22882_T|G,22917_T|G,22992_G|A,22995_C|A,23013_A|C,23018_T|G,23055_A|G,23063_A|T,23075_T|C,23403_A|G,23525_C|T,23599_T|G,23604_C|A,23854_C|A,23948_G|T,24424_A|T,24469_T|A,25000_C|T,25584_C|T,26060_C|T,26270_C|T,26529_G|A,26577_C|G,26709_G|A,27807_C|T,28271_A|T,28311_C|T,28881_G|A,29510_A|C,11288_11296,21633_21641,21765_21770,28362_28370,29734_29759
OX906704	XAZ	241_C|T,670_T|G,1912_C|T,2232_C|T,2790_C|T,3037_C|T,3317_C|T,3358_T|C,4184_G|A,4321_C|T,9344_C|T,9424_A|G,9534_C|T,10029_C|T,10186_C|T,10198_C|T,10447_G|A,10449_C|A,12160_G|A,12880_C|T,14408_C|T,15714_C|T,17410_C|T,18163_A|G,19955_C|T,20055_A|G,21618_C|T,21987_G|A,22200_T|G,22578_G|A,22674_C|T,22679_T|C,22686_C|T,22688_A|G,22775_G|A,22786_A|C,22813_G|T,22882_T|G,22917_T|G,22992_G|A,22995_C|A,23013_A|C,23018_T|G,23055_A|G,23063_A|T,23075_T|C,23403_A|G,23525_C|T,23599_T|G,23604_C|A,23854_C|A,23948_G|T,24424_A|T,24469_T|A,25000_C|T,25584_C|T,26060_C|T,26270_C|T,26529_G|A,26577_C|G,26709_G|A,27807_C|T,28271_A|T,28311_C|T,28881_G|A,28882_G|A,28883_G|C,29510_A|C,11288_11296,21633_21641,21765_21770,28362_28370,29734_29759
OX998990	XAZ	241_C|T,670_T|G,1912_C|T,2232_C|T,2790_C|T,3037_C|T,3317_C|T,3358_T|C,4184_G|A,4321_C|T,9344_C|T,9424_A|G,9534_C|T,10029_C|T,10198_C|T,10447_G|A,10449_C|A,12160_G|A,12880_C|T,14408_C|T,15714_C|T,17410_C|T,18163_A|G,19955_C|T,20055_A|G,21618_C|T,21987_G|A,22200_T|G,22578_G|A,22674_C|T,22679_T|C,22686_C|T,22688_A|G,22775_G|A,22786_A|C,22813_G|T,22882_T|G,22917_T|G,22992_G|A,22995_C|A,23013_A|C,23018_T|G,23055_A|G,23063_A|T,23075_T|C,23403_A|G,23525_C|T,23599_T|G,23604_C|A,23854_C|A,23948_G|T,24424_A|T,24469_T|A,25000_C|T,25584_C|T,26060_C|T,26270_C|T,26529_G|A,26577_C|G,26709_G|A,27807_C|T,28271_A|T,28311_C|T,28881_G|A,29510_A|C,11288_11296,21633_21641,21765_21770,28362_28370,29734_29759
OY019527	XAZ	241_C|T,670_T|G,1912_C|T,2232_C|T,2790_C|T,3037_C|T,3317_C|T,3358_T|C,4184_G|A,4321_C|T,6230_C|T,9344_C|T,9424_A|G,9534_C|T,10029_C|T,10198_C|T,10447_G|A,10449_C|A,12160_G|A,12880_C|T,14408_C|T,15714_C|T,17410_C|T,18163_A|G,19955_C|T,20055_A|G,21618_C|T,21987_G|A,22200_T|G,22578_G|A,22674_C|T,22679_T|C,22686_C|T,22688_A|G,22775_G|A,22786_A|C,22813_G|T,22882_T|G,22917_T|G,22992_G|A,22995_C|A,23013_A|C,23018_T|G,23055_A|G,23063_A|T,23075_T|C,23403_A|G,23525_C|T,23599_T|G,23604_C|A,23854_C|A,23948_G|T,24424_A|T,24469_T|A,25000_C|T,25584_C|T,26060_C|T,26270_C|T,26529_G|A,26577_C|G,26709_G|A,27807_C|T,28114_T|G,28271_A|T,28311_C|T,28881_G|A,28882_G|A,28883_G|C,29510_A|C,686_694,11288_11296,21633_21641,21765_21770,28362_28370
OY021459	XAZ	241_C|T,670_T|G,1912_C|T,2232_C|T,2790_C|T,3037_C|T,3317_C|T,3358_T|C,4184_G|A,4321_C|T,9344_C|T,9424_A|G,9534_C|T,10029_C|T,10447_G|A,10449_C|A,10456_C|T,10714_C|T,12160_G|A,12880_C|T,14408_C|T,15714_C|T,17410_C|T,17502_C|T,18163_A|G,19955_C|T,20055_A|G,21618_C|T,21807_C|T,21987_G|A,22200_T|G,22578_G|A,22674_C|T,22679_T|C,22686_C|T,22688_A|G,22775_G|A,22786_A|C,22813_G|T,22882_T|G,22917_T|G,22992_G|A,22995_C|A,23013_A|C,23018_T|G,23055_A|G,23063_A|T,23075_T|C,23403_A|G,23525_C|T,23599_T|G,23604_C|A,23854_C|A,23948_G|T,24424_A|T,24469_T|A,24794_G|T,25000_C|T,25563_G|T,25584_C|T,26060_C|T,26270_C|T,26529_G|A,26577_C|G,26709_G|A,27807_C|T,28271_A|T,28311_C|T,28881_G|A,28882_G|A,28883_G|C,29510_A|C,11288_11296,21633_21641,21765_21770,28362_28370,29734_29759
OY022279	XAZ	162_C|T,241_C|T,670_T|G,1912_C|T,2232_C|T,2790_C|T,3037_C|T,3317_C|T,3358_T|C,4184_G|A,4321_C|T,9344_C|T,9424_A|G,9534_C|T,10029_C|T,10198_C|T,10447_G|A,10449_C|A,12160_G|A,12880_C|T,14408_C|T,15714_C|T,17410_C|T,18163_A|G,19955_C|T,20055_A|G,21618_C|T,21987_G|A,22200_T|G,22578_G|A,22674_C|T,22679_T|C,22686_C|T,22688_A|G,22775_G|A,22786_A|C,22813_G|T,22882_T|G,22917_T|G,22992_G|A,22995_C|A,23013_A|C,23018_T|G,23055_A|G,23063_A|T,23075_T|C,23403_A|G,23525_C|T,23599_T|G,23604_C|A,23854_C|A,23948_G|T,24424_A|T,24469_T|A,24797_C|T,25000_C|T,25584_C|T,26060_C|T,26270_C|T,26529_G|A,26577_C|G,26709_G|A,27578_A|T,27807_C|T,28271_A|T,28311_C|T,28881_G|A,29510_A|C,11288_11296,21633_21641,21765_21770,28362_28370,29734_29759
OY023383	XAZ	241_C|T,670_T|G,1912_C|T,2232_C|T,2790_C|T,3037_C|T,3317_C|T,3358_T|C,4184_G|A,4321_C|T,6230_C|T,9344_C|T,9424_A|G,9534_C|T,10029_C|T,10198_C|T,10447_G|A,10449_C|A,12160_G|A,12880_C|T,14408_C|T,15078_T|C,15714_C|T,17410_C|T,18163_A|G,19955_C|T,20055_A|G,21618_C|T,21987_G|A,22200_T|G,22578_G|A,22599_G|T,22674_C|T,22679_T|C,22686_C|T,22688_A|G,22775_G|A,22786_A|C,22813_G|T,22882_T|G,22917_T|G,22992_G|A,22995_C|A,23013_A|C,23018_T|G,23055_A|G,23063_A|T,23075_T|C,23403_A|G,23525_C|T,23599_T|G,23604_C|A,23854_C|A,23948_G|T,24424_A|T,24469_T|A,25000_C|T,25584_C|T,26060_C|T,26270_C|T,26529_G|A,26577_C|G,26709_G|A,27807_C|T,28114_T|G,28271_A|T,28311_C|T,28881_G|A,28882_G|A,28883_G|C,29229_G|A,29402_G|T,29510_A|C,11288_11296,21633_21641,21765_21770,28362_28370
OY026267	XAZ	241_C|T,670_T|G,1912_C|T,2232_C|T,2790_C|T,3037_C|T,3317_C|T,3358_T|C,4184_G|A,4321_C|T,9344_C|T,9424_A|G,9534_C|T,10029_C|T,10198_C|T,10447_G|A,10449_C|A,10714_C|T,12160_G|A,12880_C|T,14408_C|T,15714_C|T,17410_C|T,17502_C|T,18163_A|G,19955_C|T,20055_A|G,21618_C|T,21807_C|T,21987_G|A,22200_T|G,22578_G|A,22674_C|T,22679_T|C,22686_C|T,22688_A|G,22775_G|A,22786_A|C,22813_G|T,22882_T|G,22917_T|G,22992_G|A,22995_C|A,23013_A|C,23018_T|G,23055_A|G,23063_A|T,23075_T|C,23403_A|G,23525_C|T,23599_T|G,23604_C|A,23854_C|A,23948_G|T,24424_A|T,24469_T|A,25000_C|T,25563_G|T,25584_C|T,26060_C|T,26270_C|T,26529_G|A,26577_C|G,26709_G|A,27807_C|T,28271_A|T,28311_C|T,28881_G|A,28882_G|A,28883_G|C,29510_A|C,11288_11296,21633_21641,21765_21770,28362_28370,29734_29759
OY026319	XAZ	241_C|T,670_T|G,1906_T|C,1912_C|T,2232_C|T,2790_C|T,3037_C|T,3317_C|T,3358_T|C,4184_G|A,4321_C|T,9344_C|T,9424_A|G,9534_C|T,10029_C|T,10198_C|T,10447_G|A,10449_C|A,12160_G|A,12880_C|T,14408_C|T,15714_C|T,17410_C|T,18163_A|G,19955_C|T,20055_A|G,21618_C|T,21987_G|A,22200_T|G,22578_G|A,22674_C|T,22679_T|C,22686_C|T,22688_A|G,22775_G|A,22786_A|C,22813_G|T,22882_T|G,22917_T|G,22992_G|A,22995_C|A,23013_A|C,23018_T|G,23055_A|G,23063_A|T,23075_T|C,23403_A|G,23525_C|T,23599_T|G,23604_C|A,23854_C|A,23948_G|T,24424_A|T,24469_T|A,25000_C|T,25584_C|T,26060_C|T,26270_C|T,26529_G|A,26577_C|G,26709_G|A,27807_C|T,28271_A|T,28311_C|T,28881_G|A,29422_G|T,29510_A|C,11288_11296,21633_21641,21765_21770,28362_28370,29734_29759
OY026824	XAZ	162_C|T,190_C|T,241_C|T,670_T|G,1566_A|G,1912_C|T,2232_C|T,2790_C|T,3037_C|T,3317_C|T,3358_T|C,4184_G|A,4321_C|T,9344_C|T,9424_A|G,9534_C|T,10029_C|T,10198_C|T,10447_G|A,10449_C|A,11644_C|T,12160_G|A,12880_C|T,14408_C|T,15714_C|T,16887_C|T,17410_C|T,18163_A|G,19955_C|T,20055_A|G,20628_C|T,21618_C|T,21987_G|A,22200_T|G,22578_G|A,22674_C|T,22679_T|C,22686_C|T,22688_A|G,22775_G|A,22786_A|C,22813_G|T,22882_T|G,22917_T|G,22992_G|A,22995_C|A,23013_A|C,23018_T|G,23055_A|G,23063_A|T,23075_T|C,23403_A|G,23525_C|T,23599_T|G,23604_C|A,23854_C|A,23948_G|T,24424_A|T,24469_T|A,25000_C|T,25584_C|T,26060_C|T,26270_C|T,26529_G|A,26577_C|G,26709_G|A,27807_C|T,28271_A|T,28311_C|T,28881_G|A,28882_G|A,28883_G|C,29510_A|C,11288_11296,21633_21641,21765_21770,28362_28370
OY027286	XAZ	241_C|T,670_T|G,1912_C|T,2001_G|A,2232_C|T,2790_C|T,3037_C|T,3317_C|T,3358_T|C,4184_G|A,4321_C|T,9344_C|T,9424_A|G,9534_C|T,10029_C|T,10198_C|T,10447_G|A,10449_C|A,10714_C|T,12160_G|A,12880_C|T,14408_C|T,15714_C|T,17410_C|T,17502_C|T,18163_A|G,19955_C|T,20055_A|G,21618_C|T,21807_C|T,21987_G|A,22200_T|G,22578_G|A,22674_C|T,22679_T|C,22686_C|T,22688_A|G,22775_G|A,22786_A|C,22813_G|T,22882_T|G,22917_T|G,22992_G|A,22995_C|A,23013_A|C,23018_T|G,23055_A|G,23063_A|T,23075_T|C,23403_A|G,23525_C|T,23599_T|G,23604_C|A,23854_C|A,23948_G|T,24424_A|T,24469_T|A,25000_C|T,25563_G|T,25584_C|T,26060_C|T,26270_C|T,26529_G|A,26577_C|G,26709_G|A,26855_A|G,27807_C|T,28271_A|T,28311_C|T,28881_G|A,28882_G|A,28883_G|C,29510_A|C,11288_11296,21633_21641,21765_21770,28362_28370
OY028868	XAZ	162_C|T,241_C|T,670_T|G,1498_C|T,1566_A|G,1912_C|T,2232_C|T,2790_C|T,3037_C|T,3317_C|T,3358_T|C,4184_G|A,4321_C|T,9344_C|T,9424_A|G,9534_C|T,10029_C|T,10198_C|T,10447_G|A,10449_C|A,11644_C|T,12160_G|A,12880_C|T,14408_C|T,15714_C|T,16887_C|T,17410_C|T,18163_A|G,19955_C|T,20055_A|G,20628_C|T,21618_C|T,21987_G|A,22200_T|G,22578_G|A,22674_C|T,22679_T|C,22686_C|T,22688_A|G,22775_G|A,22786_A|C,22813_G|T,22882_T|G,22917_T|G,22992_G|A,22995_C|A,23013_A|C,23018_T|G,23055_A|G,23063_A|T,23075_T|C,23403_A|G,23525_C|T,23599_T|G,23604_C|A,23854_C|A,23948_G|T,24424_A|T,24469_T|A,25000_C|T,25584_C|T,26060_C|T,26270_C|T,26529_G|A,26577_C|G,26709_G|A,27807_C|T,28271_A|T,28311_C|T,28881_G|A,28882_G|A,28883_G|C,29510_A|C,11288_11296,21633_21641,21765_21770,28362_28370
OY030027	XAZ	162_C|T,190_C|T,241_C|T,670_T|G,1566_A|G,1912_C|T,2232_C|T,2790_C|T,3037_C|T,3317_C|T,3358_T|C,4184_G|A,4321_C|T,9344_C|T,9424_A|G,9534_C|T,10029_C|T,10198_C|T,10447_G|A,10449_C|A,11644_C|T,12160_G|A,12880_C|T,14408_C|T,15714_C|T,16887_C|T,17410_C|T,18163_A|G,19955_C|T,20055_A|G,20628_C|T,21618_C|T,21987_G|A,22200_T|G,22578_G|A,22674_C|T,22679_T|C,22686_C|T,22688_A|G,22775_G|A,22786_A|C,22813_G|T,22882_T|G,22917_T|G,22992_G|A,22995_C|A,23013_A|C,23018_T|G,23055_A|G,23063_A|T,23075_T|C,23403_A|G,23525_C|T,23599_T|G,23604_C|A,23854_C|A,23948_G|T,24424_A|T,24469_T|A,25000_C|T,25584_C|T,26060_C|T,26270_C|T,26529_G|A,26577_C|G,26709_G|A,27807_C|T,28271_A|T,28311_C|T,28881_G|A,28882_G|A,28883_G|C,29510_A|C,11288_11296,21633_21641,21765_21770,28362_28370
OY030062	XAZ	241_C|T,670_T|G,1912_C|T,2232_C|T,2790_C|T,3037_C|T,3317_C|T,3358_T|C,4184_G|A,4321_C|T,9344_C|T,9424_A|G,9534_C|T,10029_C|T,10198_C|T,10447_G|A,10449_C|A,10714_C|T,12160_G|A,12880_C|T,14408_C|T,15714_C|T,17410_C|T,17502_C|T,18163_A|G,19955_C|T,20055_A|G,21618_C|T,21807_C|T,21987_G|A,22200_T|G,22578_G|A,22674_C|T,22679_T|C,22686_C|T,22688_A|G,22775_G|A,22786_A|C,22813_G|T,22882_T|G,22917_T|G,22992_G|A,22995_C|A,23013_A|C,23018_T|G,23055_A|G,23063_A|T,23075_T|C,23403_A|G,23525_C|T,23599_T|G,23604_C|A,23854_C|A,23948_G|T,24424_A|T,24469_T|A,25000_C|T,25563_G|T,25584_C|T,26060_C|T,26270_C|T,26529_G|A,26577_C|G,26709_G|A,27807_C|T,28271_A|T,28311_C|T,28881_G|A,28882_G|A,28883_G|C,29510_A|C,11288_11296,21633_21641,21765_21770,28362_28370
OY030140	XAZ	241_C|T,376_G|A,670_T|G,1887_C|T,1912_C|T,2232_C|T,2790_C|T,3037_C|T,3096_C|T,3317_C|T,3358_T|C,4184_G|A,4321_C|T,6230_C|T,9073_C|T,9344_C|T,9424_A|G,9534_C|T,10029_C|T,10198_C|T,10447_G|A,10449_C|A,11747_C|T,12160_G|A,12525_C|T,12880_C|T,14408_C|T,15714_C|T,17410_C|T,18163_A|G,19955_C|T,20055_A|G,21618_C|T,21987_G|A,22200_T|G,22578_G|A,22674_C|T,22679_T|C,22686_C|T,22688_A|G,22775_G|A,22786_A|C,22813_G|T,22882_T|G,22917_T|G,22992_G|A,22995_C|A,23013_A|C,23018_T|G,23055_A|G,23063_A|T,23075_T|C,23403_A|G,23525_C|T,23599_T|G,23604_C|A,23854_C|A,23948_G|T,24424_A|T,24469_T|A,25000_C|T,25584_C|T,26060_C|T,26270_C|T,26529_G|A,26577_C|G,26709_G|A,27807_C|T,28114_T|G,28271_A|T,28311_C|T,28881_G|A,28882_G|A,28883_G|C,29510_A|C,11288_11296,21633_21641,21765_21770,28362_28370
OY030273	XAZ	241_C|T,670_T|G,1912_C|T,2232_C|T,2790_C|T,3037_C|T,3317_C|T,3358_T|C,4184_G|A,4321_C|T,9344_C|T,9424_A|G,9534_C|T,10029_C|T,10198_C|T,10447_G|A,10449_C|A,12025_C|T,12160_G|A,12880_C|T,14408_C|T,15714_C|T,17410_C|T,18163_A|G,19955_C|T,20055_A|G,21618_C|T,21987_G|A,22200_T|G,22578_G|A,22674_C|T,22679_T|C,22686_C|T,22688_A|G,22775_G|A,22786_A|C,22813_G|T,22882_T|G,22917_T|G,22992_G|A,22995_C|A,23013_A|C,23018_T|G,23055_A|G,23063_A|T,23075_T|C,23403_A|G,23525_C|T,23599_T|G,23604_C|A,23854_C|A,23948_G|T,24424_A|T,24469_T|A,25000_C|T,25584_C|T,25587_C|A,26060_C|T,26270_C|T,26529_G|A,26577_C|G,26709_G|A,27577_C|T,27807_C|T,28271_A|T,28311_C|T,28881_G|A,28882_G|A,28883_G|C,29510_A|C,29825_G|T,11288_11296,21633_21641,21765_21770,28362_28370,29734_29759
OY031573	XAZ	241_C|T,670_T|G,1906_T|C,1912_C|T,2232_C|T,2790_C|T,3037_C|T,3317_C|T,3358_T|C,4184_G|A,4321_C|T,9344_C|T,9424_A|G,9534_C|T,10029_C|T,10198_C|T,10447_G|A,10449_C|A,12160_G|A,12880_C|T,14408_C|T,15714_C|T,17410_C|T,18163_A|G,19955_C|T,20055_A|G,21618_C|T,21987_G|A,22200_T|G,22578_G|A,22674_C|T,22679_T|C,22686_C|T,22688_A|G,22775_G|A,22786_A|C,22813_G|T,22882_T|G,22917_T|G,22992_G|A,22995_C|A,23013_A|C,23018_T|G,23055_A|G,23063_A|T,23075_T|C,23403_A|G,23525_C|T,23599_T|G,23604_C|A,23854_C|A,23948_G|T,24424_A|T,24469_T|A,25000_C|T,25584_C|T,26060_C|T,26270_C|T,26529_G|A,26577_C|G,26709_G|A,27807_C|T,28271_A|T,28311_C|T,28881_G|A,28882_G|A,28883_G|C,29510_A|C,11288_11296,21633_21641,21765_21770,28362_28370,29734_29759
OY031689	XAZ	241_C|T,670_T|G,681_A|G,1912_C|T,2232_C|T,2790_C|T,3037_C|T,3317_C|T,3358_T|C,4184_G|A,4321_C|T,6541_C|T,9344_C|T,9424_A|G,9534_C|T,10029_C|T,10198_C|T,10447_G|A,10449_C|A,12160_G|A,12880_C|T,14408_C|T,15714_C|T,17410_C|T,18163_A|G,18981_C|T,19955_C|T,20055_A|G,21618_C|T,21987_G|A,22200_T|G,22578_G|A,22674_C|T,22679_T|C,22686_C|T,22688_A|G,22775_G|A,22786_A|C,22813_G|T,22882_T|G,22917_T|G,22992_G|A,22995_C|A,23013_A|C,23018_T|G,23055_A|G,23063_A|T,23075_T|C,23403_A|G,23525_C|T,23599_T|G,23604_C|A,23854_C|A,23948_G|T,24424_A|T,24469_T|A,25000_C|T,25584_C|T,26060_C|T,26123_T|C,26270_C|T,26529_G|A,26577_C|G,26709_G|A,27807_C|T,28271_A|T,28311_C|T,28881_G|A,28882_G|A,28883_G|C,29510_A|C,11288_11296,21633_21641,21765_21770,28362_28370
OY032608	XAZ	241_C|T,670_T|G,1912_C|T,2232_C|T,2790_C|T,3037_C|T,3317_C|T,3358_T|C,4184_G|A,4321_C|T,5967_A|G,6230_C|T,9344_C|T,9424_A|G,9534_C|T,10029_C|T,10198_C|T,10447_G|A,10449_C|A,12160_G|A,12880_C|T,14408_C|T,15078_T|C,15714_C|T,17410_C|T,18163_A|G,19955_C|T,20055_A|G,21618_C|T,21987_G|A,22200_T|G,22578_G|A,22599_G|T,22674_C|T,22679_T|C,22686_C|T,22688_A|G,22775_G|A,22786_A|C,22813_G|T,22882_T|G,22917_T|G,22992_G|A,22995_C|A,23013_A|C,23018_T|G,23055_A|G,23063_A|T,23075_T|C,23403_A|G,23525_C|T,23599_T|G,23604_C|A,23854_C|A,23948_G|T,24424_A|T,24469_T|A,25000_C|T,25584_C|T,26060_C|T,26270_C|T,26529_G|A,26577_C|G,26709_G|A,27807_C|T,28114_T|G,28271_A|T,28311_C|T,28881_G|A,28882_G|A,28883_G|C,29229_G|A,29402_G|T,29510_A|C,11288_11296,21633_21641,21765_21770,28362_28370
OY034122	XAZ	129_A|G,241_C|T,670_T|G,1912_C|T,2232_C|T,2790_C|T,3037_C|T,3317_C|T,3358_T|C,4184_G|A,4321_C|T,9344_C|T,9424_A|G,9534_C|T,10029_C|T,10198_C|T,10447_G|A,10449_C|A,12025_C|T,12160_G|A,12880_C|T,14408_C|T,15714_C|T,17410_C|T,18163_A|G,19955_C|T,20055_A|G,21618_C|T,21987_G|A,22200_T|G,22578_G|A,22674_C|T,22679_T|C,22686_C|T,22688_A|G,22775_G|A,22786_A|C,22813_G|T,22882_T|G,22917_T|G,22992_G|A,22995_C|A,23013_A|C,23018_T|G,23055_A|G,23063_A|T,23075_T|C,23403_A|G,23525_C|T,23599_T|G,23604_C|A,23854_C|A,23948_G|T,24424_A|T,24469_T|A,25000_C|T,25584_C|T,26060_C|T,26270_C|T,26529_G|A,26577_C|G,26709_G|A,27807_C|T,28087_C|T,28271_A|T,28311_C|T,28881_G|A,28882_G|A,28883_G|C,29510_A|C,11288_11296,21633_21641,21765_21770,28362_28370
OY034913	XAZ	44_C|T,241_C|T,670_T|G,1462_G|A,1912_C|T,2232_C|T,2790_C|T,3037_C|T,3317_C|T,3358_T|C,4184_G|A,4321_C|T,5742_A|G,9344_C|T,9424_A|G,9534_C|T,10029_C|T,10186_C|T,10198_C|T,10447_G|A,10449_C|A,12160_G|A,12880_C|T,14408_C|T,15714_C|T,17119_C|T,17410_C|T,18163_A|G,19955_C|T,20055_A|G,21618_C|T,21987_G|A,22200_T|G,22578_G|A,22674_C|T,22679_T|C,22686_C|T,22688_A|G,22775_G|A,22786_A|C,22813_G|T,22882_T|G,22917_T|G,23013_A|C,23191_C|T,23403_A|G,23525_C|T,23599_T|G,23604_C|A,23854_C|A,23948_G|T,24424_A|T,24469_T|A,25000_C|T,25584_C|T,26060_C|T,26270_C|T,26529_G|A,26577_C|G,26709_G|A,27807_C|T,28271_A|T,28311_C|T,28881_G|A,28882_G|A,28883_G|C,29510_A|C,11288_11296,21633_21641,21765_21770,28362_28370,29734_29759
OY035519	XAZ	241_C|T,670_T|G,1906_T|C,1912_C|T,2232_C|T,2790_C|T,3037_C|T,3317_C|T,3358_T|C,4184_G|A,4321_C|T,9344_C|T,9424_A|G,9534_C|T,10029_C|T,10198_C|T,10447_G|A,10449_C|A,10790_C|T,12160_G|A,12880_C|T,13162_T|C,14408_C|T,15714_C|T,17410_C|T,18163_A|G,19955_C|T,20055_A|G,21618_C|T,21987_G|A,22200_T|G,22578_G|A,22674_C|T,22679_T|C,22686_C|T,22688_A|G,22775_G|A,22786_A|C,22813_G|T,22882_T|G,22917_T|G,22992_G|A,22995_C|A,23013_A|C,23018_T|G,23055_A|G,23063_A|T,23075_T|C,23403_A|G,23525_C|T,23599_T|G,23604_C|A,23854_C|A,23948_G|T,24424_A|T,24469_T|A,25000_C|T,25584_C|T,26060_C|T,26270_C|T,26529_G|A,26577_C|G,26709_G|A,27807_C|T,28271_A|T,28311_C|T,28881_G|A,28882_G|A,28883_G|C,29510_A|C,11288_11296,21633_21641,21765_21770,28362_28370
OY037138	XAZ	241_C|T,670_T|G,1906_T|C,1912_C|T,2232_C|T,2790_C|T,3037_C|T,3317_C|T,3358_T|C,4184_G|A,4321_C|T,9344_C|T,9424_A|G,9534_C|T,10029_C|T,10198_C|T,10447_G|A,10449_C|A,12160_G|A,12880_C|T,14408_C|T,15714_C|T,17410_C|T,18163_A|G,19955_C|T,20055_A|G,21618_C|T,21987_G|A,22200_T|G,22578_G|A,22674_C|T,22679_T|C,22686_C|T,22688_A|G,22775_G|A,22786_A|C,22813_G|T,22882_T|G,22917_T|G,22992_G|A,22995_C|A,23013_A|C,23018_T|G,23055_A|G,23063_A|T,23075_T|C,23403_A|G,23525_C|T,23599_T|G,23604_C|A,23854_C|A,23948_G|T,24424_A|T,24469_T|A,25000_C|T,25584_C|T,26060_C|T,26270_C|T,26529_G|A,26577_C|G,26709_G|A,27807_C|T,28271_A|T,28311_C|T,28881_G|A,29510_A|C,11288_11296,21633_21641,21765_21770,28362_28370,29734_29759
OY037142	XAZ	162_C|T,241_C|T,670_T|G,1566_A|G,1912_C|T,2232_C|T,2790_C|T,3037_C|T,3317_C|T,3358_T|C,4184_G|A,4321_C|T,9344_C|T,9424_A|G,9534_C|T,10029_C|T,10198_C|T,10447_G|A,10449_C|A,11644_C|T,12160_G|A,12880_C|T,14408_C|T,15714_C|T,16887_C|T,17410_C|T,18163_A|G,19955_C|T,20055_A|G,20628_C|T,21618_C|T,21987_G|A,22200_T|G,22578_G|A,22674_C|T,22679_T|C,22686_C|T,22688_A|G,22775_G|A,22786_A|C,22813_G|T,22882_T|G,22917_T|G,22992_G|A,22995_C|A,23013_A|C,23018_T|G,23055_A|G,23063_A|T,23075_T|C,23403_A|G,23525_C|T,23599_T|G,23604_C|A,23854_C|A,23948_G|T,24424_A|T,24469_T|A,25000_C|T,25584_C|T,26060_C|T,26270_C|T,26529_G|A,26577_C|G,26709_G|A,27807_C|T,28271_A|T,28311_C|T,28881_G|A,29510_A|C,11288_11296,21633_21641,21765_21770,28362_28370,29734_29759
OY046859	XAZ	241_C|T,670_T|G,1912_C|T,2232_C|T,2790_C|T,3037_C|T,3317_C|T,3358_T|C,4184_G|A,4321_C|T,9344_C|T,9424_A|G,9534_C|T,10029_C|T,10198_C|T,10447_G|A,10449_C|A,10714_C|T,12160_G|A,12880_C|T,14408_C|T,15714_C|T,17410_C|T,17502_C|T,18163_A|G,19955_C|T,20055_A|G,21618_C|T,21807_C|T,21987_G|A,22200_T|G,22578_G|A,22674_C|T,22679_T|C,22686_C|T,22688_A|G,22775_G|A,22786_A|C,22813_G|T,22882_T|G,22917_T|G,22992_G|A,22995_C|A,23013_A|C,23018_T|G,23055_A|G,23063_A|T,23075_T|C,23403_A|G,23525_C|T,23599_T|G,23604_C|A,23854_C|A,23948_G|T,24424_A|T,24469_T|A,25000_C|T,25002_C|T,25563_G|T,25584_C|T,26060_C|T,26270_C|T,26529_G|A,26577_C|G,26709_G|A,27807_C|T,28271_A|T,28311_C|T,28881_G|A,28882_G|A,28883_G|C,29510_A|C,11288_11296,21633_21641,21765_21770,28362_28370
OY048107	XAZ	162_C|T,190_C|T,241_C|T,670_T|G,1566_A|G,1912_C|T,2232_C|T,2790_C|T,3037_C|T,3317_C|T,3358_T|C,4184_G|A,4321_C|T,9344_C|T,9424_A|G,9534_C|T,10029_C|T,10198_C|T,10447_G|A,10449_C|A,11644_C|T,12160_G|A,12880_C|T,14408_C|T,15714_C|T,16887_C|T,17410_C|T,18163_A|G,19955_C|T,20055_A|G,20628_C|T,21618_C|T,21987_G|A,22200_T|G,22578_G|A,22674_C|T,22679_T|C,22686_C|T,22688_A|G,22775_G|A,22786_A|C,22813_G|T,22882_T|G,22917_T|G,22992_G|A,22995_C|A,23013_A|C,23018_T|G,23055_A|G,23063_A|T,23075_T|C,23403_A|G,23525_C|T,23599_T|G,23604_C|A,23854_C|A,23948_G|T,24424_A|T,24469_T|A,25000_C|T,25584_C|T,26060_C|T,26270_C|T,26529_G|A,26577_C|G,26709_G|A,27807_C|T,28271_A|T,28311_C|T,28881_G|A,28882_G|A,28883_G|C,29510_A|C,11288_11296,21633_21641,21765_21770,28362_28370
OY052972	XAZ	241_C|T,670_T|G,1912_C|T,2232_C|T,2790_C|T,3037_C|T,3317_C|T,3358_T|C,4184_G|A,4321_C|T,6124_A|G,6230_C|T,9344_C|T,9424_A|G,9534_C|T,10029_C|T,10198_C|T,10447_G|A,10449_C|A,12160_G|A,12880_C|T,14408_C|T,15078_T|C,15714_C|T,17410_C|T,18163_A|G,19955_C|T,20055_A|G,21618_C|T,21987_G|A,22200_T|G,22578_G|A,22599_G|T,22674_C|T,22679_T|C,22686_C|T,22688_A|G,22775_G|A,22786_A|C,22813_G|T,22882_T|G,22917_T|G,22992_G|A,22995_C|A,23013_A|C,23018_T|G,23055_A|G,23063_A|T,23075_T|C,23403_A|G,23525_C|T,23599_T|G,23604_C|A,23854_C|A,23948_G|T,24424_A|T,24469_T|A,25000_C|T,25584_C|T,26060_C|T,26270_C|T,26529_G|A,26577_C|G,26709_G|A,27807_C|T,28114_T|G,28271_A|T,28311_C|T,28881_G|A,28882_G|A,28883_G|C,29229_G|A,29247_C|T,29402_G|T,29510_A|C,11288_11296,21633_21641,21765_21770,28362_28370,29734_29759
OY053757	XAZ	242_G|T,670_T|G,1519_C|T,1912_C|T,2232_C|T,2790_C|T,3037_C|T,3317_C|T,3358_T|C,4184_G|A,4321_C|T,9344_C|T,9424_A|G,9534_C|T,10029_C|T,10198_C|T,10447_G|A,10449_C|A,12160_G|A,12880_C|T,14408_C|T,15714_C|T,17410_C|T,18163_A|G,19300_G|T,19955_C|T,20055_A|G,21618_C|T,21987_G|A,22200_T|G,22578_G|A,22674_C|T,22679_T|C,22686_C|T,22688_A|G,22775_G|A,22786_A|C,22813_G|T,22882_T|G,22917_T|G,22992_G|A,22995_C|A,23013_A|C,23018_T|G,23055_A|G,23063_A|T,23075_T|C,23403_A|G,23525_C|T,23599_T|G,23604_C|A,23854_C|A,23948_G|T,24424_A|T,24469_T|A,25000_C|T,25584_C|T,26060_C|T,26270_C|T,26529_G|A,26577_C|G,26709_G|A,27807_C|T,28271_A|T,28311_C|T,28881_G|A,29510_A|C,241,11288_11296,21633_21641,21765_21770,28362_28370,29734_29759
OY054880	XAZ	241_C|T,670_T|G,1906_T|C,1912_C|T,2232_C|T,2790_C|T,3037_C|T,3317_C|T,3358_T|C,4184_G|A,4321_C|T,9344_C|T,9424_A|G,9534_C|T,10029_C|T,10198_C|T,10447_G|A,10449_C|A,12160_G|A,12880_C|T,14408_C|T,15714_C|T,17410_C|T,18163_A|G,19955_C|T,20055_A|G,21618_C|T,21987_G|A,22200_T|G,22578_G|A,22674_C|T,22679_T|C,22686_C|T,22688_A|G,22775_G|A,22786_A|C,22813_G|T,22882_T|G,22917_T|G,22992_G|A,22995_C|A,23013_A|C,23018_T|G,23055_A|G,23063_A|T,23075_T|C,23403_A|G,23525_C|T,23599_T|G,23604_C|A,23854_C|A,23909_G|A,23910_C|A,23948_G|T,24424_A|T,24469_T|A,25000_C|T,25584_C|T,26060_C|T,26270_C|T,26529_G|A,26577_C|G,26709_G|A,27807_C|T,28271_A|T,28311_C|T,28881_G|A,29510_A|C,11288_11296,21633_21641,21765_21770,28362_28370,29734_29759
OY055710	XAZ	162_C|T,241_C|T,670_T|G,1912_C|T,2232_C|T,2790_C|T,3037_C|T,3287_G|A,3317_C|T,3358_T|C,4184_G|A,4321_C|T,9344_C|T,9424_A|G,9534_C|T,10029_C|T,10198_C|T,10447_G|A,10449_C|A,12160_G|A,12880_C|T,14408_C|T,15714_C|T,15960_C|T,17410_C|T,18163_A|G,19955_C|T,20055_A|G,21618_C|T,21987_G|A,22200_T|G,22578_G|A,22674_C|T,22679_T|C,22686_C|T,22688_A|G,22775_G|A,22786_A|C,22813_G|T,22882_T|G,22917_T|G,22992_G|A,23013_A|C,23018_T|G,23055_A|G,23063_A|T,23075_T|C,23403_A|G,23525_C|T,23854_C|A,23948_G|T,24424_A|T,24469_T|A,25000_C|T,25584_C|T,26060_C|T,26270_C|T,26529_G|A,26577_C|G,26709_G|A,27807_C|T,28271_A|T,28311_C|T,28881_G|A,28882_G|A,28883_G|C,29510_A|C,11288_11296,21633_21641,21765_21770
OY055913	XAZ	162_C|T,241_C|T,670_T|G,1912_C|T,2232_C|T,2790_C|T,3037_C|T,3317_C|T,3358_T|C,4184_G|A,4321_C|T,9344_C|T,9424_A|G,9534_C|T,10029_C|T,10198_C|T,10447_G|A,10449_C|A,12160_G|A,12880_C|T,14184_C|T,14408_C|T,15714_C|T,17410_C|T,18163_A|G,19955_C|T,20055_A|G,21137_A|G,21618_C|T,21987_G|A,22200_T|G,22578_G|A,22674_C|T,22679_T|C,22686_C|T,22688_A|G,22775_G|A,22786_A|C,22813_G|T,22882_T|G,22917_T|G,22992_G|A,22995_C|A,23013_A|C,23018_T|G,23055_A|G,23063_A|T,23075_T|C,23403_A|G,23525_C|T,23599_T|G,23604_C|A,23854_C|A,23948_G|T,24424_A|T,24469_T|A,25000_C|T,25584_C|T,26060_C|T,26270_C|T,26529_G|A,26577_C|G,26709_G|A,27807_C|T,28271_A|T,28311_C|T,28881_G|A,29510_A|C,11288_11296,21633_21641,21765_21770,28362_28370,29734_29759
OY057444	XAZ	241_C|T,625_G|T,670_T|G,1912_C|T,2232_C|T,2790_C|T,3037_C|T,3114_G|A,3317_C|T,3358_T|C,4184_G|A,4321_C|T,5678_G|A,9344_C|T,9424_A|G,9534_C|T,10029_C|T,10198_C|T,10447_G|A,10449_C|A,10714_C|T,12160_G|A,12880_C|T,14408_C|T,15714_C|T,17410_C|T,18163_A|G,19955_C|T,20055_A|G,21618_C|T,21807_C|T,21987_G|A,22200_T|G,22578_G|A,22674_C|T,22679_T|C,22686_C|T,22688_A|G,22775_G|A,22786_A|C,22813_G|T,22882_T|G,22917_T|G,22992_G|A,22995_C|A,23013_A|C,23018_T|G,23055_A|G,23063_A|T,23075_T|C,23403_A|G,23525_C|T,23599_T|G,23604_C|A,23854_C|A,23948_G|T,24424_A|T,24469_T|A,25000_C|T,25584_C|T,26060_C|T,26270_C|T,26529_G|A,26577_C|G,26709_G|A,27807_C|T,28271_A|T,28311_C|T,28881_G|A,28882_G|A,28883_G|C,29405_G|C,29510_A|C,11288_11296,21633_21641,21765_21770,28362_28370,29734_29759
OY057623	XAZ	241_C|T,670_T|G,1912_C|T,2232_C|T,2790_C|T,3037_C|T,3317_C|T,3358_T|C,4184_G|A,4321_C|T,4963_G|A,9344_C|T,9424_A|G,9534_C|T,10029_C|T,10198_C|T,10447_G|A,10449_C|A,12160_G|A,12880_C|T,13665_C|T,14408_C|T,15714_C|T,17410_C|T,18163_A|G,19955_C|T,20055_A|G,21618_C|T,21987_G|A,22200_T|G,22578_G|A,22674_C|T,22679_T|C,22686_C|T,22688_A|G,22775_G|A,22786_A|C,22813_G|T,22882_T|G,22917_T|G,22992_G|A,22995_C|A,23013_A|C,23018_T|G,23055_A|G,23063_A|T,23075_T|C,23403_A|G,23455_T|C,23525_C|T,23599_T|G,23604_C|A,23854_C|A,23948_G|T,24424_A|T,24469_T|A,25000_C|T,25359_A|G,25584_C|T,26060_C|T,26270_C|T,26529_G|A,26577_C|G,26709_G|A,27807_C|T,28271_A|T,28311_C|T,28881_G|A,28882_G|A,28883_G|C,29466_C|T,29510_A|C,11288_11296,21633_21641,21765_21770,28362_28370
OY058439	XAZ	162_C|T,241_C|T,670_T|G,1912_C|T,2232_C|T,2790_C|T,3037_C|T,3317_C|T,3358_T|C,4184_G|A,4321_C|T,6285_C|T,9344_C|T,9424_A|G,9534_C|T,10029_C|T,10198_C|T,10447_G|A,10449_C|A,12160_G|A,12880_C|T,14408_C|T,15714_C|T,15960_C|T,17410_C|T,18163_A|G,19955_C|T,20055_A|G,21618_C|T,21987_G|A,22200_T|G,22578_G|A,22674_C|T,22679_T|C,22686_C|T,22688_A|G,22775_G|A,22786_A|C,22813_G|T,22882_T|G,22917_T|G,22992_G|A,22995_C|A,23013_A|C,23018_T|G,23055_A|G,23063_A|T,23075_T|C,23403_A|G,23525_C|T,23599_T|G,23604_C|A,23854_C|A,23948_G|T,24424_A|T,24469_T|A,25000_C|T,25584_C|T,26060_C|T,26270_C|T,26529_G|A,26577_C|G,26709_G|A,27807_C|T,28271_A|T,28311_C|T,28881_G|A,28882_G|A,28883_G|C,29510_A|C,11288_11296,21633_21641,21765_21770,28362_28370
OY061548	XAZ	241_C|T,670_T|G,1906_T|C,1912_C|T,3037_C|T,3096_C|T,3317_C|T,3358_T|C,4184_G|A,4321_C|T,9344_C|T,9424_A|G,9534_C|T,10029_C|T,10198_C|T,10447_G|A,10449_C|A,12160_G|A,12880_C|T,14408_C|T,15714_C|T,16891_T|G,17410_C|T,18163_A|G,19955_C|T,20055_A|G,21618_C|T,21987_G|A,22200_T|G,22578_G|A,22674_C|T,22679_T|C,22686_C|T,22688_A|G,22775_G|A,22813_G|T,22882_T|G,22917_T|G,22992_G|A,22995_C|A,23013_A|C,23018_T|G,23055_A|G,23063_A|T,23075_T|C,23403_A|G,23525_C|T,23599_T|G,23604_C|A,23854_C|A,23948_G|T,24424_A|T,24469_T|A,25000_C|T,25584_C|T,26060_C|T,26270_C|T,26529_G|A,26577_C|G,26709_G|A,27807_C|T,28271_A|T,28311_C|T,28881_G|A,28882_G|A,28883_G|C,29510_A|C,11288_11296,21633_21641,21765_21770,28362_28370,29734_29759
OY062218	XAZ	241_C|T,670_T|G,1912_C|T,2232_C|T,2790_C|T,3037_C|T,3317_C|T,3358_T|C,4184_G|A,4321_C|T,9344_C|T,9424_A|G,9534_C|T,10029_C|T,10198_C|T,10447_G|A,10449_C|A,12160_G|A,12880_C|T,14408_C|T,15714_C|T,17410_C|T,18163_A|G,19955_C|T,20055_A|G,21618_C|T,21807_C|T,21987_G|A,22200_T|G,22578_G|A,22674_C|T,22679_T|C,22686_C|T,22688_A|G,22775_G|A,22786_A|C,22813_G|T,22882_T|G,22917_T|G,22992_G|A,22995_C|A,23013_A|C,23018_T|G,23055_A|G,23063_A|T,23075_T|C,23403_A|G,23525_C|T,23599_T|G,23604_C|A,23854_C|A,23948_G|T,24424_A|T,24469_T|A,25000_C|T,25292_C|T,25584_C|T,26060_C|T,26270_C|T,26529_G|A,26577_C|G,26709_G|A,27807_C|T,28271_A|T,28311_C|T,28881_G|A,29510_A|C,11288_11296,21633_21641,21765_21770,28362_28370,29734_29759
OY066562	XAZ	162_C|T,241_C|T,670_T|G,1912_C|T,2232_C|T,2790_C|T,3037_C|T,3317_C|T,3358_T|C,4184_G|A,4321_C|T,8149_T|C,9344_C|T,9424_A|G,9534_C|T,10029_C|T,10198_C|T,10447_G|A,10449_C|A,12160_G|A,12880_C|T,14408_C|T,15714_C|T,17410_C|T,18163_A|G,19955_C|T,20055_A|G,21618_C|T,21987_G|A,22200_T|G,22578_G|A,22674_C|T,22679_T|C,22686_C|T,22688_A|G,22775_G|A,22786_A|C,22813_G|T,22882_T|G,22917_T|G,22992_G|A,22995_C|A,23013_A|C,23018_T|G,23055_A|G,23063_A|T,23075_T|C,23403_A|G,23525_C|T,23599_T|G,23604_C|A,23854_C|A,23948_G|T,24130_C|T,24424_A|T,24469_T|A,25000_C|T,25584_C|T,26060_C|T,26270_C|T,26529_G|A,26577_C|G,26709_G|A,27038_A|T,27384_T|C,27807_C|T,28271_A|T,28311_C|T,28881_G|A,28882_G|A,28883_G|C,29447_G|T,29510_A|C,11288_11296,21633_21641,21765_21770,28362_28370,29734_29759
OY070784	XAZ	241_C|T,670_T|G,1912_C|T,2232_C|T,2790_C|T,3037_C|T,3317_C|T,3358_T|C,4184_G|A,4321_C|T,9344_C|T,9424_A|G,9534_C|T,10029_C|T,10198_C|T,10447_G|A,10449_C|A,12160_G|A,12880_C|T,14408_C|T,15714_C|T,17410_C|T,18163_A|G,19955_C|T,20055_A|G,21618_C|T,21987_G|A,22200_T|G,22578_G|A,22674_C|T,22679_T|C,22686_C|T,22688_A|G,22775_G|A,22786_A|C,22813_G|T,22882_T|G,22917_T|G,22992_G|A,22995_C|A,23013_A|C,23018_T|G,23055_A|G,23063_A|T,23075_T|C,23403_A|G,23525_C|T,23599_T|G,23604_C|A,23854_C|A,23948_G|T,24424_A|T,24469_T|A,25584_C|T,26060_C|T,26270_C|T,26529_G|A,26577_C|G,26709_G|A,27807_C|T,28271_A|T,28311_C|T,28881_G|A,28882_G|A,28883_G|C,29510_A|C,11288_11296,21633_21641,21765_21770,28362_28370,29734_29759
OY071423	XAZ	162_C|T,241_C|T,670_T|G,1566_A|G,1912_C|T,2232_C|T,2790_C|T,3037_C|T,3317_C|T,3358_T|C,4184_G|A,4321_C|T,5206_G|T,9344_C|T,9424_A|G,9534_C|T,10029_C|T,10198_C|T,10447_G|A,10449_C|A,11644_C|T,12160_G|A,12880_C|T,14408_C|T,15714_C|T,16887_C|T,17410_C|T,18163_A|G,19955_C|T,20055_A|G,20628_C|T,21618_C|T,21987_G|A,22200_T|G,22578_G|A,22674_C|T,22679_T|C,22686_C|T,22688_A|G,22775_G|A,22786_A|C,22813_G|T,22882_T|G,22917_T|G,22992_G|A,22995_C|A,23013_A|C,23018_T|G,23055_A|G,23063_A|T,23075_T|C,23403_A|G,23525_C|T,23599_T|G,23604_C|A,23854_C|A,23948_G|T,24424_A|T,24469_T|A,25000_C|T,25044_C|T,25584_C|T,26060_C|T,26270_C|T,26529_G|A,26577_C|G,26709_G|A,27807_C|T,28271_A|T,28311_C|T,28881_G|A,29510_A|C,11288_11296,21633_21641,21765_21770,28362_28370,29734_29759
OY071564	XAZ	241_C|T,670_T|G,1912_C|T,2790_C|T,3037_C|T,3317_C|T,3358_T|C,4184_G|A,4321_C|T,5224_T|C,5586_T|C,9344_C|T,9424_A|G,9534_C|T,10029_C|T,10198_C|T,10447_G|A,10449_C|A,12160_G|A,12880_C|T,14408_C|T,15714_C|T,17410_C|T,18163_A|G,19955_C|T,20055_A|G,21618_C|T,21807_C|T,21987_G|A,22200_T|G,22578_G|A,22674_C|T,22679_T|C,22686_C|T,22688_A|G,22775_G|A,22786_A|C,22813_G|T,22882_T|G,22917_T|G,22992_G|A,22995_C|A,23013_A|C,23018_T|G,23055_A|G,23063_A|T,23075_T|C,23403_A|G,23525_C|T,23599_T|G,23604_C|A,23854_C|A,23948_G|T,24424_A|T,24469_T|A,25000_C|T,25189_T|C,25584_C|T,26060_C|T,26270_C|T,26529_G|A,26577_C|G,26709_G|A,27012_C|T,27513_C|T,27807_C|T,28271_A|T,28311_C|T,28881_G|A,28882_G|A,28883_G|C,29510_A|C,11288_11296,21633_21641,21765_21770,28362_28370
OY071825	XAZ	162_C|T,241_C|T,670_T|G,1566_A|G,1912_C|T,2232_C|T,2790_C|T,3037_C|T,3317_C|T,3358_T|C,4184_G|A,4321_C|T,9344_C|T,9424_A|G,9534_C|T,10029_C|T,10198_C|T,10447_G|A,10449_C|A,11644_C|T,12160_G|A,12880_C|T,14408_C|T,15714_C|T,16887_C|T,17410_C|T,18163_A|G,19955_C|T,19983_C|T,20055_A|G,20628_C|T,21618_C|T,21987_G|A,22200_T|G,22578_G|A,22674_C|T,22679_T|C,22686_C|T,22688_A|G,22775_G|A,22786_A|C,22813_G|T,22882_T|G,22917_T|G,22992_G|A,22995_C|A,23013_A|C,23018_T|G,23055_A|G,23063_A|T,23075_T|C,23403_A|G,23525_C|T,23599_T|G,23604_C|A,23854_C|A,23948_G|T,24424_A|T,24469_T|A,25000_C|T,25584_C|T,25897_A|G,26060_C|T,26270_C|T,26529_G|A,26577_C|G,26709_G|A,27807_C|T,28271_A|T,28311_C|T,28881_G|A,28882_G|A,28883_G|C,29510_A|C,11288_11296,21633_21641,21765_21770,28362_28370,29734_29759
OY075631	XAZ	241_C|T,670_T|G,745_C|T,1912_C|T,2128_T|C,2232_C|T,2790_C|T,3037_C|T,3317_C|T,3358_T|C,4184_G|A,4321_C|T,8950_C|T,9344_C|T,9424_A|G,9534_C|T,10029_C|T,10198_C|T,10447_G|A,10449_C|A,12025_C|T,12160_G|A,12473_C|T,12880_C|T,14408_C|T,15714_C|T,17410_C|T,18163_A|G,19955_C|T,20055_A|G,21618_C|T,21987_G|A,22200_T|G,22578_G|A,22674_C|T,22679_T|C,22686_C|T,22688_A|G,22775_G|A,22786_A|C,22813_G|T,22882_T|G,22917_T|G,22992_G|A,22995_C|A,23013_A|C,23018_T|G,23055_A|G,23063_A|T,23075_T|C,23403_A|G,23525_C|T,23599_T|G,23604_C|A,23854_C|A,23948_G|T,24424_A|T,24469_T|A,25000_C|T,25584_C|T,26060_C|T,26270_C|T,26529_G|A,26577_C|G,26709_G|A,27615_C|T,27807_C|T,28271_A|T,28311_C|T,28881_G|A,28882_G|A,28883_G|C,29510_A|C,29726_T|A,11288_11296,21633_21641,21765_21770,28362_28370,29729_29746
OY076795	XAZ	241_C|T,670_T|G,1906_T|C,1912_C|T,2232_C|T,2790_C|T,3037_C|T,3079_A|G,3317_C|T,3358_T|C,4184_G|A,4321_C|T,9344_C|T,9424_A|G,9534_C|T,10029_C|T,10198_C|T,10447_G|A,10449_C|A,12160_G|A,12880_C|T,14408_C|T,15714_C|T,17410_C|T,18163_A|G,19955_C|T,20055_A|G,21618_C|T,21987_G|A,22200_T|G,22674_C|T,22679_T|C,22686_C|T,22688_A|G,22775_G|A,22786_A|C,22813_G|T,22882_T|G,22917_T|G,22992_G|A,22995_C|A,23013_A|C,23018_T|G,23055_A|G,23063_A|T,23075_T|C,23403_A|G,23525_C|T,23599_T|G,23604_C|A,23854_C|A,23948_G|T,24424_A|T,24469_T|A,25000_C|T,25584_C|T,26060_C|T,26270_C|T,26529_G|A,26577_C|G,26709_G|A,27807_C|T,28271_A|T,28311_C|T,28881_G|A,28882_G|A,28883_G|C,29510_A|C,515_520,11288_11296,21633_21641,21765_21770,28362_28370,29734_29759
OY077222	XAZ	241_C|T,670_T|G,1912_C|T,2232_C|T,2790_C|T,3037_C|T,3317_C|T,3358_T|C,4084_C|T,4184_G|A,4321_C|T,9344_C|T,9424_A|G,9534_C|T,10029_C|T,10198_C|T,10447_G|A,10449_C|A,11527_G|A,12160_G|A,12880_C|T,14318_C|T,14408_C|T,15714_C|T,17410_C|T,18163_A|G,19488_C|T,19955_C|T,20055_A|G,21618_C|T,21987_G|A,22200_T|G,22578_G|A,22674_C|T,22679_T|C,22686_C|T,22688_A|G,22775_G|A,22786_A|C,22813_G|T,22882_T|G,22917_T|G,22992_G|A,22995_C|A,23013_A|C,23018_T|G,23055_A|G,23063_A|T,23075_T|C,23403_A|G,23525_C|T,23599_T|G,23604_C|A,23854_C|A,23948_G|T,24337_C|A,24424_A|T,24469_T|A,25000_C|T,25584_C|T,26060_C|T,26270_C|T,26577_C|G,26709_G|A,27807_C|T,28271_A|T,28311_C|T,28817_G|A,28881_G|A,29466_C|T,29510_A|C,11288_11296,21633_21641,21765_21770,28362_28370,29734_29759
OY077797	XAZ	241_C|T,670_T|G,1906_T|C,1912_C|T,2232_C|T,2790_C|T,3037_C|T,3140_C|T,3317_C|T,3358_T|C,4184_G|A,4321_C|T,9344_C|T,9424_A|G,9534_C|T,10029_C|T,10198_C|T,10447_G|A,10449_C|A,12160_G|A,12880_C|T,14408_C|T,14472_T|C,15714_C|T,17410_C|T,18163_A|G,19955_C|T,20055_A|G,21618_C|T,21987_G|A,22200_T|G,22578_G|A,22674_C|T,22679_T|C,22686_C|T,22688_A|G,22775_G|A,22786_A|C,22813_G|T,22882_T|G,22917_T|G,22992_G|A,22995_C|A,23013_A|C,23018_T|G,23055_A|G,23063_A|T,23075_T|C,23403_A|G,23525_C|T,23599_T|G,23604_C|A,23854_C|A,23948_G|T,24424_A|T,24469_T|A,25000_C|T,25584_C|T,26060_C|T,26270_C|T,26529_G|A,26577_C|G,26709_G|A,27807_C|T,28271_A|T,28311_C|T,28881_G|A,29510_A|C,11288_11296,21633_21641,21765_21770,28362_28370,29734_29759
OY081564	XAZ	44_C|T,129_A|G,241_C|T,670_T|G,1912_C|T,2232_C|T,2790_C|T,3037_C|T,3317_C|T,3358_T|C,4184_G|A,4321_C|T,9344_C|T,9534_C|T,10029_C|T,10198_C|T,10447_G|A,10449_C|A,12025_C|T,12160_G|A,12880_C|T,14408_C|T,15714_C|T,17410_C|T,18163_A|G,19955_C|T,20055_A|G,21618_C|T,21987_G|A,22200_T|G,22578_G|A,22674_C|T,22679_T|C,22686_C|T,22688_A|G,22775_G|A,22786_A|C,22813_G|T,22882_T|G,22917_T|G,22992_G|A,22995_C|A,23013_A|C,23018_T|G,23055_A|G,23063_A|T,23075_T|C,23403_A|G,23525_C|T,23599_T|G,23854_C|A,23948_G|T,24424_A|T,24469_T|A,25000_C|T,25584_C|T,26060_C|T,26270_C|T,26529_G|A,26577_C|G,26709_G|A,27807_C|T,28087_C|T,28271_A|T,28311_C|T,28881_G|A,28882_G|A,28883_G|C,29510_A|C,11288_11296,21633_21641,21765_21770
OY081682	XAZ	241_C|T,670_T|G,1912_C|T,2232_C|T,2790_C|T,3037_C|T,3317_C|T,3358_T|C,4184_G|A,4321_C|T,9344_C|T,9424_A|G,9534_C|T,10029_C|T,10198_C|T,10447_G|A,10449_C|A,12160_G|A,12880_C|T,14408_C|T,15714_C|T,17410_C|T,18163_A|G,19955_C|T,20055_A|G,21618_C|T,21987_G|A,22200_T|G,22578_G|A,22674_C|T,22679_T|C,22686_C|T,22688_A|G,22775_G|A,22786_A|C,22813_G|T,22882_T|G,22917_T|G,22992_G|A,22995_C|A,23013_A|C,23018_T|G,23055_A|G,23063_A|T,23075_T|C,23403_A|G,23525_C|T,23599_T|G,23604_C|A,23854_C|A,23948_G|T,24424_A|T,24469_T|A,25000_C|T,25584_C|T,26060_C|T,26270_C|T,26529_G|A,26577_C|G,26709_G|A,27807_C|T,28271_A|T,28311_C|T,28881_G|A,29510_A|C,11288_11296,21633_21641,21765_21770,28362_28370,29734_29759
OY083175	XAZ	162_C|T,241_C|T,670_T|G,1912_C|T,2232_C|T,2790_C|T,3037_C|T,3317_C|T,3358_T|C,4184_G|A,4321_C|T,9344_C|T,9424_A|G,9534_C|T,10029_C|T,10198_C|T,10447_G|A,10449_C|A,12160_G|A,12880_C|T,14408_C|T,15714_C|T,17410_C|T,18163_A|G,19955_C|T,20055_A|G,20569_G|A,21618_C|T,21716_C|G,21987_G|A,22200_T|G,22578_G|A,22674_C|T,22679_T|C,22686_C|T,22688_A|G,22775_G|A,22786_A|C,22813_G|T,22882_T|G,22917_T|G,22992_G|A,22995_C|A,23013_A|C,23018_T|G,23055_A|G,23063_A|T,23075_T|C,23403_A|G,23525_C|T,23599_T|G,23604_C|A,23854_C|A,23948_G|T,24424_A|T,24469_T|A,25000_C|T,25584_C|T,26060_C|T,26270_C|T,26408_C|T,26529_G|A,26577_C|G,26709_G|A,27807_C|T,28271_A|T,28311_C|T,28780_A|G,28881_G|A,29510_A|C,11288_11296,21633_21641,21765_21770,28362_28370,29734_29759
OY083251	XAZ	241_C|T,670_T|G,1912_C|T,2232_C|T,2790_C|T,3037_C|T,3317_C|T,3358_T|C,4184_G|A,4321_C|T,6230_C|T,9344_C|T,9424_A|G,9534_C|T,10029_C|T,10198_C|T,10447_G|A,10449_C|A,12160_G|A,12880_C|T,14408_C|T,15078_T|C,15714_C|T,17410_C|T,18163_A|G,19955_C|T,20055_A|G,21618_C|T,21987_G|A,22200_T|G,22578_G|A,22599_G|T,22674_C|T,22679_T|C,22686_C|T,22688_A|G,22775_G|A,22786_A|C,22813_G|T,22882_T|G,22917_T|G,22992_G|A,22995_C|A,23013_A|C,23018_T|G,23055_A|G,23063_A|T,23075_T|C,23403_A|G,23525_C|T,23599_T|G,23604_C|A,23854_C|A,23948_G|T,24424_A|T,24469_T|A,25000_C|T,25584_C|T,26060_C|T,26270_C|T,26529_G|A,26577_C|G,26709_G|A,27807_C|T,28114_T|G,28271_A|T,28311_C|T,28881_G|A,28882_G|A,28883_G|C,29229_G|A,29290_G|T,29402_G|T,29510_A|C,11288_11296,21633_21641,21765_21770,28362_28370
OY091754	XAZ	241_C|T,670_T|G,1906_T|C,1912_C|T,2232_C|T,2790_C|T,3037_C|T,3317_C|T,3358_T|C,4184_G|A,4321_C|T,9344_C|T,9424_A|G,9534_C|T,10029_C|T,10198_C|T,10447_G|A,10449_C|A,12160_G|A,12880_C|T,14408_C|T,15714_C|T,17410_C|T,18163_A|G,19955_C|T,20055_A|G,21987_G|A,22200_T|G,22578_G|A,22674_C|T,22679_T|C,22686_C|T,22688_A|G,22775_G|A,22786_A|C,22813_G|T,22882_T|G,22917_T|G,22992_G|A,22995_C|A,23013_A|C,23018_T|G,23055_A|G,23063_A|T,23075_T|C,23403_A|G,23525_C|T,23599_T|G,23604_C|A,23854_C|A,23948_G|T,24424_A|T,24469_T|A,25000_C|T,25584_C|T,26060_C|T,26270_C|T,26529_G|A,26577_C|G,26709_G|A,27807_C|T,28271_A|T,28311_C|T,28881_G|A,28882_G|A,28883_G|C,29510_A|C,11288_11296,21633_21641,21765_21770,28362_28370
OY092847	XAZ	44_C|T,241_C|T,670_T|G,1906_T|C,2232_C|T,2790_C|T,3037_C|T,3317_C|T,3358_T|C,4184_G|A,4321_C|T,9344_C|T,9424_A|G,9534_C|T,10029_C|T,10198_C|T,10447_G|A,10449_C|A,12160_G|A,12880_C|T,14408_C|T,15714_C|T,17410_C|T,18163_A|G,19955_C|T,20055_A|G,21618_C|T,21987_G|A,22200_T|G,22578_G|A,22674_C|T,22679_T|C,22686_C|T,22688_A|G,22775_G|A,22786_A|C,22813_G|T,22882_T|G,22917_T|G,22992_G|A,22995_C|A,23013_A|C,23018_T|G,23055_A|G,23063_A|T,23075_T|C,23403_A|G,23525_C|T,23599_T|G,23604_C|A,23854_C|A,23948_G|T,24424_A|T,24469_T|A,25000_C|T,25584_C|T,26060_C|T,26270_C|T,26529_G|A,26577_C|G,26709_G|A,27807_C|T,28271_A|T,28311_C|T,28881_G|A,28882_G|A,28883_G|C,29510_A|C,11288_11296,21633_21641,21765_21770,28362_28370,29734_29759
OY098731	XAZ	241_C|T,670_T|G,1906_T|C,1912_C|T,2232_C|T,2790_C|T,3037_C|T,3317_C|T,3358_T|C,4184_G|A,4321_C|T,9344_C|T,9424_A|G,9534_C|T,10029_C|T,10198_C|T,10447_G|A,10449_C|A,12160_G|A,12880_C|T,13517_C|T,14408_C|T,15714_C|T,17410_C|T,18163_A|G,19955_C|T,20055_A|G,21618_C|T,21987_G|A,22200_T|G,22578_G|A,22674_C|T,22679_T|C,22686_C|T,22688_A|G,22720_A|G,22775_G|A,22786_A|C,22813_G|T,22882_T|G,22917_T|G,22992_G|A,22995_C|A,23013_A|C,23018_T|G,23055_A|G,23063_A|T,23075_T|C,23403_A|G,23525_C|T,23599_T|G,23604_C|A,23854_C|A,23948_G|T,24424_A|T,24469_T|A,25000_C|T,25584_C|T,26060_C|T,26270_C|T,26529_G|A,26577_C|G,26709_G|A,26762_T|C,27807_C|T,28271_A|T,28311_C|T,28881_G|A,28882_G|A,28883_G|C,29510_A|C,11288_11296,21633_21641,21765_21770,28362_28370
OY098806	XAZ	162_C|T,241_C|T,657_C|T,670_T|G,1912_C|T,2232_C|T,2790_C|T,3037_C|T,3317_C|T,3358_T|C,4060_A|C,4184_G|A,4321_C|T,9344_C|T,9424_A|G,9534_C|T,10029_C|T,10198_C|T,10447_G|A,10449_C|A,12160_G|A,12880_C|T,14408_C|T,15714_C|T,17410_C|T,18163_A|G,19955_C|T,20055_A|G,20487_G|T,21137_A|G,21618_C|T,21987_G|A,22200_T|G,22578_G|A,22674_C|T,22679_T|C,22686_C|T,22688_A|G,22775_G|A,22786_A|C,22813_G|T,22882_T|G,22917_T|G,22992_G|A,22995_C|A,23013_A|C,23018_T|G,23055_A|G,23063_A|T,23075_T|C,23371_T|C,23403_A|G,23525_C|T,23599_T|G,23604_C|A,23854_C|A,23948_G|T,24034_C|T,24424_A|T,24469_T|A,25000_C|T,25287_G|T,25584_C|T,26060_C|T,26270_C|T,26529_G|A,26577_C|G,26709_G|A,27247_C|T,27532_C|A,27807_C|T,28271_A|T,28311_C|T,28881_G|A,28882_G|A,28883_G|C,29510_A|C,11288_11296,21633_21641,21765_21770,28362_28370
OY099294	XAZ	241_C|T,670_T|G,1820_G|A,1912_C|T,2232_C|T,2455_C|T,2790_C|T,3037_C|T,3317_C|T,3358_T|C,4184_G|A,4321_C|T,9344_C|T,9424_A|G,9534_C|T,9661_C|T,10029_C|T,10198_C|T,10447_G|A,10449_C|A,12025_C|T,12160_G|A,12880_C|T,14408_C|T,15714_C|T,17410_C|T,18163_A|G,19955_C|T,20055_A|G,21618_C|T,21987_G|A,22194_A|G,22200_T|G,22578_G|A,22674_C|T,22679_T|C,22686_C|T,22688_A|G,22775_G|A,22786_A|C,22813_G|T,22882_T|G,22917_T|G,22992_G|A,22995_C|A,23013_A|C,23018_T|G,23055_A|G,23063_A|T,23075_T|C,23403_A|G,23525_C|T,23599_T|G,23604_C|A,23854_C|A,23948_G|T,24424_A|T,24469_T|A,25000_C|T,25584_C|T,25587_C|A,26060_C|T,26270_C|T,26529_G|A,26577_C|G,26709_G|A,27577_C|T,27807_C|T,28248_G|T,28271_A|T,28311_C|T,28881_G|A,28883_G|C,29510_A|C,513_518,11288_11296,21633_21641,21765_21770,28362_28370,29734_29759
OY100790	XAZ	162_C|T,241_C|T,670_T|G,1912_C|T,2232_C|T,2790_C|T,3037_C|T,3317_C|T,3358_T|C,4184_G|A,4321_C|T,9344_C|T,9424_A|G,9534_C|T,10029_C|T,10198_C|T,10447_G|A,10449_C|A,12160_G|A,12880_C|T,14408_C|T,15714_C|T,15960_C|T,17410_C|T,18163_A|G,19955_C|T,20055_A|G,21618_C|T,21987_G|A,22200_T|G,22578_G|A,22674_C|T,22679_T|C,22686_C|T,22688_A|G,22775_G|A,22786_A|C,22813_G|T,22882_T|G,22917_T|G,22992_G|A,22995_C|A,23013_A|C,23018_T|G,23055_A|G,23063_A|T,23075_T|C,23403_A|G,23525_C|T,23599_T|G,23604_C|A,23854_C|A,23948_G|T,24424_A|T,24469_T|A,25000_C|T,25584_C|T,26060_C|T,26270_C|T,26529_G|A,26577_C|G,26709_G|A,27807_C|T,28271_A|T,28311_C|T,28881_G|A,29510_A|C,11288_11296,21633_21641,21765_21770,28362_28370,29734_29759
OY100812	XAZ	241_C|T,343_G|T,670_T|G,1912_C|T,2232_C|T,2790_C|T,3037_C|T,3317_C|T,3358_T|C,4184_G|A,4321_C|T,6305_T|G,9344_C|T,9424_A|G,9534_C|T,10029_C|T,10039_C|T,10198_C|T,10447_G|A,10449_C|A,10714_C|T,12160_G|A,12880_C|T,14408_C|T,15714_C|T,17410_C|T,18163_A|G,19955_C|T,20055_A|G,21618_C|T,21807_C|T,21987_G|A,22200_T|G,22578_G|A,22674_C|T,22679_T|C,22686_C|T,22688_A|G,22775_G|A,22786_A|C,22813_G|T,22882_T|G,22917_T|G,22992_G|A,22995_C|A,23013_A|C,23018_T|G,23055_A|G,23063_A|T,23075_T|C,23403_A|G,23525_C|T,23599_T|G,23604_C|A,23854_C|A,23948_G|T,24424_A|T,24469_T|A,25000_C|T,25584_C|T,26060_C|T,26270_C|T,26529_G|A,26577_C|G,26709_G|A,27807_C|T,28271_A|T,28311_C|T,28881_G|A,28882_G|A,28883_G|C,29510_A|C,11288_11296,21633_21641,21765_21770,21992_21994,28362_28370,29734_29759
OY124379	XAZ	162_C|T,241_C|T,670_T|G,1912_C|T,2232_C|T,2790_C|T,3037_C|T,3317_C|T,3358_T|C,4184_G|A,4321_C|T,9344_C|T,9424_A|G,9534_C|T,10029_C|T,10198_C|T,10447_G|A,10449_C|A,12160_G|A,12880_C|T,14408_C|T,15714_C|T,17410_C|T,18163_A|G,19955_C|T,20055_A|G,21618_C|T,21987_G|A,22200_T|G,22578_G|A,22674_C|T,22679_T|C,22686_C|T,22688_A|G,22775_G|A,22786_A|C,22813_G|T,22882_T|G,22917_T|G,22992_G|A,22995_C|A,23013_A|C,23018_T|G,23055_A|G,23063_A|T,23075_T|C,23403_A|G,23525_C|T,23599_T|G,23604_C|A,23854_C|A,23948_G|T,24424_A|T,24469_T|A,24797_C|T,25000_C|T,25584_C|T,26060_C|T,26270_C|T,26529_G|A,26577_C|G,26709_G|A,27807_C|T,28271_A|T,28311_C|T,28881_G|A,29510_A|C,11288_11296,21633_21641,21765_21770,28362_28370,29734_29759
OY136224	XAZ	241_C|T,670_T|G,1906_T|C,1912_C|T,2232_C|T,2790_C|T,3037_C|T,3317_C|T,3358_T|C,4184_G|A,4321_C|T,9344_C|T,9424_A|G,9534_C|T,10029_C|T,10198_C|T,10447_G|A,10449_C|A,12160_G|A,12781_C|T,12880_C|T,14408_C|T,15714_C|T,17410_C|T,18163_A|G,19955_C|T,20055_A|G,21618_C|T,22200_T|G,22578_G|A,22674_C|T,22679_T|C,22686_C|T,22688_A|G,22775_G|A,22786_A|C,22813_G|T,22917_T|G,22992_G|A,22995_C|A,23013_A|C,23018_T|G,23055_A|G,23063_A|T,23075_T|C,23403_A|G,23525_C|T,23599_T|G,23604_C|A,23854_C|A,23948_G|T,24424_A|T,24469_T|A,25584_C|T,26060_C|T,26270_C|T,26497_T|C,26529_G|A,26577_C|G,26709_G|A,27807_C|T,28271_A|T,28311_C|T,28881_G|A,28882_G|A,28883_G|C,29510_A|C,11288_11296,21633_21641,21765_21770,28362_28370,29734_29759
OY136626	XAZ	162_C|T,241_C|T,670_T|G,1912_C|T,2232_C|T,2790_C|T,3037_C|T,3317_C|T,3358_T|C,4184_G|A,4321_C|T,9344_C|T,9424_A|G,9534_C|T,10029_C|T,10198_C|T,10447_G|A,10449_C|A,12160_G|A,12880_C|T,14408_C|T,15714_C|T,15960_C|T,17410_C|T,18163_A|G,19955_C|T,20055_A|G,21618_C|T,21987_G|A,22200_T|G,22578_G|A,22674_C|T,22679_T|C,22686_C|T,22688_A|G,22775_G|A,22786_A|C,22813_G|T,22882_T|G,22917_T|G,22992_G|A,22995_C|A,23013_A|C,23018_T|G,23055_A|G,23063_A|T,23075_T|C,23403_A|G,23525_C|T,23599_T|G,23604_C|A,23854_C|A,23948_G|T,24424_A|T,24469_T|A,25000_C|T,25584_C|T,26060_C|T,26270_C|T,26529_G|A,26577_C|G,26709_G|A,27807_C|T,28271_A|T,28311_C|T,28881_G|A,28882_G|A,28883_G|C,29510_A|C,11288_11296,21633_21641,21765_21770,28090_28095,28362_28370
OY142332	XAZ	162_C|T,241_C|T,670_T|G,1912_C|T,2232_C|T,2790_C|T,3037_C|T,3317_C|T,3358_T|C,4184_G|A,4321_C|T,9344_C|T,9424_A|G,9534_C|T,10029_C|T,10198_C|T,10447_G|A,10449_C|A,12160_G|A,12880_C|T,14408_C|T,15714_C|T,15960_C|T,17410_C|T,18163_A|G,19955_C|T,20055_A|G,21618_C|T,21987_G|A,22200_T|G,22578_G|A,22674_C|T,22679_T|C,22686_C|T,22688_A|G,22775_G|A,22786_A|C,22813_G|T,22882_T|G,22917_T|G,22992_G|A,22995_C|A,23013_A|C,23018_T|G,23055_A|G,23063_A|T,23075_T|C,23403_A|G,23525_C|T,23599_T|G,23604_C|A,23854_C|A,23948_G|T,24424_A|T,24469_T|A,25000_C|T,25584_C|T,26060_C|T,26270_C|T,26529_G|A,26577_C|G,26709_G|A,27807_C|T,28271_A|T,28311_C|T,28881_G|A,29510_A|C,11288_11296,21633_21641,21765_21770,28362_28370,29734_29759
OY150039	XAZ	162_C|T,241_C|T,670_T|G,1435_A|C,1912_C|T,2232_C|T,2790_C|T,3037_C|T,3317_C|T,3358_T|C,4184_G|A,4321_C|T,9344_C|T,9424_A|G,9534_C|T,10029_C|T,10198_C|T,10447_G|A,10449_C|A,12160_G|A,12880_C|T,14408_C|T,15714_C|T,17410_C|T,18163_A|G,19955_C|T,20055_A|G,21618_C|T,21987_G|A,22200_T|G,22578_G|A,22674_C|T,22679_T|C,22686_C|T,22688_A|G,22775_G|A,22786_A|C,22813_G|T,22882_T|G,22917_T|G,22992_G|A,22995_C|A,23013_A|C,23018_T|G,23055_A|G,23063_A|T,23075_T|C,23403_A|G,23525_C|T,23599_T|G,23604_C|A,23854_C|A,23948_G|T,24424_A|T,24469_T|A,25000_C|T,25584_C|T,26060_C|T,26270_C|T,26529_G|A,26577_C|G,26709_G|A,27807_C|T,28271_A|T,28311_C|T,28881_G|A,28882_G|A,28883_G|C,29510_A|C,11288_11296,21633_21641,21765_21770,28362_28370,29734_29759
OY157353	XAZ	241_C|T,670_T|G,1912_C|T,2232_C|T,2790_C|T,3037_C|T,3317_C|T,3358_T|C,4184_G|A,4321_C|T,9344_C|T,9424_A|G,9534_C|T,10029_C|T,10198_C|T,10447_G|A,10449_C|A,12160_G|A,12781_C|T,12880_C|T,13665_C|T,14408_C|T,15714_C|T,17410_C|T,18163_A|G,19955_C|T,20055_A|G,21618_C|T,21987_G|A,22200_T|G,22578_G|A,22674_C|T,22679_T|C,22686_C|T,22688_A|G,22775_G|A,22786_A|C,22813_G|T,22882_T|G,22917_T|G,22992_G|A,22995_C|A,23013_A|C,23018_T|G,23055_A|G,23063_A|T,23075_T|C,23403_A|G,23525_C|T,23599_T|G,23604_C|A,23854_C|A,23948_G|T,24424_A|T,24469_T|A,25000_C|T,25584_C|T,26060_C|T,26270_C|T,26529_G|A,26577_C|G,26709_G|A,27807_C|T,28271_A|T,28311_C|T,28881_G|A,28882_G|A,28883_G|C,29466_C|T,29510_A|C,11288_11296,21633_21641,21765_21770,28362_28370
OY158569	XAZ	241_C|T,657_C|T,670_T|G,1912_C|T,2232_C|T,2790_C|T,3037_C|T,3317_C|T,3358_T|C,4060_A|C,4184_G|A,4321_C|T,8456_A|G,9344_C|T,9424_A|G,9534_C|T,10029_C|T,10198_C|T,10447_G|A,10449_C|A,11620_C|T,12160_G|A,12880_C|T,14408_C|T,15714_C|T,17410_C|T,18163_A|G,19955_C|T,20055_A|G,21618_C|T,21987_G|A,22200_T|G,22578_G|A,22674_C|T,22679_T|C,22686_C|T,22688_A|G,22786_A|C,22813_G|T,22882_T|G,22917_T|G,22992_G|A,22995_C|A,23013_A|C,23018_T|G,23055_A|G,23063_A|T,23075_T|C,23371_T|C,23403_A|G,23525_C|T,23599_T|G,23604_C|A,23854_C|A,23896_C|T,23948_G|T,24034_C|T,24424_A|T,24469_T|A,25000_C|T,25287_G|T,25584_C|T,26060_C|T,26270_C|T,26529_G|A,26577_C|G,26709_G|A,27247_C|T,27532_C|A,27643_C|T,27807_C|T,28271_A|T,28311_C|T,28881_G|A,28882_G|A,28883_G|C,29510_A|C,11288_11296,21633_21641,21765_21770,28362_28370,29734_29759
OY159942	XAZ	241_C|T,670_T|G,1912_C|T,2232_C|T,2790_C|T,3037_C|T,3317_C|T,3358_T|C,4184_G|A,4321_C|T,9344_C|T,9424_A|G,9534_C|T,10029_C|T,10198_C|T,10447_G|A,10449_C|A,10714_C|T,12160_G|A,12880_C|T,14408_C|T,15714_C|T,17410_C|T,18163_A|G,19955_C|T,20055_A|G,21618_C|T,21807_C|T,21987_G|A,22200_T|G,22578_G|A,22674_C|T,22679_T|C,22686_C|T,22688_A|G,22775_G|A,22786_A|C,22813_G|T,22882_T|G,22917_T|G,22992_G|A,22995_C|A,23013_A|C,23018_T|G,23055_A|G,23063_A|T,23075_T|C,23403_A|G,23525_C|T,23599_T|G,23604_C|A,23854_C|A,23948_G|T,24424_A|T,24469_T|A,25000_C|T,25584_C|T,26060_C|T,26270_C|T,26529_G|A,26577_C|G,26709_G|A,27541_G|T,27807_C|T,28271_A|T,28311_C|T,28881_G|A,29510_A|C,11288_11296,21633_21641,21765_21770,28362_28370,29734_29759
OY162249	XAZ	162_C|T,241_C|T,670_T|G,1912_C|T,2232_C|T,2790_C|T,3037_C|T,3317_C|T,3358_T|C,4184_G|A,4321_C|T,9344_C|T,9424_A|G,9534_C|T,10029_C|T,10198_C|T,10447_G|A,10449_C|A,12160_G|A,12880_C|T,14408_C|T,15714_C|T,17410_C|T,18163_A|G,18526_C|T,19955_C|T,20055_A|G,21618_C|T,21987_G|A,22200_T|G,22578_G|A,22674_C|T,22679_T|C,22686_C|T,22688_A|G,22775_G|A,22786_A|C,22813_G|T,22882_T|G,22917_T|G,22992_G|A,22995_C|A,23013_A|C,23018_T|G,23055_A|G,23063_A|T,23075_T|C,23403_A|G,23525_C|T,23599_T|G,23604_C|A,23854_C|A,23948_G|T,24424_A|T,24469_T|A,25000_C|T,25584_C|T,26060_C|T,26270_C|T,26529_G|A,26577_C|G,26709_G|A,27807_C|T,28271_A|T,28311_C|T,28881_G|A,28882_G|A,28883_G|C,29510_A|C,11288_11296,21633_21641,21765_21770,28362_28370
OY165268	XAZ	241_C|T,592_T|C,670_T|G,1851_T|C,1912_C|T,2232_C|T,2790_C|T,3037_C|T,3317_C|T,3358_T|C,4184_G|A,4321_C|T,7084_T|C,9344_C|T,9424_A|G,9534_C|T,10029_C|T,10198_C|T,10447_G|A,10449_C|A,12160_G|A,12880_C|T,13665_C|T,14408_C|T,15714_C|T,17410_C|T,18163_A|G,19955_C|T,20055_A|G,21618_C|T,21987_G|A,22200_T|G,22578_G|A,22674_C|T,22679_T|C,22686_C|T,22688_A|G,22775_G|A,22786_A|C,22813_G|T,22882_T|G,22917_T|G,22992_G|A,22995_C|A,23013_A|C,23018_T|G,23055_A|G,23063_A|T,23075_T|C,23403_A|G,23525_C|T,23599_T|G,23604_C|A,23854_C|A,23948_G|T,24424_A|T,24469_T|A,24933_G|T,25000_C|T,25584_C|T,26060_C|T,26270_C|T,26529_G|A,26577_C|G,26709_G|A,27807_C|T,28271_A|T,28311_C|T,28881_G|A,28882_G|A,28883_G|C,29466_C|T,29510_A|C,11288_11296,21633_21641,21765_21770,28362_28370
OY169461	XAZ	162_C|T,241_C|T,670_T|G,1912_C|T,2232_C|T,2790_C|T,3037_C|T,3317_C|T,3358_T|C,4184_G|A,4321_C|T,9344_C|T,9424_A|G,9534_C|T,10029_C|T,10198_C|T,10447_G|A,10449_C|A,12160_G|A,12880_C|T,14408_C|T,15714_C|T,17410_C|T,18163_A|G,18526_C|T,19955_C|T,20055_A|G,21618_C|T,21987_G|A,22200_T|G,22578_G|A,22674_C|T,22679_T|C,22686_C|T,22688_A|G,22775_G|A,22786_A|C,22813_G|T,22882_T|G,22917_T|G,22992_G|A,22995_C|A,23013_A|C,23018_T|G,23055_A|G,23063_A|T,23075_T|C,23403_A|G,23525_C|T,23599_T|G,23604_C|A,23854_C|A,23948_G|T,24424_A|T,24469_T|A,25000_C|T,25584_C|T,26060_C|T,26270_C|T,26529_G|A,26577_C|G,26709_G|A,27807_C|T,28271_A|T,28311_C|T,28881_G|A,28882_G|A,28883_G|C,29510_A|C,11288_11296,21633_21641,21765_21770,28362_28370
OY173563	XAZ	162_C|T,241_C|T,670_T|G,1912_C|T,2232_C|T,2790_C|T,3037_C|T,3317_C|T,3358_T|C,4184_G|A,4321_C|T,8149_T|C,9344_C|T,9424_A|G,9534_C|T,10029_C|T,10198_C|T,10447_G|A,10449_C|A,12160_G|A,12880_C|T,14408_C|T,15714_C|T,17410_C|T,18163_A|G,19955_C|T,20055_A|G,21618_C|T,21987_G|A,22200_T|G,22578_G|A,22674_C|T,22679_T|C,22686_C|T,22688_A|G,22775_G|A,22786_A|C,22813_G|T,22882_T|G,22917_T|G,22992_G|A,22995_C|A,23013_A|C,23018_T|G,23055_A|G,23063_A|T,23075_T|C,23403_A|G,23525_C|T,23599_T|G,23604_C|A,23854_C|A,23948_G|T,24424_A|T,24469_T|A,25000_C|T,25584_C|T,26060_C|T,26270_C|T,26529_G|A,26577_C|G,26709_G|A,27038_A|T,27384_T|C,27807_C|T,28271_A|T,28311_C|T,28881_G|A,28882_G|A,28883_G|C,29447_G|T,29510_A|C,11288_11296,21633_21641,21765_21770,28362_28370
OY181903	XAZ	162_C|T,241_C|T,670_T|G,792_A|G,1912_C|T,2232_C|T,2790_C|T,3037_C|T,3317_C|T,3358_T|C,4184_G|A,4321_C|T,9344_C|T,9424_A|G,9534_C|T,10029_C|T,10198_C|T,10447_G|A,10449_C|A,12160_G|A,12880_C|T,14408_C|T,15714_C|T,15960_C|T,17410_C|T,18163_A|G,19955_C|T,20055_A|G,21618_C|T,21987_G|A,22200_T|G,22578_G|A,22674_C|T,22679_T|C,22686_C|T,22688_A|G,22775_G|A,22786_A|C,22813_G|T,22882_T|G,22917_T|G,22992_G|A,22995_C|A,23013_A|C,23018_T|G,23055_A|G,23063_A|T,23075_T|C,23403_A|G,23525_C|T,23599_T|G,23604_C|A,23854_C|A,23948_G|T,24424_A|T,24469_T|A,25000_C|T,25584_C|T,26060_C|T,26270_C|T,26529_G|A,26577_C|G,26709_G|A,27807_C|T,28271_A|T,28311_C|T,28881_G|A,28882_G|A,28883_G|C,29510_A|C,11288_11296,21633_21641,21765_21770,28362_28370
OY191841	XAZ	106_C|T,241_C|T,670_T|G,1912_C|T,2232_C|T,2790_C|T,3037_C|T,3317_C|T,3358_T|C,4184_G|A,4321_C|T,6230_C|T,9344_C|T,9424_A|G,9534_C|T,10029_C|T,10198_C|T,10447_G|A,10449_C|A,12160_G|A,12880_C|T,14183_C|T,14408_C|T,15714_C|T,17410_C|T,18163_A|G,19955_C|T,20055_A|G,21618_C|T,21987_G|A,22200_T|G,22578_G|A,22674_C|T,22679_T|C,22686_C|T,22688_A|G,22775_G|A,22786_A|C,22813_G|T,22882_T|G,22917_T|G,22992_G|A,22995_C|A,23013_A|C,23018_T|G,23055_A|G,23063_A|T,23075_T|C,23403_A|G,23525_C|T,23599_T|G,23604_C|A,23854_C|A,23948_G|T,24424_A|T,24469_T|A,25000_C|T,25584_C|T,26060_C|T,26270_C|T,26529_G|A,26577_C|G,26709_G|A,27807_C|T,28114_T|G,28271_A|T,28311_C|T,28881_G|A,28882_G|A,28883_G|C,29402_G|T,29510_A|C,11288_11296,21633_21641,21765_21770,28362_28370,29734_29759
OY198177	XAZ	162_C|T,241_C|T,670_T|G,1912_C|T,2790_C|T,3037_C|T,3317_C|T,3358_T|C,4184_G|A,4321_C|T,8149_T|C,9344_C|T,9424_A|G,9534_C|T,10029_C|T,10198_C|T,10447_G|A,10449_C|A,12160_G|A,12880_C|T,14408_C|T,15714_C|T,17410_C|T,18163_A|G,19955_C|T,20055_A|G,21618_C|T,21987_G|A,22200_T|G,22578_G|A,22679_T|C,22686_C|T,22688_A|G,22775_G|A,22813_G|T,22882_T|G,22917_T|G,22992_G|A,22995_C|A,23013_A|C,23018_T|G,23055_A|G,23063_A|T,23075_T|C,23403_A|G,23525_C|T,23599_T|G,23604_C|A,23854_C|A,24424_A|T,24469_T|A,25000_C|T,25584_C|T,26060_C|T,26529_G|A,26709_G|A,27038_A|T,27384_T|C,27670_G|T,27807_C|T,28271_A|T,28311_C|T,28881_G|A,28882_G|A,28883_G|C,29447_G|T,29510_A|C,11288_11296,21633_21641,21765_21770,28362_28370,29734_29759
OY202453	XAZ	241_C|T,670_T|G,1912_C|T,2232_C|T,2790_C|T,3037_C|T,3317_C|T,3358_T|C,4184_G|A,4321_C|T,9344_C|T,9424_A|G,9534_C|T,10029_C|T,10198_C|T,10447_G|A,10449_C|A,12160_G|A,12880_C|T,13665_C|T,14408_C|T,15714_C|T,17410_C|T,18163_A|G,19955_C|T,20055_A|G,20208_G|C,21618_C|T,21987_G|A,22200_T|G,22541_G|A,22578_G|A,22674_C|T,22679_T|C,22686_C|T,22688_A|G,22775_G|A,22786_A|C,22813_G|T,22882_T|G,22917_T|G,22992_G|A,22995_C|A,23013_A|C,23018_T|G,23055_A|G,23063_A|T,23075_T|C,23403_A|G,23525_C|T,23599_T|G,23604_C|A,23854_C|A,23948_G|T,24424_A|T,24469_T|A,25000_C|T,25584_C|T,26060_C|T,26270_C|T,26529_G|A,26577_C|G,26709_G|A,27675_A|C,27807_C|T,28271_A|T,28311_C|T,28881_G|A,28882_G|A,28883_G|C,29466_C|T,29510_A|C,11288_11296,21633_21641,21765_21770,28362_28370,29734_29759
OY215143	XAZ	241_C|T,670_T|G,1912_C|T,2232_C|T,2790_C|T,3037_C|T,3317_C|T,3358_T|C,4184_G|A,4321_C|T,9344_C|T,9424_A|G,9534_C|T,10029_C|T,10198_C|T,10447_G|A,10449_C|A,10714_C|T,12160_G|A,12880_C|T,14408_C|T,15714_C|T,17410_C|T,18163_A|G,19955_C|T,20055_A|G,21618_C|T,21807_C|T,21987_G|A,22200_T|G,22578_G|A,22674_C|T,22679_T|C,22686_C|T,22688_A|G,22775_G|A,22786_A|C,22813_G|T,22882_T|G,22917_T|G,22992_G|A,22995_C|A,23013_A|C,23018_T|G,23055_A|G,23063_A|T,23075_T|C,23403_A|G,23525_C|T,23599_T|G,23604_C|A,23854_C|A,23948_G|T,24424_A|T,24469_T|A,25000_C|T,25584_C|T,26060_C|T,26270_C|T,26529_G|A,26577_C|G,26709_G|A,27807_C|T,28271_A|T,28311_C|T,28881_G|A,28882_G|A,28883_G|C,29510_A|C,11288_11296,21633_21641,21765_21770,28362_28370,29734_29759
OY216032	XAZ	219_G|T,241_C|T,670_T|G,1912_C|T,2232_C|T,2293_G|T,2790_C|T,3037_C|T,3317_C|T,3358_T|C,4184_G|A,9344_C|T,9424_A|G,9534_C|T,10029_C|T,10198_C|T,10447_G|A,10449_C|A,12160_G|A,12880_C|T,14408_C|T,15714_C|T,17410_C|T,18163_A|G,19955_C|T,20055_A|G,20823_C|T,21618_C|T,21987_G|A,22200_T|G,22578_G|A,22674_C|T,22679_T|C,22686_C|T,22688_A|G,22775_G|A,22786_A|C,22813_G|T,22882_T|G,22917_T|G,22992_G|A,22995_C|A,23013_A|C,23018_T|G,23055_A|G,23063_A|T,23075_T|C,23403_A|G,23525_C|T,23599_T|G,23604_C|A,23854_C|A,23948_G|T,24424_A|T,24469_T|A,25000_C|T,25584_C|T,26060_C|T,26270_C|T,26529_G|A,26577_C|G,26709_G|A,27807_C|T,28271_A|T,28311_C|T,28881_G|A,28882_G|A,28883_G|C,29510_A|C,11288_11296,21633_21641,21765_21770,28362_28370,29734_29759
OY216033	XAZ	162_C|T,241_C|T,670_T|G,1912_C|T,2232_C|T,2790_C|T,3037_C|T,3317_C|T,3358_T|C,4184_G|A,4321_C|T,9344_C|T,9424_A|G,9534_C|T,10029_C|T,10198_C|T,10447_G|A,10449_C|A,12160_G|A,12880_C|T,14408_C|T,15714_C|T,17410_C|T,17985_C|T,18163_A|G,19955_C|T,19970_C|T,20055_A|G,21618_C|T,21987_G|A,22200_T|G,22578_G|A,22674_C|T,22679_T|C,22686_C|T,22688_A|G,22775_G|A,22786_A|C,22813_G|T,22882_T|G,22917_T|G,22992_G|A,22995_C|A,23013_A|C,23018_T|G,23055_A|G,23063_A|T,23075_T|C,23403_A|G,23525_C|T,23599_T|G,23604_C|A,23854_C|A,23948_G|T,24424_A|T,24469_T|A,25000_C|T,25584_C|T,26060_C|T,26270_C|T,26529_G|A,26577_C|G,26709_G|A,27807_C|T,28271_A|T,28311_C|T,28853_T|C,28881_G|A,28882_G|A,28883_G|C,29510_A|C,11288_11296,21633_21641,21765_21770,28362_28370
OY216119	XAZ	219_G|T,241_C|T,670_T|G,1912_C|T,2232_C|T,2293_G|T,2790_C|T,3037_C|T,3317_C|T,3358_T|C,4184_G|A,9344_C|T,9424_A|G,9534_C|T,10029_C|T,10198_C|T,10447_G|A,10449_C|A,12160_G|A,12880_C|T,14408_C|T,15714_C|T,17410_C|T,18163_A|G,19955_C|T,20055_A|G,20823_C|T,21618_C|T,21987_G|A,22200_T|G,22578_G|A,22674_C|T,22679_T|C,22686_C|T,22688_A|G,22775_G|A,22786_A|C,22813_G|T,22882_T|G,22917_T|G,22992_G|A,22995_C|A,23013_A|C,23018_T|G,23055_A|G,23063_A|T,23075_T|C,23403_A|G,23525_C|T,23599_T|G,23604_C|A,23854_C|A,23948_G|T,24424_A|T,24469_T|A,25000_C|T,25584_C|T,26060_C|T,26270_C|T,26529_G|A,26577_C|G,26709_G|A,27807_C|T,28271_A|T,28311_C|T,28881_G|A,28882_G|A,28883_G|C,29510_A|C,11288_11296,21633_21641,21765_21770,28362_28370,29734_29759
OY226008	XAZ	241_C|T,670_T|G,1912_C|T,2232_C|T,2790_C|T,3037_C|T,3317_C|T,3358_T|C,4184_G|A,4321_C|T,5312_C|T,9344_C|T,9424_A|G,9534_C|T,10029_C|T,10198_C|T,10447_G|A,10449_C|A,12160_G|A,12880_C|T,14408_C|T,15714_C|T,17410_C|T,18163_A|G,19955_C|T,20055_A|G,21618_C|T,21987_G|A,22200_T|G,22578_G|A,22674_C|T,22679_T|C,22686_C|T,22688_A|G,22775_G|A,22786_A|C,22813_G|T,22882_T|G,22917_T|G,22992_G|A,22995_C|A,23013_A|C,23018_T|G,23055_A|G,23063_A|T,23075_T|C,23403_A|G,23525_C|T,23599_T|G,23604_C|A,23854_C|A,23948_G|T,24424_A|T,24469_T|A,25000_C|T,25584_C|T,26060_C|T,26270_C|T,26529_G|A,26577_C|G,26709_G|A,27506_G|T,27807_C|T,28271_A|T,28311_C|T,28881_G|A,28882_G|A,28883_G|C,29510_A|C,11288_11296,21633_21641,21765_21770,28362_28370
OY227296	XAZ	162_C|T,241_C|T,670_T|G,1912_C|T,2232_C|T,2790_C|T,3037_C|T,3317_C|T,3358_T|C,4184_G|A,4321_C|T,6861_C|T,9344_C|T,9424_A|G,9534_C|T,10029_C|T,10198_C|T,10447_G|A,10449_C|A,12160_G|A,12422_A|C,12880_C|T,14408_C|T,15714_C|T,17410_C|T,18163_A|G,19955_C|T,20055_A|G,21618_C|T,21987_G|A,22200_T|G,22578_G|A,22674_C|T,22679_T|C,22686_C|T,22688_A|G,22775_G|A,22786_A|C,22813_G|T,22882_T|G,22917_T|G,22992_G|A,22995_C|A,23013_A|C,23018_T|G,23055_A|G,23063_A|T,23075_T|C,23403_A|G,23525_C|T,23599_T|G,23604_C|A,23854_C|A,23948_G|T,24424_A|T,24460_T|C,24469_T|A,25000_C|T,25584_C|T,26060_C|T,26270_C|T,26529_G|A,26577_C|G,26709_G|A,27807_C|T,28271_A|T,28311_C|T,28881_G|A,28882_G|A,28883_G|C,29510_A|C,11288_11296,21633_21641,21765_21770,28362_28370
OY234833	XAZ	219_G|T,241_C|T,670_T|G,1912_C|T,2232_C|T,2293_G|T,2790_C|T,3037_C|T,3317_C|T,3358_T|C,4184_G|A,9344_C|T,9424_A|G,9534_C|T,10029_C|T,10198_C|T,10447_G|A,10449_C|A,10450_C|T,12160_G|A,12880_C|T,14408_C|T,15714_C|T,17410_C|T,18163_A|G,19955_C|T,20055_A|G,20823_C|T,21618_C|T,21987_G|A,22200_T|G,22578_G|A,22674_C|T,22679_T|C,22686_C|T,22688_A|G,22775_G|A,22786_A|C,22813_G|T,22882_T|G,22917_T|G,22992_G|A,22995_C|A,23013_A|C,23018_T|G,23055_A|G,23063_A|T,23075_T|C,23403_A|G,23525_C|T,23599_T|G,23604_C|A,23854_C|A,23948_G|T,24424_A|T,24469_T|A,25000_C|T,25584_C|T,26060_C|T,26270_C|T,26529_G|A,26577_C|G,26709_G|A,27807_C|T,28271_A|T,28311_C|T,28881_G|A,28882_G|A,28883_G|C,29510_A|C,11288_11296,21633_21641,21765_21770,28362_28370,29734_29759
OY242111	XAZ	241_C|T,670_T|G,1912_C|T,2232_C|T,2790_C|T,3037_C|T,3317_C|T,3358_T|C,4184_G|A,4321_C|T,9344_C|T,9424_A|G,9534_C|T,10029_C|T,10186_C|T,10198_C|T,10447_G|A,10449_C|A,12160_G|A,12880_C|T,14408_C|T,15714_C|T,17410_C|T,18163_A|G,19955_C|T,20055_A|G,21618_C|T,21987_G|A,22200_T|G,22578_G|A,22674_C|T,22679_T|C,22686_C|T,22688_A|G,22775_G|A,22786_A|C,22813_G|T,22882_T|G,22917_T|G,22992_G|A,22995_C|A,23013_A|C,23018_T|G,23055_A|G,23063_A|T,23075_T|C,23403_A|G,23525_C|T,23599_T|G,23604_C|A,23854_C|A,23948_G|T,24424_A|T,24469_T|A,25000_C|T,25584_C|T,26060_C|T,26270_C|T,26529_G|A,26577_C|G,26709_G|A,27807_C|T,28271_A|T,28311_C|T,28881_G|A,28882_G|A,28883_G|C,29510_A|C,11288_11296,21633_21641,21765_21770,28362_28370
OY244865	XAZ	44_C|T,241_C|T,670_T|G,1906_T|C,1912_C|T,2232_C|T,2790_C|T,3037_C|T,3317_C|T,3358_T|C,4184_G|A,4321_C|T,9344_C|T,9424_A|G,9534_C|T,10029_C|T,10198_C|T,10447_G|A,10449_C|A,12160_G|A,12880_C|T,14408_C|T,15714_C|T,17410_C|T,18163_A|G,19955_C|T,20055_A|G,21618_C|T,21987_G|A,22200_T|G,22578_G|A,22674_C|T,22679_T|C,22686_C|T,22688_A|G,22775_G|A,22786_A|C,22813_G|T,22917_T|G,22992_G|A,22995_C|A,23013_A|C,23018_T|G,23055_A|G,23063_A|T,23075_T|C,23403_A|G,23525_C|T,23854_C|A,23948_G|T,24424_A|T,24469_T|A,25000_C|T,25584_C|T,26060_C|T,26270_C|T,26529_G|A,26577_C|G,26709_G|A,27807_C|T,28271_A|T,28311_C|T,28881_G|A,28882_G|A,28883_G|C,29510_A|C,11288_11296,21633_21641,21765_21770
OY246789	XAZ	162_C|T,241_C|T,670_T|G,1912_C|T,2232_C|T,2790_C|T,3037_C|T,3317_C|T,3358_T|C,4184_G|A,4321_C|T,9344_C|T,9424_A|G,9534_C|T,10029_C|T,10198_C|T,10447_G|A,10449_C|A,12160_G|A,12880_C|T,14408_C|T,15714_C|T,15960_C|T,17410_C|T,18163_A|G,19955_C|T,20055_A|G,21618_C|T,21987_G|A,22200_T|G,22578_G|A,22674_C|T,22679_T|C,22686_C|T,22688_A|G,22775_G|A,22786_A|C,22813_G|T,22882_T|G,22917_T|G,22992_G|A,22995_C|A,23013_A|C,23018_T|G,23055_A|G,23063_A|T,23075_T|C,23403_A|G,23525_C|T,23599_T|G,23604_C|A,23854_C|A,23948_G|T,24424_A|T,24469_T|A,25000_C|T,25584_C|T,26060_C|T,26270_C|T,26529_G|A,26577_C|G,26709_G|A,27807_C|T,28271_A|T,28311_C|T,28881_G|A,28882_G|A,28883_G|C,29510_A|C,11288_11296,21633_21641,21765_21770,28362_28370,29734_29759
OY247745	XAZ	241_C|T,670_T|G,1912_C|T,2232_C|T,2790_C|T,3037_C|T,3317_C|T,3358_T|C,4184_G|A,4321_C|T,9344_C|T,9424_A|G,9534_C|T,10029_C|T,10198_C|T,10447_G|A,10449_C|A,11524_T|C,11537_A|G,12160_G|A,12880_C|T,14408_C|T,15714_C|T,17410_C|T,18163_A|G,19955_C|T,20055_A|G,21618_C|T,21987_G|A,22200_T|G,22578_G|A,22674_C|T,22679_T|C,22686_C|T,22688_A|G,22775_G|A,22786_A|C,22813_G|T,22882_T|G,22917_T|G,22992_G|A,22995_C|A,23013_A|C,23018_T|G,23055_A|G,23063_A|T,23075_T|C,23403_A|G,23525_C|T,23599_T|G,23604_C|A,23854_C|A,23948_G|T,24424_A|T,24469_T|A,25000_C|T,25584_C|T,26060_C|T,26270_C|T,26529_G|A,26577_C|G,26709_G|A,27807_C|T,28271_A|T,28311_C|T,28337_G|C,28881_G|A,28882_G|A,28883_G|C,29510_A|C,11288_11296,21633_21641,21765_21770,28362_28370
OY249486	XAZ	241_C|T,670_T|G,681_A|G,1912_C|T,2232_C|T,2790_C|T,3037_C|T,3317_C|T,3358_T|C,4184_G|A,4321_C|T,6541_C|T,6573_C|T,9344_C|T,9424_A|G,9534_C|T,10029_C|T,10198_C|T,10447_G|A,10449_C|A,12160_G|A,12880_C|T,14267_C|T,14408_C|T,15714_C|T,17410_C|T,18163_A|G,18981_C|T,19955_C|T,20055_A|G,21618_C|T,21987_G|A,22200_T|G,22578_G|A,22674_C|T,22679_T|C,22686_C|T,22688_A|G,22775_G|A,22786_A|C,22813_G|T,22882_T|G,22917_T|G,22992_G|A,22995_C|A,23013_A|C,23018_T|G,23055_A|G,23063_A|T,23075_T|C,23403_A|G,23525_C|T,23599_T|G,23604_C|A,23854_C|A,23948_G|T,24424_A|T,24469_T|A,24579_C|T,25000_C|T,25584_C|T,26060_C|T,26123_T|C,26270_C|T,26529_G|A,26577_C|G,26709_G|A,27807_C|T,28271_A|T,28311_C|T,28881_G|A,28882_G|A,28883_G|C,29510_A|C,11288_11296,21633_21641,21765_21770,28362_28370
OY251400	XAZ	162_C|T,241_C|T,670_T|G,1912_C|T,2232_C|T,2790_C|T,3037_C|T,3317_C|T,3358_T|C,4184_G|A,4321_C|T,9344_C|T,9424_A|G,9534_C|T,10029_C|T,10198_C|T,10447_G|A,10449_C|A,12160_G|A,12880_C|T,14408_C|T,15714_C|T,17410_C|T,18163_A|G,19955_C|T,20055_A|G,21618_C|T,21987_G|A,22200_T|G,22578_G|A,22674_C|T,22679_T|C,22686_C|T,22688_A|G,22775_G|A,22786_A|C,22813_G|T,22882_T|G,22917_T|G,22992_G|A,22995_C|A,23013_A|C,23018_T|G,23055_A|G,23063_A|T,23075_T|C,23403_A|G,23525_C|T,23599_T|G,23604_C|A,23854_C|A,23948_G|T,24424_A|T,24469_T|A,25000_C|T,25584_C|T,26060_C|T,26270_C|T,26529_G|A,26577_C|G,26709_G|A,27807_C|T,28271_A|T,28311_C|T,28881_G|A,28882_G|A,28883_G|C,29510_A|C,11288_11296,21633_21641,21765_21770,28362_28370
OY255649	XAZ	241_C|T,354_G|C,670_T|G,1912_C|T,2232_C|T,2324_G|A,2416_C|T,2790_C|T,3037_C|T,3317_C|T,3358_T|C,4184_G|A,4321_C|T,6230_C|T,7834_C|T,9344_C|T,9424_A|G,9534_C|T,10029_C|T,10198_C|T,10447_G|A,10449_C|A,12160_G|A,12880_C|T,14408_C|T,15714_C|T,17410_C|T,18163_A|G,19955_C|T,20055_A|G,21618_C|T,21987_G|A,22200_T|G,22578_G|A,22674_C|T,22679_T|C,22686_C|T,22688_A|G,22775_G|A,22786_A|C,22813_G|T,22882_T|G,22917_T|G,22992_G|A,22995_C|A,23013_A|C,23018_T|G,23055_A|G,23063_A|T,23075_T|C,23403_A|G,23525_C|T,23599_T|G,23604_C|A,23854_C|A,23948_G|T,24424_A|T,24469_T|A,25000_C|T,25584_C|T,26060_C|T,26270_C|T,26529_G|A,26577_C|G,26709_G|A,27807_C|T,28114_T|G,28271_A|T,28311_C|T,28881_G|A,28882_G|A,28883_G|C,29402_G|T,29510_A|C,11288_11296,21633_21641,21765_21770,28362_28370
OY260142	XAZ	162_C|T,241_C|T,670_T|G,1912_C|T,2232_C|T,2790_C|T,3037_C|T,3317_C|T,3358_T|C,4184_G|A,4321_C|T,8092_C|T,9344_C|T,9424_A|G,9534_C|T,10029_C|T,10198_C|T,10447_G|A,10449_C|A,12160_G|A,12880_C|T,14408_C|T,15714_C|T,15960_C|T,17410_C|T,18163_A|G,19955_C|T,20055_A|G,21123_G|T,21575_C|T,21618_C|T,21987_G|A,22200_T|G,22578_G|A,22674_C|T,22679_T|C,22686_C|T,22688_A|G,22775_G|A,22786_A|C,22813_G|T,22882_T|G,22917_T|G,22992_G|A,22995_C|A,23013_A|C,23018_T|G,23055_A|G,23063_A|T,23075_T|C,23403_A|G,23525_C|T,23599_T|G,23604_C|A,23854_C|A,23948_G|T,24424_A|T,24469_T|A,25000_C|T,25584_C|T,26060_C|T,26270_C|T,26529_G|A,26577_C|G,26709_G|A,27807_C|T,28271_A|T,28311_C|T,28881_G|A,28882_G|A,28883_G|C,29510_A|C,11288_11296,21633_21641,21765_21770,28362_28370
OY262767	XAZ	162_C|T,241_C|T,670_T|G,1912_C|T,2232_C|T,2790_C|T,3037_C|T,3317_C|T,3358_T|C,4184_G|A,4321_C|T,9344_C|T,9424_A|G,9534_C|T,10029_C|T,10198_C|T,10447_G|A,10449_C|A,12160_G|A,12880_C|T,14408_C|T,15714_C|T,17410_C|T,18163_A|G,19955_C|T,20055_A|G,21618_C|T,21987_G|A,22200_T|G,22578_G|A,22674_C|T,22679_T|C,22686_C|T,22688_A|G,22775_G|A,22786_A|C,22813_G|T,22882_T|G,22917_T|G,22992_G|A,22995_C|A,23013_A|C,23018_T|G,23055_A|G,23063_A|T,23075_T|C,23403_A|G,23525_C|T,23599_T|G,23604_C|A,23854_C|A,23948_G|T,24424_A|T,24469_T|A,25000_C|T,25584_C|T,26060_C|T,26270_C|T,26529_G|A,26577_C|G,26709_G|A,27807_C|T,28271_A|T,28311_C|T,28881_G|A,28882_G|A,28883_G|C,29510_A|C,11288_11296,21633_21641,21765_21770,28362_28370
OY263267	XAZ	162_C|T,241_C|T,670_T|G,1912_C|T,2232_C|T,2790_C|T,3037_C|T,3317_C|T,3358_T|C,4184_G|A,4321_C|T,9344_C|T,9424_A|G,9534_C|T,10029_C|T,10198_C|T,10447_G|A,10449_C|A,12160_G|A,12880_C|T,14408_C|T,15714_C|T,17410_C|T,18163_A|G,19955_C|T,20055_A|G,21618_C|T,21987_G|A,22200_T|G,22578_G|A,22674_C|T,22679_T|C,22686_C|T,22688_A|G,22775_G|A,22786_A|C,22813_G|T,22882_T|G,22917_T|G,22992_G|A,22995_C|A,23013_A|C,23018_T|G,23055_A|G,23063_A|T,23075_T|C,23403_A|G,23525_C|T,23599_T|G,23604_C|A,23854_C|A,23948_G|T,24424_A|T,24469_T|A,25000_C|T,25584_C|T,26060_C|T,26270_C|T,26529_G|A,26577_C|G,26709_G|A,27807_C|T,28271_A|T,28311_C|T,28881_G|A,28882_G|A,28883_G|C,29510_A|C,11288_11296,21633_21641,21765_21770,28362_28370
OY264360	XAZ	162_C|T,241_C|T,670_T|G,1912_C|T,2232_C|T,2790_C|T,3037_C|T,3317_C|T,3358_T|C,4184_G|A,4321_C|T,9344_C|T,9424_A|G,9534_C|T,10029_C|T,10160_G|A,10198_C|T,10447_G|A,10449_C|A,12160_G|A,12268_G|A,12880_C|T,14408_C|T,15714_C|T,15960_C|T,17410_C|T,18163_A|G,18952_A|G,19260_T|C,19955_C|T,20055_A|G,21618_C|T,21987_G|A,22200_T|G,22578_G|A,22674_C|T,22679_T|C,22686_C|T,22688_A|G,22775_G|A,22786_A|C,22813_G|T,22882_T|G,22917_T|G,22992_G|A,22995_C|A,23013_A|C,23018_T|G,23055_A|G,23063_A|T,23075_T|C,23403_A|G,23525_C|T,23599_T|G,23604_C|A,23854_C|A,23948_G|T,24424_A|T,24469_T|A,25000_C|T,25584_C|T,26060_C|T,26270_C|T,26529_G|A,26577_C|G,26709_G|A,27807_C|T,28271_A|T,28311_C|T,28881_G|A,28882_G|A,28883_G|C,29510_A|C,29635_C|T,510_518,11288_11296,21633_21641,21765_21770,28362_28370
OY267953	XAZ	162_C|T,241_C|T,670_T|G,1912_C|T,2232_C|T,2485_C|A,2790_C|T,3037_C|T,3317_C|T,3358_T|C,4184_G|A,4321_C|T,8149_T|C,9344_C|T,9424_A|G,9534_C|T,10029_C|T,10198_C|T,10447_G|A,10449_C|A,12160_G|A,12880_C|T,14408_C|T,15714_C|T,17410_C|T,18163_A|G,19955_C|T,20055_A|G,21618_C|T,21987_G|A,22200_T|G,22578_G|A,22674_C|T,22679_T|C,22686_C|T,22688_A|G,22775_G|A,22786_A|C,22813_G|T,22882_T|G,22917_T|G,22992_G|A,22995_C|A,23013_A|C,23018_T|G,23055_A|G,23063_A|T,23075_T|C,23403_A|G,23525_C|T,23599_T|G,23604_C|A,23854_C|A,23948_G|T,24424_A|T,24469_T|A,25000_C|T,25584_C|T,26060_C|T,26270_C|T,26529_G|A,26577_C|G,26709_G|A,27038_A|T,27384_T|C,27670_G|T,27807_C|T,28271_A|T,28311_C|T,28881_G|A,28882_G|A,28883_G|C,29447_G|T,29510_A|C,11288_11296,21633_21641,21765_21770,28362_28370
OY309806	XAZ	241_C|T,593_C|T,670_T|G,1740_A|C,1912_C|T,2232_C|T,2790_C|T,3037_C|T,3317_C|T,3358_T|C,4184_G|A,4321_C|T,4771_T|A,6286_C|T,8016_C|T,9344_C|T,9424_A|G,9534_C|T,10029_C|T,10198_C|T,10447_G|A,10449_C|A,12025_C|T,12160_G|A,12880_C|T,12892_G|T,14408_C|T,15714_C|T,17410_C|T,18163_A|G,19955_C|T,20055_A|G,21618_C|T,21987_G|A,22200_T|G,22578_G|A,22674_C|T,22679_T|C,22686_C|T,22688_A|G,22775_G|A,22786_A|C,22813_G|T,22882_T|G,22917_T|G,22992_G|A,22995_C|A,23013_A|C,23018_T|G,23055_A|G,23063_A|T,23075_T|C,23403_A|G,23525_C|T,23599_T|G,23604_C|A,23854_C|A,23948_G|T,24424_A|T,24469_T|A,25000_C|T,25495_A|G,25584_C|T,26060_C|T,26270_C|T,26529_G|A,26577_C|G,26709_G|A,27807_C|T,28271_A|T,28311_C|T,28881_G|A,28882_G|A,28883_G|C,29510_A|C,11288_11296,21633_21641,21765_21770,28362_28370,29734_29759
OY389797	XAZ	241_C|T,670_T|G,1912_C|T,2143_C|T,2232_C|T,2790_C|T,3037_C|T,3317_C|T,3358_T|C,4184_G|A,4321_C|T,6230_C|T,9344_C|T,9526_G|T,9534_C|T,10029_C|T,10198_C|T,10447_G|A,10449_C|A,12160_G|A,12880_C|T,14408_C|T,15714_C|T,17410_C|T,18163_A|G,19955_C|T,20055_A|G,21618_C|T,21987_G|A,22200_T|G,22578_G|A,22674_C|T,22679_T|C,22686_C|T,22688_A|G,22775_G|A,22786_A|C,22813_G|T,22882_T|G,22917_T|G,22992_G|A,22995_C|A,23013_A|C,23018_T|G,23055_A|G,23063_A|T,23075_T|C,23403_A|G,23525_C|T,23599_T|G,23604_C|A,23854_C|A,23948_G|T,24424_A|T,24469_T|A,25000_C|T,25584_C|T,26060_C|T,26270_C|T,26529_G|A,26577_C|G,26709_G|A,27807_C|T,28114_T|G,28271_A|T,28311_C|T,28881_G|A,28882_G|A,28883_G|C,29510_A|C,11288_11296,21633_21641,21765_21770,28362_28370,29734_29759
OY492686	XAZ	241_C|T,670_T|G,681_A|G,1912_C|T,2232_C|T,2790_C|T,3037_C|T,3317_C|T,3358_T|C,4184_G|A,4321_C|T,9344_C|T,9424_A|G,9534_C|T,10029_C|T,10198_C|T,10447_G|A,10449_C|A,12160_G|A,12880_C|T,14408_C|T,15714_C|T,17410_C|T,18163_A|G,19955_C|T,20055_A|G,21618_C|T,21987_G|A,22200_T|G,22578_G|A,22674_C|T,22679_T|C,22686_C|T,22688_A|G,22775_G|A,22786_A|C,22813_G|T,22882_T|G,22917_T|G,22992_G|A,22995_C|A,23013_A|C,23018_T|G,23055_A|G,23063_A|T,23075_T|C,23403_A|G,23525_C|T,23599_T|G,23604_C|A,23638_C|T,23854_C|A,23948_G|T,24424_A|T,24469_T|A,25000_C|T,25584_C|T,26060_C|T,26270_C|T,26529_G|A,26709_G|A,27807_C|T,28271_A|T,28311_C|T,28881_G|A,28882_G|A,28883_G|C,29510_A|C,11288_11296,21633_21641,21765_21770,28362_28370,29734_29759
OY536273	XAZ	241_C|T,670_T|G,1906_T|C,1912_C|T,2232_C|T,2790_C|T,3037_C|T,3317_C|T,3358_T|C,4184_G|A,4321_C|T,9344_C|T,9424_A|G,9534_C|T,10029_C|T,10198_C|T,10447_G|A,10449_C|A,12160_G|A,12880_C|T,14408_C|T,15714_C|T,17410_C|T,18163_A|G,19955_C|T,20055_A|G,21618_C|T,21987_G|A,22200_T|G,22578_G|A,22674_C|T,22679_T|C,22686_C|T,22688_A|G,22775_G|A,22786_A|C,22813_G|T,22882_T|G,22917_T|G,22992_G|A,22995_C|A,23013_A|C,23018_T|G,23055_A|G,23063_A|T,23075_T|C,23403_A|G,23525_C|T,23599_T|G,23604_C|A,23854_C|A,23948_G|T,24424_A|T,24469_T|A,25000_C|T,25584_C|T,26060_C|T,26270_C|T,26529_G|A,26577_C|G,26709_G|A,27807_C|T,28271_A|T,28311_C|T,28881_G|A,28882_G|A,28883_G|C,29510_A|C,11288_11296,21633_21641,21765_21770,28362_28370,29734_29759
OY987855	XAZ	241_C|T,670_T|G,681_A|G,1912_C|T,2232_C|T,2325_C|T,2790_C|T,3037_C|T,3317_C|T,3358_T|C,4184_G|A,4321_C|T,6541_C|T,9344_C|T,9424_A|G,9534_C|T,10029_C|T,10198_C|T,10447_G|A,10449_C|A,12160_G|A,12880_C|T,14408_C|T,15714_C|T,17410_C|T,18163_A|G,18981_C|T,19955_C|T,20055_A|G,21618_C|T,21987_G|A,22200_T|G,22578_G|A,22674_C|T,22679_T|C,22686_C|T,22688_A|G,22775_G|A,22786_A|C,22813_G|T,22882_T|G,22917_T|G,22992_G|A,22995_C|A,23013_A|C,23018_T|G,23055_A|G,23063_A|T,23075_T|C,23403_A|G,23525_C|T,23599_T|G,23604_C|A,23854_C|A,23948_G|T,24424_A|T,24469_T|A,24757_G|T,25000_C|T,25584_C|T,26060_C|T,26123_T|C,26270_C|T,26529_G|A,26577_C|G,26709_G|A,27807_C|T,28271_A|T,28311_C|T,28881_G|A,28882_G|A,28883_G|C,29510_A|C,11288_11296,21633_21641,21765_21770,28362_28370
OY988259	XAZ	241_C|T,670_T|G,681_A|G,1912_C|T,2232_C|T,2325_C|T,2790_C|T,3037_C|T,3317_C|T,3358_T|C,4184_G|A,4321_C|T,6541_C|T,9344_C|T,9424_A|G,9534_C|T,10029_C|T,10198_C|T,10447_G|A,10449_C|A,12160_G|A,12880_C|T,14408_C|T,15714_C|T,17410_C|T,18163_A|G,18981_C|T,19955_C|T,20055_A|G,21618_C|T,21987_G|A,22200_T|G,22578_G|A,22674_C|T,22679_T|C,22686_C|T,22688_A|G,22775_G|A,22786_A|C,22813_G|T,22882_T|G,22917_T|G,22992_G|A,22995_C|A,23013_A|C,23018_T|G,23055_A|G,23063_A|T,23075_T|C,23403_A|G,23525_C|T,23599_T|G,23604_C|A,23854_C|A,23948_G|T,24424_A|T,24469_T|A,24757_G|T,25000_C|T,25584_C|T,26060_C|T,26123_T|C,26270_C|T,26529_G|A,26577_C|G,26709_G|A,27807_C|T,28271_A|T,28311_C|T,28881_G|A,28882_G|A,28883_G|C,29510_A|C,11288_11296,21633_21641,21765_21770,28362_28370
OY988398	XAZ	241_C|T,670_T|G,681_A|G,1912_C|T,2232_C|T,2325_C|T,2790_C|T,3037_C|T,3317_C|T,3358_T|C,4184_G|A,4321_C|T,6541_C|T,9344_C|T,9424_A|G,9534_C|T,10029_C|T,10198_C|T,10447_G|A,10449_C|A,12160_G|A,12880_C|T,14408_C|T,15714_C|T,17410_C|T,18163_A|G,18981_C|T,19955_C|T,20055_A|G,21618_C|T,21987_G|A,22200_T|G,22578_G|A,22674_C|T,22679_T|C,22686_C|T,22688_A|G,22775_G|A,22786_A|C,22813_G|T,22882_T|G,22917_T|G,22992_G|A,22995_C|A,23013_A|C,23018_T|G,23055_A|G,23063_A|T,23075_T|C,23403_A|G,23525_C|T,23599_T|G,23604_C|A,23854_C|A,23948_G|T,24424_A|T,24469_T|A,24757_G|T,25000_C|T,25584_C|T,26060_C|T,26123_T|C,26270_C|T,26529_G|A,26577_C|G,26709_G|A,27807_C|T,28271_A|T,28311_C|T,28881_G|A,28882_G|A,28883_G|C,29510_A|C,11288_11296,21633_21641,21765_21770,28362_28370
OY988650	XAZ	241_C|T,670_T|G,681_A|G,1912_C|T,2232_C|T,2325_C|T,2790_C|T,3037_C|T,3317_C|T,3358_T|C,4184_G|A,4321_C|T,6541_C|T,9344_C|T,9424_A|G,9534_C|T,10029_C|T,10198_C|T,10447_G|A,10449_C|A,12160_G|A,12880_C|T,14408_C|T,15714_C|T,17410_C|T,18163_A|G,18981_C|T,19955_C|T,20055_A|G,21618_C|T,21987_G|A,22200_T|G,22578_G|A,22674_C|T,22679_T|C,22686_C|T,22688_A|G,22775_G|A,22786_A|C,22813_G|T,22882_T|G,22917_T|G,22992_G|A,22995_C|A,23013_A|C,23018_T|G,23055_A|G,23063_A|T,23075_T|C,23403_A|G,23525_C|T,23599_T|G,23604_C|A,23854_C|A,23948_G|T,24424_A|T,24469_T|A,24757_G|T,25000_C|T,25584_C|T,26060_C|T,26123_T|C,26270_C|T,26529_G|A,26577_C|G,26709_G|A,27807_C|T,28271_A|T,28311_C|T,28881_G|A,28882_G|A,28883_G|C,29510_A|C,11288_11296,21633_21641,21765_21770,28362_28370
OY988795	XAZ	241_C|T,670_T|G,681_A|G,1912_C|T,2232_C|T,2325_C|T,2790_C|T,3037_C|T,3317_C|T,3358_T|C,4184_G|A,4321_C|T,6541_C|T,9344_C|T,9424_A|G,9534_C|T,10029_C|T,10198_C|T,10447_G|A,10449_C|A,12160_G|A,12880_C|T,14408_C|T,15714_C|T,17410_C|T,18163_A|G,18981_C|T,19955_C|T,20055_A|G,21618_C|T,21987_G|A,22200_T|G,22578_G|A,22674_C|T,22679_T|C,22686_C|T,22688_A|G,22775_G|A,22786_A|C,22813_G|T,22882_T|G,22917_T|G,22992_G|A,22995_C|A,23013_A|C,23018_T|G,23055_A|G,23063_A|T,23075_T|C,23403_A|G,23525_C|T,23599_T|G,23604_C|A,23854_C|A,23948_G|T,24424_A|T,24469_T|A,24757_G|T,25000_C|T,25584_C|T,26060_C|T,26123_T|C,26270_C|T,26529_G|A,26577_C|G,26709_G|A,27807_C|T,28271_A|T,28311_C|T,28881_G|A,28882_G|A,28883_G|C,29510_A|C,11288_11296,21633_21641,21765_21770,28362_28370
OY989045	XAZ	241_C|T,670_T|G,681_A|G,1912_C|T,2232_C|T,2325_C|T,2790_C|T,3037_C|T,3317_C|T,3358_T|C,4184_G|A,4321_C|T,6541_C|T,9344_C|T,9424_A|G,9534_C|T,10029_C|T,10198_C|T,10447_G|A,10449_C|A,12160_G|A,12880_C|T,14408_C|T,15714_C|T,17410_C|T,18163_A|G,18981_C|T,19955_C|T,20055_A|G,21618_C|T,21987_G|A,22200_T|G,22578_G|A,22674_C|T,22679_T|C,22686_C|T,22688_A|G,22775_G|A,22786_A|C,22813_G|T,22882_T|G,22917_T|G,22992_G|A,22995_C|A,23013_A|C,23018_T|G,23055_A|G,23063_A|T,23075_T|C,23403_A|G,23525_C|T,23599_T|G,23604_C|A,23854_C|A,23948_G|T,24424_A|T,24469_T|A,24757_G|T,25000_C|T,25584_C|T,26060_C|T,26123_T|C,26270_C|T,26529_G|A,26577_C|G,26709_G|A,27807_C|T,28271_A|T,28311_C|T,28881_G|A,28882_G|A,28883_G|C,29510_A|C,11288_11296,21633_21641,21765_21770,28362_28370
RUS/9815/2022	XAZ	241_C|T,670_T|G,1912_C|T,2232_C|T,2790_C|T,3037_C|T,3317_C|T,3358_T|C,4184_G|A,4321_C|T,5312_C|T,9344_C|T,9424_A|G,9534_C|T,10029_C|T,10447_G|A,10449_C|A,12160_G|A,12880_C|T,14408_C|T,15714_C|T,17410_C|T,18163_A|G,19955_C|T,20055_A|G,21618_C|T,21987_G|A,22200_T|G,22578_G|A,22674_C|T,22679_T|C,22686_C|T,22688_A|G,22775_G|A,22786_A|C,22813_G|T,22882_T|G,22917_T|G,22992_G|A,22995_C|A,23013_A|C,23018_T|G,23055_A|G,23063_A|T,23075_T|C,23403_A|G,23525_C|T,23599_T|G,23604_C|A,23854_C|A,23948_G|T,24424_A|T,24469_T|A,25000_C|T,25584_C|T,26060_C|T,26270_C|T,26529_G|A,26577_C|G,26709_G|A,26807_C|T,27807_C|T,28271_A|T,28311_C|T,28881_G|A,28882_G|A,28883_G|C,29510_A|C,11288_11296,21633_21641,21765_21770,28362_28370
Scotland/LSPA-3EAA274/2022	XAZ	241_C|T,670_T|G,1906_T|C,1912_C|T,2232_C|T,2790_C|T,3037_C|T,3317_C|T,3358_T|C,4184_G|A,4321_C|T,9344_C|T,9424_A|G,9534_C|T,10029_C|T,10198_C|T,10447_G|A,10449_C|A,12160_G|A,12880_C|T,14408_C|T,15714_C|T,17410_C|T,18163_A|G,19955_C|T,20055_A|G,21618_C|T,21987_G|A,22200_T|G,22578_G|A,22674_C|T,22679_T|C,22686_C|T,22688_A|G,22775_G|A,22786_A|C,22813_G|T,22882_T|G,22917_T|G,22992_G|A,22995_C|A,23013_A|C,23018_T|G,23055_A|G,23063_A|T,23075_T|C,23403_A|G,23525_C|T,23599_T|G,23604_C|A,23854_C|A,23948_G|T,24424_A|T,24469_T|A,25000_C|T,25584_C|T,26060_C|T,26270_C|T,26529_G|A,26577_C|G,26709_G|A,27807_C|T,28271_A|T,28311_C|T,28881_G|A,28882_G|A,28883_G|C,29510_A|C,11288_11296,21633_21641,21765_21770,28362_28370,29734_29759
Scotland/LSPA-3F28AA2/2022	XAZ	241_C|T,670_T|G,1912_C|T,2232_C|T,2790_C|T,3037_C|T,3317_C|T,3358_T|C,4184_G|A,4321_C|T,9344_C|T,9424_A|G,9534_C|T,10029_C|T,10198_C|T,10447_G|A,10449_C|A,12160_G|A,12880_C|T,14408_C|T,15714_C|T,17410_C|T,18163_A|G,19955_C|T,20055_A|G,21618_C|T,21987_G|A,22200_T|G,22578_G|A,22674_C|T,22679_T|C,22686_C|T,22688_A|G,22775_G|A,22786_A|C,22813_G|T,22882_T|G,22917_T|G,22992_G|A,22995_C|A,23013_A|C,23018_T|G,23055_A|G,23063_A|T,23075_T|C,23403_A|G,23525_C|T,23599_T|G,23604_C|A,23854_C|A,23948_G|T,24424_A|T,24469_T|A,25000_C|T,25584_C|T,26060_C|T,26270_C|T,26529_G|A,26577_C|G,26709_G|A,27807_C|T,28271_A|T,28311_C|T,28881_G|A,28882_G|A,28883_G|C,29510_A|C,11288_11296,21633_21641,21765_21770,28362_28370,29734_29759
Scotland/PLYM-3EE85F9/2022	XAZ	241_C|T,670_T|G,1906_T|C,1912_C|T,2232_C|T,2790_C|T,3037_C|T,3317_C|T,3358_T|C,4184_G|A,4321_C|T,9344_C|T,9424_A|G,9534_C|T,10029_C|T,10198_C|T,10447_G|A,10449_C|A,12160_G|A,12880_C|T,14408_C|T,15714_C|T,17410_C|T,18163_A|G,19955_C|T,20055_A|G,21618_C|T,21987_G|A,22200_T|G,22578_G|A,22674_C|T,22679_T|C,22686_C|T,22688_A|G,22775_G|A,22786_A|C,22813_G|T,22882_T|G,22917_T|G,22992_G|A,22995_C|A,23013_A|C,23018_T|G,23055_A|G,23063_A|T,23075_T|C,23403_A|G,23525_C|T,23599_T|G,23604_C|A,23854_C|A,23948_G|T,24424_A|T,24469_T|A,25000_C|T,25584_C|T,26060_C|T,26270_C|T,26529_G|A,26577_C|G,26709_G|A,27807_C|T,28271_A|T,28311_C|T,28881_G|A,28882_G|A,28883_G|C,29510_A|C,11288_11296,21633_21641,21765_21770,28362_28370,29734_29759
Scotland/QEUH-325F8C72/2022	XAZ	241_C|T,670_T|G,681_A|G,1912_C|T,2232_C|T,2325_C|T,2790_C|T,3037_C|T,3317_C|T,3358_T|C,4184_G|A,4321_C|T,6541_C|T,9344_C|T,9424_A|G,9534_C|T,10029_C|T,10198_C|T,10447_G|A,10449_C|A,12160_G|A,12880_C|T,14408_C|T,15714_C|T,17410_C|T,18163_A|G,18981_C|T,19955_C|T,20055_A|G,21618_C|T,21987_G|A,22200_T|G,22578_G|A,22674_C|T,22679_T|C,22686_C|T,22688_A|G,22775_G|A,22786_A|C,22813_G|T,22882_T|G,22917_T|G,22992_G|A,22995_C|A,23013_A|C,23018_T|G,23055_A|G,23063_A|T,23075_T|C,23403_A|G,23525_C|T,23599_T|G,23604_C|A,23854_C|A,23948_G|T,24424_A|T,24469_T|A,24757_G|T,25000_C|T,25584_C|T,26060_C|T,26123_T|C,26270_C|T,26529_G|A,26577_C|G,26709_G|A,27807_C|T,28271_A|T,28311_C|T,28881_G|A,28882_G|A,28883_G|C,29510_A|C,11288_11296,21633_21641,21765_21770,28362_28370,29734_29759
Scotland/SCOT-17967/2022	XAZ	241_C|T,670_T|G,1906_T|C,1912_C|T,2232_C|T,2790_C|T,3037_C|T,3317_C|T,3358_T|C,4184_G|A,4321_C|T,9344_C|T,9424_A|G,9534_C|T,10029_C|T,10198_C|T,10447_G|A,10449_C|A,12160_G|A,12880_C|T,14408_C|T,15714_C|T,17410_C|T,18163_A|G,19955_C|T,20055_A|G,21618_C|T,21987_G|A,22200_T|G,22578_G|A,22674_C|T,22679_T|C,22686_C|T,22688_A|G,22775_G|A,22786_A|C,22813_G|T,22882_T|G,22917_T|G,22992_G|A,22995_C|A,23013_A|C,23018_T|G,23055_A|G,23063_A|T,23075_T|C,23403_A|G,23525_C|T,23599_T|G,23604_C|A,23854_C|A,23948_G|T,24424_A|T,24469_T|A,25000_C|T,25584_C|T,26060_C|T,26270_C|T,26529_G|A,26577_C|G,26709_G|A,27807_C|T,28271_A|T,28311_C|T,28881_G|A,28882_G|A,28883_G|C,29510_A|C,11288_11296,21633_21641,21765_21770,28362_28370,29734_29759
Switzerland/AG-ETHZ-38004619/2022	XAZ	129_A|G,241_C|T,670_T|G,1912_C|T,2232_C|T,2790_C|T,3037_C|T,3317_C|T,3358_T|C,4184_G|A,4321_C|T,9344_C|T,9424_A|G,9534_C|T,10029_C|T,10198_C|T,10447_G|A,10449_C|A,12025_C|T,12160_G|A,12880_C|T,14408_C|T,15714_C|T,17410_C|T,17766_C|T,18163_A|G,19955_C|T,20055_A|G,21618_C|T,21987_G|A,22200_T|G,22578_G|A,22674_C|T,22679_T|C,22686_C|T,22688_A|G,22775_G|A,22786_A|C,22813_G|T,22882_T|G,22917_T|G,22992_G|A,22995_C|A,23013_A|C,23018_T|G,23055_A|G,23063_A|T,23075_T|C,23403_A|G,23525_C|T,23599_T|G,23604_C|A,23854_C|A,23948_G|T,24424_A|T,24469_T|A,25000_C|T,25584_C|T,26060_C|T,26270_C|T,26529_G|A,26577_C|G,26709_G|A,27807_C|T,28087_C|T,28271_A|T,28311_C|T,28881_G|A,28882_G|A,28883_G|C,29510_A|C,11288_11296,21633_21641,21765_21770,28362_28370,29734_29759
Switzerland/AG-ETHZ-675675/2022	XAZ	241_C|T,670_T|G,1912_C|T,2232_C|T,2790_C|T,3037_C|T,3317_C|T,3358_T|C,4184_G|A,4321_C|T,9344_C|T,9424_A|G,9534_C|T,10029_C|T,10198_C|T,10447_G|A,10449_C|A,12160_G|A,12880_C|T,14408_C|T,15714_C|T,17410_C|T,18163_A|G,19955_C|T,20055_A|G,21618_C|T,21987_G|A,22200_T|G,22578_G|A,22674_C|T,22679_T|C,22686_C|T,22688_A|G,22775_G|A,22786_A|C,22813_G|T,22917_T|G,22992_G|A,22995_C|A,23013_A|C,23018_T|G,23055_A|G,23063_A|T,23075_T|C,23403_A|G,23525_C|T,23599_T|G,23604_C|A,23854_C|A,23948_G|T,24424_A|T,24469_T|A,25000_C|T,25584_C|T,26060_C|T,26270_C|T,26577_C|G,26709_G|A,27807_C|T,28271_A|T,28311_C|T,28881_G|A,28882_G|A,28883_G|C,29510_A|C,29781_G|T,29867_T|A,11288_11296,21633_21641,21765_21770,28362_28370,29734_29759
Switzerland/BE-ETHZ-38005669/2022	XAZ	241_C|T,670_T|G,681_A|G,1401_G|A,1912_C|T,2232_C|T,2790_C|T,3037_C|T,3317_C|T,3358_T|C,4184_G|A,4321_C|T,6541_C|T,9344_C|T,9424_A|G,9534_C|T,10029_C|T,10198_C|T,10447_G|A,10449_C|A,12160_G|A,12880_C|T,14408_C|T,15714_C|T,17410_C|T,18163_A|G,18981_C|T,19955_C|T,20055_A|G,21618_C|T,21987_G|A,22200_T|G,22578_G|A,22674_C|T,22679_T|C,22686_C|T,22688_A|G,22775_G|A,22786_A|C,22813_G|T,22882_T|G,22917_T|G,22992_G|A,22995_C|A,23013_A|C,23018_T|G,23055_A|G,23063_A|T,23075_T|C,23403_A|G,23525_C|T,23599_T|G,23604_C|A,23854_C|A,23948_G|T,24424_A|T,24469_T|A,25000_C|T,25584_C|T,26060_C|T,26123_T|C,26270_C|T,26529_G|A,26577_C|G,26709_G|A,27807_C|T,28271_A|T,28311_C|T,28881_G|A,28882_G|A,28883_G|C,29510_A|C,11288_11296,21633_21641,21765_21770,28362_28370,29734_29759
Switzerland/BE-IFIK-220802_os_37/2022	XAZ	241_C|T,670_T|G,936_C|T,1912_C|T,2232_C|T,2790_C|T,3037_C|T,3317_C|T,3358_T|C,4184_G|A,4321_C|T,4672_C|T,9344_C|T,9424_A|G,9534_C|T,10029_C|T,10198_C|T,10447_G|A,10449_C|A,10714_C|T,12160_G|A,12880_C|T,14408_C|T,15714_C|T,17410_C|T,18163_A|G,19955_C|T,20055_A|G,21618_C|T,21807_C|T,21987_G|A,22200_T|G,22578_G|A,22674_C|T,22679_T|C,22686_C|T,22688_A|G,22775_G|A,22786_A|C,22813_G|T,22882_T|G,22917_T|G,22992_G|A,22995_C|A,23013_A|C,23018_T|G,23055_A|G,23063_A|T,23075_T|C,23403_A|G,23525_C|T,23599_T|G,23604_C|A,23854_C|A,23948_G|T,24424_A|T,24469_T|A,25000_C|T,25584_C|T,26060_C|T,26270_C|T,26529_G|A,26577_C|G,26709_G|A,27807_C|T,28271_A|T,28311_C|T,28881_G|A,28882_G|A,28883_G|C,29510_A|C,11288_11296,21633_21641,21765_21770,28362_28370,29734_29759,29903_.|N
Switzerland/BE-IFIK-220829_os_55/2022	XAZ	241_C|T,670_T|G,1912_C|T,2232_C|T,2790_C|T,3037_C|T,3317_C|T,3358_T|C,4184_G|A,4321_C|T,9344_C|T,9424_A|G,9534_C|T,10029_C|T,10198_C|T,10447_G|A,10449_C|A,12025_C|T,12160_G|A,12880_C|T,14408_C|T,15714_C|T,17410_C|T,18163_A|G,19955_C|T,20055_A|G,21618_C|T,21987_G|A,22200_T|G,22578_G|A,22674_C|T,22679_T|C,22686_C|T,22688_A|G,22775_G|A,22786_A|C,22813_G|T,22882_T|G,22917_T|G,22992_G|A,22995_C|A,23013_A|C,23018_T|G,23055_A|G,23063_A|T,23075_T|C,23403_A|G,23525_C|T,23599_T|G,23604_C|A,23854_C|A,23948_G|T,24424_A|T,24469_T|A,25000_C|T,25584_C|T,26060_C|T,26270_C|T,26529_G|A,26577_C|G,26709_G|A,27807_C|T,27945_C|T,28271_A|T,28311_C|T,28881_G|A,28882_G|A,28883_G|C,29510_A|C,11288_11296,21633_21641,21765_21770,28362_28370,29734_29759,29903_.|N
Switzerland/BE-IFIK-221010_os_71/2022	XAZ	241_C|T,670_T|G,681_A|G,1912_C|T,2232_C|T,2790_C|T,3037_C|T,3317_C|T,3358_T|C,4184_G|A,4321_C|T,9344_C|T,9424_A|G,9534_C|T,10029_C|T,10198_C|T,10447_G|A,10449_C|A,12094_T|C,12160_G|A,12880_C|T,14408_C|T,15714_C|T,17410_C|T,18163_A|G,19955_C|T,20055_A|G,21618_C|T,21987_G|A,22200_T|G,22578_G|A,22674_C|T,22679_T|C,22686_C|T,22688_A|G,22775_G|A,22786_A|C,22813_G|T,22882_T|G,22917_T|G,22992_G|A,22995_C|A,23013_A|C,23018_T|G,23055_A|G,23063_A|T,23075_T|C,23403_A|G,23525_C|T,23599_T|G,23604_C|A,23854_C|A,23948_G|T,24424_A|T,24469_T|A,25000_C|T,25584_C|T,26060_C|T,26123_T|C,26270_C|T,26529_G|A,26577_C|G,26709_G|A,27807_C|T,28271_A|T,28311_C|T,28881_G|A,28882_G|A,28883_G|C,29510_A|C,11288_11296,21633_21641,21765_21770,28362_28370,29734_29759,29903_.|N
Switzerland/BE-IFIK-221010_os_73/2022	XAZ	241_C|T,670_T|G,681_A|G,1912_C|T,2232_C|T,2790_C|T,3037_C|T,3317_C|T,3358_T|C,4184_G|A,4321_C|T,9344_C|T,9424_A|G,9534_C|T,10029_C|T,10198_C|T,10447_G|A,10449_C|A,12094_T|C,12160_G|A,12880_C|T,14408_C|T,15714_C|T,17410_C|T,18163_A|G,19955_C|T,20055_A|G,21618_C|T,21987_G|A,22200_T|G,22578_G|A,22674_C|T,22679_T|C,22686_C|T,22688_A|G,22775_G|A,22786_A|C,22813_G|T,22882_T|G,22917_T|G,22992_G|A,22995_C|A,23013_A|C,23018_T|G,23055_A|G,23063_A|T,23075_T|C,23403_A|G,23525_C|T,23599_T|G,23604_C|A,23854_C|A,23948_G|T,24424_A|T,24469_T|A,25000_C|T,25584_C|T,26060_C|T,26123_T|C,26270_C|T,26529_G|A,26577_C|G,26709_G|A,27807_C|T,28271_A|T,28311_C|T,28881_G|A,28882_G|A,28883_G|C,29510_A|C,11288_11296,21633_21641,21765_21770,28362_28370,29734_29759,29903_.|N
Switzerland/BL-UHB-b249c045/2022	XAZ	162_C|T,241_C|T,670_T|G,1912_C|T,2232_C|T,2790_C|T,3037_C|T,3317_C|T,3358_T|C,4184_G|A,4321_C|T,9344_C|T,9424_A|G,9534_C|T,10029_C|T,10198_C|T,10447_G|A,10449_C|A,12160_G|A,12880_C|T,12970_C|T,14408_C|T,15714_C|T,17410_C|T,18163_A|G,19955_C|T,20055_A|G,21618_C|T,22200_T|G,22578_G|A,22674_C|T,22679_T|C,22686_C|T,22688_A|G,22775_G|A,22786_A|C,22813_G|T,22917_T|G,22992_G|A,22995_C|A,23013_A|C,23018_T|G,23055_A|G,23063_A|T,23075_T|C,23403_A|G,23525_C|T,23599_T|G,23604_C|A,23854_C|A,23948_G|T,24424_A|T,24469_T|A,25000_C|T,25584_C|T,26060_C|T,26270_C|T,26577_C|G,26709_G|A,27807_C|T,28271_A|T,28311_C|T,28881_G|A,28882_G|A,28883_G|C,29510_A|C,11288_11296,21633_21641,21765_21770,28362_28370,29734_29759
Switzerland/BS-ETHZ-38002569/2022	XAZ	162_C|T,241_C|T,670_T|G,1912_C|T,2232_C|T,2790_C|T,3037_C|T,3317_C|T,3358_T|C,4184_G|A,4321_C|T,9344_C|T,9424_A|G,9534_C|T,10029_C|T,10198_C|T,10447_G|A,10449_C|A,12160_G|A,12880_C|T,14408_C|T,15714_C|T,17410_C|T,18163_A|G,19955_C|T,20055_A|G,21618_C|T,21987_G|A,22200_T|G,22578_G|A,22674_C|T,22679_T|C,22686_C|T,22688_A|G,22775_G|A,22786_A|C,22813_G|T,22917_T|G,22992_G|A,22995_C|A,23013_A|C,23018_T|G,23055_A|G,23063_A|T,23075_T|C,23403_A|G,23525_C|T,23599_T|G,23604_C|A,23854_C|A,23948_G|T,24424_A|T,24469_T|A,25000_C|T,25584_C|T,26060_C|T,26270_C|T,26577_C|G,26709_G|A,27807_C|T,27855_C|A,28271_A|T,28311_C|T,28618_T|A,28881_G|A,28882_G|A,28883_G|C,29510_A|C,11288_11296,21633_21641,21765_21770,28362_28370,29734_29759
Switzerland/BS-UHB-0d46eb41/2022	XAZ	241_C|T,670_T|G,1912_C|T,2232_C|T,2790_C|T,3037_C|T,3317_C|T,3358_T|C,4184_G|A,4321_C|T,9344_C|T,9424_A|G,9534_C|T,10029_C|T,10198_C|T,10447_G|A,10449_C|A,12160_G|A,12880_C|T,14408_C|T,15714_C|T,16638_A|T,17410_C|T,18163_A|G,19955_C|T,20055_A|G,21618_C|T,21987_G|A,22200_T|G,22578_G|A,22674_C|T,22679_T|C,22686_C|T,22688_A|G,22775_G|A,22786_A|C,22813_G|T,22917_T|G,22992_G|A,22995_C|A,23013_A|C,23018_T|G,23055_A|G,23063_A|T,23075_T|C,23403_A|G,23525_C|T,23599_T|G,23604_C|A,23854_C|A,23948_G|T,24424_A|T,24469_T|A,25000_C|T,25584_C|T,26060_C|T,26270_C|T,26529_G|A,26709_G|A,27807_C|T,28271_A|T,28311_C|T,28881_G|A,28882_G|A,28883_G|C,29510_A|C,11288_11296,21633_21641,21765_21770,28362_28370,29734_29759
Switzerland/BS-UHB-48r2j41/2022	XAZ	193_C|T,241_C|T,670_T|G,1906_T|C,1912_C|T,2232_C|T,2790_C|T,3037_C|T,3317_C|T,3358_T|C,4184_G|A,4321_C|T,9344_C|T,9424_A|G,9534_C|T,10029_C|T,10198_C|T,10447_G|A,10449_C|A,12160_G|A,12880_C|T,14408_C|T,15714_C|T,17410_C|T,18163_A|G,19955_C|T,20055_A|G,21618_C|T,22200_T|G,22578_G|A,22674_C|T,22679_T|C,22686_C|T,22688_A|G,22775_G|A,22786_A|C,22813_G|T,22917_T|G,22992_G|A,22995_C|A,23013_A|C,23018_T|G,23055_A|G,23063_A|T,23075_T|C,23403_A|G,23525_C|T,23599_T|G,23604_C|A,23854_C|A,23948_G|T,24424_A|T,24469_T|A,25000_C|T,25352_G|T,25584_C|T,25586_T|C,26060_C|T,26270_C|T,26577_C|G,26709_G|A,27807_C|T,28271_A|T,28311_C|T,28881_G|A,28882_G|A,28883_G|C,29510_A|C,29762_C|T,11288_11296,21633_21641,21765_21770,28362_28370,29734_29759
Switzerland/BS-UHB-93ecbc45/2022	XAZ	241_C|T,670_T|G,936_C|T,1912_C|T,2232_C|T,2790_C|T,3037_C|T,3317_C|T,3358_T|C,4184_G|A,4321_C|T,4672_C|T,7334_C|T,9344_C|T,9424_A|G,9534_C|T,10029_C|T,10198_C|T,10447_G|A,10449_C|A,10714_C|T,12160_G|A,12880_C|T,13297_C|T,14408_C|T,15714_C|T,17410_C|T,18163_A|G,19955_C|T,20055_A|G,21618_C|T,21807_C|T,22200_T|G,22578_G|A,22674_C|T,22679_T|C,22686_C|T,22688_A|G,22775_G|A,22786_A|C,22813_G|T,22917_T|G,22992_G|A,22995_C|A,23013_A|C,23018_T|G,23055_A|G,23063_A|T,23075_T|C,23403_A|G,23525_C|T,23599_T|G,23604_C|A,23854_C|A,23948_G|T,24424_A|T,24469_T|A,25000_C|T,25584_C|T,26060_C|T,26270_C|T,26577_C|G,26709_G|A,27807_C|T,28271_A|T,28311_C|T,28881_G|A,28882_G|A,28883_G|C,29510_A|C,11288_11296,21633_21641,21765_21770,28362_28370,29734_29759
Switzerland/BS-UHB-USB_2022-10-28_3635ff6e/2022	XAZ	129_A|G,241_C|T,670_T|G,1912_C|T,2232_C|T,2790_C|T,3037_C|T,3317_C|T,3358_T|C,4184_G|A,4321_C|T,9344_C|T,9424_A|G,9534_C|T,10029_C|T,10198_C|T,10447_G|A,10449_C|A,11083_G|T,12025_C|T,12160_G|A,12880_C|T,14408_C|T,15714_C|T,17410_C|T,18163_A|G,19955_C|T,20055_A|G,21618_C|T,21987_G|A,22200_T|G,22578_G|A,22674_C|T,22679_T|C,22686_C|T,22688_A|G,22775_G|A,22786_A|C,22813_G|T,22882_T|G,22917_T|G,22992_G|A,22995_C|A,23013_A|C,23018_T|G,23055_A|G,23063_A|T,23075_T|C,23403_A|G,23525_C|T,23599_T|G,23604_C|A,23854_C|A,23948_G|T,24424_A|T,24469_T|A,25000_C|T,25584_C|T,26060_C|T,26270_C|T,26529_G|A,26577_C|G,26709_G|A,27807_C|T,28271_A|T,28311_C|T,28881_G|A,28882_G|A,28883_G|C,29510_A|C,11288_11296,21633_21641,21765_21770,28362_28370,29734_29759
Switzerland/BS-UHB-e764fdec/2022	XAZ	241_C|T,670_T|G,936_C|T,1912_C|T,2232_C|T,2790_C|T,3037_C|T,3317_C|T,3358_T|C,4184_G|A,4321_C|T,4672_C|T,7334_C|T,9344_C|T,9424_A|G,9534_C|T,10029_C|T,10198_C|T,10447_G|A,10449_C|A,10714_C|T,12160_G|A,12880_C|T,13297_C|T,14408_C|T,15714_C|T,17410_C|T,18163_A|G,19955_C|T,20055_A|G,21618_C|T,21807_C|T,22200_T|G,22578_G|A,22674_C|T,22679_T|C,22686_C|T,22688_A|G,22775_G|A,22786_A|C,22813_G|T,22917_T|G,22992_G|A,22995_C|A,23013_A|C,23018_T|G,23055_A|G,23063_A|T,23075_T|C,23403_A|G,23525_C|T,23599_T|G,23604_C|A,23854_C|A,23948_G|T,24424_A|T,24469_T|A,25000_C|T,25584_C|T,26060_C|T,26270_C|T,26428_G|T,26577_C|G,26709_G|A,27807_C|T,28271_A|T,28311_C|T,28881_G|A,28882_G|A,28883_G|C,29510_A|C,11288_11296,21633_21641,21765_21770,28362_28370,29734_29759
Switzerland/BS-UHB-vx91ve8/2022	XAZ	241_C|T,670_T|G,1912_C|T,2790_C|T,3037_C|T,3317_C|T,3358_T|C,4184_G|A,4321_C|T,9344_C|T,9424_A|G,9534_C|T,10029_C|T,10198_C|T,10447_G|A,10449_C|A,12160_G|A,12880_C|T,14408_C|T,15714_C|T,17410_C|T,18163_A|G,19955_C|T,20055_A|G,21618_C|T,21987_G|A,22200_T|G,22578_G|A,22674_C|T,22679_T|C,22686_C|T,22688_A|G,22775_G|A,22786_A|C,22813_G|T,22882_T|G,22917_T|G,22992_G|A,22995_C|A,23013_A|C,23018_T|G,23055_A|G,23063_A|T,23075_T|C,23403_A|G,23525_C|T,23599_T|G,23604_C|A,23854_C|A,23948_G|T,24424_A|T,24469_T|A,25000_C|T,25584_C|T,26060_C|T,26270_C|T,26529_G|A,26577_C|G,26709_G|A,27807_C|T,28271_A|T,28311_C|T,28881_G|A,28882_G|A,28883_G|C,29510_A|C,29679_C|A,29781_G|T,11288_11296,21633_21641,21765_21770,28362_28370,29734_29759
Switzerland/GE-DIA-161350626501/2022	XAZ	162_C|T,241_C|T,670_T|G,1912_C|T,2232_C|T,2790_C|T,3037_C|T,3317_C|T,3358_T|C,3903_C|T,4184_G|A,4321_C|T,9344_C|T,9424_A|G,9534_C|T,10029_C|T,10198_C|T,10447_G|A,10449_C|A,12160_G|A,12880_C|T,14408_C|T,15714_C|T,17410_C|T,18163_A|G,19955_C|T,20055_A|G,20569_G|A,21618_C|T,21987_G|A,22200_T|G,22578_G|A,22674_C|T,22679_T|C,22686_C|T,22688_A|G,22775_G|A,22786_A|C,22813_G|T,22882_T|G,22917_T|G,22992_G|A,22995_C|A,23013_A|C,23018_T|G,23055_A|G,23063_A|T,23075_T|C,23403_A|G,23525_C|T,23599_T|G,23604_C|A,23854_C|A,23948_G|T,24424_A|T,24469_T|A,25000_C|T,25584_C|T,26060_C|T,26270_C|T,26408_C|T,26529_G|A,26577_C|G,26709_G|A,27807_C|T,28271_A|T,28311_C|T,28881_G|A,28882_G|A,28883_G|C,29510_A|C,11288_11296,21633_21641,21765_21770,28362_28370,29734_29759,29903_.|N
Switzerland/GE-DIA-161350627401/2022	XAZ	162_C|T,241_C|T,670_T|G,1912_C|T,2232_C|T,2790_C|T,3037_C|T,3317_C|T,3358_T|C,3903_C|T,4184_G|A,4321_C|T,9344_C|T,9424_A|G,9534_C|T,10029_C|T,10198_C|T,10447_G|A,10449_C|A,12160_G|A,12880_C|T,14408_C|T,15714_C|T,17410_C|T,18163_A|G,19955_C|T,20055_A|G,20569_G|A,21618_C|T,21987_G|A,22200_T|G,22578_G|A,22674_C|T,22679_T|C,22686_C|T,22688_A|G,22775_G|A,22786_A|C,22813_G|T,22882_T|G,22917_T|G,22992_G|A,22995_C|A,23013_A|C,23018_T|G,23055_A|G,23063_A|T,23075_T|C,23403_A|G,23525_C|T,23599_T|G,23604_C|A,23854_C|A,23948_G|T,24424_A|T,24469_T|A,25000_C|T,25584_C|T,26060_C|T,26270_C|T,26408_C|T,26529_G|A,26577_C|G,26709_G|A,27807_C|T,28271_A|T,28311_C|T,28881_G|A,28882_G|A,28883_G|C,29510_A|C,11288_11296,21633_21641,21765_21770,28362_28370,29734_29759,29903_.|N
Switzerland/GE-DIA-161350627601/2022	XAZ	162_C|T,241_C|T,670_T|G,1912_C|T,2232_C|T,2790_C|T,3037_C|T,3317_C|T,3358_T|C,3903_C|T,4184_G|A,4321_C|T,9344_C|T,9424_A|G,9534_C|T,10029_C|T,10198_C|T,10447_G|A,10449_C|A,12160_G|A,12880_C|T,14408_C|T,15714_C|T,17410_C|T,18163_A|G,19955_C|T,20055_A|G,20569_G|A,21618_C|T,21987_G|A,22200_T|G,22578_G|A,22674_C|T,22679_T|C,22686_C|T,22688_A|G,22775_G|A,22786_A|C,22813_G|T,22882_T|G,22917_T|G,22992_G|A,22995_C|A,23013_A|C,23018_T|G,23055_A|G,23063_A|T,23075_T|C,23403_A|G,23525_C|T,23599_T|G,23604_C|A,23854_C|A,23948_G|T,24424_A|T,24469_T|A,25000_C|T,25584_C|T,26060_C|T,26270_C|T,26408_C|T,26529_G|A,26577_C|G,26709_G|A,27807_C|T,28271_A|T,28311_C|T,28881_G|A,28882_G|A,28883_G|C,29510_A|C,11288_11296,21633_21641,21765_21770,28362_28370,29734_29759,29903_.|N
Switzerland/GE-DIA-161601633901/2022	XAZ	241_C|T,670_T|G,1473_C|T,1912_C|T,2232_C|T,2790_C|T,3037_C|T,3317_C|T,3358_T|C,4184_G|A,4321_C|T,5230_G|T,9344_C|T,9424_A|G,9534_C|T,10029_C|T,10198_C|T,10447_G|A,10449_C|A,12160_G|A,12880_C|T,14036_C|T,14408_C|T,15714_C|T,17410_C|T,18163_A|G,19955_C|T,20055_A|G,21595_C|T,21618_C|T,21987_G|A,22200_T|G,22578_G|A,22674_C|T,22679_T|C,22686_C|T,22688_A|G,22775_G|A,22786_A|C,22813_G|T,22882_T|G,22917_T|G,22992_G|A,22995_C|A,23013_A|C,23018_T|G,23055_A|G,23063_A|T,23075_T|C,23403_A|G,23525_C|T,23599_T|G,23604_C|A,23854_C|A,23948_G|T,24424_A|T,24469_T|A,25000_C|T,25584_C|T,26060_C|T,26270_C|T,26529_G|A,26577_C|G,26709_G|A,27613_G|T,27807_C|T,28271_A|T,28311_C|T,28881_G|A,28882_G|A,28883_G|C,29510_A|C,11288_11296,21633_21641,21765_21770,28362_28370,29734_29759,29903_.|N
Switzerland/GE-HUG-38252121/2022	XAZ	162_C|T,241_C|T,670_T|G,1912_C|T,2232_C|T,2790_C|T,3037_C|T,3317_C|T,3358_T|C,4184_G|A,4321_C|T,9344_C|T,9424_A|G,9534_C|T,10029_C|T,10198_C|T,10447_G|A,10449_C|A,12160_G|A,12880_C|T,14408_C|T,15714_C|T,17410_C|T,18163_A|G,19955_C|T,20055_A|G,20569_G|A,21618_C|T,21987_G|A,22200_T|G,22578_G|A,22674_C|T,22679_T|C,22686_C|T,22688_A|G,22775_G|A,22786_A|C,22813_G|T,22882_T|G,22917_T|G,22992_G|A,22995_C|A,23013_A|C,23018_T|G,23055_A|G,23063_A|T,23075_T|C,23403_A|G,23525_C|T,23599_T|G,23604_C|A,23854_C|A,23948_G|T,24424_A|T,24469_T|A,25000_C|T,25584_C|T,26060_C|T,26270_C|T,26408_C|T,26529_G|A,26577_C|G,26709_G|A,27807_C|T,28271_A|T,28311_C|T,28881_G|A,28882_G|A,28883_G|C,29510_A|C,11288_11296,21633_21641,21765_21770,28362_28370,29734_29759,29903_.|N
Switzerland/GE-HUG-38384209/2022	XAZ	241_C|T,670_T|G,1912_C|T,2232_C|T,2790_C|T,3037_C|T,3317_C|T,3358_T|C,4184_G|A,4321_C|T,9344_C|T,9424_A|G,9534_C|T,10029_C|T,10198_C|T,10447_G|A,10449_C|A,10714_C|T,12160_G|A,12880_C|T,14408_C|T,15714_C|T,17410_C|T,18163_A|G,19955_C|T,20055_A|G,21618_C|T,21807_C|T,21987_G|A,22200_T|G,22578_G|A,22674_C|T,22679_T|C,22686_C|T,22688_A|G,22775_G|A,22786_A|C,22813_G|T,22882_T|G,22917_T|G,22992_G|A,22995_C|A,23013_A|C,23018_T|G,23055_A|G,23063_A|T,23075_T|C,23403_A|G,23525_C|T,23599_T|G,23604_C|A,23854_C|A,23948_G|T,24424_A|T,24469_T|A,25000_C|T,25584_C|T,26060_C|T,26270_C|T,26529_G|A,26577_C|G,26709_G|A,27807_C|T,28271_A|T,28311_C|T,28881_G|A,28882_G|A,28883_G|C,29510_A|C,11288_11296,21633_21641,21765_21770,28362_28370,29734_29759,29903_.|N
Switzerland/GE-HUG-38391424/2022	XAZ	241_C|T,670_T|G,1912_C|T,2232_C|T,2790_C|T,3037_C|T,3317_C|T,3358_T|C,4184_G|A,4321_C|T,9344_C|T,9424_A|G,9534_C|T,10029_C|T,10198_C|T,10447_G|A,10449_C|A,10714_C|T,12160_G|A,12880_C|T,14408_C|T,15714_C|T,17410_C|T,18163_A|G,19955_C|T,20055_A|G,21618_C|T,21807_C|T,21987_G|A,22200_T|G,22578_G|A,22674_C|T,22679_T|C,22686_C|T,22688_A|G,22775_G|A,22786_A|C,22813_G|T,22882_T|G,22917_T|G,22992_G|A,22995_C|A,23013_A|C,23018_T|G,23055_A|G,23063_A|T,23075_T|C,23403_A|G,23525_C|T,23599_T|G,23604_C|A,23854_C|A,23948_G|T,24424_A|T,24469_T|A,25000_C|T,25584_C|T,26060_C|T,26270_C|T,26529_G|A,26577_C|G,26709_G|A,27807_C|T,28271_A|T,28311_C|T,28881_G|A,28882_G|A,28883_G|C,29510_A|C,11288_11296,21633_21641,21765_21770,28362_28370,29734_29759,29903_.|N
Switzerland/GE-HUG-38450475/2022	XAZ	241_C|T,670_T|G,1912_C|T,2232_C|T,2790_C|T,3037_C|T,3317_C|T,3358_T|C,4184_G|A,4321_C|T,9344_C|T,9424_A|G,9534_C|T,10029_C|T,10198_C|T,10447_G|A,10449_C|A,10714_C|T,12160_G|A,12880_C|T,14408_C|T,15714_C|T,17410_C|T,18163_A|G,19955_C|T,20055_A|G,21618_C|T,21807_C|T,21987_G|A,22200_T|G,22578_G|A,22674_C|T,22679_T|C,22686_C|T,22688_A|G,22775_G|A,22786_A|C,22813_G|T,22882_T|G,22917_T|G,22992_G|A,22995_C|A,23013_A|C,23018_T|G,23055_A|G,23063_A|T,23075_T|C,23403_A|G,23525_C|T,23599_T|G,23604_C|A,23854_C|A,23948_G|T,24424_A|T,24469_T|A,25000_C|T,25584_C|T,26060_C|T,26270_C|T,26529_G|A,26577_C|G,26709_G|A,27807_C|T,28271_A|T,28311_C|T,28881_G|A,28882_G|A,28883_G|C,29510_A|C,11288_11296,21633_21641,21765_21770,28362_28370,29734_29759,29903_.|N
Switzerland/GE-HUG-39237391/2022	XAZ	241_C|T,670_T|G,1912_C|T,2232_C|T,2790_C|T,3037_C|T,3317_C|T,3358_T|C,4184_G|A,4321_C|T,5312_C|T,9344_C|T,9424_A|G,9534_C|T,10029_C|T,10198_C|T,10447_G|A,10449_C|A,12160_G|A,12880_C|T,14408_C|T,15714_C|T,17410_C|T,18163_A|G,19955_C|T,20055_A|G,21618_C|T,21987_G|A,22200_T|G,22578_G|A,22674_C|T,22679_T|C,22686_C|T,22688_A|G,22775_G|A,22813_G|T,22882_T|G,22917_T|G,22992_G|A,22995_C|A,23013_A|C,23018_T|G,23055_A|G,23063_A|T,23075_T|C,23403_A|G,23525_C|T,23599_T|G,23604_C|A,23854_C|A,23948_G|T,24424_A|T,24469_T|A,25000_C|T,25584_C|T,26060_C|T,26270_C|T,26529_G|A,26577_C|G,26709_G|A,27807_C|T,28271_A|T,28311_C|T,28881_G|A,28882_G|A,28883_G|C,29510_A|C,11288_11296,21633_21641,21765_21770,28362_28370,29734_29759,29903_.|N
Switzerland/LU-DIA-011455324801/2022	XAZ	241_C|T,670_T|G,1912_C|T,2232_C|T,2790_C|T,3037_C|T,3317_C|T,3358_T|C,4184_G|A,4321_C|T,5718_A|G,6312_C|T,9344_C|T,9424_A|G,9534_C|T,10029_C|T,10198_C|T,10447_G|A,10449_C|A,12160_G|A,12880_C|T,14408_C|T,15714_C|T,16206_G|T,17410_C|T,18163_A|G,19955_C|T,20055_A|G,21618_C|T,21987_G|A,22200_T|G,22578_G|A,22674_C|T,22679_T|C,22686_C|T,22688_A|G,22775_G|A,22882_T|G,22917_T|G,22992_G|A,22995_C|A,23013_A|C,23018_T|G,23055_A|G,23063_A|T,23075_T|C,23403_A|G,23525_C|T,23599_T|G,23604_C|A,23854_C|A,23948_G|T,24424_A|T,24469_T|A,25000_C|T,25584_C|T,26060_C|T,26270_C|T,26529_G|A,26577_C|G,26709_G|A,27807_C|T,28271_A|T,28311_C|T,28881_G|A,28882_G|A,28883_G|C,29510_A|C,518_520,11288_11296,21633_21641,21765_21770,28362_28370,29734_29759,29903_.|N
Switzerland/LU-DIA-011455326101/2022	XAZ	241_C|T,670_T|G,1912_C|T,2232_C|T,2790_C|T,3037_C|T,3317_C|T,3358_T|C,4184_G|A,4321_C|T,9344_C|T,9424_A|G,9534_C|T,10029_C|T,10198_C|T,10447_G|A,10449_C|A,10714_C|T,12160_G|A,12880_C|T,14408_C|T,15714_C|T,17410_C|T,18163_A|G,19955_C|T,20055_A|G,21618_C|T,21807_C|T,21987_G|A,22200_T|G,22578_G|A,22674_C|T,22679_T|C,22686_C|T,22688_A|G,22775_G|A,22786_A|C,22813_G|T,22882_T|G,22917_T|G,22992_G|A,22995_C|A,23013_A|C,23018_T|G,23055_A|G,23063_A|T,23075_T|C,23403_A|G,23525_C|T,23599_T|G,23604_C|A,23854_C|A,23948_G|T,24424_A|T,24469_T|A,25000_C|T,25584_C|T,26060_C|T,26270_C|T,26529_G|A,26577_C|G,26709_G|A,27807_C|T,28271_A|T,28311_C|T,28881_G|A,28882_G|A,28883_G|C,29510_A|C,11288_11296,21633_21641,21765_21770,28362_28370,29734_29759,29903_.|N
Switzerland/SO-ETHZ-37736069/2022	XAZ	241_C|T,670_T|G,1404_C|T,1912_C|T,2232_C|T,2790_C|T,3037_C|T,3317_C|T,3358_T|C,4184_G|A,4321_C|T,9344_C|T,9424_A|G,9534_C|T,10029_C|T,10198_C|T,10447_G|A,10449_C|A,12160_G|A,12880_C|T,14408_C|T,15714_C|T,17410_C|T,18163_A|G,19955_C|T,20055_A|G,21618_C|T,21809_G|T,22200_T|G,22578_G|A,22674_C|T,22679_T|C,22686_C|T,22688_A|G,22775_G|A,22786_A|C,22813_G|T,22917_T|G,22992_G|A,22995_C|A,23013_A|C,23018_T|G,23055_A|G,23063_A|T,23075_T|C,23403_A|G,23525_C|T,23599_T|G,23604_C|A,23854_C|A,23948_G|T,24424_A|T,24469_T|A,25000_C|T,25584_C|T,26060_C|T,26270_C|T,26577_C|G,26709_G|A,27807_C|T,28271_A|T,28311_C|T,28881_G|A,28882_G|A,28883_G|C,29510_A|C,29867_T|A,11288_11296,21633_21641,21765_21770,28362_28370,29734_29759
Switzerland/TI-EOC-38005535/2022	XAZ	241_C|T,670_T|G,1906_T|C,1912_C|T,2232_C|T,2790_C|T,3037_C|T,3317_C|T,3358_T|C,4184_G|A,4321_C|T,9344_C|T,9424_A|G,9534_C|T,10029_C|T,10198_C|T,10447_G|A,10449_C|A,12160_G|A,12880_C|T,14408_C|T,15714_C|T,17304_C|T,17410_C|T,18163_A|G,19955_C|T,20055_A|G,21618_C|T,21987_G|A,22200_T|G,22578_G|A,22674_C|T,22679_T|C,22686_C|T,22688_A|G,22775_G|A,22786_A|C,22813_G|T,22882_T|G,22917_T|G,22992_G|A,22995_C|A,23013_A|C,23018_T|G,23055_A|G,23063_A|T,23075_T|C,23403_A|G,23525_C|T,23599_T|G,23604_C|A,23854_C|A,23948_G|T,24424_A|T,24469_T|A,25000_C|T,25584_C|T,26060_C|T,26270_C|T,26529_G|A,26577_C|G,26709_G|A,27807_C|T,28271_A|T,28311_C|T,28803_G|T,28881_G|A,28882_G|A,28883_G|C,29510_A|C,11288_11296,21765_21770,28362_28370,29734_29759
Switzerland/TI-EOC-38005540/2022	XAZ	241_C|T,670_T|G,1906_T|C,1912_C|T,2232_C|T,2790_C|T,3037_C|T,3317_C|T,3358_T|C,4184_G|A,4321_C|T,9344_C|T,9424_A|G,9534_C|T,10029_C|T,10198_C|T,10447_G|A,10449_C|A,12160_G|A,12880_C|T,14408_C|T,15714_C|T,17410_C|T,18163_A|G,19955_C|T,20055_A|G,21618_C|T,21987_G|A,22200_T|G,22578_G|A,22674_C|T,22679_T|C,22686_C|T,22688_A|G,22775_G|A,22786_A|C,22813_G|T,22882_T|G,22917_T|G,22992_G|A,22995_C|A,23013_A|C,23018_T|G,23055_A|G,23063_A|T,23075_T|C,23403_A|G,23525_C|T,23599_T|G,23604_C|A,23854_C|A,23948_G|T,24424_A|T,24469_T|A,25000_C|T,25584_C|T,26060_C|T,26270_C|T,26529_G|A,26577_C|G,26709_G|A,27807_C|T,28271_A|T,28311_C|T,28881_G|A,28882_G|A,28883_G|C,29510_A|C,11288_11296,21633_21641,21765_21770,28362_28370,29734_29759
Switzerland/TI-EOC-38006153/2022	XAZ	241_C|T,670_T|G,1912_C|T,2232_C|T,2790_C|T,3037_C|T,3317_C|T,3358_T|C,4184_G|A,4321_C|T,9344_C|T,9424_A|G,9534_C|T,10029_C|T,10198_C|T,10447_G|A,10449_C|A,10714_C|T,12160_G|A,12880_C|T,14408_C|T,15714_C|T,17410_C|T,18163_A|G,19955_C|T,20055_A|G,21618_C|T,21807_C|T,21987_G|A,22200_T|G,22578_G|A,22674_C|T,22679_T|C,22686_C|T,22688_A|G,22775_G|A,22786_A|C,22813_G|T,22882_T|G,22917_T|G,22992_G|A,22995_C|A,23013_A|C,23018_T|G,23055_A|G,23063_A|T,23075_T|C,23403_A|G,23525_C|T,23599_T|G,23604_C|A,23854_C|A,23948_G|T,24424_A|T,24469_T|A,24703_T|C,25000_C|T,25584_C|T,26060_C|T,26270_C|T,26529_G|A,26577_C|G,26709_G|A,26995_G|A,27807_C|T,27827_G|T,28271_A|T,28311_C|T,28881_G|A,28882_G|A,28883_G|C,29510_A|C,11288_11296,21633_21641,21765_21770,28362_28370,29734_29759
Switzerland/VD-CHUV-GEN12022/2022	XAZ	241_C|T,670_T|G,1912_C|T,2232_C|T,2790_C|T,3037_C|T,3317_C|T,3358_T|C,4184_G|A,4321_C|T,9344_C|T,9424_A|G,9534_C|T,10029_C|T,10198_C|T,10447_G|A,10449_C|A,12160_G|A,12789_C|T,12880_C|T,14408_C|T,15714_C|T,17410_C|T,18163_A|G,19955_C|T,20055_A|G,21618_C|T,21987_G|A,22200_T|G,22578_G|A,22674_C|T,22679_T|C,22686_C|T,22688_A|G,22775_G|A,22786_A|C,22813_G|T,22882_T|G,22917_T|G,22992_G|A,22995_C|A,23013_A|C,23018_T|G,23055_A|G,23063_A|T,23075_T|C,23403_A|G,23525_C|T,23599_T|G,23604_C|A,23854_C|A,23948_G|T,24424_A|T,24469_T|A,25000_C|T,25584_C|T,26060_C|T,26270_C|T,26529_G|A,26577_C|G,26709_G|A,27807_C|T,28271_A|T,28311_C|T,28881_G|A,28882_G|A,28883_G|C,29510_A|C,29734_G|T,11288_11296,21633_21641,21765_21770,28362_28370
Switzerland/VD-CHUV-GEN12026/2022	XAZ	44_C|T,66_C|T,241_C|T,670_T|G,1912_C|T,2232_C|T,2790_C|T,3037_C|T,3317_C|T,3358_T|C,4184_G|A,4321_C|T,9344_C|T,9424_A|G,9534_C|T,10029_C|T,10198_C|T,10447_G|A,10449_C|A,12160_G|A,12880_C|T,13665_C|T,14408_C|T,15714_C|T,17410_C|T,18163_A|G,19955_C|T,20055_A|G,21618_C|T,21987_G|A,22200_T|G,22578_G|A,22674_C|T,22679_T|C,22686_C|T,22688_A|G,22775_G|A,22786_A|C,22813_G|T,22882_T|G,22917_T|G,22992_G|A,22995_C|A,23013_A|C,23018_T|G,23055_A|G,23063_A|T,23075_T|C,23403_A|G,23525_C|T,23599_T|G,23604_C|A,23854_C|A,23948_G|T,24424_A|T,24469_T|A,25000_C|T,25584_C|T,26060_C|T,26270_C|T,26529_G|A,26577_C|G,26709_G|A,27807_C|T,28271_A|T,28311_C|T,28881_G|A,28882_G|A,28883_G|C,29510_A|C,29734_G|T,11288_11296,21633_21641,21765_21770,28362_28370
Switzerland/VD-CHUV-GEN12035/2022	XAZ	44_C|T,241_C|T,670_T|G,1912_C|T,2232_C|T,2790_C|T,3037_C|T,3317_C|T,3358_T|C,4184_G|A,4321_C|T,9344_C|T,9424_A|G,9534_C|T,10029_C|T,10198_C|T,10447_G|A,10449_C|A,12160_G|A,12789_C|T,12880_C|T,14408_C|T,15714_C|T,17410_C|T,18163_A|G,19955_C|T,20055_A|G,21618_C|T,21987_G|A,22200_T|G,22578_G|A,22674_C|T,22679_T|C,22686_C|T,22688_A|G,22775_G|A,22786_A|C,22813_G|T,22882_T|G,22917_T|G,22992_G|A,22995_C|A,23013_A|C,23018_T|G,23055_A|G,23063_A|T,23075_T|C,23403_A|G,23525_C|T,23599_T|G,23604_C|A,23854_C|A,23948_G|T,24424_A|T,24469_T|A,25000_C|T,25584_C|T,26060_C|T,26270_C|T,26529_G|A,26577_C|G,26709_G|A,27807_C|T,28271_A|T,28311_C|T,28881_G|A,28882_G|A,28883_G|C,29510_A|C,29734_G|T,11288_11296,21633_21641,21765_21770,28362_28370
Switzerland/VD-CHUV-GEN12048/2022	XAZ	44_C|T,241_C|T,670_T|G,1912_C|T,2232_C|T,2790_C|T,3037_C|T,3317_C|T,3358_T|C,4184_G|A,4321_C|T,9344_C|T,9424_A|G,9534_C|T,10029_C|T,10198_C|T,10447_G|A,10449_C|A,12160_G|A,12789_C|T,12880_C|T,14408_C|T,15714_C|T,17410_C|T,18163_A|G,19955_C|T,20055_A|G,21618_C|T,21987_G|A,22200_T|G,22578_G|A,22674_C|T,22679_T|C,22686_C|T,22688_A|G,22775_G|A,22786_A|C,22813_G|T,22882_T|G,22917_T|G,22992_G|A,22995_C|A,23013_A|C,23018_T|G,23055_A|G,23063_A|T,23075_T|C,23403_A|G,23525_C|T,23599_T|G,23604_C|A,23854_C|A,23948_G|T,24424_A|T,24469_T|A,25000_C|T,25584_C|T,26060_C|T,26270_C|T,26529_G|A,26577_C|G,26709_G|A,27807_C|T,28271_A|T,28311_C|T,28881_G|A,28882_G|A,28883_G|C,29510_A|C,29734_G|T,11288_11296,21633_21641,21765_21770,28362_28370
Switzerland/VD-CHUV-GEN12093/2022	XAZ	44_C|T,241_C|T,670_T|G,1912_C|T,2232_C|T,2790_C|T,3037_C|T,3317_C|T,3358_T|C,4184_G|A,4321_C|T,9344_C|T,9424_A|G,9534_C|T,10029_C|T,10198_C|T,10447_G|A,10449_C|A,12160_G|A,12789_C|T,12880_C|T,14408_C|T,15714_C|T,17410_C|T,18163_A|G,19955_C|T,20055_A|G,21618_C|T,21987_G|A,22200_T|G,22578_G|A,22674_C|T,22679_T|C,22686_C|T,22688_A|G,22775_G|A,22786_A|C,22813_G|T,22882_T|G,22917_T|G,22992_G|A,22995_C|A,23013_A|C,23018_T|G,23055_A|G,23063_A|T,23075_T|C,23403_A|G,23525_C|T,23599_T|G,23604_C|A,23854_C|A,23948_G|T,24424_A|T,24469_T|A,25000_C|T,25584_C|T,26060_C|T,26270_C|T,26529_G|A,26577_C|G,26709_G|A,27807_C|T,28271_A|T,28311_C|T,28881_G|A,28882_G|A,28883_G|C,29510_A|C,29734_G|T,11288_11296,21633_21641,21765_21770,28362_28370
Switzerland/VD-CHUV-GEN12097/2022	XAZ	44_C|T,241_C|T,670_T|G,1912_C|T,2232_C|T,2790_C|T,3037_C|T,3317_C|T,3358_T|C,4184_G|A,4321_C|T,9344_C|T,9424_A|G,9534_C|T,10029_C|T,10198_C|T,10447_G|A,10449_C|A,12160_G|A,12880_C|T,14408_C|T,15714_C|T,17410_C|T,18163_A|G,19955_C|T,20055_A|G,21618_C|T,21987_G|A,22200_T|G,22578_G|A,22674_C|T,22679_T|C,22686_C|T,22688_A|G,22775_G|A,22786_A|C,22813_G|T,22882_T|G,22917_T|G,22992_G|A,22995_C|A,23013_A|C,23018_T|G,23055_A|G,23063_A|T,23075_T|C,23403_A|G,23525_C|T,23599_T|G,23604_C|A,23854_C|A,23948_G|T,24424_A|T,24469_T|A,25000_C|T,25584_C|T,26060_C|T,26270_C|T,26529_G|A,26577_C|G,26709_G|A,27807_C|T,28271_A|T,28311_C|T,28881_G|A,28882_G|A,28883_G|C,29510_A|C,29734_G|T,11288_11296,21633_21641,21765_21770,28362_28370
Switzerland/VD-CHUV-GEN12104/2022	XAZ	241_C|T,670_T|G,1912_C|T,2232_C|T,2790_C|T,3037_C|T,3317_C|T,3358_T|C,4184_G|A,4321_C|T,9344_C|T,9424_A|G,9534_C|T,10029_C|T,10198_C|T,10447_G|A,10449_C|A,12160_G|A,12789_C|T,12880_C|T,14408_C|T,15714_C|T,17410_C|T,18163_A|G,19955_C|T,20055_A|G,21618_C|T,21987_G|A,22200_T|G,22578_G|A,22674_C|T,22679_T|C,22686_C|T,22688_A|G,22775_G|A,22786_A|C,22813_G|T,22882_T|G,22917_T|G,22992_G|A,22995_C|A,23013_A|C,23018_T|G,23055_A|G,23063_A|T,23075_T|C,23403_A|G,23525_C|T,23599_T|G,23604_C|A,23854_C|A,23948_G|T,24424_A|T,24469_T|A,25000_C|T,25584_C|T,26060_C|T,26270_C|T,26529_G|A,26577_C|G,26709_G|A,27807_C|T,28271_A|T,28311_C|T,28881_G|A,28882_G|A,28883_G|C,29510_A|C,11288_11296,21633_21641,21765_21770,28362_28370
Switzerland/VD-CHUV-GEN12120/2022	XAZ	241_C|T,670_T|G,1912_C|T,2232_C|T,2790_C|T,3037_C|T,3317_C|T,3358_T|C,4184_G|A,4321_C|T,9344_C|T,9424_A|G,9534_C|T,10029_C|T,10198_C|T,10447_G|A,10449_C|A,12160_G|A,12789_C|T,12880_C|T,14408_C|T,15714_C|T,17410_C|T,18163_A|G,19955_C|T,20055_A|G,21618_C|T,21987_G|A,22200_T|G,22578_G|A,22674_C|T,22679_T|C,22686_C|T,22688_A|G,22775_G|A,22786_A|C,22813_G|T,22882_T|G,22917_T|G,22992_G|A,22995_C|A,23013_A|C,23018_T|G,23055_A|G,23063_A|T,23075_T|C,23403_A|G,23525_C|T,23599_T|G,23604_C|A,23854_C|A,23948_G|T,24424_A|T,24469_T|A,25000_C|T,25584_C|T,26060_C|T,26270_C|T,26529_G|A,26577_C|G,26709_G|A,27807_C|T,28271_A|T,28311_C|T,28881_G|A,28882_G|A,28883_G|C,29510_A|C,29734_G|T,11288_11296,21633_21641,21765_21770,28362_28370
Switzerland/VD-CHUV-GEN12124/2022	XAZ	241_C|T,670_T|G,1912_C|T,2790_C|T,3037_C|T,3317_C|T,3358_T|C,4184_G|A,4321_C|T,9344_C|T,9424_A|G,9534_C|T,10029_C|T,10198_C|T,10447_G|A,10449_C|A,12160_G|A,12789_C|T,12880_C|T,14408_C|T,15714_C|T,17410_C|T,18163_A|G,19955_C|T,20055_A|G,21618_C|T,21987_G|A,22200_T|G,22578_G|A,22674_C|T,22679_T|C,22686_C|T,22688_A|G,22775_G|A,22786_A|C,22813_G|T,22882_T|G,22917_T|G,22992_G|A,22995_C|A,23013_A|C,23018_T|G,23055_A|G,23063_A|T,23075_T|C,23403_A|G,23525_C|T,23599_T|G,23604_C|A,23854_C|A,23948_G|T,24424_A|T,24469_T|A,25000_C|T,25584_C|T,26060_C|T,26270_C|T,26529_G|A,26577_C|G,26709_G|A,27807_C|T,28271_A|T,28311_C|T,28881_G|A,28882_G|A,28883_G|C,29510_A|C,29734_G|T,11288_11296,21633_21641,21765_21770,28362_28370
Switzerland/VD-CHUV-GEN12242/2022	XAZ	241_C|T,670_T|G,1912_C|T,2232_C|T,2790_C|T,3037_C|T,3317_C|T,3358_T|C,4184_G|A,4321_C|T,9344_C|T,9424_A|G,9534_C|T,10029_C|T,10198_C|T,10447_G|A,10449_C|A,12160_G|A,12880_C|T,14408_C|T,15714_C|T,17410_C|T,18163_A|G,19955_C|T,20055_A|G,21618_C|T,21987_G|A,22200_T|G,22578_G|A,22674_C|T,22679_T|C,22686_C|T,22688_A|G,22775_G|A,22786_A|C,22813_G|T,22882_T|G,22917_T|G,22992_G|A,22995_C|A,23013_A|C,23018_T|G,23055_A|G,23063_A|T,23075_T|C,23403_A|G,23525_C|T,23599_T|G,23604_C|A,23854_C|A,23948_G|T,24424_A|T,24469_T|A,25000_C|T,25584_C|T,26060_C|T,26270_C|T,26529_G|A,26577_C|G,26709_G|A,27807_C|T,28271_A|T,28311_C|T,28881_G|A,28882_G|A,28883_G|C,29510_A|C,29734_G|T,515_520,11288_11296,21633_21641,21765_21770,27607_27614,28362_28370
Switzerland/VD-CHUV-GEN12269/2022	XAZ	241_C|T,670_T|G,1912_C|T,2232_C|T,2790_C|T,3037_C|T,3317_C|T,3358_T|C,4184_G|A,4321_C|T,9344_C|T,9424_A|G,9534_C|T,10029_C|T,10198_C|T,10447_G|A,10449_C|A,12160_G|A,12789_C|T,12880_C|T,14408_C|T,15714_C|T,17410_C|T,18163_A|G,19955_C|T,20055_A|G,21618_C|T,21987_G|A,22200_T|G,22578_G|A,22674_C|T,22679_T|C,22686_C|T,22688_A|G,22775_G|A,22786_A|C,22813_G|T,22882_T|G,22917_T|G,22992_G|A,22995_C|A,23013_A|C,23018_T|G,23055_A|G,23063_A|T,23075_T|C,23119_T|C,23403_A|G,23525_C|T,23599_T|G,23604_C|A,23854_C|A,23948_G|T,24424_A|T,24469_T|A,25000_C|T,25584_C|T,26060_C|T,26270_C|T,26529_G|A,26577_C|G,26709_G|A,27807_C|T,28271_A|T,28311_C|T,28881_G|A,28882_G|A,28883_G|C,29510_A|C,29724_C|G,29775_T|C,11288_11296,21633_21641,21765_21770,28362_28370
Switzerland/VD-CHUV-GEN12288/2022	XAZ	44_C|T,241_C|T,670_T|G,1282_C|T,1912_C|T,2232_C|T,2790_C|T,3037_C|T,3317_C|T,3358_T|C,4184_G|A,4321_C|T,9344_C|T,9424_A|G,9534_C|T,10029_C|T,10198_C|T,10447_G|A,10449_C|A,12160_G|A,12880_C|T,14408_C|T,15714_C|T,17410_C|T,18163_A|G,19955_C|T,20055_A|G,21618_C|T,21987_G|A,22200_T|G,22578_G|A,22674_C|T,22679_T|C,22686_C|T,22688_A|G,22775_G|A,22786_A|C,22813_G|T,22882_T|G,22917_T|G,22992_G|A,22995_C|A,23013_A|C,23018_T|G,23055_A|G,23063_A|T,23075_T|C,23403_A|G,23525_C|T,23599_T|G,23604_C|A,23854_C|A,23948_G|T,24424_A|T,24469_T|A,25000_C|T,25584_C|T,26060_C|T,26270_C|T,26529_G|A,26577_C|G,26709_G|A,27601_G|C,27807_C|T,28271_A|T,28311_C|T,28881_G|A,28882_G|A,28883_G|C,29510_A|C,11288_11296,21633_21641,21765_21770,28362_28370
Switzerland/VD-CHUV-GEN12398/2022	XAZ	162_C|T,241_C|T,670_T|G,1912_C|T,2232_C|T,2790_C|T,3037_C|T,3317_C|T,3358_T|C,4184_G|A,4321_C|T,9344_C|T,9424_A|G,9534_C|T,10029_C|T,10198_C|T,10447_G|A,10449_C|A,12160_G|A,12880_C|T,14184_C|T,14408_C|T,15714_C|T,17410_C|T,18163_A|G,19955_C|T,20055_A|G,20569_G|A,21618_C|T,21987_G|A,22200_T|G,22578_G|A,22674_C|T,22679_T|C,22686_C|T,22688_A|G,22775_G|A,22786_A|C,22813_G|T,22882_T|G,22917_T|G,22992_G|A,22995_C|A,23013_A|C,23018_T|G,23055_A|G,23063_A|T,23075_T|C,23403_A|G,23525_C|T,23599_T|G,23604_C|A,23854_C|A,23948_G|T,24424_A|T,24469_T|A,24914_G|T,25000_C|T,25584_C|T,26060_C|T,26270_C|T,26408_C|T,26529_G|A,26577_C|G,26709_G|A,27807_C|T,28271_A|T,28311_C|T,28881_G|A,28882_G|A,28883_G|C,29510_A|C,29734_G|T,11288_11296,21633_21641,21765_21770,28362_28370
Switzerland/VD-CHUV-GEN12402/2022	XAZ	44_C|T,241_C|T,670_T|G,1912_C|T,2232_C|T,2790_C|T,3037_C|T,3317_C|T,3358_T|C,4184_G|A,4321_C|T,9344_C|T,9424_A|G,9534_C|T,10029_C|T,10198_C|T,10447_G|A,10449_C|A,12160_G|A,12789_C|T,12880_C|T,14408_C|T,15714_C|T,17410_C|T,18163_A|G,19955_C|T,20055_A|G,21618_C|T,21987_G|A,22200_T|G,22578_G|A,22674_C|T,22679_T|C,22686_C|T,22688_A|G,22775_G|A,22786_A|C,22813_G|T,22882_T|G,22917_T|G,22992_G|A,22995_C|A,23013_A|C,23018_T|G,23055_A|G,23063_A|T,23075_T|C,23302_G|T,23403_A|G,23525_C|T,23599_T|G,23604_C|A,23854_C|A,23948_G|T,24424_A|T,24469_T|A,25000_C|T,25584_C|T,26060_C|T,26270_C|T,26529_G|A,26577_C|G,26709_G|A,27807_C|T,28271_A|T,28311_C|T,28881_G|A,28882_G|A,28883_G|C,29510_A|C,29734_G|T,11288_11296,21633_21641,21765_21770,28362_28370
Switzerland/VD-CHUV-GEN12500/2022	XAZ	44_C|T,162_C|T,241_C|T,670_T|G,1912_C|T,2232_C|T,2790_C|T,3037_C|T,3317_C|T,3358_T|C,4184_G|A,4321_C|T,9344_C|T,9424_A|G,9534_C|T,10029_C|T,10198_C|T,10447_G|A,10449_C|A,12160_G|A,12880_C|T,14408_C|T,15714_C|T,17410_C|T,18163_A|G,19955_C|T,20055_A|G,20569_G|A,21618_C|T,21987_G|A,22200_T|G,22578_G|A,22674_C|T,22679_T|C,22686_C|T,22688_A|G,22775_G|A,22786_A|C,22813_G|T,22882_T|G,22917_T|G,22992_G|A,22995_C|A,23013_A|C,23018_T|G,23055_A|G,23063_A|T,23075_T|C,23403_A|G,23525_C|T,23599_T|G,23604_C|A,23854_C|A,23948_G|T,24424_A|T,24469_T|A,25000_C|T,25289_T|A,25584_C|T,26060_C|T,26270_C|T,26529_G|A,26577_C|G,26709_G|A,27807_C|T,28271_A|T,28311_C|T,28630_T|C,28881_G|A,28882_G|A,28883_G|C,29510_A|C,11288_11296,21633_21641,21765_21770,28362_28370
Switzerland/VD-CHUV-GEN13545/2022	XAZ	44_C|T,241_C|T,670_T|G,817_C|T,1912_C|T,2232_C|T,2790_C|T,3037_C|T,3317_C|T,3358_T|C,4184_G|A,4321_C|T,9344_C|T,9424_A|G,9534_C|T,10029_C|T,10198_C|T,10447_G|A,10449_C|A,12025_C|T,12160_G|A,12880_C|T,14016_C|T,14408_C|T,15714_C|T,17410_C|T,17747_C|T,18163_A|G,19955_C|T,20055_A|G,21618_C|T,21987_G|A,22200_T|G,22578_G|A,22674_C|T,22679_T|C,22686_C|T,22688_A|G,22775_G|A,22786_A|C,22813_G|T,22882_T|G,22917_T|G,22992_G|A,22995_C|A,23013_A|C,23018_T|G,23055_A|G,23063_A|T,23075_T|C,23403_A|G,23525_C|T,23599_T|G,23604_C|A,23854_C|A,23948_G|T,24424_A|T,24469_T|A,25000_C|T,25584_C|T,26060_C|T,26270_C|T,26529_G|A,26577_C|G,26709_G|A,27807_C|T,28271_A|T,28311_C|T,28881_G|A,28882_G|A,28883_G|C,29510_A|C,29734_G|T,11288_11296,21633_21641,21765_21770,28362_28370
Switzerland/VD-CHUV-GEN13742/2022	XAZ	241_C|T,670_T|G,1912_C|T,2232_C|T,2790_C|T,3037_C|T,3317_C|T,3358_T|C,4184_G|A,4321_C|T,6230_C|T,9344_C|T,9424_A|G,9534_C|T,10029_C|T,10198_C|T,10447_G|A,10449_C|A,11542_T|A,12160_G|A,12880_C|T,14408_C|T,15078_T|C,15714_C|T,16178_C|T,17410_C|T,18163_A|G,19955_C|T,20055_A|G,21618_C|T,21987_G|A,22200_T|G,22578_G|A,22599_G|T,22674_C|T,22679_T|C,22686_C|T,22688_A|G,22775_G|A,22786_A|C,22813_G|T,22882_T|G,22917_T|G,22992_G|A,22995_C|A,23013_A|C,23018_T|G,23055_A|G,23063_A|T,23075_T|C,23403_A|G,23525_C|T,23599_T|G,23604_C|A,23854_C|A,23948_G|T,24424_A|T,24469_T|A,25000_C|T,25584_C|T,26060_C|T,26270_C|T,26529_G|A,26577_C|G,26709_G|A,27807_C|T,27818_T|C,28114_T|G,28271_A|T,28311_C|T,28881_G|A,28882_G|A,28883_G|C,29229_G|A,29402_G|T,29510_A|C,29734_G|T,11288_11296,21633_21641,21765_21770,28362_28370
Switzerland/VD-ETHZ-37684201/2022	XAZ	241_C|T,670_T|G,1912_C|T,2232_C|T,2790_C|T,3037_C|T,3317_C|T,3358_T|C,4184_G|A,4321_C|T,9344_C|T,9424_A|G,9534_C|T,10029_C|T,10198_C|T,10447_G|A,10449_C|A,12160_G|A,12880_C|T,14408_C|T,15714_C|T,17410_C|T,18163_A|G,19955_C|T,20055_A|G,21618_C|T,21987_G|A,22200_T|G,22578_G|A,22674_C|T,22679_T|C,22686_C|T,22688_A|G,22775_G|A,22786_A|C,22813_G|T,22882_T|G,22917_T|G,22992_G|A,22995_C|A,23013_A|C,23018_T|G,23055_A|G,23063_A|T,23075_T|C,23403_A|G,23525_C|T,23599_T|G,23604_C|A,23854_C|A,23948_G|T,24424_A|T,24469_T|A,25000_C|T,25584_C|T,26060_C|T,26270_C|T,26529_G|A,26577_C|G,26709_G|A,27807_C|T,28271_A|T,28311_C|T,28881_G|A,28882_G|A,28883_G|C,29510_A|C,11288_11296,21633_21641,21765_21770,28362_28370,29734_29759
Switzerland/VD-ETHZ-38003185/2022	XAZ	241_C|T,670_T|G,1912_C|T,2232_C|T,2790_C|T,3037_C|T,3317_C|T,3358_T|C,4184_G|A,4321_C|T,9344_C|T,9424_A|G,9534_C|T,10029_C|T,10198_C|T,10447_G|A,10449_C|A,10714_C|T,12160_G|A,12880_C|T,14408_C|T,15714_C|T,15979_A|C,17410_C|T,18163_A|G,19955_C|T,20055_A|G,20325_C|A,21618_C|T,21807_C|T,21987_G|A,22200_T|G,22578_G|A,22674_C|T,22679_T|C,22686_C|T,22688_A|G,22775_G|A,22786_A|C,22813_G|T,22917_T|G,22992_G|A,22995_C|A,23013_A|C,23018_T|G,23055_A|G,23063_A|T,23075_T|C,23403_A|G,23525_C|T,23599_T|G,23604_C|A,23854_C|A,23948_G|T,24424_A|T,24469_T|A,25000_C|T,25584_C|T,26060_C|T,26270_C|T,26577_C|G,26709_G|A,27685_T|G,27807_C|T,28271_A|T,28311_C|T,28881_G|A,28882_G|A,28883_G|C,29510_A|C,11288_11296,21633_21641,21765_21770,28362_28370,29734_29759
Switzerland/VD-HUG-38503108/2022	XAZ	241_C|T,670_T|G,1912_C|T,2232_C|T,2790_C|T,3037_C|T,3317_C|T,3358_T|C,4184_G|A,4321_C|T,9344_C|T,9424_A|G,9534_C|T,10029_C|T,10198_C|T,10447_G|A,10449_C|A,12160_G|A,12880_C|T,14408_C|T,15714_C|T,17410_C|T,18163_A|G,19955_C|T,20055_A|G,21618_C|T,21987_G|A,22200_T|G,22578_G|A,22674_C|T,22679_T|C,22686_C|T,22688_A|G,22775_G|A,22786_A|C,22813_G|T,22882_T|G,22917_T|G,22992_G|A,22995_C|A,23013_A|C,23018_T|G,23055_A|G,23063_A|T,23075_T|C,23403_A|G,23525_C|T,23599_T|G,23604_C|A,23854_C|A,23948_G|T,24424_A|T,24469_T|A,25000_C|T,25584_C|T,26060_C|T,26270_C|T,26529_G|A,26577_C|G,26709_G|A,27807_C|T,28271_A|T,28311_C|T,28881_G|A,28882_G|A,28883_G|C,29510_A|C,29781_G|T,11288_11296,21633_21641,21765_21770,28362_28370,29734_29759,29903_.|N
Switzerland/VS-ICH-2220545832/2022	XAZ	241_C|T,670_T|G,1912_C|T,2232_C|T,2790_C|T,3037_C|T,3317_C|T,3358_T|C,4184_G|A,4321_C|T,9344_C|T,9424_A|G,9534_C|T,10029_C|T,10198_C|T,10447_G|A,10449_C|A,12160_G|A,12880_C|T,13665_C|T,14408_C|T,15714_C|T,17410_C|T,18163_A|G,19955_C|T,20055_A|G,21618_C|T,21987_G|A,22200_T|G,22578_G|A,22674_C|T,22679_T|C,22686_C|T,22688_A|G,22775_G|A,22786_A|C,22813_G|T,22882_T|G,22917_T|G,22992_G|A,22995_C|A,23013_A|C,23018_T|G,23055_A|G,23063_A|T,23075_T|C,23403_A|G,23525_C|T,23599_T|G,23604_C|A,23854_C|A,23948_G|T,24424_A|T,24469_T|A,25000_C|T,25584_C|T,26060_C|T,26270_C|T,26529_G|A,26577_C|G,26709_G|A,27807_C|T,28271_A|T,28311_C|T,28881_G|A,28882_G|A,28883_G|C,29510_A|C,11288_11296,21633_21641,21765_21770,28362_28370,29734_29759,29903_.|N
Switzerland/VS-ICH-2220545835/2022	XAZ	241_C|T,670_T|G,1912_C|T,2232_C|T,2790_C|T,3037_C|T,3317_C|T,3358_T|C,4184_G|A,4321_C|T,9344_C|T,9424_A|G,9534_C|T,10029_C|T,10198_C|T,10447_G|A,10449_C|A,12160_G|A,12880_C|T,13665_C|T,14408_C|T,15714_C|T,17410_C|T,18163_A|G,19955_C|T,20055_A|G,21618_C|T,21987_G|A,22200_T|G,22264_C|T,22578_G|A,22674_C|T,22679_T|C,22686_C|T,22688_A|G,22775_G|A,22786_A|C,22813_G|T,22882_T|G,22917_T|G,22992_G|A,22995_C|A,23013_A|C,23018_T|G,23055_A|G,23063_A|T,23075_T|C,23403_A|G,23525_C|T,23599_T|G,23604_C|A,23854_C|A,23948_G|T,24424_A|T,24469_T|A,25000_C|T,25584_C|T,26060_C|T,26270_C|T,26529_G|A,26577_C|G,26709_G|A,27807_C|T,28271_A|T,28311_C|T,28881_G|A,28882_G|A,28883_G|C,29510_A|C,11288_11296,21633_21641,21765_21770,28362_28370,29734_29759,29903_.|N
Switzerland/VS-ICH-2220629767/2022	XAZ	241_C|T,670_T|G,1912_C|T,2232_C|T,2790_C|T,3037_C|T,3317_C|T,3358_T|C,4184_G|A,4321_C|T,9344_C|T,9424_A|G,9534_C|T,10029_C|T,10198_C|T,10447_G|A,10449_C|A,12160_G|A,12880_C|T,14408_C|T,15714_C|T,17410_C|T,18163_A|G,19955_C|T,20055_A|G,21618_C|T,21987_G|A,22200_T|G,22578_G|A,22674_C|T,22679_T|C,22686_C|T,22688_A|G,22775_G|A,22786_A|C,22813_G|T,22882_T|G,22917_T|G,22992_G|A,22995_C|A,23013_A|C,23018_T|G,23055_A|G,23063_A|T,23075_T|C,23403_A|G,23525_C|T,23599_T|G,23604_C|A,23854_C|A,23948_G|T,24424_A|T,24469_T|A,25000_C|T,25584_C|T,26060_C|T,26270_C|T,26529_G|A,26577_C|G,26709_G|A,27613_G|T,27807_C|T,28271_A|T,28311_C|T,28881_G|A,28882_G|A,28883_G|C,29510_A|C,11288_11296,21633_21641,21765_21770,28362_28370,29734_29759,29903_.|N
Switzerland/VS-ICH-2220636127/2022	XAZ	241_C|T,670_T|G,1912_C|T,2232_C|T,2790_C|T,3037_C|T,3317_C|T,3358_T|C,4184_G|A,4321_C|T,9344_C|T,9424_A|G,9534_C|T,10029_C|T,10198_C|T,10447_G|A,10449_C|A,12160_G|A,12880_C|T,14408_C|T,15714_C|T,17410_C|T,18163_A|G,19955_C|T,20055_A|G,21618_C|T,21987_G|A,22200_T|G,22578_G|A,22674_C|T,22679_T|C,22686_C|T,22688_A|G,22775_G|A,22786_A|C,22813_G|T,22882_T|G,22917_T|G,22992_G|A,22995_C|A,23013_A|C,23018_T|G,23055_A|G,23063_A|T,23075_T|C,23403_A|G,23525_C|T,23599_T|G,23604_C|A,23854_C|A,23948_G|T,24424_A|T,24469_T|A,25000_C|T,25584_C|T,26060_C|T,26270_C|T,26529_G|A,26577_C|G,26709_G|A,27613_G|T,27807_C|T,28271_A|T,28311_C|T,28881_G|A,28882_G|A,28883_G|C,29510_A|C,11288_11296,21633_21641,21765_21770,28362_28370,29734_29759,29903_.|N
Switzerland/VS-ICH-2220647904/2022	XAZ	241_C|T,670_T|G,1912_C|T,2232_C|T,2790_C|T,2808_G|A,3037_C|T,3317_C|T,3358_T|C,4184_G|A,4321_C|T,9344_C|T,9424_A|G,9534_C|T,10029_C|T,10198_C|T,10447_G|A,10449_C|A,12160_G|A,12880_C|T,14408_C|T,15714_C|T,17410_C|T,18163_A|G,19955_C|T,20055_A|G,21618_C|T,21987_G|A,22200_T|G,22578_G|A,22674_C|T,22679_T|C,22686_C|T,22688_A|G,22775_G|A,22786_A|C,22813_G|T,22882_T|G,22917_T|G,22992_G|A,22995_C|A,23013_A|C,23018_T|G,23055_A|G,23063_A|T,23075_T|C,23403_A|G,23525_C|T,23599_T|G,23604_C|A,23854_C|A,23948_G|T,24424_A|T,24469_T|A,25000_C|T,25584_C|T,26060_C|T,26270_C|T,26529_G|A,26577_C|G,26709_G|A,27613_G|T,27807_C|T,28271_A|T,28311_C|T,28881_G|A,28882_G|A,28883_G|C,29510_A|C,11288_11296,21633_21641,21765_21770,28362_28370,29734_29759,29903_.|N
Switzerland/VS-ICH-2221012565/2022	XAZ	241_C|T,670_T|G,1473_C|T,1912_C|T,2232_C|T,2790_C|T,2910_C|T,3037_C|T,3317_C|T,3358_T|C,4184_G|A,4321_C|T,9344_C|T,9424_A|G,9534_C|T,10029_C|T,10198_C|T,10447_G|A,10449_C|A,12160_G|A,12789_C|T,12880_C|T,14408_C|T,15714_C|T,17410_C|T,18163_A|G,19955_C|T,20055_A|G,21137_A|G,21618_C|T,21987_G|A,22200_T|G,22578_G|A,22674_C|T,22679_T|C,22686_C|T,22688_A|G,22775_G|A,22786_A|C,22813_G|T,22882_T|G,22917_T|G,22992_G|A,22995_C|A,23013_A|C,23018_T|G,23055_A|G,23063_A|T,23075_T|C,23403_A|G,23525_C|T,23599_T|G,23604_C|A,23854_C|A,23948_G|T,24424_A|T,24469_T|A,25000_C|T,25584_C|T,26060_C|T,26270_C|T,26529_G|A,26577_C|G,26709_G|A,27807_C|T,28271_A|T,28311_C|T,28881_G|A,28882_G|A,28883_G|C,29510_A|C,686_694,11288_11296,21633_21641,21765_21770,28362_28370,29734_29759,29903_.|N
Switzerland/ZH-ETHZ-38004002/2022	XAZ	241_C|T,670_T|G,681_A|G,1912_C|T,2232_C|T,2790_C|T,3037_C|T,3317_C|T,3358_T|C,4184_G|A,4321_C|T,9344_C|T,9424_A|G,9534_C|T,10029_C|T,10198_C|T,10447_G|A,10449_C|A,12160_G|A,12880_C|T,14408_C|T,15714_C|T,17410_C|T,18163_A|G,19955_C|T,20055_A|G,21618_C|T,21987_G|A,22200_T|G,22578_G|A,22674_C|T,22679_T|C,22686_C|T,22688_A|G,22775_G|A,22786_A|C,22813_G|T,22882_T|G,22917_T|G,22992_G|A,22995_C|A,23013_A|C,23018_T|G,23055_A|G,23063_A|T,23075_T|C,23403_A|G,23525_C|T,23599_T|G,23604_C|A,23854_C|A,23948_G|T,24424_A|T,24469_T|A,25000_C|T,25584_C|T,26060_C|T,26123_T|C,26270_C|T,26529_G|A,26577_C|G,26709_G|A,27807_C|T,28271_A|T,28311_C|T,28881_G|A,28882_G|A,28883_G|C,29510_A|C,11288_11296,21633_21641,21765_21770,28362_28370,29734_29759
Switzerland/ZH-UZH-IMV-3ba6552d/2022	XAZ	241_C|T,670_T|G,1912_C|T,2232_C|T,2790_C|T,3037_C|T,3317_C|T,3358_T|C,4184_G|A,4321_C|T,9344_C|T,9424_A|G,9534_C|T,10029_C|T,10198_C|T,10447_G|A,10449_C|A,11083_G|T,12160_G|A,12880_C|T,14408_C|T,15714_C|T,17410_C|T,18163_A|G,19955_C|T,20055_A|G,21618_C|T,22200_T|G,22578_G|A,22674_C|T,22679_T|C,22686_C|T,22688_A|G,22775_G|A,22786_A|C,22813_G|T,22917_T|G,22992_G|A,22995_C|A,23013_A|C,23018_T|G,23055_A|G,23063_A|T,23075_T|C,23403_A|G,23525_C|T,23599_T|G,23604_C|A,23854_C|A,23948_G|T,24424_A|T,24469_T|A,25000_C|T,25584_C|T,26060_C|T,26270_C|T,26577_C|G,26709_G|A,27807_C|T,28271_A|T,28311_C|T,28881_G|A,28882_G|A,28883_G|C,29510_A|C,29867_T|A,11288_11296,21633_21641,21765_21770,28362_28370,29734_29759
Switzerland/ZH-UZH-IMV-3ba65e61/2022	XAZ	241_C|T,670_T|G,1912_C|T,2232_C|T,2790_C|T,3037_C|T,3317_C|T,3358_T|C,4184_G|A,4321_C|T,9344_C|T,9424_A|G,9534_C|T,10029_C|T,10198_C|T,10447_G|A,10449_C|A,12160_G|A,12781_C|T,12880_C|T,13665_C|T,14408_C|T,15714_C|T,17410_C|T,18163_A|G,19955_C|T,20055_A|G,21618_C|T,21987_G|A,22200_T|G,22578_G|A,22674_C|T,22679_T|C,22775_G|A,22786_A|C,22813_G|T,22917_T|G,22992_G|A,22995_C|A,23013_A|C,23018_T|G,23055_A|G,23063_A|T,23075_T|C,23403_A|G,23525_C|T,23599_T|G,23604_C|A,23854_C|A,23948_G|T,24424_A|T,24469_T|A,25000_C|T,25584_C|T,26060_C|T,26270_C|T,26577_C|G,26709_G|A,27807_C|T,28271_A|T,28311_C|T,28881_G|A,28882_G|A,28883_G|C,29466_C|T,29510_A|C,29867_T|A,11288_11296,21633_21641,21765_21770,22685_22690,28362_28370,29734_29759
USA/1015679070_9-15-2022/2022	XAZ	241_C|T,670_T|G,1120_A|G,1912_C|T,2232_C|T,2638_C|T,2790_C|T,3037_C|T,3317_C|T,3358_T|C,4117_A|G,4184_G|A,4321_C|T,9344_C|T,9424_A|G,9534_C|T,10029_C|T,10198_C|T,10447_G|A,10449_C|A,12025_C|T,12160_G|A,12880_C|T,13494_T|G,14408_C|T,15714_C|T,17410_C|T,18163_A|G,19955_C|T,20055_A|G,21618_C|T,21987_G|A,22200_T|G,22578_G|A,22674_C|T,22679_T|C,22686_C|T,22688_A|G,22775_G|A,22786_A|C,22813_G|T,22882_T|G,22917_T|G,22992_G|A,22995_C|A,23013_A|C,23018_T|G,23055_A|G,23063_A|T,23075_T|C,23403_A|G,23525_C|T,23599_T|G,23604_C|A,23854_C|A,23948_G|T,24424_A|T,24469_T|A,25000_C|T,25584_C|T,26060_C|T,26270_C|T,26529_G|A,26577_C|G,26709_G|A,27807_C|T,28271_A|T,28311_C|T,28881_G|A,28882_G|A,28883_G|C,29510_A|C,11288_11296,21633_21641,21765_21770,28362_28370,29734_29759
USA/AL-CDC-STM-3GRC44TMQ/2022	XAZ	44_C|T,162_C|T,241_C|T,670_T|G,1912_C|T,2232_C|T,2790_C|T,3037_C|T,3317_C|T,3358_T|C,4184_G|A,4321_C|T,9344_C|T,9424_A|G,9526_G|T,9534_C|T,10029_C|T,10198_C|T,10447_G|A,10449_C|A,10650_C|T,12160_G|A,12525_C|T,12880_C|T,14408_C|T,15714_C|T,17410_C|T,18163_A|G,18175_C|T,19955_C|T,20055_A|G,20569_G|A,21618_C|T,21987_G|A,22200_T|G,22377_C|T,22578_G|A,22674_C|T,22679_T|C,22686_C|T,22688_A|G,22775_G|A,22786_A|C,22813_G|T,22882_T|G,22917_T|G,22992_G|A,22995_C|A,23013_A|C,23018_T|G,23055_A|G,23063_A|T,23075_T|C,23403_A|G,23525_C|T,23599_T|G,23604_C|A,23854_C|A,23948_G|T,24424_A|T,24469_T|A,25000_C|T,25584_C|T,26060_C|T,26270_C|T,26408_C|T,26529_G|A,26577_C|G,26709_G|A,27807_C|T,28271_A|T,28311_C|T,28881_G|A,28882_G|A,28883_G|C,29510_A|C,11288_11296,21633_21641,21765_21770,28362_28370,29734_29759
USA/AZ-CDC-LC0832260/2022	XAZ	44_C|T,241_C|T,670_T|G,681_A|G,1912_C|T,2232_C|T,2790_C|T,3037_C|T,3317_C|T,3358_T|C,4184_G|A,4321_C|T,9344_C|T,9424_A|G,9534_C|T,10029_C|T,10198_C|T,10447_G|A,10449_C|A,12160_G|A,12880_C|T,14408_C|T,15714_C|T,17410_C|T,18163_A|G,19955_C|T,20055_A|G,21618_C|T,21987_G|A,22200_T|G,22578_G|A,22674_C|T,22679_T|C,22686_C|T,22688_A|G,22775_G|A,22786_A|C,22813_G|T,22882_T|G,22917_T|G,22992_G|A,22995_C|A,23013_A|C,23018_T|G,23055_A|G,23063_A|T,23075_T|C,23403_A|G,23525_C|T,23599_T|G,23604_C|A,23854_C|A,23948_G|T,24424_A|T,24469_T|A,25000_C|T,25584_C|T,26060_C|T,26270_C|T,26529_G|A,26577_C|G,26709_G|A,27807_C|T,28271_A|T,28311_C|T,28881_G|A,28882_G|A,28883_G|C,29510_A|C,11288_11296,21633_21641,21765_21770,28362_28370,29734_29759
USA/AZ-CDC-LC0838453/2022	XAZ	44_C|T,241_C|T,670_T|G,681_A|G,1912_C|T,2232_C|T,2790_C|T,3037_C|T,3317_C|T,3358_T|C,4184_G|A,4321_C|T,9344_C|T,9424_A|G,9534_C|T,10029_C|T,10198_C|T,10447_G|A,10449_C|A,12160_G|A,12880_C|T,14408_C|T,15714_C|T,17410_C|T,18163_A|G,19955_C|T,20055_A|G,21618_C|T,21987_G|A,22200_T|G,22578_G|A,22674_C|T,22679_T|C,22686_C|T,22688_A|G,22775_G|A,22786_A|C,22813_G|T,22882_T|G,22917_T|G,22992_G|A,22995_C|A,23013_A|C,23018_T|G,23055_A|G,23063_A|T,23075_T|C,23403_A|G,23525_C|T,23599_T|G,23604_C|A,23854_C|A,23948_G|T,24424_A|T,24469_T|A,25000_C|T,25584_C|T,26060_C|T,26270_C|T,26529_G|A,26577_C|G,26709_G|A,27807_C|T,28271_A|T,28311_C|T,28881_G|A,28882_G|A,28883_G|C,29510_A|C,11288_11296,21633_21641,21765_21770,28362_28370,29734_29759
USA/AZ-CDC-STM-P4Q4H22V8/2022	XAZ	44_C|T,241_C|T,670_T|G,681_A|G,1912_C|T,2232_C|T,2790_C|T,3037_C|T,3317_C|T,3358_T|C,4184_G|A,4321_C|T,9344_C|T,9424_A|G,9534_C|T,10029_C|T,10198_C|T,10447_G|A,10449_C|A,12160_G|A,12880_C|T,14408_C|T,15714_C|T,17410_C|T,18163_A|G,19955_C|T,20055_A|G,21618_C|T,21987_G|A,22200_T|G,22578_G|A,22674_C|T,22679_T|C,22686_C|T,22688_A|G,22775_G|A,22786_A|C,22813_G|T,22882_T|G,22917_T|G,22992_G|A,22995_C|A,23013_A|C,23018_T|G,23055_A|G,23063_A|T,23075_T|C,23403_A|G,23525_C|T,23599_T|G,23604_C|A,23854_C|A,23948_G|T,24424_A|T,24469_T|A,25000_C|T,25584_C|T,26060_C|T,26270_C|T,26529_G|A,26577_C|G,26709_G|A,27807_C|T,28271_A|T,28311_C|T,28881_G|A,28882_G|A,28883_G|C,29510_A|C,29836_C|T,11288_11296,21633_21641,21765_21770,28362_28370,29734_29759
USA/B016745/2022	XAZ	241_C|T,670_T|G,715_C|T,1820_G|A,1912_C|T,2232_C|T,2638_C|T,2790_C|T,3037_C|T,3317_C|T,3358_T|C,4184_G|A,4321_C|T,9344_C|T,9424_A|G,9534_C|T,10029_C|T,10198_C|T,10447_G|A,10449_C|A,12025_C|T,12160_G|A,12880_C|T,14408_C|T,15714_C|T,17410_C|T,18163_A|G,19955_C|T,20055_A|G,21987_G|A,22200_T|G,22577_G|T,22578_G|A,22674_C|T,22679_T|C,22686_C|T,22688_A|G,22775_G|A,22786_A|C,22813_G|T,22882_T|G,22917_T|G,22992_G|A,22995_C|A,23013_A|C,23018_T|G,23055_A|G,23063_A|T,23075_T|C,23403_A|G,23525_C|T,23599_T|G,23604_C|A,23854_C|A,23948_G|T,24424_A|T,24469_T|A,25000_C|T,25584_C|T,26060_C|T,26270_C|T,26529_G|A,26577_C|G,26709_G|A,27807_C|T,28271_A|T,28311_C|T,28881_G|A,28882_G|A,28883_G|C,29510_A|C,11288_11296,21633_21641,21765_21770,28362_28370
USA/CA-CDC-LC0785914/2022	XAZ	241_C|T,670_T|G,1912_C|T,2232_C|T,2790_C|T,3037_C|T,3317_C|T,3358_T|C,4184_G|A,4321_C|T,5055_C|T,7425_T|C,9344_C|T,9424_A|G,9534_C|T,10029_C|T,10198_C|T,10447_G|A,10449_C|A,12160_G|A,12880_C|T,14408_C|T,15714_C|T,17410_C|T,18163_A|G,19955_C|T,20055_A|G,21618_C|T,21987_G|A,22200_T|G,22578_G|A,22674_C|T,22679_T|C,22686_C|T,22688_A|G,22775_G|A,22786_A|C,22813_G|T,22882_T|G,22917_T|G,22992_G|A,22995_C|A,23013_A|C,23018_T|G,23055_A|G,23063_A|T,23075_T|C,23403_A|G,23525_C|T,23599_T|G,23604_C|A,23854_C|A,23933_A|G,23948_G|T,24424_A|T,24469_T|A,25000_C|T,25584_C|T,26060_C|T,26270_C|T,26529_G|A,26577_C|G,26709_G|A,27390_G|T,27807_C|T,28271_A|T,28311_C|T,28881_G|A,28882_G|A,28883_G|C,29510_A|C,11288_11296,21633_21641,21765_21770,28362_28370,29734_29759
USA/CA-CDC-LC0797152/2022	XAZ	162_C|T,241_C|T,670_T|G,1912_C|T,2232_C|T,2790_C|T,3037_C|T,3317_C|T,3358_T|C,4184_G|A,4321_C|T,9344_C|T,9424_A|G,9534_C|T,10029_C|T,10198_C|T,10447_G|A,10449_C|A,12160_G|A,12880_C|T,14408_C|T,15357_T|C,15714_C|T,17410_C|T,18163_A|G,19955_C|T,20055_A|G,21618_C|T,21987_G|A,22200_T|G,22244_G|C,22578_G|A,22674_C|T,22679_T|C,22686_C|T,22688_A|G,22775_G|A,22786_A|C,22813_G|T,22882_T|G,22917_T|G,22992_G|A,22995_C|A,23013_A|C,23018_T|G,23055_A|G,23063_A|T,23075_T|C,23403_A|G,23525_C|T,23599_T|G,23604_C|A,23854_C|A,23948_G|T,24424_A|T,24469_T|A,25000_C|T,25584_C|T,26060_C|T,26270_C|T,26529_G|A,26577_C|G,26709_G|A,27807_C|T,28271_A|T,28311_C|T,28881_G|A,28882_G|A,28883_G|C,29510_A|C,686_694,11288_11296,21633_21641,21765_21770,28362_28370,29734_29759
USA/CA-CDC-LC0797595/2022	XAZ	162_C|T,241_C|T,670_T|G,1912_C|T,2232_C|T,2790_C|T,3037_C|T,3317_C|T,3358_T|C,4184_G|A,4321_C|T,9344_C|T,9424_A|G,9534_C|T,10029_C|T,10198_C|T,10447_G|A,10449_C|A,12160_G|A,12880_C|T,14408_C|T,15357_T|C,15714_C|T,17410_C|T,18163_A|G,19955_C|T,20055_A|G,21618_C|T,21987_G|A,22200_T|G,22578_G|A,22674_C|T,22679_T|C,22686_C|T,22688_A|G,22775_G|A,22786_A|C,22813_G|T,22882_T|G,22917_T|G,22992_G|A,22995_C|A,23013_A|C,23018_T|G,23055_A|G,23063_A|T,23075_T|C,23403_A|G,23525_C|T,23599_T|G,23604_C|A,23854_C|A,23948_G|T,24424_A|T,24469_T|A,25000_C|T,25584_C|T,26060_C|T,26270_C|T,26529_G|A,26577_C|G,26709_G|A,27807_C|T,28271_A|T,28311_C|T,28881_G|A,28882_G|A,28883_G|C,29510_A|C,11288_11296,21633_21641,21765_21770,28362_28370,29734_29759
USA/CA-CDC-LC0880949/2022	XAZ	44_C|T,241_C|T,670_T|G,1912_C|T,2232_C|T,2790_C|T,3037_C|T,3317_C|T,3358_T|C,4184_G|A,4321_C|T,9344_C|T,9424_A|G,9534_C|T,10029_C|T,10198_C|T,10447_G|A,10449_C|A,10615_C|T,12160_G|A,12789_C|T,12880_C|T,14408_C|T,15714_C|T,17410_C|T,18163_A|G,19955_C|T,20055_A|G,21618_C|T,21987_G|A,22200_T|G,22578_G|A,22674_C|T,22679_T|C,22686_C|T,22688_A|G,22775_G|A,22786_A|C,22813_G|T,22882_T|G,22917_T|G,22992_G|A,22995_C|A,23013_A|C,23018_T|G,23055_A|G,23063_A|T,23075_T|C,23403_A|G,23525_C|T,23599_T|G,23604_C|A,23854_C|A,23948_G|T,24424_A|T,24469_T|A,25000_C|T,25584_C|T,26060_C|T,26270_C|T,26529_G|A,26577_C|G,26709_G|A,27807_C|T,28271_A|T,28311_C|T,28881_G|A,28882_G|A,28883_G|C,29510_A|C,11288_11296,21633_21641,21765_21770,28362_28370,29734_29759
USA/CA-CDC-QDX38473764/2022	XAZ	241_C|T,670_T|G,1912_C|T,2232_C|T,2790_C|T,3037_C|T,3317_C|T,3358_T|C,4184_G|A,4321_C|T,6230_C|T,9344_C|T,9424_A|G,9534_C|T,10029_C|T,10198_C|T,10447_G|A,10449_C|A,11199_C|T,12160_G|A,12880_C|T,14408_C|T,15241_A|T,15714_C|T,17410_C|T,18163_A|G,19955_C|T,20055_A|G,21618_C|T,21987_G|A,22200_T|G,22578_G|A,22674_C|T,22679_T|C,22686_C|T,22688_A|G,22775_G|A,22786_A|C,22813_G|T,22882_T|G,22917_T|G,22992_G|A,22995_C|A,23013_A|C,23018_T|G,23055_A|G,23063_A|T,23075_T|C,23403_A|G,23525_C|T,23599_T|G,23604_C|A,23854_C|A,23948_G|T,24424_A|T,24469_T|A,25000_C|T,25584_C|T,26060_C|T,26270_C|T,26529_G|A,26577_C|G,26709_G|A,27807_C|T,28114_T|G,28271_A|T,28311_C|T,28881_G|A,28882_G|A,28883_G|C,29510_A|C,11288_11296,21633_21641,21765_21770,28362_28370,29734_29759
USA/CA-CDC-QDX39367575/2022	XAZ	241_C|T,670_T|G,1912_C|T,2232_C|T,2790_C|T,3037_C|T,3317_C|T,3358_T|C,4184_G|A,4321_C|T,9344_C|T,9424_A|G,9534_C|T,10029_C|T,10198_C|T,10447_G|A,10449_C|A,12160_G|A,12880_C|T,14408_C|T,15714_C|T,17410_C|T,18163_A|G,19955_C|T,20055_A|G,21618_C|T,21987_G|A,22200_T|G,22578_G|A,22674_C|T,22679_T|C,22686_C|T,22688_A|G,22775_G|A,22786_A|C,22813_G|T,22882_T|G,22917_T|G,22992_G|A,22995_C|A,23013_A|C,23018_T|G,23055_A|G,23063_A|T,23075_T|C,23403_A|G,23525_C|T,23599_T|G,23604_C|A,23854_C|A,23948_G|T,24424_A|T,24469_T|A,25000_C|T,25584_C|T,26060_C|T,26270_C|T,26529_G|A,26577_C|G,26709_G|A,26793_A|G,27807_C|T,28271_A|T,28311_C|T,28881_G|A,28882_G|A,28883_G|C,29510_A|C,29781_G|T,510_518,11288_11296,21633_21641,21765_21770,28362_28370,29734_29759
USA/CA-CDC-QDX39459726/2022	XAZ	241_C|T,670_T|G,1912_C|T,2232_C|T,2790_C|T,3037_C|T,3317_C|T,3358_T|C,4184_G|A,4321_C|T,5055_C|T,9344_C|T,9424_A|G,9534_C|T,10029_C|T,10198_C|T,10447_G|A,10449_C|A,12160_G|A,12880_C|T,14408_C|T,15714_C|T,17410_C|T,18163_A|G,19896_T|C,19955_C|T,20055_A|G,21618_C|T,21987_G|A,22200_T|G,22578_G|A,22674_C|T,22679_T|C,22686_C|T,22688_A|G,22775_G|A,22786_A|C,22813_G|T,22882_T|G,22917_T|G,22992_G|A,22995_C|A,23013_A|C,23018_T|G,23055_A|G,23063_A|T,23075_T|C,23403_A|G,23525_C|T,23599_T|G,23604_C|A,23854_C|A,23933_A|G,23948_G|T,24424_A|T,24469_T|A,25000_C|T,25584_C|T,26060_C|T,26270_C|T,26529_G|A,26577_C|G,26709_G|A,27807_C|T,28271_A|T,28311_C|T,28881_G|A,28882_G|A,28883_G|C,29510_A|C,11288_11296,21633_21641,21765_21770,28362_28370,29734_29759
USA/CA-CDC-QDX39548815/2022	XAZ	162_C|T,241_C|T,670_T|G,1912_C|T,2232_C|T,2790_C|T,3037_C|T,3317_C|T,3358_T|C,4184_G|A,4321_C|T,8771_A|C,9344_C|T,9424_A|G,9534_C|T,10029_C|T,10198_C|T,10447_G|A,10449_C|A,12160_G|A,12880_C|T,14408_C|T,15714_C|T,15848_C|A,17410_C|T,18163_A|G,19955_C|T,20055_A|G,21618_C|T,21987_G|A,22054_T|C,22200_T|G,22578_G|A,22674_C|T,22679_T|C,22686_C|T,22688_A|G,22775_G|A,22786_A|C,22813_G|T,22882_T|G,22917_T|G,22992_G|A,22995_C|A,23013_A|C,23018_T|G,23055_A|G,23063_A|T,23075_T|C,23403_A|G,23525_C|T,23599_T|G,23604_C|A,23608_G|T,23854_C|A,23948_G|T,24424_A|T,24469_T|A,25000_C|T,25584_C|T,26060_C|T,26270_C|T,26529_G|A,26577_C|G,26709_G|A,27807_C|T,28271_A|T,28311_C|T,28881_G|A,28882_G|A,28883_G|C,29510_A|C,11288_11296,21633_21641,21765_21770,28362_28370,29734_29759
USA/CA-CDC-QDX39658393/2022	XAZ	241_C|T,670_T|G,1906_T|C,1912_C|T,2232_C|T,2790_C|T,3037_C|T,3317_C|T,3358_T|C,4184_G|A,4321_C|T,9344_C|T,9424_A|G,9534_C|T,10029_C|T,10198_C|T,10447_G|A,10449_C|A,12160_G|A,12880_C|T,14408_C|T,15714_C|T,17410_C|T,18163_A|G,19955_C|T,20055_A|G,21618_C|T,21987_G|A,22200_T|G,22578_G|A,22674_C|T,22679_T|C,22686_C|T,22688_A|G,22775_G|A,22786_A|C,22813_G|T,22882_T|G,22917_T|G,22992_G|A,22995_C|A,23013_A|C,23018_T|G,23055_A|G,23063_A|T,23075_T|C,23403_A|G,23525_C|T,23599_T|G,23604_C|A,23854_C|A,23948_G|T,24410_G|A,24424_A|T,24469_T|A,25000_C|T,25584_C|T,26060_C|T,26270_C|T,26529_G|A,26577_C|G,26709_G|A,27807_C|T,28271_A|T,28311_C|T,28881_G|A,28882_G|A,28883_G|C,29510_A|C,11288_11296,21633_21641,21765_21770,28362_28370,29734_29759
USA/CA-CDC-QDX39706645/2022	XAZ	241_C|T,670_T|G,1912_C|T,2232_C|T,2790_C|T,3037_C|T,3317_C|T,3358_T|C,4184_G|A,4321_C|T,9344_C|T,9424_A|G,9534_C|T,10029_C|T,10198_C|T,10447_G|A,10449_C|A,12160_G|A,12789_C|T,12880_C|T,14408_C|T,15714_C|T,17410_C|T,18163_A|G,19955_C|T,20055_A|G,21618_C|T,21987_G|A,22200_T|G,22530_C|T,22578_G|A,22674_C|T,22679_T|C,22686_C|T,22688_A|G,22775_G|A,22786_A|C,22813_G|T,22882_T|G,22917_T|G,22992_G|A,22995_C|A,23013_A|C,23018_T|G,23055_A|G,23063_A|T,23075_T|C,23403_A|G,23525_C|T,23599_T|G,23604_C|A,23854_C|A,23948_G|T,24424_A|T,24469_T|A,25000_C|T,25584_C|T,26060_C|T,26270_C|T,26529_G|A,26577_C|G,26709_G|A,27807_C|T,28271_A|T,28311_C|T,28881_G|A,28882_G|A,28883_G|C,29510_A|C,11288_11296,21633_21641,21765_21770,28362_28370,29734_29759
USA/CA-CDC-STM-5KTDTWNH3/2022	XAZ	44_C|T,241_C|T,295_G|A,670_T|G,681_A|G,1912_C|T,2232_C|T,2668_C|T,2790_C|T,3037_C|T,3049_T|C,3317_C|T,3358_T|C,4184_G|A,4321_C|T,9344_C|T,9424_A|G,9534_C|T,10029_C|T,10198_C|T,10447_G|A,10449_C|A,10582_C|T,12160_G|A,12880_C|T,13663_C|T,13664_A|G,14408_C|T,15714_C|T,17410_C|T,18163_A|G,19955_C|T,20055_A|G,21618_C|T,21987_G|A,22200_T|G,22578_G|A,22674_C|T,22679_T|C,22686_C|T,22688_A|G,22775_G|A,22786_A|C,22813_G|T,22882_T|G,22917_T|G,22992_G|A,22995_C|A,23013_A|C,23018_T|G,23055_A|G,23063_A|T,23075_T|C,23403_A|G,23525_C|T,23599_T|G,23604_C|A,23854_C|A,23948_G|T,24424_A|T,24469_T|A,25000_C|T,25584_C|T,26060_C|T,26123_T|C,26270_C|T,26529_G|A,26577_C|G,26709_G|A,27807_C|T,28271_A|T,28311_C|T,28849_C|T,28881_G|A,28882_G|A,28883_G|C,29510_A|C,11288_11296,21633_21641,21765_21770,28362_28370,29734_29759
USA/CA-CDC-STM-9PEGFYXBA/2022	XAZ	44_C|T,241_C|T,670_T|G,862_G|T,1912_C|T,2232_C|T,2790_C|T,3037_C|T,3317_C|T,3358_T|C,4184_G|A,4321_C|T,5991_A|C,9344_C|T,9424_A|G,9534_C|T,10029_C|T,10198_C|T,10447_G|A,10449_C|A,11620_C|T,12160_G|A,12880_C|T,14408_C|T,15714_C|T,17410_C|T,18084_C|T,18163_A|G,19955_C|T,20055_A|G,21618_C|T,21987_G|A,22200_T|G,22578_G|A,22674_C|T,22679_T|C,22686_C|T,22688_A|G,22775_G|A,22786_A|C,22813_G|T,22882_T|G,22917_T|G,22992_G|A,22995_C|A,23013_A|C,23018_T|G,23055_A|G,23063_A|T,23075_T|C,23403_A|G,23525_C|T,23599_T|G,23604_C|A,23854_C|A,23948_G|T,24082_C|T,24424_A|T,24469_T|A,25000_C|T,25584_C|T,26060_C|T,26270_C|T,26529_G|A,26577_C|G,26709_G|A,27613_G|T,27807_C|T,28271_A|T,28311_C|T,28606_C|T,28881_G|A,28882_G|A,28883_G|C,29510_A|C,518_520,686_694,11288_11296,21633_21641,21765_21770,28362_28370,29734_29759
USA/CA-CDC-STM-UMQ2QBW8J/2022	XAZ	44_C|T,241_C|T,295_G|A,670_T|G,681_A|G,1912_C|T,2232_C|T,2790_C|T,3037_C|T,3049_T|C,3317_C|T,3358_T|C,4184_G|A,4321_C|T,9344_C|T,9424_A|G,9534_C|T,10029_C|T,10198_C|T,10447_G|A,10449_C|A,10582_C|T,12160_G|A,12880_C|T,13663_C|T,13664_A|G,14408_C|T,15714_C|T,17410_C|T,18163_A|G,19955_C|T,20055_A|G,21618_C|T,21987_G|A,22200_T|G,22578_G|A,22674_C|T,22679_T|C,22686_C|T,22688_A|G,22775_G|A,22786_A|C,22813_G|T,22882_T|G,22917_T|G,22992_G|A,22995_C|A,23013_A|C,23018_T|G,23055_A|G,23063_A|T,23075_T|C,23403_A|G,23525_C|T,23599_T|G,23604_C|A,23854_C|A,23948_G|T,24424_A|T,24469_T|A,25000_C|T,25584_C|T,26060_C|T,26123_T|C,26270_C|T,26529_G|A,26577_C|G,26709_G|A,27807_C|T,28271_A|T,28311_C|T,28849_C|T,28881_G|A,28882_G|A,28883_G|C,29510_A|C,11288_11296,21633_21641,21765_21770,28362_28370,29734_29759
USA/CA-CDPH-FS27889929/2022	XAZ	44_C|T,241_C|T,670_T|G,1912_C|T,2232_C|T,2790_C|T,3037_C|T,3317_C|T,3358_T|C,4184_G|A,4321_C|T,8740_T|G,9344_C|T,9424_A|G,9534_C|T,10029_C|T,10198_C|T,10447_G|A,10449_C|A,10615_C|T,12160_G|A,12789_C|T,12880_C|T,14408_C|T,15714_C|T,17410_C|T,18163_A|G,19955_C|T,20055_A|G,21618_C|T,21987_G|A,22200_T|G,22578_G|A,22674_C|T,22679_T|C,22686_C|T,22688_A|G,22775_G|A,22786_A|C,22813_G|T,22882_T|G,22917_T|G,22992_G|A,22995_C|A,23013_A|C,23018_T|G,23055_A|G,23063_A|T,23075_T|C,23403_A|G,23525_C|T,23599_T|G,23604_C|A,23854_C|A,23948_G|T,24424_A|T,24469_T|A,25000_C|T,25584_C|T,26060_C|T,26270_C|T,26529_G|A,26577_C|G,26709_G|A,27807_C|T,28271_A|T,28311_C|T,28881_G|A,28882_G|A,28883_G|C,29510_A|C,11288_11296,21633_21641,21765_21770,28362_28370,29734_29759
USA/CA-CDPH-FS48102332/2022	XAZ	44_C|T,241_C|T,670_T|G,1912_C|T,2232_C|T,2790_C|T,3037_C|T,3317_C|T,3358_T|C,4184_G|A,4321_C|T,5312_C|T,9344_C|T,9424_A|G,9534_C|T,9846_G|A,10029_C|T,10198_C|T,10447_G|A,10449_C|A,12160_G|A,12880_C|T,14408_C|T,15714_C|T,17410_C|T,18163_A|G,18167_C|T,19955_C|T,20055_A|G,21618_C|T,21987_G|A,22200_T|G,22578_G|A,22674_C|T,22679_T|C,22686_C|T,22688_A|G,22775_G|A,22786_A|C,22813_G|T,22882_T|G,22917_T|G,22992_G|A,22995_C|A,23013_A|C,23018_T|G,23055_A|G,23063_A|T,23075_T|C,23403_A|G,23525_C|T,23599_T|G,23604_C|A,23854_C|A,23948_G|T,24424_A|T,24469_T|A,25000_C|T,25584_C|T,26060_C|T,26270_C|T,26529_G|A,26577_C|G,26709_G|A,27807_C|T,28271_A|T,28311_C|T,28881_G|A,28882_G|A,28883_G|C,29510_A|C,11288_11296,21633_21641,21765_21770,28362_28370,29734_29759
USA/CO-CDC-QDX43385994/2022	XAZ	241_C|T,670_T|G,1906_T|C,1912_C|T,2232_C|T,2790_C|T,3037_C|T,3317_C|T,3358_T|C,4184_G|A,4321_C|T,9344_C|T,9424_A|G,9534_C|T,10029_C|T,10198_C|T,10447_G|A,10449_C|A,12160_G|A,12769_G|T,12880_C|T,14408_C|T,15714_C|T,17410_C|T,18163_A|G,19955_C|T,20055_A|G,21618_C|T,21727_C|T,21987_G|A,22200_T|G,22578_G|A,22674_C|T,22679_T|C,22686_C|T,22688_A|G,22775_G|A,22786_A|C,22813_G|T,22882_T|G,22917_T|G,22992_G|A,22995_C|A,23013_A|C,23018_T|G,23055_A|G,23063_A|T,23075_T|C,23403_A|G,23525_C|T,23599_T|G,23604_C|A,23854_C|A,23948_G|T,24424_A|T,24469_T|A,25000_C|T,25317_C|T,25584_C|T,26060_C|T,26270_C|T,26529_G|A,26577_C|G,26709_G|A,27807_C|T,28271_A|T,28311_C|T,28487_G|A,28881_G|A,28882_G|A,28883_G|C,29510_A|C,29541_C|T,29767_A|G,11288_11296,21633_21641,21765_21770,28362_28370,29734_29759
USA/CO-CDPHE-2103648875/2022	XAZ	241_C|T,670_T|G,1906_T|C,1912_C|T,2232_C|T,2790_C|T,3037_C|T,3317_C|T,3358_T|C,4184_G|A,4321_C|T,9344_C|T,9424_A|G,9534_C|T,10029_C|T,10198_C|T,10447_G|A,10449_C|A,12160_G|A,12880_C|T,14408_C|T,15714_C|T,16761_A|G,17410_C|T,18163_A|G,19955_C|T,20055_A|G,21618_C|T,21727_C|T,21987_G|A,22200_T|G,22578_G|A,22674_C|T,22679_T|C,22686_C|T,22688_A|G,22775_G|A,22786_A|C,22813_G|T,22882_T|G,22917_T|G,22992_G|A,22995_C|A,23013_A|C,23018_T|G,23055_A|G,23063_A|T,23075_T|C,23403_A|G,23525_C|T,23599_T|G,23604_C|A,23854_C|A,23948_G|T,24424_A|T,24469_T|A,25000_C|T,25317_C|T,25584_C|T,26060_C|T,26270_C|T,26529_G|A,26577_C|G,26709_G|A,27807_C|T,28271_A|T,28311_C|T,28487_G|A,28881_G|A,28882_G|A,28883_G|C,29510_A|C,515_520,11288_11296,21633_21641,21765_21770,28362_28370,29734_29759
USA/CT-CDC-QDX40871853/2022	XAZ	241_C|T,670_T|G,1906_T|C,1912_C|T,2232_C|T,2790_C|T,3037_C|T,3317_C|T,3358_T|C,4184_G|A,4321_C|T,9344_C|T,9424_A|G,9534_C|T,10029_C|T,10198_C|T,10447_G|A,10449_C|A,12160_G|A,12880_C|T,14408_C|T,15714_C|T,17410_C|T,18163_A|G,19955_C|T,20055_A|G,21618_C|T,21987_G|A,22200_T|G,22578_G|A,22674_C|T,22679_T|C,22686_C|T,22688_A|G,22775_G|A,22786_A|C,22813_G|T,22882_T|G,22917_T|G,22992_G|A,22995_C|A,23013_A|C,23018_T|G,23055_A|G,23063_A|T,23075_T|C,23403_A|G,23525_C|T,23599_T|G,23604_C|A,23854_C|A,23948_G|T,24424_A|T,24469_T|A,25000_C|T,25584_C|T,26060_C|T,26270_C|T,26529_G|A,26577_C|G,26709_G|A,27741_C|T,27807_C|T,28271_A|T,28311_C|T,28881_G|A,28882_G|A,28883_G|C,29510_A|C,11288_11296,21633_21641,21765_21770,28362_28370,29734_29759
USA/FL-BPHL-12288/2022	XAZ	241_C|T,670_T|G,1906_T|C,1912_C|T,2790_C|T,3037_C|T,3317_C|T,3358_T|C,4184_G|A,4321_C|T,9344_C|T,9424_A|G,9534_C|T,10029_C|T,10198_C|T,10447_G|A,10449_C|A,12160_G|A,12880_C|T,14408_C|T,15714_C|T,17410_C|T,17562_G|T,18163_A|G,19955_C|T,20055_A|G,21618_C|T,21622_C|T,21987_G|A,22200_T|G,22578_G|A,22674_C|T,22679_T|C,22686_C|T,22688_A|G,22775_G|A,22786_A|C,22813_G|T,22882_T|G,22917_T|G,22992_G|A,22995_C|A,23013_A|C,23018_T|G,23055_A|G,23063_A|T,23075_T|C,23403_A|G,23525_C|T,23599_T|G,23604_C|A,23854_C|A,23948_G|T,24424_A|T,24469_T|A,25000_C|T,25584_C|T,26060_C|T,26270_C|T,26529_G|A,26577_C|G,26709_G|A,27807_C|T,28271_A|T,28311_C|T,28881_G|A,28882_G|A,28883_G|C,29510_A|C,11288_11296,21633_21641,21765_21770,28362_28370,29734_29759
USA/FL-CDC-LC0800805/2022	XAZ	44_C|T,241_C|T,670_T|G,1912_C|T,2232_C|T,2790_C|T,3037_C|T,3317_C|T,3358_T|C,4184_G|A,4321_C|T,4524_C|T,9344_C|T,9424_A|G,9534_C|T,10029_C|T,10198_C|T,10447_G|A,10449_C|A,12025_C|T,12160_G|A,12880_C|T,14408_C|T,15714_C|T,17410_C|T,18163_A|G,19955_C|T,20055_A|G,21618_C|T,21987_G|A,22200_T|G,22578_G|A,22674_C|T,22679_T|C,22686_C|T,22688_A|G,22775_G|A,22786_A|C,22813_G|T,22882_T|G,22917_T|G,22992_G|A,22995_C|A,23013_A|C,23018_T|G,23055_A|G,23063_A|T,23075_T|C,23403_A|G,23525_C|T,23599_T|G,23604_C|A,23854_C|A,23948_G|T,24424_A|T,24469_T|A,25000_C|T,25584_C|T,26060_C|T,26270_C|T,26529_G|A,26577_C|G,26709_G|A,27807_C|T,28271_A|T,28311_C|T,28881_G|A,28882_G|A,28883_G|C,29510_A|C,11288_11296,21633_21641,21765_21770,28362_28370,29734_29759
USA/FL-CDC-QDX39413360/2022	XAZ	241_C|T,670_T|G,1912_C|T,2232_C|T,2790_C|T,3037_C|T,3317_C|T,3358_T|C,4184_G|A,4321_C|T,4524_C|T,9344_C|T,9424_A|G,9534_C|T,10029_C|T,10198_C|T,10447_G|A,10449_C|A,12025_C|T,12160_G|A,12880_C|T,14408_C|T,15714_C|T,17410_C|T,18163_A|G,19955_C|T,20055_A|G,21618_C|T,21987_G|A,22200_T|G,22578_G|A,22674_C|T,22679_T|C,22686_C|T,22688_A|G,22775_G|A,22786_A|C,22813_G|T,22882_T|G,22917_T|G,22992_G|A,22995_C|A,23013_A|C,23018_T|G,23055_A|G,23063_A|T,23075_T|C,23403_A|G,23525_C|T,23599_T|G,23604_C|A,23854_C|A,23948_G|T,24424_A|T,24469_T|A,25000_C|T,25584_C|T,26060_C|T,26270_C|T,26529_G|A,26577_C|G,26709_G|A,27807_C|T,28271_A|T,28311_C|T,28881_G|A,28882_G|A,28883_G|C,29510_A|C,11288_11296,21633_21641,21765_21770,28362_28370,29734_29759
USA/FL-CDC-QDX39706905/2022	XAZ	241_C|T,670_T|G,1912_C|T,2232_C|T,2790_C|T,3037_C|T,3317_C|T,3358_T|C,4184_G|A,4321_C|T,4524_C|T,9344_C|T,9424_A|G,9534_C|T,10029_C|T,10198_C|T,10447_G|A,10449_C|A,12025_C|T,12160_G|A,12880_C|T,14408_C|T,15714_C|T,17410_C|T,18163_A|G,19955_C|T,20055_A|G,21618_C|T,21987_G|A,22200_T|G,22578_G|A,22674_C|T,22679_T|C,22686_C|T,22688_A|G,22775_G|A,22786_A|C,22813_G|T,22882_T|G,22917_T|G,22992_G|A,22995_C|A,23013_A|C,23018_T|G,23055_A|G,23063_A|T,23075_T|C,23403_A|G,23525_C|T,23599_T|G,23604_C|A,23854_C|A,23948_G|T,24424_A|T,24469_T|A,25000_C|T,25584_C|T,26060_C|T,26270_C|T,26529_G|A,26577_C|G,26709_G|A,27807_C|T,28271_A|T,28311_C|T,28881_G|A,28882_G|A,28883_G|C,29510_A|C,11288_11296,21633_21641,21765_21770,28362_28370,29734_29759
USA/FL-CDC-QDX41381005/2022	XAZ	241_C|T,670_T|G,681_A|G,1912_C|T,2232_C|T,2790_C|T,3037_C|T,3317_C|T,3358_T|C,4184_G|A,4321_C|T,4576_A|T,4579_T|A,9344_C|T,9424_A|G,9534_C|T,10029_C|T,10198_C|T,10447_G|A,10449_C|A,12160_G|A,12880_C|T,14408_C|T,15714_C|T,17410_C|T,18163_A|G,19955_C|T,20055_A|G,21618_C|T,21987_G|A,22200_T|G,22578_G|A,22674_C|T,22679_T|C,22686_C|T,22688_A|G,22775_G|A,22786_A|C,22813_G|T,22882_T|G,22917_T|G,22992_G|A,22995_C|A,23013_A|C,23018_T|G,23055_A|G,23063_A|T,23075_T|C,23403_A|G,23525_C|T,23599_T|G,23604_C|A,23854_C|A,23948_G|T,24424_A|T,24469_T|A,25000_C|T,25584_C|T,26060_C|T,26270_C|T,26529_G|A,26577_C|G,26709_G|A,27807_C|T,28271_A|T,28311_C|T,28881_G|A,28882_G|A,28883_G|C,29499_A|T,29510_A|C,11288_11296,21633_21641,21765_21770,28362_28370,29734_29759
USA/FL-CDC-QDX42767947/2022	XAZ	162_C|T,241_C|T,670_T|G,1566_A|G,1912_C|T,2232_C|T,2790_C|T,3037_C|T,3317_C|T,3358_T|C,4184_G|A,4321_C|T,5692_A|G,9344_C|T,9424_A|G,9534_C|T,10029_C|T,10198_C|T,10447_G|A,10449_C|A,11644_C|T,12160_G|A,12880_C|T,14408_C|T,15714_C|T,16887_C|T,17410_C|T,18163_A|G,18417_T|C,19955_C|T,20055_A|G,20628_C|T,21618_C|T,21987_G|A,22200_T|G,22578_G|A,22674_C|T,22679_T|C,22686_C|T,22688_A|G,22775_G|A,22786_A|C,22813_G|T,22882_T|G,22917_T|G,22992_G|A,22995_C|A,23013_A|C,23018_T|G,23055_A|G,23063_A|T,23075_T|C,23403_A|G,23525_C|T,23589_C|T,23599_T|G,23604_C|A,23854_C|A,23948_G|T,24424_A|T,24469_T|A,25000_C|T,25584_C|T,26060_C|T,26270_C|T,26529_G|A,26537_C|T,26577_C|G,26709_G|A,27807_C|T,28271_A|T,28311_C|T,28881_G|A,28882_G|A,28883_G|C,29510_A|C,11288_11296,21633_21641,21765_21770,28362_28370,29734_29759
USA/FL-CDC-STM-PGPV9CG4T/2022	XAZ	44_C|T,241_C|T,670_T|G,681_A|G,1912_C|T,2232_C|T,2790_C|T,3037_C|T,3317_C|T,3358_T|C,4184_G|A,4321_C|T,9344_C|T,9424_A|G,9534_C|T,10029_C|T,10198_C|T,10447_G|A,10449_C|A,12160_G|A,12880_C|T,14408_C|T,15714_C|T,17410_C|T,18163_A|G,19955_C|T,20055_A|G,21618_C|T,21987_G|A,22200_T|G,22578_G|A,22674_C|T,22679_T|C,22686_C|T,22688_A|G,22775_G|A,22786_A|C,22813_G|T,22882_T|G,22917_T|G,22992_G|A,22995_C|A,23013_A|C,23018_T|G,23055_A|G,23063_A|T,23075_T|C,23403_A|G,23525_C|T,23599_T|G,23604_C|A,23854_C|A,23948_G|T,24424_A|T,24469_T|A,25000_C|T,25584_C|T,26060_C|T,26123_T|C,26270_C|T,26529_G|A,26577_C|G,26709_G|A,27807_C|T,28271_A|T,28311_C|T,28881_G|A,28882_G|A,28883_G|C,29510_A|C,11288_11296,21633_21641,21765_21770,28362_28370,29734_29759
USA/GA-CDC-QDX42511106/2022	XAZ	162_C|T,241_C|T,670_T|G,1912_C|T,2232_C|T,2790_C|T,3037_C|T,3317_C|T,3358_T|C,4184_G|A,4321_C|T,6401_C|T,9344_C|T,9424_A|G,9534_C|T,10029_C|T,10198_C|T,10447_G|A,10449_C|A,12160_G|A,12880_C|T,13605_C|T,14408_C|T,15714_C|T,17410_C|T,18163_A|G,19895_C|T,19955_C|T,20055_A|G,21618_C|T,21987_G|A,22200_T|G,22578_G|A,22674_C|T,22679_T|C,22686_C|T,22688_A|G,22775_G|A,22786_A|C,22813_G|T,22882_T|G,22917_T|G,22992_G|A,22995_C|A,23013_A|C,23018_T|G,23055_A|G,23063_A|T,23075_T|C,23403_A|G,23525_C|T,23599_T|G,23604_C|A,23854_C|A,23948_G|T,24424_A|T,24469_T|A,24933_G|T,25000_C|T,25584_C|T,26060_C|T,26270_C|T,26529_G|A,26577_C|G,26709_G|A,27807_C|T,28271_A|T,28311_C|T,28881_G|A,28882_G|A,28883_G|C,29510_A|C,11288_11296,21633_21641,21765_21770,28362_28370,29734_29759
USA/GA-CDC-QDX43292251/2022	XAZ	162_C|T,241_C|T,670_T|G,1566_A|G,1912_C|T,2232_C|T,2790_C|T,3037_C|T,3317_C|T,3358_T|C,4184_G|A,4321_C|T,9344_C|T,9424_A|G,9534_C|T,10029_C|T,10198_C|T,10447_G|A,10449_C|A,11644_C|T,12160_G|A,12880_C|T,14408_C|T,15714_C|T,15748_T|C,16887_C|T,17410_C|T,18163_A|G,18417_T|C,19955_C|T,20055_A|G,20628_C|T,21618_C|T,21987_G|A,22200_T|G,22578_G|A,22674_C|T,22679_T|C,22686_C|T,22688_A|G,22775_G|A,22786_A|C,22813_G|T,22882_T|G,22917_T|G,22992_G|A,22995_C|A,23013_A|C,23018_T|G,23055_A|G,23063_A|T,23075_T|C,23403_A|G,23525_C|T,23599_T|G,23604_C|A,23854_C|A,23948_G|T,24424_A|T,24469_T|A,25000_C|T,25584_C|T,26060_C|T,26270_C|T,26529_G|A,26577_C|G,26709_G|A,27807_C|T,28271_A|T,28311_C|T,28881_G|A,28882_G|A,28883_G|C,29510_A|C,11288_11296,21633_21641,21765_21770,28362_28370,29734_29759
USA/GA-CDC-STM-F6CUF5D2E/2022	XAZ	44_C|T,241_C|T,670_T|G,1906_T|C,1912_C|T,2232_C|T,2790_C|T,3037_C|T,3317_C|T,3358_T|C,4184_G|A,4321_C|T,4630_T|C,9308_C|T,9344_C|T,9424_A|G,9534_C|T,10029_C|T,10198_C|T,10447_G|A,10449_C|A,12160_G|A,12880_C|T,14408_C|T,15714_C|T,17410_C|T,18163_A|G,19955_C|T,20055_A|G,21618_C|T,21987_G|A,22200_T|G,22578_G|A,22674_C|T,22679_T|C,22686_C|T,22688_A|G,22775_G|A,22786_A|C,22813_G|T,22882_T|G,22917_T|G,22992_G|A,22995_C|A,23013_A|C,23018_T|G,23055_A|G,23063_A|T,23075_T|C,23403_A|G,23525_C|T,23599_T|G,23604_C|A,23854_C|A,23948_G|T,24424_A|T,24469_T|A,25000_C|T,25584_C|T,26060_C|T,26270_C|T,26459_A|G,26529_G|A,26577_C|G,26709_G|A,27577_C|T,27741_C|T,27807_C|T,28271_A|T,28311_C|T,28881_G|A,28882_G|A,28883_G|C,29510_A|C,509_523,11288_11296,21633_21641,21765_21770,28362_28370,29734_29759
USA/GA-CDC-STM-VRNVZ9QCC/2022	XAZ	44_C|T,241_C|T,670_T|G,1906_T|C,1912_C|T,2232_C|T,2790_C|T,3037_C|T,3317_C|T,3358_T|C,4184_G|A,4321_C|T,4630_T|C,9308_C|T,9344_C|T,9424_A|G,9534_C|T,10029_C|T,10198_C|T,10447_G|A,10449_C|A,12160_G|A,12880_C|T,14408_C|T,15714_C|T,17410_C|T,18163_A|G,19955_C|T,20055_A|G,21618_C|T,21987_G|A,22200_T|G,22578_G|A,22674_C|T,22679_T|C,22686_C|T,22688_A|G,22775_G|A,22786_A|C,22813_G|T,22882_T|G,22917_T|G,22992_G|A,22995_C|A,23013_A|C,23018_T|G,23055_A|G,23063_A|T,23075_T|C,23403_A|G,23525_C|T,23599_T|G,23604_C|A,23854_C|A,23948_G|T,24424_A|T,24469_T|A,25000_C|T,25584_C|T,26060_C|T,26270_C|T,26459_A|G,26529_G|A,26577_C|G,26709_G|A,27577_C|T,27741_C|T,27807_C|T,28271_A|T,28311_C|T,28881_G|A,28882_G|A,28883_G|C,29510_A|C,509_523,11288_11296,21633_21641,21765_21770,28362_28370,29734_29759
USA/ID-CDC-2-6821967/2022	XAZ	162_C|T,241_C|T,670_T|G,1566_A|G,1912_C|T,2232_C|T,2790_C|T,3037_C|T,3317_C|T,3358_T|C,4184_G|A,4321_C|T,9344_C|T,9424_A|G,9454_T|C,9534_C|T,10029_C|T,10198_C|T,10447_G|A,10449_C|A,11644_C|T,12160_G|A,12880_C|T,14408_C|T,15714_C|T,16887_C|T,17410_C|T,18163_A|G,18417_T|C,19955_C|T,20055_A|G,20628_C|T,21618_C|T,21987_G|A,22200_T|G,22578_G|A,22674_C|T,22679_T|C,22686_C|T,22688_A|G,22775_G|A,22786_A|C,22813_G|T,22882_T|G,22917_T|G,22992_G|A,22995_C|A,23013_A|C,23018_T|G,23055_A|G,23063_A|T,23075_T|C,23403_A|G,23525_C|T,23599_T|G,23604_C|A,23854_C|A,23948_G|T,24424_A|T,24469_T|A,25000_C|T,25584_C|T,26060_C|T,26270_C|T,26529_G|A,26577_C|G,26709_G|A,27807_C|T,28271_A|T,28311_C|T,28881_G|A,28882_G|A,28883_G|C,29510_A|C,11288_11296,21633_21641,21765_21770,28362_28370,29734_29759
USA/IL-CDC-QDX41282880/2022	XAZ	241_C|T,670_T|G,1912_C|T,2232_C|T,2790_C|T,3037_C|T,3317_C|T,3358_T|C,4184_G|A,4321_C|T,4518_A|G,5312_C|T,9344_C|T,9424_A|G,9534_C|T,10029_C|T,10198_C|T,10447_G|A,10449_C|A,12160_G|A,12880_C|T,14408_C|T,15714_C|T,15738_C|T,17410_C|T,18163_A|G,19955_C|T,20055_A|G,21618_C|T,21987_G|A,22200_T|G,22578_G|A,22674_C|T,22679_T|C,22686_C|T,22688_A|G,22775_G|A,22786_A|C,22813_G|T,22882_T|G,22917_T|G,22992_G|A,22995_C|A,23013_A|C,23018_T|G,23055_A|G,23063_A|T,23075_T|C,23403_A|G,23525_C|T,23599_T|G,23604_C|A,23854_C|A,23948_G|T,24424_A|T,24469_T|A,25000_C|T,25584_C|T,26060_C|T,26270_C|T,26529_G|A,26573_T|C,26577_C|G,26709_G|A,27807_C|T,28271_A|T,28311_C|T,28881_G|A,28882_G|A,28883_G|C,29510_A|C,11288_11296,21633_21641,21765_21770,28362_28370,29734_29759
USA/IL-CDC-QDX41498208/2022	XAZ	241_C|T,670_T|G,1912_C|T,2232_C|T,2790_C|T,3037_C|T,3317_C|T,3358_T|C,4184_G|A,4321_C|T,4518_A|G,5312_C|T,9344_C|T,9424_A|G,9534_C|T,10029_C|T,10198_C|T,10447_G|A,10449_C|A,12160_G|A,12880_C|T,14408_C|T,15714_C|T,15738_C|T,17410_C|T,18163_A|G,19955_C|T,20055_A|G,21618_C|T,21987_G|A,22200_T|G,22578_G|A,22674_C|T,22679_T|C,22686_C|T,22688_A|G,22775_G|A,22786_A|C,22813_G|T,22882_T|G,22917_T|G,22992_G|A,22995_C|A,23013_A|C,23018_T|G,23055_A|G,23063_A|T,23075_T|C,23403_A|G,23525_C|T,23599_T|G,23604_C|A,23854_C|A,23948_G|T,24424_A|T,24469_T|A,25000_C|T,25584_C|T,26060_C|T,26270_C|T,26529_G|A,26573_T|C,26577_C|G,26709_G|A,27807_C|T,28271_A|T,28311_C|T,28881_G|A,28882_G|A,28883_G|C,29510_A|C,11288_11296,21633_21641,21765_21770,28362_28370,29734_29759
USA/IL-CDC-STM-BUH2T239F/2022	XAZ	2_T|C,44_C|T,162_C|T,241_C|T,670_T|G,1912_C|T,2232_C|T,2371_C|T,2455_C|T,2790_C|T,3037_C|T,3317_C|T,3358_T|C,4184_G|A,4321_C|T,6095_T|C,9344_C|T,9424_A|G,9534_C|T,10029_C|T,10198_C|T,10447_G|A,10449_C|A,12160_G|A,12880_C|T,14408_C|T,15714_C|T,17410_C|T,18163_A|G,19955_C|T,20055_A|G,20569_G|A,21618_C|T,21987_G|A,22200_T|G,22578_G|A,22674_C|T,22679_T|C,22686_C|T,22688_A|G,22775_G|A,22786_A|C,22813_G|T,22882_T|G,22917_T|G,22992_G|A,22995_C|A,23013_A|C,23018_T|G,23055_A|G,23063_A|T,23075_T|C,23403_A|G,23525_C|T,23599_T|G,23604_C|A,23854_C|A,23948_G|T,24424_A|T,24469_T|A,25000_C|T,25584_C|T,26060_C|T,26270_C|T,26408_C|T,26529_G|A,26577_C|G,26709_G|A,27807_C|T,28271_A|T,28311_C|T,28516_T|C,28881_G|A,28882_G|A,28883_G|C,29510_A|C,79,11288_11296,21633_21641,21765_21770,28362_28370,29734_29759
USA/IL-CDC-STM-CFVY7KWH8/2022	XAZ	44_C|T,241_C|T,670_T|G,1912_C|T,2232_C|T,2790_C|T,3037_C|T,3317_C|T,3358_T|C,4184_G|A,4321_C|T,4518_A|G,5312_C|T,8299_C|T,9344_C|T,9424_A|G,9534_C|T,10029_C|T,10198_C|T,10447_G|A,10449_C|A,12160_G|A,12880_C|T,14408_C|T,15714_C|T,15738_C|T,17410_C|T,18163_A|G,19955_C|T,20055_A|G,21618_C|T,21987_G|A,22200_T|G,22578_G|A,22674_C|T,22679_T|C,22686_C|T,22688_A|G,22775_G|A,22786_A|C,22813_G|T,22882_T|G,22917_T|G,22992_G|A,22995_C|A,23013_A|C,23018_T|G,23055_A|G,23063_A|T,23075_T|C,23403_A|G,23525_C|T,23599_T|G,23604_C|A,23854_C|A,23948_G|T,24424_A|T,24469_T|A,25000_C|T,25584_C|T,26060_C|T,26270_C|T,26529_G|A,26573_T|C,26577_C|G,26709_G|A,27807_C|T,28271_A|T,28311_C|T,28881_G|A,28882_G|A,28883_G|C,29510_A|C,11288_11296,21633_21641,21765_21770,28362_28370,29734_29759
USA/JW8242/2022	XAZ	241_C|T,670_T|G,1906_T|C,1912_C|T,2790_C|T,3037_C|T,3317_C|T,3358_T|C,4184_G|A,4321_C|T,9344_C|T,9424_A|G,9534_C|T,10029_C|T,10198_C|T,10447_G|A,10449_C|A,12160_G|A,12880_C|T,14408_C|T,15714_C|T,17410_C|T,18163_A|G,19955_C|T,20055_A|G,21618_C|T,21987_G|A,22200_T|G,22578_G|A,22674_C|T,22679_T|C,22686_C|T,22688_A|G,22775_G|A,22786_A|C,22813_G|T,22882_T|G,22917_T|G,22992_G|A,22995_C|A,23013_A|C,23018_T|G,23055_A|G,23063_A|T,23075_T|C,23403_A|G,23525_C|T,23599_T|G,23604_C|A,23854_C|A,23948_G|T,24424_A|T,24469_T|A,25000_C|T,25584_C|T,26060_C|T,26270_C|T,26529_G|A,26577_C|G,26709_G|A,27807_C|T,28271_A|T,28311_C|T,28877_A|T,28878_G|C,28881_G|A,28882_G|A,28883_G|C,29510_A|C,11288_11296,21633_21641,21765_21770,28362_28370,29734_29759
USA/JW8246/2022	XAZ	241_C|T,670_T|G,1906_T|C,1912_C|T,2790_C|T,3037_C|T,3317_C|T,3358_T|C,4184_G|A,4321_C|T,9344_C|T,9424_A|G,9534_C|T,10029_C|T,10198_C|T,10447_G|A,10449_C|A,12160_G|A,12880_C|T,14408_C|T,15714_C|T,17410_C|T,18163_A|G,19955_C|T,20055_A|G,21618_C|T,21987_G|A,22200_T|G,22578_G|A,22674_C|T,22679_T|C,22686_C|T,22688_A|G,22775_G|A,22786_A|C,22813_G|T,22882_T|G,22917_T|G,22992_G|A,22995_C|A,23013_A|C,23018_T|G,23055_A|G,23063_A|T,23075_T|C,23403_A|G,23525_C|T,23599_T|G,23604_C|A,23854_C|A,23948_G|T,24424_A|T,24469_T|A,25000_C|T,25584_C|T,26060_C|T,26270_C|T,26529_G|A,26577_C|G,26709_G|A,27807_C|T,28271_A|T,28311_C|T,28877_A|T,28878_G|C,28881_G|A,28882_G|A,28883_G|C,29510_A|C,11288_11296,21633_21641,21765_21770,28362_28370,29734_29759
USA/JW8261/2022	XAZ	241_C|T,670_T|G,1906_T|C,1912_C|T,2790_C|T,3037_C|T,3317_C|T,3358_T|C,4184_G|A,4321_C|T,9344_C|T,9424_A|G,9534_C|T,10029_C|T,10198_C|T,10447_G|A,10449_C|A,12160_G|A,12880_C|T,14408_C|T,15714_C|T,17410_C|T,18163_A|G,19955_C|T,20055_A|G,21618_C|T,21987_G|A,22200_T|G,22578_G|A,22674_C|T,22679_T|C,22686_C|T,22688_A|G,22775_G|A,22786_A|C,22813_G|T,22882_T|G,22917_T|G,22992_G|A,22995_C|A,23013_A|C,23018_T|G,23055_A|G,23063_A|T,23075_T|C,23403_A|G,23525_C|T,23599_T|G,23604_C|A,23854_C|A,23948_G|T,24424_A|T,24469_T|A,25000_C|T,25584_C|T,26060_C|T,26270_C|T,26529_G|A,26577_C|G,26709_G|A,27807_C|T,28271_A|T,28311_C|T,28877_A|T,28878_G|C,28881_G|A,28882_G|A,28883_G|C,29510_A|C,11288_11296,21633_21641,21765_21770,28362_28370,29734_29759
USA/KY-CDC-LC0734978/2022	XAZ	241_C|T,670_T|G,1912_C|T,2232_C|T,2790_C|T,3037_C|T,3317_C|T,3358_T|C,4184_G|A,4321_C|T,9344_C|T,9424_A|G,9534_C|T,10029_C|T,10198_C|T,10447_G|A,10449_C|A,10714_C|T,12160_G|A,12880_C|T,14408_C|T,15714_C|T,17410_C|T,18163_A|G,19955_C|T,20055_A|G,21618_C|T,21807_C|T,21987_G|A,22200_T|G,22578_G|A,22674_C|T,22679_T|C,22686_C|T,22688_A|G,22775_G|A,22786_A|C,22813_G|T,22882_T|G,22917_T|G,22992_G|A,22995_C|A,23013_A|C,23018_T|G,23055_A|G,23063_A|T,23075_T|C,23403_A|G,23525_C|T,23599_T|G,23604_C|A,23854_C|A,23948_G|T,24424_A|T,24469_T|A,25000_C|T,25584_C|T,26060_C|T,26270_C|T,26529_G|A,26577_C|G,26709_G|A,27807_C|T,28271_A|T,28311_C|T,28881_G|A,28882_G|A,28883_G|C,29510_A|C,11288_11296,21633_21641,21765_21770,28362_28370,29734_29759
USA/MD-CDC-LC0894916/2022	XAZ	44_C|T,241_C|T,670_T|G,681_A|G,1912_C|T,2232_C|T,2790_C|T,3037_C|T,3317_C|T,3358_T|C,4184_G|A,4321_C|T,5159_T|G,9344_C|T,9424_A|G,9534_C|T,10029_C|T,10198_C|T,10447_G|A,10449_C|A,12160_G|A,12880_C|T,14408_C|T,15714_C|T,17410_C|T,18163_A|G,19955_C|T,20055_A|G,21618_C|T,21691_C|T,21987_G|A,22200_T|G,22578_G|A,22674_C|T,22679_T|C,22686_C|T,22688_A|G,22775_G|A,22786_A|C,22813_G|T,22882_T|G,22917_T|G,22992_G|A,22995_C|A,23013_A|C,23018_T|G,23055_A|G,23063_A|T,23075_T|C,23403_A|G,23525_C|T,23599_T|G,23604_C|A,23854_C|A,23948_G|T,24424_A|T,24469_T|A,25000_C|T,25584_C|T,26060_C|T,26270_C|T,26529_G|A,26577_C|G,26709_G|A,27807_C|T,28271_A|T,28311_C|T,28881_G|A,28882_G|A,28883_G|C,29510_A|C,29781_G|T,509_523,11288_11296,21633_21641,21765_21770,28362_28370,29734_29759
USA/MD-CDC-QDX41029701/2022	XAZ	222_C|T,241_C|T,670_T|G,681_A|G,1912_C|T,2232_C|T,2790_C|T,3037_C|T,3317_C|T,3358_T|C,4184_G|A,4321_C|T,9344_C|T,9424_A|G,9534_C|T,10029_C|T,10198_C|T,10447_G|A,10449_C|A,12160_G|A,12880_C|T,14408_C|T,15714_C|T,16111_C|T,17410_C|T,18163_A|G,19419_G|T,19955_C|T,20055_A|G,21618_C|T,21987_G|A,22200_T|G,22578_G|A,22674_C|T,22679_T|C,22686_C|T,22688_A|G,22775_G|A,22786_A|C,22813_G|T,22882_T|G,22917_T|G,22992_G|A,22995_C|A,23013_A|C,23018_T|G,23055_A|G,23063_A|T,23075_T|C,23403_A|G,23525_C|T,23599_T|G,23604_C|A,23854_C|A,23948_G|T,24424_A|T,24469_T|A,25000_C|T,25584_C|T,26060_C|T,26270_C|T,26529_G|A,26577_C|G,26709_G|A,27807_C|T,28271_A|T,28311_C|T,28881_G|A,28882_G|A,28883_G|C,29510_A|C,11288_11296,21633_21641,21765_21770,28362_28370,29734_29759
USA/MI-CDC-QDX39613317/2022	XAZ	162_C|T,241_C|T,670_T|G,1912_C|T,2232_C|T,2790_C|T,3037_C|T,3317_C|T,3358_T|C,4184_G|A,4321_C|T,9344_C|T,9424_A|G,9534_C|T,9565_C|T,10029_C|T,10198_C|T,10447_G|A,10449_C|A,12160_G|A,12880_C|T,13812_G|T,14408_C|T,15714_C|T,17410_C|T,18163_A|G,19955_C|T,20055_A|G,21618_C|T,21987_G|A,22200_T|G,22578_G|A,22674_C|T,22679_T|C,22686_C|T,22688_A|G,22775_G|A,22786_A|C,22813_G|T,22882_T|G,22917_T|G,22992_G|A,22995_C|A,23013_A|C,23018_T|G,23055_A|G,23063_A|T,23075_T|C,23403_A|G,23525_C|T,23599_T|G,23604_C|A,23854_C|A,23948_G|T,24424_A|T,24469_T|A,25000_C|T,25584_C|T,26060_C|T,26270_C|T,26529_G|A,26577_C|G,26709_G|A,27807_C|T,28271_A|T,28311_C|T,28881_G|A,28882_G|A,28883_G|C,29510_A|C,11288_11296,21633_21641,21765_21770,28362_28370,29734_29759
USA/MI-CDC-QDX39613396/2022	XAZ	162_C|T,241_C|T,670_T|G,794_C|T,1912_C|T,2232_C|T,2790_C|T,3037_C|T,3317_C|T,3358_T|C,4184_G|A,4321_C|T,9344_C|T,9424_A|G,9534_C|T,9565_C|T,10029_C|T,10198_C|T,10447_G|A,10449_C|A,12160_G|A,12880_C|T,14408_C|T,15714_C|T,17410_C|T,18163_A|G,19955_C|T,20055_A|G,21618_C|T,21987_G|A,22200_T|G,22578_G|A,22674_C|T,22679_T|C,22686_C|T,22688_A|G,22775_G|A,22786_A|C,22813_G|T,22882_T|G,22917_T|G,22992_G|A,22995_C|A,23013_A|C,23018_T|G,23055_A|G,23063_A|T,23075_T|C,23403_A|G,23525_C|T,23599_T|G,23604_C|A,23854_C|A,23948_G|T,24424_A|T,24469_T|A,25000_C|T,25584_C|T,26060_C|T,26270_C|T,26529_G|A,26577_C|G,26709_G|A,27807_C|T,28271_A|T,28311_C|T,28881_G|A,28882_G|A,28883_G|C,29510_A|C,11288_11296,21633_21641,21765_21770,28362_28370,29734_29759
USA/MI-CDC-QDX40522243/2022	XAZ	241_C|T,670_T|G,1906_T|C,1912_C|T,2232_C|T,2790_C|T,3037_C|T,3317_C|T,3358_T|C,4184_G|A,4321_C|T,9344_C|T,9424_A|G,9534_C|T,10029_C|T,10198_C|T,10447_G|A,10449_C|A,12160_G|A,12880_C|T,14408_C|T,15714_C|T,17410_C|T,18163_A|G,19955_C|T,20055_A|G,21618_C|T,21987_G|A,22200_T|G,22578_G|A,22674_C|T,22679_T|C,22686_C|T,22688_A|G,22775_G|A,22786_A|C,22813_G|T,22882_T|G,22917_T|G,22992_G|A,22995_C|A,23013_A|C,23018_T|G,23055_A|G,23063_A|T,23075_T|C,23403_A|G,23525_C|T,23599_T|G,23604_C|A,23854_C|A,23948_G|T,24410_G|A,24424_A|T,24469_T|A,25000_C|T,25584_C|T,26060_C|T,26270_C|T,26529_G|A,26577_C|G,26709_G|A,27807_C|T,28271_A|T,28311_C|T,28881_G|A,28882_G|A,28883_G|C,29510_A|C,11288_11296,21633_21641,21765_21770,28362_28370,29734_29759
USA/MI-CDC-QDX40522255/2022	XAZ	162_C|T,241_C|T,670_T|G,1912_C|T,2232_C|T,2790_C|T,3037_C|T,3317_C|T,3358_T|C,4184_G|A,4321_C|T,9344_C|T,9424_A|G,9534_C|T,9565_C|T,10029_C|T,10198_C|T,10447_G|A,10449_C|A,12160_G|A,12880_C|T,14408_C|T,15714_C|T,17410_C|T,18163_A|G,19955_C|T,20055_A|G,21618_C|T,21987_G|A,22200_T|G,22323_C|T,22578_G|A,22674_C|T,22679_T|C,22686_C|T,22688_A|G,22775_G|A,22786_A|C,22813_G|T,22882_T|G,22917_T|G,22992_G|A,22995_C|A,23013_A|C,23018_T|G,23055_A|G,23063_A|T,23075_T|C,23403_A|G,23525_C|T,23599_T|G,23604_C|A,23854_C|A,23948_G|T,24424_A|T,24469_T|A,25000_C|T,25584_C|T,26060_C|T,26270_C|T,26529_G|A,26577_C|G,26709_G|A,27807_C|T,28271_A|T,28311_C|T,28881_G|A,28882_G|A,28883_G|C,29510_A|C,11288_11296,21633_21641,21765_21770,28362_28370,29734_29759
USA/MI-CDC-QDX41544517/2022	XAZ	241_C|T,670_T|G,1906_T|C,1912_C|T,2232_C|T,2790_C|T,3037_C|T,3317_C|T,3358_T|C,4184_G|A,4321_C|T,9344_C|T,9424_A|G,9534_C|T,10029_C|T,10198_C|T,10447_G|A,10449_C|A,12160_G|A,12880_C|T,14408_C|T,15714_C|T,17410_C|T,18163_A|G,19955_C|T,20055_A|G,21618_C|T,21987_G|A,22200_T|G,22578_G|A,22674_C|T,22679_T|C,22686_C|T,22688_A|G,22775_G|A,22786_A|C,22813_G|T,22882_T|G,22917_T|G,22992_G|A,22995_C|A,23013_A|C,23018_T|G,23055_A|G,23063_A|T,23075_T|C,23403_A|G,23525_C|T,23599_T|G,23604_C|A,23854_C|A,23948_G|T,24410_G|A,24424_A|T,24469_T|A,25000_C|T,25584_C|T,26060_C|T,26270_C|T,26529_G|A,26577_C|G,26709_G|A,27807_C|T,28271_A|T,28311_C|T,28881_G|A,28882_G|A,28883_G|C,29510_A|C,11288_11296,21633_21641,21765_21770,28362_28370,29734_29759
USA/MI-CDC-STM-8J7EBTDZZ/2022	XAZ	44_C|T,241_C|T,670_T|G,1906_T|C,1912_C|T,2232_C|T,2790_C|T,3037_C|T,3317_C|T,3358_T|C,4184_G|A,4321_C|T,9344_C|T,9424_A|G,9534_C|T,10029_C|T,10198_C|T,10447_G|A,10449_C|A,12160_G|A,12880_C|T,14408_C|T,15714_C|T,17410_C|T,18163_A|G,19955_C|T,20055_A|G,21618_C|T,21987_G|A,22200_T|G,22578_G|A,22674_C|T,22679_T|C,22686_C|T,22688_A|G,22775_G|A,22786_A|C,22813_G|T,22882_T|G,22917_T|G,22992_G|A,22995_C|A,23013_A|C,23018_T|G,23055_A|G,23063_A|T,23075_T|C,23403_A|G,23525_C|T,23599_T|G,23604_C|A,23854_C|A,23948_G|T,24424_A|T,24469_T|A,25000_C|T,25584_C|T,26060_C|T,26270_C|T,26459_A|G,26529_G|A,26577_C|G,26709_G|A,27741_C|T,27807_C|T,28271_A|T,28311_C|T,28881_G|A,28882_G|A,28883_G|C,29510_A|C,11288_11296,21633_21641,21765_21770,28362_28370,29734_29759
USA/MI-CDC-STM-C9CNFHJV6/2022	XAZ	44_C|T,241_C|T,670_T|G,1906_T|C,1912_C|T,2232_C|T,2790_C|T,3037_C|T,3317_C|T,3358_T|C,4184_G|A,4321_C|T,9344_C|T,9424_A|G,9534_C|T,10029_C|T,10198_C|T,10447_G|A,10449_C|A,12160_G|A,12880_C|T,14408_C|T,15714_C|T,17410_C|T,18163_A|G,19955_C|T,20055_A|G,21618_C|T,21987_G|A,22200_T|G,22578_G|A,22674_C|T,22679_T|C,22686_C|T,22688_A|G,22775_G|A,22786_A|C,22813_G|T,22882_T|G,22917_T|G,22992_G|A,22995_C|A,23013_A|C,23018_T|G,23055_A|G,23063_A|T,23075_T|C,23403_A|G,23525_C|T,23599_T|G,23604_C|A,23854_C|A,23948_G|T,24424_A|T,24469_T|A,25000_C|T,25584_C|T,26060_C|T,26270_C|T,26459_A|G,26529_G|A,26577_C|G,26709_G|A,27741_C|T,27807_C|T,28271_A|T,28311_C|T,28881_G|A,28882_G|A,28883_G|C,29510_A|C,11288_11296,21633_21641,21765_21770,28362_28370,29734_29759
USA/MI-CDC-STM-Q6WXW8C9T/2022	XAZ	44_C|T,241_C|T,670_T|G,970_G|T,1906_T|C,1912_C|T,2232_C|T,2790_C|T,3037_C|T,3317_C|T,3358_T|C,4184_G|A,4321_C|T,9344_C|T,9424_A|G,9534_C|T,10029_C|T,10198_C|T,10447_G|A,10449_C|A,12160_G|A,12880_C|T,14408_C|T,15714_C|T,17410_C|T,18163_A|G,19955_C|T,20055_A|G,21618_C|T,21987_G|A,22200_T|G,22578_G|A,22674_C|T,22679_T|C,22686_C|T,22688_A|G,22775_G|A,22786_A|C,22813_G|T,22882_T|G,22917_T|G,22992_G|A,22995_C|A,23013_A|C,23018_T|G,23055_A|G,23063_A|T,23075_T|C,23403_A|G,23525_C|T,23599_T|G,23604_C|A,23854_C|A,23948_G|T,24410_G|A,24424_A|T,24469_T|A,25000_C|T,25416_C|T,25584_C|T,26060_C|T,26270_C|T,26529_G|A,26577_C|G,26709_G|A,27807_C|T,28271_A|T,28311_C|T,28881_G|A,28882_G|A,28883_G|C,29510_A|C,11288_11296,21633_21641,21765_21770,28362_28370,29734_29759
USA/MI-CDC-STM-TAUHMS3CJ/2022	XAZ	44_C|T,241_C|T,670_T|G,1906_T|C,1912_C|T,2232_C|T,2790_C|T,3037_C|T,3317_C|T,3358_T|C,4184_G|A,4321_C|T,9344_C|T,9424_A|G,9534_C|T,10029_C|T,10198_C|T,10447_G|A,10449_C|A,12160_G|A,12880_C|T,14408_C|T,15714_C|T,17410_C|T,18163_A|G,19955_C|T,20055_A|G,21618_C|T,21987_G|A,22200_T|G,22578_G|A,22674_C|T,22679_T|C,22686_C|T,22688_A|G,22775_G|A,22786_A|C,22813_G|T,22882_T|G,22917_T|G,22992_G|A,22995_C|A,23013_A|C,23018_T|G,23055_A|G,23063_A|T,23075_T|C,23403_A|G,23525_C|T,23599_T|G,23604_C|A,23854_C|A,23948_G|T,24424_A|T,24469_T|A,25000_C|T,25584_C|T,26060_C|T,26270_C|T,26459_A|G,26529_G|A,26577_C|G,26709_G|A,27741_C|T,27807_C|T,28271_A|T,28311_C|T,28881_G|A,28882_G|A,28883_G|C,29510_A|C,11288_11296,21633_21641,21765_21770,28362_28370,29734_29759
USA/MN-CDC-QDX39324589/2022	XAZ	241_C|T,670_T|G,1912_C|T,2232_C|T,2790_C|T,3037_C|T,3317_C|T,3358_T|C,4184_G|A,4321_C|T,5678_G|A,9344_C|T,9424_A|G,9534_C|T,10029_C|T,10198_C|T,10447_G|A,10449_C|A,10714_C|T,12160_G|A,12880_C|T,14408_C|T,15714_C|T,17410_C|T,18163_A|G,19955_C|T,20055_A|G,21618_C|T,21807_C|T,21987_G|A,22200_T|G,22578_G|A,22674_C|T,22679_T|C,22686_C|T,22688_A|G,22775_G|A,22786_A|C,22813_G|T,22882_T|G,22917_T|G,22992_G|A,22995_C|A,23013_A|C,23018_T|G,23055_A|G,23063_A|T,23075_T|C,23403_A|G,23525_C|T,23599_T|G,23604_C|A,23854_C|A,23948_G|T,24424_A|T,24469_T|A,25000_C|T,25584_C|T,26060_C|T,26270_C|T,26529_G|A,26577_C|G,26709_G|A,27807_C|T,28271_A|T,28311_C|T,28881_G|A,28882_G|A,28883_G|C,29510_A|C,11288_11296,21633_21641,21765_21770,28362_28370,29734_29759
USA/MO-CDC-QDX41380831/2022	XAZ	241_C|T,670_T|G,1906_T|C,1912_C|T,2232_C|T,2790_C|T,3037_C|T,3317_C|T,3358_T|C,4184_G|A,4321_C|T,9308_C|T,9344_C|T,9424_A|G,9534_C|T,10029_C|T,10198_C|T,10447_G|A,10449_C|A,12160_G|A,12880_C|T,14408_C|T,15714_C|T,17410_C|T,18163_A|G,19955_C|T,20055_A|G,21618_C|T,21987_G|A,22200_T|G,22578_G|A,22674_C|T,22679_T|C,22686_C|T,22688_A|G,22775_G|A,22786_A|C,22813_G|T,22882_T|G,22917_T|G,22992_G|A,22995_C|A,23013_A|C,23018_T|G,23055_A|G,23063_A|T,23075_T|C,23403_A|G,23525_C|T,23599_T|G,23604_C|A,23854_C|A,23948_G|T,24424_A|T,24469_T|A,25000_C|T,25584_C|T,26060_C|T,26270_C|T,26459_A|G,26529_G|A,26577_C|G,26709_G|A,27427_C|A,27577_C|T,27741_C|T,27807_C|T,28271_A|T,28311_C|T,28881_G|A,28882_G|A,28883_G|C,29510_A|C,11288_11296,21633_21641,21765_21770,28362_28370,29734_29759
USA/MT-CDC-LC0823034/2022	XAZ	44_C|T,241_C|T,670_T|G,681_A|G,1912_C|T,2232_C|T,2790_C|T,3037_C|T,3317_C|T,3358_T|C,4184_G|A,4321_C|T,4576_A|T,4579_T|A,9344_C|T,9424_A|G,9534_C|T,10029_C|T,10198_C|T,10447_G|A,10449_C|A,12160_G|A,12880_C|T,14408_C|T,15714_C|T,17410_C|T,18163_A|G,19955_C|T,20055_A|G,21618_C|T,21987_G|A,22200_T|G,22578_G|A,22674_C|T,22679_T|C,22686_C|T,22688_A|G,22775_G|A,22786_A|C,22813_G|T,22882_T|G,22917_T|G,22992_G|A,22995_C|A,23013_A|C,23018_T|G,23055_A|G,23063_A|T,23075_T|C,23403_A|G,23525_C|T,23599_T|G,23604_C|A,23854_C|A,23948_G|T,24424_A|T,24469_T|A,25000_C|T,25584_C|T,26060_C|T,26270_C|T,26529_G|A,26577_C|G,26709_G|A,27807_C|T,28271_A|T,28311_C|T,28881_G|A,28882_G|A,28883_G|C,29510_A|C,11288_11296,21633_21641,21765_21770,28362_28370,29734_29759
USA/NC-CDC-LC0878440/2022	XAZ	241_C|T,670_T|G,1906_T|C,1912_C|T,2232_C|T,2790_C|T,3037_C|T,3317_C|T,3358_T|C,4184_G|A,4321_C|T,9344_C|T,9424_A|G,9534_C|T,10029_C|T,10198_C|T,10447_G|A,10449_C|A,12160_G|A,12880_C|T,14408_C|T,15714_C|T,17410_C|T,18163_A|G,19955_C|T,20055_A|G,21618_C|T,21987_G|A,22200_T|G,22578_G|A,22674_C|T,22679_T|C,22686_C|T,22688_A|G,22775_G|A,22786_A|C,22813_G|T,22882_T|G,22917_T|G,22992_G|A,22995_C|A,23013_A|C,23018_T|G,23055_A|G,23063_A|T,23075_T|C,23403_A|G,23525_C|T,23599_T|G,23604_C|A,23854_C|A,23948_G|T,24424_A|T,24469_T|A,25000_C|T,25584_C|T,26060_C|T,26270_C|T,26529_G|A,26577_C|G,26709_G|A,27741_C|T,27807_C|T,28271_A|T,28311_C|T,28881_G|A,28882_G|A,28883_G|C,29510_A|C,11288_11296,21633_21641,21765_21770,28362_28370,29734_29759
USA/NC-CDC-LC0885270/2022	XAZ	44_C|T,162_C|T,241_C|T,670_T|G,1912_C|T,2232_C|T,2790_C|T,3037_C|T,3317_C|T,3358_T|C,4184_G|A,4321_C|T,6401_C|T,9344_C|T,9424_A|G,9534_C|T,10029_C|T,10198_C|T,10447_G|A,10449_C|A,12160_G|A,12880_C|T,13605_C|T,14408_C|T,15714_C|T,17410_C|T,18163_A|G,19955_C|T,20055_A|G,21618_C|T,21987_G|A,22200_T|G,22578_G|A,22674_C|T,22679_T|C,22686_C|T,22688_A|G,22775_G|A,22786_A|C,22813_G|T,22882_T|G,22917_T|G,22992_G|A,22995_C|A,23013_A|C,23018_T|G,23055_A|G,23063_A|T,23075_T|C,23403_A|G,23525_C|T,23599_T|G,23604_C|A,23854_C|A,23948_G|T,24424_A|T,24469_T|A,25000_C|T,25584_C|T,26060_C|T,26270_C|T,26529_G|A,26577_C|G,26709_G|A,27807_C|T,28271_A|T,28311_C|T,28881_G|A,28882_G|A,28883_G|C,29510_A|C,11288_11296,21633_21641,21765_21770,28362_28370,29734_29759
USA/NC-CDC-LC0888761/2022	XAZ	162_C|T,241_C|T,670_T|G,1912_C|T,2232_C|T,2790_C|T,3037_C|T,3317_C|T,3358_T|C,4184_G|A,4321_C|T,6401_C|T,9344_C|T,9424_A|G,9534_C|T,10029_C|T,10198_C|T,10447_G|A,10449_C|A,12160_G|A,12880_C|T,13605_C|T,14408_C|T,15714_C|T,17410_C|T,18163_A|G,19955_C|T,20055_A|G,21618_C|T,21987_G|A,22200_T|G,22578_G|A,22674_C|T,22679_T|C,22686_C|T,22688_A|G,22775_G|A,22786_A|C,22813_G|T,22882_T|G,22917_T|G,22992_G|A,22995_C|A,23013_A|C,23018_T|G,23055_A|G,23063_A|T,23075_T|C,23403_A|G,23525_C|T,23599_T|G,23604_C|A,23854_C|A,23948_G|T,24424_A|T,24469_T|A,25000_C|T,25584_C|T,26060_C|T,26270_C|T,26529_G|A,26577_C|G,26709_G|A,27807_C|T,28271_A|T,28311_C|T,28881_G|A,28882_G|A,28883_G|C,29510_A|C,11288_11296,21633_21641,21765_21770,28362_28370,29734_29759
USA/NC-CDC-LC0892779/2022	XAZ	44_C|T,162_C|T,241_C|T,670_T|G,1912_C|T,2232_C|T,2790_C|T,3037_C|T,3317_C|T,3358_T|C,4184_G|A,4321_C|T,6401_C|T,9344_C|T,9424_A|G,9534_C|T,10029_C|T,10198_C|T,10447_G|A,10449_C|A,12160_G|A,12880_C|T,13605_C|T,14408_C|T,15714_C|T,17410_C|T,18163_A|G,19955_C|T,20055_A|G,21618_C|T,21987_G|A,22200_T|G,22578_G|A,22674_C|T,22679_T|C,22686_C|T,22688_A|G,22775_G|A,22786_A|C,22813_G|T,22882_T|G,22917_T|G,22992_G|A,22995_C|A,23013_A|C,23018_T|G,23055_A|G,23063_A|T,23075_T|C,23403_A|G,23525_C|T,23599_T|G,23604_C|A,23854_C|A,23948_G|T,24424_A|T,24469_T|A,25000_C|T,25584_C|T,26060_C|T,26270_C|T,26529_G|A,26577_C|G,26709_G|A,27807_C|T,28271_A|T,28311_C|T,28881_G|A,28882_G|A,28883_G|C,29510_A|C,11288_11296,21633_21641,21765_21770,28362_28370,29734_29759
USA/NC-CDC-LC0909100/2022	XAZ	241_C|T,659_G|A,670_T|G,1906_T|C,1912_C|T,2232_C|T,2790_C|T,3037_C|T,3317_C|T,3358_T|C,4184_G|A,4321_C|T,9344_C|T,9424_A|G,9534_C|T,10029_C|T,10198_C|T,10447_G|A,10449_C|A,12160_G|A,12880_C|T,14408_C|T,15714_C|T,17410_C|T,18163_A|G,19955_C|T,20055_A|G,21618_C|T,21987_G|A,22200_T|G,22578_G|A,22674_C|T,22679_T|C,22686_C|T,22688_A|G,22775_G|A,22786_A|C,22813_G|T,22882_T|G,22917_T|G,22992_G|A,22995_C|A,23013_A|C,23018_T|G,23055_A|G,23063_A|T,23075_T|C,23403_A|G,23525_C|T,23599_T|G,23604_C|A,23854_C|A,23948_G|T,24424_A|T,24469_T|A,25000_C|T,25584_C|T,26060_C|T,26270_C|T,26529_G|A,26577_C|G,26709_G|A,27741_C|T,27807_C|T,28271_A|T,28311_C|T,28881_G|A,28882_G|A,28883_G|C,29510_A|C,29812_A|G,11288_11296,21633_21641,21765_21770,28362_28370,29734_29759
USA/NC-CDC-LC0921075/2022	XAZ	241_C|T,670_T|G,1906_T|C,1912_C|T,2232_C|T,2790_C|T,3037_C|T,3317_C|T,3358_T|C,4184_G|A,4321_C|T,9344_C|T,9424_A|G,9534_C|T,10029_C|T,10198_C|T,10447_G|A,10449_C|A,12160_G|A,12880_C|T,14408_C|T,15579_C|T,15714_C|T,17410_C|T,18163_A|G,19955_C|T,20055_A|G,21618_C|T,21987_G|A,22200_T|G,22578_G|A,22674_C|T,22679_T|C,22686_C|T,22688_A|G,22775_G|A,22786_A|C,22813_G|T,22882_T|G,22917_T|G,22992_G|A,22995_C|A,23013_A|C,23018_T|G,23055_A|G,23063_A|T,23075_T|C,23403_A|G,23525_C|T,23599_T|G,23604_C|A,23854_C|A,23948_G|T,24424_A|T,24469_T|A,25000_C|T,25584_C|T,26060_C|T,26270_C|T,26529_G|A,26577_C|G,26709_G|A,27807_C|T,28271_A|T,28311_C|T,28877_A|T,28878_G|C,28881_G|A,28882_G|A,28883_G|C,29510_A|C,11288_11296,21633_21641,21765_21770,28362_28370,29734_29759
USA/NC-CDC-QDX41028807/2022	XAZ	241_C|T,670_T|G,1906_T|C,1912_C|T,2232_C|T,2790_C|T,3037_C|T,3317_C|T,3358_T|C,4184_G|A,4321_C|T,5239_C|T,9344_C|T,9424_A|G,9534_C|T,10029_C|T,10198_C|T,10447_G|A,10449_C|A,12160_G|A,12880_C|T,14408_C|T,15714_C|T,17410_C|T,18163_A|G,19955_C|T,20055_A|G,21618_C|T,21987_G|A,22200_T|G,22578_G|A,22674_C|T,22679_T|C,22686_C|T,22688_A|G,22775_G|A,22786_A|C,22813_G|T,22882_T|G,22917_T|G,22992_G|A,22995_C|A,23013_A|C,23018_T|G,23055_A|G,23063_A|T,23075_T|C,23403_A|G,23525_C|T,23599_T|G,23604_C|A,23854_C|A,23948_G|T,24424_A|T,24469_T|A,25000_C|T,25584_C|T,26060_C|T,26270_C|T,26459_A|G,26529_G|A,26577_C|G,26709_G|A,27741_C|T,27807_C|T,28271_A|T,28311_C|T,28881_G|A,28882_G|A,28883_G|C,29510_A|C,686_694,11288_11296,21633_21641,21765_21770,28362_28370,29734_29759
USA/NC-CDC-QDX41175594/2022	XAZ	241_C|T,545_G|T,670_T|G,1912_C|T,2232_C|T,2790_C|T,3037_C|T,3317_C|T,3358_T|C,4184_G|A,4321_C|T,9344_C|T,9424_A|G,9534_C|T,10029_C|T,10198_C|T,10447_G|A,10449_C|A,12160_G|A,12880_C|T,14408_C|T,15714_C|T,17410_C|T,18163_A|G,19955_C|T,20055_A|G,21618_C|T,21987_G|A,22200_T|G,22578_G|A,22674_C|T,22679_T|C,22686_C|T,22688_A|G,22775_G|A,22786_A|C,22813_G|T,22882_T|G,22917_T|G,22992_G|A,22995_C|A,23013_A|C,23018_T|G,23055_A|G,23063_A|T,23075_T|C,23403_A|G,23525_C|T,23599_T|G,23604_C|A,23854_C|A,23948_G|T,24424_A|T,24469_T|A,25000_C|T,25584_C|T,26060_C|T,26270_C|T,26529_G|A,26577_C|G,26709_G|A,27807_C|T,28271_A|T,28311_C|T,28881_G|A,28882_G|A,28883_G|C,29510_A|C,515_520,11288_11296,21633_21641,21765_21770,28362_28370,29734_29759
USA/NC-CDC-QDX41590952/2022	XAZ	241_C|T,670_T|G,1906_T|C,1912_C|T,2232_C|T,2790_C|T,3037_C|T,3317_C|T,3358_T|C,4184_G|A,4321_C|T,9344_C|T,9424_A|G,9534_C|T,10029_C|T,10198_C|T,10447_G|A,10449_C|A,12160_G|A,12880_C|T,14408_C|T,15714_C|T,17410_C|T,18163_A|G,19955_C|T,20055_A|G,21618_C|T,21987_G|A,22200_T|G,22578_G|A,22674_C|T,22679_T|C,22686_C|T,22688_A|G,22775_G|A,22786_A|C,22813_G|T,22882_T|G,22917_T|G,22992_G|A,22995_C|A,23013_A|C,23018_T|G,23055_A|G,23063_A|T,23075_T|C,23403_A|G,23525_C|T,23599_T|G,23604_C|A,23854_C|A,23948_G|T,24424_A|T,24469_T|A,25000_C|T,25546_C|T,25584_C|T,26060_C|T,26270_C|T,26529_G|A,26577_C|G,26709_G|A,27741_C|T,27807_C|T,28271_A|T,28311_C|T,28881_G|A,28882_G|A,28883_G|C,29510_A|C,11288_11296,21633_21641,21765_21770,28362_28370,29734_29759
USA/NC-CDC-QDX41753713/2022	XAZ	241_C|T,670_T|G,1906_T|C,1912_C|T,2232_C|T,2790_C|T,3037_C|T,3317_C|T,3358_T|C,4184_G|A,4321_C|T,7442_G|A,9344_C|T,9424_A|G,9534_C|T,10029_C|T,10198_C|T,10447_G|A,10449_C|A,12160_G|A,12880_C|T,14408_C|T,15714_C|T,17410_C|T,18163_A|G,19955_C|T,20055_A|G,21618_C|T,21987_G|A,22200_T|G,22578_G|A,22674_C|T,22679_T|C,22686_C|T,22688_A|G,22775_G|A,22786_A|C,22813_G|T,22882_T|G,22917_T|G,22992_G|A,22995_C|A,23013_A|C,23018_T|G,23055_A|G,23063_A|T,23075_T|C,23403_A|G,23525_C|T,23599_T|G,23604_C|A,23854_C|A,23948_G|T,23997_C|T,24424_A|T,24469_T|A,25000_C|T,25584_C|T,26029_C|A,26060_C|T,26270_C|T,26529_G|A,26577_C|G,26709_G|A,27741_C|T,27807_C|T,28271_A|T,28311_C|T,28881_G|A,28882_G|A,28883_G|C,29510_A|C,29812_A|G,11288_11296,21633_21641,21765_21770,28362_28370,29734_29759
USA/NC-CDC-STM-J4J4MB3Y4/2022	XAZ	241_C|T,670_T|G,1906_T|C,1912_C|T,2232_C|T,2790_C|T,3037_C|T,3317_C|T,3358_T|C,4184_G|A,4321_C|T,9344_C|T,9424_A|G,9534_C|T,10029_C|T,10198_C|T,10447_G|A,10449_C|A,12160_G|A,12880_C|T,14408_C|T,15714_C|T,17410_C|T,18163_A|G,19955_C|T,20055_A|G,21618_C|T,21987_G|A,22200_T|G,22578_G|A,22674_C|T,22679_T|C,22686_C|T,22688_A|G,22775_G|A,22786_A|C,22813_G|T,22882_T|G,22917_T|G,22992_G|A,22995_C|A,23013_A|C,23018_T|G,23055_A|G,23063_A|T,23075_T|C,23403_A|G,23525_C|T,23599_T|G,23604_C|A,23854_C|A,23948_G|T,24424_A|T,24469_T|A,25000_C|T,25584_C|T,26060_C|T,26270_C|T,26529_G|A,26577_C|G,26709_G|A,27741_C|T,27807_C|T,28271_A|T,28311_C|T,28881_G|A,28882_G|A,28883_G|C,29510_A|C,29838_C|T,11288_11296,21633_21641,21765_21770,28362_28370,29734_29759
USA/NC-CDC-STM-R7W597HHX/2022	XAZ	44_C|T,241_C|T,670_T|G,1906_T|C,1912_C|T,2232_C|T,2790_C|T,3037_C|T,3317_C|T,3358_T|C,4184_G|A,4321_C|T,9344_C|T,9424_A|G,9534_C|T,10029_C|T,10198_C|T,10447_G|A,10449_C|A,12160_G|A,12880_C|T,14408_C|T,15714_C|T,17410_C|T,18163_A|G,19955_C|T,20055_A|G,21618_C|T,21987_G|A,22200_T|G,22578_G|A,22674_C|T,22679_T|C,22686_C|T,22688_A|G,22775_G|A,22786_A|C,22813_G|T,22882_T|G,22917_T|G,22992_G|A,22995_C|A,23013_A|C,23018_T|G,23055_A|G,23063_A|T,23075_T|C,23403_A|G,23525_C|T,23599_T|G,23604_C|A,23854_C|A,23948_G|T,24424_A|T,24469_T|A,25000_C|T,25584_C|T,26060_C|T,26270_C|T,26459_A|G,26529_G|A,26577_C|G,26709_G|A,27741_C|T,27807_C|T,28271_A|T,28311_C|T,28881_G|A,28882_G|A,28883_G|C,29510_A|C,11288_11296,21633_21641,21765_21770,28362_28370,29734_29759
USA/NJ-CDC-LC0898478/2022	XAZ	241_C|T,670_T|G,681_A|G,1912_C|T,2232_C|T,2790_C|T,3037_C|T,3317_C|T,3358_T|C,4184_G|A,4321_C|T,6541_C|T,9344_C|T,9424_A|G,9534_C|T,10029_C|T,10198_C|T,10447_G|A,10449_C|A,12160_G|A,12880_C|T,14408_C|T,15714_C|T,17410_C|T,18163_A|G,18981_C|T,19955_C|T,20055_A|G,21618_C|T,21987_G|A,22200_T|G,22578_G|A,22674_C|T,22679_T|C,22686_C|T,22688_A|G,22775_G|A,22786_A|C,22813_G|T,22882_T|G,22917_T|G,22992_G|A,22995_C|A,23013_A|C,23018_T|G,23055_A|G,23063_A|T,23075_T|C,23403_A|G,23525_C|T,23599_T|G,23604_C|A,23854_C|A,23948_G|T,24424_A|T,24469_T|A,25000_C|T,25584_C|T,26060_C|T,26123_T|C,26270_C|T,26529_G|A,26577_C|G,26709_G|A,27807_C|T,28271_A|T,28311_C|T,28881_G|A,28882_G|A,28883_G|C,29510_A|C,11288_11296,21633_21641,21765_21770,28362_28370,29734_29759
USA/NJ-CDC-QDX38613919/2022	XAZ	241_C|T,670_T|G,1912_C|T,2232_C|T,2790_C|T,3037_C|T,3317_C|T,3358_T|C,4184_G|A,4321_C|T,9344_C|T,9424_A|G,9534_C|T,10029_C|T,10198_C|T,10447_G|A,10449_C|A,12025_C|T,12160_G|A,12880_C|T,14408_C|T,15714_C|T,17410_C|T,18163_A|G,19955_C|T,20055_A|G,21618_C|T,21987_G|A,22200_T|G,22578_G|A,22674_C|T,22679_T|C,22686_C|T,22688_A|G,22775_G|A,22786_A|C,22813_G|T,22882_T|G,22917_T|G,22992_G|A,22995_C|A,23013_A|C,23018_T|G,23055_A|G,23063_A|T,23075_T|C,23403_A|G,23525_C|T,23599_T|G,23604_C|A,23854_C|A,23948_G|T,24424_A|T,24469_T|A,25000_C|T,25584_C|T,25680_C|T,26060_C|T,26270_C|T,26529_G|A,26577_C|G,26709_G|A,27807_C|T,28271_A|T,28311_C|T,28881_G|A,28882_G|A,28883_G|C,29510_A|C,11288_11296,21633_21641,21765_21770,28362_28370,29734_29759
USA/NJ-CDC-QDX38632227/2022	XAZ	162_C|T,241_C|T,670_T|G,1912_C|T,2232_C|T,2455_C|T,2790_C|T,3037_C|T,3317_C|T,3358_T|C,4184_G|A,4321_C|T,9344_C|T,9424_A|G,9534_C|T,10029_C|T,10198_C|T,10447_G|A,10449_C|A,12160_G|A,12880_C|T,14408_C|T,15714_C|T,17410_C|T,18163_A|G,19955_C|T,20055_A|G,20569_G|A,21618_C|T,21987_G|A,22200_T|G,22578_G|A,22674_C|T,22679_T|C,22686_C|T,22688_A|G,22775_G|A,22786_A|C,22813_G|T,22882_T|G,22917_T|G,22992_G|A,22995_C|A,23013_A|C,23018_T|G,23055_A|G,23063_A|T,23075_T|C,23403_A|G,23525_C|T,23599_T|G,23604_C|A,23854_C|A,23948_G|T,24424_A|T,24469_T|A,25000_C|T,25584_C|T,26060_C|T,26270_C|T,26408_C|T,26529_G|A,26577_C|G,26709_G|A,27807_C|T,28271_A|T,28311_C|T,28881_G|A,28882_G|A,28883_G|C,29510_A|C,11288_11296,21633_21641,21765_21770,28362_28370,29734_29759
USA/NJ-CDC-QDX39459365/2022	XAZ	241_C|T,670_T|G,1912_C|T,2232_C|T,2790_C|T,3037_C|T,3317_C|T,3358_T|C,4184_G|A,4321_C|T,9344_C|T,9424_A|G,9534_C|T,10029_C|T,10198_C|T,10447_G|A,10449_C|A,12025_C|T,12160_G|A,12739_T|C,12880_C|T,14408_C|T,14578_A|G,15714_C|T,17410_C|T,18163_A|G,19955_C|T,20055_A|G,21618_C|T,21987_G|A,22093_G|A,22200_T|G,22578_G|A,22674_C|T,22679_T|C,22686_C|T,22688_A|G,22775_G|A,22786_A|C,22813_G|T,22882_T|G,22917_T|G,22992_G|A,22995_C|A,23013_A|C,23018_T|G,23055_A|G,23063_A|T,23075_T|C,23403_A|G,23525_C|T,23599_T|G,23604_C|A,23854_C|A,23948_G|T,24424_A|T,24469_T|A,25000_C|T,25584_C|T,26060_C|T,26270_C|T,26529_G|A,26577_C|G,26709_G|A,27807_C|T,28271_A|T,28311_C|T,28881_G|A,28882_G|A,28883_G|C,29510_A|C,11288_11296,21633_21641,21765_21770,28362_28370,29734_29759
USA/NJ-CDC-QDX39569380/2022	XAZ	241_C|T,670_T|G,1912_C|T,2232_C|T,2790_C|T,3037_C|T,3317_C|T,3358_T|C,4184_G|A,4321_C|T,9344_C|T,9424_A|G,9534_C|T,10029_C|T,10198_C|T,10447_G|A,10449_C|A,12025_C|T,12160_G|A,12739_T|C,12880_C|T,14408_C|T,15714_C|T,17410_C|T,18163_A|G,19955_C|T,20055_A|G,21618_C|T,21987_G|A,22093_G|A,22200_T|G,22578_G|A,22674_C|T,22679_T|C,22686_C|T,22688_A|G,22775_G|A,22786_A|C,22813_G|T,22882_T|G,22917_T|G,22992_G|A,22995_C|A,23013_A|C,23018_T|G,23055_A|G,23063_A|T,23075_T|C,23403_A|G,23525_C|T,23599_T|G,23604_C|A,23854_C|A,23948_G|T,24424_A|T,24469_T|A,25000_C|T,25584_C|T,26060_C|T,26270_C|T,26529_G|A,26577_C|G,26709_G|A,27807_C|T,28271_A|T,28311_C|T,28881_G|A,28882_G|A,28883_G|C,29510_A|C,11288_11296,21633_21641,21765_21770,28362_28370,29734_29759
USA/NJ-CDC-QDX40519381/2022	XAZ	241_C|T,670_T|G,681_A|G,1912_C|T,2232_C|T,2790_C|T,3037_C|T,3317_C|T,3358_T|C,4184_G|A,4321_C|T,9344_C|T,9424_A|G,9534_C|T,10029_C|T,10198_C|T,10447_G|A,10449_C|A,12160_G|A,12880_C|T,14408_C|T,15093_G|A,15714_C|T,16111_C|T,17410_C|T,18163_A|G,19419_G|T,19955_C|T,20055_A|G,21618_C|T,21987_G|A,22200_T|G,22578_G|A,22674_C|T,22679_T|C,22686_C|T,22688_A|G,22775_G|A,22786_A|C,22813_G|T,22882_T|G,22917_T|G,22992_G|A,22995_C|A,23013_A|C,23018_T|G,23055_A|G,23063_A|T,23075_T|C,23403_A|G,23525_C|T,23599_T|G,23604_C|A,23854_C|A,23948_G|T,24424_A|T,24469_T|A,25000_C|T,25584_C|T,26060_C|T,26270_C|T,26529_G|A,26577_C|G,26709_G|A,27807_C|T,27843_T|C,28271_A|T,28311_C|T,28881_G|A,28882_G|A,28883_G|C,29510_A|C,11288_11296,21633_21641,21765_21770,28362_28370,29734_29759
USA/NJ-CDC-QDX42698297/2022	XAZ	241_C|T,487_G|A,670_T|G,681_A|G,1804_A|G,1912_C|T,2232_C|T,2790_C|T,3037_C|T,3317_C|T,3358_T|C,4184_G|A,4321_C|T,5159_T|G,9344_C|T,9424_A|G,9534_C|T,10029_C|T,10198_C|T,10447_G|A,10449_C|A,12160_G|A,12880_C|T,14408_C|T,15714_C|T,17410_C|T,18163_A|G,19955_C|T,20055_A|G,21057_C|T,21618_C|T,21987_G|A,22200_T|G,22578_G|A,22674_C|T,22679_T|C,22686_C|T,22688_A|G,22775_G|A,22786_A|C,22813_G|T,22882_T|G,22917_T|G,22992_G|A,22995_C|A,23013_A|C,23018_T|G,23055_A|G,23063_A|T,23075_T|C,23403_A|G,23525_C|T,23599_T|G,23604_C|A,23854_C|A,23948_G|T,24424_A|T,24469_T|A,25000_C|T,25584_C|T,26060_C|T,26270_C|T,26529_G|A,26577_C|G,26709_G|A,27807_C|T,28271_A|T,28311_C|T,28881_G|A,28882_G|A,28883_G|C,29510_A|C,29781_G|T,11288_11296,21633_21641,21765_21770,28362_28370,29734_29759
USA/NJ-NYGC-S-JF-16780-OMJR567/2022	XAZ	44_C|T,241_C|T,670_T|G,1906_T|C,1912_C|T,2232_C|T,2790_C|T,3037_C|T,3317_C|T,3358_T|C,4184_G|A,4321_C|T,9344_C|T,9424_A|G,9534_C|T,10029_C|T,10198_C|T,10447_G|A,10449_C|A,12160_G|A,12880_C|T,14408_C|T,15714_C|T,17410_C|T,18163_A|G,19955_C|T,20055_A|G,21618_C|T,21987_G|A,22200_T|G,22578_G|A,22674_C|T,22679_T|C,22686_C|T,22688_A|G,22775_G|A,22786_A|C,22813_G|T,22882_T|G,22917_T|G,22992_G|A,22995_C|A,23013_A|C,23018_T|G,23055_A|G,23063_A|T,23075_T|C,23403_A|G,23525_C|T,23599_T|G,23604_C|A,23854_C|A,23948_G|T,24424_A|T,24469_T|A,25000_C|T,25584_C|T,26060_C|T,26270_C|T,26529_G|A,26577_C|G,26709_G|A,27807_C|T,28271_A|T,28311_C|T,28877_A|T,28878_G|C,28881_G|A,28882_G|A,28883_G|C,29510_A|C,11288_11296,21633_21641,21765_21770,28362_28370,29734_29759
USA/NM-CDC-LC0881717/2022	XAZ	44_C|T,241_C|T,670_T|G,1912_C|T,2232_C|T,2790_C|T,3037_C|T,3317_C|T,3358_T|C,4184_G|A,4321_C|T,9344_C|T,9424_A|G,9534_C|T,10029_C|T,10198_C|T,10447_G|A,10449_C|A,10615_C|T,12160_G|A,12789_C|T,12880_C|T,14408_C|T,15714_C|T,17410_C|T,18163_A|G,19955_C|T,20055_A|G,21618_C|T,21987_G|A,22200_T|G,22578_G|A,22674_C|T,22679_T|C,22686_C|T,22688_A|G,22775_G|A,22786_A|C,22813_G|T,22882_T|G,22917_T|G,22992_G|A,22995_C|A,23013_A|C,23018_T|G,23055_A|G,23063_A|T,23075_T|C,23403_A|G,23525_C|T,23599_T|G,23604_C|A,23854_C|A,23948_G|T,24424_A|T,24469_T|A,25000_C|T,25584_C|T,26060_C|T,26270_C|T,26529_G|A,26577_C|G,26709_G|A,27807_C|T,28271_A|T,28311_C|T,28881_G|A,28882_G|A,28883_G|C,29510_A|C,11288_11296,21633_21641,21765_21770,28362_28370,29734_29759
USA/NY-CDC-QDX41378696/2022	XAZ	241_C|T,670_T|G,681_A|G,1912_C|T,2232_C|T,2790_C|T,3037_C|T,3317_C|T,3358_T|C,4184_G|A,4321_C|T,5159_T|G,9344_C|T,9424_A|G,9534_C|T,10029_C|T,10198_C|T,10447_G|A,10449_C|A,12160_G|A,12880_C|T,14408_C|T,15714_C|T,17410_C|T,18163_A|G,19955_C|T,20055_A|G,21618_C|T,21987_G|A,22200_T|G,22578_G|A,22674_C|T,22679_T|C,22686_C|T,22688_A|G,22775_G|A,22786_A|C,22813_G|T,22882_T|G,22917_T|G,22992_G|A,22995_C|A,23013_A|C,23018_T|G,23055_A|G,23063_A|T,23075_T|C,23403_A|G,23525_C|T,23599_T|G,23604_C|A,23854_C|A,23948_G|T,24424_A|T,24469_T|A,25000_C|T,25584_C|T,26060_C|T,26270_C|T,26529_G|A,26577_C|G,26709_G|A,27807_C|T,28271_A|T,28311_C|T,28881_G|A,28882_G|A,28883_G|C,29510_A|C,29781_G|T,11288_11296,21633_21641,21765_21770,28362_28370,29734_29759
USA/NY-HQE-3599363/2022	XAZ	44_C|T,162_C|T,241_C|T,670_T|G,1912_C|T,2232_C|T,2790_C|T,3037_C|T,3317_C|T,3358_T|C,4184_G|A,4321_C|T,9344_C|T,9424_A|G,10029_C|T,10198_C|T,10447_G|A,10449_C|A,12160_G|A,12880_C|T,14408_C|T,15714_C|T,17410_C|T,18163_A|G,19955_C|T,20055_A|G,21618_C|T,21987_G|A,22200_T|G,22578_G|A,22674_C|T,22679_T|C,22686_C|T,22688_A|G,22775_G|A,22786_A|C,22813_G|T,22882_T|G,22917_T|G,22992_G|A,22995_C|A,23013_A|C,23018_T|G,23055_A|G,23063_A|T,23075_T|C,23403_A|G,23525_C|T,23599_T|G,23604_C|A,23854_C|A,23948_G|T,24424_A|T,24469_T|A,25000_C|T,25584_C|T,26060_C|T,26270_C|T,26529_G|A,26577_C|G,26709_G|A,27807_C|T,28271_A|T,28311_C|T,28881_G|A,28882_G|A,28883_G|C,29510_A|C,11288_11296,21633_21641,21765_21770,28362_28370,29734_29759
USA/NY-NYGC-3579-VTM1-UQIS749/2022	XAZ	44_C|T,241_C|T,670_T|G,681_A|G,1912_C|T,2232_C|T,2790_C|T,3037_C|T,3317_C|T,3358_T|C,4184_G|A,4321_C|T,9344_C|T,9424_A|G,9534_C|T,10029_C|T,10198_C|T,10447_G|A,10449_C|A,12160_G|A,12880_C|T,14408_C|T,15714_C|T,16308_C|T,17410_C|T,18163_A|G,19955_C|T,20055_A|G,21618_C|T,21987_G|A,22200_T|G,22578_G|A,22674_C|T,22679_T|C,22686_C|T,22688_A|G,22775_G|A,22786_A|C,22813_G|T,22882_T|G,22917_T|G,22992_G|A,22995_C|A,23013_A|C,23018_T|G,23055_A|G,23063_A|T,23075_T|C,23403_A|G,23525_C|T,23599_T|G,23604_C|A,23854_C|A,23948_G|T,24415_G|A,24424_A|T,24469_T|A,25000_C|T,25584_C|T,26060_C|T,26270_C|T,26529_G|A,26577_C|G,26709_G|A,27807_C|T,28271_A|T,28311_C|T,28881_G|A,28882_G|A,28883_G|C,29510_A|C,11288_11296,21633_21641,21765_21770,28362_28370,29734_29759
USA/OH-CDC-QDX40025190/2022	XAZ	241_C|T,670_T|G,1906_T|C,1912_C|T,2232_C|T,2790_C|T,3037_C|T,3317_C|T,3358_T|C,4184_G|A,4321_C|T,9344_C|T,9424_A|G,9534_C|T,10029_C|T,10198_C|T,10447_G|A,10449_C|A,12160_G|A,12880_C|T,14408_C|T,15714_C|T,17410_C|T,18163_A|G,19955_C|T,20055_A|G,21618_C|T,21987_G|A,22200_T|G,22578_G|A,22674_C|T,22679_T|C,22686_C|T,22688_A|G,22775_G|A,22786_A|C,22813_G|T,22882_T|G,22917_T|G,22992_G|A,22995_C|A,23013_A|C,23018_T|G,23055_A|G,23063_A|T,23075_T|C,23403_A|G,23525_C|T,23599_T|G,23604_C|A,23854_C|A,23948_G|T,23997_C|T,24424_A|T,24469_T|A,25000_C|T,25584_C|T,26060_C|T,26270_C|T,26337_A|G,26529_G|A,26577_C|G,26709_G|A,27807_C|T,28271_A|T,28311_C|T,28881_G|A,28882_G|A,28883_G|C,29510_A|C,11288_11296,21633_21641,21765_21770,28362_28370,29734_29759
USA/OH-CDC-QDX41756204/2022	XAZ	64_C|T,241_C|T,670_T|G,1906_T|C,1912_C|T,1931_C|A,2790_C|T,3037_C|T,3317_C|T,3358_T|C,4184_G|A,4321_C|T,9286_C|T,9344_C|T,9424_A|G,9534_C|T,10029_C|T,10198_C|T,10447_G|A,10449_C|A,12160_G|A,12880_C|T,14408_C|T,15714_C|T,16935_G|A,17410_C|T,18163_A|G,19955_C|T,20055_A|G,21618_C|T,21987_G|A,22200_T|G,22578_G|A,22674_C|T,22679_T|C,22686_C|T,22688_A|G,22775_G|A,22786_A|C,22813_G|T,22882_T|G,22917_T|G,22992_G|A,22995_C|A,23013_A|C,23018_T|G,23055_A|G,23063_A|T,23075_T|C,23403_A|G,23525_C|T,23599_T|G,23604_C|A,23854_C|A,23948_G|T,24424_A|T,24469_T|A,24795_C|T,25000_C|T,25584_C|T,26060_C|T,26270_C|T,26529_G|A,26577_C|G,26709_G|A,27038_A|G,27807_C|T,27889_C|T,28271_A|T,28311_C|T,28881_G|A,28882_G|A,28883_G|C,29370_C|T,29510_A|C,11288_11296,21633_21641,21765_21770,28362_28370,29734_29759
USA/OR-CDC-UW22092514036/2022	XAZ	241_C|T,670_T|G,681_A|G,1912_C|T,2232_C|T,2790_C|T,3037_C|T,3317_C|T,3358_T|C,4184_G|A,4321_C|T,6541_C|T,9344_C|T,9424_A|G,9534_C|T,10029_C|T,10198_C|T,10447_G|A,10449_C|A,12160_G|A,12880_C|T,14408_C|T,15714_C|T,17410_C|T,18163_A|G,18981_C|T,19955_C|T,20055_A|G,21618_C|T,21987_G|A,22200_T|G,22578_G|A,22674_C|T,22679_T|C,22686_C|T,22688_A|G,22775_G|A,22786_A|C,22813_G|T,22882_T|G,22917_T|G,22992_G|A,22995_C|A,23013_A|C,23018_T|G,23055_A|G,23063_A|T,23075_T|C,23403_A|G,23525_C|T,23599_T|G,23604_C|A,23854_C|A,23948_G|T,24424_A|T,24469_T|A,25000_C|T,25584_C|T,26060_C|T,26123_T|C,26270_C|T,26529_G|A,26577_C|G,26709_G|A,27807_C|T,28271_A|T,28311_C|T,28881_G|A,28882_G|A,28883_G|C,29510_A|C,11288_11296,21633_21641,21765_21770,28362_28370,29734_29759
USA/PA-CDC-QDX37979485/2022	XAZ	162_C|T,241_C|T,670_T|G,1912_C|T,2232_C|T,2790_C|T,3037_C|T,3317_C|T,3358_T|C,4184_G|A,4321_C|T,9344_C|T,9424_A|G,9534_C|T,10029_C|T,10198_C|T,10447_G|A,10449_C|A,12160_G|A,12880_C|T,14408_C|T,15714_C|T,17410_C|T,18163_A|G,19955_C|T,20055_A|G,21618_C|T,21987_G|A,22200_T|G,22578_G|A,22674_C|T,22679_T|C,22686_C|T,22688_A|G,22775_G|A,22786_A|C,22813_G|T,22882_T|G,22917_T|G,22992_G|A,22995_C|A,23013_A|C,23018_T|G,23055_A|G,23063_A|T,23075_T|C,23403_A|G,23525_C|T,23599_T|G,23604_C|A,23854_C|A,23948_G|T,24424_A|T,24469_T|A,25000_C|T,25584_C|T,26060_C|T,26270_C|T,26529_G|A,26577_C|G,26709_G|A,27807_C|T,28271_A|T,28311_C|T,28881_G|A,28882_G|A,28883_G|C,29510_A|C,11288_11296,21633_21641,21765_21770,28362_28370,29734_29759
USA/PA-CDC-QDX42556249/2022	XAZ	241_C|T,670_T|G,681_A|G,1912_C|T,2232_C|T,2790_C|T,3037_C|T,3317_C|T,3358_T|C,4184_G|A,4321_C|T,6541_C|T,9344_C|T,9424_A|G,9534_C|T,10029_C|T,10198_C|T,10447_G|A,10449_C|A,12160_G|A,12706_T|A,12880_C|T,14408_C|T,15714_C|T,17410_C|T,18163_A|G,18981_C|T,19955_C|T,20055_A|G,21096_A|G,21618_C|T,21987_G|A,22200_T|G,22578_G|A,22674_C|T,22679_T|C,22686_C|T,22688_A|G,22775_G|A,22786_A|C,22813_G|T,22882_T|G,22917_T|G,22992_G|A,22995_C|A,23013_A|C,23018_T|G,23055_A|G,23063_A|T,23075_T|C,23403_A|G,23525_C|T,23599_T|G,23604_C|A,23854_C|A,23948_G|T,24424_A|T,24469_T|A,25000_C|T,25584_C|T,26060_C|T,26123_T|C,26270_C|T,26529_G|A,26577_C|G,26709_G|A,27807_C|T,28271_A|T,28311_C|T,28881_G|A,28882_G|A,28883_G|C,29510_A|C,11288_11296,21633_21641,21765_21770,28362_28370,29734_29759
USA/PA-CDC-QDX44272901/2022	XAZ	241_C|T,670_T|G,681_A|G,706_C|T,1912_C|T,1931_C|A,2232_C|T,2790_C|T,2954_T|C,3037_C|T,3317_C|T,3358_T|C,4184_G|A,4321_C|T,4524_C|T,5159_T|G,8626_C|T,9344_C|T,9424_A|G,9534_C|T,10029_C|T,10198_C|T,10447_G|A,10449_C|A,12160_G|A,12880_C|T,14408_C|T,15714_C|T,17410_C|T,18163_A|G,19955_C|T,20055_A|G,21618_C|T,21987_G|A,22200_T|G,22578_G|A,22674_C|T,22679_T|C,22686_C|T,22688_A|G,22775_G|A,22786_A|C,22813_G|T,22882_T|G,22917_T|G,22992_G|A,22995_C|A,23013_A|C,23018_T|G,23055_A|G,23063_A|T,23075_T|C,23403_A|G,23525_C|T,23599_T|G,23604_C|A,23854_C|A,23948_G|T,24424_A|T,24469_T|A,24834_G|A,25000_C|T,25584_C|T,26060_C|T,26270_C|T,26529_G|A,26577_C|G,26709_G|A,27807_C|T,27889_C|T,28271_A|T,28311_C|T,28881_G|A,28882_G|A,28883_G|C,29510_A|C,29781_G|T,516_518,11288_11296,21633_21641,21765_21770,28362_28370,29734_29759
USA/PA-CDC-STM-87RPNJE22/2022	XAZ	44_C|T,241_C|T,670_T|G,681_A|G,1912_C|T,2232_C|T,2790_C|T,3037_C|T,3317_C|T,3358_T|C,4184_G|A,4321_C|T,5159_T|G,9344_C|T,9424_A|G,9534_C|T,10029_C|T,10198_C|T,10447_G|A,10449_C|A,12160_G|A,12880_C|T,14408_C|T,15714_C|T,17410_C|T,18163_A|G,19955_C|T,20055_A|G,21618_C|T,21987_G|A,22200_T|G,22578_G|A,22674_C|T,22679_T|C,22686_C|T,22688_A|G,22775_G|A,22786_A|C,22813_G|T,22882_T|G,22917_T|G,22992_G|A,22995_C|A,23013_A|C,23018_T|G,23055_A|G,23063_A|T,23075_T|C,23403_A|G,23525_C|T,23599_T|G,23604_C|A,23854_C|A,23948_G|T,24424_A|T,24469_T|A,25000_C|T,25584_C|T,26060_C|T,26270_C|T,26529_G|A,26577_C|G,26709_G|A,27807_C|T,28271_A|T,28311_C|T,28881_G|A,28882_G|A,28883_G|C,29510_A|C,29781_G|T,11288_11296,21633_21641,21765_21770,28362_28370,29734_29759
USA/PA-CDC-STM-H4949NJ92/2022	XAZ	44_C|T,241_C|T,670_T|G,681_A|G,1912_C|T,2083_T|C,2142_C|T,2232_C|T,2790_C|T,3037_C|T,3317_C|T,3358_T|C,4184_G|A,4321_C|T,5159_T|G,6650_G|A,9344_C|T,9424_A|G,9534_C|T,10029_C|T,10198_C|T,10447_G|A,10449_C|A,12160_G|A,12880_C|T,14408_C|T,15714_C|T,17410_C|T,18163_A|G,19955_C|T,20055_A|G,21618_C|T,21987_G|A,22200_T|G,22578_G|A,22674_C|T,22679_T|C,22686_C|T,22688_A|G,22775_G|A,22786_A|C,22813_G|T,22882_T|G,22917_T|G,22992_G|A,22995_C|A,23013_A|C,23018_T|G,23055_A|G,23063_A|T,23075_T|C,23403_A|G,23525_C|T,23599_T|G,23604_C|A,23854_C|A,23948_G|T,24424_A|T,24469_T|A,25000_C|T,25584_C|T,26060_C|T,26270_C|T,26529_G|A,26577_C|G,26709_G|A,27807_C|T,28271_A|T,28311_C|T,28881_G|A,28882_G|A,28883_G|C,29510_A|C,29781_G|T,11288_11296,21633_21641,21765_21770,28362_28370,29734_29759
USA/PA-CDC-STM-S55RS5JN7/2022	XAZ	44_C|T,241_C|T,670_T|G,681_A|G,1912_C|T,2232_C|T,2790_C|T,3037_C|T,3317_C|T,3358_T|C,4184_G|A,4321_C|T,5159_T|G,9344_C|T,9424_A|G,9534_C|T,10029_C|T,10198_C|T,10447_G|A,10449_C|A,12160_G|A,12880_C|T,14408_C|T,15714_C|T,17410_C|T,18163_A|G,19955_C|T,20055_A|G,21618_C|T,21987_G|A,22200_T|G,22578_G|A,22674_C|T,22679_T|C,22686_C|T,22688_A|G,22775_G|A,22786_A|C,22813_G|T,22882_T|G,22917_T|G,22992_G|A,22995_C|A,23013_A|C,23018_T|G,23055_A|G,23063_A|T,23075_T|C,23403_A|G,23525_C|T,23599_T|G,23604_C|A,23854_C|A,23948_G|T,24424_A|T,24469_T|A,25000_C|T,25584_C|T,26060_C|T,26270_C|T,26529_G|A,26577_C|G,26709_G|A,27807_C|T,28271_A|T,28311_C|T,28881_G|A,28882_G|A,28883_G|C,29510_A|C,29781_G|T,11288_11296,21633_21641,21765_21770,28362_28370,29734_29759
USA/PA-CDC-STM-TTJPAFVFQ/2022	XAZ	44_C|T,241_C|T,670_T|G,681_A|G,1912_C|T,2232_C|T,2790_C|T,3037_C|T,3317_C|T,3358_T|C,4184_G|A,4321_C|T,6541_C|T,9344_C|T,9424_A|G,9534_C|T,10029_C|T,10198_C|T,10447_G|A,10449_C|A,12160_G|A,12880_C|T,14408_C|T,15714_C|T,17410_C|T,18163_A|G,18981_C|T,19955_C|T,20055_A|G,21618_C|T,21987_G|A,22200_T|G,22578_G|A,22674_C|T,22679_T|C,22686_C|T,22688_A|G,22775_G|A,22786_A|C,22813_G|T,22882_T|G,22917_T|G,22992_G|A,22995_C|A,23013_A|C,23018_T|G,23055_A|G,23063_A|T,23075_T|C,23403_A|G,23525_C|T,23599_T|G,23604_C|A,23854_C|A,23948_G|T,24424_A|T,24469_T|A,25000_C|T,25584_C|T,26060_C|T,26123_T|C,26270_C|T,26529_G|A,26577_C|G,26709_G|A,27807_C|T,28271_A|T,28311_C|T,28881_G|A,28882_G|A,28883_G|C,29510_A|C,11288_11296,21633_21641,21765_21770,28362_28370,29734_29759
USA/PA-CDC-STM-W8AHVRS73/2022	XAZ	44_C|T,241_C|T,670_T|G,681_A|G,1912_C|T,2232_C|T,2790_C|T,3037_C|T,3317_C|T,3358_T|C,4184_G|A,4321_C|T,6541_C|T,9344_C|T,9424_A|G,9534_C|T,10029_C|T,10198_C|T,10447_G|A,10449_C|A,12160_G|A,12706_T|A,12880_C|T,14408_C|T,15714_C|T,17410_C|T,18163_A|G,18981_C|T,19955_C|T,20055_A|G,21096_A|G,21618_C|T,21987_G|A,22200_T|G,22578_G|A,22674_C|T,22679_T|C,22686_C|T,22688_A|G,22775_G|A,22786_A|C,22813_G|T,22882_T|G,22917_T|G,22992_G|A,22995_C|A,23013_A|C,23018_T|G,23055_A|G,23063_A|T,23075_T|C,23403_A|G,23525_C|T,23599_T|G,23604_C|A,23854_C|A,23948_G|T,24424_A|T,24469_T|A,25000_C|T,25584_C|T,26060_C|T,26123_T|C,26270_C|T,26529_G|A,26577_C|G,26709_G|A,27807_C|T,28271_A|T,28311_C|T,28881_G|A,28882_G|A,28883_G|C,29510_A|C,11288_11296,21633_21641,21765_21770,28362_28370,29734_29759
USA/RI-CDC-2-6462322/2022	XAZ	44_C|T,241_C|T,670_T|G,1906_T|C,1912_C|T,2232_C|T,2790_C|T,3037_C|T,3317_C|T,3358_T|C,4184_G|A,4321_C|T,9344_C|T,9424_A|G,9534_C|T,10029_C|T,10198_C|T,10447_G|A,10449_C|A,12160_G|A,12880_C|T,14408_C|T,15714_C|T,17410_C|T,18163_A|G,19955_C|T,20055_A|G,21618_C|T,21987_G|A,22200_T|G,22578_G|A,22674_C|T,22679_T|C,22686_C|T,22688_A|G,22775_G|A,22786_A|C,22813_G|T,22882_T|G,22917_T|G,22992_G|A,22995_C|A,23013_A|C,23018_T|G,23055_A|G,23063_A|T,23075_T|C,23403_A|G,23525_C|T,23599_T|G,23604_C|A,23854_C|A,23948_G|T,24424_A|T,24469_T|A,25000_C|T,25584_C|T,26060_C|T,26270_C|T,26529_G|A,26577_C|G,26709_G|A,27741_C|T,27807_C|T,28271_A|T,28311_C|T,28519_C|T,28881_G|A,28882_G|A,28883_G|C,29510_A|C,11288_11296,21633_21641,21765_21770,28362_28370,29734_29759
USA/RI-CDC-2-6462432/2022	XAZ	44_C|T,241_C|T,670_T|G,1906_T|C,1912_C|T,2232_C|T,2790_C|T,3037_C|T,3317_C|T,3358_T|C,4184_G|A,4321_C|T,9344_C|T,9424_A|G,9534_C|T,10029_C|T,10198_C|T,10447_G|A,10449_C|A,12160_G|A,12880_C|T,14408_C|T,15714_C|T,17410_C|T,18163_A|G,19955_C|T,20055_A|G,21618_C|T,21987_G|A,22200_T|G,22578_G|A,22674_C|T,22679_T|C,22686_C|T,22688_A|G,22775_G|A,22786_A|C,22813_G|T,22882_T|G,22917_T|G,22992_G|A,22995_C|A,23013_A|C,23018_T|G,23055_A|G,23063_A|T,23075_T|C,23403_A|G,23525_C|T,23599_T|G,23604_C|A,23854_C|A,23948_G|T,24424_A|T,24469_T|A,25000_C|T,25584_C|T,26060_C|T,26270_C|T,26529_G|A,26577_C|G,26709_G|A,27741_C|T,27807_C|T,28271_A|T,28311_C|T,28519_C|T,28881_G|A,28882_G|A,28883_G|C,29510_A|C,11288_11296,21633_21641,21765_21770,28362_28370,29734_29759
USA/SEARCH-202413/2022	XAZ	44_C|T,106_C|T,162_C|T,241_C|T,670_T|G,1912_C|T,2232_C|T,2790_C|T,3037_C|T,3317_C|T,3358_T|C,4184_G|A,4321_C|T,9344_C|T,9424_A|G,9534_C|T,10029_C|T,10198_C|T,10447_G|A,10449_C|A,10450_C|T,12160_G|A,12880_C|T,14408_C|T,15714_C|T,17410_C|T,18163_A|G,19955_C|T,20055_A|G,21618_C|T,21987_G|A,22200_T|G,22578_G|A,22674_C|T,22679_T|C,22686_C|T,22688_A|G,22775_G|A,22786_A|C,22813_G|T,22882_T|G,22917_T|G,22992_G|A,22995_C|A,23013_A|C,23018_T|G,23055_A|G,23063_A|T,23075_T|C,23403_A|G,23525_C|T,23599_T|G,23604_C|A,23854_C|A,23948_G|T,24424_A|T,24469_T|A,25000_C|T,25584_C|T,26060_C|T,26270_C|T,26529_G|A,26577_C|G,26709_G|A,27807_C|T,28271_A|T,28311_C|T,28881_G|A,28882_G|A,28883_G|C,29510_A|C,11288_11296,21633_21641,21765_21770,28362_28370,29734_29759,14_.|C
USA/SEARCH-202562/2022	XAZ	44_C|T,241_C|T,670_T|G,1912_C|T,2232_C|T,2790_C|T,3037_C|T,3317_C|T,3358_T|C,4184_G|A,4321_C|T,9344_C|T,9424_A|G,9534_C|T,10029_C|T,10198_C|T,10447_G|A,10449_C|A,12025_C|T,12160_G|A,12880_C|T,14408_C|T,15714_C|T,17410_C|T,18163_A|G,19955_C|T,20055_A|G,21618_C|T,21987_G|A,22200_T|G,22578_G|A,22674_C|T,22679_T|C,22686_C|T,22688_A|G,22775_G|A,22786_A|C,22813_G|T,22882_T|G,22917_T|G,22992_G|A,22995_C|A,23013_A|C,23018_T|G,23055_A|G,23063_A|T,23075_T|C,23403_A|G,23525_C|T,23599_T|G,23604_C|A,23854_C|A,23948_G|T,24424_A|T,24469_T|A,25000_C|T,25584_C|T,26060_C|T,26270_C|T,26529_G|A,26577_C|G,26709_G|A,27807_C|T,28271_A|T,28311_C|T,28881_G|A,28882_G|A,28883_G|C,29510_A|C,11288_11296,21633_21641,21765_21770,28362_28370,29734_29759,14_.|C
USA/TX-CDC-QDX40870070/2022	XAZ	241_C|T,670_T|G,1912_C|T,2232_C|T,2638_C|T,2698_T|C,2790_C|T,3037_C|T,3317_C|T,3358_T|C,4184_G|A,4321_C|T,9344_C|T,9424_A|G,9534_C|T,10029_C|T,10198_C|T,10447_G|A,10449_C|A,12025_C|T,12160_G|A,12880_C|T,14408_C|T,15714_C|T,17410_C|T,18163_A|G,19955_C|T,20055_A|G,21618_C|T,21987_G|A,22200_T|G,22578_G|A,22674_C|T,22679_T|C,22686_C|T,22688_A|G,22775_G|A,22786_A|C,22813_G|T,22882_T|G,22917_T|G,22992_G|A,22995_C|A,23013_A|C,23018_T|G,23055_A|G,23063_A|T,23075_T|C,23403_A|G,23525_C|T,23599_T|G,23604_C|A,23854_C|A,23948_G|T,24424_A|T,24469_T|A,25000_C|T,25584_C|T,25677_G|T,26060_C|T,26270_C|T,26529_G|A,26577_C|G,26589_G|C,26709_G|A,27807_C|T,28271_A|T,28311_C|T,28881_G|A,28882_G|A,28883_G|C,29510_A|C,315_317,11288_11296,21633_21641,21765_21770,28362_28370,29734_29759
USA/TX-CDC-STM-ZNBEDECTM/2022	XAZ	44_C|T,241_C|T,670_T|G,1912_C|T,2232_C|T,2731_G|A,2790_C|T,3037_C|T,3317_C|T,3358_T|C,4184_G|A,4321_C|T,5312_C|T,9344_C|T,9424_A|G,9534_C|T,10029_C|T,10198_C|T,10447_G|A,10449_C|A,12160_G|A,12880_C|T,14408_C|T,15714_C|T,17410_C|T,18163_A|G,19955_C|T,20055_A|G,21575_C|T,21618_C|T,21987_G|A,22200_T|G,22578_G|A,22674_C|T,22679_T|C,22686_C|T,22688_A|G,22775_G|A,22786_A|C,22813_G|T,22882_T|G,22917_T|G,22992_G|A,22995_C|A,23013_A|C,23018_T|G,23055_A|G,23063_A|T,23075_T|C,23403_A|G,23525_C|T,23599_T|G,23604_C|A,23854_C|A,23948_G|T,24424_A|T,24469_T|A,25000_C|T,25584_C|T,26060_C|T,26270_C|T,26529_G|A,26577_C|G,26709_G|A,26807_C|T,27489_A|G,27807_C|T,28271_A|T,28311_C|T,28881_G|A,28882_G|A,28883_G|C,29510_A|C,11288_11296,21633_21641,21765_21770,28362_28370,29734_29759
USA/UT-UPHL-220715035047/2022	XAZ	241_C|T,670_T|G,1906_T|C,1912_C|T,2232_C|T,2790_C|T,3037_C|T,3317_C|T,3358_T|C,4184_G|A,4321_C|T,9344_C|T,9424_A|G,9534_C|T,10029_C|T,10198_C|T,10447_G|A,10449_C|A,12160_G|A,12880_C|T,14408_C|T,15714_C|T,17410_C|T,18163_A|G,19955_C|T,20055_A|G,21618_C|T,21987_G|A,22200_T|G,22578_G|A,22674_C|T,22679_T|C,22686_C|T,22688_A|G,22775_G|A,22786_A|C,22813_G|T,22882_T|G,22917_T|G,22992_G|A,22995_C|A,23013_A|C,23018_T|G,23055_A|G,23063_A|T,23075_T|C,23403_A|G,23525_C|T,23599_T|G,23604_C|A,23854_C|A,23948_G|T,24424_A|T,24469_T|A,25000_C|T,25584_C|T,26060_C|T,26270_C|T,26529_G|A,26577_C|G,26709_G|A,27807_C|T,28271_A|T,28311_C|T,28881_G|A,28882_G|A,28883_G|C,29510_A|C,11288_11296,21633_21641,21765_21770,28362_28370,29734_29759
USA/UT-UPHL-220822937257/2022	XAZ	670_T|G,1906_T|C,1912_C|T,2232_C|T,2790_C|T,3037_C|T,3317_C|T,3358_T|C,4184_G|A,4321_C|T,5884_C|T,9344_C|T,9424_A|G,9534_C|T,10029_C|T,10198_C|T,10447_G|A,10449_C|A,12160_G|A,12880_C|T,12924_C|T,14408_C|T,15714_C|T,17410_C|T,18163_A|G,19955_C|T,20055_A|G,21618_C|T,21987_G|A,22200_T|G,22578_G|A,22674_C|T,22679_T|C,22686_C|T,22688_A|G,22775_G|A,22786_A|C,22813_G|T,22882_T|G,22917_T|G,22992_G|A,22995_C|A,23013_A|C,23018_T|G,23055_A|G,23063_A|T,23075_T|C,23403_A|G,23525_C|T,23599_T|G,23604_C|A,23854_C|A,23948_G|T,24272_T|C,24424_A|T,24469_T|A,25000_C|T,25096_C|T,25584_C|T,26060_C|T,26270_C|T,26529_G|A,26577_C|G,26709_G|A,27807_C|T,28271_A|T,28311_C|T,28881_G|A,28882_G|A,28883_G|C,29510_A|C,11288_11296,21633_21641,21765_21770,28362_28370,29734_29759
USA/V05190/2022	XAZ	241_C|T,670_T|G,1912_C|T,2232_C|T,2638_C|T,2790_C|T,3037_C|T,3317_C|T,3358_T|C,4184_G|A,4321_C|T,9344_C|T,9424_A|G,9534_C|T,10029_C|T,10198_C|T,10447_G|A,10449_C|A,12025_C|T,12160_G|A,12880_C|T,14408_C|T,15714_C|T,17410_C|T,18163_A|G,19955_C|T,20055_A|G,21987_G|A,22200_T|G,22578_G|A,22674_C|T,22679_T|C,22686_C|T,22688_A|G,22775_G|A,22786_A|C,22813_G|T,22882_T|G,22917_T|G,22992_G|A,22995_C|A,23013_A|C,23018_T|G,23055_A|G,23063_A|T,23075_T|C,23403_A|G,23525_C|T,23599_T|G,23604_C|A,23854_C|A,23948_G|T,24424_A|T,24469_T|A,25000_C|T,25584_C|T,26060_C|T,26270_C|T,26529_G|A,26577_C|G,26709_G|A,27807_C|T,28271_A|T,28311_C|T,28881_G|A,28882_G|A,28883_G|C,29510_A|C,11288_11296,21633_21641,21765_21770,28362_28370
USA/V05717/2022	XAZ	241_C|T,670_T|G,1912_C|T,2232_C|T,2638_C|T,2790_C|T,3037_C|T,3317_C|T,3358_T|C,4184_G|A,4321_C|T,9344_C|T,9424_A|G,9534_C|T,10029_C|T,10198_C|T,10447_G|A,10449_C|A,12025_C|T,12160_G|A,12880_C|T,14408_C|T,15714_C|T,17410_C|T,18163_A|G,19955_C|T,20055_A|G,21987_G|A,22200_T|G,22578_G|A,22674_C|T,22679_T|C,22686_C|T,22688_A|G,22775_G|A,22786_A|C,22813_G|T,22882_T|G,22917_T|G,22992_G|A,22995_C|A,23013_A|C,23018_T|G,23055_A|G,23063_A|T,23075_T|C,23403_A|G,23525_C|T,23599_T|G,23604_C|A,23854_C|A,23948_G|T,24424_A|T,24469_T|A,25000_C|T,25584_C|T,26060_C|T,26270_C|T,26529_G|A,26577_C|G,26709_G|A,27807_C|T,28271_A|T,28311_C|T,28881_G|A,28882_G|A,28883_G|C,29510_A|C,11288_11296,21633_21641,21765_21770,28362_28370
USA/V06183/2022	XAZ	241_C|T,670_T|G,1120_A|G,1912_C|T,2232_C|T,2638_C|T,2790_C|T,3037_C|T,3317_C|T,3358_T|C,3774_G|A,4117_A|G,4184_G|A,4321_C|T,9344_C|T,9424_A|G,9534_C|T,10029_C|T,10198_C|T,10447_G|A,10449_C|A,12025_C|T,12160_G|A,12880_C|T,13494_T|G,14408_C|T,15714_C|T,17410_C|T,18163_A|G,19955_C|T,20055_A|G,21987_G|A,22200_T|G,22578_G|A,22674_C|T,22679_T|C,22686_C|T,22688_A|G,22775_G|A,22786_A|C,22813_G|T,22882_T|G,22917_T|G,22992_G|A,22995_C|A,23013_A|C,23018_T|G,23055_A|G,23063_A|T,23075_T|C,23403_A|G,23525_C|T,23599_T|G,23604_C|A,23854_C|A,23948_G|T,24424_A|T,24469_T|A,25000_C|T,25584_C|T,26060_C|T,26270_C|T,26529_G|A,26577_C|G,26645_C|T,26709_G|A,27807_C|T,28271_A|T,28311_C|T,28881_G|A,28882_G|A,28883_G|C,29510_A|C,11288_11296,21633_21641,21765_21770,28362_28370
USA/VA-CAV_VAS3N_00013959_01/2022	XAZ	162_C|T,241_C|T,670_T|G,1912_C|T,2232_C|T,2790_C|T,3037_C|T,3317_C|T,3358_T|C,4184_G|A,4321_C|T,5007_C|T,9344_C|T,9424_A|G,9534_C|T,10029_C|T,10198_C|T,10447_G|A,10449_C|A,12160_G|A,12880_C|T,14408_C|T,15714_C|T,16887_C|T,17410_C|T,18163_A|G,19955_C|T,20055_A|G,20628_C|T,21618_C|T,21987_G|A,22200_T|G,22578_G|A,22674_C|T,22679_T|C,22686_C|T,22688_A|G,22775_G|A,22786_A|C,22813_G|T,22882_T|G,22917_T|G,22992_G|A,22995_C|A,23013_A|C,23018_T|G,23055_A|G,23063_A|T,23075_T|C,23403_A|G,23525_C|T,23599_T|G,23604_C|A,23854_C|A,23948_G|T,24424_A|T,24469_T|A,25000_C|T,25584_C|T,26060_C|T,26270_C|T,26529_G|A,26577_C|G,26709_G|A,27807_C|T,28271_A|T,28311_C|T,28881_G|A,28882_G|A,28883_G|C,29510_A|C,11288_11296,21633_21641,21765_21770,28362_28370,29369_29374,29734_29759
USA/VA-CAV_VAS3N_00016412_01/2022	XAZ	129_A|G,241_C|T,670_T|G,1912_C|T,2232_C|T,2790_C|T,3037_C|T,3317_C|T,3358_T|C,4184_G|A,4321_C|T,9344_C|T,9424_A|G,9534_C|T,10029_C|T,10198_C|T,10447_G|A,10449_C|A,12025_C|T,12160_G|A,12880_C|T,14408_C|T,15714_C|T,17410_C|T,18163_A|G,19955_C|T,20055_A|G,21618_C|T,21987_G|A,22200_T|G,22578_G|A,22674_C|T,22679_T|C,22686_C|T,22688_A|G,22775_G|A,22786_A|C,22813_G|T,22882_T|G,22917_T|G,22992_G|A,22995_C|A,23013_A|C,23018_T|G,23055_A|G,23063_A|T,23075_T|C,23403_A|G,23525_C|T,23599_T|G,23604_C|A,23854_C|A,23948_G|T,24424_A|T,24469_T|A,25000_C|T,25584_C|T,26060_C|T,26270_C|T,26529_G|A,26577_C|G,26709_G|A,27807_C|T,28087_C|T,28271_A|T,28311_C|T,28677_C|T,28881_G|A,28882_G|A,28883_G|C,29510_A|C,11288_11296,21633_21641,21765_21770,28362_28370,29734_29759
USA/VA-CDC-LC0769236/2022	XAZ	162_C|T,241_C|T,670_T|G,1912_C|T,2232_C|T,2790_C|T,3037_C|T,3317_C|T,3358_T|C,4184_G|A,4321_C|T,9344_C|T,9424_A|G,9534_C|T,10029_C|T,10198_C|T,10447_G|A,10449_C|A,12160_G|A,12880_C|T,14408_C|T,15714_C|T,17410_C|T,18163_A|G,19955_C|T,20055_A|G,21618_C|T,21987_G|A,22200_T|G,22578_G|A,22674_C|T,22679_T|C,22686_C|T,22688_A|G,22775_G|A,22786_A|C,22813_G|T,22882_T|G,22917_T|G,22992_G|A,22995_C|A,23013_A|C,23018_T|G,23055_A|G,23063_A|T,23075_T|C,23403_A|G,23525_C|T,23599_T|G,23604_C|A,23854_C|A,23948_G|T,24424_A|T,24469_T|A,25000_C|T,25584_C|T,26060_C|T,26270_C|T,26529_G|A,26577_C|G,26709_G|A,27807_C|T,28271_A|T,28311_C|T,28881_G|A,28882_G|A,28883_G|C,29510_A|C,11288_11296,21633_21641,21765_21770,28362_28370,29734_29759
USA/VA-QSTVAS3-38704599/2022	XAZ	241_C|T,670_T|G,1613_C|T,1912_C|T,2232_C|T,2790_C|T,3037_C|T,3317_C|T,3358_T|C,4184_G|A,4321_C|T,9344_C|T,9424_A|G,9534_C|T,10029_C|T,10198_C|T,10447_G|A,10449_C|A,12160_G|A,12880_C|T,14408_C|T,15714_C|T,17410_C|T,18163_A|G,19955_C|T,20055_A|G,21618_C|T,21987_G|A,22200_T|G,22578_G|A,22674_C|T,22679_T|C,22686_C|T,22688_A|G,22775_G|A,22786_A|C,22813_G|T,22882_T|G,22917_T|G,22992_G|A,22995_C|A,23013_A|C,23018_T|G,23055_A|G,23063_A|T,23075_T|C,23403_A|G,23525_C|T,23599_T|G,23604_C|A,23854_C|A,23948_G|T,24424_A|T,24469_T|A,25000_C|T,25584_C|T,26060_C|T,26270_C|T,26529_G|A,26577_C|G,26709_G|A,27807_C|T,28271_A|T,28311_C|T,28881_G|A,28882_G|A,28883_G|C,29510_A|C,11288_11296,21633_21641,21765_21770,28362_28370,29734_29759
USA/VA-QSTVAS3-38704630/2022	XAZ	162_C|T,241_C|T,670_T|G,1912_C|T,2232_C|T,2790_C|T,3037_C|T,3317_C|T,3358_T|C,4184_G|A,4321_C|T,9344_C|T,9424_A|G,9534_C|T,10029_C|T,10198_C|T,10447_G|A,10449_C|A,12160_G|A,12880_C|T,14408_C|T,15714_C|T,17410_C|T,18163_A|G,19955_C|T,20055_A|G,21618_C|T,21987_G|A,22200_T|G,22578_G|A,22674_C|T,22679_T|C,22686_C|T,22688_A|G,22775_G|A,22786_A|C,22813_G|T,22882_T|G,22917_T|G,22992_G|A,22995_C|A,23013_A|C,23018_T|G,23055_A|G,23063_A|T,23075_T|C,23403_A|G,23525_C|T,23599_T|G,23604_C|A,23854_C|A,23948_G|T,24424_A|T,24469_T|A,25000_C|T,25584_C|T,26060_C|T,26270_C|T,26529_G|A,26577_C|G,26709_G|A,27807_C|T,28271_A|T,28311_C|T,28881_G|A,28882_G|A,28883_G|C,29510_A|C,11288_11296,21633_21641,21765_21770,28362_28370,29734_29759
USA/VA_FBCH_4958/2022	XAZ	162_C|T,241_C|T,670_T|G,1912_C|T,2232_C|T,2790_C|T,3037_C|T,3317_C|T,3358_T|C,4184_G|A,4321_C|T,9344_C|T,9424_A|G,9534_C|T,10029_C|T,10198_C|T,10447_G|A,10449_C|A,12160_G|A,12880_C|T,14408_C|T,15714_C|T,15960_C|T,17410_C|T,18163_A|G,19955_C|T,20055_A|G,21618_C|T,21987_G|A,22200_T|G,22578_G|A,22674_C|T,22679_T|C,22686_C|T,22688_A|G,22775_G|A,22786_A|C,22813_G|T,22882_T|G,22917_T|G,22992_G|A,22995_C|A,23013_A|C,23018_T|G,23055_A|G,23063_A|T,23075_T|C,23403_A|G,23525_C|T,23599_T|G,23604_C|A,23854_C|A,23948_G|T,24424_A|T,24469_T|A,25000_C|T,25584_C|T,26060_C|T,26270_C|T,26529_G|A,26577_C|G,26709_G|A,27807_C|T,28271_A|T,28311_C|T,28881_G|A,28882_G|A,28883_G|C,29510_A|C,510_518,11288_11296,21633_21641,21765_21770,28362_28370,29734_29759
ZAF/NHLS-UCT-LA-ZB95/2022	XAZ	241_C|T,670_T|G,681_A|G,1912_C|T,2790_C|T,3037_C|T,3317_C|T,3358_T|C,4184_G|A,4321_C|T,6541_C|T,8395_T|G,9344_C|T,9424_A|G,9534_C|T,10029_C|T,10198_C|T,10447_G|A,10449_C|A,12160_G|A,12880_C|T,14408_C|T,15714_C|T,17410_C|T,18163_A|G,18981_C|T,19955_C|T,20055_A|G,21618_C|T,21987_G|A,22200_T|G,22578_G|A,22674_C|T,22679_T|C,22686_C|T,22688_A|G,22775_G|A,22813_G|T,22882_T|G,22917_T|G,22992_G|A,22995_C|A,23013_A|C,23018_T|G,23055_A|G,23063_A|T,23075_T|C,23403_A|G,23525_C|T,23599_T|G,23604_C|A,23854_C|A,23948_G|T,24424_A|T,24469_T|A,25000_C|T,25584_C|T,26060_C|T,26123_T|C,26270_C|T,26529_G|A,26709_G|A,27807_C|T,28271_A|T,28311_C|T,28881_G|A,28882_G|A,28883_G|C,29510_A|C,11288_11296,21633_21641,21765_21770,28362_28370
IMS-10030-CVDP-6310ACF3-D324-477D-8058-C07254DB4DE9	XAZ	241_C|T,670_T|G,1912_C|T,2232_C|T,2790_C|T,3037_C|T,3317_C|T,3358_T|C,4084_C|T,4184_G|A,4321_C|T,9344_C|T,9424_A|G,9534_C|T,10029_C|T,10198_C|T,10447_G|A,10449_C|A,11527_G|A,12160_G|A,12880_C|T,14318_C|T,14408_C|T,15714_C|T,17410_C|T,18163_A|G,19488_C|T,19955_C|T,20055_A|G,21618_C|T,21987_G|A,22200_T|G,22578_G|A,22674_C|T,22679_T|C,22686_C|T,22688_A|G,22775_G|A,22786_A|C,22813_G|T,22882_T|G,22917_T|G,22992_G|A,22995_C|A,23013_A|C,23018_T|G,23055_A|G,23063_A|T,23075_T|C,23403_A|G,23525_C|T,23599_T|G,23604_C|A,23854_C|A,23948_G|T,24424_A|T,24469_T|A,25000_C|T,25584_C|T,26060_C|T,26270_C|T,26529_G|A,26577_C|G,26709_G|A,27807_C|T,28271_A|T,28311_C|T,28817_G|A,28881_G|A,28882_G|A,28883_G|C,29466_C|T,29510_A|C,11288_11296,21633_21641,21765_21770,28254,28362_28370,28250_.|CTG
IMS-10033-CVDP-0A4ED0DD-52E6-4BFD-B377-F1AED2692CE6	XAZ	162_C|T,241_C|T,670_T|G,1912_C|T,2232_C|T,2790_C|T,3037_C|T,3317_C|T,3358_T|C,4184_G|A,4321_C|T,9344_C|T,9424_A|G,9534_C|T,10029_C|T,10198_C|T,10447_G|A,10449_C|A,10681_C|T,12160_G|A,12880_C|T,13297_C|T,14408_C|T,15714_C|T,17410_C|T,18163_A|G,19955_C|T,20055_A|G,20569_G|A,21618_C|T,21987_G|A,22200_T|G,22578_G|A,22674_C|T,22679_T|C,22686_C|T,22688_A|G,22775_G|A,22786_A|C,22813_G|T,22882_T|G,22917_T|G,22992_G|A,22995_C|A,23013_A|C,23018_T|G,23055_A|G,23063_A|T,23075_T|C,23403_A|G,23525_C|T,23599_T|G,23604_C|A,23854_C|A,23948_G|T,24424_A|T,24469_T|A,25000_C|T,25418_C|A,25584_C|T,26060_C|T,26270_C|T,26408_C|T,26529_G|A,26577_C|G,26709_G|A,27807_C|T,28271_A|T,28311_C|T,28881_G|A,28882_G|A,28883_G|C,29510_A|C,11288_11296,21633_21641,21765_21770,28362_28370
IMS-10033-CVDP-8765CD3C-F25B-4173-8933-96879157E3E4	XAZ	162_C|T,241_C|T,670_T|G,1912_C|T,2232_C|T,2790_C|T,3037_C|T,3317_C|T,3358_T|C,3468_G|A,4184_G|A,4321_C|T,9344_C|T,9424_A|G,9534_C|T,10029_C|T,10198_C|T,10447_G|A,10449_C|A,12160_G|A,12484_C|T,12880_C|T,13348_G|T,14408_C|T,15714_C|T,16806_C|T,17410_C|T,18163_A|G,19955_C|T,20055_A|G,21618_C|T,21987_G|A,22200_T|G,22578_G|A,22674_C|T,22679_T|C,22686_C|T,22688_A|G,22775_G|A,22786_A|C,22813_G|T,22882_T|G,22917_T|G,22992_G|A,22995_C|A,23013_A|C,23018_T|G,23055_A|G,23063_A|T,23075_T|C,23403_A|G,23525_C|T,23599_T|G,23604_C|A,23854_C|A,23948_G|T,24424_A|T,24469_T|A,25000_C|T,25584_C|T,26060_C|T,26270_C|T,26529_G|A,26577_C|G,26709_G|A,27807_C|T,28271_A|T,28311_C|T,28881_G|A,28882_G|A,28883_G|C,29510_A|C,11288_11296,21633_21641,21765_21770,28362_28370
IMS-10033-CVDP-A45D4716-EAF1-4841-AD7E-1757AC4925F0	XAZ	241_C|T,670_T|G,1912_C|T,2232_C|T,2790_C|T,3037_C|T,3317_C|T,3358_T|C,4184_G|A,4321_C|T,6230_C|T,9344_C|T,9424_A|G,9534_C|T,10029_C|T,10198_C|T,10447_G|A,10449_C|A,12160_G|A,12880_C|T,14408_C|T,15078_T|C,15714_C|T,17410_C|T,18163_A|G,19955_C|T,20055_A|G,21618_C|T,21987_G|A,22200_T|G,22578_G|A,22599_G|T,22674_C|T,22679_T|C,22686_C|T,22688_A|G,22775_G|A,22786_A|C,22813_G|T,22882_T|G,22917_T|G,22992_G|A,22995_C|A,23013_A|C,23018_T|G,23055_A|G,23063_A|T,23075_T|C,23403_A|G,23525_C|T,23599_T|G,23604_C|A,23854_C|A,23948_G|T,24424_A|T,24469_T|A,25000_C|T,25584_C|T,26060_C|T,26270_C|T,26529_G|A,26577_C|G,26709_G|A,27807_C|T,28114_T|G,28271_A|T,28311_C|T,28881_G|A,28882_G|A,28883_G|C,29229_G|A,29402_G|T,29510_A|C,11288_11296,21633_21641,21765_21770,28362_28370
IMS-10033-CVDP-AD56DACA-5A9B-49EF-BBA3-C4FAF4245F78	XAZ	241_C|T,670_T|G,1912_C|T,2232_C|T,2790_C|T,3037_C|T,3317_C|T,3358_T|C,4184_G|A,4321_C|T,6230_C|T,9344_C|T,9424_A|G,9534_C|T,10029_C|T,10198_C|T,10447_G|A,10449_C|A,12160_G|A,12880_C|T,14408_C|T,15078_T|C,15714_C|T,17410_C|T,18163_A|G,19955_C|T,20055_A|G,21618_C|T,21987_G|A,22200_T|G,22578_G|A,22599_G|T,22674_C|T,22679_T|C,22686_C|T,22688_A|G,22775_G|A,22786_A|C,22813_G|T,22882_T|G,22917_T|G,22992_G|A,22995_C|A,23013_A|C,23018_T|G,23055_A|G,23063_A|T,23075_T|C,23403_A|G,23525_C|T,23599_T|G,23604_C|A,23854_C|A,23948_G|T,24424_A|T,24469_T|A,25000_C|T,25584_C|T,26060_C|T,26270_C|T,26529_G|A,26577_C|G,26709_G|A,27807_C|T,28114_T|G,28271_A|T,28311_C|T,28881_G|A,28882_G|A,28883_G|C,29229_G|A,29402_G|T,29510_A|C,11288_11296,21633_21641,21765_21770,28362_28370
IMS-10122-CVDP-0BBE58AE-4541-4DAD-BD3F-70963AD76E2C	XAZ	241_C|T,670_T|G,1912_C|T,2232_C|T,2790_C|T,3037_C|T,3317_C|T,3358_T|C,4184_G|A,4321_C|T,6230_C|T,9344_C|T,9424_A|G,9534_C|T,10029_C|T,10198_C|T,10447_G|A,10449_C|A,11083_G|T,12160_G|A,12880_C|T,14408_C|T,15078_T|C,15714_C|T,17410_C|T,18163_A|G,19955_C|T,20055_A|G,21618_C|T,21987_G|A,22200_T|G,22578_G|A,22599_G|T,22674_C|T,22679_T|C,22686_C|T,22688_A|G,22775_G|A,22786_A|C,22813_G|T,22882_T|G,22917_T|G,22992_G|A,22995_C|A,23013_A|C,23018_T|G,23055_A|G,23063_A|T,23075_T|C,23403_A|G,23525_C|T,23599_T|G,23604_C|A,23854_C|A,23948_G|T,24424_A|T,24469_T|A,25000_C|T,25584_C|T,26060_C|T,26270_C|T,26529_G|A,26577_C|G,26709_G|A,27807_C|T,28114_T|G,28271_A|T,28311_C|T,28881_G|A,28882_G|A,28883_G|C,29229_G|A,29402_G|T,29510_A|C,11288_11296,21633_21641,21765_21770,28362_28370
IMS-10122-CVDP-0F661D94-C747-4A10-8F3B-69AB147D72D4	XAZ	241_C|T,670_T|G,1912_C|T,2232_C|T,2790_C|T,3037_C|T,3317_C|T,3358_T|C,4184_G|A,4321_C|T,9344_C|T,9424_A|G,9534_C|T,10029_C|T,10198_C|T,10447_G|A,10449_C|A,10714_C|T,12160_G|A,12880_C|T,14408_C|T,15714_C|T,17410_C|T,18163_A|G,19955_C|T,20055_A|G,21618_C|T,21807_C|T,21987_G|A,22200_T|G,22578_G|A,22674_C|T,22679_T|C,22686_C|T,22688_A|G,22775_G|A,22786_A|C,22813_G|T,22882_T|G,22917_T|G,22992_G|A,22995_C|A,23013_A|C,23018_T|G,23055_A|G,23063_A|T,23075_T|C,23403_A|G,23525_C|T,23599_T|G,23604_C|A,23854_C|A,23948_G|T,24424_A|T,24469_T|A,25000_C|T,25584_C|T,26060_C|T,26270_C|T,26529_G|A,26577_C|G,26709_G|A,27807_C|T,28271_A|T,28311_C|T,28881_G|A,28882_G|A,28883_G|C,29510_A|C,509_523,11288_11296,21633_21641,21765_21770,27579_27592,28362_28370
IMS-10122-CVDP-20385013-4FD6-47A3-B34E-24C34510F841	XAZ	162_C|T,241_C|T,670_T|G,1912_C|T,2232_C|T,2790_C|T,3037_C|T,3317_C|T,3358_T|C,4184_G|A,4321_C|T,9344_C|T,9424_A|G,9534_C|T,10029_C|T,10198_C|T,10447_G|A,10449_C|A,12160_G|A,12880_C|T,14408_C|T,15714_C|T,17410_C|T,18163_A|G,19955_C|T,20055_A|G,20569_G|A,21618_C|T,21987_G|A,22200_T|G,22578_G|A,22674_C|T,22679_T|C,22686_C|T,22688_A|G,22775_G|A,22786_A|C,22813_G|T,22882_T|G,22917_T|G,22992_G|A,22995_C|A,23013_A|C,23018_T|G,23055_A|G,23063_A|T,23075_T|C,23403_A|G,23525_C|T,23599_T|G,23604_C|A,23854_C|A,23948_G|T,24424_A|T,24469_T|A,25000_C|T,25584_C|T,26060_C|T,26270_C|T,26529_G|A,26577_C|G,26709_G|A,27807_C|T,28271_A|T,28311_C|T,28881_G|A,28882_G|A,28883_G|C,29510_A|C,11288_11296,21633_21641,21765_21770,26158_26161,28362_28370
IMS-10122-CVDP-DE2AE5DC-0075-4432-9926-B16C607F119A	XAZ	162_C|T,241_C|T,670_T|G,1912_C|T,2232_C|T,2790_C|T,3037_C|T,3317_C|T,3358_T|C,4184_G|A,4321_C|T,9344_C|T,9424_A|G,9534_C|T,10029_C|T,10198_C|T,10447_G|A,10449_C|A,12160_G|A,12880_C|T,14408_C|T,15714_C|T,17410_C|T,18163_A|G,19955_C|T,20055_A|G,20569_G|A,21618_C|T,21987_G|A,22200_T|G,22578_G|A,22674_C|T,22679_T|C,22686_C|T,22688_A|G,22775_G|A,22786_A|C,22813_G|T,22882_T|G,22917_T|G,22992_G|A,22995_C|A,23013_A|C,23018_T|G,23055_A|G,23063_A|T,23075_T|C,23403_A|G,23525_C|T,23599_T|G,23604_C|A,23854_C|A,23948_G|T,24424_A|T,24469_T|A,25000_C|T,25584_C|T,26060_C|T,26270_C|T,26529_G|A,26577_C|G,26709_G|A,27807_C|T,28271_A|T,28311_C|T,28881_G|A,28882_G|A,28883_G|C,29510_A|C,11288_11296,21633_21641,21765_21770,26158_26161,28362_28370
IMS-10150-CVDP-84CB3102-E032-4AFF-A219-59774B14928A	XAZ	241_C|T,670_T|G,1906_T|C,1912_C|T,2232_C|T,2790_C|T,3037_C|T,3317_C|T,3358_T|C,4184_G|A,4321_C|T,9344_C|T,9424_A|G,9534_C|T,10029_C|T,10198_C|T,10447_G|A,10449_C|A,12160_G|A,12880_C|T,14408_C|T,15714_C|T,17410_C|T,18163_A|G,19955_C|T,20055_A|G,21618_C|T,21987_G|A,22200_T|G,22578_G|A,22674_C|T,22679_T|C,22686_C|T,22688_A|G,22775_G|A,22786_A|C,22813_G|T,22882_T|G,22917_T|G,22992_G|A,22995_C|A,23013_A|C,23018_T|G,23055_A|G,23063_A|T,23075_T|C,23403_A|G,23525_C|T,23599_T|G,23604_C|A,23854_C|A,23948_G|T,24424_A|T,24469_T|A,25000_C|T,25584_C|T,26060_C|T,26270_C|T,26529_G|A,26577_C|G,26709_G|A,27807_C|T,28271_A|T,28311_C|T,28881_G|A,29510_A|C,515_520,11288_11296,21633_21641,21765_21770,28362_28370,29734_29759
IMS-10150-CVDP-93C18C1E-93AE-46F9-BE63-4C921CCD3668	XAZ	241_C|T,670_T|G,1912_C|T,2232_C|T,2790_C|T,3037_C|T,3317_C|T,3358_T|C,4184_G|A,4321_C|T,9344_C|T,9424_A|G,9534_C|T,10029_C|T,10198_C|T,10447_G|A,10449_C|A,12160_G|A,12880_C|T,14408_C|T,15714_C|T,17410_C|T,18163_A|G,19955_C|T,20055_A|G,21618_C|T,21807_C|T,21987_G|A,22200_T|G,22578_G|A,22674_C|T,22679_T|C,22686_C|T,22688_A|G,22775_G|A,22786_A|C,22813_G|T,22882_T|G,22917_T|G,22992_G|A,22995_C|A,23013_A|C,23018_T|G,23055_A|G,23063_A|T,23075_T|C,23403_A|G,23525_C|T,23599_T|G,23604_C|A,23854_C|A,23948_G|T,24424_A|T,24469_T|A,25000_C|T,25584_C|T,26060_C|T,26270_C|T,26529_G|A,26577_C|G,26709_G|A,27361_G|T,27807_C|T,28271_A|T,28311_C|T,28881_G|A,29510_A|C,11288_11296,21633_21641,21765_21770,28362_28370,29734_29759
IMS-10150-CVDP-A5BA9FD6-A8A9-463A-B900-1C1AF060B6C6	XAZ	241_C|T,670_T|G,1912_C|T,2232_C|T,2790_C|T,3037_C|T,3317_C|T,3358_T|C,4184_G|A,4321_C|T,6230_C|T,9344_C|T,9424_A|G,9534_C|T,10029_C|T,10198_C|T,10447_G|A,10449_C|A,11908_A|G,12160_G|A,12880_C|T,14408_C|T,15714_C|T,17410_C|T,18163_A|G,19955_C|T,20055_A|G,21618_C|T,21987_G|A,22200_T|G,22578_G|A,22674_C|T,22679_T|C,22686_C|T,22688_A|G,22775_G|A,22786_A|C,22813_G|T,22882_T|G,22917_T|G,22992_G|A,22995_C|A,23013_A|C,23018_T|G,23055_A|G,23063_A|T,23075_T|C,23403_A|G,23525_C|T,23599_T|G,23604_C|A,23854_C|A,23948_G|T,24424_A|T,24469_T|A,25000_C|T,25584_C|T,26060_C|T,26270_C|T,26529_G|A,26577_C|G,26709_G|A,27807_C|T,28114_T|G,28271_A|T,28311_C|T,28881_G|A,29510_A|C,11288_11296,21633_21641,21765_21770,28362_28370,29734_29759
IMS-10150-CVDP-C467A6A1-442C-42A4-B66C-D6E9EA618E61	XAZ	241_C|T,670_T|G,1912_C|T,2232_C|T,2790_C|T,3037_C|T,3317_C|T,3358_T|C,3562_G|A,4184_G|A,4321_C|T,9344_C|T,9424_A|G,9534_C|T,10029_C|T,10198_C|T,10447_G|A,10449_C|A,12160_G|A,12880_C|T,14408_C|T,15714_C|T,17410_C|T,18163_A|G,19955_C|T,20055_A|G,21618_C|T,21987_G|A,22200_T|G,22578_G|A,22674_C|T,22679_T|C,22686_C|T,22688_A|G,22775_G|A,22786_A|C,22813_G|T,22882_T|G,22917_T|G,22992_G|A,22995_C|A,23013_A|C,23018_T|G,23055_A|G,23063_A|T,23075_T|C,23403_A|G,23525_C|T,23599_T|G,23604_C|A,23854_C|A,23948_G|T,24424_A|T,24469_T|A,25000_C|T,25584_C|T,26060_C|T,26270_C|T,26529_G|A,26577_C|G,26709_G|A,27807_C|T,28271_A|T,28311_C|T,28881_G|A,28883_G|C,29510_A|C,11288_11296,21633_21641,21765_21770,28362_28370,29734_29759
IMS-10150-CVDP-D1059171-7084-45BC-A3A0-75A2B2EF228F	XAZ	162_C|T,241_C|T,670_T|G,1435_A|C,1912_C|T,2232_C|T,2790_C|T,3037_C|T,3317_C|T,3358_T|C,3880_G|T,4184_G|A,4321_C|T,9344_C|T,9424_A|G,9534_C|T,10029_C|T,10198_C|T,10447_G|A,10449_C|A,12160_G|A,12880_C|T,14408_C|T,15714_C|T,17410_C|T,18163_A|G,19955_C|T,20055_A|G,21618_C|T,21987_G|A,22200_T|G,22578_G|A,22674_C|T,22679_T|C,22686_C|T,22688_A|G,22775_G|A,22786_A|C,22813_G|T,22882_T|G,22917_T|G,22992_G|A,22995_C|A,23013_A|C,23018_T|G,23055_A|G,23063_A|T,23075_T|C,23403_A|G,23525_C|T,23599_T|G,23604_C|A,23854_C|A,23948_G|T,24424_A|T,24469_T|A,25000_C|T,25584_C|T,26060_C|T,26270_C|T,26529_G|A,26577_C|G,26709_G|A,27807_C|T,28271_A|T,28311_C|T,28881_G|A,29510_A|C,11288_11296,21633_21641,21765_21770,28362_28370,29734_29759
IMS-10174-CVDP-45A8CB1D-EEA4-4B76-8A8A-E7EA1FC7827D	XAZ	44_C|T,241_C|T,670_T|G,1912_C|T,2232_C|T,2790_C|T,3037_C|T,3317_C|T,3358_T|C,4184_G|A,4321_C|T,9344_C|T,9424_A|G,9534_C|T,10029_C|T,10198_C|T,10447_G|A,10449_C|A,12025_C|T,12160_G|A,12880_C|T,14189_C|T,14408_C|T,15714_C|T,16076_A|G,17410_C|T,18163_A|G,19955_C|T,20055_A|G,21618_C|T,21987_G|A,22200_T|G,22578_G|A,22674_C|T,22679_T|C,22686_C|T,22688_A|G,22775_G|A,22786_A|C,22813_G|T,22882_T|G,22917_T|G,22992_G|A,22995_C|A,23013_A|C,23018_T|G,23055_A|G,23063_A|T,23075_T|C,23403_A|G,23525_C|T,23599_T|G,23604_C|A,23854_C|A,23948_G|T,24424_A|T,24469_T|A,25000_C|T,25517_C|A,25584_C|T,26060_C|T,26270_C|T,26529_G|A,26577_C|G,26709_G|A,27807_C|T,28271_A|T,28311_C|T,28881_G|A,28882_G|A,28883_G|C,29510_A|C,11288_11296,21633_21641,21765_21770,28362_28370,29728_29776
IMS-10174-CVDP-A7A814E5-B979-47A3-B17A-CEB8C51110CD	XAZ	44_C|T,241_C|T,670_T|G,1912_C|T,2232_C|T,2790_C|T,3037_C|T,3317_C|T,3358_T|C,4184_G|A,4321_C|T,9344_C|T,9424_A|G,9534_C|T,10029_C|T,10198_C|T,10447_G|A,10449_C|A,11514_C|T,12160_G|A,12880_C|T,14408_C|T,15714_C|T,17410_C|T,18163_A|G,19955_C|T,20055_A|G,21618_C|T,21987_G|A,22200_T|G,22578_G|A,22674_C|T,22679_T|C,22686_C|T,22688_A|G,22775_G|A,22786_A|C,22813_G|T,22882_T|G,22917_T|G,22992_G|A,22995_C|A,23013_A|C,23018_T|G,23055_A|G,23063_A|T,23075_T|C,23403_A|G,23525_C|T,23599_T|G,23604_C|A,23854_C|A,23948_G|T,24424_A|T,24469_T|A,25000_C|T,25584_C|T,26060_C|T,26270_C|T,26529_G|A,26577_C|G,26709_G|A,27807_C|T,28271_A|T,28311_C|T,28881_G|A,28882_G|A,28883_G|C,29510_A|C,29837_C|T,11288_11296,21633_21641,21765_21770,28362_28370,29734_29759
IMS-10214-CVDP-58581CA2-13C0-47A7-B326-64A728BA6229	XAZ	162_C|T,241_C|T,670_T|G,1912_C|T,2232_C|T,2790_C|T,3037_C|T,3317_C|T,3358_T|C,4184_G|A,4321_C|T,9344_C|T,9424_A|G,9534_C|T,10029_C|T,10198_C|T,10447_G|A,10449_C|A,12160_G|A,12880_C|T,14408_C|T,15714_C|T,15960_C|T,17410_C|T,18163_A|G,19955_C|T,20055_A|G,21618_C|T,21987_G|A,22200_T|G,22578_G|A,22674_C|T,22679_T|C,22686_C|T,22688_A|G,22775_G|A,22786_A|C,22813_G|T,22882_T|G,22917_T|G,22992_G|A,22995_C|A,23013_A|C,23018_T|G,23055_A|G,23063_A|T,23075_T|C,23403_A|G,23525_C|T,23599_T|G,23604_C|A,23854_C|A,23948_G|T,24424_A|T,24469_T|A,25000_C|T,25584_C|T,26060_C|T,26270_C|T,26529_G|A,26577_C|G,26709_G|A,27807_C|T,28271_A|T,28311_C|T,28881_G|A,28882_G|A,28883_G|C,29510_A|C,29734_G|T,11288_11296,21633_21641,21765_21770,28362_28370
IMS-10214-CVDP-5926D171-EFC4-474C-8354-50ADC551A8DA	XAZ	162_C|T,241_C|T,670_T|G,1912_C|T,2232_C|T,2790_C|T,3037_C|T,3317_C|T,3358_T|C,4184_G|A,4321_C|T,9344_C|T,9424_A|G,9534_C|T,10029_C|T,10198_C|T,10447_G|A,10449_C|A,12160_G|A,12880_C|T,14408_C|T,15714_C|T,15960_C|T,17410_C|T,18163_A|G,19955_C|T,20055_A|G,21618_C|T,21987_G|A,22200_T|G,22578_G|A,22674_C|T,22679_T|C,22686_C|T,22688_A|G,22775_G|A,22786_A|C,22813_G|T,22882_T|G,22917_T|G,22992_G|A,22995_C|A,23013_A|C,23018_T|G,23055_A|G,23063_A|T,23075_T|C,23403_A|G,23525_C|T,23599_T|G,23604_C|A,23854_C|A,23948_G|T,24424_A|T,24469_T|A,25000_C|T,25584_C|T,26060_C|T,26270_C|T,26529_G|A,26577_C|G,26709_G|A,27807_C|T,28271_A|T,28311_C|T,28881_G|A,28882_G|A,28883_G|C,29510_A|C,29734_G|T,11288_11296,21633_21641,21765_21770,28362_28370
IMS-10214-CVDP-69F9D5D7-54C9-4C48-B888-4A99C0CE2426	XAZ	162_C|T,241_C|T,670_T|G,1912_C|T,2790_C|T,3037_C|T,3317_C|T,3358_T|C,4184_G|A,4321_C|T,9344_C|T,9424_A|G,9534_C|T,10029_C|T,10198_C|T,10447_G|A,10449_C|A,12160_G|A,12880_C|T,14408_C|T,15714_C|T,15960_C|T,17410_C|T,18163_A|G,19955_C|T,20055_A|G,21618_C|T,21987_G|A,22200_T|G,22578_G|A,22674_C|T,22679_T|C,22686_C|T,22688_A|G,22775_G|A,22786_A|C,22813_G|T,22882_T|G,22917_T|G,22992_G|A,22995_C|A,23013_A|C,23018_T|G,23055_A|G,23063_A|T,23075_T|C,23403_A|G,23525_C|T,23599_T|G,23604_C|A,23854_C|A,23948_G|T,24424_A|T,24469_T|A,25000_C|T,25584_C|T,26060_C|T,26270_C|T,26529_G|A,26577_C|G,26709_G|A,27807_C|T,28271_A|T,28311_C|T,28881_G|A,28882_G|A,28883_G|C,29510_A|C,29734_G|T,510_518,11288_11296,21633_21641,21765_21770,28362_28370
IMS-10215-CVDP-25AB0FFB-7BDE-4362-9607-56C3E207016C	XAZ	44_C|T,241_C|T,670_T|G,1912_C|T,2232_C|T,2790_C|T,3037_C|T,3317_C|T,3358_T|C,4184_G|A,4321_C|T,9344_C|T,9424_A|G,9534_C|T,10029_C|T,10198_C|T,10447_G|A,10449_C|A,12160_G|A,12880_C|T,14408_C|T,15714_C|T,16983_T|C,17410_C|T,18163_A|G,19955_C|T,20055_A|G,21618_C|T,21987_G|A,22200_T|G,22578_G|A,22674_C|T,22679_T|C,22686_C|T,22688_A|G,22775_G|A,22786_A|C,22813_G|T,22882_T|G,22917_T|G,22992_G|A,22995_C|A,23013_A|C,23018_T|G,23055_A|G,23063_A|T,23075_T|C,23403_A|G,23525_C|T,23854_C|A,23948_G|T,24424_A|T,24469_T|A,25000_C|T,25584_C|T,26060_C|T,26270_C|T,26529_G|A,26577_C|G,26709_G|A,27807_C|T,28271_A|T,28311_C|T,28881_G|A,28882_G|A,28883_G|C,29510_A|C,11288_11296,21633_21641,21765_21770,28362_28370
IMS-10216-CVDP-E2F6B3A2-23D0-4897-9575-DA277CC2D0A6	XAZ	162_C|T,241_C|T,670_T|G,1912_C|T,2232_C|T,2790_C|T,3004_G|T,3037_C|T,3317_C|T,3358_T|C,4184_G|A,4321_C|T,9344_C|T,9424_A|G,9534_C|T,10029_C|T,10165_C|T,10198_C|T,10447_G|A,10449_C|A,12160_G|A,12880_C|T,14408_C|T,15714_C|T,15738_C|T,17410_C|T,18163_A|G,19955_C|T,20055_A|G,20569_G|A,21618_C|T,21987_G|A,22200_T|G,22578_G|A,22674_C|T,22679_T|C,22686_C|T,22688_A|G,22775_G|A,22786_A|C,22813_G|T,22882_T|G,22917_T|G,22992_G|A,22995_C|A,23013_A|C,23018_T|G,23055_A|G,23063_A|T,23075_T|C,23403_A|G,23525_C|T,23599_T|G,23604_C|A,23854_C|A,23948_G|T,24424_A|T,24469_T|A,25000_C|T,25584_C|T,26060_C|T,26270_C|T,26408_C|T,26529_G|A,26577_C|G,26709_G|A,27807_C|T,28271_A|T,28311_C|T,28881_G|A,28882_G|A,28883_G|C,29510_A|C,11288_11296,21633_21641,21765_21770,28362_28370,29734_29759
IMS-10227-CVDP-918D38EE-A1D3-44F4-990F-A24817B9D73B	XAZ	241_C|T,670_T|G,745_C|T,1912_C|T,2128_T|C,2232_C|T,2790_C|T,3037_C|T,3317_C|T,3358_T|C,4184_G|A,4321_C|T,8950_C|T,9344_C|T,9424_A|G,9534_C|T,10029_C|T,10198_C|T,10447_G|A,10449_C|A,12025_C|T,12160_G|A,12880_C|T,14408_C|T,15714_C|T,17410_C|T,18163_A|G,19955_C|T,20055_A|G,21618_C|T,22200_T|G,22578_G|A,22674_C|T,22679_T|C,22686_C|T,22688_A|G,22775_G|A,22786_A|C,22813_G|T,22917_T|G,22992_G|A,22995_C|A,23013_A|C,23018_T|G,23055_A|G,23063_A|T,23075_T|C,23403_A|G,23525_C|T,23599_T|G,23604_C|A,23854_C|A,23948_G|T,24424_A|T,24469_T|A,25584_C|T,26060_C|T,26270_C|T,26577_C|G,26579_A|G,26709_G|A,27615_C|T,27807_C|T,28271_A|T,28311_C|T,28881_G|A,28882_G|A,28883_G|C,29510_A|C,11288_11296,21633_21641,21765_21770,28362_28370,29734_29759
IMS-10227-CVDP-DD3748DE-8799-4D45-B4E1-5BFC6D0D7C70	XAZ	241_C|T,670_T|G,1912_C|T,2232_C|T,2790_C|T,3037_C|T,3317_C|T,3358_T|C,4184_G|A,4321_C|T,9344_C|T,9424_A|G,9534_C|T,10029_C|T,10198_C|T,10447_G|A,10449_C|A,12160_G|A,12880_C|T,14408_C|T,15714_C|T,17410_C|T,18163_A|G,19955_C|T,20055_A|G,21618_C|T,22200_T|G,22578_G|A,22674_C|T,22679_T|C,22686_C|T,22688_A|G,22775_G|A,22786_A|C,22813_G|T,22917_T|G,22992_G|A,22995_C|A,23013_A|C,23018_T|G,23055_A|G,23063_A|T,23075_T|C,23403_A|G,23525_C|T,23599_T|G,23604_C|A,23854_C|A,23948_G|T,24424_A|T,24469_T|A,25000_C|T,25584_C|T,26060_C|T,26270_C|T,26529_G|A,26577_C|G,26709_G|A,27807_C|T,28271_A|T,28311_C|T,28881_G|A,28882_G|A,28883_G|C,29510_A|C,11288_11296,21633_21641,21765_21770,28362_28370,29734_29759
IMS-10227-CVDP-E9C13370-0A4D-4FB6-9808-1E8FA2D046CF	XAZ	241_C|T,670_T|G,745_C|T,1912_C|T,2128_T|C,2232_C|T,2790_C|T,3037_C|T,3317_C|T,3358_T|C,4184_G|A,4321_C|T,8950_C|T,9344_C|T,9424_A|G,9534_C|T,10029_C|T,10198_C|T,10447_G|A,10449_C|A,12025_C|T,12160_G|A,12473_C|T,12880_C|T,14408_C|T,15714_C|T,17410_C|T,18163_A|G,19955_C|T,20055_A|G,21618_C|T,21987_G|A,22200_T|G,22578_G|A,22674_C|T,22679_T|C,22686_C|T,22688_A|G,22775_G|A,22786_A|C,22813_G|T,22917_T|G,22992_G|A,22995_C|A,23013_A|C,23018_T|G,23055_A|G,23063_A|T,23075_T|C,23403_A|G,23525_C|T,23599_T|G,23604_C|A,23854_C|A,23948_G|T,24424_A|T,24469_T|A,25000_C|T,25584_C|T,26060_C|T,26270_C|T,26529_G|A,26577_C|G,26579_A|G,26709_G|A,27615_C|T,27807_C|T,28271_A|T,28311_C|T,28881_G|A,28882_G|A,28883_G|C,29510_A|C,11288_11296,21633_21641,21765_21770,28362_28370,29734_29759
IMS-10227-CVDP-EB9BB083-2825-4DD3-A724-24AA7B0D3971	XAZ	241_C|T,670_T|G,745_C|T,1912_C|T,2128_T|C,2232_C|T,2790_C|T,3037_C|T,3317_C|T,3358_T|C,4184_G|A,4321_C|T,8950_C|T,9344_C|T,9424_A|G,9534_C|T,10029_C|T,10198_C|T,10447_G|A,10449_C|A,12025_C|T,12160_G|A,12473_C|T,12880_C|T,14408_C|T,15714_C|T,17410_C|T,18163_A|G,19955_C|T,20055_A|G,21618_C|T,21987_G|A,22200_T|G,22578_G|A,22674_C|T,22679_T|C,22686_C|T,22688_A|G,22775_G|A,22786_A|C,22813_G|T,22882_T|G,22917_T|G,22992_G|A,22995_C|A,23013_A|C,23018_T|G,23055_A|G,23063_A|T,23075_T|C,23403_A|G,23525_C|T,23599_T|G,23604_C|A,23854_C|A,23948_G|T,24424_A|T,24469_T|A,25000_C|T,25584_C|T,26060_C|T,26270_C|T,26577_C|G,26579_A|G,26709_G|A,27615_C|T,27807_C|T,28271_A|T,28311_C|T,28881_G|A,28882_G|A,28883_G|C,29510_A|C,11288_11296,21633_21641,21765_21770,28362_28370,29734_29759
IMS-10302-CVDP-B34A3A27-4DC4-4F9A-9CB7-DD526A337E09	XAZ	162_C|T,241_C|T,670_T|G,1912_C|T,2232_C|T,2790_C|T,3037_C|T,3317_C|T,3358_T|C,4184_G|A,4321_C|T,9344_C|T,9424_A|G,9534_C|T,10029_C|T,10198_C|T,10447_G|A,10449_C|A,12160_G|A,12880_C|T,14408_C|T,15714_C|T,15960_C|T,17410_C|T,18163_A|G,19955_C|T,20055_A|G,21618_C|T,21987_G|A,22200_T|G,22578_G|A,22674_C|T,22679_T|C,22686_C|T,22688_A|G,22775_G|A,22786_A|C,22813_G|T,22882_T|G,22917_T|G,22992_G|A,22995_C|A,23013_A|C,23018_T|G,23055_A|G,23063_A|T,23075_T|C,23403_A|G,23525_C|T,23599_T|G,23604_C|A,23854_C|A,23948_G|T,24424_A|T,24469_T|A,25000_C|T,25584_C|T,26060_C|T,26270_C|T,26529_G|A,26577_C|G,26709_G|A,27807_C|T,28271_A|T,28311_C|T,28881_G|A,28882_G|A,28883_G|C,29510_A|C,29734_G|T,11288_11296,21633_21641,21765_21770,28362_28370
IMS-10327-CVDP-698D5C52-8E21-406F-8BE6-D9BA58F911B7	XAZ	44_C|T,162_C|T,241_C|T,670_T|G,1912_C|T,2232_C|T,2790_C|T,3037_C|T,3317_C|T,3358_T|C,4184_G|A,4321_C|T,9344_C|T,9424_A|G,9534_C|T,10029_C|T,10198_C|T,10447_G|A,10449_C|A,12160_G|A,12880_C|T,14408_C|T,15714_C|T,15960_C|T,17410_C|T,18163_A|G,19955_C|T,20055_A|G,21618_C|T,21987_G|A,22200_T|G,22578_G|A,22674_C|T,22679_T|C,22686_C|T,22688_A|G,22775_G|A,22786_A|C,22813_G|T,22882_T|G,22917_T|G,22992_G|A,22995_C|A,23013_A|C,23018_T|G,23055_A|G,23063_A|T,23075_T|C,23403_A|G,23525_C|T,23599_T|G,23604_C|A,23854_C|A,23948_G|T,24424_A|T,24469_T|A,25000_C|T,25584_C|T,26060_C|T,26270_C|T,26529_G|A,26577_C|G,26709_G|A,27807_C|T,28271_A|T,28311_C|T,28881_G|A,28882_G|A,28883_G|C,29510_A|C,11288_11296,21633_21641,21765_21770,28362_28370,29734_29759
IMS-10350-CVDP-4ED545EF-98B5-48D1-904B-527554EFE2FC	XAZ	162_C|T,241_C|T,670_T|G,1912_C|T,2232_C|T,2790_C|T,3037_C|T,3317_C|T,3358_T|C,4184_G|A,4321_C|T,9344_C|T,9424_A|G,9534_C|T,10029_C|T,10198_C|T,10447_G|A,10449_C|A,12160_G|A,12880_C|T,14408_C|T,15714_C|T,15960_C|T,17410_C|T,18163_A|G,19955_C|T,20055_A|G,21618_C|T,21987_G|A,22200_T|G,22578_G|A,22674_C|T,22679_T|C,22686_C|T,22688_A|G,22775_G|A,22786_A|C,22813_G|T,22882_T|G,22917_T|G,22992_G|A,22995_C|A,23013_A|C,23018_T|G,23055_A|G,23063_A|T,23075_T|C,23403_A|G,23525_C|T,23599_T|G,23604_C|A,23854_C|A,23948_G|T,24424_A|T,24469_T|A,25000_C|T,25584_C|T,26060_C|T,26270_C|T,26529_G|A,26577_C|G,26709_G|A,27807_C|T,28271_A|T,28311_C|T,28881_G|A,28882_G|A,28883_G|C,29510_A|C,11288_11296,21633_21641,21765_21770,28362_28370,29734_29759,77_.|ATGTACTCATTCGTTTCGGAAGAGATAGG
IMS-10370-CVDP-ABA7C418-185E-45D8-B19D-551DBFA3719D	XAZ	241_C|T,337_C|T,670_T|G,1912_C|T,2232_C|T,2790_C|T,3037_C|T,3218_C|A,3317_C|T,3358_T|C,3556_T|C,3830_A|G,4184_G|A,4321_C|T,9344_C|T,9424_A|G,9534_C|T,10029_C|T,10198_C|T,10447_G|A,10449_C|A,10714_C|T,12160_G|A,12880_C|T,14408_C|T,15714_C|T,17410_C|T,17439_C|T,18163_A|G,19955_C|T,20055_A|G,21618_C|T,21807_C|T,21987_G|A,22200_T|G,22578_G|A,22674_C|T,22679_T|C,22686_C|T,22688_A|G,22775_G|A,22786_A|C,22813_G|T,22882_T|G,22917_T|G,22992_G|A,22995_C|A,23013_A|C,23018_T|G,23055_A|G,23063_A|T,23075_T|C,23403_A|G,23525_C|T,23599_T|G,23604_C|A,23854_C|A,23948_G|T,24424_A|T,24469_T|A,25000_C|T,25584_C|T,26060_C|T,26270_C|T,26529_G|A,26577_C|G,26709_G|A,27807_C|T,28271_A|T,28311_C|T,28881_G|A,28882_G|A,28883_G|C,29510_A|C,11288_11296,21633_21641,21765_21770,28362_28370
