genomeID	true_lineage	nuc_changes
BHR/25000004411/2025	XFG	241_C|T,670_T|G,897_C|A,2790_C|T,3037_C|T,3431_G|T,3565_T|C,4184_G|A,4214_T|C,4321_C|T,5239_C|T,5911_T|C,6183_A|G,7842_A|G,7869_C|T,8293_C|T,8350_T|C,8393_G|A,8818_C|T,9344_C|T,9424_A|G,9534_C|T,10029_C|T,10198_C|T,10447_G|A,10449_C|A,11042_G|T,11727_G|A,12789_C|T,12815_C|T,12880_C|T,12892_G|A,13339_T|C,14408_C|T,14747_A|G,15714_C|T,15756_T|A,16600_T|C,17410_C|T,18163_A|G,18492_A|G,18894_C|T,19955_C|T,20055_A|G,21618_C|T,21622_C|T,21624_G|C,21627_C|A,21653_T|C,21711_C|T,21941_G|T,21987_G|A,22032_T|C,22033_C|A,22034_A|G,22107_A|G,22132_G|T,22200_T|G,22208_C|T,22295_C|A,22353_C|A,22556_A|G,22577_G|C,22578_G|A,22599_G|C,22629_A|C,22674_C|T,22679_T|C,22686_C|T,22688_A|G,22770_G|A,22775_G|A,22786_A|C,22792_C|T,22813_G|T,22882_T|G,22893_A|G,22895_G|C,22896_T|G,22898_G|A,22910_A|G,22916_C|T,22917_T|G,22926_T|C,22928_T|C,22942_T|A,22992_G|A,22995_C|A,23005_T|A,23012_G|A,23018_T|C,23019_T|C,23021_A|G,23039_C|G,23055_A|G,23063_A|T,23075_T|C,23222_G|A,23271_C|T,23277_C|T,23403_A|G,23423_C|T,23525_C|T,23599_T|G,23604_C|G,23854_C|A,23948_G|T,24378_C|T,24424_A|T,24469_T|A,24990_C|T,25000_C|T,25207_C|T,25584_C|T,26060_C|T,26270_C|T,26529_G|C,26577_C|G,26610_A|G,26681_C|T,26709_G|A,26833_C|T,26858_C|T,27209_A|G,27259_A|C,27382_G|C,27383_A|T,27384_T|C,27807_C|T,27810_T|C,28271_A|T,28297_T|C,28311_C|T,28475_C|A,28881_G|A,28882_G|A,28883_G|C,28958_C|A,29409_C|T,29510_A|C,29671_A|G,11288_11296,21633_21641,21765_21770,21992_21994,22194_22196,23009_23011,28362_28370,29734_29759,21608_.|TCATGCCGCTGT
BHR/25000006276/2025	XFG	241_C|T,670_T|G,897_C|A,2790_C|T,3037_C|T,3431_G|T,3565_T|C,4184_G|A,4214_T|C,4321_C|T,5144_C|T,5239_C|T,5911_T|C,6183_A|G,6258_C|T,7842_A|G,7869_C|T,8293_C|T,8350_T|C,8393_G|A,8818_C|T,9344_C|T,9424_A|G,9534_C|T,10029_C|T,10198_C|T,10447_G|A,10449_C|A,11042_G|T,11727_G|A,12789_C|T,12815_C|T,12880_C|T,12892_G|A,13339_T|C,14408_C|T,14747_A|G,15714_C|T,15756_T|A,16600_T|C,17410_C|T,18163_A|G,18492_A|G,18894_C|T,19955_C|T,20055_A|G,20784_G|T,21618_C|T,21622_C|T,21624_G|C,21627_C|A,21653_T|C,21711_C|T,21941_G|T,21987_G|A,22032_T|C,22033_C|A,22034_A|G,22107_A|G,22132_G|T,22200_T|G,22208_C|T,22295_C|A,22353_C|A,22556_A|G,22577_G|C,22578_G|A,22599_G|C,22629_A|C,22674_C|T,22679_T|C,22686_C|T,22688_A|G,22770_G|A,22775_G|A,22786_A|C,22792_C|T,22813_G|T,22882_T|G,22893_A|G,22895_G|C,22896_T|G,22898_G|A,22910_A|G,22916_C|T,22917_T|G,22926_T|C,22928_T|C,22942_T|A,22992_G|A,22995_C|A,23005_T|A,23012_G|A,23018_T|C,23019_T|C,23021_A|G,23039_C|G,23055_A|G,23063_A|T,23075_T|C,23222_G|A,23271_C|T,23277_C|T,23403_A|G,23423_C|T,23525_C|T,23599_T|G,23604_C|G,23854_C|A,23948_G|T,24378_C|T,24424_A|T,24469_T|A,24990_C|T,25000_C|T,25207_C|T,25584_C|T,26060_C|T,26270_C|T,26529_G|C,26577_C|G,26610_A|G,26681_C|T,26709_G|A,26833_C|T,26858_C|T,27209_A|G,27259_A|C,27382_G|C,27383_A|T,27384_T|C,27807_C|T,27810_T|C,28271_A|T,28297_T|C,28311_C|T,28475_C|A,28881_G|A,28882_G|A,28883_G|C,28958_C|A,29409_C|T,29510_A|C,29671_A|G,11288_11296,21633_21641,21765_21770,21992_21994,22194_22196,23009_23011,28362_28370,29734_29759,21608_.|TCATGCCGCTGT
BHR/25000006494/2025	XFG	100_C|T,241_C|T,670_T|G,683_C|T,897_C|A,2790_C|T,3037_C|T,3431_G|T,3565_T|C,4184_G|A,4214_T|C,4321_C|T,5239_C|T,6183_A|G,7842_A|G,7869_C|T,8293_C|T,8350_T|C,8393_G|A,8818_C|T,9344_C|T,9424_A|G,9534_C|T,10029_C|T,10198_C|T,10447_G|A,10449_C|A,11042_G|T,11727_G|A,12789_C|T,12815_C|T,12880_C|T,12892_G|A,13339_T|C,14408_C|T,15714_C|T,15756_T|A,16457_C|T,16600_T|C,17410_C|T,18163_A|G,18492_A|G,18894_C|T,19955_C|T,20055_A|G,20178_C|T,21618_C|T,21622_C|T,21624_G|C,21627_C|A,21653_T|C,21711_C|T,21941_G|T,21987_G|A,22032_T|C,22033_C|A,22034_A|G,22107_A|G,22132_G|T,22200_T|G,22208_C|T,22295_C|A,22353_C|A,22556_A|G,22577_G|C,22578_G|A,22599_G|C,22629_A|C,22674_C|T,22679_T|C,22686_C|T,22688_A|G,22770_G|A,22775_G|A,22786_A|C,22792_C|T,22813_G|T,22882_T|G,22893_A|G,22895_G|C,22896_T|G,22898_G|A,22910_A|G,22916_C|T,22917_T|G,22926_T|C,22928_T|C,22942_T|A,22992_G|A,22995_C|A,23005_T|A,23012_G|A,23018_T|C,23019_T|C,23021_A|G,23039_C|G,23055_A|G,23063_A|T,23075_T|C,23222_G|A,23271_C|T,23277_C|T,23403_A|G,23423_C|T,23525_C|T,23599_T|G,23604_C|G,23610_G|A,23854_C|A,23948_G|T,24378_C|T,24424_A|T,24469_T|A,24990_C|T,25000_C|T,25207_C|T,25584_C|T,26060_C|T,26270_C|T,26529_G|C,26577_C|G,26610_A|G,26681_C|T,26709_G|A,26833_C|T,26858_C|T,27259_A|C,27382_G|C,27383_A|T,27384_T|C,27807_C|T,27810_T|C,27944_C|T,28271_A|T,28297_T|C,28311_C|T,28881_G|A,28882_G|A,28883_G|C,28958_C|A,29409_C|T,29510_A|C,11288_11296,21633_21641,21765_21770,21992_21994,22194_22196,23009_23011,28362_28370,29734_29759,21608_.|TCATGCCGCTGT
BHR/25000006496/2025	XFG	241_C|T,670_T|G,897_C|A,2790_C|T,3037_C|T,3431_G|T,3565_T|C,4184_G|A,4214_T|C,4321_C|T,5239_C|T,5911_T|C,6183_A|G,7842_A|G,7869_C|T,8293_C|T,8350_T|C,8393_G|A,8818_C|T,9344_C|T,9424_A|G,9534_C|T,10029_C|T,10198_C|T,10447_G|A,10449_C|A,11042_G|T,11727_G|A,12789_C|T,12815_C|T,12880_C|T,12892_G|A,13339_T|C,14408_C|T,14747_A|G,15714_C|T,15756_T|A,16600_T|C,17410_C|T,18163_A|G,18492_A|G,18894_C|T,19955_C|T,20055_A|G,21618_C|T,21622_C|T,21624_G|C,21627_C|A,21653_T|C,21711_C|T,21941_G|T,21987_G|A,22032_T|C,22033_C|A,22034_A|G,22107_A|G,22132_G|T,22200_T|G,22208_C|T,22295_C|A,22353_C|A,22556_A|G,22577_G|C,22578_G|A,22599_G|C,22629_A|C,22674_C|T,22679_T|C,22686_C|T,22688_A|G,22770_G|A,22775_G|A,22786_A|C,22792_C|T,22813_G|T,22882_T|G,22893_A|G,22895_G|C,22896_T|G,22898_G|A,22910_A|G,22916_C|T,22917_T|G,22926_T|C,22928_T|C,22942_T|A,22992_G|A,22995_C|A,23005_T|A,23012_G|A,23018_T|C,23019_T|C,23021_A|G,23039_C|G,23055_A|G,23063_A|T,23075_T|C,23222_G|A,23271_C|T,23277_C|T,23403_A|G,23423_C|T,23525_C|T,23599_T|G,23604_C|G,23854_C|A,23948_G|T,24378_C|T,24424_A|T,24469_T|A,24990_C|T,25000_C|T,25207_C|T,25584_C|T,26060_C|T,26270_C|T,26529_G|C,26577_C|G,26610_A|G,26681_C|T,26709_G|A,26833_C|T,26858_C|T,27209_A|G,27259_A|C,27382_G|C,27383_A|T,27384_T|C,27807_C|T,27810_T|C,28271_A|T,28297_T|C,28311_C|T,28475_C|A,28881_G|A,28882_G|A,28883_G|C,28958_C|A,29409_C|T,29510_A|C,29671_A|G,11288_11296,21633_21641,21765_21770,21992_21994,22194_22196,23009_23011,28362_28370,29734_29759,21608_.|TCATGCCGCTGT
BHR/25000006523/2025	XFG	241_C|T,670_T|G,897_C|A,2790_C|T,3037_C|T,3431_G|T,3565_T|C,4184_G|A,4214_T|C,4321_C|T,5239_C|T,6183_A|G,6543_C|T,7842_A|G,7869_C|T,8152_C|T,8293_C|T,8350_T|C,8393_G|A,8818_C|T,9344_C|T,9424_A|G,9534_C|T,10029_C|T,10039_C|T,10198_C|T,10447_G|A,10449_C|A,11042_G|T,11727_G|A,12789_C|T,12815_C|T,12880_C|T,12892_G|A,13339_T|C,14408_C|T,15714_C|T,15756_T|A,16600_T|C,17410_C|T,18163_A|G,18492_A|G,18894_C|T,19955_C|T,20055_A|G,20178_C|T,21618_C|T,21622_C|T,21624_G|C,21627_C|A,21653_T|C,21711_C|T,21941_G|T,21987_G|A,22032_T|C,22033_C|A,22034_A|G,22107_A|G,22132_G|T,22200_T|G,22208_C|T,22295_C|A,22353_C|A,22556_A|G,22577_G|C,22578_G|A,22599_G|C,22629_A|C,22674_C|T,22679_T|C,22686_C|T,22688_A|G,22770_G|A,22775_G|A,22786_A|C,22792_C|T,22813_G|T,22882_T|G,22893_A|G,22895_G|C,22896_T|G,22898_G|A,22910_A|G,22916_C|T,22917_T|G,22926_T|C,22928_T|C,22942_T|A,22992_G|A,22995_C|A,23005_T|A,23012_G|A,23018_T|C,23019_T|C,23021_A|G,23039_C|G,23055_A|G,23063_A|T,23075_T|C,23222_G|A,23271_C|T,23277_C|T,23403_A|G,23423_C|T,23525_C|T,23599_T|G,23604_C|G,23854_C|A,23948_G|T,24378_C|T,24424_A|T,24469_T|A,24990_C|T,25000_C|T,25207_C|T,25584_C|T,25626_C|T,26060_C|T,26270_C|T,26529_G|C,26577_C|G,26610_A|G,26681_C|T,26709_G|A,26833_C|T,26858_C|T,27259_A|C,27382_G|C,27383_A|T,27384_T|C,27807_C|T,27810_T|C,28271_A|T,28297_T|C,28311_C|T,28881_G|A,28882_G|A,28883_G|C,28958_C|A,29409_C|T,29510_A|C,11288_11296,21633_21641,21765_21770,21992_21994,22194_22196,23009_23011,28362_28370,29734_29759,21608_.|TCATGCCGCTGT
BHR/25000006556/2025	XFG	241_C|T,670_T|G,897_C|A,2790_C|T,3037_C|T,3431_G|T,3565_T|C,4184_G|A,4214_T|C,4321_C|T,5239_C|T,5911_T|C,6183_A|G,7842_A|G,7869_C|T,8293_C|T,8350_T|C,8393_G|A,8818_C|T,9344_C|T,9424_A|G,9534_C|T,10029_C|T,10198_C|T,10447_G|A,10449_C|A,11042_G|T,11727_G|A,12036_C|T,12789_C|T,12815_C|T,12880_C|T,12892_G|A,13339_T|C,14408_C|T,14747_A|G,15714_C|T,15756_T|A,16600_T|C,17410_C|T,18163_A|G,18492_A|G,18894_C|T,19955_C|T,20055_A|G,21618_C|T,21622_C|T,21624_G|C,21627_C|A,21653_T|C,21711_C|T,21941_G|T,21987_G|A,22032_T|C,22033_C|A,22034_A|G,22107_A|G,22132_G|T,22200_T|G,22208_C|T,22295_C|A,22353_C|A,22556_A|G,22577_G|C,22578_G|A,22599_G|C,22629_A|C,22674_C|T,22679_T|C,22686_C|T,22688_A|G,22770_G|A,22775_G|A,22786_A|C,22792_C|T,22813_G|T,22882_T|G,22893_A|G,22895_G|C,22896_T|G,22898_G|A,22910_A|G,22916_C|T,22917_T|G,22926_T|C,22928_T|C,22942_T|A,22992_G|A,22995_C|A,23005_T|A,23012_G|A,23018_T|C,23019_T|C,23021_A|G,23039_C|G,23055_A|G,23063_A|T,23075_T|C,23222_G|A,23271_C|T,23277_C|T,23403_A|G,23423_C|T,23525_C|T,23599_T|G,23604_C|G,23854_C|A,23948_G|T,24378_C|T,24424_A|T,24469_T|A,24990_C|T,25000_C|T,25207_C|T,25584_C|T,26060_C|T,26270_C|T,26529_G|C,26577_C|G,26610_A|G,26681_C|T,26709_G|A,26833_C|T,26858_C|T,27209_A|G,27259_A|C,27382_G|C,27383_A|T,27384_T|C,27807_C|T,27810_T|C,28271_A|T,28297_T|C,28311_C|T,28475_C|A,28881_G|A,28882_G|A,28883_G|C,28958_C|A,29409_C|T,29510_A|C,29671_A|G,11288_11296,21633_21641,21765_21770,21992_21994,22194_22196,23009_23011,28362_28370,29734_29759,21608_.|TCATGCCGCTGT
BHR/25000006612/2025	XFG	241_C|T,670_T|G,683_C|T,897_C|A,2790_C|T,3037_C|T,3431_G|T,3565_T|C,4184_G|A,4214_T|C,4321_C|T,5239_C|T,6183_A|G,7842_A|G,7869_C|T,8293_C|T,8350_T|C,8393_G|A,8818_C|T,9344_C|T,9424_A|G,9534_C|T,10029_C|T,10198_C|T,10447_G|A,10449_C|A,11042_G|T,11727_G|A,12789_C|T,12815_C|T,12880_C|T,12892_G|A,13339_T|C,14408_C|T,15714_C|T,15756_T|A,16457_C|T,16600_T|C,17410_C|T,18163_A|G,18492_A|G,18894_C|T,19955_C|T,20055_A|G,20178_C|T,21618_C|T,21622_C|T,21624_G|C,21627_C|A,21653_T|C,21711_C|T,21941_G|T,21987_G|A,22032_T|C,22033_C|A,22034_A|G,22107_A|G,22132_G|T,22200_T|G,22208_C|T,22295_C|A,22314_C|T,22353_C|A,22556_A|G,22577_G|C,22578_G|A,22599_G|C,22629_A|C,22674_C|T,22679_T|C,22686_C|T,22688_A|G,22770_G|A,22775_G|A,22786_A|C,22792_C|T,22813_G|T,22882_T|G,22893_A|G,22895_G|C,22896_T|G,22898_G|A,22910_A|G,22916_C|T,22917_T|G,22926_T|C,22928_T|C,22942_T|A,22992_G|A,22995_C|A,23005_T|A,23012_G|A,23018_T|C,23019_T|C,23021_A|G,23039_C|G,23055_A|G,23063_A|T,23075_T|C,23222_G|A,23271_C|T,23277_C|T,23403_A|G,23423_C|T,23525_C|T,23599_T|G,23604_C|G,23854_C|A,23948_G|T,24378_C|T,24424_A|T,24469_T|A,24990_C|T,25000_C|T,25207_C|T,25584_C|T,26060_C|T,26270_C|T,26529_G|C,26577_C|G,26610_A|G,26681_C|T,26709_G|A,26833_C|T,26858_C|T,27259_A|C,27382_G|C,27383_A|T,27384_T|C,27807_C|T,27810_T|C,27944_C|T,28271_A|T,28297_T|C,28311_C|T,28881_G|A,28882_G|A,28883_G|C,28958_C|A,29409_C|T,29510_A|C,11288_11296,21633_21641,21765_21770,21992_21994,22194_22196,23009_23011,27792,28362_28370,29734_29759,21608_.|TCATGCCGCTGT
BHR/25000006613/2025	XFG	241_C|T,670_T|G,897_C|A,2790_C|T,3037_C|T,3431_G|T,3565_T|C,4184_G|A,4214_T|C,4321_C|T,5239_C|T,5911_T|C,6183_A|G,7842_A|G,7857_A|G,7869_C|T,8293_C|T,8350_T|C,8393_G|A,8818_C|T,9344_C|T,9424_A|G,9534_C|T,10029_C|T,10198_C|T,10447_G|A,10449_C|A,11042_G|T,11727_G|A,12789_C|T,12815_C|T,12880_C|T,12892_G|A,13339_T|C,14408_C|T,14747_A|G,15714_C|T,15756_T|A,16600_T|C,17410_C|T,18163_A|G,18492_A|G,18894_C|T,19955_C|T,20055_A|G,21618_C|T,21622_C|T,21624_G|C,21627_C|A,21653_T|C,21711_C|T,21941_G|T,21987_G|A,22032_T|C,22033_C|A,22034_A|G,22107_A|G,22132_G|T,22200_T|G,22208_C|T,22295_C|A,22353_C|A,22556_A|G,22577_G|C,22578_G|A,22599_G|C,22629_A|C,22674_C|T,22679_T|C,22686_C|T,22688_A|G,22770_G|A,22775_G|A,22786_A|C,22792_C|T,22813_G|T,22882_T|G,22893_A|G,22895_G|C,22896_T|G,22898_G|A,22910_A|G,22916_C|T,22917_T|G,22926_T|C,22928_T|C,22942_T|A,22992_G|A,22995_C|A,23005_T|A,23012_G|A,23018_T|C,23019_T|C,23021_A|G,23039_C|G,23055_A|G,23063_A|T,23075_T|C,23222_G|A,23271_C|T,23277_C|T,23403_A|G,23423_C|T,23525_C|T,23599_T|G,23604_C|G,23854_C|A,23948_G|T,24378_C|T,24424_A|T,24469_T|A,24990_C|T,25000_C|T,25207_C|T,25584_C|T,26060_C|T,26270_C|T,26529_G|C,26577_C|G,26610_A|G,26681_C|T,26709_G|A,26833_C|T,26858_C|T,27209_A|G,27259_A|C,27382_G|C,27383_A|T,27384_T|C,27807_C|T,27810_T|C,28271_A|T,28297_T|C,28311_C|T,28475_C|A,28881_G|A,28882_G|A,28883_G|C,28958_C|A,29409_C|T,29510_A|C,29671_A|G,11288_11296,21633_21641,21765_21770,21992_21994,22194_22196,23009_23011,28362_28370,29734_29759,21608_.|TCATGCCGCTGT
BHR/25000006843/2025	XFG	241_C|T,670_T|G,897_C|A,2790_C|T,3037_C|T,3431_G|T,3565_T|C,4184_G|A,4214_T|C,4321_C|T,5239_C|T,5911_T|C,6183_A|G,7842_A|G,7869_C|T,8293_C|T,8350_T|C,8393_G|A,8818_C|T,9344_C|T,9424_A|G,9534_C|T,10029_C|T,10198_C|T,10447_G|A,10449_C|A,11042_G|T,11727_G|A,12789_C|T,12815_C|T,12880_C|T,12892_G|A,13335_C|T,13339_T|C,14408_C|T,14747_A|G,15240_C|T,15714_C|T,15756_T|A,16600_T|C,17410_C|T,18163_A|G,18492_A|G,18894_C|T,19955_C|T,20055_A|G,21618_C|T,21622_C|T,21624_G|C,21627_C|A,21653_T|C,21711_C|T,21941_G|T,21987_G|A,22032_T|C,22033_C|A,22034_A|G,22107_A|G,22132_G|T,22200_T|G,22208_C|T,22295_C|A,22353_C|A,22556_A|G,22577_G|C,22578_G|A,22599_G|C,22629_A|C,22674_C|T,22679_T|C,22686_C|T,22688_A|G,22770_G|A,22775_G|A,22786_A|C,22792_C|T,22813_G|T,22882_T|G,22893_A|G,22895_G|C,22896_T|G,22898_G|A,22910_A|G,22916_C|T,22917_T|G,22926_T|C,22928_T|C,22942_T|A,22992_G|A,22995_C|A,23005_T|A,23012_G|A,23018_T|C,23019_T|C,23021_A|G,23039_C|G,23055_A|G,23063_A|T,23075_T|C,23222_G|A,23271_C|T,23277_C|T,23403_A|G,23423_C|T,23525_C|T,23599_T|G,23604_C|G,23854_C|A,23948_G|T,24378_C|T,24424_A|T,24469_T|A,24990_C|T,25000_C|T,25207_C|T,25584_C|T,26060_C|T,26270_C|T,26529_G|C,26577_C|G,26610_A|G,26681_C|T,26709_G|A,26833_C|T,26858_C|T,27209_A|G,27259_A|C,27382_G|C,27383_A|T,27384_T|C,27807_C|T,27810_T|C,28271_A|T,28297_T|C,28311_C|T,28475_C|A,28881_G|A,28882_G|A,28883_G|C,28958_C|A,29409_C|T,29510_A|C,29671_A|G,11288_11296,21633_21641,21765_21770,21992_21994,22194_22196,23009_23011,28362_28370,29734_29759,21608_.|TCATGCCGCTGT
BHR/25020246632/2025	XFG	241_C|T,670_T|G,897_C|A,2790_C|T,3037_C|T,3431_G|T,3565_T|C,4184_G|A,4214_T|C,4321_C|T,5239_C|T,6183_A|G,6543_C|T,7842_A|G,7869_C|T,8152_C|T,8293_C|T,8350_T|C,8393_G|A,8818_C|T,9344_C|T,9424_A|G,9534_C|T,10029_C|T,10039_C|T,10198_C|T,10447_G|A,10449_C|A,11042_G|T,11727_G|A,12789_C|T,12815_C|T,12880_C|T,12892_G|A,13339_T|C,14408_C|T,15714_C|T,15756_T|A,16600_T|C,17410_C|T,18163_A|G,18492_A|G,18894_C|T,19955_C|T,20055_A|G,20178_C|T,21618_C|T,21622_C|T,21624_G|C,21627_C|A,21653_T|C,21711_C|T,21941_G|T,21987_G|A,22032_T|C,22033_C|A,22034_A|G,22107_A|G,22132_G|T,22200_T|G,22208_C|T,22295_C|A,22353_C|A,22556_A|G,22577_G|C,22578_G|A,22599_G|C,22629_A|C,22674_C|T,22679_T|C,22686_C|T,22688_A|G,22770_G|A,22775_G|A,22786_A|C,22792_C|T,22813_G|T,22882_T|G,22893_A|G,22895_G|C,22896_T|G,22898_G|A,22910_A|G,22916_C|T,22917_T|G,22926_T|C,22928_T|C,22942_T|A,22992_G|A,22995_C|A,23005_T|A,23012_G|A,23018_T|C,23019_T|C,23021_A|G,23039_C|G,23055_A|G,23063_A|T,23075_T|C,23222_G|A,23271_C|T,23277_C|T,23403_A|G,23423_C|T,23525_C|T,23599_T|G,23604_C|G,23854_C|A,23948_G|T,24378_C|T,24424_A|T,24469_T|A,24990_C|T,25000_C|T,25207_C|T,25584_C|T,26060_C|T,26270_C|T,26529_G|C,26577_C|G,26610_A|G,26681_C|T,26709_G|A,26801_C|T,26833_C|T,26858_C|T,27259_A|C,27382_G|C,27383_A|T,27384_T|C,27807_C|T,27810_T|C,28271_A|T,28297_T|C,28311_C|T,28881_G|A,28882_G|A,28883_G|C,28958_C|A,29409_C|T,29510_A|C,11288_11296,21633_21641,21765_21770,21992_21994,22194_22196,23009_23011,28362_28370,29734_29759,21608_.|TCATGCCGCTGT
BHR/25020253957/2025	XFG	241_C|T,670_T|G,897_C|A,2790_C|T,3037_C|T,3431_G|T,3565_T|C,4184_G|A,4214_T|C,4321_C|T,5239_C|T,5911_T|C,6183_A|G,6911_A|G,7842_A|G,7869_C|T,8293_C|T,8350_T|C,8393_G|A,8818_C|T,9344_C|T,9424_A|G,9534_C|T,9712_C|T,10029_C|T,10198_C|T,10447_G|A,10449_C|A,11042_G|T,11727_G|A,12789_C|T,12815_C|T,12880_C|T,12885_C|T,12892_G|A,13339_T|C,14408_C|T,14747_A|G,15714_C|T,15756_T|A,16600_T|C,17410_C|T,18163_A|G,18492_A|G,18744_C|T,18894_C|T,19955_C|T,20055_A|G,21618_C|T,21622_C|T,21624_G|C,21627_C|A,21653_T|C,21711_C|T,21941_G|T,21987_G|A,22032_T|C,22033_C|A,22034_A|G,22107_A|G,22132_G|T,22200_T|G,22208_C|T,22295_C|A,22353_C|A,22556_A|G,22577_G|C,22578_G|A,22599_G|C,22629_A|C,22674_C|T,22679_T|C,22686_C|T,22688_A|G,22770_G|A,22775_G|A,22786_A|C,22792_C|T,22813_G|T,22882_T|G,22893_A|G,22895_G|C,22896_T|G,22898_G|A,22910_A|G,22916_C|T,22917_T|G,22926_T|C,22928_T|C,22942_T|A,22992_G|A,22995_C|A,23005_T|A,23012_G|A,23018_T|C,23019_T|C,23021_A|G,23039_C|G,23055_A|G,23063_A|T,23075_T|C,23222_G|A,23271_C|T,23277_C|T,23403_A|G,23423_C|T,23525_C|T,23599_T|G,23604_C|G,23854_C|A,23948_G|T,24023_C|T,24378_C|T,24424_A|T,24469_T|A,24990_C|T,25000_C|T,25207_C|T,25584_C|T,26060_C|T,26270_C|T,26529_G|C,26577_C|G,26610_A|G,26681_C|T,26709_G|A,26833_C|T,26858_C|T,27209_A|G,27259_A|C,27382_G|C,27383_A|T,27384_T|C,27807_C|T,27810_T|C,28271_A|T,28297_T|C,28311_C|T,28475_C|A,28881_G|A,28882_G|A,28883_G|C,28958_C|A,29409_C|T,29510_A|C,29671_A|G,11288_11296,21633_21641,21765_21770,21992_21994,22194_22196,23009_23011,28362_28370,29734_29759,21608_.|TCATGCCGCTGT
BHR/25020265781/2025	XFG	241_C|T,670_T|G,897_C|A,2790_C|T,3037_C|T,3431_G|T,3565_T|C,4184_G|A,4214_T|C,4321_C|T,5144_C|T,5239_C|T,5911_T|C,6183_A|G,7842_A|G,7869_C|T,8293_C|T,8350_T|C,8393_G|A,8818_C|T,9344_C|T,9424_A|G,9534_C|T,10029_C|T,10198_C|T,10447_G|A,10449_C|A,11042_G|T,11727_G|A,12789_C|T,12815_C|T,12880_C|T,12892_G|A,13339_T|C,14408_C|T,14747_A|G,15714_C|T,15756_T|A,16600_T|C,17410_C|T,18163_A|G,18492_A|G,18894_C|T,19955_C|T,20055_A|G,21618_C|T,21622_C|T,21624_G|C,21627_C|A,21653_T|C,21711_C|T,21941_G|T,21987_G|A,22032_T|C,22033_C|A,22034_A|G,22107_A|G,22132_G|T,22200_T|G,22208_C|T,22295_C|A,22353_C|A,22556_A|G,22577_G|C,22578_G|A,22599_G|C,22629_A|C,22674_C|T,22679_T|C,22686_C|T,22688_A|G,22770_G|A,22775_G|A,22786_A|C,22792_C|T,22813_G|T,22882_T|G,22893_A|G,22895_G|C,22896_T|G,22898_G|A,22910_A|G,22916_C|T,22917_T|G,22926_T|C,22928_T|C,22942_T|A,22992_G|A,22995_C|A,23005_T|A,23012_G|A,23018_T|C,23019_T|C,23021_A|G,23039_C|G,23055_A|G,23063_A|T,23075_T|C,23222_G|A,23271_C|T,23277_C|T,23403_A|G,23423_C|T,23525_C|T,23599_T|G,23604_C|G,23854_C|A,23948_G|T,24378_C|T,24424_A|T,24469_T|A,24990_C|T,25000_C|T,25207_C|T,25584_C|T,26060_C|T,26270_C|T,26529_G|C,26577_C|G,26610_A|G,26681_C|T,26709_G|A,26833_C|T,26858_C|T,27209_A|G,27259_A|C,27382_G|C,27383_A|T,27384_T|C,27807_C|T,27810_T|C,28271_A|T,28297_T|C,28311_C|T,28475_C|A,28881_G|A,28882_G|A,28883_G|C,28958_C|A,29409_C|T,29510_A|C,29671_A|G,11288_11296,21633_21641,21765_21770,21992_21994,22194_22196,23009_23011,28362_28370,29734_29759,21608_.|TCATGCCGCTGT
BHR/25020274266/2025	XFG	241_C|T,670_T|G,897_C|A,2790_C|T,3037_C|T,3431_G|T,3565_T|C,4184_G|A,4214_T|C,4321_C|T,5239_C|T,5911_T|C,6183_A|G,7842_A|G,7869_C|T,8293_C|T,8350_T|C,8393_G|A,8818_C|T,9344_C|T,9424_A|G,9534_C|T,10029_C|T,10198_C|T,10447_G|A,10449_C|A,11042_G|T,11727_G|A,12789_C|T,12815_C|T,12880_C|T,12892_G|A,13339_T|C,14408_C|T,14747_A|G,15714_C|T,15756_T|A,16600_T|C,17410_C|T,18163_A|G,18326_C|T,18492_A|G,18894_C|T,19955_C|T,20055_A|G,21618_C|T,21622_C|T,21624_G|C,21627_C|A,21653_T|C,21711_C|T,21941_G|T,21987_G|A,22032_T|C,22033_C|A,22034_A|G,22107_A|G,22132_G|T,22200_T|G,22208_C|T,22295_C|A,22353_C|A,22556_A|G,22577_G|C,22578_G|A,22599_G|C,22629_A|C,22674_C|T,22679_T|C,22686_C|T,22688_A|G,22770_G|A,22775_G|A,22786_A|C,22792_C|T,22813_G|T,22882_T|G,22893_A|G,22895_G|C,22896_T|G,22898_G|A,22910_A|G,22916_C|T,22917_T|G,22926_T|C,22928_T|C,22942_T|A,22992_G|A,22995_C|A,23005_T|A,23012_G|A,23018_T|C,23019_T|C,23021_A|G,23039_C|G,23055_A|G,23063_A|T,23075_T|C,23222_G|A,23271_C|T,23277_C|T,23403_A|G,23423_C|T,23525_C|T,23599_T|G,23604_C|G,23854_C|A,23948_G|T,24378_C|T,24424_A|T,24469_T|A,24990_C|T,25000_C|T,25207_C|T,25584_C|T,26060_C|T,26270_C|T,26529_G|C,26577_C|G,26610_A|G,26681_C|T,26709_G|A,26833_C|T,26858_C|T,27209_A|G,27259_A|C,27382_G|C,27383_A|T,27384_T|C,27484_T|C,27807_C|T,27810_T|C,28271_A|T,28297_T|C,28311_C|T,28475_C|A,28881_G|A,28882_G|A,28883_G|C,28958_C|A,29409_C|T,29510_A|C,29671_A|G,11288_11296,21633_21641,21765_21770,21992_21994,22194_22196,23009_23011,28362_28370,29734_29759,21608_.|TCATGCCGCTGT
BHR/25100010056/2025	XFG	241_C|T,670_T|G,897_C|A,2790_C|T,3037_C|T,3431_G|T,3565_T|C,4184_G|A,4214_T|C,4321_C|T,5239_C|T,5911_T|C,6183_A|G,7842_A|G,7869_C|T,8293_C|T,8350_T|C,8393_G|A,8818_C|T,9344_C|T,9424_A|G,9534_C|T,10029_C|T,10198_C|T,10447_G|A,10449_C|A,11042_G|T,11727_G|A,12789_C|T,12815_C|T,12880_C|T,12892_G|A,13339_T|C,14408_C|T,14747_A|G,15714_C|T,15756_T|A,16600_T|C,17410_C|T,18163_A|G,18492_A|G,18894_C|T,19955_C|T,20055_A|G,21618_C|T,21622_C|T,21624_G|C,21627_C|A,21653_T|C,21711_C|T,21941_G|T,21987_G|A,22032_T|C,22033_C|A,22034_A|G,22107_A|G,22132_G|T,22200_T|G,22208_C|T,22295_C|A,22353_C|A,22556_A|G,22577_G|C,22578_G|A,22599_G|C,22629_A|C,22674_C|T,22679_T|C,22686_C|T,22688_A|G,22770_G|A,22775_G|A,22786_A|C,22792_C|T,22813_G|T,22882_T|G,22893_A|G,22895_G|C,22896_T|G,22898_G|A,22910_A|G,22916_C|T,22917_T|G,22926_T|C,22928_T|C,22942_T|A,22992_G|A,22995_C|A,23005_T|A,23012_G|A,23018_T|C,23019_T|C,23021_A|G,23039_C|G,23055_A|G,23063_A|T,23075_T|C,23222_G|A,23271_C|T,23277_C|T,23403_A|G,23423_C|T,23525_C|T,23599_T|G,23604_C|G,23854_C|A,23948_G|T,24378_C|T,24424_A|T,24469_T|A,24912_C|T,24990_C|T,25000_C|T,25207_C|T,25584_C|T,26060_C|T,26270_C|T,26529_G|C,26577_C|G,26610_A|G,26681_C|T,26709_G|A,26833_C|T,26858_C|T,27209_A|G,27259_A|C,27382_G|C,27383_A|T,27384_T|C,27807_C|T,27810_T|C,28271_A|T,28297_T|C,28311_C|T,28475_C|A,28881_G|A,28882_G|A,28883_G|C,28958_C|A,29409_C|T,29510_A|C,29671_A|G,11288_11296,21633_21641,21765_21770,21992_21994,22194_22196,23009_23011,28362_28370,29734_29759,21608_.|TCATGCCGCTGT
BHR/25100010185/2025	XFG	106_C|T,241_C|T,670_T|G,897_C|A,2790_C|T,3037_C|T,3431_G|T,3565_T|C,4184_G|A,4214_T|C,4321_C|T,5239_C|T,5911_T|C,6183_A|G,7842_A|G,7869_C|T,8293_C|T,8350_T|C,8393_G|A,8818_C|T,9344_C|T,9424_A|G,9534_C|T,10029_C|T,10198_C|T,10447_G|A,10449_C|A,11042_G|T,11727_G|A,12789_C|T,12815_C|T,12880_C|T,12885_C|T,12892_G|A,13339_T|C,14408_C|T,14747_A|G,15714_C|T,15756_T|A,16600_T|C,17410_C|T,18163_A|G,18492_A|G,18894_C|T,19955_C|T,20055_A|G,21618_C|T,21622_C|T,21624_G|C,21627_C|A,21653_T|C,21711_C|T,21941_G|T,21987_G|A,22032_T|C,22033_C|A,22034_A|G,22107_A|G,22132_G|T,22200_T|G,22208_C|T,22295_C|A,22353_C|A,22556_A|G,22577_G|C,22578_G|A,22599_G|C,22629_A|C,22674_C|T,22679_T|C,22686_C|T,22688_A|G,22770_G|A,22775_G|A,22786_A|C,22792_C|T,22813_G|T,22882_T|G,22893_A|G,22895_G|C,22896_T|G,22898_G|A,22910_A|G,22916_C|T,22917_T|G,22926_T|C,22928_T|C,22942_T|A,22992_G|A,22995_C|A,23005_T|A,23012_G|A,23018_T|C,23019_T|C,23021_A|G,23039_C|G,23055_A|G,23063_A|T,23075_T|C,23222_G|A,23271_C|T,23277_C|T,23403_A|G,23423_C|T,23525_C|T,23599_T|G,23604_C|G,23854_C|A,23948_G|T,24378_C|T,24424_A|T,24469_T|A,24990_C|T,25000_C|T,25207_C|T,25584_C|T,26060_C|T,26270_C|T,26529_G|C,26577_C|G,26610_A|G,26681_C|T,26709_G|A,26833_C|T,26858_C|T,27209_A|G,27259_A|C,27382_G|C,27383_A|T,27384_T|C,27807_C|T,27810_T|C,28271_A|T,28297_T|C,28311_C|T,28475_C|A,28881_G|A,28882_G|A,28883_G|C,28958_C|A,29194_T|A,29409_C|T,29510_A|C,29671_A|G,11288_11296,21633_21641,21765_21770,21992_21994,22194_22196,23009_23011,28362_28370,29734_29759,21608_.|TCATGCCGCTGT
BHR/25100010649/2025	XFG	241_C|T,670_T|G,683_C|T,897_C|A,2790_C|T,3037_C|T,3431_G|T,3565_T|C,4184_G|A,4214_T|C,4321_C|T,5239_C|T,6183_A|G,7842_A|G,7869_C|T,8293_C|T,8350_T|C,8393_G|A,8818_C|T,9344_C|T,9424_A|G,9534_C|T,10029_C|T,10198_C|T,10447_G|A,10449_C|A,11042_G|T,11727_G|A,12789_C|T,12815_C|T,12880_C|T,12892_G|A,13339_T|C,14408_C|T,15714_C|T,15756_T|A,16600_T|C,17410_C|T,18163_A|G,18492_A|G,18894_C|T,19955_C|T,20055_A|G,20178_C|T,21618_C|T,21622_C|T,21624_G|C,21627_C|A,21653_T|C,21711_C|T,21941_G|T,21987_G|A,22032_T|C,22033_C|A,22034_A|G,22107_A|G,22132_G|T,22200_T|G,22208_C|T,22295_C|A,22353_C|A,22556_A|G,22577_G|C,22578_G|A,22599_G|C,22629_A|C,22674_C|T,22679_T|C,22686_C|T,22688_A|G,22770_G|A,22775_G|A,22786_A|C,22792_C|T,22813_G|T,22882_T|G,22893_A|G,22895_G|C,22896_T|G,22898_G|A,22910_A|G,22916_C|T,22917_T|G,22926_T|C,22928_T|C,22942_T|A,22992_G|A,22995_C|A,23005_T|A,23012_G|A,23018_T|C,23019_T|C,23021_A|G,23039_C|G,23055_A|G,23063_A|T,23075_T|C,23222_G|A,23271_C|T,23277_C|T,23403_A|G,23423_C|T,23525_C|T,23599_T|G,23600_T|C,23604_C|G,23854_C|A,23948_G|T,24378_C|T,24424_A|T,24469_T|A,24989_C|T,24990_C|T,25000_C|T,25207_C|T,25584_C|T,26060_C|T,26270_C|T,26529_G|C,26577_C|G,26610_A|G,26681_C|T,26709_G|A,26833_C|T,26858_C|T,27259_A|C,27382_G|C,27383_A|T,27384_T|C,27807_C|T,27810_T|C,28271_A|T,28297_T|C,28311_C|T,28881_G|A,28882_G|A,28883_G|C,28958_C|A,29409_C|T,29510_A|C,29762_C|T,11288_11296,21633_21641,21765_21770,21992_21994,22194_22196,23009_23011,28362_28370,29734_29759,21608_.|TCATGCCGCTGT
BHR/25100011236/2025	XFG	241_C|T,670_T|G,897_C|A,2790_C|T,3037_C|T,3431_G|T,3565_T|C,4184_G|A,4214_T|C,4321_C|T,5239_C|T,5911_T|C,6183_A|G,7842_A|G,7869_C|T,8293_C|T,8350_T|C,8393_G|A,8818_C|T,9052_A|T,9344_C|T,9424_A|G,9534_C|T,10029_C|T,10198_C|T,10447_G|A,10449_C|A,11042_G|T,11727_G|A,12789_C|T,12815_C|T,12880_C|T,12892_G|A,13339_T|C,14408_C|T,14747_A|G,15714_C|T,15756_T|A,16600_T|C,17410_C|T,18163_A|G,18492_A|G,18894_C|T,19955_C|T,20055_A|G,21618_C|T,21622_C|T,21624_G|C,21627_C|A,21653_T|C,21711_C|T,21941_G|T,21987_G|A,22032_T|C,22033_C|A,22034_A|G,22107_A|G,22132_G|T,22200_T|G,22208_C|T,22295_C|A,22353_C|A,22556_A|G,22577_G|C,22578_G|A,22599_G|C,22629_A|C,22674_C|T,22679_T|C,22686_C|T,22688_A|G,22770_G|A,22775_G|A,22786_A|C,22792_C|T,22813_G|T,22882_T|G,22893_A|G,22895_G|C,22896_T|G,22898_G|A,22910_A|G,22916_C|T,22917_T|G,22926_T|C,22928_T|C,22942_T|A,22992_G|A,22995_C|A,23005_T|A,23012_G|A,23018_T|C,23019_T|C,23021_A|G,23039_C|G,23055_A|G,23063_A|T,23075_T|C,23222_G|A,23271_C|T,23277_C|T,23403_A|G,23423_C|T,23525_C|T,23599_T|G,23604_C|G,23854_C|A,23948_G|T,24378_C|T,24424_A|T,24469_T|A,24990_C|T,25000_C|T,25207_C|T,25584_C|T,26060_C|T,26270_C|T,26529_G|C,26577_C|G,26610_A|G,26681_C|T,26709_G|A,26833_C|T,26858_C|T,27209_A|G,27259_A|C,27382_G|C,27383_A|T,27384_T|C,27807_C|T,27810_T|C,28271_A|T,28297_T|C,28311_C|T,28475_C|A,28881_G|A,28882_G|A,28883_G|C,28958_C|A,29409_C|T,29510_A|C,29671_A|G,11288_11296,21633_21641,21765_21770,21992_21994,22194_22196,23009_23011,28362_28370,29734_29759,21608_.|TCATGCCGCTGT
BHR/25100011350/2025	XFG	241_C|T,670_T|G,897_C|A,2790_C|T,3037_C|T,3431_G|T,3565_T|C,4184_G|A,4214_T|C,4321_C|T,5239_C|T,5911_T|C,6183_A|G,7842_A|G,7869_C|T,8293_C|T,8350_T|C,8393_G|A,8818_C|T,9344_C|T,9424_A|G,9534_C|T,10029_C|T,10198_C|T,10447_G|A,10449_C|A,11042_G|T,11727_G|A,12789_C|T,12815_C|T,12880_C|T,12892_G|A,13339_T|C,14408_C|T,14747_A|G,15714_C|T,15756_T|A,16600_T|C,17410_C|T,18163_A|G,18492_A|G,18894_C|T,19955_C|T,20055_A|G,21618_C|T,21622_C|T,21624_G|C,21627_C|A,21653_T|C,21711_C|T,21941_G|T,21987_G|A,22032_T|C,22033_C|A,22034_A|G,22107_A|G,22132_G|T,22200_T|G,22208_C|T,22295_C|A,22353_C|A,22556_A|G,22577_G|C,22578_G|A,22599_G|C,22629_A|C,22674_C|T,22679_T|C,22686_C|T,22688_A|G,22770_G|A,22775_G|A,22786_A|C,22792_C|T,22813_G|T,22882_T|G,22893_A|G,22895_G|C,22896_T|G,22898_G|A,22910_A|G,22916_C|T,22917_T|G,22926_T|C,22928_T|C,22942_T|A,22992_G|A,22995_C|A,23005_T|A,23012_G|A,23018_T|C,23019_T|C,23021_A|G,23039_C|G,23055_A|G,23063_A|T,23075_T|C,23222_G|A,23271_C|T,23277_C|T,23403_A|G,23423_C|T,23525_C|T,23599_T|G,23604_C|G,23854_C|A,23948_G|T,24378_C|T,24424_A|T,24469_T|A,24990_C|T,25000_C|T,25183_G|T,25207_C|T,25584_C|T,26060_C|T,26270_C|T,26529_G|C,26577_C|G,26610_A|G,26681_C|T,26709_G|A,26833_C|T,26858_C|T,27209_A|G,27259_A|C,27382_G|C,27383_A|T,27384_T|C,27807_C|T,27810_T|C,28271_A|T,28297_T|C,28311_C|T,28475_C|A,28881_G|A,28882_G|A,28883_G|C,28958_C|A,29409_C|T,29510_A|C,29671_A|G,11288_11296,21633_21641,21765_21770,21992_21994,22194_22196,23009_23011,28362_28370,29734_29759,21608_.|TCATGCCGCTGT
BHR/25100011359/2025	XFG	241_C|T,670_T|G,897_C|A,2790_C|T,3037_C|T,3431_G|T,3565_T|C,4099_C|T,4184_G|A,4214_T|C,4321_C|T,5239_C|T,6183_A|G,7842_A|G,7869_C|T,8293_C|T,8350_T|C,8393_G|A,8818_C|T,9079_A|G,9344_C|T,9424_A|G,9534_C|T,10029_C|T,10039_C|T,10198_C|T,10447_G|A,10449_C|A,11042_G|T,11727_G|A,12789_C|T,12815_C|T,12880_C|T,12892_G|A,13339_T|C,14408_C|T,15714_C|T,15756_T|A,15848_C|T,16600_T|C,17410_C|T,17850_C|T,18163_A|G,18492_A|G,18894_C|T,19955_C|T,20055_A|G,20178_C|T,21618_C|T,21622_C|T,21624_G|C,21627_C|A,21653_T|C,21711_C|T,21941_G|T,21987_G|A,22032_T|C,22033_C|A,22034_A|G,22107_A|G,22132_G|T,22200_T|G,22208_C|T,22295_C|A,22353_C|A,22556_A|G,22577_G|C,22578_G|A,22599_G|C,22629_A|C,22674_C|T,22679_T|C,22686_C|T,22688_A|G,22770_G|A,22775_G|A,22786_A|C,22792_C|T,22813_G|T,22882_T|G,22893_A|G,22895_G|C,22896_T|G,22898_G|A,22910_A|G,22916_C|T,22917_T|G,22926_T|C,22928_T|C,22942_T|A,22992_G|A,22995_C|A,23005_T|A,23012_G|A,23018_T|C,23019_T|C,23021_A|G,23039_C|G,23055_A|G,23063_A|T,23075_T|C,23222_G|A,23271_C|T,23277_C|T,23403_A|G,23423_C|T,23525_C|T,23599_T|G,23604_C|G,23854_C|A,23948_G|T,24378_C|T,24424_A|T,24469_T|A,24990_C|T,25000_C|T,25207_C|T,25584_C|T,26060_C|T,26270_C|T,26529_G|C,26577_C|G,26610_A|G,26681_C|T,26709_G|A,26833_C|T,26858_C|T,27259_A|C,27382_G|C,27383_A|T,27384_T|C,27807_C|T,27810_T|C,28271_A|T,28297_T|C,28311_C|T,28881_G|A,28882_G|A,28883_G|C,28958_C|A,29409_C|T,29510_A|C,11288_11296,21633_21641,21765_21770,21992_21994,22194_22196,23009_23011,28362_28370,29734_29759,21608_.|TCATGCCGCTGT
BHR/25100011360/2025	XFG	241_C|T,670_T|G,897_C|A,2790_C|T,3037_C|T,3431_G|T,3565_T|C,4184_G|A,4214_T|C,4321_C|T,5239_C|T,6183_A|G,6543_C|T,7842_A|G,7869_C|T,8152_C|T,8293_C|T,8350_T|C,8393_G|A,8818_C|T,9344_C|T,9424_A|G,9534_C|T,10029_C|T,10039_C|T,10198_C|T,10447_G|A,10449_C|A,11042_G|T,11727_G|A,12789_C|T,12815_C|T,12880_C|T,12892_G|A,13339_T|C,14408_C|T,15714_C|T,15756_T|A,16600_T|C,17175_T|C,17410_C|T,18163_A|G,18492_A|G,18894_C|T,19955_C|T,20055_A|G,20178_C|T,21618_C|T,21622_C|T,21624_G|C,21627_C|A,21653_T|C,21711_C|T,21941_G|T,21987_G|A,22032_T|C,22033_C|A,22034_A|G,22107_A|G,22132_G|T,22200_T|G,22208_C|T,22295_C|A,22353_C|A,22556_A|G,22577_G|C,22578_G|A,22599_G|C,22629_A|C,22674_C|T,22679_T|C,22686_C|T,22688_A|G,22770_G|A,22775_G|A,22786_A|C,22792_C|T,22813_G|T,22882_T|G,22893_A|G,22895_G|C,22896_T|G,22898_G|A,22910_A|G,22916_C|T,22917_T|G,22926_T|C,22928_T|C,22942_T|A,22992_G|A,22995_C|A,23005_T|A,23012_G|A,23018_T|C,23019_T|C,23021_A|G,23039_C|G,23055_A|G,23063_A|T,23075_T|C,23222_G|A,23271_C|T,23277_C|T,23403_A|G,23423_C|T,23525_C|T,23599_T|G,23604_C|G,23854_C|A,23948_G|T,24378_C|T,24424_A|T,24469_T|A,24990_C|T,25000_C|T,25207_C|T,25584_C|T,26060_C|T,26270_C|T,26529_G|C,26577_C|G,26610_A|G,26681_C|T,26709_G|A,26833_C|T,26858_C|T,27259_A|C,27382_G|C,27383_A|T,27384_T|C,27807_C|T,27810_T|C,28271_A|T,28297_T|C,28311_C|T,28881_G|A,28882_G|A,28883_G|C,28958_C|A,29409_C|T,29510_A|C,11288_11296,21633_21641,21765_21770,21992_21994,22194_22196,23009_23011,28362_28370,29734_29759,21608_.|TCATGCCGCTGT
BHR/25100011514/2025	XFG	241_C|T,670_T|G,897_C|A,2790_C|T,3037_C|T,3431_G|T,3565_T|C,4184_G|A,4214_T|C,4321_C|T,5239_C|T,6183_A|G,7842_A|G,7869_C|T,8293_C|T,8350_T|C,8393_G|A,8818_C|T,9344_C|T,9424_A|G,9534_C|T,10029_C|T,10189_C|T,10198_C|T,10447_G|A,10449_C|A,11042_G|T,11727_G|A,12789_C|T,12815_C|T,12880_C|T,12892_G|A,13339_T|C,14408_C|T,15714_C|T,15756_T|A,16600_T|C,17363_T|C,17410_C|T,18163_A|G,18492_A|G,18894_C|T,19955_C|T,20055_A|G,20178_C|T,21618_C|T,21622_C|T,21624_G|C,21627_C|A,21653_T|C,21711_C|T,21941_G|T,21987_G|A,22032_T|C,22033_C|A,22034_A|G,22107_A|G,22132_G|T,22200_T|G,22208_C|T,22295_C|A,22353_C|A,22556_A|G,22577_G|C,22578_G|A,22599_G|C,22629_A|C,22674_C|T,22679_T|C,22686_C|T,22688_A|G,22770_G|A,22775_G|A,22786_A|C,22792_C|T,22813_G|T,22882_T|G,22883_C|A,22893_A|G,22895_G|C,22896_T|G,22898_G|A,22910_A|G,22916_C|T,22917_T|G,22926_T|C,22928_T|C,22942_T|A,22992_G|A,22995_C|A,23005_T|A,23012_G|A,23018_T|C,23019_T|C,23021_A|G,23039_C|G,23055_A|G,23063_A|T,23075_T|C,23222_G|A,23271_C|T,23277_C|T,23403_A|G,23423_C|T,23525_C|T,23599_T|G,23604_C|G,23854_C|A,23948_G|T,24034_C|T,24378_C|T,24424_A|T,24469_T|A,24990_C|T,25000_C|T,25207_C|T,25584_C|T,26060_C|T,26270_C|T,26529_G|C,26577_C|G,26610_A|G,26681_C|T,26709_G|A,26833_C|T,26858_C|T,27259_A|C,27382_G|C,27383_A|T,27384_T|C,27807_C|T,27810_T|C,28271_A|T,28297_T|C,28311_C|T,28881_G|A,28882_G|A,28883_G|C,28958_C|A,29409_C|T,29510_A|C,11288_11296,21633_21641,21765_21770,21992_21994,22194_22196,23009_23011,28362_28370,29734_29759,21608_.|TCATGCCGCTGT
BHR/25100011519/2025	XFG	241_C|T,670_T|G,897_C|A,2790_C|T,3037_C|T,3431_G|T,3565_T|C,4184_G|A,4214_T|C,4321_C|T,5239_C|T,5911_T|C,6183_A|G,6889_A|C,7842_A|G,7869_C|T,8293_C|T,8350_T|C,8393_G|A,8818_C|T,9052_A|T,9344_C|T,9424_A|G,9534_C|T,10029_C|T,10198_C|T,10447_G|A,10449_C|A,11042_G|T,11727_G|A,12789_C|T,12815_C|T,12880_C|T,12892_G|A,13339_T|C,14408_C|T,14747_A|G,15714_C|T,15756_T|A,16600_T|C,17410_C|T,18163_A|G,18492_A|G,18894_C|T,19955_C|T,20055_A|G,21618_C|T,21622_C|T,21624_G|C,21627_C|A,21653_T|C,21711_C|T,21941_G|T,21987_G|A,22032_T|C,22033_C|A,22034_A|G,22107_A|G,22132_G|T,22200_T|G,22208_C|T,22295_C|A,22353_C|A,22556_A|G,22577_G|C,22578_G|A,22599_G|C,22629_A|C,22674_C|T,22679_T|C,22686_C|T,22688_A|G,22770_G|A,22775_G|A,22786_A|C,22792_C|T,22813_G|T,22882_T|G,22893_A|G,22895_G|C,22896_T|G,22898_G|A,22910_A|G,22916_C|T,22917_T|G,22926_T|C,22928_T|C,22942_T|A,22992_G|A,22995_C|A,23005_T|A,23012_G|A,23018_T|C,23019_T|C,23021_A|G,23039_C|G,23055_A|G,23063_A|T,23075_T|C,23222_G|A,23271_C|T,23277_C|T,23403_A|G,23423_C|T,23525_C|T,23599_T|G,23604_C|G,23854_C|A,23948_G|T,24378_C|T,24424_A|T,24469_T|A,24990_C|T,25000_C|T,25207_C|T,25584_C|T,26060_C|T,26270_C|T,26529_G|C,26577_C|G,26610_A|G,26681_C|T,26709_G|A,26833_C|T,26858_C|T,27209_A|G,27259_A|C,27382_G|C,27383_A|T,27384_T|C,27807_C|T,27810_T|C,28271_A|T,28297_T|C,28311_C|T,28475_C|A,28881_G|A,28882_G|A,28883_G|C,28958_C|A,29409_C|T,29510_A|C,29671_A|G,11288_11296,21633_21641,21765_21770,21992_21994,22194_22196,23009_23011,28362_28370,29734_29759,21608_.|TCATGCCGCTGT
BHR/25100012344/2025	XFG	241_C|T,670_T|G,897_C|A,2790_C|T,3037_C|T,3431_G|T,3565_T|C,4184_G|A,4214_T|C,4321_C|T,5239_C|T,5911_T|C,6183_A|G,7122_T|C,7842_A|G,7869_C|T,8293_C|T,8350_T|C,8393_G|A,8818_C|T,9344_C|T,9424_A|G,9534_C|T,10029_C|T,10198_C|T,10447_G|A,10449_C|A,11042_G|T,11727_G|A,12789_C|T,12815_C|T,12880_C|T,12885_C|T,12892_G|A,13339_T|C,14408_C|T,14747_A|G,15714_C|T,15756_T|A,16600_T|C,17410_C|T,18163_A|G,18326_C|T,18492_A|G,18894_C|T,19955_C|T,20055_A|G,21618_C|T,21622_C|T,21624_G|C,21627_C|A,21653_T|C,21711_C|T,21941_G|T,21987_G|A,22032_T|C,22033_C|A,22034_A|G,22107_A|G,22132_G|T,22200_T|G,22208_C|T,22295_C|A,22353_C|A,22432_C|T,22556_A|G,22577_G|C,22578_G|A,22599_G|C,22629_A|C,22674_C|T,22679_T|C,22686_C|T,22688_A|G,22770_G|A,22775_G|A,22786_A|C,22792_C|T,22813_G|T,22882_T|G,22893_A|G,22895_G|C,22896_T|G,22898_G|A,22910_A|G,22916_C|T,22917_T|G,22926_T|C,22928_T|C,22942_T|A,22992_G|A,22995_C|A,23005_T|A,23012_G|A,23018_T|C,23019_T|C,23021_A|G,23039_C|G,23055_A|G,23063_A|T,23075_T|C,23222_G|A,23271_C|T,23277_C|T,23403_A|G,23423_C|T,23525_C|T,23599_T|G,23604_C|G,23854_C|A,23948_G|T,24378_C|T,24424_A|T,24469_T|A,24990_C|T,25000_C|T,25207_C|T,25584_C|T,26060_C|T,26270_C|T,26529_G|C,26577_C|G,26610_A|G,26681_C|T,26709_G|A,26833_C|T,26858_C|T,27209_A|G,27259_A|C,27382_G|C,27383_A|T,27384_T|C,27807_C|T,27810_T|C,28271_A|T,28297_T|C,28311_C|T,28475_C|A,28881_G|A,28882_G|A,28883_G|C,28958_C|A,29409_C|T,29510_A|C,29671_A|G,11288_11296,21633_21641,21765_21770,21992_21994,22194_22196,23009_23011,28362_28370,29734_29759,21608_.|TCATGCCGCTGT
BHR/25100013134/2025	XFG	241_C|T,670_T|G,897_C|A,2676_C|T,2790_C|T,3037_C|T,3431_G|T,3565_T|C,4184_G|A,4214_T|C,4230_C|T,4321_C|T,5239_C|T,5911_T|C,6183_A|G,7842_A|G,7869_C|T,8293_C|T,8350_T|C,8393_G|A,8818_C|T,9344_C|T,9424_A|G,9534_C|T,10029_C|T,10198_C|T,10447_G|A,10449_C|A,11042_G|T,11727_G|A,12789_C|T,12815_C|T,12880_C|T,12892_G|A,13339_T|C,14408_C|T,14747_A|G,15714_C|T,15756_T|A,16600_T|C,17410_C|T,17637_A|G,18163_A|G,18326_C|T,18492_A|G,18894_C|T,19955_C|T,20055_A|G,21618_C|T,21622_C|T,21624_G|C,21627_C|A,21653_T|C,21711_C|T,21941_G|T,21987_G|A,22032_T|C,22033_C|A,22034_A|G,22107_A|G,22132_G|T,22200_T|G,22208_C|T,22295_C|A,22353_C|A,22556_A|G,22577_G|C,22578_G|A,22599_G|C,22629_A|C,22674_C|T,22679_T|C,22686_C|T,22688_A|G,22770_G|A,22775_G|A,22786_A|C,22792_C|T,22813_G|T,22882_T|G,22893_A|G,22895_G|C,22896_T|G,22898_G|A,22910_A|G,22916_C|T,22917_T|G,22926_T|C,22928_T|C,22942_T|A,22992_G|A,22995_C|A,23005_T|A,23012_G|A,23018_T|C,23019_T|C,23021_A|G,23039_C|G,23055_A|G,23063_A|T,23075_T|C,23222_G|A,23271_C|T,23277_C|T,23403_A|G,23423_C|T,23525_C|T,23599_T|G,23604_C|G,23854_C|A,23948_G|T,24378_C|T,24424_A|T,24469_T|A,24990_C|T,25000_C|T,25207_C|T,25584_C|T,26060_C|T,26270_C|T,26529_G|C,26577_C|G,26610_A|G,26681_C|T,26709_G|A,26833_C|T,26858_C|T,27209_A|G,27259_A|C,27382_G|C,27383_A|T,27384_T|C,27484_T|C,27807_C|T,27810_T|C,28271_A|T,28297_T|C,28311_C|T,28475_C|A,28881_G|A,28882_G|A,28883_G|C,28958_C|A,29409_C|T,29510_A|C,29671_A|G,11288_11296,21633_21641,21765_21770,21992_21994,22194_22196,23009_23011,28362_28370,28988_28993,29734_29759,21608_.|TCATGCCGCTGT
BHR/25220008952/2025	XFG	241_C|T,670_T|G,897_C|A,2790_C|T,3037_C|T,3431_G|T,3565_T|C,4184_G|A,4214_T|C,4321_C|T,5239_C|T,5911_T|C,6183_A|G,7122_T|C,7842_A|G,7869_C|T,8293_C|T,8350_T|C,8393_G|A,8818_C|T,9344_C|T,9424_A|G,9534_C|T,10029_C|T,10198_C|T,10447_G|A,10449_C|A,10698_G|A,11042_G|T,11727_G|A,12789_C|T,12815_C|T,12880_C|T,12892_G|A,13339_T|C,14408_C|T,14747_A|G,15714_C|T,15756_T|A,16600_T|C,17410_C|T,18163_A|G,18326_C|T,18492_A|G,18894_C|T,19955_C|T,20055_A|G,21618_C|T,21622_C|T,21624_G|C,21627_C|A,21653_T|C,21711_C|T,21941_G|T,21987_G|A,22032_T|C,22033_C|A,22034_A|G,22107_A|G,22132_G|T,22200_T|G,22208_C|T,22295_C|A,22353_C|A,22556_A|G,22577_G|C,22578_G|A,22599_G|C,22629_A|C,22674_C|T,22679_T|C,22686_C|T,22688_A|G,22770_G|A,22775_G|A,22786_A|C,22792_C|T,22813_G|T,22882_T|G,22893_A|G,22895_G|C,22896_T|G,22898_G|A,22910_A|G,22916_C|T,22917_T|G,22926_T|C,22928_T|C,22942_T|A,22992_G|A,22995_C|A,23005_T|A,23012_G|A,23018_T|C,23019_T|C,23021_A|G,23039_C|G,23055_A|G,23063_A|T,23075_T|C,23222_G|A,23271_C|T,23277_C|T,23403_A|G,23423_C|T,23525_C|T,23599_T|G,23604_C|G,23854_C|A,23948_G|T,24378_C|T,24424_A|T,24469_T|A,24990_C|T,25000_C|T,25207_C|T,25584_C|T,26060_C|T,26270_C|T,26529_G|C,26577_C|G,26610_A|G,26681_C|T,26709_G|A,26833_C|T,26858_C|T,27209_A|G,27259_A|C,27382_G|C,27383_A|T,27384_T|C,27807_C|T,27810_T|C,28271_A|T,28297_T|C,28311_C|T,28475_C|A,28881_G|A,28882_G|A,28883_G|C,28958_C|A,29409_C|T,29510_A|C,29671_A|G,11288_11296,21633_21641,21765_21770,21992_21994,22194_22196,23009_23011,28362_28370,29734_29759,21608_.|TCATGCCGCTGT
BHR/25220009209/2025	XFG	241_C|T,670_T|G,683_C|T,897_C|A,2790_C|T,3037_C|T,3431_G|T,3565_T|C,4184_G|A,4214_T|C,4321_C|T,5239_C|T,5725_A|G,6183_A|G,7842_A|G,7869_C|T,8293_C|T,8350_T|C,8393_G|A,8818_C|T,9344_C|T,9424_A|G,9534_C|T,10029_C|T,10198_C|T,10447_G|A,10449_C|A,10631_G|T,11042_G|T,11727_G|A,12789_C|T,12815_C|T,12880_C|T,12892_G|A,13339_T|C,14408_C|T,15714_C|T,15756_T|A,16457_C|T,16600_T|C,17410_C|T,18163_A|G,18492_A|G,18894_C|T,19955_C|T,20055_A|G,20178_C|T,21618_C|T,21622_C|T,21624_G|C,21627_C|A,21653_T|C,21711_C|T,21941_G|T,21987_G|A,22032_T|C,22033_C|A,22034_A|G,22107_A|G,22132_G|T,22200_T|G,22208_C|T,22295_C|A,22353_C|A,22556_A|G,22577_G|C,22578_G|A,22599_G|C,22629_A|C,22674_C|T,22679_T|C,22686_C|T,22688_A|G,22770_G|A,22775_G|A,22786_A|C,22792_C|T,22813_G|T,22882_T|G,22893_A|G,22895_G|C,22896_T|G,22898_G|A,22910_A|G,22916_C|T,22917_T|G,22926_T|C,22928_T|C,22942_T|A,22992_G|A,22995_C|A,23005_T|A,23012_G|A,23018_T|C,23019_T|C,23021_A|G,23039_C|G,23055_A|G,23063_A|T,23075_T|C,23222_G|A,23271_C|T,23277_C|T,23403_A|G,23423_C|T,23525_C|T,23599_T|G,23604_C|G,23854_C|A,23948_G|T,24378_C|T,24424_A|T,24469_T|A,24990_C|T,25000_C|T,25207_C|T,25584_C|T,26060_C|T,26270_C|T,26529_G|C,26577_C|G,26610_A|G,26681_C|T,26709_G|A,26833_C|T,26858_C|T,27259_A|C,27382_G|C,27383_A|T,27384_T|C,27807_C|T,27810_T|C,27944_C|T,28271_A|T,28297_T|C,28311_C|T,28881_G|A,28882_G|A,28883_G|C,28958_C|A,29409_C|T,29510_A|C,11288_11296,21633_21641,21765_21770,21992_21994,22194_22196,23009_23011,28362_28370,29734_29759,21608_.|TCATGCCGCTGT
BHR/25220009714/2025	XFG	241_C|T,670_T|G,897_C|A,2790_C|T,3037_C|T,3431_G|T,3565_T|C,4184_G|A,4214_T|C,4321_C|T,5239_C|T,5911_T|C,6183_A|G,7842_A|G,7869_C|T,8293_C|T,8350_T|C,8393_G|A,8818_C|T,9344_C|T,9424_A|G,9534_C|T,10029_C|T,10198_C|T,10447_G|A,10449_C|A,11042_G|T,11727_G|A,12789_C|T,12815_C|T,12880_C|T,12892_G|A,13339_T|C,14408_C|T,14747_A|G,15714_C|T,15756_T|A,16600_T|C,17410_C|T,18163_A|G,18326_C|T,18492_A|G,18894_C|T,19955_C|T,20055_A|G,21618_C|T,21622_C|T,21624_G|C,21627_C|A,21653_T|C,21711_C|T,21941_G|T,21987_G|A,22032_T|C,22033_C|A,22034_A|G,22107_A|G,22132_G|T,22200_T|G,22208_C|T,22295_C|A,22353_C|A,22556_A|G,22577_G|C,22578_G|A,22599_G|C,22629_A|C,22674_C|T,22679_T|C,22686_C|T,22688_A|G,22770_G|A,22775_G|A,22786_A|C,22792_C|T,22813_G|T,22882_T|G,22893_A|G,22895_G|C,22896_T|G,22898_G|A,22910_A|G,22916_C|T,22917_T|G,22926_T|C,22928_T|C,22942_T|A,22992_G|A,22995_C|A,23005_T|A,23012_G|A,23018_T|C,23019_T|C,23021_A|G,23039_C|G,23055_A|G,23063_A|T,23075_T|C,23222_G|A,23271_C|T,23277_C|T,23403_A|G,23423_C|T,23525_C|T,23599_T|G,23604_C|G,23854_C|A,23948_G|T,24378_C|T,24424_A|T,24469_T|A,24990_C|T,25000_C|T,25207_C|T,25584_C|T,26060_C|T,26270_C|T,26529_G|C,26577_C|G,26610_A|G,26681_C|T,26709_G|A,26833_C|T,26858_C|T,27209_A|G,27259_A|C,27382_G|C,27383_A|T,27384_T|C,27484_T|C,27807_C|T,27810_T|C,28271_A|T,28297_T|C,28311_C|T,28475_C|A,28881_G|A,28882_G|A,28883_G|C,28958_C|A,29409_C|T,29510_A|C,29671_A|G,11288_11296,21633_21641,21765_21770,21992_21994,22194_22196,23009_23011,28362_28370,29734_29759,21608_.|TCATGCCGCTGT
BHR/25220010174/2025	XFG	241_C|T,670_T|G,897_C|A,2790_C|T,3037_C|T,3431_G|T,3565_T|C,4184_G|A,4214_T|C,4321_C|T,5144_C|T,5239_C|T,5911_T|C,6183_A|G,7842_A|G,7869_C|T,7926_C|T,8293_C|T,8350_T|C,8393_G|A,8818_C|T,9344_C|T,9424_A|G,9534_C|T,10029_C|T,10198_C|T,10447_G|A,10449_C|A,11042_G|T,11727_G|A,12733_C|T,12789_C|T,12815_C|T,12880_C|T,12892_G|A,13339_T|C,14408_C|T,14747_A|G,15714_C|T,15756_T|A,16600_T|C,17410_C|T,18163_A|G,18492_A|G,18894_C|T,19955_C|T,20055_A|G,21618_C|T,21622_C|T,21624_G|C,21627_C|A,21653_T|C,21711_C|T,21941_G|T,21987_G|A,22032_T|C,22033_C|A,22034_A|G,22107_A|G,22132_G|T,22200_T|G,22208_C|T,22295_C|A,22353_C|A,22556_A|G,22577_G|C,22578_G|A,22599_G|C,22629_A|C,22674_C|T,22679_T|C,22686_C|T,22688_A|G,22770_G|A,22775_G|A,22786_A|C,22792_C|T,22813_G|T,22882_T|G,22893_A|G,22895_G|C,22896_T|G,22898_G|A,22910_A|G,22916_C|T,22917_T|G,22926_T|C,22928_T|C,22942_T|A,22992_G|A,22995_C|A,23005_T|A,23012_G|A,23018_T|C,23019_T|C,23021_A|G,23039_C|G,23055_A|G,23063_A|T,23075_T|C,23222_G|A,23271_C|T,23277_C|T,23403_A|G,23423_C|T,23525_C|T,23599_T|G,23604_C|G,23854_C|A,23948_G|T,24378_C|T,24424_A|T,24469_T|A,24990_C|T,25000_C|T,25207_C|T,25584_C|T,26060_C|T,26270_C|T,26529_G|C,26577_C|G,26610_A|G,26681_C|T,26709_G|A,26833_C|T,26858_C|T,27209_A|G,27259_A|C,27382_G|C,27383_A|T,27384_T|C,27807_C|T,27810_T|C,28271_A|T,28297_T|C,28311_C|T,28475_C|A,28681_G|A,28881_G|A,28882_G|A,28883_G|C,28958_C|A,29409_C|T,29510_A|C,29671_A|G,11288_11296,21633_21641,21765_21770,21992_21994,22194_22196,23009_23011,28362_28370,29734_29759,21608_.|TCATGCCGCTGT
BHR/25220010284/2025	XFG	241_C|T,670_T|G,897_C|A,2790_C|T,3037_C|T,3096_C|T,3431_G|T,3565_T|C,4184_G|A,4214_T|C,4321_C|T,5239_C|T,5934_C|T,6183_A|G,7842_A|G,7869_C|T,8293_C|T,8350_T|C,8393_G|A,8818_C|T,9344_C|T,9424_A|G,9534_C|T,10029_C|T,10198_C|T,10279_C|T,10447_G|A,10449_C|A,11042_G|T,11727_G|A,12789_C|T,12815_C|T,12880_C|T,12892_G|A,13339_T|C,14408_C|T,15714_C|T,15756_T|A,15774_C|T,16600_T|C,17410_C|T,18163_A|G,18492_A|G,18894_C|T,19955_C|T,20055_A|G,20178_C|T,21618_C|T,21622_C|T,21624_G|C,21627_C|A,21653_T|C,21711_C|T,21941_G|T,21987_G|A,22032_T|C,22033_C|A,22034_A|G,22107_A|G,22132_G|T,22200_T|G,22208_C|T,22295_C|A,22353_C|A,22556_A|G,22577_G|C,22578_G|A,22599_G|C,22629_A|C,22674_C|T,22679_T|C,22686_C|T,22688_A|G,22770_G|A,22775_G|A,22786_A|C,22792_C|T,22813_G|T,22882_T|G,22893_A|G,22895_G|C,22896_T|G,22898_G|A,22910_A|G,22916_C|T,22917_T|G,22926_T|C,22928_T|C,22942_T|A,22992_G|A,22995_C|A,23005_T|A,23012_G|A,23018_T|C,23019_T|C,23021_A|G,23039_C|G,23055_A|G,23063_A|T,23075_T|C,23222_G|A,23271_C|T,23277_C|T,23403_A|G,23423_C|T,23525_C|T,23599_T|G,23604_C|G,23854_C|A,23948_G|T,24378_C|T,24424_A|T,24469_T|A,24990_C|T,25000_C|T,25207_C|T,25584_C|T,26060_C|T,26270_C|T,26529_G|C,26577_C|G,26610_A|G,26681_C|T,26709_G|A,26833_C|T,26858_C|T,27259_A|C,27382_G|C,27383_A|T,27384_T|C,27494_C|T,27807_C|T,27810_T|C,28271_A|T,28297_T|C,28311_C|T,28881_G|A,28882_G|A,28883_G|C,28958_C|A,29409_C|T,29510_A|C,11288_11296,21633_21641,21765_21770,21992_21994,22194_22196,23009_23011,28362_28370,29734_29759,21608_.|TCATGCCGCTGT
BHR/25220010769/2025	XFG	241_C|T,670_T|G,897_C|A,1684_C|T,2790_C|T,3037_C|T,3431_G|T,3565_T|C,4184_G|A,4214_T|C,4321_C|T,5239_C|T,6183_A|G,7842_A|G,7869_C|T,8290_C|T,8293_C|T,8350_T|C,8393_G|A,8818_C|T,9344_C|T,9424_A|G,9534_C|T,10029_C|T,10198_C|T,10447_G|A,10449_C|A,10868_C|T,11042_G|T,11727_G|A,12775_T|C,12789_C|T,12815_C|T,12880_C|T,12892_G|A,13339_T|C,14408_C|T,15714_C|T,15756_T|A,16224_T|C,16600_T|C,17410_C|T,18163_A|G,18492_A|G,18894_C|T,19955_C|T,20055_A|G,20134_G|T,21618_C|T,21622_C|T,21624_G|C,21627_C|A,21653_T|C,21711_C|T,21941_G|T,21987_G|A,22032_T|C,22033_C|A,22034_A|G,22107_A|G,22132_G|T,22200_T|G,22208_C|T,22295_C|A,22353_C|A,22556_A|G,22577_G|C,22578_G|A,22599_G|C,22629_A|C,22674_C|T,22679_T|C,22686_C|T,22688_A|G,22770_G|A,22775_G|A,22786_A|C,22792_C|T,22813_G|T,22882_T|G,22893_A|G,22895_G|C,22896_T|G,22898_G|A,22910_A|G,22916_C|T,22917_T|G,22926_T|C,22928_T|C,22942_T|A,22992_G|A,22995_C|A,23005_T|A,23012_G|A,23018_T|C,23019_T|C,23021_A|G,23039_C|G,23055_A|G,23063_A|T,23075_T|C,23222_G|A,23271_C|T,23277_C|T,23403_A|G,23423_C|T,23525_C|T,23599_T|G,23604_C|G,23854_C|A,23948_G|T,24378_C|T,24424_A|T,24469_T|A,24990_C|T,25000_C|T,25207_C|T,25584_C|T,26060_C|T,26270_C|T,26529_G|C,26577_C|G,26610_A|G,26681_C|T,26709_G|A,26833_C|T,26858_C|T,27259_A|C,27382_G|C,27383_A|T,27384_T|C,27807_C|T,27810_T|C,28271_A|T,28297_T|C,28311_C|T,28881_G|A,28882_G|A,28883_G|C,28958_C|A,29409_C|T,29510_A|C,11288_11296,21633_21641,21765_21770,21992_21994,22194_22196,23009_23011,28362_28370,29734_29759,21608_.|TCATGCCGCTGT
BHR/25230005881/2025	XFG	241_C|T,670_T|G,897_C|A,2790_C|T,3037_C|T,3431_G|T,3565_T|C,4184_G|A,4214_T|C,4321_C|T,5239_C|T,5911_T|C,6183_A|G,7842_A|G,7869_C|T,8293_C|T,8350_T|C,8393_G|A,8818_C|T,9344_C|T,9424_A|G,9534_C|T,10029_C|T,10198_C|T,10447_G|A,10449_C|A,11042_G|T,11727_G|A,12789_C|T,12815_C|T,12880_C|T,12892_G|A,13339_T|C,14408_C|T,14747_A|G,15714_C|T,15756_T|A,16600_T|C,17410_C|T,18163_A|G,18492_A|G,18894_C|T,19955_C|T,20055_A|G,21618_C|T,21622_C|T,21624_G|C,21627_C|A,21653_T|C,21711_C|T,21941_G|T,21987_G|A,22032_T|C,22033_C|A,22034_A|G,22107_A|G,22132_G|T,22200_T|G,22208_C|T,22295_C|A,22353_C|A,22556_A|G,22577_G|C,22578_G|A,22599_G|C,22629_A|C,22674_C|T,22679_T|C,22686_C|T,22688_A|G,22770_G|A,22775_G|A,22786_A|C,22792_C|T,22813_G|T,22882_T|G,22893_A|G,22895_G|C,22896_T|G,22898_G|A,22910_A|G,22916_C|T,22917_T|G,22926_T|C,22928_T|C,22942_T|A,22992_G|A,22995_C|A,23005_T|A,23012_G|A,23018_T|C,23019_T|C,23021_A|G,23039_C|G,23055_A|G,23063_A|T,23075_T|C,23222_G|A,23271_C|T,23277_C|T,23403_A|G,23423_C|T,23525_C|T,23599_T|G,23604_C|G,23854_C|A,23948_G|T,24378_C|T,24424_A|T,24469_T|A,24990_C|T,25000_C|T,25207_C|T,25584_C|T,26060_C|T,26270_C|T,26529_G|C,26577_C|G,26610_A|G,26681_C|T,26709_G|A,26833_C|T,26858_C|T,27209_A|G,27259_A|C,27382_G|C,27383_A|T,27384_T|C,27807_C|T,27810_T|C,28271_A|T,28297_T|C,28311_C|T,28475_C|A,28881_G|A,28882_G|A,28883_G|C,28958_C|A,29409_C|T,29510_A|C,29671_A|G,11288_11296,21633_21641,21765_21770,21992_21994,22194_22196,23009_23011,28362_28370,29734_29759,21608_.|TCATGCCGCTGT
BHR/25280009220/2025	XFG	241_C|T,670_T|G,897_C|A,2790_C|T,3037_C|T,3431_G|T,3565_T|C,4184_G|A,4214_T|C,4321_C|T,5239_C|T,6183_A|G,6543_C|T,7842_A|G,7869_C|T,8152_C|T,8293_C|T,8350_T|C,8393_G|A,8818_C|T,9344_C|T,9424_A|G,9534_C|T,10029_C|T,10039_C|T,10198_C|T,10447_G|A,10449_C|A,11042_G|T,11727_G|A,12789_C|T,12815_C|T,12880_C|T,12892_G|A,13339_T|C,14408_C|T,15714_C|T,15756_T|A,16600_T|C,17410_C|T,18163_A|G,18492_A|G,18894_C|T,19955_C|T,20055_A|G,20178_C|T,21618_C|T,21622_C|T,21624_G|C,21627_C|A,21653_T|C,21711_C|T,21941_G|T,21987_G|A,22032_T|C,22033_C|A,22034_A|G,22107_A|G,22132_G|T,22200_T|G,22208_C|T,22295_C|A,22353_C|A,22556_A|G,22577_G|C,22578_G|A,22599_G|C,22629_A|C,22674_C|T,22679_T|C,22686_C|T,22688_A|G,22770_G|A,22775_G|A,22786_A|C,22792_C|T,22813_G|T,22882_T|G,22893_A|G,22895_G|C,22896_T|G,22898_G|A,22910_A|G,22916_C|T,22917_T|G,22926_T|C,22928_T|C,22942_T|A,22992_G|A,22995_C|A,23005_T|A,23012_G|A,23018_T|C,23019_T|C,23021_A|G,23039_C|G,23055_A|G,23063_A|T,23075_T|C,23222_G|A,23271_C|T,23277_C|T,23403_A|G,23423_C|T,23525_C|T,23599_T|G,23604_C|G,23854_C|A,23948_G|T,24378_C|T,24424_A|T,24469_T|A,24990_C|T,25000_C|T,25207_C|T,25584_C|T,26060_C|T,26270_C|T,26529_G|C,26577_C|G,26610_A|G,26681_C|T,26709_G|A,26833_C|T,26858_C|T,27259_A|C,27382_G|C,27383_A|T,27384_T|C,27807_C|T,27810_T|C,28271_A|T,28297_T|C,28311_C|T,28881_G|A,28882_G|A,28883_G|C,28958_C|A,29409_C|T,29510_A|C,11288_11296,21633_21641,21992_21994,22194_22196,23009_23011,28362_28370,29734_29759,21608_.|TCATGCCGCTGT
BHR/25280014848/2025	XFG	241_C|T,670_T|G,897_C|A,2790_C|T,3037_C|T,3431_G|T,3565_T|C,4184_G|A,4214_T|C,4321_C|T,5239_C|T,5911_T|C,6183_A|G,7842_A|G,7869_C|T,8293_C|T,8350_T|C,8393_G|A,8818_C|T,9344_C|T,9424_A|G,9534_C|T,10029_C|T,10198_C|T,10447_G|A,10449_C|A,11042_G|T,11727_G|A,12789_C|T,12815_C|T,12880_C|T,12892_G|A,13339_T|C,14408_C|T,14747_A|G,15714_C|T,15756_T|A,16600_T|C,17410_C|T,18163_A|G,18492_A|G,18894_C|T,19955_C|T,20055_A|G,21618_C|T,21622_C|T,21624_G|C,21627_C|A,21653_T|C,21711_C|T,21941_G|T,21987_G|A,22032_T|C,22033_C|A,22034_A|G,22107_A|G,22132_G|T,22200_T|G,22208_C|T,22295_C|A,22353_C|A,22556_A|G,22577_G|C,22578_G|A,22599_G|C,22629_A|C,22674_C|T,22679_T|C,22686_C|T,22688_A|G,22770_G|A,22775_G|A,22786_A|C,22792_C|T,22813_G|T,22882_T|G,22893_A|G,22895_G|C,22896_T|G,22898_G|A,22910_A|G,22916_C|T,22917_T|G,22926_T|C,22928_T|C,22942_T|A,22992_G|A,22995_C|A,23005_T|A,23012_G|A,23018_T|C,23019_T|C,23021_A|G,23039_C|G,23055_A|G,23063_A|T,23075_T|C,23148_A|G,23222_G|A,23271_C|T,23277_C|T,23403_A|G,23423_C|T,23525_C|T,23599_T|G,23604_C|G,23854_C|A,23948_G|T,24378_C|T,24424_A|T,24469_T|A,24990_C|T,25000_C|T,25207_C|T,25584_C|T,26060_C|T,26270_C|T,26529_G|C,26577_C|G,26610_A|G,26681_C|T,26709_G|A,26833_C|T,26858_C|T,27209_A|G,27259_A|C,27382_G|C,27383_A|T,27384_T|C,27807_C|T,27810_T|C,28271_A|T,28297_T|C,28311_C|T,28313_C|T,28475_C|A,28881_G|A,28882_G|A,28883_G|C,28958_C|A,29409_C|T,29510_A|C,29671_A|G,509_523,11288_11296,21633_21641,21765_21770,21992_21994,22194_22196,23009_23011,28362_28370,29734_29759,21608_.|TCATGCCGCTGT
BHR/25280016045/2025	XFG	241_C|T,670_T|G,897_C|A,2676_C|T,2790_C|T,3037_C|T,3431_G|T,3565_T|C,4184_G|A,4214_T|C,4321_C|T,5239_C|T,5911_T|C,6183_A|G,7842_A|G,7869_C|T,8293_C|T,8350_T|C,8393_G|A,8818_C|T,9344_C|T,9424_A|G,9534_C|T,10029_C|T,10198_C|T,10447_G|A,10449_C|A,11042_G|T,11727_G|A,12789_C|T,12815_C|T,12880_C|T,12892_G|A,13339_T|C,14408_C|T,14747_A|G,15714_C|T,15756_T|A,16600_T|C,17410_C|T,17637_A|G,18163_A|G,18326_C|T,18492_A|G,18894_C|T,19955_C|T,20055_A|G,21618_C|T,21622_C|T,21624_G|C,21627_C|A,21653_T|C,21711_C|T,21941_G|T,21987_G|A,22032_T|C,22033_C|A,22034_A|G,22107_A|G,22132_G|T,22200_T|G,22208_C|T,22295_C|A,22353_C|A,22556_A|G,22577_G|C,22578_G|A,22599_G|C,22629_A|C,22674_C|T,22679_T|C,22686_C|T,22688_A|G,22770_G|A,22775_G|A,22786_A|C,22792_C|T,22813_G|T,22882_T|G,22893_A|G,22895_G|C,22896_T|G,22898_G|A,22910_A|G,22916_C|T,22917_T|G,22926_T|C,22928_T|C,22942_T|A,22992_G|A,22995_C|A,23005_T|A,23012_G|A,23018_T|C,23019_T|C,23021_A|G,23039_C|G,23055_A|G,23063_A|T,23075_T|C,23222_G|A,23271_C|T,23277_C|T,23403_A|G,23423_C|T,23525_C|T,23599_T|G,23604_C|G,23854_C|A,23948_G|T,24378_C|T,24424_A|T,24469_T|A,24990_C|T,25000_C|T,25207_C|T,25584_C|T,26060_C|T,26270_C|T,26529_G|C,26577_C|G,26610_A|G,26681_C|T,26709_G|A,26833_C|T,26858_C|T,27209_A|G,27259_A|C,27382_G|C,27383_A|T,27384_T|C,27484_T|C,27807_C|T,27810_T|C,28271_A|T,28297_T|C,28311_C|T,28475_C|A,28881_G|A,28882_G|A,28883_G|C,28958_C|A,29041_G|A,29409_C|T,29510_A|C,29671_A|G,11288_11296,21633_21641,21765_21770,21992_21994,22194_22196,23009_23011,28362_28370,28988_28993,29734_29759,21608_.|TCATGCCGCTGT
BHR/25280016112/2025	XFG	241_C|T,670_T|G,683_C|T,897_C|A,2790_C|T,3037_C|T,3431_G|T,3565_T|C,4184_G|A,4214_T|C,4321_C|T,5239_C|T,6183_A|G,7842_A|G,7869_C|T,8293_C|T,8350_T|C,8393_G|A,8818_C|T,9344_C|T,9424_A|G,9534_C|T,10029_C|T,10198_C|T,10447_G|A,10449_C|A,11042_G|T,11727_G|A,12789_C|T,12815_C|T,12880_C|T,12892_G|A,13339_T|C,14408_C|T,15714_C|T,15756_T|A,16457_C|T,16600_T|C,17410_C|T,18163_A|G,18492_A|G,18894_C|T,19955_C|T,20055_A|G,20178_C|T,21618_C|T,21622_C|T,21624_G|C,21627_C|A,21653_T|C,21711_C|T,21941_G|T,21987_G|A,22032_T|C,22033_C|A,22034_A|G,22107_A|G,22132_G|T,22200_T|G,22208_C|T,22295_C|A,22353_C|A,22556_A|G,22577_G|C,22578_G|A,22599_G|C,22629_A|C,22674_C|T,22679_T|C,22686_C|T,22688_A|G,22770_G|A,22775_G|A,22786_A|C,22792_C|T,22813_G|T,22882_T|G,22893_A|G,22895_G|C,22896_T|G,22898_G|A,22910_A|G,22916_C|T,22917_T|G,22926_T|C,22928_T|C,22942_T|A,22992_G|A,22995_C|A,23005_T|A,23012_G|A,23018_T|C,23019_T|C,23021_A|G,23039_C|G,23055_A|G,23063_A|T,23075_T|C,23222_G|A,23271_C|T,23277_C|T,23403_A|G,23423_C|T,23525_C|T,23599_T|G,23604_C|G,23854_C|A,23948_G|T,24378_C|T,24424_A|T,24469_T|A,24990_C|T,25000_C|T,25207_C|T,25584_C|T,26060_C|T,26270_C|T,26529_G|C,26577_C|G,26610_A|G,26681_C|T,26709_G|A,26833_C|T,26858_C|T,27259_A|C,27382_G|C,27383_A|T,27384_T|C,27807_C|T,27810_T|C,27944_C|T,28271_A|T,28297_T|C,28311_C|T,28881_G|A,28882_G|A,28883_G|C,28958_C|A,29284_C|T,29409_C|T,29510_A|C,11288_11296,21633_21641,21765_21770,21992_21994,22194_22196,23009_23011,28362_28370,29734_29759,21608_.|TCATGCCGCTGT
BHR/25280016706/2025	XFG	241_C|T,670_T|G,897_C|A,936_C|T,2790_C|T,3037_C|T,3431_G|T,3565_T|C,4184_G|A,4214_T|C,4321_C|T,5239_C|T,6183_A|G,7164_C|T,7842_A|G,7869_C|T,8293_C|T,8350_T|C,8393_G|A,8818_C|T,9079_A|G,9344_C|T,9424_A|G,9534_C|T,10029_C|T,10039_C|T,10198_C|T,10447_G|A,10449_C|A,11042_G|T,11727_G|A,12789_C|T,12815_C|T,12880_C|T,12892_G|A,13339_T|C,14408_C|T,15714_C|T,15756_T|A,16600_T|C,17410_C|T,18163_A|G,18492_A|G,18894_C|T,19955_C|T,20055_A|G,20178_C|T,21618_C|T,21622_C|T,21624_G|C,21627_C|A,21653_T|C,21711_C|T,21941_G|T,21987_G|A,22032_T|C,22033_C|A,22034_A|G,22107_A|G,22132_G|T,22200_T|G,22208_C|T,22295_C|A,22353_C|A,22556_A|G,22577_G|C,22578_G|A,22599_G|C,22629_A|C,22674_C|T,22679_T|C,22686_C|T,22688_A|G,22770_G|A,22775_G|A,22786_A|C,22792_C|T,22813_G|T,22882_T|G,22893_A|G,22895_G|C,22896_T|G,22898_G|A,22910_A|G,22916_C|T,22917_T|G,22926_T|C,22928_T|C,22942_T|A,22992_G|A,22995_C|A,23005_T|A,23012_G|A,23018_T|C,23019_T|C,23021_A|G,23039_C|G,23055_A|G,23063_A|T,23075_T|C,23222_G|A,23271_C|T,23277_C|T,23403_A|G,23423_C|T,23525_C|T,23599_T|G,23604_C|G,23854_C|A,23948_G|T,24378_C|T,24424_A|T,24469_T|A,24990_C|T,25000_C|T,25207_C|T,25584_C|T,26060_C|T,26270_C|T,26529_G|C,26577_C|G,26610_A|G,26681_C|T,26709_G|A,26833_C|T,26858_C|T,27259_A|C,27382_G|C,27383_A|T,27384_T|C,27807_C|T,27810_T|C,28271_A|T,28297_T|C,28311_C|T,28881_G|A,28882_G|A,28883_G|C,28958_C|A,29409_C|T,29510_A|C,510_518,11288_11296,21633_21641,21765_21770,21992_21994,22194_22196,23009_23011,28362_28370,29734_29759,21608_.|TCATGCCGCTGT
BHR/25280016863/2025	XFG	241_C|T,670_T|G,897_C|A,2790_C|T,3037_C|T,3431_G|T,3565_T|C,4184_G|A,4214_T|C,4321_C|T,5239_C|T,5784_C|T,5911_T|C,6183_A|G,7842_A|G,7869_C|T,8293_C|T,8350_T|C,8393_G|A,8818_C|T,9344_C|T,9424_A|G,9534_C|T,10029_C|T,10198_C|T,10447_G|A,10449_C|A,11042_G|T,11727_G|A,12789_C|T,12815_C|T,12880_C|T,12892_G|A,13339_T|C,14408_C|T,14747_A|G,15714_C|T,15756_T|A,16600_T|C,17410_C|T,18163_A|G,18492_A|G,18894_C|T,19955_C|T,20055_A|G,21471_T|C,21618_C|T,21622_C|T,21624_G|C,21627_C|A,21653_T|C,21711_C|T,21941_G|T,21987_G|A,22032_T|C,22033_C|A,22034_A|G,22107_A|G,22132_G|T,22200_T|G,22208_C|T,22295_C|A,22353_C|A,22556_A|G,22577_G|C,22578_G|A,22599_G|C,22629_A|C,22674_C|T,22679_T|C,22686_C|T,22688_A|G,22770_G|A,22775_G|A,22786_A|C,22792_C|T,22813_G|T,22882_T|G,22893_A|G,22895_G|C,22896_T|G,22898_G|A,22910_A|G,22916_C|T,22917_T|G,22926_T|C,22928_T|C,22942_T|A,22992_G|A,22995_C|A,23005_T|A,23012_G|A,23018_T|C,23019_T|C,23021_A|G,23039_C|G,23055_A|G,23063_A|T,23075_T|C,23222_G|A,23271_C|T,23277_C|T,23403_A|G,23423_C|T,23525_C|T,23599_T|G,23604_C|G,23854_C|A,23948_G|T,24378_C|T,24424_A|T,24469_T|A,24990_C|T,25000_C|T,25207_C|T,25584_C|T,26060_C|T,26270_C|T,26529_G|C,26577_C|G,26610_A|G,26681_C|T,26709_G|A,26833_C|T,26858_C|T,27209_A|G,27259_A|C,27382_G|C,27383_A|T,27384_T|C,27807_C|T,27810_T|C,28271_A|T,28297_T|C,28311_C|T,28475_C|A,28881_G|A,28882_G|A,28883_G|C,28958_C|A,29409_C|T,29510_A|C,29671_A|G,11288_11296,21633_21641,21765_21770,21992_21994,22194_22196,23009_23011,28362_28370,29734_29759,21608_.|TCATGCCGCTGT
BHR/25280017025/2025	XFG	241_C|T,670_T|G,897_C|A,2790_C|T,3037_C|T,3431_G|T,3565_T|C,4184_G|A,4214_T|C,4321_C|T,5144_C|T,5239_C|T,5911_T|C,6183_A|G,7842_A|G,7869_C|T,7926_C|T,8293_C|T,8350_T|C,8393_G|A,8818_C|T,9344_C|T,9424_A|G,9534_C|T,10029_C|T,10198_C|T,10447_G|A,10449_C|A,11042_G|T,11727_G|A,12789_C|T,12815_C|T,12880_C|T,12892_G|A,13339_T|C,14408_C|T,14747_A|G,15714_C|T,15756_T|A,16600_T|C,17410_C|T,18163_A|G,18492_A|G,18894_C|T,19955_C|T,20055_A|G,21618_C|T,21622_C|T,21624_G|C,21627_C|A,21653_T|C,21711_C|T,21941_G|T,21987_G|A,22032_T|C,22033_C|A,22034_A|G,22107_A|G,22132_G|T,22200_T|G,22208_C|T,22295_C|A,22353_C|A,22556_A|G,22577_G|C,22578_G|A,22599_G|C,22629_A|C,22674_C|T,22679_T|C,22686_C|T,22688_A|G,22770_G|A,22775_G|A,22786_A|C,22792_C|T,22813_G|T,22882_T|G,22893_A|G,22895_G|C,22896_T|G,22898_G|A,22910_A|G,22916_C|T,22917_T|G,22926_T|C,22928_T|C,22942_T|A,22992_G|A,22995_C|A,23005_T|A,23012_G|A,23018_T|C,23019_T|C,23021_A|G,23039_C|G,23055_A|G,23063_A|T,23075_T|C,23222_G|A,23271_C|T,23277_C|T,23403_A|G,23423_C|T,23525_C|T,23599_T|G,23604_C|G,23854_C|A,23948_G|T,24378_C|T,24424_A|T,24469_T|A,24990_C|T,25000_C|T,25207_C|T,25584_C|T,26060_C|T,26270_C|T,26529_G|C,26577_C|G,26610_A|G,26681_C|T,26709_G|A,26833_C|T,26858_C|T,27209_A|G,27259_A|C,27382_G|C,27383_A|T,27384_T|C,27807_C|T,27810_T|C,28271_A|T,28297_T|C,28311_C|T,28475_C|A,28681_G|A,28881_G|A,28882_G|A,28883_G|C,28958_C|A,29409_C|T,29510_A|C,29671_A|G,11288_11296,21633_21641,21765_21770,21992_21994,22194_22196,23009_23011,28362_28370,29734_29759,21608_.|TCATGCCGCTGT
BHR/25290014746/2025	XFG	241_C|T,670_T|G,897_C|A,2790_C|T,3037_C|T,3431_G|T,3565_T|C,4184_G|A,4214_T|C,4321_C|T,5239_C|T,5911_T|C,6183_A|G,7842_A|G,7869_C|T,8293_C|T,8350_T|C,8393_G|A,8818_C|T,9344_C|T,9424_A|G,9534_C|T,10029_C|T,10198_C|T,10447_G|A,10449_C|A,11042_G|T,11727_G|A,12789_C|T,12815_C|T,12880_C|T,12892_G|A,13339_T|C,14408_C|T,14747_A|G,15714_C|T,15756_T|A,16600_T|C,17410_C|T,18163_A|G,18492_A|G,18894_C|T,19955_C|T,20055_A|G,21618_C|T,21622_C|T,21624_G|C,21627_C|A,21653_T|C,21711_C|T,21941_G|T,21987_G|A,22032_T|C,22033_C|A,22034_A|G,22107_A|G,22132_G|T,22200_T|G,22208_C|T,22295_C|A,22353_C|A,22577_G|C,22578_G|A,22599_G|C,22629_A|C,22674_C|T,22679_T|C,22686_C|T,22688_A|G,22770_G|A,22775_G|A,22786_A|C,22792_C|T,22813_G|T,22882_T|G,22893_A|G,22895_G|C,22896_T|G,22898_G|A,22910_A|G,22916_C|T,22917_T|G,22926_T|C,22928_T|C,22942_T|A,22992_G|A,22995_C|A,23005_T|A,23012_G|A,23018_T|C,23019_T|C,23021_A|G,23039_C|G,23055_A|G,23063_A|T,23075_T|C,23222_G|A,23271_C|T,23277_C|T,23403_A|G,23423_C|T,23525_C|T,23599_T|G,23604_C|G,23854_C|A,23948_G|T,24378_C|T,24418_C|T,24424_A|T,24469_T|A,24990_C|T,25000_C|T,25207_C|T,25584_C|T,26060_C|T,26270_C|T,26529_G|C,26577_C|G,26610_A|G,26681_C|T,26709_G|A,26833_C|T,26858_C|T,27209_A|G,27259_A|C,27382_G|C,27383_A|T,27384_T|C,27807_C|T,27810_T|C,28271_A|T,28297_T|C,28311_C|T,28475_C|A,28881_G|A,28882_G|A,28883_G|C,28958_C|A,29409_C|T,29510_A|C,29671_A|G,29779_G|T,11288_11296,21633_21641,21765_21770,21992_21994,22194_22196,23009_23011,28362_28370,29734_29759,21608_.|TCATGCCGCTGT
BHR/25290015397/2025	XFG	241_C|T,670_T|G,897_C|A,2790_C|T,3037_C|T,3431_G|T,3565_T|C,4184_G|A,4214_T|C,4321_C|T,5239_C|T,5911_T|C,6183_A|G,7842_A|G,7869_C|T,8293_C|T,8350_T|C,8393_G|A,8818_C|T,9344_C|T,9424_A|G,9534_C|T,10029_C|T,10198_C|T,10447_G|A,10449_C|A,11042_G|T,11727_G|A,12789_C|T,12815_C|T,12880_C|T,12892_G|A,13339_T|C,14408_C|T,14747_A|G,15714_C|T,15756_T|A,16600_T|C,17410_C|T,18163_A|G,18492_A|G,18894_C|T,19955_C|T,20055_A|G,21618_C|T,21622_C|T,21624_G|C,21627_C|A,21653_T|C,21711_C|T,21811_C|T,21941_G|T,21987_G|A,22032_T|C,22033_C|A,22034_A|G,22107_A|G,22132_G|T,22200_T|G,22208_C|T,22295_C|A,22353_C|A,22556_A|G,22577_G|C,22578_G|A,22599_G|C,22629_A|C,22674_C|T,22679_T|C,22686_C|T,22688_A|G,22770_G|A,22775_G|A,22786_A|C,22792_C|T,22813_G|T,22882_T|G,22893_A|G,22895_G|C,22896_T|G,22898_G|A,22910_A|G,22916_C|T,22917_T|G,22926_T|C,22928_T|C,22942_T|A,22992_G|A,22995_C|A,23005_T|A,23012_G|A,23018_T|C,23019_T|C,23021_A|G,23039_C|G,23055_A|G,23063_A|T,23075_T|C,23222_G|A,23271_C|T,23277_C|T,23403_A|G,23423_C|T,23525_C|T,23599_T|G,23604_C|G,23854_C|A,23948_G|T,24378_C|T,24424_A|T,24469_T|A,24990_C|T,25000_C|T,25207_C|T,25584_C|T,26060_C|T,26270_C|T,26529_G|C,26577_C|G,26610_A|G,26681_C|T,26709_G|A,26833_C|T,26858_C|T,27209_A|G,27259_A|C,27382_G|C,27383_A|T,27384_T|C,27807_C|T,27810_T|C,28271_A|T,28297_T|C,28311_C|T,28475_C|A,28881_G|A,28882_G|A,28883_G|C,28958_C|A,29409_C|T,29510_A|C,29671_A|G,11288_11296,21633_21641,21765_21770,21992_21994,22194_22196,23009_23011,28362_28370,29734_29759,21608_.|TCATGCCGCTGT
BHR/25290015669/2025	XFG	241_C|T,670_T|G,897_C|A,2790_C|T,3037_C|T,3431_G|T,3565_T|C,4184_G|A,4214_T|C,4321_C|T,5239_C|T,5911_T|C,6183_A|G,7842_A|G,7869_C|T,8293_C|T,8350_T|C,8393_G|A,8818_C|T,9344_C|T,9424_A|G,9534_C|T,10029_C|T,10198_C|T,10447_G|A,10449_C|A,11042_G|T,11727_G|A,12789_C|T,12815_C|T,12880_C|T,12892_G|A,13339_T|C,14408_C|T,14747_A|G,15714_C|T,15756_T|A,16600_T|C,17410_C|T,18163_A|G,18492_A|G,18894_C|T,19955_C|T,20055_A|G,21618_C|T,21622_C|T,21624_G|C,21627_C|A,21653_T|C,21711_C|T,21941_G|T,21987_G|A,22032_T|C,22033_C|A,22034_A|G,22107_A|G,22132_G|T,22200_T|G,22208_C|T,22295_C|A,22353_C|A,22556_A|G,22577_G|C,22578_G|A,22599_G|C,22629_A|C,22674_C|T,22679_T|C,22686_C|T,22688_A|G,22770_G|A,22775_G|A,22786_A|C,22792_C|T,22813_G|T,22882_T|G,22893_A|G,22895_G|C,22896_T|G,22898_G|A,22910_A|G,22916_C|T,22917_T|G,22926_T|C,22928_T|C,22942_T|A,22992_G|A,22995_C|A,23005_T|A,23012_G|A,23018_T|C,23019_T|C,23021_A|G,23039_C|G,23055_A|G,23063_A|T,23075_T|C,23222_G|A,23271_C|T,23277_C|T,23403_A|G,23423_C|T,23525_C|T,23599_T|G,23604_C|G,23854_C|A,23948_G|T,24378_C|T,24424_A|T,24469_T|A,24990_C|T,25000_C|T,25207_C|T,25584_C|T,26060_C|T,26270_C|T,26529_G|C,26577_C|G,26610_A|G,26681_C|T,26709_G|A,26833_C|T,26858_C|T,27209_A|G,27259_A|C,27382_G|C,27383_A|T,27384_T|C,27807_C|T,27810_T|C,28271_A|T,28297_T|C,28311_C|T,28475_C|A,28881_G|A,28882_G|A,28883_G|C,28958_C|A,29409_C|T,29510_A|C,29671_A|G,11288_11296,21633_21641,21765_21770,21992_21994,22194_22196,23009_23011,28362_28370,29734_29759,21608_.|TCATGCCGCTGT
BHR/25290016220/2025	XFG	241_C|T,670_T|G,897_C|A,2790_C|T,3037_C|T,3431_G|T,3565_T|C,4184_G|A,4214_T|C,4321_C|T,5144_C|T,5239_C|T,5911_T|C,6183_A|G,7842_A|G,7869_C|T,8293_C|T,8350_T|C,8393_G|A,8818_C|T,9344_C|T,9424_A|G,9534_C|T,10029_C|T,10198_C|T,10447_G|A,10449_C|A,11042_G|T,11727_G|A,12049_C|T,12789_C|T,12815_C|T,12880_C|T,12892_G|A,13339_T|C,14408_C|T,14747_A|G,15714_C|T,15756_T|A,16600_T|C,17410_C|T,18163_A|G,18492_A|G,18894_C|T,19955_C|T,20055_A|G,21618_C|T,21622_C|T,21624_G|C,21627_C|A,21653_T|C,21711_C|T,21941_G|T,21987_G|A,22032_T|C,22033_C|A,22034_A|G,22107_A|G,22132_G|T,22200_T|G,22208_C|T,22295_C|A,22353_C|A,22556_A|G,22577_G|C,22578_G|A,22599_G|C,22629_A|C,22674_C|T,22679_T|C,22686_C|T,22688_A|G,22770_G|A,22775_G|A,22786_A|C,22792_C|T,22813_G|T,22882_T|G,22893_A|G,22895_G|C,22896_T|G,22898_G|A,22910_A|G,22916_C|T,22917_T|G,22926_T|C,22928_T|C,22942_T|A,22992_G|A,22995_C|A,23005_T|A,23012_G|A,23018_T|C,23019_T|C,23021_A|G,23039_C|G,23055_A|G,23063_A|T,23075_T|C,23222_G|A,23271_C|T,23277_C|T,23403_A|G,23423_C|T,23525_C|T,23599_T|G,23604_C|G,23854_C|A,23948_G|T,24378_C|T,24424_A|T,24469_T|A,24990_C|T,25000_C|T,25207_C|T,25584_C|T,25728_C|T,26060_C|T,26270_C|T,26529_G|C,26577_C|G,26610_A|G,26681_C|T,26709_G|A,26833_C|T,26858_C|T,27209_A|G,27259_A|C,27382_G|C,27383_A|T,27384_T|C,27807_C|T,27810_T|C,28271_A|T,28297_T|C,28311_C|T,28475_C|A,28881_G|A,28882_G|A,28883_G|C,28958_C|A,29409_C|T,29510_A|C,29671_A|G,11288_11296,21633_21641,21765_21770,21992_21994,22194_22196,23009_23011,28362_28370,29734_29759,21608_.|TCATGCCGCTGT
BHR/25290017616/2025	XFG	241_C|T,670_T|G,897_C|A,2790_C|T,3037_C|T,3431_G|T,3565_T|C,4184_G|A,4214_T|C,4321_C|T,5239_C|T,5911_T|C,6183_A|G,7842_A|G,7869_C|T,8293_C|T,8350_T|C,8393_G|A,8818_C|T,9344_C|T,9424_A|G,9534_C|T,10029_C|T,10198_C|T,10447_G|A,10449_C|A,11042_G|T,11727_G|A,12789_C|T,12815_C|T,12880_C|T,12892_G|A,13339_T|C,14408_C|T,14747_A|G,15714_C|T,15756_T|A,16600_T|C,17410_C|T,18163_A|G,18492_A|G,18894_C|T,19955_C|T,20055_A|G,21618_C|T,21622_C|T,21624_G|C,21627_C|A,21653_T|C,21691_C|T,21711_C|T,21941_G|T,21987_G|A,22032_T|C,22033_C|A,22034_A|G,22107_A|G,22132_G|T,22200_T|G,22208_C|T,22295_C|A,22353_C|A,22556_A|G,22577_G|C,22578_G|A,22599_G|C,22629_A|C,22674_C|T,22679_T|C,22686_C|T,22688_A|G,22770_G|A,22775_G|A,22786_A|C,22792_C|T,22813_G|T,22882_T|G,22893_A|G,22895_G|C,22896_T|G,22898_G|A,22910_A|G,22916_C|T,22917_T|G,22926_T|C,22928_T|C,22942_T|A,22992_G|A,22995_C|A,23005_T|A,23012_G|A,23018_T|C,23019_T|C,23021_A|G,23039_C|G,23055_A|G,23063_A|T,23075_T|C,23222_G|A,23271_C|T,23277_C|T,23403_A|G,23423_C|T,23525_C|T,23599_T|G,23604_C|G,23854_C|A,23948_G|T,24378_C|T,24424_A|T,24469_T|A,24990_C|T,25000_C|T,25207_C|T,25584_C|T,26060_C|T,26270_C|T,26529_G|C,26577_C|G,26610_A|G,26681_C|T,26709_G|A,26833_C|T,26858_C|T,27209_A|G,27259_A|C,27382_G|C,27383_A|T,27384_T|C,27807_C|T,27810_T|C,28271_A|T,28297_T|C,28311_C|T,28475_C|A,28881_G|A,28882_G|A,28883_G|C,28958_C|A,29409_C|T,29510_A|C,29671_A|G,11288_11296,21633_21641,21765_21770,21992_21994,22194_22196,23009_23011,28362_28370,29734_29759,21608_.|TCATGCCGCTGT
BHR/25290019351/2025	XFG	241_C|T,670_T|G,683_C|T,897_C|A,2790_C|T,3037_C|T,3431_G|T,3565_T|C,4184_G|A,4214_T|C,4321_C|T,5239_C|T,6183_A|G,7165_C|T,7842_A|G,7869_C|T,8293_C|T,8350_T|C,8393_G|A,8818_C|T,9344_C|T,9424_A|G,9534_C|T,10029_C|T,10198_C|T,10447_G|A,10449_C|A,11042_G|T,11727_G|A,12789_C|T,12815_C|T,12880_C|T,12892_G|A,13339_T|C,14408_C|T,15714_C|T,15756_T|A,16457_C|T,16600_T|C,17410_C|T,18163_A|G,18492_A|G,18894_C|T,19955_C|T,20055_A|G,20178_C|T,21614_C|T,21618_C|T,21622_C|T,21624_G|C,21627_C|A,21653_T|C,21711_C|T,21941_G|T,21987_G|A,22032_T|C,22033_C|A,22034_A|G,22107_A|G,22132_G|T,22200_T|G,22208_C|T,22295_C|A,22353_C|A,22556_A|G,22577_G|C,22578_G|A,22599_G|C,22629_A|C,22674_C|T,22679_T|C,22686_C|T,22688_A|G,22770_G|A,22775_G|A,22786_A|C,22792_C|T,22813_G|T,22882_T|G,22893_A|G,22895_G|C,22896_T|G,22898_G|A,22910_A|G,22916_C|T,22917_T|G,22926_T|C,22928_T|C,22942_T|A,22992_G|A,22995_C|A,23005_T|A,23012_G|A,23018_T|C,23019_T|C,23021_A|G,23039_C|G,23055_A|G,23063_A|T,23075_T|C,23222_G|A,23271_C|T,23277_C|T,23403_A|G,23423_C|T,23525_C|T,23599_T|G,23604_C|G,23854_C|A,23948_G|T,24378_C|T,24424_A|T,24469_T|A,24990_C|T,25000_C|T,25207_C|T,25584_C|T,26060_C|T,26270_C|T,26529_G|C,26577_C|G,26610_A|G,26681_C|T,26709_G|A,26833_C|T,26858_C|T,27259_A|C,27382_G|C,27383_A|T,27384_T|C,27807_C|T,27810_T|C,27944_C|T,28271_A|T,28297_T|C,28311_C|T,28881_G|A,28882_G|A,28883_G|C,28958_C|A,29409_C|T,29510_A|C,11288_11296,21633_21641,21765_21770,21992_21994,22194_22196,23009_23011,28362_28370,29734_29759,21608_.|TCATGCCGCTGT
BHR/25690000027/2025	XFG	241_C|T,670_T|G,683_C|T,897_C|A,2790_C|T,3037_C|T,3431_G|T,3565_T|C,4184_G|A,4214_T|C,4321_C|T,5239_C|T,6183_A|G,7842_A|G,7869_C|T,8293_C|T,8350_T|C,8393_G|A,8818_C|T,9344_C|T,9424_A|G,9534_C|T,10029_C|T,10198_C|T,10341_C|T,10447_G|A,10449_C|A,11042_G|T,11727_G|A,12789_C|T,12815_C|T,12880_C|T,12892_G|A,13339_T|C,14408_C|T,15714_C|T,15756_T|A,16457_C|T,16600_T|C,17410_C|T,18163_A|G,18492_A|G,18894_C|T,19955_C|T,20055_A|G,20178_C|T,21618_C|T,21622_C|T,21624_G|C,21627_C|A,21653_T|C,21711_C|T,21941_G|T,21987_G|A,22032_T|C,22033_C|A,22034_A|G,22107_A|G,22132_G|T,22200_T|G,22208_C|T,22295_C|A,22321_T|C,22353_C|A,22556_A|G,22577_G|C,22578_G|A,22599_G|C,22629_A|C,22674_C|T,22679_T|C,22686_C|T,22688_A|G,22770_G|A,22775_G|A,22786_A|C,22792_C|T,22813_G|T,22882_T|G,22893_A|G,22895_G|C,22896_T|G,22898_G|A,22910_A|G,22916_C|T,22917_T|G,22926_T|C,22928_T|C,22942_T|A,22992_G|A,22995_C|A,23005_T|A,23012_G|A,23018_T|C,23019_T|C,23021_A|G,23039_C|G,23055_A|G,23063_A|T,23075_T|C,23222_G|A,23271_C|T,23277_C|T,23403_A|G,23423_C|T,23525_C|T,23599_T|G,23604_C|G,23854_C|A,23948_G|T,24378_C|T,24424_A|T,24469_T|A,24990_C|T,25000_C|T,25207_C|T,25584_C|T,26060_C|T,26270_C|T,26529_G|C,26577_C|G,26610_A|G,26681_C|T,26709_G|A,26833_C|T,26858_C|T,27259_A|C,27382_G|C,27383_A|T,27384_T|C,27807_C|T,27810_T|C,27944_C|T,28271_A|T,28297_T|C,28311_C|T,28881_G|A,28882_G|A,28883_G|C,28958_C|A,29409_C|T,29510_A|C,11288_11296,21633_21641,21765_21770,21992_21994,22194_22196,23009_23011,28362_28370,29734_29759,21608_.|TCATGCCGCTGT
BHR/25690000031/2025	XFG	241_C|T,670_T|G,897_C|A,2790_C|T,3037_C|T,3431_G|T,3565_T|C,4184_G|A,4214_T|C,4321_C|T,5239_C|T,5911_T|C,6183_A|G,7842_A|G,7869_C|T,8293_C|T,8350_T|C,8393_G|A,8818_C|T,9344_C|T,9424_A|G,9534_C|T,10029_C|T,10198_C|T,10447_G|A,10449_C|A,11042_G|T,11727_G|A,12789_C|T,12815_C|T,12880_C|T,12892_G|A,13339_T|C,14408_C|T,14747_A|G,15714_C|T,15756_T|A,16600_T|C,17410_C|T,18163_A|G,18492_A|G,18894_C|T,19955_C|T,20055_A|G,21618_C|T,21622_C|T,21624_G|C,21627_C|A,21653_T|C,21711_C|T,21941_G|T,21987_G|A,22032_T|C,22033_C|A,22034_A|G,22107_A|G,22132_G|T,22200_T|G,22208_C|T,22295_C|A,22353_C|A,22556_A|G,22577_G|C,22578_G|A,22599_G|C,22629_A|C,22674_C|T,22679_T|C,22686_C|T,22688_A|G,22770_G|A,22775_G|A,22786_A|C,22792_C|T,22813_G|T,22882_T|G,22893_A|G,22895_G|C,22896_T|G,22898_G|A,22910_A|G,22916_C|T,22917_T|G,22926_T|C,22928_T|C,22942_T|A,22992_G|A,22995_C|A,23005_T|A,23012_G|A,23018_T|C,23019_T|C,23021_A|G,23039_C|G,23055_A|G,23063_A|T,23075_T|C,23222_G|A,23271_C|T,23277_C|T,23403_A|G,23423_C|T,23525_C|T,23599_T|G,23604_C|G,23854_C|A,23948_G|T,24378_C|T,24424_A|T,24469_T|A,24990_C|T,25000_C|T,25207_C|T,25584_C|T,26060_C|T,26270_C|T,26529_G|C,26577_C|G,26610_A|G,26681_C|T,26709_G|A,26833_C|T,26858_C|T,27209_A|G,27259_A|C,27382_G|C,27383_A|T,27384_T|C,27807_C|T,27810_T|C,28271_A|T,28297_T|C,28311_C|T,28475_C|A,28881_G|A,28882_G|A,28883_G|C,28958_C|A,29409_C|T,29510_A|C,29671_A|G,11288_11296,21633_21641,21765_21770,21992_21994,22194_22196,23009_23011,28362_28370,29734_29759,21608_.|TCATGCCGCTGT
BHR/25690000032/2025	XFG	241_C|T,670_T|G,683_C|T,897_C|A,2790_C|T,3037_C|T,3431_G|T,3565_T|C,4184_G|A,4214_T|C,4321_C|T,5239_C|T,6183_A|G,7842_A|G,7869_C|T,8293_C|T,8350_T|C,8393_G|A,8818_C|T,9344_C|T,9424_A|G,9534_C|T,10029_C|T,10198_C|T,10447_G|A,10449_C|A,11042_G|T,11727_G|A,12789_C|T,12815_C|T,12880_C|T,12892_G|A,13339_T|C,14408_C|T,15714_C|T,15756_T|A,16457_C|T,16600_T|C,17410_C|T,18163_A|G,18492_A|G,18894_C|T,19955_C|T,20055_A|G,20178_C|T,21618_C|T,21622_C|T,21624_G|C,21627_C|A,21653_T|C,21711_C|T,21941_G|T,21987_G|A,22032_T|C,22033_C|A,22034_A|G,22107_A|G,22132_G|T,22200_T|G,22208_C|T,22295_C|A,22321_T|C,22353_C|A,22556_A|G,22577_G|C,22578_G|A,22599_G|C,22629_A|C,22674_C|T,22679_T|C,22686_C|T,22688_A|G,22770_G|A,22775_G|A,22786_A|C,22792_C|T,22813_G|T,22882_T|G,22893_A|G,22895_G|C,22896_T|G,22898_G|A,22910_A|G,22916_C|T,22917_T|G,22926_T|C,22928_T|C,22942_T|A,22992_G|A,22995_C|A,23005_T|A,23012_G|A,23018_T|C,23019_T|C,23021_A|G,23039_C|G,23055_A|G,23063_A|T,23075_T|C,23222_G|A,23271_C|T,23277_C|T,23403_A|G,23423_C|T,23525_C|T,23599_T|G,23604_C|G,23854_C|A,23948_G|T,24378_C|T,24424_A|T,24469_T|A,24990_C|T,25000_C|T,25207_C|T,25584_C|T,26060_C|T,26270_C|T,26529_G|C,26577_C|G,26610_A|G,26681_C|T,26709_G|A,26833_C|T,26858_C|T,27259_A|C,27382_G|C,27383_A|T,27384_T|C,27807_C|T,27810_T|C,27944_C|T,28271_A|T,28297_T|C,28311_C|T,28881_G|A,28882_G|A,28883_G|C,28958_C|A,29409_C|T,29510_A|C,11288_11296,21633_21641,21765_21770,21992_21994,22194_22196,23009_23011,28362_28370,29734_29759,21608_.|TCATGCCGCTGT
BHR/25920002047/2025	XFG	241_C|T,670_T|G,897_C|A,2790_C|T,3037_C|T,3431_G|T,3565_T|C,4184_G|A,4214_T|C,4321_C|T,5239_C|T,6183_A|G,7842_A|G,7869_C|T,8293_C|T,8350_T|C,8393_G|A,8818_C|T,9344_C|T,9424_A|G,9534_C|T,10029_C|T,10198_C|T,10447_G|A,10449_C|A,11042_G|T,11727_G|A,12789_C|T,12815_C|T,12880_C|T,12892_G|A,13339_T|C,14408_C|T,15714_C|T,15756_T|A,16600_T|C,17410_C|T,18163_A|G,18492_A|G,18894_C|T,19955_C|T,20055_A|G,20178_C|T,21618_C|T,21622_C|T,21624_G|C,21627_C|A,21653_T|C,21711_C|T,21941_G|T,21987_G|A,22032_T|C,22033_C|A,22034_A|G,22107_A|G,22132_G|T,22200_T|G,22208_C|T,22295_C|A,22353_C|A,22556_A|G,22577_G|C,22578_G|A,22599_G|C,22629_A|C,22674_C|T,22679_T|C,22686_C|T,22688_A|G,22770_G|A,22775_G|A,22786_A|C,22792_C|T,22813_G|T,22882_T|G,22883_C|A,22893_A|G,22895_G|C,22896_T|G,22898_G|A,22910_A|G,22916_C|T,22917_T|G,22926_T|C,22928_T|C,22942_T|A,22992_G|A,22995_C|A,23005_T|A,23012_G|A,23018_T|C,23019_T|C,23021_A|G,23039_C|G,23055_A|G,23063_A|T,23075_T|C,23222_G|A,23271_C|T,23277_C|T,23403_A|G,23423_C|T,23525_C|T,23599_T|G,23604_C|G,23854_C|A,23948_G|T,24034_C|T,24378_C|T,24424_A|T,24469_T|A,24990_C|T,25000_C|T,25207_C|T,25584_C|T,26060_C|T,26270_C|T,26529_G|C,26577_C|G,26579_A|G,26610_A|G,26681_C|T,26709_G|A,26833_C|T,26858_C|T,27259_A|C,27382_G|C,27383_A|T,27384_T|C,27807_C|T,27810_T|C,28271_A|T,28297_T|C,28311_C|T,28881_G|A,28882_G|A,28883_G|C,28958_C|A,29409_C|T,29510_A|C,11288_11296,21633_21641,21765_21770,21992_21994,22194_22196,23009_23011,27578_27581,28362_28370,29734_29759,21608_.|TCATGCCGCTGT
BHR/25920002414/2025	XFG	241_C|T,670_T|G,897_C|A,936_C|T,2790_C|T,3037_C|T,3431_G|T,3565_T|C,4184_G|A,4214_T|C,4321_C|T,5239_C|T,6183_A|G,7164_C|T,7842_A|G,7869_C|T,8293_C|T,8350_T|C,8393_G|A,8818_C|T,9079_A|G,9344_C|T,9424_A|G,9534_C|T,10029_C|T,10039_C|T,10198_C|T,10447_G|A,10449_C|A,11042_G|T,11727_G|A,12789_C|T,12815_C|T,12880_C|T,12892_G|A,13339_T|C,14408_C|T,15714_C|T,15756_T|A,16600_T|C,17410_C|T,18163_A|G,18492_A|G,18894_C|T,19955_C|T,20055_A|G,20178_C|T,21618_C|T,21622_C|T,21624_G|C,21627_C|A,21653_T|C,21711_C|T,21941_G|T,21987_G|A,22032_T|C,22033_C|A,22034_A|G,22107_A|G,22132_G|T,22200_T|G,22208_C|T,22295_C|A,22353_C|A,22556_A|G,22577_G|C,22578_G|A,22599_G|C,22629_A|C,22674_C|T,22679_T|C,22686_C|T,22688_A|G,22770_G|A,22775_G|A,22786_A|C,22792_C|T,22813_G|T,22882_T|G,22893_A|G,22895_G|C,22896_T|G,22898_G|A,22910_A|G,22916_C|T,22917_T|G,22926_T|C,22928_T|C,22942_T|A,22992_G|A,22995_C|A,23005_T|A,23012_G|A,23018_T|C,23019_T|C,23021_A|G,23039_C|G,23055_A|G,23063_A|T,23075_T|C,23222_G|A,23271_C|T,23277_C|T,23403_A|G,23423_C|T,23525_C|T,23599_T|G,23604_C|G,23854_C|A,23948_G|T,24378_C|T,24424_A|T,24469_T|A,24990_C|T,25000_C|T,25207_C|T,25584_C|T,26060_C|T,26270_C|T,26529_G|C,26577_C|G,26610_A|G,26681_C|T,26709_G|A,26833_C|T,26858_C|T,27259_A|C,27382_G|C,27383_A|T,27384_T|C,27807_C|T,27810_T|C,28271_A|T,28297_T|C,28311_C|T,28881_G|A,28882_G|A,28883_G|C,28958_C|A,29409_C|T,29510_A|C,11288_11296,21633_21641,21765_21770,21992_21994,22194_22196,23009_23011,28362_28370,29734_29759,21608_.|TCATGCCGCTGT
BHR/25920002432/2025	XFG	241_C|T,670_T|G,897_C|A,2790_C|T,3037_C|T,3431_G|T,3565_T|C,4184_G|A,4214_T|C,4321_C|T,5239_C|T,5911_T|C,6183_A|G,7842_A|G,7869_C|T,8293_C|T,8350_T|C,8393_G|A,8818_C|T,9344_C|T,9424_A|G,9534_C|T,10029_C|T,10198_C|T,10447_G|A,10449_C|A,11042_G|T,11727_G|A,12789_C|T,12815_C|T,12880_C|T,12892_G|A,13339_T|C,14408_C|T,14747_A|G,15714_C|T,15756_T|A,16600_T|C,17410_C|T,18163_A|G,18326_C|T,18492_A|G,18894_C|T,19955_C|T,20055_A|G,21618_C|T,21622_C|T,21624_G|C,21627_C|A,21653_T|C,21711_C|T,21941_G|T,21987_G|A,22032_T|C,22033_C|A,22034_A|G,22107_A|G,22132_G|T,22200_T|G,22208_C|T,22295_C|A,22353_C|A,22556_A|G,22577_G|C,22578_G|A,22599_G|C,22629_A|C,22674_C|T,22679_T|C,22686_C|T,22688_A|G,22770_G|A,22775_G|A,22786_A|C,22792_C|T,22813_G|T,22882_T|G,22893_A|G,22895_G|C,22896_T|G,22898_G|A,22910_A|G,22916_C|T,22917_T|G,22926_T|C,22928_T|C,22942_T|A,22992_G|A,22995_C|A,23005_T|A,23012_G|A,23018_T|C,23019_T|C,23021_A|G,23039_C|G,23055_A|G,23063_A|T,23075_T|C,23222_G|A,23271_C|T,23277_C|T,23403_A|G,23423_C|T,23525_C|T,23599_T|G,23604_C|G,23854_C|A,23948_G|T,24378_C|T,24424_A|T,24469_T|A,24990_C|T,25000_C|T,25207_C|T,25584_C|T,26060_C|T,26270_C|T,26529_G|C,26577_C|G,26610_A|G,26681_C|T,26709_G|A,26833_C|T,26858_C|T,27209_A|G,27259_A|C,27382_G|C,27383_A|T,27384_T|C,27807_C|T,27810_T|C,28271_A|T,28297_T|C,28311_C|T,28475_C|A,28881_G|A,28882_G|A,28883_G|C,28958_C|A,29409_C|T,29510_A|C,29671_A|G,11288_11296,21633_21641,21765_21770,21992_21994,22194_22196,23009_23011,28362_28370,29734_29759,21608_.|TCATGCCGCTGT
BHR/25920002671/2025	XFG	241_C|T,670_T|G,897_C|A,2790_C|T,3037_C|T,3431_G|T,3565_T|C,4184_G|A,4214_T|C,4321_C|T,5144_C|T,5239_C|T,5911_T|C,6183_A|G,7842_A|G,7869_C|T,8293_C|T,8350_T|C,8393_G|A,8818_C|T,9344_C|T,9424_A|G,9534_C|T,10029_C|T,10198_C|T,10447_G|A,10449_C|A,11042_G|T,11727_G|A,12789_C|T,12815_C|T,12880_C|T,12892_G|A,13339_T|C,14408_C|T,14747_A|G,15714_C|T,15756_T|A,16600_T|C,17410_C|T,18163_A|G,18492_A|G,18894_C|T,19955_C|T,20055_A|G,21618_C|T,21622_C|T,21624_G|C,21627_C|A,21653_T|C,21711_C|T,21941_G|T,21987_G|A,22032_T|C,22033_C|A,22034_A|G,22102_A|G,22107_A|G,22132_G|T,22200_T|G,22208_C|T,22295_C|A,22353_C|A,22556_A|G,22577_G|C,22578_G|A,22599_G|C,22629_A|C,22674_C|T,22679_T|C,22686_C|T,22688_A|G,22770_G|A,22775_G|A,22786_A|C,22792_C|T,22813_G|T,22882_T|G,22893_A|G,22895_G|C,22896_T|G,22898_G|A,22910_A|G,22916_C|T,22917_T|G,22926_T|C,22928_T|C,22942_T|A,22992_G|A,22995_C|A,23005_T|A,23012_G|A,23018_T|C,23019_T|C,23021_A|G,23039_C|G,23055_A|G,23063_A|T,23075_T|C,23222_G|A,23271_C|T,23277_C|T,23403_A|G,23423_C|T,23525_C|T,23599_T|G,23604_C|G,23854_C|A,23948_G|T,24378_C|T,24424_A|T,24469_T|A,24990_C|T,25000_C|T,25207_C|T,25584_C|T,26060_C|T,26270_C|T,26529_G|C,26577_C|G,26610_A|G,26681_C|T,26709_G|A,26833_C|T,26858_C|T,27209_A|G,27259_A|C,27382_G|C,27383_A|T,27384_T|C,27807_C|T,27810_T|C,28271_A|T,28297_T|C,28311_C|T,28474_T|C,28475_C|A,28881_G|A,28882_G|A,28883_G|C,28958_C|A,29409_C|T,29510_A|C,29671_A|G,11288_11296,21633_21641,21765_21770,21992_21994,22194_22196,23009_23011,28362_28370,29734_29759,21608_.|TCATGCCGCTGT
BHR/25920002862/2025	XFG	241_C|T,670_T|G,897_C|A,2790_C|T,3037_C|T,3431_G|T,3565_T|C,4184_G|A,4214_T|C,4321_C|T,5239_C|T,6183_A|G,6543_C|T,7842_A|G,7869_C|T,8152_C|T,8293_C|T,8350_T|C,8393_G|A,8818_C|T,9344_C|T,9424_A|G,9534_C|T,10029_C|T,10039_C|T,10198_C|T,10447_G|A,10449_C|A,11042_G|T,11727_G|A,12789_C|T,12815_C|T,12880_C|T,12892_G|A,13339_T|C,14408_C|T,15714_C|T,15756_T|A,16600_T|C,17410_C|T,18163_A|G,18492_A|G,18894_C|T,19955_C|T,20055_A|G,20178_C|T,21618_C|T,21622_C|T,21624_G|C,21627_C|A,21653_T|C,21711_C|T,21941_G|T,21987_G|A,22032_T|C,22033_C|A,22034_A|G,22107_A|G,22132_G|T,22200_T|G,22208_C|T,22295_C|A,22353_C|A,22556_A|G,22577_G|C,22578_G|A,22599_G|C,22629_A|C,22674_C|T,22679_T|C,22686_C|T,22688_A|G,22770_G|A,22775_G|A,22786_A|C,22792_C|T,22813_G|T,22882_T|G,22893_A|G,22895_G|C,22896_T|G,22898_G|A,22910_A|G,22916_C|T,22917_T|G,22926_T|C,22928_T|C,22942_T|A,22992_G|A,22995_C|A,23005_T|A,23012_G|A,23018_T|C,23019_T|C,23021_A|G,23039_C|G,23055_A|G,23063_A|T,23075_T|C,23222_G|A,23271_C|T,23277_C|T,23403_A|G,23423_C|T,23525_C|T,23599_T|G,23604_C|G,23854_C|A,23948_G|T,24378_C|T,24424_A|T,24469_T|A,24990_C|T,25000_C|T,25207_C|T,25584_C|T,26060_C|T,26270_C|T,26529_G|C,26577_C|G,26610_A|G,26681_C|T,26709_G|A,26833_C|T,26858_C|T,27259_A|C,27382_G|C,27383_A|T,27384_T|C,27807_C|T,27810_T|C,28271_A|T,28297_T|C,28311_C|T,28881_G|A,28882_G|A,28883_G|C,28958_C|A,29409_C|T,29510_A|C,11288_11296,21633_21641,21765_21770,21992_21994,22194_22196,23009_23011,28362_28370,29734_29759,21608_.|TCATGCCGCTGT
BHR/25920002863/2025	XFG	241_C|T,670_T|G,897_C|A,1594_C|T,2790_C|T,3037_C|T,3431_G|T,3565_T|C,4184_G|A,4214_T|C,4321_C|T,5239_C|T,6183_A|G,6543_C|T,7842_A|G,7869_C|T,8152_C|T,8293_C|T,8350_T|C,8393_G|A,8818_C|T,9344_C|T,9424_A|G,9534_C|T,10029_C|T,10039_C|T,10198_C|T,10447_G|A,10449_C|A,11042_G|T,11727_G|A,12789_C|T,12815_C|T,12880_C|T,12892_G|A,13339_T|C,14408_C|T,15714_C|T,15756_T|A,16600_T|C,17410_C|T,18163_A|G,18492_A|G,18894_C|T,19955_C|T,20055_A|G,20178_C|T,21618_C|T,21622_C|T,21624_G|C,21627_C|A,21653_T|C,21711_C|T,21722_T|C,21941_G|T,21987_G|A,22032_T|C,22033_C|A,22034_A|G,22107_A|G,22132_G|T,22200_T|G,22208_C|T,22295_C|A,22353_C|A,22556_A|G,22577_G|C,22578_G|A,22599_G|C,22629_A|C,22674_C|T,22679_T|C,22686_C|T,22688_A|G,22728_A|G,22770_G|A,22775_G|A,22786_A|C,22792_C|T,22813_G|T,22882_T|G,22893_A|G,22895_G|C,22896_T|G,22898_G|A,22910_A|G,22916_C|T,22917_T|G,22926_T|C,22928_T|C,22942_T|A,22992_G|A,22995_C|A,23005_T|A,23012_G|A,23018_T|C,23019_T|C,23021_A|G,23039_C|G,23055_A|G,23063_A|T,23075_T|C,23222_G|A,23271_C|T,23277_C|T,23403_A|G,23423_C|T,23525_C|T,23599_T|G,23604_C|G,23854_C|A,23948_G|T,24378_C|T,24424_A|T,24469_T|A,24990_C|T,25000_C|T,25207_C|T,25584_C|T,26060_C|T,26270_C|T,26529_G|C,26577_C|G,26610_A|G,26681_C|T,26709_G|A,26833_C|T,26858_C|T,27259_A|C,27382_G|C,27383_A|T,27384_T|C,27807_C|T,27810_T|C,28271_A|T,28297_T|C,28311_C|T,28881_G|A,28882_G|A,28883_G|C,28958_C|A,29409_C|T,29510_A|C,11288_11296,21633_21641,21765_21770,21992_21994,22194_22196,23009_23011,28362_28370,29734_29759,21608_.|TCATGCCGCTGT
Denmark/DCGC-692197/2025	XFG	44_C|T,241_C|T,306_T|C,670_T|G,897_C|A,2790_C|T,3037_C|T,3431_G|T,3565_T|C,4184_G|A,4214_T|C,4321_C|T,5239_C|T,6183_A|G,7842_A|G,7869_C|T,8293_C|T,8350_T|C,8393_G|A,8818_C|T,9079_A|G,9344_C|T,9424_A|G,9534_C|T,10029_C|T,10039_C|T,10198_C|T,10447_G|A,10449_C|A,11042_G|T,11727_G|A,12789_C|T,12815_C|T,12880_C|T,12892_G|A,13339_T|C,14408_C|T,15714_C|T,15756_T|A,16497_A|T,16600_T|C,17410_C|T,18163_A|G,18492_A|G,18894_C|T,19955_C|T,20055_A|G,20178_C|T,21618_C|T,21622_C|T,21624_G|C,21627_C|A,21653_T|C,21711_C|T,21941_G|T,21987_G|A,22032_T|C,22033_C|A,22034_A|G,22107_A|G,22132_G|T,22200_T|G,22208_C|T,22295_C|A,22353_C|A,22556_A|G,22577_G|C,22578_G|A,22599_G|C,22629_A|C,22674_C|T,22679_T|C,22686_C|T,22688_A|G,22770_G|A,22775_G|A,22786_A|C,22792_C|T,22813_G|T,22882_T|G,22893_A|G,22895_G|C,22896_T|G,22898_G|A,22910_A|G,22916_C|T,22917_T|G,22926_T|C,22928_T|C,22942_T|A,22992_G|A,22995_C|A,23005_T|A,23021_A|G,23039_C|G,23055_A|G,23063_A|T,23075_T|C,23222_G|A,23271_C|T,23277_C|T,23403_A|G,23423_C|T,23525_C|T,23599_T|G,23604_C|G,23854_C|A,23948_G|T,24378_C|T,24424_A|T,24469_T|A,24990_C|T,25000_C|T,25207_C|T,25584_C|T,26060_C|T,26270_C|T,26529_G|C,26577_C|G,26610_A|G,26681_C|T,26709_G|A,26833_C|T,26858_C|T,27259_A|C,27382_G|C,27383_A|T,27384_T|C,27807_C|T,27810_T|C,28271_A|T,28297_T|C,28311_C|T,28881_G|A,28882_G|A,28883_G|C,28958_C|A,29409_C|T,29510_A|C,11288_11296,21633_21641,21765_21770,21992_21994,22194_22196,28362_28370,29734_29759,21608_.|TCATGCCGCTGT
OZ253920	XFG	21_C|T,44_C|T,241_C|T,670_T|G,897_C|A,2790_C|T,3037_C|T,3431_G|T,3565_T|C,4184_G|A,4214_T|C,4321_C|T,5239_C|T,5284_C|T,6183_A|G,7842_A|G,7869_C|T,8293_C|T,8350_T|C,8389_C|T,8393_G|A,8818_C|T,9344_C|T,9424_A|G,9534_C|T,10029_C|T,10198_C|T,10447_G|A,10449_C|A,11042_G|T,11727_G|A,12789_C|T,12815_C|T,12880_C|T,12892_G|A,13339_T|C,14408_C|T,15714_C|T,15756_T|A,16600_T|C,17410_C|T,18163_A|G,18492_A|G,18894_C|T,19955_C|T,20055_A|G,20178_C|T,21618_C|T,21622_C|T,21624_G|C,21627_C|A,21653_T|C,21711_C|T,21941_G|T,21987_G|A,22032_T|C,22033_C|A,22034_A|G,22107_A|G,22132_G|T,22200_T|G,22208_C|T,22295_C|A,22353_C|A,22556_A|G,22577_G|C,22578_G|A,22599_G|C,22629_A|C,22674_C|T,22679_T|C,22686_C|T,22688_A|G,22775_G|A,22786_A|C,22792_C|T,22813_G|T,22882_T|G,22893_A|G,22895_G|C,22896_T|G,22898_G|A,22910_A|G,22916_C|T,22917_T|G,22926_T|C,22928_T|C,22942_T|A,22992_G|A,22995_C|A,23005_T|A,23012_G|A,23018_T|C,23019_T|C,23021_A|G,23039_C|G,23055_A|G,23063_A|T,23075_T|C,23222_G|A,23271_C|T,23277_C|T,23403_A|G,23423_C|T,23525_C|T,23599_T|G,23604_C|G,23854_C|A,23948_G|T,24378_C|T,24424_A|T,24469_T|A,24990_C|T,25000_C|T,25207_C|T,25584_C|T,26060_C|T,26270_C|T,26529_G|C,26577_C|G,26610_A|G,26681_C|T,26709_G|A,26833_C|T,26858_C|T,27259_A|C,27382_G|C,27383_A|T,27384_T|C,27494_C|T,27807_C|T,27810_T|C,28271_A|T,28297_T|C,28311_C|T,28881_G|A,28882_G|A,28883_G|C,28958_C|A,29409_C|T,29510_A|C,11288_11296,21633_21641,21765_21770,21992_21994,22194_22196,23009_23011,28362_28370,29734_29759,21607_.|GNNNNNNNNNNN
OZ261352	XFG	21_C|T,44_C|T,241_C|T,670_T|G,897_C|A,2205_A|G,2790_C|T,3037_C|T,3431_G|T,3565_T|C,4184_G|A,4214_T|C,4321_C|T,5239_C|T,5284_C|T,5730_C|T,6183_A|G,7842_A|G,7869_C|T,8293_C|T,8350_T|C,8389_C|T,8393_G|A,8818_C|T,9344_C|T,9424_A|G,9534_C|T,10029_C|T,10198_C|T,10447_G|A,10449_C|A,11042_G|T,11727_G|A,12789_C|T,12815_C|T,12880_C|T,12892_G|A,13339_T|C,14408_C|T,15714_C|T,15756_T|A,16600_T|C,17410_C|T,18163_A|G,18492_A|G,18894_C|T,19955_C|T,20055_A|G,20178_C|T,21618_C|T,21622_C|T,21624_G|C,21627_C|A,21653_T|C,21711_C|T,21941_G|T,21987_G|A,22032_T|C,22033_C|A,22034_A|G,22107_A|G,22132_G|T,22200_T|G,22208_C|T,22295_C|A,22353_C|A,22556_A|G,22577_G|C,22578_G|A,22599_G|C,22629_A|C,22674_C|T,22679_T|C,22686_C|T,22688_A|G,22770_G|A,22775_G|A,22786_A|C,22792_C|T,22813_G|T,22882_T|G,22893_A|G,22895_G|C,22896_T|G,22898_G|A,22910_A|G,22916_C|T,22917_T|G,22926_T|C,22928_T|C,22942_T|A,22992_G|A,22995_C|A,23005_T|A,23012_G|A,23018_T|C,23019_T|C,23021_A|G,23032_T|A,23039_C|G,23055_A|G,23063_A|T,23075_T|C,23222_G|A,23271_C|T,23277_C|T,23403_A|G,23423_C|T,23525_C|T,23599_T|G,23604_C|G,23854_C|A,23948_G|T,24378_C|T,24424_A|T,24469_T|A,24990_C|T,25000_C|T,25207_C|T,25584_C|T,26060_C|T,26270_C|T,26529_G|C,26577_C|G,26610_A|G,26681_C|T,26709_G|A,26833_C|T,26858_C|T,27259_A|C,27382_G|C,27383_A|T,27384_T|C,27494_C|T,27807_C|T,27810_T|C,28271_A|T,28297_T|C,28311_C|T,28881_G|A,28882_G|A,28883_G|C,28958_C|A,29409_C|T,29510_A|C,11288_11296,21633_21641,21765_21770,21992_21994,22194_22196,23009_23011,28362_28370,29734_29759,21607_.|GNNNNNNNNNNN
OZ261569	XFG	241_C|T,670_T|G,897_C|A,979_T|A,2790_C|T,3037_C|T,3431_G|T,3565_T|C,4184_G|A,4214_T|C,4321_C|T,5239_C|T,6183_A|G,7842_A|G,7869_C|T,8293_C|T,8350_T|C,8393_G|A,8818_C|T,9344_C|T,9424_A|G,9534_C|T,10029_C|T,10198_C|T,10447_G|A,10449_C|A,11042_G|T,11727_G|A,12789_C|T,12815_C|T,12880_C|T,12892_G|A,13339_T|C,14408_C|T,15714_C|T,15756_T|A,16600_T|C,17410_C|T,18163_A|G,18492_A|G,18647_C|T,18894_C|T,19955_C|T,20055_A|G,20178_C|T,21653_T|C,21711_C|T,21941_G|T,21987_G|A,22032_T|C,22033_C|A,22034_A|G,22107_A|G,22132_G|T,22200_T|G,22208_C|T,22295_C|A,22353_C|A,22556_A|G,22577_G|C,22578_G|A,22599_G|C,22629_A|C,22674_C|T,22679_T|C,22686_C|T,22688_A|G,22775_G|A,22786_A|C,22792_C|T,22813_G|T,22882_T|G,22893_A|G,22895_G|C,22896_T|G,22898_G|A,22910_A|G,22916_C|T,22917_T|G,22926_T|C,22928_T|C,22942_T|A,22992_G|A,22995_C|A,23005_T|A,23012_G|A,23018_T|C,23019_T|C,23021_A|G,23039_C|G,23055_A|G,23063_A|T,23075_T|C,23222_G|A,23271_C|T,23277_C|T,23403_A|G,23423_C|T,23525_C|T,23599_T|G,23604_C|G,23608_G|T,23854_C|A,23948_G|T,24378_C|T,24424_A|T,24469_T|A,24990_C|T,25000_C|T,25207_C|T,25584_C|T,26060_C|T,26270_C|T,26529_G|C,26577_C|G,26681_C|T,26709_G|A,26833_C|T,26858_C|T,27259_A|C,27382_G|C,27383_A|T,27384_T|C,27807_C|T,27810_T|C,28271_A|T,28297_T|C,28311_C|T,28881_G|A,28882_G|A,28883_G|C,28958_C|A,29409_C|T,29510_A|C,29555_C|T,11288_11296,21992_21994,22194_22196,28362_28370,29734_29759
OZ261697	XFG	241_C|T,670_T|G,897_C|A,1784_G|A,2790_C|T,3037_C|T,3431_G|T,3565_T|C,4184_G|A,4214_T|C,4321_C|T,4354_G|A,5239_C|T,6183_A|G,7842_A|G,7869_C|T,8293_C|T,8350_T|C,8393_G|A,8818_C|T,9344_C|T,9424_A|G,9534_C|T,10029_C|T,10198_C|T,10447_G|A,10449_C|A,10870_G|T,11042_G|T,11727_G|A,12789_C|T,12815_C|T,12880_C|T,12892_G|A,13339_T|C,14408_C|T,15714_C|T,15756_T|A,16377_G|T,16600_T|C,17410_C|T,18163_A|G,18492_A|G,18894_C|T,19955_C|T,20055_A|G,21653_T|C,21711_C|T,21941_G|T,21987_G|A,22032_T|C,22033_C|A,22034_A|G,22107_A|G,22132_G|T,22200_T|G,22208_C|T,22295_C|A,22353_C|A,22556_A|G,22577_G|C,22578_G|A,22599_G|C,22629_A|C,22674_C|T,22679_T|C,22686_C|T,22688_A|G,22775_G|A,22786_A|C,22792_C|T,22813_G|T,22882_T|G,22893_A|G,22895_G|C,22896_T|G,22898_G|A,22910_A|G,22916_C|T,22917_T|G,22926_T|C,22928_T|C,22942_T|A,22992_G|A,22995_C|A,23005_T|A,23012_G|A,23018_T|C,23019_T|C,23021_A|G,23039_C|G,23055_A|G,23063_A|T,23075_T|C,23222_G|A,23271_C|T,23277_C|T,23403_A|G,23423_C|T,23525_C|T,23599_T|G,23604_C|G,23709_C|T,23854_C|A,23948_G|T,24378_C|T,24424_A|T,24469_T|A,24990_C|T,25000_C|T,25207_C|T,25584_C|T,26060_C|T,26110_C|T,26228_C|T,26270_C|T,26529_G|C,26577_C|G,26610_A|G,26681_C|T,26709_G|A,26833_C|T,26858_C|T,27259_A|C,27382_G|C,27383_A|T,27384_T|C,27807_C|T,27810_T|C,28271_A|T,28297_T|C,28311_C|T,28372_T|C,28881_G|A,28882_G|A,28883_G|C,28958_C|A,29409_C|T,29510_A|C,11288_11296,21992_21994,22194_22196,28362_28370,29734_29759
OZ261701	XFG	241_C|T,670_T|G,897_C|A,2790_C|T,3037_C|T,3431_G|T,3565_T|C,4184_G|A,4214_T|C,4321_C|T,5239_C|T,6183_A|G,7842_A|G,7869_C|T,8293_C|T,8350_T|C,8393_G|A,8818_C|T,9344_C|T,9424_A|G,9534_C|T,10029_C|T,10198_C|T,10447_G|A,10449_C|A,11042_G|T,11727_G|A,12789_C|T,12815_C|T,12880_C|T,12892_G|A,13339_T|C,14408_C|T,15714_C|T,15756_T|A,16600_T|C,17410_C|T,18163_A|G,18492_A|G,18894_C|T,19955_C|T,20055_A|G,21653_T|C,21711_C|T,21941_G|T,21987_G|A,22032_T|C,22033_C|A,22034_A|G,22107_A|G,22132_G|T,22200_T|G,22208_C|T,22295_C|A,22353_C|A,22556_A|G,22577_G|C,22578_G|A,22599_G|C,22629_A|C,22674_C|T,22679_T|C,22686_C|T,22688_A|G,22775_G|A,22786_A|C,22792_C|T,22813_G|T,22882_T|G,22893_A|G,22895_G|C,22896_T|G,22898_G|A,22910_A|G,22916_C|T,22917_T|G,22926_T|C,22928_T|C,22942_T|A,22992_G|A,22995_C|A,23005_T|A,23012_G|A,23018_T|C,23019_T|C,23021_A|G,23039_C|G,23055_A|G,23063_A|T,23075_T|C,23222_G|A,23271_C|T,23277_C|T,23403_A|G,23423_C|T,23525_C|T,23599_T|G,23604_C|G,23854_C|A,23948_G|T,24378_C|T,24424_A|T,24469_T|A,24990_C|T,25000_C|T,25207_C|T,25584_C|T,26060_C|T,26270_C|T,26529_G|C,26577_C|G,26681_C|T,26709_G|A,26833_C|T,26858_C|T,27259_A|C,27382_G|C,27383_A|T,27384_T|C,27807_C|T,27810_T|C,28271_A|T,28297_T|C,28311_C|T,28881_G|A,28882_G|A,28883_G|C,28958_C|A,29409_C|T,29510_A|C,11288_11296,21992_21994,22194_22196,28362_28370,29734_29759
OZ261712	XFG	241_C|T,670_T|G,897_C|A,979_T|A,2790_C|T,3037_C|T,3431_G|T,3565_T|C,4184_G|A,4214_T|C,4321_C|T,5239_C|T,6183_A|G,7842_A|G,7869_C|T,8293_C|T,8350_T|C,8393_G|A,8818_C|T,9344_C|T,9424_A|G,9534_C|T,10029_C|T,10198_C|T,10447_G|A,10449_C|A,11042_G|T,11727_G|A,12789_C|T,12815_C|T,12880_C|T,12892_G|A,13339_T|C,14408_C|T,15714_C|T,15756_T|A,16600_T|C,17410_C|T,18163_A|G,18492_A|G,18647_C|T,18894_C|T,19955_C|T,20055_A|G,20178_C|T,21653_T|C,21711_C|T,21941_G|T,21987_G|A,22032_T|C,22033_C|A,22034_A|G,22107_A|G,22132_G|T,22200_T|G,22208_C|T,22295_C|A,22353_C|A,22556_A|G,22577_G|C,22578_G|A,22599_G|C,22629_A|C,22674_C|T,22679_T|C,22686_C|T,22688_A|G,22775_G|A,22786_A|C,22792_C|T,22813_G|T,22882_T|G,22893_A|G,22895_G|C,22896_T|G,22898_G|A,22910_A|G,22916_C|T,22917_T|G,22926_T|C,22928_T|C,22942_T|A,22992_G|A,22995_C|A,23005_T|A,23012_G|A,23018_T|C,23019_T|C,23021_A|G,23039_C|G,23055_A|G,23063_A|T,23075_T|C,23222_G|A,23271_C|T,23277_C|T,23403_A|G,23423_C|T,23525_C|T,23599_T|G,23604_C|G,23608_G|T,23854_C|A,23948_G|T,24378_C|T,24424_A|T,24469_T|A,24990_C|T,25000_C|T,25207_C|T,25584_C|T,26060_C|T,26270_C|T,26529_G|C,26577_C|G,26681_C|T,26709_G|A,26833_C|T,26858_C|T,27259_A|C,27382_G|C,27383_A|T,27384_T|C,27807_C|T,27810_T|C,28271_A|T,28297_T|C,28311_C|T,28881_G|A,28882_G|A,28883_G|C,28958_C|A,29409_C|T,29510_A|C,29555_C|T,11288_11296,21992_21994,22194_22196,28362_28370,29734_29759
OZ261717	XFG	241_C|T,670_T|G,683_C|T,897_C|A,2509_C|T,2790_C|T,3037_C|T,3431_G|T,3565_T|C,4184_G|A,4214_T|C,4321_C|T,5239_C|T,6183_A|G,6813_C|T,7842_A|G,7869_C|T,8293_C|T,8350_T|C,8393_G|A,8818_C|T,9344_C|T,9424_A|G,9534_C|T,10029_C|T,10198_C|T,10447_G|A,10449_C|A,11042_G|T,11727_G|A,12789_C|T,12815_C|T,12880_C|T,12892_G|A,13339_T|C,14408_C|T,15714_C|T,15756_T|A,16457_C|T,16600_T|C,17410_C|T,18163_A|G,18492_A|G,18894_C|T,18981_C|T,19955_C|T,20055_A|G,20178_C|T,21653_T|C,21711_C|T,21941_G|T,21987_G|A,22032_T|C,22033_C|A,22034_A|G,22107_A|G,22132_G|T,22200_T|G,22208_C|T,22295_C|A,22353_C|A,22556_A|G,22577_G|C,22578_G|A,22599_G|C,22629_A|C,22674_C|T,22679_T|C,22686_C|T,22688_A|G,22775_G|A,22786_A|C,22792_C|T,22813_G|T,22882_T|G,22893_A|G,22895_G|C,22896_T|G,22898_G|A,22910_A|G,22916_C|T,22917_T|G,22926_T|C,22928_T|C,22942_T|A,22992_G|A,22995_C|A,23005_T|A,23012_G|A,23018_T|C,23019_T|C,23021_A|G,23039_C|G,23055_A|G,23063_A|T,23075_T|C,23222_G|A,23271_C|T,23277_C|T,23403_A|G,23423_C|T,23525_C|T,23599_T|G,23604_C|G,23854_C|A,23948_G|T,24378_C|T,24424_A|T,24469_T|A,24990_C|T,25000_C|T,25207_C|T,25584_C|T,26060_C|T,26270_C|T,26529_G|C,26577_C|G,26681_C|T,26709_G|A,26833_C|T,26858_C|T,27259_A|C,27382_G|C,27383_A|T,27384_T|C,27807_C|T,27810_T|C,28271_A|T,28297_T|C,28311_C|T,28881_G|A,28882_G|A,28883_G|C,28958_C|A,29409_C|T,29510_A|C,11288_11296,21992_21994,22194_22196,29734_29759
OZ261722	XFG	241_C|T,575_C|A,577_T|C,670_T|G,897_C|A,2790_C|T,3037_C|T,3431_G|T,3565_T|C,4184_G|A,4214_T|C,4321_C|T,5239_C|T,6183_A|G,7842_A|G,7869_C|T,8293_C|T,8350_T|C,8393_G|A,8818_C|T,9344_C|T,9424_A|G,9534_C|T,10029_C|T,10198_C|T,10447_G|A,10449_C|A,11042_G|T,11727_G|A,12789_C|T,12815_C|T,12880_C|T,12892_G|A,13339_T|C,13444_A|G,14408_C|T,15714_C|T,15756_T|A,16600_T|C,17410_C|T,18163_A|G,18492_A|G,18894_C|T,19955_C|T,20055_A|G,20178_C|T,21653_T|C,21711_C|T,21941_G|T,21987_G|A,22032_T|C,22033_C|A,22034_A|G,22107_A|G,22132_G|T,22200_T|G,22208_C|T,22295_C|A,22353_C|A,22556_A|G,22577_G|C,22578_G|A,22599_G|C,22629_A|C,22674_C|T,22679_T|C,22686_C|T,22688_A|G,22775_G|A,22786_A|C,22792_C|T,22813_G|T,22882_T|G,22893_A|G,22895_G|C,22896_T|G,22898_G|A,22910_A|G,22916_C|T,22917_T|G,22926_T|C,22928_T|C,22942_T|A,22992_G|A,22995_C|A,23005_T|A,23012_G|A,23018_T|C,23019_T|C,23021_A|G,23039_C|G,23055_A|G,23063_A|T,23075_T|C,23222_G|A,23271_C|T,23277_C|T,23403_A|G,23423_C|T,23525_C|T,23599_T|G,23604_C|G,23854_C|A,23948_G|T,24378_C|T,24424_A|T,24469_T|A,24990_C|T,25000_C|T,25207_C|T,25584_C|T,26060_C|T,26270_C|T,26529_G|C,26577_C|G,26681_C|T,26709_G|A,26833_C|T,26858_C|T,27259_A|C,27382_G|C,27383_A|T,27384_T|C,27807_C|T,27810_T|C,28271_A|T,28297_T|C,28311_C|T,28881_G|A,28882_G|A,28883_G|C,28958_C|A,29409_C|T,29510_A|C,11288_11296,21992_21994,22194_22196,28362_28370,29734_29759
OZ262520	XFG	241_C|T,670_T|G,897_C|A,979_T|A,2790_C|T,3037_C|T,3431_G|T,4184_G|A,4214_T|C,4321_C|T,5239_C|T,6183_A|G,7842_A|G,7869_C|T,8293_C|T,8350_T|C,8393_G|A,8818_C|T,9344_C|T,9424_A|G,9534_C|T,10029_C|T,10198_C|T,10447_G|A,10449_C|A,11042_G|T,11727_G|A,12789_C|T,12815_C|T,12880_C|T,12892_G|A,13339_T|C,14408_C|T,15714_C|T,15756_T|A,16600_T|C,17410_C|T,18163_A|G,18492_A|G,18647_C|T,18894_C|T,19955_C|T,20055_A|G,20178_C|T,21653_T|C,21711_C|T,21941_G|T,21987_G|A,22032_T|C,22033_C|A,22034_A|G,22107_A|G,22132_G|T,22200_T|G,22208_C|T,22295_C|A,22353_C|A,22556_A|G,22577_G|C,22578_G|A,22599_G|C,22629_A|C,22674_C|T,22679_T|C,22686_C|T,22688_A|G,22770_G|A,22775_G|A,22786_A|C,22792_C|T,22813_G|T,22882_T|G,22893_A|G,22895_G|C,22896_T|G,22898_G|A,22910_A|G,22916_C|T,22917_T|G,22926_T|C,22928_T|C,22942_T|A,22992_G|A,22995_C|A,23005_T|A,23012_G|A,23018_T|C,23019_T|C,23021_A|G,23039_C|G,23055_A|G,23063_A|T,23075_T|C,23222_G|A,23271_C|T,23277_C|T,23403_A|G,23423_C|T,23525_C|T,23599_T|G,23604_C|G,23608_G|T,23854_C|A,23948_G|T,24378_C|T,24424_A|T,24469_T|A,24990_C|T,25000_C|T,25207_C|T,25584_C|T,26060_C|T,26270_C|T,26529_G|C,26577_C|G,26681_C|T,26709_G|A,26833_C|T,26858_C|T,27259_A|C,27382_G|C,27383_A|T,27384_T|C,27807_C|T,27810_T|C,28271_A|T,28297_T|C,28311_C|T,28881_G|A,28882_G|A,28883_G|C,28958_C|A,29409_C|T,29510_A|C,29555_C|T,11288_11296,21992_21994,22194_22196,28362_28370,29734_29759
OZ263366	XFG	106_C|T,241_C|T,670_T|G,897_C|A,2790_C|T,3037_C|T,3172_T|C,3431_G|T,3565_T|C,4184_G|A,4214_T|C,4321_C|T,5239_C|T,5581_C|T,6183_A|G,7842_A|G,7869_C|T,8278_T|C,8293_C|T,8350_T|C,8393_G|A,8818_C|T,9344_C|T,9424_A|G,9534_C|T,10029_C|T,10198_C|T,10447_G|A,10449_C|A,11042_G|T,11727_G|A,12534_C|T,12788_A|G,12789_C|T,12815_C|T,12880_C|T,12892_G|A,13339_T|C,14408_C|T,14568_T|A,15714_C|T,15756_T|A,16600_T|C,17410_C|T,18163_A|G,18492_A|G,18894_C|T,19518_G|T,19955_C|T,20055_A|G,20178_C|T,21618_C|T,21622_C|T,21624_G|C,21627_C|A,21653_T|C,21711_C|T,21762_C|T,21941_G|T,21987_G|A,22032_T|C,22033_C|A,22034_A|G,22107_A|G,22132_G|T,22200_T|G,22208_C|T,22295_C|A,22353_C|A,22556_A|G,22577_G|C,22578_G|A,22599_G|C,22629_A|C,22674_C|T,22679_T|C,22686_C|T,22688_A|G,22770_G|A,22775_G|A,22786_A|C,22792_C|T,22813_G|T,22882_T|G,22893_A|G,22895_G|C,22896_T|G,22898_G|A,22910_A|G,22916_C|T,22917_T|G,22926_T|C,22928_T|C,22942_T|A,22992_G|A,22995_C|A,23005_T|A,23012_G|A,23018_T|C,23019_T|C,23021_A|G,23039_C|G,23055_A|G,23063_A|T,23075_T|C,23222_G|A,23271_C|T,23277_C|T,23403_A|G,23423_C|T,23599_T|G,23604_C|G,23854_C|A,23948_G|T,24378_C|T,24424_A|T,24469_T|A,24990_C|T,25000_C|T,25207_C|T,25584_C|T,26060_C|T,26270_C|T,26529_G|C,26577_C|G,26610_A|G,26681_C|T,26709_G|A,26769_G|A,26833_C|T,26858_C|T,27259_A|C,27382_G|C,27383_A|T,27384_T|C,27807_C|T,27810_T|C,27923_C|T,28271_A|T,28297_T|C,28311_C|T,28881_G|A,28882_G|A,28883_G|C,28958_C|A,29409_C|T,29510_A|C,11288_11296,21633_21641,21765_21770,21992_21994,22194_22196,23009_23011,28362_28370,21608_.|TCATGCCGCTGT
OZ263370	XFG	241_C|T,670_T|G,897_C|A,2790_C|T,3037_C|T,3431_G|T,3565_T|C,3754_A|G,4184_G|A,4206_C|T,4214_T|C,4321_C|T,5239_C|T,6183_A|G,7842_A|G,7869_C|T,8293_C|T,8350_T|C,8393_G|A,8818_C|T,9344_C|T,9424_A|G,9534_C|T,10029_C|T,10198_C|T,10447_G|A,10449_C|A,11042_G|T,11727_G|A,12789_C|T,12815_C|T,12880_C|T,12892_G|A,13339_T|C,14408_C|T,15714_C|T,15756_T|A,16394_C|T,16600_T|C,17410_C|T,17825_C|T,18163_A|G,18492_A|G,18894_C|T,19955_C|T,20055_A|G,20178_C|T,21618_C|T,21622_C|T,21624_G|C,21627_C|A,21653_T|C,21711_C|T,21941_G|T,21987_G|A,22032_T|C,22033_C|A,22034_A|G,22107_A|G,22132_G|T,22200_T|G,22208_C|T,22295_C|A,22353_C|A,22556_A|G,22577_G|C,22578_G|A,22599_G|C,22629_A|C,22674_C|T,22679_T|C,22686_C|T,22688_A|G,22770_G|A,22775_G|A,22786_A|C,22792_C|T,22813_G|T,22882_T|G,22893_A|G,22895_G|C,22896_T|G,22898_G|A,22910_A|G,22916_C|T,22917_T|G,22926_T|C,22928_T|C,22942_T|A,22992_G|A,22995_C|A,23005_T|A,23012_G|A,23018_T|C,23019_T|C,23021_A|G,23039_C|G,23055_A|G,23063_A|T,23075_T|C,23222_G|A,23271_C|T,23277_C|T,23403_A|G,23423_C|T,23525_C|T,23599_T|G,23604_C|G,23854_C|A,23948_G|T,24378_C|T,24424_A|T,24469_T|A,24990_C|T,25000_C|T,25207_C|T,25584_C|T,26060_C|T,26270_C|T,26529_G|C,26577_C|G,26610_A|G,26681_C|T,26709_G|A,26833_C|T,26858_C|T,27259_A|C,27382_G|C,27383_A|T,27384_T|C,27807_C|T,27810_T|C,28271_A|T,28297_T|C,28311_C|T,28805_G|A,28881_G|A,28882_G|A,28883_G|C,28958_C|A,29409_C|T,29510_A|C,11288_11296,21633_21641,21765_21770,21992_21994,22194_22196,23009_23011,28362_28370,21608_.|TCATGCCGCTGT
OZ263397	XFG	21_C|T,44_C|T,241_C|T,670_T|G,897_C|A,2790_C|T,3037_C|T,3431_G|T,3565_T|C,3738_C|T,4184_G|A,4214_T|C,4321_C|T,5183_C|T,5239_C|T,6183_A|G,6308_A|G,7842_A|G,7869_C|T,8293_C|T,8350_T|C,8393_G|A,8818_C|T,9344_C|T,9424_A|G,9534_C|T,10029_C|T,10198_C|T,10447_G|A,10449_C|A,11042_G|T,11494_C|T,11727_G|A,12789_C|T,12815_C|T,12880_C|T,12892_G|A,13339_T|C,14408_C|T,15108_C|T,15714_C|T,15756_T|A,16289_C|T,16600_T|C,17410_C|T,18163_A|G,18492_A|G,18894_C|T,19955_C|T,20055_A|G,20133_C|T,20178_C|T,21618_C|T,21622_C|T,21624_G|C,21627_C|A,21653_T|C,21711_C|T,21941_G|T,21987_G|A,22032_T|C,22033_C|A,22034_A|G,22107_A|G,22132_G|T,22200_T|G,22208_C|T,22295_C|A,22353_C|A,22556_A|G,22577_G|C,22578_G|A,22599_G|C,22629_A|C,22674_C|T,22679_T|C,22686_C|T,22688_A|G,22770_G|A,22775_G|A,22786_A|C,22792_C|T,22813_G|T,22882_T|G,22893_A|G,22895_G|C,22896_T|G,22898_G|A,22910_A|G,22916_C|T,22917_T|G,22926_T|C,22928_T|C,22942_T|A,22992_G|A,22995_C|A,23005_T|A,23012_G|A,23018_T|C,23019_T|C,23021_A|G,23039_C|G,23055_A|G,23063_A|T,23075_T|C,23222_G|A,23271_C|T,23277_C|T,23403_A|G,23423_C|T,23525_C|T,23599_T|G,23604_C|G,23854_C|A,23948_G|T,24378_C|T,24424_A|T,24469_T|A,24990_C|T,25000_C|T,25207_C|T,25584_C|T,26060_C|T,26270_C|T,26529_G|C,26577_C|G,26610_A|G,26681_C|T,26709_G|A,26833_C|T,26858_C|T,27259_A|C,27382_G|C,27383_A|T,27384_T|C,27807_C|T,27810_T|C,27972_C|A,28271_A|T,28297_T|C,28311_C|T,28881_G|A,28882_G|A,28883_G|C,28958_C|A,29409_C|T,29510_A|C,11288_11296,21633_21641,21765_21770,21992_21994,22194_22196,23009_23011,28362_28370,29734_29759,21607_.|GNNNNNNNNNNN
OZ263399	XFG	241_C|T,670_T|G,897_C|A,2790_C|T,3037_C|T,3431_G|T,3565_T|C,3754_A|G,4184_G|A,4205_G|T,4206_C|T,4214_T|C,4321_C|T,5239_C|T,6183_A|G,7842_A|G,7869_C|T,8293_C|T,8350_T|C,8393_G|A,8818_C|T,9344_C|T,9424_A|G,9534_C|T,10029_C|T,10198_C|T,10447_G|A,10449_C|A,11042_G|T,11727_G|A,12789_C|T,12815_C|T,12880_C|T,12892_G|A,13339_T|C,14408_C|T,15714_C|T,15756_T|A,16394_C|T,16600_T|C,17410_C|T,17825_C|T,18163_A|G,18492_A|G,18894_C|T,19955_C|T,20055_A|G,20178_C|T,21618_C|T,21622_C|T,21624_G|C,21627_C|A,21653_T|C,21711_C|T,21941_G|T,21987_G|A,22032_T|C,22033_C|A,22034_A|G,22107_A|G,22132_G|T,22200_T|G,22208_C|T,22295_C|A,22353_C|A,22556_A|G,22577_G|C,22578_G|A,22599_G|C,22629_A|C,22674_C|T,22679_T|C,22686_C|T,22688_A|G,22770_G|A,22775_G|A,22786_A|C,22792_C|T,22813_G|T,22882_T|G,22893_A|G,22895_G|C,22896_T|G,22898_G|A,22910_A|G,22916_C|T,22917_T|G,22926_T|C,22928_T|C,22942_T|A,22992_G|A,22995_C|A,23005_T|A,23012_G|A,23018_T|C,23019_T|C,23021_A|G,23039_C|G,23055_A|G,23063_A|T,23075_T|C,23222_G|A,23271_C|T,23277_C|T,23403_A|G,23423_C|T,23525_C|T,23599_T|G,23604_C|G,23854_C|A,23948_G|T,24378_C|T,24424_A|T,24469_T|A,24990_C|T,25000_C|T,25207_C|T,25584_C|T,26060_C|T,26270_C|T,26529_G|C,26577_C|G,26610_A|G,26681_C|T,26709_G|A,26833_C|T,26858_C|T,27259_A|C,27382_G|C,27383_A|T,27384_T|C,27807_C|T,27810_T|C,28271_A|T,28297_T|C,28311_C|T,28805_G|A,28881_G|A,28882_G|A,28883_G|C,28958_C|A,29409_C|T,29510_A|C,11288_11296,21633_21641,21765_21770,21992_21994,22194_22196,23009_23011,28362_28370,21608_.|TCATGCCGCTGT
OZ263401	XFG	21_C|T,44_C|T,241_C|T,670_T|G,683_C|T,897_C|A,2790_C|T,3037_C|T,3431_G|T,3565_T|C,4184_G|A,4214_T|C,4321_C|T,5239_C|T,6183_A|G,7842_A|G,7869_C|T,8293_C|T,8350_T|C,8393_G|A,8818_C|T,9344_C|T,9424_A|G,9534_C|T,10029_C|T,10198_C|T,10447_G|A,10449_C|A,11042_G|T,11727_G|A,12789_C|T,12815_C|T,12880_C|T,12892_G|A,13339_T|C,14408_C|T,15714_C|T,15756_T|A,16457_C|T,16600_T|C,17410_C|T,18163_A|G,18492_A|G,18894_C|T,19955_C|T,20055_A|G,20178_C|T,21618_C|T,21622_C|T,21624_G|C,21627_C|A,21653_T|C,21711_C|T,21941_G|T,21987_G|A,22032_T|C,22033_C|A,22034_A|G,22107_A|G,22132_G|T,22200_T|G,22208_C|T,22295_C|A,22353_C|A,22556_A|G,22577_G|C,22578_G|A,22599_G|C,22629_A|C,22674_C|T,22679_T|C,22686_C|T,22688_A|G,22770_G|A,22775_G|A,22786_A|C,22792_C|T,22813_G|T,22882_T|G,22893_A|G,22895_G|C,22896_T|G,22898_G|A,22910_A|G,22916_C|T,22917_T|G,22926_T|C,22928_T|C,22942_T|A,22992_G|A,22995_C|A,23005_T|A,23012_G|A,23018_T|C,23019_T|C,23021_A|G,23039_C|G,23055_A|G,23063_A|T,23075_T|C,23222_G|A,23271_C|T,23277_C|T,23403_A|G,23423_C|T,23525_C|T,23599_T|G,23604_C|G,23854_C|A,23948_G|T,24378_C|T,24424_A|T,24469_T|A,24989_C|T,24990_C|T,25000_C|T,25207_C|T,25584_C|T,26060_C|T,26270_C|T,26340_C|T,26529_G|C,26577_C|G,26610_A|G,26681_C|T,26709_G|A,26833_C|T,26858_C|T,27259_A|C,27382_G|C,27383_A|T,27384_T|C,27807_C|T,27810_T|C,28271_A|T,28297_T|C,28311_C|T,28881_G|A,28882_G|A,28883_G|C,28958_C|A,29409_C|T,29510_A|C,11288_11296,21633_21641,21765_21770,21992_21994,22194_22196,23009_23011,28362_28370,29734_29759,21607_.|GNNNNNNNNNNN
OZ263427	XFG	20_C|T,21_C|T,44_C|T,241_C|T,670_T|G,897_C|A,1784_G|A,2790_C|T,3037_C|T,3431_G|T,3565_T|C,4184_G|A,4214_T|C,4321_C|T,4354_G|A,5239_C|T,6183_A|G,7842_A|G,7869_C|T,8293_C|T,8350_T|C,8393_G|A,8752_C|T,8818_C|T,9344_C|T,9424_A|G,9534_C|T,10029_C|T,10198_C|T,10447_G|A,10449_C|A,11042_G|T,11727_G|A,12789_C|T,12815_C|T,12880_C|T,12892_G|A,13339_T|C,14408_C|T,15714_C|T,15756_T|A,16600_T|C,17410_C|T,18163_A|G,18492_A|G,18894_C|T,19955_C|T,20055_A|G,21618_C|T,21622_C|T,21624_G|C,21627_C|A,21653_T|C,21711_C|T,21941_G|T,21987_G|A,22032_T|C,22033_C|A,22034_A|G,22107_A|G,22132_G|T,22200_T|G,22208_C|T,22295_C|A,22353_C|A,22556_A|G,22577_G|C,22578_G|A,22599_G|C,22629_A|C,22674_C|T,22679_T|C,22686_C|T,22688_A|G,22770_G|A,22775_G|A,22786_A|C,22792_C|T,22813_G|T,22882_T|G,22893_A|G,22895_G|C,22896_T|G,22898_G|A,22910_A|G,22916_C|T,22917_T|G,22926_T|C,22928_T|C,22942_T|A,22992_G|A,22995_C|A,23005_T|A,23012_G|A,23018_T|C,23019_T|C,23021_A|G,23039_C|G,23055_A|G,23063_A|T,23075_T|C,23222_G|A,23271_C|T,23277_C|T,23403_A|G,23423_C|T,23525_C|T,23599_T|G,23604_C|G,23854_C|A,23948_G|T,24378_C|T,24424_A|T,24469_T|A,24990_C|T,25000_C|T,25207_C|T,25584_C|T,26060_C|T,26270_C|T,26529_G|C,26577_C|G,26681_C|T,26709_G|A,26833_C|T,26858_C|T,27259_A|C,27382_G|C,27383_A|T,27384_T|C,27807_C|T,27810_T|C,28271_A|T,28297_T|C,28311_C|T,28372_T|C,28881_G|A,28882_G|A,28883_G|C,28958_C|A,29409_C|T,29510_A|C,11288_11296,21633_21641,21765_21770,21992_21994,22194_22196,23009_23011,28362_28370,29734_29759,21607_.|GNNNNNNNNNNN
OZ263439	XFG	21_C|T,44_C|T,241_C|T,670_T|G,683_C|T,897_C|A,2790_C|T,3037_C|T,3431_G|T,3565_T|C,4184_G|A,4214_T|C,4321_C|T,5239_C|T,6183_A|G,7842_A|G,7869_C|T,8293_C|T,8350_T|C,8393_G|A,8818_C|T,9344_C|T,9424_A|G,9534_C|T,10029_C|T,10198_C|T,10447_G|A,10449_C|A,11042_G|T,11727_G|A,12789_C|T,12815_C|T,12880_C|T,12892_G|A,13339_T|C,14408_C|T,15714_C|T,15756_T|A,16457_C|T,16600_T|C,17410_C|T,18163_A|G,18492_A|G,18894_C|T,19955_C|T,20055_A|G,20178_C|T,21618_C|T,21622_C|T,21624_G|C,21627_C|A,21653_T|C,21711_C|T,21941_G|T,21987_G|A,22032_T|C,22033_C|A,22034_A|G,22107_A|G,22132_G|T,22200_T|G,22208_C|T,22295_C|A,22353_C|A,22556_A|G,22577_G|C,22578_G|A,22599_G|C,22629_A|C,22674_C|T,22679_T|C,22686_C|T,22688_A|G,22770_G|A,22775_G|A,22786_A|C,22792_C|T,22813_G|T,22882_T|G,22893_A|G,22895_G|C,22896_T|G,22898_G|A,22910_A|G,22916_C|T,22917_T|G,22926_T|C,22928_T|C,22942_T|A,22992_G|A,22995_C|A,23005_T|A,23012_G|A,23018_T|C,23019_T|C,23021_A|G,23039_C|G,23055_A|G,23063_A|T,23075_T|C,23222_G|A,23271_C|T,23277_C|T,23403_A|G,23423_C|T,23525_C|T,23599_T|G,23604_C|G,23854_C|A,23948_G|T,24378_C|T,24424_A|T,24469_T|A,24989_C|T,24990_C|T,25000_C|T,25207_C|T,25584_C|T,26060_C|T,26270_C|T,26340_C|T,26529_G|C,26577_C|G,26681_C|T,26709_G|A,26833_C|T,26858_C|T,27259_A|C,27382_G|C,27383_A|T,27384_T|C,27807_C|T,27810_T|C,28271_A|T,28297_T|C,28311_C|T,28881_G|A,28882_G|A,28883_G|C,28958_C|A,29409_C|T,29510_A|C,11288_11296,21633_21641,21765_21770,21992_21994,22194_22196,23009_23011,28362_28370,29734_29759,21607_.|GNNNNNNNNNNN
OZ263443	XFG	241_C|T,670_T|G,683_C|T,897_C|A,2790_C|T,3037_C|T,3431_G|T,3565_T|C,4184_G|A,4214_T|C,4321_C|T,5239_C|T,6183_A|G,7842_A|G,7869_C|T,8293_C|T,8350_T|C,8393_G|A,8818_C|T,9344_C|T,9424_A|G,9534_C|T,10029_C|T,10198_C|T,10447_G|A,10449_C|A,11042_G|T,11727_G|A,12789_C|T,12815_C|T,12880_C|T,12892_G|A,13339_T|C,14408_C|T,15714_C|T,15756_T|A,16600_T|C,17410_C|T,18163_A|G,18492_A|G,18894_C|T,19955_C|T,20055_A|G,20178_C|T,21618_C|T,21622_C|T,21624_G|C,21627_C|A,21653_T|C,21711_C|T,21941_G|T,21987_G|A,22032_T|C,22033_C|A,22034_A|G,22107_A|G,22132_G|T,22200_T|G,22208_C|T,22295_C|A,22353_C|A,22556_A|G,22577_G|C,22578_G|A,22599_G|C,22629_A|C,22674_C|T,22679_T|C,22686_C|T,22688_A|G,22770_G|A,22775_G|A,22786_A|C,22792_C|T,22813_G|T,22882_T|G,22893_A|G,22895_G|C,22896_T|G,22898_G|A,22910_A|G,22916_C|T,22917_T|G,22926_T|C,22928_T|C,22942_T|A,22992_G|A,22995_C|A,23005_T|A,23012_G|A,23018_T|C,23019_T|C,23021_A|G,23039_C|G,23055_A|G,23063_A|T,23075_T|C,23222_G|A,23271_C|T,23277_C|T,23403_A|G,23423_C|T,23426_G|A,23525_C|T,23599_T|G,23604_C|G,23854_C|A,23948_G|T,24378_C|T,24424_A|T,24469_T|A,24990_C|T,25000_C|T,25207_C|T,25584_C|T,26060_C|T,26270_C|T,26529_G|C,26577_C|G,26610_A|G,26681_C|T,26709_G|A,26833_C|T,26858_C|T,27259_A|C,27382_G|C,27383_A|T,27384_T|C,27807_C|T,27810_T|C,28271_A|T,28297_T|C,28311_C|T,28881_G|A,28882_G|A,28883_G|C,28958_C|A,29409_C|T,29510_A|C,11288_11296,21633_21641,21765_21770,21992_21994,22194_22196,23009_23011,28362_28370,21608_.|TCATGCCGCTGT
USA/CA-CDC-2-8492158/2025	XFG	241_C|T,670_T|G,897_C|A,1960_C|T,2790_C|T,3037_C|T,3431_G|T,3565_T|C,4184_G|A,4214_T|C,4321_C|T,5239_C|T,6183_A|G,6286_C|T,7842_A|G,7869_C|T,8293_C|T,8350_T|C,8393_G|A,8818_C|T,9344_C|T,9424_A|G,9534_C|T,10029_C|T,10198_C|T,10447_G|A,10449_C|A,11042_G|T,11681_C|T,11727_G|A,12789_C|T,12815_C|T,12880_C|T,12892_G|A,13339_T|C,14408_C|T,15714_C|T,15756_T|A,16600_T|C,17410_C|T,18163_A|G,18492_A|G,18894_C|T,19955_C|T,20055_A|G,21618_C|T,21622_C|T,21624_G|C,21627_C|A,21653_T|C,21711_C|T,21941_G|T,21987_G|A,22032_T|C,22033_C|A,22034_A|G,22107_A|G,22132_G|T,22200_T|G,22208_C|T,22295_C|A,22353_C|A,22556_A|G,22567_G|T,22577_G|C,22578_G|A,22599_G|C,22629_A|C,22674_C|T,22679_T|C,22686_C|T,22688_A|G,22770_G|A,22775_G|A,22786_A|C,22792_C|T,22813_G|T,22851_C|T,22882_T|G,22893_A|G,22895_G|C,22896_T|G,22898_G|A,22910_A|G,22916_C|T,22917_T|G,22926_T|C,22928_T|C,22942_T|A,22992_G|A,22995_C|A,23005_T|A,23012_G|A,23018_T|C,23019_T|C,23021_A|G,23039_C|G,23055_A|G,23063_A|T,23075_T|C,23222_G|A,23271_C|T,23277_C|T,23403_A|G,23423_C|T,23525_C|T,23599_T|G,23604_C|G,23854_C|A,23948_G|T,24328_G|T,24378_C|T,24424_A|T,24469_T|A,24990_C|T,25000_C|T,25207_C|T,25584_C|T,26058_C|T,26060_C|T,26270_C|T,26529_G|C,26577_C|G,26610_A|G,26681_C|T,26709_G|A,26833_C|T,26858_C|T,27259_A|C,27382_G|C,27383_A|T,27384_T|C,27807_C|T,27810_T|C,28271_A|T,28297_T|C,28311_C|T,28881_G|A,28882_G|A,28883_G|C,28958_C|A,29409_C|T,29510_A|C,521_523,11288_11296,21633_21641,21765_21770,21992_21994,22194_22196,23009_23011,27265_27291,28362_28370,21608_.|TCATGCCGCTGT
USA/CA-CDC-2-8492203/2025	XFG	241_C|T,670_T|G,897_C|A,1960_C|T,2790_C|T,3037_C|T,3431_G|T,3565_T|C,4184_G|A,4214_T|C,4321_C|T,5239_C|T,6183_A|G,6286_C|T,7842_A|G,7869_C|T,8293_C|T,8350_T|C,8393_G|A,8818_C|T,9344_C|T,9424_A|G,9534_C|T,10029_C|T,10198_C|T,10447_G|A,10449_C|A,11042_G|T,11681_C|T,11727_G|A,12789_C|T,12815_C|T,12880_C|T,12892_G|A,13339_T|C,14408_C|T,15714_C|T,15750_T|C,15756_T|A,16600_T|C,17410_C|T,18163_A|G,18492_A|G,18894_C|T,19955_C|T,20055_A|G,21618_C|T,21622_C|T,21624_G|C,21627_C|A,21653_T|C,21711_C|T,21941_G|T,21987_G|A,22032_T|C,22033_C|A,22034_A|G,22107_A|G,22132_G|T,22200_T|G,22208_C|T,22295_C|A,22353_C|A,22556_A|G,22567_G|T,22577_G|C,22578_G|A,22599_G|C,22629_A|C,22674_C|T,22679_T|C,22686_C|T,22688_A|G,22770_G|A,22775_G|A,22786_A|C,22792_C|T,22813_G|T,22882_T|G,22893_A|G,22895_G|C,22896_T|G,22898_G|A,22910_A|G,22916_C|T,22917_T|G,22926_T|C,22928_T|C,22942_T|A,22992_G|A,22995_C|A,23005_T|A,23012_G|A,23018_T|C,23019_T|C,23021_A|G,23039_C|G,23055_A|G,23063_A|T,23075_T|C,23222_G|A,23271_C|T,23277_C|T,23403_A|G,23423_C|T,23525_C|T,23599_T|G,23604_C|G,23854_C|A,23948_G|T,24328_G|T,24378_C|T,24424_A|T,24469_T|A,24990_C|T,25000_C|T,25207_C|T,25584_C|T,26058_C|T,26060_C|T,26270_C|T,26529_G|C,26577_C|G,26610_A|G,26681_C|T,26709_G|A,26833_C|T,26858_C|T,27259_A|C,27382_G|C,27383_A|T,27384_T|C,27807_C|T,27810_T|C,28271_A|T,28297_T|C,28311_C|T,28881_G|A,28882_G|A,28883_G|C,28958_C|A,29409_C|T,29510_A|C,11288_11296,21633_21641,21765_21770,21992_21994,22194_22196,23009_23011,28362_28370,21608_.|TCATGCCGCTGT
USA/CA-CDPH-500147140/2025	XFG	241_C|T,670_T|G,683_C|T,1824_C|A,2790_C|T,3037_C|T,3431_G|T,3565_T|C,4184_G|A,4214_T|C,4321_C|T,5239_C|T,6183_A|G,6628_C|T,7842_A|G,7869_C|T,8293_C|T,8350_T|C,8393_G|A,8818_C|T,9344_C|T,9424_A|G,9534_C|T,10029_C|T,10198_C|T,10447_G|A,10449_C|A,11042_G|T,11727_G|A,12789_C|T,12815_C|T,12880_C|T,12892_G|A,13339_T|C,14408_C|T,15714_C|T,15756_T|A,16457_C|T,16600_T|C,17410_C|T,18163_A|G,18492_A|G,18894_C|T,19955_C|T,20055_A|G,20178_C|T,21618_C|T,21622_C|T,21624_G|C,21627_C|A,21653_T|C,21711_C|T,21941_G|T,21987_G|A,22032_T|C,22033_C|A,22034_A|G,22107_A|G,22132_G|T,22200_T|G,22208_C|T,22295_C|A,22353_C|A,22556_A|G,22577_G|C,22578_G|A,22599_G|C,22629_A|C,22674_C|T,22679_T|C,22686_C|T,22688_A|G,22770_G|A,22775_G|A,22786_A|C,22792_C|T,22813_G|T,22882_T|G,22893_A|G,22895_G|C,22896_T|G,22898_G|A,22910_A|G,22916_C|T,22917_T|G,22926_T|C,22928_T|C,22942_T|A,22992_G|A,22995_C|A,23005_T|A,23012_G|A,23018_T|C,23019_T|C,23021_A|G,23039_C|G,23055_A|G,23063_A|T,23075_T|C,23222_G|A,23271_C|T,23277_C|T,23403_A|G,23423_C|T,23525_C|T,23599_T|G,23604_C|G,23854_C|A,23948_G|T,24378_C|T,24424_A|T,24469_T|A,24990_C|T,25000_C|T,25207_C|T,25584_C|T,26060_C|T,26149_T|C,26270_C|T,26529_G|C,26577_C|G,26610_A|G,26681_C|T,26709_G|A,26833_C|T,26858_C|T,27259_A|C,27382_G|C,27383_A|T,27384_T|C,27807_C|T,27810_T|C,28271_A|T,28297_T|C,28311_C|T,28881_G|A,28882_G|A,28883_G|C,28958_C|A,29409_C|T,29510_A|C,11288_11296,21633_21641,21765_21770,21992_21994,22194_22196,23009_23011,28362_28370,21608_.|TCATGCCGCTGT
USA/CA-CDPH-500147145/2025	XFG	241_C|T,670_T|G,897_C|A,1684_C|T,2790_C|T,3037_C|T,3431_G|T,3565_T|C,4184_G|A,4214_T|C,4321_C|T,5239_C|T,6183_A|G,7842_A|G,7869_C|T,8293_C|T,8350_T|C,8393_G|A,8818_C|T,9344_C|T,9424_A|G,9534_C|T,10029_C|T,10198_C|T,10447_G|A,10449_C|A,10868_C|T,11042_G|T,11727_G|A,12789_C|T,12815_C|T,12880_C|T,12892_G|A,13339_T|C,14408_C|T,15714_C|T,15756_T|A,16224_T|C,16600_T|C,17410_C|T,18163_A|G,18492_A|G,18894_C|T,19955_C|T,20055_A|G,20134_G|T,21618_C|T,21622_C|T,21624_G|C,21627_C|A,21653_T|C,21711_C|T,21736_C|T,21941_G|T,21987_G|A,22032_T|C,22033_C|A,22034_A|G,22107_A|G,22132_G|T,22200_T|G,22208_C|T,22295_C|A,22353_C|A,22556_A|G,22577_G|C,22578_G|A,22599_G|C,22629_A|C,22674_C|T,22679_T|C,22686_C|T,22688_A|G,22770_G|A,22775_G|A,22786_A|C,22792_C|T,22813_G|T,22882_T|G,22893_A|G,22895_G|C,22896_T|G,22898_G|A,22910_A|G,22916_C|T,22917_T|G,22926_T|C,22928_T|C,22942_T|A,22992_G|A,22995_C|A,23005_T|A,23012_G|A,23018_T|C,23019_T|C,23021_A|G,23039_C|G,23055_A|G,23063_A|T,23075_T|C,23222_G|A,23271_C|T,23277_C|T,23403_A|G,23423_C|T,23525_C|T,23599_T|G,23604_C|G,23854_C|A,23948_G|T,24378_C|T,24424_A|T,24469_T|A,24990_C|T,25000_C|T,25207_C|T,25584_C|T,26060_C|T,26270_C|T,26529_G|C,26577_C|G,26610_A|G,26681_C|T,26709_G|A,26833_C|T,26858_C|T,27147_G|T,27259_A|C,27382_G|C,27383_A|T,27384_T|C,27807_C|T,27810_T|C,28271_A|T,28297_T|C,28311_C|T,28881_G|A,28882_G|A,28883_G|C,28958_C|A,29409_C|T,29510_A|C,11288_11296,21633_21641,21765_21770,21992_21994,22194_22196,23009_23011,28362_28370,21608_.|TCATGCCGCTGT
USA/CA-CDPH-500147172/2025	XFG	241_C|T,670_T|G,897_C|A,2790_C|T,3037_C|T,3431_G|T,3565_T|C,4184_G|A,4214_T|C,4321_C|T,5239_C|T,6183_A|G,6543_C|T,7842_A|G,7869_C|T,8152_C|T,8293_C|T,8350_T|C,8393_G|A,8818_C|T,9344_C|T,9424_A|G,9534_C|T,10029_C|T,10039_C|T,10198_C|T,10447_G|A,10449_C|A,11042_G|T,11727_G|A,12789_C|T,12815_C|T,12880_C|T,12892_G|A,13339_T|C,14408_C|T,15714_C|T,15756_T|A,16600_T|C,17410_C|T,18163_A|G,18492_A|G,18894_C|T,19955_C|T,20055_A|G,20178_C|T,21618_C|T,21622_C|T,21624_G|C,21627_C|A,21653_T|C,21711_C|T,21941_G|T,21987_G|A,22032_T|C,22033_C|A,22034_A|G,22107_A|G,22132_G|T,22200_T|G,22208_C|T,22295_C|A,22353_C|A,22556_A|G,22577_G|C,22578_G|A,22599_G|C,22629_A|C,22674_C|T,22679_T|C,22686_C|T,22688_A|G,22770_G|A,22775_G|A,22786_A|C,22792_C|T,22813_G|T,22882_T|G,22893_A|G,22895_G|C,22896_T|G,22898_G|A,22910_A|G,22916_C|T,22917_T|G,22926_T|C,22928_T|C,22942_T|A,22992_G|A,22995_C|A,23005_T|A,23012_G|A,23018_T|C,23019_T|C,23021_A|G,23039_C|G,23055_A|G,23063_A|T,23075_T|C,23222_G|A,23271_C|T,23277_C|T,23403_A|G,23423_C|T,23525_C|T,23599_T|G,23604_C|G,23854_C|A,23948_G|T,24378_C|T,24424_A|T,24469_T|A,24990_C|T,25000_C|T,25207_C|T,25584_C|T,26060_C|T,26270_C|T,26529_G|C,26577_C|G,26610_A|G,26681_C|T,26709_G|A,26833_C|T,26858_C|T,27259_A|C,27382_G|C,27383_A|T,27384_T|C,27807_C|T,27810_T|C,28271_A|T,28297_T|C,28311_C|T,28881_G|A,28882_G|A,28883_G|C,28958_C|A,29409_C|T,29510_A|C,11288_11296,21633_21641,21765_21770,21992_21994,22194_22196,23009_23011,28362_28370,21608_.|TCATGCCGCTGT
USA/CA-CDPH-500147193/2025	XFG	241_C|T,670_T|G,897_C|A,1960_C|T,2790_C|T,3037_C|T,3431_G|T,3565_T|C,4184_G|A,4214_T|C,4321_C|T,5239_C|T,6183_A|G,6286_C|T,7842_A|G,7869_C|T,8293_C|T,8350_T|C,8393_G|A,8818_C|T,9344_C|T,9424_A|G,9534_C|T,10029_C|T,10198_C|T,10447_G|A,10449_C|A,11042_G|T,11681_C|T,11727_G|A,12789_C|T,12815_C|T,12880_C|T,12892_G|A,13339_T|C,14408_C|T,15714_C|T,15750_T|C,15756_T|A,16600_T|C,17410_C|T,18163_A|G,18492_A|G,18894_C|T,19955_C|T,20055_A|G,21618_C|T,21622_C|T,21624_G|C,21627_C|A,21653_T|C,21711_C|T,21941_G|T,21987_G|A,22032_T|C,22033_C|A,22034_A|G,22107_A|G,22132_G|T,22200_T|G,22208_C|T,22295_C|A,22353_C|A,22556_A|G,22567_G|T,22577_G|C,22578_G|A,22599_G|C,22629_A|C,22674_C|T,22679_T|C,22686_C|T,22688_A|G,22770_G|A,22775_G|A,22786_A|C,22792_C|T,22813_G|T,22882_T|G,22893_A|G,22895_G|C,22896_T|G,22898_G|A,22910_A|G,22916_C|T,22917_T|G,22926_T|C,22928_T|C,22942_T|A,22992_G|A,22995_C|A,23005_T|A,23012_G|A,23018_T|C,23019_T|C,23021_A|G,23039_C|G,23055_A|G,23063_A|T,23075_T|C,23222_G|A,23271_C|T,23277_C|T,23403_A|G,23423_C|T,23525_C|T,23599_T|G,23604_C|G,23854_C|A,23948_G|T,24328_G|T,24378_C|T,24424_A|T,24469_T|A,24990_C|T,25000_C|T,25207_C|T,25584_C|T,26058_C|T,26060_C|T,26270_C|T,26529_G|C,26577_C|G,26610_A|G,26681_C|T,26709_G|A,26833_C|T,26858_C|T,27259_A|C,27382_G|C,27383_A|T,27384_T|C,27807_C|T,27810_T|C,28271_A|T,28297_T|C,28311_C|T,28881_G|A,28882_G|A,28883_G|C,28958_C|A,29409_C|T,29510_A|C,11288_11296,21633_21641,21765_21770,21992_21994,22194_22196,23009_23011,28362_28370,21608_.|TCATGCCGCTGT
USA/CA-CDPH-500147255/2025	XFG	241_C|T,670_T|G,683_C|T,897_C|A,2790_C|T,3037_C|T,3431_G|T,3565_T|C,4184_G|A,4214_T|C,4321_C|T,4356_A|G,5239_C|T,6183_A|G,7842_A|G,7869_C|T,8293_C|T,8350_T|C,8393_G|A,8818_C|T,9344_C|T,9424_A|G,9534_C|T,10029_C|T,10198_C|T,10447_G|A,10449_C|A,11042_G|T,11727_G|A,12789_C|T,12815_C|T,12880_C|T,12892_G|A,13339_T|C,14408_C|T,15714_C|T,15756_T|A,16457_C|T,16600_T|C,17410_C|T,18163_A|G,18492_A|G,18894_C|T,19955_C|T,20055_A|G,20178_C|T,21618_C|T,21622_C|T,21624_G|C,21627_C|A,21653_T|C,21711_C|T,21941_G|T,21987_G|A,22032_T|C,22033_C|A,22034_A|G,22107_A|G,22132_G|T,22200_T|G,22208_C|T,22295_C|A,22353_C|A,22556_A|G,22577_G|C,22578_G|A,22599_G|C,22629_A|C,22674_C|T,22679_T|C,22686_C|T,22688_A|G,22770_G|A,22775_G|A,22786_A|C,22792_C|T,22813_G|T,22882_T|G,22893_A|G,22895_G|C,22896_T|G,22898_G|A,22910_A|G,22916_C|T,22917_T|G,22926_T|C,22928_T|C,22942_T|A,22992_G|A,22995_C|A,23005_T|A,23012_G|A,23018_T|C,23019_T|C,23021_A|G,23039_C|G,23055_A|G,23063_A|T,23075_T|C,23222_G|A,23271_C|T,23277_C|T,23403_A|G,23423_C|T,23525_C|T,23599_T|G,23604_C|G,23854_C|A,23948_G|T,24378_C|T,24424_A|T,24469_T|A,24990_C|T,25000_C|T,25207_C|T,25584_C|T,26060_C|T,26270_C|T,26529_G|C,26577_C|G,26681_C|T,26709_G|A,26833_C|T,26858_C|T,27259_A|C,27382_G|C,27383_A|T,27384_T|C,27807_C|T,27810_T|C,28271_A|T,28297_T|C,28311_C|T,28881_G|A,28882_G|A,28883_G|C,28958_C|A,29409_C|T,29510_A|C,11288_11296,21633_21641,21765_21770,21992_21994,22194_22196,23009_23011,28362_28370,21608_.|TCATGCCGCTGT
USA/CA-CDPH-500147276/2025	XFG	241_C|T,670_T|G,897_C|A,1684_C|T,2790_C|T,3037_C|T,3431_G|T,3565_T|C,4184_G|A,4214_T|C,4321_C|T,5239_C|T,6183_A|G,7842_A|G,7869_C|T,8293_C|T,8350_T|C,8393_G|A,8818_C|T,9344_C|T,9424_A|G,9534_C|T,10029_C|T,10198_C|T,10447_G|A,10449_C|A,10868_C|T,11042_G|T,11727_G|A,12789_C|T,12815_C|T,12880_C|T,12892_G|A,13339_T|C,14408_C|T,15714_C|T,15756_T|A,16224_T|C,16600_T|C,17410_C|T,18163_A|G,18492_A|G,18894_C|T,19955_C|T,20055_A|G,20134_G|T,21618_C|T,21622_C|T,21624_G|C,21627_C|A,21653_T|C,21711_C|T,21736_C|T,21741_C|T,21941_G|T,21987_G|A,22032_T|C,22033_C|A,22034_A|G,22107_A|G,22132_G|T,22200_T|G,22208_C|T,22295_C|A,22353_C|A,22556_A|G,22577_G|C,22578_G|A,22599_G|C,22629_A|C,22674_C|T,22679_T|C,22686_C|T,22688_A|G,22770_G|A,22775_G|A,22786_A|C,22792_C|T,22813_G|T,22882_T|G,22893_A|G,22895_G|C,22896_T|G,22898_G|A,22910_A|G,22916_C|T,22917_T|G,22926_T|C,22928_T|C,22942_T|A,22992_G|A,22995_C|A,23005_T|A,23012_G|A,23018_T|C,23019_T|C,23021_A|G,23039_C|G,23055_A|G,23063_A|T,23075_T|C,23222_G|A,23271_C|T,23277_C|T,23403_A|G,23423_C|T,23525_C|T,23599_T|G,23604_C|G,23854_C|A,23948_G|T,24378_C|T,24424_A|T,24469_T|A,24990_C|T,25000_C|T,25207_C|T,25584_C|T,26060_C|T,26270_C|T,26529_G|C,26577_C|G,26681_C|T,26709_G|A,26833_C|T,26858_C|T,27147_G|T,27259_A|C,27382_G|C,27383_A|T,27384_T|C,27807_C|T,27810_T|C,28271_A|T,28297_T|C,28311_C|T,28881_G|A,28882_G|A,28883_G|C,28958_C|A,29409_C|T,29510_A|C,11288_11296,21633_21641,21765_21770,21992_21994,22194_22196,23009_23011,28362_28370,21608_.|TCATGCCGCTGT
USA/CA-GBW-GKISBBBE69940/2025	XFG	21_C|T,44_C|T,241_C|T,670_T|G,683_C|T,897_C|A,2003_C|T,2790_C|T,3037_C|T,3431_G|T,3565_T|C,4184_G|A,4214_T|C,4321_C|T,5239_C|T,6183_A|G,7842_A|G,7869_C|T,8293_C|T,8350_T|C,8393_G|A,8818_C|T,9344_C|T,9424_A|G,9534_C|T,10029_C|T,10198_C|T,10447_G|A,10449_C|A,11042_G|T,11727_G|A,12789_C|T,12815_C|T,12880_C|T,12892_G|A,13339_T|C,13427_G|A,14408_C|T,15714_C|T,15756_T|A,16457_C|T,16600_T|C,17410_C|T,18163_A|G,18492_A|G,18894_C|T,19955_C|T,20055_A|G,20178_C|T,21618_C|T,21622_C|T,21624_G|C,21627_C|A,21653_T|C,21711_C|T,21941_G|T,21987_G|A,22032_T|C,22033_C|A,22034_A|G,22107_A|G,22132_G|T,22200_T|G,22208_C|T,22295_C|A,22353_C|A,22556_A|G,22577_G|C,22578_G|A,22599_G|C,22629_A|C,22674_C|T,22679_T|C,22686_C|T,22688_A|G,22770_G|A,22775_G|A,22786_A|C,22792_C|T,22813_G|T,22882_T|G,22893_A|G,22895_G|C,22896_T|G,22898_G|A,22910_A|G,22916_C|T,22917_T|G,22926_T|C,22928_T|C,22942_T|A,22992_G|A,22995_C|A,23005_T|A,23012_G|A,23018_T|C,23019_T|C,23021_A|G,23039_C|G,23055_A|G,23063_A|T,23075_T|C,23222_G|A,23271_C|T,23277_C|T,23403_A|G,23423_C|T,23525_C|T,23599_T|G,23604_C|G,23854_C|A,24378_C|T,24424_A|T,24469_T|A,24990_C|T,25000_C|T,25207_C|T,25584_C|T,26060_C|T,26270_C|T,26529_G|C,26577_C|G,26610_A|G,26681_C|T,26709_G|A,26833_C|T,26858_C|T,27259_A|C,27382_G|C,27383_A|T,27384_T|C,27807_C|T,27810_T|C,28271_A|T,28297_T|C,28311_C|T,28881_G|A,28882_G|A,28883_G|C,28958_C|A,29409_C|T,29510_A|C,11288_11296,21633_21641,21765_21770,21992_21994,22194_22196,23009_23011,28362_28370,29734_29759,21608_.|TCATGCCGCTGT
USA/CA-GBW-GKISBBBG99019/2025	XFG	21_C|T,44_C|T,241_C|T,670_T|G,897_C|A,2790_C|T,3037_C|T,3431_G|T,3565_T|C,4184_G|A,4214_T|C,4321_C|T,5239_C|T,6183_A|G,7842_A|G,7869_C|T,8293_C|T,8350_T|C,8393_G|A,8818_C|T,9079_A|G,9344_C|T,9424_A|G,9534_C|T,10029_C|T,10039_C|T,10198_C|T,10447_G|A,10449_C|A,11042_G|T,11727_G|A,12789_C|T,12815_C|T,12880_C|T,12892_G|A,13339_T|C,13427_G|A,14408_C|T,15714_C|T,15756_T|A,16600_T|C,17410_C|T,18163_A|G,18492_A|G,18894_C|T,19955_C|T,20055_A|G,20178_C|T,21618_C|T,21622_C|T,21624_G|C,21627_C|A,21653_T|C,21711_C|T,21941_G|T,21987_G|A,22032_T|C,22033_C|A,22034_A|G,22107_A|G,22132_G|T,22200_T|G,22208_C|T,22295_C|A,22353_C|A,22556_A|G,22577_G|C,22578_G|A,22599_G|C,22629_A|C,22674_C|T,22679_T|C,22686_C|T,22688_A|G,22770_G|A,22775_G|A,22786_A|C,22792_C|T,22813_G|T,22882_T|G,22893_A|G,22895_G|C,22896_T|G,22898_G|A,22910_A|G,22916_C|T,22917_T|G,22926_T|C,22928_T|C,22942_T|A,22992_G|A,22995_C|A,23005_T|A,23012_G|A,23018_T|C,23019_T|C,23021_A|G,23039_C|G,23055_A|G,23063_A|T,23075_T|C,23222_G|A,23271_C|T,23277_C|T,23403_A|G,23423_C|T,23525_C|T,23599_T|G,23604_C|G,23854_C|A,24378_C|T,24424_A|T,24469_T|A,24990_C|T,25000_C|T,25207_C|T,25584_C|T,26060_C|T,26270_C|T,26529_G|C,26577_C|G,26610_A|G,26681_C|T,26709_G|A,26833_C|T,26858_C|T,27259_A|C,27382_G|C,27383_A|T,27384_T|C,27807_C|T,27810_T|C,28271_A|T,28297_T|C,28311_C|T,28881_G|A,28882_G|A,28883_G|C,28958_C|A,29409_C|T,29510_A|C,11288_11296,21633_21641,21765_21770,21992_21994,22194_22196,23009_23011,28362_28370,29734_29759,21608_.|TCATGCCGCTGT
USA/CA-LACPHL-AY11517/2025	XFG	21_C|T,44_C|T,241_C|T,670_T|G,897_C|A,2790_C|T,3037_C|T,3431_G|T,3565_T|C,4184_G|A,4214_T|C,4321_C|T,5239_C|T,6183_A|G,6543_C|T,7842_A|G,7869_C|T,8152_C|T,8293_C|T,8350_T|C,8393_G|A,8818_C|T,9344_C|T,9424_A|G,9534_C|T,10029_C|T,10039_C|T,10198_C|T,10447_G|A,10449_C|A,11042_G|T,11727_G|A,12789_C|T,12815_C|T,12880_C|T,12892_G|A,13339_T|C,14408_C|T,15714_C|T,15756_T|A,16600_T|C,17410_C|T,18163_A|G,18492_A|G,18894_C|T,19955_C|T,20055_A|G,20178_C|T,21618_C|T,21622_C|T,21624_G|C,21627_C|A,21653_T|C,21711_C|T,21941_G|T,21987_G|A,22032_T|C,22033_C|A,22034_A|G,22107_A|G,22132_G|T,22200_T|G,22208_C|T,22295_C|A,22353_C|A,22556_A|G,22577_G|C,22578_G|A,22599_G|C,22629_A|C,22674_C|T,22679_T|C,22686_C|T,22688_A|G,22775_G|A,22786_A|C,22792_C|T,22813_G|T,22882_T|G,22893_A|G,22895_G|C,22896_T|G,22898_G|A,22910_A|G,22916_C|T,22917_T|G,22926_T|C,22928_T|C,22942_T|A,22992_G|A,22995_C|A,23005_T|A,23012_G|A,23018_T|C,23019_T|C,23021_A|G,23039_C|G,23055_A|G,23063_A|T,23075_T|C,23222_G|A,23271_C|T,23277_C|T,23403_A|G,23423_C|T,23525_C|T,23599_T|G,23604_C|G,23854_C|A,23948_G|T,24378_C|T,24424_A|T,24469_T|A,24990_C|T,25000_C|T,25025_T|C,25207_C|T,25584_C|T,26060_C|T,26270_C|T,26529_G|C,26577_C|G,26610_A|G,26681_C|T,26709_G|A,26833_C|T,26858_C|T,27259_A|C,27382_G|C,27383_A|T,27384_T|C,27807_C|T,27810_T|C,28271_A|T,28297_T|C,28311_C|T,28881_G|A,28882_G|A,28883_G|C,28958_C|A,29409_C|T,29510_A|C,11288_11296,21633_21641,21765_21770,21992_21994,22194_22196,23009_23011,28362_28370,29734_29759,21607_.|GNNNNNNNNNNN
USA/CA-LACPHL-AY11806/2025	XFG	241_C|T,670_T|G,683_C|T,897_C|A,2790_C|T,3037_C|T,3431_G|T,3565_T|C,4184_G|A,4214_T|C,4321_C|T,5239_C|T,6183_A|G,7842_A|G,7869_C|T,8293_C|T,8350_T|C,8393_G|A,8818_C|T,9344_C|T,9424_A|G,9534_C|T,10029_C|T,10198_C|T,10447_G|A,10449_C|A,11042_G|T,11727_G|A,12789_C|T,12815_C|T,12880_C|T,12892_G|A,13339_T|C,14408_C|T,15714_C|T,15756_T|A,15789_G|A,16600_T|C,17410_C|T,18163_A|G,18492_A|G,18894_C|T,19955_C|T,20055_A|G,20178_C|T,21618_C|T,21622_C|T,21624_G|C,21627_C|A,21653_T|C,21711_C|T,21941_G|T,21987_G|A,22032_T|C,22033_C|A,22034_A|G,22107_A|G,22132_G|T,22200_T|G,22208_C|T,22295_C|A,22353_C|A,22556_A|G,22577_G|C,22578_G|A,22599_G|C,22629_A|C,22674_C|T,22679_T|C,22686_C|T,22688_A|G,22770_G|A,22775_G|A,22786_A|C,22792_C|T,22813_G|T,22882_T|G,22893_A|G,22895_G|C,22896_T|G,22898_G|A,22910_A|G,22916_C|T,22917_T|G,22926_T|C,22928_T|C,22942_T|A,22992_G|A,22995_C|A,23005_T|A,23012_G|A,23018_T|C,23019_T|C,23021_A|G,23039_C|G,23055_A|G,23063_A|T,23075_T|C,23222_G|A,23271_C|T,23277_C|T,23403_A|G,23423_C|T,23426_G|A,23525_C|T,23599_T|G,23604_C|G,23854_C|A,23948_G|T,24378_C|T,24424_A|T,24469_T|A,24990_C|T,25000_C|T,25207_C|T,25584_C|T,26060_C|T,26270_C|T,26529_G|C,26577_C|G,26610_A|G,26681_C|T,26709_G|A,26833_C|T,26858_C|T,27259_A|C,27382_G|C,27383_A|T,27384_T|C,27807_C|T,27810_T|C,28271_A|T,28297_T|C,28311_C|T,28881_G|A,28882_G|A,28883_G|C,28958_C|A,29409_C|T,29510_A|C,11288_11296,21633_21641,21765_21770,21992_21994,22194_22196,23009_23011,28362_28370,29734_29759
USA/CA-LACPHL-AY11999/2025	XFG	241_C|T,670_T|G,683_C|T,897_C|A,2790_C|T,3037_C|T,3431_G|T,3565_T|C,4184_G|A,4214_T|C,4321_C|T,5239_C|T,6183_A|G,7842_A|G,7869_C|T,8293_C|T,8350_T|C,8393_G|A,8818_C|T,9344_C|T,9424_A|G,9534_C|T,10029_C|T,10198_C|T,10447_G|A,10449_C|A,11042_G|T,11727_G|A,12789_C|T,12815_C|T,12880_C|T,12892_G|A,13339_T|C,14408_C|T,15714_C|T,15756_T|A,16362_C|T,16457_C|T,16600_T|C,17410_C|T,18163_A|G,18492_A|G,18894_C|T,19955_C|T,20055_A|G,20178_C|T,21618_C|T,21622_C|T,21624_G|C,21627_C|A,21653_T|C,21711_C|T,21941_G|T,21987_G|A,22032_T|C,22033_C|A,22034_A|G,22107_A|G,22132_G|T,22200_T|G,22208_C|T,22295_C|A,22353_C|A,22556_A|G,22577_G|C,22578_G|A,22599_G|C,22629_A|C,22674_C|T,22679_T|C,22686_C|T,22688_A|G,22770_G|A,22775_G|A,22786_A|C,22792_C|T,22813_G|T,22882_T|G,22893_A|G,22895_G|C,22896_T|G,22898_G|A,22910_A|G,22916_C|T,22917_T|G,22926_T|C,22928_T|C,22942_T|A,22992_G|A,22995_C|A,23005_T|A,23012_G|A,23018_T|C,23019_T|C,23021_A|G,23039_C|G,23055_A|G,23063_A|T,23075_T|C,23222_G|A,23271_C|T,23277_C|T,23403_A|G,23423_C|T,23525_C|T,23599_T|G,23604_C|G,23854_C|A,23948_G|T,24378_C|T,24424_A|T,24469_T|A,24990_C|T,25000_C|T,25207_C|T,25522_G|A,25584_C|T,26060_C|T,26270_C|T,26529_G|C,26577_C|G,26610_A|G,26681_C|T,26709_G|A,26833_C|T,26858_C|T,27259_A|C,27382_G|C,27383_A|T,27384_T|C,27807_C|T,27810_T|C,28271_A|T,28297_T|C,28311_C|T,28881_G|A,28882_G|A,28883_G|C,28958_C|A,29409_C|T,29510_A|C,11288_11296,21633_21641,21765_21770,21992_21994,22194_22196,23009_23011,28362_28370,29734_29759,21607_.|GNNNNNNNNNNN
USA/CA-LACPHL-AY12074/2025	XFG	241_C|T,670_T|G,683_C|T,897_C|A,2790_C|T,3037_C|T,3431_G|T,3565_T|C,4184_G|A,4214_T|C,4321_C|T,5239_C|T,6183_A|G,7842_A|G,7869_C|T,8293_C|T,8350_T|C,8393_G|A,8818_C|T,9344_C|T,9424_A|G,9534_C|T,10029_C|T,10198_C|T,10447_G|A,10449_C|A,11042_G|T,11727_G|A,12789_C|T,12815_C|T,12880_C|T,12892_G|A,13339_T|C,14408_C|T,14820_A|T,15714_C|T,15756_T|A,16600_T|C,16887_C|T,17410_C|T,17913_C|T,18163_A|G,18492_A|G,18894_C|T,19955_C|T,20055_A|G,20178_C|T,21618_C|T,21622_C|T,21624_G|C,21627_C|A,21653_T|C,21711_C|T,21941_G|T,21987_G|A,22032_T|C,22033_C|A,22034_A|G,22107_A|G,22132_G|T,22200_T|G,22208_C|T,22295_C|A,22353_C|A,22556_A|G,22577_G|C,22578_G|A,22599_G|C,22629_A|C,22674_C|T,22679_T|C,22686_C|T,22688_A|G,22770_G|A,22775_G|A,22786_A|C,22792_C|T,22813_G|T,22882_T|G,22893_A|G,22895_G|C,22896_T|G,22898_G|A,22910_A|G,22916_C|T,22917_T|G,22926_T|C,22928_T|C,22942_T|A,22992_G|A,22995_C|A,23005_T|A,23012_G|A,23018_T|C,23019_T|C,23021_A|G,23039_C|G,23055_A|G,23063_A|T,23075_T|C,23222_G|A,23271_C|T,23277_C|T,23403_A|G,23423_C|T,23525_C|T,23599_T|G,23604_C|G,23854_C|A,23948_G|T,24378_C|T,24424_A|T,24469_T|A,24990_C|T,25000_C|T,25207_C|T,25469_C|T,25584_C|T,26060_C|T,26270_C|T,26529_G|C,26577_C|G,26610_A|G,26681_C|T,26709_G|A,26833_C|T,26858_C|T,27259_A|C,27382_G|C,27383_A|T,27384_T|C,27807_C|T,27810_T|C,28271_A|T,28297_T|C,28311_C|T,28881_G|A,28882_G|A,28883_G|C,28958_C|A,29409_C|T,29510_A|C,29762_C|T,11288_11296,21633_21641,21765_21770,21992_21994,22194_22196,23009_23011,28362_28370,29734_29759,21607_.|GNNNNNNNNNNN
USA/CA-LACPHL-AY12082/2025	XFG	241_C|T,670_T|G,897_C|A,2790_C|T,3037_C|T,3431_G|T,3565_T|C,4184_G|A,4214_T|C,4321_C|T,5239_C|T,5622_C|T,6183_A|G,7842_A|G,7869_C|T,8293_C|T,8350_T|C,8393_G|A,8818_C|T,9344_C|T,9424_A|G,9534_C|T,10029_C|T,10198_C|T,10447_G|A,10449_C|A,11042_G|T,11727_G|A,12789_C|T,12815_C|T,12880_C|T,12892_G|A,13339_T|C,14408_C|T,15714_C|T,15756_T|A,16600_T|C,17410_C|T,17678_C|T,18163_A|G,18492_A|G,18894_C|T,19955_C|T,20055_A|G,20129_A|G,20178_C|T,21618_C|T,21622_C|T,21624_G|C,21627_C|A,21653_T|C,21711_C|T,21941_G|T,21987_G|A,22032_T|C,22033_C|A,22034_A|G,22107_A|G,22132_G|T,22200_T|G,22208_C|T,22295_C|A,22353_C|A,22556_A|G,22577_G|C,22578_G|A,22599_G|C,22629_A|C,22674_C|T,22679_T|C,22686_C|T,22688_A|G,22770_G|A,22775_G|A,22786_A|C,22792_C|T,22813_G|T,22882_T|G,22893_A|G,22895_G|C,22896_T|G,22898_G|A,22910_A|G,22916_C|T,22917_T|G,22926_T|C,22928_T|C,22942_T|A,22992_G|A,22995_C|A,23005_T|A,23012_G|A,23018_T|C,23019_T|C,23021_A|G,23039_C|G,23055_A|G,23063_A|T,23075_T|C,23222_G|A,23271_C|T,23277_C|T,23403_A|G,23423_C|T,23525_C|T,23599_T|G,23604_C|G,23854_C|A,23948_G|T,24378_C|T,24424_A|T,24469_T|A,24990_C|T,25000_C|T,25207_C|T,25584_C|T,26060_C|T,26270_C|T,26529_G|C,26577_C|G,26610_A|G,26681_C|T,26709_G|A,26833_C|T,26858_C|T,27259_A|C,27382_G|C,27383_A|T,27384_T|C,27807_C|T,27810_T|C,28271_A|T,28297_T|C,28311_C|T,28881_G|A,28882_G|A,28883_G|C,28958_C|A,29243_G|A,29409_C|T,29510_A|C,11288_11296,21633_21641,21765_21770,21992_21994,22194_22196,23009_23011,28362_28370,29734_29759,21607_.|GNNNNNNNNNNN
USA/CA-LACPHL-AY12148/2025	XFG	241_C|T,670_T|G,897_C|A,2790_C|T,3037_C|T,3431_G|T,3565_T|C,4184_G|A,4214_T|C,4321_C|T,5239_C|T,5622_C|T,6183_A|G,7842_A|G,7869_C|T,8293_C|T,8350_T|C,8393_G|A,8818_C|T,9344_C|T,9424_A|G,9534_C|T,10029_C|T,10198_C|T,10447_G|A,10449_C|A,11042_G|T,11727_G|A,12789_C|T,12815_C|T,12880_C|T,12892_G|A,13339_T|C,14408_C|T,15714_C|T,15756_T|A,16600_T|C,17410_C|T,17678_C|T,18163_A|G,18492_A|G,18894_C|T,19955_C|T,20055_A|G,20129_A|G,20178_C|T,21618_C|T,21622_C|T,21624_G|C,21627_C|A,21653_T|C,21711_C|T,21941_G|T,21987_G|A,22032_T|C,22033_C|A,22034_A|G,22107_A|G,22132_G|T,22200_T|G,22208_C|T,22295_C|A,22353_C|A,22556_A|G,22577_G|C,22578_G|A,22599_G|C,22629_A|C,22674_C|T,22679_T|C,22686_C|T,22688_A|G,22770_G|A,22775_G|A,22786_A|C,22792_C|T,22813_G|T,22882_T|G,22893_A|G,22895_G|C,22896_T|G,22898_G|A,22910_A|G,22916_C|T,22917_T|G,22926_T|C,22928_T|C,22942_T|A,22992_G|A,22995_C|A,23005_T|A,23012_G|A,23018_T|C,23019_T|C,23021_A|G,23039_C|G,23055_A|G,23063_A|T,23075_T|C,23222_G|A,23271_C|T,23277_C|T,23403_A|G,23423_C|T,23525_C|T,23599_T|G,23604_C|G,23854_C|A,23948_G|T,24378_C|T,24424_A|T,24469_T|A,24990_C|T,25000_C|T,25207_C|T,25584_C|T,26060_C|T,26270_C|T,26529_G|C,26577_C|G,26610_A|G,26681_C|T,26709_G|A,26833_C|T,26858_C|T,27259_A|C,27382_G|C,27383_A|T,27384_T|C,27807_C|T,27810_T|C,28271_A|T,28297_T|C,28311_C|T,28881_G|A,28882_G|A,28883_G|C,28958_C|A,29409_C|T,29510_A|C,11288_11296,21633_21641,21765_21770,21992_21994,22194_22196,23009_23011,28362_28370,29734_29759
USA/CA-LACPHL-AY12153/2025	XFG	241_C|T,670_T|G,897_C|A,2790_C|T,3037_C|T,3172_T|C,3431_G|T,3565_T|C,4184_G|A,4214_T|C,4321_C|T,5239_C|T,6183_A|G,7842_A|G,7869_C|T,8293_C|T,8350_T|C,8393_G|A,8818_C|T,9344_C|T,9424_A|G,9534_C|T,10029_C|T,10198_C|T,10447_G|A,10449_C|A,11042_G|T,11727_G|A,12534_C|T,12788_A|G,12789_C|T,12815_C|T,12880_C|T,12892_G|A,13339_T|C,14408_C|T,15714_C|T,15756_T|A,16600_T|C,17410_C|T,18163_A|G,18492_A|G,18894_C|T,19518_G|T,19955_C|T,20055_A|G,20178_C|T,21618_C|T,21622_C|T,21624_G|C,21627_C|A,21653_T|C,21711_C|T,21762_C|T,21941_G|T,21987_G|A,22032_T|C,22033_C|A,22034_A|G,22107_A|G,22132_G|T,22200_T|G,22208_C|T,22295_C|A,22353_C|A,22556_A|G,22577_G|C,22578_G|A,22599_G|C,22629_A|C,22674_C|T,22679_T|C,22686_C|T,22688_A|G,22770_G|A,22775_G|A,22786_A|C,22792_C|T,22813_G|T,22882_T|G,22893_A|G,22895_G|C,22896_T|G,22898_G|A,22910_A|G,22916_C|T,22917_T|G,22926_T|C,22928_T|C,22942_T|A,22992_G|A,22995_C|A,23005_T|A,23012_G|A,23018_T|C,23019_T|C,23021_A|G,23039_C|G,23055_A|G,23063_A|T,23075_T|C,23222_G|A,23271_C|T,23277_C|T,23403_A|G,23423_C|T,23525_C|T,23599_T|G,23604_C|G,23854_C|A,23948_G|T,24378_C|T,24424_A|T,24469_T|A,24990_C|T,25000_C|T,25207_C|T,25584_C|T,26060_C|T,26270_C|T,26529_G|C,26577_C|G,26610_A|G,26681_C|T,26709_G|A,26833_C|T,26858_C|T,27259_A|C,27382_G|C,27383_A|T,27384_T|C,27807_C|T,27810_T|C,28271_A|T,28297_T|C,28311_C|T,28881_G|A,28882_G|A,28883_G|C,28958_C|A,29409_C|T,29510_A|C,29828_G|A,11288_11296,21633_21641,21765_21770,21992_21994,22194_22196,23009_23011,28362_28370,29734_29759,21607_.|GNNNNNNNNNNN
USA/CA-LACPHL-AY12220/2025	XFG	241_C|T,670_T|G,897_C|A,2790_C|T,3037_C|T,3431_G|T,3565_T|C,4184_G|A,4214_T|C,4321_C|T,5239_C|T,6183_A|G,7760_G|A,7842_A|G,7869_C|T,8293_C|T,8350_T|C,8393_G|A,8818_C|T,9344_C|T,9424_A|G,9534_C|T,10029_C|T,10198_C|T,10447_G|A,10449_C|A,11042_G|T,11727_G|A,12789_C|T,12815_C|T,12865_T|C,12880_C|T,12892_G|A,13339_T|C,14408_C|T,15714_C|T,15756_T|A,16600_T|C,17410_C|T,18163_A|G,18492_A|G,18894_C|T,19955_C|T,20055_A|G,20178_C|T,21618_C|T,21622_C|T,21624_G|C,21627_C|A,21653_T|C,21711_C|T,21941_G|T,21987_G|A,22032_T|C,22033_C|A,22034_A|G,22107_A|G,22132_G|T,22200_T|G,22208_C|T,22295_C|A,22353_C|A,22556_A|G,22577_G|C,22578_G|A,22599_G|C,22629_A|C,22674_C|T,22679_T|C,22686_C|T,22688_A|G,22770_G|A,22775_G|A,22786_A|C,22792_C|T,22813_G|T,22882_T|G,22893_A|G,22895_G|C,22896_T|G,22898_G|A,22910_A|G,22916_C|T,22917_T|G,22926_T|C,22928_T|C,22942_T|A,22992_G|A,22995_C|A,23005_T|A,23012_G|A,23018_T|C,23019_T|C,23021_A|G,23039_C|G,23055_A|G,23063_A|T,23075_T|C,23222_G|A,23271_C|T,23277_C|T,23403_A|G,23423_C|T,23525_C|T,23599_T|G,23604_C|G,23854_C|A,23948_G|T,24378_C|T,24424_A|T,24469_T|A,24990_C|T,25000_C|T,25207_C|T,25584_C|T,26060_C|T,26270_C|T,26529_G|C,26577_C|G,26610_A|G,26681_C|T,26709_G|A,26833_C|T,26858_C|T,27259_A|C,27382_G|C,27383_A|T,27384_T|C,27807_C|T,27810_T|C,28271_A|T,28297_T|C,28311_C|T,28881_G|A,28882_G|A,28883_G|C,28958_C|A,29409_C|T,29510_A|C,11288_11296,21633_21641,21765_21770,21992_21994,22194_22196,23009_23011,28362_28370,29734_29759
USA/CA-LACPHL-AY12248/2025	XFG	241_C|T,670_T|G,683_C|T,897_C|A,2790_C|T,3037_C|T,3431_G|T,3565_T|C,4184_G|A,4214_T|C,4321_C|T,5239_C|T,6183_A|G,7842_A|G,7869_C|T,8293_C|T,8350_T|C,8393_G|A,8818_C|T,9344_C|T,9424_A|G,9534_C|T,10029_C|T,10198_C|T,10447_G|A,10449_C|A,11042_G|T,11727_G|A,12789_C|T,12815_C|T,12880_C|T,12892_G|A,13339_T|C,13994_C|T,14408_C|T,15714_C|T,15756_T|A,16457_C|T,16600_T|C,17410_C|T,18163_A|G,18492_A|G,18894_C|T,19955_C|T,20055_A|G,20178_C|T,21618_C|T,21622_C|T,21624_G|C,21627_C|A,21653_T|C,21711_C|T,21941_G|T,21987_G|A,22032_T|C,22033_C|A,22034_A|G,22107_A|G,22132_G|T,22200_T|G,22208_C|T,22295_C|A,22353_C|A,22556_A|G,22577_G|C,22578_G|A,22599_G|C,22629_A|C,22674_C|T,22679_T|C,22686_C|T,22688_A|G,22770_G|A,22775_G|A,22786_A|C,22792_C|T,22813_G|T,22882_T|G,22893_A|G,22895_G|C,22896_T|G,22898_G|A,22910_A|G,22916_C|T,22917_T|G,22926_T|C,22928_T|C,22942_T|A,22992_G|A,22995_C|A,23005_T|A,23012_G|A,23018_T|C,23019_T|C,23039_C|G,23055_A|G,23063_A|T,23075_T|C,23222_G|A,23271_C|T,23277_C|T,23403_A|G,23423_C|T,23525_C|T,23599_T|G,23604_C|G,23854_C|A,23948_G|T,24378_C|T,24424_A|T,24469_T|A,24904_C|T,24990_C|T,25000_C|T,25207_C|T,25584_C|T,26060_C|T,26270_C|T,26529_G|C,26577_C|G,26610_A|G,26681_C|T,26709_G|A,26833_C|T,26858_C|T,27259_A|C,27382_G|C,27383_A|T,27384_T|C,27807_C|T,27810_T|C,28271_A|T,28297_T|C,28311_C|T,28881_G|A,28882_G|A,28883_G|C,28958_C|A,29409_C|T,29510_A|C,11288_11296,21633_21641,21765_21770,21992_21994,22194_22196,23009_23011,28362_28370,29734_29759
USA/CA-LACPHL-AY12256/2025	XFG	241_C|T,670_T|G,683_C|T,897_C|A,2790_C|T,3037_C|T,3431_G|T,3565_T|C,4184_G|A,4214_T|C,4321_C|T,5239_C|T,6183_A|G,7842_A|G,7869_C|T,8293_C|T,8350_T|C,8393_G|A,8818_C|T,9344_C|T,9370_T|C,9424_A|G,9534_C|T,10029_C|T,10198_C|T,10447_G|A,10449_C|A,11042_G|T,11727_G|A,12789_C|T,12815_C|T,12880_C|T,12892_G|A,13339_T|C,14407_C|T,14408_C|T,15714_C|T,15756_T|A,16600_T|C,16887_C|T,17410_C|T,18163_A|G,18492_A|G,18894_C|T,19955_C|T,20055_A|G,20178_C|T,21618_C|T,21622_C|T,21624_G|C,21627_C|A,21653_T|C,21711_C|T,21941_G|T,21987_G|A,22032_T|C,22033_C|A,22034_A|G,22107_A|G,22132_G|T,22200_T|G,22208_C|T,22295_C|A,22353_C|A,22556_A|G,22577_G|C,22578_G|A,22599_G|C,22629_A|C,22674_C|T,22679_T|C,22686_C|T,22688_A|G,22770_G|A,22775_G|A,22786_A|C,22792_C|T,22813_G|T,22882_T|G,22893_A|G,22895_G|C,22896_T|G,22898_G|A,22910_A|G,22916_C|T,22917_T|G,22926_T|C,22928_T|C,22942_T|A,22992_G|A,22995_C|A,23005_T|A,23012_G|A,23018_T|C,23019_T|C,23021_A|G,23039_C|G,23055_A|G,23063_A|T,23075_T|C,23222_G|A,23271_C|T,23277_C|T,23403_A|G,23423_C|T,23525_C|T,23599_T|G,23604_C|G,23854_C|A,23948_G|T,24378_C|T,24424_A|T,24469_T|A,24990_C|T,25000_C|T,25207_C|T,25584_C|T,26060_C|T,26270_C|T,26529_G|C,26577_C|G,26610_A|G,26681_C|T,26709_G|A,26833_C|T,26858_C|T,27259_A|C,27382_G|C,27383_A|T,27384_T|C,27807_C|T,27810_T|C,28271_A|T,28297_T|C,28311_C|T,28881_G|A,28882_G|A,28883_G|C,28958_C|A,29409_C|T,29510_A|C,29762_C|T,11288_11296,21633_21641,21765_21770,21992_21994,22194_22196,23009_23011,28362_28370,29734_29759
USA/CT-DPH-1292714001/2025	XFG	241_C|T,670_T|G,897_C|A,2790_C|T,3037_C|T,3431_G|T,3565_T|C,4184_G|A,4214_T|C,4321_C|T,5239_C|T,6183_A|G,7842_A|G,7869_C|T,8293_C|T,8350_T|C,8393_G|A,8818_C|T,9344_C|T,9424_A|G,9534_C|T,10029_C|T,10198_C|T,10447_G|A,10449_C|A,11042_G|T,11727_G|A,12238_T|C,12789_C|T,12815_C|T,12880_C|T,12892_G|A,13339_T|C,14408_C|T,15714_C|T,15756_T|A,16600_T|C,17410_C|T,18163_A|G,18492_A|G,18894_C|T,19955_C|T,20055_A|G,20178_C|T,20270_C|T,21618_C|T,21622_C|T,21624_G|C,21627_C|A,21653_T|C,21711_C|T,21941_G|T,21987_G|A,22032_T|C,22033_C|A,22034_A|G,22107_A|G,22132_G|T,22200_T|G,22208_C|T,22295_C|A,22353_C|A,22556_A|G,22577_G|C,22578_G|A,22599_G|C,22629_A|C,22674_C|T,22679_T|C,22686_C|T,22688_A|G,22770_G|A,22775_G|A,22786_A|C,22792_C|T,22813_G|T,22882_T|G,22893_A|G,22895_G|C,22896_T|G,22898_G|A,22910_A|G,22916_C|T,22917_T|G,22926_T|C,22928_T|C,22942_T|A,22992_G|A,22995_C|A,23005_T|A,23012_G|A,23018_T|C,23019_T|C,23021_A|G,23039_C|G,23055_A|G,23063_A|T,23075_T|C,23222_G|A,23271_C|T,23277_C|T,23403_A|G,23423_C|T,23525_C|T,23599_T|G,23604_C|G,23854_C|A,23948_G|T,24378_C|T,24424_A|T,24469_T|A,24990_C|T,25000_C|T,25207_C|T,25584_C|T,25605_A|T,26060_C|T,26270_C|T,26529_G|C,26577_C|G,26610_A|G,26681_C|T,26709_G|A,26833_C|T,26858_C|T,27259_A|C,27382_G|C,27383_A|T,27384_T|C,27807_C|T,27810_T|C,28271_A|T,28297_T|C,28311_C|T,28467_A|T,28881_G|A,28882_G|A,28883_G|C,28958_C|A,29409_C|T,29482_C|T,29510_A|C,11288_11296,21633_21641,21765_21770,21992_21994,22194_22196,23009_23011,28362_28370,21608_.|TCATGCCGCTGT
USA/FL-GBW-GKISBBBF15901/2025	XFG	21_C|T,44_C|T,241_C|T,670_T|G,683_C|T,897_C|A,1420_C|T,2790_C|T,3037_C|T,3431_G|T,3565_T|C,4184_G|A,4214_T|C,4321_C|T,5239_C|T,6183_A|G,7842_A|G,7869_C|T,8293_C|T,8350_T|C,8393_G|A,8818_C|T,9344_C|T,9424_A|G,9534_C|T,10029_C|T,10198_C|T,10447_G|A,10449_C|A,11042_G|T,11727_G|A,12789_C|T,12815_C|T,12880_C|T,12892_G|A,13339_T|C,13427_G|A,14408_C|T,15714_C|T,15756_T|A,16457_C|T,16600_T|C,17410_C|T,18163_A|G,18492_A|G,18894_C|T,19955_C|T,20055_A|G,20178_C|T,21618_C|T,21622_C|T,21624_G|C,21627_C|A,21653_T|C,21711_C|T,21859_C|T,21941_G|T,21987_G|A,22032_T|C,22033_C|A,22034_A|G,22107_A|G,22132_G|T,22200_T|G,22208_C|T,22295_C|A,22353_C|A,22556_A|G,22577_G|C,22578_G|A,22599_G|C,22629_A|C,22674_C|T,22679_T|C,22686_C|T,22688_A|G,22770_G|A,22775_G|A,22786_A|C,22792_C|T,22813_G|T,22882_T|G,22893_A|G,22895_G|C,22896_T|G,22898_G|A,22910_A|G,22916_C|T,22917_T|G,22926_T|C,22928_T|C,22942_T|A,22992_G|A,22995_C|A,23005_T|A,23012_G|A,23018_T|C,23019_T|C,23021_A|G,23039_C|G,23055_A|G,23063_A|T,23075_T|C,23222_G|A,23271_C|T,23277_C|T,23403_A|G,23423_C|T,23525_C|T,23599_T|G,23604_C|G,23854_C|A,23948_G|T,24378_C|T,24424_A|T,24469_T|A,24990_C|T,25000_C|T,25207_C|T,25584_C|T,26060_C|T,26270_C|T,26529_G|C,26542_C|T,26577_C|G,26610_A|G,26681_C|T,26709_G|A,26833_C|T,26858_C|T,27259_A|C,27382_G|C,27383_A|T,27384_T|C,27807_C|T,27810_T|C,28271_A|T,28297_T|C,28311_C|T,28881_G|A,28882_G|A,28883_G|C,28958_C|A,29409_C|T,29510_A|C,11288_11296,21633_21641,21765_21770,21992_21994,22194_22196,23009_23011,28362_28370,21608_.|TCATGCCGCTGT
USA/MN-MDH-47287/2025	XFG	241_C|T,670_T|G,897_C|A,2790_C|T,3037_C|T,3431_G|T,3565_T|C,4184_G|A,4214_T|C,4321_C|T,5239_C|T,6183_A|G,6616_A|G,7842_A|G,7869_C|T,8293_C|T,8350_T|C,8393_G|A,8818_C|T,9344_C|T,9424_A|G,9534_C|T,10029_C|T,10198_C|T,10447_G|A,10449_C|A,11042_G|T,11727_G|A,12789_C|T,12815_C|T,12880_C|T,12892_G|A,13339_T|C,14408_C|T,15714_C|T,15756_T|A,16600_T|C,17410_C|T,17825_C|T,18163_A|G,18492_A|G,18894_C|T,19955_C|T,20055_A|G,20178_C|T,21618_C|T,21622_C|T,21624_G|C,21627_C|A,21653_T|C,21711_C|T,21941_G|T,21987_G|A,22032_T|C,22033_C|A,22034_A|G,22107_A|G,22132_G|T,22200_T|G,22208_C|T,22295_C|A,22353_C|A,22556_A|G,22577_G|C,22578_G|A,22599_G|C,22629_A|C,22674_C|T,22679_T|C,22686_C|T,22688_A|G,22770_G|A,22775_G|A,22786_A|C,22792_C|T,22813_G|T,22882_T|G,22893_A|G,22895_G|C,22896_T|G,22898_G|A,22910_A|G,22916_C|T,22917_T|G,22926_T|C,22928_T|C,22942_T|A,22992_G|A,22995_C|A,23005_T|A,23012_G|A,23018_T|C,23019_T|C,23021_A|G,23039_C|G,23055_A|G,23063_A|T,23075_T|C,23222_G|A,23271_C|T,23277_C|T,23403_A|G,23423_C|T,23525_C|T,23599_T|G,23604_C|G,23854_C|A,23948_G|T,24378_C|T,24424_A|T,24469_T|A,24990_C|T,25000_C|T,25207_C|T,25584_C|T,26060_C|T,26270_C|T,26529_G|C,26577_C|G,26610_A|G,26681_C|T,26709_G|A,26833_C|T,26858_C|T,27259_A|C,27346_T|C,27382_G|C,27383_A|T,27384_T|C,27807_C|T,27810_T|C,28271_A|T,28297_T|C,28311_C|T,28881_G|A,28882_G|A,28883_G|C,28958_C|A,29409_C|T,29510_A|C,11288_11296,21633_21641,21765_21770,21992_21994,22194_22196,23009_23011,28362_28370,29734_29759,21608_.|TCATGCCGCTGT
USA/MN-MDH-47292/2025	XFG	241_C|T,670_T|G,897_C|A,2790_C|T,3037_C|T,3172_T|C,3431_G|T,3565_T|C,4184_G|A,4214_T|C,4321_C|T,5239_C|T,6183_A|G,7842_A|G,7869_C|T,8293_C|T,8350_T|C,8393_G|A,8818_C|T,9344_C|T,9424_A|G,9534_C|T,10029_C|T,10198_C|T,10447_G|A,10449_C|A,11042_G|T,11727_G|A,12534_C|T,12788_A|G,12789_C|T,12815_C|T,12880_C|T,12892_G|A,13339_T|C,14408_C|T,14425_C|A,15714_C|T,15756_T|A,16600_T|C,17410_C|T,18163_A|G,18492_A|G,18894_C|T,19518_G|T,19955_C|T,20055_A|G,20178_C|T,21618_C|T,21622_C|T,21624_G|C,21627_C|A,21653_T|C,21711_C|T,21762_C|T,21941_G|T,21987_G|A,22032_T|C,22033_C|A,22034_A|G,22107_A|G,22132_G|T,22200_T|G,22208_C|T,22295_C|A,22353_C|A,22556_A|G,22577_G|C,22578_G|A,22599_G|C,22629_A|C,22674_C|T,22679_T|C,22686_C|T,22688_A|G,22770_G|A,22775_G|A,22786_A|C,22792_C|T,22813_G|T,22882_T|G,22893_A|G,22895_G|C,22896_T|G,22898_G|A,22910_A|G,22916_C|T,22917_T|G,22926_T|C,22928_T|C,22942_T|A,22992_G|A,22995_C|A,23005_T|A,23012_G|A,23018_T|C,23019_T|C,23021_A|G,23039_C|G,23055_A|G,23063_A|T,23075_T|C,23222_G|A,23271_C|T,23277_C|T,23403_A|G,23423_C|T,23525_C|T,23599_T|G,23604_C|G,23854_C|A,23948_G|T,24378_C|T,24424_A|T,24469_T|A,24990_C|T,25000_C|T,25207_C|T,25584_C|T,26060_C|T,26270_C|T,26529_G|C,26577_C|G,26610_A|G,26681_C|T,26709_G|A,26833_C|T,26858_C|T,27259_A|C,27382_G|C,27383_A|T,27384_T|C,27807_C|T,27810_T|C,28271_A|T,28297_T|C,28311_C|T,28881_G|A,28882_G|A,28883_G|C,28958_C|A,29409_C|T,29510_A|C,11288_11296,21633_21641,21765_21770,21992_21994,22194_22196,23009_23011,28362_28370,29734_29759,21608_.|TCATGCCGCTGT
USA/MN-MDH-47343/2025	XFG	241_C|T,670_T|G,897_C|A,1784_G|A,2790_C|T,3037_C|T,3431_G|T,3565_T|C,4184_G|A,4214_T|C,4321_C|T,4354_G|A,5239_C|T,6183_A|G,7842_A|G,7869_C|T,8293_C|T,8350_T|C,8393_G|A,8818_C|T,9344_C|T,9424_A|G,9534_C|T,10029_C|T,10198_C|T,10447_G|A,10449_C|A,11042_G|T,11727_G|A,12789_C|T,12815_C|T,12880_C|T,12892_G|A,13339_T|C,14408_C|T,15714_C|T,15756_T|A,16600_T|C,17410_C|T,18163_A|G,18492_A|G,18894_C|T,19955_C|T,20055_A|G,21618_C|T,21622_C|T,21624_G|C,21627_C|A,21653_T|C,21711_C|T,21941_G|T,21987_G|A,22032_T|C,22033_C|A,22034_A|G,22107_A|G,22132_G|T,22200_T|G,22208_C|T,22295_C|A,22353_C|A,22556_A|G,22577_G|C,22578_G|A,22599_G|C,22629_A|C,22674_C|T,22679_T|C,22686_C|T,22688_A|G,22770_G|A,22775_G|A,22786_A|C,22792_C|T,22813_G|T,22882_T|G,22893_A|G,22895_G|C,22896_T|G,22898_G|A,22910_A|G,22916_C|T,22917_T|G,22926_T|C,22928_T|C,22942_T|A,22992_G|A,22995_C|A,23005_T|A,23012_G|A,23018_T|C,23019_T|C,23021_A|G,23039_C|G,23055_A|G,23063_A|T,23075_T|C,23222_G|A,23271_C|T,23277_C|T,23403_A|G,23423_C|T,23525_C|T,23599_T|G,23604_C|G,23854_C|A,23948_G|T,24378_C|T,24424_A|T,24469_T|A,24990_C|T,25000_C|T,25207_C|T,25584_C|T,26060_C|T,26270_C|T,26529_G|C,26577_C|G,26610_A|G,26681_C|T,26709_G|A,26833_C|T,26858_C|T,27259_A|C,27382_G|C,27383_A|T,27384_T|C,27807_C|T,27810_T|C,28271_A|T,28297_T|C,28311_C|T,28372_T|C,28881_G|A,28882_G|A,28883_G|C,28958_C|A,29409_C|T,29510_A|C,11288_11296,21633_21641,21765_21770,21992_21994,22194_22196,23009_23011,28362_28370,29734_29759,21608_.|TCATGCCGCTGT
USA/NJ-GBW-GKISBBBF09443/2025	XFG	20_C|T,21_C|T,44_C|T,241_C|T,670_T|G,897_C|A,1784_G|A,2790_C|T,3037_C|T,3431_G|T,3565_T|C,4184_G|A,4214_T|C,4321_C|T,4354_G|A,5239_C|T,6183_A|G,7842_A|G,7869_C|T,8293_C|T,8350_T|C,8393_G|A,8818_C|T,9344_C|T,9424_A|G,9534_C|T,10029_C|T,10198_C|T,10447_G|A,10449_C|A,11042_G|T,11727_G|A,12789_C|T,12815_C|T,12880_C|T,12892_G|A,13339_T|C,13427_G|A,14408_C|T,15714_C|T,15756_T|A,16600_T|C,17410_C|T,18163_A|G,18492_A|G,18894_C|T,19955_C|T,20055_A|G,20628_C|T,21618_C|T,21622_C|T,21624_G|C,21627_C|A,21653_T|C,21711_C|T,21941_G|T,21987_G|A,22032_T|C,22033_C|A,22034_A|G,22107_A|G,22132_G|T,22200_T|G,22208_C|T,22295_C|A,22353_C|A,22556_A|G,22577_G|C,22578_G|A,22599_G|C,22629_A|C,22674_C|T,22679_T|C,22686_C|T,22688_A|G,22770_G|A,22775_G|A,22786_A|C,22792_C|T,22813_G|T,22882_T|G,22893_A|G,22895_G|C,22896_T|G,22898_G|A,22910_A|G,22916_C|T,22917_T|G,22926_T|C,22928_T|C,22942_T|A,22992_G|A,22995_C|A,23005_T|A,23012_G|A,23018_T|C,23019_T|C,23021_A|G,23039_C|G,23055_A|G,23063_A|T,23075_T|C,23222_G|A,23271_C|T,23277_C|T,23403_A|G,23423_C|T,23525_C|T,23599_T|G,23604_C|G,23854_C|A,23948_G|T,24378_C|T,24424_A|T,24469_T|A,24990_C|T,25000_C|T,25207_C|T,25584_C|T,26060_C|T,26270_C|T,26529_G|C,26577_C|G,26610_A|G,26681_C|T,26709_G|A,26833_C|T,26858_C|T,27259_A|C,27382_G|C,27383_A|T,27384_T|C,27807_C|T,27810_T|C,28271_A|T,28297_T|C,28311_C|T,28372_T|C,28675_A|G,28881_G|A,28882_G|A,28883_G|C,28958_C|A,29409_C|T,29510_A|C,11288_11296,21633_21641,21765_21770,21992_21994,22194_22196,23009_23011,28362_28370,29734_29759,21608_.|TCATGCCGCTGT
USA/NJ-GBW-GKISBBBF09721/2025	XFG	21_C|T,44_C|T,241_C|T,670_T|G,683_C|T,897_C|A,2790_C|T,3037_C|T,3431_G|T,3565_T|C,4184_G|A,4214_T|C,4321_C|T,5239_C|T,6183_A|G,7842_A|G,7869_C|T,8293_C|T,8350_T|C,8393_G|A,8818_C|T,9344_C|T,9424_A|G,9534_C|T,10029_C|T,10198_C|T,10447_G|A,10449_C|A,11042_G|T,11727_G|A,12789_C|T,12815_C|T,12880_C|T,12892_G|A,13339_T|C,13427_G|A,14408_C|T,15714_C|T,15756_T|A,16457_C|T,16600_T|C,17410_C|T,18163_A|G,18492_A|G,18894_C|T,19955_C|T,20055_A|G,20178_C|T,21618_C|T,21622_C|T,21624_G|C,21627_C|A,21653_T|C,21707_C|T,21711_C|T,21941_G|T,21987_G|A,22032_T|C,22033_C|A,22034_A|G,22107_A|G,22132_G|T,22200_T|G,22208_C|T,22295_C|A,22353_C|A,22556_A|G,22577_G|C,22578_G|A,22599_G|C,22629_A|C,22674_C|T,22679_T|C,22686_C|T,22688_A|G,22770_G|A,22775_G|A,22786_A|C,22792_C|T,22813_G|T,22882_T|G,22893_A|G,22895_G|C,22896_T|G,22898_G|A,22910_A|G,22916_C|T,22917_T|G,22926_T|C,22928_T|C,22942_T|A,22992_G|A,22995_C|A,23005_T|A,23012_G|A,23018_T|C,23019_T|C,23021_A|G,23039_C|G,23055_A|G,23063_A|T,23075_T|C,23222_G|A,23271_C|T,23277_C|T,23403_A|G,23423_C|T,23525_C|T,23599_T|G,23604_C|G,23854_C|A,23948_G|T,24378_C|T,24424_A|T,24469_T|A,24990_C|T,25000_C|T,25139_T|C,25207_C|T,25584_C|T,26060_C|T,26270_C|T,26529_G|C,26577_C|G,26610_A|G,26681_C|T,26709_G|A,26833_C|T,26858_C|T,27259_A|C,27382_G|C,27383_A|T,27384_T|C,27807_C|T,27810_T|C,28271_A|T,28297_T|C,28311_C|T,28881_G|A,28882_G|A,28883_G|C,28958_C|A,29409_C|T,29510_A|C,11288_11296,21633_21641,21765_21770,21992_21994,22194_22196,23009_23011,28362_28370,29734_29759,21608_.|TCATGCCGCTGT
USA/NJ-GBW-GKISBBBF15749/2025	XFG	21_C|T,44_C|T,241_C|T,670_T|G,897_C|A,2790_C|T,3037_C|T,3431_G|T,3565_T|C,4184_G|A,4214_T|C,4321_C|T,5239_C|T,6183_A|G,7760_G|A,7842_A|G,7869_C|T,8293_C|T,8350_T|C,8393_G|A,8818_C|T,9344_C|T,9424_A|G,9534_C|T,10029_C|T,10198_C|T,10447_G|A,10449_C|A,11042_G|T,11727_G|A,12789_C|T,12815_C|T,12865_T|C,12880_C|T,12892_G|A,13339_T|C,13427_G|A,13902_T|C,14408_C|T,15714_C|T,15756_T|A,16600_T|C,17410_C|T,18163_A|G,18492_A|G,18894_C|T,19955_C|T,20055_A|G,20178_C|T,21618_C|T,21622_C|T,21624_G|C,21627_C|A,21653_T|C,21711_C|T,21941_G|T,21987_G|A,22032_T|C,22033_C|A,22034_A|G,22107_A|G,22132_G|T,22200_T|G,22208_C|T,22295_C|A,22353_C|A,22556_A|G,22577_G|C,22578_G|A,22599_G|C,22629_A|C,22674_C|T,22679_T|C,22686_C|T,22688_A|G,22770_G|A,22775_G|A,22786_A|C,22792_C|T,22813_G|T,22882_T|G,22893_A|G,22895_G|C,22896_T|G,22898_G|A,22910_A|G,22916_C|T,22917_T|G,22926_T|C,22928_T|C,22942_T|A,22992_G|A,22995_C|A,23005_T|A,23012_G|A,23018_T|C,23019_T|C,23021_A|G,23039_C|G,23055_A|G,23063_A|T,23075_T|C,23222_G|A,23271_C|T,23277_C|T,23403_A|G,23423_C|T,23525_C|T,23599_T|G,23604_C|G,23854_C|A,23948_G|T,24378_C|T,24424_A|T,24469_T|A,24990_C|T,25000_C|T,25207_C|T,25584_C|T,26060_C|T,26270_C|T,26529_G|C,26577_C|G,26610_A|G,26681_C|T,26709_G|A,26833_C|T,26858_C|T,27259_A|C,27382_G|C,27383_A|T,27384_T|C,27807_C|T,27810_T|C,28271_A|T,28297_T|C,28311_C|T,28881_G|A,28882_G|A,28883_G|C,28958_C|A,29409_C|T,29510_A|C,11288_11296,21633_21641,21765_21770,21992_21994,22194_22196,23009_23011,28362_28370,29734_29759,21608_.|TCATGCCGCTGT
USA/NJ-GBW-GKISBBBH44036/2025	XFG	21_C|T,44_C|T,241_C|T,670_T|G,683_C|T,897_C|A,2334_C|T,2509_C|T,2790_C|T,3037_C|T,3431_G|T,3565_T|C,4184_G|A,4214_T|C,4321_C|T,5239_C|T,6183_A|G,7842_A|G,7869_C|T,8293_C|T,8350_T|C,8393_G|A,8818_C|T,9344_C|T,9424_A|G,9534_C|T,10029_C|T,10198_C|T,10447_G|A,10449_C|A,11042_G|A,11727_G|A,12789_C|T,12815_C|T,12880_C|T,12892_G|A,13339_T|C,14408_C|T,15714_C|T,15756_T|A,16457_C|T,16600_T|C,17410_C|T,18163_A|G,18492_A|G,18894_C|T,19955_C|T,20055_A|G,20178_C|T,21618_C|T,21622_C|T,21624_G|C,21627_C|A,21653_T|C,21711_C|T,21941_G|T,21987_G|A,22032_T|C,22033_C|A,22034_A|G,22107_A|G,22132_G|T,22200_T|G,22208_C|T,22295_C|A,22353_C|A,22556_A|G,22577_G|C,22578_G|A,22599_G|C,22629_A|C,22674_C|T,22679_T|C,22686_C|T,22688_A|G,22770_G|A,22775_G|A,22786_A|C,22792_C|T,22813_G|T,22882_T|G,22893_A|G,22895_G|C,22896_T|G,22898_G|A,22910_A|G,22916_C|T,22917_T|G,22926_T|C,22928_T|C,22942_T|A,22992_G|A,22995_C|A,23005_T|A,23012_G|A,23018_T|C,23019_T|C,23021_A|G,23039_C|G,23055_A|G,23063_A|T,23075_T|C,23222_G|A,23271_C|T,23277_C|T,23403_A|G,23423_C|T,23525_C|T,23599_T|G,23604_C|G,23854_C|A,23948_G|T,24378_C|T,24424_A|T,24469_T|A,24990_C|T,25000_C|T,25207_C|T,25584_C|T,26060_C|T,26270_C|T,26529_G|C,26577_C|G,26610_A|G,26681_C|T,26709_G|A,26833_C|T,26858_C|T,27259_A|C,27382_G|C,27383_A|T,27384_T|C,27807_C|T,27810_T|C,28271_A|T,28297_T|C,28311_C|T,28881_G|A,28882_G|A,28883_G|C,28958_C|A,29409_C|T,29510_A|C,11288_11296,21633_21641,21765_21770,21992_21994,22194_22196,23009_23011,28362_28370,29734_29759
USA/NJ-GBW-GKISBBBH44804/2025	XFG	21_C|T,44_C|T,241_C|T,670_T|G,897_C|A,2790_C|T,3037_C|T,3431_G|T,3565_T|C,4184_G|A,4214_T|C,4321_C|T,5239_C|T,6183_A|G,7760_G|A,7842_A|G,7869_C|T,8293_C|T,8350_T|C,8393_G|A,8818_C|T,9344_C|T,9424_A|G,9534_C|T,10029_C|T,10198_C|T,10447_G|A,10449_C|A,11042_G|T,11727_G|A,12789_C|T,12815_C|T,12865_T|C,12880_C|T,12892_G|A,13339_T|C,13427_G|A,13902_T|C,14408_C|T,15714_C|T,15756_T|A,16600_T|C,17410_C|T,18163_A|G,18492_A|G,18894_C|T,19955_C|T,20055_A|G,20178_C|T,21618_C|T,21622_C|T,21624_G|C,21627_C|A,21653_T|C,21711_C|T,21941_G|T,21987_G|A,22032_T|C,22033_C|A,22034_A|G,22107_A|G,22132_G|T,22200_T|G,22208_C|T,22295_C|A,22353_C|A,22556_A|G,22577_G|C,22578_G|A,22599_G|C,22629_A|C,22674_C|T,22679_T|C,22686_C|T,22688_A|G,22770_G|A,22775_G|A,22786_A|C,22792_C|T,22813_G|T,22882_T|G,22893_A|G,22895_G|C,22896_T|G,22898_G|A,22910_A|G,22916_C|T,22917_T|G,22926_T|C,22928_T|C,22942_T|A,22992_G|A,22995_C|A,23005_T|A,23012_G|A,23018_T|C,23019_T|C,23021_A|G,23039_C|G,23055_A|G,23063_A|T,23075_T|C,23222_G|A,23271_C|T,23277_C|T,23403_A|G,23423_C|T,23525_C|T,23599_T|G,23604_C|G,23854_C|A,24378_C|T,24424_A|T,24469_T|A,24990_C|T,25000_C|T,25207_C|T,25584_C|T,26060_C|T,26270_C|T,26529_G|C,26577_C|G,26610_A|G,26681_C|T,26709_G|A,26833_C|T,26858_C|T,27259_A|C,27382_G|C,27383_A|T,27384_T|C,27807_C|T,27810_T|C,28271_A|T,28297_T|C,28311_C|T,28881_G|A,28882_G|A,28883_G|C,28958_C|A,29409_C|T,29510_A|C,11288_11296,21633_21641,21765_21770,21992_21994,22194_22196,23009_23011,28362_28370,29734_29759,21608_.|TCATGCCGCTGT
USA/NJ-GBW-GKISBBBH47101/2025	XFG	21_C|T,44_C|T,241_C|T,670_T|G,897_C|A,1288_C|T,2790_C|T,3037_C|T,3431_G|T,3565_T|C,4184_G|A,4214_T|C,4321_C|T,4901_C|A,5239_C|T,6183_A|G,7842_A|G,7869_C|T,8293_C|T,8350_T|C,8389_C|T,8393_G|A,8818_C|T,9344_C|T,9424_A|G,9534_C|T,10029_C|T,10039_C|T,10198_C|T,10447_G|A,10449_C|A,11042_G|T,11727_G|A,12789_C|T,12815_C|T,12880_C|T,12892_G|A,13339_T|C,13427_G|A,14408_C|T,15714_C|T,15756_T|A,16600_T|C,17410_C|T,18163_A|G,18894_C|T,19955_C|T,19980_T|C,20055_A|G,21618_C|T,21622_C|T,21624_G|C,21627_C|A,21653_T|C,21711_C|T,21941_G|T,21987_G|A,22032_T|C,22033_C|A,22034_A|G,22107_A|G,22132_G|T,22200_T|G,22208_C|T,22295_C|A,22353_C|A,22556_A|G,22577_G|C,22578_G|A,22599_G|C,22629_A|C,22674_C|T,22679_T|C,22686_C|T,22688_A|G,22770_G|A,22775_G|A,22786_A|C,22792_C|T,22813_G|T,22882_T|G,22893_A|G,22895_G|C,22896_T|G,22898_G|A,22910_A|G,22916_C|T,22917_T|G,22926_T|C,22928_T|C,22942_T|A,22992_G|A,22995_C|A,23005_T|A,23012_G|A,23018_T|C,23019_T|C,23021_A|G,23039_C|G,23055_A|G,23063_A|T,23075_T|C,23222_G|A,23271_C|T,23277_C|T,23403_A|G,23423_C|T,23525_C|T,23599_T|G,23604_C|G,23665_A|T,23854_C|A,23948_G|T,24378_C|T,24424_A|T,24469_T|A,24990_C|T,25000_C|T,25207_C|T,25584_C|T,26060_C|T,26270_C|T,26529_G|C,26577_C|G,26610_A|G,26681_C|T,26709_G|A,26833_C|T,26858_C|T,27259_A|C,27382_G|C,27383_A|T,27384_T|C,27807_C|T,27810_T|C,28033_T|C,28271_A|T,28297_T|C,28311_C|T,28881_G|A,28882_G|A,28883_G|C,28958_C|A,29409_C|T,29510_A|C,11288_11296,21633_21641,21765_21770,21992_21994,22194_22196,23009_23011,28362_28370,29734_29759
USA/NJ-GBW-GKPLAAAA70247/2025	XFG	21_C|T,44_C|T,241_C|T,670_T|G,683_C|T,897_C|A,2334_C|T,2509_C|T,2790_C|T,3037_C|T,3431_G|T,3565_T|C,4184_G|A,4214_T|C,4321_C|T,5239_C|T,6183_A|G,7842_A|G,7869_C|T,8293_C|T,8350_T|C,8393_G|A,8818_C|T,9344_C|T,9424_A|G,9534_C|T,10029_C|T,10198_C|T,10447_G|A,10449_C|A,11042_G|A,11727_G|A,12789_C|T,12815_C|T,12880_C|T,12892_G|A,13339_T|C,13427_G|A,14408_C|T,15714_C|T,15756_T|A,16457_C|T,16600_T|C,17410_C|T,18163_A|G,18492_A|G,18894_C|T,19955_C|T,20055_A|G,20178_C|T,21618_C|T,21622_C|T,21624_G|C,21627_C|A,21653_T|C,21711_C|T,21941_G|T,21987_G|A,22032_T|C,22033_C|A,22034_A|G,22107_A|G,22132_G|T,22200_T|G,22208_C|T,22295_C|A,22353_C|A,22556_A|G,22577_G|C,22578_G|A,22599_G|C,22629_A|C,22674_C|T,22679_T|C,22686_C|T,22688_A|G,22770_G|A,22775_G|A,22786_A|C,22792_C|T,22813_G|T,22882_T|G,22893_A|G,22895_G|C,22896_T|G,22898_G|A,22910_A|G,22916_C|T,22917_T|G,22926_T|C,22928_T|C,22942_T|A,22992_G|A,22995_C|A,23005_T|A,23012_G|A,23018_T|C,23019_T|C,23021_A|G,23039_C|G,23055_A|G,23063_A|T,23075_T|C,23222_G|A,23271_C|T,23277_C|T,23403_A|G,23423_C|T,23525_C|T,23599_T|G,23604_C|G,23854_C|A,23948_G|T,24378_C|T,24424_A|T,24469_T|A,24990_C|T,25000_C|T,25207_C|T,25584_C|T,26060_C|T,26270_C|T,26529_G|C,26577_C|G,26610_A|G,26681_C|T,26709_G|A,26833_C|T,26858_C|T,27259_A|C,27382_G|C,27383_A|T,27384_T|C,27807_C|T,27810_T|C,28271_A|T,28297_T|C,28311_C|T,28881_G|A,28882_G|A,28883_G|C,28958_C|A,29409_C|T,29510_A|C,11288_11296,21633_21641,21765_21770,21992_21994,22194_22196,23009_23011,28362_28370,29734_29759
USA/NY-GBW-GKISBBBE92676/2025	XFG	21_C|T,44_C|T,241_C|T,670_T|G,683_C|T,897_C|A,2790_C|T,3037_C|T,3431_G|T,3565_T|C,4184_G|A,4214_T|C,4321_C|T,5239_C|T,6183_A|G,7105_C|A,7842_A|G,7869_C|T,8293_C|T,8350_T|C,8393_G|A,8818_C|T,9344_C|T,9424_A|G,9534_C|T,10029_C|T,10198_C|T,10447_G|A,10449_C|A,10979_G|T,11042_G|T,11727_G|A,12789_C|T,12815_C|T,12880_C|T,12892_G|A,13339_T|C,14408_C|T,15714_C|T,15756_T|A,16457_C|T,16600_T|C,17410_C|T,18163_A|G,18492_A|G,18894_C|T,19955_C|T,20055_A|G,20178_C|T,21618_C|T,21622_C|T,21624_G|C,21627_C|A,21653_T|C,21711_C|T,21941_G|T,21987_G|A,22032_T|C,22033_C|A,22034_A|G,22107_A|G,22132_G|T,22200_T|G,22208_C|T,22295_C|A,22353_C|A,22556_A|G,22577_G|C,22578_G|A,22599_G|C,22629_A|C,22674_C|T,22679_T|C,22686_C|T,22688_A|G,22770_G|A,22775_G|A,22786_A|C,22792_C|T,22813_G|T,22882_T|G,22893_A|G,22895_G|C,22896_T|G,22898_G|A,22910_A|G,22916_C|T,22917_T|G,22926_T|C,22928_T|C,22942_T|A,22992_G|A,22995_C|A,23005_T|A,23012_G|A,23018_T|C,23019_T|C,23021_A|G,23039_C|G,23055_A|G,23063_A|T,23075_T|C,23222_G|A,23271_C|T,23277_C|T,23403_A|G,23423_C|T,23525_C|T,23599_T|G,23604_C|G,23854_C|A,23948_G|T,24378_C|T,24424_A|T,24469_T|A,24990_C|T,25000_C|T,25207_C|T,25584_C|T,26060_C|T,26270_C|T,26529_G|C,26577_C|G,26610_A|G,26681_C|T,26709_G|A,26833_C|T,26858_C|T,26894_C|T,27259_A|C,27382_G|C,27383_A|T,27384_T|C,27807_C|T,27810_T|C,28041_G|T,28271_A|T,28297_T|C,28311_C|T,28881_G|A,28882_G|A,28883_G|C,28958_C|A,29409_C|T,29510_A|C,11288_11296,21633_21641,21765_21770,21992_21994,22194_22196,23009_23011,28362_28370,29734_29759,21608_.|TCATGCCGCTGT
USA/NY-GBW-GKISBBBF46708/2025	XFG	20_C|T,21_C|T,44_C|T,241_C|T,670_T|G,897_C|A,1784_G|A,2790_C|T,3037_C|T,3431_G|T,3565_T|C,4184_G|A,4214_T|C,4321_C|T,4354_G|A,5239_C|T,6183_A|G,7842_A|G,7869_C|T,8293_C|T,8350_T|C,8393_G|A,8818_C|T,9344_C|T,9424_A|G,9534_C|T,10029_C|T,10084_T|C,10198_C|T,10447_G|A,10449_C|A,11042_G|T,11544_T|C,11727_G|A,12789_C|T,12815_C|T,12880_C|T,12892_G|A,13339_T|C,13427_G|A,14408_C|T,15714_C|T,15756_T|A,16600_T|C,17410_C|T,18163_A|G,18492_A|G,18894_C|T,19398_G|T,19955_C|T,20055_A|G,21618_C|T,21622_C|T,21624_G|C,21627_C|A,21653_T|C,21711_C|T,21941_G|T,21987_G|A,22032_T|C,22033_C|A,22034_A|G,22107_A|G,22132_G|T,22200_T|G,22208_C|T,22295_C|A,22353_C|A,22556_A|G,22577_G|C,22578_G|A,22599_G|C,22629_A|C,22674_C|T,22679_T|C,22686_C|T,22688_A|G,22770_G|A,22775_G|A,22786_A|C,22792_C|T,22813_G|T,22882_T|G,22893_A|G,22895_G|C,22896_T|G,22898_G|A,22910_A|G,22916_C|T,22917_T|G,22926_T|C,22928_T|C,22942_T|A,22992_G|A,22995_C|A,23005_T|A,23012_G|A,23018_T|C,23019_T|C,23021_A|G,23039_C|G,23055_A|G,23063_A|T,23075_T|C,23222_G|A,23271_C|T,23277_C|T,23403_A|G,23423_C|T,23525_C|T,23599_T|G,23604_C|G,23854_C|A,23948_G|T,24378_C|T,24424_A|T,24469_T|A,24990_C|T,25000_C|T,25207_C|T,25584_C|T,26060_C|T,26270_C|T,26529_G|C,26577_C|G,26610_A|G,26681_C|T,26709_G|A,26833_C|T,26858_C|T,27259_A|C,27382_G|C,27383_A|T,27384_T|C,27807_C|T,27810_T|C,28271_A|T,28297_T|C,28311_C|T,28372_T|C,28881_G|A,28882_G|A,28883_G|C,28958_C|A,28972_A|T,29409_C|T,29510_A|C,11288_11296,21633_21641,21765_21770,21992_21994,22194_22196,23009_23011,28362_28370,29734_29759,21608_.|TCATGCCGCTGT
USA/NY-GBW-GKISBBBF47974/2025	XFG	21_C|T,44_C|T,241_C|T,670_T|G,683_C|T,897_C|A,2790_C|T,3037_C|T,3431_G|T,3565_T|C,4184_G|A,4214_T|C,4321_C|T,5239_C|T,6183_A|G,7842_A|G,7869_C|T,8293_C|T,8350_T|C,8393_G|A,8818_C|T,9344_C|T,9424_A|G,9534_C|T,10029_C|T,10198_C|T,10447_G|A,10449_C|A,11042_G|T,11727_G|A,12789_C|T,12815_C|T,12880_C|T,12892_G|A,13339_T|C,13427_G|A,14408_C|T,15714_C|T,15756_T|A,16457_C|T,16600_T|C,17410_C|T,18163_A|G,18492_A|G,18894_C|T,19955_C|T,20055_A|G,20178_C|T,21618_C|T,21622_C|T,21624_G|C,21627_C|A,21653_T|C,21711_C|T,21762_C|T,21941_G|T,21987_G|A,22032_T|C,22033_C|A,22034_A|G,22107_A|G,22132_G|T,22200_T|G,22208_C|T,22295_C|A,22353_C|A,22556_A|G,22577_G|C,22578_G|A,22599_G|C,22629_A|C,22674_C|T,22679_T|C,22686_C|T,22688_A|G,22770_G|A,22775_G|A,22786_A|C,22792_C|T,22813_G|T,22882_T|G,22893_A|G,22895_G|C,22896_T|G,22898_G|A,22910_A|G,22916_C|T,22917_T|G,22926_T|C,22928_T|C,22942_T|A,22992_G|A,22995_C|A,23005_T|A,23012_G|A,23018_T|C,23019_T|C,23021_A|G,23039_C|G,23055_A|G,23063_A|T,23075_T|C,23222_G|A,23271_C|T,23277_C|T,23403_A|G,23423_C|T,23525_C|T,23599_T|G,23604_C|G,23854_C|A,24378_C|T,24424_A|T,24469_T|A,24990_C|T,25000_C|T,25207_C|T,25584_C|T,26060_C|T,26270_C|T,26529_G|C,26577_C|G,26610_A|G,26681_C|T,26709_G|A,26833_C|T,26858_C|T,27259_A|C,27382_G|C,27383_A|T,27384_T|C,27807_C|T,27810_T|C,28271_A|T,28297_T|C,28311_C|T,28881_G|A,28882_G|A,28883_G|C,28958_C|A,29409_C|T,29510_A|C,29706_G|T,11288_11296,21633_21641,21765_21770,21992_21994,22194_22196,23009_23011,28362_28370,29734_29759,21608_.|TCATGCCGCTGT
USA/NY-GBW-GKISBBBG96716/2025	XFG	21_C|T,44_C|T,241_C|T,670_T|G,683_C|T,897_C|A,2790_C|T,3037_C|T,3431_G|T,3565_T|C,4184_G|A,4214_T|C,4321_C|T,5239_C|T,6079_T|C,6183_A|G,7842_A|G,7869_C|T,8293_C|T,8350_T|C,8393_G|A,8818_C|T,9344_C|T,9424_A|G,9534_C|T,9793_A|G,10029_C|T,10198_C|T,10447_G|A,10449_C|A,11042_G|T,11727_G|A,12789_C|T,12815_C|T,12880_C|T,12892_G|A,13339_T|C,13427_G|A,14408_C|T,15714_C|T,15756_T|A,16457_C|T,16600_T|C,17410_C|T,18163_A|G,18492_A|G,18894_C|T,19955_C|T,20055_A|G,20178_C|T,21618_C|T,21622_C|T,21624_G|C,21627_C|A,21653_T|C,21711_C|T,21941_G|T,21987_G|A,22032_T|C,22033_C|A,22034_A|G,22107_A|G,22132_G|T,22200_T|G,22208_C|T,22295_C|A,22353_C|A,22556_A|G,22577_G|C,22578_G|A,22599_G|C,22629_A|C,22674_C|T,22679_T|C,22686_C|T,22688_A|G,22770_G|A,22775_G|A,22786_A|C,22792_C|T,22813_G|T,22882_T|G,22893_A|G,22895_G|C,22896_T|G,22898_G|A,22910_A|G,22916_C|T,22917_T|G,22926_T|C,22928_T|C,22942_T|A,22992_G|A,22995_C|A,23005_T|A,23012_G|A,23018_T|C,23019_T|C,23021_A|G,23039_C|G,23055_A|G,23063_A|T,23075_T|C,23222_G|A,23271_C|T,23277_C|T,23403_A|G,23423_C|T,23525_C|T,23599_T|G,23604_C|G,23854_C|A,23948_G|T,24378_C|T,24424_A|T,24469_T|A,24990_C|T,25000_C|T,25207_C|T,25584_C|T,26060_C|T,26270_C|T,26529_G|C,26577_C|G,26610_A|G,26681_C|T,26709_G|A,26833_C|T,26858_C|T,27259_A|C,27382_G|C,27383_A|T,27384_T|C,27807_C|T,27810_T|C,28271_A|T,28297_T|C,28311_C|T,28881_G|A,28882_G|A,28883_G|C,28958_C|A,29409_C|T,29510_A|C,11288_11296,21633_21641,21765_21770,21992_21994,22194_22196,23009_23011,28362_28370,29734_29759,21608_.|TCATGCCGCTGT
USA/NY-GBW-GKPLAAAA69841/2025	XFG	21_C|T,44_C|T,241_C|T,670_T|G,683_C|T,897_C|A,2790_C|T,3037_C|T,3431_G|T,3565_T|C,4184_G|A,4214_T|C,4321_C|T,5239_C|T,6183_A|G,7842_A|G,7869_C|T,8293_C|T,8350_T|C,8393_G|A,8818_C|T,9344_C|T,9424_A|G,9534_C|T,10029_C|T,10198_C|T,10447_G|A,10449_C|A,11042_G|T,11727_G|A,12781_C|T,12789_C|T,12815_C|T,12880_C|T,12892_G|A,13339_T|C,13427_G|A,14408_C|T,15714_C|T,15756_T|A,16083_T|C,16457_C|T,16600_T|C,17410_C|T,18163_A|G,18492_A|G,18894_C|T,19955_C|T,20055_A|G,20178_C|T,21618_C|T,21622_C|T,21624_G|C,21627_C|A,21653_T|C,21711_C|T,21941_G|T,21987_G|A,22032_T|C,22033_C|A,22034_A|G,22107_A|G,22132_G|T,22200_T|G,22208_C|T,22295_C|A,22353_C|A,22556_A|G,22577_G|C,22578_G|A,22599_G|C,22629_A|C,22674_C|T,22679_T|C,22686_C|T,22688_A|G,22770_G|A,22775_G|A,22786_A|C,22792_C|T,22813_G|T,22882_T|G,22893_A|G,22895_G|C,22896_T|G,22898_G|A,22910_A|G,22916_C|T,22917_T|G,22926_T|C,22928_T|C,22942_T|A,22992_G|A,22995_C|A,23005_T|A,23012_G|A,23018_T|C,23019_T|C,23021_A|G,23039_C|G,23055_A|G,23063_A|T,23075_T|C,23222_G|A,23271_C|T,23277_C|T,23403_A|G,23423_C|T,23525_C|T,23599_T|G,23604_C|G,23854_C|A,24378_C|T,24424_A|T,24469_T|A,24990_C|T,25000_C|T,25207_C|T,25584_C|T,26060_C|T,26270_C|T,26529_G|C,26577_C|G,26610_A|G,26681_C|T,26709_G|A,26833_C|T,26858_C|T,26894_C|T,27259_A|C,27382_G|C,27383_A|T,27384_T|C,27807_C|T,27810_T|C,28271_A|T,28297_T|C,28311_C|T,28881_G|A,28882_G|A,28883_G|C,28958_C|A,29409_C|T,29510_A|C,11288_11296,21633_21641,21765_21770,21992_21994,22194_22196,23009_23011,28362_28370,29734_29759,21608_.|TCATGCCGCTGT
USA/NY-PRL-250520_81E05/2025	XFG	241_C|T,670_T|G,897_C|A,2790_C|T,3037_C|T,3431_G|T,3565_T|C,4184_G|A,4214_T|C,4321_C|T,5239_C|T,6183_A|G,7842_A|G,7869_C|T,8293_C|T,8350_T|C,8393_G|A,8818_C|T,9344_C|T,9424_A|G,9534_C|T,10029_C|T,10198_C|T,10447_G|A,10449_C|A,11042_G|T,11727_G|A,12789_C|T,12815_C|T,12880_C|T,12892_G|A,13339_T|C,14408_C|T,15714_C|T,15756_T|A,16600_T|C,17410_C|T,18163_A|G,18492_A|G,18894_C|T,19955_C|T,20055_A|G,21618_C|T,21622_C|T,21624_G|C,21627_C|A,21653_T|C,21711_C|T,21941_G|T,21987_G|A,22032_T|C,22033_C|A,22034_A|G,22107_A|G,22132_G|T,22200_T|G,22208_C|T,22295_C|A,22353_C|A,22556_A|G,22577_G|C,22578_G|A,22599_G|C,22629_A|C,22674_C|T,22679_T|C,22686_C|T,22688_A|G,22770_G|A,22775_G|A,22786_A|C,22792_C|T,22813_G|T,22882_T|G,22893_A|G,22895_G|C,22896_T|G,22898_G|A,22910_A|G,22916_C|T,22917_T|G,22926_T|C,22928_T|C,22942_T|A,22992_G|A,22995_C|A,23005_T|A,23012_G|A,23018_T|C,23019_T|C,23021_A|G,23039_C|G,23055_A|G,23063_A|T,23075_T|C,23222_G|A,23271_C|T,23277_C|T,23403_A|G,23423_C|T,23525_C|T,23599_T|G,23604_C|G,23854_C|A,23948_G|T,24378_C|T,24424_A|T,24469_T|A,24990_C|T,25000_C|T,25207_C|T,25584_C|T,26060_C|T,26270_C|T,26529_G|C,26577_C|G,26610_A|G,26681_C|T,26709_G|A,26833_C|T,26858_C|T,27259_A|C,27382_G|C,27383_A|T,27384_T|C,27807_C|T,27810_T|C,28271_A|T,28297_T|C,28311_C|T,28881_G|A,28882_G|A,28883_G|C,28958_C|A,29409_C|T,29510_A|C,11288_11296,21633_21641,21765_21770,21992_21994,22194_22196,23009_23011,28362_28370,29734_29759
USA/NY-PRL-250520_81F07/2025	XFG	241_C|T,313_C|T,670_T|G,897_C|A,934_C|T,2790_C|T,3037_C|T,3259_G|T,3431_G|T,3565_T|C,4184_G|A,4214_T|C,4321_C|T,4584_A|G,5239_C|T,6183_A|G,6539_C|T,7842_A|G,7869_C|T,8293_C|T,8350_T|C,8393_G|A,8818_C|T,9344_C|T,9424_A|G,9534_C|T,10029_C|T,10198_C|T,10447_G|A,10449_C|A,11042_G|T,11727_G|A,12789_C|T,12815_C|T,12880_C|T,12892_G|A,13339_T|C,14408_C|T,15714_C|T,15756_T|A,15763_C|T,16376_C|T,16600_T|C,17007_T|C,17410_C|T,18163_A|G,18492_A|G,18894_C|T,19955_C|T,20055_A|G,21618_C|T,21622_C|T,21624_G|C,21627_C|A,21653_T|C,21711_C|T,21941_G|T,21987_G|A,22001_A|G,22032_T|C,22033_C|A,22034_A|G,22107_A|G,22132_G|T,22200_T|G,22208_C|T,22295_C|A,22353_C|A,22556_A|G,22577_G|C,22578_G|A,22599_G|C,22629_A|C,22674_C|T,22679_T|C,22686_C|T,22688_A|G,22770_G|A,22775_G|A,22786_A|C,22792_C|T,22813_G|T,22882_T|G,22893_A|G,22895_G|C,22896_T|G,22898_G|A,22910_A|G,22916_C|T,22917_T|G,22926_T|C,22928_T|C,22942_T|A,22992_G|A,22995_C|A,23005_T|A,23012_G|A,23018_T|C,23019_T|C,23021_A|G,23039_C|G,23055_A|G,23063_A|T,23075_T|C,23148_A|C,23222_G|A,23271_C|T,23277_C|T,23403_A|G,23423_C|T,23525_C|T,23599_T|G,23604_C|G,23854_C|A,23948_G|T,24378_C|T,24424_A|T,24469_T|A,24990_C|T,25000_C|T,25207_C|T,25352_G|T,25584_C|T,26060_C|T,26270_C|T,26529_G|C,26577_C|G,26610_A|G,26681_C|T,26709_G|A,26833_C|T,26858_C|T,27259_A|C,27382_G|C,27383_A|T,27384_T|C,27807_C|T,27810_T|C,28271_A|T,28297_T|C,28311_C|T,28881_G|A,28882_G|A,28883_G|C,28958_C|A,29409_C|T,29510_A|C,11288_11296,21633_21641,21765_21770,21992_21994,22194_22196,23009_23011,28362_28370,29734_29759
USA/NY-PRL-250528_81F01/2025	XFG	241_C|T,313_C|T,670_T|G,897_C|A,934_C|T,2790_C|T,3037_C|T,3259_G|T,3431_G|T,3565_T|C,4184_G|A,4214_T|C,4321_C|T,4584_A|G,5239_C|T,6183_A|G,6539_C|T,7842_A|G,7869_C|T,8293_C|T,8350_T|C,8393_G|A,8818_C|T,9344_C|T,9424_A|G,9534_C|T,10029_C|T,10198_C|T,10447_G|A,10449_C|A,11042_G|T,11727_G|A,12789_C|T,12815_C|T,12880_C|T,12892_G|A,13339_T|C,14408_C|T,15714_C|T,15756_T|A,15763_C|T,16376_C|T,16600_T|C,17007_T|C,17410_C|T,18163_A|G,18492_A|G,18894_C|T,19955_C|T,20055_A|G,21618_C|T,21622_C|T,21624_G|C,21627_C|A,21653_T|C,21711_C|T,21941_G|T,21987_G|A,22001_A|G,22032_T|C,22033_C|A,22034_A|G,22107_A|G,22132_G|T,22200_T|G,22208_C|T,22295_C|A,22353_C|A,22556_A|G,22577_G|C,22578_G|A,22599_G|C,22629_A|C,22674_C|T,22679_T|C,22686_C|T,22688_A|G,22770_G|A,22775_G|A,22786_A|C,22792_C|T,22813_G|T,22882_T|G,22893_A|G,22895_G|C,22896_T|G,22898_G|A,22910_A|G,22916_C|T,22917_T|G,22926_T|C,22928_T|C,22942_T|A,22992_G|A,22995_C|A,23005_T|A,23012_G|A,23018_T|C,23019_T|C,23021_A|G,23039_C|G,23055_A|G,23063_A|T,23075_T|C,23148_A|C,23222_G|A,23271_C|T,23277_C|T,23403_A|G,23423_C|T,23525_C|T,23599_T|G,23604_C|G,23854_C|A,23948_G|T,24378_C|T,24424_A|T,24469_T|A,24990_C|T,25000_C|T,25207_C|T,25352_G|T,25584_C|T,26060_C|T,26270_C|T,26529_G|C,26577_C|G,26610_A|G,26681_C|T,26709_G|A,26833_C|T,26858_C|T,27259_A|C,27382_G|C,27383_A|T,27384_T|C,27807_C|T,27810_T|C,28271_A|T,28297_T|C,28311_C|T,28881_G|A,28882_G|A,28883_G|C,28958_C|A,29409_C|T,29510_A|C,11288_11296,21633_21641,21765_21770,21992_21994,22194_22196,23009_23011,28362_28370,29734_29759
USA/NY-PRL-250610_81C03/2025	XFG	181_T|C,241_C|T,670_T|G,683_C|T,897_C|A,2790_C|T,3037_C|T,3431_G|T,3565_T|C,4184_G|A,4214_T|C,4321_C|T,5239_C|T,6183_A|G,6462_T|A,7842_A|G,7869_C|T,8293_C|T,8350_T|C,8393_G|A,8818_C|T,9344_C|T,9424_A|G,9534_C|T,10029_C|T,10198_C|T,10447_G|A,10449_C|A,11042_G|T,11727_G|A,12789_C|T,12815_C|T,12880_C|T,12892_G|A,13339_T|C,14408_C|T,15714_C|T,15756_T|A,16457_C|T,16600_T|C,16806_C|T,17410_C|T,18163_A|G,18492_A|G,18894_C|T,19955_C|T,20055_A|G,20178_C|T,21610_T|C,21641_G|T,21653_T|C,21711_C|T,21941_G|T,21987_G|A,22032_T|C,22033_C|A,22034_A|G,22107_A|G,22132_G|T,22200_T|G,22208_C|T,22295_C|A,22353_C|A,22556_A|G,22577_G|C,22578_G|A,22599_G|C,22629_A|C,22674_C|T,22679_T|C,22686_C|T,22688_A|G,22770_G|A,22775_G|A,22786_A|C,22792_C|T,22813_G|T,22882_T|G,22893_A|G,22895_G|C,22896_T|G,22898_G|A,22910_A|G,22916_C|T,22917_T|G,22926_T|C,22928_T|C,22942_T|A,22992_G|A,22995_C|A,23005_T|A,23012_G|A,23018_T|C,23019_T|C,23021_A|G,23039_C|G,23055_A|G,23063_A|T,23075_T|C,23222_G|A,23271_C|T,23277_C|T,23403_A|G,23423_C|T,23525_C|T,23599_T|G,23604_C|G,23854_C|A,23948_G|T,24378_C|T,24424_A|T,24469_T|A,24990_C|T,25000_C|T,25207_C|T,25584_C|T,26060_C|T,26149_T|C,26270_C|T,26529_G|C,26577_C|G,26610_A|G,26681_C|T,26709_G|A,26833_C|T,26858_C|T,27259_A|C,27382_G|C,27383_A|T,27384_T|C,27807_C|T,27810_T|C,28271_A|T,28297_T|C,28311_C|T,28881_G|A,28882_G|A,28883_G|C,28958_C|A,29409_C|T,29510_A|C,11288_11296,21765_21770,21992_21994,22194_22196,23009_23011,28362_28370,29734_29759
USA/NY-PRL-250617_81C03/2025	XFG	241_C|T,534_C|T,670_T|G,683_C|T,897_C|A,2790_C|T,3037_C|T,3431_G|T,3565_T|C,4184_G|A,4214_T|C,4321_C|T,5239_C|T,6183_A|G,7842_A|G,7869_C|T,8293_C|T,8350_T|C,8393_G|A,8818_C|T,9344_C|T,9424_A|G,9534_C|T,10029_C|T,10198_C|T,10447_G|A,10449_C|A,11042_G|T,11727_G|A,12789_C|T,12815_C|T,12880_C|T,12892_G|A,13339_T|C,14408_C|T,15714_C|T,15756_T|A,16457_C|T,16600_T|C,17410_C|T,18163_A|G,18492_A|G,18894_C|T,19955_C|T,20055_A|G,20178_C|T,21618_C|T,21622_C|T,21624_G|C,21627_C|A,21653_T|C,21711_C|T,21941_G|T,21987_G|A,22032_T|C,22033_C|A,22034_A|G,22107_A|G,22132_G|T,22200_T|G,22208_C|T,22295_C|A,22353_C|A,22556_A|G,22577_G|C,22578_G|A,22599_G|C,22629_A|C,22674_C|T,22679_T|C,22686_C|T,22688_A|G,22770_G|A,22775_G|A,22786_A|C,22792_C|T,22813_G|T,22882_T|G,22893_A|G,22895_G|C,22896_T|G,22898_G|A,22910_A|G,22916_C|T,22917_T|G,22926_T|C,22928_T|C,22942_T|A,22992_G|A,22995_C|A,23005_T|A,23012_G|A,23018_T|C,23019_T|C,23021_A|G,23039_C|G,23055_A|G,23063_A|T,23075_T|C,23222_G|A,23271_C|T,23277_C|T,23403_A|G,23423_C|T,23525_C|T,23599_T|G,23604_C|G,23854_C|A,23948_G|T,24378_C|T,24424_A|T,24469_T|A,24990_C|T,25000_C|T,25139_T|C,25207_C|T,25584_C|T,26060_C|T,26270_C|T,26529_G|C,26577_C|G,26610_A|G,26681_C|T,26709_G|A,26833_C|T,26858_C|T,27259_A|C,27382_G|C,27383_A|T,27384_T|C,27807_C|T,27810_T|C,28271_A|T,28297_T|C,28311_C|T,28881_G|A,28882_G|A,28883_G|C,28958_C|A,29409_C|T,29510_A|C,11288_11296,21633_21641,21765_21770,21992_21994,22194_22196,23009_23011,28362_28370,29734_29759
USA/NY-PRL-250624_81A11/2025	XFG	241_C|T,670_T|G,683_C|T,897_C|A,2790_C|T,3037_C|T,3431_G|T,3565_T|C,4184_G|A,4214_T|C,4321_C|T,5239_C|T,6183_A|G,7842_A|G,7869_C|T,8293_C|T,8350_T|C,8393_G|A,8818_C|T,9344_C|T,9424_A|G,9534_C|T,10029_C|T,10198_C|T,10447_G|A,10449_C|A,11042_G|T,11727_G|A,12789_C|T,12815_C|T,12880_C|T,12892_G|A,13339_T|C,14290_G|T,14408_C|T,15714_C|T,15756_T|A,16457_C|T,16600_T|C,17410_C|T,18163_A|G,18492_A|G,18894_C|T,19955_C|T,20055_A|G,20178_C|T,20481_A|G,21618_C|T,21622_C|T,21624_G|C,21627_C|A,21653_T|C,21711_C|T,21941_G|T,21987_G|A,22032_T|C,22033_C|A,22034_A|G,22107_A|G,22132_G|T,22200_T|G,22208_C|T,22295_C|A,22353_C|A,22556_A|G,22577_G|C,22578_G|A,22599_G|C,22629_A|C,22674_C|T,22679_T|C,22686_C|T,22688_A|G,22770_G|A,22775_G|A,22786_A|C,22792_C|T,22813_G|T,22882_T|G,22893_A|G,22895_G|C,22896_T|G,22898_G|A,22910_A|G,22916_C|T,22917_T|G,22926_T|C,22928_T|C,22942_T|A,22992_G|A,22995_C|A,23005_T|A,23012_G|A,23018_T|C,23019_T|C,23021_A|G,23039_C|G,23055_A|G,23063_A|T,23075_T|C,23222_G|A,23271_C|T,23277_C|T,23403_A|G,23423_C|T,23525_C|T,23599_T|G,23604_C|G,23854_C|A,23948_G|T,24378_C|T,24424_A|T,24469_T|A,24990_C|T,25000_C|T,25207_C|T,25584_C|T,26060_C|T,26270_C|T,26529_G|C,26577_C|G,26610_A|G,26681_C|T,26709_G|A,26833_C|T,26858_C|T,26894_C|T,27259_A|C,27382_G|C,27383_A|T,27384_T|C,27807_C|T,27810_T|C,28045_C|A,28271_A|T,28297_T|C,28311_C|T,28881_G|A,28882_G|A,28883_G|C,28958_C|A,29409_C|T,29510_A|C,11288_11296,21633_21641,21765_21770,21992_21994,22194_22196,23009_23011,28362_28370,29734_29759
USA/NY-PRL-250624_81B05/2025	XFG	241_C|T,512_C|T,670_T|G,897_C|A,2790_C|T,3037_C|T,3431_G|T,3565_T|C,4184_G|A,4214_T|C,4321_C|T,5239_C|T,6183_A|G,7420_C|T,7842_A|G,7869_C|T,8293_C|T,8350_T|C,8393_G|A,8818_C|T,9344_C|T,9424_A|G,9534_C|T,10029_C|T,10039_C|T,10198_C|T,10447_G|A,10449_C|A,11042_G|T,11727_G|A,12789_C|T,12815_C|T,12880_C|T,12892_G|A,13339_T|C,14408_C|T,15507_T|C,15714_C|T,15756_T|A,16600_T|C,17410_C|T,18163_A|G,18492_A|G,18894_C|T,19839_T|C,19955_C|T,20055_A|G,20178_C|T,21618_C|T,21622_C|T,21624_G|C,21627_C|A,21653_T|C,21711_C|T,21941_G|T,21987_G|A,22032_T|C,22033_C|A,22034_A|G,22107_A|G,22132_G|T,22200_T|G,22208_C|T,22295_C|A,22353_C|A,22556_A|G,22577_G|C,22578_G|A,22599_G|C,22629_A|C,22674_C|T,22679_T|C,22686_C|T,22688_A|G,22770_G|A,22775_G|A,22786_A|C,22792_C|T,22813_G|T,22882_T|G,22893_A|G,22895_G|C,22896_T|G,22898_G|A,22910_A|G,22916_C|T,22917_T|G,22926_T|C,22928_T|C,22942_T|A,22992_G|A,22995_C|A,23005_T|A,23012_G|A,23018_T|C,23019_T|C,23021_A|G,23039_C|G,23055_A|G,23063_A|T,23075_T|C,23222_G|A,23271_C|T,23277_C|T,23403_A|G,23423_C|T,23525_C|T,23599_T|G,23604_C|G,23854_C|A,23948_G|T,24378_C|T,24424_A|T,24469_T|A,24990_C|T,25000_C|T,25207_C|T,25584_C|T,26060_C|T,26270_C|T,26529_G|C,26577_C|G,26610_A|G,26681_C|T,26709_G|A,26833_C|T,26858_C|T,27259_A|C,27382_G|C,27383_A|T,27384_T|C,27807_C|T,27810_T|C,28271_A|T,28297_T|C,28311_C|T,28881_G|A,28882_G|A,28883_G|C,28958_C|A,29409_C|T,29510_A|C,11288_11296,21633_21641,21765_21770,21992_21994,22194_22196,23009_23011,28362_28370,29734_29759
USA/NY-PRL-250624_81B11/2025	XFG	241_C|T,670_T|G,897_C|A,1784_G|A,2790_C|T,3037_C|T,3431_G|T,3565_T|C,4184_G|A,4214_T|C,4321_C|T,4354_G|A,5239_C|T,6183_A|G,7842_A|G,7869_C|T,8293_C|T,8350_T|C,8393_G|A,8818_C|T,9344_C|T,9424_A|G,9534_C|T,10029_C|T,10198_C|T,10447_G|A,10449_C|A,11042_G|T,11727_G|A,12789_C|T,12815_C|T,12880_C|T,12892_G|A,13339_T|C,14408_C|T,15714_C|T,15756_T|A,16600_T|C,17410_C|T,18163_A|G,18492_A|G,18894_C|T,19955_C|T,20055_A|G,21618_C|T,21622_C|T,21624_G|C,21627_C|A,21653_T|C,21711_C|T,21941_G|T,21987_G|A,22032_T|C,22033_C|A,22034_A|G,22107_A|G,22132_G|T,22200_T|G,22208_C|T,22295_C|A,22353_C|A,22556_A|G,22577_G|C,22578_G|A,22599_G|C,22629_A|C,22674_C|T,22679_T|C,22686_C|T,22688_A|G,22770_G|A,22775_G|A,22786_A|C,22792_C|T,22813_G|T,22882_T|G,22893_A|G,22895_G|C,22896_T|G,22898_G|A,22910_A|G,22916_C|T,22917_T|G,22926_T|C,22928_T|C,22942_T|A,22992_G|A,22995_C|A,23005_T|A,23012_G|A,23018_T|C,23019_T|C,23021_A|G,23039_C|G,23055_A|G,23063_A|T,23075_T|C,23222_G|A,23271_C|T,23277_C|T,23403_A|G,23423_C|T,23525_C|T,23599_T|G,23604_C|G,23854_C|A,23948_G|T,24378_C|T,24424_A|T,24469_T|A,24990_C|T,25000_C|T,25207_C|T,25584_C|T,26060_C|T,26270_C|T,26529_G|C,26577_C|G,26610_A|G,26681_C|T,26709_G|A,26833_C|T,26858_C|T,27259_A|C,27382_G|C,27383_A|T,27384_T|C,27432_T|C,27807_C|T,27810_T|C,28271_A|T,28297_T|C,28311_C|T,28372_T|C,28881_G|A,28882_G|A,28883_G|C,28958_C|A,29409_C|T,29510_A|C,11288_11296,21633_21641,21765_21770,21992_21994,22194_22196,23009_23011,28362_28370,29734_29759
USA/NY-PRL-250701_81D12/2025	XFG	241_C|T,670_T|G,897_C|A,2790_C|T,3037_C|T,3431_G|T,3565_T|C,4184_G|A,4214_T|C,4321_C|T,5239_C|T,6183_A|G,6543_C|T,7842_A|G,7869_C|T,8152_C|T,8293_C|T,8350_T|C,8393_G|A,8818_C|T,9344_C|T,9424_A|G,9534_C|T,10029_C|T,10039_C|T,10198_C|T,10447_G|A,10449_C|A,11042_G|T,11727_G|A,12789_C|T,12815_C|T,12880_C|T,12892_G|A,13339_T|C,14408_C|T,15714_C|T,15756_T|A,16600_T|C,17410_C|T,18163_A|G,18492_A|G,18894_C|T,19955_C|T,20055_A|G,20178_C|T,21618_C|T,21622_C|T,21624_G|C,21627_C|A,21653_T|C,21711_C|T,21941_G|T,21987_G|A,22032_T|C,22033_C|A,22034_A|G,22107_A|G,22132_G|T,22200_T|G,22208_C|T,22295_C|A,22353_C|A,22556_A|G,22577_G|C,22578_G|A,22599_G|C,22629_A|C,22674_C|T,22679_T|C,22686_C|T,22688_A|G,22770_G|A,22775_G|A,22786_A|C,22792_C|T,22813_G|T,22882_T|G,22893_A|G,22895_G|C,22896_T|G,22898_G|A,22910_A|G,22916_C|T,22917_T|G,22926_T|C,22928_T|C,22942_T|A,22992_G|A,22995_C|A,23005_T|A,23012_G|A,23018_T|C,23019_T|C,23021_A|G,23039_C|G,23055_A|G,23063_A|T,23075_T|C,23222_G|A,23271_C|T,23277_C|T,23403_A|G,23423_C|T,23525_C|T,23599_T|G,23604_C|G,23854_C|A,23948_G|T,24378_C|T,24424_A|T,24469_T|A,24990_C|T,25000_C|T,25207_C|T,25584_C|T,26060_C|T,26270_C|T,26529_G|C,26577_C|G,26610_A|G,26681_C|T,26709_G|A,26833_C|T,26858_C|T,27259_A|C,27382_G|C,27383_A|T,27384_T|C,27807_C|T,27810_T|C,28271_A|T,28297_T|C,28311_C|T,28881_G|A,28882_G|A,28883_G|C,28958_C|A,29409_C|T,29510_A|C,29642_C|T,11288_11296,21633_21641,21765_21770,21992_21994,22194_22196,23009_23011,28362_28370,29734_29759
USA/TX-DSHS-26779/2025	XFG	241_C|T,683_C|T,897_C|A,2790_C|T,3037_C|T,3431_G|T,3565_T|C,4184_G|A,4214_T|C,4321_C|T,5239_C|T,6183_A|G,7842_A|G,7869_C|T,8293_C|T,8350_T|C,8393_G|A,8818_C|T,9344_C|T,9424_A|G,9534_C|T,10029_C|T,10198_C|T,10447_G|A,10449_C|A,11042_G|T,11727_G|A,12789_C|T,12815_C|T,12880_C|T,12892_G|A,13339_T|C,14408_C|T,15714_C|T,15756_T|A,16600_T|C,16887_C|T,17410_C|T,18163_A|G,18492_A|G,18894_C|T,19185_C|T,19955_C|T,20055_A|G,20178_C|T,21618_C|T,21622_C|T,21624_G|C,21627_C|A,21653_T|C,21711_C|T,21941_G|T,21987_G|A,22032_T|C,22033_C|A,22034_A|G,22107_A|G,22132_G|T,22200_T|G,22208_C|T,22295_C|A,22353_C|A,22556_A|G,22577_G|C,22578_G|A,22599_G|C,22629_A|C,22674_C|T,22679_T|C,22686_C|T,22688_A|G,22770_G|A,22775_G|A,22786_A|C,22792_C|T,22813_G|T,22882_T|G,22893_A|G,22895_G|C,22896_T|G,22898_G|A,22910_A|G,22916_C|T,22917_T|G,22926_T|C,22928_T|C,22942_T|A,22992_G|A,22995_C|A,23005_T|A,23012_G|A,23018_T|C,23019_T|C,23021_A|G,23039_C|G,23055_A|G,23063_A|T,23075_T|C,23222_G|A,23271_C|T,23277_C|T,23403_A|G,23423_C|T,23525_C|T,23599_T|G,23604_C|G,23854_C|A,23948_G|T,24378_C|T,24424_A|T,24469_T|A,24990_C|T,25000_C|T,25207_C|T,25584_C|T,26060_C|T,26270_C|T,26529_G|C,26577_C|G,26610_A|G,26681_C|T,26709_G|A,26833_C|T,26858_C|T,27259_A|C,27382_G|C,27383_A|T,27384_T|C,27807_C|T,27810_T|C,28271_A|T,28297_T|C,28311_C|T,28881_G|A,28882_G|A,28883_G|C,28958_C|A,29409_C|T,29510_A|C,11288_11296,21633_21641,21765_21770,21992_21994,22194_22196,23009_23011,28362_28370,21608_.|TCATGCCGCTGT
USA/VA-GBW-GKISBBBE68279/2025	XFG	21_C|T,44_C|T,241_C|T,670_T|G,683_C|T,897_C|A,2790_C|T,3037_C|T,3431_G|T,3565_T|C,4184_G|A,4214_T|C,4321_C|T,5239_C|T,6183_A|G,7842_A|G,7869_C|T,8293_C|T,8350_T|C,8393_G|A,8818_C|T,9344_C|T,9424_A|G,9534_C|T,10029_C|T,10198_C|T,10447_G|A,10449_C|A,11042_G|T,11727_G|A,12789_C|T,12815_C|T,12880_C|T,12892_G|A,13339_T|C,14408_C|T,15714_C|T,15756_T|A,16600_T|C,16887_C|T,17410_C|T,18163_A|G,18492_A|G,18894_C|T,19955_C|T,20055_A|G,20178_C|T,21618_C|T,21622_C|T,21624_G|C,21627_C|A,21653_T|C,21711_C|T,21941_G|T,21987_G|A,22032_T|C,22033_C|A,22034_A|G,22107_A|G,22132_G|T,22200_T|G,22208_C|T,22295_C|A,22353_C|A,22556_A|G,22577_G|C,22578_G|A,22599_G|C,22629_A|C,22674_C|T,22679_T|C,22686_C|T,22688_A|G,22770_G|A,22775_G|A,22786_A|C,22792_C|T,22813_G|T,22882_T|G,22893_A|G,22895_G|C,22896_T|G,22898_G|A,22910_A|G,22916_C|T,22917_T|G,22926_T|C,22928_T|C,22942_T|A,22992_G|A,22995_C|A,23005_T|A,23012_G|A,23018_T|C,23019_T|C,23021_A|G,23039_C|G,23055_A|G,23063_A|T,23075_T|C,23222_G|A,23271_C|T,23277_C|T,23403_A|G,23423_C|T,23525_C|T,23599_T|G,23604_C|G,23854_C|A,24378_C|T,24424_A|T,24469_T|A,24990_C|T,25000_C|T,25163_C|A,25207_C|T,25584_C|T,26060_C|T,26270_C|T,26529_G|C,26577_C|G,26610_A|G,26681_C|T,26709_G|A,26833_C|T,26858_C|T,27259_A|C,27382_G|C,27383_A|T,27384_T|C,27807_C|T,27810_T|C,28271_A|T,28297_T|C,28311_C|T,28881_G|A,28882_G|A,28883_G|C,28958_C|A,29409_C|T,29510_A|C,29762_C|T,11288_11296,21633_21641,21765_21770,21992_21994,22194_22196,23009_23011,28362_28370,29734_29759,21608_.|TCATGCCGCTGT
USA/VA-GBW-GKISBBBE80564/2025	XFG	21_C|T,44_C|T,241_C|T,670_T|G,683_C|T,897_C|A,2790_C|T,3037_C|T,3431_G|T,3565_T|C,4184_G|A,4214_T|C,4321_C|T,5239_C|T,6183_A|G,7842_A|G,7869_C|T,8293_C|T,8350_T|C,8393_G|A,8818_C|T,9344_C|T,9424_A|G,9534_C|T,10029_C|T,10198_C|T,10447_G|A,10449_C|A,11042_G|T,11727_G|A,12789_C|T,12815_C|T,12880_C|T,12892_G|A,13339_T|C,13427_G|A,14408_C|T,15714_C|T,15756_T|A,16457_C|T,16600_T|C,17410_C|T,18163_A|G,18492_A|G,18894_C|T,19955_C|T,20055_A|G,20178_C|T,21618_C|T,21622_C|T,21624_G|C,21627_C|A,21653_T|C,21711_C|T,21941_G|T,21987_G|A,22032_T|C,22033_C|A,22034_A|G,22107_A|G,22132_G|T,22200_T|G,22208_C|T,22295_C|A,22353_C|A,22556_A|G,22577_G|C,22578_G|A,22599_G|C,22629_A|C,22674_C|T,22679_T|C,22686_C|T,22688_A|G,22770_G|A,22775_G|A,22786_A|C,22792_C|T,22813_G|T,22882_T|G,22893_A|G,22895_G|C,22896_T|G,22898_G|A,22910_A|G,22916_C|T,22917_T|G,22926_T|C,22928_T|C,22942_T|A,22992_G|A,22995_C|A,23005_T|A,23012_G|A,23018_T|C,23019_T|C,23021_A|G,23039_C|G,23055_A|G,23063_A|T,23075_T|C,23222_G|A,23271_C|T,23277_C|T,23403_A|G,23423_C|T,23525_C|T,23599_T|G,23604_C|G,23854_C|A,23948_G|T,24378_C|T,24424_A|T,24469_T|A,24621_C|T,24990_C|T,25000_C|T,25207_C|T,25584_C|T,26060_C|T,26270_C|T,26529_G|C,26577_C|G,26610_A|G,26681_C|T,26709_G|A,26833_C|T,26858_C|T,27259_A|C,27382_G|C,27383_A|T,27384_T|C,27807_C|T,27810_T|C,28271_A|T,28297_T|C,28311_C|T,28881_G|A,28882_G|A,28883_G|C,28958_C|A,29409_C|T,29510_A|C,29666_C|T,11288_11296,21633_21641,21765_21770,21992_21994,22194_22196,23009_23011,28362_28370,29734_29759,21608_.|TCATGCCGCTGT
USA/VA-GBW-GKISBBBG94369/2025	XFG	21_C|T,44_C|T,241_C|T,670_T|G,897_C|A,2790_C|T,3037_C|T,3431_G|T,3565_T|C,4184_G|A,4214_T|C,4321_C|T,5239_C|T,6183_A|G,7842_A|G,7869_C|T,8293_C|T,8350_T|C,8389_C|T,8393_G|A,8802_C|T,8818_C|T,9344_C|T,9424_A|G,9534_C|T,10029_C|T,10198_C|T,10447_G|A,10449_C|A,11042_G|T,11727_G|A,12294_C|A,12789_C|T,12815_C|T,12880_C|T,12892_G|A,13339_T|C,13427_G|A,14408_C|T,15714_C|T,15756_T|A,16600_T|C,17410_C|T,18163_A|G,18492_A|G,18864_C|T,18894_C|T,19955_C|T,20055_A|G,20178_C|T,20544_C|T,21618_C|T,21622_C|T,21624_G|C,21627_C|A,21653_T|C,21711_C|T,21941_G|T,21987_G|A,22032_T|C,22033_C|A,22034_A|G,22051_G|T,22107_A|G,22132_G|T,22200_T|G,22208_C|T,22295_C|A,22353_C|A,22556_A|G,22577_G|C,22578_G|A,22599_G|C,22629_A|C,22674_C|T,22679_T|C,22686_C|T,22688_A|G,22770_G|A,22775_G|A,22786_A|C,22792_C|T,22813_G|T,22882_T|G,22893_A|G,22895_G|C,22896_T|G,22898_G|A,22910_A|G,22916_C|T,22917_T|G,22926_T|C,22928_T|C,22942_T|A,22992_G|A,22995_C|A,23005_T|A,23012_G|A,23018_T|C,23019_T|C,23021_A|G,23039_C|G,23055_A|G,23063_A|T,23075_T|C,23222_G|A,23271_C|T,23277_C|T,23403_A|G,23423_C|T,23525_C|T,23599_T|G,23604_C|G,23854_C|A,24378_C|T,24424_A|T,24469_T|A,24990_C|T,25000_C|T,25207_C|T,25584_C|T,26060_C|T,26270_C|T,26529_G|C,26577_C|G,26610_A|G,26681_C|T,26709_G|A,26833_C|T,26858_C|T,27259_A|C,27382_G|C,27383_A|T,27384_T|C,27807_C|T,27810_T|C,28271_A|T,28297_T|C,28311_C|T,28881_G|A,28882_G|A,28883_G|C,28958_C|A,29348_G|T,29409_C|T,29510_A|C,11288_11296,21633_21641,21765_21770,21992_21994,22194_22196,23009_23011,28362_28370,21608_.|TCATGCCGCTGT
USA/VA-GBW-GKISBBBH47716/2025	XFG	21_C|T,44_C|T,241_C|T,670_T|G,683_C|T,897_C|A,2790_C|T,3037_C|T,3431_G|T,3565_T|C,4184_G|A,4214_T|C,4321_C|T,5239_C|T,6183_A|G,7842_A|G,7869_C|T,8293_C|T,8350_T|C,8393_G|A,8818_C|T,9344_C|T,9424_A|G,9534_C|T,10029_C|T,10198_C|T,10447_G|A,10449_C|A,11042_G|T,11606_C|T,11727_G|A,12789_C|T,12815_C|T,12880_C|T,12892_G|A,13339_T|C,13427_G|A,14408_C|T,15714_C|T,15756_T|A,16338_C|T,16457_C|T,16600_T|C,17410_C|T,18163_A|G,18492_A|G,18894_C|T,19955_C|T,20055_A|G,20178_C|T,21618_C|T,21622_C|T,21624_G|C,21627_C|A,21653_T|C,21711_C|T,21941_G|T,21987_G|A,22032_T|C,22033_C|A,22034_A|G,22107_A|G,22132_G|T,22200_T|G,22208_C|T,22295_C|A,22353_C|A,22556_A|G,22577_G|C,22578_G|A,22599_G|C,22629_A|C,22674_C|T,22679_T|C,22686_C|T,22688_A|G,22770_G|A,22775_G|A,22786_A|C,22792_C|T,22813_G|T,22882_T|G,22893_A|G,22895_G|C,22896_T|G,22898_G|A,22910_A|G,22916_C|T,22917_T|G,22926_T|C,22928_T|C,22942_T|A,22992_G|A,22995_C|A,23005_T|A,23012_G|A,23018_T|C,23019_T|C,23021_A|G,23039_C|G,23055_A|G,23063_A|T,23075_T|C,23222_G|A,23271_C|T,23277_C|T,23403_A|G,23423_C|T,23525_C|T,23599_T|G,23604_C|G,23854_C|A,24378_C|T,24424_A|T,24469_T|A,24990_C|T,25000_C|T,25006_C|T,25207_C|T,25584_C|T,25690_G|T,26060_C|T,26270_C|T,26529_G|C,26577_C|G,26610_A|G,26681_C|T,26709_G|A,26833_C|T,26858_C|T,27259_A|C,27382_G|C,27383_A|T,27384_T|C,27807_C|T,27810_T|C,28271_A|T,28297_T|C,28311_C|T,28881_G|A,28882_G|A,28883_G|C,28958_C|A,29347_C|T,29409_C|T,29510_A|C,11288_11296,21633_21641,21765_21770,21992_21994,22194_22196,23009_23011,28362_28370,29734_29759,21608_.|TCATGCCGCTGT
USA/VA-GBW-GKISBBBH47775/2025	XFG	21_C|T,44_C|T,241_C|T,670_T|G,897_C|A,2790_C|T,3037_C|T,3431_G|T,3565_T|C,4184_G|A,4214_T|C,4321_C|T,5239_C|T,6183_A|G,7842_A|G,7869_C|T,8293_C|T,8350_T|C,8393_G|A,8818_C|T,9344_C|T,9424_A|G,9534_C|T,10029_C|T,10198_C|T,10447_G|A,10449_C|A,11042_G|T,11727_G|A,12789_C|T,12815_C|T,12880_C|T,12892_G|A,13339_T|C,13427_G|A,14408_C|T,15714_C|T,15756_T|A,16600_T|C,17410_C|T,18040_G|T,18163_A|G,18492_A|G,18894_C|T,19955_C|T,20055_A|G,20178_C|T,20762_C|T,21618_C|T,21622_C|T,21624_G|C,21627_C|A,21653_T|C,21711_C|T,21941_G|T,21987_G|A,22032_T|C,22033_C|A,22034_A|G,22107_A|G,22132_G|T,22200_T|G,22208_C|T,22295_C|A,22353_C|A,22556_A|G,22577_G|C,22578_G|A,22599_G|C,22629_A|C,22674_C|T,22679_T|C,22686_C|T,22688_A|G,22770_G|A,22775_G|A,22786_A|C,22792_C|T,22813_G|T,22882_T|G,22893_A|G,22895_G|C,22896_T|G,22898_G|A,22910_A|G,22916_C|T,22917_T|G,22926_T|C,22928_T|C,22942_T|A,22992_G|A,22995_C|A,23005_T|A,23012_G|A,23018_T|C,23019_T|C,23021_A|G,23039_C|G,23055_A|G,23063_A|T,23075_T|C,23222_G|A,23271_C|T,23277_C|T,23299_A|G,23403_A|G,23423_C|T,23525_C|T,23599_T|G,23604_C|A,23854_C|A,24378_C|T,24424_A|T,24469_T|A,24990_C|T,25000_C|T,25207_C|T,25584_C|T,26060_C|T,26270_C|T,26529_G|C,26577_C|G,26610_A|G,26681_C|T,26709_G|A,26833_C|T,26858_C|T,27259_A|C,27382_G|C,27383_A|T,27384_T|C,27807_C|T,27810_T|C,28271_A|T,28297_T|C,28311_C|T,28881_G|A,28882_G|A,28883_G|C,28958_C|A,29409_C|T,29431_G|A,29510_A|C,11288_11296,21633_21641,21765_21770,21992_21994,22194_22196,23009_23011,28362_28370,29734_29759,21608_.|TCATGCCGCTGT
USA/VA-GBW-GKPLAAAA64260/2025	XFG	21_C|T,44_C|T,241_C|T,670_T|G,897_C|A,2790_C|T,3037_C|T,3259_G|T,3431_G|T,3565_T|C,4184_G|A,4214_T|C,4321_C|T,5239_C|T,6183_A|G,6539_C|T,7842_A|G,7869_C|T,8293_C|T,8350_T|C,8393_G|A,8818_C|T,9344_C|T,9424_A|G,9534_C|T,10029_C|T,10198_C|T,10447_G|A,10449_C|A,11042_G|T,11727_G|A,12789_C|T,12815_C|T,12880_C|T,12892_G|A,13339_T|C,14408_C|T,15714_C|T,15756_T|A,16600_T|C,17007_T|C,17410_C|T,18163_A|G,18492_A|G,18894_C|T,19955_C|T,20055_A|G,21618_C|T,21622_C|T,21624_G|C,21627_C|A,21653_T|C,21711_C|T,21941_G|T,21987_G|A,22032_T|C,22033_C|A,22034_A|G,22107_A|G,22132_G|T,22200_T|G,22208_C|T,22295_C|A,22353_C|A,22556_A|G,22577_G|C,22578_G|A,22599_G|C,22629_A|C,22674_C|T,22679_T|C,22686_C|T,22688_A|G,22770_G|A,22775_G|A,22786_A|C,22792_C|T,22813_G|T,22882_T|G,22893_A|G,22895_G|C,22896_T|G,22898_G|A,22910_A|G,22916_C|T,22917_T|G,22926_T|C,22928_T|C,22942_T|A,22992_G|A,22995_C|A,23005_T|A,23012_G|A,23018_T|C,23019_T|C,23021_A|G,23039_C|G,23055_A|G,23063_A|T,23075_T|C,23148_A|C,23222_G|A,23271_C|T,23277_C|T,23403_A|G,23423_C|T,23525_C|T,23592_A|T,23599_T|G,23604_C|G,23854_C|A,23948_G|T,24378_C|T,24424_A|T,24469_T|A,24990_C|T,25000_C|T,25207_C|T,25352_G|T,25584_C|T,26060_C|T,26270_C|T,26529_G|C,26537_C|T,26577_C|G,26610_A|G,26681_C|T,26709_G|A,26833_C|T,26858_C|T,27259_A|C,27382_G|C,27383_A|T,27384_T|C,27754_G|C,27807_C|T,27810_T|C,28271_A|T,28297_T|C,28311_C|T,28881_G|A,28882_G|A,28883_G|C,28958_C|A,29409_C|T,29510_A|C,11288_11296,21633_21641,21765_21770,21992_21994,22194_22196,23009_23011,28362_28370,29734_29759,21608_.|TCATGCCGCTGT
USA/WA-GBW-GKISBBBF15072/2025	XFG	21_C|T,44_C|T,241_C|T,670_T|G,683_C|T,897_C|A,2790_C|T,3037_C|T,3431_G|T,3565_T|C,4184_G|A,4214_T|C,4321_C|T,5239_C|T,6183_A|G,6907_A|C,7842_A|G,7869_C|T,8293_C|T,8350_T|C,8393_G|A,8818_C|T,9344_C|T,9424_A|G,9534_C|T,10029_C|T,10198_C|T,10447_G|A,10449_C|A,11042_G|T,11083_G|T,11727_G|A,12789_C|T,12815_C|T,12880_C|T,12892_G|A,13339_T|C,13427_G|A,14408_C|T,15714_C|T,15756_T|A,16457_C|T,16600_T|C,17410_C|T,18163_A|G,18492_A|G,18894_C|T,19955_C|T,20055_A|G,20178_C|T,21575_C|T,21618_C|T,21622_C|T,21624_G|C,21627_C|A,21653_T|C,21711_C|T,21941_G|T,21987_G|A,22032_T|C,22033_C|A,22034_A|G,22107_A|G,22132_G|T,22200_T|G,22208_C|T,22295_C|A,22353_C|A,22556_A|G,22577_G|C,22578_G|A,22599_G|C,22629_A|C,22674_C|T,22679_T|C,22686_C|T,22688_A|G,22770_G|A,22775_G|A,22786_A|C,22792_C|T,22813_G|T,22882_T|G,22893_A|G,22895_G|C,22896_T|G,22898_G|A,22910_A|G,22916_C|T,22917_T|G,22926_T|C,22928_T|C,22942_T|A,22992_G|A,22995_C|A,23005_T|A,23012_G|A,23018_T|C,23019_T|C,23021_A|G,23039_C|G,23055_A|G,23063_A|T,23075_T|C,23222_G|A,23271_C|T,23277_C|T,23403_A|G,23423_C|T,23525_C|T,23599_T|G,23604_C|G,23854_C|A,24378_C|T,24424_A|T,24469_T|A,24990_C|T,25000_C|T,25207_C|T,25584_C|T,26060_C|T,26270_C|T,26529_G|C,26577_C|G,26610_A|G,26681_C|T,26709_G|A,26833_C|T,26858_C|T,27259_A|C,27382_G|C,27383_A|T,27384_T|C,27807_C|T,27810_T|C,28271_A|T,28297_T|C,28311_C|T,28881_G|A,28882_G|A,28883_G|C,28958_C|A,29409_C|T,29510_A|C,11288_11296,21633_21641,21765_21770,21992_21994,22194_22196,23009_23011,28362_28370,29734_29759,21608_.|TCATGCCGCTGT
IGS-10285-CVDP-794D5C09-E771-45E4-AD75-760BC588A793	XFG	241_C|T,670_T|G,897_C|A,2790_C|T,3037_C|T,3431_G|T,3565_T|C,4184_G|A,4214_T|C,4321_C|T,5239_C|T,6183_A|G,7842_A|G,7869_C|T,8293_C|T,8350_T|C,8393_G|A,8818_C|T,9079_A|G,9344_C|T,9424_A|G,9534_C|T,10029_C|T,10039_C|T,10198_C|T,10447_G|A,10449_C|A,11042_G|T,11727_G|A,12789_C|T,12815_C|T,12880_C|T,12892_G|A,13339_T|C,14408_C|T,15714_C|T,15756_T|A,16497_A|T,16600_T|C,17410_C|T,18163_A|G,18492_A|G,18894_C|T,19955_C|T,20055_A|G,20178_C|T,21618_C|T,21622_C|T,21624_G|C,21627_C|A,21653_T|C,21711_C|T,21941_G|T,21987_G|A,22032_T|C,22033_C|A,22034_A|G,22107_A|G,22132_G|T,22200_T|G,22208_C|T,22295_C|A,22353_C|A,22556_A|G,22577_G|C,22578_G|A,22599_G|C,22629_A|C,22674_C|T,22679_T|C,22686_C|T,22688_A|G,22770_G|A,22775_G|A,22786_A|C,22792_C|T,22813_G|T,22882_T|G,22893_A|G,22895_G|C,22896_T|G,22898_G|A,22910_A|G,22916_C|T,22917_T|G,22926_T|C,22928_T|C,22942_T|A,22992_G|A,22995_C|A,23005_T|A,23012_G|A,23018_T|C,23019_T|C,23021_A|G,23039_C|G,23055_A|G,23063_A|T,23075_T|C,23222_G|A,23271_C|T,23277_C|T,23403_A|G,23423_C|T,23525_C|T,23599_T|G,23604_C|G,23854_C|A,23948_G|T,24378_C|T,24424_A|T,24469_T|A,24990_C|T,25000_C|T,25207_C|T,25584_C|T,26060_C|T,26270_C|T,26529_G|C,26577_C|G,26610_A|G,26681_C|T,26709_G|A,26833_C|T,26858_C|T,27259_A|C,27382_G|C,27383_A|T,27384_T|C,27807_C|T,27810_T|C,28271_A|T,28297_T|C,28311_C|T,28881_G|A,28882_G|A,28883_G|C,28958_C|A,29409_C|T,29510_A|C,29666_C|T,11288_11296,21633_21641,21765_21770,21992_21994,22194_22196,23009_23011,28362_28370,29734_29759,21608_.|TCATGCCGCTGT
IGS-10285-CVDP-C3F74178-6328-4932-AA11-13677A50C011	XFG	241_C|T,670_T|G,897_C|A,2790_C|T,3037_C|T,3431_G|T,3565_T|C,4184_G|A,4214_T|C,4321_C|T,5239_C|T,6183_A|G,7842_A|G,7869_C|T,8293_C|T,8350_T|C,8393_G|A,8818_C|T,9079_A|G,9344_C|T,9424_A|G,9534_C|T,10029_C|T,10039_C|T,10198_C|T,10447_G|A,10449_C|A,11042_G|T,11727_G|A,12789_C|T,12815_C|T,12880_C|T,12892_G|A,13339_T|C,14408_C|T,15714_C|T,15756_T|A,16600_T|C,17410_C|T,18163_A|G,18492_A|G,18894_C|T,19955_C|T,20055_A|G,20178_C|T,21618_C|T,21622_C|T,21624_G|C,21627_C|A,21653_T|C,21711_C|T,21941_G|T,21987_G|A,22032_T|C,22033_C|A,22034_A|G,22107_A|G,22132_G|T,22200_T|G,22208_C|T,22295_C|A,22353_C|A,22556_A|G,22577_G|C,22578_G|A,22599_G|C,22629_A|C,22674_C|T,22679_T|C,22686_C|T,22688_A|G,22770_G|A,22775_G|A,22786_A|C,22792_C|T,22813_G|T,22882_T|G,22893_A|G,22895_G|C,22896_T|G,22898_G|A,22910_A|G,22916_C|T,22917_T|G,22926_T|C,22928_T|C,22942_T|A,22992_G|A,22995_C|A,23005_T|A,23012_G|A,23018_T|C,23019_T|C,23021_A|G,23039_C|G,23055_A|G,23063_A|T,23075_T|C,23222_G|A,23271_C|T,23277_C|T,23403_A|G,23423_C|T,23525_C|T,23599_T|G,23604_C|G,23854_C|A,23948_G|T,24378_C|T,24424_A|T,24469_T|A,24990_C|T,25000_C|T,25207_C|T,25584_C|T,25906_G|T,26060_C|T,26270_C|T,26529_G|C,26577_C|G,26610_A|G,26681_C|T,26709_G|A,26833_C|T,26858_C|T,26972_T|C,27259_A|C,27382_G|C,27383_A|T,27384_T|C,27807_C|T,27810_T|C,28271_A|T,28297_T|C,28311_C|T,28881_G|A,28882_G|A,28883_G|C,28958_C|A,29409_C|T,29510_A|C,11288_11296,21633_21641,21765_21770,21992_21994,22194_22196,23009_23011,28362_28370,29734_29759,21608_.|TCATGCCGCTGT
IGS-10285-CVDP-E2D94613-5D54-4F52-AC09-D6BAD7D34B3D	XFG	241_C|T,670_T|G,897_C|A,979_T|A,2790_C|T,3037_C|T,3431_G|T,3565_T|C,4184_G|A,4214_T|C,4321_C|T,5239_C|T,6183_A|G,6666_C|A,7842_A|G,7869_C|T,8293_C|T,8350_T|C,8393_G|A,8818_C|T,9344_C|T,9424_A|G,9534_C|T,10029_C|T,10198_C|T,10447_G|A,10449_C|A,11042_G|T,11727_G|A,11962_C|T,12789_C|T,12815_C|T,12880_C|T,12892_G|A,13339_T|C,14408_C|T,15714_C|T,15756_T|A,16600_T|C,17410_C|T,18163_A|G,18492_A|G,18894_C|T,19955_C|T,20055_A|G,20178_C|T,21618_C|T,21622_C|T,21624_G|C,21627_C|A,21653_T|C,21711_C|T,21941_G|T,21987_G|A,22032_T|C,22033_C|A,22034_A|G,22107_A|G,22132_G|T,22200_T|G,22208_C|T,22295_C|A,22353_C|A,22556_A|G,22577_G|C,22578_G|A,22599_G|C,22629_A|C,22674_C|T,22679_T|C,22686_C|T,22688_A|G,22770_G|A,22775_G|A,22786_A|C,22792_C|T,22813_G|T,22882_T|G,22893_A|G,22895_G|C,22896_T|G,22898_G|A,22910_A|G,22916_C|T,22917_T|G,22926_T|C,22928_T|C,22942_T|A,22992_G|A,22995_C|A,23005_T|A,23012_G|A,23018_T|C,23019_T|C,23021_A|G,23039_C|G,23055_A|G,23063_A|T,23075_T|C,23222_G|A,23271_C|T,23277_C|T,23403_A|G,23423_C|T,23525_C|T,23599_T|G,23604_C|G,23854_C|A,23948_G|T,24378_C|T,24424_A|T,24469_T|A,24990_C|T,25000_C|T,25207_C|T,25584_C|T,26060_C|T,26270_C|T,26529_G|C,26577_C|G,26610_A|G,26681_C|T,26709_G|A,26833_C|T,26858_C|T,27259_A|C,27382_G|C,27383_A|T,27384_T|C,27807_C|T,27810_T|C,28271_A|T,28297_T|C,28311_C|T,28881_G|A,28882_G|A,28883_G|C,28958_C|A,29409_C|T,29510_A|C,11288_11296,21633_21641,21765_21770,21992_21994,22194_22196,23009_23011,28362_28370,29734_29759,21608_.|TCATGCCGCTGT
IGS-10285-CVDP-EBF84D43-1F05-417F-BB83-223CAE22292E	XFG	241_C|T,670_T|G,897_C|A,979_T|A,2790_C|T,3037_C|T,3431_G|T,3565_T|C,4184_G|A,4214_T|C,4321_C|T,5239_C|T,6183_A|G,7842_A|G,7869_C|T,8293_C|T,8350_T|C,8393_G|A,8818_C|T,9344_C|T,9424_A|G,9534_C|T,10029_C|T,10198_C|T,10447_G|A,10449_C|A,11042_G|T,11727_G|A,11962_C|T,12789_C|T,12815_C|T,12880_C|T,12892_G|A,13339_T|C,14408_C|T,15714_C|T,15756_T|A,16600_T|C,17410_C|T,18163_A|G,18492_A|G,18894_C|T,19955_C|T,20055_A|G,20178_C|T,21618_C|T,21622_C|T,21624_G|C,21627_C|A,21653_T|C,21711_C|T,21941_G|T,21987_G|A,22032_T|C,22033_C|A,22034_A|G,22107_A|G,22132_G|T,22200_T|G,22208_C|T,22295_C|A,22353_C|A,22556_A|G,22577_G|C,22578_G|A,22599_G|C,22629_A|C,22674_C|T,22679_T|C,22686_C|T,22688_A|G,22770_G|A,22775_G|A,22786_A|C,22792_C|T,22813_G|T,22882_T|G,22893_A|G,22895_G|C,22896_T|G,22898_G|A,22910_A|G,22916_C|T,22917_T|G,22926_T|C,22928_T|C,22942_T|A,22992_G|A,22995_C|A,23005_T|A,23012_G|A,23018_T|C,23019_T|C,23021_A|G,23039_C|G,23055_A|G,23063_A|T,23075_T|C,23222_G|A,23271_C|T,23277_C|T,23403_A|G,23423_C|T,23525_C|T,23599_T|G,23604_C|G,23854_C|A,23948_G|T,24378_C|T,24424_A|T,24469_T|A,24990_C|T,25000_C|T,25207_C|T,25584_C|T,26060_C|T,26270_C|T,26529_G|C,26577_C|G,26610_A|G,26681_C|T,26709_G|A,26833_C|T,26858_C|T,27259_A|C,27382_G|C,27383_A|T,27384_T|C,27524_C|T,27807_C|T,27810_T|C,28271_A|T,28297_T|C,28311_C|T,28881_G|A,28882_G|A,28883_G|C,28958_C|A,29409_C|T,29510_A|C,11288_11296,21633_21641,21765_21770,21992_21994,22194_22196,23009_23011,28362_28370,29734_29759,21608_.|TCATGCCGCTGT
IGS-10285-CVDP-F1388871-B5B6-4B17-B9A8-4137C9FBED40	XFG	241_C|T,670_T|G,897_C|A,979_T|A,2790_C|T,3037_C|T,3431_G|T,3565_T|C,4184_G|A,4214_T|C,4321_C|T,5239_C|T,6183_A|G,6638_C|G,7842_A|G,7869_C|T,8293_C|T,8350_T|C,8393_G|A,8818_C|T,9344_C|T,9424_A|G,9534_C|T,10029_C|T,10198_C|T,10447_G|A,10449_C|A,11042_G|T,11727_G|A,12789_C|T,12815_C|T,12880_C|T,12892_G|A,13339_T|C,14408_C|T,15714_C|T,15756_T|A,16600_T|C,17410_C|T,18163_A|G,18492_A|G,18894_C|T,19554_C|T,19955_C|T,20055_A|G,20178_C|T,21618_C|T,21622_C|T,21624_G|C,21627_C|A,21653_T|C,21711_C|T,21941_G|T,21987_G|A,22032_T|C,22033_C|A,22034_A|G,22107_A|G,22132_G|T,22200_T|G,22208_C|T,22295_C|A,22353_C|A,22556_A|G,22577_G|C,22578_G|A,22599_G|C,22629_A|C,22674_C|T,22679_T|C,22686_C|T,22688_A|G,22770_G|A,22775_G|A,22786_A|C,22792_C|T,22813_G|T,22882_T|G,22893_A|G,22895_G|C,22896_T|G,22898_G|A,22910_A|G,22916_C|T,22917_T|G,22926_T|C,22928_T|C,22942_T|A,22992_G|A,22995_C|A,23005_T|A,23012_G|A,23018_T|C,23019_T|C,23021_A|G,23039_C|G,23055_A|G,23063_A|T,23075_T|C,23222_G|A,23271_C|T,23277_C|T,23403_A|G,23423_C|T,23525_C|T,23599_T|G,23604_C|G,23854_C|A,23948_G|T,24378_C|T,24424_A|T,24469_T|A,24990_C|T,25000_C|T,25207_C|T,25584_C|T,26060_C|T,26270_C|T,26529_G|C,26577_C|G,26610_A|G,26681_C|T,26709_G|A,26833_C|T,26858_C|T,27259_A|C,27382_G|C,27383_A|T,27384_T|C,27807_C|T,27810_T|C,28271_A|T,28297_T|C,28311_C|T,28881_G|A,28882_G|A,28883_G|C,28958_C|A,29409_C|T,29510_A|C,11288_11296,21633_21641,21765_21770,21992_21994,22194_22196,23009_23011,28362_28370,29734_29759,21608_.|TCATGCCGCTGT
IGS-10285-CVDP-F8A3D5AC-18B9-4450-AAE3-DC9C11493D71	XFG	241_C|T,670_T|G,683_C|T,897_C|A,2790_C|T,3037_C|T,3431_G|T,3565_T|C,4184_G|A,4214_T|C,4321_C|T,5239_C|T,6183_A|G,7090_T|C,7842_A|G,7869_C|T,8293_C|T,8350_T|C,8393_G|A,8818_C|T,9344_C|T,9424_A|G,9534_C|T,10029_C|T,10198_C|T,10447_G|A,10449_C|A,11042_G|T,11727_G|A,12789_C|T,12815_C|T,12880_C|T,12892_G|A,13339_T|C,14408_C|T,15714_C|T,15756_T|A,16457_C|T,16600_T|C,17410_C|T,18163_A|G,18492_A|G,18894_C|T,19955_C|T,20055_A|G,20178_C|T,21618_C|T,21622_C|T,21624_G|C,21627_C|A,21653_T|C,21711_C|T,21941_G|T,21987_G|A,22032_T|C,22033_C|A,22034_A|G,22107_A|G,22132_G|T,22200_T|G,22208_C|T,22295_C|A,22353_C|A,22556_A|G,22577_G|C,22578_G|A,22599_G|C,22629_A|C,22674_C|T,22679_T|C,22686_C|T,22688_A|G,22770_G|A,22775_G|A,22786_A|C,22792_C|T,22813_G|T,22882_T|G,22893_A|G,22895_G|C,22896_T|G,22898_G|A,22910_A|G,22916_C|T,22917_T|G,22926_T|C,22928_T|C,22942_T|A,22992_G|A,22995_C|A,23005_T|A,23012_G|A,23018_T|C,23019_T|C,23021_A|G,23039_C|G,23055_A|G,23063_A|T,23075_T|C,23222_G|A,23271_C|T,23277_C|T,23403_A|G,23423_C|T,23525_C|T,23599_T|G,23604_C|G,23854_C|A,23948_G|T,24378_C|T,24424_A|T,24469_T|A,24990_C|T,25000_C|T,25207_C|T,25584_C|T,26060_C|T,26270_C|T,26529_G|C,26577_C|G,26610_A|G,26681_C|T,26709_G|A,26833_C|T,26858_C|T,27259_A|C,27382_G|C,27383_A|T,27384_T|C,27807_C|T,27810_T|C,28271_A|T,28297_T|C,28311_C|T,28881_G|A,28882_G|A,28883_G|C,28958_C|A,29409_C|T,29510_A|C,29706_G|T,11288_11296,21633_21641,21765_21770,21992_21994,22194_22196,23009_23011,28362_28370,29734_29759,21608_.|TCATGCCGCTGT
