genomeID	true_lineage	nuc_changes
MEX/BCN_10916/2022	XAS	241_C|T,670_T|G,2790_C|T,3037_C|T,4184_G|A,4321_C|T,9344_C|T,9424_A|G,9534_C|T,10029_C|T,10198_C|T,10447_G|A,10449_C|A,12160_G|A,12880_C|T,14408_C|T,15714_C|T,16521_T|C,17410_C|T,18163_A|G,18397_G|A,19955_C|T,20055_A|G,20698_C|T,21618_C|T,21987_G|A,22200_T|G,22578_G|A,22674_C|T,22679_T|C,22686_C|T,22688_A|G,22775_G|A,22786_A|C,22813_G|T,22882_T|G,22917_T|G,22992_G|A,22995_C|A,23013_A|C,23018_T|G,23055_A|G,23063_A|T,23075_T|C,23403_A|G,23525_C|T,23599_T|G,23604_C|A,23854_C|A,23948_G|T,24424_A|T,24469_T|A,25000_C|T,25584_C|T,26060_C|T,26270_C|T,26340_C|T,26577_C|G,26709_G|A,26858_C|T,27259_A|C,27382_G|C,27383_A|T,27384_T|C,27807_C|T,27945_C|T,28271_A|T,28311_C|T,28881_G|A,28882_G|A,28883_G|C,29510_A|C,11288_11296,21633_21641,21765_21770,28362_28370,29734_29759
MEX/COL-IBT-IMSS-8742/2022	XAS	241_C|T,670_T|G,2790_C|T,3037_C|T,4184_G|A,4321_C|T,9344_C|T,9424_A|G,9534_C|T,10029_C|T,10183_C|T,10198_C|T,10447_G|A,10449_C|A,12160_G|A,12880_C|T,14408_C|T,15714_C|T,17410_C|T,18163_A|G,19955_C|T,20055_A|G,21618_C|T,21987_G|A,22104_G|T,22200_T|G,22578_G|A,22674_C|T,22679_T|C,22686_C|T,22688_A|G,22775_G|A,22786_A|C,22813_G|T,22882_T|G,22917_T|G,22992_G|A,22995_C|A,23013_A|C,23018_T|G,23055_A|G,23063_A|T,23075_T|C,23403_A|G,23525_C|T,23599_T|G,23604_C|A,23854_C|A,23948_G|T,24424_A|T,24469_T|A,25000_C|T,25584_C|T,25703_C|T,26060_C|T,26270_C|T,26577_C|G,26709_G|A,26858_C|T,27259_A|C,27382_G|C,27383_A|T,27384_T|C,27807_C|T,27945_C|T,28271_A|T,28311_C|T,28881_G|A,28882_G|A,28883_G|C,29510_A|C,11288_11296,21633_21641,21765_21770,28362_28370,29734_29759
MEX/COL_9814/2022	XAS	670_T|G,2790_C|T,3037_C|T,4184_G|A,4321_C|T,7307_C|A,9344_C|T,9424_A|G,9534_C|T,10029_C|T,10198_C|T,10447_G|A,10449_C|A,12160_G|A,12880_C|T,14408_C|T,15714_C|T,17410_C|T,18163_A|G,19955_C|T,20055_A|G,21618_C|T,21987_G|A,22200_T|G,22578_G|A,22674_C|T,22679_T|C,22686_C|T,22688_A|G,22775_G|A,22786_A|C,22813_G|T,22882_T|G,22917_T|G,22992_G|A,22995_C|A,23013_A|C,23018_T|G,23055_A|G,23063_A|T,23075_T|C,23403_A|G,23525_C|T,23599_T|G,23604_C|A,23854_C|A,23948_G|T,24424_A|T,24469_T|A,25000_C|T,25584_C|T,26060_C|T,26270_C|T,26577_C|G,26709_G|A,26858_C|T,27259_A|C,27382_G|C,27383_A|T,27384_T|C,27807_C|T,27945_C|T,28271_A|T,28311_C|T,28881_G|A,28882_G|A,28883_G|C,29510_A|C,515_523,11288_11296,21633_21641,21765_21770,28362_28370,29734_29759
MEX/GUA_10750/2022	XAS	241_C|T,670_T|G,2790_C|T,3037_C|T,4184_G|A,4321_C|T,5100_C|T,9344_C|T,9424_A|G,9534_C|T,10029_C|T,10198_C|T,10447_G|A,10449_C|A,12160_G|A,12880_C|T,14408_C|T,15714_C|T,17410_C|T,18163_A|G,19955_C|T,20055_A|G,21618_C|T,21987_G|A,22200_T|G,22578_G|A,22674_C|T,22679_T|C,22686_C|T,22688_A|G,22775_G|A,22786_A|C,22813_G|T,22882_T|G,22917_T|G,22992_G|A,22995_C|A,23013_A|C,23018_T|G,23055_A|G,23063_A|T,23075_T|C,23403_A|G,23525_C|T,23599_T|G,23604_C|A,23854_C|A,23948_G|T,24424_A|T,24469_T|A,25000_C|T,25584_C|T,25731_C|T,26060_C|T,26270_C|T,26577_C|G,26709_G|A,26858_C|T,27259_A|C,27382_G|C,27383_A|T,27384_T|C,27807_C|T,27945_C|T,28271_A|T,28311_C|T,28881_G|A,28882_G|A,28883_G|C,28904_G|A,29510_A|C,11288_11296,21633_21641,21765_21770,28362_28370,29734_29759
MEX/GUA_10763/2022	XAS	241_C|T,670_T|G,2790_C|T,3037_C|T,4184_G|A,4321_C|T,5539_G|A,9344_C|T,9424_A|G,9534_C|T,10029_C|T,10198_C|T,10447_G|A,10449_C|A,12160_G|A,12880_C|T,14408_C|T,15714_C|T,17410_C|T,17799_A|G,18163_A|G,19955_C|T,20055_A|G,21618_C|T,21987_G|A,22200_T|G,22578_G|A,22674_C|T,22679_T|C,22686_C|T,22688_A|G,22775_G|A,22786_A|C,22813_G|T,22882_T|G,22917_T|G,22992_G|A,22995_C|A,23013_A|C,23018_T|G,23055_A|G,23063_A|T,23075_T|C,23403_A|G,23525_C|T,23599_T|G,23604_C|A,23854_C|A,23948_G|T,24424_A|T,24469_T|A,25000_C|T,25584_C|T,25711_T|C,26060_C|T,26270_C|T,26577_C|G,26709_G|A,26858_C|T,27259_A|C,27382_G|C,27383_A|T,27384_T|C,27807_C|T,27945_C|T,28271_A|T,28311_C|T,28881_G|A,28882_G|A,28883_G|C,29422_G|T,29510_A|C,11288_11296,21633_21641,21765_21770,28362_28370,29734_29759
MEX/GUA_9266/2022	XAS	241_C|T,354_G|T,475_C|T,670_T|G,2790_C|T,3037_C|T,4184_G|A,9344_C|T,9424_A|G,9534_C|T,10029_C|T,10198_C|T,10447_G|A,10449_C|A,12160_G|A,12880_C|T,13818_C|T,14408_C|T,15714_C|T,17410_C|T,18163_A|G,19955_C|T,20055_A|G,21618_C|T,21987_G|A,22200_T|G,22578_G|A,22674_C|T,22679_T|C,22686_C|T,22688_A|G,22775_G|A,22786_A|C,22813_G|T,22882_T|G,22917_T|G,22992_G|A,22995_C|A,23013_A|C,23018_T|G,23055_A|G,23063_A|T,23075_T|C,23403_A|G,23525_C|T,23599_T|G,23604_C|A,23854_C|A,23948_G|T,24424_A|T,24469_T|A,25000_C|T,25584_C|T,26060_C|T,26270_C|T,26577_C|G,26709_G|A,26858_C|T,27259_A|C,27382_G|C,27383_A|T,27384_T|C,27807_C|T,27945_C|T,28271_A|T,28311_C|T,28881_G|A,28882_G|A,28883_G|C,29510_A|C,11288_11296,21633_21641,21765_21770,28362_28370,29734_29759
MEX/JAL_10483/2022	XAS	241_C|T,670_T|G,2790_C|T,3037_C|T,4184_G|A,4321_C|T,9344_C|T,9424_A|G,9534_C|T,10029_C|T,10198_C|T,10447_G|A,10449_C|A,12160_G|A,12880_C|T,14408_C|T,15123_T|C,15714_C|T,17410_C|T,18163_A|G,19955_C|T,20055_A|G,21618_C|T,21987_G|A,22200_T|G,22578_G|A,22674_C|T,22679_T|C,22686_C|T,22688_A|G,22775_G|A,22786_A|C,22813_G|T,22882_T|G,22917_T|G,22992_G|A,22995_C|A,23013_A|C,23018_T|G,23055_A|G,23063_A|T,23075_T|C,23403_A|G,23525_C|T,23599_T|G,23604_C|A,23854_C|A,23948_G|T,24424_A|T,24469_T|A,25000_C|T,25584_C|T,26060_C|T,26270_C|T,26577_C|G,26709_G|A,26858_C|T,27259_A|C,27382_G|C,27383_A|T,27384_T|C,27807_C|T,27945_C|T,28271_A|T,28311_C|T,28881_G|A,28882_G|A,28883_G|C,29510_A|C,11288_11296,21633_21641,21765_21770,28362_28370,29734_29759
MEX/JAL_10484/2022	XAS	241_C|T,670_T|G,2790_C|T,3037_C|T,4184_G|A,4321_C|T,9344_C|T,9424_A|G,9534_C|T,10029_C|T,10198_C|T,10447_G|A,10449_C|A,12160_G|A,12880_C|T,13515_C|T,14408_C|T,15714_C|T,17410_C|T,18163_A|G,19955_C|T,20055_A|G,21618_C|T,21987_G|A,22200_T|G,22578_G|A,22674_C|T,22679_T|C,22686_C|T,22688_A|G,22775_G|A,22786_A|C,22813_G|T,22882_T|G,22917_T|G,22992_G|A,22995_C|A,23013_A|C,23018_T|G,23055_A|G,23063_A|T,23075_T|C,23403_A|G,23525_C|T,23599_T|G,23604_C|A,23854_C|A,23948_G|T,24424_A|T,24469_T|A,25000_C|T,25584_C|T,25936_C|T,26060_C|T,26270_C|T,26577_C|G,26709_G|A,26858_C|T,27259_A|C,27382_G|C,27383_A|T,27384_T|C,27807_C|T,27945_C|T,28271_A|T,28311_C|T,28881_G|A,28882_G|A,28883_G|C,29510_A|C,11288_11296,21633_21641,21765_21770,28362_28370,29734_29759
MEX/JAL_10501/2022	XAS	241_C|T,670_T|G,2790_C|T,3037_C|T,4184_G|A,4321_C|T,9344_C|T,9424_A|G,9534_C|T,10029_C|T,10198_C|T,10447_G|A,10449_C|A,12160_G|A,12880_C|T,14408_C|T,15714_C|T,17410_C|T,18163_A|G,19955_C|T,20055_A|G,21618_C|T,21987_G|A,22200_T|G,22578_G|A,22674_C|T,22679_T|C,22686_C|T,22688_A|G,22775_G|A,22786_A|C,22813_G|T,22882_T|G,22917_T|G,22992_G|A,22995_C|A,23013_A|C,23018_T|G,23055_A|G,23063_A|T,23075_T|C,23403_A|G,23525_C|T,23599_T|G,23604_C|A,23854_C|A,23948_G|T,24424_A|T,24469_T|A,25000_C|T,25584_C|T,26060_C|T,26270_C|T,26577_C|G,26709_G|A,26858_C|T,27259_A|C,27382_G|C,27383_A|T,27384_T|C,27807_C|T,27945_C|T,28271_A|T,28311_C|T,28881_G|A,28882_G|A,28883_G|C,29510_A|C,11288_11296,21633_21641,21765_21770,28362_28370,29734_29759
MEX/JAL_10563/2022	XAS	241_C|T,670_T|G,2790_C|T,3037_C|T,4184_G|A,4321_C|T,8663_A|G,9344_C|T,9424_A|G,9534_C|T,10029_C|T,10198_C|T,10447_G|A,10449_C|A,12160_G|A,12880_C|T,14408_C|T,15714_C|T,17410_C|T,18163_A|G,19955_C|T,20055_A|G,21618_C|T,21987_G|A,22200_T|G,22578_G|A,22674_C|T,22679_T|C,22686_C|T,22688_A|G,22775_G|A,22786_A|C,22813_G|T,22882_T|G,22917_T|G,22992_G|A,22995_C|A,23013_A|C,23018_T|G,23055_A|G,23063_A|T,23075_T|C,23403_A|G,23525_C|T,23599_T|G,23604_C|A,23854_C|A,23948_G|T,24424_A|T,24469_T|A,25000_C|T,25584_C|T,26060_C|T,26270_C|T,26577_C|G,26709_G|A,26858_C|T,27259_A|C,27382_G|C,27383_A|T,27384_T|C,27807_C|T,27945_C|T,28271_A|T,28311_C|T,28881_G|A,28882_G|A,28883_G|C,29510_A|C,11288_11296,21633_21641,21765_21770,28362_28370,29734_29759
MEX/JAL_10772/2022	XAS	241_C|T,670_T|G,2581_A|C,2790_C|T,3037_C|T,4184_G|A,4207_G|T,4321_C|T,9344_C|T,9424_A|G,9438_C|T,9534_C|T,10029_C|T,10198_C|T,10447_G|A,10449_C|A,12160_G|A,12880_C|T,14408_C|T,15714_C|T,17410_C|T,18163_A|G,19955_C|T,20055_A|G,21618_C|T,21987_G|A,22200_T|G,22578_G|A,22674_C|T,22679_T|C,22686_C|T,22688_A|G,22775_G|A,22786_A|C,22813_G|T,22882_T|G,22917_T|G,22992_G|A,22995_C|A,23013_A|C,23018_T|G,23055_A|G,23063_A|T,23075_T|C,23403_A|G,23525_C|T,23599_T|G,23604_C|A,23854_C|A,23948_G|T,24424_A|T,24469_T|A,25000_C|T,25584_C|T,25672_C|A,26060_C|T,26270_C|T,26577_C|G,26709_G|A,26858_C|T,27259_A|C,27382_G|C,27383_A|T,27384_T|C,27807_C|T,27945_C|T,28271_A|T,28311_C|T,28881_G|A,28882_G|A,28883_G|C,29510_A|C,11288_11296,21633_21641,21765_21770,28362_28370,29734_29759
MEX/JAL_9081/2022	XAS	241_C|T,670_T|G,2790_C|T,3037_C|T,4184_G|A,9344_C|T,9424_A|G,9534_C|T,10029_C|T,10198_C|T,10447_G|A,10449_C|A,12160_G|A,12880_C|T,14408_C|T,15714_C|T,17410_C|T,18163_A|G,19955_C|T,20055_A|G,21618_C|T,21987_G|A,22200_T|G,22578_G|A,22674_C|T,22679_T|C,22686_C|T,22688_A|G,22775_G|A,22813_G|T,22882_T|G,22917_T|G,22992_G|A,22995_C|A,23013_A|C,23018_T|G,23055_A|G,23063_A|T,23075_T|C,23403_A|G,23525_C|T,23599_T|G,23604_C|A,23854_C|A,23948_G|T,24424_A|T,24469_T|A,25000_C|T,25584_C|T,26060_C|T,26151_C|T,26270_C|T,26709_G|A,26858_C|T,27259_A|C,27382_G|C,27383_A|T,27384_T|C,27807_C|T,27945_C|T,28271_A|T,28311_C|T,28881_G|A,28882_G|A,28883_G|C,29510_A|C,11288_11296,21633_21641,21765_21770,28362_28370,29734_29759
MEX/JAL_9530/2022	XAS	241_C|T,670_T|G,2790_C|T,3037_C|T,4184_G|A,4321_C|T,9344_C|T,9424_A|G,9534_C|T,10029_C|T,10198_C|T,10447_G|A,10449_C|A,12160_G|A,12880_C|T,14408_C|T,15714_C|T,17410_C|T,18163_A|G,19955_C|T,20055_A|G,21618_C|T,21987_G|A,22200_T|G,22578_G|A,22674_C|T,22679_T|C,22686_C|T,22688_A|G,22775_G|A,22786_A|C,22813_G|T,22882_T|G,22917_T|G,22992_G|A,22995_C|A,23013_A|C,23018_T|G,23055_A|G,23063_A|T,23075_T|C,23403_A|G,23525_C|T,23599_T|G,23604_C|A,23854_C|A,23948_G|T,24424_A|T,24469_T|A,25000_C|T,25584_C|T,26060_C|T,26270_C|T,26577_C|G,26709_G|A,26858_C|T,27259_A|C,27382_G|C,27383_A|T,27384_T|C,27807_C|T,27945_C|T,28271_A|T,28311_C|T,28881_G|A,28882_G|A,28883_G|C,29510_A|C,11288_11296,21633_21641,21765_21770,28362_28370,29734_29759
MEX/JAL_9793/2022	XAS	241_C|T,670_T|G,2790_C|T,3037_C|T,4184_G|A,4321_C|T,9344_C|T,9424_A|G,9534_C|T,10029_C|T,10198_C|T,10447_G|A,10449_C|A,12160_G|A,12880_C|T,14408_C|T,15714_C|T,17410_C|T,18163_A|G,19955_C|T,20055_A|G,21618_C|T,21987_G|A,22200_T|G,22578_G|A,22674_C|T,22679_T|C,22686_C|T,22688_A|G,22775_G|A,22786_A|C,22813_G|T,22882_T|G,22917_T|G,22992_G|A,22995_C|A,23013_A|C,23018_T|G,23055_A|G,23063_A|T,23075_T|C,23403_A|G,23525_C|T,23599_T|G,23604_C|A,23854_C|A,23948_G|T,24424_A|T,24469_T|A,25000_C|T,25584_C|T,26060_C|T,26270_C|T,26577_C|G,26709_G|A,26858_C|T,27259_A|C,27382_G|C,27383_A|T,27384_T|C,27807_C|T,27945_C|T,27972_C|T,28271_A|T,28311_C|T,28881_G|A,28882_G|A,28883_G|C,29510_A|C,11288_11296,21633_21641,21765_21770,28362_28370,29734_29759
MEX/JAL_9799/2022	XAS	241_C|T,670_T|G,1349_C|A,2790_C|T,3037_C|T,4184_G|A,4320_C|T,4321_C|T,9344_C|T,9424_A|G,9534_C|T,10029_C|T,10198_C|T,10447_G|A,10449_C|A,12160_G|A,12880_C|T,14267_C|T,14408_C|T,15714_C|T,17410_C|T,18163_A|G,19955_C|T,20055_A|G,21618_C|T,21987_G|A,22200_T|G,22578_G|A,22674_C|T,22679_T|C,22686_C|T,22688_A|G,22775_G|A,22786_A|C,22813_G|T,22882_T|G,22917_T|G,22992_G|A,22995_C|A,23013_A|C,23018_T|G,23055_A|G,23063_A|T,23075_T|C,23403_A|G,23525_C|T,23599_T|G,23604_C|A,23854_C|A,23948_G|T,24424_A|T,24469_T|A,25000_C|T,25584_C|T,25906_G|T,26060_C|T,26270_C|T,26577_C|G,26709_G|A,26858_C|T,27259_A|C,27382_G|C,27383_A|T,27384_T|C,27807_C|T,27945_C|T,28271_A|T,28311_C|T,28881_G|A,28882_G|A,28883_G|C,29510_A|C,11288_11296,21633_21641,21765_21770,28362_28370,29734_29759
MEX/JAL_9849/2022	XAS	241_C|T,670_T|G,2790_C|T,3037_C|T,3481_A|G,4184_G|A,4321_C|T,4763_C|T,9344_C|T,9424_A|G,9534_C|T,10029_C|T,10198_C|T,10447_G|A,10449_C|A,12160_G|A,12880_C|T,14408_C|T,15714_C|T,17410_C|T,18163_A|G,19955_C|T,20055_A|G,21618_C|T,21987_G|A,22200_T|G,22578_G|A,22674_C|T,22679_T|C,22686_C|T,22688_A|G,22775_G|A,22786_A|C,22813_G|T,22882_T|G,22917_T|G,22992_G|A,22995_C|A,23013_A|C,23018_T|G,23055_A|G,23063_A|T,23075_T|C,23403_A|G,23525_C|T,23599_T|G,23604_C|A,23854_C|A,23948_G|T,24424_A|T,24469_T|A,25000_C|T,25584_C|T,26060_C|T,26270_C|T,26365_G|A,26577_C|G,26709_G|A,26858_C|T,27259_A|C,27382_G|C,27383_A|T,27384_T|C,27807_C|T,27945_C|T,28271_A|T,28311_C|T,28881_G|A,28882_G|A,28883_G|C,29510_A|C,11288_11296,21633_21641,21765_21770,28362_28370,29734_29759
MEX/JAL_9858/2022	XAS	670_T|G,2790_C|T,3037_C|T,4184_G|A,8299_C|T,9344_C|T,9424_A|G,9534_C|T,10029_C|T,10198_C|T,10447_G|A,10449_C|A,12160_G|A,12880_C|T,14408_C|T,15714_C|T,17410_C|T,18163_A|G,19955_C|T,20055_A|G,21618_C|T,21987_G|A,22200_T|G,22578_G|A,22674_C|T,22679_T|C,22686_C|T,22688_A|G,22775_G|A,22786_A|C,22813_G|T,22882_T|G,22917_T|G,22992_G|A,22995_C|A,23013_A|C,23018_T|G,23055_A|G,23063_A|T,23075_T|C,23403_A|G,23525_C|T,23599_T|G,23604_C|A,23854_C|A,23948_G|T,24424_A|T,24469_T|A,25000_C|T,25584_C|T,26060_C|T,26270_C|T,26577_C|G,26709_G|A,26858_C|T,27259_A|C,27382_G|C,27383_A|T,27384_T|C,27807_C|T,27945_C|T,28271_A|T,28311_C|T,28881_G|A,28882_G|A,28883_G|C,29510_A|C,11288_11296,21633_21641,21765_21770,28362_28370,29734_29759
MEX/NLE_7644/2022	XAS	241_C|T,670_T|G,2790_C|T,3037_C|T,4184_G|A,4321_C|T,9344_C|T,9424_A|G,9534_C|T,10029_C|T,10198_C|T,10447_G|A,10449_C|A,12160_G|A,12880_C|T,14408_C|T,15521_T|A,15714_C|T,17410_C|T,18163_A|G,19955_C|T,20055_A|G,21618_C|T,21987_G|A,22200_T|G,22578_G|A,22674_C|T,22679_T|C,22686_C|T,22688_A|G,22775_G|A,22786_A|C,22813_G|T,22882_T|G,22917_T|G,22992_G|A,22995_C|A,23013_A|C,23018_T|G,23055_A|G,23063_A|T,23075_T|C,23403_A|G,23525_C|T,23599_T|G,23604_C|A,23854_C|A,23948_G|T,24424_A|T,24469_T|A,25000_C|T,25584_C|T,26060_C|T,26270_C|T,26577_C|G,26709_G|A,26858_C|T,27259_A|C,27382_G|C,27383_A|T,27384_T|C,27807_C|T,27945_C|T,28271_A|T,28311_C|T,28881_G|A,28882_G|A,28883_G|C,29510_A|C,11288_11296,21633_21641,21765_21770,28362_28370,29734_29759
MEX/NLE_7659/2022	XAS	241_C|T,670_T|G,2790_C|T,3037_C|T,4184_G|A,4321_C|T,9344_C|T,9424_A|G,9534_C|T,10029_C|T,10198_C|T,10447_G|A,10449_C|A,12160_G|A,12880_C|T,14408_C|T,15714_C|T,17410_C|T,18163_A|G,19955_C|T,20055_A|G,21618_C|T,21987_G|A,22200_T|G,22578_G|A,22674_C|T,22679_T|C,22686_C|T,22688_A|G,22775_G|A,22786_A|C,22813_G|T,22882_T|G,22917_T|G,22992_G|A,22995_C|A,23013_A|C,23018_T|G,23055_A|G,23063_A|T,23075_T|C,23403_A|G,23525_C|T,23599_T|G,23604_C|A,23854_C|A,23948_G|T,24424_A|T,24469_T|A,25000_C|T,25584_C|T,26060_C|T,26270_C|T,26577_C|G,26709_G|A,26858_C|T,27259_A|C,27382_G|C,27383_A|T,27384_T|C,27807_C|T,27945_C|T,28271_A|T,28311_C|T,28881_G|A,28882_G|A,28883_G|C,29510_A|C,11288_11296,21633_21641,21765_21770,28362_28370,29734_29759
OP550251	XAS	241_C|T,670_T|G,2790_C|T,3037_C|T,4184_G|A,4321_C|T,9344_C|T,9424_A|G,9534_C|T,10029_C|T,10198_C|T,10447_G|A,10449_C|A,12160_G|A,12880_C|T,14408_C|T,15714_C|T,17410_C|T,18163_A|G,19955_C|T,20055_A|G,21618_C|T,21987_G|A,22200_T|G,22578_G|A,22674_C|T,22679_T|C,22686_C|T,22688_A|G,22775_G|A,22786_A|C,22813_G|T,22882_T|G,22896_T|C,22917_T|G,22992_G|A,22995_C|A,23013_A|C,23018_T|G,23055_A|G,23063_A|T,23075_T|C,23403_A|G,23525_C|T,23599_T|G,23604_C|A,23854_C|A,23948_G|T,24424_A|T,24469_T|A,25000_C|T,25584_C|T,26060_C|T,26270_C|T,26577_C|G,26709_G|A,26858_C|T,26873_C|T,27259_A|C,27382_G|C,27383_A|T,27384_T|C,27807_C|T,27945_C|T,28271_A|T,28311_C|T,28881_G|A,28882_G|A,28883_G|C,29510_A|C,29806_A|G,11288_11296,21633_21641,21765_21770,28362_28370,29734_29759
OY038112	XAS	241_C|T,670_T|G,912_C|T,1968_C|T,2790_C|T,3037_C|T,4184_G|A,4321_C|T,9344_C|T,9424_A|G,9534_C|T,10029_C|T,10198_C|T,10447_G|A,10449_C|A,12160_G|A,12880_C|T,14408_C|T,15714_C|T,17410_C|T,18163_A|G,19955_C|T,20055_A|G,21618_C|T,21987_G|A,22200_T|G,22578_G|A,22674_C|T,22679_T|C,22686_C|T,22688_A|G,22775_G|A,22786_A|C,22917_T|G,22992_G|A,22995_C|A,23013_A|C,23018_T|G,23055_A|G,23063_A|T,23075_T|C,23403_A|G,23525_C|T,23599_T|G,23604_C|A,23854_C|A,23948_G|T,24424_A|T,24469_T|A,25000_C|T,25584_C|T,26060_C|T,26270_C|T,26577_C|G,26709_G|A,26858_C|T,27259_A|C,27382_G|C,27383_A|T,27384_T|C,27807_C|T,27945_C|T,28271_A|T,28311_C|T,28881_G|A,28882_G|A,28883_G|C,29510_A|C,11288_11296,21633_21641,21765_21770,28362_28370,29734_29759
OY038483	XAS	241_C|T,670_T|G,1420_C|A,2790_C|T,3037_C|T,4184_G|A,4321_C|T,9344_C|T,9424_A|G,9534_C|T,10029_C|T,10447_G|A,10449_C|A,12160_G|A,12880_C|T,14408_C|T,15714_C|T,17410_C|T,18163_A|G,19955_C|T,20055_A|G,21618_C|T,21987_G|A,22200_T|G,22480_C|T,22578_G|A,22674_C|T,22679_T|C,22686_C|T,22688_A|G,22775_G|A,22786_A|C,22813_G|T,22882_T|G,22917_T|G,22992_G|A,22995_C|A,23013_A|C,23018_T|G,23055_A|G,23063_A|T,23075_T|C,23403_A|G,23525_C|T,23599_T|G,23604_C|A,23854_C|A,23948_G|T,24424_A|T,24469_T|A,25000_C|T,25584_C|T,26060_C|T,26270_C|T,26577_C|G,26709_G|A,26858_C|T,27259_A|C,27382_G|C,27383_A|T,27384_T|C,27807_C|T,27945_C|T,28271_A|T,28311_C|T,28361_G|T,28881_G|A,28882_G|A,28883_G|C,29510_A|C,11288_11296,21633_21641,21765_21770,28362_28370,29734_29759
OZ190440	XAS	241_C|T,670_T|G,2790_C|T,3037_C|T,4184_G|A,4321_C|T,9344_C|T,9424_A|G,9534_C|T,10029_C|T,10198_C|T,10447_G|A,10449_C|A,12160_G|A,12880_C|T,14408_C|T,15714_C|T,17410_C|T,18163_A|G,19955_C|T,20055_A|G,21618_C|T,21987_G|A,22200_T|G,22578_G|A,22674_C|T,22679_T|C,22686_C|T,22688_A|G,22775_G|A,22786_A|C,22813_G|T,22882_T|G,22917_T|G,22992_G|A,22995_C|A,23013_A|C,23018_T|G,23055_A|G,23063_A|T,23075_T|C,23403_A|G,23525_C|T,23599_T|G,23604_C|A,23854_C|A,23948_G|T,24424_A|T,24469_T|A,25000_C|T,25584_C|T,26060_C|T,26270_C|T,26577_C|G,26709_G|A,26858_C|T,27259_A|C,27382_G|C,27383_A|T,27384_T|C,27807_C|T,27945_C|T,28271_A|T,28311_C|T,28881_G|A,28882_G|A,28883_G|C,29510_A|C,11288_11296,21633_21641,21765_21770,28362_28370,29734_29759
Switzerland/BL-UHB-8f9b9836/2022	XAS	241_C|T,670_T|G,2790_C|T,3037_C|T,4184_G|A,4321_C|T,9226_C|T,9344_C|T,9424_A|G,9534_C|T,10029_C|T,10198_C|T,10447_G|A,10449_C|A,12160_G|A,12880_C|T,14408_C|T,15714_C|T,17410_C|T,18163_A|G,19955_C|T,20055_A|G,20318_A|G,21618_C|T,21987_G|A,22197_T|C,22200_T|G,22578_G|A,22674_C|T,22679_T|C,22686_C|T,22688_A|G,22775_G|A,22786_A|C,22813_G|T,22882_T|G,22896_T|C,22917_T|G,22992_G|A,22995_C|A,23013_A|C,23018_T|G,23055_A|G,23063_A|T,23075_T|C,23403_A|G,23525_C|T,23599_T|G,23604_C|A,23854_C|A,23948_G|T,24424_A|T,24469_T|A,25000_C|T,25584_C|T,26060_C|T,26270_C|T,26577_C|G,26709_G|A,26858_C|T,27259_A|C,27382_G|C,27383_A|T,27384_T|C,27807_C|T,27945_C|T,28271_A|T,28311_C|T,28881_G|A,28882_G|A,28883_G|C,29510_A|C,11288_11296,21633_21641,21765_21770,28362_28370,29734_29759
USA/AL-CDC-STM-4B8Q9BP5D/2022	XAS	44_C|T,241_C|T,670_T|G,2790_C|T,3037_C|T,3695_C|T,4184_G|A,4321_C|T,9344_C|T,9424_A|G,9534_C|T,10029_C|T,10198_C|T,10447_G|A,10449_C|A,12160_G|A,12880_C|T,14408_C|T,15714_C|T,17410_C|T,18163_A|G,19955_C|T,20055_A|G,21123_G|T,21618_C|T,21987_G|A,22200_T|G,22578_G|A,22674_C|T,22679_T|C,22686_C|T,22688_A|G,22775_G|A,22786_A|C,22813_G|T,22882_T|G,22917_T|G,22992_G|A,22995_C|A,23013_A|C,23018_T|G,23055_A|G,23063_A|T,23075_T|C,23403_A|G,23525_C|T,23599_T|G,23604_C|A,23854_C|A,23948_G|T,24424_A|T,24469_T|A,25000_C|T,25584_C|T,26060_C|T,26270_C|T,26577_C|G,26709_G|A,26858_C|T,27259_A|C,27382_G|C,27383_A|T,27384_T|C,27807_C|T,27945_C|T,28271_A|T,28311_C|T,28881_G|A,28882_G|A,28883_G|C,29510_A|C,11288_11296,21633_21641,21765_21770,28362_28370,29734_29759
USA/AR-CDC-LC0812384/2022	XAS	44_C|T,241_C|T,401_C|T,670_T|G,2790_C|T,3037_C|T,4184_G|A,4321_C|T,9344_C|T,9424_A|G,9534_C|T,10029_C|T,10198_C|T,10447_G|A,10449_C|A,12160_G|A,12880_C|T,14408_C|T,15714_C|T,17410_C|T,18163_A|G,19955_C|T,20055_A|G,21618_C|T,21987_G|A,22200_T|G,22578_G|A,22674_C|T,22679_T|C,22686_C|T,22688_A|G,22775_G|A,22786_A|C,22813_G|T,22882_T|G,22917_T|G,22992_G|A,22995_C|A,23013_A|C,23018_T|G,23055_A|G,23063_A|T,23075_T|C,23403_A|G,23525_C|T,23599_T|G,23604_C|A,23854_C|A,23948_G|T,24424_A|T,24469_T|A,25000_C|T,25104_A|G,25584_C|T,26060_C|T,26270_C|T,26577_C|G,26709_G|A,26858_C|T,27259_A|C,27382_G|C,27383_A|T,27384_T|C,27765_C|T,27807_C|T,27945_C|T,28271_A|T,28311_C|T,28881_G|A,28882_G|A,28883_G|C,29510_A|C,11288_11296,21633_21641,21765_21770,28362_28370,29734_29759
USA/AZ-CDC-LC0833993/2022	XAS	241_C|T,670_T|G,2790_C|T,3037_C|T,4184_G|A,4321_C|T,6380_C|T,9344_C|T,9424_A|G,9534_C|T,10029_C|T,10198_C|T,10447_G|A,10449_C|A,12160_G|A,12880_C|T,14408_C|T,15714_C|T,17410_C|T,18163_A|G,19955_C|T,20055_A|G,21618_C|T,21987_G|A,22200_T|G,22578_G|A,22674_C|T,22679_T|C,22686_C|T,22688_A|G,22775_G|A,22786_A|C,22813_G|T,22882_T|G,22917_T|G,22992_G|A,22995_C|A,23013_A|C,23018_T|G,23055_A|G,23063_A|T,23075_T|C,23403_A|G,23525_C|T,23599_T|G,23604_C|A,23854_C|A,23948_G|T,24424_A|T,24469_T|A,25000_C|T,25584_C|T,26060_C|T,26270_C|T,26577_C|G,26709_G|A,26858_C|T,27259_A|C,27382_G|C,27383_A|T,27384_T|C,27807_C|T,27945_C|T,28271_A|T,28311_C|T,28881_G|A,28882_G|A,28883_G|C,29510_A|C,11288_11296,21633_21641,21765_21770,28362_28370,29734_29759
USA/AZ-CDC-STM-CYR528MBE/2022	XAS	44_C|T,241_C|T,670_T|G,2790_C|T,3037_C|T,3253_C|T,4184_G|A,4321_C|T,9344_C|T,9424_A|G,9534_C|T,10029_C|T,10198_C|T,10447_G|A,10449_C|A,12160_G|A,12880_C|T,14408_C|T,15714_C|T,17410_C|T,18163_A|G,19955_C|T,20055_A|G,21618_C|T,21987_G|A,22200_T|G,22578_G|A,22674_C|T,22679_T|C,22686_C|T,22688_A|G,22775_G|A,22786_A|C,22813_G|T,22882_T|G,22917_T|G,22992_G|A,22995_C|A,23013_A|C,23018_T|G,23055_A|G,23063_A|T,23075_T|C,23403_A|G,23525_C|T,23599_T|G,23604_C|A,23854_C|A,23948_G|T,24424_A|T,24469_T|A,25000_C|T,25584_C|T,26060_C|T,26270_C|T,26577_C|G,26709_G|A,26858_C|T,27259_A|C,27382_G|C,27383_A|T,27384_T|C,27807_C|T,27945_C|T,28209_G|T,28271_A|T,28311_C|T,28881_G|A,28882_G|A,28883_G|C,29510_A|C,11288_11296,21633_21641,21765_21770,28362_28370,29734_29759
USA/AZ-CDC-STM-XA4H3G265/2022	XAS	44_C|T,241_C|T,670_T|G,1387_C|T,2137_C|T,2790_C|T,3037_C|T,4184_G|A,4321_C|T,9344_C|T,9424_A|G,9534_C|T,10029_C|T,10198_C|T,10323_A|G,10447_G|A,10449_C|A,12160_G|A,12786_C|T,12880_C|T,14408_C|T,15714_C|T,17410_C|T,18163_A|G,19955_C|T,20055_A|G,21618_C|T,21987_G|A,22200_T|G,22578_G|A,22674_C|T,22679_T|C,22686_C|T,22688_A|G,22775_G|A,22786_A|C,22813_G|T,22882_T|G,22917_T|G,22992_G|A,22995_C|A,23013_A|C,23018_T|G,23055_A|G,23063_A|T,23075_T|C,23403_A|G,23525_C|T,23599_T|G,23604_C|A,23854_C|A,23948_G|T,24424_A|T,24469_T|A,25000_C|T,25584_C|T,26060_C|T,26270_C|T,26577_C|G,26709_G|A,26858_C|T,27259_A|C,27382_G|C,27383_A|T,27384_T|C,27807_C|T,27945_C|T,28153_C|A,28271_A|T,28311_C|T,28531_C|T,28881_G|A,28882_G|A,28883_G|C,29510_A|C,11288_11296,21633_21641,21765_21770,28362_28370,29734_29759
USA/CA-CDC-LC0753851/2022	XAS	241_C|T,670_T|G,2790_C|T,3037_C|T,4184_G|A,4321_C|T,9344_C|T,9424_A|G,9534_C|T,10029_C|T,10198_C|T,10447_G|A,10449_C|A,12160_G|A,12880_C|T,14408_C|T,15714_C|T,17410_C|T,18028_G|T,18163_A|G,19955_C|T,20055_A|G,21618_C|T,21987_G|A,22200_T|G,22578_G|A,22674_C|T,22679_T|C,22686_C|T,22688_A|G,22775_G|A,22786_A|C,22813_G|T,22882_T|G,22917_T|G,22992_G|A,22995_C|A,23013_A|C,23018_T|G,23055_A|G,23063_A|T,23075_T|C,23403_A|G,23525_C|T,23599_T|G,23604_C|A,23854_C|A,23948_G|T,24424_A|T,24469_T|A,25000_C|T,25584_C|T,26060_C|T,26270_C|T,26577_C|G,26709_G|A,26858_C|T,27259_A|C,27382_G|C,27383_A|T,27384_T|C,27807_C|T,27945_C|T,28271_A|T,28311_C|T,28881_G|A,28882_G|A,28883_G|C,29510_A|C,11288_11296,21633_21641,21765_21770,28362_28370,29734_29759
USA/CA-CDC-LC0764807/2022	XAS	44_C|T,241_C|T,670_T|G,2790_C|T,3037_C|T,4184_G|A,4321_C|T,9344_C|T,9424_A|G,9534_C|T,10029_C|T,10198_C|T,10447_G|A,10449_C|A,12160_G|A,12880_C|T,14408_C|T,15714_C|T,17410_C|T,18163_A|G,19955_C|T,20055_A|G,21618_C|T,21987_G|A,22200_T|G,22578_G|A,22674_C|T,22679_T|C,22686_C|T,22688_A|G,22775_G|A,22786_A|C,22813_G|T,22882_T|G,22917_T|G,22992_G|A,22995_C|A,23013_A|C,23018_T|G,23055_A|G,23063_A|T,23075_T|C,23403_A|G,23525_C|T,23599_T|G,23604_C|A,23854_C|A,23948_G|T,24424_A|T,24469_T|A,25000_C|T,25584_C|T,26060_C|T,26270_C|T,26577_C|G,26709_G|A,26858_C|T,27259_A|C,27382_G|C,27383_A|T,27384_T|C,27807_C|T,27945_C|T,28271_A|T,28311_C|T,28881_G|A,28882_G|A,28883_G|C,29510_A|C,11288_11296,21633_21641,21765_21770,28362_28370,29734_29759
USA/CA-CDC-LC0770767/2022	XAS	241_C|T,670_T|G,2790_C|T,3037_C|T,4180_G|A,4184_G|A,4321_C|T,7307_C|A,9344_C|T,9424_A|G,9534_C|T,10029_C|T,10198_C|T,10447_G|A,10449_C|A,12160_G|A,12880_C|T,14408_C|T,15714_C|T,17410_C|T,18163_A|G,19955_C|T,20055_A|G,21618_C|T,21987_G|A,22200_T|G,22578_G|A,22674_C|T,22679_T|C,22686_C|T,22688_A|G,22775_G|A,22786_A|C,22813_G|T,22882_T|G,22917_T|G,22992_G|A,22995_C|A,23013_A|C,23018_T|G,23055_A|G,23063_A|T,23075_T|C,23403_A|G,23525_C|T,23599_T|G,23604_C|A,23854_C|A,23948_G|T,24230_G|A,24424_A|T,24469_T|A,25000_C|T,25584_C|T,26060_C|T,26270_C|T,26577_C|G,26709_G|A,26858_C|T,27259_A|C,27382_G|C,27383_A|T,27384_T|C,27807_C|T,27945_C|T,28271_A|T,28311_C|T,28881_G|A,28882_G|A,28883_G|C,29510_A|C,11288_11296,21633_21641,21765_21770,28362_28370,29734_29759
USA/CA-CDC-LC0785265/2022	XAS	241_C|T,670_T|G,2790_C|T,3037_C|T,4184_G|A,4321_C|T,6380_C|T,9344_C|T,9424_A|G,9534_C|T,10029_C|T,10198_C|T,10447_G|A,10449_C|A,12160_G|A,12880_C|T,14408_C|T,15714_C|T,17410_C|T,18163_A|G,19955_C|T,20055_A|G,21618_C|T,21987_G|A,22200_T|G,22578_G|A,22674_C|T,22679_T|C,22686_C|T,22688_A|G,22775_G|A,22786_A|C,22813_G|T,22882_T|G,22917_T|G,22992_G|A,22995_C|A,23013_A|C,23018_T|G,23055_A|G,23063_A|T,23075_T|C,23403_A|G,23525_C|T,23599_T|G,23604_C|A,23854_C|A,23948_G|T,24424_A|T,24469_T|A,25000_C|T,25584_C|T,26060_C|T,26270_C|T,26577_C|G,26709_G|A,26858_C|T,27259_A|C,27382_G|C,27383_A|T,27384_T|C,27807_C|T,27945_C|T,28271_A|T,28311_C|T,28881_G|A,28882_G|A,28883_G|C,29510_A|C,11288_11296,21633_21641,21765_21770,28362_28370,29734_29759
USA/CA-CDC-LC0791746/2022	XAS	44_C|T,241_C|T,670_T|G,2790_C|T,3037_C|T,4184_G|A,4321_C|T,5629_G|T,9344_C|T,9424_A|G,9534_C|T,10029_C|T,10198_C|T,10447_G|A,10449_C|A,12160_G|A,12880_C|T,14408_C|T,15714_C|T,17410_C|T,18163_A|G,19955_C|T,20055_A|G,21618_C|T,21987_G|A,22200_T|G,22578_G|A,22674_C|T,22679_T|C,22686_C|T,22688_A|G,22775_G|A,22786_A|C,22813_G|T,22882_T|G,22917_T|G,22992_G|A,22995_C|A,23013_A|C,23018_T|G,23055_A|G,23063_A|T,23075_T|C,23403_A|G,23525_C|T,23599_T|G,23604_C|A,23854_C|A,23948_G|T,24424_A|T,24469_T|A,25000_C|T,25584_C|T,26060_C|T,26270_C|T,26577_C|G,26709_G|A,26858_C|T,27259_A|C,27382_G|C,27383_A|T,27384_T|C,27389_C|T,27807_C|T,27945_C|T,28271_A|T,28311_C|T,28881_G|A,28882_G|A,28883_G|C,29510_A|C,11288_11296,21633_21641,21765_21770,28362_28370,29734_29759
USA/CA-CDC-LC0796952/2022	XAS	241_C|T,670_T|G,2790_C|T,3037_C|T,4184_G|A,4321_C|T,9344_C|T,9424_A|G,9534_C|T,10029_C|T,10198_C|T,10447_G|A,10449_C|A,12160_G|A,12880_C|T,14408_C|T,15714_C|T,17410_C|T,18163_A|G,19955_C|T,20055_A|G,21618_C|T,21987_G|A,22200_T|G,22578_G|A,22674_C|T,22679_T|C,22686_C|T,22688_A|G,22775_G|A,22786_A|C,22813_G|T,22882_T|G,22917_T|G,22992_G|A,22995_C|A,23013_A|C,23018_T|G,23055_A|G,23063_A|T,23075_T|C,23403_A|G,23525_C|T,23599_T|G,23604_C|A,23854_C|A,23948_G|T,24424_A|T,24469_T|A,25000_C|T,25584_C|T,26060_C|T,26270_C|T,26577_C|G,26709_G|A,26858_C|T,27259_A|C,27382_G|C,27383_A|T,27384_T|C,27807_C|T,27945_C|T,28271_A|T,28311_C|T,28881_G|A,28882_G|A,28883_G|C,29510_A|C,11288_11296,21633_21641,21765_21770,28362_28370,29734_29759
USA/CA-CDC-LC0807408/2022	XAS	44_C|T,241_C|T,670_T|G,2229_G|T,2790_C|T,3037_C|T,4184_G|A,4321_C|T,9344_C|T,9424_A|G,9534_C|T,10029_C|T,10198_C|T,10447_G|A,10449_C|A,12160_G|A,12880_C|T,14408_C|T,15714_C|T,17410_C|T,18163_A|G,19955_C|T,20055_A|G,21618_C|T,21987_G|A,22200_T|G,22578_G|A,22674_C|T,22679_T|C,22686_C|T,22688_A|G,22775_G|A,22786_A|C,22813_G|T,22882_T|G,22917_T|G,22992_G|A,22995_C|A,23013_A|C,23018_T|G,23055_A|G,23063_A|T,23075_T|C,23403_A|G,23525_C|T,23599_T|G,23604_C|A,23854_C|A,23948_G|T,24424_A|T,24469_T|A,25000_C|T,25584_C|T,26060_C|T,26270_C|T,26577_C|G,26709_G|A,26858_C|T,27259_A|C,27382_G|C,27383_A|T,27384_T|C,27807_C|T,27945_C|T,28271_A|T,28311_C|T,28881_G|A,28882_G|A,28883_G|C,29510_A|C,11288_11296,21633_21641,21765_21770,28362_28370,29734_29759
USA/CA-CDC-LC0812867/2022	XAS	44_C|T,241_C|T,670_T|G,2790_C|T,3037_C|T,4184_G|A,4321_C|T,9344_C|T,9424_A|G,9534_C|T,10029_C|T,10198_C|T,10447_G|A,10449_C|A,12160_G|A,12880_C|T,14408_C|T,15714_C|T,17410_C|T,18163_A|G,19955_C|T,20055_A|G,21618_C|T,21987_G|A,22200_T|G,22578_G|A,22674_C|T,22679_T|C,22686_C|T,22688_A|G,22775_G|A,22786_A|C,22813_G|T,22882_T|G,22917_T|G,22992_G|A,22995_C|A,23013_A|C,23018_T|G,23055_A|G,23063_A|T,23075_T|C,23403_A|G,23525_C|T,23599_T|G,23604_C|A,23854_C|A,23948_G|T,24237_C|T,24424_A|T,24469_T|A,25000_C|T,25584_C|T,26060_C|T,26270_C|T,26577_C|G,26709_G|A,26858_C|T,27259_A|C,27382_G|C,27383_A|T,27384_T|C,27807_C|T,27945_C|T,28271_A|T,28311_C|T,28507_C|T,28881_G|A,28882_G|A,28883_G|C,29510_A|C,11288_11296,21633_21641,21765_21770,28362_28370,29734_29759
USA/CA-CDC-LC0816442/2022	XAS	44_C|T,241_C|T,670_T|G,2790_C|T,3037_C|T,4184_G|A,4321_C|T,5804_T|A,9344_C|T,9424_A|G,9534_C|T,10029_C|T,10198_C|T,10447_G|A,10449_C|A,12160_G|A,12880_C|T,14408_C|T,15714_C|T,17339_C|T,17410_C|T,17703_C|T,18163_A|G,19955_C|T,20055_A|G,21618_C|T,21987_G|A,22200_T|G,22578_G|A,22674_C|T,22679_T|C,22686_C|T,22688_A|G,22775_G|A,22786_A|C,22813_G|T,22882_T|G,22917_T|G,22992_G|A,22995_C|A,23013_A|C,23018_T|G,23055_A|G,23063_A|T,23075_T|C,23403_A|G,23525_C|T,23599_T|G,23604_C|A,23854_C|A,23948_G|T,24424_A|T,24469_T|A,25000_C|T,25584_C|T,26060_C|T,26270_C|T,26577_C|G,26709_G|A,26858_C|T,27259_A|C,27382_G|C,27383_A|T,27384_T|C,27807_C|T,27945_C|T,28271_A|T,28311_C|T,28881_G|A,28882_G|A,28883_G|C,29510_A|C,11288_11296,21633_21641,21765_21770,28362_28370,29734_29759
USA/CA-CDC-LC0816586/2022	XAS	241_C|T,670_T|G,2790_C|T,3037_C|T,4184_G|A,4321_C|T,9344_C|T,9424_A|G,9534_C|T,10029_C|T,10198_C|T,10447_G|A,10449_C|A,12160_G|A,12880_C|T,14408_C|T,15714_C|T,17410_C|T,18163_A|G,19955_C|T,20055_A|G,21618_C|T,21987_G|A,22200_T|G,22578_G|A,22674_C|T,22679_T|C,22686_C|T,22688_A|G,22775_G|A,22786_A|C,22813_G|T,22882_T|G,22917_T|G,22992_G|A,22995_C|A,23013_A|C,23018_T|G,23055_A|G,23063_A|T,23075_T|C,23403_A|G,23525_C|T,23599_T|G,23604_C|A,23854_C|A,23948_G|T,24424_A|T,24469_T|A,25000_C|T,25584_C|T,26060_C|T,26111_C|T,26270_C|T,26577_C|G,26709_G|A,26858_C|T,27259_A|C,27382_G|C,27383_A|T,27384_T|C,27807_C|T,27945_C|T,28271_A|T,28311_C|T,28881_G|A,28882_G|A,28883_G|C,29510_A|C,11288_11296,21633_21641,21765_21770,28362_28370,29734_29759
USA/CA-CDC-LC0833783/2022	XAS	44_C|T,241_C|T,670_T|G,2790_C|T,3037_C|T,4184_G|A,4321_C|T,9344_C|T,9424_A|G,9534_C|T,10029_C|T,10198_C|T,10447_G|A,10449_C|A,12160_G|A,12880_C|T,14408_C|T,15714_C|T,17410_C|T,18163_A|G,19955_C|T,20055_A|G,21618_C|T,21987_G|A,22200_T|G,22578_G|A,22674_C|T,22679_T|C,22686_C|T,22688_A|G,22775_G|A,22786_A|C,22813_G|T,22882_T|G,22917_T|G,22992_G|A,22995_C|A,23013_A|C,23018_T|G,23055_A|G,23063_A|T,23075_T|C,23403_A|G,23524_A|C,23525_C|T,23599_T|G,23604_C|A,23854_C|A,23948_G|T,24424_A|T,24469_T|A,25000_C|T,25584_C|T,26060_C|T,26270_C|T,26577_C|G,26709_G|A,26858_C|T,27259_A|C,27382_G|C,27383_A|T,27384_T|C,27807_C|T,27945_C|T,28271_A|T,28311_C|T,28881_G|A,28882_G|A,28883_G|C,29510_A|C,11288_11296,21633_21641,21765_21770,28362_28370,29734_29759
USA/CA-CDC-LC0840856/2022	XAS	241_C|T,670_T|G,1912_C|T,2790_C|T,3037_C|T,4184_G|A,4321_C|T,9344_C|T,9424_A|G,9534_C|T,10029_C|T,10198_C|T,10447_G|A,10449_C|A,12160_G|A,12880_C|T,14408_C|T,15714_C|T,17410_C|T,18163_A|G,19955_C|T,20055_A|G,21618_C|T,21987_G|A,22200_T|G,22578_G|A,22674_C|T,22679_T|C,22686_C|T,22688_A|G,22775_G|A,22786_A|C,22813_G|T,22882_T|G,22917_T|G,22992_G|A,22995_C|A,23013_A|C,23018_T|G,23055_A|G,23063_A|T,23075_T|C,23403_A|G,23525_C|T,23599_T|G,23604_C|A,23854_C|A,23948_G|T,24424_A|T,24469_T|A,25000_C|T,25584_C|T,26060_C|T,26270_C|T,26577_C|G,26709_G|A,26858_C|T,27259_A|C,27382_G|C,27383_A|T,27384_T|C,27807_C|T,27945_C|T,28271_A|T,28311_C|T,28881_G|A,28882_G|A,28883_G|C,29510_A|C,686_694,11288_11296,21633_21641,21765_21770,28362_28370,29734_29759
USA/CA-CDC-LC0848228/2022	XAS	44_C|T,241_C|T,670_T|G,1912_C|T,2790_C|T,3037_C|T,4184_G|A,4321_C|T,9344_C|T,9424_A|G,9534_C|T,10029_C|T,10198_C|T,10447_G|A,10449_C|A,12160_G|A,12880_C|T,14408_C|T,15714_C|T,17410_C|T,18163_A|G,19955_C|T,20055_A|G,21618_C|T,21987_G|A,22200_T|G,22578_G|A,22674_C|T,22679_T|C,22686_C|T,22688_A|G,22775_G|A,22786_A|C,22813_G|T,22882_T|G,22917_T|G,22992_G|A,22995_C|A,23013_A|C,23018_T|G,23055_A|G,23063_A|T,23075_T|C,23403_A|G,23525_C|T,23599_T|G,23604_C|A,23854_C|A,23948_G|T,24424_A|T,24469_T|A,25000_C|T,25584_C|T,26060_C|T,26270_C|T,26577_C|G,26709_G|A,26858_C|T,27259_A|C,27382_G|C,27383_A|T,27384_T|C,27807_C|T,27945_C|T,28271_A|T,28311_C|T,28881_G|A,28882_G|A,28883_G|C,29510_A|C,11288_11296,21633_21641,21765_21770,28362_28370,29734_29759
USA/CA-CDC-LC0848941/2022	XAS	241_C|T,670_T|G,2790_C|T,3037_C|T,4184_G|A,4321_C|T,9344_C|T,9424_A|G,9534_C|T,10029_C|T,10198_C|T,10447_G|A,10449_C|A,12160_G|A,12880_C|T,14408_C|T,15714_C|T,17410_C|T,18163_A|G,19955_C|T,20055_A|G,21618_C|T,21987_G|A,22200_T|G,22578_G|A,22674_C|T,22679_T|C,22686_C|T,22688_A|G,22775_G|A,22786_A|C,22813_G|T,22882_T|G,22917_T|G,22992_G|A,22995_C|A,23013_A|C,23018_T|G,23055_A|G,23063_A|T,23075_T|C,23403_A|G,23525_C|T,23599_T|G,23604_C|A,23854_C|A,23948_G|T,24424_A|T,24469_T|A,25000_C|T,25584_C|T,26060_C|T,26270_C|T,26577_C|G,26709_G|A,26858_C|T,27259_A|C,27382_G|C,27383_A|T,27384_T|C,27807_C|T,27945_C|T,28271_A|T,28311_C|T,28881_G|A,28882_G|A,28883_G|C,29510_A|C,11288_11296,21633_21641,21765_21770,28362_28370,29734_29759
USA/CA-CDC-LC0849629/2022	XAS	241_C|T,670_T|G,2137_C|T,2790_C|T,3037_C|T,4184_G|A,4321_C|T,9344_C|T,9424_A|G,9534_C|T,10029_C|T,10198_C|T,10323_A|G,10447_G|A,10449_C|A,12160_G|A,12786_C|T,12880_C|T,14408_C|T,15714_C|T,17410_C|T,18163_A|G,19955_C|T,20055_A|G,21618_C|T,21987_G|A,22200_T|G,22578_G|A,22674_C|T,22679_T|C,22686_C|T,22688_A|G,22775_G|A,22786_A|C,22813_G|T,22882_T|G,22917_T|G,22992_G|A,22995_C|A,23013_A|C,23018_T|G,23055_A|G,23063_A|T,23075_T|C,23403_A|G,23525_C|T,23599_T|G,23604_C|A,23854_C|A,23948_G|T,24424_A|T,24469_T|A,25000_C|T,25584_C|T,26060_C|T,26270_C|T,26577_C|G,26709_G|A,26858_C|T,27235_G|A,27259_A|C,27382_G|C,27383_A|T,27384_T|C,27807_C|T,27945_C|T,28271_A|T,28311_C|T,28531_C|T,28881_G|A,28882_G|A,28883_G|C,29510_A|C,11288_11296,21633_21641,21765_21770,28362_28370,29734_29759
USA/CA-CDC-LC0851267/2022	XAS	44_C|T,241_C|T,670_T|G,2790_C|T,3037_C|T,4184_G|A,4321_C|T,9344_C|T,9424_A|G,9534_C|T,10029_C|T,10198_C|T,10447_G|A,10449_C|A,12160_G|A,12880_C|T,14408_C|T,15647_A|G,15714_C|T,17410_C|T,18163_A|G,19955_C|T,20055_A|G,21618_C|T,21987_G|A,22200_T|G,22578_G|A,22674_C|T,22679_T|C,22686_C|T,22688_A|G,22775_G|A,22786_A|C,22813_G|T,22882_T|G,22917_T|G,22992_G|A,22995_C|A,23013_A|C,23018_T|G,23055_A|G,23063_A|T,23075_T|C,23403_A|G,23525_C|T,23599_T|G,23604_C|A,23854_C|A,23948_G|T,24424_A|T,24469_T|A,25000_C|T,25584_C|T,25728_C|T,26060_C|T,26270_C|T,26577_C|G,26709_G|A,26858_C|T,27259_A|C,27382_G|C,27383_A|T,27384_T|C,27807_C|T,27945_C|T,28271_A|T,28311_C|T,28881_G|A,28882_G|A,28883_G|C,29510_A|C,11288_11296,21633_21641,21765_21770,28362_28370,29734_29759
USA/CA-CDC-LC0858967/2022	XAS	44_C|T,241_C|T,670_T|G,2137_C|T,2790_C|T,3037_C|T,4184_G|A,4321_C|T,9344_C|T,9424_A|G,9534_C|T,10029_C|T,10198_C|T,10323_A|G,10447_G|A,10449_C|A,12160_G|A,12786_C|T,12880_C|T,14408_C|T,15714_C|T,17410_C|T,18163_A|G,19955_C|T,20055_A|G,21618_C|T,21987_G|A,22200_T|G,22578_G|A,22674_C|T,22679_T|C,22686_C|T,22688_A|G,22775_G|A,22786_A|C,22813_G|T,22882_T|G,22917_T|G,22992_G|A,22995_C|A,23013_A|C,23018_T|G,23055_A|G,23063_A|T,23075_T|C,23403_A|G,23525_C|T,23599_T|G,23604_C|A,23854_C|A,23948_G|T,24424_A|T,24469_T|A,25000_C|T,25584_C|T,26060_C|T,26270_C|T,26577_C|G,26709_G|A,26858_C|T,27259_A|C,27382_G|C,27383_A|T,27384_T|C,27807_C|T,27945_C|T,28271_A|T,28311_C|T,28531_C|T,28881_G|A,28882_G|A,28883_G|C,29510_A|C,11288_11296,21633_21641,21765_21770,28362_28370,29734_29759
USA/CA-CDC-LC0869783/2022	XAS	44_C|T,241_C|T,670_T|G,2790_C|T,3037_C|T,4184_G|A,4321_C|T,9344_C|T,9424_A|G,9534_C|T,10029_C|T,10198_C|T,10447_G|A,10449_C|A,12160_G|A,12880_C|T,14408_C|T,15714_C|T,17410_C|T,18163_A|G,19955_C|T,20055_A|G,21618_C|T,21952_C|T,21987_G|A,22200_T|G,22578_G|A,22674_C|T,22679_T|C,22686_C|T,22688_A|G,22775_G|A,22786_A|C,22813_G|T,22882_T|G,22917_T|G,22992_G|A,22995_C|A,23013_A|C,23018_T|G,23055_A|G,23063_A|T,23075_T|C,23403_A|G,23525_C|T,23599_T|G,23604_C|A,23854_C|A,23948_G|T,24424_A|T,24469_T|A,24621_C|T,25000_C|T,25584_C|T,26060_C|T,26111_C|T,26270_C|T,26577_C|G,26709_G|A,26858_C|T,27259_A|C,27382_G|C,27383_A|T,27384_T|C,27807_C|T,27945_C|T,28271_A|T,28311_C|T,28881_G|A,28882_G|A,28883_G|C,29510_A|C,11288_11296,21633_21641,21765_21770,28362_28370,29734_29759
USA/CA-CDC-LC0897528/2022	XAS	44_C|T,241_C|T,670_T|G,2790_C|T,3037_C|T,4184_G|A,4321_C|T,9344_C|T,9424_A|G,9534_C|T,10029_C|T,10198_C|T,10447_G|A,10449_C|A,12160_G|A,12880_C|T,14408_C|T,15051_T|C,15714_C|T,17410_C|T,18163_A|G,19955_C|T,20055_A|G,21618_C|T,21987_G|A,22200_T|G,22578_G|A,22674_C|T,22679_T|C,22686_C|T,22688_A|G,22775_G|A,22786_A|C,22813_G|T,22882_T|G,22917_T|G,22992_G|A,22995_C|A,23013_A|C,23018_T|G,23055_A|G,23063_A|T,23075_T|C,23403_A|G,23525_C|T,23599_T|G,23604_C|A,23854_C|A,23896_C|T,23948_G|T,24424_A|T,24469_T|A,25000_C|T,25584_C|T,25708_C|T,26060_C|T,26270_C|T,26577_C|G,26709_G|A,26858_C|T,27259_A|C,27382_G|C,27383_A|T,27384_T|C,27807_C|T,27945_C|T,28271_A|T,28311_C|T,28881_G|A,28882_G|A,28883_G|C,29510_A|C,11288_11296,21633_21641,21765_21770,28362_28370,29734_29759
USA/CA-CDC-LC0910201/2022	XAS	44_C|T,241_C|T,670_T|G,2790_C|T,3037_C|T,4184_G|A,4321_C|T,9344_C|T,9424_A|G,9534_C|T,10029_C|T,10198_C|T,10447_G|A,10449_C|A,12160_G|A,12880_C|T,14408_C|T,15051_T|C,15714_C|T,17410_C|T,18163_A|G,19955_C|T,20055_A|G,21618_C|T,21987_G|A,22200_T|G,22578_G|A,22674_C|T,22679_T|C,22686_C|T,22688_A|G,22775_G|A,22786_A|C,22813_G|T,22882_T|G,22917_T|G,22992_G|A,22995_C|A,23013_A|C,23018_T|G,23055_A|G,23063_A|T,23075_T|C,23403_A|G,23525_C|T,23599_T|G,23604_C|A,23854_C|A,23896_C|T,23948_G|T,24424_A|T,24469_T|A,25000_C|T,25584_C|T,25708_C|T,26060_C|T,26270_C|T,26577_C|G,26709_G|A,26858_C|T,27259_A|C,27382_G|C,27383_A|T,27384_T|C,27807_C|T,27945_C|T,28271_A|T,28311_C|T,28791_C|T,28881_G|A,28882_G|A,28883_G|C,29269_C|T,29510_A|C,11288_11296,21633_21641,21765_21770,28362_28370,29734_29759
USA/CA-CDC-QDX38521317/2022	XAS	241_C|T,670_T|G,2790_C|T,3037_C|T,4184_G|A,4321_C|T,5804_T|A,9344_C|T,9424_A|G,9534_C|T,10029_C|T,10198_C|T,10447_G|A,10449_C|A,12160_G|A,12880_C|T,14408_C|T,15714_C|T,17339_C|T,17410_C|T,18163_A|G,19955_C|T,20055_A|G,21618_C|T,21987_G|A,22200_T|G,22578_G|A,22674_C|T,22679_T|C,22686_C|T,22688_A|G,22775_G|A,22786_A|C,22813_G|T,22882_T|G,22917_T|G,22992_G|A,22995_C|A,23013_A|C,23018_T|G,23055_A|G,23063_A|T,23075_T|C,23403_A|G,23525_C|T,23599_T|G,23604_C|A,23854_C|A,23948_G|T,24424_A|T,24469_T|A,25000_C|T,25584_C|T,26060_C|T,26270_C|T,26577_C|G,26709_G|A,26858_C|T,27259_A|C,27382_G|C,27383_A|T,27384_T|C,27807_C|T,27945_C|T,28271_A|T,28311_C|T,28881_G|A,28882_G|A,28883_G|C,29510_A|C,11288_11296,21633_21641,21765_21770,28362_28370,29734_29759
USA/CA-CDC-QDX38970097/2022	XAS	241_C|T,670_T|G,2790_C|T,3037_C|T,4184_G|A,4321_C|T,9344_C|T,9424_A|G,9534_C|T,10029_C|T,10198_C|T,10447_G|A,10449_C|A,12160_G|A,12880_C|T,14408_C|T,15714_C|T,17410_C|T,18163_A|G,19955_C|T,20055_A|G,21618_C|T,21987_G|A,22200_T|G,22578_G|A,22674_C|T,22679_T|C,22686_C|T,22688_A|G,22775_G|A,22786_A|C,22813_G|T,22882_T|G,22917_T|G,22992_G|A,22995_C|A,23013_A|C,23018_T|G,23055_A|G,23063_A|T,23075_T|C,23403_A|G,23525_C|T,23599_T|G,23604_C|A,23854_C|A,23948_G|T,24424_A|T,24469_T|A,25000_C|T,25584_C|T,26060_C|T,26270_C|T,26577_C|G,26709_G|A,26858_C|T,27259_A|C,27382_G|C,27383_A|T,27384_T|C,27807_C|T,27945_C|T,28271_A|T,28311_C|T,28881_G|A,28882_G|A,28883_G|C,29510_A|C,11288_11296,21633_21641,21765_21770,28362_28370,29734_29759
USA/CA-CDC-QDX39167811/2022	XAS	241_C|T,670_T|G,2790_C|T,3037_C|T,4184_G|A,4321_C|T,5804_T|A,9344_C|T,9424_A|G,9534_C|T,10029_C|T,10198_C|T,10447_G|A,10449_C|A,12160_G|A,12880_C|T,14408_C|T,15714_C|T,17339_C|T,17410_C|T,18163_A|G,19955_C|T,20055_A|G,21618_C|T,21987_G|A,22200_T|G,22578_G|A,22674_C|T,22679_T|C,22686_C|T,22688_A|G,22775_G|A,22786_A|C,22813_G|T,22882_T|G,22917_T|G,22992_G|A,22995_C|A,23013_A|C,23018_T|G,23055_A|G,23063_A|T,23075_T|C,23403_A|G,23525_C|T,23599_T|G,23604_C|A,23854_C|A,23948_G|T,24424_A|T,24469_T|A,25000_C|T,25584_C|T,26060_C|T,26270_C|T,26577_C|G,26709_G|A,26858_C|T,27259_A|C,27382_G|C,27383_A|T,27384_T|C,27807_C|T,27945_C|T,28271_A|T,28311_C|T,28881_G|A,28882_G|A,28883_G|C,29510_A|C,11288_11296,21633_21641,21765_21770,28362_28370,29734_29759
USA/CA-CDC-QDX39412827/2022	XAS	241_C|T,670_T|G,2790_C|T,3037_C|T,4184_G|A,4321_C|T,9344_C|T,9424_A|G,9534_C|T,10029_C|T,10198_C|T,10447_G|A,10449_C|A,12160_G|A,12880_C|T,14408_C|T,15714_C|T,17410_C|T,18163_A|G,19955_C|T,20055_A|G,21618_C|T,21987_G|A,22200_T|G,22578_G|A,22674_C|T,22679_T|C,22686_C|T,22688_A|G,22775_G|A,22786_A|C,22813_G|T,22882_T|G,22917_T|G,22992_G|A,22995_C|A,23013_A|C,23018_T|G,23055_A|G,23063_A|T,23075_T|C,23403_A|G,23525_C|T,23599_T|G,23604_C|A,23854_C|A,23948_G|T,24424_A|T,24469_T|A,25000_C|T,25584_C|T,26060_C|T,26270_C|T,26577_C|G,26709_G|A,26858_C|T,27259_A|C,27382_G|C,27383_A|T,27384_T|C,27807_C|T,27945_C|T,28271_A|T,28311_C|T,28881_G|A,28882_G|A,28883_G|C,29510_A|C,11288_11296,21633_21641,21765_21770,28362_28370,29734_29759
USA/CA-CDC-QDX39459632/2022	XAS	241_C|T,670_T|G,1288_C|T,2790_C|T,3037_C|T,4184_G|A,4321_C|T,9344_C|T,9424_A|G,9534_C|T,9693_C|T,10029_C|T,10156_C|T,10198_C|T,10447_G|A,10449_C|A,12160_G|A,12880_C|T,14408_C|T,15714_C|T,17410_C|T,18163_A|G,19955_C|T,20055_A|G,21618_C|T,21987_G|A,22200_T|G,22578_G|A,22674_C|T,22679_T|C,22686_C|T,22688_A|G,22775_G|A,22786_A|C,22813_G|T,22882_T|G,22917_T|G,22992_G|A,22995_C|A,23013_A|C,23018_T|G,23055_A|G,23063_A|T,23075_T|C,23403_A|G,23525_C|T,23599_T|G,23604_C|A,23854_C|A,23948_G|T,24424_A|T,24469_T|A,25000_C|T,25584_C|T,26060_C|T,26270_C|T,26577_C|G,26709_G|A,26858_C|T,27259_A|C,27382_G|C,27383_A|T,27384_T|C,27807_C|T,27945_C|T,28271_A|T,28311_C|T,28881_G|A,28882_G|A,28883_G|C,29510_A|C,11288_11296,21633_21641,21765_21770,28362_28370,29734_29759
USA/CA-CDC-QDX39548077/2022	XAS	241_C|T,670_T|G,2790_C|T,3037_C|T,4184_G|A,4321_C|T,4747_T|C,9344_C|T,9424_A|G,9534_C|T,10029_C|T,10198_C|T,10447_G|A,10449_C|A,10802_C|T,12160_G|A,12880_C|T,14408_C|T,15714_C|T,17410_C|T,18163_A|G,19955_C|T,20055_A|G,21618_C|T,21987_G|A,22200_T|G,22326_C|T,22578_G|A,22674_C|T,22679_T|C,22686_C|T,22688_A|G,22775_G|A,22786_A|C,22813_G|T,22882_T|G,22917_T|G,22992_G|A,22995_C|A,23013_A|C,23018_T|G,23055_A|G,23063_A|T,23075_T|C,23403_A|G,23525_C|T,23599_T|G,23604_C|A,23854_C|A,23948_G|T,24424_A|T,24469_T|A,25000_C|T,25584_C|T,26060_C|T,26270_C|T,26577_C|G,26709_G|A,26858_C|T,27259_A|C,27382_G|C,27383_A|T,27384_T|C,27807_C|T,27945_C|T,28271_A|T,28311_C|T,28881_G|A,28882_G|A,28883_G|C,29510_A|C,11288_11296,21633_21641,21765_21770,28362_28370,29734_29759
USA/CA-CDC-QDX39548981/2022	XAS	241_C|T,321_C|T,670_T|G,2790_C|T,3037_C|T,4184_G|A,4321_C|T,6982_C|T,9344_C|T,9424_A|G,9534_C|T,10029_C|T,10198_C|T,10447_G|A,10449_C|A,12160_G|A,12880_C|T,14408_C|T,15714_C|T,17410_C|T,18163_A|G,19955_C|T,20055_A|G,21618_C|T,21987_G|A,22200_T|G,22578_G|A,22674_C|T,22679_T|C,22686_C|T,22688_A|G,22775_G|A,22786_A|C,22813_G|T,22882_T|G,22917_T|G,22992_G|A,22995_C|A,23013_A|C,23018_T|G,23055_A|G,23063_A|T,23075_T|C,23403_A|G,23525_C|T,23599_T|G,23604_C|A,23854_C|A,23948_G|T,24424_A|T,24469_T|A,25000_C|T,25584_C|T,26060_C|T,26270_C|T,26577_C|G,26709_G|A,26858_C|T,27259_A|C,27382_G|C,27383_A|T,27384_T|C,27807_C|T,27945_C|T,28271_A|T,28311_C|T,28881_G|A,28882_G|A,28883_G|C,29510_A|C,11288_11296,21633_21641,21765_21770,28362_28370,29734_29759
USA/CA-CDC-QDX39658296/2022	XAS	241_C|T,670_T|G,2790_C|T,3037_C|T,4184_G|A,4321_C|T,5804_T|A,9344_C|T,9424_A|G,9534_C|T,10029_C|T,10198_C|T,10447_G|A,10449_C|A,12160_G|A,12880_C|T,14408_C|T,15714_C|T,17339_C|T,17410_C|T,17703_C|T,18163_A|G,19955_C|T,20055_A|G,21618_C|T,21987_G|A,22200_T|G,22578_G|A,22674_C|T,22679_T|C,22686_C|T,22688_A|G,22775_G|A,22786_A|C,22813_G|T,22882_T|G,22917_T|G,22992_G|A,22995_C|A,23013_A|C,23018_T|G,23055_A|G,23063_A|T,23075_T|C,23403_A|G,23525_C|T,23599_T|G,23604_C|A,23854_C|A,23948_G|T,24424_A|T,24469_T|A,25000_C|T,25584_C|T,26060_C|T,26270_C|T,26577_C|G,26709_G|A,26858_C|T,27259_A|C,27382_G|C,27383_A|T,27384_T|C,27807_C|T,27945_C|T,28271_A|T,28311_C|T,28881_G|A,28882_G|A,28883_G|C,29510_A|C,11288_11296,21633_21641,21765_21770,28362_28370,29734_29759
USA/CA-CDC-QDX39706473/2022	XAS	241_C|T,670_T|G,2790_C|T,3037_C|T,3153_G|A,4184_G|A,4321_C|T,9344_C|T,9424_A|G,9534_C|T,10029_C|T,10198_C|T,10447_G|A,10449_C|A,12160_G|A,12880_C|T,14408_C|T,15714_C|T,17410_C|T,18163_A|G,19955_C|T,20055_A|G,21618_C|T,21987_G|A,22200_T|G,22578_G|A,22674_C|T,22679_T|C,22686_C|T,22688_A|G,22775_G|A,22786_A|C,22813_G|T,22882_T|G,22917_T|G,22992_G|A,22995_C|A,23013_A|C,23018_T|G,23055_A|G,23063_A|T,23075_T|C,23403_A|G,23525_C|T,23599_T|G,23604_C|A,23854_C|A,23948_G|T,24424_A|T,24469_T|A,25000_C|T,25584_C|T,26060_C|T,26270_C|T,26577_C|G,26709_G|A,26858_C|T,27259_A|C,27382_G|C,27383_A|T,27384_T|C,27807_C|T,27945_C|T,28271_A|T,28311_C|T,28881_G|A,28882_G|A,28883_G|C,29253_C|T,29510_A|C,11288_11296,21633_21641,21765_21770,28362_28370,29734_29759
USA/CA-CDC-QDX39798776/2022	XAS	241_C|T,670_T|G,2790_C|T,3037_C|T,4184_G|A,4321_C|T,9344_C|T,9424_A|G,9534_C|T,10029_C|T,10198_C|T,10447_G|A,10449_C|A,12160_G|A,12880_C|T,14408_C|T,15714_C|T,17410_C|T,18163_A|G,19955_C|T,20055_A|G,21618_C|T,21987_G|A,22200_T|G,22326_C|T,22578_G|A,22674_C|T,22679_T|C,22686_C|T,22688_A|G,22775_G|A,22786_A|C,22813_G|T,22882_T|G,22917_T|G,22992_G|A,22995_C|A,23013_A|C,23018_T|G,23055_A|G,23063_A|T,23075_T|C,23403_A|G,23525_C|T,23599_T|G,23604_C|A,23854_C|A,23948_G|T,24424_A|T,24469_T|A,25000_C|T,25584_C|T,26060_C|T,26270_C|T,26577_C|G,26709_G|A,26858_C|T,27259_A|C,27382_G|C,27383_A|T,27384_T|C,27807_C|T,27945_C|T,28271_A|T,28311_C|T,28881_G|A,28882_G|A,28883_G|C,29510_A|C,11288_11296,21633_21641,21765_21770,28362_28370,29734_29759
USA/CA-CDC-QDX40271302/2022	XAS	241_C|T,670_T|G,2790_C|T,3037_C|T,4184_G|A,4321_C|T,9344_C|T,9424_A|G,9534_C|T,10029_C|T,10198_C|T,10447_G|A,10449_C|A,12160_G|A,12880_C|T,14408_C|T,15714_C|T,16582_A|G,17410_C|T,18163_A|G,19955_C|T,20055_A|G,21618_C|T,21987_G|A,22200_T|G,22561_A|T,22578_G|A,22674_C|T,22679_T|C,22686_C|T,22688_A|G,22775_G|A,22786_A|C,22813_G|T,22882_T|G,22917_T|G,22992_G|A,22995_C|A,23013_A|C,23018_T|G,23055_A|G,23063_A|T,23075_T|C,23403_A|G,23525_C|T,23599_T|G,23604_C|A,23854_C|A,23948_G|T,24424_A|T,24469_T|A,25000_C|T,25584_C|T,26060_C|T,26270_C|T,26577_C|G,26709_G|A,26858_C|T,27259_A|C,27382_G|C,27383_A|T,27384_T|C,27807_C|T,27945_C|T,28271_A|T,28311_C|T,28881_G|A,28882_G|A,28883_G|C,29510_A|C,11288_11296,21633_21641,21765_21770,28362_28370,29734_29759
USA/CA-CDC-QDX40373178/2022	XAS	241_C|T,670_T|G,2790_C|T,3037_C|T,4184_G|A,4321_C|T,9344_C|T,9424_A|G,9534_C|T,10029_C|T,10198_C|T,10447_G|A,10449_C|A,12160_G|A,12880_C|T,14408_C|T,15015_T|C,15714_C|T,17410_C|T,18163_A|G,18499_T|C,19955_C|T,20055_A|G,21618_C|T,21987_G|A,22200_T|G,22578_G|A,22674_C|T,22679_T|C,22686_C|T,22688_A|G,22775_G|A,22786_A|C,22813_G|T,22882_T|G,22917_T|G,22992_G|A,22995_C|A,23013_A|C,23018_T|G,23055_A|G,23063_A|T,23075_T|C,23403_A|G,23525_C|T,23599_T|G,23604_C|A,23854_C|A,23948_G|T,24424_A|T,24469_T|A,25000_C|T,25352_G|T,25584_C|T,26060_C|T,26270_C|T,26577_C|G,26709_G|A,26858_C|T,27259_A|C,27382_G|C,27383_A|T,27384_T|C,27737_C|T,27807_C|T,27945_C|T,28271_A|T,28294_A|T,28311_C|T,28747_G|C,28864_A|G,28881_G|A,28882_G|A,28883_G|C,29510_A|C,11288_11296,21633_21641,21765_21770,28254,28362_28370,29734_29759
USA/CA-CDC-QDX40409399/2022	XAS	241_C|T,670_T|G,2094_C|T,2790_C|T,3037_C|T,4184_G|A,4321_C|T,8688_G|T,9344_C|T,9424_A|G,9534_C|T,10029_C|T,10198_C|T,10447_G|A,10449_C|A,12160_G|A,12880_C|T,14408_C|T,15714_C|T,17410_C|T,17821_C|T,18163_A|G,19955_C|T,20055_A|G,21618_C|T,21987_G|A,22200_T|G,22578_G|A,22674_C|T,22679_T|C,22686_C|T,22688_A|G,22775_G|A,22786_A|C,22813_G|T,22882_T|G,22917_T|G,22992_G|A,22995_C|A,23013_A|C,23018_T|G,23055_A|G,23063_A|T,23075_T|C,23403_A|G,23525_C|T,23599_T|G,23604_C|A,23854_C|A,23948_G|T,23987_C|T,24424_A|T,24469_T|A,25000_C|T,25584_C|T,26060_C|T,26270_C|T,26577_C|G,26709_G|A,26858_C|T,27259_A|C,27382_G|C,27383_A|T,27384_T|C,27807_C|T,27945_C|T,28271_A|T,28311_C|T,28881_G|A,28882_G|A,28883_G|C,29510_A|C,11288_11296,21633_21641,21765_21770,28362_28370,29734_29759
USA/CA-CDC-QDX40703624/2022	XAS	241_C|T,670_T|G,2790_C|T,3037_C|T,4184_G|A,4321_C|T,9226_C|T,9344_C|T,9424_A|G,9534_C|T,10029_C|T,10198_C|T,10252_C|T,10447_G|A,10449_C|A,12160_G|A,12880_C|T,14408_C|T,15714_C|T,17410_C|T,18163_A|G,19955_C|T,20055_A|G,21618_C|T,21987_G|A,22200_T|G,22578_G|A,22674_C|T,22679_T|C,22686_C|T,22688_A|G,22775_G|A,22786_A|C,22813_G|T,22882_T|G,22917_T|G,22992_G|A,22995_C|A,23013_A|C,23018_T|G,23055_A|G,23063_A|T,23075_T|C,23314_T|A,23403_A|G,23415_C|T,23525_C|T,23599_T|G,23604_C|A,23854_C|A,23948_G|T,24424_A|T,24469_T|A,25000_C|T,25584_C|T,25726_G|T,26060_C|T,26270_C|T,26577_C|G,26709_G|A,26858_C|T,27259_A|C,27382_G|C,27383_A|T,27384_T|C,27807_C|T,27945_C|T,28271_A|T,28311_C|T,28881_G|A,28882_G|A,28883_G|C,29510_A|C,11288_11296,21633_21641,21765_21770,28254,28362_28370,29734_29759
USA/CA-CDC-QDX40816700/2022	XAS	241_C|T,670_T|G,2137_C|T,2790_C|T,3037_C|T,4184_G|A,4321_C|T,9344_C|T,9424_A|G,9534_C|T,10029_C|T,10198_C|T,10323_A|G,10447_G|A,10449_C|A,12160_G|A,12786_C|T,12880_C|T,14408_C|T,15714_C|T,17410_C|T,18163_A|G,19955_C|T,20055_A|G,21618_C|T,21987_G|A,22200_T|G,22578_G|A,22674_C|T,22679_T|C,22686_C|T,22688_A|G,22775_G|A,22786_A|C,22813_G|T,22882_T|G,22917_T|G,22992_G|A,22995_C|A,23013_A|C,23018_T|G,23055_A|G,23063_A|T,23075_T|C,23403_A|G,23525_C|T,23599_T|G,23604_C|A,23854_C|A,23948_G|T,24424_A|T,24469_T|A,25000_C|T,25584_C|T,26060_C|T,26270_C|T,26577_C|G,26709_G|A,26858_C|T,27259_A|C,27382_G|C,27383_A|T,27384_T|C,27807_C|T,27945_C|T,28271_A|T,28311_C|T,28531_C|T,28881_G|A,28882_G|A,28883_G|C,29510_A|C,11288_11296,21633_21641,21765_21770,28362_28370,29734_29759
USA/CA-CDC-QDX41327939/2022	XAS	241_C|T,670_T|G,2790_C|T,3037_C|T,4184_G|A,4321_C|T,9344_C|T,9424_A|G,9534_C|T,10029_C|T,10198_C|T,10447_G|A,10449_C|A,12160_G|A,12880_C|T,14408_C|T,15714_C|T,17410_C|T,18163_A|G,19955_C|T,20055_A|G,21618_C|T,21987_G|A,21994_T|C,22200_T|G,22578_G|A,22674_C|T,22679_T|C,22686_C|T,22688_A|G,22775_G|A,22786_A|C,22813_G|T,22882_T|G,22917_T|G,22992_G|A,22995_C|A,23013_A|C,23018_T|G,23055_A|G,23063_A|T,23075_T|C,23403_A|G,23525_C|T,23599_T|G,23604_C|A,23854_C|A,23948_G|T,24424_A|T,24469_T|A,25000_C|T,25584_C|T,25708_C|T,26060_C|T,26270_C|T,26577_C|G,26709_G|A,26858_C|T,27259_A|C,27382_G|C,27383_A|T,27384_T|C,27807_C|T,27945_C|T,28271_A|T,28311_C|T,28881_G|A,28882_G|A,28883_G|C,29510_A|C,29614_C|T,11288_11296,21633_21641,21765_21770,28362_28370,29734_29759
USA/CA-CDC-QDX41380117/2022	XAS	241_C|T,670_T|G,2790_C|T,3037_C|T,4184_G|A,4321_C|T,9344_C|T,9424_A|G,9534_C|T,10029_C|T,10198_C|T,10447_G|A,10449_C|A,12160_G|A,12880_C|T,14408_C|T,15714_C|T,17410_C|T,18163_A|G,19955_C|T,20055_A|G,21618_C|T,21987_G|A,21994_T|C,22200_T|G,22578_G|A,22674_C|T,22679_T|C,22686_C|T,22688_A|G,22775_G|A,22786_A|C,22813_G|T,22882_T|G,22917_T|G,22992_G|A,22995_C|A,23013_A|C,23018_T|G,23055_A|G,23063_A|T,23075_T|C,23403_A|G,23525_C|T,23599_T|G,23604_C|A,23854_C|A,23948_G|T,24424_A|T,24469_T|A,25000_C|T,25584_C|T,25708_C|T,26060_C|T,26270_C|T,26577_C|G,26709_G|A,26858_C|T,27259_A|C,27382_G|C,27383_A|T,27384_T|C,27807_C|T,27945_C|T,28271_A|T,28311_C|T,28881_G|A,28882_G|A,28883_G|C,29510_A|C,29614_C|T,11288_11296,21633_21641,21765_21770,28362_28370,29734_29759
USA/CA-CDC-STM-3G2PTW4PK/2022	XAS	44_C|T,241_C|T,321_C|T,670_T|G,2790_C|T,3037_C|T,4184_G|A,4321_C|T,6982_C|T,9344_C|T,9424_A|G,9534_C|T,10029_C|T,10198_C|T,10447_G|A,10449_C|A,12160_G|A,12880_C|T,14408_C|T,15714_C|T,17410_C|T,18163_A|G,19955_C|T,20055_A|G,21618_C|T,21987_G|A,22200_T|G,22578_G|A,22674_C|T,22679_T|C,22686_C|T,22688_A|G,22775_G|A,22786_A|C,22813_G|T,22882_T|G,22917_T|G,22992_G|A,22995_C|A,23013_A|C,23018_T|G,23055_A|G,23063_A|T,23075_T|C,23403_A|G,23525_C|T,23599_T|G,23604_C|A,23854_C|A,23948_G|T,24424_A|T,24469_T|A,25000_C|T,25584_C|T,26060_C|T,26270_C|T,26577_C|G,26709_G|A,26858_C|T,27259_A|C,27382_G|C,27383_A|T,27384_T|C,27807_C|T,27945_C|T,28271_A|T,28311_C|T,28881_G|A,28882_G|A,28883_G|C,29510_A|C,11288_11296,21633_21641,21765_21770,28362_28370,29734_29759
USA/CA-CDC-STM-3KWK6D9QY/2022	XAS	2_T|C,44_C|T,241_C|T,670_T|G,1191_C|A,2790_C|T,3037_C|T,4184_G|A,4321_C|T,5629_G|T,9344_C|T,9424_A|G,9534_C|T,10029_C|T,10198_C|T,10447_G|A,10449_C|A,12160_G|A,12880_C|T,14408_C|T,15714_C|T,17410_C|T,18163_A|G,19955_C|T,20055_A|G,21618_C|T,21987_G|A,22200_T|G,22578_G|A,22674_C|T,22679_T|C,22686_C|T,22688_A|G,22775_G|A,22786_A|C,22813_G|T,22882_T|G,22917_T|G,22992_G|A,22995_C|A,23013_A|C,23018_T|G,23055_A|G,23063_A|T,23075_T|C,23403_A|G,23525_C|T,23599_T|G,23604_C|A,23854_C|A,23948_G|T,24424_A|T,24469_T|A,25000_C|T,25584_C|T,26060_C|T,26270_C|T,26577_C|G,26709_G|A,26858_C|T,27259_A|C,27382_G|C,27383_A|T,27384_T|C,27807_C|T,27945_C|T,28271_A|T,28311_C|T,28881_G|A,28882_G|A,28883_G|C,29510_A|C,11288_11296,21633_21641,21765_21770,28362_28370,29734_29759
USA/CA-CDC-STM-7XUYHCVFH/2022	XAS	44_C|T,241_C|T,670_T|G,2137_C|T,2790_C|T,3037_C|T,4184_G|A,4321_C|T,9344_C|T,9424_A|G,9534_C|T,10029_C|T,10198_C|T,10323_A|G,10447_G|A,10449_C|A,12160_G|A,12786_C|T,12880_C|T,14408_C|T,15714_C|T,17410_C|T,18163_A|G,19955_C|T,20055_A|G,21618_C|T,21987_G|A,22200_T|G,22578_G|A,22674_C|T,22679_T|C,22686_C|T,22688_A|G,22775_G|A,22786_A|C,22813_G|T,22882_T|G,22917_T|G,22992_G|A,22995_C|A,23013_A|C,23018_T|G,23055_A|G,23063_A|T,23075_T|C,23403_A|G,23525_C|T,23599_T|G,23604_C|A,23854_C|A,23948_G|T,24424_A|T,24469_T|A,25000_C|T,25584_C|T,26060_C|T,26270_C|T,26577_C|G,26709_G|A,26858_C|T,27259_A|C,27382_G|C,27383_A|T,27384_T|C,27807_C|T,27945_C|T,28271_A|T,28311_C|T,28531_C|T,28881_G|A,28882_G|A,28883_G|C,29510_A|C,11288_11296,21633_21641,21765_21770,28362_28370,29734_29759
USA/CA-CDC-STM-8CFSV4YAP/2022	XAS	44_C|T,241_C|T,670_T|G,2790_C|T,3037_C|T,4184_G|A,4321_C|T,9344_C|T,9424_A|G,9534_C|T,10029_C|T,10198_C|T,10447_G|A,10449_C|A,12160_G|A,12880_C|T,14408_C|T,15714_C|T,17410_C|T,18163_A|G,19955_C|T,20055_A|G,21618_C|T,21987_G|A,22200_T|G,22578_G|A,22674_C|T,22679_T|C,22686_C|T,22688_A|G,22775_G|A,22786_A|C,22813_G|T,22882_T|G,22917_T|G,22992_G|A,22995_C|A,23013_A|C,23018_T|G,23055_A|G,23063_A|T,23075_T|C,23403_A|G,23525_C|T,23599_T|G,23604_C|A,23854_C|A,23948_G|T,24424_A|T,24469_T|A,25000_C|T,25584_C|T,26060_C|T,26270_C|T,26577_C|G,26709_G|A,26858_C|T,27259_A|C,27382_G|C,27383_A|T,27384_T|C,27807_C|T,27945_C|T,28271_A|T,28311_C|T,28881_G|A,28882_G|A,28883_G|C,29510_A|C,11288_11296,21633_21641,21765_21770,28362_28370,29734_29759
USA/CA-CDC-STM-AAP7G28DN/2022	XAS	44_C|T,241_C|T,670_T|G,1926_C|T,2790_C|T,3037_C|T,4184_G|A,4321_C|T,9344_C|T,9424_A|G,9534_C|T,10029_C|T,10198_C|T,10447_G|A,10449_C|A,12160_G|A,12880_C|T,14408_C|T,15714_C|T,17410_C|T,18163_A|G,19955_C|T,20055_A|G,21618_C|T,21987_G|A,22200_T|G,22578_G|A,22674_C|T,22679_T|C,22686_C|T,22688_A|G,22775_G|A,22786_A|C,22813_G|T,22882_T|G,22893_A|G,22917_T|G,22992_G|A,22995_C|A,23013_A|C,23018_T|G,23055_A|G,23063_A|T,23075_T|C,23403_A|G,23525_C|T,23599_T|G,23604_C|A,23854_C|A,23948_G|T,24424_A|T,24469_T|A,25000_C|T,25584_C|T,26060_C|T,26270_C|T,26577_C|G,26709_G|A,26858_C|T,27259_A|C,27382_G|C,27383_A|T,27384_T|C,27807_C|T,27945_C|T,28271_A|T,28311_C|T,28881_G|A,28882_G|A,28883_G|C,29510_A|C,11288_11296,21633_21641,21765_21770,28362_28370,29734_29759
USA/CA-CDC-STM-ND6QUGS35/2022	XAS	44_C|T,241_C|T,670_T|G,2790_C|T,3037_C|T,3787_C|T,3992_C|T,4184_G|A,4321_C|T,8512_A|G,9344_C|T,9424_A|G,9534_C|T,10029_C|T,10198_C|T,10447_G|A,10449_C|A,12160_G|A,12880_C|T,14408_C|T,15656_C|T,15714_C|T,17410_C|T,18163_A|G,19955_C|T,20055_A|G,21618_C|T,21987_G|A,22200_T|G,22578_G|A,22674_C|T,22679_T|C,22686_C|T,22688_A|G,22775_G|A,22786_A|C,22813_G|T,22882_T|G,22917_T|G,22992_G|A,22995_C|A,23013_A|C,23018_T|G,23055_A|G,23063_A|T,23075_T|C,23403_A|G,23525_C|T,23599_T|G,23604_C|A,23854_C|A,23948_G|T,24424_A|T,24469_T|A,25000_C|T,25584_C|T,26060_C|T,26270_C|T,26577_C|G,26709_G|A,26858_C|T,27259_A|C,27382_G|C,27383_A|T,27384_T|C,27807_C|T,27945_C|T,28271_A|T,28311_C|T,28881_G|A,28882_G|A,28883_G|C,29510_A|C,11288_11296,21633_21641,21765_21770,28362_28370,29581_29582,29734_29759
USA/CA-CDC-STM-SUNV45S9Q/2022	XAS	44_C|T,241_C|T,670_T|G,2790_C|T,3037_C|T,4184_G|A,4321_C|T,9344_C|T,9424_A|G,9534_C|T,10029_C|T,10198_C|T,10447_G|A,10449_C|A,12160_G|A,12880_C|T,14408_C|T,15714_C|T,17410_C|T,18163_A|G,19955_C|T,20055_A|G,21618_C|T,21987_G|A,22200_T|G,22578_G|A,22674_C|T,22679_T|C,22686_C|T,22688_A|G,22775_G|A,22786_A|C,22813_G|T,22882_T|G,22917_T|G,22992_G|A,22995_C|A,23013_A|C,23018_T|G,23055_A|G,23063_A|T,23075_T|C,23403_A|G,23525_C|T,23599_T|G,23604_C|A,23854_C|A,23948_G|T,24424_A|T,24469_T|A,25000_C|T,25584_C|T,26060_C|T,26270_C|T,26577_C|G,26709_G|A,26858_C|T,27259_A|C,27382_G|C,27383_A|T,27384_T|C,27807_C|T,27945_C|T,28271_A|T,28311_C|T,28881_G|A,28882_G|A,28883_G|C,29510_A|C,11288_11296,21633_21641,21765_21770,28362_28370,29734_29759
USA/CA-CDC-STM-UGPXJYXNA/2022	XAS	44_C|T,241_C|T,670_T|G,1926_C|T,2790_C|T,3037_C|T,4184_G|A,4321_C|T,9344_C|T,9424_A|G,9534_C|T,10029_C|T,10198_C|T,10447_G|A,10449_C|A,12160_G|A,12880_C|T,14408_C|T,15714_C|T,17410_C|T,17440_C|T,18163_A|G,19955_C|T,20055_A|G,21618_C|T,21987_G|A,22200_T|G,22578_G|A,22674_C|T,22679_T|C,22686_C|T,22688_A|G,22775_G|A,22786_A|C,22813_G|T,22882_T|G,22893_A|G,22917_T|G,22992_G|A,22995_C|A,23013_A|C,23018_T|G,23055_A|G,23063_A|T,23075_T|C,23403_A|G,23525_C|T,23599_T|G,23604_C|A,23854_C|A,23948_G|T,24424_A|T,24469_T|A,25000_C|T,25584_C|T,26060_C|T,26270_C|T,26577_C|G,26709_G|A,26858_C|T,27259_A|C,27382_G|C,27383_A|T,27384_T|C,27807_C|T,27945_C|T,28271_A|T,28311_C|T,28881_G|A,28882_G|A,28883_G|C,29510_A|C,11288_11296,21633_21641,21765_21770,28362_28370,29734_29759
USA/CA-CDC-STM-WXAVG7P59/2022	XAS	44_C|T,241_C|T,670_T|G,2790_C|T,3037_C|T,4184_G|A,4321_C|T,9344_C|T,9424_A|G,9534_C|T,10029_C|T,10198_C|T,10447_G|A,10449_C|A,12160_G|A,12880_C|T,14408_C|T,15714_C|T,17410_C|T,18163_A|G,18744_C|T,19955_C|T,20055_A|G,21618_C|T,21987_G|A,22200_T|G,22578_G|A,22674_C|T,22679_T|C,22686_C|T,22688_A|G,22775_G|A,22786_A|C,22813_G|T,22882_T|G,22917_T|G,22992_G|A,22995_C|A,23013_A|C,23018_T|G,23055_A|G,23063_A|T,23075_T|C,23403_A|G,23525_C|T,23599_T|G,23604_C|A,23854_C|A,23948_G|T,24424_A|T,24469_T|A,24811_T|C,25000_C|T,25584_C|T,26060_C|T,26270_C|T,26577_C|G,26709_G|A,26858_C|T,27259_A|C,27382_G|C,27383_A|T,27384_T|C,27807_C|T,27945_C|T,28271_A|T,28311_C|T,28881_G|A,28882_G|A,28883_G|C,29510_A|C,11288_11296,21633_21641,21765_21770,28362_28370,29734_29759
USA/CA-CDPH-500075663/2022	XAS	241_C|T,670_T|G,2790_C|T,3037_C|T,4184_G|A,4321_C|T,9344_C|T,9424_A|G,9534_C|T,10029_C|T,10198_C|T,10447_G|A,10449_C|A,12160_G|A,12880_C|T,14408_C|T,15714_C|T,17410_C|T,18163_A|G,19955_C|T,20055_A|G,21618_C|T,21987_G|A,22200_T|G,22578_G|A,22674_C|T,22679_T|C,22686_C|T,22688_A|G,22775_G|A,22813_G|T,22882_T|G,22917_T|G,22992_G|A,22995_C|A,23013_A|C,23018_T|G,23055_A|G,23063_A|T,23075_T|C,23403_A|G,23525_C|T,23599_T|G,23604_C|A,23854_C|A,23948_G|T,24424_A|T,24469_T|A,25000_C|T,25584_C|T,26060_C|T,26270_C|T,26577_C|G,26709_G|A,26858_C|T,27259_A|C,27382_G|C,27383_A|T,27384_T|C,27807_C|T,27945_C|T,28271_A|T,28311_C|T,28881_G|A,28882_G|A,28883_G|C,29510_A|C,11288_11296,21633_21641,21765_21770,28362_28370,29734_29759
USA/CA-CDPH-500080613/2022	XAS	44_C|T,241_C|T,670_T|G,2790_C|T,3037_C|T,4184_G|A,4321_C|T,9226_C|T,9344_C|T,9424_A|G,9534_C|T,10029_C|T,10198_C|T,10371_T|C,10447_G|A,10449_C|A,12160_G|A,12880_C|T,14408_C|T,15714_C|T,17410_C|T,18163_A|G,19955_C|T,20055_A|G,20318_A|G,21618_C|T,21987_G|A,22197_T|C,22200_T|G,22578_G|A,22674_C|T,22679_T|C,22686_C|T,22688_A|G,22775_G|A,22786_A|C,22882_T|G,22896_T|C,22917_T|G,22992_G|A,22995_C|A,23013_A|C,23018_T|G,23055_A|G,23063_A|T,23075_T|C,23403_A|G,23525_C|T,23599_T|G,23604_C|A,23854_C|A,23948_G|T,24424_A|T,24469_T|A,25000_C|T,25584_C|T,26060_C|T,26270_C|T,26577_C|G,26709_G|A,26858_C|T,27259_A|C,27382_G|C,27383_A|T,27384_T|C,27807_C|T,27945_C|T,28271_A|T,28311_C|T,28881_G|A,28882_G|A,28883_G|C,29510_A|C,11288_11296,21633_21641,21765_21770,28362_28370,29734_29759
USA/CA-CDPH-FS25390243/2022	XAS	44_C|T,241_C|T,670_T|G,2790_C|T,3037_C|T,4184_G|A,4321_C|T,9344_C|T,9424_A|G,9534_C|T,10029_C|T,10198_C|T,10447_G|A,10449_C|A,12160_G|A,12880_C|T,14408_C|T,15051_T|C,15714_C|T,17410_C|T,18163_A|G,19955_C|T,20055_A|G,21618_C|T,21987_G|A,22200_T|G,22578_G|A,22674_C|T,22679_T|C,22686_C|T,22688_A|G,22775_G|A,22786_A|C,22813_G|T,22882_T|G,22917_T|G,22992_G|A,22995_C|A,23013_A|C,23018_T|G,23055_A|G,23063_A|T,23075_T|C,23403_A|G,23525_C|T,23599_T|G,23604_C|A,23896_C|T,23948_G|T,24424_A|T,24469_T|A,25000_C|T,25584_C|T,25708_C|T,26060_C|T,26270_C|T,26577_C|G,26709_G|A,26858_C|T,27259_A|C,27382_G|C,27383_A|T,27384_T|C,27807_C|T,27945_C|T,28271_A|T,28311_C|T,28881_G|A,28882_G|A,28883_G|C,29510_A|C,11288_11296,21633_21641,21765_21770,28362_28370,29734_29759
USA/CA-CDPH-FS25390244/2022	XAS	44_C|T,241_C|T,670_T|G,2790_C|T,3037_C|T,4184_G|A,4321_C|T,9344_C|T,9424_A|G,9534_C|T,10029_C|T,10198_C|T,10447_G|A,10449_C|A,12160_G|A,12880_C|T,14408_C|T,15051_T|C,15714_C|T,17410_C|T,18163_A|G,19955_C|T,20055_A|G,21618_C|T,21987_G|A,22200_T|G,22578_G|A,22674_C|T,22679_T|C,22686_C|T,22688_A|G,22775_G|A,22786_A|C,22813_G|T,22882_T|G,22917_T|G,22992_G|A,22995_C|A,23013_A|C,23018_T|G,23055_A|G,23063_A|T,23075_T|C,23403_A|G,23525_C|T,23599_T|G,23604_C|A,23854_C|A,23896_C|T,23948_G|T,24424_A|T,24469_T|A,25000_C|T,25584_C|T,25708_C|T,26060_C|T,26270_C|T,26577_C|G,26709_G|A,26858_C|T,27259_A|C,27382_G|C,27383_A|T,27384_T|C,27807_C|T,27945_C|T,28271_A|T,28311_C|T,28881_G|A,28882_G|A,28883_G|C,29510_A|C,11288_11296,21633_21641,21765_21770,28362_28370,29734_29759
USA/CA-CDPH-FS25390245/2022	XAS	44_C|T,241_C|T,670_T|G,2790_C|T,3037_C|T,4184_G|A,4321_C|T,9344_C|T,9424_A|G,9534_C|T,10029_C|T,10198_C|T,10447_G|A,10449_C|A,12160_G|A,12880_C|T,14408_C|T,15051_T|C,15714_C|T,17410_C|T,18163_A|G,19955_C|T,20055_A|G,21618_C|T,21987_G|A,22200_T|G,22578_G|A,22674_C|T,22679_T|C,22686_C|T,22688_A|G,22775_G|A,22786_A|C,22813_G|T,22882_T|G,22917_T|G,22992_G|A,22995_C|A,23013_A|C,23018_T|G,23055_A|G,23063_A|T,23075_T|C,23403_A|G,23525_C|T,23599_T|G,23604_C|A,23854_C|A,23896_C|T,23948_G|T,24424_A|T,24469_T|A,25000_C|T,25584_C|T,25708_C|T,26060_C|T,26270_C|T,26577_C|G,26709_G|A,26858_C|T,27259_A|C,27382_G|C,27383_A|T,27384_T|C,27807_C|T,27945_C|T,28271_A|T,28311_C|T,28881_G|A,28882_G|A,28883_G|C,29510_A|C,11288_11296,21633_21641,21765_21770,28362_28370,29734_29759
USA/CA-CDPH-FS27888596/2022	XAS	241_C|T,659_G|A,670_T|G,2790_C|T,3037_C|T,3391_T|C,4184_G|A,4321_C|T,4331_C|T,5413_C|T,9344_C|T,9424_A|G,9534_C|T,10029_C|T,10198_C|T,10447_G|A,10449_C|A,12160_G|A,12880_C|T,13617_G|A,14408_C|T,15714_C|T,17410_C|T,18163_A|G,19955_C|T,20055_A|G,21618_C|T,21987_G|A,22200_T|G,22578_G|A,22674_C|T,22679_T|C,22686_C|T,22688_A|G,22775_G|A,22786_A|C,22813_G|T,22882_T|G,22917_T|G,22992_G|A,22995_C|A,23013_A|C,23018_T|G,23055_A|G,23063_A|T,23075_T|C,23403_A|G,23525_C|T,23599_T|G,23604_C|A,23854_C|A,23948_G|T,24424_A|T,24469_T|A,24770_G|T,25000_C|T,25584_C|T,26060_C|T,26270_C|T,26577_C|G,26709_G|A,26858_C|T,27259_A|C,27382_G|C,27383_A|T,27384_T|C,27807_C|T,27945_C|T,28271_A|T,28311_C|T,28881_G|A,28882_G|A,28883_G|C,29510_A|C,11288_11296,21633_21641,21765_21770,28362_28370,29734_29759
USA/CA-CDPH-FS27889286/2022	XAS	44_C|T,241_C|T,670_T|G,2790_C|T,3037_C|T,4184_G|A,4321_C|T,9344_C|T,9424_A|G,9534_C|T,10029_C|T,10198_C|T,10447_G|A,10449_C|A,12160_G|A,12880_C|T,13129_A|G,14408_C|T,15714_C|T,17410_C|T,18163_A|G,19955_C|T,20055_A|G,21618_C|T,21987_G|A,22200_T|G,22578_G|A,22674_C|T,22679_T|C,22686_C|T,22688_A|G,22775_G|A,22786_A|C,22813_G|T,22882_T|G,22917_T|G,22992_G|A,22995_C|A,23013_A|C,23018_T|G,23055_A|G,23063_A|T,23075_T|C,23403_A|G,23525_C|T,23599_T|G,23604_C|A,23854_C|A,23948_G|T,24424_A|T,24469_T|A,25000_C|T,25584_C|T,26060_C|T,26270_C|T,26577_C|G,26709_G|A,26858_C|T,27259_A|C,27382_G|C,27383_A|T,27384_T|C,27807_C|T,27945_C|T,28271_A|T,28311_C|T,28881_G|A,28882_G|A,28883_G|C,29510_A|C,11288_11296,21633_21641,21765_21770,28362_28370,29734_29759
USA/CA-CDPH-FS48074312/2022	XAS	44_C|T,241_C|T,670_T|G,2790_C|T,3037_C|T,4184_G|A,4321_C|T,9344_C|T,9424_A|G,9534_C|T,10029_C|T,10198_C|T,10447_G|A,10449_C|A,11103_C|T,12160_G|A,12880_C|T,14408_C|T,15714_C|T,17410_C|T,18163_A|G,19955_C|T,20055_A|G,21618_C|T,21987_G|A,22200_T|G,22578_G|A,22674_C|T,22679_T|C,22686_C|T,22688_A|G,22775_G|A,22786_A|C,22813_G|T,22882_T|G,22917_T|G,22992_G|A,22995_C|A,23013_A|C,23018_T|G,23055_A|G,23063_A|T,23075_T|C,23403_A|G,23525_C|T,23599_T|G,23604_C|A,23854_C|A,23948_G|T,24424_A|T,24469_T|A,25000_C|T,25584_C|T,26060_C|T,26270_C|T,26577_C|G,26709_G|A,26773_T|C,26858_C|T,27259_A|C,27382_G|C,27383_A|T,27384_T|C,27807_C|T,27945_C|T,28271_A|T,28311_C|T,28417_T|C,28881_G|A,28882_G|A,28883_G|C,29510_A|C,29762_C|T,11288_11296,21633_21641,21765_21770,28362_28370,29734_29759
USA/CA-LACPHL-AF15945/2022	XAS	241_C|T,670_T|G,2790_C|T,3037_C|T,4184_G|A,4321_C|T,9344_C|T,9424_A|G,9534_C|T,10029_C|T,10198_C|T,10447_G|A,10449_C|A,12160_G|A,12880_C|T,14408_C|T,15714_C|T,17410_C|T,18163_A|G,19955_C|T,20055_A|G,21618_C|T,21987_G|A,22200_T|G,22578_G|A,22674_C|T,22679_T|C,22686_C|T,22688_A|G,22775_G|A,22786_A|C,22813_G|T,22882_T|G,22917_T|G,22992_G|A,22995_C|A,23013_A|C,23018_T|G,23055_A|G,23063_A|T,23075_T|C,23403_A|G,23525_C|T,23599_T|G,23604_C|A,23854_C|A,23948_G|T,24424_A|T,24469_T|A,25000_C|T,25584_C|T,26060_C|T,26270_C|T,26577_C|G,26709_G|A,26858_C|T,27259_A|C,27382_G|C,27383_A|T,27384_T|C,27807_C|T,27945_C|T,28271_A|T,28311_C|T,28881_G|A,28882_G|A,28883_G|C,29510_A|C,11288_11296,21633_21641,21765_21770,28362_28370,29734_29759
USA/CA-OC-3249/2022	XAS	241_C|T,670_T|G,2790_C|T,3037_C|T,4184_G|A,4321_C|T,9344_C|T,9424_A|G,9534_C|T,10029_C|T,10198_C|T,10447_G|A,10449_C|A,12160_G|A,12880_C|T,14408_C|T,15714_C|T,17410_C|T,18163_A|G,19955_C|T,20055_A|G,21618_C|T,21987_G|A,22200_T|G,22578_G|A,22674_C|T,22679_T|C,22686_C|T,22688_A|G,22775_G|A,22786_A|C,22813_G|T,22882_T|G,22917_T|G,22992_G|A,22995_C|A,23013_A|C,23018_T|G,23055_A|G,23063_A|T,23075_T|C,23403_A|G,23525_C|T,23599_T|G,23604_C|A,23854_C|A,23948_G|T,24424_A|T,24469_T|A,25000_C|T,25584_C|T,26060_C|T,26270_C|T,26577_C|G,26709_G|A,26858_C|T,27259_A|C,27382_G|C,27383_A|T,27384_T|C,27807_C|T,27945_C|T,28271_A|T,28311_C|T,28881_G|A,28882_G|A,28883_G|C,29510_A|C,11288_11296,21633_21641,21765_21770,28362_28370,29734_29759
USA/CA-SEARCH-99722/2022	XAS	44_C|T,241_C|T,670_T|G,2790_C|T,3037_C|T,4184_G|A,4321_C|T,9344_C|T,9424_A|G,9534_C|T,10029_C|T,10198_C|T,10447_G|A,10449_C|A,12160_G|A,12880_C|T,14408_C|T,15714_C|T,17410_C|T,18163_A|G,19955_C|T,20055_A|G,21618_C|T,21987_G|A,22200_T|G,22578_G|A,22674_C|T,22679_T|C,22686_C|T,22688_A|G,22775_G|A,22786_A|C,22813_G|T,22882_T|G,22917_T|G,22992_G|A,22995_C|A,23013_A|C,23018_T|G,23055_A|G,23063_A|T,23075_T|C,23403_A|G,23525_C|T,23599_T|G,23604_C|A,23854_C|A,23948_G|T,24424_A|T,24469_T|A,25000_C|T,25584_C|T,26060_C|T,26270_C|T,26577_C|G,26709_G|A,26858_C|T,27259_A|C,27382_G|C,27383_A|T,27384_T|C,27807_C|T,27945_C|T,28271_A|T,28311_C|T,28881_G|A,28882_G|A,28883_G|C,29510_A|C,11288_11296,21633_21641,21765_21770,28362_28370,29734_29759,14_.|C
USA/CO-CDPHE-2103490498/2022	XAS	241_C|T,313_C|T,670_T|G,2790_C|T,3037_C|T,4184_G|A,4321_C|T,9344_C|T,9424_A|G,9534_C|T,10029_C|T,10198_C|T,10447_G|A,10449_C|A,11222_G|A,12160_G|A,12880_C|T,14408_C|T,15714_C|T,17410_C|T,18163_A|G,19955_C|T,20055_A|G,21618_C|T,21987_G|A,22200_T|G,22578_G|A,22674_C|T,22679_T|C,22686_C|T,22688_A|G,22775_G|A,22786_A|C,22813_G|T,22882_T|G,22917_T|G,22992_G|A,22995_C|A,23013_A|C,23018_T|G,23055_A|G,23063_A|T,23075_T|C,23403_A|G,23525_C|T,23599_T|G,23604_C|A,23854_C|A,23948_G|T,24424_A|T,24469_T|A,25000_C|T,25584_C|T,26060_C|T,26270_C|T,26577_C|G,26709_G|A,26858_C|T,27259_A|C,27382_G|C,27383_A|T,27384_T|C,27807_C|T,27945_C|T,28271_A|T,28311_C|T,28881_G|A,28882_G|A,28883_G|C,29510_A|C,11288_11296,21633_21641,21765_21770,28362_28370,29734_29759
USA/CT-CDC-LC0711756/2022	XAS	44_C|T,241_C|T,670_T|G,2790_C|T,3037_C|T,4184_G|A,4321_C|T,9344_C|T,9424_A|G,9534_C|T,10029_C|T,10198_C|T,10447_G|A,10449_C|A,12160_G|A,12880_C|T,14408_C|T,15714_C|T,17410_C|T,18163_A|G,19955_C|T,20055_A|G,21618_C|T,21987_G|A,22200_T|G,22578_G|A,22674_C|T,22679_T|C,22686_C|T,22688_A|G,22775_G|A,22786_A|C,22813_G|T,22882_T|G,22917_T|G,22992_G|A,22995_C|A,23013_A|C,23018_T|G,23055_A|G,23063_A|T,23075_T|C,23403_A|G,23525_C|T,23599_T|G,23604_C|A,23854_C|A,23948_G|T,24424_A|T,24469_T|A,25000_C|T,25584_C|T,26060_C|T,26270_C|T,26577_C|G,26709_G|A,26858_C|T,27259_A|C,27382_G|C,27383_A|T,27384_T|C,27807_C|T,27945_C|T,28271_A|T,28311_C|T,28881_G|A,28882_G|A,28883_G|C,29510_A|C,11288_11296,21633_21641,21765_21770,28362_28370,29734_29759
USA/CT-CDC-LC0879800/2022	XAS	241_C|T,670_T|G,2790_C|T,3037_C|T,4184_G|A,4321_C|T,9344_C|T,9424_A|G,9534_C|T,10029_C|T,10198_C|T,10447_G|A,10449_C|A,11671_C|T,12160_G|A,12880_C|T,14408_C|T,15714_C|T,17410_C|T,18163_A|G,19955_C|T,20055_A|G,21618_C|T,21987_G|A,22200_T|G,22578_G|A,22674_C|T,22679_T|C,22686_C|T,22688_A|G,22775_G|A,22786_A|C,22813_G|T,22882_T|G,22917_T|G,22992_G|A,22995_C|A,23013_A|C,23018_T|G,23055_A|G,23063_A|T,23075_T|C,23403_A|G,23525_C|T,23599_T|G,23604_C|A,23854_C|A,23948_G|T,24424_A|T,24469_T|A,25000_C|T,25584_C|T,26060_C|T,26270_C|T,26577_C|G,26709_G|A,26858_C|T,27259_A|C,27382_G|C,27383_A|T,27384_T|C,27807_C|T,27945_C|T,28271_A|T,28311_C|T,28881_G|A,28882_G|A,28883_G|C,29510_A|C,11288_11296,21633_21641,21765_21770,28362_28370,29728_29776
USA/FL-CDC-LC0818073/2022	XAS	44_C|T,241_C|T,670_T|G,2790_C|T,3037_C|T,4184_G|A,4321_C|T,9344_C|T,9424_A|G,9534_C|T,10029_C|T,10198_C|T,10447_G|A,10449_C|A,12160_G|A,12880_C|T,14408_C|T,15714_C|T,17410_C|T,18163_A|G,19263_C|T,19955_C|T,20055_A|G,21618_C|T,21987_G|A,22200_T|G,22578_G|A,22674_C|T,22679_T|C,22686_C|T,22688_A|G,22775_G|A,22786_A|C,22813_G|T,22882_T|G,22917_T|G,22992_G|A,22995_C|A,23013_A|C,23018_T|G,23055_A|G,23063_A|T,23075_T|C,23278_T|C,23403_A|G,23525_C|T,23599_T|G,23604_C|A,23854_C|A,23948_G|T,24424_A|T,24469_T|A,25000_C|T,25584_C|T,26060_C|T,26270_C|T,26577_C|G,26709_G|A,26801_C|T,26858_C|T,27259_A|C,27382_G|C,27383_A|T,27384_T|C,27807_C|T,27945_C|T,28271_A|T,28311_C|T,28344_C|T,28881_G|A,28882_G|A,28883_G|C,29510_A|C,11288_11296,21633_21641,21765_21770,28362_28370,29734_29759
USA/FL-CDC-QDX38832436/2022	XAS	241_C|T,670_T|G,1385_C|T,2790_C|T,3037_C|T,4184_G|A,4321_C|T,9344_C|T,9424_A|G,9534_C|T,10029_C|T,10198_C|T,10447_G|A,10449_C|A,12160_G|A,12880_C|T,14408_C|T,15714_C|T,17410_C|T,18163_A|G,19955_C|T,20055_A|G,21429_T|C,21618_C|T,21987_G|A,22200_T|G,22578_G|A,22674_C|T,22679_T|C,22686_C|T,22688_A|G,22775_G|A,22786_A|C,22813_G|T,22882_T|G,22917_T|G,22992_G|A,22995_C|A,23013_A|C,23018_T|G,23055_A|G,23063_A|T,23075_T|C,23403_A|G,23525_C|T,23599_T|G,23604_C|A,23854_C|A,23948_G|T,24424_A|T,24469_T|A,24770_G|T,25000_C|T,25584_C|T,26060_C|T,26270_C|T,26577_C|G,26709_G|A,26858_C|T,27259_A|C,27382_G|C,27383_A|T,27384_T|C,27807_C|T,27945_C|T,28271_A|T,28311_C|T,28881_G|A,28882_G|A,28883_G|C,29510_A|C,11288_11296,21633_21641,21765_21770,28362_28370,29734_29759
USA/FL-CDC-STM-98JYYDNCB/2022	XAS	44_C|T,241_C|T,670_T|G,2790_C|T,3037_C|T,4184_G|A,4321_C|T,9344_C|T,9424_A|G,9534_C|T,10029_C|T,10198_C|T,10447_G|A,10449_C|A,12160_G|A,12880_C|T,14408_C|T,15714_C|T,17410_C|T,18163_A|G,19955_C|T,20055_A|G,21618_C|T,21987_G|A,22200_T|G,22578_G|A,22674_C|T,22679_T|C,22686_C|T,22688_A|G,22775_G|A,22786_A|C,22813_G|T,22882_T|G,22917_T|G,22992_G|A,22995_C|A,23013_A|C,23018_T|G,23055_A|G,23063_A|T,23075_T|C,23403_A|G,23525_C|T,23599_T|G,23604_C|A,23854_C|A,23948_G|T,24424_A|T,24469_T|A,25000_C|T,25584_C|T,26060_C|T,26270_C|T,26577_C|G,26709_G|A,26858_C|T,27259_A|C,27382_G|C,27383_A|T,27384_T|C,27807_C|T,27945_C|T,28271_A|T,28311_C|T,28881_G|A,28882_G|A,28883_G|C,29510_A|C,11288_11296,21633_21641,21765_21770,28362_28370,29734_29759
USA/FL-CDC-STM-RUENVWUTK/2022	XAS	44_C|T,241_C|T,670_T|G,2790_C|T,3037_C|T,4184_G|A,4321_C|T,9344_C|T,9424_A|G,9534_C|T,10029_C|T,10198_C|T,10447_G|A,10449_C|A,12160_G|A,12880_C|T,14408_C|T,15714_C|T,17410_C|T,18163_A|G,19955_C|T,20055_A|G,21618_C|T,21987_G|A,22200_T|G,22578_G|A,22674_C|T,22679_T|C,22686_C|T,22688_A|G,22775_G|A,22786_A|C,22813_G|T,22882_T|G,22917_T|G,22992_G|A,22995_C|A,23013_A|C,23018_T|G,23055_A|G,23063_A|T,23075_T|C,23403_A|G,23525_C|T,23599_T|G,23604_C|A,23854_C|A,23948_G|T,24424_A|T,24469_T|A,25000_C|T,25584_C|T,26060_C|T,26270_C|T,26577_C|G,26709_G|A,26858_C|T,27259_A|C,27382_G|C,27383_A|T,27384_T|C,27807_C|T,27945_C|T,28271_A|T,28311_C|T,28432_C|T,28881_G|A,28882_G|A,28883_G|C,29510_A|C,11288_11296,21633_21641,21765_21770,28362_28370,29734_29759
USA/GA-CDC-QDX41029024/2022	XAS	241_C|T,670_T|G,2137_C|T,2790_C|T,3037_C|T,4184_G|A,4321_C|T,9344_C|T,9424_A|G,9534_C|T,10029_C|T,10198_C|T,10323_A|G,10447_G|A,10449_C|A,12160_G|A,12786_C|T,12880_C|T,14408_C|T,15714_C|T,17410_C|T,18163_A|G,19955_C|T,20055_A|G,21618_C|T,21987_G|A,22200_T|G,22578_G|A,22674_C|T,22679_T|C,22686_C|T,22688_A|G,22775_G|A,22786_A|C,22813_G|T,22882_T|G,22917_T|G,22992_G|A,22995_C|A,23013_A|C,23018_T|G,23055_A|G,23063_A|T,23075_T|C,23403_A|G,23525_C|T,23599_T|G,23604_C|A,23854_C|A,23948_G|T,24424_A|T,24469_T|A,25000_C|T,25584_C|T,26060_C|T,26270_C|T,26577_C|G,26709_G|A,26858_C|T,27259_A|C,27382_G|C,27383_A|T,27384_T|C,27807_C|T,27945_C|T,28271_A|T,28311_C|T,28531_C|T,28881_G|A,28882_G|A,28883_G|C,29510_A|C,11288_11296,21633_21641,21765_21770,28362_28370,29734_29759
USA/GA-CDC-STM-9BY949S7U/2022	XAS	44_C|T,241_C|T,670_T|G,2790_C|T,3037_C|T,4184_G|A,4321_C|T,9344_C|T,9424_A|G,9534_C|T,10029_C|T,10198_C|T,10447_G|A,10449_C|A,12160_G|A,12880_C|T,14408_C|T,15714_C|T,17410_C|T,18163_A|G,19955_C|T,20055_A|G,21618_C|T,21987_G|A,22200_T|G,22578_G|A,22674_C|T,22679_T|C,22686_C|T,22688_A|G,22775_G|A,22786_A|C,22813_G|T,22882_T|G,22917_T|G,22992_G|A,22995_C|A,23013_A|C,23018_T|G,23055_A|G,23063_A|T,23075_T|C,23403_A|G,23443_T|C,23525_C|T,23599_T|G,23604_C|A,23854_C|A,23948_G|T,24424_A|T,24469_T|A,25000_C|T,25584_C|T,26060_C|T,26270_C|T,26577_C|G,26709_G|A,26858_C|T,27259_A|C,27382_G|C,27383_A|T,27384_T|C,27807_C|T,27945_C|T,28271_A|T,28311_C|T,28881_G|A,28882_G|A,28883_G|C,29311_C|T,29510_A|C,11288_11296,21633_21641,21765_21770,28362_28370,29734_29759
USA/GA-CDC-STM-M44E6UGCQ/2022	XAS	241_C|T,670_T|G,2137_C|T,2790_C|T,3037_C|T,4184_G|A,4321_C|T,9344_C|T,9424_A|G,9534_C|T,10029_C|T,10198_C|T,10323_A|G,10447_G|A,10449_C|A,12160_G|A,12786_C|T,12880_C|T,14408_C|T,15714_C|T,17410_C|T,18163_A|G,19955_C|T,20055_A|G,21618_C|T,21987_G|A,22200_T|G,22578_G|A,22674_C|T,22679_T|C,22686_C|T,22688_A|G,22775_G|A,22786_A|C,22813_G|T,22882_T|G,22917_T|G,22992_G|A,22995_C|A,23013_A|C,23018_T|G,23055_A|G,23063_A|T,23075_T|C,23403_A|G,23525_C|T,23599_T|G,23604_C|A,23854_C|A,23948_G|T,24424_A|T,24469_T|A,25000_C|T,25584_C|T,26060_C|T,26270_C|T,26577_C|G,26709_G|A,26858_C|T,27259_A|C,27382_G|C,27383_A|T,27384_T|C,27807_C|T,27945_C|T,28271_A|T,28311_C|T,28531_C|T,28881_G|A,28882_G|A,28883_G|C,29510_A|C,11288_11296,21633_21641,21765_21770,28362_28370,29734_29759
USA/GA-CDC-STM-V9SJXC8CU/2022	XAS	44_C|T,241_C|T,670_T|G,2790_C|T,3037_C|T,4184_G|A,4321_C|T,9344_C|T,9424_A|G,9534_C|T,10029_C|T,10198_C|T,10447_G|A,10449_C|A,12160_G|A,12880_C|T,14408_C|T,15714_C|T,17410_C|T,18163_A|G,19955_C|T,20055_A|G,21618_C|T,21987_G|A,22200_T|G,22578_G|A,22674_C|T,22679_T|C,22686_C|T,22688_A|G,22775_G|A,22786_A|C,22813_G|T,22882_T|G,22917_T|G,22992_G|A,22995_C|A,23013_A|C,23018_T|G,23055_A|G,23063_A|T,23075_T|C,23403_A|G,23525_C|T,23599_T|G,23604_C|A,23854_C|A,23948_G|T,24424_A|T,24469_T|A,25000_C|T,25584_C|T,26060_C|T,26270_C|T,26577_C|G,26709_G|A,26858_C|T,27259_A|C,27382_G|C,27383_A|T,27384_T|C,27807_C|T,27945_C|T,28271_A|T,28311_C|T,28432_C|T,28881_G|A,28882_G|A,28883_G|C,29510_A|C,11288_11296,21633_21641,21765_21770,28362_28370,29734_29759
USA/IL-CDC-LC0786415/2022	XAS	241_C|T,670_T|G,2790_C|T,3037_C|T,3828_C|T,4184_G|A,4321_C|T,9344_C|T,9424_A|G,9534_C|T,10029_C|T,10198_C|T,10447_G|A,10449_C|A,12160_G|A,12880_C|T,14408_C|T,15714_C|T,17410_C|T,18163_A|G,19263_C|T,19955_C|T,20055_A|G,21618_C|T,21987_G|A,22200_T|G,22578_G|A,22674_C|T,22679_T|C,22686_C|T,22688_A|G,22775_G|A,22786_A|C,22813_G|T,22882_T|G,22917_T|G,22992_G|A,22995_C|A,23013_A|C,23018_T|G,23055_A|G,23063_A|T,23075_T|C,23403_A|G,23525_C|T,23599_T|G,23604_C|A,23854_C|A,23948_G|T,24424_A|T,24469_T|A,25000_C|T,25584_C|T,26060_C|T,26270_C|T,26577_C|G,26709_G|A,26858_C|T,27259_A|C,27382_G|C,27383_A|T,27384_T|C,27807_C|T,27945_C|T,28271_A|T,28311_C|T,28344_C|T,28881_G|A,28882_G|A,28883_G|C,29510_A|C,11288_11296,21633_21641,21765_21770,28362_28370,29734_29759
USA/IL-CDC-LC0800311/2022	XAS	44_C|T,241_C|T,670_T|G,2790_C|T,3037_C|T,4184_G|A,4321_C|T,5102_C|T,9344_C|T,9424_A|G,9534_C|T,10029_C|T,10198_C|T,10447_G|A,10449_C|A,12160_G|A,12880_C|T,14408_C|T,15714_C|T,17410_C|T,18163_A|G,19955_C|T,20055_A|G,21618_C|T,21987_G|A,22200_T|G,22578_G|A,22674_C|T,22679_T|C,22686_C|T,22688_A|G,22775_G|A,22786_A|C,22813_G|T,22882_T|G,22917_T|G,22992_G|A,22995_C|A,23013_A|C,23018_T|G,23055_A|G,23063_A|T,23075_T|C,23403_A|G,23525_C|T,23599_T|G,23604_C|A,23854_C|A,23948_G|T,24424_A|T,24469_T|A,25000_C|T,25584_C|T,26060_C|T,26270_C|T,26577_C|G,26709_G|A,26858_C|T,27259_A|C,27382_G|C,27383_A|T,27384_T|C,27807_C|T,27945_C|T,28271_A|T,28311_C|T,28881_G|A,28882_G|A,28883_G|C,29510_A|C,11288_11296,21633_21641,21765_21770,28362_28370,29734_29759
USA/IL-CDC-LC0864907/2022	XAS	241_C|T,670_T|G,2790_C|T,3037_C|T,4184_G|A,4321_C|T,9344_C|T,9424_A|G,9534_C|T,10029_C|T,10198_C|T,10447_G|A,10449_C|A,12160_G|A,12880_C|T,14408_C|T,15714_C|T,17410_C|T,18163_A|G,19955_C|T,20055_A|G,21618_C|T,21987_G|A,22200_T|G,22578_G|A,22674_C|T,22679_T|C,22686_C|T,22688_A|G,22775_G|A,22786_A|C,22813_G|T,22882_T|G,22917_T|G,22992_G|A,22995_C|A,23013_A|C,23018_T|G,23055_A|G,23063_A|T,23075_T|C,23403_A|G,23525_C|T,23599_T|G,23604_C|A,23854_C|A,23948_G|T,24424_A|T,24469_T|A,25000_C|T,25584_C|T,26060_C|T,26270_C|T,26577_C|G,26709_G|A,26858_C|T,27259_A|C,27382_G|C,27383_A|T,27384_T|C,27393_C|T,27630_C|T,27807_C|T,27945_C|T,28271_A|T,28311_C|T,28881_G|A,28882_G|A,28883_G|C,29510_A|C,11288_11296,21633_21641,21765_21770,28362_28370,29734_29759
USA/IL-CDC-LC0869426/2022	XAS	241_C|T,670_T|G,2790_C|T,3037_C|T,4184_G|A,4321_C|T,9226_C|T,9344_C|T,9424_A|G,9534_C|T,10029_C|T,10198_C|T,10252_C|T,10447_G|A,10449_C|A,12160_G|A,12880_C|T,14408_C|T,15714_C|T,17410_C|T,18163_A|G,19955_C|T,20055_A|G,21618_C|T,21987_G|A,22200_T|G,22578_G|A,22674_C|T,22679_T|C,22686_C|T,22688_A|G,22775_G|A,22786_A|C,22813_G|T,22882_T|G,22917_T|G,22992_G|A,22995_C|A,23013_A|C,23018_T|G,23055_A|G,23063_A|T,23075_T|C,23314_T|A,23403_A|G,23525_C|T,23599_T|G,23604_C|A,23854_C|A,23948_G|T,24424_A|T,24469_T|A,25000_C|T,25584_C|T,25726_G|T,26060_C|T,26270_C|T,26577_C|G,26709_G|A,26858_C|T,27259_A|C,27382_G|C,27383_A|T,27384_T|C,27807_C|T,27945_C|T,28271_A|T,28311_C|T,28881_G|A,28882_G|A,28883_G|C,29510_A|C,11288_11296,21633_21641,21765_21770,28254,28362_28370,29734_29759
USA/IL-CDC-QDX38724160/2022	XAS	241_C|T,670_T|G,2790_C|T,3037_C|T,4184_G|A,4321_C|T,9344_C|T,9424_A|G,9534_C|T,10029_C|T,10198_C|T,10447_G|A,10449_C|A,12160_G|A,12493_C|T,12661_G|A,12880_C|T,14408_C|T,15714_C|T,17410_C|T,18163_A|G,19955_C|T,20055_A|G,21618_C|T,21987_G|A,22200_T|G,22578_G|A,22674_C|T,22679_T|C,22686_C|T,22688_A|G,22775_G|A,22786_A|C,22813_G|T,22882_T|G,22917_T|G,22992_G|A,22995_C|A,23013_A|C,23018_T|G,23055_A|G,23063_A|T,23075_T|C,23403_A|G,23525_C|T,23599_T|G,23604_C|A,23854_C|A,23948_G|T,24424_A|T,24469_T|A,25000_C|T,25584_C|T,26060_C|T,26270_C|T,26577_C|G,26709_G|A,26858_C|T,27259_A|C,27382_G|C,27383_A|T,27384_T|C,27807_C|T,27945_C|T,28271_A|T,28311_C|T,28881_G|A,28882_G|A,28883_G|C,29510_A|C,11288_11296,21633_21641,21765_21770,28362_28370,29734_29759
USA/IL-CDC-QDX40273079/2022	XAS	241_C|T,670_T|G,2790_C|T,3037_C|T,4184_G|A,4321_C|T,9344_C|T,9424_A|G,9534_C|T,10029_C|T,10198_C|T,10447_G|A,10449_C|A,12160_G|A,12880_C|T,14408_C|T,15714_C|T,17410_C|T,18163_A|G,19955_C|T,20055_A|G,21618_C|T,21987_G|A,22200_T|G,22326_C|T,22578_G|A,22674_C|T,22679_T|C,22686_C|T,22688_A|G,22775_G|A,22786_A|C,22813_G|T,22882_T|G,22917_T|G,22992_G|A,22995_C|A,23013_A|C,23018_T|G,23055_A|G,23063_A|T,23075_T|C,23403_A|G,23525_C|T,23599_T|G,23604_C|A,23854_C|A,23948_G|T,24424_A|T,24469_T|A,25000_C|T,25521_C|T,25584_C|T,26060_C|T,26270_C|T,26577_C|G,26709_G|A,26858_C|T,27259_A|C,27382_G|C,27383_A|T,27384_T|C,27807_C|T,27911_C|T,27945_C|T,28271_A|T,28311_C|T,28881_G|A,28882_G|A,28883_G|C,29510_A|C,11288_11296,21633_21641,21765_21770,28362_28370,29734_29759,27908_.|TT
USA/IL-CDC-QDX40817359/2022	XAS	241_C|T,670_T|G,2790_C|T,3037_C|T,4184_G|A,4321_C|T,9344_C|T,9424_A|G,9534_C|T,10029_C|T,10198_C|T,10447_G|A,10449_C|A,12160_G|A,12880_C|T,14408_C|T,15714_C|T,17410_C|T,18163_A|G,19955_C|T,20055_A|G,21618_C|T,21987_G|A,22200_T|G,22578_G|A,22674_C|T,22679_T|C,22686_C|T,22688_A|G,22775_G|A,22786_A|C,22813_G|T,22882_T|G,22917_T|G,22992_G|A,22995_C|A,23013_A|C,23018_T|G,23055_A|G,23063_A|T,23075_T|C,23403_A|G,23525_C|T,23599_T|G,23604_C|A,23854_C|A,23948_G|T,24424_A|T,24469_T|A,25000_C|T,25584_C|T,26060_C|T,26270_C|T,26577_C|G,26709_G|A,26858_C|T,27259_A|C,27382_G|C,27383_A|T,27384_T|C,27393_C|T,27630_C|T,27807_C|T,27945_C|T,28271_A|T,28311_C|T,28881_G|A,28882_G|A,28883_G|C,29510_A|C,11288_11296,21633_21641,21765_21770,28362_28370,29734_29759
USA/IL-CDC-QDX41030566/2022	XAS	241_C|T,670_T|G,2790_C|T,3037_C|T,4184_G|A,4321_C|T,9008_T|C,9344_C|T,9424_A|G,9534_C|T,10029_C|T,10030_C|T,10198_C|T,10447_G|A,10449_C|A,12160_G|A,12880_C|T,13762_G|T,14408_C|T,15714_C|T,17410_C|T,18163_A|G,19955_C|T,20055_A|G,21618_C|T,21987_G|A,22200_T|G,22578_G|A,22674_C|T,22679_T|C,22686_C|T,22688_A|G,22775_G|A,22786_A|C,22813_G|T,22882_T|G,22917_T|G,22992_G|A,22995_C|A,23013_A|C,23018_T|G,23055_A|G,23063_A|T,23075_T|C,23403_A|G,23525_C|T,23599_T|G,23604_C|A,23854_C|A,23948_G|T,24424_A|T,24469_T|A,25000_C|T,25584_C|T,26060_C|T,26270_C|T,26577_C|G,26709_G|A,26858_C|T,27259_A|C,27382_G|C,27383_A|T,27384_T|C,27807_C|T,27945_C|T,28271_A|T,28311_C|T,28881_G|A,28882_G|A,28883_G|C,29510_A|C,11288_11296,21633_21641,21765_21770,28362_28370,29734_29759
USA/IL-CDC-QDX41030606/2022	XAS	241_C|T,670_T|G,2790_C|T,3037_C|T,4184_G|A,4321_C|T,9008_T|C,9344_C|T,9424_A|G,9534_C|T,10029_C|T,10030_C|T,10198_C|T,10447_G|A,10449_C|A,12160_G|A,12880_C|T,13762_G|T,14408_C|T,15714_C|T,17410_C|T,18163_A|G,19955_C|T,20055_A|G,21618_C|T,21987_G|A,22200_T|G,22578_G|A,22674_C|T,22679_T|C,22686_C|T,22688_A|G,22775_G|A,22786_A|C,22813_G|T,22882_T|G,22917_T|G,22992_G|A,22995_C|A,23013_A|C,23018_T|G,23055_A|G,23063_A|T,23075_T|C,23403_A|G,23525_C|T,23599_T|G,23604_C|A,23854_C|A,23948_G|T,24424_A|T,24469_T|A,25000_C|T,25584_C|T,26060_C|T,26270_C|T,26577_C|G,26709_G|A,26858_C|T,27259_A|C,27382_G|C,27383_A|T,27384_T|C,27807_C|T,27945_C|T,28271_A|T,28311_C|T,28881_G|A,28882_G|A,28883_G|C,29510_A|C,11288_11296,21633_21641,21765_21770,28362_28370,29734_29759
USA/IL-CDC-QDX41076583/2022	XAS	241_C|T,670_T|G,2790_C|T,3037_C|T,4184_G|A,4321_C|T,9344_C|T,9424_A|G,9534_C|T,10029_C|T,10198_C|T,10447_G|A,10449_C|A,12160_G|A,12880_C|T,14408_C|T,15714_C|T,17410_C|T,18163_A|G,19955_C|T,20055_A|G,21618_C|T,21987_G|A,22200_T|G,22578_G|A,22674_C|T,22679_T|C,22686_C|T,22688_A|G,22775_G|A,22786_A|C,22813_G|T,22882_T|G,22917_T|G,22992_G|A,22995_C|A,23013_A|C,23018_T|G,23055_A|G,23063_A|T,23075_T|C,23403_A|G,23525_C|T,23599_T|G,23604_C|A,23854_C|A,23948_G|T,24424_A|T,24469_T|A,25000_C|T,25584_C|T,26060_C|T,26270_C|T,26577_C|G,26709_G|A,26858_C|T,27259_A|C,27382_G|C,27383_A|T,27384_T|C,27393_C|T,27630_C|T,27807_C|T,27945_C|T,28271_A|T,28311_C|T,28881_G|A,28882_G|A,28883_G|C,29510_A|C,11288_11296,21633_21641,21765_21770,28362_28370,29734_29759
USA/IL-CDC-QDX41125418/2022	XAS	241_C|T,621_G|A,670_T|G,2790_C|T,3037_C|T,4184_G|A,4321_C|T,5032_A|G,9344_C|T,9424_A|G,9534_C|T,10029_C|T,10198_C|T,10447_G|A,10449_C|A,10450_C|T,12160_G|A,12880_C|T,14408_C|T,15714_C|T,17410_C|T,18163_A|G,19955_C|T,20055_A|G,21618_C|T,21987_G|A,22200_T|G,22578_G|A,22674_C|T,22679_T|C,22686_C|T,22688_A|G,22775_G|A,22786_A|C,22813_G|T,22882_T|G,22917_T|G,22992_G|A,22995_C|A,23013_A|C,23018_T|G,23055_A|G,23063_A|T,23075_T|C,23403_A|G,23525_C|T,23599_T|G,23604_C|A,23854_C|A,23948_G|T,24424_A|T,24469_T|A,25000_C|T,25584_C|T,26060_C|T,26270_C|T,26577_C|G,26709_G|A,26858_C|T,27259_A|C,27382_G|C,27383_A|T,27384_T|C,27807_C|T,27945_C|T,28271_A|T,28311_C|T,28881_G|A,28882_G|A,28883_G|C,29510_A|C,11288_11296,21633_21641,21765_21770,28362_28370,29734_29759
USA/IL-CDC-STM-39K48N9KC/2022	XAS	44_C|T,241_C|T,670_T|G,2137_C|T,2790_C|T,3037_C|T,4184_G|A,4321_C|T,9344_C|T,9424_A|G,9534_C|T,10029_C|T,10198_C|T,10323_A|G,10447_G|A,10449_C|A,12160_G|A,12786_C|T,12880_C|T,14408_C|T,15714_C|T,17410_C|T,18163_A|G,19955_C|T,20055_A|G,21618_C|T,21987_G|A,22200_T|G,22578_G|A,22674_C|T,22679_T|C,22686_C|T,22688_A|G,22775_G|A,22786_A|C,22813_G|T,22882_T|G,22917_T|G,22992_G|A,22995_C|A,23013_A|C,23018_T|G,23055_A|G,23063_A|T,23075_T|C,23403_A|G,23525_C|T,23599_T|G,23604_C|A,23854_C|A,23948_G|T,24424_A|T,24469_T|A,25000_C|T,25584_C|T,26060_C|T,26270_C|T,26577_C|G,26709_G|A,26858_C|T,27259_A|C,27382_G|C,27383_A|T,27384_T|C,27807_C|T,27945_C|T,28271_A|T,28311_C|T,28531_C|T,28881_G|A,28882_G|A,28883_G|C,29510_A|C,11288_11296,21633_21641,21765_21770,28362_28370,29734_29759
USA/IL-CDC-STM-9T8P4JYCF/2022	XAS	44_C|T,241_C|T,670_T|G,2790_C|T,3037_C|T,4184_G|A,4321_C|T,5629_G|T,9344_C|T,9424_A|G,9534_C|T,10029_C|T,10198_C|T,10447_G|A,10449_C|A,12160_G|A,12880_C|T,14408_C|T,15714_C|T,17410_C|T,18163_A|G,19955_C|T,20055_A|G,21618_C|T,21987_G|A,22200_T|G,22578_G|A,22674_C|T,22679_T|C,22686_C|T,22688_A|G,22775_G|A,22786_A|C,22813_G|T,22882_T|G,22917_T|G,22992_G|A,22995_C|A,23013_A|C,23018_T|G,23055_A|G,23063_A|T,23075_T|C,23403_A|G,23525_C|T,23599_T|G,23604_C|A,23854_C|A,23948_G|T,24424_A|T,24469_T|A,25000_C|T,25584_C|T,26060_C|T,26270_C|T,26577_C|G,26709_G|A,26858_C|T,27259_A|C,27382_G|C,27383_A|T,27384_T|C,27807_C|T,27945_C|T,28271_A|T,28311_C|T,28881_G|A,28882_G|A,28883_G|C,29510_A|C,11288_11296,21633_21641,21765_21770,28362_28370,29734_29759
USA/IL-CDC-STM-VAZ72SBEM/2022	XAS	44_C|T,224_T|C,241_C|T,670_T|G,2790_C|T,3037_C|T,4184_G|A,4321_C|T,9344_C|T,9424_A|G,9534_C|T,10029_C|T,10198_C|T,10447_G|A,10449_C|A,12160_G|A,12880_C|T,14408_C|T,15714_C|T,17410_C|T,17747_C|T,18163_A|G,19955_C|T,20055_A|G,21618_C|T,21987_G|A,22200_T|G,22578_G|A,22674_C|T,22679_T|C,22686_C|T,22688_A|G,22775_G|A,22786_A|C,22813_G|T,22882_T|G,22917_T|G,22992_G|A,22995_C|A,23013_A|C,23018_T|G,23055_A|G,23063_A|T,23075_T|C,23403_A|G,23525_C|T,23599_T|G,23604_C|A,23854_C|A,23948_G|T,24424_A|T,24469_T|A,25000_C|T,25584_C|T,26060_C|T,26270_C|T,26577_C|G,26709_G|A,26858_C|T,27259_A|C,27382_G|C,27383_A|T,27384_T|C,27532_C|A,27807_C|T,27945_C|T,28271_A|T,28311_C|T,28881_G|A,28882_G|A,28883_G|C,29510_A|C,11288_11296,21633_21641,21765_21770,28362_28370,29734_29759
USA/IN-CDC-LC0811496/2022	XAS	241_C|T,670_T|G,2790_C|T,3037_C|T,4184_G|A,4321_C|T,9344_C|T,9424_A|G,9534_C|T,9866_C|T,10029_C|T,10198_C|T,10447_G|A,10449_C|A,11522_T|G,11575_C|T,11674_C|T,12160_G|A,12880_C|T,14408_C|T,14599_C|T,15714_C|T,17410_C|T,18163_A|G,19955_C|T,20055_A|G,21618_C|T,21987_G|A,22200_T|G,22484_G|T,22578_G|A,22599_G|C,22674_C|T,22679_T|C,22686_C|T,22688_A|G,22775_G|A,22786_A|C,22813_G|T,22882_T|G,22917_T|G,22992_G|A,22995_C|A,23013_A|C,23018_T|G,23055_A|G,23063_A|T,23075_T|C,23403_A|G,23525_C|T,23535_A|G,23599_T|G,23604_C|A,23854_C|A,23948_G|T,24424_A|T,24469_T|A,25000_C|T,25584_C|T,26060_C|T,26270_C|T,26577_C|G,26709_G|A,26858_C|T,27259_A|C,27382_G|C,27383_A|T,27384_T|C,27807_C|T,27945_C|T,28271_A|T,28311_C|T,28881_G|A,28882_G|A,28883_G|C,29510_A|C,686_694,11288_11296,21633_21641,21765_21770,28362_28370,29734_29759
USA/IN-CDC-LC0817329/2022	XAS	241_C|T,670_T|G,2790_C|T,3037_C|T,4184_G|A,4321_C|T,9344_C|T,9424_A|G,9534_C|T,9866_C|T,10029_C|T,10198_C|T,10447_G|A,10449_C|A,11522_T|G,11575_C|T,11674_C|T,12160_G|A,12880_C|T,14408_C|T,14599_C|T,15714_C|T,17410_C|T,18163_A|G,19955_C|T,20055_A|G,21618_C|T,21987_G|A,22200_T|G,22484_G|T,22578_G|A,22599_G|C,22674_C|T,22679_T|C,22686_C|T,22688_A|G,22775_G|A,22786_A|C,22813_G|T,22882_T|G,22917_T|G,22992_G|A,22995_C|A,23013_A|C,23018_T|G,23055_A|G,23063_A|T,23075_T|C,23403_A|G,23525_C|T,23535_A|G,23599_T|G,23604_C|A,23854_C|A,23948_G|T,24424_A|T,24469_T|A,25000_C|T,25584_C|T,26060_C|T,26270_C|T,26577_C|G,26709_G|A,26858_C|T,27259_A|C,27382_G|C,27383_A|T,27384_T|C,27807_C|T,27945_C|T,28271_A|T,28311_C|T,28881_G|A,28882_G|A,28883_G|C,29510_A|C,686_694,11288_11296,21633_21641,21765_21770,28362_28370,29734_29759
USA/IN-CDC-STM-7266TS8KD/2022	XAS	241_C|T,670_T|G,2790_C|T,3037_C|T,4184_G|A,4321_C|T,9344_C|T,9424_A|G,9534_C|T,9866_C|T,10029_C|T,10198_C|T,10447_G|A,10449_C|A,11522_T|G,11575_C|T,11674_C|T,12160_G|A,12880_C|T,14408_C|T,14599_C|T,15714_C|T,17410_C|T,18163_A|G,19955_C|T,20055_A|G,21618_C|T,21987_G|A,22200_T|G,22484_G|T,22578_G|A,22599_G|C,22674_C|T,22679_T|C,22686_C|T,22688_A|G,22775_G|A,22786_A|C,22813_G|T,22882_T|G,22917_T|G,22992_G|A,22995_C|A,23013_A|C,23018_T|G,23055_A|G,23063_A|T,23075_T|C,23403_A|G,23525_C|T,23535_A|G,23599_T|G,23604_C|A,23854_C|A,23948_G|T,24424_A|T,24469_T|A,25000_C|T,25584_C|T,26060_C|T,26270_C|T,26577_C|G,26709_G|A,26858_C|T,27259_A|C,27382_G|C,27383_A|T,27384_T|C,27807_C|T,27945_C|T,28271_A|T,28311_C|T,28881_G|A,28882_G|A,28883_G|C,29510_A|C,686_694,11288_11296,21633_21641,21765_21770,28362_28370,29734_29759
USA/IN-CDC-STM-7VVP3WARJ/2022	XAS	44_C|T,241_C|T,670_T|G,2790_C|T,3037_C|T,4184_G|A,4321_C|T,9344_C|T,9424_A|G,9534_C|T,10029_C|T,10198_C|T,10447_G|A,10449_C|A,11212_T|C,12160_G|A,12880_C|T,14408_C|T,15714_C|T,17410_C|T,18163_A|G,19955_C|T,20055_A|G,21618_C|T,21987_G|A,22200_T|G,22326_C|T,22578_G|A,22674_C|T,22679_T|C,22686_C|T,22688_A|G,22775_G|A,22786_A|C,22813_G|T,22882_T|G,22917_T|G,22992_G|A,22995_C|A,23013_A|C,23018_T|G,23055_A|G,23063_A|T,23075_T|C,23403_A|G,23525_C|T,23599_T|G,23604_C|A,23854_C|A,23948_G|T,24424_A|T,24469_T|A,25000_C|T,25521_C|T,25584_C|T,26060_C|T,26270_C|T,26577_C|G,26709_G|A,26858_C|T,27259_A|C,27382_G|C,27383_A|T,27384_T|C,27807_C|T,27945_C|T,28271_A|T,28311_C|T,28881_G|A,28882_G|A,28883_G|C,29510_A|C,11288_11296,21633_21641,21765_21770,28362_28370,29734_29759
USA/IN-CDC-STM-8EPE43XNW/2022	XAS	44_C|T,241_C|T,670_T|G,2790_C|T,3037_C|T,3493_T|C,4184_G|A,4321_C|T,9344_C|T,9424_A|G,9534_C|T,9866_C|T,10029_C|T,10198_C|T,10447_G|A,10449_C|A,11522_T|G,11575_C|T,11674_C|T,12160_G|A,12880_C|T,14408_C|T,14599_C|T,15714_C|T,17410_C|T,18163_A|G,19955_C|T,20055_A|G,21618_C|T,21987_G|A,22200_T|G,22484_G|T,22578_G|A,22599_G|C,22674_C|T,22679_T|C,22686_C|T,22688_A|G,22775_G|A,22786_A|C,22813_G|T,22882_T|G,22917_T|G,22992_G|A,22995_C|A,23013_A|C,23018_T|G,23055_A|G,23063_A|T,23075_T|C,23403_A|G,23525_C|T,23535_A|G,23599_T|G,23604_C|A,23854_C|A,23948_G|T,24424_A|T,24469_T|A,25000_C|T,25317_C|A,25584_C|T,26060_C|T,26270_C|T,26577_C|G,26709_G|A,26858_C|T,27259_A|C,27382_G|C,27383_A|T,27384_T|C,27689_C|T,27807_C|T,27945_C|T,28271_A|T,28311_C|T,28881_G|A,28882_G|A,28883_G|C,29510_A|C,686_694,11288_11296,21633_21641,21765_21770,28362_28370,29734_29759
USA/IN-CDC-STM-HDQCPYG5D/2022	XAS	44_C|T,241_C|T,670_T|G,2790_C|T,3037_C|T,3493_T|C,4184_G|A,4321_C|T,9344_C|T,9424_A|G,9534_C|T,9866_C|T,10029_C|T,10198_C|T,10447_G|A,10449_C|A,11522_T|G,11575_C|T,11674_C|T,12160_G|A,12880_C|T,14408_C|T,14599_C|T,15714_C|T,17410_C|T,18163_A|G,19955_C|T,20055_A|G,21618_C|T,21987_G|A,22200_T|G,22484_G|T,22578_G|A,22599_G|C,22674_C|T,22679_T|C,22686_C|T,22688_A|G,22775_G|A,22786_A|C,22813_G|T,22882_T|G,22917_T|G,22992_G|A,22995_C|A,23013_A|C,23018_T|G,23055_A|G,23063_A|T,23075_T|C,23403_A|G,23525_C|T,23535_A|G,23599_T|G,23604_C|A,23854_C|A,23948_G|T,24424_A|T,24469_T|A,25000_C|T,25317_C|A,25584_C|T,26060_C|T,26270_C|T,26577_C|G,26709_G|A,26858_C|T,27259_A|C,27382_G|C,27383_A|T,27384_T|C,27689_C|T,27807_C|T,27945_C|T,28271_A|T,28311_C|T,28881_G|A,28882_G|A,28883_G|C,29510_A|C,686_694,11288_11296,21633_21641,21765_21770,28362_28370,29734_29759
USA/IN-CDC-STM-PGPXHZWNT/2022	XAS	44_C|T,241_C|T,670_T|G,2790_C|T,3037_C|T,4184_G|A,4321_C|T,9344_C|T,9424_A|G,9534_C|T,10029_C|T,10198_C|T,10447_G|A,10449_C|A,12160_G|A,12880_C|T,14408_C|T,15714_C|T,17410_C|T,18163_A|G,19955_C|T,20055_A|G,21618_C|T,21987_G|A,22200_T|G,22326_C|T,22578_G|A,22674_C|T,22679_T|C,22686_C|T,22688_A|G,22775_G|A,22786_A|C,22813_G|T,22882_T|G,22917_T|G,22992_G|A,22995_C|A,23013_A|C,23018_T|G,23055_A|G,23063_A|T,23075_T|C,23403_A|G,23525_C|T,23599_T|G,23604_C|A,23854_C|A,23948_G|T,24424_A|T,24469_T|A,25000_C|T,25521_C|T,25584_C|T,26060_C|T,26270_C|T,26577_C|G,26709_G|A,26858_C|T,27259_A|C,27382_G|C,27383_A|T,27384_T|C,27807_C|T,27945_C|T,28271_A|T,28311_C|T,28881_G|A,28882_G|A,28883_G|C,29510_A|C,29764_G|T,11288_11296,21633_21641,21765_21770,28362_28370,29734_29759
USA/JW7382/2022	XAS	241_C|T,670_T|G,2790_C|T,3037_C|T,4184_G|A,4321_C|T,9344_C|T,9424_A|G,9534_C|T,10029_C|T,10198_C|T,10447_G|A,10449_C|A,12160_G|A,12880_C|T,14408_C|T,15714_C|T,17410_C|T,18163_A|G,18814_C|T,19955_C|T,20055_A|G,21034_C|T,21618_C|T,21987_G|A,22200_T|G,22578_G|A,22674_C|T,22679_T|C,22686_C|T,22688_A|G,22775_G|A,22786_A|C,22813_G|T,22882_T|G,22917_T|G,22992_G|A,22995_C|A,23013_A|C,23018_T|G,23055_A|G,23063_A|T,23075_T|C,23403_A|G,23525_C|T,23599_T|G,23604_C|A,23854_C|A,23948_G|T,24424_A|T,24469_T|A,25000_C|T,25067_A|C,25584_C|T,26060_C|T,26270_C|T,26577_C|G,26709_G|A,26858_C|T,27259_A|C,27382_G|C,27383_A|T,27384_T|C,27807_C|T,27945_C|T,28271_A|T,28311_C|T,28881_G|A,28882_G|A,28883_G|C,29510_A|C,11288_11296,21633_21641,21765_21770,28362_28370,29734_29759
USA/KS-CDC-LC0866090/2022	XAS	44_C|T,241_C|T,670_T|G,2790_C|T,3037_C|T,4184_G|A,4321_C|T,9344_C|T,9424_A|G,9534_C|T,10029_C|T,10198_C|T,10323_A|G,10447_G|A,10449_C|A,12160_G|A,12786_C|T,12880_C|T,14408_C|T,15714_C|T,17410_C|T,18163_A|G,19955_C|T,20055_A|G,21618_C|T,21987_G|A,22200_T|G,22578_G|A,22674_C|T,22679_T|C,22686_C|T,22688_A|G,22775_G|A,22786_A|C,22813_G|T,22882_T|G,22917_T|G,22992_G|A,22995_C|A,23013_A|C,23018_T|G,23055_A|G,23063_A|T,23075_T|C,23403_A|G,23525_C|T,23599_T|G,23604_C|A,23854_C|A,23948_G|T,24424_A|T,24469_T|A,25000_C|T,25584_C|T,26060_C|T,26270_C|T,26577_C|G,26709_G|A,26858_C|T,27259_A|C,27382_G|C,27383_A|T,27384_T|C,27807_C|T,27945_C|T,28253_C|T,28271_A|T,28311_C|T,28881_G|A,28882_G|A,28883_G|C,29510_A|C,11288_11296,21633_21641,21765_21770,28362_28370,29734_29759
USA/LA-CDC-STM-3UPMJ5EVF/2022	XAS	44_C|T,241_C|T,670_T|G,2790_C|T,3037_C|T,4184_G|A,4321_C|T,9344_C|T,9424_A|G,9534_C|T,10029_C|T,10198_C|T,10447_G|A,10449_C|A,12160_G|A,12880_C|T,14408_C|T,15714_C|T,17410_C|T,18163_A|G,19955_C|T,20055_A|G,21618_C|T,21987_G|A,22200_T|G,22578_G|A,22674_C|T,22679_T|C,22686_C|T,22688_A|G,22775_G|A,22786_A|C,22813_G|T,22882_T|G,22917_T|G,22992_G|A,22995_C|A,23013_A|C,23018_T|G,23055_A|G,23063_A|T,23075_T|C,23403_A|G,23525_C|T,23599_T|G,23604_C|A,23854_C|A,23948_G|T,24237_C|T,24424_A|T,24469_T|A,25000_C|T,25584_C|T,25936_C|T,26060_C|T,26270_C|T,26577_C|G,26709_G|A,26858_C|T,27259_A|C,27382_G|C,27383_A|T,27384_T|C,27807_C|T,27861_G|T,27945_C|T,28271_A|T,28311_C|T,28881_G|A,28882_G|A,28883_G|C,29510_A|C,11288_11296,21633_21641,21765_21770,28362_28370,29734_29759
USA/LA-CDC-STM-3XRVPQYAV/2022	XAS	44_C|T,241_C|T,670_T|G,2790_C|T,3037_C|T,4184_G|A,4321_C|T,9344_C|T,9424_A|G,9534_C|T,10029_C|T,10198_C|T,10447_G|A,10449_C|A,12160_G|A,12880_C|T,14408_C|T,15714_C|T,17410_C|T,18163_A|G,19955_C|T,20055_A|G,21618_C|T,21987_G|A,22200_T|G,22578_G|A,22674_C|T,22679_T|C,22686_C|T,22688_A|G,22775_G|A,22786_A|C,22813_G|T,22882_T|G,22917_T|G,22992_G|A,22995_C|A,23013_A|C,23018_T|G,23055_A|G,23063_A|T,23075_T|C,23403_A|G,23525_C|T,23599_T|G,23604_C|A,23854_C|A,23948_G|T,24237_C|T,24424_A|T,24469_T|A,25000_C|T,25584_C|T,25936_C|T,26060_C|T,26270_C|T,26577_C|G,26709_G|A,26858_C|T,27259_A|C,27382_G|C,27383_A|T,27384_T|C,27807_C|T,27861_G|T,27945_C|T,28271_A|T,28311_C|T,28881_G|A,28882_G|A,28883_G|C,29510_A|C,11288_11296,21633_21641,21765_21770,28362_28370,29734_29759
USA/MA-CDC-QDX42395025/2022	XAS	241_C|T,670_T|G,2790_C|T,3037_C|T,4184_G|A,4321_C|T,9344_C|T,9424_A|G,9534_C|T,10029_C|T,10198_C|T,10447_G|A,10449_C|A,12160_G|A,12880_C|T,14408_C|T,15714_C|T,17410_C|T,18163_A|G,19955_C|T,20055_A|G,20844_C|T,21618_C|T,21987_G|A,22200_T|G,22578_G|A,22674_C|T,22679_T|C,22686_C|T,22688_A|G,22775_G|A,22786_A|C,22813_G|T,22882_T|G,22917_T|G,22992_G|A,22995_C|A,23013_A|C,23018_T|G,23055_A|G,23063_A|T,23075_T|C,23403_A|G,23525_C|T,23599_T|G,23604_C|A,23854_C|A,23948_G|T,24424_A|T,24469_T|A,25000_C|T,25584_C|T,26060_C|T,26270_C|T,26577_C|G,26709_G|A,26858_C|T,27259_A|C,27382_G|C,27383_A|T,27384_T|C,27807_C|T,27945_C|T,28271_A|T,28311_C|T,28531_C|T,28881_G|A,28882_G|A,28883_G|C,29510_A|C,11288_11296,21633_21641,21765_21770,28362_28370,29734_29759
USA/MD-CDC-QDX39121330/2022	XAS	241_C|T,670_T|G,2790_C|T,3037_C|T,4184_G|A,4321_C|T,9344_C|T,9424_A|G,9534_C|T,10029_C|T,10198_C|T,10447_G|A,10449_C|A,12160_G|A,12880_C|T,14408_C|T,15714_C|T,17410_C|T,18163_A|G,19955_C|T,20055_A|G,21618_C|T,21987_G|A,22200_T|G,22578_G|A,22674_C|T,22679_T|C,22686_C|T,22688_A|G,22775_G|A,22786_A|C,22813_G|T,22882_T|G,22917_T|G,22992_G|A,22995_C|A,23013_A|C,23018_T|G,23055_A|G,23063_A|T,23075_T|C,23403_A|G,23525_C|T,23599_T|G,23604_C|A,23854_C|A,23948_G|T,24424_A|T,24469_T|A,25000_C|T,25584_C|T,26060_C|T,26270_C|T,26577_C|G,26709_G|A,26858_C|T,27259_A|C,27382_G|C,27383_A|T,27384_T|C,27807_C|T,27945_C|T,28271_A|T,28311_C|T,28881_G|A,28882_G|A,28883_G|C,29510_A|C,11288_11296,21633_21641,21765_21770,28362_28370,29734_29759
USA/MD-CDC-QDX39705463/2022	XAS	241_C|T,670_T|G,2790_C|T,3037_C|T,4184_G|A,4321_C|T,9344_C|T,9424_A|G,9534_C|T,10029_C|T,10198_C|T,10447_G|A,10449_C|A,12160_G|A,12880_C|T,14408_C|T,15714_C|T,17410_C|T,18163_A|G,19955_C|T,20055_A|G,21618_C|T,21987_G|A,22200_T|G,22578_G|A,22674_C|T,22679_T|C,22686_C|T,22688_A|G,22775_G|A,22786_A|C,22813_G|T,22882_T|G,22917_T|G,22992_G|A,22995_C|A,23013_A|C,23018_T|G,23055_A|G,23063_A|T,23075_T|C,23403_A|G,23525_C|T,23599_T|G,23604_C|A,23854_C|A,23948_G|T,24424_A|T,24469_T|A,25000_C|T,25584_C|T,26060_C|T,26270_C|T,26577_C|G,26709_G|A,26858_C|T,27259_A|C,27382_G|C,27383_A|T,27384_T|C,27807_C|T,27945_C|T,28271_A|T,28311_C|T,28881_G|A,28882_G|A,28883_G|C,29510_A|C,11288_11296,21633_21641,21765_21770,28362_28370,29734_29759
USA/MI-CDC-QDX39613058/2022	XAS	241_C|T,621_G|A,670_T|G,2790_C|T,3037_C|T,4012_C|T,4184_G|A,4321_C|T,9344_C|T,9424_A|G,9534_C|T,10029_C|T,10198_C|T,10447_G|A,10449_C|A,10450_C|T,12160_G|A,12880_C|T,14408_C|T,15714_C|T,17410_C|T,18163_A|G,19955_C|T,20055_A|G,21618_C|T,21987_G|A,22200_T|G,22578_G|A,22674_C|T,22679_T|C,22686_C|T,22688_A|G,22775_G|A,22786_A|C,22813_G|T,22882_T|G,22917_T|G,22992_G|A,22995_C|A,23013_A|C,23018_T|G,23055_A|G,23063_A|T,23075_T|C,23403_A|G,23525_C|T,23599_T|G,23604_C|A,23854_C|A,23948_G|T,24424_A|T,24469_T|A,25000_C|T,25584_C|T,26060_C|T,26270_C|T,26577_C|G,26709_G|A,26858_C|T,27259_A|C,27382_G|C,27383_A|T,27384_T|C,27807_C|T,27945_C|T,28271_A|T,28311_C|T,28881_G|A,28882_G|A,28883_G|C,29510_A|C,11288_11296,21633_21641,21765_21770,28362_28370,29734_29759
USA/MI-CDC-QDX40314310/2022	XAS	241_C|T,670_T|G,1609_C|T,2708_C|T,2790_C|T,3037_C|T,4184_G|A,4255_G|A,4321_C|T,9344_C|T,9424_A|G,9534_C|T,10029_C|T,10198_C|T,10447_G|A,10449_C|A,12160_G|A,12880_C|T,14408_C|T,15714_C|T,17410_C|T,18163_A|G,19955_C|T,20055_A|G,21618_C|T,21987_G|A,22200_T|G,22578_G|A,22674_C|T,22679_T|C,22686_C|T,22688_A|G,22775_G|A,22786_A|C,22813_G|T,22882_T|G,22917_T|G,22992_G|A,22995_C|A,23013_A|C,23018_T|G,23029_C|T,23055_A|G,23063_A|T,23075_T|C,23403_A|G,23525_C|T,23599_T|G,23604_C|A,23854_C|A,23948_G|T,24424_A|T,24469_T|A,25000_C|T,25584_C|T,26060_C|T,26270_C|T,26577_C|G,26709_G|A,26858_C|T,27259_A|C,27382_G|C,27383_A|T,27384_T|C,27807_C|T,27945_C|T,28271_A|T,28311_C|T,28881_G|A,28882_G|A,28883_G|C,29510_A|C,11288_11296,21633_21641,21765_21770,28362_28370,29734_29759
USA/MN-CDC-QDX41030914/2022	XAS	241_C|T,670_T|G,2790_C|T,3037_C|T,4184_G|A,4321_C|T,4783_A|G,9344_C|T,9424_A|G,9534_C|T,10029_C|T,10198_C|T,10447_G|A,10449_C|A,12160_G|A,12880_C|T,14408_C|T,15714_C|T,17410_C|T,18163_A|G,19955_C|T,20055_A|G,21618_C|T,21987_G|A,21994_T|C,22200_T|G,22578_G|A,22674_C|T,22679_T|C,22686_C|T,22688_A|G,22775_G|A,22786_A|C,22813_G|T,22882_T|G,22917_T|G,22992_G|A,22995_C|A,23013_A|C,23018_T|G,23055_A|G,23063_A|T,23075_T|C,23403_A|G,23525_C|T,23599_T|G,23604_C|A,23854_C|A,23948_G|T,24424_A|T,24469_T|A,25000_C|T,25584_C|T,25708_C|T,26060_C|T,26270_C|T,26577_C|G,26709_G|A,26858_C|T,27259_A|C,27382_G|C,27383_A|T,27384_T|C,27807_C|T,27945_C|T,28271_A|T,28311_C|T,28881_G|A,28882_G|A,28883_G|C,29510_A|C,29614_C|T,11288_11296,21633_21641,21765_21770,28362_28370,29734_29759
USA/NC-CDC-LC0771689/2022	XAS	241_C|T,670_T|G,2790_C|T,3037_C|T,4184_G|A,4321_C|T,9344_C|T,9424_A|G,9534_C|T,10029_C|T,10198_C|T,10447_G|A,10449_C|A,12160_G|A,12880_C|T,14408_C|T,15714_C|T,17410_C|T,18163_A|G,19955_C|T,20055_A|G,21618_C|T,21987_G|A,22200_T|G,22578_G|A,22674_C|T,22679_T|C,22686_C|T,22688_A|G,22775_G|A,22786_A|C,22813_G|T,22882_T|G,22917_T|G,22992_G|A,22995_C|A,23013_A|C,23018_T|G,23055_A|G,23063_A|T,23075_T|C,23403_A|G,23525_C|T,23599_T|G,23604_C|A,23854_C|A,23948_G|T,24424_A|T,24469_T|A,25000_C|T,25584_C|T,26060_C|T,26270_C|T,26577_C|G,26709_G|A,26858_C|T,27259_A|C,27382_G|C,27383_A|T,27384_T|C,27807_C|T,27945_C|T,28271_A|T,28311_C|T,28881_G|A,28882_G|A,28883_G|C,29510_A|C,11288_11296,21633_21641,21765_21770,28362_28370,29734_29759
USA/NC-CDC-LC0837551/2022	XAS	241_C|T,670_T|G,2790_C|T,3037_C|T,4184_G|A,4321_C|T,9344_C|T,9424_A|G,9534_C|T,10029_C|T,10198_C|T,10447_G|A,10449_C|A,12160_G|A,12880_C|T,14408_C|T,15714_C|T,17410_C|T,18163_A|G,19955_C|T,20055_A|G,21618_C|T,21987_G|A,22200_T|G,22578_G|A,22674_C|T,22679_T|C,22686_C|T,22688_A|G,22775_G|A,22786_A|C,22813_G|T,22882_T|G,22917_T|G,22992_G|A,22995_C|A,23013_A|C,23018_T|G,23055_A|G,23063_A|T,23075_T|C,23403_A|G,23525_C|T,23599_T|G,23604_C|A,23854_C|A,23948_G|T,24424_A|T,24469_T|A,25000_C|T,25584_C|T,26060_C|T,26270_C|T,26577_C|G,26709_G|A,26858_C|T,27259_A|C,27382_G|C,27383_A|T,27384_T|C,27807_C|T,27945_C|T,28271_A|T,28311_C|T,28881_G|A,28882_G|A,28883_G|C,29510_A|C,11288_11296,21633_21641,21765_21770,28362_28370,29734_29759
USA/NC-CDC-QDX40621053/2022	XAS	241_C|T,670_T|G,2790_C|T,3037_C|T,4184_G|A,4321_C|T,9344_C|T,9424_A|G,9534_C|T,10029_C|T,10198_C|T,10447_G|A,10449_C|A,12160_G|A,12880_C|T,14408_C|T,15714_C|T,17410_C|T,18163_A|G,19955_C|T,20055_A|G,21618_C|T,21987_G|A,22200_T|G,22578_G|A,22674_C|T,22679_T|C,22686_C|T,22688_A|G,22775_G|A,22786_A|C,22813_G|T,22882_T|G,22917_T|G,22992_G|A,22995_C|A,23013_A|C,23018_T|G,23055_A|G,23063_A|T,23075_T|C,23383_G|T,23403_A|G,23525_C|T,23599_T|G,23604_C|A,23854_C|A,23948_G|T,24424_A|T,24469_T|A,25000_C|T,25584_C|T,26060_C|T,26270_C|T,26577_C|G,26709_G|A,26858_C|T,27259_A|C,27382_G|C,27383_A|T,27384_T|C,27410_T|G,27807_C|T,27945_C|T,28271_A|T,28311_C|T,28881_G|A,28882_G|A,28883_G|C,29510_A|C,11288_11296,21633_21641,21765_21770,28362_28370,29734_29759
USA/NC-CDC-QDX41999629/2022	XAS	241_C|T,670_T|G,2790_C|T,3037_C|T,4184_G|A,4321_C|T,9344_C|T,9424_A|G,9534_C|T,9698_A|G,10029_C|T,10198_C|T,10447_G|A,10449_C|A,11671_C|T,12160_G|A,12880_C|T,14408_C|T,15714_C|T,17410_C|T,18163_A|G,19955_C|T,20055_A|G,21618_C|T,21987_G|A,22200_T|G,22578_G|A,22674_C|T,22679_T|C,22686_C|T,22688_A|G,22775_G|A,22786_A|C,22813_G|T,22882_T|G,22917_T|G,22992_G|A,22995_C|A,23013_A|C,23018_T|G,23055_A|G,23063_A|T,23075_T|C,23403_A|G,23525_C|T,23599_T|G,23604_C|A,23854_C|A,23948_G|T,24424_A|T,24469_T|A,25000_C|T,25584_C|T,26060_C|T,26270_C|T,26577_C|G,26709_G|A,26858_C|T,27259_A|C,27382_G|C,27383_A|T,27384_T|C,27807_C|T,27945_C|T,28271_A|T,28311_C|T,28881_G|A,28882_G|A,28883_G|C,29510_A|C,11288_11296,21633_21641,21765_21770,28362_28370,29734_29759
USA/NC-CDC-QDX42511950/2022	XAS	241_C|T,670_T|G,2790_C|T,3037_C|T,4184_G|A,4321_C|T,9344_C|T,9424_A|G,9534_C|T,9698_A|G,10029_C|T,10198_C|T,10447_G|A,10449_C|A,11671_C|T,12160_G|A,12880_C|T,13264_C|T,14408_C|T,15714_C|T,17410_C|T,18163_A|G,19955_C|T,20055_A|G,21618_C|T,21987_G|A,22200_T|G,22578_G|A,22674_C|T,22679_T|C,22686_C|T,22688_A|G,22775_G|A,22786_A|C,22813_G|T,22882_T|G,22917_T|G,22992_G|A,22995_C|A,23013_A|C,23018_T|G,23055_A|G,23063_A|T,23075_T|C,23403_A|G,23525_C|T,23599_T|G,23604_C|A,23854_C|A,23948_G|T,24424_A|T,24469_T|A,25000_C|T,25584_C|T,26060_C|T,26270_C|T,26577_C|G,26709_G|A,26858_C|T,27259_A|C,27382_G|C,27383_A|T,27384_T|C,27807_C|T,27945_C|T,28271_A|T,28311_C|T,28881_G|A,28882_G|A,28883_G|C,29510_A|C,11288_11296,21633_21641,21765_21770,28362_28370,29734_29759
USA/NJ-CDC-LC0673355/2022	XAS	241_C|T,670_T|G,2790_C|T,3037_C|T,4184_G|A,4321_C|T,9344_C|T,9424_A|G,9534_C|T,10029_C|T,10198_C|T,10447_G|A,10449_C|A,12160_G|A,12880_C|T,14408_C|T,15714_C|T,17410_C|T,18163_A|G,19955_C|T,20055_A|G,21618_C|T,21987_G|A,22200_T|G,22578_G|A,22674_C|T,22679_T|C,22686_C|T,22688_A|G,22775_G|A,22786_A|C,22813_G|T,22882_T|G,22917_T|G,22992_G|A,22995_C|A,23013_A|C,23018_T|G,23055_A|G,23063_A|T,23075_T|C,23403_A|G,23525_C|T,23599_T|G,23604_C|A,23854_C|A,23948_G|T,24424_A|T,24469_T|A,25000_C|T,25240_C|T,25416_C|T,25521_C|T,25584_C|T,26060_C|T,26270_C|T,26577_C|G,26709_G|A,26858_C|T,27259_A|C,27382_G|C,27383_A|T,27384_T|C,27807_C|T,27945_C|T,28271_A|T,28311_C|T,28881_G|A,28882_G|A,28883_G|C,29510_A|C,11288_11296,21633_21641,21765_21770,28362_28370,29734_29759
USA/NJ-CDC-LC0842331/2022	XAS	44_C|T,241_C|T,670_T|G,1255_A|G,2790_C|T,3037_C|T,4184_G|A,4321_C|T,6195_C|T,6442_A|G,9344_C|T,9424_A|G,9534_C|T,10029_C|T,10198_C|T,10447_G|A,10449_C|A,12160_G|A,12880_C|T,14408_C|T,15714_C|T,17410_C|T,18163_A|G,19955_C|T,20055_A|G,21618_C|T,21987_G|A,22200_T|G,22578_G|A,22674_C|T,22679_T|C,22686_C|T,22688_A|G,22775_G|A,22786_A|C,22813_G|T,22882_T|G,22917_T|G,22992_G|A,22995_C|A,23013_A|C,23018_T|G,23055_A|G,23063_A|T,23075_T|C,23403_A|G,23525_C|T,23599_T|G,23604_C|A,23854_C|A,23948_G|T,24424_A|T,24469_T|A,25000_C|T,25584_C|T,26060_C|T,26270_C|T,26577_C|G,26709_G|A,26858_C|T,27259_A|C,27382_G|C,27383_A|T,27384_T|C,27807_C|T,27945_C|T,28271_A|T,28311_C|T,28531_C|T,28881_G|A,28882_G|A,28883_G|C,29510_A|C,11288_11296,21633_21641,21765_21770,28362_28370,29734_29759
USA/NJ-CDC-LC0850439/2022	XAS	241_C|T,670_T|G,2790_C|T,3037_C|T,4184_G|A,4321_C|T,9344_C|T,9424_A|G,9534_C|T,10029_C|T,10198_C|T,10447_G|A,10449_C|A,12160_G|A,12880_C|T,14408_C|T,15714_C|T,17410_C|T,18163_A|G,19955_C|T,20055_A|G,21618_C|T,21987_G|A,22200_T|G,22578_G|A,22674_C|T,22679_T|C,22686_C|T,22688_A|G,22775_G|A,22786_A|C,22813_G|T,22882_T|G,22917_T|G,22992_G|A,22995_C|A,23013_A|C,23018_T|G,23055_A|G,23063_A|T,23075_T|C,23403_A|G,23525_C|T,23599_T|G,23604_C|A,23816_C|T,23854_C|A,23948_G|T,24424_A|T,24469_T|A,24770_G|T,25000_C|T,25584_C|T,26060_C|T,26270_C|T,26577_C|G,26709_G|A,26858_C|T,27259_A|C,27382_G|C,27383_A|T,27384_T|C,27807_C|T,27945_C|T,28271_A|T,28311_C|T,28881_G|A,28882_G|A,28883_G|C,29510_A|C,11288_11296,21633_21641,21765_21770,28362_28370,29734_29759
USA/NM-CDC-QDX37978399/2022	XAS	241_C|T,670_T|G,2790_C|T,3037_C|T,4184_G|A,4321_C|T,9344_C|T,9424_A|G,9534_C|T,10029_C|T,10198_C|T,10447_G|A,10449_C|A,12160_G|A,12880_C|T,14408_C|T,15714_C|T,17410_C|T,18163_A|G,19955_C|T,20055_A|G,21618_C|T,21987_G|A,22200_T|G,22578_G|A,22674_C|T,22679_T|C,22686_C|T,22688_A|G,22775_G|A,22786_A|C,22813_G|T,22882_T|G,22917_T|G,22992_G|A,22995_C|A,23013_A|C,23018_T|G,23055_A|G,23063_A|T,23075_T|C,23403_A|G,23525_C|T,23599_T|G,23604_C|A,23854_C|A,23948_G|T,24424_A|T,24469_T|A,25000_C|T,25584_C|T,26060_C|T,26270_C|T,26577_C|G,26709_G|A,26858_C|T,27259_A|C,27382_G|C,27383_A|T,27384_T|C,27807_C|T,27945_C|T,28271_A|T,28311_C|T,28881_G|A,28882_G|A,28883_G|C,29510_A|C,11288_11296,21633_21641,21765_21770,28362_28370,29734_29759
USA/NM-CDC-QDX43165151/2022	XAS	241_C|T,670_T|G,2790_C|T,3037_C|T,4184_G|A,4321_C|T,9344_C|T,9424_A|G,9534_C|T,10029_C|T,10198_C|T,10447_G|A,10449_C|A,12160_G|A,12880_C|T,14408_C|T,15051_T|C,15714_C|T,17410_C|T,18163_A|G,19955_C|T,20055_A|G,21618_C|T,21987_G|A,22200_T|G,22578_G|A,22674_C|T,22679_T|C,22686_C|T,22688_A|G,22775_G|A,22786_A|C,22813_G|T,22882_T|G,22917_T|G,22992_G|A,22995_C|A,23013_A|C,23018_T|G,23055_A|G,23063_A|T,23075_T|C,23403_A|G,23525_C|T,23599_T|G,23604_C|A,23854_C|A,23896_C|T,23948_G|T,24424_A|T,24469_T|A,25000_C|T,25584_C|T,25708_C|T,26060_C|T,26270_C|T,26577_C|G,26709_G|A,26858_C|T,27259_A|C,27382_G|C,27383_A|T,27384_T|C,27807_C|T,27945_C|T,28271_A|T,28311_C|T,28881_G|A,28882_G|A,28883_G|C,29269_C|T,29510_A|C,11288_11296,21633_21641,21765_21770,28362_28370,29734_29759
USA/NV-CDC-LC0777125/2022	XAS	44_C|T,241_C|T,670_T|G,2790_C|T,3037_C|T,4184_G|A,4321_C|T,9344_C|T,9424_A|G,9534_C|T,10029_C|T,10198_C|T,10447_G|A,10449_C|A,12160_G|A,12880_C|T,14408_C|T,15714_C|T,17410_C|T,18163_A|G,19955_C|T,20055_A|G,21618_C|T,21987_G|A,22200_T|G,22578_G|A,22674_C|T,22679_T|C,22686_C|T,22688_A|G,22775_G|A,22786_A|C,22813_G|T,22882_T|G,22917_T|G,22992_G|A,22995_C|A,23013_A|C,23018_T|G,23055_A|G,23063_A|T,23075_T|C,23403_A|G,23525_C|T,23599_T|G,23604_C|A,23854_C|A,23948_G|T,24424_A|T,24469_T|A,25000_C|T,25584_C|T,26060_C|T,26270_C|T,26577_C|G,26709_G|A,26858_C|T,27259_A|C,27382_G|C,27383_A|T,27384_T|C,27807_C|T,27945_C|T,28271_A|T,28311_C|T,28881_G|A,28882_G|A,28883_G|C,29510_A|C,11288_11296,21633_21641,21765_21770,28362_28370,29734_29759
USA/NV-CDC-LC0851466/2022	XAS	241_C|T,670_T|G,2137_C|T,2790_C|T,3037_C|T,4184_G|A,4321_C|T,9344_C|T,9424_A|G,9534_C|T,10029_C|T,10198_C|T,10323_A|G,10447_G|A,10449_C|A,12160_G|A,12786_C|T,12880_C|T,14408_C|T,15714_C|T,17410_C|T,18163_A|G,19955_C|T,20055_A|G,21618_C|T,21987_G|A,22200_T|G,22578_G|A,22674_C|T,22679_T|C,22686_C|T,22688_A|G,22775_G|A,22786_A|C,22813_G|T,22882_T|G,22917_T|G,22992_G|A,22995_C|A,23013_A|C,23018_T|G,23055_A|G,23063_A|T,23075_T|C,23403_A|G,23525_C|T,23599_T|G,23604_C|A,23854_C|A,23948_G|T,24424_A|T,24469_T|A,25000_C|T,25584_C|T,26060_C|T,26270_C|T,26577_C|G,26709_G|A,26858_C|T,27259_A|C,27382_G|C,27383_A|T,27384_T|C,27807_C|T,27945_C|T,28271_A|T,28311_C|T,28531_C|T,28881_G|A,28882_G|A,28883_G|C,29510_A|C,11288_11296,21633_21641,21765_21770,28362_28370,29734_29759
USA/NV-CDC-LC0863887/2022	XAS	241_C|T,670_T|G,2137_C|T,2790_C|T,3037_C|T,4184_G|A,4321_C|T,9344_C|T,9424_A|G,9534_C|T,10029_C|T,10198_C|T,10323_A|G,10447_G|A,10449_C|A,12160_G|A,12786_C|T,12880_C|T,14408_C|T,15714_C|T,17410_C|T,18163_A|G,19955_C|T,20055_A|G,21618_C|T,21987_G|A,22200_T|G,22578_G|A,22674_C|T,22679_T|C,22686_C|T,22688_A|G,22775_G|A,22786_A|C,22813_G|T,22882_T|G,22917_T|G,22992_G|A,22995_C|A,23013_A|C,23018_T|G,23055_A|G,23063_A|T,23075_T|C,23403_A|G,23525_C|T,23599_T|G,23604_C|A,23854_C|A,23948_G|T,24424_A|T,24469_T|A,25000_C|T,25584_C|T,26060_C|T,26270_C|T,26577_C|G,26709_G|A,26858_C|T,27259_A|C,27382_G|C,27383_A|T,27384_T|C,27807_C|T,27945_C|T,28271_A|T,28311_C|T,28531_C|T,28881_G|A,28882_G|A,28883_G|C,29510_A|C,11288_11296,21633_21641,21765_21770,28362_28370,29734_29759
USA/NV-CDC-QDX40272248/2022	XAS	241_C|T,670_T|G,2137_C|T,2790_C|T,3037_C|T,4184_G|A,4321_C|T,9344_C|T,9424_A|G,9534_C|T,10029_C|T,10198_C|T,10323_A|G,10447_G|A,10449_C|A,12160_G|A,12786_C|T,12880_C|T,14408_C|T,15714_C|T,17410_C|T,18163_A|G,19955_C|T,20055_A|G,21618_C|T,21987_G|A,22200_T|G,22578_G|A,22674_C|T,22679_T|C,22686_C|T,22688_A|G,22775_G|A,22786_A|C,22813_G|T,22882_T|G,22917_T|G,22992_G|A,22995_C|A,23013_A|C,23018_T|G,23055_A|G,23063_A|T,23075_T|C,23403_A|G,23525_C|T,23599_T|G,23604_C|A,23854_C|A,23948_G|T,24424_A|T,24469_T|A,25000_C|T,25584_C|T,26060_C|T,26270_C|T,26577_C|G,26709_G|A,26858_C|T,27259_A|C,27382_G|C,27383_A|T,27384_T|C,27807_C|T,27945_C|T,28271_A|T,28311_C|T,28531_C|T,28881_G|A,28882_G|A,28883_G|C,29510_A|C,11288_11296,21633_21641,21765_21770,28362_28370,29734_29759
USA/NY-CDC-LC0850955/2022	XAS	241_C|T,670_T|G,2790_C|T,3037_C|T,4184_G|A,4321_C|T,9344_C|T,9424_A|G,9534_C|T,10029_C|T,10198_C|T,10447_G|A,10449_C|A,12160_G|A,12880_C|T,14408_C|T,15647_A|G,15714_C|T,17410_C|T,18163_A|G,19955_C|T,20055_A|G,21618_C|T,21987_G|A,22200_T|G,22578_G|A,22674_C|T,22679_T|C,22686_C|T,22688_A|G,22775_G|A,22786_A|C,22813_G|T,22882_T|G,22917_T|G,22992_G|A,22995_C|A,23013_A|C,23018_T|G,23055_A|G,23063_A|T,23075_T|C,23403_A|G,23525_C|T,23599_T|G,23604_C|A,23643_C|T,23854_C|A,23948_G|T,24424_A|T,24469_T|A,25000_C|T,25584_C|T,25728_C|T,26060_C|T,26270_C|T,26577_C|G,26709_G|A,26858_C|T,27259_A|C,27382_G|C,27383_A|T,27384_T|C,27807_C|T,27945_C|T,28271_A|T,28311_C|T,28881_G|A,28882_G|A,28883_G|C,29510_A|C,11288_11296,21633_21641,21765_21770,28362_28370,29734_29759
USA/NY-CDC-LC0874603/2022	XAS	44_C|T,241_C|T,670_T|G,2790_C|T,3037_C|T,4184_G|A,4321_C|T,9344_C|T,9424_A|G,9534_C|T,10029_C|T,10198_C|T,10447_G|A,10449_C|A,12160_G|A,12880_C|T,14408_C|T,15714_C|T,17410_C|T,18163_A|G,19955_C|T,20055_A|G,21618_C|T,21987_G|A,22200_T|G,22578_G|A,22674_C|T,22679_T|C,22686_C|T,22688_A|G,22775_G|A,22786_A|C,22813_G|T,22882_T|G,22917_T|G,22992_G|A,22995_C|A,23013_A|C,23018_T|G,23055_A|G,23063_A|T,23075_T|C,23403_A|G,23443_T|C,23525_C|T,23599_T|G,23604_C|A,23854_C|A,23948_G|T,24424_A|T,24469_T|A,25000_C|T,25584_C|T,26060_C|T,26270_C|T,26577_C|G,26709_G|A,26858_C|T,27259_A|C,27382_G|C,27383_A|T,27384_T|C,27807_C|T,27945_C|T,28271_A|T,28311_C|T,28881_G|A,28882_G|A,28883_G|C,29311_C|T,29510_A|C,11288_11296,21633_21641,21765_21770,28362_28370,29734_29759
USA/NY-CDC-QDX41378133/2022	XAS	241_C|T,670_T|G,2790_C|T,3037_C|T,4184_G|A,4321_C|T,8772_C|T,9157_T|C,9344_C|T,9424_A|G,9534_C|T,10029_C|T,10198_C|T,10447_G|A,10449_C|A,12160_G|A,12880_C|T,14408_C|T,15647_A|G,15714_C|T,16887_C|T,17410_C|T,18163_A|G,19955_C|T,20055_A|G,21618_C|T,21987_G|A,22200_T|G,22578_G|A,22674_C|T,22679_T|C,22686_C|T,22688_A|G,22775_G|A,22786_A|C,22813_G|T,22882_T|G,22917_T|G,22992_G|A,22995_C|A,23013_A|C,23018_T|G,23055_A|G,23063_A|T,23075_T|C,23403_A|G,23525_C|T,23599_T|G,23604_C|A,23643_C|T,23854_C|A,23948_G|T,24424_A|T,24469_T|A,25000_C|T,25584_C|T,25728_C|T,26060_C|T,26270_C|T,26577_C|G,26709_G|A,26858_C|T,27259_A|C,27382_G|C,27383_A|T,27384_T|C,27807_C|T,27945_C|T,28271_A|T,28311_C|T,28881_G|A,28882_G|A,28883_G|C,29510_A|C,11288_11296,21633_21641,21765_21770,28362_28370,29734_29759
USA/NY-CDC-QDX41754958/2022	XAS	241_C|T,670_T|G,2790_C|T,3037_C|T,4184_G|A,4321_C|T,5629_G|T,9344_C|T,9424_A|G,9534_C|T,10029_C|T,10198_C|T,10447_G|A,10449_C|A,12160_G|A,12880_C|T,14178_C|T,14408_C|T,15714_C|T,16767_C|T,17410_C|T,18163_A|G,19092_T|C,19955_C|T,20055_A|G,21618_C|T,21987_G|A,22200_T|G,22578_G|A,22674_C|T,22679_T|C,22686_C|T,22688_A|G,22775_G|A,22786_A|C,22813_G|T,22882_T|G,22917_T|G,22992_G|A,22995_C|A,23013_A|C,23018_T|G,23055_A|G,23063_A|T,23075_T|C,23403_A|G,23525_C|T,23599_T|G,23604_C|A,23854_C|A,23948_G|T,24424_A|T,24469_T|A,25000_C|T,25584_C|T,26060_C|T,26270_C|T,26577_C|G,26709_G|A,26858_C|T,27259_A|C,27382_G|C,27383_A|T,27384_T|C,27807_C|T,27945_C|T,28271_A|T,28311_C|T,28881_G|A,28882_G|A,28883_G|C,29510_A|C,510_518,11288_11296,21633_21641,21765_21770,28362_28370,29734_29759
USA/NY-CDC-QDX42000454/2022	XAS	241_C|T,670_T|G,2790_C|T,3037_C|T,4184_G|A,4321_C|T,9344_C|T,9424_A|G,9534_C|T,10029_C|T,10198_C|T,10447_G|A,10449_C|A,12160_G|A,12880_C|T,14408_C|T,15714_C|T,17410_C|T,18163_A|G,19955_C|T,20055_A|G,21618_C|T,21987_G|A,22200_T|G,22578_G|A,22674_C|T,22679_T|C,22686_C|T,22688_A|G,22775_G|A,22786_A|C,22813_G|T,22882_T|G,22917_T|G,22992_G|A,22995_C|A,23013_A|C,23018_T|G,23055_A|G,23063_A|T,23075_T|C,23325_C|T,23403_A|G,23443_T|C,23525_C|T,23599_T|G,23604_C|A,23854_C|A,23948_G|T,24424_A|T,24469_T|A,25000_C|T,25584_C|T,26060_C|T,26270_C|T,26577_C|G,26709_G|A,26858_C|T,27259_A|C,27382_G|C,27383_A|T,27384_T|C,27807_C|T,27945_C|T,28271_A|T,28311_C|T,28881_G|A,28882_G|A,28883_G|C,29311_C|T,29510_A|C,11288_11296,21633_21641,21765_21770,28362_28370,29734_29759
USA/OH-CDC-QDX39217265/2022	XAS	241_C|T,670_T|G,2790_C|T,3037_C|T,4184_G|A,4321_C|T,9344_C|T,9424_A|G,9534_C|T,10029_C|T,10198_C|T,10447_G|A,10449_C|A,12160_G|A,12880_C|T,14408_C|T,15714_C|T,17410_C|T,18163_A|G,19955_C|T,20055_A|G,21618_C|T,21987_G|A,22200_T|G,22578_G|A,22674_C|T,22679_T|C,22686_C|T,22688_A|G,22775_G|A,22786_A|C,22813_G|T,22882_T|G,22917_T|G,22992_G|A,22995_C|A,23013_A|C,23018_T|G,23055_A|G,23063_A|T,23075_T|C,23403_A|G,23525_C|T,23599_T|G,23604_C|A,23854_C|A,23948_G|T,24424_A|T,24469_T|A,25000_C|T,25584_C|T,26060_C|T,26082_C|T,26270_C|T,26577_C|G,26709_G|A,26858_C|T,27259_A|C,27382_G|C,27383_A|T,27384_T|C,27807_C|T,27945_C|T,28271_A|T,28311_C|T,28881_G|A,28882_G|A,28883_G|C,29510_A|C,11288_11296,21633_21641,21765_21770,28362_28370,29734_29759
USA/OSPHL07019/2022	XAS	44_C|T,241_C|T,670_T|G,2790_C|T,3037_C|T,4184_G|A,4321_C|T,9344_C|T,9424_A|G,10029_C|T,10198_C|T,10447_G|A,10449_C|A,12160_G|A,12880_C|T,14408_C|T,15714_C|T,17410_C|T,18163_A|G,19955_C|T,20055_A|G,21618_C|T,21987_G|A,22200_T|G,22578_G|A,22674_C|T,22679_T|C,22686_C|T,22688_A|G,22775_G|A,22786_A|C,22813_G|T,22882_T|G,22917_T|G,22992_G|A,22995_C|A,23013_A|C,23018_T|G,23055_A|G,23063_A|T,23075_T|C,23403_A|G,23525_C|T,23599_T|G,23604_C|A,23854_C|A,23948_G|T,24424_A|T,24469_T|A,25000_C|T,25584_C|T,25708_C|T,26060_C|T,26270_C|T,26577_C|G,26709_G|A,26858_C|T,27259_A|C,27382_G|C,27383_A|T,27384_T|C,27807_C|T,27945_C|T,28271_A|T,28311_C|T,28881_G|A,28882_G|A,28883_G|C,29510_A|C,11288_11296,21633_21641,21765_21770,28362_28370,29734_29759
USA/OSPHL07128/2022	XAS	44_C|T,241_C|T,670_T|G,2790_C|T,3037_C|T,4184_G|A,4321_C|T,9344_C|T,9424_A|G,10029_C|T,10198_C|T,10447_G|A,10449_C|A,12160_G|A,12880_C|T,14408_C|T,15714_C|T,17410_C|T,18163_A|G,19955_C|T,20055_A|G,21618_C|T,21987_G|A,22200_T|G,22578_G|A,22674_C|T,22679_T|C,22686_C|T,22688_A|G,22775_G|A,22786_A|C,22813_G|T,22882_T|G,22917_T|G,22992_G|A,22995_C|A,23013_A|C,23018_T|G,23055_A|G,23063_A|T,23075_T|C,23403_A|G,23525_C|T,23599_T|G,23604_C|A,23854_C|A,23948_G|T,24424_A|T,24469_T|A,25000_C|T,25584_C|T,25708_C|T,26060_C|T,26270_C|T,26577_C|G,26709_G|A,26858_C|T,27259_A|C,27382_G|C,27383_A|T,27384_T|C,27807_C|T,27945_C|T,28271_A|T,28311_C|T,28881_G|A,28882_G|A,28883_G|C,29510_A|C,11288_11296,21633_21641,21765_21770,28362_28370,29734_29759
USA/PA-CDC-QDX39612051/2022	XAS	241_C|T,670_T|G,2790_C|T,3037_C|T,4184_G|A,4321_C|T,9344_C|T,9424_A|G,9534_C|T,10029_C|T,10198_C|T,10447_G|A,10449_C|A,12085_C|A,12160_G|A,12880_C|T,14408_C|T,15714_C|T,17410_C|T,18163_A|G,19955_C|T,20055_A|G,21618_C|T,21987_G|A,22200_T|G,22578_G|A,22674_C|T,22679_T|C,22686_C|T,22688_A|G,22775_G|A,22786_A|C,22813_G|T,22882_T|G,22917_T|G,22992_G|A,22995_C|A,23013_A|C,23018_T|G,23055_A|G,23063_A|T,23075_T|C,23403_A|G,23525_C|T,23599_T|G,23604_C|A,23854_C|A,23948_G|T,24424_A|T,24469_T|A,24707_C|G,25000_C|T,25584_C|T,26060_C|T,26270_C|T,26577_C|G,26709_G|A,26858_C|T,27259_A|C,27382_G|C,27383_A|T,27384_T|C,27807_C|T,27945_C|T,28271_A|T,28311_C|T,28768_A|T,28881_G|A,28882_G|A,28883_G|C,29510_A|C,11288_11296,21633_21641,21765_21770,28362_28370,29734_29759
USA/PA-CDC-QDX40660082/2022	XAS	241_C|T,549_T|C,604_A|G,670_T|G,2790_C|T,3037_C|T,4184_G|A,4321_C|T,5629_G|T,9344_C|T,9424_A|G,9534_C|T,10029_C|T,10198_C|T,10447_G|A,10449_C|A,12160_G|A,12880_C|T,14408_C|T,15714_C|T,16457_C|T,17410_C|T,18163_A|G,19955_C|T,20055_A|G,21618_C|T,21987_G|A,22200_T|G,22578_G|A,22674_C|T,22679_T|C,22686_C|T,22688_A|G,22775_G|A,22786_A|C,22813_G|T,22882_T|G,22917_T|G,22992_G|A,22995_C|A,23013_A|C,23018_T|G,23055_A|G,23063_A|T,23075_T|C,23403_A|G,23525_C|T,23599_T|G,23604_C|A,23854_C|A,23948_G|T,24424_A|T,24469_T|A,25000_C|T,25584_C|T,26060_C|T,26270_C|T,26577_C|G,26709_G|A,26858_C|T,27259_A|C,27382_G|C,27383_A|T,27384_T|C,27807_C|T,27945_C|T,28271_A|T,28311_C|T,28881_G|A,28882_G|A,28883_G|C,29510_A|C,11288_11296,21633_21641,21765_21770,28362_28370,29734_29759
USA/PA-CDC-STM-MN99PGC45/2022	XAS	241_C|T,560_C|T,670_T|G,2790_C|T,3037_C|T,4184_G|A,4321_C|T,9344_C|T,9424_A|G,9534_C|T,10029_C|T,10198_C|T,10447_G|A,10449_C|A,12085_C|A,12160_G|A,12880_C|T,14408_C|T,15714_C|T,17410_C|T,18163_A|G,19955_C|T,20055_A|G,21618_C|T,21987_G|A,22200_T|G,22578_G|A,22674_C|T,22679_T|C,22686_C|T,22688_A|G,22775_G|A,22786_A|C,22813_G|T,22882_T|G,22917_T|G,22992_G|A,22995_C|A,23013_A|C,23018_T|G,23055_A|G,23063_A|T,23075_T|C,23403_A|G,23525_C|T,23599_T|G,23604_C|A,23854_C|A,23948_G|T,24424_A|T,24469_T|A,25000_C|T,25584_C|T,26060_C|T,26270_C|T,26577_C|G,26709_G|A,26858_C|T,27259_A|C,27382_G|C,27383_A|T,27384_T|C,27807_C|T,27945_C|T,28271_A|T,28311_C|T,28881_G|A,28882_G|A,28883_G|C,29510_A|C,11288_11296,21633_21641,21765_21770,28362_28370,29734_29759
USA/PA-CDC-STM-YA6FFA2AY/2022	XAS	44_C|T,241_C|T,560_C|T,670_T|G,2790_C|T,3037_C|T,4184_G|A,4321_C|T,9344_C|T,9424_A|G,9534_C|T,10029_C|T,10198_C|T,10447_G|A,10449_C|A,12085_C|A,12160_G|A,12880_C|T,14408_C|T,15714_C|T,17410_C|T,18163_A|G,19955_C|T,20055_A|G,21618_C|T,21987_G|A,22200_T|G,22578_G|A,22674_C|T,22679_T|C,22686_C|T,22688_A|G,22775_G|A,22786_A|C,22813_G|T,22882_T|G,22917_T|G,22992_G|A,22995_C|A,23013_A|C,23018_T|G,23055_A|G,23063_A|T,23075_T|C,23403_A|G,23525_C|T,23599_T|G,23604_C|A,23854_C|A,23948_G|T,24424_A|T,24469_T|A,25000_C|T,25584_C|T,26060_C|T,26270_C|T,26577_C|G,26709_G|A,26858_C|T,27259_A|C,27382_G|C,27383_A|T,27384_T|C,27807_C|T,27945_C|T,28271_A|T,28311_C|T,28881_G|A,28882_G|A,28883_G|C,29510_A|C,11288_11296,21633_21641,21765_21770,28362_28370,29734_29759
USA/PR-CDC-2-6133790/2022	XAS	44_C|T,241_C|T,670_T|G,2790_C|T,3037_C|T,4184_G|A,4321_C|T,9344_C|T,9424_A|G,9534_C|T,10029_C|T,10198_C|T,10447_G|A,10449_C|A,12160_G|A,12880_C|T,14408_C|T,15714_C|T,17410_C|T,18163_A|G,19955_C|T,20055_A|G,21618_C|T,21987_G|A,22200_T|G,22578_G|A,22674_C|T,22679_T|C,22686_C|T,22688_A|G,22775_G|A,22786_A|C,22813_G|T,22882_T|G,22917_T|G,22992_G|A,22995_C|A,23013_A|C,23018_T|G,23055_A|G,23063_A|T,23075_T|C,23403_A|G,23525_C|T,23599_T|G,23604_C|A,23854_C|A,23948_G|T,24424_A|T,24469_T|A,25000_C|T,25584_C|T,26060_C|T,26270_C|T,26577_C|G,26709_G|A,26858_C|T,27259_A|C,27382_G|C,27383_A|T,27384_T|C,27807_C|T,27945_C|T,28271_A|T,28311_C|T,28881_G|A,28882_G|A,28883_G|C,29510_A|C,11288_11296,21633_21641,21765_21770,28362_28370,29734_29759
USA/SC-CDC-QDX41753475/2022	XAS	241_C|T,670_T|G,2790_C|T,3037_C|T,4184_G|A,4321_C|T,9344_C|T,9424_A|G,9534_C|T,9698_A|G,10029_C|T,10198_C|T,10447_G|A,10449_C|A,11671_C|T,12160_G|A,12880_C|T,14408_C|T,15714_C|T,17410_C|T,18163_A|G,19955_C|T,20055_A|G,21618_C|T,21987_G|A,22200_T|G,22578_G|A,22674_C|T,22679_T|C,22686_C|T,22688_A|G,22775_G|A,22786_A|C,22813_G|T,22882_T|G,22917_T|G,22992_G|A,22995_C|A,23013_A|C,23018_T|G,23055_A|G,23063_A|T,23075_T|C,23403_A|G,23525_C|T,23599_T|G,23604_C|A,23854_C|A,23948_G|T,24424_A|T,24469_T|A,24834_G|T,25000_C|T,25584_C|T,26060_C|T,26270_C|T,26577_C|G,26709_G|A,26858_C|T,27259_A|C,27382_G|C,27383_A|T,27384_T|C,27807_C|T,27945_C|T,28271_A|T,28311_C|T,28881_G|A,28882_G|A,28883_G|C,29510_A|C,11288_11296,21633_21641,21765_21770,28362_28370,29734_29759
USA/SEARCH-200918/2022	XAS	44_C|T,241_C|T,670_T|G,2790_C|T,3037_C|T,4184_G|A,4321_C|T,9344_C|T,9424_A|G,9534_C|T,10029_C|T,10198_C|T,10447_G|A,10449_C|A,12160_G|A,12880_C|T,14220_C|T,14408_C|T,15714_C|T,17410_C|T,18163_A|G,19955_C|T,20055_A|G,21618_C|T,21987_G|A,22200_T|G,22578_G|A,22674_C|T,22679_T|C,22686_C|T,22688_A|G,22775_G|A,22786_A|C,22813_G|T,22882_T|G,22917_T|G,22992_G|A,22995_C|A,23013_A|C,23018_T|G,23055_A|G,23063_A|T,23075_T|C,23403_A|G,23525_C|T,23599_T|G,23604_C|A,23854_C|A,23948_G|T,24424_A|T,24469_T|A,25000_C|T,25584_C|T,26060_C|T,26270_C|T,26577_C|G,26709_G|A,26858_C|T,27259_A|C,27382_G|C,27383_A|T,27384_T|C,27807_C|T,27945_C|T,28271_A|T,28311_C|T,28881_G|A,28882_G|A,28883_G|C,29510_A|C,11288_11296,21633_21641,21765_21770,28362_28370,29734_29759,14_.|C
USA/SEARCH-201047/2022	XAS	44_C|T,241_C|T,670_T|G,2790_C|T,3037_C|T,4184_G|A,4321_C|T,9344_C|T,9424_A|G,9534_C|T,10029_C|T,10198_C|T,10447_G|A,10449_C|A,12160_G|A,12880_C|T,14408_C|T,15714_C|T,17410_C|T,18163_A|G,19955_C|T,20055_A|G,21618_C|T,21987_G|A,22200_T|G,22578_G|A,22674_C|T,22679_T|C,22686_C|T,22688_A|G,22775_G|A,22786_A|C,22813_G|T,22882_T|G,22917_T|G,22992_G|A,22995_C|A,23013_A|C,23018_T|G,23055_A|G,23063_A|T,23075_T|C,23403_A|G,23525_C|T,23599_T|G,23604_C|A,23854_C|A,23948_G|T,24424_A|T,24469_T|A,25000_C|T,25584_C|T,26060_C|T,26270_C|T,26577_C|G,26709_G|A,26858_C|T,27259_A|C,27382_G|C,27383_A|T,27384_T|C,27807_C|T,27945_C|T,28271_A|T,28311_C|T,28881_G|A,28882_G|A,28883_G|C,29510_A|C,11288_11296,21633_21641,21765_21770,28362_28370,29734_29759,14_.|C
USA/SEARCH-206106/2022	XAS	44_C|T,241_C|T,670_T|G,2790_C|T,3037_C|T,4184_G|A,4321_C|T,9344_C|T,9424_A|G,9534_C|T,10029_C|T,10198_C|T,10447_G|A,10449_C|A,12160_G|A,12880_C|T,14408_C|T,15714_C|T,17012_C|T,17410_C|T,18163_A|G,19955_C|T,20055_A|G,21618_C|T,21987_G|A,22200_T|G,22578_G|A,22674_C|T,22679_T|C,22686_C|T,22688_A|G,22775_G|A,22786_A|C,22813_G|T,22882_T|G,22917_T|G,22992_G|A,22995_C|A,23013_A|C,23018_T|G,23055_A|G,23063_A|T,23075_T|C,23403_A|G,23525_C|T,23599_T|G,23604_C|A,23854_C|A,23948_G|T,24424_A|T,24469_T|A,25000_C|T,25584_C|T,26060_C|T,26270_C|T,26577_C|G,26709_G|A,26858_C|T,27259_A|C,27382_G|C,27383_A|T,27384_T|C,27807_C|T,27945_C|T,28114_T|C,28271_A|T,28311_C|T,28881_G|A,28882_G|A,28883_G|C,29510_A|C,11288_11296,21633_21641,21765_21770,28362_28370,29734_29759,14_.|C
USA/SEARCH-207432/2022	XAS	44_C|T,241_C|T,670_T|G,2790_C|T,3037_C|T,4184_G|A,4321_C|T,9344_C|T,9424_A|G,9534_C|T,10029_C|T,10198_C|T,10447_G|A,10449_C|A,12160_G|A,12880_C|T,14408_C|T,15714_C|T,17410_C|T,18163_A|G,19955_C|T,20055_A|G,21618_C|T,21987_G|A,22200_T|G,22326_C|T,22578_G|A,22674_C|T,22679_T|C,22686_C|T,22688_A|G,22775_G|A,22813_G|T,22882_T|G,22917_T|G,22992_G|A,22995_C|A,23013_A|C,23018_T|G,23055_A|G,23063_A|T,23075_T|C,23403_A|G,23525_C|T,23599_T|G,23604_C|A,23854_C|A,23948_G|T,24424_A|T,24469_T|A,25000_C|T,25584_C|T,26060_C|T,26270_C|T,26577_C|G,26709_G|A,26858_C|T,27259_A|C,27382_G|C,27383_A|T,27384_T|C,27807_C|T,27945_C|T,28271_A|T,28311_C|T,28881_G|A,28882_G|A,28883_G|C,29510_A|C,11288_11296,21633_21641,21765_21770,28362_28370,29734_29759,14_.|C
USA/SEARCH-99383/2022	XAS	44_C|T,241_C|T,670_T|G,2790_C|T,3037_C|T,4184_G|A,4321_C|T,9344_C|T,9424_A|G,9534_C|T,10029_C|T,10198_C|T,10447_G|A,10449_C|A,12160_G|A,12880_C|T,14408_C|T,15714_C|T,17410_C|T,18163_A|G,19955_C|T,20055_A|G,21618_C|T,21987_G|A,22200_T|G,22578_G|A,22674_C|T,22679_T|C,22686_C|T,22688_A|G,22775_G|A,22786_A|C,22813_G|T,22882_T|G,22917_T|G,22992_G|A,22995_C|A,23013_A|C,23018_T|G,23055_A|G,23063_A|T,23075_T|C,23403_A|G,23525_C|T,23599_T|G,23604_C|A,23854_C|A,23948_G|T,24424_A|T,24469_T|A,25000_C|T,25584_C|T,26060_C|T,26270_C|T,26577_C|G,26709_G|A,26858_C|T,27259_A|C,27382_G|C,27383_A|T,27384_T|C,27807_C|T,27945_C|T,28271_A|T,28311_C|T,28881_G|A,28882_G|A,28883_G|C,29510_A|C,11288_11296,21633_21641,21765_21770,28362_28370,29734_29759,14_.|C
USA/TG1398011/2022	XAS	241_C|T,670_T|G,1288_C|T,2790_C|T,3037_C|T,4184_G|A,4321_C|T,9344_C|T,9424_A|G,9534_C|T,10029_C|T,10198_C|T,10447_G|A,10449_C|A,12160_G|A,12880_C|T,14408_C|T,15714_C|T,17410_C|T,18163_A|G,19955_C|T,20055_A|G,21618_C|T,21987_G|A,22200_T|G,22578_G|A,22674_C|T,22679_T|C,22686_C|T,22688_A|G,22775_G|A,22786_A|C,22813_G|T,22882_T|G,22917_T|G,22992_G|A,22995_C|A,23013_A|C,23018_T|G,23055_A|G,23063_A|T,23075_T|C,23403_A|G,23525_C|T,23599_T|G,23604_C|A,23854_C|A,23948_G|T,24424_A|T,24469_T|A,25000_C|T,25584_C|T,26060_C|T,26270_C|T,26709_G|A,26858_C|T,27259_A|C,27382_G|C,27383_A|T,27384_T|C,27807_C|T,27945_C|T,28271_A|T,28311_C|T,28881_G|A,28882_G|A,28883_G|C,29510_A|C,11288_11296,21633_21641,21765_21770,28362_28370,29734_29759
USA/TX-CDC-LC0812293/2022	XAS	241_C|T,670_T|G,2790_C|T,2989_T|C,3037_C|T,4184_G|A,4321_C|T,9344_C|T,9424_A|G,9534_C|T,10029_C|T,10198_C|T,10447_G|A,10449_C|A,12160_G|A,12880_C|T,14408_C|T,15714_C|T,17410_C|T,18163_A|G,19955_C|T,20055_A|G,21618_C|T,21987_G|A,22200_T|G,22578_G|A,22674_C|T,22679_T|C,22686_C|T,22688_A|G,22775_G|A,22786_A|C,22813_G|T,22882_T|G,22917_T|G,22992_G|A,22995_C|A,23013_A|C,23018_T|G,23055_A|G,23063_A|T,23075_T|C,23403_A|G,23525_C|T,23599_T|G,23604_C|A,23854_C|A,23948_G|T,24424_A|T,24469_T|A,25000_C|T,25584_C|T,26060_C|T,26270_C|T,26577_C|G,26709_G|A,26858_C|T,27259_A|C,27382_G|C,27383_A|T,27384_T|C,27807_C|T,27945_C|T,28271_A|T,28311_C|T,28432_C|T,28881_G|A,28882_G|A,28883_G|C,29510_A|C,11288_11296,21633_21641,21765_21770,28362_28370,29734_29759
USA/TX-CDC-LC0838633/2022	XAS	44_C|T,241_C|T,670_T|G,920_C|T,1288_C|T,2790_C|T,3037_C|T,4184_G|A,4321_C|T,9344_C|T,9424_A|G,9534_C|T,10029_C|T,10198_C|T,10447_G|A,10449_C|A,12160_G|A,12880_C|T,14408_C|T,15714_C|T,17410_C|T,18163_A|G,19955_C|T,20055_A|G,21618_C|T,21987_G|A,22200_T|G,22578_G|A,22674_C|T,22679_T|C,22686_C|T,22688_A|G,22775_G|A,22786_A|C,22813_G|T,22882_T|G,22917_T|G,22992_G|A,22995_C|A,23013_A|C,23018_T|G,23055_A|G,23063_A|T,23075_T|C,23403_A|G,23525_C|T,23599_T|G,23604_C|A,23854_C|A,23948_G|T,24424_A|T,24469_T|A,25000_C|T,25584_C|T,26060_C|T,26270_C|T,26577_C|G,26709_G|A,26858_C|T,27259_A|C,27382_G|C,27383_A|T,27384_T|C,27807_C|T,27945_C|T,28271_A|T,28311_C|T,28881_G|A,28882_G|A,28883_G|C,29510_A|C,11288_11296,21633_21641,21765_21770,28362_28370,29734_29759
USA/TX-CDC-LC0846793/2022	XAS	241_C|T,670_T|G,2790_C|T,3037_C|T,4184_G|A,4321_C|T,9344_C|T,9424_A|G,9534_C|T,10029_C|T,10198_C|T,10447_G|A,10449_C|A,12160_G|A,12880_C|T,13168_C|T,14408_C|T,15024_C|T,15714_C|T,17410_C|T,18163_A|G,19955_C|T,20055_A|G,21618_C|T,21987_G|A,22200_T|G,22578_G|A,22674_C|T,22679_T|C,22686_C|T,22688_A|G,22775_G|A,22786_A|C,22813_G|T,22882_T|G,22917_T|G,22992_G|A,22995_C|A,23013_A|C,23018_T|G,23055_A|G,23063_A|T,23075_T|C,23403_A|G,23525_C|T,23599_T|G,23604_C|A,23854_C|A,23948_G|T,24424_A|T,24469_T|A,25000_C|T,25584_C|T,26060_C|T,26270_C|T,26577_C|G,26709_G|A,26858_C|T,27259_A|C,27382_G|C,27383_A|T,27384_T|C,27389_C|T,27807_C|T,27945_C|T,28271_A|T,28311_C|T,28881_G|A,28882_G|A,28883_G|C,29510_A|C,11288_11296,21633_21641,21765_21770,28362_28370,29734_29759
USA/TX-CDC-LC0859699/2022	XAS	241_C|T,670_T|G,2790_C|T,3037_C|T,4184_G|A,4321_C|T,9051_C|T,9344_C|T,9424_A|G,9534_C|T,10029_C|T,10198_C|T,10447_G|A,10449_C|A,12160_G|A,12880_C|T,14408_C|T,15714_C|T,17410_C|T,18163_A|G,19955_C|T,20055_A|G,21618_C|T,21987_G|A,22200_T|G,22578_G|A,22674_C|T,22679_T|C,22686_C|T,22688_A|G,22775_G|A,22786_A|C,22813_G|T,22882_T|G,22917_T|G,22992_G|A,22995_C|A,23013_A|C,23018_T|G,23055_A|G,23063_A|T,23075_T|C,23403_A|G,23525_C|T,23599_T|G,23604_C|A,23854_C|A,23948_G|T,24424_A|T,24469_T|A,25000_C|T,25584_C|T,26060_C|T,26270_C|T,26577_C|G,26709_G|A,26858_C|T,27259_A|C,27382_G|C,27383_A|T,27384_T|C,27807_C|T,27945_C|T,28271_A|T,28311_C|T,28881_G|A,28882_G|A,28883_G|C,29510_A|C,11288_11296,21633_21641,21765_21770,28362_28370,29734_29759
USA/TX-CDC-QDX38472397/2022	XAS	241_C|T,670_T|G,2790_C|T,3037_C|T,4184_G|A,4321_C|T,6593_C|T,9344_C|T,9424_A|G,9534_C|T,9784_T|C,10029_C|T,10198_C|T,10447_G|A,10449_C|A,12160_G|A,12880_C|T,14408_C|T,15714_C|T,15825_T|C,17410_C|T,18163_A|G,19955_C|T,20055_A|G,21570_T|G,21618_C|T,21987_G|A,22200_T|G,22578_G|A,22674_C|T,22679_T|C,22686_C|T,22688_A|G,22775_G|A,22786_A|C,22813_G|T,22882_T|G,22917_T|G,22992_G|A,22995_C|A,23013_A|C,23018_T|G,23055_A|G,23063_A|T,23075_T|C,23403_A|G,23525_C|T,23599_T|G,23604_C|A,23854_C|A,23948_G|T,24424_A|T,24469_T|A,25000_C|T,25416_C|T,25521_C|T,25584_C|T,26060_C|T,26270_C|T,26529_G|T,26577_C|G,26709_G|A,26858_C|T,27259_A|C,27382_G|C,27383_A|T,27384_T|C,27807_C|T,28271_A|T,28311_C|T,28877_A|T,28878_G|C,28881_G|A,28882_G|A,28883_G|C,29290_G|T,29510_A|C,686_694,11288_11296,21633_21641,21765_21770,28362_28370,29734_29759
USA/TX-CDC-QDX38721907/2022	XAS	241_C|T,670_T|G,2790_C|T,3037_C|T,4184_G|A,4321_C|T,5526_C|T,9344_C|T,9424_A|G,9534_C|T,10029_C|T,10198_C|T,10447_G|A,10449_C|A,12160_G|A,12880_C|T,14408_C|T,15714_C|T,17410_C|T,18163_A|G,19955_C|T,20055_A|G,21618_C|T,21987_G|A,22200_T|G,22578_G|A,22674_C|T,22679_T|C,22686_C|T,22688_A|G,22775_G|A,22786_A|C,22813_G|T,22882_T|G,22917_T|G,22992_G|A,22995_C|A,23013_A|C,23018_T|G,23055_A|G,23063_A|T,23075_T|C,23403_A|G,23525_C|T,23599_T|G,23604_C|A,23854_C|A,23948_G|T,24424_A|T,24469_T|A,25000_C|T,25584_C|T,26060_C|T,26270_C|T,26577_C|G,26709_G|A,26858_C|T,27259_A|C,27382_G|C,27383_A|T,27384_T|C,27807_C|T,27945_C|T,28271_A|T,28311_C|T,28881_G|A,28882_G|A,28883_G|C,29510_A|C,11288_11296,21633_21641,21765_21770,28362_28370,29734_29759
USA/TX-CDC-QDX40621819/2022	XAS	241_C|T,670_T|G,2790_C|T,3037_C|T,4184_G|A,4321_C|T,9344_C|T,9424_A|G,9534_C|T,10029_C|T,10198_C|T,10447_G|A,10449_C|A,12160_G|A,12880_C|T,14408_C|T,15714_C|T,17410_C|T,18163_A|G,19955_C|T,20055_A|G,21618_C|T,21987_G|A,22200_T|G,22578_G|A,22674_C|T,22679_T|C,22686_C|T,22688_A|G,22775_G|A,22786_A|C,22813_G|T,22882_T|G,22917_T|G,22992_G|A,22995_C|A,23013_A|C,23018_T|G,23055_A|G,23063_A|T,23075_T|C,23383_G|T,23403_A|G,23525_C|T,23599_T|G,23604_C|A,23854_C|A,23948_G|T,24424_A|T,24469_T|A,25000_C|T,25584_C|T,26060_C|T,26270_C|T,26577_C|G,26709_G|A,26858_C|T,27259_A|C,27382_G|C,27383_A|T,27384_T|C,27410_T|G,27807_C|T,27945_C|T,28271_A|T,28311_C|T,28881_G|A,28882_G|A,28883_G|C,29510_A|C,11288_11296,21633_21641,21765_21770,28362_28370,29734_29759
USA/TX-CDC-QDX41075474/2022	XAS	241_C|T,670_T|G,2790_C|T,3037_C|T,4184_G|A,4321_C|T,5100_C|T,6449_C|T,9259_A|G,9344_C|T,9424_A|G,9534_C|T,10029_C|T,10198_C|T,10447_G|A,10449_C|A,12160_G|A,12880_C|T,13255_C|T,14408_C|T,15714_C|T,17410_C|T,18163_A|G,19955_C|T,20055_A|G,21618_C|T,21987_G|A,22200_T|G,22578_G|A,22674_C|T,22679_T|C,22686_C|T,22688_A|G,22775_G|A,22786_A|C,22813_G|T,22882_T|G,22917_T|G,22992_G|A,22995_C|A,23013_A|C,23018_T|G,23055_A|G,23063_A|T,23075_T|C,23403_A|G,23525_C|T,23599_T|G,23604_C|A,23854_C|A,23948_G|T,24424_A|T,24469_T|A,25000_C|T,25584_C|T,25731_C|T,26060_C|T,26270_C|T,26577_C|G,26709_G|A,26858_C|T,27259_A|C,27382_G|C,27383_A|T,27384_T|C,27807_C|T,27945_C|T,28271_A|T,28311_C|T,28881_G|A,28882_G|A,28883_G|C,28904_G|A,29510_A|C,11288_11296,21633_21641,21765_21770,28362_28370,29734_29759
USA/TX-CDC-QDX41075868/2022	XAS	241_C|T,670_T|G,2790_C|T,3037_C|T,4184_G|A,4321_C|T,9008_T|C,9344_C|T,9424_A|G,9534_C|T,10029_C|T,10198_C|T,10447_G|A,10449_C|A,12160_G|A,12880_C|T,14408_C|T,15714_C|T,17410_C|T,18163_A|G,19955_C|T,20055_A|G,21618_C|T,21987_G|A,22200_T|G,22578_G|A,22674_C|T,22679_T|C,22686_C|T,22688_A|G,22775_G|A,22786_A|C,22813_G|T,22882_T|G,22917_T|G,22992_G|A,22995_C|A,23013_A|C,23018_T|G,23055_A|G,23063_A|T,23075_T|C,23403_A|G,23525_C|T,23599_T|G,23604_C|A,23854_C|A,23948_G|T,24424_A|T,24469_T|A,25000_C|T,25584_C|T,26060_C|T,26270_C|T,26577_C|G,26709_G|A,26858_C|T,27259_A|C,27382_G|C,27383_A|T,27384_T|C,27807_C|T,27945_C|T,28271_A|T,28311_C|T,28881_G|A,28882_G|A,28883_G|C,29510_A|C,11288_11296,21633_21641,21765_21770,28362_28370,29734_29759
USA/TX-CDC-STM-3RWNVRJRE/2022	XAS	44_C|T,241_C|T,670_T|G,2790_C|T,3037_C|T,4184_G|A,4321_C|T,9344_C|T,9424_A|G,9534_C|T,10029_C|T,10198_C|T,10447_G|A,10449_C|A,12160_G|A,12880_C|T,13994_C|T,14408_C|T,15714_C|T,17410_C|T,18163_A|G,19955_C|T,20055_A|G,21618_C|T,21987_G|A,22200_T|G,22578_G|A,22674_C|T,22679_T|C,22686_C|T,22688_A|G,22775_G|A,22786_A|C,22813_G|T,22882_T|G,22917_T|G,22992_G|A,22995_C|A,23013_A|C,23018_T|G,23055_A|G,23063_A|T,23075_T|C,23403_A|G,23525_C|T,23599_T|G,23604_C|A,23854_C|A,23948_G|T,24424_A|T,24469_T|A,25000_C|T,25584_C|T,26060_C|T,26270_C|T,26577_C|G,26709_G|A,26858_C|T,27259_A|C,27382_G|C,27383_A|T,27384_T|C,27807_C|T,27945_C|T,28057_C|T,28271_A|T,28311_C|T,28881_G|A,28882_G|A,28883_G|C,29510_A|C,11288_11296,21633_21641,21765_21770,28362_28370,29734_29759
USA/TX-CDC-STM-BWJAXEY6J/2022	XAS	241_C|T,670_T|G,2790_C|T,3037_C|T,4184_G|A,4321_C|T,9344_C|T,9424_A|G,9534_C|T,10029_C|T,10198_C|T,10447_G|A,10449_C|A,12160_G|A,12880_C|T,14408_C|T,15714_C|T,17410_C|T,18163_A|G,19955_C|T,20055_A|G,21618_C|T,21987_G|A,22200_T|G,22578_G|A,22674_C|T,22679_T|C,22686_C|T,22688_A|G,22775_G|A,22786_A|C,22813_G|T,22882_T|G,22917_T|G,22992_G|A,22995_C|A,23013_A|C,23018_T|G,23055_A|G,23063_A|T,23075_T|C,23403_A|G,23525_C|T,23599_T|G,23604_C|A,23854_C|A,23948_G|T,24424_A|T,24469_T|A,25000_C|T,25584_C|T,26060_C|T,26270_C|T,26577_C|G,26709_G|A,26858_C|T,27259_A|C,27382_G|C,27383_A|T,27384_T|C,27505_G|T,27807_C|T,27945_C|T,28271_A|T,28311_C|T,28881_G|A,28882_G|A,28883_G|C,29510_A|C,11288_11296,21633_21641,21765_21770,28362_28370,29734_29759
USA/TX-CDC-STM-XFWMK8MH4/2022	XAS	44_C|T,241_C|T,670_T|G,2790_C|T,3037_C|T,4184_G|A,4321_C|T,5697_C|T,9344_C|T,9424_A|G,9534_C|T,10029_C|T,10198_C|T,10447_G|A,10449_C|A,12160_G|A,12880_C|T,14408_C|T,15714_C|T,17410_C|T,18163_A|G,19955_C|T,20055_A|G,21618_C|T,21987_G|A,22200_T|G,22578_G|A,22674_C|T,22679_T|C,22686_C|T,22688_A|G,22775_G|A,22786_A|C,22813_G|T,22882_T|G,22917_T|G,22992_G|A,22995_C|A,23013_A|C,23018_T|G,23055_A|G,23063_A|T,23075_T|C,23403_A|G,23525_C|T,23599_T|G,23604_C|A,23854_C|A,23948_G|T,24424_A|T,24469_T|A,25000_C|T,25584_C|T,26060_C|T,26270_C|T,26577_C|G,26709_G|A,26858_C|T,27259_A|C,27382_G|C,27383_A|T,27384_T|C,27807_C|T,27945_C|T,28271_A|T,28311_C|T,28881_G|A,28882_G|A,28883_G|C,29510_A|C,11288_11296,21633_21641,21765_21770,28362_28370,29734_29759
USA/UT-UPHL-220930767257/2022	XAS	241_C|T,670_T|G,1878_C|T,2790_C|T,3037_C|T,4184_G|A,4321_C|T,9344_C|T,9424_A|G,9534_C|T,10029_C|T,10198_C|T,10447_G|A,10449_C|A,11379_C|T,12160_G|A,12880_C|T,14408_C|T,15714_C|T,17410_C|T,18163_A|G,19955_C|T,20055_A|G,21618_C|T,21762_C|T,21987_G|A,22200_T|G,22578_G|A,22674_C|T,22679_T|C,22686_C|T,22688_A|G,22775_G|A,22786_A|C,22813_G|T,22882_T|G,22917_T|G,22992_G|A,22995_C|A,23013_A|C,23018_T|G,23055_A|G,23063_A|T,23075_T|C,23403_A|G,23525_C|T,23599_T|G,23604_C|A,23854_C|A,23948_G|T,24424_A|T,24469_T|A,25000_C|T,25584_C|T,26060_C|T,26270_C|T,26577_C|G,26709_G|A,26858_C|T,27259_A|C,27382_G|C,27383_A|T,27384_T|C,27807_C|T,27945_C|T,28271_A|T,28311_C|T,28881_G|A,28882_G|A,28883_G|C,29253_C|T,29510_A|C,11288_11296,21633_21641,21765_21770,28362_28370,29734_29759
USA/UT-UPHL-221206537985/2022	XAS	241_C|T,670_T|G,1878_C|T,2790_C|T,3037_C|T,4184_G|A,4321_C|T,9344_C|T,9424_A|G,9534_C|T,10029_C|T,10198_C|T,10447_G|A,10449_C|A,11379_C|T,12160_G|A,12880_C|T,14408_C|T,15714_C|T,17410_C|T,18163_A|G,18972_G|T,19955_C|T,20055_A|G,21575_C|T,21618_C|T,21762_C|T,21987_G|A,22200_T|G,22326_C|T,22578_G|A,22674_C|T,22679_T|C,22686_C|T,22688_A|G,22775_G|A,22786_A|C,22813_G|T,22882_T|G,22917_T|G,22992_G|A,22995_C|A,23013_A|C,23018_T|G,23055_A|G,23063_A|T,23075_T|C,23403_A|G,23525_C|T,23599_T|G,23604_C|A,23854_C|A,23948_G|T,24424_A|T,24469_T|A,25000_C|T,25584_C|T,26060_C|T,26270_C|T,26577_C|G,26709_G|A,26858_C|T,27259_A|C,27382_G|C,27383_A|T,27384_T|C,27807_C|T,27945_C|T,28051_A|T,28271_A|T,28311_C|T,28881_G|A,28882_G|A,28883_G|C,29253_C|T,29510_A|C,29513_G|T,11288_11296,21633_21641,21765_21770,28362_28370,29734_29759
USA/VA-CAV_VAS3N_00012709_01/2022	XAS	241_C|T,670_T|G,2790_C|T,3037_C|T,4184_G|A,4321_C|T,9344_C|T,9424_A|G,9534_C|T,10029_C|T,10198_C|T,10447_G|A,10449_C|A,12160_G|A,12880_C|T,14408_C|T,15714_C|T,17410_C|T,18163_A|G,19955_C|T,20055_A|G,21618_C|T,21987_G|A,22200_T|G,22578_G|A,22674_C|T,22679_T|C,22686_C|T,22688_A|G,22775_G|A,22786_A|C,22813_G|T,22882_T|G,22917_T|G,22992_G|A,22995_C|A,23013_A|C,23018_T|G,23055_A|G,23063_A|T,23075_T|C,23403_A|G,23525_C|T,23599_T|G,23604_C|A,23854_C|A,23948_G|T,24424_A|T,24469_T|A,25000_C|T,25584_C|T,26060_C|T,26270_C|T,26577_C|G,26709_G|A,26858_C|T,27259_A|C,27382_G|C,27383_A|T,27384_T|C,27807_C|T,27945_C|T,28271_A|T,28311_C|T,28881_G|A,28882_G|A,28883_G|C,29510_A|C,11288_11296,21633_21641,21765_21770,28362_28370,29734_29759
USA/VA-CAV_VAS3N_00013062_01/2022	XAS	241_C|T,670_T|G,2790_C|T,3037_C|T,4184_G|A,4321_C|T,9344_C|T,9424_A|G,9534_C|T,10029_C|T,10198_C|T,10447_G|A,10449_C|A,12160_G|A,12880_C|T,14408_C|T,15714_C|T,17410_C|T,18163_A|G,19955_C|T,20055_A|G,21618_C|T,21987_G|A,22200_T|G,22578_G|A,22674_C|T,22679_T|C,22686_C|T,22688_A|G,22775_G|A,22786_A|C,22813_G|T,22882_T|G,22917_T|G,22992_G|A,22995_C|A,23013_A|C,23018_T|G,23055_A|G,23063_A|T,23075_T|C,23403_A|G,23525_C|T,23599_T|G,23604_C|A,23854_C|A,23948_G|T,24424_A|T,24469_T|A,24620_G|T,25000_C|T,25584_C|T,26060_C|T,26270_C|T,26577_C|G,26709_G|A,26858_C|T,27259_A|C,27382_G|C,27383_A|T,27384_T|C,27807_C|T,27945_C|T,28271_A|T,28311_C|T,28881_G|A,28882_G|A,28883_G|C,29510_A|C,11288_11296,21633_21641,21765_21770,28362_28370,29734_29759
USA/VA-CDC-LC0760964/2022	XAS	44_C|T,241_C|T,670_T|G,2790_C|T,3037_C|T,4184_G|A,4321_C|T,9344_C|T,9424_A|G,9534_C|T,10029_C|T,10198_C|T,10447_G|A,10449_C|A,12160_G|A,12880_C|T,14408_C|T,15714_C|T,17410_C|T,18163_A|G,19955_C|T,20055_A|G,21618_C|T,21987_G|A,22200_T|G,22578_G|A,22674_C|T,22679_T|C,22686_C|T,22688_A|G,22775_G|A,22786_A|C,22813_G|T,22882_T|G,22917_T|G,22992_G|A,22995_C|A,23013_A|C,23018_T|G,23055_A|G,23063_A|T,23075_T|C,23403_A|G,23525_C|T,23599_T|G,23604_C|A,23854_C|A,23948_G|T,24424_A|T,24469_T|A,25000_C|T,25584_C|T,26060_C|T,26270_C|T,26577_C|G,26709_G|A,26858_C|T,27259_A|C,27382_G|C,27383_A|T,27384_T|C,27807_C|T,27945_C|T,28271_A|T,28311_C|T,28881_G|A,28882_G|A,28883_G|C,29510_A|C,11288_11296,21633_21641,21765_21770,28362_28370,29734_29759
USA/VA-CDC-QDX41999112/2022	XAS	241_C|T,670_T|G,2790_C|T,3037_C|T,4184_G|A,4321_C|T,9344_C|T,9424_A|G,9534_C|T,10029_C|T,10198_C|T,10447_G|A,10449_C|A,12160_G|A,12880_C|T,14408_C|T,15714_C|T,17410_C|T,18163_A|G,19955_C|T,20055_A|G,21618_C|T,21987_G|A,22200_T|G,22578_G|A,22674_C|T,22679_T|C,22686_C|T,22688_A|G,22775_G|A,22786_A|C,22813_G|T,22882_T|G,22917_T|G,22992_G|A,22995_C|A,23013_A|C,23018_T|G,23055_A|G,23063_A|T,23075_T|C,23403_A|G,23525_C|T,23599_T|G,23604_C|A,23854_C|A,23948_G|T,24424_A|T,24469_T|A,25000_C|T,25584_C|T,26060_C|T,26270_C|T,26577_C|G,26709_G|A,26858_C|T,27259_A|C,27382_G|C,27383_A|T,27384_T|C,27807_C|T,27945_C|T,28271_A|T,28311_C|T,28423_G|A,28881_G|A,28882_G|A,28883_G|C,29485_C|T,29510_A|C,11288_11296,21633_21641,21765_21770,28362_28370,29734_29759
USA/VA-CDC-QDX41999567/2022	XAS	241_C|T,670_T|G,2790_C|T,3037_C|T,4184_G|A,4321_C|T,9344_C|T,9424_A|G,9534_C|T,10029_C|T,10198_C|T,10447_G|A,10449_C|A,12160_G|A,12880_C|T,14408_C|T,15714_C|T,17410_C|T,18163_A|G,19955_C|T,20055_A|G,21618_C|T,21987_G|A,22200_T|G,22578_G|A,22674_C|T,22679_T|C,22686_C|T,22688_A|G,22775_G|A,22786_A|C,22813_G|T,22882_T|G,22917_T|G,22992_G|A,22995_C|A,23013_A|C,23018_T|G,23055_A|G,23063_A|T,23075_T|C,23403_A|G,23525_C|T,23599_T|G,23604_C|A,23854_C|A,23948_G|T,24424_A|T,24469_T|A,25000_C|T,25584_C|T,26060_C|T,26270_C|T,26577_C|G,26709_G|A,26858_C|T,27259_A|C,27382_G|C,27383_A|T,27384_T|C,27807_C|T,27945_C|T,28271_A|T,28311_C|T,28423_G|A,28881_G|A,28882_G|A,28883_G|C,29485_C|T,29510_A|C,11288_11296,21633_21641,21765_21770,28362_28370,29734_29759
USA/VA-VTVAS3-GSC36468/2022	XAS	241_C|T,670_T|G,2790_C|T,3037_C|T,4184_G|A,4321_C|T,9344_C|T,9424_A|G,9534_C|T,10029_C|T,10198_C|T,10447_G|A,10449_C|A,12160_G|A,12880_C|T,14408_C|T,15714_C|T,17410_C|T,18163_A|G,19955_C|T,20055_A|G,21618_C|T,21987_G|A,22200_T|G,22578_G|A,22674_C|T,22679_T|C,22686_C|T,22688_A|G,22775_G|A,22786_A|C,22813_G|T,22882_T|G,22917_T|G,22992_G|A,22995_C|A,23013_A|C,23018_T|G,23055_A|G,23063_A|T,23075_T|C,23403_A|G,23525_C|T,23599_T|G,23604_C|A,23854_C|A,23948_G|T,24424_A|T,24469_T|A,25000_C|T,25584_C|T,26060_C|T,26270_C|T,26577_C|G,26709_G|A,26858_C|T,27259_A|C,27382_G|C,27383_A|T,27384_T|C,27807_C|T,27945_C|T,28271_A|T,28311_C|T,28881_G|A,28882_G|A,28883_G|C,29510_A|C,11288_11296,21633_21641,21765_21770,28362_28370,29734_29759
USA/VA-VTVAS3-GSC36638/2022	XAS	241_C|T,670_T|G,2790_C|T,3037_C|T,4184_G|A,4321_C|T,9344_C|T,9424_A|G,9534_C|T,10029_C|T,10198_C|T,10447_G|A,10449_C|A,12160_G|A,12880_C|T,14408_C|T,15714_C|T,17410_C|T,18163_A|G,19955_C|T,20055_A|G,21618_C|T,21987_G|A,22200_T|G,22578_G|A,22674_C|T,22679_T|C,22686_C|T,22688_A|G,22775_G|A,22786_A|C,22813_G|T,22882_T|G,22917_T|G,22992_G|A,22995_C|A,23013_A|C,23018_T|G,23055_A|G,23063_A|T,23075_T|C,23403_A|G,23525_C|T,23599_T|G,23604_C|A,23854_C|A,23948_G|T,24424_A|T,24469_T|A,25000_C|T,25584_C|T,26060_C|T,26270_C|T,26577_C|G,26709_G|A,26858_C|T,27259_A|C,27382_G|C,27383_A|T,27384_T|C,27807_C|T,27945_C|T,28271_A|T,28311_C|T,28881_G|A,28882_G|A,28883_G|C,29510_A|C,11288_11296,21633_21641,21765_21770,28362_28370,29734_29759
USA/VA-VTVAS3-GSC37878/2022	XAS	241_C|T,670_T|G,2790_C|T,3037_C|T,4184_G|A,4321_C|T,5629_G|T,9344_C|T,9424_A|G,9534_C|T,10029_C|T,10198_C|T,10447_G|A,10449_C|A,12160_G|A,12880_C|T,14408_C|T,15714_C|T,17410_C|T,18163_A|G,19955_C|T,20055_A|G,21618_C|T,21987_G|A,22200_T|G,22578_G|A,22674_C|T,22679_T|C,22686_C|T,22688_A|G,22775_G|A,22786_A|C,22813_G|T,22882_T|G,22917_T|G,22992_G|A,22995_C|A,23013_A|C,23018_T|G,23055_A|G,23063_A|T,23075_T|C,23403_A|G,23525_C|T,23599_T|G,23604_C|A,23854_C|A,23948_G|T,24424_A|T,24469_T|A,25000_C|T,25584_C|T,26060_C|T,26577_C|G,26709_G|A,26858_C|T,27259_A|C,27382_G|C,27383_A|T,27384_T|C,27807_C|T,27945_C|T,28271_A|T,28311_C|T,28881_G|A,28882_G|A,28883_G|C,29510_A|C,11288_11296,21633_21641,21765_21770,28362_28370,29734_29759
USA/VA-VTVAS3-GSC37969/2022	XAS	241_C|T,670_T|G,2790_C|T,3037_C|T,4184_G|A,4321_C|T,5629_G|T,9344_C|T,9424_A|G,9534_C|T,10029_C|T,10198_C|T,10447_G|A,10449_C|A,12160_G|A,12880_C|T,14408_C|T,15714_C|T,17410_C|T,18163_A|G,19955_C|T,20055_A|G,21618_C|T,21987_G|A,22200_T|G,22578_G|A,22674_C|T,22679_T|C,22686_C|T,22688_A|G,22775_G|A,22786_A|C,22813_G|T,22882_T|G,22917_T|G,22992_G|A,22995_C|A,23013_A|C,23018_T|G,23055_A|G,23063_A|T,23075_T|C,23403_A|G,23525_C|T,23599_T|G,23604_C|A,23854_C|A,23948_G|T,24424_A|T,24469_T|A,25000_C|T,25584_C|T,26060_C|T,26270_C|T,26577_C|G,26709_G|A,26858_C|T,27259_A|C,27382_G|C,27383_A|T,27384_T|C,27807_C|T,27945_C|T,28271_A|T,28311_C|T,28881_G|A,28882_G|A,28883_G|C,29510_A|C,11288_11296,21633_21641,21765_21770,28362_28370,29734_29759
USA/VA-VTVAS3-GSC37986/2022	XAS	241_C|T,670_T|G,2790_C|T,3037_C|T,4184_G|A,4321_C|T,5629_G|T,9344_C|T,9424_A|G,9534_C|T,10029_C|T,10198_C|T,10447_G|A,10449_C|A,12160_G|A,12880_C|T,14408_C|T,15714_C|T,17410_C|T,18163_A|G,19955_C|T,20055_A|G,21618_C|T,21987_G|A,22200_T|G,22578_G|A,22674_C|T,22679_T|C,22686_C|T,22688_A|G,22775_G|A,22786_A|C,22813_G|T,22882_T|G,22917_T|G,22992_G|A,22995_C|A,23013_A|C,23018_T|G,23055_A|G,23063_A|T,23075_T|C,23403_A|G,23525_C|T,23599_T|G,23604_C|A,23854_C|A,23948_G|T,24424_A|T,24469_T|A,25000_C|T,25584_C|T,26060_C|T,26270_C|T,26577_C|G,26709_G|A,26858_C|T,27259_A|C,27382_G|C,27383_A|T,27384_T|C,27807_C|T,27945_C|T,28271_A|T,28311_C|T,28881_G|A,28882_G|A,28883_G|C,29510_A|C,11288_11296,21633_21641,21765_21770,28362_28370,29734_29759
USA/VA-VTVAS3-GSC38002/2022	XAS	241_C|T,670_T|G,2790_C|T,3037_C|T,4184_G|A,4321_C|T,9344_C|T,9424_A|G,9534_C|T,10029_C|T,10198_C|T,10447_G|A,10449_C|A,12160_G|A,12880_C|T,14408_C|T,15714_C|T,17410_C|T,18163_A|G,19955_C|T,20055_A|G,21618_C|T,21987_G|A,22200_T|G,22578_G|A,22674_C|T,22679_T|C,22686_C|T,22688_A|G,22775_G|A,22786_A|C,22813_G|T,22882_T|G,22917_T|G,22992_G|A,22995_C|A,23013_A|C,23018_T|G,23055_A|G,23063_A|T,23075_T|C,23403_A|G,23525_C|T,23599_T|G,23604_C|A,23854_C|A,23948_G|T,24424_A|T,24469_T|A,25000_C|T,25584_C|T,26060_C|T,26270_C|T,26577_C|G,26709_G|A,26858_C|T,27259_A|C,27382_G|C,27383_A|T,27384_T|C,27807_C|T,27945_C|T,28271_A|T,28311_C|T,28881_G|A,28882_G|A,28883_G|C,29510_A|C,11288_11296,21633_21641,21765_21770,28362_28370,29734_29759
USA/VA_FBCH_4558/2022	XAS	69_A|G,241_C|T,670_T|G,2790_C|T,3037_C|T,4184_G|A,4321_C|T,4540_C|T,9344_C|T,9424_A|G,9534_C|T,10029_C|T,10198_C|T,10447_G|A,10449_C|A,11471_C|T,12160_G|A,12880_C|T,14408_C|T,15714_C|T,17410_C|T,18163_A|G,19955_C|T,20055_A|G,21618_C|T,21789_C|T,21987_G|A,22200_T|G,22578_G|A,22674_C|T,22679_T|C,22686_C|T,22688_A|G,22775_G|A,22786_A|C,22813_G|T,22882_T|G,22917_T|G,22992_G|A,22995_C|A,23013_A|C,23018_T|G,23055_A|G,23063_A|T,23075_T|C,23403_A|G,23525_C|T,23599_T|G,23604_C|A,23673_C|T,23854_C|A,23948_G|T,24424_A|T,24469_T|A,25000_C|T,25240_C|T,25416_C|T,25521_C|T,25584_C|T,26060_C|T,26270_C|T,26577_C|G,26709_G|A,26858_C|T,27259_A|C,27382_G|C,27383_A|T,27384_T|C,27807_C|T,27945_C|T,28259_A|G,28271_A|T,28311_C|T,28881_G|A,28882_G|A,28883_G|C,29377_T|C,29510_A|C,11288_11296,21633_21641,21765_21770,28362_28370,29734_29759
USA/WA-CDC-LC0815562/2022	XAS	241_C|T,670_T|G,2790_C|T,3037_C|T,4184_G|A,4321_C|T,9344_C|T,9424_A|G,9534_C|T,10029_C|T,10198_C|T,10447_G|A,10449_C|A,12160_G|A,12880_C|T,14408_C|T,15714_C|T,17410_C|T,18163_A|G,19955_C|T,20055_A|G,21618_C|T,21987_G|A,22200_T|G,22578_G|A,22674_C|T,22679_T|C,22686_C|T,22688_A|G,22775_G|A,22786_A|C,22813_G|T,22882_T|G,22917_T|G,22992_G|A,22995_C|A,23013_A|C,23018_T|G,23055_A|G,23063_A|T,23075_T|C,23403_A|G,23525_C|T,23599_T|G,23604_C|A,23854_C|A,23948_G|T,24424_A|T,24469_T|A,25000_C|T,25584_C|T,26060_C|T,26270_C|T,26577_C|G,26709_G|A,26858_C|T,27259_A|C,27382_G|C,27383_A|T,27384_T|C,27807_C|T,27945_C|T,28141_G|T,28271_A|T,28311_C|T,28881_G|A,28882_G|A,28883_G|C,29510_A|C,11288_11296,21633_21641,21765_21770,28362_28370,29734_29759
USA/WA-CDC-LC0840437/2022	XAS	44_C|T,241_C|T,670_T|G,2790_C|T,3037_C|T,4184_G|A,4321_C|T,9344_C|T,9424_A|G,9534_C|T,10029_C|T,10198_C|T,10447_G|A,10449_C|A,12160_G|A,12880_C|T,14408_C|T,15714_C|T,17410_C|T,18163_A|G,19955_C|T,20055_A|G,21618_C|T,21987_G|A,22200_T|G,22578_G|A,22674_C|T,22679_T|C,22686_C|T,22688_A|G,22775_G|A,22786_A|C,22813_G|T,22882_T|G,22917_T|G,22992_G|A,22995_C|A,23013_A|C,23018_T|G,23055_A|G,23063_A|T,23075_T|C,23403_A|G,23525_C|T,23599_T|G,23604_C|A,23854_C|A,23948_G|T,24424_A|T,24469_T|A,25000_C|T,25584_C|T,26060_C|T,26270_C|T,26577_C|G,26709_G|A,26858_C|T,27259_A|C,27382_G|C,27383_A|T,27384_T|C,27807_C|T,27945_C|T,28271_A|T,28311_C|T,28471_C|T,28881_G|A,28882_G|A,28883_G|C,29510_A|C,11288_11296,21633_21641,21765_21770,28362_28370,29734_29759
USA/WA-CDC-LC0866389/2022	XAS	44_C|T,241_C|T,670_T|G,2790_C|T,3037_C|T,4184_G|A,4321_C|T,9344_C|T,9424_A|G,9534_C|T,10029_C|T,10198_C|T,10447_G|A,10449_C|A,12160_G|A,12880_C|T,14408_C|T,15714_C|T,17410_C|T,18163_A|G,18828_C|T,19955_C|T,20055_A|G,21618_C|T,21987_G|A,22200_T|G,22578_G|A,22674_C|T,22679_T|C,22686_C|T,22688_A|G,22775_G|A,22786_A|C,22813_G|T,22882_T|G,22917_T|G,22992_G|A,22995_C|A,23013_A|C,23018_T|G,23055_A|G,23063_A|T,23075_T|C,23403_A|G,23525_C|T,23599_T|G,23604_C|A,23854_C|A,23948_G|T,24424_A|T,24469_T|A,25000_C|T,25584_C|T,26060_C|T,26270_C|T,26577_C|G,26709_G|A,26858_C|T,27259_A|C,27382_G|C,27383_A|T,27384_T|C,27807_C|T,27945_C|T,28271_A|T,28311_C|T,28881_G|A,28882_G|A,28883_G|C,29510_A|C,11288_11296,21633_21641,21765_21770,28362_28370,29734_29759
USA/WA-CDC-UW22090679915/2022	XAS	241_C|T,670_T|G,2790_C|T,3037_C|T,4184_G|A,4321_C|T,7897_T|C,9344_C|T,9424_A|G,9534_C|T,10029_C|T,10198_C|T,10447_G|A,10449_C|A,12160_G|A,12880_C|T,13761_C|T,14408_C|T,15714_C|T,17410_C|T,18163_A|G,19955_C|T,20055_A|G,21618_C|T,21987_G|A,22200_T|G,22578_G|A,22674_C|T,22679_T|C,22686_C|T,22688_A|G,22775_G|A,22786_A|C,22813_G|T,22882_T|G,22917_T|G,22992_G|A,22995_C|A,23013_A|C,23018_T|G,23055_A|G,23063_A|T,23075_T|C,23403_A|G,23525_C|T,23599_T|G,23604_C|A,23854_C|A,23948_G|T,24424_A|T,24469_T|A,25000_C|T,25584_C|T,26060_C|T,26270_C|T,26577_C|G,26709_G|A,26858_C|T,27259_A|C,27382_G|C,27383_A|T,27384_T|C,27807_C|T,27945_C|T,28271_A|T,28311_C|T,28881_G|A,28882_G|A,28883_G|C,29510_A|C,11288_11296,21633_21641,21765_21770,28362_28370,29734_29759
USA/WA-CDC-UW22091960003/2022	XAS	241_C|T,670_T|G,833_T|C,1919_C|T,2790_C|T,3037_C|T,3281_G|A,4184_G|A,4252_C|T,4321_C|T,7238_G|A,7525_A|G,7815_C|T,9226_C|T,9344_C|T,9424_A|G,9534_C|T,10029_C|T,10198_C|T,10252_C|T,10447_G|A,10449_C|A,12160_G|A,12880_C|T,14408_C|T,15714_C|T,17410_C|T,17749_G|A,18163_A|G,19955_C|T,20055_A|G,21618_C|T,21987_G|A,22200_T|G,22426_T|C,22578_G|A,22674_C|T,22679_T|C,22686_C|T,22688_A|G,22775_G|A,22786_A|C,22813_G|T,22882_T|G,22917_T|G,22992_G|A,22995_C|A,23013_A|C,23018_T|G,23055_A|G,23063_A|T,23075_T|C,23314_T|A,23403_A|G,23525_C|T,23599_T|G,23604_C|A,23854_C|A,23948_G|T,24424_A|T,24469_T|A,25000_C|T,25584_C|T,25726_G|T,26060_C|T,26270_C|T,26577_C|G,26709_G|A,26858_C|T,27259_A|C,27382_G|C,27383_A|T,27384_T|C,27651_G|A,27807_C|T,27945_C|T,28271_A|T,28311_C|T,28881_G|A,28882_G|A,28883_G|C,29510_A|C,29546_C|T,11288_11296,21633_21641,21765_21770,28254,28362_28370,29734_29759
IMS-10116-CVDP-D06CD938-1CA7-4DC9-A97F-1EAB53B8BEA2	XAS	241_C|T,466_C|T,670_T|G,2582_G|A,2790_C|T,3037_C|T,4184_G|A,4321_C|T,7420_C|T,9226_C|T,9344_C|T,9424_A|G,9534_C|T,10029_C|T,10198_C|T,10252_C|T,10447_G|A,10449_C|A,12160_G|A,12880_C|T,14408_C|T,15714_C|T,17410_C|T,18163_A|G,18312_C|A,19170_C|T,19955_C|T,20055_A|G,21618_C|T,21987_G|A,22200_T|G,22373_C|A,22578_G|A,22674_C|T,22679_T|C,22686_C|T,22688_A|G,22775_G|A,22786_A|C,22813_G|T,22882_T|G,22917_T|G,22992_G|A,22995_C|A,23013_A|C,23018_T|G,23055_A|G,23063_A|T,23075_T|C,23314_T|A,23403_A|G,23525_C|T,23599_T|G,23604_C|A,23854_C|A,23948_G|T,24424_A|T,24469_T|A,25000_C|T,25350_C|T,25584_C|T,25726_G|T,26060_C|T,26270_C|T,26577_C|G,26681_C|T,26709_G|A,26858_C|T,27259_A|C,27382_G|C,27383_A|T,27384_T|C,27807_C|T,27945_C|T,28271_A|T,28311_C|T,28881_G|A,28882_G|A,28883_G|C,29510_A|C,11288_11296,21633_21641,21765_21770,28254,28362_28370
IMS-10116-CVDP-D21781BB-1D1A-4F44-B558-62EB17F2CF85	XAS	241_C|T,670_T|G,2582_G|A,2790_C|T,3037_C|T,4184_G|A,4321_C|T,9226_C|T,9344_C|T,9424_A|G,9534_C|T,10029_C|T,10198_C|T,10252_C|T,10447_G|A,10449_C|A,11537_A|G,12160_G|A,12880_C|T,14408_C|T,15714_C|T,17410_C|T,18163_A|G,19955_C|T,20055_A|G,21618_C|T,21987_G|A,22200_T|G,22578_G|A,22674_C|T,22679_T|C,22686_C|T,22688_A|G,22775_G|A,22786_A|C,22813_G|T,22882_T|G,22917_T|G,22992_G|A,22995_C|A,23013_A|C,23018_T|G,23055_A|G,23063_A|T,23075_T|C,23314_T|A,23403_A|G,23525_C|T,23599_T|G,23604_C|A,23854_C|A,23948_G|T,24424_A|T,24469_T|A,25000_C|T,25584_C|T,25726_G|T,26060_C|T,26270_C|T,26577_C|G,26681_C|T,26709_G|A,26858_C|T,27259_A|C,27382_G|C,27383_A|T,27384_T|C,27807_C|T,27945_C|T,28271_A|T,28311_C|T,28881_G|A,28882_G|A,28883_G|C,29510_A|C,11288_11296,21633_21641,21765_21770,28254,28362_28370
