genomeID	true_lineage	nuc_changes
Denmark/DCGC-662797/2023	XCH	213_G|A,241_C|T,405_A|G,670_T|G,1124_A|G,1342_C|T,1973_C|T,2163_A|C,2790_C|T,3037_C|T,4184_G|A,4321_C|T,5301_C|T,7564_C|T,8737_T|C,9344_C|T,9424_A|G,9534_C|T,9866_C|T,10029_C|T,10198_C|T,10447_G|A,10449_C|A,12467_G|T,12880_C|T,14408_C|T,15451_G|A,15714_C|T,15738_C|T,15939_T|C,16342_T|C,16856_A|G,17124_T|C,17410_C|T,17859_T|C,18163_A|G,19326_A|G,19862_C|T,19955_C|T,20055_A|G,21618_C|T,21810_T|C,21987_G|A,22000_C|A,22109_C|G,22200_T|A,22317_G|T,22577_G|C,22578_G|A,22599_G|C,22624_C|T,22664_C|A,22674_C|T,22679_T|C,22686_C|T,22688_A|G,22775_G|A,22786_A|C,22813_G|T,22882_T|G,22895_G|C,22896_T|C,22898_G|A,22927_G|T,22928_T|C,22942_T|G,22992_G|A,22995_C|A,23013_A|C,23018_T|C,23019_T|C,23031_T|C,23055_A|G,23063_A|T,23075_T|C,23403_A|G,23525_C|T,23599_T|G,23604_C|A,23673_C|T,23854_C|A,23948_G|T,24424_A|T,24469_T|A,25000_C|T,25416_C|T,25584_C|T,25690_G|A,25916_C|A,25947_G|C,26060_C|T,26270_C|T,26275_A|G,26577_C|G,26709_G|A,26858_C|T,27259_A|C,27382_G|C,27383_A|T,27384_T|C,27741_C|T,27807_C|T,27915_G|T,28271_A|T,28297_T|C,28311_C|T,28657_C|T,28881_G|A,28882_G|A,28883_G|C,29510_A|C,11288_11296,21633_21641,21992_21994,28362_28370,29734_29759
Denmark/DCGC-662806/2023	XCH	241_C|T,405_A|G,670_T|G,813_C|T,1124_A|G,1973_C|T,2163_A|C,2790_C|T,3037_C|T,4184_G|A,4321_C|T,7564_C|T,8737_T|C,9344_C|T,9424_A|G,9534_C|T,9866_C|T,9952_T|C,10029_C|T,10198_C|T,10447_G|A,10449_C|A,12467_G|T,12880_C|T,14313_T|C,14408_C|T,15253_G|A,15451_G|A,15714_C|T,15738_C|T,15939_T|C,16342_T|C,16856_A|G,17124_T|C,17410_C|T,17859_T|C,18163_A|G,19326_A|G,19955_C|T,20055_A|G,21618_C|T,21810_T|C,21987_G|A,22000_C|A,22109_C|G,22200_T|A,22317_G|T,22526_C|T,22577_G|C,22578_G|A,22599_G|C,22624_C|T,22664_C|A,22674_C|T,22679_T|C,22686_C|T,22688_A|G,22775_G|A,22786_A|C,22813_G|T,22882_T|G,22895_G|C,22896_T|C,22898_G|A,22927_G|T,22928_T|C,22942_T|G,22992_G|A,22995_C|A,23013_A|C,23018_T|C,23019_T|C,23031_T|C,23055_A|G,23063_A|T,23075_T|C,23403_A|G,23525_C|T,23599_T|G,23604_C|A,23673_C|T,23854_C|A,23948_G|T,24424_A|T,24469_T|A,25000_C|T,25416_C|T,25584_C|T,25947_G|C,26022_C|T,26060_C|T,26270_C|T,26275_A|G,26577_C|G,26709_G|A,26858_C|T,26907_C|T,27259_A|C,27382_G|C,27383_A|T,27384_T|C,27720_T|C,27741_C|T,27807_C|T,27915_G|T,28030_A|G,28271_A|T,28297_T|C,28311_C|T,28657_C|T,28881_G|A,28882_G|A,28883_G|C,29510_A|C,11288_11296,21633_21641,21992_21994,28362_28370,29734_29759
Denmark/DCGC-666354/2023	XCH	241_C|T,405_A|G,670_T|G,813_C|T,1124_A|G,1973_C|T,2163_A|C,2790_C|T,3037_C|T,4184_G|A,4321_C|T,7564_C|T,8737_T|C,9344_C|T,9424_A|G,9534_C|T,9866_C|T,9952_T|C,10029_C|T,10198_C|T,10447_G|A,10449_C|A,12467_G|T,12880_C|T,14313_T|C,14408_C|T,15253_G|A,15451_G|A,15714_C|T,15738_C|T,15939_T|C,16342_T|C,16856_A|G,17124_T|C,17410_C|T,17859_T|C,18163_A|G,19326_A|G,19955_C|T,20055_A|G,21618_C|T,21810_T|C,21987_G|A,22000_C|A,22109_C|G,22200_T|A,22317_G|T,22577_G|C,22578_G|A,22599_G|C,22624_C|T,22664_C|A,22674_C|T,22679_T|C,22686_C|T,22688_A|G,22775_G|A,22786_A|C,22813_G|T,22882_T|G,22895_G|C,22896_T|C,22898_G|A,22927_G|T,22928_T|C,22942_T|G,22992_G|A,22995_C|A,23013_A|C,23018_T|C,23019_T|C,23031_T|C,23055_A|G,23063_A|T,23075_T|C,23403_A|G,23525_C|T,23599_T|G,23604_C|A,23673_C|T,23854_C|A,23948_G|T,24424_A|T,24469_T|A,25000_C|T,25416_C|T,25584_C|T,25947_G|C,26022_C|T,26060_C|T,26270_C|T,26275_A|G,26577_C|G,26709_G|A,26858_C|T,26907_C|T,27259_A|C,27382_G|C,27383_A|T,27384_T|C,27720_T|C,27741_C|T,27807_C|T,27915_G|T,28030_A|G,28271_A|T,28297_T|C,28311_C|T,28657_C|T,28881_G|A,28882_G|A,28883_G|C,29510_A|C,11288_11296,21633_21641,21992_21994,28362_28370,29734_29759
England/WSI-3317BDEE/2023	XCH	241_C|T,405_A|G,670_T|G,1124_A|G,1973_C|T,2163_A|C,2790_C|T,3037_C|T,4184_G|A,4321_C|T,6659_A|G,7564_C|T,7819_C|T,8737_T|C,9344_C|T,9403_T|C,9424_A|G,9534_C|T,9866_C|T,9952_T|C,10029_C|T,10198_C|T,10447_G|A,10449_C|A,10525_C|T,12467_G|T,12880_C|T,14408_C|T,15253_G|A,15451_G|A,15714_C|T,15738_C|T,15939_T|C,16342_T|C,16856_A|G,17124_T|C,17410_C|T,17859_T|C,18163_A|G,19326_A|G,19955_C|T,20055_A|G,21618_C|T,21810_T|C,21987_G|A,22000_C|A,22109_C|G,22200_T|A,22317_G|T,22388_C|T,22577_G|C,22578_G|A,22599_G|C,22624_C|T,22664_C|A,22674_C|T,22679_T|C,22686_C|T,22688_A|G,22775_G|A,22786_A|C,22813_G|T,22882_T|G,22895_G|C,22896_T|C,22898_G|A,22927_G|T,22928_T|C,22942_T|G,22992_G|A,22995_C|A,23013_A|C,23018_T|C,23019_T|C,23031_T|C,23055_A|G,23063_A|T,23075_T|C,23403_A|G,23417_G|A,23525_C|T,23599_T|G,23604_C|A,23673_C|T,23854_C|A,23948_G|T,24424_A|T,24469_T|A,24977_G|T,25000_C|T,25416_C|T,25584_C|T,25947_G|C,26022_C|T,26060_C|T,26270_C|T,26275_A|G,26577_C|G,26709_G|A,26858_C|T,26907_C|T,27259_A|C,27382_G|C,27383_A|T,27384_T|C,27741_C|T,27807_C|T,27915_G|T,28271_A|T,28297_T|C,28311_C|T,28657_C|T,28881_G|A,28882_G|A,28883_G|C,29510_A|C,11288_11296,21633_21641,21992_21994,28362_28370,29734_29759
OY731127	XCH	241_C|T,405_A|G,670_T|G,1124_A|G,1342_C|T,1973_C|T,2163_A|C,2790_C|T,3037_C|T,4184_G|A,4321_C|T,5301_C|T,7564_C|T,8737_T|C,9344_C|T,9424_A|G,9534_C|T,9866_C|T,9979_C|T,10029_C|T,10198_C|T,10447_G|A,10449_C|A,12467_G|T,12880_C|T,14408_C|T,15451_G|A,15714_C|T,15738_C|T,15939_T|C,16342_T|C,16856_A|G,17124_T|C,17410_C|T,17859_T|C,18163_A|G,19326_A|G,19955_C|T,20055_A|G,21618_C|T,21810_T|C,21987_G|A,22000_C|A,22109_C|G,22200_T|A,22317_G|T,22577_G|C,22578_G|A,22599_G|C,22624_C|T,22664_C|A,22674_C|T,22679_T|C,22686_C|T,22688_A|G,22775_G|A,22786_A|C,22813_G|T,22882_T|G,22895_G|C,22896_T|C,22898_G|A,22927_G|T,22928_T|C,22942_T|G,22992_G|A,22995_C|A,23013_A|C,23018_T|C,23019_T|C,23031_T|C,23055_A|G,23063_A|T,23075_T|C,23403_A|G,23525_C|T,23599_T|G,23604_C|A,23673_C|T,23854_C|A,23948_G|T,24424_A|T,24469_T|A,25000_C|T,25416_C|T,25584_C|T,25690_G|A,25916_C|A,25947_G|C,26060_C|T,26270_C|T,26275_A|G,26577_C|G,26709_G|A,26858_C|T,27259_A|C,27382_G|C,27383_A|T,27384_T|C,27741_C|T,27807_C|T,27915_G|T,28271_A|T,28297_T|C,28311_C|T,28657_C|T,28881_G|A,28882_G|A,28883_G|C,29510_A|C,11288_11290,21633_21641,21992_21994,28362_28370,29734_29759
OY737365	XCH	241_C|T,405_A|G,670_T|G,1124_A|G,1342_C|T,1973_C|T,2163_A|C,2790_C|T,3037_C|T,4184_G|A,4321_C|T,5301_C|T,6611_G|T,7564_C|T,8737_T|C,9344_C|T,9424_A|G,9534_C|T,9866_C|T,10029_C|T,10198_C|T,10447_G|A,10449_C|A,12467_G|T,12880_C|T,14408_C|T,15451_G|A,15714_C|T,15738_C|T,15939_T|C,16342_T|C,16856_A|G,17124_T|C,17410_C|T,17859_T|C,18163_A|G,19326_A|G,19955_C|T,20055_A|G,21618_C|T,21810_T|C,21987_G|A,22000_C|A,22109_C|G,22200_T|A,22317_G|T,22577_G|C,22578_G|A,22599_G|C,22624_C|T,22664_C|A,22674_C|T,22679_T|C,22686_C|T,22688_A|G,22775_G|A,22786_A|C,22813_G|T,22882_T|G,22895_G|C,22896_T|C,22898_G|A,22927_G|T,22928_T|C,22942_T|G,22992_G|A,22995_C|A,23013_A|C,23018_T|C,23019_T|C,23031_T|C,23055_A|G,23063_A|T,23075_T|C,23403_A|G,23525_C|T,23599_T|G,23604_C|A,23673_C|T,23854_C|A,23948_G|T,24424_A|T,24469_T|A,25000_C|T,25416_C|T,25584_C|T,25690_G|A,25916_C|A,25947_G|C,26060_C|T,26270_C|T,26275_A|G,26482_A|G,26577_C|G,26709_G|A,26858_C|T,27259_A|C,27382_G|C,27383_A|T,27384_T|C,27741_C|T,27807_C|T,27915_G|T,28271_A|T,28297_T|C,28311_C|T,28657_C|T,28881_G|A,28882_G|A,28883_G|C,29510_A|C,11288_11296,21633_21641,21992_21994,28362_28370,29734_29759
OY745881	XCH	241_C|T,405_A|G,670_T|G,1124_A|G,1342_C|T,1887_C|T,1973_C|T,2163_A|C,2790_C|T,3037_C|T,4184_G|A,4321_C|T,5301_C|T,7564_C|T,8737_T|C,9344_C|T,9424_A|G,9534_C|T,9866_C|T,10029_C|T,10198_C|T,10447_G|A,10449_C|A,12467_G|T,12880_C|T,14408_C|T,15451_G|A,15714_C|T,15738_C|T,15939_T|C,16342_T|C,16856_A|G,17124_T|C,17410_C|T,17859_T|C,18163_A|G,19326_A|G,19955_C|T,20055_A|G,21618_C|T,21810_T|C,21987_G|A,22000_C|A,22109_C|G,22200_T|A,22317_G|T,22577_G|C,22578_G|A,22599_G|C,22624_C|T,22664_C|A,22674_C|T,22679_T|C,22686_C|T,22688_A|G,22775_G|A,22786_A|C,22813_G|T,22882_T|G,22895_G|C,22896_T|C,22898_G|A,22927_G|T,22928_T|C,22942_T|G,22992_G|A,22995_C|A,23013_A|C,23018_T|C,23019_T|C,23031_T|C,23055_A|G,23063_A|T,23075_T|C,23403_A|G,23525_C|T,23599_T|G,23604_C|A,23673_C|T,23854_C|A,23948_G|T,24424_A|T,24469_T|A,25000_C|T,25416_C|T,25584_C|T,25690_G|A,25916_C|A,25947_G|C,26060_C|T,26270_C|T,26275_A|G,26577_C|G,26709_G|A,26858_C|T,27259_A|C,27382_G|C,27383_A|T,27384_T|C,27741_C|T,27807_C|T,27915_G|T,28271_A|T,28297_T|C,28311_C|T,28657_C|T,28881_G|A,28882_G|A,28883_G|C,29510_A|C,11288_11296,21633_21641,21992_21994,28362_28370,29734_29759
OY747829	XCH	241_C|T,405_A|G,670_T|G,1124_A|G,1973_C|T,2163_A|C,2790_C|T,3037_C|T,4184_G|A,4321_C|T,5301_C|T,7564_C|T,8737_T|C,9172_T|C,9344_C|T,9424_A|G,9534_C|T,9866_C|T,10029_C|T,10198_C|T,10447_G|A,10449_C|A,12467_G|T,12880_C|T,14408_C|T,15451_G|A,15714_C|T,15738_C|T,15939_T|C,16342_T|C,16856_A|G,17124_T|C,17410_C|T,17859_T|C,18163_A|G,19326_A|G,19955_C|T,20055_A|G,21618_C|T,21810_T|C,21987_G|A,22000_C|A,22109_C|G,22200_T|A,22317_G|T,22577_G|C,22578_G|A,22599_G|C,22624_C|T,22664_C|A,22674_C|T,22679_T|C,22686_C|T,22688_A|G,22775_G|A,22786_A|C,22813_G|T,22882_T|G,22895_G|C,22896_T|C,22898_G|A,22927_G|T,22928_T|C,22942_T|G,22992_G|A,22995_C|A,23013_A|C,23018_T|C,23019_T|C,23031_T|C,23055_A|G,23063_A|T,23075_T|C,23403_A|G,23449_T|C,23525_C|T,23599_T|G,23604_C|A,23673_C|T,23854_C|A,23948_G|T,24424_A|T,24469_T|A,25000_C|T,25416_C|T,25584_C|T,25690_G|A,25916_C|A,25947_G|C,26060_C|T,26270_C|T,26275_A|G,26577_C|G,26709_G|A,26858_C|T,27259_A|C,27382_G|C,27383_A|T,27384_T|C,27741_C|T,27807_C|T,27915_G|T,28271_A|T,28297_T|C,28311_C|T,28657_C|T,28881_G|A,28882_G|A,28883_G|C,29510_A|C,11288_11296,21633_21641,21992_21994,28362_28370,29734_29759
OY751954	XCH	241_C|T,405_A|G,670_T|G,1124_A|G,1973_C|T,2163_A|C,2790_C|T,3037_C|T,4184_G|A,4321_C|T,7564_C|T,8737_T|C,9344_C|T,9424_A|G,9534_C|T,9866_C|T,10029_C|T,10198_C|T,10447_G|A,10449_C|A,12467_G|T,12880_C|T,14408_C|T,15451_G|A,15714_C|T,15738_C|T,15939_T|C,16342_T|C,16856_A|G,16923_A|C,17124_T|C,17410_C|T,17859_T|C,18163_A|G,18388_C|A,19326_A|G,19955_C|T,20055_A|G,21618_C|T,21810_T|C,21987_G|A,22000_C|A,22109_C|G,22200_T|A,22317_G|T,22577_G|C,22578_G|A,22599_G|C,22624_C|T,22664_C|A,22674_C|T,22679_T|C,22686_C|T,22688_A|G,22775_G|A,22786_A|C,22813_G|T,22882_T|G,22895_G|C,22896_T|C,22898_G|A,22927_G|T,22928_T|C,22942_T|G,22992_G|A,22995_C|A,23013_A|C,23018_T|C,23019_T|C,23031_T|C,23055_A|G,23063_A|T,23075_T|C,23403_A|G,23525_C|T,23599_T|G,23604_C|A,23673_C|T,23854_C|A,23948_G|T,24424_A|T,24469_T|A,25000_C|T,25416_C|T,25584_C|T,25916_C|A,25947_G|C,26060_C|T,26270_C|T,26275_A|G,26577_C|G,26709_G|A,26858_C|T,27259_A|C,27382_G|C,27383_A|T,27384_T|C,27722_T|C,27741_C|T,27807_C|T,27915_G|T,28093_C|T,28271_A|T,28289_C|A,28297_T|C,28311_C|T,28456_G|A,28657_C|T,28881_G|A,28882_G|A,28883_G|C,29510_A|C,21633_21641
OY752269	XCH	241_C|T,405_A|G,670_T|G,1124_A|G,1973_C|T,2163_A|C,2790_C|T,3037_C|T,3278_A|G,4184_G|A,4321_C|T,6659_A|G,7564_C|T,7819_C|T,8737_T|C,9344_C|T,9424_A|G,9534_C|T,9866_C|T,9952_T|C,10029_C|T,10198_C|T,10447_G|A,10449_C|A,10525_C|T,11008_C|T,12467_G|T,12880_C|T,14408_C|T,15253_G|A,15451_G|A,15714_C|T,15738_C|T,15939_T|C,16342_T|C,16856_A|G,17124_T|C,17410_C|T,17859_T|C,18163_A|G,19326_A|G,19955_C|T,20055_A|G,21618_C|T,21810_T|C,21987_G|A,22000_C|A,22109_C|G,22200_T|A,22317_G|T,22577_G|C,22578_G|A,22599_G|C,22624_C|T,22664_C|A,22674_C|T,22679_T|C,22686_C|T,22688_A|G,22750_T|C,22775_G|A,22786_A|C,22813_G|T,22882_T|G,22895_G|C,22896_T|C,22898_G|A,22927_G|T,22928_T|C,22942_T|G,22992_G|A,22995_C|A,23013_A|C,23018_T|C,23019_T|C,23031_T|C,23055_A|G,23063_A|T,23075_T|C,23403_A|G,23417_G|A,23525_C|T,23599_T|G,23604_C|A,23673_C|T,23854_C|A,23948_G|T,24424_A|T,24469_T|A,25000_C|T,25416_C|T,25584_C|T,25947_G|C,26022_C|T,26060_C|T,26270_C|T,26275_A|G,26577_C|G,26709_G|A,26858_C|T,26907_C|T,27259_A|C,27382_G|C,27383_A|T,27384_T|C,27741_C|T,27807_C|T,27915_G|T,28271_A|T,28297_T|C,28311_C|T,28657_C|T,28881_G|A,28882_G|A,28883_G|C,29510_A|C,11288_11296,21633_21641,21992_21994,28362_28370,29734_29759
OY754604	XCH	241_C|T,405_A|G,670_T|G,922_G|A,1124_A|G,1973_C|T,2163_A|C,2790_C|T,3037_C|T,4184_G|A,4321_C|T,5301_C|T,7564_C|T,8737_T|C,9344_C|T,9424_A|G,9534_C|T,9866_C|T,10029_C|T,10198_C|T,10447_G|A,10449_C|A,12467_G|T,12880_C|T,14408_C|T,15451_G|A,15714_C|T,15738_C|T,15939_T|C,16342_T|C,16856_A|G,17124_T|C,17410_C|T,17859_T|C,18163_A|G,19326_A|G,19955_C|T,20055_A|G,21618_C|T,21810_T|C,21987_G|A,22000_C|A,22109_C|G,22200_T|A,22317_G|T,22577_G|C,22578_G|A,22599_G|C,22624_C|T,22664_C|A,22674_C|T,22679_T|C,22686_C|T,22688_A|G,22775_G|A,22786_A|C,22813_G|T,22882_T|G,22895_G|C,22896_T|C,22898_G|A,22927_G|T,22928_T|C,22942_T|G,22992_G|A,22995_C|A,23013_A|C,23018_T|C,23019_T|C,23031_T|C,23055_A|G,23063_A|T,23075_T|C,23403_A|G,23525_C|T,23599_T|G,23604_C|A,23673_C|T,23854_C|A,23948_G|T,24424_A|T,24469_T|A,25000_C|T,25416_C|T,25584_C|T,25690_G|A,25916_C|A,25947_G|C,26060_C|T,26270_C|T,26275_A|G,26577_C|G,26709_G|A,26858_C|T,27259_A|C,27382_G|C,27383_A|T,27384_T|C,27741_C|T,27807_C|T,27915_G|T,28271_A|T,28297_T|C,28311_C|T,28657_C|T,28881_G|A,28882_G|A,28883_G|C,29510_A|C,11288_11296,21633_21641,21992_21994,28362_28370,29734_29759
OY792457	XCH	241_C|T,405_A|G,670_T|G,1124_A|G,1342_C|T,1887_C|T,1973_C|T,2163_A|C,2790_C|T,3037_C|T,4184_G|A,4321_C|T,5301_C|T,5725_A|G,7564_C|T,8737_T|C,9344_C|T,9424_A|G,9534_C|T,9866_C|T,10029_C|T,10198_C|T,10447_G|A,10449_C|A,12467_G|T,12880_C|T,14408_C|T,15451_G|A,15714_C|T,15738_C|T,15939_T|C,16342_T|C,16856_A|G,17124_T|C,17410_C|T,17859_T|C,18163_A|G,18591_C|T,19326_A|G,19955_C|T,20055_A|G,21618_C|T,21810_T|C,21987_G|A,22000_C|A,22109_C|G,22200_T|A,22317_G|T,22577_G|C,22578_G|A,22599_G|C,22624_C|T,22664_C|A,22674_C|T,22679_T|C,22686_C|T,22688_A|G,22775_G|A,22786_A|C,22813_G|T,22882_T|G,22895_G|C,22896_T|C,22898_G|A,22927_G|T,22928_T|C,22942_T|G,22992_G|A,22995_C|A,23013_A|C,23018_T|C,23019_T|C,23031_T|C,23055_A|G,23063_A|T,23075_T|C,23403_A|G,23525_C|T,23599_T|G,23604_C|A,23673_C|T,23854_C|A,23948_G|T,24424_A|T,24469_T|A,25000_C|T,25416_C|T,25584_C|T,25690_G|A,25916_C|A,25947_G|C,26060_C|T,26270_C|T,26275_A|G,26577_C|G,26709_G|A,26858_C|T,27259_A|C,27335_C|T,27382_G|C,27383_A|T,27384_T|C,27741_C|T,27807_C|T,27915_G|T,28271_A|T,28297_T|C,28311_C|T,28657_C|T,28881_G|A,28882_G|A,28883_G|C,29510_A|C,11288_11296,21633_21641,21992_21994,28362_28370,29734_29759
Switzerland/BS-UHB-USB_2023_10_09_62d2ceaa/2023	XCH	241_C|T,405_A|G,670_T|G,1124_A|G,1973_C|T,2163_A|C,2790_C|T,3037_C|T,4184_G|A,4321_C|T,6659_A|G,7564_C|T,7819_C|T,8737_T|C,9344_C|T,9424_A|G,9534_C|T,9866_C|T,9952_T|C,10029_C|T,10198_C|T,10447_G|A,10449_C|A,10525_C|T,12467_G|T,12880_C|T,14408_C|T,15253_G|A,15451_G|A,15714_C|T,15738_C|T,15939_T|C,16342_T|C,16856_A|G,17124_T|C,17410_C|T,17859_T|C,18163_A|G,19326_A|G,19955_C|T,20055_A|G,21618_C|T,21810_T|C,21987_G|A,22000_C|A,22109_C|G,22200_T|A,22317_G|T,22577_G|C,22578_G|A,22599_G|C,22624_C|T,22664_C|A,22674_C|T,22679_T|C,22686_C|T,22688_A|G,22775_G|A,22786_A|C,22813_G|T,22882_T|G,22895_G|C,22896_T|C,22898_G|A,22927_G|T,22928_T|C,22942_T|G,22992_G|A,22995_C|A,23013_A|C,23018_T|C,23019_T|C,23031_T|C,23055_A|G,23063_A|T,23075_T|C,23403_A|G,23417_G|A,23525_C|T,23599_T|G,23604_C|A,23673_C|T,23785_C|T,23854_C|A,23948_G|T,24424_A|T,24469_T|A,25000_C|T,25416_C|T,25584_C|T,25947_G|C,26022_C|T,26060_C|T,26270_C|T,26275_A|G,26577_C|G,26709_G|A,26858_C|T,26907_C|T,27259_A|C,27382_G|C,27383_A|T,27384_T|C,27741_C|T,27807_C|T,27915_G|T,28271_A|T,28297_T|C,28311_C|T,28657_C|T,28881_G|A,28882_G|A,28883_G|C,29510_A|C,11288_11296,21633_21641,21992_21994,28362_28370,29734_29759,29903_.|N
USA/CA-CDC-LC1056830/2023	XCH	44_C|T,241_C|T,405_A|G,670_T|G,1124_A|G,1973_C|T,2163_A|C,2790_C|T,3037_C|T,4184_G|A,4321_C|T,7564_C|T,8737_T|C,9344_C|T,9424_A|G,9534_C|T,9866_C|T,10029_C|T,10198_C|T,10447_G|A,10449_C|A,12467_G|T,12880_C|T,14408_C|T,15451_G|A,15714_C|T,15738_C|T,15939_T|C,16342_T|C,16856_A|G,17124_T|C,17410_C|T,17859_T|C,18163_A|G,19326_A|G,19955_C|T,20055_A|G,21618_C|T,21810_T|C,21987_G|A,22000_C|A,22109_C|G,22200_T|A,22317_G|T,22577_G|C,22578_G|A,22599_G|C,22624_C|T,22664_C|A,22674_C|T,22679_T|C,22686_C|T,22688_A|G,22775_G|A,22786_A|C,22813_G|T,22882_T|G,22895_G|C,22896_T|C,22898_G|A,22927_G|T,22928_T|C,22942_T|G,22992_G|A,22995_C|A,23013_A|C,23018_T|C,23019_T|C,23031_T|C,23055_A|G,23063_A|T,23075_T|C,23403_A|G,23525_C|T,23599_T|G,23604_C|A,23673_C|T,23854_C|A,23948_G|T,24424_A|T,24469_T|A,25000_C|T,25416_C|T,25584_C|T,25916_C|A,25947_G|C,26060_C|T,26270_C|T,26275_A|G,26577_C|G,26709_G|A,26858_C|T,27259_A|C,27382_G|C,27383_A|T,27384_T|C,27741_C|T,27807_C|T,27915_G|T,28271_A|T,28297_T|C,28311_C|T,28657_C|T,28881_G|A,28882_G|A,28883_G|C,29510_A|C,11288_11296,21633_21641,21992_21994,28362_28370,29734_29759
USA/CA-CDPH-500122408/2023	XCH	44_C|T,241_C|T,405_A|G,670_T|G,1124_A|G,1973_C|T,2163_A|C,2790_C|T,3037_C|T,4184_G|A,4321_C|T,7564_C|T,8737_T|C,9344_C|T,9424_A|G,9534_C|T,9866_C|T,10029_C|T,10198_C|T,10447_G|A,10449_C|A,12467_G|T,12880_C|T,14408_C|T,15451_G|A,15714_C|T,15738_C|T,15939_T|C,16342_T|C,16856_A|G,17124_T|C,17410_C|T,17859_T|C,18163_A|G,19326_A|G,19955_C|T,20055_A|G,20578_G|T,21618_C|T,21810_T|C,21987_G|A,22000_C|A,22109_C|G,22200_T|A,22317_G|T,22577_G|C,22578_G|A,22599_G|C,22624_C|T,22664_C|A,22674_C|T,22679_T|C,22686_C|T,22688_A|G,22775_G|A,22786_A|C,22882_T|G,22895_G|C,22896_T|C,22898_G|A,22927_G|T,22928_T|C,22942_T|G,22992_G|A,22995_C|A,23013_A|C,23018_T|C,23019_T|C,23031_T|C,23055_A|G,23063_A|T,23075_T|C,23403_A|G,23525_C|T,23599_T|G,23604_C|A,23673_C|T,23854_C|A,23948_G|T,24424_A|T,24469_T|A,25000_C|T,25416_C|T,25584_C|T,25916_C|A,25947_G|C,26060_C|T,26270_C|T,26275_A|G,26577_C|G,26709_G|A,26858_C|T,27259_A|C,27382_G|C,27383_A|T,27384_T|C,27741_C|T,27807_C|T,27915_G|T,28271_A|T,28297_T|C,28311_C|T,28657_C|T,28881_G|A,28882_G|A,28883_G|C,29510_A|C,11288_11296,21633_21641,21992_21994,28362_28370,29734_29759
USA/CA-CDPH-500123338/2023	XCH	44_C|T,241_C|T,405_A|G,670_T|G,1124_A|G,1584_G|A,1973_C|T,2163_A|C,2790_C|T,3037_C|T,4184_G|A,4321_C|T,7564_C|T,8737_T|C,9344_C|T,9424_A|G,9534_C|T,9866_C|T,10029_C|T,10198_C|T,10324_G|T,10447_G|A,10449_C|A,10741_C|T,11898_A|G,12467_G|T,12880_C|T,14408_C|T,15451_G|A,15714_C|T,15738_C|T,15939_T|C,16342_T|C,16856_A|G,17124_T|C,17410_C|T,17859_T|C,18163_A|G,19326_A|G,19955_C|T,20055_A|G,21618_C|T,21810_T|C,21987_G|A,22000_C|A,22109_C|G,22200_T|A,22317_G|T,22577_G|C,22578_G|A,22599_G|C,22624_C|T,22664_C|A,22674_C|T,22679_T|C,22686_C|T,22688_A|G,22775_G|A,22786_A|C,22882_T|G,22895_G|C,22896_T|C,22898_G|A,22927_G|T,22928_T|C,22942_T|G,22992_G|A,22995_C|A,23013_A|C,23018_T|C,23019_T|C,23031_T|C,23055_A|G,23063_A|T,23075_T|C,23403_A|G,23525_C|T,23599_T|G,23604_C|A,23673_C|T,23854_C|A,23948_G|T,24424_A|T,24469_T|A,25000_C|T,25416_C|T,25584_C|T,25947_G|C,26060_C|T,26270_C|T,26275_A|G,26577_C|G,26709_G|A,26858_C|T,27259_A|C,27382_G|C,27383_A|T,27384_T|C,27741_C|T,27807_C|T,27915_G|T,28271_A|T,28297_T|C,28311_C|T,28657_C|T,28881_G|A,28882_G|A,28883_G|C,29510_A|C,11288_11296,21633_21641,21992_21994,28362_28370,29734_29759
USA/CA-CDPH-500123339/2023	XCH	44_C|T,241_C|T,405_A|G,670_T|G,1124_A|G,1584_G|A,1973_C|T,2163_A|C,2790_C|T,3037_C|T,4184_G|A,4321_C|T,7564_C|T,8737_T|C,9344_C|T,9424_A|G,9534_C|T,9866_C|T,10029_C|T,10198_C|T,10324_G|T,10447_G|A,10449_C|A,10741_C|T,11898_A|G,12467_G|T,12880_C|T,14408_C|T,15451_G|A,15714_C|T,15738_C|T,15939_T|C,16342_T|C,16856_A|G,17124_T|C,17410_C|T,17859_T|C,18163_A|G,19326_A|G,19955_C|T,20055_A|G,21618_C|T,21810_T|C,21987_G|A,22000_C|A,22109_C|G,22200_T|A,22317_G|T,22577_G|C,22578_G|A,22599_G|C,22624_C|T,22664_C|A,22674_C|T,22679_T|C,22686_C|T,22688_A|G,22775_G|A,22786_A|C,22882_T|G,22895_G|C,22896_T|C,22898_G|A,22927_G|T,22928_T|C,22942_T|G,22992_G|A,22995_C|A,23013_A|C,23018_T|C,23019_T|C,23031_T|C,23055_A|G,23063_A|T,23075_T|C,23403_A|G,23525_C|T,23599_T|G,23604_C|A,23673_C|T,23854_C|A,23948_G|T,24424_A|T,24469_T|A,25000_C|T,25416_C|T,25584_C|T,25947_G|C,26060_C|T,26270_C|T,26275_A|G,26577_C|G,26709_G|A,26858_C|T,26892_C|T,27259_A|C,27382_G|C,27383_A|T,27384_T|C,27741_C|T,27807_C|T,27915_G|T,28271_A|T,28297_T|C,28311_C|T,28657_C|T,28881_G|A,28882_G|A,28883_G|C,29510_A|C,11288_11296,21633_21641,21992_21994,28362_28370,29734_29759
USA/CA-CDPH-500123468/2023	XCH	44_C|T,241_C|T,405_A|G,670_T|G,1124_A|G,1584_G|A,1973_C|T,2163_A|C,2790_C|T,3037_C|T,4184_G|A,4321_C|T,7564_C|T,8737_T|C,9344_C|T,9424_A|G,9534_C|T,9866_C|T,10029_C|T,10198_C|T,10324_G|T,10447_G|A,10449_C|A,10741_C|T,11898_A|G,12467_G|T,12880_C|T,14408_C|T,15451_G|A,15714_C|T,15738_C|T,15939_T|C,16342_T|C,16856_A|G,17124_T|C,17410_C|T,17859_T|C,18163_A|G,19326_A|G,19955_C|T,20055_A|G,21618_C|T,21810_T|C,21987_G|A,22000_C|A,22109_C|G,22200_T|A,22317_G|T,22577_G|C,22578_G|A,22599_G|C,22624_C|T,22664_C|A,22674_C|T,22679_T|C,22686_C|T,22688_A|G,22775_G|A,22786_A|C,22882_T|G,22895_G|C,22896_T|C,22898_G|A,22927_G|T,22928_T|C,22942_T|G,22992_G|A,22995_C|A,23013_A|C,23018_T|C,23019_T|C,23031_T|C,23055_A|G,23063_A|T,23075_T|C,23403_A|G,23525_C|T,23599_T|G,23604_C|A,23673_C|T,23854_C|A,23948_G|T,24424_A|T,24469_T|A,25000_C|T,25416_C|T,25584_C|T,25947_G|C,26060_C|T,26270_C|T,26275_A|G,26577_C|G,26709_G|A,26858_C|T,27259_A|C,27382_G|C,27383_A|T,27384_T|C,27741_C|T,27807_C|T,27915_G|T,28271_A|T,28297_T|C,28311_C|T,28657_C|T,28881_G|A,28882_G|A,28883_G|C,29510_A|C,11288_11296,21633_21641,21992_21994,28362_28370,29734_29759
USA/CA-CDPH-500123530/2023	XCH	44_C|T,241_C|T,405_A|G,670_T|G,1124_A|G,1973_C|T,2163_A|C,2790_C|T,3037_C|T,4184_G|A,4321_C|T,7564_C|T,8737_T|C,9344_C|T,9424_A|G,9534_C|T,9866_C|T,10029_C|T,10198_C|T,10447_G|A,10449_C|A,12467_G|T,12880_C|T,14408_C|T,15451_G|A,15714_C|T,15738_C|T,15939_T|C,16342_T|C,16856_A|G,17124_T|C,17410_C|T,17859_T|C,18163_A|G,18907_G|T,19326_A|G,19955_C|T,20055_A|G,21618_C|T,21810_T|C,21987_G|A,22000_C|A,22109_C|G,22200_T|A,22317_G|T,22577_G|C,22578_G|A,22599_G|C,22624_C|T,22664_C|A,22674_C|T,22679_T|C,22686_C|T,22688_A|G,22775_G|A,22786_A|C,22882_T|G,22895_G|C,22896_T|C,22898_G|A,22927_G|T,22928_T|C,22942_T|G,22992_G|A,22995_C|A,23013_A|C,23018_T|C,23019_T|C,23031_T|C,23055_A|G,23063_A|T,23075_T|C,23403_A|G,23525_C|T,23599_T|G,23604_C|A,23673_C|T,23854_C|A,23948_G|T,24424_A|T,24469_T|A,25000_C|T,25416_C|T,25584_C|T,25916_C|A,25947_G|C,26060_C|T,26270_C|T,26275_A|G,26577_C|G,26709_G|A,26858_C|T,27259_A|C,27382_G|C,27383_A|T,27384_T|C,27741_C|T,27807_C|T,27915_G|T,28271_A|T,28297_T|C,28311_C|T,28657_C|T,28881_G|A,28882_G|A,28883_G|C,29510_A|C,11288_11296,21633_21641,21992_21994,28362_28370,29734_29759
USA/CA-CDPH-500124894/2023	XCH	44_C|T,241_C|T,405_A|G,670_T|G,1124_A|G,1973_C|T,2163_A|C,2790_C|T,3037_C|T,4184_G|A,4321_C|T,7564_C|T,8737_T|C,9344_C|T,9424_A|G,9534_C|T,9866_C|T,10029_C|T,10198_C|T,10447_G|A,10449_C|A,11824_C|T,12467_G|T,12880_C|T,14178_C|T,14408_C|T,15451_G|A,15714_C|T,15738_C|T,15939_T|C,16342_T|C,16856_A|G,17124_T|C,17410_C|T,17859_T|C,18163_A|G,19326_A|G,19637_C|T,19955_C|T,20055_A|G,21618_C|T,21810_T|C,21987_G|A,22000_C|A,22109_C|G,22200_T|A,22317_G|T,22577_G|C,22578_G|A,22599_G|C,22624_C|T,22664_C|A,22674_C|T,22679_T|C,22686_C|T,22688_A|G,22775_G|A,22786_A|C,22882_T|G,22895_G|C,22896_T|C,22898_G|A,22927_G|T,22928_T|C,22942_T|G,22992_G|A,22995_C|A,23013_A|C,23018_T|C,23019_T|C,23031_T|C,23055_A|G,23063_A|T,23075_T|C,23403_A|G,23525_C|T,23599_T|G,23604_C|A,23673_C|T,23854_C|A,23948_G|T,24424_A|T,24469_T|A,25000_C|T,25416_C|T,25584_C|T,25916_C|A,25947_G|C,26060_C|T,26270_C|T,26275_A|G,26577_C|G,26709_G|A,26858_C|T,27259_A|C,27382_G|C,27383_A|T,27384_T|C,27741_C|T,27807_C|T,27915_G|T,28271_A|T,28297_T|C,28311_C|T,28657_C|T,28881_G|A,28882_G|A,28883_G|C,29510_A|C,11288_11296,21633_21641,21992_21994,28362_28370,29734_29759
USA/CA-CDPH-500124923/2023	XCH	44_C|T,241_C|T,405_A|G,670_T|G,1124_A|G,1973_C|T,2163_A|C,2790_C|T,3037_C|T,4184_G|A,4321_C|T,7564_C|T,8737_T|C,9344_C|T,9424_A|G,9534_C|T,9866_C|T,10029_C|T,10198_C|T,10447_G|A,10449_C|A,11824_C|T,12467_G|T,12880_C|T,14178_C|T,14408_C|T,15451_G|A,15714_C|T,15738_C|T,15939_T|C,16342_T|C,16856_A|G,17124_T|C,17410_C|T,17859_T|C,18163_A|G,19326_A|G,19637_C|T,19955_C|T,20055_A|G,21618_C|T,21810_T|C,21987_G|A,22000_C|A,22109_C|G,22200_T|A,22317_G|T,22577_G|C,22578_G|A,22599_G|C,22624_C|T,22664_C|A,22674_C|T,22679_T|C,22686_C|T,22688_A|G,22775_G|A,22786_A|C,22882_T|G,22895_G|C,22896_T|C,22898_G|A,22927_G|T,22928_T|C,22942_T|G,22992_G|A,22995_C|A,23013_A|C,23018_T|C,23019_T|C,23031_T|C,23055_A|G,23063_A|T,23075_T|C,23403_A|G,23525_C|T,23599_T|G,23604_C|A,23673_C|T,23854_C|A,23948_G|T,24424_A|T,24469_T|A,25000_C|T,25416_C|T,25584_C|T,25916_C|A,25947_G|C,26060_C|T,26270_C|T,26275_A|G,26577_C|G,26709_G|A,26858_C|T,27259_A|C,27382_G|C,27383_A|T,27384_T|C,27741_C|T,27807_C|T,27915_G|T,28271_A|T,28297_T|C,28311_C|T,28657_C|T,28881_G|A,28882_G|A,28883_G|C,29510_A|C,11288_11296,21633_21641,21992_21994,28362_28370,29734_29759
USA/CA-CDPH-500126755/2023	XCH	44_C|T,241_C|T,405_A|G,669_G|T,670_T|G,1124_A|G,1973_C|T,2163_A|C,2790_C|T,3037_C|T,4184_G|A,4321_C|T,5875_A|G,7564_C|T,8737_T|C,9344_C|T,9424_A|G,9534_C|T,9866_C|T,10029_C|T,10198_C|T,10447_G|A,10449_C|A,12467_G|T,12880_C|T,14408_C|T,15451_G|A,15714_C|T,15738_C|T,15939_T|C,16342_T|C,16856_A|G,17124_T|C,17156_C|T,17410_C|T,17859_T|C,18163_A|G,19326_A|G,19955_C|T,20055_A|G,21618_C|T,21810_T|C,21987_G|A,22000_C|A,22109_C|G,22200_T|A,22317_G|T,22577_G|C,22578_G|A,22599_G|C,22624_C|T,22664_C|A,22674_C|T,22679_T|C,22686_C|T,22688_A|G,22775_G|A,22786_A|C,22882_T|G,22895_G|C,22896_T|C,22898_G|A,22927_G|T,22928_T|C,22942_T|G,22992_G|A,22995_C|A,23013_A|C,23018_T|C,23019_T|C,23031_T|C,23055_A|G,23063_A|T,23075_T|C,23403_A|G,23525_C|T,23599_T|G,23604_C|A,23673_C|T,23854_C|A,23948_G|T,24424_A|T,24469_T|A,24850_T|C,25000_C|T,25416_C|T,25584_C|T,25916_C|A,25947_G|C,26060_C|T,26270_C|T,26275_A|G,26577_C|G,26709_G|A,26858_C|T,27259_A|C,27307_A|G,27382_G|C,27383_A|T,27384_T|C,27741_C|T,27807_C|T,27915_G|T,28271_A|T,28297_T|C,28311_C|T,28657_C|T,28881_G|A,28882_G|A,28883_G|C,29510_A|C,11288_11296,21633_21641,21992_21994,28362_28370,29734_29759
USA/CA-CDPH-500126913/2023	XCH	44_C|T,241_C|T,405_A|G,669_G|T,670_T|G,1124_A|G,1973_C|T,2163_A|C,2790_C|T,3037_C|T,4184_G|A,4321_C|T,5875_A|G,7564_C|T,8737_T|C,9344_C|T,9424_A|G,9534_C|T,9866_C|T,10029_C|T,10198_C|T,10447_G|A,10449_C|A,12467_G|T,12880_C|T,14408_C|T,15451_G|A,15714_C|T,15738_C|T,15939_T|C,16342_T|C,16856_A|G,17124_T|C,17156_C|T,17410_C|T,17859_T|C,18163_A|G,19326_A|G,19955_C|T,20055_A|G,21618_C|T,21810_T|C,21987_G|A,22000_C|A,22109_C|G,22200_T|A,22317_G|T,22577_G|C,22578_G|A,22599_G|C,22624_C|T,22664_C|A,22674_C|T,22679_T|C,22686_C|T,22688_A|G,22775_G|A,22786_A|C,22882_T|G,22895_G|C,22896_T|C,22898_G|A,22927_G|T,22928_T|C,22942_T|G,22992_G|A,22995_C|A,23013_A|C,23018_T|C,23019_T|C,23031_T|C,23055_A|G,23063_A|T,23075_T|C,23403_A|G,23525_C|T,23599_T|G,23604_C|A,23673_C|T,23854_C|A,23948_G|T,24424_A|T,24469_T|A,24784_C|T,24850_T|C,25000_C|T,25416_C|T,25584_C|T,25916_C|A,25947_G|C,26060_C|T,26270_C|T,26275_A|G,26577_C|G,26709_G|A,26774_G|T,26858_C|T,27259_A|C,27382_G|C,27383_A|T,27384_T|C,27741_C|T,27807_C|T,27915_G|T,28271_A|T,28297_T|C,28311_C|T,28657_C|T,28881_G|A,28882_G|A,28883_G|C,29510_A|C,11288_11296,21633_21641,21992_21994,28362_28370,29734_29759
USA/CA-CDPH-500127135/2023	XCH	44_C|T,241_C|T,405_A|G,669_G|T,670_T|G,1124_A|G,1973_C|T,2163_A|C,2790_C|T,3037_C|T,4184_G|A,4321_C|T,5875_A|G,7564_C|T,8737_T|C,9344_C|T,9424_A|G,9534_C|T,9866_C|T,10029_C|T,10198_C|T,10447_G|A,10449_C|A,12467_G|T,12880_C|T,14408_C|T,15451_G|A,15714_C|T,15738_C|T,15939_T|C,16342_T|C,16856_A|G,17124_T|C,17156_C|T,17410_C|T,17859_T|C,18163_A|G,19326_A|G,19921_G|A,19955_C|T,20055_A|G,21618_C|T,21810_T|C,21987_G|A,22000_C|A,22109_C|G,22200_T|A,22317_G|T,22577_G|C,22578_G|A,22599_G|C,22624_C|T,22664_C|A,22674_C|T,22679_T|C,22686_C|T,22688_A|G,22775_G|A,22786_A|C,22882_T|G,22895_G|C,22896_T|C,22898_G|A,22927_G|T,22928_T|C,22942_T|G,22992_G|A,22995_C|A,23013_A|C,23018_T|C,23019_T|C,23031_T|C,23055_A|G,23063_A|T,23075_T|C,23403_A|G,23525_C|T,23599_T|G,23604_C|A,23673_C|T,23854_C|A,23948_G|T,24424_A|T,24469_T|A,24850_T|C,25000_C|T,25416_C|T,25584_C|T,25916_C|A,25947_G|C,26060_C|T,26270_C|T,26275_A|G,26577_C|G,26709_G|A,26858_C|T,27259_A|C,27307_A|G,27382_G|C,27383_A|T,27384_T|C,27741_C|T,27807_C|T,27915_G|T,28271_A|T,28297_T|C,28311_C|T,28657_C|T,28881_G|A,28882_G|A,28883_G|C,29510_A|C,11288_11296,21633_21641,21992_21994,28362_28370,29734_29759
USA/CA-CDPH-500127336/2023	XCH	44_C|T,241_C|T,405_A|G,670_T|G,703_C|T,1124_A|G,1973_C|T,2163_A|C,2790_C|T,3037_C|T,4184_G|A,4321_C|T,7564_C|T,8737_T|C,9344_C|T,9424_A|G,9534_C|T,9866_C|T,10029_C|T,10198_C|T,10447_G|A,10449_C|A,12467_G|T,12880_C|T,14120_C|T,14408_C|T,15451_G|A,15714_C|T,15738_C|T,15939_T|C,16342_T|C,16856_A|G,16923_A|C,17124_T|C,17410_C|T,17859_T|C,18163_A|G,19326_A|G,19955_C|T,20055_A|G,21618_C|T,21810_T|C,21987_G|A,22000_C|A,22109_C|G,22200_T|A,22317_G|T,22577_G|C,22578_G|A,22599_G|C,22624_C|T,22664_C|A,22674_C|T,22679_T|C,22686_C|T,22688_A|G,22775_G|A,22786_A|C,22882_T|G,22895_G|C,22896_T|C,22898_G|A,22927_G|T,22928_T|C,22942_T|G,22992_G|A,22995_C|A,23013_A|C,23018_T|C,23019_T|C,23031_T|C,23055_A|G,23063_A|T,23075_T|C,23403_A|G,23525_C|T,23599_T|G,23604_C|A,23673_C|T,23854_C|A,23948_G|T,24424_A|T,24469_T|A,25000_C|T,25416_C|T,25584_C|T,25916_C|A,25947_G|C,26060_C|T,26270_C|T,26275_A|G,26577_C|G,26709_G|A,26858_C|T,27259_A|C,27382_G|C,27383_A|T,27384_T|C,27741_C|T,27807_C|T,27915_G|T,28271_A|T,28289_C|A,28297_T|C,28311_C|T,28657_C|T,28881_G|A,28882_G|A,28883_G|C,29510_A|C,11288_11296,21633_21641,21992_21994,28362_28370,29734_29759
USA/CA-CDPH-500127997/2023	XCH	44_C|T,241_C|T,405_A|G,670_T|G,1124_A|G,1973_C|T,2163_A|C,2790_C|T,3037_C|T,4184_G|A,4321_C|T,7564_C|T,8737_T|C,9344_C|T,9424_A|G,9534_C|T,9866_C|T,9952_T|C,10029_C|T,10198_C|T,10277_C|T,10447_G|A,10449_C|A,12467_G|T,12880_C|T,13995_T|C,14231_C|A,14408_C|T,15451_G|A,15714_C|T,15738_C|T,15939_T|C,16342_T|C,16856_A|G,17124_T|C,17410_C|T,17859_T|C,18163_A|G,19326_A|G,19955_C|T,20055_A|G,21618_C|T,21810_T|C,21987_G|A,22000_C|A,22109_C|G,22200_T|A,22317_G|T,22577_G|C,22578_G|A,22599_G|C,22624_C|T,22664_C|A,22674_C|T,22679_T|C,22686_C|T,22688_A|G,22775_G|A,22786_A|C,22882_T|G,22895_G|C,22896_T|C,22898_G|A,22927_G|T,22928_T|C,22942_T|G,22992_G|A,22995_C|A,23013_A|C,23018_T|C,23019_T|C,23031_T|C,23055_A|G,23063_A|T,23075_T|C,23403_A|G,23427_T|C,23525_C|T,23599_T|G,23604_C|A,23673_C|T,23854_C|A,23948_G|T,24424_A|T,24469_T|A,25000_C|T,25416_C|T,25584_C|T,25613_C|T,25947_G|C,26060_C|T,26270_C|T,26275_A|G,26577_C|G,26709_G|A,26858_C|T,26907_C|T,27259_A|C,27382_G|C,27383_A|T,27384_T|C,27741_C|T,27807_C|T,27915_G|T,28271_A|T,28297_T|C,28311_C|T,28377_C|T,28657_C|T,28881_G|A,28882_G|A,28883_G|C,29510_A|C,11288_11296,21633_21641,21992_21994,28362_28370,29734_29759
USA/CA-CDPH-500129905/2023	XCH	44_C|T,241_C|T,405_A|G,670_T|G,1124_A|G,1973_C|T,2163_A|C,2790_C|T,3037_C|T,4184_G|A,4321_C|T,7564_C|T,8737_T|C,9344_C|T,9424_A|G,9534_C|T,9866_C|T,9952_T|C,10029_C|T,10198_C|T,10277_C|T,10447_G|A,10449_C|A,12467_G|T,12880_C|T,13995_T|C,14231_C|A,14408_C|T,15451_G|A,15714_C|T,15738_C|T,15939_T|C,16342_T|C,16856_A|G,17124_T|C,17410_C|T,17859_T|C,18163_A|G,19326_A|G,19955_C|T,20055_A|G,21618_C|T,21810_T|C,21987_G|A,22000_C|A,22109_C|G,22200_T|A,22317_G|T,22577_G|C,22578_G|A,22599_G|C,22624_C|T,22664_C|A,22674_C|T,22679_T|C,22686_C|T,22688_A|G,22775_G|A,22786_A|C,22882_T|G,22895_G|C,22896_T|C,22898_G|A,22927_G|T,22928_T|C,22942_T|G,22992_G|A,22995_C|A,23013_A|C,23018_T|C,23019_T|C,23031_T|C,23055_A|G,23063_A|T,23075_T|C,23403_A|G,23427_T|C,23525_C|T,23599_T|G,23604_C|A,23673_C|T,23854_C|A,23948_G|T,24424_A|T,24469_T|A,25000_C|T,25416_C|T,25584_C|T,25613_C|T,25947_G|C,26060_C|T,26270_C|T,26275_A|G,26577_C|G,26709_G|A,26858_C|T,26907_C|T,27259_A|C,27382_G|C,27383_A|T,27384_T|C,27741_C|T,27807_C|T,27915_G|T,28271_A|T,28297_T|C,28311_C|T,28377_C|T,28657_C|T,28881_G|A,28882_G|A,28883_G|C,29510_A|C,11288_11296,21633_21641,21992_21994,28362_28370,29734_29759
USA/CA-LACPHL-AY03765/2023	XCH	241_C|T,405_A|G,670_T|G,934_C|T,1124_A|G,1235_G|A,1973_C|T,2163_A|C,2790_C|T,3037_C|T,4184_G|A,4321_C|T,5455_A|G,5869_C|T,7564_C|T,8737_T|C,9344_C|T,9424_A|G,9534_C|T,9866_C|T,10029_C|T,10198_C|T,10447_G|A,10449_C|A,12467_G|T,12880_C|T,14408_C|T,15451_G|A,15714_C|T,15738_C|T,15939_T|C,16342_T|C,16856_A|G,17124_T|C,17410_C|T,17859_T|C,18163_A|G,19326_A|G,19955_C|T,20001_T|C,20055_A|G,21618_C|T,21810_T|C,21987_G|A,22000_C|A,22109_C|G,22200_T|A,22317_G|T,22577_G|C,22578_G|A,22599_G|C,22624_C|T,22664_C|A,22674_C|T,22679_T|C,22686_C|T,22688_A|G,22775_G|A,22786_A|C,22813_G|T,22882_T|G,22895_G|C,22896_T|C,22898_G|A,22927_G|T,22928_T|C,22942_T|G,22992_G|A,22995_C|G,23013_A|C,23018_T|C,23019_T|C,23031_T|C,23055_A|G,23063_A|T,23075_T|C,23403_A|G,23525_C|T,23599_T|G,23604_C|A,23673_C|T,23854_C|A,23948_G|T,24424_A|T,24469_T|A,25000_C|T,25416_C|T,25584_C|T,25916_C|A,25947_G|C,26060_C|T,26270_C|T,26275_A|G,26577_C|G,26709_G|A,26858_C|T,27259_A|C,27382_G|C,27383_A|T,27384_T|C,27741_C|T,27807_C|T,27915_G|T,28271_A|T,28297_T|C,28311_C|T,28657_C|T,28881_G|A,28882_G|A,28883_G|C,29510_A|C,29668_C|T,11288_11296,21633_21641,21992_21994,28362_28370,29734_29759
USA/CO-CDC-QDX81456382/2023	XCH	241_C|T,405_A|G,670_T|G,1124_A|G,1973_C|T,2163_A|C,2790_C|T,3037_C|T,4184_G|A,4321_C|T,7564_C|T,8737_T|C,9344_C|T,9424_A|G,9534_C|T,9866_C|T,10029_C|T,10198_C|T,10447_G|A,10449_C|A,12467_G|T,12880_C|T,14408_C|T,15451_G|A,15714_C|T,15738_C|T,15939_T|C,16342_T|C,16856_A|G,17124_T|C,17410_C|T,17859_T|C,18163_A|G,19326_A|G,19955_C|T,20055_A|G,21618_C|T,21810_T|C,21987_G|A,22000_C|A,22109_C|G,22200_T|A,22317_G|T,22577_G|C,22578_G|A,22599_G|C,22624_C|T,22664_C|A,22674_C|T,22679_T|C,22686_C|T,22688_A|G,22775_G|A,22786_A|C,22813_G|T,22882_T|G,22895_G|C,22896_T|C,22898_G|A,22927_G|T,22928_T|C,22942_T|G,22992_G|A,22995_C|A,23013_A|C,23018_T|C,23019_T|C,23031_T|C,23055_A|G,23063_A|T,23075_T|C,23403_A|G,23525_C|T,23599_T|G,23604_C|A,23673_C|T,23854_C|A,23948_G|T,24424_A|T,24469_T|A,25000_C|T,25416_C|T,25584_C|T,25916_C|A,25947_G|C,26060_C|T,26270_C|T,26275_A|G,26577_C|G,26709_G|A,26858_C|T,27259_A|C,27382_G|C,27383_A|T,27384_T|C,27741_C|T,27807_C|T,27915_G|T,28271_A|T,28297_T|C,28311_C|T,28657_C|T,28881_G|A,28882_G|A,28883_G|C,29510_A|C,11288_11296,21633_21641,21992_21994,28362_28370,29734_29759
USA/CO-CDPHE-41411816/2023	XCH	241_C|T,405_A|G,670_T|G,1124_A|G,1342_C|T,1973_C|T,2163_A|C,2790_C|T,3037_C|T,4184_G|A,4321_C|T,5301_C|T,7564_C|T,8737_T|C,9344_C|T,9365_C|T,9424_A|G,9534_C|T,9866_C|T,10029_C|T,10198_C|T,10447_G|A,10449_C|A,12467_G|T,12880_C|T,14408_C|T,15451_G|A,15714_C|T,15738_C|T,15939_T|C,16149_T|C,16342_T|C,16856_A|G,17124_T|C,17410_C|T,17859_T|C,18163_A|G,19326_A|G,19955_C|T,20055_A|G,21618_C|T,21810_T|C,21987_G|A,22000_C|A,22109_C|G,22200_T|A,22317_G|T,22577_G|C,22578_G|A,22599_G|C,22624_C|T,22664_C|A,22674_C|T,22679_T|C,22686_C|T,22688_A|G,22775_G|A,22786_A|C,22813_G|T,22882_T|G,22895_G|C,22896_T|C,22898_G|A,22927_G|T,22928_T|C,22942_T|G,22992_G|A,22995_C|A,23013_A|C,23018_T|C,23019_T|C,23031_T|C,23055_A|G,23063_A|T,23075_T|C,23403_A|G,23525_C|T,23599_T|G,23604_C|A,23673_C|T,23854_C|A,23948_G|T,24424_A|T,24469_T|A,25000_C|T,25416_C|T,25584_C|T,25690_G|A,25916_C|A,25947_G|C,26060_C|T,26270_C|T,26275_A|G,26577_C|G,26709_G|A,26858_C|T,27259_A|C,27382_G|C,27383_A|T,27384_T|C,27741_C|T,27807_C|T,27915_G|T,28271_A|T,28297_T|C,28311_C|T,28657_C|T,28881_G|A,28882_G|A,28883_G|C,29510_A|C,11288_11296,21633_21641,21992_21994,28362_28370,29734_29759
USA/FL-CDC-LC1065516/2023	XCH	44_C|T,241_C|T,405_A|G,670_T|G,1124_A|G,1342_C|T,1973_C|T,2163_A|C,2790_C|T,3037_C|T,4184_G|A,4321_C|T,5301_C|T,7564_C|T,8737_T|C,9344_C|T,9424_A|G,9534_C|T,9866_C|T,10029_C|T,10198_C|T,10447_G|A,10449_C|A,10528_T|C,12467_G|T,12880_C|T,14408_C|T,15451_G|A,15714_C|T,15738_C|T,15939_T|C,16342_T|C,16856_A|G,17124_T|C,17410_C|T,17859_T|C,18163_A|G,19326_A|G,19955_C|T,20055_A|G,21618_C|T,21810_T|C,21987_G|A,22000_C|A,22109_C|G,22200_T|A,22317_G|T,22577_G|C,22578_G|A,22599_G|C,22624_C|T,22664_C|A,22674_C|T,22679_T|C,22686_C|T,22688_A|G,22775_G|A,22786_A|C,22813_G|T,22882_T|G,22895_G|C,22896_T|C,22898_G|A,22927_G|T,22928_T|C,22942_T|G,22992_G|A,22995_C|A,23013_A|C,23018_T|C,23019_T|C,23031_T|C,23055_A|G,23063_A|T,23075_T|C,23403_A|G,23525_C|T,23593_G|T,23599_T|G,23604_C|A,23673_C|T,23854_C|A,23948_G|T,24424_A|T,24469_T|A,25000_C|T,25416_C|T,25584_C|T,25690_G|A,25916_C|A,25947_G|C,26060_C|T,26270_C|T,26275_A|G,26577_C|G,26709_G|A,26858_C|T,27259_A|C,27382_G|C,27383_A|T,27384_T|C,27741_C|T,27807_C|T,27915_G|T,28271_A|T,28297_T|C,28311_C|T,28657_C|T,28881_G|A,28882_G|A,28883_G|C,29510_A|C,11288_11296,21633_21641,21992_21994,28362_28370,29734_29759
USA/FL-CDC-QDX83626598/2023	XCH	241_C|T,405_A|G,670_T|G,1124_A|G,1973_C|T,2163_A|C,2790_C|T,3037_C|T,4184_G|A,4321_C|T,7564_C|T,8737_T|C,9344_C|T,9424_A|G,9534_C|T,9866_C|T,10029_C|T,10198_C|T,10447_G|A,10449_C|A,12467_G|T,12880_C|T,14408_C|T,15451_G|A,15714_C|T,15738_C|T,15939_T|C,16342_T|C,16856_A|G,16923_A|C,17124_T|C,17410_C|T,17859_T|C,18163_A|G,19326_A|G,19955_C|T,20055_A|G,21618_C|T,21810_T|C,21987_G|A,22000_C|A,22109_C|G,22200_T|A,22317_G|T,22577_G|C,22578_G|A,22599_G|C,22624_C|T,22664_C|A,22674_C|T,22679_T|C,22686_C|T,22688_A|G,22775_G|A,22786_A|C,22813_G|T,22882_T|G,22895_G|C,22896_T|C,22898_G|A,22927_G|T,22928_T|C,22942_T|G,22992_G|A,22995_C|A,23013_A|C,23018_T|C,23019_T|C,23031_T|C,23055_A|G,23063_A|T,23075_T|C,23403_A|G,23525_C|T,23599_T|G,23604_C|A,23673_C|T,23854_C|A,23948_G|T,24424_A|T,24469_T|A,25000_C|T,25416_C|T,25584_C|T,25916_C|A,25947_G|C,26060_C|T,26270_C|T,26275_A|G,26577_C|G,26709_G|A,26858_C|T,27259_A|C,27382_G|C,27383_A|T,27384_T|C,27741_C|T,27807_C|T,27915_G|T,28271_A|T,28297_T|C,28311_C|T,28657_C|T,28881_G|A,28882_G|A,28883_G|C,29510_A|C,11288_11296,21633_21641,21992_21994,28362_28370,29734_29759
USA/FL-CDC-QDX85404831/2023	XCH	241_C|T,405_A|G,670_T|G,1124_A|G,1342_C|T,1973_C|T,2163_A|C,2790_C|T,3037_C|T,4184_G|A,4321_C|T,5301_C|T,7564_C|T,8737_T|C,9344_C|T,9424_A|G,9534_C|T,9866_C|T,10029_C|T,10198_C|T,10447_G|A,10449_C|A,12467_G|T,12880_C|T,14408_C|T,15451_G|A,15714_C|T,15738_C|T,15939_T|C,16342_T|C,16856_A|G,17124_T|C,17410_C|T,17859_T|C,18163_A|G,19326_A|G,19955_C|T,20055_A|G,21618_C|T,21810_T|C,21987_G|A,21998_C|A,22000_C|A,22109_C|G,22200_T|A,22317_G|T,22577_G|C,22578_G|A,22599_G|C,22624_C|T,22664_C|A,22674_C|T,22679_T|C,22686_C|T,22688_A|G,22775_G|A,22786_A|C,22813_G|T,22882_T|G,22895_G|C,22896_T|C,22898_G|A,22927_G|T,22928_T|C,22942_T|G,22992_G|A,22995_C|A,23013_A|C,23018_T|C,23019_T|C,23031_T|C,23055_A|G,23063_A|T,23075_T|C,23403_A|G,23525_C|T,23599_T|G,23604_C|A,23673_C|T,23854_C|A,23948_G|T,24424_A|T,24469_T|A,25000_C|T,25416_C|T,25584_C|T,25690_G|A,25916_C|A,25947_G|C,26060_C|T,26270_C|T,26275_A|G,26577_C|G,26709_G|A,26858_C|T,27259_A|C,27382_G|C,27383_A|T,27384_T|C,27741_C|T,27807_C|T,27915_G|T,28057_C|T,28271_A|T,28297_T|C,28311_C|T,28657_C|T,28881_G|A,28882_G|A,28883_G|C,29510_A|C,11288_11296,21633_21641,21992_21994,28362_28370,29734_29759
USA/FL-CDC-QDX85405142/2023	XCH	241_C|T,405_A|G,670_T|G,1124_A|G,1973_C|T,2163_A|C,2535_T|C,2790_C|T,3037_C|T,4184_G|A,4321_C|T,6312_C|T,7564_C|T,8737_T|C,9344_C|T,9424_A|G,9534_C|T,9866_C|T,10029_C|T,10198_C|T,10447_G|A,10449_C|A,12467_G|T,12880_C|T,13560_T|C,14408_C|T,15451_G|A,15714_C|T,15738_C|T,15939_T|C,16342_T|C,16856_A|G,17124_T|C,17410_C|T,17859_T|C,18163_A|G,19326_A|G,19955_C|T,20055_A|G,21618_C|T,21810_T|C,21987_G|A,22000_C|A,22109_C|G,22200_T|A,22317_G|T,22577_G|C,22578_G|A,22599_G|C,22624_C|T,22664_C|A,22674_C|T,22679_T|C,22686_C|T,22688_A|G,22775_G|A,22786_A|C,22813_G|T,22882_T|G,22895_G|C,22896_T|C,22898_G|A,22927_G|T,22928_T|C,22942_T|G,22992_G|A,22995_C|A,23013_A|C,23018_T|C,23019_T|C,23031_T|C,23055_A|G,23063_A|T,23075_T|C,23403_A|G,23525_C|T,23599_T|G,23604_C|A,23673_C|T,23854_C|A,23948_G|T,24424_A|T,24469_T|A,25000_C|T,25416_C|T,25584_C|T,25916_C|A,25947_G|C,26060_C|T,26270_C|T,26275_A|G,26577_C|G,26709_G|A,26858_C|T,27259_A|C,27382_G|C,27383_A|T,27384_T|C,27741_C|T,27807_C|T,27915_G|T,28271_A|T,28297_T|C,28311_C|T,28657_C|T,28881_G|A,28882_G|A,28883_G|C,29510_A|C,11288_11296,21633_21641,21992_21994,28362_28370,29734_29759
USA/FL-CDC-QDX86356436/2023	XCH	241_C|T,405_A|G,670_T|G,1124_A|G,1342_C|T,1887_C|T,1973_C|T,2163_A|C,2790_C|T,3037_C|T,4184_G|A,4321_C|T,5301_C|T,7564_C|T,7843_C|T,8737_T|C,9344_C|T,9424_A|G,9534_C|T,9866_C|T,10029_C|T,10198_C|T,10447_G|A,10449_C|A,10659_T|C,12467_G|T,12880_C|T,14408_C|T,15451_G|A,15714_C|T,15738_C|T,15939_T|C,16342_T|C,16856_A|G,17124_T|C,17410_C|T,17859_T|C,18111_T|C,18163_A|G,19326_A|G,19955_C|T,20055_A|G,21618_C|T,21810_T|C,21987_G|A,22000_C|A,22109_C|G,22200_T|A,22317_G|T,22577_G|C,22578_G|A,22599_G|C,22624_C|T,22664_C|A,22674_C|T,22679_T|C,22686_C|T,22688_A|G,22775_G|A,22786_A|C,22813_G|T,22882_T|G,22895_G|C,22896_T|C,22898_G|A,22927_G|T,22928_T|C,22942_T|G,22992_G|A,22995_C|A,23013_A|C,23018_T|C,23019_T|C,23031_T|C,23055_A|G,23063_A|T,23075_T|C,23403_A|G,23525_C|T,23599_T|G,23604_C|A,23673_C|T,23854_C|A,23948_G|T,24424_A|T,24469_T|A,25000_C|T,25416_C|T,25584_C|T,25690_G|A,25916_C|A,25947_G|C,26060_C|T,26270_C|T,26275_A|G,26577_C|G,26709_G|A,26858_C|T,27259_A|C,27382_G|C,27383_A|T,27384_T|C,27741_C|T,27807_C|T,27915_G|T,28271_A|T,28297_T|C,28311_C|T,28657_C|T,28881_G|A,28882_G|A,28883_G|C,29510_A|C,11288_11296,21633_21641,21992_21994,28362_28370,29734_29759
USA/FL-CDC-QDX86906365/2023	XCH	241_C|T,405_A|G,670_T|G,1124_A|G,1342_C|T,1670_C|T,1973_C|T,2163_A|C,2790_C|T,3037_C|T,4184_G|A,4321_C|T,5301_C|T,7564_C|T,8737_T|C,9344_C|T,9424_A|G,9534_C|T,9866_C|T,10029_C|T,10198_C|T,10447_G|A,10449_C|A,12467_G|T,12880_C|T,14408_C|T,15451_G|A,15714_C|T,15738_C|T,15939_T|C,16342_T|C,16856_A|G,17124_T|C,17410_C|T,17859_T|C,18163_A|G,19326_A|G,19955_C|T,20055_A|G,21618_C|T,21810_T|C,21987_G|A,21998_C|A,22000_C|A,22109_C|G,22200_T|A,22317_G|T,22577_G|C,22578_G|A,22599_G|C,22624_C|T,22664_C|A,22674_C|T,22679_T|C,22686_C|T,22688_A|G,22775_G|A,22786_A|C,22813_G|T,22882_T|G,22895_G|C,22896_T|C,22898_G|A,22927_G|T,22928_T|C,22942_T|G,22992_G|A,22995_C|A,23013_A|C,23018_T|C,23019_T|C,23031_T|C,23055_A|G,23063_A|T,23075_T|C,23403_A|G,23525_C|T,23599_T|G,23604_C|A,23673_C|T,23854_C|A,23948_G|T,24352_T|C,24424_A|T,24469_T|A,25000_C|T,25416_C|T,25584_C|T,25690_G|A,25916_C|A,25947_G|C,26060_C|T,26270_C|T,26275_A|G,26577_C|G,26709_G|A,26858_C|T,27259_A|C,27382_G|C,27383_A|T,27384_T|C,27741_C|T,27807_C|T,27915_G|T,28271_A|T,28297_T|C,28311_C|T,28657_C|T,28677_C|T,28881_G|A,28882_G|A,28883_G|C,29510_A|C,11288_11296,21633_21641,21992_21994,28362_28370,29734_29759
USA/GA-EHC-7519S/2023	XCH	44_C|T,241_C|T,405_A|G,670_T|G,813_C|T,1124_A|G,1973_C|T,2163_A|C,2790_C|T,3037_C|T,4184_G|A,4321_C|T,7564_C|T,8737_T|C,9344_C|T,9424_A|G,9534_C|T,9866_C|T,9952_T|C,10029_C|T,10198_C|T,10447_G|A,10449_C|A,12467_G|T,12880_C|T,14313_T|C,14408_C|T,15253_G|A,15451_G|A,15714_C|T,15738_C|T,15939_T|C,16342_T|C,16856_A|G,17124_T|C,17410_C|T,17859_T|C,18163_A|G,19326_A|G,19955_C|T,20055_A|G,21618_C|T,21810_T|C,21987_G|A,22000_C|A,22109_C|G,22200_T|A,22317_G|T,22577_G|C,22578_G|A,22599_G|C,22624_C|T,22664_C|A,22674_C|T,22679_T|C,22686_C|T,22688_A|G,22775_G|A,22786_A|C,22882_T|G,22895_G|C,22896_T|C,22898_G|A,22927_G|T,22928_T|C,22942_T|G,22992_G|A,22995_C|A,23013_A|C,23018_T|C,23019_T|C,23031_T|C,23055_A|G,23063_A|T,23075_T|C,23403_A|G,23525_C|T,23599_T|G,23604_C|A,23673_C|T,23854_C|A,23948_G|T,24424_A|T,24469_T|A,25000_C|T,25416_C|T,25584_C|T,25947_G|C,26022_C|T,26270_C|T,26275_A|G,26577_C|G,26709_G|A,26858_C|T,26907_C|T,27259_A|C,27382_G|C,27383_A|T,27384_T|C,27720_T|C,27741_C|T,27807_C|T,27915_G|T,28271_A|T,28297_T|C,28311_C|T,28657_C|T,28881_G|A,28882_G|A,28883_G|C,29510_A|C,11288_11296,21633_21641,21992_21994,28362_28370
USA/GA-EHC-7708Z/2023	XCH	44_C|T,241_C|T,405_A|G,670_T|G,1124_A|G,1973_C|T,2163_A|C,2790_C|T,3037_C|T,4184_G|A,4321_C|T,7348_T|C,7564_C|T,8737_T|C,9344_C|T,9424_A|G,9534_C|T,9866_C|T,10029_C|T,10198_C|T,10447_G|A,10449_C|A,10741_C|T,12467_G|T,12880_C|T,14408_C|T,15451_G|A,15714_C|T,15738_C|T,15939_T|C,16342_T|C,16856_A|G,17124_T|C,17410_C|T,17859_T|C,18163_A|G,18816_G|A,19326_A|G,19955_C|T,20055_A|G,21618_C|T,21810_T|C,21987_G|A,22000_C|A,22109_C|G,22200_T|A,22317_G|T,22577_G|C,22578_G|A,22599_G|C,22624_C|T,22664_C|A,22674_C|T,22679_T|C,22686_C|T,22688_A|G,22775_G|A,22786_A|C,22813_G|T,22882_T|G,22895_G|C,22896_T|C,22898_G|A,22927_G|T,22928_T|C,22942_T|G,22992_G|A,22995_C|A,23013_A|C,23018_T|C,23019_T|C,23031_T|C,23055_A|G,23063_A|T,23075_T|C,23403_A|G,23525_C|T,23599_T|G,23604_C|A,23673_C|T,23854_C|A,23948_G|T,24241_A|G,24424_A|T,24469_T|A,25000_C|T,25162_C|A,25163_C|A,25416_C|T,25430_T|C,25584_C|T,25916_C|A,25947_G|C,26270_C|T,26275_A|G,26577_C|G,26709_G|A,26858_C|T,27259_A|C,27382_G|C,27383_A|T,27384_T|C,27741_C|T,27807_C|T,27915_G|T,28271_A|T,28297_T|C,28311_C|T,28657_C|T,28881_G|A,28882_G|A,28883_G|C,29510_A|C,11288_11296,21633_21641,21992_21994,28362_28370
USA/GA-GPHL-1016/2023	XCH	241_C|T,405_A|G,670_T|G,1124_A|G,1973_C|T,2163_A|C,2790_C|T,3037_C|T,4184_G|A,4321_C|T,7348_T|C,7564_C|T,8737_T|C,9344_C|T,9424_A|G,9534_C|T,9866_C|T,10029_C|T,10198_C|T,10447_G|A,10449_C|A,12467_G|T,12880_C|T,14408_C|T,15451_G|A,15714_C|T,15738_C|T,15939_T|C,16342_T|C,16856_A|G,17124_T|C,17410_C|T,17859_T|C,18163_A|G,19326_A|G,19955_C|T,20055_A|G,21137_A|G,21618_C|T,21810_T|C,21987_G|A,22000_C|A,22109_C|G,22200_T|A,22317_G|T,22577_G|C,22578_G|A,22599_G|C,22624_C|T,22664_C|A,22674_C|T,22679_T|C,22686_C|T,22688_A|G,22775_G|A,22786_A|C,22882_T|G,22895_G|C,22896_T|C,22898_G|A,22927_G|T,22928_T|C,22942_T|G,22992_G|A,22995_C|A,23013_A|C,23018_T|C,23019_T|C,23031_T|C,23055_A|G,23063_A|T,23075_T|C,23403_A|G,23525_C|T,23599_T|G,23604_C|A,23673_C|T,23854_C|A,23948_G|T,24241_A|G,24424_A|T,24469_T|A,25000_C|T,25416_C|T,25430_T|C,25584_C|T,25916_C|A,25947_G|C,26060_C|T,26270_C|T,26275_A|G,26709_G|A,26858_C|T,27259_A|C,27382_G|C,27383_A|T,27384_T|C,27741_C|T,27807_C|T,27915_G|T,28271_A|T,28297_T|C,28311_C|T,28657_C|T,28881_G|A,28882_G|A,28883_G|C,29510_A|C,11288_11296,21633_21641,21992_21994,28362_28370,29734_29759
USA/IL-CDC-QDX86577589/2023	XCH	241_C|T,405_A|G,670_T|G,1124_A|G,1973_C|T,2163_A|C,2790_C|T,3037_C|T,4184_G|A,4321_C|T,5875_A|G,7564_C|T,8179_G|A,8737_T|C,9344_C|T,9424_A|G,9534_C|T,9866_C|T,10029_C|T,10198_C|T,10447_G|A,10449_C|A,12467_G|T,12880_C|T,14408_C|T,15451_G|A,15714_C|T,15738_C|T,15939_T|C,16342_T|C,16856_A|G,17124_T|C,17156_C|T,17410_C|T,17859_T|C,18163_A|G,19326_A|G,19955_C|T,20055_A|G,21618_C|T,21810_T|C,21987_G|A,22000_C|A,22109_C|G,22200_T|A,22317_G|T,22577_G|C,22578_G|A,22599_G|C,22624_C|T,22664_C|A,22674_C|T,22679_T|C,22686_C|T,22688_A|G,22775_G|A,22786_A|C,22813_G|T,22882_T|G,22895_G|C,22896_T|C,22898_G|A,22927_G|T,22928_T|C,22942_T|G,22992_G|A,22995_C|A,23013_A|C,23018_T|C,23019_T|C,23031_T|C,23055_A|G,23063_A|T,23075_T|C,23403_A|G,23525_C|T,23599_T|G,23604_C|A,23673_C|T,23854_C|A,23948_G|T,24424_A|T,24469_T|A,25000_C|T,25416_C|T,25584_C|T,25916_C|A,25947_G|C,26060_C|T,26270_C|T,26275_A|G,26577_C|G,26709_G|A,26858_C|T,27259_A|C,27382_G|C,27383_A|T,27384_T|C,27513_C|T,27741_C|T,27807_C|T,27915_G|T,28271_A|T,28297_T|C,28311_C|T,28657_C|T,28881_G|A,28882_G|A,28883_G|C,29510_A|C,11288_11296,21633_21641,21992_21994,28362_28370,29734_29759
USA/IL-RIPHL_110631_G/2023	XCH	241_C|T,405_A|G,670_T|G,1124_A|G,1973_C|T,2163_A|C,2424_G|A,2790_C|T,3037_C|T,4184_G|A,4321_C|T,7564_C|T,8737_T|C,9344_C|T,9424_A|G,9534_C|T,9866_C|T,10029_C|T,10198_C|T,10447_G|A,10449_C|A,10921_T|C,12467_G|T,12880_C|T,14408_C|T,15451_G|A,15714_C|T,15738_C|T,15939_T|C,16342_T|C,16856_A|G,17124_T|C,17410_C|T,17859_T|C,18163_A|G,19326_A|G,19866_T|C,19955_C|T,20055_A|G,21137_A|G,21618_C|T,21810_T|C,21987_G|A,22000_C|A,22109_C|G,22200_T|A,22317_G|T,22577_G|C,22578_G|A,22599_G|C,22624_C|T,22664_C|A,22674_C|T,22679_T|C,22686_C|T,22688_A|G,22775_G|A,22786_A|C,22813_G|T,22882_T|G,22895_G|C,22896_T|C,22898_G|A,22927_G|T,22928_T|C,22942_T|G,22992_G|A,22995_C|A,23013_A|C,23018_T|C,23019_T|C,23031_T|C,23055_A|G,23063_A|T,23075_T|C,23403_A|G,23525_C|T,23599_T|G,23604_C|A,23673_C|T,23854_C|A,23948_G|T,24424_A|T,24469_T|A,25000_C|T,25416_C|T,25584_C|T,25916_C|A,25947_G|C,26060_C|T,26270_C|T,26275_A|G,26577_C|G,26709_G|A,26858_C|T,27259_A|C,27382_G|C,27383_A|T,27384_T|C,27741_C|T,27807_C|T,27915_G|T,28271_A|T,28297_T|C,28311_C|T,28657_C|T,28881_G|A,28882_G|A,28883_G|C,29510_A|C,11288_11296,21633_21641,21992_21994,28362_28370,29734_29759
USA/IL-RIPHL_13807_G/2023	XCH	241_C|T,405_A|G,670_T|G,1124_A|G,1973_C|T,2163_A|C,2424_G|A,2790_C|T,3037_C|T,4184_G|A,4321_C|T,7564_C|T,8737_T|C,9344_C|T,9424_A|G,9534_C|T,9866_C|T,10029_C|T,10198_C|T,10447_G|A,10449_C|A,10921_T|C,12467_G|T,12880_C|T,14408_C|T,15451_G|A,15714_C|T,15738_C|T,15939_T|C,16342_T|C,16856_A|G,17124_T|C,17410_C|T,17859_T|C,18163_A|G,19326_A|G,19866_T|C,19955_C|T,20055_A|G,21618_C|T,21810_T|C,21987_G|A,22000_C|A,22109_C|G,22200_T|A,22317_G|T,22577_G|C,22578_G|A,22599_G|C,22624_C|T,22664_C|A,22674_C|T,22679_T|C,22686_C|T,22688_A|G,22775_G|A,22786_A|C,22813_G|T,22882_T|G,22895_G|C,22896_T|C,22898_G|A,22927_G|T,22928_T|C,22942_T|G,22992_G|A,22995_C|A,23013_A|C,23018_T|C,23019_T|C,23031_T|C,23055_A|G,23063_A|T,23075_T|C,23403_A|G,23525_C|T,23599_T|G,23604_C|A,23673_C|T,23854_C|A,23948_G|T,24424_A|T,24469_T|A,25000_C|T,25416_C|T,25584_C|T,25916_C|A,25947_G|C,26060_C|T,26270_C|T,26275_A|G,26709_G|A,26858_C|T,26882_C|T,27259_A|C,27382_G|C,27383_A|T,27384_T|C,27741_C|T,27807_C|T,27915_G|T,28271_A|T,28297_T|C,28311_C|T,28657_C|T,28881_G|A,28882_G|A,28883_G|C,29392_G|T,29510_A|C,11288_11296,21633_21641,21992_21994,28362_28370,29734_29759
USA/IVY-G43Q96W1/2023	XCH	241_C|T,405_A|G,670_T|G,1124_A|G,1973_C|T,2163_A|C,2790_C|T,3037_C|T,4184_G|A,4321_C|T,6501_C|T,7564_C|T,8737_T|C,9344_C|T,9424_A|G,9534_C|T,9866_C|T,10029_C|T,10198_C|T,10447_G|A,10449_C|A,10789_C|T,11916_C|T,12467_G|T,12880_C|T,14408_C|T,15451_G|A,15714_C|T,15738_C|T,15939_T|C,16342_T|C,16856_A|G,17124_T|C,17410_C|T,17859_T|C,18163_A|G,19326_A|G,19955_C|T,20055_A|G,20578_G|T,21618_C|T,21810_T|C,21987_G|A,22109_C|G,22200_T|A,22317_G|T,22577_G|C,22578_G|A,22599_G|C,22624_C|T,22664_C|A,22674_C|T,22679_T|C,22686_C|T,22688_A|G,22775_G|A,22786_A|C,22813_G|T,22882_T|G,22895_G|C,22896_T|C,22898_G|A,22927_G|T,22928_T|C,22942_T|G,22992_G|A,22995_C|A,23013_A|C,23018_T|C,23019_T|C,23031_T|C,23055_A|G,23063_A|T,23075_T|C,23403_A|G,23525_C|T,23599_T|G,23604_C|A,23673_C|T,23854_C|A,23948_G|T,24424_A|T,24469_T|A,25000_C|T,25416_C|T,25584_C|T,25916_C|A,25947_G|C,26060_C|T,26270_C|T,26275_A|G,26577_C|G,26709_G|A,26858_C|T,27259_A|C,27382_G|C,27383_A|T,27384_T|C,27741_C|T,27807_C|T,27915_G|T,28271_A|T,28297_T|C,28311_C|T,28657_C|T,28881_G|A,28882_G|A,28883_G|C,29510_A|C,11288_11296,21633_21641,21992_21994,28362_28370
USA/KY-CDC-LC1049958/2023	XCH	44_C|T,241_C|T,405_A|G,670_T|G,1124_A|G,1973_C|T,2163_A|C,2790_C|T,3037_C|T,4184_G|A,4321_C|T,5646_C|T,7564_C|T,8737_T|C,9344_C|T,9424_A|G,9534_C|T,9866_C|T,10029_C|T,10198_C|T,10447_G|A,10449_C|A,12467_G|T,12880_C|T,14408_C|T,15451_G|A,15714_C|T,15738_C|T,15939_T|C,16342_T|C,16475_G|A,16856_A|G,17124_T|C,17410_C|T,17859_T|C,18163_A|G,19326_A|G,19955_C|T,20055_A|G,21618_C|T,21810_T|C,21987_G|A,22000_C|A,22109_C|G,22200_T|A,22317_G|T,22577_G|C,22578_G|A,22599_G|C,22624_C|T,22664_C|A,22674_C|T,22679_T|C,22686_C|T,22688_A|G,22775_G|A,22786_A|C,22813_G|T,22882_T|G,22895_G|C,22896_T|C,22898_G|A,22927_G|T,22928_T|C,22942_T|G,22992_G|A,22995_C|A,23013_A|C,23018_T|C,23019_T|C,23031_T|C,23055_A|G,23063_A|T,23075_T|C,23403_A|G,23525_C|T,23599_T|G,23604_C|A,23673_C|T,23854_C|A,23948_G|T,24424_A|T,24469_T|A,25000_C|T,25416_C|T,25584_C|T,25916_C|A,25947_G|C,26060_C|T,26270_C|T,26275_A|G,26577_C|G,26709_G|A,26858_C|T,27259_A|C,27382_G|C,27383_A|T,27384_T|C,27741_C|T,27807_C|T,27915_G|T,28271_A|T,28297_T|C,28311_C|T,28657_C|T,28881_G|A,28882_G|A,28883_G|C,29510_A|C,11288_11296,21633_21641,21992_21994,28362_28370,29734_29759
USA/LA-EVTL20311/2023	XCH	241_C|T,405_A|G,670_T|G,1124_A|G,1973_C|T,2163_A|C,2790_C|T,3037_C|T,4184_G|A,8737_T|C,9344_C|T,9424_A|G,9534_C|T,9866_C|T,10029_C|T,10198_C|T,10447_G|A,10449_C|A,12467_G|T,12880_C|T,14408_C|T,15451_G|A,15714_C|T,15738_C|T,15939_T|C,16342_T|C,16923_A|C,17124_T|C,17410_C|T,17859_T|C,18163_A|G,19326_A|G,19955_C|T,20055_A|G,21618_C|T,21810_T|C,21987_G|A,22000_C|A,22200_T|A,22317_G|T,22577_G|C,22578_G|A,22599_G|C,22624_C|T,22664_C|A,22674_C|T,22679_T|C,22686_C|T,22688_A|G,22775_G|A,22786_A|C,22813_G|T,22882_T|G,22895_G|C,22896_T|C,22898_G|A,22927_G|T,22928_T|C,22942_T|G,22992_G|A,22995_C|A,23013_A|C,23018_T|C,23019_T|C,23031_T|C,23055_A|G,23063_A|T,23075_T|C,23403_A|G,23525_C|T,23599_T|G,23604_C|A,23673_C|T,23854_C|A,23948_G|T,24424_A|T,24469_T|A,25000_C|T,25416_C|T,25584_C|T,25916_C|A,25947_G|C,26060_C|T,26270_C|T,26275_A|G,26577_C|G,26709_G|A,26858_C|T,27259_A|C,27382_G|C,27383_A|T,27384_T|C,27741_C|T,27807_C|T,27915_G|T,28271_A|T,28289_C|A,28297_T|C,28311_C|T,28657_C|T,28881_G|A,28882_G|A,28883_G|C,29510_A|C,11288_11296,21633_21641,21992_21994
USA/MD-CDC-LC1073208/2023	XCH	44_C|T,241_C|T,361_A|G,405_A|G,670_T|G,1124_A|G,1943_C|T,1973_C|T,2163_A|C,2790_C|T,3037_C|T,4184_G|A,4321_C|T,7564_C|T,8737_T|C,9344_C|T,9424_A|G,9534_C|T,9866_C|T,10029_C|T,10198_C|T,10447_G|A,10449_C|A,12467_G|T,12880_C|T,14408_C|T,15451_G|A,15714_C|T,15738_C|T,15786_T|C,15939_T|C,16342_T|C,16856_A|G,16923_A|C,17106_T|C,17124_T|C,17410_C|T,17859_T|C,18163_A|G,19326_A|G,19955_C|T,20055_A|G,21618_C|T,21810_T|C,21987_G|A,22000_C|A,22109_C|G,22200_T|A,22317_G|T,22577_G|C,22578_G|A,22599_G|C,22624_C|T,22664_C|A,22674_C|T,22679_T|C,22686_C|T,22688_A|G,22775_G|A,22786_A|C,22813_G|T,22882_T|G,22895_G|C,22896_T|C,22898_G|A,22927_G|T,22928_T|C,22942_T|G,22992_G|A,22995_C|A,23013_A|C,23018_T|C,23019_T|C,23031_T|C,23055_A|G,23063_A|T,23075_T|C,23403_A|G,23525_C|T,23599_T|G,23604_C|A,23673_C|T,23854_C|A,23948_G|T,24424_A|T,24469_T|A,25000_C|T,25416_C|T,25584_C|T,25916_C|A,25947_G|C,26060_C|T,26270_C|T,26275_A|G,26577_C|G,26709_G|A,26858_C|T,27259_A|C,27382_G|C,27383_A|T,27384_T|C,27741_C|T,27807_C|T,27915_G|T,28271_A|T,28289_C|A,28297_T|C,28311_C|T,28657_C|T,28881_G|A,28882_G|A,28883_G|C,29510_A|C,11288_11296,21633_21641,21992_21994,28362_28370,29734_29759
USA/MI-SH_MSU-C03_I_0222_85/2023	XCH	241_C|T,405_A|G,670_T|G,1124_A|G,1342_C|T,1973_C|T,2163_A|C,2790_C|T,3037_C|T,4184_G|A,4321_C|T,5301_C|T,7564_C|T,8737_T|C,9344_C|T,9424_A|G,9534_C|T,9866_C|T,10029_C|T,10198_C|T,10447_G|A,10449_C|A,12467_G|T,12880_C|T,14408_C|T,15451_G|A,15714_C|T,15738_C|T,15939_T|C,16342_T|C,16856_A|G,17124_T|C,17410_C|T,17859_T|C,18163_A|G,19326_A|G,19955_C|T,20055_A|G,21618_C|T,21810_T|C,21987_G|A,22000_C|A,22109_C|G,22200_T|A,22317_G|T,22577_G|C,22578_G|A,22599_G|C,22624_C|T,22664_C|A,22674_C|T,22679_T|C,22686_C|T,22688_A|G,22775_G|A,22786_A|C,22813_G|T,22882_T|G,22895_G|C,22896_T|C,22898_G|A,22927_G|T,22928_T|C,22942_T|G,22992_G|A,22995_C|A,23013_A|C,23018_T|C,23019_T|C,23031_T|C,23055_A|G,23063_A|T,23075_T|C,23403_A|G,23525_C|T,23599_T|G,23604_C|A,23673_C|T,23854_C|A,23948_G|T,24424_A|T,24469_T|A,25000_C|T,25416_C|T,25584_C|T,25690_G|A,25916_C|A,25947_G|C,26060_C|T,26270_C|T,26275_A|G,26577_C|G,26709_G|A,26858_C|T,27259_A|C,27382_G|C,27383_A|T,27384_T|C,27741_C|T,27807_C|T,27915_G|T,28271_A|T,28297_T|C,28311_C|T,28657_C|T,28881_G|A,28882_G|A,28883_G|C,29510_A|C,11288_11296,21633_21641,21992_21994,28362_28370,29734_29759
USA/MI-SH_MSU-C08_I_1369_83/2023	XCH	241_C|T,405_A|G,670_T|G,1124_A|G,1342_C|T,1973_C|T,2163_A|C,2790_C|T,3037_C|T,4184_G|A,4321_C|T,5301_C|T,7564_C|T,8737_T|C,9344_C|T,9424_A|G,9534_C|T,9866_C|T,10029_C|T,10198_C|T,10447_G|A,10449_C|A,12467_G|T,12880_C|T,14408_C|T,15451_G|A,15714_C|T,15738_C|T,15939_T|C,16342_T|C,16856_A|G,17124_T|C,17410_C|T,17745_C|T,17859_T|C,18163_A|G,19326_A|G,19955_C|T,20055_A|G,21618_C|T,21810_T|C,21987_G|A,22000_C|A,22109_C|G,22200_T|A,22317_G|T,22577_G|C,22578_G|A,22599_G|C,22624_C|T,22664_C|A,22674_C|T,22679_T|C,22686_C|T,22688_A|G,22775_G|A,22786_A|C,22813_G|T,22882_T|G,22895_G|C,22896_T|C,22898_G|A,22927_G|T,22928_T|C,22942_T|G,22992_G|A,22995_C|A,23013_A|C,23018_T|C,23019_T|C,23031_T|C,23055_A|G,23063_A|T,23075_T|C,23403_A|G,23525_C|T,23599_T|G,23604_C|A,23673_C|T,23854_C|A,23948_G|T,24424_A|T,24469_T|A,25000_C|T,25416_C|T,25584_C|T,25690_G|A,25916_C|A,25947_G|C,26060_C|T,26270_C|T,26275_A|G,26577_C|G,26709_G|A,26858_C|T,27259_A|C,27382_G|C,27383_A|T,27384_T|C,27741_C|T,27807_C|T,27915_G|T,28271_A|T,28297_T|C,28311_C|T,28657_C|T,28881_G|A,28882_G|A,28883_G|C,29510_A|C,11288_11296,21633_21641,21992_21994,28362_28370,29734_29759
USA/MI-SH_MSU-H10_I_0283_85/2023	XCH	241_C|T,405_A|G,670_T|G,1124_A|G,1342_C|T,1973_C|T,2163_A|C,2790_C|T,3037_C|T,4184_G|A,4321_C|T,5301_C|T,7564_C|T,8737_T|C,9344_C|T,9424_A|G,9534_C|T,9866_C|T,10029_C|T,10198_C|T,10447_G|A,10449_C|A,12467_G|T,12880_C|T,14408_C|T,15451_G|A,15714_C|T,15738_C|T,15939_T|C,16342_T|C,16856_A|G,17124_T|C,17410_C|T,17859_T|C,18163_A|G,19326_A|G,19955_C|T,20055_A|G,21618_C|T,21810_T|C,21987_G|A,22000_C|A,22109_C|G,22200_T|A,22317_G|T,22577_G|C,22578_G|A,22599_G|C,22624_C|T,22664_C|A,22674_C|T,22679_T|C,22686_C|T,22688_A|G,22775_G|A,22786_A|C,22813_G|T,22882_T|G,22895_G|C,22896_T|C,22898_G|A,22927_G|T,22928_T|C,22942_T|G,22992_G|A,22995_C|A,23013_A|C,23018_T|C,23019_T|C,23031_T|C,23055_A|G,23063_A|T,23075_T|C,23403_A|G,23525_C|T,23599_T|G,23604_C|A,23673_C|T,23854_C|A,24424_A|T,24469_T|A,25000_C|T,25416_C|T,25584_C|T,25690_G|A,25916_C|A,25947_G|C,26060_C|T,26270_C|T,26275_A|G,26577_C|G,26709_G|A,26858_C|T,27259_A|C,27382_G|C,27383_A|T,27384_T|C,27741_C|T,27807_C|T,27915_G|T,28271_A|T,28297_T|C,28311_C|T,28657_C|T,28881_G|A,28882_G|A,28883_G|C,29510_A|C,11288_11296,21633_21641,21992_21994,28362_28370,29734_29759
USA/MIS-L373410588/2024	XCH	405_A|G,670_T|G,1124_A|G,1973_C|T,2163_A|C,2790_C|T,3037_C|T,4184_G|A,4321_C|T,7564_C|T,8737_T|C,9344_C|T,9424_A|G,9534_C|T,9866_C|T,10029_C|T,10198_C|T,10447_G|A,10449_C|A,12467_G|T,12880_C|T,14408_C|T,15451_G|A,15714_C|T,15738_C|T,15939_T|C,16342_T|C,16856_A|G,16923_A|C,17124_T|C,17410_C|T,17859_T|C,18163_A|G,19326_A|G,19955_C|T,20055_A|G,21618_C|T,21810_T|C,21987_G|A,22000_C|A,22109_C|G,22200_T|A,22317_G|T,22577_G|C,22578_G|A,22599_G|C,22624_C|T,22664_C|A,22674_C|T,22679_T|C,22686_C|T,22688_A|G,22775_G|A,22786_A|C,22813_G|T,22882_T|G,22895_G|C,22896_T|C,22898_G|A,22927_G|T,22928_T|C,22942_T|G,22992_G|A,22995_C|A,23013_A|C,23018_T|C,23019_T|C,23031_T|C,23055_A|G,23063_A|T,23075_T|C,23403_A|G,23525_C|T,23599_T|G,23604_C|A,23673_C|T,23854_C|A,23896_C|T,23948_G|T,24424_A|T,24469_T|A,25000_C|T,25006_C|T,25146_A|G,25416_C|T,25584_C|T,25614_C|T,25916_C|A,25947_G|C,26060_C|T,26270_C|T,26275_A|G,26577_C|G,26709_G|A,26858_C|T,27259_A|C,27382_G|C,27383_A|T,27384_T|C,27741_C|T,27807_C|T,27915_G|T,28271_A|T,28289_C|A,28297_T|C,28311_C|T,28657_C|T,28881_G|A,28882_G|A,28883_G|C,29510_A|C,11288_11296,21633_21641,21992_21994,28362_28370
USA/MN-CDC-VSX-A07957/2023	XCH	44_C|T,241_C|T,405_A|G,670_T|G,1124_A|G,1342_C|T,1973_C|T,2163_A|C,2790_C|T,3037_C|T,4184_G|A,4321_C|T,5301_C|T,6627_C|T,7564_C|T,8737_T|C,9344_C|T,9424_A|G,9534_C|T,9866_C|T,10029_C|T,10198_C|T,10447_G|A,10449_C|A,12467_G|T,12880_C|T,14408_C|T,15451_G|A,15714_C|T,15738_C|T,15939_T|C,16342_T|C,16856_A|G,17124_T|C,17410_C|T,17859_T|C,18163_A|G,19326_A|G,19955_C|T,20055_A|G,21618_C|T,21810_T|C,21987_G|A,22000_C|A,22109_C|G,22200_T|A,22317_G|T,22577_G|C,22578_G|A,22599_G|C,22624_C|T,22664_C|A,22674_C|T,22679_T|C,22686_C|T,22688_A|G,22775_G|A,22786_A|C,22813_G|T,22882_T|G,22895_G|C,22896_T|C,22898_G|A,22927_G|T,22928_T|C,22942_T|G,22992_G|A,22995_C|A,23013_A|C,23018_T|C,23019_T|C,23031_T|C,23055_A|G,23063_A|T,23075_T|C,23403_A|G,23525_C|T,23599_T|G,23604_C|A,23673_C|T,23854_C|A,23948_G|T,24424_A|T,24469_T|A,25000_C|T,25416_C|T,25584_C|T,25690_G|A,25916_C|A,25947_G|C,26060_C|T,26270_C|T,26275_A|G,26577_C|G,26709_G|A,26858_C|T,27259_A|C,27382_G|C,27383_A|T,27384_T|C,27741_C|T,27807_C|T,27915_G|T,28271_A|T,28297_T|C,28311_C|T,28657_C|T,28881_G|A,28882_G|A,28883_G|C,29510_A|C,11288_11296,21633_21641,21992_21994,28362_28370,29734_29759
USA/MN-CDC-VSX-A09791/2023	XCH	44_C|T,241_C|T,405_A|G,670_T|G,1124_A|G,1342_C|T,1887_C|T,1973_C|T,2163_A|C,2790_C|T,3037_C|T,4184_G|A,4321_C|T,5301_C|T,7564_C|T,8737_T|C,9344_C|T,9424_A|G,9534_C|T,9866_C|T,10029_C|T,10198_C|T,10447_G|A,10449_C|A,12467_G|T,12880_C|T,14408_C|T,15451_G|A,15714_C|T,15738_C|T,15939_T|C,16342_T|C,16856_A|G,17124_T|C,17410_C|T,17859_T|C,18163_A|G,19326_A|G,19386_C|T,19955_C|T,20055_A|G,21618_C|T,21810_T|C,21987_G|A,22000_C|A,22109_C|G,22200_T|A,22317_G|T,22577_G|C,22578_G|A,22599_G|C,22624_C|T,22664_C|A,22674_C|T,22679_T|C,22686_C|T,22688_A|G,22775_G|A,22786_A|C,22813_G|T,22882_T|G,22895_G|C,22896_T|C,22898_G|A,22927_G|T,22928_T|C,22942_T|G,22992_G|A,22995_C|A,23013_A|C,23018_T|C,23019_T|C,23031_T|C,23055_A|G,23063_A|T,23075_T|C,23403_A|G,23525_C|T,23599_T|G,23604_C|A,23673_C|T,23854_C|A,23948_G|T,24424_A|T,24469_T|A,25000_C|T,25416_C|T,25584_C|T,25690_G|A,25916_C|A,25947_G|C,26060_C|T,26270_C|T,26275_A|G,26577_C|G,26709_G|A,26858_C|T,27259_A|C,27382_G|C,27383_A|T,27384_T|C,27741_C|T,27807_C|T,27915_G|T,28271_A|T,28297_T|C,28311_C|T,28657_C|T,28881_G|A,28882_G|A,28883_G|C,29510_A|C,11288_11296,21633_21641,21992_21994,28362_28370,29734_29759
USA/MN-CDC-VSX-A09844/2023	XCH	44_C|T,241_C|T,405_A|G,670_T|G,1124_A|G,1342_C|T,1887_C|T,1973_C|T,2163_A|C,2790_C|T,3037_C|T,4184_G|A,4321_C|T,5301_C|T,7564_C|T,8737_T|C,9344_C|T,9424_A|G,9534_C|T,9866_C|T,10029_C|T,10198_C|T,10447_G|A,10449_C|A,12467_G|T,12880_C|T,14408_C|T,15451_G|A,15714_C|T,15738_C|T,15939_T|C,16342_T|C,16856_A|G,17124_T|C,17410_C|T,17859_T|C,18163_A|G,19326_A|G,19955_C|T,20055_A|G,21618_C|T,21810_T|C,21987_G|A,22000_C|A,22109_C|G,22200_T|A,22317_G|T,22577_G|C,22578_G|A,22599_G|C,22624_C|T,22664_C|A,22674_C|T,22679_T|C,22686_C|T,22688_A|G,22775_G|A,22786_A|C,22813_G|T,22882_T|G,22895_G|C,22896_T|C,22898_G|A,22927_G|T,22928_T|C,22942_T|G,22992_G|A,22995_C|A,23013_A|C,23018_T|C,23019_T|C,23031_T|C,23055_A|G,23063_A|T,23075_T|C,23403_A|G,23525_C|T,23599_T|G,23604_C|A,23673_C|T,23854_C|A,23948_G|T,24424_A|T,24469_T|A,25000_C|T,25416_C|T,25584_C|T,25690_G|A,25916_C|A,25947_G|C,26060_C|T,26270_C|T,26275_A|G,26577_C|G,26709_G|A,26858_C|T,27259_A|C,27382_G|C,27383_A|T,27384_T|C,27741_C|T,27807_C|T,27915_G|T,28271_A|T,28297_T|C,28311_C|T,28657_C|T,28881_G|A,28882_G|A,28883_G|C,29510_A|C,11288_11296,21633_21641,21992_21994,28362_28370,29734_29759
USA/MN-CDC-VSX-A17913/2023	XCH	44_C|T,241_C|T,405_A|G,670_T|G,813_C|T,1124_A|G,1973_C|T,2163_A|C,2790_C|T,3037_C|T,4184_G|A,4321_C|T,7564_C|T,8737_T|C,9344_C|T,9424_A|G,9534_C|T,9866_C|T,9952_T|C,10029_C|T,10198_C|T,10447_G|A,10449_C|A,12467_G|T,12781_C|T,12880_C|T,14313_T|C,14408_C|T,15253_G|A,15451_G|A,15714_C|T,15738_C|T,15939_T|C,16342_T|C,16856_A|G,17124_T|C,17410_C|T,17859_T|C,18163_A|G,19326_A|G,19955_C|T,20055_A|G,21618_C|T,21810_T|C,21987_G|A,22000_C|A,22109_C|G,22200_T|A,22317_G|T,22577_G|C,22578_G|A,22599_G|C,22624_C|T,22664_C|A,22674_C|T,22679_T|C,22686_C|T,22688_A|G,22775_G|A,22786_A|C,22813_G|T,22882_T|G,22895_G|C,22896_T|C,22898_G|A,22927_G|T,22928_T|C,22942_T|G,22992_G|A,22995_C|A,23013_A|C,23018_T|C,23019_T|C,23031_T|C,23055_A|G,23063_A|T,23075_T|C,23403_A|G,23525_C|T,23599_T|G,23604_C|A,23673_C|T,23854_C|A,23948_G|T,24424_A|T,24469_T|A,25000_C|T,25416_C|T,25546_C|T,25584_C|T,25947_G|C,26022_C|T,26060_C|T,26270_C|T,26275_A|G,26577_C|G,26709_G|A,26858_C|T,26907_C|T,27259_A|C,27382_G|C,27383_A|T,27384_T|C,27513_C|T,27720_T|C,27741_C|T,27807_C|T,27915_G|T,28195_G|A,28271_A|T,28297_T|C,28311_C|T,28657_C|T,28881_G|A,28882_G|A,28883_G|C,29510_A|C,29769_C|T,510_518,11288_11296,21633_21641,21992_21994,28362_28370,29734_29759
USA/MN-MDH-37227/2023	XCH	241_C|T,405_A|G,670_T|G,1124_A|G,1342_C|T,1887_C|T,1973_C|T,2163_A|C,2790_C|T,3037_C|T,4184_G|A,4321_C|T,5301_C|T,7564_C|T,8737_T|C,9344_C|T,9424_A|G,9534_C|T,9866_C|T,10029_C|T,10198_C|T,10447_G|A,10449_C|A,12467_G|T,12880_C|T,14408_C|T,15451_G|A,15714_C|T,15738_C|T,15939_T|C,16342_T|C,16856_A|G,17124_T|C,17410_C|T,17859_T|C,18163_A|G,19326_A|G,19955_C|T,20055_A|G,21618_C|T,21810_T|C,21987_G|A,22000_C|A,22109_C|G,22200_T|A,22317_G|T,22577_G|C,22578_G|A,22599_G|C,22624_C|T,22664_C|A,22674_C|T,22679_T|C,22686_C|T,22688_A|G,22775_G|A,22786_A|C,22813_G|T,22882_T|G,22895_G|C,22896_T|C,22898_G|A,22927_G|T,22928_T|C,22942_T|G,22992_G|A,22995_C|A,23013_A|C,23018_T|C,23019_T|C,23031_T|C,23055_A|G,23063_A|T,23075_T|C,23403_A|G,23525_C|T,23599_T|G,23604_C|A,23673_C|T,23854_C|A,23948_G|T,24424_A|T,24469_T|A,25000_C|T,25416_C|T,25584_C|T,25690_G|A,25916_C|A,25947_G|C,26060_C|T,26270_C|T,26275_A|G,26577_C|G,26709_G|A,26858_C|T,27259_A|C,27382_G|C,27383_A|T,27384_T|C,27741_C|T,27807_C|T,27915_G|T,28271_A|T,28297_T|C,28311_C|T,28657_C|T,28881_G|A,28882_G|A,28883_G|C,29510_A|C,11288_11296,21633_21641,21992_21994,28362_28370,29734_29759
USA/MO-CDC-5091950-001/2023	XCH	44_C|T,241_C|T,405_A|G,670_T|G,1124_A|G,1973_C|T,2163_A|C,2790_C|T,3037_C|T,4184_G|A,4321_C|T,7564_C|T,8737_T|C,9344_C|T,9424_A|G,9534_C|T,9866_C|T,10029_C|T,10198_C|T,10447_G|A,10449_C|A,12467_G|T,12880_C|T,14408_C|T,15451_G|A,15714_C|T,15738_C|T,15939_T|C,16342_T|C,16856_A|G,17124_T|C,17410_C|T,17859_T|C,18163_A|G,19326_A|G,19955_C|T,20055_A|G,21618_C|T,21810_T|C,21987_G|A,22000_C|A,22109_C|G,22200_T|A,22317_G|T,22577_G|C,22578_G|A,22599_G|C,22624_C|T,22664_C|A,22674_C|T,22679_T|C,22686_C|T,22688_A|G,22775_G|A,22786_A|C,22813_G|T,22882_T|G,22895_G|C,22896_T|C,22898_G|A,22927_G|T,22928_T|C,22942_T|G,22992_G|A,22995_C|A,23013_A|C,23018_T|C,23019_T|C,23031_T|C,23055_A|G,23063_A|T,23075_T|C,23403_A|G,23525_C|T,23599_T|G,23604_C|A,23673_C|T,23854_C|A,23948_G|T,24424_A|T,24469_T|A,25000_C|T,25416_C|T,25584_C|T,25916_C|A,25947_G|C,26060_C|T,26270_C|T,26275_A|G,26577_C|G,26709_G|A,26858_C|T,27259_A|C,27382_G|C,27383_A|T,27384_T|C,27741_C|T,27807_C|T,27915_G|T,28271_A|T,28297_T|C,28311_C|T,28657_C|T,28881_G|A,28882_G|A,28883_G|C,29510_A|C,11288_11296,21633_21641,21992_21994,28362_28370,29734_29759
USA/MO-CDC-LC1077730/2023	XCH	241_C|T,405_A|G,670_T|G,1124_A|G,1599_G|T,1973_C|T,2163_A|C,2790_C|T,3037_C|T,4184_G|A,4321_C|T,7435_T|C,7564_C|T,8737_T|C,9344_C|T,9424_A|G,9534_C|T,9866_C|T,9952_T|C,10029_C|T,10198_C|T,10447_G|A,10449_C|A,12022_T|C,12467_G|T,12880_C|T,14408_C|T,15451_G|A,15714_C|T,15738_C|T,15939_T|C,16342_T|C,16856_A|G,17124_T|C,17410_C|T,17859_T|C,18163_A|G,18405_A|T,18936_T|C,19326_A|G,19955_C|T,20055_A|G,21618_C|T,21810_T|C,21987_G|A,22000_C|A,22109_C|G,22200_T|A,22317_G|T,22577_G|C,22578_G|A,22599_G|C,22624_C|T,22664_C|A,22674_C|T,22679_T|C,22686_C|T,22688_A|G,22775_G|A,22786_A|C,22813_G|T,22882_T|G,22895_G|C,22896_T|C,22898_G|A,22927_G|T,22928_T|C,22942_T|G,22992_G|A,22995_C|G,23013_A|C,23018_T|C,23019_T|C,23031_T|C,23055_A|G,23063_A|T,23075_T|C,23403_A|G,23525_C|T,23599_T|G,23604_C|A,23673_C|T,23854_C|A,23948_G|T,24424_A|T,24469_T|A,25000_C|T,25416_C|T,25584_C|T,25947_G|C,26060_C|T,26270_C|T,26275_A|G,26577_C|G,26709_G|A,26858_C|T,26907_C|T,27259_A|C,27382_G|C,27383_A|T,27384_T|C,27741_C|T,27807_C|T,27915_G|T,28271_A|T,28297_T|C,28311_C|T,28657_C|T,28881_G|A,28882_G|A,28883_G|C,29072_G|T,29348_G|T,29510_A|C,11288_11296,21633_21641,21992_21994,28362_28370,29734_29759
USA/MS-MSPHL-0775/2023	XCH	241_C|T,405_A|G,670_T|G,1124_A|G,1973_C|T,2163_A|C,2790_C|T,3037_C|T,3218_C|A,4080_G|A,4184_G|A,4321_C|T,7564_C|T,8737_T|C,9344_C|T,9424_A|G,9534_C|T,9866_C|T,10029_C|T,10198_C|T,10447_G|A,10449_C|A,12467_G|T,12880_C|T,14408_C|T,15451_G|A,15714_C|T,15738_C|T,15939_T|C,16342_T|C,16856_A|G,17124_T|C,17410_C|T,17859_T|C,18163_A|G,19326_A|G,19955_C|T,20055_A|G,21618_C|T,21810_T|C,21987_G|A,22000_C|A,22109_C|G,22200_T|A,22317_G|T,22577_G|C,22578_G|A,22599_G|C,22624_C|T,22664_C|A,22674_C|T,22679_T|C,22686_C|T,22688_A|G,22775_G|A,22786_A|C,22882_T|G,22895_G|C,22896_T|C,22898_G|A,22927_G|T,22928_T|C,22942_T|G,22992_G|A,22995_C|A,23013_A|C,23018_T|C,23019_T|C,23031_T|C,23055_A|G,23063_A|T,23075_T|C,23403_A|G,23525_C|T,23599_T|G,23604_C|A,23673_C|T,23854_C|A,23948_G|T,24424_A|T,24469_T|A,25416_C|T,25584_C|T,25916_C|A,25947_G|C,26060_C|T,26270_C|T,26275_A|G,26577_C|G,26709_G|A,26858_C|T,27259_A|C,27382_G|C,27383_A|T,27384_T|C,27741_C|T,27807_C|T,27915_G|T,28271_A|T,28297_T|C,28311_C|T,28657_C|T,28881_G|A,28882_G|A,28883_G|C,29510_A|C,11288_11296,21633_21641,21992_21994,28362_28370
USA/MS-MSPHL-0821/2023	XCH	241_C|T,405_A|G,670_T|G,1124_A|G,1973_C|T,2163_A|C,2790_C|T,3037_C|T,3218_C|A,4184_G|A,4321_C|T,7564_C|T,8737_T|C,9344_C|T,9424_A|G,9534_C|T,9866_C|T,10029_C|T,10198_C|T,10447_G|A,10449_C|A,12467_G|T,12880_C|T,14408_C|T,15451_G|A,15714_C|T,15738_C|T,15939_T|C,16342_T|C,16856_A|G,17124_T|C,17410_C|T,17859_T|C,18163_A|G,19326_A|G,19955_C|T,20055_A|G,21618_C|T,21810_T|C,21987_G|A,22000_C|A,22109_C|G,22200_T|A,22317_G|T,22577_G|C,22578_G|A,22599_G|C,22624_C|T,22664_C|A,22674_C|T,22679_T|C,22686_C|T,22688_A|G,22775_G|A,22786_A|C,22882_T|G,22895_G|C,22896_T|C,22898_G|A,22927_G|T,22928_T|C,22942_T|G,22992_G|A,22995_C|A,23013_A|C,23018_T|C,23019_T|C,23031_T|C,23055_A|G,23063_A|T,23075_T|C,23403_A|G,23525_C|T,23599_T|G,23604_C|A,23673_C|T,23854_C|A,23948_G|T,24424_A|T,24469_T|A,25000_C|T,25416_C|T,25584_C|T,25916_C|A,25947_G|C,26060_C|T,26270_C|T,26275_A|G,26577_C|G,26709_G|A,26858_C|T,27259_A|C,27382_G|C,27383_A|T,27384_T|C,27741_C|T,27807_C|T,27915_G|T,28271_A|T,28297_T|C,28311_C|T,28657_C|T,28881_G|A,28882_G|A,28883_G|C,29510_A|C,11288_11296,21633_21641,21992_21994,28362_28370
USA/NJ-CDC-QDX85066859/2023	XCH	241_C|T,405_A|G,670_T|G,763_C|T,1124_A|G,1973_C|T,2163_A|C,2790_C|T,3037_C|T,4184_G|A,4321_C|T,7564_C|T,8737_T|C,9344_C|T,9424_A|G,9534_C|T,9866_C|T,10029_C|T,10198_C|T,10447_G|A,10449_C|A,12467_G|T,12880_C|T,14408_C|T,15451_G|A,15714_C|T,15738_C|T,15939_T|C,16342_T|C,16856_A|G,16923_A|C,17124_T|C,17410_C|T,17859_T|C,18163_A|G,19326_A|G,19955_C|T,20055_A|G,21618_C|T,21810_T|C,21987_G|A,22000_C|A,22109_C|G,22200_T|A,22317_G|T,22577_G|C,22578_G|A,22599_G|C,22624_C|T,22664_C|A,22674_C|T,22679_T|C,22686_C|T,22688_A|G,22775_G|A,22786_A|C,22813_G|T,22882_T|G,22895_G|C,22896_T|C,22898_G|A,22927_G|T,22928_T|C,22942_T|G,22992_G|A,22995_C|A,23013_A|C,23018_T|C,23019_T|C,23031_T|C,23055_A|G,23063_A|T,23075_T|C,23403_A|G,23525_C|T,23599_T|G,23604_C|A,23673_C|T,23854_C|A,23948_G|T,24424_A|T,24469_T|A,25000_C|T,25416_C|T,25584_C|T,25916_C|A,25947_G|C,26060_C|T,26270_C|T,26275_A|G,26577_C|G,26709_G|A,26858_C|T,27259_A|C,27382_G|C,27383_A|T,27384_T|C,27741_C|T,27807_C|T,27915_G|T,28271_A|T,28289_C|A,28297_T|C,28311_C|T,28657_C|T,28881_G|A,28882_G|A,28883_G|C,29510_A|C,11288_11296,21633_21641,21992_21994,28362_28370,29734_29759
USA/NMDOH-2023049582/2023	XCH	241_C|T,405_A|G,670_T|G,1124_A|G,1973_C|T,2163_A|C,2790_C|T,3037_C|T,4184_G|A,4321_C|T,5029_G|T,7564_C|T,8737_T|C,8982_C|A,9344_C|T,9424_A|G,9534_C|T,9866_C|T,10029_C|T,10198_C|T,10447_G|A,10449_C|A,10465_G|A,11083_G|T,12467_G|T,12880_C|T,14120_C|T,14408_C|T,15451_G|A,15714_C|T,15738_C|T,15939_T|C,16111_C|T,16342_T|C,16856_A|G,16923_A|C,17124_T|C,17410_C|T,17859_T|C,18163_A|G,19326_A|G,19955_C|T,20055_A|G,21618_C|T,21810_T|C,21987_G|A,22000_C|A,22109_C|G,22200_T|A,22317_G|T,22577_G|C,22578_G|A,22599_G|C,22624_C|T,22664_C|A,22674_C|T,22679_T|C,22686_C|T,22688_A|G,22775_G|A,22786_A|C,22813_G|T,22882_T|G,22895_G|C,22896_T|C,22898_G|A,22927_G|T,22928_T|C,22942_T|G,22992_G|A,22995_C|A,23013_A|C,23018_T|C,23019_T|C,23031_T|C,23055_A|G,23063_A|T,23075_T|C,23403_A|G,23525_C|T,23599_T|G,23604_C|A,23673_C|T,23854_C|A,23948_G|T,24163_T|C,24424_A|T,24469_T|A,25000_C|T,25416_C|T,25584_C|T,25916_C|A,25947_G|C,26060_C|T,26270_C|T,26275_A|G,26577_C|G,26709_G|A,26858_C|T,27259_A|C,27382_G|C,27383_A|T,27384_T|C,27741_C|T,27807_C|T,27915_G|T,28271_A|T,28289_C|A,28297_T|C,28311_C|T,28657_C|T,28881_G|A,28882_G|A,28883_G|C,29510_A|C,29666_C|A,11288_11296,21633_21641,21992_21994,28362_28370,29734_29759
USA/NV-CDC-LC1064359/2023	XCH	44_C|T,241_C|T,405_A|G,670_T|G,1124_A|G,1342_C|T,1973_C|T,2163_A|C,2790_C|T,3037_C|T,4184_G|A,4321_C|T,5301_C|T,7564_C|T,8737_T|C,9344_C|T,9424_A|G,9534_C|T,9866_C|T,10029_C|T,10198_C|T,10447_G|A,10449_C|A,12467_G|T,12880_C|T,14408_C|T,15451_G|A,15714_C|T,15738_C|T,15939_T|C,16342_T|C,16856_A|G,17124_T|C,17410_C|T,17859_T|C,18163_A|G,19326_A|G,19955_C|T,20055_A|G,20578_G|T,21618_C|T,21810_T|C,21987_G|A,22000_C|A,22109_C|G,22200_T|A,22317_G|T,22577_G|C,22578_G|A,22599_G|C,22624_C|T,22664_C|A,22674_C|T,22679_T|C,22686_C|T,22688_A|G,22775_G|A,22786_A|C,22813_G|T,22882_T|G,22895_G|C,22896_T|C,22898_G|A,22927_G|T,22928_T|C,22942_T|G,22992_G|A,22995_C|A,23013_A|C,23018_T|C,23019_T|C,23031_T|C,23055_A|G,23063_A|T,23075_T|C,23403_A|G,23525_C|T,23599_T|G,23604_C|A,23673_C|T,23854_C|A,23948_G|T,24424_A|T,24469_T|A,25000_C|T,25416_C|T,25584_C|T,25690_G|A,25916_C|A,25947_G|C,26060_C|T,26270_C|T,26275_A|G,26577_C|G,26709_G|A,26858_C|T,27259_A|C,27382_G|C,27383_A|T,27384_T|C,27741_C|T,27807_C|T,27915_G|T,28271_A|T,28297_T|C,28311_C|T,28657_C|T,28881_G|A,28882_G|A,28883_G|C,29420_C|T,29510_A|C,11288_11296,21633_21641,21992_21994,28362_28370,29734_29759
USA/NV-CDC-QDX86408400/2023	XCH	241_C|T,405_A|G,670_T|G,1124_A|G,1973_C|T,2163_A|C,2790_C|T,3037_C|T,4184_G|A,4321_C|T,5192_C|T,7564_C|T,8737_T|C,9344_C|T,9424_A|G,9534_C|T,9866_C|T,10029_C|T,10198_C|T,10447_G|A,10449_C|A,12467_G|T,12880_C|T,14408_C|T,15451_G|A,15714_C|T,15738_C|T,15939_T|C,16342_T|C,16856_A|G,16923_A|C,17124_T|C,17410_C|T,17859_T|C,18163_A|G,19164_C|T,19326_A|G,19955_C|T,20055_A|G,21618_C|T,21810_T|C,21987_G|A,22000_C|A,22109_C|G,22200_T|A,22317_G|T,22577_G|C,22578_G|A,22599_G|C,22624_C|T,22664_C|A,22674_C|T,22679_T|C,22686_C|T,22688_A|G,22775_G|A,22786_A|C,22813_G|T,22882_T|G,22895_G|C,22896_T|C,22898_G|A,22927_G|T,22928_T|C,22942_T|G,22992_G|A,22995_C|A,23013_A|C,23018_T|C,23019_T|C,23031_T|C,23055_A|G,23063_A|T,23075_T|C,23403_A|G,23525_C|T,23599_T|G,23604_C|A,23673_C|T,23854_C|A,23948_G|T,24424_A|T,24469_T|A,25000_C|T,25416_C|T,25530_T|C,25584_C|T,25665_C|T,25916_C|A,25947_G|C,26060_C|T,26270_C|T,26275_A|G,26577_C|G,26709_G|A,26822_C|T,26858_C|T,27259_A|C,27382_G|C,27383_A|T,27384_T|C,27741_C|T,27807_C|T,27915_G|T,28271_A|T,28297_T|C,28311_C|T,28657_C|T,28881_G|A,28882_G|A,28883_G|C,29510_A|C,11288_11296,21633_21641,21992_21994,28362_28370,29734_29759
USA/NY-CDC-LC1068793/2023	XCH	241_C|T,405_A|G,670_T|G,1124_A|G,1973_C|T,2163_A|C,2790_C|T,3037_C|T,4184_G|A,4321_C|T,5812_C|T,7564_C|T,8737_T|C,9344_C|T,9424_A|G,9534_C|T,9866_C|T,10029_C|T,10198_C|T,10447_G|A,10449_C|A,12467_G|T,12880_C|T,14408_C|T,15451_G|A,15714_C|T,15738_C|T,15939_T|C,16342_T|C,16856_A|G,16923_A|C,17124_T|C,17410_C|T,17859_T|C,18163_A|G,19326_A|G,19955_C|T,20055_A|G,21618_C|T,21810_T|C,21987_G|A,22000_C|A,22109_C|G,22200_T|A,22317_G|T,22577_G|C,22578_G|A,22599_G|C,22624_C|T,22664_C|A,22674_C|T,22679_T|C,22686_C|T,22688_A|G,22775_G|A,22786_A|C,22813_G|T,22882_T|G,22895_G|C,22896_T|C,22898_G|A,22927_G|T,22928_T|C,22942_T|G,22992_G|A,22995_C|A,23013_A|C,23018_T|C,23019_T|C,23031_T|C,23055_A|G,23063_A|T,23075_T|C,23403_A|G,23525_C|T,23599_T|G,23604_C|A,23673_C|T,23854_C|A,23948_G|T,24424_A|T,24469_T|A,25000_C|T,25416_C|T,25584_C|T,25916_C|A,25947_G|C,26060_C|T,26270_C|T,26275_A|G,26577_C|G,26709_G|A,26858_C|T,27259_A|C,27382_G|C,27383_A|T,27384_T|C,27741_C|T,27807_C|T,27915_G|T,28271_A|T,28289_C|A,28297_T|C,28311_C|T,28657_C|T,28881_G|A,28882_G|A,28883_G|C,29510_A|C,11288_11296,21633_21641,21992_21994,28362_28370,29734_29759
USA/NY-CDC-LC1073428/2023	XCH	44_C|T,241_C|T,361_A|G,405_A|G,670_T|G,1124_A|G,1943_C|T,1973_C|T,2163_A|C,2790_C|T,3037_C|T,4184_G|A,4321_C|T,7564_C|T,8737_T|C,9344_C|T,9424_A|G,9534_C|T,9866_C|T,10029_C|T,10198_C|T,10447_G|A,10449_C|A,12467_G|T,12880_C|T,14408_C|T,15451_G|A,15714_C|T,15738_C|T,15786_T|C,15939_T|C,16342_T|C,16856_A|G,16923_A|C,17106_T|C,17124_T|C,17410_C|T,17859_T|C,18163_A|G,19326_A|G,19955_C|T,20055_A|G,21618_C|T,21810_T|C,21987_G|A,22000_C|A,22109_C|G,22200_T|A,22317_G|T,22577_G|C,22578_G|A,22599_G|C,22624_C|T,22664_C|A,22674_C|T,22679_T|C,22686_C|T,22688_A|G,22775_G|A,22786_A|C,22813_G|T,22882_T|G,22895_G|C,22896_T|C,22898_G|A,22927_G|T,22928_T|C,22942_T|G,22992_G|A,22995_C|A,23013_A|C,23018_T|C,23019_T|C,23031_T|C,23055_A|G,23063_A|T,23075_T|C,23403_A|G,23525_C|T,23599_T|G,23604_C|A,23673_C|T,23854_C|A,23948_G|T,24424_A|T,24469_T|A,25000_C|T,25046_C|T,25416_C|T,25584_C|T,25916_C|A,25947_G|C,26060_C|T,26270_C|T,26275_A|G,26577_C|G,26709_G|A,26858_C|T,27259_A|C,27382_G|C,27383_A|T,27384_T|C,27741_C|T,27807_C|T,27915_G|T,28271_A|T,28289_C|A,28297_T|C,28311_C|T,28657_C|T,28881_G|A,28882_G|A,28883_G|C,29510_A|C,11288_11296,21633_21641,21992_21994,28362_28370,29734_29759
USA/NY-CDC-LC1075767/2023	XCH	241_C|T,361_A|G,405_A|G,670_T|G,1124_A|G,1973_C|T,2163_A|C,2790_C|T,3037_C|T,4184_G|A,4321_C|T,5742_A|G,6762_C|T,7564_C|T,8737_T|C,9344_C|T,9424_A|G,9534_C|T,9866_C|T,10029_C|T,10198_C|T,10447_G|A,10449_C|A,12467_G|T,12880_C|T,14408_C|T,15451_G|A,15714_C|T,15738_C|T,15786_T|C,15852_C|T,15939_T|C,16342_T|C,16856_A|G,16923_A|C,17124_T|C,17410_C|T,17859_T|C,18163_A|G,19326_A|G,19955_C|T,20055_A|G,21618_C|T,21810_T|C,21987_G|A,22000_C|A,22109_C|G,22200_T|A,22317_G|T,22577_G|C,22578_G|A,22599_G|C,22624_C|T,22664_C|A,22674_C|T,22679_T|C,22686_C|T,22688_A|G,22775_G|A,22786_A|C,22813_G|T,22882_T|G,22895_G|C,22896_T|C,22898_G|A,22927_G|T,22928_T|C,22942_T|G,22992_G|A,22995_C|A,23013_A|C,23018_T|C,23019_T|C,23031_T|C,23055_A|G,23063_A|T,23075_T|C,23403_A|G,23525_C|T,23599_T|G,23604_C|A,23673_C|T,23854_C|A,23948_G|T,24424_A|T,24469_T|A,25000_C|T,25416_C|T,25478_T|C,25511_C|T,25584_C|T,25916_C|A,25947_G|C,26060_C|T,26270_C|T,26275_A|G,26577_C|G,26709_G|A,26858_C|T,27259_A|C,27382_G|C,27383_A|T,27384_T|C,27741_C|T,27806_G|T,27807_C|T,27915_G|T,28271_A|T,28289_C|A,28297_T|C,28311_C|T,28657_C|T,28881_G|A,28882_G|A,28883_G|C,29200_C|A,29510_A|C,11288_11296,21633_21641,21992_21994,28362_28370,29734_29759
USA/NY-CDC-QDX84783168/2023	XCH	241_C|T,405_A|G,670_T|G,1124_A|G,1973_C|T,2163_A|C,2790_C|T,3037_C|T,4184_G|A,4321_C|T,7564_C|T,8737_T|C,9344_C|T,9424_A|G,9534_C|T,9866_C|T,10029_C|T,10198_C|T,10447_G|A,10449_C|A,12467_G|T,12880_C|T,14408_C|T,15451_G|A,15714_C|T,15738_C|T,15939_T|C,16342_T|C,16856_A|G,16923_A|C,17124_T|C,17410_C|T,17859_T|C,18163_A|G,19326_A|G,19955_C|T,20055_A|G,21618_C|T,21810_T|C,21987_G|A,22000_C|A,22109_C|G,22200_T|A,22317_G|T,22577_G|C,22578_G|A,22599_G|C,22624_C|T,22664_C|A,22674_C|T,22679_T|C,22686_C|T,22688_A|G,22775_G|A,22786_A|C,22813_G|T,22882_T|G,22895_G|C,22896_T|C,22898_G|A,22927_G|T,22928_T|C,22942_T|G,22992_G|A,22995_C|A,23013_A|C,23018_T|C,23019_T|C,23031_T|C,23055_A|G,23063_A|T,23075_T|C,23403_A|G,23525_C|T,23599_T|G,23604_C|A,23673_C|T,23854_C|A,23948_G|T,24424_A|T,24469_T|A,25000_C|T,25416_C|T,25584_C|T,25916_C|A,25947_G|C,26060_C|T,26270_C|T,26275_A|G,26577_C|G,26709_G|A,26858_C|T,27259_A|C,27382_G|C,27383_A|T,27384_T|C,27741_C|T,27807_C|T,27915_G|T,28271_A|T,28289_C|A,28297_T|C,28311_C|T,28657_C|T,28881_G|A,28882_G|A,28883_G|C,29510_A|C,11288_11296,21633_21641,21992_21994,28362_28370,29734_29759
USA/NY-CDC-QDX84911001/2023	XCH	241_C|T,405_A|G,670_T|G,1124_A|G,1973_C|T,2163_A|C,2790_C|T,3037_C|T,4184_G|A,4321_C|T,7564_C|T,8737_T|C,9344_C|T,9424_A|G,9534_C|T,9866_C|T,10029_C|T,10198_C|T,10447_G|A,10449_C|A,12467_G|T,12880_C|T,14408_C|T,15451_G|A,15714_C|T,15738_C|T,15939_T|C,16342_T|C,16856_A|G,16923_A|C,17124_T|C,17410_C|T,17859_T|C,18163_A|G,19326_A|G,19955_C|T,20055_A|G,21618_C|T,21810_T|C,21987_G|A,22000_C|A,22109_C|G,22200_T|A,22317_G|T,22577_G|C,22578_G|A,22599_G|C,22624_C|T,22664_C|A,22674_C|T,22679_T|C,22686_C|T,22688_A|G,22775_G|A,22786_A|C,22813_G|T,22882_T|G,22895_G|C,22896_T|C,22898_G|A,22927_G|T,22928_T|C,22942_T|G,22992_G|A,22995_C|A,23013_A|C,23018_T|C,23019_T|C,23031_T|C,23055_A|G,23063_A|T,23075_T|C,23403_A|G,23525_C|T,23599_T|G,23604_C|A,23673_C|T,23854_C|A,23948_G|T,24424_A|T,24469_T|A,25000_C|T,25416_C|T,25584_C|T,25916_C|A,25947_G|C,26060_C|T,26270_C|T,26275_A|G,26577_C|G,26709_G|A,26858_C|T,27259_A|C,27382_G|C,27383_A|T,27384_T|C,27741_C|T,27807_C|T,27915_G|T,28271_A|T,28289_C|A,28297_T|C,28311_C|T,28657_C|T,28881_G|A,28882_G|A,28883_G|C,29510_A|C,11288_11296,21633_21641,21992_21994,28362_28370,29734_29759
USA/NY-CDC-QDX84911073/2023	XCH	241_C|T,405_A|G,670_T|G,1124_A|G,1973_C|T,2163_A|C,2790_C|T,3037_C|T,4184_G|A,4321_C|T,7564_C|T,8737_T|C,9344_C|T,9424_A|G,9534_C|T,9866_C|T,10029_C|T,10198_C|T,10447_G|A,10449_C|A,12467_G|T,12880_C|T,14408_C|T,15451_G|A,15714_C|T,15738_C|T,15939_T|C,16342_T|C,16856_A|G,16923_A|C,17124_T|C,17410_C|T,17859_T|C,18163_A|G,19326_A|G,19955_C|T,20055_A|G,21618_C|T,21810_T|C,21987_G|A,22000_C|A,22109_C|G,22200_T|A,22317_G|T,22577_G|C,22578_G|A,22599_G|C,22624_C|T,22664_C|A,22674_C|T,22679_T|C,22686_C|T,22688_A|G,22775_G|A,22786_A|C,22813_G|T,22882_T|G,22895_G|C,22896_T|C,22898_G|A,22927_G|T,22928_T|C,22942_T|G,22992_G|A,22995_C|A,23013_A|C,23018_T|C,23019_T|C,23031_T|C,23055_A|G,23063_A|T,23075_T|C,23403_A|G,23525_C|T,23599_T|G,23604_C|A,23673_C|T,23854_C|A,23948_G|T,24424_A|T,24469_T|A,25000_C|T,25416_C|T,25584_C|T,25916_C|A,25947_G|C,26060_C|T,26270_C|T,26275_A|G,26577_C|G,26709_G|A,26858_C|T,27259_A|C,27382_G|C,27383_A|T,27384_T|C,27741_C|T,27807_C|T,27915_G|T,28271_A|T,28289_C|A,28297_T|C,28311_C|T,28657_C|T,28872_G|A,28881_G|A,28882_G|A,28883_G|C,29510_A|C,11288_11296,21633_21641,21992_21994,28362_28370,29734_29759
USA/NY-CDC-QDX84911100/2023	XCH	241_C|T,405_A|G,670_T|G,1124_A|G,1973_C|T,2163_A|C,2790_C|T,3037_C|T,4184_G|A,4321_C|T,7564_C|T,8737_T|C,9344_C|T,9424_A|G,9534_C|T,9866_C|T,10029_C|T,10198_C|T,10447_G|A,10449_C|A,12467_G|T,12823_C|T,12880_C|T,14408_C|T,15451_G|A,15714_C|T,15738_C|T,15939_T|C,16342_T|C,16856_A|G,16923_A|C,17124_T|C,17410_C|T,17859_T|C,18163_A|G,19326_A|G,19955_C|T,20055_A|G,21618_C|T,21810_T|C,21987_G|A,22000_C|A,22109_C|G,22200_T|A,22317_G|T,22577_G|C,22578_G|A,22599_G|C,22624_C|T,22664_C|A,22674_C|T,22679_T|C,22686_C|T,22688_A|G,22775_G|A,22786_A|C,22813_G|T,22882_T|G,22895_G|C,22896_T|C,22898_G|A,22927_G|T,22928_T|C,22942_T|G,22992_G|A,22995_C|A,23013_A|C,23018_T|C,23019_T|C,23031_T|C,23055_A|G,23063_A|T,23075_T|C,23403_A|G,23525_C|T,23599_T|G,23604_C|A,23673_C|T,23854_C|A,23948_G|T,24424_A|T,24469_T|A,25000_C|T,25416_C|T,25584_C|T,25916_C|A,25947_G|C,26060_C|T,26270_C|T,26275_A|G,26577_C|G,26709_G|A,26858_C|T,27259_A|C,27382_G|C,27383_A|T,27384_T|C,27741_C|T,27807_C|T,27915_G|T,28271_A|T,28289_C|A,28297_T|C,28311_C|T,28657_C|T,28881_G|A,28882_G|A,28883_G|C,29510_A|C,11288_11296,21633_21641,21992_21994,28362_28370,29734_29759
USA/NY-CDC-QDX84971322/2023	XCH	241_C|T,405_A|G,670_T|G,1124_A|G,1973_C|T,2163_A|C,2790_C|T,3037_C|T,4184_G|A,4321_C|T,7564_C|T,8737_T|C,9344_C|T,9424_A|G,9534_C|T,9866_C|T,10029_C|T,10198_C|T,10447_G|A,10449_C|A,12467_G|T,12880_C|T,14408_C|T,15451_G|A,15714_C|T,15738_C|T,15939_T|C,16342_T|C,16856_A|G,16923_A|C,17124_T|C,17410_C|T,17859_T|C,18163_A|G,19326_A|G,19955_C|T,20055_A|G,21618_C|T,21810_T|C,21987_G|A,22000_C|A,22109_C|G,22200_T|A,22317_G|T,22577_G|C,22578_G|A,22599_G|C,22624_C|T,22664_C|A,22674_C|T,22679_T|C,22686_C|T,22688_A|G,22775_G|A,22786_A|C,22813_G|T,22882_T|G,22895_G|C,22896_T|C,22898_G|A,22927_G|T,22928_T|C,22942_T|G,22992_G|A,22995_C|A,23013_A|C,23018_T|C,23019_T|C,23031_T|C,23055_A|G,23063_A|T,23075_T|C,23403_A|G,23525_C|T,23599_T|G,23604_C|A,23673_C|T,23854_C|A,23948_G|T,24424_A|T,24469_T|A,25000_C|T,25416_C|T,25584_C|T,25916_C|A,25947_G|C,26060_C|T,26270_C|T,26275_A|G,26577_C|G,26709_G|A,26858_C|T,27259_A|C,27382_G|C,27383_A|T,27384_T|C,27741_C|T,27807_C|T,27915_G|T,28271_A|T,28289_C|A,28297_T|C,28311_C|T,28657_C|T,28881_G|A,28882_G|A,28883_G|C,29510_A|C,11288_11296,21633_21641,21992_21994,28362_28370,29734_29759
USA/NY-CDC-QDX84971327/2023	XCH	241_C|T,405_A|G,670_T|G,1124_A|G,1973_C|T,2163_A|C,2790_C|T,3037_C|T,4184_G|A,4321_C|T,7564_C|T,8737_T|C,9344_C|T,9424_A|G,9534_C|T,9866_C|T,10029_C|T,10198_C|T,10447_G|A,10449_C|A,12467_G|T,12823_C|T,12880_C|T,14408_C|T,15451_G|A,15714_C|T,15738_C|T,15939_T|C,16342_T|C,16856_A|G,16923_A|C,17124_T|C,17410_C|T,17859_T|C,18163_A|G,19326_A|G,19955_C|T,20055_A|G,21618_C|T,21810_T|C,21987_G|A,22000_C|A,22109_C|G,22200_T|A,22317_G|T,22577_G|C,22578_G|A,22599_G|C,22624_C|T,22664_C|A,22674_C|T,22679_T|C,22686_C|T,22688_A|G,22775_G|A,22786_A|C,22813_G|T,22882_T|G,22895_G|C,22896_T|C,22898_G|A,22927_G|T,22928_T|C,22942_T|G,22992_G|A,22995_C|A,23013_A|C,23018_T|C,23019_T|C,23031_T|C,23055_A|G,23063_A|T,23075_T|C,23403_A|G,23525_C|T,23599_T|G,23604_C|A,23673_C|T,23854_C|A,23948_G|T,24424_A|T,24469_T|A,25000_C|T,25416_C|T,25584_C|T,25916_C|A,25947_G|C,26060_C|T,26270_C|T,26275_A|G,26577_C|G,26709_G|A,26858_C|T,27259_A|C,27382_G|C,27383_A|T,27384_T|C,27741_C|T,27807_C|T,27915_G|T,28271_A|T,28289_C|A,28297_T|C,28311_C|T,28657_C|T,28881_G|A,28882_G|A,28883_G|C,29510_A|C,11288_11296,21633_21641,21992_21994,28362_28370,29734_29759
USA/NY-CDC-QDX84971328/2023	XCH	241_C|T,405_A|G,670_T|G,1124_A|G,1973_C|T,2163_A|C,2790_C|T,3037_C|T,4184_G|A,4321_C|T,7564_C|T,8737_T|C,9344_C|T,9424_A|G,9534_C|T,9866_C|T,10029_C|T,10198_C|T,10447_G|A,10449_C|A,12467_G|T,12880_C|T,13379_G|A,14120_C|T,14408_C|T,15451_G|A,15714_C|T,15738_C|T,15939_T|C,16342_T|C,16856_A|G,16923_A|C,17124_T|C,17410_C|T,17859_T|C,18163_A|G,19326_A|G,19955_C|T,20055_A|G,21618_C|T,21810_T|C,21987_G|A,22000_C|A,22109_C|G,22200_T|A,22317_G|T,22577_G|C,22578_G|A,22599_G|C,22624_C|T,22664_C|A,22674_C|T,22679_T|C,22686_C|T,22688_A|G,22775_G|A,22786_A|C,22813_G|T,22882_T|G,22895_G|C,22896_T|C,22898_G|A,22927_G|T,22928_T|C,22942_T|G,22992_G|A,22995_C|A,23013_A|C,23018_T|C,23019_T|C,23031_T|C,23055_A|G,23063_A|T,23075_T|C,23403_A|G,23525_C|T,23599_T|G,23604_C|A,23673_C|T,23854_C|A,23948_G|T,24424_A|T,24469_T|A,25000_C|T,25416_C|T,25584_C|T,25916_C|A,25947_G|C,26060_C|T,26270_C|T,26275_A|G,26577_C|G,26709_G|A,26858_C|T,27259_A|C,27382_G|C,27383_A|T,27384_T|C,27741_C|T,27807_C|T,27915_G|T,28271_A|T,28289_C|A,28297_T|C,28311_C|T,28657_C|T,28881_G|A,28882_G|A,28883_G|C,29510_A|C,11288_11296,21633_21641,21992_21994,28362_28370,29734_29759
USA/NY-CDC-QDX85012738/2023	XCH	241_C|T,405_A|G,670_T|G,1124_A|G,1973_C|T,2163_A|C,2790_C|T,3037_C|T,4184_G|A,4321_C|T,7564_C|T,8737_T|C,9344_C|T,9424_A|G,9534_C|T,9866_C|T,10029_C|T,10198_C|T,10447_G|A,10449_C|A,12467_G|T,12880_C|T,14408_C|T,15451_G|A,15714_C|T,15738_C|T,15939_T|C,16342_T|C,16856_A|G,16923_A|C,17124_T|C,17410_C|T,17859_T|C,18163_A|G,19326_A|G,19955_C|T,20055_A|G,21618_C|T,21810_T|C,21987_G|A,22000_C|A,22109_C|G,22200_T|A,22317_G|T,22577_G|C,22578_G|A,22599_G|C,22624_C|T,22664_C|A,22674_C|T,22679_T|C,22686_C|T,22688_A|G,22775_G|A,22786_A|C,22813_G|T,22882_T|G,22895_G|C,22896_T|C,22898_G|A,22927_G|T,22928_T|C,22942_T|G,22992_G|A,22995_C|A,23013_A|C,23018_T|C,23019_T|C,23031_T|C,23055_A|G,23063_A|T,23075_T|C,23403_A|G,23525_C|T,23599_T|G,23604_C|A,23673_C|T,23854_C|A,23948_G|T,24424_A|T,24469_T|A,25000_C|T,25416_C|T,25584_C|T,25916_C|A,25947_G|C,26060_C|T,26270_C|T,26275_A|G,26577_C|G,26709_G|A,26858_C|T,27259_A|C,27382_G|C,27383_A|T,27384_T|C,27741_C|T,27807_C|T,27915_G|T,28271_A|T,28289_C|A,28297_T|C,28311_C|T,28657_C|T,28881_G|A,28882_G|A,28883_G|C,29510_A|C,11288_11296,21633_21641,21992_21994,28362_28370,29734_29759
USA/NY-CDC-QDX85068500/2023	XCH	241_C|T,405_A|G,670_T|G,1124_A|G,1973_C|T,2163_A|C,2790_C|T,3037_C|T,4184_G|A,4321_C|T,7564_C|T,8737_T|C,9344_C|T,9424_A|G,9534_C|T,9866_C|T,10029_C|T,10198_C|T,10447_G|A,10449_C|A,12467_G|T,12880_C|T,14408_C|T,15451_G|A,15714_C|T,15738_C|T,15939_T|C,16342_T|C,16856_A|G,16923_A|C,17124_T|C,17410_C|T,17859_T|C,18163_A|G,19326_A|G,19955_C|T,20055_A|G,21618_C|T,21810_T|C,21987_G|A,22000_C|A,22109_C|G,22200_T|A,22317_G|T,22577_G|C,22578_G|A,22599_G|C,22624_C|T,22664_C|A,22674_C|T,22679_T|C,22686_C|T,22688_A|G,22775_G|A,22786_A|C,22813_G|T,22882_T|G,22895_G|C,22896_T|C,22898_G|A,22927_G|T,22928_T|C,22942_T|G,22992_G|A,22995_C|A,23013_A|C,23018_T|C,23019_T|C,23031_T|C,23055_A|G,23063_A|T,23075_T|C,23403_A|G,23525_C|T,23599_T|G,23604_C|A,23673_C|T,23854_C|A,23948_G|T,24424_A|T,24469_T|A,25000_C|T,25416_C|T,25584_C|T,25916_C|A,25947_G|C,26060_C|T,26270_C|T,26275_A|G,26577_C|G,26709_G|A,26858_C|T,27259_A|C,27382_G|C,27383_A|T,27384_T|C,27741_C|T,27807_C|T,27915_G|T,28271_A|T,28289_C|A,28297_T|C,28311_C|T,28657_C|T,28881_G|A,28882_G|A,28883_G|C,29407_A|C,29510_A|C,11288_11296,21633_21641,21992_21994,28362_28370,29734_29759
USA/NY-CDC-QDX85125248/2023	XCH	241_C|T,405_A|G,670_T|G,1124_A|G,1973_C|T,2163_A|C,2790_C|T,3037_C|T,4184_G|A,4321_C|T,7564_C|T,8737_T|C,9344_C|T,9424_A|G,9534_C|T,9866_C|T,10029_C|T,10198_C|T,10447_G|A,10449_C|A,12467_G|T,12880_C|T,14408_C|T,15451_G|A,15714_C|T,15738_C|T,15939_T|C,16342_T|C,16856_A|G,16923_A|C,17124_T|C,17410_C|T,17859_T|C,18163_A|G,19326_A|G,19955_C|T,20055_A|G,21618_C|T,21810_T|C,21987_G|A,22000_C|A,22109_C|G,22200_T|A,22317_G|T,22577_G|C,22578_G|A,22599_G|C,22624_C|T,22664_C|A,22674_C|T,22679_T|C,22686_C|T,22688_A|G,22775_G|A,22786_A|C,22813_G|T,22882_T|G,22895_G|C,22896_T|C,22898_G|A,22927_G|T,22928_T|C,22942_T|G,22992_G|A,22995_C|A,23013_A|C,23018_T|C,23019_T|C,23031_T|C,23055_A|G,23063_A|T,23075_T|C,23403_A|G,23525_C|T,23599_T|G,23604_C|A,23673_C|T,23854_C|A,23948_G|T,24424_A|T,24469_T|A,25000_C|T,25416_C|T,25584_C|T,25916_C|A,25947_G|C,26060_C|T,26270_C|T,26275_A|G,26577_C|G,26709_G|A,26858_C|T,27259_A|C,27382_G|C,27383_A|T,27384_T|C,27741_C|T,27807_C|T,27915_G|T,28271_A|T,28289_C|A,28297_T|C,28311_C|T,28657_C|T,28881_G|A,28882_G|A,28883_G|C,29510_A|C,11288_11296,21633_21641,21992_21994,28362_28370,29734_29759
USA/NY-CDC-QDX85192745/2023	XCH	241_C|T,405_A|G,670_T|G,1124_A|G,1973_C|T,2163_A|C,2790_C|T,3037_C|T,4184_G|A,4321_C|T,7564_C|T,8737_T|C,9344_C|T,9424_A|G,9534_C|T,9866_C|T,10029_C|T,10198_C|T,10447_G|A,10449_C|A,12467_G|T,12880_C|T,14408_C|T,15451_G|A,15714_C|T,15738_C|T,15939_T|C,16342_T|C,16856_A|G,16923_A|C,17124_T|C,17410_C|T,17859_T|C,18163_A|G,19326_A|G,19955_C|T,20055_A|G,21618_C|T,21810_T|C,21987_G|A,22000_C|A,22109_C|G,22200_T|A,22317_G|T,22577_G|C,22578_G|A,22599_G|C,22624_C|T,22664_C|A,22674_C|T,22679_T|C,22686_C|T,22688_A|G,22775_G|A,22786_A|C,22813_G|T,22882_T|G,22895_G|C,22896_T|C,22898_G|A,22927_G|T,22928_T|C,22942_T|G,22992_G|A,22995_C|A,23013_A|C,23018_T|C,23019_T|C,23031_T|C,23055_A|G,23063_A|T,23075_T|C,23403_A|G,23525_C|T,23599_T|G,23604_C|A,23673_C|T,23854_C|A,23948_G|T,24424_A|T,24469_T|A,25000_C|T,25416_C|T,25584_C|T,25916_C|A,25947_G|C,26060_C|T,26270_C|T,26275_A|G,26577_C|G,26709_G|A,26858_C|T,27259_A|C,27382_G|C,27383_A|T,27384_T|C,27741_C|T,27807_C|T,27915_G|T,28271_A|T,28289_C|A,28297_T|C,28311_C|T,28657_C|T,28881_G|A,28882_G|A,28883_G|C,29510_A|C,11288_11296,21633_21641,21992_21994,28362_28370,29734_29759
USA/NY-CDC-QDX85192799/2023	XCH	241_C|T,405_A|G,670_T|G,1124_A|G,1973_C|T,2163_A|C,2790_C|T,3037_C|T,4184_G|A,4321_C|T,7564_C|T,8737_T|C,9344_C|T,9424_A|G,9534_C|T,9866_C|T,10029_C|T,10198_C|T,10447_G|A,10449_C|A,12467_G|T,12880_C|T,14408_C|T,15451_G|A,15714_C|T,15738_C|T,15939_T|C,16342_T|C,16856_A|G,16923_A|C,17124_T|C,17410_C|T,17859_T|C,18163_A|G,19326_A|G,19955_C|T,20055_A|G,21618_C|T,21810_T|C,21987_G|A,22000_C|A,22109_C|G,22200_T|A,22317_G|T,22577_G|C,22578_G|A,22599_G|C,22624_C|T,22664_C|A,22674_C|T,22679_T|C,22686_C|T,22688_A|G,22775_G|A,22786_A|C,22813_G|T,22882_T|G,22895_G|C,22896_T|C,22898_G|A,22927_G|T,22928_T|C,22942_T|G,22992_G|A,22995_C|A,23013_A|C,23018_T|C,23019_T|C,23031_T|C,23055_A|G,23063_A|T,23075_T|C,23403_A|G,23525_C|T,23599_T|G,23604_C|A,23673_C|T,23854_C|A,23948_G|T,24424_A|T,24469_T|A,25000_C|T,25416_C|T,25584_C|T,25916_C|A,25947_G|C,26060_C|T,26270_C|T,26275_A|G,26577_C|G,26709_G|A,26858_C|T,27259_A|C,27382_G|C,27383_A|T,27384_T|C,27741_C|T,27807_C|T,27915_G|T,28271_A|T,28289_C|A,28297_T|C,28311_C|T,28657_C|T,28881_G|A,28882_G|A,28883_G|C,29510_A|C,11288_11296,21633_21641,21992_21994,28362_28370,29734_29759
USA/NY-CDC-QDX85192839/2023	XCH	241_C|T,405_A|G,670_T|G,1124_A|G,1973_C|T,2163_A|C,2790_C|T,3037_C|T,4184_G|A,4321_C|T,7564_C|T,8371_G|A,8737_T|C,9344_C|T,9424_A|G,9534_C|T,9866_C|T,10029_C|T,10198_C|T,10447_G|A,10449_C|A,12467_G|T,12880_C|T,14408_C|T,15451_G|A,15714_C|T,15738_C|T,15939_T|C,16342_T|C,16856_A|G,16923_A|C,17124_T|C,17410_C|T,17859_T|C,18163_A|G,19326_A|G,19955_C|T,20055_A|G,21618_C|T,21810_T|C,21987_G|A,22000_C|A,22109_C|G,22200_T|A,22317_G|T,22577_G|C,22578_G|A,22599_G|C,22624_C|T,22664_C|A,22674_C|T,22679_T|C,22686_C|T,22688_A|G,22775_G|A,22786_A|C,22813_G|T,22882_T|G,22895_G|C,22896_T|C,22898_G|A,22927_G|T,22928_T|C,22942_T|G,22992_G|A,22995_C|A,23013_A|C,23018_T|C,23019_T|C,23031_T|C,23055_A|G,23063_A|T,23075_T|C,23403_A|G,23525_C|T,23599_T|G,23604_C|A,23673_C|T,23854_C|A,23948_G|T,24424_A|T,24469_T|A,25000_C|T,25416_C|T,25584_C|T,25916_C|A,25947_G|C,26060_C|T,26270_C|T,26275_A|G,26577_C|G,26709_G|A,26858_C|T,27259_A|C,27382_G|C,27383_A|T,27384_T|C,27741_C|T,27807_C|T,27915_G|T,28271_A|T,28289_C|A,28297_T|C,28311_C|T,28657_C|T,28881_G|A,28882_G|A,28883_G|C,29510_A|C,11288_11296,21633_21641,21992_21994,28362_28370,29734_29759
USA/NY-CDC-QDX85192964/2023	XCH	241_C|T,405_A|G,670_T|G,1124_A|G,1342_C|T,1973_C|T,2163_A|C,2790_C|T,3037_C|T,4184_G|A,4321_C|T,5301_C|T,7564_C|T,8737_T|C,9344_C|T,9424_A|G,9534_C|T,9866_C|T,10029_C|T,10198_C|T,10447_G|A,10449_C|A,12467_G|T,12880_C|T,14408_C|T,15451_G|A,15714_C|T,15738_C|T,15939_T|C,16342_T|C,16856_A|G,17124_T|C,17410_C|T,17859_T|C,18163_A|G,19326_A|G,19955_C|T,20055_A|G,21071_A|C,21618_C|T,21810_T|C,21987_G|A,22000_C|A,22109_C|G,22200_T|A,22317_G|T,22577_G|C,22578_G|A,22599_G|C,22624_C|T,22664_C|A,22674_C|T,22679_T|C,22686_C|T,22688_A|G,22775_G|A,22786_A|C,22813_G|T,22882_T|G,22895_G|C,22896_T|C,22898_G|A,22927_G|T,22928_T|C,22942_T|G,22992_G|A,22995_C|A,23013_A|C,23018_T|C,23019_T|C,23031_T|C,23055_A|G,23063_A|T,23075_T|C,23403_A|G,23525_C|T,23599_T|G,23604_C|A,23673_C|T,23854_C|A,23948_G|T,24424_A|T,24469_T|A,25000_C|T,25416_C|T,25584_C|T,25690_G|A,25916_C|A,25947_G|C,26060_C|T,26270_C|T,26275_A|G,26577_C|G,26709_G|A,26858_C|T,27259_A|C,27382_G|C,27383_A|T,27384_T|C,27741_C|T,27807_C|T,27915_G|T,28271_A|T,28297_T|C,28311_C|T,28657_C|T,28881_G|A,28882_G|A,28883_G|C,29510_A|C,11288_11296,21633_21641,21992_21994,28362_28370,29711,29734_29759
USA/NY-CDC-QDX85192968/2023	XCH	241_C|T,405_A|G,670_T|G,1124_A|G,1973_C|T,2163_A|C,2790_C|T,3037_C|T,4184_G|A,4206_C|T,4321_C|T,7564_C|T,8737_T|C,9344_C|T,9424_A|G,9534_C|T,9866_C|T,10029_C|T,10198_C|T,10447_G|A,10449_C|A,12467_G|T,12880_C|T,14408_C|T,15451_G|A,15714_C|T,15738_C|T,15939_T|C,16342_T|C,16856_A|G,16923_A|C,17124_T|C,17410_C|T,17859_T|C,18163_A|G,19326_A|G,19955_C|T,20055_A|G,21618_C|T,21810_T|C,21987_G|A,22000_C|A,22109_C|G,22200_T|A,22317_G|T,22577_G|C,22578_G|A,22599_G|C,22624_C|T,22664_C|A,22674_C|T,22679_T|C,22686_C|T,22688_A|G,22775_G|A,22786_A|C,22813_G|T,22882_T|G,22895_G|C,22896_T|C,22898_G|A,22927_G|T,22928_T|C,22942_T|G,22992_G|A,22995_C|A,23013_A|C,23018_T|C,23019_T|C,23031_T|C,23055_A|G,23063_A|T,23075_T|C,23403_A|G,23525_C|T,23599_T|G,23604_C|A,23673_C|T,23854_C|A,23948_G|T,24424_A|T,24469_T|A,25000_C|T,25416_C|T,25584_C|T,25916_C|A,25947_G|C,26060_C|T,26270_C|T,26275_A|G,26577_C|G,26709_G|A,26858_C|T,27259_A|C,27382_G|C,27383_A|T,27384_T|C,27741_C|T,27807_C|T,27915_G|T,28271_A|T,28289_C|A,28297_T|C,28311_C|T,28657_C|T,28881_G|A,28882_G|A,28883_G|C,29510_A|C,11288_11296,21633_21641,21992_21994,28362_28370,29734_29759
USA/NY-CDC-QDX85192973/2023	XCH	241_C|T,405_A|G,670_T|G,1124_A|G,1973_C|T,2163_A|C,2790_C|T,3037_C|T,4184_G|A,4321_C|T,7564_C|T,8737_T|C,9344_C|T,9424_A|G,9534_C|T,9866_C|T,10029_C|T,10198_C|T,10447_G|A,10449_C|A,12467_G|T,12880_C|T,14408_C|T,15451_G|A,15714_C|T,15738_C|T,15939_T|C,16342_T|C,16856_A|G,16923_A|C,17124_T|C,17410_C|T,17859_T|C,18163_A|G,19326_A|G,19955_C|T,20055_A|G,21618_C|T,21810_T|C,21987_G|A,22000_C|A,22109_C|G,22200_T|A,22317_G|T,22577_G|C,22578_G|A,22599_G|C,22624_C|T,22664_C|A,22674_C|T,22679_T|C,22686_C|T,22688_A|G,22775_G|A,22786_A|C,22813_G|T,22882_T|G,22895_G|C,22896_T|C,22898_G|A,22927_G|T,22928_T|C,22942_T|G,22992_G|A,22995_C|A,23013_A|C,23018_T|C,23019_T|C,23031_T|C,23055_A|G,23063_A|T,23075_T|C,23403_A|G,23525_C|T,23599_T|G,23604_C|A,23673_C|T,23854_C|A,23948_G|T,24424_A|T,24469_T|A,25000_C|T,25416_C|T,25584_C|T,25916_C|A,25947_G|C,26060_C|T,26270_C|T,26275_A|G,26577_C|G,26709_G|A,26858_C|T,27259_A|C,27382_G|C,27383_A|T,27384_T|C,27741_C|T,27807_C|T,27915_G|T,28271_A|T,28289_C|A,28297_T|C,28311_C|T,28657_C|T,28872_G|A,28881_G|A,28882_G|A,28883_G|C,29510_A|C,11288_11296,21633_21641,21992_21994,28362_28370,29734_29759
USA/NY-CDC-QDX85241176/2023	XCH	241_C|T,361_A|G,405_A|G,670_T|G,1124_A|G,1973_C|T,2163_A|C,2790_C|T,3037_C|T,4184_G|A,4321_C|T,7564_C|T,8737_T|C,9344_C|T,9424_A|G,9534_C|T,9866_C|T,10029_C|T,10198_C|T,10447_G|A,10449_C|A,12467_G|T,12880_C|T,14408_C|T,15451_G|A,15714_C|T,15738_C|T,15786_T|C,15939_T|C,16342_T|C,16856_A|G,16923_A|C,17124_T|C,17410_C|T,17859_T|C,18163_A|G,19326_A|G,19955_C|T,20055_A|G,21618_C|T,21810_T|C,21987_G|A,22000_C|A,22109_C|G,22200_T|A,22317_G|T,22577_G|C,22578_G|A,22599_G|C,22624_C|T,22664_C|A,22674_C|T,22679_T|C,22686_C|T,22688_A|G,22775_G|A,22786_A|C,22813_G|T,22882_T|G,22895_G|C,22896_T|C,22898_G|A,22927_G|T,22928_T|C,22942_T|G,22992_G|A,22995_C|A,23013_A|C,23018_T|C,23019_T|C,23031_T|C,23055_A|G,23063_A|T,23075_T|C,23403_A|G,23525_C|T,23599_T|G,23604_C|A,23673_C|T,23854_C|A,23948_G|T,24424_A|T,24469_T|A,25000_C|T,25416_C|T,25584_C|T,25916_C|A,25947_G|C,26060_C|T,26270_C|T,26275_A|G,26577_C|G,26709_G|A,26858_C|T,27259_A|C,27382_G|C,27383_A|T,27384_T|C,27741_C|T,27807_C|T,27915_G|T,28271_A|T,28289_C|A,28297_T|C,28311_C|T,28657_C|T,28881_G|A,28882_G|A,28883_G|C,29510_A|C,11288_11296,21633_21641,21992_21994,28362_28370,29734_29759
USA/NY-CDC-QDX85241300/2023	XCH	241_C|T,405_A|G,670_T|G,1124_A|G,1342_C|T,1887_C|T,1973_C|T,2163_A|C,2790_C|T,3037_C|T,4184_G|A,4321_C|T,5301_C|T,7564_C|T,8737_T|C,9344_C|T,9424_A|G,9534_C|T,9866_C|T,10029_C|T,10198_C|T,10447_G|A,10449_C|A,12467_G|T,12880_C|T,14408_C|T,15451_G|A,15714_C|T,15738_C|T,15939_T|C,16342_T|C,16856_A|G,17124_T|C,17410_C|T,17859_T|C,18163_A|G,19326_A|G,19955_C|T,20055_A|G,21618_C|T,21810_T|C,21987_G|A,22000_C|A,22109_C|G,22200_T|A,22317_G|T,22577_G|C,22578_G|A,22599_G|C,22624_C|T,22664_C|A,22674_C|T,22679_T|C,22686_C|T,22688_A|G,22775_G|A,22786_A|C,22813_G|T,22882_T|G,22895_G|C,22896_T|C,22898_G|A,22927_G|T,22928_T|C,22942_T|G,22992_G|A,22995_C|A,23013_A|C,23018_T|C,23019_T|C,23031_T|C,23055_A|G,23063_A|T,23075_T|C,23403_A|G,23525_C|T,23599_T|G,23604_C|A,23673_C|T,23854_C|A,23948_G|T,24424_A|T,24469_T|A,25000_C|T,25416_C|T,25584_C|T,25690_G|A,25916_C|A,25947_G|C,26060_C|T,26270_C|T,26275_A|G,26577_C|G,26709_G|A,26858_C|T,27259_A|C,27382_G|C,27383_A|T,27384_T|C,27741_C|T,27807_C|T,27915_G|T,28271_A|T,28297_T|C,28311_C|T,28657_C|T,28881_G|A,28882_G|A,28883_G|C,29510_A|C,11288_11296,21633_21641,21992_21994,28362_28370,29734_29759
USA/NY-CDC-QDX85241563/2023	XCH	241_C|T,405_A|G,670_T|G,1124_A|G,1973_C|T,2163_A|C,2790_C|T,3037_C|T,4184_G|A,4321_C|T,7564_C|T,8737_T|C,9344_C|T,9424_A|G,9534_C|T,9866_C|T,10029_C|T,10198_C|T,10447_G|A,10449_C|A,12467_G|T,12880_C|T,14408_C|T,15451_G|A,15714_C|T,15738_C|T,15939_T|C,16342_T|C,16856_A|G,16923_A|C,17124_T|C,17410_C|T,17859_T|C,18163_A|G,19326_A|G,19955_C|T,20055_A|G,21618_C|T,21810_T|C,21987_G|A,22000_C|A,22109_C|G,22200_T|A,22317_G|T,22577_G|C,22578_G|A,22599_G|C,22624_C|T,22664_C|A,22674_C|T,22679_T|C,22686_C|T,22688_A|G,22775_G|A,22786_A|C,22813_G|T,22882_T|G,22895_G|C,22896_T|C,22898_G|A,22927_G|T,22928_T|C,22942_T|G,22992_G|A,22995_C|A,23013_A|C,23018_T|C,23019_T|C,23031_T|C,23055_A|G,23063_A|T,23075_T|C,23403_A|G,23525_C|T,23599_T|G,23604_C|A,23673_C|T,23854_C|A,23948_G|T,24424_A|T,24469_T|A,25000_C|T,25416_C|T,25584_C|T,25916_C|A,25947_G|C,26060_C|T,26270_C|T,26275_A|G,26577_C|G,26709_G|A,26858_C|T,27259_A|C,27382_G|C,27383_A|T,27384_T|C,27741_C|T,27807_C|T,27915_G|T,28271_A|T,28289_C|A,28297_T|C,28311_C|T,28657_C|T,28881_G|A,28882_G|A,28883_G|C,29510_A|C,11288_11296,21633_21641,21992_21994,28362_28370,29734_29759
USA/NY-CDC-QDX85291592/2023	XCH	241_C|T,361_A|G,405_A|G,670_T|G,1124_A|G,1973_C|T,2163_A|C,2790_C|T,3037_C|T,4184_G|A,4321_C|T,7564_C|T,8551_T|C,8737_T|C,9344_C|T,9424_A|G,9534_C|T,9866_C|T,10029_C|T,10198_C|T,10396_G|T,10447_G|A,10449_C|A,12467_G|T,12880_C|T,14408_C|T,15451_G|A,15714_C|T,15738_C|T,15786_T|C,15939_T|C,16342_T|C,16856_A|G,16923_A|C,17124_T|C,17410_C|T,17859_T|C,18163_A|G,19326_A|G,19955_C|T,20055_A|G,21618_C|T,21810_T|C,21987_G|A,22000_C|A,22109_C|G,22112_G|A,22200_T|A,22317_G|T,22577_G|C,22578_G|A,22599_G|C,22624_C|T,22664_C|A,22674_C|T,22679_T|C,22686_C|T,22688_A|G,22775_G|A,22786_A|C,22813_G|T,22882_T|G,22895_G|C,22896_T|C,22898_G|A,22927_G|T,22928_T|C,22942_T|G,22992_G|A,22995_C|A,23013_A|C,23018_T|C,23019_T|C,23031_T|C,23055_A|G,23063_A|T,23075_T|C,23403_A|G,23525_C|T,23599_T|G,23604_C|A,23673_C|T,23854_C|A,23948_G|T,24424_A|T,24469_T|A,25000_C|T,25416_C|T,25584_C|T,25916_C|A,25947_G|C,26060_C|T,26270_C|T,26275_A|G,26577_C|G,26709_G|A,26858_C|T,27259_A|C,27382_G|C,27383_A|T,27384_T|C,27741_C|T,27807_C|T,27915_G|T,28271_A|T,28289_C|A,28297_T|C,28311_C|T,28657_C|T,28881_G|A,28882_G|A,28883_G|C,29510_A|C,11288_11296,21633_21641,21992_21994,28362_28370,29734_29759
USA/NY-CDC-QDX85291839/2023	XCH	241_C|T,405_A|G,670_T|G,1124_A|G,1973_C|T,2163_A|C,2790_C|T,3037_C|T,4184_G|A,4321_C|T,7564_C|T,8737_T|C,9344_C|T,9424_A|G,9534_C|T,9866_C|T,10029_C|T,10198_C|T,10447_G|A,10449_C|A,12467_G|T,12880_C|T,14408_C|T,15451_G|A,15714_C|T,15738_C|T,15939_T|C,16342_T|C,16856_A|G,16923_A|C,17124_T|C,17410_C|T,17859_T|C,18163_A|G,19326_A|G,19955_C|T,20055_A|G,21618_C|T,21810_T|C,21987_G|A,22000_C|A,22109_C|G,22200_T|A,22317_G|T,22577_G|C,22578_G|A,22599_G|C,22624_C|T,22664_C|A,22674_C|T,22679_T|C,22686_C|T,22688_A|G,22775_G|A,22786_A|C,22813_G|T,22882_T|G,22895_G|C,22896_T|C,22898_G|A,22927_G|T,22928_T|C,22942_T|G,22992_G|A,22995_C|A,23013_A|C,23018_T|C,23019_T|C,23031_T|C,23055_A|G,23063_A|T,23075_T|C,23403_A|G,23525_C|T,23599_T|G,23604_C|A,23673_C|T,23854_C|A,23948_G|T,24424_A|T,24469_T|A,25000_C|T,25416_C|T,25584_C|T,25916_C|A,25947_G|C,26060_C|T,26270_C|T,26275_A|G,26577_C|G,26709_G|A,26858_C|T,27259_A|C,27382_G|C,27383_A|T,27384_T|C,27741_C|T,27807_C|T,27915_G|T,28271_A|T,28289_C|A,28297_T|C,28311_C|T,28657_C|T,28881_G|A,28882_G|A,28883_G|C,29510_A|C,11288_11296,21633_21641,21992_21994,28362_28370,29734_29759
USA/NY-CDC-QDX85291849/2023	XCH	241_C|T,405_A|G,670_T|G,1124_A|G,1973_C|T,2163_A|C,2790_C|T,3037_C|T,4184_G|A,4321_C|T,7564_C|T,8737_T|C,9344_C|T,9424_A|G,9534_C|T,9866_C|T,10029_C|T,10198_C|T,10447_G|A,10449_C|A,12467_G|T,12880_C|T,14408_C|T,15451_G|A,15714_C|T,15738_C|T,15939_T|C,16342_T|C,16856_A|G,16923_A|C,17124_T|C,17410_C|T,17859_T|C,18163_A|G,19326_A|G,19955_C|T,20055_A|G,21618_C|T,21810_T|C,21987_G|A,22000_C|A,22109_C|G,22200_T|A,22317_G|T,22577_G|C,22578_G|A,22599_G|C,22624_C|T,22664_C|A,22674_C|T,22679_T|C,22686_C|T,22688_A|G,22775_G|A,22786_A|C,22813_G|T,22882_T|G,22895_G|C,22896_T|C,22898_G|A,22927_G|T,22928_T|C,22942_T|G,22992_G|A,22995_C|A,23013_A|C,23018_T|C,23019_T|C,23031_T|C,23055_A|G,23063_A|T,23075_T|C,23403_A|G,23525_C|T,23599_T|G,23604_C|A,23673_C|T,23854_C|A,23948_G|T,24424_A|T,24469_T|A,25000_C|T,25416_C|T,25584_C|T,25916_C|A,25947_G|C,26060_C|T,26270_C|T,26275_A|G,26577_C|G,26709_G|A,26858_C|T,27259_A|C,27382_G|C,27383_A|T,27384_T|C,27741_C|T,27807_C|T,27915_G|T,28271_A|T,28289_C|A,28297_T|C,28311_C|T,28657_C|T,28881_G|A,28882_G|A,28883_G|C,29510_A|C,11288_11296,21633_21641,21992_21994,28362_28370,29734_29759
USA/NY-CDC-QDX85404683/2023	XCH	241_C|T,405_A|G,670_T|G,1124_A|G,1973_C|T,2163_A|C,2790_C|T,3037_C|T,4184_G|A,4300_G|T,4321_C|T,7564_C|T,8737_T|C,9344_C|T,9424_A|G,9534_C|T,9866_C|T,10029_C|T,10198_C|T,10447_G|A,10449_C|A,12467_G|T,12880_C|T,14408_C|T,15451_G|A,15714_C|T,15738_C|T,15939_T|C,16342_T|C,16856_A|G,16923_A|C,17124_T|C,17410_C|T,17859_T|C,18163_A|G,19326_A|G,19955_C|T,20055_A|G,21618_C|T,21810_T|C,21987_G|A,22000_C|A,22109_C|G,22200_T|A,22317_G|T,22577_G|C,22578_G|A,22599_G|C,22624_C|T,22664_C|A,22674_C|T,22679_T|C,22686_C|T,22688_A|G,22775_G|A,22786_A|C,22813_G|T,22882_T|G,22895_G|C,22896_T|C,22898_G|A,22927_G|T,22928_T|C,22942_T|G,22992_G|A,22995_C|A,23013_A|C,23018_T|C,23019_T|C,23031_T|C,23055_A|G,23063_A|T,23075_T|C,23403_A|G,23414_A|G,23525_C|T,23599_T|G,23604_C|A,23673_C|T,23854_C|A,23948_G|T,24424_A|T,24469_T|A,25000_C|T,25416_C|T,25584_C|T,25916_C|A,25947_G|C,26060_C|T,26270_C|T,26275_A|G,26577_C|G,26709_G|A,26858_C|T,27259_A|C,27382_G|C,27383_A|T,27384_T|C,27741_C|T,27807_C|T,27915_G|T,28271_A|T,28289_C|A,28297_T|C,28311_C|T,28657_C|T,28881_G|A,28882_G|A,28883_G|C,29510_A|C,11288_11296,21633_21641,21992_21994,28362_28370,29734_29759
USA/NY-CDC-QDX85404700/2023	XCH	241_C|T,405_A|G,670_T|G,1124_A|G,1235_G|A,1973_C|T,2163_A|C,2790_C|T,3037_C|T,4184_G|A,4321_C|T,7564_C|T,8737_T|C,9344_C|T,9424_A|G,9534_C|T,9866_C|T,10029_C|T,10198_C|T,10447_G|A,10449_C|A,12467_G|T,12880_C|T,14408_C|T,15451_G|A,15714_C|T,15738_C|T,15939_T|C,16342_T|C,16856_A|G,17124_T|C,17410_C|T,17859_T|C,18163_A|G,19326_A|G,19955_C|T,20055_A|G,21618_C|T,21810_T|C,21987_G|A,22000_C|A,22109_C|G,22200_T|A,22317_G|T,22577_G|C,22578_G|A,22599_G|C,22624_C|T,22664_C|A,22674_C|T,22679_T|C,22686_C|T,22688_A|G,22775_G|A,22786_A|C,22813_G|T,22882_T|G,22895_G|C,22896_T|C,22898_G|A,22927_G|T,22928_T|C,22942_T|G,22992_G|A,22995_C|A,23013_A|C,23018_T|C,23019_T|C,23031_T|C,23055_A|G,23063_A|T,23075_T|C,23403_A|G,23525_C|T,23599_T|G,23604_C|A,23673_C|T,23854_C|A,23948_G|T,24424_A|T,24469_T|A,25000_C|T,25416_C|T,25584_C|T,25916_C|A,25947_G|C,26060_C|T,26270_C|T,26275_A|G,26577_C|G,26709_G|A,26858_C|T,27259_A|C,27382_G|C,27383_A|T,27384_T|C,27741_C|T,27807_C|T,27915_G|T,28271_A|T,28297_T|C,28311_C|T,28657_C|T,28881_G|A,28882_G|A,28883_G|C,29510_A|C,29668_C|T,11288_11296,21633_21641,21992_21994,28362_28370,29734_29759
USA/NY-CDC-QDX85404951/2023	XCH	241_C|T,246_G|T,405_A|G,670_T|G,1124_A|G,1973_C|T,2163_A|C,2790_C|T,3037_C|T,4184_G|A,4321_C|T,7564_C|T,8737_T|C,9344_C|T,9424_A|G,9534_C|T,9866_C|T,10029_C|T,10198_C|T,10447_G|A,10449_C|A,12467_G|T,12880_C|T,14120_C|T,14408_C|T,15451_G|A,15714_C|T,15738_C|T,15939_T|C,16342_T|C,16856_A|G,16923_A|C,17124_T|C,17410_C|T,17859_T|C,18163_A|G,19326_A|G,19955_C|T,20055_A|G,21618_C|T,21810_T|C,21987_G|A,22000_C|A,22109_C|G,22200_T|A,22317_G|T,22577_G|C,22578_G|A,22599_G|C,22624_C|T,22664_C|A,22674_C|T,22679_T|C,22686_C|T,22688_A|G,22775_G|A,22786_A|C,22813_G|T,22882_T|G,22895_G|C,22896_T|C,22898_G|A,22927_G|T,22928_T|C,22942_T|G,22992_G|A,22995_C|A,23013_A|C,23018_T|C,23019_T|C,23031_T|C,23055_A|G,23063_A|T,23075_T|C,23403_A|G,23525_C|T,23599_T|G,23604_C|A,23673_C|T,23854_C|A,23948_G|T,24424_A|T,24469_T|A,25000_C|T,25416_C|T,25584_C|T,25916_C|A,25947_G|C,26060_C|T,26270_C|T,26275_A|G,26577_C|G,26709_G|A,26858_C|T,27259_A|C,27382_G|C,27383_A|T,27384_T|C,27741_C|T,27807_C|T,27915_G|T,28271_A|T,28289_C|A,28297_T|C,28311_C|T,28657_C|T,28881_G|A,28882_G|A,28883_G|C,29510_A|C,11288_11296,21633_21641,21992_21994,28362_28370,29734_29759
USA/NY-CDC-QDX85405032/2023	XCH	241_C|T,405_A|G,670_T|G,703_C|T,1124_A|G,1973_C|T,2163_A|C,2790_C|T,3037_C|T,4184_G|A,4321_C|T,7564_C|T,8737_T|C,9344_C|T,9424_A|G,9534_C|T,9866_C|T,10029_C|T,10198_C|T,10447_G|A,10449_C|A,12467_G|T,12880_C|T,14120_C|T,14408_C|T,15451_G|A,15714_C|T,15738_C|T,15939_T|C,16342_T|C,16856_A|G,16923_A|C,17124_T|C,17410_C|T,17859_T|C,18163_A|G,19326_A|G,19955_C|T,20055_A|G,21618_C|T,21810_T|C,21987_G|A,22000_C|A,22109_C|G,22200_T|A,22317_G|T,22577_G|C,22578_G|A,22599_G|C,22624_C|T,22664_C|A,22674_C|T,22679_T|C,22686_C|T,22688_A|G,22775_G|A,22786_A|C,22813_G|T,22882_T|G,22895_G|C,22896_T|C,22898_G|A,22927_G|T,22928_T|C,22942_T|G,22992_G|A,22995_C|A,23013_A|C,23018_T|C,23019_T|C,23031_T|C,23055_A|G,23063_A|T,23075_T|C,23403_A|G,23525_C|T,23599_T|G,23604_C|A,23673_C|T,23854_C|A,23948_G|T,24424_A|T,24469_T|A,25000_C|T,25416_C|T,25584_C|T,25916_C|A,25947_G|C,26060_C|T,26270_C|T,26275_A|G,26577_C|G,26709_G|A,26858_C|T,27259_A|C,27382_G|C,27383_A|T,27384_T|C,27741_C|T,27807_C|T,27915_G|T,28271_A|T,28289_C|A,28297_T|C,28311_C|T,28657_C|T,28881_G|A,28882_G|A,28883_G|C,29510_A|C,11288_11296,21633_21641,21992_21994,28362_28370,29734_29759
USA/NY-CDC-QDX85474202/2023	XCH	241_C|T,361_A|G,405_A|G,670_T|G,1124_A|G,1973_C|T,2163_A|C,2790_C|T,3037_C|T,4184_G|A,4321_C|T,7564_C|T,8737_T|C,9344_C|T,9424_A|G,9534_C|T,9866_C|T,10029_C|T,10198_C|T,10447_G|A,10449_C|A,12467_G|T,12880_C|T,14408_C|T,15451_G|A,15714_C|T,15738_C|T,15786_T|C,15939_T|C,16342_T|C,16856_A|G,16923_A|C,17124_T|C,17410_C|T,17859_T|C,18163_A|G,19326_A|G,19955_C|T,20055_A|G,21618_C|T,21810_T|C,21987_G|A,22000_C|A,22109_C|G,22200_T|A,22317_G|T,22577_G|C,22578_G|A,22599_G|C,22624_C|T,22664_C|A,22674_C|T,22679_T|C,22686_C|T,22688_A|G,22775_G|A,22786_A|C,22813_G|T,22882_T|G,22895_G|C,22896_T|C,22898_G|A,22927_G|T,22928_T|C,22942_T|G,22992_G|A,22995_C|A,23013_A|C,23018_T|C,23019_T|C,23031_T|C,23055_A|G,23063_A|T,23075_T|C,23403_A|G,23525_C|T,23599_T|G,23604_C|A,23673_C|T,23854_C|A,23948_G|T,24424_A|T,24469_T|A,25000_C|T,25416_C|T,25584_C|T,25916_C|A,25947_G|C,26060_C|T,26270_C|T,26275_A|G,26577_C|G,26709_G|A,26858_C|T,27259_A|C,27382_G|C,27383_A|T,27384_T|C,27741_C|T,27807_C|T,27915_G|T,28271_A|T,28289_C|A,28297_T|C,28311_C|T,28657_C|T,28881_G|A,28882_G|A,28883_G|C,29510_A|C,11288_11296,21633_21641,21992_21994,28362_28370,29734_29759
USA/NY-CDC-QDX85474278/2023	XCH	241_C|T,405_A|G,670_T|G,1124_A|G,1170_C|T,1973_C|T,2163_A|C,2790_C|T,3037_C|T,4184_G|A,4321_C|T,7564_C|T,7984_T|C,8310_A|C,8737_T|C,9344_C|T,9424_A|G,9534_C|T,9866_C|T,10029_C|T,10198_C|T,10447_G|A,10449_C|A,12467_G|T,12880_C|T,14408_C|T,15451_G|A,15714_C|T,15738_C|T,15939_T|C,16342_T|C,16856_A|G,16923_A|C,17124_T|C,17410_C|T,17859_T|C,18163_A|G,19326_A|G,19955_C|T,20055_A|G,21618_C|T,21810_T|C,21987_G|A,22000_C|A,22109_C|G,22200_T|A,22317_G|T,22577_G|C,22578_G|A,22599_G|C,22624_C|T,22664_C|A,22674_C|T,22679_T|C,22686_C|T,22688_A|G,22775_G|A,22786_A|C,22813_G|T,22882_T|G,22895_G|C,22896_T|C,22898_G|A,22927_G|T,22928_T|C,22942_T|G,22992_G|A,22995_C|A,23013_A|C,23018_T|C,23019_T|C,23031_T|C,23055_A|G,23063_A|T,23075_T|C,23403_A|G,23525_C|T,23599_T|G,23604_C|A,23673_C|T,23854_C|A,23948_G|T,24424_A|T,24469_T|A,25000_C|T,25416_C|T,25584_C|T,25916_C|A,25947_G|C,26060_C|T,26270_C|T,26275_A|G,26577_C|G,26709_G|A,26858_C|T,27259_A|C,27382_G|C,27383_A|T,27384_T|C,27741_C|T,27807_C|T,27915_G|T,28271_A|T,28289_C|A,28297_T|C,28311_C|T,28657_C|T,28881_G|A,28882_G|A,28883_G|C,29510_A|C,11288_11296,21633_21641,21992_21994,28362_28370,29734_29759
USA/NY-CDC-QDX85474650/2023	XCH	241_C|T,405_A|G,670_T|G,1124_A|G,1973_C|T,2163_A|C,2790_C|T,3037_C|T,4184_G|A,4321_C|T,7564_C|T,8737_T|C,9344_C|T,9424_A|G,9534_C|T,9866_C|T,10029_C|T,10198_C|T,10447_G|A,10449_C|A,12467_G|T,12880_C|T,14408_C|T,15451_G|A,15714_C|T,15738_C|T,15939_T|C,16342_T|C,16856_A|G,16923_A|C,17124_T|C,17410_C|T,17859_T|C,18163_A|G,19326_A|G,19955_C|T,20055_A|G,21618_C|T,21810_T|C,21987_G|A,22000_C|A,22109_C|G,22200_T|A,22317_G|T,22577_G|C,22578_G|A,22599_G|C,22624_C|T,22664_C|A,22674_C|T,22679_T|C,22686_C|T,22688_A|G,22775_G|A,22786_A|C,22813_G|T,22882_T|G,22895_G|C,22896_T|C,22898_G|A,22927_G|T,22928_T|C,22942_T|G,22992_G|A,22995_C|A,23013_A|C,23018_T|C,23019_T|C,23031_T|C,23055_A|G,23063_A|T,23075_T|C,23403_A|G,23525_C|T,23599_T|G,23604_C|A,23673_C|T,23854_C|A,23948_G|T,24424_A|T,24469_T|A,25000_C|T,25416_C|T,25584_C|T,25916_C|A,25947_G|C,26060_C|T,26270_C|T,26275_A|G,26577_C|G,26709_G|A,26858_C|T,27259_A|C,27382_G|C,27383_A|T,27384_T|C,27556_G|T,27741_C|T,27807_C|T,27915_G|T,28271_A|T,28289_C|A,28297_T|C,28311_C|T,28657_C|T,28881_G|A,28882_G|A,28883_G|C,29510_A|C,11288_11296,21633_21641,21992_21994,28362_28370,29734_29759
USA/NY-CDC-QDX85474936/2023	XCH	241_C|T,405_A|G,670_T|G,703_C|T,1124_A|G,1973_C|T,2163_A|C,2790_C|T,3037_C|T,4184_G|A,4321_C|T,7564_C|T,8737_T|C,9344_C|T,9424_A|G,9534_C|T,9866_C|T,10029_C|T,10198_C|T,10447_G|A,10449_C|A,12467_G|T,12880_C|T,14120_C|T,14408_C|T,15451_G|A,15714_C|T,15738_C|T,15939_T|C,16342_T|C,16856_A|G,16923_A|C,17124_T|C,17410_C|T,17859_T|C,18163_A|G,19326_A|G,19955_C|T,20055_A|G,21618_C|T,21810_T|C,21987_G|A,22000_C|A,22109_C|G,22200_T|A,22317_G|T,22577_G|C,22578_G|A,22599_G|C,22624_C|T,22664_C|A,22674_C|T,22679_T|C,22686_C|T,22688_A|G,22775_G|A,22786_A|C,22813_G|T,22882_T|G,22895_G|C,22896_T|C,22898_G|A,22927_G|T,22928_T|C,22942_T|G,22992_G|A,22995_C|A,23013_A|C,23018_T|C,23019_T|C,23031_T|C,23055_A|G,23063_A|T,23075_T|C,23403_A|G,23525_C|T,23599_T|G,23604_C|A,23673_C|T,23854_C|A,23948_G|T,24424_A|T,24469_T|A,25000_C|T,25416_C|T,25584_C|T,25916_C|A,25947_G|C,26060_C|T,26270_C|T,26275_A|G,26577_C|G,26709_G|A,26858_C|T,27259_A|C,27382_G|C,27383_A|T,27384_T|C,27741_C|T,27807_C|T,27915_G|T,28271_A|T,28289_C|A,28297_T|C,28311_C|T,28657_C|T,28881_G|A,28882_G|A,28883_G|C,29510_A|C,11288_11296,21633_21641,21992_21994,28362_28370,29734_29759
USA/NY-CDC-QDX85528111/2023	XCH	241_C|T,405_A|G,670_T|G,1124_A|G,1973_C|T,2163_A|C,2790_C|T,3037_C|T,4184_G|A,4321_C|T,7564_C|T,8737_T|C,9344_C|T,9424_A|G,9534_C|T,9866_C|T,10029_C|T,10198_C|T,10447_G|A,10449_C|A,12467_G|T,12880_C|T,14408_C|T,15451_G|A,15714_C|T,15738_C|T,15939_T|C,16342_T|C,16856_A|G,16923_A|C,17124_T|C,17410_C|T,17859_T|C,18163_A|G,19326_A|G,19955_C|T,20055_A|G,20544_C|A,21618_C|T,21810_T|C,21987_G|A,22000_C|A,22109_C|G,22200_T|A,22317_G|T,22577_G|C,22578_G|A,22599_G|C,22624_C|T,22664_C|A,22674_C|T,22679_T|C,22686_C|T,22688_A|G,22775_G|A,22786_A|C,22813_G|T,22882_T|G,22895_G|C,22896_T|C,22898_G|A,22927_G|T,22928_T|C,22942_T|G,22992_G|A,22995_C|A,23013_A|C,23018_T|C,23019_T|C,23031_T|C,23055_A|G,23063_A|T,23075_T|C,23403_A|G,23525_C|T,23599_T|G,23604_C|A,23673_C|T,23854_C|A,23948_G|T,24424_A|T,24469_T|A,25000_C|T,25416_C|T,25584_C|T,25916_C|A,25947_G|C,26060_C|T,26270_C|T,26275_A|G,26577_C|G,26709_G|A,26858_C|T,27259_A|C,27382_G|C,27383_A|T,27384_T|C,27741_C|T,27807_C|T,27915_G|T,28271_A|T,28289_C|A,28297_T|C,28311_C|T,28657_C|T,28881_G|A,28882_G|A,28883_G|C,29510_A|C,11288_11296,21633_21641,21992_21994,28362_28370,29734_29759
USA/NY-CDC-QDX85528236/2023	XCH	241_C|T,405_A|G,670_T|G,1124_A|G,1973_C|T,2163_A|C,2790_C|T,3037_C|T,4184_G|A,4321_C|T,7564_C|T,8737_T|C,9344_C|T,9424_A|G,9534_C|T,9866_C|T,10029_C|T,10198_C|T,10447_G|A,10449_C|A,12467_G|T,12880_C|T,14408_C|T,15451_G|A,15714_C|T,15738_C|T,15939_T|C,16342_T|C,16856_A|G,16923_A|C,17124_T|C,17410_C|T,17859_T|C,18163_A|G,18488_T|G,19326_A|G,19955_C|T,20055_A|G,21618_C|T,21810_T|C,21987_G|A,22000_C|A,22109_C|G,22200_T|A,22317_G|T,22577_G|C,22578_G|A,22599_G|C,22624_C|T,22664_C|A,22674_C|T,22679_T|C,22686_C|T,22688_A|G,22775_G|A,22786_A|C,22813_G|T,22882_T|G,22895_G|C,22896_T|C,22898_G|A,22927_G|T,22928_T|C,22942_T|G,22992_G|A,22995_C|A,23013_A|C,23018_T|C,23019_T|C,23031_T|C,23055_A|G,23063_A|T,23075_T|C,23403_A|G,23525_C|T,23599_T|G,23604_C|A,23673_C|T,23854_C|A,23948_G|T,24424_A|T,24469_T|A,25000_C|T,25416_C|T,25584_C|T,25916_C|A,25947_G|C,26060_C|T,26270_C|T,26275_A|G,26577_C|G,26709_G|A,26858_C|T,27259_A|C,27382_G|C,27383_A|T,27384_T|C,27741_C|T,27807_C|T,27915_G|T,28271_A|T,28289_C|A,28297_T|C,28311_C|T,28657_C|T,28881_G|A,28882_G|A,28883_G|C,29510_A|C,11288_11296,21633_21641,21992_21994,28362_28370,29734_29759
USA/NY-CDC-QDX85528238/2023	XCH	241_C|T,405_A|G,670_T|G,1124_A|G,1973_C|T,2163_A|C,2790_C|T,3037_C|T,4184_G|A,4321_C|T,7564_C|T,8737_T|C,9344_C|T,9424_A|G,9534_C|T,9866_C|T,10029_C|T,10198_C|T,10447_G|A,10449_C|A,12467_G|T,12880_C|T,14120_C|T,14408_C|T,15451_G|A,15714_C|T,15738_C|T,15939_T|C,16342_T|C,16856_A|G,16923_A|C,17124_T|C,17410_C|T,17859_T|C,18163_A|G,19326_A|G,19955_C|T,20055_A|G,21618_C|T,21810_T|C,21987_G|A,22000_C|A,22109_C|G,22200_T|A,22317_G|T,22577_G|C,22578_G|A,22599_G|C,22624_C|T,22664_C|A,22674_C|T,22679_T|C,22686_C|T,22688_A|G,22775_G|A,22786_A|C,22813_G|T,22882_T|G,22895_G|C,22896_T|C,22898_G|A,22927_G|T,22928_T|C,22942_T|G,22992_G|A,22995_C|A,23013_A|C,23018_T|C,23019_T|C,23031_T|C,23055_A|G,23063_A|T,23075_T|C,23403_A|G,23525_C|T,23599_T|G,23604_C|A,23673_C|T,23854_C|A,23948_G|T,24424_A|T,24469_T|A,25000_C|T,25416_C|T,25584_C|T,25916_C|A,25947_G|C,26060_C|T,26270_C|T,26275_A|G,26577_C|G,26709_G|A,26858_C|T,27259_A|C,27382_G|C,27383_A|T,27384_T|C,27741_C|T,27807_C|T,27915_G|T,28271_A|T,28289_C|A,28297_T|C,28311_C|T,28657_C|T,28881_G|A,28882_G|A,28883_G|C,29510_A|C,11288_11296,21633_21641,21992_21994,28362_28370,29734_29759
USA/NY-CDC-QDX85528249/2023	XCH	241_C|T,405_A|G,670_T|G,1124_A|G,1973_C|T,2163_A|C,2790_C|T,3037_C|T,4184_G|A,4321_C|T,7564_C|T,8737_T|C,9344_C|T,9424_A|G,9534_C|T,9866_C|T,10029_C|T,10198_C|T,10277_C|T,10447_G|A,10449_C|A,12467_G|T,12880_C|T,14408_C|T,15451_G|A,15714_C|T,15738_C|T,15939_T|C,16342_T|C,16856_A|G,16923_A|C,17124_T|C,17410_C|T,17859_T|C,18163_A|G,19326_A|G,19955_C|T,20055_A|G,21618_C|T,21810_T|C,21987_G|A,22000_C|A,22109_C|G,22200_T|A,22317_G|T,22577_G|C,22578_G|A,22599_G|C,22624_C|T,22664_C|A,22674_C|T,22679_T|C,22686_C|T,22688_A|G,22775_G|A,22786_A|C,22813_G|T,22882_T|G,22895_G|C,22896_T|C,22898_G|A,22927_G|T,22928_T|C,22942_T|G,22992_G|A,22995_C|A,23013_A|C,23018_T|C,23019_T|C,23031_T|C,23055_A|G,23063_A|T,23075_T|C,23403_A|G,23525_C|T,23599_T|G,23604_C|A,23673_C|T,23854_C|A,23948_G|T,24424_A|T,24469_T|A,25000_C|T,25416_C|T,25584_C|T,25916_C|A,25947_G|C,26060_C|T,26270_C|T,26275_A|G,26577_C|G,26709_G|A,26858_C|T,27259_A|C,27382_G|C,27383_A|T,27384_T|C,27741_C|T,27807_C|T,27915_G|T,28271_A|T,28289_C|A,28297_T|C,28311_C|T,28657_C|T,28881_G|A,28882_G|A,28883_G|C,29510_A|C,11288_11296,21633_21641,21992_21994,28362_28370,29734_29759
USA/NY-CDC-QDX85582816/2023	XCH	241_C|T,330_A|G,405_A|G,670_T|G,1124_A|G,1973_C|T,2163_A|C,2790_C|T,3037_C|T,4184_G|A,4321_C|T,7564_C|T,8737_T|C,9344_C|T,9424_A|G,9534_C|T,9866_C|T,10029_C|T,10198_C|T,10447_G|A,10449_C|A,12467_G|T,12880_C|T,14120_C|T,14408_C|T,15451_G|A,15714_C|T,15738_C|T,15939_T|C,16342_T|C,16856_A|G,16923_A|C,17124_T|C,17410_C|T,17859_T|C,18163_A|G,19326_A|G,19955_C|T,20055_A|G,21618_C|T,21810_T|C,21987_G|A,22000_C|A,22109_C|G,22200_T|A,22317_G|T,22577_G|C,22578_G|A,22599_G|C,22624_C|T,22664_C|A,22674_C|T,22679_T|C,22686_C|T,22688_A|G,22775_G|A,22786_A|C,22813_G|T,22882_T|G,22895_G|C,22896_T|C,22898_G|A,22927_G|T,22928_T|C,22942_T|G,22992_G|A,22995_C|A,23013_A|C,23018_T|C,23019_T|C,23031_T|C,23055_A|G,23063_A|T,23075_T|C,23403_A|G,23525_C|T,23599_T|G,23604_C|A,23673_C|T,23854_C|A,23948_G|T,24424_A|T,24469_T|A,25000_C|T,25416_C|T,25584_C|T,25916_C|A,25947_G|C,26060_C|T,26270_C|T,26275_A|G,26577_C|G,26709_G|A,26858_C|T,27259_A|C,27382_G|C,27383_A|T,27384_T|C,27741_C|T,27807_C|T,27915_G|T,28271_A|T,28289_C|A,28297_T|C,28311_C|T,28657_C|T,28881_G|A,28882_G|A,28883_G|C,29510_A|C,11288_11296,21633_21641,21992_21994,28362_28370,29734_29759
USA/NY-CDC-QDX85641411/2023	XCH	241_C|T,405_A|G,670_T|G,1124_A|G,1973_C|T,2163_A|C,2790_C|T,3037_C|T,4184_G|A,4321_C|T,7564_C|T,8737_T|C,9344_C|T,9424_A|G,9534_C|T,9866_C|T,10029_C|T,10198_C|T,10447_G|A,10449_C|A,12467_G|T,12880_C|T,14120_C|T,14408_C|T,15451_G|A,15714_C|T,15738_C|T,15939_T|C,16342_T|C,16856_A|G,16923_A|C,17124_T|C,17410_C|T,17859_T|C,18163_A|G,19326_A|G,19955_C|T,20055_A|G,21618_C|T,21810_T|C,21987_G|A,22000_C|A,22109_C|G,22200_T|A,22317_G|T,22577_G|C,22578_G|A,22599_G|C,22624_C|T,22664_C|A,22674_C|T,22679_T|C,22686_C|T,22688_A|G,22775_G|A,22786_A|C,22813_G|T,22882_T|G,22895_G|C,22896_T|C,22898_G|A,22927_G|T,22928_T|C,22942_T|G,22992_G|A,22995_C|A,23013_A|C,23018_T|C,23019_T|C,23031_T|C,23055_A|G,23063_A|T,23075_T|C,23403_A|G,23525_C|T,23599_T|G,23604_C|A,23673_C|T,23854_C|A,23948_G|T,24424_A|T,24469_T|A,25000_C|T,25416_C|T,25584_C|T,25916_C|A,25947_G|C,26060_C|T,26270_C|T,26275_A|G,26577_C|G,26709_G|A,26858_C|T,27259_A|C,27382_G|C,27383_A|T,27384_T|C,27741_C|T,27807_C|T,27915_G|T,28271_A|T,28289_C|A,28297_T|C,28311_C|T,28657_C|T,28881_G|A,28882_G|A,28883_G|C,29510_A|C,11288_11296,21633_21641,21992_21994,28362_28370,29734_29759
USA/NY-CDC-QDX85641434/2023	XCH	241_C|T,405_A|G,670_T|G,1124_A|G,1973_C|T,2163_A|C,2790_C|T,3037_C|T,4184_G|A,4321_C|T,7564_C|T,8737_T|C,9344_C|T,9424_A|G,9534_C|T,9866_C|T,10029_C|T,10198_C|T,10447_G|A,10449_C|A,12467_G|T,12880_C|T,14408_C|T,15451_G|A,15714_C|T,15738_C|T,15939_T|C,16342_T|C,16856_A|G,16923_A|C,17124_T|C,17410_C|T,17859_T|C,18163_A|G,18488_T|G,19326_A|G,19955_C|T,20055_A|G,21618_C|T,21810_T|C,21987_G|A,22000_C|A,22109_C|G,22200_T|A,22317_G|T,22577_G|C,22578_G|A,22599_G|C,22624_C|T,22664_C|A,22674_C|T,22679_T|C,22686_C|T,22688_A|G,22775_G|A,22786_A|C,22813_G|T,22882_T|G,22895_G|C,22896_T|C,22898_G|A,22927_G|T,22928_T|C,22942_T|G,22992_G|A,22995_C|A,23013_A|C,23018_T|C,23019_T|C,23031_T|C,23055_A|G,23063_A|T,23075_T|C,23403_A|G,23525_C|T,23599_T|G,23604_C|A,23673_C|T,23854_C|A,23948_G|T,24424_A|T,24469_T|A,25000_C|T,25416_C|T,25584_C|T,25916_C|A,25947_G|C,26060_C|T,26270_C|T,26275_A|G,26577_C|G,26709_G|A,26858_C|T,27259_A|C,27382_G|C,27383_A|T,27384_T|C,27577_C|T,27741_C|T,27807_C|T,27915_G|T,28271_A|T,28289_C|A,28297_T|C,28311_C|T,28657_C|T,28881_G|A,28882_G|A,28883_G|C,29510_A|C,11288_11296,21633_21641,21992_21994,28362_28370,29734_29759
USA/NY-CDC-QDX85641435/2023	XCH	241_C|T,330_A|G,405_A|G,670_T|G,1124_A|G,1973_C|T,2163_A|C,2790_C|T,3037_C|T,4184_G|A,4321_C|T,7564_C|T,8737_T|C,9344_C|T,9424_A|G,9534_C|T,9866_C|T,10029_C|T,10198_C|T,10447_G|A,10449_C|A,12467_G|T,12880_C|T,14120_C|T,14408_C|T,15451_G|A,15714_C|T,15738_C|T,15939_T|C,16342_T|C,16856_A|G,16923_A|C,17124_T|C,17410_C|T,17859_T|C,18163_A|G,19326_A|G,19955_C|T,20055_A|G,21618_C|T,21810_T|C,21987_G|A,22000_C|A,22109_C|G,22200_T|A,22317_G|T,22577_G|C,22578_G|A,22599_G|C,22624_C|T,22664_C|A,22674_C|T,22679_T|C,22686_C|T,22688_A|G,22775_G|A,22786_A|C,22813_G|T,22882_T|G,22895_G|C,22896_T|C,22898_G|A,22927_G|T,22928_T|C,22942_T|G,22992_G|A,22995_C|A,23013_A|C,23018_T|C,23019_T|C,23031_T|C,23055_A|G,23063_A|T,23075_T|C,23403_A|G,23525_C|T,23599_T|G,23604_C|A,23673_C|T,23854_C|A,23948_G|T,24424_A|T,24469_T|A,25000_C|T,25416_C|T,25584_C|T,25916_C|A,25947_G|C,26060_C|T,26270_C|T,26275_A|G,26577_C|G,26709_G|A,26858_C|T,27259_A|C,27382_G|C,27383_A|T,27384_T|C,27741_C|T,27807_C|T,27915_G|T,28271_A|T,28289_C|A,28297_T|C,28311_C|T,28657_C|T,28881_G|A,28882_G|A,28883_G|C,29510_A|C,11288_11296,21633_21641,21992_21994,28362_28370,29734_29759
USA/NY-CDC-QDX85699069/2023	XCH	241_C|T,405_A|G,670_T|G,1124_A|G,1973_C|T,2163_A|C,2790_C|T,3037_C|T,4184_G|A,4321_C|T,7564_C|T,8737_T|C,9344_C|T,9424_A|G,9534_C|T,9866_C|T,10029_C|T,10198_C|T,10447_G|A,10449_C|A,12467_G|T,12880_C|T,14120_C|T,14408_C|T,15451_G|A,15714_C|T,15738_C|T,15939_T|C,16342_T|C,16856_A|G,16923_A|C,17124_T|C,17410_C|T,17859_T|C,18163_A|G,18241_G|T,19326_A|G,19955_C|T,20055_A|G,21618_C|T,21810_T|C,21987_G|A,22000_C|A,22109_C|G,22200_T|A,22317_G|T,22577_G|C,22578_G|A,22599_G|C,22624_C|T,22664_C|A,22674_C|T,22679_T|C,22686_C|T,22688_A|G,22775_G|A,22786_A|C,22813_G|T,22882_T|G,22895_G|C,22896_T|C,22898_G|A,22927_G|T,22928_T|C,22942_T|G,22992_G|A,22995_C|A,23013_A|C,23018_T|C,23019_T|C,23031_T|C,23055_A|G,23063_A|T,23075_T|C,23403_A|G,23525_C|T,23599_T|G,23604_C|A,23673_C|T,23854_C|A,23948_G|T,24424_A|T,24469_T|A,25000_C|T,25416_C|T,25584_C|T,25916_C|A,25947_G|C,26060_C|T,26270_C|T,26275_A|G,26577_C|G,26709_G|A,26858_C|T,27259_A|C,27382_G|C,27383_A|T,27384_T|C,27741_C|T,27807_C|T,27915_G|T,28271_A|T,28289_C|A,28297_T|C,28311_C|T,28657_C|T,28881_G|A,28882_G|A,28883_G|C,29510_A|C,11288_11296,21633_21641,21992_21994,28362_28370,29734_29759
USA/NY-CDC-QDX85699082/2023	XCH	241_C|T,405_A|G,670_T|G,1124_A|G,1973_C|T,2163_A|C,2790_C|T,3037_C|T,4184_G|A,4321_C|T,7564_C|T,8737_T|C,9344_C|T,9424_A|G,9534_C|T,9866_C|T,10029_C|T,10198_C|T,10447_G|A,10449_C|A,12467_G|T,12880_C|T,14408_C|T,15451_G|A,15714_C|T,15738_C|T,15939_T|C,16342_T|C,16856_A|G,16923_A|C,17124_T|C,17410_C|T,17859_T|C,18163_A|G,19326_A|G,19955_C|T,20055_A|G,21618_C|T,21810_T|C,21987_G|A,22000_C|A,22109_C|G,22200_T|A,22317_G|T,22577_G|C,22578_G|A,22599_G|C,22624_C|T,22664_C|A,22674_C|T,22679_T|C,22686_C|T,22688_A|G,22775_G|A,22786_A|C,22813_G|T,22882_T|G,22895_G|C,22896_T|C,22898_G|A,22927_G|T,22928_T|C,22942_T|G,22992_G|A,22995_C|A,23013_A|C,23018_T|C,23019_T|C,23031_T|C,23055_A|G,23063_A|T,23075_T|C,23403_A|G,23525_C|T,23599_T|G,23604_C|A,23673_C|T,23854_C|A,23948_G|T,24424_A|T,24469_T|A,25000_C|T,25416_C|T,25584_C|T,25916_C|A,25947_G|C,26060_C|T,26101_G|T,26270_C|T,26275_A|G,26577_C|G,26709_G|A,26858_C|T,27259_A|C,27382_G|C,27383_A|T,27384_T|C,27741_C|T,27807_C|T,27915_G|T,28271_A|T,28289_C|A,28297_T|C,28311_C|T,28657_C|T,28881_G|A,28882_G|A,28883_G|C,29510_A|C,510_518,686_694,11288_11296,21633_21641,21992_21994,28362_28370,29734_29759
USA/NY-CDC-QDX85770359/2023	XCH	241_C|T,405_A|G,670_T|G,1124_A|G,1973_C|T,2163_A|C,2790_C|T,3037_C|T,4184_G|A,4321_C|T,7564_C|T,8737_T|C,9344_C|T,9424_A|G,9534_C|T,9866_C|T,10029_C|T,10198_C|T,10447_G|A,10449_C|A,12467_G|T,12880_C|T,14408_C|T,15451_G|A,15714_C|T,15738_C|T,15939_T|C,16342_T|C,16856_A|G,16923_A|C,17124_T|C,17410_C|T,17859_T|C,18163_A|G,19326_A|G,19955_C|T,20055_A|G,21618_C|T,21810_T|C,21987_G|A,22000_C|A,22109_C|G,22200_T|A,22317_G|T,22577_G|C,22578_G|A,22599_G|C,22624_C|T,22664_C|A,22674_C|T,22679_T|C,22686_C|T,22688_A|G,22775_G|A,22786_A|C,22813_G|T,22882_T|G,22895_G|C,22896_T|C,22898_G|A,22927_G|T,22928_T|C,22942_T|G,22992_G|A,22995_C|A,23013_A|C,23018_T|C,23019_T|C,23031_T|C,23055_A|G,23063_A|T,23075_T|C,23403_A|G,23414_A|G,23525_C|T,23599_T|G,23604_C|A,23673_C|T,23854_C|A,23948_G|T,24424_A|T,24469_T|A,25000_C|T,25416_C|T,25584_C|T,25916_C|A,25947_G|C,26060_C|T,26270_C|T,26275_A|G,26577_C|G,26709_G|A,26858_C|T,27259_A|C,27382_G|C,27383_A|T,27384_T|C,27741_C|T,27807_C|T,27915_G|T,28271_A|T,28289_C|A,28297_T|C,28311_C|T,28657_C|T,28881_G|A,28882_G|A,28883_G|C,29510_A|C,11288_11296,21633_21641,21992_21994,28362_28370,29734_29759
USA/NY-CDC-QDX85770449/2023	XCH	241_C|T,405_A|G,670_T|G,1124_A|G,1973_C|T,2163_A|C,2790_C|T,3037_C|T,4184_G|A,4321_C|T,7564_C|T,8737_T|C,9344_C|T,9424_A|G,9534_C|T,9866_C|T,10029_C|T,10198_C|T,10447_G|A,10449_C|A,12467_G|T,12880_C|T,14408_C|T,15451_G|A,15714_C|T,15738_C|T,15939_T|C,16342_T|C,16856_A|G,16923_A|C,17124_T|C,17410_C|T,17859_T|C,18163_A|G,19326_A|G,19955_C|T,20055_A|G,21618_C|T,21810_T|C,21987_G|A,22000_C|A,22109_C|G,22200_T|A,22317_G|T,22577_G|C,22578_G|A,22599_G|C,22624_C|T,22664_C|A,22674_C|T,22679_T|C,22686_C|T,22688_A|G,22775_G|A,22786_A|C,22813_G|T,22882_T|G,22895_G|C,22896_T|C,22898_G|A,22927_G|T,22928_T|C,22942_T|G,22992_G|A,22995_C|A,23013_A|C,23018_T|C,23019_T|C,23031_T|C,23055_A|G,23063_A|T,23075_T|C,23403_A|G,23525_C|T,23599_T|G,23604_C|A,23673_C|T,23854_C|A,23948_G|T,24424_A|T,24469_T|A,25000_C|T,25416_C|T,25584_C|T,25916_C|A,25947_G|C,26060_C|T,26270_C|T,26275_A|G,26577_C|G,26709_G|A,26858_C|T,27259_A|C,27382_G|C,27383_A|T,27384_T|C,27741_C|T,27807_C|T,27915_G|T,28271_A|T,28289_C|A,28297_T|C,28311_C|T,28657_C|T,28881_G|A,28882_G|A,28883_G|C,29510_A|C,11288_11296,21633_21641,21992_21994,28362_28370,29734_29759
USA/NY-CDC-QDX85770841/2023	XCH	241_C|T,405_A|G,670_T|G,1124_A|G,1973_C|T,2163_A|C,2790_C|T,3037_C|T,4184_G|A,4321_C|T,7564_C|T,8737_T|C,9344_C|T,9424_A|G,9534_C|T,9866_C|T,10029_C|T,10198_C|T,10323_A|G,10447_G|A,10449_C|A,12467_G|T,12880_C|T,14408_C|T,15451_G|A,15714_C|T,15738_C|T,15939_T|C,16342_T|C,16856_A|G,16923_A|C,17124_T|C,17410_C|T,17859_T|C,18163_A|G,19326_A|G,19955_C|T,20055_A|G,21618_C|T,21810_T|C,21987_G|A,22000_C|A,22109_C|G,22200_T|A,22317_G|T,22577_G|C,22578_G|A,22599_G|C,22624_C|T,22664_C|A,22674_C|T,22679_T|C,22686_C|T,22688_A|G,22775_G|A,22786_A|C,22813_G|T,22882_T|G,22895_G|C,22896_T|C,22898_G|A,22927_G|T,22928_T|C,22942_T|G,22992_G|A,22995_C|A,23013_A|C,23018_T|C,23019_T|C,23031_T|C,23055_A|G,23063_A|T,23075_T|C,23403_A|G,23525_C|T,23599_T|G,23604_C|A,23673_C|T,23854_C|A,23948_G|T,24424_A|T,24469_T|A,25000_C|T,25416_C|T,25584_C|T,25916_C|A,25947_G|C,26060_C|T,26270_C|T,26275_A|G,26577_C|G,26709_G|A,26858_C|T,27259_A|C,27382_G|C,27383_A|T,27384_T|C,27741_C|T,27807_C|T,27915_G|T,28271_A|T,28289_C|A,28297_T|C,28311_C|T,28657_C|T,28881_G|A,28882_G|A,28883_G|C,29510_A|C,11288_11296,21633_21641,21992_21994,28362_28370,29734_29759
USA/NY-CDC-QDX85770842/2023	XCH	241_C|T,405_A|G,670_T|G,1124_A|G,1973_C|T,2163_A|C,2790_C|T,3037_C|T,4184_G|A,4321_C|T,7564_C|T,8737_T|C,9344_C|T,9424_A|G,9534_C|T,9866_C|T,10029_C|T,10198_C|T,10323_A|G,10447_G|A,10449_C|A,12467_G|T,12880_C|T,14408_C|T,15451_G|A,15714_C|T,15738_C|T,15939_T|C,16342_T|C,16856_A|G,16923_A|C,17124_T|C,17410_C|T,17859_T|C,18163_A|G,19326_A|G,19955_C|T,20055_A|G,21618_C|T,21810_T|C,21987_G|A,22000_C|A,22109_C|G,22200_T|A,22317_G|T,22577_G|C,22578_G|A,22599_G|C,22624_C|T,22664_C|A,22674_C|T,22679_T|C,22686_C|T,22688_A|G,22775_G|A,22786_A|C,22813_G|T,22882_T|G,22895_G|C,22896_T|C,22898_G|A,22927_G|T,22928_T|C,22942_T|G,22992_G|A,22995_C|A,23013_A|C,23018_T|C,23019_T|C,23031_T|C,23055_A|G,23063_A|T,23075_T|C,23403_A|G,23525_C|T,23599_T|G,23604_C|A,23673_C|T,23854_C|A,23948_G|T,24424_A|T,24469_T|A,25000_C|T,25416_C|T,25584_C|T,25916_C|A,25947_G|C,26060_C|T,26270_C|T,26275_A|G,26577_C|G,26709_G|A,26858_C|T,27259_A|C,27382_G|C,27383_A|T,27384_T|C,27741_C|T,27807_C|T,27915_G|T,28271_A|T,28289_C|A,28297_T|C,28311_C|T,28657_C|T,28881_G|A,28882_G|A,28883_G|C,29510_A|C,11288_11296,21633_21641,21992_21994,28362_28370,29734_29759
USA/NY-CDC-QDX85770851/2023	XCH	241_C|T,405_A|G,670_T|G,1124_A|G,1973_C|T,2163_A|C,2790_C|T,3037_C|T,4184_G|A,4321_C|T,7564_C|T,8737_T|C,9344_C|T,9424_A|G,9534_C|T,9866_C|T,10029_C|T,10198_C|T,10447_G|A,10449_C|A,12467_G|T,12880_C|T,14408_C|T,15451_G|A,15714_C|T,15738_C|T,15939_T|C,16342_T|C,16856_A|G,16923_A|C,17124_T|C,17410_C|T,17859_T|C,18163_A|G,19326_A|G,19955_C|T,20055_A|G,21618_C|T,21810_T|C,21987_G|A,22000_C|A,22109_C|G,22200_T|A,22317_G|T,22577_G|C,22578_G|A,22599_G|C,22624_C|T,22664_C|A,22674_C|T,22679_T|C,22686_C|T,22688_A|G,22775_G|A,22786_A|C,22813_G|T,22882_T|G,22895_G|C,22896_T|C,22898_G|A,22927_G|T,22928_T|C,22942_T|G,22992_G|A,22995_C|A,23013_A|C,23018_T|C,23019_T|C,23031_T|C,23055_A|G,23063_A|T,23075_T|C,23403_A|G,23525_C|T,23599_T|G,23604_C|A,23673_C|T,23854_C|A,23948_G|T,24424_A|T,24469_T|A,25000_C|T,25416_C|T,25584_C|T,25916_C|A,25947_G|C,26060_C|T,26270_C|T,26275_A|G,26577_C|G,26709_G|A,26858_C|T,27259_A|C,27382_G|C,27383_A|T,27384_T|C,27741_C|T,27807_C|T,27915_G|T,28271_A|T,28289_C|A,28297_T|C,28311_C|T,28657_C|T,28881_G|A,28882_G|A,28883_G|C,29510_A|C,11288_11296,21633_21641,21992_21994,28362_28370,29734_29759
USA/NY-CDC-QDX85770852/2023	XCH	241_C|T,405_A|G,670_T|G,1124_A|G,1973_C|T,2163_A|C,2790_C|T,3037_C|T,4184_G|A,4321_C|T,7564_C|T,8737_T|C,9344_C|T,9424_A|G,9534_C|T,9866_C|T,10029_C|T,10198_C|T,10447_G|A,10449_C|A,12467_G|T,12880_C|T,14408_C|T,15451_G|A,15714_C|T,15738_C|T,15939_T|C,16342_T|C,16856_A|G,16923_A|C,17124_T|C,17410_C|T,17859_T|C,18163_A|G,18488_T|G,19326_A|G,19955_C|T,20055_A|G,21618_C|T,21810_T|C,21987_G|A,22000_C|A,22109_C|G,22200_T|A,22317_G|T,22577_G|C,22578_G|A,22599_G|C,22624_C|T,22664_C|A,22674_C|T,22679_T|C,22686_C|T,22688_A|G,22775_G|A,22786_A|C,22813_G|T,22882_T|G,22895_G|C,22896_T|C,22898_G|A,22927_G|T,22928_T|C,22942_T|G,22992_G|A,22995_C|A,23013_A|C,23018_T|C,23019_T|C,23031_T|C,23055_A|G,23063_A|T,23075_T|C,23403_A|G,23525_C|T,23599_T|G,23604_C|A,23673_C|T,23854_C|A,23948_G|T,24424_A|T,24469_T|A,25000_C|T,25416_C|T,25584_C|T,25916_C|A,25947_G|C,26060_C|T,26270_C|T,26275_A|G,26577_C|G,26709_G|A,26858_C|T,27259_A|C,27382_G|C,27383_A|T,27384_T|C,27741_C|T,27807_C|T,27915_G|T,28271_A|T,28289_C|A,28297_T|C,28311_C|T,28657_C|T,28881_G|A,28882_G|A,28883_G|C,29510_A|C,11288_11296,21633_21641,21992_21994,28362_28370,29734_29759
USA/NY-CDC-QDX85771007/2023	XCH	241_C|T,405_A|G,670_T|G,1124_A|G,1930_T|C,1973_C|T,2163_A|C,2790_C|T,3037_C|T,4184_G|A,4321_C|T,7564_C|T,8737_T|C,9344_C|T,9424_A|G,9534_C|T,9866_C|T,10029_C|T,10198_C|T,10447_G|A,10449_C|A,12467_G|T,12880_C|T,14408_C|T,15451_G|A,15714_C|T,15738_C|T,15939_T|C,16342_T|C,16856_A|G,16923_A|C,17124_T|C,17410_C|T,17859_T|C,18163_A|G,19326_A|G,19955_C|T,20055_A|G,21618_C|T,21810_T|C,21987_G|A,22000_C|A,22109_C|G,22200_T|A,22317_G|T,22577_G|C,22578_G|A,22599_G|C,22624_C|T,22664_C|A,22674_C|T,22679_T|C,22686_C|T,22688_A|G,22775_G|A,22786_A|C,22813_G|T,22882_T|G,22895_G|C,22896_T|C,22898_G|A,22927_G|T,22928_T|C,22942_T|G,22992_G|A,22995_C|A,23013_A|C,23018_T|C,23019_T|C,23031_T|C,23055_A|G,23063_A|T,23075_T|C,23403_A|G,23525_C|T,23599_T|G,23604_C|A,23673_C|T,23854_C|A,23948_G|T,24424_A|T,24469_T|A,25000_C|T,25416_C|T,25584_C|T,25916_C|A,25947_G|C,26060_C|T,26270_C|T,26275_A|G,26577_C|G,26709_G|A,26858_C|T,27259_A|C,27382_G|C,27383_A|T,27384_T|C,27741_C|T,27807_C|T,27915_G|T,28271_A|T,28289_C|A,28297_T|C,28311_C|T,28657_C|T,28881_G|A,28882_G|A,28883_G|C,29510_A|C,11288_11296,21633_21641,21992_21994,28254,28362_28370,29734_29759
USA/NY-CDC-QDX85876699/2023	XCH	241_C|T,405_A|G,670_T|G,1124_A|G,1235_G|A,1973_C|T,2163_A|C,2790_C|T,3037_C|T,4184_G|A,4321_C|T,7564_C|T,8737_T|C,9344_C|T,9424_A|G,9534_C|T,9866_C|T,10029_C|T,10198_C|T,10447_G|A,10449_C|A,11575_C|T,12467_G|T,12880_C|T,14408_C|T,15451_G|A,15714_C|T,15738_C|T,15939_T|C,16342_T|C,16856_A|G,17124_T|C,17410_C|T,17859_T|C,18163_A|G,19326_A|G,19955_C|T,20055_A|G,21618_C|T,21810_T|C,21987_G|A,22000_C|A,22109_C|G,22200_T|A,22317_G|T,22577_G|C,22578_G|A,22599_G|C,22624_C|T,22664_C|A,22674_C|T,22679_T|C,22686_C|T,22688_A|G,22775_G|A,22786_A|C,22813_G|T,22882_T|G,22895_G|C,22896_T|C,22898_G|A,22927_G|T,22928_T|C,22942_T|G,22992_G|A,22995_C|A,23013_A|C,23018_T|C,23019_T|C,23031_T|C,23055_A|G,23063_A|T,23075_T|C,23403_A|G,23525_C|T,23599_T|G,23604_C|A,23673_C|T,23854_C|A,23948_G|T,24424_A|T,24469_T|A,25000_C|T,25416_C|T,25584_C|T,25916_C|A,25947_G|C,26060_C|T,26270_C|T,26275_A|G,26577_C|G,26709_G|A,26858_C|T,27259_A|C,27382_G|C,27383_A|T,27384_T|C,27741_C|T,27807_C|T,27915_G|T,28271_A|T,28297_T|C,28311_C|T,28657_C|T,28881_G|A,28882_G|A,28883_G|C,29510_A|C,29668_C|T,11288_11296,21633_21641,21992_21994,28362_28370,29734_29759
USA/NY-CDC-QDX85876749/2023	XCH	241_C|T,405_A|G,670_T|G,1124_A|G,1342_C|T,1887_C|T,1973_C|T,2163_A|C,2790_C|T,3037_C|T,4184_G|A,4321_C|T,5301_C|T,7564_C|T,8737_T|C,9344_C|T,9424_A|G,9534_C|T,9866_C|T,10029_C|T,10198_C|T,10447_G|A,10449_C|A,12467_G|T,12880_C|T,14408_C|T,15451_G|A,15714_C|T,15738_C|T,15939_T|C,16342_T|C,16856_A|G,17124_T|C,17410_C|T,17859_T|C,18163_A|G,19326_A|G,19955_C|T,20055_A|G,21618_C|T,21810_T|C,21987_G|A,22000_C|A,22109_C|G,22200_T|A,22317_G|T,22577_G|C,22578_G|A,22599_G|C,22624_C|T,22664_C|A,22674_C|T,22679_T|C,22686_C|T,22688_A|G,22775_G|A,22786_A|C,22813_G|T,22882_T|G,22895_G|C,22896_T|C,22898_G|A,22927_G|T,22928_T|C,22942_T|G,22992_G|A,22995_C|A,23013_A|C,23018_T|C,23019_T|C,23031_T|C,23055_A|G,23063_A|T,23075_T|C,23403_A|G,23525_C|T,23599_T|G,23604_C|A,23673_C|T,23854_C|A,23948_G|T,24424_A|T,24469_T|A,25000_C|T,25416_C|T,25584_C|T,25690_G|A,25916_C|A,25947_G|C,26060_C|T,26270_C|T,26275_A|G,26577_C|G,26709_G|A,26858_C|T,27259_A|C,27382_G|C,27383_A|T,27384_T|C,27741_C|T,27807_C|T,27915_G|T,28271_A|T,28297_T|C,28311_C|T,28657_C|T,28881_G|A,28882_G|A,28883_G|C,29510_A|C,11288_11296,21633_21641,21992_21994,28362_28370,29734_29759
USA/NY-CDC-QDX85876769/2023	XCH	241_C|T,405_A|G,670_T|G,1124_A|G,1973_C|T,2163_A|C,2790_C|T,3037_C|T,4184_G|A,4321_C|T,7564_C|T,8737_T|C,9344_C|T,9424_A|G,9534_C|T,9866_C|T,10029_C|T,10198_C|T,10447_G|A,10449_C|A,12467_G|T,12880_C|T,14120_C|T,14408_C|T,15451_G|A,15714_C|T,15738_C|T,15939_T|C,16342_T|C,16856_A|G,16923_A|C,17124_T|C,17410_C|T,17859_T|C,18163_A|G,19326_A|G,19955_C|T,20055_A|G,21618_C|T,21810_T|C,21987_G|A,22000_C|A,22109_C|G,22200_T|A,22317_G|T,22577_G|C,22578_G|A,22599_G|C,22624_C|T,22664_C|A,22674_C|T,22679_T|C,22686_C|T,22688_A|G,22775_G|A,22786_A|C,22813_G|T,22882_T|G,22895_G|C,22896_T|C,22898_G|A,22927_G|T,22928_T|C,22942_T|G,22992_G|A,22995_C|A,23013_A|C,23018_T|C,23019_T|C,23031_T|C,23055_A|G,23063_A|T,23075_T|C,23403_A|G,23525_C|T,23599_T|G,23604_C|A,23673_C|T,23854_C|A,23948_G|T,24424_A|T,24469_T|A,25000_C|T,25416_C|T,25584_C|T,25916_C|A,25947_G|C,26060_C|T,26270_C|T,26275_A|G,26577_C|G,26709_G|A,26858_C|T,27259_A|C,27382_G|C,27383_A|T,27384_T|C,27741_C|T,27807_C|T,27915_G|T,28271_A|T,28289_C|A,28297_T|C,28311_C|T,28657_C|T,28881_G|A,28882_G|A,28883_G|C,29510_A|C,29806_A|G,11288_11296,21633_21641,21992_21994,28362_28370,29734_29759
USA/NY-CDC-QDX85876770/2023	XCH	241_C|T,405_A|G,670_T|G,1124_A|G,1973_C|T,2163_A|C,2790_C|T,3037_C|T,4184_G|A,4321_C|T,7564_C|T,8737_T|C,9344_C|T,9424_A|G,9534_C|T,9866_C|T,10029_C|T,10198_C|T,10447_G|A,10449_C|A,12467_G|T,12880_C|T,14408_C|T,15451_G|A,15714_C|T,15738_C|T,15939_T|C,16342_T|C,16856_A|G,16923_A|C,17124_T|C,17410_C|T,17859_T|C,18163_A|G,19326_A|G,19955_C|T,20055_A|G,21618_C|T,21810_T|C,21987_G|A,22000_C|A,22109_C|G,22200_T|A,22317_G|T,22577_G|C,22578_G|A,22599_G|C,22624_C|T,22664_C|A,22674_C|T,22679_T|C,22686_C|T,22688_A|G,22775_G|A,22786_A|C,22813_G|T,22882_T|G,22895_G|C,22896_T|C,22898_G|A,22927_G|T,22928_T|C,22942_T|G,22992_G|A,22995_C|A,23013_A|C,23018_T|C,23019_T|C,23031_T|C,23055_A|G,23063_A|T,23075_T|C,23403_A|G,23525_C|T,23599_T|G,23604_C|A,23673_C|T,23854_C|A,23948_G|T,24424_A|T,24469_T|A,25000_C|T,25416_C|T,25584_C|T,25916_C|A,25947_G|C,26060_C|T,26270_C|T,26275_A|G,26577_C|G,26709_G|A,26858_C|T,27259_A|C,27382_G|C,27383_A|T,27384_T|C,27741_C|T,27807_C|T,27915_G|T,28271_A|T,28289_C|A,28297_T|C,28311_C|T,28657_C|T,28881_G|A,28882_G|A,28883_G|C,29510_A|C,510_518,11288_11296,21633_21641,21992_21994,28362_28370,29734_29759
USA/NY-CDC-QDX85877015/2023	XCH	241_C|T,405_A|G,670_T|G,1124_A|G,1930_T|C,1973_C|T,2163_A|C,2790_C|T,3037_C|T,4184_G|A,4321_C|T,7564_C|T,8737_T|C,9344_C|T,9424_A|G,9534_C|T,9866_C|T,10029_C|T,10198_C|T,10447_G|A,10449_C|A,12467_G|T,12880_C|T,14408_C|T,15451_G|A,15714_C|T,15738_C|T,15939_T|C,16342_T|C,16856_A|G,16923_A|C,17124_T|C,17410_C|T,17859_T|C,18163_A|G,19326_A|G,19955_C|T,20055_A|G,21618_C|T,21810_T|C,21987_G|A,22000_C|A,22109_C|G,22200_T|A,22317_G|T,22577_G|C,22578_G|A,22599_G|C,22624_C|T,22664_C|A,22674_C|T,22679_T|C,22686_C|T,22688_A|G,22775_G|A,22786_A|C,22813_G|T,22882_T|G,22895_G|C,22896_T|C,22898_G|A,22927_G|T,22928_T|C,22942_T|G,22992_G|A,22995_C|A,23013_A|C,23018_T|C,23019_T|C,23031_T|C,23055_A|G,23063_A|T,23075_T|C,23403_A|G,23525_C|T,23599_T|G,23604_C|A,23673_C|T,23854_C|A,23948_G|T,24424_A|T,24469_T|A,25000_C|T,25416_C|T,25584_C|T,25916_C|A,25947_G|C,26060_C|T,26270_C|T,26275_A|G,26499_C|T,26577_C|G,26709_G|A,26858_C|T,27259_A|C,27382_G|C,27383_A|T,27384_T|C,27741_C|T,27807_C|T,27915_G|T,28271_A|T,28289_C|A,28297_T|C,28311_C|T,28657_C|T,28881_G|A,28882_G|A,28883_G|C,29034_C|T,29510_A|C,11288_11296,21633_21641,21992_21994,28254,28362_28370,29734_29759
USA/NY-CDC-QDX85929479/2023	XCH	241_C|T,405_A|G,670_T|G,1124_A|G,1930_T|C,1973_C|T,2163_A|C,2790_C|T,3037_C|T,4184_G|A,4321_C|T,7564_C|T,8737_T|C,9344_C|T,9424_A|G,9534_C|T,9866_C|T,10029_C|T,10198_C|T,10447_G|A,10449_C|A,12467_G|T,12880_C|T,14408_C|T,15451_G|A,15714_C|T,15738_C|T,15939_T|C,16342_T|C,16856_A|G,16923_A|C,17124_T|C,17410_C|T,17859_T|C,18163_A|G,19326_A|G,19955_C|T,20055_A|G,21618_C|T,21810_T|C,21987_G|A,22000_C|A,22109_C|G,22200_T|A,22317_G|T,22577_G|C,22578_G|A,22599_G|C,22624_C|T,22664_C|A,22674_C|T,22679_T|C,22686_C|T,22688_A|G,22775_G|A,22786_A|C,22813_G|T,22882_T|G,22895_G|C,22896_T|C,22898_G|A,22927_G|T,22928_T|C,22942_T|G,22992_G|A,22995_C|A,23013_A|C,23018_T|C,23019_T|C,23031_T|C,23055_A|G,23063_A|T,23075_T|C,23403_A|G,23525_C|T,23599_T|G,23604_C|A,23673_C|T,23854_C|A,23948_G|T,24424_A|T,24469_T|A,25000_C|T,25416_C|T,25584_C|T,25916_C|A,25947_G|C,26060_C|T,26270_C|T,26275_A|G,26577_C|G,26709_G|A,26858_C|T,27259_A|C,27382_G|C,27383_A|T,27384_T|C,27741_C|T,27807_C|T,27915_G|T,28271_A|T,28289_C|A,28297_T|C,28311_C|T,28657_C|T,28881_G|A,28882_G|A,28883_G|C,29510_A|C,11288_11296,21633_21641,21992_21994,28254,28362_28370,29734_29759
USA/NY-CDC-QDX85991558/2023	XCH	241_C|T,361_A|G,405_A|G,670_T|G,1124_A|G,1973_C|T,2163_A|C,2790_C|T,3037_C|T,4184_G|A,4321_C|T,7564_C|T,8737_T|C,9344_C|T,9424_A|G,9534_C|T,9866_C|T,10029_C|T,10198_C|T,10447_G|A,10449_C|A,12467_G|T,12880_C|T,14408_C|T,15451_G|A,15714_C|T,15738_C|T,15786_T|C,15939_T|C,16342_T|C,16856_A|G,16923_A|C,17124_T|C,17410_C|T,17859_T|C,18163_A|G,19326_A|G,19955_C|T,20055_A|G,21618_C|T,21810_T|C,21987_G|A,22000_C|A,22109_C|G,22200_T|A,22317_G|T,22577_G|C,22578_G|A,22599_G|C,22624_C|T,22664_C|A,22674_C|T,22679_T|C,22686_C|T,22688_A|G,22775_G|A,22786_A|C,22813_G|T,22882_T|G,22895_G|C,22896_T|C,22898_G|A,22927_G|T,22928_T|C,22942_T|G,22992_G|A,22995_C|A,23013_A|C,23018_T|C,23019_T|C,23031_T|C,23055_A|G,23063_A|T,23075_T|C,23403_A|G,23525_C|T,23599_T|G,23604_C|A,23673_C|T,23854_C|A,23948_G|T,24424_A|T,24469_T|A,25000_C|T,25416_C|T,25584_C|T,25916_C|A,25947_G|C,26060_C|T,26270_C|T,26275_A|G,26577_C|G,26709_G|A,26858_C|T,27259_A|C,27382_G|C,27383_A|T,27384_T|C,27741_C|T,27807_C|T,27915_G|T,28271_A|T,28289_C|A,28297_T|C,28311_C|T,28657_C|T,28881_G|A,28882_G|A,28883_G|C,29510_A|C,11288_11296,21633_21641,21992_21994,28362_28370,29734_29759
USA/NY-CDC-QDX85991637/2023	XCH	241_C|T,405_A|G,670_T|G,1124_A|G,1973_C|T,2163_A|C,2790_C|T,3037_C|T,3351_G|A,4184_G|A,4321_C|T,7564_C|T,8737_T|C,9344_C|T,9424_A|G,9534_C|T,9866_C|T,10029_C|T,10198_C|T,10447_G|A,10449_C|A,10904_A|G,11737_T|C,12467_G|T,12880_C|T,14408_C|T,15451_G|A,15714_C|T,15738_C|T,15939_T|C,16342_T|C,16856_A|G,17124_T|C,17410_C|T,17859_T|C,18163_A|G,19326_A|G,19955_C|T,20055_A|G,21618_C|T,21668_G|T,21810_T|C,21987_G|A,22000_C|A,22109_C|G,22200_T|A,22317_G|T,22577_G|C,22578_G|A,22599_G|C,22624_C|T,22664_C|A,22674_C|T,22679_T|C,22686_C|T,22688_A|G,22775_G|A,22786_A|C,22813_G|T,22882_T|G,22895_G|C,22896_T|C,22898_G|A,22927_G|T,22928_T|C,22942_T|G,22992_G|A,22995_C|A,23013_A|C,23018_T|C,23019_T|C,23031_T|C,23055_A|G,23063_A|T,23075_T|C,23301_A|G,23403_A|G,23525_C|T,23599_T|G,23604_C|A,23673_C|T,23854_C|A,23948_G|T,24424_A|T,24469_T|A,25000_C|T,25416_C|T,25584_C|T,25916_C|A,25947_G|C,26060_C|T,26270_C|T,26275_A|G,26577_C|G,26709_G|A,26858_C|T,27259_A|C,27382_G|C,27383_A|T,27384_T|C,27741_C|T,27807_C|T,27915_G|T,28271_A|T,28297_T|C,28311_C|T,28657_C|T,28791_C|T,28881_G|A,28882_G|A,28883_G|C,29510_A|C,29679_C|T,11288_11296,21633_21641,21992_21994,28362_28370,29734_29759
USA/NY-CDC-QDX86114102/2023	XCH	241_C|T,361_A|G,405_A|G,670_T|G,1124_A|G,1973_C|T,2163_A|C,2790_C|T,3037_C|T,4184_G|A,4321_C|T,7564_C|T,8737_T|C,9344_C|T,9424_A|G,9534_C|T,9866_C|T,10029_C|T,10198_C|T,10447_G|A,10449_C|A,12467_G|T,12880_C|T,13378_C|T,14408_C|T,15451_G|A,15714_C|T,15738_C|T,15786_T|C,15939_T|C,16342_T|C,16856_A|G,16923_A|C,17124_T|C,17410_C|T,17859_T|C,18163_A|G,19326_A|G,19955_C|T,20055_A|G,21618_C|T,21810_T|C,21987_G|A,22000_C|A,22109_C|G,22200_T|A,22317_G|T,22577_G|C,22578_G|A,22599_G|C,22624_C|T,22664_C|A,22674_C|T,22679_T|C,22686_C|T,22688_A|G,22775_G|A,22786_A|C,22813_G|T,22882_T|G,22895_G|C,22896_T|C,22898_G|A,22927_G|T,22928_T|C,22942_T|G,22992_G|A,22995_C|A,23013_A|C,23018_T|C,23019_T|C,23031_T|C,23055_A|G,23063_A|T,23075_T|C,23403_A|G,23473_T|C,23525_C|T,23599_T|G,23604_C|A,23673_C|T,23854_C|A,23948_G|T,24424_A|T,24469_T|A,25000_C|T,25416_C|T,25584_C|T,25916_C|A,25947_G|C,26060_C|T,26270_C|T,26275_A|G,26577_C|G,26709_G|A,26858_C|T,27259_A|C,27382_G|C,27383_A|T,27384_T|C,27741_C|T,27807_C|T,27915_G|T,28271_A|T,28289_C|A,28297_T|C,28311_C|T,28657_C|T,28881_G|A,28882_G|A,28883_G|C,29510_A|C,11288_11296,21633_21641,21992_21994,28362_28370,29734_29759
USA/NY-CDC-QDX86114168/2023	XCH	241_C|T,405_A|G,670_T|G,1124_A|G,1973_C|T,2163_A|C,2790_C|T,3037_C|T,4184_G|A,4321_C|T,7564_C|T,8737_T|C,9344_C|T,9424_A|G,9534_C|T,9866_C|T,10029_C|T,10198_C|T,10447_G|A,10449_C|A,12467_G|T,12880_C|T,14120_C|T,14408_C|T,15451_G|A,15714_C|T,15738_C|T,15939_T|C,16342_T|C,16856_A|G,16923_A|C,17124_T|C,17410_C|T,17859_T|C,18163_A|G,19326_A|G,19955_C|T,20055_A|G,21618_C|T,21810_T|C,21987_G|A,22000_C|A,22109_C|G,22200_T|A,22317_G|T,22577_G|C,22578_G|A,22599_G|C,22624_C|T,22664_C|A,22674_C|T,22679_T|C,22686_C|T,22688_A|G,22775_G|A,22786_A|C,22813_G|T,22882_T|G,22895_G|C,22896_T|C,22898_G|A,22927_G|T,22928_T|C,22942_T|G,22992_G|A,22995_C|A,23013_A|C,23018_T|C,23019_T|C,23031_T|C,23055_A|G,23063_A|T,23075_T|C,23403_A|G,23525_C|T,23599_T|G,23604_C|A,23673_C|T,23854_C|A,23948_G|T,24424_A|T,24469_T|A,25000_C|T,25416_C|T,25584_C|T,25916_C|A,25947_G|C,26060_C|T,26270_C|T,26275_A|G,26577_C|G,26709_G|A,26858_C|T,27259_A|C,27382_G|C,27383_A|T,27384_T|C,27741_C|T,27807_C|T,27915_G|T,28271_A|T,28289_C|A,28297_T|C,28311_C|T,28657_C|T,28881_G|A,28882_G|A,28883_G|C,29510_A|C,11288_11296,21633_21641,21992_21994,28362_28370,29734_29759
USA/NY-CDC-QDX86114262/2023	XCH	241_C|T,361_A|G,405_A|G,670_T|G,1124_A|G,1973_C|T,2163_A|C,2790_C|T,3037_C|T,4184_G|A,4321_C|T,7564_C|T,8737_T|C,9344_C|T,9424_A|G,9534_C|T,9866_C|T,10029_C|T,10198_C|T,10447_G|A,10449_C|A,12467_G|T,12880_C|T,14408_C|T,15451_G|A,15714_C|T,15738_C|T,15786_T|C,15939_T|C,16342_T|C,16856_A|G,16923_A|C,17124_T|C,17410_C|T,17859_T|C,18163_A|G,19326_A|G,19955_C|T,20055_A|G,21618_C|T,21810_T|C,21987_G|A,22000_C|A,22109_C|G,22200_T|A,22317_G|T,22577_G|C,22578_G|A,22599_G|C,22624_C|T,22664_C|A,22674_C|T,22679_T|C,22686_C|T,22688_A|G,22775_G|A,22786_A|C,22813_G|T,22882_T|G,22895_G|C,22896_T|C,22898_G|A,22927_G|T,22928_T|C,22942_T|G,22992_G|A,22995_C|A,23013_A|C,23018_T|C,23019_T|C,23031_T|C,23055_A|G,23063_A|T,23075_T|C,23403_A|G,23525_C|T,23599_T|G,23604_C|A,23673_C|T,23854_C|A,23948_G|T,24424_A|T,24469_T|A,25000_C|T,25416_C|T,25584_C|T,25916_C|A,25947_G|C,26060_C|T,26270_C|T,26275_A|G,26577_C|G,26709_G|A,26858_C|T,27259_A|C,27382_G|C,27383_A|T,27384_T|C,27741_C|T,27807_C|T,27915_G|T,28271_A|T,28289_C|A,28297_T|C,28311_C|T,28657_C|T,28881_G|A,28882_G|A,28883_G|C,29510_A|C,11288_11296,21633_21641,21992_21994,28362_28370,29734_29759
USA/NY-CDC-QDX86279583/2023	XCH	241_C|T,405_A|G,670_T|G,1124_A|G,1973_C|T,2163_A|C,2790_C|T,3037_C|T,4184_G|A,4321_C|T,7564_C|T,8737_T|C,9344_C|T,9424_A|G,9534_C|T,9866_C|T,10029_C|T,10198_C|T,10447_G|A,10449_C|A,12467_G|T,12880_C|T,14408_C|T,15451_G|A,15714_C|T,15738_C|T,15939_T|C,16342_T|C,16856_A|G,16923_A|C,17124_T|C,17410_C|T,17859_T|C,18163_A|G,19326_A|G,19955_C|T,20055_A|G,21618_C|T,21727_C|T,21810_T|C,21987_G|A,22000_C|A,22109_C|G,22200_T|A,22317_G|T,22577_G|C,22578_G|A,22599_G|C,22624_C|T,22664_C|A,22674_C|T,22679_T|C,22686_C|T,22688_A|G,22775_G|A,22786_A|C,22813_G|T,22882_T|G,22895_G|C,22896_T|C,22898_G|A,22927_G|T,22928_T|C,22942_T|G,22992_G|A,22995_C|A,23013_A|C,23018_T|C,23019_T|C,23031_T|C,23055_A|G,23063_A|T,23075_T|C,23403_A|G,23525_C|T,23599_T|G,23604_C|A,23673_C|T,23854_C|A,23948_G|T,24424_A|T,24469_T|A,25000_C|T,25416_C|T,25584_C|T,25869_T|C,25916_C|A,25947_G|C,26060_C|T,26270_C|T,26275_A|G,26577_C|G,26709_G|A,26858_C|T,27259_A|C,27382_G|C,27383_A|T,27384_T|C,27741_C|T,27807_C|T,27915_G|T,28271_A|T,28289_C|A,28297_T|C,28311_C|T,28657_C|T,28881_G|A,28882_G|A,28883_G|C,29510_A|C,11288_11296,21633_21641,21992_21994,28362_28370,29734_29759
USA/NY-CDC-QDX86518834/2023	XCH	241_C|T,405_A|G,670_T|G,1124_A|G,1973_C|T,2163_A|C,2790_C|T,3037_C|T,4184_G|A,4321_C|T,7564_C|T,8737_T|C,9344_C|T,9424_A|G,9534_C|T,9866_C|T,10029_C|T,10198_C|T,10369_C|T,10447_G|A,10449_C|A,12467_G|T,12880_C|T,14120_C|T,14408_C|T,15451_G|A,15714_C|T,15738_C|T,15939_T|C,16342_T|C,16856_A|G,16923_A|C,17124_T|C,17410_C|T,17859_T|C,18163_A|G,19326_A|G,19955_C|T,20055_A|G,21618_C|T,21810_T|C,21987_G|A,22000_C|A,22109_C|G,22200_T|A,22317_G|T,22577_G|C,22578_G|A,22599_G|C,22624_C|T,22664_C|A,22674_C|T,22679_T|C,22686_C|T,22688_A|G,22775_G|A,22786_A|C,22813_G|T,22882_T|G,22895_G|C,22896_T|C,22898_G|A,22927_G|T,22928_T|C,22942_T|G,22992_G|A,22995_C|A,23013_A|C,23018_T|C,23019_T|C,23031_T|C,23055_A|G,23063_A|T,23075_T|C,23403_A|G,23525_C|T,23599_T|G,23604_C|A,23673_C|T,23854_C|A,23948_G|T,24424_A|T,24469_T|A,25000_C|T,25416_C|T,25584_C|T,25916_C|A,25947_G|C,26060_C|T,26102_T|C,26270_C|T,26275_A|G,26577_C|G,26709_G|A,26858_C|T,27259_A|C,27382_G|C,27383_A|T,27384_T|C,27741_C|T,27807_C|T,27890_G|A,27915_G|T,28271_A|T,28289_C|A,28297_T|C,28311_C|T,28657_C|T,28881_G|A,28882_G|A,28883_G|C,29510_A|C,11288_11296,21633_21641,21992_21994,28362_28370,29734_29759
USA/NY-CDC-QDX86658187/2023	XCH	241_C|T,405_A|G,670_T|G,1124_A|G,1973_C|T,2163_A|C,2790_C|T,3037_C|T,4184_G|A,4321_C|T,7564_C|T,8737_T|C,9344_C|T,9424_A|G,9534_C|T,9866_C|T,10029_C|T,10198_C|T,10447_G|A,10449_C|A,12467_G|T,12880_C|T,14408_C|T,15451_G|A,15714_C|T,15738_C|T,15939_T|C,16342_T|C,16856_A|G,16923_A|C,17124_T|C,17410_C|T,17859_T|C,18163_A|G,19326_A|G,19955_C|T,20055_A|G,21618_C|T,21810_T|C,21987_G|A,22000_C|A,22109_C|G,22200_T|A,22317_G|T,22577_G|C,22578_G|A,22599_G|C,22624_C|T,22664_C|A,22674_C|T,22679_T|C,22686_C|T,22688_A|G,22775_G|A,22786_A|C,22813_G|T,22882_T|G,22895_G|C,22896_T|C,22898_G|A,22927_G|T,22928_T|C,22942_T|G,22992_G|A,22995_C|A,23013_A|C,23018_T|C,23019_T|C,23031_T|C,23055_A|G,23063_A|T,23075_T|C,23403_A|G,23525_C|T,23599_T|G,23604_C|A,23673_C|T,23854_C|A,23948_G|T,24424_A|T,24469_T|A,25000_C|T,25416_C|T,25584_C|T,25916_C|A,25947_G|C,26060_C|T,26270_C|T,26275_A|G,26577_C|G,26709_G|A,26858_C|T,27259_A|C,27382_G|C,27383_A|T,27384_T|C,27513_C|T,27741_C|T,27807_C|T,27915_G|T,28271_A|T,28289_C|A,28297_T|C,28311_C|T,28657_C|T,28881_G|A,28882_G|A,28883_G|C,29510_A|C,11288_11296,21633_21641,21992_21994,28362_28370,29734_29759
USA/NY-CDC-QDX86829021/2023	XCH	241_C|T,405_A|G,670_T|G,1124_A|G,1895_G|A,1973_C|T,2163_A|C,2790_C|T,3037_C|T,4184_G|A,4321_C|T,6216_A|G,6547_T|C,7564_C|T,8737_T|C,9344_C|T,9424_A|G,9534_C|T,9866_C|T,10029_C|T,10198_C|T,10447_G|A,10449_C|A,12467_G|T,12880_C|T,14408_C|T,15451_G|A,15714_C|T,15738_C|T,15939_T|C,16342_T|C,16856_A|G,16923_A|C,17124_T|C,17410_C|T,17859_T|C,18163_A|G,19326_A|G,19955_C|T,20055_A|G,21618_C|T,21810_T|C,21987_G|A,22000_C|A,22109_C|G,22200_T|A,22317_G|T,22323_C|T,22577_G|C,22578_G|A,22599_G|C,22624_C|T,22664_C|A,22674_C|T,22679_T|C,22686_C|T,22688_A|G,22775_G|A,22786_A|C,22813_G|T,22882_T|G,22895_G|C,22896_T|C,22898_G|A,22927_G|T,22928_T|C,22942_T|G,22992_G|A,22995_C|A,23013_A|C,23018_T|C,23019_T|C,23031_T|C,23055_A|G,23063_A|T,23075_T|C,23403_A|G,23525_C|T,23599_T|G,23604_C|A,23673_C|T,23854_C|A,23948_G|T,24424_A|T,24469_T|A,25000_C|T,25416_C|T,25584_C|T,25916_C|A,25947_G|C,26060_C|T,26270_C|T,26275_A|G,26577_C|G,26709_G|A,26858_C|T,27259_A|C,27382_G|C,27383_A|T,27384_T|C,27513_C|T,27741_C|T,27807_C|T,27915_G|T,28271_A|T,28289_C|A,28297_T|C,28311_C|T,28657_C|T,28881_G|A,28882_G|A,28883_G|C,29510_A|C,11288_11296,21633_21641,21992_21994,28362_28370,29734_29759
USA/NY-CDC-QDX87234543/2023	XCH	241_C|T,405_A|G,670_T|G,1124_A|G,1973_C|T,2163_A|C,2790_C|T,3037_C|T,4184_G|A,4321_C|T,7564_C|T,8737_T|C,9344_C|T,9424_A|G,9534_C|T,9866_C|T,10029_C|T,10198_C|T,10447_G|A,10449_C|A,12467_G|T,12880_C|T,14120_C|T,14408_C|T,15451_G|A,15714_C|T,15738_C|T,15939_T|C,16342_T|C,16856_A|G,16923_A|C,17124_T|C,17410_C|T,17859_T|C,18163_A|G,19326_A|G,19955_C|T,20055_A|G,21552_C|T,21618_C|T,21810_T|C,21987_G|A,22000_C|A,22109_C|G,22200_T|A,22317_G|T,22577_G|C,22578_G|A,22599_G|C,22624_C|T,22664_C|A,22674_C|T,22679_T|C,22686_C|T,22688_A|G,22775_G|A,22786_A|C,22813_G|T,22882_T|G,22895_G|C,22896_T|C,22898_G|A,22927_G|T,22928_T|C,22942_T|G,22992_G|A,22995_C|A,23013_A|C,23018_T|C,23019_T|C,23031_T|C,23055_A|G,23063_A|T,23075_T|C,23403_A|G,23525_C|T,23599_T|G,23604_C|A,23673_C|T,23854_C|A,23948_G|T,24424_A|T,24469_T|A,25000_C|T,25416_C|T,25584_C|T,25916_C|A,25947_G|C,26060_C|T,26270_C|T,26275_A|G,26577_C|G,26709_G|A,26858_C|T,27259_A|C,27382_G|C,27383_A|T,27384_T|C,27741_C|T,27807_C|T,27915_G|T,28271_A|T,28289_C|A,28297_T|C,28311_C|T,28657_C|T,28881_G|A,28882_G|A,28883_G|C,29510_A|C,11288_11296,21633_21641,21992_21994,28362_28370,29734_29759
USA/NY-CDC-QDX87461898/2023	XCH	241_C|T,361_A|G,405_A|G,443_G|A,670_T|G,1124_A|G,1973_C|T,2163_A|C,2790_C|T,3037_C|T,4184_G|A,4321_C|T,6762_C|T,7564_C|T,8737_T|C,9344_C|T,9424_A|G,9534_C|T,9866_C|T,10029_C|T,10198_C|T,10447_G|A,10449_C|A,12467_G|T,12880_C|T,14408_C|T,15451_G|A,15714_C|T,15738_C|T,15786_T|C,15939_T|C,16342_T|C,16856_A|G,16923_A|C,17124_T|C,17410_C|T,17859_T|C,18163_A|G,19326_A|G,19955_C|T,20055_A|G,21618_C|T,21810_T|C,21987_G|A,22000_C|A,22109_C|G,22200_T|A,22317_G|T,22577_G|C,22578_G|A,22599_G|C,22624_C|T,22664_C|A,22674_C|T,22679_T|C,22686_C|T,22688_A|G,22775_G|A,22786_A|C,22813_G|T,22882_T|G,22895_G|C,22896_T|C,22898_G|A,22927_G|T,22928_T|C,22942_T|G,22992_G|A,22995_C|A,23013_A|C,23018_T|C,23019_T|C,23031_T|C,23055_A|G,23063_A|T,23075_T|C,23403_A|G,23525_C|T,23599_T|G,23604_C|A,23673_C|T,23854_C|A,23948_G|T,24424_A|T,24469_T|A,25000_C|T,25416_C|T,25584_C|T,25916_C|A,25947_G|C,26060_C|T,26270_C|T,26275_A|G,26577_C|G,26709_G|A,26858_C|T,27259_A|C,27382_G|C,27383_A|T,27384_T|C,27741_C|T,27807_C|T,27915_G|T,28271_A|T,28289_C|A,28297_T|C,28311_C|T,28657_C|T,28881_G|A,28882_G|A,28883_G|C,29510_A|C,11288_11296,21633_21641,21992_21994,28362_28370,29734_29759
USA/NY-CDC-QDX87530277/2023	XCH	241_C|T,405_A|G,501_C|T,670_T|G,1124_A|G,1973_C|T,2163_A|C,2790_C|T,3037_C|T,4184_G|A,4321_C|T,5812_C|T,7564_C|T,8737_T|C,9344_C|T,9424_A|G,9534_C|T,9866_C|T,10029_C|T,10198_C|T,10447_G|A,10449_C|A,12467_G|T,12880_C|T,14408_C|T,15451_G|A,15714_C|T,15738_C|T,15939_T|C,16342_T|C,16856_A|G,16923_A|C,17124_T|C,17410_C|T,17859_T|C,18163_A|G,19326_A|G,19955_C|T,20055_A|G,21618_C|T,21810_T|C,21987_G|A,22000_C|A,22109_C|G,22200_T|A,22317_G|T,22577_G|C,22578_G|A,22599_G|C,22624_C|T,22664_C|A,22674_C|T,22679_T|C,22686_C|T,22688_A|G,22775_G|A,22786_A|C,22813_G|T,22882_T|G,22895_G|C,22896_T|C,22898_G|A,22927_G|T,22928_T|C,22942_T|G,22992_G|A,22995_C|A,23013_A|C,23018_T|C,23019_T|C,23031_T|C,23055_A|G,23063_A|T,23075_T|C,23403_A|G,23525_C|T,23599_T|G,23604_C|A,23673_C|T,23854_C|A,23948_G|T,24424_A|T,24469_T|A,25000_C|T,25416_C|T,25584_C|T,25916_C|A,25947_G|C,26060_C|T,26270_C|T,26275_A|G,26577_C|G,26709_G|A,26858_C|T,27259_A|C,27382_G|C,27383_A|T,27384_T|C,27741_C|T,27807_C|T,27915_G|T,28271_A|T,28289_C|A,28297_T|C,28311_C|T,28657_C|T,28881_G|A,28882_G|A,28883_G|C,29510_A|C,11288_11296,21633_21641,21992_21994,28362_28370,29734_29759
USA/NY-CDC-QDX87824346/2023	XCH	241_C|T,405_A|G,670_T|G,1124_A|G,1973_C|T,2163_A|C,2790_C|T,3037_C|T,4184_G|A,4321_C|T,7564_C|T,8737_T|C,9344_C|T,9424_A|G,9534_C|T,9866_C|T,10029_C|T,10198_C|T,10447_G|A,10449_C|A,12467_G|T,12880_C|T,14120_C|T,14408_C|T,14940_A|G,15451_G|A,15714_C|T,15738_C|T,15939_T|C,16342_T|C,16856_A|G,16923_A|C,17124_T|C,17410_C|T,17859_T|C,18163_A|G,19326_A|G,19955_C|T,20055_A|G,21552_C|T,21618_C|T,21810_T|C,21987_G|A,22000_C|A,22109_C|G,22200_T|A,22317_G|T,22577_G|C,22578_G|A,22599_G|C,22624_C|T,22664_C|A,22674_C|T,22679_T|C,22686_C|T,22688_A|G,22775_G|A,22786_A|C,22813_G|T,22882_T|G,22895_G|C,22896_T|C,22898_G|A,22927_G|T,22928_T|C,22942_T|G,22992_G|A,22995_C|A,23013_A|C,23018_T|C,23019_T|C,23031_T|C,23055_A|G,23063_A|T,23075_T|C,23403_A|G,23525_C|T,23599_T|G,23604_C|A,23673_C|T,23854_C|A,23948_G|T,24424_A|T,24469_T|A,25000_C|T,25416_C|T,25584_C|T,25916_C|A,25947_G|C,26060_C|T,26270_C|T,26275_A|G,26577_C|G,26709_G|A,26858_C|T,27110_C|T,27259_A|C,27382_G|C,27383_A|T,27384_T|C,27527_C|T,27741_C|T,27807_C|T,27915_G|T,28271_A|T,28289_C|A,28297_T|C,28311_C|T,28657_C|T,28881_G|A,28882_G|A,28883_G|C,29510_A|C,11288_11296,21633_21641,21992_21994,28362_28370,29734_29759
USA/NY-CDC-QDX88146545/2023	XCH	241_C|T,311_C|T,405_A|G,670_T|G,1124_A|G,1973_C|T,2163_A|C,2790_C|T,3037_C|T,4184_G|A,4321_C|T,7564_C|T,8737_T|C,9344_C|T,9424_A|G,9534_C|T,9866_C|T,10029_C|T,10198_C|T,10447_G|A,10449_C|A,12467_G|T,12880_C|T,14408_C|T,15451_G|A,15714_C|T,15738_C|T,15939_T|C,16342_T|C,16856_A|G,16923_A|C,17124_T|C,17410_C|T,17859_T|C,18163_A|G,19326_A|G,19955_C|T,20055_A|G,20400_A|G,21575_C|T,21618_C|T,21810_T|C,21987_G|A,22000_C|A,22109_C|G,22200_T|A,22317_G|T,22577_G|C,22578_G|A,22599_G|C,22624_C|T,22664_C|A,22674_C|T,22679_T|C,22686_C|T,22688_A|G,22775_G|A,22786_A|C,22813_G|T,22882_T|G,22895_G|C,22896_T|C,22898_G|A,22927_G|T,22928_T|C,22942_T|G,22992_G|A,22995_C|A,23013_A|C,23018_T|C,23019_T|C,23031_T|C,23055_A|G,23063_A|T,23075_T|C,23403_A|G,23525_C|T,23599_T|G,23604_C|A,23673_C|T,23854_C|A,23948_G|T,24424_A|T,24469_T|A,25000_C|T,25416_C|T,25584_C|T,25916_C|A,25947_G|C,26060_C|T,26270_C|T,26275_A|G,26577_C|G,26709_G|A,26858_C|T,27259_A|C,27382_G|C,27383_A|T,27384_T|C,27513_C|T,27741_C|T,27807_C|T,27915_G|T,28271_A|T,28289_C|A,28297_T|C,28311_C|T,28657_C|T,28881_G|A,28882_G|A,28883_G|C,29510_A|C,11288_11296,21633_21641,21992_21994,28362_28370,29734_29759
USA/NY-CDC-QDX88183095/2023	XCH	241_C|T,361_A|G,405_A|G,670_T|G,1124_A|G,1973_C|T,2163_A|C,2790_C|T,3037_C|T,4184_G|A,4321_C|T,7564_C|T,8737_T|C,9344_C|T,9424_A|G,9534_C|T,9866_C|T,10029_C|T,10198_C|T,10447_G|A,10449_C|A,11881_A|G,12467_G|T,12880_C|T,14408_C|T,15451_G|A,15714_C|T,15738_C|T,15786_T|C,15939_T|C,16342_T|C,16856_A|G,16923_A|C,17124_T|C,17410_C|T,17859_T|C,18163_A|G,19326_A|G,19955_C|T,20055_A|G,21618_C|T,21810_T|C,21987_G|A,22000_C|A,22109_C|G,22200_T|A,22317_G|T,22577_G|C,22578_G|A,22599_G|C,22624_C|T,22664_C|A,22674_C|T,22679_T|C,22686_C|T,22688_A|G,22775_G|A,22786_A|C,22813_G|T,22882_T|G,22895_G|C,22896_T|C,22898_G|A,22927_G|T,22928_T|C,22942_T|G,22992_G|A,22995_C|A,23013_A|C,23018_T|C,23019_T|C,23031_T|C,23055_A|G,23063_A|T,23075_T|C,23403_A|G,23525_C|T,23599_T|G,23604_C|A,23673_C|T,23854_C|A,23948_G|T,24424_A|T,24469_T|A,25000_C|T,25416_C|T,25584_C|T,25916_C|A,25947_G|C,26060_C|T,26270_C|T,26275_A|G,26577_C|G,26709_G|A,26858_C|T,27259_A|C,27382_G|C,27383_A|T,27384_T|C,27741_C|T,27807_C|T,27915_G|T,28271_A|T,28289_C|A,28297_T|C,28311_C|T,28657_C|T,28881_G|A,28882_G|A,28883_G|C,29510_A|C,11288_11296,21633_21641,21992_21994,28362_28370,29734_29759
USA/NY-CDC-QDX88183098/2023	XCH	241_C|T,361_A|G,405_A|G,670_T|G,1124_A|G,1973_C|T,2163_A|C,2790_C|T,3037_C|T,4184_G|A,4321_C|T,6762_C|T,7564_C|T,8737_T|C,9344_C|T,9424_A|G,9534_C|T,9866_C|T,10029_C|T,10198_C|T,10447_G|A,10449_C|A,12467_G|T,12880_C|T,14408_C|T,15451_G|A,15714_C|T,15738_C|T,15786_T|C,15939_T|C,16342_T|C,16856_A|G,16923_A|C,17124_T|C,17410_C|T,17859_T|C,18163_A|G,19326_A|G,19955_C|T,20055_A|G,21618_C|T,21810_T|C,21987_G|A,22000_C|A,22109_C|G,22200_T|A,22317_G|T,22577_G|C,22578_G|A,22599_G|C,22624_C|T,22664_C|A,22674_C|T,22679_T|C,22686_C|T,22688_A|G,22775_G|A,22786_A|C,22813_G|T,22882_T|G,22895_G|C,22896_T|C,22898_G|A,22927_G|T,22928_T|C,22942_T|G,22992_G|A,22995_C|A,23013_A|C,23018_T|C,23019_T|C,23031_T|C,23055_A|G,23063_A|T,23075_T|C,23403_A|G,23525_C|T,23599_T|G,23604_C|A,23673_C|T,23854_C|A,23948_G|T,24424_A|T,24469_T|A,25000_C|T,25416_C|T,25584_C|T,25916_C|A,25947_G|C,26060_C|T,26270_C|T,26275_A|G,26577_C|G,26709_G|A,26858_C|T,27259_A|C,27382_G|C,27383_A|T,27384_T|C,27741_C|T,27806_G|T,27807_C|T,27915_G|T,28271_A|T,28289_C|A,28297_T|C,28311_C|T,28657_C|T,28881_G|A,28882_G|A,28883_G|C,29200_C|A,29510_A|C,11288_11296,21633_21641,21992_21994,28362_28370,29734_29759
USA/NY-CDC-QDX88374812/2023	XCH	241_C|T,311_C|T,405_A|G,670_T|G,1124_A|G,1973_C|T,2163_A|C,2790_C|T,3037_C|T,4184_G|A,4321_C|T,7564_C|T,8737_T|C,9344_C|T,9424_A|G,9534_C|T,9866_C|T,10029_C|T,10198_C|T,10447_G|A,10449_C|A,12467_G|T,12880_C|T,14408_C|T,15451_G|A,15714_C|T,15738_C|T,15939_T|C,16342_T|C,16856_A|G,16923_A|C,17124_T|C,17410_C|T,17859_T|C,18163_A|G,19326_A|G,19955_C|T,20055_A|G,20400_A|G,21575_C|T,21618_C|T,21810_T|C,21987_G|A,22000_C|A,22109_C|G,22200_T|A,22317_G|T,22577_G|C,22578_G|A,22599_G|C,22624_C|T,22664_C|A,22674_C|T,22679_T|C,22686_C|T,22688_A|G,22775_G|A,22786_A|C,22813_G|T,22882_T|G,22895_G|C,22896_T|C,22898_G|A,22927_G|T,22928_T|C,22942_T|G,22992_G|A,22995_C|A,23013_A|C,23018_T|C,23019_T|C,23031_T|C,23055_A|G,23063_A|T,23075_T|C,23403_A|G,23525_C|T,23599_T|G,23604_C|A,23673_C|T,23854_C|A,23948_G|T,24424_A|T,24469_T|A,25000_C|T,25416_C|T,25584_C|T,25916_C|A,25947_G|C,26060_C|T,26270_C|T,26275_A|G,26577_C|G,26709_G|A,26858_C|T,27259_A|C,27382_G|C,27383_A|T,27384_T|C,27513_C|T,27741_C|T,27807_C|T,27915_G|T,28271_A|T,28289_C|A,28297_T|C,28311_C|T,28657_C|T,28881_G|A,28882_G|A,28883_G|C,29510_A|C,11288_11296,21633_21641,21992_21994,28362_28370,29734_29759
USA/NY-CDC-QDX88549295/2023	XCH	241_C|T,361_A|G,405_A|G,670_T|G,1124_A|G,1973_C|T,2163_A|C,2790_C|T,3037_C|T,4184_G|A,4321_C|T,7564_C|T,8737_T|C,9344_C|T,9424_A|G,9534_C|T,9866_C|T,10029_C|T,10198_C|T,10447_G|A,10449_C|A,12467_G|T,12880_C|T,14408_C|T,15451_G|A,15714_C|T,15738_C|T,15786_T|C,15939_T|C,16342_T|C,16856_A|G,16923_A|C,17106_T|C,17124_T|C,17410_C|T,17859_T|C,18163_A|G,19326_A|G,19955_C|T,20055_A|G,21618_C|T,21810_T|C,21987_G|A,22000_C|A,22109_C|G,22200_T|A,22317_G|T,22577_G|C,22578_G|A,22599_G|C,22624_C|T,22664_C|A,22674_C|T,22679_T|C,22686_C|T,22688_A|G,22775_G|A,22786_A|C,22813_G|T,22882_T|G,22895_G|C,22896_T|C,22898_G|A,22927_G|T,22928_T|C,22942_T|G,22992_G|A,22995_C|A,23013_A|C,23018_T|C,23019_T|C,23031_T|C,23055_A|G,23063_A|T,23075_T|C,23403_A|G,23525_C|T,23599_T|G,23604_C|A,23673_C|T,23854_C|A,23948_G|T,24424_A|T,24469_T|A,25000_C|T,25416_C|T,25584_C|T,25916_C|A,25947_G|C,26060_C|T,26270_C|T,26275_A|G,26577_C|G,26709_G|A,26858_C|T,27259_A|C,27382_G|C,27383_A|T,27384_T|C,27741_C|T,27807_C|T,27915_G|T,28112_C|T,28271_A|T,28289_C|A,28297_T|C,28311_C|T,28657_C|T,28881_G|A,28882_G|A,28883_G|C,29510_A|C,11288_11296,21633_21641,21992_21994,28362_28370,29734_29759
USA/NY-PRL-230908_84F02/2023	XCH	241_C|T,405_A|G,670_T|G,1124_A|G,1342_C|T,1973_C|T,2163_A|C,2790_C|T,3037_C|T,4184_G|A,4321_C|T,5301_C|T,7564_C|T,8737_T|C,9344_C|T,9424_A|G,9534_C|T,9866_C|T,10029_C|T,10198_C|T,10447_G|A,10449_C|A,12467_G|T,12880_C|T,14408_C|T,15451_G|A,15714_C|T,15738_C|T,15939_T|C,16342_T|C,16856_A|G,17124_T|C,17130_C|T,17410_C|T,17859_T|C,18163_A|G,19113_C|T,19326_A|G,19955_C|T,20055_A|G,21618_C|T,21810_T|C,21987_G|A,22000_C|A,22109_C|G,22200_T|A,22317_G|T,22577_G|C,22578_G|A,22599_G|C,22624_C|T,22664_C|A,22674_C|T,22679_T|C,22686_C|T,22688_A|G,22775_G|A,22786_A|C,22813_G|T,22882_T|G,22895_G|C,22896_T|C,22898_G|A,22927_G|T,22928_T|C,22942_T|G,22992_G|A,22995_C|A,23013_A|C,23018_T|C,23019_T|C,23031_T|C,23055_A|G,23063_A|T,23075_T|C,23403_A|G,23525_C|T,23599_T|G,23604_C|A,23673_C|T,23854_C|A,23948_G|T,24424_A|T,24469_T|A,25000_C|T,25416_C|T,25584_C|T,25690_G|A,25916_C|A,25947_G|C,26060_C|T,26270_C|T,26275_A|G,26370_C|T,26577_C|G,26709_G|A,26858_C|T,27259_A|C,27382_G|C,27383_A|T,27384_T|C,27741_C|T,27807_C|T,27915_G|T,28271_A|T,28297_T|C,28311_C|T,28657_C|T,28881_G|A,28882_G|A,28883_G|C,29510_A|C,11288_11296,21633_21641,21992_21994,28362_28370,29734_29759
USA/NY-PRL-230929_83B10/2023	XCH	241_C|T,405_A|G,670_T|G,1124_A|G,1973_C|T,2163_A|C,2790_C|T,3037_C|T,4184_G|A,4321_C|T,7564_C|T,8737_T|C,9344_C|T,9424_A|G,9534_C|T,9866_C|T,10029_C|T,10198_C|T,10447_G|A,10449_C|A,12467_G|T,12880_C|T,14408_C|T,15451_G|A,15714_C|T,15738_C|T,15939_T|C,16342_T|C,16856_A|G,16923_A|C,17124_T|C,17410_C|T,17859_T|C,18163_A|G,19326_A|G,19955_C|T,20055_A|G,21618_C|T,21789_C|T,21810_T|C,21987_G|A,22000_C|A,22109_C|G,22200_T|A,22317_G|T,22577_G|C,22578_G|A,22599_G|C,22624_C|T,22664_C|A,22674_C|T,22679_T|C,22686_C|T,22688_A|G,22775_G|A,22786_A|C,22813_G|T,22882_T|G,22895_G|C,22896_T|C,22898_G|A,22927_G|T,22928_T|C,22942_T|G,22992_G|A,22995_C|A,23013_A|C,23018_T|C,23019_T|C,23031_T|C,23055_A|G,23063_A|T,23075_T|C,23403_A|G,23525_C|T,23599_T|G,23604_C|A,23673_C|T,23854_C|A,23948_G|T,24424_A|T,24469_T|A,25000_C|T,25416_C|T,25584_C|T,25916_C|A,25947_G|C,26060_C|T,26270_C|T,26275_A|G,26577_C|G,26709_G|A,26858_C|T,27259_A|C,27382_G|C,27383_A|T,27384_T|C,27741_C|T,27807_C|T,27915_G|T,28271_A|T,28289_C|A,28297_T|C,28311_C|T,28657_C|T,28881_G|A,28882_G|A,28883_G|C,29510_A|C,11288_11296,21633_21641,21992_21994,28362_28370,29734_29759
USA/TN-CDC-VSX-A357107/2023	XCH	44_C|T,241_C|T,405_A|G,670_T|G,1124_A|G,1973_C|T,2163_A|C,2790_C|T,3037_C|T,4184_G|A,4321_C|T,7564_C|T,8737_T|C,9344_C|T,9424_A|G,9534_C|T,9866_C|T,10029_C|T,10198_C|T,10447_G|A,10449_C|A,12467_G|T,12880_C|T,14408_C|T,15451_G|A,15714_C|T,15738_C|T,15939_T|C,16342_T|C,16856_A|G,16923_A|C,17124_T|C,17410_C|T,17859_T|C,18163_A|G,19326_A|G,19955_C|T,20055_A|G,21618_C|T,21810_T|C,21987_G|A,22000_C|A,22109_C|G,22200_T|A,22317_G|T,22577_G|C,22578_G|A,22599_G|C,22624_C|T,22664_C|A,22674_C|T,22679_T|C,22686_C|T,22688_A|G,22775_G|A,22786_A|C,22813_G|T,22882_T|G,22895_G|C,22896_T|C,22898_G|A,22927_G|T,22928_T|C,22942_T|G,22992_G|A,22995_C|A,23013_A|C,23018_T|C,23019_T|C,23031_T|C,23055_A|G,23063_A|T,23075_T|C,23403_A|G,23525_C|T,23599_T|G,23604_C|A,23673_C|T,23854_C|A,23948_G|T,24424_A|T,24469_T|A,25000_C|T,25416_C|T,25584_C|T,25916_C|A,25947_G|C,26060_C|T,26270_C|T,26275_A|G,26577_C|G,26709_G|A,26858_C|T,27259_A|C,27382_G|C,27383_A|T,27384_T|C,27741_C|T,27807_C|T,27915_G|T,28271_A|T,28289_C|A,28297_T|C,28311_C|T,28657_C|T,28881_G|A,28882_G|A,28883_G|C,29510_A|C,11288_11296,21633_21641,21992_21994,28362_28370,29734_29759
USA/TN-SPHL-20033/2023	XCH	241_C|T,405_A|G,670_T|G,1124_A|G,1342_C|T,1973_C|T,2163_A|C,2790_C|T,3037_C|T,4184_G|A,4321_C|T,5301_C|T,7564_C|T,8737_T|C,9344_C|T,9424_A|G,9534_C|T,9866_C|T,10029_C|T,10198_C|T,10447_G|A,10449_C|A,12467_G|T,12880_C|T,14408_C|T,15451_G|A,15714_C|T,15738_C|T,15939_T|C,16342_T|C,16856_A|G,17124_T|C,17130_C|T,17410_C|T,17859_T|C,18163_A|G,19326_A|G,19955_C|T,20055_A|G,21618_C|T,21810_T|C,21987_G|A,22000_C|A,22109_C|G,22200_T|A,22317_G|T,22577_G|C,22578_G|A,22599_G|C,22624_C|T,22664_C|A,22674_C|T,22679_T|C,22686_C|T,22688_A|G,22775_G|A,22786_A|C,22813_G|T,22882_T|G,22895_G|C,22896_T|C,22898_G|A,22927_G|T,22928_T|C,22942_T|G,22992_G|A,22995_C|A,23013_A|C,23018_T|C,23019_T|C,23031_T|C,23055_A|G,23063_A|T,23075_T|C,23403_A|G,23525_C|T,23599_T|G,23604_C|A,23673_C|T,23854_C|A,23948_G|T,24424_A|T,24469_T|A,25000_C|T,25416_C|T,25584_C|T,25690_G|A,25916_C|A,25947_G|C,26060_C|T,26270_C|T,26275_A|G,26370_C|T,26577_C|G,26709_G|A,26858_C|T,27259_A|C,27382_G|C,27383_A|T,27384_T|C,27741_C|T,27807_C|T,27915_G|T,28271_A|T,28297_T|C,28311_C|T,28657_C|T,28881_G|A,28882_G|A,28883_G|C,29510_A|C,11288_11296,21633_21641,21992_21994,28362_28370,29734_29759
USA/TX-CDC-QDX84782987/2023	XCH	241_C|T,405_A|G,670_T|G,1124_A|G,1973_C|T,2163_A|C,2790_C|T,3037_C|T,4184_G|A,4321_C|T,7564_C|T,8737_T|C,9344_C|T,9424_A|G,9534_C|T,9866_C|T,10029_C|T,10198_C|T,10447_G|A,10449_C|A,12467_G|T,12880_C|T,14408_C|T,15451_G|A,15714_C|T,15738_C|T,15939_T|C,16342_T|C,16856_A|G,16923_A|C,17124_T|C,17410_C|T,17859_T|C,18163_A|G,19326_A|G,19955_C|T,20055_A|G,21618_C|T,21810_T|C,21987_G|A,22000_C|A,22109_C|G,22200_T|A,22317_G|T,22577_G|C,22578_G|A,22599_G|C,22624_C|T,22664_C|A,22674_C|T,22679_T|C,22686_C|T,22688_A|G,22775_G|A,22786_A|C,22813_G|T,22882_T|G,22895_G|C,22896_T|C,22898_G|A,22927_G|T,22928_T|C,22942_T|G,22992_G|A,22995_C|A,23013_A|C,23018_T|C,23019_T|C,23031_T|C,23055_A|G,23063_A|T,23075_T|C,23403_A|G,23525_C|T,23599_T|G,23604_C|A,23673_C|T,23854_C|A,23948_G|T,24424_A|T,24469_T|A,25000_C|T,25416_C|T,25584_C|T,25916_C|A,25947_G|C,26060_C|T,26270_C|T,26275_A|G,26577_C|G,26709_G|A,26858_C|T,27259_A|C,27382_G|C,27383_A|T,27384_T|C,27741_C|T,27807_C|T,27915_G|T,28271_A|T,28289_C|A,28297_T|C,28311_C|T,28657_C|T,28881_G|A,28882_G|A,28883_G|C,29510_A|C,11288_11296,21633_21641,21992_21994,28362_28370,29734_29759
USA/TX-CDC-VSX-A09108/2023	XCH	44_C|T,241_C|T,405_A|G,670_T|G,1124_A|G,1342_C|T,1887_C|T,1973_C|T,2163_A|C,2790_C|T,3037_C|T,4184_G|A,4321_C|T,5301_C|T,7564_C|T,8737_T|C,9344_C|T,9424_A|G,9534_C|T,9866_C|T,10029_C|T,10198_C|T,10447_G|A,10449_C|A,12467_G|T,12880_C|T,14408_C|T,15451_G|A,15714_C|T,15738_C|T,15939_T|C,16342_T|C,16856_A|G,17124_T|C,17410_C|T,17859_T|C,18163_A|G,19326_A|G,19955_C|T,20055_A|G,21618_C|T,21810_T|C,21987_G|A,22000_C|A,22109_C|G,22200_T|A,22317_G|T,22577_G|C,22578_G|A,22599_G|C,22624_C|T,22664_C|A,22674_C|T,22679_T|C,22686_C|T,22688_A|G,22775_G|A,22786_A|C,22813_G|T,22882_T|G,22895_G|C,22896_T|C,22898_G|A,22927_G|T,22928_T|C,22942_T|G,22992_G|A,22995_C|A,23013_A|C,23018_T|C,23019_T|C,23031_T|C,23055_A|G,23063_A|T,23075_T|C,23403_A|G,23525_C|T,23599_T|G,23604_C|A,23673_C|T,23854_C|A,23948_G|T,24424_A|T,24469_T|A,25000_C|T,25416_C|T,25584_C|T,25690_G|A,25916_C|A,25947_G|C,26060_C|T,26270_C|T,26275_A|G,26577_C|G,26709_G|A,26858_C|T,27259_A|C,27382_G|C,27383_A|T,27384_T|C,27741_C|T,27807_C|T,27915_G|T,28271_A|T,28297_T|C,28311_C|T,28657_C|T,28881_G|A,28882_G|A,28883_G|C,29510_A|C,11288_11296,21633_21641,21992_21994,28362_28370,29734_29759
USA/UT-UPHL-231003681327/2023	XCH	241_C|T,405_A|G,670_T|G,1124_A|G,1973_C|T,2163_A|C,2790_C|T,3037_C|T,4184_G|A,4321_C|T,6501_C|T,7564_C|T,8737_T|C,9344_C|T,9424_A|G,9534_C|T,9866_C|T,10029_C|T,10198_C|T,10447_G|A,10449_C|A,10789_C|T,11916_C|T,12467_G|T,12880_C|T,14408_C|T,15451_G|A,15714_C|T,15738_C|T,15939_T|C,16342_T|C,16856_A|G,17124_T|C,17410_C|T,17859_T|C,18163_A|G,19326_A|G,19955_C|T,20055_A|G,20578_G|T,21618_C|T,21810_T|C,21987_G|A,22000_C|A,22109_C|G,22200_T|A,22317_G|T,22577_G|C,22578_G|A,22599_G|C,22624_C|T,22664_C|A,22674_C|T,22679_T|C,22686_C|T,22688_A|G,22775_G|A,22786_A|C,22813_G|T,22882_T|G,22895_G|C,22896_T|C,22898_G|A,22927_G|T,22928_T|C,22942_T|G,22992_G|A,22995_C|A,23013_A|C,23018_T|C,23019_T|C,23031_T|C,23055_A|G,23063_A|T,23075_T|C,23403_A|G,23525_C|T,23599_T|G,23604_C|A,23673_C|T,23854_C|A,23948_G|T,24424_A|T,24469_T|A,25000_C|T,25416_C|T,25584_C|T,25916_C|A,25947_G|C,26060_C|T,26270_C|T,26275_A|G,26577_C|G,26709_G|A,26858_C|T,27259_A|C,27382_G|C,27383_A|T,27384_T|C,27741_C|T,27807_C|T,27915_G|T,28271_A|T,28297_T|C,28311_C|T,28657_C|T,28881_G|A,28882_G|A,28883_G|C,29510_A|C,11288_11296,21633_21641,21992_21994,28362_28370,29734_29759
USA/UT-UPHL-231003770134/2023	XCH	241_C|T,405_A|G,670_T|G,813_C|T,1124_A|G,1973_C|T,2163_A|C,2790_C|T,3037_C|T,4184_G|A,4321_C|T,7564_C|T,8737_T|C,9344_C|T,9424_A|G,9534_C|T,9866_C|T,9952_T|C,10029_C|T,10198_C|T,10447_G|A,10449_C|A,12467_G|T,12880_C|T,14313_T|C,14408_C|T,15253_G|A,15451_G|A,15714_C|T,15738_C|T,15939_T|C,16342_T|C,16856_A|G,17124_T|C,17410_C|T,17859_T|C,18163_A|G,19326_A|G,19955_C|T,20055_A|G,21618_C|T,21810_T|C,21987_G|A,22000_C|A,22109_C|G,22200_T|A,22317_G|T,22577_G|C,22578_G|A,22599_G|C,22624_C|T,22664_C|A,22674_C|T,22679_T|C,22686_C|T,22688_A|G,22775_G|A,22786_A|C,22813_G|T,22882_T|G,22895_G|C,22896_T|C,22898_G|A,22927_G|T,22928_T|C,22942_T|G,22992_G|A,22995_C|A,23013_A|C,23018_T|C,23019_T|C,23031_T|C,23055_A|G,23063_A|T,23075_T|C,23403_A|G,23525_C|T,23599_T|G,23604_C|A,23673_C|T,23854_C|A,23948_G|T,24424_A|T,24469_T|A,25000_C|T,25416_C|T,25584_C|T,25947_G|C,26022_C|T,26060_C|T,26270_C|T,26275_A|G,26577_C|G,26709_G|A,26858_C|T,26907_C|T,27259_A|C,27382_G|C,27383_A|T,27384_T|C,27720_T|C,27741_C|T,27807_C|T,27915_G|T,28271_A|T,28297_T|C,28311_C|T,28657_C|T,28881_G|A,28882_G|A,28883_G|C,29510_A|C,11288_11296,21633_21641,21992_21994,28362_28370,29734_29759
USA/UT-UPHL-231013139945/2023	XCH	241_C|T,405_A|G,670_T|G,1124_A|G,1342_C|T,1973_C|T,2163_A|C,2790_C|T,3037_C|T,4184_G|A,4321_C|T,5301_C|T,7564_C|T,8737_T|C,9344_C|T,9424_A|G,9534_C|T,9866_C|T,10029_C|T,10198_C|T,10447_G|A,10449_C|A,12085_C|T,12467_G|T,12880_C|T,14408_C|T,15451_G|A,15714_C|T,15738_C|T,15939_T|C,16342_T|C,16856_A|G,17124_T|C,17410_C|T,17859_T|C,18163_A|G,19326_A|G,19955_C|T,20055_A|G,21618_C|T,21810_T|C,21987_G|A,22000_C|A,22109_C|G,22200_T|A,22317_G|T,22577_G|C,22578_G|A,22599_G|C,22624_C|T,22664_C|A,22674_C|T,22679_T|C,22686_C|T,22688_A|G,22775_G|A,22786_A|C,22813_G|T,22882_T|G,22895_G|C,22896_T|C,22898_G|A,22927_G|T,22928_T|C,22942_T|G,22992_G|A,22995_C|A,23013_A|C,23018_T|C,23019_T|C,23031_T|C,23055_A|G,23063_A|T,23075_T|C,23403_A|G,23525_C|T,23599_T|G,23604_C|A,23673_C|T,23854_C|A,23948_G|T,24424_A|T,24469_T|A,25000_C|T,25416_C|T,25584_C|T,25690_G|A,25916_C|A,25947_G|C,26060_C|T,26270_C|T,26275_A|G,26577_C|G,26709_G|A,26858_C|T,27259_A|C,27382_G|C,27383_A|T,27384_T|C,27741_C|T,27807_C|T,27915_G|T,28271_A|T,28297_T|C,28311_C|T,28657_C|T,28881_G|A,28882_G|A,28883_G|C,29510_A|C,11288_11296,21633_21641,21992_21994,28362_28370,29734_29759
USA/UT-UPHL-231013161261/2023	XCH	241_C|T,405_A|G,670_T|G,1342_C|T,1973_C|T,2163_A|C,2790_C|T,3037_C|T,4184_G|A,4321_C|T,5301_C|T,7564_C|T,8737_T|C,9344_C|T,9424_A|G,9534_C|T,9866_C|T,10029_C|T,10198_C|T,10447_G|A,10449_C|A,12467_G|T,12880_C|T,14408_C|T,15451_G|A,15714_C|T,15738_C|T,15939_T|C,16342_T|C,16559_C|T,16856_A|G,17124_T|C,17410_C|T,17859_T|C,18163_A|G,19326_A|G,19955_C|T,20055_A|G,20578_G|T,21618_C|T,21810_T|C,21987_G|A,22000_C|A,22109_C|G,22200_T|A,22317_G|T,22577_G|C,22578_G|A,22599_G|C,22624_C|T,22664_C|A,22674_C|T,22679_T|C,22686_C|T,22688_A|G,22775_G|A,22786_A|C,22813_G|T,22882_T|G,22895_G|C,22896_T|C,22898_G|A,22927_G|T,22928_T|C,22942_T|G,22992_G|A,22995_C|A,23013_A|C,23018_T|C,23019_T|C,23031_T|C,23055_A|G,23063_A|T,23075_T|C,23403_A|G,23525_C|T,23599_T|G,23604_C|A,23673_C|T,23854_C|A,23948_G|T,24424_A|T,24469_T|A,25000_C|T,25416_C|T,25584_C|T,25690_G|A,25916_C|A,25947_G|C,26060_C|T,26270_C|T,26275_A|G,26577_C|G,26709_G|A,26858_C|T,27259_A|C,27382_G|C,27383_A|T,27384_T|C,27741_C|T,27807_C|T,27915_G|T,28271_A|T,28297_T|C,28311_C|T,28657_C|T,28881_G|A,28882_G|A,28883_G|C,29510_A|C,11288_11296,21633_21641,21992_21994,28362_28370,29734_29759
USA/UT-UPHL-231124592330/2023	XCH	241_C|T,405_A|G,670_T|G,1124_A|G,1973_C|T,2163_A|C,2790_C|T,3037_C|T,4184_G|A,4321_C|T,6501_C|T,7564_C|T,8737_T|C,9344_C|T,9424_A|G,9534_C|T,9866_C|T,10029_C|T,10198_C|T,10447_G|A,10449_C|A,10789_C|T,12467_G|T,12880_C|T,14408_C|T,15451_G|A,15714_C|T,15738_C|T,15939_T|C,16342_T|C,16856_A|G,17124_T|C,17410_C|T,17859_T|C,18163_A|G,19326_A|G,19955_C|T,20055_A|G,20578_G|T,21618_C|T,21810_T|C,21987_G|A,22000_C|A,22109_C|G,22200_T|A,22317_G|T,22577_G|C,22578_G|A,22599_G|C,22624_C|T,22664_C|A,22674_C|T,22679_T|C,22686_C|T,22688_A|G,22775_G|A,22786_A|C,22813_G|T,22882_T|G,22895_G|C,22896_T|C,22898_G|A,22927_G|T,22928_T|C,22942_T|G,22992_G|A,22995_C|A,23013_A|C,23018_T|C,23019_T|C,23031_T|C,23055_A|G,23063_A|T,23075_T|C,23403_A|G,23525_C|T,23599_T|G,23604_C|A,23673_C|T,23854_C|A,23948_G|T,24424_A|T,24469_T|A,25000_C|T,25416_C|T,25584_C|T,25916_C|A,25947_G|C,26060_C|T,26270_C|T,26275_A|G,26577_C|G,26709_G|A,26858_C|T,27259_A|C,27382_G|C,27383_A|T,27384_T|C,27741_C|T,27807_C|T,27915_G|T,28271_A|T,28297_T|C,28311_C|T,28657_C|T,28881_G|A,28882_G|A,28883_G|C,29510_A|C,11288_11296,21633_21641,21992_21994,28362_28370,29734_29759
USA/VA-CDC-LC1052935/2023	XCH	241_C|T,405_A|G,670_T|G,1124_A|G,1973_C|T,2163_A|C,2790_C|T,3037_C|T,4184_G|A,4321_C|T,7564_C|T,8737_T|C,9344_C|T,9424_A|G,9534_C|T,9866_C|T,10029_C|T,10198_C|T,10447_G|A,10449_C|A,12467_G|T,12880_C|T,14408_C|T,15451_G|A,15714_C|T,15738_C|T,15939_T|C,16342_T|C,16856_A|G,17124_T|C,17410_C|T,17859_T|C,18163_A|G,19326_A|G,19955_C|T,20055_A|G,21618_C|T,21810_T|C,21987_G|A,22000_C|A,22109_C|G,22200_T|A,22317_G|T,22577_G|C,22578_G|A,22599_G|C,22624_C|T,22664_C|A,22674_C|T,22679_T|C,22686_C|T,22688_A|G,22775_G|A,22786_A|C,22813_G|T,22882_T|G,22895_G|C,22896_T|C,22898_G|A,22927_G|T,22928_T|C,22942_T|G,22992_G|A,22995_C|A,23013_A|C,23018_T|C,23019_T|C,23031_T|C,23055_A|G,23063_A|T,23075_T|C,23403_A|G,23525_C|T,23599_T|G,23604_C|A,23673_C|T,23854_C|A,23948_G|T,24424_A|T,24469_T|A,25000_C|T,25416_C|T,25584_C|T,25916_C|A,25947_G|C,26060_C|T,26270_C|T,26275_A|G,26577_C|G,26709_G|A,26858_C|T,27259_A|C,27382_G|C,27383_A|T,27384_T|C,27741_C|T,27807_C|T,27915_G|T,28271_A|T,28297_T|C,28311_C|T,28657_C|T,28881_G|A,28882_G|A,28883_G|C,29510_A|C,11288_11296,21633_21641,21992_21994,28362_28370,29734_29759
USA/VA-CDC-QDX85770387/2023	XCH	241_C|T,405_A|G,670_T|G,1124_A|G,1973_C|T,2163_A|C,2790_C|T,3037_C|T,4184_G|A,4321_C|T,7564_C|T,8737_T|C,9344_C|T,9424_A|G,9534_C|T,9866_C|T,10029_C|T,10198_C|T,10447_G|A,10449_C|A,12467_G|T,12823_C|T,12880_C|T,14408_C|T,15451_G|A,15714_C|T,15738_C|T,15939_T|C,16342_T|C,16856_A|G,16923_A|C,17124_T|C,17410_C|T,17859_T|C,18163_A|G,19326_A|G,19955_C|T,20055_A|G,21618_C|T,21801_A|G,21810_T|C,21987_G|A,22000_C|A,22109_C|G,22200_T|A,22317_G|T,22577_G|C,22578_G|A,22599_G|C,22624_C|T,22664_C|A,22674_C|T,22679_T|C,22686_C|T,22688_A|G,22775_G|A,22786_A|C,22813_G|T,22882_T|G,22895_G|C,22896_T|C,22898_G|A,22927_G|T,22928_T|C,22942_T|G,22992_G|A,22995_C|A,23013_A|C,23018_T|C,23019_T|C,23031_T|C,23055_A|G,23063_A|T,23075_T|C,23403_A|G,23525_C|T,23599_T|G,23604_C|A,23673_C|T,23854_C|A,23948_G|T,24424_A|T,24469_T|A,25000_C|T,25352_G|T,25416_C|T,25584_C|T,25916_C|A,25947_G|C,26060_C|T,26270_C|T,26275_A|G,26577_C|G,26709_G|A,26858_C|T,27259_A|C,27382_G|C,27383_A|T,27384_T|C,27741_C|T,27807_C|T,27915_G|T,28271_A|T,28289_C|A,28297_T|C,28311_C|T,28657_C|T,28881_G|A,28882_G|A,28883_G|C,29510_A|C,11288_11296,21633_21641,21992_21994,28362_28370,29734_29759
USA/VA-DCLS-15286/2023	XCH	241_C|T,405_A|G,670_T|G,1124_A|G,1973_C|T,2163_A|C,2790_C|T,3037_C|T,4184_G|A,4321_C|T,7564_C|T,8595_C|T,8737_T|C,9344_C|T,9424_A|G,9534_C|T,9866_C|T,10029_C|T,10198_C|T,10447_G|A,10449_C|A,12467_G|T,12880_C|T,14028_G|T,14408_C|T,15451_G|A,15714_C|T,15738_C|T,15939_T|C,16342_T|C,16856_A|G,17124_T|C,17410_C|T,17859_T|C,18163_A|G,19326_A|G,19955_C|T,20055_A|G,21618_C|T,21810_T|C,21987_G|A,22000_C|A,22109_C|G,22200_T|A,22577_G|C,22578_G|A,22599_G|C,22624_C|T,22664_C|A,22674_C|T,22679_T|C,22686_C|T,22688_A|G,22775_G|A,22786_A|C,22813_G|T,22882_T|G,22895_G|C,22896_T|C,22898_G|A,22927_G|T,22928_T|C,22942_T|G,22992_G|A,22995_C|A,23013_A|C,23018_T|C,23019_T|C,23031_T|C,23055_A|G,23063_A|T,23075_T|C,23403_A|G,23525_C|T,23599_T|G,23604_C|A,23673_C|T,23854_C|A,23948_G|T,24424_A|T,24469_T|A,25000_C|T,25416_C|T,25584_C|T,25916_C|A,25947_G|C,26060_C|T,26270_C|T,26275_A|G,26577_C|G,26709_G|A,26858_C|T,27259_A|C,27382_G|C,27383_A|T,27384_T|C,27741_C|T,27807_C|T,27915_G|T,28271_A|T,28297_T|C,28311_C|T,28657_C|T,28881_G|A,28882_G|A,28883_G|C,29510_A|C,11288_11296,21633_21641,21992_21994,28362_28370,29734_29759
USA/VA-DCLS-15287/2023	XCH	241_C|T,405_A|G,670_T|G,1124_A|G,1973_C|T,2163_A|C,2790_C|T,3037_C|T,4184_G|A,4321_C|T,7564_C|T,8595_C|T,8737_T|C,9344_C|T,9424_A|G,9534_C|T,9866_C|T,10029_C|T,10198_C|T,10447_G|A,10449_C|A,12467_G|T,12880_C|T,14028_G|T,14408_C|T,15451_G|A,15714_C|T,15738_C|T,15939_T|C,16342_T|C,16856_A|G,17124_T|C,17410_C|T,17859_T|C,18163_A|G,19326_A|G,19955_C|T,20055_A|G,21618_C|T,21810_T|C,21987_G|A,22000_C|A,22109_C|G,22200_T|A,22577_G|C,22578_G|A,22599_G|C,22624_C|T,22664_C|A,22674_C|T,22679_T|C,22686_C|T,22688_A|G,22775_G|A,22786_A|C,22813_G|T,22882_T|G,22895_G|C,22896_T|C,22898_G|A,22927_G|T,22928_T|C,22942_T|G,22992_G|A,22995_C|A,23013_A|C,23018_T|C,23019_T|C,23031_T|C,23055_A|G,23063_A|T,23075_T|C,23403_A|G,23525_C|T,23599_T|G,23604_C|A,23673_C|T,23854_C|A,23948_G|T,24424_A|T,24469_T|A,25000_C|T,25416_C|T,25584_C|T,25916_C|A,25947_G|C,26060_C|T,26270_C|T,26275_A|G,26577_C|G,26709_G|A,26858_C|T,27259_A|C,27382_G|C,27383_A|T,27384_T|C,27741_C|T,27807_C|T,27915_G|T,28271_A|T,28297_T|C,28311_C|T,28657_C|T,28881_G|A,28882_G|A,28883_G|C,29510_A|C,11288_11296,21633_21641,21992_21994,28362_28370,29734_29759
USA/VA-DCLS-15288/2023	XCH	241_C|T,405_A|G,670_T|G,1124_A|G,1973_C|T,2163_A|C,2790_C|T,3037_C|T,4184_G|A,4321_C|T,7564_C|T,8595_C|T,8737_T|C,9344_C|T,9424_A|G,9534_C|T,9866_C|T,10029_C|T,10198_C|T,10447_G|A,10449_C|A,12467_G|T,12880_C|T,14028_G|T,14408_C|T,15451_G|A,15714_C|T,15738_C|T,15939_T|C,16342_T|C,16856_A|G,17124_T|C,17410_C|T,17859_T|C,18163_A|G,19326_A|G,19955_C|T,20055_A|G,21618_C|T,21810_T|C,21987_G|A,22000_C|A,22109_C|G,22200_T|A,22577_G|C,22578_G|A,22599_G|C,22624_C|T,22664_C|A,22674_C|T,22679_T|C,22686_C|T,22688_A|G,22775_G|A,22786_A|C,22813_G|T,22882_T|G,22895_G|C,22896_T|C,22898_G|A,22927_G|T,22928_T|C,22942_T|G,22992_G|A,22995_C|A,23013_A|C,23018_T|C,23019_T|C,23031_T|C,23055_A|G,23063_A|T,23075_T|C,23403_A|G,23525_C|T,23599_T|G,23604_C|A,23673_C|T,23854_C|A,23948_G|T,24424_A|T,24469_T|A,25000_C|T,25416_C|T,25584_C|T,25916_C|A,25947_G|C,26060_C|T,26270_C|T,26275_A|G,26577_C|G,26709_G|A,26858_C|T,27259_A|C,27382_G|C,27383_A|T,27384_T|C,27741_C|T,27807_C|T,27915_G|T,28045_C|T,28271_A|T,28297_T|C,28311_C|T,28657_C|T,28881_G|A,28882_G|A,28883_G|C,29510_A|C,11288_11296,21633_21641,21992_21994,28362_28370,29734_29759
USA/VA-DCLS-15289/2023	XCH	241_C|T,405_A|G,670_T|G,1124_A|G,1973_C|T,2163_A|C,2790_C|T,3037_C|T,4184_G|A,4321_C|T,7564_C|T,8595_C|T,8737_T|C,9344_C|T,9424_A|G,9534_C|T,9866_C|T,10029_C|T,10198_C|T,10447_G|A,10449_C|A,12467_G|T,12880_C|T,14028_G|T,14408_C|T,15451_G|A,15714_C|T,15738_C|T,15939_T|C,16342_T|C,16856_A|G,17124_T|C,17410_C|T,17859_T|C,18163_A|G,19326_A|G,19955_C|T,20055_A|G,21618_C|T,21810_T|C,21987_G|A,22000_C|A,22109_C|G,22200_T|A,22577_G|C,22578_G|A,22599_G|C,22624_C|T,22664_C|A,22674_C|T,22679_T|C,22686_C|T,22688_A|G,22775_G|A,22786_A|C,22813_G|T,22882_T|G,22895_G|C,22896_T|C,22898_G|A,22927_G|T,22928_T|C,22942_T|G,22992_G|A,22995_C|A,23013_A|C,23018_T|C,23019_T|C,23031_T|C,23055_A|G,23063_A|T,23075_T|C,23403_A|G,23525_C|T,23599_T|G,23604_C|A,23673_C|T,23854_C|A,23948_G|T,24424_A|T,24469_T|A,25000_C|T,25416_C|T,25584_C|T,25916_C|A,25947_G|C,26060_C|T,26270_C|T,26275_A|G,26577_C|G,26709_G|A,26858_C|T,27259_A|C,27382_G|C,27383_A|T,27384_T|C,27741_C|T,27807_C|T,27915_G|T,28271_A|T,28297_T|C,28311_C|T,28657_C|T,28881_G|A,28882_G|A,28883_G|C,29510_A|C,29868_G|A,29870_C|A,11288_11296,21633_21641,21992_21994,28362_28370,29734_29759
USA/VA-VTVAS3-GSC44415/2023	XCH	241_C|T,405_A|G,670_T|G,1124_A|G,1973_C|T,2163_A|C,2790_C|T,3037_C|T,4184_G|A,4321_C|T,7564_C|T,8737_T|C,9073_C|T,9344_C|T,9424_A|G,9534_C|T,9866_C|T,10029_C|T,10198_C|T,10447_G|A,10449_C|A,12467_G|T,12880_C|T,14408_C|T,15451_G|A,15714_C|T,15738_C|T,15939_T|C,16038_T|G,16342_T|C,16856_A|G,16923_A|C,17124_T|C,17410_C|T,17859_T|C,18163_A|G,19326_A|G,19955_C|T,20055_A|G,21618_C|T,21810_T|C,21987_G|A,22000_C|A,22109_C|G,22200_T|A,22317_G|T,22577_G|C,22578_G|A,22599_G|C,22624_C|T,22664_C|A,22674_C|T,22679_T|C,22686_C|T,22688_A|G,22775_G|A,22786_A|C,22813_G|T,22882_T|G,22895_G|C,22896_T|C,22898_G|A,22927_G|T,22928_T|C,22942_T|G,22992_G|A,22995_C|A,23013_A|C,23018_T|C,23019_T|C,23031_T|C,23055_A|G,23063_A|T,23075_T|C,23403_A|G,23525_C|T,23599_T|G,23604_C|A,23673_C|T,23854_C|A,23948_G|T,24023_C|T,24424_A|T,24469_T|A,25000_C|T,25416_C|T,25584_C|T,25916_C|A,25947_G|C,26060_C|T,26270_C|T,26275_A|G,26577_C|G,26709_G|A,26858_C|T,27259_A|C,27382_G|C,27383_A|T,27384_T|C,27807_C|T,27915_G|T,28271_A|T,28297_T|C,28311_C|T,28657_C|T,28881_G|A,28882_G|A,28883_G|C,29510_A|C,11288_11296,21633_21641,21992_21994,28362_28370
USA/VT-23-009939-WGS-02/2023	XCH	241_C|T,405_A|G,670_T|G,1124_A|G,1973_C|T,2163_A|C,2790_C|T,3037_C|T,4184_G|A,4321_C|T,6091_C|T,6730_C|T,7564_C|T,8172_C|T,8737_T|C,8969_C|A,9344_C|T,9424_A|G,9534_C|T,9866_C|T,10029_C|T,10198_C|T,10447_G|A,10449_C|A,12467_G|T,12880_C|T,14408_C|T,15451_G|A,15714_C|T,15738_C|T,15939_T|C,16342_T|C,16856_A|G,16923_A|C,17124_T|C,17410_C|T,17859_T|C,18163_A|G,19326_A|G,19560_C|T,19955_C|T,20055_A|G,21618_C|T,21721_C|T,21810_T|C,21987_G|A,22000_C|A,22109_C|G,22200_T|A,22317_G|T,22577_G|C,22578_G|A,22599_G|C,22624_C|T,22664_C|A,22674_C|T,22679_T|C,22686_C|T,22688_A|G,22775_G|A,22786_A|C,22813_G|T,22882_T|G,22895_G|C,22896_T|C,22898_G|A,22927_G|T,22928_T|C,22942_T|G,22992_G|A,22995_C|A,23013_A|C,23018_T|C,23019_T|C,23031_T|C,23055_A|G,23063_A|T,23075_T|C,23403_A|G,23525_C|T,23599_T|G,23604_C|A,23673_C|T,23854_C|A,23948_G|T,24424_A|T,24469_T|A,25000_C|T,25416_C|T,25584_C|T,25916_C|A,25947_G|C,26060_C|T,26270_C|T,26275_A|G,26577_C|G,26709_G|A,26858_C|T,27259_A|C,27382_G|C,27383_A|T,27384_T|C,27741_C|T,27807_C|T,27915_G|T,28271_A|T,28289_C|A,28297_T|C,28311_C|T,28657_C|T,28881_G|A,28882_G|A,28883_G|C,29510_A|C,11288_11296,21633_21641,21992_21994,28362_28370,29734_29759
USA/WA-CDC-UW23103022076/2023	XCH	241_C|T,405_A|G,670_T|G,751_C|T,1124_A|G,1973_C|T,2163_A|C,2790_C|T,3037_C|T,4184_G|A,4321_C|T,6446_G|T,7564_C|T,8737_T|C,9344_C|T,9424_A|G,9534_C|T,9866_C|T,10029_C|T,10198_C|T,10447_G|A,10449_C|A,12467_G|T,12880_C|T,14408_C|T,15451_G|A,15714_C|T,15738_C|T,15939_T|C,16342_T|C,16856_A|G,17124_T|C,17410_C|T,17859_T|C,18163_A|G,19326_A|G,19955_C|T,20055_A|G,21618_C|T,21810_T|C,21987_G|A,22000_C|A,22109_C|G,22200_T|A,22317_G|T,22577_G|C,22578_G|A,22599_G|C,22624_C|T,22664_C|A,22674_C|T,22679_T|C,22686_C|T,22688_A|G,22775_G|A,22786_A|C,22813_G|T,22882_T|G,22895_G|C,22896_T|C,22898_G|A,22927_G|T,22928_T|C,22942_T|G,22992_G|A,22995_C|A,23013_A|C,23018_T|C,23019_T|C,23031_T|C,23055_A|G,23063_A|T,23075_T|C,23403_A|G,23525_C|T,23599_T|G,23604_C|A,23673_C|T,23854_C|A,23948_G|T,24424_A|T,24469_T|A,25000_C|T,25416_C|T,25584_C|T,25916_C|A,25947_G|C,26060_C|T,26270_C|T,26275_A|G,26577_C|G,26709_G|A,26858_C|T,27259_A|C,27382_G|C,27383_A|T,27384_T|C,27741_C|T,27807_C|T,27915_G|T,28271_A|T,28297_T|C,28311_C|T,28657_C|T,28881_G|A,28882_G|A,28883_G|C,29510_A|C,11288_11296,21633_21641,21992_21994,28362_28370,29734_29759
USA/WA-S25997/2023	XCH	241_C|T,405_A|G,670_T|G,751_C|T,1124_A|G,1973_C|T,2163_A|C,2790_C|T,3037_C|T,4184_G|A,4321_C|T,6446_G|T,7564_C|T,8737_T|C,9344_C|T,9424_A|G,9534_C|T,9866_C|T,10029_C|T,10198_C|T,10447_G|A,10449_C|A,12467_G|T,12880_C|T,14408_C|T,15451_G|A,15714_C|T,15738_C|T,15939_T|C,16342_T|C,16856_A|G,17124_T|C,17410_C|T,17859_T|C,18163_A|G,19326_A|G,19955_C|T,20055_A|G,21618_C|T,21810_T|C,21987_G|A,22000_C|A,22109_C|G,22200_T|A,22317_G|T,22577_G|C,22578_G|A,22599_G|C,22624_C|T,22664_C|A,22674_C|T,22679_T|C,22686_C|T,22688_A|G,22775_G|A,22786_A|C,22813_G|T,22882_T|G,22895_G|C,22896_T|C,22898_G|A,22927_G|T,22928_T|C,22942_T|G,22992_G|A,22995_C|A,23013_A|C,23018_T|C,23019_T|C,23031_T|C,23055_A|G,23063_A|T,23075_T|C,23403_A|G,23525_C|T,23599_T|G,23604_C|A,23673_C|T,23854_C|A,23948_G|T,24424_A|T,24469_T|A,25000_C|T,25416_C|T,25584_C|T,25916_C|A,25947_G|C,26060_C|T,26270_C|T,26275_A|G,26577_C|G,26709_G|A,26858_C|T,27259_A|C,27382_G|C,27383_A|T,27384_T|C,27741_C|T,27807_C|T,27915_G|T,28271_A|T,28297_T|C,28311_C|T,28657_C|T,28881_G|A,28882_G|A,28883_G|C,29510_A|C,11288_11296,21992_21994,28362_28370
IMS-10285-CVDP-E697AF2E-9CD1-4905-8381-72E764A2FF28	XCH	241_C|T,405_A|G,670_T|G,1124_A|G,1973_C|T,2163_A|C,2790_C|T,3037_C|T,4184_G|A,4321_C|T,7435_T|C,7564_C|T,8737_T|C,9344_C|T,9424_A|G,9534_C|T,9866_C|T,9943_C|T,9952_T|C,10029_C|T,10198_C|T,10447_G|A,10449_C|A,11446_A|G,12467_G|T,12880_C|T,14408_C|T,15451_G|A,15714_C|T,15738_C|T,15939_T|C,16342_T|C,16856_A|G,17124_T|C,17410_C|T,17859_T|C,18163_A|G,18907_G|A,19326_A|G,19955_C|T,20055_A|G,21618_C|T,21810_T|C,21987_G|A,22000_C|A,22109_C|G,22200_T|A,22317_G|T,22577_G|C,22578_G|A,22599_G|C,22624_C|T,22664_C|A,22674_C|T,22679_T|C,22686_C|T,22688_A|G,22775_G|A,22786_A|C,22813_G|T,22882_T|G,22895_G|C,22896_T|C,22898_G|A,22927_G|T,22928_T|C,22942_T|G,22992_G|A,22995_C|A,23013_A|C,23018_T|C,23019_T|C,23031_T|C,23055_A|G,23063_A|T,23075_T|C,23403_A|G,23525_C|T,23599_T|G,23604_C|A,23673_C|T,23854_C|A,23948_G|T,24424_A|T,24469_T|A,25000_C|T,25416_C|T,25584_C|T,25947_G|C,26060_C|T,26270_C|T,26275_A|G,26577_C|G,26709_G|A,26858_C|T,26907_C|T,27259_A|C,27382_G|C,27383_A|T,27384_T|C,27741_C|T,27807_C|T,27915_G|T,28271_A|T,28297_T|C,28311_C|T,28494_T|C,28657_C|T,28869_C|T,28881_G|A,28882_G|A,28883_G|C,29510_A|C,11288_11296,21633_21641,21992_21994,28362_28370,29734_29759
