genomeID	true_lineage	nuc_changes
DEU/RP-USAFSAM-S20396/2022	XBE	241_C|T,670_T|G,1627_C|T,2790_C|T,3037_C|T,4184_G|A,4321_C|T,5167_C|T,9344_C|T,9424_A|G,9534_C|T,10029_C|T,10198_C|T,10447_G|A,10449_C|A,10714_C|T,12160_G|A,12310_G|A,12880_C|T,14408_C|T,14670_C|T,15714_C|T,16616_C|A,17410_C|T,18163_A|G,19955_C|T,20055_A|G,21618_C|T,21987_G|A,22200_T|G,22578_G|A,22599_G|C,22674_C|T,22679_T|C,22686_C|T,22688_A|G,22775_G|A,22786_A|C,22813_G|T,22882_T|G,22917_T|G,22992_G|A,22995_C|A,23013_A|C,23018_T|G,23055_A|G,23063_A|T,23075_T|C,23403_A|G,23525_C|T,23599_T|G,23604_C|A,23854_C|A,23948_G|T,24424_A|T,24469_T|A,25000_C|T,25584_C|T,26060_C|T,26270_C|T,26529_G|A,26577_C|G,26709_G|A,27800_C|T,27807_C|T,27889_C|T,28271_A|T,28311_C|T,28681_G|T,28881_G|A,28882_G|A,28883_G|C,29510_A|C,11288_11296,21633_21641,21765_21770,28362_28370,29734_29759
Denmark/DCGC-585877/2022	XBE	241_C|T,670_T|G,1627_C|T,2790_C|T,3037_C|T,4184_G|A,4321_C|T,9344_C|T,9424_A|G,9534_C|T,10029_C|T,10198_C|T,10447_G|A,10449_C|A,12160_G|A,12310_G|A,12880_C|T,14408_C|T,15714_C|T,16616_C|A,17410_C|T,18163_A|G,19283_A|G,19955_C|T,20055_A|G,21618_C|T,21987_G|A,22200_T|G,22578_G|A,22599_G|C,22674_C|T,22679_T|C,22686_C|T,22688_A|G,22775_G|A,22786_A|C,22813_G|T,22882_T|G,22917_T|G,22992_G|A,22995_C|A,23013_A|C,23018_T|G,23055_A|G,23063_A|T,23075_T|C,23403_A|G,23525_C|T,23599_T|G,23604_C|A,23854_C|A,23948_G|T,24424_A|T,24469_T|A,25000_C|T,25584_C|T,26060_C|T,26270_C|T,26577_C|G,26709_G|A,27800_C|T,27807_C|T,27889_C|T,28271_A|T,28311_C|T,28681_G|T,28881_G|A,28882_G|A,28883_G|C,29510_A|C,11288_11296,21633_21641,21765_21770,28362_28370
Denmark/DCGC-587383/2022	XBE	241_C|T,670_T|G,1627_C|T,2790_C|T,3037_C|T,4184_G|A,4321_C|T,9344_C|T,9424_A|G,9534_C|T,10029_C|T,10198_C|T,10447_G|A,10449_C|A,12160_G|A,12310_G|A,12880_C|T,14408_C|T,15714_C|T,16616_C|A,17410_C|T,18163_A|G,19283_A|G,19955_C|T,20055_A|G,21618_C|T,21987_G|A,22200_T|G,22578_G|A,22599_G|C,22674_C|T,22679_T|C,22686_C|T,22688_A|G,22775_G|A,22786_A|C,22813_G|T,22882_T|G,22917_T|G,22992_G|A,22995_C|A,23013_A|C,23018_T|G,23055_A|G,23063_A|T,23075_T|C,23403_A|G,23525_C|T,23599_T|G,23604_C|A,23854_C|A,23948_G|T,24424_A|T,24469_T|A,25000_C|T,25584_C|T,26060_C|T,26270_C|T,26577_C|G,26709_G|A,27800_C|T,27807_C|T,27889_C|T,28271_A|T,28311_C|T,28681_G|T,28881_G|A,28882_G|A,28883_G|C,29510_A|C,11288_11296,21633_21641,21765_21770,28362_28370
Denmark/DCGC-587920/2022	XBE	241_C|T,670_T|G,1627_C|T,2790_C|T,3037_C|T,4184_G|A,4321_C|T,9344_C|T,9424_A|G,9534_C|T,10029_C|T,10198_C|T,10447_G|A,10449_C|A,12160_G|A,12310_G|A,12880_C|T,14408_C|T,15714_C|T,16616_C|A,17410_C|T,18163_A|G,19283_A|G,19955_C|T,20055_A|G,21618_C|T,21987_G|A,22200_T|G,22578_G|A,22599_G|C,22674_C|T,22679_T|C,22686_C|T,22688_A|G,22775_G|A,22786_A|C,22813_G|T,22882_T|G,22917_T|G,22992_G|A,22995_C|A,23013_A|C,23018_T|G,23055_A|G,23063_A|T,23075_T|C,23403_A|G,23525_C|T,23599_T|G,23604_C|A,23854_C|A,23948_G|T,24424_A|T,24469_T|A,25000_C|T,25584_C|T,26060_C|T,26270_C|T,26577_C|G,26709_G|A,27807_C|T,27889_C|T,28271_A|T,28311_C|T,28681_G|T,28881_G|A,28882_G|A,28883_G|C,29510_A|C,11288_11296,21633_21641,21765_21770,28362_28370
Denmark/DCGC-589028/2022	XBE	241_C|T,670_T|G,1627_C|T,2790_C|T,3037_C|T,4184_G|A,4321_C|T,9344_C|T,9424_A|G,9534_C|T,10029_C|T,10198_C|T,10447_G|A,10449_C|A,12160_G|A,12310_G|A,12880_C|T,14408_C|T,15714_C|T,16616_C|A,17410_C|T,18163_A|G,19283_A|G,19955_C|T,20055_A|G,21618_C|T,21987_G|A,22200_T|G,22578_G|A,22599_G|C,22674_C|T,22679_T|C,22686_C|T,22688_A|G,22775_G|A,22786_A|C,22813_G|T,22882_T|G,22917_T|G,22992_G|A,22995_C|A,23013_A|C,23018_T|G,23055_A|G,23063_A|T,23075_T|C,23403_A|G,23525_C|T,23599_T|G,23604_C|A,23854_C|A,23948_G|T,24424_A|T,24469_T|A,25000_C|T,25584_C|T,26060_C|T,26270_C|T,26577_C|G,26709_G|A,27128_C|T,27807_C|T,27889_C|T,28271_A|T,28311_C|T,28681_G|T,28881_G|A,28882_G|A,28883_G|C,29510_A|C,11288_11296,21633_21641,21765_21770,28362_28370
Denmark/DCGC-595335/2022	XBE	241_C|T,670_T|G,1627_C|T,2790_C|T,3037_C|T,4184_G|A,4321_C|T,9344_C|T,9424_A|G,9534_C|T,10029_C|T,10198_C|T,10447_G|A,10449_C|A,12160_G|A,12310_G|A,12880_C|T,14408_C|T,15714_C|T,16616_C|A,17410_C|T,18163_A|G,19283_A|G,19955_C|T,20055_A|G,21618_C|T,21987_G|A,22200_T|G,22578_G|A,22599_G|C,22674_C|T,22679_T|C,22686_C|T,22688_A|G,22775_G|A,22786_A|C,22813_G|T,22882_T|G,22917_T|G,22992_G|A,22995_C|A,23013_A|C,23018_T|G,23055_A|G,23063_A|T,23075_T|C,23403_A|G,23525_C|T,23599_T|G,23604_C|A,23854_C|A,23948_G|T,24424_A|T,24469_T|A,25000_C|T,25584_C|T,26060_C|T,26270_C|T,26529_G|A,26577_C|G,26709_G|A,27800_C|T,27807_C|T,27889_C|T,28271_A|T,28311_C|T,28681_G|T,28881_G|A,28882_G|A,28883_G|C,29510_A|C,11288_11296,21633_21641,21765_21770,28362_28370,29734_29759
Denmark/DCGC-601008/2022	XBE	241_C|T,670_T|G,1627_C|T,2790_C|T,3037_C|T,4184_G|A,4321_C|T,5489_G|A,9344_C|T,9424_A|G,9470_A|C,9534_C|T,10029_C|T,10198_C|T,10447_G|A,10449_C|A,12160_G|A,12310_G|A,12880_C|T,14408_C|T,15714_C|T,16616_C|A,17410_C|T,18163_A|G,19283_A|G,19955_C|T,20055_A|G,21618_C|T,21987_G|A,22200_T|G,22578_G|A,22599_G|C,22674_C|T,22679_T|C,22686_C|T,22688_A|G,22775_G|A,22786_A|C,22813_G|T,22882_T|G,22917_T|G,22992_G|A,22995_C|A,23013_A|C,23018_T|G,23055_A|G,23063_A|T,23075_T|C,23403_A|G,23525_C|T,23599_T|G,23604_C|A,23854_C|A,23948_G|T,24424_A|T,24469_T|A,25000_C|T,25584_C|T,26060_C|T,26270_C|T,26577_C|G,26709_G|A,27800_C|T,27807_C|T,27889_C|T,28271_A|T,28311_C|T,28681_G|T,28881_G|A,28882_G|A,28883_G|C,29510_A|C,11288_11296,21633_21641,21765_21770,28362_28370
Denmark/DCGC-603560/2022	XBE	241_C|T,670_T|G,1627_C|T,2790_C|T,3037_C|T,4184_G|A,4321_C|T,9344_C|T,9424_A|G,9534_C|T,10029_C|T,10198_C|T,10447_G|A,10449_C|A,12160_G|A,12310_G|A,12880_C|T,14408_C|T,15714_C|T,16616_C|A,17410_C|T,18163_A|G,19283_A|G,19955_C|T,20055_A|G,21618_C|T,21987_G|A,22200_T|G,22578_G|A,22599_G|C,22674_C|T,22679_T|C,22686_C|T,22688_A|G,22775_G|A,22786_A|C,22813_G|T,22882_T|G,22917_T|G,22992_G|A,22995_C|A,23013_A|C,23018_T|G,23055_A|G,23063_A|T,23075_T|C,23403_A|G,23525_C|T,23599_T|G,23604_C|A,23854_C|A,23948_G|T,24424_A|T,24469_T|A,25000_C|T,25584_C|T,25936_C|T,26060_C|T,26270_C|T,26529_G|A,26577_C|G,26709_G|A,27800_C|T,27807_C|T,27889_C|T,28271_A|T,28311_C|T,28681_G|T,28881_G|A,28882_G|A,28883_G|C,29510_A|C,11288_11296,21633_21641,21765_21770,28362_28370
Denmark/DCGC-610674/2022	XBE	241_C|T,670_T|G,1627_C|T,2790_C|T,3037_C|T,4184_G|A,4321_C|T,9344_C|T,9424_A|G,9534_C|T,10029_C|T,10198_C|T,10447_G|A,10449_C|A,12160_G|A,12310_G|A,12880_C|T,14408_C|T,15714_C|T,16616_C|A,17410_C|T,18163_A|G,19283_A|G,19955_C|T,20055_A|G,21618_C|T,21987_G|A,22200_T|G,22578_G|A,22599_G|C,22674_C|T,22679_T|C,22686_C|T,22688_A|G,22775_G|A,22786_A|C,22813_G|T,22882_T|G,22917_T|G,22992_G|A,22995_C|A,23013_A|C,23018_T|G,23055_A|G,23063_A|T,23075_T|C,23403_A|G,23525_C|T,23599_T|G,23604_C|A,23854_C|A,23948_G|T,24424_A|T,24469_T|A,25000_C|T,25584_C|T,25936_C|T,26060_C|T,26270_C|T,26577_C|G,26709_G|A,27800_C|T,27807_C|T,27889_C|T,28271_A|T,28311_C|T,28681_G|T,28881_G|A,28882_G|A,28883_G|C,29510_A|C,11288_11296,21633_21641,21765_21770,28362_28370
England/LSPA-3257B327/2022	XBE	241_C|T,670_T|G,1627_C|T,2790_C|T,3037_C|T,4184_G|A,4321_C|T,9344_C|T,9424_A|G,9534_C|T,10029_C|T,10198_C|T,10447_G|A,10449_C|A,12160_G|A,12310_G|A,12880_C|T,14408_C|T,15714_C|T,16616_C|A,17410_C|T,18163_A|G,19283_A|G,19955_C|T,20055_A|G,21618_C|T,21987_G|A,22200_T|G,22578_G|A,22599_G|C,22674_C|T,22679_T|C,22686_C|T,22688_A|G,22775_G|A,22786_A|C,22813_G|T,22882_T|G,22917_T|G,22992_G|A,22995_C|A,23013_A|C,23018_T|G,23055_A|G,23063_A|T,23075_T|C,23403_A|G,23525_C|T,23599_T|G,23604_C|A,23854_C|A,23948_G|T,24424_A|T,24469_T|A,25000_C|T,25584_C|T,26060_C|T,26270_C|T,26529_G|A,26577_C|G,26709_G|A,27800_C|T,27807_C|T,27889_C|T,28271_A|T,28311_C|T,28681_G|T,28881_G|A,28882_G|A,28883_G|C,29510_A|C,11288_11296,21633_21641,21765_21770,28362_28370,29734_29759
England/LSPA-3258EA4A/2022	XBE	241_C|T,670_T|G,1627_C|T,2790_C|T,3037_C|T,4184_G|A,4321_C|T,9344_C|T,9424_A|G,9534_C|T,10029_C|T,10198_C|T,10447_G|A,10449_C|A,12160_G|A,12310_G|A,12880_C|T,14408_C|T,15714_C|T,16616_C|A,17410_C|T,18163_A|G,19283_A|G,19955_C|T,20055_A|G,21618_C|T,21987_G|A,22200_T|G,22578_G|A,22599_G|C,22674_C|T,22679_T|C,22686_C|T,22688_A|G,22775_G|A,22786_A|C,22813_G|T,22882_T|G,22917_T|G,22992_G|A,22995_C|A,23013_A|C,23018_T|G,23055_A|G,23063_A|T,23075_T|C,23403_A|G,23525_C|T,23599_T|G,23604_C|A,23854_C|A,23948_G|T,24424_A|T,24469_T|A,25000_C|T,25584_C|T,26060_C|T,26270_C|T,26529_G|A,26577_C|G,26709_G|A,27800_C|T,27807_C|T,27889_C|T,28271_A|T,28311_C|T,28681_G|T,28881_G|A,28882_G|A,28883_G|C,29510_A|C,11288_11296,21633_21641,21765_21770,28362_28370,29734_29759
England/LSPA-32591FAF/2022	XBE	241_C|T,670_T|G,1627_C|T,2790_C|T,3037_C|T,4184_G|A,4321_C|T,9344_C|T,9424_A|G,9534_C|T,10029_C|T,10198_C|T,10447_G|A,10449_C|A,12160_G|A,12310_G|A,12880_C|T,14408_C|T,15714_C|T,16616_C|A,17410_C|T,18163_A|G,19283_A|G,19955_C|T,20055_A|G,21618_C|T,21987_G|A,22200_T|G,22578_G|A,22599_G|C,22674_C|T,22679_T|C,22686_C|T,22688_A|G,22775_G|A,22786_A|C,22813_G|T,22882_T|G,22917_T|G,22992_G|A,22995_C|A,23013_A|C,23018_T|G,23055_A|G,23063_A|T,23075_T|C,23403_A|G,23525_C|T,23599_T|G,23604_C|A,23854_C|A,23948_G|T,24424_A|T,24469_T|A,25000_C|T,25413_C|T,25584_C|T,26060_C|T,26270_C|T,26529_G|A,26577_C|G,26709_G|A,27800_C|T,27807_C|T,27889_C|T,28271_A|T,28311_C|T,28681_G|T,28881_G|A,28882_G|A,28883_G|C,29202_G|T,29510_A|C,11288_11296,21633_21641,21765_21770,28362_28370,29734_29759
England/LSPA-32599165/2022	XBE	241_C|T,670_T|G,1627_C|T,2790_C|T,3037_C|T,3686_C|A,4184_G|A,4321_C|T,9344_C|T,9424_A|G,9534_C|T,10029_C|T,10198_C|T,10447_G|A,10449_C|A,12160_G|A,12310_G|A,12880_C|T,14408_C|T,15714_C|T,16616_C|A,16768_C|A,17410_C|T,18163_A|G,19283_A|G,19955_C|T,20055_A|G,21618_C|T,21987_G|A,22200_T|G,22578_G|A,22599_G|C,22674_C|T,22679_T|C,22686_C|T,22688_A|G,22775_G|A,22786_A|C,22813_G|T,22882_T|G,22917_T|G,22992_G|A,22995_C|A,23013_A|C,23018_T|G,23055_A|G,23063_A|T,23075_T|C,23403_A|G,23525_C|T,23599_T|G,23604_C|A,23854_C|A,23948_G|T,24424_A|T,24469_T|A,25000_C|T,25584_C|T,26060_C|T,26270_C|T,26529_G|A,26577_C|G,26709_G|A,27384_T|C,27800_C|T,27807_C|T,27889_C|T,28271_A|T,28311_C|T,28681_G|T,28881_G|A,28882_G|A,28883_G|C,29510_A|C,11288_11296,21633_21641,21765_21770,28362_28370,29734_29759
England/LSPA-3259F6CA/2022	XBE	241_C|T,670_T|G,1627_C|T,2790_C|T,3037_C|T,4184_G|A,4321_C|T,9344_C|T,9424_A|G,9534_C|T,10029_C|T,10198_C|T,10447_G|A,10449_C|A,12160_G|A,12310_G|A,12880_C|T,14408_C|T,15714_C|T,16616_C|A,16768_C|A,17410_C|T,18163_A|G,19283_A|G,19955_C|T,20055_A|G,21618_C|T,21987_G|A,22200_T|G,22578_G|A,22599_G|C,22674_C|T,22679_T|C,22686_C|T,22688_A|G,22775_G|A,22786_A|C,22813_G|T,22882_T|G,22917_T|G,22992_G|A,22995_C|A,23013_A|C,23018_T|G,23055_A|G,23063_A|T,23075_T|C,23403_A|G,23525_C|T,23599_T|G,23604_C|A,23854_C|A,23948_G|T,24424_A|T,24469_T|A,25000_C|T,25584_C|T,26060_C|T,26270_C|T,26529_G|A,26577_C|G,26709_G|A,27384_T|C,27800_C|T,27807_C|T,27889_C|T,28271_A|T,28311_C|T,28681_G|T,28881_G|A,28882_G|A,28883_G|C,29510_A|C,11288_11296,21633_21641,21765_21770,28362_28370,29734_29759
England/LSPA-325A0BB8/2022	XBE	191_T|G,241_C|T,670_T|G,1627_C|T,2790_C|T,3037_C|T,3330_C|T,4184_G|A,4321_C|T,9344_C|T,9424_A|G,9534_C|T,10029_C|T,10198_C|T,10447_G|A,10449_C|A,12160_G|A,12310_G|A,12880_C|T,14408_C|T,15714_C|T,16616_C|A,17410_C|T,18163_A|G,19283_A|G,19955_C|T,20055_A|G,21618_C|T,21987_G|A,22200_T|G,22578_G|A,22599_G|C,22674_C|T,22679_T|C,22686_C|T,22688_A|G,22775_G|A,22786_A|C,22813_G|T,22882_T|G,22917_T|G,22992_G|A,22995_C|A,23013_A|C,23018_T|G,23055_A|G,23063_A|T,23075_T|C,23403_A|G,23525_C|T,23599_T|G,23604_C|A,23854_C|A,23948_G|T,24424_A|T,24469_T|A,25000_C|T,25584_C|T,26060_C|T,26270_C|T,26529_G|A,26577_C|G,26709_G|A,27800_C|T,27807_C|T,27889_C|T,28271_A|T,28311_C|T,28681_G|T,28881_G|A,28882_G|A,28883_G|C,29510_A|C,11288_11296,21633_21641,21765_21770,28362_28370,29734_29759
England/LSPA-325A7BEE/2022	XBE	241_C|T,670_T|G,1627_C|T,2790_C|T,3037_C|T,4184_G|A,4321_C|T,9344_C|T,9424_A|G,9534_C|T,10029_C|T,10198_C|T,10447_G|A,10449_C|A,12160_G|A,12310_G|A,12880_C|T,14408_C|T,15714_C|T,16616_C|A,17410_C|T,18163_A|G,19283_A|G,19955_C|T,20055_A|G,21618_C|T,21987_G|A,22200_T|G,22578_G|A,22599_G|C,22674_C|T,22679_T|C,22686_C|T,22688_A|G,22775_G|A,22786_A|C,22813_G|T,22882_T|G,22917_T|G,22992_G|A,22995_C|A,23013_A|C,23018_T|G,23055_A|G,23063_A|T,23075_T|C,23403_A|G,23525_C|T,23599_T|G,23604_C|A,23854_C|A,23948_G|T,24424_A|T,24469_T|A,25000_C|T,25584_C|T,26060_C|T,26270_C|T,26529_G|A,26577_C|G,26709_G|A,27800_C|T,27807_C|T,27889_C|T,28271_A|T,28311_C|T,28681_G|T,28881_G|A,28882_G|A,28883_G|C,29510_A|C,11288_11296,21633_21641,21765_21770,28362_28370,29734_29759
England/LSPA-325AA4FF/2022	XBE	241_C|T,670_T|G,1627_C|T,2790_C|T,3037_C|T,4184_G|A,4321_C|T,9344_C|T,9424_A|G,9534_C|T,10029_C|T,10198_C|T,10447_G|A,10449_C|A,12160_G|A,12310_G|A,12880_C|T,14408_C|T,15714_C|T,16616_C|A,17410_C|T,18163_A|G,19283_A|G,19955_C|T,20055_A|G,21618_C|T,21987_G|A,22200_T|G,22578_G|A,22599_G|C,22674_C|T,22679_T|C,22686_C|T,22688_A|G,22775_G|A,22786_A|C,22813_G|T,22882_T|G,22917_T|G,22992_G|A,22995_C|A,23013_A|C,23018_T|G,23055_A|G,23063_A|T,23075_T|C,23403_A|G,23525_C|T,23599_T|G,23604_C|A,23854_C|A,23948_G|T,24424_A|T,24469_T|A,25000_C|T,25584_C|T,25936_C|T,26060_C|T,26270_C|T,26529_G|A,26577_C|G,26709_G|A,27800_C|T,27807_C|T,27889_C|T,28271_A|T,28311_C|T,28681_G|T,28881_G|A,28882_G|A,28883_G|C,29510_A|C,11288_11296,21633_21641,21765_21770,28362_28370,29734_29759
England/LSPA-325B4252/2022	XBE	241_C|T,670_T|G,1627_C|T,2790_C|T,3037_C|T,4184_G|A,4321_C|T,9344_C|T,9424_A|G,9534_C|T,10029_C|T,10198_C|T,10447_G|A,10449_C|A,12160_G|A,12310_G|A,12880_C|T,14408_C|T,15714_C|T,16616_C|A,17410_C|T,18163_A|G,19283_A|G,19955_C|T,20055_A|G,21618_C|T,21987_G|A,22200_T|G,22578_G|A,22599_G|C,22674_C|T,22679_T|C,22686_C|T,22688_A|G,22775_G|A,22786_A|C,22813_G|T,22882_T|G,22917_T|G,22992_G|A,22995_C|A,23013_A|C,23018_T|G,23055_A|G,23063_A|T,23075_T|C,23403_A|G,23525_C|T,23599_T|G,23604_C|A,23854_C|A,23948_G|T,24424_A|T,24469_T|A,25000_C|T,25584_C|T,25936_C|T,26060_C|T,26270_C|T,26529_G|A,26577_C|G,26709_G|A,27800_C|T,27807_C|T,27889_C|T,28271_A|T,28311_C|T,28681_G|T,28881_G|A,28882_G|A,28883_G|C,29510_A|C,11288_11296,21633_21641,21765_21770,28362_28370,29734_29759
England/LSPA-325B4304/2022	XBE	241_C|T,670_T|G,1627_C|T,2790_C|T,3037_C|T,4184_G|A,4321_C|T,9344_C|T,9424_A|G,9534_C|T,10029_C|T,10198_C|T,10447_G|A,10449_C|A,12160_G|A,12310_G|A,12880_C|T,14408_C|T,15714_C|T,16616_C|A,17410_C|T,18163_A|G,19283_A|G,19955_C|T,20055_A|G,21618_C|T,21987_G|A,22200_T|G,22578_G|A,22599_G|C,22674_C|T,22679_T|C,22686_C|T,22688_A|G,22775_G|A,22786_A|C,22813_G|T,22882_T|G,22917_T|G,22992_G|A,22995_C|A,23013_A|C,23018_T|G,23055_A|G,23063_A|T,23075_T|C,23403_A|G,23525_C|T,23599_T|G,23604_C|A,23854_C|A,23948_G|T,24424_A|T,24469_T|A,25000_C|T,25584_C|T,25936_C|T,26060_C|T,26270_C|T,26529_G|A,26577_C|G,26709_G|A,27800_C|T,27807_C|T,27889_C|T,28271_A|T,28311_C|T,28681_G|T,28881_G|A,28882_G|A,28883_G|C,29510_A|C,11288_11296,21633_21641,21765_21770,28362_28370,29734_29759
England/LSPA-325C5F84/2022	XBE	241_C|T,670_T|G,1627_C|T,2790_C|T,3037_C|T,4184_G|A,4321_C|T,9344_C|T,9424_A|G,9534_C|T,10029_C|T,10198_C|T,10447_G|A,10449_C|A,12160_G|A,12310_G|A,12880_C|T,14408_C|T,15714_C|T,16616_C|A,17410_C|T,18163_A|G,19283_A|G,19955_C|T,20055_A|G,21618_C|T,21987_G|A,22200_T|G,22578_G|A,22599_G|C,22674_C|T,22679_T|C,22686_C|T,22688_A|G,22775_G|A,22786_A|C,22813_G|T,22882_T|G,22917_T|G,22992_G|A,22995_C|A,23013_A|C,23018_T|G,23055_A|G,23063_A|T,23075_T|C,23403_A|G,23525_C|T,23599_T|G,23604_C|A,23854_C|A,23948_G|T,24424_A|T,24469_T|A,25000_C|T,25584_C|T,25936_C|T,26060_C|T,26270_C|T,26529_G|A,26577_C|G,26709_G|A,27800_C|T,27807_C|T,27889_C|T,28271_A|T,28311_C|T,28681_G|T,28881_G|A,28882_G|A,28883_G|C,29510_A|C,11288_11296,21633_21641,21765_21770,28362_28370,29734_29759
England/LSPA-325C6080/2022	XBE	241_C|T,670_T|G,1627_C|T,2790_C|T,3037_C|T,4184_G|A,4321_C|T,9344_C|T,9424_A|G,9534_C|T,10029_C|T,10198_C|T,10447_G|A,10449_C|A,12160_G|A,12310_G|A,12880_C|T,14408_C|T,15714_C|T,16616_C|A,17410_C|T,18163_A|G,19283_A|G,19955_C|T,20055_A|G,21618_C|T,21987_G|A,22200_T|G,22578_G|A,22599_G|C,22674_C|T,22679_T|C,22686_C|T,22688_A|G,22775_G|A,22786_A|C,22813_G|T,22882_T|G,22917_T|G,22992_G|A,22995_C|A,23013_A|C,23018_T|G,23055_A|G,23063_A|T,23075_T|C,23403_A|G,23525_C|T,23599_T|G,23604_C|A,23854_C|A,23948_G|T,24424_A|T,24469_T|A,25000_C|T,25584_C|T,25936_C|T,26060_C|T,26270_C|T,26529_G|A,26577_C|G,26709_G|A,27800_C|T,27807_C|T,27889_C|T,28271_A|T,28311_C|T,28681_G|T,28881_G|A,28882_G|A,28883_G|C,29510_A|C,11288_11296,21633_21641,21765_21770,28362_28370,29734_29759
England/LSPA-325C6211/2022	XBE	241_C|T,670_T|G,1627_C|T,2790_C|T,3037_C|T,4184_G|A,4321_C|T,9344_C|T,9424_A|G,9534_C|T,10029_C|T,10198_C|T,10447_G|A,10449_C|A,12160_G|A,12310_G|A,12880_C|T,14408_C|T,15714_C|T,16616_C|A,17410_C|T,18163_A|G,19283_A|G,19955_C|T,20055_A|G,21618_C|T,21987_G|A,22200_T|G,22578_G|A,22599_G|C,22674_C|T,22679_T|C,22686_C|T,22688_A|G,22775_G|A,22786_A|C,22813_G|T,22882_T|G,22917_T|G,22992_G|A,22995_C|A,23013_A|C,23018_T|G,23055_A|G,23063_A|T,23075_T|C,23403_A|G,23525_C|T,23599_T|G,23604_C|A,23854_C|A,23948_G|T,24424_A|T,24469_T|A,25000_C|T,25584_C|T,25936_C|T,26060_C|T,26270_C|T,26529_G|A,26577_C|G,26709_G|A,27800_C|T,27807_C|T,27889_C|T,28271_A|T,28311_C|T,28681_G|T,28881_G|A,28882_G|A,28883_G|C,29510_A|C,11288_11296,21633_21641,21765_21770,28362_28370,29734_29759
England/LSPA-325C8C11/2022	XBE	241_C|T,670_T|G,1627_C|T,2790_C|T,3037_C|T,4184_G|A,4321_C|T,9344_C|T,9424_A|G,9534_C|T,10029_C|T,10198_C|T,10447_G|A,10449_C|A,12160_G|A,12310_G|A,12880_C|T,14408_C|T,15714_C|T,16616_C|A,16768_C|A,17410_C|T,18163_A|G,19283_A|G,19955_C|T,20055_A|G,21618_C|T,21987_G|A,22200_T|G,22578_G|A,22599_G|C,22674_C|T,22679_T|C,22686_C|T,22688_A|G,22775_G|A,22786_A|C,22813_G|T,22882_T|G,22917_T|G,22992_G|A,22995_C|A,23013_A|C,23018_T|G,23055_A|G,23063_A|T,23075_T|C,23403_A|G,23525_C|T,23599_T|G,23604_C|A,23854_C|A,23948_G|T,24424_A|T,24469_T|A,25000_C|T,25584_C|T,26060_C|T,26270_C|T,26529_G|A,26577_C|G,26709_G|A,27384_T|C,27800_C|T,27807_C|T,27889_C|T,28271_A|T,28311_C|T,28681_G|T,28881_G|A,28882_G|A,28883_G|C,29510_A|C,11288_11296,21633_21641,21765_21770,28362_28370,29734_29759
England/LSPA-325CB11F/2022	XBE	241_C|T,670_T|G,1627_C|T,2790_C|T,3037_C|T,4184_G|A,4321_C|T,4444_G|A,7717_T|C,9344_C|T,9424_A|G,9534_C|T,10029_C|T,10198_C|T,10447_G|A,10449_C|A,11173_C|T,12160_G|A,12310_G|A,12880_C|T,14408_C|T,15714_C|T,16616_C|A,17410_C|T,18163_A|G,19283_A|G,19955_C|T,20055_A|G,21618_C|T,21987_G|A,22200_T|G,22578_G|A,22599_G|C,22674_C|T,22679_T|C,22686_C|T,22688_A|G,22775_G|A,22786_A|C,22813_G|T,22882_T|G,22917_T|G,22992_G|A,22995_C|A,23013_A|C,23018_T|G,23055_A|G,23063_A|T,23075_T|C,23403_A|G,23525_C|T,23599_T|G,23604_C|A,23854_C|A,23948_G|T,24424_A|T,24469_T|A,25000_C|T,25584_C|T,26060_C|T,26270_C|T,26529_G|A,26577_C|G,26709_G|A,27800_C|T,27807_C|T,27889_C|T,28271_A|T,28311_C|T,28681_G|T,28881_G|A,28882_G|A,28883_G|C,29510_A|C,515_520,11288_11296,21633_21641,21765_21770,28362_28370,29734_29759
England/LSPA-325EB814/2022	XBE	241_C|T,670_T|G,1627_C|T,2790_C|T,3037_C|T,4184_G|A,4321_C|T,9344_C|T,9424_A|G,9534_C|T,10029_C|T,10198_C|T,10447_G|A,10449_C|A,12160_G|A,12310_G|A,12880_C|T,14408_C|T,15714_C|T,16616_C|A,16768_C|A,17410_C|T,18163_A|G,19283_A|G,19955_C|T,20055_A|G,21618_C|T,21987_G|A,22200_T|G,22578_G|A,22599_G|C,22674_C|T,22679_T|C,22686_C|T,22688_A|G,22775_G|A,22786_A|C,22813_G|T,22882_T|G,22917_T|G,22992_G|A,22995_C|A,23013_A|C,23018_T|G,23055_A|G,23063_A|T,23075_T|C,23403_A|G,23525_C|T,23599_T|G,23604_C|A,23854_C|A,23948_G|T,24424_A|T,24469_T|A,25000_C|T,25584_C|T,26060_C|T,26270_C|T,26529_G|A,26577_C|G,26709_G|A,27384_T|C,27800_C|T,27807_C|T,27889_C|T,28271_A|T,28311_C|T,28681_G|T,28881_G|A,28882_G|A,28883_G|C,29510_A|C,11288_11296,21633_21641,21765_21770,28362_28370,29734_29759
England/LSPA-325F9576/2022	XBE	241_C|T,670_T|G,1627_C|T,2790_C|T,3037_C|T,4184_G|A,4321_C|T,9344_C|T,9424_A|G,9534_C|T,10029_C|T,10198_C|T,10447_G|A,10449_C|A,12160_G|A,12310_G|A,12880_C|T,14408_C|T,15714_C|T,16616_C|A,17410_C|T,18162_C|T,18163_A|G,19283_A|G,19955_C|T,20055_A|G,21618_C|T,21987_G|A,22200_T|G,22578_G|A,22599_G|C,22674_C|T,22679_T|C,22686_C|T,22688_A|G,22775_G|A,22786_A|C,22813_G|T,22882_T|G,22917_T|G,22992_G|A,22995_C|A,23013_A|C,23018_T|G,23055_A|G,23063_A|T,23075_T|C,23403_A|G,23525_C|T,23599_T|G,23604_C|A,23854_C|A,23948_G|T,24424_A|T,24469_T|A,25000_C|T,25584_C|T,26060_C|T,26270_C|T,26529_G|A,26577_C|G,26645_C|T,26709_G|A,26882_C|T,27800_C|T,27807_C|T,27889_C|T,28271_A|T,28311_C|T,28681_G|T,28881_G|A,28882_G|A,28883_G|C,29510_A|C,11288_11296,21633_21641,21765_21770,28362_28370,29734_29759
England/LSPA-32600AF4/2022	XBE	241_C|T,670_T|G,1627_C|T,2790_C|T,3037_C|T,4184_G|A,4321_C|T,9344_C|T,9424_A|G,9534_C|T,10029_C|T,10198_C|T,10447_G|A,10449_C|A,12160_G|A,12310_G|A,12880_C|T,14408_C|T,15714_C|T,16616_C|A,17410_C|T,18162_C|T,18163_A|G,19283_A|G,19955_C|T,20055_A|G,21618_C|T,21987_G|A,22200_T|G,22578_G|A,22599_G|C,22674_C|T,22679_T|C,22686_C|T,22688_A|G,22775_G|A,22786_A|C,22813_G|T,22882_T|G,22917_T|G,22926_T|C,22992_G|A,22995_C|A,23013_A|C,23018_T|G,23055_A|G,23063_A|T,23075_T|C,23403_A|G,23525_C|T,23599_T|G,23604_C|A,23854_C|A,23948_G|T,24424_A|T,24469_T|A,25000_C|T,25584_C|T,26060_C|T,26270_C|T,26529_G|A,26577_C|G,26645_C|T,26709_G|A,26882_C|T,27800_C|T,27807_C|T,27889_C|T,28271_A|T,28311_C|T,28681_G|T,28881_G|A,28882_G|A,28883_G|C,29510_A|C,11288_11296,21633_21641,21765_21770,28362_28370,29734_29759
England/LSPA-32600EE9/2022	XBE	241_C|T,670_T|G,1627_C|T,2790_C|T,3037_C|T,4184_G|A,4321_C|T,9344_C|T,9424_A|G,9534_C|T,10029_C|T,10198_C|T,10447_G|A,10449_C|A,12160_G|A,12310_G|A,12880_C|T,14408_C|T,15714_C|T,16616_C|A,17410_C|T,18162_C|T,18163_A|G,19283_A|G,19955_C|T,21618_C|T,21987_G|A,22200_T|G,22384_T|C,22578_G|A,22599_G|C,22674_C|T,22679_T|C,22686_C|T,22688_A|G,22775_G|A,22786_A|C,22813_G|T,22882_T|G,22917_T|G,22992_G|A,22995_C|A,23013_A|C,23018_T|G,23055_A|G,23063_A|T,23075_T|C,23403_A|G,23525_C|T,23599_T|G,23604_C|A,23854_C|A,23948_G|T,24424_A|T,24469_T|A,25000_C|T,25584_C|T,26060_C|T,26270_C|T,26529_G|A,26577_C|G,26645_C|T,26709_G|A,26882_C|T,27800_C|T,27807_C|T,27889_C|T,28271_A|T,28311_C|T,28681_G|T,28881_G|A,28882_G|A,28883_G|C,29510_A|C,11288_11296,21633_21641,21765_21770,28362_28370,29734_29759
England/PHEC-YY8FNUG/2022	XBE	241_C|T,670_T|G,1627_C|T,2790_C|T,3037_C|T,4184_G|A,4321_C|T,9344_C|T,9424_A|G,9534_C|T,10029_C|T,10198_C|T,10447_G|A,10449_C|A,12160_G|A,12310_G|A,12880_C|T,14408_C|T,15714_C|T,16616_C|A,17410_C|T,18163_A|G,19283_A|G,19955_C|T,20055_A|G,21618_C|T,21987_G|A,22200_T|G,22578_G|A,22599_G|C,22674_C|T,22679_T|C,22686_C|T,22688_A|G,22775_G|A,22813_G|T,22882_T|G,22917_T|G,22992_G|A,22995_C|A,23013_A|C,23018_T|G,23055_A|G,23063_A|T,23075_T|C,23403_A|G,23525_C|T,23599_T|G,23604_C|A,23854_C|A,23948_G|T,23996_C|T,24424_A|T,24469_T|A,25000_C|T,25584_C|T,25936_C|T,26060_C|T,26270_C|T,26529_G|A,26577_C|G,26709_G|A,27800_C|T,27807_C|T,27889_C|T,28271_A|T,28311_C|T,28681_G|T,28881_G|A,28882_G|A,28883_G|C,29510_A|C,11288_11296,21633_21641,21765_21770,28362_28370,29734_29759
England/PHEC-YY8FP9D/2022	XBE	241_C|T,670_T|G,1627_C|T,2790_C|T,3037_C|T,4184_G|A,4321_C|T,9344_C|T,9424_A|G,9534_C|T,10029_C|T,10198_C|T,10447_G|A,10449_C|A,12160_G|A,12310_G|A,12880_C|T,14408_C|T,15714_C|T,16616_C|A,17410_C|T,18163_A|G,19283_A|G,19955_C|T,20055_A|G,21618_C|T,21987_G|A,22200_T|G,22578_G|A,22599_G|C,22674_C|T,22679_T|C,22686_C|T,22688_A|G,22775_G|A,22813_G|T,22882_T|G,22917_T|G,22992_G|A,22995_C|A,23013_A|C,23018_T|G,23055_A|G,23063_A|T,23075_T|C,23403_A|G,23525_C|T,23599_T|G,23604_C|A,23854_C|A,23948_G|T,23996_C|T,24424_A|T,24469_T|A,25000_C|T,25584_C|T,25936_C|T,26060_C|T,26270_C|T,26529_G|A,26577_C|G,26709_G|A,27800_C|T,27807_C|T,27889_C|T,28271_A|T,28311_C|T,28681_G|T,28881_G|A,28882_G|A,28883_G|C,29510_A|C,11288_11296,21633_21641,21765_21770,28362_28370,29734_29759
England/PHEC-YY8G14G/2022	XBE	241_C|T,670_T|G,1627_C|T,2790_C|T,3037_C|T,4184_G|A,4321_C|T,9344_C|T,9424_A|G,9534_C|T,10029_C|T,10198_C|T,10447_G|A,10449_C|A,12160_G|A,12310_G|A,12880_C|T,14408_C|T,15714_C|T,16616_C|A,17410_C|T,18163_A|G,19283_A|G,19955_C|T,20055_A|G,21618_C|T,21987_G|A,22200_T|G,22578_G|A,22599_G|C,22674_C|T,22679_T|C,22686_C|T,22688_A|G,22775_G|A,22813_G|T,22882_T|G,22917_T|G,22992_G|A,22995_C|A,23013_A|C,23018_T|G,23055_A|G,23063_A|T,23075_T|C,23403_A|G,23525_C|T,23599_T|G,23604_C|A,23854_C|A,23948_G|T,24424_A|T,24469_T|A,25000_C|T,25584_C|T,25936_C|T,26060_C|T,26270_C|T,26529_G|A,26577_C|G,26709_G|A,27800_C|T,27807_C|T,27889_C|T,28271_A|T,28311_C|T,28681_G|T,28881_G|A,28882_G|A,28883_G|C,29510_A|C,11288_11296,21633_21641,28362_28370
England/PHEC-YY8XH3C/2022	XBE	241_C|T,670_T|G,1627_C|T,2790_C|T,3037_C|T,4184_G|A,4321_C|T,5338_T|C,9344_C|T,9424_A|G,9534_C|T,10029_C|T,10198_C|T,10447_G|A,10449_C|A,12160_G|A,12310_G|A,12880_C|T,14408_C|T,15714_C|T,16616_C|A,17410_C|T,18163_A|G,19283_A|G,19955_C|T,20055_A|G,21618_C|T,21987_G|A,22200_T|G,22578_G|A,22599_G|C,22674_C|T,22679_T|C,22686_C|T,22688_A|G,22775_G|A,22786_A|C,22813_G|T,22882_T|G,22917_T|G,22992_G|A,22995_C|A,23013_A|C,23018_T|G,23055_A|G,23063_A|T,23075_T|C,23403_A|G,23525_C|T,23599_T|G,23604_C|A,23854_C|A,23948_G|T,24424_A|T,24460_T|C,24469_T|A,25000_C|T,25584_C|T,26060_C|T,26270_C|T,26529_G|A,26577_C|G,26709_G|A,27800_C|T,27807_C|T,27889_C|T,28271_A|T,28311_C|T,28681_G|T,28881_G|A,28882_G|A,28883_G|C,29510_A|C,11288_11296,21633_21641,28362_28370
England/PHEC-YY8XQ1E/2022	XBE	189_G|A,241_C|T,486_C|T,670_T|G,1627_C|T,2406_A|G,2790_C|T,3037_C|T,4184_G|A,4321_C|T,8025_C|T,9344_C|T,9424_A|G,9534_C|T,10029_C|T,10198_C|T,10447_G|A,10449_C|A,12160_G|A,12310_G|A,12880_C|T,14408_C|T,14670_C|T,15684_T|C,15714_C|T,16616_C|A,17410_C|T,18163_A|G,19955_C|T,20055_A|G,20703_C|T,21435_T|C,21618_C|T,21987_G|A,22200_T|G,22578_G|A,22599_G|C,22674_C|T,22679_T|C,22686_C|T,22688_A|G,22775_G|A,22813_G|T,22882_T|G,22917_T|G,22992_G|A,22995_C|A,23013_A|C,23018_T|G,23055_A|G,23063_A|T,23075_T|C,23403_A|G,23525_C|T,23599_T|G,23604_C|A,23854_C|A,23948_G|T,24424_A|T,24469_T|A,25000_C|T,25584_C|T,25938_T|C,26060_C|T,26270_C|T,26529_G|A,26577_C|G,26709_G|A,27800_C|T,27807_C|T,27889_C|T,28271_A|T,28311_C|T,28681_G|T,28881_G|A,28882_G|A,28883_G|C,29510_A|C,29586_C|T,11288_11296,21633_21641,28362_28370
England/PHEC-YY8YKXT/2022	XBE	241_C|T,670_T|G,1627_C|T,2790_C|T,3037_C|T,4184_G|A,4321_C|T,9344_C|T,9424_A|G,9534_C|T,10029_C|T,10198_C|T,10447_G|A,10449_C|A,12160_G|A,12310_G|A,12880_C|T,14408_C|T,14763_C|T,15714_C|T,16616_C|A,17410_C|T,18163_A|G,19283_A|G,19955_C|T,20055_A|G,21618_C|T,21987_G|A,22200_T|G,22578_G|A,22599_G|C,22674_C|T,22679_T|C,22686_C|T,22688_A|G,22775_G|A,22813_G|T,22882_T|G,22917_T|G,22992_G|A,22995_C|A,23013_A|C,23018_T|G,23055_A|G,23063_A|T,23075_T|C,23403_A|G,23525_C|T,23599_T|G,23604_C|A,23854_C|A,23948_G|T,24424_A|T,24469_T|A,25000_C|T,25584_C|T,26060_C|T,26270_C|T,26529_G|A,26577_C|G,26709_G|A,26882_C|T,27800_C|T,27807_C|T,27889_C|T,28271_A|T,28311_C|T,28681_G|T,28881_G|A,28882_G|A,28883_G|C,29510_A|C
England/PHEP-YYF3OBS/2022	XBE	241_C|T,379_C|T,670_T|G,1627_C|T,2790_C|T,3037_C|T,4184_G|A,4321_C|T,9344_C|T,9424_A|G,9534_C|T,10029_C|T,10198_C|T,10447_G|A,10449_C|A,12160_G|A,12310_G|A,12880_C|T,14408_C|T,15714_C|T,16616_C|A,17410_C|T,18163_A|G,19283_A|G,21618_C|T,21987_G|A,22200_T|G,22578_G|A,22599_G|C,22674_C|T,22679_T|C,22686_C|T,22688_A|G,22775_G|A,22786_A|C,22813_G|T,22882_T|G,22917_T|G,22992_G|A,22995_C|A,23013_A|C,23018_T|G,23055_A|G,23063_A|T,23075_T|C,23403_A|G,23525_C|T,23599_T|G,23604_C|A,23854_C|A,23948_G|T,24424_A|T,24469_T|A,25000_C|T,25584_C|T,26060_C|T,26270_C|T,26529_G|A,26577_C|G,26709_G|A,27800_C|T,27807_C|T,27889_C|T,28271_A|T,28311_C|T,28681_G|T,28881_G|A,28882_G|A,28883_G|C,29510_A|C,11288_11296,21633_21641,21765_21770,28362_28370,29734_29759
England/PLYM-3F8B436/2022	XBE	241_C|T,670_T|G,1627_C|T,2790_C|T,3037_C|T,4184_G|A,4321_C|T,9344_C|T,9424_A|G,9534_C|T,10029_C|T,10198_C|T,10447_G|A,10449_C|A,12160_G|A,12310_G|A,12880_C|T,14408_C|T,15714_C|T,16616_C|A,17410_C|T,18163_A|G,19283_A|G,19955_C|T,20055_A|G,21618_C|T,21987_G|A,22200_T|G,22578_G|A,22599_G|C,22674_C|T,22679_T|C,22686_C|T,22688_A|G,22775_G|A,22786_A|C,22813_G|T,22882_T|G,22917_T|G,22992_G|A,22995_C|A,23013_A|C,23018_T|G,23055_A|G,23063_A|T,23075_T|C,23403_A|G,23525_C|T,23599_T|G,23604_C|A,23854_C|A,23948_G|T,24424_A|T,24469_T|A,25000_C|T,25584_C|T,26060_C|T,26270_C|T,26529_G|A,26577_C|G,26709_G|A,27800_C|T,27807_C|T,27889_C|T,28271_A|T,28311_C|T,28681_G|T,28881_G|A,28882_G|A,28883_G|C,29510_A|C,11288_11296,21633_21641,21765_21770,28362_28370,29734_29759
England/QEUH-32588336/2022	XBE	241_C|T,670_T|G,1627_C|T,2790_C|T,3037_C|T,4184_G|A,4321_C|T,9344_C|T,9424_A|G,9534_C|T,10029_C|T,10198_C|T,10447_G|A,10449_C|A,12160_G|A,12310_G|A,12880_C|T,14408_C|T,15714_C|T,16616_C|A,17410_C|T,18163_A|G,19283_A|G,19955_C|T,20055_A|G,21618_C|T,21987_G|A,22200_T|G,22578_G|A,22599_G|C,22674_C|T,22679_T|C,22686_C|T,22688_A|G,22775_G|A,22786_A|C,22813_G|T,22882_T|G,22917_T|G,22992_G|A,22995_C|A,23013_A|C,23018_T|G,23055_A|G,23063_A|T,23075_T|C,23403_A|G,23525_C|T,23599_T|G,23604_C|A,23854_C|A,23948_G|T,24424_A|T,24469_T|A,25000_C|T,25584_C|T,25936_C|T,26060_C|T,26270_C|T,26529_G|A,26577_C|G,26709_G|A,27434_C|T,27800_C|T,27807_C|T,27889_C|T,28271_A|T,28311_C|T,28681_G|T,28881_G|A,28882_G|A,28883_G|C,29510_A|C,11288_11296,21633_21641,21765_21770,28362_28370,29734_29759
England/QEUH-3258F0FC/2022	XBE	241_C|T,670_T|G,1627_C|T,2790_C|T,3037_C|T,4184_G|A,4321_C|T,9344_C|T,9424_A|G,9534_C|T,10029_C|T,10198_C|T,10447_G|A,10449_C|A,12160_G|A,12310_G|A,12880_C|T,14408_C|T,15714_C|T,16616_C|A,17410_C|T,18163_A|G,19283_A|G,19955_C|T,20055_A|G,21618_C|T,21987_G|A,22200_T|G,22578_G|A,22599_G|C,22674_C|T,22679_T|C,22686_C|T,22688_A|G,22775_G|A,22786_A|C,22813_G|T,22882_T|G,22917_T|G,22992_G|A,22995_C|A,23013_A|C,23018_T|G,23055_A|G,23063_A|T,23075_T|C,23403_A|G,23525_C|T,23599_T|G,23604_C|A,23854_C|A,23948_G|T,24424_A|T,24469_T|A,25000_C|T,25584_C|T,26060_C|T,26270_C|T,26529_G|A,26577_C|G,26709_G|A,27035_T|C,27800_C|T,27807_C|T,27889_C|T,28271_A|T,28311_C|T,28681_G|T,28881_G|A,28882_G|A,28883_G|C,29510_A|C,11288_11296,21633_21641,21765_21770,28362_28370,29734_29759
England/QEUH-32590210/2022	XBE	241_C|T,670_T|G,1627_C|T,2790_C|T,3037_C|T,4184_G|A,4321_C|T,9344_C|T,9424_A|G,9534_C|T,10029_C|T,10198_C|T,10447_G|A,10449_C|A,12160_G|A,12310_G|A,12880_C|T,14408_C|T,15714_C|T,16616_C|A,17410_C|T,18163_A|G,19283_A|G,19955_C|T,20055_A|G,21618_C|T,21987_G|A,22200_T|G,22578_G|A,22599_G|C,22674_C|T,22679_T|C,22686_C|T,22688_A|G,22775_G|A,22786_A|C,22813_G|T,22882_T|G,22917_T|G,22992_G|A,22995_C|A,23013_A|C,23018_T|G,23055_A|G,23063_A|T,23075_T|C,23403_A|G,23525_C|T,23599_T|G,23604_C|A,23854_C|A,23948_G|T,24424_A|T,24469_T|A,25000_C|T,25584_C|T,26060_C|T,26270_C|T,26529_G|A,26577_C|G,26709_G|A,27035_T|C,27800_C|T,27807_C|T,27889_C|T,28271_A|T,28311_C|T,28681_G|T,28881_G|A,28882_G|A,28883_G|C,29510_A|C,11288_11296,21633_21641,21765_21770,28362_28370,29734_29759
England/QEUH-325AA42C/2022	XBE	241_C|T,670_T|G,1627_C|T,2790_C|T,3037_C|T,4184_G|A,4321_C|T,9344_C|T,9424_A|G,9534_C|T,10029_C|T,10198_C|T,10447_G|A,10449_C|A,12160_G|A,12310_G|A,12880_C|T,14408_C|T,15714_C|T,16616_C|A,17410_C|T,18163_A|G,19283_A|G,19955_C|T,20055_A|G,21618_C|T,21987_G|A,22200_T|G,22578_G|A,22599_G|C,22674_C|T,22679_T|C,22686_C|T,22688_A|G,22775_G|A,22786_A|C,22813_G|T,22882_T|G,22917_T|G,22992_G|A,22995_C|A,23013_A|C,23018_T|G,23055_A|G,23063_A|T,23075_T|C,23403_A|G,23525_C|T,23599_T|G,23604_C|A,23854_C|A,23948_G|T,24424_A|T,24469_T|A,25000_C|T,25584_C|T,26060_C|T,26270_C|T,26529_G|A,26577_C|G,26709_G|A,27800_C|T,27807_C|T,27889_C|T,28271_A|T,28311_C|T,28681_G|T,28881_G|A,28882_G|A,28883_G|C,29510_A|C,11288_11296,21633_21641,21765_21770,28362_28370,29734_29759
England/QEUH-325BA1C8/2022	XBE	241_C|T,670_T|G,1627_C|T,2790_C|T,3037_C|T,4184_G|A,4321_C|T,9344_C|T,9424_A|G,9534_C|T,10029_C|T,10198_C|T,10447_G|A,10449_C|A,12160_G|A,12310_G|A,12880_C|T,14265_C|T,14408_C|T,15714_C|T,16616_C|A,17410_C|T,18163_A|G,19283_A|G,19955_C|T,20055_A|G,21618_C|T,21987_G|A,22200_T|G,22578_G|A,22599_G|C,22674_C|T,22679_T|C,22686_C|T,22688_A|G,22775_G|A,22786_A|C,22813_G|T,22882_T|G,22917_T|G,22992_G|A,22995_C|A,23013_A|C,23018_T|G,23055_A|G,23063_A|T,23075_T|C,23403_A|G,23525_C|T,23599_T|G,23604_C|A,23854_C|A,23948_G|T,24424_A|T,24469_T|A,25000_C|T,25584_C|T,25936_C|T,26060_C|T,26164_C|A,26270_C|T,26529_G|A,26577_C|G,26709_G|A,27800_C|T,27807_C|T,27889_C|T,28271_A|T,28311_C|T,28681_G|T,28881_G|A,28882_G|A,28883_G|C,29510_A|C,11288_11296,21633_21641,21765_21770,28362_28370,29734_29759
England/QEUH-325BBDE1/2022	XBE	241_C|T,670_T|G,1627_C|T,2790_C|T,3037_C|T,4184_G|A,4321_C|T,9344_C|T,9424_A|G,9534_C|T,10029_C|T,10198_C|T,10447_G|A,10449_C|A,12160_G|A,12310_G|A,12880_C|T,14265_C|T,14408_C|T,15714_C|T,16616_C|A,17410_C|T,18163_A|G,19283_A|G,19955_C|T,20055_A|G,21618_C|T,21987_G|A,22200_T|G,22578_G|A,22599_G|C,22674_C|T,22679_T|C,22686_C|T,22688_A|G,22775_G|A,22786_A|C,22813_G|T,22882_T|G,22917_T|G,22992_G|A,22995_C|A,23013_A|C,23018_T|G,23055_A|G,23063_A|T,23075_T|C,23403_A|G,23525_C|T,23599_T|G,23604_C|A,23854_C|A,23948_G|T,24424_A|T,24469_T|A,25000_C|T,25584_C|T,25936_C|T,26060_C|T,26164_C|A,26270_C|T,26529_G|A,26577_C|G,26709_G|A,27800_C|T,27807_C|T,27889_C|T,28271_A|T,28311_C|T,28681_G|T,28881_G|A,28882_G|A,28883_G|C,29510_A|C,11288_11296,21633_21641,21765_21770,28362_28370,29734_29759
England/QEUH-325CB62F/2022	XBE	241_C|T,379_C|T,670_T|G,1627_C|T,2790_C|T,3037_C|T,4184_G|A,4321_C|T,9344_C|T,9424_A|G,9534_C|T,10029_C|T,10198_C|T,10447_G|A,10449_C|A,12160_G|A,12310_G|A,12880_C|T,14408_C|T,15714_C|T,16616_C|A,17410_C|T,18163_A|G,19283_A|G,19955_C|T,20055_A|G,21618_C|T,21987_G|A,22200_T|G,22578_G|A,22599_G|C,22674_C|T,22679_T|C,22686_C|T,22688_A|G,22775_G|A,22786_A|C,22813_G|T,22882_T|G,22917_T|G,22992_G|A,22995_C|A,23013_A|C,23018_T|G,23055_A|G,23063_A|T,23075_T|C,23403_A|G,23525_C|T,23599_T|G,23604_C|A,23854_C|A,23948_G|T,24424_A|T,24469_T|A,25000_C|T,25584_C|T,26060_C|T,26270_C|T,26529_G|A,26577_C|G,26709_G|A,27800_C|T,27807_C|T,27889_C|T,28271_A|T,28311_C|T,28681_G|T,28881_G|A,28882_G|A,28883_G|C,29510_A|C,11288_11296,21633_21641,21765_21770,28362_28370,29734_29759
England/QEUH-325CC8CE/2022	XBE	241_C|T,670_T|G,1627_C|T,2790_C|T,3037_C|T,4184_G|A,4321_C|T,9344_C|T,9424_A|G,9534_C|T,10029_C|T,10198_C|T,10447_G|A,10449_C|A,12160_G|A,12310_G|A,12880_C|T,14265_C|T,14408_C|T,15714_C|T,16616_C|A,17410_C|T,18163_A|G,19283_A|G,19955_C|T,20055_A|G,21618_C|T,21987_G|A,22200_T|G,22578_G|A,22599_G|C,22674_C|T,22679_T|C,22686_C|T,22688_A|G,22775_G|A,22786_A|C,22813_G|T,22882_T|G,22917_T|G,22992_G|A,22995_C|A,23013_A|C,23018_T|G,23055_A|G,23063_A|T,23075_T|C,23403_A|G,23525_C|T,23599_T|G,23604_C|A,23854_C|A,23948_G|T,24424_A|T,24469_T|A,25000_C|T,25584_C|T,25936_C|T,26060_C|T,26270_C|T,26529_G|A,26577_C|G,26709_G|A,27800_C|T,27807_C|T,27889_C|T,28271_A|T,28311_C|T,28681_G|T,28881_G|A,28882_G|A,28883_G|C,29510_A|C,29543_G|A,11288_11296,21633_21641,21765_21770,28254,28362_28370,29734_29759,28250_.|CTG
England/QEUH-325CDB5B/2022	XBE	241_C|T,670_T|G,1627_C|T,2790_C|T,3037_C|T,4184_G|A,4321_C|T,9344_C|T,9424_A|G,9534_C|T,10029_C|T,10198_C|T,10447_G|A,10449_C|A,12160_G|A,12310_G|A,12880_C|T,14408_C|T,15714_C|T,16616_C|A,17410_C|T,18163_A|G,19283_A|G,19955_C|T,20055_A|G,21618_C|T,21987_G|A,22200_T|G,22578_G|A,22599_G|C,22674_C|T,22679_T|C,22686_C|T,22688_A|G,22775_G|A,22786_A|C,22813_G|T,22882_T|G,22917_T|G,22992_G|A,22995_C|A,23013_A|C,23018_T|G,23055_A|G,23063_A|T,23075_T|C,23403_A|G,23525_C|T,23599_T|G,23604_C|A,23854_C|A,23948_G|T,24424_A|T,24469_T|A,25000_C|T,25584_C|T,26060_C|T,26270_C|T,26529_G|A,26577_C|G,26709_G|A,27384_T|C,27800_C|T,27807_C|T,27889_C|T,28271_A|T,28311_C|T,28681_G|T,28881_G|A,28882_G|A,28883_G|C,29510_A|C,11288_11296,21633_21641,21765_21770,28362_28370,29734_29759
England/QEUH-325E0017/2022	XBE	241_C|T,670_T|G,1627_C|T,2790_C|T,3037_C|T,4184_G|A,4321_C|T,9344_C|T,9424_A|G,9534_C|T,10029_C|T,10198_C|T,10447_G|A,10449_C|A,12160_G|A,12310_G|A,12880_C|T,14265_C|T,14408_C|T,15714_C|T,16616_C|A,17410_C|T,18163_A|G,19283_A|G,19955_C|T,20055_A|G,21618_C|T,21987_G|A,22200_T|G,22578_G|A,22599_G|C,22674_C|T,22679_T|C,22686_C|T,22688_A|G,22775_G|A,22786_A|C,22813_G|T,22882_T|G,22917_T|G,22992_G|A,22995_C|A,23013_A|C,23018_T|G,23055_A|G,23063_A|T,23075_T|C,23403_A|G,23525_C|T,23599_T|G,23604_C|A,23854_C|A,23948_G|T,24424_A|T,24469_T|A,25000_C|T,25584_C|T,25936_C|T,26060_C|T,26270_C|T,26529_G|A,26577_C|G,26709_G|A,27800_C|T,27807_C|T,27889_C|T,28271_A|T,28311_C|T,28681_G|T,28881_G|A,28882_G|A,28883_G|C,29353_C|T,29510_A|C,11288_11296,21633_21641,21765_21770,28362_28370,29734_29759
Northern_Ireland/NIRE-01f4cd/2022	XBE	241_C|T,670_T|G,1627_C|T,2790_C|T,3037_C|T,4184_G|A,4321_C|T,9344_C|T,9424_A|G,9534_C|T,10029_C|T,10198_C|T,10447_G|A,10449_C|A,12160_G|A,12310_G|A,12880_C|T,14408_C|T,15714_C|T,16616_C|A,17410_C|T,18163_A|G,19283_A|G,19955_C|T,19983_C|T,20055_A|G,21618_C|T,21987_G|A,22200_T|G,22578_G|A,22599_G|C,22674_C|T,22679_T|C,22686_C|T,22688_A|G,22775_G|A,22786_A|C,22813_G|T,22882_T|G,22917_T|G,22992_G|A,22995_C|A,23013_A|C,23018_T|G,23055_A|G,23063_A|T,23075_T|C,23403_A|G,23525_C|T,23599_T|G,23604_C|A,23854_C|A,23948_G|T,24424_A|T,24469_T|A,25000_C|T,25584_C|T,26060_C|T,26270_C|T,26529_G|A,26577_C|G,26709_G|A,27128_C|T,27800_C|T,27807_C|T,27889_C|T,28271_A|T,28311_C|T,28681_G|T,28881_G|A,28882_G|A,28883_G|C,29510_A|C,11288_11296,21633_21641,21765_21770,28362_28370,29734_29759
OY027900	XBE	241_C|T,670_T|G,1627_C|T,2790_C|T,3037_C|T,4184_G|A,4321_C|T,9344_C|T,9424_A|G,9534_C|T,10029_C|T,10198_C|T,10447_G|A,10449_C|A,12160_G|A,12310_G|A,12880_C|T,14265_C|T,14408_C|T,15714_C|T,16616_C|A,17410_C|T,18163_A|G,19283_A|G,19955_C|T,20055_A|G,21618_C|T,21987_G|A,22200_T|G,22578_G|A,22599_G|C,22674_C|T,22679_T|C,22686_C|T,22688_A|G,22775_G|A,22786_A|C,22813_G|T,22882_T|G,22917_T|G,22992_G|A,22995_C|A,23013_A|C,23018_T|G,23055_A|G,23063_A|T,23075_T|C,23403_A|G,23525_C|T,23599_T|G,23604_C|A,23854_C|A,23948_G|T,24424_A|T,24469_T|A,25000_C|T,25584_C|T,25936_C|T,26060_C|T,26270_C|T,26529_G|A,26577_C|G,26709_G|A,27800_C|T,27807_C|T,28271_A|T,28311_C|T,28681_G|T,28881_G|A,28882_G|A,28883_G|C,29510_A|C,11288_11296,21633_21641,21765_21770,28362_28370
OY038193	XBE	241_C|T,670_T|G,1627_C|T,2790_C|T,3037_C|T,4184_G|A,4321_C|T,8733_C|T,9344_C|T,9424_A|G,9534_C|T,10029_C|T,10198_C|T,10447_G|A,10449_C|A,12160_G|A,12310_G|A,12880_C|T,13994_C|T,14408_C|T,15714_C|T,16616_C|A,17410_C|T,18163_A|G,19283_A|G,19955_C|T,20055_A|G,21618_C|T,21987_G|A,22200_T|G,22578_G|A,22599_G|C,22674_C|T,22679_T|C,22686_C|T,22688_A|G,22775_G|A,22786_A|C,22813_G|T,22882_T|G,22917_T|G,22992_G|A,22995_C|A,23013_A|C,23018_T|G,23055_A|G,23063_A|T,23075_T|C,23403_A|G,23525_C|T,23599_T|G,23604_C|A,23854_C|A,23948_G|T,24424_A|T,24469_T|A,25000_C|T,25584_C|T,25936_C|T,26060_C|T,26270_C|T,26529_G|A,26577_C|G,26709_G|A,27800_C|T,27807_C|T,27889_C|T,28271_A|T,28311_C|T,28681_G|T,28881_G|A,28882_G|A,28883_G|C,29510_A|C,11288_11296,21633_21641,21765_21770,28362_28370
OY316879	XBE	241_C|T,379_C|T,670_T|G,1627_C|T,2790_C|T,3037_C|T,4184_G|A,4321_C|T,9344_C|T,9424_A|G,9534_C|T,10029_C|T,10198_C|T,10447_G|A,10449_C|A,12160_G|A,12310_G|A,12880_C|T,14408_C|T,15714_C|T,16616_C|A,17410_C|T,18163_A|G,19283_A|G,19955_C|T,20055_A|G,21618_C|T,21987_G|A,22200_T|G,22578_G|A,22599_G|C,22674_C|T,22679_T|C,22686_C|T,22688_A|G,22775_G|A,22786_A|C,22813_G|T,22882_T|G,22917_T|G,22992_G|A,22995_C|A,23013_A|C,23018_T|G,23055_A|G,23063_A|T,23075_T|C,23403_A|G,23525_C|T,23599_T|G,23604_C|A,23854_C|A,23948_G|T,24424_A|T,24469_T|A,25000_C|T,25584_C|T,26060_C|T,26270_C|T,26529_G|A,26577_C|G,26709_G|A,27800_C|T,27807_C|T,27889_C|T,28271_A|T,28311_C|T,28681_G|T,28881_G|A,28882_G|A,28883_G|C,29510_A|C,11288_11296,21633_21641,21765_21770,28362_28370,29734_29759
OY412301	XBE	191_T|G,241_C|T,670_T|G,1627_C|T,2790_C|T,3037_C|T,3330_C|T,4184_G|A,4321_C|T,9344_C|T,9424_A|G,9534_C|T,10029_C|T,10198_C|T,10447_G|A,10449_C|A,12160_G|A,12310_G|A,12880_C|T,14408_C|T,15326_T|C,15714_C|T,16616_C|A,17410_C|T,18163_A|G,19283_A|G,19955_C|T,20055_A|G,21222_A|G,21618_C|T,21987_G|A,22200_T|G,22578_G|A,22599_G|C,22674_C|T,22679_T|C,22686_C|T,22688_A|G,22775_G|A,22786_A|C,22813_G|T,22882_T|G,22917_T|G,22992_G|A,22995_C|A,23013_A|C,23018_T|G,23055_A|G,23063_A|T,23075_T|C,23403_A|G,23525_C|T,23599_T|G,23604_C|A,23854_C|A,23948_G|T,24424_A|T,24469_T|A,25000_C|T,25584_C|T,26060_C|T,26270_C|T,26529_G|A,26577_C|G,26709_G|A,27800_C|T,27807_C|T,27889_C|T,28271_A|T,28311_C|T,28681_G|T,28881_G|A,28882_G|A,28883_G|C,29510_A|C,11288_11296,21633_21641,21765_21770,28362_28370,29734_29759
OY412353	XBE	241_C|T,670_T|G,1627_C|T,2790_C|T,3037_C|T,3376_T|C,4184_G|A,4321_C|T,7528_C|T,9344_C|T,9424_A|G,9534_C|T,10029_C|T,10198_C|T,10447_G|A,10449_C|A,11077_T|C,12160_G|A,12880_C|T,14408_C|T,15714_C|T,17410_C|T,18163_A|G,19955_C|T,20055_A|G,20465_A|G,21618_C|T,21777_G|T,21987_G|A,22200_T|G,22578_G|A,22599_G|C,22674_C|T,22679_T|C,22686_C|T,22688_A|G,22775_G|A,22786_A|C,22813_G|T,22882_T|G,22917_T|G,22992_G|A,22995_C|A,23013_A|C,23018_T|G,23055_A|G,23063_A|T,23075_T|C,23403_A|G,23525_C|T,23599_T|G,23604_C|A,23608_G|T,23854_C|A,23948_G|T,24424_A|T,24469_T|A,25000_C|T,25584_C|T,26060_C|T,26270_C|T,26529_G|A,26577_C|G,26709_G|A,27800_C|T,27807_C|T,27889_C|T,28271_A|T,28311_C|T,28681_G|T,28881_G|A,28882_G|A,28883_G|C,29510_A|C,11288_11296,21633_21641,21765_21770,28362_28370,29734_29759
OY470500	XBE	44_C|T,191_T|G,241_C|T,670_T|G,1627_C|T,2790_C|T,3037_C|T,3330_C|T,4184_G|A,4321_C|T,9344_C|T,9424_A|G,9534_C|T,10029_C|T,10198_C|T,10447_G|A,10449_C|A,12160_G|A,12310_G|A,12880_C|T,14408_C|T,15326_T|C,15714_C|T,16616_C|A,17410_C|T,18163_A|G,19283_A|G,19955_C|T,20055_A|G,21222_A|G,21618_C|T,21987_G|A,22200_T|G,22578_G|A,22599_G|C,22674_C|T,22679_T|C,22686_C|T,22688_A|G,22775_G|A,22786_A|C,22813_G|T,22882_T|G,22917_T|G,22992_G|A,22995_C|A,23013_A|C,23018_T|G,23055_A|G,23063_A|T,23075_T|C,23403_A|G,23525_C|T,23599_T|G,23604_C|A,23854_C|A,23948_G|T,24424_A|T,24469_T|A,25000_C|T,25584_C|T,26060_C|T,26270_C|T,26529_G|A,26577_C|G,26709_G|A,27800_C|T,27807_C|T,27889_C|T,28271_A|T,28311_C|T,28681_G|T,28881_G|A,28882_G|A,28883_G|C,29510_A|C,11288_11296,21633_21641,21765_21770,28362_28370,29734_29759
Scotland/LSPA-325A4D09/2022	XBE	241_C|T,670_T|G,1627_C|T,2790_C|T,3037_C|T,4184_G|A,4321_C|T,9344_C|T,9424_A|G,9534_C|T,10029_C|T,10198_C|T,10447_G|A,10449_C|A,11620_C|T,12160_G|A,12310_G|A,12880_C|T,14408_C|T,15714_C|T,16616_C|A,16768_C|A,17410_C|T,18163_A|G,19283_A|G,19955_C|T,20055_A|G,21618_C|T,21987_G|A,22200_T|G,22578_G|A,22599_G|C,22674_C|T,22679_T|C,22686_C|T,22688_A|G,22775_G|A,22786_A|C,22813_G|T,22882_T|G,22917_T|G,22992_G|A,22995_C|A,23013_A|C,23018_T|G,23055_A|G,23063_A|T,23075_T|C,23403_A|G,23525_C|T,23599_T|G,23604_C|A,23854_C|A,23948_G|T,24424_A|T,24469_T|A,25000_C|T,25584_C|T,26060_C|T,26270_C|T,26529_G|A,26577_C|G,26709_G|A,27384_T|C,27800_C|T,27807_C|T,27889_C|T,28271_A|T,28311_C|T,28681_G|T,28881_G|A,28882_G|A,28883_G|C,29510_A|C,11288_11296,21633_21641,21765_21770,28362_28370,29734_29759
Scotland/LSPA-325B0177/2022	XBE	241_C|T,670_T|G,1627_C|T,2790_C|T,3037_C|T,4184_G|A,4321_C|T,9344_C|T,9424_A|G,9534_C|T,10029_C|T,10198_C|T,10447_G|A,10449_C|A,12160_G|A,12310_G|A,12880_C|T,14408_C|T,15714_C|T,16616_C|A,17410_C|T,18163_A|G,19283_A|G,19955_C|T,20055_A|G,21618_C|T,21987_G|A,22200_T|G,22578_G|A,22599_G|C,22674_C|T,22679_T|C,22686_C|T,22688_A|G,22775_G|A,22786_A|C,22813_G|T,22882_T|G,22917_T|G,22992_G|A,22995_C|A,23013_A|C,23018_T|G,23055_A|G,23063_A|T,23075_T|C,23403_A|G,23525_C|T,23599_T|G,23604_C|A,23854_C|A,23948_G|T,24424_A|T,24469_T|A,25000_C|T,25584_C|T,26060_C|T,26270_C|T,26529_G|A,26577_C|G,26709_G|A,27128_C|T,27800_C|T,27807_C|T,27889_C|T,28271_A|T,28311_C|T,28681_G|T,28881_G|A,28882_G|A,28883_G|C,29510_A|C,11288_11296,21633_21641,21765_21770,28362_28370,29734_29759
Scotland/LSPA-325C90BA/2022	XBE	241_C|T,670_T|G,1627_C|T,2790_C|T,3037_C|T,4184_G|A,4321_C|T,9344_C|T,9424_A|G,9534_C|T,10029_C|T,10198_C|T,10447_G|A,10449_C|A,12160_G|A,12310_G|A,12880_C|T,14408_C|T,15714_C|T,16616_C|A,17410_C|T,18163_A|G,18946_C|T,19283_A|G,19955_C|T,20055_A|G,21618_C|T,21987_G|A,22200_T|G,22578_G|A,22599_G|C,22674_C|T,22679_T|C,22686_C|T,22688_A|G,22775_G|A,22786_A|C,22813_G|T,22882_T|G,22917_T|G,22992_G|A,22995_C|A,23013_A|C,23018_T|G,23055_A|G,23063_A|T,23075_T|C,23403_A|G,23525_C|T,23599_T|G,23604_C|A,23854_C|A,23948_G|T,24424_A|T,24469_T|A,25000_C|T,25584_C|T,26060_C|T,26270_C|T,26529_G|A,26577_C|G,26709_G|A,26832_G|A,27800_C|T,27807_C|T,27889_C|T,28271_A|T,28311_C|T,28681_G|T,28881_G|A,28882_G|A,28883_G|C,29510_A|C,11288_11296,21633_21641,21765_21770,28362_28370,29734_29759
Scotland/LSPA-325EAD9E/2022	XBE	241_C|T,670_T|G,1627_C|T,2790_C|T,3037_C|T,4184_G|A,4321_C|T,9344_C|T,9424_A|G,9534_C|T,9693_C|T,10029_C|T,10198_C|T,10447_G|A,10449_C|A,12160_G|A,12310_G|A,12880_C|T,14265_C|T,14408_C|T,15714_C|T,16616_C|A,17410_C|T,18163_A|G,19283_A|G,19955_C|T,20055_A|G,21618_C|T,21987_G|A,22200_T|G,22578_G|A,22599_G|C,22674_C|T,22679_T|C,22686_C|T,22688_A|G,22775_G|A,22786_A|C,22813_G|T,22882_T|G,22917_T|G,22992_G|A,22995_C|A,23013_A|C,23018_T|G,23055_A|G,23063_A|T,23075_T|C,23403_A|G,23525_C|T,23599_T|G,23604_C|A,23854_C|A,23948_G|T,24424_A|T,24469_T|A,25000_C|T,25584_C|T,25936_C|T,26060_C|T,26270_C|T,26529_G|A,26577_C|G,26709_G|A,27800_C|T,27807_C|T,27889_C|T,28271_A|T,28311_C|T,28603_C|T,28681_G|T,28881_G|A,28882_G|A,28883_G|C,29510_A|C,11288_11296,21633_21641,21765_21770,28362_28370,29734_29759
Scotland/QEUH-32637EE9/2022	XBE	241_C|T,670_T|G,1627_C|T,2790_C|T,3037_C|T,4184_G|A,4321_C|T,9344_C|T,9424_A|G,9534_C|T,10029_C|T,10198_C|T,10447_G|A,10449_C|A,12160_G|A,12310_G|A,12880_C|T,14408_C|T,15714_C|T,16616_C|A,17410_C|T,18163_A|G,19118_C|T,19283_A|G,19955_C|T,20055_A|G,21618_C|T,21987_G|A,22200_T|G,22578_G|A,22599_G|C,22674_C|T,22679_T|C,22686_C|T,22688_A|G,22775_G|A,22786_A|C,22813_G|T,22882_T|G,22917_T|G,22992_G|A,22995_C|A,23013_A|C,23018_T|G,23055_A|G,23063_A|T,23075_T|C,23403_A|G,23525_C|T,23599_T|G,23604_C|A,23854_C|A,23948_G|T,24424_A|T,24469_T|A,25000_C|T,25584_C|T,26060_C|T,26270_C|T,26529_G|A,26577_C|G,26709_G|A,27800_C|T,27807_C|T,27889_C|T,28271_A|T,28311_C|T,28681_G|T,28881_G|A,28882_G|A,28883_G|C,29510_A|C,11288_11296,21633_21641,21765_21770,28362_28370,29734_29759
Scotland/SCOT-22419/2022	XBE	241_C|T,670_T|G,1627_C|T,2790_C|T,3037_C|T,4184_G|A,4321_C|T,9344_C|T,9424_A|G,9534_C|T,10029_C|T,10198_C|T,10447_G|A,10449_C|A,12160_G|A,12310_G|A,12880_C|T,14408_C|T,15714_C|T,16616_C|A,17410_C|T,18163_A|G,19118_C|T,19283_A|G,19955_C|T,20055_A|G,21618_C|T,21987_G|A,22200_T|G,22578_G|A,22599_G|C,22674_C|T,22679_T|C,22686_C|T,22688_A|G,22775_G|A,22786_A|C,22813_G|T,22882_T|G,22917_T|G,22992_G|A,22995_C|A,23013_A|C,23018_T|G,23055_A|G,23063_A|T,23075_T|C,23403_A|G,23525_C|T,23599_T|G,23604_C|A,23854_C|A,23948_G|T,24424_A|T,24469_T|A,25000_C|T,25584_C|T,26060_C|T,26270_C|T,26529_G|A,26577_C|G,26709_G|A,27800_C|T,27807_C|T,27889_C|T,28271_A|T,28311_C|T,28681_G|T,28881_G|A,28882_G|A,28883_G|C,28957_C|T,29510_A|C,11288_11296,21633_21641,21765_21770,28362_28370,29734_29759
USA/2209671/2022	XBE	241_C|T,670_T|G,1618_T|C,1627_C|T,2790_C|T,3037_C|T,4184_G|A,4321_C|T,9344_C|T,9424_A|G,9534_C|T,10029_C|T,10198_C|T,10447_G|A,10449_C|A,10702_C|T,11095_C|T,12160_G|A,12310_G|A,12651_C|T,12880_C|T,14408_C|T,14670_C|T,15714_C|T,16616_C|A,17247_T|C,17410_C|T,18163_A|G,19955_C|T,20055_A|G,21618_C|T,21987_G|A,22200_T|G,22578_G|A,22599_G|C,22674_C|T,22679_T|C,22686_C|T,22688_A|G,22775_G|A,22786_A|C,22813_G|T,22882_T|G,22917_T|G,22992_G|A,22995_C|A,23013_A|C,23018_T|G,23055_A|G,23063_A|T,23075_T|C,23403_A|G,23525_C|T,23599_T|G,23604_C|A,23854_C|A,23948_G|T,24424_A|T,24469_T|A,25000_C|T,25584_C|T,26060_C|T,26270_C|T,26529_G|A,26577_C|G,26709_G|A,27800_C|T,27807_C|T,28271_A|T,28311_C|T,28681_G|T,28881_G|A,28882_G|A,28883_G|C,29510_A|C,11288_11296,21633_21641,21765_21770,28362_28370
USA/AL-CDC-STM-2Q5AEHF6Y/2022	XBE	44_C|T,241_C|T,670_T|G,1627_C|T,2790_C|T,3037_C|T,4184_G|A,4321_C|T,6151_C|T,9344_C|T,9424_A|G,9534_C|T,10029_C|T,10198_C|T,10447_G|A,10449_C|A,11750_C|T,12160_G|A,12310_G|A,12880_C|T,14408_C|T,14670_C|T,15315_C|T,15714_C|T,16616_C|A,17410_C|T,18163_A|G,19955_C|T,20055_A|G,20883_T|C,21618_C|T,21987_G|A,22200_T|G,22578_G|A,22599_G|C,22674_C|T,22679_T|C,22686_C|T,22688_A|G,22775_G|A,22786_A|C,22813_G|T,22882_T|G,22917_T|G,22992_G|A,22995_C|A,23013_A|C,23018_T|G,23055_A|G,23063_A|T,23075_T|C,23403_A|G,23525_C|T,23599_T|G,23604_C|A,23854_C|A,23948_G|T,24424_A|T,24469_T|A,25000_C|T,25117_C|T,25584_C|T,26060_C|T,26270_C|T,26529_G|A,26577_C|G,26709_G|A,27800_C|T,27807_C|T,27889_C|T,28271_A|T,28311_C|T,28681_G|T,28881_G|A,28882_G|A,28883_G|C,29510_A|C,29769_C|T,29868_G|A,11288_11296,21633_21641,21765_21770,28362_28370,29734_29759
USA/CA-CDC-LC0882736/2022	XBE	44_C|T,241_C|T,670_T|G,1627_C|T,2790_C|T,3037_C|T,4184_G|A,4321_C|T,9344_C|T,9424_A|G,9534_C|T,10029_C|T,10198_C|T,10447_G|A,10449_C|A,12160_G|A,12310_G|A,12880_C|T,14408_C|T,14670_C|T,15714_C|T,16616_C|A,17410_C|T,18163_A|G,19955_C|T,20055_A|G,21618_C|T,21987_G|A,22200_T|G,22578_G|A,22599_G|C,22674_C|T,22679_T|C,22686_C|T,22688_A|G,22775_G|A,22786_A|C,22813_G|T,22882_T|G,22917_T|G,22992_G|A,22995_C|A,23013_A|C,23018_T|G,23055_A|G,23063_A|T,23075_T|C,23403_A|G,23525_C|T,23599_T|G,23604_C|A,23854_C|A,23948_G|T,24424_A|T,24469_T|A,25000_C|T,25584_C|T,26060_C|T,26270_C|T,26529_G|A,26577_C|G,26709_G|A,27800_C|T,27807_C|T,27889_C|T,28271_A|T,28311_C|T,28681_G|T,28881_G|A,28882_G|A,28883_G|C,29510_A|C,11288_11296,21633_21641,21765_21770,28362_28370,29734_29759
USA/CA-CDC-LC0939635/2022	XBE	44_C|T,241_C|T,670_T|G,1627_C|T,2790_C|T,3037_C|T,4184_G|A,4321_C|T,9344_C|T,9424_A|G,9534_C|T,10029_C|T,10198_C|T,10447_G|A,10449_C|A,12160_G|A,12310_G|A,12880_C|T,14408_C|T,14670_C|T,15714_C|T,16616_C|A,17410_C|T,18163_A|G,18822_T|C,19955_C|T,20055_A|G,21618_C|T,21987_G|A,22200_T|G,22578_G|A,22599_G|C,22674_C|T,22679_T|C,22686_C|T,22688_A|G,22775_G|A,22786_A|C,22813_G|T,22882_T|G,22917_T|G,22992_G|A,22995_C|A,23013_A|C,23018_T|G,23055_A|G,23063_A|T,23075_T|C,23403_A|G,23525_C|T,23599_T|G,23604_C|A,23854_C|A,23948_G|T,24424_A|T,24469_T|A,25000_C|T,25584_C|T,26060_C|T,26270_C|T,26529_G|A,26577_C|G,26709_G|A,27800_C|T,27807_C|T,27889_C|T,28093_C|T,28271_A|T,28311_C|T,28681_G|T,28881_G|A,28882_G|A,28883_G|C,29510_A|C,11288_11296,21633_21641,21765_21770,28362_28370,29734_29759
USA/CA-CDC-LC0939784/2022	XBE	241_C|T,670_T|G,1627_C|T,2790_C|T,3037_C|T,4184_G|A,4321_C|T,9344_C|T,9424_A|G,9534_C|T,10029_C|T,10198_C|T,10447_G|A,10449_C|A,12160_G|A,12310_G|A,12880_C|T,14408_C|T,14670_C|T,15714_C|T,16616_C|A,17410_C|T,18163_A|G,18822_T|C,19955_C|T,20055_A|G,21618_C|T,21987_G|A,22200_T|G,22578_G|A,22599_G|C,22674_C|T,22679_T|C,22686_C|T,22688_A|G,22775_G|A,22786_A|C,22813_G|T,22882_T|G,22917_T|G,22992_G|A,22995_C|A,23013_A|C,23018_T|G,23055_A|G,23063_A|T,23075_T|C,23403_A|G,23525_C|T,23599_T|G,23604_C|A,23854_C|A,23948_G|T,24424_A|T,24469_T|A,25000_C|T,25584_C|T,26060_C|T,26270_C|T,26529_G|A,26577_C|G,26709_G|A,27800_C|T,27807_C|T,27889_C|T,28093_C|T,28271_A|T,28311_C|T,28681_G|T,28881_G|A,28882_G|A,28883_G|C,29510_A|C,11288_11296,21633_21641,21765_21770,28362_28370,29734_29759
USA/CA-CDC-QDX42698622/2022	XBE	241_C|T,670_T|G,1627_C|T,2790_C|T,3037_C|T,4184_G|A,4321_C|T,5879_A|G,6196_C|A,9344_C|T,9424_A|G,9534_C|T,10029_C|T,10198_C|T,10354_G|A,10447_G|A,10449_C|A,12160_G|A,12310_G|A,12880_C|T,14408_C|T,14670_C|T,15714_C|T,16260_C|T,16616_C|A,17410_C|T,18163_A|G,18839_C|T,19955_C|T,20055_A|G,21618_C|T,21987_G|A,22200_T|G,22295_C|T,22578_G|A,22599_G|C,22674_C|T,22679_T|C,22686_C|T,22688_A|G,22775_G|A,22786_A|C,22813_G|T,22882_T|G,22917_T|G,22992_G|A,22995_C|A,23013_A|C,23018_T|G,23055_A|G,23063_A|T,23075_T|C,23403_A|G,23525_C|T,23599_T|G,23604_C|A,23625_C|T,23854_C|A,23948_G|T,24424_A|T,24469_T|A,25000_C|T,25584_C|T,26060_C|T,26270_C|T,26529_G|A,26577_C|G,26709_G|A,27800_C|T,27807_C|T,27889_C|T,28271_A|T,28311_C|T,28681_G|T,28881_G|A,28882_G|A,28883_G|C,29510_A|C,519_524,686_694,11288_11296,21633_21641,21765_21770,28362_28370,29734_29759
USA/CA-CDC-QDX42861458/2022	XBE	241_C|T,670_T|G,1627_C|T,2790_C|T,3037_C|T,4184_G|A,4321_C|T,5879_A|G,6196_C|A,9344_C|T,9424_A|G,9534_C|T,10029_C|T,10198_C|T,10447_G|A,10449_C|A,12160_G|A,12310_G|A,12880_C|T,14408_C|T,14670_C|T,15714_C|T,16260_C|T,16616_C|A,17410_C|T,18163_A|G,19955_C|T,20055_A|G,21618_C|T,21987_G|A,22200_T|G,22295_C|T,22578_G|A,22599_G|C,22674_C|T,22679_T|C,22686_C|T,22688_A|G,22775_G|A,22786_A|C,22813_G|T,22882_T|G,22917_T|G,22992_G|A,22995_C|A,23013_A|C,23018_T|G,23055_A|G,23063_A|T,23075_T|C,23403_A|G,23525_C|T,23599_T|G,23604_C|A,23625_C|T,23854_C|A,23948_G|T,24424_A|T,24469_T|A,25000_C|T,25584_C|T,26060_C|T,26270_C|T,26529_G|A,26577_C|G,26709_G|A,27800_C|T,27807_C|T,27889_C|T,28271_A|T,28311_C|T,28681_G|T,28881_G|A,28882_G|A,28883_G|C,29510_A|C,519_524,686_694,11288_11296,21633_21641,21765_21770,28362_28370,29734_29759
USA/CA-CDC-QDX43583748/2022	XBE	241_C|T,670_T|G,1627_C|T,2790_C|T,3037_C|T,4184_G|A,4321_C|T,9344_C|T,9424_A|G,9534_C|T,10029_C|T,10198_C|T,10447_G|A,10449_C|A,12160_G|A,12310_G|A,12880_C|T,13876_C|T,14408_C|T,14670_C|T,15714_C|T,16616_C|A,17410_C|T,18163_A|G,18822_T|C,19955_C|T,20055_A|G,21618_C|T,21987_G|A,22200_T|G,22578_G|A,22599_G|C,22674_C|T,22679_T|C,22686_C|T,22688_A|G,22775_G|A,22786_A|C,22813_G|T,22882_T|G,22917_T|G,22992_G|A,22995_C|A,23013_A|C,23018_T|G,23055_A|G,23063_A|T,23075_T|C,23403_A|G,23525_C|T,23599_T|G,23604_C|A,23854_C|A,23948_G|T,24424_A|T,24469_T|A,25000_C|T,25584_C|T,26060_C|T,26270_C|T,26529_G|A,26577_C|G,26709_G|A,27800_C|T,27807_C|T,27889_C|T,28271_A|T,28311_C|T,28681_G|T,28881_G|A,28882_G|A,28883_G|C,29510_A|C,11288_11296,21633_21641,21765_21770,28362_28370,29734_29759
USA/CA-CDC-QDX44376211/2022	XBE	241_C|T,670_T|G,1627_C|T,2790_C|T,3037_C|T,4184_G|A,4321_C|T,9344_C|T,9424_A|G,9534_C|T,10029_C|T,10198_C|T,10447_G|A,10449_C|A,10594_C|T,12160_G|A,12310_G|A,12880_C|T,14408_C|T,14670_C|T,15714_C|T,16616_C|A,17410_C|T,18163_A|G,18822_T|C,19955_C|T,20055_A|G,21618_C|T,21987_G|A,22200_T|G,22578_G|A,22599_G|C,22674_C|T,22679_T|C,22686_C|T,22688_A|G,22775_G|A,22786_A|C,22813_G|T,22882_T|G,22917_T|G,22992_G|A,22995_C|A,23013_A|C,23018_T|G,23055_A|G,23063_A|T,23075_T|C,23403_A|G,23525_C|T,23599_T|G,23604_C|A,23854_C|A,23948_G|T,24424_A|T,24469_T|A,25000_C|T,25584_C|T,26060_C|T,26270_C|T,26529_G|A,26577_C|G,26709_G|A,27800_C|T,27807_C|T,27889_C|T,28271_A|T,28311_C|T,28681_G|T,28881_G|A,28882_G|A,28883_G|C,29510_A|C,11288_11296,21633_21641,21765_21770,28362_28370,29734_29759
USA/CA-CDC-QDX44484302/2022	XBE	241_C|T,670_T|G,1627_C|T,2790_C|T,3037_C|T,4184_G|A,4321_C|T,9344_C|T,9424_A|G,9534_C|T,10029_C|T,10198_C|T,10447_G|A,10449_C|A,12160_G|A,12310_G|A,12880_C|T,14408_C|T,14670_C|T,15714_C|T,16616_C|A,17410_C|T,18163_A|G,18277_A|G,18822_T|C,19955_C|T,20055_A|G,21618_C|T,21987_G|A,22200_T|G,22578_G|A,22599_G|C,22674_C|T,22679_T|C,22686_C|T,22688_A|G,22775_G|A,22786_A|C,22813_G|T,22882_T|G,22917_T|G,22992_G|A,22995_C|A,23013_A|C,23018_T|G,23055_A|G,23063_A|T,23075_T|C,23403_A|G,23525_C|T,23599_T|G,23604_C|A,23854_C|A,23948_G|T,24424_A|T,24469_T|A,25000_C|T,25584_C|T,26060_C|T,26270_C|T,26529_G|A,26577_C|G,26709_G|A,27800_C|T,27807_C|T,27889_C|T,28271_A|T,28311_C|T,28681_G|T,28881_G|A,28882_G|A,28883_G|C,29510_A|C,11288_11296,21633_21641,21765_21770,28362_28370,29734_29759
USA/CA-CDC-QDX44586603/2022	XBE	241_C|T,670_T|G,1627_C|T,2790_C|T,3037_C|T,4184_G|A,4321_C|T,9344_C|T,9424_A|G,9534_C|T,10029_C|T,10198_C|T,10447_G|A,10449_C|A,12160_G|A,12310_G|A,12880_C|T,14408_C|T,14670_C|T,15714_C|T,16616_C|A,17410_C|T,18163_A|G,18822_T|C,19955_C|T,20055_A|G,21618_C|T,21987_G|A,22200_T|G,22578_G|A,22599_G|C,22674_C|T,22679_T|C,22686_C|T,22688_A|G,22775_G|A,22786_A|C,22813_G|T,22882_T|G,22917_T|G,22992_G|A,22995_C|A,23013_A|C,23018_T|G,23055_A|G,23063_A|T,23075_T|C,23403_A|G,23525_C|T,23599_T|G,23604_C|A,23854_C|A,23948_G|T,24424_A|T,24469_T|A,25000_C|T,25584_C|T,26060_C|T,26270_C|T,26529_G|A,26577_C|G,26709_G|A,27800_C|T,27807_C|T,27889_C|T,28271_A|T,28311_C|T,28681_G|T,28881_G|A,28882_G|A,28883_G|C,29510_A|C,11288_11296,21633_21641,21765_21770,28362_28370,29734_29759
USA/CA-CDC-QDX44851879/2022	XBE	241_C|T,670_T|G,1627_C|T,2790_C|T,3037_C|T,4184_G|A,4321_C|T,5451_G|A,9344_C|T,9424_A|G,9534_C|T,10029_C|T,10198_C|T,10447_G|A,10449_C|A,12160_G|A,12310_G|A,12880_C|T,14117_C|T,14408_C|T,14670_C|T,15047_T|C,15714_C|T,16616_C|A,17410_C|T,18163_A|G,18822_T|C,19955_C|T,20055_A|G,21618_C|T,21987_G|A,22200_T|G,22578_G|A,22599_G|C,22674_C|T,22679_T|C,22686_C|T,22688_A|G,22775_G|A,22786_A|C,22813_G|T,22882_T|G,22917_T|G,22992_G|A,22995_C|A,23013_A|C,23018_T|G,23055_A|G,23063_A|T,23075_T|C,23403_A|G,23525_C|T,23599_T|G,23604_C|A,23854_C|A,23948_G|T,24424_A|T,24469_T|A,25000_C|T,25584_C|T,26060_C|T,26270_C|T,26529_G|A,26577_C|G,26709_G|A,27800_C|T,27807_C|T,27889_C|T,28271_A|T,28311_C|T,28681_G|T,28881_G|A,28882_G|A,28883_G|C,29510_A|C,11288_11296,21633_21641,21765_21770,28362_28370,29734_29759
USA/CA-CDC-QDX44851880/2022	XBE	241_C|T,670_T|G,1627_C|T,2790_C|T,3037_C|T,4184_G|A,4321_C|T,5451_G|A,9344_C|T,9424_A|G,9534_C|T,10029_C|T,10198_C|T,10447_G|A,10449_C|A,12160_G|A,12310_G|A,12880_C|T,14117_C|T,14408_C|T,14670_C|T,15047_T|C,15714_C|T,16616_C|A,17410_C|T,18163_A|G,18822_T|C,19955_C|T,20055_A|G,21618_C|T,21987_G|A,22200_T|G,22578_G|A,22599_G|C,22674_C|T,22679_T|C,22686_C|T,22688_A|G,22775_G|A,22786_A|C,22813_G|T,22882_T|G,22917_T|G,22992_G|A,22995_C|A,23013_A|C,23018_T|G,23055_A|G,23063_A|T,23075_T|C,23403_A|G,23525_C|T,23599_T|G,23604_C|A,23854_C|A,23948_G|T,24424_A|T,24469_T|A,25000_C|T,25584_C|T,26060_C|T,26270_C|T,26529_G|A,26577_C|G,26709_G|A,27800_C|T,27807_C|T,27889_C|T,28271_A|T,28311_C|T,28681_G|T,28881_G|A,28882_G|A,28883_G|C,29510_A|C,11288_11296,21633_21641,21765_21770,28362_28370,29734_29759
USA/CA-CDC-STM-E3Z8EAHPD/2022	XBE	241_C|T,670_T|G,1627_C|T,2790_C|T,3037_C|T,4184_G|A,4321_C|T,9344_C|T,9424_A|G,9534_C|T,10029_C|T,10198_C|T,10447_G|A,10449_C|A,12160_G|A,12310_G|A,12880_C|T,14408_C|T,14670_C|T,15714_C|T,16616_C|A,17410_C|T,18163_A|G,18822_T|C,19955_C|T,20055_A|G,21618_C|T,21987_G|A,22200_T|G,22578_G|A,22599_G|C,22674_C|T,22679_T|C,22686_C|T,22688_A|G,22775_G|A,22786_A|C,22813_G|T,22882_T|G,22917_T|G,22992_G|A,22995_C|A,23013_A|C,23018_T|G,23055_A|G,23063_A|T,23075_T|C,23403_A|G,23525_C|T,23599_T|G,23604_C|A,23854_C|A,23948_G|T,24424_A|T,24469_T|A,25000_C|T,25584_C|T,26060_C|T,26270_C|T,26529_G|A,26577_C|G,26709_G|A,27800_C|T,27807_C|T,27889_C|T,28271_A|T,28311_C|T,28681_G|T,28881_G|A,28882_G|A,28883_G|C,29347_C|T,29510_A|C,11288_11296,21633_21641,21765_21770,28362_28370,29734_29759
USA/CA-CDC-STM-EQK5R4WCX/2022	XBE	44_C|T,241_C|T,670_T|G,1627_C|T,2790_C|T,3037_C|T,4184_G|A,4321_C|T,9344_C|T,9424_A|G,9534_C|T,10029_C|T,10198_C|T,10447_G|A,10449_C|A,12160_G|A,12310_G|A,12880_C|T,14408_C|T,14670_C|T,15714_C|T,16616_C|A,17410_C|T,18163_A|G,18822_T|C,19955_C|T,20055_A|G,21618_C|T,21987_G|A,22200_T|G,22578_G|A,22599_G|C,22674_C|T,22679_T|C,22686_C|T,22688_A|G,22775_G|A,22786_A|C,22813_G|T,22882_T|G,22917_T|G,22992_G|A,22995_C|A,23013_A|C,23018_T|G,23055_A|G,23063_A|T,23075_T|C,23403_A|G,23525_C|T,23599_T|G,23604_C|A,23854_C|A,23948_G|T,24424_A|T,24469_T|A,25000_C|T,25584_C|T,26060_C|T,26270_C|T,26529_G|A,26577_C|G,26709_G|A,27800_C|T,27807_C|T,27889_C|T,28271_A|T,28311_C|T,28681_G|T,28881_G|A,28882_G|A,28883_G|C,29510_A|C,29868_G|A,11288_11296,21633_21641,21765_21770,28362_28370,29734_29759
USA/CA-CDC-STM-J74Z6ZAS7/2022	XBE	44_C|T,241_C|T,670_T|G,1627_C|T,2790_C|T,3037_C|T,4184_G|A,4321_C|T,5879_A|G,6196_C|A,9344_C|T,9424_A|G,9534_C|T,10029_C|T,10198_C|T,10447_G|A,10449_C|A,12160_G|A,12310_G|A,12880_C|T,14408_C|T,14670_C|T,15714_C|T,16260_C|T,16616_C|A,17410_C|T,18163_A|G,19955_C|T,20055_A|G,21618_C|T,21987_G|A,22200_T|G,22295_C|T,22578_G|A,22599_G|C,22674_C|T,22679_T|C,22686_C|T,22688_A|G,22775_G|A,22786_A|C,22813_G|T,22882_T|G,22917_T|G,22992_G|A,22995_C|A,23013_A|C,23018_T|G,23055_A|G,23063_A|T,23075_T|C,23403_A|G,23525_C|T,23599_T|G,23604_C|A,23625_C|T,23854_C|A,23948_G|T,24424_A|T,24469_T|A,25000_C|T,25584_C|T,26060_C|T,26270_C|T,26529_G|A,26577_C|G,26709_G|A,27800_C|T,27807_C|T,27889_C|T,28271_A|T,28311_C|T,28681_G|T,28881_G|A,28882_G|A,28883_G|C,29510_A|C,29868_G|A,519_524,686_694,11288_11296,21633_21641,21765_21770,28362_28370,29734_29759
USA/CA-CDC-STM-J8VCWS7C5/2022	XBE	44_C|T,241_C|T,670_T|G,1627_C|T,2790_C|T,3037_C|T,4184_G|A,4321_C|T,9344_C|T,9424_A|G,9534_C|T,9568_A|G,9692_G|T,10029_C|T,10198_C|T,10447_G|A,10449_C|A,12160_G|A,12310_G|A,12880_C|T,14408_C|T,14670_C|T,15714_C|T,16616_C|A,17410_C|T,18163_A|G,18822_T|C,19955_C|T,20055_A|G,21618_C|T,21987_G|A,22197_T|C,22200_T|G,22578_G|A,22599_G|C,22642_C|T,22674_C|T,22679_T|C,22686_C|T,22688_A|G,22775_G|A,22786_A|C,22813_G|T,22882_T|G,22917_T|G,22992_G|A,22995_C|A,23013_A|C,23018_T|G,23055_A|G,23063_A|T,23075_T|C,23403_A|G,23525_C|T,23599_T|G,23604_C|A,23854_C|A,23948_G|T,24237_C|T,24424_A|T,24469_T|A,25000_C|T,25584_C|T,26060_C|T,26270_C|T,26529_G|A,26577_C|G,26709_G|A,27800_C|T,27807_C|T,27889_C|T,28271_A|T,28311_C|T,28681_G|T,28881_G|A,28882_G|A,28883_G|C,29510_A|C,29518_C|T,11288_11296,21633_21641,21765_21770,28362_28370,29734_29759
USA/CA-CDC-STM-MMGQ59DYN/2022	XBE	44_C|T,241_C|T,670_T|G,1627_C|T,2790_C|T,3037_C|T,4184_G|A,4321_C|T,9344_C|T,9424_A|G,9534_C|T,10029_C|T,10198_C|T,10447_G|A,10449_C|A,12160_G|A,12310_G|A,12880_C|T,14408_C|T,14670_C|T,15714_C|T,16616_C|A,17410_C|T,18163_A|G,18822_T|C,19955_C|T,20055_A|G,21618_C|T,21987_G|A,22200_T|G,22578_G|A,22599_G|C,22674_C|T,22679_T|C,22686_C|T,22688_A|G,22775_G|A,22786_A|C,22813_G|T,22882_T|G,22917_T|G,22992_G|A,22995_C|A,23013_A|C,23018_T|G,23055_A|G,23063_A|T,23075_T|C,23403_A|G,23525_C|T,23599_T|G,23604_C|A,23854_C|A,23948_G|T,24424_A|T,24469_T|A,25000_C|T,25584_C|T,26060_C|T,26270_C|T,26529_G|A,26577_C|G,26709_G|A,27800_C|T,27807_C|T,27889_C|T,28271_A|T,28311_C|T,28681_G|T,28881_G|A,28882_G|A,28883_G|C,29510_A|C,11288_11296,21633_21641,21765_21770,28362_28370,29734_29759
USA/CA-CDC-STM-X2KUDZFQH/2022	XBE	670_T|G,1627_C|T,2790_C|T,3037_C|T,4184_G|A,4321_C|T,5167_C|T,9344_C|T,9424_A|G,9534_C|T,10029_C|T,10198_C|T,10447_G|A,10449_C|A,10714_C|T,12160_G|A,12310_G|A,12880_C|T,14408_C|T,14670_C|T,15714_C|T,16616_C|A,17410_C|T,18163_A|G,19955_C|T,20055_A|G,21618_C|T,21987_G|A,22200_T|G,22578_G|A,22599_G|C,22674_C|T,22679_T|C,22686_C|T,22688_A|G,22775_G|A,22786_A|C,22813_G|T,22882_T|G,22917_T|G,22992_G|A,22995_C|A,23013_A|C,23018_T|G,23055_A|G,23063_A|T,23075_T|C,23403_A|G,23525_C|T,23599_T|G,23604_C|A,23854_C|A,23948_G|T,24424_A|T,24469_T|A,25000_C|T,25584_C|T,26060_C|T,26270_C|T,26529_G|A,26577_C|G,26709_G|A,27800_C|T,27807_C|T,27889_C|T,28271_A|T,28311_C|T,28681_G|T,28881_G|A,28882_G|A,28883_G|C,29510_A|C,29868_G|A,241_242,510_518,11288_11296,21633_21641,21765_21770,28362_28370,29734_29759
USA/CA-CDPH-500078861/2022	XBE	241_C|T,670_T|G,1627_C|T,2790_C|T,3037_C|T,4184_G|A,4321_C|T,5167_C|T,9344_C|T,9424_A|G,9534_C|T,10029_C|T,10198_C|T,10447_G|A,10449_C|A,10714_C|T,12160_G|A,12310_G|A,12880_C|T,14408_C|T,14670_C|T,15714_C|T,16616_C|A,17410_C|T,18163_A|G,19955_C|T,20055_A|G,21618_C|T,21987_G|A,22200_T|G,22578_G|A,22599_G|C,22674_C|T,22679_T|C,22686_C|T,22688_A|G,22775_G|A,22786_A|C,22813_G|T,22882_T|G,22917_T|G,22992_G|A,22995_C|A,23013_A|C,23018_T|G,23055_A|G,23063_A|T,23075_T|C,23403_A|G,23525_C|T,23599_T|G,23604_C|A,23854_C|A,23948_G|T,24424_A|T,24469_T|A,25000_C|T,25584_C|T,26060_C|T,26270_C|T,26529_G|A,26577_C|G,26709_G|A,27800_C|T,27807_C|T,27889_C|T,28271_A|T,28311_C|T,28681_G|T,28881_G|A,28882_G|A,28883_G|C,29510_A|C,11288_11296,21633_21641,21765_21770,28362_28370,29734_29759
USA/CA-CDPH-500081695/2022	XBE	44_C|T,241_C|T,670_T|G,1627_C|T,2790_C|T,3037_C|T,4184_G|A,4321_C|T,9344_C|T,9424_A|G,9534_C|T,10029_C|T,10198_C|T,10447_G|A,10449_C|A,11962_C|T,12160_G|A,12310_G|A,12880_C|T,14408_C|T,14670_C|T,15714_C|T,16616_C|A,17410_C|T,18163_A|G,18822_T|C,19955_C|T,20055_A|G,21618_C|T,21987_G|A,22200_T|G,22578_G|A,22599_G|C,22674_C|T,22679_T|C,22686_C|T,22688_A|G,22775_G|A,22786_A|C,22813_G|T,22882_T|G,22917_T|G,22992_G|A,22995_C|A,23013_A|C,23018_T|G,23055_A|G,23063_A|T,23075_T|C,23403_A|G,23525_C|T,23599_T|G,23604_C|A,23854_C|A,23948_G|T,24424_A|T,24469_T|A,25000_C|T,25584_C|T,26060_C|T,26270_C|T,26529_G|A,26577_C|G,26709_G|A,27800_C|T,27807_C|T,27889_C|T,28271_A|T,28311_C|T,28681_G|T,28881_G|A,28882_G|A,28883_G|C,29510_A|C,11288_11296,21633_21641,21765_21770,28362_28370
USA/CA-CDPH-500081863/2022	XBE	44_C|T,670_T|G,1627_C|T,2790_C|T,3037_C|T,4184_G|A,4321_C|T,5167_C|T,9344_C|T,9424_A|G,9534_C|T,10029_C|T,10198_C|T,10447_G|A,10449_C|A,10714_C|T,12160_G|A,12310_G|A,12880_C|T,14408_C|T,14670_C|T,15714_C|T,16616_C|A,17410_C|T,18163_A|G,19955_C|T,20055_A|G,21618_C|T,21987_G|A,22200_T|G,22578_G|A,22599_G|C,22674_C|T,22679_T|C,22686_C|T,22688_A|G,22775_G|A,22786_A|C,22813_G|T,22882_T|G,22917_T|G,22992_G|A,22995_C|A,23013_A|C,23018_T|G,23055_A|G,23063_A|T,23075_T|C,23403_A|G,23525_C|T,23599_T|G,23604_C|A,23854_C|A,23948_G|T,24424_A|T,24469_T|A,25000_C|T,25584_C|T,26060_C|T,26270_C|T,26529_G|A,26577_C|G,26709_G|A,27659_G|C,27800_C|T,27807_C|T,27889_C|T,28271_A|T,28311_C|T,28681_G|T,28881_G|A,28882_G|A,28883_G|C,29510_A|C,241_242,510_518,11288_11296,21633_21641,21765_21770,28362_28370,29734_29759
USA/CA-CDPH-7000021095/2023	XBE	44_C|T,241_C|T,670_T|G,1627_C|T,2790_C|T,3037_C|T,4184_G|A,4321_C|T,9344_C|T,9424_A|G,9534_C|T,10029_C|T,10198_C|T,10447_G|A,10449_C|A,12160_G|A,12310_G|A,12880_C|T,14408_C|T,14670_C|T,15714_C|T,16616_C|A,17410_C|T,18163_A|G,18822_T|C,19955_C|T,20055_A|G,21618_C|T,21987_G|A,22200_T|G,22578_G|A,22599_G|C,22674_C|T,22679_T|C,22686_C|T,22688_A|G,22775_G|A,22786_A|C,22813_G|T,22882_T|G,22917_T|G,22992_G|A,22995_C|A,23013_A|C,23018_T|G,23055_A|G,23063_A|T,23075_T|C,23403_A|G,23525_C|T,23599_T|G,23604_C|A,23854_C|A,23948_G|T,24424_A|T,24469_T|A,25000_C|T,25584_C|T,26060_C|T,26270_C|T,26529_G|A,26577_C|G,26709_G|A,27800_C|T,27807_C|T,27889_C|T,28271_A|T,28311_C|T,28681_G|T,28881_G|A,28882_G|A,28883_G|C,29510_A|C,11288_11296,21633_21641,21765_21770,28362_28370
USA/CA-CDPH-FS25390849/2022	XBE	44_C|T,241_C|T,670_T|G,1627_C|T,2790_C|T,3037_C|T,4184_G|A,4321_C|T,5879_A|G,6196_C|A,9344_C|T,9424_A|G,9534_C|T,10029_C|T,10198_C|T,10447_G|A,10449_C|A,12160_G|A,12310_G|A,12880_C|T,14408_C|T,14670_C|T,15714_C|T,16260_C|T,16616_C|A,17410_C|T,18163_A|G,19955_C|T,20055_A|G,21618_C|T,21987_G|A,22200_T|G,22295_C|T,22578_G|A,22599_G|C,22674_C|T,22679_T|C,22686_C|T,22688_A|G,22775_G|A,22786_A|C,22813_G|T,22882_T|G,22917_T|G,22992_G|A,22995_C|A,23013_A|C,23018_T|G,23055_A|G,23063_A|T,23075_T|C,23403_A|G,23525_C|T,23599_T|G,23604_C|A,23625_C|T,23854_C|A,23948_G|T,24424_A|T,24469_T|A,25000_C|T,25584_C|T,26060_C|T,26270_C|T,26529_G|A,26577_C|G,26709_G|A,27800_C|T,27807_C|T,27889_C|T,28271_A|T,28311_C|T,28681_G|T,28881_G|A,28882_G|A,28883_G|C,29510_A|C,519_524,686_694,11288_11296,21633_21641,21765_21770,28362_28370
USA/CO-CDPHE-2103728798/2022	XBE	241_C|T,670_T|G,1618_T|C,1627_C|T,2790_C|T,3037_C|T,4184_G|A,4321_C|T,9344_C|T,9424_A|G,9534_C|T,10029_C|T,10198_C|T,10447_G|A,10449_C|A,10702_C|T,11095_C|T,12160_G|A,12310_G|A,12880_C|T,14408_C|T,14670_C|T,15714_C|T,16616_C|A,17410_C|T,18163_A|G,19955_C|T,20055_A|G,21618_C|T,21987_G|A,22200_T|G,22578_G|A,22599_G|C,22674_C|T,22679_T|C,22686_C|T,22688_A|G,22775_G|A,22786_A|C,22813_G|T,22882_T|G,22917_T|G,22992_G|A,22995_C|A,23013_A|C,23018_T|G,23055_A|G,23063_A|T,23075_T|C,23403_A|G,23525_C|T,23599_T|G,23604_C|A,23854_C|A,23948_G|T,23989_A|G,24424_A|T,24469_T|A,25000_C|T,25584_C|T,26060_C|T,26270_C|T,26529_G|A,26577_C|G,26709_G|A,27800_C|T,27807_C|T,27889_C|T,28271_A|T,28311_C|T,28681_G|T,28881_G|A,28882_G|A,28883_G|C,29510_A|C,11288_11296,21633_21641,21765_21770,28362_28370,29734_29759
USA/CT-CDC-LC0853695/2022	XBE	44_C|T,241_C|T,670_T|G,1627_C|T,2790_C|T,3037_C|T,4184_G|A,4321_C|T,9344_C|T,9424_A|G,9534_C|T,10029_C|T,10198_C|T,10447_G|A,10449_C|A,12160_G|A,12310_G|A,12880_C|T,14408_C|T,14670_C|T,15714_C|T,16616_C|A,17410_C|T,18163_A|G,19955_C|T,20055_A|G,21618_C|T,21987_G|A,22200_T|G,22578_G|A,22599_G|C,22674_C|T,22679_T|C,22686_C|T,22688_A|G,22775_G|A,22786_A|C,22813_G|T,22882_T|G,22917_T|G,22992_G|A,22995_C|A,23013_A|C,23018_T|G,23055_A|G,23063_A|T,23075_T|C,23403_A|G,23525_C|T,23599_T|G,23604_C|A,23854_C|A,23948_G|T,24424_A|T,24469_T|A,25000_C|T,25584_C|T,26060_C|T,26270_C|T,26529_G|A,26577_C|G,26709_G|A,27800_C|T,27807_C|T,27889_C|T,28271_A|T,28311_C|T,28681_G|T,28881_G|A,28882_G|A,28883_G|C,29510_A|C,11288_11296,21633_21641,21765_21770,28362_28370,29734_29759
USA/CT-CDC-LC0906935/2022	XBE	44_C|T,241_C|T,670_T|G,1627_C|T,2790_C|T,3037_C|T,4184_G|A,4321_C|T,9344_C|T,9424_A|G,9534_C|T,10029_C|T,10198_C|T,10447_G|A,10449_C|A,12160_G|A,12310_G|A,12880_C|T,14408_C|T,14670_C|T,15714_C|T,16616_C|A,17410_C|T,18163_A|G,19955_C|T,20055_A|G,21618_C|T,21987_G|A,22200_T|G,22578_G|A,22599_G|C,22674_C|T,22679_T|C,22686_C|T,22688_A|G,22775_G|A,22786_A|C,22813_G|T,22882_T|G,22917_T|G,22992_G|A,22995_C|A,23013_A|C,23018_T|G,23055_A|G,23063_A|T,23075_T|C,23403_A|G,23525_C|T,23599_T|G,23604_C|A,23854_C|A,23948_G|T,24424_A|T,24469_T|A,25000_C|T,25584_C|T,26060_C|T,26270_C|T,26529_G|A,26577_C|G,26709_G|A,27619_C|T,27765_C|T,27800_C|T,27807_C|T,27889_C|T,28271_A|T,28311_C|T,28681_G|T,28881_G|A,28882_G|A,28883_G|C,29510_A|C,11288_11296,21633_21641,21765_21770,28362_28370,29734_29759
USA/CT-CDC-QDX40872275/2022	XBE	241_C|T,670_T|G,1627_C|T,2790_C|T,3037_C|T,4184_G|A,4321_C|T,9344_C|T,9424_A|G,9534_C|T,10029_C|T,10198_C|T,10447_G|A,10449_C|A,12160_G|A,12310_G|A,12880_C|T,14408_C|T,14670_C|T,15714_C|T,16616_C|A,17410_C|T,18163_A|G,19955_C|T,20055_A|G,21618_C|T,21987_G|A,22200_T|G,22578_G|A,22599_G|C,22674_C|T,22679_T|C,22686_C|T,22688_A|G,22775_G|A,22786_A|C,22813_G|T,22882_T|G,22917_T|G,22992_G|A,22995_C|A,23013_A|C,23018_T|G,23055_A|G,23063_A|T,23075_T|C,23403_A|G,23525_C|T,23599_T|G,23604_C|A,23854_C|A,23948_G|T,24424_A|T,24469_T|A,25000_C|T,25584_C|T,26060_C|T,26270_C|T,26529_G|A,26577_C|G,26709_G|A,27800_C|T,27807_C|T,27889_C|T,28271_A|T,28311_C|T,28681_G|T,28881_G|A,28882_G|A,28883_G|C,29510_A|C,11288_11296,21633_21641,21765_21770,28362_28370,29734_29759
USA/DE-CDC-LC0868376/2022	XBE	44_C|T,241_C|T,670_T|G,1627_C|T,2790_C|T,3037_C|T,4184_G|A,4321_C|T,9344_C|T,9424_A|G,9534_C|T,10029_C|T,10198_C|T,10447_G|A,10449_C|A,12160_G|A,12310_G|A,12880_C|T,14408_C|T,14670_C|T,15714_C|T,16616_C|A,17410_C|T,18163_A|G,19955_C|T,20055_A|G,21618_C|T,21987_G|A,22200_T|G,22578_G|A,22599_G|C,22674_C|T,22679_T|C,22686_C|T,22688_A|G,22775_G|A,22786_A|C,22813_G|T,22882_T|G,22917_T|G,22992_G|A,22995_C|A,23013_A|C,23018_T|G,23055_A|G,23063_A|T,23075_T|C,23403_A|G,23525_C|T,23599_T|G,23604_C|A,23854_C|A,23948_G|T,24424_A|T,24469_T|A,25000_C|T,25584_C|T,26060_C|T,26270_C|T,26529_G|A,26577_C|G,26709_G|A,27800_C|T,27807_C|T,27889_C|T,28271_A|T,28311_C|T,28681_G|T,28881_G|A,28882_G|A,28883_G|C,29510_A|C,11288_11296,21633_21641,21765_21770,28362_28370,29734_29759
USA/FL-CDC-QDX42347381/2022	XBE	241_C|T,670_T|G,1627_C|T,2790_C|T,3037_C|T,4184_G|A,4321_C|T,9344_C|T,9424_A|G,9534_C|T,10029_C|T,10198_C|T,10447_G|A,10449_C|A,12160_G|A,12310_G|A,12880_C|T,13876_C|T,14408_C|T,14670_C|T,15714_C|T,16616_C|A,17410_C|T,18163_A|G,18822_T|C,19955_C|T,20055_A|G,21618_C|T,21987_G|A,22200_T|G,22578_G|A,22599_G|C,22674_C|T,22679_T|C,22686_C|T,22688_A|G,22775_G|A,22786_A|C,22813_G|T,22882_T|G,22917_T|G,22992_G|A,22995_C|A,23013_A|C,23018_T|G,23055_A|G,23063_A|T,23075_T|C,23403_A|G,23525_C|T,23599_T|G,23604_C|A,23854_C|A,23948_G|T,24424_A|T,24469_T|A,25000_C|T,25584_C|T,26060_C|T,26270_C|T,26529_G|A,26577_C|G,26709_G|A,27800_C|T,27807_C|T,27845_C|A,27889_C|T,28271_A|T,28311_C|T,28681_G|T,28881_G|A,28882_G|A,28883_G|C,29510_A|C,11288_11296,21633_21641,21765_21770,28362_28370,29734_29759
USA/FL-CDC-STM-8SBS4WV7S/2022	XBE	44_C|T,241_C|T,670_T|G,1627_C|T,2790_C|T,3037_C|T,4184_G|A,4321_C|T,5167_C|T,9344_C|T,9424_A|G,9534_C|T,10029_C|T,10198_C|T,10447_G|A,10449_C|A,10714_C|T,12160_G|A,12310_G|A,12880_C|T,14408_C|T,14670_C|T,15714_C|T,16616_C|A,17410_C|T,18163_A|G,19955_C|T,20055_A|G,21618_C|T,21987_G|A,22200_T|G,22578_G|A,22599_G|C,22674_C|T,22679_T|C,22686_C|T,22688_A|G,22775_G|A,22786_A|C,22813_G|T,22882_T|G,22917_T|G,22992_G|A,22995_C|A,23013_A|C,23018_T|G,23055_A|G,23063_A|T,23075_T|C,23403_A|G,23525_C|T,23599_T|G,23604_C|A,23854_C|A,23948_G|T,24424_A|T,24469_T|A,25000_C|T,25584_C|T,26060_C|T,26270_C|T,26529_G|A,26577_C|G,26709_G|A,27535_C|T,27800_C|T,27807_C|T,27889_C|T,28271_A|T,28311_C|T,28681_G|T,28881_G|A,28882_G|A,28883_G|C,29510_A|C,29868_G|A,11288_11296,21633_21641,21765_21770,28362_28370,29734_29759
USA/FL-CDC-STM-EBJQ8BJYB/2022	XBE	44_C|T,241_C|T,670_T|G,1627_C|T,2790_C|T,3037_C|T,4184_G|A,4321_C|T,9344_C|T,9424_A|G,9534_C|T,10029_C|T,10198_C|T,10447_G|A,10449_C|A,12160_G|A,12310_G|A,12880_C|T,14408_C|T,14670_C|T,15714_C|T,16616_C|A,17410_C|T,18163_A|G,19955_C|T,20055_A|G,21618_C|T,21987_G|A,22200_T|G,22578_G|A,22599_G|C,22674_C|T,22679_T|C,22686_C|T,22688_A|G,22775_G|A,22786_A|C,22813_G|T,22882_T|G,22917_T|G,22992_G|A,22995_C|A,23013_A|C,23018_T|G,23055_A|G,23063_A|T,23075_T|C,23403_A|G,23525_C|T,23599_T|G,23604_C|A,23854_C|A,23948_G|T,24424_A|T,24469_T|A,25000_C|T,25584_C|T,26060_C|T,26270_C|T,26529_G|A,26577_C|G,26709_G|A,27800_C|T,27807_C|T,27889_C|T,28271_A|T,28311_C|T,28681_G|T,28881_G|A,28882_G|A,28883_G|C,29510_A|C,11288_11296,21633_21641,21765_21770,28362_28370,29734_29759
USA/FR835748203706/2022	XBE	241_C|T,670_T|G,1627_C|T,2790_C|T,3037_C|T,4184_G|A,4321_C|T,9344_C|T,9424_A|G,9534_C|T,10029_C|T,10198_C|T,10447_G|A,10449_C|A,12160_G|A,12310_G|A,12880_C|T,14408_C|T,14670_C|T,15714_C|T,16616_C|A,17410_C|T,18163_A|G,19955_C|T,20055_A|G,21618_C|T,21987_G|A,22200_T|G,22578_G|A,22599_G|C,22674_C|T,22679_T|C,22686_C|T,22688_A|G,22775_G|A,22813_G|T,22882_T|G,22917_T|G,22992_G|A,22995_C|A,23013_A|C,23018_T|G,23055_A|G,23063_A|T,23075_T|C,23403_A|G,23525_C|T,23599_T|G,23604_C|A,23854_C|A,23948_G|T,24424_A|T,24469_T|A,25000_C|T,25584_C|T,26060_C|T,26270_C|T,26529_G|A,26577_C|G,26709_G|A,27800_C|T,27807_C|T,27889_C|T,28271_A|T,28311_C|T,28681_G|T,28881_G|A,28882_G|A,28883_G|C,29510_A|C,11288_11296,21633_21641,21765_21770,28362_28370,29734_29759
USA/FR904567120901/2022	XBE	241_C|T,670_T|G,1627_C|T,2790_C|T,3037_C|T,4184_G|A,4321_C|T,9344_C|T,9424_A|G,9534_C|T,10029_C|T,10198_C|T,10447_G|A,10449_C|A,12160_G|A,12310_G|A,12880_C|T,14408_C|T,14670_C|T,15714_C|T,16616_C|A,17410_C|T,18163_A|G,19955_C|T,20055_A|G,21618_C|T,21987_G|A,22200_T|G,22578_G|A,22599_G|C,22674_C|T,22679_T|C,22686_C|T,22688_A|G,22775_G|A,22813_G|T,22882_T|G,22917_T|G,22992_G|A,22995_C|A,23013_A|C,23018_T|G,23055_A|G,23063_A|T,23075_T|C,23403_A|G,23525_C|T,23599_T|G,23604_C|A,23854_C|A,23948_G|T,24424_A|T,24469_T|A,25000_C|T,25584_C|T,26060_C|T,26270_C|T,26529_G|A,26577_C|G,26709_G|A,27800_C|T,27807_C|T,27889_C|T,28271_A|T,28311_C|T,28681_G|T,28881_G|A,28882_G|A,28883_G|C,29510_A|C,11288_11296,21633_21641,21765_21770,28362_28370,29734_29759
USA/GA-CDC-QDX42604188/2022	XBE	241_C|T,670_T|G,1627_C|T,2790_C|T,3037_C|T,4184_G|A,4321_C|T,9344_C|T,9424_A|G,9534_C|T,10029_C|T,10198_C|T,10447_G|A,10449_C|A,11750_C|T,12160_G|A,12310_G|A,12880_C|T,14408_C|T,14670_C|T,15714_C|T,16616_C|A,17410_C|T,18163_A|G,19955_C|T,20055_A|G,21618_C|T,21987_G|A,22200_T|G,22578_G|A,22599_G|C,22674_C|T,22679_T|C,22686_C|T,22688_A|G,22775_G|A,22786_A|C,22813_G|T,22882_T|G,22917_T|G,22992_G|A,22995_C|A,23013_A|C,23018_T|G,23055_A|G,23063_A|T,23075_T|C,23403_A|G,23525_C|T,23599_T|G,23604_C|A,23854_C|A,23948_G|T,24424_A|T,24469_T|A,25000_C|T,25117_C|T,25584_C|T,26060_C|T,26270_C|T,26529_G|A,26577_C|G,26709_G|A,27800_C|T,27807_C|T,27889_C|T,28271_A|T,28311_C|T,28681_G|T,28881_G|A,28882_G|A,28883_G|C,29510_A|C,11288_11296,21633_21641,21765_21770,28362_28370,29734_29759
USA/GA-CDC-QDX42860818/2022	XBE	241_C|T,670_T|G,1627_C|T,2790_C|T,3037_C|T,4184_G|A,4321_C|T,9344_C|T,9424_A|G,9534_C|T,10029_C|T,10198_C|T,10447_G|A,10449_C|A,11750_C|T,12160_G|A,12310_G|A,12880_C|T,14408_C|T,14670_C|T,15714_C|T,16616_C|A,17410_C|T,18163_A|G,19955_C|T,20055_A|G,21618_C|T,21987_G|A,22200_T|G,22578_G|A,22599_G|C,22674_C|T,22679_T|C,22686_C|T,22688_A|G,22775_G|A,22786_A|C,22813_G|T,22882_T|G,22917_T|G,22992_G|A,22995_C|A,23013_A|C,23018_T|G,23055_A|G,23063_A|T,23075_T|C,23403_A|G,23525_C|T,23599_T|G,23604_C|A,23854_C|A,23948_G|T,24424_A|T,24469_T|A,25000_C|T,25117_C|T,25584_C|T,26060_C|T,26270_C|T,26529_G|A,26577_C|G,26709_G|A,27800_C|T,27807_C|T,27889_C|T,28271_A|T,28311_C|T,28681_G|T,28881_G|A,28882_G|A,28883_G|C,29510_A|C,11288_11296,21633_21641,21765_21770,28362_28370,29734_29759
USA/GA-CDC-QDX43164519/2022	XBE	241_C|T,670_T|G,1627_C|T,2790_C|T,3037_C|T,4184_G|A,4321_C|T,6151_C|T,9344_C|T,9424_A|G,9534_C|T,10029_C|T,10198_C|T,10447_G|A,10449_C|A,11750_C|T,12160_G|A,12310_G|A,12880_C|T,14408_C|T,14670_C|T,15714_C|T,16616_C|A,17410_C|T,18163_A|G,19955_C|T,20055_A|G,21618_C|T,21987_G|A,22200_T|G,22578_G|A,22599_G|C,22674_C|T,22679_T|C,22686_C|T,22688_A|G,22775_G|A,22786_A|C,22813_G|T,22882_T|G,22917_T|G,22992_G|A,22995_C|A,23013_A|C,23018_T|G,23055_A|G,23063_A|T,23075_T|C,23403_A|G,23525_C|T,23599_T|G,23604_C|A,23854_C|A,23948_G|T,24424_A|T,24469_T|A,25000_C|T,25117_C|T,25584_C|T,26060_C|T,26270_C|T,26529_G|A,26577_C|G,26709_G|A,27800_C|T,27807_C|T,27889_C|T,28271_A|T,28311_C|T,28681_G|T,28881_G|A,28882_G|A,28883_G|C,29510_A|C,11288_11296,21633_21641,21765_21770,28362_28370,29734_29759
USA/GA-CDC-QDX44021068/2022	XBE	241_C|T,670_T|G,1627_C|T,2790_C|T,3037_C|T,4184_G|A,4321_C|T,5497_C|T,6151_C|T,9344_C|T,9424_A|G,9534_C|T,10029_C|T,10198_C|T,10447_G|A,10449_C|A,11750_C|T,12160_G|A,12310_G|A,12880_C|T,14408_C|T,14670_C|T,15714_C|T,16616_C|A,17410_C|T,18163_A|G,19955_C|T,20055_A|G,21618_C|T,21987_G|A,22200_T|G,22578_G|A,22599_G|C,22674_C|T,22679_T|C,22686_C|T,22688_A|G,22775_G|A,22786_A|C,22813_G|T,22882_T|G,22917_T|G,22992_G|A,22995_C|A,23013_A|C,23018_T|G,23055_A|G,23063_A|T,23075_T|C,23403_A|G,23525_C|T,23599_T|G,23604_C|A,23854_C|A,23948_G|T,24424_A|T,24469_T|A,25000_C|T,25117_C|T,25584_C|T,26060_C|T,26270_C|T,26529_G|A,26577_C|G,26709_G|A,27800_C|T,27807_C|T,27889_C|T,28271_A|T,28311_C|T,28681_G|T,28881_G|A,28882_G|A,28883_G|C,29510_A|C,11288_11296,21633_21641,21765_21770,28362_28370,29734_29759
USA/GA-CDC-STM-2NW64JYP2/2022	XBE	44_C|T,241_C|T,670_T|G,850_C|T,1627_C|T,2790_C|T,3037_C|T,4184_G|A,4321_C|T,9344_C|T,9424_A|G,9534_C|T,10029_C|T,10198_C|T,10447_G|A,10449_C|A,11750_C|T,12160_G|A,12310_G|A,12880_C|T,14408_C|T,14670_C|T,15714_C|T,16616_C|A,17410_C|T,18163_A|G,19955_C|T,20055_A|G,21618_C|T,21987_G|A,22200_T|G,22578_G|A,22599_G|C,22674_C|T,22679_T|C,22686_C|T,22688_A|G,22775_G|A,22786_A|C,22813_G|T,22882_T|G,22917_T|G,22992_G|A,22995_C|A,23013_A|C,23018_T|G,23055_A|G,23063_A|T,23075_T|C,23403_A|G,23525_C|T,23599_T|G,23604_C|A,23854_C|A,23948_G|T,24424_A|T,24469_T|A,25000_C|T,25117_C|T,25513_C|A,25584_C|T,26060_C|T,26270_C|T,26529_G|A,26577_C|G,26709_G|A,27800_C|T,27807_C|T,27889_C|T,28074_T|C,28271_A|T,28311_C|T,28681_G|T,28881_G|A,28882_G|A,28883_G|C,29510_A|C,29868_G|A,11288_11296,21633_21641,21765_21770,28362_28370,29734_29759
USA/GA-GPHL-3309/2022	XBE	241_C|T,670_T|G,1627_C|T,2790_C|T,3037_C|T,4184_G|A,4321_C|T,6151_C|T,9344_C|T,9424_A|G,9534_C|T,10029_C|T,10039_C|T,10198_C|T,10447_G|A,10449_C|A,11750_C|T,12160_G|A,12310_G|A,12880_C|T,14408_C|T,14670_C|T,15714_C|T,16616_C|A,16948_C|T,17410_C|T,18163_A|G,19955_C|T,20055_A|G,21618_C|T,21987_G|A,22200_T|G,22578_G|A,22599_G|C,22674_C|T,22679_T|C,22686_C|T,22688_A|G,22775_G|A,22786_A|C,22813_G|T,22882_T|G,22917_T|G,22992_G|A,22995_C|A,23013_A|C,23018_T|G,23055_A|G,23063_A|T,23075_T|C,23403_A|G,23525_C|T,23599_T|G,23604_C|A,23854_C|A,23948_G|T,24424_A|T,24469_T|A,25000_C|T,25117_C|T,25584_C|T,26060_C|T,26270_C|T,26529_G|A,26577_C|G,26709_G|A,27800_C|T,27807_C|T,27889_C|T,28271_A|T,28311_C|T,28681_G|T,28881_G|A,28882_G|A,28883_G|C,29510_A|C,11288_11296,21633_21641,21765_21770,28362_28370,29734_29759
USA/GA-GPHL-3423/2022	XBE	44_C|T,241_C|T,670_T|G,1627_C|T,2790_C|T,3037_C|T,4184_G|A,4321_C|T,6151_C|T,9344_C|T,9424_A|G,9534_C|T,10029_C|T,10198_C|T,10447_G|A,10449_C|A,11750_C|T,12160_G|A,12310_G|A,12880_C|T,14408_C|T,14670_C|T,15714_C|T,16616_C|A,17410_C|T,18163_A|G,18873_G|A,19955_C|T,20055_A|G,21618_C|T,21987_G|A,22200_T|G,22578_G|A,22599_G|C,22674_C|T,22679_T|C,22686_C|T,22688_A|G,22775_G|A,22786_A|C,22813_G|T,22882_T|G,22917_T|G,22992_G|A,22995_C|A,23013_A|C,23018_T|G,23055_A|G,23063_A|T,23075_T|C,23403_A|G,23525_C|T,23599_T|G,23604_C|A,23854_C|A,23948_G|T,24424_A|T,24469_T|A,25000_C|T,25117_C|T,25276_C|A,25584_C|T,26060_C|T,26270_C|T,26529_G|A,26577_C|G,26645_C|T,26709_G|A,27800_C|T,27807_C|T,27889_C|T,28271_A|T,28311_C|T,28681_G|T,28881_G|A,28882_G|A,28883_G|C,29510_A|C,11288_11296,21633_21641,21765_21770,28362_28370,29734_29759
USA/GA-GPHL-3424/2022	XBE	241_C|T,670_T|G,1627_C|T,2790_C|T,3037_C|T,4184_G|A,4321_C|T,6151_C|T,9344_C|T,9424_A|G,9534_C|T,10029_C|T,10198_C|T,10447_G|A,10449_C|A,11750_C|T,12160_G|A,12310_G|A,12880_C|T,14408_C|T,14670_C|T,15714_C|T,16616_C|A,17410_C|T,18163_A|G,18873_G|A,19955_C|T,20055_A|G,21618_C|T,21987_G|A,22200_T|G,22578_G|A,22599_G|C,22674_C|T,22679_T|C,22686_C|T,22688_A|G,22775_G|A,22786_A|C,22813_G|T,22882_T|G,22917_T|G,22992_G|A,22995_C|A,23013_A|C,23018_T|G,23055_A|G,23063_A|T,23075_T|C,23403_A|G,23525_C|T,23599_T|G,23604_C|A,23854_C|A,23948_G|T,24424_A|T,24469_T|A,25000_C|T,25117_C|T,25276_C|A,25584_C|T,26060_C|T,26270_C|T,26529_G|A,26577_C|G,26645_C|T,26709_G|A,27800_C|T,27807_C|T,27889_C|T,28271_A|T,28311_C|T,28681_G|T,28881_G|A,28882_G|A,28883_G|C,29510_A|C,11288_11296,21633_21641,21765_21770,28362_28370,29734_29759
USA/IL-CDC-QDX42257627/2022	XBE	670_T|G,1627_C|T,2790_C|T,3037_C|T,4184_G|A,4321_C|T,5167_C|T,9344_C|T,9424_A|G,9534_C|T,10029_C|T,10198_C|T,10447_G|A,10449_C|A,10714_C|T,12160_G|A,12310_G|A,12880_C|T,14408_C|T,14670_C|T,15714_C|T,16616_C|A,17410_C|T,18163_A|G,19955_C|T,20055_A|G,21618_C|T,21987_G|A,22200_T|G,22578_G|A,22599_G|C,22674_C|T,22679_T|C,22686_C|T,22688_A|G,22775_G|A,22786_A|C,22813_G|T,22882_T|G,22917_T|G,22992_G|A,22995_C|A,23013_A|C,23018_T|G,23055_A|G,23063_A|T,23075_T|C,23403_A|G,23525_C|T,23599_T|G,23604_C|A,23854_C|A,23948_G|T,24424_A|T,24469_T|A,25000_C|T,25584_C|T,26060_C|T,26270_C|T,26529_G|A,26577_C|G,26709_G|A,27800_C|T,27807_C|T,27889_C|T,28271_A|T,28311_C|T,28681_G|T,28881_G|A,28882_G|A,28883_G|C,29510_A|C,241_242,510_518,11288_11296,21633_21641,21765_21770,28362_28370,29734_29759
USA/IN-CDC-LC0949941/2022	XBE	241_C|T,670_T|G,1618_T|C,1627_C|T,2790_C|T,3037_C|T,4184_G|A,4321_C|T,9344_C|T,9424_A|G,9534_C|T,10029_C|T,10198_C|T,10447_G|A,10449_C|A,10702_C|T,11095_C|T,12160_G|A,12310_G|A,12880_C|T,14408_C|T,14670_C|T,15714_C|T,16616_C|A,17410_C|T,18163_A|G,19955_C|T,20055_A|G,21618_C|T,21987_G|A,22200_T|G,22578_G|A,22599_G|C,22674_C|T,22679_T|C,22686_C|T,22688_A|G,22775_G|A,22786_A|C,22813_G|T,22882_T|G,22917_T|G,22992_G|A,22995_C|A,23013_A|C,23018_T|G,23055_A|G,23063_A|T,23075_T|C,23403_A|G,23525_C|T,23599_T|G,23604_C|A,23854_C|A,23948_G|T,24424_A|T,24469_T|A,25000_C|T,25584_C|T,26060_C|T,26270_C|T,26529_G|A,26577_C|G,26709_G|A,27800_C|T,27807_C|T,27889_C|T,28091_T|C,28271_A|T,28311_C|T,28681_G|T,28881_G|A,28882_G|A,28883_G|C,29510_A|C,11288_11296,21633_21641,21765_21770,28362_28370,29734_29759
USA/IN-CDC-STM-DQWU72STR/2022	XBE	44_C|T,241_C|T,670_T|G,1618_T|C,1627_C|T,2790_C|T,3037_C|T,4184_G|A,4321_C|T,7261_T|C,9344_C|T,9424_A|G,9534_C|T,10029_C|T,10198_C|T,10447_G|A,10449_C|A,10702_C|T,11095_C|T,12160_G|A,12310_G|A,12880_C|T,14408_C|T,14670_C|T,15714_C|T,16616_C|A,17410_C|T,18163_A|G,19955_C|T,20055_A|G,21618_C|T,21987_G|A,22200_T|G,22578_G|A,22599_G|C,22674_C|T,22679_T|C,22686_C|T,22688_A|G,22775_G|A,22786_A|C,22813_G|T,22882_T|G,22917_T|G,22992_G|A,22995_C|A,23013_A|C,23018_T|G,23055_A|G,23063_A|T,23075_T|C,23403_A|G,23525_C|T,23599_T|G,23604_C|A,23854_C|A,23948_G|T,24424_A|T,24469_T|A,25000_C|T,25584_C|T,26060_C|T,26270_C|T,26529_G|A,26577_C|G,26709_G|A,27800_C|T,27807_C|T,27889_C|T,28091_T|C,28271_A|T,28311_C|T,28681_G|T,28881_G|A,28882_G|A,28883_G|C,29510_A|C,11288_11296,21633_21641,21765_21770,28362_28370,29734_29759
USA/MA-CDC-LC0850382/2022	XBE	44_C|T,241_C|T,670_T|G,1627_C|T,2790_C|T,3037_C|T,4184_G|A,4321_C|T,9344_C|T,9424_A|G,9534_C|T,10029_C|T,10198_C|T,10447_G|A,10449_C|A,12160_G|A,12310_G|A,12880_C|T,14408_C|T,14670_C|T,15714_C|T,16616_C|A,17410_C|T,18163_A|G,19955_C|T,20055_A|G,21618_C|T,21987_G|A,22200_T|G,22578_G|A,22599_G|C,22674_C|T,22679_T|C,22686_C|T,22688_A|G,22775_G|A,22786_A|C,22813_G|T,22882_T|G,22917_T|G,22992_G|A,22995_C|A,23013_A|C,23018_T|G,23055_A|G,23063_A|T,23075_T|C,23403_A|G,23525_C|T,23599_T|G,23604_C|A,23854_C|A,23948_G|T,24424_A|T,24469_T|A,25000_C|T,25584_C|T,26060_C|T,26270_C|T,26529_G|A,26577_C|G,26709_G|A,27800_C|T,27807_C|T,27889_C|T,28271_A|T,28311_C|T,28681_G|T,28881_G|A,28882_G|A,28883_G|C,29510_A|C,11288_11296,21633_21641,21765_21770,28362_28370,29734_29759
USA/MD-CDC-QDX40456458/2022	XBE	241_C|T,670_T|G,1627_C|T,2790_C|T,3037_C|T,4184_G|A,4321_C|T,9344_C|T,9424_A|G,9534_C|T,10029_C|T,10198_C|T,10447_G|A,10449_C|A,12160_G|A,12310_G|A,12880_C|T,14408_C|T,14670_C|T,15714_C|T,16616_C|A,17410_C|T,18163_A|G,19955_C|T,20055_A|G,21618_C|T,21987_G|A,22200_T|G,22578_G|A,22599_G|C,22674_C|T,22679_T|C,22686_C|T,22688_A|G,22775_G|A,22786_A|C,22813_G|T,22882_T|G,22917_T|G,22992_G|A,22995_C|A,23013_A|C,23018_T|G,23055_A|G,23063_A|T,23075_T|C,23403_A|G,23525_C|T,23599_T|G,23604_C|A,23854_C|A,23948_G|T,24424_A|T,24469_T|A,25000_C|T,25584_C|T,26060_C|T,26270_C|T,26529_G|A,26577_C|G,26709_G|A,27800_C|T,27807_C|T,27889_C|T,28271_A|T,28311_C|T,28681_G|T,28881_G|A,28882_G|A,28883_G|C,29510_A|C,11288_11296,21633_21641,21765_21770,28362_28370,29734_29759
USA/MI-CDC-QDX41593573/2022	XBE	241_C|T,670_T|G,1627_C|T,2790_C|T,3037_C|T,4184_G|A,4321_C|T,5167_C|T,9344_C|T,9424_A|G,9534_C|T,10029_C|T,10198_C|T,10447_G|A,10449_C|A,10714_C|T,12160_G|A,12310_G|A,12880_C|T,14408_C|T,14670_C|T,15714_C|T,16616_C|A,17410_C|T,18163_A|G,19955_C|T,20055_A|G,21618_C|T,21987_G|A,22200_T|G,22578_G|A,22599_G|C,22674_C|T,22679_T|C,22686_C|T,22688_A|G,22775_G|A,22786_A|C,22813_G|T,22882_T|G,22917_T|G,22992_G|A,22995_C|A,23013_A|C,23018_T|G,23055_A|G,23063_A|T,23075_T|C,23403_A|G,23525_C|T,23599_T|G,23604_C|A,23854_C|A,23948_G|T,24424_A|T,24469_T|A,25000_C|T,25584_C|T,26060_C|T,26270_C|T,26529_G|A,26577_C|G,26709_G|A,27800_C|T,27807_C|T,27889_C|T,28271_A|T,28311_C|T,28681_G|T,28881_G|A,28882_G|A,28883_G|C,29510_A|C,11288_11296,21633_21641,21765_21770,28362_28370,29734_29759
USA/MI-CDC-QDX41756042/2022	XBE	241_C|T,670_T|G,1627_C|T,2790_C|T,3037_C|T,4184_G|A,4321_C|T,9344_C|T,9424_A|G,9534_C|T,10029_C|T,10198_C|T,10447_G|A,10449_C|A,12160_G|A,12310_G|A,12325_C|T,12880_C|T,14408_C|T,14670_C|T,15714_C|T,16616_C|A,17410_C|T,18163_A|G,19955_C|T,20055_A|G,21618_C|T,21987_G|A,22200_T|G,22578_G|A,22599_G|C,22674_C|T,22679_T|C,22686_C|T,22688_A|G,22775_G|A,22786_A|C,22813_G|T,22882_T|G,22917_T|G,22992_G|A,22995_C|A,23013_A|C,23018_T|G,23055_A|G,23063_A|T,23075_T|C,23403_A|G,23525_C|T,23599_T|G,23604_C|A,23854_C|A,23948_G|T,24424_A|T,24469_T|A,25000_C|T,25584_C|T,26060_C|T,26270_C|T,26529_G|A,26577_C|G,26709_G|A,27800_C|T,27807_C|T,27889_C|T,28271_A|T,28311_C|T,28681_G|T,28881_G|A,28882_G|A,28883_G|C,29510_A|C,11288_11296,21633_21641,21765_21770,28362_28370,29734_29759
USA/MI-CDC-QDX43293977/2022	XBE	241_C|T,670_T|G,1627_C|T,2790_C|T,3037_C|T,4184_G|A,4321_C|T,9344_C|T,9424_A|G,9534_C|T,10029_C|T,10198_C|T,10447_G|A,10449_C|A,12160_G|A,12310_G|A,12880_C|T,14408_C|T,15672_G|T,15714_C|T,16616_C|A,17410_C|T,18163_A|G,19283_A|G,19955_C|T,20055_A|G,21618_C|T,21987_G|A,22200_T|G,22578_G|A,22599_G|C,22674_C|T,22679_T|C,22686_C|T,22688_A|G,22775_G|A,22786_A|C,22813_G|T,22882_T|G,22917_T|G,22992_G|A,22995_C|A,23013_A|C,23018_T|G,23055_A|G,23063_A|T,23075_T|C,23403_A|G,23525_C|T,23599_T|G,23604_C|A,23854_C|A,23948_G|T,24424_A|T,24469_T|A,25000_C|T,25413_C|T,25584_C|T,26060_C|T,26270_C|T,26529_G|A,26577_C|G,26709_G|A,27800_C|T,27807_C|T,27889_C|T,28271_A|T,28311_C|T,28681_G|T,28881_G|A,28882_G|A,28883_G|C,29510_A|C,11288_11296,21633_21641,21765_21770,28362_28370,29734_29759
USA/NC-CDC-LC0885056/2022	XBE	241_C|T,670_T|G,1627_C|T,2790_C|T,3037_C|T,4184_G|A,4321_C|T,9344_C|T,9424_A|G,9534_C|T,10029_C|T,10198_C|T,10447_G|A,10449_C|A,12160_G|A,12310_G|A,12880_C|T,14408_C|T,14670_C|T,15714_C|T,16616_C|A,17410_C|T,18163_A|G,19955_C|T,20055_A|G,21618_C|T,21987_G|A,22200_T|G,22578_G|A,22599_G|C,22674_C|T,22679_T|C,22686_C|T,22688_A|G,22775_G|A,22786_A|C,22813_G|T,22882_T|G,22917_T|G,22992_G|A,22995_C|A,23013_A|C,23018_T|G,23055_A|G,23063_A|T,23075_T|C,23403_A|G,23525_C|T,23599_T|G,23604_C|A,23854_C|A,23948_G|T,24424_A|T,24469_T|A,25000_C|T,25584_C|T,25651_T|C,26060_C|T,26270_C|T,26529_G|A,26577_C|G,26709_G|A,27800_C|T,27807_C|T,27889_C|T,28271_A|T,28311_C|T,28681_G|T,28881_G|A,28882_G|A,28883_G|C,29510_A|C,11288_11296,21633_21641,21765_21770,28362_28370,29734_29759
USA/NC-CDC-QDX42256204/2022	XBE	241_C|T,670_T|G,1627_C|T,2790_C|T,3037_C|T,4184_G|A,4321_C|T,9344_C|T,9424_A|G,9534_C|T,10029_C|T,10198_C|T,10447_G|A,10449_C|A,12160_G|A,12310_G|A,12880_C|T,14408_C|T,14670_C|T,15714_C|T,16616_C|A,17410_C|T,18163_A|G,19955_C|T,20055_A|G,21618_C|T,21987_G|A,22200_T|G,22578_G|A,22599_G|C,22674_C|T,22679_T|C,22686_C|T,22688_A|G,22775_G|A,22786_A|C,22813_G|T,22882_T|G,22917_T|G,22992_G|A,22995_C|A,23013_A|C,23018_T|G,23055_A|G,23063_A|T,23075_T|C,23403_A|G,23525_C|T,23599_T|G,23604_C|A,23854_C|A,23948_G|T,24424_A|T,24469_T|A,25000_C|T,25584_C|T,25651_T|C,26060_C|T,26270_C|T,26529_G|A,26577_C|G,26709_G|A,27800_C|T,27807_C|T,27889_C|T,28271_A|T,28311_C|T,28681_G|T,28881_G|A,28882_G|A,28883_G|C,29510_A|C,11288_11296,21633_21641,21765_21770,28362_28370,29734_29759
USA/NJ-CDC-LC0850540/2022	XBE	44_C|T,241_C|T,670_T|G,1627_C|T,2790_C|T,3037_C|T,4184_G|A,4321_C|T,9344_C|T,9424_A|G,9534_C|T,10029_C|T,10198_C|T,10447_G|A,10449_C|A,12160_G|A,12310_G|A,12880_C|T,14408_C|T,14670_C|T,15714_C|T,16616_C|A,17410_C|T,18163_A|G,19955_C|T,20055_A|G,21618_C|T,21987_G|A,22200_T|G,22578_G|A,22599_G|C,22674_C|T,22679_T|C,22686_C|T,22688_A|G,22775_G|A,22786_A|C,22813_G|T,22882_T|G,22917_T|G,22992_G|A,22995_C|A,23013_A|C,23018_T|G,23055_A|G,23063_A|T,23075_T|C,23403_A|G,23525_C|T,23599_T|G,23604_C|A,23854_C|A,23948_G|T,24424_A|T,24469_T|A,25000_C|T,25584_C|T,26060_C|T,26270_C|T,26529_G|A,26577_C|G,26709_G|A,27800_C|T,27807_C|T,27889_C|T,28271_A|T,28311_C|T,28681_G|T,28881_G|A,28882_G|A,28883_G|C,29510_A|C,11288_11296,21633_21641,21765_21770,28362_28370,29734_29759
USA/NJ-CDC-LC0894423/2022	XBE	241_C|T,670_T|G,1627_C|T,2790_C|T,3037_C|T,4184_G|A,4321_C|T,9344_C|T,9424_A|G,9534_C|T,10029_C|T,10198_C|T,10447_G|A,10449_C|A,12160_G|A,12310_G|A,12880_C|T,14408_C|T,14670_C|T,15714_C|T,16616_C|A,17410_C|T,18163_A|G,18822_T|C,19955_C|T,20055_A|G,21618_C|T,21987_G|A,22200_T|G,22578_G|A,22599_G|C,22674_C|T,22679_T|C,22686_C|T,22688_A|G,22775_G|A,22786_A|C,22813_G|T,22882_T|G,22917_T|G,22992_G|A,22995_C|A,23013_A|C,23018_T|G,23055_A|G,23063_A|T,23075_T|C,23403_A|G,23525_C|T,23599_T|G,23604_C|A,23854_C|A,23948_G|T,24424_A|T,24469_T|A,25000_C|T,25584_C|T,26060_C|T,26270_C|T,26529_G|A,26577_C|G,26709_G|A,27800_C|T,27807_C|T,27889_C|T,28271_A|T,28311_C|T,28681_G|T,28881_G|A,28882_G|A,28883_G|C,29510_A|C,11288_11296,21633_21641,21765_21770,28362_28370,29734_29759
USA/NJ-CDC-LC0895823/2022	XBE	241_C|T,670_T|G,1627_C|T,2790_C|T,3037_C|T,4184_G|A,4321_C|T,6337_G|A,9344_C|T,9424_A|G,9534_C|T,10029_C|T,10198_C|T,10447_G|A,10449_C|A,12160_G|A,12310_G|A,12880_C|T,14408_C|T,14670_C|T,15714_C|T,16616_C|A,17410_C|T,17550_C|T,18163_A|G,19955_C|T,20055_A|G,21618_C|T,21987_G|A,22200_T|G,22578_G|A,22599_G|C,22674_C|T,22679_T|C,22686_C|T,22688_A|G,22775_G|A,22786_A|C,22813_G|T,22882_T|G,22917_T|G,22992_G|A,22995_C|A,23013_A|C,23018_T|G,23055_A|G,23063_A|T,23075_T|C,23403_A|G,23525_C|T,23599_T|G,23604_C|A,23854_C|A,23948_G|T,24424_A|T,24469_T|A,25000_C|T,25584_C|T,26060_C|T,26270_C|T,26529_G|A,26577_C|G,26709_G|A,27800_C|T,27807_C|T,27889_C|T,28271_A|T,28311_C|T,28681_G|T,28881_G|A,28882_G|A,28883_G|C,29510_A|C,11288_11296,21633_21641,21765_21770,28362_28370,29734_29759
USA/NJ-CDC-LC0904216/2022	XBE	241_C|T,670_T|G,1627_C|T,2790_C|T,3037_C|T,4184_G|A,4321_C|T,5167_C|T,9344_C|T,9424_A|G,9534_C|T,10029_C|T,10198_C|T,10447_G|A,10449_C|A,10733_C|A,12160_G|A,12310_G|A,12880_C|T,14408_C|T,14670_C|T,15714_C|T,16616_C|A,17410_C|T,18163_A|G,19955_C|T,20055_A|G,21618_C|T,21987_G|A,22200_T|G,22578_G|A,22599_G|C,22674_C|T,22679_T|C,22686_C|T,22688_A|G,22775_G|A,22786_A|C,22813_G|T,22882_T|G,22917_T|G,22992_G|A,22995_C|A,23013_A|C,23018_T|G,23055_A|G,23063_A|T,23075_T|C,23403_A|G,23525_C|T,23599_T|G,23604_C|A,23854_C|A,23948_G|T,24424_A|T,24469_T|A,25000_C|T,25584_C|T,26060_C|T,26270_C|T,26529_G|A,26577_C|G,26709_G|A,27800_C|T,27807_C|T,27889_C|T,28271_A|T,28311_C|T,28514_G|C,28681_G|T,28881_G|A,28882_G|A,28883_G|C,29510_A|C,11288_11296,21633_21641,21765_21770,28362_28370,29734_29759
USA/NJ-CDC-LC0929266/2022	XBE	241_C|T,670_T|G,1627_C|T,2790_C|T,3037_C|T,4184_G|A,4321_C|T,9344_C|T,9424_A|G,9534_C|T,10029_C|T,10198_C|T,10447_G|A,10449_C|A,12160_G|A,12310_G|A,12880_C|T,14408_C|T,15714_C|T,16616_C|A,17410_C|T,18163_A|G,19170_C|T,19283_A|G,19955_C|T,20055_A|G,21618_C|T,21987_G|A,22200_T|G,22578_G|A,22599_G|C,22674_C|T,22679_T|C,22686_C|T,22688_A|G,22775_G|A,22786_A|C,22813_G|T,22882_T|G,22917_T|G,22992_G|A,22995_C|A,23013_A|C,23018_T|G,23055_A|G,23063_A|T,23075_T|C,23403_A|G,23525_C|T,23599_T|G,23604_C|A,23854_C|A,23948_G|T,24424_A|T,24469_T|A,25000_C|T,25584_C|T,26060_C|T,26270_C|T,26529_G|A,26577_C|G,26709_G|A,26876_T|C,27800_C|T,27807_C|T,27889_C|T,28271_A|T,28311_C|T,28531_C|T,28681_G|T,28881_G|A,28882_G|A,28883_G|C,29510_A|C,11288_11296,21633_21641,21765_21770,28362_28370,29734_29759
USA/NJ-CDC-QDX41029468/2022	XBE	241_C|T,670_T|G,1627_C|T,2790_C|T,3037_C|T,4184_G|A,4321_C|T,9344_C|T,9424_A|G,9534_C|T,10029_C|T,10198_C|T,10447_G|A,10449_C|A,12160_G|A,12310_G|A,12880_C|T,14408_C|T,14670_C|T,15714_C|T,16616_C|A,17410_C|T,18163_A|G,19955_C|T,20055_A|G,21618_C|T,21987_G|A,22200_T|G,22578_G|A,22599_G|C,22674_C|T,22679_T|C,22686_C|T,22688_A|G,22775_G|A,22786_A|C,22813_G|T,22882_T|G,22917_T|G,22992_G|A,22995_C|A,23013_A|C,23018_T|G,23055_A|G,23063_A|T,23075_T|C,23403_A|G,23525_C|T,23599_T|G,23604_C|A,23854_C|A,23948_G|T,24424_A|T,24469_T|A,25000_C|T,25584_C|T,26060_C|T,26270_C|T,26529_G|A,26577_C|G,26709_G|A,27800_C|T,27807_C|T,27889_C|T,28271_A|T,28311_C|T,28681_G|T,28881_G|A,28882_G|A,28883_G|C,29510_A|C,11288_11296,21633_21641,21765_21770,28362_28370,29734_29759
USA/NJ-CDC-QDX41029472/2022	XBE	241_C|T,670_T|G,1627_C|T,2790_C|T,3037_C|T,4184_G|A,4321_C|T,9344_C|T,9424_A|G,9534_C|T,10029_C|T,10198_C|T,10447_G|A,10449_C|A,12160_G|A,12310_G|A,12880_C|T,14408_C|T,14670_C|T,15714_C|T,16616_C|A,17410_C|T,18163_A|G,19955_C|T,20055_A|G,21618_C|T,21987_G|A,22200_T|G,22578_G|A,22599_G|C,22674_C|T,22679_T|C,22686_C|T,22688_A|G,22775_G|A,22786_A|C,22813_G|T,22882_T|G,22917_T|G,22992_G|A,22995_C|A,23013_A|C,23018_T|G,23055_A|G,23063_A|T,23075_T|C,23403_A|G,23525_C|T,23599_T|G,23604_C|A,23854_C|A,23948_G|T,24424_A|T,24469_T|A,25000_C|T,25584_C|T,26060_C|T,26270_C|T,26529_G|A,26577_C|G,26709_G|A,27800_C|T,27807_C|T,27889_C|T,28271_A|T,28311_C|T,28681_G|T,28881_G|A,28882_G|A,28883_G|C,29510_A|C,11288_11296,21633_21641,21765_21770,28362_28370,29734_29759
USA/NJ-CDC-QDX41378278/2022	XBE	241_C|T,670_T|G,1627_C|T,2790_C|T,3037_C|T,4184_G|A,4321_C|T,9344_C|T,9424_A|G,9534_C|T,10029_C|T,10198_C|T,10447_G|A,10449_C|A,12160_G|A,12310_G|A,12880_C|T,14408_C|T,14670_C|T,15714_C|T,16616_C|A,17410_C|T,18163_A|G,19955_C|T,20055_A|G,21618_C|T,21987_G|A,22200_T|G,22578_G|A,22599_G|C,22674_C|T,22679_T|C,22686_C|T,22688_A|G,22775_G|A,22786_A|C,22813_G|T,22882_T|G,22917_T|G,22992_G|A,22995_C|A,23013_A|C,23018_T|G,23055_A|G,23063_A|T,23075_T|C,23403_A|G,23525_C|T,23599_T|G,23604_C|A,23854_C|A,23948_G|T,24424_A|T,24469_T|A,25000_C|T,25584_C|T,26060_C|T,26270_C|T,26529_G|A,26577_C|G,26709_G|A,27800_C|T,27807_C|T,27889_C|T,28271_A|T,28311_C|T,28681_G|T,28881_G|A,28882_G|A,28883_G|C,29510_A|C,11288_11296,21633_21641,21765_21770,28362_28370,29734_29759
USA/NJ-CDC-QDX43070473/2022	XBE	241_C|T,670_T|G,1627_C|T,2790_C|T,3037_C|T,4184_G|A,4321_C|T,5167_C|T,9344_C|T,9424_A|G,9534_C|T,10029_C|T,10198_C|T,10447_G|A,10449_C|A,10714_C|T,12160_G|A,12310_G|A,12880_C|T,14408_C|T,14670_C|T,15714_C|T,16616_C|A,17410_C|T,18163_A|G,19955_C|T,20055_A|G,21618_C|T,21987_G|A,22200_T|G,22578_G|A,22599_G|C,22674_C|T,22679_T|C,22686_C|T,22688_A|G,22775_G|A,22786_A|C,22813_G|T,22882_T|G,22917_T|G,22992_G|A,22995_C|A,23013_A|C,23018_T|G,23055_A|G,23063_A|T,23075_T|C,23403_A|G,23525_C|T,23599_T|G,23604_C|A,23854_C|A,23948_G|T,24424_A|T,24469_T|A,25000_C|T,25584_C|T,26060_C|T,26270_C|T,26529_G|A,26577_C|G,26709_G|A,27800_C|T,27807_C|T,27889_C|T,28271_A|T,28311_C|T,28681_G|T,28881_G|A,28882_G|A,28883_G|C,29510_A|C,11288_11296,21633_21641,21765_21770,28362_28370,29734_29759
USA/NJ-CDC-QDX44334332/2022	XBE	241_C|T,670_T|G,1627_C|T,1887_C|T,2790_C|T,3037_C|T,4184_G|A,4321_C|T,5167_C|T,9344_C|T,9424_A|G,9534_C|T,10029_C|T,10198_C|T,10447_G|A,10449_C|A,10714_C|T,10833_C|T,12160_G|A,12310_G|A,12880_C|T,14408_C|T,14670_C|T,15714_C|T,16616_C|A,17410_C|T,18163_A|G,19955_C|T,20055_A|G,21618_C|T,21987_G|A,22200_T|G,22578_G|A,22599_G|C,22674_C|T,22679_T|C,22686_C|T,22688_A|G,22775_G|A,22786_A|C,22813_G|T,22882_T|G,22917_T|G,22992_G|A,22995_C|A,23013_A|C,23018_T|G,23055_A|G,23063_A|T,23075_T|C,23403_A|G,23525_C|T,23599_T|G,23604_C|A,23854_C|A,23948_G|T,24424_A|T,24469_T|A,25000_C|T,25584_C|T,26060_C|T,26270_C|T,26529_G|A,26577_C|G,26709_G|A,27800_C|T,27807_C|T,27889_C|T,28271_A|T,28311_C|T,28681_G|T,28881_G|A,28882_G|A,28883_G|C,29510_A|C,11288_11296,21633_21641,21765_21770,28362_28370,29734_29759
USA/NJ-CDC-QDX44334333/2022	XBE	241_C|T,670_T|G,1627_C|T,1887_C|T,2790_C|T,3037_C|T,4184_G|A,4321_C|T,5167_C|T,9344_C|T,9424_A|G,9534_C|T,10029_C|T,10198_C|T,10447_G|A,10449_C|A,10714_C|T,10833_C|T,12160_G|A,12310_G|A,12880_C|T,14408_C|T,14670_C|T,15714_C|T,16616_C|A,17410_C|T,18163_A|G,19955_C|T,20055_A|G,21618_C|T,21987_G|A,22200_T|G,22578_G|A,22599_G|C,22674_C|T,22679_T|C,22686_C|T,22688_A|G,22775_G|A,22786_A|C,22813_G|T,22882_T|G,22917_T|G,22992_G|A,22995_C|A,23013_A|C,23018_T|G,23055_A|G,23063_A|T,23075_T|C,23403_A|G,23525_C|T,23599_T|G,23604_C|A,23854_C|A,23948_G|T,24424_A|T,24469_T|A,25000_C|T,25584_C|T,26060_C|T,26270_C|T,26529_G|A,26577_C|G,26709_G|A,27800_C|T,27807_C|T,27889_C|T,28271_A|T,28311_C|T,28681_G|T,28881_G|A,28882_G|A,28883_G|C,29510_A|C,11288_11296,21633_21641,21765_21770,28362_28370,29734_29759
USA/NJ-DHSS-B1229014/2022	XBE	241_C|T,670_T|G,1627_C|T,2790_C|T,3037_C|T,4184_G|A,4321_C|T,9344_C|T,9424_A|G,9534_C|T,10029_C|T,10198_C|T,10447_G|A,10449_C|A,12160_G|A,12310_G|A,12880_C|T,14408_C|T,14670_C|T,15714_C|T,16616_C|A,17410_C|T,18163_A|G,19955_C|T,20055_A|G,21618_C|T,21987_G|A,22200_T|G,22578_G|A,22599_G|C,22674_C|T,22679_T|C,22686_C|T,22688_A|G,22775_G|A,22786_A|C,22813_G|T,22882_T|G,22917_T|G,22992_G|A,22995_C|A,23013_A|C,23018_T|G,23055_A|G,23063_A|T,23075_T|C,23403_A|G,23525_C|T,23599_T|G,23604_C|A,23854_C|A,23948_G|T,24424_A|T,24469_T|A,25000_C|T,25584_C|T,26060_C|T,26270_C|T,26529_G|A,26577_C|G,26709_G|A,27800_C|T,27807_C|T,28271_A|T,28311_C|T,28681_G|T,28881_G|A,28882_G|A,28883_G|C,29510_A|C,11288_11296,21633_21641,21765_21770,28362_28370
USA/NJ-NYGC-S-JF-16776-ODWS293/2022	XBE	44_C|T,241_C|T,670_T|G,1627_C|T,2790_C|T,3037_C|T,4184_G|A,4321_C|T,5167_C|T,9344_C|T,9424_A|G,9534_C|T,10029_C|T,10198_C|T,10447_G|A,10449_C|A,10714_C|T,12160_G|A,12310_G|A,12880_C|T,14408_C|T,14670_C|T,15714_C|T,16616_C|A,17410_C|T,18163_A|G,19955_C|T,20055_A|G,21618_C|T,21987_G|A,22200_T|G,22578_G|A,22599_G|C,22674_C|T,22679_T|C,22686_C|T,22688_A|G,22775_G|A,22786_A|C,22813_G|T,22882_T|G,22917_T|G,22992_G|A,22995_C|A,23013_A|C,23018_T|G,23055_A|G,23063_A|T,23075_T|C,23403_A|G,23525_C|T,23599_T|G,23604_C|A,23854_C|A,23948_G|T,24424_A|T,24469_T|A,25000_C|T,25584_C|T,26060_C|T,26270_C|T,26529_G|A,26577_C|G,26709_G|A,27800_C|T,27807_C|T,27889_C|T,28271_A|T,28311_C|T,28681_G|T,28881_G|A,28882_G|A,28883_G|C,29510_A|C,11288_11296,21633_21641,21765_21770,28362_28370,29734_29759
USA/NJ-NYGC-S-JF-16815-RMUF295/2022	XBE	44_C|T,241_C|T,670_T|G,1627_C|T,2790_C|T,3037_C|T,4184_G|A,4321_C|T,5167_C|T,9344_C|T,9424_A|G,9534_C|T,10029_C|T,10198_C|T,10447_G|A,10449_C|A,10714_C|T,12160_G|A,12310_G|A,12880_C|T,14408_C|T,14670_C|T,15714_C|T,16616_C|A,17410_C|T,18163_A|G,19955_C|T,20055_A|G,21618_C|T,21987_G|A,22200_T|G,22578_G|A,22599_G|C,22674_C|T,22679_T|C,22686_C|T,22688_A|G,22775_G|A,22786_A|C,22813_G|T,22882_T|G,22917_T|G,22992_G|A,22995_C|A,23013_A|C,23018_T|G,23055_A|G,23063_A|T,23075_T|C,23403_A|G,23525_C|T,23599_T|G,23604_C|A,23854_C|A,23948_G|T,24424_A|T,24469_T|A,25000_C|T,25584_C|T,26060_C|T,26270_C|T,26529_G|A,26577_C|G,26709_G|A,27800_C|T,27807_C|T,27889_C|T,28271_A|T,28311_C|T,28681_G|T,28881_G|A,28882_G|A,28883_G|C,29510_A|C,11288_11296,21633_21641,21765_21770,28362_28370,29734_29759
USA/NJ-NYGC-V4844-NQKL393/2022	XBE	44_C|T,241_C|T,670_T|G,1627_C|T,2790_C|T,3037_C|T,4184_G|A,4321_C|T,5167_C|T,9344_C|T,9424_A|G,9534_C|T,10029_C|T,10198_C|T,10447_G|A,10449_C|A,10714_C|T,12160_G|A,12310_G|A,12880_C|T,14408_C|T,14670_C|T,15714_C|T,16616_C|A,17410_C|T,18163_A|G,19955_C|T,20055_A|G,21618_C|T,21987_G|A,22200_T|G,22578_G|A,22599_G|C,22674_C|T,22679_T|C,22686_C|T,22688_A|G,22775_G|A,22786_A|C,22813_G|T,22882_T|G,22917_T|G,22992_G|A,22995_C|A,23013_A|C,23018_T|G,23055_A|G,23063_A|T,23075_T|C,23403_A|G,23525_C|T,23599_T|G,23604_C|A,23854_C|A,23948_G|T,24424_A|T,24469_T|A,25000_C|T,25584_C|T,26060_C|T,26270_C|T,26529_G|A,26577_C|G,26709_G|A,27800_C|T,27807_C|T,27889_C|T,28271_A|T,28311_C|T,28681_G|T,28881_G|A,28882_G|A,28883_G|C,29510_A|C,11288_11296,21633_21641,21765_21770,28362_28370,29734_29759
USA/NJ-NYGC-V4931-PPOK458/2022	XBE	44_C|T,241_C|T,670_T|G,1627_C|T,2790_C|T,3037_C|T,4184_G|A,4321_C|T,5167_C|T,9344_C|T,9424_A|G,9534_C|T,10029_C|T,10198_C|T,10447_G|A,10449_C|A,10714_C|T,12160_G|A,12310_G|A,12880_C|T,14408_C|T,14670_C|T,15714_C|T,16616_C|A,17410_C|T,18163_A|G,19955_C|T,20055_A|G,21618_C|T,21987_G|A,22200_T|G,22578_G|A,22599_G|C,22674_C|T,22679_T|C,22686_C|T,22688_A|G,22775_G|A,22786_A|C,22813_G|T,22882_T|G,22917_T|G,22992_G|A,22995_C|A,23013_A|C,23018_T|G,23055_A|G,23063_A|T,23075_T|C,23403_A|G,23525_C|T,23599_T|G,23604_C|A,23854_C|A,23948_G|T,24424_A|T,24469_T|A,25000_C|T,25584_C|T,26060_C|T,26270_C|T,26529_G|A,26577_C|G,26709_G|A,27800_C|T,27807_C|T,27889_C|T,28271_A|T,28311_C|T,28681_G|T,28881_G|A,28882_G|A,28883_G|C,29510_A|C,11288_11296,21633_21641,21765_21770,28362_28370,29734_29759
USA/NJ-NYGC-V4933-PTRR940/2022	XBE	241_C|T,670_T|G,1627_C|T,2790_C|T,3037_C|T,4184_G|A,4321_C|T,5167_C|T,9344_C|T,9424_A|G,9534_C|T,10029_C|T,10198_C|T,10447_G|A,10449_C|A,10714_C|T,12160_G|A,12310_G|A,12880_C|T,14408_C|T,14670_C|T,15714_C|T,16616_C|A,17410_C|T,18163_A|G,19955_C|T,20055_A|G,21618_C|T,21987_G|A,22200_T|G,22578_G|A,22599_G|C,22674_C|T,22679_T|C,22686_C|T,22688_A|G,22775_G|A,22786_A|C,22813_G|T,22882_T|G,22917_T|G,22992_G|A,22995_C|A,23013_A|C,23018_T|G,23055_A|G,23063_A|T,23075_T|C,23403_A|G,23525_C|T,23599_T|G,23604_C|A,23854_C|A,23948_G|T,24424_A|T,24469_T|A,25000_C|T,25584_C|T,26060_C|T,26270_C|T,26529_G|A,26577_C|G,26709_G|A,27800_C|T,27807_C|T,27889_C|T,28271_A|T,28311_C|T,28681_G|T,28881_G|A,28882_G|A,28883_G|C,29510_A|C,11288_11296,21633_21641,21765_21770,28362_28370,29734_29759
USA/NJ-NYGC-V4943-PYIH343/2022	XBE	241_C|T,670_T|G,1627_C|T,2790_C|T,3037_C|T,4184_G|A,4321_C|T,5167_C|T,9344_C|T,9424_A|G,9534_C|T,10029_C|T,10198_C|T,10447_G|A,10449_C|A,10714_C|T,12160_G|A,12310_G|A,12880_C|T,14408_C|T,14670_C|T,15714_C|T,16616_C|A,17410_C|T,18163_A|G,19955_C|T,20055_A|G,21618_C|T,21987_G|A,22200_T|G,22578_G|A,22599_G|C,22674_C|T,22679_T|C,22686_C|T,22688_A|G,22775_G|A,22786_A|C,22813_G|T,22882_T|G,22917_T|G,22992_G|A,22995_C|A,23013_A|C,23018_T|G,23055_A|G,23063_A|T,23075_T|C,23403_A|G,23525_C|T,23599_T|G,23604_C|A,23854_C|A,23948_G|T,24424_A|T,24469_T|A,25000_C|T,25584_C|T,26060_C|T,26270_C|T,26529_G|A,26577_C|G,26709_G|A,27800_C|T,27807_C|T,27889_C|T,28271_A|T,28311_C|T,28681_G|T,28881_G|A,28882_G|A,28883_G|C,29510_A|C,11288_11296,21633_21641,21765_21770,28362_28370,29734_29759
USA/NJ-NYGC-V4952-QPUF114/2022	XBE	44_C|T,241_C|T,670_T|G,1627_C|T,2790_C|T,3037_C|T,4184_G|A,4321_C|T,5167_C|T,9344_C|T,9424_A|G,9534_C|T,10029_C|T,10198_C|T,10447_G|A,10449_C|A,10714_C|T,12160_G|A,12310_G|A,12880_C|T,14408_C|T,14670_C|T,15714_C|T,16616_C|A,17410_C|T,18163_A|G,19955_C|T,20055_A|G,21618_C|T,21987_G|A,22200_T|G,22578_G|A,22599_G|C,22674_C|T,22679_T|C,22686_C|T,22688_A|G,22775_G|A,22786_A|C,22813_G|T,22882_T|G,22917_T|G,22992_G|A,22995_C|A,23013_A|C,23018_T|G,23055_A|G,23063_A|T,23075_T|C,23403_A|G,23525_C|T,23599_T|G,23604_C|A,23854_C|A,23948_G|T,24424_A|T,24469_T|A,25000_C|T,25584_C|T,26060_C|T,26270_C|T,26529_G|A,26577_C|G,26709_G|A,27800_C|T,27807_C|T,27889_C|T,28271_A|T,28311_C|T,28681_G|T,28881_G|A,28882_G|A,28883_G|C,29510_A|C,11288_11296,21633_21641,21765_21770,28362_28370,29734_29759
USA/NY-CDC-LC0857727/2022	XBE	241_C|T,670_T|G,1627_C|T,2790_C|T,3037_C|T,4184_G|A,4321_C|T,9344_C|T,9424_A|G,9534_C|T,10029_C|T,10198_C|T,10447_G|A,10449_C|A,12160_G|A,12310_G|A,12880_C|T,14408_C|T,14670_C|T,15714_C|T,16616_C|A,17410_C|T,18163_A|G,19955_C|T,20055_A|G,21618_C|T,21987_G|A,22200_T|G,22578_G|A,22599_G|C,22674_C|T,22679_T|C,22686_C|T,22688_A|G,22775_G|A,22786_A|C,22813_G|T,22882_T|G,22917_T|G,22992_G|A,22995_C|A,23013_A|C,23018_T|G,23055_A|G,23063_A|T,23075_T|C,23403_A|G,23525_C|T,23599_T|G,23604_C|A,23854_C|A,23948_G|T,24424_A|T,24469_T|A,25000_C|T,25584_C|T,26060_C|T,26270_C|T,26529_G|A,26577_C|G,26709_G|A,27800_C|T,27807_C|T,27889_C|T,28271_A|T,28311_C|T,28681_G|T,28881_G|A,28882_G|A,28883_G|C,29510_A|C,11288_11296,21633_21641,21765_21770,28362_28370,29734_29759
USA/NY-CDC-LC0888901/2022	XBE	241_C|T,670_T|G,1627_C|T,2790_C|T,3037_C|T,4184_G|A,4321_C|T,9344_C|T,9424_A|G,9534_C|T,10029_C|T,10198_C|T,10447_G|A,10449_C|A,12160_G|A,12310_G|A,12880_C|T,14408_C|T,14670_C|T,15714_C|T,16616_C|A,17410_C|T,18163_A|G,19955_C|T,20055_A|G,21618_C|T,21987_G|A,22200_T|G,22578_G|A,22599_G|C,22674_C|T,22679_T|C,22686_C|T,22688_A|G,22775_G|A,22786_A|C,22813_G|T,22882_T|G,22917_T|G,22992_G|A,22995_C|A,23013_A|C,23018_T|G,23055_A|G,23063_A|T,23075_T|C,23403_A|G,23525_C|T,23599_T|G,23604_C|A,23854_C|A,23948_G|T,24424_A|T,24469_T|A,25000_C|T,25584_C|T,26060_C|T,26270_C|T,26529_G|A,26577_C|G,26709_G|A,27800_C|T,27807_C|T,27889_C|T,28271_A|T,28311_C|T,28681_G|T,28881_G|A,28882_G|A,28883_G|C,29510_A|C,11288_11296,21633_21641,21765_21770,28362_28370,29734_29759
USA/NY-CDC-LC0898339/2022	XBE	241_C|T,670_T|G,1627_C|T,2790_C|T,3037_C|T,4184_G|A,4321_C|T,5167_C|T,9344_C|T,9424_A|G,9534_C|T,10029_C|T,10198_C|T,10447_G|A,10449_C|A,10714_C|T,12160_G|A,12310_G|A,12880_C|T,14408_C|T,14670_C|T,15714_C|T,16616_C|A,17410_C|T,18163_A|G,19955_C|T,20055_A|G,21618_C|T,21987_G|A,22200_T|G,22578_G|A,22599_G|C,22674_C|T,22679_T|C,22686_C|T,22688_A|G,22775_G|A,22786_A|C,22813_G|T,22882_T|G,22917_T|G,22992_G|A,22995_C|A,23013_A|C,23018_T|G,23055_A|G,23063_A|T,23075_T|C,23403_A|G,23525_C|T,23599_T|G,23604_C|A,23854_C|A,23948_G|T,24424_A|T,24469_T|A,25000_C|T,25584_C|T,26060_C|T,26270_C|T,26529_G|A,26577_C|G,26709_G|A,27800_C|T,27807_C|T,27889_C|T,28271_A|T,28311_C|T,28681_G|T,28881_G|A,28882_G|A,28883_G|C,29510_A|C,11288_11296,21633_21641,21765_21770,28362_28370,29734_29759
USA/NY-CDC-LC0910921/2022	XBE	44_C|T,670_T|G,1627_C|T,2790_C|T,3037_C|T,4184_G|A,4321_C|T,5167_C|T,9344_C|T,9424_A|G,9534_C|T,10029_C|T,10198_C|T,10447_G|A,10449_C|A,10714_C|T,12160_G|A,12310_G|A,12880_C|T,14408_C|T,14670_C|T,15714_C|T,16616_C|A,17410_C|T,18163_A|G,19955_C|T,20055_A|G,21618_C|T,21987_G|A,22200_T|G,22578_G|A,22599_G|C,22674_C|T,22679_T|C,22686_C|T,22688_A|G,22775_G|A,22786_A|C,22813_G|T,22882_T|G,22917_T|G,22992_G|A,22995_C|A,23013_A|C,23018_T|G,23055_A|G,23063_A|T,23075_T|C,23403_A|G,23525_C|T,23599_T|G,23604_C|A,23854_C|A,23948_G|T,24424_A|T,24469_T|A,25000_C|T,25584_C|T,26060_C|T,26270_C|T,26529_G|A,26577_C|G,26709_G|A,27800_C|T,27807_C|T,27889_C|T,28271_A|T,28311_C|T,28681_G|T,28881_G|A,28882_G|A,28883_G|C,29510_A|C,241_242,510_518,11288_11296,21633_21641,21765_21770,28362_28370,29734_29759
USA/NY-CDC-LC0954737/2022	XBE	44_C|T,241_C|T,670_T|G,1627_C|T,2790_C|T,3037_C|T,4184_G|A,4321_C|T,5167_C|T,9344_C|T,9424_A|G,9534_C|T,10029_C|T,10198_C|T,10447_G|A,10449_C|A,10714_C|T,12160_G|A,12310_G|A,12880_C|T,14183_C|T,14408_C|T,14670_C|T,15714_C|T,16616_C|A,17410_C|T,18163_A|G,19955_C|T,20055_A|G,21618_C|T,21987_G|A,22200_T|G,22578_G|A,22599_G|C,22674_C|T,22679_T|C,22686_C|T,22688_A|G,22775_G|A,22786_A|C,22813_G|T,22882_T|G,22917_T|G,22992_G|A,22995_C|A,23013_A|C,23018_T|G,23055_A|G,23063_A|T,23075_T|C,23403_A|G,23525_C|T,23599_T|G,23604_C|A,23854_C|A,23948_G|T,24424_A|T,24469_T|A,25000_C|T,25584_C|T,26060_C|T,26270_C|T,26529_G|A,26577_C|G,26709_G|A,27800_C|T,27807_C|T,27889_C|T,28271_A|T,28311_C|T,28681_G|T,28881_G|A,28882_G|A,28883_G|C,29510_A|C,686_694,11288_11296,21633_21641,21765_21770,28362_28370,29734_29759
USA/NY-CDC-QDX40660233/2022	XBE	241_C|T,670_T|G,1627_C|T,2790_C|T,3037_C|T,4184_G|A,4321_C|T,9344_C|T,9424_A|G,9534_C|T,10029_C|T,10198_C|T,10447_G|A,10449_C|A,12160_G|A,12310_G|A,12880_C|T,14408_C|T,14670_C|T,15714_C|T,16616_C|A,17410_C|T,18163_A|G,19955_C|T,20055_A|G,21618_C|T,21904_C|T,21987_G|A,22200_T|G,22578_G|A,22599_G|C,22674_C|T,22679_T|C,22686_C|T,22688_A|G,22775_G|A,22786_A|C,22813_G|T,22882_T|G,22917_T|G,22992_G|A,22995_C|A,23013_A|C,23018_T|G,23055_A|G,23063_A|T,23075_T|C,23403_A|G,23525_C|T,23599_T|G,23604_C|A,23854_C|A,23948_G|T,24424_A|T,24469_T|A,25000_C|T,25584_C|T,26060_C|T,26270_C|T,26529_G|A,26577_C|G,26709_G|A,27800_C|T,27807_C|T,27889_C|T,28271_A|T,28311_C|T,28681_G|T,28881_G|A,28882_G|A,28883_G|C,29510_A|C,11288_11296,21633_21641,21765_21770,28362_28370,29734_29759
USA/NY-CDC-QDX41075346/2022	XBE	241_C|T,670_T|G,1627_C|T,2790_C|T,3037_C|T,4184_G|A,4321_C|T,5167_C|T,6128_C|T,9344_C|T,9424_A|G,9534_C|T,10029_C|T,10198_C|T,10447_G|A,10449_C|A,10714_C|T,12160_G|A,12310_G|A,12880_C|T,14408_C|T,14670_C|T,15714_C|T,16616_C|A,17410_C|T,18163_A|G,19955_C|T,20055_A|G,21618_C|T,21987_G|A,22200_T|G,22578_G|A,22599_G|C,22674_C|T,22679_T|C,22686_C|T,22688_A|G,22775_G|A,22786_A|C,22813_G|T,22882_T|G,22917_T|G,22992_G|A,22995_C|A,23013_A|C,23018_T|G,23055_A|G,23063_A|T,23075_T|C,23403_A|G,23525_C|T,23599_T|G,23604_C|A,23854_C|A,23948_G|T,24424_A|T,24469_T|A,25000_C|T,25584_C|T,26060_C|T,26270_C|T,26529_G|A,26577_C|G,26709_G|A,27800_C|T,27807_C|T,27889_C|T,28271_A|T,28311_C|T,28681_G|T,28881_G|A,28882_G|A,28883_G|C,29510_A|C,11288_11296,21633_21641,21765_21770,28362_28370,29734_29759
USA/NY-CDC-QDX41378787/2022	XBE	241_C|T,670_T|G,1627_C|T,2790_C|T,3037_C|T,4184_G|A,4321_C|T,5167_C|T,9344_C|T,9424_A|G,9534_C|T,10029_C|T,10198_C|T,10447_G|A,10449_C|A,12160_G|A,12310_G|A,12880_C|T,14408_C|T,14670_C|T,15714_C|T,16616_C|A,17410_C|T,18163_A|G,19955_C|T,20055_A|G,21618_C|T,21987_G|A,22200_T|G,22578_G|A,22599_G|C,22674_C|T,22679_T|C,22686_C|T,22688_A|G,22775_G|A,22786_A|C,22813_G|T,22882_T|G,22917_T|G,22992_G|A,22995_C|A,23013_A|C,23018_T|G,23055_A|G,23063_A|T,23075_T|C,23403_A|G,23525_C|T,23599_T|G,23604_C|A,23854_C|A,23948_G|T,24424_A|T,24469_T|A,25000_C|T,25584_C|T,26060_C|T,26270_C|T,26529_G|A,26577_C|G,26709_G|A,27800_C|T,27807_C|T,27889_C|T,28271_A|T,28311_C|T,28681_G|T,28881_G|A,28882_G|A,28883_G|C,29510_A|C,11288_11296,21633_21641,21765_21770,28362_28370,29734_29759
USA/NY-CDC-QDX42511804/2022	XBE	241_C|T,670_T|G,1627_C|T,2031_A|G,2790_C|T,3037_C|T,3044_C|T,4184_G|A,4321_C|T,9344_C|T,9424_A|G,9534_C|T,10029_C|T,10198_C|T,10332_C|T,10447_G|A,10449_C|A,12160_G|A,12310_G|A,12880_C|T,14408_C|T,14670_C|T,15714_C|T,16616_C|A,17410_C|T,18163_A|G,19955_C|T,20055_A|G,21618_C|T,21987_G|A,22200_T|G,22578_G|A,22599_G|C,22674_C|T,22679_T|C,22686_C|T,22688_A|G,22775_G|A,22786_A|C,22813_G|T,22882_T|G,22917_T|G,22992_G|A,22995_C|A,23013_A|C,23018_T|G,23055_A|G,23063_A|T,23075_T|C,23403_A|G,23525_C|T,23599_T|G,23604_C|A,23854_C|A,23948_G|T,24424_A|T,24469_T|A,25000_C|T,25584_C|T,26060_C|T,26270_C|T,26529_G|A,26577_C|G,26709_G|A,27800_C|T,27807_C|T,27889_C|T,28271_A|T,28311_C|T,28681_G|T,28881_G|A,28882_G|A,28883_G|C,29510_A|C,11288_11296,21633_21641,21765_21770,28362_28370,29734_29759
USA/NY-CDC-QDX43725352/2022	XBE	670_T|G,1627_C|T,2790_C|T,3037_C|T,4184_G|A,4321_C|T,5167_C|T,9344_C|T,9424_A|G,9534_C|T,10029_C|T,10198_C|T,10447_G|A,10449_C|A,10714_C|T,12160_G|A,12310_G|A,12880_C|T,14408_C|T,14670_C|T,15714_C|T,16616_C|A,17410_C|T,18163_A|G,19955_C|T,20055_A|G,21618_C|T,21987_G|A,22200_T|G,22578_G|A,22599_G|C,22674_C|T,22679_T|C,22686_C|T,22688_A|G,22775_G|A,22786_A|C,22813_G|T,22882_T|G,22917_T|G,22992_G|A,22995_C|A,23013_A|C,23018_T|G,23055_A|G,23063_A|T,23075_T|C,23403_A|G,23525_C|T,23599_T|G,23604_C|A,23854_C|A,23948_G|T,24424_A|T,24469_T|A,25000_C|T,25584_C|T,26060_C|T,26270_C|T,26529_G|A,26577_C|G,26709_G|A,27800_C|T,27807_C|T,27889_C|T,28271_A|T,28311_C|T,28681_G|T,28881_G|A,28882_G|A,28883_G|C,29510_A|C,241_242,510_518,11288_11296,21633_21641,21765_21770,28362_28370,29734_29759
USA/NY-CDC-QDX43915620/2022	XBE	241_C|T,670_T|G,1627_C|T,2790_C|T,3037_C|T,4184_G|A,4321_C|T,5167_C|T,8023_T|C,9344_C|T,9424_A|G,9534_C|T,10029_C|T,10198_C|T,10447_G|A,10449_C|A,10714_C|T,12160_G|A,12310_G|A,12880_C|T,14408_C|T,14670_C|T,15714_C|T,16616_C|A,17410_C|T,18163_A|G,19955_C|T,20055_A|G,21618_C|T,21987_G|A,22200_T|G,22578_G|A,22599_G|C,22674_C|T,22679_T|C,22686_C|T,22688_A|G,22775_G|A,22786_A|C,22813_G|T,22882_T|G,22917_T|G,22992_G|A,22995_C|A,23013_A|C,23018_T|G,23055_A|G,23063_A|T,23075_T|C,23403_A|G,23525_C|T,23599_T|G,23604_C|A,23854_C|A,23948_G|T,24424_A|T,24469_T|A,25000_C|T,25584_C|T,26060_C|T,26270_C|T,26529_G|A,26577_C|G,26709_G|A,27800_C|T,27807_C|T,27889_C|T,28271_A|T,28311_C|T,28681_G|T,28881_G|A,28882_G|A,28883_G|C,29510_A|C,11288_11296,21633_21641,21765_21770,28362_28370,29734_29759
USA/NY-PV73764/2022	XBE	241_C|T,670_T|G,1627_C|T,2790_C|T,3037_C|T,4184_G|A,4321_C|T,5167_C|T,9344_C|T,9424_A|G,9534_C|T,10029_C|T,10198_C|T,10447_G|A,10449_C|A,10714_C|T,12160_G|A,12310_G|A,12880_C|T,14408_C|T,14670_C|T,15714_C|T,16616_C|A,17410_C|T,18163_A|G,19955_C|T,20055_A|G,21618_C|T,21987_G|A,22200_T|G,22578_G|A,22599_G|C,22674_C|T,22679_T|C,22686_C|T,22688_A|G,22775_G|A,22786_A|C,22813_G|T,22882_T|G,22917_T|G,22992_G|A,22995_C|A,23013_A|C,23018_T|G,23055_A|G,23063_A|T,23075_T|C,23403_A|G,23525_C|T,23599_T|G,23604_C|A,23854_C|A,23948_G|T,24424_A|T,24469_T|A,25000_C|T,25584_C|T,26060_C|T,26270_C|T,26529_G|A,26577_C|G,26709_G|A,27800_C|T,27807_C|T,27889_C|T,28271_A|T,28311_C|T,28681_G|T,28881_G|A,28882_G|A,28883_G|C,29510_A|C,11288_11296,21633_21641,21765_21770,28362_28370
USA/NY-PV74617/2022	XBE	241_C|T,670_T|G,701_G|T,1627_C|T,2790_C|T,3037_C|T,4184_G|A,4321_C|T,5167_C|T,9344_C|T,9424_A|G,9534_C|T,10029_C|T,10198_C|T,10447_G|A,10449_C|A,10714_C|T,12160_G|A,12310_G|A,12880_C|T,14408_C|T,14670_C|T,15714_C|T,16616_C|A,17410_C|T,18163_A|G,19955_C|T,20055_A|G,21618_C|T,21987_G|A,22200_T|G,22578_G|A,22599_G|C,22674_C|T,22679_T|C,22686_C|T,22688_A|G,22775_G|A,22786_A|C,22813_G|T,22882_T|G,22917_T|G,22992_G|A,22995_C|A,23013_A|C,23018_T|G,23055_A|G,23063_A|T,23075_T|C,23403_A|G,23525_C|T,23599_T|G,23604_C|A,23854_C|A,23948_G|T,24424_A|T,24469_T|A,25000_C|T,25584_C|T,26060_C|T,26270_C|T,26529_G|A,26577_C|G,26709_G|A,27800_C|T,27807_C|T,27889_C|T,28271_A|T,28311_C|T,28681_G|T,28881_G|A,28882_G|A,28883_G|C,29510_A|C,11288_11296,21633_21641,21765_21770,28362_28370
USA/OH-CDC-QDX43293624/2022	XBE	241_C|T,670_T|G,1627_C|T,2790_C|T,3037_C|T,4184_G|A,4321_C|T,9344_C|T,9424_A|G,9534_C|T,10029_C|T,10198_C|T,10447_G|A,10449_C|A,12160_G|A,12310_G|A,12880_C|T,14408_C|T,15672_G|T,15714_C|T,16616_C|A,17410_C|T,18163_A|G,19283_A|G,19955_C|T,20055_A|G,21618_C|T,21987_G|A,22200_T|G,22578_G|A,22599_G|C,22674_C|T,22679_T|C,22686_C|T,22688_A|G,22775_G|A,22786_A|C,22813_G|T,22882_T|G,22917_T|G,22992_G|A,22995_C|A,23013_A|C,23018_T|G,23055_A|G,23063_A|T,23075_T|C,23403_A|G,23525_C|T,23599_T|G,23604_C|A,23854_C|A,23948_G|T,24424_A|T,24469_T|A,25000_C|T,25413_C|T,25584_C|T,26060_C|T,26270_C|T,26529_G|A,26577_C|G,26709_G|A,27800_C|T,27807_C|T,27889_C|T,28271_A|T,28311_C|T,28681_G|T,28881_G|A,28882_G|A,28883_G|C,29510_A|C,11288_11296,21633_21641,21765_21770,28362_28370,29734_29759
USA/PA-CDC-QDX43070703/2022	XBE	241_C|T,670_T|G,1627_C|T,2790_C|T,3037_C|T,4184_G|A,4321_C|T,5167_C|T,6990_C|T,9344_C|T,9424_A|G,9534_C|T,10029_C|T,10198_C|T,10447_G|A,10449_C|A,10714_C|T,12160_G|A,12310_G|A,12880_C|T,14408_C|T,14670_C|T,15714_C|T,16616_C|A,17410_C|T,18163_A|G,19955_C|T,20055_A|G,21618_C|T,21987_G|A,22200_T|G,22578_G|A,22599_G|C,22674_C|T,22679_T|C,22686_C|T,22688_A|G,22775_G|A,22786_A|C,22813_G|T,22882_T|G,22917_T|G,22992_G|A,22995_C|A,23013_A|C,23018_T|G,23055_A|G,23063_A|T,23075_T|C,23403_A|G,23525_C|T,23599_T|G,23604_C|A,23650_T|C,23683_C|T,23854_C|A,23948_G|T,24424_A|T,24469_T|A,25000_C|T,25584_C|T,26060_C|T,26270_C|T,26529_G|A,26577_C|G,26709_G|A,27800_C|T,27807_C|T,27889_C|T,28271_A|T,28311_C|T,28681_G|T,28881_G|A,28882_G|A,28883_G|C,29510_A|C,11288_11296,21633_21641,21765_21770,26483_26485,28362_28370,29734_29759
USA/PA-CDC-STM-ESME88XTY/2022	XBE	44_C|T,241_C|T,670_T|G,1627_C|T,2790_C|T,3037_C|T,4184_G|A,4321_C|T,9344_C|T,9424_A|G,9534_C|T,10029_C|T,10198_C|T,10447_G|A,10449_C|A,12160_G|A,12310_G|A,12880_C|T,14408_C|T,14670_C|T,15714_C|T,16616_C|A,17410_C|T,18163_A|G,19955_C|T,20055_A|G,21618_C|T,21987_G|A,22200_T|G,22578_G|A,22599_G|C,22674_C|T,22679_T|C,22686_C|T,22688_A|G,22775_G|A,22786_A|C,22813_G|T,22882_T|G,22917_T|G,22992_G|A,22995_C|A,23013_A|C,23018_T|G,23055_A|G,23063_A|T,23075_T|C,23403_A|G,23525_C|T,23599_T|G,23604_C|A,23854_C|A,23948_G|T,24424_A|T,24469_T|A,25000_C|T,25584_C|T,26060_C|T,26270_C|T,26529_G|A,26577_C|G,26709_G|A,27800_C|T,27807_C|T,27889_C|T,28271_A|T,28311_C|T,28681_G|T,28881_G|A,28882_G|A,28883_G|C,29510_A|C,29868_G|A,11288_11296,21633_21641,21765_21770,28362_28370,29734_29759
USA/PA-CDC-STM-EW9QQVT58/2022	XBE	44_C|T,241_C|T,344_C|T,670_T|G,1627_C|T,2790_C|T,3037_C|T,4184_G|A,4321_C|T,4448_A|G,5167_C|T,9344_C|T,9424_A|G,9534_C|T,10029_C|T,10198_C|T,10447_G|A,10449_C|A,10714_C|T,12160_G|A,12310_G|A,12880_C|T,14408_C|T,14670_C|T,15714_C|T,16616_C|A,17410_C|T,18163_A|G,19955_C|T,20055_A|G,21618_C|T,21987_G|A,22200_T|G,22578_G|A,22599_G|C,22674_C|T,22679_T|C,22686_C|T,22688_A|G,22775_G|A,22786_A|C,22813_G|T,22882_T|G,22917_T|G,22992_G|A,22995_C|A,23013_A|C,23018_T|G,23055_A|G,23063_A|T,23075_T|C,23403_A|G,23525_C|T,23599_T|G,23604_C|A,23854_C|A,23948_G|T,24424_A|T,24469_T|A,25000_C|T,25584_C|T,26060_C|T,26270_C|T,26529_G|A,26577_C|G,26709_G|A,27800_C|T,27807_C|T,27889_C|T,28271_A|T,28311_C|T,28681_G|T,28881_G|A,28882_G|A,28883_G|C,29510_A|C,11288_11296,21633_21641,21765_21770,28362_28370,29734_29759
USA/PA-CDC-STM-SWDMANT26/2022	XBE	44_C|T,241_C|T,670_T|G,1627_C|T,2790_C|T,3037_C|T,4184_G|A,4321_C|T,5167_C|T,6990_C|T,9344_C|T,9424_A|G,9534_C|T,10029_C|T,10198_C|T,10447_G|A,10449_C|A,10714_C|T,12160_G|A,12310_G|A,12880_C|T,14408_C|T,14670_C|T,15714_C|T,16616_C|A,17410_C|T,18163_A|G,19955_C|T,20055_A|G,21618_C|T,21987_G|A,22200_T|G,22578_G|A,22599_G|C,22674_C|T,22679_T|C,22686_C|T,22688_A|G,22775_G|A,22786_A|C,22813_G|T,22882_T|G,22917_T|G,22992_G|A,22995_C|A,23013_A|C,23018_T|G,23055_A|G,23063_A|T,23075_T|C,23403_A|G,23525_C|T,23599_T|G,23604_C|A,23650_T|C,23683_C|T,23854_C|A,23948_G|T,24424_A|T,24469_T|A,25000_C|T,25584_C|T,26060_C|T,26270_C|T,26529_G|A,26577_C|G,26709_G|A,27800_C|T,27807_C|T,27889_C|T,28271_A|T,28311_C|T,28681_G|T,28881_G|A,28882_G|A,28883_G|C,29510_A|C,29868_G|A,11288_11296,21633_21641,21765_21770,26483_26485,28362_28370,29734_29759
USA/PA-DHSS-B1227132/2022	XBE	241_C|T,670_T|G,1627_C|T,2790_C|T,3037_C|T,4184_G|A,4321_C|T,9344_C|T,9424_A|G,9534_C|T,10029_C|T,10198_C|T,10447_G|A,10449_C|A,12160_G|A,12310_G|A,12880_C|T,14408_C|T,14670_C|T,15714_C|T,16616_C|A,17410_C|T,18163_A|G,19955_C|T,20055_A|G,21618_C|T,21987_G|A,22200_T|G,22578_G|A,22599_G|C,22674_C|T,22679_T|C,22686_C|T,22688_A|G,22775_G|A,22786_A|C,22813_G|T,22882_T|G,22917_T|G,22992_G|A,22995_C|A,23013_A|C,23018_T|G,23055_A|G,23063_A|T,23075_T|C,23403_A|G,23525_C|T,23599_T|G,23604_C|A,23854_C|A,23948_G|T,24424_A|T,24469_T|A,25000_C|T,25584_C|T,26060_C|T,26069_A|G,26270_C|T,26529_G|A,26577_C|G,26709_G|A,27800_C|T,27807_C|T,27889_C|T,28271_A|T,28311_C|T,28681_G|T,28881_G|A,28882_G|A,28883_G|C,29510_A|C,509_523,11288_11296,21633_21641,21765_21770,28362_28370,29734_29759
USA/RI-CDC-LC0858296/2022	XBE	44_C|T,241_C|T,670_T|G,1627_C|T,2790_C|T,3037_C|T,4184_G|A,4321_C|T,9344_C|T,9424_A|G,9534_C|T,10029_C|T,10198_C|T,10447_G|A,10449_C|A,12160_G|A,12310_G|A,12880_C|T,14408_C|T,14670_C|T,15714_C|T,16616_C|A,17410_C|T,18163_A|G,19955_C|T,20055_A|G,21618_C|T,21987_G|A,22200_T|G,22578_G|A,22599_G|C,22674_C|T,22679_T|C,22686_C|T,22688_A|G,22775_G|A,22786_A|C,22813_G|T,22882_T|G,22917_T|G,22992_G|A,22995_C|A,23013_A|C,23018_T|G,23055_A|G,23063_A|T,23075_T|C,23403_A|G,23525_C|T,23599_T|G,23604_C|A,23854_C|A,23948_G|T,24424_A|T,24469_T|A,25000_C|T,25584_C|T,26060_C|T,26270_C|T,26529_G|A,26577_C|G,26709_G|A,27800_C|T,27807_C|T,27889_C|T,28271_A|T,28311_C|T,28681_G|T,28881_G|A,28882_G|A,28883_G|C,29510_A|C,11288_11296,21633_21641,21765_21770,28362_28370,29734_29759
USA/RI-CDC-STM-Y3ZWE4G7U/2022	XBE	241_C|T,670_T|G,1627_C|T,2790_C|T,3037_C|T,4184_G|A,4321_C|T,9344_C|T,9424_A|G,9534_C|T,10029_C|T,10198_C|T,10447_G|A,10449_C|A,12160_G|A,12310_G|A,12880_C|T,14408_C|T,14670_C|T,15714_C|T,16616_C|A,17410_C|T,18163_A|G,19955_C|T,20055_A|G,21618_C|T,21987_G|A,22200_T|G,22578_G|A,22599_G|C,22674_C|T,22679_T|C,22686_C|T,22688_A|G,22775_G|A,22786_A|C,22813_G|T,22882_T|G,22917_T|G,22992_G|A,22995_C|A,23013_A|C,23018_T|G,23055_A|G,23063_A|T,23075_T|C,23403_A|G,23525_C|T,23599_T|G,23604_C|A,23854_C|A,23948_G|T,24424_A|T,24469_T|A,25000_C|T,25584_C|T,26060_C|T,26270_C|T,26529_G|A,26577_C|G,26709_G|A,27800_C|T,27807_C|T,27889_C|T,28271_A|T,28311_C|T,28681_G|T,28881_G|A,28882_G|A,28883_G|C,29510_A|C,29868_G|A,11288_11296,21633_21641,21765_21770,28362_28370,29734_29759
USA/SC-CDC-LC0953997/2022	XBE	44_C|T,241_C|T,670_T|G,1618_T|C,1627_C|T,2790_C|T,3037_C|T,4184_G|A,4321_C|T,4423_C|T,9344_C|T,9424_A|G,9534_C|T,10029_C|T,10198_C|T,10447_G|A,10449_C|A,10702_C|T,11095_C|T,11144_A|G,12160_G|A,12310_G|A,12880_C|T,14408_C|T,14670_C|T,15714_C|T,16616_C|A,17410_C|T,18163_A|G,18744_C|T,19955_C|T,20055_A|G,21618_C|T,21987_G|A,22200_T|G,22578_G|A,22599_G|C,22674_C|T,22679_T|C,22686_C|T,22688_A|G,22775_G|A,22786_A|C,22813_G|T,22882_T|G,22917_T|G,22992_G|A,22995_C|A,23013_A|C,23018_T|G,23055_A|G,23063_A|T,23075_T|C,23403_A|G,23525_C|T,23599_T|G,23604_C|A,23854_C|A,23948_G|T,23989_A|G,24424_A|T,24469_T|A,25000_C|T,25584_C|T,26060_C|T,26270_C|T,26529_G|A,26577_C|G,26709_G|A,27220_T|A,27800_C|T,27807_C|T,27889_C|T,28271_A|T,28311_C|T,28681_G|T,28881_G|A,28882_G|A,28883_G|C,29510_A|C,11288_11296,21633_21641,21765_21770,28362_28370,29734_29759
USA/SC-CDC-QDX43164591/2022	XBE	241_C|T,670_T|G,1627_C|T,2790_C|T,3037_C|T,4184_G|A,4321_C|T,9344_C|T,9424_A|G,9534_C|T,10029_C|T,10198_C|T,10447_G|A,10449_C|A,12160_G|A,12310_G|A,12880_C|T,14265_C|T,14408_C|T,15240_C|T,15714_C|T,16616_C|A,17410_C|T,18163_A|G,19283_A|G,19955_C|T,20055_A|G,21575_C|T,21618_C|T,21987_G|A,22200_T|G,22578_G|A,22599_G|C,22674_C|T,22679_T|C,22686_C|T,22688_A|G,22775_G|A,22786_A|C,22813_G|T,22882_T|G,22917_T|G,22992_G|A,22995_C|A,23013_A|C,23018_T|G,23055_A|G,23063_A|T,23075_T|C,23403_A|G,23525_C|T,23599_T|G,23604_C|A,23854_C|A,23948_G|T,24424_A|T,24469_T|A,25000_C|T,25584_C|T,25936_C|T,26060_C|T,26270_C|T,26529_G|A,26577_C|G,26709_G|A,27800_C|T,27807_C|T,27889_C|T,28271_A|T,28311_C|T,28681_G|T,28881_G|A,28882_G|A,28883_G|C,29510_A|C,11288_11296,21633_21641,21765_21770,28362_28370,29734_29759
USA/SEARCH-212945/2022	XBE	44_C|T,670_T|G,1627_C|T,2790_C|T,3037_C|T,4184_G|A,4321_C|T,5167_C|T,9344_C|T,9424_A|G,9534_C|T,10029_C|T,10198_C|T,10447_G|A,10449_C|A,10714_C|T,12160_G|A,12310_G|A,12880_C|T,14408_C|T,14670_C|T,15714_C|T,16616_C|A,17410_C|T,18163_A|G,19955_C|T,20055_A|G,21618_C|T,21987_G|A,22200_T|G,22578_G|A,22599_G|C,22674_C|T,22679_T|C,22686_C|T,22688_A|G,22775_G|A,22786_A|C,22813_G|T,22882_T|G,22917_T|G,22992_G|A,22995_C|A,23013_A|C,23018_T|G,23055_A|G,23063_A|T,23075_T|C,23403_A|G,23525_C|T,23599_T|G,23604_C|A,23854_C|A,23948_G|T,24424_A|T,24469_T|A,25000_C|T,25584_C|T,26060_C|T,26270_C|T,26529_G|A,26577_C|G,26709_G|A,27800_C|T,27807_C|T,27889_C|T,28271_A|T,28311_C|T,28681_G|T,28881_G|A,28882_G|A,28883_G|C,29510_A|C,241_242,510_518,11288_11296,21633_21641,21765_21770,28362_28370,14_.|C
USA/SEARCH-212972/2022	XBE	44_C|T,670_T|G,1627_C|T,2790_C|T,3037_C|T,4184_G|A,4321_C|T,5167_C|T,9344_C|T,9424_A|G,9534_C|T,10029_C|T,10198_C|T,10447_G|A,10449_C|A,10714_C|T,12160_G|A,12310_G|A,12880_C|T,14408_C|T,14670_C|T,15714_C|T,16616_C|A,17410_C|T,18163_A|G,19955_C|T,20055_A|G,21618_C|T,21987_G|A,22200_T|G,22578_G|A,22599_G|C,22674_C|T,22679_T|C,22686_C|T,22688_A|G,22775_G|A,22882_T|G,22917_T|G,22992_G|A,22995_C|A,23013_A|C,23018_T|G,23055_A|G,23063_A|T,23075_T|C,23403_A|G,23525_C|T,23599_T|G,23604_C|A,23854_C|A,23948_G|T,24424_A|T,24469_T|A,25000_C|T,25584_C|T,26060_C|T,26270_C|T,26529_G|A,26577_C|G,26709_G|A,27800_C|T,27807_C|T,27889_C|T,28271_A|T,28311_C|T,28681_G|T,28881_G|A,28882_G|A,28883_G|C,29510_A|C,241_242,510_518,11288_11296,21633_21641,21765_21770,28362_28370,14_.|C
USA/SEARCH-218446/2022	XBE	44_C|T,241_C|T,670_T|G,1627_C|T,2790_C|T,3037_C|T,4184_G|A,4321_C|T,9344_C|T,9424_A|G,9534_C|T,10029_C|T,10198_C|T,10447_G|A,10449_C|A,11962_C|T,12160_G|A,12310_G|A,12880_C|T,14408_C|T,14670_C|T,15714_C|T,16616_C|A,17410_C|T,18163_A|G,18822_T|C,19955_C|T,20055_A|G,21618_C|T,21987_G|A,22200_T|G,22578_G|A,22599_G|C,22674_C|T,22679_T|C,22686_C|T,22688_A|G,22775_G|A,22813_G|T,22882_T|G,22917_T|G,22992_G|A,22995_C|A,23013_A|C,23018_T|G,23055_A|G,23063_A|T,23075_T|C,23403_A|G,23525_C|T,23599_T|G,23604_C|A,23854_C|A,23948_G|T,24424_A|T,24469_T|A,25000_C|T,25584_C|T,26060_C|T,26270_C|T,26529_G|A,26577_C|G,26709_G|A,27800_C|T,27807_C|T,27889_C|T,28271_A|T,28311_C|T,28681_G|T,28881_G|A,28882_G|A,28883_G|C,29510_A|C,11288_11296,21633_21641,21765_21770,28362_28370,29734_29759,14_.|C
USA/TX-CDC-QDX41592044/2022	XBE	241_C|T,670_T|G,1627_C|T,2790_C|T,3037_C|T,4184_G|A,4321_C|T,9344_C|T,9424_A|G,9534_C|T,10029_C|T,10198_C|T,10447_G|A,10449_C|A,12160_G|A,12310_G|A,12880_C|T,14408_C|T,14670_C|T,15714_C|T,16616_C|A,17410_C|T,18163_A|G,19955_C|T,20055_A|G,21618_C|T,21987_G|A,22200_T|G,22578_G|A,22599_G|C,22674_C|T,22679_T|C,22686_C|T,22688_A|G,22775_G|A,22786_A|C,22813_G|T,22882_T|G,22917_T|G,22992_G|A,22995_C|A,23013_A|C,23018_T|G,23055_A|G,23063_A|T,23075_T|C,23403_A|G,23525_C|T,23599_T|G,23604_C|A,23854_C|A,23948_G|T,24424_A|T,24469_T|A,25000_C|T,25584_C|T,26060_C|T,26270_C|T,26529_G|A,26577_C|G,26709_G|A,27800_C|T,27807_C|T,27889_C|T,28271_A|T,28311_C|T,28681_G|T,28881_G|A,28882_G|A,28883_G|C,29510_A|C,11288_11296,21633_21641,21765_21770,28362_28370,29734_29759
USA/TX-CDC-QDX42556056/2022	XBE	241_C|T,670_T|G,1627_C|T,2790_C|T,3037_C|T,4184_G|A,4321_C|T,9344_C|T,9424_A|G,9534_C|T,10029_C|T,10198_C|T,10447_G|A,10449_C|A,12160_G|A,12310_G|A,12880_C|T,14408_C|T,15017_C|T,15714_C|T,16616_C|A,17410_C|T,18163_A|G,19283_A|G,19955_C|T,20055_A|G,21618_C|T,21987_G|A,22200_T|G,22578_G|A,22599_G|C,22674_C|T,22679_T|C,22686_C|T,22688_A|G,22775_G|A,22786_A|C,22813_G|T,22882_T|G,22917_T|G,22992_G|A,22995_C|A,23013_A|C,23018_T|G,23055_A|G,23063_A|T,23075_T|C,23403_A|G,23525_C|T,23599_T|G,23604_C|A,23854_C|A,23948_G|T,24424_A|T,24469_T|A,25000_C|T,25584_C|T,26060_C|T,26270_C|T,26529_G|A,26577_C|G,26709_G|A,27800_C|T,27807_C|T,27889_C|T,27998_C|T,28271_A|T,28311_C|T,28681_G|T,28881_G|A,28882_G|A,28883_G|C,29510_A|C,11288_11296,21633_21641,21765_21770,28362_28370,29734_29759
USA/VA-CDC-LC0928838/2022	XBE	670_T|G,1627_C|T,2790_C|T,3037_C|T,4184_G|A,4321_C|T,5167_C|T,9344_C|T,9424_A|G,9534_C|T,10029_C|T,10198_C|T,10447_G|A,10449_C|A,10714_C|T,12160_G|A,12310_G|A,12880_C|T,14408_C|T,14670_C|T,15714_C|T,16616_C|A,17410_C|T,18163_A|G,19955_C|T,20055_A|G,21618_C|T,21987_G|A,22200_T|G,22578_G|A,22599_G|C,22674_C|T,22679_T|C,22686_C|T,22688_A|G,22775_G|A,22786_A|C,22813_G|T,22882_T|G,22917_T|G,22992_G|A,22995_C|A,23013_A|C,23018_T|G,23055_A|G,23063_A|T,23075_T|C,23403_A|G,23525_C|T,23599_T|G,23604_C|A,23854_C|A,23948_G|T,24424_A|T,24469_T|A,25000_C|T,25584_C|T,26060_C|T,26270_C|T,26529_G|A,26577_C|G,26709_G|A,27800_C|T,27807_C|T,27889_C|T,28271_A|T,28311_C|T,28681_G|T,28881_G|A,28882_G|A,28883_G|C,29510_A|C,241_242,510_518,11288_11296,21633_21641,21765_21770,28362_28370,29734_29759
USA/VA-CDC-QDX40456590/2022	XBE	241_C|T,670_T|G,1627_C|T,2790_C|T,3037_C|T,4184_G|A,4321_C|T,9344_C|T,9424_A|G,9534_C|T,10029_C|T,10198_C|T,10447_G|A,10449_C|A,12160_G|A,12310_G|A,12880_C|T,14408_C|T,14670_C|T,15714_C|T,16616_C|A,17410_C|T,18163_A|G,19955_C|T,20055_A|G,21618_C|T,21987_G|A,22200_T|G,22578_G|A,22599_G|C,22674_C|T,22679_T|C,22686_C|T,22688_A|G,22775_G|A,22786_A|C,22813_G|T,22882_T|G,22917_T|G,22992_G|A,22995_C|A,23013_A|C,23018_T|G,23055_A|G,23063_A|T,23075_T|C,23403_A|G,23525_C|T,23599_T|G,23604_C|A,23854_C|A,23948_G|T,24424_A|T,24469_T|A,25000_C|T,25584_C|T,26060_C|T,26270_C|T,26529_G|A,26577_C|G,26709_G|A,27800_C|T,27807_C|T,27889_C|T,28271_A|T,28311_C|T,28681_G|T,28881_G|A,28882_G|A,28883_G|C,29510_A|C,11288_11296,21633_21641,21765_21770,28362_28370,29734_29759
USA/WI-CDC-LC0865112/2022	XBE	241_C|T,670_T|G,1627_C|T,2790_C|T,3037_C|T,4184_G|A,4321_C|T,9344_C|T,9424_A|G,9534_C|T,10029_C|T,10198_C|T,10447_G|A,10449_C|A,12160_G|A,12310_G|A,12391_T|C,12880_C|T,14408_C|T,14670_C|T,15714_C|T,16616_C|A,17410_C|T,18163_A|G,19955_C|T,20055_A|G,21618_C|T,21987_G|A,22200_T|G,22578_G|A,22599_G|C,22674_C|T,22679_T|C,22686_C|T,22688_A|G,22775_G|A,22786_A|C,22813_G|T,22882_T|G,22917_T|G,22992_G|A,22995_C|A,23013_A|C,23018_T|G,23055_A|G,23063_A|T,23075_T|C,23403_A|G,23525_C|T,23599_T|G,23604_C|A,23854_C|A,23948_G|T,24424_A|T,24469_T|A,25000_C|T,25584_C|T,25678_C|T,26060_C|T,26270_C|T,26529_G|A,26577_C|G,26709_G|A,27800_C|T,27807_C|T,27889_C|T,28138_C|T,28271_A|T,28311_C|T,28681_G|T,28881_G|A,28882_G|A,28883_G|C,29510_A|C,11288_11296,21633_21641,21765_21770,28362_28370,29734_29759
USA/WI-UW-14395/2022	XBE	241_C|T,670_T|G,1627_C|T,2790_C|T,3037_C|T,4184_G|A,4321_C|T,5167_C|T,6990_C|T,9344_C|T,9424_A|G,9534_C|T,10029_C|T,10198_C|T,10447_G|A,10449_C|A,10714_C|T,12160_G|A,12310_G|A,12880_C|T,14408_C|T,14670_C|T,15714_C|T,16616_C|A,17410_C|T,18163_A|G,19955_C|T,20055_A|G,21618_C|T,21987_G|A,22200_T|G,22578_G|A,22599_G|C,22674_C|T,22679_T|C,22686_C|T,22688_A|G,22775_G|A,22786_A|C,22813_G|T,22882_T|G,22917_T|G,22992_G|A,22995_C|A,23013_A|C,23018_T|G,23055_A|G,23063_A|T,23075_T|C,23403_A|G,23525_C|T,23599_T|G,23604_C|A,23650_T|C,23683_C|T,23854_C|A,23948_G|T,24424_A|T,24469_T|A,25000_C|T,25584_C|T,26060_C|T,26270_C|T,26529_G|A,26577_C|G,26709_G|A,27800_C|T,27807_C|T,27889_C|T,28271_A|T,28311_C|T,28681_G|T,28881_G|A,28882_G|A,28883_G|C,29510_A|C,11288_11296,21633_21641,21765_21770,26483_26485,28362_28370
Wales/LSPA-325D9C2C/2022	XBE	241_C|T,670_T|G,1627_C|T,2790_C|T,3037_C|T,4184_G|A,4321_C|T,9344_C|T,9424_A|G,9534_C|T,10029_C|T,10198_C|T,10447_G|A,10449_C|A,12160_G|A,12310_G|A,12880_C|T,14397_A|G,14408_C|T,15714_C|T,16616_C|A,17410_C|T,18163_A|G,19283_A|G,19955_C|T,20055_A|G,21618_C|T,21987_G|A,22200_T|G,22578_G|A,22599_G|C,22674_C|T,22679_T|C,22686_C|T,22688_A|G,22775_G|A,22786_A|C,22813_G|T,22882_T|G,22917_T|G,22992_G|A,22995_C|A,23013_A|C,23018_T|G,23055_A|G,23063_A|T,23075_T|C,23403_A|G,23525_C|T,23599_T|G,23604_C|A,23854_C|A,23948_G|T,24424_A|T,24469_T|A,25000_C|T,25584_C|T,26060_C|T,26270_C|T,26529_G|A,26577_C|G,26709_G|A,27800_C|T,27807_C|T,27889_C|T,28271_A|T,28311_C|T,28642_T|C,28681_G|T,28881_G|A,28882_G|A,28883_G|C,29510_A|C,11288_11296,21633_21641,21765_21770,28362_28370,29734_29759
