genomeID	true_lineage	nuc_changes
Denmark/DCGC-395944/2022	XM	241_C|T,2470_C|T,2832_A|G,3037_C|T,5386_T|G,8393_G|A,10029_C|T,10449_C|A,11537_A|G,13195_T|C,14408_C|T,15240_C|T,18163_A|G,19955_C|T,20055_A|G,21618_C|T,21987_G|A,22200_T|G,22578_G|A,22674_C|T,22679_T|C,22686_C|T,22688_A|G,22775_G|A,22786_A|C,22813_G|T,22882_T|G,22992_G|A,22995_C|A,23013_A|C,23040_A|G,23055_A|G,23063_A|T,23075_T|C,23403_A|G,23525_C|T,23599_T|G,23604_C|A,23854_C|A,23948_G|T,24424_A|T,24469_T|A,25000_C|T,25584_C|T,26060_C|T,26270_C|T,26577_C|G,26709_G|A,26858_C|T,27259_A|C,27382_G|C,27383_A|T,27384_T|C,27807_C|T,28271_A|T,28311_C|T,28881_G|A,28882_G|A,28883_G|C,29510_A|C,6513_6515,11285_11293,21633_21641,28362_28370
Denmark/DCGC-414145/2022	XM	241_C|T,2470_C|T,2832_A|G,3037_C|T,5386_T|G,8393_G|A,10029_C|T,10449_C|A,11537_A|G,13195_T|C,14408_C|T,15240_C|T,16257_T|C,18163_A|G,19955_C|T,20055_A|G,21618_C|T,21987_G|A,22200_T|G,22578_G|A,22674_C|T,22679_T|C,22686_C|T,22688_A|G,22775_G|A,22786_A|C,22813_G|T,22882_T|G,22992_G|A,22995_C|A,23013_A|C,23040_A|G,23055_A|G,23063_A|T,23075_T|C,23403_A|G,23525_C|T,23599_T|G,23604_C|A,23854_C|A,23948_G|T,24424_A|T,24469_T|A,25584_C|T,26060_C|T,26270_C|T,26709_G|A,26858_C|T,27259_A|C,27382_G|C,27383_A|T,27384_T|C,27807_C|T,28271_A|T,28311_C|T,28881_G|A,28882_G|A,28883_G|C,29510_A|C,6513_6515,11285_11293,21633_21641,28362_28370
Denmark/DCGC-416401/2022	XM	241_C|T,2470_C|T,2832_A|G,3037_C|T,5386_T|G,8393_G|A,10029_C|T,10449_C|A,11537_A|G,13195_T|C,14408_C|T,15240_C|T,16257_T|C,18163_A|G,19955_C|T,20055_A|G,21618_C|T,21987_G|A,22200_T|G,22578_G|A,22674_C|T,22679_T|C,22686_C|T,22688_A|G,22775_G|A,22786_A|C,22813_G|T,22882_T|G,22992_G|A,22995_C|A,23013_A|C,23040_A|G,23055_A|G,23063_A|T,23075_T|C,23403_A|G,23525_C|T,23599_T|G,23604_C|A,23854_C|A,23948_G|T,24424_A|T,24469_T|A,25000_C|T,25584_C|T,26060_C|T,26270_C|T,26577_C|G,26709_G|A,26858_C|T,27259_A|C,27382_G|C,27383_A|T,27384_T|C,27807_C|T,28271_A|T,28311_C|T,28881_G|A,28882_G|A,28883_G|C,29510_A|C,6513_6515,11285_11293,21633_21641,28362_28370
Denmark/DCGC-424640/2022	XM	241_C|T,2470_C|T,2832_A|G,3037_C|T,5386_T|G,8393_G|A,10029_C|T,10449_C|A,11537_A|G,13195_T|C,14408_C|T,15240_C|T,18163_A|G,19955_C|T,20055_A|G,21618_C|T,21987_G|A,22200_T|G,22578_G|A,22674_C|T,22679_T|C,22686_C|T,22688_A|G,22775_G|A,22786_A|C,22813_G|T,22882_T|G,22992_G|A,22995_C|A,23013_A|C,23040_A|G,23055_A|G,23063_A|T,23075_T|C,23403_A|G,23525_C|T,23599_T|G,23604_C|A,23854_C|A,23948_G|T,24424_A|T,24469_T|A,25000_C|T,25584_C|T,26060_C|T,26270_C|T,26577_C|G,26709_G|A,26858_C|T,27259_A|C,27382_G|C,27383_A|T,27384_T|C,27807_C|T,28271_A|T,28311_C|T,28881_G|A,28882_G|A,28883_G|C,29510_A|C,6513_6515,11285_11293,21633_21641,28362_28370
Denmark/DCGC-429883/2022	XM	241_C|T,2470_C|T,2832_A|G,3037_C|T,5386_T|G,8393_G|A,10029_C|T,10449_C|A,11537_A|G,13195_T|C,14408_C|T,15240_C|T,16257_T|C,18163_A|G,19955_C|T,20055_A|G,21618_C|T,21987_G|A,22200_T|G,22578_G|A,22674_C|T,22679_T|C,22686_C|T,22688_A|G,22775_G|A,22786_A|C,22813_G|T,22882_T|G,22992_G|A,22995_C|A,23013_A|C,23040_A|G,23055_A|G,23063_A|T,23075_T|C,23403_A|G,23525_C|T,23599_T|G,23604_C|A,23854_C|A,23948_G|T,24424_A|T,24469_T|A,25000_C|T,25584_C|T,26060_C|T,26270_C|T,26577_C|G,26709_G|A,26858_C|T,27259_A|C,27382_G|C,27383_A|T,27384_T|C,27807_C|T,28271_A|T,28311_C|T,28881_G|A,28882_G|A,28883_G|C,29510_A|C,6513_6515,11285_11293,21633_21641,28362_28370
Denmark/DCGC-443983/2022	XM	241_C|T,2470_C|T,2832_A|G,3037_C|T,5386_T|G,8393_G|A,10029_C|T,10449_C|A,11537_A|G,13195_T|C,14408_C|T,15240_C|T,16257_T|C,18163_A|G,19955_C|T,20055_A|G,21618_C|T,21987_G|A,22200_T|G,22578_G|A,22674_C|T,22679_T|C,22686_C|T,22688_A|G,22775_G|A,22786_A|C,22813_G|T,22882_T|G,22992_G|A,22995_C|A,23013_A|C,23040_A|G,23055_A|G,23063_A|T,23075_T|C,23403_A|G,23525_C|T,23599_T|G,23604_C|A,23854_C|A,23948_G|T,24424_A|T,24469_T|A,25584_C|T,26060_C|T,26270_C|T,26709_G|A,26858_C|T,27259_A|C,27382_G|C,27383_A|T,27384_T|C,27807_C|T,28271_A|T,28311_C|T,28881_G|A,28882_G|A,28883_G|C,29510_A|C,6513_6515,11285_11293,21633_21641,28362_28370
Denmark/DCGC-457105/2022	XM	241_C|T,2470_C|T,2832_A|G,3037_C|T,5386_T|G,8393_G|A,10029_C|T,10449_C|A,11537_A|G,13195_T|C,13647_C|T,14408_C|T,15240_C|T,16257_T|C,18163_A|G,19955_C|T,20055_A|G,21618_C|T,21987_G|A,22200_T|G,22578_G|A,22674_C|T,22679_T|C,22686_C|T,22688_A|G,22775_G|A,22786_A|C,22813_G|T,22882_T|G,22992_G|A,22995_C|A,23013_A|C,23040_A|G,23055_A|G,23063_A|T,23075_T|C,23403_A|G,23525_C|T,23599_T|G,23604_C|A,23854_C|A,23948_G|T,24424_A|T,24469_T|A,25000_C|T,25276_C|T,25584_C|T,26060_C|T,26270_C|T,26577_C|G,26709_G|A,26858_C|T,27259_A|C,27382_G|C,27383_A|T,27384_T|C,27807_C|T,28271_A|T,28311_C|T,28881_G|A,28882_G|A,28883_G|C,29510_A|C,6513_6515,11285_11293,21633_21641,28362_28370
Denmark/DCGC-476141/2022	XM	241_C|T,2470_C|T,2832_A|G,3037_C|T,5386_T|G,8393_G|A,10029_C|T,10449_C|A,11537_A|G,13195_T|C,14408_C|T,15240_C|T,16257_T|C,18163_A|G,19955_C|T,20055_A|G,21618_C|T,21987_G|A,22200_T|G,22578_G|A,22674_C|T,22679_T|C,22686_C|T,22688_A|G,22775_G|A,22786_A|C,22813_G|T,22882_T|G,22992_G|A,22995_C|A,23013_A|C,23040_A|G,23055_A|G,23063_A|T,23075_T|C,23403_A|G,23525_C|T,23599_T|G,23604_C|A,23854_C|A,23948_G|T,24424_A|T,24469_T|A,25000_C|T,25584_C|T,26060_C|T,26270_C|T,26709_G|A,26858_C|T,27259_A|C,27382_G|C,27383_A|T,27384_T|C,27807_C|T,28271_A|T,28311_C|T,28881_G|A,28882_G|A,28883_G|C,29510_A|C,6513_6515,11285_11293,21633_21641,28362_28370
Denmark/DCGC-481629/2022	XM	241_C|T,2470_C|T,2832_A|G,3037_C|T,5386_T|G,8393_G|A,10029_C|T,10449_C|A,11537_A|G,13195_T|C,14408_C|T,15240_C|T,16257_T|C,18163_A|G,19955_C|T,20055_A|G,21618_C|T,21987_G|A,22200_T|G,22578_G|A,22674_C|T,22679_T|C,22686_C|T,22688_A|G,22775_G|A,22786_A|C,22813_G|T,22882_T|G,22992_G|A,22995_C|A,23013_A|C,23040_A|G,23055_A|G,23063_A|T,23075_T|C,23403_A|G,23525_C|T,23599_T|G,23604_C|A,23854_C|A,23948_G|T,24424_A|T,24469_T|A,25000_C|T,25584_C|T,26060_C|T,26270_C|T,26577_C|G,26709_G|A,26858_C|T,27259_A|C,27382_G|C,27383_A|T,27384_T|C,27807_C|T,28271_A|T,28311_C|T,28881_G|A,28882_G|A,28883_G|C,29510_A|C,6513_6515,11285_11293,28362_28370
Denmark/DCGC-504029/2022	XM	241_C|T,376_G|A,1594_C|T,2470_C|T,2832_A|G,3037_C|T,4579_T|A,5386_T|G,8393_G|A,9087_G|A,10029_C|T,10449_C|A,11537_A|G,12400_C|T,13195_T|C,14408_C|T,15240_C|T,16257_T|C,18163_A|G,19955_C|T,20055_A|G,21618_C|T,21987_G|A,22200_T|G,22578_G|A,22674_C|T,22679_T|C,22686_C|T,22688_A|G,22775_G|A,22786_A|C,22813_G|T,22882_T|G,22992_G|A,22995_C|A,23013_A|C,23040_A|G,23055_A|G,23063_A|T,23075_T|C,23403_A|G,23525_C|T,23599_T|G,23604_C|A,23854_C|A,23948_G|T,24424_A|T,24469_T|A,25000_C|T,25584_C|T,26060_C|T,26270_C|T,26709_G|A,26858_C|T,27259_A|C,27297_C|T,27382_G|C,27383_A|T,27384_T|C,27807_C|T,28271_A|T,28311_C|T,28881_G|A,28882_G|A,28883_G|C,29510_A|C,6513_6515,11285_11293,21633_21641,28362_28370
Denmark/DCGC-505058/2022	XM	241_C|T,376_G|A,1594_C|T,2470_C|T,2832_A|G,3037_C|T,5386_T|G,8393_G|A,9087_G|A,10029_C|T,10449_C|A,11537_A|G,12400_C|T,13195_T|C,14408_C|T,14805_C|T,15240_C|T,16257_T|C,18163_A|G,19955_C|T,20055_A|G,21618_C|T,21987_G|A,22200_T|G,22578_G|A,22674_C|T,22679_T|C,22686_C|T,22688_A|G,22775_G|A,22786_A|C,22813_G|T,22882_T|G,22992_G|A,22995_C|A,23013_A|C,23040_A|G,23055_A|G,23063_A|T,23075_T|C,23403_A|G,23525_C|T,23599_T|G,23604_C|A,23854_C|A,23948_G|T,24424_A|T,24469_T|A,25000_C|T,25584_C|T,26060_C|T,26270_C|T,26577_C|G,26709_G|A,26858_C|T,27259_A|C,27297_C|T,27382_G|C,27383_A|T,27384_T|C,27807_C|T,28271_A|T,28311_C|T,28881_G|A,28882_G|A,28883_G|C,29510_A|C,6513_6515,11285_11293,21633_21641,28362_28370
Denmark/DCGC-512451/2022	XM	241_C|T,376_G|A,1594_C|T,2470_C|T,2832_A|G,3037_C|T,4579_T|A,4890_C|T,5386_T|G,8393_G|A,9087_G|A,10029_C|T,10449_C|A,11537_A|G,12400_C|T,13195_T|C,14408_C|T,15240_C|T,16257_T|C,18163_A|G,19955_C|T,20055_A|G,21618_C|T,21987_G|A,22200_T|G,22578_G|A,22674_C|T,22679_T|C,22686_C|T,22688_A|G,22775_G|A,22786_A|C,22813_G|T,22882_T|G,22992_G|A,22995_C|A,23013_A|C,23040_A|G,23055_A|G,23063_A|T,23075_T|C,23403_A|G,23525_C|T,23599_T|G,23604_C|A,23854_C|A,23948_G|T,24424_A|T,24469_T|A,25000_C|T,25584_C|T,26060_C|T,26270_C|T,26709_G|A,26858_C|T,27259_A|C,27297_C|T,27382_G|C,27383_A|T,27384_T|C,27807_C|T,28271_A|T,28311_C|T,28881_G|A,28882_G|A,28883_G|C,29510_A|C,6513_6515,11285_11293,21633_21641,28362_28370
Denmark/DCGC-515534/2022	XM	241_C|T,376_G|A,1594_C|T,2470_C|T,2832_A|G,3037_C|T,5386_T|G,8393_G|A,9087_G|A,10029_C|T,10449_C|A,11537_A|G,12400_C|T,13195_T|C,14408_C|T,14805_C|T,15240_C|T,16257_T|C,18163_A|G,19955_C|T,20055_A|G,21618_C|T,21987_G|A,22200_T|G,22578_G|A,22674_C|T,22679_T|C,22686_C|T,22688_A|G,22775_G|A,22786_A|C,22813_G|T,22882_T|G,22992_G|A,22995_C|A,23013_A|C,23040_A|G,23055_A|G,23063_A|T,23075_T|C,23403_A|G,23525_C|T,23599_T|G,23604_C|A,23854_C|A,23948_G|T,24424_A|T,24469_T|A,25000_C|T,25584_C|T,26060_C|T,26270_C|T,26577_C|G,26709_G|A,26858_C|T,27259_A|C,27297_C|T,27382_G|C,27383_A|T,27384_T|C,27807_C|T,28271_A|T,28311_C|T,28881_G|A,28882_G|A,28883_G|C,29510_A|C,6513_6515,11285_11293,28362_28370
Denmark/DCGC-516592/2022	XM	241_C|T,376_G|A,1594_C|T,2470_C|T,2832_A|G,3037_C|T,5386_T|G,8393_G|A,9087_G|A,10029_C|T,10449_C|A,11537_A|G,12400_C|T,13195_T|C,14408_C|T,14805_C|T,15240_C|T,16257_T|C,18163_A|G,19955_C|T,20055_A|G,21618_C|T,21633_T|C,21987_G|A,22200_T|G,22578_G|A,22674_C|T,22679_T|C,22686_C|T,22688_A|G,22775_G|A,22786_A|C,22813_G|T,22882_T|G,22992_G|A,22995_C|A,23013_A|C,23040_A|G,23055_A|G,23063_A|T,23075_T|C,23403_A|G,23525_C|T,23599_T|G,23604_C|A,23854_C|A,23948_G|T,24424_A|T,24469_T|A,25000_C|T,25584_C|T,26060_C|T,26270_C|T,26577_C|G,26709_G|A,26858_C|T,27259_A|C,27297_C|T,27382_G|C,27383_A|T,27384_T|C,27807_C|T,28271_A|T,28311_C|T,28881_G|A,28882_G|A,28883_G|C,29510_A|C,6513_6515,11285_11293,28362_28370
Denmark/DCGC-522047/2022	XM	241_C|T,376_G|A,1594_C|T,2470_C|T,2832_A|G,3037_C|T,5386_T|G,8393_G|A,9087_G|A,10029_C|T,10449_C|A,11537_A|G,12400_C|T,13195_T|C,14408_C|T,14805_C|T,15240_C|T,16257_T|C,18163_A|G,19955_C|T,20055_A|G,21618_C|T,21987_G|A,22200_T|G,22578_G|A,22674_C|T,22679_T|C,22686_C|T,22688_A|G,22775_G|A,22786_A|C,22813_G|T,22882_T|G,22992_G|A,22995_C|A,23013_A|C,23040_A|G,23055_A|G,23063_A|T,23075_T|C,23403_A|G,23525_C|T,23599_T|G,23604_C|A,23854_C|A,23948_G|T,24424_A|T,24469_T|A,25000_C|T,25584_C|T,26060_C|T,26270_C|T,26709_G|A,26858_C|T,27259_A|C,27297_C|T,27382_G|C,27383_A|T,27384_T|C,27807_C|T,28271_A|T,28311_C|T,28881_G|A,28882_G|A,28883_G|C,29510_A|C,6513_6515,11285_11293,21633_21641,28362_28370
England/BRBR-3AF92C5/2022	XM	241_C|T,2470_C|T,2832_A|G,3037_C|T,5386_T|G,8393_G|A,10029_C|T,10449_C|A,11537_A|G,13195_T|C,14408_C|T,15240_C|T,16257_T|C,18163_A|G,19955_C|T,20055_A|G,21618_C|T,21987_G|A,22200_T|G,22578_G|A,22674_C|T,22679_T|C,22686_C|T,22688_A|G,22775_G|A,22786_A|C,22813_G|T,22882_T|G,22992_G|A,22995_C|A,23013_A|C,23040_A|G,23055_A|G,23063_A|T,23075_T|C,23403_A|G,23525_C|T,23599_T|G,23604_C|A,23854_C|A,23948_G|T,24424_A|T,24469_T|A,25000_C|T,25584_C|T,26060_C|T,26270_C|T,26577_C|G,26709_G|A,26858_C|T,27259_A|C,27382_G|C,27383_A|T,27384_T|C,27807_C|T,28271_A|T,28311_C|T,28881_G|A,28882_G|A,28883_G|C,29510_A|C,6513_6515,11285_11293,21633_21641,28362_28370,29734_29759
England/LSPA-3B27F6C/2022	XM	241_C|T,2470_C|T,2832_A|G,3037_C|T,5386_T|G,8393_G|A,10029_C|T,10449_C|A,11537_A|G,13195_T|C,14408_C|T,15240_C|T,16257_T|C,18163_A|G,19955_C|T,20055_A|G,21618_C|T,21987_G|A,22200_T|G,22578_G|A,22674_C|T,22679_T|C,22686_C|T,22688_A|G,22775_G|A,22786_A|C,22813_G|T,22882_T|G,22992_G|A,22995_C|A,23013_A|C,23040_A|G,23055_A|G,23063_A|T,23075_T|C,23403_A|G,23525_C|T,23599_T|G,23604_C|A,23854_C|A,23948_G|T,24424_A|T,24469_T|A,25000_C|T,25584_C|T,26060_C|T,26270_C|T,26577_C|G,26709_G|A,26858_C|T,27259_A|C,27382_G|C,27383_A|T,27384_T|C,27807_C|T,28271_A|T,28311_C|T,28881_G|A,28882_G|A,28883_G|C,29510_A|C,6513_6515,11285_11293,21633_21641,28362_28370,29734_29759
England/LSPA-3CC19FC/2022	XM	241_C|T,2470_C|T,2832_A|G,3037_C|T,5386_T|G,8393_G|A,10029_C|T,10449_C|A,11537_A|G,13195_T|C,14408_C|T,15240_C|T,16257_T|C,18163_A|G,19955_C|T,20055_A|G,21618_C|T,21987_G|A,22200_T|G,22578_G|A,22674_C|T,22679_T|C,22686_C|T,22688_A|G,22775_G|A,22786_A|C,22813_G|T,22882_T|G,22992_G|A,22995_C|A,23013_A|C,23040_A|G,23055_A|G,23063_A|T,23075_T|C,23403_A|G,23525_C|T,23599_T|G,23604_C|A,23854_C|A,23948_G|T,24424_A|T,24469_T|A,25000_C|T,25584_C|T,26060_C|T,26270_C|T,26577_C|G,26709_G|A,26858_C|T,27259_A|C,27382_G|C,27383_A|T,27384_T|C,27807_C|T,28271_A|T,28311_C|T,28881_G|A,28882_G|A,28883_G|C,29095_C|T,29510_A|C,6513_6515,11285_11293,21633_21641,28362_28370,29734_29759
England/NEWC-38BC318/2022	XM	241_C|T,2470_C|T,2832_A|G,3037_C|T,5386_T|G,8393_G|A,10029_C|T,10449_C|A,11537_A|G,13195_T|C,14408_C|T,15240_C|T,18163_A|G,19955_C|T,21618_C|T,21987_G|A,22200_T|G,22578_G|A,22674_C|T,22679_T|C,22686_C|T,22688_A|G,22775_G|A,22786_A|C,22813_G|T,22882_T|G,22992_G|A,22995_C|A,23013_A|C,23040_A|G,23055_A|G,23063_A|T,23075_T|C,23403_A|G,23525_C|T,23599_T|G,23604_C|A,23854_C|A,23948_G|T,24424_A|T,24469_T|A,25000_C|T,25584_C|T,26060_C|T,26270_C|T,26577_C|G,26709_G|A,26858_C|T,27259_A|C,27382_G|C,27383_A|T,27384_T|C,27807_C|T,28271_A|T,28311_C|T,28881_G|A,28882_G|A,28883_G|C,29510_A|C,6513_6515,11285_11293,21633_21641,28362_28370,29734_29759
England/PLYM-3A62F0C/2022	XM	241_C|T,2470_C|T,2832_A|G,3037_C|T,5386_T|G,8393_G|A,10029_C|T,10449_C|A,10453_T|C,11537_A|G,13195_T|C,14408_C|T,15240_C|T,18163_A|G,19955_C|T,20055_A|G,21618_C|T,21987_G|A,22200_T|G,22578_G|A,22674_C|T,22679_T|C,22686_C|T,22688_A|G,22775_G|A,22786_A|C,22813_G|T,22882_T|G,22992_G|A,22995_C|A,23013_A|C,23040_A|G,23055_A|G,23063_A|T,23075_T|C,23403_A|G,23525_C|T,23599_T|G,23604_C|A,23854_C|A,23948_G|T,24424_A|T,24469_T|A,25000_C|T,25584_C|T,26060_C|T,26270_C|T,26577_C|G,26709_G|A,26858_C|T,27259_A|C,27382_G|C,27383_A|T,27384_T|C,27807_C|T,28271_A|T,28311_C|T,28881_G|A,28882_G|A,28883_G|C,29510_A|C,6513_6515,11285_11293,21633_21641,28362_28370,29734_29759
England/QEUH-2EA14E27/2022	XM	241_C|T,2470_C|T,2832_A|G,3037_C|T,5386_T|G,8393_G|A,10029_C|T,10449_C|A,11537_A|G,13195_T|C,14408_C|T,15240_C|T,16257_T|C,18163_A|G,19955_C|T,20055_A|G,21618_C|T,21987_G|A,22200_T|G,22578_G|A,22674_C|T,22679_T|C,22686_C|T,22688_A|G,22775_G|A,22786_A|C,22813_G|T,22882_T|G,22992_G|A,22995_C|A,23013_A|C,23040_A|G,23055_A|G,23063_A|T,23075_T|C,23403_A|G,23525_C|T,23599_T|G,23604_C|A,23854_C|A,23948_G|T,24424_A|T,24469_T|A,25000_C|T,25584_C|T,26060_C|T,26270_C|T,26577_C|G,26709_G|A,26858_C|T,27259_A|C,27382_G|C,27383_A|T,27384_T|C,27807_C|T,28271_A|T,28311_C|T,28881_G|A,28882_G|A,28883_G|C,29095_C|T,29510_A|C,6513_6515,11285_11293,21633_21641,28362_28370,29734_29759
England/QEUH-3D002AA/2022	XM	241_C|T,2470_C|T,2832_A|G,3037_C|T,5386_T|G,8393_G|A,10029_C|T,10449_C|A,11537_A|G,13195_T|C,14408_C|T,15240_C|T,16257_T|C,18163_A|G,19955_C|T,20055_A|G,21618_C|T,21987_G|A,22200_T|G,22578_G|A,22674_C|T,22679_T|C,22686_C|T,22688_A|G,22775_G|A,22786_A|C,22813_G|T,22882_T|G,22992_G|A,22995_C|A,23013_A|C,23040_A|G,23055_A|G,23063_A|T,23075_T|C,23403_A|G,23525_C|T,23599_T|G,23604_C|A,23854_C|A,23948_G|T,24424_A|T,24469_T|A,25000_C|T,25584_C|T,26060_C|T,26270_C|T,26577_C|G,26709_G|A,26858_C|T,27259_A|C,27382_G|C,27383_A|T,27384_T|C,27807_C|T,28271_A|T,28311_C|T,28881_G|A,28882_G|A,28883_G|C,29448_T|C,29510_A|C,6513_6515,11285_11293,21633_21641,28362_28370,29734_29759
England/QEUH-3D03061/2022	XM	241_C|T,2470_C|T,2832_A|G,3037_C|T,5386_T|G,8393_G|A,10029_C|T,10449_C|A,11537_A|G,13195_T|C,14408_C|T,15240_C|T,16257_T|C,18163_A|G,19955_C|T,20055_A|G,21618_C|T,21987_G|A,22200_T|G,22578_G|A,22674_C|T,22679_T|C,22686_C|T,22688_A|G,22775_G|A,22786_A|C,22813_G|T,22882_T|G,22992_G|A,22995_C|A,23013_A|C,23040_A|G,23055_A|G,23063_A|T,23075_T|C,23403_A|G,23525_C|T,23599_T|G,23604_C|A,23854_C|A,23948_G|T,24424_A|T,24469_T|A,25000_C|T,25584_C|T,26060_C|T,26270_C|T,26577_C|G,26709_G|A,26858_C|T,27259_A|C,27382_G|C,27383_A|T,27384_T|C,27807_C|T,28271_A|T,28311_C|T,28881_G|A,28882_G|A,28883_G|C,29510_A|C,6513_6515,11285_11293,21633_21641,28362_28370,29734_29759
OW422270	XM	241_C|T,2470_C|T,2832_A|G,3037_C|T,5386_T|G,8393_G|A,10029_C|T,10449_C|A,11537_A|G,13195_T|C,14408_C|T,15240_C|T,16257_T|C,18163_A|G,19955_C|T,20055_A|G,21618_C|T,21987_G|A,22115_A|G,22200_T|G,22578_G|A,22674_C|T,22679_T|C,22686_C|T,22688_A|G,22775_G|A,22813_G|T,22882_T|G,22992_G|A,22995_C|A,23013_A|C,23040_A|G,23055_A|G,23063_A|T,23075_T|C,23403_A|G,23525_C|T,23599_T|G,23604_C|A,23854_C|A,23948_G|T,24424_A|T,24469_T|A,25000_C|T,25584_C|T,26060_C|T,26270_C|T,26577_C|G,26709_G|A,26858_C|T,27259_A|C,27382_G|C,27383_A|T,27384_T|C,27807_C|T,28271_A|T,28311_C|T,28881_G|A,28882_G|A,28883_G|C,29510_A|C,6513_6515,11285_11293,21633_21641,28362_28370,29734_29759
OW598131	XM	241_C|T,2470_C|T,2832_A|G,3037_C|T,5386_T|G,8393_G|A,10029_C|T,10449_C|A,11524_T|C,11537_A|G,13195_T|C,14408_C|T,15240_C|T,16257_T|C,18163_A|G,19955_C|T,20055_A|G,21618_C|T,21987_G|A,22200_T|G,22578_G|A,22674_C|T,22679_T|C,22686_C|T,22688_A|G,22775_G|A,22786_A|C,22813_G|T,22882_T|G,22992_G|A,22995_C|A,23013_A|C,23040_A|G,23055_A|G,23063_A|T,23075_T|C,23403_A|G,23525_C|T,23599_T|G,23604_C|A,23854_C|A,23948_G|T,24424_A|T,24469_T|A,25000_C|T,25584_C|T,26060_C|T,26270_C|T,26577_C|G,26709_G|A,26858_C|T,27259_A|C,27382_G|C,27383_A|T,27384_T|C,27807_C|T,28271_A|T,28311_C|T,28881_G|A,28882_G|A,28883_G|C,29510_A|C,6513_6515,11285_11293,21633_21641,28362_28370
OW613754	XM	241_C|T,2470_C|T,2832_A|G,3037_C|T,5386_T|G,8393_G|A,10029_C|T,10449_C|A,11537_A|G,13195_T|C,14408_C|T,15240_C|T,15952_C|T,18163_A|G,19955_C|T,20055_A|G,21618_C|T,21987_G|A,22200_T|G,22578_G|A,22674_C|T,22679_T|C,22686_C|T,22688_A|G,22775_G|A,22786_A|C,22813_G|T,22882_T|G,22992_G|A,22995_C|A,23013_A|C,23040_A|G,23055_A|G,23063_A|T,23075_T|C,23403_A|G,23525_C|T,23599_T|G,23604_C|A,23854_C|A,23948_G|T,24424_A|T,24469_T|A,25000_C|T,25584_C|T,26060_C|T,26270_C|T,26577_C|G,26709_G|A,26858_C|T,27259_A|C,27382_G|C,27383_A|T,27384_T|C,27807_C|T,28271_A|T,28311_C|T,28881_G|A,28882_G|A,28883_G|C,29510_A|C,6513_6515,11285_11293,21633_21641,28362_28370,29734_29759
OW613810	XM	241_C|T,2470_C|T,2832_A|G,3037_C|T,5386_T|G,7303_C|T,8393_G|A,10029_C|T,10449_C|A,11537_A|G,12913_T|C,13195_T|C,14408_C|T,15240_C|T,18163_A|G,19955_C|T,20055_A|G,21618_C|T,21987_G|A,22200_T|G,22578_G|A,22674_C|T,22679_T|C,22686_C|T,22688_A|G,22775_G|A,22786_A|C,22813_G|T,22882_T|G,22992_G|A,22995_C|A,23013_A|C,23040_A|G,23055_A|G,23063_A|T,23075_T|C,23403_A|G,23525_C|T,23599_T|G,23604_C|A,23854_C|A,23948_G|T,24424_A|T,24469_T|A,25000_C|T,25584_C|T,26060_C|T,26270_C|T,26577_C|G,26709_G|A,26858_C|T,27259_A|C,27382_G|C,27383_A|T,27384_T|C,27807_C|T,28271_A|T,28311_C|T,28881_G|A,28882_G|A,28883_G|C,29510_A|C,6513_6515,11285_11293,21633_21641,28362_28370,29734_29759
OW615600	XM	241_C|T,2470_C|T,2832_A|G,3037_C|T,5386_T|G,8393_G|A,10029_C|T,10449_C|A,11537_A|G,13195_T|C,13647_C|T,14408_C|T,15240_C|T,16257_T|C,18163_A|G,19955_C|T,20055_A|G,21618_C|T,21987_G|A,22200_T|G,22578_G|A,22674_C|T,22679_T|C,22686_C|T,22688_A|G,22775_G|A,22786_A|C,22813_G|T,22992_G|A,22995_C|A,23013_A|C,23040_A|G,23055_A|G,23063_A|T,23075_T|C,23403_A|G,23525_C|T,23599_T|G,23604_C|A,23854_C|A,23948_G|T,24424_A|T,24469_T|A,25000_C|T,25584_C|T,26060_C|T,26270_C|T,26529_G|T,26577_C|G,26709_G|A,26858_C|T,27259_A|C,27382_G|C,27383_A|T,27384_T|C,27807_C|T,28271_A|T,28311_C|T,28881_G|A,28882_G|A,28883_G|C,29510_A|C,6513_6515,11285_11293,21633_21641,28362_28370,29734_29759
OW615612	XM	241_C|T,2198_G|A,2470_C|T,2832_A|G,3037_C|T,5386_T|G,8393_G|A,10029_C|T,10449_C|A,11537_A|G,12820_A|G,13195_T|C,14408_C|T,15240_C|T,18163_A|G,19955_C|T,20055_A|G,21618_C|T,21983_T|C,21987_G|A,22200_T|G,22578_G|A,22674_C|T,22679_T|C,22686_C|T,22688_A|G,22775_G|A,22786_A|C,22813_G|T,22992_G|A,22995_C|A,23013_A|C,23040_A|G,23055_A|G,23063_A|T,23075_T|C,23403_A|G,23525_C|T,23599_T|G,23604_C|A,23854_C|A,23948_G|T,24424_A|T,24469_T|A,25000_C|T,25584_C|T,26060_C|T,26270_C|T,26577_C|G,26709_G|A,26858_C|T,27259_A|C,27382_G|C,27383_A|T,27384_T|C,27807_C|T,28271_A|T,28311_C|T,28881_G|A,28882_G|A,28883_G|C,29510_A|C,29541_C|T,6513_6515,11285_11293,21633_21641,28362_28370,29734_29759
OW633507	XM	241_C|T,2470_C|T,2832_A|G,3037_C|T,5386_T|G,8393_G|A,10029_C|T,10449_C|A,11537_A|G,13195_T|C,14408_C|T,15240_C|T,15952_C|T,18163_A|G,19955_C|T,20055_A|G,21618_C|T,21987_G|A,22200_T|G,22578_G|A,22674_C|T,22679_T|C,22686_C|T,22688_A|G,22775_G|A,22786_A|C,22813_G|T,22882_T|G,22992_G|A,22995_C|A,23013_A|C,23040_A|G,23055_A|G,23063_A|T,23075_T|C,23403_A|G,23525_C|T,23599_T|G,23604_C|A,23854_C|A,23948_G|T,24424_A|T,24469_T|A,25000_C|T,25584_C|T,26060_C|T,26270_C|T,26709_G|A,26858_C|T,27259_A|C,27382_G|C,27383_A|T,27384_T|C,27807_C|T,28271_A|T,28311_C|T,28881_G|A,28882_G|A,28883_G|C,29510_A|C,6513_6515,11285_11293,21633_21641,28362_28370,29734_29759
OW637523	XM	241_C|T,2470_C|T,2832_A|G,3037_C|T,5386_T|G,8393_G|A,8899_T|C,10029_C|T,10449_C|A,11537_A|G,13195_T|C,13647_C|T,14408_C|T,15240_C|T,16257_T|C,18163_A|G,19955_C|T,20055_A|G,21618_C|T,21987_G|A,22200_T|G,22578_G|A,22674_C|T,22679_T|C,22686_C|T,22688_A|G,22775_G|A,22786_A|C,22813_G|T,22882_T|G,22992_G|A,22995_C|A,23013_A|C,23040_A|G,23055_A|G,23063_A|T,23075_T|C,23403_A|G,23525_C|T,23599_T|G,23604_C|A,23854_C|A,23948_G|T,24424_A|T,24469_T|A,25000_C|T,25584_C|T,26060_C|T,26270_C|T,26529_G|T,26577_C|G,26709_G|A,26858_C|T,27259_A|C,27382_G|C,27383_A|T,27384_T|C,27807_C|T,28271_A|T,28311_C|T,28881_G|A,28882_G|A,28883_G|C,28933_T|G,29510_A|C,6513_6515,11285_11293,21633_21641,28362_28370
OW640250	XM	241_C|T,2470_C|T,2832_A|G,3037_C|T,5386_T|G,8393_G|A,8662_T|C,10029_C|T,10449_C|A,11537_A|G,13195_T|C,14408_C|T,15240_C|T,18163_A|G,19955_C|T,20055_A|G,21618_C|T,21987_G|A,22200_T|G,22578_G|A,22674_C|T,22679_T|C,22686_C|T,22688_A|G,22775_G|A,22786_A|C,22813_G|T,22882_T|G,22992_G|A,22995_C|A,23013_A|C,23040_A|G,23055_A|G,23063_A|T,23075_T|C,23403_A|G,23525_C|T,23599_T|G,23604_C|A,23854_C|A,23948_G|T,24424_A|T,24469_T|A,25000_C|T,25584_C|T,26060_C|T,26270_C|T,26577_C|G,26709_G|A,26858_C|T,27259_A|C,27382_G|C,27807_C|T,28271_A|T,28311_C|T,28881_G|A,29510_A|C,6513_6515,11285_11293,21633_21641,28362_28370,29734_29759
OW641047	XM	241_C|T,802_A|T,2470_C|T,2832_A|G,3037_C|T,5386_T|G,8393_G|A,10029_C|T,10449_C|A,11537_A|G,12600_G|A,13195_T|C,14408_C|T,15240_C|T,18163_A|G,19865_A|G,19955_C|T,20055_A|G,21618_C|T,21987_G|A,22200_T|G,22578_G|A,22674_C|T,22679_T|C,22686_C|T,22688_A|G,22775_G|A,22786_A|C,22813_G|T,22882_T|G,22992_G|A,22995_C|A,23013_A|C,23040_A|G,23055_A|G,23063_A|T,23075_T|C,23403_A|G,23525_C|T,23599_T|G,23604_C|A,23854_C|A,23948_G|T,24424_A|T,24469_T|A,25000_C|T,25584_C|T,26060_C|T,26270_C|T,26577_C|G,26709_G|A,26858_C|T,27259_A|C,27382_G|C,27807_C|T,28271_A|T,28311_C|T,28881_G|A,29249_C|T,29510_A|C,6513_6515,11285_11293,21633_21641,28362_28370,29734_29759
OW641493	XM	241_C|T,802_A|T,2470_C|T,2832_A|G,3037_C|T,5386_T|G,8393_G|A,10029_C|T,10449_C|A,11537_A|G,12600_G|A,13195_T|C,14408_C|T,15240_C|T,18163_A|G,19955_C|T,20055_A|G,21618_C|T,21987_G|A,22200_T|G,22578_G|A,22674_C|T,22679_T|C,22686_C|T,22688_A|G,22775_G|A,22786_A|C,22813_G|T,22882_T|G,22992_G|A,22995_C|A,23013_A|C,23040_A|G,23055_A|G,23063_A|T,23075_T|C,23403_A|G,23525_C|T,23599_T|G,23604_C|A,23854_C|A,23948_G|T,24424_A|T,24469_T|A,24912_C|T,25000_C|T,25584_C|T,26060_C|T,26270_C|T,26577_C|G,26709_G|A,26858_C|T,27259_A|C,27382_G|C,27807_C|T,28271_A|T,28311_C|T,28881_G|A,29249_C|T,29510_A|C,6513_6515,11285_11293,21633_21641,28362_28370,29734_29759
OW644943	XM	241_C|T,2470_C|T,2832_A|G,3037_C|T,5386_T|G,8393_G|A,10029_C|T,10449_C|A,11524_T|C,11537_A|G,13195_T|C,14408_C|T,15240_C|T,16257_T|C,18163_A|G,19955_C|T,20055_A|G,21618_C|T,21987_G|A,22200_T|G,22578_G|A,22674_C|T,22679_T|C,22686_C|T,22688_A|G,22775_G|A,22786_A|C,22813_G|T,22882_T|G,22992_G|A,22995_C|A,23013_A|C,23040_A|G,23055_A|G,23063_A|T,23075_T|C,23403_A|G,23525_C|T,23599_T|G,23604_C|A,23854_C|A,23948_G|T,24424_A|T,24469_T|A,25000_C|T,25584_C|T,26060_C|T,26270_C|T,26577_C|G,26709_G|A,26858_C|T,27259_A|C,27382_G|C,27383_A|T,27384_T|C,27807_C|T,28271_A|T,28311_C|T,28881_G|A,28882_G|A,28883_G|C,29510_A|C,6513_6515,11285_11293,21633_21641,28362_28370
OW647443	XM	241_C|T,2470_C|T,2832_A|G,3037_C|T,5386_T|G,8393_G|A,10029_C|T,10449_C|A,11524_T|C,11537_A|G,13195_T|C,14408_C|T,15240_C|T,16257_T|C,18163_A|G,19955_C|T,20055_A|G,21618_C|T,21987_G|A,22200_T|G,22578_G|A,22674_C|T,22679_T|C,22686_C|T,22688_A|G,22775_G|A,22786_A|C,22813_G|T,22882_T|G,22992_G|A,22995_C|A,23013_A|C,23040_A|G,23055_A|G,23063_A|T,23075_T|C,23403_A|G,23525_C|T,23599_T|G,23604_C|A,23854_C|A,23948_G|T,24424_A|T,24469_T|A,25000_C|T,25584_C|T,26060_C|T,26270_C|T,26577_C|G,26709_G|A,26858_C|T,27259_A|C,27382_G|C,27383_A|T,27384_T|C,27807_C|T,28271_A|T,28311_C|T,28881_G|A,28882_G|A,28883_G|C,29510_A|C,6513_6515,11285_11293,21633_21641,28362_28370
OW647556	XM	241_C|T,2470_C|T,2832_A|G,3037_C|T,5386_T|G,8393_G|A,10029_C|T,10449_C|A,11524_T|C,11537_A|G,13195_T|C,14408_C|T,15240_C|T,16257_T|C,18163_A|G,19955_C|T,20055_A|G,21618_C|T,21987_G|A,22200_T|G,22578_G|A,22674_C|T,22679_T|C,22686_C|T,22688_A|G,22775_G|A,22786_A|C,22813_G|T,22882_T|G,22992_G|A,22995_C|A,23013_A|C,23040_A|G,23055_A|G,23063_A|T,23075_T|C,23403_A|G,23525_C|T,23599_T|G,23604_C|A,23854_C|A,23948_G|T,24424_A|T,24469_T|A,25000_C|T,25584_C|T,26060_C|T,26270_C|T,26577_C|G,26709_G|A,26858_C|T,27259_A|C,27382_G|C,27383_A|T,27384_T|C,27807_C|T,28271_A|T,28311_C|T,28881_G|A,28882_G|A,28883_G|C,29510_A|C,6513_6515,11285_11293,21633_21641,28362_28370
OW652922	XM	241_C|T,2470_C|T,2832_A|G,3037_C|T,5386_T|G,8393_G|A,10029_C|T,10449_C|A,11537_A|G,13195_T|C,14408_C|T,15240_C|T,18163_A|G,19955_C|T,20055_A|G,21618_C|T,21987_G|A,22200_T|G,22578_G|A,22674_C|T,22679_T|C,22686_C|T,22688_A|G,22775_G|A,22786_A|C,22813_G|T,22882_T|G,22992_G|A,22995_C|A,23013_A|C,23040_A|G,23055_A|G,23063_A|T,23075_T|C,23403_A|G,23525_C|T,23599_T|G,23604_C|A,23854_C|A,23948_G|T,24424_A|T,24469_T|A,25000_C|T,25584_C|T,26060_C|T,26270_C|T,26577_C|G,26709_G|A,26858_C|T,27259_A|C,27382_G|C,27807_C|T,28204_T|C,28271_A|T,28311_C|T,28473_C|T,28881_G|A,29510_A|C,6513_6515,11285_11293,21633_21641,28362_28370,29734_29759
OW653085	XM	241_C|T,2470_C|T,2832_A|G,3037_C|T,5386_T|G,8393_G|A,10029_C|T,10449_C|A,11537_A|G,13195_T|C,14408_C|T,15240_C|T,18163_A|G,19955_C|T,20055_A|G,21618_C|T,21987_G|A,22200_T|G,22578_G|A,22674_C|T,22679_T|C,22686_C|T,22688_A|G,22775_G|A,22786_A|C,22813_G|T,22882_T|G,22992_G|A,22995_C|A,23013_A|C,23040_A|G,23055_A|G,23063_A|T,23075_T|C,23403_A|G,23525_C|T,23599_T|G,23604_C|A,23854_C|A,23948_G|T,24424_A|T,24469_T|A,25000_C|T,25584_C|T,26060_C|T,26270_C|T,26577_C|G,26709_G|A,26858_C|T,27259_A|C,27382_G|C,27807_C|T,28204_T|C,28271_A|T,28311_C|T,28473_C|T,28881_G|A,29510_A|C,6513_6515,11285_11293,21633_21641,28362_28370,29734_29759
OW653338	XM	241_C|T,2470_C|T,2832_A|G,3037_C|T,5386_T|G,8393_G|A,8662_T|C,10029_C|T,10449_C|A,11537_A|G,13195_T|C,14408_C|T,15240_C|T,18163_A|G,19955_C|T,20055_A|G,21618_C|T,21987_G|A,22200_T|G,22578_G|A,22674_C|T,22679_T|C,22686_C|T,22688_A|G,22775_G|A,22786_A|C,22813_G|T,22882_T|G,22992_G|A,22995_C|A,23013_A|C,23040_A|G,23055_A|G,23063_A|T,23075_T|C,23403_A|G,23525_C|T,23599_T|G,23604_C|A,23854_C|A,23948_G|T,24424_A|T,24469_T|A,25000_C|T,25584_C|T,25663_T|C,26060_C|T,26270_C|T,26577_C|G,26709_G|A,26858_C|T,27259_A|C,27382_G|C,27807_C|T,28271_A|T,28311_C|T,28881_G|A,29510_A|C,6513_6515,11285_11293,21633_21641,28362_28370,29734_29759
OW653462	XM	241_C|T,2470_C|T,2832_A|G,3037_C|T,5386_T|G,8393_G|A,10029_C|T,10449_C|A,11537_A|G,13195_T|C,14408_C|T,15240_C|T,18163_A|G,19955_C|T,20055_A|G,21618_C|T,21987_G|A,22200_T|G,22578_G|A,22674_C|T,22679_T|C,22686_C|T,22688_A|G,22775_G|A,22786_A|C,22813_G|T,22882_T|G,22992_G|A,22995_C|A,23013_A|C,23040_A|G,23055_A|G,23063_A|T,23075_T|C,23403_A|G,23525_C|T,23599_T|G,23604_C|A,23854_C|A,23948_G|T,24424_A|T,24469_T|A,25000_C|T,25584_C|T,26060_C|T,26270_C|T,26709_G|A,26858_C|T,27259_A|C,27382_G|C,27384_T|C,27807_C|T,28204_T|C,28271_A|T,28311_C|T,28473_C|T,28881_G|A,29510_A|C,6513_6515,11285_11293,21633_21641,28362_28370,29734_29759
OW654231	XM	241_C|T,2470_C|T,2832_A|G,3037_C|T,5386_T|G,8393_G|A,10029_C|T,10449_C|A,11537_A|G,13195_T|C,14408_C|T,15240_C|T,16257_T|C,18163_A|G,19955_C|T,20055_A|G,21618_C|T,21987_G|A,22200_T|G,22674_C|T,22679_T|C,22686_C|T,22688_A|G,22775_G|A,22786_A|C,22813_G|T,22882_T|G,22992_G|A,22995_C|A,23013_A|C,23040_A|G,23055_A|G,23063_A|T,23075_T|C,23403_A|G,23525_C|T,23599_T|G,23604_C|A,23854_C|A,23948_G|T,24424_A|T,24469_T|A,25000_C|T,25584_C|T,26060_C|T,26270_C|T,26577_C|G,26709_G|A,26858_C|T,27259_A|C,27382_G|C,27383_A|T,27384_T|C,27807_C|T,28271_A|T,28311_C|T,28881_G|A,28882_G|A,28883_G|C,29510_A|C,6513_6515,11285_11293,21633_21641,28362_28370,29734_29759
OW654648	XM	241_C|T,2470_C|T,2832_A|G,3037_C|T,5386_T|G,8393_G|A,10029_C|T,10449_C|A,11537_A|G,13195_T|C,14408_C|T,15240_C|T,16257_T|C,18163_A|G,19955_C|T,20055_A|G,21618_C|T,21987_G|A,22200_T|G,22674_C|T,22679_T|C,22686_C|T,22688_A|G,22775_G|A,22786_A|C,22813_G|T,22882_T|G,22992_G|A,22995_C|A,23013_A|C,23040_A|G,23055_A|G,23063_A|T,23075_T|C,23403_A|G,23525_C|T,23599_T|G,23604_C|A,23854_C|A,23948_G|T,24424_A|T,24469_T|A,25000_C|T,25584_C|T,26060_C|T,26270_C|T,26577_C|G,26709_G|A,26858_C|T,27259_A|C,27382_G|C,27383_A|T,27384_T|C,27807_C|T,28271_A|T,28311_C|T,28881_G|A,28882_G|A,28883_G|C,29510_A|C,6513_6515,11285_11293,21633_21641,28362_28370,29734_29759
OW654719	XM	241_C|T,1558_A|G,2470_C|T,2832_A|G,3037_C|T,5386_T|G,8393_G|A,9167_T|C,10029_C|T,10449_C|A,11537_A|G,11559_A|G,13195_T|C,14408_C|T,15240_C|T,16257_T|C,18163_A|G,18647_C|T,18744_C|T,19955_C|T,20055_A|G,21618_C|T,21987_G|A,22200_T|G,22578_G|A,22674_C|T,22679_T|C,22686_C|T,22688_A|G,22775_G|A,22786_A|C,22813_G|T,22882_T|G,22992_G|A,22995_C|A,23013_A|C,23040_A|G,23055_A|G,23063_A|T,23075_T|C,23403_A|G,23525_C|T,23599_T|G,23604_C|A,23854_C|A,23948_G|T,24424_A|T,24469_T|A,25000_C|T,25584_C|T,26060_C|T,26270_C|T,26577_C|G,26709_G|A,26858_C|T,27259_A|C,27382_G|C,27807_C|T,28271_A|T,28311_C|T,28881_G|A,29510_A|C,6513_6515,11285_11293,21633_21641,28362_28370,29734_29759
OW659073	XM	241_C|T,2470_C|T,2832_A|G,3037_C|T,5386_T|G,8393_G|A,10029_C|T,10449_C|A,11537_A|G,13195_T|C,14408_C|T,15240_C|T,16257_T|C,18163_A|G,19955_C|T,20055_A|G,21618_C|T,21987_G|A,22200_T|G,22578_G|A,22674_C|T,22679_T|C,22686_C|T,22688_A|G,22775_G|A,22786_A|C,22813_G|T,22882_T|G,22992_G|A,22995_C|A,23403_A|G,23525_C|T,23599_T|G,23604_C|A,23854_C|A,23948_G|T,24424_A|T,24469_T|A,25000_C|T,25584_C|T,26060_C|T,26270_C|T,26577_C|G,26709_G|A,26858_C|T,27259_A|C,27382_G|C,27383_A|T,27384_T|C,27807_C|T,28271_A|T,28311_C|T,28881_G|A,28882_G|A,28883_G|C,29510_A|C,29730_C|T,6513_6515,11285_11293,21633_21641,28362_28370,29734_29759
OW659120	XM	241_C|T,2470_C|T,2832_A|G,3037_C|T,5386_T|G,5580_G|A,6255_C|T,8393_G|A,10029_C|T,10449_C|A,11524_T|C,11537_A|G,13195_T|C,14408_C|T,15240_C|T,16257_T|C,18163_A|G,19554_C|T,19955_C|T,20055_A|G,20232_A|C,21618_C|T,21987_G|A,22200_T|G,22578_G|A,22674_C|T,22679_T|C,22686_C|T,22688_A|G,22775_G|A,22786_A|C,22813_G|T,22882_T|G,22992_G|A,22995_C|A,23013_A|C,23040_A|G,23055_A|G,23063_A|T,23075_T|C,23403_A|G,23525_C|T,23599_T|G,23604_C|A,23854_C|A,23948_G|T,24424_A|T,24469_T|A,25000_C|T,25584_C|T,26060_C|T,26270_C|T,26577_C|G,26709_G|A,26858_C|T,27259_A|C,27382_G|C,27383_A|T,27384_T|C,27807_C|T,28271_A|T,28311_C|T,28881_G|A,28882_G|A,28883_G|C,29510_A|C,6513_6515,11285_11293,21633_21641,28362_28370
OW664005	XM	241_C|T,2470_C|T,2832_A|G,3037_C|T,5386_T|G,8393_G|A,10029_C|T,10449_C|A,11537_A|G,13195_T|C,14408_C|T,15240_C|T,18163_A|G,19955_C|T,20055_A|G,21618_C|T,21987_G|A,22200_T|G,22578_G|A,22674_C|T,22679_T|C,22686_C|T,22688_A|G,22775_G|A,22786_A|C,22813_G|T,22882_T|G,22992_G|A,22995_C|A,23013_A|C,23040_A|G,23055_A|G,23063_A|T,23075_T|C,23403_A|G,23525_C|T,23599_T|G,23604_C|A,23854_C|A,23948_G|T,24424_A|T,24469_T|A,25000_C|T,25584_C|T,25634_G|T,26060_C|T,26270_C|T,26577_C|G,26709_G|A,26858_C|T,27259_A|C,27382_G|C,27383_A|T,27384_T|C,27807_C|T,28271_A|T,28311_C|T,28881_G|A,28882_G|A,28883_G|C,29510_A|C,6513_6515,21633_21641,28362_28370
OW664948	XM	241_C|T,2470_C|T,2832_A|G,3037_C|T,5386_T|G,8393_G|A,10029_C|T,10449_C|A,11537_A|G,13195_T|C,14408_C|T,15240_C|T,16257_T|C,18163_A|G,19955_C|T,20055_A|G,21618_C|T,21987_G|A,22200_T|G,22578_G|A,22674_C|T,22679_T|C,22686_C|T,22688_A|G,22775_G|A,22786_A|C,22813_G|T,22882_T|G,22992_G|A,22995_C|A,23013_A|C,23040_A|G,23055_A|G,23063_A|T,23075_T|C,23403_A|G,23525_C|T,23599_T|G,23604_C|A,23854_C|A,23948_G|T,24424_A|T,24469_T|A,25000_C|T,25584_C|T,26060_C|T,26094_T|C,26270_C|T,26577_C|G,26709_G|A,26858_C|T,27259_A|C,27382_G|C,27383_A|T,27384_T|C,27807_C|T,28271_A|T,28311_C|T,28881_G|A,28882_G|A,28883_G|C,29510_A|C,6513_6515,11285_11293,21633_21641,28362_28370
OW667140	XM	241_C|T,2470_C|T,2832_A|G,3037_C|T,5386_T|G,8393_G|A,10029_C|T,10449_C|A,11537_A|G,13195_T|C,14408_C|T,15240_C|T,18163_A|G,19955_C|T,20055_A|G,21618_C|T,21987_G|A,22200_T|G,22578_G|A,22674_C|T,22679_T|C,22686_C|T,22688_A|G,22775_G|A,22786_A|C,22813_G|T,22882_T|G,22992_G|A,22995_C|A,23013_A|C,23040_A|G,23055_A|G,23063_A|T,23075_T|C,23403_A|G,23525_C|T,23599_T|G,23604_C|A,23854_C|A,23948_G|T,24424_A|T,24469_T|A,25000_C|T,25327_A|C,25584_C|T,26060_C|T,26270_C|T,26577_C|G,26709_G|A,26858_C|T,27259_A|C,27382_G|C,27807_C|T,28271_A|T,28311_C|T,28473_C|T,28881_G|A,29510_A|C,6513_6515,11285_11293,21633_21641,28362_28370,29734_29759
OW668164	XM	241_C|T,2470_C|T,2832_A|G,3037_C|T,5386_T|G,8393_G|A,10029_C|T,10449_C|A,11537_A|G,13195_T|C,14408_C|T,15240_C|T,16257_T|C,16945_G|A,18163_A|G,18421_C|T,19955_C|T,20055_A|G,21618_C|T,21987_G|A,22200_T|G,22282_T|G,22578_G|A,22674_C|T,22679_T|C,22686_C|T,22688_A|G,22775_G|A,22786_A|C,22813_G|T,22882_T|G,22992_G|A,22995_C|A,23013_A|C,23040_A|G,23055_A|G,23063_A|T,23075_T|C,23403_A|G,23525_C|T,23599_T|G,23604_C|A,23854_C|A,23948_G|T,24424_A|T,24469_T|A,25000_C|T,25584_C|T,26060_C|T,26270_C|T,26577_C|G,26709_G|A,26858_C|T,27259_A|C,27382_G|C,27383_A|T,27384_T|C,27807_C|T,28271_A|T,28311_C|T,28881_G|A,28882_G|A,28883_G|C,29510_A|C,29541_C|T,6513_6515,11285_11293,21633_21641,28362_28370
OW671893	XM	241_C|T,2470_C|T,2832_A|G,3037_C|T,5386_T|G,8393_G|A,10029_C|T,10449_C|A,11537_A|G,13195_T|C,14408_C|T,15240_C|T,15952_C|T,18163_A|G,19955_C|T,20055_A|G,21618_C|T,21987_G|A,22200_T|G,22578_G|A,22674_C|T,22679_T|C,22686_C|T,22688_A|G,22775_G|A,22786_A|C,22813_G|T,22882_T|G,22992_G|A,22995_C|A,23013_A|C,23040_A|G,23055_A|G,23063_A|T,23075_T|C,23403_A|G,23525_C|T,23599_T|G,23604_C|A,23854_C|A,23948_G|T,24424_A|T,24469_T|A,25000_C|T,25584_C|T,26060_C|T,26270_C|T,26577_C|G,26709_G|A,26858_C|T,27259_A|C,27382_G|C,27383_A|T,27384_T|C,27807_C|T,28271_A|T,28311_C|T,28881_G|A,28882_G|A,28883_G|C,29510_A|C,6513_6515,11285_11293,21633_21641,28362_28370,29734_29759
OW681238	XM	241_C|T,2470_C|T,2832_A|G,3037_C|T,5386_T|G,8393_G|A,10029_C|T,10449_C|A,11537_A|G,13195_T|C,14408_C|T,15240_C|T,18163_A|G,19955_C|T,20055_A|G,21618_C|T,21762_C|T,21846_C|T,21987_G|A,22200_T|G,22578_G|A,22674_C|T,22679_T|C,22686_C|T,22688_A|G,22775_G|A,22786_A|C,22813_G|T,22882_T|G,22992_G|A,22995_C|A,23013_A|C,23040_A|G,23055_A|G,23063_A|T,23075_T|C,23403_A|G,23525_C|T,23599_T|G,23604_C|A,23854_C|A,23948_G|T,24424_A|T,24469_T|A,25000_C|T,25584_C|T,26060_C|T,26270_C|T,26577_C|G,26709_G|A,26858_C|T,27259_A|C,27382_G|C,27383_A|T,27384_T|C,27807_C|T,28271_A|T,28311_C|T,28881_G|A,28882_G|A,28883_G|C,29510_A|C,6513_6515,11285_11293,21633_21641,21765_21770,28362_28370
OW683366	XM	241_C|T,2470_C|T,2832_A|G,3037_C|T,3411_C|T,5386_T|G,8393_G|A,10029_C|T,10449_C|A,11537_A|G,13195_T|C,14408_C|T,15240_C|T,18163_A|G,19955_C|T,20055_A|G,21618_C|T,21987_G|A,22200_T|G,22578_G|A,22674_C|T,22679_T|C,22686_C|T,22688_A|G,22775_G|A,22786_A|C,22813_G|T,22882_T|G,22992_G|A,22995_C|A,23013_A|C,23040_A|G,23055_A|G,23063_A|T,23075_T|C,23403_A|G,23525_C|T,23599_T|G,23604_C|A,23854_C|A,23948_G|T,24424_A|T,24469_T|A,25000_C|T,25584_C|T,26060_C|T,26270_C|T,26577_C|G,26709_G|A,26858_C|T,27259_A|C,27382_G|C,27383_A|T,27384_T|C,27807_C|T,28271_A|T,28311_C|T,28881_G|A,28882_G|A,28883_G|C,29510_A|C,6513_6515,11285_11293,21633_21641,28362_28370,29734_29759
OW684508	XM	241_C|T,2470_C|T,2832_A|G,3037_C|T,5386_T|G,7303_C|T,8393_G|A,10029_C|T,10449_C|A,11537_A|G,12913_T|C,13195_T|C,14408_C|T,15240_C|T,18163_A|G,19955_C|T,20055_A|G,21618_C|T,21987_G|A,22200_T|G,22578_G|A,22674_C|T,22679_T|C,22686_C|T,22688_A|G,22775_G|A,22786_A|C,22813_G|T,22882_T|G,22992_G|A,22995_C|A,23013_A|C,23040_A|G,23055_A|G,23063_A|T,23075_T|C,23403_A|G,23525_C|T,23599_T|G,23604_C|A,23854_C|A,23948_G|T,24424_A|T,24469_T|A,25000_C|T,25584_C|T,26060_C|T,26270_C|T,26577_C|G,26709_G|A,26858_C|T,27259_A|C,27382_G|C,27383_A|T,27384_T|C,27807_C|T,28271_A|T,28311_C|T,28881_G|A,28882_G|A,28883_G|C,29510_A|C,6513_6515,11285_11293,21633_21641,28362_28370,29734_29759
OW685540	XM	241_C|T,2470_C|T,2832_A|G,3037_C|T,3411_C|T,5386_T|G,8393_G|A,10029_C|T,10449_C|A,11537_A|G,13195_T|C,14408_C|T,15240_C|T,18163_A|G,19955_C|T,20055_A|G,21618_C|T,21987_G|A,22200_T|G,22578_G|A,22674_C|T,22679_T|C,22686_C|T,22688_A|G,22775_G|A,22786_A|C,22813_G|T,22882_T|G,22992_G|A,22995_C|A,23013_A|C,23040_A|G,23055_A|G,23063_A|T,23075_T|C,23403_A|G,23525_C|T,23599_T|G,23604_C|A,23854_C|A,23948_G|T,24424_A|T,24469_T|A,25000_C|T,25584_C|T,26060_C|T,26270_C|T,26577_C|G,26709_G|A,26858_C|T,27259_A|C,27382_G|C,27383_A|T,27384_T|C,27807_C|T,28271_A|T,28311_C|T,28881_G|A,28882_G|A,28883_G|C,29510_A|C,6513_6515,11285_11293,21633_21641,28362_28370,29734_29759
OW686351	XM	241_C|T,2470_C|T,2832_A|G,3037_C|T,5386_T|G,8393_G|A,8645_C|T,10029_C|T,10449_C|A,11537_A|G,13195_T|C,14408_C|T,15240_C|T,15952_C|T,18163_A|G,19955_C|T,20055_A|G,21618_C|T,21987_G|A,22200_T|G,22578_G|A,22674_C|T,22679_T|C,22686_C|T,22688_A|G,22775_G|A,22786_A|C,22813_G|T,22882_T|G,22992_G|A,22995_C|A,23013_A|C,23040_A|G,23055_A|G,23063_A|T,23075_T|C,23403_A|G,23525_C|T,23599_T|G,23604_C|A,23854_C|A,23948_G|T,24424_A|T,24469_T|A,25000_C|T,25584_C|T,26060_C|T,26270_C|T,26577_C|G,26709_G|A,26858_C|T,27259_A|C,27382_G|C,27383_A|T,27384_T|C,27807_C|T,28271_A|T,28311_C|T,28881_G|A,28882_G|A,28883_G|C,29510_A|C,6513_6515,11285_11293,21633_21641,28362_28370,29734_29759
OW696692	XM	241_C|T,2470_C|T,2832_A|G,3037_C|T,5386_T|G,8393_G|A,10029_C|T,10449_C|A,11537_A|G,13195_T|C,14408_C|T,15240_C|T,15952_C|T,18163_A|G,19955_C|T,20055_A|G,21618_C|T,21987_G|A,22200_T|G,22578_G|A,22674_C|T,22679_T|C,22686_C|T,22688_A|G,22775_G|A,22786_A|C,22813_G|T,22882_T|G,22992_G|A,22995_C|A,23013_A|C,23040_A|G,23055_A|G,23063_A|T,23075_T|C,23403_A|G,23525_C|T,23599_T|G,23604_C|A,23854_C|A,23948_G|T,24424_A|T,24469_T|A,25000_C|T,25584_C|T,26060_C|T,26270_C|T,26577_C|G,26709_G|A,26858_C|T,27259_A|C,27382_G|C,27383_A|T,27384_T|C,27807_C|T,28054_C|T,28271_A|T,28311_C|T,28881_G|A,28882_G|A,28883_G|C,29510_A|C,6513_6515,11285_11293,21633_21641,28362_28370,29734_29759
OW696800	XM	241_C|T,2470_C|T,2832_A|G,3037_C|T,5386_T|G,8393_G|A,10029_C|T,10449_C|A,11537_A|G,13195_T|C,14408_C|T,15240_C|T,15952_C|T,18163_A|G,19955_C|T,20055_A|G,21618_C|T,21987_G|A,22200_T|G,22578_G|A,22674_C|T,22679_T|C,22686_C|T,22688_A|G,22775_G|A,22786_A|C,22813_G|T,22882_T|G,22992_G|A,22995_C|A,23013_A|C,23040_A|G,23055_A|G,23063_A|T,23075_T|C,23403_A|G,23525_C|T,23599_T|G,23604_C|A,23854_C|A,23948_G|T,24424_A|T,24469_T|A,25000_C|T,25584_C|T,26060_C|T,26270_C|T,26577_C|G,26709_G|A,26858_C|T,27259_A|C,27382_G|C,27383_A|T,27384_T|C,27807_C|T,28271_A|T,28311_C|T,28881_G|A,28882_G|A,28883_G|C,29510_A|C,6513_6515,11285_11293,21633_21641,28362_28370,29734_29759
OW696814	XM	241_C|T,2470_C|T,2832_A|G,3037_C|T,3411_C|T,5386_T|G,8393_G|A,10029_C|T,10449_C|A,11537_A|G,13195_T|C,14408_C|T,15240_C|T,18163_A|G,19955_C|T,20055_A|G,21618_C|T,21987_G|A,22200_T|G,22578_G|A,22674_C|T,22679_T|C,22686_C|T,22688_A|G,22775_G|A,22786_A|C,22813_G|T,22882_T|G,22992_G|A,22995_C|A,23013_A|C,23040_A|G,23055_A|G,23063_A|T,23075_T|C,23403_A|G,23525_C|T,23599_T|G,23604_C|A,23854_C|A,23948_G|T,24424_A|T,24469_T|A,25000_C|T,25584_C|T,26060_C|T,26270_C|T,26577_C|G,26709_G|A,26858_C|T,27259_A|C,27382_G|C,27383_A|T,27384_T|C,27807_C|T,28271_A|T,28311_C|T,28881_G|A,28882_G|A,28883_G|C,29510_A|C,6513_6515,11285_11293,21633_21641,28362_28370,29734_29759
OW700679	XM	241_C|T,2470_C|T,2832_A|G,3037_C|T,5386_T|G,8393_G|A,10029_C|T,10449_C|A,11537_A|G,13195_T|C,14408_C|T,15240_C|T,16695_T|C,18163_A|G,19955_C|T,20055_A|G,21618_C|T,21987_G|A,22200_T|G,22578_G|A,22674_C|T,22679_T|C,22686_C|T,22688_A|G,22775_G|A,22786_A|C,22813_G|T,22882_T|G,22992_G|A,22995_C|A,23013_A|C,23040_A|G,23055_A|G,23063_A|T,23075_T|C,23403_A|G,23525_C|T,23599_T|G,23604_C|A,23854_C|A,23948_G|T,24424_A|T,24469_T|A,25000_C|T,25584_C|T,26060_C|T,26270_C|T,26577_C|G,26709_G|A,26858_C|T,27259_A|C,27382_G|C,27383_A|T,27384_T|C,27807_C|T,28271_A|T,28311_C|T,28881_G|A,28882_G|A,28883_G|C,29510_A|C,6513_6515,11285_11293,21633_21641,28362_28370
OW701873	XM	241_C|T,2470_C|T,2832_A|G,3037_C|T,5386_T|G,8393_G|A,10029_C|T,10449_C|A,11537_A|G,13195_T|C,14408_C|T,15240_C|T,16257_T|C,18163_A|G,19955_C|T,20055_A|G,21618_C|T,21987_G|A,22200_T|G,22578_G|A,22674_C|T,22679_T|C,22686_C|T,22688_A|G,22775_G|A,22786_A|C,22813_G|T,22882_T|G,22992_G|A,22995_C|A,23013_A|C,23040_A|G,23055_A|G,23063_A|T,23075_T|C,23403_A|G,23525_C|T,23599_T|G,23604_C|A,23854_C|A,23948_G|T,24424_A|T,24469_T|A,25000_C|T,25584_C|T,26060_C|T,26270_C|T,26577_C|G,26709_G|A,26858_C|T,27259_A|C,27382_G|C,27383_A|T,27384_T|C,27807_C|T,28271_A|T,28311_C|T,28881_G|A,28882_G|A,28883_G|C,29510_A|C,6513_6515,11285_11293,21633_21641,28362_28370
OW709518	XM	241_C|T,2470_C|T,2832_A|G,3037_C|T,5386_T|G,8393_G|A,10029_C|T,10449_C|A,11537_A|G,13195_T|C,14408_C|T,15240_C|T,16257_T|C,18163_A|G,19955_C|T,20055_A|G,21618_C|T,21987_G|A,22200_T|G,22578_G|A,22674_C|T,22679_T|C,22686_C|T,22688_A|G,22775_G|A,22786_A|C,22813_G|T,22882_T|G,22992_G|A,22995_C|A,23013_A|C,23040_A|G,23055_A|G,23063_A|T,23075_T|C,23403_A|G,23525_C|T,23599_T|G,23604_C|A,23854_C|A,23948_G|T,24424_A|T,24469_T|A,25000_C|T,25584_C|T,26060_C|T,26270_C|T,26577_C|G,26709_G|A,26858_C|T,27259_A|C,27382_G|C,27383_A|T,27384_T|C,27807_C|T,28271_A|T,28311_C|T,28881_G|A,28882_G|A,28883_G|C,29510_A|C,6513_6515,11285_11293,21633_21641,28362_28370,29734_29759
OW710790	XM	241_C|T,2470_C|T,2832_A|G,3037_C|T,5386_T|G,8393_G|A,10029_C|T,10449_C|A,11537_A|G,13195_T|C,14408_C|T,15240_C|T,15952_C|T,18163_A|G,19955_C|T,20055_A|G,21618_C|T,21987_G|A,22200_T|G,22578_G|A,22674_C|T,22679_T|C,22686_C|T,22688_A|G,22775_G|A,22786_A|C,22813_G|T,22882_T|G,22992_G|A,22995_C|A,23013_A|C,23040_A|G,23055_A|G,23063_A|T,23075_T|C,23403_A|G,23525_C|T,23599_T|G,23604_C|A,23854_C|A,23948_G|T,24424_A|T,24469_T|A,25000_C|T,25584_C|T,26060_C|T,26270_C|T,26709_G|A,26858_C|T,27259_A|C,27382_G|C,27383_A|T,27384_T|C,27807_C|T,28271_A|T,28311_C|T,28881_G|A,28882_G|A,28883_G|C,29510_A|C,6513_6515,11285_11293,21633_21641,28362_28370,29734_29759
OW720025	XM	241_C|T,2470_C|T,2832_A|G,3037_C|T,5386_T|G,6181_T|C,8393_G|A,10029_C|T,10449_C|A,11537_A|G,13195_T|C,14408_C|T,15240_C|T,16257_T|C,18163_A|G,19955_C|T,20055_A|G,21618_C|T,21987_G|A,22200_T|G,22578_G|A,22674_C|T,22679_T|C,22686_C|T,22688_A|G,22775_G|A,22786_A|C,22813_G|T,22882_T|G,22992_G|A,22995_C|A,23013_A|C,23040_A|G,23055_A|G,23063_A|T,23075_T|C,23403_A|G,23525_C|T,23599_T|G,23604_C|A,23854_C|A,23948_G|T,24424_A|T,24469_T|A,25000_C|T,25584_C|T,26060_C|T,26270_C|T,26577_C|G,26709_G|A,26858_C|T,27259_A|C,27382_G|C,27383_A|T,27384_T|C,27807_C|T,28271_A|T,28311_C|T,28881_G|A,28882_G|A,28883_G|C,29510_A|C,6513_6515,11285_11293,21633_21641,28362_28370
OW720302	XM	241_C|T,2470_C|T,2832_A|G,3037_C|T,5386_T|G,8393_G|A,10029_C|T,10449_C|A,11537_A|G,13195_T|C,14408_C|T,15240_C|T,16257_T|C,18163_A|G,19955_C|T,20055_A|G,21618_C|T,21987_G|A,22200_T|G,22578_G|A,22674_C|T,22679_T|C,22686_C|T,22688_A|G,22775_G|A,22786_A|C,22813_G|T,22882_T|G,22992_G|A,22995_C|A,23013_A|C,23040_A|G,23055_A|G,23063_A|T,23075_T|C,23403_A|G,23525_C|T,23599_T|G,23604_C|A,23854_C|A,23948_G|T,24424_A|T,24469_T|A,25000_C|T,25584_C|T,26060_C|T,26270_C|T,26577_C|G,26709_G|A,26858_C|T,27259_A|C,27382_G|C,27383_A|T,27384_T|C,27625_C|A,27807_C|T,28271_A|T,28311_C|T,28881_G|A,28882_G|A,28883_G|C,29510_A|C,6513_6515,11285_11293,21633_21641,28362_28370
OW720422	XM	241_C|T,2470_C|T,2832_A|G,3037_C|T,5386_T|G,8393_G|A,10029_C|T,10449_C|A,11537_A|G,13195_T|C,14408_C|T,15240_C|T,16257_T|C,18163_A|G,19955_C|T,20055_A|G,21618_C|T,21987_G|A,22200_T|G,22578_G|A,22674_C|T,22679_T|C,22686_C|T,22688_A|G,22775_G|A,22786_A|C,22813_G|T,22882_T|G,22992_G|A,22995_C|A,23013_A|C,23040_A|G,23055_A|G,23063_A|T,23075_T|C,23403_A|G,23525_C|T,23599_T|G,23604_C|A,23854_C|A,23948_G|T,24424_A|T,24469_T|A,25000_C|T,25584_C|T,26060_C|T,26270_C|T,26577_C|G,26709_G|A,26858_C|T,27259_A|C,27294_C|T,27382_G|C,27383_A|T,27384_T|C,27807_C|T,28271_A|T,28311_C|T,28881_G|A,28882_G|A,28883_G|C,29510_A|C,6513_6515,11285_11293,21633_21641,28362_28370
OW720712	XM	241_C|T,2470_C|T,2832_A|G,3037_C|T,5386_T|G,5730_C|T,8393_G|A,10029_C|T,10449_C|A,11537_A|G,13195_T|C,14408_C|T,15240_C|T,16257_T|C,18163_A|G,19955_C|T,20055_A|G,21618_C|T,21987_G|A,22200_T|G,22578_G|A,22674_C|T,22679_T|C,22686_C|T,22688_A|G,22775_G|A,22786_A|C,22813_G|T,22882_T|G,22992_G|A,22995_C|A,23013_A|C,23040_A|G,23055_A|G,23063_A|T,23075_T|C,23403_A|G,23525_C|T,23599_T|G,23604_C|A,23854_C|A,23948_G|T,24424_A|T,24469_T|A,25000_C|T,25584_C|T,26060_C|T,26270_C|T,26577_C|G,26709_G|A,26858_C|T,27259_A|C,27382_G|C,27383_A|T,27384_T|C,27807_C|T,28271_A|T,28311_C|T,28881_G|A,28882_G|A,28883_G|C,29510_A|C,6513_6515,11285_11293,21633_21641,28362_28370
OW738519	XM	241_C|T,2470_C|T,2832_A|G,3037_C|T,5386_T|G,8393_G|A,10029_C|T,10449_C|A,11524_T|C,11537_A|G,13195_T|C,14408_C|T,15240_C|T,18163_A|G,19955_C|T,20055_A|G,21618_C|T,21987_G|A,22200_T|G,22578_G|A,22674_C|T,22679_T|C,22686_C|T,22688_A|G,22775_G|A,22786_A|C,22813_G|T,22882_T|G,22992_G|A,22995_C|A,23013_A|C,23040_A|G,23055_A|G,23063_A|T,23075_T|C,23403_A|G,23525_C|T,23599_T|G,23604_C|A,23854_C|A,23948_G|T,24424_A|T,24469_T|A,25000_C|T,25584_C|T,26060_C|T,26270_C|T,26577_C|G,26709_G|A,26858_C|T,27259_A|C,27382_G|C,27383_A|T,27384_T|C,27807_C|T,28271_A|T,28311_C|T,28881_G|A,28882_G|A,28883_G|C,29510_A|C,6513_6515,11285_11293,21633_21641,28362_28370
OW805763	XM	241_C|T,2470_C|T,2832_A|G,3037_C|T,5386_T|G,6181_T|C,8393_G|A,10029_C|T,10449_C|A,11537_A|G,13195_T|C,14408_C|T,15240_C|T,16257_T|C,18163_A|G,19955_C|T,20055_A|G,21618_C|T,21987_G|A,22200_T|G,22578_G|A,22674_C|T,22679_T|C,22686_C|T,22688_A|G,22775_G|A,22786_A|C,22813_G|T,22882_T|G,22992_G|A,22995_C|A,23013_A|C,23040_A|G,23055_A|G,23063_A|T,23075_T|C,23403_A|G,23525_C|T,23599_T|G,23604_C|A,23854_C|A,23948_G|T,24424_A|T,24469_T|A,25000_C|T,25584_C|T,26060_C|T,26270_C|T,26577_C|G,26709_G|A,26858_C|T,27259_A|C,27382_G|C,27383_A|T,27384_T|C,27807_C|T,28271_A|T,28311_C|T,28881_G|A,28882_G|A,28883_G|C,29510_A|C,29523_C|T,6513_6515,11285_11293,21633_21641,28362_28370
OW805771	XM	241_C|T,2470_C|T,2832_A|G,3037_C|T,5386_T|G,8393_G|A,10029_C|T,10449_C|A,11537_A|G,13195_T|C,14408_C|T,15240_C|T,16257_T|C,18163_A|G,19955_C|T,20055_A|G,21618_C|T,21987_G|A,22200_T|G,22578_G|A,22674_C|T,22679_T|C,22686_C|T,22688_A|G,22775_G|A,22786_A|C,22813_G|T,22882_T|G,22992_G|A,22995_C|A,23013_A|C,23040_A|G,23055_A|G,23063_A|T,23075_T|C,23403_A|G,23525_C|T,23599_T|G,23604_C|A,23854_C|A,23948_G|T,24424_A|T,24469_T|A,25000_C|T,25584_C|T,26060_C|T,26270_C|T,26577_C|G,26709_G|A,26858_C|T,27259_A|C,27382_G|C,27383_A|T,27384_T|C,27807_C|T,28271_A|T,28311_C|T,28881_G|A,28882_G|A,28883_G|C,29510_A|C,6513_6515,11285_11293,21633_21641,28362_28370
OW805943	XM	241_C|T,2470_C|T,2832_A|G,3037_C|T,5386_T|G,8393_G|A,9935_A|G,10029_C|T,10449_C|A,11537_A|G,13195_T|C,14408_C|T,15240_C|T,16257_T|C,18163_A|G,19955_C|T,20055_A|G,21618_C|T,21987_G|A,22200_T|G,22578_G|A,22674_C|T,22679_T|C,22686_C|T,22688_A|G,22775_G|A,22786_A|C,22813_G|T,22882_T|G,22992_G|A,22995_C|A,23013_A|C,23040_A|G,23055_A|G,23063_A|T,23075_T|C,23403_A|G,23525_C|T,23599_T|G,23604_C|A,23854_C|A,23948_G|T,24424_A|T,24469_T|A,25000_C|T,25584_C|T,26060_C|T,26270_C|T,26577_C|G,26709_G|A,26858_C|T,27259_A|C,27382_G|C,27383_A|T,27384_T|C,27807_C|T,28271_A|T,28311_C|T,28881_G|A,28882_G|A,28883_G|C,29510_A|C,6513_6515,11285_11293,21633_21641,28362_28370
OW807159	XM	241_C|T,2470_C|T,2832_A|G,3037_C|T,5386_T|G,8393_G|A,10029_C|T,10449_C|A,11537_A|G,13195_T|C,14408_C|T,15240_C|T,18163_A|G,19955_C|T,20055_A|G,21618_C|T,21987_G|A,22200_T|G,22578_G|A,22674_C|T,22679_T|C,22686_C|T,22688_A|G,22775_G|A,22786_A|C,22813_G|T,22882_T|G,22992_G|A,22995_C|A,23013_A|C,23040_A|G,23055_A|G,23063_A|T,23075_T|C,23403_A|G,23525_C|T,23599_T|G,23604_C|A,23854_C|A,23948_G|T,24424_A|T,24469_T|A,25000_C|T,25327_A|C,25584_C|T,26060_C|T,26270_C|T,26577_C|G,26709_G|A,26858_C|T,27259_A|C,27382_G|C,27383_A|T,27384_T|C,27807_C|T,28271_A|T,28311_C|T,28473_C|T,28881_G|A,28882_G|A,28883_G|C,29510_A|C,6513_6515,11285_11293,21633_21641,28362_28370,29734_29759
OW811314	XM	241_C|T,2470_C|T,2832_A|G,3037_C|T,5386_T|G,8393_G|A,10029_C|T,10449_C|A,11537_A|G,13195_T|C,14408_C|T,15240_C|T,18163_A|G,19955_C|T,20055_A|G,21618_C|T,21987_G|A,22200_T|G,22578_G|A,22674_C|T,22679_T|C,22686_C|T,22688_A|G,22775_G|A,22786_A|C,22813_G|T,22882_T|G,22992_G|A,22995_C|A,23013_A|C,23040_A|G,23055_A|G,23063_A|T,23075_T|C,23403_A|G,23525_C|T,23599_T|G,23604_C|A,23854_C|A,23948_G|T,24424_A|T,24469_T|A,25000_C|T,25584_C|T,26060_C|T,26270_C|T,26577_C|G,26709_G|A,26858_C|T,27259_A|C,27382_G|C,27383_A|T,27384_T|C,27807_C|T,28271_A|T,28311_C|T,28881_G|A,28882_G|A,28883_G|C,29510_A|C,6513_6515,11288_11296,21633_21641,28362_28370
OW857545	XM	241_C|T,2470_C|T,2832_A|G,3037_C|T,5386_T|G,8393_G|A,10029_C|T,10449_C|A,11537_A|G,13195_T|C,14408_C|T,15240_C|T,18163_A|G,19955_C|T,20055_A|G,21618_C|T,21987_G|A,22200_T|G,22578_G|A,22674_C|T,22679_T|C,22686_C|T,22688_A|G,22775_G|A,22786_A|C,22813_G|T,22882_T|G,22992_G|A,22995_C|A,23013_A|C,23040_A|G,23055_A|G,23063_A|T,23075_T|C,23403_A|G,23525_C|T,23599_T|G,23604_C|A,23854_C|A,23948_G|T,24424_A|T,24469_T|A,25000_C|T,25584_C|T,26060_C|T,26270_C|T,26577_C|G,26709_G|A,26858_C|T,27259_A|C,27382_G|C,27383_A|T,27384_T|C,27807_C|T,28271_A|T,28311_C|T,28881_G|A,28882_G|A,28883_G|C,29510_A|C,6513_6515,11285_11293,21633_21641,28362_28370,29734_29759
OW868186	XM	241_C|T,2470_C|T,2832_A|G,3037_C|T,5386_T|G,8393_G|A,10029_C|T,10449_C|A,11083_G|T,11537_A|G,13195_T|C,14408_C|T,15240_C|T,18163_A|G,19955_C|T,20055_A|G,21618_C|T,21987_G|A,22200_T|G,22578_G|A,22674_C|T,22679_T|C,22686_C|T,22688_A|G,22775_G|A,22786_A|C,22813_G|T,22882_T|G,22992_G|A,22995_C|A,23013_A|C,23040_A|G,23055_A|G,23063_A|T,23075_T|C,23403_A|G,23525_C|T,23599_T|G,23604_C|A,23854_C|A,23948_G|T,24424_A|T,24469_T|A,25000_C|T,25584_C|T,26060_C|T,26270_C|T,26577_C|G,26709_G|A,26858_C|T,27259_A|C,27382_G|C,27383_A|T,27384_T|C,27807_C|T,28271_A|T,28311_C|T,28881_G|A,28882_G|A,28883_G|C,29510_A|C,6513_6515,11285_11293,21633_21641,28362_28370,29734_29759
OW869042	XM	241_C|T,2470_C|T,2832_A|G,3037_C|T,5386_T|G,8393_G|A,10029_C|T,10449_C|A,11537_A|G,13195_T|C,14408_C|T,15240_C|T,16257_T|C,18163_A|G,19955_C|T,20055_A|G,21618_C|T,21987_G|A,22200_T|G,22578_G|A,22674_C|T,22679_T|C,22686_C|T,22688_A|G,22775_G|A,22786_A|C,22813_G|T,22882_T|G,22992_G|A,22995_C|A,23013_A|C,23040_A|G,23055_A|G,23063_A|T,23075_T|C,23403_A|G,23525_C|T,23599_T|G,23604_C|A,23854_C|A,23948_G|T,24424_A|T,24469_T|A,25000_C|T,25584_C|T,26060_C|T,26270_C|T,26577_C|G,26709_G|A,26858_C|T,27259_A|C,27382_G|C,27383_A|T,27384_T|C,27807_C|T,28271_A|T,28311_C|T,28881_G|A,28882_G|A,28883_G|C,29510_A|C,6513_6515,11285_11293,21633_21641,28362_28370,29734_29759
OW869414	XM	241_C|T,2470_C|T,2832_A|G,3037_C|T,5386_T|G,8393_G|A,10029_C|T,10449_C|A,11537_A|G,13195_T|C,14408_C|T,15240_C|T,18163_A|G,19955_C|T,20055_A|G,21618_C|T,21987_G|A,22200_T|G,22578_G|A,22674_C|T,22679_T|C,22686_C|T,22688_A|G,22775_G|A,22786_A|C,22813_G|T,22882_T|G,22992_G|A,22995_C|A,23013_A|C,23040_A|G,23055_A|G,23063_A|T,23075_T|C,23403_A|G,23525_C|T,23599_T|G,23604_C|A,23854_C|A,23948_G|T,24424_A|T,24469_T|A,25000_C|T,25584_C|T,26060_C|T,26270_C|T,26577_C|G,26709_G|A,26858_C|T,27259_A|C,27382_G|C,27383_A|T,27384_T|C,27807_C|T,28271_A|T,28311_C|T,28881_G|A,28882_G|A,28883_G|C,29510_A|C,6513_6515,11285_11293,21633_21641,28362_28370,29734_29759
OW900879	XM	241_C|T,2470_C|T,2832_A|G,3037_C|T,5386_T|G,8393_G|A,10029_C|T,10449_C|A,11537_A|G,13195_T|C,14408_C|T,15240_C|T,18163_A|G,19955_C|T,20055_A|G,21618_C|T,21987_G|A,22200_T|G,22578_G|A,22674_C|T,22679_T|C,22686_C|T,22688_A|G,22775_G|A,22786_A|C,22813_G|T,22882_T|G,22992_G|A,22995_C|A,23013_A|C,23040_A|G,23055_A|G,23063_A|T,23075_T|C,23403_A|G,23525_C|T,23599_T|G,23604_C|A,23854_C|A,23948_G|T,24424_A|T,24469_T|A,25000_C|T,25584_C|T,26060_C|T,26270_C|T,26577_C|G,26709_G|A,26858_C|T,27259_A|C,27382_G|C,27383_A|T,27384_T|C,27807_C|T,28271_A|T,28311_C|T,28881_G|A,28882_G|A,28883_G|C,29510_A|C,6513_6515,11285_11293,21633_21641,28362_28370,29734_29759
OW901963	XM	241_C|T,2470_C|T,2832_A|G,3037_C|T,5386_T|G,8393_G|A,10029_C|T,10449_C|A,11537_A|G,13195_T|C,14408_C|T,14857_G|T,15240_C|T,18163_A|G,19955_C|T,20055_A|G,21618_C|T,21987_G|A,22200_T|G,22578_G|A,22674_C|T,22679_T|C,22686_C|T,22688_A|G,22775_G|A,22786_A|C,22813_G|T,22992_G|A,22995_C|A,23013_A|C,23040_A|G,23055_A|G,23063_A|T,23075_T|C,23403_A|G,23525_C|T,23599_T|G,23604_C|A,23854_C|A,23948_G|T,24424_A|T,24469_T|A,25000_C|T,25584_C|T,26060_C|T,26270_C|T,26709_G|A,26858_C|T,27259_A|C,27382_G|C,27383_A|T,27384_T|C,27807_C|T,28271_A|T,28311_C|T,28881_G|A,28882_G|A,28883_G|C,29475_A|C,29510_A|C,6513_6515,11285_11293,21633_21641,28362_28370,29734_29759
OW902897	XM	241_C|T,2470_C|T,2832_A|G,3037_C|T,5386_T|G,8393_G|A,10029_C|T,10449_C|A,11083_G|T,11537_A|G,13195_T|C,14408_C|T,15240_C|T,18163_A|G,19955_C|T,20055_A|G,21618_C|T,21987_G|A,22200_T|G,22578_G|A,22674_C|T,22679_T|C,22686_C|T,22688_A|G,22775_G|A,22786_A|C,22813_G|T,22882_T|G,22992_G|A,22995_C|A,23013_A|C,23040_A|G,23055_A|G,23063_A|T,23075_T|C,23403_A|G,23525_C|T,23599_T|G,23604_C|A,23854_C|A,23948_G|T,24424_A|T,24469_T|A,25000_C|T,25584_C|T,26060_C|T,26270_C|T,26709_G|A,26858_C|T,27259_A|C,27382_G|C,27383_A|T,27384_T|C,27807_C|T,28271_A|T,28311_C|T,28881_G|A,28882_G|A,28883_G|C,29510_A|C,6513_6515,11285_11293,21633_21641,28362_28370,29734_29759
OW903416	XM	241_C|T,2470_C|T,2832_A|G,3037_C|T,5386_T|G,8393_G|A,10029_C|T,10449_C|A,11537_A|G,13195_T|C,14408_C|T,15240_C|T,18163_A|G,19955_C|T,20055_A|G,21618_C|T,21987_G|A,22200_T|G,22578_G|A,22674_C|T,22679_T|C,22686_C|T,22688_A|G,22775_G|A,22786_A|C,22813_G|T,22882_T|G,22992_G|A,22995_C|A,23013_A|C,23040_A|G,23055_A|G,23063_A|T,23075_T|C,23403_A|G,23525_C|T,23599_T|G,23604_C|A,23854_C|A,23948_G|T,24424_A|T,24469_T|A,25000_C|T,25584_C|T,25634_G|T,26060_C|T,26270_C|T,26577_C|G,26709_G|A,26858_C|T,27259_A|C,27382_G|C,27383_A|T,27384_T|C,27807_C|T,28271_A|T,28311_C|T,28881_G|A,28882_G|A,28883_G|C,29510_A|C,6513_6515,11285_11293,21633_21641,28362_28370,29734_29759
OW907676	XM	21_C|T,241_C|T,2470_C|T,2832_A|G,3037_C|T,5386_T|G,8393_G|A,10029_C|T,10449_C|A,11524_T|C,11537_A|G,13195_T|C,14408_C|T,15240_C|T,16257_T|C,18163_A|G,19955_C|T,20055_A|G,21618_C|T,21987_G|A,22200_T|G,22578_G|A,22674_C|T,22679_T|C,22686_C|T,22688_A|G,22775_G|A,22786_A|C,22813_G|T,22882_T|G,22992_G|A,22995_C|A,23013_A|C,23040_A|G,23055_A|G,23063_A|T,23075_T|C,23403_A|G,23525_C|T,23599_T|G,23604_C|A,23854_C|A,23948_G|T,24424_A|T,24469_T|A,25000_C|T,25584_C|T,26060_C|T,26270_C|T,26577_C|G,26709_G|A,26858_C|T,27259_A|C,27382_G|C,27383_A|T,27384_T|C,27807_C|T,28271_A|T,28311_C|T,28881_G|A,28882_G|A,28883_G|C,29510_A|C,6513_6515,11285_11293,21633_21641,28362_28370
OX951539	XM	241_C|T,2470_C|T,2832_A|G,3037_C|T,5386_T|G,8393_G|A,10029_C|T,10449_C|A,11537_A|G,13195_T|C,14408_C|T,15240_C|T,16257_T|C,18163_A|G,19955_C|T,20055_A|G,21618_C|T,21987_G|A,22200_T|G,22578_G|A,22674_C|T,22679_T|C,22686_C|T,22688_A|G,22775_G|A,22786_A|C,22813_G|T,22882_T|G,22992_G|A,22995_C|A,23013_A|C,23040_A|G,23055_A|G,23063_A|T,23075_T|C,23403_A|G,23525_C|T,23599_T|G,23604_C|A,23609_C|T,23854_C|A,23948_G|T,24424_A|T,24469_T|A,25000_C|T,25584_C|T,26060_C|T,26270_C|T,26577_C|G,26709_G|A,26858_C|T,27259_A|C,27382_G|C,27383_A|T,27384_T|C,27807_C|T,28271_A|T,28311_C|T,28881_G|A,28882_G|A,28883_G|C,29510_A|C,6513_6515,11285_11293,21633_21641,28362_28370,29734_29759
OX951952	XM	21_C|T,241_C|T,343_G|A,2470_C|T,2832_A|G,3037_C|T,5386_T|G,5802_A|G,8393_G|A,10029_C|T,10449_C|A,11537_A|G,13195_T|C,14408_C|T,15240_C|T,16257_T|C,18163_A|G,19955_C|T,20055_A|G,21618_C|T,21987_G|A,22200_T|G,22578_G|A,22674_C|T,22679_T|C,22686_C|T,22688_A|G,22775_G|A,22786_A|C,22813_G|T,22882_T|G,22992_G|A,22995_C|A,23013_A|C,23040_A|G,23055_A|G,23063_A|T,23075_T|C,23403_A|G,23525_C|T,23599_T|G,23854_C|A,23948_G|T,24424_A|T,24469_T|A,25000_C|T,25584_C|T,26060_C|T,26270_C|T,26577_C|G,26709_G|A,26858_C|T,27259_A|C,27382_G|C,27383_A|T,27384_T|C,27807_C|T,28311_C|T,28881_G|A,28882_G|A,28883_G|C,29438_C|G,29510_A|C,11285_11293,21633_21641,28362_28370
OX955572	XM	241_C|T,2470_C|T,2832_A|G,3037_C|T,5386_T|G,7303_C|T,8393_G|A,10029_C|T,10449_C|A,11537_A|G,12913_T|C,13195_T|C,14408_C|T,15240_C|T,18163_A|G,19955_C|T,20055_A|G,20987_C|T,21618_C|T,21987_G|A,22200_T|G,22578_G|A,22674_C|T,22679_T|C,22686_C|T,22688_A|G,22775_G|A,22786_A|C,22813_G|T,22882_T|G,22992_G|A,22995_C|A,23013_A|C,23040_A|G,23403_A|G,23525_C|T,23599_T|G,23604_C|A,23854_C|A,23948_G|T,24424_A|T,24469_T|A,25000_C|T,25584_C|T,26060_C|T,26270_C|T,26577_C|G,26709_G|A,26858_C|T,27259_A|C,27382_G|C,27383_A|T,27384_T|C,27807_C|T,27977_T|C,28271_A|T,28311_C|T,28881_G|A,28882_G|A,28883_G|C,29510_A|C,6513_6515,11285_11293,21633_21641,28362_28370,29734_29759
OX961745	XM	241_C|T,2470_C|T,2832_A|G,3037_C|T,5386_T|G,8393_G|A,10029_C|T,10449_C|A,11537_A|G,13195_T|C,14408_C|T,15240_C|T,18163_A|G,19955_C|T,20055_A|G,21618_C|T,21987_G|A,22200_T|G,22578_G|A,22674_C|T,22679_T|C,22686_C|T,22688_A|G,22775_G|A,22786_A|C,22813_G|T,22882_T|G,22992_G|A,22995_C|A,23013_A|C,23040_A|G,23055_A|G,23063_A|T,23075_T|C,23403_A|G,23525_C|T,23599_T|G,23604_C|A,23854_C|A,23948_G|T,24424_A|T,24469_T|A,25000_C|T,25584_C|T,26060_C|T,26270_C|T,26577_C|G,26709_G|A,26858_C|T,27259_A|C,27382_G|C,27383_A|T,27384_T|C,27807_C|T,28271_A|T,28311_C|T,28881_G|A,28882_G|A,28883_G|C,29510_A|C,6513_6515,11285_11293,21633_21641,28362_28370
OX966719	XM	241_C|T,2470_C|T,2832_A|G,3037_C|T,5386_T|G,6255_C|T,8393_G|A,10029_C|T,10449_C|A,11524_T|C,11537_A|G,13195_T|C,14408_C|T,15240_C|T,16257_T|C,18163_A|G,19955_C|T,20055_A|G,21618_C|T,21987_G|A,22200_T|G,22578_G|A,22674_C|T,22679_T|C,22686_C|T,22688_A|G,22775_G|A,22786_A|C,22813_G|T,22882_T|G,22992_G|A,22995_C|A,23013_A|C,23040_A|G,23055_A|G,23063_A|T,23075_T|C,23403_A|G,23525_C|T,23599_T|G,23604_C|A,23854_C|A,23948_G|T,24424_A|T,24469_T|A,25000_C|T,25584_C|T,26060_C|T,26270_C|T,26577_C|G,26709_G|A,26858_C|T,27259_A|C,27382_G|C,27383_A|T,27384_T|C,27807_C|T,28271_A|T,28311_C|T,28881_G|A,28882_G|A,28883_G|C,29510_A|C,6513_6515,11285_11293,21633_21641,28362_28370
OX967112	XM	66_C|T,241_C|T,2470_C|T,2832_A|G,3037_C|T,5386_T|G,8393_G|A,10029_C|T,10449_C|A,11537_A|G,13195_T|C,14408_C|T,15240_C|T,16257_T|C,18163_A|G,19955_C|T,20055_A|G,21618_C|T,21987_G|A,22200_T|G,22578_G|A,22674_C|T,22679_T|C,22686_C|T,22688_A|G,22775_G|A,22786_A|C,22813_G|T,22882_T|G,22992_G|A,22995_C|A,23013_A|C,23040_A|G,23055_A|G,23063_A|T,23075_T|C,23403_A|G,23525_C|T,23599_T|G,23604_C|A,23854_C|A,23948_G|T,24424_A|T,24469_T|A,24853_A|T,25000_C|T,25584_C|T,26060_C|T,26270_C|T,26577_C|G,26709_G|A,26858_C|T,27259_A|C,27382_G|C,27383_A|T,27384_T|C,27807_C|T,28271_A|T,28311_C|T,28881_G|A,28882_G|A,28883_G|C,29510_A|C,6513_6515,11285_11293,21633_21641,28362_28370,29734_29759
OX984479	XM	241_C|T,2470_C|T,2832_A|G,3037_C|T,5386_T|G,8393_G|A,10029_C|T,10449_C|A,11537_A|G,13195_T|C,14408_C|T,15240_C|T,18163_A|G,19955_C|T,20055_A|G,21618_C|T,21987_G|A,22200_T|G,22578_G|A,22674_C|T,22679_T|C,22686_C|T,22688_A|G,22775_G|A,22786_A|C,22813_G|T,22882_T|G,22992_G|A,22995_C|A,23013_A|C,23040_A|G,23055_A|G,23063_A|T,23075_T|C,23403_A|G,23525_C|T,23599_T|G,23604_C|A,23854_C|A,23948_G|T,24424_A|T,24469_T|A,25000_C|T,25584_C|T,26060_C|T,26270_C|T,26577_C|G,26709_G|A,26858_C|T,27259_A|C,27382_G|C,27383_A|T,27384_T|C,27807_C|T,28271_A|T,28311_C|T,28881_G|A,28882_G|A,28883_G|C,29510_A|C,6513_6515,11285_11293,21633_21641,28362_28370
OY061717	XM	241_C|T,2470_C|T,2832_A|G,3037_C|T,5386_T|G,8393_G|A,10029_C|T,10138_C|T,10449_C|A,11537_A|G,13195_T|C,14408_C|T,15240_C|T,18163_A|G,19955_C|T,20055_A|G,21575_C|T,21618_C|T,21987_G|A,22200_T|G,22578_G|A,22674_C|T,22679_T|C,22686_C|T,22688_A|G,22775_G|A,22786_A|C,22813_G|T,22882_T|G,22992_G|A,22995_C|A,23013_A|C,23040_A|G,23055_A|G,23063_A|T,23075_T|C,23403_A|G,23525_C|T,23599_T|G,23604_C|A,23854_C|A,23948_G|T,24211_T|C,24424_A|T,24469_T|A,25000_C|T,25584_C|T,26060_C|T,26110_C|T,26270_C|T,26577_C|G,26709_G|A,26858_C|T,27259_A|C,27382_G|C,27383_A|T,27384_T|C,27807_C|T,28271_A|T,28311_C|T,28881_G|A,28882_G|A,28883_G|C,29510_A|C,6513_6515,11285_11293,21633_21641,28362_28370
OY062150	XM	21_C|T,241_C|T,2470_C|T,2832_A|G,3037_C|T,5386_T|G,8393_G|A,10029_C|T,10449_C|A,11537_A|G,13195_T|C,14408_C|T,15037_C|T,15240_C|T,16257_T|C,18163_A|G,19955_C|T,20055_A|G,21618_C|T,21987_G|A,22200_T|G,22578_G|A,22674_C|T,22679_T|C,22686_C|T,22688_A|G,22775_G|A,22786_A|C,22813_G|T,23063_A|T,23075_T|C,23403_A|G,23525_C|T,23599_T|G,23604_C|A,23854_C|A,23948_G|T,24424_A|T,24469_T|A,25000_C|T,25471_G|T,25584_C|T,26060_C|T,26270_C|T,26577_C|G,26709_G|A,26858_C|T,27259_A|C,27382_G|C,27383_A|T,27384_T|C,27807_C|T,28271_A|T,28311_C|T,28881_G|A,28882_G|A,28883_G|C,29510_A|C,6513_6515,11285_11293,21633_21641,28362_28370,29734_29759
OY064447	XM	241_C|T,1594_C|T,2470_C|T,2832_A|G,3037_C|T,4682_G|A,5386_T|G,8393_G|A,10029_C|T,10449_C|A,11537_A|G,12400_C|T,13195_T|C,14408_C|T,15240_C|T,16257_T|C,18163_A|G,19955_C|T,20055_A|G,21618_C|T,21987_G|A,22200_T|G,22578_G|A,22674_C|T,22679_T|C,22686_C|T,22688_A|G,22775_G|A,22786_A|C,22813_G|T,22992_G|A,22995_C|A,23013_A|C,23040_A|G,23055_A|G,23063_A|T,23075_T|C,23403_A|G,23525_C|T,23599_T|G,23604_C|A,23854_C|A,23948_G|T,24424_A|T,24469_T|A,25000_C|T,25437_G|T,25584_C|T,26060_C|T,26270_C|T,26577_C|G,26709_G|A,26858_C|T,27259_A|C,27382_G|C,27383_A|T,27384_T|C,27807_C|T,28271_A|T,28311_C|T,28881_G|A,28882_G|A,28883_G|C,29510_A|C,6513_6515,11285_11293,21633_21641,28362_28370,29734_29759
OY068846	XM	241_C|T,2470_C|T,2832_A|G,3037_C|T,5386_T|G,7360_G|T,8393_G|A,10029_C|T,10449_C|A,11537_A|G,13195_T|C,14408_C|T,15240_C|T,15585_T|A,18163_A|G,19955_C|T,20055_A|G,21618_C|T,21987_G|A,22200_T|G,22578_G|A,22674_C|T,22679_T|C,22686_C|T,22688_A|G,22775_G|A,22786_A|C,22813_G|T,22882_T|G,22992_G|A,22995_C|A,23013_A|C,23040_A|G,23055_A|G,23063_A|T,23075_T|C,23403_A|G,23525_C|T,23599_T|G,23604_C|A,23854_C|A,23948_G|T,24424_A|T,24469_T|A,25000_C|T,25584_C|T,26060_C|T,26270_C|T,26577_C|G,26709_G|A,26858_C|T,27259_A|C,27382_G|C,27383_A|T,27384_T|C,27807_C|T,28271_A|T,28311_C|T,28881_G|A,28882_G|A,28883_G|C,29510_A|C,6513_6515,11285_11293,21633_21641,28362_28370,29734_29759
OY071220	XM	241_C|T,2470_C|T,2832_A|G,3037_C|T,5386_T|G,6181_T|C,8393_G|A,10029_C|T,10449_C|A,11537_A|G,13195_T|C,14408_C|T,15240_C|T,16257_T|C,18163_A|G,19955_C|T,20055_A|G,21618_C|T,21987_G|A,22200_T|G,22578_G|A,22674_C|T,22679_T|C,22686_C|T,22688_A|G,22775_G|A,22786_A|C,22813_G|T,22882_T|G,22992_G|A,22995_C|A,23013_A|C,23040_A|G,23055_A|G,23063_A|T,23075_T|C,23403_A|G,23525_C|T,23599_T|G,23604_C|A,23854_C|A,23948_G|T,24424_A|T,24469_T|A,25000_C|T,25487_C|T,25584_C|T,26060_C|T,26270_C|T,26577_C|G,26709_G|A,26858_C|T,27259_A|C,27320_T|C,27382_G|C,27384_T|C,27807_C|T,28271_A|T,28311_C|T,28881_G|A,29218_C|T,29510_A|C,29523_C|T,6513_6515,11285_11293,21633_21641,28362_28370,29734_29759
OY076142	XM	241_C|T,2470_C|T,2832_A|G,3037_C|T,5386_T|G,8393_G|A,10029_C|T,10449_C|A,11537_A|G,13195_T|C,14408_C|T,15240_C|T,18163_A|G,19955_C|T,20055_A|G,21618_C|T,21987_G|A,22200_T|G,22578_G|A,22674_C|T,22679_T|C,22686_C|T,22688_A|G,22775_G|A,22786_A|C,22813_G|T,22882_T|G,22992_G|A,22995_C|A,23013_A|C,23040_A|G,23055_A|G,23063_A|T,23075_T|C,23403_A|G,23525_C|T,23599_T|G,23604_C|A,23854_C|A,23948_G|T,24424_A|T,24469_T|A,25000_C|T,25584_C|T,26060_C|T,26270_C|T,26577_C|G,26709_G|A,26858_C|T,27259_A|C,27382_G|C,27383_A|T,27384_T|C,27807_C|T,28271_A|T,28311_C|T,28881_G|A,28882_G|A,28883_G|C,29510_A|C,6513_6515,11285_11293,21633_21641,28362_28370
OY076610	XM	241_C|T,1594_C|T,2470_C|T,2832_A|G,3037_C|T,5386_T|G,8393_G|A,10029_C|T,10449_C|A,11537_A|G,12400_C|T,13195_T|C,14408_C|T,15240_C|T,16257_T|C,18106_G|T,18163_A|G,19955_C|T,20055_A|G,21618_C|T,21987_G|A,22200_T|G,22578_G|A,22674_C|T,22679_T|C,22686_C|T,22688_A|G,22775_G|A,22786_A|C,22813_G|T,22882_T|G,22992_G|A,22995_C|A,23013_A|C,23040_A|G,23055_A|G,23063_A|T,23075_T|C,23403_A|G,23525_C|T,23599_T|G,23604_C|A,23854_C|A,23948_G|T,24424_A|T,24469_T|A,25000_C|T,25437_G|T,25584_C|T,26060_C|T,26270_C|T,26577_C|G,26709_G|A,26858_C|T,27259_A|C,27382_G|C,27383_A|T,27384_T|C,27807_C|T,28271_A|T,28311_C|T,28881_G|A,28882_G|A,28883_G|C,29510_A|C,6513_6515,11285_11293,21633_21641,28362_28370,29734_29759
OY083343	XM	241_C|T,1594_C|T,2470_C|T,2832_A|G,3037_C|T,5386_T|G,8393_G|A,10029_C|T,10449_C|A,11537_A|G,12400_C|T,13195_T|C,14408_C|T,15240_C|T,16257_T|C,18163_A|G,19955_C|T,20055_A|G,21618_C|T,21987_G|A,22200_T|G,22578_G|A,22674_C|T,22679_T|C,22686_C|T,22688_A|G,22775_G|A,22786_A|C,22813_G|T,22882_T|G,22992_G|A,22995_C|A,23013_A|C,23040_A|G,23403_A|G,23525_C|T,23599_T|G,23604_C|A,23854_C|A,23948_G|T,24424_A|T,24469_T|A,25000_C|T,25584_C|T,26060_C|T,26270_C|T,26577_C|G,26709_G|A,26858_C|T,27259_A|C,27382_G|C,27383_A|T,27384_T|C,27807_C|T,28271_A|T,28311_C|T,28881_G|A,28882_G|A,28883_G|C,29510_A|C,6513_6515,11285_11293,21633_21641,28362_28370,29734_29759
OY084140	XM	241_C|T,2470_C|T,3037_C|T,5386_T|G,8393_G|A,10029_C|T,10449_C|A,11527_G|T,11537_A|G,13195_T|C,14408_C|T,15240_C|T,18163_A|G,19955_C|T,20055_A|G,21586_G|T,21618_C|T,21622_C|T,21987_G|A,22200_T|G,22578_G|A,22674_C|T,22679_T|C,22686_C|T,22688_A|G,22775_G|A,22813_G|T,22882_T|G,22992_G|A,22995_C|A,23013_A|C,23040_A|G,23055_A|G,23063_A|T,23075_T|C,23403_A|G,23525_C|T,23599_T|G,23604_C|A,23854_C|A,23948_G|T,24424_A|T,24469_T|A,25000_C|T,25584_C|T,26060_C|T,26270_C|T,26577_C|G,26709_G|A,26858_C|T,27259_A|C,27382_G|C,27383_A|T,27384_T|C,27807_C|T,28271_A|T,28311_C|T,28881_G|A,28882_G|A,28883_G|C,29510_A|C,6513_6515,11285_11293,21633_21641,28362_28370,29734_29759
OY085390	XM	241_C|T,2470_C|T,2832_A|G,3037_C|T,5386_T|G,8393_G|A,10029_C|T,10449_C|A,11537_A|G,13195_T|C,14408_C|T,15240_C|T,16257_T|C,18163_A|G,19955_C|T,20055_A|G,21618_C|T,21987_G|A,22200_T|G,22578_G|A,22674_C|T,22679_T|C,22686_C|T,22688_A|G,22775_G|A,22786_A|C,22813_G|T,22882_T|G,22992_G|A,22995_C|A,23013_A|C,23040_A|G,23055_A|G,23063_A|T,23075_T|C,23403_A|G,23525_C|T,23599_T|G,23604_C|A,23854_C|A,23948_G|T,24424_A|T,24469_T|A,25000_C|T,25584_C|T,26060_C|T,26270_C|T,26577_C|G,26709_G|A,26858_C|T,27259_A|C,27382_G|C,27383_A|T,27384_T|C,27807_C|T,28271_A|T,28311_C|T,28706_C|T,28881_G|A,28882_G|A,28883_G|C,29510_A|C,6513_6515,11285_11293,21633_21641,28362_28370
OY093099	XM	241_C|T,2470_C|T,2832_A|G,3037_C|T,5386_T|G,8393_G|A,10029_C|T,10449_C|A,11537_A|G,13195_T|C,14408_C|T,15240_C|T,16257_T|C,18163_A|G,19955_C|T,20055_A|G,21618_C|T,21987_G|A,22200_T|G,22578_G|A,22674_C|T,22679_T|C,22686_C|T,22688_A|G,22775_G|A,22786_A|C,22813_G|T,22992_G|A,22995_C|A,23013_A|C,23040_A|G,23055_A|G,23063_A|T,23075_T|C,23403_A|G,23525_C|T,23599_T|G,23604_C|A,23854_C|A,23948_G|T,24424_A|T,24469_T|A,25000_C|T,25584_C|T,26060_C|T,26270_C|T,26709_G|A,26858_C|T,26951_G|T,27259_A|C,27382_G|C,27383_A|T,27384_T|C,27807_C|T,28271_A|T,28311_C|T,28881_G|A,28882_G|A,28883_G|C,29510_A|C,6513_6515,11285_11293,21633_21641,28362_28370,29734_29759
OY099565	XM	241_C|T,1594_C|T,2470_C|T,2832_A|G,3037_C|T,5386_T|G,8393_G|A,10029_C|T,10449_C|A,11537_A|G,12400_C|T,13195_T|C,14408_C|T,15240_C|T,16257_T|C,18163_A|G,19955_C|T,20055_A|G,21618_C|T,21987_G|A,22200_T|G,22578_G|A,22674_C|T,22679_T|C,22686_C|T,22688_A|G,22775_G|A,22786_A|C,22813_G|T,22992_G|A,22995_C|A,23013_A|C,23040_A|G,23055_A|G,23063_A|T,23075_T|C,23403_A|G,23525_C|T,23599_T|G,23604_C|A,23854_C|A,23948_G|T,24424_A|T,24469_T|A,25000_C|T,25437_G|T,25584_C|T,26060_C|T,26270_C|T,26577_C|G,26709_G|A,26858_C|T,27259_A|C,27382_G|C,27383_A|T,27384_T|C,27807_C|T,28271_A|T,28311_C|T,28881_G|A,28882_G|A,28883_G|C,29510_A|C,6513_6515,11285_11293,21633_21641,28362_28370,29734_29759
OY106036	XM	241_C|T,2470_C|T,2832_A|G,3037_C|T,5386_T|G,8393_G|A,9165_C|T,10029_C|T,10449_C|A,11537_A|G,13195_T|C,14408_C|T,15240_C|T,18163_A|G,19955_C|T,20055_A|G,21618_C|T,21987_G|A,22200_T|G,22578_G|A,22674_C|T,22679_T|C,22686_C|T,22688_A|G,22775_G|A,22786_A|C,22813_G|T,22882_T|G,22992_G|A,22995_C|A,23013_A|C,23040_A|G,23055_A|G,23063_A|T,23075_T|C,23403_A|G,23525_C|T,23599_T|G,23604_C|A,23854_C|A,23948_G|T,24424_A|T,24469_T|A,25000_C|T,25584_C|T,26060_C|T,26270_C|T,26577_C|G,26709_G|A,26858_C|T,27259_A|C,27382_G|C,27383_A|T,27384_T|C,27807_C|T,28271_A|T,28311_C|T,28881_G|A,28882_G|A,28883_G|C,29510_A|C,6513_6515,11285_11293,21633_21641,28362_28370
OY106502	XM	241_C|T,2470_C|T,2832_A|G,3037_C|T,5386_T|G,8393_G|A,8899_T|C,10029_C|T,10449_C|A,11537_A|G,13195_T|C,13647_C|T,14408_C|T,15240_C|T,16257_T|C,18163_A|G,19955_C|T,20055_A|G,21618_C|T,21987_G|A,22200_T|G,22578_G|A,22674_C|T,22679_T|C,22686_C|T,22688_A|G,22775_G|A,22786_A|C,22813_G|T,22882_T|G,22992_G|A,22995_C|A,23013_A|C,23040_A|G,23055_A|G,23063_A|T,23075_T|C,23403_A|G,23525_C|T,23599_T|G,23604_C|A,23854_C|A,23948_G|T,24424_A|T,24469_T|A,25000_C|T,25584_C|T,26060_C|T,26270_C|T,26529_G|T,26577_C|G,26709_G|A,26858_C|T,27259_A|C,27382_G|C,27383_A|T,27384_T|C,27807_C|T,28271_A|T,28311_C|T,28881_G|A,28882_G|A,28883_G|C,29510_A|C,6513_6515,11285_11293,21633_21641,28362_28370
OY109609	XM	241_C|T,802_A|T,2061_C|T,2470_C|T,2832_A|G,3037_C|T,5386_T|G,8393_G|A,10029_C|T,10449_C|A,11537_A|G,12600_G|A,13195_T|C,14408_C|T,15240_C|T,18163_A|G,19955_C|T,20055_A|G,21618_C|T,21987_G|A,22200_T|G,22578_G|A,22674_C|T,22679_T|C,22686_C|T,22688_A|G,22775_G|A,22786_A|C,22813_G|T,22882_T|G,22992_G|A,22995_C|A,23013_A|C,23040_A|G,23055_A|G,23063_A|T,23075_T|C,23403_A|G,23525_C|T,23599_T|G,23604_C|A,23854_C|A,23948_G|T,24424_A|T,24469_T|A,24912_C|T,25000_C|T,25584_C|T,26060_C|T,26270_C|T,26577_C|G,26709_G|A,26858_C|T,27259_A|C,27382_G|C,27384_T|C,27807_C|T,28271_A|T,28311_C|T,28881_G|A,29249_C|T,29510_A|C,6513_6515,11285_11293,21633_21641,28362_28370,29734_29759
OY112717	XM	241_C|T,2470_C|T,2832_A|G,3037_C|T,5386_T|G,8393_G|A,10029_C|T,10449_C|A,11537_A|G,13195_T|C,14408_C|T,15240_C|T,16257_T|C,18163_A|G,19955_C|T,20055_A|G,21618_C|T,21987_G|A,22200_T|G,22578_G|A,22674_C|T,22679_T|C,22686_C|T,22688_A|G,22775_G|A,22786_A|C,22813_G|T,22882_T|G,22992_G|A,22995_C|A,23013_A|C,23040_A|G,23055_A|G,23063_A|T,23075_T|C,23403_A|G,23525_C|T,23599_T|G,23604_C|A,23854_C|A,23948_G|T,24424_A|T,24469_T|A,25000_C|T,25584_C|T,26060_C|T,26270_C|T,26577_C|G,26709_G|A,26858_C|T,27259_A|C,27382_G|C,27383_A|T,27384_T|C,27807_C|T,28271_A|T,28311_C|T,28881_G|A,28882_G|A,28883_G|C,29510_A|C,6513_6515,11285_11293,21633_21641,28362_28370
OY113354	XM	241_C|T,2470_C|T,2832_A|G,3037_C|T,5386_T|G,8393_G|A,10029_C|T,10449_C|A,11537_A|G,13195_T|C,14408_C|T,15240_C|T,16257_T|C,18163_A|G,19955_C|T,20055_A|G,21618_C|T,21987_G|A,22200_T|G,22578_G|A,22674_C|T,22679_T|C,22686_C|T,22688_A|G,22775_G|A,22786_A|C,22813_G|T,22882_T|G,22992_G|A,22995_C|A,23013_A|C,23040_A|G,23055_A|G,23063_A|T,23075_T|C,23403_A|G,23525_C|T,23599_T|G,23604_C|A,23854_C|A,23948_G|T,24424_A|T,24469_T|A,25000_C|T,25584_C|T,26060_C|T,26270_C|T,26577_C|G,26709_G|A,26858_C|T,27259_A|C,27382_G|C,27383_A|T,27384_T|C,27625_C|A,27807_C|T,28271_A|T,28311_C|T,28881_G|A,28882_G|A,28883_G|C,29510_A|C,6513_6515,11285_11293,21633_21641,28362_28370
OY113464	XM	241_C|T,2470_C|T,2832_A|G,3037_C|T,5386_T|G,8393_G|A,10029_C|T,10449_C|A,11537_A|G,13195_T|C,14408_C|T,15240_C|T,16257_T|C,18163_A|G,19955_C|T,20055_A|G,21618_C|T,21987_G|A,22200_T|G,22578_G|A,22674_C|T,22679_T|C,22686_C|T,22688_A|G,22775_G|A,22786_A|C,22813_G|T,22882_T|G,22992_G|A,22995_C|A,23013_A|C,23040_A|G,23055_A|G,23063_A|T,23075_T|C,23403_A|G,23525_C|T,23599_T|G,23604_C|A,23854_C|A,23948_G|T,24424_A|T,24469_T|A,25000_C|T,25584_C|T,26060_C|T,26270_C|T,26577_C|G,26709_G|A,26858_C|T,27259_A|C,27382_G|C,27383_A|T,27384_T|C,27807_C|T,28271_A|T,28311_C|T,28881_G|A,28882_G|A,28883_G|C,29510_A|C,6513_6515,11285_11293,21633_21641,28362_28370
OY114788	XM	241_C|T,2470_C|T,2832_A|G,3037_C|T,5386_T|G,8393_G|A,10029_C|T,10449_C|A,11537_A|G,13195_T|C,13647_C|T,14408_C|T,15240_C|T,16257_T|C,16596_C|T,18163_A|G,19896_T|C,19955_C|T,20055_A|G,21618_C|T,21987_G|A,22200_T|G,22578_G|A,22674_C|T,22679_T|C,22686_C|T,22688_A|G,22775_G|A,22786_A|C,22813_G|T,22882_T|G,22992_G|A,22995_C|A,23013_A|C,23040_A|G,23055_A|G,23063_A|T,23075_T|C,23403_A|G,23525_C|T,23599_T|G,23604_C|A,23854_C|A,23948_G|T,24424_A|T,24469_T|A,25000_C|T,25584_C|T,26060_C|T,26270_C|T,26529_G|T,26577_C|G,26709_G|A,26858_C|T,27259_A|C,27382_G|C,27384_T|C,27807_C|T,28271_A|T,28311_C|T,28881_G|A,29510_A|C,6513_6515,11285_11293,21633_21641,28362_28370,29734_29759
OY115209	XM	241_C|T,2470_C|T,2832_A|G,3037_C|T,5386_T|G,8393_G|A,10029_C|T,10449_C|A,11537_A|G,13195_T|C,14408_C|T,15240_C|T,16257_T|C,16945_G|A,18163_A|G,19955_C|T,20055_A|G,21618_C|T,21987_G|A,22200_T|G,22578_G|A,22674_C|T,22679_T|C,22686_C|T,22688_A|G,22775_G|A,22786_A|C,22813_G|T,22882_T|G,22992_G|A,22995_C|A,23013_A|C,23040_A|G,23055_A|G,23063_A|T,23075_T|C,23403_A|G,23525_C|T,23599_T|G,23604_C|A,23854_C|A,23948_G|T,24424_A|T,24469_T|A,25000_C|T,25584_C|T,26060_C|T,26270_C|T,26577_C|G,26709_G|A,26858_C|T,27259_A|C,27382_G|C,27383_A|T,27384_T|C,27807_C|T,28271_A|T,28311_C|T,28881_G|A,28882_G|A,28883_G|C,29510_A|C,6513_6515,11285_11293,21633_21641,28362_28370
OY118214	XM	241_C|T,384_C|T,2470_C|T,2832_A|G,3037_C|T,5386_T|G,8393_G|A,10029_C|T,10449_C|A,11537_A|G,13195_T|C,14408_C|T,15240_C|T,16257_T|C,18163_A|G,19955_C|T,20055_A|G,21618_C|T,21987_G|A,22200_T|G,22578_G|A,22674_C|T,22679_T|C,22686_C|T,22688_A|G,22775_G|A,22786_A|C,22813_G|T,22882_T|G,22992_G|A,22995_C|A,23013_A|C,23040_A|G,23055_A|G,23063_A|T,23075_T|C,23403_A|G,23525_C|T,23599_T|G,23604_C|A,23854_C|A,23948_G|T,24424_A|T,24469_T|A,25000_C|T,25584_C|T,26060_C|T,26270_C|T,26577_C|G,26709_G|A,26858_C|T,27259_A|C,27382_G|C,27383_A|T,27384_T|C,27807_C|T,28271_A|T,28311_C|T,28881_G|A,28882_G|A,28883_G|C,29510_A|C,6513_6515,11285_11293,21633_21641,28362_28370
OY119637	XM	241_C|T,2470_C|T,2832_A|G,3037_C|T,5386_T|G,8393_G|A,10029_C|T,10449_C|A,11537_A|G,13195_T|C,13960_G|A,14408_C|T,15240_C|T,16257_T|C,18163_A|G,19955_C|T,20055_A|G,21618_C|T,21987_G|A,22200_T|G,22578_G|A,22674_C|T,22679_T|C,22686_C|T,22688_A|G,22775_G|A,22786_A|C,22813_G|T,22882_T|G,22992_G|A,22995_C|A,23013_A|C,23040_A|G,23055_A|G,23063_A|T,23075_T|C,23403_A|G,23525_C|T,23599_T|G,23604_C|A,23667_A|C,23854_C|A,23948_G|T,24424_A|T,24469_T|A,25000_C|T,25584_C|T,26060_C|T,26270_C|T,26577_C|G,26709_G|A,26858_C|T,27259_A|C,27382_G|C,27383_A|T,27384_T|C,27807_C|T,28271_A|T,28311_C|T,28881_G|A,28882_G|A,28883_G|C,29510_A|C,6513_6515,11285_11293,21633_21641,28362_28370,29734_29759
OY120426	XM	241_C|T,2470_C|T,2832_A|G,3037_C|T,5386_T|G,8393_G|A,10029_C|T,10449_C|A,11537_A|G,13195_T|C,14408_C|T,15240_C|T,16257_T|C,16887_C|T,18163_A|G,19955_C|T,20055_A|G,21618_C|T,21987_G|A,22200_T|G,22578_G|A,22674_C|T,22679_T|C,22686_C|T,22688_A|G,22775_G|A,22786_A|C,22813_G|T,22882_T|G,22992_G|A,22995_C|A,23013_A|C,23040_A|G,23055_A|G,23063_A|T,23075_T|C,23403_A|G,23525_C|T,23599_T|G,23604_C|A,23854_C|A,23948_G|T,24424_A|T,24469_T|A,25000_C|T,25584_C|T,26060_C|T,26270_C|T,26577_C|G,26625_C|T,26709_G|A,26858_C|T,27259_A|C,27382_G|C,27807_C|T,28271_A|T,28311_C|T,28881_G|A,29510_A|C,6513_6515,11285_11293,21633_21641,28362_28370,29734_29759
OY121097	XM	241_C|T,2023_C|T,2470_C|T,2832_A|G,3037_C|T,5386_T|G,8393_G|A,8762_G|T,10029_C|T,10449_C|A,11537_A|G,13195_T|C,14408_C|T,15240_C|T,15585_T|A,18163_A|G,19955_C|T,20055_A|G,21618_C|T,21987_G|A,22200_T|G,22578_G|A,22674_C|T,22679_T|C,22686_C|T,22688_A|G,22775_G|A,22786_A|C,22813_G|T,22882_T|G,22992_G|A,22995_C|A,23013_A|C,23040_A|G,23055_A|G,23063_A|T,23075_T|C,23403_A|G,23525_C|T,23599_T|G,23604_C|A,23854_C|A,23948_G|T,24424_A|T,24469_T|A,25000_C|T,25159_T|C,25584_C|T,26060_C|T,26270_C|T,26577_C|G,26709_G|A,26858_C|T,27259_A|C,27382_G|C,27383_A|T,27384_T|C,27807_C|T,28271_A|T,28311_C|T,28881_G|A,28882_G|A,28883_G|C,29510_A|C,6513_6515,11285_11293,21633_21641,28362_28370,29734_29759
OY133092	XM	241_C|T,2470_C|T,2832_A|G,3037_C|T,5386_T|G,8393_G|A,10029_C|T,10449_C|A,11524_T|C,11537_A|G,13195_T|C,14408_C|T,15240_C|T,16257_T|C,18163_A|G,19881_C|T,19955_C|T,20055_A|G,21618_C|T,21987_G|A,22200_T|G,22578_G|A,22674_C|T,22679_T|C,22686_C|T,22688_A|G,22775_G|A,22786_A|C,22813_G|T,22882_T|G,22992_G|A,22995_C|A,23013_A|C,23040_A|G,23055_A|G,23063_A|T,23075_T|C,23403_A|G,23525_C|T,23599_T|G,23604_C|A,23854_C|A,23948_G|T,24424_A|T,24469_T|A,25000_C|T,25584_C|T,26060_C|T,26270_C|T,26577_C|G,26709_G|A,26858_C|T,27259_A|C,27382_G|C,27383_A|T,27384_T|C,27807_C|T,28271_A|T,28311_C|T,28881_G|A,28882_G|A,28883_G|C,29510_A|C,6513_6515,11285_11293,21633_21641,28362_28370
OY136930	XM	241_C|T,2198_G|A,2470_C|T,2832_A|G,3037_C|T,5386_T|G,8393_G|A,10029_C|T,10449_C|A,11537_A|G,13195_T|C,14408_C|T,15240_C|T,18163_A|G,19955_C|T,20055_A|G,21618_C|T,21987_G|A,22200_T|G,22578_G|A,22674_C|T,22679_T|C,22686_C|T,22688_A|G,22775_G|A,22786_A|C,22813_G|T,22882_T|G,22992_G|A,22995_C|A,23013_A|C,23040_A|G,23055_A|G,23063_A|T,23075_T|C,23403_A|G,23525_C|T,23599_T|G,23604_C|A,23854_C|A,23948_G|T,24424_A|T,24469_T|A,25000_C|T,25584_C|T,26060_C|T,26270_C|T,26577_C|G,26709_G|A,26858_C|T,27259_A|C,27382_G|C,27383_A|T,27384_T|C,27807_C|T,28271_A|T,28311_C|T,28881_G|A,28882_G|A,28883_G|C,29510_A|C,6513_6515,11285_11293,21633_21641,28362_28370
OY141372	XM	241_C|T,2470_C|T,2832_A|G,3037_C|T,5386_T|G,8393_G|A,10029_C|T,10449_C|A,11537_A|G,13195_T|C,14408_C|T,15240_C|T,18163_A|G,19955_C|T,20055_A|G,21618_C|T,21987_G|A,22200_T|G,22578_G|A,22674_C|T,22679_T|C,22686_C|T,22688_A|G,22775_G|A,22786_A|C,22813_G|T,22882_T|G,22992_G|A,22995_C|A,23013_A|C,23040_A|G,23055_A|G,23063_A|T,23075_T|C,23403_A|G,23525_C|T,23599_T|G,23604_C|A,23854_C|A,23948_G|T,24424_A|T,24469_T|A,25000_C|T,25584_C|T,26060_C|T,26270_C|T,26577_C|G,26709_G|A,26858_C|T,27259_A|C,27382_G|C,27383_A|T,27384_T|C,27807_C|T,28271_A|T,28311_C|T,28881_G|A,28882_G|A,28883_G|C,29510_A|C,6513_6515,11285_11293,21633_21641,28362_28370
OY155890	XM	241_C|T,2470_C|T,2832_A|G,3037_C|T,5386_T|G,8393_G|A,10029_C|T,10449_C|A,11537_A|G,13195_T|C,14408_C|T,15240_C|T,18163_A|G,19955_C|T,20055_A|G,21618_C|T,21987_G|A,22200_T|G,22578_G|A,22674_C|T,22679_T|C,22686_C|T,22688_A|G,22786_A|C,22813_G|T,22882_T|G,22992_G|A,22995_C|A,23013_A|C,23040_A|G,23055_A|G,23063_A|T,23075_T|C,23403_A|G,23525_C|T,23599_T|G,23604_C|A,23854_C|A,23948_G|T,24424_A|T,24469_T|A,25000_C|T,25584_C|T,26060_C|T,26270_C|T,26577_C|G,26709_G|A,26858_C|T,27259_A|C,27382_G|C,27383_A|T,27384_T|C,27807_C|T,28271_A|T,28311_C|T,28881_G|A,28882_G|A,28883_G|C,29510_A|C,6513_6515,11285_11293,21633_21641,28362_28370
OY177469	XM	241_C|T,2470_C|T,2832_A|G,3037_C|T,5386_T|G,8393_G|A,10029_C|T,10449_C|A,11524_T|C,11537_A|G,13195_T|C,14408_C|T,15240_C|T,16257_T|C,18163_A|G,19955_C|T,20055_A|G,21618_C|T,21987_G|A,22200_T|G,22578_G|A,22674_C|T,22679_T|C,22686_C|T,22688_A|G,22775_G|A,22786_A|C,22813_G|T,22882_T|G,22992_G|A,22995_C|A,23013_A|C,23040_A|G,23055_A|G,23063_A|T,23075_T|C,23185_C|T,23403_A|G,23525_C|T,23599_T|G,23604_C|A,23679_C|T,23854_C|A,23948_G|T,24424_A|T,24469_T|A,25000_C|T,25584_C|T,26060_C|T,26270_C|T,26577_C|G,26709_G|A,26858_C|T,27259_A|C,27382_G|C,27383_A|T,27384_T|C,27807_C|T,28271_A|T,28311_C|T,28881_G|A,28882_G|A,28883_G|C,29510_A|C,6513_6515,11285_11293,21633_21641,28362_28370
OY178172	XM	241_C|T,1594_C|T,2470_C|T,2832_A|G,3037_C|T,5386_T|G,8393_G|A,10029_C|T,10449_C|A,11537_A|G,12400_C|T,13195_T|C,14408_C|T,15240_C|T,16257_T|C,18163_A|G,19955_C|T,20055_A|G,21618_C|T,21987_G|A,22200_T|G,22578_G|A,22674_C|T,22679_T|C,22686_C|T,22688_A|G,22775_G|A,22786_A|C,22813_G|T,22882_T|G,22992_G|A,22995_C|A,23013_A|C,23040_A|G,23055_A|G,23063_A|T,23075_T|C,23403_A|G,23525_C|T,23599_T|G,23604_C|A,23854_C|A,23948_G|T,24424_A|T,24469_T|A,25000_C|T,25584_C|T,26060_C|T,26270_C|T,26577_C|G,26709_G|A,26858_C|T,27259_A|C,27382_G|C,27383_A|T,27384_T|C,27807_C|T,28271_A|T,28311_C|T,28881_G|A,28882_G|A,28883_G|C,29510_A|C,6513_6515,11285_11293,21633_21641,28362_28370,29734_29759
OY189933	XM	241_C|T,343_G|A,2470_C|T,2832_A|G,3037_C|T,5386_T|G,5802_A|G,8393_G|A,10029_C|T,10449_C|A,11537_A|G,13195_T|C,14408_C|T,15240_C|T,16257_T|C,18163_A|G,19955_C|T,20055_A|G,21618_C|T,21987_G|A,22200_T|G,22578_G|A,22674_C|T,22679_T|C,22686_C|T,22688_A|G,22775_G|A,22786_A|C,22813_G|T,22882_T|G,22992_G|A,22995_C|A,23013_A|C,23040_A|G,23055_A|G,23063_A|T,23075_T|C,23403_A|G,23525_C|T,23599_T|G,23604_C|A,23854_C|A,23948_G|T,24424_A|T,24469_T|A,25000_C|T,25584_C|T,26060_C|T,26270_C|T,26577_C|G,26709_G|A,26858_C|T,27259_A|C,27382_G|C,27383_A|T,27384_T|C,27807_C|T,28271_A|T,28311_C|T,28881_G|A,28882_G|A,28883_G|C,29510_A|C,6513_6515,11285_11293,21633_21641,28362_28370
OY195141	XM	241_C|T,2470_C|T,2832_A|G,3037_C|T,5386_T|G,8393_G|A,10029_C|T,10449_C|A,11000_A|G,11524_T|C,11537_A|G,13195_T|C,14408_C|T,15240_C|T,16257_T|C,18163_A|G,19955_C|T,20055_A|G,21618_C|T,21987_G|A,22200_T|G,22578_G|A,22674_C|T,22679_T|C,22686_C|T,22688_A|G,22775_G|A,22786_A|C,22813_G|T,22882_T|G,22992_G|A,22995_C|A,23013_A|C,23040_A|G,23055_A|G,23063_A|T,23075_T|C,23403_A|G,23525_C|T,23599_T|G,23604_C|A,23679_C|T,23854_C|A,23948_G|T,24424_A|T,24469_T|A,25000_C|T,25584_C|T,26060_C|T,26270_C|T,26577_C|G,26709_G|A,26858_C|T,27259_A|C,27382_G|C,27383_A|T,27384_T|C,27807_C|T,28271_A|T,28311_C|T,28881_G|A,28882_G|A,28883_G|C,29510_A|C,6513_6515,11285_11293,21633_21641,28362_28370
OY199109	XM	241_C|T,2470_C|T,2832_A|G,3037_C|T,5386_T|G,8393_G|A,10029_C|T,10449_C|A,11524_T|C,11537_A|G,13195_T|C,14408_C|T,15240_C|T,16257_T|C,18163_A|G,18585_A|G,18589_G|T,18591_C|G,18634_G|T,19955_C|T,20055_A|G,21618_C|T,21987_G|A,22200_T|G,22578_G|A,22674_C|T,22679_T|C,22686_C|T,22688_A|G,22775_G|A,22786_A|C,22813_G|T,22882_T|G,22992_G|A,22995_C|A,23013_A|C,23040_A|G,23055_A|G,23063_A|T,23075_T|C,23403_A|G,23525_C|T,23599_T|G,23604_C|A,23854_C|A,23948_G|T,24424_A|T,24469_T|A,25000_C|T,25584_C|T,26060_C|T,26270_C|T,26577_C|G,26709_G|A,26858_C|T,26951_G|T,27259_A|C,27382_G|C,27383_A|T,27384_T|C,27807_C|T,28271_A|T,28311_C|T,28881_G|A,28882_G|A,28883_G|C,29510_A|C,6513_6515,11285_11293,21633_21641,28362_28370
OY201456	XM	241_C|T,1594_C|T,2470_C|T,2832_A|G,3037_C|T,5386_T|G,8393_G|A,10029_C|T,10449_C|A,11537_A|G,12400_C|T,13195_T|C,14408_C|T,15240_C|T,16257_T|C,18163_A|G,19955_C|T,20055_A|G,21618_C|T,21987_G|A,22200_T|G,22578_G|A,22674_C|T,22679_T|C,22686_C|T,22688_A|G,22775_G|A,22786_A|C,22813_G|T,22882_T|G,22992_G|A,22995_C|A,23013_A|C,23040_A|G,23055_A|G,23063_A|T,23075_T|C,23403_A|G,23525_C|T,23599_T|G,23604_C|A,23854_C|A,23948_G|T,24424_A|T,24469_T|A,25000_C|T,25584_C|T,26060_C|T,26270_C|T,26577_C|G,26709_G|A,26858_C|T,27259_A|C,27382_G|C,27383_A|T,27384_T|C,27807_C|T,28271_A|T,28311_C|T,28881_G|A,28882_G|A,28883_G|C,29510_A|C,6513_6515,11285_11293,21633_21641,28362_28370,29734_29759
OY234015	XM	241_C|T,2470_C|T,2832_A|G,3037_C|T,5386_T|G,8393_G|A,10029_C|T,10449_C|A,11537_A|G,13195_T|C,14408_C|T,15240_C|T,16257_T|C,18163_A|G,19955_C|T,20055_A|G,21618_C|T,21987_G|A,22200_T|G,22578_G|A,22674_C|T,22679_T|C,22686_C|T,22688_A|G,22775_G|A,22786_A|C,22813_G|T,22882_T|G,22992_G|A,22995_C|A,23013_A|C,23040_A|G,23055_A|G,23063_A|T,23075_T|C,23403_A|G,23525_C|T,23599_T|G,23604_C|A,23854_C|A,23948_G|T,24424_A|T,24469_T|A,25000_C|T,25584_C|T,26060_C|T,26270_C|T,26577_C|G,26709_G|A,26858_C|T,27259_A|C,27382_G|C,27383_A|T,27384_T|C,27643_C|T,27807_C|T,28271_A|T,28311_C|T,28881_G|A,28882_G|A,28883_G|C,29510_A|C,6513_6515,11285_11293,21633_21641,28362_28370,29734_29759
OY240482	XM	241_C|T,2470_C|T,2832_A|G,3037_C|T,5386_T|G,5877_A|G,6538_C|T,8393_G|A,10029_C|T,10449_C|A,11537_A|G,13195_T|C,14408_C|T,14937_C|T,15240_C|T,16257_T|C,18163_A|G,19955_C|T,20055_A|G,21618_C|T,21987_G|A,22200_T|G,22578_G|A,22674_C|T,22679_T|C,22686_C|T,22688_A|G,22775_G|A,22786_A|C,22813_G|T,22882_T|G,22992_G|A,22995_C|A,23013_A|C,23040_A|G,23055_A|G,23063_A|T,23075_T|C,23403_A|G,23525_C|T,23599_T|G,23604_C|A,23854_C|A,23948_G|T,24424_A|T,24469_T|A,25000_C|T,25584_C|T,26060_C|T,26270_C|T,26577_C|G,26709_G|A,26858_C|T,27259_A|C,27382_G|C,27383_A|T,27384_T|C,27807_C|T,28271_A|T,28311_C|T,28881_G|A,28882_G|A,28883_G|C,29510_A|C,6513_6515,11285_11293,21633_21641,28362_28370
OY241554	XM	241_C|T,2470_C|T,2832_A|G,3037_C|T,5386_T|G,8393_G|A,10029_C|T,10449_C|A,11537_A|G,13195_T|C,14408_C|T,15240_C|T,18163_A|G,19955_C|T,20055_A|G,21618_C|T,21987_G|A,22200_T|G,22578_G|A,22674_C|T,22679_T|C,22686_C|T,22688_A|G,22775_G|A,22786_A|C,22813_G|T,22882_T|G,22992_G|A,22995_C|A,23013_A|C,23040_A|G,23055_A|G,23063_A|T,23075_T|C,23403_A|G,23525_C|T,23599_T|G,23604_C|A,23854_C|A,23948_G|T,24424_A|T,24469_T|A,25000_C|T,25327_A|C,25584_C|T,26060_C|T,26270_C|T,26577_C|G,26709_G|A,26858_C|T,27259_A|C,27382_G|C,27383_A|T,27384_T|C,27807_C|T,28271_A|T,28311_C|T,28473_C|T,28881_G|A,28882_G|A,28883_G|C,29510_A|C,6513_6515,11285_11293,21633_21641,28362_28370
OY244544	XM	241_C|T,2470_C|T,2832_A|G,3037_C|T,5386_T|G,5730_C|T,8393_G|A,10029_C|T,10449_C|A,11537_A|G,13195_T|C,14408_C|T,15240_C|T,16257_T|C,18163_A|G,19955_C|T,20055_A|G,21618_C|T,21987_G|A,22200_T|G,22578_G|A,22674_C|T,22679_T|C,22686_C|T,22688_A|G,22775_G|A,22786_A|C,22813_G|T,22882_T|G,22992_G|A,22995_C|A,23013_A|C,23040_A|G,23055_A|G,23063_A|T,23075_T|C,23403_A|G,23525_C|T,23599_T|G,23604_C|A,23854_C|A,23948_G|T,24424_A|T,24469_T|A,25000_C|T,25584_C|T,26060_C|T,26270_C|T,26577_C|G,26709_G|A,26858_C|T,27259_A|C,27382_G|C,27383_A|T,27384_T|C,27807_C|T,28271_A|T,28311_C|T,28881_G|A,28882_G|A,28883_G|C,29510_A|C,6513_6515,11285_11293,21633_21641,28362_28370
OY254678	XM	241_C|T,802_A|T,2470_C|T,2832_A|G,3037_C|T,5386_T|G,6364_G|A,6968_C|T,8393_G|A,10029_C|T,10449_C|A,11537_A|G,12600_G|A,13195_T|C,14408_C|T,15240_C|T,18163_A|G,19955_C|T,20055_A|G,21618_C|T,21987_G|A,22200_T|G,22578_G|A,22674_C|T,22679_T|C,22686_C|T,22688_A|G,22775_G|A,22786_A|C,22813_G|T,22882_T|G,22992_G|A,22995_C|A,23013_A|C,23040_A|G,23055_A|G,23063_A|T,23075_T|C,23403_A|G,23525_C|T,23599_T|G,23604_C|A,23854_C|A,23948_G|T,24424_A|T,24469_T|A,25000_C|T,25584_C|T,26060_C|T,26270_C|T,26577_C|G,26709_G|A,26858_C|T,27259_A|C,27382_G|C,27807_C|T,28271_A|T,28311_C|T,29249_C|T,29510_A|C,6513_6515,11285_11293,21633_21641,28362_28370,29734_29759
OY266650	XM	241_C|T,1594_C|T,2395_C|T,2470_C|T,2832_A|G,3037_C|T,5386_T|G,8393_G|A,10029_C|T,10449_C|A,11537_A|G,12400_C|T,13195_T|C,14408_C|T,15240_C|T,16257_T|C,18163_A|G,19955_C|T,20055_A|G,21618_C|T,22200_T|G,22578_G|A,22674_C|T,22679_T|C,22686_C|T,22688_A|G,22775_G|A,22786_A|C,22813_G|T,22992_G|A,22995_C|A,23013_A|C,23040_A|G,23055_A|G,23063_A|T,23075_T|C,23403_A|G,23525_C|T,23599_T|G,23604_C|A,23854_C|A,23948_G|T,24424_A|T,24469_T|A,25584_C|T,26060_C|T,26270_C|T,26709_G|A,26858_C|T,27259_A|C,27382_G|C,27383_A|T,27384_T|C,27807_C|T,28271_A|T,28311_C|T,28881_G|A,28882_G|A,28883_G|C,29510_A|C,6513_6515,11285_11293,21633_21641,28362_28370,29734_29759
OY268729	XM	241_C|T,2470_C|T,2832_A|G,3037_C|T,5386_T|G,8393_G|A,10029_C|T,10449_C|A,10771_T|C,11537_A|G,13195_T|C,14408_C|T,15240_C|T,16257_T|C,18163_A|G,19955_C|T,20055_A|G,21618_C|T,21987_G|A,22200_T|G,22578_G|A,22674_C|T,22679_T|C,22686_C|T,22688_A|G,22775_G|A,22786_A|C,22813_G|T,22882_T|G,22992_G|A,22995_C|A,23013_A|C,23040_A|G,23055_A|G,23063_A|T,23075_T|C,23403_A|G,23525_C|T,23599_T|G,23604_C|A,23854_C|A,23948_G|T,24424_A|T,24469_T|A,25000_C|T,25584_C|T,26060_C|T,26270_C|T,26577_C|G,26709_G|A,26858_C|T,27259_A|C,27382_G|C,27383_A|T,27384_T|C,27807_C|T,28271_A|T,28311_C|T,28881_G|A,28882_G|A,28883_G|C,29510_A|C,6513_6515,11285_11293,21633_21641,28362_28370,29734_29759
OY270816	XM	241_C|T,1594_C|T,2470_C|T,2832_A|G,3037_C|T,5386_T|G,8393_G|A,10029_C|T,10449_C|A,11537_A|G,12400_C|T,13195_T|C,14408_C|T,15240_C|T,16257_T|C,18163_A|G,19955_C|T,20055_A|G,21618_C|T,21987_G|A,22200_T|G,22578_G|A,22674_C|T,22679_T|C,22686_C|T,22688_A|G,22775_G|A,22786_A|C,22813_G|T,22882_T|G,22992_G|A,22995_C|A,23013_A|C,23040_A|G,23055_A|G,23063_A|T,23075_T|C,23403_A|G,23525_C|T,23599_T|G,23604_C|A,23854_C|A,23948_G|T,24424_A|T,24469_T|A,25000_C|T,25437_G|T,25584_C|T,26060_C|T,26270_C|T,26577_C|G,26709_G|A,26858_C|T,27259_A|C,27382_G|C,27383_A|T,27384_T|C,27807_C|T,28271_A|T,28311_C|T,28881_G|A,28882_G|A,28883_G|C,29510_A|C,6513_6515,11285_11293,21633_21641,28362_28370,29734_29759
OY272761	XM	241_C|T,1594_C|T,2470_C|T,2832_A|G,3037_C|T,5386_T|G,8393_G|A,10029_C|T,10449_C|A,11537_A|G,12400_C|T,13195_T|C,14408_C|T,15240_C|T,16257_T|C,18163_A|G,19955_C|T,20055_A|G,21618_C|T,21987_G|A,22200_T|G,22578_G|A,22674_C|T,22679_T|C,22686_C|T,22688_A|G,22775_G|A,22786_A|C,22813_G|T,22882_T|G,22992_G|A,22995_C|A,23013_A|C,23040_A|G,23055_A|G,23063_A|T,23075_T|C,23403_A|G,23525_C|T,23599_T|G,23604_C|A,23854_C|A,23948_G|T,24424_A|T,24469_T|A,25000_C|T,25584_C|T,26060_C|T,26270_C|T,26709_G|A,26858_C|T,27259_A|C,27382_G|C,27383_A|T,27384_T|C,27807_C|T,28271_A|T,28311_C|T,28881_G|A,28882_G|A,28883_G|C,29510_A|C,6513_6515,11285_11293,21633_21641,28362_28370,29734_29759
OY276064	XM	241_C|T,802_A|T,2470_C|T,2832_A|G,3037_C|T,5386_T|G,6364_G|A,6968_C|T,8393_G|A,10029_C|T,10449_C|A,11537_A|G,12600_G|A,13195_T|C,14408_C|T,15240_C|T,18163_A|G,19955_C|T,20055_A|G,21618_C|T,21987_G|A,22200_T|G,22578_G|A,22674_C|T,22679_T|C,22686_C|T,22688_A|G,22775_G|A,22786_A|C,22813_G|T,22882_T|G,22992_G|A,22995_C|A,23013_A|C,23040_A|G,23055_A|G,23063_A|T,23075_T|C,23403_A|G,23525_C|T,23599_T|G,23604_C|A,23854_C|A,23948_G|T,24424_A|T,24469_T|A,25000_C|T,25584_C|T,26060_C|T,26270_C|T,26577_C|G,26709_G|A,26858_C|T,27259_A|C,27382_G|C,27807_C|T,28271_A|T,28311_C|T,28881_G|A,29249_C|T,29510_A|C,29759_G|C,6513_6515,11285_11293,21633_21641,28362_28370
OY277688	XM	241_C|T,802_A|T,2470_C|T,2832_A|G,3037_C|T,5386_T|G,6364_G|A,6968_C|T,8393_G|A,10029_C|T,10449_C|A,11537_A|G,12600_G|A,13195_T|C,14408_C|T,15240_C|T,18163_A|G,19955_C|T,20055_A|G,21618_C|T,21987_G|A,22200_T|G,22578_G|A,22674_C|T,22679_T|C,22686_C|T,22688_A|G,22775_G|A,22786_A|C,22813_G|T,22882_T|G,22992_G|A,22995_C|A,23013_A|C,23040_A|G,23055_A|G,23063_A|T,23075_T|C,23403_A|G,23525_C|T,23599_T|G,23604_C|A,23854_C|A,23948_G|T,24424_A|T,24469_T|A,25000_C|T,25584_C|T,26060_C|T,26270_C|T,26577_C|G,26709_G|A,26858_C|T,27259_A|C,27382_G|C,27807_C|T,28271_A|T,28311_C|T,29249_C|T,29510_A|C,6513_6515,11285_11293,21633_21641,28362_28370,29734_29759
Scotland/CLIMB-CM7YFOMO/2022	XM	241_C|T,2470_C|T,2832_A|G,3037_C|T,5386_T|G,8393_G|A,10029_C|T,10449_C|A,11537_A|G,13195_T|C,14408_C|T,15240_C|T,18163_A|G,19955_C|T,20055_A|G,21618_C|T,21987_G|A,22200_T|G,22578_G|A,22674_C|T,22679_T|C,22686_C|T,22688_A|G,22775_G|A,22786_A|C,22813_G|T,22882_T|G,22992_G|A,22995_C|A,23013_A|C,23040_A|G,23055_A|G,23063_A|T,23075_T|C,23403_A|G,23525_C|T,23599_T|G,23604_C|A,23854_C|A,23948_G|T,24424_A|T,24469_T|A,25000_C|T,25584_C|T,26060_C|T,26270_C|T,26577_C|G,26709_G|A,26858_C|T,27259_A|C,27382_G|C,27383_A|T,27384_T|C,27807_C|T,28271_A|T,28311_C|T,28881_G|A,28882_G|A,28883_G|C,29510_A|C,6513_6515,11285_11293,21633_21641,28362_28370,29734_29759
Scotland/CLIMB-CM7YRE8Y/2022	XM	241_C|T,2470_C|T,2832_A|G,3037_C|T,5386_T|G,8393_G|A,10029_C|T,10449_C|A,11537_A|G,13195_T|C,14408_C|T,15240_C|T,18163_A|G,19955_C|T,20055_A|G,21618_C|T,21987_G|A,22200_T|G,22578_G|A,22674_C|T,22679_T|C,22686_C|T,22688_A|G,22775_G|A,22786_A|C,22813_G|T,22882_T|G,22992_G|A,22995_C|A,23013_A|C,23040_A|G,23055_A|G,23063_A|T,23075_T|C,23403_A|G,23525_C|T,23599_T|G,23604_C|A,23854_C|A,23948_G|T,24424_A|T,24469_T|A,25000_C|T,25584_C|T,26060_C|T,26270_C|T,26577_C|G,26709_G|A,26858_C|T,27259_A|C,27382_G|C,27383_A|T,27384_T|C,27807_C|T,28271_A|T,28311_C|T,28881_G|A,28882_G|A,28883_G|C,29510_A|C,6513_6515,11285_11293,21633_21641,28362_28370,29734_29759
Scotland/CLIMB-CM7YRGTH/2022	XM	241_C|T,2470_C|T,2832_A|G,3037_C|T,5386_T|G,8393_G|A,10029_C|T,10449_C|A,11537_A|G,13195_T|C,14408_C|T,15240_C|T,18163_A|G,19955_C|T,20055_A|G,21618_C|T,21987_G|A,22200_T|G,22578_G|A,22674_C|T,22679_T|C,22686_C|T,22688_A|G,22775_G|A,22786_A|C,22813_G|T,22882_T|G,22992_G|A,22995_C|A,23013_A|C,23040_A|G,23055_A|G,23063_A|T,23075_T|C,23403_A|G,23525_C|T,23599_T|G,23604_C|A,23854_C|A,23948_G|T,24424_A|T,24469_T|A,25000_C|T,25584_C|T,26060_C|T,26270_C|T,26577_C|G,26709_G|A,26858_C|T,27259_A|C,27382_G|C,27383_A|T,27384_T|C,27807_C|T,28271_A|T,28311_C|T,28881_G|A,28882_G|A,28883_G|C,29510_A|C,6513_6515,11285_11293,21633_21641,28362_28370,29734_29759
Scotland/QEUH-38D7520/2022	XM	241_C|T,2470_C|T,2832_A|G,3037_C|T,5386_T|G,8393_G|A,10029_C|T,10449_C|A,11537_A|G,13195_T|C,14408_C|T,15240_C|T,18163_A|G,19955_C|T,20055_A|G,21618_C|T,21987_G|A,22200_T|G,22578_G|A,22674_C|T,22679_T|C,22686_C|T,22688_A|G,22775_G|A,22786_A|C,22813_G|T,22882_T|G,22992_G|A,22995_C|A,23013_A|C,23040_A|G,23055_A|G,23063_A|T,23075_T|C,23403_A|G,23525_C|T,23599_T|G,23604_C|A,23854_C|A,23948_G|T,24424_A|T,24469_T|A,25000_C|T,25584_C|T,26060_C|T,26270_C|T,26577_C|G,26709_G|A,26858_C|T,27259_A|C,27382_G|C,27383_A|T,27384_T|C,27807_C|T,28271_A|T,28311_C|T,28881_G|A,28882_G|A,28883_G|C,29510_A|C,6513_6515,11285_11293,21633_21641,28362_28370,29734_29759
Scotland/QEUH-38E1B5E/2022	XM	241_C|T,2470_C|T,2638_C|T,2832_A|G,3037_C|T,5386_T|G,8393_G|A,10029_C|T,10449_C|A,11537_A|G,13195_T|C,14408_C|T,15240_C|T,18163_A|G,21618_C|T,21987_G|A,22200_T|G,22578_G|A,22674_C|T,22679_T|C,22686_C|T,22688_A|G,22775_G|A,22786_A|C,22813_G|T,22882_T|G,22992_G|A,22995_C|A,23013_A|C,23040_A|G,23055_A|G,23063_A|T,23075_T|C,23403_A|G,23525_C|T,23599_T|G,23604_C|A,23854_C|A,23948_G|T,24424_A|T,24469_T|A,25000_C|T,25584_C|T,26060_C|T,26270_C|T,26577_C|G,26709_G|A,26858_C|T,27259_A|C,27382_G|C,27383_A|T,27384_T|C,27807_C|T,28271_A|T,28311_C|T,28881_G|A,28882_G|A,28883_G|C,29510_A|C,6513_6515,11285_11293,21633_21641,28362_28370,29734_29759
Scotland/QEUH-3981955/2022	XM	241_C|T,2470_C|T,2638_C|T,2832_A|G,3037_C|T,5386_T|G,8393_G|A,10029_C|T,10449_C|A,11537_A|G,13195_T|C,14408_C|T,15240_C|T,15960_C|T,18163_A|G,21618_C|T,21987_G|A,22200_T|G,22578_G|A,22674_C|T,22679_T|C,22686_C|T,22688_A|G,22775_G|A,22786_A|C,22813_G|T,22882_T|G,22992_G|A,22995_C|A,23013_A|C,23040_A|G,23055_A|G,23063_A|T,23075_T|C,23403_A|G,23525_C|T,23599_T|G,23604_C|A,23854_C|A,23948_G|T,24424_A|T,24469_T|A,25000_C|T,25584_C|T,26060_C|T,26270_C|T,26577_C|G,26709_G|A,26858_C|T,27259_A|C,27382_G|C,27383_A|T,27384_T|C,27807_C|T,28271_A|T,28311_C|T,28881_G|A,28882_G|A,28883_G|C,29510_A|C,6513_6515,11285_11293,21633_21641,28362_28370,29734_29759
Scotland/QEUH-3A25284/2022	XM	241_C|T,2470_C|T,2832_A|G,3037_C|T,5386_T|G,8393_G|A,10029_C|T,10449_C|A,11537_A|G,13195_T|C,14408_C|T,15240_C|T,18163_A|G,19955_C|T,20055_A|G,21618_C|T,21987_G|A,22200_T|G,22578_G|A,22674_C|T,22679_T|C,22686_C|T,22688_A|G,22775_G|A,22786_A|C,22813_G|T,22882_T|G,22992_G|A,22995_C|A,23013_A|C,23040_A|G,23055_A|G,23063_A|T,23075_T|C,23403_A|G,23525_C|T,23599_T|G,23604_C|A,23854_C|A,23948_G|T,24424_A|T,24469_T|A,25000_C|T,25584_C|T,26060_C|T,26270_C|T,26577_C|G,26709_G|A,26858_C|T,27259_A|C,27382_G|C,27383_A|T,27384_T|C,27807_C|T,28271_A|T,28311_C|T,28881_G|A,28882_G|A,28883_G|C,29510_A|C,6513_6515,11285_11293,21633_21641,28362_28370,29734_29759
Scotland/QEUH-3A7A99A/2022	XM	241_C|T,2470_C|T,2832_A|G,3037_C|T,5386_T|G,8393_G|A,10029_C|T,10449_C|A,11537_A|G,13195_T|C,14408_C|T,15240_C|T,16257_T|C,18163_A|G,19955_C|T,20055_A|G,21618_C|T,21987_G|A,22200_T|G,22578_G|A,22674_C|T,22679_T|C,22686_C|T,22688_A|G,22775_G|A,22786_A|C,22813_G|T,22882_T|G,22992_G|A,22995_C|A,23013_A|C,23040_A|G,23055_A|G,23063_A|T,23075_T|C,23403_A|G,23525_C|T,23599_T|G,23604_C|A,23854_C|A,23948_G|T,24424_A|T,24469_T|A,25000_C|T,25584_C|T,26060_C|T,26270_C|T,26577_C|G,26709_G|A,26858_C|T,27259_A|C,27382_G|C,27383_A|T,27384_T|C,27807_C|T,28271_A|T,28311_C|T,28881_G|A,28882_G|A,28883_G|C,29510_A|C,6513_6515,11285_11293,21633_21641,28362_28370,29734_29759
Scotland/QEUH-3AEC66F/2022	XM	241_C|T,2470_C|T,2832_A|G,3037_C|T,5386_T|G,8393_G|A,10029_C|T,10449_C|A,11537_A|G,13195_T|C,14408_C|T,15240_C|T,16257_T|C,18163_A|G,19955_C|T,20055_A|G,21618_C|T,21987_G|A,22200_T|G,22578_G|A,22674_C|T,22679_T|C,22686_C|T,22688_A|G,22775_G|A,22786_A|C,22813_G|T,22882_T|G,22992_G|A,22995_C|A,23013_A|C,23040_A|G,23055_A|G,23063_A|T,23075_T|C,23403_A|G,23525_C|T,23599_T|G,23604_C|A,23854_C|A,23948_G|T,24424_A|T,24469_T|A,25000_C|T,25584_C|T,26060_C|T,26270_C|T,26577_C|G,26709_G|A,26858_C|T,27259_A|C,27382_G|C,27383_A|T,27384_T|C,27807_C|T,28271_A|T,28311_C|T,28881_G|A,28882_G|A,28883_G|C,29510_A|C,6513_6515,11285_11293,21633_21641,28362_28370,29734_29759
Scotland/QEUH-3AFB858/2022	XM	241_C|T,2470_C|T,2832_A|G,3037_C|T,5386_T|G,8393_G|A,10029_C|T,10449_C|A,11537_A|G,13195_T|C,14408_C|T,15240_C|T,16257_T|C,18163_A|G,19955_C|T,20055_A|G,21618_C|T,21987_G|A,22200_T|G,22578_G|A,22674_C|T,22679_T|C,22686_C|T,22688_A|G,22775_G|A,22786_A|C,22813_G|T,22882_T|G,22992_G|A,22995_C|A,23013_A|C,23040_A|G,23055_A|G,23063_A|T,23075_T|C,23403_A|G,23525_C|T,23599_T|G,23604_C|A,23854_C|A,23948_G|T,24424_A|T,24469_T|A,25000_C|T,25584_C|T,26060_C|T,26270_C|T,26577_C|G,26709_G|A,26858_C|T,27259_A|C,27382_G|C,27383_A|T,27384_T|C,27807_C|T,28271_A|T,28311_C|T,28881_G|A,28882_G|A,28883_G|C,29510_A|C,6513_6515,11285_11293,21633_21641,28362_28370,29734_29759
Scotland/QEUH-3BCC5A3/2022	XM	241_C|T,2470_C|T,2832_A|G,3037_C|T,5386_T|G,8393_G|A,10029_C|T,10449_C|A,11449_T|C,11537_A|G,13195_T|C,14408_C|T,15240_C|T,16257_T|C,18163_A|G,19955_C|T,21618_C|T,21987_G|A,22200_T|G,22578_G|A,22674_C|T,22679_T|C,22686_C|T,22688_A|G,22775_G|A,22786_A|C,22813_G|T,22882_T|G,22992_G|A,22995_C|A,23013_A|C,23040_A|G,23055_A|G,23063_A|T,23075_T|C,23403_A|G,23525_C|T,23599_T|G,23604_C|A,23854_C|A,23948_G|T,24424_A|T,24469_T|A,25000_C|T,25584_C|T,26060_C|T,26270_C|T,26577_C|G,26709_G|A,26858_C|T,27259_A|C,27382_G|C,27383_A|T,27384_T|C,27807_C|T,28271_A|T,28311_C|T,28881_G|A,28882_G|A,28883_G|C,29510_A|C,6513_6515,11285_11293,21633_21641,28362_28370,29734_29759
Scotland/QEUH-3D37820/2022	XM	241_C|T,2470_C|T,2832_A|G,3037_C|T,5386_T|G,8393_G|A,10029_C|T,10449_C|A,11537_A|G,13195_T|C,14408_C|T,15240_C|T,16257_T|C,18163_A|G,19955_C|T,20055_A|G,21618_C|T,21987_G|A,22200_T|G,22578_G|A,22674_C|T,22679_T|C,22686_C|T,22688_A|G,22775_G|A,22786_A|C,22813_G|T,22882_T|G,22992_G|A,22995_C|A,23013_A|C,23040_A|G,23055_A|G,23063_A|T,23075_T|C,23403_A|G,23525_C|T,23599_T|G,23604_C|A,23854_C|A,23948_G|T,24424_A|T,24469_T|A,25000_C|T,25584_C|T,26060_C|T,26270_C|T,26577_C|G,26709_G|A,26858_C|T,27259_A|C,27382_G|C,27383_A|T,27384_T|C,27807_C|T,28271_A|T,28311_C|T,28881_G|A,28882_G|A,28883_G|C,29510_A|C,6513_6515,11285_11293,21633_21641,28362_28370,29734_29759
Scotland/QEUH-3D378C6/2022	XM	241_C|T,2470_C|T,2832_A|G,3037_C|T,5386_T|G,8393_G|A,10029_C|T,10449_C|A,11537_A|G,13195_T|C,14408_C|T,15240_C|T,16257_T|C,18163_A|G,19955_C|T,20055_A|G,21618_C|T,21987_G|A,22200_T|G,22578_G|A,22674_C|T,22679_T|C,22686_C|T,22688_A|G,22775_G|A,22786_A|C,22813_G|T,22882_T|G,22992_G|A,22995_C|A,23013_A|C,23040_A|G,23055_A|G,23063_A|T,23075_T|C,23403_A|G,23525_C|T,23599_T|G,23604_C|A,23854_C|A,23948_G|T,24424_A|T,24469_T|A,25000_C|T,25584_C|T,26060_C|T,26270_C|T,26577_C|G,26709_G|A,26858_C|T,27259_A|C,27382_G|C,27383_A|T,27384_T|C,27807_C|T,28271_A|T,28311_C|T,28881_G|A,28882_G|A,28883_G|C,29510_A|C,6513_6515,11285_11293,21633_21641,28362_28370,29734_29759
Switzerland/GE-HUG-37908608/2022	XM	241_C|T,2470_C|T,2832_A|G,3037_C|T,5298_C|T,5386_T|G,8393_G|A,10029_C|T,10449_C|A,11537_A|G,13195_T|C,14408_C|T,15240_C|T,16257_T|C,18163_A|G,19955_C|T,20055_A|G,21618_C|T,21987_G|A,22200_T|G,22578_G|A,22674_C|T,22679_T|C,22686_C|T,22688_A|G,22775_G|A,22786_A|C,22813_G|T,22882_T|G,22992_G|A,22995_C|A,23013_A|C,23040_A|G,23055_A|G,23063_A|T,23075_T|C,23403_A|G,23525_C|T,23599_T|G,23604_C|A,23854_C|A,23948_G|T,24424_A|T,24469_T|A,25000_C|T,25584_C|T,26060_C|T,26270_C|T,26577_C|G,26709_G|A,26858_C|T,27063_T|C,27259_A|C,27382_G|C,27383_A|T,27384_T|C,27807_C|T,28271_A|T,28311_C|T,28881_G|A,28882_G|A,28883_G|C,29510_A|C,6513_6515,11285_11293,21633_21641,28362_28370,29734_29759,29903_.|N
Switzerland/GE-HUG-37938393/2022	XM	241_C|T,2470_C|T,2832_A|G,3037_C|T,5386_T|G,8393_G|A,10029_C|T,10449_C|A,11537_A|G,13195_T|C,14408_C|T,15240_C|T,16257_T|C,18163_A|G,19955_C|T,20055_A|G,21618_C|T,21987_G|A,22200_T|G,22578_G|A,22674_C|T,22679_T|C,22686_C|T,22688_A|G,22775_G|A,22786_A|C,22813_G|T,22882_T|G,22992_G|A,22995_C|A,23013_A|C,23040_A|G,23055_A|G,23063_A|T,23075_T|C,23403_A|G,23525_C|T,23599_T|G,23604_C|A,23854_C|A,23948_G|T,24424_A|T,24469_T|A,25000_C|T,25584_C|T,26060_C|T,26270_C|T,26577_C|G,26709_G|A,26858_C|T,27259_A|C,27382_G|C,27383_A|T,27384_T|C,27807_C|T,28271_A|T,28311_C|T,28881_G|A,28882_G|A,28883_G|C,29510_A|C,515_520,6513_6515,11285_11293,21633_21641,28362_28370,29734_29759,29903_.|N
Switzerland/GE-HUG-37983379/2022	XM	241_C|T,2470_C|T,2832_A|G,3037_C|T,5386_T|G,8393_G|A,10029_C|T,10449_C|A,11537_A|G,13195_T|C,14408_C|T,15240_C|T,16257_T|C,18163_A|G,19955_C|T,20055_A|G,21618_C|T,21987_G|A,22200_T|G,22578_G|A,22674_C|T,22679_T|C,22686_C|T,22688_A|G,22775_G|A,22786_A|C,22813_G|T,22882_T|G,22992_G|A,22995_C|A,23013_A|C,23040_A|G,23055_A|G,23063_A|T,23075_T|C,23403_A|G,23525_C|T,23599_T|G,23604_C|A,23854_C|A,23948_G|T,24424_A|T,24469_T|A,25000_C|T,25584_C|T,26060_C|T,26270_C|T,26577_C|G,26709_G|A,26858_C|T,27063_T|C,27259_A|C,27382_G|C,27383_A|T,27384_T|C,27807_C|T,28271_A|T,28311_C|T,28881_G|A,28882_G|A,28883_G|C,29510_A|C,6513_6515,11285_11293,21633_21641,28362_28370,29734_29759,29903_.|N
USA/CA-CDC-QDX37345669/2022	XM	203_C|T,241_C|T,1594_C|T,2470_C|T,2832_A|G,3037_C|T,5386_T|G,8393_G|A,10029_C|T,10449_C|A,11537_A|G,12400_C|T,13195_T|C,14408_C|T,15240_C|T,16257_T|C,18163_A|G,19955_C|T,20055_A|G,21618_C|T,21987_G|A,22200_T|G,22578_G|A,22674_C|T,22679_T|C,22686_C|T,22688_A|G,22775_G|A,22786_A|C,22813_G|T,22882_T|G,22992_G|A,22995_C|A,23013_A|C,23040_A|G,23055_A|G,23063_A|T,23075_T|C,23403_A|G,23525_C|T,23599_T|G,23604_C|A,23854_C|A,23948_G|T,24424_A|T,24469_T|A,25000_C|T,25584_C|T,26060_C|T,26270_C|T,26577_C|G,26709_G|A,26858_C|T,27259_A|C,27382_G|C,27383_A|T,27384_T|C,27807_C|T,28271_A|T,28311_C|T,28657_C|T,28881_G|A,28882_G|A,28883_G|C,29510_A|C,6513_6515,11285_11293,21633_21641,28362_28370,29734_29759
USA/JW7070/2022	XM	241_C|T,2470_C|T,2832_A|G,3037_C|T,5386_T|G,8393_G|A,10029_C|T,10449_C|A,11109_C|T,11537_A|G,12786_C|T,13195_T|C,14408_C|T,15240_C|T,18163_A|G,19955_C|T,20055_A|G,21618_C|T,21987_G|A,22021_G|T,22200_T|G,22578_G|A,22674_C|T,22679_T|C,22686_C|T,22688_A|G,22775_G|A,22786_A|C,22813_G|T,22882_T|G,22992_G|A,22995_C|A,23013_A|C,23040_A|G,23055_A|G,23063_A|T,23075_T|C,23403_A|G,23525_C|T,23599_T|G,23604_C|A,23854_C|A,23948_G|T,24424_A|T,24469_T|A,25000_C|T,25352_G|A,25584_C|T,25810_C|T,26060_C|T,26270_C|T,26577_C|G,26709_G|A,26858_C|T,27259_A|C,27382_G|C,27383_A|T,27384_T|C,27807_C|T,28271_A|T,28311_C|T,28881_G|A,28882_G|A,28883_G|C,29510_A|C,6513_6515,11285_11293,21633_21641,28362_28370,29734_29759
USA/JW7076/2022	XM	241_C|T,2470_C|T,2832_A|G,3037_C|T,5386_T|G,8393_G|A,10029_C|T,10449_C|A,11109_C|T,11537_A|G,12786_C|T,13195_T|C,14408_C|T,15240_C|T,18163_A|G,19955_C|T,20055_A|G,21618_C|T,21987_G|A,22021_G|T,22200_T|G,22578_G|A,22674_C|T,22679_T|C,22686_C|T,22688_A|G,22775_G|A,22786_A|C,22813_G|T,22882_T|G,22992_G|A,22995_C|A,23013_A|C,23040_A|G,23055_A|G,23063_A|T,23075_T|C,23403_A|G,23525_C|T,23599_T|G,23604_C|A,23854_C|A,23948_G|T,24424_A|T,24469_T|A,25000_C|T,25352_G|A,25584_C|T,25810_C|T,26060_C|T,26270_C|T,26577_C|G,26709_G|A,26858_C|T,27259_A|C,27382_G|C,27383_A|T,27384_T|C,27807_C|T,28271_A|T,28311_C|T,28881_G|A,28882_G|A,28883_G|C,29510_A|C,6513_6515,11285_11293,21633_21641,28362_28370,29734_29759
USA/NC-CDC-STM-VJQKVT58D/2022	XM	241_C|T,2470_C|T,2832_A|G,3037_C|T,5386_T|G,8393_G|A,10029_C|T,10449_C|A,11109_C|T,11537_A|G,12786_C|T,13195_T|C,14408_C|T,15240_C|T,18163_A|G,19955_C|T,20055_A|G,21618_C|T,21987_G|A,22021_G|T,22200_T|G,22578_G|A,22674_C|T,22679_T|C,22686_C|T,22688_A|G,22775_G|A,22786_A|C,22813_G|T,22882_T|G,22992_G|A,22995_C|A,23013_A|C,23040_A|G,23055_A|G,23063_A|T,23075_T|C,23403_A|G,23525_C|T,23599_T|G,23604_C|A,23854_C|A,23948_G|T,24424_A|T,24469_T|A,25000_C|T,25352_G|A,25584_C|T,25810_C|T,26060_C|T,26270_C|T,26577_C|G,26709_G|A,26858_C|T,27259_A|C,27382_G|C,27383_A|T,27384_T|C,27807_C|T,28271_A|T,28311_C|T,28881_G|A,28882_G|A,28883_G|C,29510_A|C,6513_6515,11285_11293,21633_21641,28362_28370,29734_29759
USA/NJ-CDC-ASC210687738/2022	XM	222_C|T,241_C|T,2470_C|T,2832_A|G,3037_C|T,5386_T|G,8393_G|A,10029_C|T,10449_C|A,11537_A|G,13195_T|C,14408_C|T,15240_C|T,18163_A|G,20343_T|C,21618_C|T,21987_G|A,22200_T|G,22578_G|A,22674_C|T,22679_T|C,22686_C|T,22688_A|G,22775_G|A,22786_A|C,22813_G|T,22882_T|G,22992_G|A,22995_C|A,23013_A|C,23040_A|G,23055_A|G,23063_A|T,23075_T|C,23403_A|G,23525_C|T,23599_T|G,23604_C|A,23854_C|A,23948_G|T,24424_A|T,24469_T|A,25000_C|T,25584_C|T,26060_C|T,26270_C|T,26577_C|G,26709_G|A,26858_C|T,27259_A|C,27382_G|C,27383_A|T,27384_T|C,27807_C|T,28271_A|T,28311_C|T,28881_G|A,28882_G|A,28883_G|C,29510_A|C,6513_6515,11285_11293,21633_21641,28362_28370,29734_29759
USA/NY-Broad-CRSP_WH5TJZ42BYV4BC3T/2022	XM	241_C|T,2470_C|T,2832_A|G,3037_C|T,5386_T|G,8393_G|A,9052_A|C,10029_C|T,10449_C|A,11537_A|G,13195_T|C,14408_C|T,15240_C|T,16257_T|C,18163_A|G,19955_C|T,20055_A|G,21618_C|T,21987_G|A,22200_T|G,22578_G|A,22674_C|T,22679_T|C,22686_C|T,22688_A|G,22775_G|A,22786_A|C,22813_G|T,22882_T|G,22992_G|A,22995_C|A,23013_A|C,23040_A|G,23055_A|G,23063_A|T,23075_T|C,23403_A|G,23525_C|T,23599_T|G,23604_C|A,23854_C|A,23948_G|T,24424_A|T,24469_T|A,25000_C|T,25584_C|T,25889_C|T,26060_C|T,26270_C|T,26577_C|G,26709_G|A,26858_C|T,27259_A|C,27382_G|C,27383_A|T,27384_T|C,27807_C|T,28271_A|T,28311_C|T,28881_G|A,28882_G|A,28883_G|C,29510_A|C,6513_6515,11285_11293,21633_21641,28362_28370,29734_29759
USA/TX-CDC-STM-FFHH8SHY8/2022	XM	21_C|T,241_C|T,2470_C|T,2832_A|G,3037_C|T,5386_T|G,8393_G|A,10029_C|T,10449_C|A,11109_C|T,11537_A|G,12786_C|T,13195_T|C,14408_C|T,15240_C|T,18163_A|G,19955_C|T,20055_A|G,21618_C|T,21987_G|A,22021_G|T,22200_T|G,22578_G|A,22674_C|T,22679_T|C,22686_C|T,22688_A|G,22775_G|A,22786_A|C,22813_G|T,22882_T|G,22992_G|A,22995_C|A,23013_A|C,23040_A|G,23055_A|G,23063_A|T,23075_T|C,23403_A|G,23525_C|T,23599_T|G,23604_C|A,23854_C|A,23948_G|T,24424_A|T,24469_T|A,25000_C|T,25352_G|A,25584_C|T,25810_C|T,26060_C|T,26270_C|T,26577_C|G,26709_G|A,26858_C|T,27259_A|C,27382_G|C,27383_A|T,27384_T|C,27807_C|T,28271_A|T,28311_C|T,28881_G|A,28882_G|A,28883_G|C,29510_A|C,6513_6515,11285_11293,21633_21641,28362_28370,29734_29759
USA/WV-CDC-ASC210735089/2022	XM	241_C|T,2470_C|T,2832_A|G,3037_C|T,5386_T|G,8393_G|A,10029_C|T,10449_C|A,11537_A|G,13195_T|C,13458_C|T,14408_C|T,15240_C|T,18131_C|T,18163_A|G,21575_C|T,21595_C|T,21987_G|A,22200_T|G,22578_G|A,22674_C|T,22679_T|C,22686_C|T,22688_A|G,22775_G|A,22786_A|C,22813_G|T,22882_T|G,22992_G|A,22995_C|A,23013_A|C,23040_A|G,23055_A|G,23063_A|T,23075_T|C,23403_A|G,23525_C|T,23599_T|G,23604_C|A,23854_C|A,23948_G|T,24424_A|T,24469_T|A,25000_C|T,25584_C|T,26060_C|T,26270_C|T,26577_C|G,26709_G|A,26858_C|T,27259_A|C,27382_G|C,27383_A|T,27384_T|C,27807_C|T,28271_A|T,28311_C|T,28881_G|A,28882_G|A,28883_G|C,29510_A|C,29635_C|T,6513_6515,11285_11293,28362_28370,29734_29759
IMS-10004-CVDP-7EB1CDF6-58F0-43FF-A57F-C7A4BB2F7A8F	XM	241_C|T,2470_C|T,2832_A|G,3037_C|T,5386_T|G,8393_G|A,10029_C|T,10449_C|A,11537_A|G,13195_T|C,14408_C|T,15240_C|T,16257_T|C,18163_A|G,19955_C|T,20055_A|G,21618_C|T,21987_G|A,22200_T|G,22578_G|A,22674_C|T,22679_T|C,22686_C|T,22688_A|G,22775_G|A,22786_A|C,22813_G|T,22882_T|G,22992_G|A,22995_C|A,23013_A|C,23040_A|G,23055_A|G,23063_A|T,23075_T|C,23403_A|G,23525_C|T,23599_T|G,23604_C|A,23854_C|A,23948_G|T,24424_A|T,24469_T|A,25000_C|T,25584_C|T,26060_C|T,26270_C|T,26577_C|G,26709_G|A,26858_C|T,27259_A|C,27382_G|C,27383_A|T,27384_T|C,27807_C|T,28271_A|T,28311_C|T,28881_G|A,28882_G|A,28883_G|C,29510_A|C,438_446,6513_6515,11285_11293,21633_21641,28362_28370,29734_29759
IMS-10004-CVDP-EF51E817-9EB9-4713-B723-49550BDFBC7A	XM	241_C|T,2470_C|T,2832_A|G,3037_C|T,5386_T|G,6738_C|T,8393_G|A,10029_C|T,10449_C|A,11537_A|G,13195_T|C,14408_C|T,15240_C|T,16257_T|C,18163_A|G,18975_T|C,19955_C|T,20055_A|G,21618_C|T,21987_G|A,22200_T|G,22578_G|A,22674_C|T,22679_T|C,22686_C|T,22688_A|G,22775_G|A,22786_A|C,22813_G|T,22882_T|G,22992_G|A,22995_C|A,23013_A|C,23040_A|G,23055_A|G,23063_A|T,23075_T|C,23403_A|G,23525_C|T,23599_T|G,23604_C|A,23854_C|A,23948_G|T,24424_A|T,24469_T|A,25000_C|T,25584_C|T,26060_C|T,26270_C|T,26577_C|G,26709_G|A,26858_C|T,27259_A|C,27382_G|C,27383_A|T,27384_T|C,27807_C|T,28271_A|T,28311_C|T,28881_G|A,28882_G|A,28883_G|C,29077_C|T,29510_A|C,6513_6515,11285_11293,21633_21641,28362_28370,29734_29759
IMS-10033-CVDP-57BB4CBC-C8F7-4038-9409-12885CAEF94E	XM	21_C|T,241_C|T,2470_C|T,2832_A|G,3037_C|T,5386_T|G,8393_G|A,10029_C|T,10449_C|A,11537_A|G,13195_T|C,14408_C|T,15240_C|T,16257_T|C,18163_A|G,19955_C|T,20055_A|G,21618_C|T,21987_G|A,22200_T|G,22578_G|A,22674_C|T,22679_T|C,22686_C|T,22688_A|G,22775_G|A,22786_A|C,22813_G|T,22882_T|G,22992_G|A,22995_C|A,23013_A|C,23040_A|G,23055_A|G,23063_A|T,23075_T|C,23403_A|G,23525_C|T,23599_T|G,23604_C|A,23854_C|A,23948_G|T,24424_A|T,24469_T|A,25000_C|T,25584_C|T,26060_C|T,26270_C|T,26577_C|G,26709_G|A,26858_C|T,27259_A|C,27382_G|C,27383_A|T,27384_T|C,27807_C|T,28271_A|T,28311_C|T,28881_G|A,28882_G|A,28883_G|C,29510_A|C,6513_6515,11285_11293,21633_21641,28362_28370,29734_29759
IMS-10116-CVDP-96EC4764-2A3C-415E-8FF7-AE9515CB5F0A	XM	241_C|T,1936_T|C,2470_C|T,2832_A|G,3037_C|T,5386_T|G,8393_G|A,10029_C|T,10449_C|A,11537_A|G,13195_T|C,14408_C|T,15240_C|T,16257_T|C,18163_A|G,18591_C|G,19955_C|T,20055_A|G,21618_C|T,21987_G|A,22200_T|G,22578_G|A,22674_C|T,22679_T|C,22686_C|T,22688_A|G,22775_G|A,22786_A|C,22813_G|T,22882_T|G,22992_G|A,22995_C|A,23013_A|C,23040_A|G,23055_A|G,23063_A|T,23075_T|C,23403_A|G,23525_C|T,23599_T|G,23854_C|A,23948_G|T,24424_A|T,24469_T|A,25000_C|T,25584_C|T,26060_C|T,26270_C|T,26577_C|G,26709_G|A,26858_C|T,27259_A|C,27382_G|C,27383_A|T,27384_T|C,27807_C|T,28271_A|T,28311_C|T,28881_G|A,28882_G|A,28883_G|C,29510_A|C,6513_6515,11285_11293,21633_21641,28362_28370
IMS-10122-CVDP-C2937E03-2F73-4D6C-91CD-F1831C128FF0	XM	241_C|T,343_G|A,2470_C|T,2832_A|G,3037_C|T,5386_T|G,5802_A|G,8393_G|A,10029_C|T,10449_C|A,11537_A|G,13195_T|C,14408_C|T,15240_C|T,16257_T|C,18163_A|G,19955_C|T,20055_A|G,21618_C|T,21987_G|A,22200_T|G,22578_G|A,22674_C|T,22679_T|C,22686_C|T,22688_A|G,22775_G|A,22786_A|C,22813_G|T,22882_T|G,22992_G|A,22995_C|A,23013_A|C,23040_A|G,23055_A|G,23063_A|T,23075_T|C,23403_A|G,23525_C|T,23599_T|G,23604_C|A,23854_C|A,23948_G|T,24424_A|T,24469_T|A,24608_G|A,25000_C|T,25584_C|T,26060_C|T,26270_C|T,26577_C|G,26709_G|A,26858_C|T,27259_A|C,27382_G|C,27383_A|T,27384_T|C,27807_C|T,28271_A|T,28311_C|T,28881_G|A,28882_G|A,28883_G|C,29510_A|C,6513_6515,11285_11293,21633_21641,28362_28370
IMS-10150-CVDP-46F51A3A-C02F-4CB1-8375-CD67CEC14BFE	XM	241_C|T,2470_C|T,2832_A|G,3037_C|T,5386_T|G,8393_G|A,10029_C|T,10449_C|A,11537_A|G,13195_T|C,14408_C|T,15240_C|T,16257_T|C,18163_A|G,19955_C|T,20055_A|G,21618_C|T,21987_G|A,22200_T|G,22578_G|A,22674_C|T,22679_T|C,22686_C|T,22688_A|G,22775_G|A,22786_A|C,22813_G|T,22882_T|G,22992_G|A,22995_C|A,23013_A|C,23040_A|G,23055_A|G,23063_A|T,23075_T|C,23403_A|G,23525_C|T,23599_T|G,23604_C|A,23854_C|A,23948_G|T,24424_A|T,24469_T|A,25000_C|T,25584_C|T,26060_C|T,26270_C|T,26577_C|G,26709_G|A,26858_C|T,27259_A|C,27807_C|T,28271_A|T,28311_C|T,28881_G|A,29510_A|C,6513_6515,11285_11293,21633_21641,28362_28370,29734_29759
IMS-10150-CVDP-962C5366-147E-4CA1-A7E1-E1F871AE8E3C	XM	241_C|T,2470_C|T,2832_A|G,3037_C|T,5386_T|G,8393_G|A,10029_C|T,10449_C|A,11537_A|G,13195_T|C,14408_C|T,15240_C|T,18163_A|G,19955_C|T,20055_A|G,21618_C|T,21987_G|A,22200_T|G,22578_G|A,22674_C|T,22679_T|C,22686_C|T,22688_A|G,22775_G|A,22786_A|C,22813_G|T,22882_T|G,22992_G|A,22995_C|A,23013_A|C,23040_A|G,23055_A|G,23063_A|T,23075_T|C,23403_A|G,23525_C|T,23599_T|G,23604_C|A,23854_C|A,23948_G|T,24424_A|T,24469_T|A,25000_C|T,25327_A|C,25584_C|T,26060_C|T,26270_C|T,26577_C|G,26709_G|A,26858_C|T,27259_A|C,27382_G|C,27807_C|T,28271_A|T,28311_C|T,28473_C|T,28881_G|A,29510_A|C,6513_6515,11285_11293,21633_21641,28362_28370,29734_29759
IMS-10173-CVDP-112138AC-29EF-4A60-B4DD-D12CFC676C14	XM	241_C|T,2832_A|G,3037_C|T,6640_T|C,6971_T|C,10029_C|T,10449_C|A,14408_C|T,15240_C|T,18163_A|G,19955_C|T,20055_A|G,21618_C|T,22200_T|G,22578_G|A,22674_C|T,22679_T|C,22686_C|T,22688_A|G,22775_G|A,22786_A|C,22813_G|T,22882_T|G,22992_G|A,22995_C|A,23013_A|C,23040_A|G,23055_A|G,23063_A|T,23075_T|C,23403_A|G,23525_C|T,23599_T|G,23604_C|A,23854_C|A,23948_G|T,24424_A|T,24469_T|A,25000_C|T,26060_C|T,26270_C|T,26577_C|G,26709_G|A,26858_C|T,27259_A|C,27382_G|C,27383_A|T,27384_T|C,27807_C|T,28271_A|T,28311_C|T,28881_G|A,28882_G|A,28883_G|C,29510_A|C,21633_21641,28362_28370,29734_29759
IMS-10173-CVDP-1A2C3264-6D3A-4BF7-81C2-72D4AD0DC4F2	XM	241_C|T,2470_C|T,2832_A|G,3037_C|T,5386_T|G,8393_G|A,10029_C|T,10449_C|A,11537_A|G,13195_T|C,15240_C|T,16257_T|C,18163_A|G,19955_C|T,20055_A|G,21618_C|T,21987_G|A,22200_T|G,22578_G|A,22674_C|T,22679_T|C,22686_C|T,22688_A|G,22775_G|A,22786_A|C,22813_G|T,22882_T|G,22992_G|A,22995_C|A,23013_A|C,23040_A|G,23055_A|G,23063_A|T,23075_T|C,23403_A|G,23525_C|T,23599_T|G,23604_C|A,23854_C|A,23948_G|T,24424_A|T,24469_T|A,25000_C|T,25584_C|T,26060_C|T,26270_C|T,26577_C|G,26709_G|A,26858_C|T,27259_A|C,27382_G|C,27383_A|T,27384_T|C,27807_C|T,28271_A|T,28311_C|T,28881_G|A,28882_G|A,28883_G|C,29510_A|C,6513_6515,11285_11293,21633_21641,28362_28370,29734_29759
IMS-10267-CVDP-E7496A0C-1846-43C7-8B02-A54AFCD032D5	XM	241_C|T,2470_C|T,2832_A|G,3037_C|T,5386_T|G,8393_G|A,10029_C|T,10449_C|A,11524_T|C,11537_A|G,13195_T|C,14408_C|T,15240_C|T,16257_T|C,18163_A|G,19955_C|T,20055_A|G,21618_C|T,21987_G|A,22200_T|G,22578_G|A,22674_C|T,22679_T|C,22686_C|T,22688_A|G,22775_G|A,22786_A|C,22813_G|T,22882_T|G,22992_G|A,22995_C|A,23013_A|C,23040_A|G,23055_A|G,23063_A|T,23075_T|C,23403_A|G,23525_C|T,23599_T|G,23604_C|A,23854_C|A,23948_G|T,24424_A|T,24469_T|A,24853_A|T,25000_C|T,25584_C|T,26060_C|T,26270_C|T,26577_C|G,26709_G|A,26858_C|T,27259_A|C,27382_G|C,27383_A|T,27384_T|C,27807_C|T,28271_A|T,28311_C|T,28881_G|A,28882_G|A,28883_G|C,29510_A|C,6513_6515,11285_11293,21633_21641,28362_28370
IMS-10294-CVDP-479E7B38-509D-43D2-A5DD-9445F339462C	XM	241_C|T,2470_C|T,2832_A|G,3037_C|T,5386_T|G,8393_G|A,10029_C|T,10449_C|A,11537_A|G,13195_T|C,14408_C|T,15240_C|T,18163_A|G,19955_C|T,20055_A|G,21618_C|T,21987_G|A,22200_T|G,22578_G|A,22674_C|T,22679_T|C,22686_C|T,22688_A|G,22775_G|A,22786_A|C,22813_G|T,22882_T|G,22992_G|A,22995_C|A,23013_A|C,23040_A|G,23055_A|G,23063_A|T,23075_T|C,23403_A|G,23525_C|T,23599_T|G,23604_C|A,23854_C|A,23948_G|T,24424_A|T,24469_T|A,25000_C|T,25584_C|T,26060_C|T,26270_C|T,26577_C|G,26709_G|A,26858_C|T,27259_A|C,27382_G|C,27383_A|T,27384_T|C,27807_C|T,28271_A|T,28311_C|T,28312_C|T,28881_G|A,28882_G|A,28883_G|C,29510_A|C,6513_6515,11285_11293,21633_21641,28362_28370
IMS-10294-CVDP-A8D49AC2-8C31-4C51-A941-0D167528240B	XM	241_C|T,2470_C|T,2832_A|G,3037_C|T,5386_T|G,8393_G|A,10029_C|T,10449_C|A,11537_A|G,13195_T|C,14408_C|T,15240_C|T,18163_A|G,19955_C|T,20055_A|G,21618_C|T,21987_G|A,22200_T|G,22578_G|A,22674_C|T,22679_T|C,22686_C|T,22688_A|G,22775_G|A,22786_A|C,22813_G|T,22882_T|G,22992_G|A,22995_C|A,23013_A|C,23040_A|G,23055_A|G,23063_A|T,23075_T|C,23403_A|G,23525_C|T,23599_T|G,23604_C|A,23854_C|A,23948_G|T,24424_A|T,24469_T|A,25000_C|T,25584_C|T,26060_C|T,26270_C|T,26577_C|G,26709_G|A,26858_C|T,27259_A|C,27382_G|C,27383_A|T,27384_T|C,27807_C|T,28271_A|T,28311_C|T,28393_T|C,28881_G|A,28882_G|A,28883_G|C,29510_A|C,519_524,6513_6515,11285_11293,21633_21641,28362_28370
IMS-10337-CVDP-0ACC6776-2D28-4374-A9FD-AAFFA3E172F7	XM	241_C|T,2470_C|T,2832_A|G,3037_C|T,5386_T|G,6513_G|A,6515_T|A,8393_G|A,10029_C|T,10449_C|A,11537_A|G,13195_T|C,14408_C|T,15240_C|T,16257_T|C,18163_A|G,19955_C|T,20055_A|G,21618_C|T,21987_G|A,22200_T|G,22578_G|A,22674_C|T,22679_T|C,22686_C|T,22688_A|G,22775_G|A,22786_A|C,22882_T|G,22992_G|A,22995_C|A,23013_A|C,23040_A|G,23055_A|G,23063_A|T,23075_T|C,23403_A|G,23525_C|T,23599_T|G,23604_C|A,23854_C|A,23948_G|T,24424_A|T,24469_T|A,25000_C|T,25584_C|T,26060_C|T,26270_C|T,26577_C|G,26709_G|A,26858_C|T,27259_A|C,27382_G|C,27383_A|T,27384_T|C,27807_C|T,28271_A|T,28311_C|T,28881_G|A,28882_G|A,28883_G|C,29510_A|C,11285_11293,21633_21641,28362_28370,29734_29759
IMS-10337-CVDP-2FE2FD68-DD5F-422B-A24A-060615B6E0EE	XM	21_C|T,241_C|T,2470_C|T,2832_A|G,3037_C|T,5386_T|G,6513_G|A,6515_T|A,8393_G|A,10029_C|T,10449_C|A,11537_A|G,13195_T|C,14408_C|T,15240_C|T,16257_T|C,18163_A|G,19955_C|T,20055_A|G,21618_C|T,21987_G|A,22200_T|G,22578_G|A,22674_C|T,22679_T|C,22686_C|T,22688_A|G,22775_G|A,22786_A|C,22992_G|A,22995_C|A,23013_A|C,23040_A|G,23055_A|G,23063_A|T,23075_T|C,23403_A|G,23525_C|T,23599_T|G,23604_C|A,23854_C|A,23948_G|T,24424_A|T,24469_T|A,25000_C|T,25584_C|T,26060_C|T,26270_C|T,26577_C|G,26709_G|A,26858_C|T,27259_A|C,27382_G|C,27383_A|T,27384_T|C,27807_C|T,28271_A|T,28311_C|T,28881_G|A,28882_G|A,28883_G|C,29510_A|C,11285_11293,21633_21641,28362_28370,29734_29759
IMS-10337-CVDP-4101DDDD-E9C5-470A-8FE3-E4FA2CE13A1B	XM	21_C|T,241_C|T,2470_C|T,2832_A|G,3037_C|T,5386_T|G,6513_G|A,6515_T|A,8393_G|A,10029_C|T,10449_C|A,11537_A|G,13195_T|C,14408_C|T,15240_C|T,16257_T|C,18163_A|G,19955_C|T,20055_A|G,20483_C|T,21618_C|T,21987_G|A,22200_T|G,22578_G|A,22674_C|T,22679_T|C,22686_C|T,22688_A|G,22775_G|A,22786_A|C,22882_T|G,22992_G|A,22995_C|A,23013_A|C,23040_A|G,23055_A|G,23063_A|T,23075_T|C,23403_A|G,23525_C|T,23599_T|G,23604_C|A,23854_C|A,23948_G|T,24424_A|T,24469_T|A,25000_C|T,25584_C|T,26060_C|T,26270_C|T,26577_C|G,26709_G|A,26858_C|T,27259_A|C,27807_C|T,28271_A|T,28311_C|T,28881_G|A,28882_G|A,28883_G|C,29510_A|C,11285_11293,21633_21641,28362_28370,29734_29759
IMS-10337-CVDP-414168CA-220C-4720-81F9-E8CBD2A44CF3	XM	241_C|T,2470_C|T,2832_A|G,3037_C|T,5386_T|G,6513_G|A,6515_T|A,8393_G|A,9611_C|T,10029_C|T,10449_C|A,11537_A|G,13195_T|C,14408_C|T,15240_C|T,16257_T|C,18163_A|G,19955_C|T,20055_A|G,21618_C|T,21987_G|A,22200_T|G,22578_G|A,22674_C|T,22679_T|C,22686_C|T,22688_A|G,22775_G|A,22786_A|C,22813_G|T,22882_T|G,22992_G|A,22995_C|A,23013_A|C,23040_A|G,23055_A|G,23063_A|T,23075_T|C,23403_A|G,23525_C|T,23599_T|G,23604_C|A,23854_C|A,23948_G|T,24424_A|T,24469_T|A,25000_C|T,25584_C|T,26060_C|T,26270_C|T,26577_C|G,26709_G|A,26858_C|T,27259_A|C,27382_G|C,27383_A|T,27384_T|C,27807_C|T,28271_A|T,28311_C|T,28881_G|A,28882_G|A,28883_G|C,29510_A|C,29762_C|T,11285_11293,21633_21641,28362_28370,29734_29759
IMS-10337-CVDP-70CD07BD-D9CA-4A76-B392-59E25D4C5E5F	XM	241_C|T,2470_C|T,2832_A|G,3037_C|T,5386_T|G,6513_G|A,6515_T|A,8393_G|A,10029_C|T,10449_C|A,11537_A|G,13195_T|C,14408_C|T,15240_C|T,16257_T|C,18163_A|G,19955_C|T,20055_A|G,20483_C|T,21618_C|T,21987_G|A,22200_T|G,22578_G|A,22674_C|T,22679_T|C,22686_C|T,22688_A|G,22775_G|A,22786_A|C,22813_G|T,22882_T|G,22992_G|A,22995_C|A,23013_A|C,23040_A|G,23055_A|G,23063_A|T,23075_T|C,23403_A|G,23525_C|T,23599_T|G,23604_C|A,23854_C|A,23948_G|T,24424_A|T,24469_T|A,25000_C|T,25584_C|T,26060_C|T,26270_C|T,26577_C|G,26709_G|A,26858_C|T,27259_A|C,27382_G|C,27383_A|T,27384_T|C,27807_C|T,28271_A|T,28311_C|T,28881_G|A,28882_G|A,28883_G|C,29510_A|C,11285_11293,21633_21641,28362_28370,29734_29759
IMS-10337-CVDP-73AC3858-0D85-4831-9B98-D46B35317541	XM	241_C|T,2470_C|T,2832_A|G,3037_C|T,5386_T|G,6513_G|A,6515_T|A,8393_G|A,10029_C|T,10449_C|A,11537_A|G,13195_T|C,14408_C|T,15240_C|T,16257_T|C,18163_A|G,19955_C|T,20055_A|G,21618_C|T,21987_G|A,22200_T|G,22578_G|A,22674_C|T,22679_T|C,22686_C|T,22688_A|G,22775_G|A,22786_A|C,22882_T|G,22992_G|A,22995_C|A,23013_A|C,23040_A|G,23055_A|G,23063_A|T,23075_T|C,23403_A|G,23525_C|T,23599_T|G,23604_C|A,23854_C|A,23948_G|T,24424_A|T,24469_T|A,25000_C|T,25584_C|T,26060_C|T,26270_C|T,26577_C|G,26709_G|A,26858_C|T,27259_A|C,27382_G|C,27383_A|T,27384_T|C,27807_C|T,28271_A|T,28311_C|T,28881_G|A,28882_G|A,28883_G|C,29510_A|C,11285_11293,21633_21641,28362_28370,29734_29759
IMS-10337-CVDP-BCA1C497-2683-4C2A-BEE5-AE4E3E91FC53	XM	241_C|T,2470_C|T,2832_A|G,3037_C|T,5386_T|G,6513_G|A,6515_T|A,8393_G|A,10029_C|T,10449_C|A,11537_A|G,13195_T|C,14408_C|T,15240_C|T,16257_T|C,18163_A|G,19955_C|T,20055_A|G,21618_C|T,21987_G|A,22200_T|G,22578_G|A,22674_C|T,22679_T|C,22686_C|T,22688_A|G,22775_G|A,22786_A|C,22882_T|G,22992_G|A,22995_C|A,23013_A|C,23040_A|G,23055_A|G,23063_A|T,23075_T|C,23403_A|G,23525_C|T,23599_T|G,23604_C|A,23854_C|A,23948_G|T,24424_A|T,24469_T|A,25000_C|T,25584_C|T,26060_C|T,26270_C|T,26577_C|G,26709_G|A,26858_C|T,27259_A|C,27382_G|C,27383_A|T,27384_T|C,27807_C|T,28271_A|T,28311_C|T,28881_G|A,28882_G|A,28883_G|C,29510_A|C,11285_11293,21633_21641,28362_28370,29734_29759
IMS-10337-CVDP-FAF4200C-EB8D-4F09-951C-D1319C81892D	XM	241_C|T,2470_C|T,2832_A|G,3037_C|T,5386_T|G,6513_G|A,6515_T|A,8393_G|A,10029_C|T,10449_C|A,11173_C|T,11537_A|G,13195_T|C,14408_C|T,15240_C|T,16257_T|C,18163_A|G,19955_C|T,20055_A|G,21618_C|T,21987_G|A,22200_T|G,22578_G|A,22674_C|T,22679_T|C,22686_C|T,22688_A|G,22775_G|A,22786_A|C,22882_T|G,22992_G|A,22995_C|A,23013_A|C,23040_A|G,23055_A|G,23063_A|T,23075_T|C,23403_A|G,23525_C|T,23599_T|G,23604_C|A,23854_C|A,23948_G|T,24424_A|T,24469_T|A,25000_C|T,25584_C|T,26060_C|T,26270_C|T,26577_C|G,26709_G|A,26858_C|T,27259_A|C,27382_G|C,27383_A|T,27384_T|C,27807_C|T,28271_A|T,28311_C|T,28881_G|A,28882_G|A,28883_G|C,29510_A|C,11285_11293,21633_21641,28362_28370,29734_29759
IMS-10337-CVDP-FBDF467D-31CE-43F8-8CE3-09723541F5D7	XM	241_C|T,2470_C|T,2832_A|G,3037_C|T,5386_T|G,6513_G|A,6515_T|A,8393_G|A,10029_C|T,10449_C|A,11173_C|T,11537_A|G,13195_T|C,14408_C|T,15240_C|T,16257_T|C,18163_A|G,19955_C|T,20055_A|G,21618_C|T,21987_G|A,22200_T|G,22578_G|A,22674_C|T,22679_T|C,22686_C|T,22688_A|G,22775_G|A,22786_A|C,22813_G|T,22882_T|G,22992_G|A,22995_C|A,23013_A|C,23040_A|G,23055_A|G,23063_A|T,23075_T|C,23403_A|G,23525_C|T,23599_T|G,23604_C|A,23854_C|A,23948_G|T,24424_A|T,24469_T|A,25000_C|T,25584_C|T,26060_C|T,26270_C|T,26577_C|G,26709_G|A,26858_C|T,27259_A|C,27382_G|C,27383_A|T,27384_T|C,27807_C|T,28271_A|T,28311_C|T,28881_G|A,28882_G|A,28883_G|C,29510_A|C,11285_11293,21633_21641,28362_28370,29734_29759
IMS-10350-CVDP-0AF31B07-2E48-410B-A6AF-5A03EDE451ED	XM	241_C|T,2470_C|T,2832_A|G,3037_C|T,5386_T|G,8393_G|A,9166_C|T,10029_C|T,10449_C|A,11537_A|G,13195_T|C,14408_C|T,15240_C|T,18163_A|G,19955_C|T,20055_A|G,21618_C|T,21987_G|A,22200_T|G,22578_G|A,22674_C|T,22679_T|C,22686_C|T,22688_A|G,22775_G|A,22813_G|T,22882_T|G,22992_G|A,22995_C|A,23013_A|C,23040_A|G,23055_A|G,23063_A|T,23075_T|C,23403_A|G,23525_C|T,23599_T|G,23604_C|A,23854_C|A,23948_G|T,24424_A|T,24469_T|A,25000_C|T,25584_C|T,26060_C|T,26270_C|T,26577_C|G,26709_G|A,26858_C|T,27259_A|C,27382_G|C,27383_A|T,27384_T|C,27807_C|T,28271_A|T,28311_C|T,28881_G|A,28882_G|A,28883_G|C,29510_A|C,509_523,6513_6515,11285_11293,21633_21641,28362_28370,29734_29759
IMS-10350-CVDP-9E7463EC-E34E-4EB4-8AAF-31AB916CF917	XM	241_C|T,1594_C|T,2470_C|T,2832_A|G,3037_C|T,5386_T|G,8393_G|A,10029_C|T,10449_C|A,11537_A|G,12400_C|T,13195_T|C,14408_C|T,15240_C|T,16257_T|C,18163_A|G,19955_C|T,20055_A|G,21618_C|T,21987_G|A,22200_T|G,22578_G|A,22674_C|T,22679_T|C,22686_C|T,22688_A|G,22775_G|A,22786_A|C,22813_G|T,22882_T|G,22992_G|A,22995_C|A,23013_A|C,23040_A|G,23055_A|G,23063_A|T,23075_T|C,23403_A|G,23525_C|T,23599_T|G,23604_C|A,23854_C|A,23948_G|T,24424_A|T,24469_T|A,25000_C|T,25584_C|T,26060_C|T,26270_C|T,26577_C|G,26709_G|A,26858_C|T,27259_A|C,27382_G|C,27383_A|T,27384_T|C,27807_C|T,27890_G|C,28271_A|T,28311_C|T,28657_C|T,28881_G|A,28882_G|A,28883_G|C,29510_A|C,6513_6515,11285_11293,21633_21641,28362_28370,29734_29759
IMS-10370-CVDP-51FDF11A-E1A4-456E-880A-3661FBBB648D	XM	241_C|T,2470_C|T,2832_A|G,3037_C|T,5386_T|G,8393_G|A,10029_C|T,10449_C|A,11537_A|G,13195_T|C,14408_C|T,15240_C|T,18163_A|G,19955_C|T,20055_A|G,21618_C|T,21987_G|A,22200_T|G,22578_G|A,22674_C|T,22679_T|C,22686_C|T,22688_A|G,22775_G|A,22786_A|C,22813_G|T,22882_T|G,22992_G|A,22995_C|A,23013_A|C,23040_A|G,23055_A|G,23063_A|T,23075_T|C,23403_A|G,23525_C|T,23599_T|G,23604_C|A,23854_C|A,23948_G|T,24424_A|T,24469_T|A,25000_C|T,25584_C|T,26060_C|T,26270_C|T,26577_C|G,26709_G|A,26858_C|T,27259_A|C,27382_G|C,27383_A|T,27384_T|C,27807_C|T,28271_A|T,28311_C|T,28881_G|A,28882_G|A,28883_G|C,29510_A|C,6513_6515,11285_11293,21633_21641,28362_28370
IMS-10582-CVDP-72118F39-B3B3-47DE-B6BC-EE10FD0FF367	XM	241_C|T,1594_C|T,2470_C|T,2832_A|G,3037_C|T,5386_T|G,8393_G|A,10029_C|T,10449_C|A,11537_A|G,12400_C|T,13195_T|C,14408_C|T,15240_C|T,16257_T|C,18106_G|T,18163_A|G,19955_C|T,20055_A|G,21618_C|T,21987_G|A,22200_T|G,22578_G|A,22674_C|T,22679_T|C,22686_C|T,22688_A|G,22775_G|A,22786_A|C,22813_G|T,22882_T|G,22992_G|A,22995_C|A,23013_A|C,23040_A|G,23055_A|G,23063_A|T,23075_T|C,23403_A|G,23525_C|T,23599_T|G,23604_C|A,23854_C|A,23948_G|T,24424_A|T,24469_T|A,25000_C|T,25437_G|T,25584_C|T,26060_C|T,26270_C|T,26577_C|G,26709_G|A,26858_C|T,27259_A|C,27382_G|C,27383_A|T,27384_T|C,27807_C|T,28093_C|T,28271_A|T,28311_C|T,28881_G|A,28882_G|A,28883_G|C,29510_A|C,6513_6515,11285_11293,21633_21641,28362_28370
IMS-10587-CVDP-0AC07CAF-A7B3-4894-95CD-9D0215BB53C8	XM	241_C|T,2470_C|T,2832_A|G,3037_C|T,5386_T|G,8393_G|A,10029_C|T,10449_C|A,11537_A|G,13195_T|C,14408_C|T,15240_C|T,18163_A|G,19955_C|T,20055_A|G,21618_C|T,21987_G|A,22200_T|G,22578_G|A,22674_C|T,22679_T|C,22686_C|T,22688_A|G,22775_G|A,22786_A|C,22813_G|T,22882_T|G,22992_G|A,22995_C|A,23013_A|C,23040_A|G,23055_A|G,23063_A|T,23075_T|C,23403_A|G,23525_C|T,23599_T|G,23604_C|A,23854_C|A,23948_G|T,24424_A|T,24469_T|A,25000_C|T,25584_C|T,26060_C|T,26270_C|T,26577_C|G,26709_G|A,26858_C|T,27259_A|C,27382_G|C,27383_A|T,27384_T|C,27807_C|T,28271_A|T,28311_C|T,28881_G|A,28882_G|A,28883_G|C,29510_A|C,6513_6515,11285_11293,21633_21641,28362_28370,29734_29759
IMS-10587-CVDP-267BE2C8-3BF9-408C-B4C9-3AAAE69F0935	XM	241_C|T,2470_C|T,2832_A|G,3037_C|T,5386_T|G,8393_G|A,10029_C|T,10449_C|A,11537_A|G,13195_T|C,14408_C|T,15240_C|T,16257_T|C,18163_A|G,19955_C|T,20055_A|G,21618_C|T,21987_G|A,22200_T|G,22578_G|A,22674_C|T,22679_T|C,22686_C|T,22688_A|G,22775_G|A,22786_A|C,22813_G|T,22882_T|G,22992_G|A,22995_C|A,23013_A|C,23040_A|G,23055_A|G,23063_A|T,23075_T|C,23403_A|G,23525_C|T,23599_T|G,23604_C|A,23854_C|A,23948_G|T,24424_A|T,24469_T|A,25000_C|T,25584_C|T,26060_C|T,26270_C|T,26577_C|G,26709_G|A,26858_C|T,27259_A|C,27382_G|C,27383_A|T,27384_T|C,27807_C|T,28271_A|T,28311_C|T,28881_G|A,28882_G|A,28883_G|C,29510_A|C,6513_6515,11285_11293,21633_21641,28362_28370,29734_29759
IMS-10587-CVDP-5546B684-E4A2-43D9-947B-4E4014D68D27	XM	241_C|T,2470_C|T,2832_A|G,3037_C|T,5386_T|G,8393_G|A,10029_C|T,10449_C|A,11537_A|G,13195_T|C,14408_C|T,15240_C|T,18163_A|G,19955_C|T,20055_A|G,21618_C|T,21987_G|A,22200_T|G,22578_G|A,22674_C|T,22679_T|C,22686_C|T,22688_A|G,22775_G|A,22786_A|C,22813_G|T,22882_T|G,22992_G|A,22995_C|A,23013_A|C,23040_A|G,23055_A|G,23063_A|T,23075_T|C,23403_A|G,23525_C|T,23599_T|G,23604_C|A,23854_C|A,23948_G|T,24424_A|T,24469_T|A,25000_C|T,25584_C|T,26060_C|T,26270_C|T,26577_C|G,26709_G|A,26858_C|T,27259_A|C,27382_G|C,27383_A|T,27384_T|C,27807_C|T,28271_A|T,28311_C|T,28881_G|A,28882_G|A,28883_G|C,29510_A|C,6513_6515,11285_11293,21633_21641,28362_28370,29734_29759
IMS-10587-CVDP-6EE19494-F61C-43C4-A65B-5C052D99EF13	XM	241_C|T,2470_C|T,2832_A|G,3037_C|T,5386_T|G,8393_G|A,10029_C|T,10449_C|A,11537_A|G,13195_T|C,14408_C|T,15240_C|T,16257_T|C,18163_A|G,19955_C|T,20055_A|G,21618_C|T,21987_G|A,22200_T|G,22578_G|A,22674_C|T,22679_T|C,22686_C|T,22688_A|G,22775_G|A,22786_A|C,22813_G|T,22882_T|G,22992_G|A,22995_C|A,23013_A|C,23040_A|G,23055_A|G,23063_A|T,23075_T|C,23403_A|G,23525_C|T,23599_T|G,23604_C|A,23854_C|A,23948_G|T,24424_A|T,24469_T|A,25000_C|T,25584_C|T,26060_C|T,26270_C|T,26577_C|G,26709_G|A,26858_C|T,27259_A|C,27382_G|C,27383_A|T,27384_T|C,27807_C|T,28271_A|T,28311_C|T,28881_G|A,28882_G|A,28883_G|C,29510_A|C,6513_6515,11285_11293,21633_21641,28362_28370,29734_29759
IMS-10587-CVDP-FA4F15E5-D3CD-4FA3-81F0-B0AE7AAF0124	XM	241_C|T,2470_C|T,2832_A|G,3037_C|T,5386_T|G,5877_A|G,6538_C|T,8393_G|A,10029_C|T,10449_C|A,11537_A|G,13195_T|C,14408_C|T,14937_C|T,15240_C|T,16257_T|C,18163_A|G,19955_C|T,20055_A|G,21618_C|T,21987_G|A,22200_T|G,22578_G|A,22674_C|T,22679_T|C,22686_C|T,22688_A|G,22775_G|A,22786_A|C,22813_G|T,22882_T|G,22992_G|A,22995_C|A,23013_A|C,23040_A|G,23055_A|G,23063_A|T,23075_T|C,23403_A|G,23525_C|T,23599_T|G,23604_C|A,23854_C|A,23948_G|T,24424_A|T,24469_T|A,25000_C|T,25584_C|T,26060_C|T,26270_C|T,26577_C|G,26709_G|A,26858_C|T,27259_A|C,27382_G|C,27383_A|T,27384_T|C,27807_C|T,28271_A|T,28311_C|T,28881_G|A,28882_G|A,28883_G|C,29510_A|C,6513_6515,11285_11293,21633_21641,28362_28370,29734_29759
