genomeID	true_lineage	nuc_changes
Denmark/DCGC-614068/2022	XBK	123_C|T,194_T|G,241_C|T,670_T|G,1627_C|T,2790_C|T,3037_C|T,3796_C|T,3927_C|T,4184_G|A,4276_C|T,4321_C|T,4586_C|T,5183_C|T,9344_C|T,9424_A|G,9534_C|T,9866_C|T,10029_C|T,10198_C|T,10447_G|A,10449_C|A,12444_A|G,12574_T|C,12880_C|T,14408_C|T,15451_G|A,15714_C|T,17410_C|T,18163_A|G,18583_G|A,19955_C|T,20055_A|G,21077_C|T,21618_C|T,22001_A|G,22016_T|C,22033_C|A,22190_A|G,22200_T|G,22331_G|A,22577_G|C,22578_G|A,22599_G|C,22674_C|T,22679_T|C,22686_C|T,22688_A|G,22775_G|A,22786_A|C,22813_G|T,22882_T|G,22898_G|A,22942_T|G,22992_G|A,22995_C|A,23013_A|C,23018_T|C,23019_T|C,23031_T|C,23055_A|G,23063_A|T,23075_T|C,23403_A|G,23525_C|T,23599_T|G,23604_C|A,23854_C|A,23948_G|T,24424_A|T,24469_T|A,25000_C|T,25416_C|T,25584_C|T,26060_C|T,26270_C|T,26275_A|G,26485_T|C,26709_G|A,26858_C|T,27259_A|C,27288_T|C,27382_G|C,27383_A|T,27384_T|C,27807_C|T,28271_A|T,28311_C|T,28881_G|A,28882_G|A,28883_G|C,29510_A|C,11288_11296,21633_21641,28362_28370
Denmark/DCGC-615359/2022	XBK	123_C|T,241_C|T,670_T|G,1627_C|T,2790_C|T,3037_C|T,3796_C|T,3927_C|T,4184_G|A,4276_C|T,4320_C|T,4321_C|T,4586_C|T,5183_C|T,9344_C|T,9424_A|G,9534_C|T,9866_C|T,10029_C|T,10198_C|T,10447_G|A,10449_C|A,12444_A|G,12574_T|C,12880_C|T,14408_C|T,15451_G|A,15714_C|T,17410_C|T,18163_A|G,18583_G|A,19955_C|T,20055_A|G,21077_C|T,21618_C|T,21619_A|T,22001_A|G,22016_T|C,22033_C|A,22190_A|G,22200_T|G,22331_G|A,22577_G|C,22578_G|A,22599_G|C,22674_C|T,22679_T|C,22686_C|T,22688_A|G,22775_G|A,22786_A|C,22813_G|T,22882_T|G,22898_G|A,22942_T|G,22992_G|A,22995_C|A,23013_A|C,23018_T|C,23019_T|C,23031_T|C,23055_A|G,23063_A|T,23075_T|C,23403_A|G,23525_C|T,23599_T|G,23604_C|A,23854_C|A,23948_G|T,24424_A|T,24469_T|A,25000_C|T,25416_C|T,25584_C|T,26060_C|T,26270_C|T,26275_A|G,26577_C|G,26709_G|A,26858_C|T,27259_A|C,27288_T|C,27382_G|C,27383_A|T,27384_T|C,27807_C|T,28271_A|T,28311_C|T,28881_G|A,28882_G|A,28883_G|C,29510_A|C,11288_11296,21633_21641,28362_28370
Denmark/DCGC-623006/2022	XBK	123_C|T,241_C|T,670_T|G,1627_C|T,2790_C|T,3037_C|T,3796_C|T,3927_C|T,4184_G|A,4276_C|T,4321_C|T,4586_C|T,5183_C|T,8017_G|T,9344_C|T,9424_A|G,9534_C|T,9866_C|T,10029_C|T,10198_C|T,10447_G|A,10449_C|A,12444_A|G,12473_C|T,12574_T|C,12880_C|T,13459_G|A,14408_C|T,15451_G|A,15714_C|T,17410_C|T,18163_A|G,18583_G|A,18752_A|G,19955_C|T,20055_A|G,21077_C|T,21618_C|T,21987_G|A,22001_A|G,22016_T|C,22033_C|A,22190_A|G,22200_T|G,22331_G|A,22577_G|C,22578_G|A,22599_G|C,22674_C|T,22679_T|C,22686_C|T,22688_A|G,22775_G|A,22786_A|C,22813_G|T,22882_T|G,22898_G|A,22942_T|G,22992_G|A,22995_C|A,23013_A|C,23018_T|C,23019_T|C,23031_T|C,23055_A|G,23063_A|T,23075_T|C,23403_A|G,23525_C|T,23599_T|G,23604_C|A,23854_C|A,23948_G|T,24424_A|T,24469_T|A,25000_C|T,25416_C|T,25584_C|T,26060_C|T,26270_C|T,26275_A|G,26577_C|G,26709_G|A,26858_C|T,27259_A|C,27288_T|C,27382_G|C,27383_A|T,27384_T|C,27807_C|T,28271_A|T,28311_C|T,28881_G|A,28882_G|A,28883_G|C,29510_A|C,11288_11296,21633_21641,21765_21770,28362_28370
Denmark/DCGC-624924/2022	XBK	123_C|T,241_C|T,670_T|G,2790_C|T,3037_C|T,3796_C|T,3927_C|T,4184_G|A,4276_C|T,4321_C|T,4586_C|T,5183_C|T,6672_A|G,8017_G|T,9344_C|T,9424_A|G,9534_C|T,9866_C|T,10029_C|T,10198_C|T,10447_G|A,10449_C|A,12444_A|G,12473_C|T,12574_T|C,12880_C|T,14408_C|T,15451_G|A,15714_C|T,17410_C|T,18163_A|G,18583_G|A,18752_A|G,19955_C|T,20055_A|G,21077_C|T,21618_C|T,22001_A|G,22016_T|C,22033_C|A,22190_A|G,22200_T|G,22331_G|A,22577_G|C,22578_G|A,22599_G|C,22674_C|T,22679_T|C,22686_C|T,22688_A|G,22775_G|A,22786_A|C,22813_G|T,22882_T|G,22898_G|A,22942_T|G,22992_G|A,22995_C|A,23013_A|C,23018_T|C,23019_T|C,23031_T|C,23055_A|G,23063_A|T,23075_T|C,23403_A|G,23525_C|T,23599_T|G,23604_C|A,23854_C|A,23948_G|T,24424_A|T,24469_T|A,25000_C|T,25416_C|T,25584_C|T,26060_C|T,26270_C|T,26275_A|G,26709_G|A,26858_C|T,27259_A|C,27288_T|C,27382_G|C,27383_A|T,27384_T|C,27807_C|T,28271_A|T,28311_C|T,28881_G|A,28882_G|A,28883_G|C,29510_A|C,11288_11296,21633_21641,28362_28370
Denmark/DCGC-628989/2022	XBK	123_C|T,241_C|T,670_T|G,1627_C|T,2790_C|T,3037_C|T,3796_C|T,3927_C|T,4184_G|A,4276_C|T,4321_C|T,4586_C|T,5183_C|T,8017_G|T,9344_C|T,9424_A|G,9534_C|T,9866_C|T,10029_C|T,10198_C|T,10447_G|A,10449_C|A,12444_A|G,12473_C|T,12574_T|C,12880_C|T,13459_G|A,14408_C|T,15451_G|A,15714_C|T,17410_C|T,18163_A|G,18583_G|A,18752_A|G,19955_C|T,20055_A|G,21077_C|T,21618_C|T,21987_G|A,22001_A|G,22016_T|C,22033_C|A,22190_A|G,22200_T|G,22331_G|A,22577_G|C,22578_G|A,22599_G|C,22674_C|T,22679_T|C,22686_C|T,22688_A|G,22775_G|A,22786_A|C,22813_G|T,22882_T|G,22898_G|A,22942_T|G,22992_G|A,22995_C|A,23013_A|C,23018_T|C,23019_T|C,23031_T|C,23055_A|G,23063_A|T,23075_T|C,23403_A|G,23525_C|T,23599_T|G,23604_C|A,23854_C|A,23948_G|T,24106_C|T,24424_A|T,24469_T|A,25000_C|T,25416_C|T,25584_C|T,26060_C|T,26270_C|T,26275_A|G,26577_C|G,26709_G|A,26858_C|T,27259_A|C,27288_T|C,27382_G|C,27383_A|T,27384_T|C,27807_C|T,28271_A|T,28311_C|T,28881_G|A,28882_G|A,28883_G|C,29510_A|C,11288_11296,21633_21641,28362_28370
Denmark/DCGC-629314/2022	XBK	123_C|T,241_C|T,670_T|G,1627_C|T,2790_C|T,3037_C|T,3796_C|T,3927_C|T,4184_G|A,4276_C|T,4321_C|T,4586_C|T,5183_C|T,8017_G|T,9344_C|T,9424_A|G,9534_C|T,9866_C|T,10029_C|T,10198_C|T,10447_G|A,10449_C|A,12444_A|G,12473_C|T,12574_T|C,12880_C|T,13459_G|A,14408_C|T,15451_G|A,15714_C|T,17410_C|T,18163_A|G,18583_G|A,18752_A|G,19955_C|T,20055_A|G,21077_C|T,21618_C|T,21987_G|A,22001_A|G,22016_T|C,22033_C|A,22190_A|G,22200_T|G,22331_G|A,22577_G|C,22578_G|A,22599_G|C,22674_C|T,22679_T|C,22686_C|T,22688_A|G,22775_G|A,22786_A|C,22813_G|T,22882_T|G,22898_G|A,22942_T|G,22992_G|A,22995_C|A,23013_A|C,23018_T|C,23019_T|C,23031_T|C,23055_A|G,23063_A|T,23075_T|C,23403_A|G,23525_C|T,23599_T|G,23604_C|A,23854_C|A,23948_G|T,24424_A|T,24469_T|A,25000_C|T,25416_C|T,25584_C|T,26060_C|T,26270_C|T,26275_A|G,26577_C|G,26709_G|A,26858_C|T,27259_A|C,27288_T|C,27382_G|C,27383_A|T,27384_T|C,27807_C|T,28271_A|T,28311_C|T,28881_G|A,28882_G|A,28883_G|C,29510_A|C,11288_11296,21633_21641,28362_28370
Denmark/DCGC-629664/2022	XBK	123_C|T,241_C|T,670_T|G,1627_C|T,2790_C|T,3037_C|T,3796_C|T,3927_C|T,4184_G|A,4276_C|T,4321_C|T,4586_C|T,5183_C|T,8017_G|T,9344_C|T,9424_A|G,9534_C|T,9866_C|T,10029_C|T,10081_A|C,10198_C|T,10447_G|A,10449_C|A,12444_A|G,12473_C|T,12574_T|C,12880_C|T,13459_G|A,14408_C|T,15451_G|A,15714_C|T,17410_C|T,18163_A|G,18583_G|A,18752_A|G,19955_C|T,20055_A|G,21077_C|T,21618_C|T,21987_G|A,22001_A|G,22016_T|C,22033_C|A,22190_A|G,22200_T|G,22331_G|A,22577_G|C,22578_G|A,22599_G|C,22674_C|T,22679_T|C,22686_C|T,22688_A|G,22775_G|A,22786_A|C,22813_G|T,22882_T|G,22898_G|A,22942_T|G,22992_G|A,22995_C|A,23013_A|C,23018_T|C,23019_T|C,23031_T|C,23055_A|G,23063_A|T,23075_T|C,23403_A|G,23525_C|T,23599_T|G,23604_C|A,23854_C|A,23948_G|T,24424_A|T,24469_T|A,25000_C|T,25416_C|T,25422_T|C,25584_C|T,26060_C|T,26270_C|T,26275_A|G,26577_C|G,26709_G|A,26858_C|T,27259_A|C,27288_T|C,27382_G|C,27383_A|T,27384_T|C,27807_C|T,28271_A|T,28311_C|T,28881_G|A,28882_G|A,28883_G|C,29510_A|C,11288_11296,21633_21641,28362_28370
Denmark/DCGC-629974/2022	XBK	123_C|T,241_C|T,670_T|G,1627_C|T,2790_C|T,3037_C|T,3796_C|T,3927_C|T,4184_G|A,4276_C|T,4321_C|T,4586_C|T,5183_C|T,8017_G|T,9344_C|T,9424_A|G,9534_C|T,9866_C|T,10029_C|T,10198_C|T,10447_G|A,10449_C|A,12444_A|G,12473_C|T,12574_T|C,12880_C|T,13459_G|A,14408_C|T,15451_G|A,15714_C|T,17410_C|T,18163_A|G,18583_G|A,18752_A|G,19955_C|T,20055_A|G,21077_C|T,21618_C|T,21987_G|A,22001_A|G,22016_T|C,22033_C|A,22190_A|G,22200_T|G,22331_G|A,22577_G|C,22578_G|A,22599_G|C,22674_C|T,22679_T|C,22686_C|T,22688_A|G,22775_G|A,22786_A|C,22813_G|T,22882_T|G,22898_G|A,22942_T|G,22992_G|A,22995_C|A,23013_A|C,23018_T|C,23019_T|C,23031_T|C,23055_A|G,23063_A|T,23075_T|C,23403_A|G,23525_C|T,23599_T|G,23604_C|A,23854_C|A,23948_G|T,24424_A|T,24469_T|A,25000_C|T,25416_C|T,25584_C|T,26060_C|T,26270_C|T,26275_A|G,26577_C|G,26709_G|A,26858_C|T,27259_A|C,27288_T|C,27382_G|C,27383_A|T,27384_T|C,27807_C|T,28271_A|T,28311_C|T,28881_G|A,28882_G|A,28883_G|C,29510_A|C,11288_11296,21633_21641,28362_28370
Denmark/DCGC-631453/2022	XBK	123_C|T,241_C|T,670_T|G,1627_C|T,2790_C|T,3037_C|T,3796_C|T,3927_C|T,4184_G|A,4276_C|T,4321_C|T,4586_C|T,5183_C|T,8017_G|T,9344_C|T,9424_A|G,9534_C|T,9866_C|T,10029_C|T,10198_C|T,10447_G|A,10449_C|A,12444_A|G,12473_C|T,12574_T|C,12880_C|T,13459_G|A,14408_C|T,15451_G|A,15714_C|T,17410_C|T,18163_A|G,18583_G|A,18752_A|G,19955_C|T,20055_A|G,21077_C|T,21618_C|T,21987_G|A,22001_A|G,22016_T|C,22033_C|A,22190_A|G,22200_T|G,22331_G|A,22577_G|C,22578_G|A,22599_G|C,22674_C|T,22679_T|C,22686_C|T,22688_A|G,22775_G|A,22786_A|C,22813_G|T,22882_T|G,22898_G|A,22942_T|G,22992_G|A,22995_C|A,23013_A|C,23018_T|C,23019_T|C,23031_T|C,23055_A|G,23063_A|T,23075_T|C,23403_A|G,23525_C|T,23599_T|G,23604_C|A,23854_C|A,23948_G|T,24424_A|T,24469_T|A,25000_C|T,25416_C|T,25584_C|T,26060_C|T,26270_C|T,26275_A|G,26577_C|G,26709_G|A,26858_C|T,27259_A|C,27288_T|C,27382_G|C,27383_A|T,27384_T|C,27807_C|T,28271_A|T,28311_C|T,28881_G|A,28882_G|A,28883_G|C,29510_A|C,11288_11296,21633_21641,28362_28370
Denmark/DCGC-636410/2023	XBK	123_C|T,241_C|T,670_T|G,1627_C|T,2790_C|T,3037_C|T,3096_C|T,3796_C|T,3927_C|T,4184_G|A,4321_C|T,4586_C|T,5183_C|T,9344_C|T,9424_A|G,9534_C|T,9866_C|T,10029_C|T,10198_C|T,10447_G|A,10449_C|A,12444_A|G,12574_T|C,12880_C|T,14408_C|T,15451_G|A,15714_C|T,17012_C|T,17410_C|T,18163_A|G,18583_G|A,19955_C|T,20055_A|G,21618_C|T,21987_G|A,22001_A|G,22016_T|C,22033_C|A,22190_A|G,22200_T|G,22331_G|A,22577_G|C,22578_G|A,22599_G|C,22674_C|T,22679_T|C,22686_C|T,22688_A|G,22775_G|A,22786_A|C,22813_G|T,22882_T|G,22898_G|A,22942_T|G,22992_G|A,22995_C|A,23013_A|C,23018_T|C,23019_T|C,23031_T|C,23055_A|G,23063_A|T,23075_T|C,23403_A|G,23525_C|T,23599_T|G,23604_C|A,23854_C|A,23948_G|T,24424_A|T,24469_T|A,25000_C|T,25416_C|T,25584_C|T,26060_C|T,26270_C|T,26275_A|G,26577_C|G,26709_G|A,26858_C|T,27259_A|C,27288_T|C,27382_G|C,27383_A|T,27384_T|C,27807_C|T,28271_A|T,28311_C|T,28881_G|A,28882_G|A,28883_G|C,29510_A|C,11288_11296,21633_21641,28362_28370
Denmark/DCGC-644884/2023	XBK	241_C|T,556_C|T,670_T|G,1627_C|T,2701_C|T,2790_C|T,3037_C|T,3796_C|T,3927_C|T,4184_G|A,4321_C|T,4586_C|T,4684_T|C,5183_C|T,6026_C|T,6488_A|G,7200_C|T,8251_C|T,9344_C|T,9534_C|T,9866_C|T,10029_C|T,10198_C|T,10447_G|A,10449_C|A,10623_C|T,12444_A|G,12574_T|C,12880_C|T,14408_C|T,15451_G|A,15714_C|T,17410_C|T,18163_A|G,18583_G|A,19955_C|T,20055_A|G,21987_G|A,22001_A|G,22016_T|C,22033_C|A,22190_A|G,22200_T|G,22331_G|A,22577_G|C,22578_G|A,22599_G|C,22674_C|T,22679_T|C,22686_C|T,22688_A|G,22775_G|A,22786_A|C,22813_G|T,22882_T|G,22898_G|A,22942_T|G,22992_G|A,22995_C|A,23013_A|C,23018_T|C,23019_T|C,23031_T|C,23055_A|G,23063_A|T,23075_T|C,23403_A|G,23525_C|T,23599_T|G,23604_C|A,23854_C|A,23948_G|T,24424_A|T,24469_T|A,25000_C|T,25416_C|T,25584_C|T,26060_C|T,26270_C|T,26275_A|G,26577_C|G,26709_G|A,26858_C|T,27259_A|C,27382_G|C,27383_A|T,27384_T|C,27807_C|T,28271_A|T,28311_C|T,28881_G|A,28882_G|A,28883_G|C,29510_A|C,11288_11296,21633_21641,28362_28370
Denmark/DCGC-656687/2023	XBK	123_C|T,241_C|T,275_C|T,670_T|G,1627_C|T,2790_C|T,3037_C|T,3712_A|G,3796_C|T,3927_C|T,4184_G|A,4321_C|T,4586_C|T,5183_C|T,7643_G|A,9344_C|T,9424_A|G,9534_C|T,10029_C|T,10198_C|T,10447_G|A,10449_C|A,12444_A|G,12574_T|C,12880_C|T,14408_C|T,15451_G|A,15714_C|T,17334_G|T,17410_C|T,18163_A|G,18583_G|A,19955_C|T,20055_A|G,20270_C|T,21618_C|T,21987_G|A,22001_A|G,22016_T|C,22033_C|A,22190_A|G,22200_T|G,22331_G|A,22577_G|C,22578_G|A,22599_G|C,22674_C|T,22679_T|C,22686_C|T,22688_A|G,22775_G|A,22786_A|C,22813_G|T,22882_T|G,22898_G|A,22942_T|G,22992_G|A,22995_C|A,23013_A|C,23018_T|C,23019_T|C,23031_T|C,23055_A|G,23063_A|T,23075_T|C,23403_A|G,23525_C|T,23599_T|G,23604_C|A,23854_C|A,23948_G|T,24424_A|T,24469_T|A,25000_C|T,25416_C|T,25584_C|T,26060_C|T,26270_C|T,26275_A|G,26577_C|G,26709_G|A,26858_C|T,27259_A|C,27288_T|C,27365_A|G,27382_G|C,27383_A|T,27384_T|C,27807_C|T,28271_A|T,28311_C|T,28881_G|A,28882_G|A,28883_G|C,29510_A|C,510_518,11288_11296,21633_21641,27565_27581,28362_28370
Denmark/DCGC-657152/2022	XBK	123_C|T,241_C|T,670_T|G,1627_C|T,2790_C|T,3037_C|T,3796_C|T,3927_C|T,4184_G|A,4276_C|T,4321_C|T,4586_C|T,5183_C|T,8017_G|T,8344_C|T,9344_C|T,9424_A|G,9534_C|T,9866_C|T,10029_C|T,10198_C|T,10447_G|A,10449_C|A,12444_A|G,12473_C|T,12574_T|C,12880_C|T,13459_G|A,14408_C|T,15451_G|A,15714_C|T,17410_C|T,18163_A|G,18583_G|A,18752_A|G,19955_C|T,20055_A|G,21077_C|T,21618_C|T,21987_G|A,22001_A|G,22016_T|C,22033_C|A,22190_A|G,22200_T|G,22331_G|A,22577_G|C,22578_G|A,22599_G|C,22674_C|T,22679_T|C,22686_C|T,22688_A|G,22775_G|A,22786_A|C,22813_G|T,22882_T|G,22898_G|A,22942_T|G,22992_G|A,22995_C|A,23013_A|C,23018_T|C,23019_T|C,23031_T|C,23055_A|G,23063_A|T,23075_T|C,23403_A|G,23525_C|T,23599_T|G,23604_C|A,23854_C|A,23948_G|T,24424_A|T,24469_T|A,25000_C|T,25416_C|T,25584_C|T,26060_C|T,26270_C|T,26275_A|G,26577_C|G,26709_G|A,26858_C|T,27259_A|C,27288_T|C,27382_G|C,27383_A|T,27384_T|C,27807_C|T,28271_A|T,28311_C|T,28881_G|A,28882_G|A,28883_G|C,29508_G|A,29510_A|C,11288_11296,21633_21641,28362_28370
Denmark/DCGC-684449/2023	XBK	241_C|T,670_T|G,967_T|C,1190_C|T,1627_C|T,2716_C|T,2790_C|T,2935_T|C,3037_C|T,3796_C|T,3927_C|T,4184_G|A,4321_C|T,4586_C|T,5183_C|T,9344_C|T,9424_A|G,9534_C|T,9866_C|T,10029_C|T,10198_C|T,10447_G|A,10449_C|A,12444_A|G,12574_T|C,12880_C|T,14408_C|T,15451_G|A,15714_C|T,17410_C|T,17756_G|A,18163_A|G,18583_G|A,19955_C|T,20055_A|G,21618_C|T,21987_G|A,22001_A|G,22016_T|C,22033_C|A,22190_A|G,22200_T|G,22331_G|A,22577_G|C,22578_G|A,22599_G|C,22674_C|T,22679_T|C,22686_C|T,22688_A|G,22775_G|A,22786_A|C,22813_G|T,22882_T|G,22898_G|A,22942_T|G,22992_G|A,22995_C|A,23013_A|C,23018_T|C,23019_T|C,23031_T|C,23055_A|G,23063_A|T,23075_T|C,23403_A|G,23525_C|T,23599_T|G,23604_C|A,23854_C|A,23948_G|T,24424_A|T,24469_T|A,25000_C|T,25416_C|T,25584_C|T,26060_C|T,26270_C|T,26275_A|G,26577_C|G,26709_G|A,26858_C|T,27259_A|C,27382_G|C,27383_A|T,27384_T|C,27807_C|T,28087_C|T,28271_A|T,28311_C|T,28881_G|A,28882_G|A,28883_G|C,29077_C|T,29510_A|C,11288_11296,21633_21641,28362_28370
Denmark/DCGC-684894/2022	XBK	123_C|T,241_C|T,670_T|G,1627_C|T,2790_C|T,3037_C|T,3796_C|T,3927_C|T,4184_G|A,4276_C|T,4321_C|T,4586_C|T,5183_C|T,6672_A|G,8017_G|T,9344_C|T,9424_A|G,9534_C|T,9866_C|T,10029_C|T,10198_C|T,10447_G|A,10449_C|A,12444_A|G,12473_C|T,12574_T|C,12880_C|T,14408_C|T,15451_G|A,15714_C|T,16845_T|C,17410_C|T,18163_A|G,18583_G|A,18752_A|G,19955_C|T,20055_A|G,21077_C|T,21618_C|T,21987_G|A,22001_A|G,22016_T|C,22033_C|A,22190_A|G,22200_T|G,22331_G|A,22577_G|C,22578_G|A,22599_G|C,22674_C|T,22679_T|C,22686_C|T,22688_A|G,22775_G|A,22786_A|C,22813_G|T,22882_T|G,22898_G|A,22942_T|G,22992_G|A,22995_C|A,23013_A|C,23018_T|C,23019_T|C,23031_T|C,23055_A|G,23063_A|T,23075_T|C,23403_A|G,23525_C|T,23599_T|G,23604_C|A,23854_C|A,23948_G|T,24424_A|T,24469_T|A,25000_C|T,25416_C|T,25584_C|T,26060_C|T,26270_C|T,26275_A|G,26577_C|G,26709_G|A,26858_C|T,27259_A|C,27288_T|C,27382_G|C,27383_A|T,27384_T|C,27807_C|T,28271_A|T,28311_C|T,28881_G|A,28882_G|A,28883_G|C,29510_A|C,11288_11296,21633_21641,28362_28370
Denmark/DCGC-686129/2023	XBK	123_C|T,241_C|T,275_C|T,670_T|G,1627_C|T,2790_C|T,3037_C|T,3712_A|G,3796_C|T,3927_C|T,4184_G|A,4321_C|T,4586_C|T,5183_C|T,7643_G|A,9344_C|T,9424_A|G,9534_C|T,9866_C|T,10029_C|T,10198_C|T,10447_G|A,10449_C|A,12444_A|G,12574_T|C,12880_C|T,13620_C|T,14408_C|T,15451_G|A,15714_C|T,17410_C|T,18163_A|G,18583_G|A,19955_C|T,20055_A|G,20270_C|T,21618_C|T,21987_G|A,22001_A|G,22016_T|C,22033_C|A,22190_A|G,22200_T|G,22331_G|A,22577_G|C,22578_G|A,22599_G|C,22674_C|T,22679_T|C,22686_C|T,22688_A|G,22775_G|A,22786_A|C,22813_G|T,22882_T|G,22898_G|A,22942_T|G,22992_G|A,22995_C|A,23013_A|C,23018_T|C,23019_T|C,23031_T|C,23055_A|G,23063_A|T,23075_T|C,23403_A|G,23525_C|T,23599_T|G,23604_C|A,23854_C|A,23948_G|T,24424_A|T,24469_T|A,25000_C|T,25416_C|T,25584_C|T,26060_C|T,26270_C|T,26275_A|G,26577_C|G,26709_G|A,26858_C|T,26873_C|T,27259_A|C,27288_T|C,27382_G|C,27383_A|T,27384_T|C,27807_C|T,28271_A|T,28311_C|T,28881_G|A,28882_G|A,28883_G|C,29510_A|C,29555_C|T,510_518,11288_11296,21633_21641,27565_27581,28362_28370
England/BRBR-32687503/2023	XBK	123_C|T,241_C|T,670_T|G,1627_C|T,2790_C|T,3037_C|T,3796_C|T,3927_C|T,4184_G|A,4321_C|T,4586_C|T,5183_C|T,9344_C|T,9424_A|G,9534_C|T,9866_C|T,10029_C|T,10198_C|T,10447_G|A,10449_C|A,12444_A|G,12574_T|C,12754_C|T,12880_C|T,14408_C|T,15451_G|A,15714_C|T,17410_C|T,18163_A|G,18583_G|A,19955_C|T,20055_A|G,21618_C|T,21987_G|A,22001_A|G,22016_T|C,22033_C|A,22190_A|G,22200_T|G,22331_G|A,22577_G|C,22578_G|A,22599_G|C,22674_C|T,22679_T|C,22686_C|T,22688_A|G,22775_G|A,22786_A|C,22813_G|T,22882_T|G,22898_G|A,22942_T|G,22992_G|A,22995_C|A,23013_A|C,23018_T|C,23019_T|C,23031_T|C,23055_A|G,23063_A|T,23075_T|C,23403_A|G,23525_C|T,23599_T|G,23604_C|A,23635_C|T,23854_C|A,23948_G|T,24424_A|T,24469_T|A,25000_C|T,25416_C|T,25584_C|T,26060_C|T,26149_T|C,26270_C|T,26275_A|G,26577_C|G,26709_G|A,26858_C|T,27259_A|C,27288_T|C,27382_G|C,27383_A|T,27384_T|C,27807_C|T,28271_A|T,28311_C|T,28881_G|A,28882_G|A,28883_G|C,29353_C|T,29510_A|C,11288_11296,21633_21641,28362_28370,29734_29759
England/BRBR-3268F6DB/2023	XBK	123_C|T,241_C|T,670_T|G,1627_C|T,2790_C|T,3037_C|T,3796_C|T,3927_C|T,4184_G|A,4321_C|T,4586_C|T,5183_C|T,9344_C|T,9424_A|G,9534_C|T,9866_C|T,10029_C|T,10198_C|T,10447_G|A,10449_C|A,12444_A|G,12574_T|C,12754_C|T,12880_C|T,14408_C|T,15451_G|A,15714_C|T,17410_C|T,18163_A|G,18583_G|A,19955_C|T,20055_A|G,21618_C|T,21987_G|A,22001_A|G,22016_T|C,22033_C|A,22190_A|G,22200_T|G,22331_G|A,22577_G|C,22578_G|A,22599_G|C,22674_C|T,22679_T|C,22686_C|T,22688_A|G,22775_G|A,22786_A|C,22813_G|T,22882_T|G,22898_G|A,22942_T|G,22992_G|A,22995_C|A,23013_A|C,23018_T|C,23019_T|C,23031_T|C,23055_A|G,23063_A|T,23075_T|C,23403_A|G,23525_C|T,23599_T|G,23604_C|A,23635_C|T,23854_C|A,23948_G|T,24424_A|T,24469_T|A,25000_C|T,25416_C|T,25584_C|T,26060_C|T,26149_T|C,26270_C|T,26275_A|G,26577_C|G,26709_G|A,26858_C|T,27259_A|C,27288_T|C,27382_G|C,27383_A|T,27384_T|C,27807_C|T,28271_A|T,28311_C|T,28881_G|A,28882_G|A,28883_G|C,29353_C|T,29510_A|C,11288_11296,21633_21641,28362_28370,29734_29759
England/BRBR-32690561/2023	XBK	123_C|T,241_C|T,670_T|G,1627_C|T,2790_C|T,3037_C|T,3796_C|T,3927_C|T,4184_G|A,4321_C|T,4586_C|T,5183_C|T,9344_C|T,9424_A|G,9534_C|T,9866_C|T,10029_C|T,10198_C|T,10447_G|A,10449_C|A,12444_A|G,12574_T|C,12754_C|T,12880_C|T,14408_C|T,15451_G|A,15714_C|T,17410_C|T,18163_A|G,18583_G|A,19955_C|T,20055_A|G,21618_C|T,21987_G|A,22001_A|G,22016_T|C,22033_C|A,22190_A|G,22200_T|G,22331_G|A,22577_G|C,22578_G|A,22599_G|C,22674_C|T,22679_T|C,22686_C|T,22688_A|G,22775_G|A,22786_A|C,22813_G|T,22882_T|G,22898_G|A,22942_T|G,22992_G|A,22995_C|A,23013_A|C,23018_T|C,23019_T|C,23031_T|C,23055_A|G,23063_A|T,23075_T|C,23403_A|G,23525_C|T,23599_T|G,23604_C|A,23635_C|T,23854_C|A,23948_G|T,24424_A|T,24469_T|A,25000_C|T,25416_C|T,25584_C|T,26060_C|T,26149_T|C,26270_C|T,26275_A|G,26577_C|G,26709_G|A,26858_C|T,27259_A|C,27288_T|C,27382_G|C,27383_A|T,27384_T|C,27807_C|T,28271_A|T,28311_C|T,28881_G|A,28882_G|A,28883_G|C,29353_C|T,29510_A|C,11288_11296,21633_21641,28362_28370,29734_29759
England/BRBR-32699C27/2023	XBK	241_C|T,670_T|G,1627_C|T,2790_C|T,3037_C|T,3796_C|T,3927_C|T,4184_G|A,4321_C|T,4586_C|T,5183_C|T,5581_C|T,6388_C|T,9344_C|T,9424_A|G,9534_C|T,9866_C|T,10029_C|T,10198_C|T,10447_G|A,10449_C|A,12115_C|T,12444_A|G,12574_T|C,12880_C|T,14408_C|T,15451_G|A,15714_C|T,16878_A|G,17410_C|T,18163_A|G,18583_G|A,19955_C|T,20055_A|G,21618_C|T,21952_C|T,21987_G|A,22001_A|G,22016_T|C,22033_C|A,22190_A|G,22200_T|G,22259_A|G,22331_G|A,22577_G|C,22578_G|A,22599_G|C,22674_C|T,22679_T|C,22686_C|T,22688_A|G,22775_G|A,22786_A|C,22813_G|T,22882_T|G,22898_G|A,22942_T|G,22992_G|A,22995_C|A,23013_A|C,23018_T|C,23019_T|C,23031_T|C,23055_A|G,23063_A|T,23075_T|C,23403_A|G,23525_C|T,23599_T|G,23604_C|A,23854_C|A,23948_G|T,24424_A|T,24469_T|A,25000_C|T,25416_C|T,25584_C|T,26060_C|T,26270_C|T,26275_A|G,26577_C|G,26709_G|A,26858_C|T,27259_A|C,27382_G|C,27383_A|T,27384_T|C,27807_C|T,28271_A|T,28311_C|T,28881_G|A,28882_G|A,28883_G|C,29510_A|C,11288_11296,21633_21641,28362_28370,29734_29759
England/BRBR-326AA898/2023	XBK	221_T|C,241_C|T,670_T|G,1627_C|T,2701_C|T,2790_C|T,3037_C|T,3796_C|T,3927_C|T,4184_G|A,4321_C|T,4586_C|T,5183_C|T,6077_G|T,6136_T|C,9344_C|T,9424_A|G,9534_C|T,9866_C|T,10029_C|T,10198_C|T,10447_G|A,10449_C|A,12444_A|G,12574_T|C,12880_C|T,14408_C|T,15451_G|A,15714_C|T,17410_C|T,18163_A|G,18267_C|T,18583_G|A,19955_C|T,20055_A|G,21618_C|T,21987_G|A,22001_A|G,22016_T|C,22033_C|A,22190_A|G,22200_T|G,22331_G|A,22577_G|C,22578_G|A,22599_G|C,22674_C|T,22679_T|C,22686_C|T,22688_A|G,22775_G|A,22786_A|C,22813_G|T,22882_T|G,22898_G|A,22942_T|G,22992_G|A,22995_C|A,23013_A|C,23018_T|C,23019_T|C,23031_T|C,23055_A|G,23063_A|T,23075_T|C,23403_A|G,23525_C|T,23599_T|G,23604_C|A,23635_C|T,23854_C|A,23948_G|T,24424_A|T,24469_T|A,25000_C|T,25416_C|T,25584_C|T,25586_T|G,26060_C|T,26270_C|T,26275_A|G,26577_C|G,26709_G|A,26858_C|T,27092_C|T,27259_A|C,27382_G|C,27383_A|T,27384_T|C,27807_C|T,28271_A|T,28311_C|T,28881_G|A,28882_G|A,28883_G|C,29510_A|C,11288_11296,21633_21641,28362_28370,29734_29759
England/BRBR-3270E169/2023	XBK	241_C|T,670_T|G,1627_C|T,2516_G|T,2790_C|T,3037_C|T,3796_C|T,3880_G|A,3927_C|T,4184_G|A,4321_C|T,4586_C|T,5183_C|T,8240_C|T,9344_C|T,9424_A|G,9534_C|T,9866_C|T,10029_C|T,10198_C|T,10447_G|A,10449_C|A,12444_A|G,12574_T|C,12880_C|T,13620_C|T,14408_C|T,15451_G|A,15714_C|T,17410_C|T,18163_A|G,18583_G|A,19955_C|T,20055_A|G,21618_C|T,21987_G|A,22001_A|G,22016_T|C,22033_C|A,22190_A|G,22200_T|G,22331_G|A,22577_G|C,22578_G|A,22599_G|C,22674_C|T,22679_T|C,22686_C|T,22688_A|G,22775_G|A,22786_A|C,22813_G|T,22882_T|G,22898_G|A,22942_T|G,22992_G|A,22995_C|A,23013_A|C,23018_T|C,23019_T|C,23031_T|C,23055_A|G,23063_A|T,23075_T|C,23280_C|T,23403_A|G,23525_C|T,23599_T|G,23604_C|A,23854_C|A,23948_G|T,24424_A|T,24469_T|A,25000_C|T,25416_C|T,25584_C|T,26060_C|T,26270_C|T,26275_A|G,26577_C|G,26709_G|A,26858_C|T,27259_A|C,27382_G|C,27383_A|T,27384_T|C,27807_C|T,28271_A|T,28311_C|T,28881_G|A,28882_G|A,28883_G|C,29510_A|C,11288_11296,21633_21641,28362_28370,29734_29759
England/BRBR-3270E891/2023	XBK	241_C|T,670_T|G,1627_C|T,2516_G|T,2790_C|T,3037_C|T,3796_C|T,3880_G|A,3927_C|T,4184_G|A,4321_C|T,4586_C|T,5183_C|T,8240_C|T,9344_C|T,9424_A|G,9534_C|T,9866_C|T,10029_C|T,10198_C|T,10447_G|A,10449_C|A,12444_A|G,12574_T|C,12880_C|T,13620_C|T,14408_C|T,15451_G|A,15714_C|T,17410_C|T,18163_A|G,18583_G|A,19955_C|T,20055_A|G,21618_C|T,21987_G|A,22001_A|G,22016_T|C,22033_C|A,22190_A|G,22200_T|G,22331_G|A,22577_G|C,22578_G|A,22599_G|C,22674_C|T,22679_T|C,22686_C|T,22688_A|G,22775_G|A,22786_A|C,22813_G|T,22882_T|G,22898_G|A,22942_T|G,22992_G|A,22995_C|A,23013_A|C,23018_T|C,23019_T|C,23031_T|C,23055_A|G,23063_A|T,23075_T|C,23280_C|T,23403_A|G,23525_C|T,23599_T|G,23604_C|A,23854_C|A,23948_G|T,24424_A|T,24469_T|A,25000_C|T,25416_C|T,25584_C|T,26060_C|T,26270_C|T,26275_A|G,26577_C|G,26709_G|A,26858_C|T,27259_A|C,27382_G|C,27383_A|T,27384_T|C,27807_C|T,28271_A|T,28311_C|T,28881_G|A,28882_G|A,28883_G|C,29510_A|C,11288_11296,21633_21641,28362_28370,29734_29759
England/BRBR-327164DE/2023	XBK	241_C|T,670_T|G,1627_C|T,2516_G|T,2790_C|T,3037_C|T,3796_C|T,3880_G|A,3927_C|T,4184_G|A,4321_C|T,4586_C|T,5183_C|T,8240_C|T,9344_C|T,9424_A|G,9534_C|T,9866_C|T,10029_C|T,10198_C|T,10447_G|A,10449_C|A,12444_A|G,12574_T|C,12880_C|T,13620_C|T,14408_C|T,15451_G|A,15714_C|T,17410_C|T,18163_A|G,18583_G|A,19955_C|T,21618_C|T,21987_G|A,22001_A|G,22016_T|C,22033_C|A,22190_A|G,22200_T|G,22331_G|A,22577_G|C,22578_G|A,22599_G|C,22674_C|T,22679_T|C,22686_C|T,22688_A|G,22775_G|A,22786_A|C,22813_G|T,22882_T|G,22898_G|A,22942_T|G,22992_G|A,22995_C|A,23013_A|C,23018_T|C,23019_T|C,23031_T|C,23055_A|G,23063_A|T,23075_T|C,23280_C|T,23403_A|G,23525_C|T,23599_T|G,23604_C|A,23854_C|A,23948_G|T,24424_A|T,24469_T|A,25000_C|T,25416_C|T,25584_C|T,26060_C|T,26270_C|T,26275_A|G,26577_C|G,26709_G|A,26858_C|T,27259_A|C,27382_G|C,27383_A|T,27384_T|C,27807_C|T,28271_A|T,28311_C|T,28881_G|A,28882_G|A,28883_G|C,29510_A|C,11288_11296,21633_21641,28362_28370,29734_29759
England/BRBR-3271A05E/2023	XBK	241_C|T,670_T|G,1627_C|T,2790_C|T,3037_C|T,3768_C|T,3796_C|T,3927_C|T,3948_A|G,4148_G|T,4184_G|A,4321_C|T,4586_C|T,5183_C|T,9344_C|T,9424_A|G,9534_C|T,9866_C|T,10029_C|T,10198_C|T,10447_G|A,10449_C|A,12444_A|G,12574_T|C,12700_T|C,12880_C|T,14408_C|T,15451_G|A,15714_C|T,16014_G|A,17410_C|T,18163_A|G,18583_G|A,19955_C|T,20055_A|G,21618_C|T,21987_G|A,22001_A|G,22016_T|C,22033_C|A,22190_A|G,22200_T|G,22331_G|A,22577_G|C,22578_G|A,22599_G|C,22674_C|T,22679_T|C,22686_C|T,22688_A|G,22775_G|A,22786_A|C,22813_G|T,22882_T|G,22898_G|A,22942_T|G,22992_G|A,22995_C|A,23013_A|C,23018_T|C,23019_T|C,23031_T|C,23055_A|G,23063_A|T,23075_T|C,23403_A|G,23525_C|T,23599_T|G,23604_C|A,23854_C|A,23948_G|T,24424_A|T,24469_T|A,25000_C|T,25416_C|T,25584_C|T,26060_C|T,26270_C|T,26275_A|G,26577_C|G,26709_G|A,26858_C|T,27259_A|C,27382_G|C,27383_A|T,27384_T|C,27807_C|T,27858_C|T,28271_A|T,28311_C|T,28881_G|A,28882_G|A,28883_G|C,29510_A|C,29530_C|T,11288_11296,21633_21641,28362_28370,29734_29759
England/LSPA-3267F568/2023	XBK	241_C|T,670_T|G,1627_C|T,2790_C|T,3037_C|T,3796_C|T,3927_C|T,4184_G|A,4321_C|T,4586_C|T,5183_C|T,9344_C|T,9424_A|G,9534_C|T,9866_C|T,10029_C|T,10198_C|T,10447_G|A,10449_C|A,12444_A|G,12574_T|C,12880_C|T,14408_C|T,15451_G|A,15714_C|T,16428_C|T,17410_C|T,18163_A|G,18583_G|A,19955_C|T,20055_A|G,21618_C|T,21987_G|A,22001_A|G,22016_T|C,22033_C|A,22190_A|G,22200_T|G,22331_G|A,22577_G|C,22578_G|A,22599_G|C,22674_C|T,22679_T|C,22686_C|T,22688_A|G,22775_G|A,22786_A|C,22813_G|T,22882_T|G,22898_G|A,22942_T|G,22992_G|A,22995_C|A,23013_A|C,23018_T|C,23019_T|C,23031_T|C,23055_A|G,23063_A|T,23075_T|C,23403_A|G,23525_C|T,23599_T|G,23604_C|A,23854_C|A,23948_G|T,24424_A|T,24469_T|A,25000_C|T,25416_C|T,25584_C|T,26060_C|T,26270_C|T,26275_A|G,26577_C|G,26709_G|A,26858_C|T,27112_G|A,27259_A|C,27382_G|C,27383_A|T,27384_T|C,27807_C|T,28271_A|T,28311_C|T,28881_G|A,28882_G|A,28883_G|C,29510_A|C,510_518,11288_11296,21633_21641,28362_28370,29734_29759
England/PHEC-YY8AI7A/2023	XBK	241_C|T,670_T|G,1627_C|T,2516_G|T,2790_C|T,3037_C|T,3796_C|T,3880_G|A,3927_C|T,4184_G|A,4321_C|T,4586_C|T,5183_C|T,9344_C|T,9424_A|G,9534_C|T,9866_C|T,10029_C|T,10198_C|T,10447_G|A,10449_C|A,12444_A|G,12574_T|C,12880_C|T,13620_C|T,14408_C|T,15451_G|A,15714_C|T,17410_C|T,18163_A|G,18583_G|A,19955_C|T,20055_A|G,21618_C|T,21987_G|A,22001_A|G,22016_T|C,22033_C|A,22190_A|G,22200_T|G,22331_G|A,22577_G|C,22578_G|A,22599_G|C,22674_C|T,22679_T|C,22686_C|T,22688_A|G,22775_G|A,22786_A|C,22813_G|T,22882_T|G,22898_G|A,22942_T|G,22992_G|A,22995_C|A,23013_A|C,23018_T|C,23019_T|C,23031_T|C,23055_A|G,23063_A|T,23075_T|C,23280_C|T,23403_A|G,23525_C|T,23599_T|G,23604_C|A,23854_C|A,23948_G|T,24424_A|T,24469_T|A,25000_C|T,25416_C|T,25584_C|T,26060_C|T,26270_C|T,26275_A|G,26577_C|G,26709_G|A,26858_C|T,27259_A|C,27382_G|C,27383_A|T,27384_T|C,27807_C|T,28271_A|T,28311_C|T,28881_G|A,28882_G|A,28883_G|C,29510_A|C,11288_11296,21633_21641,28362_28370,29734_29759
England/PHEC-YY8ASC4/2023	XBK	44_C|T,241_C|T,670_T|G,1627_C|T,2516_G|T,2790_C|T,3037_C|T,3796_C|T,3880_G|A,3927_C|T,4184_G|A,4321_C|T,4586_C|T,5183_C|T,9344_C|T,9424_A|G,9534_C|T,9866_C|T,10029_C|T,10198_C|T,10447_G|A,10449_C|A,12444_A|G,12574_T|C,12880_C|T,13620_C|T,14408_C|T,15451_G|A,15714_C|T,17410_C|T,18163_A|G,18583_G|A,19955_C|T,20055_A|G,21618_C|T,21987_G|A,22001_A|G,22016_T|C,22033_C|A,22190_A|G,22200_T|G,22331_G|A,22577_G|C,22578_G|A,22599_G|C,22674_C|T,22679_T|C,22686_C|T,22688_A|G,22775_G|A,22786_A|C,22813_G|T,22882_T|G,22898_G|A,22942_T|G,22992_G|A,22995_C|A,23013_A|C,23018_T|C,23019_T|C,23031_T|C,23055_A|G,23063_A|T,23075_T|C,23280_C|T,23403_A|G,23525_C|T,23599_T|G,23604_C|A,23854_C|A,23948_G|T,24424_A|T,24469_T|A,25000_C|T,25416_C|T,25584_C|T,26060_C|T,26270_C|T,26275_A|G,26577_C|G,26709_G|A,26858_C|T,27259_A|C,27382_G|C,27383_A|T,27384_T|C,27807_C|T,28271_A|T,28311_C|T,28881_G|A,28882_G|A,28883_G|C,29510_A|C,11288_11296,21633_21641,28362_28370,29734_29759
England/PHEC-YYE8I56/2023	XBK	241_C|T,670_T|G,1627_C|T,2790_C|T,3037_C|T,3768_C|T,3796_C|T,3927_C|T,3948_A|G,4184_G|A,4321_C|T,4586_C|T,5183_C|T,9344_C|T,9424_A|G,9534_C|T,9866_C|T,10029_C|T,10198_C|T,10447_G|A,10449_C|A,12444_A|G,12574_T|C,12700_T|C,12880_C|T,14408_C|T,15451_G|A,15714_C|T,17410_C|T,18163_A|G,18583_G|A,19955_C|T,20055_A|G,21618_C|T,21987_G|A,22001_A|G,22016_T|C,22033_C|A,22190_A|G,22200_T|G,22331_G|A,22577_G|C,22578_G|A,22599_G|C,22674_C|T,22679_T|C,22686_C|T,22688_A|G,22775_G|A,22786_A|C,22813_G|T,22882_T|G,22898_G|A,22942_T|G,22992_G|A,22995_C|A,23013_A|C,23018_T|C,23019_T|C,23031_T|C,23055_A|G,23063_A|T,23075_T|C,23403_A|G,23525_C|T,23599_T|G,23604_C|A,23854_C|A,23948_G|T,24424_A|T,24469_T|A,25000_C|T,25416_C|T,25584_C|T,26060_C|T,26270_C|T,26275_A|G,26577_C|G,26709_G|A,26858_C|T,27259_A|C,27382_G|C,27383_A|T,27384_T|C,27807_C|T,27858_C|T,28271_A|T,28311_C|T,28881_G|A,28882_G|A,28883_G|C,29510_A|C,29530_C|T,29579_G|C,11288_11296,21633_21641,28362_28370
England/PHEC-YYEJPOA/2023	XBK	241_C|T,670_T|G,709_G|T,857_C|T,1627_C|T,2544_C|A,2790_C|T,3037_C|T,3796_C|T,3927_C|T,4184_G|A,4321_C|T,4586_C|T,5183_C|T,9344_C|T,9424_A|G,9534_C|T,9866_C|T,10029_C|T,10198_C|T,10447_G|A,10449_C|A,11620_C|T,12444_A|G,12574_T|C,12880_C|T,14408_C|T,14583_C|T,15451_G|A,15714_C|T,16616_C|T,17410_C|T,17562_G|T,18163_A|G,18583_G|A,19164_C|T,19955_C|T,20055_A|G,21618_C|T,21987_G|A,22001_A|G,22016_T|C,22033_C|A,22190_A|G,22200_T|G,22331_G|A,22577_G|C,22578_G|A,22599_G|C,22674_C|T,22679_T|C,22686_C|T,22688_A|G,22775_G|A,22786_A|C,22813_G|T,22882_T|G,22898_G|A,22942_T|G,22992_G|A,22995_C|A,23013_A|C,23018_T|C,23019_T|C,23031_T|C,23055_A|G,23063_A|T,23075_T|C,23403_A|G,23525_C|T,23599_T|G,23604_C|A,23854_C|A,23948_G|T,24424_A|T,24469_T|A,25000_C|T,25416_C|T,25584_C|T,26060_C|T,26270_C|T,26275_A|G,26577_C|G,26709_G|A,26858_C|T,27259_A|C,27382_G|C,27383_A|T,27384_T|C,27722_T|C,27807_C|T,28271_A|T,28311_C|T,28705_T|C,28881_G|A,28882_G|A,28883_G|C,29510_A|C,11288_11296,21633_21641,28362_28370,29734_29759
England/PHEC-YYEKURJ/2023	XBK	241_C|T,670_T|G,1627_C|T,2790_C|T,3037_C|T,3796_C|T,3927_C|T,3948_A|G,4184_G|A,4321_C|T,4586_C|T,5183_C|T,9344_C|T,9424_A|G,9534_C|T,9866_C|T,10029_C|T,10198_C|T,10447_G|A,10449_C|A,12444_A|G,12574_T|C,12700_T|C,12880_C|T,14408_C|T,15451_G|A,15714_C|T,17410_C|T,18163_A|G,18583_G|A,19955_C|T,20055_A|G,21618_C|T,21987_G|A,22001_A|G,22016_T|C,22033_C|A,22190_A|G,22200_T|G,22331_G|A,22577_G|C,22578_G|A,22599_G|C,22674_C|T,22679_T|C,22686_C|T,22688_A|G,22775_G|A,22786_A|C,22813_G|T,22882_T|G,22898_G|A,22942_T|G,22992_G|A,22995_C|A,23013_A|C,23018_T|C,23019_T|C,23031_T|C,23055_A|G,23063_A|T,23075_T|C,23403_A|G,23525_C|T,23599_T|G,23604_C|A,23854_C|A,23948_G|T,24424_A|T,24469_T|A,25000_C|T,25416_C|T,25584_C|T,25889_C|T,26060_C|T,26270_C|T,26275_A|G,26577_C|G,26709_G|A,26858_C|T,27259_A|C,27382_G|C,27383_A|T,27384_T|C,27430_G|A,27807_C|T,27858_C|T,28271_A|T,28311_C|T,28881_G|A,28882_G|A,28883_G|C,29510_A|C,29530_C|T,11288_11296,21633_21641,28362_28370,29734_29759
England/PHEC-YYEKXUQ/2023	XBK	241_C|T,670_T|G,1627_C|T,2790_C|T,3037_C|T,3796_C|T,3927_C|T,3948_A|G,4184_G|A,4321_C|T,4586_C|T,5183_C|T,9344_C|T,9424_A|G,9534_C|T,9866_C|T,10029_C|T,10198_C|T,10447_G|A,10449_C|A,12444_A|G,12574_T|C,12700_T|C,12880_C|T,14408_C|T,15451_G|A,15714_C|T,17410_C|T,18163_A|G,18583_G|A,19955_C|T,20055_A|G,21618_C|T,21987_G|A,22001_A|G,22016_T|C,22033_C|A,22190_A|G,22200_T|G,22331_G|A,22577_G|C,22578_G|A,22599_G|C,22674_C|T,22679_T|C,22686_C|T,22688_A|G,22775_G|A,22786_A|C,22813_G|T,22882_T|G,22898_G|A,22942_T|G,22992_G|A,22995_C|A,23013_A|C,23018_T|C,23019_T|C,23031_T|C,23055_A|G,23063_A|T,23075_T|C,23403_A|G,23525_C|T,23599_T|G,23604_C|A,23854_C|A,23948_G|T,24424_A|T,24469_T|A,25000_C|T,25416_C|T,25584_C|T,25889_C|T,26060_C|T,26270_C|T,26275_A|G,26577_C|G,26709_G|A,26858_C|T,27259_A|C,27382_G|C,27383_A|T,27384_T|C,27807_C|T,27858_C|T,28271_A|T,28311_C|T,28881_G|A,28882_G|A,28883_G|C,29510_A|C,29530_C|T,11288_11296,21633_21641,28362_28370,29734_29759
England/PHEC-YYEUGS6/2023	XBK	106_C|T,123_C|T,241_C|T,670_T|G,1627_C|T,2790_C|T,3037_C|T,3796_C|T,3893_G|A,3927_C|T,4184_G|A,4321_C|T,4586_C|T,5183_C|T,7863_A|G,9344_C|T,9424_A|G,9534_C|T,9866_C|T,10029_C|T,10198_C|T,10447_G|A,10449_C|A,11320_T|C,12444_A|G,12574_T|C,12880_C|T,14408_C|T,15451_G|A,15714_C|T,17410_C|T,17766_C|T,18163_A|G,18583_G|A,19390_C|T,19955_C|T,20055_A|G,21618_C|T,21802_T|C,21967_T|C,21987_G|A,22001_A|G,22016_T|C,22033_C|A,22190_A|G,22200_T|G,22331_G|A,22577_G|C,22578_G|A,22599_G|C,22674_C|T,22679_T|C,22686_C|T,22688_A|G,22775_G|A,22786_A|C,22813_G|T,22882_T|G,22898_G|A,22942_T|G,22992_G|A,22995_C|A,23013_A|C,23018_T|C,23019_T|C,23031_T|C,23055_A|G,23063_A|T,23075_T|C,23403_A|G,23525_C|T,23599_T|G,23604_C|A,23854_C|A,23948_G|T,24424_A|T,24469_T|A,25000_C|T,25416_C|T,25584_C|T,26060_C|T,26270_C|T,26275_A|G,26577_C|G,26709_G|A,26858_C|T,27259_A|C,27288_T|C,27382_G|C,27383_A|T,27384_T|C,27807_C|T,28271_A|T,28311_C|T,28881_G|A,28882_G|A,28883_G|C,29177_C|T,29510_A|C,515_520,11288_11296,21633_21641,28362_28370,29734_29759
England/PHEC-YYEYMJ5/2023	XBK	123_C|T,241_C|T,670_T|G,1627_C|T,2790_C|T,3037_C|T,3796_C|T,3927_C|T,4184_G|A,4321_C|T,4586_C|T,5183_C|T,9344_C|T,9424_A|G,9534_C|T,9866_C|T,10029_C|T,10198_C|T,10447_G|A,10449_C|A,12444_A|G,12574_T|C,12754_C|T,12880_C|T,14408_C|T,14799_T|C,15451_G|A,15714_C|T,17410_C|T,18163_A|G,18583_G|A,19955_C|T,20055_A|G,21618_C|T,21987_G|A,22001_A|G,22016_T|C,22033_C|A,22109_C|A,22190_A|G,22200_T|G,22577_G|C,22578_G|A,22599_G|C,22674_C|T,22679_T|C,22686_C|T,22688_A|G,22775_G|A,22786_A|C,22813_G|T,22882_T|G,22898_G|A,22942_T|G,22992_G|A,22995_C|A,23013_A|C,23018_T|C,23019_T|C,23031_T|C,23055_A|G,23063_A|T,23075_T|C,23403_A|G,23525_C|T,23599_T|G,23604_C|A,23854_C|A,23948_G|T,24424_A|T,24469_T|A,25000_C|T,25416_C|T,25584_C|T,26060_C|T,26270_C|T,26275_A|G,26577_C|G,26709_G|A,26858_C|T,27259_A|C,27288_T|C,27382_G|C,27383_A|T,27384_T|C,27807_C|T,28271_A|T,28311_C|T,28881_G|A,28882_G|A,28883_G|C,29510_A|C,21633_21641,28362_28370
England/PHEP-YYGBGPA/2022	XBK	241_C|T,670_T|G,1627_C|T,2544_C|A,2790_C|T,3037_C|T,3796_C|T,3927_C|T,4184_G|A,4321_C|T,4586_C|T,5183_C|T,9344_C|T,9424_A|G,9534_C|T,9866_C|T,10029_C|T,10198_C|T,10447_G|A,10449_C|A,12444_A|G,12574_T|C,12880_C|T,14408_C|T,15451_G|A,15714_C|T,17410_C|T,17562_G|T,18163_A|G,18583_G|A,19955_C|T,20055_A|G,21618_C|T,21987_G|A,22001_A|G,22016_T|C,22033_C|A,22190_A|G,22200_T|G,22331_G|A,22577_G|C,22578_G|A,22599_G|C,22674_C|T,22679_T|C,22686_C|T,22688_A|G,22775_G|A,22786_A|C,22813_G|T,22882_T|G,22898_G|A,22942_T|G,22992_G|A,22995_C|A,23013_A|C,23018_T|C,23019_T|C,23031_T|C,23055_A|G,23063_A|T,23075_T|C,23403_A|G,23525_C|T,23599_T|G,23604_C|A,23854_C|A,23948_G|T,24424_A|T,24469_T|A,25000_C|T,25416_C|T,25584_C|T,26060_C|T,26270_C|T,26275_A|G,26577_C|G,26709_G|A,26858_C|T,27259_A|C,27382_G|C,27383_A|T,27384_T|C,27807_C|T,27881_C|T,28271_A|T,28311_C|T,28705_T|C,28881_G|A,28882_G|A,28883_G|C,29510_A|C,11288_11296,21633_21641,28362_28370,29734_29759
England/PHEP-YYGBGUM/2022	XBK	241_C|T,670_T|G,1627_C|T,2544_C|A,2790_C|T,3037_C|T,3796_C|T,3927_C|T,4184_G|A,4321_C|T,4586_C|T,5183_C|T,9344_C|T,9424_A|G,9534_C|T,9866_C|T,10029_C|T,10198_C|T,10447_G|A,10449_C|A,12444_A|G,12574_T|C,12880_C|T,14408_C|T,15451_G|A,15714_C|T,17410_C|T,17562_G|T,18163_A|G,18583_G|A,19955_C|T,20055_A|G,21618_C|T,21987_G|A,22001_A|G,22016_T|C,22033_C|A,22190_A|G,22200_T|G,22331_G|A,22577_G|C,22578_G|A,22599_G|C,22674_C|T,22679_T|C,22686_C|T,22688_A|G,22775_G|A,22786_A|C,22813_G|T,22882_T|G,22898_G|A,22942_T|G,22992_G|A,22995_C|A,23013_A|C,23018_T|C,23019_T|C,23031_T|C,23055_A|G,23063_A|T,23075_T|C,23403_A|G,23525_C|T,23599_T|G,23604_C|A,23854_C|A,23948_G|T,24424_A|T,24469_T|A,25000_C|T,25416_C|T,25584_C|T,26060_C|T,26270_C|T,26275_A|G,26577_C|G,26709_G|A,26858_C|T,27259_A|C,27382_G|C,27383_A|T,27384_T|C,27807_C|T,27881_C|T,28271_A|T,28311_C|T,28705_T|C,28881_G|A,28882_G|A,28883_G|C,29510_A|C,11288_11296,21633_21641,28362_28370,29734_29759
England/PHEP-YYGMSMA/2023	XBK	241_C|T,670_T|G,709_G|T,1627_C|T,2544_C|A,2790_C|T,3037_C|T,3796_C|T,3927_C|T,4184_G|A,4321_C|T,4586_C|T,5183_C|T,9344_C|T,9424_A|G,9534_C|T,9866_C|T,10029_C|T,10198_C|T,10447_G|A,10449_C|A,11620_C|T,12444_A|G,12574_T|C,12880_C|T,14408_C|T,14583_C|T,15451_G|A,15714_C|T,16616_C|T,16948_C|T,17410_C|T,17562_G|T,18163_A|G,18583_G|A,19164_C|T,19955_C|T,20055_A|G,21618_C|T,21987_G|A,22001_A|G,22016_T|C,22033_C|A,22190_A|G,22200_T|G,22331_G|A,22577_G|C,22578_G|A,22599_G|C,22674_C|T,22679_T|C,22686_C|T,22688_A|G,22775_G|A,22786_A|C,22813_G|T,22882_T|G,22898_G|A,22942_T|G,22992_G|A,22995_C|A,23013_A|C,23018_T|C,23019_T|C,23031_T|C,23055_A|G,23063_A|T,23075_T|C,23403_A|G,23525_C|T,23599_T|G,23604_C|A,23854_C|A,23948_G|T,24424_A|T,24469_T|A,25000_C|T,25416_C|T,25584_C|T,26060_C|T,26270_C|T,26275_A|G,26577_C|G,26709_G|A,26858_C|T,27259_A|C,27382_G|C,27383_A|T,27384_T|C,27722_T|C,27807_C|T,28271_A|T,28311_C|T,28705_T|C,28881_G|A,28882_G|A,28883_G|C,29510_A|C,11288_11296,21633_21641,28362_28370,29734_29759
England/PLYM-326CE1A2/2023	XBK	241_C|T,670_T|G,709_G|T,1627_C|T,2544_C|A,2790_C|T,3037_C|T,3796_C|T,3927_C|T,4184_G|A,4321_C|T,4586_C|T,5183_C|T,9344_C|T,9424_A|G,9534_C|T,9866_C|T,10029_C|T,10198_C|T,10447_G|A,10449_C|A,11620_C|T,12444_A|G,12574_T|C,12880_C|T,14408_C|T,14583_C|T,15451_G|A,15714_C|T,16616_C|T,16948_C|T,17410_C|T,17562_G|T,18163_A|G,18583_G|A,19164_C|T,19955_C|T,21618_C|T,21987_G|A,22001_A|G,22016_T|C,22033_C|A,22190_A|G,22200_T|G,22331_G|A,22577_G|C,22578_G|A,22599_G|C,22674_C|T,22679_T|C,22686_C|T,22688_A|G,22775_G|A,22786_A|C,22813_G|T,22882_T|G,22898_G|A,22942_T|G,22992_G|A,22995_C|A,23013_A|C,23018_T|C,23019_T|C,23031_T|C,23055_A|G,23063_A|T,23075_T|C,23403_A|G,23525_C|T,23599_T|G,23604_C|A,23854_C|A,23948_G|T,24424_A|T,24469_T|A,25000_C|T,25416_C|T,25584_C|T,26060_C|T,26270_C|T,26275_A|G,26577_C|G,26709_G|A,26858_C|T,27259_A|C,27382_G|C,27383_A|T,27384_T|C,27722_T|C,27807_C|T,28271_A|T,28311_C|T,28705_T|C,28881_G|A,28882_G|A,28883_G|C,29510_A|C,11288_11296,21633_21641,28362_28370,29734_29759
England/PLYM-326D4516/2023	XBK	241_C|T,670_T|G,709_G|T,1627_C|T,2544_C|A,2790_C|T,3037_C|T,3796_C|T,3927_C|T,4184_G|A,4321_C|T,4586_C|T,5183_C|T,9344_C|T,9424_A|G,9534_C|T,9866_C|T,10029_C|T,10198_C|T,10447_G|A,10449_C|A,11620_C|T,12444_A|G,12574_T|C,12880_C|T,14408_C|T,14583_C|T,15451_G|A,15714_C|T,16616_C|T,16948_C|T,17410_C|T,17562_G|T,18163_A|G,18583_G|A,19164_C|T,19955_C|T,20055_A|G,20480_C|T,21618_C|T,21987_G|A,22001_A|G,22016_T|C,22033_C|A,22190_A|G,22200_T|G,22331_G|A,22577_G|C,22578_G|A,22599_G|C,22674_C|T,22679_T|C,22686_C|T,22688_A|G,22775_G|A,22786_A|C,22813_G|T,22882_T|G,22898_G|A,22942_T|G,22992_G|A,22995_C|A,23013_A|C,23018_T|C,23019_T|C,23031_T|C,23055_A|G,23063_A|T,23075_T|C,23403_A|G,23525_C|T,23599_T|G,23604_C|A,23854_C|A,23948_G|T,24424_A|T,24469_T|A,25000_C|T,25416_C|T,25584_C|T,26060_C|T,26270_C|T,26275_A|G,26577_C|G,26709_G|A,26858_C|T,27259_A|C,27382_G|C,27383_A|T,27384_T|C,27722_T|C,27807_C|T,28271_A|T,28311_C|T,28705_T|C,28881_G|A,28882_G|A,28883_G|C,29510_A|C,11288_11296,21633_21641,28362_28370,29734_29759
England/PLYM-326D9FE6/2023	XBK	241_C|T,670_T|G,709_G|T,1627_C|T,2544_C|A,2790_C|T,3037_C|T,3796_C|T,3927_C|T,4184_G|A,4321_C|T,4586_C|T,5183_C|T,9344_C|T,9424_A|G,9534_C|T,9866_C|T,10029_C|T,10198_C|T,10447_G|A,10449_C|A,11620_C|T,12444_A|G,12574_T|C,12880_C|T,14408_C|T,14583_C|T,15451_G|A,15714_C|T,16616_C|T,16948_C|T,17410_C|T,17562_G|T,18163_A|G,18583_G|A,19164_C|T,19955_C|T,20055_A|G,21618_C|T,21987_G|A,22001_A|G,22016_T|C,22033_C|A,22190_A|G,22200_T|G,22331_G|A,22577_G|C,22578_G|A,22599_G|C,22674_C|T,22679_T|C,22686_C|T,22688_A|G,22775_G|A,22786_A|C,22813_G|T,22882_T|G,22898_G|A,22942_T|G,22992_G|A,22995_C|A,23013_A|C,23018_T|C,23019_T|C,23031_T|C,23055_A|G,23063_A|T,23075_T|C,23403_A|G,23525_C|T,23599_T|G,23604_C|A,23854_C|A,23948_G|T,24424_A|T,24469_T|A,25000_C|T,25416_C|T,25584_C|T,26060_C|T,26270_C|T,26275_A|G,26577_C|G,26709_G|A,26858_C|T,27259_A|C,27382_G|C,27383_A|T,27384_T|C,27722_T|C,27807_C|T,28271_A|T,28311_C|T,28705_T|C,28881_G|A,28882_G|A,28883_G|C,29510_A|C,11288_11296,21633_21641,28362_28370,29734_29759
England/QEUH-326A3F30/2023	XBK	241_C|T,307_C|T,529_G|A,670_T|G,1627_C|T,1684_C|T,2544_C|A,2790_C|T,3037_C|T,3796_C|T,3927_C|T,4184_G|A,4321_C|T,4586_C|T,5183_C|T,9035_G|A,9344_C|T,9424_A|G,9534_C|T,9866_C|T,10029_C|T,10198_C|T,10447_G|A,10449_C|A,12422_A|C,12444_A|G,12574_T|C,12880_C|T,14408_C|T,15451_G|A,15714_C|T,17410_C|T,17562_G|T,18163_A|G,18583_G|A,19955_C|T,20055_A|G,21363_T|C,21618_C|T,21987_G|A,22001_A|G,22016_T|C,22033_C|A,22190_A|G,22200_T|G,22331_G|A,22577_G|C,22578_G|A,22599_G|C,22674_C|T,22679_T|C,22686_C|T,22688_A|G,22775_G|A,22786_A|C,22813_G|T,22882_T|G,22898_G|A,22942_T|G,22992_G|A,22995_C|A,23013_A|C,23018_T|C,23019_T|C,23031_T|C,23055_A|G,23063_A|T,23075_T|C,23403_A|G,23525_C|T,23599_T|G,23604_C|A,23854_C|A,23948_G|T,24424_A|T,24469_T|A,25000_C|T,25416_C|T,25584_C|T,26060_C|T,26270_C|T,26275_A|G,26577_C|G,26709_G|A,26858_C|T,27259_A|C,27382_G|C,27383_A|T,27384_T|C,27722_T|C,27807_C|T,28271_A|T,28311_C|T,28705_T|C,28881_G|A,28882_G|A,28883_G|C,29510_A|C,11288_11296,21633_21641,28362_28370,29734_29759
England/QEUH-326AD1C7/2023	XBK	241_C|T,557_G|A,670_T|G,709_G|T,1627_C|T,2544_C|A,2790_C|T,3037_C|T,3796_C|T,3927_C|T,4184_G|A,4321_C|T,4586_C|T,5183_C|T,9344_C|T,9424_A|G,9534_C|T,9866_C|T,10029_C|T,10198_C|T,10447_G|A,10449_C|A,11620_C|T,12444_A|G,12574_T|C,12880_C|T,14408_C|T,14583_C|T,15451_G|A,15714_C|T,16616_C|T,17410_C|T,17562_G|T,18163_A|G,18583_G|A,19164_C|T,19955_C|T,20055_A|G,21618_C|T,21987_G|A,22001_A|G,22016_T|C,22033_C|A,22190_A|G,22200_T|G,22331_G|A,22577_G|C,22578_G|A,22599_G|C,22674_C|T,22679_T|C,22686_C|T,22688_A|G,22775_G|A,22786_A|C,22813_G|T,22882_T|G,22898_G|A,22942_T|G,22992_G|A,22995_C|A,23013_A|C,23018_T|C,23019_T|C,23031_T|C,23055_A|G,23063_A|T,23075_T|C,23403_A|G,23525_C|T,23599_T|G,23604_C|A,23854_C|A,23948_G|T,24424_A|T,24469_T|A,25000_C|T,25416_C|T,25584_C|T,26060_C|T,26270_C|T,26275_A|G,26577_C|G,26709_G|A,26858_C|T,27259_A|C,27382_G|C,27383_A|T,27384_T|C,27722_T|C,27807_C|T,28271_A|T,28311_C|T,28705_T|C,28881_G|A,28882_G|A,28883_G|C,29510_A|C,11288_11296,21633_21641,28362_28370,29734_29759
England/QEUH-326B3E30/2023	XBK	241_C|T,560_C|T,670_T|G,1627_C|T,2785_T|C,2790_C|T,3037_C|T,3796_C|T,3927_C|T,4184_G|A,4321_C|T,4586_C|T,5183_C|T,9344_C|T,9424_A|G,9451_C|T,9534_C|T,9866_C|T,10029_C|T,10198_C|T,10447_G|A,10449_C|A,12444_A|G,12574_T|C,12880_C|T,13620_C|T,14408_C|T,15451_G|A,15714_C|T,16245_G|A,17410_C|T,18163_A|G,18583_G|A,19955_C|T,20055_A|G,20133_C|T,21618_C|T,21987_G|A,22001_A|G,22016_T|C,22033_C|A,22190_A|G,22200_T|G,22331_G|A,22577_G|C,22578_G|A,22599_G|C,22674_C|T,22679_T|C,22686_C|T,22688_A|G,22775_G|A,22786_A|C,22813_G|T,22882_T|G,22898_G|A,22942_T|G,22992_G|A,22995_C|A,23013_A|C,23018_T|C,23019_T|C,23031_T|C,23055_A|G,23063_A|T,23075_T|C,23403_A|G,23525_C|T,23599_T|G,23604_C|A,23802_C|A,23854_C|A,23948_G|T,24424_A|T,24469_T|A,25000_C|T,25416_C|T,25584_C|T,26060_C|T,26270_C|T,26275_A|G,26577_C|G,26709_G|A,26858_C|T,27147_G|A,27259_A|C,27382_G|C,27383_A|T,27384_T|C,27644_C|T,27807_C|T,28271_A|T,28311_C|T,28881_G|A,28882_G|A,28883_G|C,29510_A|C,11288_11296,21633_21641,28362_28370,29734_29759
England/QEUH-326DD95D/2023	XBK	241_C|T,670_T|G,709_G|T,857_C|T,1627_C|T,2544_C|A,2790_C|T,3037_C|T,3796_C|T,3927_C|T,4184_G|A,4321_C|T,4586_C|T,5183_C|T,9344_C|T,9424_A|G,9534_C|T,9866_C|T,10029_C|T,10198_C|T,10447_G|A,10449_C|A,11620_C|T,12444_A|G,12574_T|C,12880_C|T,14408_C|T,14583_C|T,15451_G|A,15714_C|T,16616_C|T,17410_C|T,17562_G|T,18163_A|G,18583_G|A,19164_C|T,19955_C|T,20055_A|G,21618_C|T,21718_G|A,21987_G|A,22001_A|G,22016_T|C,22033_C|A,22190_A|G,22200_T|G,22331_G|A,22577_G|C,22578_G|A,22599_G|C,22674_C|T,22679_T|C,22686_C|T,22688_A|G,22775_G|A,22786_A|C,22813_G|T,22882_T|G,22898_G|A,22942_T|G,22992_G|A,22995_C|A,23013_A|C,23018_T|C,23019_T|C,23031_T|C,23055_A|G,23063_A|T,23075_T|C,23403_A|G,23525_C|T,23599_T|G,23604_C|A,23854_C|A,23948_G|T,24424_A|T,24469_T|A,25000_C|T,25416_C|T,25584_C|T,26060_C|T,26270_C|T,26275_A|G,26577_C|G,26709_G|A,26858_C|T,27259_A|C,27382_G|C,27383_A|T,27384_T|C,27722_T|C,27807_C|T,28271_A|T,28311_C|T,28705_T|C,28881_G|A,28882_G|A,28883_G|C,29510_A|C,11288_11296,21633_21641,28362_28370,29734_29759
England/QEUH-326E06BA/2023	XBK	241_C|T,670_T|G,1627_C|T,2516_G|T,2790_C|T,3037_C|T,3796_C|T,3880_G|A,3927_C|T,4184_G|A,4321_C|T,4586_C|T,5183_C|T,9344_C|T,9424_A|G,9534_C|T,9866_C|T,10029_C|T,10198_C|T,10447_G|A,10449_C|A,12444_A|G,12574_T|C,12880_C|T,13620_C|T,14408_C|T,15451_G|A,15714_C|T,17410_C|T,18163_A|G,18583_G|A,19955_C|T,20055_A|G,21618_C|T,21987_G|A,22001_A|G,22016_T|C,22033_C|A,22190_A|G,22200_T|G,22331_G|A,22577_G|C,22578_G|A,22599_G|C,22674_C|T,22679_T|C,22686_C|T,22688_A|G,22775_G|A,22786_A|C,22813_G|T,22882_T|G,22898_G|A,22942_T|G,22992_G|A,22995_C|A,23013_A|C,23018_T|C,23019_T|C,23031_T|C,23055_A|G,23063_A|T,23075_T|C,23280_C|T,23403_A|G,23525_C|T,23599_T|G,23604_C|A,23854_C|A,23948_G|T,24424_A|T,24469_T|A,25000_C|T,25416_C|T,25584_C|T,26060_C|T,26270_C|T,26275_A|G,26577_C|G,26709_G|A,26858_C|T,27259_A|C,27382_G|C,27383_A|T,27384_T|C,27807_C|T,28271_A|T,28311_C|T,28881_G|A,28882_G|A,28883_G|C,29510_A|C,512_514,11288_11296,21633_21641,28362_28370,29734_29759
England/QEUH-326E11C7/2023	XBK	241_C|T,670_T|G,1627_C|T,2516_G|T,2790_C|T,3037_C|T,3796_C|T,3880_G|A,3927_C|T,4184_G|A,4321_C|T,4586_C|T,5183_C|T,9344_C|T,9424_A|G,9534_C|T,9866_C|T,10029_C|T,10198_C|T,10447_G|A,10449_C|A,12444_A|G,12574_T|C,12880_C|T,13620_C|T,14408_C|T,15451_G|A,15714_C|T,17410_C|T,18163_A|G,18583_G|A,19955_C|T,20055_A|G,21618_C|T,21987_G|A,22001_A|G,22016_T|C,22033_C|A,22190_A|G,22200_T|G,22331_G|A,22577_G|C,22578_G|A,22599_G|C,22674_C|T,22679_T|C,22686_C|T,22688_A|G,22775_G|A,22786_A|C,22813_G|T,22882_T|G,22898_G|A,22942_T|G,22992_G|A,22995_C|A,23013_A|C,23018_T|C,23019_T|C,23031_T|C,23055_A|G,23063_A|T,23075_T|C,23280_C|T,23403_A|G,23525_C|T,23599_T|G,23604_C|A,23854_C|A,23948_G|T,24424_A|T,24469_T|A,25000_C|T,25416_C|T,25584_C|T,26060_C|T,26270_C|T,26275_A|G,26577_C|G,26709_G|A,26858_C|T,27259_A|C,27382_G|C,27383_A|T,27384_T|C,27807_C|T,28271_A|T,28311_C|T,28881_G|A,28882_G|A,28883_G|C,29510_A|C,11288_11296,21633_21641,28362_28370,29734_29759
England/QEUH-326E7264/2023	XBK	241_C|T,670_T|G,709_G|T,1627_C|T,2544_C|A,2790_C|T,3037_C|T,3796_C|T,3927_C|T,4184_G|A,4321_C|T,4586_C|T,5183_C|T,9344_C|T,9424_A|G,9534_C|T,9866_C|T,10029_C|T,10198_C|T,10447_G|A,10449_C|A,11620_C|T,12444_A|G,12574_T|C,12880_C|T,14408_C|T,14583_C|T,15451_G|A,15714_C|T,16616_C|T,17410_C|T,17562_G|T,18163_A|G,18583_G|A,19164_C|T,19955_C|T,20055_A|G,21618_C|T,21987_G|A,22001_A|G,22016_T|C,22033_C|A,22190_A|G,22200_T|G,22331_G|A,22577_G|C,22578_G|A,22599_G|C,22674_C|T,22679_T|C,22686_C|T,22688_A|G,22775_G|A,22786_A|C,22813_G|T,22882_T|G,22898_G|A,22942_T|G,22992_G|A,22995_C|A,23013_A|C,23018_T|C,23019_T|C,23031_T|C,23055_A|G,23063_A|T,23075_T|C,23403_A|G,23525_C|T,23599_T|G,23604_C|A,23854_C|A,23948_G|T,24424_A|T,24469_T|A,25000_C|T,25416_C|T,25584_C|T,26060_C|T,26270_C|T,26275_A|G,26577_C|G,26709_G|A,26858_C|T,27259_A|C,27382_G|C,27383_A|T,27384_T|C,27722_T|C,27807_C|T,28271_A|T,28311_C|T,28705_T|C,28881_G|A,28882_G|A,28883_G|C,29510_A|C,11288_11296,21633_21641,28362_28370,29734_29759
England/QEUH-326EFA28/2023	XBK	241_C|T,670_T|G,1627_C|T,2516_G|T,2790_C|T,3037_C|T,3796_C|T,3880_G|A,3927_C|T,4184_G|A,4321_C|T,4586_C|T,5183_C|T,9344_C|T,9424_A|G,9534_C|T,9866_C|T,10029_C|T,10198_C|T,10447_G|A,10449_C|A,10933_T|G,12444_A|G,12574_T|C,12880_C|T,13620_C|T,14408_C|T,15451_G|A,15714_C|T,17410_C|T,18163_A|G,18583_G|A,19264_C|T,19955_C|T,20055_A|G,20398_G|A,20937_G|A,21618_C|T,21987_G|A,22001_A|G,22016_T|C,22033_C|A,22190_A|G,22200_T|G,22331_G|A,22577_G|C,22578_G|A,22599_G|C,22674_C|T,22679_T|C,22686_C|T,22688_A|G,22775_G|A,22786_A|C,22813_G|T,22882_T|G,22898_G|A,22942_T|G,22992_G|A,22995_C|A,23013_A|C,23018_T|C,23019_T|C,23031_T|C,23055_A|G,23063_A|T,23075_T|C,23280_C|T,23403_A|G,23525_C|T,23599_T|G,23604_C|A,23854_C|A,23948_G|T,24424_A|T,24469_T|A,25000_C|T,25416_C|T,25584_C|T,26060_C|T,26270_C|T,26275_A|G,26577_C|G,26709_G|A,26858_C|T,27259_A|C,27382_G|C,27383_A|T,27384_T|C,27807_C|T,28271_A|T,28311_C|T,28881_G|A,28882_G|A,28883_G|C,29510_A|C,11288_11296,21633_21641,28362_28370,29734_29759
OY043825	XBK	44_C|T,221_T|C,241_C|T,670_T|G,1627_C|T,2701_C|T,2790_C|T,2891_G|T,3037_C|T,3796_C|T,3927_C|T,4184_G|A,4321_C|T,4586_C|T,5183_C|T,5826_C|T,6136_T|C,9344_C|T,9424_A|G,9534_C|T,9866_C|T,9967_C|T,10029_C|T,10198_C|T,10447_G|A,10449_C|A,12444_A|G,12574_T|C,12880_C|T,14408_C|T,15451_G|A,15714_C|T,17410_C|T,18163_A|G,18267_C|T,18583_G|A,19955_C|T,20055_A|G,21618_C|T,21987_G|A,22001_A|G,22016_T|C,22033_C|A,22190_A|G,22200_T|G,22331_G|A,22577_G|C,22578_G|A,22674_C|T,22679_T|C,22686_C|T,22688_A|G,22775_G|A,22786_A|C,22813_G|T,22882_T|G,22898_G|A,22942_T|G,22992_G|A,22995_C|A,23013_A|C,23018_T|C,23019_T|C,23031_T|C,23403_A|G,23525_C|T,23599_T|G,23604_C|A,23635_C|T,23854_C|A,23948_G|T,24424_A|T,24469_T|A,25000_C|T,25416_C|T,25584_C|T,26060_C|T,26270_C|T,26275_A|G,26577_C|G,26709_G|A,26858_C|T,27092_C|T,27259_A|C,27382_G|C,27383_A|T,27384_T|C,27706_G|A,27807_C|T,28271_A|T,28311_C|T,28881_G|A,28882_G|A,28883_G|C,29510_A|C,11288_11296,21633_21641,28362_28370,29734_29759
OY046163	XBK	44_C|T,221_T|C,241_C|T,670_T|G,1627_C|T,2701_C|T,2790_C|T,3037_C|T,3796_C|T,3927_C|T,4184_G|A,4321_C|T,4586_C|T,5183_C|T,6136_T|C,9344_C|T,9424_A|G,9534_C|T,9866_C|T,10029_C|T,10198_C|T,10447_G|A,10449_C|A,12444_A|G,12574_T|C,12880_C|T,14408_C|T,15451_G|A,15714_C|T,17410_C|T,18163_A|G,18583_G|A,19955_C|T,20055_A|G,21618_C|T,21987_G|A,22001_A|G,22016_T|C,22033_C|A,22190_A|G,22200_T|G,22331_G|A,22577_G|C,22578_G|A,22599_G|C,22674_C|T,22679_T|C,22686_C|T,22688_A|G,22775_G|A,22786_A|C,22813_G|T,22882_T|G,22898_G|A,22942_T|G,22992_G|A,22995_C|A,23013_A|C,23403_A|G,23525_C|T,23599_T|G,23604_C|A,23635_C|T,23854_C|A,23948_G|T,24424_A|T,24469_T|A,25000_C|T,25416_C|T,25584_C|T,26060_C|T,26270_C|T,26275_A|G,26577_C|G,26709_G|A,26858_C|T,27259_A|C,27382_G|C,27383_A|T,27384_T|C,27807_C|T,28271_A|T,28311_C|T,28881_G|A,28882_G|A,28883_G|C,29510_A|C,509_523,11288_11296,21633_21641,28362_28370,29734_29759
OY048251	XBK	241_C|T,670_T|G,1627_C|T,2790_C|T,3037_C|T,3796_C|T,3927_C|T,3948_A|G,4184_G|A,4321_C|T,4586_C|T,5183_C|T,6633_C|T,9344_C|T,9424_A|G,9534_C|T,9866_C|T,10029_C|T,10198_C|T,10447_G|A,10449_C|A,12444_A|G,12574_T|C,12700_T|C,12880_C|T,14408_C|T,15451_G|A,15714_C|T,17410_C|T,18163_A|G,18583_G|A,19955_C|T,20055_A|G,21987_G|A,22001_A|G,22016_T|C,22033_C|A,22190_A|G,22200_T|G,22331_G|A,22577_G|C,22578_G|A,22599_G|C,22674_C|T,22679_T|C,22686_C|T,22688_A|G,22775_G|A,22786_A|C,22813_G|T,22882_T|G,22898_G|A,22942_T|G,22992_G|A,22995_C|A,23013_A|C,23018_T|C,23019_T|C,23031_T|C,23055_A|G,23063_A|T,23075_T|C,23403_A|G,23525_C|T,23599_T|G,23604_C|A,23854_C|A,23948_G|T,24424_A|T,24469_T|A,25000_C|T,25416_C|T,25584_C|T,26060_C|T,26270_C|T,26275_A|G,26577_C|G,26709_G|A,26858_C|T,27259_A|C,27382_G|C,27383_A|T,27384_T|C,27807_C|T,27858_C|T,28271_A|T,28311_C|T,28881_G|A,28882_G|A,28883_G|C,29510_A|C,29530_C|T,11288_11296,21633_21641,28362_28370
OY050105	XBK	221_T|C,241_C|T,670_T|G,1627_C|T,2701_C|T,2790_C|T,3037_C|T,3796_C|T,3927_C|T,4184_G|A,4321_C|T,4586_C|T,5183_C|T,5826_C|T,6136_T|C,6710_G|A,9344_C|T,9424_A|G,9534_C|T,9866_C|T,10029_C|T,10198_C|T,10447_G|A,10449_C|A,12444_A|G,12574_T|C,12880_C|T,14408_C|T,15451_G|A,15714_C|T,17410_C|T,18163_A|G,18267_C|T,18583_G|A,19955_C|T,20055_A|G,21618_C|T,21987_G|A,22001_A|G,22016_T|C,22033_C|A,22190_A|G,22200_T|G,22331_G|A,22577_G|C,22578_G|A,22599_G|C,22679_T|C,22686_C|T,22688_A|G,22775_G|A,22786_A|C,22882_T|G,22898_G|A,22942_T|G,22992_G|A,22995_C|A,23013_A|C,23018_T|C,23019_T|C,23031_T|C,23055_A|G,23063_A|T,23075_T|C,23403_A|G,23525_C|T,23599_T|G,23604_C|A,23854_C|A,23948_G|T,24424_A|T,24469_T|A,25000_C|T,25416_C|T,25584_C|T,26060_C|T,26270_C|T,26275_A|G,26577_C|G,26709_G|A,26774_G|T,26858_C|T,27092_C|T,27259_A|C,27382_G|C,27383_A|T,27384_T|C,27807_C|T,28271_A|T,28311_C|T,28881_G|A,28882_G|A,28883_G|C,29510_A|C,11288_11296,21633_21641,28362_28370,29734_29759
OY130830	XBK	221_T|C,241_C|T,670_T|G,1627_C|T,2701_C|T,2790_C|T,3037_C|T,3796_C|T,3927_C|T,4184_G|A,4321_C|T,4586_C|T,5183_C|T,6136_T|C,9344_C|T,9424_A|G,9534_C|T,9866_C|T,10029_C|T,10198_C|T,10447_G|A,10449_C|A,12444_A|G,12574_T|C,12880_C|T,14408_C|T,15451_G|A,15714_C|T,17410_C|T,18163_A|G,18583_G|A,19955_C|T,20055_A|G,21987_G|A,22001_A|G,22016_T|C,22033_C|A,22190_A|G,22200_T|G,22331_G|A,22577_G|C,22578_G|A,22599_G|C,22674_C|T,22679_T|C,22686_C|T,22688_A|G,22775_G|A,22786_A|C,22813_G|T,22882_T|G,22898_G|A,22942_T|G,22992_G|A,22995_C|A,23013_A|C,23018_T|C,23019_T|C,23055_A|G,23063_A|T,23075_T|C,23403_A|G,23525_C|T,23599_T|G,23604_C|A,23635_C|T,23854_C|A,23948_G|T,24424_A|T,24469_T|A,25000_C|T,25416_C|T,25584_C|T,26060_C|T,26270_C|T,26275_A|G,26577_C|G,26606_C|T,26709_G|A,26858_C|T,27259_A|C,27382_G|C,27383_A|T,27384_T|C,27807_C|T,28271_A|T,28311_C|T,28881_G|A,28882_G|A,28883_G|C,29510_A|C,509_523,11288_11296,21633_21641,28362_28370
OY134649	XBK	221_T|C,241_C|T,670_T|G,1627_C|T,2044_C|T,2701_C|T,2790_C|T,2972_G|A,3037_C|T,3796_C|T,3927_C|T,4184_G|A,4321_C|T,4586_C|T,5183_C|T,5826_C|T,6136_T|C,8275_T|C,9344_C|T,9424_A|G,9534_C|T,9866_C|T,10029_C|T,10198_C|T,10447_G|A,10449_C|A,10615_C|T,12444_A|G,12574_T|C,12880_C|T,14408_C|T,15451_G|A,15714_C|T,17410_C|T,18163_A|G,18267_C|T,18583_G|A,19955_C|T,20055_A|G,21618_C|T,21987_G|A,22001_A|G,22016_T|C,22018_G|T,22033_C|A,22107_A|C,22190_A|G,22200_T|G,22331_G|A,22577_G|C,22578_G|A,22599_G|C,22674_C|T,22679_T|C,22686_C|T,22688_A|G,22775_G|A,22786_A|C,22813_G|T,22882_T|G,22898_G|A,22942_T|G,22992_G|A,22995_C|A,23013_A|C,23018_T|C,23019_T|C,23031_T|C,23055_A|G,23063_A|T,23075_T|C,23403_A|G,23525_C|T,23599_T|G,23604_C|A,23635_C|T,23854_C|A,23948_G|T,24424_A|T,24469_T|A,25000_C|T,25416_C|T,25584_C|T,25759_A|T,26060_C|T,26270_C|T,26275_A|G,26577_C|G,26709_G|A,26858_C|T,27092_C|T,27259_A|C,27382_G|C,27383_A|T,27384_T|C,27706_G|A,27807_C|T,27948_G|T,28271_A|T,28311_C|T,28881_G|A,28882_G|A,28883_G|C,29510_A|C,11288_11296,21633_21641,28090_28095,28362_28370,29734_29759
OY154002	XBK	44_C|T,221_T|C,241_C|T,536_G|A,670_T|G,1627_C|T,2701_C|T,2790_C|T,3037_C|T,3796_C|T,3927_C|T,4184_G|A,4321_C|T,4586_C|T,5183_C|T,6136_T|C,9344_C|T,9424_A|G,9534_C|T,9866_C|T,10029_C|T,10198_C|T,10447_G|A,10449_C|A,12444_A|G,12574_T|C,12880_C|T,14408_C|T,15451_G|A,15714_C|T,15738_C|T,16993_T|C,17410_C|T,18163_A|G,18583_G|A,19955_C|T,20055_A|G,21618_C|T,21987_G|A,22001_A|G,22016_T|C,22033_C|A,22190_A|G,22200_T|G,22331_G|A,22577_G|C,22578_G|A,22599_G|C,22674_C|T,22679_T|C,22686_C|T,22688_A|G,22775_G|A,22786_A|C,22813_G|T,22882_T|G,22898_G|A,22942_T|G,22992_G|A,22995_C|A,23013_A|C,23018_T|C,23019_T|C,23031_T|C,23403_A|G,23525_C|T,23599_T|G,23604_C|A,23635_C|T,23854_C|A,23948_G|T,24424_A|T,24469_T|A,25000_C|T,25416_C|T,25514_T|A,25584_C|T,26060_C|T,26270_C|T,26275_A|G,26577_C|G,26709_G|A,26858_C|T,27259_A|C,27382_G|C,27383_A|T,27384_T|C,27807_C|T,28271_A|T,28311_C|T,28881_G|A,28882_G|A,28883_G|C,29510_A|C,11288_11296,21633_21641,28362_28370,29734_29759
OY156826	XBK	44_C|T,221_T|C,241_C|T,670_T|G,835_C|T,1627_C|T,2701_C|T,2790_C|T,3037_C|T,3796_C|T,3927_C|T,4184_G|A,4321_C|T,4586_C|T,5183_C|T,5526_C|T,6136_T|C,9344_C|T,9424_A|G,9534_C|T,9866_C|T,10029_C|T,10198_C|T,10447_G|A,10449_C|A,12444_A|G,12574_T|C,12880_C|T,14408_C|T,15451_G|A,15714_C|T,17410_C|T,18163_A|G,18267_C|T,18583_G|A,19955_C|T,20055_A|G,21618_C|T,21987_G|A,22001_A|G,22016_T|C,22033_C|A,22190_A|G,22200_T|G,22331_G|A,22577_G|C,22578_G|A,22599_G|C,22674_C|T,22679_T|C,22686_C|T,22688_A|G,22775_G|A,22786_A|C,22813_G|T,22882_T|G,22898_G|A,22942_T|G,22992_G|A,22995_C|A,23013_A|C,23018_T|C,23019_T|C,23031_T|C,23055_A|G,23063_A|T,23075_T|C,23403_A|G,23525_C|T,23599_T|G,23854_C|A,23948_G|T,24424_A|T,24469_T|A,25000_C|T,25584_C|T,26060_C|T,26270_C|T,26275_A|G,26577_C|G,26709_G|A,26858_C|T,27092_C|T,27259_A|C,27382_G|C,27383_A|T,27384_T|C,27807_C|T,28271_A|T,28311_C|T,28881_G|A,28882_G|A,28883_G|C,29510_A|C,11288_11296,21633_21641,28362_28370
OY158984	XBK	221_T|C,241_C|T,670_T|G,1400_G|A,1627_C|T,2701_C|T,2790_C|T,3037_C|T,3796_C|T,3927_C|T,4184_G|A,4321_C|T,4586_C|T,5183_C|T,5826_C|T,6136_T|C,9344_C|T,9424_A|G,9534_C|T,9866_C|T,10029_C|T,10198_C|T,10447_G|A,10449_C|A,12444_A|G,12574_T|C,12880_C|T,14408_C|T,15451_G|A,15714_C|T,17410_C|T,17439_C|T,18163_A|G,18267_C|T,18583_G|A,19955_C|T,20055_A|G,21618_C|T,22001_A|G,22016_T|C,22033_C|A,22190_A|G,22200_T|G,22331_G|A,22577_G|C,22578_G|A,22599_G|C,22674_C|T,22679_T|C,22686_C|T,22688_A|G,22775_G|A,22786_A|C,22813_G|T,22882_T|G,22898_G|A,22942_T|G,22992_G|A,22995_C|A,23031_T|C,23055_A|G,23063_A|T,23075_T|C,23403_A|G,23525_C|T,23599_T|G,23604_C|A,23635_C|T,23854_C|A,23948_G|T,24424_A|T,24469_T|A,25000_C|T,25416_C|T,25584_C|T,26060_C|T,26270_C|T,26275_A|G,26577_C|G,26709_G|A,26858_C|T,27092_C|T,27259_A|C,27382_G|C,27384_T|C,27706_G|A,27807_C|T,28271_A|T,28311_C|T,28881_G|A,29510_A|C,11288_11296,21633_21641,28362_28370,29734_29759
OY160573	XBK	221_T|C,241_C|T,670_T|G,1400_G|A,1627_C|T,2701_C|T,2790_C|T,3037_C|T,3796_C|T,3927_C|T,4184_G|A,4321_C|T,4586_C|T,5183_C|T,5826_C|T,5972_G|A,6136_T|C,9344_C|T,9424_A|G,9534_C|T,9866_C|T,10029_C|T,10198_C|T,10447_G|A,10449_C|A,12444_A|G,12574_T|C,12880_C|T,14408_C|T,15451_G|A,15714_C|T,16308_C|T,16722_A|G,17410_C|T,17439_C|T,17895_T|C,18163_A|G,18267_C|T,18583_G|A,19955_C|T,20055_A|G,21618_C|T,22001_A|G,22016_T|C,22033_C|A,22190_A|G,22200_T|G,22331_G|A,22577_G|C,22578_G|A,22599_G|C,22674_C|T,22679_T|C,22686_C|T,22688_A|G,22775_G|A,22786_A|C,22882_T|G,22898_G|A,22942_T|G,22992_G|A,22995_C|A,23031_T|C,23055_A|G,23063_A|T,23075_T|C,23403_A|G,23525_C|T,23599_T|G,23604_C|A,23635_C|T,23854_C|A,23948_G|T,24424_A|T,24469_T|A,24990_C|T,25000_C|T,25416_C|T,25584_C|T,26060_C|T,26270_C|T,26275_A|G,26577_C|G,26709_G|A,26858_C|T,27092_C|T,27259_A|C,27382_G|C,27384_T|C,27706_G|A,27807_C|T,28271_A|T,28311_C|T,28881_G|A,29510_A|C,11288_11296,21633_21641,28362_28370,29734_29759
OY167296	XBK	221_T|C,241_C|T,670_T|G,1627_C|T,2044_C|T,2701_C|T,2790_C|T,3037_C|T,3796_C|T,3927_C|T,4184_G|A,4321_C|T,4586_C|T,5183_C|T,5826_C|T,6136_T|C,9344_C|T,9424_A|G,9534_C|T,9866_C|T,10029_C|T,10198_C|T,10447_G|A,10449_C|A,10798_C|T,12444_A|G,12574_T|C,12880_C|T,14408_C|T,15451_G|A,15714_C|T,17410_C|T,18163_A|G,18267_C|T,18583_G|A,19955_C|T,20055_A|G,21987_G|A,22001_A|G,22016_T|C,22033_C|A,22190_A|G,22200_T|G,22331_G|A,22577_G|C,22578_G|A,22599_G|C,22674_C|T,22679_T|C,22686_C|T,22688_A|G,22775_G|A,22786_A|C,22813_G|T,22882_T|G,22898_G|A,22942_T|G,22992_G|A,22995_C|A,23013_A|C,23018_T|C,23019_T|C,23031_T|C,23055_A|G,23063_A|T,23075_T|C,23403_A|G,23525_C|T,23599_T|G,23604_C|A,23635_C|T,23854_C|A,23948_G|T,24424_A|T,24469_T|A,25000_C|T,25416_C|T,25584_C|T,26060_C|T,26110_C|T,26270_C|T,26275_A|G,26577_C|G,26709_G|A,26858_C|T,27092_C|T,27259_A|C,27382_G|C,27383_A|T,27384_T|C,27706_G|A,27807_C|T,28271_A|T,28311_C|T,28881_G|A,28882_G|A,28883_G|C,29510_A|C,11288_11296,21633_21641,28362_28370
OY167531	XBK	221_T|C,241_C|T,670_T|G,1627_C|T,2044_C|T,2701_C|T,2790_C|T,2972_G|A,3037_C|T,3796_C|T,3927_C|T,4184_G|A,4321_C|T,4586_C|T,5183_C|T,5826_C|T,6136_T|C,8275_T|C,9344_C|T,9424_A|G,9534_C|T,9866_C|T,10029_C|T,10198_C|T,10447_G|A,10449_C|A,10615_C|T,12444_A|G,12574_T|C,12880_C|T,14408_C|T,15451_G|A,15714_C|T,17410_C|T,18163_A|G,18267_C|T,18583_G|A,19955_C|T,20055_A|G,21618_C|T,21987_G|A,22001_A|G,22016_T|C,22033_C|A,22107_A|C,22190_A|G,22200_T|G,22331_G|A,22577_G|C,22578_G|A,22599_G|C,22674_C|T,22679_T|C,22686_C|T,22688_A|G,22775_G|A,22786_A|C,22813_G|T,22882_T|G,22898_G|A,22942_T|G,22992_G|A,22995_C|A,23013_A|C,23018_T|C,23019_T|C,23031_T|C,23055_A|G,23063_A|T,23075_T|C,23403_A|G,23525_C|T,23599_T|G,23604_C|A,23635_C|T,23854_C|A,23948_G|T,24424_A|T,24469_T|A,25000_C|T,25416_C|T,25584_C|T,25759_A|T,26060_C|T,26270_C|T,26275_A|G,26577_C|G,26709_G|A,26858_C|T,27092_C|T,27259_A|C,27382_G|C,27383_A|T,27384_T|C,27706_G|A,27807_C|T,28271_A|T,28311_C|T,28881_G|A,28882_G|A,28883_G|C,29510_A|C,11288_11296,21633_21641,28090_28095,28362_28370,29734_29759
OY169854	XBK	221_T|C,241_C|T,670_T|G,1627_C|T,2701_C|T,2790_C|T,3037_C|T,3796_C|T,3927_C|T,4184_G|A,4321_C|T,4331_C|T,4586_C|T,4898_C|T,5183_C|T,6114_C|T,6136_T|C,6422_G|A,9344_C|T,9424_A|G,9534_C|T,9866_C|T,10029_C|T,10198_C|T,10447_G|A,10449_C|A,12410_A|G,12444_A|G,12574_T|C,12880_C|T,14408_C|T,15451_G|A,15714_C|T,17410_C|T,18163_A|G,18267_C|T,18583_G|A,19955_C|T,20055_A|G,21618_C|T,21987_G|A,22001_A|G,22016_T|C,22033_C|A,22190_A|G,22200_T|G,22331_G|A,22577_G|C,22578_G|A,22599_G|C,22674_C|T,22679_T|C,22686_C|T,22688_A|G,22775_G|A,22786_A|C,22813_G|T,22882_T|G,22898_G|A,22942_T|G,22992_G|A,22995_C|A,23013_A|C,23018_T|C,23019_T|C,23031_T|C,23055_A|G,23063_A|T,23075_T|C,23403_A|G,23525_C|T,23599_T|G,23604_C|A,23635_C|T,23683_C|T,23854_C|A,23948_G|T,24424_A|T,24469_T|A,25000_C|T,25416_C|T,25584_C|T,26060_C|T,26270_C|T,26275_A|G,26577_C|G,26709_G|A,26858_C|T,27092_C|T,27259_A|C,27382_G|C,27383_A|T,27384_T|C,27807_C|T,28271_A|T,28311_C|T,28881_G|A,28882_G|A,28883_G|C,29510_A|C,11288_11296,21633_21641,28362_28370,29734_29759
OY178216	XBK	221_T|C,241_C|T,670_T|G,1627_C|T,2044_C|T,2701_C|T,2790_C|T,3037_C|T,3796_C|T,3927_C|T,4184_G|A,4321_C|T,4586_C|T,5183_C|T,5826_C|T,6136_T|C,9344_C|T,9424_A|G,9534_C|T,9866_C|T,10029_C|T,10198_C|T,10447_G|A,10449_C|A,10798_C|T,12444_A|G,12574_T|C,12880_C|T,14408_C|T,15451_G|A,15714_C|T,17410_C|T,18163_A|G,18267_C|T,18583_G|A,19955_C|T,20055_A|G,21987_G|A,22016_T|C,22033_C|A,22190_A|G,22200_T|G,22331_G|A,22577_G|C,22578_G|A,22599_G|C,22674_C|T,22679_T|C,22686_C|T,22688_A|G,22775_G|A,22786_A|C,22813_G|T,22882_T|G,22898_G|A,22942_T|G,22992_G|A,22995_C|A,23013_A|C,23018_T|C,23019_T|C,23031_T|C,23055_A|G,23063_A|T,23075_T|C,23403_A|G,23525_C|T,23599_T|G,23604_C|A,23635_C|T,23854_C|A,23948_G|T,24424_A|T,24469_T|A,25000_C|T,25416_C|T,25584_C|T,26060_C|T,26110_C|T,26270_C|T,26275_A|G,26577_C|G,26709_G|A,26858_C|T,27092_C|T,27259_A|C,27382_G|C,27383_A|T,27384_T|C,27706_G|A,27807_C|T,28271_A|T,28311_C|T,28881_G|A,28882_G|A,28883_G|C,29510_A|C,11288_11296,21633_21641,28362_28370
OY180534	XBK	123_C|T,241_C|T,670_T|G,1627_C|T,2790_C|T,3037_C|T,3796_C|T,3927_C|T,4184_G|A,4321_C|T,4586_C|T,5183_C|T,9170_C|T,9344_C|T,9424_A|G,9534_C|T,9866_C|T,10029_C|T,10198_C|T,10447_G|A,10449_C|A,12444_A|G,12574_T|C,12880_C|T,14408_C|T,15451_G|A,15714_C|T,17410_C|T,18163_A|G,18583_G|A,19955_C|T,20055_A|G,21618_C|T,22001_A|G,22016_T|C,22033_C|A,22190_A|G,22200_T|G,22331_G|A,22577_G|C,22578_G|A,22599_G|C,22674_C|T,22679_T|C,22686_C|T,22688_A|G,22775_G|A,22786_A|C,22813_G|T,22882_T|G,22898_G|A,22942_T|G,22992_G|A,22995_C|A,23013_A|C,23018_T|C,23019_T|C,23031_T|C,23055_A|G,23063_A|T,23075_T|C,23403_A|G,23525_C|T,23599_T|G,23604_C|A,23854_C|A,23948_G|T,24424_A|T,24469_T|A,25416_C|T,25584_C|T,25661_T|C,26060_C|T,26270_C|T,26275_A|G,26709_G|A,26858_C|T,27259_A|C,27288_T|C,27382_G|C,27383_A|T,27384_T|C,27807_C|T,28271_A|T,28311_C|T,28881_G|A,28882_G|A,28883_G|C,29510_A|C,11288_11296,21633_21641,28362_28370,29734_29759
OY182080	XBK	44_C|T,221_T|C,241_C|T,670_T|G,1627_C|T,2701_C|T,2790_C|T,3037_C|T,3796_C|T,3927_C|T,4184_G|A,4321_C|T,4586_C|T,5183_C|T,6136_T|C,9344_C|T,9424_A|G,9534_C|T,9866_C|T,10029_C|T,10198_C|T,10447_G|A,10449_C|A,12444_A|G,12574_T|C,12880_C|T,14408_C|T,15451_G|A,15714_C|T,17410_C|T,18163_A|G,18267_C|T,18583_G|A,19955_C|T,20055_A|G,21618_C|T,21987_G|A,22001_A|G,22016_T|C,22033_C|A,22190_A|G,22331_G|A,22577_G|C,22578_G|A,22674_C|T,22679_T|C,22686_C|T,22688_A|G,22775_G|A,22813_G|T,22882_T|G,22898_G|A,22942_T|G,22992_G|A,22995_C|A,23013_A|C,23018_T|C,23019_T|C,23031_T|C,23403_A|G,23525_C|T,23599_T|G,23604_C|A,23635_C|T,23854_C|A,23948_G|T,24381_C|T,24424_A|T,24469_T|A,25000_C|T,25416_C|T,25584_C|T,26060_C|T,26270_C|T,26275_A|G,26577_C|G,26709_G|A,26858_C|T,27092_C|T,27259_A|C,27382_G|C,27383_A|T,27384_T|C,27807_C|T,28271_A|T,28311_C|T,28881_G|A,28882_G|A,28883_G|C,29510_A|C,11288_11296,21633_21641,28362_28370,29734_29759
OY183379	XBK	221_T|C,241_C|T,670_T|G,1627_C|T,2044_C|T,2701_C|T,2790_C|T,2972_G|A,3037_C|T,3796_C|T,3927_C|T,4184_G|A,4321_C|T,4586_C|T,5183_C|T,5826_C|T,6136_T|C,9344_C|T,9424_A|G,9534_C|T,9866_C|T,10029_C|T,10198_C|T,10447_G|A,10449_C|A,12444_A|G,12574_T|C,12880_C|T,13356_C|T,14408_C|T,15451_G|A,15714_C|T,17410_C|T,18163_A|G,18267_C|T,18583_G|A,18997_G|A,19955_C|T,20055_A|G,21618_C|T,22001_A|G,22016_T|C,22033_C|A,22107_A|C,22190_A|G,22200_T|G,22331_G|A,22577_G|C,22578_G|A,22599_G|C,22674_C|T,22679_T|C,22686_C|T,22688_A|G,22775_G|A,22786_A|C,22813_G|T,22882_T|G,22898_G|A,22942_T|G,22992_G|A,22995_C|A,23031_T|C,23055_A|G,23063_A|T,23075_T|C,23403_A|G,23525_C|T,23599_T|G,23604_C|A,23635_C|T,23854_C|A,23948_G|T,24424_A|T,24469_T|A,25000_C|T,25416_C|T,25584_C|T,26060_C|T,26270_C|T,26275_A|G,26577_C|G,26709_G|A,26858_C|T,27092_C|T,27259_A|C,27382_G|C,27384_T|C,27706_G|A,27807_C|T,28271_A|T,28311_C|T,28881_G|A,29510_A|C,11288_11296,21633_21641,28090_28095,28362_28370,29734_29759
OY183413	XBK	44_C|T,221_T|C,241_C|T,670_T|G,1627_C|T,2701_C|T,2790_C|T,3037_C|T,3796_C|T,3927_C|T,4184_G|A,4321_C|T,4586_C|T,5183_C|T,6136_T|C,9344_C|T,9424_A|G,9534_C|T,9866_C|T,10029_C|T,10198_C|T,10447_G|A,10449_C|A,12444_A|G,12574_T|C,12880_C|T,14408_C|T,15451_G|A,15714_C|T,17410_C|T,18163_A|G,18267_C|T,18583_G|A,19955_C|T,20055_A|G,21618_C|T,21987_G|A,22001_A|G,22016_T|C,22033_C|A,22331_G|A,22577_G|C,22578_G|A,22599_G|C,22674_C|T,22679_T|C,22686_C|T,22688_A|G,22775_G|A,22813_G|T,22882_T|G,22898_G|A,22942_T|G,22992_G|A,22995_C|A,23013_A|C,23018_T|C,23019_T|C,23031_T|C,23403_A|G,23525_C|T,23599_T|G,23604_C|A,23635_C|T,23854_C|A,23948_G|T,24381_C|T,24424_A|T,24469_T|A,25000_C|T,25416_C|T,25584_C|T,26060_C|T,26270_C|T,26275_A|G,26577_C|G,26709_G|A,26858_C|T,27092_C|T,27259_A|C,27382_G|C,27383_A|T,27384_T|C,27807_C|T,28271_A|T,28311_C|T,28881_G|A,28882_G|A,28883_G|C,29510_A|C,11288_11296,21633_21641,28362_28370,29734_29759
OY184298	XBK	44_C|T,221_T|C,241_C|T,670_T|G,1627_C|T,2701_C|T,2790_C|T,3037_C|T,3796_C|T,3927_C|T,4184_G|A,4321_C|T,4586_C|T,5183_C|T,6136_T|C,9344_C|T,9424_A|G,9534_C|T,9866_C|T,10029_C|T,10198_C|T,10447_G|A,10449_C|A,12444_A|G,12574_T|C,12880_C|T,14408_C|T,15451_G|A,15714_C|T,17410_C|T,18163_A|G,18267_C|T,18583_G|A,19955_C|T,20055_A|G,20382_A|T,21618_C|T,21987_G|A,22001_A|G,22016_T|C,22033_C|A,22190_A|G,22331_G|A,22577_G|C,22578_G|A,22674_C|T,22679_T|C,22686_C|T,22688_A|G,22775_G|A,22813_G|T,22882_T|G,22898_G|A,22942_T|G,22992_G|A,22995_C|A,23013_A|C,23018_T|C,23019_T|C,23031_T|C,23403_A|G,23525_C|T,23599_T|G,23604_C|A,23635_C|T,23854_C|A,23948_G|T,24424_A|T,24469_T|A,25000_C|T,25416_C|T,25584_C|T,26060_C|T,26270_C|T,26275_A|G,26577_C|G,26709_G|A,26858_C|T,26873_C|T,27092_C|T,27259_A|C,27382_G|C,27383_A|T,27384_T|C,27807_C|T,28271_A|T,28311_C|T,28881_G|A,28882_G|A,28883_G|C,29510_A|C,11288_11296,21633_21641,28362_28370,29734_29759
OY187116	XBK	221_T|C,241_C|T,670_T|G,1627_C|T,2044_C|T,2701_C|T,2790_C|T,3037_C|T,3796_C|T,3927_C|T,4184_G|A,4321_C|T,4586_C|T,5183_C|T,5826_C|T,6136_T|C,9344_C|T,9424_A|G,9534_C|T,9866_C|T,10029_C|T,10198_C|T,10447_G|A,10449_C|A,10798_C|T,12444_A|G,12574_T|C,12880_C|T,14408_C|T,15451_G|A,15714_C|T,17410_C|T,18163_A|G,18267_C|T,18583_G|A,19955_C|T,20055_A|G,21618_C|T,22001_A|G,22016_T|C,22033_C|A,22190_A|G,22200_T|G,22331_G|A,22577_G|C,22578_G|A,22599_G|C,22674_C|T,22679_T|C,22686_C|T,22688_A|G,22775_G|A,22786_A|C,22813_G|T,22882_T|G,22898_G|A,22942_T|G,22992_G|A,22995_C|A,23013_A|C,23018_T|C,23019_T|C,23031_T|C,23055_A|G,23063_A|T,23075_T|C,23403_A|G,23525_C|T,23599_T|G,23604_C|A,23635_C|T,23854_C|A,23948_G|T,24424_A|T,24469_T|A,25416_C|T,25584_C|T,26060_C|T,26270_C|T,26275_A|G,26709_G|A,26858_C|T,27092_C|T,27259_A|C,27382_G|C,27383_A|T,27384_T|C,27706_G|A,27807_C|T,28271_A|T,28311_C|T,28465_T|C,28881_G|A,28882_G|A,28883_G|C,29510_A|C,11288_11296,21633_21641,28362_28370,29734_29759
OY187902	XBK	221_T|C,241_C|T,670_T|G,1627_C|T,2044_C|T,2701_C|T,2790_C|T,3037_C|T,3796_C|T,3927_C|T,4184_G|A,4321_C|T,4586_C|T,5183_C|T,5826_C|T,6136_T|C,9344_C|T,9424_A|G,9534_C|T,9866_C|T,10029_C|T,10198_C|T,10447_G|A,10449_C|A,10798_C|T,12444_A|G,12574_T|C,12880_C|T,14408_C|T,15451_G|A,15714_C|T,17410_C|T,18163_A|G,18267_C|T,18583_G|A,19955_C|T,20055_A|G,21618_C|T,21987_G|A,22001_A|G,22016_T|C,22033_C|A,22190_A|G,22200_T|G,22331_G|A,22577_G|C,22578_G|A,22599_G|C,22674_C|T,22679_T|C,22686_C|T,22688_A|G,22775_G|A,22786_A|C,22813_G|T,22882_T|G,22898_G|A,22942_T|G,22992_G|A,22995_C|A,23013_A|C,23018_T|C,23019_T|C,23031_T|C,23055_A|G,23063_A|T,23075_T|C,23403_A|G,23525_C|T,23599_T|G,23604_C|A,23635_C|T,23854_C|A,23948_G|T,24424_A|T,24469_T|A,25000_C|T,25416_C|T,25584_C|T,26060_C|T,26110_C|T,26270_C|T,26275_A|G,26577_C|G,26709_G|A,26858_C|T,27092_C|T,27259_A|C,27382_G|C,27383_A|T,27384_T|C,27706_G|A,27807_C|T,28271_A|T,28311_C|T,28881_G|A,28882_G|A,28883_G|C,29510_A|C,11288_11296,21633_21641,28362_28370
OY188021	XBK	221_T|C,241_C|T,670_T|G,1627_C|T,2044_C|T,2701_C|T,2790_C|T,3037_C|T,3538_A|G,3796_C|T,3927_C|T,4184_G|A,4321_C|T,4586_C|T,5183_C|T,5826_C|T,6136_T|C,9344_C|T,9424_A|G,9534_C|T,9866_C|T,10029_C|T,10198_C|T,10447_G|A,10449_C|A,10798_C|T,12444_A|G,12574_T|C,12880_C|T,14408_C|T,15451_G|A,15714_C|T,17410_C|T,18163_A|G,18267_C|T,18583_G|A,19955_C|T,20055_A|G,21618_C|T,21987_G|A,22001_A|G,22016_T|C,22033_C|A,22190_A|G,22200_T|G,22331_G|A,22577_G|C,22578_G|A,22599_G|C,22674_C|T,22679_T|C,22686_C|T,22688_A|G,22775_G|A,22786_A|C,22813_G|T,22882_T|G,22898_G|A,22942_T|G,22992_G|A,22995_C|A,23013_A|C,23018_T|C,23019_T|C,23031_T|C,23055_A|G,23063_A|T,23075_T|C,23403_A|G,23525_C|T,23599_T|G,23604_C|A,23635_C|T,23854_C|A,23948_G|T,24424_A|T,24469_T|A,25000_C|T,25416_C|T,25584_C|T,26060_C|T,26110_C|T,26192_C|A,26270_C|T,26275_A|G,26577_C|G,26709_G|A,26858_C|T,27092_C|T,27259_A|C,27382_G|C,27383_A|T,27384_T|C,27706_G|A,27708_G|T,27807_C|T,28271_A|T,28311_C|T,28881_G|A,28882_G|A,28883_G|C,29510_A|C,11288_11296,21633_21641,28362_28370
OY188907	XBK	44_C|T,221_T|C,241_C|T,536_G|A,670_T|G,1627_C|T,2701_C|T,2790_C|T,3037_C|T,3796_C|T,3927_C|T,4184_G|A,4321_C|T,4586_C|T,5183_C|T,6136_T|C,9344_C|T,9424_A|G,9534_C|T,9866_C|T,10029_C|T,10198_C|T,10447_G|A,10449_C|A,12444_A|G,12574_T|C,12880_C|T,14408_C|T,15451_G|A,15714_C|T,15738_C|T,16993_T|C,17410_C|T,18163_A|G,18583_G|A,19955_C|T,20055_A|G,21618_C|T,21987_G|A,22001_A|G,22016_T|C,22033_C|A,22190_A|G,22200_T|G,22331_G|A,22577_G|C,22578_G|A,22599_G|C,22674_C|T,22679_T|C,22686_C|T,22688_A|G,22775_G|A,22786_A|C,22813_G|T,22882_T|G,22898_G|A,22942_T|G,22992_G|A,22995_C|A,23013_A|C,23018_T|C,23019_T|C,23031_T|C,23403_A|G,23525_C|T,23599_T|G,23604_C|A,23635_C|T,23854_C|A,23948_G|T,24424_A|T,24469_T|A,25000_C|T,25416_C|T,25514_T|A,25584_C|T,26060_C|T,26270_C|T,26275_A|G,26577_C|G,26709_G|A,26858_C|T,27259_A|C,27382_G|C,27383_A|T,27384_T|C,27807_C|T,28271_A|T,28311_C|T,28881_G|A,28882_G|A,28883_G|C,29510_A|C,11288_11296,21633_21641,28362_28370,29734_29759
OY192091	XBK	221_T|C,241_C|T,670_T|G,1627_C|T,2701_C|T,3037_C|T,3117_C|T,3796_C|T,3927_C|T,4184_G|A,4321_C|T,4586_C|T,5183_C|T,6113_C|T,6136_T|C,9344_C|T,9424_A|G,9534_C|T,9866_C|T,10029_C|T,10198_C|T,10447_G|A,10449_C|A,12444_A|G,12574_T|C,12880_C|T,14408_C|T,15451_G|A,15714_C|T,16073_C|T,17410_C|T,18163_A|G,18267_C|T,18583_G|A,18732_T|C,19955_C|T,20055_A|G,21015_T|C,21618_C|T,21987_G|A,22001_A|G,22016_T|C,22033_C|A,22190_A|G,22200_T|G,22331_G|A,22577_G|C,22578_G|A,22599_G|C,22674_C|T,22679_T|C,22686_C|T,22688_A|G,22775_G|A,22813_G|T,22882_T|G,22898_G|A,22942_T|G,22992_G|A,22995_C|A,23013_A|C,23018_T|C,23019_T|C,23031_T|C,23055_A|G,23063_A|T,23075_T|C,23403_A|G,23525_C|T,23599_T|G,23604_C|A,23635_C|T,23854_C|A,23948_G|T,24424_A|T,24469_T|A,25000_C|T,25416_C|T,25584_C|T,26060_C|T,26270_C|T,26275_A|G,26577_C|G,26709_G|A,26858_C|T,27092_C|T,27259_A|C,27382_G|C,27383_A|T,27384_T|C,27807_C|T,28271_A|T,28311_C|T,28881_G|A,28882_G|A,28883_G|C,29200_C|T,29510_A|C,11288_11296,21633_21641,28362_28370,29734_29759
OY192673	XBK	221_T|C,241_C|T,670_T|G,1627_C|T,2701_C|T,2790_C|T,3037_C|T,3796_C|T,3927_C|T,4184_G|A,4321_C|T,4898_C|T,5183_C|T,6136_T|C,9344_C|T,9424_A|G,9534_C|T,9866_C|T,10029_C|T,10198_C|T,10447_G|A,10449_C|A,12410_A|G,12444_A|G,12574_T|C,12880_C|T,14408_C|T,15451_G|A,15714_C|T,17410_C|T,18163_A|G,18267_C|T,18583_G|A,19955_C|T,20055_A|G,21618_C|T,21987_G|A,22001_A|G,22016_T|C,22033_C|A,22073_G|A,22190_A|G,22200_T|G,22331_G|A,22577_G|C,22578_G|A,22599_G|C,22674_C|T,22679_T|C,22686_C|T,22688_A|G,22775_G|A,22882_T|G,22898_G|A,22942_T|G,22992_G|A,22995_C|A,23013_A|C,23018_T|C,23019_T|C,23031_T|C,23055_A|G,23063_A|T,23075_T|C,23403_A|G,23525_C|T,23599_T|G,23604_C|A,23854_C|A,23948_G|T,24424_A|T,24469_T|A,25000_C|T,25416_C|T,25584_C|T,26060_C|T,26270_C|T,26275_A|G,26577_C|G,26709_G|A,26858_C|T,27092_C|T,27259_A|C,27382_G|C,27383_A|T,27384_T|C,27807_C|T,28271_A|T,28311_C|T,28881_G|A,28882_G|A,28883_G|C,29510_A|C,11288_11296,21633_21641,28362_28370,29734_29759
OY196556	XBK	241_C|T,670_T|G,1627_C|T,2790_C|T,3037_C|T,3796_C|T,3927_C|T,4184_G|A,4321_C|T,4586_C|T,5183_C|T,9344_C|T,9424_A|G,9534_C|T,9866_C|T,10029_C|T,10198_C|T,10447_G|A,10449_C|A,12444_A|G,12574_T|C,12880_C|T,14408_C|T,15451_G|A,15714_C|T,17410_C|T,18163_A|G,18464_C|T,18583_G|A,19955_C|T,20055_A|G,21618_C|T,21987_G|A,22001_A|G,22016_T|C,22033_C|A,22190_A|G,22200_T|G,22205_G|C,22331_G|A,22577_G|C,22578_G|A,22599_G|C,22674_C|T,22679_T|C,22686_C|T,22688_A|G,22775_G|A,22786_A|C,22813_G|T,22882_T|G,22898_G|A,22942_T|G,22992_G|A,22995_C|A,23013_A|C,23018_T|C,23019_T|C,23031_T|C,23055_A|G,23063_A|T,23075_T|C,23403_A|G,23525_C|T,23599_T|G,23604_C|A,23854_C|A,23948_G|T,24424_A|T,24469_T|A,25000_C|T,25416_C|T,25584_C|T,26060_C|T,26270_C|T,26275_A|G,26577_C|G,26709_G|A,26858_C|T,27259_A|C,27382_G|C,27383_A|T,27384_T|C,27807_C|T,28144_T|C,28271_A|T,28311_C|T,28881_G|A,28882_G|A,28883_G|C,29386_C|A,29510_A|C,11288_11296,21633_21641,28362_28370,29734_29759
OY205127	XBK	221_T|C,241_C|T,670_T|G,1627_C|T,2701_C|T,2790_C|T,3037_C|T,3796_C|T,3927_C|T,4184_G|A,4321_C|T,4586_C|T,5183_C|T,6136_T|C,9344_C|T,9424_A|G,9534_C|T,9866_C|T,10029_C|T,10198_C|T,10447_G|A,10449_C|A,12444_A|G,12574_T|C,12880_C|T,14408_C|T,15451_G|A,15714_C|T,17410_C|T,18163_A|G,18267_C|T,18583_G|A,19955_C|T,20055_A|G,20739_T|C,21618_C|T,21987_G|A,22001_A|G,22016_T|C,22033_C|A,22190_A|G,22200_T|G,22331_G|A,22577_G|C,22578_G|A,22599_G|C,22674_C|T,22679_T|C,22686_C|T,22688_A|G,22775_G|A,22813_G|T,22882_T|G,22898_G|A,22942_T|G,22992_G|A,22995_C|A,23013_A|C,23018_T|C,23019_T|C,23031_T|C,23055_A|G,23063_A|T,23075_T|C,23403_A|G,23525_C|T,23599_T|G,23604_C|A,23635_C|T,23854_C|A,23948_G|T,24424_A|T,24469_T|A,25000_C|T,25416_C|T,25584_C|T,26060_C|T,26270_C|T,26275_A|G,26709_G|A,26858_C|T,27259_A|C,27382_G|C,27383_A|T,27384_T|C,27738_A|G,27807_C|T,28271_A|T,28311_C|T,28881_G|A,28882_G|A,28883_G|C,29510_A|C,11288_11296,21633_21641,28362_28370,29734_29759
OY205233	XBK	221_T|C,241_C|T,670_T|G,1627_C|T,2701_C|T,2790_C|T,3037_C|T,3796_C|T,3927_C|T,4184_G|A,4321_C|T,4586_C|T,5183_C|T,6136_T|C,9344_C|T,9424_A|G,9534_C|T,9866_C|T,10029_C|T,10198_C|T,10447_G|A,10449_C|A,12444_A|G,12574_T|C,12880_C|T,14408_C|T,15451_G|A,15714_C|T,17410_C|T,18163_A|G,18267_C|T,18583_G|A,19955_C|T,20055_A|G,20739_T|C,21618_C|T,21987_G|A,22001_A|G,22016_T|C,22033_C|A,22190_A|G,22200_T|G,22331_G|A,22577_G|C,22578_G|A,22599_G|C,22674_C|T,22679_T|C,22686_C|T,22688_A|G,22775_G|A,22813_G|T,22882_T|G,22898_G|A,22942_T|G,22992_G|A,22995_C|A,23013_A|C,23018_T|C,23019_T|C,23031_T|C,23055_A|G,23063_A|T,23075_T|C,23403_A|G,23525_C|T,23599_T|G,23604_C|A,23635_C|T,23854_C|A,23948_G|T,24424_A|T,24469_T|A,25000_C|T,25416_C|T,25584_C|T,26060_C|T,26270_C|T,26275_A|G,26709_G|A,26858_C|T,27259_A|C,27382_G|C,27383_A|T,27384_T|C,27738_A|G,27807_C|T,28271_A|T,28311_C|T,28881_G|A,28882_G|A,28883_G|C,29510_A|C,11288_11296,21633_21641,28362_28370,29734_29759
OY218053	XBK	221_T|C,241_C|T,670_T|G,1627_C|T,1823_G|A,2044_C|T,2701_C|T,2790_C|T,3037_C|T,3796_C|T,3927_C|T,4184_G|A,4321_C|T,4586_C|T,5183_C|T,5826_C|T,6136_T|C,9344_C|T,9424_A|G,9534_C|T,9866_C|T,10029_C|T,10198_C|T,10447_G|A,10449_C|A,12444_A|G,12574_T|C,12880_C|T,13216_T|C,14408_C|T,15451_G|A,15714_C|T,17410_C|T,18163_A|G,18267_C|T,18395_C|T,18583_G|A,19524_C|T,19955_C|T,20055_A|G,21618_C|T,22001_A|G,22016_T|C,22033_C|A,22200_T|G,22331_G|A,22577_G|C,22578_G|A,22599_G|C,22674_C|T,22679_T|C,22686_C|T,22688_A|G,22775_G|A,22786_A|C,22813_G|T,22882_T|G,22898_G|A,22942_T|G,22992_G|A,22995_C|A,23013_A|C,23018_T|C,23019_T|C,23031_T|C,23055_A|G,23063_A|T,23075_T|C,23403_A|G,23525_C|T,23599_T|G,23604_C|A,23635_C|T,23854_C|A,23948_G|T,24424_A|T,24469_T|A,25000_C|T,25416_C|T,25584_C|T,26060_C|T,26270_C|T,26275_A|G,26577_C|G,26709_G|A,26858_C|T,27092_C|T,27259_A|C,27382_G|C,27383_A|T,27384_T|C,27706_G|A,27807_C|T,28271_A|T,28311_C|T,28881_G|A,28882_G|A,28883_G|C,29510_A|C,11288_11296,21633_21641,28362_28370,29734_29759
OY221091	XBK	221_T|C,241_C|T,670_T|G,1627_C|T,2701_C|T,2790_C|T,3037_C|T,3796_C|T,3927_C|T,4184_G|A,4321_C|T,4586_C|T,5183_C|T,6113_C|T,6136_T|C,9344_C|T,9424_A|G,9534_C|T,9866_C|T,10029_C|T,10198_C|T,10447_G|A,10449_C|A,12444_A|G,12574_T|C,12880_C|T,14408_C|T,15451_G|A,15714_C|T,17410_C|T,18163_A|G,18267_C|T,18583_G|A,19955_C|T,20055_A|G,21618_C|T,21987_G|A,22001_A|G,22016_T|C,22033_C|A,22190_A|G,22200_T|G,22331_G|A,22577_G|C,22578_G|A,22599_G|C,22674_C|T,22679_T|C,22686_C|T,22688_A|G,22775_G|A,22813_G|T,22882_T|G,22898_G|A,22942_T|G,22992_G|A,22995_C|A,23013_A|C,23018_T|C,23019_T|C,23031_T|C,23055_A|G,23063_A|T,23075_T|C,23403_A|G,23525_C|T,23599_T|G,23604_C|A,23635_C|T,23854_C|A,23948_G|T,24424_A|T,24469_T|A,24796_T|C,25000_C|T,25416_C|T,25584_C|T,26060_C|T,26270_C|T,26275_A|G,26577_C|G,26709_G|A,26858_C|T,27092_C|T,27259_A|C,27382_G|C,27383_A|T,27384_T|C,27807_C|T,28271_A|T,28311_C|T,28881_G|A,28882_G|A,28883_G|C,29200_C|T,29510_A|C,11288_11296,21633_21641,28362_28370,29734_29759
OY229358	XBK	221_T|C,241_C|T,670_T|G,1601_C|T,1627_C|T,2701_C|T,2790_C|T,3037_C|T,3796_C|T,3927_C|T,4184_G|A,4321_C|T,4586_C|T,5183_C|T,6136_T|C,9344_C|T,9424_A|G,9534_C|T,9866_C|T,10029_C|T,10198_C|T,10447_G|A,10449_C|A,12444_A|G,12574_T|C,12880_C|T,14408_C|T,15451_G|A,15714_C|T,17410_C|T,18163_A|G,18583_G|A,19260_T|A,19955_C|T,20055_A|G,21618_C|T,21987_G|A,22001_A|G,22016_T|C,22033_C|A,22190_A|G,22200_T|G,22264_C|T,22331_G|A,22577_G|C,22578_G|A,22599_G|C,22674_C|T,22679_T|C,22686_C|T,22688_A|G,22775_G|A,22786_A|C,22813_G|T,22882_T|G,22898_G|A,22942_T|G,22992_G|A,22995_C|A,23013_A|C,23018_T|C,23019_T|C,23031_T|C,23055_A|G,23063_A|T,23075_T|C,23403_A|G,23525_C|T,23599_T|G,23604_C|A,23635_C|T,23854_C|A,23948_G|T,24424_A|T,24469_T|A,25000_C|T,25416_C|T,25584_C|T,26060_C|T,26270_C|T,26275_A|G,26577_C|G,26709_G|A,26858_C|T,27259_A|C,27382_G|C,27383_A|T,27384_T|C,27798_G|A,27807_C|T,28271_A|T,28311_C|T,28657_C|T,28881_G|A,28882_G|A,28883_G|C,29086_A|G,29510_A|C,516_518,11288_11296,21633_21641,28362_28370
OY230139	XBK	221_T|C,241_C|T,321_C|A,670_T|G,1627_C|T,2044_C|T,2701_C|T,2790_C|T,2972_G|A,3037_C|T,3796_C|T,3927_C|T,4184_G|A,4321_C|T,4586_C|T,5183_C|T,5826_C|T,6136_T|C,9344_C|T,9424_A|G,9534_C|T,9866_C|T,10029_C|T,10198_C|T,10447_G|A,10449_C|A,12444_A|G,12574_T|C,12880_C|T,13356_C|T,14408_C|T,15451_G|A,15714_C|T,17410_C|T,18163_A|G,18267_C|T,18583_G|A,18997_G|A,19955_C|T,20055_A|G,21618_C|T,21987_G|A,22001_A|G,22016_T|C,22033_C|A,22107_A|C,22190_A|G,22200_T|G,22331_G|A,22577_G|C,22578_G|A,22599_G|C,22674_C|T,22679_T|C,22686_C|T,22688_A|G,22775_G|A,22786_A|C,22813_G|T,22882_T|G,22898_G|A,22942_T|G,22992_G|A,22995_C|A,23013_A|C,23018_T|C,23019_T|C,23031_T|C,23055_A|G,23063_A|T,23075_T|C,23403_A|G,23525_C|T,23599_T|G,23604_C|A,23635_C|T,23854_C|A,23948_G|T,24424_A|T,24469_T|A,25000_C|T,25416_C|T,25584_C|T,26060_C|T,26270_C|T,26275_A|G,26577_C|G,26709_G|A,26858_C|T,27092_C|T,27259_A|C,27382_G|C,27383_A|T,27384_T|C,27706_G|A,27807_C|T,28271_A|T,28311_C|T,28881_G|A,28882_G|A,28883_G|C,29510_A|C,42_44,11288_11296,21633_21641,28090_28095,28362_28370,29734_29759,29836_.|N,29844_.|T
OY231013	XBK	221_T|C,241_C|T,670_T|G,1627_C|T,2790_C|T,3037_C|T,3927_C|T,4184_G|A,4321_C|T,4586_C|T,5183_C|T,6136_T|C,9344_C|T,9424_A|G,9534_C|T,9866_C|T,10198_C|T,10447_G|A,10449_C|A,12444_A|G,12574_T|C,12880_C|T,15451_G|A,15714_C|T,17410_C|T,18163_A|G,18583_G|A,19955_C|T,20055_A|G,20382_A|T,21618_C|T,21987_G|A,22001_A|G,22016_T|C,22033_C|A,22190_A|G,22331_G|A,22577_G|C,22578_G|A,22599_G|C,22674_C|T,22679_T|C,22686_C|T,22688_A|G,22775_G|A,22813_G|T,22882_T|G,22898_G|A,22942_T|G,22992_G|A,22995_C|A,23013_A|C,23018_T|C,23019_T|C,23031_T|C,23403_A|G,23525_C|T,23599_T|G,23604_C|A,23635_C|T,23854_C|A,23948_G|T,24424_A|T,24469_T|A,25000_C|T,25416_C|T,25584_C|T,26060_C|T,26270_C|T,26275_A|G,26577_C|G,26709_G|A,26858_C|T,26873_C|T,27092_C|T,27259_A|C,27807_C|T,28271_A|T,28311_C|T,28881_G|A,29510_A|C,11288_11296,21633_21641,28362_28370,29734_29759
OY233232	XBK	221_T|C,241_C|T,670_T|G,1627_C|T,2044_C|T,2701_C|T,2790_C|T,3037_C|T,3796_C|T,3927_C|T,4184_G|A,4321_C|T,4586_C|T,5183_C|T,5826_C|T,6136_T|C,9344_C|T,9424_A|G,9534_C|T,9866_C|T,10029_C|T,10198_C|T,10447_G|A,10449_C|A,10798_C|T,12444_A|G,12574_T|C,12880_C|T,14408_C|T,15451_G|A,15714_C|T,17410_C|T,18163_A|G,18267_C|T,18583_G|A,19955_C|T,20055_A|G,21987_G|A,22001_A|G,22016_T|C,22033_C|A,22190_A|G,22200_T|G,22331_G|A,22577_G|C,22578_G|A,22599_G|C,22674_C|T,22679_T|C,22686_C|T,22688_A|G,22775_G|A,22786_A|C,22813_G|T,22882_T|G,22898_G|A,22942_T|G,22992_G|A,22995_C|A,23013_A|C,23018_T|C,23019_T|C,23031_T|C,23055_A|G,23063_A|T,23075_T|C,23403_A|G,23525_C|T,23599_T|G,23604_C|A,23635_C|T,23854_C|A,23948_G|T,24424_A|T,24469_T|A,25000_C|T,25416_C|T,25584_C|T,26060_C|T,26110_C|T,26270_C|T,26275_A|G,26577_C|G,26709_G|A,26858_C|T,27092_C|T,27259_A|C,27382_G|C,27383_A|T,27384_T|C,27706_G|A,27807_C|T,28019_T|C,28271_A|T,28311_C|T,28881_G|A,28882_G|A,28883_G|C,29510_A|C,11288_11296,21633_21641,28362_28370
OY234216	XBK	221_T|C,241_C|T,670_T|G,1627_C|T,2701_C|T,2790_C|T,3037_C|T,3476_G|A,3796_C|T,3927_C|T,4184_G|A,4321_C|T,4586_C|T,5183_C|T,6136_T|C,9344_C|T,9360_C|T,9424_A|G,9534_C|T,9866_C|T,10029_C|T,10198_C|T,10447_G|A,10449_C|A,12444_A|G,12574_T|C,12880_C|T,14408_C|T,15451_G|A,15714_C|T,17410_C|T,18163_A|G,18583_G|A,19260_T|A,19955_C|T,20055_A|G,21618_C|T,21987_G|A,22001_A|G,22016_T|C,22033_C|A,22190_A|G,22200_T|G,22264_C|T,22331_G|A,22577_G|C,22578_G|A,22599_G|C,22674_C|T,22679_T|C,22686_C|T,22688_A|G,22775_G|A,22786_A|C,22813_G|T,22882_T|G,22898_G|A,22942_T|G,22992_G|A,22995_C|A,23013_A|C,23018_T|C,23019_T|C,23031_T|C,23055_A|G,23063_A|T,23075_T|C,23403_A|G,23525_C|T,23599_T|G,23604_C|A,23635_C|T,23854_C|A,23948_G|T,24424_A|T,24469_T|A,25000_C|T,25416_C|T,25584_C|T,26060_C|T,26270_C|T,26275_A|G,26577_C|G,26709_G|A,26858_C|T,27259_A|C,27382_G|C,27383_A|T,27384_T|C,27798_G|A,27807_C|T,28271_A|T,28311_C|T,28881_G|A,28882_G|A,28883_G|C,29086_A|G,29510_A|C,516_518,11288_11296,21633_21641,28362_28370
OY248632	XBK	221_T|C,241_C|T,670_T|G,1627_C|T,2044_C|T,2701_C|T,2790_C|T,2972_G|A,3037_C|T,3796_C|T,3927_C|T,4184_G|A,4321_C|T,4586_C|T,5183_C|T,5826_C|T,6136_T|C,9344_C|T,9424_A|G,9534_C|T,9866_C|T,10029_C|T,10198_C|T,10447_G|A,10449_C|A,12444_A|G,12574_T|C,12880_C|T,14408_C|T,15451_G|A,15714_C|T,17410_C|T,18163_A|G,18267_C|T,18583_G|A,19955_C|T,20055_A|G,21618_C|T,22001_A|G,22016_T|C,22033_C|A,22107_A|C,22190_A|G,22200_T|G,22331_G|A,22577_G|C,22578_G|A,22599_G|C,22674_C|T,22679_T|C,22686_C|T,22688_A|G,22775_G|A,22786_A|C,22813_G|T,22882_T|G,22898_G|A,22942_T|G,22992_G|A,22995_C|A,23031_T|C,23055_A|G,23063_A|T,23075_T|C,23403_A|G,23525_C|T,23599_T|G,23604_C|A,23635_C|T,23854_C|A,23948_G|T,24424_A|T,24469_T|A,25000_C|T,25416_C|T,25584_C|T,26060_C|T,26270_C|T,26275_A|G,26709_G|A,26858_C|T,27092_C|T,27259_A|C,27382_G|C,27384_T|C,27706_G|A,27807_C|T,28271_A|T,28311_C|T,28881_G|A,29510_A|C,11288_11296,21633_21641,28090_28095,28362_28370,29734_29759
OY254824	XBK	221_T|C,241_C|T,670_T|G,1627_C|T,2701_C|T,2790_C|T,3037_C|T,3796_C|T,3927_C|T,4184_G|A,4321_C|T,4586_C|T,4898_C|T,5183_C|T,6136_T|C,9344_C|T,9424_A|G,9534_C|T,9866_C|T,10029_C|T,10198_C|T,10447_G|A,10449_C|A,12020_C|T,12410_A|G,12444_A|G,12574_T|C,12880_C|T,13012_A|G,14408_C|T,15451_G|A,15714_C|T,17410_C|T,18163_A|G,18267_C|T,18583_G|A,19955_C|T,20055_A|G,21618_C|T,21987_G|A,22001_A|G,22016_T|C,22033_C|A,22190_A|G,22200_T|G,22331_G|A,22577_G|C,22578_G|A,22599_G|C,22674_C|T,22679_T|C,22686_C|T,22688_A|G,22775_G|A,22786_A|C,22813_G|T,22882_T|G,22898_G|A,22942_T|G,22992_G|A,22995_C|A,23013_A|C,23018_T|C,23019_T|C,23031_T|C,23055_A|G,23063_A|T,23075_T|C,23403_A|G,23525_C|T,23599_T|G,23604_C|A,23635_C|T,23854_C|A,23948_G|T,24424_A|T,24469_T|A,25000_C|T,25416_C|T,25584_C|T,26060_C|T,26270_C|T,26275_A|G,26577_C|G,26709_G|A,26858_C|T,27092_C|T,27259_A|C,27382_G|C,27383_A|T,27384_T|C,27807_C|T,27849_C|T,28271_A|T,28311_C|T,28724_C|T,28881_G|A,28882_G|A,28883_G|C,29510_A|C,11288_11296,21633_21641,28362_28370
OY292678	XBK	119_C|T,145_T|C,241_C|T,670_T|G,1094_T|G,1627_C|T,2790_C|T,3037_C|T,3796_C|T,3927_C|T,4184_G|A,4321_C|T,4586_C|T,5183_C|T,6040_C|T,8576_A|G,9344_C|T,9424_A|G,9534_C|T,9866_C|T,10029_C|T,10198_C|T,10447_G|A,10449_C|A,12444_A|G,12574_T|C,12880_C|T,14408_C|T,15451_G|A,15714_C|T,17410_C|T,18163_A|G,18464_C|T,18583_G|A,19955_C|T,20055_A|G,21618_C|T,21987_G|A,22001_A|G,22016_T|C,22033_C|A,22190_A|G,22200_T|G,22205_G|C,22331_G|A,22498_C|T,22577_G|C,22578_G|A,22599_G|C,22674_C|T,22679_T|C,22686_C|T,22688_A|G,22775_G|A,22786_A|C,22813_G|T,22882_T|G,22898_G|A,22942_T|G,22992_G|A,22995_C|A,23013_A|C,23018_T|C,23019_T|C,23031_T|C,23055_A|G,23063_A|T,23075_T|C,23403_A|G,23525_C|T,23599_T|G,23604_C|A,23854_C|A,23948_G|T,24424_A|T,24469_T|A,25000_C|T,25416_C|T,25584_C|T,26060_C|T,26270_C|T,26275_A|G,26506_G|A,26577_C|G,26709_G|A,26858_C|T,27259_A|C,27382_G|C,27383_A|T,27384_T|C,27807_C|T,28056_G|T,28271_A|T,28311_C|T,28726_T|C,28881_G|A,28882_G|A,28883_G|C,29510_A|C,11288_11296,21633_21641,28362_28370,29734_29759
OY310709	XBK	241_C|T,670_T|G,1627_C|T,2790_C|T,3037_C|T,3796_C|T,3927_C|T,4184_G|A,4321_C|T,4586_C|T,5183_C|T,5700_C|T,6033_C|T,9344_C|T,9424_A|G,9534_C|T,9866_C|T,10029_C|T,10198_C|T,10447_G|A,10449_C|A,12444_A|G,12574_T|C,12880_C|T,14408_C|T,14814_T|C,15451_G|A,15714_C|T,16887_C|T,17410_C|T,18163_A|G,18583_G|A,19955_C|T,20055_A|G,21618_C|T,21987_G|A,22001_A|G,22016_T|C,22033_C|A,22190_A|G,22200_T|G,22331_G|A,22577_G|C,22578_G|A,22599_G|C,22674_C|T,22679_T|C,22686_C|T,22688_A|G,22775_G|A,22813_G|T,22882_T|G,22898_G|A,22942_T|G,22992_G|A,22995_C|A,23013_A|C,23018_T|C,23019_T|C,23031_T|C,23055_A|G,23063_A|T,23075_T|C,23403_A|G,23525_C|T,23599_T|G,23604_C|A,23854_C|A,23948_G|T,24424_A|T,24469_T|A,25000_C|T,25416_C|T,25584_C|T,26060_C|T,26110_C|T,26270_C|T,26275_A|G,26577_C|G,26709_G|A,26858_C|T,27259_A|C,27382_G|C,27383_A|T,27384_T|C,27807_C|T,28271_A|T,28311_C|T,28881_G|A,28882_G|A,28883_G|C,29510_A|C,11288_11296,21633_21641,28362_28370,29734_29759
OY313793	XBK	44_C|T,241_C|T,670_T|G,1627_C|T,2516_G|T,2790_C|T,3037_C|T,3796_C|T,3880_G|A,3927_C|T,4184_G|A,4321_C|T,4586_C|T,5183_C|T,9344_C|T,9424_A|G,9534_C|T,9866_C|T,10029_C|T,10198_C|T,10447_G|A,10449_C|A,12444_A|G,12574_T|C,12691_T|C,12880_C|T,13620_C|T,14408_C|T,15451_G|A,15714_C|T,17410_C|T,18163_A|G,18583_G|A,19955_C|T,20055_A|G,21618_C|T,21987_G|A,22001_A|G,22016_T|C,22033_C|A,22190_A|G,22200_T|G,22331_G|A,22577_G|C,22578_G|A,22599_G|C,22674_C|T,22679_T|C,22686_C|T,22688_A|G,22775_G|A,22786_A|C,22813_G|T,22882_T|G,22898_G|A,22942_T|G,22992_G|A,22995_C|A,23013_A|C,23018_T|C,23019_T|C,23031_T|C,23055_A|G,23063_A|T,23075_T|C,23280_C|T,23403_A|G,23525_C|T,23599_T|G,23604_C|A,23854_C|A,23948_G|T,24424_A|T,24469_T|A,25000_C|T,25416_C|T,25584_C|T,26060_C|T,26270_C|T,26275_A|G,26577_C|G,26709_G|A,26858_C|T,27259_A|C,27382_G|C,27383_A|T,27384_T|C,27807_C|T,28271_A|T,28311_C|T,28881_G|A,28882_G|A,28883_G|C,29510_A|C,11288_11296,21633_21641,23481_23483,27694_27701,28362_28370,29734_29759
OY321286	XBK	241_C|T,670_T|G,672_A|G,1627_C|T,2790_C|T,3037_C|T,3796_C|T,3927_C|T,3948_A|G,4184_G|A,4321_C|T,4586_C|T,5183_C|T,9344_C|T,9424_A|G,9534_C|T,9866_C|T,10029_C|T,10198_C|T,10447_G|A,10449_C|A,12444_A|G,12574_T|C,12700_T|C,12880_C|T,14408_C|T,15451_G|A,15714_C|T,17410_C|T,18163_A|G,18583_G|A,19955_C|T,20055_A|G,21618_C|T,21987_G|A,22001_A|G,22016_T|C,22033_C|A,22190_A|G,22200_T|G,22331_G|A,22577_G|C,22578_G|A,22599_G|C,22674_C|T,22679_T|C,22686_C|T,22688_A|G,22775_G|A,22786_A|C,22813_G|T,22882_T|G,22898_G|A,22942_T|G,22992_G|A,22995_C|A,23013_A|C,23018_T|C,23019_T|C,23031_T|C,23055_A|G,23063_A|T,23075_T|C,23403_A|G,23525_C|T,23599_T|G,23604_C|A,23854_C|A,23948_G|T,24424_A|T,24469_T|A,25000_C|T,25416_C|T,25584_C|T,26060_C|T,26270_C|T,26275_A|G,26577_C|G,26709_G|A,26858_C|T,27110_C|T,27259_A|C,27382_G|C,27383_A|T,27384_T|C,27807_C|T,27858_C|T,28271_A|T,28311_C|T,28881_G|A,28882_G|A,28883_G|C,29510_A|C,29530_C|T,11288_11296,21633_21641,28362_28370,29734_29759
Scotland/QEUH-327044D3/2023	XBK	241_C|T,670_T|G,1627_C|T,2790_C|T,3037_C|T,3768_C|T,3796_C|T,3927_C|T,3948_A|G,4148_G|T,4184_G|A,4321_C|T,4586_C|T,5183_C|T,9344_C|T,9424_A|G,9534_C|T,9866_C|T,10029_C|T,10198_C|T,10447_G|A,10449_C|A,12444_A|G,12574_T|C,12700_T|C,12880_C|T,14408_C|T,15451_G|A,15714_C|T,17105_A|G,17410_C|T,18163_A|G,18583_G|A,19011_C|T,19955_C|T,20055_A|G,21618_C|T,21987_G|A,22001_A|G,22016_T|C,22033_C|A,22190_A|G,22200_T|G,22331_G|A,22577_G|C,22578_G|A,22599_G|C,22674_C|T,22679_T|C,22686_C|T,22688_A|G,22775_G|A,22786_A|C,22813_G|T,22882_T|G,22898_G|A,22942_T|G,22992_G|A,22995_C|A,23013_A|C,23018_T|C,23019_T|C,23031_T|C,23055_A|G,23063_A|T,23075_T|C,23403_A|G,23525_C|T,23599_T|G,23604_C|A,23854_C|A,23948_G|T,24424_A|T,24469_T|A,25000_C|T,25416_C|T,25584_C|T,26060_C|T,26270_C|T,26275_A|G,26577_C|G,26709_G|A,26858_C|T,27259_A|C,27382_G|C,27383_A|T,27384_T|C,27807_C|T,27858_C|T,28271_A|T,28311_C|T,28881_G|A,28882_G|A,28883_G|C,29510_A|C,29530_C|T,11288_11296,21633_21641,28362_28370,29734_29759
USA/DE-CDC-LC0969505/2022	XBK	241_C|T,670_T|G,1627_C|T,2544_C|A,2790_C|T,3037_C|T,3796_C|T,3927_C|T,4184_G|A,4321_C|T,4586_C|T,4913_G|T,5183_C|T,9344_C|T,9424_A|G,9534_C|T,9866_C|T,10029_C|T,10198_C|T,10447_G|A,10449_C|A,12444_A|G,12574_T|C,12880_C|T,14408_C|T,15451_G|A,15714_C|T,17410_C|T,17562_G|T,18163_A|G,18583_G|A,19955_C|T,20055_A|G,21618_C|T,21987_G|A,22001_A|G,22016_T|C,22033_C|A,22190_A|G,22200_T|G,22331_G|A,22577_G|C,22578_G|A,22599_G|C,22674_C|T,22679_T|C,22686_C|T,22688_A|G,22775_G|A,22786_A|C,22813_G|T,22882_T|G,22898_G|A,22942_T|G,22992_G|A,22995_C|A,23013_A|C,23018_T|C,23019_T|C,23031_T|C,23055_A|G,23063_A|T,23075_T|C,23403_A|G,23525_C|T,23599_T|G,23604_C|A,23854_C|A,23948_G|T,24424_A|T,24469_T|A,25000_C|T,25416_C|T,25584_C|T,26060_C|T,26270_C|T,26275_A|G,26577_C|G,26709_G|A,26858_C|T,27259_A|C,27382_G|C,27383_A|T,27384_T|C,27807_C|T,28271_A|T,28311_C|T,28705_T|C,28807_C|A,28881_G|A,28882_G|A,28883_G|C,29510_A|C,11288_11296,21633_21641,28362_28370,29734_29759
USA/FL-CDC-QDX47920463/2023	XBK	123_C|T,241_C|T,670_T|G,1627_C|T,2790_C|T,3037_C|T,3796_C|T,3927_C|T,4184_G|A,4321_C|T,4586_C|T,5183_C|T,9344_C|T,9424_A|G,9534_C|T,9866_C|T,10029_C|T,10198_C|T,10447_G|A,10449_C|A,12313_T|C,12444_A|G,12574_T|C,12754_C|T,12880_C|T,14408_C|T,14724_C|T,14799_T|C,15451_G|A,15714_C|T,17410_C|T,18163_A|G,18583_G|A,19955_C|T,20055_A|G,21618_C|T,21987_G|A,22001_A|G,22016_T|C,22033_C|A,22109_C|A,22190_A|G,22200_T|G,22331_G|A,22577_G|C,22578_G|A,22599_G|C,22674_C|T,22679_T|C,22686_C|T,22688_A|G,22775_G|A,22786_A|C,22813_G|T,22882_T|G,22898_G|A,22942_T|G,22992_G|A,22995_C|A,23013_A|C,23018_T|C,23019_T|C,23031_T|C,23055_A|G,23063_A|T,23075_T|C,23403_A|G,23525_C|T,23599_T|G,23604_C|A,23854_C|A,23948_G|T,24424_A|T,24469_T|A,25000_C|T,25416_C|T,25584_C|T,26060_C|T,26270_C|T,26275_A|G,26577_C|G,26709_G|A,26858_C|T,27259_A|C,27288_T|C,27382_G|C,27383_A|T,27384_T|C,27807_C|T,28271_A|T,28311_C|T,28881_G|A,28882_G|A,28883_G|C,29510_A|C,11288_11296,21633_21641,28362_28370,29734_29759
USA/IL-CDC-QDX46137103/2023	XBK	241_C|T,670_T|G,1627_C|T,2790_C|T,3037_C|T,3042_C|A,3723_T|C,3796_C|T,3927_C|T,4184_G|A,4321_C|T,4586_C|T,5183_C|T,9344_C|T,9424_A|G,9534_C|T,9866_C|T,10029_C|T,10198_C|T,10447_G|A,10449_C|A,10963_T|C,12444_A|G,12574_T|C,12880_C|T,14408_C|T,15451_G|A,15714_C|T,17410_C|T,18163_A|G,18568_C|T,18583_G|A,19955_C|T,20055_A|G,21618_C|T,21987_G|A,22001_A|G,22016_T|C,22033_C|A,22190_A|G,22200_T|G,22331_G|A,22577_G|C,22578_G|A,22599_G|C,22674_C|T,22679_T|C,22686_C|T,22688_A|G,22775_G|A,22786_A|C,22813_G|T,22882_T|G,22898_G|A,22942_T|G,22992_G|A,22995_C|A,23013_A|C,23018_T|C,23019_T|C,23031_T|C,23055_A|G,23063_A|T,23075_T|C,23403_A|G,23525_C|T,23599_T|G,23604_C|A,23854_C|A,23948_G|T,24424_A|T,24469_T|A,25000_C|T,25416_C|T,25584_C|T,26060_C|T,26270_C|T,26275_A|G,26577_C|G,26709_G|A,26858_C|T,27259_A|C,27382_G|C,27383_A|T,27384_T|C,27513_C|T,27807_C|T,28271_A|T,28311_C|T,28881_G|A,28882_G|A,28883_G|C,29510_A|C,11288_11296,21633_21641,28362_28370,29734_29759
USA/IL-CDC-QDX46137196/2023	XBK	241_C|T,670_T|G,1627_C|T,2790_C|T,3037_C|T,3042_C|A,3796_C|T,3927_C|T,4184_G|A,4321_C|T,4586_C|T,5183_C|T,9344_C|T,9424_A|G,9534_C|T,9866_C|T,10029_C|T,10198_C|T,10447_G|A,10449_C|A,12444_A|G,12574_T|C,12880_C|T,14408_C|T,15451_G|A,15714_C|T,17410_C|T,18163_A|G,18583_G|A,19955_C|T,20055_A|G,21618_C|T,21987_G|A,22001_A|G,22016_T|C,22033_C|A,22190_A|G,22200_T|G,22331_G|A,22577_G|C,22578_G|A,22599_G|C,22674_C|T,22679_T|C,22686_C|T,22688_A|G,22775_G|A,22786_A|C,22813_G|T,22882_T|G,22898_G|A,22942_T|G,22992_G|A,22995_C|A,23013_A|C,23018_T|C,23019_T|C,23031_T|C,23055_A|G,23063_A|T,23075_T|C,23403_A|G,23525_C|T,23599_T|G,23604_C|A,23854_C|A,23948_G|T,24424_A|T,24469_T|A,25000_C|T,25416_C|T,25584_C|T,26060_C|T,26270_C|T,26275_A|G,26577_C|G,26709_G|A,26858_C|T,27259_A|C,27382_G|C,27383_A|T,27384_T|C,27807_C|T,28271_A|T,28311_C|T,28881_G|A,28882_G|A,28883_G|C,29510_A|C,11288_11296,21633_21641,28362_28370,29734_29759
USA/IL-CDC-QDX46679017/2023	XBK	150_T|C,241_C|T,670_T|G,1627_C|T,2790_C|T,3037_C|T,3042_C|A,3796_C|T,3927_C|T,4184_G|A,4321_C|T,4586_C|T,5183_C|T,6628_C|T,8326_C|T,9344_C|T,9424_A|G,9534_C|T,9866_C|T,10029_C|T,10198_C|T,10447_G|A,10449_C|A,12444_A|G,12574_T|C,12880_C|T,14120_C|T,14408_C|T,15451_G|A,15714_C|T,17410_C|T,18163_A|G,18583_G|A,19955_C|T,20055_A|G,21618_C|T,21987_G|A,22001_A|G,22016_T|C,22033_C|A,22190_A|G,22200_T|G,22331_G|A,22577_G|C,22578_G|A,22599_G|C,22674_C|T,22679_T|C,22686_C|T,22688_A|G,22775_G|A,22786_A|C,22813_G|T,22882_T|G,22898_G|A,22942_T|G,22992_G|A,22995_C|A,23013_A|C,23018_T|C,23019_T|C,23031_T|C,23055_A|G,23063_A|T,23075_T|C,23403_A|G,23525_C|T,23599_T|G,23604_C|A,23854_C|A,23948_G|T,24424_A|T,24469_T|A,25000_C|T,25217_G|T,25416_C|T,25584_C|T,26060_C|T,26270_C|T,26275_A|G,26577_C|G,26709_G|A,26858_C|T,27259_A|C,27382_G|C,27383_A|T,27384_T|C,27807_C|T,28271_A|T,28311_C|T,28881_G|A,28882_G|A,28883_G|C,29510_A|C,11288_11296,21633_21641,28362_28370,29734_29759
USA/IL-CDC-QDX47312553/2023	XBK	241_C|T,405_A|G,670_T|G,2790_C|T,3037_C|T,3042_C|A,3796_C|T,3927_C|T,4184_G|A,4321_C|T,4586_C|T,5183_C|T,8326_C|T,9344_C|T,9424_A|G,9534_C|T,9866_C|T,10029_C|T,10198_C|T,10447_G|A,10449_C|A,12444_A|G,12574_T|C,12880_C|T,14408_C|T,15451_G|A,15714_C|T,17410_C|T,18163_A|G,18583_G|A,19955_C|T,20055_A|G,21618_C|T,21987_G|A,22001_A|G,22016_T|C,22033_C|A,22190_A|G,22200_T|G,22331_G|A,22577_G|C,22578_G|A,22599_G|C,22674_C|T,22679_T|C,22686_C|T,22688_A|G,22775_G|A,22786_A|C,22813_G|T,22882_T|G,22898_G|A,22942_T|G,22992_G|A,22995_C|A,23013_A|C,23018_T|C,23019_T|C,23031_T|C,23055_A|G,23063_A|T,23075_T|C,23403_A|G,23525_C|T,23599_T|G,23604_C|A,23854_C|A,23948_G|T,24023_C|T,24424_A|T,24469_T|A,25000_C|T,25217_G|T,25416_C|T,25584_C|T,26013_C|T,26060_C|T,26270_C|T,26275_A|G,26577_C|G,26709_G|A,26858_C|T,27259_A|C,27382_G|C,27383_A|T,27384_T|C,27807_C|T,28271_A|T,28311_C|T,28881_G|A,28882_G|A,28883_G|C,29510_A|C,11288_11296,21633_21641,28362_28370,29734_29759
USA/IL-CDC-VSX-A063019/2023	XBK	44_C|T,241_C|T,665_C|T,670_T|G,1627_C|T,2574_C|T,2790_C|T,3037_C|T,3796_C|T,3927_C|T,4184_G|A,4321_C|T,4586_C|T,5183_C|T,6402_C|T,8318_C|A,8788_T|G,9344_C|T,9424_A|G,9534_C|T,9866_C|T,10029_C|T,10198_C|T,10447_G|A,10449_C|A,12073_C|T,12444_A|G,12574_T|C,12880_C|T,14408_C|T,15451_G|A,15596_A|G,15714_C|T,17410_C|T,18163_A|G,18583_G|A,19170_C|T,19955_C|T,20055_A|G,21618_C|T,21987_G|A,22001_A|G,22016_T|C,22033_C|A,22190_A|G,22200_T|G,22331_G|A,22577_G|C,22578_G|A,22599_G|C,22674_C|T,22679_T|C,22686_C|T,22688_A|G,22775_G|A,22786_A|C,22813_G|T,22882_T|G,22898_G|A,22942_T|G,22992_G|A,22995_C|A,23013_A|C,23018_T|C,23019_T|C,23031_T|C,23055_A|G,23063_A|T,23075_T|C,23403_A|G,23525_C|T,23599_T|G,23604_C|A,23854_C|A,23948_G|T,24424_A|T,24469_T|A,25000_C|T,25112_G|T,25416_C|T,25584_C|T,26060_C|T,26270_C|T,26275_A|G,26577_C|G,26709_G|A,26858_C|T,27259_A|C,27382_G|C,27383_A|T,27384_T|C,27807_C|T,28271_A|T,28311_C|T,28881_G|A,28882_G|A,28883_G|C,29510_A|C,11288_11296,21633_21641,28362_28370,29734_29759
USA/IL-CDC-VSX-A064069/2023	XBK	44_C|T,241_C|T,665_C|T,670_T|G,1627_C|T,2574_C|T,2790_C|T,3037_C|T,3796_C|T,3927_C|T,4184_G|A,4321_C|T,4586_C|T,5183_C|T,6402_C|T,8318_C|A,8788_T|G,9344_C|T,9424_A|G,9534_C|T,9866_C|T,10029_C|T,10198_C|T,10447_G|A,10449_C|A,12073_C|T,12444_A|G,12574_T|C,12880_C|T,14408_C|T,15451_G|A,15596_A|G,15714_C|T,17410_C|T,18163_A|G,18583_G|A,19170_C|T,19955_C|T,20055_A|G,21618_C|T,21987_G|A,22001_A|G,22016_T|C,22033_C|A,22190_A|G,22200_T|G,22331_G|A,22577_G|C,22578_G|A,22599_G|C,22674_C|T,22679_T|C,22686_C|T,22688_A|G,22775_G|A,22786_A|C,22813_G|T,22882_T|G,22898_G|A,22942_T|G,22992_G|A,22995_C|A,23013_A|C,23018_T|C,23019_T|C,23031_T|C,23055_A|G,23063_A|T,23075_T|C,23403_A|G,23525_C|T,23599_T|G,23604_C|A,23854_C|A,23948_G|T,24424_A|T,24469_T|A,25000_C|T,25112_G|T,25416_C|T,25584_C|T,26060_C|T,26270_C|T,26275_A|G,26577_C|G,26709_G|A,26858_C|T,27259_A|C,27382_G|C,27383_A|T,27384_T|C,27807_C|T,28271_A|T,28311_C|T,28881_G|A,28882_G|A,28883_G|C,29510_A|C,11288_11296,21633_21641,28362_28370,29734_29759
USA/IL-RIPHL_121366_G/2023	XBK	44_C|T,241_C|T,670_T|G,1627_C|T,2790_C|T,3037_C|T,3796_C|T,3927_C|T,4184_G|A,4321_C|T,4586_C|T,5183_C|T,6365_C|A,8502_C|T,9344_C|T,9424_A|G,9534_C|T,9866_C|T,10029_C|T,10198_C|T,10447_G|A,10449_C|A,12444_A|G,12574_T|C,12880_C|T,14408_C|T,15451_G|A,15714_C|T,17410_C|T,18163_A|G,18377_C|T,18583_G|A,19955_C|T,20055_A|G,21618_C|T,21987_G|A,22001_A|G,22016_T|C,22033_C|A,22190_A|G,22200_T|G,22331_G|A,22577_G|C,22578_G|A,22599_G|C,22674_C|T,22679_T|C,22686_C|T,22688_A|G,22775_G|A,22786_A|C,22882_T|G,22898_G|A,22942_T|G,22992_G|A,22995_C|A,23013_A|C,23018_T|C,23019_T|C,23031_T|C,23055_A|G,23063_A|T,23075_T|C,23403_A|G,23525_C|T,23599_T|G,23604_C|A,23854_C|A,23948_G|T,24424_A|T,24469_T|A,25000_C|T,25416_C|T,25584_C|T,25904_C|T,26060_C|T,26270_C|T,26275_A|G,26577_C|G,26709_G|A,26858_C|T,27259_A|C,27382_G|C,27383_A|T,27384_T|C,27807_C|T,28271_A|T,28311_C|T,28881_G|A,28882_G|A,28883_G|C,29510_A|C,11288_11296,21633_21641,28362_28370,29734_29759
USA/MI-CDC-QDX44485936/2022	XBK	241_C|T,670_T|G,1627_C|T,2790_C|T,3037_C|T,3796_C|T,3927_C|T,4184_G|A,4321_C|T,4586_C|T,4735_T|C,5183_C|T,9344_C|T,9424_A|G,9534_C|T,9866_C|T,10029_C|T,10198_C|T,10447_G|A,10449_C|A,12444_A|G,12574_T|C,12880_C|T,14408_C|T,15451_G|A,15714_C|T,17410_C|T,18163_A|G,18464_C|T,18583_G|A,19955_C|T,20055_A|G,21618_C|T,21987_G|A,22001_A|G,22016_T|C,22033_C|A,22190_A|G,22200_T|G,22205_G|C,22331_G|A,22577_G|C,22578_G|A,22599_G|C,22674_C|T,22679_T|C,22686_C|T,22688_A|G,22775_G|A,22786_A|C,22813_G|T,22882_T|G,22898_G|A,22942_T|G,22992_G|A,22995_C|A,23013_A|C,23018_T|C,23019_T|C,23031_T|C,23055_A|G,23063_A|T,23075_T|C,23403_A|G,23525_C|T,23599_T|G,23604_C|A,23854_C|A,23948_G|T,24424_A|T,24469_T|A,25000_C|T,25416_C|T,25584_C|T,26060_C|T,26270_C|T,26275_A|G,26577_C|G,26709_G|A,26858_C|T,27259_A|C,27382_G|C,27383_A|T,27384_T|C,27807_C|T,28271_A|T,28311_C|T,28881_G|A,28882_G|A,28883_G|C,29510_A|C,11288_11296,21633_21641,28362_28370,29734_29759
USA/MI-CDC-VSX-A063241/2023	XBK	44_C|T,241_C|T,670_T|G,1627_C|T,2790_C|T,3037_C|T,3796_C|T,3927_C|T,4184_G|A,4321_C|T,4586_C|T,5183_C|T,9344_C|T,9424_A|G,9534_C|T,9866_C|T,10029_C|T,10198_C|T,10447_G|A,10449_C|A,11471_C|T,12444_A|G,12574_T|C,12880_C|T,14408_C|T,15451_G|A,15714_C|T,17410_C|T,18163_A|G,18583_G|A,19955_C|T,20055_A|G,21618_C|T,21987_G|A,22001_A|G,22016_T|C,22033_C|A,22190_A|G,22200_T|G,22331_G|A,22577_G|C,22578_G|A,22599_G|C,22674_C|T,22679_T|C,22686_C|T,22688_A|G,22775_G|A,22786_A|C,22813_G|T,22882_T|G,22898_G|A,22942_T|G,22992_G|A,22995_C|A,23013_A|C,23018_T|C,23019_T|C,23031_T|C,23055_A|G,23063_A|T,23075_T|C,23403_A|G,23525_C|T,23599_T|G,23604_C|A,23854_C|A,23948_G|T,24023_C|T,24424_A|T,24469_T|A,25000_C|T,25416_C|T,25584_C|T,26060_C|T,26270_C|T,26275_A|G,26577_C|G,26709_G|A,26858_C|T,27259_A|C,27382_G|C,27383_A|T,27384_T|C,27807_C|T,28271_A|T,28311_C|T,28881_G|A,28882_G|A,28883_G|C,29422_G|T,29510_A|C,11288_11296,21633_21641,28362_28370,29734_29759
USA/MI-CDC-VSX-A064506/2023	XBK	44_C|T,241_C|T,670_T|G,1627_C|T,2790_C|T,3037_C|T,3796_C|T,3927_C|T,4184_G|A,4321_C|T,4573_C|T,4586_C|T,5183_C|T,9344_C|T,9424_A|G,9866_C|T,10029_C|T,10198_C|T,10447_G|A,10449_C|A,12444_A|G,12574_T|C,12880_C|T,13800_T|G,14408_C|T,15451_G|A,15714_C|T,17410_C|T,18163_A|G,18583_G|A,18828_C|T,19955_C|T,20055_A|G,21575_C|T,21618_C|T,21987_G|A,22001_A|G,22016_T|C,22033_C|A,22190_A|G,22200_T|G,22331_G|A,22577_G|C,22578_G|A,22599_G|C,22674_C|T,22679_T|C,22686_C|T,22688_A|G,22775_G|A,22786_A|C,22813_G|T,22882_T|G,22898_G|A,22942_T|G,22992_G|A,22995_C|A,23013_A|C,23018_T|C,23019_T|C,23031_T|C,23055_A|G,23063_A|T,23075_T|C,23403_A|G,23525_C|T,23599_T|G,23604_C|A,23854_C|A,23948_G|T,24424_A|T,24469_T|A,25000_C|T,25416_C|T,25584_C|T,25707_T|G,26060_C|T,26270_C|T,26275_A|G,26577_C|G,26709_G|A,26858_C|T,27259_A|C,27382_G|C,27383_A|T,27384_T|C,27807_C|T,28271_A|T,28311_C|T,28881_G|A,28882_G|A,28883_G|C,29510_A|C,519_524,11288_11296,21633_21641,28362_28370,29734_29759
USA/NC-CDC-QDX43385551/2022	XBK	241_C|T,670_T|G,1627_C|T,2790_C|T,3037_C|T,3796_C|T,3927_C|T,4184_G|A,4321_C|T,4586_C|T,5183_C|T,9344_C|T,9424_A|G,9534_C|T,9866_C|T,10029_C|T,10198_C|T,10447_G|A,10449_C|A,12444_A|G,12574_T|C,12880_C|T,14408_C|T,15451_G|A,15714_C|T,17410_C|T,18163_A|G,18583_G|A,19955_C|T,20055_A|G,21618_C|T,21987_G|A,22001_A|G,22016_T|C,22033_C|A,22190_A|G,22200_T|G,22331_G|A,22577_G|C,22578_G|A,22599_G|C,22674_C|T,22679_T|C,22686_C|T,22688_A|G,22775_G|A,22786_A|C,22813_G|T,22882_T|G,22898_G|A,22942_T|G,22992_G|A,22995_C|A,23013_A|C,23018_T|C,23019_T|C,23031_T|C,23055_A|G,23063_A|T,23075_T|C,23403_A|G,23525_C|T,23599_T|G,23604_C|A,23854_C|A,23948_G|T,24424_A|T,24469_T|A,25000_C|T,25416_C|T,25584_C|T,26060_C|T,26270_C|T,26275_A|G,26577_C|G,26709_G|A,26858_C|T,27259_A|C,27382_G|C,27383_A|T,27384_T|C,27807_C|T,28271_A|T,28311_C|T,28881_G|A,28882_G|A,28883_G|C,29510_A|C,11288_11296,21633_21641,28362_28370,29734_29759
USA/NV-CDC-QDX45483254/2023	XBK	241_C|T,670_T|G,1426_C|T,1627_C|T,2790_C|T,3037_C|T,3796_C|T,3927_C|T,4184_G|A,4321_C|T,4586_C|T,5183_C|T,9344_C|T,9424_A|G,9534_C|T,9866_C|T,10029_C|T,10198_C|T,10447_G|A,10449_C|A,12444_A|G,12574_T|C,12880_C|T,14408_C|T,14586_T|C,15451_G|A,15714_C|T,17410_C|T,18163_A|G,18583_G|A,19955_C|T,20055_A|G,21205_C|T,21618_C|T,21987_G|A,22001_A|G,22016_T|C,22033_C|A,22190_A|G,22200_T|G,22331_G|A,22577_G|C,22578_G|A,22599_G|C,22674_C|T,22679_T|C,22686_C|T,22688_A|G,22775_G|A,22786_A|C,22813_G|T,22882_T|G,22898_G|A,22942_T|G,22992_G|A,22995_C|A,23013_A|C,23018_T|C,23019_T|C,23031_T|C,23055_A|G,23063_A|T,23075_T|C,23403_A|G,23525_C|T,23599_T|G,23604_C|A,23854_C|A,23948_G|T,24424_A|T,24469_T|A,25000_C|T,25416_C|T,25584_C|T,26060_C|T,26270_C|T,26275_A|G,26577_C|G,26709_G|A,26858_C|T,27259_A|C,27382_G|C,27383_A|T,27384_T|C,27807_C|T,28271_A|T,28311_C|T,28881_G|A,28882_G|A,28883_G|C,29503_C|G,29510_A|C,11288_11296,21633_21641,28362_28370,29734_29759
USA/TX-CDC-LC1028312/2023	XBK	44_C|T,241_C|T,285_G|T,670_T|G,1219_A|G,1627_C|T,2790_C|T,3037_C|T,3796_C|T,3927_C|T,4184_G|A,4321_C|T,4586_C|T,5183_C|T,9344_C|T,9424_A|G,9534_C|T,9866_C|T,10029_C|T,10198_C|T,10447_G|A,10449_C|A,12444_A|G,12574_T|C,12880_C|T,14408_C|T,15451_G|A,15714_C|T,17410_C|T,18163_A|G,18583_G|A,19955_C|T,20055_A|G,21618_C|T,21987_G|A,22001_A|G,22016_T|C,22033_C|A,22190_A|G,22200_T|G,22331_G|A,22577_G|C,22578_G|A,22599_G|C,22674_C|T,22679_T|C,22686_C|T,22688_A|G,22775_G|A,22786_A|C,22813_G|T,22882_T|G,22898_G|A,22942_T|G,22992_G|A,22995_C|A,23013_A|C,23018_T|C,23019_T|C,23031_T|C,23055_A|G,23063_A|T,23075_T|C,23403_A|G,23525_C|T,23599_T|G,23604_C|A,23854_C|A,23948_G|T,24424_A|T,24469_T|A,25000_C|T,25416_C|T,25584_C|T,26060_C|T,26270_C|T,26275_A|G,26577_C|G,26709_G|A,26858_C|T,27259_A|C,27382_G|C,27383_A|T,27384_T|C,27807_C|T,28271_A|T,28311_C|T,28881_G|A,28882_G|A,28883_G|C,29422_G|T,29510_A|C,516_518,11288_11296,21633_21641,28362_28370,29734_29759
USA/VA-CDC-LC0940422/2022	XBK	44_C|T,241_C|T,670_T|G,1627_C|T,2790_C|T,3037_C|T,3796_C|T,3927_C|T,4184_G|A,4321_C|T,4586_C|T,5183_C|T,9344_C|T,9424_A|G,9534_C|T,9866_C|T,10029_C|T,10198_C|T,10447_G|A,10449_C|A,12444_A|G,12574_T|C,12880_C|T,14408_C|T,15451_G|A,15714_C|T,17410_C|T,18163_A|G,18464_C|T,18583_G|A,19955_C|T,20055_A|G,21618_C|T,21987_G|A,22001_A|G,22016_T|C,22033_C|A,22190_A|G,22200_T|G,22331_G|A,22577_G|C,22578_G|A,22599_G|C,22674_C|T,22679_T|C,22686_C|T,22688_A|G,22775_G|A,22786_A|C,22813_G|T,22882_T|G,22898_G|A,22942_T|G,22992_G|A,22995_C|A,23013_A|C,23018_T|C,23019_T|C,23031_T|C,23055_A|G,23063_A|T,23075_T|C,23403_A|G,23525_C|T,23599_T|G,23604_C|A,23854_C|A,23948_G|T,24424_A|T,24469_T|A,25000_C|T,25416_C|T,25584_C|T,26060_C|T,26270_C|T,26275_A|G,26577_C|G,26709_G|A,26858_C|T,27259_A|C,27382_G|C,27383_A|T,27384_T|C,27807_C|T,28271_A|T,28311_C|T,28881_G|A,28882_G|A,28883_G|C,29510_A|C,11288_11296,21633_21641,28362_28370,29734_29759
USA/WA-CDC-QDX47362058/2023	XBK	241_C|T,362_G|A,670_T|G,1627_C|T,2790_C|T,3037_C|T,3796_C|T,3927_C|T,4184_G|A,4321_C|T,4456_C|T,4586_C|T,5183_C|T,9344_C|T,9424_A|G,9534_C|T,9866_C|T,10029_C|T,10198_C|T,10447_G|A,10449_C|A,12444_A|G,12574_T|C,12880_C|T,14408_C|T,15451_G|A,15714_C|T,17410_C|T,18163_A|G,18583_G|A,19955_C|T,20055_A|G,21618_C|T,21987_G|A,22001_A|G,22016_T|C,22033_C|A,22190_A|G,22200_T|G,22331_G|A,22577_G|C,22578_G|A,22599_G|C,22674_C|T,22679_T|C,22686_C|T,22688_A|G,22775_G|A,22786_A|C,22813_G|T,22882_T|G,22898_G|A,22942_T|G,22992_G|A,22995_C|A,23013_A|C,23018_T|C,23019_T|C,23031_T|C,23055_A|G,23063_A|T,23075_T|C,23403_A|G,23525_C|T,23599_T|G,23604_C|A,23854_C|A,23948_G|T,24424_A|T,24469_T|A,25000_C|T,25416_C|T,25584_C|T,26060_C|T,26270_C|T,26275_A|G,26577_C|G,26709_G|A,26858_C|T,27259_A|C,27382_G|C,27383_A|T,27384_T|C,27807_C|T,28271_A|T,28311_C|T,28881_G|A,28882_G|A,28883_G|C,29422_G|T,29510_A|C,29524_T|C,11288_11296,21633_21641,28362_28370,29734_29759
USA/WA-CDC-UW23013081429/2023	XBK	241_C|T,362_G|A,670_T|G,1627_C|T,2790_C|T,3037_C|T,3796_C|T,3927_C|T,4184_G|A,4321_C|T,4456_C|T,4586_C|T,5183_C|T,8320_C|T,9344_C|T,9424_A|G,9534_C|T,9866_C|T,10029_C|T,10198_C|T,10447_G|A,10449_C|A,12444_A|G,12574_T|C,12880_C|T,14408_C|T,15451_G|A,15714_C|T,16726_C|T,17410_C|T,18163_A|G,18583_G|A,19816_G|T,19955_C|T,20055_A|G,21618_C|T,21987_G|A,22001_A|G,22016_T|C,22033_C|A,22190_A|G,22200_T|G,22331_G|A,22577_G|C,22578_G|A,22599_G|C,22674_C|T,22679_T|C,22686_C|T,22688_A|G,22775_G|A,22786_A|C,22813_G|T,22882_T|G,22898_G|A,22942_T|G,22992_G|A,22995_C|A,23013_A|C,23018_T|C,23019_T|C,23031_T|C,23055_A|G,23063_A|T,23075_T|C,23403_A|G,23525_C|T,23599_T|G,23604_C|A,23854_C|A,23948_G|T,24424_A|T,24469_T|A,24730_A|T,25000_C|T,25416_C|T,25584_C|T,26060_C|T,26270_C|T,26275_A|G,26577_C|G,26709_G|A,26858_C|T,27259_A|C,27382_G|C,27383_A|T,27384_T|C,27807_C|T,28271_A|T,28311_C|T,28881_G|A,28882_G|A,28883_G|C,29422_G|T,29510_A|C,29524_T|C,11288_11296,21633_21641,28362_28370,29734_29759
USA/WA-CDC-UW23020309677/2023	XBK	241_C|T,362_G|A,670_T|G,1627_C|T,2790_C|T,3037_C|T,3796_C|T,3927_C|T,4184_G|A,4321_C|T,4456_C|T,4586_C|T,5183_C|T,8320_C|T,9344_C|T,9424_A|G,9534_C|T,9866_C|T,10029_C|T,10198_C|T,10447_G|A,10449_C|A,12444_A|G,12574_T|C,12880_C|T,14408_C|T,15451_G|A,15714_C|T,16726_C|T,17410_C|T,18163_A|G,18583_G|A,19816_G|T,19955_C|T,20055_A|G,21618_C|T,21987_G|A,22001_A|G,22016_T|C,22033_C|A,22190_A|G,22200_T|G,22331_G|A,22577_G|C,22578_G|A,22599_G|C,22674_C|T,22679_T|C,22686_C|T,22688_A|G,22775_G|A,22786_A|C,22813_G|T,22882_T|G,22898_G|A,22942_T|G,22992_G|A,22995_C|A,23013_A|C,23018_T|C,23019_T|C,23031_T|C,23055_A|G,23063_A|T,23075_T|C,23403_A|G,23525_C|T,23599_T|G,23604_C|A,23854_C|A,23948_G|T,24424_A|T,24469_T|A,24730_A|T,25000_C|T,25416_C|T,25584_C|T,26060_C|T,26270_C|T,26275_A|G,26577_C|G,26709_G|A,26858_C|T,27259_A|C,27382_G|C,27383_A|T,27384_T|C,27807_C|T,28271_A|T,28311_C|T,28881_G|A,28882_G|A,28883_G|C,29422_G|T,29510_A|C,29524_T|C,11288_11296,21633_21641,28362_28370,29734_29759
USA/WA-CDC-UW23020579899/2023	XBK	241_C|T,362_G|A,670_T|G,1627_C|T,2790_C|T,3037_C|T,3796_C|T,3927_C|T,4184_G|A,4321_C|T,4456_C|T,4586_C|T,5183_C|T,8320_C|T,9344_C|T,9424_A|G,9534_C|T,9693_C|T,9866_C|T,10029_C|T,10198_C|T,10447_G|A,10449_C|A,12444_A|G,12574_T|C,12880_C|T,14408_C|T,15451_G|A,15714_C|T,16726_C|T,17410_C|T,18163_A|G,18583_G|A,19816_G|T,19955_C|T,20055_A|G,21618_C|T,21987_G|A,22001_A|G,22016_T|C,22033_C|A,22190_A|G,22200_T|G,22331_G|A,22577_G|C,22578_G|A,22599_G|C,22674_C|T,22679_T|C,22686_C|T,22688_A|G,22775_G|A,22786_A|C,22813_G|T,22882_T|G,22898_G|A,22942_T|G,22992_G|A,22995_C|A,23013_A|C,23018_T|C,23019_T|C,23031_T|C,23055_A|G,23063_A|T,23075_T|C,23403_A|G,23525_C|T,23599_T|G,23604_C|A,23854_C|A,23948_G|T,24424_A|T,24469_T|A,24730_A|T,25000_C|T,25416_C|T,25584_C|T,26060_C|T,26270_C|T,26275_A|G,26577_C|G,26709_G|A,26858_C|T,27259_A|C,27382_G|C,27383_A|T,27384_T|C,27807_C|T,28271_A|T,28311_C|T,28881_G|A,28882_G|A,28883_G|C,29422_G|T,29510_A|C,29524_T|C,11288_11296,21633_21641,28362_28370,29734_29759
USA/WI-CDC-LC0953308/2022	XBK	241_C|T,670_T|G,1627_C|T,2790_C|T,3037_C|T,3796_C|T,3927_C|T,4184_G|A,4321_C|T,4586_C|T,5183_C|T,9344_C|T,9424_A|G,9534_C|T,9866_C|T,10029_C|T,10198_C|T,10447_G|A,10449_C|A,12444_A|G,12574_T|C,12880_C|T,14408_C|T,15451_G|A,15714_C|T,17410_C|T,17411_G|T,18163_A|G,18583_G|A,19955_C|T,20055_A|G,21618_C|T,21987_G|A,22001_A|G,22016_T|C,22033_C|A,22190_A|G,22200_T|G,22331_G|A,22577_G|C,22578_G|A,22599_G|C,22674_C|T,22679_T|C,22686_C|T,22688_A|G,22775_G|A,22786_A|C,22813_G|T,22882_T|G,22898_G|A,22942_T|G,22992_G|A,22995_C|A,23013_A|C,23018_T|C,23019_T|C,23031_T|C,23055_A|G,23063_A|T,23075_T|C,23403_A|G,23525_C|T,23599_T|G,23604_C|A,23854_C|A,23948_G|T,24424_A|T,24469_T|A,25000_C|T,25416_C|T,25584_C|T,26060_C|T,26270_C|T,26275_A|G,26577_C|G,26709_G|A,26858_C|T,27259_A|C,27382_G|C,27383_A|T,27384_T|C,27807_C|T,28271_A|T,28311_C|T,28881_G|A,28882_G|A,28883_G|C,29422_G|T,29510_A|C,11288_11296,21633_21641,28362_28370,29734_29759
USA/WI-CDC-LC0953426/2022	XBK	241_C|T,670_T|G,1627_C|T,2790_C|T,3037_C|T,3796_C|T,3927_C|T,4184_G|A,4321_C|T,4586_C|T,5183_C|T,9344_C|T,9424_A|G,9534_C|T,9866_C|T,10029_C|T,10198_C|T,10447_G|A,10449_C|A,12444_A|G,12574_T|C,12880_C|T,14026_A|G,14408_C|T,15451_G|A,15714_C|T,17410_C|T,18163_A|G,18583_G|A,19955_C|T,20055_A|G,21618_C|T,21987_G|A,22001_A|G,22016_T|C,22033_C|A,22190_A|G,22200_T|G,22331_G|A,22577_G|C,22578_G|A,22599_G|C,22674_C|T,22679_T|C,22686_C|T,22688_A|G,22775_G|A,22786_A|C,22813_G|T,22882_T|G,22898_G|A,22942_T|G,22992_G|A,22995_C|A,23013_A|C,23018_T|C,23019_T|C,23031_T|C,23055_A|G,23063_A|T,23075_T|C,23403_A|G,23525_C|T,23599_T|G,23604_C|A,23854_C|A,23948_G|T,24424_A|T,24469_T|A,25000_C|T,25416_C|T,25584_C|T,26060_C|T,26270_C|T,26275_A|G,26577_C|G,26709_G|A,26858_C|T,27259_A|C,27382_G|C,27383_A|T,27384_T|C,27807_C|T,28271_A|T,28311_C|T,28881_G|A,28882_G|A,28883_G|C,29422_G|T,29510_A|C,11288_11296,21633_21641,28362_28370,29734_29759
USA/WI-CDC-LC0969584/2022	XBK	44_C|T,241_C|T,670_T|G,1627_C|T,2790_C|T,3037_C|T,3796_C|T,3927_C|T,4184_G|A,4321_C|T,4586_C|T,5183_C|T,9344_C|T,9424_A|G,9534_C|T,9866_C|T,10029_C|T,10198_C|T,10447_G|A,10449_C|A,12444_A|G,12574_T|C,12880_C|T,14408_C|T,15451_G|A,15714_C|T,17410_C|T,18163_A|G,18583_G|A,19955_C|T,20055_A|G,21618_C|T,21987_G|A,22001_A|G,22016_T|C,22033_C|A,22190_A|G,22200_T|G,22331_G|A,22577_G|C,22578_G|A,22599_G|C,22674_C|T,22679_T|C,22686_C|T,22688_A|G,22775_G|A,22786_A|C,22813_G|T,22882_T|G,22898_G|A,22942_T|G,22992_G|A,22995_C|A,23013_A|C,23018_T|C,23019_T|C,23031_T|C,23055_A|G,23063_A|T,23075_T|C,23403_A|G,23525_C|T,23599_T|G,23604_C|A,23854_C|A,23948_G|T,24424_A|T,24469_T|A,25000_C|T,25416_C|T,25584_C|T,26060_C|T,26270_C|T,26275_A|G,26577_C|G,26709_G|A,26858_C|T,27259_A|C,27382_G|C,27383_A|T,27384_T|C,27807_C|T,28271_A|T,28311_C|T,28881_G|A,28882_G|A,28883_G|C,29422_G|T,29510_A|C,11288_11296,21633_21641,28362_28370,29734_29759
USA/WI-CDC-LC0971442/2022	XBK	241_C|T,670_T|G,1627_C|T,2790_C|T,3037_C|T,3796_C|T,3927_C|T,4184_G|A,4321_C|T,4586_C|T,5183_C|T,9344_C|T,9424_A|G,9534_C|T,9866_C|T,10029_C|T,10198_C|T,10447_G|A,10449_C|A,12444_A|G,12574_T|C,12880_C|T,14408_C|T,15451_G|A,15714_C|T,17410_C|T,18163_A|G,18247_C|T,18583_G|A,19955_C|T,20055_A|G,21618_C|T,21987_G|A,22001_A|G,22016_T|C,22033_C|A,22190_A|G,22200_T|G,22331_G|A,22577_G|C,22578_G|A,22599_G|C,22674_C|T,22679_T|C,22686_C|T,22688_A|G,22775_G|A,22786_A|C,22813_G|T,22882_T|G,22898_G|A,22942_T|G,22992_G|A,22995_C|A,23013_A|C,23018_T|C,23019_T|C,23031_T|C,23055_A|G,23063_A|T,23075_T|C,23403_A|G,23525_C|T,23599_T|G,23604_C|A,23854_C|A,23948_G|T,24424_A|T,24469_T|A,25000_C|T,25416_C|T,25423_G|C,25584_C|T,26060_C|T,26270_C|T,26275_A|G,26577_C|G,26709_G|A,26858_C|T,27259_A|C,27382_G|C,27383_A|T,27384_T|C,27807_C|T,28271_A|T,28311_C|T,28881_G|A,28882_G|A,28883_G|C,29510_A|C,11288_11296,21633_21641,28362_28370,29734_29759
USA/WI-CDC-LC0985077/2022	XBK	241_C|T,670_T|G,1627_C|T,2790_C|T,2950_T|C,3037_C|T,3796_C|T,3927_C|T,4184_G|A,4321_C|T,4586_C|T,5183_C|T,9344_C|T,9424_A|G,9534_C|T,9866_C|T,10029_C|T,10198_C|T,10447_G|A,10449_C|A,12444_A|G,12574_T|C,12880_C|T,14408_C|T,15451_G|A,15714_C|T,17410_C|T,18163_A|G,18583_G|A,19955_C|T,20055_A|G,21618_C|T,21987_G|A,22001_A|G,22016_T|C,22033_C|A,22190_A|G,22200_T|G,22331_G|A,22577_G|C,22578_G|A,22599_G|C,22674_C|T,22679_T|C,22686_C|T,22688_A|G,22775_G|A,22786_A|C,22813_G|T,22882_T|G,22898_G|A,22942_T|G,22992_G|A,22995_C|A,23013_A|C,23018_T|C,23019_T|C,23031_T|C,23055_A|G,23063_A|T,23075_T|C,23403_A|G,23525_C|T,23599_T|G,23604_C|A,23854_C|A,23948_G|T,24424_A|T,24469_T|A,25000_C|T,25416_C|T,25584_C|T,26060_C|T,26270_C|T,26275_A|G,26577_C|G,26709_G|A,26858_C|T,27259_A|C,27382_G|C,27383_A|T,27384_T|C,27807_C|T,28146_C|T,28271_A|T,28311_C|T,28881_G|A,28882_G|A,28883_G|C,29422_G|T,29510_A|C,29524_T|C,11288_11296,21633_21641,27568_27579,28362_28370,29734_29759
USA/WI-CDC-LC0985493/2022	XBK	44_C|T,241_C|T,670_T|G,1627_C|T,2790_C|T,3037_C|T,3796_C|T,3927_C|T,4184_G|A,4321_C|T,4586_C|T,5183_C|T,8950_C|T,9344_C|T,9424_A|G,9534_C|T,9866_C|T,10029_C|T,10198_C|T,10447_G|A,10449_C|A,12444_A|G,12574_T|C,12880_C|T,14408_C|T,15451_G|A,15714_C|T,17410_C|T,18163_A|G,18583_G|A,19955_C|T,20055_A|G,21618_C|T,21987_G|A,22001_A|G,22016_T|C,22033_C|A,22190_A|G,22200_T|G,22331_G|A,22577_G|C,22578_G|A,22599_G|C,22674_C|T,22679_T|C,22686_C|T,22688_A|G,22775_G|A,22786_A|C,22813_G|T,22882_T|G,22898_G|A,22942_T|G,22992_G|A,22995_C|A,23013_A|C,23018_T|C,23019_T|C,23031_T|C,23055_A|G,23063_A|T,23075_T|C,23403_A|G,23525_C|T,23599_T|G,23604_C|A,23854_C|A,23948_G|T,24424_A|T,24469_T|A,25000_C|T,25416_C|T,25584_C|T,26060_C|T,26270_C|T,26275_A|G,26577_C|G,26709_G|A,26858_C|T,27259_A|C,27382_G|C,27383_A|T,27384_T|C,27807_C|T,28271_A|T,28311_C|T,28881_G|A,28882_G|A,28883_G|C,29422_G|T,29510_A|C,11288_11296,21633_21641,28362_28370,29734_29759
USA/WI-CDC-LC0993084/2023	XBK	241_C|T,670_T|G,1627_C|T,2790_C|T,3037_C|T,3796_C|T,3927_C|T,4184_G|A,4321_C|T,4586_C|T,5183_C|T,9344_C|T,9424_A|G,9534_C|T,9866_C|T,10029_C|T,10198_C|T,10447_G|A,10449_C|A,12444_A|G,12574_T|C,12880_C|T,14408_C|T,15451_G|A,15714_C|T,17410_C|T,18163_A|G,18382_G|A,18583_G|A,19955_C|T,20055_A|G,21618_C|T,21987_G|A,22001_A|G,22016_T|C,22033_C|A,22190_A|G,22200_T|G,22331_G|A,22577_G|C,22578_G|A,22599_G|C,22674_C|T,22679_T|C,22686_C|T,22688_A|G,22775_G|A,22786_A|C,22813_G|T,22882_T|G,22898_G|A,22942_T|G,22992_G|A,22995_C|A,23013_A|C,23018_T|C,23019_T|C,23031_T|C,23055_A|G,23063_A|T,23075_T|C,23403_A|G,23525_C|T,23599_T|G,23604_C|A,23854_C|A,23948_G|T,24424_A|T,24469_T|A,25000_C|T,25416_C|T,25584_C|T,26060_C|T,26270_C|T,26275_A|G,26577_C|G,26709_G|A,26858_C|T,27259_A|C,27382_G|C,27383_A|T,27384_T|C,27807_C|T,28271_A|T,28311_C|T,28822_T|G,28881_G|A,28882_G|A,28883_G|C,29510_A|C,11288_11296,21633_21641,28362_28370,29734_29759
USA/WI-CDC-LC0995372/2023	XBK	160_G|A,204_G|A,241_C|T,670_T|G,1627_C|T,2790_C|T,3037_C|T,3796_C|T,3927_C|T,4184_G|A,4321_C|T,4586_C|T,5183_C|T,9344_C|T,9424_A|G,9534_C|T,9866_C|T,9973_G|A,10029_C|T,10198_C|T,10447_G|A,10449_C|A,12444_A|G,12574_T|C,12880_C|T,14408_C|T,15451_G|A,15714_C|T,17410_C|T,18163_A|G,18583_G|A,19955_C|T,20055_A|G,21618_C|T,21987_G|A,22001_A|G,22016_T|C,22033_C|A,22190_A|G,22200_T|G,22331_G|A,22577_G|C,22578_G|A,22599_G|C,22674_C|T,22679_T|C,22686_C|T,22688_A|G,22775_G|A,22786_A|C,22813_G|T,22882_T|G,22898_G|A,22942_T|G,22992_G|A,22995_C|A,23013_A|C,23018_T|C,23019_T|C,23031_T|C,23055_A|G,23063_A|T,23075_T|C,23403_A|G,23525_C|T,23599_T|G,23604_C|A,23854_C|A,23948_G|T,24424_A|T,24469_T|A,25000_C|T,25416_C|T,25584_C|T,26060_C|T,26270_C|T,26275_A|G,26577_C|G,26709_G|A,26858_C|T,27259_A|C,27382_G|C,27383_A|T,27384_T|C,27807_C|T,28271_A|T,28311_C|T,28881_G|A,28882_G|A,28883_G|C,29510_A|C,11288_11296,21633_21641,28362_28370,29734_29759
USA/WI-CDC-LC0998867/2023	XBK	241_C|T,670_T|G,1627_C|T,2674_A|G,2790_C|T,3037_C|T,3601_A|G,3796_C|T,3927_C|T,4184_G|A,4321_C|T,4586_C|T,5183_C|T,9344_C|T,9424_A|G,9534_C|T,9866_C|T,10029_C|T,10198_C|T,10447_G|A,10449_C|A,11524_T|C,12444_A|G,12574_T|C,12880_C|T,14408_C|T,15451_G|A,15714_C|T,17410_C|T,18163_A|G,18583_G|A,19955_C|T,20055_A|G,21618_C|T,21987_G|A,22001_A|G,22016_T|C,22033_C|A,22190_A|G,22200_T|G,22331_G|A,22577_G|C,22578_G|A,22599_G|C,22674_C|T,22679_T|C,22686_C|T,22688_A|G,22775_G|A,22786_A|C,22813_G|T,22882_T|G,22898_G|A,22942_T|G,22992_G|A,22995_C|A,23013_A|C,23018_T|C,23019_T|C,23031_T|C,23055_A|G,23063_A|T,23075_T|C,23403_A|G,23525_C|T,23599_T|G,23604_C|A,23854_C|A,23948_G|T,24424_A|T,24469_T|A,25000_C|T,25416_C|T,25584_C|T,26060_C|T,26235_G|T,26270_C|T,26275_A|G,26577_C|G,26709_G|A,26858_C|T,27259_A|C,27382_G|C,27383_A|T,27384_T|C,27807_C|T,28271_A|T,28311_C|T,28881_G|A,28882_G|A,28883_G|C,29510_A|C,11288_11296,21633_21641,28362_28370,29734_29759
USA/WI-CDC-QDX44485836/2022	XBK	241_C|T,670_T|G,1627_C|T,2790_C|T,3037_C|T,3796_C|T,3927_C|T,4184_G|A,4321_C|T,4586_C|T,5183_C|T,9344_C|T,9424_A|G,9534_C|T,9866_C|T,10029_C|T,10198_C|T,10447_G|A,10449_C|A,12444_A|G,12574_T|C,12880_C|T,14408_C|T,15451_G|A,15714_C|T,17410_C|T,18163_A|G,18583_G|A,19955_C|T,20055_A|G,21618_C|T,21987_G|A,22001_A|G,22016_T|C,22033_C|A,22190_A|G,22200_T|G,22331_G|A,22577_G|C,22578_G|A,22599_G|C,22674_C|T,22679_T|C,22686_C|T,22688_A|G,22775_G|A,22786_A|C,22813_G|T,22882_T|G,22898_G|A,22942_T|G,22992_G|A,22995_C|A,23013_A|C,23018_T|C,23019_T|C,23031_T|C,23055_A|G,23063_A|T,23075_T|C,23403_A|G,23525_C|T,23599_T|G,23604_C|A,23854_C|A,23948_G|T,24424_A|T,24469_T|A,25000_C|T,25416_C|T,25584_C|T,26060_C|T,26270_C|T,26275_A|G,26577_C|G,26709_G|A,26858_C|T,27259_A|C,27382_G|C,27383_A|T,27384_T|C,27807_C|T,28271_A|T,28311_C|T,28881_G|A,28882_G|A,28883_G|C,29510_A|C,11288_11296,21633_21641,28362_28370,29734_29759
USA/WI-CDC-QDX44772904/2022	XBK	241_C|T,670_T|G,1627_C|T,2790_C|T,3037_C|T,3796_C|T,3927_C|T,4184_G|A,4321_C|T,4586_C|T,5183_C|T,6365_C|A,9344_C|T,9424_A|G,9534_C|T,9866_C|T,10029_C|T,10198_C|T,10447_G|A,10449_C|A,12444_A|G,12574_T|C,12880_C|T,14408_C|T,15451_G|A,15714_C|T,17410_C|T,18163_A|G,18583_G|A,19955_C|T,20055_A|G,21618_C|T,21987_G|A,22001_A|G,22016_T|C,22033_C|A,22190_A|G,22200_T|G,22331_G|A,22577_G|C,22578_G|A,22599_G|C,22674_C|T,22679_T|C,22686_C|T,22688_A|G,22775_G|A,22786_A|C,22813_G|T,22882_T|G,22898_G|A,22942_T|G,22992_G|A,22995_C|A,23013_A|C,23018_T|C,23019_T|C,23031_T|C,23055_A|G,23063_A|T,23075_T|C,23403_A|G,23525_C|T,23599_T|G,23604_C|A,23854_C|A,23948_G|T,24424_A|T,24469_T|A,25000_C|T,25416_C|T,25584_C|T,25904_C|T,26060_C|T,26270_C|T,26275_A|G,26577_C|G,26709_G|A,26858_C|T,27259_A|C,27382_G|C,27383_A|T,27384_T|C,27807_C|T,28271_A|T,28311_C|T,28881_G|A,28882_G|A,28883_G|C,29510_A|C,11288_11296,21633_21641,28362_28370,29734_29759
USA/WI-UW-14353/2022	XBK	241_C|T,670_T|G,1627_C|T,2790_C|T,3037_C|T,3796_C|T,3927_C|T,4184_G|A,4321_C|T,4586_C|T,5183_C|T,9344_C|T,9424_A|G,9534_C|T,9866_C|T,10029_C|T,10198_C|T,10447_G|A,10449_C|A,12444_A|G,12574_T|C,12880_C|T,14408_C|T,15451_G|A,15714_C|T,17410_C|T,18163_A|G,18583_G|A,19955_C|T,20055_A|G,21618_C|T,21987_G|A,22001_A|G,22016_T|C,22033_C|A,22190_A|G,22200_T|G,22331_G|A,22577_G|C,22578_G|A,22599_G|C,22674_C|T,22679_T|C,22686_C|T,22688_A|G,22775_G|A,22786_A|C,22813_G|T,22882_T|G,22898_G|A,22942_T|G,22992_G|A,22995_C|A,23013_A|C,23018_T|C,23019_T|C,23031_T|C,23055_A|G,23063_A|T,23075_T|C,23403_A|G,23525_C|T,23599_T|G,23604_C|A,23854_C|A,23948_G|T,24424_A|T,24469_T|A,25000_C|T,25416_C|T,25584_C|T,26060_C|T,26270_C|T,26275_A|G,26577_C|G,26709_G|A,26858_C|T,27259_A|C,27382_G|C,27383_A|T,27384_T|C,27807_C|T,28271_A|T,28311_C|T,28881_G|A,28882_G|A,28883_G|C,29422_G|T,29510_A|C,11288_11296,21633_21641,28362_28370
USA/WI-UW-14393/2022	XBK	241_C|T,281_C|T,670_T|G,1627_C|T,2790_C|T,3037_C|T,3796_C|T,3927_C|T,4184_G|A,4321_C|T,4586_C|T,5183_C|T,9344_C|T,9424_A|G,9534_C|T,9866_C|T,10029_C|T,10198_C|T,10447_G|A,10449_C|A,12444_A|G,12574_T|C,12880_C|T,14408_C|T,15451_G|A,15714_C|T,17410_C|T,18163_A|G,18583_G|A,19955_C|T,20055_A|G,21156_C|T,21618_C|T,21987_G|A,22001_A|G,22016_T|C,22033_C|A,22190_A|G,22200_T|G,22331_G|A,22577_G|C,22578_G|A,22599_G|C,22674_C|T,22679_T|C,22686_C|T,22688_A|G,22775_G|A,22786_A|C,22813_G|T,22882_T|G,22898_G|A,22942_T|G,22992_G|A,22995_C|A,23013_A|C,23018_T|C,23019_T|C,23031_T|C,23055_A|G,23063_A|T,23075_T|C,23403_A|G,23525_C|T,23599_T|G,23604_C|A,23854_C|A,23948_G|T,24424_A|T,24469_T|A,25000_C|T,25416_C|T,25584_C|T,26060_C|T,26270_C|T,26275_A|G,26577_C|G,26709_G|A,26858_C|T,27259_A|C,27382_G|C,27383_A|T,27384_T|C,27807_C|T,28271_A|T,28311_C|T,28881_G|A,28882_G|A,28883_G|C,29422_G|T,29510_A|C,11288_11296,21633_21641,28362_28370
USA/WI-UW-14465/2022	XBK	241_C|T,670_T|G,1627_C|T,2790_C|T,3037_C|T,3796_C|T,3927_C|T,4184_G|A,4321_C|T,4586_C|T,5183_C|T,9344_C|T,9424_A|G,9534_C|T,9866_C|T,10029_C|T,10198_C|T,10447_G|A,10449_C|A,12444_A|G,12574_T|C,12880_C|T,14408_C|T,15451_G|A,15714_C|T,17410_C|T,18163_A|G,18583_G|A,19955_C|T,20055_A|G,21618_C|T,21987_G|A,22001_A|G,22016_T|C,22033_C|A,22190_A|G,22200_T|G,22331_G|A,22577_G|C,22578_G|A,22599_G|C,22674_C|T,22679_T|C,22686_C|T,22688_A|G,22775_G|A,22786_A|C,22813_G|T,22882_T|G,22898_G|A,22942_T|G,22992_G|A,22995_C|A,23013_A|C,23018_T|C,23019_T|C,23031_T|C,23055_A|G,23063_A|T,23075_T|C,23403_A|G,23525_C|T,23599_T|G,23604_C|A,23854_C|A,23948_G|T,24424_A|T,24469_T|A,25000_C|T,25416_C|T,25584_C|T,26060_C|T,26270_C|T,26275_A|G,26577_C|G,26709_G|A,26858_C|T,27259_A|C,27382_G|C,27383_A|T,27384_T|C,27807_C|T,28271_A|T,28311_C|T,28881_G|A,28882_G|A,28883_G|C,29422_G|T,29510_A|C,11288_11296,21633_21641,28362_28370
USA/WI-UW-14466/2022	XBK	241_C|T,670_T|G,1627_C|T,2790_C|T,3037_C|T,3796_C|T,3927_C|T,4184_G|A,4321_C|T,4586_C|T,5183_C|T,9344_C|T,9424_A|G,9534_C|T,9866_C|T,10029_C|T,10198_C|T,10447_G|A,10449_C|A,12444_A|G,12574_T|C,12880_C|T,14408_C|T,15451_G|A,15714_C|T,17410_C|T,18163_A|G,18583_G|A,19955_C|T,20055_A|G,21618_C|T,21987_G|A,22001_A|G,22016_T|C,22033_C|A,22190_A|G,22200_T|G,22331_G|A,22577_G|C,22578_G|A,22599_G|C,22674_C|T,22679_T|C,22686_C|T,22688_A|G,22775_G|A,22786_A|C,22813_G|T,22882_T|G,22898_G|A,22942_T|G,22992_G|A,22995_C|A,23013_A|C,23018_T|C,23019_T|C,23031_T|C,23055_A|G,23063_A|T,23075_T|C,23403_A|G,23525_C|T,23599_T|G,23604_C|A,23854_C|A,23948_G|T,24424_A|T,24469_T|A,25000_C|T,25416_C|T,25584_C|T,26060_C|T,26270_C|T,26275_A|G,26577_C|G,26709_G|A,26858_C|T,27259_A|C,27382_G|C,27383_A|T,27384_T|C,27807_C|T,28271_A|T,28311_C|T,28881_G|A,28882_G|A,28883_G|C,29422_G|T,29510_A|C,11288_11296,21633_21641,28362_28370
USA/WI-UW-14485/2022	XBK	241_C|T,670_T|G,1627_C|T,2790_C|T,3037_C|T,3796_C|T,3927_C|T,4184_G|A,4321_C|T,4586_C|T,5183_C|T,9344_C|T,9424_A|G,9534_C|T,9866_C|T,10029_C|T,10198_C|T,10447_G|A,10449_C|A,12444_A|G,12574_T|C,12880_C|T,14408_C|T,15451_G|A,15714_C|T,17410_C|T,18163_A|G,18583_G|A,19955_C|T,20055_A|G,21618_C|T,21987_G|A,22001_A|G,22016_T|C,22033_C|A,22190_A|G,22200_T|G,22331_G|A,22577_G|C,22578_G|A,22599_G|C,22674_C|T,22679_T|C,22686_C|T,22688_A|G,22775_G|A,22786_A|C,22813_G|T,22882_T|G,22898_G|A,22942_T|G,22992_G|A,22995_C|A,23013_A|C,23018_T|C,23019_T|C,23031_T|C,23055_A|G,23063_A|T,23075_T|C,23403_A|G,23525_C|T,23599_T|G,23604_C|A,23854_C|A,23948_G|T,24424_A|T,24469_T|A,25000_C|T,25416_C|T,25584_C|T,26060_C|T,26270_C|T,26275_A|G,26577_C|G,26709_G|A,26858_C|T,27259_A|C,27382_G|C,27383_A|T,27384_T|C,27807_C|T,28271_A|T,28311_C|T,28881_G|A,28882_G|A,28883_G|C,29422_G|T,29510_A|C,11288_11296,21633_21641,28362_28370
USA/WI-UW-14492/2022	XBK	241_C|T,670_T|G,1627_C|T,2790_C|T,3037_C|T,3796_C|T,3927_C|T,4184_G|A,4321_C|T,4586_C|T,5183_C|T,9344_C|T,9424_A|G,9534_C|T,9866_C|T,10029_C|T,10198_C|T,10447_G|A,10449_C|A,12444_A|G,12574_T|C,12880_C|T,14408_C|T,15451_G|A,15714_C|T,17410_C|T,18163_A|G,18583_G|A,19955_C|T,20055_A|G,21618_C|T,21987_G|A,22001_A|G,22016_T|C,22033_C|A,22190_A|G,22200_T|G,22331_G|A,22577_G|C,22578_G|A,22599_G|C,22674_C|T,22679_T|C,22686_C|T,22688_A|G,22775_G|A,22786_A|C,22813_G|T,22882_T|G,22898_G|A,22942_T|G,22992_G|A,22995_C|A,23013_A|C,23018_T|C,23019_T|C,23031_T|C,23055_A|G,23063_A|T,23075_T|C,23403_A|G,23525_C|T,23599_T|G,23604_C|A,23854_C|A,23948_G|T,24424_A|T,24469_T|A,25000_C|T,25416_C|T,25584_C|T,26060_C|T,26270_C|T,26275_A|G,26577_C|G,26709_G|A,26858_C|T,27259_A|C,27382_G|C,27383_A|T,27384_T|C,27807_C|T,28271_A|T,28311_C|T,28881_G|A,28882_G|A,28883_G|C,29422_G|T,29510_A|C,11288_11296,21633_21641,28362_28370
USA/WI-UW-14498/2022	XBK	241_C|T,670_T|G,1627_C|T,2790_C|T,3037_C|T,3796_C|T,3927_C|T,4184_G|A,4321_C|T,4586_C|T,5183_C|T,9344_C|T,9424_A|G,9534_C|T,9866_C|T,10029_C|T,10198_C|T,10447_G|A,10449_C|A,12444_A|G,12574_T|C,12880_C|T,14408_C|T,15451_G|A,15714_C|T,17410_C|T,18163_A|G,18583_G|A,19955_C|T,20055_A|G,21618_C|T,21987_G|A,22001_A|G,22016_T|C,22033_C|A,22190_A|G,22200_T|G,22331_G|A,22577_G|C,22578_G|A,22599_G|C,22674_C|T,22679_T|C,22686_C|T,22688_A|G,22775_G|A,22786_A|C,22813_G|T,22882_T|G,22898_G|A,22942_T|G,22992_G|A,22995_C|A,23013_A|C,23018_T|C,23019_T|C,23031_T|C,23055_A|G,23063_A|T,23075_T|C,23403_A|G,23525_C|T,23599_T|G,23604_C|A,23854_C|A,23948_G|T,24424_A|T,24469_T|A,25000_C|T,25416_C|T,25584_C|T,26060_C|T,26270_C|T,26275_A|G,26577_C|G,26709_G|A,26858_C|T,27259_A|C,27382_G|C,27383_A|T,27384_T|C,27807_C|T,28271_A|T,28311_C|T,28881_G|A,28882_G|A,28883_G|C,29422_G|T,29510_A|C,11288_11296,21633_21641,28362_28370
USA/WI-UW-14681/2022	XBK	241_C|T,670_T|G,1627_C|T,2790_C|T,3037_C|T,3796_C|T,3927_C|T,4184_G|A,4321_C|T,4586_C|T,5183_C|T,9344_C|T,9424_A|G,9534_C|T,9866_C|T,10029_C|T,10198_C|T,10447_G|A,10449_C|A,12444_A|G,12574_T|C,12880_C|T,14408_C|T,15451_G|A,15714_C|T,17410_C|T,18163_A|G,18583_G|A,19955_C|T,20055_A|G,21618_C|T,21987_G|A,22001_A|G,22016_T|C,22033_C|A,22190_A|G,22200_T|G,22331_G|A,22577_G|C,22578_G|A,22599_G|C,22674_C|T,22679_T|C,22686_C|T,22688_A|G,22775_G|A,22786_A|C,22813_G|T,22882_T|G,22898_G|A,22942_T|G,22992_G|A,22995_C|A,23013_A|C,23018_T|C,23019_T|C,23031_T|C,23055_A|G,23063_A|T,23075_T|C,23403_A|G,23525_C|T,23599_T|G,23604_C|A,23854_C|A,23948_G|T,24424_A|T,24469_T|A,25000_C|T,25416_C|T,25584_C|T,26060_C|T,26270_C|T,26275_A|G,26577_C|G,26709_G|A,26858_C|T,27259_A|C,27382_G|C,27383_A|T,27384_T|C,27807_C|T,28271_A|T,28311_C|T,28881_G|A,28882_G|A,28883_G|C,29422_G|T,29510_A|C,11288_11296,21633_21641,28362_28370
USA/WI-UW-14688/2022	XBK	241_C|T,670_T|G,1627_C|T,2790_C|T,3037_C|T,3796_C|T,3927_C|T,4184_G|A,4321_C|T,4586_C|T,5183_C|T,9344_C|T,9424_A|G,9534_C|T,9866_C|T,10029_C|T,10198_C|T,10447_G|A,10449_C|A,12444_A|G,12574_T|C,12880_C|T,14408_C|T,15451_G|A,15714_C|T,17410_C|T,18163_A|G,18583_G|A,19955_C|T,20055_A|G,21618_C|T,21987_G|A,22001_A|G,22016_T|C,22033_C|A,22190_A|G,22200_T|G,22331_G|A,22577_G|C,22578_G|A,22599_G|C,22674_C|T,22679_T|C,22686_C|T,22688_A|G,22775_G|A,22786_A|C,22813_G|T,22882_T|G,22898_G|A,22942_T|G,22992_G|A,22995_C|A,23013_A|C,23018_T|C,23019_T|C,23031_T|C,23055_A|G,23063_A|T,23075_T|C,23403_A|G,23525_C|T,23599_T|G,23604_C|A,23854_C|A,23948_G|T,24424_A|T,24469_T|A,25000_C|T,25416_C|T,25584_C|T,26060_C|T,26270_C|T,26275_A|G,26577_C|G,26709_G|A,26858_C|T,27259_A|C,27382_G|C,27383_A|T,27384_T|C,27807_C|T,28271_A|T,28311_C|T,28881_G|A,28882_G|A,28883_G|C,29422_G|T,29510_A|C,11288_11296,21633_21641,28362_28370
Wales/QEUH-32638853/2022	XBK	241_C|T,670_T|G,1627_C|T,2544_C|A,2790_C|T,3037_C|T,3796_C|T,3927_C|T,4184_G|A,4321_C|T,4586_C|T,5183_C|T,9344_C|T,9424_A|G,9534_C|T,9866_C|T,10029_C|T,10198_C|T,10447_G|A,10449_C|A,12444_A|G,12574_T|C,12880_C|T,14408_C|T,15451_G|A,15714_C|T,17410_C|T,17562_G|T,18163_A|G,18583_G|A,19955_C|T,20055_A|G,21618_C|T,21987_G|A,22001_A|G,22016_T|C,22033_C|A,22190_A|T,22200_T|G,22331_G|A,22577_G|C,22578_G|A,22599_G|C,22674_C|T,22679_T|C,22686_C|T,22688_A|G,22775_G|A,22786_A|C,22813_G|T,22882_T|G,22898_G|A,22942_T|G,22992_G|A,22995_C|A,23013_A|C,23018_T|C,23019_T|C,23031_T|C,23055_A|G,23063_A|T,23075_T|C,23403_A|G,23525_C|T,23599_T|G,23604_C|A,23854_C|A,23948_G|T,24424_A|T,24469_T|A,25000_C|T,25416_C|T,25584_C|T,26060_C|T,26270_C|T,26275_A|G,26577_C|G,26709_G|A,26858_C|T,27259_A|C,27382_G|C,27383_A|T,27384_T|C,27807_C|T,28271_A|T,28311_C|T,28705_T|C,28881_G|A,28882_G|A,28883_G|C,29510_A|C,11288_11296,21633_21641,28362_28370,29734_29759
IMS-10004-CVDP-A1EC3369-2045-4964-80C4-E980BD9B72BD	XBK	221_T|C,241_C|T,670_T|G,1627_C|T,1823_G|A,2044_C|T,2701_C|T,2790_C|T,3037_C|T,3796_C|T,3927_C|T,4184_G|A,4321_C|T,4586_C|T,5183_C|T,5826_C|T,6136_T|C,6565_A|G,9344_C|T,9424_A|G,9534_C|T,9866_C|T,10029_C|T,10198_C|T,10336_C|A,10447_G|A,10449_C|A,12444_A|G,12574_T|C,12880_C|T,13216_T|C,13768_A|G,14408_C|T,15451_G|A,15624_T|C,15714_C|T,17410_C|T,18163_A|G,18267_C|T,18583_G|A,19524_C|T,19955_C|T,20055_A|G,21618_C|T,21987_G|A,22001_A|G,22016_T|C,22033_C|A,22190_A|G,22200_T|G,22331_G|A,22577_G|C,22578_G|A,22599_G|C,22674_C|T,22679_T|C,22686_C|T,22688_A|G,22775_G|A,22786_A|C,22813_G|T,22882_T|G,22898_G|A,22942_T|G,22992_G|A,22995_C|A,23013_A|C,23018_T|C,23019_T|C,23031_T|C,23055_A|G,23063_A|T,23075_T|C,23403_A|G,23525_C|T,23599_T|G,23604_C|A,23635_C|T,23854_C|A,23948_G|T,24424_A|T,24469_T|A,25000_C|T,25416_C|T,25584_C|T,26060_C|T,26270_C|T,26275_A|G,26577_C|G,26709_G|A,26858_C|T,27259_A|C,27382_G|C,27383_A|T,27384_T|C,27706_G|A,27807_C|T,28271_A|T,28311_C|T,28881_G|A,28882_G|A,28883_G|C,29510_A|C,11288_11296,21633_21641,28362_28370,29734_29759
IMS-10082-CVDP-0E5EF1E3-7087-46CE-B31A-5C6CC9B04170	XBK	221_T|C,241_C|T,670_T|G,1627_C|T,2701_C|T,2790_C|T,3037_C|T,3796_C|T,3927_C|T,4184_G|A,4321_C|T,4586_C|T,5183_C|T,6136_T|C,9344_C|T,9424_A|G,9534_C|T,9866_C|T,10029_C|T,10198_C|T,10447_G|A,10449_C|A,12444_A|G,12574_T|C,12880_C|T,14408_C|T,15451_G|A,15714_C|T,17410_C|T,18163_A|G,18583_G|A,19955_C|T,20055_A|G,21618_C|T,21987_G|A,22001_A|G,22016_T|C,22033_C|A,22190_A|G,22200_T|G,22331_G|A,22577_G|C,22578_G|A,22599_G|C,22674_C|T,22679_T|C,22686_C|T,22688_A|G,22775_G|A,22786_A|C,22813_G|T,22882_T|G,22898_G|A,22942_T|G,22992_G|A,22995_C|A,23013_A|C,23018_T|C,23019_T|C,23031_T|C,23055_A|G,23063_A|T,23075_T|C,23403_A|G,23525_C|T,23599_T|G,23604_C|A,23635_C|T,23854_C|A,23948_G|T,24424_A|T,24469_T|A,25000_C|T,25416_C|T,25584_C|T,26060_C|T,26270_C|T,26275_A|G,26577_C|G,26709_G|A,26858_C|T,27259_A|C,27382_G|C,27383_A|T,27384_T|C,27807_C|T,28271_A|T,28311_C|T,28881_G|A,28882_G|A,28883_G|C,29510_A|C,509_523,11288_11296,21633_21641,27392_27696,28362_28370
IMS-10174-CVDP-7826BF58-951C-41A5-8284-EB3BC4628152	XBK	44_C|T,221_T|C,241_C|T,670_T|G,1627_C|T,2701_C|T,2790_C|T,3037_C|T,3796_C|T,3927_C|T,4184_G|A,4321_C|T,4586_C|T,5183_C|T,6136_T|C,9344_C|T,9424_A|G,9534_C|T,9866_C|T,10029_C|T,10198_C|T,10447_G|A,10449_C|A,12444_A|G,12574_T|C,12880_C|T,14408_C|T,15451_G|A,15714_C|T,17410_C|T,18163_A|G,18175_C|T,18267_C|T,18583_G|A,18651_G|T,19955_C|T,20055_A|G,21618_C|T,21987_G|A,22001_A|G,22016_T|C,22033_C|A,22190_A|G,22200_T|G,22331_G|A,22577_G|C,22578_G|A,22599_G|C,22674_C|T,22679_T|C,22686_C|T,22688_A|G,22775_G|A,22786_A|C,22813_G|T,22882_T|G,22898_G|A,22942_T|G,22992_G|A,22995_C|A,23013_A|C,23018_T|C,23019_T|C,23031_T|C,23055_A|G,23063_A|T,23075_T|C,23403_A|G,23525_C|T,23599_T|G,23604_C|A,23635_C|T,23854_C|A,23948_G|T,24424_A|T,24469_T|A,25000_C|T,25416_C|T,25584_C|T,26060_C|T,26270_C|T,26275_A|G,26577_C|G,26709_G|A,26858_C|T,27092_C|T,27259_A|C,27382_G|C,27383_A|T,27384_T|C,27807_C|T,28271_A|T,28311_C|T,28881_G|A,28882_G|A,28883_G|C,29510_A|C,29778_G|A,11288_11296,21633_21641,28362_28370,29734_29759
IMS-10202-CVDP-178759A3-45DA-4506-BB17-7ECDDFF36954	XBK	44_C|T,221_T|C,241_C|T,670_T|G,1627_C|T,2701_C|T,2790_C|T,3037_C|T,3796_C|T,3927_C|T,4184_G|A,4321_C|T,5183_C|T,6136_T|C,9344_C|T,9424_A|G,9534_C|T,9866_C|T,10029_C|T,10198_C|T,10447_G|A,10449_C|A,12444_A|G,12574_T|C,12880_C|T,14408_C|T,15451_G|A,15714_C|T,17410_C|T,18163_A|G,18583_G|A,19955_C|T,20055_A|G,21618_C|T,21987_G|A,22001_A|G,22016_T|C,22033_C|A,22190_A|G,22200_T|G,22331_G|A,22577_G|C,22578_G|A,22599_G|C,22674_C|T,22679_T|C,22686_C|T,22688_A|G,22775_G|A,22786_A|C,22813_G|T,22882_T|G,22898_G|A,22942_T|G,22992_G|A,22995_C|A,23403_A|G,23525_C|T,23599_T|G,23604_C|A,23635_C|T,23854_C|A,23948_G|T,24424_A|T,24469_T|A,25000_C|T,25416_C|T,25584_C|T,26060_C|T,26270_C|T,26275_A|G,26577_C|G,26709_G|A,26858_C|T,27259_A|C,27382_G|C,27383_A|T,27384_T|C,27807_C|T,28271_A|T,28311_C|T,28881_G|A,28882_G|A,28883_G|C,29510_A|C,509_523,11288_11296,21633_21641,27565_27581,28362_28370,29734_29759
IMS-10768-CVDP-5A90C688-0FBE-4958-9E95-8A8D5B76B3B0	XBK	221_T|C,241_C|T,670_T|G,1627_C|T,2701_C|T,2790_C|T,3037_C|T,3796_C|T,3927_C|T,4184_G|A,4321_C|T,4586_C|T,5183_C|T,6136_T|C,9344_C|T,9424_A|G,9534_C|T,9866_C|T,10029_C|T,10198_C|T,10447_G|A,10449_C|A,12444_A|G,12574_T|C,12880_C|T,14408_C|T,15451_G|A,15714_C|T,17410_C|T,18163_A|G,18583_G|A,19955_C|T,20055_A|G,21618_C|T,21987_G|A,22001_A|G,22016_T|C,22033_C|A,22190_A|G,22200_T|G,22264_C|T,22331_G|A,22577_G|C,22578_G|A,22599_G|C,22674_C|T,22679_T|C,22686_C|T,22688_A|G,22747_C|T,22775_G|A,22786_A|C,22813_G|T,22882_T|G,22898_G|A,22942_T|G,22992_G|A,22995_C|A,23013_A|C,23018_T|C,23019_T|C,23031_T|C,23055_A|G,23063_A|T,23075_T|C,23403_A|G,23525_C|T,23599_T|G,23604_C|A,23635_C|T,23854_C|A,23948_G|T,24424_A|T,24469_T|A,25000_C|T,25416_C|T,25584_C|T,26060_C|T,26270_C|T,26275_A|G,26577_C|G,26709_G|A,26858_C|T,27259_A|C,27382_G|C,27383_A|T,27384_T|C,27798_G|A,27807_C|T,28271_A|T,28311_C|T,28657_C|T,28881_G|A,28882_G|A,28883_G|C,29086_A|G,29510_A|C,516_518,11288_11296,21633_21641,28362_28370,29734_29759
IMS-11088-CVDP-49537557-E52B-4AAF-8FD5-D993A8533863	XBK	221_T|C,241_C|T,670_T|G,1627_C|T,2044_C|T,2701_C|T,2790_C|T,2972_G|A,3037_C|T,3796_C|T,3927_C|T,4184_G|A,4321_C|T,4586_C|T,5183_C|T,5826_C|T,6136_T|C,8275_T|C,9344_C|T,9424_A|G,9534_C|T,9866_C|T,10029_C|T,10198_C|T,10447_G|A,10449_C|A,12444_A|G,12574_T|C,12880_C|T,14408_C|T,15451_G|A,15714_C|T,17410_C|T,18163_A|G,18267_C|T,18583_G|A,19955_C|T,20055_A|G,21618_C|T,21987_G|A,22001_A|G,22016_T|C,22033_C|A,22107_A|C,22190_A|G,22200_T|G,22331_G|A,22577_G|C,22578_G|A,22599_G|C,22674_C|T,22679_T|C,22686_C|T,22688_A|G,22775_G|A,22786_A|C,22813_G|T,22882_T|G,22898_G|A,22942_T|G,22992_G|A,22995_C|A,23013_A|C,23018_T|C,23019_T|C,23031_T|C,23055_A|G,23063_A|T,23075_T|C,23403_A|G,23525_C|T,23599_T|G,23604_C|A,23635_C|T,23854_C|A,23948_G|T,24424_A|T,24469_T|A,24990_C|T,25000_C|T,25416_C|T,25513_C|T,25584_C|T,26060_C|T,26270_C|T,26275_A|G,26577_C|G,26709_G|A,26858_C|T,27259_A|C,27382_G|C,27383_A|T,27384_T|C,27706_G|A,27807_C|T,28271_A|T,28311_C|T,28881_G|A,28882_G|A,28883_G|C,29510_A|C,11288_11296,21633_21641,28090_28095,28362_28370,29734_29759
