genomeID	true_lineage	nuc_changes
OY752687	XCR	241_C|T,405_A|G,670_T|G,1973_C|T,2790_C|T,3037_C|T,4184_G|A,4321_C|T,7564_C|T,8016_C|T,8737_T|C,9344_C|T,9424_A|G,9534_C|T,9866_C|T,10029_C|T,10198_C|T,10447_G|A,10449_C|A,12467_G|T,12880_C|T,13405_C|T,13426_C|T,14408_C|T,15451_G|A,15714_C|T,15738_C|T,15939_T|C,16342_T|C,17124_T|C,17410_C|T,17859_T|C,18163_A|G,19326_A|G,19955_C|T,20055_A|G,21618_C|T,21810_T|C,21987_G|A,22000_C|A,22109_C|G,22200_T|A,22317_G|T,22577_G|C,22578_G|A,22599_G|C,22624_C|T,22664_C|A,22674_C|T,22679_T|C,22686_C|T,22688_A|G,22775_G|A,22786_A|C,22813_G|T,22882_T|G,22895_G|C,22896_T|C,22898_G|A,22927_G|T,22928_T|C,22942_T|G,22992_G|A,22995_C|A,23013_A|C,23018_T|C,23019_T|C,23031_T|C,23055_A|G,23063_A|T,23075_T|C,23280_C|T,23403_A|G,23525_C|T,23599_T|G,23604_C|A,23673_C|T,23854_C|A,23948_G|T,24373_A|C,24424_A|T,24469_T|A,25000_C|T,25359_A|G,25416_C|T,25584_C|T,26060_C|T,26270_C|T,26275_A|G,26577_C|G,26708_A|G,26709_G|A,26858_C|T,27259_A|C,27382_G|C,27383_A|T,27384_T|C,27807_C|T,27915_G|T,28271_A|T,28297_T|C,28311_C|T,28447_A|G,28881_G|A,28882_G|A,28883_G|C,29386_C|T,29510_A|C,11288_11296,21633_21641,21992_21994,28362_28370,29734_29759
OY771916	XCR	241_C|T,405_A|G,670_T|G,1973_C|T,2790_C|T,3037_C|T,4184_G|A,4321_C|T,4540_C|T,7564_C|T,8016_C|T,8737_T|C,9344_C|T,9424_A|G,9534_C|T,9866_C|T,10029_C|T,10198_C|T,10447_G|A,10449_C|A,11449_T|C,12467_G|T,12880_C|T,13405_C|T,14408_C|T,15451_G|A,15714_C|T,15738_C|T,15939_T|C,16342_T|C,17124_T|C,17410_C|T,17615_A|G,17859_T|C,18163_A|G,19326_A|G,19955_C|T,20055_A|G,21618_C|T,21810_T|C,21987_G|A,22000_C|A,22109_C|G,22200_T|A,22317_G|T,22577_G|C,22578_G|A,22599_G|C,22624_C|T,22664_C|A,22674_C|T,22679_T|C,22686_C|T,22688_A|G,22775_G|A,22786_A|C,22813_G|T,22882_T|G,22895_G|C,22896_T|C,22898_G|A,22927_G|T,22928_T|C,22942_T|G,22992_G|A,22995_C|A,23013_A|C,23018_T|C,23019_T|C,23031_T|C,23055_A|G,23063_A|T,23075_T|C,23280_C|T,23403_A|G,23525_C|T,23599_T|G,23604_C|A,23673_C|T,23707_C|T,23854_C|A,23948_G|T,24373_A|C,24424_A|T,24469_T|A,25000_C|T,25359_A|G,25416_C|T,25584_C|T,26060_C|T,26270_C|T,26275_A|G,26577_C|G,26708_A|G,26709_G|A,26858_C|T,27259_A|C,27382_G|C,27383_A|T,27384_T|C,27675_A|C,27807_C|T,27915_G|T,28271_A|T,28297_T|C,28311_C|T,28447_A|G,28881_G|A,28882_G|A,28883_G|C,29296_C|T,29386_C|T,29510_A|C,29666_C|T,11288_11296,21633_21641,21992_21994
OY949191	XCR	241_C|T,405_A|G,670_T|G,1973_C|T,2790_C|T,3037_C|T,4184_G|A,4321_C|T,7564_C|T,8016_C|T,8737_T|C,9344_C|T,9424_A|G,9534_C|T,9866_C|T,10029_C|T,10198_C|T,10447_G|A,10449_C|A,12367_C|T,12467_G|T,12880_C|T,13405_C|T,14408_C|T,15451_G|A,15714_C|T,15738_C|T,15939_T|C,16342_T|C,17124_T|C,17410_C|T,17859_T|C,18115_C|T,18163_A|G,19080_A|G,19326_A|G,19955_C|T,20055_A|G,21618_C|T,21810_T|C,21987_G|A,22000_C|A,22109_C|G,22200_T|A,22317_G|T,22577_G|C,22578_G|A,22599_G|C,22624_C|T,22664_C|A,22674_C|T,22679_T|C,22686_C|T,22688_A|G,22775_G|A,22786_A|C,22813_G|T,22882_T|G,22895_G|C,22896_T|C,22898_G|A,22927_G|T,22928_T|C,22942_T|G,22992_G|A,22995_C|A,23013_A|C,23018_T|C,23019_T|C,23031_T|C,23055_A|G,23063_A|T,23075_T|C,23280_C|T,23403_A|G,23525_C|T,23599_T|G,23604_C|A,23673_C|T,23854_C|A,23948_G|T,24373_A|C,24424_A|T,24469_T|A,25000_C|T,25359_A|G,25416_C|T,25584_C|T,26060_C|T,26270_C|T,26275_A|G,26577_C|G,26708_A|G,26709_G|A,26858_C|T,27259_A|C,27382_G|C,27383_A|T,27384_T|C,27807_C|T,27915_G|T,28271_A|T,28297_T|C,28311_C|T,28447_A|G,28881_G|A,28882_G|A,28883_G|C,29386_C|T,29510_A|C,21633_21641,21992_21994,28362_28370
USA/2023CV3275/2023	XCR	241_C|T,405_A|G,1973_C|T,2790_C|T,3037_C|T,4184_G|A,4321_C|T,7564_C|T,8016_C|T,8737_T|C,9344_C|T,9424_A|G,9534_C|T,9714_C|T,9866_C|T,10029_C|T,10198_C|T,10447_G|A,10449_C|A,12467_G|T,12704_G|A,12880_C|T,13405_C|T,13426_C|T,14408_C|T,15451_G|A,15714_C|T,15738_C|T,15939_T|C,16342_T|C,17124_T|C,17410_C|T,17859_T|C,18163_A|G,19326_A|G,19955_C|T,20055_A|G,21618_C|T,21810_T|C,21987_G|A,22000_C|A,22109_C|G,22200_T|A,22317_G|T,22577_G|C,22578_G|A,22599_G|C,22624_C|T,22664_C|A,22674_C|T,22679_T|C,22686_C|T,22688_A|G,22775_G|A,22786_A|C,22813_G|T,22882_T|G,22895_G|C,22896_T|C,22898_G|A,22927_G|T,22928_T|C,22942_T|G,22992_G|A,22995_C|A,23013_A|C,23018_T|C,23019_T|C,23031_T|C,23055_A|G,23063_A|T,23075_T|C,23280_C|T,23403_A|G,23525_C|T,23599_T|G,23604_C|A,23673_C|T,23854_C|A,23948_G|T,24373_A|C,24424_A|T,24469_T|A,25000_C|T,25359_A|G,25416_C|T,25584_C|T,25678_C|T,26060_C|T,26270_C|T,26275_A|G,26577_C|G,26708_A|G,26709_G|A,26858_C|T,27259_A|C,27382_G|C,27383_A|T,27384_T|C,27672_T|C,27807_C|T,27915_G|T,28271_A|T,28297_T|C,28311_C|T,28447_A|G,28881_G|A,28882_G|A,28883_G|C,29386_C|T,29510_A|C,29700_A|G,11288_11296,21633_21641,21992_21994,28362_28370
USA/2369516/2023	XCR	241_C|T,405_A|G,670_T|G,1973_C|T,2790_C|T,3037_C|T,4184_G|A,4321_C|T,7564_C|T,8016_C|T,8737_T|C,9344_C|T,9424_A|G,9534_C|T,9866_C|T,10029_C|T,10198_C|T,10447_G|A,10449_C|A,12467_G|T,12880_C|T,13405_C|T,13426_C|T,14408_C|T,15451_G|A,15714_C|T,15738_C|T,15939_T|C,16342_T|C,17124_T|C,17410_C|T,17859_T|C,18163_A|G,19326_A|G,19955_C|T,20055_A|G,21618_C|T,21810_T|C,21987_G|A,22000_C|A,22109_C|G,22200_T|A,22317_G|T,22577_G|C,22578_G|A,22599_G|C,22624_C|T,22664_C|A,22674_C|T,22679_T|C,22686_C|T,22688_A|G,22775_G|A,22786_A|C,22813_G|T,22882_T|G,22895_G|C,22896_T|C,22898_G|A,22927_G|T,22928_T|C,22942_T|G,22992_G|A,22995_C|A,23013_A|C,23018_T|C,23019_T|C,23031_T|C,23055_A|G,23063_A|T,23075_T|C,23280_C|T,23403_A|G,23525_C|T,23599_T|G,23604_C|A,23673_C|T,23854_C|A,23948_G|T,24373_A|C,24424_A|T,24469_T|A,25000_C|T,25359_A|G,25416_C|T,25584_C|T,26060_C|T,26270_C|T,26275_A|G,26577_C|G,26708_A|G,26709_G|A,26858_C|T,27259_A|C,27382_G|C,27383_A|T,27384_T|C,27807_C|T,27915_G|T,28271_A|T,28297_T|C,28311_C|T,28447_A|G,28881_G|A,28882_G|A,28883_G|C,29386_C|T,29510_A|C,11288_11296,21633_21641,21992_21994,28362_28370
USA/2373618/2023	XCR	241_C|T,405_A|G,670_T|G,1973_C|T,2790_C|T,3037_C|T,4184_G|A,4321_C|T,7564_C|T,8016_C|T,8737_T|C,9344_C|T,9424_A|G,9534_C|T,9866_C|T,10029_C|T,10198_C|T,10447_G|A,10449_C|A,12467_G|T,12880_C|T,13405_C|T,13426_C|T,14408_C|T,15451_G|A,15714_C|T,15738_C|T,15939_T|C,16342_T|C,17124_T|C,17410_C|T,17859_T|C,18163_A|G,19326_A|G,19955_C|T,20055_A|G,21618_C|T,21810_T|C,21987_G|A,22000_C|A,22109_C|G,22200_T|A,22317_G|T,22577_G|C,22578_G|A,22599_G|C,22624_C|T,22664_C|A,22674_C|T,22679_T|C,22686_C|T,22688_A|G,22775_G|A,22786_A|C,22813_G|T,22882_T|G,22895_G|C,22896_T|C,22898_G|A,22927_G|T,22928_T|C,22942_T|G,22992_G|A,22995_C|A,23013_A|C,23018_T|C,23019_T|C,23031_T|C,23055_A|G,23063_A|T,23075_T|C,23280_C|T,23403_A|G,23525_C|T,23599_T|G,23604_C|A,23673_C|T,23854_C|A,23948_G|T,24373_A|C,24424_A|T,24469_T|A,25000_C|T,25359_A|G,25416_C|T,25584_C|T,26060_C|T,26270_C|T,26275_A|G,26577_C|G,26708_A|G,26709_G|A,26858_C|T,27259_A|C,27382_G|C,27383_A|T,27384_T|C,27807_C|T,27915_G|T,28271_A|T,28297_T|C,28311_C|T,28447_A|G,28881_G|A,28882_G|A,28883_G|C,29386_C|T,29510_A|C,11288_11296,21633_21641,21992_21994,28362_28370
USA/AK-CDC-UW23091496823/2023	XCR	241_C|T,405_A|G,670_T|G,1973_C|T,2790_C|T,3037_C|T,4184_G|A,4321_C|T,7564_C|T,8016_C|T,8737_T|C,9344_C|T,9424_A|G,9534_C|T,9866_C|T,10029_C|T,10198_C|T,10447_G|A,10449_C|A,12467_G|T,12880_C|T,13405_C|T,13426_C|T,14408_C|T,15451_G|A,15714_C|T,15738_C|T,15939_T|C,16342_T|C,17124_T|C,17410_C|T,17859_T|C,18163_A|G,19326_A|G,19955_C|T,20055_A|G,21618_C|T,21810_T|C,21987_G|A,22000_C|A,22109_C|G,22200_T|A,22317_G|T,22577_G|C,22578_G|A,22599_G|C,22624_C|T,22664_C|A,22674_C|T,22679_T|C,22686_C|T,22688_A|G,22775_G|A,22786_A|C,22813_G|T,22882_T|G,22895_G|C,22896_T|C,22898_G|A,22927_G|T,22928_T|C,22942_T|G,22992_G|A,22995_C|A,23013_A|C,23018_T|C,23019_T|C,23031_T|C,23055_A|G,23063_A|T,23075_T|C,23280_C|T,23403_A|G,23525_C|T,23599_T|G,23604_C|A,23673_C|T,23854_C|A,23948_G|T,24373_A|C,24424_A|T,24469_T|A,25000_C|T,25359_A|G,25416_C|T,25584_C|T,26060_C|T,26270_C|T,26275_A|G,26577_C|G,26708_A|G,26709_G|A,26858_C|T,27259_A|C,27382_G|C,27383_A|T,27384_T|C,27672_T|C,27807_C|T,27915_G|T,28271_A|T,28297_T|C,28311_C|T,28447_A|G,28881_G|A,28882_G|A,28883_G|C,29386_C|T,29510_A|C,29700_A|G,11288_11296,21633_21641,21992_21994,28362_28370,29734_29759
USA/CA-CDC-QDX85991816/2023	XCR	241_C|T,405_A|G,670_T|G,1973_C|T,2790_C|T,3037_C|T,4184_G|A,4321_C|T,7564_C|T,8016_C|T,8737_T|C,9344_C|T,9424_A|G,9534_C|T,9866_C|T,10029_C|T,10198_C|T,10447_G|A,10449_C|A,11247_T|C,12467_G|T,12880_C|T,13405_C|T,13426_C|T,14408_C|T,15451_G|A,15714_C|T,15738_C|T,15939_T|C,16342_T|C,17124_T|C,17410_C|T,17859_T|C,18163_A|G,19326_A|G,19955_C|T,20055_A|G,21618_C|T,21810_T|C,21987_G|A,22000_C|A,22109_C|G,22200_T|A,22317_G|T,22577_G|C,22578_G|A,22599_G|C,22624_C|T,22664_C|A,22674_C|T,22679_T|C,22686_C|T,22688_A|G,22775_G|A,22786_A|C,22813_G|T,22882_T|G,22895_G|C,22896_T|C,22898_G|A,22927_G|T,22928_T|C,22942_T|G,22992_G|A,22995_C|A,23013_A|C,23018_T|C,23019_T|C,23031_T|C,23055_A|G,23063_A|T,23075_T|C,23280_C|T,23403_A|G,23525_C|T,23599_T|G,23604_C|A,23673_C|T,23854_C|A,23948_G|T,24373_A|C,24424_A|T,24469_T|A,25000_C|T,25359_A|G,25416_C|T,25584_C|T,26060_C|T,26270_C|T,26275_A|G,26577_C|G,26708_A|G,26709_G|A,26858_C|T,27259_A|C,27382_G|C,27383_A|T,27384_T|C,27807_C|T,27915_G|T,28271_A|T,28297_T|C,28311_C|T,28447_A|G,28881_G|A,28882_G|A,28883_G|C,29386_C|T,29510_A|C,11288_11296,21633_21641,21992_21994,28362_28370,29734_29759
USA/CA-CDC-QDX86658323/2023	XCR	241_C|T,405_A|G,670_T|G,1973_C|T,2790_C|T,3037_C|T,4184_G|A,4321_C|T,7564_C|T,8016_C|T,8737_T|C,9344_C|T,9424_A|G,9534_C|T,9866_C|T,10029_C|T,10198_C|T,10447_G|A,10449_C|A,11247_T|C,12467_G|T,12880_C|T,13405_C|T,13426_C|T,14408_C|T,15451_G|A,15714_C|T,15738_C|T,15939_T|C,16342_T|C,17124_T|C,17410_C|T,17859_T|C,18163_A|G,19326_A|G,19955_C|T,20055_A|G,21618_C|T,21810_T|C,21987_G|A,22000_C|A,22109_C|G,22200_T|A,22317_G|T,22577_G|C,22578_G|A,22599_G|C,22624_C|T,22664_C|A,22674_C|T,22679_T|C,22686_C|T,22688_A|G,22775_G|A,22786_A|C,22813_G|T,22882_T|G,22895_G|C,22896_T|C,22898_G|A,22927_G|T,22928_T|C,22942_T|G,22992_G|A,22995_C|A,23013_A|C,23018_T|C,23019_T|C,23031_T|C,23055_A|G,23063_A|T,23075_T|C,23280_C|T,23403_A|G,23525_C|T,23599_T|G,23604_C|A,23673_C|T,23854_C|A,23948_G|T,24373_A|C,24424_A|T,24469_T|A,25000_C|T,25359_A|G,25416_C|T,25584_C|T,26060_C|T,26270_C|T,26275_A|G,26577_C|G,26708_A|G,26709_G|A,26858_C|T,27259_A|C,27382_G|C,27383_A|T,27384_T|C,27807_C|T,27915_G|T,28271_A|T,28297_T|C,28311_C|T,28447_A|G,28881_G|A,28882_G|A,28883_G|C,29386_C|T,29510_A|C,11288_11296,21633_21641,21992_21994,28362_28370,29734_29759
USA/CA-CDC-QDX87635414/2023	XCR	241_C|T,405_A|G,670_T|G,1973_C|T,2790_C|T,3037_C|T,3259_G|T,4184_G|A,4321_C|T,7564_C|T,8016_C|T,8737_T|C,9344_C|T,9424_A|G,9534_C|T,9866_C|T,10029_C|T,10198_C|T,10447_G|A,10449_C|A,12467_G|T,12880_C|T,13405_C|T,13426_C|T,14408_C|T,15451_G|A,15714_C|T,15738_C|T,15939_T|C,16342_T|C,17124_T|C,17410_C|T,17859_T|C,18163_A|G,19326_A|G,19955_C|T,20055_A|G,21618_C|T,21810_T|C,21987_G|A,21998_C|A,22000_C|A,22109_C|G,22200_T|A,22317_G|T,22577_G|C,22578_G|A,22599_G|C,22624_C|T,22664_C|A,22674_C|T,22679_T|C,22686_C|T,22688_A|G,22775_G|A,22786_A|C,22813_G|T,22882_T|G,22895_G|C,22896_T|C,22898_G|A,22927_G|T,22928_T|C,22942_T|G,22992_G|A,22995_C|A,23013_A|C,23018_T|C,23019_T|C,23031_T|C,23055_A|G,23063_A|T,23075_T|C,23280_C|T,23403_A|G,23525_C|T,23599_T|G,23604_C|A,23673_C|T,23854_C|A,23948_G|T,24373_A|C,24424_A|T,24469_T|A,25000_C|T,25145_G|C,25359_A|G,25416_C|T,25584_C|T,26060_C|T,26270_C|T,26275_A|G,26577_C|G,26708_A|G,26709_G|A,26858_C|T,27259_A|C,27382_G|C,27383_A|T,27384_T|C,27672_T|C,27807_C|T,27915_G|T,28271_A|T,28297_T|C,28311_C|T,28447_A|G,28881_G|A,28882_G|A,28883_G|C,29386_C|T,29510_A|C,29700_A|G,11288_11296,21633_21641,21992_21994,28362_28370,29734_29759
USA/CA-CDC-QDX88429479/2023	XCR	241_C|T,405_A|G,670_T|G,1973_C|T,2790_C|T,3037_C|T,4184_G|A,4321_C|T,7564_C|T,8016_C|T,8737_T|C,9344_C|T,9373_A|G,9424_A|G,9534_C|T,9866_C|T,10029_C|T,10198_C|T,10447_G|A,10449_C|A,12467_G|T,12880_C|T,13405_C|T,13426_C|T,14408_C|T,15451_G|A,15714_C|T,15738_C|T,15939_T|C,16342_T|C,17124_T|C,17410_C|T,17859_T|C,18163_A|G,19326_A|G,19955_C|T,20055_A|G,21618_C|T,21810_T|C,21987_G|A,22000_C|A,22109_C|G,22200_T|A,22317_G|T,22577_G|C,22578_G|A,22599_G|C,22624_C|T,22664_C|A,22674_C|T,22679_T|C,22686_C|T,22688_A|G,22775_G|A,22786_A|C,22813_G|T,22882_T|G,22895_G|C,22896_T|C,22898_G|A,22927_G|T,22928_T|C,22942_T|G,22992_G|A,22995_C|A,23013_A|C,23018_T|C,23019_T|C,23031_T|C,23055_A|G,23063_A|T,23075_T|C,23280_C|T,23403_A|G,23525_C|T,23599_T|G,23604_C|A,23673_C|T,23854_C|A,23948_G|T,24373_A|C,24424_A|T,24469_T|A,25000_C|T,25359_A|G,25416_C|T,25584_C|T,26060_C|T,26270_C|T,26275_A|G,26577_C|G,26708_A|G,26709_G|A,26858_C|T,27259_A|C,27382_G|C,27383_A|T,27384_T|C,27672_T|C,27807_C|T,27915_G|T,28271_A|T,28297_T|C,28311_C|T,28447_A|G,28881_G|A,28882_G|A,28883_G|C,29386_C|T,29510_A|C,29700_A|G,11288_11296,21633_21641,21992_21994,28362_28370,29734_29759
USA/CA-CDC-QDX90592672/2023	XCR	241_C|T,405_A|G,670_T|G,1973_C|T,2790_C|T,3037_C|T,4184_G|A,4321_C|T,6401_C|T,7564_C|T,8016_C|T,8737_T|C,9344_C|T,9424_A|G,9534_C|T,9866_C|T,10029_C|T,10198_C|T,10447_G|A,10449_C|A,11247_T|C,12467_G|T,12880_C|T,13405_C|T,13426_C|T,14408_C|T,15451_G|A,15714_C|T,15738_C|T,15939_T|C,16342_T|C,17124_T|C,17410_C|T,17859_T|C,18163_A|G,19326_A|G,19955_C|T,20055_A|G,21618_C|T,21810_T|C,21987_G|A,22000_C|A,22109_C|G,22200_T|A,22317_G|T,22577_G|C,22578_G|A,22599_G|C,22624_C|T,22658_T|G,22664_C|A,22674_C|T,22679_T|C,22686_C|T,22688_A|G,22775_G|A,22786_A|C,22813_G|T,22882_T|G,22895_G|C,22896_T|C,22898_G|A,22927_G|T,22928_T|C,22942_T|G,22992_G|A,22995_C|A,23013_A|C,23018_T|C,23019_T|C,23031_T|C,23055_A|G,23063_A|T,23075_T|C,23280_C|T,23403_A|G,23525_C|T,23599_T|G,23604_C|A,23673_C|T,23821_G|A,23854_C|A,23948_G|T,24373_A|C,24424_A|T,24469_T|A,25000_C|T,25359_A|G,25416_C|T,25584_C|T,26060_C|T,26270_C|T,26275_A|G,26577_C|G,26708_A|G,26709_G|A,26858_C|T,27259_A|C,27382_G|C,27383_A|T,27384_T|C,27758_G|A,27807_C|T,27915_G|T,28271_A|T,28297_T|C,28311_C|T,28447_A|G,28881_G|A,28882_G|A,28883_G|C,29386_C|T,29510_A|C,11288_11296,21633_21641,21992_21994,28362_28370,29734_29759
USA/CA-CDC-VSX-A337207/2024	XCR	44_C|T,241_C|T,405_A|G,670_T|G,1973_C|T,2790_C|T,3037_C|T,4184_G|A,4321_C|T,5806_C|T,7564_C|T,8016_C|T,8737_T|C,9344_C|T,9424_A|G,9534_C|T,9866_C|T,10029_C|T,10198_C|T,10447_G|A,10449_C|A,12467_G|T,12880_C|T,12890_C|T,13405_C|T,13426_C|T,14408_C|T,15451_G|A,15714_C|T,15738_C|T,15939_T|C,16342_T|C,17124_T|C,17410_C|T,17859_T|C,18163_A|G,19326_A|G,19955_C|T,20055_A|G,21618_C|T,21810_T|C,21987_G|A,22000_C|A,22109_C|G,22200_T|A,22317_G|T,22577_G|C,22578_G|A,22599_G|C,22624_C|T,22664_C|A,22674_C|T,22679_T|C,22686_C|T,22688_A|G,22882_T|G,22895_G|C,22896_T|C,22898_G|A,22927_G|T,22928_T|C,22942_T|G,22992_G|A,22995_C|A,23013_A|C,23018_T|C,23019_T|C,23031_T|C,23055_A|G,23063_A|T,23075_T|C,23280_C|T,23403_A|G,23525_C|T,23557_C|T,23599_T|G,23604_C|A,23673_C|T,23854_C|A,23948_G|T,24373_A|C,24424_A|T,24469_T|A,24724_G|A,25000_C|T,25359_A|G,25416_C|T,25584_C|T,26060_C|T,26270_C|T,26275_A|G,26577_C|G,26708_A|G,26709_G|A,26858_C|T,27259_A|C,27382_G|C,27383_A|T,27384_T|C,27807_C|T,27915_G|T,28271_A|T,28297_T|C,28311_C|T,28447_A|G,28881_G|A,28882_G|A,28883_G|C,29386_C|T,29510_A|C,11288_11296,21633_21641,21992_21994,28362_28370,29734_29759
USA/CA-CDPH-500127145/2023	XCR	44_C|T,241_C|T,405_A|G,670_T|G,1973_C|T,2790_C|T,3037_C|T,4184_G|A,4321_C|T,7564_C|T,8016_C|T,8737_T|C,9344_C|T,9424_A|G,9534_C|T,9866_C|T,10029_C|T,10198_C|T,10447_G|A,10449_C|A,12467_G|T,12880_C|T,13405_C|T,13426_C|T,14408_C|T,15451_G|A,15714_C|T,15738_C|T,15939_T|C,16342_T|C,17124_T|C,17410_C|T,17859_T|C,18163_A|G,19326_A|G,19955_C|T,20055_A|G,21618_C|T,21810_T|C,21987_G|A,22000_C|A,22109_C|G,22200_T|A,22317_G|T,22577_G|C,22578_G|A,22599_G|C,22624_C|T,22664_C|A,22674_C|T,22679_T|C,22686_C|T,22688_A|G,22775_G|A,22786_A|C,22882_T|G,22895_G|C,22896_T|C,22898_G|A,22927_G|T,22928_T|C,22942_T|G,22992_G|A,22995_C|A,23013_A|C,23018_T|C,23019_T|C,23031_T|C,23055_A|G,23063_A|T,23075_T|C,23280_C|T,23403_A|G,23525_C|T,23599_T|G,23604_C|A,23673_C|T,23854_C|A,23948_G|T,24373_A|C,24424_A|T,24469_T|A,25000_C|T,25359_A|G,25416_C|T,25584_C|T,26060_C|T,26270_C|T,26275_A|G,26577_C|G,26708_A|G,26709_G|A,26858_C|T,27259_A|C,27382_G|C,27383_A|T,27384_T|C,27807_C|T,27915_G|T,28271_A|T,28297_T|C,28311_C|T,28447_A|G,28881_G|A,28882_G|A,28883_G|C,29386_C|T,29510_A|C,11288_11296,21633_21641,21992_21994,28362_28370,29734_29759
USA/CA-CDPH-500127300/2023	XCR	44_C|T,241_C|T,405_A|G,670_T|G,673_C|T,1973_C|T,2790_C|T,3037_C|T,4184_G|A,4321_C|T,7564_C|T,8016_C|T,8737_T|C,9344_C|T,9424_A|G,9534_C|T,9866_C|T,10029_C|T,10198_C|T,10447_G|A,10449_C|A,12467_G|T,12880_C|T,13405_C|T,13426_C|T,14408_C|T,15451_G|A,15714_C|T,15738_C|T,15939_T|C,16293_C|T,16342_T|C,17124_T|C,17410_C|T,17859_T|C,18163_A|G,19326_A|G,19955_C|T,20055_A|G,21618_C|T,21810_T|C,21987_G|A,22000_C|A,22109_C|G,22200_T|A,22317_G|T,22577_G|C,22578_G|A,22599_G|C,22624_C|T,22664_C|A,22674_C|T,22679_T|C,22686_C|T,22688_A|G,22775_G|A,22786_A|C,22882_T|G,22895_G|C,22896_T|C,22898_G|A,22927_G|T,22928_T|C,22942_T|G,22992_G|A,22995_C|A,23013_A|C,23018_T|C,23019_T|C,23031_T|C,23032_T|C,23055_A|G,23063_A|T,23075_T|C,23280_C|T,23403_A|G,23525_C|T,23599_T|G,23604_C|A,23673_C|T,23854_C|A,23948_G|T,24373_A|C,24424_A|T,24469_T|A,25000_C|T,25359_A|G,25416_C|T,25584_C|T,26060_C|T,26270_C|T,26275_A|G,26577_C|G,26708_A|G,26709_G|A,26858_C|T,27259_A|C,27382_G|C,27383_A|T,27384_T|C,27807_C|T,27915_G|T,28271_A|T,28297_T|C,28311_C|T,28447_A|G,28881_G|A,28882_G|A,28883_G|C,29386_C|T,29510_A|C,11288_11296,21633_21641,21992_21994,28362_28370,29734_29759
USA/CA-CDPH-500127610/2023	XCR	44_C|T,241_C|T,405_A|G,670_T|G,1973_C|T,2790_C|T,3037_C|T,4184_G|A,4321_C|T,7564_C|T,8016_C|T,8737_T|C,9344_C|T,9424_A|G,9534_C|T,9866_C|T,10029_C|T,10198_C|T,10447_G|A,10449_C|A,11247_T|C,12467_G|T,12880_C|T,13405_C|T,13426_C|T,14408_C|T,15451_G|A,15714_C|T,15738_C|T,15939_T|C,16342_T|C,17124_T|C,17410_C|T,17859_T|C,18163_A|G,19326_A|G,19955_C|T,20055_A|G,21618_C|T,21810_T|C,21987_G|A,22000_C|A,22109_C|G,22200_T|A,22317_G|T,22577_G|C,22578_G|A,22599_G|C,22624_C|T,22664_C|A,22674_C|T,22679_T|C,22686_C|T,22688_A|G,22775_G|A,22786_A|C,22882_T|G,22895_G|C,22896_T|C,22898_G|A,22927_G|T,22928_T|C,22942_T|G,22992_G|A,22995_C|A,23013_A|C,23018_T|C,23019_T|C,23031_T|C,23055_A|G,23063_A|T,23075_T|C,23280_C|T,23403_A|G,23525_C|T,23599_T|G,23604_C|A,23673_C|T,23854_C|A,23948_G|T,24373_A|C,24424_A|T,24469_T|A,25000_C|T,25359_A|G,25416_C|T,25584_C|T,26060_C|T,26270_C|T,26275_A|G,26577_C|G,26708_A|G,26709_G|A,26858_C|T,27259_A|C,27382_G|C,27383_A|T,27384_T|C,27807_C|T,27915_G|T,28271_A|T,28297_T|C,28311_C|T,28447_A|G,28881_G|A,28882_G|A,28883_G|C,29386_C|T,29510_A|C,11288_11296,21633_21641,21992_21994,28362_28370,29734_29759
USA/CA-CDPH-500127916/2023	XCR	44_C|T,241_C|T,405_A|G,670_T|G,1973_C|T,2790_C|T,3037_C|T,4184_G|A,4321_C|T,7564_C|T,8016_C|T,8737_T|C,9344_C|T,9424_A|G,9534_C|T,9866_C|T,10029_C|T,10198_C|T,10447_G|A,10449_C|A,12467_G|T,12880_C|T,13405_C|T,13426_C|T,14408_C|T,15451_G|A,15714_C|T,15738_C|T,15939_T|C,16342_T|C,17124_T|C,17410_C|T,17859_T|C,18163_A|G,19326_A|G,19955_C|T,20055_A|G,21618_C|T,21810_T|C,21987_G|A,21998_C|A,22000_C|A,22109_C|G,22200_T|A,22317_G|T,22577_G|C,22578_G|A,22599_G|C,22624_C|T,22664_C|A,22674_C|T,22679_T|C,22686_C|T,22688_A|G,22775_G|A,22786_A|C,22882_T|G,22895_G|C,22896_T|C,22898_G|A,22927_G|T,22928_T|C,22942_T|G,22992_G|A,22995_C|A,23013_A|C,23018_T|C,23019_T|C,23031_T|C,23055_A|G,23063_A|T,23075_T|C,23280_C|T,23403_A|G,23525_C|T,23599_T|G,23604_C|A,23673_C|T,23854_C|A,23948_G|T,24373_A|C,24424_A|T,24469_T|A,25000_C|T,25359_A|G,25416_C|T,25584_C|T,26060_C|T,26270_C|T,26275_A|G,26577_C|G,26708_A|G,26709_G|A,26858_C|T,27259_A|C,27382_G|C,27383_A|T,27384_T|C,27532_C|T,27672_T|C,27807_C|T,27915_G|T,28271_A|T,28297_T|C,28311_C|T,28447_A|G,28881_G|A,28882_G|A,28883_G|C,29386_C|T,29510_A|C,29700_A|G,510_518,11288_11296,21633_21641,21992_21994,28362_28370,29734_29759
USA/CA-CDPH-500127966/2023	XCR	44_C|T,241_C|T,405_A|G,670_T|G,1973_C|T,2790_C|T,3037_C|T,4184_G|A,4321_C|T,7564_C|T,8016_C|T,8737_T|C,9344_C|T,9424_A|G,9534_C|T,9866_C|T,10029_C|T,10198_C|T,10447_G|A,10449_C|A,12467_G|T,12880_C|T,13405_C|T,13426_C|T,14408_C|T,15451_G|A,15714_C|T,15738_C|T,15939_T|C,16342_T|C,17124_T|C,17410_C|T,17859_T|C,18163_A|G,19326_A|G,19955_C|T,20055_A|G,21618_C|T,21810_T|C,21987_G|A,22000_C|A,22109_C|G,22200_T|A,22317_G|T,22577_G|C,22578_G|A,22599_G|C,22624_C|T,22664_C|A,22674_C|T,22679_T|C,22686_C|T,22688_A|G,22775_G|A,22786_A|C,22882_T|G,22895_G|C,22896_T|C,22898_G|A,22927_G|T,22928_T|C,22942_T|G,22992_G|A,22995_C|A,23013_A|C,23018_T|C,23019_T|C,23031_T|C,23055_A|G,23063_A|T,23075_T|C,23280_C|T,23403_A|G,23525_C|T,23599_T|G,23604_C|A,23673_C|T,23854_C|A,23948_G|T,24373_A|C,24424_A|T,24469_T|A,25000_C|T,25359_A|G,25416_C|T,25584_C|T,26060_C|T,26270_C|T,26275_A|G,26577_C|G,26708_A|G,26709_G|A,26801_C|T,26858_C|T,27259_A|C,27382_G|C,27383_A|T,27384_T|C,27807_C|T,27915_G|T,28271_A|T,28297_T|C,28311_C|T,28447_A|G,28881_G|A,28882_G|A,28883_G|C,29386_C|T,29510_A|C,11288_11296,21633_21641,21992_21994,28362_28370,29734_29759
USA/CA-CDPH-500128002/2023	XCR	44_C|T,241_C|T,405_A|G,670_T|G,1973_C|T,2790_C|T,3037_C|T,4184_G|A,4321_C|T,7564_C|T,8016_C|T,8737_T|C,9344_C|T,9424_A|G,9534_C|T,9866_C|T,10029_C|T,10198_C|T,10447_G|A,10449_C|A,12467_G|T,12784_C|T,12880_C|T,13405_C|T,13426_C|T,14408_C|T,15451_G|A,15714_C|T,15738_C|T,15939_T|C,16342_T|C,17124_T|C,17410_C|T,17859_T|C,18163_A|G,19326_A|G,19955_C|T,20055_A|G,21618_C|T,21810_T|C,21987_G|A,22000_C|A,22109_C|G,22200_T|A,22317_G|T,22577_G|C,22578_G|A,22599_G|C,22624_C|T,22664_C|A,22674_C|T,22679_T|C,22686_C|T,22688_A|G,22775_G|A,22786_A|C,22882_T|G,22895_G|C,22896_T|C,22898_G|A,22927_G|T,22928_T|C,22942_T|G,22992_G|A,22995_C|A,23013_A|C,23018_T|C,23019_T|C,23031_T|C,23055_A|G,23063_A|T,23075_T|C,23280_C|T,23403_A|G,23525_C|T,23599_T|G,23604_C|A,23673_C|T,23854_C|A,23948_G|T,24373_A|C,24424_A|T,24469_T|A,25000_C|T,25359_A|G,25416_C|T,25584_C|T,26060_C|T,26270_C|T,26275_A|G,26577_C|G,26708_A|G,26709_G|A,26858_C|T,27259_A|C,27382_G|C,27383_A|T,27384_T|C,27807_C|T,27915_G|T,28253_C|T,28271_A|T,28297_T|C,28311_C|T,28447_A|G,28881_G|A,28882_G|A,28883_G|C,29386_C|T,29510_A|C,11288_11296,21633_21641,21992_21994,28362_28370,29734_29759
USA/CA-CDPH-500128087/2023	XCR	44_C|T,241_C|T,405_A|G,670_T|G,673_C|T,1973_C|T,2790_C|T,3037_C|T,4184_G|A,4321_C|T,7564_C|T,8016_C|T,8737_T|C,9344_C|T,9424_A|G,9534_C|T,9866_C|T,10029_C|T,10198_C|T,10447_G|A,10449_C|A,12467_G|T,12880_C|T,13405_C|T,13426_C|T,14408_C|T,15451_G|A,15714_C|T,15738_C|T,15939_T|C,16342_T|C,17124_T|C,17410_C|T,17859_T|C,18163_A|G,19326_A|G,19955_C|T,20055_A|G,21618_C|T,21810_T|C,21987_G|A,22000_C|A,22109_C|G,22200_T|A,22317_G|T,22577_G|C,22578_G|A,22599_G|C,22624_C|T,22664_C|A,22674_C|T,22679_T|C,22686_C|T,22688_A|G,22775_G|A,22786_A|C,22882_T|G,22895_G|C,22896_T|C,22898_G|A,22927_G|T,22928_T|C,22942_T|G,22992_G|A,22995_C|A,23013_A|C,23018_T|C,23019_T|C,23031_T|C,23032_T|C,23055_A|G,23063_A|T,23075_T|C,23280_C|T,23403_A|G,23525_C|T,23599_T|G,23604_C|A,23673_C|T,23854_C|A,23948_G|T,24373_A|C,24424_A|T,24469_T|A,25000_C|T,25359_A|G,25416_C|T,25584_C|T,26060_C|T,26270_C|T,26275_A|G,26577_C|G,26708_A|G,26709_G|A,26858_C|T,27259_A|C,27382_G|C,27383_A|T,27384_T|C,27807_C|T,27915_G|T,28271_A|T,28297_T|C,28311_C|T,28447_A|G,28881_G|A,28882_G|A,28883_G|C,29386_C|T,29510_A|C,11288_11296,21633_21641,21992_21994,28362_28370,29734_29759
USA/CA-CDPH-500128126/2023	XCR	44_C|T,241_C|T,405_A|G,670_T|G,1564_T|C,1973_C|T,2790_C|T,3037_C|T,4184_G|A,4321_C|T,7564_C|T,8016_C|T,8737_T|C,9344_C|T,9424_A|G,9534_C|T,9866_C|T,10029_C|T,10198_C|T,10447_G|A,10449_C|A,12467_G|T,12880_C|T,13405_C|T,13426_C|T,14408_C|T,15451_G|A,15714_C|T,15738_C|T,15939_T|C,16342_T|C,17124_T|C,17410_C|T,17859_T|C,18163_A|G,19326_A|G,19955_C|T,20055_A|G,21618_C|T,21810_T|C,21987_G|A,21998_C|A,22000_C|A,22109_C|G,22200_T|A,22317_G|T,22577_G|C,22578_G|A,22599_G|C,22624_C|T,22664_C|A,22674_C|T,22679_T|C,22686_C|T,22688_A|G,22775_G|A,22786_A|C,22882_T|G,22895_G|C,22896_T|C,22898_G|A,22927_G|T,22928_T|C,22942_T|G,22992_G|A,22995_C|A,23013_A|C,23018_T|C,23019_T|C,23031_T|C,23055_A|G,23063_A|T,23075_T|C,23280_C|T,23403_A|G,23525_C|T,23599_T|G,23604_C|A,23673_C|T,23854_C|A,23948_G|T,24373_A|C,24424_A|T,24469_T|A,25000_C|T,25359_A|G,25416_C|T,25584_C|T,26060_C|T,26270_C|T,26275_A|G,26577_C|G,26708_A|G,26709_G|A,26858_C|T,27259_A|C,27382_G|C,27383_A|T,27384_T|C,27532_C|T,27672_T|C,27807_C|T,27915_G|T,28271_A|T,28297_T|C,28311_C|T,28447_A|G,28881_G|A,28882_G|A,28883_G|C,29386_C|T,29510_A|C,29700_A|G,11288_11296,21633_21641,21992_21994,28362_28370,29734_29759
USA/CA-CDPH-500128127/2023	XCR	44_C|T,241_C|T,405_A|G,670_T|G,1973_C|T,2790_C|T,3037_C|T,4184_G|A,4321_C|T,7564_C|T,8016_C|T,8737_T|C,9344_C|T,9424_A|G,9534_C|T,9866_C|T,10029_C|T,10198_C|T,10447_G|A,10449_C|A,12467_G|T,12880_C|T,13405_C|T,13426_C|T,14408_C|T,15451_G|A,15714_C|T,15738_C|T,15939_T|C,16342_T|C,17124_T|C,17410_C|T,17859_T|C,18163_A|G,19326_A|G,19955_C|T,20055_A|G,21618_C|T,21810_T|C,21987_G|A,21998_C|A,22000_C|A,22109_C|G,22200_T|A,22317_G|T,22577_G|C,22578_G|A,22599_G|C,22624_C|T,22664_C|A,22674_C|T,22679_T|C,22686_C|T,22688_A|G,22775_G|A,22786_A|C,22882_T|G,22895_G|C,22896_T|C,22898_G|A,22927_G|T,22928_T|C,22942_T|G,22992_G|A,22995_C|A,23013_A|C,23018_T|C,23019_T|C,23031_T|C,23055_A|G,23063_A|T,23075_T|C,23280_C|T,23403_A|G,23525_C|T,23599_T|G,23604_C|A,23673_C|T,23854_C|A,23948_G|T,24373_A|C,24424_A|T,24469_T|A,25000_C|T,25359_A|G,25416_C|T,25584_C|T,26060_C|T,26270_C|T,26275_A|G,26577_C|G,26708_A|G,26709_G|A,26858_C|T,27259_A|C,27382_G|C,27383_A|T,27384_T|C,27532_C|T,27672_T|C,27807_C|T,27915_G|T,28271_A|T,28297_T|C,28311_C|T,28447_A|G,28881_G|A,28882_G|A,28883_G|C,29386_C|T,29510_A|C,29700_A|G,11288_11296,21633_21641,21992_21994,28362_28370,29734_29759
USA/CA-CDPH-500128151/2023	XCR	44_C|T,241_C|T,405_A|G,670_T|G,673_C|T,1973_C|T,2790_C|T,3037_C|T,4184_G|A,4321_C|T,7564_C|T,8016_C|T,8737_T|C,9344_C|T,9424_A|G,9534_C|T,9866_C|T,10029_C|T,10198_C|T,10447_G|A,10449_C|A,12467_G|T,12880_C|T,13405_C|T,13426_C|T,14408_C|T,15181_G|A,15451_G|A,15714_C|T,15738_C|T,15939_T|C,16342_T|C,17124_T|C,17410_C|T,17859_T|C,18163_A|G,19326_A|G,19955_C|T,20055_A|G,21618_C|T,21810_T|C,21987_G|A,22000_C|A,22109_C|G,22200_T|A,22317_G|T,22577_G|C,22578_G|A,22599_G|C,22624_C|T,22664_C|A,22674_C|T,22679_T|C,22686_C|T,22688_A|G,22775_G|A,22786_A|C,22882_T|G,22895_G|C,22896_T|C,22898_G|A,22927_G|T,22928_T|C,22942_T|G,22992_G|A,22995_C|A,23013_A|C,23018_T|C,23019_T|C,23031_T|C,23032_T|C,23055_A|G,23063_A|T,23075_T|C,23280_C|T,23403_A|G,23525_C|T,23599_T|G,23604_C|A,23673_C|T,23854_C|A,23948_G|T,24373_A|C,24424_A|T,24469_T|A,25000_C|T,25359_A|G,25416_C|T,25584_C|T,26060_C|T,26270_C|T,26275_A|G,26577_C|G,26708_A|G,26709_G|A,26858_C|T,27259_A|C,27382_G|C,27383_A|T,27384_T|C,27807_C|T,27915_G|T,28271_A|T,28297_T|C,28311_C|T,28332_C|A,28447_A|G,28881_G|A,28882_G|A,28883_G|C,29386_C|T,29510_A|C,11288_11296,21633_21641,21992_21994,28362_28370,29734_29759
USA/CA-CDPH-500128652/2023	XCR	44_C|T,241_C|T,405_A|G,670_T|G,1973_C|T,2790_C|T,3037_C|T,4184_G|A,4321_C|T,7564_C|T,8016_C|T,8737_T|C,9344_C|T,9424_A|G,9534_C|T,9866_C|T,10029_C|T,10198_C|T,10447_G|A,10449_C|A,11522_T|G,12467_G|T,12880_C|T,13405_C|T,13426_C|T,14408_C|T,15451_G|A,15714_C|T,15738_C|T,15939_T|C,16342_T|C,17124_T|C,17410_C|T,17859_T|C,18163_A|G,19326_A|G,19955_C|T,20055_A|G,21618_C|T,21810_T|C,21987_G|A,22000_C|A,22109_C|G,22200_T|A,22317_G|T,22577_G|C,22578_G|A,22599_G|C,22624_C|T,22664_C|A,22674_C|T,22679_T|C,22686_C|T,22688_A|G,22775_G|A,22786_A|C,22882_T|G,22895_G|C,22896_T|C,22898_G|A,22927_G|T,22928_T|C,22942_T|G,22992_G|A,22995_C|A,23013_A|C,23018_T|C,23019_T|C,23031_T|C,23055_A|G,23063_A|T,23075_T|C,23280_C|T,23403_A|G,23525_C|T,23599_T|G,23604_C|A,23673_C|T,23854_C|A,23948_G|T,24373_A|C,24424_A|T,24469_T|A,25000_C|T,25359_A|G,25416_C|T,25584_C|T,26060_C|T,26262_G|A,26270_C|T,26275_A|G,26577_C|G,26681_C|T,26708_A|G,26709_G|A,26858_C|T,27259_A|C,27382_G|C,27383_A|T,27384_T|C,27807_C|T,27915_G|T,28271_A|T,28297_T|C,28311_C|T,28447_A|G,28881_G|A,28882_G|A,28883_G|C,29386_C|T,29510_A|C,11288_11296,21633_21641,21992_21994,28362_28370,29734_29759
USA/CA-CDPH-500128738/2023	XCR	44_C|T,241_C|T,405_A|G,670_T|G,1973_C|T,2790_C|T,3037_C|T,4184_G|A,4321_C|T,7564_C|T,8016_C|T,8737_T|C,9344_C|T,9424_A|G,9534_C|T,9866_C|T,10029_C|T,10198_C|T,10447_G|A,10449_C|A,12467_G|T,12880_C|T,13405_C|T,13426_C|T,14408_C|T,14514_T|C,15451_G|A,15714_C|T,15738_C|T,15939_T|C,16342_T|C,17124_T|C,17410_C|T,17859_T|C,18163_A|G,19326_A|G,19955_C|T,20055_A|G,21618_C|T,21810_T|C,21987_G|A,22000_C|A,22109_C|G,22200_T|A,22317_G|T,22577_G|C,22578_G|A,22599_G|C,22624_C|T,22664_C|A,22674_C|T,22679_T|C,22686_C|T,22688_A|G,22775_G|A,22786_A|C,22882_T|G,22895_G|C,22896_T|C,22898_G|A,22927_G|T,22928_T|C,22942_T|G,22992_G|A,22995_C|A,23013_A|C,23018_T|C,23019_T|C,23031_T|C,23055_A|G,23063_A|T,23075_T|C,23280_C|T,23403_A|G,23525_C|T,23599_T|G,23604_C|A,23673_C|T,23854_C|A,23948_G|T,24373_A|C,24424_A|T,24469_T|A,25000_C|T,25359_A|G,25416_C|T,25584_C|T,26060_C|T,26270_C|T,26275_A|G,26577_C|G,26708_A|G,26709_G|A,26858_C|T,27259_A|C,27382_G|C,27383_A|T,27384_T|C,27807_C|T,27915_G|T,28271_A|T,28297_T|C,28311_C|T,28447_A|G,28881_G|A,28882_G|A,28883_G|C,29386_C|T,29510_A|C,11288_11296,21633_21641,21992_21994,28362_28370,29734_29759
USA/CA-CDPH-500128757/2023	XCR	44_C|T,241_C|T,405_A|G,670_T|G,1973_C|T,2790_C|T,3037_C|T,4184_G|A,4321_C|T,7564_C|T,8016_C|T,8737_T|C,9344_C|T,9424_A|G,9534_C|T,9866_C|T,10029_C|T,10198_C|T,10447_G|A,10449_C|A,12467_G|T,12880_C|T,13405_C|T,13426_C|T,14408_C|T,14514_T|C,15451_G|A,15714_C|T,15738_C|T,15939_T|C,16342_T|C,16608_C|T,17124_T|C,17410_C|T,17859_T|C,18163_A|G,19326_A|G,19955_C|T,20055_A|G,21618_C|T,21810_T|C,21987_G|A,22000_C|A,22109_C|G,22200_T|A,22317_G|T,22577_G|C,22578_G|A,22599_G|C,22624_C|T,22664_C|A,22674_C|T,22679_T|C,22686_C|T,22688_A|G,22775_G|A,22786_A|C,22882_T|G,22895_G|C,22896_T|C,22898_G|A,22927_G|T,22928_T|C,22942_T|G,22992_G|A,22995_C|A,23013_A|C,23018_T|C,23019_T|C,23031_T|C,23055_A|G,23063_A|T,23075_T|C,23280_C|T,23403_A|G,23525_C|T,23599_T|G,23604_C|A,23673_C|T,23854_C|A,23948_G|T,24373_A|C,24424_A|T,24469_T|A,25000_C|T,25359_A|G,25416_C|T,25584_C|T,26060_C|T,26270_C|T,26275_A|G,26577_C|G,26708_A|G,26709_G|A,26858_C|T,27259_A|C,27382_G|C,27383_A|T,27384_T|C,27807_C|T,27915_G|T,28271_A|T,28297_T|C,28311_C|T,28447_A|G,28881_G|A,28882_G|A,28883_G|C,29386_C|T,29510_A|C,11288_11296,21633_21641,21992_21994,28362_28370,29734_29759
USA/CA-CDPH-500128777/2023	XCR	44_C|T,241_C|T,405_A|G,670_T|G,1973_C|T,2790_C|T,3037_C|T,4184_G|A,4321_C|T,7564_C|T,8016_C|T,8737_T|C,9344_C|T,9424_A|G,9534_C|T,9866_C|T,10029_C|T,10198_C|T,10447_G|A,10449_C|A,11247_T|C,12467_G|T,12880_C|T,13405_C|T,13426_C|T,14408_C|T,15451_G|A,15714_C|T,15738_C|T,15939_T|C,16342_T|C,17124_T|C,17410_C|T,17859_T|C,18163_A|G,19326_A|G,19955_C|T,20055_A|G,20930_C|T,21618_C|T,21810_T|C,21987_G|A,22000_C|A,22109_C|G,22200_T|A,22317_G|T,22577_G|C,22578_G|A,22599_G|C,22624_C|T,22664_C|A,22674_C|T,22679_T|C,22686_C|T,22688_A|G,22775_G|A,22786_A|C,22882_T|G,22895_G|C,22896_T|C,22898_G|A,22927_G|T,22928_T|C,22942_T|G,22992_G|A,22995_C|A,23013_A|C,23018_T|C,23019_T|C,23031_T|C,23055_A|G,23063_A|T,23075_T|C,23280_C|T,23403_A|G,23525_C|T,23599_T|G,23604_C|A,23673_C|T,23854_C|A,23948_G|T,24373_A|C,24424_A|T,24469_T|A,25000_C|T,25359_A|G,25416_C|T,25584_C|T,26060_C|T,26270_C|T,26275_A|G,26577_C|G,26708_A|G,26709_G|A,26858_C|T,27259_A|C,27382_G|C,27383_A|T,27384_T|C,27807_C|T,27915_G|T,28271_A|T,28297_T|C,28311_C|T,28447_A|G,28881_G|A,28882_G|A,28883_G|C,29386_C|T,29510_A|C,11288_11296,21633_21641,21992_21994,28362_28370,29734_29759
USA/CA-CDPH-500128793/2023	XCR	44_C|T,241_C|T,405_A|G,670_T|G,1973_C|T,2790_C|T,3037_C|T,4184_G|A,4321_C|T,7564_C|T,8016_C|T,8737_T|C,9344_C|T,9424_A|G,9534_C|T,9866_C|T,10029_C|T,10198_C|T,10447_G|A,10449_C|A,12467_G|T,12784_C|T,12880_C|T,13405_C|T,13426_C|T,14408_C|T,15451_G|A,15714_C|T,15738_C|T,15939_T|C,16342_T|C,17124_T|C,17410_C|T,17859_T|C,18163_A|G,19326_A|G,19955_C|T,20055_A|G,21618_C|T,21810_T|C,21987_G|A,22000_C|A,22109_C|G,22200_T|A,22317_G|T,22577_G|C,22578_G|A,22599_G|C,22624_C|T,22664_C|A,22674_C|T,22679_T|C,22686_C|T,22688_A|G,22775_G|A,22786_A|C,22882_T|G,22895_G|C,22896_T|C,22898_G|A,22927_G|T,22928_T|C,22942_T|G,22992_G|A,22995_C|A,23013_A|C,23018_T|C,23019_T|C,23031_T|C,23055_A|G,23063_A|T,23075_T|C,23280_C|T,23403_A|G,23525_C|T,23599_T|G,23604_C|A,23673_C|T,23854_C|A,23948_G|T,24373_A|C,24424_A|T,24469_T|A,25000_C|T,25359_A|G,25416_C|T,25584_C|T,26060_C|T,26270_C|T,26275_A|G,26577_C|G,26708_A|G,26709_G|A,26858_C|T,27259_A|C,27382_G|C,27383_A|T,27384_T|C,27807_C|T,27915_G|T,28253_C|T,28271_A|T,28297_T|C,28311_C|T,28447_A|G,28881_G|A,28882_G|A,28883_G|C,29386_C|T,29510_A|C,11288_11296,21633_21641,21992_21994,28362_28370,29734_29759
USA/CA-CDPH-500128825/2023	XCR	44_C|T,241_C|T,405_A|G,670_T|G,673_C|T,1973_C|T,2790_C|T,3037_C|T,4184_G|A,4321_C|T,7564_C|T,8016_C|T,8737_T|C,9344_C|T,9424_A|G,9534_C|T,9866_C|T,10029_C|T,10198_C|T,10447_G|A,10449_C|A,12467_G|T,12880_C|T,13405_C|T,13426_C|T,14408_C|T,15451_G|A,15714_C|T,15738_C|T,15939_T|C,16342_T|C,17124_T|C,17410_C|T,17859_T|C,18163_A|G,19326_A|G,19955_C|T,20055_A|G,21618_C|T,21810_T|C,21987_G|A,21998_C|A,22000_C|A,22109_C|G,22200_T|A,22317_G|T,22414_C|T,22577_G|C,22578_G|A,22599_G|C,22624_C|T,22664_C|A,22674_C|T,22679_T|C,22686_C|T,22688_A|G,22775_G|A,22786_A|C,22882_T|G,22895_G|C,22896_T|C,22898_G|A,22927_G|T,22928_T|C,22942_T|G,22992_G|A,22995_C|A,23013_A|C,23018_T|C,23019_T|C,23031_T|C,23032_T|C,23055_A|G,23063_A|T,23075_T|C,23280_C|T,23403_A|G,23525_C|T,23599_T|G,23604_C|A,23673_C|T,23854_C|A,23948_G|T,24373_A|C,24424_A|T,24469_T|A,24863_C|T,25000_C|T,25359_A|G,25416_C|T,25584_C|T,26060_C|T,26270_C|T,26275_A|G,26577_C|G,26708_A|G,26709_G|A,26858_C|T,27259_A|C,27382_G|C,27383_A|T,27384_T|C,27807_C|T,27915_G|T,28271_A|T,28297_T|C,28311_C|T,28447_A|G,28881_G|A,28882_G|A,28883_G|C,29386_C|T,29420_C|T,29510_A|C,11288_11296,21633_21641,21992_21994,28362_28370,29734_29759
USA/CA-CDPH-500128953/2023	XCR	44_C|T,241_C|T,405_A|G,670_T|G,673_C|T,1973_C|T,2790_C|T,3037_C|T,4184_G|A,4321_C|T,7564_C|T,8016_C|T,8737_T|C,9344_C|T,9424_A|G,9534_C|T,9866_C|T,10029_C|T,10198_C|T,10447_G|A,10449_C|A,12467_G|T,12880_C|T,13405_C|T,13426_C|T,14408_C|T,15451_G|A,15714_C|T,15738_C|T,15939_T|C,16342_T|C,17124_T|C,17410_C|T,17859_T|C,18163_A|G,19326_A|G,19955_C|T,20055_A|G,21618_C|T,21810_T|C,21987_G|A,22000_C|A,22109_C|G,22200_T|A,22317_G|T,22577_G|C,22578_G|A,22599_G|C,22624_C|T,22664_C|A,22674_C|T,22679_T|C,22686_C|T,22688_A|G,22775_G|A,22786_A|C,22882_T|G,22895_G|C,22896_T|C,22898_G|A,22927_G|T,22928_T|C,22942_T|G,22992_G|A,22995_C|A,23013_A|C,23018_T|C,23019_T|C,23031_T|C,23032_T|C,23055_A|G,23063_A|T,23075_T|C,23280_C|T,23403_A|G,23525_C|T,23599_T|G,23604_C|A,23673_C|T,23854_C|A,23948_G|T,24373_A|C,24424_A|T,24469_T|A,25000_C|T,25359_A|G,25416_C|T,25460_C|T,25584_C|T,26060_C|T,26270_C|T,26275_A|G,26577_C|G,26708_A|G,26709_G|A,26858_C|T,27259_A|C,27382_G|C,27383_A|T,27384_T|C,27807_C|T,27915_G|T,28271_A|T,28297_T|C,28311_C|T,28447_A|G,28881_G|A,28882_G|A,28883_G|C,29386_C|T,29510_A|C,11288_11296,21633_21641,21992_21994,28362_28370,29734_29759
USA/CA-CDPH-500129009/2023	XCR	44_C|T,241_C|T,405_A|G,670_T|G,673_C|T,1973_C|T,2790_C|T,3037_C|T,4184_G|A,4321_C|T,7564_C|T,8016_C|T,8737_T|C,9344_C|T,9424_A|G,9534_C|T,9866_C|T,10029_C|T,10198_C|T,10447_G|A,10449_C|A,12467_G|T,12880_C|T,13405_C|T,13426_C|T,14408_C|T,15451_G|A,15556_G|T,15714_C|T,15738_C|T,15939_T|C,16342_T|C,17124_T|C,17410_C|T,17733_C|T,17859_T|C,18163_A|G,19326_A|G,19955_C|T,20055_A|G,21618_C|T,21810_T|C,21987_G|A,22000_C|A,22109_C|G,22200_T|A,22317_G|T,22577_G|C,22578_G|A,22599_G|C,22624_C|T,22664_C|A,22674_C|T,22679_T|C,22686_C|T,22688_A|G,22775_G|A,22786_A|C,22882_T|G,22895_G|C,22896_T|C,22898_G|A,22927_G|T,22928_T|C,22942_T|G,22992_G|A,22995_C|A,23013_A|C,23018_T|C,23019_T|C,23031_T|C,23032_T|C,23055_A|G,23063_A|T,23075_T|C,23280_C|T,23403_A|G,23525_C|T,23599_T|G,23604_C|A,23673_C|T,23854_C|A,23948_G|T,24373_A|C,24424_A|T,24469_T|A,25000_C|T,25359_A|G,25416_C|T,25584_C|T,26060_C|T,26270_C|T,26275_A|G,26577_C|G,26708_A|G,26709_G|A,26858_C|T,27259_A|C,27382_G|C,27383_A|T,27384_T|C,27807_C|T,27915_G|T,28271_A|T,28297_T|C,28311_C|T,28447_A|G,28881_G|A,28882_G|A,28883_G|C,29386_C|T,29510_A|C,11288_11296,21633_21641,21992_21994,28362_28370,29734_29759
USA/CA-CDPH-500129037/2023	XCR	44_C|T,241_C|T,405_A|G,670_T|G,1973_C|T,2790_C|T,3037_C|T,4184_G|A,4321_C|T,7564_C|T,8016_C|T,8737_T|C,9344_C|T,9424_A|G,9534_C|T,9866_C|T,10029_C|T,10198_C|T,10447_G|A,10449_C|A,11247_T|C,12467_G|T,12880_C|T,13405_C|T,13426_C|T,14408_C|T,15451_G|A,15714_C|T,15738_C|T,15939_T|C,16342_T|C,17124_T|C,17410_C|T,17859_T|C,18163_A|G,18972_G|A,19326_A|G,19955_C|T,20055_A|G,20247_G|T,21618_C|T,21810_T|C,21987_G|A,22000_C|A,22109_C|G,22200_T|A,22317_G|T,22577_G|C,22578_G|A,22599_G|C,22624_C|T,22664_C|A,22674_C|T,22679_T|C,22686_C|T,22688_A|G,22775_G|A,22786_A|C,22882_T|G,22895_G|C,22896_T|C,22898_G|A,22927_G|T,22928_T|C,22942_T|G,22992_G|A,22995_C|A,23007_G|T,23013_A|C,23018_T|C,23019_T|C,23031_T|C,23055_A|G,23063_A|T,23075_T|C,23280_C|T,23403_A|G,23525_C|T,23599_T|G,23604_C|A,23673_C|T,23854_C|A,23948_G|T,24373_A|C,24424_A|T,24469_T|A,25000_C|T,25359_A|G,25416_C|T,25584_C|T,26060_C|T,26270_C|T,26275_A|G,26577_C|G,26708_A|G,26709_G|A,26858_C|T,27259_A|C,27382_G|C,27383_A|T,27384_T|C,27807_C|T,27915_G|T,28271_A|T,28297_T|C,28311_C|T,28447_A|G,28881_G|A,28882_G|A,28883_G|C,29386_C|T,29510_A|C,11288_11296,21633_21641,21992_21994,28362_28370,29734_29759
USA/CA-CDPH-500129383/2023	XCR	44_C|T,241_C|T,405_A|G,670_T|G,1973_C|T,2790_C|T,3037_C|T,4184_G|A,4321_C|T,7564_C|T,8016_C|T,8737_T|C,9344_C|T,9424_A|G,9534_C|T,9866_C|T,10029_C|T,10198_C|T,10447_G|A,10449_C|A,12467_G|T,12880_C|T,13405_C|T,13426_C|T,14408_C|T,14514_T|C,15451_G|A,15714_C|T,15738_C|T,15939_T|C,16342_T|C,16608_C|T,17124_T|C,17410_C|T,17859_T|C,18163_A|G,19326_A|G,19955_C|T,20055_A|G,21618_C|T,21810_T|C,21987_G|A,22000_C|A,22109_C|G,22200_T|A,22317_G|T,22577_G|C,22578_G|A,22599_G|C,22624_C|T,22664_C|A,22674_C|T,22679_T|C,22686_C|T,22688_A|G,22775_G|A,22786_A|C,22882_T|G,22895_G|C,22896_T|C,22898_G|A,22927_G|T,22928_T|C,22942_T|G,22992_G|A,22995_C|A,23013_A|C,23018_T|C,23019_T|C,23031_T|C,23055_A|G,23063_A|T,23075_T|C,23280_C|T,23403_A|G,23525_C|T,23599_T|G,23604_C|A,23673_C|T,23854_C|A,23948_G|T,24373_A|C,24424_A|T,24469_T|A,25000_C|T,25359_A|G,25416_C|T,25584_C|T,26060_C|T,26270_C|T,26275_A|G,26577_C|G,26708_A|G,26709_G|A,26858_C|T,27259_A|C,27382_G|C,27383_A|T,27384_T|C,27807_C|T,27915_G|T,28271_A|T,28297_T|C,28311_C|T,28447_A|G,28881_G|A,28882_G|A,28883_G|C,29386_C|T,29510_A|C,11288_11296,21633_21641,21992_21994,28362_28370,29734_29759
USA/CA-CDPH-500129671/2023	XCR	44_C|T,241_C|T,405_A|G,670_T|G,1973_C|T,2790_C|T,3037_C|T,4184_G|A,4321_C|T,7564_C|T,8016_C|T,8737_T|C,9344_C|T,9424_A|G,9534_C|T,9866_C|T,10029_C|T,10198_C|T,10447_G|A,10449_C|A,11247_T|C,12467_G|T,12880_C|T,13405_C|T,13426_C|T,14408_C|T,15451_G|A,15714_C|T,15738_C|T,15939_T|C,16342_T|C,17124_T|C,17410_C|T,17859_T|C,18163_A|G,19326_A|G,19955_C|T,20055_A|G,21618_C|T,21810_T|C,21987_G|A,22000_C|A,22109_C|G,22200_T|A,22317_G|T,22577_G|C,22578_G|A,22599_G|C,22624_C|T,22664_C|A,22674_C|T,22679_T|C,22686_C|T,22688_A|G,22775_G|A,22786_A|C,22882_T|G,22895_G|C,22896_T|C,22898_G|A,22927_G|T,22928_T|C,22942_T|G,22992_G|A,22995_C|A,23013_A|C,23018_T|C,23019_T|C,23031_T|C,23055_A|G,23063_A|T,23075_T|C,23280_C|T,23403_A|G,23525_C|T,23599_T|G,23604_C|A,23673_C|T,23854_C|A,23948_G|T,24373_A|C,24424_A|T,24469_T|A,25000_C|T,25359_A|G,25416_C|T,25584_C|T,26060_C|T,26270_C|T,26275_A|G,26577_C|G,26708_A|G,26709_G|A,26858_C|T,27259_A|C,27382_G|C,27383_A|T,27384_T|C,27807_C|T,27915_G|T,28271_A|T,28297_T|C,28311_C|T,28447_A|G,28881_G|A,28882_G|A,28883_G|C,29386_C|T,29510_A|C,11288_11296,21633_21641,21992_21994,28362_28370,29734_29759
USA/CA-CDPH-500129731/2023	XCR	44_C|T,241_C|T,405_A|G,670_T|G,1973_C|T,2790_C|T,3037_C|T,4184_G|A,4321_C|T,7564_C|T,8016_C|T,8737_T|C,9344_C|T,9424_A|G,9534_C|T,9866_C|T,10029_C|T,10198_C|T,10447_G|A,10449_C|A,12467_G|T,12651_C|T,12880_C|T,13405_C|T,13426_C|T,14408_C|T,15451_G|A,15714_C|T,15738_C|T,15939_T|C,16342_T|C,17124_T|C,17410_C|T,17859_T|C,18163_A|G,19326_A|G,19955_C|T,20055_A|G,21618_C|T,21810_T|C,21987_G|A,22000_C|A,22109_C|G,22200_T|A,22317_G|T,22577_G|C,22578_G|A,22599_G|C,22624_C|T,22664_C|A,22674_C|T,22679_T|C,22686_C|T,22688_A|G,22775_G|A,22786_A|C,22882_T|G,22895_G|C,22896_T|C,22898_G|A,22927_G|T,22928_T|C,22942_T|G,22992_G|A,22995_C|A,23013_A|C,23018_T|C,23019_T|C,23031_T|C,23055_A|G,23063_A|T,23075_T|C,23280_C|T,23403_A|G,23525_C|T,23599_T|G,23604_C|A,23673_C|T,23854_C|A,23948_G|T,24373_A|C,24424_A|T,24469_T|A,25000_C|T,25359_A|G,25416_C|T,25584_C|T,26060_C|T,26270_C|T,26275_A|G,26577_C|G,26708_A|G,26709_G|A,26858_C|T,27259_A|C,27382_G|C,27383_A|T,27384_T|C,27807_C|T,27915_G|T,28271_A|T,28297_T|C,28311_C|T,28447_A|G,28881_G|A,28882_G|A,28883_G|C,29386_C|T,29510_A|C,11288_11296,21633_21641,21992_21994,28362_28370,29734_29759
USA/CA-CDPH-500129914/2023	XCR	44_C|T,241_C|T,405_A|G,670_T|G,1973_C|T,2790_C|T,3037_C|T,4184_G|A,4321_C|T,7564_C|T,8016_C|T,8737_T|C,9344_C|T,9424_A|G,9534_C|T,9866_C|T,10029_C|T,10198_C|T,10447_G|A,10449_C|A,12467_G|T,12880_C|T,13405_C|T,13426_C|T,14408_C|T,15451_G|A,15714_C|T,15738_C|T,15939_T|C,16342_T|C,17004_C|T,17124_T|C,17410_C|T,17859_T|C,18163_A|G,19326_A|G,19955_C|T,20055_A|G,20056_G|A,21618_C|T,21810_T|C,21987_G|A,22000_C|A,22109_C|G,22200_T|A,22317_G|T,22577_G|C,22578_G|A,22599_G|C,22624_C|T,22664_C|A,22674_C|T,22679_T|C,22686_C|T,22688_A|G,22775_G|A,22786_A|C,22882_T|G,22895_G|C,22896_T|C,22898_G|A,22927_G|T,22928_T|C,22942_T|G,22992_G|A,22995_C|A,23013_A|C,23018_T|C,23019_T|C,23031_T|C,23055_A|G,23063_A|T,23075_T|C,23280_C|T,23403_A|G,23525_C|T,23599_T|G,23604_C|A,23673_C|T,23854_C|A,23948_G|T,24373_A|C,24424_A|T,24469_T|A,25000_C|T,25359_A|G,25416_C|T,25584_C|T,26060_C|T,26270_C|T,26275_A|G,26577_C|G,26708_A|G,26709_G|A,26858_C|T,27005_C|T,27259_A|C,27382_G|C,27383_A|T,27384_T|C,27807_C|T,27915_G|T,28271_A|T,28297_T|C,28311_C|T,28447_A|G,28805_G|A,28881_G|A,28882_G|A,28883_G|C,29386_C|T,29510_A|C,29585_C|T,11288_11296,21633_21641,21992_21994,28362_28370,29734_29759
USA/CA-CDPH-500129934/2023	XCR	44_C|T,241_C|T,405_A|G,670_T|G,1973_C|T,2790_C|T,3037_C|T,4184_G|A,4321_C|T,7564_C|T,8016_C|T,8737_T|C,9344_C|T,9424_A|G,9534_C|T,9866_C|T,10029_C|T,10198_C|T,10447_G|A,10449_C|A,11247_T|C,12467_G|T,12880_C|T,13405_C|T,13426_C|T,13969_A|G,14408_C|T,15451_G|A,15714_C|T,15738_C|T,15939_T|C,16342_T|C,17124_T|C,17410_C|T,17859_T|C,18163_A|G,18803_G|T,18972_G|A,19326_A|G,19955_C|T,20055_A|G,21618_C|T,21810_T|C,21987_G|A,22000_C|A,22109_C|G,22200_T|A,22317_G|T,22577_G|C,22578_G|A,22599_G|C,22624_C|T,22664_C|A,22674_C|T,22679_T|C,22686_C|T,22688_A|G,22775_G|A,22786_A|C,22882_T|G,22895_G|C,22896_T|C,22898_G|A,22927_G|T,22928_T|C,22942_T|G,22992_G|A,22995_C|A,23013_A|C,23018_T|C,23019_T|C,23031_T|C,23055_A|G,23063_A|T,23075_T|C,23280_C|T,23403_A|G,23525_C|T,23599_T|G,23604_C|A,23673_C|T,23854_C|A,23948_G|T,24373_A|C,24424_A|T,24469_T|A,25000_C|T,25359_A|G,25416_C|T,25584_C|T,26060_C|T,26270_C|T,26275_A|G,26577_C|G,26708_A|G,26709_G|A,26858_C|T,27259_A|C,27382_G|C,27383_A|T,27384_T|C,27807_C|T,27915_G|T,28271_A|T,28297_T|C,28311_C|T,28447_A|G,28881_G|A,28882_G|A,28883_G|C,28969_C|T,29386_C|T,29510_A|C,11288_11296,21633_21641,21992_21994,28362_28370,29734_29759
USA/CA-CDPH-500129979/2023	XCR	44_C|T,241_C|T,405_A|G,670_T|G,673_C|T,1973_C|T,2790_C|T,3037_C|T,4184_G|A,4321_C|T,7564_C|T,8016_C|T,8737_T|C,9344_C|T,9424_A|G,9534_C|T,9866_C|T,10029_C|T,10198_C|T,10447_G|A,10449_C|A,12467_G|T,12880_C|T,13405_C|T,13426_C|T,14408_C|T,15451_G|A,15714_C|T,15738_C|T,15939_T|C,16342_T|C,17124_T|C,17410_C|T,17859_T|C,18163_A|G,19326_A|G,19955_C|T,20055_A|G,21618_C|T,21810_T|C,21987_G|A,22000_C|A,22109_C|G,22200_T|A,22317_G|T,22577_G|C,22578_G|A,22599_G|C,22624_C|T,22664_C|A,22674_C|T,22679_T|C,22686_C|T,22688_A|G,22775_G|A,22786_A|C,22882_T|G,22895_G|C,22896_T|C,22898_G|A,22927_G|T,22928_T|C,22942_T|G,22992_G|A,22995_C|A,23013_A|C,23018_T|C,23019_T|C,23031_T|C,23032_T|C,23055_A|G,23063_A|T,23075_T|C,23280_C|T,23403_A|G,23525_C|T,23599_T|G,23604_C|A,23673_C|T,23854_C|A,23948_G|T,24283_T|C,24373_A|C,24424_A|T,24469_T|A,25000_C|T,25359_A|G,25416_C|T,25584_C|T,26060_C|T,26270_C|T,26275_A|G,26577_C|G,26708_A|G,26709_G|A,26858_C|T,27259_A|C,27382_G|C,27383_A|T,27384_T|C,27807_C|T,27915_G|T,28271_A|T,28297_T|C,28311_C|T,28447_A|G,28881_G|A,28882_G|A,28883_G|C,29386_C|T,29510_A|C,29708_C|T,11288_11296,21633_21641,21992_21994,28362_28370,29734_29759
USA/CA-CDPH-500130009/2023	XCR	44_C|T,241_C|T,405_A|G,670_T|G,674_G|T,1973_C|T,2790_C|T,3037_C|T,4184_G|A,4321_C|T,7564_C|T,8016_C|T,8737_T|C,9344_C|T,9424_A|G,9534_C|T,9866_C|T,10029_C|T,10198_C|T,10447_G|A,10449_C|A,12434_G|A,12467_G|T,12880_C|T,13405_C|T,13426_C|T,14408_C|T,15451_G|A,15714_C|T,15738_C|T,15939_T|C,16342_T|C,17004_C|T,17124_T|C,17410_C|T,17859_T|C,18163_A|G,19326_A|G,19955_C|T,20055_A|G,20056_G|A,21618_C|T,21810_T|C,21987_G|A,22000_C|A,22109_C|G,22200_T|A,22317_G|T,22577_G|C,22578_G|A,22599_G|C,22624_C|T,22664_C|A,22674_C|T,22679_T|C,22686_C|T,22688_A|G,22775_G|A,22786_A|C,22882_T|G,22895_G|C,22896_T|C,22898_G|A,22927_G|T,22928_T|C,22942_T|G,22992_G|A,22995_C|A,23013_A|C,23018_T|C,23019_T|C,23031_T|C,23055_A|G,23063_A|T,23075_T|C,23280_C|T,23403_A|G,23525_C|T,23599_T|G,23604_C|A,23673_C|T,23854_C|A,23948_G|T,24373_A|C,24424_A|T,24469_T|A,25000_C|T,25359_A|G,25416_C|T,25584_C|T,26060_C|T,26270_C|T,26275_A|G,26577_C|G,26708_A|G,26709_G|A,26858_C|T,27005_C|T,27259_A|C,27382_G|C,27383_A|T,27384_T|C,27807_C|T,27915_G|T,28271_A|T,28297_T|C,28311_C|T,28447_A|G,28881_G|A,28882_G|A,28883_G|C,29386_C|T,29510_A|C,29585_C|T,11288_11296,21633_21641,21992_21994,28362_28370,29734_29759
USA/CA-CDPH-500130052/2023	XCR	44_C|T,241_C|T,405_A|G,670_T|G,673_C|T,1973_C|T,2790_C|T,3037_C|T,4184_G|A,4321_C|T,7564_C|T,8016_C|T,8737_T|C,9344_C|T,9424_A|G,9534_C|T,9866_C|T,10029_C|T,10198_C|T,10447_G|A,10449_C|A,12467_G|T,12880_C|T,13405_C|T,13426_C|T,14408_C|T,15451_G|A,15714_C|T,15738_C|T,15939_T|C,16342_T|C,17124_T|C,17410_C|T,17859_T|C,18163_A|G,19326_A|G,19955_C|T,20055_A|G,21618_C|T,21810_T|C,21987_G|A,22000_C|A,22109_C|G,22200_T|A,22317_G|T,22577_G|C,22578_G|A,22599_G|C,22624_C|T,22664_C|A,22674_C|T,22679_T|C,22686_C|T,22688_A|G,22775_G|A,22786_A|C,22882_T|G,22895_G|C,22896_T|C,22898_G|A,22927_G|T,22928_T|C,22942_T|G,22992_G|A,22995_C|A,23013_A|C,23018_T|C,23019_T|C,23031_T|C,23032_T|C,23055_A|G,23063_A|T,23075_T|C,23280_C|T,23403_A|G,23525_C|T,23599_T|G,23604_C|A,23673_C|T,23854_C|A,23948_G|T,24283_T|C,24373_A|C,24424_A|T,24469_T|A,25000_C|T,25359_A|G,25416_C|T,25584_C|T,26060_C|T,26270_C|T,26275_A|G,26577_C|G,26708_A|G,26709_G|A,26858_C|T,27259_A|C,27382_G|C,27383_A|T,27384_T|C,27807_C|T,27915_G|T,28271_A|T,28297_T|C,28311_C|T,28447_A|G,28881_G|A,28882_G|A,28883_G|C,29386_C|T,29510_A|C,29708_C|T,11288_11296,21633_21641,21992_21994,28362_28370,29734_29759
USA/CA-CDPH-500130205/2023	XCR	44_C|T,241_C|T,405_A|G,670_T|G,673_C|T,1973_C|T,2790_C|T,3037_C|T,4184_G|A,4321_C|T,7564_C|T,8016_C|T,8737_T|C,9344_C|T,9424_A|G,9534_C|T,9866_C|T,10029_C|T,10198_C|T,10447_G|A,10449_C|A,12467_G|T,12880_C|T,13405_C|T,13426_C|T,14408_C|T,15324_C|T,15451_G|A,15714_C|T,15738_C|T,15939_T|C,16342_T|C,17124_T|C,17410_C|T,17859_T|C,18163_A|G,19326_A|G,19872_G|A,19955_C|T,20055_A|G,21618_C|T,21810_T|C,21987_G|A,22000_C|A,22109_C|G,22200_T|A,22317_G|T,22577_G|C,22578_G|A,22599_G|C,22624_C|T,22664_C|A,22674_C|T,22679_T|C,22686_C|T,22688_A|G,22775_G|A,22786_A|C,22882_T|G,22895_G|C,22896_T|C,22898_G|A,22927_G|T,22928_T|C,22942_T|G,22992_G|A,22995_C|A,23013_A|C,23018_T|C,23019_T|C,23031_T|C,23032_T|C,23055_A|G,23063_A|T,23075_T|C,23280_C|T,23403_A|G,23525_C|T,23599_T|G,23604_C|A,23673_C|T,23854_C|A,23948_G|T,24373_A|C,24424_A|T,24469_T|A,25000_C|T,25359_A|G,25416_C|T,25460_C|T,25584_C|T,26060_C|T,26270_C|T,26275_A|G,26577_C|G,26708_A|G,26709_G|A,26858_C|T,27259_A|C,27382_G|C,27383_A|T,27384_T|C,27807_C|T,27915_G|T,28271_A|T,28297_T|C,28311_C|T,28447_A|G,28881_G|A,28882_G|A,28883_G|C,29386_C|T,29510_A|C,11288_11296,21633_21641,21992_21994,28362_28370,29734_29759
USA/CA-CDPH-500130302/2023	XCR	44_C|T,241_C|T,405_A|G,666_A|G,670_T|G,673_C|T,1973_C|T,2790_C|T,3037_C|T,4184_G|A,4321_C|T,7564_C|T,8016_C|T,8737_T|C,9344_C|T,9424_A|G,9534_C|T,9866_C|T,10029_C|T,10198_C|T,10447_G|A,10449_C|A,12467_G|T,12880_C|T,13405_C|T,13426_C|T,14180_T|C,14408_C|T,15324_C|T,15451_G|A,15714_C|T,15738_C|T,15939_T|C,16342_T|C,17124_T|C,17410_C|T,17859_T|C,18163_A|G,19326_A|G,19872_G|A,19955_C|T,20055_A|G,21618_C|T,21810_T|C,21987_G|A,22000_C|A,22109_C|G,22200_T|A,22317_G|T,22577_G|C,22578_G|A,22599_G|C,22624_C|T,22664_C|A,22674_C|T,22679_T|C,22686_C|T,22688_A|G,22775_G|A,22786_A|C,22882_T|G,22895_G|C,22896_T|C,22898_G|A,22927_G|T,22928_T|C,22942_T|G,22992_G|A,22995_C|A,23013_A|C,23018_T|C,23019_T|C,23031_T|C,23032_T|C,23055_A|G,23063_A|T,23075_T|C,23280_C|T,23403_A|G,23525_C|T,23599_T|G,23604_C|A,23673_C|T,23854_C|A,23948_G|T,24373_A|C,24424_A|T,24469_T|A,25000_C|T,25359_A|G,25416_C|T,25460_C|T,25584_C|T,26060_C|T,26270_C|T,26275_A|G,26577_C|G,26708_A|G,26709_G|A,26858_C|T,27259_A|C,27382_G|C,27383_A|T,27384_T|C,27807_C|T,27915_G|T,28271_A|T,28297_T|C,28311_C|T,28447_A|G,28881_G|A,28882_G|A,28883_G|C,29386_C|T,29510_A|C,11288_11296,21633_21641,21992_21994,28362_28370,29734_29759
USA/CA-CDPH-500130308/2023	XCR	44_C|T,241_C|T,405_A|G,670_T|G,1973_C|T,2790_C|T,3037_C|T,4184_G|A,4321_C|T,7564_C|T,8016_C|T,8737_T|C,9344_C|T,9424_A|G,9534_C|T,9866_C|T,10029_C|T,10198_C|T,10447_G|A,10449_C|A,11247_T|C,12467_G|T,12880_C|T,13405_C|T,13426_C|T,13965_C|T,14408_C|T,15451_G|A,15714_C|T,15738_C|T,15939_T|C,16342_T|C,17124_T|C,17410_C|T,17859_T|C,18163_A|G,19326_A|G,19955_C|T,20055_A|G,21618_C|T,21810_T|C,21987_G|A,22000_C|A,22109_C|G,22200_T|A,22317_G|T,22577_G|C,22578_G|A,22599_G|C,22624_C|T,22664_C|A,22674_C|T,22679_T|C,22686_C|T,22688_A|G,22775_G|A,22786_A|C,22882_T|G,22895_G|C,22896_T|C,22898_G|A,22927_G|T,22928_T|C,22942_T|G,22992_G|A,22995_C|A,23013_A|C,23018_T|C,23019_T|C,23031_T|C,23055_A|G,23063_A|T,23075_T|C,23280_C|T,23403_A|G,23525_C|T,23599_T|G,23604_C|A,23673_C|T,23854_C|A,23948_G|T,24373_A|C,24424_A|T,24469_T|A,25000_C|T,25359_A|G,25416_C|T,25584_C|T,26060_C|T,26270_C|T,26275_A|G,26577_C|G,26708_A|G,26709_G|A,26858_C|T,27259_A|C,27382_G|C,27383_A|T,27384_T|C,27807_C|T,27915_G|T,28271_A|T,28297_T|C,28311_C|T,28447_A|G,28881_G|A,28882_G|A,28883_G|C,29074_A|C,29386_C|T,29510_A|C,11288_11296,21633_21641,21992_21994,28362_28370,29734_29759
USA/CA-CDPH-500130314/2023	XCR	44_C|T,241_C|T,405_A|G,670_T|G,1973_C|T,2790_C|T,3037_C|T,4184_G|A,4321_C|T,7564_C|T,8016_C|T,8737_T|C,9344_C|T,9424_A|G,9534_C|T,9866_C|T,10029_C|T,10198_C|T,10447_G|A,10449_C|A,11247_T|C,12467_G|T,12880_C|T,13405_C|T,13426_C|T,14408_C|T,15451_G|A,15714_C|T,15738_C|T,15939_T|C,16342_T|C,17124_T|C,17410_C|T,17859_T|C,18163_A|G,19326_A|G,19955_C|T,20055_A|G,21618_C|T,21810_T|C,21987_G|A,22000_C|A,22109_C|G,22200_T|A,22317_G|T,22577_G|C,22578_G|A,22599_G|C,22624_C|T,22664_C|A,22674_C|T,22679_T|C,22686_C|T,22688_A|G,22775_G|A,22786_A|C,22882_T|G,22895_G|C,22896_T|C,22898_G|A,22927_G|T,22928_T|C,22942_T|G,22992_G|A,22995_C|A,23013_A|C,23018_T|C,23019_T|C,23031_T|C,23055_A|G,23063_A|T,23075_T|C,23280_C|T,23403_A|G,23525_C|T,23599_T|G,23604_C|A,23673_C|T,23854_C|A,23948_G|T,24373_A|C,24424_A|T,24469_T|A,25000_C|T,25359_A|G,25416_C|T,25584_C|T,26060_C|T,26270_C|T,26275_A|G,26577_C|G,26708_A|G,26709_G|A,26858_C|T,27259_A|C,27382_G|C,27383_A|T,27384_T|C,27807_C|T,27915_G|T,28271_A|T,28297_T|C,28311_C|T,28447_A|G,28881_G|A,28882_G|A,28883_G|C,29386_C|T,29510_A|C,11288_11296,21633_21641,21992_21994,28362_28370,29734_29759
USA/CA-CDPH-500130320/2023	XCR	44_C|T,241_C|T,405_A|G,670_T|G,1973_C|T,2790_C|T,3037_C|T,4184_G|A,4321_C|T,7564_C|T,8016_C|T,8119_T|C,8737_T|C,9344_C|T,9424_A|G,9534_C|T,9866_C|T,10029_C|T,10198_C|T,10447_G|A,10449_C|A,12467_G|T,12880_C|T,13405_C|T,13426_C|T,14408_C|T,15096_T|C,15451_G|A,15714_C|T,15738_C|T,15939_T|C,16342_T|C,17004_C|T,17124_T|C,17410_C|T,17859_T|C,18163_A|G,19326_A|G,19955_C|T,20055_A|G,20056_G|A,21618_C|T,21810_T|C,21987_G|A,22000_C|A,22109_C|G,22200_T|A,22317_G|T,22577_G|C,22578_G|A,22599_G|C,22624_C|T,22664_C|A,22674_C|T,22679_T|C,22686_C|T,22688_A|G,22775_G|A,22786_A|C,22882_T|G,22895_G|C,22896_T|C,22898_G|A,22927_G|T,22928_T|C,22942_T|G,22992_G|A,22995_C|A,23013_A|C,23018_T|C,23019_T|C,23031_T|C,23055_A|G,23063_A|T,23075_T|C,23280_C|T,23403_A|G,23525_C|T,23599_T|G,23604_C|A,23673_C|T,23854_C|A,23948_G|T,24373_A|C,24424_A|T,24469_T|A,25000_C|T,25359_A|G,25416_C|T,25584_C|T,26060_C|T,26270_C|T,26275_A|G,26577_C|G,26708_A|G,26709_G|A,26858_C|T,27005_C|T,27259_A|C,27382_G|C,27383_A|T,27384_T|C,27807_C|T,27915_G|T,28271_A|T,28297_T|C,28311_C|T,28447_A|G,28805_G|A,28881_G|A,28882_G|A,28883_G|C,29386_C|T,29510_A|C,29585_C|T,11288_11296,21633_21641,21992_21994,28362_28370,29734_29759
USA/CA-CDPH-500130339/2023	XCR	44_C|T,241_C|T,405_A|G,666_A|G,670_T|G,673_C|T,1973_C|T,2790_C|T,3037_C|T,4184_G|A,4321_C|T,7564_C|T,8016_C|T,8737_T|C,9344_C|T,9424_A|G,9534_C|T,9866_C|T,10029_C|T,10198_C|T,10447_G|A,10449_C|A,12467_G|T,12880_C|T,13405_C|T,13426_C|T,14408_C|T,15324_C|T,15451_G|A,15714_C|T,15738_C|T,15939_T|C,16342_T|C,17124_T|C,17410_C|T,17859_T|C,18163_A|G,19326_A|G,19872_G|A,19955_C|T,20055_A|G,21618_C|T,21810_T|C,21987_G|A,22000_C|A,22109_C|G,22200_T|A,22317_G|T,22577_G|C,22578_G|A,22599_G|C,22624_C|T,22664_C|A,22674_C|T,22679_T|C,22686_C|T,22688_A|G,22775_G|A,22786_A|C,22882_T|G,22895_G|C,22896_T|C,22898_G|A,22927_G|T,22928_T|C,22942_T|G,22992_G|A,22995_C|A,23013_A|C,23018_T|C,23019_T|C,23031_T|C,23032_T|C,23055_A|G,23063_A|T,23075_T|C,23280_C|T,23403_A|G,23525_C|T,23599_T|G,23604_C|A,23673_C|T,23854_C|A,23948_G|T,24373_A|C,24424_A|T,24469_T|A,25000_C|T,25359_A|G,25416_C|T,25460_C|T,25584_C|T,26060_C|T,26270_C|T,26275_A|G,26577_C|G,26708_A|G,26709_G|A,26858_C|T,27259_A|C,27382_G|C,27383_A|T,27384_T|C,27807_C|T,27915_G|T,28271_A|T,28297_T|C,28311_C|T,28447_A|G,28881_G|A,28882_G|A,28883_G|C,29386_C|T,29510_A|C,11288_11296,21633_21641,21992_21994,28362_28370,29734_29759
USA/CA-CDPH-500130409/2023	XCR	44_C|T,241_C|T,405_A|G,670_T|G,673_C|T,683_C|T,1343_T|C,1973_C|T,2790_C|T,3037_C|T,4184_G|A,4321_C|T,7564_C|T,8016_C|T,8737_T|C,9344_C|T,9424_A|G,9534_C|T,9866_C|T,10029_C|T,10198_C|T,10447_G|A,10449_C|A,12467_G|T,12880_C|T,13405_C|T,13426_C|T,14408_C|T,15451_G|A,15714_C|T,15738_C|T,15939_T|C,16342_T|C,17124_T|C,17410_C|T,17859_T|C,18163_A|G,19326_A|G,19955_C|T,20055_A|G,21618_C|T,21810_T|C,21987_G|A,22000_C|A,22003_A|T,22109_C|G,22200_T|A,22317_G|T,22329_C|T,22577_G|C,22578_G|A,22599_G|C,22624_C|T,22664_C|A,22674_C|T,22679_T|C,22686_C|T,22688_A|G,22775_G|A,22786_A|C,22882_T|G,22895_G|C,22896_T|C,22898_G|A,22927_G|T,22928_T|C,22942_T|G,22992_G|A,22995_C|A,23013_A|C,23018_T|C,23019_T|C,23031_T|C,23032_T|C,23055_A|G,23063_A|T,23075_T|C,23280_C|T,23403_A|G,23525_C|T,23599_T|G,23604_C|A,23673_C|T,23854_C|A,23948_G|T,24373_A|C,24424_A|T,24469_T|A,25000_C|T,25359_A|G,25416_C|T,25584_C|T,26060_C|T,26270_C|T,26275_A|G,26577_C|G,26708_A|G,26709_G|A,26858_C|T,27259_A|C,27382_G|C,27383_A|T,27384_T|C,27807_C|T,27915_G|T,28271_A|T,28297_T|C,28311_C|T,28447_A|G,28881_G|A,28882_G|A,28883_G|C,29386_C|T,29510_A|C,11288_11296,21633_21641,21992_21994,28362_28370,29734_29759
USA/CA-CDPH-500130622/2023	XCR	44_C|T,241_C|T,405_A|G,670_T|G,1973_C|T,2790_C|T,3037_C|T,4184_G|A,4321_C|T,7564_C|T,8016_C|T,8737_T|C,9344_C|T,9424_A|G,9534_C|T,9866_C|T,10029_C|T,10198_C|T,10447_G|A,10449_C|A,12467_G|T,12880_C|T,13405_C|T,13426_C|T,14408_C|T,15451_G|A,15714_C|T,15738_C|T,15939_T|C,16342_T|C,17124_T|C,17410_C|T,17859_T|C,18163_A|G,19326_A|G,19955_C|T,20055_A|G,21618_C|T,21810_T|C,21987_G|A,21998_C|A,22000_C|A,22109_C|G,22200_T|A,22317_G|T,22577_G|C,22578_G|A,22599_G|C,22624_C|T,22664_C|A,22674_C|T,22679_T|C,22686_C|T,22688_A|G,22775_G|A,22786_A|C,22882_T|G,22895_G|C,22896_T|C,22898_G|A,22927_G|T,22928_T|C,22942_T|G,22992_G|A,22995_C|A,23013_A|C,23018_T|C,23019_T|C,23031_T|C,23055_A|G,23063_A|T,23075_T|C,23280_C|T,23403_A|G,23525_C|T,23599_T|G,23604_C|A,23673_C|T,23854_C|A,23948_G|T,24373_A|C,24424_A|T,24469_T|A,25000_C|T,25359_A|G,25416_C|T,25584_C|T,26060_C|T,26270_C|T,26275_A|G,26577_C|G,26708_A|G,26709_G|A,26858_C|T,27259_A|C,27382_G|C,27383_A|T,27384_T|C,27807_C|T,27915_G|T,28253_C|T,28271_A|T,28297_T|C,28311_C|T,28447_A|G,28881_G|A,28882_G|A,28883_G|C,29386_C|T,29510_A|C,11288_11296,21633_21641,21992_21994,28362_28370,29734_29759
USA/CA-CDPH-500130697/2023	XCR	44_C|T,241_C|T,405_A|G,666_A|G,670_T|G,673_C|T,1973_C|T,2790_C|T,3037_C|T,4184_G|A,4321_C|T,7564_C|T,8016_C|T,8737_T|C,9344_C|T,9424_A|G,9534_C|T,9615_C|A,9866_C|T,10029_C|T,10198_C|T,10447_G|A,10449_C|A,12467_G|T,12880_C|T,13405_C|T,13426_C|T,14408_C|T,15324_C|T,15451_G|A,15714_C|T,15738_C|T,15939_T|C,16342_T|C,17124_T|C,17410_C|T,17859_T|C,18163_A|G,19326_A|G,19872_G|A,19955_C|T,20055_A|G,21618_C|T,21810_T|C,21987_G|A,22000_C|A,22109_C|G,22200_T|A,22317_G|T,22577_G|C,22578_G|A,22599_G|C,22624_C|T,22664_C|A,22674_C|T,22679_T|C,22686_C|T,22688_A|G,22775_G|A,22786_A|C,22882_T|G,22895_G|C,22896_T|C,22898_G|A,22927_G|T,22928_T|C,22942_T|G,22992_G|A,22995_C|A,23013_A|C,23018_T|C,23019_T|C,23031_T|C,23032_T|C,23055_A|G,23063_A|T,23075_T|C,23280_C|T,23403_A|G,23525_C|T,23599_T|G,23604_C|A,23673_C|T,23854_C|A,23948_G|T,24373_A|C,24424_A|T,24469_T|A,25000_C|T,25359_A|G,25416_C|T,25460_C|T,25584_C|T,26060_C|T,26270_C|T,26275_A|G,26577_C|G,26708_A|G,26709_G|A,26858_C|T,27259_A|C,27382_G|C,27383_A|T,27384_T|C,27807_C|T,27915_G|T,28271_A|T,28297_T|C,28311_C|T,28447_A|G,28881_G|A,28882_G|A,28883_G|C,29386_C|T,29510_A|C,11288_11296,21633_21641,21992_21994,28362_28370,29734_29759
USA/CA-CDPH-500130709/2023	XCR	44_C|T,241_C|T,405_A|G,666_A|G,670_T|G,673_C|T,1973_C|T,2790_C|T,2907_A|G,3037_C|T,4184_G|A,4321_C|T,7564_C|T,8016_C|T,8502_C|T,8737_T|C,9344_C|T,9424_A|G,9534_C|T,9866_C|T,10029_C|T,10198_C|T,10447_G|A,10449_C|A,12467_G|T,12880_C|T,13405_C|T,13426_C|T,14408_C|T,14768_C|T,15324_C|T,15451_G|A,15714_C|T,15738_C|T,15939_T|C,16342_T|C,17124_T|C,17410_C|T,17859_T|C,18163_A|G,19326_A|G,19872_G|A,19955_C|T,20055_A|G,21618_C|T,21810_T|C,21987_G|A,22000_C|A,22109_C|G,22200_T|A,22317_G|T,22577_G|C,22578_G|A,22599_G|C,22624_C|T,22664_C|A,22674_C|T,22679_T|C,22686_C|T,22688_A|G,22775_G|A,22786_A|C,22882_T|G,22895_G|C,22896_T|C,22898_G|A,22927_G|T,22928_T|C,22942_T|G,22992_G|A,22995_C|A,23013_A|C,23018_T|C,23019_T|C,23031_T|C,23032_T|C,23055_A|G,23063_A|T,23075_T|C,23280_C|T,23403_A|G,23525_C|T,23599_T|G,23604_C|A,23673_C|T,23854_C|A,23948_G|T,24373_A|C,24424_A|T,24469_T|A,24588_C|A,25000_C|T,25359_A|G,25416_C|T,25460_C|T,25584_C|T,26060_C|T,26270_C|T,26275_A|G,26577_C|G,26708_A|G,26709_G|A,26858_C|T,27259_A|C,27382_G|C,27383_A|T,27384_T|C,27807_C|T,27915_G|T,28271_A|T,28297_T|C,28311_C|T,28447_A|G,28881_G|A,28882_G|A,28883_G|C,29386_C|T,29510_A|C,11288_11296,21633_21641,21992_21994,28362_28370,29734_29759
USA/CA-CDPH-500130797/2023	XCR	44_C|T,241_C|T,405_A|G,670_T|G,673_C|T,1973_C|T,2790_C|T,3037_C|T,4184_G|A,4321_C|T,7564_C|T,8016_C|T,8737_T|C,9344_C|T,9424_A|G,9534_C|T,9866_C|T,10029_C|T,10198_C|T,10447_G|A,10449_C|A,12467_G|T,12880_C|T,13405_C|T,13426_C|T,14408_C|T,15324_C|T,15451_G|A,15714_C|T,15738_C|T,15939_T|C,16342_T|C,17124_T|C,17410_C|T,17859_T|C,18163_A|G,19326_A|G,19872_G|A,19955_C|T,20055_A|G,21618_C|T,21810_T|C,21987_G|A,22000_C|A,22109_C|G,22200_T|A,22317_G|T,22577_G|C,22578_G|A,22599_G|C,22624_C|T,22664_C|A,22674_C|T,22679_T|C,22686_C|T,22688_A|G,22775_G|A,22786_A|C,22882_T|G,22895_G|C,22896_T|C,22898_G|A,22927_G|T,22928_T|C,22942_T|G,22992_G|A,22995_C|A,23013_A|C,23018_T|C,23019_T|C,23031_T|C,23032_T|C,23055_A|G,23063_A|T,23075_T|C,23280_C|T,23403_A|G,23525_C|T,23599_T|G,23604_C|A,23673_C|T,23854_C|A,23948_G|T,24373_A|C,24424_A|T,24469_T|A,25000_C|T,25359_A|G,25416_C|T,25460_C|T,25584_C|T,26060_C|T,26270_C|T,26275_A|G,26577_C|G,26708_A|G,26709_G|A,26858_C|T,27259_A|C,27382_G|C,27383_A|T,27384_T|C,27807_C|T,27915_G|T,28271_A|T,28297_T|C,28311_C|T,28447_A|G,28881_G|A,28882_G|A,28883_G|C,29386_C|T,29510_A|C,11288_11296,21633_21641,21992_21994,28362_28370,29734_29759
USA/CA-CDPH-500130824/2023	XCR	44_C|T,241_C|T,405_A|G,670_T|G,673_C|T,1973_C|T,2790_C|T,3037_C|T,4184_G|A,4321_C|T,7564_C|T,8016_C|T,8737_T|C,9344_C|T,9424_A|G,9534_C|T,9866_C|T,10029_C|T,10198_C|T,10447_G|A,10449_C|A,12467_G|T,12880_C|T,13405_C|T,13426_C|T,14408_C|T,15324_C|T,15451_G|A,15714_C|T,15738_C|T,15939_T|C,16342_T|C,17124_T|C,17410_C|T,17859_T|C,18163_A|G,19326_A|G,19872_G|A,19955_C|T,20055_A|G,21618_C|T,21810_T|C,21987_G|A,22000_C|A,22109_C|G,22200_T|A,22317_G|T,22577_G|C,22578_G|A,22599_G|C,22624_C|T,22664_C|A,22674_C|T,22679_T|C,22686_C|T,22688_A|G,22775_G|A,22786_A|C,22882_T|G,22895_G|C,22896_T|C,22898_G|A,22927_G|T,22928_T|C,22942_T|G,22992_G|A,22995_C|A,23013_A|C,23018_T|C,23019_T|C,23031_T|C,23032_T|C,23055_A|G,23063_A|T,23075_T|C,23280_C|T,23403_A|G,23525_C|T,23599_T|G,23604_C|A,23673_C|T,23854_C|A,23948_G|T,24373_A|C,24424_A|T,24469_T|A,25000_C|T,25359_A|G,25416_C|T,25460_C|T,25584_C|T,26060_C|T,26270_C|T,26275_A|G,26577_C|G,26708_A|G,26709_G|A,26858_C|T,27259_A|C,27382_G|C,27383_A|T,27384_T|C,27807_C|T,27915_G|T,28271_A|T,28297_T|C,28311_C|T,28447_A|G,28881_G|A,28882_G|A,28883_G|C,29386_C|T,29510_A|C,11288_11296,21633_21641,21992_21994,28362_28370,29734_29759
USA/CA-CDPH-500131694/2023	XCR	44_C|T,241_C|T,405_A|G,666_A|G,670_T|G,673_C|T,1973_C|T,2790_C|T,3037_C|T,4184_G|A,4321_C|T,7564_C|T,8016_C|T,8737_T|C,9344_C|T,9424_A|G,9534_C|T,9866_C|T,10029_C|T,10198_C|T,10447_G|A,10449_C|A,12467_G|T,12880_C|T,13405_C|T,13426_C|T,14408_C|T,15324_C|T,15451_G|A,15714_C|T,15738_C|T,15939_T|C,16342_T|C,17124_T|C,17410_C|T,17859_T|C,18163_A|G,19326_A|G,19872_G|A,19955_C|T,20055_A|G,21618_C|T,21810_T|C,21987_G|A,22000_C|A,22109_C|G,22200_T|A,22317_G|T,22577_G|C,22578_G|A,22599_G|C,22624_C|T,22664_C|A,22674_C|T,22679_T|C,22686_C|T,22688_A|G,22775_G|A,22786_A|C,22882_T|G,22895_G|C,22896_T|C,22898_G|A,22927_G|T,22928_T|C,22942_T|G,22992_G|A,22995_C|A,23013_A|C,23018_T|C,23019_T|C,23031_T|C,23032_T|C,23055_A|G,23063_A|T,23075_T|C,23280_C|T,23403_A|G,23525_C|T,23599_T|G,23604_C|A,23673_C|T,23854_C|A,23948_G|T,24373_A|C,24424_A|T,24469_T|A,24865_C|T,25000_C|T,25359_A|G,25416_C|T,25460_C|T,25584_C|T,26060_C|T,26119_C|T,26270_C|T,26275_A|G,26577_C|G,26708_A|G,26709_G|A,26858_C|T,27259_A|C,27382_G|C,27383_A|T,27384_T|C,27807_C|T,27915_G|T,28271_A|T,28297_T|C,28311_C|T,28447_A|G,28881_G|A,28882_G|A,28883_G|C,29386_C|T,29510_A|C,11288_11296,21633_21641,21992_21994,28362_28370,29734_29759
USA/CA-CDPH-6000016895/2023	XCR	241_C|T,405_A|G,670_T|G,1973_C|T,2790_C|T,3037_C|T,4184_G|A,4321_C|T,7564_C|T,8016_C|T,8737_T|C,9344_C|T,9424_A|G,9534_C|T,9866_C|T,10029_C|T,10198_C|T,10447_G|A,10449_C|A,12467_G|T,12880_C|T,13405_C|T,13426_C|T,14408_C|T,15451_G|A,15714_C|T,15738_C|T,15939_T|C,16342_T|C,17124_T|C,17410_C|T,17859_T|C,18163_A|G,19326_A|G,19955_C|T,20055_A|G,21618_C|T,21810_T|C,21987_G|A,22000_C|A,22109_C|G,22200_T|A,22317_G|T,22577_G|C,22578_G|A,22599_G|C,22624_C|T,22664_C|A,22674_C|T,22679_T|C,22686_C|T,22688_A|G,22775_G|A,22786_A|C,22813_G|T,22882_T|G,22895_G|C,22896_T|C,22898_G|A,22927_G|T,22928_T|C,22942_T|G,22992_G|A,22995_C|A,23013_A|C,23018_T|C,23019_T|C,23031_T|C,23055_A|G,23063_A|T,23075_T|C,23280_C|T,23403_A|G,23525_C|T,23599_T|G,23604_C|A,23673_C|T,23854_C|A,23948_G|T,24373_A|C,24424_A|T,24469_T|A,25000_C|T,25359_A|G,25416_C|T,25584_C|T,26060_C|T,26270_C|T,26275_A|G,26577_C|G,26708_A|G,26709_G|A,26858_C|T,27259_A|C,27382_G|C,27383_A|T,27384_T|C,27807_C|T,27915_G|T,28271_A|T,28297_T|C,28311_C|T,28447_A|G,28881_G|A,28882_G|A,28883_G|C,29386_C|T,29510_A|C,11288_11296,21633_21641,21992_21994,28362_28370
USA/CA-CDPH-6000017246/2023	XCR	241_C|T,405_A|G,670_T|G,673_C|T,1973_C|T,2790_C|T,3037_C|T,4184_G|A,4321_C|T,7564_C|T,8016_C|T,8737_T|C,8841_C|T,9344_C|T,9424_A|G,9534_C|T,9866_C|T,10029_C|T,10198_C|T,10447_G|A,10449_C|A,12467_G|T,12880_C|T,13405_C|T,13426_C|T,14408_C|T,15451_G|A,15714_C|T,15738_C|T,15939_T|C,16342_T|C,17124_T|C,17410_C|T,17859_T|C,18163_A|G,19326_A|G,19955_C|T,20055_A|G,21618_C|T,21810_T|C,21987_G|A,22000_C|A,22109_C|G,22200_T|A,22317_G|T,22577_G|C,22578_G|A,22599_G|C,22624_C|T,22664_C|A,22674_C|T,22679_T|C,22686_C|T,22688_A|G,22775_G|A,22786_A|C,22813_G|T,22882_T|G,22895_G|C,22896_T|C,22898_G|A,22927_G|T,22928_T|C,22942_T|G,22992_G|A,22995_C|A,23013_A|C,23018_T|C,23019_T|C,23031_T|C,23032_T|C,23055_A|G,23063_A|T,23075_T|C,23280_C|T,23403_A|G,23525_C|T,23599_T|G,23604_C|A,23673_C|T,23854_C|A,23948_G|T,24373_A|C,24424_A|T,24469_T|A,25000_C|T,25359_A|G,25416_C|T,25584_C|T,26060_C|T,26270_C|T,26275_A|G,26577_C|G,26708_A|G,26709_G|A,26858_C|T,27259_A|C,27382_G|C,27383_A|T,27384_T|C,27807_C|T,27915_G|T,28271_A|T,28297_T|C,28311_C|T,28447_A|G,28881_G|A,28882_G|A,28883_G|C,29386_C|T,29510_A|C,11288_11296,21633_21641,21992_21994,28362_28370
USA/CA-CDPH-6000017329/2023	XCR	241_C|T,405_A|G,670_T|G,1973_C|T,2790_C|T,3037_C|T,4184_G|A,4321_C|T,5806_C|T,7564_C|T,8016_C|T,8737_T|C,9344_C|T,9424_A|G,9534_C|T,9866_C|T,10029_C|T,10198_C|T,10447_G|A,10449_C|A,12467_G|T,12880_C|T,13405_C|T,13426_C|T,14408_C|T,15451_G|A,15714_C|T,15738_C|T,15939_T|C,16342_T|C,17124_T|C,17410_C|T,17859_T|C,18163_A|G,19326_A|G,19955_C|T,20055_A|G,21618_C|T,21810_T|C,21987_G|A,22000_C|A,22109_C|G,22200_T|A,22317_G|T,22577_G|C,22578_G|A,22599_G|C,22624_C|T,22664_C|A,22674_C|T,22679_T|C,22686_C|T,22688_A|G,22775_G|A,22786_A|C,22813_G|T,22882_T|G,22895_G|C,22896_T|C,22898_G|A,22927_G|T,22928_T|C,22942_T|G,22992_G|A,22995_C|A,23013_A|C,23018_T|C,23019_T|C,23031_T|C,23055_A|G,23063_A|T,23075_T|C,23280_C|T,23403_A|G,23525_C|T,23599_T|G,23604_C|A,23673_C|T,23854_C|A,23948_G|T,24373_A|C,24424_A|T,24469_T|A,25000_C|T,25359_A|G,25416_C|T,25584_C|T,26060_C|T,26270_C|T,26275_A|G,26577_C|G,26708_A|G,26709_G|A,26858_C|T,27259_A|C,27382_G|C,27383_A|T,27384_T|C,27807_C|T,27915_G|T,28271_A|T,28297_T|C,28311_C|T,28447_A|G,28881_G|A,28882_G|A,28883_G|C,29386_C|T,29510_A|C,11288_11296,21633_21641,21992_21994,28362_28370
USA/CA-CDPH-6000017422/2023	XCR	241_C|T,405_A|G,1973_C|T,2790_C|T,3037_C|T,4184_G|A,4321_C|T,7564_C|T,8016_C|T,8737_T|C,9344_C|T,9424_A|G,9534_C|T,9866_C|T,10029_C|T,10198_C|T,10447_G|A,10449_C|A,12467_G|T,12880_C|T,13405_C|T,13426_C|T,14408_C|T,14514_T|C,15451_G|A,15714_C|T,15738_C|T,15939_T|C,16342_T|C,16608_C|T,17124_T|C,17410_C|T,17859_T|C,18163_A|G,19326_A|G,19955_C|T,20055_A|G,21618_C|T,21810_T|C,21987_G|A,22000_C|A,22109_C|G,22200_T|A,22317_G|T,22577_G|C,22578_G|A,22599_G|C,22624_C|T,22664_C|A,22674_C|T,22679_T|C,22686_C|T,22688_A|G,22775_G|A,22786_A|C,22813_G|T,22882_T|G,22895_G|C,22896_T|C,22898_G|A,22927_G|T,22928_T|C,22942_T|G,22992_G|A,22995_C|A,23013_A|C,23018_T|C,23019_T|C,23031_T|C,23055_A|G,23063_A|T,23075_T|C,23280_C|T,23403_A|G,23525_C|T,23599_T|G,23604_C|A,23673_C|T,23854_C|A,23948_G|T,24373_A|C,24424_A|T,24469_T|A,25000_C|T,25359_A|G,25416_C|T,25584_C|T,26060_C|T,26270_C|T,26275_A|G,26577_C|G,26708_A|G,26709_G|A,26858_C|T,27259_A|C,27382_G|C,27383_A|T,27384_T|C,27807_C|T,27915_G|T,28271_A|T,28297_T|C,28311_C|T,28447_A|G,28881_G|A,28882_G|A,28883_G|C,29386_C|T,29510_A|C,11288_11296,21633_21641,21992_21994,28362_28370
USA/CA-CDPH-6000017478/2023	XCR	241_C|T,405_A|G,670_T|G,673_C|T,1973_C|T,2790_C|T,3037_C|T,4184_G|A,4321_C|T,7564_C|T,8016_C|T,8683_C|T,8737_T|C,9344_C|T,9424_A|G,9534_C|T,9866_C|T,10029_C|T,10198_C|T,10447_G|A,10449_C|A,12467_G|T,12880_C|T,13405_C|T,13426_C|T,14408_C|T,15324_C|T,15451_G|A,15714_C|T,15738_C|T,15939_T|C,16342_T|C,17124_T|C,17410_C|T,17859_T|C,18163_A|G,19326_A|G,19872_G|A,19955_C|T,20055_A|G,21618_C|T,21810_T|C,21987_G|A,22000_C|A,22109_C|G,22200_T|A,22317_G|T,22577_G|C,22578_G|A,22599_G|C,22624_C|T,22664_C|A,22674_C|T,22679_T|C,22686_C|T,22688_A|G,22775_G|A,22786_A|C,22813_G|T,22882_T|G,22895_G|C,22896_T|C,22898_G|A,22927_G|T,22928_T|C,22942_T|G,22992_G|A,22995_C|A,23013_A|C,23018_T|C,23019_T|C,23031_T|C,23032_T|C,23055_A|G,23063_A|T,23075_T|C,23280_C|T,23403_A|G,23525_C|T,23599_T|G,23604_C|A,23673_C|T,23854_C|A,23948_G|T,24373_A|C,24424_A|T,24469_T|A,25000_C|T,25359_A|G,25416_C|T,25460_C|T,25584_C|T,26060_C|T,26270_C|T,26275_A|G,26577_C|G,26708_A|G,26709_G|A,26858_C|T,27259_A|C,27382_G|C,27383_A|T,27384_T|C,27807_C|T,27915_G|T,28271_A|T,28297_T|C,28311_C|T,28447_A|G,28881_G|A,28882_G|A,28883_G|C,29386_C|T,29510_A|C,11288_11296,21633_21641,21992_21994,28362_28370
USA/CA-CDPH-6000017681/2023	XCR	241_C|T,405_A|G,670_T|G,1973_C|T,2790_C|T,3037_C|T,4184_G|A,4321_C|T,7564_C|T,8016_C|T,8737_T|C,9344_C|T,9424_A|G,9534_C|T,9866_C|T,10029_C|T,10198_C|T,10447_G|A,10449_C|A,12467_G|T,12880_C|T,13405_C|T,13426_C|T,14408_C|T,14514_T|C,15451_G|A,15714_C|T,15738_C|T,15939_T|C,16342_T|C,16608_C|T,17124_T|C,17410_C|T,17859_T|C,18163_A|G,19326_A|G,19955_C|T,20055_A|G,21618_C|T,21810_T|C,21987_G|A,22000_C|A,22109_C|G,22200_T|A,22317_G|T,22577_G|C,22578_G|A,22599_G|C,22624_C|T,22664_C|A,22674_C|T,22679_T|C,22686_C|T,22688_A|G,22775_G|A,22786_A|C,22813_G|T,22882_T|G,22895_G|C,22896_T|C,22898_G|A,22927_G|T,22928_T|C,22942_T|G,22992_G|A,22995_C|A,23013_A|C,23018_T|C,23019_T|C,23031_T|C,23055_A|G,23063_A|T,23075_T|C,23280_C|T,23403_A|G,23525_C|T,23599_T|G,23604_C|A,23673_C|T,23854_C|A,23948_G|T,24373_A|C,24424_A|T,24469_T|A,25000_C|T,25359_A|G,25416_C|T,25584_C|T,26060_C|T,26270_C|T,26275_A|G,26577_C|G,26708_A|G,26709_G|A,26858_C|T,27259_A|C,27382_G|C,27383_A|T,27384_T|C,27807_C|T,27915_G|T,28271_A|T,28297_T|C,28311_C|T,28447_A|G,28881_G|A,28882_G|A,28883_G|C,29386_C|T,29510_A|C,11288_11296,21633_21641,21992_21994,28362_28370
USA/CA-CDPH-6000017829/2023	XCR	241_C|T,405_A|G,670_T|G,1973_C|T,2790_C|T,3037_C|T,4015_A|G,4184_G|A,4321_C|T,7564_C|T,8016_C|T,8737_T|C,9344_C|T,9424_A|G,9534_C|T,9866_C|T,10029_C|T,10198_C|T,10447_G|A,10449_C|A,12467_G|T,12651_C|T,12880_C|T,13405_C|T,13426_C|T,14408_C|T,15451_G|A,15714_C|T,15738_C|T,15939_T|C,16342_T|C,17124_T|C,17410_C|T,17859_T|C,18163_A|G,19326_A|G,19955_C|T,20055_A|G,21618_C|T,21810_T|C,21987_G|A,22000_C|A,22109_C|G,22200_T|A,22317_G|T,22577_G|C,22578_G|A,22599_G|C,22624_C|T,22664_C|A,22674_C|T,22679_T|C,22686_C|T,22688_A|G,22775_G|A,22786_A|C,22813_G|T,22882_T|G,22895_G|C,22896_T|C,22898_G|A,22927_G|T,22928_T|C,22942_T|G,22992_G|A,22995_C|A,23013_A|C,23018_T|C,23019_T|C,23031_T|C,23055_A|G,23063_A|T,23075_T|C,23280_C|T,23403_A|G,23525_C|T,23599_T|G,23604_C|A,23673_C|T,23854_C|A,23948_G|T,24373_A|C,24424_A|T,24469_T|A,25000_C|T,25359_A|G,25416_C|T,25584_C|T,26060_C|T,26270_C|T,26275_A|G,26577_C|G,26708_A|G,26709_G|A,26858_C|T,27259_A|C,27382_G|C,27383_A|T,27384_T|C,27807_C|T,27915_G|T,28271_A|T,28297_T|C,28311_C|T,28447_A|G,28881_G|A,28882_G|A,28883_G|C,29386_C|T,29510_A|C,11288_11296,21633_21641,21992_21994,28362_28370
USA/CA-CDPH-6000017972/2023	XCR	241_C|T,405_A|G,670_T|G,673_C|T,1973_C|T,2790_C|T,3037_C|T,4184_G|A,4321_C|T,7564_C|T,8016_C|T,8737_T|C,9344_C|T,9424_A|G,9534_C|T,9866_C|T,10029_C|T,10198_C|T,10447_G|A,10449_C|A,12467_G|T,12880_C|T,13405_C|T,13426_C|T,14408_C|T,15324_C|T,15451_G|A,15714_C|T,15738_C|T,15939_T|C,16342_T|C,17124_T|C,17410_C|T,17859_T|C,18163_A|G,19326_A|G,19872_G|A,19955_C|T,20055_A|G,21618_C|T,21810_T|C,21987_G|A,22000_C|A,22109_C|G,22200_T|A,22317_G|T,22577_G|C,22578_G|A,22599_G|C,22624_C|T,22664_C|A,22674_C|T,22679_T|C,22686_C|T,22688_A|G,22775_G|A,22786_A|C,22813_G|T,22882_T|G,22895_G|C,22896_T|C,22898_G|A,22927_G|T,22928_T|C,22942_T|G,22992_G|A,22995_C|A,23013_A|C,23018_T|C,23019_T|C,23031_T|C,23032_T|C,23055_A|G,23063_A|T,23075_T|C,23280_C|T,23403_A|G,23525_C|T,23599_T|G,23604_C|A,23673_C|T,23854_C|A,23948_G|T,24373_A|C,24424_A|T,24469_T|A,25000_C|T,25359_A|G,25416_C|T,25460_C|T,25584_C|T,26060_C|T,26270_C|T,26275_A|G,26577_C|G,26708_A|G,26709_G|A,26858_C|T,27259_A|C,27382_G|C,27383_A|T,27384_T|C,27807_C|T,27915_G|T,28271_A|T,28297_T|C,28311_C|T,28447_A|G,28881_G|A,28882_G|A,28883_G|C,29386_C|T,29510_A|C,11288_11296,21633_21641,21992_21994,28362_28370
USA/CA-CDPH-6000017983/2023	XCR	241_C|T,405_A|G,670_T|G,673_C|T,1973_C|T,2790_C|T,3037_C|T,4184_G|A,4321_C|T,7564_C|T,8016_C|T,8737_T|C,9344_C|T,9424_A|G,9534_C|T,9866_C|T,10029_C|T,10198_C|T,10447_G|A,10449_C|A,12467_G|T,12880_C|T,13405_C|T,13426_C|T,14408_C|T,15451_G|A,15714_C|T,15738_C|T,15939_T|C,16342_T|C,17124_T|C,17410_C|T,17859_T|C,18163_A|G,19326_A|G,19955_C|T,20055_A|G,21618_C|T,21810_T|C,21987_G|A,22000_C|A,22007_A|G,22109_C|G,22200_T|A,22317_G|T,22577_G|C,22578_G|A,22599_G|C,22624_C|T,22664_C|A,22674_C|T,22679_T|C,22686_C|T,22688_A|G,22775_G|A,22786_A|C,22813_G|T,22882_T|G,22895_G|C,22896_T|C,22898_G|A,22927_G|T,22928_T|C,22942_T|G,22992_G|A,22995_C|A,23013_A|C,23018_T|C,23019_T|C,23031_T|C,23055_A|G,23063_A|T,23075_T|C,23280_C|T,23403_A|G,23525_C|T,23599_T|G,23604_C|A,23673_C|T,23854_C|A,23948_G|T,24373_A|C,24424_A|T,24469_T|A,24912_C|T,25000_C|T,25359_A|G,25416_C|T,25584_C|T,26060_C|T,26270_C|T,26275_A|G,26577_C|G,26708_A|G,26709_G|A,26858_C|T,27259_A|C,27382_G|C,27383_A|T,27384_T|C,27807_C|T,27915_G|T,28271_A|T,28297_T|C,28311_C|T,28447_A|G,28881_G|A,28882_G|A,28883_G|C,29386_C|T,29510_A|C,11288_11296,21633_21641,21992_21994,28362_28370
USA/CA-LACPHL-AY02517/2023	XCR	241_C|T,405_A|G,670_T|G,1973_C|T,2790_C|T,3037_C|T,4184_G|A,4321_C|T,7564_C|T,8016_C|T,8737_T|C,9344_C|T,9424_A|G,9534_C|T,9866_C|T,10029_C|T,10198_C|T,10447_G|A,10449_C|A,12467_G|T,12880_C|T,13405_C|T,13426_C|T,14408_C|T,15451_G|A,15714_C|T,15738_C|T,15939_T|C,16342_T|C,17124_T|C,17410_C|T,17859_T|C,18163_A|G,19326_A|G,19955_C|T,20055_A|G,21618_C|T,21810_T|C,21987_G|A,22000_C|A,22109_C|G,22200_T|A,22317_G|T,22577_G|C,22578_G|A,22599_G|C,22624_C|T,22664_C|A,22674_C|T,22679_T|C,22686_C|T,22688_A|G,22775_G|A,22786_A|C,22813_G|T,22882_T|G,22895_G|C,22896_T|C,22898_G|A,22927_G|T,22928_T|C,22942_T|G,22992_G|A,22995_C|A,23013_A|C,23018_T|C,23019_T|C,23031_T|C,23055_A|G,23063_A|T,23075_T|C,23280_C|T,23403_A|G,23525_C|T,23599_T|G,23604_C|A,23673_C|T,23854_C|A,23948_G|T,24373_A|C,24424_A|T,24469_T|A,25000_C|T,25359_A|G,25416_C|T,25584_C|T,26060_C|T,26270_C|T,26275_A|G,26577_C|G,26708_A|G,26709_G|A,26858_C|T,27259_A|C,27382_G|C,27383_A|T,27384_T|C,27672_T|C,27807_C|T,27915_G|T,28271_A|T,28297_T|C,28311_C|T,28447_A|G,28881_G|A,28882_G|A,28883_G|C,29386_C|T,29510_A|C,29700_A|G,11288_11296,21633_21641,21992_21994,28362_28370,29734_29759
USA/CA-LACPHL-AY03045/2023	XCR	241_C|T,405_A|G,670_T|G,673_C|T,1973_C|T,2790_C|T,3037_C|T,4184_G|A,4321_C|T,7564_C|T,8016_C|T,8737_T|C,9344_C|T,9424_A|G,9534_C|T,9866_C|T,10029_C|T,10198_C|T,10447_G|A,10449_C|A,12467_G|T,12880_C|T,13405_C|T,13426_C|T,14408_C|T,15451_G|A,15714_C|T,15738_C|T,15939_T|C,16342_T|C,17124_T|C,17410_C|T,17859_T|C,18163_A|G,19326_A|G,19955_C|T,20055_A|G,21618_C|T,21810_T|C,21987_G|A,22000_C|A,22109_C|G,22200_T|A,22317_G|T,22577_G|C,22578_G|A,22599_G|C,22624_C|T,22664_C|A,22674_C|T,22679_T|C,22686_C|T,22688_A|G,22775_G|A,22786_A|C,22813_G|T,22882_T|G,22895_G|C,22896_T|C,22898_G|A,22927_G|T,22928_T|C,22942_T|G,22992_G|A,22995_C|A,23013_A|C,23018_T|C,23019_T|C,23031_T|C,23032_T|C,23055_A|G,23063_A|T,23075_T|C,23280_C|T,23403_A|G,23525_C|T,23599_T|G,23604_C|A,23673_C|T,23854_C|A,23948_G|T,24373_A|C,24424_A|T,24469_T|A,25000_C|T,25359_A|G,25416_C|T,25584_C|T,26060_C|T,26270_C|T,26275_A|G,26577_C|G,26708_A|G,26709_G|A,26858_C|T,27259_A|C,27382_G|C,27383_A|T,27384_T|C,27807_C|T,27915_G|T,28271_A|T,28297_T|C,28311_C|T,28332_C|A,28447_A|G,28881_G|A,28882_G|A,28883_G|C,29386_C|T,29510_A|C,11288_11296,21633_21641,21992_21994,28362_28370
USA/CA-LACPHL-AY03261/2023	XCR	241_C|T,405_A|G,670_T|G,1973_C|T,2790_C|T,3037_C|T,4184_G|A,4321_C|T,7564_C|T,8016_C|T,8737_T|C,9344_C|T,9424_A|G,9534_C|T,9866_C|T,10029_C|T,10198_C|T,10447_G|A,10449_C|A,11247_T|C,12467_G|T,12880_C|T,13405_C|T,13426_C|T,14408_C|T,15451_G|A,15714_C|T,15738_C|T,15939_T|C,16342_T|C,17124_T|C,17410_C|T,17859_T|C,18163_A|G,19326_A|G,19955_C|T,20055_A|G,21575_C|T,21618_C|T,21810_T|C,21987_G|A,22000_C|A,22109_C|G,22200_T|A,22317_G|T,22577_G|C,22578_G|A,22599_G|C,22624_C|T,22664_C|A,22674_C|T,22679_T|C,22686_C|T,22688_A|G,22775_G|A,22786_A|C,22813_G|T,22882_T|G,22895_G|C,22896_T|C,22898_G|A,22927_G|T,22928_T|C,22942_T|G,22992_G|A,22995_C|A,23013_A|C,23018_T|C,23019_T|C,23031_T|C,23055_A|G,23063_A|T,23075_T|C,23280_C|T,23403_A|G,23525_C|T,23599_T|G,23604_C|A,23673_C|T,23854_C|A,23948_G|T,24373_A|C,24424_A|T,24469_T|A,25000_C|T,25359_A|G,25416_C|T,25584_C|T,26060_C|T,26270_C|T,26275_A|G,26577_C|G,26708_A|G,26709_G|A,26858_C|T,27259_A|C,27382_G|C,27383_A|T,27384_T|C,27807_C|T,27915_G|T,28271_A|T,28297_T|C,28311_C|T,28447_A|G,28881_G|A,28882_G|A,28883_G|C,29386_C|T,29510_A|C,11288_11296,21633_21641,21992_21994,28362_28370
USA/CA-LACPHL-AY03263/2023	XCR	241_C|T,405_A|G,670_T|G,1973_C|T,2790_C|T,3037_C|T,4184_G|A,4321_C|T,7564_C|T,8016_C|T,8737_T|C,9344_C|T,9424_A|G,9534_C|T,9866_C|T,10029_C|T,10198_C|T,10447_G|A,10449_C|A,11247_T|C,12467_G|T,12880_C|T,13405_C|T,13426_C|T,14408_C|T,15451_G|A,15714_C|T,15738_C|T,15939_T|C,16342_T|C,17124_T|C,17410_C|T,17859_T|C,18163_A|G,19326_A|G,19955_C|T,20055_A|G,21575_C|T,21618_C|T,21810_T|C,21987_G|A,22000_C|A,22109_C|G,22200_T|A,22317_G|T,22577_G|C,22578_G|A,22599_G|C,22624_C|T,22664_C|A,22674_C|T,22679_T|C,22686_C|T,22688_A|G,22775_G|A,22786_A|C,22813_G|T,22882_T|G,22895_G|C,22896_T|C,22898_G|A,22927_G|T,22928_T|C,22942_T|G,22992_G|A,22995_C|A,23013_A|C,23018_T|C,23019_T|C,23031_T|C,23055_A|G,23063_A|T,23075_T|C,23280_C|T,23403_A|G,23525_C|T,23599_T|G,23604_C|A,23673_C|T,23854_C|A,23948_G|T,24373_A|C,24424_A|T,24469_T|A,25000_C|T,25359_A|G,25416_C|T,25584_C|T,26060_C|T,26270_C|T,26275_A|G,26577_C|G,26708_A|G,26709_G|A,26858_C|T,27259_A|C,27382_G|C,27383_A|T,27384_T|C,27807_C|T,27915_G|T,28271_A|T,28297_T|C,28311_C|T,28447_A|G,28881_G|A,28882_G|A,28883_G|C,29386_C|T,29510_A|C,11288_11296,21633_21641,21992_21994,28362_28370
USA/CA-LACPHL-AY03265/2023	XCR	241_C|T,405_A|G,670_T|G,1973_C|T,2790_C|T,3037_C|T,4184_G|A,4321_C|T,7564_C|T,8016_C|T,8737_T|C,9344_C|T,9424_A|G,9534_C|T,9866_C|T,10029_C|T,10198_C|T,10447_G|A,10449_C|A,11247_T|C,12467_G|T,12880_C|T,13405_C|T,13426_C|T,14408_C|T,15451_G|A,15714_C|T,15738_C|T,15939_T|C,16342_T|C,17124_T|C,17410_C|T,17859_T|C,18163_A|G,19326_A|G,19955_C|T,20055_A|G,21575_C|T,21618_C|T,21810_T|C,21987_G|A,22000_C|A,22109_C|G,22200_T|A,22317_G|T,22577_G|C,22578_G|A,22599_G|C,22624_C|T,22664_C|A,22674_C|T,22679_T|C,22686_C|T,22688_A|G,22775_G|A,22786_A|C,22813_G|T,22882_T|G,22895_G|C,22896_T|C,22898_G|A,22927_G|T,22928_T|C,22942_T|G,22992_G|A,22995_C|A,23013_A|C,23018_T|C,23019_T|C,23031_T|C,23055_A|G,23063_A|T,23075_T|C,23280_C|T,23403_A|G,23525_C|T,23599_T|G,23604_C|A,23673_C|T,23854_C|A,23948_G|T,24373_A|C,24424_A|T,24469_T|A,25000_C|T,25359_A|G,25416_C|T,25584_C|T,26060_C|T,26270_C|T,26275_A|G,26577_C|G,26708_A|G,26709_G|A,26858_C|T,27259_A|C,27382_G|C,27383_A|T,27384_T|C,27807_C|T,27915_G|T,28271_A|T,28297_T|C,28311_C|T,28447_A|G,28881_G|A,28882_G|A,28883_G|C,29386_C|T,29510_A|C,11288_11296,21633_21641,21992_21994,28362_28370
USA/CA-LACPHL-AY03823/2023	XCR	241_C|T,405_A|G,670_T|G,1973_C|T,2790_C|T,3037_C|T,4184_G|A,4321_C|T,7564_C|T,8016_C|T,8737_T|C,9344_C|T,9424_A|G,9534_C|T,9866_C|T,10029_C|T,10198_C|T,10447_G|A,10449_C|A,11247_T|C,12467_G|T,12880_C|T,13405_C|T,13426_C|T,14408_C|T,15451_G|A,15714_C|T,15738_C|T,15939_T|C,16342_T|C,17124_T|C,17410_C|T,17859_T|C,18163_A|G,19326_A|G,19955_C|T,20055_A|G,21603_A|G,21618_C|T,21810_T|C,21987_G|A,22000_C|A,22109_C|G,22200_T|A,22317_G|T,22577_G|C,22578_G|A,22599_G|C,22624_C|T,22664_C|A,22674_C|T,22679_T|C,22686_C|T,22688_A|G,22775_G|A,22786_A|C,22813_G|T,22882_T|G,22895_G|C,22896_T|C,22898_G|A,22927_G|T,22928_T|C,22942_T|G,22992_G|A,22995_C|A,23013_A|C,23018_T|C,23019_T|C,23031_T|C,23055_A|G,23063_A|T,23075_T|C,23280_C|T,23403_A|G,23525_C|T,23599_T|G,23604_C|A,23673_C|T,23854_C|A,23948_G|T,24373_A|C,24424_A|T,24469_T|A,25000_C|T,25359_A|G,25416_C|T,25584_C|T,26060_C|T,26270_C|T,26275_A|G,26577_C|G,26708_A|G,26709_G|A,26858_C|T,27259_A|C,27382_G|C,27383_A|T,27384_T|C,27807_C|T,27915_G|T,28271_A|T,28297_T|C,28311_C|T,28447_A|G,28881_G|A,28882_G|A,28883_G|C,29386_C|T,29510_A|C,11288_11296,21633_21641,21992_21994,28362_28370,29734_29759
USA/CA-LACPHL-AY03920/2023	XCR	241_C|T,405_A|G,670_T|G,1403_C|A,1742_G|A,1973_C|T,2790_C|T,3037_C|T,4184_G|A,4321_C|T,7564_C|T,8016_C|T,8737_T|C,9344_C|T,9424_A|G,9534_C|T,9866_C|T,10029_C|T,10198_C|T,10447_G|A,10449_C|A,12467_G|T,12880_C|T,13405_C|T,13426_C|T,14408_C|T,15451_G|A,15714_C|T,15738_C|T,15939_T|C,16342_T|C,17124_T|C,17410_C|T,17859_T|C,18163_A|G,19326_A|G,19955_C|T,20055_A|G,21618_C|T,21810_T|C,21987_G|A,22000_C|A,22109_C|G,22200_T|A,22317_G|T,22577_G|C,22578_G|A,22599_G|C,22624_C|T,22664_C|A,22674_C|T,22679_T|C,22686_C|T,22688_A|G,22775_G|A,22786_A|C,22813_G|T,22882_T|G,22895_G|C,22896_T|C,22898_G|A,22927_G|T,22928_T|C,22942_T|G,22992_G|A,22995_C|A,23013_A|C,23018_T|C,23019_T|C,23031_T|C,23055_A|G,23063_A|T,23075_T|C,23280_C|T,23403_A|G,23525_C|T,23599_T|G,23604_C|A,23673_C|T,23854_C|A,23948_G|T,24373_A|C,24424_A|T,24469_T|A,25000_C|T,25359_A|G,25416_C|T,25584_C|T,26060_C|T,26270_C|T,26275_A|G,26577_C|G,26708_A|G,26709_G|A,26858_C|T,27259_A|C,27382_G|C,27383_A|T,27384_T|C,27807_C|T,27915_G|T,28271_A|T,28297_T|C,28311_C|T,28447_A|G,28881_G|A,28882_G|A,28883_G|C,29386_C|T,29510_A|C,11288_11296,21633_21641,21992_21994,28362_28370,29734_29759
USA/CA-LACPHL-AY04175/2023	XCR	241_C|T,405_A|G,670_T|G,1973_C|T,2790_C|T,3037_C|T,4184_G|A,4321_C|T,6145_C|T,7564_C|T,8016_C|T,8737_T|C,9344_C|T,9424_A|G,9534_C|T,9866_C|T,10029_C|T,10198_C|T,10447_G|A,10449_C|A,12467_G|T,12880_C|T,13405_C|T,13426_C|T,14408_C|T,15451_G|A,15714_C|T,15738_C|T,15939_T|C,16342_T|C,17124_T|C,17410_C|T,17859_T|C,18163_A|G,19326_A|G,19955_C|T,20055_A|G,21618_C|T,21810_T|C,21987_G|A,22000_C|A,22109_C|G,22200_T|A,22317_G|T,22577_G|C,22578_G|A,22599_G|C,22624_C|T,22664_C|A,22674_C|T,22679_T|C,22686_C|T,22688_A|G,22775_G|A,22786_A|C,22813_G|T,22882_T|G,22895_G|C,22896_T|C,22898_G|A,22927_G|T,22928_T|C,22942_T|G,22992_G|A,22995_C|A,23013_A|C,23018_T|C,23019_T|C,23031_T|C,23055_A|G,23063_A|T,23075_T|C,23280_C|T,23403_A|G,23525_C|T,23599_T|G,23604_C|A,23673_C|T,23854_C|A,23948_G|T,24373_A|C,24424_A|T,24469_T|A,25000_C|T,25359_A|G,25416_C|T,25584_C|T,26060_C|T,26270_C|T,26275_A|G,26577_C|G,26708_A|G,26709_G|A,26858_C|T,27259_A|C,27296_T|C,27382_G|C,27383_A|T,27384_T|C,27807_C|T,27915_G|T,28253_C|T,28271_A|T,28297_T|C,28311_C|T,28447_A|G,28881_G|A,28882_G|A,28883_G|C,29386_C|T,29510_A|C,11288_11296,21633_21641,21992_21994,28362_28370,29734_29759
USA/CA-LACPHL-AY04335/2023	XCR	241_C|T,405_A|G,1973_C|T,2790_C|T,3037_C|T,4184_G|A,4321_C|T,7564_C|T,8016_C|T,8737_T|C,9344_C|T,9424_A|G,9534_C|T,9866_C|T,10029_C|T,10198_C|T,10447_G|A,10449_C|A,11247_T|C,12467_G|T,12880_C|T,13405_C|T,13426_C|T,14408_C|T,15451_G|A,15714_C|T,15738_C|T,15939_T|C,16342_T|C,17124_T|C,17410_C|T,17859_T|C,18163_A|G,19326_A|G,19955_C|T,20055_A|G,21618_C|T,21810_T|C,21987_G|A,22000_C|A,22109_C|G,22200_T|A,22317_G|T,22577_G|C,22578_G|A,22599_G|C,22624_C|T,22664_C|A,22674_C|T,22679_T|C,22686_C|T,22688_A|G,22775_G|A,22786_A|C,22813_G|T,22882_T|G,22895_G|C,22896_T|C,22898_G|A,22927_G|T,22928_T|C,22942_T|G,22992_G|A,22995_C|A,23013_A|C,23018_T|C,23019_T|C,23031_T|C,23055_A|G,23063_A|T,23075_T|C,23280_C|T,23403_A|G,23525_C|T,23599_T|G,23604_C|A,23673_C|T,23854_C|A,23948_G|T,24373_A|C,24424_A|T,24469_T|A,25000_C|T,25359_A|G,25416_C|T,25584_C|T,26060_C|T,26270_C|T,26275_A|G,26577_C|G,26708_A|G,26709_G|A,26858_C|T,27259_A|C,27382_G|C,27383_A|T,27384_T|C,27807_C|T,27915_G|T,28271_A|T,28297_T|C,28311_C|T,28447_A|G,28881_G|A,28882_G|A,28883_G|C,29386_C|T,29510_A|C,11288_11296,21633_21641,21992_21994,28362_28370
USA/CA-LACPHL-AY04664/2023	XCR	241_C|T,405_A|G,670_T|G,1973_C|T,2447_G|T,2790_C|T,3037_C|T,4184_G|A,4321_C|T,6145_C|T,7564_C|T,8016_C|T,8737_T|C,9344_C|T,9424_A|G,9534_C|T,9866_C|T,10029_C|T,10198_C|T,10447_G|A,10449_C|A,12467_G|T,12880_C|T,13405_C|T,13426_C|T,14408_C|T,15451_G|A,15714_C|T,15738_C|T,15939_T|C,16342_T|C,17124_T|C,17410_C|T,17859_T|C,18163_A|G,19326_A|G,19955_C|T,20055_A|G,21618_C|T,21810_T|C,21987_G|A,22000_C|A,22109_C|G,22200_T|A,22317_G|T,22577_G|C,22578_G|A,22599_G|C,22624_C|T,22664_C|A,22674_C|T,22679_T|C,22686_C|T,22688_A|G,22775_G|A,22786_A|C,22813_G|T,22882_T|G,22895_G|C,22896_T|C,22898_G|A,22927_G|T,22928_T|C,22942_T|G,22992_G|A,22995_C|A,23013_A|C,23018_T|C,23019_T|C,23031_T|C,23055_A|G,23063_A|T,23075_T|C,23280_C|T,23403_A|G,23525_C|T,23599_T|G,23604_C|A,23673_C|T,23854_C|A,23948_G|T,24373_A|C,24424_A|T,24469_T|A,25000_C|T,25359_A|G,25416_C|T,25584_C|T,26060_C|T,26270_C|T,26275_A|G,26577_C|G,26708_A|G,26709_G|A,26858_C|T,27259_A|C,27296_T|C,27382_G|C,27383_A|T,27384_T|C,27807_C|T,27915_G|T,28253_C|T,28271_A|T,28297_T|C,28311_C|T,28447_A|G,28881_G|A,28882_G|A,28883_G|C,29386_C|T,29510_A|C,11288_11296,21633_21641,21992_21994,28362_28370,29734_29759
USA/CA-LACPHL-AY04823/2023	XCR	241_C|T,405_A|G,670_T|G,1973_C|T,2790_C|T,3037_C|T,4184_G|A,4321_C|T,5806_C|T,7564_C|T,8016_C|T,8737_T|C,9344_C|T,9424_A|G,9534_C|T,9866_C|T,10029_C|T,10198_C|T,10447_G|A,10449_C|A,12467_G|T,12880_C|T,12890_C|T,13405_C|T,13426_C|T,14408_C|T,15451_G|A,15714_C|T,15738_C|T,15939_T|C,16342_T|C,17124_T|C,17410_C|T,17859_T|C,18163_A|G,19326_A|G,19955_C|T,20055_A|G,21618_C|T,21810_T|C,21987_G|A,22000_C|A,22109_C|G,22200_T|A,22317_G|T,22577_G|C,22578_G|A,22599_G|C,22624_C|T,22664_C|A,22674_C|T,22679_T|C,22686_C|T,22688_A|G,22775_G|A,22786_A|C,22813_G|T,22882_T|G,22895_G|C,22896_T|C,22898_G|A,22927_G|T,22928_T|C,22942_T|G,22992_G|A,22995_C|A,23013_A|C,23018_T|C,23019_T|C,23031_T|C,23055_A|G,23063_A|T,23075_T|C,23280_C|T,23403_A|G,23525_C|T,23557_C|T,23599_T|G,23604_C|A,23673_C|T,23854_C|A,23948_G|T,24424_A|T,24469_T|A,24724_G|A,25000_C|T,25359_A|G,25416_C|T,25584_C|T,26060_C|T,26270_C|T,26275_A|G,26577_C|G,26708_A|G,26709_G|A,26858_C|T,27259_A|C,27382_G|C,27383_A|T,27384_T|C,27807_C|T,27915_G|T,28271_A|T,28297_T|C,28311_C|T,28447_A|G,28881_G|A,28882_G|A,28883_G|C,29386_C|T,29510_A|C,11288_11296,21633_21641,21992_21994,28362_28370
USA/CA-LACPHL-AY04907/2023	XCR	241_C|T,405_A|G,670_T|G,1973_C|T,2790_C|T,3037_C|T,4184_G|A,4321_C|T,6401_C|T,7564_C|T,8016_C|T,8737_T|C,9344_C|T,9424_A|G,9534_C|T,9866_C|T,10029_C|T,10198_C|T,10447_G|A,10449_C|A,11247_T|C,12467_G|T,12880_C|T,13405_C|T,13426_C|T,14408_C|T,15451_G|A,15714_C|T,15738_C|T,15939_T|C,16342_T|C,17124_T|C,17410_C|T,17859_T|C,18163_A|G,19326_A|G,19955_C|T,20055_A|G,21618_C|T,21810_T|C,21987_G|A,22000_C|A,22109_C|G,22200_T|A,22317_G|T,22577_G|C,22578_G|A,22599_G|C,22624_C|T,22658_T|G,22664_C|A,22674_C|T,22679_T|C,22686_C|T,22688_A|G,22775_G|A,22786_A|C,22813_G|T,22882_T|G,22895_G|C,22896_T|C,22898_G|A,22927_G|T,22928_T|C,22942_T|G,22992_G|A,22995_C|A,23013_A|C,23018_T|C,23019_T|C,23031_T|C,23055_A|G,23063_A|T,23075_T|C,23280_C|T,23403_A|G,23525_C|T,23599_T|G,23604_C|A,23673_C|T,23821_G|A,23854_C|A,23948_G|T,24373_A|C,24424_A|T,24469_T|A,25000_C|T,25359_A|G,25416_C|T,25584_C|T,26060_C|T,26270_C|T,26275_A|G,26577_C|G,26708_A|G,26709_G|A,26858_C|T,27259_A|C,27382_G|C,27383_A|T,27384_T|C,27758_G|A,27807_C|T,27915_G|T,28271_A|T,28297_T|C,28311_C|T,28447_A|G,28881_G|A,28882_G|A,28883_G|C,29386_C|T,29510_A|C,11288_11296,21633_21641,21992_21994,28362_28370,29734_29759
USA/CA-LACPHL-AY05646/2023	XCR	241_C|T,405_A|G,670_T|G,1973_C|T,2790_C|T,3037_C|T,4184_G|A,4321_C|T,6145_C|T,7564_C|T,8016_C|T,8737_T|C,9344_C|T,9424_A|G,9534_C|T,9866_C|T,10029_C|T,10198_C|T,10447_G|A,10449_C|A,12467_G|T,12880_C|T,13405_C|T,13426_C|T,14408_C|T,15451_G|A,15714_C|T,15738_C|T,15939_T|C,16342_T|C,17124_T|C,17410_C|T,17859_T|C,18163_A|G,19326_A|G,19955_C|T,20055_A|G,21618_C|T,21810_T|C,21987_G|A,22000_C|A,22109_C|G,22200_T|A,22317_G|T,22577_G|C,22578_G|A,22599_G|C,22624_C|T,22664_C|A,22674_C|T,22679_T|C,22686_C|T,22688_A|G,22775_G|A,22786_A|C,22813_G|T,22882_T|G,22895_G|C,22896_T|C,22898_G|A,22927_G|T,22928_T|C,22942_T|G,22992_G|A,22995_C|A,23013_A|C,23018_T|C,23019_T|C,23031_T|C,23055_A|G,23063_A|T,23075_T|C,23280_C|T,23403_A|G,23525_C|T,23599_T|G,23604_C|A,23673_C|T,23854_C|A,23948_G|T,24373_A|C,24424_A|T,24469_T|A,25000_C|T,25359_A|G,25416_C|T,25584_C|T,26060_C|T,26270_C|T,26275_A|G,26577_C|G,26708_A|G,26709_G|A,26858_C|T,27259_A|C,27296_T|C,27382_G|C,27383_A|T,27384_T|C,27807_C|T,27915_G|T,28253_C|T,28271_A|T,28297_T|C,28311_C|T,28447_A|G,28881_G|A,28882_G|A,28883_G|C,29386_C|T,29510_A|C,11288_11296,21633_21641,21992_21994,28362_28370,29734_29759
USA/CA-LACPHL-AY05741/2023	XCR	44_C|T,241_C|T,405_A|G,670_T|G,1973_C|T,2790_C|T,3037_C|T,4184_G|A,4321_C|T,7564_C|T,8016_C|T,8737_T|C,9344_C|T,9373_A|G,9424_A|G,9534_C|T,9866_C|T,10029_C|T,10198_C|T,10447_G|A,10449_C|A,12467_G|T,12880_C|T,13405_C|T,13426_C|T,14408_C|T,15451_G|A,15714_C|T,15738_C|T,15939_T|C,16342_T|C,17124_T|C,17410_C|T,17859_T|C,18163_A|G,19326_A|G,19955_C|T,20055_A|G,21618_C|T,21810_T|C,21987_G|A,22000_C|A,22109_C|G,22200_T|A,22317_G|T,22577_G|C,22578_G|A,22599_G|C,22624_C|T,22664_C|A,22674_C|T,22679_T|C,22686_C|T,22688_A|G,22775_G|A,22786_A|C,22813_G|T,22882_T|G,22895_G|C,22896_T|C,22898_G|A,22927_G|T,22928_T|C,22942_T|G,22992_G|A,22995_C|A,23013_A|C,23018_T|C,23019_T|C,23031_T|C,23055_A|G,23063_A|T,23075_T|C,23280_C|T,23403_A|G,23525_C|T,23599_T|G,23604_C|A,23673_C|T,23854_C|A,23948_G|T,24157_C|T,24373_A|C,24424_A|T,24469_T|A,25000_C|T,25359_A|G,25416_C|T,25584_C|T,26060_C|T,26270_C|T,26275_A|G,26577_C|G,26708_A|G,26709_G|A,26858_C|T,27259_A|C,27297_C|T,27382_G|C,27383_A|T,27384_T|C,27672_T|C,27807_C|T,27915_G|T,28271_A|T,28297_T|C,28311_C|T,28447_A|G,28881_G|A,28882_G|A,28883_G|C,29386_C|T,29510_A|C,29700_A|G,11288_11296,21633_21641,21992_21994,28362_28370,29734_29759
USA/CA-LACPHL-AY05805/2023	XCR	241_C|T,405_A|G,670_T|G,1973_C|T,2790_C|T,3037_C|T,4184_G|A,4321_C|T,6145_C|T,7564_C|T,8016_C|T,8737_T|C,9344_C|T,9424_A|G,9534_C|T,9866_C|T,10029_C|T,10198_C|T,10447_G|A,10449_C|A,12467_G|T,12880_C|T,13405_C|T,13426_C|T,14408_C|T,15451_G|A,15714_C|T,15738_C|T,15939_T|C,16342_T|C,17124_T|C,17410_C|T,17859_T|C,18163_A|G,19326_A|G,19955_C|T,20055_A|G,21618_C|T,21810_T|C,21987_G|A,22000_C|A,22109_C|G,22200_T|A,22317_G|T,22320_A|G,22577_G|C,22578_G|A,22599_G|C,22624_C|T,22664_C|A,22674_C|T,22679_T|C,22686_C|T,22688_A|G,22775_G|A,22786_A|C,22813_G|T,22882_T|G,22895_G|C,22896_T|C,22898_G|A,22927_G|T,22928_T|C,22942_T|G,22992_G|A,22995_C|A,23013_A|C,23018_T|C,23019_T|C,23031_T|C,23055_A|G,23063_A|T,23075_T|C,23280_C|T,23403_A|G,23525_C|T,23599_T|G,23604_C|A,23673_C|T,23854_C|A,23948_G|T,24373_A|C,24424_A|T,24469_T|A,25000_C|T,25359_A|G,25416_C|T,25584_C|T,26060_C|T,26270_C|T,26275_A|G,26577_C|G,26708_A|G,26709_G|A,26858_C|T,27002_C|T,27259_A|C,27296_T|C,27382_G|C,27383_A|T,27384_T|C,27807_C|T,27915_G|T,28253_C|T,28271_A|T,28297_T|C,28311_C|T,28447_A|G,28881_G|A,28882_G|A,28883_G|C,29386_C|T,29409_C|T,29510_A|C,11288_11296,21633_21641,21992_21994,28362_28370,29734_29759
USA/CO-CDC-QDX87234445/2023	XCR	241_C|T,405_A|G,670_T|G,1973_C|T,2790_C|T,3037_C|T,4184_G|A,4321_C|T,7564_C|T,8016_C|T,8737_T|C,9344_C|T,9424_A|G,9534_C|T,9866_C|T,10029_C|T,10198_C|T,10447_G|A,10449_C|A,12467_G|T,12880_C|T,13405_C|T,13426_C|T,14408_C|T,15451_G|A,15714_C|T,15738_C|T,15939_T|C,16342_T|C,17124_T|C,17410_C|T,17859_T|C,18163_A|G,19326_A|G,19955_C|T,20055_A|G,21618_C|T,21810_T|C,21987_G|A,22000_C|A,22109_C|G,22200_T|A,22317_G|T,22577_G|C,22578_G|A,22599_G|C,22624_C|T,22664_C|A,22674_C|T,22679_T|C,22686_C|T,22688_A|G,22775_G|A,22786_A|C,22813_G|T,22882_T|G,22895_G|C,22896_T|C,22898_G|A,22927_G|T,22928_T|C,22942_T|G,22992_G|A,22995_C|A,23013_A|C,23018_T|C,23019_T|C,23031_T|C,23055_A|G,23063_A|T,23075_T|C,23280_C|T,23403_A|G,23525_C|T,23599_T|G,23604_C|A,23673_C|T,23854_C|A,23948_G|T,24373_A|C,24424_A|T,24469_T|A,25000_C|T,25359_A|G,25416_C|T,25584_C|T,26060_C|T,26270_C|T,26275_A|G,26577_C|G,26708_A|G,26709_G|A,26858_C|T,27259_A|C,27382_G|C,27383_A|T,27384_T|C,27807_C|T,27915_G|T,28271_A|T,28297_T|C,28311_C|T,28447_A|G,28881_G|A,28882_G|A,28883_G|C,29386_C|T,29510_A|C,11288_11296,21633_21641,21992_21994,28362_28370,29734_29759
USA/CO-CDPHE-41412319/2023	XCR	241_C|T,405_A|G,670_T|G,1973_C|T,2790_C|T,3037_C|T,4184_G|A,4321_C|T,7564_C|T,8016_C|T,8737_T|C,9344_C|T,9373_A|G,9424_A|G,9534_C|T,9866_C|T,10029_C|T,10198_C|T,10447_G|A,10449_C|A,12467_G|T,12880_C|T,13405_C|T,13426_C|T,14408_C|T,15451_G|A,15714_C|T,15738_C|T,15939_T|C,16342_T|C,17124_T|C,17410_C|T,17859_T|C,18163_A|G,19326_A|G,19955_C|T,20055_A|G,21618_C|T,21810_T|C,21987_G|A,22000_C|A,22109_C|G,22200_T|A,22317_G|T,22577_G|C,22578_G|A,22599_G|C,22624_C|T,22664_C|A,22674_C|T,22679_T|C,22686_C|T,22688_A|G,22775_G|A,22786_A|C,22813_G|T,22882_T|G,22895_G|C,22896_T|C,22898_G|A,22927_G|T,22928_T|C,22942_T|G,22992_G|A,22995_C|A,23013_A|C,23018_T|C,23019_T|C,23031_T|C,23055_A|G,23063_A|T,23075_T|C,23280_C|T,23403_A|G,23525_C|T,23599_T|G,23604_C|A,23673_C|T,23854_C|A,23948_G|T,24373_A|C,24424_A|T,24469_T|A,25000_C|T,25359_A|G,25416_C|T,25584_C|T,26060_C|T,26270_C|T,26275_A|G,26577_C|G,26708_A|G,26709_G|A,26858_C|T,27259_A|C,27382_G|C,27383_A|T,27384_T|C,27672_T|C,27807_C|T,27915_G|T,28271_A|T,28297_T|C,28311_C|T,28447_A|G,28881_G|A,28882_G|A,28883_G|C,29386_C|T,29510_A|C,29700_A|G,11288_11296,21633_21641,21992_21994,28362_28370,29734_29759
USA/CO-CDPHE-41412593/2023	XCR	241_C|T,405_A|G,670_T|G,1973_C|T,2790_C|T,3037_C|T,4184_G|A,4321_C|T,7564_C|T,8016_C|T,8737_T|C,9344_C|T,9373_A|G,9424_A|G,9534_C|T,9866_C|T,10029_C|T,10198_C|T,10447_G|A,10449_C|A,12467_G|T,12880_C|T,13405_C|T,13426_C|T,14408_C|T,15451_G|A,15714_C|T,15738_C|T,15939_T|C,16342_T|C,17124_T|C,17410_C|T,17859_T|C,18163_A|G,19326_A|G,19955_C|T,20055_A|G,21618_C|T,21810_T|C,21987_G|A,22000_C|A,22109_C|G,22200_T|A,22317_G|T,22577_G|C,22578_G|A,22599_G|C,22624_C|T,22664_C|A,22674_C|T,22679_T|C,22686_C|T,22688_A|G,22775_G|A,22786_A|C,22813_G|T,22882_T|G,22895_G|C,22896_T|C,22898_G|A,22927_G|T,22928_T|C,22942_T|G,22992_G|A,22995_C|A,23013_A|C,23018_T|C,23019_T|C,23031_T|C,23055_A|G,23063_A|T,23075_T|C,23280_C|T,23403_A|G,23525_C|T,23599_T|G,23604_C|A,23673_C|T,23854_C|A,23948_G|T,24373_A|C,24424_A|T,24469_T|A,25000_C|T,25359_A|G,25416_C|T,25584_C|T,26060_C|T,26270_C|T,26275_A|G,26577_C|G,26708_A|G,26709_G|A,26858_C|T,27259_A|C,27382_G|C,27383_A|T,27384_T|C,27672_T|C,27807_C|T,27915_G|T,28271_A|T,28297_T|C,28311_C|T,28447_A|G,28881_G|A,28882_G|A,28883_G|C,29386_C|T,29510_A|C,29700_A|G,11288_11296,21633_21641,21992_21994,28362_28370,29734_29759
USA/CO-CDPHE-41479478/2023	XCR	241_C|T,405_A|G,670_T|G,1973_C|T,2713_A|T,2790_C|T,3037_C|T,4184_G|A,4321_C|T,7564_C|T,8016_C|T,8737_T|C,9344_C|T,9373_A|G,9424_A|G,9534_C|T,9866_C|T,10029_C|T,10198_C|T,10447_G|A,10449_C|A,12467_G|T,12880_C|T,13405_C|T,13426_C|T,14408_C|T,15451_G|A,15714_C|T,15738_C|T,15939_T|C,16342_T|C,17124_T|C,17410_C|T,17859_T|C,18163_A|G,19326_A|G,19955_C|T,20055_A|G,21618_C|T,21810_T|C,21987_G|A,22000_C|A,22109_C|G,22200_T|A,22317_G|T,22577_G|C,22578_G|A,22599_G|C,22624_C|T,22664_C|A,22674_C|T,22679_T|C,22686_C|T,22688_A|G,22775_G|A,22786_A|C,22813_G|T,22882_T|G,22895_G|C,22896_T|C,22898_G|A,22927_G|T,22928_T|C,22942_T|G,22992_G|A,22995_C|A,23013_A|C,23016_G|T,23018_T|C,23019_T|C,23031_T|C,23055_A|G,23063_A|T,23075_T|C,23280_C|T,23403_A|G,23525_C|T,23599_T|G,23604_C|A,23673_C|T,23854_C|A,23948_G|T,24373_A|C,24424_A|T,24469_T|A,25000_C|T,25359_A|G,25416_C|T,25584_C|T,26060_C|T,26270_C|T,26275_A|G,26577_C|G,26708_A|G,26709_G|A,26858_C|T,27259_A|C,27382_G|C,27383_A|T,27384_T|C,27672_T|C,27807_C|T,27915_G|T,28271_A|T,28297_T|C,28311_C|T,28447_A|G,28881_G|A,28882_G|A,28883_G|C,29386_C|T,29510_A|C,29700_A|G,11288_11296,21633_21641,21992_21994,28362_28370,29734_29759
USA/CO-CDPHE-41492088/2023	XCR	241_C|T,405_A|G,670_T|G,1973_C|T,2790_C|T,3037_C|T,4184_G|A,4321_C|T,7564_C|T,8016_C|T,8737_T|C,9344_C|T,9424_A|G,9534_C|T,9866_C|T,10029_C|T,10198_C|T,10447_G|A,10449_C|A,12467_G|T,12880_C|T,13405_C|T,13426_C|T,14408_C|T,15451_G|A,15714_C|T,15738_C|T,15939_T|C,16342_T|C,17124_T|C,17410_C|T,17859_T|C,18163_A|G,19326_A|G,19955_C|T,20055_A|G,21618_C|T,21810_T|C,21987_G|A,22000_C|A,22109_C|G,22200_T|A,22317_G|T,22577_G|C,22578_G|A,22599_G|C,22624_C|T,22664_C|A,22674_C|T,22679_T|C,22686_C|T,22688_A|G,22775_G|A,22786_A|C,22813_G|T,22882_T|G,22895_G|C,22896_T|C,22898_G|A,22927_G|T,22928_T|C,22942_T|G,22992_G|A,22995_C|A,23013_A|C,23018_T|C,23019_T|C,23031_T|C,23055_A|G,23063_A|T,23075_T|C,23280_C|T,23403_A|G,23525_C|T,23599_T|G,23604_C|A,23673_C|T,23854_C|A,23948_G|T,24373_A|C,24424_A|T,24469_T|A,25000_C|T,25359_A|G,25416_C|T,25584_C|T,26060_C|T,26270_C|T,26275_A|G,26577_C|G,26708_A|G,26709_G|A,26858_C|T,27259_A|C,27382_G|C,27383_A|T,27384_T|C,27807_C|T,27915_G|T,28271_A|T,28297_T|C,28311_C|T,28447_A|G,28881_G|A,28882_G|A,28883_G|C,29386_C|T,29510_A|C,11288_11296,21633_21641,21992_21994,28362_28370,29734_29759
USA/CO-CDPHE-41492428/2023	XCR	241_C|T,405_A|G,670_T|G,1973_C|T,2548_T|G,2790_C|T,3037_C|T,4184_G|A,4321_C|T,7564_C|T,8016_C|T,8737_T|C,9344_C|T,9424_A|G,9534_C|T,9866_C|T,10029_C|T,10198_C|T,10447_G|A,10449_C|A,12467_G|T,12880_C|T,13405_C|T,13426_C|T,14408_C|T,15451_G|A,15714_C|T,15738_C|T,15939_T|C,16342_T|C,17124_T|C,17410_C|T,17859_T|C,18163_A|G,19326_A|G,19955_C|T,20055_A|G,21618_C|T,21810_T|C,21987_G|A,22000_C|A,22109_C|G,22200_T|A,22317_G|T,22577_G|C,22578_G|A,22599_G|C,22624_C|T,22664_C|A,22674_C|T,22679_T|C,22686_C|T,22688_A|G,22775_G|A,22786_A|C,22813_G|T,22882_T|G,22895_G|C,22896_T|C,22898_G|A,22927_G|T,22928_T|C,22942_T|G,22992_G|A,22995_C|A,23013_A|C,23018_T|C,23019_T|C,23031_T|C,23055_A|G,23063_A|T,23075_T|C,23280_C|T,23403_A|G,23525_C|T,23599_T|G,23604_C|A,23673_C|T,23854_C|A,23948_G|T,24373_A|C,24424_A|T,24469_T|A,25000_C|T,25359_A|G,25416_C|T,25584_C|T,26060_C|T,26270_C|T,26275_A|G,26577_C|G,26708_A|G,26709_G|A,26858_C|T,27259_A|C,27382_G|C,27383_A|T,27384_T|C,27807_C|T,27915_G|T,28271_A|T,28297_T|C,28311_C|T,28447_A|G,28881_G|A,28882_G|A,28883_G|C,29386_C|T,29510_A|C,11288_11296,21633_21641,21992_21994,28362_28370,29734_29759
USA/CO-CDPHE-41544720/2023	XCR	241_C|T,405_A|G,670_T|G,1973_C|T,2790_C|T,3037_C|T,4184_G|A,4321_C|T,7564_C|T,8016_C|T,8737_T|C,9344_C|T,9373_A|G,9424_A|G,9534_C|T,9866_C|T,10029_C|T,10198_C|T,10447_G|A,10449_C|A,12467_G|T,12880_C|T,13405_C|T,13426_C|T,14408_C|T,15451_G|A,15714_C|T,15738_C|T,15939_T|C,16342_T|C,17124_T|C,17410_C|T,17859_T|C,18163_A|G,19326_A|G,19955_C|T,20055_A|G,21618_C|T,21810_T|C,21987_G|A,22000_C|A,22109_C|G,22200_T|A,22317_G|T,22577_G|C,22578_G|A,22599_G|C,22624_C|T,22664_C|A,22674_C|T,22679_T|C,22686_C|T,22688_A|G,22775_G|A,22786_A|C,22813_G|T,22882_T|G,22895_G|C,22896_T|C,22898_G|A,22927_G|T,22928_T|C,22942_T|G,22992_G|A,22995_C|A,23013_A|C,23018_T|C,23019_T|C,23031_T|C,23055_A|G,23063_A|T,23075_T|C,23280_C|T,23403_A|G,23525_C|T,23599_T|G,23604_C|A,23673_C|T,23854_C|A,23948_G|T,24373_A|C,24424_A|T,24469_T|A,25000_C|T,25359_A|G,25416_C|T,25584_C|T,26060_C|T,26270_C|T,26275_A|G,26577_C|G,26708_A|G,26709_G|A,26858_C|T,27259_A|C,27382_G|C,27383_A|T,27384_T|C,27672_T|C,27807_C|T,27915_G|T,28271_A|T,28297_T|C,28311_C|T,28447_A|G,28881_G|A,28882_G|A,28883_G|C,29386_C|T,29510_A|C,29700_A|G,11288_11296,21633_21641,21992_21994,28362_28370,29734_29759
USA/CO-CDPHE-41590676/2023	XCR	241_C|T,405_A|G,670_T|G,1973_C|T,2790_C|T,3037_C|T,4184_G|A,4321_C|T,7564_C|T,8016_C|T,8737_T|C,9344_C|T,9373_A|G,9424_A|G,9534_C|T,9866_C|T,10029_C|T,10198_C|T,10447_G|A,10449_C|A,12467_G|T,12880_C|T,13405_C|T,13426_C|T,14408_C|T,15451_G|A,15714_C|T,15738_C|T,15939_T|C,16342_T|C,17124_T|C,17410_C|T,17859_T|C,18163_A|G,19326_A|G,19955_C|T,20055_A|G,21618_C|T,21810_T|C,21987_G|A,22000_C|A,22109_C|G,22200_T|A,22317_G|T,22577_G|C,22578_G|A,22599_G|C,22624_C|T,22664_C|A,22674_C|T,22679_T|C,22686_C|T,22688_A|G,22775_G|A,22786_A|C,22813_G|T,22882_T|G,22895_G|C,22896_T|C,22898_G|A,22927_G|T,22928_T|C,22942_T|G,22992_G|A,22995_C|A,23013_A|C,23018_T|C,23019_T|C,23031_T|C,23055_A|G,23063_A|T,23075_T|C,23280_C|T,23403_A|G,23525_C|T,23599_T|G,23604_C|A,23673_C|T,23854_C|A,23948_G|T,24373_A|C,24424_A|T,24469_T|A,25000_C|T,25359_A|G,25416_C|T,25584_C|T,26060_C|T,26270_C|T,26275_A|G,26577_C|G,26708_A|G,26709_G|A,26858_C|T,27259_A|C,27382_G|C,27383_A|T,27384_T|C,27672_T|C,27807_C|T,27915_G|T,28271_A|T,28297_T|C,28311_C|T,28447_A|G,28881_G|A,28882_G|A,28883_G|C,29386_C|T,29510_A|C,29700_A|G,11288_11296,21633_21641,21992_21994,28362_28370,29734_29759
USA/CO-CDPHE-41591245/2023	XCR	241_C|T,405_A|G,670_T|G,1973_C|T,2790_C|T,3037_C|T,4184_G|A,4321_C|T,7564_C|T,8016_C|T,8737_T|C,9344_C|T,9424_A|G,9534_C|T,9866_C|T,10029_C|T,10198_C|T,10447_G|A,10449_C|A,11379_C|T,12467_G|T,12880_C|T,13405_C|T,13426_C|T,14408_C|T,15451_G|A,15714_C|T,15738_C|T,15939_T|C,16342_T|C,17124_T|C,17410_C|T,17859_T|C,18163_A|G,19326_A|G,19955_C|T,20055_A|G,21618_C|T,21810_T|C,21987_G|A,22000_C|A,22109_C|G,22200_T|A,22317_G|T,22577_G|C,22578_G|A,22599_G|C,22624_C|T,22664_C|A,22674_C|T,22679_T|C,22686_C|T,22688_A|G,22775_G|A,22786_A|C,22813_G|T,22882_T|G,22895_G|C,22896_T|C,22898_G|A,22927_G|T,22928_T|C,22942_T|G,22992_G|A,22995_C|A,23013_A|C,23018_T|C,23019_T|C,23031_T|C,23055_A|G,23063_A|T,23075_T|C,23280_C|T,23403_A|G,23525_C|T,23599_T|G,23604_C|A,23673_C|T,23854_C|A,23948_G|T,24373_A|C,24424_A|T,24469_T|A,25000_C|T,25359_A|G,25416_C|T,25584_C|T,26060_C|T,26270_C|T,26275_A|G,26577_C|G,26708_A|G,26709_G|A,26858_C|T,27259_A|C,27382_G|C,27383_A|T,27384_T|C,27807_C|T,27915_G|T,28271_A|T,28297_T|C,28311_C|T,28447_A|G,28881_G|A,28882_G|A,28883_G|C,29386_C|T,29510_A|C,11288_11296,21633_21641,21992_21994,28362_28370,29734_29759
USA/CO-CDPHE-41591335/2023	XCR	241_C|T,405_A|G,670_T|G,1973_C|T,2790_C|T,3037_C|T,4184_G|A,4321_C|T,7564_C|T,8016_C|T,8737_T|C,9344_C|T,9424_A|G,9534_C|T,9866_C|T,10029_C|T,10198_C|T,10447_G|A,10449_C|A,11379_C|T,12467_G|T,12880_C|T,13405_C|T,13426_C|T,14408_C|T,15451_G|A,15714_C|T,15738_C|T,15939_T|C,16342_T|C,17124_T|C,17410_C|T,17859_T|C,18163_A|G,19326_A|G,19955_C|T,20055_A|G,21618_C|T,21810_T|C,21987_G|A,22000_C|A,22109_C|G,22200_T|A,22317_G|T,22577_G|C,22578_G|A,22599_G|C,22624_C|T,22664_C|A,22674_C|T,22679_T|C,22686_C|T,22688_A|G,22775_G|A,22786_A|C,22813_G|T,22882_T|G,22895_G|C,22896_T|C,22898_G|A,22927_G|T,22928_T|C,22942_T|G,22992_G|A,22995_C|A,23013_A|C,23018_T|C,23019_T|C,23031_T|C,23055_A|G,23063_A|T,23075_T|C,23280_C|T,23403_A|G,23525_C|T,23599_T|G,23604_C|A,23673_C|T,23854_C|A,23948_G|T,24373_A|C,24424_A|T,24469_T|A,25000_C|T,25359_A|G,25416_C|T,25584_C|T,26060_C|T,26270_C|T,26275_A|G,26577_C|G,26708_A|G,26709_G|A,26858_C|T,27259_A|C,27382_G|C,27383_A|T,27384_T|C,27807_C|T,27915_G|T,28271_A|T,28297_T|C,28311_C|T,28447_A|G,28881_G|A,28882_G|A,28883_G|C,29386_C|T,29510_A|C,11288_11296,21633_21641,21992_21994,28362_28370,29734_29759
USA/CO-CDPHE-41603700/2023	XCR	241_C|T,337_C|T,405_A|G,670_T|G,1973_C|T,2790_C|T,3037_C|T,4184_G|A,4321_C|T,7564_C|T,8016_C|T,8737_T|C,9344_C|T,9424_A|G,9534_C|T,9866_C|T,10029_C|T,10198_C|T,10447_G|A,10449_C|A,12467_G|T,12880_C|T,13405_C|T,13426_C|T,14408_C|T,15451_G|A,15714_C|T,15738_C|T,15939_T|C,16342_T|C,17124_T|C,17410_C|T,17859_T|C,18163_A|G,19326_A|G,19696_A|G,19955_C|T,20055_A|G,21618_C|T,21810_T|C,21987_G|A,22000_C|A,22109_C|G,22200_T|A,22317_G|T,22577_G|C,22578_G|A,22599_G|C,22624_C|T,22664_C|A,22674_C|T,22679_T|C,22686_C|T,22688_A|G,22775_G|A,22786_A|C,22813_G|T,22882_T|G,22895_G|C,22896_T|C,22898_G|A,22927_G|T,22928_T|C,22942_T|G,22992_G|A,22995_C|A,23013_A|C,23018_T|C,23019_T|C,23031_T|C,23055_A|G,23063_A|T,23068_T|C,23075_T|C,23280_C|T,23403_A|G,23525_C|T,23599_T|G,23604_C|A,23673_C|T,23854_C|A,23948_G|T,24163_T|C,24373_A|C,24424_A|T,24469_T|A,25000_C|T,25359_A|G,25416_C|T,25584_C|T,26060_C|T,26270_C|T,26275_A|G,26577_C|G,26708_A|G,26709_G|A,26858_C|T,27259_A|C,27382_G|C,27383_A|T,27384_T|C,27807_C|T,27915_G|T,28271_A|T,28297_T|C,28311_C|T,28447_A|G,28708_C|T,28881_G|A,28882_G|A,28883_G|C,29386_C|T,29510_A|C,11288_11296,21633_21641,21992_21994,28362_28370,29734_29759
USA/CO-CDPHE-41621259/2023	XCR	241_C|T,405_A|G,670_T|G,1973_C|T,2790_C|T,3037_C|T,4184_G|A,4321_C|T,7564_C|T,8016_C|T,8737_T|C,9344_C|T,9424_A|G,9534_C|T,9866_C|T,10029_C|T,10198_C|T,10447_G|A,10449_C|A,11379_C|T,12467_G|T,12880_C|T,13405_C|T,13426_C|T,14408_C|T,15451_G|A,15714_C|T,15738_C|T,15939_T|C,16342_T|C,17124_T|C,17410_C|T,17859_T|C,18163_A|G,19326_A|G,19955_C|T,20055_A|G,21618_C|T,21810_T|C,21987_G|A,22000_C|A,22109_C|G,22200_T|A,22317_G|T,22577_G|C,22578_G|A,22599_G|C,22624_C|T,22664_C|A,22674_C|T,22679_T|C,22686_C|T,22688_A|G,22775_G|A,22786_A|C,22813_G|T,22882_T|G,22895_G|C,22896_T|C,22898_G|A,22927_G|T,22928_T|C,22942_T|G,22992_G|A,22995_C|A,23013_A|C,23018_T|C,23019_T|C,23031_T|C,23055_A|G,23063_A|T,23075_T|C,23280_C|T,23403_A|G,23525_C|T,23599_T|G,23604_C|A,23673_C|T,23854_C|A,23948_G|T,24373_A|C,24424_A|T,24469_T|A,25000_C|T,25359_A|G,25416_C|T,25584_C|T,26060_C|T,26270_C|T,26275_A|G,26577_C|G,26708_A|G,26709_G|A,26858_C|T,27259_A|C,27382_G|C,27383_A|T,27384_T|C,27807_C|T,27915_G|T,28271_A|T,28297_T|C,28311_C|T,28447_A|G,28881_G|A,28882_G|A,28883_G|C,29386_C|T,29510_A|C,11288_11296,21633_21641,21992_21994,28362_28370,29734_29759
USA/CT-CDC-QDX87462094/2023	XCR	241_C|T,405_A|G,670_T|G,1973_C|T,2548_T|G,2790_C|T,3037_C|T,4184_G|A,4321_C|T,7564_C|T,8016_C|T,8737_T|C,9344_C|T,9424_A|G,9534_C|T,9866_C|T,10029_C|T,10198_C|T,10447_G|A,10449_C|A,12467_G|T,12880_C|T,13405_C|T,13426_C|T,14408_C|T,15451_G|A,15714_C|T,15738_C|T,15939_T|C,16342_T|C,17124_T|C,17410_C|T,17560_C|A,17859_T|C,18163_A|G,19326_A|G,19955_C|T,20055_A|G,21618_C|T,21810_T|C,21987_G|A,22000_C|A,22109_C|G,22200_T|A,22317_G|T,22577_G|C,22578_G|A,22599_G|C,22624_C|T,22664_C|A,22674_C|T,22679_T|C,22686_C|T,22688_A|G,22775_G|A,22786_A|C,22813_G|T,22882_T|G,22895_G|C,22896_T|C,22898_G|A,22927_G|T,22928_T|C,22942_T|G,22992_G|A,22995_C|A,23013_A|C,23018_T|C,23019_T|C,23031_T|C,23055_A|G,23063_A|T,23075_T|C,23280_C|T,23403_A|G,23525_C|T,23599_T|G,23604_C|A,23673_C|T,23854_C|A,23948_G|T,24373_A|C,24424_A|T,24469_T|A,25000_C|T,25359_A|G,25416_C|T,25584_C|T,26060_C|T,26270_C|T,26275_A|G,26577_C|G,26708_A|G,26709_G|A,26858_C|T,27259_A|C,27382_G|C,27383_A|T,27384_T|C,27807_C|T,27915_G|T,28271_A|T,28297_T|C,28311_C|T,28447_A|G,28881_G|A,28882_G|A,28883_G|C,29386_C|T,29510_A|C,11288_11296,21633_21641,21992_21994,28362_28370,29734_29759
USA/FL-CDC-QDX84335940/2023	XCR	241_C|T,405_A|G,670_T|G,1973_C|T,2790_C|T,3037_C|T,4184_G|A,4321_C|T,7564_C|T,8737_T|C,9344_C|T,9424_A|G,9534_C|T,9866_C|T,10029_C|T,10198_C|T,10447_G|A,10449_C|A,12467_G|T,12880_C|T,13405_C|T,14408_C|T,15451_G|A,15714_C|T,15738_C|T,15939_T|C,16342_T|C,17124_T|C,17410_C|T,17859_T|C,18163_A|G,19326_A|G,19955_C|T,20055_A|G,21618_C|T,21810_T|C,21987_G|A,22000_C|A,22109_C|G,22200_T|A,22317_G|T,22577_G|C,22578_G|A,22599_G|C,22624_C|T,22664_C|A,22674_C|T,22679_T|C,22686_C|T,22688_A|G,22775_G|A,22786_A|C,22813_G|T,22882_T|G,22895_G|C,22896_T|C,22898_G|A,22927_G|T,22928_T|C,22942_T|G,22992_G|A,22995_C|A,23013_A|C,23018_T|C,23019_T|C,23031_T|C,23055_A|G,23063_A|T,23075_T|C,23280_C|T,23403_A|G,23525_C|T,23599_T|G,23604_C|A,23673_C|T,23854_C|A,23948_G|T,24373_A|C,24424_A|T,24469_T|A,25000_C|T,25359_A|G,25416_C|T,25584_C|T,26060_C|T,26270_C|T,26275_A|G,26577_C|G,26708_A|G,26709_G|A,26858_C|T,27259_A|C,27382_G|C,27383_A|T,27384_T|C,27807_C|T,27915_G|T,28271_A|T,28297_T|C,28311_C|T,28447_A|G,28881_G|A,28882_G|A,28883_G|C,29386_C|T,29510_A|C,11288_11296,21633_21641,21992_21994,28362_28370,29734_29759
USA/FL-CDC-QDX91125617/2024	XCR	241_C|T,405_A|G,670_T|G,1973_C|T,2790_C|T,3037_C|T,4184_G|A,4321_C|T,7564_C|T,7633_T|C,8016_C|T,8737_T|C,9344_C|T,9424_A|G,9534_C|T,9866_C|T,10029_C|T,10198_C|T,10447_G|A,10449_C|A,11583_G|A,12434_G|A,12467_G|T,12880_C|T,13405_C|T,13426_C|T,14408_C|T,15451_G|A,15714_C|T,15738_C|T,15939_T|C,16342_T|C,17004_C|T,17124_T|C,17410_C|T,17859_T|C,18163_A|G,19326_A|G,19955_C|T,20055_A|G,20056_G|A,21618_C|T,21810_T|C,21987_G|A,22000_C|A,22109_C|G,22200_T|A,22317_G|T,22577_G|C,22578_G|A,22599_G|C,22624_C|T,22664_C|A,22674_C|T,22679_T|C,22686_C|T,22688_A|G,22775_G|A,22786_A|C,22813_G|T,22882_T|G,22895_G|C,22896_T|C,22898_G|A,22927_G|T,22928_T|C,22942_T|G,22992_G|A,22995_C|A,23013_A|C,23018_T|C,23019_T|C,23031_T|C,23055_A|G,23063_A|T,23075_T|C,23280_C|T,23403_A|G,23525_C|T,23599_T|G,23604_C|A,23673_C|T,23854_C|A,23948_G|T,24373_A|C,24424_A|T,24469_T|A,25000_C|T,25359_A|G,25416_C|T,25584_C|T,26060_C|T,26270_C|T,26275_A|G,26577_C|G,26708_A|G,26709_G|A,26858_C|T,27005_C|T,27259_A|C,27382_G|C,27383_A|T,27384_T|C,27577_C|T,27807_C|T,27915_G|T,28271_A|T,28297_T|C,28311_C|T,28447_A|G,28881_G|A,28882_G|A,28883_G|C,28887_C|T,29386_C|T,29510_A|C,29585_C|T,11288_11296,21633_21641,21992_21994,28362_28370,29734_29759
USA/IL-RIPHL_21375_G/2023	XCR	241_C|T,405_A|G,670_T|G,2334_C|T,2790_C|T,3037_C|T,3852_A|G,4184_G|A,4321_C|T,7564_C|T,8016_C|T,8737_T|C,9344_C|T,9424_A|G,9534_C|T,9561_C|T,9866_C|T,10029_C|T,10198_C|T,10447_G|A,10449_C|A,10712_C|T,12467_G|T,12880_C|T,13405_C|T,13426_C|T,14408_C|T,15451_G|A,15714_C|T,15738_C|T,15939_T|C,16342_T|C,17124_T|C,17410_C|T,17859_T|C,18163_A|G,19326_A|G,19955_C|T,20055_A|G,21618_C|T,21810_T|C,21987_G|A,22000_C|A,22109_C|G,22200_T|A,22317_G|T,22577_G|C,22578_G|A,22599_G|C,22624_C|T,22664_C|A,22674_C|T,22679_T|C,22686_C|T,22688_A|G,22775_G|A,22786_A|C,22813_G|T,22882_T|G,22895_G|C,22896_T|C,22898_G|A,22927_G|T,22928_T|C,22942_T|G,22992_G|A,22995_C|A,23013_A|C,23018_T|C,23019_T|C,23031_T|C,23055_A|G,23063_A|T,23075_T|C,23280_C|T,23403_A|G,23525_C|T,23599_T|G,23604_C|A,23673_C|T,23854_C|A,23948_G|T,24373_A|C,24424_A|T,24469_T|A,25000_C|T,25359_A|G,25416_C|T,25584_C|T,26060_C|T,26270_C|T,26275_A|G,26708_A|G,26709_G|A,26858_C|T,27259_A|C,27382_G|C,27383_A|T,27384_T|C,27807_C|T,27915_G|T,28271_A|T,28297_T|C,28311_C|T,28447_A|G,28881_G|A,28882_G|A,28883_G|C,29386_C|T,29510_A|C,11288_11296,21633_21641,21992_21994,28362_28370,29734_29759
USA/IL-RIPHL_21602_G/2023	XCR	241_C|T,405_A|G,670_T|G,1820_G|A,1973_C|T,2790_C|T,3037_C|T,4181_G|T,4184_G|A,4321_C|T,5392_C|T,7564_C|T,8016_C|T,8737_T|C,9344_C|T,9424_A|G,9534_C|T,9866_C|T,10029_C|T,10198_C|T,10296_C|T,10447_G|A,10449_C|A,11123_G|A,11247_T|C,12467_G|T,12880_C|T,13405_C|T,13426_C|T,14408_C|T,15451_G|A,15714_C|T,15738_C|T,15939_T|C,16342_T|C,16616_C|T,17124_T|C,17410_C|T,17859_T|C,18163_A|G,19326_A|G,19955_C|T,20055_A|G,21618_C|T,21810_T|C,21987_G|A,22000_C|A,22109_C|G,22200_T|A,22317_G|T,22577_G|C,22578_G|A,22599_G|C,22624_C|T,22664_C|A,22674_C|T,22679_T|C,22686_C|T,22688_A|G,22775_G|A,22786_A|C,22813_G|T,22882_T|G,22895_G|C,22896_T|C,22898_G|A,22927_G|T,22928_T|C,22942_T|G,22992_G|A,22995_C|A,23013_A|C,23018_T|C,23019_T|C,23031_T|C,23055_A|G,23063_A|T,23075_T|C,23280_C|T,23403_A|G,23525_C|T,23599_T|G,23604_C|A,23673_C|T,23854_C|A,23948_G|T,24373_A|C,24424_A|T,24469_T|A,25000_C|T,25359_A|G,25416_C|T,25584_C|T,26060_C|T,26270_C|T,26275_A|G,26708_A|G,26709_G|A,26858_C|T,27259_A|C,27382_G|C,27383_A|T,27384_T|C,27807_C|T,27915_G|T,28271_A|T,28297_T|C,28311_C|T,28447_A|G,28881_G|A,28882_G|A,28883_G|C,29386_C|T,29510_A|C,11288_11296,21633_21641,21992_21994,28362_28370,29734_29759
USA/IL-RIPHL_21614_G/2023	XCR	241_C|T,405_A|G,670_T|G,1820_G|A,1973_C|T,2790_C|T,3037_C|T,4181_G|T,4184_G|A,4321_C|T,5392_C|T,7564_C|T,8016_C|T,8737_T|C,9344_C|T,9424_A|G,9534_C|T,9866_C|T,10029_C|T,10198_C|T,10447_G|A,10449_C|A,11123_G|A,11247_T|C,12467_G|T,12880_C|T,13405_C|T,13426_C|T,14408_C|T,15451_G|A,15714_C|T,15738_C|T,15939_T|C,16342_T|C,16616_C|T,17124_T|C,17410_C|T,17859_T|C,18163_A|G,19326_A|G,19955_C|T,20055_A|G,21618_C|T,21810_T|C,21987_G|A,22000_C|A,22109_C|G,22200_T|A,22317_G|T,22577_G|C,22578_G|A,22599_G|C,22624_C|T,22664_C|A,22674_C|T,22679_T|C,22686_C|T,22688_A|G,22775_G|A,22786_A|C,22813_G|T,22882_T|G,22895_G|C,22896_T|C,22898_G|A,22927_G|T,22928_T|C,22942_T|G,22992_G|A,22995_C|A,23013_A|C,23018_T|C,23019_T|C,23031_T|C,23055_A|G,23063_A|T,23075_T|C,23280_C|T,23403_A|G,23525_C|T,23599_T|G,23604_C|A,23673_C|T,23854_C|A,23948_G|T,24373_A|C,24424_A|T,24469_T|A,25000_C|T,25359_A|G,25416_C|T,25584_C|T,26060_C|T,26270_C|T,26275_A|G,26708_A|G,26709_G|A,26858_C|T,27259_A|C,27382_G|C,27383_A|T,27384_T|C,27807_C|T,27915_G|T,28271_A|T,28297_T|C,28311_C|T,28447_A|G,28881_G|A,28882_G|A,28883_G|C,29386_C|T,29510_A|C,11288_11296,21633_21641,21992_21994,28362_28370,29734_29759
USA/IL-RIPHL_62279_G/2023	XCR	241_C|T,405_A|G,670_T|G,1973_C|T,2644_C|T,2790_C|T,3037_C|T,4184_G|A,4321_C|T,7564_C|T,8016_C|T,8737_T|C,9344_C|T,9424_A|G,9534_C|T,9866_C|T,10029_C|T,10198_C|T,10447_G|A,10449_C|A,11247_T|C,12467_G|T,12880_C|T,13405_C|T,13426_C|T,14408_C|T,15451_G|A,15714_C|T,15738_C|T,15939_T|C,16342_T|C,17124_T|C,17410_C|T,17859_T|C,18163_A|G,19326_A|G,19955_C|T,20055_A|G,21618_C|T,21810_T|C,21987_G|A,22000_C|A,22109_C|G,22200_T|A,22317_G|T,22577_G|C,22578_G|A,22599_G|C,22624_C|T,22664_C|A,22674_C|T,22679_T|C,22686_C|T,22688_A|G,22775_G|A,22786_A|C,22813_G|T,22882_T|G,22895_G|C,22896_T|C,22898_G|A,22927_G|T,22928_T|C,22942_T|G,22992_G|A,22995_C|A,23013_A|C,23018_T|C,23019_T|C,23031_T|C,23055_A|G,23063_A|T,23075_T|C,23280_C|T,23403_A|G,23525_C|T,23599_T|G,23604_C|A,23673_C|T,23854_C|A,23948_G|T,24373_A|C,24424_A|T,24469_T|A,25000_C|T,25359_A|G,25416_C|T,25584_C|T,26060_C|T,26270_C|T,26275_A|G,26708_A|G,26709_G|A,26858_C|T,27259_A|C,27382_G|C,27383_A|T,27384_T|C,27689_C|T,27807_C|T,27915_G|T,28271_A|T,28297_T|C,28311_C|T,28447_A|G,28881_G|A,28882_G|A,28883_G|C,29386_C|T,29510_A|C,11288_11296,21633_21641,21992_21994,28362_28370,29734_29759
USA/IN-CDC-QDX85991865/2023	XCR	241_C|T,405_A|G,670_T|G,1973_C|T,2790_C|T,3037_C|T,4184_G|A,4321_C|T,7564_C|T,8016_C|T,8737_T|C,9344_C|T,9424_A|G,9534_C|T,9866_C|T,10029_C|T,10198_C|T,10447_G|A,10449_C|A,12467_G|T,12880_C|T,13405_C|T,13426_C|T,14408_C|T,15451_G|A,15714_C|T,15738_C|T,15939_T|C,16342_T|C,17124_T|C,17410_C|T,17859_T|C,18163_A|G,19326_A|G,19955_C|T,20055_A|G,21618_C|T,21810_T|C,21987_G|A,22000_C|A,22109_C|G,22200_T|A,22317_G|T,22577_G|C,22578_G|A,22599_G|C,22624_C|T,22664_C|A,22674_C|T,22679_T|C,22686_C|T,22688_A|G,22775_G|A,22786_A|C,22813_G|T,22882_T|G,22895_G|C,22896_T|C,22898_G|A,22927_G|T,22928_T|C,22942_T|G,22992_G|A,22995_C|A,23013_A|C,23018_T|C,23019_T|C,23031_T|C,23055_A|G,23063_A|T,23075_T|C,23280_C|T,23403_A|G,23525_C|T,23599_T|G,23604_C|A,23673_C|T,23854_C|A,23948_G|T,24373_A|C,24424_A|T,24469_T|A,25000_C|T,25359_A|G,25416_C|T,25584_C|T,26060_C|T,26270_C|T,26275_A|G,26577_C|G,26708_A|G,26709_G|A,26858_C|T,27259_A|C,27382_G|C,27383_A|T,27384_T|C,27807_C|T,27915_G|T,28271_A|T,28297_T|C,28311_C|T,28447_A|G,28881_G|A,28882_G|A,28883_G|C,29386_C|T,29510_A|C,11288_11296,21633_21641,21992_21994,28362_28370,29734_29759
USA/IVY-G43R14Y5/2023	XCR	405_A|G,670_T|G,1973_C|T,2790_C|T,3037_C|T,4184_G|A,4321_C|T,7564_C|T,8016_C|T,8737_T|C,9344_C|T,9424_A|G,9534_C|T,9866_C|T,10029_C|T,10198_C|T,10447_G|A,10449_C|A,11247_T|C,12467_G|T,12880_C|T,13405_C|T,13426_C|T,14408_C|T,15451_G|A,15714_C|T,15738_C|T,15939_T|C,16342_T|C,17124_T|C,17410_C|T,17859_T|C,18163_A|G,19326_A|G,19955_C|T,20055_A|G,21618_C|T,21810_T|C,21987_G|A,22000_C|A,22109_C|G,22200_T|A,22317_G|T,22577_G|C,22578_G|A,22599_G|C,22624_C|T,22664_C|A,22674_C|T,22679_T|C,22686_C|T,22688_A|G,22775_G|A,22786_A|C,22813_G|T,22882_T|G,22895_G|C,22896_T|C,22898_G|A,22927_G|T,22928_T|C,22942_T|G,22992_G|A,22995_C|A,23013_A|C,23018_T|C,23019_T|C,23031_T|C,23055_A|G,23063_A|T,23075_T|C,23280_C|T,23403_A|G,23525_C|T,23599_T|G,23604_C|A,23673_C|T,23854_C|A,23948_G|T,24373_A|C,24424_A|T,24469_T|A,25000_C|T,25359_A|G,25416_C|T,25584_C|T,26060_C|T,26270_C|T,26275_A|G,26577_C|G,26708_A|G,26709_G|A,26858_C|T,27259_A|C,27382_G|C,27383_A|T,27384_T|C,27807_C|T,27915_G|T,28271_A|T,28297_T|C,28311_C|T,28447_A|G,28881_G|A,28882_G|A,28883_G|C,29386_C|T,29510_A|C,11288_11296,21633_21641,21992_21994,28362_28370
USA/IVY-G43R30G7/2023	XCR	405_A|G,670_T|G,673_C|T,1973_C|T,2790_C|T,3037_C|T,4184_G|A,4321_C|T,7564_C|T,8016_C|T,8737_T|C,9344_C|T,9424_A|G,9534_C|T,9866_C|T,10029_C|T,10198_C|T,10447_G|A,10449_C|A,12467_G|T,12880_C|T,13405_C|T,13426_C|T,14408_C|T,15451_G|A,15714_C|T,15738_C|T,15939_T|C,16342_T|C,17124_T|C,17410_C|T,17859_T|C,18163_A|G,18570_C|T,19326_A|G,19955_C|T,20055_A|G,21618_C|T,21810_T|C,21987_G|A,22109_C|G,22200_T|A,22317_G|T,22577_G|C,22578_G|A,22599_G|C,22624_C|T,22664_C|A,22674_C|T,22679_T|C,22686_C|T,22688_A|G,22775_G|A,22786_A|C,22813_G|T,22882_T|G,22895_G|C,22896_T|C,22898_G|A,22927_G|T,22928_T|C,22942_T|G,22992_G|A,22995_C|A,23013_A|C,23018_T|C,23019_T|C,23031_T|C,23032_T|C,23055_A|G,23063_A|T,23075_T|C,23280_C|T,23403_A|G,23525_C|T,23599_T|G,23604_C|A,23673_C|T,23854_C|A,23948_G|T,24373_A|C,24424_A|T,24469_T|A,25000_C|T,25359_A|G,25416_C|T,25584_C|T,26060_C|T,26270_C|T,26275_A|G,26577_C|G,26708_A|G,26709_G|A,26858_C|T,27259_A|C,27382_G|C,27383_A|T,27384_T|C,27752_C|T,27807_C|T,27915_G|T,28271_A|T,28297_T|C,28311_C|T,28447_A|G,28881_G|A,28882_G|A,28883_G|C,29386_C|T,29510_A|C,11288_11296,21633_21641,21992_21994,28362_28370
USA/IVY-G43R33P1/2023	XCR	241_C|T,405_A|G,670_T|G,2334_C|T,2790_C|T,3037_C|T,3852_A|G,4184_G|A,4321_C|T,7564_C|T,8016_C|T,8737_T|C,9344_C|T,9424_A|G,9534_C|T,9866_C|T,10029_C|T,10198_C|T,10447_G|A,10449_C|A,12467_G|T,12880_C|T,13405_C|T,13426_C|T,14408_C|T,15451_G|A,15714_C|T,15738_C|T,15939_T|C,16342_T|C,17124_T|C,17410_C|T,17859_T|C,18163_A|G,19326_A|G,19955_C|T,20055_A|G,21618_C|T,21810_T|C,21987_G|A,22000_C|A,22109_C|G,22200_T|A,22317_G|T,22577_G|C,22578_G|A,22599_G|C,22624_C|T,22664_C|A,22674_C|T,22679_T|C,22686_C|T,22688_A|G,22775_G|A,22786_A|C,22813_G|T,22882_T|G,22895_G|C,22896_T|C,22898_G|A,22927_G|T,22928_T|C,22942_T|G,22992_G|A,22995_C|A,23013_A|C,23018_T|C,23019_T|C,23031_T|C,23055_A|G,23063_A|T,23075_T|C,23280_C|T,23403_A|G,23525_C|T,23599_T|G,23604_C|A,23673_C|T,23854_C|A,23948_G|T,24373_A|C,24424_A|T,24469_T|A,25000_C|T,25359_A|G,25416_C|T,25584_C|T,26060_C|T,26270_C|T,26275_A|G,26577_C|G,26708_A|G,26709_G|A,26858_C|T,27259_A|C,27382_G|C,27383_A|T,27384_T|C,27807_C|T,27915_G|T,27970_C|T,28271_A|T,28297_T|C,28311_C|T,28447_A|G,28881_G|A,28882_G|A,28883_G|C,29386_C|T,29510_A|C,11288_11296,21633_21641,28362_28370
USA/IVY-G43R40A3/2023	XCR	241_C|T,405_A|G,670_T|G,1403_C|A,1742_G|A,1973_C|T,2790_C|T,3037_C|T,4184_G|A,4321_C|T,7564_C|T,8016_C|T,8737_T|C,9344_C|T,9424_A|G,9534_C|T,9866_C|T,10029_C|T,10198_C|T,10447_G|A,10449_C|A,12467_G|T,12880_C|T,13405_C|T,13426_C|T,14408_C|T,15451_G|A,15714_C|T,15738_C|T,15939_T|C,16342_T|C,17124_T|C,17410_C|T,17859_T|C,18163_A|G,19326_A|G,19955_C|T,20055_A|G,21618_C|T,21810_T|C,21987_G|A,22000_C|A,22109_C|G,22200_T|A,22317_G|T,22577_G|C,22578_G|A,22599_G|C,22624_C|T,22664_C|A,22674_C|T,22679_T|C,22686_C|T,22688_A|G,22775_G|A,22786_A|C,22813_G|T,22882_T|G,22895_G|C,22896_T|C,22898_G|A,22927_G|T,22928_T|C,22942_T|G,22992_G|A,22995_C|A,23013_A|C,23018_T|C,23019_T|C,23031_T|C,23055_A|G,23063_A|T,23075_T|C,23280_C|T,23403_A|G,23525_C|T,23599_T|G,23604_C|A,23673_C|T,23854_C|A,23948_G|T,24373_A|C,24424_A|T,24469_T|A,25000_C|T,25359_A|G,25416_C|T,25584_C|T,26060_C|T,26270_C|T,26275_A|G,26577_C|G,26708_A|G,26709_G|A,26858_C|T,27259_A|C,27382_G|C,27383_A|T,27384_T|C,27807_C|T,27915_G|T,28271_A|T,28297_T|C,28311_C|T,28447_A|G,28881_G|A,28882_G|A,28883_G|C,29386_C|T,29510_A|C,11288_11296,21633_21641,21992_21994,28362_28370
USA/IVY-G43R44O2/2023	XCR	241_C|T,405_A|G,670_T|G,1973_C|T,2548_T|G,2790_C|T,3037_C|T,4184_G|A,4321_C|T,7564_C|T,8016_C|T,8737_T|C,9344_C|T,9424_A|G,9534_C|T,9866_C|T,10029_C|T,10198_C|T,10447_G|A,10449_C|A,12467_G|T,12880_C|T,13405_C|T,13426_C|T,14408_C|T,15451_G|A,15714_C|T,15738_C|T,15939_T|C,16342_T|C,17124_T|C,17410_C|T,17859_T|C,18163_A|G,19326_A|G,19955_C|T,20055_A|G,21810_T|C,21987_G|A,22000_C|A,22109_C|G,22200_T|A,22317_G|T,22577_G|C,22578_G|A,22599_G|C,22624_C|T,22664_C|A,22674_C|T,22679_T|C,22686_C|T,22688_A|G,22775_G|A,22786_A|C,22813_G|T,22882_T|G,22895_G|C,22896_T|C,22898_G|A,22927_G|T,22928_T|C,22942_T|G,22992_G|A,22995_C|A,23013_A|C,23018_T|C,23019_T|C,23031_T|C,23055_A|G,23063_A|T,23075_T|C,23280_C|T,23403_A|G,23525_C|T,23599_T|G,23604_C|A,23673_C|T,23854_C|A,23948_G|T,24373_A|C,24424_A|T,24469_T|A,25000_C|T,25359_A|G,25416_C|T,25584_C|T,26060_C|T,26270_C|T,26275_A|G,26577_C|G,26708_A|G,26709_G|A,26858_C|T,27259_A|C,27382_G|C,27383_A|T,27384_T|C,27807_C|T,27915_G|T,28271_A|T,28297_T|C,28311_C|T,28447_A|G,28881_G|A,28882_G|A,28883_G|C,29386_C|T,29510_A|C,11288_11296,21633_21641,21992_21994,28362_28370
USA/KY-CDC-QDX86946336/2023	XCR	241_C|T,405_A|G,670_T|G,1973_C|T,2790_C|T,3037_C|T,4184_G|A,4321_C|T,7564_C|T,8016_C|T,8737_T|C,9344_C|T,9424_A|G,9534_C|T,9866_C|T,10029_C|T,10198_C|T,10228_C|T,10447_G|A,10449_C|A,12467_G|T,12880_C|T,13405_C|T,13426_C|T,14408_C|T,15451_G|A,15714_C|T,15738_C|T,15939_T|C,16342_T|C,17124_T|C,17410_C|T,17859_T|C,18163_A|G,19326_A|G,19955_C|T,20055_A|G,21618_C|T,21810_T|C,21987_G|A,22000_C|A,22109_C|G,22200_T|A,22317_G|T,22577_G|C,22578_G|A,22599_G|C,22624_C|T,22664_C|A,22674_C|T,22679_T|C,22686_C|T,22688_A|G,22775_G|A,22786_A|C,22813_G|T,22882_T|G,22895_G|C,22896_T|C,22898_G|A,22927_G|T,22928_T|C,22942_T|G,22992_G|A,22995_C|A,23013_A|C,23018_T|C,23019_T|C,23031_T|C,23055_A|G,23063_A|T,23075_T|C,23280_C|T,23403_A|G,23525_C|T,23599_T|G,23604_C|A,23673_C|T,23854_C|A,23948_G|T,24373_A|C,24424_A|T,24469_T|A,25000_C|T,25359_A|G,25416_C|T,25584_C|T,26060_C|T,26270_C|T,26275_A|G,26577_C|G,26708_A|G,26709_G|A,26858_C|T,27259_A|C,27382_G|C,27383_A|T,27384_T|C,27807_C|T,27915_G|T,28271_A|T,28297_T|C,28311_C|T,28447_A|G,28877_A|T,28878_G|C,28881_G|A,28882_G|A,28883_G|C,29386_C|T,29510_A|C,11288_11296,21633_21641,21992_21994,28362_28370,29734_29759
USA/MA-CDC-QDX90592863/2023	XCR	241_C|T,405_A|G,643_C|T,670_T|G,1973_C|T,2790_C|T,3037_C|T,4184_G|A,4321_C|T,7564_C|T,8016_C|T,8737_T|C,9344_C|T,9424_A|G,9534_C|T,9866_C|T,10029_C|T,10198_C|T,10447_G|A,10449_C|A,11572_C|T,12467_G|T,12880_C|T,13405_C|T,13426_C|T,14408_C|T,15451_G|A,15714_C|T,15738_C|T,15939_T|C,16342_T|C,16785_T|C,17124_T|C,17410_C|T,17859_T|C,18163_A|G,19326_A|G,19955_C|T,20055_A|G,21618_C|T,21810_T|C,21987_G|A,22000_C|A,22109_C|G,22200_T|A,22317_G|T,22399_T|C,22577_G|C,22578_G|A,22599_G|C,22624_C|T,22664_C|A,22674_C|T,22679_T|C,22686_C|T,22688_A|G,22775_G|A,22786_A|C,22813_G|T,22882_T|G,22895_G|C,22896_T|C,22898_G|A,22927_G|T,22928_T|C,22942_T|G,22992_G|A,22995_C|A,23013_A|C,23018_T|C,23019_T|C,23031_T|C,23055_A|G,23063_A|T,23075_T|C,23280_C|T,23403_A|G,23525_C|T,23599_T|G,23604_C|A,23673_C|T,23854_C|A,23948_G|T,24373_A|C,24424_A|T,24469_T|A,25000_C|T,25359_A|G,25416_C|T,25584_C|T,26060_C|T,26270_C|T,26275_A|G,26577_C|G,26708_A|G,26709_G|A,26727_G|T,26858_C|T,27259_A|C,27382_G|C,27383_A|T,27384_T|C,27807_C|T,27915_G|T,28271_A|T,28297_T|C,28311_C|T,28447_A|G,28881_G|A,28882_G|A,28883_G|C,29386_C|T,29510_A|C,11288_11296,21633_21641,21992_21994,28362_28370,29734_29759
USA/MIS-L371516426/2023	XCR	241_C|T,405_A|G,670_T|G,1973_C|T,2790_C|T,3037_C|T,4184_G|A,4321_C|T,6996_T|C,7564_C|T,8016_C|T,8737_T|C,9344_C|T,9424_A|G,9534_C|T,9866_C|T,10029_C|T,10198_C|T,10447_G|A,10449_C|A,11522_T|G,12467_G|T,12880_C|T,13405_C|T,13426_C|T,14408_C|T,15451_G|A,15714_C|T,15738_C|T,15939_T|C,16342_T|C,17124_T|C,17410_C|T,17859_T|C,18163_A|G,19326_A|G,19955_C|T,20055_A|G,21618_C|T,21810_T|C,21987_G|A,22000_C|A,22109_C|G,22200_T|A,22317_G|T,22577_G|C,22578_G|A,22599_G|C,22624_C|T,22664_C|A,22674_C|T,22679_T|C,22686_C|T,22688_A|G,22775_G|A,22786_A|C,22813_G|T,22882_T|G,22895_G|C,22896_T|C,22898_G|A,22927_G|T,22928_T|C,22942_T|G,22992_G|A,22995_C|A,23013_A|C,23018_T|C,23019_T|C,23031_T|C,23055_A|G,23063_A|T,23075_T|C,23280_C|T,23403_A|G,23525_C|T,23599_T|G,23604_C|A,23673_C|T,23854_C|A,23948_G|T,24373_A|C,24424_A|T,24469_T|A,25000_C|T,25359_A|G,25416_C|T,25584_C|T,26060_C|T,26270_C|T,26275_A|G,26577_C|G,26681_C|T,26708_A|G,26709_G|A,26858_C|T,27259_A|C,27382_G|C,27383_A|T,27384_T|C,27807_C|T,27915_G|T,28271_A|T,28297_T|C,28311_C|T,28447_A|G,28881_G|A,28882_G|A,28883_G|C,29386_C|T,29510_A|C,11288_11296,21633_21641,21992_21994,28362_28370
USA/MIS-L372164404/2023	XCR	241_C|T,405_A|G,670_T|G,1973_C|T,2790_C|T,3037_C|T,4184_G|A,4321_C|T,7564_C|T,8016_C|T,8737_T|C,9344_C|T,9424_A|G,9534_C|T,9866_C|T,10029_C|T,10198_C|T,10447_G|A,10449_C|A,12467_G|T,12880_C|T,13405_C|T,13426_C|T,14408_C|T,15451_G|A,15714_C|T,15738_C|T,15939_T|C,16342_T|C,17124_T|C,17410_C|T,17859_T|C,18163_A|G,19326_A|G,19955_C|T,20055_A|G,21618_C|T,21810_T|C,21987_G|A,22000_C|A,22109_C|G,22200_T|A,22317_G|T,22577_G|C,22578_G|A,22599_G|C,22624_C|T,22664_C|A,22674_C|T,22679_T|C,22686_C|T,22688_A|G,22775_G|A,22786_A|C,22813_G|T,22882_T|G,22895_G|C,22896_T|C,22898_G|A,22927_G|T,22928_T|C,22942_T|G,22992_G|A,22995_C|A,23013_A|C,23018_T|C,23019_T|C,23031_T|C,23055_A|G,23063_A|T,23075_T|C,23280_C|T,23403_A|G,23525_C|T,23599_T|G,23604_C|A,23673_C|T,23854_C|A,23948_G|T,24373_A|C,24424_A|T,24469_T|A,25000_C|T,25359_A|G,25416_C|T,25584_C|T,26060_C|T,26270_C|T,26275_A|G,26577_C|G,26708_A|G,26709_G|A,26858_C|T,27259_A|C,27382_G|C,27383_A|T,27384_T|C,27807_C|T,27915_G|T,28271_A|T,28297_T|C,28311_C|T,28447_A|G,28881_G|A,28882_G|A,28883_G|C,29386_C|T,29510_A|C,29616_G|T,11288_11296,21633_21641,21992_21994,28362_28370
USA/MN-CDC-VSX-A06024/2023	XCR	44_C|T,241_C|T,405_A|G,670_T|G,1973_C|T,2790_C|T,3037_C|T,4184_G|A,4321_C|T,7564_C|T,8016_C|T,8737_T|C,9344_C|T,9424_A|G,9534_C|T,9866_C|T,10029_C|T,10198_C|T,10447_G|A,10449_C|A,12467_G|T,12880_C|T,13405_C|T,13426_C|T,14408_C|T,15451_G|A,15714_C|T,15738_C|T,15939_T|C,16342_T|C,17124_T|C,17410_C|T,17859_T|C,18163_A|G,19326_A|G,19955_C|T,20055_A|G,21618_C|T,21810_T|C,21987_G|A,22000_C|A,22109_C|G,22200_T|A,22317_G|T,22577_G|C,22578_G|A,22599_G|C,22624_C|T,22664_C|A,22674_C|T,22679_T|C,22686_C|T,22688_A|G,22775_G|A,22786_A|C,22813_G|T,22882_T|G,22895_G|C,22896_T|C,22898_G|A,22927_G|T,22928_T|C,22942_T|G,22992_G|A,22995_C|A,23013_A|C,23018_T|C,23019_T|C,23031_T|C,23055_A|G,23063_A|T,23075_T|C,23280_C|T,23403_A|G,23525_C|T,23599_T|G,23604_C|A,23673_C|T,23854_C|A,23948_G|T,24373_A|C,24424_A|T,24469_T|A,25000_C|T,25359_A|G,25416_C|T,25584_C|T,26060_C|T,26213_C|T,26270_C|T,26275_A|G,26577_C|G,26708_A|G,26709_G|A,26858_C|T,27259_A|C,27382_G|C,27383_A|T,27384_T|C,27807_C|T,27915_G|T,28271_A|T,28297_T|C,28311_C|T,28447_A|G,28881_G|A,28882_G|A,28883_G|C,29386_C|T,29510_A|C,11288_11296,21633_21641,21992_21994,28362_28370,29734_29759
USA/MN-CDC-VSX-A06259/2023	XCR	44_C|T,241_C|T,405_A|G,670_T|G,1973_C|T,2790_C|T,3037_C|T,4184_G|A,4321_C|T,7564_C|T,8016_C|T,8737_T|C,9344_C|T,9424_A|G,9534_C|T,9866_C|T,10029_C|T,10198_C|T,10447_G|A,10449_C|A,12467_G|T,12880_C|T,13405_C|T,13426_C|T,14408_C|T,15451_G|A,15714_C|T,15738_C|T,15939_T|C,16342_T|C,17124_T|C,17410_C|T,17859_T|C,18163_A|G,19326_A|G,19955_C|T,20055_A|G,21618_C|T,21810_T|C,21987_G|A,22000_C|A,22109_C|G,22200_T|A,22317_G|T,22577_G|C,22578_G|A,22599_G|C,22624_C|T,22664_C|A,22674_C|T,22679_T|C,22686_C|T,22688_A|G,22775_G|A,22786_A|C,22813_G|T,22882_T|G,22895_G|C,22896_T|C,22898_G|A,22927_G|T,22928_T|C,22942_T|G,22992_G|A,22995_C|A,23013_A|C,23018_T|C,23019_T|C,23031_T|C,23055_A|G,23063_A|T,23075_T|C,23280_C|T,23403_A|G,23525_C|T,23599_T|G,23604_C|A,23673_C|T,23854_C|A,23948_G|T,24373_A|C,24424_A|T,24469_T|A,25000_C|T,25359_A|G,25416_C|T,25584_C|T,26060_C|T,26213_C|T,26270_C|T,26275_A|G,26577_C|G,26708_A|G,26709_G|A,26858_C|T,27259_A|C,27382_G|C,27383_A|T,27384_T|C,27807_C|T,27915_G|T,28271_A|T,28297_T|C,28311_C|T,28447_A|G,28881_G|A,28882_G|A,28883_G|C,29386_C|T,29510_A|C,11288_11296,21633_21641,21992_21994,28362_28370,29734_29759
USA/MN-CDC-VSX-A06327/2023	XCR	241_C|T,405_A|G,670_T|G,1973_C|T,2790_C|T,3037_C|T,4184_G|A,4321_C|T,7564_C|T,8016_C|T,8737_T|C,9344_C|T,9424_A|G,9534_C|T,9866_C|T,10029_C|T,10198_C|T,10447_G|A,10449_C|A,12467_G|T,12880_C|T,13405_C|T,13426_C|T,14408_C|T,15451_G|A,15714_C|T,15738_C|T,15939_T|C,16342_T|C,17124_T|C,17410_C|T,17859_T|C,18163_A|G,19326_A|G,19955_C|T,20055_A|G,21618_C|T,21810_T|C,21987_G|A,22000_C|A,22109_C|G,22200_T|A,22317_G|T,22577_G|C,22578_G|A,22599_G|C,22624_C|T,22664_C|A,22674_C|T,22679_T|C,22686_C|T,22688_A|G,22775_G|A,22786_A|C,22813_G|T,22882_T|G,22895_G|C,22896_T|C,22898_G|A,22927_G|T,22928_T|C,22942_T|G,22992_G|A,22995_C|A,23013_A|C,23018_T|C,23019_T|C,23031_T|C,23055_A|G,23063_A|T,23075_T|C,23280_C|T,23403_A|G,23525_C|T,23599_T|G,23604_C|A,23673_C|T,23854_C|A,23948_G|T,24373_A|C,24424_A|T,24469_T|A,25000_C|T,25359_A|G,25416_C|T,25584_C|T,26060_C|T,26270_C|T,26275_A|G,26577_C|G,26708_A|G,26709_G|A,26858_C|T,27259_A|C,27382_G|C,27383_A|T,27384_T|C,27807_C|T,27915_G|T,28271_A|T,28297_T|C,28311_C|T,28447_A|G,28881_G|A,28882_G|A,28883_G|C,29386_C|T,29510_A|C,11288_11296,21633_21641,21992_21994,28362_28370,29734_29759
USA/MN-CDC-VSX-A06573/2023	XCR	44_C|T,241_C|T,405_A|G,670_T|G,1973_C|T,2790_C|T,3037_C|T,4184_G|A,4321_C|T,7564_C|T,8016_C|T,8737_T|C,9344_C|T,9424_A|G,9534_C|T,9866_C|T,10029_C|T,10198_C|T,10447_G|A,10449_C|A,11247_T|C,12467_G|T,12880_C|T,13405_C|T,13426_C|T,14408_C|T,15451_G|A,15714_C|T,15738_C|T,15939_T|C,16342_T|C,17124_T|C,17410_C|T,17859_T|C,18163_A|G,19326_A|G,19955_C|T,20055_A|G,21618_C|T,21810_T|C,21987_G|A,22000_C|A,22109_C|G,22200_T|A,22317_G|T,22577_G|C,22578_G|A,22599_G|C,22624_C|T,22664_C|A,22674_C|T,22679_T|C,22686_C|T,22688_A|G,22775_G|A,22786_A|C,22813_G|T,22882_T|G,22895_G|C,22896_T|C,22898_G|A,22927_G|T,22928_T|C,22942_T|G,22992_G|A,22995_C|A,23013_A|C,23018_T|C,23019_T|C,23031_T|C,23055_A|G,23063_A|T,23075_T|C,23280_C|T,23403_A|G,23525_C|T,23599_T|G,23604_C|A,23673_C|T,23854_C|A,23948_G|T,24373_A|C,24424_A|T,24469_T|A,25000_C|T,25359_A|G,25416_C|T,25584_C|T,26060_C|T,26270_C|T,26275_A|G,26577_C|G,26708_A|G,26709_G|A,26858_C|T,27259_A|C,27382_G|C,27383_A|T,27384_T|C,27807_C|T,27915_G|T,28271_A|T,28297_T|C,28311_C|T,28447_A|G,28881_G|A,28882_G|A,28883_G|C,29386_C|T,29510_A|C,11288_11296,21633_21641,21992_21994,28362_28370,29734_29759
USA/MN-CDC-VSX-A06574/2023	XCR	44_C|T,241_C|T,405_A|G,670_T|G,1973_C|T,2790_C|T,3037_C|T,4184_G|A,4321_C|T,7564_C|T,8016_C|T,8737_T|C,9344_C|T,9424_A|G,9534_C|T,9866_C|T,10029_C|T,10198_C|T,10447_G|A,10449_C|A,11247_T|C,12467_G|T,12880_C|T,13405_C|T,13426_C|T,14408_C|T,15451_G|A,15714_C|T,15738_C|T,15939_T|C,16342_T|C,17124_T|C,17410_C|T,17859_T|C,18163_A|G,19326_A|G,19955_C|T,20055_A|G,21618_C|T,21810_T|C,21987_G|A,22000_C|A,22109_C|G,22200_T|A,22317_G|T,22577_G|C,22578_G|A,22599_G|C,22624_C|T,22664_C|A,22674_C|T,22679_T|C,22686_C|T,22688_A|G,22775_G|A,22786_A|C,22813_G|T,22882_T|G,22895_G|C,22896_T|C,22898_G|A,22927_G|T,22928_T|C,22942_T|G,22992_G|A,22995_C|A,23013_A|C,23018_T|C,23019_T|C,23031_T|C,23055_A|G,23063_A|T,23075_T|C,23280_C|T,23403_A|G,23525_C|T,23599_T|G,23604_C|A,23673_C|T,23854_C|A,23948_G|T,24373_A|C,24424_A|T,24469_T|A,25000_C|T,25359_A|G,25416_C|T,25584_C|T,26060_C|T,26270_C|T,26275_A|G,26577_C|G,26708_A|G,26709_G|A,26858_C|T,27259_A|C,27382_G|C,27383_A|T,27384_T|C,27807_C|T,27915_G|T,28271_A|T,28297_T|C,28311_C|T,28447_A|G,28881_G|A,28882_G|A,28883_G|C,29386_C|T,29510_A|C,11288_11296,21633_21641,21992_21994,28362_28370,29734_29759
USA/MN-CDC-VSX-A16269/2023	XCR	44_C|T,241_C|T,405_A|G,670_T|G,1973_C|T,2790_C|T,3037_C|T,4184_G|A,4321_C|T,5047_T|A,7564_C|T,8016_C|T,8737_T|C,9344_C|T,9424_A|G,9534_C|T,9866_C|T,10029_C|T,10198_C|T,10447_G|A,10449_C|A,12467_G|T,12880_C|T,13405_C|T,13426_C|T,14408_C|T,15451_G|A,15714_C|T,15738_C|T,15939_T|C,16342_T|C,17124_T|C,17410_C|T,17859_T|C,18163_A|G,19326_A|G,19752_A|G,19955_C|T,20055_A|G,21618_C|T,21810_T|C,21987_G|A,22000_C|A,22109_C|G,22200_T|A,22317_G|T,22577_G|C,22578_G|A,22599_G|C,22624_C|T,22664_C|A,22674_C|T,22679_T|C,22686_C|T,22688_A|G,22775_G|A,22786_A|C,22813_G|T,22882_T|G,22895_G|C,22896_T|C,22898_G|A,22927_G|T,22928_T|C,22942_T|G,22992_G|A,22995_C|A,23013_A|C,23018_T|C,23019_T|C,23031_T|C,23055_A|G,23063_A|T,23075_T|C,23280_C|T,23403_A|G,23525_C|T,23599_T|G,23604_C|A,23673_C|T,23854_C|A,23948_G|T,24373_A|C,24424_A|T,24469_T|A,25000_C|T,25359_A|G,25416_C|T,25556_T|G,25563_G|A,25584_C|T,26060_C|T,26270_C|T,26275_A|G,26577_C|G,26708_A|G,26709_G|A,26750_C|A,26858_C|T,27224_A|G,27259_A|C,27382_G|C,27383_A|T,27384_T|C,27807_C|T,27915_G|T,28094_T|C,28253_C|T,28271_A|T,28297_T|C,28311_C|T,28447_A|G,28881_G|A,28882_G|A,28883_G|C,29386_C|T,29510_A|C,11288_11296,21633_21641,21992_21994,28362_28370,29734_29759
USA/MN-MDH-36463/2023	XCR	241_C|T,405_A|G,670_T|G,1973_C|T,2790_C|T,3037_C|T,4184_G|A,4321_C|T,7564_C|T,8016_C|T,8737_T|C,9344_C|T,9424_A|G,9534_C|T,9866_C|T,10029_C|T,10198_C|T,10447_G|A,10449_C|A,12467_G|T,12880_C|T,13405_C|T,13426_C|T,14408_C|T,15451_G|A,15714_C|T,15738_C|T,15939_T|C,16342_T|C,17124_T|C,17410_C|T,17859_T|C,18163_A|G,19326_A|G,19955_C|T,20055_A|G,21618_C|T,21810_T|C,21987_G|A,22000_C|A,22109_C|G,22200_T|A,22317_G|T,22577_G|C,22578_G|A,22599_G|C,22624_C|T,22664_C|A,22674_C|T,22679_T|C,22686_C|T,22688_A|G,22775_G|A,22786_A|C,22813_G|T,22882_T|G,22895_G|C,22896_T|C,22898_G|A,22927_G|T,22928_T|C,22942_T|G,22992_G|A,22995_C|A,23013_A|C,23018_T|C,23019_T|C,23031_T|C,23055_A|G,23063_A|T,23075_T|C,23280_C|T,23403_A|G,23525_C|T,23599_T|G,23604_C|A,23673_C|T,23854_C|A,23948_G|T,24373_A|C,24424_A|T,24469_T|A,25000_C|T,25359_A|G,25416_C|T,25584_C|T,26060_C|T,26270_C|T,26275_A|G,26577_C|G,26708_A|G,26709_G|A,26858_C|T,27259_A|C,27382_G|C,27383_A|T,27384_T|C,27807_C|T,27915_G|T,28271_A|T,28297_T|C,28311_C|T,28447_A|G,28881_G|A,28882_G|A,28883_G|C,29386_C|T,29510_A|C,11288_11296,21633_21641,21992_21994,28362_28370,29734_29759
USA/NC-CDC-LC1061892/2023	XCR	241_C|T,405_A|G,670_T|G,1973_C|T,2790_C|T,3037_C|T,4184_G|A,4321_C|T,7564_C|T,8016_C|T,8737_T|C,9344_C|T,9424_A|G,9534_C|T,9866_C|T,10029_C|T,10198_C|T,10447_G|A,10449_C|A,12467_G|T,12880_C|T,13405_C|T,13426_C|T,14408_C|T,15451_G|A,15714_C|T,15738_C|T,15939_T|C,16342_T|C,17124_T|C,17410_C|T,17859_T|C,18163_A|G,18568_C|T,19326_A|G,19955_C|T,20055_A|G,21618_C|T,21810_T|C,21987_G|A,22000_C|A,22109_C|G,22200_T|A,22317_G|T,22577_G|C,22578_G|A,22599_G|C,22624_C|T,22664_C|A,22674_C|T,22679_T|C,22686_C|T,22688_A|G,22775_G|A,22786_A|C,22813_G|T,22882_T|G,22895_G|C,22896_T|C,22898_G|A,22927_G|T,22928_T|C,22942_T|G,22992_G|A,22995_C|A,23013_A|C,23018_T|C,23019_T|C,23031_T|C,23055_A|G,23063_A|T,23075_T|C,23280_C|T,23403_A|G,23525_C|T,23599_T|G,23604_C|A,23673_C|T,23854_C|A,23948_G|T,24373_A|C,24424_A|T,24469_T|A,25000_C|T,25359_A|G,25416_C|T,25584_C|T,26060_C|T,26270_C|T,26275_A|G,26577_C|G,26708_A|G,26709_G|A,26858_C|T,27259_A|C,27382_G|C,27383_A|T,27384_T|C,27807_C|T,27915_G|T,28271_A|T,28297_T|C,28311_C|T,28447_A|G,28881_G|A,28882_G|A,28883_G|C,29386_C|T,29510_A|C,11288_11296,21633_21641,21992_21994,28362_28370,29734_29759
USA/NC-CDC-VSX-A357515/2023	XCR	44_C|T,241_C|T,405_A|G,670_T|G,1973_C|T,2790_C|T,3037_C|T,4184_G|A,4321_C|T,7564_C|T,8016_C|T,8737_T|C,9344_C|T,9424_A|G,9534_C|T,9866_C|T,10029_C|T,10198_C|T,10447_G|A,10449_C|A,12467_G|T,12880_C|T,13405_C|T,13426_C|T,14408_C|T,15451_G|A,15714_C|T,15738_C|T,15939_T|C,16342_T|C,17124_T|C,17410_C|T,17859_T|C,18163_A|G,19326_A|G,19955_C|T,20055_A|G,21618_C|T,21810_T|C,21987_G|A,22000_C|A,22109_C|G,22200_T|A,22317_G|T,22577_G|C,22578_G|A,22599_G|C,22624_C|T,22664_C|A,22674_C|T,22679_T|C,22686_C|T,22688_A|G,22775_G|A,22882_T|G,22895_G|C,22896_T|C,22898_G|A,22927_G|T,22928_T|C,22942_T|G,22992_G|A,22995_C|A,23013_A|C,23018_T|C,23019_T|C,23031_T|C,23055_A|G,23063_A|T,23075_T|C,23280_C|T,23403_A|G,23525_C|T,23599_T|G,23604_C|A,23673_C|T,23854_C|A,23948_G|T,24373_A|C,24424_A|T,24469_T|A,25000_C|T,25359_A|G,25416_C|T,25584_C|T,26060_C|T,26270_C|T,26275_A|G,26577_C|G,26708_A|G,26709_G|A,26858_C|T,27259_A|C,27382_G|C,27383_A|T,27384_T|C,27807_C|T,27915_G|T,28271_A|T,28297_T|C,28311_C|T,28447_A|G,28881_G|A,28882_G|A,28883_G|C,29386_C|T,29510_A|C,11288_11296,21633_21641,21992_21994,28362_28370,29734_29759
USA/NJ-CDC-LC1060603/2023	XCR	44_C|T,241_C|T,405_A|G,670_T|G,1973_C|T,2790_C|T,3037_C|T,4184_G|A,4321_C|T,7564_C|T,8737_T|C,9344_C|T,9424_A|G,9534_C|T,9866_C|T,10029_C|T,10198_C|T,10447_G|A,10449_C|A,12467_G|T,12880_C|T,13405_C|T,14408_C|T,15451_G|A,15714_C|T,15738_C|T,15939_T|C,16342_T|C,17124_T|C,17410_C|T,17859_T|C,18163_A|G,19326_A|G,19955_C|T,20055_A|G,21618_C|T,21810_T|C,21987_G|A,22000_C|A,22109_C|G,22200_T|A,22317_G|T,22577_G|C,22578_G|A,22599_G|C,22624_C|T,22664_C|A,22674_C|T,22679_T|C,22686_C|T,22688_A|G,22775_G|A,22786_A|C,22813_G|T,22882_T|G,22895_G|C,22896_T|C,22898_G|A,22927_G|T,22928_T|C,22942_T|G,22992_G|A,22995_C|A,23013_A|C,23018_T|C,23019_T|C,23031_T|C,23055_A|G,23063_A|T,23075_T|C,23280_C|T,23403_A|G,23525_C|T,23599_T|G,23604_C|A,23673_C|T,23854_C|A,23948_G|T,24373_A|C,24424_A|T,24469_T|A,25000_C|T,25359_A|G,25416_C|T,25584_C|T,26060_C|T,26270_C|T,26275_A|G,26577_C|G,26708_A|G,26709_G|A,26858_C|T,27259_A|C,27382_G|C,27383_A|T,27384_T|C,27807_C|T,27915_G|T,28271_A|T,28297_T|C,28311_C|T,28447_A|G,28881_G|A,28882_G|A,28883_G|C,29386_C|T,29510_A|C,11288_11296,21633_21641,21992_21994,28362_28370,29734_29759
USA/NJ-CDC-LC1071381/2023	XCR	241_C|T,405_A|G,670_T|G,1973_C|T,2790_C|T,3037_C|T,4184_G|A,4321_C|T,7564_C|T,8016_C|T,8737_T|C,9344_C|T,9424_A|G,9534_C|T,9866_C|T,10029_C|T,10198_C|T,10447_G|A,10449_C|A,12467_G|T,12880_C|T,13405_C|T,13426_C|T,14408_C|T,15451_G|A,15714_C|T,15738_C|T,15939_T|C,16342_T|C,17124_T|C,17410_C|T,17859_T|C,18163_A|G,19326_A|G,19955_C|T,20055_A|G,21618_C|T,21810_T|C,21987_G|A,22000_C|A,22109_C|G,22200_T|A,22317_G|T,22577_G|C,22578_G|A,22599_G|C,22624_C|T,22664_C|A,22674_C|T,22679_T|C,22686_C|T,22688_A|G,22775_G|A,22786_A|C,22813_G|T,22882_T|G,22895_G|C,22896_T|C,22898_G|A,22927_G|T,22928_T|C,22942_T|G,22992_G|A,22995_C|A,23013_A|C,23018_T|C,23019_T|C,23031_T|C,23055_A|G,23063_A|T,23075_T|C,23280_C|T,23403_A|G,23525_C|T,23599_T|G,23604_C|A,23673_C|T,23854_C|A,23948_G|T,24373_A|C,24424_A|T,24469_T|A,25000_C|T,25359_A|G,25416_C|T,25584_C|T,26060_C|T,26270_C|T,26275_A|G,26577_C|G,26708_A|G,26709_G|A,26858_C|T,27259_A|C,27382_G|C,27383_A|T,27384_T|C,27807_C|T,27915_G|T,28271_A|T,28297_T|C,28311_C|T,28447_A|G,28727_G|A,28881_G|A,28882_G|A,28883_G|C,29386_C|T,29510_A|C,11288_11296,21633_21641,21992_21994,28362_28370,29734_29759
USA/NJ-CDC-VSX-A357452/2023	XCR	44_C|T,241_C|T,405_A|G,670_T|G,1973_C|T,2790_C|T,3037_C|T,4184_G|A,4321_C|T,7564_C|T,8016_C|T,8737_T|C,9344_C|T,9424_A|G,9534_C|T,9866_C|T,10029_C|T,10198_C|T,10447_G|A,10449_C|A,12467_G|T,12880_C|T,13405_C|T,13426_C|T,14408_C|T,15451_G|A,15714_C|T,15738_C|T,15939_T|C,16342_T|C,17124_T|C,17410_C|T,17859_T|C,18163_A|G,19326_A|G,19955_C|T,20055_A|G,21618_C|T,21810_T|C,21987_G|A,22000_C|A,22109_C|G,22200_T|A,22317_G|T,22577_G|C,22578_G|A,22599_G|C,22624_C|T,22664_C|A,22674_C|T,22679_T|C,22686_C|T,22688_A|G,22775_G|A,22786_A|C,22813_G|T,22882_T|G,22895_G|C,22896_T|C,22898_G|A,22927_G|T,22928_T|C,22942_T|G,22992_G|A,22995_C|A,23013_A|C,23018_T|C,23019_T|C,23031_T|C,23055_A|G,23063_A|T,23075_T|C,23280_C|T,23403_A|G,23525_C|T,23599_T|G,23604_C|A,23673_C|T,23854_C|A,23948_G|T,24373_A|C,24424_A|T,24469_T|A,25000_C|T,25359_A|G,25416_C|T,25584_C|T,26060_C|T,26270_C|T,26275_A|G,26577_C|G,26708_A|G,26709_G|A,26858_C|T,27259_A|C,27382_G|C,27383_A|T,27384_T|C,27807_C|T,27915_G|T,28271_A|T,28297_T|C,28311_C|T,28447_A|G,28881_G|A,28882_G|A,28883_G|C,29386_C|T,29510_A|C,11288_11296,21633_21641,21992_21994,28362_28370,29734_29759
USA/NV-CDC-QDX87285180/2023	XCR	241_C|T,405_A|G,670_T|G,1973_C|T,2790_C|T,3037_C|T,4184_G|A,4321_C|T,7564_C|T,8016_C|T,8737_T|C,9344_C|T,9424_A|G,9534_C|T,9866_C|T,10029_C|T,10097_G|A,10198_C|T,10447_G|A,10449_C|A,12467_G|T,12880_C|T,13405_C|T,13426_C|T,14408_C|T,15451_G|A,15714_C|T,15738_C|T,15939_T|C,16342_T|C,17124_T|C,17410_C|T,17859_T|C,18163_A|G,19326_A|G,19955_C|T,20055_A|G,21618_C|T,21810_T|C,21990_T|A,21993_A|T,22000_C|A,22109_C|G,22200_T|A,22317_G|T,22577_G|C,22578_G|A,22599_G|C,22624_C|T,22664_C|A,22674_C|T,22679_T|C,22686_C|T,22688_A|G,22775_G|A,22786_A|C,22813_G|T,22882_T|G,22895_G|C,22896_T|C,22898_G|A,22927_G|T,22928_T|C,22942_T|G,22992_G|A,22995_C|A,23013_A|C,23018_T|C,23019_T|C,23031_T|C,23055_A|G,23063_A|T,23075_T|C,23280_C|T,23403_A|G,23525_C|T,23599_T|G,23604_C|A,23673_C|T,23854_C|A,23948_G|T,24373_A|C,24424_A|T,24469_T|A,25000_C|T,25359_A|G,25416_C|T,25477_G|A,25584_C|T,26060_C|T,26270_C|T,26275_A|G,26577_C|G,26708_A|G,26709_G|A,26858_C|T,27259_A|C,27382_G|C,27383_A|T,27384_T|C,27807_C|T,27915_G|T,28271_A|T,28297_T|C,28311_C|T,28447_A|G,28881_G|A,28882_G|A,28883_G|C,29386_C|T,29510_A|C,11288_11296,21633_21641,21986_21988,28362_28370,29734_29759
USA/NV-CDC-QDX88549366/2023	XCR	241_C|T,405_A|G,670_T|G,1599_G|T,1973_C|T,2790_C|T,3037_C|T,4184_G|A,4321_C|T,7564_C|T,8016_C|T,8737_T|C,9344_C|T,9424_A|G,9534_C|T,9866_C|T,10029_C|T,10097_G|A,10198_C|T,10447_G|A,10449_C|A,10729_A|G,12467_G|T,12880_C|T,13405_C|T,13426_C|T,14408_C|T,15451_G|A,15714_C|T,15738_C|T,15939_T|C,16342_T|C,17124_T|C,17410_C|T,17859_T|C,18163_A|G,19326_A|G,19955_C|T,20055_A|G,20543_C|T,21618_C|T,21810_T|C,21987_G|A,22000_C|A,22109_C|G,22200_T|A,22317_G|T,22577_G|C,22578_G|A,22599_G|C,22624_C|T,22664_C|A,22674_C|T,22679_T|C,22686_C|T,22688_A|G,22775_G|A,22786_A|C,22813_G|T,22882_T|G,22895_G|C,22896_T|C,22898_G|A,22927_G|T,22928_T|C,22942_T|G,22992_G|A,22995_C|A,23013_A|C,23018_T|C,23019_T|C,23031_T|C,23055_A|G,23063_A|T,23075_T|C,23280_C|T,23403_A|G,23525_C|T,23599_T|G,23604_C|A,23673_C|T,23854_C|A,23948_G|T,24373_A|C,24424_A|T,24469_T|A,25000_C|T,25359_A|G,25416_C|T,25477_G|A,25584_C|T,26060_C|T,26270_C|T,26275_A|G,26577_C|G,26708_A|G,26709_G|A,26858_C|T,27259_A|C,27382_G|C,27383_A|T,27384_T|C,27807_C|T,27915_G|T,28271_A|T,28297_T|C,28311_C|T,28447_A|G,28881_G|A,28882_G|A,28883_G|C,29386_C|T,29510_A|C,11288_11296,21633_21641,21992_21994,28362_28370,29734_29759
USA/NV-CDC-QDX90426095/2023	XCR	241_C|T,405_A|G,670_T|G,1973_C|T,2790_C|T,3037_C|T,4184_G|A,4321_C|T,7564_C|T,8016_C|T,8737_T|C,9344_C|T,9424_A|G,9534_C|T,9866_C|T,10029_C|T,10198_C|T,10447_G|A,10449_C|A,11247_T|C,12467_G|T,12880_C|T,13405_C|T,13426_C|T,14408_C|T,15451_G|A,15714_C|T,15738_C|T,15939_T|C,16342_T|C,17124_T|C,17410_C|T,17859_T|C,18163_A|G,19326_A|G,19955_C|T,20055_A|G,21618_C|T,21810_T|C,21987_G|A,22000_C|A,22109_C|G,22200_T|A,22317_G|T,22577_G|C,22578_G|A,22599_G|C,22624_C|T,22664_C|A,22674_C|T,22679_T|C,22686_C|T,22688_A|G,22775_G|A,22786_A|C,22813_G|T,22882_T|G,22895_G|C,22896_T|C,22898_G|A,22927_G|T,22928_T|C,22942_T|G,22992_G|A,22995_C|A,23013_A|C,23018_T|C,23019_T|C,23031_T|C,23055_A|G,23063_A|T,23075_T|C,23280_C|T,23403_A|G,23525_C|T,23599_T|G,23604_C|A,23673_C|T,23854_C|A,23948_G|T,24373_A|C,24424_A|T,24469_T|A,25000_C|T,25359_A|G,25416_C|T,25584_C|T,26013_C|T,26060_C|T,26270_C|T,26275_A|G,26577_C|G,26708_A|G,26709_G|A,26858_C|T,27259_A|C,27382_G|C,27383_A|T,27384_T|C,27807_C|T,27915_G|T,28271_A|T,28297_T|C,28311_C|T,28447_A|G,28881_G|A,28882_G|A,28883_G|C,29386_C|T,29510_A|C,11288_11296,21633_21641,21992_21994,28362_28370,29734_29759
USA/NY-CDC-LC1073417/2023	XCR	241_C|T,405_A|G,670_T|G,1588_A|G,1973_C|T,2790_C|T,3037_C|T,4184_G|A,4321_C|T,7564_C|T,7633_T|C,8016_C|T,8737_T|C,9344_C|T,9424_A|G,9534_C|T,9866_C|T,10029_C|T,10198_C|T,10447_G|A,10449_C|A,10718_C|A,12467_G|T,12880_C|T,13405_C|T,13426_C|T,14408_C|T,15451_G|A,15714_C|T,15738_C|T,15939_T|C,16342_T|C,17124_T|C,17410_C|T,17859_T|C,18163_A|G,18408_T|C,18555_C|T,19326_A|G,19955_C|T,20055_A|G,21277_A|G,21618_C|T,21810_T|C,21987_G|A,22000_C|A,22109_C|G,22200_T|A,22317_G|T,22577_G|C,22578_G|A,22599_G|C,22624_C|T,22664_C|A,22674_C|T,22679_T|C,22686_C|T,22688_A|G,22775_G|A,22786_A|C,22813_G|T,22882_T|G,22895_G|C,22896_T|C,22898_G|A,22927_G|T,22928_T|C,22942_T|G,22992_G|A,22995_C|A,23013_A|C,23018_T|C,23019_T|C,23031_T|C,23055_A|G,23063_A|T,23075_T|C,23280_C|T,23403_A|G,23525_C|T,23599_T|G,23604_C|A,23673_C|T,23854_C|A,23948_G|T,24373_A|C,24424_A|T,24469_T|A,25000_C|T,25359_A|G,25416_C|T,25584_C|T,26060_C|T,26270_C|T,26275_A|G,26577_C|G,26708_A|G,26709_G|A,26858_C|T,27259_A|C,27382_G|C,27383_A|T,27384_T|C,27807_C|T,27915_G|T,28271_A|T,28297_T|C,28311_C|T,28447_A|G,28881_G|A,28882_G|A,28883_G|C,29386_C|T,29510_A|C,11288_11296,21633_21641,21992_21994,27703_27705,28362_28370,29734_29759
USA/NY-CDC-QDX85698898/2023	XCR	241_C|T,405_A|G,670_T|G,1973_C|T,2790_C|T,3037_C|T,4184_G|A,4321_C|T,7564_C|T,8016_C|T,8737_T|C,9344_C|T,9424_A|G,9534_C|T,9866_C|T,10029_C|T,10198_C|T,10447_G|A,10449_C|A,12467_G|T,12880_C|T,13405_C|T,13426_C|T,14408_C|T,15451_G|A,15714_C|T,15738_C|T,15939_T|C,16342_T|C,17124_T|C,17410_C|T,17859_T|C,18163_A|G,19326_A|G,19955_C|T,20055_A|G,21618_C|T,21810_T|C,21987_G|A,22000_C|A,22109_C|G,22200_T|A,22317_G|T,22577_G|C,22578_G|A,22599_G|C,22624_C|T,22664_C|A,22674_C|T,22679_T|C,22686_C|T,22688_A|G,22775_G|A,22786_A|C,22813_G|T,22882_T|G,22895_G|C,22896_T|C,22898_G|A,22927_G|T,22928_T|C,22942_T|G,22992_G|A,22995_C|A,23013_A|C,23018_T|C,23019_T|C,23031_T|C,23055_A|G,23063_A|T,23075_T|C,23280_C|T,23403_A|G,23525_C|T,23599_T|G,23604_C|A,23673_C|T,23854_C|A,23948_G|T,24127_T|C,24373_A|C,24424_A|T,24469_T|A,25000_C|T,25359_A|G,25416_C|T,25584_C|T,26060_C|T,26270_C|T,26275_A|G,26577_C|G,26708_A|G,26709_G|A,26858_C|T,27224_A|G,27259_A|C,27382_G|C,27383_A|T,27384_T|C,27807_C|T,27915_G|T,28271_A|T,28297_T|C,28311_C|T,28447_A|G,28881_G|A,28882_G|A,28883_G|C,29386_C|T,29510_A|C,11288_11296,21633_21641,21992_21994,28362_28370,29734_29759
USA/NY-CDC-QDX87285007/2023	XCR	241_C|T,405_A|G,670_T|G,1973_C|T,2790_C|T,3037_C|T,4184_G|A,4321_C|T,7564_C|T,8016_C|T,8737_T|C,9344_C|T,9424_A|G,9534_C|T,9866_C|T,10029_C|T,10198_C|T,10447_G|A,10449_C|A,12467_G|T,12880_C|T,13405_C|T,13426_C|T,14408_C|T,15451_G|A,15714_C|T,15738_C|T,15939_T|C,16342_T|C,17124_T|C,17410_C|T,17859_T|C,18163_A|G,19326_A|G,19955_C|T,20055_A|G,21618_C|T,21810_T|C,21987_G|A,22000_C|A,22109_C|G,22200_T|A,22317_G|T,22399_T|C,22577_G|C,22578_G|A,22599_G|C,22624_C|T,22664_C|A,22674_C|T,22679_T|C,22686_C|T,22688_A|G,22775_G|A,22786_A|C,22813_G|T,22882_T|G,22895_G|C,22896_T|C,22898_G|A,22927_G|T,22928_T|C,22942_T|G,22992_G|A,22995_C|A,23013_A|C,23018_T|C,23019_T|C,23031_T|C,23055_A|G,23063_A|T,23075_T|C,23280_C|T,23403_A|G,23525_C|T,23599_T|G,23604_C|A,23673_C|T,23854_C|A,23948_G|T,24373_A|C,24424_A|T,24469_T|A,25000_C|T,25359_A|G,25416_C|T,25584_C|T,26060_C|T,26270_C|T,26275_A|G,26577_C|G,26708_A|G,26709_G|A,26727_G|T,26858_C|T,27259_A|C,27382_G|C,27383_A|T,27384_T|C,27807_C|T,27915_G|T,28271_A|T,28297_T|C,28311_C|T,28447_A|G,28881_G|A,28882_G|A,28883_G|C,29386_C|T,29510_A|C,11288_11296,21633_21641,21992_21994,28362_28370,29734_29759
USA/NY-CDC-QDX88030672/2023	XCR	241_C|T,405_A|G,670_T|G,1973_C|T,2790_C|T,3037_C|T,4184_G|A,4321_C|T,7564_C|T,8016_C|T,8737_T|C,9344_C|T,9424_A|G,9534_C|T,9866_C|T,10029_C|T,10198_C|T,10447_G|A,10449_C|A,12467_G|T,12880_C|T,13405_C|T,13426_C|T,14408_C|T,15451_G|A,15714_C|T,15738_C|T,15939_T|C,16342_T|C,17124_T|C,17410_C|T,17859_T|C,18163_A|G,19326_A|G,19955_C|T,20055_A|G,21618_C|T,21810_T|C,21987_G|A,22000_C|A,22109_C|G,22200_T|A,22317_G|T,22577_G|C,22578_G|A,22599_G|C,22624_C|T,22664_C|A,22674_C|T,22679_T|C,22686_C|T,22688_A|G,22775_G|A,22786_A|C,22813_G|T,22882_T|G,22895_G|C,22896_T|C,22898_G|A,22927_G|T,22928_T|C,22942_T|G,22992_G|A,22995_C|A,23013_A|C,23018_T|C,23019_T|C,23031_T|C,23055_A|G,23063_A|T,23075_T|C,23280_C|T,23403_A|G,23525_C|T,23599_T|G,23604_C|A,23673_C|T,23854_C|A,23948_G|T,24373_A|C,24424_A|T,24469_T|A,25000_C|T,25359_A|G,25416_C|T,25584_C|T,26060_C|T,26270_C|T,26275_A|G,26577_C|G,26708_A|G,26709_G|A,26858_C|T,27259_A|C,27382_G|C,27383_A|T,27384_T|C,27807_C|T,27915_G|T,28271_A|T,28297_T|C,28311_C|T,28447_A|G,28881_G|A,28882_G|A,28883_G|C,29386_C|T,29510_A|C,11288_11296,21633_21641,21992_21994,28362_28370,29734_29759
USA/NY-PRL-231006_81E11/2023	XCR	241_C|T,405_A|G,670_T|G,1973_C|T,2790_C|T,3037_C|T,4184_G|A,4321_C|T,7564_C|T,8016_C|T,8737_T|C,9219_G|A,9344_C|T,9424_A|G,9534_C|T,9866_C|T,10029_C|T,10198_C|T,10447_G|A,10449_C|A,12467_G|T,12880_C|T,13405_C|T,13426_C|T,14408_C|T,15451_G|A,15714_C|T,15738_C|T,15939_T|C,16342_T|C,17124_T|C,17410_C|T,17859_T|C,18163_A|G,19326_A|G,19955_C|T,20055_A|G,21618_C|T,21810_T|C,21987_G|A,22000_C|A,22109_C|G,22200_T|A,22317_G|T,22577_G|C,22578_G|A,22599_G|C,22624_C|T,22664_C|A,22674_C|T,22679_T|C,22686_C|T,22688_A|G,22775_G|A,22786_A|C,22813_G|T,22882_T|G,22895_G|C,22896_T|C,22898_G|A,22927_G|T,22928_T|C,22942_T|G,22992_G|A,22995_C|A,23013_A|C,23018_T|C,23019_T|C,23031_T|C,23055_A|G,23063_A|T,23075_T|C,23280_C|T,23403_A|G,23525_C|T,23599_T|G,23604_C|A,23673_C|T,23854_C|A,23948_G|T,24373_A|C,24424_A|T,24469_T|A,25000_C|T,25359_A|G,25416_C|T,25584_C|T,26060_C|T,26270_C|T,26275_A|G,26577_C|G,26708_A|G,26709_G|A,26858_C|T,27259_A|C,27382_G|C,27383_A|T,27384_T|C,27807_C|T,27915_G|T,28271_A|T,28297_T|C,28311_C|T,28447_A|G,28881_G|A,28882_G|A,28883_G|C,29386_C|T,29510_A|C,11288_11296,21633_21641,21992_21994,28362_28370,29734_29759
USA/NY-PRL-231117_83B09/2023	XCR	241_C|T,405_A|G,670_T|G,2334_C|T,2790_C|T,3037_C|T,3852_A|G,4184_G|A,4321_C|T,7564_C|T,8016_C|T,8737_T|C,9344_C|T,9424_A|G,9534_C|T,9866_C|T,10029_C|T,10198_C|T,10447_G|A,10449_C|A,12467_G|T,12880_C|T,13405_C|T,13426_C|T,14408_C|T,15451_G|A,15714_C|T,15738_C|T,15939_T|C,16342_T|C,17124_T|C,17410_C|T,17859_T|C,18163_A|G,19326_A|G,19955_C|T,20055_A|G,21618_C|T,21810_T|C,21987_G|A,21998_C|A,22000_C|A,22109_C|G,22200_T|A,22317_G|T,22577_G|C,22578_G|A,22599_G|C,22624_C|T,22664_C|A,22674_C|T,22679_T|C,22686_C|T,22688_A|G,22775_G|A,22786_A|C,22813_G|T,22882_T|G,22895_G|C,22896_T|C,22898_G|A,22927_G|T,22928_T|C,22942_T|G,22992_G|A,22995_C|A,23013_A|C,23018_T|C,23019_T|C,23031_T|C,23055_A|G,23063_A|T,23075_T|C,23280_C|T,23403_A|G,23525_C|T,23599_T|G,23604_C|A,23673_C|T,23854_C|A,23948_G|T,24373_A|C,24424_A|T,24469_T|A,25000_C|T,25359_A|G,25416_C|T,25584_C|T,26060_C|T,26270_C|T,26275_A|G,26577_C|G,26708_A|G,26709_G|A,26858_C|T,27259_A|C,27382_G|C,27383_A|T,27384_T|C,27807_C|T,27915_G|T,27970_C|T,28271_A|T,28297_T|C,28311_C|T,28447_A|G,28881_G|A,28882_G|A,28883_G|C,29386_C|T,29510_A|C,11288_11296,21633_21641,21992_21994,28362_28370,29734_29759
USA/OH-CDC-LC1066628/2023	XCR	241_C|T,405_A|G,670_T|G,1973_C|T,2790_C|T,3037_C|T,4184_G|A,4321_C|T,7564_C|T,8016_C|T,8737_T|C,9344_C|T,9373_A|G,9424_A|G,9534_C|T,9866_C|T,10029_C|T,10198_C|T,10447_G|A,10449_C|A,12467_G|T,12880_C|T,13405_C|T,13426_C|T,14408_C|T,15451_G|A,15714_C|T,15738_C|T,15939_T|C,16342_T|C,17124_T|C,17410_C|T,17859_T|C,18163_A|G,19326_A|G,19955_C|T,20055_A|G,21618_C|T,21810_T|C,21987_G|A,22000_C|A,22109_C|G,22200_T|A,22317_G|T,22577_G|C,22578_G|A,22599_G|C,22624_C|T,22664_C|A,22674_C|T,22679_T|C,22686_C|T,22688_A|G,22775_G|A,22786_A|C,22813_G|T,22882_T|G,22895_G|C,22896_T|C,22898_G|A,22927_G|T,22928_T|C,22942_T|G,22992_G|A,22995_C|A,23013_A|C,23018_T|C,23019_T|C,23031_T|C,23055_A|G,23063_A|T,23075_T|C,23280_C|T,23403_A|G,23525_C|T,23599_T|G,23604_C|A,23673_C|T,23854_C|A,23948_G|T,24373_A|C,24424_A|T,24469_T|A,25000_C|T,25359_A|G,25416_C|T,25584_C|T,26060_C|T,26270_C|T,26275_A|G,26577_C|G,26708_A|G,26709_G|A,26858_C|T,27259_A|C,27382_G|C,27383_A|T,27384_T|C,27672_T|C,27807_C|T,27915_G|T,28271_A|T,28297_T|C,28311_C|T,28447_A|G,28881_G|A,28882_G|A,28883_G|C,29386_C|T,29510_A|C,29700_A|G,11288_11296,21633_21641,21992_21994,28362_28370,29734_29759
USA/OH-CDC-QDX88031283/2023	XCR	241_C|T,405_A|G,670_T|G,1973_C|T,2548_T|G,2790_C|T,3037_C|T,4184_G|A,4321_C|T,6541_C|T,7564_C|T,8016_C|T,8737_T|C,9344_C|T,9424_A|G,9534_C|T,9866_C|T,10029_C|T,10198_C|T,10447_G|A,10449_C|A,12467_G|T,12880_C|T,13405_C|T,13426_C|T,14408_C|T,15451_G|A,15714_C|T,15738_C|T,15939_T|C,16342_T|C,17124_T|C,17410_C|T,17859_T|C,18163_A|G,19326_A|G,19955_C|T,20055_A|G,21618_C|T,21810_T|C,21987_G|A,22000_C|A,22109_C|G,22200_T|A,22317_G|T,22577_G|C,22578_G|A,22599_G|C,22624_C|T,22664_C|A,22674_C|T,22679_T|C,22686_C|T,22688_A|G,22775_G|A,22786_A|C,22813_G|T,22882_T|G,22895_G|C,22896_T|C,22898_G|A,22927_G|T,22928_T|C,22942_T|G,22992_G|A,22995_C|A,23013_A|C,23018_T|C,23019_T|C,23031_T|C,23055_A|G,23063_A|T,23075_T|C,23280_C|T,23403_A|G,23525_C|T,23599_T|G,23604_C|A,23673_C|T,23854_C|A,23948_G|T,24373_A|C,24424_A|T,24469_T|A,25000_C|T,25359_A|G,25416_C|T,25584_C|T,26060_C|T,26270_C|T,26275_A|G,26577_C|G,26708_A|G,26709_G|A,26858_C|T,27259_A|C,27382_G|C,27383_A|T,27384_T|C,27807_C|T,27915_G|T,28271_A|T,28297_T|C,28311_C|T,28447_A|G,28881_G|A,28882_G|A,28883_G|C,29119_C|T,29144_C|T,29386_C|T,29510_A|C,11288_11296,21633_21641,21992_21994,28362_28370,29734_29759
USA/PA-CDC-QDX90425968/2023	XCR	241_C|T,405_A|G,670_T|G,1973_C|T,2790_C|T,3037_C|T,4184_G|A,4321_C|T,7564_C|T,8016_C|T,8673_C|T,8737_T|C,9344_C|T,9373_A|G,9424_A|G,9534_C|T,9866_C|T,10029_C|T,10198_C|T,10447_G|A,10449_C|A,12467_G|T,12880_C|T,13405_C|T,13426_C|T,14408_C|T,15451_G|A,15714_C|T,15738_C|T,15939_T|C,16342_T|C,17124_T|C,17410_C|T,17859_T|C,18163_A|G,19326_A|G,19935_T|C,19955_C|T,20055_A|G,21618_C|T,21810_T|C,21987_G|A,21998_C|A,22000_C|A,22109_C|G,22200_T|A,22317_G|T,22577_G|C,22578_G|A,22599_G|C,22624_C|T,22664_C|A,22674_C|T,22679_T|C,22686_C|T,22688_A|G,22775_G|A,22786_A|C,22813_G|T,22882_T|G,22895_G|C,22896_T|C,22898_G|A,22927_G|T,22928_T|C,22942_T|G,22992_G|A,22995_C|A,23013_A|C,23018_T|C,23019_T|C,23031_T|C,23055_A|G,23063_A|T,23075_T|C,23280_C|T,23403_A|G,23525_C|T,23599_T|G,23604_C|A,23673_C|T,23854_C|A,23948_G|T,24373_A|C,24424_A|T,24469_T|A,25000_C|T,25359_A|G,25416_C|T,25584_C|T,26060_C|T,26270_C|T,26275_A|G,26577_C|G,26708_A|G,26709_G|A,26858_C|T,27259_A|C,27382_G|C,27383_A|T,27384_T|C,27672_T|C,27807_C|T,27915_G|T,28271_A|T,28297_T|C,28311_C|T,28447_A|G,28881_G|A,28882_G|A,28883_G|C,29386_C|T,29510_A|C,29700_A|G,11288_11296,21633_21641,21992_21994,28362_28370,29734_29759
USA/PA-CDC-QDX90425971/2023	XCR	241_C|T,405_A|G,670_T|G,1973_C|T,2790_C|T,3037_C|T,4184_G|A,4321_C|T,7564_C|T,8016_C|T,8673_C|T,8737_T|C,9344_C|T,9373_A|G,9424_A|G,9534_C|T,9866_C|T,10029_C|T,10198_C|T,10447_G|A,10449_C|A,12467_G|T,12880_C|T,13405_C|T,13426_C|T,14408_C|T,15451_G|A,15714_C|T,15738_C|T,15939_T|C,16342_T|C,17124_T|C,17410_C|T,17859_T|C,18163_A|G,19326_A|G,19935_T|C,19955_C|T,20055_A|G,21618_C|T,21810_T|C,21987_G|A,21998_C|A,22000_C|A,22109_C|G,22200_T|A,22317_G|T,22577_G|C,22578_G|A,22599_G|C,22624_C|T,22664_C|A,22674_C|T,22679_T|C,22686_C|T,22688_A|G,22775_G|A,22786_A|C,22813_G|T,22882_T|G,22895_G|C,22896_T|C,22898_G|A,22927_G|T,22928_T|C,22942_T|G,22992_G|A,22995_C|A,23013_A|C,23018_T|C,23019_T|C,23031_T|C,23055_A|G,23063_A|T,23075_T|C,23280_C|T,23403_A|G,23525_C|T,23599_T|G,23604_C|A,23673_C|T,23854_C|A,23948_G|T,24373_A|C,24424_A|T,24469_T|A,25000_C|T,25359_A|G,25416_C|T,25584_C|T,26060_C|T,26270_C|T,26275_A|G,26577_C|G,26708_A|G,26709_G|A,26858_C|T,27259_A|C,27382_G|C,27383_A|T,27384_T|C,27672_T|C,27807_C|T,27915_G|T,28271_A|T,28297_T|C,28311_C|T,28447_A|G,28881_G|A,28882_G|A,28883_G|C,29386_C|T,29510_A|C,29700_A|G,11288_11296,21633_21641,21992_21994,28362_28370,29734_29759
USA/PA-CDC-QDX90425974/2023	XCR	241_C|T,405_A|G,670_T|G,1973_C|T,2790_C|T,3037_C|T,4184_G|A,4321_C|T,7564_C|T,8016_C|T,8673_C|T,8737_T|C,9344_C|T,9373_A|G,9424_A|G,9534_C|T,9866_C|T,10029_C|T,10198_C|T,10447_G|A,10449_C|A,12467_G|T,12880_C|T,13405_C|T,13426_C|T,14408_C|T,15451_G|A,15714_C|T,15738_C|T,15939_T|C,16342_T|C,17124_T|C,17410_C|T,17859_T|C,18163_A|G,19326_A|G,19935_T|C,19955_C|T,20055_A|G,21618_C|T,21810_T|C,21987_G|A,21998_C|A,22000_C|A,22109_C|G,22200_T|A,22317_G|T,22577_G|C,22578_G|A,22599_G|C,22624_C|T,22664_C|A,22674_C|T,22679_T|C,22686_C|T,22688_A|G,22775_G|A,22786_A|C,22813_G|T,22882_T|G,22895_G|C,22896_T|C,22898_G|A,22927_G|T,22928_T|C,22942_T|G,22992_G|A,22995_C|A,23013_A|C,23018_T|C,23019_T|C,23031_T|C,23055_A|G,23063_A|T,23075_T|C,23280_C|T,23403_A|G,23525_C|T,23599_T|G,23604_C|A,23673_C|T,23854_C|A,23948_G|T,24373_A|C,24424_A|T,24469_T|A,25000_C|T,25359_A|G,25416_C|T,25584_C|T,26060_C|T,26270_C|T,26275_A|G,26577_C|G,26708_A|G,26709_G|A,26858_C|T,27259_A|C,27382_G|C,27383_A|T,27384_T|C,27672_T|C,27807_C|T,27915_G|T,28271_A|T,28297_T|C,28311_C|T,28447_A|G,28881_G|A,28882_G|A,28883_G|C,29386_C|T,29510_A|C,29700_A|G,11288_11296,21633_21641,21992_21994,28362_28370,29734_29759
USA/PA-CDC-QDX90677876/2023	XCR	241_C|T,405_A|G,670_T|G,1973_C|T,2790_C|T,3037_C|T,4184_G|A,4321_C|T,7564_C|T,8016_C|T,8673_C|T,8737_T|C,9344_C|T,9373_A|G,9424_A|G,9534_C|T,9866_C|T,10029_C|T,10198_C|T,10447_G|A,10449_C|A,12467_G|T,12880_C|T,13405_C|T,13426_C|T,14408_C|T,15451_G|A,15714_C|T,15738_C|T,15939_T|C,16342_T|C,17124_T|C,17410_C|T,17859_T|C,18163_A|G,19326_A|G,19935_T|C,19955_C|T,20055_A|G,21618_C|T,21810_T|C,21987_G|A,21998_C|A,22000_C|A,22109_C|G,22200_T|A,22317_G|T,22577_G|C,22578_G|A,22599_G|C,22624_C|T,22664_C|A,22674_C|T,22679_T|C,22686_C|T,22688_A|G,22775_G|A,22786_A|C,22813_G|T,22882_T|G,22895_G|C,22896_T|C,22898_G|A,22927_G|T,22928_T|C,22942_T|G,22992_G|A,22995_C|A,23013_A|C,23018_T|C,23019_T|C,23031_T|C,23055_A|G,23063_A|T,23075_T|C,23280_C|T,23403_A|G,23525_C|T,23599_T|G,23604_C|A,23673_C|T,23854_C|A,23948_G|T,24373_A|C,24424_A|T,24469_T|A,25000_C|T,25359_A|G,25416_C|T,25584_C|T,26060_C|T,26270_C|T,26275_A|G,26577_C|G,26708_A|G,26709_G|A,26858_C|T,27259_A|C,27382_G|C,27383_A|T,27384_T|C,27672_T|C,27807_C|T,27915_G|T,28271_A|T,28297_T|C,28311_C|T,28447_A|G,28881_G|A,28882_G|A,28883_G|C,29386_C|T,29510_A|C,29700_A|G,11288_11296,21633_21641,21992_21994,28362_28370,29734_29759
USA/PA-CDC-QDX90889401/2024	XCR	241_C|T,405_A|G,670_T|G,1973_C|T,2790_C|T,3037_C|T,4184_G|A,4321_C|T,7564_C|T,8016_C|T,8673_C|T,8737_T|C,9344_C|T,9373_A|G,9424_A|G,9534_C|T,9866_C|T,10029_C|T,10198_C|T,10447_G|A,10449_C|A,12467_G|T,12880_C|T,13405_C|T,13426_C|T,14408_C|T,15451_G|A,15714_C|T,15738_C|T,15939_T|C,16342_T|C,17124_T|C,17410_C|T,17859_T|C,18163_A|G,19326_A|G,19935_T|C,19955_C|T,20055_A|G,21618_C|T,21810_T|C,21987_G|A,21998_C|A,22000_C|A,22109_C|G,22200_T|A,22317_G|T,22577_G|C,22578_G|A,22599_G|C,22624_C|T,22664_C|A,22674_C|T,22679_T|C,22686_C|T,22688_A|G,22775_G|A,22786_A|C,22813_G|T,22882_T|G,22895_G|C,22896_T|C,22898_G|A,22927_G|T,22928_T|C,22942_T|G,22992_G|A,22995_C|A,23013_A|C,23018_T|C,23019_T|C,23031_T|C,23055_A|G,23063_A|T,23075_T|C,23280_C|T,23403_A|G,23525_C|T,23599_T|G,23604_C|A,23673_C|T,23854_C|A,23948_G|T,24373_A|C,24424_A|T,24469_T|A,25000_C|T,25359_A|G,25416_C|T,25584_C|T,26060_C|T,26270_C|T,26275_A|G,26577_C|G,26708_A|G,26709_G|A,26858_C|T,27259_A|C,27382_G|C,27383_A|T,27384_T|C,27672_T|C,27807_C|T,27915_G|T,28271_A|T,28297_T|C,28311_C|T,28447_A|G,28881_G|A,28882_G|A,28883_G|C,29386_C|T,29510_A|C,29700_A|G,11288_11296,21633_21641,21992_21994,28362_28370,29734_29759
USA/PA-CDC-QDX90889402/2024	XCR	241_C|T,405_A|G,670_T|G,1973_C|T,2790_C|T,3037_C|T,4184_G|A,4321_C|T,7564_C|T,8016_C|T,8673_C|T,8737_T|C,9344_C|T,9373_A|G,9424_A|G,9534_C|T,9866_C|T,10029_C|T,10198_C|T,10447_G|A,10449_C|A,12467_G|T,12880_C|T,13405_C|T,13426_C|T,14408_C|T,15451_G|A,15714_C|T,15738_C|T,15939_T|C,16342_T|C,17124_T|C,17410_C|T,17859_T|C,18163_A|G,19326_A|G,19935_T|C,19955_C|T,20055_A|G,21618_C|T,21810_T|C,21987_G|A,21998_C|A,22000_C|A,22109_C|G,22200_T|A,22317_G|T,22577_G|C,22578_G|A,22599_G|C,22624_C|T,22664_C|A,22674_C|T,22679_T|C,22686_C|T,22688_A|G,22775_G|A,22786_A|C,22813_G|T,22882_T|G,22895_G|C,22896_T|C,22898_G|A,22927_G|T,22928_T|C,22942_T|G,22992_G|A,22995_C|A,23013_A|C,23018_T|C,23019_T|C,23031_T|C,23055_A|G,23063_A|T,23075_T|C,23280_C|T,23403_A|G,23525_C|T,23599_T|G,23604_C|A,23673_C|T,23854_C|A,23948_G|T,24373_A|C,24424_A|T,24469_T|A,25000_C|T,25359_A|G,25416_C|T,25584_C|T,26060_C|T,26270_C|T,26275_A|G,26577_C|G,26708_A|G,26709_G|A,26858_C|T,27259_A|C,27382_G|C,27383_A|T,27384_T|C,27672_T|C,27807_C|T,27915_G|T,28271_A|T,28297_T|C,28311_C|T,28447_A|G,28881_G|A,28882_G|A,28883_G|C,29386_C|T,29510_A|C,29700_A|G,11288_11296,21633_21641,21992_21994,28362_28370,29734_29759
USA/TN-CDC-LC1065273/2023	XCR	241_C|T,405_A|G,670_T|G,1973_C|T,2790_C|T,3037_C|T,4184_G|A,4321_C|T,7564_C|T,8737_T|C,9344_C|T,9424_A|G,9534_C|T,9866_C|T,10029_C|T,10198_C|T,10447_G|A,10449_C|A,12467_G|T,12880_C|T,13405_C|T,14408_C|T,15451_G|A,15714_C|T,15738_C|T,15939_T|C,16342_T|C,17124_T|C,17410_C|T,17859_T|C,18163_A|G,19326_A|G,19955_C|T,20055_A|G,21618_C|T,21810_T|C,21987_G|A,22000_C|A,22109_C|G,22200_T|A,22317_G|T,22577_G|C,22578_G|A,22599_G|C,22624_C|T,22664_C|A,22674_C|T,22679_T|C,22686_C|T,22688_A|G,22775_G|A,22786_A|C,22813_G|T,22882_T|G,22895_G|C,22896_T|C,22898_G|A,22927_G|T,22928_T|C,22942_T|G,22992_G|A,22995_C|A,23013_A|C,23018_T|C,23019_T|C,23031_T|C,23055_A|G,23063_A|T,23075_T|C,23280_C|T,23403_A|G,23525_C|T,23599_T|G,23604_C|A,23673_C|T,23854_C|A,23948_G|T,24373_A|C,24424_A|T,24469_T|A,25000_C|T,25359_A|G,25416_C|T,25584_C|T,26060_C|T,26270_C|T,26275_A|G,26577_C|G,26708_A|G,26709_G|A,26858_C|T,27259_A|C,27382_G|C,27383_A|T,27384_T|C,27807_C|T,27915_G|T,28271_A|T,28297_T|C,28311_C|T,28447_A|G,28881_G|A,28882_G|A,28883_G|C,29386_C|T,29510_A|C,11288_11296,21633_21641,21992_21994,28362_28370,29734_29759
USA/TN-SPHL-21166/2023	XCR	241_C|T,405_A|G,670_T|G,1973_C|T,2790_C|T,3037_C|T,4184_G|A,4321_C|T,7564_C|T,8016_C|T,8737_T|C,9344_C|T,9424_A|G,9534_C|T,9866_C|T,10029_C|T,10198_C|T,10447_G|A,10449_C|A,12467_G|T,12880_C|T,13405_C|T,13426_C|T,14408_C|T,15451_G|A,15714_C|T,15738_C|T,15939_T|C,16342_T|C,17124_T|C,17410_C|T,17859_T|C,17999_C|T,18163_A|G,19326_A|G,19955_C|T,20055_A|G,21618_C|T,21810_T|C,21987_G|A,22000_C|A,22109_C|G,22200_T|A,22317_G|T,22577_G|C,22578_G|A,22599_G|C,22624_C|T,22664_C|A,22674_C|T,22679_T|C,22686_C|T,22688_A|G,22775_G|A,22786_A|C,22813_G|T,22882_T|G,22895_G|C,22896_T|C,22898_G|A,22927_G|T,22928_T|C,22942_T|G,22992_G|A,22995_C|A,23013_A|C,23018_T|C,23019_T|C,23031_T|C,23055_A|G,23063_A|T,23075_T|C,23280_C|T,23403_A|G,23525_C|T,23599_T|G,23604_C|A,23673_C|T,23854_C|A,23948_G|T,24373_A|C,24424_A|T,24469_T|A,25000_C|T,25359_A|G,25416_C|T,25584_C|T,26060_C|T,26270_C|T,26275_A|G,26577_C|G,26708_A|G,26709_G|A,26858_C|T,27259_A|C,27382_G|C,27383_A|T,27384_T|C,27807_C|T,27915_G|T,28271_A|T,28297_T|C,28311_C|T,28447_A|G,28881_G|A,28882_G|A,28883_G|C,29386_C|T,29510_A|C,11288_11296,21633_21641,21992_21994,28362_28370,29734_29759
USA/TN-SPHL-21378/2023	XCR	241_C|T,405_A|G,670_T|G,1973_C|T,2548_T|G,2790_C|T,3037_C|T,4184_G|A,4321_C|T,6541_C|T,7564_C|T,8016_C|T,8737_T|C,9344_C|T,9424_A|G,9534_C|T,9866_C|T,10029_C|T,10198_C|T,10447_G|A,10449_C|A,12467_G|T,12880_C|T,13405_C|T,13426_C|T,14408_C|T,15451_G|A,15714_C|T,15738_C|T,15939_T|C,16342_T|C,17124_T|C,17410_C|T,17859_T|C,18163_A|G,19326_A|G,19955_C|T,20055_A|G,21618_C|T,21810_T|C,21987_G|A,22000_C|A,22109_C|G,22200_T|A,22317_G|T,22577_G|C,22578_G|A,22599_G|C,22624_C|T,22664_C|A,22674_C|T,22679_T|C,22686_C|T,22688_A|G,22775_G|A,22786_A|C,22813_G|T,22882_T|G,22895_G|C,22896_T|C,22898_G|A,22927_G|T,22928_T|C,22942_T|G,22992_G|A,22995_C|A,23013_A|C,23018_T|C,23019_T|C,23031_T|C,23055_A|G,23063_A|T,23075_T|C,23280_C|T,23403_A|G,23525_C|T,23599_T|G,23604_C|A,23673_C|T,23854_C|A,23948_G|T,24373_A|C,24424_A|T,24469_T|A,25000_C|T,25359_A|G,25416_C|T,25584_C|T,26060_C|T,26270_C|T,26275_A|G,26577_C|G,26708_A|G,26709_G|A,26858_C|T,27259_A|C,27382_G|C,27383_A|T,27384_T|C,27807_C|T,27915_G|T,28271_A|T,28297_T|C,28311_C|T,28447_A|G,28881_G|A,28882_G|A,28883_G|C,29144_C|T,29386_C|T,29510_A|C,11288_11296,21633_21641,21992_21994,28362_28370,29734_29759
USA/TN-SPHL-21422/2023	XCR	241_C|T,405_A|G,670_T|G,1973_C|T,2790_C|T,3037_C|T,3845_A|G,4184_G|A,4321_C|T,7564_C|T,8016_C|T,8737_T|C,9344_C|T,9424_A|G,9534_C|T,9866_C|T,10029_C|T,10198_C|T,10447_G|A,10449_C|A,12467_G|T,12880_C|T,13405_C|T,13426_C|T,14408_C|T,15451_G|A,15714_C|T,15738_C|T,15939_T|C,16342_T|C,17124_T|C,17410_C|T,17859_T|C,18163_A|G,19326_A|G,19955_C|T,20055_A|G,21618_C|T,21810_T|C,21987_G|A,22000_C|A,22109_C|G,22200_T|A,22317_G|T,22577_G|C,22578_G|A,22599_G|C,22624_C|T,22664_C|A,22674_C|T,22679_T|C,22686_C|T,22688_A|G,22775_G|A,22786_A|C,22813_G|T,22882_T|G,22895_G|C,22896_T|C,22898_G|A,22927_G|T,22928_T|C,22942_T|G,22992_G|A,22995_C|A,23013_A|C,23018_T|C,23019_T|C,23031_T|C,23055_A|G,23063_A|T,23075_T|C,23280_C|T,23403_A|G,23525_C|T,23599_T|G,23604_C|A,23673_C|T,23854_C|A,23948_G|T,24373_A|C,24424_A|T,24469_T|A,25000_C|T,25359_A|G,25416_C|T,25584_C|T,26060_C|T,26270_C|T,26275_A|G,26577_C|G,26708_A|G,26709_G|A,26858_C|T,27259_A|C,27382_G|C,27383_A|T,27384_T|C,27807_C|T,27915_G|T,28271_A|T,28297_T|C,28311_C|T,28447_A|G,28881_G|A,28882_G|A,28883_G|C,29386_C|T,29510_A|C,11288_11296,21633_21641,21992_21994,28362_28370,29734_29759
USA/TN-SPHL-21451/2023	XCR	241_C|T,405_A|G,670_T|G,1973_C|T,2790_C|T,3037_C|T,4184_G|A,4321_C|T,7564_C|T,8016_C|T,8737_T|C,9344_C|T,9424_A|G,9534_C|T,9866_C|T,10029_C|T,10097_G|A,10198_C|T,10447_G|A,10449_C|A,12467_G|T,12880_C|T,13405_C|T,13426_C|T,14408_C|T,15451_G|A,15714_C|T,15738_C|T,15939_T|C,16342_T|C,17124_T|C,17410_C|T,17859_T|C,18163_A|G,18928_C|T,19326_A|G,19955_C|T,20055_A|G,21618_C|T,21810_T|C,21987_G|A,22000_C|A,22109_C|G,22200_T|A,22317_G|T,22577_G|C,22578_G|A,22599_G|C,22624_C|T,22664_C|A,22674_C|T,22679_T|C,22686_C|T,22688_A|G,22775_G|A,22786_A|C,22813_G|T,22882_T|G,22895_G|C,22896_T|C,22898_G|A,22927_G|T,22928_T|C,22942_T|G,22992_G|A,22995_C|A,23013_A|C,23018_T|C,23019_T|C,23031_T|C,23055_A|G,23063_A|T,23075_T|C,23280_C|T,23403_A|G,23525_C|T,23599_T|G,23604_C|A,23673_C|T,23854_C|A,23948_G|T,24373_A|C,24424_A|T,24469_T|A,25000_C|T,25359_A|G,25416_C|T,25477_G|A,25584_C|T,26060_C|T,26270_C|T,26275_A|G,26577_C|G,26708_A|G,26709_G|A,26858_C|T,27259_A|C,27382_G|C,27383_A|T,27384_T|C,27807_C|T,27915_G|T,28271_A|T,28297_T|C,28311_C|T,28447_A|G,28881_G|A,28882_G|A,28883_G|C,29386_C|T,29510_A|C,11288_11296,21633_21641,21992_21994,28362_28370,29734_29759
USA/TN-SPHL-21528/2023	XCR	241_C|T,405_A|G,670_T|G,1973_C|T,2790_C|T,3037_C|T,4184_G|A,4321_C|T,7564_C|T,8016_C|T,8737_T|C,9344_C|T,9424_A|G,9534_C|T,9866_C|T,10029_C|T,10198_C|T,10447_G|A,10449_C|A,12467_G|T,12880_C|T,13405_C|T,13426_C|T,14408_C|T,15451_G|A,15714_C|T,15738_C|T,15939_T|C,16342_T|C,17004_C|T,17124_T|C,17410_C|T,17859_T|C,18163_A|G,19326_A|G,19955_C|T,20055_A|G,20056_G|A,21618_C|T,21810_T|C,21987_G|A,22000_C|A,22109_C|G,22200_T|A,22317_G|T,22577_G|C,22578_G|A,22599_G|C,22624_C|T,22664_C|A,22674_C|T,22679_T|C,22686_C|T,22688_A|G,22775_G|A,22786_A|C,22813_G|T,22882_T|G,22895_G|C,22896_T|C,22898_G|A,22927_G|T,22928_T|C,22942_T|G,22992_G|A,22995_C|A,23013_A|C,23018_T|C,23019_T|C,23031_T|C,23055_A|G,23063_A|T,23075_T|C,23280_C|T,23403_A|G,23525_C|T,23599_T|G,23604_C|A,23673_C|T,23854_C|A,23948_G|T,24373_A|C,24424_A|T,24469_T|A,25000_C|T,25359_A|G,25416_C|T,25584_C|T,26060_C|T,26270_C|T,26275_A|G,26577_C|G,26708_A|G,26709_G|A,26858_C|T,27005_C|T,27259_A|C,27382_G|C,27383_A|T,27384_T|C,27807_C|T,27915_G|T,28271_A|T,28297_T|C,28311_C|T,28447_A|G,28881_G|A,28882_G|A,28883_G|C,29386_C|T,29510_A|C,29585_C|T,11288_11296,21633_21641,21992_21994,28362_28370,29734_29759
USA/TX-CDC-5221787-001/2023	XCR	44_C|T,241_C|T,405_A|G,670_T|G,1426_C|T,1973_C|T,2548_T|G,2790_C|T,3037_C|T,4184_G|A,4321_C|T,7564_C|T,8016_C|T,8737_T|C,9344_C|T,9424_A|G,9534_C|T,9866_C|T,10029_C|T,10198_C|T,10447_G|A,10449_C|A,11719_G|A,12467_G|T,12880_C|T,13405_C|T,13426_C|T,14408_C|T,15451_G|A,15714_C|T,15738_C|T,15939_T|C,16342_T|C,17124_T|C,17410_C|T,17859_T|C,18163_A|G,19326_A|G,19955_C|T,20055_A|G,21618_C|T,21810_T|C,21987_G|A,22000_C|A,22109_C|G,22200_T|A,22317_G|T,22577_G|C,22578_G|A,22599_G|C,22624_C|T,22664_C|A,22674_C|T,22679_T|C,22686_C|T,22688_A|G,22775_G|A,22786_A|C,22813_G|T,22882_T|G,22895_G|C,22896_T|C,22898_G|A,22927_G|T,22928_T|C,22942_T|G,22992_G|A,22995_C|A,23013_A|C,23018_T|C,23019_T|C,23031_T|C,23055_A|G,23063_A|T,23075_T|C,23280_C|T,23403_A|G,23525_C|T,23599_T|G,23604_C|A,23673_C|T,23854_C|A,23948_G|T,24373_A|C,24424_A|T,24469_T|A,25000_C|T,25359_A|G,25416_C|T,25584_C|T,26060_C|T,26270_C|T,26275_A|G,26577_C|G,26708_A|G,26709_G|A,26858_C|T,27259_A|C,27382_G|C,27383_A|T,27384_T|C,27707_C|T,27807_C|T,27915_G|T,28271_A|T,28297_T|C,28311_C|T,28447_A|G,28881_G|A,28882_G|A,28883_G|C,29386_C|T,29510_A|C,11288_11296,21633_21641,21992_21994,28362_28370,29734_29759
USA/UT-UPHL-231003867267/2023	XCR	241_C|T,405_A|G,670_T|G,1973_C|T,2790_C|T,3037_C|T,4184_G|A,4321_C|T,7564_C|T,8737_T|C,9344_C|T,9424_A|G,9534_C|T,9866_C|T,10029_C|T,10198_C|T,10447_G|A,10449_C|A,12467_G|T,12880_C|T,13405_C|T,14408_C|T,15451_G|A,15714_C|T,15738_C|T,15939_T|C,16342_T|C,17124_T|C,17410_C|T,17859_T|C,18163_A|G,19326_A|G,19955_C|T,20055_A|G,21618_C|T,21658_C|T,21810_T|C,21987_G|A,22000_C|A,22109_C|G,22200_T|A,22317_G|T,22577_G|C,22578_G|A,22599_G|C,22624_C|T,22664_C|A,22674_C|T,22679_T|C,22686_C|T,22688_A|G,22775_G|A,22786_A|C,22813_G|T,22882_T|G,22895_G|C,22896_T|C,22898_G|A,22927_G|T,22928_T|C,22942_T|G,22992_G|A,22995_C|A,23013_A|C,23018_T|C,23019_T|C,23031_T|C,23055_A|G,23063_A|T,23075_T|C,23280_C|T,23403_A|G,23525_C|T,23599_T|G,23604_C|A,23673_C|T,23854_C|A,23948_G|T,24373_A|C,24424_A|T,24469_T|A,25000_C|T,25359_A|G,25416_C|T,25584_C|T,26060_C|T,26270_C|T,26275_A|G,26577_C|G,26708_A|G,26709_G|A,26858_C|T,27259_A|C,27382_G|C,27383_A|T,27384_T|C,27807_C|T,27915_G|T,28271_A|T,28297_T|C,28311_C|T,28447_A|G,28881_G|A,28882_G|A,28883_G|C,29386_C|T,29510_A|C,11288_11296,21633_21641,21992_21994,28362_28370,29734_29759
USA/UT-UPHL-231023275104/2023	XCR	241_C|T,405_A|G,670_T|G,1973_C|T,2790_C|T,3037_C|T,4184_G|A,4321_C|T,7564_C|T,8016_C|T,8737_T|C,9344_C|T,9424_A|G,9534_C|T,9866_C|T,10029_C|T,10198_C|T,10447_G|A,10449_C|A,11247_T|C,12467_G|T,12880_C|T,13405_C|T,13426_C|T,14408_C|T,15451_G|A,15714_C|T,15738_C|T,15939_T|C,16342_T|C,17124_T|C,17410_C|T,17859_T|C,18163_A|G,19326_A|G,19955_C|T,20055_A|G,21618_C|T,21810_T|C,21987_G|A,22000_C|A,22109_C|G,22200_T|A,22317_G|T,22577_G|C,22578_G|A,22599_G|C,22624_C|T,22664_C|A,22674_C|T,22679_T|C,22686_C|T,22688_A|G,22775_G|A,22786_A|C,22813_G|T,22882_T|G,22895_G|C,22896_T|C,22898_G|A,22927_G|T,22928_T|C,22942_T|G,22992_G|A,22995_C|A,23013_A|C,23018_T|C,23019_T|C,23031_T|C,23055_A|G,23063_A|T,23075_T|C,23280_C|T,23403_A|G,23525_C|T,23599_T|G,23604_C|A,23673_C|T,23854_C|A,23948_G|T,24373_A|C,24424_A|T,24469_T|A,25000_C|T,25359_A|G,25416_C|T,25584_C|T,26060_C|T,26270_C|T,26275_A|G,26577_C|G,26708_A|G,26709_G|A,26858_C|T,27259_A|C,27382_G|C,27383_A|T,27384_T|C,27807_C|T,27915_G|T,28271_A|T,28297_T|C,28311_C|T,28447_A|G,28881_G|A,28882_G|A,28883_G|C,29386_C|T,29510_A|C,11288_11296,21633_21641,21992_21994,28362_28370,29734_29759
USA/UT-UPHL-231031114922/2023	XCR	241_C|T,405_A|G,670_T|G,1973_C|T,2548_T|G,2790_C|T,3037_C|T,4184_G|A,4321_C|T,7564_C|T,8016_C|T,8737_T|C,9344_C|T,9424_A|G,9534_C|T,9866_C|T,10029_C|T,10198_C|T,10447_G|A,10449_C|A,12467_G|T,12880_C|T,13405_C|T,13426_C|T,14408_C|T,15451_G|A,15714_C|T,15738_C|T,15939_T|C,16342_T|C,17124_T|C,17410_C|T,17859_T|C,18163_A|G,19326_A|G,19955_C|T,20055_A|G,20352_G|A,21618_C|T,21810_T|C,21987_G|A,22000_C|A,22109_C|G,22200_T|A,22317_G|T,22577_G|C,22578_G|A,22599_G|C,22624_C|T,22664_C|A,22674_C|T,22679_T|C,22686_C|T,22688_A|G,22775_G|A,22786_A|C,22813_G|T,22882_T|G,22895_G|C,22896_T|C,22898_G|A,22927_G|T,22928_T|C,22942_T|G,22992_G|A,22995_C|A,23013_A|C,23018_T|C,23019_T|C,23031_T|C,23055_A|G,23063_A|T,23075_T|C,23280_C|T,23403_A|G,23525_C|T,23599_T|G,23604_C|A,23673_C|T,23854_C|A,23948_G|T,24373_A|C,24424_A|T,24469_T|A,25000_C|T,25359_A|G,25416_C|T,25584_C|T,26060_C|T,26270_C|T,26275_A|G,26577_C|G,26708_A|G,26709_G|A,26858_C|T,27259_A|C,27382_G|C,27383_A|T,27384_T|C,27807_C|T,27915_G|T,28271_A|T,28297_T|C,28311_C|T,28447_A|G,28881_G|A,28882_G|A,28883_G|C,29386_C|T,29510_A|C,11288_11296,21633_21641,21992_21994,28362_28370,29734_29759
USA/UT-UPHL-231124244281/2023	XCR	241_C|T,405_A|G,670_T|G,1973_C|T,2588_G|A,2790_C|T,2992_T|A,3037_C|T,4184_G|A,4321_C|T,7564_C|T,8016_C|T,8737_T|C,9344_C|T,9424_A|G,9534_C|T,9866_C|T,10029_C|T,10198_C|T,10447_G|A,10449_C|A,12467_G|T,12880_C|T,13405_C|T,13426_C|T,13983_T|G,14408_C|T,15451_G|A,15714_C|T,15738_C|T,15939_T|C,16342_T|C,17124_T|C,17410_C|T,17795_C|T,17859_T|C,18163_A|G,19326_A|G,19955_C|T,20055_A|G,21597_C|T,21618_C|T,21810_T|C,21987_G|A,21998_C|A,22000_C|A,22109_C|G,22200_T|A,22317_G|T,22577_G|C,22578_G|A,22599_G|C,22624_C|T,22664_C|A,22674_C|T,22677_C|T,22679_T|C,22686_C|T,22688_A|G,22775_G|A,22786_A|C,22813_G|T,22882_T|G,22895_G|C,22896_T|C,22898_G|A,22927_G|T,22928_T|C,22942_T|G,22992_G|A,22995_C|A,23013_A|C,23018_T|C,23019_T|C,23031_T|C,23055_A|G,23063_A|T,23075_T|C,23280_C|T,23403_A|G,23525_C|T,23599_T|G,23604_C|A,23673_C|T,23854_C|A,23948_G|T,24038_G|T,24373_A|C,24424_A|T,24469_T|A,25000_C|T,25359_A|G,25416_C|T,25584_C|T,26060_C|T,26270_C|T,26275_A|G,26577_C|G,26708_A|G,26709_G|A,26858_C|T,27259_A|C,27382_G|C,27383_A|T,27384_T|C,27672_T|C,27807_C|T,27915_G|T,28271_A|T,28297_T|C,28311_C|T,28447_A|G,28881_G|A,28882_G|A,28883_G|C,29386_C|T,29510_A|C,29700_A|G,11288_11296,21633_21641,21992_21994,28362_28370,29734_29759
USA/UT-UPHL-231201591577/2023	XCR	241_C|T,405_A|G,670_T|G,1973_C|T,2790_C|T,3037_C|T,4184_G|A,4321_C|T,7564_C|T,8016_C|T,8737_T|C,9344_C|T,9424_A|G,9534_C|T,9866_C|T,10029_C|T,10097_G|A,10198_C|T,10447_G|A,10449_C|A,12467_G|T,12880_C|T,13405_C|T,13426_C|T,14408_C|T,15451_G|A,15714_C|T,15738_C|T,15939_T|C,16342_T|C,17124_T|C,17410_C|T,17859_T|C,18163_A|G,19326_A|G,19955_C|T,20055_A|G,21618_C|T,21810_T|C,21987_G|A,22000_C|A,22109_C|G,22200_T|A,22317_G|T,22577_G|C,22578_G|A,22599_G|C,22624_C|T,22664_C|A,22674_C|T,22679_T|C,22686_C|T,22688_A|G,22775_G|A,22786_A|C,22813_G|T,22882_T|G,22895_G|C,22896_T|C,22898_G|A,22927_G|T,22928_T|C,22942_T|G,22992_G|A,22995_C|A,23013_A|C,23018_T|C,23019_T|C,23031_T|C,23055_A|G,23063_A|T,23075_T|C,23280_C|T,23403_A|G,23525_C|T,23599_T|G,23604_C|A,23673_C|T,23854_C|A,23948_G|T,24373_A|C,24424_A|T,24469_T|A,25000_C|T,25359_A|G,25416_C|T,25477_G|A,25584_C|T,26060_C|T,26270_C|T,26275_A|G,26577_C|G,26708_A|G,26709_G|A,26858_C|T,27259_A|C,27382_G|C,27383_A|T,27384_T|C,27807_C|T,27915_G|T,28271_A|T,28297_T|C,28311_C|T,28447_A|G,28881_G|A,28882_G|A,28883_G|C,29386_C|T,29510_A|C,11288_11296,21633_21641,21992_21994,28362_28370,29734_29759
USA/UT-UPHL-231213723514/2023	XCR	241_C|T,405_A|G,670_T|G,1973_C|T,2790_C|T,3037_C|T,4184_G|A,4316_A|G,4321_C|T,7564_C|T,8016_C|T,8737_T|C,9344_C|T,9424_A|G,9534_C|T,9866_C|T,10029_C|T,10198_C|T,10447_G|A,10449_C|A,12467_G|T,12880_C|T,13405_C|T,13426_C|T,14408_C|T,15451_G|A,15714_C|T,15738_C|T,15939_T|C,16342_T|C,17124_T|C,17410_C|T,17639_C|T,17859_T|C,18163_A|G,19326_A|G,19955_C|T,20055_A|G,21618_C|T,21810_T|C,21987_G|A,22000_C|A,22109_C|G,22200_T|A,22317_G|T,22577_G|C,22578_G|A,22599_G|C,22624_C|T,22664_C|A,22674_C|T,22679_T|C,22686_C|T,22688_A|G,22775_G|A,22786_A|C,22813_G|T,22882_T|G,22895_G|C,22896_T|C,22898_G|A,22927_G|T,22928_T|C,22942_T|G,22992_G|A,22995_C|A,23013_A|C,23018_T|C,23019_T|C,23031_T|C,23055_A|G,23063_A|T,23075_T|C,23280_C|T,23403_A|G,23525_C|T,23599_T|G,23604_C|A,23673_C|T,23854_C|A,23948_G|T,24373_A|C,24424_A|T,24469_T|A,25000_C|T,25359_A|G,25416_C|T,25584_C|T,26060_C|T,26270_C|T,26275_A|G,26577_C|G,26708_A|G,26709_G|A,26858_C|T,27259_A|C,27382_G|C,27383_A|T,27384_T|C,27807_C|T,27915_G|T,28271_A|T,28297_T|C,28311_C|T,28447_A|G,28881_G|A,28882_G|A,28883_G|C,29386_C|T,29510_A|C,11288_11296,21633_21641,21992_21994,28362_28370,29734_29759
USA/UT-UPHL-231213728120/2023	XCR	241_C|T,405_A|G,670_T|G,673_C|T,1973_C|T,2790_C|T,3037_C|T,4184_G|A,4321_C|T,7564_C|T,8016_C|T,8737_T|C,9344_C|T,9424_A|G,9534_C|T,9866_C|T,10029_C|T,10198_C|T,10447_G|A,10449_C|A,12467_G|T,12880_C|T,13405_C|T,13426_C|T,14408_C|T,14694_C|T,15451_G|A,15714_C|T,15738_C|T,15939_T|C,16342_T|C,17124_T|C,17410_C|T,17859_T|C,18163_A|G,19326_A|G,19955_C|T,20055_A|G,20148_C|T,21618_C|T,21810_T|C,21987_G|A,22000_C|A,22109_C|G,22200_T|A,22317_G|T,22577_G|C,22578_G|A,22599_G|C,22624_C|T,22664_C|A,22674_C|T,22679_T|C,22686_C|T,22688_A|G,22775_G|A,22786_A|C,22813_G|T,22882_T|G,22895_G|C,22896_T|C,22898_G|A,22927_G|T,22928_T|C,22942_T|G,22992_G|A,22995_C|A,23013_A|C,23018_T|C,23019_T|C,23031_T|C,23032_T|C,23055_A|G,23063_A|T,23075_T|C,23280_C|T,23403_A|G,23525_C|T,23599_T|G,23604_C|A,23673_C|T,23854_C|A,23948_G|T,24373_A|C,24424_A|T,24469_T|A,25000_C|T,25359_A|G,25416_C|T,25584_C|T,26060_C|T,26270_C|T,26275_A|G,26577_C|G,26708_A|G,26709_G|A,26858_C|T,27259_A|C,27382_G|C,27383_A|T,27384_T|C,27807_C|T,27915_G|T,28271_A|T,28297_T|C,28311_C|T,28447_A|G,28881_G|A,28882_G|A,28883_G|C,29386_C|T,29510_A|C,11288_11296,21633_21641,21992_21994,28362_28370,29734_29759
USA/UT-UPHL-231221268712/2023	XCR	241_C|T,405_A|G,670_T|G,1696_G|A,1973_C|T,2790_C|T,3037_C|T,4184_G|A,4321_C|T,5518_G|A,7564_C|T,8016_C|T,8737_T|C,9344_C|T,9424_A|G,9534_C|T,9866_C|T,10029_C|T,10198_C|T,10340_C|T,10447_G|A,10449_C|A,11247_T|C,12467_G|T,12880_C|T,13405_C|T,13426_C|T,14408_C|T,15363_A|G,15451_G|A,15714_C|T,15738_C|T,15939_T|C,16342_T|C,17124_T|C,17410_C|T,17859_T|C,18163_A|G,19326_A|G,19955_C|T,20055_A|G,21618_C|T,21810_T|C,21987_G|A,22000_C|A,22109_C|G,22200_T|A,22317_G|T,22577_G|C,22578_G|A,22599_G|C,22624_C|T,22664_C|A,22674_C|T,22679_T|C,22686_C|T,22688_A|G,22775_G|A,22786_A|C,22813_G|T,22882_T|G,22895_G|C,22896_T|C,22898_G|A,22927_G|T,22928_T|C,22942_T|G,22992_G|A,22995_C|A,23013_A|C,23018_T|C,23019_T|C,23031_T|C,23055_A|G,23063_A|T,23075_T|C,23280_C|T,23403_A|G,23525_C|T,23599_T|G,23604_C|A,23673_C|T,23854_C|A,23948_G|T,24373_A|C,24424_A|T,24469_T|A,25000_C|T,25359_A|G,25416_C|T,25584_C|T,26013_C|T,26060_C|T,26270_C|T,26275_A|G,26577_C|G,26708_A|G,26709_G|A,26858_C|T,27259_A|C,27382_G|C,27383_A|T,27384_T|C,27807_C|T,27915_G|T,28271_A|T,28297_T|C,28311_C|T,28447_A|G,28881_G|A,28882_G|A,28883_G|C,29386_C|T,29510_A|C,11288_11296,21633_21641,21992_21994,28362_28370,29734_29759
USA/VA-CAV_VAS3N_00020169_01/2023	XCR	241_C|T,405_A|G,527_C|T,670_T|G,673_C|T,1973_C|T,2790_C|T,3037_C|T,4184_G|A,4321_C|T,7564_C|T,8016_C|T,8737_T|C,9344_C|T,9424_A|G,9534_C|T,9866_C|T,10029_C|T,10198_C|T,10447_G|A,10449_C|A,11407_C|T,12467_G|T,12880_C|T,13358_C|A,13405_C|T,13426_C|T,14408_C|T,15451_G|A,15714_C|T,15738_C|T,15939_T|C,16342_T|C,17124_T|C,17410_C|T,17859_T|C,18163_A|G,19326_A|G,19955_C|T,20055_A|G,21618_C|T,21810_T|C,21987_G|A,22000_C|A,22109_C|G,22200_T|A,22577_G|C,22578_G|A,22599_G|C,22624_C|T,22664_C|A,22674_C|T,22679_T|C,22686_C|T,22688_A|G,22775_G|A,22786_A|C,22813_G|T,22882_T|G,22895_G|C,22896_T|C,22898_G|A,22927_G|T,22928_T|C,22942_T|G,22992_G|A,22995_C|A,23013_A|C,23018_T|C,23019_T|C,23031_T|C,23032_T|C,23055_A|G,23063_A|T,23075_T|C,23280_C|T,23403_A|G,23525_C|T,23599_T|G,23604_C|A,23673_C|T,23803_T|C,23854_C|A,23948_G|T,24373_A|C,24424_A|T,24469_T|A,25000_C|T,25359_A|G,25416_C|T,25584_C|T,26060_C|T,26270_C|T,26275_A|G,26340_C|T,26577_C|G,26708_A|G,26709_G|A,26858_C|T,27259_A|C,27382_G|C,27383_A|T,27384_T|C,27807_C|T,27915_G|T,28271_A|T,28297_T|C,28311_C|T,28447_A|G,28881_G|A,28882_G|A,28883_G|C,29095_C|T,29386_C|T,29510_A|C,11288_11296,21633_21641,21992_21994,28362_28370,29734_29759
USA/VA-VTVAS3-GSC44016/2023	XCR	241_C|T,405_A|G,670_T|G,1973_C|T,2790_C|T,3037_C|T,4184_G|A,4321_C|T,7564_C|T,8016_C|T,8737_T|C,9344_C|T,9424_A|G,9534_C|T,9866_C|T,10029_C|T,10198_C|T,10447_G|A,10449_C|A,12322_G|A,12467_G|T,12880_C|T,13405_C|T,13426_C|T,14408_C|T,15451_G|A,15714_C|T,15738_C|T,15939_T|C,16342_T|C,17124_T|C,17410_C|T,17859_T|C,18163_A|G,19326_A|G,19955_C|T,20055_A|G,21618_C|T,21810_T|C,21987_G|A,22000_C|A,22109_C|G,22200_T|A,22317_G|T,22577_G|C,22578_G|A,22599_G|C,22624_C|T,22664_C|A,22674_C|T,22679_T|C,22686_C|T,22688_A|G,22775_G|A,22786_A|C,22813_G|T,22882_T|G,22895_G|C,22896_T|C,22898_G|A,22927_G|T,22928_T|C,22942_T|G,22992_G|A,22995_C|A,23013_A|C,23018_T|C,23019_T|C,23031_T|C,23055_A|G,23063_A|T,23075_T|C,23280_C|T,23403_A|G,23525_C|T,23599_T|G,23604_C|A,23673_C|T,23854_C|A,23948_G|T,24373_A|C,24424_A|T,24469_T|A,25000_C|T,25359_A|G,25416_C|T,25584_C|T,26060_C|T,26270_C|T,26275_A|G,26577_C|G,26708_A|G,26709_G|A,26858_C|T,27259_A|C,27382_G|C,27383_A|T,27384_T|C,27807_C|T,27915_G|T,28271_A|T,28297_T|C,28311_C|T,28447_A|G,28881_G|A,28882_G|A,28883_G|C,29386_C|T,29510_A|C,11288_11296,21633_21641,21992_21994,28362_28370
USA/VA-VTVAS3-GSC44053/2023	XCR	405_A|G,670_T|G,1973_C|T,2790_C|T,3037_C|T,4184_G|A,4321_C|T,7564_C|T,8016_C|T,8737_T|C,9344_C|T,9424_A|G,9534_C|T,9866_C|T,10029_C|T,10198_C|T,10447_G|A,10449_C|A,12322_G|A,12467_G|T,12880_C|T,13405_C|T,13426_C|T,14408_C|T,15451_G|A,15714_C|T,15738_C|T,15939_T|C,16342_T|C,17124_T|C,17410_C|T,17859_T|C,18163_A|G,19326_A|G,19955_C|T,20055_A|G,21618_C|T,21810_T|C,21987_G|A,22109_C|G,22200_T|A,22317_G|T,22577_G|C,22578_G|A,22599_G|C,22624_C|T,22664_C|A,22674_C|T,22679_T|C,22686_C|T,22688_A|G,22775_G|A,22786_A|C,22813_G|T,22882_T|G,22895_G|C,22896_T|C,22898_G|A,22927_G|T,22928_T|C,22942_T|G,22992_G|A,22995_C|A,23013_A|C,23018_T|C,23019_T|C,23031_T|C,23055_A|G,23063_A|T,23075_T|C,23280_C|T,23403_A|G,23525_C|T,23599_T|G,23604_C|A,23673_C|T,23854_C|A,23948_G|T,24424_A|T,24469_T|A,25000_C|T,25359_A|G,25416_C|T,25584_C|T,26060_C|T,26270_C|T,26275_A|G,26577_C|G,26708_A|G,26709_G|A,26858_C|T,27259_A|C,27382_G|C,27383_A|T,27384_T|C,27807_C|T,27915_G|T,28271_A|T,28297_T|C,28311_C|T,28447_A|G,28881_G|A,28882_G|A,28883_G|C,29386_C|T,29510_A|C,11288_11296,21633_21641,21992_21994,28362_28370
USA/VA-VTVAS3-GSC44711/2023	XCR	405_A|G,670_T|G,2334_C|T,2790_C|T,3037_C|T,3852_A|G,4184_G|A,4321_C|T,7564_C|T,8016_C|T,8737_T|C,9344_C|T,9424_A|G,9534_C|T,9866_C|T,10029_C|T,10198_C|T,10447_G|A,10449_C|A,12467_G|T,12880_C|T,13405_C|T,13426_C|T,14408_C|T,15451_G|A,15714_C|T,15738_C|T,15939_T|C,16342_T|C,17124_T|C,17410_C|T,17859_T|C,18163_A|G,19326_A|G,19955_C|T,20055_A|G,21618_C|T,21810_T|C,21987_G|A,22000_C|A,22109_C|G,22200_T|A,22317_G|T,22577_G|C,22578_G|A,22599_G|C,22624_C|T,22664_C|A,22674_C|T,22679_T|C,22686_C|T,22688_A|G,22775_G|A,22786_A|C,22813_G|T,22882_T|G,22895_G|C,22896_T|C,22898_G|A,22927_G|T,22928_T|C,22942_T|G,22992_G|A,22995_C|A,23013_A|C,23018_T|C,23019_T|C,23031_T|C,23055_A|G,23063_A|T,23075_T|C,23280_C|T,23403_A|G,23525_C|T,23599_T|G,23604_C|A,23673_C|T,23854_C|A,23948_G|T,24373_A|C,24424_A|T,24469_T|A,25000_C|T,25359_A|G,25416_C|T,25584_C|T,26060_C|T,26270_C|T,26275_A|G,26577_C|G,26708_A|G,26709_G|A,26858_C|T,27259_A|C,27382_G|C,27383_A|T,27384_T|C,27807_C|T,27915_G|T,27970_C|T,28271_A|T,28297_T|C,28311_C|T,28447_A|G,28881_G|A,28882_G|A,28883_G|C,29386_C|T,29510_A|C,11288_11296,21633_21641,28362_28370
USA/WA-CDC-QDX84402806/2023	XCR	241_C|T,405_A|G,670_T|G,1973_C|T,2790_C|T,3037_C|T,4184_G|A,4321_C|T,7564_C|T,8737_T|C,9344_C|T,9424_A|G,9534_C|T,9866_C|T,10029_C|T,10198_C|T,10447_G|A,10449_C|A,12467_G|T,12880_C|T,13405_C|T,14408_C|T,15451_G|A,15714_C|T,15738_C|T,15939_T|C,16342_T|C,17124_T|C,17410_C|T,17859_T|C,18163_A|G,19326_A|G,19955_C|T,20055_A|G,21618_C|T,21810_T|C,21987_G|A,22000_C|A,22109_C|G,22200_T|A,22317_G|T,22577_G|C,22578_G|A,22599_G|C,22624_C|T,22664_C|A,22674_C|T,22679_T|C,22686_C|T,22688_A|G,22775_G|A,22786_A|C,22813_G|T,22882_T|G,22895_G|C,22896_T|C,22898_G|A,22927_G|T,22928_T|C,22942_T|G,22992_G|A,22995_C|A,23013_A|C,23018_T|C,23019_T|C,23031_T|C,23055_A|G,23063_A|T,23075_T|C,23280_C|T,23403_A|G,23525_C|T,23599_T|G,23604_C|A,23673_C|T,23854_C|A,23948_G|T,24373_A|C,24424_A|T,24469_T|A,25000_C|T,25359_A|G,25416_C|T,25584_C|T,26060_C|T,26270_C|T,26275_A|G,26577_C|G,26708_A|G,26709_G|A,26858_C|T,27259_A|C,27382_G|C,27383_A|T,27384_T|C,27807_C|T,27915_G|T,28271_A|T,28297_T|C,28311_C|T,28447_A|G,28881_G|A,28882_G|A,28883_G|C,29386_C|T,29510_A|C,11288_11296,21633_21641,21992_21994,28362_28370,29734_29759
USA/WA-CDC-QDX85699040/2023	XCR	241_C|T,405_A|G,670_T|G,1973_C|T,2790_C|T,3037_C|T,4184_G|A,4321_C|T,7564_C|T,8016_C|T,8737_T|C,9344_C|T,9424_A|G,9534_C|T,9866_C|T,10029_C|T,10198_C|T,10447_G|A,10449_C|A,12467_G|T,12880_C|T,13405_C|T,13426_C|T,14408_C|T,15451_G|A,15714_C|T,15738_C|T,15939_T|C,16342_T|C,17124_T|C,17410_C|T,17859_T|C,18163_A|G,19326_A|G,19955_C|T,20055_A|G,21618_C|T,21810_T|C,21987_G|A,22000_C|A,22109_C|G,22200_T|A,22317_G|T,22577_G|C,22578_G|A,22599_G|C,22624_C|T,22664_C|A,22674_C|T,22679_T|C,22686_C|T,22688_A|G,22775_G|A,22786_A|C,22813_G|T,22882_T|G,22895_G|C,22896_T|C,22898_G|A,22927_G|T,22928_T|C,22942_T|G,22992_G|A,22995_C|A,23013_A|C,23018_T|C,23019_T|C,23031_T|C,23055_A|G,23063_A|T,23075_T|C,23280_C|T,23403_A|G,23525_C|T,23599_T|G,23604_C|A,23673_C|T,23854_C|A,23948_G|T,24373_A|C,24424_A|T,24469_T|A,25000_C|T,25359_A|G,25416_C|T,25584_C|T,26060_C|T,26270_C|T,26275_A|G,26577_C|G,26708_A|G,26709_G|A,26858_C|T,27259_A|C,27382_G|C,27383_A|T,27384_T|C,27807_C|T,27915_G|T,28271_A|T,28297_T|C,28311_C|T,28447_A|G,28881_G|A,28882_G|A,28883_G|C,29386_C|T,29510_A|C,11288_11296,21633_21641,21992_21994,28362_28370,29734_29759
USA/WA-CDC-UW23091520090/2023	XCR	241_C|T,405_A|G,670_T|G,1973_C|T,2790_C|T,3037_C|T,4184_G|A,4321_C|T,7564_C|T,8016_C|T,8737_T|C,9344_C|T,9424_A|G,9534_C|T,9866_C|T,10029_C|T,10198_C|T,10447_G|A,10449_C|A,12467_G|T,12880_C|T,13405_C|T,13426_C|T,14408_C|T,15451_G|A,15714_C|T,15738_C|T,15939_T|C,16342_T|C,17124_T|C,17410_C|T,17859_T|C,18163_A|G,19326_A|G,19955_C|T,20055_A|G,21618_C|T,21810_T|C,21987_G|A,22000_C|A,22109_C|G,22200_T|A,22317_G|T,22577_G|C,22578_G|A,22599_G|C,22624_C|T,22664_C|A,22674_C|T,22679_T|C,22686_C|T,22688_A|G,22775_G|A,22786_A|C,22813_G|T,22882_T|G,22895_G|C,22896_T|C,22898_G|A,22927_G|T,22928_T|C,22942_T|G,22992_G|A,22995_C|A,23013_A|C,23018_T|C,23019_T|C,23031_T|C,23055_A|G,23063_A|T,23075_T|C,23280_C|T,23403_A|G,23525_C|T,23599_T|G,23604_C|A,23673_C|T,23854_C|A,23948_G|T,24373_A|C,24424_A|T,24469_T|A,25000_C|T,25359_A|G,25416_C|T,25584_C|T,26060_C|T,26270_C|T,26275_A|G,26577_C|G,26708_A|G,26709_G|A,26858_C|T,27259_A|C,27382_G|C,27383_A|T,27384_T|C,27807_C|T,27915_G|T,28271_A|T,28297_T|C,28311_C|T,28447_A|G,28881_G|A,28882_G|A,28883_G|C,29247_C|T,29386_C|T,29510_A|C,11288_11296,21633_21641,21992_21994,28362_28370,29734_29759
USA/WA-CDC-UW23092819190/2023	XCR	241_C|T,405_A|G,670_T|G,1973_C|T,2548_T|G,2790_C|T,3037_C|T,4184_G|A,4321_C|T,7564_C|T,8016_C|T,8737_T|C,9344_C|T,9424_A|G,9534_C|T,9866_C|T,10029_C|T,10198_C|T,10447_G|A,10449_C|A,12467_G|T,12880_C|T,13405_C|T,13426_C|T,14408_C|T,15451_G|A,15714_C|T,15738_C|T,15939_T|C,16342_T|C,17124_T|C,17410_C|T,17859_T|C,18163_A|G,19326_A|G,19955_C|T,20055_A|G,21618_C|T,21810_T|C,21987_G|A,22000_C|A,22109_C|G,22200_T|A,22317_G|T,22577_G|C,22578_G|A,22599_G|C,22624_C|T,22664_C|A,22674_C|T,22679_T|C,22686_C|T,22688_A|G,22775_G|A,22786_A|C,22813_G|T,22882_T|G,22895_G|C,22896_T|C,22898_G|A,22927_G|T,22928_T|C,22942_T|G,22992_G|A,22995_C|A,23013_A|C,23018_T|C,23019_T|C,23031_T|C,23055_A|G,23063_A|T,23075_T|C,23280_C|T,23403_A|G,23525_C|T,23599_T|G,23604_C|A,23673_C|T,23854_C|A,23948_G|T,24373_A|C,24424_A|T,24469_T|A,25000_C|T,25359_A|G,25416_C|T,25584_C|T,26060_C|T,26270_C|T,26275_A|G,26577_C|G,26708_A|G,26709_G|A,26858_C|T,27259_A|C,27382_G|C,27383_A|T,27384_T|C,27807_C|T,27915_G|T,28271_A|T,28297_T|C,28311_C|T,28447_A|G,28881_G|A,28882_G|A,28883_G|C,29386_C|T,29510_A|C,11288_11296,21633_21641,21992_21994,28362_28370,29734_29759,22204_.|GAGTCAGGCTTA
USA/WA-CDC-UW23101826667/2023	XCR	241_C|T,405_A|G,670_T|G,1973_C|T,2790_C|T,3037_C|T,4184_G|A,4321_C|T,7564_C|T,8016_C|T,8737_T|C,9344_C|T,9424_A|G,9534_C|T,9866_C|T,10029_C|T,10198_C|T,10447_G|A,10449_C|A,12467_G|T,12880_C|T,13405_C|T,13426_C|T,14408_C|T,15451_G|A,15714_C|T,15738_C|T,15939_T|C,16342_T|C,17124_T|C,17410_C|T,17859_T|C,18163_A|G,19326_A|G,19955_C|T,20055_A|G,21618_C|T,21810_T|C,21987_G|A,22000_C|A,22109_C|G,22200_T|A,22317_G|T,22577_G|C,22578_G|A,22599_G|C,22624_C|T,22664_C|A,22674_C|T,22679_T|C,22686_C|T,22688_A|G,22775_G|A,22786_A|C,22813_G|T,22882_T|G,22895_G|C,22896_T|C,22898_G|A,22927_G|T,22928_T|C,22942_T|G,22992_G|A,22995_C|A,23013_A|C,23018_T|C,23019_T|C,23031_T|C,23055_A|G,23063_A|T,23075_T|C,23280_C|T,23403_A|G,23525_C|T,23599_T|G,23604_C|A,23673_C|T,23854_C|A,23948_G|T,24373_A|C,24424_A|T,24469_T|A,25000_C|T,25359_A|G,25416_C|T,25584_C|T,26060_C|T,26270_C|T,26275_A|G,26577_C|G,26708_A|G,26709_G|A,26858_C|T,27259_A|C,27382_G|C,27383_A|T,27384_T|C,27672_T|C,27807_C|T,27915_G|T,28271_A|T,28297_T|C,28311_C|T,28447_A|G,28881_G|A,28882_G|A,28883_G|C,29386_C|T,29510_A|C,29700_A|G,11288_11296,21633_21641,21992_21994,28362_28370,29734_29759
USA/WA-CDC-UW23101921815/2023	XCR	241_C|T,405_A|G,670_T|G,1973_C|T,2790_C|T,3037_C|T,4184_G|A,4321_C|T,7564_C|T,8016_C|T,8737_T|C,9344_C|T,9424_A|G,9534_C|T,9866_C|T,10029_C|T,10198_C|T,10447_G|A,10449_C|A,12467_G|T,12880_C|T,13405_C|T,13426_C|T,14408_C|T,15451_G|A,15714_C|T,15738_C|T,15939_T|C,16342_T|C,17124_T|C,17410_C|T,17859_T|C,18163_A|G,19326_A|G,19955_C|T,20055_A|G,21618_C|T,21810_T|C,21987_G|A,22000_C|A,22109_C|G,22200_T|A,22317_G|T,22577_G|C,22578_G|A,22599_G|C,22624_C|T,22664_C|A,22674_C|T,22679_T|C,22686_C|T,22688_A|G,22775_G|A,22786_A|C,22813_G|T,22882_T|G,22895_G|C,22896_T|C,22898_G|A,22927_G|T,22928_T|C,22942_T|G,22992_G|A,22995_C|A,23013_A|C,23018_T|C,23019_T|C,23031_T|C,23055_A|G,23063_A|T,23075_T|C,23280_C|T,23403_A|G,23525_C|T,23599_T|G,23604_C|A,23673_C|T,23854_C|A,23948_G|T,24373_A|C,24424_A|T,24469_T|A,25000_C|T,25359_A|G,25416_C|T,25584_C|T,26060_C|T,26270_C|T,26275_A|G,26577_C|G,26708_A|G,26709_G|A,26858_C|T,27259_A|C,27382_G|C,27383_A|T,27384_T|C,27672_T|C,27807_C|T,27915_G|T,28271_A|T,28297_T|C,28311_C|T,28447_A|G,28881_G|A,28882_G|A,28883_G|C,29386_C|T,29510_A|C,29700_A|G,11288_11296,21633_21641,21992_21994,28362_28370,29734_29759
USA/WA-CDC-UW23101976305/2023	XCR	241_C|T,405_A|G,670_T|G,1973_C|T,2790_C|T,3037_C|T,4184_G|A,4321_C|T,7564_C|T,8016_C|T,8737_T|C,9344_C|T,9424_A|G,9534_C|T,9866_C|T,10029_C|T,10198_C|T,10447_G|A,10449_C|A,12467_G|T,12880_C|T,13405_C|T,13426_C|T,14408_C|T,15451_G|A,15714_C|T,15738_C|T,15939_T|C,16342_T|C,17124_T|C,17410_C|T,17859_T|C,18163_A|G,19326_A|G,19955_C|T,20055_A|G,21618_C|T,21810_T|C,21987_G|A,22000_C|A,22109_C|G,22200_T|A,22317_G|T,22577_G|C,22578_G|A,22599_G|C,22624_C|T,22664_C|A,22674_C|T,22679_T|C,22686_C|T,22688_A|G,22775_G|A,22786_A|C,22813_G|T,22882_T|G,22895_G|C,22896_T|C,22898_G|A,22927_G|T,22928_T|C,22942_T|G,22992_G|A,22995_C|A,23013_A|C,23018_T|C,23019_T|C,23031_T|C,23055_A|G,23063_A|T,23075_T|C,23280_C|T,23403_A|G,23525_C|T,23599_T|G,23604_C|A,23673_C|T,23854_C|A,23948_G|T,24373_A|C,24424_A|T,24469_T|A,25000_C|T,25359_A|G,25416_C|T,25584_C|T,26060_C|T,26270_C|T,26275_A|G,26577_C|G,26708_A|G,26709_G|A,26858_C|T,27259_A|C,27382_G|C,27383_A|T,27384_T|C,27672_T|C,27807_C|T,27915_G|T,28271_A|T,28297_T|C,28311_C|T,28447_A|G,28881_G|A,28882_G|A,28883_G|C,29386_C|T,29510_A|C,29625_C|T,11288_11296,21633_21641,21992_21994,28362_28370,29734_29759
USA/WA-CDC-UW23101988186/2023	XCR	241_C|T,405_A|G,670_T|G,1973_C|T,2790_C|T,3037_C|T,4184_G|A,4321_C|T,7564_C|T,8016_C|T,8737_T|C,9344_C|T,9424_A|G,9534_C|T,9866_C|T,10029_C|T,10198_C|T,10447_G|A,10449_C|A,12467_G|T,12880_C|T,13405_C|T,13426_C|T,14408_C|T,15451_G|A,15714_C|T,15738_C|T,15939_T|C,16342_T|C,17124_T|C,17410_C|T,17859_T|C,18163_A|G,19326_A|G,19955_C|T,20055_A|G,21618_C|T,21810_T|C,21987_G|A,22000_C|A,22109_C|G,22200_T|A,22317_G|T,22577_G|C,22578_G|A,22599_G|C,22624_C|T,22664_C|A,22674_C|T,22679_T|C,22686_C|T,22688_A|G,22775_G|A,22786_A|C,22813_G|T,22882_T|G,22895_G|C,22896_T|C,22898_G|A,22927_G|T,22928_T|C,22942_T|G,22992_G|A,22995_C|A,23013_A|C,23018_T|C,23019_T|C,23031_T|C,23055_A|G,23063_A|T,23075_T|C,23280_C|T,23403_A|G,23525_C|T,23599_T|G,23604_C|A,23673_C|T,23854_C|A,23948_G|T,24373_A|C,24424_A|T,24469_T|A,25000_C|T,25359_A|G,25416_C|T,25584_C|T,26060_C|T,26270_C|T,26275_A|G,26577_C|G,26708_A|G,26709_G|A,26858_C|T,27259_A|C,27382_G|C,27383_A|T,27384_T|C,27672_T|C,27807_C|T,27915_G|T,28271_A|T,28297_T|C,28311_C|T,28447_A|G,28881_G|A,28882_G|A,28883_G|C,29386_C|T,29510_A|C,29700_A|G,11288_11296,21633_21641,21992_21994,28362_28370,29734_29759
USA/WA-CDC-UW23102092486/2023	XCR	241_C|T,405_A|G,670_T|G,1973_C|T,2790_C|T,3037_C|T,4184_G|A,4321_C|T,7564_C|T,8016_C|T,8737_T|C,9344_C|T,9424_A|G,9534_C|T,9866_C|T,10029_C|T,10198_C|T,10447_G|A,10449_C|A,12467_G|T,12880_C|T,13405_C|T,13426_C|T,14408_C|T,15451_G|A,15714_C|T,15738_C|T,15939_T|C,16342_T|C,17124_T|C,17410_C|T,17859_T|C,18163_A|G,19326_A|G,19955_C|T,20055_A|G,21618_C|T,21810_T|C,21987_G|A,22000_C|A,22109_C|G,22200_T|A,22317_G|T,22577_G|C,22578_G|A,22599_G|C,22624_C|T,22664_C|A,22674_C|T,22679_T|C,22686_C|T,22688_A|G,22775_G|A,22786_A|C,22813_G|T,22882_T|G,22895_G|C,22896_T|C,22898_G|A,22927_G|T,22928_T|C,22942_T|G,22992_G|A,22995_C|A,23013_A|C,23018_T|C,23019_T|C,23031_T|C,23055_A|G,23063_A|T,23075_T|C,23280_C|T,23403_A|G,23525_C|T,23599_T|G,23604_C|A,23673_C|T,23854_C|A,23948_G|T,24373_A|C,24424_A|T,24469_T|A,25000_C|T,25359_A|G,25416_C|T,25584_C|T,26060_C|T,26270_C|T,26275_A|G,26577_C|G,26708_A|G,26709_G|A,26858_C|T,27259_A|C,27382_G|C,27383_A|T,27384_T|C,27672_T|C,27807_C|T,27915_G|T,28271_A|T,28297_T|C,28311_C|T,28447_A|G,28881_G|A,28882_G|A,28883_G|C,29386_C|T,29510_A|C,29700_A|G,11288_11296,21633_21641,21992_21994,28362_28370,29734_29759
USA/WA-CDC-UW23102164496/2023	XCR	241_C|T,405_A|G,670_T|G,1973_C|T,2790_C|T,3037_C|T,4184_G|A,4321_C|T,7564_C|T,8016_C|T,8737_T|C,9344_C|T,9424_A|G,9534_C|T,9866_C|T,10029_C|T,10198_C|T,10447_G|A,10449_C|A,12467_G|T,12880_C|T,13405_C|T,13426_C|T,14408_C|T,15451_G|A,15714_C|T,15738_C|T,15939_T|C,16342_T|C,17124_T|C,17410_C|T,17859_T|C,18163_A|G,19326_A|G,19955_C|T,20055_A|G,21618_C|T,21810_T|C,21987_G|A,22000_C|A,22109_C|G,22200_T|A,22317_G|T,22577_G|C,22578_G|A,22599_G|C,22624_C|T,22664_C|A,22674_C|T,22679_T|C,22686_C|T,22688_A|G,22775_G|A,22786_A|C,22813_G|T,22882_T|G,22895_G|C,22896_T|C,22898_G|A,22942_T|G,22992_G|A,22995_C|A,23013_A|C,23018_T|C,23019_T|C,23031_T|C,23055_A|G,23063_A|T,23075_T|C,23280_C|T,23403_A|G,23525_C|T,23599_T|G,23604_C|A,23673_C|T,23854_C|A,23948_G|T,24373_A|C,24424_A|T,24469_T|A,25000_C|T,25359_A|G,25416_C|T,25584_C|T,26060_C|T,26270_C|T,26275_A|G,26577_C|G,26708_A|G,26709_G|A,26858_C|T,27259_A|C,27382_G|C,27383_A|T,27384_T|C,27672_T|C,27807_C|T,27915_G|T,28271_A|T,28297_T|C,28311_C|T,28447_A|G,28881_G|A,28882_G|A,28883_G|C,29386_C|T,29510_A|C,29625_C|T,11288_11296,21633_21641,21992_21994,28362_28370,29734_29759
USA/WA-CDC-UW23102302167/2023	XCR	241_C|T,405_A|G,670_T|G,1973_C|T,2790_C|T,3037_C|T,4184_G|A,4321_C|T,7564_C|T,8016_C|T,8737_T|C,9344_C|T,9424_A|G,9534_C|T,9866_C|T,10029_C|T,10198_C|T,10447_G|A,10449_C|A,12467_G|T,12880_C|T,13405_C|T,13426_C|T,14408_C|T,15451_G|A,15714_C|T,15738_C|T,15939_T|C,16342_T|C,17124_T|C,17410_C|T,17859_T|C,18163_A|G,19326_A|G,19955_C|T,20055_A|G,21618_C|T,21810_T|C,21987_G|A,22000_C|A,22109_C|G,22200_T|A,22317_G|T,22577_G|C,22578_G|A,22599_G|C,22624_C|T,22664_C|A,22674_C|T,22679_T|C,22686_C|T,22688_A|G,22775_G|A,22786_A|C,22813_G|T,22882_T|G,22895_G|C,22896_T|C,22898_G|A,22927_G|T,22928_T|C,22942_T|G,22992_G|A,22995_C|A,23013_A|C,23018_T|C,23019_T|C,23031_T|C,23055_A|G,23063_A|T,23075_T|C,23280_C|T,23403_A|G,23525_C|T,23599_T|G,23604_C|A,23673_C|T,23854_C|A,23948_G|T,24373_A|C,24424_A|T,24469_T|A,25000_C|T,25359_A|G,25416_C|T,25584_C|T,26060_C|T,26270_C|T,26275_A|G,26577_C|G,26708_A|G,26709_G|A,26858_C|T,27259_A|C,27382_G|C,27383_A|T,27384_T|C,27672_T|C,27807_C|T,27915_G|T,28271_A|T,28297_T|C,28311_C|T,28447_A|G,28881_G|A,28882_G|A,28883_G|C,29386_C|T,29510_A|C,29700_A|G,11288_11296,21633_21641,21992_21994,28362_28370,29734_29759
USA/WA-CDC-UW23102378979/2023	XCR	241_C|T,405_A|G,670_T|G,1973_C|T,2790_C|T,3037_C|T,4184_G|A,4321_C|T,7564_C|T,8016_C|T,8737_T|C,9344_C|T,9424_A|G,9534_C|T,9866_C|T,10029_C|T,10198_C|T,10447_G|A,10449_C|A,12467_G|T,12880_C|T,13405_C|T,13426_C|T,14408_C|T,15451_G|A,15714_C|T,15738_C|T,15939_T|C,16342_T|C,17124_T|C,17410_C|T,17859_T|C,18163_A|G,19326_A|G,19955_C|T,20055_A|G,21618_C|T,21810_T|C,21987_G|A,22000_C|A,22109_C|G,22200_T|A,22317_G|T,22577_G|C,22578_G|A,22599_G|C,22624_C|T,22664_C|A,22674_C|T,22679_T|C,22686_C|T,22688_A|G,22775_G|A,22786_A|C,22813_G|T,22882_T|G,22895_G|C,22896_T|C,22898_G|A,22927_G|T,22928_T|C,22942_T|G,22992_G|A,22995_C|A,23013_A|C,23018_T|C,23019_T|C,23031_T|C,23055_A|G,23063_A|T,23075_T|C,23280_C|T,23403_A|G,23525_C|T,23599_T|G,23604_C|A,23673_C|T,23854_C|A,23948_G|T,24373_A|C,24424_A|T,24469_T|A,25000_C|T,25359_A|G,25416_C|T,25584_C|T,26060_C|T,26270_C|T,26275_A|G,26577_C|G,26708_A|G,26709_G|A,26858_C|T,27259_A|C,27382_G|C,27383_A|T,27384_T|C,27672_T|C,27807_C|T,27915_G|T,28271_A|T,28297_T|C,28311_C|T,28447_A|G,28881_G|A,28882_G|A,28883_G|C,29386_C|T,29510_A|C,29700_A|G,11288_11296,21633_21641,21992_21994,28362_28370,29734_29759
USA/WA-CDC-VSX-A241095/2023	XCR	44_C|T,241_C|T,405_A|G,670_T|G,1973_C|T,2790_C|T,3037_C|T,4184_G|A,4321_C|T,7564_C|T,8016_C|T,8316_C|T,8737_T|C,9344_C|T,9424_A|G,9534_C|T,9866_C|T,10029_C|T,10198_C|T,10447_G|A,10449_C|A,11247_T|C,12467_G|T,12880_C|T,13405_C|T,13426_C|T,14408_C|T,14532_T|C,15451_G|A,15714_C|T,15738_C|T,15939_T|C,16342_T|C,17124_T|C,17410_C|T,17859_T|C,18163_A|G,19326_A|G,19955_C|T,20055_A|G,21618_C|T,21810_T|C,21987_G|A,22000_C|A,22109_C|G,22200_T|A,22317_G|T,22577_G|C,22578_G|A,22599_G|C,22603_T|A,22624_C|T,22664_C|A,22674_C|T,22679_T|C,22686_C|T,22688_A|G,22775_G|A,22786_A|C,22813_G|T,22882_T|G,22895_G|C,22896_T|C,22898_G|A,22927_G|T,22928_T|C,22942_T|G,22992_G|A,22995_C|A,23013_A|C,23018_T|C,23019_T|C,23031_T|C,23055_A|G,23063_A|T,23075_T|C,23280_C|T,23403_A|G,23525_C|T,23599_T|G,23604_C|A,23664_C|T,23673_C|T,23854_C|A,23948_G|T,24373_A|C,24424_A|T,24469_T|A,25000_C|T,25359_A|G,25416_C|T,25584_C|T,26060_C|T,26270_C|T,26275_A|G,26577_C|G,26708_A|G,26709_G|A,26858_C|T,27259_A|C,27382_G|C,27383_A|T,27384_T|C,27807_C|T,27915_G|T,28271_A|T,28297_T|C,28311_C|T,28447_A|G,28881_G|A,28882_G|A,28883_G|C,29386_C|T,29510_A|C,11288_11296,21633_21641,21992_21994,28362_28370,29734_29759
USA/WA-S24586/2023	XCR	241_C|T,405_A|G,670_T|G,1973_C|T,2790_C|T,3037_C|T,4184_G|A,4321_C|T,4754_C|T,7564_C|T,8016_C|T,8737_T|C,9344_C|T,9424_A|G,9534_C|T,9866_C|T,10029_C|T,10097_G|A,10198_C|T,10447_G|A,10449_C|A,12467_G|T,12880_C|T,13405_C|T,13426_C|T,14408_C|T,15451_G|A,15714_C|T,15738_C|T,15939_T|C,16342_T|C,17124_T|C,17410_C|T,17859_T|C,18163_A|G,19326_A|G,19955_C|T,20055_A|G,21618_C|T,21810_T|C,21987_G|A,22000_C|A,22109_C|G,22200_T|A,22317_G|T,22577_G|C,22578_G|A,22599_G|C,22624_C|T,22664_C|A,22674_C|T,22679_T|C,22686_C|T,22688_A|G,22775_G|A,22786_A|C,22813_G|T,22882_T|G,22895_G|C,22896_T|C,22898_G|A,22927_G|T,22928_T|C,22942_T|G,22992_G|A,22995_C|A,23013_A|C,23018_T|C,23019_T|C,23031_T|C,23055_A|G,23063_A|T,23075_T|C,23280_C|T,23403_A|G,23525_C|T,23599_T|G,23604_C|A,23673_C|T,23854_C|A,23948_G|T,24373_A|C,24424_A|T,24469_T|A,25000_C|T,25359_A|G,25416_C|T,25477_G|A,25584_C|T,26060_C|T,26270_C|T,26275_A|G,26577_C|G,26708_A|G,26709_G|A,26858_C|T,27259_A|C,27382_G|C,27383_A|T,27384_T|C,27807_C|T,27915_G|T,28271_A|T,28297_T|C,28311_C|T,28447_A|G,28881_G|A,28882_G|A,28883_G|C,29386_C|T,29510_A|C,29543_G|C,11288_11296,21633_21641,21992_21994,28362_28370
USA/WA-S24587/2023	XCR	241_C|T,405_A|G,670_T|G,1973_C|T,2790_C|T,3037_C|T,4184_G|A,4321_C|T,4754_C|T,7564_C|T,8016_C|T,8737_T|C,9344_C|T,9424_A|G,9534_C|T,9866_C|T,10029_C|T,10097_G|A,10198_C|T,10447_G|A,10449_C|A,12467_G|T,12880_C|T,13405_C|T,13426_C|T,14408_C|T,15451_G|A,15714_C|T,15738_C|T,15939_T|C,16342_T|C,17124_T|C,17410_C|T,17859_T|C,18163_A|G,19326_A|G,19955_C|T,20055_A|G,21618_C|T,21810_T|C,21987_G|A,22000_C|A,22109_C|G,22200_T|A,22317_G|T,22577_G|C,22578_G|A,22599_G|C,22624_C|T,22664_C|A,22674_C|T,22679_T|C,22686_C|T,22688_A|G,22775_G|A,22786_A|C,22813_G|T,22882_T|G,22895_G|C,22896_T|C,22898_G|A,22927_G|T,22928_T|C,22942_T|G,22992_G|A,22995_C|A,23013_A|C,23018_T|C,23019_T|C,23031_T|C,23055_A|G,23063_A|T,23075_T|C,23280_C|T,23403_A|G,23525_C|T,23599_T|G,23604_C|A,23673_C|T,23854_C|A,23948_G|T,24373_A|C,24424_A|T,24469_T|A,25000_C|T,25359_A|G,25416_C|T,25477_G|A,25584_C|T,26060_C|T,26270_C|T,26275_A|G,26577_C|G,26708_A|G,26709_G|A,26858_C|T,27259_A|C,27382_G|C,27383_A|T,27384_T|C,27807_C|T,27915_G|T,28271_A|T,28297_T|C,28311_C|T,28447_A|G,28881_G|A,28882_G|A,28883_G|C,29386_C|T,29510_A|C,29543_G|C,11288_11296,21633_21641,21992_21994,28362_28370
USA/WI-CDC-VSX-A07599/2023	XCR	44_C|T,241_C|T,405_A|G,670_T|G,1973_C|T,2790_C|T,3037_C|T,4184_G|A,4321_C|T,7564_C|T,8016_C|T,8737_T|C,9344_C|T,9424_A|G,9534_C|T,9866_C|T,10029_C|T,10198_C|T,10447_G|A,10449_C|A,12467_G|T,12880_C|T,13405_C|T,13426_C|T,14408_C|T,15451_G|A,15714_C|T,15738_C|T,15939_T|C,16342_T|C,17124_T|C,17410_C|T,17859_T|C,18115_C|T,18163_A|G,19080_A|G,19326_A|G,19955_C|T,20055_A|G,21618_C|T,21810_T|C,21987_G|A,22000_C|A,22109_C|G,22200_T|A,22317_G|T,22577_G|C,22578_G|A,22599_G|C,22624_C|T,22664_C|A,22674_C|T,22679_T|C,22686_C|T,22688_A|G,22775_G|A,22786_A|C,22813_G|T,22882_T|G,22895_G|C,22896_T|C,22898_G|A,22927_G|T,22928_T|C,22942_T|G,22992_G|A,22995_C|A,23013_A|C,23018_T|C,23019_T|C,23031_T|C,23055_A|G,23063_A|T,23075_T|C,23280_C|T,23403_A|G,23525_C|T,23599_T|G,23604_C|A,23673_C|T,23854_C|A,23948_G|T,24373_A|C,24424_A|T,24469_T|A,25000_C|T,25359_A|G,25416_C|T,25584_C|T,26060_C|T,26270_C|T,26275_A|G,26577_C|G,26708_A|G,26709_G|A,26858_C|T,27259_A|C,27382_G|C,27383_A|T,27384_T|C,27807_C|T,27915_G|T,28271_A|T,28297_T|C,28311_C|T,28447_A|G,28881_G|A,28882_G|A,28883_G|C,29386_C|T,29510_A|C,11288_11296,21633_21641,21992_21994,28362_28370,29734_29759
