genomeID	true_lineage	nuc_changes
Denmark/DCGC-319312/2022	XG	241_C|T,2832_A|G,3037_C|T,5386_T|G,5672_C|T,5924_G|A,9344_C|T,9424_A|G,9534_C|T,9866_C|T,10029_C|T,10447_G|A,10449_C|A,12880_C|T,14408_C|T,15714_C|T,17410_C|T,18163_A|G,19855_A|G,19955_C|T,20055_A|G,21618_C|T,21987_G|A,22200_T|G,22578_G|A,22674_C|T,22679_T|C,22686_C|T,22688_A|G,22775_G|A,22786_A|C,22792_C|T,22813_G|T,22882_T|G,22992_G|A,22995_C|A,23013_A|C,23040_A|G,23055_A|G,23063_A|T,23075_T|C,23403_A|G,23525_C|T,23599_T|G,23604_C|A,23854_C|A,23948_G|T,24424_A|T,24469_T|A,25000_C|T,25584_C|T,26060_C|T,26270_C|T,26577_C|G,26709_G|A,26858_C|T,27259_A|C,27382_G|C,27383_A|T,27384_T|C,27807_C|T,28271_A|T,28311_C|T,28881_G|A,28882_G|A,28883_G|C,29510_A|C,11288_11296,21633_21641,28362_28370
Denmark/DCGC-330846/2022	XG	241_C|T,2832_A|G,3037_C|T,5386_T|G,5672_C|T,5924_G|A,9344_C|T,9424_A|G,9534_C|T,9866_C|T,10029_C|T,10198_C|T,10447_G|A,10449_C|A,12880_C|T,14408_C|T,15714_C|T,17410_C|T,18163_A|G,19855_A|G,19955_C|T,20055_A|G,21618_C|T,21987_G|A,22200_T|G,22578_G|A,22674_C|T,22679_T|C,22686_C|T,22688_A|G,22775_G|A,22786_A|C,22792_C|T,22813_G|T,22882_T|G,22992_G|A,22995_C|A,23013_A|C,23040_A|G,23055_A|G,23063_A|T,23075_T|C,23403_A|G,23525_C|T,23599_T|G,23604_C|A,23854_C|A,23948_G|T,24424_A|T,24469_T|A,25000_C|T,25584_C|T,26060_C|T,26270_C|T,26577_C|G,26709_G|A,26858_C|T,27259_A|C,27382_G|C,27383_A|T,27384_T|C,27807_C|T,28271_A|T,28311_C|T,28881_G|A,28882_G|A,28883_G|C,29510_A|C,21633_21641,28362_28370
Denmark/DCGC-333113/2022	XG	241_C|T,2832_A|G,3037_C|T,5386_T|G,5672_C|T,5924_G|A,9344_C|T,9424_A|G,9534_C|T,9866_C|T,10029_C|T,10198_C|T,10447_G|A,10449_C|A,12880_C|T,14408_C|T,15714_C|T,17410_C|T,18163_A|G,19855_A|G,19955_C|T,20055_A|G,21618_C|T,21987_G|A,22200_T|G,22578_G|A,22674_C|T,22679_T|C,22686_C|T,22688_A|G,22775_G|A,22786_A|C,22792_C|T,22813_G|T,22882_T|G,22992_G|A,22995_C|A,23013_A|C,23040_A|G,23055_A|G,23063_A|T,23075_T|C,23403_A|G,23525_C|T,23599_T|G,23604_C|A,23854_C|A,23948_G|T,24424_A|T,24469_T|A,25000_C|T,25584_C|T,25672_C|T,26060_C|T,26270_C|T,26577_C|G,26709_G|A,26858_C|T,27259_A|C,27382_G|C,27383_A|T,27384_T|C,27807_C|T,28271_A|T,28311_C|T,28881_G|A,28882_G|A,28883_G|C,29510_A|C,11288_11296,21633_21641,28362_28370
Denmark/DCGC-338198/2022	XG	241_C|T,2832_A|G,3037_C|T,5386_T|G,5672_C|T,5924_G|A,9344_C|T,9424_A|G,9534_C|T,9866_C|T,10029_C|T,10198_C|T,10447_G|A,10449_C|A,12880_C|T,14408_C|T,15714_C|T,17410_C|T,18163_A|G,19855_A|G,19955_C|T,20055_A|G,21618_C|T,21987_G|A,22200_T|G,22578_G|A,22674_C|T,22679_T|C,22686_C|T,22688_A|G,22775_G|A,22786_A|C,22792_C|T,22813_G|T,22882_T|G,22992_G|A,22995_C|A,23013_A|C,23040_A|G,23055_A|G,23063_A|T,23075_T|C,23403_A|G,23525_C|T,23599_T|G,23604_C|A,23854_C|A,23948_G|T,24424_A|T,24469_T|A,25000_C|T,25584_C|T,25672_C|T,26060_C|T,26270_C|T,26577_C|G,26709_G|A,26858_C|T,27259_A|C,27382_G|C,27383_A|T,27384_T|C,27807_C|T,28271_A|T,28311_C|T,28881_G|A,28882_G|A,28883_G|C,29510_A|C,11288_11296,21633_21641,28362_28370
Denmark/DCGC-343856/2022	XG	241_C|T,2832_A|G,3037_C|T,5386_T|G,5672_C|T,5924_G|A,9344_C|T,9424_A|G,9534_C|T,9866_C|T,10029_C|T,10198_C|T,10447_G|A,10449_C|A,12880_C|T,14408_C|T,15714_C|T,17410_C|T,18163_A|G,19855_A|G,19955_C|T,20055_A|G,21618_C|T,21987_G|A,22200_T|G,22578_G|A,22674_C|T,22679_T|C,22686_C|T,22688_A|G,22775_G|A,22786_A|C,22792_C|T,22813_G|T,22882_T|G,22992_G|A,22995_C|A,23013_A|C,23040_A|G,23055_A|G,23063_A|T,23075_T|C,23403_A|G,23525_C|T,23599_T|G,23604_C|A,23854_C|A,23948_G|T,24424_A|T,24469_T|A,25000_C|T,25584_C|T,26060_C|T,26270_C|T,26577_C|G,26709_G|A,26858_C|T,27259_A|C,27382_G|C,27383_A|T,27384_T|C,27758_G|A,27760_T|A,27807_C|T,28271_A|T,28311_C|T,28881_G|A,28882_G|A,28883_G|C,29510_A|C,11288_11296,21633_21641,28362_28370
Denmark/DCGC-353141/2022	XG	241_C|T,2832_A|G,3037_C|T,5386_T|G,5672_C|T,5924_G|A,9344_C|T,9424_A|G,9534_C|T,9866_C|T,10029_C|T,10198_C|T,10447_G|A,10449_C|A,12880_C|T,14408_C|T,15714_C|T,17410_C|T,18163_A|G,19855_A|G,19955_C|T,20055_A|G,21618_C|T,21987_G|A,22200_T|G,22578_G|A,22674_C|T,22679_T|C,22686_C|T,22688_A|G,22775_G|A,22786_A|C,22792_C|T,22813_G|T,22882_T|G,22992_G|A,22995_C|A,23013_A|C,23040_A|G,23055_A|G,23063_A|T,23075_T|C,23403_A|G,23525_C|T,23599_T|G,23604_C|A,23854_C|A,23948_G|T,24424_A|T,24469_T|A,25000_C|T,25584_C|T,25672_C|T,26060_C|T,26270_C|T,26577_C|G,26709_G|A,26858_C|T,27259_A|C,27382_G|C,27383_A|T,27384_T|C,27807_C|T,28271_A|T,28311_C|T,28881_G|A,28882_G|A,28883_G|C,29510_A|C,11288_11296,21633_21641,28362_28370
Denmark/DCGC-354715/2022	XG	241_C|T,2832_A|G,3037_C|T,5386_T|G,5672_C|T,5924_G|A,9344_C|T,9424_A|G,9534_C|T,9866_C|T,10029_C|T,10198_C|T,10447_G|A,10449_C|A,12880_C|T,14408_C|T,15714_C|T,17410_C|T,18163_A|G,19855_A|G,19955_C|T,20055_A|G,21618_C|T,21987_G|A,22200_T|G,22578_G|A,22674_C|T,22679_T|C,22686_C|T,22688_A|G,22775_G|A,22786_A|C,22792_C|T,22813_G|T,22882_T|G,22992_G|A,22995_C|A,23013_A|C,23040_A|G,23055_A|G,23063_A|T,23075_T|C,23403_A|G,23525_C|T,23599_T|G,23604_C|A,23854_C|A,23948_G|T,24424_A|T,24469_T|A,25000_C|T,25584_C|T,25672_C|T,26060_C|T,26270_C|T,26577_C|G,26709_G|A,26858_C|T,27259_A|C,27382_G|C,27383_A|T,27384_T|C,27807_C|T,28271_A|T,28311_C|T,28881_G|A,28882_G|A,28883_G|C,29510_A|C,11288_11296,21633_21641,28362_28370
Denmark/DCGC-356148/2022	XG	241_C|T,2832_A|G,3037_C|T,5386_T|G,5672_C|T,5924_G|A,9344_C|T,9424_A|G,9534_C|T,9866_C|T,10029_C|T,10198_C|T,10447_G|A,10449_C|A,12880_C|T,14408_C|T,15714_C|T,17410_C|T,18163_A|G,19855_A|G,19955_C|T,20055_A|G,21618_C|T,21987_G|A,22200_T|G,22578_G|A,22674_C|T,22679_T|C,22686_C|T,22688_A|G,22775_G|A,22786_A|C,22792_C|T,22813_G|T,22882_T|G,22992_G|A,22995_C|A,23013_A|C,23040_A|G,23055_A|G,23063_A|T,23075_T|C,23403_A|G,23525_C|T,23599_T|G,23604_C|A,23854_C|A,23948_G|T,24424_A|T,24469_T|A,25000_C|T,25584_C|T,25672_C|T,26060_C|T,26270_C|T,26577_C|G,26709_G|A,26858_C|T,27259_A|C,27382_G|C,27383_A|T,27384_T|C,27807_C|T,28271_A|T,28311_C|T,28881_G|A,28882_G|A,28883_G|C,29510_A|C,11288_11296,21633_21641,28362_28370
Denmark/DCGC-356565/2022	XG	241_C|T,2832_A|G,3037_C|T,5386_T|G,5672_C|T,5924_G|A,9344_C|T,9424_A|G,9534_C|T,9866_C|T,10029_C|T,10198_C|T,10447_G|A,10449_C|A,12880_C|T,14408_C|T,15714_C|T,17410_C|T,18163_A|G,19855_A|G,19955_C|T,20055_A|G,21618_C|T,22200_T|G,22578_G|A,22674_C|T,22679_T|C,22686_C|T,22688_A|G,22775_G|A,22786_A|C,22792_C|T,22813_G|T,22882_T|G,22992_G|A,22995_C|A,23013_A|C,23040_A|G,23055_A|G,23063_A|T,23075_T|C,23403_A|G,23525_C|T,23599_T|G,23604_C|A,23854_C|A,23948_G|T,24424_A|T,24469_T|A,25000_C|T,25584_C|T,26060_C|T,26270_C|T,26709_G|A,26858_C|T,27259_A|C,27382_G|C,27383_A|T,27384_T|C,27807_C|T,28271_A|T,28311_C|T,28881_G|A,28882_G|A,28883_G|C,29510_A|C,11288_11296,21633_21641,28362_28370
Denmark/DCGC-362382/2022	XG	241_C|T,2832_A|G,3037_C|T,5386_T|G,5672_C|T,5924_G|A,9344_C|T,9424_A|G,9534_C|T,9866_C|T,10029_C|T,10198_C|T,10447_G|A,10449_C|A,12880_C|T,14408_C|T,15277_C|T,15714_C|T,17410_C|T,18163_A|G,19855_A|G,19955_C|T,20055_A|G,21618_C|T,21987_G|A,22200_T|G,22578_G|A,22674_C|T,22679_T|C,22686_C|T,22688_A|G,22775_G|A,22786_A|C,22792_C|T,22813_G|T,22882_T|G,22992_G|A,22995_C|A,23013_A|C,23040_A|G,23055_A|G,23063_A|T,23075_T|C,23403_A|G,23525_C|T,23599_T|G,23604_C|A,23854_C|A,23948_G|T,24424_A|T,24469_T|A,25000_C|T,25584_C|T,25672_C|T,26060_C|T,26270_C|T,26577_C|G,26709_G|A,26858_C|T,27259_A|C,27382_G|C,27383_A|T,27384_T|C,27807_C|T,28271_A|T,28311_C|T,28881_G|A,28882_G|A,28883_G|C,29510_A|C,11288_11296,21633_21641,28362_28370
Denmark/DCGC-362830/2022	XG	241_C|T,2832_A|G,3037_C|T,5386_T|G,5672_C|T,5924_G|A,9344_C|T,9424_A|G,9534_C|T,9866_C|T,10029_C|T,10198_C|T,10447_G|A,10449_C|A,12880_C|T,14408_C|T,15714_C|T,17410_C|T,18163_A|G,19855_A|G,19955_C|T,20055_A|G,21618_C|T,21987_G|A,22200_T|G,22578_G|A,22674_C|T,22679_T|C,22686_C|T,22688_A|G,22775_G|A,22786_A|C,22792_C|T,22813_G|T,22882_T|G,22992_G|A,22995_C|A,23013_A|C,23040_A|G,23055_A|G,23063_A|T,23075_T|C,23403_A|G,23525_C|T,23599_T|G,23604_C|A,23854_C|A,23948_G|T,24424_A|T,24469_T|A,25000_C|T,25584_C|T,25672_C|T,26060_C|T,26270_C|T,26577_C|G,26709_G|A,26858_C|T,27259_A|C,27382_G|C,27383_A|T,27384_T|C,27807_C|T,28271_A|T,28311_C|T,28881_G|A,28882_G|A,28883_G|C,29510_A|C,11288_11296,28362_28370
Denmark/DCGC-362990/2022	XG	241_C|T,2832_A|G,3037_C|T,5386_T|G,5672_C|T,5924_G|A,9344_C|T,9424_A|G,9534_C|T,9866_C|T,10029_C|T,10198_C|T,10447_G|A,10449_C|A,12880_C|T,14408_C|T,15714_C|T,17410_C|T,18163_A|G,19855_A|G,19955_C|T,20055_A|G,21618_C|T,21987_G|A,22200_T|G,22578_G|A,22674_C|T,22679_T|C,22686_C|T,22688_A|G,22775_G|A,22786_A|C,22792_C|T,22813_G|T,22882_T|G,22992_G|A,22995_C|A,23013_A|C,23040_A|G,23055_A|G,23063_A|T,23075_T|C,23403_A|G,23525_C|T,23599_T|G,23604_C|A,23854_C|A,23948_G|T,24424_A|T,24469_T|A,25000_C|T,25584_C|T,25672_C|T,26060_C|T,26270_C|T,26577_C|G,26709_G|A,26858_C|T,27259_A|C,27382_G|C,27383_A|T,27384_T|C,27807_C|T,28271_A|T,28311_C|T,28881_G|A,28882_G|A,28883_G|C,29510_A|C,11288_11296,21633_21641,28362_28370
Denmark/DCGC-364051/2022	XG	241_C|T,2832_A|G,3037_C|T,5386_T|G,5672_C|T,5924_G|A,9344_C|T,9424_A|G,9534_C|T,9866_C|T,10029_C|T,10198_C|T,10447_G|A,10449_C|A,12880_C|T,14408_C|T,15714_C|T,17410_C|T,18163_A|G,19855_A|G,19955_C|T,20055_A|G,21618_C|T,21987_G|A,22200_T|G,22578_G|A,22674_C|T,22679_T|C,22686_C|T,22688_A|G,22775_G|A,22786_A|C,22792_C|T,22813_G|T,22882_T|G,22992_G|A,22995_C|A,23013_A|C,23040_A|G,23055_A|G,23063_A|T,23075_T|C,23403_A|G,23525_C|T,23599_T|G,23604_C|A,23854_C|A,23948_G|T,24424_A|T,24469_T|A,25000_C|T,25584_C|T,26060_C|T,26270_C|T,26577_C|G,26709_G|A,26858_C|T,27259_A|C,27382_G|C,27383_A|T,27384_T|C,27758_G|A,27760_T|A,27807_C|T,28271_A|T,28311_C|T,28881_G|A,28882_G|A,28883_G|C,29510_A|C,11288_11296,21633_21641,28362_28370
Denmark/DCGC-364212/2022	XG	241_C|T,2832_A|G,3037_C|T,5386_T|G,5672_C|T,5924_G|A,9344_C|T,9424_A|G,9534_C|T,9866_C|T,10029_C|T,10198_C|T,10447_G|A,10449_C|A,12880_C|T,14408_C|T,15714_C|T,17410_C|T,18163_A|G,19855_A|G,19955_C|T,20055_A|G,21618_C|T,21987_G|A,22200_T|G,22578_G|A,22674_C|T,22679_T|C,22686_C|T,22688_A|G,22775_G|A,22786_A|C,22792_C|T,22813_G|T,22882_T|G,22992_G|A,22995_C|A,23013_A|C,23040_A|G,23055_A|G,23063_A|T,23075_T|C,23403_A|G,23525_C|T,23599_T|G,23604_C|A,23854_C|A,23948_G|T,24424_A|T,24469_T|A,25000_C|T,25584_C|T,26060_C|T,26270_C|T,26577_C|G,26709_G|A,26858_C|T,27259_A|C,27382_G|C,27383_A|T,27384_T|C,27807_C|T,28271_A|T,28311_C|T,28881_G|A,28882_G|A,28883_G|C,29510_A|C,21633_21641,28362_28370
Denmark/DCGC-369550/2022	XG	241_C|T,2832_A|G,3037_C|T,5386_T|G,5672_C|T,5924_G|A,9344_C|T,9424_A|G,9534_C|T,9866_C|T,10029_C|T,10198_C|T,10447_G|A,10449_C|A,12880_C|T,14408_C|T,15714_C|T,17410_C|T,18163_A|G,19855_A|G,19955_C|T,20055_A|G,21618_C|T,21987_G|A,22200_T|G,22578_G|A,22674_C|T,22679_T|C,22686_C|T,22688_A|G,22775_G|A,22786_A|C,22792_C|T,22813_G|T,22882_T|G,22992_G|A,22995_C|A,23013_A|C,23040_A|G,23055_A|G,23063_A|T,23075_T|C,23403_A|G,23525_C|T,23599_T|G,23604_C|A,23854_C|A,23948_G|T,24424_A|T,24469_T|A,25000_C|T,25584_C|T,25672_C|T,26060_C|T,26062_G|C,26270_C|T,26577_C|G,26709_G|A,26858_C|T,27259_A|C,27382_G|C,27383_A|T,27384_T|C,27807_C|T,28271_A|T,28311_C|T,28881_G|A,28882_G|A,28883_G|C,29140_G|T,29510_A|C,11288_11296,21633_21641,28362_28370
Denmark/DCGC-371136/2022	XG	241_C|T,2832_A|G,3037_C|T,5386_T|G,5672_C|T,5924_G|A,9344_C|T,9424_A|G,9534_C|T,9866_C|T,10029_C|T,10198_C|T,10447_G|A,10449_C|A,12880_C|T,14408_C|T,15277_C|T,15714_C|T,17410_C|T,18163_A|G,19855_A|G,19955_C|T,20055_A|G,21618_C|T,21987_G|A,22200_T|G,22578_G|A,22674_C|T,22679_T|C,22686_C|T,22688_A|G,22775_G|A,22786_A|C,22792_C|T,22813_G|T,22882_T|G,22992_G|A,22995_C|A,23013_A|C,23040_A|G,23055_A|G,23063_A|T,23075_T|C,23403_A|G,23525_C|T,23599_T|G,23604_C|A,23854_C|A,23948_G|T,24424_A|T,24469_T|A,25000_C|T,25584_C|T,25672_C|T,26060_C|T,26270_C|T,26577_C|G,26709_G|A,26858_C|T,27259_A|C,27382_G|C,27383_A|T,27384_T|C,27807_C|T,28271_A|T,28311_C|T,28881_G|A,28882_G|A,28883_G|C,29510_A|C,11288_11296,21633_21641,28362_28370
Denmark/DCGC-371240/2022	XG	241_C|T,2832_A|G,3037_C|T,5386_T|G,5672_C|T,5924_G|A,9344_C|T,9424_A|G,9534_C|T,9866_C|T,10029_C|T,10198_C|T,10447_G|A,10449_C|A,12880_C|T,14408_C|T,15714_C|T,17410_C|T,18163_A|G,19855_A|G,19955_C|T,20055_A|G,21618_C|T,21987_G|A,22200_T|G,22578_G|A,22674_C|T,22679_T|C,22686_C|T,22688_A|G,22775_G|A,22786_A|C,22792_C|T,22813_G|T,22882_T|G,22992_G|A,22995_C|A,23013_A|C,23040_A|G,23055_A|G,23063_A|T,23075_T|C,23403_A|G,23525_C|T,23599_T|G,23604_C|A,23854_C|A,23948_G|T,24424_A|T,24469_T|A,25584_C|T,25672_C|T,26060_C|T,26270_C|T,26709_G|A,26858_C|T,27259_A|C,27382_G|C,27383_A|T,27384_T|C,27807_C|T,28271_A|T,28311_C|T,28881_G|A,28882_G|A,28883_G|C,29510_A|C,11288_11296,21633_21641,28362_28370
Denmark/DCGC-374502/2022	XG	241_C|T,2832_A|G,3037_C|T,5386_T|G,5672_C|T,5924_G|A,9344_C|T,9424_A|G,9534_C|T,9866_C|T,10029_C|T,10198_C|T,10447_G|A,10449_C|A,12880_C|T,14408_C|T,15714_C|T,17410_C|T,18163_A|G,19855_A|G,19955_C|T,20055_A|G,21618_C|T,21987_G|A,22200_T|G,22578_G|A,22674_C|T,22679_T|C,22686_C|T,22688_A|G,22775_G|A,22786_A|C,22792_C|T,22813_G|T,22882_T|G,22992_G|A,22995_C|A,23013_A|C,23040_A|G,23055_A|G,23063_A|T,23075_T|C,23403_A|G,23525_C|T,23599_T|G,23604_C|A,23854_C|A,23948_G|T,24424_A|T,24469_T|A,25000_C|T,25584_C|T,25672_C|T,26060_C|T,26270_C|T,26577_C|G,26709_G|A,26858_C|T,27259_A|C,27382_G|C,27383_A|T,27384_T|C,27807_C|T,28271_A|T,28311_C|T,28881_G|A,28882_G|A,28883_G|C,29510_A|C,21633_21641,28362_28370
Denmark/DCGC-376006/2022	XG	241_C|T,2832_A|G,3037_C|T,5386_T|G,5672_C|T,5924_G|A,9344_C|T,9424_A|G,9534_C|T,9866_C|T,10029_C|T,10198_C|T,10447_G|A,10449_C|A,12880_C|T,14408_C|T,15714_C|T,17410_C|T,18163_A|G,19855_A|G,19955_C|T,20055_A|G,21618_C|T,21987_G|A,22200_T|G,22578_G|A,22674_C|T,22679_T|C,22686_C|T,22688_A|G,22775_G|A,22786_A|C,22792_C|T,22813_G|T,22882_T|G,22992_G|A,22995_C|A,23013_A|C,23040_A|G,23055_A|G,23063_A|T,23075_T|C,23403_A|G,23525_C|T,23599_T|G,23604_C|A,23854_C|A,23948_G|T,24424_A|T,24469_T|A,25000_C|T,25584_C|T,25672_C|T,25822_A|G,26060_C|T,26270_C|T,26577_C|G,26709_G|A,26858_C|T,27259_A|C,27382_G|C,27383_A|T,27384_T|C,27807_C|T,28271_A|T,28311_C|T,28881_G|A,28882_G|A,28883_G|C,29510_A|C,21633_21641,28362_28370
Denmark/DCGC-376578/2022	XG	241_C|T,2832_A|G,3037_C|T,5386_T|G,5672_C|T,5924_G|A,9344_C|T,9424_A|G,9534_C|T,9866_C|T,10029_C|T,10198_C|T,10447_G|A,10449_C|A,12880_C|T,14408_C|T,15714_C|T,17410_C|T,18163_A|G,19855_A|G,19955_C|T,20055_A|G,21618_C|T,21987_G|A,22200_T|G,22578_G|A,22674_C|T,22679_T|C,22686_C|T,22688_A|G,22775_G|A,22786_A|C,22792_C|T,22813_G|T,22882_T|G,22992_G|A,22995_C|A,23013_A|C,23040_A|G,23055_A|G,23063_A|T,23075_T|C,23403_A|G,23525_C|T,23599_T|G,23604_C|A,23854_C|A,23948_G|T,24424_A|T,24469_T|A,25000_C|T,25584_C|T,25672_C|T,26060_C|T,26270_C|T,26577_C|G,26709_G|A,26858_C|T,27259_A|C,27382_G|C,27383_A|T,27384_T|C,27807_C|T,28271_A|T,28311_C|T,28881_G|A,28882_G|A,28883_G|C,29425_G|A,29510_A|C,21633_21641,28362_28370
Denmark/DCGC-377399/2022	XG	241_C|T,557_G|A,2832_A|G,3037_C|T,5386_T|G,5672_C|T,5924_G|A,9344_C|T,9424_A|G,9534_C|T,9866_C|T,10029_C|T,10198_C|T,10447_G|A,10449_C|A,12880_C|T,14408_C|T,15714_C|T,17410_C|T,18163_A|G,19855_A|G,19955_C|T,20055_A|G,21618_C|T,21987_G|A,22200_T|G,22578_G|A,22674_C|T,22679_T|C,22686_C|T,22688_A|G,22775_G|A,22786_A|C,22792_C|T,22813_G|T,22882_T|G,22992_G|A,22995_C|A,23013_A|C,23040_A|G,23055_A|G,23063_A|T,23075_T|C,23403_A|G,23525_C|T,23599_T|G,23604_C|A,23854_C|A,23948_G|T,24424_A|T,24469_T|A,25000_C|T,25584_C|T,25672_C|T,26060_C|T,26270_C|T,26577_C|G,26709_G|A,26858_C|T,27259_A|C,27382_G|C,27383_A|T,27384_T|C,27807_C|T,28271_A|T,28311_C|T,28881_G|A,28882_G|A,28883_G|C,29510_A|C,11288_11296,21633_21641,28362_28370
Denmark/DCGC-377507/2022	XG	241_C|T,2832_A|G,3037_C|T,5386_T|G,5672_C|T,5924_G|A,9344_C|T,9424_A|G,9534_C|T,9866_C|T,10029_C|T,10198_C|T,10447_G|A,10449_C|A,12880_C|T,14408_C|T,15714_C|T,17410_C|T,18163_A|G,19855_A|G,19955_C|T,20055_A|G,21618_C|T,21987_G|A,22200_T|G,22578_G|A,22674_C|T,22679_T|C,22686_C|T,22688_A|G,22775_G|A,22786_A|C,22792_C|T,22813_G|T,22882_T|G,22992_G|A,22995_C|A,23013_A|C,23040_A|G,23055_A|G,23063_A|T,23075_T|C,23403_A|G,23525_C|T,23599_T|G,23604_C|A,23854_C|A,23948_G|T,24424_A|T,24469_T|A,25000_C|T,25584_C|T,25672_C|T,26060_C|T,26270_C|T,26577_C|G,26709_G|A,26858_C|T,27259_A|C,27382_G|C,27383_A|T,27384_T|C,27807_C|T,28271_A|T,28311_C|T,28881_G|A,28882_G|A,28883_G|C,29510_A|C,11288_11296,21633_21641,28362_28370
Denmark/DCGC-380636/2022	XG	241_C|T,557_G|A,2832_A|G,3037_C|T,5386_T|G,5672_C|T,5924_G|A,9344_C|T,9424_A|G,9534_C|T,9866_C|T,10029_C|T,10198_C|T,10447_G|A,10449_C|A,12880_C|T,14408_C|T,15714_C|T,17410_C|T,18163_A|G,19855_A|G,19955_C|T,20055_A|G,21618_C|T,21987_G|A,22200_T|G,22578_G|A,22674_C|T,22679_T|C,22686_C|T,22688_A|G,22775_G|A,22786_A|C,22792_C|T,22813_G|T,22882_T|G,22992_G|A,22995_C|A,23013_A|C,23040_A|G,23055_A|G,23063_A|T,23075_T|C,23403_A|G,23525_C|T,23599_T|G,23604_C|A,23854_C|A,23948_G|T,24424_A|T,24469_T|A,25000_C|T,25584_C|T,25672_C|T,26060_C|T,26270_C|T,26577_C|G,26709_G|A,26858_C|T,27259_A|C,27382_G|C,27383_A|T,27384_T|C,27807_C|T,28271_A|T,28311_C|T,28881_G|A,28882_G|A,28883_G|C,29510_A|C,11288_11296,21633_21641,28362_28370
Denmark/DCGC-381946/2022	XG	241_C|T,2832_A|G,3037_C|T,5386_T|G,5672_C|T,5924_G|A,9344_C|T,9424_A|G,9534_C|T,9866_C|T,10029_C|T,10198_C|T,10447_G|A,10449_C|A,12880_C|T,14408_C|T,15277_C|T,15714_C|T,17410_C|T,18163_A|G,19855_A|G,19955_C|T,20055_A|G,21110_C|T,21618_C|T,21987_G|A,22200_T|G,22578_G|A,22674_C|T,22679_T|C,22686_C|T,22688_A|G,22775_G|A,22786_A|C,22792_C|T,22813_G|T,22882_T|G,22992_G|A,22995_C|A,23013_A|C,23040_A|G,23055_A|G,23063_A|T,23075_T|C,23403_A|G,23525_C|T,23599_T|G,23604_C|A,23854_C|A,23948_G|T,24424_A|T,24469_T|A,25000_C|T,25584_C|T,25672_C|T,26060_C|T,26270_C|T,26709_G|A,26858_C|T,27259_A|C,27382_G|C,27383_A|T,27384_T|C,27807_C|T,28271_A|T,28311_C|T,28881_G|A,28882_G|A,28883_G|C,29510_A|C,29734_G|T,28362_28370
Denmark/DCGC-383024/2022	XG	241_C|T,1389_A|G,2832_A|G,3037_C|T,5386_T|G,5672_C|T,5924_G|A,9344_C|T,9424_A|G,9534_C|T,9866_C|T,10029_C|T,10198_C|T,10447_G|A,10449_C|A,12880_C|T,14408_C|T,15714_C|T,17410_C|T,18163_A|G,19855_A|G,19955_C|T,20055_A|G,21618_C|T,21987_G|A,22200_T|G,22578_G|A,22674_C|T,22679_T|C,22686_C|T,22688_A|G,22775_G|A,22786_A|C,22792_C|T,22813_G|T,22882_T|G,22992_G|A,22995_C|A,23013_A|C,23040_A|G,23055_A|G,23063_A|T,23075_T|C,23403_A|G,23525_C|T,23599_T|G,23604_C|A,23854_C|A,23948_G|T,24424_A|T,24469_T|A,25000_C|T,25584_C|T,26060_C|T,26270_C|T,26709_G|A,26858_C|T,27259_A|C,27382_G|C,27383_A|T,27384_T|C,27807_C|T,28271_A|T,28311_C|T,28881_G|A,28882_G|A,28883_G|C,29510_A|C,11288_11296,21633_21641,28362_28370
Denmark/DCGC-384613/2022	XG	241_C|T,2832_A|G,3037_C|T,5386_T|G,5672_C|T,5924_G|A,9344_C|T,9424_A|G,9534_C|T,9866_C|T,10029_C|T,10198_C|T,10447_G|A,10449_C|A,12880_C|T,14408_C|T,15714_C|T,17410_C|T,18163_A|G,19855_A|G,19955_C|T,20055_A|G,21618_C|T,21987_G|A,22200_T|G,22578_G|A,22674_C|T,22679_T|C,22686_C|T,22688_A|G,22775_G|A,22786_A|C,22792_C|T,22813_G|T,22882_T|G,22992_G|A,22995_C|A,23013_A|C,23040_A|G,23055_A|G,23063_A|T,23075_T|C,23403_A|G,23525_C|T,23599_T|G,23604_C|A,23854_C|A,23948_G|T,24424_A|T,24469_T|A,25000_C|T,25584_C|T,25672_C|T,26060_C|T,26270_C|T,26709_G|A,26858_C|T,27259_A|C,27382_G|C,27383_A|T,27384_T|C,27807_C|T,28271_A|T,28311_C|T,28881_G|A,28882_G|A,28883_G|C,29510_A|C,11288_11296,21633_21641,28362_28370
Denmark/DCGC-385020/2022	XG	241_C|T,2832_A|G,3037_C|T,5386_T|G,5672_C|T,5924_G|A,9344_C|T,9424_A|G,9534_C|T,9866_C|T,10029_C|T,10198_C|T,10447_G|A,10449_C|A,12880_C|T,14408_C|T,15714_C|T,17410_C|T,18163_A|G,19855_A|G,19955_C|T,20055_A|G,21618_C|T,21987_G|A,22200_T|G,22578_G|A,22674_C|T,22679_T|C,22686_C|T,22688_A|G,22775_G|A,22786_A|C,22792_C|T,22813_G|T,22882_T|G,22992_G|A,22995_C|A,23013_A|C,23040_A|G,23055_A|G,23063_A|T,23075_T|C,23403_A|G,23525_C|T,23599_T|G,23604_C|A,23854_C|A,23948_G|T,24424_A|T,24469_T|A,25000_C|T,25584_C|T,25672_C|T,26060_C|T,26270_C|T,26577_C|G,26709_G|A,26858_C|T,27259_A|C,27382_G|C,27383_A|T,27384_T|C,27807_C|T,28271_A|T,28311_C|T,28881_G|A,28882_G|A,28883_G|C,29510_A|C,11288_11296,21633_21641,28362_28370
Denmark/DCGC-385451/2022	XG	241_C|T,2832_A|G,3037_C|T,5386_T|G,5672_C|T,5924_G|A,9344_C|T,9424_A|G,9534_C|T,9866_C|T,10029_C|T,10198_C|T,10447_G|A,10449_C|A,12880_C|T,14408_C|T,15714_C|T,17410_C|T,18163_A|G,19855_A|G,19955_C|T,20055_A|G,21618_C|T,21987_G|A,22200_T|G,22578_G|A,22674_C|T,22679_T|C,22686_C|T,22688_A|G,22775_G|A,22786_A|C,22792_C|T,22813_G|T,22882_T|G,22992_G|A,22995_C|A,23013_A|C,23040_A|G,23055_A|G,23063_A|T,23075_T|C,23403_A|G,23525_C|T,23599_T|G,23604_C|A,23854_C|A,23948_G|T,24424_A|T,24469_T|A,25000_C|T,25584_C|T,26060_C|T,26270_C|T,26577_C|G,26709_G|A,26858_C|T,27259_A|C,27382_G|C,27383_A|T,27384_T|C,27807_C|T,28271_A|T,28311_C|T,28881_G|A,28882_G|A,28883_G|C,29510_A|C,11288_11296,21633_21641,28362_28370
Denmark/DCGC-385880/2022	XG	241_C|T,2832_A|G,3037_C|T,5386_T|G,5672_C|T,5924_G|A,9344_C|T,9424_A|G,9534_C|T,9866_C|T,10029_C|T,10198_C|T,10447_G|A,10449_C|A,12880_C|T,14408_C|T,15714_C|T,17410_C|T,18163_A|G,19855_A|G,19955_C|T,20055_A|G,21618_C|T,21987_G|A,22200_T|G,22578_G|A,22674_C|T,22679_T|C,22686_C|T,22688_A|G,22775_G|A,22786_A|C,22792_C|T,22813_G|T,22882_T|G,22992_G|A,22995_C|A,23013_A|C,23040_A|G,23055_A|G,23063_A|T,23075_T|C,23403_A|G,23525_C|T,23599_T|G,23604_C|A,23854_C|A,23948_G|T,24358_C|A,24424_A|T,24469_T|A,25000_C|T,25584_C|T,26060_C|T,26270_C|T,26577_C|G,26709_G|A,26858_C|T,27259_A|C,27382_G|C,27383_A|T,27384_T|C,27807_C|T,28271_A|T,28311_C|T,28881_G|A,28882_G|A,28883_G|C,29510_A|C,11288_11296,21633_21641,28362_28370
Denmark/DCGC-386061/2022	XG	241_C|T,2832_A|G,3037_C|T,5386_T|G,5672_C|T,5924_G|A,9344_C|T,9424_A|G,9534_C|T,9866_C|T,10029_C|T,10198_C|T,10447_G|A,10449_C|A,12880_C|T,14408_C|T,15714_C|T,17410_C|T,18163_A|G,19855_A|G,19955_C|T,20055_A|G,21618_C|T,22200_T|G,22346_G|T,22578_G|A,22674_C|T,22679_T|C,22686_C|T,22688_A|G,22775_G|A,22786_A|C,22792_C|T,22813_G|T,22882_T|G,22992_G|A,22995_C|A,23013_A|C,23040_A|G,23055_A|G,23063_A|T,23075_T|C,23403_A|G,23525_C|T,23599_T|G,23604_C|A,23854_C|A,23948_G|T,24424_A|T,24469_T|A,25000_C|T,25584_C|T,25672_C|T,26060_C|T,26270_C|T,26709_G|A,26858_C|T,27259_A|C,27382_G|C,27383_A|T,27384_T|C,27807_C|T,28271_A|T,28311_C|T,28881_G|A,28882_G|A,28883_G|C,29510_A|C,11288_11296,21633_21641,28362_28370
Denmark/DCGC-386998/2022	XG	241_C|T,2832_A|G,3037_C|T,5386_T|G,5672_C|T,5924_G|A,9344_C|T,9424_A|G,9534_C|T,9866_C|T,10029_C|T,10198_C|T,10447_G|A,10449_C|A,11296_T|G,12880_C|T,14408_C|T,15277_C|T,15714_C|T,17410_C|T,18163_A|G,19855_A|G,19955_C|T,20055_A|G,21618_C|T,21987_G|A,22200_T|G,22578_G|A,22674_C|T,22679_T|C,22686_C|T,22688_A|G,22775_G|A,22786_A|C,22792_C|T,22813_G|T,22882_T|G,22992_G|A,22995_C|A,23013_A|C,23040_A|G,23055_A|G,23063_A|T,23075_T|C,23403_A|G,23525_C|T,23599_T|G,23604_C|A,23854_C|A,23948_G|T,24172_T|A,24424_A|T,24469_T|A,25000_C|T,25584_C|T,25672_C|T,26060_C|T,26270_C|T,26577_C|G,26709_G|A,26858_C|T,27259_A|C,27382_G|C,27383_A|T,27384_T|C,27807_C|T,28271_A|T,28311_C|T,28881_G|A,28882_G|A,28883_G|C,29510_A|C,21633_21641,28362_28370
Denmark/DCGC-387544/2022	XG	241_C|T,2832_A|G,3037_C|T,5386_T|G,5672_C|T,5924_G|A,9344_C|T,9424_A|G,9534_C|T,9866_C|T,10029_C|T,10198_C|T,10447_G|A,10449_C|A,12880_C|T,14408_C|T,15714_C|T,17410_C|T,18163_A|G,19855_A|G,19955_C|T,20055_A|G,21618_C|T,21987_G|A,22200_T|G,22578_G|A,22674_C|T,22679_T|C,22686_C|T,22688_A|G,22775_G|A,22786_A|C,22792_C|T,22813_G|T,22882_T|G,22992_G|A,22995_C|A,23013_A|C,23040_A|G,23055_A|G,23063_A|T,23075_T|C,23403_A|G,23525_C|T,23599_T|G,23604_C|A,23854_C|A,23948_G|T,24424_A|T,24469_T|A,25000_C|T,25584_C|T,25672_C|T,26060_C|T,26270_C|T,26709_G|A,26858_C|T,27259_A|C,27382_G|C,27383_A|T,27384_T|C,27807_C|T,28271_A|T,28311_C|T,28881_G|A,28882_G|A,28883_G|C,29140_G|T,29510_A|C,11288_11296,21633_21641,28362_28370
Denmark/DCGC-388727/2022	XG	241_C|T,2832_A|G,3037_C|T,5386_T|G,5672_C|T,5924_G|A,9344_C|T,9424_A|G,9534_C|T,9866_C|T,10029_C|T,10198_C|T,10447_G|A,10449_C|A,12880_C|T,14408_C|T,15277_C|T,15714_C|T,17410_C|T,18163_A|G,19855_A|G,19955_C|T,20055_A|G,21618_C|T,21987_G|A,22200_T|G,22578_G|A,22674_C|T,22679_T|C,22686_C|T,22688_A|G,22775_G|A,22786_A|C,22792_C|T,22813_G|T,22882_T|G,22992_G|A,22995_C|A,23013_A|C,23040_A|G,23055_A|G,23063_A|T,23075_T|C,23403_A|G,23525_C|T,23599_T|G,23604_C|A,23854_C|A,23948_G|T,24424_A|T,24469_T|A,25000_C|T,25584_C|T,25672_C|T,26060_C|T,26270_C|T,26577_C|G,26709_G|A,26858_C|T,27259_A|C,27382_G|C,27383_A|T,27384_T|C,27807_C|T,28271_A|T,28311_C|T,28881_G|A,28882_G|A,28883_G|C,29510_A|C,11288_11296,21633_21641,28362_28370
Denmark/DCGC-389423/2022	XG	241_C|T,2832_A|G,3037_C|T,5386_T|G,5672_C|T,5924_G|A,9344_C|T,9424_A|G,9534_C|T,9866_C|T,10029_C|T,10198_C|T,10447_G|A,10449_C|A,12880_C|T,14408_C|T,15714_C|T,17410_C|T,18163_A|G,19855_A|G,19955_C|T,20055_A|G,21618_C|T,21987_G|A,22200_T|G,22578_G|A,22674_C|T,22679_T|C,22686_C|T,22688_A|G,22775_G|A,22786_A|C,22792_C|T,22813_G|T,22882_T|G,22992_G|A,22995_C|A,23013_A|C,23040_A|G,23055_A|G,23063_A|T,23075_T|C,23403_A|G,23525_C|T,23599_T|G,23604_C|A,23854_C|A,23948_G|T,24424_A|T,24469_T|A,25000_C|T,25584_C|T,25672_C|T,26060_C|T,26270_C|T,26709_G|A,26858_C|T,27259_A|C,27382_G|C,27383_A|T,27384_T|C,27807_C|T,28271_A|T,28311_C|T,28881_G|A,28882_G|A,28883_G|C,29510_A|C,11288_11296,21633_21641,28362_28370
Denmark/DCGC-390017/2022	XG	241_C|T,2832_A|G,3037_C|T,5386_T|G,5672_C|T,5924_G|A,9344_C|T,9424_A|G,9534_C|T,9866_C|T,10029_C|T,10198_C|T,10447_G|A,10449_C|A,12880_C|T,14408_C|T,15714_C|T,17410_C|T,18163_A|G,19855_A|G,19955_C|T,20055_A|G,21618_C|T,21987_G|A,22200_T|G,22578_G|A,22674_C|T,22679_T|C,22686_C|T,22688_A|G,22775_G|A,22786_A|C,22792_C|T,22813_G|T,22882_T|G,22992_G|A,22995_C|A,23013_A|C,23040_A|G,23055_A|G,23063_A|T,23075_T|C,23403_A|G,23525_C|T,23599_T|G,23604_C|A,23854_C|A,23948_G|T,24424_A|T,24469_T|A,25000_C|T,25584_C|T,25672_C|T,26060_C|T,26270_C|T,26577_C|G,26709_G|A,26858_C|T,27259_A|C,27382_G|C,27383_A|T,27384_T|C,27807_C|T,28271_A|T,28311_C|T,28881_G|A,28882_G|A,28883_G|C,29510_A|C,11288_11296,28362_28370
Denmark/DCGC-390134/2022	XG	241_C|T,2832_A|G,3037_C|T,4907_G|A,5386_T|G,5672_C|T,5924_G|A,9344_C|T,9424_A|G,9534_C|T,9866_C|T,10029_C|T,10198_C|T,10447_G|A,10449_C|A,12880_C|T,14408_C|T,15714_C|T,17410_C|T,18163_A|G,18814_C|T,19855_A|G,19955_C|T,20055_A|G,21618_C|T,21987_G|A,22200_T|G,22578_G|A,22674_C|T,22679_T|C,22686_C|T,22688_A|G,22775_G|A,22786_A|C,22792_C|T,22813_G|T,22882_T|G,22992_G|A,22995_C|A,23013_A|C,23040_A|G,23055_A|G,23063_A|T,23075_T|C,23403_A|G,23525_C|T,23599_T|G,23604_C|A,23854_C|A,23948_G|T,24424_A|T,24469_T|A,25000_C|T,25584_C|T,26060_C|T,26270_C|T,26577_C|G,26709_G|A,26858_C|T,27259_A|C,27382_G|C,27383_A|T,27384_T|C,27807_C|T,28271_A|T,28311_C|T,28881_G|A,28882_G|A,28883_G|C,29510_A|C,11288_11296,28362_28370
Denmark/DCGC-390140/2022	XG	241_C|T,2832_A|G,3037_C|T,5386_T|G,5672_C|T,5924_G|A,9344_C|T,9424_A|G,9534_C|T,9866_C|T,10029_C|T,10198_C|T,10447_G|A,10449_C|A,12880_C|T,14408_C|T,15714_C|T,17410_C|T,18163_A|G,19855_A|G,19955_C|T,20055_A|G,21618_C|T,21987_G|A,22200_T|G,22578_G|A,22674_C|T,22679_T|C,22686_C|T,22688_A|G,22775_G|A,22786_A|C,22792_C|T,22813_G|T,22882_T|G,22992_G|A,22995_C|A,23013_A|C,23040_A|G,23055_A|G,23063_A|T,23075_T|C,23403_A|G,23525_C|T,23599_T|G,23604_C|A,23854_C|A,23948_G|T,24424_A|T,24469_T|A,25000_C|T,25584_C|T,25672_C|T,26060_C|T,26270_C|T,26577_C|G,26709_G|A,26858_C|T,27259_A|C,27382_G|C,27383_A|T,27384_T|C,27807_C|T,28271_A|T,28311_C|T,28881_G|A,28882_G|A,28883_G|C,29510_A|C,11288_11296,21633_21641,28362_28370
Denmark/DCGC-390760/2022	XG	241_C|T,2832_A|G,3037_C|T,5386_T|G,5672_C|T,5924_G|A,9344_C|T,9424_A|G,9534_C|T,9866_C|T,10029_C|T,10198_C|T,10447_G|A,10449_C|A,12880_C|T,14408_C|T,15714_C|T,17410_C|T,18163_A|G,19855_A|G,19955_C|T,20055_A|G,21618_C|T,21987_G|A,22200_T|G,22578_G|A,22674_C|T,22679_T|C,22686_C|T,22688_A|G,22775_G|A,22786_A|C,22792_C|T,22813_G|T,22882_T|G,22992_G|A,22995_C|A,23013_A|C,23040_A|G,23055_A|G,23063_A|T,23075_T|C,23403_A|G,23525_C|T,23599_T|G,23604_C|A,23854_C|A,23948_G|T,24424_A|T,24469_T|A,25000_C|T,25584_C|T,25672_C|T,26060_C|T,26270_C|T,26577_C|G,26709_G|A,26858_C|T,27259_A|C,27382_G|C,27383_A|T,27384_T|C,27807_C|T,28271_A|T,28311_C|T,28881_G|A,28882_G|A,28883_G|C,29510_A|C,11288_11296,21633_21641,28362_28370
Denmark/DCGC-392734/2022	XG	241_C|T,2832_A|G,3037_C|T,5386_T|G,5672_C|T,5924_G|A,9344_C|T,9424_A|G,9534_C|T,9866_C|T,10029_C|T,10198_C|T,10447_G|A,10449_C|A,12880_C|T,14408_C|T,15277_C|T,15714_C|T,17410_C|T,18163_A|G,19855_A|G,19955_C|T,20055_A|G,21110_C|T,21618_C|T,21987_G|A,22200_T|G,22578_G|A,22674_C|T,22679_T|C,22686_C|T,22688_A|G,22775_G|A,22786_A|C,22792_C|T,22813_G|T,22882_T|G,22992_G|A,22995_C|A,23013_A|C,23040_A|G,23055_A|G,23063_A|T,23075_T|C,23403_A|G,23525_C|T,23599_T|G,23604_C|A,23854_C|A,23948_G|T,24424_A|T,24469_T|A,25000_C|T,25584_C|T,25672_C|T,26060_C|T,26270_C|T,26577_C|G,26709_G|A,26858_C|T,27259_A|C,27382_G|C,27383_A|T,27384_T|C,27807_C|T,28271_A|T,28311_C|T,28881_G|A,28882_G|A,28883_G|C,29510_A|C,11288_11296,21633_21641,28362_28370
Denmark/DCGC-393334/2022	XG	241_C|T,2832_A|G,3037_C|T,5386_T|G,5672_C|T,5924_G|A,9344_C|T,9424_A|G,9534_C|T,9866_C|T,10029_C|T,10198_C|T,10447_G|A,10449_C|A,12880_C|T,14408_C|T,15714_C|T,17410_C|T,18163_A|G,19855_A|G,19955_C|T,20055_A|G,20483_C|T,21618_C|T,21987_G|A,22200_T|G,22578_G|A,22674_C|T,22679_T|C,22686_C|T,22688_A|G,22775_G|A,22786_A|C,22792_C|T,22813_G|T,22882_T|G,22992_G|A,22995_C|A,23013_A|C,23040_A|G,23055_A|G,23063_A|T,23075_T|C,23403_A|G,23525_C|T,23599_T|G,23604_C|A,23854_C|A,23948_G|T,24424_A|T,24469_T|A,25000_C|T,25584_C|T,26060_C|T,26270_C|T,26577_C|G,26709_G|A,26858_C|T,27259_A|C,27382_G|C,27383_A|T,27384_T|C,27807_C|T,28271_A|T,28311_C|T,28881_G|A,28882_G|A,28883_G|C,29510_A|C,11288_11296,21633_21641,28362_28370
Denmark/DCGC-393650/2022	XG	241_C|T,2832_A|G,3037_C|T,5386_T|G,5672_C|T,5924_G|A,9344_C|T,9424_A|G,9534_C|T,9866_C|T,10029_C|T,10198_C|T,10447_G|A,10449_C|A,12880_C|T,14408_C|T,15714_C|T,17410_C|T,18163_A|G,19855_A|G,19955_C|T,20055_A|G,21618_C|T,21987_G|A,22200_T|G,22578_G|A,22674_C|T,22679_T|C,22686_C|T,22688_A|G,22775_G|A,22786_A|C,22792_C|T,22813_G|T,22882_T|G,22992_G|A,22995_C|A,23013_A|C,23040_A|G,23055_A|G,23063_A|T,23075_T|C,23403_A|G,23525_C|T,23599_T|G,23604_C|A,23854_C|A,23948_G|T,24424_A|T,24469_T|A,25000_C|T,25584_C|T,25672_C|T,26060_C|T,26270_C|T,26577_C|G,26709_G|A,26858_C|T,27259_A|C,27382_G|C,27383_A|T,27384_T|C,27807_C|T,28271_A|T,28311_C|T,28765_A|C,28881_G|A,28882_G|A,28883_G|C,29510_A|C,11288_11296,21633_21641,28362_28370
Denmark/DCGC-393799/2022	XG	241_C|T,2832_A|G,3037_C|T,5386_T|G,5672_C|T,5924_G|A,9344_C|T,9424_A|G,9534_C|T,9866_C|T,10029_C|T,10198_C|T,10447_G|A,10449_C|A,12880_C|T,14408_C|T,15714_C|T,17410_C|T,18163_A|G,19855_A|G,19955_C|T,20055_A|G,21618_C|T,21987_G|A,22200_T|G,22578_G|A,22674_C|T,22679_T|C,22686_C|T,22688_A|G,22775_G|A,22786_A|C,22792_C|T,22813_G|T,22882_T|G,22992_G|A,22995_C|A,23013_A|C,23040_A|G,23055_A|G,23063_A|T,23075_T|C,23403_A|G,23525_C|T,23599_T|G,23604_C|A,23854_C|A,23948_G|T,24424_A|T,24469_T|A,25000_C|T,25584_C|T,26060_C|T,26270_C|T,26577_C|G,26709_G|A,26858_C|T,27259_A|C,27382_G|C,27383_A|T,27384_T|C,27807_C|T,28271_A|T,28311_C|T,28881_G|A,28882_G|A,28883_G|C,29510_A|C,11288_11296,28362_28370
Denmark/DCGC-394377/2022	XG	241_C|T,2832_A|G,3037_C|T,5386_T|G,5672_C|T,5924_G|A,9344_C|T,9424_A|G,9534_C|T,9866_C|T,10029_C|T,10198_C|T,10447_G|A,10449_C|A,12880_C|T,14408_C|T,15714_C|T,16323_C|T,17410_C|T,18163_A|G,19524_C|T,19855_A|G,19955_C|T,20055_A|G,21618_C|T,21987_G|A,22200_T|G,22578_G|A,22674_C|T,22679_T|C,22686_C|T,22688_A|G,22775_G|A,22786_A|C,22792_C|T,22813_G|T,22882_T|G,22992_G|A,22995_C|A,23013_A|C,23040_A|G,23055_A|G,23063_A|T,23075_T|C,23403_A|G,23525_C|T,23599_T|G,23604_C|A,23854_C|A,23948_G|T,24424_A|T,24469_T|A,25000_C|T,25584_C|T,25672_C|T,26060_C|T,26270_C|T,26577_C|G,26709_G|A,26858_C|T,27259_A|C,27382_G|C,27383_A|T,27384_T|C,27807_C|T,28271_A|T,28311_C|T,28881_G|A,28882_G|A,28883_G|C,29510_A|C,11288_11296,21633_21641,28362_28370
Denmark/DCGC-394872/2022	XG	241_C|T,2832_A|G,3037_C|T,5386_T|G,5672_C|T,5924_G|A,9344_C|T,9424_A|G,9534_C|T,9866_C|T,10029_C|T,10198_C|T,10447_G|A,10449_C|A,12880_C|T,14408_C|T,15714_C|T,17410_C|T,18163_A|G,19855_A|G,19955_C|T,20055_A|G,21618_C|T,21987_G|A,22200_T|G,22578_G|A,22674_C|T,22679_T|C,22686_C|T,22688_A|G,22775_G|A,22786_A|C,22792_C|T,22813_G|T,22882_T|G,22992_G|A,22995_C|A,23013_A|C,23040_A|G,23055_A|G,23063_A|T,23075_T|C,23403_A|G,23525_C|T,23599_T|G,23604_C|A,23854_C|A,23948_G|T,24424_A|T,24469_T|A,25000_C|T,25584_C|T,26060_C|T,26270_C|T,26577_C|G,26709_G|A,26858_C|T,27259_A|C,27382_G|C,27383_A|T,27384_T|C,27807_C|T,28271_A|T,28311_C|T,28878_G|C,28881_G|A,28882_G|A,28883_G|C,29510_A|C,11288_11296,21633_21641,28362_28370
Denmark/DCGC-395715/2022	XG	241_C|T,2832_A|G,3037_C|T,5386_T|G,5672_C|T,5924_G|A,9344_C|T,9424_A|G,9534_C|T,9866_C|T,10029_C|T,10198_C|T,10447_G|A,10449_C|A,12880_C|T,14408_C|T,15714_C|T,17410_C|T,18163_A|G,19855_A|G,19955_C|T,20055_A|G,21618_C|T,21987_G|A,22200_T|G,22578_G|A,22674_C|T,22679_T|C,22686_C|T,22688_A|G,22775_G|A,22786_A|C,22792_C|T,22813_G|T,22882_T|G,22992_G|A,22995_C|A,23013_A|C,23040_A|G,23055_A|G,23063_A|T,23075_T|C,23403_A|G,23525_C|T,23599_T|G,23604_C|A,23854_C|A,23948_G|T,24424_A|T,24469_T|A,25000_C|T,25584_C|T,26060_C|T,26270_C|T,26577_C|G,26709_G|A,26858_C|T,26873_C|T,27259_A|C,27382_G|C,27383_A|T,27384_T|C,27807_C|T,28271_A|T,28311_C|T,28881_G|A,28882_G|A,28883_G|C,29510_A|C,11288_11296,21633_21641,28362_28370
Denmark/DCGC-395735/2022	XG	241_C|T,2832_A|G,3037_C|T,5386_T|G,5672_C|T,5924_G|A,9344_C|T,9424_A|G,9534_C|T,9866_C|T,10029_C|T,10198_C|T,10447_G|A,10449_C|A,12880_C|T,14408_C|T,15277_C|T,15714_C|T,17410_C|T,18163_A|G,19855_A|G,19955_C|T,20055_A|G,21618_C|T,21987_G|A,22200_T|G,22578_G|A,22674_C|T,22679_T|C,22686_C|T,22688_A|G,22775_G|A,22786_A|C,22792_C|T,22813_G|T,22882_T|G,22992_G|A,22995_C|A,23013_A|C,23040_A|G,23055_A|G,23063_A|T,23075_T|C,23403_A|G,23525_C|T,23599_T|G,23604_C|A,23854_C|A,23948_G|T,24424_A|T,24469_T|A,25000_C|T,25584_C|T,25672_C|T,26060_C|T,26270_C|T,26577_C|G,26709_G|A,26858_C|T,27259_A|C,27382_G|C,27383_A|T,27384_T|C,27807_C|T,28271_A|T,28311_C|T,28881_G|A,28882_G|A,28883_G|C,29510_A|C,11288_11296,21633_21641,28362_28370
Denmark/DCGC-395979/2022	XG	241_C|T,2832_A|G,3037_C|T,5386_T|G,5672_C|T,5924_G|A,9344_C|T,9424_A|G,9534_C|T,9866_C|T,10029_C|T,10198_C|T,10447_G|A,10449_C|A,12880_C|T,14408_C|T,14664_A|G,15714_C|T,17410_C|T,18163_A|G,19855_A|G,19955_C|T,20055_A|G,21618_C|T,21987_G|A,22200_T|G,22578_G|A,22674_C|T,22679_T|C,22686_C|T,22688_A|G,22775_G|A,22786_A|C,22792_C|T,22813_G|T,22882_T|G,22992_G|A,22995_C|A,23013_A|C,23040_A|G,23055_A|G,23063_A|T,23075_T|C,23403_A|G,23525_C|T,23599_T|G,23604_C|A,23854_C|A,23948_G|T,24424_A|T,24469_T|A,25000_C|T,25584_C|T,25672_C|T,26060_C|T,26270_C|T,26577_C|G,26709_G|A,26858_C|T,27259_A|C,27382_G|C,27383_A|T,27384_T|C,27807_C|T,28271_A|T,28311_C|T,28881_G|A,28882_G|A,28883_G|C,29510_A|C,29831_C|T,11288_11296,21633_21641,28362_28370
Denmark/DCGC-396214/2022	XG	241_C|T,2832_A|G,3037_C|T,5386_T|G,5672_C|T,5924_G|A,9344_C|T,9424_A|G,9534_C|T,9866_C|T,10029_C|T,10198_C|T,10447_G|A,10449_C|A,12880_C|T,14408_C|T,15714_C|T,17410_C|T,18163_A|G,19855_A|G,19955_C|T,20055_A|G,21618_C|T,22200_T|G,22346_G|T,22578_G|A,22674_C|T,22679_T|C,22686_C|T,22688_A|G,22775_G|A,22786_A|C,22792_C|T,22813_G|T,22882_T|G,22992_G|A,22995_C|A,23013_A|C,23040_A|G,23055_A|G,23063_A|T,23075_T|C,23403_A|G,23525_C|T,23599_T|G,23604_C|A,23854_C|A,23948_G|T,24424_A|T,24469_T|A,25000_C|T,25584_C|T,25672_C|T,26060_C|T,26270_C|T,26709_G|A,26858_C|T,27259_A|C,27382_G|C,27383_A|T,27384_T|C,27807_C|T,28271_A|T,28311_C|T,28881_G|A,28882_G|A,28883_G|C,29510_A|C,11288_11296,21633_21641,28362_28370
Denmark/DCGC-396367/2022	XG	241_C|T,2832_A|G,3037_C|T,5386_T|G,5672_C|T,5924_G|A,9344_C|T,9424_A|G,9534_C|T,9866_C|T,10029_C|T,10198_C|T,10447_G|A,10449_C|A,12880_C|T,14408_C|T,15714_C|T,17410_C|T,18163_A|G,19855_A|G,19955_C|T,20055_A|G,21618_C|T,21987_G|A,22200_T|G,22578_G|A,22674_C|T,22679_T|C,22686_C|T,22688_A|G,22775_G|A,22786_A|C,22792_C|T,22813_G|T,22882_T|G,22992_G|A,22995_C|A,23013_A|C,23040_A|G,23055_A|G,23063_A|T,23075_T|C,23403_A|G,23525_C|T,23599_T|G,23604_C|A,23854_C|A,23948_G|T,24424_A|T,24469_T|A,25000_C|T,25584_C|T,26060_C|T,26270_C|T,26709_G|A,26858_C|T,27259_A|C,27382_G|C,27383_A|T,27384_T|C,27807_C|T,28271_A|T,28311_C|T,28881_G|A,28882_G|A,28883_G|C,29510_A|C,11288_11296,21633_21641,28362_28370
Denmark/DCGC-397175/2022	XG	241_C|T,2832_A|G,3037_C|T,5386_T|G,5672_C|T,5924_G|A,9344_C|T,9424_A|G,9534_C|T,9866_C|T,10029_C|T,10198_C|T,10447_G|A,10449_C|A,12880_C|T,14408_C|T,15714_C|T,17410_C|T,18163_A|G,19855_A|G,19955_C|T,20055_A|G,21618_C|T,21987_G|A,22200_T|G,22578_G|A,22674_C|T,22679_T|C,22686_C|T,22688_A|G,22775_G|A,22786_A|C,22792_C|T,22813_G|T,22882_T|G,22992_G|A,22995_C|A,23013_A|C,23040_A|G,23055_A|G,23063_A|T,23075_T|C,23403_A|G,23525_C|T,23599_T|G,23604_C|A,23854_C|A,23948_G|T,24424_A|T,24469_T|A,25000_C|T,25584_C|T,26060_C|T,26270_C|T,26577_C|G,26709_G|A,26858_C|T,27259_A|C,27382_G|C,27383_A|T,27384_T|C,27807_C|T,28271_A|T,28311_C|T,28881_G|A,28882_G|A,28883_G|C,29510_A|C,11288_11296,21633_21641,28362_28370
Denmark/DCGC-397842/2022	XG	241_C|T,2832_A|G,3037_C|T,5386_T|G,5672_C|T,5924_G|A,9344_C|T,9424_A|G,9534_C|T,9866_C|T,10029_C|T,10198_C|T,10447_G|A,10449_C|A,12880_C|T,14408_C|T,15714_C|T,17410_C|T,18163_A|G,19855_A|G,19955_C|T,20055_A|G,21618_C|T,21987_G|A,22200_T|G,22346_G|T,22578_G|A,22674_C|T,22679_T|C,22686_C|T,22688_A|G,22775_G|A,22786_A|C,22792_C|T,22813_G|T,22882_T|G,22992_G|A,22995_C|A,23013_A|C,23040_A|G,23055_A|G,23063_A|T,23075_T|C,23403_A|G,23525_C|T,23599_T|G,23604_C|A,23854_C|A,23948_G|T,24424_A|T,24469_T|A,25584_C|T,25672_C|T,26060_C|T,26270_C|T,26577_C|G,26709_G|A,26858_C|T,27259_A|C,27382_G|C,27383_A|T,27384_T|C,27807_C|T,28271_A|T,28311_C|T,28881_G|A,28882_G|A,28883_G|C,29510_A|C,11288_11296,28362_28370
Denmark/DCGC-398078/2022	XG	21_C|T,241_C|T,2832_A|G,3037_C|T,4907_G|A,5386_T|G,5672_C|T,5924_G|A,7119_C|T,9344_C|T,9424_A|G,9534_C|T,9866_C|T,10029_C|T,10198_C|T,10447_G|A,10449_C|A,12880_C|T,14408_C|T,15714_C|T,17410_C|T,18163_A|G,18814_C|T,19855_A|G,19955_C|T,20055_A|G,21618_C|T,21987_G|A,22200_T|G,22578_G|A,22674_C|T,22679_T|C,22686_C|T,22688_A|G,22775_G|A,22786_A|C,22792_C|T,22813_G|T,22882_T|G,22992_G|A,22995_C|A,23013_A|C,23040_A|G,23055_A|G,23063_A|T,23075_T|C,23403_A|G,23525_C|T,23599_T|G,23604_C|A,23854_C|A,23948_G|T,24424_A|T,24469_T|A,25000_C|T,25584_C|T,26060_C|T,26270_C|T,26709_G|A,26858_C|T,27259_A|C,27382_G|C,27383_A|T,27384_T|C,27807_C|T,28271_A|T,28311_C|T,28881_G|A,28882_G|A,28883_G|C,29510_A|C,29759_G|C,11288_11296,21633_21641,28362_28370
Denmark/DCGC-398850/2022	XG	241_C|T,2832_A|G,3037_C|T,5386_T|G,5672_C|T,5924_G|A,9344_C|T,9424_A|G,9534_C|T,9866_C|T,10029_C|T,10198_C|T,10447_G|A,10449_C|A,12880_C|T,14408_C|T,15714_C|T,17410_C|T,18163_A|G,19855_A|G,19955_C|T,20055_A|G,21618_C|T,21987_G|A,22200_T|G,22578_G|A,22674_C|T,22679_T|C,22686_C|T,22688_A|G,22775_G|A,22786_A|C,22792_C|T,22813_G|T,22882_T|G,22992_G|A,22995_C|A,23013_A|C,23040_A|G,23055_A|G,23063_A|T,23075_T|C,23403_A|G,23525_C|T,23599_T|G,23604_C|A,23854_C|A,23948_G|T,24424_A|T,24469_T|A,25000_C|T,25584_C|T,25672_C|T,26060_C|T,26270_C|T,26709_G|A,26858_C|T,27259_A|C,27382_G|C,27383_A|T,27384_T|C,27807_C|T,28271_A|T,28311_C|T,28881_G|A,28882_G|A,28883_G|C,29510_A|C,11288_11296,21633_21641,28362_28370
Denmark/DCGC-401568/2022	XG	241_C|T,2832_A|G,3037_C|T,5386_T|G,5672_C|T,5924_G|A,9344_C|T,9424_A|G,9534_C|T,9866_C|T,10029_C|T,10198_C|T,10447_G|A,10449_C|A,12880_C|T,14408_C|T,15714_C|T,17410_C|T,18163_A|G,19855_A|G,19955_C|T,20055_A|G,21618_C|T,21987_G|A,22200_T|G,22346_G|T,22578_G|A,22674_C|T,22679_T|C,22686_C|T,22688_A|G,22775_G|A,22786_A|C,22792_C|T,22813_G|T,22882_T|G,22992_G|A,22995_C|A,23013_A|C,23040_A|G,23055_A|G,23063_A|T,23075_T|C,23403_A|G,23525_C|T,23599_T|G,23604_C|A,23854_C|A,23948_G|T,24424_A|T,24469_T|A,25000_C|T,25584_C|T,25672_C|T,26060_C|T,26270_C|T,26577_C|G,26709_G|A,26858_C|T,27259_A|C,27382_G|C,27383_A|T,27384_T|C,27807_C|T,28271_A|T,28311_C|T,28881_G|A,28882_G|A,28883_G|C,29510_A|C,29734_G|T,11288_11296,28362_28370
Denmark/DCGC-401961/2022	XG	241_C|T,427_A|G,2832_A|G,3037_C|T,5386_T|G,5672_C|T,5924_G|A,9344_C|T,9424_A|G,9534_C|T,9866_C|T,10029_C|T,10198_C|T,10447_G|A,10449_C|A,12880_C|T,14408_C|T,15714_C|T,17410_C|T,18163_A|G,19855_A|G,19955_C|T,20055_A|G,21618_C|T,21987_G|A,22200_T|G,22346_G|T,22578_G|A,22674_C|T,22679_T|C,22686_C|T,22688_A|G,22775_G|A,22786_A|C,22792_C|T,22813_G|T,22882_T|G,22987_C|T,22992_G|A,22995_C|A,23013_A|C,23040_A|G,23055_A|G,23063_A|T,23075_T|C,23403_A|G,23525_C|T,23599_T|G,23604_C|A,23854_C|A,23948_G|T,24424_A|T,24469_T|A,25000_C|T,25584_C|T,25672_C|T,26060_C|T,26270_C|T,26577_C|G,26709_G|A,26858_C|T,27259_A|C,27382_G|C,27383_A|T,27384_T|C,27807_C|T,27942_C|T,28271_A|T,28311_C|T,28881_G|A,28882_G|A,28883_G|C,29510_A|C,11288_11296,21633_21641,28362_28370
Denmark/DCGC-403086/2022	XG	241_C|T,2832_A|G,3037_C|T,5386_T|G,5672_C|T,5924_G|A,9344_C|T,9424_A|G,9534_C|T,9866_C|T,10029_C|T,10198_C|T,10447_G|A,10449_C|A,12880_C|T,14408_C|T,15714_C|T,17410_C|T,18163_A|G,19855_A|G,19955_C|T,20055_A|G,21618_C|T,21987_G|A,22200_T|G,22346_G|T,22578_G|A,22674_C|T,22679_T|C,22686_C|T,22688_A|G,22775_G|A,22786_A|C,22792_C|T,22813_G|T,22992_G|A,22995_C|A,23013_A|C,23040_A|G,23055_A|G,23063_A|T,23075_T|C,23403_A|G,23525_C|T,23599_T|G,23604_C|A,23854_C|A,23948_G|T,24424_A|T,24469_T|A,25000_C|T,25584_C|T,25672_C|T,26060_C|T,26270_C|T,26709_G|A,26858_C|T,27259_A|C,27382_G|C,27383_A|T,27384_T|C,27807_C|T,28271_A|T,28311_C|T,28881_G|A,28882_G|A,28883_G|C,29510_A|C,11288_11296,21633_21641,28362_28370
Denmark/DCGC-403256/2022	XG	241_C|T,2832_A|G,5386_T|G,5672_C|T,5924_G|A,9344_C|T,9424_A|G,9534_C|T,9866_C|T,10029_C|T,10198_C|T,10447_G|A,10449_C|A,12880_C|T,14408_C|T,15714_C|T,17410_C|T,18163_A|G,19855_A|G,19955_C|T,20055_A|G,21618_C|T,21987_G|A,22200_T|G,22578_G|A,22674_C|T,22679_T|C,22686_C|T,22688_A|G,22775_G|A,22786_A|C,22792_C|T,22813_G|T,22882_T|G,22992_G|A,22995_C|A,23013_A|C,23040_A|G,23055_A|G,23063_A|T,23075_T|C,23403_A|G,23525_C|T,23599_T|G,23604_C|A,23854_C|A,23948_G|T,24424_A|T,24469_T|A,25000_C|T,25584_C|T,26060_C|T,26270_C|T,26577_C|G,26709_G|A,26858_C|T,27259_A|C,27382_G|C,27383_A|T,27384_T|C,27807_C|T,28271_A|T,28311_C|T,28881_G|A,28882_G|A,28883_G|C,29510_A|C,11288_11296,28362_28370
Denmark/DCGC-403884/2022	XG	241_C|T,2832_A|G,3037_C|T,5386_T|G,5672_C|T,5924_G|A,9344_C|T,9424_A|G,9534_C|T,9866_C|T,10029_C|T,10198_C|T,10447_G|A,10449_C|A,12880_C|T,14408_C|T,15714_C|T,17410_C|T,18163_A|G,19855_A|G,19955_C|T,20055_A|G,21618_C|T,21987_G|A,22200_T|G,22346_G|T,22578_G|A,22674_C|T,22679_T|C,22686_C|T,22688_A|G,22775_G|A,22786_A|C,22792_C|T,22813_G|T,22882_T|G,22992_G|A,22995_C|A,23013_A|C,23040_A|G,23055_A|G,23063_A|T,23075_T|C,23403_A|G,23525_C|T,23599_T|G,23604_C|A,23854_C|A,23948_G|T,24424_A|T,24469_T|A,25584_C|T,25672_C|T,26060_C|T,26270_C|T,26709_G|A,26858_C|T,27259_A|C,27382_G|C,27383_A|T,27384_T|C,27807_C|T,28271_A|T,28311_C|T,28881_G|A,28882_G|A,28883_G|C,29510_A|C,11288_11296,21633_21641,28362_28370
Denmark/DCGC-404240/2022	XG	241_C|T,2832_A|G,3037_C|T,5386_T|G,5672_C|T,5924_G|A,9344_C|T,9424_A|G,9534_C|T,9866_C|T,10029_C|T,10198_C|T,10447_G|A,10449_C|A,12880_C|T,14408_C|T,15714_C|T,17410_C|T,18163_A|G,19855_A|G,19955_C|T,20055_A|G,21618_C|T,21987_G|A,22200_T|G,22578_G|A,22674_C|T,22679_T|C,22686_C|T,22688_A|G,22775_G|A,22786_A|C,22792_C|T,22813_G|T,22882_T|G,22992_G|A,22995_C|A,23013_A|C,23040_A|G,23055_A|G,23063_A|T,23075_T|C,23403_A|G,23525_C|T,23599_T|G,23604_C|A,23854_C|A,23948_G|T,24424_A|T,24469_T|A,25000_C|T,25584_C|T,25672_C|T,26060_C|T,26270_C|T,26577_C|G,26709_G|A,26858_C|T,27259_A|C,27382_G|C,27383_A|T,27384_T|C,27807_C|T,28271_A|T,28311_C|T,28881_G|A,28882_G|A,28883_G|C,29510_A|C,11288_11296,21633_21641,28362_28370
Denmark/DCGC-404784/2022	XG	241_C|T,2832_A|G,3037_C|T,5386_T|G,5672_C|T,5924_G|A,9344_C|T,9424_A|G,9534_C|T,9866_C|T,10029_C|T,10198_C|T,10447_G|A,10449_C|A,12880_C|T,14408_C|T,15714_C|T,17410_C|T,18163_A|G,19855_A|G,19955_C|T,20055_A|G,21618_C|T,21987_G|A,22200_T|G,22346_G|T,22578_G|A,22674_C|T,22679_T|C,22686_C|T,22688_A|G,22775_G|A,22786_A|C,22792_C|T,22813_G|T,22882_T|G,22992_G|A,22995_C|A,23013_A|C,23040_A|G,23055_A|G,23063_A|T,23075_T|C,23403_A|G,23525_C|T,23599_T|G,23604_C|A,23854_C|A,23948_G|T,24424_A|T,24469_T|A,25000_C|T,25584_C|T,25672_C|T,26060_C|T,26270_C|T,26577_C|G,26709_G|A,26858_C|T,27259_A|C,27382_G|C,27383_A|T,27384_T|C,27807_C|T,28271_A|T,28311_C|T,28881_G|A,28882_G|A,28883_G|C,29510_A|C,11288_11296,21633_21641,28362_28370
Denmark/DCGC-406971/2022	XG	241_C|T,2832_A|G,3037_C|T,4331_C|T,5386_T|G,5672_C|T,5924_G|A,9344_C|T,9424_A|G,9534_C|T,9866_C|T,10029_C|T,10198_C|T,10447_G|A,10449_C|A,12880_C|T,14408_C|T,15714_C|T,17410_C|T,18163_A|G,19855_A|G,19955_C|T,20055_A|G,20483_C|T,21618_C|T,21987_G|A,22200_T|G,22578_G|A,22674_C|T,22679_T|C,22686_C|T,22688_A|G,22775_G|A,22786_A|C,22792_C|T,22813_G|T,22882_T|G,22992_G|A,22995_C|A,23013_A|C,23040_A|G,23055_A|G,23063_A|T,23075_T|C,23403_A|G,23525_C|T,23599_T|G,23604_C|A,23854_C|A,23948_G|T,24424_A|T,24469_T|A,25000_C|T,25584_C|T,26060_C|T,26270_C|T,26577_C|G,26709_G|A,26858_C|T,27259_A|C,27382_G|C,27383_A|T,27384_T|C,27807_C|T,28271_A|T,28311_C|T,28881_G|A,28882_G|A,28883_G|C,29510_A|C,11288_11296,28362_28370
Denmark/DCGC-407129/2022	XG	241_C|T,2832_A|G,3037_C|T,5386_T|G,5672_C|T,5924_G|A,9344_C|T,9424_A|G,9534_C|T,9866_C|T,10029_C|T,10198_C|T,10447_G|A,10449_C|A,12880_C|T,14408_C|T,15277_C|T,15714_C|T,17410_C|T,18163_A|G,19855_A|G,19955_C|T,20055_A|G,21618_C|T,21987_G|A,22200_T|G,22578_G|A,22674_C|T,22679_T|C,22686_C|T,22688_A|G,22775_G|A,22786_A|C,22792_C|T,22813_G|T,22882_T|G,22992_G|A,22995_C|A,23013_A|C,23040_A|G,23055_A|G,23063_A|T,23075_T|C,23403_A|G,23525_C|T,23599_T|G,23604_C|A,23854_C|A,23948_G|T,24424_A|T,24469_T|A,25000_C|T,25584_C|T,25672_C|T,26060_C|T,26270_C|T,26577_C|G,26709_G|A,26858_C|T,27259_A|C,27382_G|C,27383_A|T,27384_T|C,27807_C|T,28271_A|T,28311_C|T,28603_C|T,28881_G|A,28882_G|A,28883_G|C,29510_A|C,11288_11296,21633_21641,28362_28370
Denmark/DCGC-408279/2022	XG	241_C|T,2832_A|G,3037_C|T,5386_T|G,5672_C|T,5924_G|A,9344_C|T,9424_A|G,9534_C|T,9866_C|T,10029_C|T,10198_C|T,10447_G|A,10449_C|A,12880_C|T,14408_C|T,15714_C|T,17410_C|T,18163_A|G,19855_A|G,19955_C|T,20055_A|G,21618_C|T,21987_G|A,22200_T|G,22578_G|A,22674_C|T,22679_T|C,22686_C|T,22688_A|G,22775_G|A,22786_A|C,22792_C|T,22813_G|T,22882_T|G,22992_G|A,22995_C|A,23013_A|C,23040_A|G,23055_A|G,23063_A|T,23075_T|C,23403_A|G,23525_C|T,23599_T|G,23604_C|A,23854_C|A,23948_G|T,24424_A|T,24469_T|A,25000_C|T,25584_C|T,25672_C|T,26060_C|T,26270_C|T,26577_C|G,26709_G|A,26858_C|T,27259_A|C,27382_G|C,27383_A|T,27384_T|C,27807_C|T,28271_A|T,28311_C|T,28881_G|A,28882_G|A,28883_G|C,29510_A|C,11288_11296,21633_21641,28362_28370
Denmark/DCGC-410788/2022	XG	241_C|T,2832_A|G,3037_C|T,5386_T|G,5672_C|T,5924_G|A,9344_C|T,9424_A|G,9534_C|T,9866_C|T,10029_C|T,10198_C|T,10447_G|A,10449_C|A,12880_C|T,14408_C|T,15714_C|T,17410_C|T,18163_A|G,19855_A|G,19955_C|T,20055_A|G,21618_C|T,21850_G|T,21987_G|A,22200_T|G,22444_C|T,22578_G|A,22674_C|T,22679_T|C,22686_C|T,22688_A|G,22775_G|A,22786_A|C,22792_C|T,22813_G|T,22882_T|G,22992_G|A,22995_C|A,23013_A|C,23040_A|G,23055_A|G,23063_A|T,23075_T|C,23403_A|G,23525_C|T,23599_T|G,23604_C|A,23854_C|A,23948_G|T,24424_A|T,24469_T|A,25000_C|T,25584_C|T,26060_C|T,26270_C|T,26577_C|G,26709_G|A,26858_C|T,27259_A|C,27382_G|C,27383_A|T,27384_T|C,27807_C|T,28271_A|T,28311_C|T,28881_G|A,28882_G|A,28883_G|C,29510_A|C,11288_11296,21633_21641,28362_28370
Denmark/DCGC-411735/2022	XG	241_C|T,2832_A|G,3037_C|T,5386_T|G,5672_C|T,5924_G|A,9344_C|T,9424_A|G,9534_C|T,9866_C|T,10029_C|T,10198_C|T,10447_G|A,10449_C|A,12880_C|T,14408_C|T,15714_C|T,17410_C|T,18163_A|G,19855_A|G,19955_C|T,20055_A|G,21618_C|T,21987_G|A,22200_T|G,22578_G|A,22674_C|T,22679_T|C,22686_C|T,22688_A|G,22775_G|A,22786_A|C,22792_C|T,22813_G|T,22882_T|G,22992_G|A,22995_C|A,23013_A|C,23040_A|G,23055_A|G,23063_A|T,23075_T|C,23403_A|G,23525_C|T,23599_T|G,23604_C|A,23854_C|A,23948_G|T,24424_A|T,24469_T|A,25000_C|T,25584_C|T,26060_C|T,26270_C|T,26577_C|G,26709_G|A,26858_C|T,27259_A|C,27382_G|C,27383_A|T,27384_T|C,27807_C|T,28271_A|T,28311_C|T,28881_G|A,28882_G|A,28883_G|C,29510_A|C,11288_11296,21633_21641,28362_28370
Denmark/DCGC-416379/2022	XG	241_C|T,2832_A|G,3037_C|T,5386_T|G,5672_C|T,5924_G|A,9344_C|T,9424_A|G,9534_C|T,9866_C|T,10029_C|T,10198_C|T,10447_G|A,10449_C|A,12880_C|T,14408_C|T,15714_C|T,17410_C|T,18163_A|G,19855_A|G,19955_C|T,20055_A|G,21618_C|T,21987_G|A,22200_T|G,22578_G|A,22674_C|T,22679_T|C,22686_C|T,22688_A|G,22775_G|A,22786_A|C,22792_C|T,22813_G|T,22882_T|G,22992_G|A,22995_C|A,23013_A|C,23040_A|G,23055_A|G,23063_A|T,23075_T|C,23403_A|G,23525_C|T,23599_T|G,23604_C|A,23854_C|A,23948_G|T,24424_A|T,24469_T|A,25000_C|T,25584_C|T,26060_C|T,26270_C|T,26709_G|A,26858_C|T,27259_A|C,27382_G|C,27383_A|T,27384_T|C,27807_C|T,28271_A|T,28311_C|T,28881_G|A,28882_G|A,28883_G|C,29510_A|C,11288_11296,21633_21641,28362_28370
Denmark/DCGC-416510/2022	XG	241_C|T,2832_A|G,3037_C|T,4331_C|T,5386_T|G,5672_C|T,5924_G|A,7528_C|T,9344_C|T,9424_A|G,9534_C|T,9866_C|T,10029_C|T,10198_C|T,10447_G|A,10449_C|A,12880_C|T,14408_C|T,15714_C|T,17410_C|T,18163_A|G,19855_A|G,19955_C|T,20055_A|G,20483_C|T,21618_C|T,21987_G|A,22200_T|G,22578_G|A,22674_C|T,22679_T|C,22686_C|T,22688_A|G,22775_G|A,22786_A|C,22792_C|T,22813_G|T,22882_T|G,22992_G|A,22995_C|A,23013_A|C,23040_A|G,23055_A|G,23063_A|T,23075_T|C,23403_A|G,23525_C|T,23599_T|G,23604_C|A,23854_C|A,23948_G|T,24424_A|T,24469_T|A,25000_C|T,25584_C|T,26060_C|T,26270_C|T,26577_C|G,26709_G|A,26858_C|T,27259_A|C,27382_G|C,27383_A|T,27384_T|C,27807_C|T,28271_A|T,28311_C|T,28881_G|A,28882_G|A,28883_G|C,29510_A|C,11288_11296,21633_21641,28362_28370
Denmark/DCGC-417974/2022	XG	241_C|T,2832_A|G,3037_C|T,5386_T|G,5672_C|T,5924_G|A,9344_C|T,9424_A|G,9534_C|T,9866_C|T,10029_C|T,10198_C|T,10447_G|A,10449_C|A,12880_C|T,14408_C|T,15714_C|T,17410_C|T,18163_A|G,19855_A|G,19955_C|T,20055_A|G,21618_C|T,21987_G|A,22200_T|G,22578_G|A,22674_C|T,22679_T|C,22686_C|T,22688_A|G,22775_G|A,22786_A|C,22792_C|T,22813_G|T,22882_T|G,22992_G|A,22995_C|A,23013_A|C,23040_A|G,23055_A|G,23063_A|T,23075_T|C,23403_A|G,23525_C|T,23599_T|G,23604_C|A,23854_C|A,23948_G|T,24424_A|T,24469_T|A,25000_C|T,25584_C|T,26060_C|T,26270_C|T,26577_C|G,26709_G|A,26858_C|T,27259_A|C,27382_G|C,27383_A|T,27384_T|C,27807_C|T,28271_A|T,28311_C|T,28881_G|A,28882_G|A,28883_G|C,29510_A|C,11288_11296,21633_21641,28362_28370
Denmark/DCGC-419382/2022	XG	241_C|T,2832_A|G,3037_C|T,5386_T|G,5672_C|T,5924_G|A,9344_C|T,9424_A|G,9534_C|T,9866_C|T,10029_C|T,10198_C|T,10447_G|A,10449_C|A,12880_C|T,14408_C|T,15277_C|T,15714_C|T,17410_C|T,18163_A|G,19855_A|G,19955_C|T,20055_A|G,21110_C|T,21618_C|T,21987_G|A,22200_T|G,22578_G|A,22674_C|T,22679_T|C,22686_C|T,22688_A|G,22775_G|A,22786_A|C,22792_C|T,22813_G|T,22882_T|G,22992_G|A,22995_C|A,23013_A|C,23040_A|G,23055_A|G,23063_A|T,23075_T|C,23403_A|G,23525_C|T,23599_T|G,23604_C|A,23854_C|A,23948_G|T,24424_A|T,24469_T|A,25000_C|T,25584_C|T,25672_C|T,26060_C|T,26270_C|T,26577_C|G,26709_G|A,26858_C|T,27259_A|C,27382_G|C,27383_A|T,27384_T|C,27807_C|T,28271_A|T,28311_C|T,28881_G|A,28882_G|A,28883_G|C,29510_A|C,29700_A|G,11288_11296,28362_28370
Denmark/DCGC-420345/2022	XG	241_C|T,2832_A|G,3037_C|T,5386_T|G,5672_C|T,5924_G|A,9344_C|T,9424_A|G,9534_C|T,9866_C|T,10029_C|T,10198_C|T,10447_G|A,10449_C|A,12880_C|T,14408_C|T,15714_C|T,17410_C|T,18163_A|G,19855_A|G,19955_C|T,20055_A|G,21618_C|T,21987_G|A,22200_T|G,22578_G|A,22674_C|T,22679_T|C,22686_C|T,22688_A|G,22775_G|A,22786_A|C,22792_C|T,22813_G|T,22882_T|G,23013_A|C,23040_A|G,23055_A|G,23063_A|T,23075_T|C,23403_A|G,23525_C|T,23599_T|G,23604_C|A,23854_C|A,23948_G|T,24424_A|T,24469_T|A,25000_C|T,25584_C|T,26060_C|T,26270_C|T,26577_C|G,26709_G|A,26858_C|T,27259_A|C,27382_G|C,27383_A|T,27384_T|C,27807_C|T,28271_A|T,28311_C|T,28881_G|A,28882_G|A,28883_G|C,29510_A|C,11288_11296,21633_21641
Denmark/DCGC-422444/2022	XG	241_C|T,2832_A|G,3037_C|T,5386_T|G,5672_C|T,5924_G|A,9344_C|T,9424_A|G,9534_C|T,9866_C|T,10029_C|T,10198_C|T,10447_G|A,10449_C|A,12880_C|T,14408_C|T,15714_C|T,17410_C|T,18163_A|G,19855_A|G,19955_C|T,20055_A|G,21618_C|T,21987_G|A,22200_T|G,22346_G|T,22578_G|A,22674_C|T,22679_T|C,22686_C|T,22688_A|G,22775_G|A,22786_A|C,22792_C|T,22813_G|T,22882_T|G,22992_G|A,22995_C|A,23013_A|C,23040_A|G,23055_A|G,23063_A|T,23075_T|C,23403_A|G,23525_C|T,23599_T|G,23604_C|A,23854_C|A,23948_G|T,24424_A|T,24469_T|A,25000_C|T,25584_C|T,25672_C|T,26060_C|T,26270_C|T,26577_C|G,26709_G|A,26858_C|T,27259_A|C,27382_G|C,27383_A|T,27384_T|C,27807_C|T,28271_A|T,28311_C|T,28881_G|A,28882_G|A,28883_G|C,29510_A|C,11288_11296,21633_21641,28362_28370
Denmark/DCGC-423425/2022	XG	241_C|T,2832_A|G,3037_C|T,5386_T|G,5672_C|T,5924_G|A,9344_C|T,9424_A|G,9534_C|T,9866_C|T,10029_C|T,10198_C|T,10447_G|A,10449_C|A,12880_C|T,14408_C|T,15714_C|T,17410_C|T,18163_A|G,19855_A|G,19955_C|T,20055_A|G,21618_C|T,21987_G|A,22200_T|G,22578_G|A,22674_C|T,22679_T|C,22686_C|T,22688_A|G,22775_G|A,22786_A|C,22792_C|T,22813_G|T,22882_T|G,22992_G|A,22995_C|A,23013_A|C,23040_A|G,23055_A|G,23063_A|T,23075_T|C,23403_A|G,23525_C|T,23599_T|G,23604_C|A,23854_C|A,23948_G|T,24424_A|T,24469_T|A,25584_C|T,26060_C|T,26270_C|T,26577_C|G,26709_G|A,26858_C|T,27259_A|C,27382_G|C,27383_A|T,27384_T|C,27807_C|T,28271_A|T,28311_C|T,28881_G|A,28882_G|A,28883_G|C,29510_A|C,11288_11296,21633_21641,28362_28370
Denmark/DCGC-423780/2022	XG	241_C|T,2832_A|G,3037_C|T,5386_T|G,5672_C|T,5924_G|A,9344_C|T,9424_A|G,9534_C|T,9866_C|T,10029_C|T,10198_C|T,10447_G|A,10449_C|A,12880_C|T,14408_C|T,15714_C|T,17410_C|T,18163_A|G,19855_A|G,19955_C|T,20055_A|G,21618_C|T,21987_G|A,22200_T|G,22578_G|A,22674_C|T,22679_T|C,22686_C|T,22688_A|G,22775_G|A,22786_A|C,22792_C|T,22813_G|T,22992_G|A,22995_C|A,23013_A|C,23040_A|G,23055_A|G,23063_A|T,23075_T|C,23403_A|G,23525_C|T,23599_T|G,23604_C|A,23854_C|A,23948_G|T,24424_A|T,24469_T|A,25000_C|T,25584_C|T,25672_C|T,26060_C|T,26270_C|T,26577_C|G,26709_G|A,26858_C|T,27259_A|C,27382_G|C,27383_A|T,27384_T|C,27807_C|T,28271_A|T,28311_C|T,28881_G|A,28882_G|A,28883_G|C,29510_A|C,11288_11296,21633_21641,28362_28370
Denmark/DCGC-424632/2022	XG	241_C|T,2832_A|G,3037_C|T,5386_T|G,5672_C|T,5924_G|A,9344_C|T,9424_A|G,9534_C|T,9866_C|T,10029_C|T,10198_C|T,10447_G|A,10449_C|A,12880_C|T,14408_C|T,15714_C|T,17410_C|T,18163_A|G,19855_A|G,19955_C|T,20055_A|G,21618_C|T,21987_G|A,22200_T|G,22578_G|A,22674_C|T,22679_T|C,22686_C|T,22688_A|G,22775_G|A,22786_A|C,22792_C|T,22813_G|T,22882_T|G,22992_G|A,22995_C|A,23013_A|C,23040_A|G,23055_A|G,23063_A|T,23075_T|C,23403_A|G,23525_C|T,23599_T|G,23604_C|A,23854_C|A,23948_G|T,24424_A|T,24469_T|A,25584_C|T,26060_C|T,26270_C|T,26709_G|A,26858_C|T,27259_A|C,27382_G|C,27383_A|T,27384_T|C,27807_C|T,28271_A|T,28311_C|T,28881_G|A,28882_G|A,28883_G|C,29510_A|C,11288_11296,21633_21641,28362_28370
Denmark/DCGC-424634/2022	XG	241_C|T,2832_A|G,3037_C|T,5386_T|G,5672_C|T,5924_G|A,9344_C|T,9424_A|G,9534_C|T,9866_C|T,10029_C|T,10198_C|T,10447_G|A,10449_C|A,12880_C|T,14408_C|T,15714_C|T,17410_C|T,18163_A|G,19855_A|G,19955_C|T,20055_A|G,21618_C|T,21987_G|A,22200_T|G,22578_G|A,22674_C|T,22679_T|C,22686_C|T,22688_A|G,22775_G|A,22786_A|C,22792_C|T,22813_G|T,22882_T|G,22992_G|A,22995_C|A,23013_A|C,23040_A|G,23055_A|G,23063_A|T,23075_T|C,23403_A|G,23525_C|T,23599_T|G,23604_C|A,23854_C|A,23948_G|T,24424_A|T,24469_T|A,25000_C|T,25584_C|T,25672_C|T,26060_C|T,26270_C|T,26577_C|G,26709_G|A,26858_C|T,27259_A|C,27382_G|C,27383_A|T,27384_T|C,27807_C|T,28271_A|T,28311_C|T,28881_G|A,28882_G|A,28883_G|C,29510_A|C,11288_11296,21633_21641,28362_28370
Denmark/DCGC-424650/2022	XG	241_C|T,2832_A|G,3037_C|T,5386_T|G,5672_C|T,5924_G|A,9344_C|T,9424_A|G,9534_C|T,9866_C|T,10029_C|T,10198_C|T,10447_G|A,10449_C|A,12880_C|T,14408_C|T,15714_C|T,17410_C|T,18163_A|G,19855_A|G,19955_C|T,20055_A|G,21618_C|T,21987_G|A,22200_T|G,22578_G|A,22674_C|T,22679_T|C,22686_C|T,22688_A|G,22775_G|A,22786_A|C,22792_C|T,22813_G|T,22882_T|G,22992_G|A,22995_C|A,23013_A|C,23040_A|G,23055_A|G,23063_A|T,23075_T|C,23403_A|G,23525_C|T,23599_T|G,23604_C|A,23854_C|A,23948_G|T,24424_A|T,24469_T|A,25000_C|T,25584_C|T,26060_C|T,26270_C|T,26577_C|G,26709_G|A,26858_C|T,27259_A|C,27382_G|C,27383_A|T,27384_T|C,27807_C|T,28271_A|T,28311_C|T,28881_G|A,28882_G|A,28883_G|C,29510_A|C,11288_11296,28362_28370
Denmark/DCGC-424747/2022	XG	241_C|T,2832_A|G,3037_C|T,5386_T|G,5672_C|T,5924_G|A,9344_C|T,9424_A|G,9534_C|T,9866_C|T,10029_C|T,10198_C|T,10447_G|A,10449_C|A,12880_C|T,14408_C|T,15714_C|T,17410_C|T,18163_A|G,19855_A|G,19955_C|T,20055_A|G,21618_C|T,21987_G|A,22200_T|G,22578_G|A,22674_C|T,22679_T|C,22686_C|T,22688_A|G,22775_G|A,22786_A|C,22792_C|T,22813_G|T,22882_T|G,22992_G|A,22995_C|A,23013_A|C,23040_A|G,23055_A|G,23063_A|T,23075_T|C,23403_A|G,23525_C|T,23599_T|G,23604_C|A,23854_C|A,23948_G|T,24424_A|T,24469_T|A,25000_C|T,25584_C|T,26060_C|T,26270_C|T,26577_C|G,26709_G|A,26858_C|T,27259_A|C,27382_G|C,27383_A|T,27384_T|C,27807_C|T,28271_A|T,28311_C|T,28881_G|A,28882_G|A,28883_G|C,29510_A|C,11288_11296,21633_21641,28362_28370
Denmark/DCGC-425453/2022	XG	241_C|T,2832_A|G,3037_C|T,5386_T|G,5672_C|T,5924_G|A,9344_C|T,9424_A|G,9534_C|T,9866_C|T,10029_C|T,10198_C|T,10447_G|A,10449_C|A,12880_C|T,14408_C|T,15714_C|T,17410_C|T,18163_A|G,19855_A|G,19955_C|T,20055_A|G,21618_C|T,21987_G|A,22200_T|G,22346_G|T,22578_G|A,22674_C|T,22679_T|C,22686_C|T,22688_A|G,22775_G|A,22786_A|C,22792_C|T,22813_G|T,22882_T|G,22992_G|A,22995_C|A,23013_A|C,23040_A|G,23055_A|G,23063_A|T,23075_T|C,23403_A|G,23525_C|T,23599_T|G,23604_C|A,23854_C|A,23948_G|T,24424_A|T,24469_T|A,25000_C|T,25584_C|T,25672_C|T,26060_C|T,26270_C|T,26577_C|G,26709_G|A,26858_C|T,27259_A|C,27382_G|C,27383_A|T,27384_T|C,27807_C|T,28271_A|T,28311_C|T,28881_G|A,28882_G|A,28883_G|C,29510_A|C,11288_11296,21633_21641,28362_28370
Denmark/DCGC-427755/2022	XG	241_C|T,2832_A|G,3037_C|T,5386_T|G,5672_C|T,5924_G|A,9344_C|T,9424_A|G,9534_C|T,9866_C|T,10029_C|T,10198_C|T,10447_G|A,10449_C|A,12880_C|T,14408_C|T,15714_C|T,17410_C|T,18163_A|G,19855_A|G,19955_C|T,20055_A|G,21618_C|T,21987_G|A,22200_T|G,22578_G|A,22674_C|T,22679_T|C,22686_C|T,22688_A|G,22775_G|A,22786_A|C,22792_C|T,22813_G|T,22882_T|G,22992_G|A,22995_C|A,23013_A|C,23040_A|G,23055_A|G,23063_A|T,23075_T|C,23403_A|G,23525_C|T,23599_T|G,23604_C|A,23854_C|A,23948_G|T,24424_A|T,24469_T|A,25000_C|T,25584_C|T,26060_C|T,26270_C|T,26577_C|G,26709_G|A,26858_C|T,27259_A|C,27382_G|C,27383_A|T,27384_T|C,27807_C|T,28271_A|T,28311_C|T,28881_G|A,28882_G|A,28883_G|C,29510_A|C,11288_11296,28362_28370
Denmark/DCGC-428281/2022	XG	241_C|T,2832_A|G,3037_C|T,5386_T|G,5672_C|T,5924_G|A,9344_C|T,9424_A|G,9534_C|T,9866_C|T,10029_C|T,10198_C|T,10447_G|A,10449_C|A,12880_C|T,14408_C|T,15714_C|T,17410_C|T,18163_A|G,19855_A|G,19955_C|T,20055_A|G,21618_C|T,21987_G|A,22200_T|G,22578_G|A,22674_C|T,22679_T|C,22686_C|T,22688_A|G,22775_G|A,22786_A|C,22792_C|T,22813_G|T,22882_T|G,22992_G|A,22995_C|A,23013_A|C,23040_A|G,23055_A|G,23063_A|T,23075_T|C,23403_A|G,23525_C|T,23599_T|G,23604_C|A,23854_C|A,23948_G|T,24424_A|T,24469_T|A,25000_C|T,25584_C|T,26060_C|T,26270_C|T,26577_C|G,26709_G|A,26858_C|T,27259_A|C,27382_G|C,27383_A|T,27384_T|C,27807_C|T,28271_A|T,28311_C|T,28881_G|A,28882_G|A,28883_G|C,29510_A|C,11288_11296,21633_21641,28362_28370
Denmark/DCGC-428342/2022	XG	21_C|T,241_C|T,2832_A|G,3037_C|T,5386_T|G,5672_C|T,5924_G|A,9344_C|T,9424_A|G,9534_C|T,9866_C|T,10029_C|T,10198_C|T,10447_G|A,10449_C|A,12880_C|T,14408_C|T,15714_C|T,17410_C|T,18163_A|G,19855_A|G,19955_C|T,20055_A|G,21618_C|T,21987_G|A,22200_T|G,22578_G|A,22674_C|T,22679_T|C,22686_C|T,22688_A|G,22775_G|A,22786_A|C,22792_C|T,22813_G|T,22882_T|G,22992_G|A,22995_C|A,23013_A|C,23040_A|G,23055_A|G,23063_A|T,23075_T|C,23403_A|G,23525_C|T,23599_T|G,23604_C|A,23854_C|A,23948_G|T,24424_A|T,24469_T|A,25584_C|T,26060_C|T,26270_C|T,26709_G|A,26858_C|T,27259_A|C,27382_G|C,27383_A|T,27384_T|C,27807_C|T,28271_A|T,28311_C|T,28881_G|A,28882_G|A,28883_G|C,29510_A|C,11288_11296,21633_21641,28362_28370
Denmark/DCGC-429064/2022	XG	241_C|T,2832_A|G,3037_C|T,5386_T|G,5672_C|T,5924_G|A,9344_C|T,9424_A|G,9534_C|T,9866_C|T,10029_C|T,10198_C|T,10447_G|A,10449_C|A,12880_C|T,14408_C|T,15714_C|T,17410_C|T,18163_A|G,19855_A|G,19955_C|T,20055_A|G,21618_C|T,21987_G|A,22200_T|G,22346_G|T,22578_G|A,22674_C|T,22679_T|C,22686_C|T,22688_A|G,22775_G|A,22786_A|C,22792_C|T,22813_G|T,22882_T|G,22992_G|A,22995_C|A,23013_A|C,23040_A|G,23055_A|G,23063_A|T,23075_T|C,23403_A|G,23525_C|T,23599_T|G,23604_C|A,23854_C|A,23948_G|T,24424_A|T,24469_T|A,25000_C|T,25584_C|T,25672_C|T,26060_C|T,26270_C|T,26577_C|G,26709_G|A,26858_C|T,27259_A|C,27382_G|C,27383_A|T,27384_T|C,27807_C|T,28271_A|T,28311_C|T,28881_G|A,28882_G|A,28883_G|C,29510_A|C,11288_11296,21633_21641,28362_28370
Denmark/DCGC-430869/2022	XG	241_C|T,2832_A|G,3037_C|T,5386_T|G,5672_C|T,5924_G|A,9344_C|T,9424_A|G,9534_C|T,9866_C|T,10029_C|T,10198_C|T,10447_G|A,10449_C|A,12880_C|T,14408_C|T,15714_C|T,17410_C|T,18163_A|G,19855_A|G,19955_C|T,20055_A|G,21618_C|T,21987_G|A,22200_T|G,22578_G|A,22674_C|T,22679_T|C,22686_C|T,22688_A|G,22775_G|A,22786_A|C,22792_C|T,22813_G|T,22882_T|G,22992_G|A,22995_C|A,23013_A|C,23040_A|G,23055_A|G,23063_A|T,23075_T|C,23403_A|G,23525_C|T,23599_T|G,23604_C|A,23854_C|A,23948_G|T,24424_A|T,24469_T|A,25000_C|T,25584_C|T,26060_C|T,26270_C|T,26577_C|G,26709_G|A,26858_C|T,27259_A|C,27382_G|C,27383_A|T,27384_T|C,27807_C|T,28271_A|T,28311_C|T,28881_G|A,28882_G|A,28883_G|C,29510_A|C,11288_11296,21633_21641,28362_28370
Denmark/DCGC-431122/2022	XG	241_C|T,2832_A|G,3037_C|T,5386_T|G,5672_C|T,5924_G|A,9344_C|T,9424_A|G,9534_C|T,9866_C|T,10029_C|T,10198_C|T,10447_G|A,10449_C|A,12880_C|T,14408_C|T,15714_C|T,17410_C|T,18163_A|G,19855_A|G,19955_C|T,20055_A|G,21618_C|T,21987_G|A,22200_T|G,22346_G|T,22578_G|A,22674_C|T,22679_T|C,22686_C|T,22688_A|G,22775_G|A,22786_A|C,22792_C|T,22813_G|T,22882_T|G,22992_G|A,22995_C|A,23013_A|C,23040_A|G,23055_A|G,23063_A|T,23075_T|C,23403_A|G,23525_C|T,23599_T|G,23604_C|A,23854_C|A,23948_G|T,24424_A|T,24469_T|A,25000_C|T,25584_C|T,25672_C|T,26060_C|T,26270_C|T,26577_C|G,26709_G|A,26858_C|T,27259_A|C,27382_G|C,27383_A|T,27384_T|C,27807_C|T,28271_A|T,28311_C|T,28881_G|A,28882_G|A,28883_G|C,29510_A|C,11288_11296,28362_28370
Denmark/DCGC-431947/2022	XG	241_C|T,2832_A|G,3037_C|T,5386_T|G,5672_C|T,5924_G|A,9344_C|T,9424_A|G,9534_C|T,9866_C|T,10029_C|T,10198_C|T,10447_G|A,10449_C|A,12880_C|T,14408_C|T,15714_C|T,17410_C|T,18163_A|G,19855_A|G,19955_C|T,20055_A|G,21618_C|T,21987_G|A,22200_T|G,22346_G|T,22578_G|A,22674_C|T,22679_T|C,22686_C|T,22688_A|G,22775_G|A,22786_A|C,22792_C|T,22813_G|T,22882_T|G,22992_G|A,22995_C|A,23013_A|C,23040_A|G,23055_A|G,23063_A|T,23075_T|C,23403_A|G,23525_C|T,23599_T|G,23604_C|A,23854_C|A,23948_G|T,24424_A|T,24469_T|A,25000_C|T,25584_C|T,25672_C|T,26060_C|T,26270_C|T,26577_C|G,26709_G|A,26858_C|T,27259_A|C,27382_G|C,27383_A|T,27384_T|C,27807_C|T,28271_A|T,28311_C|T,28881_G|A,28882_G|A,28883_G|C,29510_A|C,11288_11296,21633_21641,28362_28370
Denmark/DCGC-432322/2022	XG	241_C|T,2832_A|G,3037_C|T,5386_T|G,5672_C|T,5924_G|A,9344_C|T,9424_A|G,9534_C|T,9866_C|T,10029_C|T,10198_C|T,10447_G|A,10449_C|A,12880_C|T,14408_C|T,15714_C|T,17410_C|T,18163_A|G,19855_A|G,19955_C|T,20055_A|G,21618_C|T,21987_G|A,22200_T|G,22578_G|A,22674_C|T,22679_T|C,22686_C|T,22688_A|G,22775_G|A,22786_A|C,22792_C|T,22813_G|T,22882_T|G,22992_G|A,22995_C|A,23013_A|C,23040_A|G,23055_A|G,23063_A|T,23075_T|C,23403_A|G,23525_C|T,23599_T|G,23604_C|A,23854_C|A,23948_G|T,24424_A|T,24469_T|A,25000_C|T,25584_C|T,25710_C|G,26060_C|T,26270_C|T,26709_G|A,26858_C|T,27259_A|C,27382_G|C,27383_A|T,27384_T|C,27807_C|T,28271_A|T,28311_C|T,28881_G|A,28882_G|A,28883_G|C,29510_A|C,11288_11296,21633_21641,28362_28370
Denmark/DCGC-432557/2022	XG	241_C|T,2832_A|G,3037_C|T,5386_T|G,5672_C|T,5924_G|A,9344_C|T,9424_A|G,9534_C|T,9866_C|T,10029_C|T,10198_C|T,10447_G|A,10449_C|A,12880_C|T,14408_C|T,15714_C|T,17410_C|T,18163_A|G,19855_A|G,19955_C|T,20055_A|G,21618_C|T,21987_G|A,22200_T|G,22346_G|T,22578_G|A,22674_C|T,22679_T|C,22686_C|T,22688_A|G,22775_G|A,22786_A|C,22792_C|T,22813_G|T,22882_T|G,22992_G|A,22995_C|A,23013_A|C,23040_A|G,23055_A|G,23063_A|T,23075_T|C,23403_A|G,23525_C|T,23599_T|G,23604_C|A,23854_C|A,23948_G|T,24424_A|T,24469_T|A,25000_C|T,25584_C|T,25672_C|T,26060_C|T,26270_C|T,26577_C|G,26709_G|A,26858_C|T,27259_A|C,27382_G|C,27383_A|T,27384_T|C,27807_C|T,28271_A|T,28311_C|T,28881_G|A,28882_G|A,28883_G|C,29510_A|C,11288_11296,21633_21641,28362_28370
Denmark/DCGC-434764/2022	XG	241_C|T,2832_A|G,3037_C|T,5386_T|G,5672_C|T,5924_G|A,9344_C|T,9424_A|G,9534_C|T,9866_C|T,10029_C|T,10198_C|T,10447_G|A,10449_C|A,12880_C|T,14408_C|T,15714_C|T,17410_C|T,18163_A|G,19855_A|G,19955_C|T,20055_A|G,21618_C|T,21987_G|A,22200_T|G,22346_G|T,22578_G|A,22674_C|T,22679_T|C,22686_C|T,22688_A|G,22775_G|A,22786_A|C,22792_C|T,22813_G|T,22882_T|G,22992_G|A,22995_C|A,23013_A|C,23040_A|G,23055_A|G,23063_A|T,23075_T|C,23403_A|G,23525_C|T,23599_T|G,23604_C|A,23854_C|A,23948_G|T,24424_A|T,24469_T|A,25000_C|T,25584_C|T,25672_C|T,26060_C|T,26270_C|T,26577_C|G,26709_G|A,26858_C|T,27259_A|C,27382_G|C,27383_A|T,27384_T|C,27807_C|T,28271_A|T,28311_C|T,28881_G|A,28882_G|A,28883_G|C,29510_A|C,11288_11296,28362_28370
Denmark/DCGC-435090/2022	XG	241_C|T,2832_A|G,3037_C|T,5386_T|G,5672_C|T,5924_G|A,9344_C|T,9424_A|G,9534_C|T,9866_C|T,10029_C|T,10198_C|T,10447_G|A,10449_C|A,12880_C|T,14408_C|T,15714_C|T,17410_C|T,18163_A|G,19855_A|G,19955_C|T,20055_A|G,21618_C|T,21987_G|A,22200_T|G,22578_G|A,22674_C|T,22679_T|C,22686_C|T,22688_A|G,22775_G|A,22786_A|C,22792_C|T,22813_G|T,22882_T|G,22992_G|A,22995_C|A,23013_A|C,23040_A|G,23055_A|G,23063_A|T,23075_T|C,23403_A|G,23525_C|T,23599_T|G,23604_C|A,23854_C|A,23948_G|T,24424_A|T,24469_T|A,25000_C|T,25584_C|T,26060_C|T,26270_C|T,26577_C|G,26709_G|A,26858_C|T,27259_A|C,27382_G|C,27383_A|T,27384_T|C,27807_C|T,28271_A|T,28311_C|T,28881_G|A,28882_G|A,28883_G|C,29510_A|C,11288_11296,28362_28370
Denmark/DCGC-436111/2022	XG	241_C|T,2832_A|G,3037_C|T,5386_T|G,5672_C|T,5924_G|A,9344_C|T,9424_A|G,9534_C|T,9866_C|T,10029_C|T,10198_C|T,10447_G|A,10449_C|A,12880_C|T,14408_C|T,15277_C|T,15714_C|T,17410_C|T,18163_A|G,19855_A|G,19955_C|T,20055_A|G,21618_C|T,21987_G|A,22200_T|G,22578_G|A,22674_C|T,22679_T|C,22686_C|T,22688_A|G,22775_G|A,22786_A|C,22792_C|T,22813_G|T,22882_T|G,22992_G|A,22995_C|A,23013_A|C,23040_A|G,23055_A|G,23063_A|T,23075_T|C,23403_A|G,23525_C|T,23599_T|G,23604_C|A,23854_C|A,23948_G|T,24424_A|T,24469_T|A,25000_C|T,25584_C|T,25672_C|T,26060_C|T,26270_C|T,26577_C|G,26709_G|A,26858_C|T,27259_A|C,27382_G|C,27383_A|T,27384_T|C,27807_C|T,28086_G|T,28271_A|T,28311_C|T,28603_C|T,28881_G|A,28882_G|A,28883_G|C,29510_A|C,11288_11296,21633_21641,28362_28370
Denmark/DCGC-436126/2022	XG	241_C|T,2341_T|C,2832_A|G,5386_T|G,5672_C|T,5924_G|A,9344_C|T,9424_A|G,9534_C|T,9866_C|T,10029_C|T,10198_C|T,10447_G|A,10449_C|A,12880_C|T,14408_C|T,15714_C|T,17410_C|T,18163_A|G,19855_A|G,19955_C|T,20055_A|G,21618_C|T,21987_G|A,22200_T|G,22578_G|A,22674_C|T,22679_T|C,22686_C|T,22688_A|G,22775_G|A,22786_A|C,22792_C|T,22813_G|T,22882_T|G,22992_G|A,22995_C|A,23013_A|C,23040_A|G,23055_A|G,23063_A|T,23075_T|C,23403_A|G,23525_C|T,23599_T|G,23604_C|A,23854_C|A,23948_G|T,24424_A|T,24469_T|A,25000_C|T,25584_C|T,25672_C|T,26060_C|T,26270_C|T,26709_G|A,26858_C|T,27259_A|C,27382_G|C,27383_A|T,27384_T|C,27807_C|T,28271_A|T,28311_C|T,28881_G|A,28882_G|A,28883_G|C,29510_A|C,518_520,11288_11296,21633_21641,28362_28370
Denmark/DCGC-438431/2022	XG	241_C|T,2832_A|G,3037_C|T,5386_T|G,5672_C|T,5924_G|A,9344_C|T,9424_A|G,9534_C|T,9866_C|T,10029_C|T,10198_C|T,10447_G|A,10449_C|A,12880_C|T,13721_C|T,14408_C|T,15714_C|T,17410_C|T,18163_A|G,19855_A|G,19955_C|T,20055_A|G,21618_C|T,21987_G|A,22200_T|G,22578_G|A,22674_C|T,22679_T|C,22686_C|T,22688_A|G,22775_G|A,22786_A|C,22792_C|T,22813_G|T,22882_T|G,22992_G|A,22995_C|A,23013_A|C,23040_A|G,23055_A|G,23063_A|T,23075_T|C,23403_A|G,23525_C|T,23599_T|G,23604_C|A,23854_C|A,23948_G|T,24424_A|T,24469_T|A,25000_C|T,25584_C|T,26060_C|T,26270_C|T,26577_C|G,26709_G|A,26858_C|T,27259_A|C,27382_G|C,27383_A|T,27384_T|C,27807_C|T,28271_A|T,28311_C|T,28881_G|A,28882_G|A,28883_G|C,29510_A|C,29734_G|T,11288_11296,28362_28370
Denmark/DCGC-439394/2022	XG	241_C|T,2832_A|G,3037_C|T,5386_T|G,5672_C|T,5924_G|A,9344_C|T,9424_A|G,9534_C|T,9866_C|T,10029_C|T,10198_C|T,10447_G|A,10449_C|A,12880_C|T,14408_C|T,15714_C|T,17410_C|T,18163_A|G,19855_A|G,19955_C|T,20055_A|G,21618_C|T,21987_G|A,22200_T|G,22578_G|A,22674_C|T,22679_T|C,22686_C|T,22688_A|G,22775_G|A,22786_A|C,22792_C|T,22813_G|T,22882_T|G,22992_G|A,22995_C|A,23013_A|C,23040_A|G,23055_A|G,23063_A|T,23075_T|C,23403_A|G,23525_C|T,23599_T|G,23604_C|A,23854_C|A,23948_G|T,24424_A|T,24469_T|A,25000_C|T,25584_C|T,26060_C|T,26270_C|T,26577_C|G,26709_G|A,26858_C|T,27259_A|C,27382_G|C,27383_A|T,27384_T|C,27807_C|T,28271_A|T,28311_C|T,28881_G|A,28882_G|A,28883_G|C,29510_A|C,11288_11296,21633_21641,28362_28370,29734_29759
Denmark/DCGC-440906/2022	XG	241_C|T,2832_A|G,3037_C|T,5386_T|G,5672_C|T,5924_G|A,9344_C|T,9424_A|G,9534_C|T,9866_C|T,10029_C|T,10198_C|T,10447_G|A,10449_C|A,12880_C|T,14408_C|T,15714_C|T,17410_C|T,18163_A|G,19855_A|G,19955_C|T,20055_A|G,21618_C|T,21850_G|T,21987_G|A,22200_T|G,22444_C|T,22578_G|A,22674_C|T,22679_T|C,22686_C|T,22688_A|G,22775_G|A,22786_A|C,22792_C|T,22813_G|T,22882_T|G,22992_G|A,22995_C|A,23013_A|C,23040_A|G,23055_A|G,23063_A|T,23075_T|C,23403_A|G,23525_C|T,23599_T|G,23604_C|A,23854_C|A,23948_G|T,24424_A|T,24469_T|A,25584_C|T,26060_C|T,26270_C|T,26709_G|A,26858_C|T,27259_A|C,27382_G|C,27383_A|T,27384_T|C,27807_C|T,28271_A|T,28311_C|T,28881_G|A,28882_G|A,28883_G|C,29510_A|C,11288_11296,21633_21641,28362_28370
Denmark/DCGC-441079/2022	XG	241_C|T,2832_A|G,3037_C|T,5386_T|G,5672_C|T,5924_G|A,9344_C|T,9424_A|G,9534_C|T,9866_C|T,10029_C|T,10198_C|T,10447_G|A,10449_C|A,12880_C|T,14408_C|T,15714_C|T,17410_C|T,18163_A|G,19855_A|G,19955_C|T,20055_A|G,21618_C|T,21987_G|A,22200_T|G,22578_G|A,22674_C|T,22679_T|C,22686_C|T,22688_A|G,22775_G|A,22786_A|C,22792_C|T,22813_G|T,22882_T|G,22992_G|A,22995_C|A,23013_A|C,23040_A|G,23055_A|G,23063_A|T,23075_T|C,23403_A|G,23525_C|T,23599_T|G,23604_C|A,23854_C|A,23948_G|T,24424_A|T,24469_T|A,25000_C|T,25584_C|T,26060_C|T,26270_C|T,26577_C|G,26709_G|A,26858_C|T,27259_A|C,27382_G|C,27383_A|T,27384_T|C,27807_C|T,28271_A|T,28311_C|T,28881_G|A,28882_G|A,28883_G|C,29510_A|C,11288_11296,21633_21641,28362_28370
Denmark/DCGC-441367/2022	XG	241_C|T,2832_A|G,3037_C|T,5386_T|G,5672_C|T,5924_G|A,9344_C|T,9424_A|G,9534_C|T,9866_C|T,10029_C|T,10198_C|T,10447_G|A,10449_C|A,12880_C|T,14408_C|T,15714_C|T,17410_C|T,18163_A|G,19855_A|G,19955_C|T,20055_A|G,21618_C|T,21850_G|T,21987_G|A,22200_T|G,22444_C|T,22578_G|A,22674_C|T,22679_T|C,22686_C|T,22688_A|G,22775_G|A,22786_A|C,22792_C|T,22813_G|T,22882_T|G,22992_G|A,22995_C|A,23013_A|C,23040_A|G,23055_A|G,23063_A|T,23075_T|C,23403_A|G,23525_C|T,23599_T|G,23604_C|A,23854_C|A,23948_G|T,24424_A|T,24469_T|A,25584_C|T,26060_C|T,26270_C|T,26709_G|A,26858_C|T,27259_A|C,27382_G|C,27383_A|T,27384_T|C,27807_C|T,28271_A|T,28311_C|T,28881_G|A,28882_G|A,28883_G|C,29510_A|C,11288_11296,28362_28370
Denmark/DCGC-441406/2022	XG	241_C|T,851_T|A,2832_A|G,3037_C|T,5386_T|G,5672_C|T,5924_G|A,6781_C|T,9344_C|T,9424_A|G,9534_C|T,9866_C|T,10029_C|T,10198_C|T,10447_G|A,10449_C|A,12880_C|T,14408_C|T,15714_C|T,17410_C|T,18163_A|G,19855_A|G,19955_C|T,20055_A|G,21618_C|T,21987_G|A,22200_T|G,22578_G|A,22674_C|T,22679_T|C,22686_C|T,22688_A|G,22775_G|A,22786_A|C,22792_C|T,22813_G|T,22882_T|G,22992_G|A,22995_C|A,23013_A|C,23040_A|G,23055_A|G,23063_A|T,23075_T|C,23403_A|G,23525_C|T,23599_T|G,23604_C|A,23854_C|A,23948_G|T,24424_A|T,24469_T|A,25000_C|T,25584_C|T,25672_C|T,26060_C|T,26270_C|T,26709_G|A,26858_C|T,27259_A|C,27382_G|C,27383_A|T,27384_T|C,27807_C|T,28271_A|T,28311_C|T,28881_G|A,28882_G|A,28883_G|C,29510_A|C,11288_11296,21633_21641,28362_28370
Denmark/DCGC-441510/2022	XG	241_C|T,2832_A|G,3037_C|T,5386_T|G,5672_C|T,5924_G|A,9344_C|T,9424_A|G,9534_C|T,9866_C|T,10029_C|T,10198_C|T,10447_G|A,10449_C|A,12880_C|T,14408_C|T,15714_C|T,17410_C|T,18163_A|G,19855_A|G,19955_C|T,20055_A|G,21618_C|T,21987_G|A,22200_T|G,22578_G|A,22674_C|T,22679_T|C,22686_C|T,22688_A|G,22775_G|A,22786_A|C,22792_C|T,22813_G|T,22882_T|G,22992_G|A,22995_C|A,23013_A|C,23040_A|G,23055_A|G,23063_A|T,23075_T|C,23403_A|G,23525_C|T,23599_T|G,23604_C|A,23854_C|A,23948_G|T,24424_A|T,24469_T|A,25000_C|T,25584_C|T,26060_C|T,26270_C|T,26709_G|A,26858_C|T,27259_A|C,27382_G|C,27383_A|T,27384_T|C,27807_C|T,28271_A|T,28311_C|T,28881_G|A,28882_G|A,28883_G|C,29510_A|C,11288_11296,21633_21641,28362_28370
Denmark/DCGC-443834/2022	XG	241_C|T,2832_A|G,3037_C|T,5386_T|G,5672_C|T,5924_G|A,9344_C|T,9424_A|G,9534_C|T,9866_C|T,10029_C|T,10198_C|T,10447_G|A,10449_C|A,12880_C|T,14408_C|T,15714_C|T,17410_C|T,18163_A|G,19855_A|G,19955_C|T,20055_A|G,21618_C|T,21987_G|A,22200_T|G,22578_G|A,22674_C|T,22679_T|C,22686_C|T,22688_A|G,22775_G|A,22786_A|C,22792_C|T,22813_G|T,22882_T|G,22992_G|A,22995_C|A,23013_A|C,23040_A|G,23055_A|G,23063_A|T,23075_T|C,23403_A|G,23525_C|T,23599_T|G,23604_C|A,23854_C|A,23948_G|T,24424_A|T,24469_T|A,25584_C|T,25672_C|T,26060_C|T,26270_C|T,26709_G|A,26858_C|T,27259_A|C,27382_G|C,27383_A|T,27384_T|C,27807_C|T,28271_A|T,28311_C|T,28881_G|A,28882_G|A,28883_G|C,29510_A|C,11288_11296,21633_21641,28362_28370
Denmark/DCGC-443974/2022	XG	241_C|T,2832_A|G,3037_C|T,5386_T|G,5672_C|T,5924_G|A,9344_C|T,9424_A|G,9534_C|T,9866_C|T,10029_C|T,10198_C|T,10447_G|A,10449_C|A,12880_C|T,14408_C|T,15714_C|T,17410_C|T,18163_A|G,19855_A|G,19955_C|T,20055_A|G,21618_C|T,21987_G|A,22200_T|G,22578_G|A,22674_C|T,22679_T|C,22686_C|T,22688_A|G,22775_G|A,22786_A|C,22792_C|T,22813_G|T,22882_T|G,22992_G|A,22995_C|A,23013_A|C,23040_A|G,23055_A|G,23063_A|T,23075_T|C,23403_A|G,23525_C|T,23599_T|G,23604_C|A,23854_C|A,23948_G|T,24424_A|T,24469_T|A,25000_C|T,25584_C|T,26060_C|T,26270_C|T,26577_C|G,26709_G|A,26858_C|T,27259_A|C,27382_G|C,27383_A|T,27384_T|C,27807_C|T,28271_A|T,28311_C|T,28881_G|A,28882_G|A,28883_G|C,29510_A|C,11288_11296,21633_21641,28362_28370
Denmark/DCGC-444267/2022	XG	241_C|T,2832_A|G,3037_C|T,5386_T|G,5672_C|T,5924_G|A,9344_C|T,9424_A|G,9534_C|T,9866_C|T,10029_C|T,10198_C|T,10447_G|A,10449_C|A,12880_C|T,14408_C|T,15714_C|T,17410_C|T,18163_A|G,19855_A|G,19955_C|T,20055_A|G,21618_C|T,21987_G|A,22200_T|G,22578_G|A,22674_C|T,22679_T|C,22686_C|T,22688_A|G,22775_G|A,22786_A|C,22792_C|T,22813_G|T,22882_T|G,22992_G|A,22995_C|A,23013_A|C,23040_A|G,23055_A|G,23063_A|T,23075_T|C,23403_A|G,23525_C|T,23599_T|G,23604_C|A,23854_C|A,23948_G|T,24424_A|T,24469_T|A,25000_C|T,25584_C|T,26060_C|T,26270_C|T,26577_C|G,26709_G|A,26858_C|T,27259_A|C,27382_G|C,27383_A|T,27384_T|C,27807_C|T,28271_A|T,28311_C|T,28881_G|A,28882_G|A,28883_G|C,29510_A|C,11288_11296,28362_28370
Denmark/DCGC-444362/2022	XG	241_C|T,2832_A|G,3037_C|T,5386_T|G,5672_C|T,5924_G|A,9344_C|T,9424_A|G,9534_C|T,9866_C|T,10029_C|T,10198_C|T,10447_G|A,10449_C|A,12880_C|T,14408_C|T,15714_C|T,16080_C|T,17410_C|T,18163_A|G,19855_A|G,19955_C|T,20055_A|G,21618_C|T,21987_G|A,22200_T|G,22578_G|A,22674_C|T,22679_T|C,22686_C|T,22688_A|G,22775_G|A,22786_A|C,22792_C|T,22813_G|T,22882_T|G,22992_G|A,22995_C|A,23013_A|C,23040_A|G,23055_A|G,23063_A|T,23075_T|C,23403_A|G,23525_C|T,23599_T|G,23604_C|A,23854_C|A,23948_G|T,24424_A|T,24469_T|A,25000_C|T,25584_C|T,26060_C|T,26270_C|T,26709_G|A,26858_C|T,27259_A|C,27382_G|C,27383_A|T,27384_T|C,27807_C|T,28271_A|T,28311_C|T,28881_G|A,28882_G|A,28883_G|C,29510_A|C,11288_11296,21633_21641,28362_28370
Denmark/DCGC-444577/2022	XG	241_C|T,2832_A|G,3037_C|T,4907_G|A,5386_T|G,5672_C|T,5924_G|A,9344_C|T,9424_A|G,9534_C|T,9866_C|T,10029_C|T,10198_C|T,10447_G|A,10449_C|A,12880_C|T,14408_C|T,15714_C|T,17410_C|T,18163_A|G,18814_C|T,19855_A|G,19955_C|T,20055_A|G,21641_G|T,21987_G|A,22200_T|G,22578_G|A,22674_C|T,22679_T|C,22686_C|T,22688_A|G,22775_G|A,22786_A|C,22792_C|T,22813_G|T,22882_T|G,22992_G|A,22995_C|A,23013_A|C,23040_A|G,23055_A|G,23063_A|T,23075_T|C,23403_A|G,23525_C|T,23599_T|G,23604_C|A,23854_C|A,23948_G|T,24424_A|T,24469_T|A,25000_C|T,25584_C|T,25731_C|T,26060_C|T,26270_C|T,26577_C|G,26709_G|A,26858_C|T,27259_A|C,27382_G|C,27383_A|T,27384_T|C,27807_C|T,28271_A|T,28311_C|T,28881_G|A,28882_G|A,28883_G|C,29510_A|C,29779_G|T,518_520,11288_11296,28362_28370
Denmark/DCGC-444720/2022	XG	241_C|T,2832_A|G,3037_C|T,5386_T|G,5672_C|T,5924_G|A,9344_C|T,9424_A|G,9534_C|T,9866_C|T,10029_C|T,10198_C|T,10447_G|A,10449_C|A,12880_C|T,14408_C|T,15714_C|T,17410_C|T,18163_A|G,19855_A|G,19955_C|T,20055_A|G,21618_C|T,21987_G|A,22200_T|G,22578_G|A,22674_C|T,22679_T|C,22686_C|T,22688_A|G,22775_G|A,22786_A|C,22792_C|T,22813_G|T,22882_T|G,22992_G|A,22995_C|A,23013_A|C,23040_A|G,23055_A|G,23063_A|T,23075_T|C,23403_A|G,23525_C|T,23599_T|G,23604_C|A,23854_C|A,23948_G|T,24424_A|T,24469_T|A,25000_C|T,25584_C|T,26060_C|T,26270_C|T,26577_C|G,26709_G|A,26858_C|T,27259_A|C,27382_G|C,27383_A|T,27384_T|C,27807_C|T,28271_A|T,28311_C|T,28881_G|A,28882_G|A,28883_G|C,29510_A|C,11288_11296,21633_21641,28362_28370
Denmark/DCGC-446089/2022	XG	241_C|T,2832_A|G,3037_C|T,5386_T|G,5672_C|T,5924_G|A,9344_C|T,9424_A|G,9534_C|T,9866_C|T,10029_C|T,10198_C|T,10447_G|A,10449_C|A,12880_C|T,14408_C|T,15714_C|T,17410_C|T,18163_A|G,19855_A|G,19955_C|T,20055_A|G,21618_C|T,21987_G|A,22200_T|G,22578_G|A,22674_C|T,22679_T|C,22686_C|T,22688_A|G,22775_G|A,22786_A|C,22792_C|T,22813_G|T,22882_T|G,22992_G|A,22995_C|A,23013_A|C,23040_A|G,23055_A|G,23063_A|T,23075_T|C,23403_A|G,23525_C|T,23599_T|G,23604_C|A,23854_C|A,23948_G|T,24424_A|T,24469_T|A,25000_C|T,25584_C|T,26060_C|T,26270_C|T,26709_G|A,26858_C|T,27259_A|C,27382_G|C,27383_A|T,27384_T|C,27807_C|T,28271_A|T,28311_C|T,28881_G|A,28882_G|A,28883_G|C,29510_A|C,11288_11296,21633_21641,28362_28370
Denmark/DCGC-446418/2022	XG	241_C|T,2832_A|G,3037_C|T,5386_T|G,5672_C|T,5924_G|A,9344_C|T,9424_A|G,9534_C|T,9866_C|T,10029_C|T,10198_C|T,10447_G|A,10449_C|A,12880_C|T,14408_C|T,15714_C|T,17410_C|T,18163_A|G,19855_A|G,19955_C|T,20055_A|G,21618_C|T,21850_G|T,21987_G|A,22200_T|G,22444_C|T,22578_G|A,22674_C|T,22679_T|C,22686_C|T,22688_A|G,22775_G|A,22786_A|C,22792_C|T,22813_G|T,22882_T|G,22992_G|A,22995_C|A,23013_A|C,23040_A|G,23055_A|G,23063_A|T,23075_T|C,23403_A|G,23525_C|T,23599_T|G,23604_C|A,23854_C|A,23948_G|T,24424_A|T,24469_T|A,25000_C|T,25584_C|T,26060_C|T,26270_C|T,26577_C|G,26709_G|A,26858_C|T,27259_A|C,27382_G|C,27383_A|T,27384_T|C,27807_C|T,28271_A|T,28311_C|T,28881_G|A,28882_G|A,28883_G|C,29510_A|C,11288_11296,21633_21641,28362_28370
Denmark/DCGC-448225/2022	XG	241_C|T,557_G|A,2832_A|G,3037_C|T,5386_T|G,5672_C|T,5924_G|A,9344_C|T,9424_A|G,9534_C|T,9866_C|T,10029_C|T,10198_C|T,10447_G|A,10449_C|A,12880_C|T,14408_C|T,15714_C|T,17410_C|T,18163_A|G,19855_A|G,19955_C|T,20055_A|G,21618_C|T,21987_G|A,22200_T|G,22578_G|A,22674_C|T,22679_T|C,22686_C|T,22688_A|G,22775_G|A,22786_A|C,22792_C|T,22813_G|T,22882_T|G,22992_G|A,22995_C|A,23013_A|C,23040_A|G,23055_A|G,23063_A|T,23075_T|C,23403_A|G,23525_C|T,23599_T|G,23604_C|A,23854_C|A,23948_G|T,24424_A|T,24469_T|A,25000_C|T,25584_C|T,25672_C|T,26060_C|T,26270_C|T,26577_C|G,26709_G|A,26858_C|T,27259_A|C,27382_G|C,27383_A|T,27384_T|C,27807_C|T,28271_A|T,28311_C|T,28881_G|A,28882_G|A,28883_G|C,29510_A|C,11288_11296,21633_21641,28362_28370
Denmark/DCGC-449074/2022	XG	241_C|T,2832_A|G,3037_C|T,5386_T|G,5672_C|T,5924_G|A,9344_C|T,9424_A|G,9534_C|T,9866_C|T,10029_C|T,10198_C|T,10447_G|A,10449_C|A,12880_C|T,14408_C|T,15714_C|T,17410_C|T,18163_A|G,19855_A|G,19955_C|T,20055_A|G,21618_C|T,21987_G|A,22200_T|G,22578_G|A,22674_C|T,22679_T|C,22686_C|T,22688_A|G,22775_G|A,22786_A|C,22792_C|T,22813_G|T,22882_T|G,22992_G|A,22995_C|A,23013_A|C,23040_A|G,23055_A|G,23063_A|T,23075_T|C,23403_A|G,23525_C|T,23599_T|G,23604_C|A,23854_C|A,23948_G|T,24424_A|T,24469_T|A,25000_C|T,25584_C|T,25685_C|T,26060_C|T,26270_C|T,26577_C|G,26709_G|A,26858_C|T,27259_A|C,27382_G|C,27383_A|T,27384_T|C,27807_C|T,28271_A|T,28311_C|T,28881_G|A,28882_G|A,28883_G|C,29510_A|C,11288_11296,21633_21641,28362_28370
Denmark/DCGC-449275/2022	XG	241_C|T,2832_A|G,3037_C|T,5386_T|G,5672_C|T,5924_G|A,9344_C|T,9424_A|G,9534_C|T,9866_C|T,10029_C|T,10198_C|T,10447_G|A,10449_C|A,12880_C|T,14408_C|T,15714_C|T,17410_C|T,18163_A|G,19855_A|G,19955_C|T,20055_A|G,21618_C|T,21987_G|A,22200_T|G,22578_G|A,22674_C|T,22679_T|C,22686_C|T,22688_A|G,22775_G|A,22786_A|C,22792_C|T,22813_G|T,22882_T|G,22992_G|A,22995_C|A,23013_A|C,23040_A|G,23055_A|G,23063_A|T,23075_T|C,23403_A|G,23525_C|T,23599_T|G,23604_C|A,23854_C|A,23948_G|T,24424_A|T,24469_T|A,25000_C|T,25584_C|T,25672_C|T,26060_C|T,26270_C|T,26577_C|G,26709_G|A,26858_C|T,27259_A|C,27382_G|C,27383_A|T,27384_T|C,27807_C|T,28271_A|T,28311_C|T,28881_G|A,28882_G|A,28883_G|C,29510_A|C,11288_11296,21633_21641,28362_28370
Denmark/DCGC-450019/2022	XG	241_C|T,2706_C|T,2832_A|G,3037_C|T,5386_T|G,5672_C|T,5924_G|A,9344_C|T,9424_A|G,9534_C|T,9866_C|T,10029_C|T,10198_C|T,10447_G|A,10449_C|A,12880_C|T,14408_C|T,15714_C|T,17410_C|T,18163_A|G,19855_A|G,19955_C|T,20055_A|G,21618_C|T,21987_G|A,22200_T|G,22578_G|A,22674_C|T,22679_T|C,22686_C|T,22688_A|G,22775_G|A,22786_A|C,22792_C|T,22813_G|T,22882_T|G,22992_G|A,22995_C|A,23013_A|C,23040_A|G,23055_A|G,23063_A|T,23075_T|C,23403_A|G,23525_C|T,23599_T|G,23604_C|A,23854_C|A,23948_G|T,24424_A|T,24469_T|A,25000_C|T,25584_C|T,25672_C|T,26060_C|T,26270_C|T,26577_C|G,26709_G|A,26858_C|T,27259_A|C,27382_G|C,27383_A|T,27384_T|C,27807_C|T,28238_T|C,28271_A|T,28311_C|T,28881_G|A,28882_G|A,28883_G|C,29510_A|C,11288_11296,21633_21641,28362_28370
Denmark/DCGC-450483/2022	XG	241_C|T,2832_A|G,3037_C|T,5386_T|G,5672_C|T,5924_G|A,9344_C|T,9424_A|G,9534_C|T,9866_C|T,10029_C|T,10198_C|T,10447_G|A,10449_C|A,12880_C|T,14408_C|T,15714_C|T,17410_C|T,18163_A|G,19855_A|G,19955_C|T,20055_A|G,21618_C|T,21850_G|T,21987_G|A,22200_T|G,22444_C|T,22578_G|A,22674_C|T,22679_T|C,22686_C|T,22688_A|G,22775_G|A,22786_A|C,22792_C|T,22813_G|T,22882_T|G,22992_G|A,22995_C|A,23013_A|C,23040_A|G,23055_A|G,23063_A|T,23075_T|C,23403_A|G,23525_C|T,23599_T|G,23604_C|A,23854_C|A,23948_G|T,24424_A|T,24469_T|A,25584_C|T,26060_C|T,26270_C|T,26577_C|G,26709_G|A,26858_C|T,27259_A|C,27382_G|C,27383_A|T,27384_T|C,27807_C|T,28271_A|T,28311_C|T,28881_G|A,28882_G|A,28883_G|C,29510_A|C,11288_11296,21633_21641,28362_28370
Denmark/DCGC-450672/2022	XG	241_C|T,2832_A|G,3037_C|T,5386_T|G,5672_C|T,5924_G|A,9344_C|T,9424_A|G,9534_C|T,9866_C|T,10029_C|T,10198_C|T,10447_G|A,10449_C|A,12880_C|T,14408_C|T,15714_C|T,17410_C|T,18163_A|G,19855_A|G,19955_C|T,20055_A|G,21618_C|T,21987_G|A,22200_T|G,22578_G|A,22674_C|T,22679_T|C,22686_C|T,22688_A|G,22775_G|A,22786_A|C,22792_C|T,22813_G|T,22882_T|G,22992_G|A,22995_C|A,23013_A|C,23040_A|G,23055_A|G,23063_A|T,23075_T|C,23403_A|G,23525_C|T,23599_T|G,23604_C|A,23854_C|A,23948_G|T,24424_A|T,24469_T|A,25000_C|T,25584_C|T,25672_C|T,26060_C|T,26270_C|T,26577_C|G,26709_G|A,26858_C|T,27259_A|C,27382_G|C,27383_A|T,27384_T|C,27807_C|T,28271_A|T,28311_C|T,28881_G|A,28882_G|A,28883_G|C,29510_A|C,11288_11296,28362_28370
Denmark/DCGC-450758/2022	XG	241_C|T,2832_A|G,3037_C|T,5386_T|G,5672_C|T,5924_G|A,9344_C|T,9424_A|G,9534_C|T,9866_C|T,10029_C|T,10198_C|T,10447_G|A,10449_C|A,12880_C|T,14408_C|T,15714_C|T,17410_C|T,18163_A|G,19855_A|G,19955_C|T,20055_A|G,21618_C|T,21987_G|A,22200_T|G,22578_G|A,22674_C|T,22679_T|C,22686_C|T,22688_A|G,22775_G|A,22786_A|C,22792_C|T,22813_G|T,22992_G|A,22995_C|A,23013_A|C,23040_A|G,23055_A|G,23063_A|T,23075_T|C,23403_A|G,23525_C|T,23599_T|G,23604_C|A,23854_C|A,23948_G|T,24424_A|T,24469_T|A,25000_C|T,25584_C|T,26060_C|T,26270_C|T,26709_G|A,26858_C|T,27259_A|C,27382_G|C,27383_A|T,27384_T|C,27807_C|T,28271_A|T,28311_C|T,28881_G|A,28882_G|A,28883_G|C,29510_A|C,11288_11296,21633_21641,28362_28370
Denmark/DCGC-450994/2022	XG	241_C|T,2832_A|G,3037_C|T,5386_T|G,5672_C|T,5924_G|A,9344_C|T,9424_A|G,9534_C|T,9866_C|T,10029_C|T,10198_C|T,10447_G|A,10449_C|A,12880_C|T,14408_C|T,15714_C|T,17410_C|T,18163_A|G,19855_A|G,19955_C|T,20055_A|G,21618_C|T,21987_G|A,22200_T|G,22578_G|A,22674_C|T,22679_T|C,22686_C|T,22688_A|G,22775_G|A,22786_A|C,22792_C|T,22813_G|T,22882_T|G,22992_G|A,22995_C|A,23013_A|C,23040_A|G,23055_A|G,23063_A|T,23075_T|C,23403_A|G,23525_C|T,23599_T|G,23604_C|A,23854_C|A,23948_G|T,24424_A|T,24469_T|A,25000_C|T,25584_C|T,26060_C|T,26270_C|T,26577_C|G,26709_G|A,26858_C|T,27259_A|C,27382_G|C,27383_A|T,27384_T|C,27807_C|T,28271_A|T,28311_C|T,28881_G|A,28882_G|A,28883_G|C,29510_A|C,11288_11296,28362_28370
Denmark/DCGC-451360/2022	XG	241_C|T,2832_A|G,3037_C|T,5386_T|G,5672_C|T,5924_G|A,9344_C|T,9424_A|G,9534_C|T,9866_C|T,10029_C|T,10198_C|T,10447_G|A,10449_C|A,12880_C|T,14408_C|T,15714_C|T,17410_C|T,18163_A|G,19855_A|G,19955_C|T,20055_A|G,21618_C|T,21850_G|T,21987_G|A,22200_T|G,22444_C|T,22578_G|A,22674_C|T,22679_T|C,22686_C|T,22688_A|G,22775_G|A,22786_A|C,22792_C|T,22813_G|T,22882_T|G,22992_G|A,22995_C|A,23013_A|C,23040_A|G,23055_A|G,23063_A|T,23075_T|C,23403_A|G,23525_C|T,23599_T|G,23604_C|A,23854_C|A,23948_G|T,24424_A|T,24469_T|A,25584_C|T,26060_C|T,26270_C|T,26577_C|G,26709_G|A,26858_C|T,27259_A|C,27382_G|C,27383_A|T,27384_T|C,27807_C|T,28271_A|T,28311_C|T,28881_G|A,28882_G|A,28883_G|C,29510_A|C,11288_11296,28362_28370
Denmark/DCGC-452406/2022	XG	241_C|T,2832_A|G,3037_C|T,5386_T|G,5672_C|T,5924_G|A,9344_C|T,9424_A|G,9534_C|T,9866_C|T,10029_C|T,10198_C|T,10447_G|A,10449_C|A,12880_C|T,14408_C|T,15714_C|T,17410_C|T,18163_A|G,19855_A|G,19955_C|T,20055_A|G,21618_C|T,21987_G|A,22200_T|G,22578_G|A,22674_C|T,22679_T|C,22686_C|T,22688_A|G,22775_G|A,22786_A|C,22792_C|T,22813_G|T,22882_T|G,22992_G|A,22995_C|A,23013_A|C,23040_A|G,23055_A|G,23063_A|T,23075_T|C,23403_A|G,23525_C|T,23599_T|G,23604_C|A,23854_C|A,23948_G|T,24424_A|T,24469_T|A,25000_C|T,25584_C|T,26060_C|T,26270_C|T,26577_C|G,26709_G|A,26858_C|T,27259_A|C,27382_G|C,27383_A|T,27384_T|C,27807_C|T,28271_A|T,28311_C|T,28881_G|A,28882_G|A,28883_G|C,29510_A|C,11288_11296,21633_21641,28362_28370
Denmark/DCGC-452439/2022	XG	241_C|T,2832_A|G,3037_C|T,5386_T|G,5672_C|T,5924_G|A,9344_C|T,9424_A|G,9534_C|T,9866_C|T,10029_C|T,10198_C|T,10447_G|A,10449_C|A,12880_C|T,14408_C|T,15714_C|T,17410_C|T,18163_A|G,19855_A|G,19955_C|T,20055_A|G,21618_C|T,21987_G|A,22200_T|G,22346_G|T,22578_G|A,22674_C|T,22679_T|C,22686_C|T,22688_A|G,22775_G|A,22786_A|C,22792_C|T,22813_G|T,22882_T|G,22992_G|A,22995_C|A,23013_A|C,23040_A|G,23055_A|G,23063_A|T,23075_T|C,23403_A|G,23525_C|T,23599_T|G,23604_C|A,23854_C|A,23948_G|T,24424_A|T,24469_T|A,25000_C|T,25584_C|T,25672_C|T,26060_C|T,26270_C|T,26577_C|G,26709_G|A,26858_C|T,27259_A|C,27382_G|C,27383_A|T,27384_T|C,27807_C|T,28271_A|T,28311_C|T,28881_G|A,28882_G|A,28883_G|C,29510_A|C,11288_11296,21633_21641,28362_28370
Denmark/DCGC-452441/2022	XG	241_C|T,2832_A|G,3037_C|T,5386_T|G,5672_C|T,5924_G|A,9344_C|T,9424_A|G,9534_C|T,9866_C|T,10029_C|T,10198_C|T,10447_G|A,10449_C|A,12880_C|T,14408_C|T,15714_C|T,17410_C|T,18163_A|G,19855_A|G,19955_C|T,20055_A|G,21618_C|T,21987_G|A,22200_T|G,22578_G|A,22674_C|T,22679_T|C,22686_C|T,22688_A|G,22775_G|A,22786_A|C,22792_C|T,22813_G|T,22992_G|A,22995_C|A,23013_A|C,23040_A|G,23055_A|G,23063_A|T,23075_T|C,23403_A|G,23525_C|T,23599_T|G,23604_C|A,23854_C|A,23948_G|T,24424_A|T,24469_T|A,25000_C|T,25584_C|T,26060_C|T,26270_C|T,26577_C|G,26709_G|A,26858_C|T,27259_A|C,27382_G|C,27383_A|T,27384_T|C,27807_C|T,28271_A|T,28311_C|T,28881_G|A,28882_G|A,28883_G|C,29510_A|C,11288_11296,21633_21641,28362_28370
Denmark/DCGC-452664/2022	XG	241_C|T,2832_A|G,3037_C|T,5386_T|G,5672_C|T,5924_G|A,9344_C|T,9424_A|G,9534_C|T,9866_C|T,10029_C|T,10198_C|T,10447_G|A,10449_C|A,12880_C|T,14408_C|T,15714_C|T,17410_C|T,18163_A|G,19855_A|G,19955_C|T,20055_A|G,21618_C|T,21987_G|A,22200_T|G,22578_G|A,22674_C|T,22679_T|C,22686_C|T,22688_A|G,22775_G|A,22786_A|C,22792_C|T,22813_G|T,22882_T|G,22992_G|A,22995_C|A,23013_A|C,23040_A|G,23055_A|G,23063_A|T,23075_T|C,23403_A|G,23525_C|T,23599_T|G,23604_C|A,23854_C|A,23948_G|T,24424_A|T,24469_T|A,25000_C|T,25584_C|T,26060_C|T,26270_C|T,26577_C|G,26709_G|A,26858_C|T,27259_A|C,27382_G|C,27383_A|T,27384_T|C,27807_C|T,28271_A|T,28311_C|T,28881_G|A,28882_G|A,28883_G|C,29510_A|C,11288_11296,21633_21641,28362_28370
Denmark/DCGC-453988/2022	XG	241_C|T,2832_A|G,3037_C|T,5386_T|G,5672_C|T,5924_G|A,9344_C|T,9424_A|G,9534_C|T,9866_C|T,10029_C|T,10198_C|T,10447_G|A,10449_C|A,11083_G|T,12880_C|T,14408_C|T,15714_C|T,17410_C|T,18163_A|G,19855_A|G,19955_C|T,20055_A|G,21618_C|T,21987_G|A,22200_T|G,22578_G|A,22674_C|T,22679_T|C,22686_C|T,22688_A|G,22775_G|A,22786_A|C,22792_C|T,22813_G|T,22882_T|G,22992_G|A,22995_C|A,23013_A|C,23040_A|G,23055_A|G,23063_A|T,23075_T|C,23403_A|G,23525_C|T,23599_T|G,23604_C|A,23854_C|A,23948_G|T,24424_A|T,24469_T|A,25000_C|T,25584_C|T,26060_C|T,26270_C|T,26577_C|G,26709_G|A,26858_C|T,27259_A|C,27382_G|C,27383_A|T,27384_T|C,27807_C|T,28271_A|T,28311_C|T,28881_G|A,28882_G|A,28883_G|C,29510_A|C,11288_11296,21633_21641,28362_28370
Denmark/DCGC-455342/2022	XG	241_C|T,2832_A|G,3037_C|T,5386_T|G,5672_C|T,5924_G|A,9344_C|T,9424_A|G,9534_C|T,9866_C|T,10029_C|T,10198_C|T,10447_G|A,10449_C|A,12880_C|T,14408_C|T,15714_C|T,17410_C|T,18163_A|G,19855_A|G,19955_C|T,20055_A|G,21618_C|T,21987_G|A,22200_T|G,22578_G|A,22674_C|T,22679_T|C,22686_C|T,22688_A|G,22775_G|A,22786_A|C,22792_C|T,22813_G|T,22882_T|G,22992_G|A,22995_C|A,23013_A|C,23040_A|G,23055_A|G,23063_A|T,23075_T|C,23403_A|G,23525_C|T,23599_T|G,23604_C|A,23854_C|A,23948_G|T,24424_A|T,24469_T|A,25584_C|T,26060_C|T,26270_C|T,26709_G|A,26858_C|T,27259_A|C,27382_G|C,27383_A|T,27384_T|C,27807_C|T,28271_A|T,28311_C|T,28881_G|A,28882_G|A,28883_G|C,29510_A|C,11288_11296,21633_21641,28362_28370
Denmark/DCGC-455917/2022	XG	241_C|T,2832_A|G,3037_C|T,5386_T|G,5672_C|T,5924_G|A,9344_C|T,9424_A|G,9534_C|T,9866_C|T,10029_C|T,10198_C|T,10447_G|A,10449_C|A,12880_C|T,14408_C|T,15714_C|T,17410_C|T,18163_A|G,19855_A|G,19955_C|T,20055_A|G,21618_C|T,21987_G|A,22200_T|G,22346_G|T,22578_G|A,22674_C|T,22679_T|C,22686_C|T,22688_A|G,22775_G|A,22786_A|C,22792_C|T,22813_G|T,22882_T|G,22992_G|A,22995_C|A,23013_A|C,23040_A|G,23055_A|G,23063_A|T,23075_T|C,23403_A|G,23525_C|T,23599_T|G,23604_C|A,23854_C|A,23948_G|T,24424_A|T,24469_T|A,25000_C|T,25584_C|T,25672_C|T,26060_C|T,26270_C|T,26577_C|G,26709_G|A,26858_C|T,27259_A|C,27382_G|C,27383_A|T,27384_T|C,27807_C|T,28271_A|T,28311_C|T,28881_G|A,28882_G|A,28883_G|C,29510_A|C,11288_11296,28362_28370
Denmark/DCGC-456006/2022	XG	241_C|T,2832_A|G,3037_C|T,5386_T|G,5672_C|T,5924_G|A,9344_C|T,9424_A|G,9534_C|T,9866_C|T,10029_C|T,10198_C|T,10447_G|A,10449_C|A,12880_C|T,14408_C|T,15714_C|T,17410_C|T,18163_A|G,19440_A|T,19855_A|G,19955_C|T,20055_A|G,21618_C|T,21987_G|A,22200_T|G,22578_G|A,22674_C|T,22679_T|C,22686_C|T,22688_A|G,22775_G|A,22786_A|C,22792_C|T,22813_G|T,22882_T|G,22992_G|A,22995_C|A,23013_A|C,23040_A|G,23055_A|G,23063_A|T,23075_T|C,23403_A|G,23525_C|T,23599_T|G,23604_C|A,23854_C|A,23948_G|T,24424_A|T,24469_T|A,25000_C|T,25584_C|T,25672_C|T,26060_C|T,26270_C|T,26577_C|G,26709_G|A,26858_C|T,27259_A|C,27382_G|C,27383_A|T,27384_T|C,27807_C|T,28271_A|T,28311_C|T,28881_G|A,28882_G|A,28883_G|C,29510_A|C,11288_11296,21633_21641,28362_28370
Denmark/DCGC-456228/2022	XG	241_C|T,2832_A|G,3037_C|T,5386_T|G,5672_C|T,5924_G|A,9344_C|T,9424_A|G,9534_C|T,9866_C|T,10029_C|T,10198_C|T,10447_G|A,10449_C|A,12880_C|T,14408_C|T,15714_C|T,17410_C|T,18163_A|G,19855_A|G,19955_C|T,20055_A|G,21618_C|T,21987_G|A,22200_T|G,22578_G|A,22674_C|T,22679_T|C,22686_C|T,22688_A|G,22775_G|A,22786_A|C,22792_C|T,22813_G|T,22882_T|G,22992_G|A,22995_C|A,23013_A|C,23040_A|G,23055_A|G,23063_A|T,23075_T|C,23403_A|G,23525_C|T,23599_T|G,23604_C|A,23854_C|A,23948_G|T,24424_A|T,24469_T|A,25000_C|T,25584_C|T,26060_C|T,26270_C|T,26709_G|A,26858_C|T,27259_A|C,27382_G|C,27383_A|T,27384_T|C,27807_C|T,28271_A|T,28311_C|T,28881_G|A,28882_G|A,28883_G|C,29510_A|C,11288_11296,28362_28370
Denmark/DCGC-456865/2022	XG	241_C|T,2832_A|G,3037_C|T,5386_T|G,5672_C|T,5924_G|A,9344_C|T,9424_A|G,9534_C|T,9866_C|T,10029_C|T,10198_C|T,10447_G|A,10449_C|A,12880_C|T,14408_C|T,15714_C|T,17410_C|T,18163_A|G,19855_A|G,19955_C|T,20055_A|G,21618_C|T,21987_G|A,22200_T|G,22578_G|A,22674_C|T,22679_T|C,22686_C|T,22688_A|G,22775_G|A,22786_A|C,22792_C|T,22813_G|T,22882_T|G,22992_G|A,22995_C|A,23013_A|C,23040_A|G,23055_A|G,23063_A|T,23075_T|C,23403_A|G,23525_C|T,23599_T|G,23604_C|A,23854_C|A,23948_G|T,24424_A|T,24469_T|A,25000_C|T,25584_C|T,26060_C|T,26270_C|T,26577_C|G,26709_G|A,26858_C|T,27259_A|C,27382_G|C,27383_A|T,27384_T|C,27807_C|T,28271_A|T,28311_C|T,28881_G|A,28882_G|A,28883_G|C,29510_A|C,11288_11296,28362_28370
Denmark/DCGC-457094/2022	XG	241_C|T,2832_A|G,3037_C|T,5386_T|G,5672_C|T,5924_G|A,9344_C|T,9424_A|G,9534_C|T,9866_C|T,10029_C|T,10198_C|T,10447_G|A,10449_C|A,12880_C|T,14408_C|T,15714_C|T,17410_C|T,18163_A|G,19855_A|G,19955_C|T,20055_A|G,21618_C|T,21987_G|A,22200_T|G,22578_G|A,22674_C|T,22679_T|C,22686_C|T,22688_A|G,22775_G|A,22786_A|C,22792_C|T,22813_G|T,22882_T|G,22992_G|A,22995_C|A,23013_A|C,23040_A|G,23055_A|G,23063_A|T,23075_T|C,23403_A|G,23525_C|T,23599_T|G,23604_C|A,23854_C|A,23948_G|T,24424_A|T,24469_T|A,25000_C|T,25584_C|T,25710_C|G,26060_C|T,26270_C|T,26709_G|A,26858_C|T,27259_A|C,27382_G|C,27383_A|T,27384_T|C,27807_C|T,28271_A|T,28311_C|T,28881_G|A,28882_G|A,28883_G|C,29510_A|C,11288_11296,28362_28370
Denmark/DCGC-457787/2022	XG	241_C|T,2832_A|G,3037_C|T,5386_T|G,5672_C|T,5924_G|A,9344_C|T,9424_A|G,9534_C|T,9866_C|T,10029_C|T,10198_C|T,10447_G|A,10449_C|A,12880_C|T,14408_C|T,15714_C|T,17410_C|T,18163_A|G,19855_A|G,19955_C|T,20055_A|G,21618_C|T,21987_G|A,22200_T|G,22346_G|T,22578_G|A,22674_C|T,22679_T|C,22686_C|T,22688_A|G,22775_G|A,22786_A|C,22792_C|T,22813_G|T,22882_T|G,22992_G|A,22995_C|A,23013_A|C,23040_A|G,23055_A|G,23063_A|T,23075_T|C,23403_A|G,23525_C|T,23599_T|G,23604_C|A,23854_C|A,23948_G|T,24424_A|T,24469_T|A,25000_C|T,25584_C|T,25672_C|T,26060_C|T,26270_C|T,26577_C|G,26709_G|A,26858_C|T,27259_A|C,27382_G|C,27383_A|T,27384_T|C,27807_C|T,28271_A|T,28311_C|T,28881_G|A,28882_G|A,28883_G|C,29510_A|C,11288_11296,21633_21641,28362_28370
Denmark/DCGC-458425/2022	XG	241_C|T,2832_A|G,3037_C|T,5386_T|G,5672_C|T,5924_G|A,9344_C|T,9424_A|G,9534_C|T,9866_C|T,10029_C|T,10198_C|T,10447_G|A,10449_C|A,12880_C|T,14408_C|T,15714_C|T,17410_C|T,18163_A|G,19855_A|G,19955_C|T,20055_A|G,21618_C|T,21987_G|A,22200_T|G,22578_G|A,22674_C|T,22679_T|C,22686_C|T,22688_A|G,22775_G|A,22786_A|C,22792_C|T,22813_G|T,22882_T|G,22992_G|A,22995_C|A,23013_A|C,23040_A|G,23055_A|G,23063_A|T,23075_T|C,23403_A|G,23525_C|T,23599_T|G,23604_C|A,23854_C|A,23948_G|T,24424_A|T,24469_T|A,25000_C|T,25584_C|T,25710_C|G,26060_C|T,26270_C|T,26577_C|G,26709_G|A,26858_C|T,27259_A|C,27382_G|C,27383_A|T,27384_T|C,27807_C|T,28271_A|T,28311_C|T,28881_G|A,28882_G|A,28883_G|C,29510_A|C,11288_11296,28362_28370
Denmark/DCGC-460530/2022	XG	241_C|T,2832_A|G,3037_C|T,5386_T|G,5672_C|T,5924_G|A,9344_C|T,9424_A|G,9534_C|T,9866_C|T,10029_C|T,10198_C|T,10447_G|A,10449_C|A,12880_C|T,14408_C|T,15714_C|T,17410_C|T,18163_A|G,19855_A|G,19955_C|T,20055_A|G,21618_C|T,21987_G|A,22200_T|G,22346_G|T,22578_G|A,22674_C|T,22679_T|C,22686_C|T,22688_A|G,22775_G|A,22786_A|C,22792_C|T,22813_G|T,22882_T|G,22992_G|A,22995_C|A,23013_A|C,23040_A|G,23055_A|G,23063_A|T,23075_T|C,23403_A|G,23525_C|T,23599_T|G,23604_C|A,23854_C|A,23948_G|T,24424_A|T,24469_T|A,25000_C|T,25584_C|T,25672_C|T,26060_C|T,26270_C|T,26577_C|G,26709_G|A,26858_C|T,27259_A|C,27382_G|C,27383_A|T,27384_T|C,27807_C|T,28271_A|T,28311_C|T,28881_G|A,28882_G|A,28883_G|C,29510_A|C,11288_11296,21633_21641,28362_28370
Denmark/DCGC-460607/2022	XG	241_C|T,2832_A|G,3037_C|T,5386_T|G,5672_C|T,5924_G|A,9344_C|T,9424_A|G,9534_C|T,9866_C|T,10029_C|T,10198_C|T,10447_G|A,10449_C|A,12880_C|T,13019_C|T,14408_C|T,15714_C|T,17410_C|T,18163_A|G,19855_A|G,19955_C|T,20055_A|G,21618_C|T,21987_G|A,22200_T|G,22578_G|A,22674_C|T,22679_T|C,22686_C|T,22688_A|G,22775_G|A,22786_A|C,22792_C|T,22813_G|T,22882_T|G,22992_G|A,22995_C|A,23013_A|C,23040_A|G,23055_A|G,23063_A|T,23075_T|C,23403_A|G,23525_C|T,23599_T|G,23604_C|A,23854_C|A,23948_G|T,24424_A|T,24469_T|A,25000_C|T,25584_C|T,25672_C|T,26060_C|T,26270_C|T,26577_C|G,26709_G|A,26858_C|T,27259_A|C,27382_G|C,27383_A|T,27384_T|C,27807_C|T,28271_A|T,28311_C|T,28881_G|A,28882_G|A,28883_G|C,29510_A|C,510_518,11288_11296,21633_21641,28362_28370
Denmark/DCGC-461007/2022	XG	241_C|T,2832_A|G,3037_C|T,5386_T|G,5672_C|T,5924_G|A,9344_C|T,9424_A|G,9534_C|T,9866_C|T,10029_C|T,10198_C|T,10447_G|A,10449_C|A,12880_C|T,14408_C|T,15714_C|T,17410_C|T,18163_A|G,19440_A|T,19855_A|G,19955_C|T,20055_A|G,21618_C|T,21987_G|A,22200_T|G,22578_G|A,22674_C|T,22679_T|C,22686_C|T,22688_A|G,22775_G|A,22786_A|C,22792_C|T,22813_G|T,22882_T|G,22992_G|A,22995_C|A,23013_A|C,23040_A|G,23055_A|G,23063_A|T,23075_T|C,23403_A|G,23525_C|T,23599_T|G,23604_C|A,23854_C|A,23948_G|T,24424_A|T,24469_T|A,25000_C|T,25584_C|T,25672_C|T,26060_C|T,26270_C|T,26577_C|G,26709_G|A,26858_C|T,27259_A|C,27382_G|C,27383_A|T,27384_T|C,27807_C|T,28271_A|T,28311_C|T,28881_G|A,28882_G|A,28883_G|C,29510_A|C,11288_11296,21633_21641,28362_28370
Denmark/DCGC-461726/2022	XG	241_C|T,2832_A|G,3037_C|T,5386_T|G,5672_C|T,5924_G|A,9344_C|T,9424_A|G,9534_C|T,9866_C|T,10029_C|T,10198_C|T,10447_G|A,10449_C|A,12880_C|T,14408_C|T,15714_C|T,17410_C|T,18163_A|G,19855_A|G,19955_C|T,20055_A|G,21618_C|T,21987_G|A,22200_T|G,22578_G|A,22674_C|T,22679_T|C,22686_C|T,22688_A|G,22775_G|A,22786_A|C,22792_C|T,22813_G|T,22882_T|G,22992_G|A,22995_C|A,23013_A|C,23040_A|G,23055_A|G,23063_A|T,23075_T|C,23403_A|G,23525_C|T,23599_T|G,23604_C|A,23854_C|A,23948_G|T,24424_A|T,24469_T|A,25000_C|T,25584_C|T,25672_C|T,26060_C|T,26270_C|T,26577_C|G,26709_G|A,26858_C|T,27259_A|C,27382_G|C,27383_A|T,27384_T|C,27807_C|T,28271_A|T,28311_C|T,28881_G|A,28882_G|A,28883_G|C,29510_A|C,11288_11296,21633_21641,28362_28370
Denmark/DCGC-461916/2022	XG	241_C|T,2832_A|G,3037_C|T,5386_T|G,5672_C|T,5924_G|A,9344_C|T,9424_A|G,9534_C|T,9866_C|T,10029_C|T,10198_C|T,10447_G|A,10449_C|A,12880_C|T,14408_C|T,15714_C|T,17119_C|T,17410_C|T,18163_A|G,19855_A|G,19955_C|T,20055_A|G,21618_C|T,21850_G|T,21987_G|A,22200_T|G,22444_C|T,22578_G|A,22674_C|T,22679_T|C,22686_C|T,22688_A|G,22775_G|A,22786_A|C,22792_C|T,22813_G|T,22882_T|G,22992_G|A,22995_C|A,23013_A|C,23040_A|G,23055_A|G,23063_A|T,23075_T|C,23403_A|G,23525_C|T,23599_T|G,23604_C|A,23854_C|A,23948_G|T,24424_A|T,24469_T|A,25000_C|T,25584_C|T,26060_C|T,26270_C|T,26577_C|G,26709_G|A,26858_C|T,27259_A|C,27382_G|C,27383_A|T,27384_T|C,27807_C|T,28271_A|T,28311_C|T,28881_G|A,28882_G|A,28883_G|C,29510_A|C,11288_11296,28362_28370
Denmark/DCGC-461949/2022	XG	241_C|T,2832_A|G,3037_C|T,5386_T|G,5672_C|T,5924_G|A,9344_C|T,9424_A|G,9534_C|T,9866_C|T,10029_C|T,10198_C|T,10447_G|A,10449_C|A,12880_C|T,14408_C|T,15714_C|T,17410_C|T,18163_A|G,19855_A|G,19955_C|T,20055_A|G,21618_C|T,21987_G|A,22200_T|G,22578_G|A,22674_C|T,22679_T|C,22686_C|T,22688_A|G,22775_G|A,22786_A|C,22792_C|T,22813_G|T,22882_T|G,22992_G|A,22995_C|A,23013_A|C,23040_A|G,23055_A|G,23063_A|T,23075_T|C,23403_A|G,23525_C|T,23599_T|G,23604_C|A,23854_C|A,23948_G|T,24424_A|T,24469_T|A,25000_C|T,25584_C|T,25672_C|T,26060_C|T,26270_C|T,26709_G|A,26858_C|T,27259_A|C,27382_G|C,27383_A|T,27384_T|C,27807_C|T,28271_A|T,28311_C|T,28881_G|A,28882_G|A,28883_G|C,29510_A|C,11288_11296,21633_21641,28362_28370,29734_29759
Denmark/DCGC-462186/2022	XG	241_C|T,2832_A|G,3037_C|T,5386_T|G,5672_C|T,5924_G|A,9344_C|T,9424_A|G,9534_C|T,9866_C|T,10029_C|T,10198_C|T,10447_G|A,10449_C|A,12880_C|T,14408_C|T,15714_C|T,17410_C|T,18163_A|G,19855_A|G,19955_C|T,20055_A|G,21618_C|T,21987_G|A,22200_T|G,22346_G|T,22578_G|A,22674_C|T,22679_T|C,22686_C|T,22688_A|G,22775_G|A,22786_A|C,22792_C|T,22813_G|T,22882_T|G,22992_G|A,22995_C|A,23013_A|C,23040_A|G,23055_A|G,23063_A|T,23075_T|C,23403_A|G,23525_C|T,23599_T|G,23604_C|A,23854_C|A,23948_G|T,24424_A|T,24469_T|A,25000_C|T,25584_C|T,25672_C|T,26060_C|T,26270_C|T,26577_C|G,26709_G|A,26858_C|T,27259_A|C,27382_G|C,27383_A|T,27384_T|C,27807_C|T,28271_A|T,28311_C|T,28881_G|A,28882_G|A,28883_G|C,29510_A|C,11288_11296,28362_28370
Denmark/DCGC-462224/2022	XG	241_C|T,2832_A|G,3037_C|T,5386_T|G,5672_C|T,5924_G|A,9344_C|T,9424_A|G,9534_C|T,9866_C|T,10029_C|T,10198_C|T,10447_G|A,10449_C|A,12880_C|T,13019_C|T,14408_C|T,15714_C|T,17410_C|T,18163_A|G,19855_A|G,19955_C|T,20055_A|G,21618_C|T,21987_G|A,22200_T|G,22578_G|A,22674_C|T,22679_T|C,22686_C|T,22688_A|G,22775_G|A,22786_A|C,22792_C|T,22813_G|T,22882_T|G,22992_G|A,22995_C|A,23013_A|C,23040_A|G,23055_A|G,23063_A|T,23075_T|C,23403_A|G,23525_C|T,23599_T|G,23604_C|A,23854_C|A,23948_G|T,24424_A|T,24469_T|A,25000_C|T,25584_C|T,25672_C|T,26060_C|T,26270_C|T,26577_C|G,26709_G|A,26858_C|T,27259_A|C,27382_G|C,27383_A|T,27384_T|C,27807_C|T,28271_A|T,28311_C|T,28881_G|A,28882_G|A,28883_G|C,29510_A|C,510_518,11288_11296,21633_21641,28362_28370
Denmark/DCGC-462639/2022	XG	241_C|T,2832_A|G,3037_C|T,5386_T|G,5672_C|T,5924_G|A,9344_C|T,9424_A|G,9534_C|T,9866_C|T,10029_C|T,10198_C|T,10447_G|A,10449_C|A,12880_C|T,14408_C|T,15714_C|T,17410_C|T,18163_A|G,19855_A|G,19955_C|T,20055_A|G,21618_C|T,21987_G|A,22200_T|G,22346_G|T,22578_G|A,22674_C|T,22679_T|C,22686_C|T,22688_A|G,22775_G|A,22786_A|C,22792_C|T,22813_G|T,22882_T|G,22992_G|A,22995_C|A,23013_A|C,23040_A|G,23055_A|G,23063_A|T,23075_T|C,23403_A|G,23525_C|T,23599_T|G,23604_C|A,23854_C|A,23948_G|T,24424_A|T,24469_T|A,25000_C|T,25584_C|T,25672_C|T,26060_C|T,26270_C|T,26577_C|G,26709_G|A,26858_C|T,27259_A|C,27382_G|C,27383_A|T,27384_T|C,27807_C|T,28271_A|T,28311_C|T,28881_G|A,28882_G|A,28883_G|C,29510_A|C,11288_11296,21633_21641,28362_28370
Denmark/DCGC-462991/2022	XG	241_C|T,2832_A|G,3037_C|T,5386_T|G,5672_C|T,5924_G|A,9344_C|T,9424_A|G,9534_C|T,9866_C|T,10029_C|T,10198_C|T,10447_G|A,10449_C|A,12880_C|T,14408_C|T,15714_C|T,17410_C|T,18163_A|G,19855_A|G,19955_C|T,20055_A|G,21618_C|T,21987_G|A,22200_T|G,22578_G|A,22674_C|T,22679_T|C,22686_C|T,22688_A|G,22775_G|A,22786_A|C,22792_C|T,22813_G|T,22882_T|G,22992_G|A,22995_C|A,23013_A|C,23040_A|G,23055_A|G,23063_A|T,23075_T|C,23403_A|G,23525_C|T,23599_T|G,23604_C|A,23854_C|A,23948_G|T,24424_A|T,24469_T|A,25000_C|T,25584_C|T,26060_C|T,26270_C|T,26709_G|A,26858_C|T,27259_A|C,27382_G|C,27383_A|T,27384_T|C,27807_C|T,28271_A|T,28311_C|T,28881_G|A,28882_G|A,28883_G|C,29510_A|C,11288_11296,21633_21641,28362_28370
Denmark/DCGC-463517/2022	XG	241_C|T,2832_A|G,3037_C|T,5386_T|G,5672_C|T,5924_G|A,9344_C|T,9424_A|G,9534_C|T,9866_C|T,10029_C|T,10198_C|T,10447_G|A,10449_C|A,12880_C|T,14408_C|T,15714_C|T,17410_C|T,18163_A|G,19855_A|G,19955_C|T,20055_A|G,21618_C|T,21850_G|T,21987_G|A,22200_T|G,22444_C|T,22578_G|A,22674_C|T,22679_T|C,22686_C|T,22688_A|G,22775_G|A,22786_A|C,22792_C|T,22813_G|T,22882_T|G,22992_G|A,22995_C|A,23013_A|C,23040_A|G,23055_A|G,23063_A|T,23075_T|C,23403_A|G,23525_C|T,23599_T|G,23604_C|A,23854_C|A,23948_G|T,24424_A|T,24469_T|A,25000_C|T,25584_C|T,26060_C|T,26270_C|T,26577_C|G,26709_G|A,26858_C|T,27259_A|C,27382_G|C,27383_A|T,27384_T|C,27807_C|T,28271_A|T,28311_C|T,28881_G|A,28882_G|A,28883_G|C,29510_A|C,11288_11296,21633_21641,28362_28370
Denmark/DCGC-463607/2022	XG	241_C|T,2832_A|G,3037_C|T,5386_T|G,5672_C|T,5924_G|A,9344_C|T,9424_A|G,9534_C|T,9866_C|T,10029_C|T,10198_C|T,10447_G|A,10449_C|A,12880_C|T,14408_C|T,15714_C|T,17410_C|T,18163_A|G,19855_A|G,19955_C|T,20055_A|G,21618_C|T,21987_G|A,22200_T|G,22578_G|A,22674_C|T,22679_T|C,22686_C|T,22688_A|G,22775_G|A,22786_A|C,22792_C|T,22813_G|T,22882_T|G,22992_G|A,22995_C|A,23013_A|C,23040_A|G,23055_A|G,23063_A|T,23075_T|C,23403_A|G,23525_C|T,23599_T|G,23604_C|A,23854_C|A,23948_G|T,24424_A|T,24469_T|A,25000_C|T,25584_C|T,25672_C|T,26060_C|T,26270_C|T,26577_C|G,26709_G|A,26858_C|T,27259_A|C,27382_G|C,27383_A|T,27384_T|C,27807_C|T,28271_A|T,28311_C|T,28881_G|A,28882_G|A,28883_G|C,29510_A|C,11288_11296,21633_21641,28362_28370
Denmark/DCGC-464074/2022	XG	241_C|T,2832_A|G,3037_C|T,5386_T|G,5672_C|T,5924_G|A,9344_C|T,9424_A|G,9534_C|T,9866_C|T,10029_C|T,10198_C|T,10447_G|A,10449_C|A,12880_C|T,14408_C|T,15714_C|T,17410_C|T,18163_A|G,19855_A|G,19955_C|T,20055_A|G,21618_C|T,21850_G|T,21987_G|A,22200_T|G,22444_C|T,22578_G|A,22674_C|T,22679_T|C,22686_C|T,22688_A|G,22775_G|A,22786_A|C,22792_C|T,22813_G|T,22882_T|G,22992_G|A,22995_C|A,23013_A|C,23040_A|G,23055_A|G,23063_A|T,23075_T|C,23403_A|G,23525_C|T,23599_T|G,23604_C|A,23854_C|A,23948_G|T,24424_A|T,24469_T|A,25000_C|T,25584_C|T,26060_C|T,26270_C|T,26577_C|G,26709_G|A,26858_C|T,27259_A|C,27382_G|C,27383_A|T,27384_T|C,27807_C|T,28087_C|T,28271_A|T,28311_C|T,28881_G|A,28882_G|A,28883_G|C,29510_A|C,11288_11296,21633_21641,28362_28370
Denmark/DCGC-464147/2022	XG	241_C|T,2832_A|G,3037_C|T,5386_T|G,5672_C|T,5924_G|A,6363_C|T,9344_C|T,9424_A|G,9534_C|T,9866_C|T,10029_C|T,10198_C|T,10447_G|A,10449_C|A,12880_C|T,14408_C|T,15714_C|T,17410_C|T,18163_A|G,19855_A|G,19955_C|T,20055_A|G,21618_C|T,21850_G|T,21987_G|A,22200_T|G,22444_C|T,22578_G|A,22674_C|T,22679_T|C,22686_C|T,22688_A|G,22775_G|A,22786_A|C,22792_C|T,22813_G|T,22882_T|G,22992_G|A,22995_C|A,23013_A|C,23040_A|G,23055_A|G,23063_A|T,23075_T|C,23403_A|G,23525_C|T,23599_T|G,23604_C|A,23854_C|A,23948_G|T,24424_A|T,24469_T|A,25584_C|T,26060_C|T,26270_C|T,26709_G|A,26858_C|T,27259_A|C,27382_G|C,27383_A|T,27384_T|C,27807_C|T,28271_A|T,28311_C|T,28881_G|A,28882_G|A,28883_G|C,29510_A|C,11288_11296,21633_21641,28362_28370
Denmark/DCGC-464946/2022	XG	241_C|T,2832_A|G,3037_C|T,5386_T|G,5672_C|T,5924_G|A,9344_C|T,9424_A|G,9534_C|T,9866_C|T,10029_C|T,10198_C|T,10447_G|A,10449_C|A,12880_C|T,14408_C|T,15714_C|T,17410_C|T,18163_A|G,19855_A|G,19955_C|T,20055_A|G,21618_C|T,21850_G|T,21952_C|T,21987_G|A,22200_T|G,22444_C|T,22578_G|A,22674_C|T,22679_T|C,22686_C|T,22688_A|G,22775_G|A,22786_A|C,22792_C|T,22813_G|T,22882_T|G,22992_G|A,22995_C|A,23013_A|C,23040_A|G,23055_A|G,23063_A|T,23075_T|C,23403_A|G,23525_C|T,23599_T|G,23604_C|A,23854_C|A,23948_G|T,24424_A|T,24469_T|A,25000_C|T,25584_C|T,26060_C|T,26270_C|T,26577_C|G,26709_G|A,26858_C|T,27259_A|C,27382_G|C,27383_A|T,27384_T|C,27807_C|T,28271_A|T,28311_C|T,28881_G|A,28882_G|A,28883_G|C,29510_A|C,11288_11296,21633_21641,28362_28370
Denmark/DCGC-466174/2022	XG	241_C|T,2832_A|G,3037_C|T,5386_T|G,5672_C|T,5924_G|A,9344_C|T,9424_A|G,9534_C|T,9866_C|T,10029_C|T,10198_C|T,10447_G|A,10449_C|A,12880_C|T,14408_C|T,15714_C|T,17410_C|T,18163_A|G,19855_A|G,19955_C|T,20055_A|G,21618_C|T,21987_G|A,22200_T|G,22578_G|A,22674_C|T,22679_T|C,22686_C|T,22688_A|G,22775_G|A,22786_A|C,22792_C|T,22813_G|T,22882_T|G,22992_G|A,22995_C|A,23013_A|C,23040_A|G,23055_A|G,23063_A|T,23075_T|C,23403_A|G,23525_C|T,23599_T|G,23604_C|A,23854_C|A,23948_G|T,24424_A|T,24469_T|A,25000_C|T,25584_C|T,25672_C|T,26060_C|T,26270_C|T,26577_C|G,26709_G|A,26858_C|T,27259_A|C,27382_G|C,27383_A|T,27384_T|C,27807_C|T,28271_A|T,28311_C|T,28881_G|A,28882_G|A,28883_G|C,29510_A|C,11288_11296,21633_21641,28362_28370
Denmark/DCGC-467336/2022	XG	21_C|T,241_C|T,2832_A|G,3037_C|T,5386_T|G,5672_C|T,5924_G|A,9344_C|T,9424_A|G,9534_C|T,9866_C|T,10029_C|T,10198_C|T,10447_G|A,10449_C|A,12880_C|T,14408_C|T,15714_C|T,17410_C|T,18163_A|G,19855_A|G,19955_C|T,20055_A|G,21618_C|T,21987_G|A,22200_T|G,22578_G|A,22674_C|T,22679_T|C,22686_C|T,22688_A|G,22775_G|A,22786_A|C,22792_C|T,22813_G|T,22882_T|G,22992_G|A,22995_C|A,23013_A|C,23040_A|G,23055_A|G,23063_A|T,23075_T|C,23403_A|G,23525_C|T,23599_T|G,23604_C|A,23854_C|A,23948_G|T,24424_A|T,24469_T|A,25000_C|T,25584_C|T,25672_C|T,26060_C|T,26270_C|T,26577_C|G,26709_G|A,26858_C|T,27259_A|C,27382_G|C,27383_A|T,27384_T|C,27807_C|T,28271_A|T,28311_C|T,28881_G|A,28882_G|A,28883_G|C,29510_A|C,11288_11296,21633_21641,28362_28370
Denmark/DCGC-467643/2022	XG	241_C|T,2832_A|G,3037_C|T,5386_T|G,5672_C|T,5924_G|A,9344_C|T,9424_A|G,9534_C|T,9866_C|T,10029_C|T,10198_C|T,10447_G|A,10449_C|A,12880_C|T,14408_C|T,15714_C|T,17410_C|T,18163_A|G,19855_A|G,19955_C|T,20055_A|G,21618_C|T,21987_G|A,22200_T|G,22346_G|T,22578_G|A,22674_C|T,22679_T|C,22686_C|T,22688_A|G,22775_G|A,22786_A|C,22792_C|T,22813_G|T,22882_T|G,22992_G|A,22995_C|A,23013_A|C,23040_A|G,23055_A|G,23063_A|T,23075_T|C,23403_A|G,23525_C|T,23599_T|G,23604_C|A,23854_C|A,23948_G|T,24424_A|T,24469_T|A,25584_C|T,25672_C|T,26060_C|T,26270_C|T,26709_G|A,26858_C|T,27259_A|C,27382_G|C,27383_A|T,27384_T|C,27807_C|T,28271_A|T,28311_C|T,28881_G|A,28882_G|A,28883_G|C,29510_A|C,11288_11296,21633_21641,28362_28370
Denmark/DCGC-467787/2022	XG	241_C|T,2832_A|G,3037_C|T,5386_T|G,5672_C|T,5924_G|A,9344_C|T,9424_A|G,9534_C|T,9866_C|T,10029_C|T,10198_C|T,10447_G|A,10449_C|A,12880_C|T,14408_C|T,15714_C|T,17410_C|T,18163_A|G,19855_A|G,19955_C|T,20055_A|G,21618_C|T,21987_G|A,22200_T|G,22346_G|T,22578_G|A,22674_C|T,22679_T|C,22686_C|T,22688_A|G,22775_G|A,22786_A|C,22792_C|T,22813_G|T,22882_T|G,22992_G|A,22995_C|A,23013_A|C,23040_A|G,23055_A|G,23063_A|T,23075_T|C,23403_A|G,23525_C|T,23599_T|G,23604_C|A,23854_C|A,23948_G|T,24424_A|T,24469_T|A,25000_C|T,25584_C|T,25672_C|T,26060_C|T,26270_C|T,26577_C|G,26709_G|A,26858_C|T,27259_A|C,27382_G|C,27383_A|T,27384_T|C,27807_C|T,28271_A|T,28311_C|T,28881_G|A,28882_G|A,28883_G|C,29510_A|C,11288_11296,21633_21641,28362_28370
Denmark/DCGC-468634/2022	XG	241_C|T,2832_A|G,3037_C|T,5386_T|G,5672_C|T,5924_G|A,9344_C|T,9424_A|G,9534_C|T,9866_C|T,10029_C|T,10198_C|T,10447_G|A,10449_C|A,12880_C|T,14408_C|T,15714_C|T,17410_C|T,18163_A|G,19855_A|G,19955_C|T,20055_A|G,21618_C|T,21987_G|A,22200_T|G,22346_G|T,22578_G|A,22674_C|T,22679_T|C,22686_C|T,22688_A|G,22775_G|A,22786_A|C,22792_C|T,22813_G|T,22882_T|G,22992_G|A,22995_C|A,23013_A|C,23040_A|G,23055_A|G,23063_A|T,23075_T|C,23403_A|G,23525_C|T,23599_T|G,23604_C|A,23854_C|A,23948_G|T,24424_A|T,24469_T|A,25000_C|T,25584_C|T,25672_C|T,26060_C|T,26270_C|T,26577_C|G,26709_G|A,26858_C|T,27259_A|C,27382_G|C,27383_A|T,27384_T|C,27807_C|T,28271_A|T,28311_C|T,28881_G|A,28882_G|A,28883_G|C,29510_A|C,11288_11296,21633_21641,28362_28370
Denmark/DCGC-469530/2022	XG	241_C|T,2832_A|G,3037_C|T,5386_T|G,5672_C|T,5924_G|A,9344_C|T,9424_A|G,9534_C|T,9866_C|T,10029_C|T,10198_C|T,10447_G|A,10449_C|A,11083_G|T,12880_C|T,14408_C|T,15277_C|T,15714_C|T,17410_C|T,18163_A|G,19855_A|G,19955_C|T,20055_A|G,21618_C|T,21987_G|A,22200_T|G,22578_G|A,22674_C|T,22679_T|C,22686_C|T,22688_A|G,22775_G|A,22786_A|C,22792_C|T,22813_G|T,22882_T|G,22992_G|A,22995_C|A,23013_A|C,23040_A|G,23055_A|G,23063_A|T,23075_T|C,23403_A|G,23525_C|T,23599_T|G,23604_C|A,23854_C|A,23948_G|T,24424_A|T,24469_T|A,25000_C|T,25584_C|T,26060_C|T,26270_C|T,26577_C|G,26709_G|A,26858_C|T,27259_A|C,27382_G|C,27383_A|T,27384_T|C,27807_C|T,28271_A|T,28311_C|T,28881_G|A,28882_G|A,28883_G|C,29510_A|C,11288_11296,28362_28370
Denmark/DCGC-469574/2022	XG	241_C|T,2832_A|G,3037_C|T,5386_T|G,5672_C|T,5924_G|A,9344_C|T,9424_A|G,9534_C|T,9866_C|T,10029_C|T,10198_C|T,10447_G|A,10449_C|A,12880_C|T,14408_C|T,15714_C|T,17410_C|T,18163_A|G,19855_A|G,19955_C|T,20055_A|G,21618_C|T,21987_G|A,22200_T|G,22578_G|A,22674_C|T,22679_T|C,22686_C|T,22688_A|G,22775_G|A,22786_A|C,22792_C|T,22813_G|T,22882_T|G,22992_G|A,22995_C|A,23013_A|C,23040_A|G,23055_A|G,23063_A|T,23075_T|C,23403_A|G,23525_C|T,23599_T|G,23604_C|A,23854_C|A,23948_G|T,24424_A|T,24469_T|A,25000_C|T,25584_C|T,25672_C|T,26060_C|T,26270_C|T,26577_C|G,26709_G|A,26858_C|T,27259_A|C,27382_G|C,27383_A|T,27384_T|C,27807_C|T,28271_A|T,28311_C|T,28881_G|A,28882_G|A,28883_G|C,29510_A|C,11288_11296,21633_21641,28362_28370
Denmark/DCGC-469776/2022	XG	241_C|T,2832_A|G,3037_C|T,5386_T|G,5672_C|T,5924_G|A,9344_C|T,9424_A|G,9534_C|T,9866_C|T,10029_C|T,10198_C|T,10447_G|A,10449_C|A,12880_C|T,14408_C|T,15714_C|T,17410_C|T,18163_A|G,19855_A|G,19955_C|T,20055_A|G,21618_C|T,21987_G|A,22200_T|G,22346_G|T,22578_G|A,22674_C|T,22679_T|C,22686_C|T,22688_A|G,22775_G|A,22786_A|C,22792_C|T,22813_G|T,22882_T|G,22992_G|A,22995_C|A,23013_A|C,23040_A|G,23055_A|G,23063_A|T,23075_T|C,23403_A|G,23525_C|T,23599_T|G,23604_C|A,23854_C|A,23948_G|T,24424_A|T,24469_T|A,25000_C|T,25584_C|T,25672_C|T,26060_C|T,26270_C|T,26709_G|A,26858_C|T,27259_A|C,27382_G|C,27383_A|T,27384_T|C,27807_C|T,28271_A|T,28311_C|T,28881_G|A,28882_G|A,28883_G|C,29510_A|C,513_518,11288_11296,21633_21641,27222_27223,28362_28370
Denmark/DCGC-470539/2022	XG	241_C|T,2832_A|G,3037_C|T,3100_T|C,5386_T|G,5672_C|T,5924_G|A,9344_C|T,9424_A|G,9534_C|T,9866_C|T,10029_C|T,10198_C|T,10447_G|A,10449_C|A,12880_C|T,14408_C|T,15714_C|T,17410_C|T,18163_A|G,19855_A|G,19955_C|T,20055_A|G,21618_C|T,21987_G|A,22200_T|G,22346_G|T,22578_G|A,22674_C|T,22679_T|C,22686_C|T,22688_A|G,22775_G|A,22786_A|C,22792_C|T,22813_G|T,22882_T|G,22992_G|A,22995_C|A,23013_A|C,23040_A|G,23055_A|G,23063_A|T,23075_T|C,23403_A|G,23525_C|T,23599_T|G,23604_C|A,23854_C|A,23948_G|T,24424_A|T,24469_T|A,25000_C|T,25584_C|T,25672_C|T,26060_C|T,26270_C|T,26577_C|G,26709_G|A,26858_C|T,27259_A|C,27382_G|C,27383_A|T,27384_T|C,27807_C|T,28271_A|T,28311_C|T,28881_G|A,28882_G|A,28883_G|C,29510_A|C,11288_11296,28362_28370
Denmark/DCGC-470708/2022	XG	241_C|T,2832_A|G,3037_C|T,3100_T|C,5386_T|G,5672_C|T,5924_G|A,9344_C|T,9424_A|G,9534_C|T,9866_C|T,10029_C|T,10198_C|T,10447_G|A,10449_C|A,12880_C|T,14408_C|T,15714_C|T,17410_C|T,18163_A|G,19855_A|G,19955_C|T,20055_A|G,21618_C|T,21987_G|A,22200_T|G,22346_G|T,22578_G|A,22674_C|T,22679_T|C,22686_C|T,22688_A|G,22775_G|A,22786_A|C,22792_C|T,22813_G|T,22882_T|G,22992_G|A,22995_C|A,23013_A|C,23040_A|G,23055_A|G,23063_A|T,23075_T|C,23403_A|G,23525_C|T,23599_T|G,23604_C|A,23854_C|A,23948_G|T,24424_A|T,24469_T|A,25000_C|T,25584_C|T,25672_C|T,26060_C|T,26270_C|T,26577_C|G,26709_G|A,26858_C|T,27259_A|C,27382_G|C,27383_A|T,27384_T|C,27807_C|T,28271_A|T,28311_C|T,28881_G|A,28882_G|A,28883_G|C,29510_A|C,11288_11296,28362_28370
Denmark/DCGC-471008/2022	XG	241_C|T,2832_A|G,3037_C|T,5386_T|G,5672_C|T,5924_G|A,9344_C|T,9424_A|G,9534_C|T,9866_C|T,10029_C|T,10198_C|T,10447_G|A,10449_C|A,12880_C|T,14408_C|T,15714_C|T,17410_C|T,18163_A|G,19855_A|G,19955_C|T,20055_A|G,21618_C|T,21987_G|A,22200_T|G,22346_G|T,22578_G|A,22674_C|T,22679_T|C,22686_C|T,22688_A|G,22775_G|A,22786_A|C,22792_C|T,22813_G|T,22882_T|G,22992_G|A,22995_C|A,23013_A|C,23040_A|G,23055_A|G,23063_A|T,23075_T|C,23403_A|G,23525_C|T,23599_T|G,23604_C|A,23854_C|A,23948_G|T,24424_A|T,24469_T|A,25000_C|T,25584_C|T,25672_C|T,26060_C|T,26270_C|T,26577_C|G,26709_G|A,26858_C|T,27259_A|C,27382_G|C,27383_A|T,27384_T|C,27807_C|T,28271_A|T,28311_C|T,28881_G|A,28882_G|A,28883_G|C,29510_A|C,11288_11296,21633_21641,28362_28370
Denmark/DCGC-472458/2022	XG	241_C|T,2832_A|G,3037_C|T,5386_T|G,5672_C|T,5924_G|A,9344_C|T,9424_A|G,9534_C|T,9866_C|T,10029_C|T,10198_C|T,10447_G|A,10449_C|A,12880_C|T,14408_C|T,15714_C|T,17410_C|T,18163_A|G,19855_A|G,19955_C|T,20055_A|G,21618_C|T,21850_G|T,21987_G|A,22200_T|G,22444_C|T,22578_G|A,22674_C|T,22679_T|C,22686_C|T,22688_A|G,22775_G|A,22786_A|C,22792_C|T,22813_G|T,22882_T|G,22992_G|A,22995_C|A,23013_A|C,23040_A|G,23055_A|G,23063_A|T,23075_T|C,23403_A|G,23525_C|T,23599_T|G,23604_C|A,23854_C|A,23948_G|T,24424_A|T,24469_T|A,25000_C|T,25584_C|T,26060_C|T,26270_C|T,26542_C|T,26577_C|G,26709_G|A,26858_C|T,27259_A|C,27382_G|C,27383_A|T,27384_T|C,27807_C|T,28271_A|T,28311_C|T,28881_G|A,28882_G|A,28883_G|C,29510_A|C,11288_11296,21633_21641,28362_28370
Denmark/DCGC-473098/2022	XG	241_C|T,2832_A|G,3037_C|T,5386_T|G,5672_C|T,5924_G|A,9344_C|T,9424_A|G,9534_C|T,9866_C|T,10029_C|T,10198_C|T,10447_G|A,10449_C|A,12880_C|T,14408_C|T,15714_C|T,17410_C|T,18163_A|G,19855_A|G,19955_C|T,20055_A|G,21618_C|T,21987_G|A,22200_T|G,22346_G|T,22578_G|A,22674_C|T,22679_T|C,22686_C|T,22688_A|G,22775_G|A,22786_A|C,22792_C|T,22813_G|T,22882_T|G,22992_G|A,22995_C|A,23013_A|C,23040_A|G,23055_A|G,23063_A|T,23075_T|C,23403_A|G,23525_C|T,23599_T|G,23604_C|A,23854_C|A,23948_G|T,24424_A|T,24469_T|A,25000_C|T,25584_C|T,25672_C|T,26060_C|T,26270_C|T,26709_G|A,26858_C|T,27259_A|C,27382_G|C,27383_A|T,27384_T|C,27807_C|T,28271_A|T,28311_C|T,28881_G|A,28882_G|A,28883_G|C,29510_A|C,11288_11296,21633_21641,28362_28370
Denmark/DCGC-473384/2022	XG	241_C|T,2832_A|G,3037_C|T,5386_T|G,5672_C|T,5924_G|A,9344_C|T,9424_A|G,9534_C|T,9866_C|T,10029_C|T,10198_C|T,10447_G|A,10449_C|A,12880_C|T,14408_C|T,15714_C|T,17410_C|T,18163_A|G,19855_A|G,19955_C|T,20055_A|G,21618_C|T,21850_G|T,21987_G|A,22200_T|G,22444_C|T,22578_G|A,22674_C|T,22679_T|C,22686_C|T,22688_A|G,22775_G|A,22786_A|C,22792_C|T,22813_G|T,22882_T|G,22992_G|A,22995_C|A,23013_A|C,23040_A|G,23055_A|G,23063_A|T,23075_T|C,23403_A|G,23525_C|T,23599_T|G,23604_C|A,23854_C|A,23948_G|T,24424_A|T,24469_T|A,25000_C|T,25584_C|T,26060_C|T,26270_C|T,26577_C|G,26709_G|A,26858_C|T,27259_A|C,27382_G|C,27383_A|T,27384_T|C,27807_C|T,28271_A|T,28311_C|T,28881_G|A,28882_G|A,28883_G|C,29510_A|C,11288_11296,21633_21641,28362_28370
Denmark/DCGC-474486/2022	XG	241_C|T,1288_C|T,2832_A|G,3037_C|T,5386_T|G,5672_C|T,5924_G|A,9344_C|T,9424_A|G,9534_C|T,9866_C|T,10029_C|T,10198_C|T,10447_G|A,10449_C|A,12880_C|T,14408_C|T,15714_C|T,17410_C|T,18163_A|G,19855_A|G,19955_C|T,20055_A|G,21618_C|T,21987_G|A,22200_T|G,22578_G|A,22674_C|T,22679_T|C,22686_C|T,22688_A|G,22775_G|A,22786_A|C,22792_C|T,22813_G|T,22882_T|G,22992_G|A,22995_C|A,23013_A|C,23040_A|G,23055_A|G,23063_A|T,23075_T|C,23403_A|G,23525_C|T,23599_T|G,23604_C|A,23854_C|A,23948_G|T,24424_A|T,24469_T|A,25000_C|T,25584_C|T,25710_C|G,26060_C|T,26270_C|T,26577_C|G,26709_G|A,26858_C|T,27259_A|C,27382_G|C,27383_A|T,27384_T|C,27807_C|T,28271_A|T,28311_C|T,28881_G|A,28882_G|A,28883_G|C,29510_A|C,11288_11296,28362_28370
Denmark/DCGC-474687/2022	XG	241_C|T,2832_A|G,3037_C|T,5386_T|G,5672_C|T,5924_G|A,9344_C|T,9424_A|G,9534_C|T,9866_C|T,10029_C|T,10198_C|T,10447_G|A,10449_C|A,11083_G|T,12880_C|T,14408_C|T,15714_C|T,17410_C|T,18163_A|G,19855_A|G,19955_C|T,20055_A|G,21618_C|T,21987_G|A,22200_T|G,22578_G|A,22674_C|T,22679_T|C,22686_C|T,22688_A|G,22775_G|A,22786_A|C,22792_C|T,22813_G|T,22882_T|G,22992_G|A,22995_C|A,23013_A|C,23040_A|G,23055_A|G,23063_A|T,23075_T|C,23403_A|G,23525_C|T,23599_T|G,23604_C|A,23854_C|A,23948_G|T,24424_A|T,24469_T|A,25584_C|T,26060_C|T,26270_C|T,26709_G|A,26858_C|T,27259_A|C,27382_G|C,27383_A|T,27384_T|C,27807_C|T,28271_A|T,28311_C|T,28881_G|A,28882_G|A,28883_G|C,29510_A|C,11288_11296,21633_21641,28362_28370
Denmark/DCGC-474923/2022	XG	241_C|T,2832_A|G,3037_C|T,5386_T|G,5672_C|T,5924_G|A,9344_C|T,9424_A|G,9534_C|T,9866_C|T,10029_C|T,10198_C|T,10447_G|A,10449_C|A,12880_C|T,14408_C|T,15714_C|T,17410_C|T,18163_A|G,19855_A|G,19955_C|T,20055_A|G,21618_C|T,21987_G|A,22200_T|G,22346_G|T,22578_G|A,22674_C|T,22679_T|C,22686_C|T,22688_A|G,22775_G|A,22786_A|C,22792_C|T,22813_G|T,22882_T|G,22992_G|A,22995_C|A,23013_A|C,23040_A|G,23055_A|G,23063_A|T,23075_T|C,23403_A|G,23525_C|T,23599_T|G,23604_C|A,23854_C|A,23948_G|T,24424_A|T,24469_T|A,25000_C|T,25584_C|T,25672_C|T,26060_C|T,26270_C|T,26577_C|G,26709_G|A,26858_C|T,27259_A|C,27382_G|C,27383_A|T,27384_T|C,27807_C|T,28271_A|T,28311_C|T,28881_G|A,28882_G|A,28883_G|C,29510_A|C,11288_11296,28362_28370
Denmark/DCGC-475224/2022	XG	241_C|T,2832_A|G,3037_C|T,5386_T|G,5672_C|T,5924_G|A,9344_C|T,9424_A|G,9534_C|T,9866_C|T,10029_C|T,10198_C|T,10447_G|A,10449_C|A,12880_C|T,14408_C|T,15714_C|T,17410_C|T,18163_A|G,19855_A|G,19955_C|T,20055_A|G,21618_C|T,21987_G|A,22200_T|G,22578_G|A,22674_C|T,22679_T|C,22686_C|T,22688_A|G,22775_G|A,22786_A|C,22792_C|T,22813_G|T,22882_T|G,22992_G|A,22995_C|A,23013_A|C,23040_A|G,23055_A|G,23063_A|T,23075_T|C,23403_A|G,23525_C|T,23599_T|G,23604_C|A,23854_C|A,23948_G|T,24424_A|T,24469_T|A,25000_C|T,25584_C|T,25710_C|G,26060_C|T,26270_C|T,26709_G|A,26858_C|T,27259_A|C,27382_G|C,27383_A|T,27384_T|C,27807_C|T,28271_A|T,28311_C|T,28881_G|A,28882_G|A,28883_G|C,29510_A|C,11288_11296,21633_21641,28362_28370
Denmark/DCGC-475778/2022	XG	241_C|T,2832_A|G,3037_C|T,5386_T|G,5672_C|T,5924_G|A,9344_C|T,9424_A|G,9534_C|T,9866_C|T,10029_C|T,10198_C|T,10447_G|A,10449_C|A,12880_C|T,14408_C|T,15714_C|T,17410_C|T,18163_A|G,19855_A|G,19955_C|T,20055_A|G,21618_C|T,21987_G|A,22200_T|G,22578_G|A,22674_C|T,22679_T|C,22686_C|T,22688_A|G,22775_G|A,22786_A|C,22792_C|T,22813_G|T,22992_G|A,22995_C|A,23013_A|C,23040_A|G,23055_A|G,23063_A|T,23075_T|C,23403_A|G,23525_C|T,23599_T|G,23604_C|A,23854_C|A,23948_G|T,24424_A|T,24469_T|A,25000_C|T,25584_C|T,26060_C|T,26270_C|T,26577_C|G,26709_G|A,26858_C|T,27259_A|C,27382_G|C,27383_A|T,27384_T|C,27807_C|T,28271_A|T,28311_C|T,28881_G|A,28882_G|A,28883_G|C,29510_A|C,11288_11296,21633_21641,28362_28370
Denmark/DCGC-476142/2022	XG	241_C|T,2832_A|G,3037_C|T,5386_T|G,5672_C|T,5924_G|A,9344_C|T,9424_A|G,9534_C|T,9866_C|T,10029_C|T,10198_C|T,10447_G|A,10449_C|A,12880_C|T,14408_C|T,15714_C|T,17410_C|T,18163_A|G,19855_A|G,19955_C|T,20055_A|G,21618_C|T,21987_G|A,22200_T|G,22578_G|A,22674_C|T,22679_T|C,22686_C|T,22688_A|G,22775_G|A,22786_A|C,22792_C|T,22813_G|T,22882_T|G,22992_G|A,22995_C|A,23013_A|C,23040_A|G,23055_A|G,23063_A|T,23075_T|C,23403_A|G,23525_C|T,23599_T|G,23604_C|A,23854_C|A,23948_G|T,24424_A|T,24469_T|A,25584_C|T,25710_C|G,26060_C|T,26270_C|T,26709_G|A,26858_C|T,27259_A|C,27382_G|C,27383_A|T,27384_T|C,27807_C|T,28271_A|T,28311_C|T,28881_G|A,28882_G|A,28883_G|C,29510_A|C,11288_11296,28362_28370
Denmark/DCGC-476666/2022	XG	241_C|T,2832_A|G,3037_C|T,5386_T|G,5672_C|T,5924_G|A,9344_C|T,9424_A|G,9534_C|T,9866_C|T,10029_C|T,10198_C|T,10447_G|A,10449_C|A,12880_C|T,14408_C|T,15714_C|T,17410_C|T,18163_A|G,19855_A|G,19955_C|T,20055_A|G,21618_C|T,21987_G|A,22200_T|G,22346_G|T,22578_G|A,22674_C|T,22679_T|C,22686_C|T,22688_A|G,22775_G|A,22786_A|C,22792_C|T,22813_G|T,22992_G|A,22995_C|A,23013_A|C,23040_A|G,23055_A|G,23063_A|T,23075_T|C,23403_A|G,23525_C|T,23599_T|G,23604_C|A,23854_C|A,23948_G|T,24424_A|T,24469_T|A,25000_C|T,25584_C|T,25672_C|T,26060_C|T,26270_C|T,26709_G|A,26858_C|T,27259_A|C,27382_G|C,27383_A|T,27384_T|C,27807_C|T,28271_A|T,28311_C|T,28881_G|A,28882_G|A,28883_G|C,29510_A|C,11288_11296,21633_21641,28362_28370
Denmark/DCGC-477261/2022	XG	241_C|T,2832_A|G,3037_C|T,5386_T|G,5672_C|T,5924_G|A,9344_C|T,9424_A|G,9534_C|T,9866_C|T,10029_C|T,10198_C|T,10447_G|A,10449_C|A,12880_C|T,14408_C|T,15714_C|T,17410_C|T,18163_A|G,19855_A|G,19955_C|T,20055_A|G,21618_C|T,21987_G|A,22200_T|G,22346_G|T,22578_G|A,22674_C|T,22679_T|C,22686_C|T,22688_A|G,22775_G|A,22786_A|C,22792_C|T,22813_G|T,22882_T|G,22992_G|A,22995_C|A,23013_A|C,23040_A|G,23055_A|G,23063_A|T,23075_T|C,23403_A|G,23525_C|T,23599_T|G,23604_C|A,23854_C|A,23948_G|T,24424_A|T,24469_T|A,25000_C|T,25584_C|T,25672_C|T,26060_C|T,26270_C|T,26577_C|G,26709_G|A,26858_C|T,27259_A|C,27382_G|C,27383_A|T,27384_T|C,27807_C|T,28271_A|T,28311_C|T,28881_G|A,28882_G|A,28883_G|C,29510_A|C,11288_11296,28362_28370
Denmark/DCGC-478101/2022	XG	241_C|T,2832_A|G,3037_C|T,5386_T|G,5672_C|T,5924_G|A,9344_C|T,9424_A|G,9534_C|T,9866_C|T,10029_C|T,10198_C|T,10447_G|A,10449_C|A,12880_C|T,14408_C|T,15714_C|T,17410_C|T,18163_A|G,19855_A|G,19955_C|T,20055_A|G,21618_C|T,21987_G|A,22200_T|G,22578_G|A,22674_C|T,22679_T|C,22686_C|T,22688_A|G,22775_G|A,22786_A|C,22792_C|T,22813_G|T,22882_T|G,22992_G|A,22995_C|A,23013_A|C,23040_A|G,23055_A|G,23063_A|T,23075_T|C,23403_A|G,23525_C|T,23599_T|G,23604_C|A,23854_C|A,23948_G|T,24424_A|T,24469_T|A,25000_C|T,25584_C|T,26060_C|T,26270_C|T,26577_C|G,26709_G|A,26858_C|T,27259_A|C,27382_G|C,27383_A|T,27384_T|C,27807_C|T,28271_A|T,28311_C|T,28881_G|A,28882_G|A,28883_G|C,29510_A|C,11288_11296,21633_21641,28362_28370
Denmark/DCGC-478434/2022	XG	241_C|T,2832_A|G,3037_C|T,5386_T|G,5672_C|T,5924_G|A,9344_C|T,9424_A|G,9534_C|T,9866_C|T,10029_C|T,10198_C|T,10447_G|A,10449_C|A,12503_T|C,12880_C|T,14408_C|T,15714_C|T,17410_C|T,18163_A|G,19855_A|G,19955_C|T,20055_A|G,21618_C|T,21987_G|A,22200_T|G,22346_G|T,22578_G|A,22674_C|T,22679_T|C,22686_C|T,22688_A|G,22775_G|A,22786_A|C,22792_C|T,22813_G|T,22992_G|A,22995_C|A,23013_A|C,23040_A|G,23055_A|G,23063_A|T,23075_T|C,23403_A|G,23525_C|T,23599_T|G,23604_C|A,23854_C|A,23948_G|T,24424_A|T,24469_T|A,25000_C|T,25584_C|T,25672_C|T,26060_C|T,26270_C|T,26577_C|G,26709_G|A,26848_T|C,26858_C|T,27259_A|C,27382_G|C,27383_A|T,27384_T|C,27807_C|T,28271_A|T,28311_C|T,28881_G|A,28882_G|A,28883_G|C,29510_A|C,513_518,11288_11296,21633_21641,28362_28370
Denmark/DCGC-478992/2022	XG	241_C|T,2832_A|G,3037_C|T,5386_T|G,5672_C|T,5924_G|A,6363_C|T,9344_C|T,9424_A|G,9534_C|T,9866_C|T,10029_C|T,10198_C|T,10447_G|A,10449_C|A,12880_C|T,14408_C|T,15714_C|T,17410_C|T,18163_A|G,19855_A|G,19955_C|T,20055_A|G,21618_C|T,21850_G|T,21987_G|A,22200_T|G,22444_C|T,22578_G|A,22674_C|T,22679_T|C,22686_C|T,22688_A|G,22775_G|A,22786_A|C,22792_C|T,22813_G|T,22882_T|G,22992_G|A,22995_C|A,23013_A|C,23040_A|G,23055_A|G,23063_A|T,23075_T|C,23403_A|G,23525_C|T,23599_T|G,23604_C|A,23854_C|A,23948_G|T,24424_A|T,24469_T|A,25000_C|T,25584_C|T,26060_C|T,26270_C|T,26577_C|G,26709_G|A,26858_C|T,27259_A|C,27382_G|C,27383_A|T,27384_T|C,27807_C|T,28271_A|T,28311_C|T,28881_G|A,28882_G|A,28883_G|C,29510_A|C,11288_11296,28362_28370
Denmark/DCGC-479476/2022	XG	241_C|T,2832_A|G,3037_C|T,5386_T|G,5672_C|T,5924_G|A,6363_C|T,9344_C|T,9424_A|G,9534_C|T,9866_C|T,10029_C|T,10198_C|T,10447_G|A,10449_C|A,12880_C|T,14408_C|T,15714_C|T,17410_C|T,18163_A|G,19855_A|G,19955_C|T,20055_A|G,21618_C|T,21850_G|T,21987_G|A,22200_T|G,22444_C|T,22578_G|A,22674_C|T,22679_T|C,22686_C|T,22688_A|G,22775_G|A,22786_A|C,22792_C|T,22813_G|T,22882_T|G,22992_G|A,22995_C|A,23013_A|C,23040_A|G,23055_A|G,23063_A|T,23075_T|C,23403_A|G,23525_C|T,23599_T|G,23604_C|A,23854_C|A,23948_G|T,24424_A|T,24469_T|A,25000_C|T,25584_C|T,26060_C|T,26270_C|T,26577_C|G,26709_G|A,26858_C|T,27259_A|C,27382_G|C,27383_A|T,27384_T|C,27807_C|T,28271_A|T,28311_C|T,28881_G|A,28882_G|A,28883_G|C,29510_A|C,11288_11296,21633_21641,28362_28370
Denmark/DCGC-479818/2022	XG	241_C|T,2832_A|G,3037_C|T,5386_T|G,5672_C|T,5924_G|A,9344_C|T,9424_A|G,9534_C|T,9866_C|T,10029_C|T,10198_C|T,10447_G|A,10449_C|A,12880_C|T,14408_C|T,15714_C|T,17410_C|T,18163_A|G,19855_A|G,19955_C|T,20055_A|G,21618_C|T,21987_G|A,22200_T|G,22578_G|A,22674_C|T,22679_T|C,22686_C|T,22688_A|G,22775_G|A,22786_A|C,22792_C|T,22813_G|T,22882_T|G,22992_G|A,22995_C|A,23013_A|C,23040_A|G,23055_A|G,23063_A|T,23075_T|C,23403_A|G,23525_C|T,23599_T|G,23604_C|A,23854_C|A,23948_G|T,24424_A|T,24469_T|A,25584_C|T,26060_C|T,26270_C|T,26577_C|G,26709_G|A,26858_C|T,27259_A|C,27382_G|C,27383_A|T,27384_T|C,27807_C|T,28271_A|T,28311_C|T,28881_G|A,28882_G|A,28883_G|C,29300_G|C,29510_A|C,11288_11296,21633_21641,28362_28370
Denmark/DCGC-480813/2022	XG	241_C|T,2832_A|G,3037_C|T,5386_T|G,5672_C|T,5924_G|A,9344_C|T,9424_A|G,9534_C|T,9866_C|T,10029_C|T,10198_C|T,10447_G|A,10449_C|A,12880_C|T,14408_C|T,15714_C|T,17410_C|T,18163_A|G,19855_A|G,19955_C|T,20055_A|G,21618_C|T,21987_G|A,22200_T|G,22578_G|A,22674_C|T,22679_T|C,22686_C|T,22688_A|G,22775_G|A,22786_A|C,22792_C|T,22813_G|T,22882_T|G,22992_G|A,22995_C|A,23013_A|C,23040_A|G,23055_A|G,23063_A|T,23075_T|C,23403_A|G,23525_C|T,23599_T|G,23604_C|A,23854_C|A,23948_G|T,24424_A|T,24469_T|A,25000_C|T,25584_C|T,26060_C|T,26270_C|T,26709_G|A,26858_C|T,27259_A|C,27382_G|C,27383_A|T,27384_T|C,27807_C|T,28271_A|T,28311_C|T,28881_G|A,28882_G|A,28883_G|C,29510_A|C,11288_11296,21633_21641,28362_28370
Denmark/DCGC-480896/2022	XG	241_C|T,2832_A|G,3037_C|T,5386_T|G,5672_C|T,5924_G|A,9344_C|T,9424_A|G,9534_C|T,9866_C|T,10029_C|T,10198_C|T,10447_G|A,10449_C|A,12880_C|T,14408_C|T,15714_C|T,17410_C|T,18163_A|G,19855_A|G,19955_C|T,20055_A|G,21618_C|T,21987_G|A,22200_T|G,22346_G|T,22578_G|A,22674_C|T,22679_T|C,22686_C|T,22688_A|G,22775_G|A,22786_A|C,22792_C|T,22813_G|T,22882_T|G,22992_G|A,22995_C|A,23013_A|C,23040_A|G,23055_A|G,23063_A|T,23075_T|C,23403_A|G,23525_C|T,23599_T|G,23604_C|A,23854_C|A,23948_G|T,24424_A|T,24469_T|A,25000_C|T,25584_C|T,25672_C|T,26060_C|T,26270_C|T,26577_C|G,26709_G|A,26858_C|T,27259_A|C,27382_G|C,27383_A|T,27384_T|C,27807_C|T,28271_A|T,28311_C|T,28881_G|A,28882_G|A,28883_G|C,29510_A|C,29734_G|T,11288_11296,28362_28370
Denmark/DCGC-481278/2022	XG	241_C|T,2832_A|G,3037_C|T,5386_T|G,5672_C|T,5924_G|A,9344_C|T,9424_A|G,9534_C|T,9866_C|T,10029_C|T,10198_C|T,10447_G|A,10449_C|A,12880_C|T,14408_C|T,15714_C|T,17410_C|T,18163_A|G,19855_A|G,19955_C|T,20055_A|G,21618_C|T,21987_G|A,22200_T|G,22578_G|A,22674_C|T,22679_T|C,22686_C|T,22688_A|G,22775_G|A,22786_A|C,22792_C|T,22813_G|T,22882_T|G,22992_G|A,22995_C|A,23013_A|C,23040_A|G,23055_A|G,23063_A|T,23075_T|C,23403_A|G,23525_C|T,23599_T|G,23604_C|A,23854_C|A,23948_G|T,24424_A|T,24469_T|A,25584_C|T,26060_C|T,26270_C|T,26709_G|A,26858_C|T,27259_A|C,27382_G|C,27383_A|T,27384_T|C,27807_C|T,28271_A|T,28311_C|T,28881_G|A,28882_G|A,28883_G|C,29510_A|C,11288_11296,28362_28370
Denmark/DCGC-481652/2022	XG	241_C|T,2832_A|G,3037_C|T,5386_T|G,5672_C|T,5924_G|A,9344_C|T,9424_A|G,9534_C|T,9866_C|T,10029_C|T,10198_C|T,10447_G|A,10449_C|A,12880_C|T,14408_C|T,15714_C|T,17410_C|T,18163_A|G,19855_A|G,19955_C|T,20055_A|G,21618_C|T,21987_G|A,22200_T|G,22578_G|A,22674_C|T,22679_T|C,22686_C|T,22688_A|G,22775_G|A,22786_A|C,22792_C|T,22813_G|T,22882_T|G,22992_G|A,22995_C|A,23013_A|C,23040_A|G,23055_A|G,23063_A|T,23075_T|C,23403_A|G,23525_C|T,23599_T|G,23604_C|A,23854_C|A,23948_G|T,24424_A|T,24469_T|A,25000_C|T,25584_C|T,26060_C|T,26270_C|T,26577_C|G,26709_G|A,26858_C|T,27259_A|C,27382_G|C,27383_A|T,27384_T|C,27807_C|T,28271_A|T,28311_C|T,28881_G|A,28882_G|A,28883_G|C,29510_A|C,11288_11296,28362_28370
Denmark/DCGC-482935/2022	XG	241_C|T,2832_A|G,3037_C|T,5386_T|G,5672_C|T,5924_G|A,6363_C|T,9344_C|T,9424_A|G,9534_C|T,9866_C|T,10029_C|T,10198_C|T,10447_G|A,10449_C|A,12880_C|T,14408_C|T,15714_C|T,17410_C|T,18163_A|G,19855_A|G,19955_C|T,20055_A|G,21618_C|T,21850_G|T,21987_G|A,22200_T|G,22444_C|T,22578_G|A,22674_C|T,22679_T|C,22686_C|T,22688_A|G,22775_G|A,22786_A|C,22792_C|T,22813_G|T,22882_T|G,22992_G|A,22995_C|A,23013_A|C,23040_A|G,23055_A|G,23063_A|T,23075_T|C,23403_A|G,23525_C|T,23599_T|G,23604_C|A,23854_C|A,23948_G|T,24424_A|T,24469_T|A,25000_C|T,25584_C|T,26060_C|T,26270_C|T,26709_G|A,26858_C|T,27259_A|C,27382_G|C,27383_A|T,27384_T|C,27807_C|T,28271_A|T,28311_C|T,28881_G|A,28882_G|A,28883_G|C,29510_A|C,11288_11296,21633_21641,28362_28370
Denmark/DCGC-483100/2022	XG	241_C|T,2832_A|G,3037_C|T,5386_T|G,5672_C|T,5924_G|A,9344_C|T,9424_A|G,9534_C|T,9866_C|T,10029_C|T,10198_C|T,10447_G|A,10449_C|A,12880_C|T,14408_C|T,15714_C|T,17410_C|T,18163_A|G,19855_A|G,19955_C|T,20055_A|G,20178_C|T,21618_C|T,21987_G|A,22200_T|G,22578_G|A,22674_C|T,22679_T|C,22686_C|T,22688_A|G,22775_G|A,22786_A|C,22792_C|T,22813_G|T,22882_T|G,22992_G|A,22995_C|A,23013_A|C,23040_A|G,23055_A|G,23063_A|T,23075_T|C,23403_A|G,23525_C|T,23599_T|G,23604_C|A,23854_C|A,23948_G|T,24424_A|T,24469_T|A,25000_C|T,25584_C|T,26060_C|T,26270_C|T,26709_G|A,26858_C|T,27259_A|C,27382_G|C,27383_A|T,27384_T|C,27807_C|T,28271_A|T,28311_C|T,28881_G|A,28882_G|A,28883_G|C,29510_A|C,11288_11296,21633_21641,28362_28370
Denmark/DCGC-483109/2022	XG	241_C|T,2832_A|G,3037_C|T,5144_C|T,5386_T|G,5672_C|T,5924_G|A,9344_C|T,9424_A|G,9534_C|T,9866_C|T,10029_C|T,10198_C|T,10447_G|A,10449_C|A,12880_C|T,14408_C|T,15714_C|T,17410_C|T,18163_A|G,19855_A|G,19955_C|T,20055_A|G,21618_C|T,21987_G|A,22200_T|G,22578_G|A,22674_C|T,22679_T|C,22686_C|T,22688_A|G,22775_G|A,22786_A|C,22792_C|T,22813_G|T,22882_T|G,22992_G|A,22995_C|A,23013_A|C,23040_A|G,23055_A|G,23063_A|T,23075_T|C,23403_A|G,23525_C|T,23599_T|G,23604_C|A,23854_C|A,23948_G|T,24424_A|T,24469_T|A,25000_C|T,25584_C|T,26060_C|T,26270_C|T,26577_C|G,26709_G|A,26858_C|T,27259_A|C,27382_G|C,27383_A|T,27384_T|C,27807_C|T,28271_A|T,28311_C|T,28881_G|A,28882_G|A,28883_G|C,29510_A|C,11288_11296,21633_21641,28362_28370
Denmark/DCGC-483232/2022	XG	241_C|T,2832_A|G,3037_C|T,5386_T|G,5672_C|T,5924_G|A,9344_C|T,9424_A|G,9534_C|T,9866_C|T,10029_C|T,10198_C|T,10447_G|A,10449_C|A,12880_C|T,14408_C|T,15714_C|T,17410_C|T,18163_A|G,19855_A|G,19955_C|T,20055_A|G,21618_C|T,21987_G|A,22200_T|G,22578_G|A,22674_C|T,22679_T|C,22686_C|T,22688_A|G,22775_G|A,22786_A|C,22792_C|T,22813_G|T,22882_T|G,22992_G|A,22995_C|A,23013_A|C,23040_A|G,23055_A|G,23063_A|T,23075_T|C,23403_A|G,23525_C|T,23599_T|G,23604_C|A,23854_C|A,23948_G|T,24424_A|T,24469_T|A,25000_C|T,25584_C|T,26060_C|T,26270_C|T,26577_C|G,26709_G|A,26858_C|T,27259_A|C,27382_G|C,27383_A|T,27384_T|C,27807_C|T,28271_A|T,28311_C|T,28881_G|A,28882_G|A,28883_G|C,29510_A|C,11288_11296,21633_21641,28362_28370
Denmark/DCGC-484332/2022	XG	241_C|T,2832_A|G,3037_C|T,5386_T|G,5672_C|T,5924_G|A,9344_C|T,9424_A|G,9534_C|T,9866_C|T,10029_C|T,10198_C|T,10447_G|A,10449_C|A,12880_C|T,14408_C|T,15714_C|T,17410_C|T,18163_A|G,19855_A|G,19955_C|T,20055_A|G,21618_C|T,21987_G|A,22200_T|G,22578_G|A,22674_C|T,22679_T|C,22686_C|T,22688_A|G,22775_G|A,22786_A|C,22792_C|T,22813_G|T,22882_T|G,22992_G|A,22995_C|A,23013_A|C,23040_A|G,23055_A|G,23063_A|T,23075_T|C,23403_A|G,23525_C|T,23599_T|G,23604_C|A,23854_C|A,23948_G|T,24424_A|T,24469_T|A,25000_C|T,25584_C|T,26060_C|T,26270_C|T,26709_G|A,26858_C|T,27259_A|C,27382_G|C,27383_A|T,27384_T|C,27807_C|T,28271_A|T,28311_C|T,28881_G|A,28882_G|A,28883_G|C,29510_A|C,11288_11296,21633_21641,28362_28370,29734_29759
Denmark/DCGC-485491/2022	XG	241_C|T,2832_A|G,3037_C|T,5386_T|G,5672_C|T,5924_G|A,9344_C|T,9424_A|G,9534_C|T,9866_C|T,10029_C|T,10198_C|T,10447_G|A,10449_C|A,12880_C|T,14408_C|T,15714_C|T,17410_C|T,18163_A|G,19855_A|G,19955_C|T,20055_A|G,20178_C|T,21618_C|T,21987_G|A,22200_T|G,22578_G|A,22674_C|T,22679_T|C,22686_C|T,22688_A|G,22775_G|A,22786_A|C,22792_C|T,22813_G|T,22882_T|G,22992_G|A,22995_C|A,23013_A|C,23040_A|G,23055_A|G,23063_A|T,23075_T|C,23403_A|G,23525_C|T,23599_T|G,23604_C|A,23854_C|A,23948_G|T,24424_A|T,24469_T|A,25000_C|T,25584_C|T,26060_C|T,26270_C|T,26577_C|G,26709_G|A,26858_C|T,27259_A|C,27382_G|C,27383_A|T,27384_T|C,27807_C|T,28271_A|T,28311_C|T,28881_G|A,28882_G|A,28883_G|C,29510_A|C,11288_11296,21633_21641,28362_28370
Denmark/DCGC-486534/2022	XG	241_C|T,2832_A|G,3037_C|T,5386_T|G,5672_C|T,5924_G|A,9344_C|T,9424_A|G,9534_C|T,9866_C|T,10029_C|T,10198_C|T,10447_G|A,10449_C|A,12880_C|T,14408_C|T,15714_C|T,17410_C|T,18163_A|G,19855_A|G,19955_C|T,20055_A|G,21618_C|T,21987_G|A,22200_T|G,22578_G|A,22674_C|T,22679_T|C,22686_C|T,22688_A|G,22775_G|A,22786_A|C,22792_C|T,22813_G|T,22882_T|G,22992_G|A,22995_C|A,23013_A|C,23040_A|G,23055_A|G,23063_A|T,23075_T|C,23403_A|G,23525_C|T,23599_T|G,23604_C|A,23854_C|A,23948_G|T,24424_A|T,24469_T|A,25000_C|T,25584_C|T,26060_C|T,26270_C|T,26577_C|G,26709_G|A,26858_C|T,27259_A|C,27382_G|C,27383_A|T,27384_T|C,27807_C|T,28271_A|T,28311_C|T,28881_G|A,28882_G|A,28883_G|C,29510_A|C,11288_11296,28362_28370
Denmark/DCGC-487195/2022	XG	241_C|T,2832_A|G,3037_C|T,5386_T|G,5672_C|T,5924_G|A,6363_C|T,9344_C|T,9424_A|G,9534_C|T,9866_C|T,10029_C|T,10198_C|T,10447_G|A,10449_C|A,12880_C|T,14408_C|T,15714_C|T,17410_C|T,18163_A|G,19855_A|G,19955_C|T,20055_A|G,21618_C|T,21850_G|T,21987_G|A,22200_T|G,22444_C|T,22578_G|A,22674_C|T,22679_T|C,22686_C|T,22688_A|G,22775_G|A,22786_A|C,22792_C|T,22813_G|T,22882_T|G,22992_G|A,22995_C|A,23013_A|C,23040_A|G,23055_A|G,23063_A|T,23075_T|C,23403_A|G,23525_C|T,23599_T|G,23604_C|A,23854_C|A,23948_G|T,24424_A|T,24469_T|A,25000_C|T,25584_C|T,26060_C|T,26270_C|T,26709_G|A,26858_C|T,27259_A|C,27382_G|C,27383_A|T,27384_T|C,27807_C|T,28271_A|T,28311_C|T,28881_G|A,28882_G|A,28883_G|C,29510_A|C,11288_11296,21633_21641,28362_28370
Denmark/DCGC-488644/2022	XG	241_C|T,2832_A|G,3037_C|T,5386_T|G,5672_C|T,5924_G|A,9344_C|T,9424_A|G,9534_C|T,9866_C|T,10029_C|T,10198_C|T,10447_G|A,10449_C|A,12880_C|T,14408_C|T,15714_C|T,17410_C|T,18163_A|G,19855_A|G,19955_C|T,20055_A|G,21618_C|T,21987_G|A,22200_T|G,22346_G|T,22578_G|A,22674_C|T,22679_T|C,22686_C|T,22688_A|G,22775_G|A,22786_A|C,22792_C|T,22813_G|T,22882_T|G,22992_G|A,22995_C|A,23013_A|C,23040_A|G,23055_A|G,23063_A|T,23075_T|C,23403_A|G,23525_C|T,23599_T|G,23604_C|A,23854_C|A,23948_G|T,24424_A|T,24469_T|A,25000_C|T,25584_C|T,25672_C|T,26060_C|T,26270_C|T,26577_C|G,26709_G|A,26858_C|T,27259_A|C,27382_G|C,27383_A|T,27384_T|C,27807_C|T,28271_A|T,28311_C|T,28881_G|A,28882_G|A,28883_G|C,29510_A|C,11288_11296,21633_21641,28362_28370
Denmark/DCGC-488752/2022	XG	241_C|T,2832_A|G,3037_C|T,5386_T|G,5672_C|T,5924_G|A,9344_C|T,9424_A|G,9534_C|T,9866_C|T,10029_C|T,10198_C|T,10447_G|A,10449_C|A,12880_C|T,14408_C|T,14851_T|C,15714_C|T,17410_C|T,18163_A|G,19855_A|G,19955_C|T,20055_A|G,21618_C|T,21987_G|A,22200_T|G,22578_G|A,22674_C|T,22679_T|C,22686_C|T,22688_A|G,22775_G|A,22786_A|C,22792_C|T,22813_G|T,22882_T|G,22992_G|A,22995_C|A,23013_A|C,23040_A|G,23055_A|G,23063_A|T,23075_T|C,23403_A|G,23525_C|T,23599_T|G,23604_C|A,23854_C|A,23948_G|T,24424_A|T,24469_T|A,25000_C|T,25584_C|T,25710_C|G,26060_C|T,26270_C|T,26577_C|G,26709_G|A,26858_C|T,27259_A|C,27382_G|C,27383_A|T,27384_T|C,27807_C|T,28271_A|T,28311_C|T,28881_G|A,28882_G|A,28883_G|C,29510_A|C,11288_11296,28362_28370
Denmark/DCGC-489147/2022	XG	241_C|T,2832_A|G,3037_C|T,5386_T|G,5672_C|T,5924_G|A,9344_C|T,9424_A|G,9534_C|T,9866_C|T,10029_C|T,10198_C|T,10447_G|A,10449_C|A,12880_C|T,14408_C|T,15714_C|T,17410_C|T,18163_A|G,19855_A|G,19955_C|T,20055_A|G,21618_C|T,21987_G|A,22200_T|G,22578_G|A,22674_C|T,22679_T|C,22686_C|T,22688_A|G,22775_G|A,22786_A|C,22792_C|T,22813_G|T,22882_T|G,22992_G|A,22995_C|A,23013_A|C,23040_A|G,23055_A|G,23063_A|T,23075_T|C,23403_A|G,23525_C|T,23599_T|G,23604_C|A,23854_C|A,23948_G|T,24424_A|T,24469_T|A,25000_C|T,25584_C|T,25710_C|G,26060_C|T,26270_C|T,26577_C|G,26709_G|A,26858_C|T,27259_A|C,27382_G|C,27383_A|T,27384_T|C,27807_C|T,28271_A|T,28311_C|T,28881_G|A,28882_G|A,28883_G|C,29510_A|C,11288_11296,21633_21641,28362_28370
Denmark/DCGC-489386/2022	XG	241_C|T,2832_A|G,3037_C|T,5386_T|G,5672_C|T,5924_G|A,9344_C|T,9424_A|G,9534_C|T,9866_C|T,10029_C|T,10198_C|T,10447_G|A,10449_C|A,12880_C|T,14408_C|T,15714_C|T,17410_C|T,18163_A|G,19855_A|G,19955_C|T,20055_A|G,21618_C|T,21850_G|T,21987_G|A,22200_T|G,22444_C|T,22578_G|A,22674_C|T,22679_T|C,22686_C|T,22688_A|G,22775_G|A,22786_A|C,22792_C|T,22813_G|T,22882_T|G,22992_G|A,22995_C|A,23013_A|C,23040_A|G,23055_A|G,23063_A|T,23075_T|C,23403_A|G,23525_C|T,23599_T|G,23604_C|A,23854_C|A,23948_G|T,24424_A|T,24469_T|A,25000_C|T,25584_C|T,26060_C|T,26270_C|T,26542_C|T,26577_C|G,26709_G|A,26858_C|T,27259_A|C,27382_G|C,27383_A|T,27384_T|C,27807_C|T,28271_A|T,28311_C|T,28881_G|A,28882_G|A,28883_G|C,29510_A|C,11288_11296,21633_21641,28362_28370
Denmark/DCGC-489576/2022	XG	241_C|T,2832_A|G,3037_C|T,5386_T|G,5672_C|T,5924_G|A,9344_C|T,9424_A|G,9534_C|T,9866_C|T,10029_C|T,10198_C|T,10447_G|A,10449_C|A,12880_C|T,14408_C|T,15714_C|T,17410_C|T,18163_A|G,19855_A|G,19955_C|T,20055_A|G,21618_C|T,21987_G|A,22200_T|G,22346_G|T,22578_G|A,22674_C|T,22679_T|C,22686_C|T,22688_A|G,22775_G|A,22786_A|C,22792_C|T,22813_G|T,22882_T|G,22992_G|A,22995_C|A,23013_A|C,23040_A|G,23055_A|G,23063_A|T,23075_T|C,23403_A|G,23525_C|T,23599_T|G,23604_C|A,23854_C|A,23948_G|T,24424_A|T,24469_T|A,25000_C|T,25584_C|T,25672_C|T,26060_C|T,26270_C|T,26577_C|G,26709_G|A,26858_C|T,27259_A|C,27382_G|C,27383_A|T,27384_T|C,27807_C|T,28271_A|T,28311_C|T,28881_G|A,28882_G|A,28883_G|C,29510_A|C,11288_11296,21633_21641,28362_28370
Denmark/DCGC-489687/2022	XG	241_C|T,2832_A|G,3037_C|T,5386_T|G,5672_C|T,5924_G|A,6363_C|T,9344_C|T,9424_A|G,9534_C|T,9866_C|T,10029_C|T,10198_C|T,10447_G|A,10449_C|A,12880_C|T,14408_C|T,15714_C|T,17410_C|T,18163_A|G,19855_A|G,19955_C|T,20055_A|G,21618_C|T,21850_G|T,21987_G|A,22200_T|G,22444_C|T,22578_G|A,22674_C|T,22679_T|C,22686_C|T,22688_A|G,22775_G|A,22786_A|C,22792_C|T,22813_G|T,22882_T|G,22992_G|A,22995_C|A,23013_A|C,23040_A|G,23055_A|G,23063_A|T,23075_T|C,23403_A|G,23525_C|T,23599_T|G,23604_C|A,23854_C|A,23948_G|T,24424_A|T,24469_T|A,25000_C|T,25584_C|T,26060_C|T,26270_C|T,26577_C|G,26709_G|A,26858_C|T,27259_A|C,27382_G|C,27383_A|T,27384_T|C,27807_C|T,28271_A|T,28311_C|T,28881_G|A,28882_G|A,28883_G|C,29510_A|C,11288_11296,21633_21641
Denmark/DCGC-489747/2022	XG	241_C|T,2832_A|G,3037_C|T,5386_T|G,5672_C|T,5924_G|A,9344_C|T,9424_A|G,9534_C|T,9866_C|T,10029_C|T,10198_C|T,10447_G|A,10449_C|A,12880_C|T,14408_C|T,15714_C|T,17410_C|T,18163_A|G,19855_A|G,19955_C|T,20055_A|G,21618_C|T,21850_G|T,21987_G|A,22200_T|G,22444_C|T,22578_G|A,22674_C|T,22679_T|C,22686_C|T,22688_A|G,22775_G|A,22786_A|C,22792_C|T,22813_G|T,22882_T|G,22992_G|A,22995_C|A,23013_A|C,23040_A|G,23055_A|G,23063_A|T,23075_T|C,23403_A|G,23525_C|T,23599_T|G,23604_C|A,23854_C|A,23948_G|T,24424_A|T,24469_T|A,25584_C|T,26060_C|T,26270_C|T,26577_C|G,26709_G|A,26858_C|T,27259_A|C,27382_G|C,27383_A|T,27384_T|C,27807_C|T,28271_A|T,28311_C|T,28881_G|A,28882_G|A,28883_G|C,29510_A|C,11288_11296,21633_21641,28362_28370
Denmark/DCGC-490081/2022	XG	241_C|T,2832_A|G,3037_C|T,5386_T|G,5672_C|T,5924_G|A,9344_C|T,9424_A|G,9534_C|T,9866_C|T,10029_C|T,10198_C|T,10447_G|A,10449_C|A,12880_C|T,14408_C|T,15714_C|T,17410_C|T,18163_A|G,19855_A|G,19955_C|T,20055_A|G,21618_C|T,21987_G|A,22200_T|G,22346_G|T,22578_G|A,22674_C|T,22679_T|C,22686_C|T,22688_A|G,22775_G|A,22786_A|C,22792_C|T,22813_G|T,22882_T|G,22992_G|A,22995_C|A,23013_A|C,23040_A|G,23055_A|G,23063_A|T,23075_T|C,23403_A|G,23525_C|T,23599_T|G,23604_C|A,23854_C|A,23948_G|T,24424_A|T,24469_T|A,25000_C|T,25584_C|T,25672_C|T,26060_C|T,26270_C|T,26577_C|G,26709_G|A,26858_C|T,27259_A|C,27382_G|C,27383_A|T,27384_T|C,27807_C|T,28271_A|T,28311_C|T,28881_G|A,28882_G|A,28883_G|C,29510_A|C,11288_11296,21633_21641,28362_28370
Denmark/DCGC-490140/2022	XG	241_C|T,2832_A|G,3037_C|T,5386_T|G,5672_C|T,5924_G|A,9344_C|T,9424_A|G,9534_C|T,9866_C|T,10029_C|T,10198_C|T,10447_G|A,10449_C|A,12880_C|T,14408_C|T,15714_C|T,17410_C|T,18163_A|G,19855_A|G,19955_C|T,20055_A|G,21618_C|T,21987_G|A,22200_T|G,22578_G|A,22674_C|T,22679_T|C,22686_C|T,22688_A|G,22775_G|A,22786_A|C,22792_C|T,22813_G|T,22882_T|G,22992_G|A,22995_C|A,23013_A|C,23040_A|G,23055_A|G,23063_A|T,23075_T|C,23403_A|G,23525_C|T,23599_T|G,23604_C|A,23854_C|A,23948_G|T,24424_A|T,24469_T|A,25000_C|T,25584_C|T,26060_C|T,26270_C|T,26709_G|A,26858_C|T,27259_A|C,27382_G|C,27383_A|T,27384_T|C,27807_C|T,28271_A|T,28311_C|T,28881_G|A,28882_G|A,28883_G|C,29510_A|C,11288_11296,21633_21641,28362_28370
Denmark/DCGC-490944/2022	XG	241_C|T,2832_A|G,3037_C|T,5386_T|G,5672_C|T,5924_G|A,9344_C|T,9424_A|G,9534_C|T,9866_C|T,10029_C|T,10198_C|T,10447_G|A,10449_C|A,12880_C|T,14408_C|T,15714_C|T,17410_C|T,18163_A|G,19855_A|G,19955_C|T,20055_A|G,21618_C|T,21987_G|A,22200_T|G,22346_G|T,22578_G|A,22674_C|T,22679_T|C,22686_C|T,22688_A|G,22775_G|A,22786_A|C,22792_C|T,22813_G|T,22882_T|G,22992_G|A,22995_C|A,23013_A|C,23040_A|G,23055_A|G,23063_A|T,23075_T|C,23403_A|G,23525_C|T,23599_T|G,23604_C|A,23854_C|A,23948_G|T,24424_A|T,24469_T|A,25000_C|T,25584_C|T,25672_C|T,26060_C|T,26270_C|T,26577_C|G,26709_G|A,26858_C|T,27259_A|C,27382_G|C,27383_A|T,27384_T|C,27807_C|T,28271_A|T,28311_C|T,28881_G|A,28882_G|A,28883_G|C,29510_A|C,11288_11296,28362_28370
Denmark/DCGC-491266/2022	XG	241_C|T,2832_A|G,3037_C|T,5386_T|G,5672_C|T,5924_G|A,9344_C|T,9424_A|G,9534_C|T,9866_C|T,10029_C|T,10198_C|T,10447_G|A,10449_C|A,12880_C|T,14408_C|T,15714_C|T,17410_C|T,18163_A|G,19855_A|G,19955_C|T,20055_A|G,21618_C|T,21987_G|A,22200_T|G,22346_G|T,22578_G|A,22674_C|T,22679_T|C,22686_C|T,22688_A|G,22775_G|A,22786_A|C,22792_C|T,22813_G|T,22882_T|G,22992_G|A,22995_C|A,23013_A|C,23040_A|G,23055_A|G,23063_A|T,23075_T|C,23403_A|G,23525_C|T,23599_T|G,23604_C|A,23854_C|A,23948_G|T,24424_A|T,24469_T|A,25000_C|T,25584_C|T,25672_C|T,26060_C|T,26270_C|T,26709_G|A,26858_C|T,26885_C|T,27259_A|C,27382_G|C,27383_A|T,27384_T|C,27807_C|T,28271_A|T,28311_C|T,28881_G|A,28882_G|A,28883_G|C,29510_A|C,11288_11296,21633_21641,28362_28370
Denmark/DCGC-491504/2022	XG	241_C|T,2832_A|G,3037_C|T,5386_T|G,5672_C|T,5924_G|A,9344_C|T,9424_A|G,9534_C|T,9866_C|T,10029_C|T,10198_C|T,10447_G|A,10449_C|A,12880_C|T,14408_C|T,15714_C|T,17410_C|T,18163_A|G,19855_A|G,19955_C|T,20055_A|G,21618_C|T,21987_G|A,22200_T|G,22346_G|T,22578_G|A,22674_C|T,22679_T|C,22686_C|T,22688_A|G,22775_G|A,22786_A|C,22792_C|T,22813_G|T,22882_T|G,22992_G|A,22995_C|A,23013_A|C,23040_A|G,23055_A|G,23063_A|T,23075_T|C,23403_A|G,23525_C|T,23599_T|G,23604_C|A,23854_C|A,23948_G|T,24424_A|T,24469_T|A,25000_C|T,25584_C|T,25672_C|T,26060_C|T,26270_C|T,26577_C|G,26709_G|A,26858_C|T,27259_A|C,27382_G|C,27383_A|T,27384_T|C,27807_C|T,28271_A|T,28311_C|T,28881_G|A,28882_G|A,28883_G|C,29510_A|C,11288_11296,28362_28370
Denmark/DCGC-491914/2022	XG	241_C|T,2832_A|G,3037_C|T,5386_T|G,5672_C|T,5924_G|A,6936_C|T,9344_C|T,9424_A|G,9534_C|T,9866_C|T,10029_C|T,10198_C|T,10447_G|A,10449_C|A,12880_C|T,14408_C|T,15714_C|T,17410_C|T,18163_A|G,19855_A|G,19955_C|T,20055_A|G,21618_C|T,21850_G|T,21987_G|A,22200_T|G,22444_C|T,22578_G|A,22674_C|T,22679_T|C,22686_C|T,22688_A|G,22775_G|A,22786_A|C,22792_C|T,22813_G|T,22882_T|G,22992_G|A,22995_C|A,23013_A|C,23040_A|G,23055_A|G,23063_A|T,23075_T|C,23403_A|G,23525_C|T,23599_T|G,23604_C|A,23854_C|A,23948_G|T,24424_A|T,24469_T|A,25000_C|T,25584_C|T,26060_C|T,26270_C|T,26709_G|A,26858_C|T,27259_A|C,27382_G|C,27383_A|T,27384_T|C,27807_C|T,28271_A|T,28311_C|T,29510_A|C,11288_11296,28362_28370
Denmark/DCGC-492006/2022	XG	241_C|T,2832_A|G,3037_C|T,5386_T|G,5672_C|T,5924_G|A,9344_C|T,9424_A|G,9534_C|T,9866_C|T,10029_C|T,10198_C|T,10447_G|A,10449_C|A,12880_C|T,14408_C|T,15714_C|T,17410_C|T,18163_A|G,19855_A|G,19955_C|T,20055_A|G,21618_C|T,21987_G|A,22200_T|G,22578_G|A,22674_C|T,22679_T|C,22686_C|T,22688_A|G,22775_G|A,22786_A|C,22792_C|T,22813_G|T,22882_T|G,22992_G|A,22995_C|A,23013_A|C,23040_A|G,23055_A|G,23063_A|T,23075_T|C,23403_A|G,23525_C|T,23599_T|G,23604_C|A,23854_C|A,23948_G|T,24424_A|T,24469_T|A,25000_C|T,25584_C|T,25710_C|G,26060_C|T,26270_C|T,26709_G|A,26858_C|T,27259_A|C,27382_G|C,27383_A|T,27384_T|C,27807_C|T,28271_A|T,28311_C|T,28881_G|A,28882_G|A,28883_G|C,29510_A|C,11288_11296,21633_21641,28362_28370
Denmark/DCGC-492228/2022	XG	241_C|T,2832_A|G,3037_C|T,5386_T|G,5672_C|T,5924_G|A,9344_C|T,9424_A|G,9534_C|T,9866_C|T,10029_C|T,10198_C|T,10447_G|A,10449_C|A,12880_C|T,14408_C|T,15714_C|T,17410_C|T,18163_A|G,19855_A|G,19955_C|T,20055_A|G,21618_C|T,21987_G|A,22200_T|G,22578_G|A,22674_C|T,22679_T|C,22686_C|T,22688_A|G,22775_G|A,22786_A|C,22792_C|T,22813_G|T,22882_T|G,22992_G|A,22995_C|A,23013_A|C,23040_A|G,23055_A|G,23063_A|T,23075_T|C,23403_A|G,23525_C|T,23599_T|G,23604_C|A,23854_C|A,23948_G|T,24424_A|T,24469_T|A,25000_C|T,25584_C|T,26060_C|T,26270_C|T,26709_G|A,26858_C|T,27259_A|C,27382_G|C,27383_A|T,27384_T|C,27807_C|T,28271_A|T,28311_C|T,28881_G|A,28882_G|A,28883_G|C,29510_A|C,11288_11296,21633_21641,28362_28370
Denmark/DCGC-492517/2022	XG	241_C|T,2832_A|G,3037_C|T,5386_T|G,5672_C|T,5924_G|A,9344_C|T,9424_A|G,9534_C|T,9866_C|T,10029_C|T,10198_C|T,10447_G|A,10449_C|A,12880_C|T,14408_C|T,15714_C|T,17410_C|T,18163_A|G,19855_A|G,19955_C|T,20055_A|G,21618_C|T,21987_G|A,22200_T|G,22346_G|T,22578_G|A,22674_C|T,22679_T|C,22686_C|T,22688_A|G,22775_G|A,22786_A|C,22792_C|T,22813_G|T,22882_T|G,22992_G|A,22995_C|A,23013_A|C,23040_A|G,23055_A|G,23063_A|T,23075_T|C,23403_A|G,23525_C|T,23599_T|G,23604_C|A,23854_C|A,23948_G|T,24424_A|T,24469_T|A,25000_C|T,25584_C|T,25672_C|T,26060_C|T,26270_C|T,26577_C|G,26709_G|A,26858_C|T,27259_A|C,27382_G|C,27383_A|T,27384_T|C,27807_C|T,28271_A|T,28311_C|T,28881_G|A,28882_G|A,28883_G|C,29510_A|C,11288_11296,21633_21641,28362_28370
Denmark/DCGC-493166/2022	XG	241_C|T,2832_A|G,3037_C|T,5386_T|G,5672_C|T,5924_G|A,9344_C|T,9424_A|G,9534_C|T,9866_C|T,10029_C|T,10198_C|T,10447_G|A,10449_C|A,12880_C|T,14408_C|T,15714_C|T,17410_C|T,18163_A|G,19855_A|G,19955_C|T,20055_A|G,21618_C|T,21987_G|A,22200_T|G,22578_G|A,22674_C|T,22679_T|C,22686_C|T,22688_A|G,22775_G|A,22786_A|C,22792_C|T,22813_G|T,22882_T|G,22992_G|A,22995_C|A,23013_A|C,23040_A|G,23055_A|G,23063_A|T,23075_T|C,23403_A|G,23525_C|T,23599_T|G,23604_C|A,23854_C|A,23948_G|T,24424_A|T,24469_T|A,25000_C|T,25584_C|T,25710_C|G,26060_C|T,26270_C|T,26577_C|G,26709_G|A,26858_C|T,27259_A|C,27382_G|C,27383_A|T,27384_T|C,27807_C|T,28271_A|T,28311_C|T,28881_G|A,28882_G|A,28883_G|C,29510_A|C,11288_11296,21633_21641,28362_28370
Denmark/DCGC-493784/2022	XG	241_C|T,2832_A|G,3037_C|T,5386_T|G,5672_C|T,5924_G|A,6363_C|T,9344_C|T,9424_A|G,9534_C|T,9866_C|T,10029_C|T,10198_C|T,10447_G|A,10449_C|A,12880_C|T,14408_C|T,15714_C|T,17410_C|T,18163_A|G,19855_A|G,19955_C|T,20055_A|G,21618_C|T,21850_G|T,21987_G|A,22200_T|G,22444_C|T,22578_G|A,22674_C|T,22679_T|C,22686_C|T,22688_A|G,22775_G|A,22786_A|C,22792_C|T,22813_G|T,22882_T|G,22992_G|A,22995_C|A,23013_A|C,23040_A|G,23055_A|G,23063_A|T,23075_T|C,23403_A|G,23525_C|T,23599_T|G,23604_C|A,23854_C|A,23948_G|T,24424_A|T,24469_T|A,25000_C|T,25584_C|T,26060_C|T,26270_C|T,26577_C|G,26709_G|A,26858_C|T,27259_A|C,27382_G|C,27383_A|T,27384_T|C,27807_C|T,28271_A|T,28311_C|T,28881_G|A,28882_G|A,28883_G|C,29510_A|C,11288_11296,21633_21641,28362_28370
Denmark/DCGC-493982/2022	XG	241_C|T,2832_A|G,3037_C|T,5386_T|G,5672_C|T,5924_G|A,9344_C|T,9424_A|G,9534_C|T,9866_C|T,10029_C|T,10198_C|T,10447_G|A,10449_C|A,12880_C|T,14408_C|T,15714_C|T,17410_C|T,18163_A|G,19955_C|T,20055_A|G,21618_C|T,21987_G|A,22200_T|G,22578_G|A,22674_C|T,22679_T|C,22686_C|T,22688_A|G,22775_G|A,22786_A|C,22792_C|T,22813_G|T,22882_T|G,22992_G|A,22995_C|A,23013_A|C,23040_A|G,23055_A|G,23063_A|T,23075_T|C,23403_A|G,23525_C|T,23599_T|G,23604_C|A,23854_C|A,23948_G|T,24424_A|T,24469_T|A,25000_C|T,25584_C|T,26060_C|T,26270_C|T,26577_C|G,26709_G|A,26858_C|T,27259_A|C,27382_G|C,27383_A|T,27384_T|C,27807_C|T,28271_A|T,28311_C|T,28881_G|A,28882_G|A,28883_G|C,29510_A|C,11288_11296,28362_28370
Denmark/DCGC-494680/2022	XG	241_C|T,2832_A|G,3037_C|T,3201_G|T,5386_T|G,5672_C|T,5924_G|A,6363_C|T,9344_C|T,9424_A|G,9534_C|T,9866_C|T,10029_C|T,10198_C|T,10447_G|A,10449_C|A,12880_C|T,14408_C|T,15714_C|T,17410_C|T,18163_A|G,19855_A|G,19955_C|T,20055_A|G,21618_C|T,21850_G|T,21987_G|A,22200_T|G,22444_C|T,22578_G|A,22674_C|T,22679_T|C,22686_C|T,22688_A|G,22775_G|A,22786_A|C,22792_C|T,22813_G|T,22882_T|G,22992_G|A,22995_C|A,23013_A|C,23040_A|G,23055_A|G,23063_A|T,23075_T|C,23403_A|G,23525_C|T,23599_T|G,23604_C|A,23854_C|A,23948_G|T,24424_A|T,24469_T|A,25000_C|T,25584_C|T,26060_C|T,26270_C|T,26577_C|G,26709_G|A,26858_C|T,27259_A|C,27382_G|C,27383_A|T,27384_T|C,27807_C|T,28271_A|T,28311_C|T,28881_G|A,28882_G|A,28883_G|C,29510_A|C,11288_11296,28362_28370
Denmark/DCGC-494974/2022	XG	241_C|T,2832_A|G,3037_C|T,5386_T|G,5672_C|T,5924_G|A,9344_C|T,9424_A|G,9534_C|T,9866_C|T,10029_C|T,10198_C|T,10447_G|A,10449_C|A,12880_C|T,14408_C|T,15714_C|T,17410_C|T,18163_A|G,19855_A|G,19955_C|T,20055_A|G,21618_C|T,21850_G|T,21987_G|A,22200_T|G,22444_C|T,22578_G|A,22674_C|T,22679_T|C,22686_C|T,22688_A|G,22775_G|A,22786_A|C,22792_C|T,22813_G|T,22882_T|G,22992_G|A,22995_C|A,23013_A|C,23040_A|G,23055_A|G,23063_A|T,23075_T|C,23403_A|G,23525_C|T,23599_T|G,23604_C|A,23854_C|A,23948_G|T,24424_A|T,24469_T|A,25000_C|T,25584_C|T,26060_C|T,26270_C|T,26577_C|G,26709_G|A,26858_C|T,27259_A|C,27382_G|C,27383_A|T,27384_T|C,27807_C|T,28087_C|T,28271_A|T,28311_C|T,28881_G|A,28882_G|A,28883_G|C,29510_A|C,11288_11296,28362_28370
Denmark/DCGC-495031/2022	XG	241_C|T,2832_A|G,5386_T|G,5672_C|T,5924_G|A,9344_C|T,9424_A|G,9534_C|T,9866_C|T,10029_C|T,10198_C|T,10447_G|A,10449_C|A,12880_C|T,14408_C|T,15714_C|T,17410_C|T,18163_A|G,19855_A|G,19955_C|T,20055_A|G,21618_C|T,21850_G|T,21987_G|A,22200_T|G,22444_C|T,22578_G|A,22674_C|T,22679_T|C,22686_C|T,22688_A|G,22775_G|A,22786_A|C,22792_C|T,22813_G|T,22882_T|G,22992_G|A,22995_C|A,23013_A|C,23040_A|G,23055_A|G,23063_A|T,23075_T|C,23403_A|G,23525_C|T,23599_T|G,23604_C|A,23854_C|A,23948_G|T,24424_A|T,24469_T|A,25000_C|T,25584_C|T,26060_C|T,26270_C|T,26542_C|T,26577_C|G,26709_G|A,26858_C|T,27259_A|C,27382_G|C,27383_A|T,27384_T|C,27807_C|T,28271_A|T,28311_C|T,28881_G|A,28882_G|A,28883_G|C,29510_A|C,11288_11296,28362_28370
Denmark/DCGC-495201/2022	XG	241_C|T,2832_A|G,3037_C|T,5386_T|G,5672_C|T,5924_G|A,6363_C|T,9344_C|T,9424_A|G,9534_C|T,9866_C|T,10029_C|T,10198_C|T,10447_G|A,10449_C|A,12880_C|T,14408_C|T,15714_C|T,17410_C|T,18163_A|G,19855_A|G,19955_C|T,20055_A|G,21618_C|T,21850_G|T,21987_G|A,22200_T|G,22444_C|T,22578_G|A,22674_C|T,22679_T|C,22686_C|T,22688_A|G,22775_G|A,22786_A|C,22792_C|T,22813_G|T,22882_T|G,22992_G|A,22995_C|A,23013_A|C,23040_A|G,23055_A|G,23063_A|T,23075_T|C,23403_A|G,23525_C|T,23599_T|G,23604_C|A,23854_C|A,23948_G|T,24424_A|T,24469_T|A,25000_C|T,25584_C|T,26060_C|T,26270_C|T,26577_C|G,26709_G|A,26858_C|T,27259_A|C,27382_G|C,27383_A|T,27384_T|C,27807_C|T,28271_A|T,28311_C|T,28881_G|A,28882_G|A,28883_G|C,29510_A|C,11288_11296,28362_28370
Denmark/DCGC-495249/2022	XG	241_C|T,2832_A|G,3037_C|T,5386_T|G,5672_C|T,5924_G|A,9344_C|T,9424_A|G,9534_C|T,9866_C|T,10029_C|T,10198_C|T,10447_G|A,10449_C|A,12880_C|T,14408_C|T,15714_C|T,17410_C|T,18163_A|G,19855_A|G,19955_C|T,20055_A|G,21618_C|T,21850_G|T,21987_G|A,22200_T|G,22444_C|T,22578_G|A,22674_C|T,22679_T|C,22686_C|T,22688_A|G,22775_G|A,22786_A|C,22792_C|T,22813_G|T,22882_T|G,22992_G|A,22995_C|A,23013_A|C,23040_A|G,23055_A|G,23063_A|T,23075_T|C,23403_A|G,23525_C|T,23599_T|G,23604_C|A,23854_C|A,23948_G|T,24424_A|T,24469_T|A,25000_C|T,25584_C|T,26060_C|T,26270_C|T,26577_C|G,26709_G|A,26858_C|T,27259_A|C,27382_G|C,27383_A|T,27384_T|C,27807_C|T,28271_A|T,28311_C|T,28881_G|A,28882_G|A,28883_G|C,29510_A|C,11288_11296,21633_21641,28362_28370
Denmark/DCGC-495357/2022	XG	241_C|T,2832_A|G,3037_C|T,5386_T|G,5672_C|T,5924_G|A,9344_C|T,9424_A|G,9534_C|T,9866_C|T,10029_C|T,10198_C|T,10447_G|A,10449_C|A,12880_C|T,14408_C|T,15714_C|T,17410_C|T,18163_A|G,19855_A|G,19955_C|T,20055_A|G,21618_C|T,21987_G|A,22200_T|G,22346_G|T,22578_G|A,22674_C|T,22679_T|C,22686_C|T,22688_A|G,22775_G|A,22786_A|C,22792_C|T,22813_G|T,22882_T|G,22992_G|A,22995_C|A,23013_A|C,23040_A|G,23055_A|G,23063_A|T,23075_T|C,23403_A|G,23525_C|T,23599_T|G,23604_C|A,23854_C|A,23948_G|T,24424_A|T,24469_T|A,25000_C|T,25584_C|T,25672_C|T,26060_C|T,26270_C|T,26577_C|G,26709_G|A,26858_C|T,27259_A|C,27382_G|C,27383_A|T,27384_T|C,27807_C|T,28271_A|T,28311_C|T,28881_G|A,28882_G|A,28883_G|C,29510_A|C,11288_11296,28362_28370
Denmark/DCGC-495409/2022	XG	241_C|T,2832_A|G,3037_C|T,5386_T|G,5672_C|T,5924_G|A,9344_C|T,9424_A|G,9534_C|T,9866_C|T,10029_C|T,10198_C|T,10447_G|A,10449_C|A,12880_C|T,14408_C|T,15714_C|T,17410_C|T,18163_A|G,19855_A|G,19955_C|T,20055_A|G,21618_C|T,21850_G|T,21987_G|A,22200_T|G,22444_C|T,22578_G|A,22674_C|T,22679_T|C,22686_C|T,22688_A|G,22775_G|A,22786_A|C,22792_C|T,22813_G|T,22882_T|G,22992_G|A,22995_C|A,23013_A|C,23040_A|G,23055_A|G,23063_A|T,23075_T|C,23403_A|G,23525_C|T,23599_T|G,23604_C|A,23854_C|A,23948_G|T,24424_A|T,24469_T|A,25000_C|T,25584_C|T,26060_C|T,26270_C|T,26542_C|T,26577_C|G,26709_G|A,26858_C|T,27259_A|C,27382_G|C,27383_A|T,27384_T|C,27807_C|T,28271_A|T,28311_C|T,28881_G|A,28882_G|A,28883_G|C,29510_A|C,11288_11296,21633_21641,28362_28370
Denmark/DCGC-495622/2022	XG	241_C|T,2832_A|G,3037_C|T,3201_G|T,5386_T|G,5672_C|T,5924_G|A,6363_C|T,9344_C|T,9424_A|G,9534_C|T,9866_C|T,10029_C|T,10198_C|T,10447_G|A,10449_C|A,12880_C|T,14408_C|T,15714_C|T,17410_C|T,18163_A|G,19855_A|G,19955_C|T,20055_A|G,21618_C|T,21850_G|T,21987_G|A,22200_T|G,22444_C|T,22578_G|A,22674_C|T,22679_T|C,22686_C|T,22688_A|G,22775_G|A,22786_A|C,22792_C|T,22813_G|T,22882_T|G,22992_G|A,22995_C|A,23013_A|C,23040_A|G,23055_A|G,23063_A|T,23075_T|C,23403_A|G,23525_C|T,23599_T|G,23604_C|A,23854_C|A,23948_G|T,24424_A|T,24469_T|A,25000_C|T,25584_C|T,26060_C|T,26270_C|T,26577_C|G,26709_G|A,26858_C|T,27259_A|C,27382_G|C,27383_A|T,27384_T|C,27807_C|T,28271_A|T,28311_C|T,28881_G|A,28882_G|A,28883_G|C,29510_A|C,11288_11296,28362_28370
Denmark/DCGC-495648/2022	XG	241_C|T,2832_A|G,3037_C|T,5386_T|G,5672_C|T,5924_G|A,6363_C|T,8290_C|T,9344_C|T,9424_A|G,9534_C|T,9866_C|T,10029_C|T,10198_C|T,10447_G|A,10449_C|A,12880_C|T,14408_C|T,15714_C|T,17410_C|T,18163_A|G,19855_A|G,19955_C|T,20055_A|G,21618_C|T,21850_G|T,21987_G|A,22200_T|G,22444_C|T,22578_G|A,22674_C|T,22679_T|C,22686_C|T,22688_A|G,22775_G|A,22786_A|C,22792_C|T,22813_G|T,22882_T|G,22992_G|A,22995_C|A,23013_A|C,23040_A|G,23055_A|G,23063_A|T,23075_T|C,23403_A|G,23525_C|T,23599_T|G,23604_C|A,23854_C|A,23948_G|T,24424_A|T,24469_T|A,25000_C|T,25584_C|T,26060_C|T,26270_C|T,26577_C|G,26709_G|A,26858_C|T,27259_A|C,27382_G|C,27383_A|T,27384_T|C,27807_C|T,28271_A|T,28311_C|T,28881_G|A,28882_G|A,28883_G|C,29510_A|C,11288_11296,21633_21641,28362_28370
Denmark/DCGC-495875/2022	XG	241_C|T,2832_A|G,3037_C|T,3201_G|T,5386_T|G,5672_C|T,5924_G|A,6363_C|T,9344_C|T,9424_A|G,9534_C|T,9866_C|T,10029_C|T,10198_C|T,10447_G|A,10449_C|A,12880_C|T,14408_C|T,15714_C|T,17410_C|T,18163_A|G,19855_A|G,19955_C|T,20055_A|G,21618_C|T,21850_G|T,21987_G|A,22200_T|G,22444_C|T,22578_G|A,22674_C|T,22679_T|C,22686_C|T,22688_A|G,22775_G|A,22786_A|C,22792_C|T,22813_G|T,22882_T|G,22992_G|A,22995_C|A,23013_A|C,23040_A|G,23055_A|G,23063_A|T,23075_T|C,23403_A|G,23525_C|T,23599_T|G,23604_C|A,23854_C|A,23948_G|T,24424_A|T,24469_T|A,25000_C|T,25584_C|T,26060_C|T,26270_C|T,26577_C|G,26709_G|A,26858_C|T,27259_A|C,27382_G|C,27383_A|T,27384_T|C,27807_C|T,28271_A|T,28311_C|T,28881_G|A,28882_G|A,28883_G|C,29510_A|C,11288_11296,28362_28370
Denmark/DCGC-495887/2022	XG	241_C|T,2832_A|G,3037_C|T,3201_G|T,5386_T|G,5672_C|T,5924_G|A,6363_C|T,9344_C|T,9424_A|G,9534_C|T,9866_C|T,10029_C|T,10198_C|T,10447_G|A,10449_C|A,12880_C|T,14408_C|T,15714_C|T,17410_C|T,18163_A|G,19855_A|G,19955_C|T,20055_A|G,21618_C|T,21850_G|T,21987_G|A,22200_T|G,22444_C|T,22578_G|A,22674_C|T,22679_T|C,22686_C|T,22688_A|G,22775_G|A,22786_A|C,22792_C|T,22813_G|T,22882_T|G,22992_G|A,22995_C|A,23013_A|C,23040_A|G,23055_A|G,23063_A|T,23075_T|C,23403_A|G,23525_C|T,23599_T|G,23604_C|A,23854_C|A,23948_G|T,24424_A|T,24469_T|A,25000_C|T,25584_C|T,26060_C|T,26270_C|T,26577_C|G,26709_G|A,26858_C|T,27259_A|C,27382_G|C,27383_A|T,27384_T|C,27807_C|T,28271_A|T,28311_C|T,28881_G|A,28882_G|A,28883_G|C,29510_A|C,11288_11296,28362_28370
Denmark/DCGC-496313/2022	XG	241_C|T,2832_A|G,3037_C|T,5386_T|G,5672_C|T,5924_G|A,6363_C|T,8290_C|T,9344_C|T,9424_A|G,9534_C|T,9866_C|T,10029_C|T,10198_C|T,10447_G|A,10449_C|A,12880_C|T,14408_C|T,15714_C|T,17410_C|T,18163_A|G,19855_A|G,19955_C|T,20055_A|G,21618_C|T,21850_G|T,21987_G|A,22200_T|G,22444_C|T,22578_G|A,22674_C|T,22679_T|C,22686_C|T,22688_A|G,22775_G|A,22786_A|C,22792_C|T,22813_G|T,22992_G|A,22995_C|A,23013_A|C,23040_A|G,23055_A|G,23063_A|T,23075_T|C,23403_A|G,23525_C|T,23599_T|G,23604_C|A,23854_C|A,23948_G|T,24424_A|T,24469_T|A,25000_C|T,25584_C|T,26060_C|T,26270_C|T,26577_C|G,26709_G|A,26858_C|T,27259_A|C,27382_G|C,27383_A|T,27384_T|C,27807_C|T,28271_A|T,28311_C|T,28881_G|A,28882_G|A,28883_G|C,29510_A|C,11288_11296,21633_21641,28362_28370
Denmark/DCGC-496818/2022	XG	241_C|T,2832_A|G,3037_C|T,5386_T|G,5672_C|T,5924_G|A,9344_C|T,9424_A|G,9534_C|T,9866_C|T,10029_C|T,10198_C|T,10447_G|A,10449_C|A,12880_C|T,14408_C|T,15714_C|T,17410_C|T,18163_A|G,19855_A|G,19955_C|T,20055_A|G,21618_C|T,21987_G|A,22200_T|G,22346_G|T,22578_G|A,22674_C|T,22679_T|C,22686_C|T,22688_A|G,22775_G|A,22786_A|C,22792_C|T,22813_G|T,22882_T|G,22992_G|A,22995_C|A,23013_A|C,23040_A|G,23055_A|G,23063_A|T,23075_T|C,23403_A|G,23525_C|T,23599_T|G,23604_C|A,23854_C|A,23948_G|T,24424_A|T,24469_T|A,25000_C|T,25584_C|T,25672_C|T,26060_C|T,26270_C|T,26577_C|G,26709_G|A,26858_C|T,27259_A|C,27382_G|C,27383_A|T,27384_T|C,27807_C|T,28271_A|T,28311_C|T,28881_G|A,28882_G|A,28883_G|C,29510_A|C,11288_11296,21633_21641,28362_28370
Denmark/DCGC-497227/2022	XG	241_C|T,2832_A|G,3037_C|T,5386_T|G,5672_C|T,5924_G|A,9344_C|T,9424_A|G,9534_C|T,9866_C|T,10029_C|T,10198_C|T,10447_G|A,10449_C|A,12880_C|T,14408_C|T,15714_C|T,17410_C|T,18163_A|G,19855_A|G,19955_C|T,20055_A|G,21618_C|T,21987_G|A,22200_T|G,22346_G|T,22578_G|A,22674_C|T,22679_T|C,22686_C|T,22688_A|G,22775_G|A,22786_A|C,22792_C|T,22813_G|T,22882_T|G,22992_G|A,22995_C|A,23013_A|C,23040_A|G,23055_A|G,23063_A|T,23075_T|C,23403_A|G,23525_C|T,23599_T|G,23604_C|A,23854_C|A,23948_G|T,24424_A|T,24469_T|A,25000_C|T,25584_C|T,25672_C|T,26060_C|T,26270_C|T,26577_C|G,26709_G|A,26858_C|T,27259_A|C,27382_G|C,27383_A|T,27384_T|C,27807_C|T,28271_A|T,28311_C|T,28881_G|A,28882_G|A,28883_G|C,29510_A|C,11288_11296,21633_21641,28362_28370
Denmark/DCGC-497238/2022	XG	241_C|T,2832_A|G,3037_C|T,5386_T|G,5672_C|T,5924_G|A,9344_C|T,9424_A|G,9534_C|T,9866_C|T,10029_C|T,10198_C|T,10447_G|A,10449_C|A,12880_C|T,14408_C|T,15714_C|T,17410_C|T,18163_A|G,19855_A|G,19955_C|T,20055_A|G,21618_C|T,21987_G|A,22200_T|G,22346_G|T,22578_G|A,22674_C|T,22679_T|C,22686_C|T,22688_A|G,22775_G|A,22786_A|C,22792_C|T,22813_G|T,22882_T|G,22992_G|A,22995_C|A,23013_A|C,23040_A|G,23055_A|G,23063_A|T,23075_T|C,23403_A|G,23525_C|T,23599_T|G,23604_C|A,23854_C|A,23948_G|T,24424_A|T,24469_T|A,25000_C|T,25584_C|T,25672_C|T,26060_C|T,26270_C|T,26577_C|G,26709_G|A,26858_C|T,27259_A|C,27382_G|C,27383_A|T,27384_T|C,27807_C|T,28271_A|T,28311_C|T,28881_G|A,28882_G|A,28883_G|C,29510_A|C,11288_11296,21633_21641,28362_28370
Denmark/DCGC-497575/2022	XG	241_C|T,2832_A|G,3037_C|T,5386_T|G,5672_C|T,5924_G|A,9344_C|T,9424_A|G,9534_C|T,9866_C|T,10029_C|T,10198_C|T,10447_G|A,10449_C|A,12880_C|T,14408_C|T,15714_C|T,17410_C|T,18163_A|G,19855_A|G,19955_C|T,20055_A|G,21618_C|T,21987_G|A,22200_T|G,22346_G|T,22578_G|A,22674_C|T,22679_T|C,22686_C|T,22688_A|G,22775_G|A,22786_A|C,22792_C|T,22813_G|T,22882_T|G,22992_G|A,22995_C|A,23013_A|C,23040_A|G,23055_A|G,23063_A|T,23075_T|C,23403_A|G,23525_C|T,23599_T|G,23604_C|A,23854_C|A,23948_G|T,24424_A|T,24469_T|A,25000_C|T,25584_C|T,25672_C|T,26060_C|T,26270_C|T,26709_G|A,26858_C|T,27259_A|C,27382_G|C,27383_A|T,27384_T|C,27807_C|T,28271_A|T,28311_C|T,28881_G|A,28882_G|A,28883_G|C,29510_A|C,11288_11296,21633_21641,28362_28370
Denmark/DCGC-497874/2022	XG	241_C|T,2832_A|G,3037_C|T,5386_T|G,5672_C|T,5924_G|A,9344_C|T,9424_A|G,9534_C|T,9866_C|T,10029_C|T,10198_C|T,10447_G|A,10449_C|A,12880_C|T,14408_C|T,15714_C|T,17410_C|T,18163_A|G,19855_A|G,19955_C|T,20055_A|G,21618_C|T,21987_G|A,22200_T|G,22346_G|T,22578_G|A,22674_C|T,22679_T|C,22686_C|T,22688_A|G,22775_G|A,22786_A|C,22792_C|T,22813_G|T,22882_T|G,22992_G|A,22995_C|A,23013_A|C,23040_A|G,23055_A|G,23063_A|T,23075_T|C,23403_A|G,23525_C|T,23599_T|G,23604_C|A,23854_C|A,23948_G|T,24424_A|T,24469_T|A,25000_C|T,25584_C|T,25672_C|T,26060_C|T,26270_C|T,26577_C|G,26709_G|A,26858_C|T,26885_C|T,27259_A|C,27382_G|C,27383_A|T,27384_T|C,27807_C|T,28271_A|T,28311_C|T,28881_G|A,28882_G|A,28883_G|C,29510_A|C,11288_11296,21633_21641,28362_28370
Denmark/DCGC-498449/2022	XG	241_C|T,2832_A|G,3037_C|T,5386_T|G,5672_C|T,5924_G|A,9344_C|T,9424_A|G,9534_C|T,9866_C|T,10029_C|T,10198_C|T,10447_G|A,10449_C|A,12880_C|T,14408_C|T,15714_C|T,16616_C|T,17410_C|T,18163_A|G,19855_A|G,19955_C|T,20055_A|G,21618_C|T,21987_G|A,22200_T|G,22346_G|T,22578_G|A,22674_C|T,22679_T|C,22686_C|T,22688_A|G,22775_G|A,22786_A|C,22792_C|T,22813_G|T,22992_G|A,22995_C|A,23013_A|C,23040_A|G,23055_A|G,23063_A|T,23075_T|C,23403_A|G,23525_C|T,23599_T|G,23604_C|A,23854_C|A,23948_G|T,24424_A|T,24469_T|A,25000_C|T,25584_C|T,25672_C|T,26060_C|T,26270_C|T,26577_C|G,26709_G|A,26858_C|T,27259_A|C,27382_G|C,27383_A|T,27384_T|C,27807_C|T,28271_A|T,28311_C|T,28881_G|A,28882_G|A,28883_G|C,29510_A|C,11288_11296,21633_21641,28362_28370
Denmark/DCGC-498573/2022	XG	241_C|T,2832_A|G,3037_C|T,5386_T|G,5672_C|T,5924_G|A,9344_C|T,9424_A|G,9534_C|T,9866_C|T,10029_C|T,10198_C|T,10447_G|A,10449_C|A,12880_C|T,14408_C|T,15714_C|T,17410_C|T,18163_A|G,19855_A|G,19955_C|T,20055_A|G,21618_C|T,21987_G|A,22200_T|G,22346_G|T,22578_G|A,22674_C|T,22679_T|C,22686_C|T,22688_A|G,22775_G|A,22786_A|C,22792_C|T,22813_G|T,22882_T|G,22992_G|A,22995_C|A,23013_A|C,23040_A|G,23055_A|G,23063_A|T,23075_T|C,23403_A|G,23525_C|T,23599_T|G,23604_C|A,23854_C|A,23948_G|T,24424_A|T,24469_T|A,25000_C|T,25584_C|T,25672_C|T,26060_C|T,26270_C|T,26577_C|G,26709_G|A,26858_C|T,27259_A|C,27382_G|C,27383_A|T,27384_T|C,27807_C|T,28271_A|T,28311_C|T,28881_G|A,28882_G|A,28883_G|C,29510_A|C,11288_11296,21633_21641
Denmark/DCGC-498649/2022	XG	241_C|T,2832_A|G,3037_C|T,5386_T|G,5672_C|T,5924_G|A,9344_C|T,9424_A|G,9534_C|T,9866_C|T,10029_C|T,10198_C|T,10447_G|A,10449_C|A,12880_C|T,14408_C|T,15714_C|T,17410_C|T,18163_A|G,19855_A|G,19955_C|T,20055_A|G,21618_C|T,21987_G|A,22200_T|G,22346_G|T,22578_G|A,22674_C|T,22679_T|C,22686_C|T,22688_A|G,22775_G|A,22786_A|C,22792_C|T,22813_G|T,22882_T|G,22992_G|A,22995_C|A,23013_A|C,23040_A|G,23055_A|G,23063_A|T,23075_T|C,23403_A|G,23525_C|T,23599_T|G,23604_C|A,23854_C|A,23948_G|T,24424_A|T,24469_T|A,25000_C|T,25584_C|T,25672_C|T,26060_C|T,26270_C|T,26577_C|G,26709_G|A,26858_C|T,26885_C|T,27259_A|C,27382_G|C,27383_A|T,27384_T|C,27807_C|T,28271_A|T,28311_C|T,28881_G|A,28882_G|A,28883_G|C,29510_A|C,11288_11296,21633_21641,28362_28370
Denmark/DCGC-498757/2022	XG	241_C|T,2832_A|G,3037_C|T,5386_T|G,5672_C|T,5924_G|A,9344_C|T,9424_A|G,9534_C|T,9866_C|T,10029_C|T,10198_C|T,10447_G|A,10449_C|A,12880_C|T,14408_C|T,15714_C|T,17410_C|T,18163_A|G,19855_A|G,19955_C|T,20055_A|G,21618_C|T,21987_G|A,22200_T|G,22346_G|T,22578_G|A,22674_C|T,22679_T|C,22686_C|T,22688_A|G,22775_G|A,22786_A|C,22792_C|T,22813_G|T,22882_T|G,22992_G|A,22995_C|A,23013_A|C,23040_A|G,23055_A|G,23063_A|T,23075_T|C,23403_A|G,23525_C|T,23599_T|G,23604_C|A,23854_C|A,23948_G|T,24424_A|T,24469_T|A,25584_C|T,25672_C|T,26060_C|T,26270_C|T,26709_G|A,26858_C|T,26885_C|T,27259_A|C,27382_G|C,27383_A|T,27384_T|C,27807_C|T,28271_A|T,28311_C|T,28881_G|A,28882_G|A,28883_G|C,29510_A|C,11288_11296,28362_28370
Denmark/DCGC-499255/2022	XG	241_C|T,2832_A|G,3037_C|T,4455_C|T,5386_T|G,5672_C|T,5924_G|A,9344_C|T,9424_A|G,9534_C|T,9866_C|T,10029_C|T,10198_C|T,10447_G|A,10449_C|A,12880_C|T,14408_C|T,15714_C|T,17410_C|T,18163_A|G,19855_A|G,19955_C|T,20055_A|G,21618_C|T,21987_G|A,22200_T|G,22346_G|T,22578_G|A,22674_C|T,22679_T|C,22686_C|T,22688_A|G,22775_G|A,22786_A|C,22792_C|T,22813_G|T,22882_T|G,22992_G|A,22995_C|A,23013_A|C,23040_A|G,23055_A|G,23063_A|T,23075_T|C,23403_A|G,23525_C|T,23599_T|G,23604_C|A,23854_C|A,23948_G|T,24424_A|T,24469_T|A,25000_C|T,25584_C|T,25672_C|T,26060_C|T,26270_C|T,26709_G|A,26858_C|T,27259_A|C,27382_G|C,27383_A|T,27384_T|C,27807_C|T,28271_A|T,28311_C|T,28881_G|A,28882_G|A,28883_G|C,29510_A|C,11288_11296,21633_21641,28362_28370
Denmark/DCGC-499374/2022	XG	241_C|T,2832_A|G,3037_C|T,5386_T|G,5672_C|T,5924_G|A,9344_C|T,9424_A|G,9534_C|T,9866_C|T,10029_C|T,10198_C|T,10447_G|A,10449_C|A,12880_C|T,14408_C|T,14851_T|C,15714_C|T,17410_C|T,18163_A|G,19855_A|G,19955_C|T,20055_A|G,21618_C|T,21987_G|A,22200_T|G,22578_G|A,22674_C|T,22679_T|C,22686_C|T,22688_A|G,22775_G|A,22786_A|C,22792_C|T,22813_G|T,22882_T|G,22992_G|A,22995_C|A,23013_A|C,23040_A|G,23055_A|G,23063_A|T,23075_T|C,23403_A|G,23525_C|T,23599_T|G,23604_C|A,23854_C|A,23948_G|T,24424_A|T,24469_T|A,25000_C|T,25584_C|T,25710_C|G,26060_C|T,26270_C|T,26577_C|G,26709_G|A,26858_C|T,27259_A|C,27382_G|C,27383_A|T,27384_T|C,27807_C|T,28271_A|T,28311_C|T,28881_G|A,28882_G|A,28883_G|C,29510_A|C,11288_11296,21633_21641,28362_28370
Denmark/DCGC-499409/2022	XG	241_C|T,2832_A|G,3037_C|T,5386_T|G,5672_C|T,5924_G|A,9344_C|T,9424_A|G,9534_C|T,9866_C|T,10029_C|T,10198_C|T,10447_G|A,10449_C|A,12880_C|T,14408_C|T,15714_C|T,17410_C|T,18163_A|G,19855_A|G,19955_C|T,20055_A|G,21618_C|T,21987_G|A,22200_T|G,22346_G|T,22578_G|A,22674_C|T,22679_T|C,22686_C|T,22688_A|G,22775_G|A,22786_A|C,22792_C|T,22813_G|T,22992_G|A,22995_C|A,23013_A|C,23040_A|G,23055_A|G,23063_A|T,23075_T|C,23403_A|G,23525_C|T,23599_T|G,23604_C|A,23854_C|A,23948_G|T,24424_A|T,24469_T|A,25000_C|T,25584_C|T,25672_C|T,26060_C|T,26270_C|T,26709_G|A,26858_C|T,27259_A|C,27382_G|C,27383_A|T,27384_T|C,27807_C|T,28271_A|T,28311_C|T,28881_G|A,28882_G|A,28883_G|C,29510_A|C,11288_11296,21633_21641,28362_28370
Denmark/DCGC-499488/2022	XG	241_C|T,2832_A|G,3037_C|T,5386_T|G,5672_C|T,5924_G|A,9344_C|T,9424_A|G,9534_C|T,9866_C|T,10029_C|T,10198_C|T,10447_G|A,10449_C|A,12880_C|T,14408_C|T,15714_C|T,17410_C|T,18163_A|G,19855_A|G,19955_C|T,20055_A|G,21618_C|T,21987_G|A,22200_T|G,22578_G|A,22674_C|T,22679_T|C,22686_C|T,22688_A|G,22775_G|A,22786_A|C,22792_C|T,22813_G|T,22882_T|G,22992_G|A,22995_C|A,23013_A|C,23040_A|G,23055_A|G,23063_A|T,23075_T|C,23403_A|G,23525_C|T,23599_T|G,23604_C|A,23854_C|A,23948_G|T,24424_A|T,24469_T|A,25000_C|T,25584_C|T,26060_C|T,26270_C|T,26709_G|A,26858_C|T,27259_A|C,27382_G|C,27383_A|T,27384_T|C,27807_C|T,28271_A|T,28311_C|T,28881_G|A,28882_G|A,28883_G|C,29510_A|C,11288_11296,21633_21641,28362_28370
Denmark/DCGC-500120/2022	XG	241_C|T,2832_A|G,3037_C|T,5386_T|G,5672_C|T,5924_G|A,9344_C|T,9424_A|G,9534_C|T,9866_C|T,10029_C|T,10198_C|T,10447_G|A,10449_C|A,12880_C|T,14408_C|T,15714_C|T,17410_C|T,18163_A|G,19855_A|G,19955_C|T,20055_A|G,21618_C|T,21987_G|A,22200_T|G,22346_G|T,22578_G|A,22674_C|T,22679_T|C,22686_C|T,22688_A|G,22775_G|A,22786_A|C,22792_C|T,22813_G|T,22882_T|G,22992_G|A,22995_C|A,23013_A|C,23040_A|G,23055_A|G,23063_A|T,23075_T|C,23403_A|G,23525_C|T,23599_T|G,23604_C|A,23854_C|A,23948_G|T,24424_A|T,24469_T|A,25000_C|T,25584_C|T,25672_C|T,26060_C|T,26270_C|T,26709_G|A,26858_C|T,27259_A|C,27382_G|C,27383_A|T,27384_T|C,27807_C|T,28271_A|T,28311_C|T,28881_G|A,28882_G|A,28883_G|C,29510_A|C,11288_11296,21633_21641,28362_28370
Denmark/DCGC-500486/2022	XG	241_C|T,2832_A|G,3037_C|T,5386_T|G,5672_C|T,5924_G|A,9344_C|T,9424_A|G,9534_C|T,9866_C|T,10029_C|T,10198_C|T,10447_G|A,10449_C|A,12880_C|T,14408_C|T,15714_C|T,16425_T|A,17410_C|T,18163_A|G,19855_A|G,19955_C|T,20055_A|G,21618_C|T,21987_G|A,22200_T|G,22346_G|T,22578_G|A,22674_C|T,22679_T|C,22686_C|T,22688_A|G,22775_G|A,22786_A|C,22792_C|T,22813_G|T,22882_T|G,22992_G|A,22995_C|A,23013_A|C,23040_A|G,23055_A|G,23063_A|T,23075_T|C,23403_A|G,23525_C|T,23599_T|G,23604_C|A,23854_C|A,23948_G|T,24424_A|T,24469_T|A,25000_C|T,25584_C|T,25672_C|T,26060_C|T,26270_C|T,26709_G|A,26858_C|T,27259_A|C,27382_G|C,27383_A|T,27384_T|C,27807_C|T,28271_A|T,28311_C|T,28881_G|A,28882_G|A,28883_G|C,29510_A|C,11288_11296,21633_21641,28362_28370
Denmark/DCGC-500696/2022	XG	241_C|T,2832_A|G,3037_C|T,5386_T|G,5672_C|T,5924_G|A,9344_C|T,9424_A|G,9534_C|T,9598_C|T,9866_C|T,10029_C|T,10198_C|T,10447_G|A,10449_C|A,12880_C|T,14408_C|T,15714_C|T,17410_C|T,18163_A|G,19855_A|G,19955_C|T,20055_A|G,21618_C|T,21987_G|A,22197_T|C,22200_T|G,22578_G|A,22674_C|T,22679_T|C,22686_C|T,22688_A|G,22775_G|A,22786_A|C,22792_C|T,22813_G|T,22882_T|G,22992_G|A,22995_C|A,23013_A|C,23040_A|G,23055_A|G,23063_A|T,23075_T|C,23403_A|G,23525_C|T,23599_T|G,23604_C|A,23854_C|A,23948_G|T,24424_A|T,24469_T|A,25584_C|T,26060_C|T,26270_C|T,26709_G|A,26858_C|T,27259_A|C,27382_G|C,27383_A|T,27384_T|C,27807_C|T,28271_A|T,28311_C|T,28344_C|T,28881_G|A,28882_G|A,28883_G|C,29510_A|C,11288_11296,21633_21641,28362_28370
Denmark/DCGC-501007/2022	XG	241_C|T,2832_A|G,3037_C|T,5386_T|G,5672_C|T,5924_G|A,9344_C|T,9424_A|G,9534_C|T,9598_C|T,9866_C|T,10029_C|T,10198_C|T,10447_G|A,10449_C|A,12880_C|T,14408_C|T,15714_C|T,17410_C|T,18163_A|G,19855_A|G,19955_C|T,20055_A|G,21618_C|T,21987_G|A,22197_T|C,22200_T|G,22578_G|A,22674_C|T,22679_T|C,22686_C|T,22688_A|G,22775_G|A,22786_A|C,22792_C|T,22813_G|T,22882_T|G,22992_G|A,22995_C|A,23013_A|C,23040_A|G,23055_A|G,23063_A|T,23075_T|C,23403_A|G,23525_C|T,23599_T|G,23604_C|A,23854_C|A,23948_G|T,24424_A|T,24469_T|A,25000_C|T,25584_C|T,26060_C|T,26270_C|T,26709_G|A,26858_C|T,27259_A|C,27382_G|C,27383_A|T,27384_T|C,27807_C|T,28271_A|T,28311_C|T,28344_C|T,28881_G|A,28882_G|A,28883_G|C,29510_A|C,11288_11296,28362_28370
Denmark/DCGC-501082/2022	XG	241_C|T,2832_A|G,3037_C|T,5386_T|G,5672_C|T,5924_G|A,9344_C|T,9424_A|G,9534_C|T,9866_C|T,10029_C|T,10198_C|T,10447_G|A,10449_C|A,12880_C|T,14408_C|T,15714_C|T,17410_C|T,18163_A|G,19855_A|G,19955_C|T,20055_A|G,21618_C|T,21987_G|A,22200_T|G,22578_G|A,22674_C|T,22679_T|C,22686_C|T,22688_A|G,22775_G|A,22786_A|C,22792_C|T,22813_G|T,22882_T|G,22992_G|A,22995_C|A,23013_A|C,23040_A|G,23055_A|G,23063_A|T,23075_T|C,23403_A|G,23525_C|T,23599_T|G,23604_C|A,23854_C|A,23948_G|T,24424_A|T,24469_T|A,25000_C|T,25584_C|T,26060_C|T,26270_C|T,26577_C|G,26709_G|A,26858_C|T,27259_A|C,27382_G|C,27383_A|T,27384_T|C,27807_C|T,28271_A|T,28311_C|T,28881_G|A,28882_G|A,28883_G|C,29510_A|C,11288_11296,21633_21641,28362_28370
Denmark/DCGC-502086/2022	XG	241_C|T,2832_A|G,3037_C|T,5386_T|G,5672_C|T,5924_G|A,9344_C|T,9424_A|G,9534_C|T,9866_C|T,10029_C|T,10198_C|T,10447_G|A,10449_C|A,12880_C|T,14408_C|T,15714_C|T,17410_C|T,18163_A|G,19855_A|G,19955_C|T,20055_A|G,21618_C|T,21987_G|A,22200_T|G,22346_G|T,22578_G|A,22674_C|T,22679_T|C,22686_C|T,22688_A|G,22775_G|A,22786_A|C,22792_C|T,22813_G|T,22882_T|G,22992_G|A,22995_C|A,23013_A|C,23040_A|G,23055_A|G,23063_A|T,23075_T|C,23403_A|G,23525_C|T,23599_T|G,23604_C|A,23854_C|A,23948_G|T,24424_A|T,24469_T|A,25000_C|T,25584_C|T,25672_C|T,26060_C|T,26270_C|T,26577_C|G,26709_G|A,26858_C|T,26885_C|T,27259_A|C,27382_G|C,27383_A|T,27384_T|C,27807_C|T,28271_A|T,28311_C|T,28881_G|A,28882_G|A,28883_G|C,29510_A|C,11288_11296,21633_21641,28362_28370
Denmark/DCGC-503791/2022	XG	241_C|T,2832_A|G,3037_C|T,5386_T|G,5672_C|T,5924_G|A,9344_C|T,9424_A|G,9534_C|T,9598_C|T,9866_C|T,10029_C|T,10198_C|T,10447_G|A,10449_C|A,12880_C|T,14408_C|T,15714_C|T,17410_C|T,18163_A|G,19855_A|G,19955_C|T,20055_A|G,21618_C|T,21987_G|A,22197_T|C,22200_T|G,22578_G|A,22674_C|T,22679_T|C,22686_C|T,22688_A|G,22775_G|A,22786_A|C,22792_C|T,22813_G|T,22882_T|G,22992_G|A,22995_C|A,23013_A|C,23040_A|G,23055_A|G,23063_A|T,23075_T|C,23403_A|G,23525_C|T,23599_T|G,23604_C|A,23854_C|A,23948_G|T,24424_A|T,24469_T|A,25000_C|T,25584_C|T,26060_C|T,26270_C|T,26577_C|G,26709_G|A,26858_C|T,27259_A|C,27382_G|C,27383_A|T,27384_T|C,27807_C|T,28271_A|T,28311_C|T,28344_C|T,28881_G|A,28882_G|A,28883_G|C,29510_A|C,11288_11296,21633_21641,28362_28370
Denmark/DCGC-503841/2022	XG	241_C|T,2832_A|G,3037_C|T,5386_T|G,5672_C|T,5924_G|A,9344_C|T,9424_A|G,9534_C|T,9598_C|T,9866_C|T,10029_C|T,10198_C|T,10447_G|A,10449_C|A,12880_C|T,14408_C|T,15714_C|T,17410_C|T,18163_A|G,19855_A|G,19955_C|T,20055_A|G,21618_C|T,21987_G|A,22197_T|C,22200_T|G,22578_G|A,22674_C|T,22679_T|C,22686_C|T,22688_A|G,22775_G|A,22786_A|C,22792_C|T,22813_G|T,22882_T|G,22992_G|A,22995_C|A,23013_A|C,23040_A|G,23055_A|G,23063_A|T,23075_T|C,23403_A|G,23525_C|T,23599_T|G,23604_C|A,23854_C|A,23948_G|T,24424_A|T,24469_T|A,25000_C|T,25584_C|T,26060_C|T,26270_C|T,26577_C|G,26709_G|A,26858_C|T,27259_A|C,27382_G|C,27383_A|T,27384_T|C,27807_C|T,28271_A|T,28311_C|T,28344_C|T,28881_G|A,28882_G|A,28883_G|C,29510_A|C,11288_11296,21633_21641,28362_28370
Denmark/DCGC-503990/2022	XG	241_C|T,859_T|C,2832_A|G,3037_C|T,5386_T|G,5672_C|T,5924_G|A,9344_C|T,9424_A|G,9534_C|T,9866_C|T,10029_C|T,10198_C|T,10447_G|A,10449_C|A,12880_C|T,14408_C|T,14793_C|T,15714_C|T,17410_C|T,18163_A|G,19855_A|G,19955_C|T,20055_A|G,21618_C|T,21987_G|A,22200_T|G,22346_G|T,22578_G|A,22674_C|T,22679_T|C,22686_C|T,22688_A|G,22775_G|A,22786_A|C,22792_C|T,22813_G|T,22882_T|G,22992_G|A,22995_C|A,23013_A|C,23040_A|G,23055_A|G,23063_A|T,23075_T|C,23403_A|G,23525_C|T,23599_T|G,23604_C|A,23854_C|A,23948_G|T,24424_A|T,24469_T|A,25000_C|T,25584_C|T,25672_C|T,26060_C|T,26270_C|T,26577_C|G,26709_G|A,26858_C|T,27259_A|C,27382_G|C,27383_A|T,27384_T|C,27807_C|T,28271_A|T,28311_C|T,28881_G|A,28882_G|A,28883_G|C,29510_A|C,11288_11296,21633_21641,28362_28370
Denmark/DCGC-504215/2022	XG	241_C|T,2832_A|G,3037_C|T,5386_T|G,5672_C|T,5924_G|A,9344_C|T,9424_A|G,9534_C|T,9866_C|T,10029_C|T,10198_C|T,10447_G|A,10449_C|A,12880_C|T,14408_C|T,15714_C|T,17410_C|T,18163_A|G,19855_A|G,19955_C|T,20055_A|G,21618_C|T,21987_G|A,22200_T|G,22346_G|T,22578_G|A,22674_C|T,22679_T|C,22686_C|T,22688_A|G,22775_G|A,22786_A|C,22792_C|T,22813_G|T,22882_T|G,22992_G|A,22995_C|A,23013_A|C,23040_A|G,23055_A|G,23063_A|T,23075_T|C,23403_A|G,23525_C|T,23599_T|G,23604_C|A,23854_C|A,23948_G|T,24424_A|T,24469_T|A,25000_C|T,25584_C|T,25672_C|T,26060_C|T,26270_C|T,26709_G|A,26858_C|T,27259_A|C,27382_G|C,27383_A|T,27384_T|C,27807_C|T,28271_A|T,28311_C|T,28881_G|A,28882_G|A,28883_G|C,29510_A|C,11288_11296,21633_21641,28362_28370
Denmark/DCGC-504834/2022	XG	241_C|T,2832_A|G,3037_C|T,5386_T|G,5672_C|T,5924_G|A,9344_C|T,9424_A|G,9534_C|T,9866_C|T,10029_C|T,10198_C|T,10447_G|A,10449_C|A,12880_C|T,14408_C|T,15714_C|T,17410_C|T,18163_A|G,19855_A|G,19955_C|T,20055_A|G,21618_C|T,21987_G|A,22200_T|G,22346_G|T,22578_G|A,22674_C|T,22679_T|C,22686_C|T,22688_A|G,22775_G|A,22786_A|C,22792_C|T,22813_G|T,22882_T|G,22992_G|A,22995_C|A,23013_A|C,23040_A|G,23055_A|G,23063_A|T,23075_T|C,23403_A|G,23525_C|T,23599_T|G,23604_C|A,23854_C|A,23948_G|T,24424_A|T,24469_T|A,25000_C|T,25584_C|T,25672_C|T,26060_C|T,26270_C|T,26709_G|A,26858_C|T,27259_A|C,27382_G|C,27383_A|T,27384_T|C,27807_C|T,28271_A|T,28311_C|T,28881_G|A,28882_G|A,28883_G|C,29510_A|C,11288_11296,21633_21641,28362_28370
Denmark/DCGC-504969/2022	XG	241_C|T,2832_A|G,3037_C|T,5386_T|G,5672_C|T,5924_G|A,9344_C|T,9424_A|G,9534_C|T,9866_C|T,10029_C|T,10198_C|T,10447_G|A,10449_C|A,12880_C|T,14408_C|T,15714_C|T,17410_C|T,18163_A|G,19855_A|G,19955_C|T,20055_A|G,21618_C|T,21987_G|A,22200_T|G,22346_G|T,22578_G|A,22674_C|T,22679_T|C,22686_C|T,22688_A|G,22775_G|A,22786_A|C,22792_C|T,22813_G|T,22992_G|A,22995_C|A,23013_A|C,23040_A|G,23055_A|G,23063_A|T,23075_T|C,23403_A|G,23525_C|T,23599_T|G,23604_C|A,23854_C|A,23948_G|T,24424_A|T,24469_T|A,25000_C|T,25584_C|T,25672_C|T,26060_C|T,26270_C|T,26577_C|G,26709_G|A,26858_C|T,27259_A|C,27382_G|C,27383_A|T,27384_T|C,27807_C|T,28271_A|T,28311_C|T,28881_G|A,28882_G|A,28883_G|C,29510_A|C,11288_11296,21633_21641,28362_28370
Denmark/DCGC-505189/2022	XG	241_C|T,2832_A|G,3037_C|T,5386_T|G,5672_C|T,5924_G|A,9344_C|T,9424_A|G,9534_C|T,9866_C|T,10029_C|T,10198_C|T,10447_G|A,10449_C|A,12880_C|T,14408_C|T,15714_C|T,17410_C|T,18163_A|G,19855_A|G,19955_C|T,20055_A|G,21618_C|T,21987_G|A,22200_T|G,22346_G|T,22578_G|A,22674_C|T,22679_T|C,22686_C|T,22688_A|G,22775_G|A,22786_A|C,22792_C|T,22813_G|T,22882_T|G,22992_G|A,22995_C|A,23013_A|C,23040_A|G,23055_A|G,23063_A|T,23075_T|C,23403_A|G,23525_C|T,23599_T|G,23604_C|A,23854_C|A,23948_G|T,24424_A|T,24469_T|A,25000_C|T,25584_C|T,25672_C|T,26060_C|T,26270_C|T,26577_C|G,26709_G|A,26858_C|T,27259_A|C,27382_G|C,27383_A|T,27384_T|C,27807_C|T,28271_A|T,28311_C|T,28881_G|A,28882_G|A,28883_G|C,29510_A|C,11288_11296,21633_21641,28362_28370
Denmark/DCGC-505354/2022	XG	241_C|T,2832_A|G,3037_C|T,5386_T|G,5672_C|T,5924_G|A,9344_C|T,9424_A|G,9534_C|T,9866_C|T,10029_C|T,10198_C|T,10447_G|A,10449_C|A,12880_C|T,14408_C|T,15714_C|T,17410_C|T,18163_A|G,19855_A|G,19955_C|T,20055_A|G,21618_C|T,21987_G|A,22200_T|G,22578_G|A,22674_C|T,22679_T|C,22686_C|T,22688_A|G,22775_G|A,22786_A|C,22792_C|T,22813_G|T,22882_T|G,22992_G|A,22995_C|A,23013_A|C,23040_A|G,23055_A|G,23063_A|T,23075_T|C,23403_A|G,23525_C|T,23599_T|G,23604_C|A,23854_C|A,23948_G|T,24424_A|T,24469_T|A,25584_C|T,25710_C|G,26060_C|T,26270_C|T,26709_G|A,26858_C|T,27259_A|C,27382_G|C,27383_A|T,27384_T|C,27807_C|T,28271_A|T,28311_C|T,28881_G|A,28882_G|A,28883_G|C,29510_A|C,11288_11296,21633_21641,28362_28370
Denmark/DCGC-505485/2022	XG	241_C|T,2832_A|G,3037_C|T,5386_T|G,5672_C|T,5924_G|A,9344_C|T,9424_A|G,9534_C|T,9866_C|T,10029_C|T,10198_C|T,10447_G|A,10449_C|A,12880_C|T,14408_C|T,15714_C|T,17410_C|T,18163_A|G,19855_A|G,19955_C|T,20055_A|G,21618_C|T,21987_G|A,22200_T|G,22346_G|T,22578_G|A,22674_C|T,22679_T|C,22686_C|T,22688_A|G,22775_G|A,22786_A|C,22792_C|T,22813_G|T,22882_T|G,22992_G|A,22995_C|A,23013_A|C,23040_A|G,23055_A|G,23063_A|T,23075_T|C,23403_A|G,23525_C|T,23599_T|G,23604_C|A,23854_C|A,23948_G|T,24424_A|T,24469_T|A,25000_C|T,25584_C|T,25672_C|T,26060_C|T,26270_C|T,26577_C|G,26709_G|A,26858_C|T,26885_C|T,27259_A|C,27382_G|C,27383_A|T,27384_T|C,27807_C|T,28271_A|T,28311_C|T,28881_G|A,28882_G|A,28883_G|C,29510_A|C,11288_11296,21633_21641,28362_28370
Denmark/DCGC-505610/2022	XG	241_C|T,2832_A|G,3037_C|T,5386_T|G,5672_C|T,5924_G|A,9344_C|T,9424_A|G,9534_C|T,9866_C|T,10029_C|T,10198_C|T,10447_G|A,10449_C|A,12880_C|T,14408_C|T,15714_C|T,17410_C|T,18163_A|G,19855_A|G,19955_C|T,20055_A|G,21618_C|T,21987_G|A,22200_T|G,22346_G|T,22578_G|A,22674_C|T,22679_T|C,22686_C|T,22688_A|G,22775_G|A,22786_A|C,22792_C|T,22813_G|T,22882_T|G,22992_G|A,22995_C|A,23013_A|C,23040_A|G,23055_A|G,23063_A|T,23075_T|C,23403_A|G,23525_C|T,23599_T|G,23604_C|A,23854_C|A,23948_G|T,24424_A|T,24469_T|A,25000_C|T,25584_C|T,25672_C|T,26060_C|T,26270_C|T,26577_C|G,26709_G|A,26858_C|T,27259_A|C,27382_G|C,27383_A|T,27384_T|C,27807_C|T,28271_A|T,28311_C|T,28881_G|A,28882_G|A,28883_G|C,29510_A|C,11288_11296,21633_21641,28362_28370
Denmark/DCGC-506024/2022	XG	241_C|T,2832_A|G,3037_C|T,5386_T|G,5672_C|T,5924_G|A,9344_C|T,9424_A|G,9534_C|T,9866_C|T,10029_C|T,10198_C|T,10447_G|A,10449_C|A,12880_C|T,14408_C|T,15714_C|T,17410_C|T,18163_A|G,19855_A|G,19955_C|T,20055_A|G,21618_C|T,21987_G|A,22200_T|G,22578_G|A,22674_C|T,22679_T|C,22686_C|T,22688_A|G,22775_G|A,22786_A|C,22792_C|T,22813_G|T,22882_T|G,22992_G|A,22995_C|A,23013_A|C,23040_A|G,23055_A|G,23063_A|T,23075_T|C,23403_A|G,23525_C|T,23599_T|G,23604_C|A,23854_C|A,23948_G|T,24424_A|T,24469_T|A,25000_C|T,25584_C|T,25710_C|G,26060_C|T,26270_C|T,26577_C|G,26709_G|A,26858_C|T,27259_A|C,27382_G|C,27383_A|T,27384_T|C,27807_C|T,28271_A|T,28311_C|T,28881_G|A,28882_G|A,28883_G|C,29510_A|C,11288_11296,21633_21641,28362_28370
Denmark/DCGC-506351/2022	XG	241_C|T,2832_A|G,3037_C|T,5386_T|G,5672_C|T,5924_G|A,9344_C|T,9424_A|G,9534_C|T,9598_C|T,9866_C|T,10029_C|T,10198_C|T,10447_G|A,10449_C|A,12880_C|T,14408_C|T,15714_C|T,17410_C|T,18163_A|G,19855_A|G,19955_C|T,20055_A|G,21618_C|T,21987_G|A,22197_T|C,22200_T|G,22578_G|A,22674_C|T,22679_T|C,22686_C|T,22688_A|G,22775_G|A,22786_A|C,22792_C|T,22813_G|T,22992_G|A,22995_C|A,23013_A|C,23040_A|G,23055_A|G,23063_A|T,23075_T|C,23403_A|G,23525_C|T,23599_T|G,23604_C|A,23854_C|A,23948_G|T,24424_A|T,24469_T|A,25000_C|T,25584_C|T,26060_C|T,26270_C|T,26577_C|G,26709_G|A,26858_C|T,27259_A|C,27382_G|C,27383_A|T,27384_T|C,27807_C|T,28271_A|T,28311_C|T,28344_C|T,28881_G|A,28882_G|A,28883_G|C,29510_A|C,11288_11296,21633_21641,28362_28370
Denmark/DCGC-506550/2022	XG	241_C|T,2832_A|G,3037_C|T,5386_T|G,5672_C|T,5924_G|A,9344_C|T,9424_A|G,9534_C|T,9866_C|T,10029_C|T,10198_C|T,10447_G|A,10449_C|A,12880_C|T,14408_C|T,15714_C|T,17410_C|T,18163_A|G,19855_A|G,19955_C|T,20055_A|G,21618_C|T,21987_G|A,22200_T|G,22578_G|A,22674_C|T,22679_T|C,22686_C|T,22688_A|G,22775_G|A,22786_A|C,22792_C|T,22813_G|T,22882_T|G,22992_G|A,22995_C|A,23013_A|C,23040_A|G,23055_A|G,23063_A|T,23075_T|C,23403_A|G,23525_C|T,23599_T|G,23604_C|A,23854_C|A,23948_G|T,24424_A|T,24469_T|A,25000_C|T,25584_C|T,26060_C|T,26270_C|T,26577_C|G,26709_G|A,26858_C|T,27259_A|C,27382_G|C,27383_A|T,27384_T|C,27807_C|T,28271_A|T,28311_C|T,28881_G|A,28882_G|A,28883_G|C,29510_A|C,11288_11296,21633_21641,28362_28370
Denmark/DCGC-507515/2022	XG	241_C|T,2832_A|G,3037_C|T,5386_T|G,5672_C|T,5924_G|A,9344_C|T,9534_C|T,9598_C|T,9866_C|T,10029_C|T,10198_C|T,10447_G|A,10449_C|A,12880_C|T,14408_C|T,15714_C|T,17410_C|T,18163_A|G,19855_A|G,19955_C|T,20055_A|G,21618_C|T,21987_G|A,22197_T|C,22200_T|G,22578_G|A,22674_C|T,22679_T|C,22686_C|T,22688_A|G,22775_G|A,22786_A|C,22792_C|T,22813_G|T,22882_T|G,22992_G|A,22995_C|A,23013_A|C,23040_A|G,23055_A|G,23063_A|T,23075_T|C,23403_A|G,23525_C|T,23599_T|G,23604_C|A,23854_C|A,23948_G|T,24424_A|T,24469_T|A,25000_C|T,25584_C|T,26060_C|T,26270_C|T,26577_C|G,26709_G|A,26858_C|T,27259_A|C,27382_G|C,27383_A|T,27384_T|C,27807_C|T,28271_A|T,28311_C|T,28344_C|T,28881_G|A,28882_G|A,28883_G|C,29510_A|C,11288_11296,21633_21641,28362_28370
Denmark/DCGC-507532/2022	XG	241_C|T,2832_A|G,3037_C|T,5386_T|G,5672_C|T,5924_G|A,9344_C|T,9424_A|G,9534_C|T,9866_C|T,10029_C|T,10198_C|T,10447_G|A,10449_C|A,12880_C|T,14408_C|T,15714_C|T,17410_C|T,18163_A|G,19855_A|G,19955_C|T,20055_A|G,21618_C|T,21987_G|A,22200_T|G,22346_G|T,22578_G|A,22674_C|T,22679_T|C,22686_C|T,22688_A|G,22775_G|A,22786_A|C,22792_C|T,22813_G|T,22882_T|G,22992_G|A,22995_C|A,23013_A|C,23040_A|G,23055_A|G,23063_A|T,23075_T|C,23403_A|G,23525_C|T,23599_T|G,23604_C|A,23854_C|A,23948_G|T,24424_A|T,24469_T|A,25000_C|T,25584_C|T,25672_C|T,26060_C|T,26270_C|T,26709_G|A,26858_C|T,27259_A|C,27382_G|C,27383_A|T,27384_T|C,27807_C|T,28271_A|T,28311_C|T,28881_G|A,28882_G|A,28883_G|C,29510_A|C,11288_11296,21633_21641,28362_28370
Denmark/DCGC-508442/2022	XG	241_C|T,2832_A|G,3037_C|T,5386_T|G,5672_C|T,5924_G|A,9344_C|T,9424_A|G,9534_C|T,9866_C|T,10029_C|T,10198_C|T,10447_G|A,10449_C|A,12880_C|T,14408_C|T,15714_C|T,17410_C|T,18163_A|G,19855_A|G,19955_C|T,20055_A|G,20578_G|T,21618_C|T,21987_G|A,22200_T|G,22346_G|T,22578_G|A,22674_C|T,22679_T|C,22686_C|T,22688_A|G,22775_G|A,22786_A|C,22792_C|T,22813_G|T,22882_T|G,22992_G|A,22995_C|A,23013_A|C,23040_A|G,23055_A|G,23063_A|T,23075_T|C,23403_A|G,23525_C|T,23599_T|G,23604_C|A,23854_C|A,23948_G|T,24424_A|T,24469_T|A,25000_C|T,25584_C|T,25672_C|T,26060_C|T,26270_C|T,26709_G|A,26858_C|T,27259_A|C,27382_G|C,27383_A|T,27384_T|C,27807_C|T,28271_A|T,28311_C|T,28881_G|A,28882_G|A,28883_G|C,29510_A|C,11288_11296,21633_21641,28362_28370
Denmark/DCGC-508589/2022	XG	241_C|T,2832_A|G,3037_C|T,5386_T|G,5672_C|T,5924_G|A,9344_C|T,9424_A|G,9534_C|T,9598_C|T,9866_C|T,10029_C|T,10198_C|T,10447_G|A,10449_C|A,12880_C|T,14408_C|T,15714_C|T,17410_C|T,18163_A|G,19855_A|G,19955_C|T,20055_A|G,21618_C|T,21987_G|A,22200_T|G,22578_G|A,22674_C|T,22679_T|C,22686_C|T,22688_A|G,22775_G|A,22786_A|C,22792_C|T,22813_G|T,22882_T|G,22992_G|A,22995_C|A,23013_A|C,23040_A|G,23055_A|G,23063_A|T,23075_T|C,23403_A|G,23525_C|T,23599_T|G,23604_C|A,23854_C|A,23948_G|T,24424_A|T,24469_T|A,25000_C|T,25584_C|T,26060_C|T,26270_C|T,26577_C|G,26709_G|A,26858_C|T,27259_A|C,27382_G|C,27383_A|T,27384_T|C,27807_C|T,28271_A|T,28311_C|T,28632_G|A,28881_G|A,28882_G|A,28883_G|C,29510_A|C,11288_11296,21633_21641,28362_28370
Denmark/DCGC-508986/2022	XG	241_C|T,2832_A|G,3037_C|T,5386_T|G,5672_C|T,5924_G|A,9344_C|T,9424_A|G,9534_C|T,9866_C|T,10029_C|T,10198_C|T,10447_G|A,10449_C|A,12880_C|T,14408_C|T,15714_C|T,17410_C|T,18163_A|G,19855_A|G,19955_C|T,20055_A|G,21618_C|T,21987_G|A,22200_T|G,22578_G|A,22674_C|T,22679_T|C,22686_C|T,22688_A|G,22775_G|A,22786_A|C,22792_C|T,22813_G|T,22882_T|G,22992_G|A,22995_C|A,23013_A|C,23040_A|G,23055_A|G,23063_A|T,23075_T|C,23403_A|G,23525_C|T,23599_T|G,23604_C|A,23854_C|A,23948_G|T,24424_A|T,24469_T|A,25000_C|T,25584_C|T,26060_C|T,26270_C|T,26577_C|G,26709_G|A,26858_C|T,27259_A|C,27382_G|C,27383_A|T,27384_T|C,27807_C|T,28271_A|T,28311_C|T,28881_G|A,28882_G|A,28883_G|C,29510_A|C,11288_11296,21633_21641,28362_28370
Denmark/DCGC-509684/2022	XG	241_C|T,2832_A|G,3037_C|T,5386_T|G,5672_C|T,5924_G|A,9344_C|T,9424_A|G,9534_C|T,9598_C|T,9866_C|T,10029_C|T,10198_C|T,10447_G|A,10449_C|A,12880_C|T,14408_C|T,15714_C|T,17410_C|T,18163_A|G,19855_A|G,19955_C|T,20055_A|G,21618_C|T,22197_T|C,22200_T|G,22578_G|A,22674_C|T,22679_T|C,22686_C|T,22688_A|G,22775_G|A,22786_A|C,22792_C|T,22813_G|T,22882_T|G,22992_G|A,22995_C|A,23013_A|C,23040_A|G,23055_A|G,23063_A|T,23075_T|C,23403_A|G,23525_C|T,23599_T|G,23604_C|A,23854_C|A,23948_G|T,24424_A|T,24469_T|A,25000_C|T,25584_C|T,26060_C|T,26270_C|T,26709_G|A,26858_C|T,27259_A|C,27382_G|C,27383_A|T,27384_T|C,27807_C|T,28271_A|T,28311_C|T,28344_C|T,28881_G|A,28882_G|A,28883_G|C,29510_A|C,11288_11296,21633_21641,28362_28370
Denmark/DCGC-510189/2022	XG	241_C|T,2832_A|G,3037_C|T,5386_T|G,5672_C|T,5924_G|A,9344_C|T,9424_A|G,9534_C|T,9866_C|T,10029_C|T,10198_C|T,10447_G|A,10449_C|A,12880_C|T,14408_C|T,15714_C|T,17410_C|T,18163_A|G,19855_A|G,19955_C|T,20055_A|G,21618_C|T,21987_G|A,22200_T|G,22346_G|T,22578_G|A,22674_C|T,22679_T|C,22686_C|T,22688_A|G,22775_G|A,22786_A|C,22792_C|T,22813_G|T,22882_T|G,22992_G|A,22995_C|A,23013_A|C,23040_A|G,23055_A|G,23063_A|T,23075_T|C,23403_A|G,23525_C|T,23599_T|G,23604_C|A,23854_C|A,23948_G|T,24424_A|T,24469_T|A,25000_C|T,25584_C|T,25672_C|T,26060_C|T,26270_C|T,26709_G|A,26858_C|T,27259_A|C,27382_G|C,27383_A|T,27384_T|C,27807_C|T,28271_A|T,28311_C|T,28881_G|A,28882_G|A,28883_G|C,29510_A|C,11288_11296,21633_21641,28362_28370
Denmark/DCGC-510342/2022	XG	241_C|T,2832_A|G,3037_C|T,5386_T|G,5672_C|T,5924_G|A,9344_C|T,9424_A|G,9534_C|T,9598_C|T,9866_C|T,10029_C|T,10198_C|T,10447_G|A,10449_C|A,12880_C|T,14408_C|T,15714_C|T,17410_C|T,18163_A|G,19855_A|G,19955_C|T,20055_A|G,21618_C|T,21987_G|A,22197_T|C,22200_T|G,22578_G|A,22674_C|T,22679_T|C,22686_C|T,22688_A|G,22775_G|A,22786_A|C,22792_C|T,22813_G|T,22882_T|G,22992_G|A,22995_C|A,23013_A|C,23040_A|G,23055_A|G,23063_A|T,23075_T|C,23403_A|G,23525_C|T,23599_T|G,23604_C|A,23854_C|A,23948_G|T,24424_A|T,24469_T|A,25000_C|T,25584_C|T,26060_C|T,26270_C|T,26577_C|G,26709_G|A,26858_C|T,27259_A|C,27382_G|C,27383_A|T,27384_T|C,27807_C|T,28271_A|T,28311_C|T,28344_C|T,28881_G|A,28882_G|A,28883_G|C,29510_A|C,11288_11296,21633_21641,28362_28370
Denmark/DCGC-511103/2022	XG	241_C|T,2832_A|G,3037_C|T,5386_T|G,5672_C|T,5924_G|A,9344_C|T,9424_A|G,9534_C|T,9866_C|T,10029_C|T,10198_C|T,10447_G|A,10449_C|A,12880_C|T,14408_C|T,15714_C|T,17410_C|T,18163_A|G,19855_A|G,19955_C|T,20055_A|G,21618_C|T,21987_G|A,22200_T|G,22346_G|T,22578_G|A,22674_C|T,22679_T|C,22686_C|T,22688_A|G,22775_G|A,22786_A|C,22792_C|T,22813_G|T,22882_T|G,22992_G|A,22995_C|A,23013_A|C,23040_A|G,23055_A|G,23063_A|T,23075_T|C,23403_A|G,23525_C|T,23599_T|G,23604_C|A,23854_C|A,23948_G|T,24424_A|T,24469_T|A,25000_C|T,25584_C|T,25672_C|T,26060_C|T,26270_C|T,26577_C|G,26709_G|A,26858_C|T,27259_A|C,27382_G|C,27383_A|T,27384_T|C,27807_C|T,28271_A|T,28311_C|T,28881_G|A,28882_G|A,28883_G|C,29510_A|C,11288_11296,21633_21641,28362_28370
Denmark/DCGC-511115/2022	XG	241_C|T,2832_A|G,3037_C|T,5386_T|G,5672_C|T,5924_G|A,9344_C|T,9424_A|G,9534_C|T,9866_C|T,10029_C|T,10198_C|T,10447_G|A,10449_C|A,12880_C|T,14408_C|T,15714_C|T,17410_C|T,18163_A|G,19855_A|G,19955_C|T,20055_A|G,21618_C|T,21987_G|A,22200_T|G,22578_G|A,22674_C|T,22679_T|C,22686_C|T,22688_A|G,22775_G|A,22786_A|C,22792_C|T,22813_G|T,22882_T|G,22992_G|A,22995_C|A,23013_A|C,23040_A|G,23055_A|G,23063_A|T,23075_T|C,23403_A|G,23525_C|T,23599_T|G,23604_C|A,23854_C|A,23948_G|T,24424_A|T,24469_T|A,25584_C|T,26060_C|T,26270_C|T,26577_C|G,26709_G|A,26858_C|T,27259_A|C,27382_G|C,27383_A|T,27384_T|C,27807_C|T,28271_A|T,28311_C|T,28881_G|A,28882_G|A,28883_G|C,29510_A|C,11288_11296,21633_21641,28362_28370
Denmark/DCGC-511426/2022	XG	241_C|T,2832_A|G,3037_C|T,5386_T|G,5672_C|T,5924_G|A,9344_C|T,9424_A|G,9534_C|T,9866_C|T,10029_C|T,10198_C|T,10447_G|A,10449_C|A,12880_C|T,14408_C|T,15714_C|T,17410_C|T,18163_A|G,19855_A|G,19955_C|T,20055_A|G,21618_C|T,21987_G|A,22200_T|G,22346_G|T,22578_G|A,22674_C|T,22679_T|C,22686_C|T,22688_A|G,22775_G|A,22786_A|C,22792_C|T,22813_G|T,22992_G|A,22995_C|A,23013_A|C,23040_A|G,23055_A|G,23063_A|T,23075_T|C,23403_A|G,23525_C|T,23599_T|G,23604_C|A,23854_C|A,23948_G|T,24424_A|T,24469_T|A,25000_C|T,25584_C|T,25672_C|T,26060_C|T,26270_C|T,26709_G|A,26858_C|T,27259_A|C,27382_G|C,27383_A|T,27384_T|C,27807_C|T,28271_A|T,28311_C|T,28881_G|A,28882_G|A,28883_G|C,29510_A|C,11288_11296,21633_21641,28362_28370
Denmark/DCGC-511450/2022	XG	241_C|T,2832_A|G,3037_C|T,5386_T|G,5672_C|T,5924_G|A,9344_C|T,9424_A|G,9534_C|T,9866_C|T,10029_C|T,10198_C|T,10447_G|A,10449_C|A,12880_C|T,14408_C|T,15714_C|T,17410_C|T,18163_A|G,19855_A|G,19955_C|T,20055_A|G,21618_C|T,21987_G|A,22200_T|G,22578_G|A,22674_C|T,22679_T|C,22686_C|T,22688_A|G,22775_G|A,22786_A|C,22792_C|T,22813_G|T,22882_T|G,22992_G|A,22995_C|A,23013_A|C,23040_A|G,23055_A|G,23063_A|T,23075_T|C,23403_A|G,23525_C|T,23599_T|G,23604_C|A,23854_C|A,23948_G|T,24424_A|T,24469_T|A,25000_C|T,25584_C|T,26060_C|T,26270_C|T,26577_C|G,26709_G|A,26858_C|T,27259_A|C,27382_G|C,27383_A|T,27384_T|C,27807_C|T,28271_A|T,28311_C|T,28881_G|A,28882_G|A,28883_G|C,29510_A|C,11288_11296,21633_21641,28362_28370
Denmark/DCGC-511791/2022	XG	241_C|T,2832_A|G,3037_C|T,5386_T|G,5672_C|T,5924_G|A,9344_C|T,9424_A|G,9534_C|T,9866_C|T,10029_C|T,10198_C|T,10447_G|A,10449_C|A,12880_C|T,14408_C|T,15714_C|T,17410_C|T,18163_A|G,19855_A|G,19955_C|T,20055_A|G,21618_C|T,22200_T|G,22578_G|A,22674_C|T,22679_T|C,22686_C|T,22688_A|G,22775_G|A,22786_A|C,22792_C|T,22813_G|T,22882_T|G,22992_G|A,22995_C|A,23013_A|C,23040_A|G,23055_A|G,23063_A|T,23075_T|C,23403_A|G,23525_C|T,23599_T|G,23604_C|A,23854_C|A,23948_G|T,24424_A|T,24469_T|A,25000_C|T,25584_C|T,26060_C|T,26270_C|T,26709_G|A,26858_C|T,27259_A|C,27382_G|C,27383_A|T,27384_T|C,27807_C|T,28271_A|T,28311_C|T,28881_G|A,28882_G|A,28883_G|C,29510_A|C,11288_11296,21633_21641,28362_28370,29734_29759
Denmark/DCGC-511869/2022	XG	241_C|T,2832_A|G,3037_C|T,5386_T|G,5672_C|T,5924_G|A,9344_C|T,9424_A|G,9534_C|T,9866_C|T,10029_C|T,10198_C|T,10447_G|A,10449_C|A,12880_C|T,14408_C|T,15714_C|T,17410_C|T,18163_A|G,19855_A|G,19955_C|T,20055_A|G,21618_C|T,22200_T|G,22578_G|A,22674_C|T,22679_T|C,22686_C|T,22688_A|G,22775_G|A,22786_A|C,22792_C|T,22813_G|T,22882_T|G,22992_G|A,22995_C|A,23013_A|C,23040_A|G,23055_A|G,23063_A|T,23075_T|C,23403_A|G,23525_C|T,23599_T|G,23604_C|A,23854_C|A,23948_G|T,24424_A|T,24469_T|A,25000_C|T,25584_C|T,26060_C|T,26270_C|T,26577_C|G,26709_G|A,26858_C|T,27259_A|C,27382_G|C,27383_A|T,27384_T|C,27807_C|T,28271_A|T,28311_C|T,28881_G|A,28882_G|A,28883_G|C,29510_A|C,11288_11296,21633_21641,28362_28370
Denmark/DCGC-512409/2022	XG	241_C|T,2832_A|G,3037_C|T,5386_T|G,5672_C|T,5924_G|A,9344_C|T,9424_A|G,9534_C|T,9866_C|T,10029_C|T,10198_C|T,10447_G|A,10449_C|A,12880_C|T,14408_C|T,15714_C|T,17410_C|T,18163_A|G,19855_A|G,19955_C|T,20055_A|G,21618_C|T,21987_G|A,22200_T|G,22346_G|T,22578_G|A,22674_C|T,22679_T|C,22686_C|T,22688_A|G,22775_G|A,22786_A|C,22792_C|T,22813_G|T,22882_T|G,22992_G|A,22995_C|A,23013_A|C,23040_A|G,23055_A|G,23063_A|T,23075_T|C,23403_A|G,23525_C|T,23599_T|G,23604_C|A,23854_C|A,23948_G|T,24424_A|T,24469_T|A,25000_C|T,25584_C|T,25672_C|T,26060_C|T,26270_C|T,26577_C|G,26709_G|A,26858_C|T,27259_A|C,27382_G|C,27383_A|T,27384_T|C,27807_C|T,28271_A|T,28311_C|T,28881_G|A,28882_G|A,28883_G|C,29510_A|C,11288_11296,21633_21641,28362_28370
Denmark/DCGC-512707/2022	XG	241_C|T,2832_A|G,3037_C|T,5386_T|G,5672_C|T,5924_G|A,9344_C|T,9424_A|G,9534_C|T,9866_C|T,10029_C|T,10198_C|T,10447_G|A,10449_C|A,12880_C|T,14408_C|T,15714_C|T,17410_C|T,18163_A|G,19855_A|G,19955_C|T,20055_A|G,21618_C|T,21987_G|A,22200_T|G,22346_G|T,22578_G|A,22674_C|T,22679_T|C,22686_C|T,22688_A|G,22775_G|A,22786_A|C,22792_C|T,22813_G|T,22882_T|G,22992_G|A,22995_C|A,23013_A|C,23040_A|G,23055_A|G,23063_A|T,23075_T|C,23403_A|G,23525_C|T,23599_T|G,23604_C|A,23854_C|A,23948_G|T,24424_A|T,24469_T|A,25000_C|T,25584_C|T,25672_C|T,26060_C|T,26270_C|T,26709_G|A,26858_C|T,27259_A|C,27382_G|C,27383_A|T,27384_T|C,27807_C|T,28271_A|T,28311_C|T,28881_G|A,28882_G|A,28883_G|C,29510_A|C,11288_11296,21633_21641,28362_28370
Denmark/DCGC-512752/2022	XG	21_C|T,241_C|T,2832_A|G,3037_C|T,5386_T|G,5672_C|T,5924_G|A,9344_C|T,9424_A|G,9534_C|T,9866_C|T,10029_C|T,10198_C|T,10447_G|A,10449_C|A,12880_C|T,14408_C|T,15714_C|T,17410_C|T,18163_A|G,19855_A|G,19955_C|T,20055_A|G,21618_C|T,21987_G|A,22200_T|G,22346_G|T,22578_G|A,22674_C|T,22679_T|C,22686_C|T,22688_A|G,22775_G|A,22786_A|C,22792_C|T,22813_G|T,22882_T|G,22992_G|A,22995_C|A,23013_A|C,23040_A|G,23055_A|G,23063_A|T,23075_T|C,23403_A|G,23525_C|T,23599_T|G,23604_C|A,23854_C|A,23948_G|T,24424_A|T,24469_T|A,25584_C|T,25672_C|T,26060_C|T,26270_C|T,26709_G|A,26858_C|T,27259_A|C,27382_G|C,27383_A|T,27384_T|C,27807_C|T,28271_A|T,28311_C|T,28881_G|A,28882_G|A,28883_G|C,29510_A|C,11288_11296,21633_21641,28362_28370
Denmark/DCGC-513383/2022	XG	241_C|T,2832_A|G,3037_C|T,5386_T|G,5672_C|T,5924_G|A,9344_C|T,9424_A|G,9534_C|T,9866_C|T,10029_C|T,10198_C|T,10447_G|A,10449_C|A,12880_C|T,14408_C|T,15714_C|T,17410_C|T,18163_A|G,19855_A|G,19955_C|T,20055_A|G,21618_C|T,21987_G|A,22200_T|G,22346_G|T,22578_G|A,22674_C|T,22679_T|C,22686_C|T,22688_A|G,22775_G|A,22786_A|C,22792_C|T,22813_G|T,22882_T|G,22992_G|A,22995_C|A,23013_A|C,23040_A|G,23055_A|G,23063_A|T,23075_T|C,23403_A|G,23525_C|T,23599_T|G,23604_C|A,23854_C|A,23948_G|T,24424_A|T,24469_T|A,25000_C|T,25584_C|T,25672_C|T,26060_C|T,26270_C|T,26709_G|A,26858_C|T,26885_C|T,27259_A|C,27382_G|C,27383_A|T,27384_T|C,27807_C|T,28271_A|T,28311_C|T,28881_G|A,28882_G|A,28883_G|C,29510_A|C,29781_G|T,11288_11296,21633_21641,28362_28370
Denmark/DCGC-513448/2022	XG	241_C|T,2832_A|G,3037_C|T,5386_T|G,5672_C|T,5924_G|A,9344_C|T,9424_A|G,9534_C|T,9866_C|T,10029_C|T,10198_C|T,10447_G|A,10449_C|A,12880_C|T,14408_C|T,15714_C|T,17410_C|T,18163_A|G,19855_A|G,19955_C|T,20055_A|G,21618_C|T,21987_G|A,22200_T|G,22346_G|T,22578_G|A,22674_C|T,22679_T|C,22686_C|T,22688_A|G,22775_G|A,22786_A|C,22792_C|T,22813_G|T,22882_T|G,22992_G|A,22995_C|A,23013_A|C,23040_A|G,23055_A|G,23063_A|T,23075_T|C,23403_A|G,23525_C|T,23599_T|G,23604_C|A,23854_C|A,23948_G|T,24424_A|T,24469_T|A,25000_C|T,25584_C|T,25672_C|T,26060_C|T,26270_C|T,26577_C|G,26709_G|A,26858_C|T,27259_A|C,27382_G|C,27383_A|T,27384_T|C,27807_C|T,28271_A|T,28311_C|T,28881_G|A,28882_G|A,28883_G|C,29510_A|C,11288_11296,21633_21641,28362_28370
Denmark/DCGC-513469/2022	XG	241_C|T,2832_A|G,3037_C|T,5386_T|G,5672_C|T,5924_G|A,9344_C|T,9424_A|G,9534_C|T,9866_C|T,10029_C|T,10198_C|T,10447_G|A,10449_C|A,12880_C|T,14408_C|T,15714_C|T,17410_C|T,18163_A|G,19855_A|G,19955_C|T,20055_A|G,20578_G|T,21618_C|T,21987_G|A,22200_T|G,22346_G|T,22578_G|A,22674_C|T,22679_T|C,22686_C|T,22688_A|G,22775_G|A,22786_A|C,22792_C|T,22813_G|T,22882_T|G,22992_G|A,22995_C|A,23013_A|C,23040_A|G,23055_A|G,23063_A|T,23075_T|C,23403_A|G,23525_C|T,23599_T|G,23604_C|A,23854_C|A,23948_G|T,24424_A|T,24469_T|A,25000_C|T,25584_C|T,25672_C|T,26060_C|T,26270_C|T,26577_C|G,26709_G|A,26858_C|T,27259_A|C,27382_G|C,27383_A|T,27384_T|C,27807_C|T,28271_A|T,28311_C|T,28881_G|A,28882_G|A,28883_G|C,29510_A|C,11288_11296,21633_21641,28362_28370
Denmark/DCGC-513566/2022	XG	241_C|T,2832_A|G,3037_C|T,5386_T|G,5672_C|T,5924_G|A,9344_C|T,9424_A|G,9534_C|T,9866_C|T,10029_C|T,10198_C|T,10447_G|A,10449_C|A,12880_C|T,14408_C|T,15714_C|T,17410_C|T,18163_A|G,19855_A|G,19955_C|T,20055_A|G,21618_C|T,21987_G|A,22200_T|G,22346_G|T,22578_G|A,22674_C|T,22679_T|C,22686_C|T,22688_A|G,22775_G|A,22786_A|C,22792_C|T,22813_G|T,22882_T|G,22992_G|A,22995_C|A,23013_A|C,23040_A|G,23055_A|G,23063_A|T,23075_T|C,23403_A|G,23525_C|T,23599_T|G,23604_C|A,23854_C|A,23948_G|T,24424_A|T,24469_T|A,25000_C|T,25584_C|T,25672_C|T,26060_C|T,26270_C|T,26577_C|G,26709_G|A,26858_C|T,26885_C|T,27259_A|C,27382_G|C,27383_A|T,27384_T|C,27807_C|T,28271_A|T,28311_C|T,28881_G|A,28882_G|A,28883_G|C,29510_A|C,29781_G|T,11288_11296,21633_21641,28362_28370
Denmark/DCGC-513674/2022	XG	241_C|T,2832_A|G,3037_C|T,5386_T|G,5672_C|T,5924_G|A,9344_C|T,9424_A|G,9534_C|T,9866_C|T,10029_C|T,10198_C|T,10447_G|A,10449_C|A,12880_C|T,14408_C|T,15714_C|T,17410_C|T,18163_A|G,19855_A|G,19955_C|T,20055_A|G,21234_C|A,21618_C|T,21987_G|A,22200_T|G,22346_G|T,22578_G|A,22674_C|T,22679_T|C,22686_C|T,22688_A|G,22775_G|A,22786_A|C,22792_C|T,22813_G|T,22882_T|G,22992_G|A,22995_C|A,23013_A|C,23040_A|G,23055_A|G,23063_A|T,23075_T|C,23403_A|G,23525_C|T,23599_T|G,23604_C|A,23854_C|A,23948_G|T,24424_A|T,24469_T|A,25000_C|T,25584_C|T,25672_C|T,26060_C|T,26270_C|T,26577_C|G,26709_G|A,26858_C|T,27259_A|C,27382_G|C,27383_A|T,27384_T|C,27807_C|T,28271_A|T,28311_C|T,28881_G|A,28882_G|A,28883_G|C,29510_A|C,11288_11296,21633_21641,28362_28370
Denmark/DCGC-514692/2022	XG	241_C|T,2832_A|G,3037_C|T,5386_T|G,5672_C|T,5924_G|A,9344_C|T,9424_A|G,9534_C|T,9866_C|T,10029_C|T,10198_C|T,10447_G|A,10449_C|A,12880_C|T,14408_C|T,15714_C|T,17410_C|T,18163_A|G,19855_A|G,19955_C|T,20055_A|G,21618_C|T,21987_G|A,22200_T|G,22578_G|A,22674_C|T,22679_T|C,22686_C|T,22688_A|G,22775_G|A,22786_A|C,22792_C|T,22813_G|T,22882_T|G,22992_G|A,22995_C|A,23013_A|C,23040_A|G,23055_A|G,23063_A|T,23075_T|C,23403_A|G,23525_C|T,23599_T|G,23604_C|A,23854_C|A,23948_G|T,24424_A|T,24469_T|A,25584_C|T,26060_C|T,26270_C|T,26709_G|A,26858_C|T,27259_A|C,27382_G|C,27383_A|T,27384_T|C,27807_C|T,28271_A|T,28311_C|T,28881_G|A,28882_G|A,28883_G|C,29510_A|C,11288_11296,21633_21641,28362_28370
Denmark/DCGC-514917/2022	XG	241_C|T,2832_A|G,3037_C|T,5386_T|G,5672_C|T,5924_G|A,9344_C|T,9424_A|G,9534_C|T,9866_C|T,10029_C|T,10198_C|T,10447_G|A,10449_C|A,12880_C|T,14408_C|T,15714_C|T,17410_C|T,18163_A|G,19855_A|G,19955_C|T,20055_A|G,21618_C|T,21987_G|A,22200_T|G,22578_G|A,22674_C|T,22679_T|C,22686_C|T,22688_A|G,22775_G|A,22786_A|C,22792_C|T,22813_G|T,22882_T|G,22992_G|A,22995_C|A,23013_A|C,23040_A|G,23055_A|G,23063_A|T,23075_T|C,23403_A|G,23525_C|T,23599_T|G,23604_C|A,23854_C|A,23948_G|T,24424_A|T,24469_T|A,25584_C|T,25710_C|G,26060_C|T,26270_C|T,26709_G|A,26833_C|T,26858_C|T,27259_A|C,27382_G|C,27383_A|T,27384_T|C,27807_C|T,28271_A|T,28311_C|T,28881_G|A,28882_G|A,28883_G|C,29510_A|C,11288_11296,21633_21641,28362_28370
Denmark/DCGC-515610/2022	XG	241_C|T,2832_A|G,3037_C|T,5386_T|G,5672_C|T,5924_G|A,9344_C|T,9424_A|G,9534_C|T,9866_C|T,10029_C|T,10198_C|T,10447_G|A,10449_C|A,12880_C|T,14408_C|T,15714_C|T,17410_C|T,18163_A|G,19855_A|G,19955_C|T,20055_A|G,21618_C|T,21987_G|A,22200_T|G,22346_G|T,22578_G|A,22674_C|T,22679_T|C,22686_C|T,22688_A|G,22775_G|A,22786_A|C,22792_C|T,22813_G|T,22882_T|G,22992_G|A,22995_C|A,23013_A|C,23040_A|G,23055_A|G,23063_A|T,23075_T|C,23403_A|G,23525_C|T,23599_T|G,23604_C|A,23854_C|A,23948_G|T,24424_A|T,24469_T|A,25000_C|T,25584_C|T,25672_C|T,26060_C|T,26270_C|T,26577_C|G,26709_G|A,26858_C|T,27259_A|C,27382_G|C,27383_A|T,27384_T|C,27807_C|T,28271_A|T,28311_C|T,28881_G|A,28882_G|A,28883_G|C,29095_C|T,29510_A|C,11288_11296,21633_21641,28362_28370
Denmark/DCGC-515641/2022	XG	241_C|T,2832_A|G,3037_C|T,5386_T|G,5672_C|T,5924_G|A,9344_C|T,9424_A|G,9534_C|T,9866_C|T,10029_C|T,10198_C|T,10447_G|A,10449_C|A,12880_C|T,14408_C|T,15714_C|T,17410_C|T,18163_A|G,19855_A|G,19955_C|T,20055_A|G,21618_C|T,21987_G|A,22200_T|G,22578_G|A,22674_C|T,22679_T|C,22686_C|T,22688_A|G,22775_G|A,22786_A|C,22792_C|T,22813_G|T,22882_T|G,22992_G|A,22995_C|A,23013_A|C,23040_A|G,23055_A|G,23063_A|T,23075_T|C,23403_A|G,23525_C|T,23599_T|G,23604_C|A,23854_C|A,23948_G|T,24424_A|T,24469_T|A,25000_C|T,25584_C|T,25710_C|G,26060_C|T,26270_C|T,26577_C|G,26709_G|A,26858_C|T,27259_A|C,27382_G|C,27383_A|T,27384_T|C,27807_C|T,28271_A|T,28311_C|T,28881_G|A,28882_G|A,28883_G|C,29510_A|C,11288_11296,21633_21641,28362_28370
Denmark/DCGC-516411/2022	XG	241_C|T,2832_A|G,3037_C|T,5386_T|G,5672_C|T,5924_G|A,9344_C|T,9424_A|G,9534_C|T,9866_C|T,10029_C|T,10198_C|T,10447_G|A,10449_C|A,12880_C|T,14408_C|T,15714_C|T,17410_C|T,18163_A|G,19855_A|G,19955_C|T,20055_A|G,21618_C|T,21987_G|A,22200_T|G,22346_G|T,22578_G|A,22674_C|T,22679_T|C,22686_C|T,22688_A|G,22775_G|A,22786_A|C,22792_C|T,22813_G|T,22882_T|G,22992_G|A,22995_C|A,23013_A|C,23040_A|G,23055_A|G,23063_A|T,23075_T|C,23403_A|G,23525_C|T,23599_T|G,23604_C|A,23854_C|A,23948_G|T,24424_A|T,24469_T|A,25000_C|T,25584_C|T,25672_C|T,26060_C|T,26270_C|T,26577_C|G,26709_G|A,26858_C|T,27259_A|C,27382_G|C,27383_A|T,27384_T|C,27807_C|T,28271_A|T,28311_C|T,28881_G|A,28882_G|A,28883_G|C,29510_A|C,11288_11296,21633_21641,28362_28370
Denmark/DCGC-516505/2022	XG	241_C|T,2832_A|G,3037_C|T,5386_T|G,5672_C|T,5924_G|A,9344_C|T,9424_A|G,9534_C|T,9866_C|T,10029_C|T,10198_C|T,10447_G|A,10449_C|A,12880_C|T,14408_C|T,15714_C|T,17410_C|T,18163_A|G,19855_A|G,19955_C|T,20055_A|G,21618_C|T,21987_G|A,22200_T|G,22346_G|T,22578_G|A,22674_C|T,22679_T|C,22686_C|T,22688_A|G,22775_G|A,22786_A|C,22792_C|T,22813_G|T,22882_T|G,22992_G|A,22995_C|A,23013_A|C,23040_A|G,23055_A|G,23063_A|T,23075_T|C,23403_A|G,23525_C|T,23599_T|G,23604_C|A,23854_C|A,23948_G|T,24424_A|T,24469_T|A,25000_C|T,25584_C|T,25672_C|T,26060_C|T,26270_C|T,26577_C|G,26709_G|A,26858_C|T,27259_A|C,27382_G|C,27383_A|T,27384_T|C,27807_C|T,28271_A|T,28311_C|T,28881_G|A,28882_G|A,28883_G|C,29510_A|C,11288_11296,21633_21641,28362_28370
Denmark/DCGC-516961/2022	XG	241_C|T,2832_A|G,3037_C|T,5386_T|G,5672_C|T,5924_G|A,9344_C|T,9424_A|G,9534_C|T,9866_C|T,10029_C|T,10198_C|T,10447_G|A,10449_C|A,12880_C|T,14408_C|T,15714_C|T,17410_C|T,18163_A|G,19855_A|G,19955_C|T,20055_A|G,21618_C|T,21987_G|A,22200_T|G,22578_G|A,22674_C|T,22679_T|C,22686_C|T,22688_A|G,22775_G|A,22786_A|C,22792_C|T,22813_G|T,22882_T|G,22992_G|A,22995_C|A,23013_A|C,23040_A|G,23055_A|G,23063_A|T,23075_T|C,23403_A|G,23525_C|T,23599_T|G,23604_C|A,23854_C|A,23948_G|T,24424_A|T,24469_T|A,25000_C|T,25584_C|T,26060_C|T,26270_C|T,26577_C|G,26709_G|A,26858_C|T,27259_A|C,27382_G|C,27383_A|T,27384_T|C,27807_C|T,28271_A|T,28311_C|T,28881_G|A,28882_G|A,28883_G|C,29510_A|C,11288_11296,21633_21641,28362_28370
Denmark/DCGC-519666/2022	XG	241_C|T,2832_A|G,3037_C|T,5211_C|T,5386_T|G,5672_C|T,5924_G|A,9344_C|T,9424_A|G,9534_C|T,9866_C|T,10029_C|T,10198_C|T,10447_G|A,10449_C|A,12880_C|T,14408_C|T,15714_C|T,17410_C|T,18163_A|G,19855_A|G,19955_C|T,20055_A|G,21618_C|T,22200_T|G,22346_G|T,22578_G|A,22674_C|T,22679_T|C,22686_C|T,22688_A|G,22775_G|A,22786_A|C,22792_C|T,22813_G|T,22882_T|G,22992_G|A,22995_C|A,23013_A|C,23040_A|G,23055_A|G,23063_A|T,23075_T|C,23403_A|G,23525_C|T,23599_T|G,23604_C|A,23854_C|A,23948_G|T,24424_A|T,24469_T|A,25000_C|T,25584_C|T,25672_C|T,26060_C|T,26270_C|T,26709_G|A,26858_C|T,26885_C|T,27259_A|C,27382_G|C,27383_A|T,27384_T|C,27807_C|T,28271_A|T,28311_C|T,28881_G|A,28882_G|A,28883_G|C,29510_A|C,11288_11296,21633_21641,28362_28370
Denmark/DCGC-519692/2022	XG	241_C|T,2832_A|G,3037_C|T,5211_C|T,5386_T|G,5672_C|T,5924_G|A,9344_C|T,9424_A|G,9534_C|T,9866_C|T,10029_C|T,10198_C|T,10447_G|A,10449_C|A,12880_C|T,14408_C|T,15714_C|T,17410_C|T,18163_A|G,19855_A|G,19955_C|T,20055_A|G,21618_C|T,21987_G|A,22200_T|G,22346_G|T,22578_G|A,22674_C|T,22679_T|C,22686_C|T,22688_A|G,22775_G|A,22786_A|C,22792_C|T,22813_G|T,22882_T|G,22992_G|A,22995_C|A,23013_A|C,23040_A|G,23055_A|G,23063_A|T,23075_T|C,23403_A|G,23525_C|T,23599_T|G,23604_C|A,23854_C|A,23948_G|T,24424_A|T,24469_T|A,25000_C|T,25584_C|T,25672_C|T,26060_C|T,26270_C|T,26709_G|A,26858_C|T,26885_C|T,27259_A|C,27382_G|C,27383_A|T,27384_T|C,27807_C|T,28271_A|T,28311_C|T,28881_G|A,28882_G|A,28883_G|C,29510_A|C,11288_11296,21633_21641,28362_28370
Denmark/DCGC-520026/2022	XG	241_C|T,2832_A|G,3037_C|T,5386_T|G,5672_C|T,5924_G|A,9344_C|T,9424_A|G,9534_C|T,9866_C|T,10029_C|T,10198_C|T,10447_G|A,10449_C|A,12880_C|T,14408_C|T,15714_C|T,17410_C|T,18163_A|G,19855_A|G,19955_C|T,20055_A|G,21618_C|T,21987_G|A,22200_T|G,22578_G|A,22674_C|T,22679_T|C,22686_C|T,22688_A|G,22775_G|A,22786_A|C,22792_C|T,22813_G|T,22992_G|A,22995_C|A,23013_A|C,23040_A|G,23055_A|G,23063_A|T,23075_T|C,23403_A|G,23525_C|T,23599_T|G,23604_C|A,23854_C|A,23948_G|T,24424_A|T,24469_T|A,25000_C|T,25584_C|T,25672_C|T,26060_C|T,26270_C|T,26577_C|G,26709_G|A,26858_C|T,27259_A|C,27382_G|C,27383_A|T,27384_T|C,27807_C|T,28271_A|T,28311_C|T,28881_G|A,28882_G|A,28883_G|C,29510_A|C,11288_11296,21633_21641,28362_28370
Denmark/DCGC-520064/2022	XG	241_C|T,2832_A|G,3037_C|T,5386_T|G,5672_C|T,5924_G|A,9344_C|T,9424_A|G,9534_C|T,9866_C|T,10029_C|T,10198_C|T,10447_G|A,10449_C|A,12880_C|T,14408_C|T,15714_C|T,17410_C|T,18163_A|G,19855_A|G,19955_C|T,20055_A|G,21618_C|T,21987_G|A,22200_T|G,22346_G|T,22578_G|A,22674_C|T,22679_T|C,22686_C|T,22688_A|G,22775_G|A,22786_A|C,22792_C|T,22813_G|T,22882_T|G,22992_G|A,22995_C|A,23013_A|C,23040_A|G,23055_A|G,23063_A|T,23075_T|C,23403_A|G,23525_C|T,23599_T|G,23604_C|A,23854_C|A,23948_G|T,24424_A|T,24469_T|A,25000_C|T,25584_C|T,25672_C|T,26060_C|T,26270_C|T,26577_C|G,26709_G|A,26858_C|T,27259_A|C,27382_G|C,27383_A|T,27384_T|C,27807_C|T,28271_A|T,28311_C|T,28881_G|A,28882_G|A,28883_G|C,29510_A|C,11288_11296,21633_21641,28362_28370
Denmark/DCGC-520667/2022	XG	241_C|T,2832_A|G,3037_C|T,5386_T|G,5672_C|T,5924_G|A,9344_C|T,9424_A|G,9534_C|T,9866_C|T,10029_C|T,10198_C|T,10447_G|A,10449_C|A,12319_T|A,12880_C|T,14408_C|T,15714_C|T,17410_C|T,18163_A|G,19855_A|G,19955_C|T,20055_A|G,21618_C|T,21987_G|A,22200_T|G,22578_G|A,22674_C|T,22679_T|C,22686_C|T,22688_A|G,22775_G|A,22786_A|C,22792_C|T,22813_G|T,22992_G|A,22995_C|A,23013_A|C,23040_A|G,23055_A|G,23063_A|T,23075_T|C,23403_A|G,23525_C|T,23599_T|G,23604_C|A,23707_C|T,23854_C|A,23948_G|T,24424_A|T,24469_T|A,25000_C|T,25584_C|T,25710_C|G,26060_C|T,26270_C|T,26577_C|G,26709_G|A,26833_C|T,26858_C|T,27259_A|C,27382_G|C,27383_A|T,27384_T|C,27807_C|T,28271_A|T,28311_C|T,28881_G|A,28882_G|A,28883_G|C,29510_A|C,11288_11296,21633_21641,28362_28370
Denmark/DCGC-521066/2022	XG	241_C|T,2832_A|G,3037_C|T,5386_T|G,5672_C|T,5924_G|A,9344_C|T,9424_A|G,9534_C|T,9866_C|T,10029_C|T,10198_C|T,10447_G|A,10449_C|A,12880_C|T,14408_C|T,15714_C|T,17410_C|T,18163_A|G,19855_A|G,19955_C|T,20055_A|G,21618_C|T,21987_G|A,22200_T|G,22578_G|A,22674_C|T,22679_T|C,22686_C|T,22688_A|G,22775_G|A,22786_A|C,22792_C|T,22813_G|T,22882_T|G,22992_G|A,22995_C|A,23013_A|C,23040_A|G,23055_A|G,23063_A|T,23075_T|C,23403_A|G,23525_C|T,23599_T|G,23604_C|A,23854_C|A,23948_G|T,24424_A|T,24469_T|A,25000_C|T,25584_C|T,26060_C|T,26270_C|T,26577_C|G,26709_G|A,26858_C|T,27259_A|C,27382_G|C,27383_A|T,27384_T|C,27807_C|T,28271_A|T,28311_C|T,28881_G|A,28882_G|A,28883_G|C,29510_A|C,11288_11296,21633_21641,28362_28370
Denmark/DCGC-521542/2022	XG	241_C|T,2832_A|G,3037_C|T,5386_T|G,5672_C|T,5924_G|A,9344_C|T,9424_A|G,9534_C|T,9866_C|T,10029_C|T,10198_C|T,10447_G|A,10449_C|A,12880_C|T,14408_C|T,15714_C|T,17410_C|T,18163_A|G,19855_A|G,19955_C|T,20055_A|G,21618_C|T,21987_G|A,22200_T|G,22346_G|T,22578_G|A,22674_C|T,22679_T|C,22686_C|T,22688_A|G,22775_G|A,22786_A|C,22792_C|T,22813_G|T,22882_T|G,22992_G|A,22995_C|A,23013_A|C,23040_A|G,23055_A|G,23063_A|T,23075_T|C,23403_A|G,23525_C|T,23599_T|G,23604_C|A,23854_C|A,23948_G|T,24424_A|T,24469_T|A,25000_C|T,25584_C|T,25672_C|T,26060_C|T,26270_C|T,26577_C|G,26709_G|A,26858_C|T,27259_A|C,27382_G|C,27383_A|T,27384_T|C,27807_C|T,28271_A|T,28311_C|T,28881_G|A,28882_G|A,28883_G|C,29510_A|C,11288_11296,21633_21641,28362_28370
Denmark/DCGC-521587/2022	XG	241_C|T,2832_A|G,3037_C|T,5386_T|G,5672_C|T,5924_G|A,9344_C|T,9424_A|G,9534_C|T,9866_C|T,10029_C|T,10198_C|T,10279_C|T,10447_G|A,10449_C|A,12880_C|T,14408_C|T,15714_C|T,17410_C|T,18163_A|G,19855_A|G,19955_C|T,20055_A|G,21618_C|T,21987_G|A,22200_T|G,22578_G|A,22674_C|T,22679_T|C,22686_C|T,22688_A|G,22775_G|A,22786_A|C,22792_C|T,22813_G|T,22882_T|G,22992_G|A,22995_C|A,23013_A|C,23040_A|G,23055_A|G,23063_A|T,23075_T|C,23403_A|G,23525_C|T,23599_T|G,23604_C|A,23854_C|A,23948_G|T,24424_A|T,24469_T|A,25000_C|T,25584_C|T,25710_C|G,26060_C|T,26270_C|T,26577_C|G,26709_G|A,26858_C|T,27259_A|C,27382_G|C,27383_A|T,27384_T|C,27807_C|T,28271_A|T,28311_C|T,28881_G|A,28882_G|A,28883_G|C,29510_A|C,11288_11296,21633_21641,28362_28370
Denmark/DCGC-521766/2022	XG	241_C|T,2832_A|G,3037_C|T,5386_T|G,5672_C|T,5924_G|A,9344_C|T,9424_A|G,9534_C|T,9866_C|T,10029_C|T,10198_C|T,10447_G|A,10449_C|A,12880_C|T,14408_C|T,15714_C|T,17410_C|T,18163_A|G,19855_A|G,19955_C|T,20055_A|G,21618_C|T,21987_G|A,22200_T|G,22346_G|T,22578_G|A,22674_C|T,22679_T|C,22686_C|T,22688_A|G,22775_G|A,22786_A|C,22792_C|T,22813_G|T,22882_T|G,22992_G|A,22995_C|A,23013_A|C,23040_A|G,23055_A|G,23063_A|T,23075_T|C,23403_A|G,23525_C|T,23599_T|G,23604_C|A,23854_C|A,23948_G|T,24424_A|T,24469_T|A,25000_C|T,25584_C|T,25672_C|T,26060_C|T,26270_C|T,26577_C|G,26709_G|A,26858_C|T,27259_A|C,27382_G|C,27383_A|T,27384_T|C,27807_C|T,28271_A|T,28311_C|T,28881_G|A,28882_G|A,28883_G|C,29510_A|C,11288_11296,21633_21641,28362_28370
Denmark/DCGC-521854/2022	XG	241_C|T,2832_A|G,3037_C|T,5386_T|G,5672_C|T,5924_G|A,9344_C|T,9424_A|G,9534_C|T,9866_C|T,10029_C|T,10198_C|T,10447_G|A,10449_C|A,12880_C|T,14408_C|T,15714_C|T,17410_C|T,18163_A|G,19855_A|G,19955_C|T,20055_A|G,21618_C|T,21987_G|A,22200_T|G,22346_G|T,22578_G|A,22674_C|T,22679_T|C,22686_C|T,22688_A|G,22775_G|A,22786_A|C,22792_C|T,22813_G|T,22882_T|G,22992_G|A,22995_C|A,23013_A|C,23040_A|G,23055_A|G,23063_A|T,23075_T|C,23403_A|G,23525_C|T,23599_T|G,23604_C|A,23854_C|A,23948_G|T,24424_A|T,24469_T|A,25000_C|T,25584_C|T,25672_C|T,26060_C|T,26270_C|T,26577_C|G,26709_G|A,26858_C|T,27259_A|C,27382_G|C,27383_A|T,27384_T|C,27807_C|T,28271_A|T,28311_C|T,28881_G|A,28882_G|A,28883_G|C,29510_A|C,11288_11296,21633_21641,28362_28370
Denmark/DCGC-521859/2022	XG	241_C|T,2832_A|G,3037_C|T,5386_T|G,5672_C|T,5924_G|A,9344_C|T,9424_A|G,9534_C|T,9866_C|T,10029_C|T,10198_C|T,10447_G|A,10449_C|A,12880_C|T,14408_C|T,15714_C|T,17410_C|T,18163_A|G,19855_A|G,19955_C|T,20055_A|G,21618_C|T,21987_G|A,22200_T|G,22346_G|T,22578_G|A,22674_C|T,22679_T|C,22686_C|T,22688_A|G,22775_G|A,22786_A|C,22792_C|T,22813_G|T,22882_T|G,22992_G|A,22995_C|A,23013_A|C,23040_A|G,23055_A|G,23063_A|T,23075_T|C,23403_A|G,23525_C|T,23599_T|G,23604_C|A,23854_C|A,23948_G|T,24424_A|T,24469_T|A,25000_C|T,25584_C|T,25672_C|T,26060_C|T,26270_C|T,26577_C|G,26709_G|A,26858_C|T,27259_A|C,27382_G|C,27383_A|T,27384_T|C,27807_C|T,28271_A|T,28311_C|T,28881_G|A,28882_G|A,28883_G|C,29464_T|C,29510_A|C,11288_11296,21633_21641,28362_28370
Denmark/DCGC-521946/2022	XG	241_C|T,2832_A|G,3037_C|T,5386_T|G,5672_C|T,5924_G|A,9344_C|T,9424_A|G,9534_C|T,9866_C|T,10029_C|T,10198_C|T,10447_G|A,10449_C|A,12880_C|T,14408_C|T,15714_C|T,17410_C|T,18163_A|G,19855_A|G,19955_C|T,20055_A|G,21618_C|T,21987_G|A,22200_T|G,22346_G|T,22578_G|A,22674_C|T,22679_T|C,22686_C|T,22688_A|G,22775_G|A,22786_A|C,22792_C|T,22813_G|T,22882_T|G,22992_G|A,22995_C|A,23013_A|C,23040_A|G,23055_A|G,23063_A|T,23075_T|C,23403_A|G,23525_C|T,23599_T|G,23604_C|A,23854_C|A,23948_G|T,24424_A|T,24469_T|A,25000_C|T,25584_C|T,25672_C|T,26060_C|T,26270_C|T,26577_C|G,26709_G|A,26858_C|T,27259_A|C,27382_G|C,27383_A|T,27384_T|C,27807_C|T,28271_A|T,28311_C|T,28881_G|A,28882_G|A,28883_G|C,29464_T|C,29510_A|C,11288_11296,21633_21641,28362_28370
Denmark/DCGC-522936/2022	XG	241_C|T,2832_A|G,3037_C|T,5386_T|G,5672_C|T,5924_G|A,9344_C|T,9424_A|G,9534_C|T,9866_C|T,10029_C|T,10198_C|T,10447_G|A,10449_C|A,12880_C|T,14408_C|T,15714_C|T,17410_C|T,18163_A|G,19855_A|G,19955_C|T,20055_A|G,20424_T|C,21618_C|T,21987_G|A,22200_T|G,22346_G|T,22578_G|A,22674_C|T,22679_T|C,22686_C|T,22688_A|G,22775_G|A,22786_A|C,22792_C|T,22813_G|T,22882_T|G,22992_G|A,22995_C|A,23013_A|C,23040_A|G,23055_A|G,23063_A|T,23075_T|C,23403_A|G,23525_C|T,23599_T|G,23604_C|A,23854_C|A,23948_G|T,24424_A|T,24469_T|A,25000_C|T,25584_C|T,25672_C|T,26060_C|T,26270_C|T,26577_C|G,26709_G|A,26858_C|T,27259_A|C,27382_G|C,27383_A|T,27384_T|C,27807_C|T,28271_A|T,28311_C|T,28881_G|A,28882_G|A,28883_G|C,29510_A|C,11288_11296,21633_21641,28362_28370
Denmark/DCGC-523316/2022	XG	241_C|T,2832_A|G,3037_C|T,5386_T|G,5672_C|T,5924_G|A,9344_C|T,9424_A|G,9534_C|T,9866_C|T,10029_C|T,10198_C|T,10447_G|A,10449_C|A,12880_C|T,14408_C|T,15714_C|T,17410_C|T,18163_A|G,19855_A|G,19955_C|T,20055_A|G,21618_C|T,21633_T|C,21987_G|A,22200_T|G,22346_G|T,22578_G|A,22674_C|T,22679_T|C,22686_C|T,22688_A|G,22775_G|A,22786_A|C,22792_C|T,22813_G|T,22882_T|G,22992_G|A,22995_C|A,23013_A|C,23040_A|G,23055_A|G,23063_A|T,23075_T|C,23403_A|G,23525_C|T,23599_T|G,23604_C|A,23854_C|A,23948_G|T,24424_A|T,24469_T|A,25000_C|T,25584_C|T,25672_C|T,26060_C|T,26270_C|T,26577_C|G,26709_G|A,26858_C|T,27259_A|C,27382_G|C,27383_A|T,27384_T|C,27807_C|T,28271_A|T,28311_C|T,28881_G|A,28882_G|A,28883_G|C,29510_A|C,11288_11296,28362_28370
Denmark/DCGC-523504/2022	XG	241_C|T,2832_A|G,3037_C|T,5386_T|G,5672_C|T,5924_G|A,9344_C|T,9424_A|G,9534_C|T,9866_C|T,10029_C|T,10198_C|T,10447_G|A,10449_C|A,12880_C|T,14408_C|T,15714_C|T,17410_C|T,18163_A|G,19855_A|G,19955_C|T,20055_A|G,21618_C|T,21987_G|A,22200_T|G,22346_G|T,22578_G|A,22674_C|T,22679_T|C,22686_C|T,22688_A|G,22775_G|A,22786_A|C,22792_C|T,22813_G|T,22882_T|G,22992_G|A,22995_C|A,23013_A|C,23040_A|G,23055_A|G,23063_A|T,23075_T|C,23403_A|G,23525_C|T,23599_T|G,23604_C|A,23854_C|A,23948_G|T,24424_A|T,24469_T|A,25000_C|T,25584_C|T,25672_C|T,26060_C|T,26270_C|T,26577_C|G,26709_G|A,26858_C|T,27259_A|C,27382_G|C,27383_A|T,27384_T|C,27807_C|T,28271_A|T,28311_C|T,28881_G|A,28882_G|A,28883_G|C,29510_A|C,11288_11296,21633_21641,28362_28370
Denmark/DCGC-523578/2022	XG	241_C|T,2832_A|G,3037_C|T,5386_T|G,5672_C|T,5924_G|A,9344_C|T,9424_A|G,9534_C|T,9598_C|T,9866_C|T,10029_C|T,10198_C|T,10447_G|A,10449_C|A,12880_C|T,14408_C|T,15714_C|T,17410_C|T,18163_A|G,19855_A|G,19955_C|T,20055_A|G,21618_C|T,21633_T|C,21987_G|A,22197_T|C,22200_T|G,22578_G|A,22674_C|T,22679_T|C,22686_C|T,22688_A|G,22775_G|A,22786_A|C,22792_C|T,22813_G|T,22882_T|G,22992_G|A,22995_C|A,23013_A|C,23040_A|G,23055_A|G,23063_A|T,23075_T|C,23403_A|G,23525_C|T,23599_T|G,23604_C|A,23854_C|A,23948_G|T,24424_A|T,24469_T|A,25000_C|T,25584_C|T,26060_C|T,26270_C|T,26577_C|G,26709_G|A,26858_C|T,27259_A|C,27382_G|C,27383_A|T,27384_T|C,27807_C|T,28271_A|T,28311_C|T,28344_C|T,28881_G|A,28882_G|A,28883_G|C,29510_A|C,11288_11296,28362_28370
Denmark/DCGC-524076/2022	XG	241_C|T,2832_A|G,3037_C|T,5386_T|G,5672_C|T,5924_G|A,9344_C|T,9424_A|G,9534_C|T,9866_C|T,10029_C|T,10198_C|T,10447_G|A,10449_C|A,12880_C|T,14408_C|T,15714_C|T,17410_C|T,18163_A|G,19264_C|T,19855_A|G,19955_C|T,20055_A|G,21618_C|T,21987_G|A,22200_T|G,22346_G|T,22578_G|A,22674_C|T,22679_T|C,22686_C|T,22688_A|G,22775_G|A,22786_A|C,22792_C|T,22813_G|T,22882_T|G,22992_G|A,22995_C|A,23013_A|C,23040_A|G,23055_A|G,23063_A|T,23075_T|C,23403_A|G,23525_C|T,23599_T|G,23604_C|A,23854_C|A,23948_G|T,24424_A|T,24469_T|A,25584_C|T,25672_C|T,26060_C|T,26270_C|T,26709_G|A,26858_C|T,27259_A|C,27382_G|C,27383_A|T,27384_T|C,27807_C|T,28271_A|T,28311_C|T,28881_G|A,28882_G|A,28883_G|C,29510_A|C,11288_11296,21633_21641,28362_28370
Denmark/DCGC-524399/2022	XG	241_C|T,894_A|G,2832_A|G,3037_C|T,5386_T|G,5672_C|T,5924_G|A,9344_C|T,9424_A|G,9534_C|T,9866_C|T,10029_C|T,10198_C|T,10447_G|A,10449_C|A,12880_C|T,14408_C|T,15714_C|T,17410_C|T,17676_C|T,18163_A|G,19855_A|G,19955_C|T,20055_A|G,21618_C|T,21987_G|A,22200_T|G,22578_G|A,22674_C|T,22679_T|C,22686_C|T,22688_A|G,22775_G|A,22786_A|C,22792_C|T,22813_G|T,22882_T|G,22992_G|A,22995_C|A,23013_A|C,23040_A|G,23055_A|G,23063_A|T,23075_T|C,23403_A|G,23525_C|T,23599_T|G,23604_C|A,23854_C|A,23948_G|T,24424_A|T,24469_T|A,25000_C|T,25584_C|T,25710_C|G,26060_C|T,26270_C|T,26577_C|G,26709_G|A,26858_C|T,27259_A|C,27382_G|C,27383_A|T,27384_T|C,27807_C|T,28271_A|T,28311_C|T,28487_G|A,28881_G|A,28882_G|A,28883_G|C,29468_G|T,29510_A|C,11288_11296,21633_21641,28362_28370
Denmark/DCGC-525750/2022	XG	241_C|T,2832_A|G,3037_C|T,5386_T|G,5672_C|T,5924_G|A,9344_C|T,9424_A|G,9534_C|T,9866_C|T,10029_C|T,10198_C|T,10447_G|A,10449_C|A,12880_C|T,14408_C|T,15714_C|T,17410_C|T,18163_A|G,19855_A|G,19955_C|T,20055_A|G,21618_C|T,21987_G|A,22200_T|G,22578_G|A,22674_C|T,22679_T|C,22686_C|T,22688_A|G,22775_G|A,22786_A|C,22792_C|T,22813_G|T,22882_T|G,22992_G|A,22995_C|A,23013_A|C,23040_A|G,23055_A|G,23063_A|T,23075_T|C,23403_A|G,23525_C|T,23599_T|G,23604_C|A,23854_C|A,23948_G|T,24424_A|T,24469_T|A,25000_C|T,25584_C|T,25710_C|G,26060_C|T,26270_C|T,26577_C|G,26709_G|A,26833_C|T,26858_C|T,27259_A|C,27382_G|C,27383_A|T,27384_T|C,27807_C|T,28271_A|T,28311_C|T,28775_C|T,28881_G|A,28882_G|A,28883_G|C,29510_A|C,11288_11296,21633_21641,28362_28370
Denmark/DCGC-528220/2022	XG	241_C|T,2832_A|G,3037_C|T,5386_T|G,5672_C|T,5924_G|A,9344_C|T,9424_A|G,9534_C|T,9866_C|T,10029_C|T,10198_C|T,10447_G|A,10449_C|A,12880_C|T,14408_C|T,15714_C|T,17410_C|T,18163_A|G,19554_C|T,19855_A|G,19955_C|T,20055_A|G,20424_T|C,21618_C|T,21987_G|A,22200_T|G,22346_G|T,22578_G|A,22674_C|T,22679_T|C,22686_C|T,22688_A|G,22775_G|A,22786_A|C,22792_C|T,22813_G|T,22882_T|G,22992_G|A,22995_C|A,23013_A|C,23040_A|G,23055_A|G,23063_A|T,23075_T|C,23403_A|G,23525_C|T,23599_T|G,23604_C|A,23854_C|A,23948_G|T,24424_A|T,24469_T|A,25000_C|T,25584_C|T,25672_C|T,26060_C|T,26270_C|T,26577_C|G,26709_G|A,26858_C|T,27259_A|C,27382_G|C,27383_A|T,27384_T|C,27807_C|T,28271_A|T,28311_C|T,28881_G|A,28882_G|A,28883_G|C,29510_A|C,11288_11296,21633_21641,28362_28370
Denmark/DCGC-528528/2022	XG	241_C|T,2832_A|G,3037_C|T,5386_T|G,5672_C|T,5924_G|A,9344_C|T,9424_A|G,9534_C|T,9866_C|T,10029_C|T,10198_C|T,10447_G|A,10449_C|A,12880_C|T,14408_C|T,15714_C|T,17410_C|T,18163_A|G,19554_C|T,19855_A|G,19955_C|T,20055_A|G,20424_T|C,21618_C|T,21987_G|A,22200_T|G,22346_G|T,22578_G|A,22674_C|T,22679_T|C,22686_C|T,22688_A|G,22775_G|A,22786_A|C,22792_C|T,22813_G|T,22882_T|G,22992_G|A,22995_C|A,23013_A|C,23040_A|G,23055_A|G,23063_A|T,23075_T|C,23403_A|G,23525_C|T,23599_T|G,23604_C|A,23854_C|A,23948_G|T,24424_A|T,24469_T|A,25000_C|T,25584_C|T,25672_C|T,26060_C|T,26270_C|T,26709_G|A,26858_C|T,27259_A|C,27382_G|C,27383_A|T,27384_T|C,27807_C|T,28271_A|T,28311_C|T,28881_G|A,28882_G|A,28883_G|C,29510_A|C,11288_11296,21633_21641,28362_28370
Denmark/DCGC-535697/2022	XG	241_C|T,2832_A|G,3037_C|T,5386_T|G,5672_C|T,5924_G|A,6868_T|C,9344_C|T,9424_A|G,9534_C|T,9866_C|T,10029_C|T,10198_C|T,10447_G|A,10449_C|A,12880_C|T,14408_C|T,15714_C|T,16343_C|T,17410_C|T,18163_A|G,19855_A|G,19955_C|T,20055_A|G,21618_C|T,21987_G|A,22200_T|G,22578_G|A,22674_C|T,22679_T|C,22686_C|T,22688_A|G,22775_G|A,22786_A|C,22792_C|T,22813_G|T,22882_T|G,22992_G|A,22995_C|A,23013_A|C,23040_A|G,23055_A|G,23063_A|T,23075_T|C,23403_A|G,23525_C|T,23599_T|G,23604_C|A,23854_C|A,23948_G|T,24424_A|T,24469_T|A,25000_C|T,25584_C|T,25710_C|G,26060_C|T,26270_C|T,26709_G|A,26833_C|T,26858_C|T,27259_A|C,27382_G|C,27383_A|T,27384_T|C,27807_C|T,28271_A|T,28311_C|T,28775_C|T,28881_G|A,28882_G|A,28883_G|C,29510_A|C,11288_11296,21633_21641,28362_28370
Denmark/DCGC-542942/2022	XG	241_C|T,894_A|G,2832_A|G,3037_C|T,5386_T|G,5672_C|T,5924_G|A,9344_C|T,9424_A|G,9534_C|T,9866_C|T,10029_C|T,10198_C|T,10447_G|A,10449_C|A,12880_C|T,14408_C|T,15714_C|T,17410_C|T,17676_C|T,18163_A|G,19855_A|G,19955_C|T,20055_A|G,21618_C|T,21987_G|A,22200_T|G,22578_G|A,22674_C|T,22679_T|C,22686_C|T,22688_A|G,22775_G|A,22786_A|C,22792_C|T,22813_G|T,22882_T|G,22992_G|A,22995_C|A,23013_A|C,23040_A|G,23055_A|G,23063_A|T,23075_T|C,23403_A|G,23525_C|T,23599_T|G,23604_C|A,23854_C|A,23948_G|T,24424_A|T,24469_T|A,25000_C|T,25584_C|T,25710_C|G,26060_C|T,26270_C|T,26577_C|G,26709_G|A,26858_C|T,27259_A|C,27382_G|C,27383_A|T,27384_T|C,27807_C|T,28271_A|T,28311_C|T,28487_G|A,28881_G|A,28882_G|A,28883_G|C,29468_G|T,29510_A|C,11288_11296,21633_21641,28362_28370
Denmark/DCGC-680072/2022	XG	241_C|T,2832_A|G,3037_C|T,5386_T|G,5672_C|T,5924_G|A,9344_C|T,9424_A|G,9534_C|T,9866_C|T,10029_C|T,10198_C|T,10447_G|A,10449_C|A,12880_C|T,14408_C|T,15714_C|T,17410_C|T,18163_A|G,19855_A|G,19955_C|T,20055_A|G,21618_C|T,21987_G|A,22200_T|G,22578_G|A,22674_C|T,22679_T|C,22686_C|T,22688_A|G,22775_G|A,22786_A|C,22792_C|T,22813_G|T,22882_T|G,22992_G|A,22995_C|A,23013_A|C,23040_A|G,23055_A|G,23063_A|T,23075_T|C,23403_A|G,23525_C|T,23599_T|G,23604_C|A,23854_C|A,23948_G|T,24424_A|T,24469_T|A,25000_C|T,25584_C|T,26060_C|T,26270_C|T,26577_C|G,26709_G|A,26858_C|T,27259_A|C,27382_G|C,27383_A|T,27384_T|C,27807_C|T,28271_A|T,28311_C|T,28881_G|A,28882_G|A,28883_G|C,29510_A|C,11288_11296,21633_21641,28362_28370
Denmark/DCGC-683544/2022	XG	241_C|T,2832_A|G,3037_C|T,5386_T|G,5672_C|T,5924_G|A,9344_C|T,9424_A|G,9534_C|T,9866_C|T,10029_C|T,10198_C|T,10447_G|A,10449_C|A,12880_C|T,14408_C|T,15714_C|T,17410_C|T,18163_A|G,19855_A|G,19955_C|T,20055_A|G,21618_C|T,21987_G|A,22200_T|G,22578_G|A,22674_C|T,22679_T|C,22686_C|T,22688_A|G,22775_G|A,22786_A|C,22792_C|T,22813_G|T,22882_T|G,22992_G|A,22995_C|A,23013_A|C,23040_A|G,23055_A|G,23063_A|T,23075_T|C,23403_A|G,23525_C|T,23599_T|G,23604_C|A,23854_C|A,23948_G|T,24424_A|T,24469_T|A,25000_C|T,25584_C|T,26060_C|T,26270_C|T,26577_C|G,26709_G|A,26858_C|T,27259_A|C,27382_G|C,27383_A|T,27384_T|C,27807_C|T,28271_A|T,28311_C|T,28881_G|A,28882_G|A,28883_G|C,29510_A|C,11288_11296,21633_21641,28362_28370
England/MILK-3795589/2022	XG	241_C|T,2832_A|G,3037_C|T,5386_T|G,5672_C|T,5924_G|A,9344_C|T,9424_A|G,9534_C|T,9866_C|T,10029_C|T,10198_C|T,10447_G|A,10449_C|A,12880_C|T,14408_C|T,15277_C|T,15714_C|T,17410_C|T,18163_A|G,19855_A|G,19955_C|T,20055_A|G,21618_C|T,21987_G|A,22200_T|G,22578_G|A,22674_C|T,22679_T|C,22686_C|T,22688_A|G,22775_G|A,22786_A|C,22792_C|T,22813_G|T,22882_T|G,22992_G|A,22995_C|A,23013_A|C,23040_A|G,23055_A|G,23063_A|T,23075_T|C,23403_A|G,23525_C|T,23599_T|G,23604_C|A,23854_C|A,23948_G|T,24424_A|T,24469_T|A,25000_C|T,25584_C|T,25672_C|T,26060_C|T,26270_C|T,26577_C|G,26709_G|A,26858_C|T,27259_A|C,27382_G|C,27383_A|T,27384_T|C,27807_C|T,28271_A|T,28311_C|T,28603_C|T,28881_G|A,28882_G|A,28883_G|C,29510_A|C,11288_11296,21633_21641,28362_28370,29734_29759
OW656970	XG	241_C|T,2832_A|G,3037_C|T,5386_T|G,5672_C|T,5924_G|A,9344_C|T,9424_A|G,9534_C|T,9866_C|T,10029_C|T,10198_C|T,10447_G|A,10449_C|A,11524_T|C,11537_A|G,12880_C|T,14408_C|T,15714_C|T,17410_C|T,18163_A|G,19855_A|G,19955_C|T,20055_A|G,21618_C|T,21987_G|A,22200_T|G,22578_G|A,22674_C|T,22679_T|C,22686_C|T,22688_A|G,22775_G|A,22786_A|C,22792_C|T,22813_G|T,22882_T|G,22992_G|A,22995_C|A,23013_A|C,23040_A|G,23055_A|G,23063_A|T,23075_T|C,23403_A|G,23525_C|T,23599_T|G,23604_C|A,23854_C|A,23948_G|T,24424_A|T,24469_T|A,25000_C|T,25584_C|T,26060_C|T,26270_C|T,26577_C|G,26709_G|A,26858_C|T,27259_A|C,27382_G|C,27383_A|T,27384_T|C,27807_C|T,28271_A|T,28311_C|T,28881_G|A,28882_G|A,28883_G|C,29510_A|C,11288_11296,21633_21641,28362_28370
OW663652	XG	241_C|T,2832_A|G,3037_C|T,5386_T|G,5672_C|T,5924_G|A,7086_C|T,9344_C|T,9424_A|G,9534_C|T,9866_C|T,10029_C|T,10198_C|T,10447_G|A,10449_C|A,12880_C|T,14408_C|T,15714_C|T,17410_C|T,18163_A|G,19855_A|G,19955_C|T,20055_A|G,21618_C|T,21987_G|A,22200_T|G,22578_G|A,22674_C|T,22679_T|C,22686_C|T,22688_A|G,22775_G|A,22786_A|C,22792_C|T,22813_G|T,22882_T|G,22992_G|A,22995_C|A,23013_A|C,23014_A|G,23040_A|G,23055_A|G,23063_A|T,23075_T|C,23403_A|G,23525_C|T,23599_T|G,23604_C|A,23854_C|A,23948_G|T,24424_A|T,24469_T|A,25000_C|T,25584_C|T,26060_C|T,26270_C|T,26577_C|G,26709_G|A,26858_C|T,27259_A|C,27382_G|C,27807_C|T,28271_A|T,28311_C|T,28881_G|A,29510_A|C,11288_11296,21633_21641,28362_28370,29734_29759
OW807572	XG	241_C|T,2832_A|G,3037_C|T,5386_T|G,5672_C|T,5924_G|A,7086_C|T,9344_C|T,9424_A|G,9534_C|T,9866_C|T,10029_C|T,10198_C|T,10447_G|A,10449_C|A,11524_T|C,11537_A|G,12880_C|T,14408_C|T,15714_C|T,17410_C|T,18163_A|G,19855_A|G,19955_C|T,20055_A|G,21618_C|T,21987_G|A,22200_T|G,22320_A|G,22578_G|A,22674_C|T,22679_T|C,22686_C|T,22688_A|G,22775_G|A,22786_A|C,22792_C|T,22813_G|T,22882_T|G,22992_G|A,22995_C|A,23013_A|C,23014_A|G,23040_A|G,23055_A|G,23063_A|T,23075_T|C,23403_A|G,23525_C|T,23599_T|G,23604_C|A,23854_C|A,23948_G|T,24424_A|T,24469_T|A,25000_C|T,25584_C|T,26060_C|T,26270_C|T,26577_C|G,26709_G|A,26858_C|T,27259_A|C,27382_G|C,27383_A|T,27384_T|C,27807_C|T,28271_A|T,28311_C|T,28685_G|T,28881_G|A,28882_G|A,28883_G|C,29510_A|C,3671_3679,11288_11296,21633_21641,28362_28370
OW808937	XG	241_C|T,1297_T|C,2832_A|G,3037_C|T,5386_T|G,5672_C|T,5924_G|A,9344_C|T,9424_A|G,9534_C|T,9866_C|T,10029_C|T,10198_C|T,10447_G|A,10449_C|A,11524_T|C,11537_A|G,12880_C|T,14408_C|T,15714_C|T,17410_C|T,18163_A|G,19855_A|G,19955_C|T,20055_A|G,20232_A|C,21618_C|T,21987_G|A,22200_T|G,22578_G|A,22674_C|T,22679_T|C,22686_C|T,22688_A|G,22775_G|A,22786_A|C,22792_C|T,22813_G|T,22882_T|G,22992_G|A,22995_C|A,23013_A|C,23040_A|G,23055_A|G,23063_A|T,23075_T|C,23403_A|G,23525_C|T,23599_T|G,23604_C|A,23854_C|A,23948_G|T,24424_A|T,24469_T|A,25000_C|T,25584_C|T,26060_C|T,26270_C|T,26577_C|G,26709_G|A,26858_C|T,27259_A|C,27382_G|C,27383_A|T,27384_T|C,27807_C|T,28271_A|T,28311_C|T,28881_G|A,28882_G|A,28883_G|C,29510_A|C,11288_11296,21633_21641,28362_28370
OW809093	XG	241_C|T,1185_C|T,1297_T|C,2832_A|G,3037_C|T,5386_T|G,5672_C|T,5924_G|A,9344_C|T,9424_A|G,9534_C|T,9866_C|T,10029_C|T,10198_C|T,10447_G|A,10449_C|A,11524_T|C,11537_A|G,12880_C|T,14408_C|T,15714_C|T,17410_C|T,18163_A|G,19855_A|G,19955_C|T,20055_A|G,20232_A|C,21618_C|T,21987_G|A,22200_T|G,22578_G|A,22674_C|T,22679_T|C,22686_C|T,22688_A|G,22775_G|A,22786_A|C,22792_C|T,22813_G|T,22882_T|G,22992_G|A,22995_C|A,23013_A|C,23040_A|G,23055_A|G,23063_A|T,23075_T|C,23403_A|G,23525_C|T,23599_T|G,23604_C|A,23854_C|A,23948_G|T,24424_A|T,24469_T|A,25000_C|T,25584_C|T,26060_C|T,26270_C|T,26577_C|G,26709_G|A,26858_C|T,27259_A|C,27382_G|C,27383_A|T,27384_T|C,27807_C|T,28271_A|T,28311_C|T,28881_G|A,28882_G|A,28883_G|C,29510_A|C,11288_11296,21633_21641,28362_28370
OW870040	XG	241_C|T,2832_A|G,3037_C|T,5386_T|G,5672_C|T,5924_G|A,9344_C|T,9424_A|G,9534_C|T,9866_C|T,10029_C|T,10198_C|T,10447_G|A,10449_C|A,12880_C|T,14408_C|T,15714_C|T,17410_C|T,18163_A|G,19855_A|G,19955_C|T,20055_A|G,21618_C|T,21987_G|A,22200_T|G,22578_G|A,22674_C|T,22679_T|C,22686_C|T,22688_A|G,22775_G|A,22786_A|C,22792_C|T,22813_G|T,22882_T|G,22992_G|A,22995_C|A,23013_A|C,23040_A|G,23055_A|G,23063_A|T,23075_T|C,23403_A|G,23525_C|T,23599_T|G,23604_C|A,23854_C|A,23948_G|T,24424_A|T,24469_T|A,25000_C|T,25584_C|T,26060_C|T,26270_C|T,26577_C|G,26709_G|A,26858_C|T,27259_A|C,27382_G|C,27383_A|T,27384_T|C,27807_C|T,28271_A|T,28311_C|T,28881_G|A,28882_G|A,28883_G|C,29510_A|C,11288_11296,21633_21641,28362_28370,29734_29759
OW907775	XG	241_C|T,2832_A|G,3037_C|T,5386_T|G,5672_C|T,9344_C|T,9534_C|T,9866_C|T,10029_C|T,10198_C|T,10447_G|A,10449_C|A,12880_C|T,14408_C|T,15714_C|T,17410_C|T,18163_A|G,19855_A|G,19955_C|T,20055_A|G,21987_G|A,22200_T|G,22578_G|A,22674_C|T,22679_T|C,22686_C|T,22688_A|G,22775_G|A,22786_A|C,22792_C|T,22813_G|T,22882_T|G,22992_G|A,22995_C|A,23013_A|C,23040_A|G,23055_A|G,23063_A|T,23075_T|C,23403_A|G,23525_C|T,23599_T|G,23604_C|A,23854_C|A,23948_G|T,24424_A|T,24469_T|A,25000_C|T,25584_C|T,26060_C|T,26270_C|T,26577_C|G,26709_G|A,26858_C|T,27259_A|C,27382_G|C,27383_A|T,27384_T|C,27807_C|T,28271_A|T,28311_C|T,28881_G|A,28882_G|A,28883_G|C,29510_A|C,11288_11296,21633_21641,28362_28370,29734_29759
OX924422	XG	241_C|T,2536_C|T,2832_A|G,3037_C|T,5386_T|G,5672_C|T,5924_G|A,7086_C|T,9344_C|T,9424_A|G,9534_C|T,9866_C|T,10029_C|T,10198_C|T,10447_G|A,10449_C|A,12880_C|T,14408_C|T,15714_C|T,17410_C|T,18131_C|T,18163_A|G,19855_A|G,19955_C|T,20055_A|G,21618_C|T,21987_G|A,22200_T|G,22578_G|A,22674_C|T,22679_T|C,22686_C|T,22688_A|G,22775_G|A,22786_A|C,22792_C|T,22813_G|T,22882_T|G,22992_G|A,22995_C|A,23013_A|C,23014_A|G,23040_A|G,23055_A|G,23063_A|T,23075_T|C,23403_A|G,23525_C|T,23599_T|G,23604_C|A,23854_C|A,23948_G|T,24424_A|T,24469_T|A,25000_C|T,25584_C|T,26060_C|T,26270_C|T,26577_C|G,26709_G|A,26858_C|T,27259_A|C,27382_G|C,27383_A|T,27384_T|C,27807_C|T,28271_A|T,28311_C|T,28881_G|A,28882_G|A,28883_G|C,29510_A|C,11288_11296,21633_21641,28362_28370
OX965425	XG	241_C|T,2832_A|G,3037_C|T,5386_T|G,5672_C|T,5924_G|A,7086_C|T,9344_C|T,9424_A|G,9534_C|T,9866_C|T,10029_C|T,10198_C|T,10447_G|A,10449_C|A,12880_C|T,14408_C|T,15714_C|T,17410_C|T,18131_C|T,18163_A|G,19855_A|G,19955_C|T,20055_A|G,21618_C|T,21987_G|A,22200_T|G,22578_G|A,22674_C|T,22679_T|C,22686_C|T,22688_A|G,22775_G|A,22786_A|C,22792_C|T,22813_G|T,22882_T|G,22992_G|A,22995_C|A,23013_A|C,23014_A|G,23040_A|G,23055_A|G,23063_A|T,23075_T|C,23403_A|G,23525_C|T,23599_T|G,23604_C|A,23854_C|A,23948_G|T,24424_A|T,24469_T|A,25000_C|T,25584_C|T,26060_C|T,26270_C|T,26577_C|G,26709_G|A,26858_C|T,27259_A|C,27382_G|C,27383_A|T,27384_T|C,27807_C|T,28271_A|T,28311_C|T,28881_G|A,28882_G|A,28883_G|C,29510_A|C,11288_11296,21633_21641,28362_28370,29734_29759
OY109845	XG	241_C|T,2832_A|G,3037_C|T,5386_T|G,5672_C|T,5924_G|A,7086_C|T,9344_C|T,9424_A|G,9534_C|T,9866_C|T,10029_C|T,10198_C|T,10447_G|A,10449_C|A,11620_C|T,12880_C|T,14408_C|T,15714_C|T,17410_C|T,18131_C|T,18163_A|G,19855_A|G,19955_C|T,20055_A|G,21618_C|T,21987_G|A,22200_T|G,22578_G|A,22674_C|T,22679_T|C,22686_C|T,22688_A|G,22775_G|A,22786_A|C,22792_C|T,22813_G|T,22882_T|G,22992_G|A,22995_C|A,23013_A|C,23014_A|G,23040_A|G,23055_A|G,23063_A|T,23075_T|C,23403_A|G,23525_C|T,23599_T|G,23604_C|A,23854_C|A,23948_G|T,24424_A|T,24469_T|A,25000_C|T,25584_C|T,26060_C|T,26270_C|T,26577_C|G,26709_G|A,26858_C|T,27259_A|C,27382_G|C,27383_A|T,27384_T|C,27807_C|T,28271_A|T,28311_C|T,28881_G|A,28882_G|A,28883_G|C,29510_A|C,11288_11296,21633_21641,28362_28370
OY167833	XG	241_C|T,2647_A|G,2832_A|G,3037_C|T,5386_T|G,5672_C|T,5924_G|A,6726_C|T,9344_C|T,9424_A|G,9534_C|T,9866_C|T,10029_C|T,10198_C|T,10447_G|A,10449_C|A,11524_T|C,11537_A|G,12880_C|T,14408_C|T,15714_C|T,17410_C|T,18163_A|G,19855_A|G,19955_C|T,20055_A|G,21618_C|T,21987_G|A,22200_T|G,22578_G|A,22674_C|T,22679_T|C,22686_C|T,22688_A|G,22775_G|A,22786_A|C,22792_C|T,22813_G|T,22882_T|G,22992_G|A,22995_C|A,23013_A|C,23040_A|G,23055_A|G,23063_A|T,23075_T|C,23403_A|G,23525_C|T,23599_T|G,23604_C|A,23854_C|A,23948_G|T,24424_A|T,24469_T|A,25000_C|T,25584_C|T,26060_C|T,26270_C|T,26447_C|T,26577_C|G,26709_G|A,26858_C|T,27259_A|C,27382_G|C,27383_A|T,27384_T|C,27807_C|T,28271_A|T,28311_C|T,28881_G|A,28882_G|A,28883_G|C,29510_A|C,11288_11296,21633_21641,28362_28370
OY191375	XG	241_C|T,2832_A|G,3037_C|T,5386_T|G,5672_C|T,5924_G|A,9344_C|T,9424_A|G,9534_C|T,9866_C|T,10029_C|T,10198_C|T,10447_G|A,10449_C|A,11524_T|C,11537_A|G,12880_C|T,14408_C|T,15714_C|T,17410_C|T,18163_A|G,19855_A|G,19955_C|T,20055_A|G,21618_C|T,21987_G|A,22200_T|G,22578_G|A,22674_C|T,22679_T|C,22686_C|T,22688_A|G,22775_G|A,22786_A|C,22792_C|T,22813_G|T,22882_T|G,22992_G|A,22995_C|A,23013_A|C,23040_A|G,23055_A|G,23063_A|T,23075_T|C,23403_A|G,23525_C|T,23599_T|G,23604_C|A,23854_C|A,23948_G|T,24424_A|T,24469_T|A,25000_C|T,25584_C|T,26060_C|T,26270_C|T,26577_C|G,26709_G|A,26858_C|T,27259_A|C,27382_G|C,27383_A|T,27384_T|C,27807_C|T,28271_A|T,28311_C|T,28881_G|A,28882_G|A,28883_G|C,28966_G|T,29510_A|C,11288_11296,21633_21641,28362_28370
OY217270	XG	241_C|T,2832_A|G,3037_C|T,5386_T|G,5672_C|T,5924_G|A,7086_C|T,9344_C|T,9424_A|G,9534_C|T,9866_C|T,10029_C|T,10198_C|T,10447_G|A,10449_C|A,12880_C|T,14408_C|T,15714_C|T,16456_T|C,17410_C|T,18163_A|G,19855_A|G,19955_C|T,20055_A|G,21618_C|T,21987_G|A,22200_T|G,22578_G|A,22674_C|T,22679_T|C,22686_C|T,22688_A|G,22775_G|A,22786_A|C,22792_C|T,22813_G|T,22882_T|G,22992_G|A,22995_C|A,23013_A|C,23014_A|G,23040_A|G,23055_A|G,23063_A|T,23075_T|C,23403_A|G,23525_C|T,23599_T|G,23604_C|A,23854_C|A,23948_G|T,24424_A|T,24469_T|A,25000_C|T,25584_C|T,26060_C|T,26270_C|T,26577_C|G,26709_G|A,26858_C|T,27259_A|C,27382_G|C,27383_A|T,27384_T|C,27807_C|T,28085_G|A,28271_A|T,28311_C|T,28881_G|A,28882_G|A,28883_G|C,29510_A|C,11288_11296,21633_21641,28362_28370
OY223121	XG	241_C|T,2832_A|G,3037_C|T,5386_T|G,5672_C|T,5924_G|A,9344_C|T,9424_A|G,9534_C|T,9866_C|T,10029_C|T,10198_C|T,10447_G|A,10449_C|A,12880_C|T,14408_C|T,15714_C|T,17410_C|T,18163_A|G,19855_A|G,19955_C|T,20055_A|G,21618_C|T,21987_G|A,22200_T|G,22578_G|A,22674_C|T,22679_T|C,22686_C|T,22688_A|G,22775_G|A,22786_A|C,22792_C|T,22813_G|T,22882_T|G,22992_G|A,22995_C|A,23013_A|C,23040_A|G,23055_A|G,23063_A|T,23075_T|C,23403_A|G,23525_C|T,23599_T|G,23604_C|A,23854_C|A,23948_G|T,24424_A|T,24469_T|A,25000_C|T,25584_C|T,26060_C|T,26270_C|T,26577_C|G,26709_G|A,26858_C|T,27259_A|C,27382_G|C,27383_A|T,27384_T|C,27807_C|T,28271_A|T,28311_C|T,28881_G|A,28882_G|A,28883_G|C,29510_A|C,11288_11296,21633_21641,28362_28370,29734_29759
OY263638	XG	241_C|T,2832_A|G,3037_C|T,5386_T|G,5672_C|T,5924_G|A,9344_C|T,9424_A|G,9534_C|T,9866_C|T,10029_C|T,10198_C|T,10447_G|A,10449_C|A,12880_C|T,14408_C|T,15714_C|T,17410_C|T,18163_A|G,19855_A|G,19955_C|T,20055_A|G,21618_C|T,21987_G|A,22200_T|G,22578_G|A,22674_C|T,22679_T|C,22686_C|T,22688_A|G,22775_G|A,22786_A|C,22792_C|T,22813_G|T,22882_T|G,22992_G|A,22995_C|A,23013_A|C,23040_A|G,23055_A|G,23063_A|T,23075_T|C,23403_A|G,23525_C|T,23599_T|G,23604_C|A,23854_C|A,23948_G|T,24424_A|T,24469_T|A,25000_C|T,25584_C|T,26060_C|T,26270_C|T,26577_C|G,26709_G|A,26858_C|T,27259_A|C,27382_G|C,27383_A|T,27384_T|C,27807_C|T,28271_A|T,28311_C|T,28881_G|A,28882_G|A,28883_G|C,29510_A|C,29903_.|A
OY273548	XG	241_C|T,2832_A|G,3037_C|T,5386_T|G,5672_C|T,5924_G|A,7086_C|T,9344_C|T,9424_A|G,9534_C|T,9866_C|T,10029_C|T,10198_C|T,10447_G|A,10449_C|A,12880_C|T,14408_C|T,15714_C|T,17410_C|T,18131_C|T,18163_A|G,19855_A|G,19955_C|T,20055_A|G,21618_C|T,21987_G|A,22200_T|G,22578_G|A,22674_C|T,22679_T|C,22686_C|T,22688_A|G,22775_G|A,22786_A|C,22792_C|T,22813_G|T,22882_T|G,22992_G|A,22995_C|A,23013_A|C,23014_A|G,23040_A|G,23055_A|G,23063_A|T,23075_T|C,23403_A|G,23525_C|T,23599_T|G,23604_C|A,23854_C|A,23948_G|T,24424_A|T,24469_T|A,25000_C|T,25584_C|T,26060_C|T,26270_C|T,26577_C|G,26709_G|A,26858_C|T,27259_A|C,27382_G|C,27383_A|T,27384_T|C,27807_C|T,28271_A|T,28311_C|T,28881_G|A,28882_G|A,28883_G|C,29510_A|C,11288_11296,21633_21641,28362_28370
Scotland/QEUH-37E04A0/2022	XG	241_C|T,763_C|A,2832_A|G,3037_C|T,5386_T|G,5672_C|T,5924_G|A,9344_C|T,9424_A|G,9534_C|T,9866_C|T,10029_C|T,10198_C|T,10447_G|A,10449_C|A,12880_C|T,14408_C|T,15714_C|T,17410_C|T,18163_A|G,19855_A|G,19955_C|T,20055_A|G,21618_C|T,21987_G|A,22200_T|G,22578_G|A,22674_C|T,22679_T|C,22686_C|T,22688_A|G,22775_G|A,22786_A|C,22792_C|T,22813_G|T,22882_T|G,22992_G|A,22995_C|A,23013_A|C,23040_A|G,23055_A|G,23063_A|T,23075_T|C,23403_A|G,23525_C|T,23599_T|G,23604_C|A,23854_C|A,23948_G|T,24424_A|T,24469_T|A,25000_C|T,25584_C|T,25672_C|T,26060_C|T,26270_C|T,26577_C|G,26709_G|A,26858_C|T,27259_A|C,27382_G|C,27383_A|T,27384_T|C,27807_C|T,28271_A|T,28311_C|T,28765_A|C,28881_G|A,28882_G|A,28883_G|C,29510_A|C,11288_11296,21633_21641,28362_28370,29734_29759
USA/TX-CDC-ASC210750164/2022	XG	241_C|T,2832_A|G,3037_C|T,5386_T|G,5672_C|T,5924_G|A,9344_C|T,9424_A|G,9534_C|T,9866_C|T,10029_C|T,10198_C|T,10447_G|A,10449_C|A,12880_C|T,14408_C|T,15714_C|T,17410_C|T,18163_A|G,19855_A|G,19955_C|T,20055_A|G,21618_C|T,21987_G|A,22200_T|G,22578_G|A,22674_C|T,22679_T|C,22686_C|T,22688_A|G,22775_G|A,22786_A|C,22792_C|T,22813_G|T,22882_T|G,22992_G|A,22995_C|A,23013_A|C,23040_A|G,23055_A|G,23063_A|T,23075_T|C,23403_A|G,23525_C|T,23599_T|G,23604_C|A,23854_C|A,23948_G|T,24424_A|T,24469_T|A,25000_C|T,25584_C|T,25672_C|T,26060_C|T,26270_C|T,26577_C|G,26709_G|A,26858_C|T,27259_A|C,27382_G|C,27383_A|T,27384_T|C,27807_C|T,28271_A|T,28311_C|T,28765_A|C,28881_G|A,28882_G|A,28883_G|C,29510_A|C,11288_11296,21633_21641,28362_28370,29734_29759
IMS-10587-CVDP-8CD6E002-1449-47C2-8B1C-5906A028C5ED	XG	241_C|T,2832_A|G,3037_C|T,5386_T|G,5672_C|T,5842_C|T,5924_G|A,7086_C|T,9344_C|T,9424_A|G,9534_C|T,9866_C|T,10029_C|T,10198_C|T,10447_G|A,10449_C|A,12880_C|T,14408_C|T,15714_C|T,17410_C|T,18163_A|G,19855_A|G,19955_C|T,20055_A|G,21618_C|T,21987_G|A,22200_T|G,22578_G|A,22674_C|T,22679_T|C,22686_C|T,22688_A|G,22775_G|A,22786_A|C,22792_C|T,22813_G|T,22882_T|G,22992_G|A,22995_C|A,23013_A|C,23014_A|G,23040_A|G,23055_A|G,23063_A|T,23075_T|C,23403_A|G,23525_C|T,23599_T|G,23604_C|A,23854_C|A,23948_G|T,24424_A|T,24469_T|A,25000_C|T,25584_C|T,26060_C|T,26270_C|T,26577_C|G,26709_G|A,26858_C|T,27259_A|C,27382_G|C,27383_A|T,27384_T|C,27807_C|T,28271_A|T,28311_C|T,28685_G|T,28881_G|A,28882_G|A,28883_G|C,29510_A|C,3671_3679,11288_11296,21633_21641,28362_28370,29734_29759
