genomeID	true_lineage	nuc_changes
Denmark/DCGC-692092/2025	XEQ	44_C|T,241_C|T,670_T|G,897_C|A,1348_C|T,2790_C|T,3037_C|T,3431_G|T,3565_T|C,4184_G|A,4321_C|T,6183_A|G,6701_C|T,7840_C|T,7842_A|G,8293_C|T,8393_G|A,9344_C|T,9424_A|G,9534_C|T,9814_T|C,10029_C|T,10198_C|T,10447_G|A,10449_C|A,11042_G|T,11124_C|T,11727_G|A,12418_T|C,12789_C|T,12815_C|T,12880_C|T,13339_T|C,14408_C|T,15714_C|T,15756_T|A,16887_C|T,16943_G|T,17169_T|C,17410_C|T,18163_A|G,18492_A|G,18894_C|T,19716_C|T,19955_C|T,20055_A|G,21618_C|T,21622_C|T,21624_G|C,21627_C|A,21711_C|T,21738_T|C,21941_G|T,21987_G|A,22032_T|C,22033_C|A,22034_A|G,22200_T|G,22208_C|T,22295_C|A,22353_C|A,22556_A|G,22577_G|C,22578_G|A,22599_G|C,22629_A|C,22674_C|T,22679_T|C,22684_T|C,22686_C|T,22688_A|G,22770_G|A,22775_G|A,22786_A|C,22813_G|T,22882_T|G,22895_G|C,22896_T|A,22898_G|A,22910_A|G,22916_C|T,22917_T|G,22926_T|C,22928_T|C,22942_T|A,22992_G|A,22995_C|A,23005_T|A,23012_G|A,23018_T|C,23019_T|C,23039_C|G,23055_A|G,23063_A|T,23075_T|C,23222_G|A,23271_C|T,23403_A|G,23423_C|T,23525_C|T,23599_T|G,23604_C|G,23719_T|C,23854_C|A,23948_G|T,24378_C|T,24424_A|T,24469_T|A,24872_G|T,24990_C|T,25000_C|T,25207_C|T,25584_C|T,26060_C|T,26270_C|T,26529_G|C,26577_C|G,26610_A|G,26681_C|T,26709_G|A,26833_C|T,26858_C|T,27259_A|C,27382_G|C,27383_A|T,27384_T|C,27807_C|T,27810_T|C,28271_A|T,28311_C|T,28881_G|A,28882_G|A,28883_G|C,28958_C|A,29510_A|C,11288_11296,21633_21641,21765_21770,21992_21994,22194_22196,28362_28370,29734_29759,21608_.|TCATGCCGCTGT
OZ247813	XEQ	241_C|T,511_T|C,670_T|G,897_C|A,2790_C|T,3037_C|T,3431_G|T,3565_T|C,4184_G|A,4321_C|T,6183_A|G,6701_C|T,7842_A|G,8293_C|T,8393_G|A,9344_C|T,9424_A|G,9534_C|T,10029_C|T,10198_C|T,10447_G|A,10449_C|A,11042_G|T,11727_G|A,12403_C|T,12418_T|C,12789_C|T,12815_C|T,12880_C|T,13339_T|C,14408_C|T,15714_C|T,15756_T|A,16887_C|T,16943_G|T,17410_C|T,18163_A|G,18175_C|T,18492_A|G,18894_C|T,19716_C|T,19955_C|T,20055_A|G,21641_G|T,21711_C|T,21738_T|C,21941_G|T,21987_G|A,22032_T|C,22033_C|A,22034_A|G,22200_T|G,22208_C|T,22295_C|A,22353_C|A,22556_A|G,22577_G|C,22578_G|A,22599_G|C,22629_A|C,22674_C|T,22679_T|C,22686_C|T,22688_A|G,22770_G|A,22775_G|A,22786_A|C,22813_G|T,22882_T|G,22895_G|C,22896_T|A,22898_G|A,22910_A|G,22916_C|T,22917_T|G,22926_T|C,22928_T|C,22942_T|A,22992_G|A,22995_C|A,23005_T|A,23012_G|A,23018_T|C,23019_T|C,23039_C|G,23055_A|G,23063_A|T,23075_T|C,23222_G|A,23271_C|T,23403_A|G,23423_C|T,23525_C|T,23599_T|G,23604_C|G,23854_C|A,23948_G|T,24378_C|T,24424_A|T,24469_T|A,24872_G|T,24990_C|T,25000_C|T,25207_C|T,25584_C|T,25922_G|T,26060_C|T,26270_C|T,26529_G|C,26577_C|G,26610_A|G,26681_C|T,26709_G|A,26833_C|T,26858_C|T,27259_A|C,27382_G|C,27383_A|T,27384_T|C,27807_C|T,27810_T|C,28271_A|T,28311_C|T,28881_G|A,28882_G|A,28883_G|C,28958_C|A,29510_A|C,29759_G|T,11288_11296,21765_21770,21992_21994,22194_22196,23009_23011,28362_28370,29733_29758
USA/2025CV0117/2025	XEQ	241_C|T,670_T|G,897_C|A,2790_C|T,3037_C|T,3431_G|T,3565_T|C,4184_G|A,4321_C|T,5300_G|A,6183_A|G,6701_C|T,7842_A|G,8293_C|T,8393_G|A,9344_C|T,9424_A|G,9534_C|T,9693_C|T,10029_C|T,10198_C|T,10447_G|A,10449_C|A,11042_G|T,11727_G|A,12418_T|C,12789_C|T,12815_C|T,12880_C|T,13339_T|C,14408_C|T,15714_C|T,15756_T|A,16887_C|T,16943_G|T,17410_C|T,18163_A|G,18492_A|G,18894_C|T,19716_C|T,19955_C|T,20055_A|G,20251_A|G,21618_C|T,21622_C|T,21624_G|C,21627_C|A,21711_C|T,21738_T|C,21941_G|T,21987_G|A,22032_T|C,22033_C|A,22034_A|G,22200_T|G,22208_C|T,22295_C|A,22353_C|A,22556_A|G,22577_G|C,22578_G|A,22599_G|C,22629_A|C,22674_C|T,22679_T|C,22686_C|T,22688_A|G,22770_G|A,22775_G|A,22786_A|C,22813_G|T,22882_T|G,22895_G|C,22896_T|A,22898_G|A,22910_A|G,22916_C|T,22917_T|G,22926_T|C,22928_T|C,22942_T|A,22992_G|A,22995_C|A,23005_T|A,23012_G|A,23018_T|C,23019_T|C,23039_C|G,23055_A|G,23063_A|T,23075_T|C,23222_G|A,23271_C|T,23403_A|G,23423_C|T,23525_C|T,23599_T|G,23604_C|G,23854_C|A,23948_G|T,24378_C|T,24424_A|T,24469_T|A,24872_G|T,24990_C|T,25000_C|T,25207_C|T,25584_C|T,26060_C|T,26270_C|T,26529_G|C,26577_C|G,26610_A|G,26681_C|T,26709_G|A,26833_C|T,26858_C|T,27259_A|C,27382_G|C,27383_A|T,27384_T|C,27807_C|T,27810_T|C,28271_A|T,28311_C|T,28396_G|A,28881_G|A,28882_G|A,28883_G|C,28958_C|A,29510_A|C,11288_11296,21633_21641,21765_21770,21992_21994,22194_22196,23009_23011,28362_28370,21608_.|TCATGCCGCTGT
USA/2025CV0125/2025	XEQ	241_C|T,670_T|G,897_C|A,2790_C|T,3037_C|T,3431_G|T,3565_T|C,4184_G|A,4321_C|T,6183_A|G,6701_C|T,7842_A|G,8293_C|T,8393_G|A,9344_C|T,9424_A|G,9534_C|T,9814_T|C,10029_C|T,10198_C|T,10447_G|A,10449_C|A,11042_G|T,11124_C|T,11727_G|A,12418_T|C,12669_C|T,12789_C|T,12815_C|T,12880_C|T,13339_T|C,14408_C|T,15714_C|T,15756_T|A,16887_C|T,16943_G|T,17410_C|T,18163_A|G,18375_T|C,18492_A|G,18894_C|T,19716_C|T,19955_C|T,20055_A|G,21618_C|T,21622_C|T,21624_G|C,21627_C|A,21711_C|T,21738_T|C,21941_G|T,21987_G|A,22032_T|C,22033_C|A,22034_A|G,22200_T|G,22208_C|T,22295_C|A,22353_C|A,22556_A|G,22577_G|C,22578_G|A,22599_G|C,22629_A|C,22674_C|T,22679_T|C,22684_T|C,22686_C|T,22688_A|G,22770_G|A,22775_G|A,22786_A|C,22813_G|T,22882_T|G,22895_G|C,22896_T|A,22898_G|A,22910_A|G,22916_C|T,22917_T|G,22926_T|C,22928_T|C,22942_T|A,22992_G|A,22995_C|A,23005_T|A,23012_G|A,23018_T|C,23019_T|C,23039_C|G,23055_A|G,23063_A|T,23075_T|C,23222_G|A,23271_C|T,23403_A|G,23423_C|T,23525_C|T,23599_T|G,23604_C|G,23854_C|A,23948_G|T,24378_C|T,24424_A|T,24469_T|A,24872_G|T,24990_C|T,25000_C|T,25207_C|T,25584_C|T,26060_C|T,26270_C|T,26529_G|C,26577_C|G,26681_C|T,26709_G|A,26833_C|T,26858_C|T,27259_A|C,27382_G|C,27383_A|T,27384_T|C,27807_C|T,27810_T|C,28271_A|T,28311_C|T,28881_G|A,28882_G|A,28883_G|C,28958_C|A,29510_A|C,29527_G|T,11288_11296,21633_21641,21765_21770,21992_21994,22194_22196,23009_23011,28362_28370,21608_.|TCATGCCGCTGT
USA/2559951/2025	XEQ	241_C|T,670_T|G,897_C|A,974_G|A,2790_C|T,3037_C|T,3431_G|T,3565_T|C,4184_G|A,4321_C|T,6183_A|G,6701_C|T,7842_A|G,8293_C|T,8393_G|A,9344_C|T,9424_A|G,9534_C|T,10029_C|T,10198_C|T,10447_G|A,10449_C|A,11042_G|T,11606_C|T,11727_G|A,12418_T|C,12789_C|T,12815_C|T,12853_C|T,12880_C|T,13339_T|C,14408_C|T,14599_C|T,14786_C|T,15714_C|T,15756_T|A,16887_C|T,16943_G|T,17410_C|T,18163_A|G,18492_A|G,18894_C|T,19716_C|T,19955_C|T,20055_A|G,21586_G|T,21618_C|T,21622_C|T,21624_G|C,21627_C|A,21711_C|T,21738_T|C,21941_G|T,21987_G|A,22032_T|C,22033_C|A,22034_A|G,22200_T|G,22208_C|T,22295_C|A,22353_C|A,22556_A|G,22577_G|C,22578_G|A,22599_G|C,22629_A|C,22674_C|T,22679_T|C,22686_C|T,22688_A|G,22770_G|A,22775_G|A,22786_A|C,22813_G|T,22882_T|G,22895_G|C,22896_T|A,22898_G|A,22910_A|G,22916_C|T,22917_T|G,22926_T|C,22928_T|C,22942_T|A,22992_G|A,22995_C|A,23005_T|A,23012_G|A,23018_T|C,23019_T|C,23039_C|G,23055_A|G,23063_A|T,23075_T|C,23222_G|A,23271_C|T,23403_A|G,23423_C|T,23525_C|T,23599_T|G,23604_C|G,23854_C|A,23948_G|T,23989_A|G,24378_C|T,24424_A|T,24469_T|A,24872_G|T,24990_C|T,25000_C|T,25207_C|T,25584_C|T,26060_C|T,26270_C|T,26529_G|C,26577_C|G,26610_A|G,26681_C|T,26709_G|A,26833_C|T,26858_C|T,27259_A|C,27382_G|C,27383_A|T,27384_T|C,27807_C|T,27810_T|C,28271_A|T,28311_C|T,28881_G|A,28882_G|A,28883_G|C,28958_C|A,29510_A|C,11288_11296,21633_21641,21765_21770,21992_21994,22194_22196,23009_23011,28362_28370,29728_29776
USA/2560767/2025	XEQ	241_C|T,670_T|G,897_C|A,2790_C|T,3037_C|T,3431_G|T,3565_T|C,4184_G|A,4321_C|T,6183_A|G,6701_C|T,7842_A|G,8293_C|T,8393_G|A,9344_C|T,9424_A|G,9534_C|T,9814_T|C,10029_C|T,10198_C|T,10447_G|A,10449_C|A,11042_G|T,11124_C|T,11727_G|A,12418_T|C,12789_C|T,12815_C|T,12880_C|T,13339_T|C,14408_C|T,15714_C|T,15756_T|A,16887_C|T,16943_G|T,17410_C|T,18163_A|G,18375_T|C,18492_A|G,18894_C|T,19716_C|T,19955_C|T,20055_A|G,21618_C|T,21622_C|T,21624_G|C,21627_C|A,21711_C|T,21738_T|C,21941_G|T,21987_G|A,22032_T|C,22033_C|A,22034_A|G,22200_T|G,22208_C|T,22295_C|A,22353_C|A,22556_A|G,22577_G|C,22578_G|A,22599_G|C,22629_A|C,22674_C|T,22679_T|C,22684_T|C,22686_C|T,22688_A|G,22770_G|A,22775_G|A,22786_A|C,22813_G|T,22882_T|G,22895_G|C,22896_T|A,22898_G|A,22910_A|G,22916_C|T,22917_T|G,22926_T|C,22928_T|C,22942_T|A,22992_G|A,22995_C|A,23005_T|A,23012_G|A,23018_T|C,23019_T|C,23039_C|G,23055_A|G,23063_A|T,23075_T|C,23222_G|A,23271_C|T,23403_A|G,23423_C|T,23525_C|T,23599_T|G,23604_C|G,23854_C|A,23948_G|T,24378_C|T,24424_A|T,24469_T|A,24872_G|T,24990_C|T,25000_C|T,25207_C|T,25584_C|T,26060_C|T,26270_C|T,26529_G|C,26577_C|G,26610_A|G,26681_C|T,26709_G|A,26833_C|T,26858_C|T,27259_A|C,27382_G|C,27383_A|T,27384_T|C,27807_C|T,27810_T|C,28271_A|T,28311_C|T,28881_G|A,28882_G|A,28883_G|C,28958_C|A,29510_A|C,11288_11296,21633_21641,21765_21770,21992_21994,22194_22196,23009_23011,28362_28370,29734_29759
USA/2572123/2025	XEQ	241_C|T,670_T|G,897_C|A,2790_C|T,3037_C|T,3431_G|T,3565_T|C,4184_G|A,4321_C|T,5339_C|T,6183_A|G,6701_C|T,7842_A|G,8293_C|T,8393_G|A,9344_C|T,9424_A|G,9534_C|T,9814_T|C,10029_C|T,10198_C|T,10447_G|A,10449_C|A,11042_G|T,11124_C|T,11727_G|A,12418_T|C,12789_C|T,12815_C|T,12880_C|T,13339_T|C,14408_C|T,15714_C|T,15756_T|A,16887_C|T,16943_G|T,17410_C|T,18163_A|G,18375_T|C,18492_A|G,18894_C|T,19716_C|T,19955_C|T,20055_A|G,21618_C|T,21622_C|T,21624_G|C,21627_C|A,21711_C|T,21738_T|C,21941_G|T,21987_G|A,22032_T|C,22033_C|A,22034_A|G,22200_T|G,22208_C|T,22295_C|A,22353_C|A,22556_A|G,22577_G|C,22578_G|A,22599_G|C,22629_A|C,22674_C|T,22679_T|C,22684_T|C,22686_C|T,22688_A|G,22770_G|A,22775_G|A,22786_A|C,22813_G|T,22882_T|G,22895_G|C,22896_T|A,22898_G|A,22910_A|G,22916_C|T,22917_T|G,22926_T|C,22928_T|C,22942_T|A,22992_G|A,22995_C|A,23005_T|A,23012_G|A,23018_T|C,23019_T|C,23039_C|G,23055_A|G,23063_A|T,23075_T|C,23222_G|A,23271_C|T,23403_A|G,23423_C|T,23525_C|T,23599_T|G,23604_C|G,23854_C|A,23948_G|T,24378_C|T,24424_A|T,24469_T|A,24872_G|T,24990_C|T,25000_C|T,25207_C|T,25584_C|T,26060_C|T,26270_C|T,26529_G|C,26577_C|G,26610_A|G,26681_C|T,26709_G|A,26833_C|T,26858_C|T,27259_A|C,27382_G|C,27383_A|T,27384_T|C,27807_C|T,27810_T|C,28271_A|T,28311_C|T,28881_G|A,28882_G|A,28883_G|C,28958_C|A,29510_A|C,11288_11296,21633_21641,21765_21770,21992_21994,22194_22196,23009_23011,28362_28370,29734_29759
USA/2573237/2025	XEQ	241_C|T,670_T|G,897_C|A,1102_C|T,2790_C|T,3037_C|T,3565_T|C,4184_G|A,4321_C|T,6183_A|G,6701_C|T,7842_A|G,8293_C|T,8393_G|A,9344_C|T,9424_A|G,9534_C|T,9814_T|C,10029_C|T,10198_C|T,10447_G|A,10449_C|A,11042_G|T,11124_C|T,11727_G|A,12418_T|C,12789_C|T,12815_C|T,12880_C|T,13339_T|C,13427_G|A,14408_C|T,15714_C|T,15756_T|A,16887_C|T,16943_G|T,17410_C|T,18163_A|G,18375_T|C,18492_A|G,18894_C|T,19716_C|T,19955_C|T,20055_A|G,21618_C|T,21622_C|T,21624_G|C,21627_C|A,21711_C|T,21738_T|C,21941_G|T,21987_G|A,22032_T|C,22033_C|A,22034_A|G,22200_T|G,22208_C|T,22295_C|A,22353_C|A,22556_A|G,22577_G|C,22578_G|A,22599_G|C,22629_A|C,22674_C|T,22679_T|C,22684_T|C,22686_C|T,22688_A|G,22770_G|A,22775_G|A,22786_A|C,22813_G|T,22882_T|G,22895_G|C,22896_T|A,22898_G|A,22910_A|G,22916_C|T,22917_T|G,22926_T|C,22928_T|C,22942_T|A,22992_G|A,22995_C|A,23005_T|A,23012_G|A,23018_T|C,23019_T|C,23039_C|G,23055_A|G,23063_A|T,23075_T|C,23222_G|A,23271_C|T,23403_A|G,23423_C|T,23525_C|T,23599_T|G,23604_C|G,23854_C|A,23948_G|T,24378_C|T,24424_A|T,24469_T|A,24872_G|T,24990_C|T,25000_C|T,25207_C|T,25584_C|T,26060_C|T,26270_C|T,26529_G|C,26577_C|G,26610_A|G,26681_C|T,26709_G|A,26833_C|T,26858_C|T,27259_A|C,27382_G|C,27383_A|T,27384_T|C,27807_C|T,27810_T|C,28271_A|T,28311_C|T,28881_G|A,28882_G|A,28883_G|C,28958_C|A,29510_A|C,11288_11296,21633_21641,21765_21770,21992_21994,22194_22196,23009_23011,28362_28370,29734_29759
USA/2580875/2025	XEQ	241_C|T,670_T|G,897_C|A,2790_C|T,3037_C|T,3431_G|T,3565_T|C,4184_G|A,4321_C|T,6183_A|G,6701_C|T,7842_A|G,8293_C|T,8393_G|A,9344_C|T,9424_A|G,9534_C|T,10029_C|T,10198_C|T,10447_G|A,10449_C|A,11042_G|T,11727_G|A,12418_T|C,12789_C|T,12815_C|T,12880_C|T,13339_T|C,14408_C|T,15714_C|T,15756_T|A,16887_C|T,16943_G|T,17410_C|T,18163_A|G,18492_A|G,18894_C|T,19716_C|T,19955_C|T,20055_A|G,21586_G|T,21618_C|T,21622_C|T,21624_G|C,21627_C|A,21711_C|T,21738_T|C,21941_G|T,21987_G|A,22032_T|C,22033_C|A,22034_A|G,22200_T|G,22208_C|T,22295_C|A,22353_C|A,22556_A|G,22577_G|C,22578_G|A,22599_G|C,22629_A|C,22674_C|T,22679_T|C,22686_C|T,22688_A|G,22770_G|A,22775_G|A,22786_A|C,22813_G|T,22882_T|G,22895_G|C,22896_T|A,22898_G|A,22910_A|G,22916_C|T,22917_T|G,22926_T|C,22928_T|C,22942_T|A,22992_G|A,22995_C|A,23005_T|A,23012_G|A,23018_T|C,23019_T|C,23039_C|G,23055_A|G,23063_A|T,23075_T|C,23222_G|A,23271_C|T,23403_A|G,23423_C|T,23525_C|T,23599_T|G,23604_C|G,23796_A|G,23854_C|A,23948_G|T,24378_C|T,24424_A|T,24469_T|A,24872_G|T,24990_C|T,25000_C|T,25207_C|T,25584_C|T,26060_C|T,26270_C|T,26529_G|C,26577_C|G,26610_A|G,26681_C|T,26709_G|A,26833_C|T,26858_C|T,27259_A|C,27382_G|C,27383_A|T,27384_T|C,27807_C|T,27810_T|C,28271_A|T,28311_C|T,28881_G|A,28882_G|A,28883_G|C,28958_C|A,29510_A|C,11288_11296,21633_21641,21765_21770,21992_21994,22194_22196,23009_23011,28362_28370,29734_29759
USA/2582840/2025	XEQ	241_C|T,670_T|G,897_C|A,2326_T|G,2790_C|T,3037_C|T,3431_G|T,3565_T|C,4184_G|A,4321_C|T,6183_A|G,6701_C|T,7842_A|G,8293_C|T,8393_G|A,9344_C|T,9424_A|G,9534_C|T,10029_C|T,10198_C|T,10447_G|A,10449_C|A,11042_G|T,11727_G|A,12418_T|C,12789_C|T,12815_C|T,12880_C|T,13339_T|C,14408_C|T,14599_C|T,15714_C|T,15756_T|A,16887_C|T,16943_G|T,17410_C|T,18163_A|G,18492_A|G,18894_C|T,19716_C|T,19955_C|T,20055_A|G,21618_C|T,21622_C|T,21624_G|C,21627_C|A,21711_C|T,21738_T|C,21941_G|T,21987_G|A,22032_T|C,22033_C|A,22034_A|G,22200_T|G,22208_C|T,22295_C|A,22353_C|A,22556_A|G,22577_G|C,22578_G|A,22599_G|C,22629_A|C,22674_C|T,22679_T|C,22686_C|T,22688_A|G,22770_G|A,22775_G|A,22786_A|C,22813_G|T,22882_T|G,22895_G|C,22896_T|A,22898_G|A,22910_A|G,22916_C|T,22917_T|G,22926_T|C,22928_T|C,22942_T|A,22992_G|A,22995_C|A,23005_T|A,23012_G|A,23018_T|C,23019_T|C,23039_C|G,23055_A|G,23063_A|T,23075_T|C,23222_G|A,23271_C|T,23403_A|G,23423_C|T,23525_C|T,23599_T|G,23604_C|G,23854_C|A,23948_G|T,24378_C|T,24424_A|T,24469_T|A,24872_G|T,24990_C|T,25000_C|T,25207_C|T,25584_C|T,26060_C|T,26270_C|T,26529_G|C,26577_C|G,26610_A|G,26681_C|T,26709_G|A,26833_C|T,26858_C|T,27259_A|C,27382_G|C,27383_A|T,27384_T|C,27807_C|T,27810_T|C,28271_A|T,28311_C|T,28881_G|A,28882_G|A,28883_G|C,28958_C|A,29510_A|C,11288_11296,21633_21641,21765_21770,21992_21994,22194_22196,23009_23011,28362_28370,29728_29770
USA/2590155/2025	XEQ	241_C|T,664_C|T,670_T|G,897_C|A,2790_C|T,3037_C|T,3431_G|T,3565_T|C,4184_G|A,4321_C|T,6183_A|G,6701_C|T,6864_A|G,7842_A|G,8293_C|T,8393_G|A,9344_C|T,9424_A|G,9534_C|T,10029_C|T,10198_C|T,10447_G|A,10449_C|A,11042_G|T,11727_G|A,12418_T|C,12789_C|T,12815_C|T,12880_C|T,13339_T|C,14408_C|T,15714_C|T,15756_T|A,16887_C|T,16943_G|T,17410_C|T,18163_A|G,18210_G|T,18492_A|G,18648_T|C,18894_C|T,19716_C|T,19955_C|T,20055_A|G,21618_C|T,21622_C|T,21624_G|C,21627_C|A,21711_C|T,21738_T|C,21941_G|T,21987_G|A,22032_T|C,22033_C|A,22034_A|G,22088_C|T,22200_T|G,22208_C|T,22295_C|A,22353_C|A,22556_A|G,22577_G|C,22578_G|A,22599_G|C,22629_A|C,22674_C|T,22679_T|C,22686_C|T,22688_A|G,22770_G|A,22775_G|A,22786_A|C,22813_G|T,22882_T|G,22895_G|C,22896_T|A,22898_G|A,22910_A|G,22916_C|T,22917_T|G,22926_T|C,22928_T|C,22942_T|A,22992_G|A,22995_C|A,23005_T|A,23012_G|A,23018_T|C,23019_T|C,23039_C|G,23055_A|G,23063_A|T,23075_T|C,23222_G|A,23271_C|T,23403_A|G,23423_C|T,23525_C|T,23599_T|G,23604_C|G,23854_C|A,23948_G|T,24378_C|T,24424_A|T,24469_T|A,24872_G|T,24990_C|T,25000_C|T,25163_C|A,25207_C|T,25507_G|A,25584_C|T,26060_C|T,26270_C|T,26529_G|C,26577_C|G,26610_A|G,26681_C|T,26709_G|A,26833_C|T,26858_C|T,27259_A|C,27382_G|C,27383_A|T,27384_T|C,27807_C|T,27810_T|C,28271_A|T,28311_C|T,28881_G|A,28882_G|A,28883_G|C,28958_C|A,29510_A|C,11288_11296,21633_21641,21765_21770,21992_21994,22194_22196,23009_23011,28362_28370,29734_29759
USA/3623743/2025	XEQ	241_C|T,670_T|G,897_C|A,2790_C|T,3037_C|T,3431_G|T,3565_T|C,4184_G|A,4321_C|T,6183_A|G,6701_C|T,7842_A|G,8293_C|T,8393_G|A,9344_C|T,9424_A|G,9534_C|T,10029_C|T,10198_C|T,10447_G|A,10449_C|A,11042_G|T,11727_G|A,12418_T|C,12789_C|T,12815_C|T,12880_C|T,13339_T|C,14408_C|T,15714_C|T,15720_C|T,15756_T|A,16887_C|T,16943_G|T,17410_C|T,18163_A|G,18492_A|G,18894_C|T,19716_C|T,19955_C|T,20055_A|G,21618_C|T,21622_C|T,21624_G|C,21627_C|A,21711_C|T,21738_T|C,21941_G|T,21987_G|A,22032_T|C,22033_C|A,22034_A|G,22200_T|G,22208_C|T,22295_C|A,22353_C|A,22556_A|G,22577_G|C,22578_G|A,22599_G|C,22629_A|C,22674_C|T,22679_T|C,22686_C|T,22688_A|G,22770_G|A,22775_G|A,22786_A|C,22813_G|T,22882_T|G,22895_G|C,22896_T|A,22898_G|A,22910_A|G,22916_C|T,22917_T|G,22926_T|C,22928_T|C,22942_T|A,22992_G|A,22995_C|A,23005_T|A,23012_G|A,23018_T|C,23019_T|C,23039_C|G,23055_A|G,23063_A|T,23075_T|C,23222_G|A,23271_C|T,23403_A|G,23423_C|T,23525_C|T,23599_T|G,23604_C|G,23854_C|A,23948_G|T,24378_C|T,24424_A|T,24469_T|A,24872_G|T,24990_C|T,25000_C|T,25207_C|T,25584_C|T,26060_C|T,26270_C|T,26529_G|C,26577_C|G,26610_A|G,26681_C|T,26709_G|A,26833_C|T,26858_C|T,27259_A|C,27382_G|C,27383_A|T,27384_T|C,27807_C|T,27810_T|C,28271_A|T,28311_C|T,28881_G|A,28882_G|A,28883_G|C,28958_C|A,29510_A|C,11288_11296,21633_21641,21765_21770,21992_21994,22194_22196,23009_23011,28362_28370,29734_29759,21608_.|TCATGCCGCTGT
USA/3627757/2025	XEQ	241_C|T,398_C|T,670_T|G,897_C|A,2790_C|T,3037_C|T,3431_G|T,3565_T|C,4184_G|A,4321_C|T,5884_C|T,6183_A|G,6701_C|T,7842_A|G,8293_C|T,8393_G|A,9344_C|T,9424_A|G,9534_C|T,9814_T|C,10029_C|T,10198_C|T,10447_G|A,10449_C|A,11042_G|T,11124_C|T,11727_G|A,12418_T|C,12789_C|T,12815_C|T,12880_C|T,13339_T|C,14408_C|T,15714_C|T,15756_T|A,16887_C|T,16939_T|C,16943_G|T,17410_C|T,18163_A|G,18492_A|G,18894_C|T,19716_C|T,19722_A|G,19955_C|T,20055_A|G,21618_C|T,21622_C|T,21624_G|C,21627_C|A,21711_C|T,21738_T|C,21941_G|T,21987_G|A,22032_T|C,22033_C|A,22034_A|G,22200_T|G,22208_C|T,22295_C|A,22353_C|A,22556_A|G,22577_G|C,22578_G|A,22599_G|C,22629_A|C,22674_C|T,22679_T|C,22684_T|C,22686_C|T,22688_A|G,22770_G|A,22775_G|A,22786_A|C,22813_G|T,22882_T|G,22895_G|C,22896_T|A,22898_G|A,22910_A|G,22916_C|T,22917_T|G,22926_T|C,22928_T|C,22942_T|A,22992_G|A,22995_C|A,23005_T|A,23012_G|A,23018_T|C,23019_T|C,23039_C|G,23055_A|G,23063_A|T,23075_T|C,23222_G|A,23271_C|T,23403_A|G,23423_C|T,23525_C|T,23599_T|G,23601_C|T,23604_C|G,23854_C|A,23948_G|T,24378_C|T,24424_A|T,24469_T|A,24872_G|T,24990_C|T,25000_C|T,25207_C|T,25584_C|T,25603_C|T,26060_C|T,26270_C|T,26529_G|C,26577_C|G,26681_C|T,26709_G|A,26833_C|T,26858_C|T,27259_A|C,27382_G|C,27383_A|T,27384_T|C,27807_C|T,27810_T|C,28271_A|T,28311_C|T,28881_G|A,28882_G|A,28883_G|C,28958_C|A,29479_T|C,29510_A|C,11288_11296,21633_21641,21765_21770,21992_21994,22194_22196,23009_23011,28362_28370,29734_29759,21608_.|TCATGCCGCTGT
USA/AL-CDC-LC1133806/2025	XEQ	241_C|T,670_T|G,897_C|A,2790_C|T,3037_C|T,3267_C|T,3431_G|T,3565_T|C,4184_G|A,4321_C|T,4345_C|T,6183_A|G,6701_C|T,7842_A|G,8293_C|T,8393_G|A,9344_C|T,9424_A|G,9534_C|T,10029_C|T,10198_C|T,10447_G|A,10449_C|A,11042_G|T,11727_G|A,12418_T|C,12789_C|T,12815_C|T,12880_C|T,13339_T|C,14408_C|T,15714_C|T,15756_T|A,16887_C|T,16943_G|T,17410_C|T,18163_A|G,18492_A|G,18894_C|T,19716_C|T,19955_C|T,20055_A|G,21618_C|T,21622_C|T,21624_G|C,21627_C|A,21711_C|T,21738_T|C,21941_G|T,21987_G|A,22032_T|C,22033_C|A,22034_A|G,22200_T|G,22208_C|T,22295_C|A,22353_C|A,22556_A|G,22577_G|C,22578_G|A,22599_G|C,22629_A|C,22674_C|T,22679_T|C,22686_C|T,22688_A|G,22770_G|A,22775_G|A,22786_A|C,22813_G|T,22882_T|G,22895_G|C,22896_T|A,22898_G|A,22910_A|G,22916_C|T,22917_T|G,22926_T|C,22928_T|C,22942_T|A,22992_G|A,22995_C|A,23005_T|A,23012_G|A,23018_T|C,23019_T|C,23039_C|G,23055_A|G,23063_A|T,23075_T|C,23222_G|A,23271_C|T,23403_A|G,23423_C|T,23525_C|T,23599_T|G,23604_C|G,23854_C|A,23948_G|T,24378_C|T,24424_A|T,24469_T|A,24872_G|T,24990_C|T,25000_C|T,25207_C|T,25359_A|G,25584_C|T,26060_C|T,26270_C|T,26529_G|C,26577_C|G,26610_A|G,26681_C|T,26709_G|A,26833_C|T,26858_C|T,27259_A|C,27382_G|C,27383_A|T,27384_T|C,27807_C|T,27810_T|C,28271_A|T,28311_C|T,28881_G|A,28882_G|A,28883_G|C,28958_C|A,29510_A|C,11288_11296,21633_21641,21765_21770,21992_21994,22194_22196,23009_23011,28362_28370,29734_29759,21608_.|TCATGCCGCTGT
USA/AR-CDC-2-8381796/2025	XEQ	241_C|T,670_T|G,897_C|A,2790_C|T,3037_C|T,3431_G|T,3565_T|C,4184_G|A,4321_C|T,6183_A|G,6701_C|T,6989_T|C,7842_A|G,7936_G|A,8293_C|T,8386_C|T,8393_G|A,9344_C|T,9424_A|G,9532_C|T,9534_C|T,10029_C|T,10198_C|T,10447_G|A,10449_C|A,11042_G|T,11727_G|A,12418_T|C,12789_C|T,12815_C|T,12880_C|T,13339_T|C,14408_C|T,15714_C|T,15756_T|A,16887_C|T,16943_G|T,17410_C|T,18163_A|G,18492_A|G,18894_C|T,19716_C|T,19955_C|T,20055_A|G,21618_C|T,21622_C|T,21624_G|C,21627_C|A,21711_C|T,21738_T|C,21941_G|T,21987_G|A,22032_T|C,22033_C|A,22034_A|G,22200_T|G,22208_C|T,22295_C|A,22353_C|A,22546_A|G,22556_A|G,22577_G|C,22578_G|A,22599_G|C,22629_A|C,22674_C|T,22679_T|C,22686_C|T,22688_A|G,22770_G|A,22775_G|A,22786_A|C,22813_G|T,22882_T|G,22895_G|C,22896_T|A,22898_G|A,22910_A|G,22916_C|T,22917_T|G,22926_T|C,22928_T|C,22942_T|A,22992_G|A,22995_C|A,23005_T|A,23012_G|A,23018_T|C,23019_T|C,23039_C|G,23055_A|G,23063_A|T,23075_T|C,23222_G|A,23271_C|T,23403_A|G,23423_C|T,23525_C|T,23599_T|G,23604_C|G,23854_C|A,23948_G|T,24378_C|T,24424_A|T,24469_T|A,24872_G|T,24990_C|T,25000_C|T,25163_C|A,25207_C|T,25584_C|T,26060_C|T,26270_C|T,26529_G|C,26577_C|G,26610_A|G,26681_C|T,26709_G|A,26833_C|T,26858_C|T,27259_A|C,27382_G|C,27383_A|T,27384_T|C,27807_C|T,27810_T|C,28271_A|T,28311_C|T,28881_G|A,28882_G|A,28883_G|C,28958_C|A,29510_A|C,11288_11296,21633_21641,21765_21770,21992_21994,22194_22196,23009_23011,28362_28370,29734_29759,21608_.|TCATGCCGCTGT
USA/AZ-CDC-LC1122053/2024	XEQ	241_C|T,670_T|G,897_C|A,2790_C|T,3037_C|T,3431_G|T,3565_T|C,4184_G|A,4321_C|T,6183_A|G,7842_A|G,8293_C|T,8393_G|A,9344_C|T,9424_A|G,9534_C|T,10029_C|T,10198_C|T,10447_G|A,10449_C|A,11042_G|T,11727_G|A,12418_T|C,12789_C|T,12815_C|T,12880_C|T,13339_T|C,14408_C|T,15714_C|T,15756_T|A,16887_C|T,16943_G|T,17410_C|T,18163_A|G,18492_A|G,18894_C|T,19716_C|T,19955_C|T,20055_A|G,21618_C|T,21622_C|T,21624_G|C,21627_C|A,21711_C|T,21738_T|C,21941_G|T,21987_G|A,22032_T|C,22033_C|A,22034_A|G,22200_T|G,22208_C|T,22295_C|A,22353_C|A,22556_A|G,22577_G|C,22578_G|A,22599_G|C,22629_A|C,22674_C|T,22679_T|C,22686_C|T,22688_A|G,22770_G|A,22775_G|A,22786_A|C,22813_G|T,22882_T|G,22895_G|C,22896_T|A,22898_G|A,22910_A|G,22916_C|T,22917_T|G,22926_T|C,22928_T|C,22942_T|A,22992_G|A,22995_C|A,23005_T|A,23012_G|A,23018_T|C,23019_T|C,23039_C|G,23055_A|G,23063_A|T,23075_T|C,23222_G|A,23271_C|T,23403_A|G,23423_C|T,23525_C|T,23599_T|G,23604_C|G,23854_C|A,23948_G|T,24378_C|T,24424_A|T,24469_T|A,24872_G|T,24990_C|T,25000_C|T,25207_C|T,25584_C|T,26060_C|T,26270_C|T,26529_G|C,26577_C|G,26610_A|G,26681_C|T,26709_G|A,26833_C|T,26858_C|T,27223_C|T,27259_A|C,27382_G|C,27383_A|T,27384_T|C,27807_C|T,27810_T|C,28271_A|T,28311_C|T,28881_G|A,28882_G|A,28883_G|C,28958_C|A,29510_A|C,11288_11296,21633_21641,21765_21770,21992_21994,22194_22196,23009_23011,28362_28370,29734_29759,21608_.|TCATGCCGCTGT
USA/AZ-CDC-QDX29101852/2025	XEQ	241_C|T,670_T|G,897_C|A,2790_C|T,3037_C|T,3267_C|T,3431_G|T,3565_T|C,4184_G|A,4321_C|T,4999_C|T,6183_A|G,6701_C|T,7842_A|G,8293_C|T,8393_G|A,9344_C|T,9424_A|G,9534_C|T,10029_C|T,10198_C|T,10447_G|A,10449_C|A,11042_G|T,11727_G|A,12244_T|C,12418_T|C,12789_C|T,12815_C|T,12880_C|T,13339_T|C,14408_C|T,15714_C|T,15756_T|A,16887_C|T,16943_G|T,17410_C|T,18163_A|G,18492_A|G,18894_C|T,19185_C|T,19716_C|T,19955_C|T,20055_A|G,21618_C|T,21622_C|T,21624_G|C,21627_C|A,21711_C|T,21738_T|C,21941_G|T,21987_G|A,22032_T|C,22033_C|A,22034_A|G,22200_T|G,22208_C|T,22295_C|A,22353_C|A,22556_A|G,22577_G|C,22578_G|A,22599_G|C,22629_A|C,22674_C|T,22679_T|C,22686_C|T,22688_A|G,22770_G|A,22775_G|A,22786_A|C,22813_G|T,22882_T|G,22895_G|C,22896_T|A,22898_G|A,22910_A|G,22916_C|T,22917_T|G,22926_T|C,22928_T|C,22942_T|A,22992_G|A,22995_C|A,23005_T|A,23012_G|A,23018_T|C,23019_T|C,23039_C|G,23055_A|G,23063_A|T,23075_T|C,23222_G|A,23271_C|T,23403_A|G,23423_C|T,23525_C|T,23599_T|G,23604_C|G,23854_C|A,23948_G|T,24378_C|T,24424_A|T,24469_T|A,24872_G|T,24990_C|T,25000_C|T,25207_C|T,25584_C|T,26060_C|T,26270_C|T,26529_G|C,26577_C|G,26610_A|G,26681_C|T,26709_G|A,26833_C|T,26858_C|T,27259_A|C,27382_G|C,27383_A|T,27384_T|C,27807_C|T,27810_T|C,28271_A|T,28311_C|T,28881_G|A,28882_G|A,28883_G|C,28958_C|A,29510_A|C,11288_11296,21633_21641,21765_21770,21992_21994,22194_22196,23009_23011,28362_28370,29734_29759,21608_.|TCATGCCGCTGT
USA/AZ-USAFSAM-S23605/2025	XEQ	241_C|T,670_T|G,897_C|A,2790_C|T,3037_C|T,3411_C|T,3431_G|T,3565_T|C,4184_G|A,4321_C|T,6183_A|G,6701_C|T,7842_A|G,8244_A|G,8293_C|T,8393_G|A,9344_C|T,9424_A|G,9534_C|T,10029_C|T,10198_C|T,10447_G|A,10449_C|A,11042_G|T,11727_G|A,12418_T|C,12789_C|T,12815_C|T,12880_C|T,13339_T|C,14408_C|T,14767_G|A,15714_C|T,15756_T|A,16887_C|T,16943_G|T,17410_C|T,17739_A|G,18163_A|G,18492_A|G,18894_C|T,19017_C|T,19287_T|A,19716_C|T,19955_C|T,20055_A|G,21618_C|T,21622_C|T,21624_G|C,21627_C|A,21711_C|T,21738_T|C,21941_G|T,21987_G|A,22032_T|C,22033_C|A,22034_A|G,22200_T|G,22208_C|T,22295_C|A,22353_C|A,22556_A|G,22577_G|C,22578_G|A,22599_G|C,22629_A|C,22674_C|T,22679_T|C,22686_C|T,22688_A|G,22770_G|A,22775_G|A,22786_A|C,22813_G|T,22882_T|G,22895_G|C,22896_T|A,22898_G|A,22910_A|G,22916_C|T,22917_T|G,22926_T|C,22928_T|C,22942_T|A,22992_G|A,22995_C|A,23005_T|A,23012_G|A,23018_T|C,23019_T|C,23039_C|G,23055_A|G,23063_A|T,23075_T|C,23222_G|A,23271_C|T,23403_A|G,23423_C|T,23525_C|T,23599_T|G,23602_T|C,23604_C|G,23854_C|A,23948_G|T,24378_C|T,24424_A|T,24469_T|A,24872_G|T,24990_C|T,25000_C|T,25207_C|T,25584_C|T,26060_C|T,26270_C|T,26529_G|C,26577_C|G,26610_A|G,26681_C|T,26709_G|A,26833_C|T,26858_C|T,27259_A|C,27382_G|C,27383_A|T,27384_T|C,27807_C|T,27810_T|C,28271_A|T,28311_C|T,28881_G|A,28882_G|A,28883_G|C,28958_C|A,29510_A|C,11288_11296,21633_21641,21765_21770,21992_21994,22194_22196,23009_23011,28362_28370,29734_29759
USA/CA-CDC-2-8210419/2024	XEQ	241_C|T,670_T|G,897_C|A,2790_C|T,3037_C|T,3431_G|T,3565_T|C,4184_G|A,4321_C|T,6183_A|G,6701_C|T,7842_A|G,8293_C|T,8393_G|A,9344_C|T,9424_A|G,9534_C|T,10029_C|T,10198_C|T,10447_G|A,10449_C|A,11042_G|T,11727_G|A,12418_T|C,12789_C|T,12815_C|T,12880_C|T,13339_T|C,14408_C|T,15714_C|T,15756_T|A,16887_C|T,16943_G|T,17410_C|T,18163_A|G,18492_A|G,18894_C|T,19716_C|T,19955_C|T,20055_A|G,21618_C|T,21622_C|T,21624_G|C,21627_C|A,21711_C|T,21738_T|C,21941_G|T,21987_G|A,22032_T|C,22033_C|A,22034_A|G,22200_T|G,22208_C|T,22295_C|A,22353_C|A,22556_A|G,22577_G|C,22578_G|A,22599_G|C,22629_A|C,22674_C|T,22679_T|C,22686_C|T,22688_A|G,22770_G|A,22775_G|A,22786_A|C,22813_G|T,22882_T|G,22895_G|C,22896_T|A,22898_G|A,22910_A|G,22916_C|T,22917_T|G,22926_T|C,22928_T|C,22942_T|A,22992_G|A,22995_C|A,23005_T|A,23012_G|A,23018_T|C,23019_T|C,23039_C|G,23055_A|G,23063_A|T,23075_T|C,23222_G|A,23271_C|T,23403_A|G,23423_C|T,23525_C|T,23599_T|G,23604_C|G,23854_C|A,23948_G|T,24378_C|T,24424_A|T,24469_T|A,24872_G|T,24990_C|T,25000_C|T,25207_C|T,25584_C|T,26060_C|T,26270_C|T,26529_G|C,26577_C|G,26610_A|G,26681_C|T,26709_G|A,26833_C|T,26858_C|T,27259_A|C,27382_G|C,27383_A|T,27384_T|C,27807_C|T,27810_T|C,28271_A|T,28311_C|T,28603_C|T,28881_G|A,28882_G|A,28883_G|C,28958_C|A,29510_A|C,11288_11296,21633_21641,21765_21770,21992_21994,22194_22196,23009_23011,28362_28370,29734_29759,21608_.|TCATGCCGCTGT
USA/CA-CDC-2-8272355/2025	XEQ	241_C|T,670_T|G,897_C|A,2790_C|T,3037_C|T,3431_G|T,3565_T|C,4184_G|A,4321_C|T,6183_A|G,6701_C|T,7842_A|G,7945_C|T,8293_C|T,8393_G|A,9344_C|T,9424_A|G,9534_C|T,10029_C|T,10198_C|T,10447_G|A,10449_C|A,11042_G|T,11727_G|A,12418_T|C,12789_C|T,12815_C|T,12880_C|T,13339_T|C,14408_C|T,15714_C|T,15756_T|A,16887_C|T,16943_G|T,17410_C|T,18163_A|G,18492_A|G,18894_C|T,19716_C|T,19955_C|T,20055_A|G,21618_C|T,21622_C|T,21624_G|C,21627_C|A,21711_C|T,21738_T|C,21941_G|T,21987_G|A,22032_T|C,22033_C|A,22034_A|G,22200_T|G,22208_C|T,22295_C|A,22353_C|A,22556_A|G,22577_G|C,22578_G|A,22599_G|C,22629_A|C,22674_C|T,22679_T|C,22686_C|T,22688_A|G,22770_G|A,22775_G|A,22786_A|C,22813_G|T,22882_T|G,22895_G|C,22896_T|A,22898_G|A,22910_A|G,22916_C|T,22917_T|G,22926_T|C,22928_T|C,22942_T|A,22992_G|A,22995_C|A,23005_T|A,23012_G|A,23018_T|C,23019_T|C,23039_C|G,23055_A|G,23063_A|T,23075_T|C,23222_G|A,23271_C|T,23403_A|G,23423_C|T,23525_C|T,23599_T|G,23604_C|G,23609_C|T,23854_C|A,23948_G|T,24378_C|T,24424_A|T,24469_T|A,24872_G|T,24990_C|T,25000_C|T,25207_C|T,25584_C|T,26060_C|T,26270_C|T,26529_G|C,26577_C|G,26610_A|G,26681_C|T,26709_G|A,26833_C|T,26858_C|T,27259_A|C,27382_G|C,27383_A|T,27384_T|C,27807_C|T,27810_T|C,28271_A|T,28311_C|T,28881_G|A,28882_G|A,28883_G|C,28958_C|A,29510_A|C,11288_11296,21633_21641,21765_21770,21992_21994,22194_22196,23009_23011,28362_28370,29734_29759,21608_.|TCATGCCGCTGT
USA/CA-CDC-2-8492217/2025	XEQ	241_C|T,670_T|G,897_C|A,2790_C|T,3037_C|T,3267_C|T,3431_G|T,3565_T|C,4184_G|A,4321_C|T,4999_C|T,6183_A|G,6701_C|T,7842_A|G,8293_C|T,8393_G|A,9344_C|T,9424_A|G,9534_C|T,9988_C|T,10029_C|T,10198_C|T,10447_G|A,10449_C|A,11042_G|T,11727_G|A,12244_T|C,12418_T|C,12789_C|T,12815_C|T,12880_C|T,13339_T|C,14408_C|T,15714_C|T,15756_T|A,16887_C|T,16943_G|T,17410_C|T,18163_A|G,18492_A|G,18894_C|T,19185_C|T,19716_C|T,19955_C|T,20055_A|G,21618_C|T,21622_C|T,21624_G|C,21627_C|A,21711_C|T,21738_T|C,21941_G|T,21987_G|A,22032_T|C,22033_C|A,22034_A|G,22200_T|G,22208_C|T,22295_C|A,22353_C|A,22556_A|G,22577_G|C,22578_G|A,22599_G|C,22629_A|C,22674_C|T,22679_T|C,22686_C|T,22688_A|G,22770_G|A,22775_G|A,22786_A|C,22813_G|T,22882_T|G,22895_G|C,22896_T|A,22898_G|A,22910_A|G,22916_C|T,22917_T|G,22926_T|C,22928_T|C,22942_T|A,22992_G|A,22995_C|A,23005_T|A,23012_G|A,23018_T|C,23019_T|C,23039_C|G,23055_A|G,23063_A|T,23075_T|C,23222_G|A,23271_C|T,23403_A|G,23423_C|T,23525_C|T,23599_T|G,23604_C|G,23854_C|A,23948_G|T,24378_C|T,24424_A|T,24469_T|A,24872_G|T,24990_C|T,25000_C|T,25207_C|T,25584_C|T,26060_C|T,26270_C|T,26529_G|C,26577_C|G,26610_A|G,26681_C|T,26709_G|A,26833_C|T,26858_C|T,27259_A|C,27382_G|C,27383_A|T,27384_T|C,27807_C|T,27810_T|C,28271_A|T,28311_C|T,28881_G|A,28882_G|A,28883_G|C,28958_C|A,29510_A|C,11288_11296,21633_21641,21765_21770,21992_21994,22194_22196,23009_23011,28362_28370,21608_.|TCATGCCGCTGT
USA/CA-CDC-LC1132394/2025	XEQ	241_C|T,670_T|G,897_C|A,2197_C|T,2790_C|T,2910_C|T,3037_C|T,3431_G|T,3565_T|C,4184_G|A,4321_C|T,6183_A|G,6701_C|T,7842_A|G,8293_C|T,8393_G|A,9344_C|T,9424_A|G,9534_C|T,10029_C|T,10198_C|T,10447_G|A,10449_C|A,11042_G|T,11727_G|A,12418_T|C,12789_C|T,12815_C|T,12880_C|T,13339_T|C,14408_C|T,15714_C|T,15756_T|A,16887_C|T,16943_G|T,17410_C|T,17436_C|T,18163_A|G,18492_A|G,18894_C|T,19716_C|T,19955_C|T,20055_A|G,21618_C|T,21622_C|T,21624_G|C,21627_C|A,21711_C|T,21738_T|C,21941_G|T,21987_G|A,22032_T|C,22033_C|A,22034_A|G,22200_T|G,22208_C|T,22295_C|A,22353_C|A,22556_A|G,22577_G|C,22578_G|A,22599_G|C,22629_A|C,22674_C|T,22679_T|C,22686_C|T,22688_A|G,22770_G|A,22775_G|A,22786_A|C,22813_G|T,22882_T|G,22895_G|C,22896_T|A,22898_G|A,22910_A|G,22916_C|T,22917_T|G,22926_T|C,22928_T|C,22942_T|A,22992_G|A,22995_C|A,23005_T|A,23012_G|A,23018_T|C,23019_T|C,23039_C|G,23055_A|G,23063_A|T,23075_T|C,23222_G|A,23271_C|T,23403_A|G,23423_C|T,23525_C|T,23599_T|G,23604_C|G,23854_C|A,23948_G|T,24378_C|T,24424_A|T,24469_T|A,24872_G|T,24990_C|T,25000_C|T,25207_C|T,25584_C|T,26060_C|T,26270_C|T,26529_G|C,26577_C|G,26610_A|G,26681_C|T,26709_G|A,26833_C|T,26858_C|T,27259_A|C,27382_G|C,27383_A|T,27384_T|C,27807_C|T,27810_T|C,28271_A|T,28311_C|T,28877_A|T,28878_G|C,28881_G|A,28882_G|A,28883_G|C,28958_C|A,29510_A|C,11288_11296,21633_21641,21765_21770,21992_21994,22194_22196,23009_23011,28362_28370,29734_29759,21608_.|TCATGCCGCTGT
USA/CA-CDC-LC1133986/2025	XEQ	241_C|T,670_T|G,897_C|A,1549_C|T,2790_C|T,3037_C|T,3431_G|T,3565_T|C,4184_G|A,4321_C|T,6183_A|G,6701_C|T,7842_A|G,8293_C|T,8393_G|A,9344_C|T,9424_A|G,9534_C|T,10029_C|T,10198_C|T,10447_G|A,10449_C|A,11003_C|T,11020_C|T,11042_G|T,11727_G|A,12418_T|C,12789_C|T,12815_C|T,12880_C|T,13339_T|C,14408_C|T,14925_C|T,15714_C|T,15756_T|A,16887_C|T,16943_G|T,17410_C|T,18163_A|G,18492_A|G,18894_C|T,19017_C|T,19716_C|T,19955_C|T,20055_A|G,21604_G|T,21618_C|T,21622_C|T,21624_G|C,21627_C|A,21711_C|T,21738_T|C,21941_G|T,21987_G|A,22032_T|C,22033_C|A,22034_A|G,22200_T|G,22208_C|T,22295_C|A,22353_C|A,22556_A|G,22577_G|C,22578_G|A,22599_G|C,22629_A|C,22632_G|A,22674_C|T,22679_T|C,22686_C|T,22688_A|G,22770_G|A,22775_G|A,22786_A|C,22813_G|T,22882_T|G,22895_G|C,22896_T|A,22898_G|A,22910_A|G,22916_C|T,22917_T|G,22926_T|C,22928_T|C,22942_T|A,22992_G|A,22995_C|A,23005_T|A,23012_G|A,23018_T|C,23019_T|C,23039_C|G,23055_A|G,23063_A|T,23075_T|C,23222_G|A,23271_C|T,23403_A|G,23423_C|T,23525_C|T,23599_T|G,23604_C|G,23854_C|A,23948_G|T,24378_C|T,24424_A|T,24469_T|A,24872_G|T,24990_C|T,25000_C|T,25207_C|T,25584_C|T,25850_G|T,26060_C|T,26270_C|T,26529_G|C,26577_C|G,26610_A|G,26681_C|T,26709_G|A,26833_C|T,26858_C|T,27259_A|C,27382_G|C,27383_A|T,27384_T|C,27807_C|T,27810_T|C,28271_A|T,28311_C|T,28881_G|A,28882_G|A,28883_G|C,28958_C|A,29510_A|C,11288_11296,21633_21641,21765_21770,21992_21994,22194_22196,23009_23011,28362_28370,29734_29759,21608_.|TCATGCCGCTGT
USA/CA-CDC-QDX29035372/2025	XEQ	241_C|T,670_T|G,897_C|A,2790_C|T,3037_C|T,3431_G|T,3565_T|C,4184_G|A,4321_C|T,6183_A|G,6701_C|T,7842_A|G,8293_C|T,8393_G|A,9344_C|T,9424_A|G,9534_C|T,10029_C|T,10198_C|T,10447_G|A,10449_C|A,11042_G|T,11727_G|A,12418_T|C,12789_C|T,12815_C|T,12880_C|T,13339_T|C,14408_C|T,15450_C|A,15714_C|T,15756_T|A,16887_C|T,16943_G|T,17410_C|T,18163_A|G,18492_A|G,18894_C|T,19716_C|T,19955_C|T,20055_A|G,21618_C|T,21622_C|T,21624_G|C,21627_C|A,21711_C|T,21738_T|C,21941_G|T,21987_G|A,22032_T|C,22033_C|A,22034_A|G,22200_T|G,22208_C|T,22295_C|A,22353_C|A,22556_A|G,22577_G|C,22578_G|A,22599_G|C,22629_A|C,22674_C|T,22679_T|C,22686_C|T,22688_A|G,22770_G|A,22775_G|A,22786_A|C,22813_G|T,22882_T|G,22895_G|C,22896_T|A,22898_G|A,22910_A|G,22916_C|T,22917_T|G,22926_T|C,22928_T|C,22942_T|A,22992_G|A,22995_C|A,23005_T|A,23012_G|A,23018_T|C,23019_T|C,23039_C|G,23055_A|G,23063_A|T,23075_T|C,23222_G|A,23271_C|T,23403_A|G,23423_C|T,23525_C|T,23599_T|G,23604_C|G,23854_C|A,23948_G|T,24368_G|T,24378_C|T,24424_A|T,24469_T|A,24872_G|T,24990_C|T,25000_C|T,25207_C|T,25584_C|T,26060_C|T,26270_C|T,26529_G|C,26577_C|G,26610_A|G,26681_C|T,26709_G|A,26833_C|T,26858_C|T,27259_A|C,27382_G|C,27383_A|T,27384_T|C,27807_C|T,27810_T|C,28271_A|T,28311_C|T,28881_G|A,28882_G|A,28883_G|C,28958_C|A,29510_A|C,11288_11296,21633_21641,21765_21770,21992_21994,22194_22196,23009_23011,28362_28370,29734_29759,21608_.|TCATGCCGCTGT
USA/CA-CDPH-500145353/2024	XEQ	21_C|T,44_C|T,241_C|T,485_T|C,670_T|G,897_C|A,2790_C|T,3037_C|T,3431_G|T,3565_T|C,4184_G|A,4321_C|T,6183_A|G,6278_C|T,6701_C|T,7842_A|G,8293_C|T,8393_G|A,9344_C|T,9424_A|G,9534_C|T,10029_C|T,10198_C|T,10447_G|A,10449_C|A,11042_G|T,11727_G|A,12418_T|C,12789_C|T,12815_C|T,12880_C|T,13339_T|C,14408_C|T,15450_C|A,15714_C|T,15756_T|A,16887_C|T,16943_G|T,17410_C|T,18163_A|G,18492_A|G,18894_C|T,19716_C|T,19955_C|T,20055_A|G,21618_C|T,21622_C|T,21624_G|C,21627_C|A,21711_C|T,21738_T|C,21941_G|T,21987_G|A,22032_T|C,22033_C|A,22034_A|G,22200_T|G,22208_C|T,22295_C|A,22353_C|A,22556_A|G,22577_G|C,22578_G|A,22599_G|C,22629_A|C,22674_C|T,22679_T|C,22686_C|T,22688_A|G,22770_G|A,22775_G|A,22786_A|C,22813_G|T,22882_T|G,22895_G|C,22896_T|A,22898_G|A,22910_A|G,22916_C|T,22917_T|G,22926_T|C,22928_T|C,22942_T|A,22992_G|A,22995_C|A,23005_T|A,23012_G|A,23018_T|C,23019_T|C,23039_C|G,23055_A|G,23063_A|T,23075_T|C,23222_G|A,23271_C|T,23403_A|G,23423_C|T,23525_C|T,23599_T|G,23604_C|G,23854_C|A,23948_G|T,24378_C|T,24424_A|T,24469_T|A,24872_G|T,24990_C|T,25000_C|T,25207_C|T,25584_C|T,26060_C|T,26270_C|T,26529_G|C,26577_C|G,26610_A|G,26681_C|T,26709_G|A,26833_C|T,26858_C|T,27259_A|C,27382_G|C,27383_A|T,27384_T|C,27807_C|T,27810_T|C,28271_A|T,28311_C|T,28881_G|A,28882_G|A,28883_G|C,28958_C|A,29510_A|C,11288_11296,21633_21641,21765_21770,21992_21994,22194_22196,23009_23011,28362_28370,29734_29759,21608_.|TCATGCCGCTGT
USA/CA-CDPH-500145368/2024	XEQ	21_C|T,44_C|T,241_C|T,670_T|G,897_C|A,2790_C|T,3037_C|T,3431_G|T,3565_T|C,3796_C|T,4184_G|A,4321_C|T,6183_A|G,6701_C|T,7842_A|G,8293_C|T,8393_G|A,9344_C|T,9424_A|G,9534_C|T,10029_C|T,10198_C|T,10340_C|T,10447_G|A,10449_C|A,11042_G|T,11727_G|A,12418_T|C,12789_C|T,12815_C|T,12880_C|T,13339_T|C,14408_C|T,15714_C|T,15756_T|A,16392_T|C,16887_C|T,16943_G|T,17410_C|T,18163_A|G,18492_A|G,18894_C|T,19017_C|T,19716_C|T,19955_C|T,20055_A|G,21618_C|T,21622_C|T,21624_G|C,21627_C|A,21711_C|T,21738_T|C,21941_G|T,21987_G|A,22032_T|C,22033_C|A,22034_A|G,22200_T|G,22208_C|T,22295_C|A,22353_C|A,22556_A|G,22577_G|C,22578_G|A,22599_G|C,22629_A|C,22674_C|T,22679_T|C,22686_C|T,22688_A|G,22770_G|A,22775_G|A,22786_A|C,22813_G|T,22882_T|G,22895_G|C,22896_T|A,22898_G|A,22910_A|G,22916_C|T,22917_T|G,22926_T|C,22928_T|C,22942_T|A,22992_G|A,22995_C|A,23005_T|A,23012_G|A,23018_T|C,23019_T|C,23039_C|G,23055_A|G,23063_A|T,23075_T|C,23222_G|A,23271_C|T,23403_A|G,23423_C|T,23525_C|T,23599_T|G,23604_C|G,23854_C|A,23948_G|T,24378_C|T,24424_A|T,24469_T|A,24872_G|T,24990_C|T,25000_C|T,25207_C|T,25584_C|T,26060_C|T,26270_C|T,26529_G|C,26577_C|G,26610_A|G,26681_C|T,26709_G|A,26833_C|T,26858_C|T,27259_A|C,27382_G|C,27383_A|T,27384_T|C,27807_C|T,27810_T|C,28271_A|T,28311_C|T,28881_G|A,28882_G|A,28883_G|C,28958_C|A,29510_A|C,11288_11296,21633_21641,21765_21770,21992_21994,22194_22196,23009_23011,28362_28370,29734_29759,21608_.|TCATGCCGCTGT
USA/CA-CDPH-500145408/2024	XEQ	21_C|T,44_C|T,241_C|T,670_T|G,897_C|A,2790_C|T,3037_C|T,3431_G|T,3565_T|C,4184_G|A,4321_C|T,6183_A|G,6701_C|T,7842_A|G,8293_C|T,8393_G|A,9344_C|T,9424_A|G,9534_C|T,10029_C|T,10198_C|T,10447_G|A,10449_C|A,11042_G|T,11727_G|A,12418_T|C,12789_C|T,12815_C|T,12880_C|T,13339_T|C,14408_C|T,15714_C|T,15756_T|A,16887_C|T,16943_G|T,17410_C|T,18163_A|G,18492_A|G,18894_C|T,19017_C|T,19716_C|T,19955_C|T,20055_A|G,21618_C|T,21622_C|T,21624_G|C,21627_C|A,21711_C|T,21738_T|C,21941_G|T,21987_G|A,22032_T|C,22033_C|A,22034_A|G,22200_T|G,22208_C|T,22295_C|A,22353_C|A,22556_A|G,22577_G|C,22578_G|A,22599_G|C,22629_A|C,22674_C|T,22679_T|C,22686_C|T,22688_A|G,22770_G|A,22775_G|A,22786_A|C,22813_G|T,22882_T|G,22895_G|C,22896_T|A,22898_G|A,22910_A|G,22916_C|T,22917_T|G,22926_T|C,22928_T|C,22942_T|A,22992_G|A,22995_C|A,23005_T|A,23012_G|A,23018_T|C,23019_T|C,23039_C|G,23055_A|G,23063_A|T,23075_T|C,23222_G|A,23271_C|T,23403_A|G,23423_C|T,23525_C|T,23599_T|G,23604_C|G,23854_C|A,23948_G|T,24378_C|T,24424_A|T,24469_T|A,24872_G|T,24990_C|T,25000_C|T,25207_C|T,25584_C|T,26060_C|T,26270_C|T,26529_G|C,26577_C|G,26610_A|G,26681_C|T,26709_G|A,26833_C|T,26858_C|T,27259_A|C,27382_G|C,27383_A|T,27384_T|C,27807_C|T,27810_T|C,28271_A|T,28311_C|T,28881_G|A,28882_G|A,28883_G|C,28958_C|A,29510_A|C,11288_11296,21633_21641,21765_21770,21992_21994,22194_22196,23009_23011,28362_28370,29734_29759,21608_.|TCATGCCGCTGT
USA/CA-CDPH-500145519/2024	XEQ	241_C|T,897_C|A,2790_C|T,3037_C|T,3431_G|T,3565_T|C,4184_G|A,4321_C|T,6183_A|G,6701_C|T,7842_A|G,8293_C|T,8393_G|A,9344_C|T,9424_A|G,9534_C|T,10029_C|T,10198_C|T,10447_G|A,10449_C|A,11042_G|T,11727_G|A,12418_T|C,12789_C|T,12815_C|T,12880_C|T,13339_T|C,14408_C|T,15450_C|A,15714_C|T,15756_T|A,16887_C|T,16943_G|T,17410_C|T,18163_A|G,18492_A|G,18894_C|T,19716_C|T,19955_C|T,20055_A|G,21618_C|T,21622_C|T,21624_G|C,21627_C|A,21711_C|T,21738_T|C,21941_G|T,21987_G|A,22032_T|C,22033_C|A,22034_A|G,22200_T|G,22208_C|T,22295_C|A,22353_C|A,22556_A|G,22577_G|C,22578_G|A,22599_G|C,22629_A|C,22674_C|T,22679_T|C,22686_C|T,22688_A|G,22770_G|A,22775_G|A,22786_A|C,22813_G|T,22882_T|G,22895_G|C,22896_T|A,22898_G|A,22910_A|G,22916_C|T,22917_T|G,22926_T|C,22928_T|C,22942_T|A,22992_G|A,22995_C|A,23005_T|A,23012_G|A,23018_T|C,23019_T|C,23039_C|G,23055_A|G,23063_A|T,23075_T|C,23222_G|A,23271_C|T,23403_A|G,23423_C|T,23525_C|T,23599_T|G,23604_C|G,23854_C|A,23948_G|T,24368_G|T,24378_C|T,24424_A|T,24469_T|A,24872_G|T,24990_C|T,25000_C|T,25207_C|T,25584_C|T,26060_C|T,26270_C|T,26529_G|C,26577_C|G,26610_A|G,26681_C|T,26709_G|A,26833_C|T,26858_C|T,27259_A|C,27382_G|C,27383_A|T,27384_T|C,27807_C|T,27810_T|C,28271_A|T,28311_C|T,28881_G|A,28882_G|A,28883_G|C,28958_C|A,29510_A|C,11288_11296,21633_21641,21765_21770,21992_21994,22194_22196,23009_23011,28362_28370,21608_.|TCATGCCGCTGT
USA/CA-CDPH-500146168/2025	XEQ	21_C|T,44_C|T,241_C|T,670_T|G,897_C|A,2695_C|T,2790_C|T,3037_C|T,3431_G|T,3565_T|C,4184_G|A,4321_C|T,6183_A|G,6701_C|T,7842_A|G,8293_C|T,8393_G|A,9344_C|T,9424_A|G,9534_C|T,10029_C|T,10198_C|T,10279_C|T,10447_G|A,10449_C|A,11042_G|T,11727_G|A,12418_T|C,12789_C|T,12815_C|T,12880_C|T,13339_T|C,14408_C|T,15714_C|T,15738_C|T,15756_T|A,16887_C|T,16943_G|T,17410_C|T,18163_A|G,18492_A|G,18894_C|T,19716_C|T,19955_C|T,20055_A|G,21618_C|T,21622_C|T,21624_G|C,21627_C|A,21711_C|T,21738_T|C,21941_G|T,21987_G|A,22032_T|C,22033_C|A,22034_A|G,22200_T|G,22208_C|T,22295_C|A,22353_C|A,22556_A|G,22577_G|C,22578_G|A,22599_G|C,22629_A|C,22674_C|T,22679_T|C,22686_C|T,22688_A|G,22770_G|A,22775_G|A,22786_A|C,22813_G|T,22882_T|G,22895_G|C,22896_T|A,22898_G|A,22910_A|G,22916_C|T,22917_T|G,22926_T|C,22928_T|C,22942_T|A,22992_G|A,22995_C|A,23005_T|A,23012_G|A,23018_T|C,23019_T|C,23039_C|G,23055_A|G,23063_A|T,23075_T|C,23222_G|A,23271_C|T,23403_A|G,23423_C|T,23525_C|T,23599_T|G,23604_C|G,23854_C|A,23948_G|T,24378_C|T,24424_A|T,24469_T|A,24872_G|T,24990_C|T,25000_C|T,25207_C|T,25584_C|T,26060_C|T,26270_C|T,26529_G|C,26577_C|G,26610_A|G,26681_C|T,26709_G|A,26833_C|T,26858_C|T,27259_A|C,27382_G|C,27383_A|T,27384_T|C,27807_C|T,27810_T|C,28245_T|G,28271_A|T,28311_C|T,28603_C|T,28881_G|A,28882_G|A,28883_G|C,28958_C|A,29510_A|C,29769_C|T,11288_11296,21633_21641,21765_21770,21992_21994,22194_22196,23009_23011,28254,28362_28370,29734_29759,21608_.|TCATGCCGCTGT,28250_.|CTG
USA/CA-CDPH-500146180/2025	XEQ	21_C|T,44_C|T,241_C|T,670_T|G,884_C|T,897_C|A,2790_C|T,3037_C|T,3431_G|T,3565_T|C,4184_G|A,4321_C|T,6183_A|G,6701_C|T,7842_A|G,8293_C|T,8393_G|A,9344_C|T,9424_A|G,9534_C|T,10029_C|T,10198_C|T,10447_G|A,10449_C|A,11042_G|T,11727_G|A,12418_T|C,12789_C|T,12815_C|T,12880_C|T,13339_T|C,14408_C|T,15450_C|A,15714_C|T,15756_T|A,16887_C|T,16943_G|T,17410_C|T,18163_A|G,18492_A|G,18894_C|T,19716_C|T,19955_C|T,20055_A|G,21618_C|T,21622_C|T,21624_G|C,21627_C|A,21711_C|T,21738_T|C,21941_G|T,21987_G|A,22032_T|C,22033_C|A,22034_A|G,22200_T|G,22208_C|T,22295_C|A,22353_C|A,22556_A|G,22577_G|C,22578_G|A,22599_G|C,22629_A|C,22674_C|T,22679_T|C,22686_C|T,22688_A|G,22770_G|A,22775_G|A,22786_A|C,22813_G|T,22882_T|G,22895_G|C,22896_T|A,22898_G|A,22910_A|G,22916_C|T,22917_T|G,22926_T|C,22928_T|C,22942_T|A,22992_G|A,22995_C|A,23005_T|A,23012_G|A,23018_T|C,23019_T|C,23039_C|G,23055_A|G,23063_A|T,23075_T|C,23222_G|A,23271_C|T,23403_A|G,23423_C|T,23525_C|T,23599_T|G,23604_C|G,23854_C|A,23948_G|T,24368_G|T,24378_C|T,24424_A|T,24469_T|A,24872_G|T,24990_C|T,25000_C|T,25207_C|T,25584_C|T,26060_C|T,26270_C|T,26529_G|C,26577_C|G,26610_A|G,26681_C|T,26709_G|A,26833_C|T,26858_C|T,27259_A|C,27382_G|C,27383_A|T,27384_T|C,27807_C|T,27810_T|C,28271_A|T,28311_C|T,28881_G|A,28882_G|A,28883_G|C,28958_C|A,29510_A|C,11288_11296,21633_21641,21765_21770,21992_21994,22194_22196,23009_23011,28362_28370,29734_29759,21608_.|TCATGCCGCTGT
USA/CA-CDPH-500146206/2025	XEQ	21_C|T,44_C|T,241_C|T,670_T|G,897_C|A,1685_G|A,2790_C|T,3037_C|T,3431_G|T,3565_T|C,4184_G|A,4321_C|T,6183_A|G,6701_C|T,7842_A|G,8293_C|T,8393_G|A,9344_C|T,9424_A|G,9534_C|T,10029_C|T,10198_C|T,10447_G|A,10449_C|A,11042_G|T,11727_G|A,12418_T|C,12789_C|T,12815_C|T,12880_C|T,13038_C|T,13339_T|C,14408_C|T,15714_C|T,15738_C|T,15756_T|A,16887_C|T,16943_G|T,17410_C|T,18163_A|G,18492_A|G,18894_C|T,19716_C|T,19955_C|T,20055_A|G,21618_C|T,21622_C|T,21624_G|C,21627_C|A,21711_C|T,21738_T|C,21941_G|T,21987_G|A,22032_T|C,22033_C|A,22034_A|G,22200_T|G,22208_C|T,22295_C|A,22353_C|A,22556_A|G,22577_G|C,22578_G|A,22599_G|C,22629_A|C,22674_C|T,22679_T|C,22686_C|T,22688_A|G,22770_G|A,22775_G|A,22786_A|C,22813_G|T,22882_T|G,22895_G|C,22896_T|A,22898_G|A,22910_A|G,22916_C|T,22917_T|G,22926_T|C,22928_T|C,22942_T|A,22992_G|A,22995_C|A,23005_T|A,23012_G|A,23018_T|C,23019_T|C,23039_C|G,23055_A|G,23063_A|T,23075_T|C,23222_G|A,23271_C|T,23326_A|T,23403_A|G,23423_C|T,23463_G|T,23525_C|T,23599_T|G,23604_C|G,23854_C|A,23948_G|T,24378_C|T,24424_A|T,24469_T|A,24872_G|T,24990_C|T,25000_C|T,25207_C|T,25584_C|T,26060_C|T,26270_C|T,26529_G|C,26577_C|G,26610_A|G,26681_C|T,26709_G|A,26833_C|T,26858_C|T,27259_A|C,27382_G|C,27383_A|T,27384_T|C,27807_C|T,27810_T|C,28077_G|T,28271_A|T,28311_C|T,28603_C|T,28881_G|A,28882_G|A,28883_G|C,28958_C|A,29510_A|C,11288_11296,21633_21641,21765_21770,21992_21994,22194_22196,23009_23011,28362_28370,29734_29759,21608_.|TCATGCCGCTGT
USA/CA-CDPH-500146213/2025	XEQ	21_C|T,44_C|T,241_C|T,670_T|G,897_C|A,2790_C|T,3037_C|T,3431_G|T,3565_T|C,4184_G|A,4321_C|T,6183_A|G,6701_C|T,7842_A|G,8293_C|T,8393_G|A,9344_C|T,9424_A|G,9534_C|T,10029_C|T,10198_C|T,10447_G|A,10449_C|A,11042_G|T,11727_G|A,12418_T|C,12789_C|T,12815_C|T,12880_C|T,13339_T|C,13551_C|T,14408_C|T,15714_C|T,15720_C|T,15756_T|A,16887_C|T,16943_G|T,17410_C|T,18163_A|G,18492_A|G,18894_C|T,19716_C|T,19955_C|T,20055_A|G,21618_C|T,21622_C|T,21624_G|C,21627_C|A,21711_C|T,21738_T|C,21941_G|T,21987_G|A,22032_T|C,22033_C|A,22034_A|G,22200_T|G,22208_C|T,22295_C|A,22353_C|A,22556_A|G,22577_G|C,22578_G|A,22599_G|C,22629_A|C,22674_C|T,22679_T|C,22686_C|T,22688_A|G,22770_G|A,22775_G|A,22786_A|C,22813_G|T,22882_T|G,22895_G|C,22896_T|A,22898_G|A,22910_A|G,22916_C|T,22917_T|G,22926_T|C,22928_T|C,22942_T|A,22992_G|A,22995_C|A,23005_T|A,23012_G|A,23018_T|C,23019_T|C,23039_C|G,23055_A|G,23063_A|T,23075_T|C,23222_G|A,23271_C|T,23403_A|G,23423_C|T,23525_C|T,23599_T|G,23604_C|G,23854_C|A,23948_G|T,24378_C|T,24424_A|T,24469_T|A,24872_G|T,24990_C|T,25000_C|T,25207_C|T,25584_C|T,26060_C|T,26270_C|T,26529_G|C,26577_C|G,26610_A|G,26681_C|T,26709_G|A,26833_C|T,26858_C|T,27259_A|C,27382_G|C,27383_A|T,27384_T|C,27807_C|T,27810_T|C,28271_A|T,28311_C|T,28881_G|A,28882_G|A,28883_G|C,28958_C|A,29510_A|C,11288_11296,21633_21641,21765_21770,21992_21994,22194_22196,23009_23011,28362_28370,29734_29759,21608_.|TCATGCCGCTGT
USA/CA-CDPH-500146329/2025	XEQ	241_C|T,670_T|G,897_C|A,2790_C|T,3037_C|T,3431_G|T,3565_T|C,4184_G|A,4321_C|T,6183_A|G,6701_C|T,7842_A|G,8293_C|T,8393_G|A,9344_C|T,9424_A|G,9534_C|T,10029_C|T,10198_C|T,10447_G|A,10449_C|A,11042_G|T,11727_G|A,12418_T|C,12789_C|T,12815_C|T,12880_C|T,13339_T|C,14408_C|T,15450_C|A,15714_C|T,15756_T|A,16887_C|T,16943_G|T,17410_C|T,18163_A|G,18492_A|G,18894_C|T,19716_C|T,19955_C|T,20055_A|G,21618_C|T,21622_C|T,21624_G|C,21627_C|A,21711_C|T,21738_T|C,21941_G|T,21987_G|A,22032_T|C,22033_C|A,22034_A|G,22200_T|G,22208_C|T,22295_C|A,22353_C|A,22556_A|G,22577_G|C,22578_G|A,22599_G|C,22629_A|C,22674_C|T,22679_T|C,22686_C|T,22688_A|G,22770_G|A,22775_G|A,22786_A|C,22813_G|T,22882_T|G,22895_G|C,22896_T|A,22898_G|A,22910_A|G,22916_C|T,22917_T|G,22926_T|C,22928_T|C,22942_T|A,22992_G|A,22995_C|A,23005_T|A,23012_G|A,23018_T|C,23019_T|C,23039_C|G,23055_A|G,23063_A|T,23075_T|C,23222_G|A,23271_C|T,23403_A|G,23423_C|T,23525_C|T,23599_T|G,23604_C|G,23854_C|A,23948_G|T,24378_C|T,24424_A|T,24469_T|A,24872_G|T,24990_C|T,25000_C|T,25207_C|T,25584_C|T,26060_C|T,26270_C|T,26529_G|C,26577_C|G,26610_A|G,26681_C|T,26709_G|A,26833_C|T,26858_C|T,27259_A|C,27382_G|C,27807_C|T,27810_T|C,28271_A|T,28311_C|T,28881_G|A,28882_G|A,28883_G|C,28958_C|A,29510_A|C,11288_11296,21633_21641,21765_21770,21992_21994,22194_22196,23009_23011,28362_28370,21608_.|TCATGCCGCTGT,27384_.|C
USA/CA-CDPH-500146359/2025	XEQ	241_C|T,670_T|G,897_C|A,2790_C|T,3037_C|T,3431_G|T,3565_T|C,4184_G|A,4321_C|T,6183_A|G,6701_C|T,7842_A|G,8293_C|T,8393_G|A,9344_C|T,9424_A|G,9534_C|T,10029_C|T,10198_C|T,10447_G|A,10449_C|A,11042_G|T,11727_G|A,12418_T|C,12789_C|T,12815_C|T,12880_C|T,13339_T|C,14408_C|T,15450_C|A,15714_C|T,15756_T|A,16887_C|T,16943_G|T,17410_C|T,18163_A|G,18492_A|G,18894_C|T,19716_C|T,19955_C|T,20055_A|G,21618_C|T,21622_C|T,21624_G|C,21627_C|A,21711_C|T,21738_T|C,21941_G|T,21987_G|A,22032_T|C,22033_C|A,22034_A|G,22200_T|G,22208_C|T,22295_C|A,22353_C|A,22556_A|G,22577_G|C,22578_G|A,22599_G|C,22629_A|C,22674_C|T,22679_T|C,22686_C|T,22688_A|G,22770_G|A,22775_G|A,22786_A|C,22813_G|T,22882_T|G,22895_G|C,22896_T|A,22898_G|A,22910_A|G,22916_C|T,22917_T|G,22926_T|C,22928_T|C,22942_T|A,22992_G|A,22995_C|A,23005_T|A,23012_G|A,23018_T|C,23019_T|C,23039_C|G,23055_A|G,23063_A|T,23075_T|C,23222_G|A,23271_C|T,23403_A|G,23423_C|T,23525_C|T,23599_T|G,23604_C|G,23854_C|A,23948_G|T,24368_G|T,24378_C|T,24424_A|T,24469_T|A,24872_G|T,24990_C|T,25000_C|T,25207_C|T,25584_C|T,26060_C|T,26270_C|T,26529_G|C,26577_C|G,26610_A|G,26681_C|T,26709_G|A,26833_C|T,26858_C|T,27259_A|C,27382_G|C,27383_A|T,27384_T|C,27807_C|T,27810_T|C,28271_A|T,28311_C|T,28881_G|A,28882_G|A,28883_G|C,28958_C|A,29510_A|C,11288_11296,21633_21641,21765_21770,21992_21994,22194_22196,23009_23011,28362_28370,21608_.|TCATGCCGCTGT
USA/CA-CDPH-500146495/2025	XEQ	21_C|T,44_C|T,241_C|T,670_T|G,897_C|A,2790_C|T,3037_C|T,3431_G|T,3565_T|C,4184_G|A,4321_C|T,6183_A|G,6701_C|T,7842_A|G,8293_C|T,8393_G|A,9344_C|T,9424_A|G,9534_C|T,10029_C|T,10198_C|T,10447_G|A,10449_C|A,11042_G|T,11727_G|A,12418_T|C,12789_C|T,12815_C|T,12880_C|T,13003_A|G,13339_T|C,13427_G|A,14408_C|T,15450_C|A,15714_C|T,15756_T|A,16887_C|T,16943_G|T,17410_C|T,18163_A|G,18492_A|G,18894_C|T,19716_C|T,19955_C|T,20055_A|G,21618_C|T,21622_C|T,21624_G|C,21627_C|A,21711_C|T,21738_T|C,21941_G|T,21987_G|A,22032_T|C,22033_C|A,22034_A|G,22200_T|G,22208_C|T,22295_C|A,22353_C|A,22556_A|G,22577_G|C,22578_G|A,22599_G|C,22629_A|C,22674_C|T,22679_T|C,22686_C|T,22688_A|G,22770_G|A,22775_G|A,22786_A|C,22813_G|T,22882_T|G,22895_G|C,22896_T|A,22898_G|A,22910_A|G,22916_C|T,22917_T|G,22926_T|C,22928_T|C,22942_T|A,22992_G|A,22995_C|A,23005_T|A,23012_G|A,23018_T|C,23019_T|C,23039_C|G,23055_A|G,23063_A|T,23075_T|C,23222_G|A,23271_C|T,23403_A|G,23423_C|T,23525_C|T,23599_T|G,23604_C|G,23683_C|T,23854_C|A,23948_G|T,24368_G|T,24378_C|T,24424_A|T,24469_T|A,24872_G|T,24990_C|T,25000_C|T,25207_C|T,25584_C|T,26060_C|T,26270_C|T,26529_G|C,26577_C|G,26610_A|G,26681_C|T,26709_G|A,26833_C|T,26858_C|T,27259_A|C,27382_G|C,27383_A|T,27384_T|C,27807_C|T,27810_T|C,28271_A|T,28311_C|T,28881_G|A,28882_G|A,28883_G|C,28958_C|A,29510_A|C,11288_11296,21633_21641,21765_21770,21992_21994,22194_22196,23009_23011,28362_28370,29734_29759,21608_.|TCATGCCGCTGT
USA/CA-CDPH-500146733/2025	XEQ	241_C|T,670_T|G,2790_C|T,3037_C|T,3431_G|T,3565_T|C,4184_G|A,4321_C|T,6183_A|G,6701_C|T,7842_A|G,7945_C|T,8293_C|T,8393_G|A,9344_C|T,9424_A|G,9534_C|T,10029_C|T,10198_C|T,10258_A|G,10447_G|A,10449_C|A,11042_G|T,11727_G|A,12418_T|C,12789_C|T,12815_C|T,12880_C|T,13339_T|C,14408_C|T,15714_C|T,15756_T|A,16887_C|T,16943_G|T,17410_C|T,18163_A|G,18492_A|G,18894_C|T,19716_C|T,19955_C|T,20055_A|G,21618_C|T,21622_C|T,21624_G|C,21627_C|A,21711_C|T,21738_T|C,21941_G|T,21987_G|A,22032_T|C,22033_C|A,22034_A|G,22200_T|G,22208_C|T,22295_C|A,22353_C|A,22444_C|T,22556_A|G,22577_G|C,22578_G|A,22599_G|C,22629_A|C,22674_C|T,22679_T|C,22686_C|T,22688_A|G,22770_G|A,22775_G|A,22786_A|C,22813_G|T,22882_T|G,22895_G|C,22896_T|A,22898_G|A,22910_A|G,22916_C|T,22917_T|G,22926_T|C,22928_T|C,22942_T|A,22992_G|A,22995_C|A,23005_T|A,23012_G|A,23018_T|C,23019_T|C,23039_C|G,23055_A|G,23063_A|T,23075_T|C,23222_G|A,23271_C|T,23403_A|G,23423_C|T,23525_C|T,23599_T|G,23604_C|G,23609_C|T,23854_C|A,23948_G|T,24378_C|T,24424_A|T,24469_T|A,24872_G|T,24990_C|T,25000_C|T,25207_C|T,25584_C|T,26060_C|T,26270_C|T,26529_G|C,26539_G|A,26577_C|G,26610_A|G,26681_C|T,26709_G|A,26833_C|T,26858_C|T,27259_A|C,27382_G|C,27383_A|T,27384_T|C,27807_C|T,27810_T|C,28271_A|T,28311_C|T,28881_G|A,28882_G|A,28883_G|C,28958_C|A,29510_A|C,11288_11296,21633_21641,21765_21770,21992_21994,22194_22196,23009_23011,28362_28370,21608_.|TCATGCCGCTGT
USA/CA-CDPH-500146881/2025	XEQ	241_C|T,2790_C|T,3037_C|T,3431_G|T,3565_T|C,4184_G|A,4321_C|T,6183_A|G,6310_C|T,6701_C|T,7528_C|T,7842_A|G,8293_C|T,8393_G|A,9344_C|T,9424_A|G,9534_C|T,10029_C|T,10198_C|T,10447_G|A,10449_C|A,11042_G|T,11727_G|A,12418_T|C,12789_C|T,12815_C|T,12880_C|T,13339_T|C,13551_C|T,14408_C|T,15714_C|T,15756_T|A,16887_C|T,16943_G|T,17410_C|T,18163_A|G,18492_A|G,18894_C|T,19716_C|T,19955_C|T,20055_A|G,21618_C|T,21622_C|T,21624_G|C,21627_C|A,21711_C|T,21738_T|C,21941_G|T,21987_G|A,22032_T|C,22033_C|A,22034_A|G,22200_T|G,22208_C|T,22295_C|A,22353_C|A,22556_A|G,22577_G|C,22578_G|A,22599_G|C,22629_A|C,22674_C|T,22679_T|C,22686_C|T,22688_A|G,22770_G|A,22775_G|A,22786_A|C,22813_G|T,22882_T|G,22895_G|C,22896_T|A,22898_G|A,22910_A|G,22916_C|T,22917_T|G,22926_T|C,22928_T|C,22942_T|A,22992_G|A,22995_C|A,23005_T|A,23012_G|A,23018_T|C,23019_T|C,23039_C|G,23055_A|G,23063_A|T,23075_T|C,23222_G|A,23271_C|T,23403_A|G,23423_C|T,23525_C|T,23599_T|G,23604_C|G,23854_C|A,23948_G|T,24378_C|T,24424_A|T,24469_T|A,24872_G|T,24990_C|T,25000_C|T,25207_C|T,25584_C|T,26060_C|T,26270_C|T,26529_G|C,26577_C|G,26681_C|T,26709_G|A,26833_C|T,26858_C|T,27259_A|C,27382_G|C,27383_A|T,27384_T|C,27807_C|T,27810_T|C,28271_A|T,28311_C|T,28881_G|A,28882_G|A,28883_G|C,28958_C|A,29510_A|C,11288_11296,21633_21641,21765_21770,21992_21994,22194_22196,23009_23011,28362_28370,21608_.|TCATGCCGCTGT
USA/CA-CDPH-500147188/2025	XEQ	241_C|T,670_T|G,897_C|A,2790_C|T,2805_A|G,3037_C|T,3431_G|T,3565_T|C,4184_G|A,4321_C|T,6183_A|G,6701_C|T,7842_A|G,8293_C|T,8393_G|A,9344_C|T,9424_A|G,9534_C|T,10029_C|T,10198_C|T,10447_G|A,10449_C|A,11042_G|T,11727_G|A,12418_T|C,12789_C|T,12815_C|T,12880_C|T,13339_T|C,14408_C|T,15714_C|T,15756_T|A,16887_C|T,16943_G|T,17410_C|T,18163_A|G,18492_A|G,18894_C|T,19716_C|T,19955_C|T,20055_A|G,21618_C|T,21622_C|T,21624_G|C,21627_C|A,21711_C|T,21738_T|C,21941_G|T,21987_G|A,22032_T|C,22033_C|A,22034_A|G,22200_T|G,22208_C|T,22295_C|A,22353_C|A,22556_A|G,22577_G|C,22578_G|A,22599_G|C,22629_A|C,22674_C|T,22679_T|C,22686_C|T,22688_A|G,22770_G|A,22775_G|A,22786_A|C,22813_G|T,22882_T|G,22895_G|C,22896_T|A,22898_G|A,22910_A|G,22916_C|T,22917_T|G,22926_T|C,22928_T|C,22942_T|A,22992_G|A,22995_C|A,23005_T|A,23012_G|A,23018_T|C,23019_T|C,23039_C|G,23055_A|G,23063_A|T,23075_T|C,23222_G|A,23271_C|T,23403_A|G,23423_C|T,23525_C|T,23599_T|G,23604_C|G,23854_C|A,23948_G|T,24378_C|T,24424_A|T,24469_T|A,24872_G|T,24990_C|T,25000_C|T,25207_C|T,25584_C|T,26060_C|T,26270_C|T,26529_G|C,26577_C|G,26610_A|G,26681_C|T,26709_G|A,26735_C|T,26833_C|T,26858_C|T,27259_A|C,27382_G|C,27383_A|T,27384_T|C,27807_C|T,27810_T|C,28271_A|T,28311_C|T,28881_G|A,28882_G|A,28883_G|C,28958_C|A,29510_A|C,11288_11296,21633_21641,21765_21770,21992_21994,22194_22196,23009_23011,28362_28370,21608_.|TCATGCCGCTGT
USA/CA-CDPH-6000021528/2024	XEQ	241_C|T,670_T|G,897_C|A,2081_G|T,2790_C|T,3037_C|T,3431_G|T,3565_T|C,4184_G|A,4321_C|T,6183_A|G,6278_C|T,6701_C|T,7842_A|G,8293_C|T,8393_G|A,9344_C|T,9424_A|G,9534_C|T,10029_C|T,10198_C|T,10447_G|A,10449_C|A,11042_G|T,11727_G|A,12418_T|C,12789_C|T,12815_C|T,12880_C|T,13339_T|C,14408_C|T,15450_C|A,15714_C|T,15756_T|A,16887_C|T,16943_G|T,17410_C|T,18163_A|G,18492_A|G,18894_C|T,19716_C|T,19955_C|T,20055_A|G,21618_C|T,21622_C|T,21624_G|C,21627_C|A,21711_C|T,21738_T|C,21941_G|T,21987_G|A,22032_T|C,22033_C|A,22034_A|G,22200_T|G,22208_C|T,22295_C|A,22353_C|A,22556_A|G,22577_G|C,22578_G|A,22599_G|C,22629_A|C,22674_C|T,22679_T|C,22686_C|T,22688_A|G,22770_G|A,22775_G|A,22786_A|C,22813_G|T,22882_T|G,22895_G|C,22896_T|A,22898_G|A,22910_A|G,22916_C|T,22917_T|G,22926_T|C,22928_T|C,22942_T|A,22992_G|A,22995_C|A,23005_T|A,23012_G|A,23018_T|C,23019_T|C,23039_C|G,23055_A|G,23063_A|T,23075_T|C,23222_G|A,23271_C|T,23403_A|G,23423_C|T,23525_C|T,23599_T|G,23604_C|G,23854_C|A,23948_G|T,24378_C|T,24424_A|T,24469_T|A,24872_G|T,24990_C|T,25000_C|T,25207_C|T,25584_C|T,26060_C|T,26270_C|T,26529_G|C,26577_C|G,26610_A|G,26681_C|T,26709_G|A,26833_C|T,26858_C|T,27259_A|C,27382_G|C,27383_A|T,27384_T|C,27807_C|T,27810_T|C,28271_A|T,28311_C|T,28881_G|A,28882_G|A,28883_G|C,28958_C|A,29510_A|C,11288_11296,21633_21641,21765_21770,21992_21994,22194_22196,23009_23011,28362_28370,21608_.|TCATGCCGCTGT
USA/CA-LACPHL-AY09122/2024	XEQ	241_C|T,670_T|G,897_C|A,2790_C|T,3037_C|T,3431_G|T,3565_T|C,4184_G|A,4321_C|T,6183_A|G,6701_C|T,7842_A|G,8293_C|T,8393_G|A,9344_C|T,9424_A|G,9534_C|T,10029_C|T,10198_C|T,10447_G|A,10449_C|A,11042_G|T,11727_G|A,12418_T|C,12651_C|T,12789_C|T,12815_C|T,12880_C|T,13339_T|C,14408_C|T,15714_C|T,15756_T|A,16887_C|T,16943_G|T,17410_C|T,18163_A|G,18492_A|G,18894_C|T,19017_C|T,19716_C|T,19955_C|T,20055_A|G,21618_C|T,21622_C|T,21624_G|C,21627_C|A,21711_C|T,21738_T|C,21941_G|T,21987_G|A,22032_T|C,22033_C|A,22034_A|G,22200_T|G,22208_C|T,22295_C|A,22353_C|A,22556_A|G,22577_G|C,22578_G|A,22599_G|C,22629_A|C,22674_C|T,22679_T|C,22686_C|T,22688_A|G,22770_G|A,22775_G|A,22786_A|C,22813_G|T,22882_T|G,22895_G|C,22896_T|A,22898_G|A,22910_A|G,22916_C|T,22917_T|G,22926_T|C,22928_T|C,22942_T|A,22992_G|A,22995_C|A,23005_T|A,23012_G|A,23018_T|C,23019_T|C,23039_C|G,23055_A|G,23063_A|T,23075_T|C,23222_G|A,23271_C|T,23403_A|G,23423_C|T,23525_C|T,23599_T|G,23604_C|G,23854_C|A,23948_G|T,24378_C|T,24424_A|T,24469_T|A,24872_G|T,24990_C|T,25000_C|T,25207_C|T,25584_C|T,26060_C|T,26270_C|T,26529_G|C,26577_C|G,26610_A|G,26681_C|T,26709_G|A,26833_C|T,26858_C|T,27259_A|C,27382_G|C,27383_A|T,27384_T|C,27807_C|T,27810_T|C,28271_A|T,28311_C|T,28881_G|A,28882_G|A,28883_G|C,28958_C|A,29510_A|C,11288_11296,21633_21641,21765_21770,21992_21994,22194_22196,23009_23011,28362_28370,29734_29759,21608_.|TCATGCCGCTGT
USA/CA-LACPHL-AY09125/2024	XEQ	241_C|T,670_T|G,897_C|A,2790_C|T,3037_C|T,3431_G|T,3565_T|C,4184_G|A,4321_C|T,6183_A|G,6701_C|T,7842_A|G,8293_C|T,8393_G|A,9344_C|T,9424_A|G,9534_C|T,10029_C|T,10198_C|T,10447_G|A,10449_C|A,11042_G|T,11727_G|A,12418_T|C,12651_C|T,12789_C|T,12815_C|T,12880_C|T,13339_T|C,14408_C|T,15714_C|T,15756_T|A,16887_C|T,16943_G|T,17410_C|T,18163_A|G,18492_A|G,18894_C|T,19017_C|T,19716_C|T,19955_C|T,20055_A|G,21618_C|T,21622_C|T,21624_G|C,21627_C|A,21711_C|T,21738_T|C,21941_G|T,21987_G|A,22032_T|C,22033_C|A,22034_A|G,22200_T|G,22208_C|T,22295_C|A,22353_C|A,22556_A|G,22577_G|C,22578_G|A,22599_G|C,22629_A|C,22674_C|T,22679_T|C,22686_C|T,22688_A|G,22770_G|A,22775_G|A,22786_A|C,22813_G|T,22882_T|G,22895_G|C,22896_T|A,22898_G|A,22910_A|G,22916_C|T,22917_T|G,22926_T|C,22928_T|C,22942_T|A,22992_G|A,22995_C|A,23005_T|A,23012_G|A,23018_T|C,23019_T|C,23039_C|G,23055_A|G,23063_A|T,23075_T|C,23222_G|A,23271_C|T,23403_A|G,23423_C|T,23525_C|T,23599_T|G,23604_C|G,23854_C|A,23948_G|T,24378_C|T,24424_A|T,24469_T|A,24872_G|T,24990_C|T,25000_C|T,25207_C|T,25584_C|T,26060_C|T,26270_C|T,26529_G|C,26577_C|G,26610_A|G,26681_C|T,26709_G|A,26833_C|T,26858_C|T,27259_A|C,27382_G|C,27383_A|T,27384_T|C,27807_C|T,27810_T|C,28271_A|T,28311_C|T,28881_G|A,28882_G|A,28883_G|C,28958_C|A,29510_A|C,11288_11296,21633_21641,21765_21770,21992_21994,22194_22196,23009_23011,28362_28370,29734_29759,21607_.|GNNNNNNNNNNN
USA/CA-LACPHL-AY09155/2024	XEQ	44_C|T,241_C|T,670_T|G,897_C|A,2790_C|T,3037_C|T,3431_G|T,3565_T|C,4184_G|A,4321_C|T,6183_A|G,6701_C|T,7842_A|G,8293_C|T,8393_G|A,9344_C|T,9424_A|G,9534_C|T,10029_C|T,10198_C|T,10447_G|A,10449_C|A,11042_G|T,11727_G|A,12418_T|C,12789_C|T,12815_C|T,12880_C|T,13339_T|C,14408_C|T,15714_C|T,15756_T|A,16887_C|T,16943_G|T,17410_C|T,18163_A|G,18492_A|G,18894_C|T,19017_C|T,19716_C|T,19955_C|T,20055_A|G,21618_C|T,21622_C|T,21624_G|C,21627_C|A,21711_C|T,21738_T|C,21941_G|T,21987_G|A,22032_T|C,22033_C|A,22034_A|G,22200_T|G,22208_C|T,22295_C|A,22353_C|A,22556_A|G,22577_G|C,22578_G|A,22599_G|C,22629_A|C,22674_C|T,22679_T|C,22686_C|T,22688_A|G,22775_G|A,22786_A|C,22813_G|T,22882_T|G,22895_G|C,22896_T|A,22898_G|A,22910_A|G,22916_C|T,22917_T|G,22926_T|C,22928_T|C,22942_T|A,22992_G|A,22995_C|A,23005_T|A,23012_G|A,23018_T|C,23019_T|C,23039_C|G,23055_A|G,23063_A|T,23075_T|C,23222_G|A,23271_C|T,23403_A|G,23423_C|T,23525_C|T,23599_T|G,23604_C|G,23854_C|A,23948_G|T,24378_C|T,24424_A|T,24469_T|A,24872_G|T,24990_C|T,25000_C|T,25207_C|T,25584_C|T,26060_C|T,26270_C|T,26529_G|C,26577_C|G,26610_A|G,26681_C|T,26709_G|A,26833_C|T,26858_C|T,27259_A|C,27382_G|C,27383_A|T,27384_T|C,27807_C|T,27810_T|C,28271_A|T,28311_C|T,28881_G|A,28882_G|A,28883_G|C,28958_C|A,29510_A|C,11288_11296,21633_21641,21765_21770,21992_21994,22194_22196,23009_23011,28362_28370,29734_29759,21608_.|TCATGCCGCTGT
USA/CA-LACPHL-AY09180/2024	XEQ	241_C|T,670_T|G,897_C|A,1348_C|T,2790_C|T,3037_C|T,3431_G|T,3565_T|C,4184_G|A,4321_C|T,6183_A|G,6701_C|T,7842_A|G,8293_C|T,8393_G|A,9344_C|T,9424_A|G,9534_C|T,9814_T|C,10029_C|T,10198_C|T,10447_G|A,10449_C|A,11042_G|T,11124_C|T,11727_G|A,12418_T|C,12789_C|T,12815_C|T,12880_C|T,13339_T|C,14408_C|T,15714_C|T,15756_T|A,16887_C|T,16943_G|T,17410_C|T,18163_A|G,18492_A|G,18894_C|T,19716_C|T,19955_C|T,20055_A|G,21618_C|T,21622_C|T,21624_G|C,21627_C|A,21711_C|T,21738_T|C,21941_G|T,21987_G|A,22032_T|C,22033_C|A,22034_A|G,22200_T|G,22208_C|T,22295_C|A,22353_C|A,22556_A|G,22577_G|C,22578_G|A,22599_G|C,22629_A|C,22674_C|T,22679_T|C,22684_T|C,22686_C|T,22688_A|G,22770_G|A,22775_G|A,22786_A|C,22813_G|T,22882_T|G,22895_G|C,22896_T|A,22898_G|A,22910_A|G,22916_C|T,22917_T|G,22926_T|C,22928_T|C,22942_T|A,22992_G|A,22995_C|A,23005_T|A,23012_G|A,23018_T|C,23019_T|C,23039_C|G,23055_A|G,23063_A|T,23075_T|C,23222_G|A,23271_C|T,23403_A|G,23423_C|T,23525_C|T,23599_T|G,23604_C|G,23854_C|A,23948_G|T,24378_C|T,24424_A|T,24469_T|A,24872_G|T,24990_C|T,25000_C|T,25207_C|T,25584_C|T,26060_C|T,26270_C|T,26529_G|C,26577_C|G,26610_A|G,26681_C|T,26709_G|A,26833_C|T,26858_C|T,27259_A|C,27382_G|C,27383_A|T,27384_T|C,27807_C|T,27810_T|C,28271_A|T,28311_C|T,28881_G|A,28882_G|A,28883_G|C,28958_C|A,29510_A|C,11288_11296,21633_21641,21765_21770,21992_21994,22194_22196,23009_23011,28362_28370,29734_29759,21608_.|TCATGCCGCTGT
USA/CA-LACPHL-AY09266/2024	XEQ	241_C|T,670_T|G,897_C|A,2790_C|T,3037_C|T,3431_G|T,3565_T|C,4184_G|A,4321_C|T,6183_A|G,6701_C|T,7842_A|G,8293_C|T,8393_G|A,9344_C|T,9424_A|G,9534_C|T,10029_C|T,10198_C|T,10447_G|A,10449_C|A,11042_G|T,11727_G|A,12418_T|C,12789_C|T,12815_C|T,12880_C|T,13339_T|C,14408_C|T,15714_C|T,15756_T|A,16289_C|T,16887_C|T,16943_G|T,17410_C|T,18163_A|G,18492_A|G,18796_C|T,18894_C|T,19017_C|T,19716_C|T,19955_C|T,20055_A|G,21618_C|T,21622_C|T,21624_G|C,21627_C|A,21711_C|T,21738_T|C,21941_G|T,21987_G|A,22032_T|C,22033_C|A,22034_A|G,22200_T|G,22208_C|T,22295_C|A,22353_C|A,22556_A|G,22577_G|C,22578_G|A,22599_G|C,22629_A|C,22674_C|T,22679_T|C,22686_C|T,22688_A|G,22770_G|A,22775_G|A,22786_A|C,22813_G|T,22882_T|G,22895_G|C,22896_T|A,22898_G|A,22910_A|G,22916_C|T,22917_T|G,22926_T|C,22928_T|C,22942_T|A,22992_G|A,22995_C|A,23005_T|A,23012_G|A,23018_T|C,23019_T|C,23039_C|G,23055_A|G,23063_A|T,23075_T|C,23222_G|A,23271_C|T,23403_A|G,23423_C|T,23525_C|T,23599_T|G,23604_C|G,23854_C|A,23948_G|T,24378_C|T,24424_A|T,24469_T|A,24872_G|T,24990_C|T,25000_C|T,25207_C|T,25584_C|T,26060_C|T,26270_C|T,26529_G|C,26577_C|G,26610_A|G,26681_C|T,26709_G|A,26833_C|T,26858_C|T,27259_A|C,27382_G|C,27383_A|T,27384_T|C,27807_C|T,27810_T|C,28271_A|T,28311_C|T,28881_G|A,28882_G|A,28883_G|C,28958_C|A,29510_A|C,11288_11296,21633_21641,21765_21770,21992_21994,22194_22196,23009_23011,28362_28370,29734_29759,21608_.|TCATGCCGCTGT
USA/CA-LACPHL-AY09269/2024	XEQ	241_C|T,670_T|G,897_C|A,2790_C|T,3037_C|T,3431_G|T,3565_T|C,4184_G|A,4321_C|T,6183_A|G,6701_C|T,7842_A|G,8293_C|T,8393_G|A,9050_C|T,9344_C|T,9424_A|G,9534_C|T,10029_C|T,10198_C|T,10447_G|A,10449_C|A,11042_G|T,11727_G|A,12418_T|C,12789_C|T,12815_C|T,12880_C|T,13339_T|C,14408_C|T,15714_C|T,15756_T|A,16887_C|T,16943_G|T,17410_C|T,18163_A|G,18492_A|G,18894_C|T,19017_C|T,19716_C|T,19955_C|T,20055_A|G,21618_C|T,21622_C|T,21624_G|C,21627_C|A,21711_C|T,21738_T|C,21941_G|T,21987_G|A,22032_T|C,22033_C|A,22034_A|G,22200_T|G,22208_C|T,22295_C|A,22353_C|A,22556_A|G,22577_G|C,22578_G|A,22599_G|C,22629_A|C,22674_C|T,22679_T|C,22686_C|T,22688_A|G,22770_G|A,22775_G|A,22786_A|C,22813_G|T,22882_T|G,22895_G|C,22896_T|A,22898_G|A,22910_A|G,22916_C|T,22917_T|G,22926_T|C,22928_T|C,22942_T|A,22992_G|A,22995_C|A,23005_T|A,23012_G|A,23018_T|C,23019_T|C,23039_C|G,23055_A|G,23063_A|T,23075_T|C,23222_G|A,23271_C|T,23403_A|G,23423_C|T,23525_C|T,23599_T|G,23604_C|G,23854_C|A,23948_G|T,24378_C|T,24424_A|T,24469_T|A,24872_G|T,24990_C|T,25000_C|T,25207_C|T,25584_C|T,26060_C|T,26270_C|T,26529_G|C,26577_C|G,26610_A|G,26681_C|T,26709_G|A,26833_C|T,26858_C|T,27259_A|C,27382_G|C,27383_A|T,27384_T|C,27807_C|T,27810_T|C,28271_A|T,28311_C|T,28881_G|A,28882_G|A,28883_G|C,28958_C|A,29510_A|C,11288_11296,21633_21641,21765_21770,21992_21994,22194_22196,23009_23011,28362_28370,29734_29759,21608_.|TCATGCCGCTGT
USA/CA-LACPHL-AY09430/2024	XEQ	21_C|T,44_C|T,241_C|T,670_T|G,897_C|A,2790_C|T,3037_C|T,3431_G|T,3565_T|C,4184_G|A,4321_C|T,6183_A|G,6701_C|T,7842_A|G,8293_C|T,8393_G|A,9050_C|T,9344_C|T,9424_A|G,9534_C|T,10029_C|T,10198_C|T,10447_G|A,10449_C|A,11042_G|T,11727_G|A,12418_T|C,12789_C|T,12815_C|T,12880_C|T,13339_T|C,14408_C|T,15714_C|T,15756_T|A,16887_C|T,16943_G|T,17410_C|T,18163_A|G,18492_A|G,18894_C|T,19017_C|T,19716_C|T,19955_C|T,20055_A|G,21618_C|T,21622_C|T,21624_G|C,21627_C|A,21711_C|T,21738_T|C,21941_G|T,21987_G|A,22032_T|C,22033_C|A,22034_A|G,22200_T|G,22208_C|T,22295_C|A,22353_C|A,22556_A|G,22577_G|C,22578_G|A,22599_G|C,22629_A|C,22674_C|T,22679_T|C,22686_C|T,22688_A|G,22770_G|A,22775_G|A,22786_A|C,22813_G|T,22882_T|G,22895_G|C,22896_T|A,22898_G|A,22910_A|G,22916_C|T,22917_T|G,22926_T|C,22928_T|C,22942_T|A,22992_G|A,22995_C|A,23005_T|A,23012_G|A,23018_T|C,23019_T|C,23039_C|G,23055_A|G,23063_A|T,23075_T|C,23222_G|A,23271_C|T,23403_A|G,23423_C|T,23525_C|T,23599_T|G,23604_C|G,23854_C|A,23948_G|T,24378_C|T,24424_A|T,24469_T|A,24872_G|T,24990_C|T,25000_C|T,25207_C|T,25584_C|T,26060_C|T,26270_C|T,26529_G|C,26577_C|G,26610_A|G,26681_C|T,26709_G|A,26833_C|T,26858_C|T,27259_A|C,27382_G|C,27383_A|T,27384_T|C,27807_C|T,27810_T|C,28271_A|T,28311_C|T,28881_G|A,28882_G|A,28883_G|C,28958_C|A,29510_A|C,11288_11296,21633_21641,21765_21770,21992_21994,22194_22196,23009_23011,28362_28370,29734_29759,21607_.|GNNNNNNNNNNN
USA/CA-LACPHL-AY09526/2024	XEQ	241_C|T,670_T|G,897_C|A,2790_C|T,3037_C|T,3431_G|T,3565_T|C,4184_G|A,4321_C|T,6183_A|G,6701_C|T,7842_A|G,8293_C|T,8393_G|A,9344_C|T,9424_A|G,9534_C|T,10029_C|T,10198_C|T,10447_G|A,10449_C|A,11042_G|T,11727_G|A,12418_T|C,12789_C|T,12815_C|T,12880_C|T,13339_T|C,14408_C|T,15714_C|T,15756_T|A,16887_C|T,16943_G|T,17410_C|T,18163_A|G,18492_A|G,18894_C|T,19017_C|T,19716_C|T,19955_C|T,20055_A|G,21618_C|T,21622_C|T,21624_G|C,21627_C|A,21711_C|T,21738_T|C,21941_G|T,21987_G|A,22032_T|C,22033_C|A,22034_A|G,22200_T|G,22208_C|T,22295_C|A,22353_C|A,22556_A|G,22577_G|C,22578_G|A,22599_G|C,22629_A|C,22674_C|T,22679_T|C,22686_C|T,22688_A|G,22770_G|A,22775_G|A,22786_A|C,22813_G|T,22882_T|G,22895_G|C,22896_T|A,22898_G|A,22910_A|G,22916_C|T,22917_T|G,22926_T|C,22928_T|C,22942_T|A,22992_G|A,22995_C|A,23005_T|A,23012_G|A,23018_T|C,23019_T|C,23039_C|G,23055_A|G,23063_A|T,23075_T|C,23222_G|A,23271_C|T,23403_A|G,23423_C|T,23525_C|T,23599_T|G,23604_C|G,23854_C|A,23948_G|T,24378_C|T,24424_A|T,24469_T|A,24872_G|T,24990_C|T,25000_C|T,25207_C|T,25584_C|T,26060_C|T,26270_C|T,26529_G|C,26577_C|G,26610_A|G,26681_C|T,26709_G|A,26833_C|T,26858_C|T,27259_A|C,27382_G|C,27383_A|T,27384_T|C,27807_C|T,27810_T|C,28271_A|T,28311_C|T,28881_G|A,28882_G|A,28883_G|C,28958_C|A,29510_A|C,509_523,11288_11296,21633_21641,21765_21770,21992_21994,22194_22196,23009_23011,28362_28370,29734_29759,21607_.|GNNNNNNNNNNN
USA/CA-LACPHL-AY09599/2024	XEQ	21_C|T,44_C|T,241_C|T,670_T|G,897_C|A,2790_C|T,3037_C|T,3431_G|T,3565_T|C,4184_G|A,4321_C|T,6183_A|G,6701_C|T,7842_A|G,8293_C|T,8393_G|A,9344_C|T,9424_A|G,9534_C|T,10029_C|T,10198_C|T,10447_G|A,10449_C|A,11042_G|T,11727_G|A,12418_T|C,12789_C|T,12815_C|T,12880_C|T,13339_T|C,14408_C|T,15212_C|T,15714_C|T,15756_T|A,15882_T|A,16887_C|T,16943_G|T,17410_C|T,18163_A|G,18492_A|G,18894_C|T,19716_C|T,19955_C|T,20055_A|G,21618_C|T,21622_C|T,21624_G|C,21627_C|A,21711_C|T,21738_T|C,21941_G|T,21987_G|A,22032_T|C,22033_C|A,22034_A|G,22200_T|G,22208_C|T,22295_C|A,22353_C|A,22556_A|G,22577_G|C,22578_G|A,22599_G|C,22629_A|C,22674_C|T,22679_T|C,22686_C|T,22688_A|G,22770_G|A,22775_G|A,22786_A|C,22813_G|T,22882_T|G,22895_G|C,22896_T|A,22898_G|A,22910_A|G,22916_C|T,22917_T|G,22926_T|C,22928_T|C,22942_T|A,22992_G|A,22995_C|A,23005_T|A,23012_G|A,23018_T|C,23019_T|C,23039_C|G,23055_A|G,23063_A|T,23075_T|C,23222_G|A,23271_C|T,23403_A|G,23423_C|T,23525_C|T,23599_T|G,23604_C|G,23854_C|A,23948_G|T,24378_C|T,24424_A|T,24469_T|A,24872_G|T,24990_C|T,25000_C|T,25207_C|T,25584_C|T,26060_C|T,26270_C|T,26529_G|C,26577_C|G,26610_A|G,26681_C|T,26709_G|A,26833_C|T,26858_C|T,27259_A|C,27382_G|C,27383_A|T,27384_T|C,27807_C|T,27810_T|C,28271_A|T,28311_C|T,28881_G|A,28882_G|A,28883_G|C,28958_C|A,29510_A|C,11288_11296,21633_21641,21765_21770,21992_21994,22194_22196,23009_23011,28362_28370,29734_29759,21608_.|TCATGCCGCTGT
USA/CA-LACPHL-AY09684/2024	XEQ	241_C|T,897_C|A,2790_C|T,3037_C|T,3431_G|T,3565_T|C,4184_G|A,4321_C|T,6183_A|G,6701_C|T,7842_A|G,8293_C|T,8393_G|A,9050_C|T,9344_C|T,9424_A|G,9534_C|T,10029_C|T,10198_C|T,10447_G|A,10449_C|A,11042_G|T,11727_G|A,12418_T|C,12789_C|T,12815_C|T,12880_C|T,13339_T|C,14408_C|T,15714_C|T,15756_T|A,16887_C|T,16943_G|T,17410_C|T,18163_A|G,18492_A|G,18894_C|T,19017_C|T,19716_C|T,19955_C|T,20055_A|G,21618_C|T,21622_C|T,21624_G|C,21627_C|A,21711_C|T,21738_T|C,21941_G|T,21987_G|A,22032_T|C,22033_C|A,22034_A|G,22200_T|G,22208_C|T,22295_C|A,22353_C|A,22556_A|G,22577_G|C,22578_G|A,22599_G|C,22629_A|C,22674_C|T,22679_T|C,22686_C|T,22688_A|G,22770_G|A,22775_G|A,22786_A|C,22813_G|T,22882_T|G,22895_G|C,22896_T|A,22898_G|A,22910_A|G,22916_C|T,22917_T|G,22926_T|C,22928_T|C,22942_T|A,22981_T|C,22992_G|A,22995_C|A,23005_T|A,23012_G|A,23018_T|C,23019_T|C,23039_C|G,23055_A|G,23063_A|T,23075_T|C,23222_G|A,23271_C|T,23403_A|G,23423_C|T,23525_C|T,23599_T|G,23604_C|G,23854_C|A,23948_G|T,24378_C|T,24424_A|T,24469_T|A,24872_G|T,24990_C|T,25000_C|T,25207_C|T,25584_C|T,26060_C|T,26270_C|T,26529_G|C,26577_C|G,26610_A|G,26681_C|T,26709_G|A,26833_C|T,26858_C|T,27259_A|C,27382_G|C,27383_A|T,27384_T|C,27807_C|T,27810_T|C,28271_A|T,28311_C|T,28881_G|A,28882_G|A,28883_G|C,28958_C|A,29510_A|C,11288_11296,21633_21641,21765_21770,21992_21994,22194_22196,23009_23011,28362_28370,21608_.|TCATGCCGCTGT
USA/CA-LACPHL-AY09835/2025	XEQ	241_C|T,670_T|G,897_C|A,2239_A|G,2790_C|T,3037_C|T,3431_G|T,3565_T|C,4184_G|A,4321_C|T,6183_A|G,6701_C|T,7842_A|G,8293_C|T,8393_G|A,9050_C|T,9344_C|T,9424_A|G,9534_C|T,10029_C|T,10198_C|T,10447_G|A,10449_C|A,11042_G|T,11727_G|A,12418_T|C,12789_C|T,12815_C|T,12880_C|T,13339_T|C,14408_C|T,15714_C|T,15756_T|A,16887_C|T,16943_G|T,17410_C|T,18163_A|G,18492_A|G,18894_C|T,19017_C|T,19716_C|T,19955_C|T,20055_A|G,21618_C|T,21622_C|T,21624_G|C,21627_C|A,21711_C|T,21738_T|C,21941_G|T,21987_G|A,22032_T|C,22033_C|A,22034_A|G,22200_T|G,22208_C|T,22295_C|A,22353_C|A,22556_A|G,22577_G|C,22578_G|A,22599_G|C,22629_A|C,22674_C|T,22679_T|C,22686_C|T,22688_A|G,22770_G|A,22775_G|A,22786_A|C,22813_G|T,22882_T|G,22895_G|C,22896_T|A,22898_G|A,22910_A|G,22916_C|T,22917_T|G,22926_T|C,22928_T|C,22942_T|A,22992_G|A,22995_C|A,23005_T|A,23012_G|A,23018_T|C,23019_T|C,23039_C|G,23055_A|G,23063_A|T,23075_T|C,23222_G|A,23271_C|T,23403_A|G,23423_C|T,23525_C|T,23599_T|G,23604_C|G,23854_C|A,23948_G|T,24378_C|T,24424_A|T,24469_T|A,24872_G|T,24990_C|T,25000_C|T,25207_C|T,25584_C|T,26060_C|T,26270_C|T,26529_G|C,26577_C|G,26681_C|T,26833_C|T,26858_C|T,27259_A|C,27382_G|C,27383_A|T,27384_T|C,27807_C|T,27810_T|C,28271_A|T,28311_C|T,28881_G|A,28882_G|A,28883_G|C,28958_C|A,29510_A|C,11288_11296,21633_21641,21765_21770,21992_21994,22194_22196,23009_23011,28362_28370,21608_.|TCATGCCGCTGT
USA/CA-LACPHL-AY09962/2025	XEQ	241_C|T,670_T|G,897_C|A,2790_C|T,3037_C|T,3431_G|T,3565_T|C,4184_G|A,4321_C|T,6183_A|G,6701_C|T,7842_A|G,8293_C|T,8393_G|A,8746_T|C,9344_C|T,9424_A|G,9534_C|T,10029_C|T,10198_C|T,10340_C|T,10447_G|A,10449_C|A,11042_G|T,11727_G|A,12418_T|C,12789_C|T,12815_C|T,12880_C|T,13339_T|C,14408_C|T,15714_C|T,15756_T|A,16392_T|C,16887_C|T,16943_G|T,17410_C|T,18163_A|G,18492_A|G,18894_C|T,19017_C|T,19716_C|T,19955_C|T,20055_A|G,21618_C|T,21622_C|T,21624_G|C,21627_C|A,21711_C|T,21738_T|C,21941_G|T,21987_G|A,22032_T|C,22033_C|A,22034_A|G,22200_T|G,22208_C|T,22295_C|A,22353_C|A,22556_A|G,22577_G|C,22578_G|A,22599_G|C,22629_A|C,22674_C|T,22679_T|C,22686_C|T,22688_A|G,22770_G|A,22775_G|A,22786_A|C,22813_G|T,22882_T|G,22895_G|C,22896_T|A,22898_G|A,22910_A|G,22916_C|T,22917_T|G,22926_T|C,22928_T|C,22942_T|A,22992_G|A,22995_C|A,23005_T|A,23012_G|A,23018_T|C,23019_T|C,23039_C|G,23055_A|G,23063_A|T,23075_T|C,23222_G|A,23271_C|T,23403_A|G,23423_C|T,23525_C|T,23599_T|G,23604_C|G,23854_C|A,23948_G|T,24378_C|T,24424_A|T,24469_T|A,24872_G|T,24990_C|T,25000_C|T,25207_C|T,25584_C|T,26060_C|T,26270_C|T,26529_G|C,26577_C|G,26610_A|G,26681_C|T,26709_G|A,26833_C|T,26858_C|T,27259_A|C,27382_G|C,27383_A|T,27384_T|C,27807_C|T,27810_T|C,28271_A|T,28311_C|T,28881_G|A,28882_G|A,28883_G|C,28958_C|A,29510_A|C,11288_11296,21633_21641,21765_21770,21992_21994,22194_22196,23009_23011,28362_28370,21608_.|TCATGCCGCTGT
USA/CA-LACPHL-AY10097/2025	XEQ	241_C|T,670_T|G,897_C|A,2790_C|T,3037_C|T,3431_G|T,3565_T|C,4184_G|A,4276_C|T,4321_C|T,6183_A|G,6701_C|T,7842_A|G,8293_C|T,8393_G|A,9344_C|T,9424_A|G,9534_C|T,10029_C|T,10198_C|T,10447_G|A,10449_C|A,11020_C|T,11042_G|T,11727_G|A,12418_T|C,12789_C|T,12815_C|T,12880_C|T,13339_T|C,14408_C|T,15714_C|T,15756_T|A,16887_C|T,16943_G|T,17410_C|T,18163_A|G,18492_A|G,18894_C|T,19017_C|T,19716_C|T,19955_C|T,20055_A|G,21618_C|T,21622_C|T,21624_G|C,21627_C|A,21711_C|T,21738_T|C,21941_G|T,21987_G|A,22032_T|C,22033_C|A,22034_A|G,22200_T|G,22208_C|T,22295_C|A,22353_C|A,22556_A|G,22577_G|C,22578_G|A,22599_G|C,22629_A|C,22674_C|T,22679_T|C,22686_C|T,22688_A|G,22770_G|A,22775_G|A,22786_A|C,22813_G|T,22882_T|G,22895_G|C,22896_T|A,22898_G|A,22910_A|G,22916_C|T,22917_T|G,22926_T|C,22928_T|C,22942_T|A,22992_G|A,22995_C|A,23005_T|A,23012_G|A,23018_T|C,23019_T|C,23039_C|G,23055_A|G,23063_A|T,23075_T|C,23222_G|A,23271_C|T,23403_A|G,23423_C|T,23525_C|T,23599_T|G,23604_C|G,23854_C|A,23948_G|T,24378_C|T,24424_A|T,24469_T|A,24872_G|T,24990_C|T,25000_C|T,25207_C|T,25584_C|T,26060_C|T,26270_C|T,26529_G|C,26577_C|G,26610_A|G,26681_C|T,26709_G|A,26833_C|T,26858_C|T,27259_A|C,27382_G|C,27383_A|T,27384_T|C,27807_C|T,27810_T|C,28271_A|T,28311_C|T,28881_G|A,28882_G|A,28883_G|C,28958_C|A,29510_A|C,11288_11296,21633_21641,21765_21770,21992_21994,22194_22196,23009_23011,28362_28370,29734_29759,21607_.|GNNNNNNNNNNN
USA/CA-LACPHL-AY10277/2025	XEQ	21_C|T,44_C|T,241_C|T,670_T|G,897_C|A,2790_C|T,3037_C|T,3431_G|T,3565_T|C,4184_G|A,4321_C|T,6183_A|G,6701_C|T,7842_A|G,8293_C|T,8393_G|A,9344_C|T,9424_A|G,9534_C|T,10029_C|T,10198_C|T,10340_C|T,10447_G|A,10449_C|A,11042_G|T,11727_G|A,12418_T|C,12789_C|T,12815_C|T,12880_C|T,13339_T|C,14408_C|T,15714_C|T,15756_T|A,16392_T|C,16887_C|T,16943_G|T,17410_C|T,18163_A|G,18492_A|G,18894_C|T,19017_C|T,19716_C|T,19955_C|T,20055_A|G,21618_C|T,21622_C|T,21624_G|C,21627_C|A,21711_C|T,21738_T|C,21941_G|T,21987_G|A,22032_T|C,22033_C|A,22034_A|G,22200_T|G,22208_C|T,22295_C|A,22353_C|A,22556_A|G,22577_G|C,22578_G|A,22599_G|C,22629_A|C,22674_C|T,22679_T|C,22686_C|T,22688_A|G,22770_G|A,22775_G|A,22786_A|C,22813_G|T,22882_T|G,22895_G|C,22896_T|A,22898_G|A,22910_A|G,22916_C|T,22917_T|G,22926_T|C,22928_T|C,22942_T|A,22992_G|A,22995_C|A,23005_T|A,23012_G|A,23018_T|C,23019_T|C,23039_C|G,23055_A|G,23063_A|T,23075_T|C,23222_G|A,23271_C|T,23403_A|G,23423_C|T,23525_C|T,23599_T|G,23604_C|G,23796_A|T,23854_C|A,23948_G|T,24378_C|T,24424_A|T,24469_T|A,24872_G|T,24990_C|T,25000_C|T,25207_C|T,25584_C|T,26060_C|T,26270_C|T,26529_G|C,26577_C|G,26610_A|G,26681_C|T,26709_G|A,26833_C|T,26858_C|T,27259_A|C,27382_G|C,27383_A|T,27384_T|C,27807_C|T,27810_T|C,28271_A|T,28311_C|T,28881_G|A,28882_G|A,28883_G|C,28958_C|A,29510_A|C,11288_11296,21633_21641,21765_21770,21992_21994,22194_22196,23009_23011,28362_28370,29734_29759,21607_.|GNNNNNNNNNNN
USA/CA-LACPHL-AY10489/2025	XEQ	44_C|T,241_C|T,670_T|G,897_C|A,1348_C|T,2790_C|T,3037_C|T,3431_G|T,3565_T|C,4184_G|A,4321_C|T,6183_A|G,6701_C|T,7842_A|G,8293_C|T,8393_G|A,9344_C|T,9424_A|G,9534_C|T,9814_T|C,10029_C|T,10198_C|T,10447_G|A,10449_C|A,11042_G|T,11124_C|T,11727_G|A,12418_T|C,12789_C|T,12815_C|T,12880_C|T,13339_T|C,14408_C|T,15714_C|T,15756_T|A,16887_C|T,16943_G|T,17410_C|T,18163_A|G,18492_A|G,18894_C|T,19716_C|T,19955_C|T,20055_A|G,21618_C|T,21622_C|T,21624_G|C,21627_C|A,21711_C|T,21738_T|C,21941_G|T,21987_G|A,22032_T|C,22033_C|A,22034_A|G,22200_T|G,22208_C|T,22295_C|A,22353_C|A,22556_A|G,22577_G|C,22578_G|A,22599_G|C,22629_A|C,22674_C|T,22679_T|C,22684_T|C,22686_C|T,22688_A|G,22770_G|A,22775_G|A,22786_A|C,22813_G|T,22882_T|G,22895_G|C,22896_T|A,22898_G|A,22910_A|G,22916_C|T,22917_T|G,22926_T|C,22928_T|C,22942_T|A,22992_G|A,22995_C|A,23005_T|A,23012_G|A,23018_T|C,23019_T|C,23039_C|G,23055_A|G,23063_A|T,23075_T|C,23222_G|A,23271_C|T,23403_A|G,23423_C|T,23525_C|T,23599_T|G,23604_C|G,23854_C|A,23948_G|T,24378_C|T,24424_A|T,24469_T|A,24872_G|T,24990_C|T,25000_C|T,25207_C|T,25584_C|T,26060_C|T,26270_C|T,26529_G|C,26577_C|G,26610_A|G,26681_C|T,26709_G|A,26833_C|T,26858_C|T,27259_A|C,27382_G|C,27383_A|T,27384_T|C,27807_C|T,27810_T|C,28271_A|T,28311_C|T,28881_G|A,28882_G|A,28883_G|C,28958_C|A,29510_A|C,11288_11296,21633_21641,21765_21770,21992_21994,22194_22196,23009_23011,28362_28370,29734_29759,21608_.|TCATGCCGCTGT
USA/CA-LACPHL-AY11801/2025	XEQ	222_C|T,241_C|T,670_T|G,897_C|A,2790_C|T,3037_C|T,3431_G|T,3565_T|C,4184_G|A,4321_C|T,6183_A|G,6701_C|T,7842_A|G,7945_C|T,8293_C|T,8393_G|A,9344_C|T,9424_A|G,9534_C|T,10029_C|T,10198_C|T,10447_G|A,10449_C|A,11042_G|T,11727_G|A,12418_T|C,12789_C|T,12815_C|T,12880_C|T,13339_T|C,14408_C|T,15714_C|T,15756_T|A,16887_C|T,16943_G|T,17410_C|T,18163_A|G,18492_A|G,18894_C|T,19716_C|T,19955_C|T,20055_A|G,21618_C|T,21622_C|T,21624_G|C,21627_C|A,21711_C|T,21738_T|C,21941_G|T,21987_G|A,22032_T|C,22033_C|A,22034_A|G,22200_T|G,22208_C|T,22295_C|A,22353_C|A,22556_A|G,22577_G|C,22578_G|A,22599_G|C,22629_A|C,22674_C|T,22679_T|C,22686_C|T,22688_A|G,22770_G|A,22775_G|A,22786_A|C,22813_G|T,22882_T|G,22895_G|C,22896_T|A,22898_G|A,22910_A|G,22916_C|T,22917_T|G,22926_T|C,22928_T|C,22942_T|A,22992_G|A,22995_C|A,23005_T|A,23012_G|A,23018_T|C,23019_T|C,23039_C|G,23055_A|G,23063_A|T,23075_T|C,23222_G|A,23271_C|T,23403_A|G,23423_C|T,23525_C|T,23599_T|G,23604_C|G,23854_C|A,23948_G|T,24378_C|T,24424_A|T,24469_T|A,24872_G|T,24990_C|T,25000_C|T,25207_C|T,25584_C|T,26060_C|T,26270_C|T,26529_G|C,26577_C|G,26610_A|G,26681_C|T,26709_G|A,26833_C|T,26858_C|T,27259_A|C,27382_G|C,27383_A|T,27384_T|C,27572_G|A,27807_C|T,27810_T|C,28271_A|T,28311_C|T,28881_G|A,28882_G|A,28883_G|C,28958_C|A,29510_A|C,11288_11296,21633_21641,21765_21770,21992_21994,22194_22196,23009_23011,28362_28370,29734_29759,21607_.|GNNNNNNNNNNN
USA/CA-LACPHL-AY12090/2025	XEQ	241_C|T,670_T|G,897_C|A,2790_C|T,3037_C|T,3431_G|T,3565_T|C,4184_G|A,4321_C|T,6183_A|G,6701_C|T,7842_A|G,7945_C|T,8293_C|T,8393_G|A,9344_C|T,9424_A|G,9534_C|T,10029_C|T,10198_C|T,10447_G|A,10449_C|A,11042_G|T,11727_G|A,12008_C|T,12418_T|C,12789_C|T,12815_C|T,12880_C|T,13339_T|C,14408_C|T,15714_C|T,15756_T|A,16887_C|T,16943_G|T,17410_C|T,18163_A|G,18492_A|G,18894_C|T,19716_C|T,19955_C|T,20055_A|G,21618_C|T,21622_C|T,21624_G|C,21627_C|A,21711_C|T,21738_T|C,21941_G|T,21987_G|A,22032_T|C,22033_C|A,22034_A|G,22200_T|G,22208_C|T,22259_A|G,22295_C|A,22353_C|A,22556_A|G,22577_G|C,22578_G|A,22599_G|C,22629_A|C,22674_C|T,22679_T|C,22686_C|T,22688_A|G,22770_G|A,22775_G|A,22786_A|C,22813_G|T,22882_T|G,22895_G|C,22896_T|A,22898_G|A,22910_A|G,22916_C|T,22917_T|G,22926_T|C,22928_T|C,22942_T|A,22992_G|A,22995_C|A,23005_T|A,23012_G|A,23018_T|C,23019_T|C,23039_C|G,23055_A|G,23063_A|T,23075_T|C,23222_G|A,23271_C|T,23403_A|G,23423_C|T,23525_C|T,23599_T|G,23604_C|G,23854_C|A,23948_G|T,24378_C|T,24424_A|T,24469_T|A,24872_G|T,24990_C|T,25000_C|T,25207_C|T,25584_C|T,26060_C|T,26270_C|T,26529_G|C,26577_C|G,26610_A|G,26681_C|T,26709_G|A,26833_C|T,26858_C|T,27259_A|C,27382_G|C,27383_A|T,27384_T|C,27807_C|T,27810_T|C,28271_A|T,28311_C|T,28881_G|A,28882_G|A,28883_G|C,28958_C|A,29272_C|T,29510_A|C,29555_C|T,11288_11296,21633_21641,21765_21770,21992_21994,22194_22196,23009_23011,28362_28370,29734_29759,21607_.|GNNNNNNNNNNN
USA/CO-CDC-LC1127730/2024	XEQ	241_C|T,670_T|G,680_G|A,897_C|A,900_C|T,2790_C|T,3037_C|T,3431_G|T,3565_T|C,4184_G|A,4321_C|T,6183_A|G,6701_C|T,7842_A|G,8293_C|T,8393_G|A,9344_C|T,9424_A|G,9534_C|T,9814_T|C,10029_C|T,10198_C|T,10447_G|A,10449_C|A,11042_G|T,11124_C|T,11727_G|A,12418_T|C,12789_C|T,12815_C|T,12880_C|T,13339_T|C,14408_C|T,15714_C|T,15756_T|A,16887_C|T,16943_G|T,17410_C|T,18163_A|G,18375_T|C,18492_A|G,18894_C|T,19716_C|T,19955_C|T,20055_A|G,21618_C|T,21622_C|T,21624_G|C,21627_C|A,21711_C|T,21738_T|C,21941_G|T,21987_G|A,22032_T|C,22033_C|A,22034_A|G,22200_T|G,22208_C|T,22295_C|A,22353_C|A,22556_A|G,22577_G|C,22578_G|A,22599_G|C,22629_A|C,22674_C|T,22679_T|C,22686_C|T,22688_A|G,22770_G|A,22775_G|A,22786_A|C,22813_G|T,22882_T|G,22895_G|C,22896_T|A,22898_G|A,22910_A|G,22916_C|T,22917_T|G,22926_T|C,22928_T|C,22942_T|A,22992_G|A,22995_C|A,23005_T|A,23012_G|A,23018_T|C,23019_T|C,23039_C|G,23055_A|G,23063_A|T,23075_T|C,23222_G|A,23271_C|T,23403_A|G,23423_C|T,23525_C|T,23599_T|G,23604_C|G,23854_C|A,23948_G|T,24378_C|T,24424_A|T,24469_T|A,24872_G|T,24990_C|T,25000_C|T,25207_C|T,25584_C|T,26060_C|T,26270_C|T,26529_G|C,26577_C|G,26610_A|G,26681_C|T,26709_G|A,26833_C|T,26858_C|T,27259_A|C,27382_G|C,27383_A|T,27384_T|C,27807_C|T,27810_T|C,28271_A|T,28311_C|T,28881_G|A,28882_G|A,28883_G|C,28958_C|A,29510_A|C,11288_11296,21633_21641,21765_21770,21992_21994,22194_22196,23009_23011,28362_28370,29734_29759,21608_.|TCATGCCGCTGT
USA/CO-CDC-QDX33808363/2025	XEQ	241_C|T,670_T|G,683_C|T,897_C|A,2790_C|T,3037_C|T,3431_G|T,3565_T|C,4184_G|A,4228_A|T,4321_C|T,4901_C|T,6183_A|G,6312_C|T,6651_C|T,6701_C|T,7842_A|G,8293_C|T,8393_G|A,8861_G|A,9344_C|T,9424_A|G,9534_C|T,10029_C|T,10198_C|T,10447_G|A,10449_C|A,11042_G|T,11727_G|A,12418_T|C,12439_C|T,12789_C|T,12815_C|T,12880_C|T,13339_T|C,14396_C|T,14408_C|T,15714_C|T,15756_T|A,16887_C|T,16943_G|T,17410_C|T,18163_A|G,18329_C|A,18492_A|G,18894_C|T,19716_C|T,19955_C|T,20055_A|G,21618_C|T,21622_C|T,21624_G|C,21627_C|A,21711_C|T,21738_T|C,21941_G|T,21987_G|A,22032_T|C,22033_C|A,22034_A|G,22149_A|G,22200_T|G,22208_C|T,22295_C|A,22353_C|A,22556_A|G,22577_G|C,22578_G|A,22599_G|C,22629_A|C,22674_C|T,22679_T|C,22686_C|T,22688_A|G,22770_G|A,22775_G|A,22786_A|C,22813_G|T,22882_T|G,22895_G|C,22896_T|A,22898_G|A,22910_A|G,22916_C|T,22917_T|G,22926_T|C,22928_T|C,22942_T|A,22992_G|A,22995_C|A,23005_T|A,23012_G|A,23018_T|C,23019_T|C,23039_C|G,23055_A|G,23063_A|T,23075_T|C,23222_G|A,23271_C|T,23403_A|G,23423_C|T,23525_C|T,23599_T|G,23604_C|G,23854_C|A,23948_G|T,24378_C|T,24424_A|T,24469_T|A,24872_G|T,24990_C|T,25000_C|T,25207_C|T,25584_C|T,26060_C|T,26270_C|T,26529_G|C,26577_C|G,26610_A|G,26681_C|T,26709_G|A,26833_C|T,26858_C|T,27259_A|C,27382_G|C,27383_A|T,27384_T|C,27807_C|T,27810_T|C,28271_A|T,28311_C|T,28881_G|A,28882_G|A,28883_G|C,28958_C|A,29510_A|C,11288_11296,21633_21641,21765_21770,21992_21994,22194_22196,23009_23011,28362_28370,29734_29759,21608_.|TCATGCCGCTGT
USA/CO-CDPHE-42384752/2024	XEQ	241_C|T,670_T|G,897_C|A,2790_C|T,3037_C|T,3431_G|T,3565_T|C,4184_G|A,4321_C|T,6183_A|G,6701_C|T,7842_A|G,8293_C|T,8393_G|A,9344_C|T,9424_A|G,9534_C|T,10029_C|T,10198_C|T,10447_G|A,10449_C|A,11042_G|T,11727_G|A,11824_C|T,12418_T|C,12789_C|T,12815_C|T,12880_C|T,13339_T|C,14408_C|T,15714_C|T,15756_T|A,16887_C|T,16943_G|T,17410_C|T,18163_A|G,18492_A|G,18894_C|T,19716_C|T,19955_C|T,20055_A|G,21618_C|T,21622_C|T,21624_G|C,21627_C|A,21711_C|T,21738_T|C,21941_G|T,21987_G|A,22032_T|C,22033_C|A,22034_A|G,22200_T|G,22208_C|T,22295_C|A,22353_C|A,22556_A|G,22577_G|C,22578_G|A,22599_G|C,22629_A|C,22674_C|T,22679_T|C,22686_C|T,22688_A|G,22770_G|A,22775_G|A,22786_A|C,22813_G|T,22882_T|G,22895_G|C,22896_T|A,22898_G|A,22910_A|G,22916_C|T,22917_T|G,22926_T|C,22928_T|C,22942_T|A,22992_G|A,22995_C|A,23005_T|A,23012_G|A,23018_T|C,23019_T|C,23039_C|G,23055_A|G,23063_A|T,23075_T|C,23222_G|A,23271_C|T,23403_A|G,23423_C|T,23525_C|T,23599_T|G,23604_C|G,23854_C|A,23948_G|T,24378_C|T,24424_A|T,24469_T|A,24872_G|T,24990_C|T,25000_C|T,25207_C|T,25584_C|T,26060_C|T,26270_C|T,26529_G|C,26577_C|G,26610_A|G,26681_C|T,26709_G|A,26833_C|T,26858_C|T,27259_A|C,27382_G|C,27383_A|T,27384_T|C,27807_C|T,27810_T|C,28271_A|T,28311_C|T,28603_C|T,28881_G|A,28882_G|A,28883_G|C,28958_C|A,29510_A|C,11288_11296,21633_21641,21765_21770,21992_21994,22194_22196,23009_23011,28362_28370,29734_29759,21608_.|TCATGCCGCTGT
USA/CO-CDPHE-42384754/2024	XEQ	241_C|T,670_T|G,897_C|A,2790_C|T,3037_C|T,3431_G|T,3565_T|C,4184_G|A,4321_C|T,6183_A|G,6701_C|T,7842_A|G,8293_C|T,8393_G|A,9344_C|T,9424_A|G,9534_C|T,10029_C|T,10198_C|T,10447_G|A,10449_C|A,11042_G|T,11727_G|A,11824_C|T,12418_T|C,12789_C|T,12815_C|T,12880_C|T,13339_T|C,14408_C|T,15714_C|T,15756_T|A,16887_C|T,16943_G|T,17410_C|T,18163_A|G,18492_A|G,18894_C|T,19716_C|T,19955_C|T,20055_A|G,21618_C|T,21622_C|T,21624_G|C,21627_C|A,21711_C|T,21738_T|C,21941_G|T,21987_G|A,22032_T|C,22033_C|A,22034_A|G,22200_T|G,22208_C|T,22295_C|A,22353_C|A,22556_A|G,22577_G|C,22578_G|A,22599_G|C,22629_A|C,22674_C|T,22679_T|C,22686_C|T,22688_A|G,22770_G|A,22775_G|A,22786_A|C,22813_G|T,22882_T|G,22895_G|C,22896_T|A,22898_G|A,22910_A|G,22916_C|T,22917_T|G,22926_T|C,22928_T|C,22942_T|A,22992_G|A,22995_C|A,23005_T|A,23012_G|A,23018_T|C,23019_T|C,23039_C|G,23055_A|G,23063_A|T,23075_T|C,23222_G|A,23271_C|T,23403_A|G,23423_C|T,23525_C|T,23599_T|G,23604_C|G,23854_C|A,23948_G|T,24378_C|T,24424_A|T,24469_T|A,24872_G|T,24990_C|T,25000_C|T,25207_C|T,25584_C|T,26060_C|T,26270_C|T,26529_G|C,26577_C|G,26610_A|G,26681_C|T,26709_G|A,26833_C|T,26858_C|T,27259_A|C,27382_G|C,27383_A|T,27384_T|C,27807_C|T,27810_T|C,28271_A|T,28311_C|T,28603_C|T,28881_G|A,28882_G|A,28883_G|C,28958_C|A,29510_A|C,11288_11296,21633_21641,21765_21770,21992_21994,22194_22196,23009_23011,28362_28370,29734_29759,21608_.|TCATGCCGCTGT
USA/CO-CDPHE-42539357/2024	XEQ	241_C|T,670_T|G,897_C|A,2790_C|T,3037_C|T,3431_G|T,3434_G|T,3565_T|C,4184_G|A,4321_C|T,6183_A|G,6701_C|T,7842_A|G,8293_C|T,8393_G|A,9344_C|T,9424_A|G,9534_C|T,10029_C|T,10198_C|T,10447_G|A,10449_C|A,11042_G|T,11727_G|A,12418_T|C,12559_C|T,12789_C|T,12815_C|T,12880_C|T,13339_T|C,14408_C|T,15714_C|T,15756_T|A,16887_C|T,16943_G|T,17410_C|T,18163_A|G,18492_A|G,18894_C|T,19716_C|T,19955_C|T,20055_A|G,21618_C|T,21622_C|T,21627_C|A,21711_C|T,21738_T|C,21941_G|T,21987_G|A,22032_T|C,22033_C|A,22034_A|G,22200_T|G,22208_C|T,22295_C|A,22353_C|A,22556_A|G,22577_G|C,22578_G|A,22599_G|C,22629_A|C,22674_C|T,22679_T|C,22686_C|T,22688_A|G,22770_G|A,22775_G|A,22786_A|C,22813_G|T,22882_T|G,22895_G|C,22896_T|A,22898_G|A,22910_A|G,22916_C|T,22917_T|G,22926_T|C,22928_T|C,22942_T|A,22992_G|A,22995_C|A,23005_T|A,23012_G|A,23018_T|C,23019_T|C,23039_C|G,23055_A|G,23063_A|T,23075_T|C,23222_G|A,23271_C|T,23403_A|G,23423_C|T,23525_C|T,23599_T|G,23604_C|G,23854_C|A,23948_G|T,24378_C|T,24382_C|T,24469_T|A,24872_G|T,24990_C|T,25000_C|T,25207_C|T,25584_C|T,26060_C|T,26270_C|T,26529_G|C,26577_C|G,26610_A|G,26639_T|C,26681_C|T,26709_G|A,26833_C|T,26858_C|T,27259_A|C,27382_G|C,27383_A|T,27384_T|C,27807_C|T,27810_T|C,28271_A|T,28311_C|T,28881_G|A,28882_G|A,28883_G|C,28958_C|A,29510_A|C,11288_11296,21633_21641,21765_21770,21992_21994,22194_22196,23009_23011,28362_28370,29734_29759,21608_.|TCATGCCGCTGT
USA/CO-CDPHE-42657198/2024	XEQ	241_C|T,670_T|G,897_C|A,2790_C|T,3037_C|T,3267_C|T,3431_G|T,3565_T|C,4184_G|A,4321_C|T,4999_C|T,6183_A|G,6701_C|T,7842_A|G,8293_C|T,8393_G|A,9344_C|T,9424_A|G,9534_C|T,10029_C|T,10198_C|T,10447_G|A,10449_C|A,11042_G|T,11727_G|A,12244_T|C,12418_T|C,12789_C|T,12815_C|T,12880_C|T,13339_T|C,14408_C|T,15714_C|T,15756_T|A,16887_C|T,16943_G|T,17410_C|T,18163_A|G,18492_A|G,18894_C|T,19185_C|T,19716_C|T,19955_C|T,20055_A|G,21622_C|T,21627_C|A,21711_C|T,21738_T|C,21941_G|T,21987_G|A,22032_T|C,22033_C|A,22034_A|G,22200_T|G,22208_C|T,22295_C|A,22353_C|A,22556_A|G,22577_G|C,22578_G|A,22599_G|C,22629_A|C,22674_C|T,22679_T|C,22686_C|T,22688_A|G,22770_G|A,22775_G|A,22786_A|C,22813_G|T,22882_T|G,22895_G|C,22896_T|A,22898_G|A,22910_A|G,22916_C|T,22917_T|G,22926_T|C,22928_T|C,22942_T|A,22992_G|A,22995_C|A,23005_T|A,23012_G|A,23018_T|C,23019_T|C,23039_C|G,23055_A|G,23063_A|T,23075_T|C,23222_G|A,23271_C|T,23403_A|G,23423_C|T,23525_C|T,23599_T|G,23604_C|G,23854_C|A,23948_G|T,24378_C|T,24424_A|T,24469_T|A,24872_G|T,24990_C|T,25000_C|T,25207_C|T,25584_C|T,26060_C|T,26270_C|T,26529_G|C,26577_C|G,26610_A|G,26681_C|T,26709_G|A,26833_C|T,26858_C|T,27259_A|C,27382_G|C,27383_A|T,27384_T|C,27807_C|T,27810_T|C,28271_A|T,28311_C|T,28881_G|A,28882_G|A,28883_G|C,28958_C|A,29510_A|C,11288_11296,21633_21641,21765_21770,21992_21994,22194_22196,23009_23011,28362_28370,29734_29759,21608_.|TCATGCCGCTGT
USA/CO-CDPHE-42657228/2024	XEQ	241_C|T,670_T|G,897_C|A,2790_C|T,3037_C|T,3431_G|T,3565_T|C,4184_G|A,4321_C|T,6183_A|G,6701_C|T,7842_A|G,8293_C|T,8393_G|A,9344_C|T,9424_A|G,9534_C|T,9814_T|C,10029_C|T,10198_C|T,10447_G|A,10449_C|A,11042_G|T,11124_C|T,11727_G|A,12418_T|C,12789_C|T,12815_C|T,12880_C|T,13339_T|C,14408_C|T,15714_C|T,15756_T|A,16887_C|T,16943_G|T,17410_C|T,18163_A|G,18375_T|C,18492_A|G,18894_C|T,19716_C|T,19955_C|T,20055_A|G,21618_C|T,21622_C|T,21627_C|A,21711_C|T,21738_T|C,21941_G|T,21987_G|A,22032_T|C,22033_C|A,22034_A|G,22200_T|G,22208_C|T,22295_C|A,22353_C|A,22556_A|G,22577_G|C,22578_G|A,22599_G|C,22629_A|C,22674_C|T,22679_T|C,22684_T|C,22686_C|T,22688_A|G,22770_G|A,22775_G|A,22786_A|C,22813_G|T,22882_T|G,22895_G|C,22896_T|A,22898_G|A,22910_A|G,22916_C|T,22917_T|G,22926_T|C,22928_T|C,22942_T|A,22992_G|A,22995_C|A,23005_T|A,23012_G|A,23018_T|C,23019_T|C,23039_C|G,23055_A|G,23063_A|T,23075_T|C,23222_G|A,23271_C|T,23403_A|G,23423_C|T,23525_C|T,23599_T|G,23604_C|G,23854_C|A,23948_G|T,24378_C|T,24424_A|T,24469_T|A,24872_G|T,24990_C|T,25000_C|T,25207_C|T,25584_C|T,26060_C|T,26270_C|T,26529_G|C,26577_C|G,26610_A|G,26681_C|T,26709_G|A,26833_C|T,26858_C|T,27092_C|T,27259_A|C,27382_G|C,27383_A|T,27384_T|C,27807_C|T,27810_T|C,28271_A|T,28311_C|T,28881_G|A,28882_G|A,28883_G|C,28958_C|A,29510_A|C,11288_11296,21633_21641,21765_21770,21992_21994,22194_22196,23009_23011,28362_28370,29734_29759,21608_.|TCATGCCGCTGT
USA/CO-CDPHE-42657234/2024	XEQ	241_C|T,670_T|G,897_C|A,2790_C|T,3037_C|T,3267_C|T,3431_G|T,3565_T|C,4184_G|A,4321_C|T,6183_A|G,6701_C|T,7842_A|G,8293_C|T,8393_G|A,9344_C|T,9424_A|G,9534_C|T,10029_C|T,10198_C|T,10447_G|A,10449_C|A,11042_G|T,11727_G|A,12418_T|C,12789_C|T,12815_C|T,12880_C|T,13339_T|C,14408_C|T,15714_C|T,15756_T|A,16887_C|T,16943_G|T,17410_C|T,17676_C|T,18163_A|G,18492_A|G,18894_C|T,19716_C|T,19955_C|T,20055_A|G,21618_C|T,21622_C|T,21627_C|A,21711_C|T,21738_T|C,21941_G|T,21987_G|A,22032_T|C,22033_C|A,22034_A|G,22200_T|G,22208_C|T,22295_C|A,22353_C|A,22556_A|G,22577_G|C,22578_G|A,22599_G|C,22629_A|C,22674_C|T,22679_T|C,22686_C|T,22688_A|G,22770_G|A,22775_G|A,22786_A|C,22813_G|T,22882_T|G,22895_G|C,22896_T|A,22898_G|A,22910_A|G,22916_C|T,22917_T|G,22926_T|C,22928_T|C,22942_T|A,22992_G|A,22995_C|A,23005_T|A,23012_G|A,23018_T|C,23019_T|C,23039_C|G,23055_A|G,23063_A|T,23075_T|C,23222_G|A,23271_C|T,23403_A|G,23423_C|T,23525_C|T,23599_T|G,23604_C|G,23854_C|A,23948_G|T,24378_C|T,24424_A|T,24469_T|A,24872_G|T,24990_C|T,25000_C|T,25207_C|T,25571_C|T,25584_C|T,26060_C|T,26270_C|T,26529_G|C,26577_C|G,26610_A|G,26681_C|T,26709_G|A,26833_C|T,26858_C|T,27259_A|C,27382_G|C,27383_A|T,27384_T|C,27807_C|T,27810_T|C,28271_A|T,28311_C|T,28881_G|A,28882_G|A,28883_G|C,28958_C|A,29510_A|C,11288_11296,21633_21641,21765_21770,21992_21994,22194_22196,23009_23011,28362_28370,29734_29759,21608_.|TCATGCCGCTGT
USA/CO-CDPHE-42657240/2024	XEQ	241_C|T,670_T|G,897_C|A,2790_C|T,3037_C|T,3431_G|T,3565_T|C,4184_G|A,4321_C|T,6183_A|G,6701_C|T,7820_T|C,7842_A|G,8293_C|T,8393_G|A,9344_C|T,9424_A|G,9534_C|T,10029_C|T,10198_C|T,10447_G|A,10449_C|A,11042_G|T,11727_G|A,12418_T|C,12789_C|T,12815_C|T,12880_C|T,12892_G|A,13339_T|C,14408_C|T,15714_C|T,15756_T|A,16887_C|T,16943_G|T,17410_C|T,18163_A|G,18492_A|G,18894_C|T,19716_C|T,19723_G|T,19955_C|T,20055_A|G,21618_C|T,21622_C|T,21627_C|A,21711_C|T,21738_T|C,21941_G|T,21987_G|A,22032_T|C,22033_C|A,22034_A|G,22200_T|G,22208_C|T,22295_C|A,22353_C|A,22556_A|G,22577_G|C,22578_G|A,22599_G|C,22629_A|C,22674_C|T,22679_T|C,22686_C|T,22688_A|G,22770_G|A,22775_G|A,22786_A|C,22813_G|T,22882_T|G,22895_G|C,22896_T|A,22898_G|A,22910_A|G,22916_C|T,22917_T|G,22926_T|C,22928_T|C,22942_T|A,22992_G|A,22995_C|A,23005_T|A,23012_G|A,23018_T|C,23019_T|C,23039_C|G,23055_A|G,23063_A|T,23075_T|C,23222_G|A,23271_C|T,23403_A|G,23423_C|T,23525_C|T,23599_T|G,23604_C|G,23854_C|A,23948_G|T,24378_C|T,24424_A|T,24469_T|A,24872_G|T,24990_C|T,25000_C|T,25074_G|A,25207_C|T,25584_C|T,26060_C|T,26270_C|T,26529_G|C,26577_C|G,26610_A|G,26681_C|T,26709_G|A,26833_C|T,26858_C|T,27259_A|C,27382_G|C,27383_A|T,27384_T|C,27807_C|T,27810_T|C,28271_A|T,28311_C|T,28881_G|A,28882_G|A,28883_G|C,28958_C|A,29510_A|C,11288_11296,21633_21641,21765_21770,21992_21994,22194_22196,23009_23011,28362_28370,29734_29759,21608_.|TCATGCCGCTGT
USA/CO-CDPHE-42686708/2024	XEQ	241_C|T,670_T|G,897_C|A,2790_C|T,3037_C|T,3267_C|T,3431_G|T,3565_T|C,4184_G|A,4321_C|T,6183_A|G,6701_C|T,7842_A|G,8293_C|T,8393_G|A,9344_C|T,9424_A|G,9534_C|T,10029_C|T,10198_C|T,10447_G|A,10449_C|A,11042_G|T,11727_G|A,12418_T|C,12789_C|T,12815_C|T,12880_C|T,13339_T|C,14408_C|T,15714_C|T,15756_T|A,16887_C|T,16943_G|T,17410_C|T,17676_C|T,18163_A|G,18492_A|G,18894_C|T,19716_C|T,19955_C|T,20055_A|G,21618_C|T,21622_C|T,21627_C|A,21711_C|T,21738_T|C,21941_G|T,21987_G|A,22032_T|C,22033_C|A,22034_A|G,22200_T|G,22208_C|T,22295_C|A,22353_C|A,22556_A|G,22577_G|C,22578_G|A,22599_G|C,22629_A|C,22674_C|T,22679_T|C,22686_C|T,22688_A|G,22770_G|A,22775_G|A,22786_A|C,22813_G|T,22882_T|G,22895_G|C,22896_T|A,22898_G|A,22910_A|G,22916_C|T,22917_T|G,22926_T|C,22928_T|C,22942_T|A,22992_G|A,22995_C|A,23005_T|A,23012_G|A,23018_T|C,23019_T|C,23039_C|G,23055_A|G,23063_A|T,23075_T|C,23222_G|A,23271_C|T,23403_A|G,23423_C|T,23525_C|T,23599_T|G,23604_C|G,23854_C|A,23948_G|T,24378_C|T,24424_A|T,24469_T|A,24872_G|T,24990_C|T,25000_C|T,25207_C|T,25584_C|T,26060_C|T,26270_C|T,26529_G|C,26577_C|G,26610_A|G,26681_C|T,26709_G|A,26833_C|T,26858_C|T,27259_A|C,27382_G|C,27383_A|T,27384_T|C,27807_C|T,27810_T|C,28271_A|T,28311_C|T,28881_G|A,28882_G|A,28883_G|C,28958_C|A,29510_A|C,11288_11296,21633_21641,21765_21770,21992_21994,22194_22196,23009_23011,28362_28370,29734_29759,21608_.|TCATGCCGCTGT
USA/CO-CDPHE-42686798/2024	XEQ	241_C|T,670_T|G,897_C|A,2790_C|T,3037_C|T,3267_C|T,3431_G|T,3565_T|C,4184_G|A,4321_C|T,4999_C|T,6183_A|G,6701_C|T,7842_A|G,8293_C|T,8393_G|A,9344_C|T,9424_A|G,9534_C|T,10029_C|T,10198_C|T,10447_G|A,10449_C|A,11042_G|T,11727_G|A,12244_T|C,12418_T|C,12789_C|T,12815_C|T,12880_C|T,13339_T|C,14408_C|T,15714_C|T,15756_T|A,16887_C|T,16943_G|T,17410_C|T,18163_A|G,18492_A|G,18894_C|T,19185_C|T,19716_C|T,19955_C|T,20055_A|G,21622_C|T,21627_C|A,21711_C|T,21738_T|C,21941_G|T,21987_G|A,22032_T|C,22033_C|A,22034_A|G,22200_T|G,22208_C|T,22295_C|A,22353_C|A,22556_A|G,22577_G|C,22578_G|A,22599_G|C,22629_A|C,22674_C|T,22679_T|C,22686_C|T,22688_A|G,22770_G|A,22775_G|A,22786_A|C,22813_G|T,22882_T|G,22895_G|C,22896_T|A,22898_G|A,22910_A|G,22916_C|T,22917_T|G,22926_T|C,22928_T|C,22942_T|A,22992_G|A,22995_C|A,23005_T|A,23012_G|A,23018_T|C,23019_T|C,23039_C|G,23055_A|G,23063_A|T,23075_T|C,23222_G|A,23271_C|T,23403_A|G,23423_C|T,23599_T|G,23604_C|G,23854_C|A,23948_G|T,24378_C|T,24424_A|T,24469_T|A,24872_G|T,24990_C|T,25000_C|T,25207_C|T,25584_C|T,26060_C|T,26270_C|T,26529_G|C,26577_C|G,26610_A|G,26681_C|T,26709_G|A,26833_C|T,26858_C|T,27259_A|C,27382_G|C,27383_A|T,27384_T|C,27807_C|T,27810_T|C,28271_A|T,28311_C|T,28881_G|A,28882_G|A,28883_G|C,28958_C|A,29510_A|C,11288_11296,21633_21641,21765_21770,21992_21994,22194_22196,23009_23011,28362_28370,29734_29759,21608_.|TCATGCCGCTGT
USA/CO-CDPHE-42686971/2024	XEQ	241_C|T,670_T|G,897_C|A,1912_C|T,2790_C|T,3037_C|T,3431_G|T,3565_T|C,4184_G|A,4321_C|T,6183_A|G,6701_C|T,7842_A|G,8293_C|T,8393_G|A,9344_C|T,9424_A|G,9534_C|T,10029_C|T,10198_C|T,10447_G|A,10449_C|A,11042_G|T,11727_G|A,12418_T|C,12789_C|T,12815_C|T,12880_C|T,13339_T|C,14408_C|T,15714_C|T,15756_T|A,16887_C|T,16943_G|T,17410_C|T,18163_A|G,18492_A|G,18894_C|T,19716_C|T,19955_C|T,20055_A|G,21622_C|T,21627_C|A,21711_C|T,21738_T|C,21941_G|T,21987_G|A,22032_T|C,22033_C|A,22034_A|G,22200_T|G,22208_C|T,22295_C|A,22353_C|A,22556_A|G,22577_G|C,22578_G|A,22599_G|C,22629_A|C,22674_C|T,22679_T|C,22686_C|T,22688_A|G,22770_G|A,22775_G|A,22786_A|C,22813_G|T,22882_T|G,22895_G|C,22896_T|A,22898_G|A,22910_A|G,22916_C|T,22917_T|G,22926_T|C,22928_T|C,22942_T|A,22992_G|A,22995_C|A,23005_T|A,23012_G|A,23018_T|C,23019_T|C,23039_C|G,23055_A|G,23063_A|T,23075_T|C,23222_G|A,23271_C|T,23403_A|G,23423_C|T,23599_T|G,23604_C|G,23854_C|A,23948_G|T,24378_C|T,24424_A|T,24469_T|A,24700_C|T,24872_G|T,24990_C|T,25000_C|T,25207_C|T,25584_C|T,25703_C|T,26060_C|T,26270_C|T,26529_G|C,26577_C|G,26610_A|G,26681_C|T,26709_G|A,26833_C|T,26858_C|T,27259_A|C,27382_G|C,27383_A|T,27384_T|C,27807_C|T,27810_T|C,28271_A|T,28311_C|T,28881_G|A,28882_G|A,28883_G|C,28958_C|A,29510_A|C,11288_11296,21633_21641,21765_21770,21992_21994,22194_22196,23009_23011,28362_28370,29734_29759,21608_.|TCATGCCGCTGT
USA/CO-CDPHE-42687025/2024	XEQ	241_C|T,670_T|G,897_C|A,2790_C|T,3037_C|T,3431_G|T,3565_T|C,4184_G|A,4321_C|T,6183_A|G,6701_C|T,7842_A|G,8293_C|T,8393_G|A,9344_C|T,9424_A|G,9534_C|T,9814_T|C,10029_C|T,10198_C|T,10447_G|A,10449_C|A,11042_G|T,11124_C|T,11727_G|A,12418_T|C,12789_C|T,12815_C|T,12880_C|T,13339_T|C,14408_C|T,15714_C|T,15756_T|A,16887_C|T,16943_G|T,17410_C|T,18163_A|G,18375_T|C,18492_A|G,18894_C|T,19716_C|T,19955_C|T,20055_A|G,21622_C|T,21627_C|A,21711_C|T,21738_T|C,21941_G|T,21987_G|A,22032_T|C,22033_C|A,22034_A|G,22200_T|G,22208_C|T,22295_C|A,22353_C|A,22556_A|G,22577_G|C,22578_G|A,22599_G|C,22629_A|C,22674_C|T,22679_T|C,22684_T|C,22686_C|T,22688_A|G,22770_G|A,22775_G|A,22786_A|C,22813_G|T,22882_T|G,22895_G|C,22896_T|A,22898_G|A,22910_A|G,22916_C|T,22917_T|G,22926_T|C,22928_T|C,22942_T|A,22992_G|A,22995_C|A,23005_T|A,23012_G|A,23018_T|C,23019_T|C,23039_C|G,23055_A|G,23063_A|T,23075_T|C,23222_G|A,23271_C|T,23403_A|G,23423_C|T,23525_C|T,23599_T|G,23604_C|G,23854_C|A,23948_G|T,24378_C|T,24424_A|T,24469_T|A,24872_G|T,24990_C|T,25000_C|T,25207_C|T,25584_C|T,26060_C|T,26270_C|T,26529_G|C,26577_C|G,26610_A|G,26681_C|T,26709_G|A,26833_C|T,26858_C|T,27259_A|C,27382_G|C,27383_A|T,27384_T|C,27807_C|T,27810_T|C,28271_A|T,28311_C|T,28881_G|A,28882_G|A,28883_G|C,28958_C|A,29510_A|C,11288_11296,21633_21641,21765_21770,21992_21994,22194_22196,23009_23011,28362_28370,29734_29759,21608_.|TCATGCCGCTGT
USA/CO-CDPHE-42687189/2024	XEQ	241_C|T,670_T|G,897_C|A,2790_C|T,3037_C|T,3431_G|T,3565_T|C,4184_G|A,4321_C|T,6183_A|G,6701_C|T,7842_A|G,8293_C|T,8393_G|A,9344_C|T,9424_A|G,9534_C|T,9814_T|C,10029_C|T,10198_C|T,10447_G|A,10449_C|A,11042_G|T,11124_C|T,11727_G|A,12418_T|C,12789_C|T,12815_C|T,12880_C|T,13339_T|C,14408_C|T,15714_C|T,15756_T|A,16887_C|T,16943_G|T,17410_C|T,18163_A|G,18375_T|C,18492_A|G,18894_C|T,19716_C|T,19955_C|T,20055_A|G,21618_C|T,21622_C|T,21627_C|A,21711_C|T,21738_T|C,21941_G|T,21987_G|A,22032_T|C,22033_C|A,22034_A|G,22200_T|G,22208_C|T,22295_C|A,22353_C|A,22556_A|G,22577_G|C,22578_G|A,22599_G|C,22629_A|C,22674_C|T,22679_T|C,22684_T|C,22686_C|T,22688_A|G,22770_G|A,22775_G|A,22786_A|C,22813_G|T,22882_T|G,22895_G|C,22896_T|A,22898_G|A,22910_A|G,22916_C|T,22917_T|G,22926_T|C,22928_T|C,22942_T|A,22992_G|A,22995_C|A,23005_T|A,23012_G|A,23018_T|C,23019_T|C,23039_C|G,23055_A|G,23063_A|T,23075_T|C,23222_G|A,23271_C|T,23403_A|G,23423_C|T,23525_C|T,23599_T|G,23604_C|G,23854_C|A,23948_G|T,24378_C|T,24424_A|T,24469_T|A,24872_G|T,24990_C|T,25000_C|T,25207_C|T,25584_C|T,26060_C|T,26270_C|T,26529_G|C,26577_C|G,26610_A|G,26681_C|T,26709_G|A,26833_C|T,26858_C|T,27259_A|C,27382_G|C,27383_A|T,27384_T|C,27807_C|T,27810_T|C,28271_A|T,28311_C|T,28881_G|A,28882_G|A,28883_G|C,28958_C|A,29510_A|C,11288_11296,21633_21641,21765_21770,21992_21994,22194_22196,23009_23011,28362_28370,29734_29759,21608_.|TCATGCCGCTGT
USA/CO-CDPHE-42687318/2024	XEQ	241_C|T,670_T|G,897_C|A,2790_C|T,3037_C|T,3431_G|T,3565_T|C,4184_G|A,4321_C|T,6183_A|G,6701_C|T,7842_A|G,8293_C|T,8393_G|A,9344_C|T,9424_A|G,9534_C|T,10029_C|T,10198_C|T,10447_G|A,10449_C|A,11042_G|T,11727_G|A,12418_T|C,12789_C|T,12815_C|T,12880_C|T,13339_T|C,14408_C|T,15714_C|T,15756_T|A,16887_C|T,16943_G|T,17339_C|T,17410_C|T,18163_A|G,18492_A|G,18894_C|T,19017_C|T,19716_C|T,19955_C|T,20055_A|G,21622_C|T,21627_C|A,21711_C|T,21738_T|C,21941_G|T,21987_G|A,22032_T|C,22033_C|A,22034_A|G,22200_T|G,22208_C|T,22295_C|A,22353_C|A,22556_A|G,22577_G|C,22578_G|A,22599_G|C,22629_A|C,22674_C|T,22679_T|C,22686_C|T,22688_A|G,22770_G|A,22775_G|A,22786_A|C,22813_G|T,22882_T|G,22895_G|C,22896_T|A,22898_G|A,22910_A|G,22916_C|T,22917_T|G,22926_T|C,22928_T|C,22942_T|A,22992_G|A,22995_C|A,23005_T|A,23012_G|A,23018_T|C,23019_T|C,23039_C|G,23055_A|G,23063_A|T,23075_T|C,23222_G|A,23271_C|T,23403_A|G,23423_C|T,23525_C|T,23599_T|G,23604_C|G,23854_C|A,23948_G|T,24378_C|T,24424_A|T,24469_T|A,24872_G|T,24990_C|T,25000_C|T,25207_C|T,25584_C|T,26060_C|T,26270_C|T,26529_G|C,26577_C|G,26610_A|G,26681_C|T,26709_G|A,26833_C|T,26858_C|T,27259_A|C,27381_T|C,27382_G|C,27383_A|T,27384_T|C,27807_C|T,27810_T|C,28271_A|T,28311_C|T,28881_G|A,28882_G|A,28883_G|C,28958_C|A,29510_A|C,11288_11296,21633_21641,21765_21770,21992_21994,22194_22196,23009_23011,28362_28370,29734_29759,21608_.|TCATGCCGCTGT
USA/CO-CDPHE-42687320/2024	XEQ	241_C|T,670_T|G,897_C|A,2790_C|T,3037_C|T,3431_G|T,3565_T|C,4184_G|A,4321_C|T,6183_A|G,6701_C|T,7842_A|G,8293_C|T,8393_G|A,9344_C|T,9424_A|G,9534_C|T,10029_C|T,10198_C|T,10447_G|A,10449_C|A,11042_G|T,11727_G|A,12418_T|C,12789_C|T,12815_C|T,12880_C|T,13339_T|C,14408_C|T,15714_C|T,15756_T|A,16887_C|T,16943_G|T,17339_C|T,17410_C|T,18163_A|G,18492_A|G,18894_C|T,19017_C|T,19716_C|T,19955_C|T,20055_A|G,21618_C|T,21622_C|T,21627_C|A,21711_C|T,21738_T|C,21941_G|T,21987_G|A,22032_T|C,22033_C|A,22034_A|G,22200_T|G,22208_C|T,22295_C|A,22353_C|A,22556_A|G,22577_G|C,22578_G|A,22599_G|C,22629_A|C,22674_C|T,22679_T|C,22686_C|T,22688_A|G,22770_G|A,22775_G|A,22786_A|C,22813_G|T,22882_T|G,22895_G|C,22896_T|A,22898_G|A,22910_A|G,22916_C|T,22917_T|G,22926_T|C,22928_T|C,22942_T|A,22992_G|A,22995_C|A,23005_T|A,23012_G|A,23018_T|C,23019_T|C,23039_C|G,23055_A|G,23063_A|T,23075_T|C,23222_G|A,23271_C|T,23403_A|G,23423_C|T,23525_C|T,23599_T|G,23604_C|G,23854_C|A,23948_G|T,24378_C|T,24424_A|T,24469_T|A,24872_G|T,24990_C|T,25000_C|T,25207_C|T,25584_C|T,26060_C|T,26270_C|T,26529_G|C,26577_C|G,26610_A|G,26681_C|T,26709_G|A,26833_C|T,26858_C|T,27259_A|C,27381_T|C,27382_G|C,27383_A|T,27384_T|C,27807_C|T,27810_T|C,28271_A|T,28311_C|T,28881_G|A,28882_G|A,28883_G|C,28958_C|A,29510_A|C,11288_11296,21633_21641,21765_21770,21992_21994,22194_22196,23009_23011,28362_28370,29734_29759,21608_.|TCATGCCGCTGT
USA/CO-CDPHE-42687531/2024	XEQ	241_C|T,670_T|G,897_C|A,2790_C|T,2995_G|T,3037_C|T,3431_G|T,3565_T|C,4184_G|A,4321_C|T,6183_A|G,6701_C|T,7842_A|G,8293_C|T,8393_G|A,9344_C|T,9424_A|G,9534_C|T,9814_T|C,10029_C|T,10198_C|T,10447_G|A,10449_C|A,11042_G|T,11727_G|A,12418_T|C,12789_C|T,12815_C|T,12880_C|T,13339_T|C,14408_C|T,15714_C|T,15756_T|A,16887_C|T,16943_G|T,17410_C|T,18163_A|G,18492_A|G,18894_C|T,19716_C|T,19955_C|T,20055_A|G,21622_C|T,21627_C|A,21711_C|T,21738_T|C,21941_G|T,21987_G|A,22032_T|C,22033_C|A,22034_A|G,22200_T|G,22208_C|T,22295_C|A,22353_C|A,22556_A|G,22577_G|C,22578_G|A,22599_G|C,22629_A|C,22674_C|T,22679_T|C,22684_T|C,22686_C|T,22688_A|G,22770_G|A,22775_G|A,22786_A|C,22813_G|T,22882_T|G,22895_G|C,22896_T|A,22898_G|A,22910_A|G,22916_C|T,22917_T|G,22926_T|C,22928_T|C,22942_T|A,22992_G|A,22995_C|A,23005_T|A,23012_G|A,23018_T|C,23019_T|C,23039_C|G,23055_A|G,23063_A|T,23075_T|C,23222_G|A,23271_C|T,23403_A|G,23423_C|T,23525_C|T,23599_T|G,23604_C|G,23854_C|A,23948_G|T,24378_C|T,24424_A|T,24469_T|A,24872_G|T,24990_C|T,25000_C|T,25207_C|T,25584_C|T,26060_C|T,26270_C|T,26529_G|C,26577_C|G,26610_A|G,26681_C|T,26709_G|A,26833_C|T,26858_C|T,27259_A|C,27382_G|C,27383_A|T,27384_T|C,27807_C|T,27810_T|C,28271_A|T,28311_C|T,28881_G|A,28882_G|A,28883_G|C,28958_C|A,29274_C|T,29510_A|C,11288_11296,21633_21641,21765_21770,21992_21994,22194_22196,23009_23011,28362_28370,29734_29759,21608_.|TCATGCCGCTGT
USA/CO-CDPHE-42778887/2024	XEQ	241_C|T,670_T|G,897_C|A,2642_A|G,2790_C|T,3037_C|T,3267_C|T,3431_G|T,3565_T|C,4184_G|A,4321_C|T,4999_C|T,6183_A|G,6701_C|T,7842_A|G,8293_C|T,8393_G|A,9344_C|T,9424_A|G,9534_C|T,10029_C|T,10198_C|T,10447_G|A,10449_C|A,11042_G|T,11727_G|A,12244_T|C,12418_T|C,12789_C|T,12815_C|T,12880_C|T,13339_T|C,14408_C|T,15714_C|T,15756_T|A,16887_C|T,16943_G|T,17410_C|T,18163_A|G,18492_A|G,18894_C|T,19185_C|T,19716_C|T,19955_C|T,20055_A|G,20287_G|A,21618_C|T,21622_C|T,21627_C|A,21711_C|T,21738_T|C,21941_G|T,21987_G|A,22032_T|C,22033_C|A,22034_A|G,22200_T|G,22208_C|T,22295_C|A,22353_C|A,22556_A|G,22577_G|C,22578_G|A,22599_G|C,22629_A|C,22674_C|T,22679_T|C,22686_C|T,22688_A|G,22770_G|A,22775_G|A,22786_A|C,22813_G|T,22882_T|G,22895_G|C,22896_T|A,22898_G|A,22910_A|G,22916_C|T,22917_T|G,22926_T|C,22928_T|C,22942_T|A,22992_G|A,22995_C|A,23005_T|A,23012_G|A,23018_T|C,23019_T|C,23039_C|G,23055_A|G,23063_A|T,23075_T|C,23222_G|A,23271_C|T,23403_A|G,23423_C|T,23525_C|T,23599_T|G,23604_C|G,23854_C|A,23948_G|T,24378_C|T,24424_A|T,24469_T|A,24872_G|T,24990_C|T,25000_C|T,25207_C|T,25584_C|T,26060_C|T,26270_C|T,26529_G|C,26577_C|G,26610_A|G,26681_C|T,26709_G|A,26833_C|T,26858_C|T,27259_A|C,27382_G|C,27383_A|T,27384_T|C,27807_C|T,27810_T|C,28271_A|T,28311_C|T,28881_G|A,28882_G|A,28883_G|C,28958_C|A,29510_A|C,11288_11296,21633_21641,21765_21770,21992_21994,22194_22196,23009_23011,28362_28370,29734_29759,21608_.|TCATGCCGCTGT
USA/CO-CDPHE-42779123/2024	XEQ	241_C|T,670_T|G,897_C|A,2790_C|T,3037_C|T,3431_G|T,3565_T|C,4184_G|A,4321_C|T,6183_A|G,6701_C|T,7842_A|G,8293_C|T,8393_G|A,9344_C|T,9424_A|G,9534_C|T,9814_T|C,10029_C|T,10198_C|T,10447_G|A,10449_C|A,11042_G|T,11124_C|T,11727_G|A,12418_T|C,12789_C|T,12815_C|T,12880_C|T,13339_T|C,14408_C|T,15714_C|T,15756_T|A,16887_C|T,16943_G|T,17410_C|T,18163_A|G,18375_T|C,18492_A|G,18894_C|T,19716_C|T,19955_C|T,20055_A|G,21622_C|T,21627_C|A,21711_C|T,21738_T|C,21941_G|T,21987_G|A,22032_T|C,22033_C|A,22034_A|G,22200_T|G,22208_C|T,22295_C|A,22353_C|A,22556_A|G,22577_G|C,22578_G|A,22599_G|C,22629_A|C,22674_C|T,22679_T|C,22684_T|C,22686_C|T,22688_A|G,22770_G|A,22775_G|A,22786_A|C,22813_G|T,22882_T|G,22895_G|C,22896_T|A,22898_G|A,22910_A|G,22916_C|T,22917_T|G,22926_T|C,22928_T|C,22942_T|A,22992_G|A,22995_C|A,23005_T|A,23012_G|A,23018_T|C,23019_T|C,23039_C|G,23055_A|G,23063_A|T,23075_T|C,23222_G|A,23271_C|T,23403_A|G,23423_C|T,23525_C|T,23599_T|G,23604_C|G,23854_C|A,23948_G|T,24378_C|T,24424_A|T,24469_T|A,24872_G|T,24990_C|T,25000_C|T,25207_C|T,25584_C|T,26060_C|T,26270_C|T,26529_G|C,26577_C|G,26610_A|G,26681_C|T,26709_G|A,26833_C|T,26858_C|T,27259_A|C,27382_G|C,27383_A|T,27384_T|C,27807_C|T,27810_T|C,28271_A|T,28311_C|T,28881_G|A,28882_G|A,28883_G|C,28958_C|A,29510_A|C,11288_11296,21633_21641,21765_21770,21992_21994,22194_22196,23009_23011,28362_28370,29734_29759,21608_.|TCATGCCGCTGT
USA/CO-CDPHE-42779222/2024	XEQ	241_C|T,670_T|G,897_C|A,2790_C|T,3037_C|T,3431_G|T,3565_T|C,4184_G|A,4321_C|T,6183_A|G,6701_C|T,7842_A|G,8293_C|T,8393_G|A,9344_C|T,9424_A|G,9534_C|T,9814_T|C,10029_C|T,10198_C|T,10447_G|A,10449_C|A,11042_G|T,11124_C|T,11727_G|A,12418_T|C,12789_C|T,12815_C|T,12880_C|T,13339_T|C,14408_C|T,15714_C|T,15756_T|A,16887_C|T,16943_G|T,17410_C|T,18163_A|G,18375_T|C,18492_A|G,18894_C|T,19716_C|T,19955_C|T,20055_A|G,21618_C|T,21622_C|T,21627_C|A,21711_C|T,21738_T|C,21941_G|T,21987_G|A,22032_T|C,22033_C|A,22034_A|G,22200_T|G,22208_C|T,22295_C|A,22353_C|A,22556_A|G,22577_G|C,22578_G|A,22599_G|C,22629_A|C,22674_C|T,22679_T|C,22684_T|C,22686_C|T,22688_A|G,22770_G|A,22775_G|A,22786_A|C,22813_G|T,22882_T|G,22895_G|C,22896_T|A,22898_G|A,22910_A|G,22916_C|T,22917_T|G,22926_T|C,22928_T|C,22942_T|A,22992_G|A,22995_C|A,23005_T|A,23012_G|A,23018_T|C,23019_T|C,23039_C|G,23055_A|G,23063_A|T,23075_T|C,23222_G|A,23271_C|T,23403_A|G,23423_C|T,23525_C|T,23599_T|G,23604_C|G,23854_C|A,23948_G|T,24378_C|T,24424_A|T,24469_T|A,24872_G|T,24990_C|T,25000_C|T,25207_C|T,25584_C|T,26060_C|T,26270_C|T,26529_G|C,26577_C|G,26610_A|G,26681_C|T,26709_G|A,26833_C|T,26858_C|T,27259_A|C,27382_G|C,27383_A|T,27384_T|C,27807_C|T,27810_T|C,28271_A|T,28311_C|T,28881_G|A,28882_G|A,28883_G|C,28958_C|A,29510_A|C,11288_11296,21633_21641,21765_21770,21992_21994,22194_22196,23009_23011,28362_28370,29734_29759,21608_.|TCATGCCGCTGT
USA/CO-CDPHE-42779314/2024	XEQ	241_C|T,670_T|G,897_C|A,2790_C|T,3037_C|T,3431_G|T,3565_T|C,4184_G|A,4321_C|T,6183_A|G,6701_C|T,7842_A|G,8293_C|T,8393_G|A,9344_C|T,9424_A|G,9534_C|T,10029_C|T,10198_C|T,10447_G|A,10449_C|A,11042_G|T,11727_G|A,12418_T|C,12789_C|T,12815_C|T,12880_C|T,13339_T|C,14408_C|T,15714_C|T,15756_T|A,16887_C|T,16943_G|T,17410_C|T,18163_A|G,18492_A|G,18894_C|T,19017_C|T,19716_C|T,19955_C|T,20055_A|G,21618_C|T,21622_C|T,21627_C|A,21711_C|T,21738_T|C,21941_G|T,21987_G|A,22032_T|C,22033_C|A,22034_A|G,22200_T|G,22208_C|T,22295_C|A,22353_C|A,22556_A|G,22577_G|C,22578_G|A,22599_G|C,22629_A|C,22674_C|T,22679_T|C,22686_C|T,22688_A|G,22770_G|A,22775_G|A,22786_A|C,22813_G|T,22882_T|G,22895_G|C,22896_T|A,22898_G|A,22910_A|G,22916_C|T,22917_T|G,22926_T|C,22928_T|C,22942_T|A,22992_G|A,22995_C|A,23005_T|A,23012_G|A,23018_T|C,23019_T|C,23039_C|G,23055_A|G,23063_A|T,23075_T|C,23222_G|A,23271_C|T,23403_A|G,23423_C|T,23525_C|T,23599_T|G,23604_C|G,23854_C|A,23948_G|T,24378_C|T,24424_A|T,24469_T|A,24872_G|T,24990_C|T,25000_C|T,25207_C|T,25584_C|T,26060_C|T,26270_C|T,26529_G|C,26577_C|G,26610_A|G,26681_C|T,26709_G|A,26833_C|T,26858_C|T,27259_A|C,27381_T|C,27382_G|C,27383_A|T,27384_T|C,27807_C|T,27810_T|C,28271_A|T,28311_C|T,28881_G|A,28882_G|A,28883_G|C,28958_C|A,29510_A|C,11288_11296,21633_21641,21765_21770,21992_21994,22194_22196,23009_23011,28362_28370,29734_29759,21608_.|TCATGCCGCTGT
USA/CO-CDPHE-42779372/2025	XEQ	241_C|T,670_T|G,897_C|A,1392_C|T,2790_C|T,3037_C|T,3431_G|T,3565_T|C,4184_G|A,4321_C|T,6183_A|G,6701_C|T,7842_A|G,8293_C|T,8393_G|A,9344_C|T,9424_A|G,9534_C|T,10029_C|T,10198_C|T,10447_G|A,10449_C|A,11042_G|T,11727_G|A,12418_T|C,12789_C|T,12815_C|T,12880_C|T,13339_T|C,14408_C|T,15714_C|T,15756_T|A,16887_C|T,16943_G|T,17410_C|T,18163_A|G,18492_A|G,18894_C|T,19151_C|T,19716_C|T,19955_C|T,20055_A|G,21622_C|T,21627_C|A,21711_C|T,21738_T|C,21941_G|T,21987_G|A,22032_T|C,22033_C|A,22034_A|G,22200_T|G,22208_C|T,22295_C|A,22353_C|A,22556_A|G,22577_G|C,22578_G|A,22599_G|C,22629_A|C,22674_C|T,22679_T|C,22686_C|T,22688_A|G,22770_G|A,22775_G|A,22786_A|C,22813_G|T,22882_T|G,22895_G|C,22896_T|A,22898_G|A,22910_A|G,22916_C|T,22917_T|G,22926_T|C,22928_T|C,22942_T|A,22992_G|A,22995_C|A,23005_T|A,23012_G|A,23018_T|C,23019_T|C,23039_C|G,23055_A|G,23063_A|T,23075_T|C,23222_G|A,23271_C|T,23403_A|G,23423_C|T,23525_C|T,23599_T|G,23604_C|G,23854_C|A,23948_G|T,24378_C|T,24424_A|T,24469_T|A,24872_G|T,24990_C|T,25000_C|T,25207_C|T,25584_C|T,26060_C|T,26270_C|T,26529_G|C,26577_C|G,26610_A|G,26681_C|T,26709_G|A,26833_C|T,26858_C|T,27259_A|C,27382_G|C,27383_A|T,27384_T|C,27807_C|T,27810_T|C,28271_A|T,28311_C|T,28881_G|A,28882_G|A,28883_G|C,28958_C|A,29510_A|C,29580_C|T,11288_11296,21633_21641,21765_21770,21992_21994,22194_22196,23009_23011,28362_28370,29734_29759,21608_.|TCATGCCGCTGT
USA/CO-CDPHE-42779400/2025	XEQ	171_C|T,241_C|T,670_T|G,897_C|A,1912_C|T,2790_C|T,3037_C|T,3431_G|T,3565_T|C,3688_C|A,4184_G|A,4321_C|T,6183_A|G,6701_C|T,7842_A|G,8293_C|T,8393_G|A,9344_C|T,9424_A|G,9534_C|T,10029_C|T,10198_C|T,10447_G|A,10449_C|A,11042_G|T,11727_G|A,12418_T|C,12789_C|T,12815_C|T,12880_C|T,13339_T|C,14408_C|T,15714_C|T,15756_T|A,16887_C|T,16943_G|T,17410_C|T,18163_A|G,18492_A|G,18894_C|T,19716_C|T,19955_C|T,20055_A|G,21622_C|T,21627_C|A,21711_C|T,21738_T|C,21941_G|T,21987_G|A,22032_T|C,22033_C|A,22034_A|G,22200_T|G,22208_C|T,22295_C|A,22353_C|A,22556_A|G,22577_G|C,22578_G|A,22599_G|C,22629_A|C,22674_C|T,22679_T|C,22686_C|T,22688_A|G,22770_G|A,22775_G|A,22786_A|C,22813_G|T,22882_T|G,22895_G|C,22896_T|A,22898_G|A,22910_A|G,22916_C|T,22917_T|G,22926_T|C,22928_T|C,22942_T|A,22992_G|A,22995_C|A,23005_T|A,23012_G|A,23018_T|C,23019_T|C,23039_C|G,23055_A|G,23063_A|T,23075_T|C,23222_G|A,23271_C|T,23403_A|G,23423_C|T,23525_C|T,23599_T|G,23604_C|G,23854_C|A,23948_G|T,24378_C|T,24424_A|T,24469_T|A,24872_G|T,24990_C|T,25000_C|T,25207_C|T,25584_C|T,26060_C|T,26270_C|T,26529_G|C,26577_C|G,26610_A|G,26681_C|T,26709_G|A,26833_C|T,26858_C|T,27259_A|C,27382_G|C,27383_A|T,27384_T|C,27807_C|T,27810_T|C,28271_A|T,28311_C|T,28881_G|A,28882_G|A,28883_G|C,28958_C|A,29510_A|C,11288_11296,21633_21641,21765_21770,21992_21994,22194_22196,23009_23011,28362_28370,29734_29759,21608_.|TCATGCCGCTGT
USA/CO-CDPHE-42779662/2025	XEQ	241_C|T,670_T|G,897_C|A,2790_C|T,3037_C|T,3431_G|T,3565_T|C,4184_G|A,4321_C|T,6183_A|G,6701_C|T,7820_T|C,7842_A|G,8293_C|T,8393_G|A,9344_C|T,9424_A|G,9534_C|T,10029_C|T,10198_C|T,10447_G|A,10449_C|A,11042_G|T,11727_G|A,12418_T|C,12493_C|T,12789_C|T,12815_C|T,12880_C|T,13339_T|C,14408_C|T,15714_C|T,15756_T|A,16887_C|T,16943_G|T,17410_C|T,18163_A|G,18492_A|G,18894_C|T,19716_C|T,19723_G|T,19955_C|T,20055_A|G,21003_T|C,21622_C|T,21627_C|A,21711_C|T,21738_T|C,21753_G|T,21941_G|T,21987_G|A,22032_T|C,22033_C|A,22034_A|G,22200_T|G,22208_C|T,22295_C|A,22353_C|A,22556_A|G,22577_G|C,22578_G|A,22599_G|C,22629_A|C,22674_C|T,22679_T|C,22686_C|T,22688_A|G,22770_G|A,22775_G|A,22786_A|C,22813_G|T,22882_T|G,22895_G|C,22896_T|A,22898_G|A,22910_A|G,22916_C|T,22917_T|G,22926_T|C,22928_T|C,22942_T|A,22987_C|T,22992_G|A,22995_C|A,23005_T|A,23012_G|A,23018_T|C,23019_T|C,23039_C|G,23055_A|G,23063_A|T,23075_T|C,23222_G|A,23271_C|T,23403_A|G,23423_C|T,23525_C|T,23599_T|G,23604_C|G,23854_C|A,23948_G|T,24378_C|T,24424_A|T,24469_T|A,24872_G|T,24990_C|T,25000_C|T,25207_C|T,25584_C|T,26060_C|T,26270_C|T,26529_G|C,26577_C|G,26610_A|G,26681_C|T,26709_G|A,26833_C|T,26858_C|T,27259_A|C,27382_G|C,27383_A|T,27384_T|C,27459_G|A,27807_C|T,27810_T|C,28271_A|T,28311_C|T,28881_G|A,28882_G|A,28883_G|C,28958_C|A,29510_A|C,29543_G|A,11288_11296,21633_21641,21765_21770,21992_21994,22194_22196,23009_23011,28362_28370,29734_29759,21608_.|TCATGCCGCTGT
USA/CO-CDPHE-42779700/2025	XEQ	241_C|T,670_T|G,897_C|A,1392_C|T,2790_C|T,3037_C|T,3431_G|T,3565_T|C,4184_G|A,4321_C|T,6183_A|G,6701_C|T,7842_A|G,8293_C|T,8393_G|A,9344_C|T,9424_A|G,9534_C|T,10029_C|T,10198_C|T,10447_G|A,10449_C|A,11042_G|T,11727_G|A,12418_T|C,12789_C|T,12815_C|T,12880_C|T,13339_T|C,14408_C|T,15714_C|T,15756_T|A,16887_C|T,16943_G|T,17410_C|T,18163_A|G,18492_A|G,18894_C|T,19716_C|T,19955_C|T,20055_A|G,21622_C|T,21627_C|A,21711_C|T,21738_T|C,21941_G|T,21987_G|A,22032_T|C,22033_C|A,22034_A|G,22200_T|G,22208_C|T,22295_C|A,22353_C|A,22556_A|G,22577_G|C,22578_G|A,22599_G|C,22629_A|C,22674_C|T,22679_T|C,22686_C|T,22688_A|G,22770_G|A,22775_G|A,22786_A|C,22813_G|T,22882_T|G,22895_G|C,22896_T|A,22898_G|A,22910_A|G,22916_C|T,22917_T|G,22926_T|C,22928_T|C,22942_T|A,22992_G|A,22995_C|A,23005_T|A,23012_G|A,23018_T|C,23019_T|C,23039_C|G,23055_A|G,23063_A|T,23075_T|C,23222_G|A,23271_C|T,23403_A|G,23423_C|T,23525_C|T,23599_T|G,23604_C|G,23854_C|A,23948_G|T,24378_C|T,24424_A|T,24469_T|A,24872_G|T,24990_C|T,25000_C|T,25207_C|T,25584_C|T,26060_C|T,26270_C|T,26529_G|C,26577_C|G,26610_A|G,26681_C|T,26709_G|A,26833_C|T,26858_C|T,27259_A|C,27382_G|C,27383_A|T,27384_T|C,27722_T|C,27807_C|T,27810_T|C,28271_A|T,28311_C|T,28881_G|A,28882_G|A,28883_G|C,28958_C|A,29510_A|C,11288_11296,21633_21641,21765_21770,21992_21994,22194_22196,23009_23011,28362_28370,29734_29759,21608_.|TCATGCCGCTGT
USA/CO-CDPHE-42779710/2025	XEQ	241_C|T,670_T|G,897_C|A,2790_C|T,3037_C|T,3431_G|T,3565_T|C,4184_G|A,4321_C|T,6183_A|G,6701_C|T,7842_A|G,8293_C|T,8393_G|A,9344_C|T,9424_A|G,9534_C|T,9814_T|C,10029_C|T,10198_C|T,10447_G|A,10449_C|A,11042_G|T,11124_C|T,11727_G|A,12418_T|C,12789_C|T,12815_C|T,12880_C|T,13339_T|C,14408_C|T,15714_C|T,15756_T|A,16887_C|T,16943_G|T,17410_C|T,18163_A|G,18375_T|C,18492_A|G,18894_C|T,19716_C|T,19955_C|T,20055_A|G,21618_C|T,21622_C|T,21627_C|A,21711_C|T,21738_T|C,21941_G|T,21987_G|A,22032_T|C,22033_C|A,22034_A|G,22200_T|G,22208_C|T,22295_C|A,22353_C|A,22556_A|G,22577_G|C,22578_G|A,22599_G|C,22629_A|C,22674_C|T,22679_T|C,22684_T|C,22686_C|T,22688_A|G,22770_G|A,22775_G|A,22786_A|C,22813_G|T,22882_T|G,22895_G|C,22896_T|A,22898_G|A,22910_A|G,22916_C|T,22917_T|G,22926_T|C,22928_T|C,22942_T|A,22992_G|A,22995_C|A,23005_T|A,23012_G|A,23018_T|C,23019_T|C,23039_C|G,23055_A|G,23063_A|T,23075_T|C,23222_G|A,23271_C|T,23403_A|G,23423_C|T,23525_C|T,23599_T|G,23604_C|G,23854_C|A,23948_G|T,24378_C|T,24424_A|T,24469_T|A,24872_G|T,24990_C|T,25000_C|T,25207_C|T,25584_C|T,26060_C|T,26270_C|T,26529_G|C,26577_C|G,26610_A|G,26681_C|T,26709_G|A,26833_C|T,26858_C|T,27259_A|C,27382_G|C,27383_A|T,27384_T|C,27807_C|T,27810_T|C,28271_A|T,28311_C|T,28881_G|A,28882_G|A,28883_G|C,28958_C|A,29510_A|C,11288_11296,21633_21641,21765_21770,21992_21994,22194_22196,23009_23011,28362_28370,29734_29759,21608_.|TCATGCCGCTGT
USA/CO-CDPHE-42779736/2025	XEQ	241_C|T,670_T|G,897_C|A,2790_C|T,3037_C|T,3267_C|T,3431_G|T,3565_T|C,3787_C|T,4184_G|A,4321_C|T,6183_A|G,6701_C|T,7842_A|G,8293_C|T,8393_G|A,9344_C|T,9424_A|G,9534_C|T,10029_C|T,10198_C|T,10447_G|A,10449_C|A,11042_G|T,11727_G|A,12418_T|C,12789_C|T,12815_C|T,12880_C|T,13339_T|C,14408_C|T,15714_C|T,15756_T|A,16887_C|T,16943_G|T,17410_C|T,17676_C|T,18163_A|G,18492_A|G,18894_C|T,19716_C|T,19955_C|T,20055_A|G,21622_C|T,21627_C|A,21711_C|T,21738_T|C,21941_G|T,21987_G|A,22032_T|C,22033_C|A,22034_A|G,22200_T|G,22208_C|T,22295_C|A,22353_C|A,22556_A|G,22577_G|C,22578_G|A,22599_G|C,22629_A|C,22674_C|T,22679_T|C,22686_C|T,22688_A|G,22770_G|A,22775_G|A,22786_A|C,22813_G|T,22882_T|G,22895_G|C,22896_T|A,22898_G|A,22910_A|G,22916_C|T,22917_T|G,22926_T|C,22928_T|C,22942_T|A,22992_G|A,22995_C|A,23005_T|A,23012_G|A,23018_T|C,23019_T|C,23039_C|G,23055_A|G,23063_A|T,23075_T|C,23222_G|A,23271_C|T,23403_A|G,23423_C|T,23525_C|T,23599_T|G,23604_C|G,23854_C|A,23948_G|T,24378_C|T,24424_A|T,24469_T|A,24872_G|T,24989_C|T,24990_C|T,25000_C|T,25207_C|T,25584_C|T,26060_C|T,26270_C|T,26529_G|C,26577_C|G,26610_A|G,26681_C|T,26709_G|A,26833_C|T,26858_C|T,27259_A|C,27382_G|C,27383_A|T,27384_T|C,27807_C|T,27810_T|C,28271_A|T,28311_C|T,28881_G|A,28882_G|A,28883_G|C,28958_C|A,29510_A|C,11288_11296,21633_21641,21765_21770,21992_21994,22194_22196,23009_23011,28362_28370,29734_29759,21608_.|TCATGCCGCTGT
USA/CO-CDPHE-42779802/2025	XEQ	241_C|T,670_T|G,897_C|A,912_C|A,2790_C|T,3037_C|T,3431_G|T,3565_T|C,4184_G|A,4321_C|T,6183_A|G,6701_C|T,7842_A|G,8293_C|T,8393_G|A,9344_C|T,9424_A|G,9534_C|T,10029_C|T,10198_C|T,10447_G|A,10449_C|A,11042_G|T,11727_G|A,12418_T|C,12789_C|T,12815_C|T,12880_C|T,13339_T|C,14408_C|T,15681_A|G,15714_C|T,15756_T|A,16887_C|T,16943_G|T,17410_C|T,18163_A|G,18492_A|G,18894_C|T,19716_C|T,19955_C|T,20055_A|G,21622_C|T,21627_C|A,21711_C|T,21738_T|C,21941_G|T,21987_G|A,22032_T|C,22033_C|A,22034_A|G,22200_T|G,22208_C|T,22295_C|A,22353_C|A,22556_A|G,22577_G|C,22578_G|A,22599_G|C,22629_A|C,22674_C|T,22679_T|C,22686_C|T,22688_A|G,22770_G|A,22775_G|A,22786_A|C,22813_G|T,22882_T|G,22895_G|C,22896_T|A,22898_G|A,22910_A|G,22916_C|T,22917_T|G,22926_T|C,22928_T|C,22942_T|A,22992_G|A,22995_C|A,23005_T|A,23012_G|A,23018_T|C,23019_T|C,23039_C|G,23055_A|G,23063_A|T,23075_T|C,23222_G|A,23271_C|T,23365_A|G,23403_A|G,23423_C|T,23525_C|T,23599_T|G,23604_C|G,23854_C|A,23948_G|T,24378_C|T,24469_T|A,24872_G|T,24990_C|T,25000_C|T,25207_C|T,25584_C|T,26060_C|T,26270_C|T,26529_G|C,26577_C|G,26610_A|G,26681_C|T,26709_G|A,26833_C|T,26858_C|T,27259_A|C,27382_G|C,27383_A|T,27384_T|C,27807_C|T,27810_T|C,28271_A|T,28311_C|T,28881_G|A,28882_G|A,28883_G|C,28958_C|A,29510_A|C,11288_11296,21633_21641,21765_21770,21992_21994,22194_22196,23009_23011,28362_28370,29734_29759,21608_.|TCATGCCGCTGT
USA/CO-CDPHE-42779820/2024	XEQ	241_C|T,663_G|A,670_T|G,897_C|A,2790_C|T,3037_C|T,3431_G|T,3565_T|C,4184_G|A,4321_C|T,6183_A|G,6701_C|T,7842_A|G,8293_C|T,8393_G|A,9344_C|T,9424_A|G,9534_C|T,9814_T|C,10029_C|T,10198_C|T,10447_G|A,10449_C|A,11042_G|T,11124_C|T,11727_G|A,12418_T|C,12789_C|T,12815_C|T,12880_C|T,13339_T|C,14408_C|T,15714_C|T,15756_T|A,16887_C|T,16943_G|T,17410_C|T,18163_A|G,18375_T|C,18492_A|G,18894_C|T,19716_C|T,19955_C|T,20055_A|G,21622_C|T,21627_C|A,21711_C|T,21738_T|C,21941_G|T,21987_G|A,22032_T|C,22033_C|A,22034_A|G,22200_T|G,22208_C|T,22295_C|A,22353_C|A,22556_A|G,22577_G|C,22578_G|A,22599_G|C,22629_A|C,22674_C|T,22679_T|C,22684_T|C,22686_C|T,22688_A|G,22770_G|A,22775_G|A,22786_A|C,22813_G|T,22882_T|G,22895_G|C,22896_T|A,22898_G|A,22910_A|G,22916_C|T,22917_T|G,22926_T|C,22928_T|C,22942_T|A,22992_G|A,22995_C|A,23005_T|A,23012_G|A,23018_T|C,23019_T|C,23039_C|G,23055_A|G,23063_A|T,23075_T|C,23222_G|A,23271_C|T,23403_A|G,23423_C|T,23525_C|T,23599_T|G,23604_C|G,23854_C|A,23948_G|T,24378_C|T,24424_A|T,24469_T|A,24872_G|T,24990_C|T,25000_C|T,25207_C|T,25584_C|T,26060_C|T,26270_C|T,26529_G|C,26577_C|G,26610_A|G,26681_C|T,26709_G|A,26833_C|T,26858_C|T,27259_A|C,27382_G|C,27383_A|T,27384_T|C,27807_C|T,27810_T|C,28271_A|T,28311_C|T,28881_G|A,28882_G|A,28883_G|C,28958_C|A,29510_A|C,11288_11296,21633_21641,21765_21770,21992_21994,22194_22196,23009_23011,28362_28370,29734_29759,21608_.|TCATGCCGCTGT
USA/CO-CDPHE-42822124/2024	XEQ	241_C|T,670_T|G,897_C|A,1101_C|T,2790_C|T,3037_C|T,3431_G|T,3565_T|C,4184_G|A,4321_C|T,6183_A|G,6701_C|T,7842_A|G,8293_C|T,8393_G|A,9344_C|T,9424_A|G,9534_C|T,9814_T|C,10029_C|T,10198_C|T,10447_G|A,10449_C|A,11042_G|T,11124_C|T,11727_G|A,12418_T|C,12789_C|T,12815_C|T,12880_C|T,13339_T|C,14408_C|T,15714_C|T,15756_T|A,16887_C|T,16943_G|T,17410_C|T,18163_A|G,18375_T|C,18492_A|G,18894_C|T,19716_C|T,19955_C|T,20055_A|G,21622_C|T,21627_C|A,21711_C|T,21738_T|C,21941_G|T,21987_G|A,22032_T|C,22033_C|A,22034_A|G,22200_T|G,22208_C|T,22295_C|A,22353_C|A,22556_A|G,22577_G|C,22578_G|A,22599_G|C,22629_A|C,22674_C|T,22679_T|C,22684_T|C,22686_C|T,22688_A|G,22770_G|A,22775_G|A,22786_A|C,22813_G|T,22882_T|G,22895_G|C,22896_T|A,22898_G|A,22910_A|G,22916_C|T,22917_T|G,22926_T|C,22928_T|C,22942_T|A,22992_G|A,22995_C|A,23005_T|A,23012_G|A,23018_T|C,23019_T|C,23039_C|G,23055_A|G,23063_A|T,23075_T|C,23222_G|A,23271_C|T,23403_A|G,23423_C|T,23525_C|T,23599_T|G,23604_C|G,23854_C|A,23948_G|T,24378_C|T,24424_A|T,24469_T|A,24872_G|T,24990_C|T,25000_C|T,25207_C|T,25584_C|T,26060_C|T,26270_C|T,26529_G|C,26577_C|G,26610_A|G,26681_C|T,26709_G|A,26833_C|T,26858_C|T,27259_A|C,27382_G|C,27383_A|T,27384_T|C,27807_C|T,27810_T|C,28271_A|T,28311_C|T,28881_G|A,28882_G|A,28883_G|C,28958_C|A,29510_A|C,11288_11296,21633_21641,21765_21770,21992_21994,22194_22196,23009_23011,28362_28370,29734_29759,21608_.|TCATGCCGCTGT
USA/CO-CDPHE-42867569/2025	XEQ	241_C|T,670_T|G,897_C|A,2790_C|T,3037_C|T,3431_G|T,3565_T|C,4184_G|A,4321_C|T,6183_A|G,6701_C|T,7842_A|G,8293_C|T,8393_G|A,9344_C|T,9424_A|G,9534_C|T,9814_T|C,10029_C|T,10198_C|T,10447_G|A,10449_C|A,11042_G|T,11124_C|T,11727_G|A,12418_T|C,12789_C|T,12815_C|T,12880_C|T,13339_T|C,14408_C|T,14676_C|T,15714_C|T,15756_T|A,16887_C|T,16943_G|T,17410_C|T,18163_A|G,18375_T|C,18492_A|G,18894_C|T,19716_C|T,19955_C|T,20055_A|G,21622_C|T,21627_C|A,21711_C|T,21738_T|C,21941_G|T,21987_G|A,22032_T|C,22033_C|A,22034_A|G,22200_T|G,22208_C|T,22295_C|A,22353_C|A,22556_A|G,22577_G|C,22578_G|A,22599_G|C,22629_A|C,22674_C|T,22679_T|C,22684_T|C,22686_C|T,22688_A|G,22770_G|A,22775_G|A,22786_A|C,22813_G|T,22882_T|G,22895_G|C,22896_T|A,22898_G|A,22910_A|G,22916_C|T,22917_T|G,22926_T|C,22928_T|C,22942_T|A,22992_G|A,22995_C|A,23005_T|A,23012_G|A,23018_T|C,23019_T|C,23039_C|G,23055_A|G,23063_A|T,23075_T|C,23222_G|A,23271_C|T,23403_A|G,23423_C|T,23525_C|T,23599_T|G,23604_C|G,23854_C|A,23948_G|T,24378_C|T,24424_A|T,24469_T|A,24872_G|T,24990_C|T,25000_C|T,25207_C|T,25584_C|T,26060_C|T,26270_C|T,26529_G|C,26577_C|G,26610_A|G,26681_C|T,26709_G|A,26833_C|T,26858_C|T,27259_A|C,27382_G|C,27383_A|T,27384_T|C,27807_C|T,27810_T|C,28271_A|T,28311_C|T,28881_G|A,28882_G|A,28883_G|C,28958_C|A,29510_A|C,11288_11296,21633_21641,21765_21770,21992_21994,22194_22196,23009_23011,28362_28370,29734_29759,21608_.|TCATGCCGCTGT
USA/CO-CDPHE-42867615/2025	XEQ	241_C|T,670_T|G,897_C|A,2790_C|T,3037_C|T,3431_G|T,3565_T|C,4184_G|A,4321_C|T,6183_A|G,6446_G|A,6701_C|T,7842_A|G,8293_C|T,8393_G|A,9344_C|T,9424_A|G,9534_C|T,9814_T|C,10029_C|T,10198_C|T,10447_G|A,10449_C|A,11042_G|T,11124_C|T,11727_G|A,12418_T|C,12789_C|T,12815_C|T,12880_C|T,13339_T|C,14408_C|T,15714_C|T,15756_T|A,16887_C|T,16943_G|T,17410_C|T,18163_A|G,18375_T|C,18492_A|G,18894_C|T,19716_C|T,19955_C|T,20055_A|G,21618_C|T,21622_C|T,21627_C|A,21711_C|T,21738_T|C,21941_G|T,21987_G|A,22011_A|G,22032_T|C,22033_C|A,22034_A|G,22200_T|G,22208_C|T,22295_C|A,22353_C|A,22556_A|G,22577_G|C,22578_G|A,22599_G|C,22629_A|C,22674_C|T,22679_T|C,22684_T|C,22686_C|T,22688_A|G,22770_G|A,22775_G|A,22786_A|C,22813_G|T,22882_T|G,22895_G|C,22896_T|A,22898_G|A,22910_A|G,22916_C|T,22917_T|G,22926_T|C,22928_T|C,22942_T|A,22992_G|A,22995_C|A,23005_T|A,23012_G|A,23018_T|C,23019_T|C,23039_C|G,23055_A|G,23063_A|T,23075_T|C,23222_G|A,23271_C|T,23403_A|G,23423_C|T,23599_T|G,23604_C|G,23854_C|A,23948_G|T,24378_C|T,24424_A|T,24469_T|A,24872_G|T,24990_C|T,25000_C|T,25207_C|T,25584_C|T,26060_C|T,26270_C|T,26529_G|C,26577_C|G,26610_A|G,26681_C|T,26709_G|A,26833_C|T,26858_C|T,27259_A|C,27382_G|C,27383_A|T,27384_T|C,27807_C|T,27810_T|C,28271_A|T,28311_C|T,28881_G|A,28882_G|A,28883_G|C,28958_C|A,29510_A|C,11288_11296,21633_21641,21765_21770,21992_21994,22194_22196,23009_23011,28362_28370,29734_29759,21608_.|TCATGCCGCTGT
USA/CO-CDPHE-42867619/2025	XEQ	241_C|T,670_T|G,897_C|A,1392_C|T,2790_C|T,3037_C|T,3431_G|T,3565_T|C,4184_G|A,4321_C|T,6183_A|G,6701_C|T,7842_A|G,8293_C|T,8393_G|A,9344_C|T,9424_A|G,9534_C|T,10029_C|T,10198_C|T,10447_G|A,10449_C|A,11042_G|T,11727_G|A,12418_T|C,12789_C|T,12815_C|T,12880_C|T,13339_T|C,14408_C|T,15714_C|T,15756_T|A,16887_C|T,16943_G|T,17410_C|T,18163_A|G,18492_A|G,18894_C|T,19716_C|T,19955_C|T,20055_A|G,21622_C|T,21627_C|A,21711_C|T,21738_T|C,21941_G|T,21987_G|A,22032_T|C,22033_C|A,22034_A|G,22200_T|G,22208_C|T,22295_C|A,22353_C|A,22556_A|G,22577_G|C,22578_G|A,22599_G|C,22629_A|C,22674_C|T,22679_T|C,22686_C|T,22688_A|G,22770_G|A,22775_G|A,22786_A|C,22813_G|T,22882_T|G,22895_G|C,22896_T|A,22898_G|A,22910_A|G,22916_C|T,22917_T|G,22926_T|C,22928_T|C,22942_T|A,22992_G|A,22995_C|A,23005_T|A,23012_G|A,23018_T|C,23019_T|C,23039_C|G,23055_A|G,23063_A|T,23075_T|C,23222_G|A,23271_C|T,23403_A|G,23423_C|T,23599_T|G,23604_C|G,23854_C|A,23948_G|T,24378_C|T,24424_A|T,24469_T|A,24872_G|T,24990_C|T,25000_C|T,25207_C|T,25584_C|T,26060_C|T,26270_C|T,26529_G|C,26577_C|G,26610_A|G,26681_C|T,26709_G|A,26833_C|T,26858_C|T,27259_A|C,27382_G|C,27383_A|T,27384_T|C,27807_C|T,27810_T|C,28271_A|T,28311_C|T,28881_G|A,28882_G|A,28883_G|C,28958_C|A,29510_A|C,11288_11296,21633_21641,21765_21770,21992_21994,22194_22196,23009_23011,28362_28370,29734_29759,21608_.|TCATGCCGCTGT
USA/CO-CDPHE-42867677/2025	XEQ	241_C|T,670_T|G,897_C|A,1912_C|T,2790_C|T,3037_C|T,3431_G|T,3565_T|C,4184_G|A,4321_C|T,6183_A|G,6701_C|T,7842_A|G,8293_C|T,8393_G|A,9344_C|T,9424_A|G,9534_C|T,10029_C|T,10198_C|T,10447_G|A,10449_C|A,11042_G|T,11727_G|A,12418_T|C,12789_C|T,12815_C|T,12880_C|T,13339_T|C,14408_C|T,15714_C|T,15756_T|A,16887_C|T,16943_G|T,17410_C|T,18163_A|G,18492_A|G,18894_C|T,19716_C|T,19955_C|T,20055_A|G,21622_C|T,21627_C|A,21711_C|T,21738_T|C,21941_G|T,21987_G|A,22032_T|C,22033_C|A,22034_A|G,22200_T|G,22208_C|T,22295_C|A,22353_C|A,22556_A|G,22577_G|C,22578_G|A,22599_G|C,22629_A|C,22674_C|T,22679_T|C,22686_C|T,22688_A|G,22770_G|A,22775_G|A,22786_A|C,22813_G|T,22882_T|G,22895_G|C,22896_T|A,22898_G|A,22910_A|G,22916_C|T,22917_T|G,22926_T|C,22928_T|C,22942_T|A,22992_G|A,22995_C|A,23005_T|A,23012_G|A,23018_T|C,23019_T|C,23039_C|G,23055_A|G,23063_A|T,23075_T|C,23222_G|A,23271_C|T,23403_A|G,23423_C|T,23525_C|T,23599_T|G,23604_C|G,23854_C|A,23948_G|T,24378_C|T,24424_A|T,24469_T|A,24700_C|T,24872_G|T,24990_C|T,25000_C|T,25207_C|T,25584_C|T,25703_C|T,26060_C|T,26270_C|T,26529_G|C,26577_C|G,26610_A|G,26681_C|T,26709_G|A,26833_C|T,26858_C|T,27259_A|C,27382_G|C,27383_A|T,27384_T|C,27807_C|T,27810_T|C,28271_A|T,28311_C|T,28881_G|A,28882_G|A,28883_G|C,28958_C|A,29510_A|C,11288_11296,21633_21641,21765_21770,21992_21994,22194_22196,23009_23011,28362_28370,29734_29759,21608_.|TCATGCCGCTGT
USA/CO-CDPHE-42867813/2025	XEQ	241_C|T,670_T|G,897_C|A,1392_C|T,2790_C|T,3037_C|T,3431_G|T,3565_T|C,4184_G|A,4321_C|T,6183_A|G,6701_C|T,7842_A|G,8293_C|T,8393_G|A,9344_C|T,9424_A|G,9534_C|T,10015_C|T,10029_C|T,10198_C|T,10447_G|A,10449_C|A,11042_G|T,11727_G|A,12418_T|C,12789_C|T,12815_C|T,12880_C|T,13339_T|C,14408_C|T,15714_C|T,15756_T|A,16426_T|C,16887_C|T,16943_G|T,17410_C|T,18163_A|G,18492_A|G,18894_C|T,19716_C|T,19955_C|T,20055_A|G,21622_C|T,21627_C|A,21711_C|T,21738_T|C,21941_G|T,21987_G|A,22032_T|C,22033_C|A,22034_A|G,22200_T|G,22208_C|T,22295_C|A,22353_C|A,22556_A|G,22577_G|C,22578_G|A,22599_G|C,22629_A|C,22674_C|T,22679_T|C,22686_C|T,22688_A|G,22770_G|A,22775_G|A,22786_A|C,22813_G|T,22882_T|G,22895_G|C,22896_T|A,22898_G|A,22910_A|G,22916_C|T,22917_T|G,22926_T|C,22928_T|C,22942_T|A,22992_G|A,22995_C|A,23005_T|A,23012_G|A,23018_T|C,23019_T|C,23039_C|G,23055_A|G,23063_A|T,23075_T|C,23222_G|A,23271_C|T,23403_A|G,23423_C|T,23525_C|T,23599_T|G,23604_C|G,23854_C|A,23948_G|T,24378_C|T,24424_A|T,24469_T|A,24872_G|T,24990_C|T,25000_C|T,25207_C|T,25584_C|T,26060_C|T,26270_C|T,26529_G|C,26577_C|G,26610_A|G,26681_C|T,26709_G|A,26833_C|T,26858_C|T,27259_A|C,27382_G|C,27383_A|T,27384_T|C,27807_C|T,27810_T|C,28271_A|T,28311_C|T,28881_G|A,28882_G|A,28883_G|C,28958_C|A,29510_A|C,29580_C|T,11288_11296,21633_21641,21765_21770,21992_21994,22194_22196,23009_23011,28362_28370,29734_29759,21608_.|TCATGCCGCTGT
USA/CO-CDPHE-42909457/2025	XEQ	241_C|T,670_T|G,897_C|A,2790_C|T,3037_C|T,3431_G|T,3565_T|C,4184_G|A,4321_C|T,6183_A|G,6701_C|T,7842_A|G,8219_G|A,8293_C|T,8393_G|A,9344_C|T,9424_A|G,9534_C|T,9814_T|C,10029_C|T,10198_C|T,10447_G|A,10449_C|A,11042_G|T,11124_C|T,11727_G|A,12418_T|C,12789_C|T,12815_C|T,12880_C|T,13339_T|C,14408_C|T,15714_C|T,15756_T|A,16887_C|T,16943_G|T,17410_C|T,18163_A|G,18375_T|C,18492_A|G,18894_C|T,19525_G|A,19716_C|T,19955_C|T,20055_A|G,21081_A|G,21622_C|T,21627_C|A,21711_C|T,21738_T|C,21941_G|T,21987_G|A,22032_T|C,22033_C|A,22034_A|G,22200_T|G,22208_C|T,22295_C|A,22353_C|A,22556_A|G,22577_G|C,22578_G|A,22599_G|C,22629_A|C,22674_C|T,22679_T|C,22684_T|C,22686_C|T,22688_A|G,22770_G|A,22775_G|A,22786_A|C,22813_G|T,22882_T|G,22895_G|C,22896_T|A,22898_G|A,22910_A|G,22916_C|T,22917_T|G,22926_T|C,22928_T|C,22942_T|A,22992_G|A,22995_C|A,23005_T|A,23012_G|A,23018_T|C,23019_T|C,23039_C|G,23055_A|G,23063_A|T,23075_T|C,23222_G|A,23271_C|T,23403_A|G,23423_C|T,23525_C|T,23599_T|G,23604_C|G,23854_C|A,23948_G|T,24378_C|T,24424_A|T,24469_T|A,24872_G|T,24990_C|T,25000_C|T,25207_C|T,25584_C|T,25658_C|T,26060_C|T,26270_C|T,26529_G|C,26577_C|G,26610_A|G,26681_C|T,26709_G|A,26833_C|T,26858_C|T,27259_A|C,27382_G|C,27383_A|T,27384_T|C,27807_C|T,27810_T|C,28271_A|T,28311_C|T,28881_G|A,28882_G|A,28883_G|C,28958_C|A,29510_A|C,11288_11296,21633_21641,21765_21770,21992_21994,22194_22196,23009_23011,28362_28370,29734_29759,21608_.|TCATGCCGCTGT
USA/CO-CDPHE-42909467/2025	XEQ	241_C|T,670_T|G,897_C|A,2790_C|T,3037_C|T,3431_G|T,3565_T|C,4184_G|A,4321_C|T,6183_A|G,6701_C|T,7842_A|G,8293_C|T,8393_G|A,9344_C|T,9424_A|G,9534_C|T,9814_T|C,10029_C|T,10198_C|T,10447_G|A,10449_C|A,11042_G|T,11124_C|T,11727_G|A,12418_T|C,12789_C|T,12815_C|T,12880_C|T,13339_T|C,14408_C|T,15714_C|T,15756_T|A,16887_C|T,16943_G|T,17410_C|T,18163_A|G,18375_T|C,18492_A|G,18894_C|T,19716_C|T,19955_C|T,20055_A|G,21081_A|G,21622_C|T,21627_C|A,21711_C|T,21738_T|C,21941_G|T,21987_G|A,22032_T|C,22033_C|A,22034_A|G,22200_T|G,22208_C|T,22295_C|A,22353_C|A,22556_A|G,22577_G|C,22578_G|A,22599_G|C,22629_A|C,22674_C|T,22679_T|C,22684_T|C,22686_C|T,22688_A|G,22770_G|A,22775_G|A,22786_A|C,22813_G|T,22882_T|G,22895_G|C,22896_T|A,22898_G|A,22910_A|G,22916_C|T,22917_T|G,22926_T|C,22928_T|C,22942_T|A,22992_G|A,22995_C|A,23005_T|A,23012_G|A,23018_T|C,23019_T|C,23039_C|G,23055_A|G,23063_A|T,23075_T|C,23222_G|A,23271_C|T,23403_A|G,23423_C|T,23525_C|T,23599_T|G,23604_C|G,23854_C|A,23948_G|T,24378_C|T,24424_A|T,24469_T|A,24872_G|T,24990_C|T,25000_C|T,25207_C|T,25584_C|T,26060_C|T,26270_C|T,26529_G|C,26577_C|G,26610_A|G,26681_C|T,26709_G|A,26833_C|T,26858_C|T,27259_A|C,27382_G|C,27383_A|T,27384_T|C,27807_C|T,27810_T|C,28271_A|T,28311_C|T,28881_G|A,28882_G|A,28883_G|C,28958_C|A,29510_A|C,11288_11296,21633_21641,21765_21770,21992_21994,22194_22196,23009_23011,28362_28370,29734_29759,21608_.|TCATGCCGCTGT
USA/CO-CDPHE-42909469/2025	XEQ	241_C|T,670_T|G,763_C|T,897_C|A,2790_C|T,3037_C|T,3431_G|T,3565_T|C,4184_G|A,4321_C|T,6183_A|G,6701_C|T,7842_A|G,8293_C|T,8393_G|A,9344_C|T,9424_A|G,9534_C|T,10029_C|T,10198_C|T,10447_G|A,10449_C|A,11042_G|T,11727_G|A,12418_T|C,12789_C|T,12815_C|T,12853_C|T,12880_C|T,13339_T|C,14408_C|T,14599_C|T,15714_C|T,15756_T|A,16887_C|T,16943_G|T,17410_C|T,18163_A|G,18486_C|T,18492_A|G,18894_C|T,19716_C|T,19955_C|T,20055_A|G,21586_G|T,21622_C|T,21627_C|A,21711_C|T,21738_T|C,21941_G|T,21987_G|A,22032_T|C,22033_C|A,22034_A|G,22200_T|G,22208_C|T,22295_C|A,22353_C|A,22556_A|G,22577_G|C,22578_G|A,22599_G|C,22629_A|C,22674_C|T,22679_T|C,22686_C|T,22688_A|G,22770_G|A,22775_G|A,22786_A|C,22813_G|T,22882_T|G,22895_G|C,22896_T|A,22898_G|A,22910_A|G,22916_C|T,22917_T|G,22926_T|C,22928_T|C,22942_T|A,22992_G|A,22995_C|A,23005_T|A,23012_G|A,23018_T|C,23019_T|C,23039_C|G,23055_A|G,23063_A|T,23075_T|C,23222_G|A,23271_C|T,23403_A|G,23423_C|T,23525_C|T,23599_T|G,23604_C|G,23854_C|A,23948_G|T,24378_C|T,24424_A|T,24469_T|A,24872_G|T,24990_C|T,25000_C|T,25207_C|T,25584_C|T,26060_C|T,26270_C|T,26529_G|C,26577_C|G,26610_A|G,26681_C|T,26709_G|A,26833_C|T,26858_C|T,27259_A|C,27382_G|C,27383_A|T,27384_T|C,27807_C|T,27810_T|C,28271_A|T,28311_C|T,28881_G|A,28882_G|A,28883_G|C,28958_C|A,29510_A|C,11288_11296,21633_21641,21765_21770,21992_21994,22194_22196,23009_23011,28362_28370,29728_29776,21608_.|TCATGCCGCTGT
USA/CO-CDPHE-42909511/2025	XEQ	241_C|T,670_T|G,897_C|A,2790_C|T,3037_C|T,3431_G|T,3565_T|C,4184_G|A,4321_C|T,6183_A|G,6701_C|T,7842_A|G,8293_C|T,8393_G|A,9344_C|T,9424_A|G,9534_C|T,9814_T|C,10029_C|T,10198_C|T,10447_G|A,10449_C|A,11042_G|T,11124_C|T,11727_G|A,12418_T|C,12789_C|T,12815_C|T,12880_C|T,13339_T|C,14408_C|T,15714_C|T,15756_T|A,16887_C|T,16943_G|T,17410_C|T,18163_A|G,18375_T|C,18492_A|G,18894_C|T,19716_C|T,19955_C|T,20055_A|G,21622_C|T,21627_C|A,21711_C|T,21738_T|C,21941_G|T,21987_G|A,22032_T|C,22033_C|A,22034_A|G,22200_T|G,22208_C|T,22295_C|A,22353_C|A,22556_A|G,22577_G|C,22578_G|A,22629_A|C,22674_C|T,22679_T|C,22686_C|T,22688_A|G,22770_G|A,22775_G|A,22786_A|C,22813_G|T,22822_T|C,22865_G|T,22882_T|G,22895_G|C,22896_T|A,22898_G|A,22910_A|G,22916_C|T,22917_T|G,22926_T|C,22928_T|C,22942_T|A,22992_G|A,22995_C|A,23005_T|A,23012_G|A,23018_T|C,23019_T|C,23039_C|G,23055_A|G,23063_A|T,23075_T|C,23222_G|A,23271_C|T,23277_C|T,23403_A|G,23423_C|T,23525_C|T,23599_T|G,23604_C|G,23854_C|A,23896_C|T,23948_G|T,24378_C|T,24424_A|T,24469_T|A,24872_G|T,24990_C|T,25000_C|T,25207_C|T,25584_C|T,26060_C|T,26270_C|T,26529_G|C,26577_C|G,26610_A|G,26681_C|T,26709_G|A,26801_C|T,26833_C|T,26858_C|T,27259_A|C,27382_G|C,27383_A|T,27384_T|C,27807_C|T,27810_T|C,28271_A|T,28311_C|T,28628_G|A,28881_G|A,28882_G|A,28883_G|C,28958_C|A,29510_A|C,29535_C|A,11288_11296,21633_21641,21765_21770,21992_21994,22194_22196,23009_23011,28362_28370,29734_29759,21608_.|TCATGCCGCTGT
USA/CO-CDPHE-42972870/2025	XEQ	241_C|T,670_T|G,897_C|A,2790_C|T,3037_C|T,3267_C|T,3431_G|T,3565_T|C,4184_G|A,4321_C|T,4999_C|T,6183_A|G,6701_C|T,7842_A|G,8293_C|T,8393_G|A,9344_C|T,9424_A|G,9534_C|T,10029_C|T,10198_C|T,10447_G|A,10449_C|A,11042_G|T,11727_G|A,12244_T|C,12418_T|C,12789_C|T,12815_C|T,12880_C|T,13339_T|C,14408_C|T,15714_C|T,15756_T|A,16887_C|T,16943_G|T,17410_C|T,18163_A|G,18492_A|G,18894_C|T,19185_C|T,19716_C|T,19955_C|T,20055_A|G,21622_C|T,21627_C|A,21711_C|T,21738_T|C,21941_G|T,21987_G|A,22032_T|C,22033_C|A,22034_A|G,22200_T|G,22208_C|T,22295_C|A,22353_C|A,22556_A|G,22577_G|C,22578_G|A,22599_G|C,22629_A|C,22674_C|T,22679_T|C,22686_C|T,22688_A|G,22770_G|A,22775_G|A,22786_A|C,22813_G|T,22882_T|G,22895_G|C,22896_T|A,22898_G|A,22910_A|G,22916_C|T,22917_T|G,22926_T|C,22928_T|C,22942_T|A,22992_G|A,22995_C|A,23005_T|A,23012_G|A,23018_T|C,23019_T|C,23039_C|G,23055_A|G,23063_A|T,23075_T|C,23222_G|A,23271_C|T,23403_A|G,23423_C|T,23599_T|G,23604_C|G,23854_C|A,23948_G|T,24378_C|T,24424_A|T,24469_T|A,24872_G|T,24990_C|T,25000_C|T,25207_C|T,25584_C|T,26060_C|T,26270_C|T,26529_G|C,26577_C|G,26610_A|G,26681_C|T,26709_G|A,26833_C|T,26858_C|T,27259_A|C,27382_G|C,27383_A|T,27384_T|C,27807_C|T,27810_T|C,28271_A|T,28311_C|T,28881_G|A,28882_G|A,28883_G|C,28958_C|A,29510_A|C,11288_11296,21633_21641,21765_21770,21992_21994,22194_22196,23009_23011,28362_28370,29734_29759,21608_.|TCATGCCGCTGT
USA/CO-CDPHE-42973184/2025	XEQ	241_C|T,670_T|G,897_C|A,1912_C|T,2790_C|T,3037_C|T,3431_G|T,3565_T|C,4184_G|A,4321_C|T,6183_A|G,6701_C|T,7842_A|G,8293_C|T,8393_G|A,9344_C|T,9424_A|G,9534_C|T,10029_C|T,10198_C|T,10447_G|A,10449_C|A,11042_G|T,11727_G|A,12418_T|C,12789_C|T,12815_C|T,12880_C|T,13339_T|C,13515_C|T,14408_C|T,15714_C|T,15756_T|A,16887_C|T,16943_G|T,17410_C|T,18163_A|G,18492_A|G,18894_C|T,19716_C|T,19955_C|T,20055_A|G,21622_C|T,21627_C|A,21711_C|T,21738_T|C,21941_G|T,21987_G|A,22032_T|C,22033_C|A,22034_A|G,22200_T|G,22208_C|T,22295_C|A,22353_C|A,22556_A|G,22577_G|C,22578_G|A,22599_G|C,22629_A|C,22674_C|T,22679_T|C,22686_C|T,22688_A|G,22770_G|A,22775_G|A,22786_A|C,22813_G|T,22882_T|G,22895_G|C,22896_T|A,22898_G|A,22910_A|G,22916_C|T,22917_T|G,22926_T|C,22928_T|C,22942_T|A,22992_G|A,22995_C|A,23005_T|A,23012_G|A,23018_T|C,23019_T|C,23039_C|G,23055_A|G,23063_A|T,23075_T|C,23222_G|A,23271_C|T,23403_A|G,23423_C|T,23599_T|G,23604_C|G,23854_C|A,23948_G|T,24378_C|T,24424_A|T,24469_T|A,24700_C|T,24872_G|T,24990_C|T,25000_C|T,25207_C|T,25584_C|T,25703_C|T,26060_C|T,26270_C|T,26529_G|C,26577_C|G,26610_A|G,26681_C|T,26709_G|A,26833_C|T,26858_C|T,27259_A|C,27382_G|C,27383_A|T,27384_T|C,27807_C|T,27810_T|C,28271_A|T,28311_C|T,28881_G|A,28882_G|A,28883_G|C,28958_C|A,29510_A|C,11288_11296,21633_21641,21765_21770,21992_21994,22194_22196,23009_23011,28362_28370,29734_29759,21608_.|TCATGCCGCTGT
USA/CO-CDPHE-42973244/2025	XEQ	241_C|T,670_T|G,799_C|T,897_C|A,2790_C|T,3037_C|T,3431_G|T,3565_T|C,4184_G|A,4321_C|T,6183_A|G,6701_C|T,7842_A|G,8293_C|T,8393_G|A,9344_C|T,9424_A|G,9534_C|T,9814_T|C,10029_C|T,10198_C|T,10447_G|A,10449_C|A,11042_G|T,11124_C|T,11727_G|A,12418_T|C,12789_C|T,12815_C|T,12880_C|T,13339_T|C,14408_C|T,15714_C|T,15756_T|A,16887_C|T,16943_G|T,17410_C|T,18163_A|G,18375_T|C,18492_A|G,18894_C|T,19716_C|T,19955_C|T,20055_A|G,21622_C|T,21627_C|A,21711_C|T,21738_T|C,21941_G|T,21987_G|A,22032_T|C,22033_C|A,22034_A|G,22200_T|G,22208_C|T,22295_C|A,22353_C|A,22556_A|G,22577_G|C,22578_G|A,22599_G|C,22629_A|C,22674_C|T,22679_T|C,22684_T|C,22686_C|T,22688_A|G,22770_G|A,22775_G|A,22786_A|C,22813_G|T,22882_T|G,22895_G|C,22896_T|A,22898_G|A,22910_A|G,22916_C|T,22917_T|G,22926_T|C,22928_T|C,22942_T|A,22992_G|A,22995_C|A,23005_T|A,23012_G|A,23018_T|C,23019_T|C,23039_C|G,23055_A|G,23063_A|T,23075_T|C,23222_G|A,23271_C|T,23403_A|G,23423_C|T,23525_C|T,23599_T|G,23604_C|G,23854_C|A,23948_G|T,24378_C|T,24424_A|T,24469_T|A,24872_G|T,24990_C|T,25000_C|T,25207_C|T,25584_C|T,26060_C|T,26270_C|T,26529_G|C,26577_C|G,26610_A|G,26681_C|T,26709_G|A,26833_C|T,26858_C|T,27259_A|C,27382_G|C,27383_A|T,27384_T|C,27807_C|T,27810_T|C,28271_A|T,28311_C|T,28881_G|A,28882_G|A,28883_G|C,28958_C|A,29510_A|C,11288_11296,21633_21641,21765_21770,21992_21994,22194_22196,23009_23011,28362_28370,29734_29759,21608_.|TCATGCCGCTGT,25701_.|CCC
USA/CO-CDPHE-42973248/2025	XEQ	241_C|T,670_T|G,897_C|A,2790_C|T,3037_C|T,3431_G|T,3565_T|C,4184_G|A,4321_C|T,6183_A|G,6701_C|T,7842_A|G,8293_C|T,8393_G|A,8605_C|T,9344_C|T,9424_A|G,9534_C|T,9814_T|C,10029_C|T,10198_C|T,10447_G|A,10449_C|A,11042_G|T,11124_C|T,11671_C|T,11727_G|A,12418_T|C,12789_C|T,12815_C|T,12880_C|T,13339_T|C,14408_C|T,15714_C|T,15756_T|A,16887_C|T,16943_G|T,17410_C|T,18163_A|G,18375_T|C,18492_A|G,18894_C|T,19716_C|T,19955_C|T,20055_A|G,21622_C|T,21627_C|A,21711_C|T,21738_T|C,21941_G|T,21987_G|A,22032_T|C,22033_C|A,22034_A|G,22200_T|G,22208_C|T,22295_C|A,22353_C|A,22556_A|G,22577_G|C,22578_G|A,22599_G|C,22629_A|C,22674_C|T,22679_T|C,22684_T|C,22686_C|T,22688_A|G,22770_G|A,22775_G|A,22786_A|C,22813_G|T,22882_T|G,22895_G|C,22896_T|A,22898_G|A,22910_A|G,22916_C|T,22917_T|G,22926_T|C,22928_T|C,22942_T|A,22992_G|A,22995_C|A,23005_T|A,23012_G|A,23018_T|C,23019_T|C,23039_C|G,23055_A|G,23063_A|T,23075_T|C,23222_G|A,23271_C|T,23403_A|G,23423_C|T,23525_C|T,23599_T|G,23604_C|G,23854_C|A,23948_G|T,24378_C|T,24424_A|T,24469_T|A,24872_G|T,24990_C|T,25000_C|T,25207_C|T,25584_C|T,26060_C|T,26270_C|T,26529_G|C,26577_C|G,26610_A|G,26681_C|T,26709_G|A,26833_C|T,26858_C|T,27259_A|C,27382_G|C,27383_A|T,27384_T|C,27807_C|T,27810_T|C,28271_A|T,28311_C|T,28881_G|A,28882_G|A,28883_G|C,28958_C|A,29510_A|C,11288_11296,21633_21641,21765_21770,21992_21994,22194_22196,23009_23011,28362_28370,29734_29759,21608_.|TCATGCCGCTGT
USA/CO-CDPHE-42973334/2025	XEQ	241_C|T,670_T|G,887_G|T,897_C|A,2790_C|T,3037_C|T,3267_C|T,3431_G|T,3565_T|C,4184_G|A,4321_C|T,6183_A|G,6701_C|T,7842_A|G,8293_C|T,8393_G|A,9344_C|T,9424_A|G,9534_C|T,10029_C|T,10198_C|T,10447_G|A,10449_C|A,11042_G|T,11727_G|A,12079_G|A,12418_T|C,12789_C|T,12815_C|T,12880_C|T,13339_T|C,14408_C|T,15714_C|T,15756_T|A,15960_C|T,16887_C|T,16943_G|T,17410_C|T,18163_A|G,18492_A|G,18894_C|T,19716_C|T,19955_C|T,20055_A|G,21622_C|T,21627_C|A,21711_C|T,21738_T|C,21941_G|T,21987_G|A,22032_T|C,22033_C|A,22034_A|G,22200_T|G,22208_C|T,22295_C|A,22353_C|A,22556_A|G,22577_G|C,22578_G|A,22599_G|C,22629_A|C,22674_C|T,22679_T|C,22686_C|T,22688_A|G,22770_G|A,22775_G|A,22786_A|C,22813_G|T,22882_T|G,22895_G|C,22896_T|A,22898_G|A,22910_A|G,22916_C|T,22917_T|G,22926_T|C,22928_T|C,22942_T|A,22992_G|A,22995_C|A,23005_T|A,23012_G|A,23018_T|C,23019_T|C,23039_C|G,23055_A|G,23063_A|T,23075_T|C,23222_G|A,23271_C|T,23403_A|G,23416_A|T,23423_C|T,23525_C|T,23599_T|G,23604_C|G,23854_C|A,23948_G|T,24378_C|T,24424_A|T,24469_T|A,24872_G|T,24990_C|T,25000_C|T,25207_C|T,25359_A|G,25584_C|T,26060_C|T,26270_C|T,26529_G|C,26577_C|G,26610_A|G,26681_C|T,26709_G|A,26833_C|T,26858_C|T,27259_A|C,27382_G|C,27383_A|T,27384_T|C,27807_C|T,27810_T|C,28271_A|T,28311_C|T,28881_G|A,28882_G|A,28883_G|C,28958_C|A,29510_A|C,11288_11296,21633_21641,21765_21770,21992_21994,22194_22196,23009_23011,28362_28370,29734_29759,21608_.|TCATGCCGCTGT
USA/CO-CDPHE-43017000/2025	XEQ	241_C|T,670_T|G,897_C|A,2790_C|T,3037_C|T,3431_G|T,3565_T|C,4184_G|A,4321_C|T,6183_A|G,6701_C|T,7842_A|G,8293_C|T,8393_G|A,9344_C|T,9424_A|G,9534_C|T,9814_T|C,10029_C|T,10198_C|T,10447_G|A,10449_C|A,11042_G|T,11124_C|T,11572_C|T,11727_G|A,12418_T|C,12789_C|T,12815_C|T,12880_C|T,13339_T|C,14408_C|T,15714_C|T,15756_T|A,16887_C|T,16943_G|T,17410_C|T,18163_A|G,18375_T|C,18492_A|G,18744_C|T,18894_C|T,19716_C|T,19955_C|T,20055_A|G,21622_C|T,21627_C|A,21711_C|T,21738_T|C,21941_G|T,21987_G|A,22032_T|C,22033_C|A,22034_A|G,22200_T|G,22208_C|T,22295_C|A,22353_C|A,22556_A|G,22577_G|C,22578_G|A,22599_G|C,22629_A|C,22674_C|T,22679_T|C,22684_T|C,22686_C|T,22688_A|G,22770_G|A,22775_G|A,22786_A|C,22813_G|T,22882_T|G,22895_G|C,22896_T|A,22898_G|A,22910_A|G,22916_C|T,22917_T|G,22926_T|C,22928_T|C,22942_T|A,22992_G|A,22995_C|A,23005_T|A,23012_G|A,23018_T|C,23019_T|C,23039_C|G,23055_A|G,23063_A|T,23075_T|C,23222_G|A,23271_C|T,23403_A|G,23423_C|T,23424_C|T,23525_C|T,23599_T|G,23604_C|G,23854_C|A,23948_G|T,24378_C|T,24424_A|T,24469_T|A,24872_G|T,24990_C|T,25000_C|T,25207_C|T,25584_C|T,26060_C|T,26270_C|T,26529_G|C,26577_C|G,26610_A|G,26681_C|T,26709_G|A,26833_C|T,26858_C|T,27259_A|C,27382_G|C,27383_A|T,27384_T|C,27807_C|T,27810_T|C,28271_A|T,28311_C|T,28881_G|A,28882_G|A,28883_G|C,28958_C|A,29510_A|C,11288_11296,21633_21641,21765_21770,21992_21994,22194_22196,23009_23011,28362_28370,29734_29759,21608_.|TCATGCCGCTGT
USA/CO-CDPHE-43093389/2025	XEQ	241_C|T,670_T|G,897_C|A,2790_C|T,3037_C|T,3431_G|T,3565_T|C,4184_G|A,4321_C|T,6183_A|G,6701_C|T,7842_A|G,8293_C|T,8393_G|A,9344_C|T,9424_A|G,9534_C|T,10029_C|T,10198_C|T,10447_G|A,10449_C|A,11042_G|T,11727_G|A,12418_T|C,12789_C|T,12815_C|T,12880_C|T,13339_T|C,14408_C|T,15714_C|T,15756_T|A,16887_C|T,16943_G|T,17410_C|T,18163_A|G,18492_A|G,18894_C|T,19716_C|T,19955_C|T,20055_A|G,21622_C|T,21627_C|A,21711_C|T,21738_T|C,21941_G|T,21987_G|A,22032_T|C,22033_C|A,22034_A|G,22200_T|G,22208_C|T,22295_C|A,22353_C|A,22556_A|G,22577_G|C,22578_G|A,22599_G|C,22629_A|C,22674_C|T,22679_T|C,22686_C|T,22688_A|G,22770_G|A,22775_G|A,22786_A|C,22813_G|T,22882_T|G,22895_G|C,22896_T|A,22898_G|A,22910_A|G,22916_C|T,22917_T|G,22926_T|C,22928_T|C,22942_T|A,22992_G|A,22995_C|A,23005_T|A,23012_G|A,23018_T|C,23019_T|C,23039_C|G,23055_A|G,23063_A|T,23075_T|C,23222_G|A,23271_C|T,23403_A|G,23423_C|T,23525_C|T,23599_T|G,23604_C|G,23854_C|A,23948_G|T,24378_C|T,24424_A|T,24469_T|A,24535_G|T,24872_G|T,24990_C|T,25000_C|T,25207_C|T,25584_C|T,26060_C|T,26270_C|T,26529_G|C,26577_C|G,26610_A|G,26681_C|T,26709_G|A,26833_C|T,26858_C|T,27259_A|C,27382_G|C,27383_A|T,27384_T|C,27807_C|T,27810_T|C,28271_A|T,28311_C|T,28881_G|A,28882_G|A,28883_G|C,28958_C|A,29510_A|C,11288_11296,21633_21641,21765_21770,21992_21994,22194_22196,23009_23011,28362_28370,29734_29759,21608_.|TCATGCCGCTGT
USA/CO-CDPHE-43093558/2025	XEQ	241_C|T,670_T|G,897_C|A,2790_C|T,3037_C|T,3431_G|T,3565_T|C,4184_G|A,4321_C|T,6183_A|G,6701_C|T,7842_A|G,8293_C|T,8393_G|A,9344_C|T,9424_A|G,9534_C|T,10029_C|T,10198_C|T,10447_G|A,10449_C|A,11042_G|T,11727_G|A,12418_T|C,12789_C|T,12815_C|T,12880_C|T,13339_T|C,14408_C|T,15714_C|T,15720_C|T,15756_T|A,16887_C|T,16943_G|T,17410_C|T,18163_A|G,18492_A|G,18894_C|T,19716_C|T,19955_C|T,20055_A|G,20132_C|T,20397_G|A,21622_C|T,21627_C|A,21711_C|T,21738_T|C,21941_G|T,21987_G|A,22032_T|C,22033_C|A,22034_A|G,22200_T|G,22208_C|T,22295_C|A,22353_C|A,22556_A|G,22577_G|C,22578_G|A,22599_G|C,22629_A|C,22674_C|T,22679_T|C,22686_C|T,22688_A|G,22770_G|A,22775_G|A,22786_A|C,22813_G|T,22882_T|G,22895_G|C,22896_T|A,22898_G|A,22910_A|G,22916_C|T,22917_T|G,22926_T|C,22928_T|C,22942_T|A,22992_G|A,22995_C|A,23005_T|A,23012_G|A,23018_T|C,23019_T|C,23039_C|G,23055_A|G,23063_A|T,23075_T|C,23222_G|A,23271_C|T,23403_A|G,23423_C|T,23525_C|T,23599_T|G,23604_C|G,23854_C|A,23948_G|T,24378_C|T,24424_A|T,24469_T|A,24872_G|T,24990_C|T,25000_C|T,25207_C|T,25584_C|T,26060_C|T,26270_C|T,26529_G|C,26577_C|G,26610_A|G,26681_C|T,26709_G|A,26833_C|T,26858_C|T,27259_A|C,27382_G|C,27383_A|T,27384_T|C,27807_C|T,27810_T|C,28271_A|T,28311_C|T,28624_A|C,28881_G|A,28882_G|A,28883_G|C,28958_C|A,29510_A|C,11288_11296,21633_21641,21765_21770,21992_21994,22194_22196,23009_23011,28362_28370,29734_29759,21608_.|TCATGCCGCTGT
USA/CT-DPH-1268245001/2024	XEQ	241_C|T,670_T|G,2790_C|T,3037_C|T,3431_G|T,3565_T|C,4184_G|A,4321_C|T,6183_A|G,6701_C|T,7842_A|G,8293_C|T,8393_G|A,8747_G|A,9344_C|T,9424_A|G,9534_C|T,10029_C|T,10198_C|T,10447_G|A,10449_C|A,11042_G|T,11727_G|A,12418_T|C,12789_C|T,12815_C|T,12880_C|T,13339_T|C,14408_C|T,15450_C|A,15714_C|T,15756_T|A,16887_C|T,16943_G|T,17410_C|T,17733_C|T,18163_A|G,18492_A|G,18894_C|T,19716_C|T,19955_C|T,20055_A|G,21618_C|T,21622_C|T,21624_G|C,21627_C|A,21711_C|T,21738_T|C,21941_G|T,21987_G|A,22032_T|C,22033_C|A,22034_A|G,22200_T|G,22208_C|T,22295_C|A,22353_C|A,22556_A|G,22577_G|C,22578_G|A,22599_G|C,22629_A|C,22674_C|T,22679_T|C,22686_C|T,22688_A|G,22770_G|A,22775_G|A,22786_A|C,22813_G|T,22882_T|G,22895_G|C,22896_T|A,22898_G|A,22910_A|G,22916_C|T,22917_T|G,22926_T|C,22928_T|C,22942_T|A,22992_G|A,22995_C|A,23005_T|A,23012_G|A,23018_T|C,23019_T|C,23039_C|G,23055_A|G,23063_A|T,23075_T|C,23222_G|A,23271_C|T,23403_A|G,23423_C|T,23525_C|T,23599_T|G,23604_C|G,23854_C|A,23948_G|T,24378_C|T,24424_A|T,24469_T|A,24872_G|T,24990_C|T,25000_C|T,25207_C|T,25584_C|T,26060_C|T,26270_C|T,26529_G|C,26577_C|G,26610_A|G,26681_C|T,26709_G|A,26833_C|T,26858_C|T,27259_A|C,27382_G|C,27383_A|T,27384_T|C,27807_C|T,27810_T|C,28271_A|T,28311_C|T,28348_C|T,28881_G|A,28882_G|A,28883_G|C,28958_C|A,29510_A|C,11288_11296,21633_21641,21765_21770,21992_21994,22194_22196,23009_23011,28362_28370,21608_.|TCATGCCGCTGT
USA/CT-DPH-1268718001/2024	XEQ	241_C|T,2790_C|T,3037_C|T,3431_G|T,3565_T|C,4184_G|A,4321_C|T,6183_A|G,6701_C|T,7842_A|G,8293_C|T,8393_G|A,9344_C|T,9424_A|G,9534_C|T,10029_C|T,10198_C|T,10447_G|A,10449_C|A,11042_G|T,11727_G|A,12418_T|C,12789_C|T,12815_C|T,12880_C|T,13339_T|C,14408_C|T,15714_C|T,15756_T|A,16887_C|T,16943_G|T,17410_C|T,18163_A|G,18492_A|G,18894_C|T,19716_C|T,19955_C|T,20055_A|G,21618_C|T,21622_C|T,21624_G|C,21627_C|A,21711_C|T,21738_T|C,21941_G|T,21987_G|A,22032_T|C,22033_C|A,22034_A|G,22200_T|G,22208_C|T,22295_C|A,22353_C|A,22556_A|G,22577_G|C,22578_G|A,22599_G|C,22629_A|C,22674_C|T,22679_T|C,22686_C|T,22688_A|G,22770_G|A,22775_G|A,22786_A|C,22813_G|T,22882_T|G,22895_G|C,22896_T|A,22898_G|A,22910_A|G,22916_C|T,22917_T|G,22926_T|C,22928_T|C,22942_T|A,22992_G|A,22995_C|A,23005_T|A,23012_G|A,23018_T|C,23019_T|C,23039_C|G,23055_A|G,23063_A|T,23075_T|C,23222_G|A,23271_C|T,23403_A|G,23423_C|T,23525_C|T,23599_T|G,23604_C|G,23854_C|A,23948_G|T,24378_C|T,24424_A|T,24469_T|A,24872_G|T,24990_C|T,25000_C|T,25207_C|T,25584_C|T,26060_C|T,26270_C|T,26529_G|C,26577_C|G,26610_A|G,26681_C|T,26709_G|A,26833_C|T,26858_C|T,27259_A|C,27382_G|C,27383_A|T,27384_T|C,27807_C|T,27810_T|C,28271_A|T,28311_C|T,28881_G|A,28882_G|A,28883_G|C,28958_C|A,29510_A|C,11288_11296,21633_21641,21765_21770,21992_21994,22194_22196,23009_23011,28362_28370,21608_.|TCATGCCGCTGT
USA/CT-DPH-1268725001/2024	XEQ	241_C|T,670_T|G,897_C|A,2790_C|T,3037_C|T,3431_G|T,3565_T|C,4184_G|A,4321_C|T,6183_A|G,6701_C|T,7842_A|G,8293_C|T,8393_G|A,9344_C|T,9424_A|G,9534_C|T,10029_C|T,10198_C|T,10447_G|A,10449_C|A,11042_G|T,11727_G|A,12418_T|C,12789_C|T,12815_C|T,12880_C|T,13339_T|C,14408_C|T,15714_C|T,15756_T|A,16887_C|T,16943_G|T,17410_C|T,18163_A|G,18492_A|G,18894_C|T,19716_C|T,19955_C|T,20055_A|G,21618_C|T,21622_C|T,21624_G|C,21627_C|A,21711_C|T,21738_T|C,21941_G|T,21987_G|A,22032_T|C,22033_C|A,22034_A|G,22200_T|G,22208_C|T,22295_C|A,22353_C|A,22556_A|G,22577_G|C,22578_G|A,22599_G|C,22629_A|C,22674_C|T,22679_T|C,22686_C|T,22688_A|G,22770_G|A,22775_G|A,22786_A|C,22813_G|T,22882_T|G,22895_G|C,22896_T|A,22898_G|A,22910_A|G,22916_C|T,22917_T|G,22926_T|C,22928_T|C,22942_T|A,22992_G|A,22995_C|A,23005_T|A,23012_G|A,23018_T|C,23019_T|C,23039_C|G,23055_A|G,23063_A|T,23075_T|C,23222_G|A,23271_C|T,23403_A|G,23423_C|T,23525_C|T,23599_T|G,23604_C|G,23854_C|A,23948_G|T,24378_C|T,24424_A|T,24469_T|A,24872_G|T,24990_C|T,25000_C|T,25207_C|T,25584_C|T,26060_C|T,26270_C|T,26529_G|C,26577_C|G,26610_A|G,26681_C|T,26709_G|A,26833_C|T,26858_C|T,27259_A|C,27382_G|C,27383_A|T,27384_T|C,27807_C|T,27810_T|C,28271_A|T,28311_C|T,28881_G|A,28882_G|A,28883_G|C,28958_C|A,29510_A|C,11288_11296,21633_21641,21765_21770,21992_21994,22194_22196,23009_23011,28362_28370,21608_.|TCATGCCGCTGT
USA/CT-DPH-1279740001/2025	XEQ	241_C|T,670_T|G,897_C|A,2790_C|T,3037_C|T,3431_G|T,3565_T|C,4184_G|A,4321_C|T,6183_A|G,6701_C|T,7842_A|G,8293_C|T,8393_G|A,9344_C|T,9424_A|G,9534_C|T,10029_C|T,10198_C|T,10447_G|A,10449_C|A,11042_G|T,11727_G|A,12418_T|C,12789_C|T,12815_C|T,12880_C|T,13339_T|C,14408_C|T,15714_C|T,15756_T|A,16887_C|T,16943_G|T,17410_C|T,18163_A|G,18492_A|G,18894_C|T,19716_C|T,19955_C|T,20055_A|G,21618_C|T,21622_C|T,21624_G|C,21627_C|A,21711_C|T,21738_T|C,21802_T|C,21941_G|T,21987_G|A,22032_T|C,22033_C|A,22034_A|G,22200_T|G,22208_C|T,22295_C|A,22353_C|A,22556_A|G,22577_G|C,22578_G|A,22599_G|C,22629_A|C,22674_C|T,22679_T|C,22686_C|T,22688_A|G,22770_G|A,22775_G|A,22786_A|C,22813_G|T,22882_T|G,22895_G|C,22896_T|A,22898_G|A,22910_A|G,22916_C|T,22917_T|G,22926_T|C,22928_T|C,22942_T|A,22992_G|A,22995_C|A,23005_T|A,23012_G|A,23018_T|C,23019_T|C,23039_C|G,23055_A|G,23063_A|T,23075_T|C,23222_G|A,23271_C|T,23403_A|G,23423_C|T,23525_C|T,23599_T|G,23604_C|G,23854_C|A,23948_G|T,24378_C|T,24424_A|T,24469_T|A,24872_G|T,24990_C|T,25000_C|T,25207_C|T,25584_C|T,26060_C|T,26270_C|T,26529_G|C,26577_C|G,26681_C|T,26709_G|A,26833_C|T,26858_C|T,27259_A|C,27382_G|C,27383_A|T,27384_T|C,27807_C|T,27810_T|C,28271_A|T,28311_C|T,28881_G|A,28882_G|A,28883_G|C,28958_C|A,29510_A|C,11288_11296,21633_21641,21765_21770,21992_21994,22194_22196,23009_23011,28362_28370,21608_.|TCATGCCGCTGT
USA/CT-DPH-1279786001/2025	XEQ	241_C|T,670_T|G,897_C|A,2790_C|T,3037_C|T,3431_G|T,3565_T|C,4184_G|A,4321_C|T,6183_A|G,6701_C|T,7842_A|G,8293_C|T,8393_G|A,9344_C|T,9424_A|G,9534_C|T,9814_T|C,10029_C|T,10198_C|T,10447_G|A,10449_C|A,11042_G|T,11124_C|T,11727_G|A,12418_T|C,12789_C|T,12815_C|T,12880_C|T,13339_T|C,14408_C|T,14773_G|A,15714_C|T,15756_T|A,16887_C|T,16943_G|T,17410_C|T,18163_A|G,18375_T|C,18492_A|G,18894_C|T,19716_C|T,19955_C|T,20055_A|G,21618_C|T,21622_C|T,21624_G|C,21627_C|A,21711_C|T,21738_T|C,21941_G|T,21987_G|A,22032_T|C,22033_C|A,22034_A|G,22200_T|G,22208_C|T,22295_C|A,22353_C|A,22556_A|G,22577_G|C,22578_G|A,22599_G|C,22629_A|C,22674_C|T,22679_T|C,22684_T|C,22686_C|T,22688_A|G,22770_G|A,22775_G|A,22786_A|C,22813_G|T,22882_T|G,22895_G|C,22896_T|A,22898_G|A,22910_A|G,22916_C|T,22917_T|G,22926_T|C,22928_T|C,22942_T|A,22992_G|A,22995_C|A,23005_T|A,23012_G|A,23018_T|C,23019_T|C,23039_C|G,23055_A|G,23063_A|T,23075_T|C,23222_G|A,23271_C|T,23403_A|G,23423_C|T,23525_C|T,23599_T|G,23604_C|G,23854_C|A,23948_G|T,24378_C|T,24424_A|T,24469_T|A,24872_G|T,24990_C|T,25000_C|T,25207_C|T,25584_C|T,26060_C|T,26270_C|T,26529_G|C,26577_C|G,26681_C|T,26709_G|A,26833_C|T,26858_C|T,27259_A|C,27382_G|C,27383_A|T,27384_T|C,27807_C|T,27810_T|C,28271_A|T,28311_C|T,28881_G|A,28882_G|A,28883_G|C,28958_C|A,29510_A|C,11288_11296,21633_21641,21765_21770,21992_21994,22194_22196,23009_23011,28362_28370,21608_.|TCATGCCGCTGT
USA/CT-DPH-1286600001/2025	XEQ	203_C|T,241_C|T,670_T|G,897_C|A,2790_C|T,3037_C|T,3431_G|T,3565_T|C,4184_G|A,4321_C|T,6183_A|G,6701_C|T,7842_A|G,8293_C|T,8393_G|A,9344_C|T,9424_A|G,9534_C|T,9814_T|C,10029_C|T,10198_C|T,10447_G|A,10449_C|A,11042_G|T,11124_C|T,11727_G|A,12076_C|T,12418_T|C,12789_C|T,12815_C|T,12880_C|T,13339_T|C,14408_C|T,14773_G|A,15714_C|T,15756_T|A,16887_C|T,16943_G|T,17410_C|T,18163_A|G,18375_T|C,18492_A|G,18894_C|T,19716_C|T,19955_C|T,20055_A|G,21711_C|T,21738_T|C,21941_G|T,21987_G|A,22032_T|C,22033_C|A,22034_A|G,22200_T|G,22208_C|T,22295_C|A,22353_C|A,22556_A|G,22577_G|C,22578_G|A,22599_G|C,22629_A|C,22674_C|T,22679_T|C,22684_T|C,22686_C|T,22688_A|G,22770_G|A,22775_G|A,22786_A|C,22813_G|T,22882_T|G,22895_G|C,22896_T|A,22898_G|A,22910_A|G,22916_C|T,22917_T|G,22926_T|C,22928_T|C,22942_T|A,22992_G|A,22995_C|A,23005_T|A,23012_G|A,23018_T|C,23019_T|C,23039_C|G,23055_A|G,23063_A|T,23075_T|C,23222_G|A,23271_C|T,23403_A|G,23423_C|T,23525_C|T,23599_T|G,23604_C|G,23854_C|A,23948_G|T,24378_C|T,24424_A|T,24469_T|A,24872_G|T,24990_C|T,25000_C|T,25207_C|T,25584_C|T,26060_C|T,26270_C|T,26529_G|C,26577_C|G,26610_A|G,26681_C|T,26709_G|A,26833_C|T,26858_C|T,27259_A|C,27382_G|C,27383_A|T,27384_T|C,27807_C|T,27810_T|C,28271_A|T,28311_C|T,28881_G|A,28882_G|A,28883_G|C,28958_C|A,29510_A|C,11288_11296,21765_21770,21992_21994,22194_22196,23009_23011,28362_28370,29734_29759,21608_.|TCATGCCGCTGT
USA/DC-CDC-2-8398675/2025	XEQ	241_C|T,504_C|T,670_T|G,897_C|A,2790_C|T,3037_C|T,3431_G|T,3565_T|C,4184_G|A,4321_C|T,5704_G|T,6183_A|G,6701_C|T,7279_C|T,7294_G|A,7842_A|G,8293_C|T,8393_G|A,9344_C|T,9424_A|G,9534_C|T,10029_C|T,10198_C|T,10447_G|A,10449_C|A,11042_G|T,11727_G|A,12418_T|C,12789_C|T,12815_C|T,12880_C|T,13339_T|C,14408_C|T,14676_C|T,15714_C|T,15756_T|A,16392_T|C,16887_C|T,16943_G|T,17410_C|T,18163_A|G,18492_A|G,18894_C|T,19716_C|T,19955_C|T,20055_A|G,20389_C|T,21618_C|T,21622_C|T,21624_G|C,21627_C|A,21711_C|T,21738_T|C,21941_G|T,21987_G|A,22032_T|C,22033_C|A,22034_A|G,22200_T|G,22208_C|T,22295_C|A,22323_C|T,22353_C|A,22556_A|G,22577_G|C,22578_G|A,22599_G|C,22629_A|C,22674_C|T,22679_T|C,22686_C|T,22688_A|G,22770_G|A,22775_G|A,22786_A|C,22813_G|T,22882_T|G,22895_G|C,22896_T|A,22898_G|A,22910_A|G,22916_C|T,22917_T|G,22926_T|C,22928_T|C,22942_T|A,22992_G|A,22995_C|A,23005_T|A,23012_G|A,23018_T|C,23019_T|C,23039_C|G,23055_A|G,23063_A|T,23075_T|C,23185_C|T,23222_G|A,23271_C|T,23403_A|G,23423_C|T,23525_C|T,23599_T|G,23604_C|G,23854_C|A,23948_G|T,24378_C|T,24424_A|T,24469_T|A,24872_G|T,24990_C|T,25000_C|T,25207_C|T,25584_C|T,26060_C|T,26270_C|T,26529_G|C,26577_C|G,26610_A|G,26681_C|T,26709_G|A,26833_C|T,26858_C|T,27259_A|C,27382_G|C,27383_A|T,27384_T|C,27807_C|T,27810_T|C,28271_A|T,28311_C|T,28881_G|A,28882_G|A,28883_G|C,28958_C|A,29510_A|C,11288_11296,21633_21641,21765_21770,21992_21994,22194_22196,23009_23011,28362_28370,29734_29759,21608_.|TCATGCCGCTGT
USA/DE-DHSS-541/2024	XEQ	241_C|T,670_T|G,2790_C|T,3037_C|T,3431_G|T,3565_T|C,4184_G|A,4321_C|T,6183_A|G,6701_C|T,7842_A|G,8293_C|T,8393_G|A,9344_C|T,9424_A|G,9534_C|T,10029_C|T,10198_C|T,10447_G|A,10449_C|A,11042_G|T,11727_G|A,12418_T|C,12789_C|T,12815_C|T,12880_C|T,13339_T|C,14408_C|T,15714_C|T,15756_T|A,16887_C|T,16943_G|T,17410_C|T,18163_A|G,18492_A|G,18894_C|T,19716_C|T,19955_C|T,20055_A|G,21618_C|T,21622_C|T,21624_G|C,21627_C|A,21711_C|T,21738_T|C,21941_G|T,21987_G|A,22032_T|C,22033_C|A,22034_A|G,22200_T|G,22208_C|T,22295_C|A,22353_C|A,22556_A|G,22577_G|C,22578_G|A,22599_G|C,22629_A|C,22674_C|T,22679_T|C,22686_C|T,22688_A|G,22770_G|A,22775_G|A,22786_A|C,22813_G|T,22882_T|G,22895_G|C,22896_T|A,22898_G|A,22910_A|G,22916_C|T,22917_T|G,22926_T|C,22928_T|C,22942_T|A,22992_G|A,22995_C|A,23005_T|A,23012_G|A,23018_T|C,23019_T|C,23039_C|G,23055_A|G,23063_A|T,23075_T|C,23185_C|T,23222_G|A,23271_C|T,23403_A|G,23423_C|T,23525_C|T,23599_T|G,23604_C|G,23854_C|A,23948_G|T,24378_C|T,24386_G|T,24424_A|T,24469_T|A,24872_G|T,24990_C|T,25000_C|T,25207_C|T,25584_C|T,26060_C|T,26270_C|T,26529_G|C,26577_C|G,26610_A|G,26681_C|T,26709_G|A,26833_C|T,26858_C|T,27259_A|C,27382_G|C,27383_A|T,27384_T|C,27807_C|T,27810_T|C,28271_A|T,28311_C|T,28881_G|A,28882_G|A,28883_G|C,28958_C|A,29510_A|C,29557_G|T,11288_11296,21633_21641,21765_21770,21992_21994,22194_22196,23009_23011,28362_28370,21608_.|TCATGCCGCTGT
USA/FL-CDC-LC1134644/2025	XEQ	241_C|T,643_C|T,670_T|G,823_C|T,897_C|A,2790_C|T,3037_C|T,3267_C|T,3431_G|T,3565_T|C,4184_G|A,4321_C|T,4345_C|T,6183_A|G,6701_C|T,7842_A|G,8293_C|T,8393_G|A,9344_C|T,9424_A|G,9534_C|T,10029_C|T,10198_C|T,10447_G|A,10449_C|A,11042_G|T,11727_G|A,12418_T|C,12789_C|T,12815_C|T,12880_C|T,13339_T|C,14408_C|T,15714_C|T,15756_T|A,16887_C|T,16943_G|T,17410_C|T,18163_A|G,18492_A|G,18894_C|T,19716_C|T,19955_C|T,20055_A|G,21618_C|T,21622_C|T,21624_G|C,21627_C|A,21711_C|T,21738_T|C,21941_G|T,21987_G|A,22032_T|C,22033_C|A,22034_A|G,22200_T|G,22208_C|T,22295_C|A,22353_C|A,22556_A|G,22577_G|C,22578_G|A,22599_G|C,22629_A|C,22674_C|T,22679_T|C,22686_C|T,22688_A|G,22770_G|A,22775_G|A,22786_A|C,22813_G|T,22882_T|G,22895_G|C,22896_T|A,22898_G|A,22910_A|G,22916_C|T,22917_T|G,22926_T|C,22928_T|C,22942_T|A,22992_G|A,22995_C|A,23005_T|A,23012_G|A,23018_T|C,23019_T|C,23039_C|G,23055_A|G,23063_A|T,23075_T|C,23222_G|A,23271_C|T,23403_A|G,23423_C|T,23525_C|T,23599_T|G,23604_C|G,23854_C|A,23948_G|T,24378_C|T,24424_A|T,24469_T|A,24872_G|T,24990_C|T,25000_C|T,25207_C|T,25359_A|G,25584_C|T,26060_C|T,26270_C|T,26529_G|C,26577_C|G,26610_A|G,26681_C|T,26709_G|A,26833_C|T,26858_C|T,27259_A|C,27382_G|C,27383_A|T,27384_T|C,27807_C|T,27810_T|C,28271_A|T,28311_C|T,28881_G|A,28882_G|A,28883_G|C,28958_C|A,29510_A|C,11288_11296,21633_21641,21765_21770,21992_21994,22194_22196,23009_23011,28362_28370,29734_29759,21608_.|TCATGCCGCTGT
USA/IL-CDC-2-8272143/2025	XEQ	241_C|T,670_T|G,897_C|A,974_G|A,2790_C|T,3037_C|T,3431_G|T,3565_T|C,4184_G|A,4321_C|T,6183_A|G,6701_C|T,7842_A|G,8293_C|T,8393_G|A,9344_C|T,9424_A|G,9534_C|T,10029_C|T,10198_C|T,10447_G|A,10449_C|A,11042_G|T,11727_G|A,12418_T|C,12789_C|T,12815_C|T,12853_C|T,12880_C|T,13339_T|C,14408_C|T,14599_C|T,15714_C|T,15756_T|A,16338_C|T,16887_C|T,16943_G|T,17410_C|T,18163_A|G,18492_A|G,18894_C|T,19716_C|T,19955_C|T,20055_A|G,21586_G|T,21618_C|T,21622_C|T,21624_G|C,21627_C|A,21711_C|T,21738_T|C,21941_G|T,21987_G|A,22032_T|C,22033_C|A,22034_A|G,22200_T|G,22208_C|T,22295_C|A,22353_C|A,22556_A|G,22577_G|C,22578_G|A,22599_G|C,22629_A|C,22674_C|T,22679_T|C,22686_C|T,22688_A|G,22770_G|A,22775_G|A,22786_A|C,22813_G|T,22882_T|G,22895_G|C,22896_T|A,22898_G|A,22910_A|G,22916_C|T,22917_T|G,22926_T|C,22928_T|C,22942_T|A,22992_G|A,22995_C|A,23005_T|A,23012_G|A,23018_T|C,23019_T|C,23039_C|G,23055_A|G,23063_A|T,23075_T|C,23222_G|A,23271_C|T,23403_A|G,23423_C|T,23525_C|T,23599_T|G,23604_C|G,23854_C|A,23948_G|T,24378_C|T,24424_A|T,24469_T|A,24872_G|T,24990_C|T,25000_C|T,25207_C|T,25584_C|T,26060_C|T,26270_C|T,26529_G|C,26577_C|G,26610_A|G,26681_C|T,26709_G|A,26833_C|T,26858_C|T,27259_A|C,27382_G|C,27383_A|T,27384_T|C,27807_C|T,27810_T|C,28271_A|T,28311_C|T,28881_G|A,28882_G|A,28883_G|C,28958_C|A,29510_A|C,11288_11296,21633_21641,21765_21770,21992_21994,22194_22196,23009_23011,28362_28370,21608_.|TCATGCCGCTGT
USA/IL-RIPHL_123726_G/2025	XEQ	21_C|T,44_C|T,241_C|T,670_T|G,897_C|A,2695_C|T,2790_C|T,3037_C|T,3431_G|T,3565_T|C,4184_G|A,4321_C|T,6183_A|G,6701_C|T,7842_A|G,8293_C|T,8393_G|A,9344_C|T,9424_A|G,9534_C|T,10029_C|T,10198_C|T,10447_G|A,10449_C|A,11042_G|T,11727_G|A,12418_T|C,12789_C|T,12815_C|T,12880_C|T,13339_T|C,13427_G|A,14408_C|T,15714_C|T,15738_C|T,15756_T|A,16887_C|T,16943_G|T,17410_C|T,18163_A|G,18492_A|G,18894_C|T,19716_C|T,19955_C|T,20055_A|G,21618_C|T,21622_C|T,21624_G|C,21627_C|A,21711_C|T,21738_T|C,21941_G|T,21987_G|A,22032_T|C,22033_C|A,22034_A|G,22200_T|G,22208_C|T,22295_C|A,22353_C|A,22556_A|G,22577_G|C,22578_G|A,22599_G|C,22629_A|C,22674_C|T,22679_T|C,22686_C|T,22688_A|G,22770_G|A,22775_G|A,22786_A|C,22813_G|T,22882_T|G,22895_G|C,22896_T|A,22898_G|A,22910_A|G,22916_C|T,22917_T|G,22926_T|C,22928_T|C,22942_T|A,22992_G|A,22995_C|A,23005_T|A,23012_G|A,23018_T|C,23019_T|C,23039_C|G,23055_A|G,23063_A|T,23075_T|C,23222_G|A,23271_C|T,23403_A|G,23423_C|T,23525_C|T,23599_T|G,23604_C|G,23854_C|A,23948_G|T,24378_C|T,24424_A|T,24469_T|A,24872_G|T,24990_C|T,25000_C|T,25207_C|T,25584_C|T,26060_C|T,26270_C|T,26529_G|C,26577_C|G,26610_A|G,26681_C|T,26709_G|A,26833_C|T,26858_C|T,27259_A|C,27382_G|C,27383_A|T,27384_T|C,27807_C|T,27810_T|C,28271_A|T,28311_C|T,28603_C|T,28881_G|A,28882_G|A,28883_G|C,28958_C|A,29510_A|C,29769_C|T,11288_11296,21633_21641,21765_21770,21992_21994,22194_22196,23009_23011,28362_28370,29734_29759,21608_.|TCATGCCGCTGT
USA/IL-RIPHL_123902_G/2025	XEQ	241_C|T,670_T|G,897_C|A,2790_C|T,3037_C|T,3431_G|T,3565_T|C,4184_G|A,4321_C|T,5986_C|T,6183_A|G,6701_C|T,7842_A|G,8293_C|T,8393_G|A,9344_C|T,9424_A|G,9534_C|T,10029_C|T,10198_C|T,10447_G|A,10449_C|A,11042_G|T,11727_G|A,12418_T|C,12559_C|T,12789_C|T,12815_C|T,12880_C|T,13339_T|C,14408_C|T,15714_C|T,15756_T|A,16887_C|T,16943_G|T,17410_C|T,18163_A|G,18492_A|G,18894_C|T,19716_C|T,19734_T|A,19955_C|T,20055_A|G,21618_C|T,21622_C|T,21624_G|C,21627_C|A,21711_C|T,21738_T|C,21941_G|T,21987_G|A,22032_T|C,22033_C|A,22034_A|G,22200_T|G,22208_C|T,22295_C|A,22353_C|A,22556_A|G,22577_G|C,22578_G|A,22599_G|C,22629_A|C,22674_C|T,22679_T|C,22686_C|T,22688_A|G,22770_G|A,22775_G|A,22786_A|C,22813_G|T,22882_T|G,22895_G|C,22896_T|A,22898_G|A,22910_A|G,22916_C|T,22917_T|G,22926_T|C,22928_T|C,22942_T|A,22992_G|A,22995_C|A,23005_T|A,23012_G|A,23018_T|C,23019_T|C,23039_C|G,23055_A|G,23063_A|T,23075_T|C,23222_G|A,23271_C|T,23403_A|G,23423_C|T,23525_C|T,23599_T|G,23604_C|G,23854_C|A,23948_G|T,24378_C|T,24424_A|T,24469_T|A,24872_G|T,24990_C|T,25000_C|T,25207_C|T,25461_T|C,25584_C|T,26060_C|T,26270_C|T,26529_G|C,26577_C|G,26610_A|G,26681_C|T,26709_G|A,26833_C|T,26858_C|T,27259_A|C,27382_G|C,27383_A|T,27384_T|C,27807_C|T,27810_T|C,28271_A|T,28311_C|T,28881_G|A,28882_G|A,28883_G|C,28958_C|A,29510_A|C,11288_11296,21633_21641,21765_21770,21992_21994,22194_22196,23009_23011,28362_28370,29734_29759,21608_.|TCATGCCGCTGT
USA/IL-RIPHL_123904_G/2025	XEQ	44_C|T,241_C|T,670_T|G,897_C|A,1738_G|T,2790_C|T,3037_C|T,3431_G|T,3565_T|C,3787_C|T,4184_G|A,4321_C|T,5300_G|A,5869_C|T,6183_A|G,6701_C|T,7393_G|T,7842_A|G,8293_C|T,8393_G|A,9344_C|T,9424_A|G,9534_C|T,9693_C|T,10029_C|T,10198_C|T,10447_G|A,10449_C|A,11042_G|T,11083_G|T,11109_C|T,11727_G|A,12418_T|C,12789_C|T,12815_C|T,12827_T|C,12880_C|T,13339_T|C,14408_C|T,15714_C|T,15756_T|A,16887_C|T,16943_G|T,17410_C|T,18163_A|G,18492_A|G,18894_C|T,19716_C|T,19955_C|T,20055_A|G,21618_C|T,21622_C|T,21624_G|C,21627_C|A,21711_C|T,21738_T|C,21941_G|T,21987_G|A,22032_T|C,22033_C|A,22034_A|G,22048_T|C,22200_T|G,22208_C|T,22295_C|A,22353_C|A,22556_A|G,22577_G|C,22578_G|A,22599_G|C,22629_A|C,22674_C|T,22679_T|C,22686_C|T,22688_A|G,22770_G|A,22775_G|A,22786_A|C,22813_G|T,22882_T|G,22895_G|C,22896_T|A,22898_G|A,22910_A|G,22916_C|T,22917_T|G,22926_T|C,22928_T|C,22942_T|A,22992_G|A,22995_C|A,23005_T|A,23012_G|A,23018_T|C,23019_T|C,23039_C|G,23055_A|G,23063_A|T,23075_T|C,23222_G|A,23271_C|T,23403_A|G,23423_C|T,23525_C|T,23599_T|G,23604_C|G,23854_C|A,23948_G|T,24378_C|T,24424_A|T,24469_T|A,24872_G|T,24990_C|T,25000_C|T,25207_C|T,25555_G|T,25584_C|T,26060_C|T,26270_C|T,26529_G|C,26577_C|G,26610_A|G,26681_C|T,26709_G|A,26833_C|T,26858_C|T,27259_A|C,27382_G|C,27383_A|T,27384_T|C,27807_C|T,27810_T|C,27883_C|T,28271_A|T,28311_C|T,28396_G|A,28881_G|A,28882_G|A,28883_G|C,28958_C|A,29510_A|C,11288_11296,21633_21641,21765_21770,21992_21994,22194_22196,23009_23011,28362_28370,29734_29759,21608_.|TCATGCCGCTGT
USA/IL-RIPHL_15352_G/2025	XEQ	241_C|T,670_T|G,897_C|A,1738_G|T,2790_C|T,3037_C|T,3431_G|T,3565_T|C,3787_C|T,4184_G|A,4321_C|T,5300_G|A,6183_A|G,6701_C|T,7331_G|T,7393_G|T,7842_A|G,8293_C|T,8393_G|A,9344_C|T,9424_A|G,9534_C|T,9693_C|T,10029_C|T,10198_C|T,10447_G|A,10449_C|A,11042_G|T,11109_C|T,11727_G|A,12418_T|C,12789_C|T,12815_C|T,12827_T|C,12880_C|T,13339_T|C,14408_C|T,15714_C|T,15756_T|A,16887_C|T,16943_G|T,17410_C|T,18163_A|G,18492_A|G,18894_C|T,19716_C|T,19955_C|T,20055_A|G,21618_C|T,21622_C|T,21624_G|C,21627_C|A,21711_C|T,21738_T|C,21941_G|T,21987_G|A,22032_T|C,22033_C|A,22034_A|G,22048_T|C,22200_T|G,22208_C|T,22295_C|A,22353_C|A,22556_A|G,22577_G|C,22578_G|A,22599_G|C,22629_A|C,22674_C|T,22679_T|C,22686_C|T,22688_A|G,22770_G|A,22775_G|A,22786_A|C,22813_G|T,22882_T|G,22895_G|C,22896_T|A,22898_G|A,22910_A|G,22916_C|T,22917_T|G,22926_T|C,22928_T|C,22942_T|A,22992_G|A,22995_C|A,23005_T|A,23012_G|A,23018_T|C,23019_T|C,23039_C|G,23055_A|G,23063_A|T,23075_T|C,23222_G|A,23271_C|T,23403_A|G,23423_C|T,23525_C|T,23599_T|G,23604_C|G,23854_C|A,23948_G|T,24378_C|T,24424_A|T,24469_T|A,24872_G|T,24990_C|T,25000_C|T,25207_C|T,25584_C|T,26060_C|T,26270_C|T,26529_G|C,26577_C|G,26610_A|G,26681_C|T,26709_G|A,26833_C|T,26858_C|T,27259_A|C,27382_G|C,27383_A|T,27384_T|C,27807_C|T,27810_T|C,28271_A|T,28311_C|T,28396_G|A,28881_G|A,28882_G|A,28883_G|C,28958_C|A,29510_A|C,11288_11296,21633_21641,21765_21770,21992_21994,22194_22196,23009_23011,28362_28370,29734_29759,21608_.|TCATGCCGCTGT
USA/IL-RIPHL_15496_G/2025	XEQ	241_C|T,670_T|G,897_C|A,1738_G|T,2790_C|T,3037_C|T,3431_G|T,3565_T|C,3787_C|T,4184_G|A,4321_C|T,5300_G|A,6183_A|G,6701_C|T,7331_G|T,7393_G|T,7842_A|G,8293_C|T,8393_G|A,9344_C|T,9424_A|G,9534_C|T,9693_C|T,10029_C|T,10198_C|T,10447_G|A,10449_C|A,11042_G|T,11109_C|T,11727_G|A,12418_T|C,12789_C|T,12815_C|T,12827_T|C,12880_C|T,13339_T|C,14265_C|T,14408_C|T,15714_C|T,15756_T|A,16887_C|T,16943_G|T,17410_C|T,18163_A|G,18492_A|G,18894_C|T,19716_C|T,19955_C|T,20055_A|G,21618_C|T,21622_C|T,21624_G|C,21627_C|A,21711_C|T,21738_T|C,21941_G|T,21987_G|A,22032_T|C,22033_C|A,22034_A|G,22048_T|C,22200_T|G,22208_C|T,22295_C|A,22353_C|A,22556_A|G,22577_G|C,22578_G|A,22599_G|C,22629_A|C,22674_C|T,22679_T|C,22686_C|T,22688_A|G,22770_G|A,22775_G|A,22786_A|C,22813_G|T,22882_T|G,22895_G|C,22896_T|A,22898_G|A,22910_A|G,22916_C|T,22917_T|G,22926_T|C,22928_T|C,22942_T|A,22992_G|A,22995_C|A,23005_T|A,23012_G|A,23018_T|C,23019_T|C,23039_C|G,23055_A|G,23063_A|T,23075_T|C,23222_G|A,23271_C|T,23403_A|G,23423_C|T,23525_C|T,23599_T|G,23604_C|A,23854_C|A,23948_G|T,24378_C|T,24424_A|T,24469_T|A,24872_G|T,24990_C|T,25000_C|T,25207_C|T,25584_C|T,26060_C|T,26270_C|T,26529_G|C,26577_C|G,26610_A|G,26681_C|T,26709_G|A,26833_C|T,26858_C|T,27259_A|C,27382_G|C,27383_A|T,27384_T|C,27807_C|T,27810_T|C,28271_A|T,28311_C|T,28396_G|A,28881_G|A,28882_G|A,28883_G|C,28958_C|A,29510_A|C,11288_11296,21633_21641,21765_21770,21992_21994,22194_22196,23009_23011,28362_28370,29734_29759,21608_.|TCATGCCGCTGT
USA/IL-RIPHL_33440_G/2025	XEQ	241_C|T,670_T|G,897_C|A,1738_G|T,2790_C|T,3037_C|T,3431_G|T,3565_T|C,3787_C|T,4184_G|A,4321_C|T,5300_G|A,6183_A|G,6701_C|T,7393_G|T,7842_A|G,8293_C|T,8393_G|A,9344_C|T,9424_A|G,9534_C|T,9693_C|T,10029_C|T,10198_C|T,10447_G|A,10449_C|A,11042_G|T,11109_C|T,11727_G|A,12418_T|C,12789_C|T,12815_C|T,12827_T|C,12880_C|T,13339_T|C,14408_C|T,15714_C|T,15756_T|A,16887_C|T,16943_G|T,17410_C|T,18163_A|G,18492_A|G,18894_C|T,19716_C|T,19955_C|T,20055_A|G,21618_C|T,21622_C|T,21624_G|C,21627_C|A,21711_C|T,21738_T|C,21941_G|T,21987_G|A,22032_T|C,22033_C|A,22034_A|G,22048_T|C,22200_T|G,22208_C|T,22295_C|A,22353_C|A,22556_A|G,22577_G|C,22578_G|A,22599_G|C,22629_A|C,22674_C|T,22679_T|C,22686_C|T,22688_A|G,22770_G|A,22775_G|A,22786_A|C,22813_G|T,22882_T|G,22895_G|C,22896_T|A,22898_G|A,22910_A|G,22916_C|T,22917_T|G,22926_T|C,22928_T|C,22942_T|A,22992_G|A,22995_C|A,23005_T|A,23012_G|A,23018_T|C,23019_T|C,23039_C|G,23055_A|G,23063_A|T,23075_T|C,23222_G|A,23271_C|T,23403_A|G,23423_C|T,23525_C|T,23599_T|G,23604_C|G,23854_C|A,23948_G|T,24378_C|T,24424_A|T,24469_T|A,24872_G|T,24990_C|T,25000_C|T,25207_C|T,25584_C|T,26060_C|T,26270_C|T,26529_G|C,26577_C|G,26610_A|G,26681_C|T,26709_G|A,26833_C|T,26858_C|T,27259_A|C,27382_G|C,27383_A|T,27384_T|C,27807_C|T,27810_T|C,28271_A|T,28311_C|T,28396_G|A,28881_G|A,28882_G|A,28883_G|C,28958_C|A,29510_A|C,11288_11296,21633_21641,21765_21770,21992_21994,22194_22196,23009_23011,28362_28370,29734_29759,21608_.|TCATGCCGCTGT
USA/IL-RIPHL_33562_G/2025	XEQ	21_C|T,44_C|T,241_C|T,670_T|G,897_C|A,2761_A|C,2790_C|T,3037_C|T,3431_G|T,3565_T|C,4184_G|A,4321_C|T,4579_T|A,6183_A|G,6701_C|T,7842_A|G,8293_C|T,8393_G|A,9344_C|T,9424_A|G,9534_C|T,10029_C|T,10198_C|T,10447_G|A,10449_C|A,11042_G|T,11727_G|A,12418_T|C,12789_C|T,12815_C|T,12880_C|T,13339_T|C,14262_C|T,14408_C|T,15714_C|T,15756_T|A,16887_C|T,16943_G|T,17410_C|T,18163_A|G,18492_A|G,18804_C|T,18894_C|T,19716_C|T,19955_C|T,20055_A|G,21618_C|T,21622_C|T,21624_G|C,21627_C|A,21711_C|T,21738_T|C,21941_G|T,21987_G|A,22032_T|C,22033_C|A,22034_A|G,22051_G|T,22200_T|G,22208_C|T,22295_C|A,22353_C|A,22556_A|G,22577_G|C,22578_G|A,22599_G|C,22629_A|C,22674_C|T,22679_T|C,22686_C|T,22688_A|G,22770_G|A,22775_G|A,22786_A|C,22813_G|T,22882_T|G,22895_G|C,22896_T|A,22898_G|A,22910_A|G,22916_C|T,22917_T|G,22926_T|C,22928_T|C,22942_T|A,22992_G|A,22995_C|A,23005_T|A,23012_G|A,23018_T|C,23019_T|C,23039_C|G,23055_A|G,23063_A|T,23075_T|C,23222_G|A,23271_C|T,23403_A|G,23423_C|T,23599_T|G,23604_C|G,23854_C|A,23948_G|T,24378_C|T,24381_C|T,24424_A|T,24469_T|A,24745_C|T,24872_G|T,24990_C|T,25000_C|T,25207_C|T,25584_C|T,26060_C|T,26270_C|T,26529_G|C,26577_C|G,26681_C|T,26709_G|A,26753_C|T,26833_C|T,26858_C|T,27259_A|C,27382_G|C,27383_A|T,27384_T|C,27807_C|T,27810_T|C,28271_A|T,28311_C|T,28705_T|C,28881_G|A,28882_G|A,28883_G|C,28958_C|A,29510_A|C,11288_11296,21633_21641,21765_21770,21992_21994,22194_22196,23009_23011,28362_28370,29734_29759,21608_.|TCATGCCGCTGT
USA/IVY-G25X74Y4/2024	XEQ	241_C|T,670_T|G,897_C|A,2790_C|T,3037_C|T,3431_G|T,3565_T|C,4184_G|A,4321_C|T,6183_A|G,6701_C|T,7842_A|G,8293_C|T,8393_G|A,9344_C|T,9424_A|G,9534_C|T,10029_C|T,10198_C|T,10447_G|A,10449_C|A,11042_G|T,11727_G|A,12418_T|C,12789_C|T,12815_C|T,12880_C|T,13339_T|C,14408_C|T,15696_T|C,15714_C|T,15756_T|A,16887_C|T,16943_G|T,17410_C|T,18163_A|G,18492_A|G,18894_C|T,19716_C|T,19955_C|T,20055_A|G,21618_C|T,21622_C|T,21624_G|C,21627_C|A,21711_C|T,21738_T|C,21941_G|T,21987_G|A,22032_T|C,22033_C|A,22034_A|G,22200_T|G,22208_C|T,22295_C|A,22353_C|A,22556_A|G,22577_G|C,22578_G|A,22599_G|C,22629_A|C,22674_C|T,22679_T|C,22686_C|T,22688_A|G,22770_G|A,22775_G|A,22786_A|C,22813_G|T,22882_T|G,22895_G|C,22896_T|A,22898_G|A,22910_A|G,22916_C|T,22917_T|G,22926_T|C,22928_T|C,22942_T|A,22992_G|A,22995_C|A,23005_T|A,23012_G|A,23018_T|C,23019_T|C,23039_C|G,23055_A|G,23063_A|T,23075_T|C,23222_G|A,23271_C|T,23403_A|G,23423_C|T,23525_C|T,23599_T|G,23604_C|G,23854_C|A,23948_G|T,24378_C|T,24424_A|T,24469_T|A,24872_G|T,24990_C|T,25000_C|T,25207_C|T,25584_C|T,26060_C|T,26270_C|T,26529_G|C,26577_C|G,26610_A|G,26681_C|T,26709_G|A,26833_C|T,26858_C|T,27259_A|C,27382_G|C,27383_A|T,27384_T|C,27807_C|T,27810_T|C,28271_A|T,28311_C|T,28881_G|A,28882_G|A,28883_G|C,28958_C|A,29510_A|C,11288_11296,21633_21641,21765_21770,21992_21994,22194_22196,23009_23011,28362_28370,29734_29759,21608_.|TCATGCCGCTGT
USA/IVY-G25X81R7/2024	XEQ	241_C|T,670_T|G,897_C|A,2790_C|T,3037_C|T,3431_G|T,3565_T|C,4184_G|A,4321_C|T,5570_A|G,6183_A|G,6701_C|T,7842_A|G,8293_C|T,8393_G|A,9344_C|T,9424_A|G,9534_C|T,10029_C|T,10198_C|T,10447_G|A,10449_C|A,10553_T|C,11042_G|T,11727_G|A,12418_T|C,12789_C|T,12815_C|T,12880_C|T,13339_T|C,14408_C|T,15714_C|T,15756_T|A,16887_C|T,16943_G|T,17410_C|T,18163_A|G,18492_A|G,18894_C|T,19716_C|T,19955_C|T,20055_A|G,21618_C|T,21622_C|T,21624_G|C,21627_C|A,21711_C|T,21738_T|C,21773_T|C,21941_G|T,21987_G|A,22032_T|C,22033_C|A,22034_A|G,22200_T|G,22208_C|T,22295_C|A,22353_C|A,22556_A|G,22577_G|C,22578_G|A,22599_G|C,22629_A|C,22674_C|T,22679_T|C,22686_C|T,22688_A|G,22770_G|A,22775_G|A,22786_A|C,22813_G|T,22882_T|G,22895_G|C,22896_T|A,22898_G|A,22910_A|G,22916_C|T,22917_T|G,22926_T|C,22928_T|C,22942_T|A,22992_G|A,22995_C|A,23005_T|A,23012_G|A,23018_T|C,23019_T|C,23039_C|G,23055_A|G,23063_A|T,23075_T|C,23222_G|A,23271_C|T,23403_A|G,23423_C|T,23525_C|T,23599_T|G,23604_C|G,23854_C|A,23948_G|T,24378_C|T,24424_A|T,24469_T|A,24872_G|T,24990_C|T,25000_C|T,25207_C|T,25584_C|T,26060_C|T,26270_C|T,26529_G|C,26577_C|G,26610_A|G,26681_C|T,26709_G|A,26833_C|T,26858_C|T,27259_A|C,27382_G|C,27383_A|T,27384_T|C,27807_C|T,27810_T|C,28271_A|T,28311_C|T,28881_G|A,28882_G|A,28883_G|C,28958_C|A,29510_A|C,11288_11296,21633_21641,21765_21770,21992_21994,22194_22196,23009_23011,28362_28370,29734_29759,21608_.|TCATGCCGCTGT
USA/IVY-G25X84K9/2024	XEQ	241_C|T,670_T|G,897_C|A,2790_C|T,3037_C|T,3267_C|T,3431_G|T,3565_T|C,4184_G|A,4321_C|T,6183_A|G,6701_C|T,7842_A|G,8293_C|T,8393_G|A,9344_C|T,9424_A|G,9534_C|T,10029_C|T,10198_C|T,10447_G|A,10449_C|A,11042_G|T,11727_G|A,12418_T|C,12789_C|T,12815_C|T,12880_C|T,13339_T|C,14408_C|T,15714_C|T,15756_T|A,16616_C|T,16887_C|T,16943_G|T,17410_C|T,18163_A|G,18492_A|G,18894_C|T,19716_C|T,19955_C|T,20055_A|G,21618_C|T,21622_C|T,21624_G|C,21627_C|A,21711_C|T,21738_T|C,21941_G|T,21987_G|A,22032_T|C,22033_C|A,22034_A|G,22200_T|G,22208_C|T,22295_C|A,22353_C|A,22556_A|G,22577_G|C,22578_G|A,22599_G|C,22629_A|C,22674_C|T,22679_T|C,22686_C|T,22688_A|G,22770_G|A,22775_G|A,22786_A|C,22813_G|T,22882_T|G,22895_G|C,22896_T|A,22898_G|A,22910_A|G,22916_C|T,22917_T|G,22926_T|C,22928_T|C,22942_T|A,22992_G|A,22995_C|A,23005_T|A,23012_G|A,23018_T|C,23019_T|C,23039_C|G,23055_A|G,23063_A|T,23075_T|C,23222_G|A,23271_C|T,23403_A|G,23423_C|T,23525_C|T,23599_T|G,23604_C|G,23854_C|A,23948_G|T,24378_C|T,24424_A|T,24469_T|A,24872_G|T,24990_C|T,25000_C|T,25207_C|T,25359_A|G,25584_C|T,26060_C|T,26270_C|T,26529_G|C,26577_C|G,26610_A|G,26681_C|T,26709_G|A,26833_C|T,26858_C|T,27259_A|C,27382_G|C,27383_A|T,27384_T|C,27807_C|T,27810_T|C,28271_A|T,28311_C|T,28881_G|A,28882_G|A,28883_G|C,28958_C|A,29510_A|C,11288_11296,21633_21641,21765_21770,21992_21994,22194_22196,23009_23011,28362_28370,29734_29759,21608_.|TCATGCCGCTGT
USA/IVY-G25X84L5/2024	XEQ	241_C|T,670_T|G,897_C|A,1912_C|T,2790_C|T,3037_C|T,3431_G|T,3565_T|C,4184_G|A,4321_C|T,5182_T|G,6183_A|G,6364_G|A,6701_C|T,7842_A|G,8293_C|T,8393_G|A,9344_C|T,9424_A|G,9534_C|T,10029_C|T,10198_C|T,10447_G|A,10449_C|A,11042_G|T,11727_G|A,12418_T|C,12789_C|T,12815_C|T,12880_C|T,13339_T|C,14408_C|T,15714_C|T,15756_T|A,16887_C|T,16943_G|T,17410_C|T,18163_A|G,18492_A|G,18894_C|T,19716_C|T,19955_C|T,20055_A|G,21618_C|T,21622_C|T,21624_G|C,21627_C|A,21711_C|T,21738_T|C,21941_G|T,21987_G|A,22032_T|C,22033_C|A,22034_A|G,22200_T|G,22208_C|T,22295_C|A,22353_C|A,22556_A|G,22577_G|C,22578_G|A,22599_G|C,22629_A|C,22674_C|T,22679_T|C,22686_C|T,22688_A|G,22770_G|A,22775_G|A,22786_A|C,22813_G|T,22882_T|G,22895_G|C,22896_T|A,22898_G|A,22910_A|G,22916_C|T,22917_T|G,22926_T|C,22928_T|C,22942_T|A,22992_G|A,22995_C|A,23005_T|A,23012_G|A,23018_T|C,23019_T|C,23039_C|G,23055_A|G,23063_A|T,23075_T|C,23222_G|A,23271_C|T,23403_A|G,23423_C|T,23525_C|T,23599_T|G,23604_C|G,23854_C|A,23948_G|T,24378_C|T,24424_A|T,24469_T|A,24872_G|T,24990_C|T,25000_C|T,25207_C|T,25584_C|T,25703_C|T,26060_C|T,26270_C|T,26529_G|C,26577_C|G,26610_A|G,26681_C|T,26709_G|A,26833_C|T,26858_C|T,27259_A|C,27382_G|C,27383_A|T,27384_T|C,27807_C|T,27810_T|C,28271_A|T,28311_C|T,28881_G|A,28882_G|A,28883_G|C,28958_C|A,29510_A|C,11288_11296,21633_21641,21765_21770,21992_21994,22194_22196,23009_23011,28362_28370,29734_29759,21608_.|TCATGCCGCTGT
USA/IVY-G25Y32P3/2025	XEQ	241_C|T,670_T|G,897_C|A,1348_C|T,2790_C|T,3037_C|T,3431_G|T,3565_T|C,4184_G|A,4321_C|T,4891_C|T,6183_A|G,6701_C|T,7842_A|G,8293_C|T,8393_G|A,9344_C|T,9424_A|G,9534_C|T,10029_C|T,10198_C|T,10447_G|A,10449_C|A,11042_G|T,11727_G|A,12418_T|C,12789_C|T,12815_C|T,12880_C|T,13339_T|C,14408_C|T,15714_C|T,15756_T|A,16887_C|T,16943_G|T,17410_C|T,18163_A|G,18492_A|G,18894_C|T,19716_C|T,19955_C|T,20055_A|G,21618_C|T,21622_C|T,21624_G|C,21627_C|A,21711_C|T,21738_T|C,21941_G|T,21987_G|A,22032_T|C,22033_C|A,22034_A|G,22200_T|G,22208_C|T,22295_C|A,22353_C|A,22556_A|G,22577_G|C,22578_G|A,22599_G|C,22629_A|C,22674_C|T,22679_T|C,22686_C|T,22688_A|G,22770_G|A,22775_G|A,22786_A|C,22813_G|T,22882_T|G,22895_G|C,22896_T|A,22898_G|A,22910_A|G,22916_C|T,22917_T|G,22926_T|C,22928_T|C,22942_T|A,22992_G|A,22995_C|A,23005_T|A,23012_G|A,23018_T|C,23019_T|C,23039_C|G,23055_A|G,23063_A|T,23075_T|C,23222_G|A,23271_C|T,23403_A|G,23423_C|T,23525_C|T,23599_T|G,23604_C|G,23854_C|A,23948_G|T,24378_C|T,24424_A|T,24469_T|A,24872_G|T,24990_C|T,25000_C|T,25019_G|C,25207_C|T,25584_C|T,26060_C|T,26270_C|T,26529_G|C,26577_C|G,26610_A|G,26681_C|T,26709_G|A,26833_C|T,26858_C|T,27259_A|C,27382_G|C,27383_A|T,27384_T|C,27807_C|T,27810_T|C,28271_A|T,28311_C|T,28881_G|A,28882_G|A,28883_G|C,28958_C|A,29510_A|C,11288_11296,21633_21641,21765_21770,21992_21994,22194_22196,23009_23011,28362_28370,29734_29759,21608_.|TCATGCCGCTGT
USA/IVY-G25Y68S0/2025	XEQ	241_C|T,670_T|G,897_C|A,1912_C|T,2790_C|T,3037_C|T,3431_G|T,3565_T|C,4184_G|A,4321_C|T,6183_A|G,6701_C|T,7842_A|G,8293_C|T,8393_G|A,9344_C|T,9424_A|G,9534_C|T,10029_C|T,10198_C|T,10447_G|A,10449_C|A,11042_G|T,11727_G|A,12418_T|C,12789_C|T,12815_C|T,12880_C|T,13339_T|C,14408_C|T,15333_A|G,15714_C|T,15756_T|A,16887_C|T,16943_G|T,17410_C|T,18163_A|G,18492_A|G,18894_C|T,19716_C|T,19955_C|T,20055_A|G,21618_C|T,21622_C|T,21624_G|C,21627_C|A,21711_C|T,21738_T|C,21941_G|T,21987_G|A,22032_T|C,22033_C|A,22034_A|G,22200_T|G,22208_C|T,22295_C|A,22353_C|A,22556_A|G,22577_G|C,22578_G|A,22599_G|C,22629_A|C,22674_C|T,22679_T|C,22686_C|T,22688_A|G,22770_G|A,22775_G|A,22786_A|C,22813_G|T,22882_T|G,22895_G|C,22896_T|A,22898_G|A,22910_A|G,22916_C|T,22917_T|G,22926_T|C,22928_T|C,22942_T|A,22992_G|A,22995_C|A,23005_T|A,23012_G|A,23018_T|C,23019_T|C,23039_C|G,23055_A|G,23063_A|T,23075_T|C,23222_G|A,23271_C|T,23403_A|G,23423_C|T,23525_C|T,23599_T|G,23604_C|G,23854_C|A,23948_G|T,24378_C|T,24424_A|T,24469_T|A,24700_C|T,24872_G|T,24990_C|T,25000_C|T,25207_C|T,25584_C|T,25703_C|T,26060_C|T,26270_C|T,26529_G|C,26577_C|G,26610_A|G,26681_C|T,26709_G|A,26833_C|T,26858_C|T,27259_A|C,27382_G|C,27383_A|T,27384_T|C,27807_C|T,27810_T|C,28271_A|T,28311_C|T,28881_G|A,28882_G|A,28883_G|C,28958_C|A,29510_A|C,11288_11296,21633_21641,21765_21770,21992_21994,22194_22196,23009_23011,28362_28370,29734_29759,21608_.|TCATGCCGCTGT
USA/MA-CDC-LC1127598/2024	XEQ	241_C|T,670_T|G,897_C|A,2790_C|T,3037_C|T,3431_G|T,3565_T|C,4184_G|A,4321_C|T,6183_A|G,6701_C|T,7842_A|G,8293_C|T,8393_G|A,9344_C|T,9424_A|G,9534_C|T,10029_C|T,10198_C|T,10447_G|A,10449_C|A,11042_G|T,11727_G|A,12418_T|C,12789_C|T,12815_C|T,12880_C|T,13339_T|C,14408_C|T,15714_C|T,15756_T|A,16887_C|T,16943_G|T,17410_C|T,18163_A|G,18492_A|G,18894_C|T,19716_C|T,19955_C|T,20055_A|G,21618_C|T,21622_C|T,21624_G|C,21627_C|A,21711_C|T,21738_T|C,21941_G|T,21987_G|A,22032_T|C,22033_C|A,22034_A|G,22200_T|G,22208_C|T,22295_C|A,22353_C|A,22556_A|G,22577_G|C,22578_G|A,22599_G|C,22629_A|C,22674_C|T,22679_T|C,22686_C|T,22688_A|G,22770_G|A,22775_G|A,22786_A|C,22813_G|T,22882_T|G,22895_G|C,22896_T|A,22898_G|A,22910_A|G,22916_C|T,22917_T|G,22926_T|C,22928_T|C,22942_T|A,22992_G|A,22995_C|A,23005_T|A,23012_G|A,23018_T|C,23019_T|C,23039_C|G,23055_A|G,23063_A|T,23075_T|C,23222_G|A,23271_C|T,23403_A|G,23423_C|T,23525_C|T,23599_T|G,23604_C|G,23854_C|A,23948_G|T,24378_C|T,24424_A|T,24469_T|A,24872_G|T,24990_C|T,25000_C|T,25207_C|T,25218_G|T,25584_C|T,26060_C|T,26270_C|T,26529_G|C,26577_C|G,26610_A|G,26681_C|T,26709_G|A,26833_C|T,26858_C|T,27259_A|C,27382_G|C,27383_A|T,27384_T|C,27807_C|T,27810_T|C,28108_A|T,28271_A|T,28311_C|T,28881_G|A,28882_G|A,28883_G|C,28958_C|A,29510_A|C,11288_11296,21633_21641,21765_21770,21992_21994,22194_22196,23009_23011,26481_26495,28362_28370,29734_29759,21608_.|TCATGCCGCTGT
USA/MA-CDC-LC1129206/2025	XEQ	241_C|T,670_T|G,897_C|A,1348_C|T,2790_C|T,3037_C|T,3431_G|T,3565_T|C,4184_G|A,4321_C|T,4891_C|T,6183_A|G,6701_C|T,7842_A|G,8293_C|T,8393_G|A,9344_C|T,9424_A|G,9534_C|T,10029_C|T,10198_C|T,10447_G|A,10449_C|A,11042_G|T,11727_G|A,12418_T|C,12789_C|T,12815_C|T,12880_C|T,13339_T|C,14408_C|T,15714_C|T,15756_T|A,16887_C|T,16943_G|T,17410_C|T,18163_A|G,18492_A|G,18894_C|T,19716_C|T,19955_C|T,20055_A|G,21618_C|T,21622_C|T,21624_G|C,21627_C|A,21668_G|A,21711_C|T,21738_T|C,21941_G|T,21987_G|A,22032_T|C,22033_C|A,22034_A|G,22200_T|G,22208_C|T,22295_C|A,22353_C|A,22556_A|G,22577_G|C,22578_G|A,22599_G|C,22629_A|C,22674_C|T,22679_T|C,22686_C|T,22688_A|G,22770_G|A,22775_G|A,22786_A|C,22813_G|T,22882_T|G,22895_G|C,22896_T|A,22898_G|A,22910_A|G,22916_C|T,22917_T|G,22926_T|C,22928_T|C,22942_T|A,22992_G|A,22995_C|A,23005_T|A,23012_G|A,23018_T|C,23019_T|C,23039_C|G,23055_A|G,23063_A|T,23075_T|C,23222_G|A,23271_C|T,23403_A|G,23423_C|T,23525_C|T,23599_T|G,23604_C|G,23854_C|A,23948_G|T,24378_C|T,24424_A|T,24469_T|A,24872_G|T,24990_C|T,25000_C|T,25019_G|C,25207_C|T,25584_C|T,26060_C|T,26270_C|T,26529_G|C,26577_C|G,26610_A|G,26681_C|T,26709_G|A,26833_C|T,26858_C|T,27259_A|C,27382_G|C,27383_A|T,27384_T|C,27807_C|T,27810_T|C,28271_A|T,28311_C|T,28881_G|A,28882_G|A,28883_G|C,28958_C|A,29510_A|C,11288_11296,21633_21641,21765_21770,21992_21994,22194_22196,23009_23011,28362_28370,21608_.|TCATGCCGCTGT
USA/MA-MASPHL-13805/2025	XEQ	21_C|T,44_C|T,162_C|T,241_C|T,614_G|A,670_T|G,897_C|A,1263_C|T,2790_C|T,3037_C|T,3383_A|G,3431_G|T,3565_T|C,4184_G|A,4321_C|T,4776_C|T,6183_A|G,6701_C|T,7842_A|G,8293_C|T,8393_G|A,9344_C|T,9424_A|G,9534_C|T,9969_C|T,10029_C|T,10198_C|T,10447_G|A,10449_C|A,11042_G|T,11727_G|A,11758_C|A,12418_T|C,12789_C|T,12815_C|T,12880_C|T,13339_T|C,14408_C|T,14599_C|T,15714_C|T,15756_T|A,16194_T|C,16887_C|T,16943_G|T,17410_C|T,18163_A|G,18492_A|G,18894_C|T,19716_C|T,19955_C|T,20055_A|G,21618_C|T,21622_C|T,21624_G|C,21627_C|A,21711_C|T,21738_T|C,21941_G|T,21987_G|A,22032_T|C,22033_C|A,22034_A|G,22200_T|G,22208_C|T,22295_C|A,22353_C|A,22556_A|G,22577_G|C,22578_G|A,22599_G|C,22629_A|C,22674_C|T,22679_T|C,22686_C|T,22688_A|G,22770_G|A,22775_G|A,22786_A|C,22813_G|T,22882_T|G,22895_G|C,22896_T|A,22898_G|A,22910_A|G,22916_C|T,22917_T|G,22926_T|C,22928_T|C,22942_T|A,22992_G|A,22995_C|A,23005_T|A,23012_G|A,23018_T|C,23019_T|C,23039_C|G,23055_A|G,23063_A|T,23075_T|C,23222_G|A,23271_C|T,23403_A|G,23423_C|T,23525_C|T,23599_T|G,23604_C|G,23854_C|A,23948_G|T,24378_C|T,24424_A|T,24469_T|A,24872_G|T,24990_C|T,25000_C|T,25207_C|T,25584_C|T,26060_C|T,26270_C|T,26529_G|C,26577_C|G,26610_A|G,26681_C|T,26709_G|A,26833_C|T,26858_C|T,27259_A|C,27382_G|C,27383_A|T,27384_T|C,27807_C|T,27810_T|C,28271_A|T,28311_C|T,28757_C|T,28881_G|A,28882_G|A,28883_G|C,28958_C|A,29341_T|C,29510_A|C,11288_11296,21633_21641,21765_21770,21992_21994,22194_22196,23009_23011,28362_28370,29728_29776,21608_.|TCATGCCGCTGT
USA/MA-MASPHL-14003/2025	XEQ	21_C|T,44_C|T,241_C|T,670_T|G,897_C|A,1312_G|T,2790_C|T,3037_C|T,3431_G|T,3565_T|C,4184_G|A,4321_C|T,6183_A|G,6701_C|T,7842_A|G,7945_C|T,8293_C|T,8393_G|A,9344_C|T,9424_A|G,9534_C|T,10029_C|T,10198_C|T,10447_G|A,10449_C|A,11042_G|T,11727_G|A,12418_T|C,12789_C|T,12815_C|T,12880_C|T,13339_T|C,14408_C|T,15714_C|T,15756_T|A,16887_C|T,16943_G|T,17410_C|T,18163_A|G,18492_A|G,18894_C|T,19716_C|T,19955_C|T,20055_A|G,21618_C|T,21622_C|T,21624_G|C,21627_C|A,21711_C|T,21738_T|C,21941_G|T,21987_G|A,22032_T|C,22033_C|A,22034_A|G,22200_T|G,22208_C|T,22295_C|A,22353_C|A,22556_A|G,22577_G|C,22578_G|A,22599_G|C,22629_A|C,22674_C|T,22679_T|C,22686_C|T,22688_A|G,22770_G|A,22775_G|A,22786_A|C,22813_G|T,22882_T|G,22895_G|C,22896_T|A,22898_G|A,22910_A|G,22916_C|T,22917_T|G,22926_T|C,22928_T|C,22942_T|A,22992_G|A,22995_C|A,23005_T|A,23012_G|A,23018_T|C,23019_T|C,23039_C|G,23055_A|G,23063_A|T,23075_T|C,23222_G|A,23271_C|T,23403_A|G,23423_C|T,23525_C|T,23599_T|G,23604_C|G,23854_C|A,23948_G|T,24378_C|T,24424_A|T,24469_T|A,24872_G|T,24990_C|T,25000_C|T,25207_C|T,25584_C|T,26060_C|T,26270_C|T,26529_G|C,26577_C|G,26610_A|G,26681_C|T,26709_G|A,26833_C|T,26858_C|T,27259_A|C,27382_G|C,27383_A|T,27384_T|C,27807_C|T,27810_T|C,28271_A|T,28311_C|T,28881_G|A,28882_G|A,28883_G|C,28958_C|A,29510_A|C,11288_11296,21633_21641,21765_21770,21992_21994,22194_22196,23009_23011,28362_28370,29734_29759,21608_.|TCATGCCGCTGT
USA/MA-USAFSAM-S23267/2025	XEQ	241_C|T,670_T|G,897_C|A,2790_C|T,3037_C|T,3431_G|T,3565_T|C,4184_G|A,4321_C|T,6183_A|G,6701_C|T,7842_A|G,8293_C|T,8393_G|A,9344_C|T,9424_A|G,9534_C|T,10029_C|T,10198_C|T,10447_G|A,10449_C|A,11042_G|T,11727_G|A,12418_T|C,12722_T|G,12789_C|T,12815_C|T,12880_C|T,13339_T|C,14408_C|T,15714_C|T,15756_T|A,16887_C|T,16943_G|T,17410_C|T,18163_A|G,18492_A|G,18894_C|T,19716_C|T,19955_C|T,20055_A|G,21618_C|T,21622_C|T,21624_G|C,21627_C|A,21711_C|T,21738_T|C,21941_G|T,21987_G|A,22032_T|C,22033_C|A,22034_A|G,22200_T|G,22208_C|T,22295_C|A,22353_C|A,22556_A|G,22577_G|C,22578_G|A,22599_G|C,22629_A|C,22674_C|T,22679_T|C,22686_C|T,22688_A|G,22775_G|A,22786_A|C,22813_G|T,22882_T|G,22895_G|C,22896_T|A,22898_G|A,22910_A|G,22916_C|T,22917_T|G,22926_T|C,22928_T|C,22942_T|A,22992_G|A,22995_C|A,23005_T|A,23012_G|A,23018_T|C,23019_T|C,23039_C|G,23055_A|G,23063_A|T,23075_T|C,23222_G|A,23271_C|T,23403_A|G,23423_C|T,23525_C|T,23599_T|G,23604_C|G,23854_C|A,23948_G|T,24378_C|T,24424_A|T,24469_T|A,24872_G|T,24990_C|T,25000_C|T,25207_C|T,25584_C|T,26060_C|T,26270_C|T,26529_G|C,26577_C|G,26610_A|G,26681_C|T,26709_G|A,26833_C|T,26858_C|T,27259_A|C,27382_G|C,27383_A|T,27384_T|C,27807_C|T,27810_T|C,28271_A|T,28311_C|T,28881_G|A,28882_G|A,28883_G|C,28958_C|A,29510_A|C,11288_11296,21633_21641,21765_21770,21992_21994,22194_22196,23009_23011,28362_28370,29734_29759
USA/MD-CDC-LC1125773/2024	XEQ	241_C|T,670_T|G,897_C|A,2695_C|T,2790_C|T,3037_C|T,3431_G|T,3565_T|C,4184_G|A,4321_C|T,6183_A|G,6701_C|T,7842_A|G,8293_C|T,8393_G|A,9344_C|T,9424_A|G,9534_C|T,10029_C|T,10198_C|T,10447_G|A,10449_C|A,11042_G|T,11727_G|A,12418_T|C,12789_C|T,12815_C|T,12880_C|T,13339_T|C,14408_C|T,15714_C|T,15756_T|A,16887_C|T,16943_G|T,17410_C|T,18163_A|G,18492_A|G,18894_C|T,19716_C|T,19955_C|T,20055_A|G,21618_C|T,21622_C|T,21624_G|C,21627_C|A,21711_C|T,21738_T|C,21941_G|T,21987_G|A,22032_T|C,22033_C|A,22034_A|G,22200_T|G,22208_C|T,22295_C|A,22353_C|A,22556_A|G,22577_G|C,22578_G|A,22599_G|C,22629_A|C,22674_C|T,22679_T|C,22686_C|T,22688_A|G,22770_G|A,22775_G|A,22786_A|C,22813_G|T,22882_T|G,22895_G|C,22896_T|A,22898_G|A,22910_A|G,22916_C|T,22917_T|G,22926_T|C,22928_T|C,22942_T|A,22992_G|A,22995_C|A,23005_T|A,23012_G|A,23018_T|C,23019_T|C,23039_C|G,23055_A|G,23063_A|T,23075_T|C,23222_G|A,23271_C|T,23403_A|G,23423_C|T,23525_C|T,23599_T|G,23604_C|G,23854_C|A,23948_G|T,24378_C|T,24424_A|T,24469_T|A,24872_G|T,24990_C|T,25000_C|T,25207_C|T,25584_C|T,26060_C|T,26270_C|T,26529_G|C,26577_C|G,26610_A|G,26681_C|T,26709_G|A,26833_C|T,26858_C|T,27259_A|C,27382_G|C,27383_A|T,27384_T|C,27807_C|T,27810_T|C,28271_A|T,28311_C|T,28881_G|A,28882_G|A,28883_G|C,28958_C|A,29510_A|C,11288_11296,21633_21641,21765_21770,21992_21994,22194_22196,23009_23011,28362_28370,29734_29759
USA/MD-CDC-LC1133512/2025	XEQ	241_C|T,670_T|G,897_C|A,2695_C|T,2790_C|T,3037_C|T,3431_G|T,3565_T|C,4184_G|A,4321_C|T,6183_A|G,6701_C|T,7842_A|G,8293_C|T,8393_G|A,9344_C|T,9424_A|G,9534_C|T,10029_C|T,10198_C|T,10447_G|A,10449_C|A,11042_G|T,11727_G|A,12418_T|C,12789_C|T,12815_C|T,12880_C|T,13339_T|C,14408_C|T,15714_C|T,15738_C|T,15756_T|A,16887_C|T,16943_G|T,17410_C|T,18163_A|G,18392_T|G,18492_A|G,18894_C|T,19716_C|T,19955_C|T,20055_A|G,21618_C|T,21622_C|T,21624_G|C,21627_C|A,21711_C|T,21738_T|C,21941_G|T,21987_G|A,22032_T|C,22033_C|A,22034_A|G,22200_T|G,22208_C|T,22295_C|A,22353_C|A,22556_A|G,22577_G|C,22578_G|A,22599_G|C,22629_A|C,22674_C|T,22679_T|C,22686_C|T,22688_A|G,22770_G|A,22775_G|A,22786_A|C,22813_G|T,22882_T|G,22895_G|C,22896_T|A,22898_G|A,22910_A|G,22916_C|T,22917_T|G,22926_T|C,22928_T|C,22942_T|A,22992_G|A,22995_C|A,23005_T|A,23012_G|A,23018_T|C,23019_T|C,23039_C|G,23055_A|G,23063_A|T,23075_T|C,23222_G|A,23271_C|T,23403_A|G,23423_C|T,23525_C|T,23599_T|G,23604_C|G,23854_C|A,23948_G|T,24378_C|T,24424_A|T,24469_T|A,24872_G|T,24990_C|T,25000_C|T,25207_C|T,25584_C|T,26060_C|T,26270_C|T,26529_G|C,26577_C|G,26610_A|G,26681_C|T,26709_G|A,26833_C|T,26858_C|T,27259_A|C,27382_G|C,27383_A|T,27384_T|C,27807_C|T,27810_T|C,28271_A|T,28311_C|T,28603_C|T,28881_G|A,28882_G|A,28883_G|C,28958_C|A,29510_A|C,29769_C|T,11288_11296,21633_21641,21765_21770,21992_21994,22194_22196,23009_23011,28362_28370,29734_29759,21608_.|TCATGCCGCTGT
USA/MI-MDHHS-SC45764/2025	XEQ	21_C|T,44_C|T,241_C|T,670_T|G,897_C|A,1812_C|T,2790_C|T,3037_C|T,3431_G|T,3565_T|C,4184_G|A,4321_C|T,6183_A|G,6701_C|T,7842_A|G,7945_C|T,8293_C|T,8393_G|A,9344_C|T,9424_A|G,9534_C|T,10029_C|T,10198_C|T,10447_G|A,10449_C|A,11042_G|T,11727_G|A,12418_T|C,12789_C|T,12815_C|T,12880_C|T,13339_T|C,14408_C|T,15714_C|T,15756_T|A,16887_C|T,16943_G|T,17410_C|T,18163_A|G,18492_A|G,18894_C|T,19716_C|T,19851_G|A,19955_C|T,20055_A|G,21618_C|T,21622_C|T,21624_G|C,21627_C|A,21711_C|T,21738_T|C,21941_G|T,21987_G|A,22032_T|C,22033_C|A,22034_A|G,22200_T|G,22208_C|T,22295_C|A,22353_C|A,22556_A|G,22577_G|C,22578_G|A,22599_G|C,22629_A|C,22674_C|T,22679_T|C,22686_C|T,22688_A|G,22770_G|A,22775_G|A,22786_A|C,22882_T|G,22895_G|C,22896_T|A,22898_G|A,22910_A|G,22916_C|T,22917_T|G,22926_T|C,22928_T|C,22942_T|A,22992_G|A,22995_C|A,23005_T|A,23012_G|A,23018_T|C,23019_T|C,23039_C|G,23055_A|G,23063_A|T,23075_T|C,23222_G|A,23271_C|T,23403_A|G,23423_C|T,23525_C|T,23599_T|G,23604_C|G,23854_C|A,23948_G|T,24378_C|T,24424_A|T,24469_T|A,24872_G|T,24990_C|T,25000_C|T,25207_C|T,25584_C|T,26060_C|T,26270_C|T,26577_C|G,26610_A|G,26681_C|T,26709_G|A,26833_C|T,26858_C|T,27259_A|C,27382_G|C,27383_A|T,27384_T|C,27807_C|T,27810_T|C,28271_A|T,28311_C|T,28881_G|A,28882_G|A,28883_G|C,28958_C|A,29510_A|C,686_694,11288_11296,21633_21641,21765_21770,21992_21994,22194_22196,23009_23011,28362_28370,29734_29759,21608_.|TCATGCCGCTGT
USA/MI-UM-10061385846/2024	XEQ	241_C|T,670_T|G,897_C|A,2790_C|T,3037_C|T,3431_G|T,3565_T|C,4184_G|A,4321_C|T,6183_A|G,6701_C|T,7842_A|G,8293_C|T,8393_G|A,9344_C|T,9424_A|G,9534_C|T,10029_C|T,10198_C|T,10447_G|A,10449_C|A,11042_G|T,11727_G|A,12418_T|C,12789_C|T,12815_C|T,12880_C|T,13339_T|C,14408_C|T,15714_C|T,15756_T|A,16887_C|T,16943_G|T,17410_C|T,18163_A|G,18492_A|G,18894_C|T,19017_C|T,19716_C|T,19955_C|T,20055_A|G,21618_C|T,21622_C|T,21624_G|C,21627_C|A,21711_C|T,21738_T|C,21941_G|T,21987_G|A,22032_T|C,22033_C|A,22034_A|G,22200_T|G,22208_C|T,22295_C|A,22353_C|A,22556_A|G,22577_G|C,22578_G|A,22599_G|C,22629_A|C,22674_C|T,22679_T|C,22686_C|T,22688_A|G,22770_G|A,22775_G|A,22786_A|C,22813_G|T,22882_T|G,22895_G|C,22896_T|A,22898_G|A,22910_A|G,22916_C|T,22917_T|G,22926_T|C,22928_T|C,22942_T|A,22992_G|A,22995_C|A,23005_T|A,23012_G|A,23018_T|C,23019_T|C,23039_C|G,23055_A|G,23063_A|T,23075_T|C,23222_G|A,23271_C|T,23403_A|G,23423_C|T,23525_C|T,23599_T|G,23604_C|G,23854_C|A,23948_G|T,24378_C|T,24424_A|T,24469_T|A,24743_G|T,24872_G|T,24990_C|T,25000_C|T,25207_C|T,25584_C|T,26060_C|T,26270_C|T,26529_G|C,26577_C|G,26610_A|G,26681_C|T,26709_G|A,26833_C|T,26858_C|T,27110_C|T,27259_A|C,27382_G|C,27383_A|T,27384_T|C,27807_C|T,27810_T|C,28271_A|T,28311_C|T,28881_G|A,28882_G|A,28883_G|C,28958_C|A,29510_A|C,11288_11296,21633_21641,21765_21770,21992_21994,22194_22196,23009_23011,28362_28370,29734_29759,21608_.|TCATGCCGCTGT
USA/MI-UM-10061734992/2025	XEQ	241_C|T,670_T|G,897_C|A,2790_C|T,3037_C|T,3431_G|T,3565_T|C,4184_G|A,4321_C|T,6183_A|G,6701_C|T,7842_A|G,8293_C|T,8393_G|A,9344_C|T,9424_A|G,9534_C|T,10029_C|T,10198_C|T,10447_G|A,10449_C|A,11042_G|T,11727_G|A,12418_T|C,12789_C|T,12815_C|T,12880_C|T,13038_C|T,13339_T|C,14408_C|T,15714_C|T,15738_C|T,15756_T|A,16887_C|T,16943_G|T,17410_C|T,18163_A|G,18492_A|G,18894_C|T,19716_C|T,19955_C|T,20055_A|G,21618_C|T,21622_C|T,21624_G|C,21627_C|A,21711_C|T,21738_T|C,21941_G|T,21987_G|A,22032_T|C,22033_C|A,22034_A|G,22200_T|G,22208_C|T,22295_C|A,22353_C|A,22556_A|G,22577_G|C,22578_G|A,22599_G|C,22629_A|C,22674_C|T,22679_T|C,22686_C|T,22688_A|G,22770_G|A,22775_G|A,22786_A|C,22813_G|T,22882_T|G,22895_G|C,22896_T|A,22898_G|A,22910_A|G,22916_C|T,22917_T|G,22926_T|C,22928_T|C,22942_T|A,22992_G|A,22995_C|A,23005_T|A,23012_G|A,23018_T|C,23019_T|C,23039_C|G,23055_A|G,23063_A|T,23075_T|C,23222_G|A,23271_C|T,23326_A|T,23403_A|G,23423_C|T,23525_C|T,23599_T|G,23604_C|G,23854_C|A,23948_G|T,24378_C|T,24424_A|T,24469_T|A,24872_G|T,24990_C|T,25000_C|T,25207_C|T,25584_C|T,26060_C|T,26270_C|T,26529_G|C,26577_C|G,26610_A|G,26681_C|T,26709_G|A,26833_C|T,26858_C|T,27259_A|C,27382_G|C,27383_A|T,27384_T|C,27807_C|T,27810_T|C,28271_A|T,28311_C|T,28603_C|T,28881_G|A,28882_G|A,28883_G|C,28958_C|A,29510_A|C,11288_11296,21633_21641,21765_21770,21992_21994,22194_22196,23009_23011,28362_28370,29734_29759,21608_.|TCATGCCGCTGT
USA/MI-UM-HS23060/2025	XEQ	241_C|T,670_T|G,897_C|A,2790_C|T,3037_C|T,3431_G|T,3565_T|C,4184_G|A,4321_C|T,6183_A|G,6701_C|T,7842_A|G,7945_C|T,8293_C|T,8393_G|A,9344_C|T,9424_A|G,9534_C|T,10029_C|T,10198_C|T,10447_G|A,10449_C|A,11042_G|T,11727_G|A,12418_T|C,12789_C|T,12815_C|T,12880_C|T,13339_T|C,14408_C|T,15714_C|T,15756_T|A,16887_C|T,16943_G|T,17410_C|T,18163_A|G,18492_A|G,18894_C|T,19716_C|T,19955_C|T,20055_A|G,21618_C|T,21622_C|T,21624_G|C,21627_C|A,21711_C|T,21738_T|C,21941_G|T,21987_G|A,22032_T|C,22033_C|A,22034_A|G,22200_T|G,22208_C|T,22295_C|A,22353_C|A,22556_A|G,22577_G|C,22578_G|A,22599_G|C,22629_A|C,22674_C|T,22679_T|C,22686_C|T,22688_A|G,22770_G|A,22775_G|A,22786_A|C,22813_G|T,22882_T|G,22895_G|C,22896_T|A,22898_G|A,22910_A|G,22916_C|T,22917_T|G,22926_T|C,22928_T|C,22942_T|A,22992_G|A,22995_C|A,23005_T|A,23012_G|A,23018_T|C,23019_T|C,23039_C|G,23055_A|G,23063_A|T,23075_T|C,23222_G|A,23271_C|T,23403_A|G,23423_C|T,23525_C|T,23599_T|G,23604_C|G,23854_C|A,23948_G|T,24378_C|T,24424_A|T,24469_T|A,24872_G|T,24990_C|T,25000_C|T,25207_C|T,25584_C|T,26060_C|T,26270_C|T,26529_G|C,26577_C|G,26610_A|G,26681_C|T,26709_G|A,26833_C|T,26858_C|T,27259_A|C,27382_G|C,27383_A|T,27384_T|C,27807_C|T,27810_T|C,28271_A|T,28311_C|T,28881_G|A,28882_G|A,28883_G|C,28958_C|A,29510_A|C,11288_11296,21633_21641,21765_21770,21992_21994,22194_22196,23009_23011,28362_28370,29734_29759,21608_.|TCATGCCGCTGT
USA/MI-UM-HS23815/2025	XEQ	241_C|T,448_G|T,670_T|G,897_C|A,2790_C|T,3037_C|T,3431_G|T,3565_T|C,4184_G|A,4321_C|T,6183_A|G,6701_C|T,7842_A|G,7945_C|T,8293_C|T,8393_G|A,8602_G|T,9344_C|T,9424_A|G,9534_C|T,10029_C|T,10198_C|T,10447_G|A,10449_C|A,11042_G|T,11300_C|T,11727_G|A,12418_T|C,12789_C|T,12815_C|T,12880_C|T,13339_T|C,14408_C|T,15714_C|T,15756_T|A,16887_C|T,16943_G|T,17410_C|T,17898_C|T,18163_A|G,18492_A|G,18894_C|T,19716_C|T,19955_C|T,20055_A|G,21618_C|T,21622_C|T,21624_G|C,21627_C|A,21711_C|T,21738_T|C,21941_G|T,21987_G|A,22032_T|C,22033_C|A,22034_A|G,22200_T|G,22208_C|T,22295_C|A,22353_C|A,22556_A|G,22577_G|C,22578_G|A,22599_G|C,22629_A|C,22674_C|T,22679_T|C,22686_C|T,22688_A|G,22770_G|A,22775_G|A,22786_A|C,22813_G|T,22882_T|G,22895_G|C,22896_T|A,22898_G|A,22910_A|G,22916_C|T,22917_T|G,22926_T|C,22928_T|C,22942_T|A,22992_G|A,22995_C|A,23005_T|A,23012_G|A,23018_T|C,23019_T|C,23039_C|G,23055_A|G,23063_A|T,23075_T|C,23222_G|A,23271_C|T,23403_A|G,23423_C|T,23525_C|T,23599_T|G,23604_C|G,23854_C|A,23948_G|T,24378_C|T,24424_A|T,24469_T|A,24872_G|T,24990_C|T,25000_C|T,25207_C|T,25584_C|T,26060_C|T,26270_C|T,26529_G|C,26577_C|G,26610_A|G,26681_C|T,26709_G|A,26833_C|T,26858_C|T,26966_T|G,27259_A|C,27382_G|C,27383_A|T,27384_T|C,27807_C|T,27810_T|C,28271_A|T,28311_C|T,28473_C|A,28881_G|A,28882_G|A,28883_G|C,28958_C|A,29510_A|C,11288_11296,21633_21641,21765_21770,21992_21994,22194_22196,23009_23011,28362_28370,29734_29759,21608_.|TCATGCCGCTGT
USA/MI-UM-HS23834/2025	XEQ	241_C|T,448_G|T,670_T|G,897_C|A,2790_C|T,3037_C|T,3431_G|T,3565_T|C,4184_G|A,4321_C|T,6183_A|G,6701_C|T,7842_A|G,7945_C|T,8293_C|T,8393_G|A,8602_G|T,9344_C|T,9424_A|G,9534_C|T,10029_C|T,10198_C|T,10447_G|A,10449_C|A,11042_G|T,11300_C|T,11727_G|A,12418_T|C,12789_C|T,12815_C|T,12880_C|T,13339_T|C,14408_C|T,15714_C|T,15756_T|A,16887_C|T,16943_G|T,17410_C|T,17898_C|T,18163_A|G,18492_A|G,18894_C|T,19716_C|T,19955_C|T,20055_A|G,21618_C|T,21622_C|T,21624_G|C,21627_C|A,21711_C|T,21738_T|C,21941_G|T,21987_G|A,22032_T|C,22033_C|A,22034_A|G,22200_T|G,22208_C|T,22295_C|A,22353_C|A,22556_A|G,22577_G|C,22578_G|A,22599_G|C,22629_A|C,22674_C|T,22679_T|C,22686_C|T,22688_A|G,22770_G|A,22775_G|A,22786_A|C,22813_G|T,22882_T|G,22895_G|C,22896_T|A,22898_G|A,22910_A|G,22916_C|T,22917_T|G,22926_T|C,22928_T|C,22942_T|A,22992_G|A,22995_C|A,23005_T|A,23012_G|A,23018_T|C,23019_T|C,23039_C|G,23055_A|G,23063_A|T,23075_T|C,23222_G|A,23271_C|T,23403_A|G,23423_C|T,23525_C|T,23599_T|G,23604_C|G,23854_C|A,23948_G|T,24378_C|T,24424_A|T,24469_T|A,24872_G|T,24990_C|T,25000_C|T,25207_C|T,25584_C|T,26060_C|T,26270_C|T,26529_G|C,26577_C|G,26610_A|G,26681_C|T,26709_G|A,26833_C|T,26858_C|T,26966_T|G,27259_A|C,27382_G|C,27383_A|T,27384_T|C,27807_C|T,27810_T|C,28271_A|T,28311_C|T,28473_C|A,28881_G|A,28882_G|A,28883_G|C,28958_C|A,29510_A|C,11288_11296,21633_21641,21765_21770,21992_21994,22194_22196,23009_23011,28362_28370,29734_29759,21608_.|TCATGCCGCTGT
USA/MN-MDH-45103/2024	XEQ	241_C|T,670_T|G,897_C|A,1348_C|T,2790_C|T,3037_C|T,3431_G|T,3565_T|C,4184_G|A,4321_C|T,6183_A|G,6701_C|T,7842_A|G,8293_C|T,8393_G|A,9344_C|T,9424_A|G,9534_C|T,9814_T|C,10029_C|T,10183_C|T,10198_C|T,10447_G|A,10449_C|A,11042_G|T,11124_C|T,11727_G|A,12418_T|C,12789_C|T,12815_C|T,12880_C|T,13339_T|C,14408_C|T,15714_C|T,15756_T|A,16887_C|T,16943_G|T,17410_C|T,18163_A|G,18492_A|G,18894_C|T,19716_C|T,19955_C|T,20055_A|G,21618_C|T,21622_C|T,21624_G|C,21627_C|A,21711_C|T,21738_T|C,21941_G|T,21987_G|A,22032_T|C,22033_C|A,22034_A|G,22200_T|G,22208_C|T,22295_C|A,22353_C|A,22556_A|G,22577_G|C,22578_G|A,22599_G|C,22629_A|C,22674_C|T,22679_T|C,22684_T|C,22686_C|T,22688_A|G,22770_G|A,22775_G|A,22786_A|C,22813_G|T,22882_T|G,22895_G|C,22896_T|A,22898_G|A,22910_A|G,22916_C|T,22917_T|G,22926_T|C,22928_T|C,22942_T|A,22992_G|A,22995_C|A,23005_T|A,23012_G|A,23018_T|C,23019_T|C,23039_C|G,23055_A|G,23063_A|T,23075_T|C,23222_G|A,23271_C|T,23403_A|G,23423_C|T,23525_C|T,23599_T|G,23604_C|G,23854_C|A,23948_G|T,24378_C|T,24424_A|T,24469_T|A,24872_G|T,24990_C|T,25000_C|T,25207_C|T,25584_C|T,26060_C|T,26270_C|T,26529_G|C,26577_C|G,26610_A|G,26681_C|T,26709_G|A,26833_C|T,26858_C|T,27259_A|C,27382_G|C,27383_A|T,27384_T|C,27807_C|T,27810_T|C,28271_A|T,28311_C|T,28881_G|A,28882_G|A,28883_G|C,28958_C|A,29510_A|C,11288_11296,21633_21641,21765_21770,21992_21994,22194_22196,23009_23011,28362_28370,29734_29759,21608_.|TCATGCCGCTGT
USA/MN-MDH-45377/2025	XEQ	241_C|T,670_T|G,897_C|A,2790_C|T,3037_C|T,3431_G|T,3565_T|C,4184_G|A,4321_C|T,6183_A|G,6701_C|T,7842_A|G,8293_C|T,8393_G|A,9344_C|T,9424_A|G,9534_C|T,10029_C|T,10198_C|T,10447_G|A,10449_C|A,11042_G|T,11727_G|A,12418_T|C,12559_C|T,12789_C|T,12815_C|T,12880_C|T,13339_T|C,14408_C|T,15714_C|T,15756_T|A,16887_C|T,16943_G|T,17410_C|T,18163_A|G,18492_A|G,18894_C|T,19716_C|T,19955_C|T,20055_A|G,21618_C|T,21622_C|T,21624_G|C,21627_C|A,21711_C|T,21738_T|C,21941_G|T,21987_G|A,22032_T|C,22033_C|A,22034_A|G,22200_T|G,22208_C|T,22295_C|A,22353_C|A,22556_A|G,22577_G|C,22578_G|A,22599_G|C,22629_A|C,22674_C|T,22679_T|C,22686_C|T,22688_A|G,22770_G|A,22775_G|A,22786_A|C,22813_G|T,22882_T|G,22895_G|C,22896_T|A,22898_G|A,22910_A|G,22916_C|T,22917_T|G,22926_T|C,22928_T|C,22942_T|A,22992_G|A,22995_C|A,23005_T|A,23012_G|A,23018_T|C,23019_T|C,23039_C|G,23055_A|G,23063_A|T,23075_T|C,23222_G|A,23271_C|T,23403_A|G,23423_C|T,23525_C|T,23599_T|G,23604_C|G,23854_C|A,23948_G|T,24003_A|G,24378_C|T,24424_A|T,24469_T|A,24872_G|T,24990_C|T,25000_C|T,25207_C|T,25584_C|T,26060_C|T,26270_C|T,26529_G|C,26577_C|G,26610_A|G,26681_C|T,26709_G|A,26833_C|T,26858_C|T,27259_A|C,27382_G|C,27383_A|T,27384_T|C,27807_C|T,27810_T|C,28271_A|T,28311_C|T,28881_G|A,28882_G|A,28883_G|C,28958_C|A,29510_A|C,11288_11296,21633_21641,21765_21770,21992_21994,22194_22196,23009_23011,28362_28370,29734_29759,21608_.|TCATGCCGCTGT
USA/MN-MDH-46012/2025	XEQ	241_C|T,670_T|G,897_C|A,2175_A|C,2790_C|T,3037_C|T,3431_G|T,3565_T|C,4184_G|A,4321_C|T,4633_C|T,6183_A|G,6701_C|T,7842_A|G,8293_C|T,8393_G|A,9344_C|T,9424_A|G,9534_C|T,10029_C|T,10198_C|T,10447_G|A,10449_C|A,11042_G|T,11727_G|A,12418_T|C,12789_C|T,12815_C|T,12880_C|T,13339_T|C,14408_C|T,15714_C|T,15756_T|A,16887_C|T,16943_G|T,17410_C|T,18163_A|G,18492_A|G,18894_C|T,19716_C|T,19955_C|T,20055_A|G,21618_C|T,21622_C|T,21624_G|C,21627_C|A,21711_C|T,21738_T|C,21941_G|T,21987_G|A,22032_T|C,22033_C|A,22034_A|G,22200_T|G,22208_C|T,22295_C|A,22353_C|A,22556_A|G,22577_G|C,22578_G|A,22599_G|C,22629_A|C,22674_C|T,22679_T|C,22686_C|T,22688_A|G,22770_G|A,22775_G|A,22786_A|C,22813_G|T,22882_T|G,22895_G|C,22896_T|A,22898_G|A,22910_A|G,22916_C|T,22917_T|G,22926_T|C,22928_T|C,22942_T|A,22992_G|A,22995_C|A,23005_T|A,23012_G|A,23018_T|C,23019_T|C,23039_C|G,23055_A|G,23063_A|T,23075_T|C,23222_G|A,23271_C|T,23403_A|G,23423_C|T,23525_C|T,23599_T|G,23604_C|G,23854_C|A,23948_G|T,24378_C|T,24424_A|T,24469_T|A,24872_G|T,24990_C|T,25000_C|T,25207_C|T,25584_C|T,26060_C|T,26270_C|T,26529_G|C,26577_C|G,26610_A|G,26681_C|T,26709_G|A,26833_C|T,26858_C|T,27259_A|C,27382_G|C,27383_A|T,27384_T|C,27476_C|T,27807_C|T,27810_T|C,28271_A|T,28311_C|T,28881_G|A,28882_G|A,28883_G|C,28958_C|A,29510_A|C,509_523,11288_11296,21633_21641,21765_21770,21992_21994,22194_22196,23009_23011,28362_28370,29734_29759,21608_.|TCATGCCGCTGT
USA/MN-MDH-46284/2025	XEQ	241_C|T,670_T|G,897_C|A,2790_C|T,3037_C|T,3177_C|T,3431_G|T,3565_T|C,3645_A|G,4003_T|C,4184_G|A,4321_C|T,6183_A|G,6701_C|T,7842_A|G,8293_C|T,8393_G|A,9344_C|T,9424_A|G,9534_C|T,10029_C|T,10198_C|T,10447_G|A,10449_C|A,11042_G|T,11727_G|A,12418_T|C,12789_C|T,12815_C|T,12880_C|T,13339_T|C,14408_C|T,15714_C|T,15756_T|A,16887_C|T,16943_G|T,17410_C|T,18163_A|G,18492_A|G,18894_C|T,19716_C|T,19955_C|T,20055_A|G,21618_C|T,21622_C|T,21624_G|C,21627_C|A,21711_C|T,21738_T|C,21941_G|T,21987_G|A,22032_T|C,22033_C|A,22034_A|G,22200_T|G,22208_C|T,22295_C|A,22353_C|A,22556_A|G,22577_G|C,22578_G|A,22599_G|C,22629_A|C,22674_C|T,22679_T|C,22686_C|T,22688_A|G,22770_G|A,22775_G|A,22786_A|C,22813_G|T,22882_T|G,22895_G|C,22896_T|A,22898_G|A,22910_A|G,22916_C|T,22917_T|G,22926_T|C,22928_T|C,22942_T|A,22992_G|A,22995_C|A,23005_T|A,23012_G|A,23018_T|C,23019_T|C,23039_C|G,23055_A|G,23063_A|T,23075_T|C,23222_G|A,23271_C|T,23403_A|G,23423_C|T,23525_C|T,23599_T|G,23604_C|G,23854_C|A,23948_G|T,24378_C|T,24424_A|T,24469_T|A,24872_G|T,24990_C|T,25000_C|T,25207_C|T,25584_C|T,26060_C|T,26270_C|T,26529_G|C,26577_C|G,26610_A|G,26681_C|T,26709_G|A,26833_C|T,26858_C|T,27259_A|C,27382_G|C,27383_A|T,27384_T|C,27807_C|T,27810_T|C,28271_A|T,28311_C|T,28881_G|A,28882_G|A,28883_G|C,28958_C|A,29510_A|C,11288_11296,21633_21641,21765_21770,21992_21994,22194_22196,23009_23011,28362_28370,29734_29759,21608_.|TCATGCCGCTGT
USA/MN-MDH-46610/2025	XEQ	241_C|T,664_C|T,670_T|G,897_C|A,2790_C|T,3037_C|T,3431_G|T,3565_T|C,4184_G|A,4321_C|T,6183_A|G,6701_C|T,6864_A|G,7842_A|G,8293_C|T,8393_G|A,9344_C|T,9424_A|G,9534_C|T,10029_C|T,10198_C|T,10447_G|A,10449_C|A,11042_G|T,11727_G|A,12418_T|C,12789_C|T,12815_C|T,12880_C|T,13339_T|C,14408_C|T,15714_C|T,15756_T|A,16887_C|T,16943_G|T,17410_C|T,18163_A|G,18210_G|T,18492_A|G,18648_T|C,18894_C|T,19716_C|T,19955_C|T,20055_A|G,21618_C|T,21622_C|T,21624_G|C,21627_C|A,21711_C|T,21738_T|C,21941_G|T,21987_G|A,22032_T|C,22033_C|A,22034_A|G,22088_C|T,22200_T|G,22208_C|T,22295_C|A,22353_C|A,22556_A|G,22577_G|C,22578_G|A,22599_G|C,22629_A|C,22674_C|T,22679_T|C,22686_C|T,22688_A|G,22770_G|A,22775_G|A,22786_A|C,22813_G|T,22882_T|G,22895_G|C,22896_T|A,22898_G|A,22910_A|G,22916_C|T,22917_T|G,22926_T|C,22928_T|C,22942_T|A,22992_G|A,22995_C|A,23005_T|A,23012_G|A,23018_T|C,23019_T|C,23039_C|G,23055_A|G,23063_A|T,23075_T|C,23222_G|A,23271_C|T,23403_A|G,23423_C|T,23525_C|T,23599_T|G,23604_C|G,23854_C|A,23948_G|T,24378_C|T,24424_A|T,24469_T|A,24872_G|T,24990_C|T,25000_C|T,25047_C|T,25163_C|A,25207_C|T,25507_G|A,25584_C|T,26060_C|T,26270_C|T,26529_G|C,26577_C|G,26610_A|G,26681_C|T,26709_G|A,26833_C|T,26858_C|T,27259_A|C,27382_G|C,27383_A|T,27384_T|C,27807_C|T,27810_T|C,28271_A|T,28311_C|T,28881_G|A,28882_G|A,28883_G|C,28958_C|A,29296_C|T,29510_A|C,29807_T|A,11288_11296,21633_21641,21765_21770,21992_21994,22194_22196,23009_23011,28362_28370,29734_29759,21608_.|TCATGCCGCTGT
USA/MT-MTPHL-4167252/2025	XEQ	241_C|T,670_T|G,897_C|A,1033_A|G,2790_C|T,3037_C|T,3431_G|T,3565_T|C,4184_G|A,4321_C|T,6183_A|G,6701_C|T,6864_A|G,7842_A|G,8293_C|T,8393_G|A,9344_C|T,9424_A|G,9534_C|T,10029_C|T,10198_C|T,10447_G|A,10449_C|A,11042_G|T,11727_G|A,12418_T|C,12789_C|T,12815_C|T,12880_C|T,13045_G|T,13339_T|C,14408_C|T,15714_C|T,15756_T|A,16887_C|T,16943_G|T,17410_C|T,18163_A|G,18492_A|G,18894_C|T,19716_C|T,19955_C|T,20055_A|G,21618_C|T,21622_C|T,21624_G|C,21627_C|A,21711_C|T,21738_T|C,21941_G|T,21987_G|A,22032_T|C,22033_C|A,22034_A|G,22088_C|T,22200_T|G,22208_C|T,22295_C|A,22353_C|A,22556_A|G,22577_G|C,22578_G|A,22599_G|C,22629_A|C,22674_C|T,22679_T|C,22686_C|T,22688_A|G,22770_G|A,22775_G|A,22786_A|C,22813_G|T,22882_T|G,22895_G|C,22896_T|A,22898_G|A,22910_A|G,22916_C|T,22917_T|G,22926_T|C,22928_T|C,22942_T|A,22992_G|A,22995_C|A,23005_T|A,23012_G|A,23018_T|C,23019_T|C,23039_C|G,23055_A|G,23063_A|T,23075_T|C,23222_G|A,23271_C|T,23403_A|G,23423_C|T,23525_C|T,23599_T|G,23604_C|G,23854_C|A,23948_G|T,24378_C|T,24424_A|T,24469_T|A,24872_G|T,24990_C|T,25000_C|T,25163_C|A,25207_C|T,25507_G|A,25584_C|T,26060_C|T,26270_C|T,26529_G|C,26577_C|G,26610_A|G,26681_C|T,26709_G|A,26833_C|T,26858_C|T,27259_A|C,27382_G|C,27383_A|T,27384_T|C,27807_C|T,27810_T|C,28271_A|T,28311_C|T,28881_G|A,28882_G|A,28883_G|C,28958_C|A,29510_A|C,11288_11296,21633_21641,21765_21770,21992_21994,22194_22196,23009_23011,28362_28370,21608_.|TCATGCCGCTGT
USA/ND-USAFSAM-S23350/2025	XEQ	241_C|T,670_T|G,897_C|A,2790_C|T,3037_C|T,3431_G|T,3565_T|C,4184_G|A,4321_C|T,4633_C|T,6183_A|G,6701_C|T,7842_A|G,8293_C|T,8393_G|A,9344_C|T,9424_A|G,9534_C|T,10029_C|T,10198_C|T,10447_G|A,10449_C|A,11042_G|T,11727_G|A,12418_T|C,12789_C|T,12815_C|T,12880_C|T,13339_T|C,14408_C|T,15714_C|T,15756_T|A,16887_C|T,16943_G|T,17410_C|T,18163_A|G,18492_A|G,18894_C|T,19716_C|T,19955_C|T,20055_A|G,21618_C|T,21622_C|T,21624_G|C,21627_C|A,21711_C|T,21738_T|C,21941_G|T,21987_G|A,22032_T|C,22033_C|A,22034_A|G,22200_T|G,22208_C|T,22295_C|A,22353_C|A,22556_A|G,22577_G|C,22578_G|A,22599_G|C,22629_A|C,22674_C|T,22679_T|C,22686_C|T,22688_A|G,22770_G|A,22775_G|A,22786_A|C,22813_G|T,22882_T|G,22895_G|C,22896_T|A,22898_G|A,22910_A|G,22916_C|T,22917_T|G,22926_T|C,22928_T|C,22942_T|A,22992_G|A,22995_C|A,23005_T|A,23012_G|A,23018_T|C,23019_T|C,23039_C|G,23055_A|G,23063_A|T,23075_T|C,23222_G|A,23271_C|T,23403_A|G,23423_C|T,23525_C|T,23599_T|G,23604_C|G,23854_C|A,23948_G|T,24378_C|T,24424_A|T,24469_T|A,24872_G|T,24990_C|T,25000_C|T,25207_C|T,25584_C|T,26060_C|T,26270_C|T,26529_G|C,26577_C|G,26610_A|G,26681_C|T,26709_G|A,26833_C|T,26858_C|T,27259_A|C,27382_G|C,27383_A|T,27384_T|C,27476_C|T,27807_C|T,27810_T|C,28271_A|T,28311_C|T,28881_G|A,28882_G|A,28883_G|C,28958_C|A,29510_A|C,509_523,11288_11296,21633_21641,21765_21770,21992_21994,22194_22196,23009_23011,28362_28370,29734_29759
USA/ND-USAFSAM-S23443/2025	XEQ	241_C|T,670_T|G,897_C|A,2790_C|T,3037_C|T,3431_G|T,3565_T|C,4184_G|A,4321_C|T,4633_C|T,6183_A|G,6701_C|T,7842_A|G,8293_C|T,8393_G|A,9344_C|T,9424_A|G,9534_C|T,10029_C|T,10198_C|T,10447_G|A,10449_C|A,11042_G|T,11727_G|A,12418_T|C,12789_C|T,12815_C|T,12880_C|T,13339_T|C,14408_C|T,15714_C|T,15756_T|A,16887_C|T,16943_G|T,17410_C|T,18163_A|G,18492_A|G,18894_C|T,19716_C|T,19955_C|T,20055_A|G,21618_C|T,21622_C|T,21624_G|C,21627_C|A,21711_C|T,21738_T|C,21941_G|T,21987_G|A,22032_T|C,22033_C|A,22034_A|G,22200_T|G,22208_C|T,22295_C|A,22353_C|A,22556_A|G,22577_G|C,22578_G|A,22599_G|C,22629_A|C,22674_C|T,22679_T|C,22686_C|T,22688_A|G,22770_G|A,22775_G|A,22786_A|C,22813_G|T,22882_T|G,22895_G|C,22896_T|A,22898_G|A,22910_A|G,22916_C|T,22917_T|G,22926_T|C,22928_T|C,22942_T|A,22992_G|A,22995_C|A,23005_T|A,23012_G|A,23018_T|C,23019_T|C,23039_C|G,23055_A|G,23063_A|T,23075_T|C,23222_G|A,23271_C|T,23403_A|G,23423_C|T,23525_C|T,23599_T|G,23604_C|G,23854_C|A,23948_G|T,24378_C|T,24424_A|T,24469_T|A,24872_G|T,24990_C|T,25000_C|T,25207_C|T,25584_C|T,26060_C|T,26270_C|T,26529_G|C,26577_C|G,26610_A|G,26681_C|T,26709_G|A,26833_C|T,26858_C|T,27259_A|C,27382_G|C,27383_A|T,27384_T|C,27476_C|T,27807_C|T,27810_T|C,28271_A|T,28311_C|T,28881_G|A,28882_G|A,28883_G|C,28958_C|A,29510_A|C,509_523,11288_11296,21633_21641,21765_21770,21992_21994,22194_22196,23009_23011,28362_28370,29734_29759
USA/NH-CDC-2-8365743/2025	XEQ	241_C|T,670_T|G,897_C|A,2790_C|T,3037_C|T,3431_G|T,3565_T|C,4184_G|A,4309_G|T,4321_C|T,6183_A|G,6701_C|T,7842_A|G,8293_C|T,8393_G|A,9344_C|T,9424_A|G,9534_C|T,10029_C|T,10198_C|T,10447_G|A,10449_C|A,11042_G|T,11173_C|T,11727_G|A,12418_T|C,12789_C|T,12815_C|T,12880_C|T,13339_T|C,14408_C|T,15714_C|T,15756_T|A,16887_C|T,16943_G|T,17410_C|T,18163_A|G,18492_A|G,18894_C|T,19716_C|T,19955_C|T,20055_A|G,21618_C|T,21622_C|T,21624_G|C,21627_C|A,21711_C|T,21738_T|C,21941_G|T,21987_G|A,22032_T|C,22033_C|A,22034_A|G,22200_T|G,22208_C|T,22295_C|A,22353_C|A,22556_A|G,22577_G|C,22578_G|A,22599_G|C,22629_A|C,22674_C|T,22679_T|C,22686_C|T,22688_A|G,22770_G|A,22775_G|A,22786_A|C,22813_G|T,22882_T|G,22895_G|C,22896_T|A,22898_G|A,22910_A|G,22916_C|T,22917_T|G,22926_T|C,22928_T|C,22942_T|A,22992_G|A,22995_C|A,23005_T|A,23012_G|A,23018_T|C,23019_T|C,23039_C|G,23055_A|G,23063_A|T,23075_T|C,23222_G|A,23271_C|T,23403_A|G,23423_C|T,23525_C|T,23599_T|G,23604_C|G,23854_C|A,23948_G|T,24378_C|T,24424_A|T,24469_T|A,24872_G|T,24990_C|T,25000_C|T,25207_C|T,25584_C|T,26060_C|T,26270_C|T,26529_G|C,26577_C|G,26610_A|G,26681_C|T,26709_G|A,26833_C|T,26858_C|T,27259_A|C,27382_G|C,27383_A|T,27384_T|C,27807_C|T,27810_T|C,28271_A|T,28311_C|T,28881_G|A,28882_G|A,28883_G|C,28958_C|A,29510_A|C,11288_11296,21633_21641,21765_21770,21992_21994,22194_22196,23009_23011,28362_28370,29734_29759,21608_.|TCATGCCGCTGT
USA/NJ-CDC-LC1132755/2025	XEQ	241_C|T,670_T|G,897_C|A,2790_C|T,3037_C|T,3431_G|T,3565_T|C,4184_G|A,4321_C|T,6183_A|G,6701_C|T,7842_A|G,7945_C|T,8293_C|T,8393_G|A,9344_C|T,9424_A|G,9534_C|T,10029_C|T,10198_C|T,10447_G|A,10449_C|A,11042_G|T,11727_G|A,12789_C|T,12815_C|T,12880_C|T,13339_T|C,14408_C|T,15714_C|T,15756_T|A,16887_C|T,16943_G|T,17410_C|T,18163_A|G,18492_A|G,18894_C|T,19716_C|T,19955_C|T,20055_A|G,21618_C|T,21622_C|T,21624_G|C,21627_C|A,21711_C|T,21738_T|C,21941_G|T,21987_G|A,22032_T|C,22033_C|A,22034_A|G,22200_T|G,22208_C|T,22295_C|A,22353_C|A,22556_A|G,22577_G|C,22578_G|A,22599_G|C,22629_A|C,22674_C|T,22679_T|C,22686_C|T,22688_A|G,22770_G|A,22775_G|A,22786_A|C,22813_G|T,22882_T|G,22895_G|C,22896_T|A,22898_G|A,22910_A|G,22916_C|T,22917_T|G,22926_T|C,22928_T|C,22942_T|A,22992_G|A,22995_C|A,23005_T|A,23012_G|A,23018_T|C,23019_T|C,23039_C|G,23055_A|G,23063_A|T,23075_T|C,23222_G|A,23271_C|T,23403_A|G,23423_C|T,23525_C|T,23599_T|G,23604_C|G,23854_C|A,23948_G|T,24378_C|T,24424_A|T,24469_T|A,24872_G|T,24990_C|T,25000_C|T,25207_C|T,25584_C|T,26060_C|T,26270_C|T,26529_G|C,26577_C|G,26610_A|G,26681_C|T,26709_G|A,26833_C|T,26858_C|T,27259_A|C,27382_G|C,27383_A|T,27384_T|C,27807_C|T,27810_T|C,28271_A|T,28311_C|T,28881_G|A,28882_G|A,28883_G|C,28958_C|A,29510_A|C,29527_G|T,11288_11296,21633_21641,21765_21770,21992_21994,22194_22196,23009_23011,28362_28370,29734_29759,21608_.|TCATGCCGCTGT
USA/NJ-CDC-LC1134773/2025	XEQ	241_C|T,670_T|G,897_C|A,2197_C|T,2790_C|T,3037_C|T,3431_G|T,3565_T|C,4184_G|A,4321_C|T,6183_A|G,6701_C|T,7842_A|G,8293_C|T,8393_G|A,9344_C|T,9424_A|G,9534_C|T,10029_C|T,10198_C|T,10447_G|A,10449_C|A,11042_G|T,11208_C|T,11727_G|A,12418_T|C,12789_C|T,12815_C|T,12880_C|T,13339_T|C,14408_C|T,15714_C|T,15756_T|A,16395_A|T,16887_C|T,16943_G|T,17410_C|T,17436_C|T,18163_A|G,18492_A|G,18894_C|T,19716_C|T,19955_C|T,20055_A|G,21618_C|T,21622_C|T,21624_G|C,21627_C|A,21711_C|T,21738_T|C,21941_G|T,21987_G|A,22032_T|C,22033_C|A,22034_A|G,22200_T|G,22208_C|T,22295_C|A,22353_C|A,22556_A|G,22577_G|C,22578_G|A,22599_G|C,22629_A|C,22674_C|T,22679_T|C,22686_C|T,22688_A|G,22770_G|A,22775_G|A,22786_A|C,22813_G|T,22882_T|G,22895_G|C,22896_T|A,22898_G|A,22910_A|G,22916_C|T,22917_T|G,22926_T|C,22928_T|C,22942_T|A,22992_G|A,22995_C|A,23005_T|A,23012_G|A,23018_T|C,23019_T|C,23039_C|G,23055_A|G,23063_A|T,23075_T|C,23222_G|A,23271_C|T,23403_A|G,23423_C|T,23525_C|T,23599_T|G,23604_C|G,23854_C|A,23948_G|T,24378_C|T,24424_A|T,24469_T|A,24872_G|T,24990_C|T,25000_C|T,25207_C|T,25584_C|T,26060_C|T,26270_C|T,26529_G|C,26577_C|G,26610_A|G,26681_C|T,26709_G|A,26833_C|T,26858_C|T,27259_A|C,27382_G|C,27383_A|T,27384_T|C,27807_C|T,27810_T|C,28271_A|T,28311_C|T,28881_G|A,28882_G|A,28883_G|C,28958_C|A,29510_A|C,11288_11296,21633_21641,21765_21770,21992_21994,22194_22196,23009_23011,28362_28370,29734_29759,21608_.|TCATGCCGCTGT
USA/NJ-DHSS-1146/2025	XEQ	241_C|T,670_T|G,2790_C|T,3037_C|T,3431_G|T,3565_T|C,4184_G|A,4321_C|T,6183_A|G,6701_C|T,7842_A|G,8293_C|T,8393_G|A,9344_C|T,9424_A|G,9534_C|T,10029_C|T,10198_C|T,10447_G|A,10449_C|A,11042_G|T,11727_G|A,12418_T|C,12789_C|T,12815_C|T,12880_C|T,13339_T|C,14408_C|T,15714_C|T,15738_C|T,15756_T|A,16887_C|T,16943_G|T,17002_C|T,17410_C|T,18163_A|G,18492_A|G,18894_C|T,19716_C|T,19955_C|T,20055_A|G,21618_C|T,21622_C|T,21624_G|C,21627_C|A,21711_C|T,21738_T|C,21941_G|T,21987_G|A,22032_T|C,22033_C|A,22034_A|G,22200_T|G,22208_C|T,22295_C|A,22353_C|A,22556_A|G,22577_G|C,22578_G|A,22599_G|C,22629_A|C,22674_C|T,22679_T|C,22686_C|T,22688_A|G,22770_G|A,22775_G|A,22786_A|C,22813_G|T,22882_T|G,22895_G|C,22896_T|A,22898_G|A,22910_A|G,22916_C|T,22917_T|G,22926_T|C,22928_T|C,22942_T|A,22992_G|A,22995_C|A,23005_T|A,23012_G|A,23018_T|C,23019_T|C,23039_C|G,23055_A|G,23063_A|T,23075_T|C,23222_G|A,23271_C|T,23326_A|T,23403_A|G,23423_C|T,23525_C|T,23599_T|G,23604_C|G,23854_C|A,23948_G|T,24378_C|T,24424_A|T,24469_T|A,24872_G|T,24990_C|T,25000_C|T,25207_C|T,25584_C|T,26060_C|T,26270_C|T,26529_G|C,26577_C|G,26610_A|G,26681_C|T,26833_C|T,26858_C|T,27259_A|C,27382_G|C,27383_A|T,27384_T|C,27807_C|T,27810_T|C,28271_A|T,28311_C|T,28603_C|T,28881_G|A,28882_G|A,28883_G|C,28958_C|A,29510_A|C,686_694,11288_11296,21633_21641,21765_21770,21992_21994,22194_22196,23009_23011,28362_28370,21608_.|TCATGCCGCTGT
USA/NJ-PHEL-V25001897/2025	XEQ	241_C|T,670_T|G,2790_C|T,3037_C|T,3431_G|T,3565_T|C,4184_G|A,4321_C|T,6183_A|G,6701_C|T,7842_A|G,7945_C|T,8293_C|T,8393_G|A,9344_C|T,9424_A|G,9534_C|T,10029_C|T,10198_C|T,10447_G|A,10449_C|A,11042_G|T,11727_G|A,12418_T|C,12789_C|T,12815_C|T,12880_C|T,13339_T|C,14408_C|T,15714_C|T,15756_T|A,16887_C|T,16943_G|T,17410_C|T,18163_A|G,18492_A|G,18894_C|T,19716_C|T,19955_C|T,20055_A|G,21618_C|T,21622_C|T,21624_G|C,21627_C|A,21711_C|T,21738_T|C,21941_G|T,21987_G|A,22032_T|C,22033_C|A,22034_A|G,22200_T|G,22208_C|T,22295_C|A,22353_C|A,22556_A|G,22577_G|C,22578_G|A,22599_G|C,22629_A|C,22674_C|T,22679_T|C,22686_C|T,22688_A|G,22770_G|A,22775_G|A,22786_A|C,22813_G|T,22882_T|G,22895_G|C,22896_T|A,22898_G|A,22910_A|G,22916_C|T,22917_T|G,22926_T|C,22928_T|C,22942_T|A,22992_G|A,22995_C|A,23005_T|A,23012_G|A,23018_T|C,23019_T|C,23039_C|G,23055_A|G,23063_A|T,23075_T|C,23222_G|A,23271_C|T,23403_A|G,23423_C|T,23525_C|T,23599_T|G,23604_C|G,23854_C|A,23948_G|T,24378_C|T,24424_A|T,24469_T|A,24872_G|T,24990_C|T,25000_C|T,25207_C|T,25584_C|T,26060_C|T,26270_C|T,26529_G|C,26577_C|G,26610_A|G,26681_C|T,26709_G|A,26833_C|T,26858_C|T,27259_A|C,27382_G|C,27383_A|T,27384_T|C,27807_C|T,27810_T|C,28271_A|T,28311_C|T,28881_G|A,28882_G|A,28883_G|C,28958_C|A,29510_A|C,29527_G|T,11288_11296,21633_21641,21765_21770,21992_21994,22194_22196,23009_23011,28362_28370,21608_.|TCATGCCGCTGT
USA/NM-CDC-2-8210424/2024	XEQ	241_C|T,670_T|G,897_C|A,2790_C|T,3037_C|T,3431_G|T,3565_T|C,4184_G|A,4321_C|T,6183_A|G,6701_C|T,7842_A|G,8293_C|T,8393_G|A,9344_C|T,9424_A|G,9534_C|T,10029_C|T,10198_C|T,10447_G|A,10449_C|A,11042_G|T,11727_G|A,12418_T|C,12789_C|T,12815_C|T,12880_C|T,13339_T|C,14408_C|T,15714_C|T,15720_C|T,15756_T|A,16887_C|T,16943_G|T,17410_C|T,18163_A|G,18492_A|G,18699_T|C,18894_C|T,19716_C|T,19955_C|T,20055_A|G,21618_C|T,21622_C|T,21624_G|C,21627_C|A,21711_C|T,21738_T|C,21941_G|T,21987_G|A,22032_T|C,22033_C|A,22034_A|G,22200_T|G,22208_C|T,22295_C|A,22353_C|A,22556_A|G,22577_G|C,22578_G|A,22599_G|C,22629_A|C,22674_C|T,22679_T|C,22686_C|T,22688_A|G,22770_G|A,22775_G|A,22786_A|C,22813_G|T,22882_T|G,22895_G|C,22896_T|A,22898_G|A,22910_A|G,22916_C|T,22917_T|G,22926_T|C,22928_T|C,22942_T|A,22992_G|A,22995_C|A,23005_T|A,23012_G|A,23018_T|C,23019_T|C,23039_C|G,23055_A|G,23063_A|T,23075_T|C,23222_G|A,23271_C|T,23403_A|G,23423_C|T,23525_C|T,23599_T|G,23604_C|G,23854_C|A,23948_G|T,24378_C|T,24424_A|T,24469_T|A,24872_G|T,24990_C|T,25000_C|T,25207_C|T,25584_C|T,26060_C|T,26270_C|T,26529_G|C,26577_C|G,26610_A|G,26681_C|T,26709_G|A,26833_C|T,26858_C|T,27259_A|C,27382_G|C,27383_A|T,27384_T|C,27807_C|T,27810_T|C,28271_A|T,28311_C|T,28881_G|A,28882_G|A,28883_G|C,28958_C|A,29160_C|T,29510_A|C,11288_11296,21633_21641,21765_21770,21992_21994,22194_22196,23009_23011,28362_28370,29734_29759,21608_.|TCATGCCGCTGT
USA/NM-CDC-2-8210448/2024	XEQ	241_C|T,670_T|G,897_C|A,2790_C|T,3037_C|T,3431_G|T,3565_T|C,4184_G|A,4321_C|T,6183_A|G,6701_C|T,7842_A|G,8293_C|T,8393_G|A,9344_C|T,9424_A|G,9534_C|T,10029_C|T,10198_C|T,10447_G|A,10449_C|A,11042_G|T,11727_G|A,12418_T|C,12789_C|T,12815_C|T,12880_C|T,13339_T|C,14408_C|T,15714_C|T,15720_C|T,15756_T|A,16887_C|T,16943_G|T,17410_C|T,18163_A|G,18492_A|G,18647_C|T,18894_C|T,19716_C|T,19955_C|T,20055_A|G,21618_C|T,21622_C|T,21624_G|C,21627_C|A,21711_C|T,21738_T|C,21941_G|T,21987_G|A,22032_T|C,22033_C|A,22034_A|G,22200_T|G,22208_C|T,22295_C|A,22353_C|A,22556_A|G,22577_G|C,22578_G|A,22599_G|C,22629_A|C,22674_C|T,22679_T|C,22686_C|T,22688_A|G,22770_G|A,22775_G|A,22786_A|C,22813_G|T,22882_T|G,22895_G|C,22896_T|A,22898_G|A,22910_A|G,22916_C|T,22917_T|G,22926_T|C,22928_T|C,22942_T|A,22992_G|A,22995_C|A,23005_T|A,23012_G|A,23018_T|C,23019_T|C,23039_C|G,23055_A|G,23063_A|T,23075_T|C,23222_G|A,23271_C|T,23403_A|G,23423_C|T,23525_C|T,23599_T|G,23604_C|G,23854_C|A,23948_G|T,24378_C|T,24424_A|T,24469_T|A,24872_G|T,24990_C|T,25000_C|T,25207_C|T,25584_C|T,26060_C|T,26270_C|T,26529_G|C,26577_C|G,26610_A|G,26681_C|T,26709_G|A,26833_C|T,26858_C|T,27259_A|C,27382_G|C,27383_A|T,27384_T|C,27807_C|T,27810_T|C,28271_A|T,28311_C|T,28881_G|A,28882_G|A,28883_G|C,28958_C|A,29348_G|A,29510_A|C,11288_11296,21633_21641,21765_21770,21992_21994,22194_22196,23009_23011,28362_28370,29734_29759,21608_.|TCATGCCGCTGT
USA/NM-CDC-2-8381769/2025	XEQ	241_C|T,670_T|G,897_C|A,2790_C|T,3037_C|T,3241_C|T,3431_G|T,3565_T|C,4184_G|A,4321_C|T,6183_A|G,6701_C|T,7842_A|G,8293_C|T,8393_G|A,9344_C|T,9424_A|G,9534_C|T,10029_C|T,10198_C|T,10447_G|A,10449_C|A,11042_G|T,11727_G|A,12418_T|C,12789_C|T,12815_C|T,12880_C|T,13339_T|C,13551_C|T,13665_C|T,14408_C|T,15714_C|T,15720_C|T,15756_T|A,16887_C|T,16943_G|T,17410_C|T,18163_A|G,18492_A|G,18894_C|T,19716_C|T,19955_C|T,20055_A|G,21156_C|T,21618_C|T,21622_C|T,21624_G|C,21627_C|A,21711_C|T,21738_T|C,21941_G|T,21987_G|A,22032_T|C,22033_C|A,22034_A|G,22200_T|G,22208_C|T,22295_C|A,22353_C|A,22556_A|G,22577_G|C,22578_G|A,22599_G|C,22629_A|C,22674_C|T,22679_T|C,22686_C|T,22688_A|G,22770_G|A,22775_G|A,22786_A|C,22813_G|T,22882_T|G,22895_G|C,22896_T|A,22898_G|A,22910_A|G,22916_C|T,22917_T|G,22926_T|C,22928_T|C,22942_T|A,22992_G|A,22995_C|A,23005_T|A,23012_G|A,23018_T|C,23019_T|C,23039_C|G,23055_A|G,23063_A|T,23075_T|C,23222_G|A,23271_C|T,23403_A|G,23423_C|T,23525_C|T,23599_T|G,23604_C|G,23854_C|A,23948_G|T,24378_C|T,24424_A|T,24469_T|A,24872_G|T,24990_C|T,25000_C|T,25207_C|T,25584_C|T,26060_C|T,26270_C|T,26529_G|C,26577_C|G,26610_A|G,26681_C|T,26709_G|A,26833_C|T,26858_C|T,27259_A|C,27382_G|C,27383_A|T,27384_T|C,27807_C|T,27810_T|C,28271_A|T,28311_C|T,28881_G|A,28882_G|A,28883_G|C,28958_C|A,29510_A|C,11288_11296,21633_21641,21765_21770,21992_21994,22194_22196,23009_23011,28362_28370,21608_.|TCATGCCGCTGT
USA/NM-CDC-2-8448753/2025	XEQ	241_C|T,670_T|G,897_C|A,2790_C|T,3037_C|T,3431_G|T,3565_T|C,4184_G|A,4321_C|T,6183_A|G,6701_C|T,7842_A|G,7945_C|T,8293_C|T,8393_G|A,9344_C|T,9424_A|G,9534_C|T,10029_C|T,10198_C|T,10447_G|A,10449_C|A,11042_G|T,11727_G|A,12418_T|C,12789_C|T,12815_C|T,12880_C|T,13339_T|C,14408_C|T,15714_C|T,15756_T|A,16887_C|T,16943_G|T,17410_C|T,18163_A|G,18492_A|G,18894_C|T,19716_C|T,19955_C|T,20055_A|G,21618_C|T,21622_C|T,21624_G|C,21627_C|A,21711_C|T,21738_T|C,21941_G|T,21987_G|A,22032_T|C,22033_C|A,22034_A|G,22200_T|G,22208_C|T,22295_C|A,22353_C|A,22556_A|G,22577_G|C,22578_G|A,22599_G|C,22629_A|C,22674_C|T,22679_T|C,22686_C|T,22688_A|G,22770_G|A,22775_G|A,22786_A|C,22813_G|T,22882_T|G,22895_G|C,22896_T|A,22898_G|A,22910_A|G,22916_C|T,22917_T|G,22926_T|C,22928_T|C,22942_T|A,22992_G|A,22995_C|A,23005_T|A,23012_G|A,23018_T|C,23019_T|C,23039_C|G,23055_A|G,23063_A|T,23075_T|C,23222_G|A,23271_C|T,23403_A|G,23423_C|T,23525_C|T,23599_T|G,23604_C|G,23854_C|A,23948_G|T,24378_C|T,24424_A|T,24469_T|A,24872_G|T,24990_C|T,25000_C|T,25207_C|T,25584_C|T,26060_C|T,26270_C|T,26529_G|C,26577_C|G,26610_A|G,26681_C|T,26709_G|A,26833_C|T,26858_C|T,27259_A|C,27382_G|C,27383_A|T,27384_T|C,27807_C|T,27810_T|C,28271_A|T,28311_C|T,28881_G|A,28882_G|A,28883_G|C,28958_C|A,29510_A|C,11288_11296,21633_21641,21765_21770,21992_21994,22194_22196,23009_23011,28362_28370,21610_.|ATGCCGCTGTTT
USA/NM-CDC-2-8448770/2025	XEQ	241_C|T,670_T|G,897_C|A,1684_C|T,2790_C|T,3037_C|T,3431_G|T,3565_T|C,4184_G|A,4321_C|T,6183_A|G,6701_C|T,7842_A|G,7945_C|T,8293_C|T,8393_G|A,9344_C|T,9424_A|G,9534_C|T,10029_C|T,10198_C|T,10447_G|A,10449_C|A,11042_G|T,11727_G|A,12418_T|C,12789_C|T,12815_C|T,12880_C|T,13339_T|C,14408_C|T,15714_C|T,15756_T|A,16887_C|T,16943_G|T,17410_C|T,18163_A|G,18492_A|G,18894_C|T,19716_C|T,19955_C|T,20055_A|G,21618_C|T,21622_C|T,21624_G|C,21627_C|A,21711_C|T,21738_T|C,21941_G|T,21987_G|A,22032_T|C,22033_C|A,22034_A|G,22200_T|G,22208_C|T,22295_C|A,22353_C|A,22556_A|G,22577_G|C,22578_G|A,22599_G|C,22629_A|C,22674_C|T,22679_T|C,22686_C|T,22688_A|G,22770_G|A,22775_G|A,22786_A|C,22813_G|T,22882_T|G,22895_G|C,22896_T|A,22898_G|A,22910_A|G,22916_C|T,22917_T|G,22926_T|C,22928_T|C,22942_T|A,22992_G|A,22995_C|A,23005_T|A,23012_G|A,23018_T|C,23019_T|C,23039_C|G,23055_A|G,23063_A|T,23075_T|C,23222_G|A,23271_C|T,23403_A|G,23423_C|T,23525_C|T,23599_T|G,23604_C|G,23854_C|A,23948_G|T,24378_C|T,24424_A|T,24469_T|A,24872_G|T,24990_C|T,25000_C|T,25207_C|T,25584_C|T,26060_C|T,26270_C|T,26529_G|C,26577_C|G,26610_A|G,26681_C|T,26709_G|A,26833_C|T,26858_C|T,27259_A|C,27382_G|C,27383_A|T,27384_T|C,27807_C|T,27810_T|C,28271_A|T,28311_C|T,28603_C|T,28881_G|A,28882_G|A,28883_G|C,28958_C|A,29510_A|C,11288_11296,21633_21641,21765_21770,21992_21994,22194_22196,23009_23011,28362_28370,21608_.|TCATGCCGCTGT
USA/NMDOH-2024035864/2024	XEQ	241_C|T,670_T|G,897_C|A,2790_C|T,3037_C|T,3431_G|T,4184_G|A,4321_C|T,6183_A|G,6701_C|T,7842_A|G,8293_C|T,8393_G|A,9344_C|T,9424_A|G,9534_C|T,10029_C|T,10198_C|T,10447_G|A,10449_C|A,11042_G|T,11727_G|A,12418_T|C,12789_C|T,12815_C|T,12880_C|T,13339_T|C,14408_C|T,15714_C|T,15720_C|T,15756_T|A,16887_C|T,16943_G|T,17410_C|T,18163_A|G,18492_A|G,18894_C|T,19716_C|T,19955_C|T,20055_A|G,21618_C|T,21622_C|T,21624_G|C,21627_C|A,21711_C|T,21738_T|C,21941_G|T,21987_G|A,22032_T|C,22033_C|A,22034_A|G,22200_T|G,22208_C|T,22295_C|A,22353_C|A,22556_A|G,22577_G|C,22578_G|A,22599_G|C,22629_A|C,22674_C|T,22679_T|C,22686_C|T,22688_A|G,22770_G|A,22775_G|A,22786_A|C,22813_G|T,22882_T|G,22895_G|C,22896_T|A,22898_G|A,22910_A|G,22916_C|T,22917_T|G,22926_T|C,22928_T|C,22942_T|A,22992_G|A,22995_C|A,23005_T|A,23012_G|A,23018_T|C,23019_T|C,23039_C|G,23055_A|G,23063_A|T,23075_T|C,23222_G|A,23271_C|T,23403_A|G,23423_C|T,23525_C|T,23599_T|G,23604_C|G,23854_C|A,23948_G|T,24378_C|T,24424_A|T,24469_T|A,24872_G|T,24990_C|T,25000_C|T,25207_C|T,25584_C|T,26060_C|T,26270_C|T,26529_G|C,26577_C|G,26681_C|T,26709_G|A,26833_C|T,26858_C|T,27259_A|C,27382_G|C,27383_A|T,27384_T|C,27807_C|T,27810_T|C,28271_A|T,28311_C|T,28881_G|A,28882_G|A,28883_G|C,28958_C|A,29510_A|C,11288_11296,21633_21641,21765_21770,21992_21994,22194_22196,23009_23011,28362_28370,29734_29759,21607_.|GNNNNNNNNNNN
USA/NMDOH-2024035888/2024	XEQ	44_C|T,241_C|T,670_T|G,897_C|A,2790_C|T,3037_C|T,3431_G|T,3565_T|C,4184_G|A,4321_C|T,6183_A|G,6701_C|T,7842_A|G,8293_C|T,8393_G|A,9344_C|T,9424_A|G,9534_C|T,10029_C|T,10198_C|T,10447_G|A,10449_C|A,11042_G|T,11727_G|A,12418_T|C,12789_C|T,12815_C|T,12880_C|T,13339_T|C,14408_C|T,15714_C|T,15720_C|T,15756_T|A,16887_C|T,16943_G|T,17410_C|T,18163_A|G,18492_A|G,18894_C|T,19716_C|T,19955_C|T,20055_A|G,21618_C|T,21622_C|T,21624_G|C,21627_C|A,21711_C|T,21738_T|C,21941_G|T,21987_G|A,22032_T|C,22033_C|A,22034_A|G,22200_T|G,22208_C|T,22295_C|A,22353_C|A,22556_A|G,22577_G|C,22578_G|A,22599_G|C,22629_A|C,22674_C|T,22679_T|C,22686_C|T,22688_A|G,22770_G|A,22775_G|A,22786_A|C,22813_G|T,22882_T|G,22895_G|C,22896_T|A,22898_G|A,22910_A|G,22916_C|T,22917_T|G,22926_T|C,22928_T|C,22942_T|A,22992_G|A,22995_C|A,23005_T|A,23012_G|A,23018_T|C,23019_T|C,23039_C|G,23055_A|G,23063_A|T,23075_T|C,23222_G|A,23271_C|T,23403_A|G,23423_C|T,23525_C|T,23599_T|G,23604_C|G,23854_C|A,23948_G|T,24378_C|T,24424_A|T,24469_T|A,24872_G|T,24990_C|T,25000_C|T,25207_C|T,25584_C|T,26060_C|T,26270_C|T,26529_G|C,26577_C|G,26610_A|G,26681_C|T,26709_G|A,26833_C|T,26858_C|T,27259_A|C,27382_G|C,27383_A|T,27384_T|C,27807_C|T,27810_T|C,28271_A|T,28311_C|T,28881_G|A,28882_G|A,28883_G|C,28958_C|A,29510_A|C,11288_11296,21633_21641,21765_21770,21992_21994,22194_22196,23009_23011,28362_28370,29734_29759,21608_.|TCATGCCGCTGT
USA/NMDOH-2024036238/2024	XEQ	241_C|T,670_T|G,897_C|A,2790_C|T,3037_C|T,3431_G|T,3565_T|C,4184_G|A,4321_C|T,6183_A|G,6701_C|T,6812_A|G,7842_A|G,8293_C|T,8393_G|A,9344_C|T,9424_A|G,9534_C|T,10029_C|T,10198_C|T,10447_G|A,10449_C|A,11042_G|T,11727_G|A,12116_C|T,12418_T|C,12789_C|T,12815_C|T,12880_C|T,13339_T|C,13835_G|T,14408_C|T,15714_C|T,15720_C|T,15756_T|A,16887_C|T,16943_G|T,17410_C|T,18163_A|G,18492_A|G,18894_C|T,19716_C|T,19955_C|T,20055_A|G,21618_C|T,21622_C|T,21624_G|C,21627_C|A,21711_C|T,21738_T|C,21941_G|T,21987_G|A,22032_T|C,22033_C|A,22034_A|G,22200_T|G,22208_C|T,22295_C|A,22353_C|A,22556_A|G,22577_G|C,22578_G|A,22599_G|C,22629_A|C,22674_C|T,22679_T|C,22686_C|T,22688_A|G,22770_G|A,22775_G|A,22786_A|C,22813_G|T,22882_T|G,22895_G|C,22896_T|A,22898_G|A,22910_A|G,22916_C|T,22917_T|G,22926_T|C,22928_T|C,22942_T|A,22992_G|A,22995_C|A,23005_T|A,23012_G|A,23018_T|C,23019_T|C,23039_C|G,23055_A|G,23063_A|T,23075_T|C,23222_G|A,23271_C|T,23403_A|G,23423_C|T,23525_C|T,23599_T|G,23604_C|G,23854_C|A,23948_G|T,24378_C|T,24424_A|T,24469_T|A,24872_G|T,24990_C|T,25000_C|T,25207_C|T,25584_C|T,26060_C|T,26270_C|T,26529_G|C,26577_C|G,26681_C|T,26709_G|A,26833_C|T,26858_C|T,27259_A|C,27382_G|C,27383_A|T,27384_T|C,27807_C|T,27810_T|C,28271_A|T,28311_C|T,28881_G|A,28882_G|A,28883_G|C,28958_C|A,29510_A|C,11288_11296,21633_21641,21765_21770,21992_21994,22194_22196,23009_23011,28362_28370,29734_29759,21607_.|GNNNNNNNNNNN
USA/NMDOH-2024036567/2024	XEQ	241_C|T,566_G|A,670_T|G,897_C|A,1191_C|T,2790_C|T,3037_C|T,3431_G|T,3565_T|C,4184_G|A,4321_C|T,6183_A|G,6701_C|T,7842_A|G,8293_C|T,8393_G|A,9344_C|T,9424_A|G,9534_C|T,10029_C|T,10198_C|T,10447_G|A,10449_C|A,11042_G|T,11727_G|A,12418_T|C,12789_C|T,12815_C|T,12880_C|T,13339_T|C,14408_C|T,15714_C|T,15756_T|A,16887_C|T,16943_G|T,17410_C|T,18163_A|G,18492_A|G,18894_C|T,19716_C|T,19955_C|T,20055_A|G,21618_C|T,21622_C|T,21624_G|C,21627_C|A,21711_C|T,21738_T|C,21941_G|T,21987_G|A,22032_T|C,22033_C|A,22034_A|G,22200_T|G,22208_C|T,22295_C|A,22353_C|A,22556_A|G,22577_G|C,22578_G|A,22599_G|C,22629_A|C,22674_C|T,22679_T|C,22686_C|T,22688_A|G,22775_G|A,22786_A|C,22813_G|T,22882_T|G,22895_G|C,22896_T|A,22898_G|A,22910_A|G,22916_C|T,22917_T|G,22926_T|C,22928_T|C,22942_T|A,22992_G|A,22995_C|A,23005_T|A,23012_G|A,23018_T|C,23019_T|C,23039_C|G,23055_A|G,23063_A|T,23075_T|C,23222_G|A,23271_C|T,23403_A|G,23423_C|T,23525_C|T,23599_T|G,23604_C|G,23854_C|A,23948_G|T,24378_C|T,24424_A|T,24469_T|A,24872_G|T,24990_C|T,25000_C|T,25207_C|T,25584_C|T,26060_C|T,26270_C|T,26529_G|C,26577_C|G,26610_A|G,26681_C|T,26709_G|A,26833_C|T,26858_C|T,27259_A|C,27382_G|C,27383_A|T,27384_T|C,27807_C|T,27810_T|C,28271_A|T,28311_C|T,28881_G|A,28882_G|A,28883_G|C,28958_C|A,29510_A|C,11288_11296,21633_21641,21765_21770,21992_21994,22194_22196,23009_23011,28362_28370,29734_29759,21607_.|GNNNNNNNNNNN
USA/NMDOH-2024037346/2024	XEQ	44_C|T,241_C|T,670_T|G,897_C|A,2790_C|T,3037_C|T,3431_G|T,3565_T|C,4184_G|A,4321_C|T,6183_A|G,6701_C|T,7842_A|G,8293_C|T,8393_G|A,9344_C|T,9424_A|G,9534_C|T,10029_C|T,10198_C|T,10447_G|A,10449_C|A,11042_G|T,11727_G|A,12418_T|C,12789_C|T,12815_C|T,12880_C|T,13339_T|C,14408_C|T,15714_C|T,15756_T|A,16887_C|T,16943_G|T,17410_C|T,18163_A|G,18492_A|G,18894_C|T,19716_C|T,19955_C|T,20055_A|G,21618_C|T,21622_C|T,21624_G|C,21627_C|A,21711_C|T,21738_T|C,21941_G|T,21987_G|A,22032_T|C,22033_C|A,22034_A|G,22200_T|G,22208_C|T,22295_C|A,22353_C|A,22556_A|G,22577_G|C,22578_G|A,22599_G|C,22629_A|C,22674_C|T,22679_T|C,22686_C|T,22688_A|G,22775_G|A,22786_A|C,22813_G|T,22882_T|G,22895_G|C,22896_T|A,22898_G|A,22910_A|G,22916_C|T,22917_T|G,22926_T|C,22928_T|C,22942_T|A,22992_G|A,22995_C|A,23005_T|A,23012_G|A,23018_T|C,23019_T|C,23039_C|G,23055_A|G,23063_A|T,23075_T|C,23222_G|A,23271_C|T,23403_A|G,23423_C|T,23525_C|T,23599_T|G,23604_C|G,23854_C|A,23948_G|T,24378_C|T,24424_A|T,24469_T|A,24872_G|T,24990_C|T,25000_C|T,25207_C|T,25584_C|T,26060_C|T,26270_C|T,26529_G|C,26577_C|G,26610_A|G,26681_C|T,26709_G|A,26833_C|T,26858_C|T,27259_A|C,27382_G|C,27383_A|T,27384_T|C,27807_C|T,27810_T|C,28271_A|T,28311_C|T,28881_G|A,28882_G|A,28883_G|C,28958_C|A,29510_A|C,11288_11296,21633_21641,21765_21770,21992_21994,22194_22196,23009_23011,28362_28370,29734_29759,21607_.|GNNNNNNNNNNN
USA/NMDOH-2024037353/2024	XEQ	241_C|T,670_T|G,897_C|A,2790_C|T,3037_C|T,3431_G|T,3565_T|C,4184_G|A,4321_C|T,6183_A|G,6701_C|T,7842_A|G,8293_C|T,8393_G|A,9344_C|T,9424_A|G,9534_C|T,10029_C|T,10198_C|T,10447_G|A,10449_C|A,11042_G|T,11727_G|A,12418_T|C,12789_C|T,12815_C|T,12880_C|T,13339_T|C,14408_C|T,15714_C|T,15756_T|A,16887_C|T,16943_G|T,17410_C|T,18163_A|G,18492_A|G,18894_C|T,19716_C|T,19955_C|T,20055_A|G,21618_C|T,21622_C|T,21624_G|C,21627_C|A,21711_C|T,21738_T|C,21941_G|T,21987_G|A,22032_T|C,22033_C|A,22034_A|G,22200_T|G,22208_C|T,22295_C|A,22353_C|A,22556_A|G,22577_G|C,22578_G|A,22599_G|C,22629_A|C,22674_C|T,22679_T|C,22686_C|T,22688_A|G,22775_G|A,22786_A|C,22813_G|T,22882_T|G,22895_G|C,22896_T|A,22898_G|A,22910_A|G,22916_C|T,22917_T|G,22926_T|C,22928_T|C,22942_T|A,22992_G|A,22995_C|A,23005_T|A,23012_G|A,23018_T|C,23019_T|C,23039_C|G,23055_A|G,23063_A|T,23075_T|C,23222_G|A,23271_C|T,23403_A|G,23423_C|T,23525_C|T,23599_T|G,23604_C|G,23854_C|A,23948_G|T,24378_C|T,24424_A|T,24469_T|A,24872_G|T,24990_C|T,25000_C|T,25207_C|T,25584_C|T,26060_C|T,26270_C|T,26529_G|C,26577_C|G,26610_A|G,26681_C|T,26709_G|A,26833_C|T,26858_C|T,27259_A|C,27382_G|C,27383_A|T,27384_T|C,27807_C|T,27810_T|C,28271_A|T,28311_C|T,28881_G|A,28882_G|A,28883_G|C,28958_C|A,29510_A|C,11288_11296,21633_21641,21765_21770,21992_21994,22194_22196,23009_23011,28362_28370,29734_29759,21607_.|GNNNNNNNNNNN,25392_.|ATAA
USA/NMDOH-2024037433/2024	XEQ	241_C|T,670_T|G,897_C|A,2790_C|T,3037_C|T,3431_G|T,4184_G|A,4321_C|T,6183_A|G,6701_C|T,7842_A|G,8293_C|T,8393_G|A,9344_C|T,9424_A|G,9534_C|T,10029_C|T,10198_C|T,10447_G|A,10449_C|A,11042_G|T,11727_G|A,12418_T|C,12789_C|T,12815_C|T,12880_C|T,13339_T|C,14408_C|T,15714_C|T,15756_T|A,16887_C|T,16943_G|T,17410_C|T,18163_A|G,18492_A|G,18894_C|T,19716_C|T,19955_C|T,20055_A|G,21618_C|T,21622_C|T,21624_G|C,21627_C|A,21711_C|T,21738_T|C,21941_G|T,21987_G|A,22032_T|C,22033_C|A,22034_A|G,22200_T|G,22208_C|T,22295_C|A,22353_C|A,22556_A|G,22577_G|C,22578_G|A,22599_G|C,22629_A|C,22674_C|T,22679_T|C,22686_C|T,22688_A|G,22770_G|A,22775_G|A,22786_A|C,22813_G|T,22882_T|G,22895_G|C,22896_T|A,22898_G|A,22910_A|G,22916_C|T,22917_T|G,22926_T|C,22928_T|C,22942_T|A,22992_G|A,22995_C|A,23005_T|A,23012_G|A,23018_T|C,23019_T|C,23039_C|G,23055_A|G,23063_A|T,23075_T|C,23222_G|A,23271_C|T,23403_A|G,23423_C|T,23525_C|T,23599_T|G,23604_C|G,23854_C|A,23948_G|T,24378_C|T,24424_A|T,24469_T|A,24872_G|T,24990_C|T,25000_C|T,25207_C|T,25584_C|T,26060_C|T,26270_C|T,26529_G|C,26577_C|G,26681_C|T,26709_G|A,26833_C|T,26858_C|T,27259_A|C,27382_G|C,27383_A|T,27384_T|C,27807_C|T,27810_T|C,28271_A|T,28311_C|T,28881_G|A,28882_G|A,28883_G|C,28958_C|A,29510_A|C,11288_11296,21633_21641,21765_21770,21992_21994,22194_22196,23009_23011,28362_28370,29734_29759,21607_.|GNNNNNNNNNNN
USA/NMDOH-2024037436/2024	XEQ	241_C|T,670_T|G,897_C|A,2790_C|T,3037_C|T,3431_G|T,3565_T|C,4184_G|A,4321_C|T,6183_A|G,6701_C|T,7842_A|G,8293_C|T,8393_G|A,9344_C|T,9424_A|G,9534_C|T,10029_C|T,10198_C|T,10447_G|A,10449_C|A,11042_G|T,11727_G|A,12418_T|C,12789_C|T,12815_C|T,12880_C|T,13339_T|C,14408_C|T,15714_C|T,15756_T|A,16887_C|T,16943_G|T,17410_C|T,18163_A|G,18492_A|G,18894_C|T,19716_C|T,19955_C|T,20055_A|G,21618_C|T,21622_C|T,21624_G|C,21627_C|A,21711_C|T,21738_T|C,21941_G|T,21987_G|A,22032_T|C,22033_C|A,22034_A|G,22200_T|G,22208_C|T,22295_C|A,22353_C|A,22556_A|G,22577_G|C,22578_G|A,22599_G|C,22629_A|C,22674_C|T,22679_T|C,22686_C|T,22688_A|G,22775_G|A,22786_A|C,22813_G|T,22882_T|G,22895_G|C,22896_T|A,22898_G|A,22910_A|G,22916_C|T,22917_T|G,22926_T|C,22928_T|C,22942_T|A,22992_G|A,22995_C|A,23005_T|A,23012_G|A,23018_T|C,23019_T|C,23039_C|G,23055_A|G,23063_A|T,23075_T|C,23222_G|A,23271_C|T,23403_A|G,23423_C|T,23525_C|T,23599_T|G,23604_C|G,23854_C|A,23948_G|T,24378_C|T,24424_A|T,24469_T|A,24872_G|T,24990_C|T,25000_C|T,25207_C|T,25584_C|T,26060_C|T,26270_C|T,26529_G|C,26577_C|G,26681_C|T,26709_G|A,26833_C|T,26858_C|T,27259_A|C,27382_G|C,27383_A|T,27384_T|C,27807_C|T,27810_T|C,28271_A|T,28311_C|T,28881_G|A,28882_G|A,28883_G|C,28958_C|A,29510_A|C,11288_11296,21633_21641,21765_21770,21992_21994,22194_22196,23009_23011,28362_28370,29734_29759,21607_.|GNNNNNNNNNNN
USA/NMDOH-2024038740/2024	XEQ	241_C|T,670_T|G,897_C|A,2790_C|T,3037_C|T,3431_G|T,3565_T|C,4184_G|A,4321_C|T,6183_A|G,6701_C|T,7842_A|G,8293_C|T,8393_G|A,9344_C|T,9424_A|G,9534_C|T,9814_T|C,10029_C|T,10198_C|T,10447_G|A,10449_C|A,11042_G|T,11124_C|T,11727_G|A,12418_T|C,12789_C|T,12815_C|T,12880_C|T,13339_T|C,14408_C|T,15714_C|T,15756_T|A,16887_C|T,16943_G|T,17410_C|T,18163_A|G,18375_T|C,18492_A|G,18894_C|T,19716_C|T,19955_C|T,20055_A|G,21618_C|T,21622_C|T,21624_G|C,21627_C|A,21711_C|T,21738_T|C,21941_G|T,21987_G|A,22032_T|C,22033_C|A,22034_A|G,22200_T|G,22208_C|T,22295_C|A,22353_C|A,22556_A|G,22577_G|C,22578_G|A,22599_G|C,22629_A|C,22674_C|T,22679_T|C,22684_T|C,22686_C|T,22688_A|G,22770_G|A,22775_G|A,22786_A|C,22813_G|T,22882_T|G,22895_G|C,22896_T|A,22898_G|A,22910_A|G,22916_C|T,22917_T|G,22926_T|C,22928_T|C,22942_T|A,22992_G|A,22995_C|A,23005_T|A,23012_G|A,23018_T|C,23019_T|C,23039_C|G,23055_A|G,23063_A|T,23075_T|C,23222_G|A,23271_C|T,23403_A|G,23423_C|T,23525_C|T,23599_T|G,23604_C|G,23854_C|A,23948_G|T,24378_C|T,24424_A|T,24469_T|A,24872_G|T,24990_C|T,25000_C|T,25207_C|T,25584_C|T,26060_C|T,26270_C|T,26529_G|C,26577_C|G,26610_A|G,26681_C|T,26709_G|A,26833_C|T,26858_C|T,27259_A|C,27382_G|C,27383_A|T,27384_T|C,27807_C|T,27810_T|C,28271_A|T,28311_C|T,28881_G|A,28882_G|A,28883_G|C,28958_C|A,29510_A|C,11288_11296,21633_21641,21765_21770,21992_21994,22194_22196,23009_23011,28362_28370,29734_29759,21608_.|TCATGCCGCTGT
USA/NMDOH-2024038779/2024	XEQ	241_C|T,670_T|G,897_C|A,2790_C|T,3037_C|T,3431_G|T,3565_T|C,4184_G|A,4321_C|T,6183_A|G,6701_C|T,7842_A|G,7998_C|T,8293_C|T,8393_G|A,9344_C|T,9424_A|G,9534_C|T,10029_C|T,10198_C|T,10447_G|A,10449_C|A,11042_G|T,11727_G|A,12418_T|C,12789_C|T,12815_C|T,12880_C|T,13339_T|C,14408_C|T,15714_C|T,15756_T|A,16887_C|T,16943_G|T,17410_C|T,18163_A|G,18492_A|G,18894_C|T,19716_C|T,19955_C|T,20055_A|G,21618_C|T,21622_C|T,21624_G|C,21627_C|A,21711_C|T,21738_T|C,21941_G|T,21987_G|A,22032_T|C,22033_C|A,22034_A|G,22200_T|G,22208_C|T,22295_C|A,22353_C|A,22556_A|G,22577_G|C,22578_G|A,22599_G|C,22629_A|C,22674_C|T,22679_T|C,22686_C|T,22688_A|G,22770_G|A,22775_G|A,22786_A|C,22813_G|T,22882_T|G,22895_G|C,22896_T|A,22898_G|A,22910_A|G,22916_C|T,22917_T|G,22926_T|C,22928_T|C,22942_T|A,22992_G|A,22995_C|A,23005_T|A,23012_G|A,23018_T|C,23019_T|C,23039_C|G,23055_A|G,23063_A|T,23075_T|C,23222_G|A,23271_C|T,23403_A|G,23423_C|T,23525_C|T,23599_T|G,23604_C|G,23854_C|A,23948_G|T,24378_C|T,24424_A|T,24469_T|A,24872_G|T,24990_C|T,25000_C|T,25207_C|T,25584_C|T,26060_C|T,26270_C|T,26529_G|C,26577_C|G,26610_A|G,26681_C|T,26709_G|A,26833_C|T,26858_C|T,27259_A|C,27382_G|C,27383_A|T,27384_T|C,27807_C|T,27810_T|C,28271_A|T,28311_C|T,28881_G|A,28882_G|A,28883_G|C,28958_C|A,29510_A|C,29642_C|T,11288_11296,21633_21641,21765_21770,21992_21994,22194_22196,23009_23011,28362_28370,29734_29759,21607_.|GNNNNNNNNNNN
USA/NMDOH-2024038785/2024	XEQ	241_C|T,670_T|G,897_C|A,2790_C|T,3037_C|T,3431_G|T,3565_T|C,4184_G|A,4321_C|T,6183_A|G,6701_C|T,7842_A|G,8293_C|T,8393_G|A,9344_C|T,9424_A|G,9534_C|T,10029_C|T,10198_C|T,10447_G|A,10449_C|A,11042_G|T,11727_G|A,12418_T|C,12789_C|T,12815_C|T,12880_C|T,13339_T|C,14408_C|T,15714_C|T,15756_T|A,16887_C|T,16943_G|T,17410_C|T,18163_A|G,18492_A|G,18894_C|T,19716_C|T,19842_T|C,19955_C|T,20055_A|G,21618_C|T,21622_C|T,21624_G|C,21627_C|A,21711_C|T,21738_T|C,21941_G|T,21987_G|A,22032_T|C,22033_C|A,22034_A|G,22200_T|G,22208_C|T,22295_C|A,22353_C|A,22556_A|G,22577_G|C,22578_G|A,22599_G|C,22629_A|C,22674_C|T,22679_T|C,22686_C|T,22688_A|G,22770_G|A,22775_G|A,22786_A|C,22813_G|T,22882_T|G,22895_G|C,22896_T|A,22898_G|A,22910_A|G,22916_C|T,22917_T|G,22926_T|C,22928_T|C,22942_T|A,22992_G|A,22995_C|A,23005_T|A,23012_G|A,23018_T|C,23019_T|C,23039_C|G,23055_A|G,23063_A|T,23075_T|C,23222_G|A,23271_C|T,23403_A|G,23423_C|T,23525_C|T,23599_T|G,23604_C|G,23854_C|A,23948_G|T,24378_C|T,24424_A|T,24469_T|A,24872_G|T,24990_C|T,25000_C|T,25207_C|T,25584_C|T,26060_C|T,26270_C|T,26529_G|C,26577_C|G,26610_A|G,26681_C|T,26709_G|A,26833_C|T,26858_C|T,27259_A|C,27382_G|C,27383_A|T,27384_T|C,27807_C|T,27810_T|C,28271_A|T,28311_C|T,28881_G|A,28882_G|A,28883_G|C,28958_C|A,29510_A|C,11288_11296,21633_21641,21765_21770,21992_21994,22194_22196,23009_23011,28362_28370,29734_29759,21607_.|GNNNNNNNNNNN
USA/NMDOH-2024038787/2024	XEQ	241_C|T,670_T|G,897_C|A,2790_C|T,3037_C|T,3431_G|T,3565_T|C,4184_G|A,4321_C|T,6183_A|G,6701_C|T,7842_A|G,7945_C|T,8293_C|T,8393_G|A,9344_C|T,9424_A|G,9534_C|T,10029_C|T,10198_C|T,10447_G|A,10449_C|A,11042_G|T,11727_G|A,12418_T|C,12789_C|T,12815_C|T,12880_C|T,13339_T|C,14408_C|T,15714_C|T,15756_T|A,16887_C|T,16943_G|T,17410_C|T,18163_A|G,18492_A|G,18894_C|T,19716_C|T,19955_C|T,20055_A|G,21618_C|T,21622_C|T,21624_G|C,21627_C|A,21711_C|T,21738_T|C,21941_G|T,21987_G|A,22032_T|C,22033_C|A,22034_A|G,22200_T|G,22208_C|T,22295_C|A,22353_C|A,22556_A|G,22577_G|C,22578_G|A,22599_G|C,22629_A|C,22674_C|T,22679_T|C,22686_C|T,22688_A|G,22770_G|A,22775_G|A,22786_A|C,22813_G|T,22882_T|G,22895_G|C,22896_T|A,22898_G|A,22910_A|G,22916_C|T,22917_T|G,22926_T|C,22928_T|C,22942_T|A,22992_G|A,22995_C|A,23005_T|A,23012_G|A,23018_T|C,23019_T|C,23039_C|G,23055_A|G,23063_A|T,23075_T|C,23222_G|A,23271_C|T,23403_A|G,23423_C|T,23525_C|T,23599_T|G,23604_C|G,23854_C|A,23948_G|T,24378_C|T,24424_A|T,24469_T|A,24872_G|T,24990_C|T,25000_C|T,25207_C|T,25584_C|T,26060_C|T,26270_C|T,26529_G|C,26577_C|G,26610_A|G,26681_C|T,26709_G|A,26833_C|T,26858_C|T,27259_A|C,27382_G|C,27383_A|T,27384_T|C,27807_C|T,27810_T|C,28271_A|T,28311_C|T,28881_G|A,28882_G|A,28883_G|C,28958_C|A,29510_A|C,11288_11296,21633_21641,21765_21770,21992_21994,22194_22196,23009_23011,28362_28370,29734_29759,21607_.|GNNNNNNNNNNN
USA/NMDOH-2024038813/2024	XEQ	241_C|T,670_T|G,897_C|A,2790_C|T,3037_C|T,3431_G|T,3565_T|C,4184_G|A,4321_C|T,6183_A|G,6701_C|T,7842_A|G,7945_C|T,8293_C|T,8393_G|A,9344_C|T,9424_A|G,9534_C|T,10029_C|T,10198_C|T,10447_G|A,10449_C|A,11042_G|T,11727_G|A,12418_T|C,12789_C|T,12815_C|T,12880_C|T,13339_T|C,14408_C|T,15714_C|T,15756_T|A,16887_C|T,16943_G|T,17410_C|T,18163_A|G,18492_A|G,18894_C|T,19716_C|T,19955_C|T,20055_A|G,21618_C|T,21622_C|T,21624_G|C,21627_C|A,21711_C|T,21738_T|C,21941_G|T,21987_G|A,22032_T|C,22033_C|A,22034_A|G,22200_T|G,22208_C|T,22295_C|A,22353_C|A,22556_A|G,22577_G|C,22578_G|A,22599_G|C,22629_A|C,22674_C|T,22679_T|C,22686_C|T,22688_A|G,22770_G|A,22775_G|A,22786_A|C,22813_G|T,22882_T|G,22895_G|C,22896_T|A,22898_G|A,22910_A|G,22916_C|T,22917_T|G,22926_T|C,22928_T|C,22942_T|A,22992_G|A,22995_C|A,23005_T|A,23012_G|A,23018_T|C,23019_T|C,23039_C|G,23055_A|G,23063_A|T,23075_T|C,23222_G|A,23271_C|T,23403_A|G,23423_C|T,23525_C|T,23599_T|G,23604_C|G,23854_C|A,23948_G|T,24378_C|T,24424_A|T,24469_T|A,24872_G|T,24990_C|T,25000_C|T,25207_C|T,25584_C|T,26060_C|T,26270_C|T,26529_G|C,26577_C|G,26681_C|T,26709_G|A,26833_C|T,26858_C|T,27259_A|C,27382_G|C,27383_A|T,27384_T|C,27807_C|T,27810_T|C,28271_A|T,28311_C|T,28881_G|A,28882_G|A,28883_G|C,28958_C|A,29510_A|C,11288_11296,21633_21641,21765_21770,21992_21994,22194_22196,23009_23011,28362_28370,29734_29759,21607_.|GNNNNNNNNNNN
USA/NMDOH-2024038851/2024	XEQ	241_C|T,670_T|G,897_C|A,1912_C|T,2790_C|T,3037_C|T,3431_G|T,3565_T|C,4184_G|A,4321_C|T,6183_A|G,6364_G|A,6701_C|T,7842_A|G,8293_C|T,8393_G|A,9344_C|T,9424_A|G,9534_C|T,10029_C|T,10198_C|T,10447_G|A,10449_C|A,11042_G|T,11727_G|A,12418_T|C,12789_C|T,12815_C|T,12880_C|T,13339_T|C,14408_C|T,15714_C|T,15756_T|A,16887_C|T,16943_G|T,17410_C|T,18163_A|G,18492_A|G,18894_C|T,19716_C|T,19955_C|T,20055_A|G,21618_C|T,21622_C|T,21624_G|C,21627_C|A,21711_C|T,21738_T|C,21941_G|T,21987_G|A,22032_T|C,22033_C|A,22034_A|G,22200_T|G,22208_C|T,22295_C|A,22353_C|A,22556_A|G,22577_G|C,22578_G|A,22599_G|C,22629_A|C,22674_C|T,22679_T|C,22686_C|T,22688_A|G,22770_G|A,22775_G|A,22786_A|C,22813_G|T,22882_T|G,22895_G|C,22896_T|A,22898_G|A,22910_A|G,22916_C|T,22917_T|G,22926_T|C,22928_T|C,22942_T|A,22992_G|A,22995_C|A,23005_T|A,23012_G|A,23018_T|C,23019_T|C,23039_C|G,23055_A|G,23063_A|T,23075_T|C,23222_G|A,23271_C|T,23403_A|G,23423_C|T,23525_C|T,23599_T|G,23604_C|G,23854_C|A,23948_G|T,24378_C|T,24424_A|T,24469_T|A,24872_G|T,24990_C|T,25000_C|T,25207_C|T,25584_C|T,25703_C|T,26060_C|T,26270_C|T,26529_G|C,26577_C|G,26681_C|T,26709_G|A,26833_C|T,26858_C|T,27259_A|C,27382_G|C,27383_A|T,27384_T|C,27807_C|T,27810_T|C,28271_A|T,28311_C|T,28881_G|A,28882_G|A,28883_G|C,28958_C|A,29510_A|C,11288_11296,21633_21641,21765_21770,21992_21994,22194_22196,23009_23011,28362_28370,29734_29759,21607_.|GNNNNNNNNNNN
USA/NMDOH-2024039589/2024	XEQ	241_C|T,670_T|G,897_C|A,2790_C|T,3037_C|T,3431_G|T,3565_T|C,4184_G|A,4321_C|T,6183_A|G,6701_C|T,7842_A|G,7945_C|T,8293_C|T,8393_G|A,9344_C|T,9424_A|G,9534_C|T,10029_C|T,10198_C|T,10447_G|A,10449_C|A,11042_G|T,11727_G|A,12418_T|C,12789_C|T,12815_C|T,12880_C|T,13339_T|C,14408_C|T,15714_C|T,15756_T|A,16887_C|T,16943_G|T,17410_C|T,18163_A|G,18492_A|G,18894_C|T,19716_C|T,19955_C|T,20055_A|G,21618_C|T,21622_C|T,21624_G|C,21627_C|A,21711_C|T,21738_T|C,21941_G|T,21987_G|A,22032_T|C,22033_C|A,22034_A|G,22200_T|G,22208_C|T,22295_C|A,22353_C|A,22556_A|G,22577_G|C,22578_G|A,22599_G|C,22629_A|C,22674_C|T,22679_T|C,22686_C|T,22688_A|G,22775_G|A,22786_A|C,22813_G|T,22882_T|G,22895_G|C,22896_T|A,22898_G|A,22910_A|G,22916_C|T,22917_T|G,22926_T|C,22928_T|C,22942_T|A,22992_G|A,22995_C|A,23005_T|A,23012_G|A,23018_T|C,23019_T|C,23039_C|G,23055_A|G,23063_A|T,23075_T|C,23222_G|A,23271_C|T,23403_A|G,23423_C|T,23525_C|T,23599_T|G,23604_C|G,23854_C|A,23948_G|T,24378_C|T,24424_A|T,24469_T|A,24872_G|T,24990_C|T,25000_C|T,25207_C|T,25584_C|T,26060_C|T,26270_C|T,26529_G|C,26577_C|G,26681_C|T,26709_G|A,26833_C|T,26858_C|T,27259_A|C,27382_G|C,27383_A|T,27384_T|C,27807_C|T,27810_T|C,28271_A|T,28311_C|T,28881_G|A,28882_G|A,28883_G|C,28958_C|A,29510_A|C,11288_11296,21633_21641,21765_21770,21992_21994,22194_22196,23009_23011,28362_28370,29734_29759,21607_.|GNNNNNNNNNNN
USA/NMDOH-2024039663/2024	XEQ	241_C|T,670_T|G,897_C|A,2790_C|T,3037_C|T,3431_G|T,3565_T|C,4184_G|A,4321_C|T,6183_A|G,6701_C|T,7842_A|G,7945_C|T,8293_C|T,8393_G|A,9344_C|T,9424_A|G,9534_C|T,10029_C|T,10198_C|T,10447_G|A,10449_C|A,11042_G|T,11727_G|A,12418_T|C,12789_C|T,12815_C|T,12880_C|T,13339_T|C,14408_C|T,15714_C|T,15756_T|A,16887_C|T,16943_G|T,17410_C|T,18163_A|G,18492_A|G,18894_C|T,19716_C|T,19955_C|T,20055_A|G,21618_C|T,21622_C|T,21624_G|C,21627_C|A,21711_C|T,21738_T|C,21941_G|T,21987_G|A,22032_T|C,22033_C|A,22034_A|G,22200_T|G,22208_C|T,22295_C|A,22353_C|A,22556_A|G,22577_G|C,22578_G|A,22599_G|C,22629_A|C,22674_C|T,22679_T|C,22686_C|T,22688_A|G,22770_G|A,22775_G|A,22786_A|C,22813_G|T,22882_T|G,22895_G|C,22896_T|A,22898_G|A,22910_A|G,22916_C|T,22917_T|G,22926_T|C,22928_T|C,22942_T|A,22992_G|A,22995_C|A,23005_T|A,23012_G|A,23018_T|C,23019_T|C,23039_C|G,23055_A|G,23063_A|T,23075_T|C,23222_G|A,23271_C|T,23403_A|G,23423_C|T,23525_C|T,23599_T|G,23604_C|G,23854_C|A,23948_G|T,24378_C|T,24424_A|T,24469_T|A,24872_G|T,24990_C|T,25000_C|T,25207_C|T,25584_C|T,26060_C|T,26270_C|T,26529_G|C,26577_C|G,26681_C|T,26709_G|A,26833_C|T,26858_C|T,27259_A|C,27382_G|C,27383_A|T,27384_T|C,27807_C|T,27810_T|C,28271_A|T,28311_C|T,28881_G|A,28882_G|A,28883_G|C,28958_C|A,29510_A|C,11288_11296,21633_21641,21765_21770,21992_21994,22194_22196,23009_23011,28362_28370,29734_29759,21607_.|GNNNNNNNNNNN
USA/NMDOH-2024040579/2024	XEQ	21_C|T,44_C|T,241_C|T,670_T|G,897_C|A,2790_C|T,3037_C|T,3431_G|T,3565_T|C,4184_G|A,4321_C|T,6183_A|G,6701_C|T,7842_A|G,8293_C|T,8393_G|A,9344_C|T,9424_A|G,9534_C|T,10029_C|T,10198_C|T,10447_G|A,10449_C|A,11042_G|T,11727_G|A,12418_T|C,12789_C|T,12815_C|T,12880_C|T,13339_T|C,14408_C|T,15714_C|T,15720_C|T,15756_T|A,16887_C|T,16943_G|T,17410_C|T,18163_A|G,18492_A|G,18894_C|T,19716_C|T,19955_C|T,20055_A|G,21618_C|T,21622_C|T,21624_G|C,21627_C|A,21711_C|T,21738_T|C,21941_G|T,21987_G|A,22032_T|C,22033_C|A,22034_A|G,22200_T|G,22208_C|T,22295_C|A,22353_C|A,22556_A|G,22577_G|C,22578_G|A,22599_G|C,22629_A|C,22674_C|T,22679_T|C,22686_C|T,22688_A|G,22770_G|A,22775_G|A,22786_A|C,22813_G|T,22882_T|G,22895_G|C,22896_T|A,22898_G|A,22910_A|G,22916_C|T,22917_T|G,22926_T|C,22928_T|C,22942_T|A,22992_G|A,22995_C|A,23005_T|A,23012_G|A,23018_T|C,23019_T|C,23039_C|G,23055_A|G,23063_A|T,23075_T|C,23222_G|A,23271_C|T,23403_A|G,23423_C|T,23525_C|T,23599_T|G,23604_C|G,23854_C|A,23948_G|T,24378_C|T,24424_A|T,24469_T|A,24872_G|T,24990_C|T,25000_C|T,25207_C|T,25584_C|T,26060_C|T,26270_C|T,26529_G|C,26577_C|G,26610_A|G,26681_C|T,26709_G|A,26833_C|T,26858_C|T,27259_A|C,27382_G|C,27383_A|T,27384_T|C,27807_C|T,27810_T|C,28271_A|T,28311_C|T,28881_G|A,28882_G|A,28883_G|C,28958_C|A,29510_A|C,11288_11296,21633_21641,21765_21770,21992_21994,22194_22196,23009_23011,28362_28370,29734_29759,21607_.|GNNNNNNNNNNN
USA/NMDOH-2024040597/2024	XEQ	233_C|T,241_C|T,670_T|G,897_C|A,2790_C|T,3037_C|T,3431_G|T,3565_T|C,4184_G|A,4321_C|T,6183_A|G,6701_C|T,7842_A|G,8293_C|T,8393_G|A,9344_C|T,9424_A|G,9534_C|T,10029_C|T,10198_C|T,10447_G|A,10449_C|A,11042_G|T,11727_G|A,12418_T|C,12789_C|T,12815_C|T,12832_G|A,12880_C|T,13339_T|C,14408_C|T,15714_C|T,15720_C|T,15756_T|A,16887_C|T,16943_G|T,17410_C|T,18163_A|G,18492_A|G,18894_C|T,19716_C|T,19955_C|T,20055_A|G,21618_C|T,21622_C|T,21624_G|C,21627_C|A,21711_C|T,21738_T|C,21941_G|T,21987_G|A,22032_T|C,22033_C|A,22034_A|G,22200_T|G,22208_C|T,22295_C|A,22353_C|A,22556_A|G,22577_G|C,22578_G|A,22599_G|C,22629_A|C,22674_C|T,22679_T|C,22686_C|T,22688_A|G,22775_G|A,22786_A|C,22813_G|T,22882_T|G,22895_G|C,22896_T|A,22898_G|A,22910_A|G,22916_C|T,22917_T|G,22926_T|C,22928_T|C,22942_T|A,22992_G|A,22995_C|A,23005_T|A,23012_G|A,23018_T|C,23019_T|C,23039_C|G,23055_A|G,23063_A|T,23075_T|C,23222_G|A,23271_C|T,23403_A|G,23423_C|T,23525_C|T,23599_T|G,23604_C|G,23854_C|A,23948_G|T,24378_C|T,24424_A|T,24469_T|A,24872_G|T,24990_C|T,25000_C|T,25207_C|T,25584_C|T,26060_C|T,26270_C|T,26529_G|C,26577_C|G,26610_A|G,26681_C|T,26709_G|A,26833_C|T,26858_C|T,27259_A|C,27382_G|C,27383_A|T,27384_T|C,27807_C|T,27810_T|C,28271_A|T,28311_C|T,28881_G|A,28882_G|A,28883_G|C,28958_C|A,29510_A|C,11288_11296,21633_21641,21765_21770,21992_21994,22194_22196,23009_23011,28362_28370,29734_29759,21607_.|GNNNNNNNNNNN
USA/NMDOH-2024040858/2024	XEQ	241_C|T,670_T|G,897_C|A,2091_C|T,2790_C|T,3037_C|T,3431_G|T,3565_T|C,4184_G|A,4321_C|T,6183_A|G,6701_C|T,7842_A|G,7945_C|T,8293_C|T,8393_G|A,9344_C|T,9424_A|G,9534_C|T,10029_C|T,10198_C|T,10447_G|A,10449_C|A,11042_G|T,11727_G|A,12418_T|C,12789_C|T,12815_C|T,12880_C|T,13339_T|C,14408_C|T,15714_C|T,15756_T|A,16887_C|T,16943_G|T,17410_C|T,18163_A|G,18492_A|G,18894_C|T,19716_C|T,19955_C|T,20055_A|G,21618_C|T,21622_C|T,21624_G|C,21627_C|A,21711_C|T,21738_T|C,21941_G|T,21987_G|A,22032_T|C,22033_C|A,22034_A|G,22200_T|G,22208_C|T,22295_C|A,22353_C|A,22556_A|G,22577_G|C,22578_G|A,22599_G|C,22629_A|C,22674_C|T,22679_T|C,22686_C|T,22688_A|G,22770_G|A,22775_G|A,22786_A|C,22813_G|T,22882_T|G,22895_G|C,22896_T|A,22898_G|A,22910_A|G,22916_C|T,22917_T|G,22926_T|C,22928_T|C,22942_T|A,22992_G|A,22995_C|A,23005_T|A,23012_G|A,23018_T|C,23019_T|C,23039_C|G,23055_A|G,23063_A|T,23075_T|C,23222_G|A,23271_C|T,23403_A|G,23423_C|T,23525_C|T,23599_T|G,23604_C|G,23854_C|A,23948_G|T,24378_C|T,24424_A|T,24469_T|A,24872_G|T,24990_C|T,25000_C|T,25207_C|T,25584_C|T,26060_C|T,26270_C|T,26529_G|C,26577_C|G,26681_C|T,26709_G|A,26833_C|T,26858_C|T,27259_A|C,27382_G|C,27383_A|T,27384_T|C,27807_C|T,27810_T|C,28271_A|T,28311_C|T,28881_G|A,28882_G|A,28883_G|C,28958_C|A,29510_A|C,11288_11296,21633_21641,21765_21770,21992_21994,22194_22196,23009_23011,28362_28370,29734_29759,21607_.|GNNNNNNNNNNN
USA/NMDOH-2024040877/2024	XEQ	147_C|T,241_C|T,670_T|G,897_C|A,2790_C|T,3037_C|T,3431_G|T,3565_T|C,4184_G|A,4321_C|T,6183_A|G,6701_C|T,7842_A|G,8293_C|T,8393_G|A,9344_C|T,9424_A|G,9534_C|T,10029_C|T,10198_C|T,10447_G|A,10449_C|A,11042_G|T,11727_G|A,12418_T|C,12789_C|T,12815_C|T,12880_C|T,13339_T|C,14408_C|T,15714_C|T,15720_C|T,15756_T|A,16887_C|T,16943_G|T,17410_C|T,18163_A|G,18492_A|G,18894_C|T,19716_C|T,19955_C|T,20055_A|G,21618_C|T,21622_C|T,21624_G|C,21627_C|A,21711_C|T,21738_T|C,21941_G|T,21987_G|A,22032_T|C,22033_C|A,22034_A|G,22200_T|G,22208_C|T,22295_C|A,22353_C|A,22556_A|G,22577_G|C,22578_G|A,22599_G|C,22629_A|C,22674_C|T,22679_T|C,22686_C|T,22688_A|G,22770_G|A,22775_G|A,22786_A|C,22813_G|T,22882_T|G,22895_G|C,22896_T|A,22898_G|A,22910_A|G,22916_C|T,22917_T|G,22926_T|C,22928_T|C,22942_T|A,22992_G|A,22995_C|A,23005_T|A,23012_G|A,23018_T|C,23019_T|C,23039_C|G,23055_A|G,23063_A|T,23075_T|C,23222_G|A,23271_C|T,23403_A|G,23423_C|T,23525_C|T,23599_T|G,23604_C|G,23854_C|A,23948_G|T,24378_C|T,24424_A|T,24469_T|A,24872_G|T,24990_C|T,25000_C|T,25207_C|T,25584_C|T,26034_G|T,26060_C|T,26270_C|T,26529_G|C,26577_C|G,26610_A|G,26681_C|T,26709_G|A,26833_C|T,26858_C|T,27259_A|C,27382_G|C,27383_A|T,27384_T|C,27807_C|T,27810_T|C,28271_A|T,28311_C|T,28658_G|A,28881_G|A,28882_G|A,28883_G|C,28958_C|A,29510_A|C,11288_11296,21633_21641,21765_21770,21992_21994,22194_22196,23009_23011,28362_28370,29734_29759,21608_.|TCATRCCGCTGT
USA/NMDOH-2024040983/2024	XEQ	241_C|T,670_T|G,897_C|A,2790_C|T,3037_C|T,3431_G|T,3565_T|C,4184_G|A,4321_C|T,6183_A|G,6701_C|T,7842_A|G,7945_C|T,8293_C|T,8393_G|A,9344_C|T,9424_A|G,9534_C|T,10029_C|T,10198_C|T,10447_G|A,10449_C|A,11042_G|T,11727_G|A,12418_T|C,12789_C|T,12815_C|T,12880_C|T,13339_T|C,14408_C|T,15714_C|T,15756_T|A,16887_C|T,16943_G|T,17410_C|T,18163_A|G,18492_A|G,18894_C|T,19716_C|T,19955_C|T,20055_A|G,21618_C|T,21622_C|T,21624_G|C,21627_C|A,21711_C|T,21738_T|C,21941_G|T,21987_G|A,22032_T|C,22033_C|A,22034_A|G,22200_T|G,22208_C|T,22295_C|A,22353_C|A,22556_A|G,22577_G|C,22578_G|A,22599_G|C,22629_A|C,22674_C|T,22679_T|C,22686_C|T,22688_A|G,22770_G|A,22775_G|A,22786_A|C,22813_G|T,22882_T|G,22895_G|C,22896_T|A,22898_G|A,22910_A|G,22916_C|T,22917_T|G,22926_T|C,22928_T|C,22942_T|A,22992_G|A,22995_C|A,23005_T|A,23012_G|A,23018_T|C,23019_T|C,23039_C|G,23055_A|G,23063_A|T,23075_T|C,23222_G|A,23271_C|T,23403_A|G,23423_C|T,23525_C|T,23599_T|G,23604_C|G,23854_C|A,23948_G|T,24378_C|T,24424_A|T,24469_T|A,24872_G|T,24990_C|T,25000_C|T,25207_C|T,25584_C|T,26060_C|T,26270_C|T,26529_G|C,26577_C|G,26610_A|G,26681_C|T,26709_G|A,26833_C|T,26858_C|T,27259_A|C,27382_G|C,27383_A|T,27384_T|C,27807_C|T,27810_T|C,28271_A|T,28311_C|T,28881_G|A,28882_G|A,28883_G|C,28958_C|A,29510_A|C,11288_11296,21633_21641,21765_21770,21992_21994,22194_22196,23009_23011,28362_28370,29734_29759,21608_.|TCATGCCGCTGT
USA/NMDOH-2025000213/2024	XEQ	241_C|T,670_T|G,897_C|A,2790_C|T,3037_C|T,3431_G|T,3565_T|C,4184_G|A,4321_C|T,6183_A|G,6701_C|T,7842_A|G,8293_C|T,8393_G|A,9344_C|T,9424_A|G,9534_C|T,10029_C|T,10198_C|T,10447_G|A,10449_C|A,11042_G|T,11727_G|A,12418_T|C,12789_C|T,12815_C|T,12880_C|T,13339_T|C,14408_C|T,15714_C|T,15720_C|T,15756_T|A,16887_C|T,16943_G|T,17410_C|T,18163_A|G,18492_A|G,18894_C|T,19716_C|T,19955_C|T,20055_A|G,21618_C|T,21622_C|T,21624_G|C,21627_C|A,21711_C|T,21738_T|C,21941_G|T,21987_G|A,22032_T|C,22033_C|A,22034_A|G,22200_T|G,22208_C|T,22295_C|A,22353_C|A,22556_A|G,22577_G|C,22578_G|A,22599_G|C,22629_A|C,22674_C|T,22679_T|C,22686_C|T,22688_A|G,22770_G|A,22775_G|A,22786_A|C,22813_G|T,22882_T|G,22895_G|C,22896_T|A,22898_G|A,22910_A|G,22916_C|T,22917_T|G,22926_T|C,22928_T|C,22942_T|A,22992_G|A,22995_C|A,23005_T|A,23012_G|A,23018_T|C,23019_T|C,23039_C|G,23055_A|G,23063_A|T,23075_T|C,23222_G|A,23271_C|T,23403_A|G,23423_C|T,23525_C|T,23599_T|G,23604_C|G,23854_C|A,23948_G|T,24378_C|T,24424_A|T,24469_T|A,24872_G|T,24990_C|T,25000_C|T,25207_C|T,25584_C|T,26060_C|T,26270_C|T,26529_G|C,26577_C|G,26610_A|G,26681_C|T,26709_G|A,26833_C|T,26858_C|T,27259_A|C,27382_G|C,27383_A|T,27384_T|C,27807_C|T,27810_T|C,28271_A|T,28311_C|T,28881_G|A,28882_G|A,28883_G|C,28958_C|A,29510_A|C,11288_11296,21633_21641,21765_21770,21992_21994,22194_22196,23009_23011,28362_28370,29734_29759,21607_.|GNNNNNNNNNNN
USA/NMDOH-2025000359/2024	XEQ	241_C|T,670_T|G,897_C|A,2790_C|T,3037_C|T,3431_G|T,3565_T|C,4184_G|A,4321_C|T,6183_A|G,6701_C|T,7842_A|G,8293_C|T,8393_G|A,9344_C|T,9424_A|G,9534_C|T,10029_C|T,10198_C|T,10447_G|A,10449_C|A,11042_G|T,11727_G|A,12418_T|C,12651_C|T,12789_C|T,12815_C|T,12880_C|T,13339_T|C,14408_C|T,15714_C|T,15756_T|A,16887_C|T,16943_G|T,17410_C|T,18163_A|G,18492_A|G,18894_C|T,19716_C|T,19955_C|T,20055_A|G,21618_C|T,21622_C|T,21624_G|C,21627_C|A,21711_C|T,21738_T|C,21941_G|T,21987_G|A,22032_T|C,22033_C|A,22034_A|G,22200_T|G,22208_C|T,22295_C|A,22353_C|A,22556_A|G,22577_G|C,22578_G|A,22599_G|C,22629_A|C,22674_C|T,22679_T|C,22686_C|T,22688_A|G,22770_G|A,22775_G|A,22786_A|C,22813_G|T,22882_T|G,22895_G|C,22896_T|A,22898_G|A,22910_A|G,22916_C|T,22917_T|G,22926_T|C,22928_T|C,22942_T|A,22992_G|A,22995_C|A,23005_T|A,23012_G|A,23018_T|C,23019_T|C,23039_C|G,23055_A|G,23063_A|T,23075_T|C,23222_G|A,23271_C|T,23403_A|G,23423_C|T,23525_C|T,23599_T|G,23604_C|G,23854_C|A,23948_G|T,24378_C|T,24424_A|T,24469_T|A,24872_G|T,24990_C|T,25000_C|T,25207_C|T,25584_C|T,26060_C|T,26270_C|T,26529_G|C,26577_C|G,26681_C|T,26709_G|A,26833_C|T,26858_C|T,27259_A|C,27382_G|C,27383_A|T,27384_T|C,27807_C|T,27810_T|C,28271_A|T,28311_C|T,28399_C|T,28881_G|A,28882_G|A,28883_G|C,28958_C|A,29510_A|C,11288_11296,21633_21641,21765_21770,21992_21994,22194_22196,23009_23011,28362_28370,29734_29759,21607_.|GNNNNNNNNNNN
USA/NMDOH-2025000367/2024	XEQ	241_C|T,670_T|G,897_C|A,2790_C|T,3037_C|T,3431_G|T,3565_T|C,4184_G|A,4321_C|T,6183_A|G,6701_C|T,7842_A|G,8293_C|T,8393_G|A,9344_C|T,9424_A|G,9534_C|T,10029_C|T,10198_C|T,10447_G|A,10449_C|A,11042_G|T,11727_G|A,12418_T|C,12789_C|T,12815_C|T,12880_C|T,13339_T|C,14408_C|T,15714_C|T,15756_T|A,16887_C|T,16943_G|T,17410_C|T,18163_A|G,18492_A|G,18894_C|T,19716_C|T,19955_C|T,20055_A|G,21618_C|T,21622_C|T,21624_G|C,21627_C|A,21711_C|T,21738_T|C,21941_G|T,21987_G|A,22032_T|C,22033_C|A,22034_A|G,22200_T|G,22208_C|T,22295_C|A,22353_C|A,22556_A|G,22577_G|C,22578_G|A,22599_G|C,22629_A|C,22674_C|T,22679_T|C,22686_C|T,22688_A|G,22770_G|A,22775_G|A,22786_A|C,22813_G|T,22882_T|G,22895_G|C,22896_T|A,22898_G|A,22910_A|G,22916_C|T,22917_T|G,22926_T|C,22928_T|C,22942_T|A,22992_G|A,22995_C|A,23005_T|A,23012_G|A,23018_T|C,23019_T|C,23039_C|G,23055_A|G,23063_A|T,23075_T|C,23222_G|A,23271_C|T,23403_A|G,23423_C|T,23525_C|T,23599_T|G,23604_C|G,23854_C|A,23948_G|T,24378_C|T,24424_A|T,24469_T|A,24872_G|T,24990_C|T,25000_C|T,25207_C|T,25584_C|T,26060_C|T,26270_C|T,26529_G|C,26577_C|G,26681_C|T,26709_G|A,26833_C|T,26858_C|T,27259_A|C,27382_G|C,27383_A|T,27384_T|C,27807_C|T,27810_T|C,28271_A|T,28311_C|T,28881_G|A,28882_G|A,28883_G|C,28958_C|A,29510_A|C,11288_11296,21633_21641,21765_21770,21992_21994,22194_22196,23009_23011,28362_28370,29734_29759,21607_.|GNNNNNNNNNNN
USA/NMDOH-2025000396/2024	XEQ	241_C|T,670_T|G,897_C|A,2790_C|T,3037_C|T,3431_G|T,4184_G|A,4321_C|T,6183_A|G,6701_C|T,7842_A|G,8293_C|T,8393_G|A,9344_C|T,9424_A|G,9534_C|T,10029_C|T,10198_C|T,10447_G|A,10449_C|A,11042_G|T,11727_G|A,12418_T|C,12651_C|T,12789_C|T,12815_C|T,12880_C|T,13339_T|C,14408_C|T,15714_C|T,15756_T|A,16887_C|T,16943_G|T,17410_C|T,18163_A|G,18492_A|G,18894_C|T,19716_C|T,19955_C|T,20055_A|G,21618_C|T,21622_C|T,21624_G|C,21627_C|A,21711_C|T,21738_T|C,21941_G|T,21987_G|A,22032_T|C,22033_C|A,22034_A|G,22200_T|G,22208_C|T,22295_C|A,22353_C|A,22556_A|G,22577_G|C,22578_G|A,22599_G|C,22629_A|C,22674_C|T,22679_T|C,22686_C|T,22688_A|G,22770_G|A,22775_G|A,22786_A|C,22813_G|T,22882_T|G,22895_G|C,22896_T|A,22898_G|A,22910_A|G,22916_C|T,22917_T|G,22926_T|C,22928_T|C,22942_T|A,22992_G|A,22995_C|A,23005_T|A,23012_G|A,23018_T|C,23019_T|C,23039_C|G,23055_A|G,23063_A|T,23075_T|C,23222_G|A,23271_C|T,23403_A|G,23423_C|T,23525_C|T,23599_T|G,23604_C|G,23854_C|A,23948_G|T,24378_C|T,24424_A|T,24469_T|A,24872_G|T,24990_C|T,25000_C|T,25207_C|T,25584_C|T,26060_C|T,26270_C|T,26529_G|C,26577_C|G,26681_C|T,26709_G|A,26833_C|T,26858_C|T,27259_A|C,27382_G|C,27383_A|T,27384_T|C,27807_C|T,27810_T|C,28271_A|T,28311_C|T,28399_C|T,28881_G|A,28882_G|A,28883_G|C,28958_C|A,29510_A|C,11288_11296,21633_21641,21765_21770,21992_21994,22194_22196,23009_23011,28362_28370,29734_29759,21607_.|GNNNNNNNNNNN
USA/NMDOH-2025001487/2024	XEQ	241_C|T,670_T|G,897_C|A,2790_C|T,3037_C|T,3431_G|T,3565_T|C,4184_G|A,4321_C|T,6183_A|G,6701_C|T,7842_A|G,8293_C|T,8393_G|A,9344_C|T,9424_A|G,9534_C|T,10029_C|T,10198_C|T,10447_G|A,10449_C|A,11042_G|T,11727_G|A,12418_T|C,12789_C|T,12815_C|T,12880_C|T,13339_T|C,14408_C|T,15714_C|T,15756_T|A,16359_A|G,16887_C|T,16943_G|T,17410_C|T,18163_A|G,18492_A|G,18894_C|T,19716_C|T,19955_C|T,20055_A|G,21618_C|T,21622_C|T,21624_G|C,21627_C|A,21711_C|T,21738_T|C,21941_G|T,21987_G|A,22032_T|C,22033_C|A,22034_A|G,22200_T|G,22208_C|T,22295_C|A,22353_C|A,22556_A|G,22577_G|C,22578_G|A,22599_G|C,22629_A|C,22674_C|T,22679_T|C,22686_C|T,22688_A|G,22770_G|A,22775_G|A,22786_A|C,22813_G|T,22882_T|G,22895_G|C,22896_T|A,22898_G|A,22910_A|G,22916_C|T,22917_T|G,22926_T|C,22928_T|C,22942_T|A,22992_G|A,22995_C|A,23005_T|A,23012_G|A,23018_T|C,23019_T|C,23039_C|G,23055_A|G,23063_A|T,23075_T|C,23222_G|A,23271_C|T,23403_A|G,23423_C|T,23525_C|T,23599_T|G,23604_C|G,23854_C|A,23948_G|T,24378_C|T,24424_A|T,24469_T|A,24872_G|T,24990_C|T,25000_C|T,25207_C|T,25489_G|T,25584_C|T,26060_C|T,26270_C|T,26529_G|C,26577_C|G,26681_C|T,26709_G|A,26833_C|T,26858_C|T,27259_A|C,27382_G|C,27383_A|T,27384_T|C,27807_C|T,27810_T|C,28271_A|T,28311_C|T,28881_G|A,28882_G|A,28883_G|C,28958_C|A,29510_A|C,515_520,11288_11296,21633_21641,21765_21770,21992_21994,22194_22196,23009_23011,28362_28370,29734_29759,21607_.|GNNNNNNNNNNN
USA/NMDOH-2025001511/2024	XEQ	241_C|T,670_T|G,897_C|A,2790_C|T,3037_C|T,3431_G|T,3565_T|C,4184_G|A,4321_C|T,6183_A|G,6701_C|T,7842_A|G,8293_C|T,8393_G|A,9344_C|T,9424_A|G,9534_C|T,10029_C|T,10198_C|T,10447_G|A,10449_C|A,11042_G|T,11727_G|A,12418_T|C,12789_C|T,12815_C|T,12880_C|T,13339_T|C,14408_C|T,15714_C|T,15720_C|T,15756_T|A,16887_C|T,16943_G|T,17410_C|T,18163_A|G,18492_A|G,18894_C|T,19716_C|T,19955_C|T,20055_A|G,21618_C|T,21622_C|T,21624_G|C,21627_C|A,21711_C|T,21738_T|C,21941_G|T,21987_G|A,22032_T|C,22033_C|A,22034_A|G,22200_T|G,22208_C|T,22295_C|A,22353_C|A,22556_A|G,22577_G|C,22578_G|A,22599_G|C,22629_A|C,22674_C|T,22679_T|C,22686_C|T,22688_A|G,22770_G|A,22775_G|A,22786_A|C,22813_G|T,22882_T|G,22895_G|C,22896_T|A,22898_G|A,22910_A|G,22916_C|T,22917_T|G,22926_T|C,22928_T|C,22942_T|A,22992_G|A,22995_C|A,23005_T|A,23012_G|A,23018_T|C,23019_T|C,23039_C|G,23055_A|G,23063_A|T,23075_T|C,23222_G|A,23271_C|T,23403_A|G,23423_C|T,23525_C|T,23599_T|G,23604_C|G,23854_C|A,23948_G|T,24378_C|T,24424_A|T,24469_T|A,24872_G|T,24990_C|T,25000_C|T,25207_C|T,25584_C|T,26060_C|T,26270_C|T,26529_G|C,26577_C|G,26681_C|T,26709_G|A,26833_C|T,26858_C|T,27259_A|C,27382_G|C,27383_A|T,27384_T|C,27807_C|T,27810_T|C,28005_C|T,28271_A|T,28311_C|T,28881_G|A,28882_G|A,28883_G|C,28958_C|A,29510_A|C,11288_11296,21633_21641,21765_21770,21992_21994,22194_22196,23009_23011,28362_28370,29734_29759,21607_.|GNNNNNNNNNNN
USA/NMDOH-2025001563/2024	XEQ	21_C|T,44_C|T,241_C|T,670_T|G,897_C|A,2790_C|T,3037_C|T,3431_G|T,3565_T|C,4184_G|A,4321_C|T,6183_A|G,6701_C|T,7842_A|G,8293_C|T,8393_G|A,9344_C|T,9424_A|G,9534_C|T,10029_C|T,10198_C|T,10447_G|A,10449_C|A,11042_G|T,11727_G|A,12418_T|C,12789_C|T,12815_C|T,12880_C|T,13339_T|C,14408_C|T,15714_C|T,15756_T|A,16887_C|T,16943_G|T,17410_C|T,18163_A|G,18492_A|G,18894_C|T,19716_C|T,19955_C|T,20055_A|G,21618_C|T,21622_C|T,21624_G|C,21627_C|A,21711_C|T,21738_T|C,21941_G|T,21987_G|A,22032_T|C,22033_C|A,22034_A|G,22200_T|G,22208_C|T,22295_C|A,22353_C|A,22556_A|G,22577_G|C,22578_G|A,22599_G|C,22629_A|C,22674_C|T,22679_T|C,22686_C|T,22688_A|G,22770_G|A,22775_G|A,22786_A|C,22813_G|T,22882_T|G,22895_G|C,22896_T|A,22898_G|A,22910_A|G,22916_C|T,22917_T|G,22926_T|C,22928_T|C,22942_T|A,22992_G|A,22995_C|A,23005_T|A,23012_G|A,23018_T|C,23019_T|C,23039_C|G,23055_A|G,23063_A|T,23075_T|C,23222_G|A,23271_C|T,23403_A|G,23423_C|T,23525_C|T,23599_T|G,23604_C|G,23854_C|A,23948_G|T,24378_C|T,24424_A|T,24469_T|A,24872_G|T,24990_C|T,25000_C|T,25207_C|T,25489_G|T,25584_C|T,26060_C|T,26270_C|T,26529_G|C,26577_C|G,26681_C|T,26709_G|A,26833_C|T,26858_C|T,27259_A|C,27382_G|C,27383_A|T,27384_T|C,27807_C|T,27810_T|C,28271_A|T,28311_C|T,28881_G|A,28882_G|A,28883_G|C,28958_C|A,29510_A|C,11288_11296,21633_21641,21765_21770,21992_21994,22194_22196,23009_23011,28362_28370,29734_29759,21607_.|GNNNNNNNNNNN
USA/NMDOH-2025001567/2024	XEQ	241_C|T,670_T|G,897_C|A,2790_C|T,3037_C|T,3431_G|T,3565_T|C,4184_G|A,4321_C|T,6183_A|G,6701_C|T,7842_A|G,8293_C|T,8393_G|A,9344_C|T,9424_A|G,9534_C|T,10029_C|T,10198_C|T,10447_G|A,10449_C|A,11042_G|T,11727_G|A,12418_T|C,12651_C|T,12789_C|T,12815_C|T,12880_C|T,13091_G|T,13339_T|C,14408_C|T,15714_C|T,15756_T|A,16887_C|T,16943_G|T,17410_C|T,18163_A|G,18492_A|G,18894_C|T,19716_C|T,19955_C|T,20055_A|G,21618_C|T,21622_C|T,21624_G|C,21627_C|A,21711_C|T,21738_T|C,21941_G|T,21987_G|A,22032_T|C,22033_C|A,22034_A|G,22200_T|G,22208_C|T,22295_C|A,22353_C|A,22556_A|G,22577_G|C,22578_G|A,22599_G|C,22629_A|C,22674_C|T,22679_T|C,22686_C|T,22688_A|G,22770_G|A,22775_G|A,22786_A|C,22813_G|T,22882_T|G,22895_G|C,22896_T|A,22898_G|A,22910_A|G,22916_C|T,22917_T|G,22926_T|C,22928_T|C,22942_T|A,22992_G|A,22995_C|A,23005_T|A,23012_G|A,23018_T|C,23019_T|C,23039_C|G,23055_A|G,23063_A|T,23075_T|C,23222_G|A,23271_C|T,23403_A|G,23423_C|T,23525_C|T,23599_T|G,23604_C|G,23854_C|A,23948_G|T,24378_C|T,24424_A|T,24469_T|A,24872_G|T,24990_C|T,25000_C|T,25207_C|T,25584_C|T,26060_C|T,26270_C|T,26529_G|C,26577_C|G,26681_C|T,26709_G|A,26833_C|T,26858_C|T,27259_A|C,27382_G|C,27383_A|T,27384_T|C,27807_C|T,27810_T|C,28271_A|T,28311_C|T,28399_C|T,28881_G|A,28882_G|A,28883_G|C,28958_C|A,29510_A|C,11288_11296,21633_21641,21765_21770,21992_21994,22194_22196,23009_23011,28362_28370,29734_29759,21607_.|GNNNNNNNNNNN
USA/NMDOH-2025001568/2024	XEQ	241_C|T,670_T|G,897_C|A,2790_C|T,3037_C|T,3431_G|T,4184_G|A,4321_C|T,6183_A|G,6701_C|T,6730_C|T,7842_A|G,8293_C|T,8393_G|A,9344_C|T,9424_A|G,9534_C|T,10029_C|T,10198_C|T,10447_G|A,10449_C|A,11042_G|T,11727_G|A,12418_T|C,12789_C|T,12815_C|T,12880_C|T,13339_T|C,14408_C|T,15714_C|T,15720_C|T,15756_T|A,16887_C|T,16943_G|T,17410_C|T,18163_A|G,18492_A|G,18894_C|T,19716_C|T,19955_C|T,20055_A|G,21618_C|T,21622_C|T,21624_G|C,21627_C|A,21711_C|T,21738_T|C,21941_G|T,21987_G|A,22032_T|C,22033_C|A,22034_A|G,22200_T|G,22208_C|T,22295_C|A,22353_C|A,22556_A|G,22577_G|C,22578_G|A,22599_G|C,22629_A|C,22674_C|T,22679_T|C,22686_C|T,22688_A|G,22770_G|A,22775_G|A,22786_A|C,22813_G|T,22882_T|G,22895_G|C,22896_T|A,22898_G|A,22910_A|G,22916_C|T,22917_T|G,22926_T|C,22928_T|C,22942_T|A,22992_G|A,22995_C|A,23005_T|A,23012_G|A,23018_T|C,23019_T|C,23039_C|G,23055_A|G,23063_A|T,23075_T|C,23222_G|A,23271_C|T,23403_A|G,23423_C|T,23525_C|T,23599_T|G,23604_C|G,23854_C|A,23948_G|T,24378_C|T,24424_A|T,24469_T|A,24872_G|T,24990_C|T,25000_C|T,25207_C|T,25584_C|T,26060_C|T,26270_C|T,26529_G|C,26577_C|G,26681_C|T,26709_G|A,26833_C|T,26858_C|T,27259_A|C,27382_G|C,27383_A|T,27384_T|C,27807_C|T,27810_T|C,28271_A|T,28311_C|T,28881_G|A,28882_G|A,28883_G|C,28958_C|A,29510_A|C,11288_11296,21633_21641,21765_21770,21992_21994,22194_22196,23009_23011,28362_28370,29734_29759,21607_.|GNNNNNNNNNNN
USA/NMDOH-2025001804/2025	XEQ	241_C|T,670_T|G,897_C|A,2790_C|T,3037_C|T,3431_G|T,3565_T|C,4184_G|A,4321_C|T,4861_T|C,6183_A|G,6701_C|T,7842_A|G,8293_C|T,8393_G|A,8983_T|G,9344_C|T,9424_A|G,9534_C|T,10029_C|T,10198_C|T,10447_G|A,10449_C|A,11042_G|T,11727_G|A,12418_T|C,12789_C|T,12815_C|T,12880_C|T,13339_T|C,14408_C|T,14865_T|C,15714_C|T,15720_C|T,15756_T|A,16887_C|T,16943_G|T,17410_C|T,17533_G|A,18163_A|G,18492_A|G,18894_C|T,19716_C|T,19955_C|T,20055_A|G,21618_C|T,21622_C|T,21624_G|C,21627_C|A,21711_C|T,21738_T|C,21941_G|T,21987_G|A,22032_T|C,22033_C|A,22034_A|G,22200_T|G,22208_C|T,22295_C|A,22353_C|A,22556_A|G,22577_G|C,22578_G|A,22599_G|C,22629_A|C,22674_C|T,22679_T|C,22686_C|T,22688_A|G,22770_G|A,22775_G|A,22786_A|C,22813_G|T,22882_T|G,22895_G|C,22896_T|A,22898_G|A,22910_A|G,22916_C|T,22917_T|G,22926_T|C,22928_T|C,22942_T|A,22992_G|A,22995_C|A,23005_T|A,23012_G|A,23018_T|C,23019_T|C,23039_C|G,23055_A|G,23063_A|T,23075_T|C,23222_G|A,23271_C|T,23403_A|G,23423_C|T,23525_C|T,23599_T|G,23604_C|G,23854_C|A,23948_G|T,24378_C|T,24424_A|T,24469_T|A,24872_G|T,24990_C|T,25000_C|T,25207_C|T,25584_C|T,26060_C|T,26270_C|T,26529_G|C,26577_C|G,26610_A|G,26681_C|T,26709_G|A,26833_C|T,26858_C|T,27259_A|C,27382_G|C,27383_A|T,27384_T|C,27807_C|T,27810_T|C,28271_A|T,28311_C|T,28881_G|A,28882_G|A,28883_G|C,28958_C|A,29510_A|C,29587_G|A,11288_11296,21633_21641,21765_21770,21992_21994,22194_22196,23009_23011,28362_28370,29734_29759,21608_.|TCATGCCGCTGT
USA/NMDOH-2025002278/2025	XEQ	44_C|T,241_C|T,670_T|G,897_C|A,2790_C|T,3037_C|T,3431_G|T,3565_T|C,4184_G|A,4321_C|T,6183_A|G,6701_C|T,7842_A|G,8293_C|T,8393_G|A,9344_C|T,9424_A|G,9534_C|T,10029_C|T,10198_C|T,10447_G|A,10449_C|A,11042_G|T,11727_G|A,12418_T|C,12789_C|T,12815_C|T,12880_C|T,13339_T|C,14408_C|T,15714_C|T,15720_C|T,15756_T|A,16887_C|T,16943_G|T,17410_C|T,18163_A|G,18492_A|G,18894_C|T,19716_C|T,19955_C|T,20055_A|G,21618_C|T,21622_C|T,21624_G|C,21627_C|A,21711_C|T,21738_T|C,21941_G|T,21987_G|A,22032_T|C,22033_C|A,22034_A|G,22200_T|G,22208_C|T,22295_C|A,22353_C|A,22556_A|G,22577_G|C,22578_G|A,22599_G|C,22629_A|C,22674_C|T,22679_T|C,22686_C|T,22688_A|G,22770_G|A,22775_G|A,22786_A|C,22813_G|T,22882_T|G,22895_G|C,22896_T|A,22898_G|A,22910_A|G,22916_C|T,22917_T|G,22926_T|C,22928_T|C,22942_T|A,22992_G|A,22995_C|A,23005_T|A,23012_G|A,23018_T|C,23019_T|C,23039_C|G,23055_A|G,23063_A|T,23075_T|C,23222_G|A,23271_C|T,23403_A|G,23423_C|T,23525_C|T,23599_T|G,23604_C|G,23854_C|A,23948_G|T,24378_C|T,24424_A|T,24469_T|A,24872_G|T,24990_C|T,25000_C|T,25207_C|T,25584_C|T,26060_C|T,26270_C|T,26529_G|C,26577_C|G,26681_C|T,26709_G|A,26833_C|T,26858_C|T,27259_A|C,27382_G|C,27383_A|T,27384_T|C,27807_C|T,27810_T|C,28271_A|T,28311_C|T,28881_G|A,28882_G|A,28883_G|C,28958_C|A,29510_A|C,29700_A|G,11288_11296,21633_21641,21765_21770,21992_21994,22194_22196,23009_23011,28362_28370,29734_29759,21607_.|GNNNNNNNNNNN
USA/NMDOH-2025002300/2025	XEQ	241_C|T,670_T|G,897_C|A,968_G|A,2790_C|T,3037_C|T,3431_G|T,3565_T|C,4184_G|A,4321_C|T,6183_A|G,6701_C|T,7842_A|G,7945_C|T,8293_C|T,8393_G|A,9344_C|T,9424_A|G,9534_C|T,10029_C|T,10198_C|T,10447_G|A,10449_C|A,11042_G|T,11727_G|A,12418_T|C,12789_C|T,12815_C|T,12880_C|T,13339_T|C,14408_C|T,15714_C|T,15756_T|A,16887_C|T,16943_G|T,17410_C|T,18163_A|G,18492_A|G,18894_C|T,19716_C|T,19955_C|T,20055_A|G,21618_C|T,21622_C|T,21624_G|C,21627_C|A,21711_C|T,21738_T|C,21941_G|T,21987_G|A,22032_T|C,22033_C|A,22034_A|G,22200_T|G,22208_C|T,22295_C|A,22353_C|A,22556_A|G,22577_G|C,22578_G|A,22599_G|C,22629_A|C,22674_C|T,22679_T|C,22686_C|T,22688_A|G,22770_G|A,22775_G|A,22786_A|C,22813_G|T,22882_T|G,22895_G|C,22896_T|A,22898_G|A,22910_A|G,22916_C|T,22917_T|G,22926_T|C,22928_T|C,22942_T|A,22992_G|A,22995_C|A,23005_T|A,23012_G|A,23018_T|C,23019_T|C,23039_C|G,23055_A|G,23063_A|T,23075_T|C,23222_G|A,23271_C|T,23403_A|G,23423_C|T,23525_C|T,23599_T|G,23604_C|G,23854_C|A,23948_G|T,24378_C|T,24424_A|T,24469_T|A,24872_G|T,24990_C|T,25000_C|T,25207_C|T,25584_C|T,26060_C|T,26270_C|T,26529_G|C,26577_C|G,26681_C|T,26709_G|A,26833_C|T,26858_C|T,27259_A|C,27382_G|C,27383_A|T,27384_T|C,27807_C|T,27810_T|C,28271_A|T,28311_C|T,28881_G|A,28882_G|A,28883_G|C,28958_C|A,29510_A|C,11288_11296,21633_21641,21765_21770,21992_21994,22194_22196,23009_23011,28362_28370,29734_29759,21607_.|GNNNNNNNNNNN
USA/NMDOH-2025002316/2025	XEQ	241_C|T,670_T|G,897_C|A,2790_C|T,3037_C|T,3431_G|T,4184_G|A,4209_A|G,4320_C|T,4321_C|T,6183_A|G,6701_C|T,7842_A|G,8293_C|T,8393_G|A,9344_C|T,9424_A|G,9534_C|T,10029_C|T,10198_C|T,10447_G|A,10449_C|A,11042_G|T,11727_G|A,12418_T|C,12789_C|T,12815_C|T,12880_C|T,13339_T|C,14408_C|T,15714_C|T,15720_C|T,15756_T|A,16887_C|T,16943_G|T,17410_C|T,18163_A|G,18492_A|G,18894_C|T,19716_C|T,19955_C|T,20055_A|G,21618_C|T,21622_C|T,21624_G|C,21627_C|A,21711_C|T,21738_T|C,21941_G|T,21987_G|A,22032_T|C,22033_C|A,22034_A|G,22200_T|G,22208_C|T,22295_C|A,22353_C|A,22556_A|G,22577_G|C,22578_G|A,22599_G|C,22629_A|C,22674_C|T,22679_T|C,22686_C|T,22688_A|G,22770_G|A,22775_G|A,22786_A|C,22813_G|T,22882_T|G,22895_G|C,22896_T|A,22898_G|A,22910_A|G,22916_C|T,22917_T|G,22926_T|C,22928_T|C,22942_T|A,22992_G|A,22995_C|A,23005_T|A,23012_G|A,23018_T|C,23019_T|C,23039_C|G,23055_A|G,23063_A|T,23075_T|C,23222_G|A,23271_C|T,23403_A|G,23423_C|T,23525_C|T,23599_T|G,23604_C|G,23854_C|A,23948_G|T,24378_C|T,24424_A|T,24469_T|A,24872_G|T,24990_C|T,25000_C|T,25207_C|T,25584_C|T,26060_C|T,26270_C|T,26529_G|C,26577_C|G,26681_C|T,26709_G|A,26833_C|T,26858_C|T,27259_A|C,27382_G|C,27383_A|T,27384_T|C,27807_C|T,27810_T|C,28271_A|T,28311_C|T,28881_G|A,28882_G|A,28883_G|C,28958_C|A,29510_A|C,11288_11296,21633_21641,21765_21770,21992_21994,22194_22196,23009_23011,28362_28370,29734_29759,21607_.|GNNNNNNNNNNN
USA/NMDOH-2025002319/2025	XEQ	44_C|T,241_C|T,670_T|G,897_C|A,2790_C|T,3037_C|T,3431_G|T,3565_T|C,4184_G|A,4209_A|G,4320_C|T,4321_C|T,6183_A|G,6701_C|T,7842_A|G,8293_C|T,8393_G|A,9344_C|T,9424_A|G,9534_C|T,10029_C|T,10198_C|T,10447_G|A,10449_C|A,11042_G|T,11727_G|A,12418_T|C,12789_C|T,12815_C|T,12880_C|T,13339_T|C,14408_C|T,15714_C|T,15756_T|A,16887_C|T,16943_G|T,17410_C|T,18163_A|G,18492_A|G,18894_C|T,19716_C|T,19955_C|T,20055_A|G,21618_C|T,21622_C|T,21624_G|C,21627_C|A,21711_C|T,21738_T|C,21941_G|T,21987_G|A,22032_T|C,22033_C|A,22034_A|G,22200_T|G,22208_C|T,22295_C|A,22353_C|A,22556_A|G,22577_G|C,22578_G|A,22599_G|C,22629_A|C,22674_C|T,22679_T|C,22686_C|T,22688_A|G,22775_G|A,22786_A|C,22813_G|T,22882_T|G,22895_G|C,22896_T|A,22898_G|A,22910_A|G,22916_C|T,22917_T|G,22926_T|C,22928_T|C,22942_T|A,22992_G|A,22995_C|A,23005_T|A,23012_G|A,23018_T|C,23019_T|C,23039_C|G,23055_A|G,23063_A|T,23075_T|C,23222_G|A,23271_C|T,23403_A|G,23423_C|T,23525_C|T,23599_T|G,23604_C|G,23854_C|A,23948_G|T,24378_C|T,24424_A|T,24469_T|A,24872_G|T,24990_C|T,25000_C|T,25207_C|T,25584_C|T,26060_C|T,26270_C|T,26529_G|C,26577_C|G,26610_A|G,26681_C|T,26709_G|A,26833_C|T,26858_C|T,27259_A|C,27382_G|C,27383_A|T,27384_T|C,27807_C|T,27810_T|C,28271_A|T,28311_C|T,28881_G|A,28882_G|A,28883_G|C,28958_C|A,29510_A|C,11288_11296,21633_21641,21765_21770,21992_21994,22194_22196,23009_23011,28362_28370,29734_29759,21607_.|GNNNNNNNNNNN
USA/NMDOH-2025002334/2025	XEQ	241_C|T,670_T|G,897_C|A,2790_C|T,3037_C|T,3431_G|T,3565_T|C,4184_G|A,4321_C|T,6183_A|G,6701_C|T,7842_A|G,8293_C|T,8393_G|A,9344_C|T,9424_A|G,9534_C|T,10029_C|T,10198_C|T,10447_G|A,10449_C|A,11042_G|T,11727_G|A,12418_T|C,12685_G|A,12789_C|T,12815_C|T,12880_C|T,13339_T|C,14408_C|T,15714_C|T,15720_C|T,15756_T|A,16887_C|T,16943_G|T,17410_C|T,18163_A|G,18492_A|G,18894_C|T,19716_C|T,19955_C|T,20055_A|G,21618_C|T,21622_C|T,21624_G|C,21627_C|A,21711_C|T,21738_T|C,21941_G|T,21987_G|A,22032_T|C,22033_C|A,22034_A|G,22200_T|G,22208_C|T,22295_C|A,22353_C|A,22556_A|G,22577_G|C,22578_G|A,22599_G|C,22629_A|C,22674_C|T,22679_T|C,22686_C|T,22688_A|G,22770_G|A,22775_G|A,22786_A|C,22813_G|T,22882_T|G,22895_G|C,22896_T|A,22898_G|A,22910_A|G,22916_C|T,22917_T|G,22926_T|C,22928_T|C,22942_T|A,22992_G|A,22995_C|A,23005_T|A,23012_G|A,23018_T|C,23019_T|C,23039_C|G,23055_A|G,23063_A|T,23075_T|C,23222_G|A,23271_C|T,23403_A|G,23423_C|T,23525_C|T,23599_T|G,23604_C|G,23854_C|A,23948_G|T,24378_C|T,24424_A|T,24469_T|A,24872_G|T,24990_C|T,25000_C|T,25207_C|T,25584_C|T,26060_C|T,26270_C|T,26529_G|C,26577_C|G,26610_A|G,26681_C|T,26709_G|A,26833_C|T,26858_C|T,27259_A|C,27382_G|C,27383_A|T,27384_T|C,27807_C|T,27810_T|C,28271_A|T,28311_C|T,28881_G|A,28882_G|A,28883_G|C,28958_C|A,29510_A|C,11288_11296,21633_21641,21765_21770,21992_21994,22194_22196,23009_23011,28362_28370,29734_29759,21607_.|GNNNNNNNNNNN
USA/NMDOH-2025002951/2025	XEQ	241_C|T,670_T|G,897_C|A,2790_C|T,3037_C|T,3431_G|T,3565_T|C,4184_G|A,4321_C|T,6183_A|G,6701_C|T,7842_A|G,8293_C|T,8393_G|A,9344_C|T,9424_A|G,9534_C|T,10029_C|T,10198_C|T,10447_G|A,10449_C|A,11042_G|T,11727_G|A,12418_T|C,12789_C|T,12815_C|T,12880_C|T,13339_T|C,14408_C|T,15714_C|T,15720_C|T,15756_T|A,16887_C|T,16943_G|T,17410_C|T,18163_A|G,18492_A|G,18894_C|T,19716_C|T,19955_C|T,20055_A|G,21618_C|T,21622_C|T,21624_G|C,21627_C|A,21711_C|T,21738_T|C,21941_G|T,21987_G|A,22032_T|C,22033_C|A,22034_A|G,22200_T|G,22208_C|T,22295_C|A,22353_C|A,22556_A|G,22577_G|C,22578_G|A,22599_G|C,22629_A|C,22674_C|T,22679_T|C,22686_C|T,22688_A|G,22770_G|A,22775_G|A,22786_A|C,22813_G|T,22882_T|G,22895_G|C,22896_T|A,22898_G|A,22910_A|G,22916_C|T,22917_T|G,22926_T|C,22928_T|C,22942_T|A,22992_G|A,22995_C|A,23005_T|A,23012_G|A,23018_T|C,23019_T|C,23039_C|G,23048_G|A,23055_A|G,23063_A|T,23075_T|C,23222_G|A,23271_C|T,23403_A|G,23423_C|T,23525_C|T,23599_T|G,23604_C|G,23854_C|A,23948_G|T,24378_C|T,24424_A|T,24469_T|A,24872_G|T,24990_C|T,25000_C|T,25207_C|T,25584_C|T,26060_C|T,26270_C|T,26529_G|C,26577_C|G,26610_A|G,26681_C|T,26709_G|A,26833_C|T,26858_C|T,27259_A|C,27382_G|C,27383_A|T,27384_T|C,27807_C|T,27810_T|C,27881_C|T,28271_A|T,28311_C|T,28881_G|A,28882_G|A,28883_G|C,28958_C|A,29510_A|C,11288_11296,21633_21641,21765_21770,21992_21994,22194_22196,23009_23011,28362_28370,29734_29759,21607_.|GNNNNNNNNNNN
USA/NMDOH-2025002966/2025	XEQ	241_C|T,670_T|G,897_C|A,968_G|A,2790_C|T,3037_C|T,3431_G|T,4184_G|A,4321_C|T,6183_A|G,6701_C|T,7842_A|G,7945_C|T,8293_C|T,8393_G|A,9344_C|T,9424_A|G,9534_C|T,10029_C|T,10198_C|T,10447_G|A,10449_C|A,11042_G|T,11727_G|A,12418_T|C,12789_C|T,12815_C|T,12880_C|T,13339_T|C,14408_C|T,15714_C|T,15756_T|A,16887_C|T,16943_G|T,17410_C|T,18163_A|G,18492_A|G,18894_C|T,19716_C|T,19955_C|T,20055_A|G,21618_C|T,21622_C|T,21624_G|C,21627_C|A,21711_C|T,21738_T|C,21941_G|T,21987_G|A,22032_T|C,22033_C|A,22034_A|G,22200_T|G,22208_C|T,22295_C|A,22353_C|A,22556_A|G,22577_G|C,22578_G|A,22599_G|C,22629_A|C,22674_C|T,22679_T|C,22686_C|T,22688_A|G,22770_G|A,22775_G|A,22786_A|C,22813_G|T,22882_T|G,22895_G|C,22896_T|A,22898_G|A,22910_A|G,22916_C|T,22917_T|G,22926_T|C,22928_T|C,22942_T|A,22992_G|A,22995_C|A,23005_T|A,23012_G|A,23018_T|C,23019_T|C,23039_C|G,23055_A|G,23063_A|T,23075_T|C,23222_G|A,23271_C|T,23403_A|G,23423_C|T,23525_C|T,23599_T|G,23604_C|G,23854_C|A,23948_G|T,24378_C|T,24424_A|T,24469_T|A,24872_G|T,24990_C|T,25000_C|T,25207_C|T,25584_C|T,26060_C|T,26270_C|T,26529_G|C,26577_C|G,26681_C|T,26709_G|A,26833_C|T,26858_C|T,27259_A|C,27382_G|C,27383_A|T,27384_T|C,27807_C|T,27810_T|C,28271_A|T,28311_C|T,28881_G|A,28882_G|A,28883_G|C,28958_C|A,29510_A|C,11288_11296,21633_21641,21765_21770,21992_21994,22194_22196,23009_23011,28362_28370,29734_29759,21607_.|GNNNNNNNNNNN
USA/NMDOH-2025003999/2025	XEQ	241_C|T,670_T|G,897_C|A,1191_C|A,2790_C|T,3037_C|T,3431_G|T,3565_T|C,4184_G|A,4321_C|T,6183_A|G,6701_C|T,7842_A|G,8293_C|T,8393_G|A,9344_C|T,9424_A|G,9534_C|T,10029_C|T,10198_C|T,10447_G|A,10449_C|A,11042_G|T,11727_G|A,12418_T|C,12789_C|T,12815_C|T,12880_C|T,13339_T|C,14408_C|T,15714_C|T,15756_T|A,16887_C|T,16943_G|T,17410_C|T,18163_A|G,18492_A|G,18894_C|T,19716_C|T,19955_C|T,20055_A|G,21618_C|T,21622_C|T,21624_G|C,21627_C|A,21711_C|T,21738_T|C,21941_G|T,21987_G|A,22032_T|C,22033_C|A,22034_A|G,22200_T|G,22208_C|T,22295_C|A,22353_C|A,22556_A|G,22577_G|C,22578_G|A,22599_G|C,22629_A|C,22674_C|T,22679_T|C,22686_C|T,22688_A|G,22770_G|A,22775_G|A,22786_A|C,22813_G|T,22882_T|G,22895_G|C,22896_T|A,22898_G|A,22910_A|G,22916_C|T,22917_T|G,22926_T|C,22928_T|C,22942_T|A,22992_G|A,22995_C|A,23005_T|A,23012_G|A,23018_T|C,23019_T|C,23039_C|G,23055_A|G,23063_A|T,23075_T|C,23222_G|A,23271_C|T,23403_A|G,23423_C|T,23525_C|T,23599_T|G,23604_C|G,23854_C|A,23948_G|T,24378_C|T,24424_A|T,24469_T|A,24872_G|T,24990_C|T,25000_C|T,25207_C|T,25584_C|T,26060_C|T,26270_C|T,26529_G|C,26577_C|G,26681_C|T,26709_G|A,26833_C|T,26858_C|T,27259_A|C,27382_G|C,27383_A|T,27384_T|C,27807_C|T,27810_T|C,28271_A|T,28311_C|T,28881_G|A,28882_G|A,28883_G|C,28958_C|A,29510_A|C,11288_11296,21633_21641,21765_21770,21992_21994,22194_22196,23009_23011,28362_28370,29734_29759,21607_.|GNNNNNNNNNNN
USA/NMDOH-2025004044/2025	XEQ	241_C|T,670_T|G,897_C|A,1392_C|T,2790_C|T,3037_C|T,3431_G|T,3565_T|C,4184_G|A,4321_C|T,6183_A|G,6701_C|T,7842_A|G,8293_C|T,8393_G|A,9344_C|T,9424_A|G,9534_C|T,10029_C|T,10198_C|T,10447_G|A,10449_C|A,11042_G|T,11224_C|T,11727_G|A,12418_T|C,12789_C|T,12815_C|T,12880_C|T,13339_T|C,14408_C|T,15714_C|T,15756_T|A,16887_C|T,16943_G|T,17410_C|T,18163_A|G,18492_A|G,18894_C|T,19716_C|T,19955_C|T,20055_A|G,21618_C|T,21622_C|T,21624_G|C,21627_C|A,21711_C|T,21738_T|C,21941_G|T,21987_G|A,22032_T|C,22033_C|A,22034_A|G,22200_T|G,22208_C|T,22295_C|A,22353_C|A,22556_A|G,22577_G|C,22578_G|A,22599_G|C,22629_A|C,22674_C|T,22679_T|C,22686_C|T,22688_A|G,22770_G|A,22775_G|A,22786_A|C,22813_G|T,22882_T|G,22895_G|C,22896_T|A,22898_G|A,22910_A|G,22916_C|T,22917_T|G,22926_T|C,22928_T|C,22942_T|A,22992_G|A,22995_C|A,23005_T|A,23012_G|A,23018_T|C,23019_T|C,23039_C|G,23055_A|G,23063_A|T,23075_T|C,23222_G|A,23271_C|T,23403_A|G,23423_C|T,23525_C|T,23599_T|G,23604_C|G,23854_C|A,23948_G|T,24378_C|T,24424_A|T,24469_T|A,24872_G|T,24990_C|T,25000_C|T,25207_C|T,25584_C|T,26060_C|T,26270_C|T,26529_G|C,26577_C|G,26681_C|T,26709_G|A,26735_C|T,26833_C|T,26858_C|T,27259_A|C,27382_G|C,27383_A|T,27384_T|C,27807_C|T,27810_T|C,28271_A|T,28311_C|T,28881_G|A,28882_G|A,28883_G|C,28958_C|A,29510_A|C,11288_11296,21633_21641,21765_21770,21992_21994,22194_22196,23009_23011,28362_28370,29734_29759,21607_.|GNNNNNNNNNNN
USA/NMDOH-2025005134/2025	XEQ	241_C|T,670_T|G,897_C|A,2790_C|T,3037_C|T,3431_G|T,3565_T|C,4184_G|A,4321_C|T,6183_A|G,6701_C|T,7842_A|G,8293_C|T,8393_G|A,9344_C|T,9424_A|G,9534_C|T,10029_C|T,10198_C|T,10447_G|A,10449_C|A,11042_G|T,11727_G|A,12418_T|C,12789_C|T,12815_C|T,12880_C|T,13339_T|C,14408_C|T,15714_C|T,15756_T|A,16887_C|T,16943_G|T,17410_C|T,18163_A|G,18492_A|G,18894_C|T,19716_C|T,19955_C|T,20055_A|G,21618_C|T,21622_C|T,21624_G|C,21627_C|A,21711_C|T,21738_T|C,21941_G|T,21987_G|A,22032_T|C,22033_C|A,22034_A|G,22200_T|G,22208_C|T,22295_C|A,22353_C|A,22556_A|G,22577_G|C,22578_G|A,22599_G|C,22629_A|C,22674_C|T,22679_T|C,22686_C|T,22688_A|G,22775_G|A,22786_A|C,22813_G|T,22882_T|G,22895_G|C,22896_T|A,22898_G|A,22910_A|G,22916_C|T,22917_T|G,22926_T|C,22928_T|C,22942_T|A,22992_G|A,22995_C|A,23005_T|A,23012_G|A,23018_T|C,23019_T|C,23039_C|G,23055_A|G,23063_A|T,23075_T|C,23222_G|A,23271_C|T,23403_A|G,23423_C|T,23525_C|T,23599_T|G,23604_C|G,23854_C|A,23948_G|T,24378_C|T,24424_A|T,24469_T|A,24872_G|T,24990_C|T,25000_C|T,25207_C|T,25584_C|T,26060_C|T,26270_C|T,26529_G|C,26577_C|G,26610_A|G,26681_C|T,26709_G|A,26833_C|T,26858_C|T,27259_A|C,27382_G|C,27383_A|T,27384_T|C,27807_C|T,27810_T|C,28271_A|T,28311_C|T,28881_G|A,28882_G|A,28883_G|C,28958_C|A,29510_A|C,11288_11296,21633_21641,21765_21770,21992_21994,22194_22196,23009_23011,28362_28370,29734_29759,21607_.|GNNNNNNNNNNN
USA/NMDOH-2025005716/2025	XEQ	44_C|T,241_C|T,670_T|G,897_C|A,2790_C|T,3037_C|T,3431_G|T,3565_T|C,4184_G|A,4321_C|T,6183_A|G,6285_C|T,6701_C|T,7564_C|T,7842_A|G,8293_C|T,8393_G|A,8947_C|T,9344_C|T,9424_A|G,9534_C|T,10029_C|T,10198_C|T,10447_G|A,10449_C|A,11042_G|T,11727_G|A,12418_T|C,12685_G|A,12789_C|T,12815_C|T,12880_C|T,13339_T|C,14408_C|T,15714_C|T,15756_T|A,16887_C|T,16943_G|T,17410_C|T,18163_A|G,18492_A|G,18894_C|T,19716_C|T,19955_C|T,20055_A|G,21618_C|T,21622_C|T,21624_G|C,21627_C|A,21711_C|T,21738_T|C,21941_G|T,21987_G|A,22032_T|C,22033_C|A,22034_A|G,22200_T|G,22208_C|T,22295_C|A,22353_C|A,22556_A|G,22577_G|C,22578_G|A,22599_G|C,22629_A|C,22674_C|T,22679_T|C,22686_C|T,22688_A|G,22775_G|A,22786_A|C,22813_G|T,22882_T|G,22895_G|C,22896_T|A,22898_G|A,22910_A|G,22916_C|T,22917_T|G,22926_T|C,22928_T|C,22942_T|A,22992_G|A,22995_C|A,23005_T|A,23012_G|A,23018_T|C,23019_T|C,23039_C|G,23055_A|G,23063_A|T,23075_T|C,23222_G|A,23271_C|T,23403_A|G,23423_C|T,23525_C|T,23599_T|G,23604_C|G,23854_C|A,23948_G|T,24090_A|G,24378_C|T,24424_A|T,24469_T|A,24872_G|T,24990_C|T,25000_C|T,25207_C|T,25584_C|T,26060_C|T,26270_C|T,26529_G|C,26577_C|G,26610_A|G,26681_C|T,26709_G|A,26833_C|T,26858_C|T,27259_A|C,27382_G|C,27383_A|T,27384_T|C,27807_C|T,27810_T|C,28271_A|T,28311_C|T,28881_G|A,28882_G|A,28883_G|C,28958_C|A,29510_A|C,11288_11296,21633_21641,21765_21770,21992_21994,22194_22196,23009_23011,28362_28370,29734_29759,21607_.|GNNNNNNNNNNN
USA/NMDOH-2025005717/2025	XEQ	21_C|T,44_C|T,241_C|T,670_T|G,897_C|A,2368_A|G,2790_C|T,3037_C|T,3431_G|T,3565_T|C,4184_G|A,4321_C|T,6183_A|G,6701_C|T,7842_A|G,8293_C|T,8393_G|A,9344_C|T,9424_A|G,9534_C|T,10029_C|T,10198_C|T,10447_G|A,10449_C|A,11042_G|T,11727_G|A,12418_T|C,12789_C|T,12815_C|T,12880_C|T,13339_T|C,14408_C|T,15714_C|T,15756_T|A,16887_C|T,16943_G|T,17410_C|T,18163_A|G,18492_A|G,18894_C|T,19716_C|T,19955_C|T,20055_A|G,21618_C|T,21622_C|T,21624_G|C,21627_C|A,21711_C|T,21738_T|C,21941_G|T,21987_G|A,22032_T|C,22033_C|A,22034_A|G,22200_T|G,22208_C|T,22295_C|A,22353_C|A,22556_A|G,22577_G|C,22578_G|A,22599_G|C,22629_A|C,22674_C|T,22679_T|C,22686_C|T,22688_A|G,22775_G|A,22786_A|C,22813_G|T,22882_T|G,22895_G|C,22896_T|A,22898_G|A,22910_A|G,22916_C|T,22917_T|G,22926_T|C,22928_T|C,22942_T|A,22992_G|A,22995_C|A,23005_T|A,23012_G|A,23018_T|C,23019_T|C,23039_C|G,23055_A|G,23063_A|T,23075_T|C,23222_G|A,23271_C|T,23403_A|G,23423_C|T,23525_C|T,23599_T|G,23604_C|G,23854_C|A,23948_G|T,24378_C|T,24424_A|T,24469_T|A,24872_G|T,24990_C|T,25000_C|T,25207_C|T,25584_C|T,26060_C|T,26270_C|T,26529_G|C,26577_C|G,26610_A|G,26681_C|T,26709_G|A,26833_C|T,26858_C|T,27259_A|C,27382_G|C,27383_A|T,27384_T|C,27807_C|T,27810_T|C,28271_A|T,28311_C|T,28881_G|A,28882_G|A,28883_G|C,28958_C|A,29510_A|C,11288_11296,21633_21641,21765_21770,21992_21994,22194_22196,23009_23011,28362_28370,29734_29759,21607_.|GNNNNNNNNNNN
USA/NMDOH-2025006215/2025	XEQ	241_C|T,670_T|G,897_C|A,2368_A|G,2790_C|T,3037_C|T,3431_G|T,3565_T|C,4184_G|A,4321_C|T,6183_A|G,6701_C|T,7842_A|G,8293_C|T,8393_G|A,9344_C|T,9424_A|G,9534_C|T,10029_C|T,10198_C|T,10447_G|A,10449_C|A,11042_G|T,11727_G|A,12418_T|C,12789_C|T,12815_C|T,12880_C|T,13339_T|C,14408_C|T,15714_C|T,15756_T|A,16887_C|T,16943_G|T,17410_C|T,18163_A|G,18492_A|G,18894_C|T,19716_C|T,19955_C|T,20055_A|G,21618_C|T,21622_C|T,21624_G|C,21627_C|A,21711_C|T,21738_T|C,21941_G|T,21987_G|A,22032_T|C,22033_C|A,22034_A|G,22200_T|G,22208_C|T,22295_C|A,22353_C|A,22556_A|G,22577_G|C,22578_G|A,22599_G|C,22629_A|C,22674_C|T,22679_T|C,22686_C|T,22688_A|G,22770_G|A,22775_G|A,22786_A|C,22813_G|T,22882_T|G,22895_G|C,22896_T|A,22898_G|A,22910_A|G,22916_C|T,22917_T|G,22926_T|C,22928_T|C,22942_T|A,22992_G|A,22995_C|A,23005_T|A,23012_G|A,23018_T|C,23019_T|C,23039_C|G,23055_A|G,23063_A|T,23075_T|C,23222_G|A,23271_C|T,23403_A|G,23423_C|T,23525_C|T,23599_T|G,23604_C|G,23854_C|A,23948_G|T,24378_C|T,24424_A|T,24469_T|A,24872_G|T,24990_C|T,25000_C|T,25207_C|T,25584_C|T,26060_C|T,26270_C|T,26529_G|C,26577_C|G,26610_A|G,26681_C|T,26709_G|A,26833_C|T,26858_C|T,27259_A|C,27382_G|C,27383_A|T,27384_T|C,27807_C|T,27810_T|C,28271_A|T,28311_C|T,28881_G|A,28882_G|A,28883_G|C,28958_C|A,29510_A|C,11288_11296,21633_21641,21765_21770,21992_21994,22194_22196,23009_23011,28362_28370,29734_29759,21607_.|GNNNNNNNNNNN
USA/NMDOH-2025006233/2025	XEQ	44_C|T,241_C|T,582_T|C,670_T|G,897_C|A,2790_C|T,3037_C|T,3431_G|T,3565_T|C,4184_G|A,4321_C|T,6183_A|G,6701_C|T,7842_A|G,8293_C|T,8393_G|A,9344_C|T,9424_A|G,9534_C|T,10029_C|T,10198_C|T,10369_C|T,10447_G|A,10449_C|A,11042_G|T,11727_G|A,12418_T|C,12789_C|T,12815_C|T,12880_C|T,13339_T|C,14408_C|T,15714_C|T,15756_T|A,16887_C|T,16943_G|T,17410_C|T,18163_A|G,18492_A|G,18894_C|T,19716_C|T,19955_C|T,20055_A|G,21618_C|T,21622_C|T,21624_G|C,21627_C|A,21711_C|T,21738_T|C,21941_G|T,21987_G|A,22032_T|C,22033_C|A,22034_A|G,22200_T|G,22208_C|T,22295_C|A,22353_C|A,22556_A|G,22577_G|C,22578_G|A,22599_G|C,22629_A|C,22674_C|T,22679_T|C,22686_C|T,22688_A|G,22775_G|A,22786_A|C,22813_G|T,22882_T|G,22895_G|C,22896_T|A,22898_G|A,22910_A|G,22916_C|T,22917_T|G,22926_T|C,22928_T|C,22942_T|A,22992_G|A,22995_C|A,23005_T|A,23012_G|A,23018_T|C,23019_T|C,23039_C|G,23055_A|G,23063_A|T,23075_T|C,23222_G|A,23271_C|T,23403_A|G,23423_C|T,23525_C|T,23599_T|G,23604_C|G,23854_C|A,23948_G|T,24378_C|T,24424_A|T,24469_T|A,24872_G|T,24990_C|T,25000_C|T,25207_C|T,25584_C|T,26028_C|T,26060_C|T,26270_C|T,26529_G|C,26577_C|G,26610_A|G,26681_C|T,26709_G|A,26833_C|T,26858_C|T,27259_A|C,27382_G|C,27383_A|T,27384_T|C,27807_C|T,27810_T|C,28271_A|T,28311_C|T,28881_G|A,28882_G|A,28883_G|C,28958_C|A,29510_A|C,11288_11296,21633_21641,21765_21770,21992_21994,22194_22196,23009_23011,28362_28370,29734_29759,21607_.|GNNNNNNNNNNN
USA/NMDOH-2025007420/2025	XEQ	241_C|T,670_T|G,897_C|A,1471_C|T,2790_C|T,3037_C|T,3431_G|T,4184_G|A,4321_C|T,6183_A|G,6701_C|T,7842_A|G,7945_C|T,8293_C|T,8393_G|A,9344_C|T,9424_A|G,9534_C|T,10029_C|T,10198_C|T,10447_G|A,10449_C|A,11042_G|T,11727_G|A,12418_T|C,12789_C|T,12815_C|T,12880_C|T,13339_T|C,14408_C|T,15714_C|T,15756_T|A,16887_C|T,16943_G|T,17410_C|T,18163_A|G,18492_A|G,18894_C|T,19716_C|T,19955_C|T,20055_A|G,21618_C|T,21622_C|T,21624_G|C,21627_C|A,21711_C|T,21738_T|C,21941_G|T,21987_G|A,22032_T|C,22033_C|A,22034_A|G,22200_T|G,22208_C|T,22295_C|A,22353_C|A,22556_A|G,22577_G|C,22578_G|A,22599_G|C,22629_A|C,22674_C|T,22679_T|C,22686_C|T,22688_A|G,22770_G|A,22775_G|A,22786_A|C,22813_G|T,22882_T|G,22895_G|C,22896_T|A,22898_G|A,22910_A|G,22916_C|T,22917_T|G,22926_T|C,22928_T|C,22942_T|A,22992_G|A,22995_C|A,23005_T|A,23012_G|A,23018_T|C,23019_T|C,23039_C|G,23055_A|G,23063_A|T,23075_T|C,23222_G|A,23271_C|T,23403_A|G,23423_C|T,23525_C|T,23599_T|G,23604_C|G,23854_C|A,23948_G|T,24378_C|T,24424_A|T,24469_T|A,24872_G|T,24990_C|T,25000_C|T,25207_C|T,25584_C|T,26060_C|T,26270_C|T,26529_G|C,26577_C|G,26610_A|G,26681_C|T,26709_G|A,26833_C|T,26858_C|T,27259_A|C,27382_G|C,27383_A|T,27384_T|C,27807_C|T,27810_T|C,28271_A|T,28311_C|T,28881_G|A,28882_G|A,28883_G|C,28958_C|A,29510_A|C,11288_11296,21633_21641,21765_21770,21992_21994,22194_22196,23009_23011,28362_28370,29734_29759,21607_.|GNNNNNNNNNNN
USA/NMDOH-2025007676/2025	XEQ	241_C|T,670_T|G,897_C|A,2790_C|T,3037_C|T,3431_G|T,3565_T|C,4184_G|A,4321_C|T,6183_A|G,6701_C|T,7842_A|G,8293_C|T,8393_G|A,9344_C|T,9424_A|G,9534_C|T,10029_C|T,10198_C|T,10447_G|A,10449_C|A,11042_G|T,11727_G|A,12418_T|C,12789_C|T,12815_C|T,12880_C|T,13339_T|C,14408_C|T,15714_C|T,15756_T|A,16887_C|T,16943_G|T,17410_C|T,18163_A|G,18492_A|G,18894_C|T,19716_C|T,19955_C|T,20055_A|G,21618_C|T,21622_C|T,21624_G|C,21627_C|A,21711_C|T,21738_T|C,21941_G|T,21987_G|A,22032_T|C,22033_C|A,22034_A|G,22200_T|G,22208_C|T,22295_C|A,22353_C|A,22556_A|G,22577_G|C,22578_G|A,22599_G|C,22629_A|C,22674_C|T,22679_T|C,22686_C|T,22688_A|G,22775_G|A,22786_A|C,22813_G|T,22882_T|G,22895_G|C,22896_T|A,22898_G|A,22910_A|G,22916_C|T,22917_T|G,22926_T|C,22928_T|C,22942_T|A,22992_G|A,22995_C|A,23005_T|A,23012_G|A,23018_T|C,23019_T|C,23039_C|G,23055_A|G,23063_A|T,23075_T|C,23222_G|A,23271_C|T,23403_A|G,23423_C|T,23525_C|T,23599_T|G,23604_C|G,23854_C|A,23948_G|T,24378_C|T,24424_A|T,24469_T|A,24872_G|T,24990_C|T,25000_C|T,25207_C|T,25584_C|T,26060_C|T,26270_C|T,26529_G|C,26577_C|G,26610_A|G,26681_C|T,26709_G|A,26833_C|T,26858_C|T,27259_A|C,27382_G|C,27383_A|T,27384_T|C,27807_C|T,27810_T|C,28271_A|T,28311_C|T,28881_G|A,28882_G|A,28883_G|C,28958_C|A,29510_A|C,29701_G|A,11288_11296,21633_21641,21765_21770,21992_21994,22194_22196,23009_23011,28362_28370,29734_29759,21607_.|GNNNNNNNNNNN
USA/NMDOH-2025007681/2025	XEQ	21_C|T,44_C|T,241_C|T,670_T|G,897_C|A,2790_C|T,3037_C|T,3431_G|T,3565_T|C,4184_G|A,4321_C|T,6183_A|G,6701_C|T,7842_A|G,8293_C|T,8393_G|A,9344_C|T,9424_A|G,9534_C|T,10029_C|T,10198_C|T,10447_G|A,10449_C|A,11042_G|T,11727_G|A,12418_T|C,12789_C|T,12815_C|T,12880_C|T,13339_T|C,14408_C|T,15714_C|T,15720_C|T,15756_T|A,16887_C|T,16943_G|T,17410_C|T,18163_A|G,18492_A|G,18894_C|T,19716_C|T,19955_C|T,20055_A|G,21618_C|T,21622_C|T,21624_G|C,21627_C|A,21711_C|T,21738_T|C,21941_G|T,21987_G|A,22032_T|C,22033_C|A,22034_A|G,22200_T|G,22208_C|T,22295_C|A,22353_C|A,22556_A|G,22577_G|C,22578_G|A,22599_G|C,22629_A|C,22674_C|T,22679_T|C,22686_C|T,22688_A|G,22775_G|A,22786_A|C,22813_G|T,22882_T|G,22895_G|C,22896_T|A,22898_G|A,22910_A|G,22916_C|T,22917_T|G,22926_T|C,22928_T|C,22942_T|A,22992_G|A,22995_C|A,23005_T|A,23012_G|A,23018_T|C,23019_T|C,23039_C|G,23055_A|G,23063_A|T,23075_T|C,23222_G|A,23271_C|T,23403_A|G,23423_C|T,23525_C|T,23599_T|G,23604_C|G,23854_C|A,23948_G|T,24378_C|T,24424_A|T,24469_T|A,24872_G|T,24990_C|T,25000_C|T,25207_C|T,25584_C|T,26060_C|T,26270_C|T,26529_G|C,26577_C|G,26610_A|G,26681_C|T,26709_G|A,26833_C|T,26858_C|T,27259_A|C,27382_G|C,27383_A|T,27384_T|C,27807_C|T,27810_T|C,28271_A|T,28311_C|T,28881_G|A,28882_G|A,28883_G|C,28958_C|A,29510_A|C,29701_G|A,11288_11296,21633_21641,21765_21770,21992_21994,22194_22196,23009_23011,28362_28370,29734_29759,21607_.|GNNNNNNNNNNN
USA/NMDOH-2025008650/2025	XEQ	241_C|T,670_T|G,897_C|A,2790_C|T,3037_C|T,3431_G|T,3565_T|C,4184_G|A,4321_C|T,6183_A|G,6701_C|T,7842_A|G,8293_C|T,8393_G|A,8838_T|C,9344_C|T,9424_A|G,9534_C|T,10029_C|T,10198_C|T,10447_G|A,10449_C|A,11042_G|T,11727_G|A,12418_T|C,12789_C|T,12815_C|T,12880_C|T,13339_T|C,14408_C|T,15714_C|T,15720_C|T,15756_T|A,16887_C|T,16943_G|T,17410_C|T,18163_A|G,18492_A|G,18894_C|T,19716_C|T,19955_C|T,20055_A|G,21575_C|T,21618_C|T,21622_C|T,21624_G|C,21627_C|A,21711_C|T,21738_T|C,21941_G|T,21987_G|A,22032_T|C,22033_C|A,22034_A|G,22200_T|G,22208_C|T,22295_C|A,22353_C|A,22556_A|G,22577_G|C,22578_G|A,22599_G|C,22629_A|C,22674_C|T,22679_T|C,22686_C|T,22688_A|G,22770_G|A,22775_G|A,22786_A|C,22813_G|T,22882_T|G,22895_G|C,22896_T|A,22898_G|A,22910_A|G,22916_C|T,22917_T|G,22926_T|C,22928_T|C,22942_T|A,22992_G|A,22995_C|A,23005_T|A,23012_G|A,23018_T|C,23019_T|C,23039_C|G,23055_A|G,23063_A|T,23075_T|C,23222_G|A,23271_C|T,23403_A|G,23423_C|T,23525_C|T,23599_T|G,23604_C|G,23854_C|A,23948_G|T,24378_C|T,24424_A|T,24469_T|A,24872_G|T,24990_C|T,25000_C|T,25207_C|T,25584_C|T,26060_C|T,26270_C|T,26529_G|C,26577_C|G,26610_A|G,26681_C|T,26709_G|A,26833_C|T,26858_C|T,27259_A|C,27382_G|C,27383_A|T,27384_T|C,27807_C|T,27810_T|C,28271_A|T,28311_C|T,28881_G|A,28882_G|A,28883_G|C,28958_C|A,29510_A|C,29701_G|A,11288_11296,21633_21641,21765_21770,21992_21994,22194_22196,23009_23011,28362_28370,29734_29759,21607_.|GNNNNNNNNNNN
USA/NMDOH-2025009737/2025	XEQ	241_C|T,670_T|G,897_C|A,1601_C|T,2790_C|T,3037_C|T,3431_G|T,3565_T|C,4184_G|A,4321_C|T,6183_A|G,6285_C|T,6701_C|T,7564_C|T,7842_A|G,8293_C|T,8393_G|A,8947_C|T,9344_C|T,9424_A|G,9534_C|T,10029_C|T,10198_C|T,10447_G|A,10449_C|A,11042_G|T,11727_G|A,12418_T|C,12685_G|A,12789_C|T,12815_C|T,12880_C|T,13339_T|C,14408_C|T,15714_C|T,15720_C|T,15756_T|A,16887_C|T,16943_G|T,17410_C|T,18163_A|G,18492_A|G,18894_C|T,19716_C|T,19955_C|T,20055_A|G,21618_C|T,21622_C|T,21624_G|C,21627_C|A,21711_C|T,21738_T|C,21941_G|T,21987_G|A,22032_T|C,22033_C|A,22034_A|G,22200_T|G,22208_C|T,22295_C|A,22353_C|A,22556_A|G,22577_G|C,22578_G|A,22599_G|C,22629_A|C,22674_C|T,22679_T|C,22686_C|T,22688_A|G,22770_G|A,22775_G|A,22786_A|C,22813_G|T,22882_T|G,22895_G|C,22896_T|A,22898_G|A,22910_A|G,22916_C|T,22917_T|G,22926_T|C,22928_T|C,22942_T|A,22992_G|A,22995_C|A,23005_T|A,23012_G|A,23018_T|C,23019_T|C,23039_C|G,23055_A|G,23063_A|T,23075_T|C,23222_G|A,23271_C|T,23403_A|G,23423_C|T,23525_C|T,23599_T|G,23604_C|G,23854_C|A,23948_G|T,24090_A|G,24378_C|T,24424_A|T,24469_T|A,24872_G|T,24990_C|T,25000_C|T,25207_C|T,25584_C|T,26060_C|T,26270_C|T,26529_G|C,26577_C|G,26610_A|G,26681_C|T,26709_G|A,26833_C|T,26858_C|T,27259_A|C,27382_G|C,27383_A|T,27384_T|C,27807_C|T,27810_T|C,28271_A|T,28311_C|T,28881_G|A,28882_G|A,28883_G|C,28958_C|A,29510_A|C,11288_11296,21633_21641,21765_21770,21992_21994,22194_22196,23009_23011,28362_28370,29734_29759,21608_.|TCATGCCGCTGT
USA/NMDOH-2025009740/2025	XEQ	21_C|T,44_C|T,241_C|T,670_T|G,897_C|A,2790_C|T,3037_C|T,3431_G|T,3565_T|C,4184_G|A,4321_C|T,6183_A|G,6701_C|T,7842_A|G,7945_C|T,8293_C|T,8393_G|A,9344_C|T,9424_A|G,9534_C|T,10029_C|T,10198_C|T,10447_G|A,10449_C|A,11042_G|T,11727_G|A,12418_T|C,12789_C|T,12815_C|T,12880_C|T,13339_T|C,14408_C|T,15714_C|T,15756_T|A,16887_C|T,16943_G|T,17410_C|T,17844_A|G,18163_A|G,18492_A|G,18894_C|T,18946_C|T,19716_C|T,19955_C|T,20055_A|G,21618_C|T,21622_C|T,21624_G|C,21627_C|A,21711_C|T,21738_T|C,21941_G|T,21987_G|A,22032_T|C,22033_C|A,22034_A|G,22200_T|G,22208_C|T,22295_C|A,22353_C|A,22556_A|G,22577_G|C,22578_G|A,22599_G|C,22629_A|C,22674_C|T,22679_T|C,22686_C|T,22688_A|G,22770_G|A,22775_G|A,22786_A|C,22813_G|T,22882_T|G,22895_G|C,22896_T|A,22898_G|A,22910_A|G,22916_C|T,22917_T|G,22926_T|C,22928_T|C,22942_T|A,22992_G|A,22995_C|A,23005_T|A,23012_G|A,23018_T|C,23019_T|C,23039_C|G,23055_A|G,23063_A|T,23075_T|C,23222_G|A,23271_C|T,23403_A|G,23423_C|T,23525_C|T,23599_T|G,23604_C|G,23854_C|A,23948_G|T,24378_C|T,24424_A|T,24469_T|A,24872_G|T,24990_C|T,25000_C|T,25207_C|T,25584_C|T,26060_C|T,26270_C|T,26529_G|C,26577_C|G,26681_C|T,26709_G|A,26833_C|T,26858_C|T,27259_A|C,27382_G|C,27383_A|T,27384_T|C,27807_C|T,27810_T|C,28271_A|T,28311_C|T,28881_G|A,28882_G|A,28883_G|C,28958_C|A,29510_A|C,11288_11296,21633_21641,21765_21770,21992_21994,22194_22196,23009_23011,28362_28370,29734_29759,21607_.|GNNNNNNNNNNN
USA/NMDOH-2025010726/2025	XEQ	241_C|T,670_T|G,897_C|A,1684_C|T,2790_C|T,3037_C|T,3431_G|T,3565_T|C,4184_G|A,4321_C|T,6183_A|G,6701_C|T,7842_A|G,7945_C|T,8293_C|T,8393_G|A,9051_C|T,9344_C|T,9424_A|G,9534_C|T,10029_C|T,10198_C|T,10447_G|A,10449_C|A,11042_G|T,11727_G|A,12418_T|C,12789_C|T,12815_C|T,12880_C|T,13339_T|C,14408_C|T,15714_C|T,15756_T|A,16887_C|T,16943_G|T,17410_C|T,18163_A|G,18492_A|G,18894_C|T,19716_C|T,19955_C|T,20055_A|G,21618_C|T,21622_C|T,21624_G|C,21627_C|A,21711_C|T,21738_T|C,21941_G|T,21987_G|A,22032_T|C,22033_C|A,22034_A|G,22200_T|G,22208_C|T,22295_C|A,22353_C|A,22556_A|G,22577_G|C,22578_G|A,22599_G|C,22629_A|C,22674_C|T,22679_T|C,22686_C|T,22688_A|G,22770_G|A,22775_G|A,22786_A|C,22813_G|T,22882_T|G,22895_G|C,22896_T|A,22898_G|A,22910_A|G,22916_C|T,22917_T|G,22926_T|C,22928_T|C,22942_T|A,22992_G|A,22995_C|A,23005_T|A,23012_G|A,23018_T|C,23019_T|C,23039_C|G,23055_A|G,23063_A|T,23075_T|C,23222_G|A,23271_C|T,23403_A|G,23423_C|T,23525_C|T,23599_T|G,23604_C|G,23854_C|A,23948_G|T,24378_C|T,24424_A|T,24469_T|A,24872_G|T,24990_C|T,25000_C|T,25207_C|T,25584_C|T,26060_C|T,26270_C|T,26529_G|C,26577_C|G,26681_C|T,26709_G|A,26833_C|T,26858_C|T,27259_A|C,27382_G|C,27383_A|T,27384_T|C,27807_C|T,27810_T|C,28271_A|T,28311_C|T,28603_C|T,28881_G|A,28882_G|A,28883_G|C,28958_C|A,29510_A|C,11288_11296,21633_21641,21765_21770,21992_21994,22194_22196,23009_23011,28362_28370,29734_29759,21607_.|GNNNNNNNNNNN
USA/NMDOH-2025011797/2025	XEQ	241_C|T,670_T|G,897_C|A,1684_C|T,2790_C|T,3037_C|T,3431_G|T,3565_T|C,4184_G|A,4321_C|T,6183_A|G,6701_C|T,7842_A|G,7945_C|T,8293_C|T,8393_G|A,9344_C|T,9424_A|G,9534_C|T,10029_C|T,10198_C|T,10447_G|A,10449_C|A,11042_G|T,11727_G|A,12418_T|C,12789_C|T,12815_C|T,12880_C|T,13339_T|C,14408_C|T,15714_C|T,15756_T|A,16887_C|T,16943_G|T,17410_C|T,18163_A|G,18492_A|G,18894_C|T,19716_C|T,19955_C|T,20055_A|G,21618_C|T,21622_C|T,21624_G|C,21627_C|A,21711_C|T,21738_T|C,21941_G|T,21987_G|A,22032_T|C,22033_C|A,22034_A|G,22200_T|G,22208_C|T,22295_C|A,22353_C|A,22556_A|G,22577_G|C,22578_G|A,22599_G|C,22629_A|C,22674_C|T,22679_T|C,22686_C|T,22688_A|G,22770_G|A,22775_G|A,22786_A|C,22813_G|T,22882_T|G,22895_G|C,22896_T|A,22898_G|A,22910_A|G,22916_C|T,22917_T|G,22926_T|C,22928_T|C,22942_T|A,22992_G|A,22995_C|A,23005_T|A,23012_G|A,23018_T|C,23019_T|C,23039_C|G,23055_A|G,23063_A|T,23075_T|C,23222_G|A,23271_C|T,23403_A|G,23423_C|T,23525_C|T,23599_T|G,23604_C|G,23854_C|A,23948_G|T,24378_C|T,24424_A|T,24469_T|A,24872_G|T,24990_C|T,25000_C|T,25207_C|T,25584_C|T,26060_C|T,26270_C|T,26529_G|C,26577_C|G,26681_C|T,26709_G|A,26833_C|T,26858_C|T,27259_A|C,27382_G|C,27383_A|T,27384_T|C,27807_C|T,27810_T|C,28271_A|T,28311_C|T,28603_C|T,28881_G|A,28882_G|A,28883_G|C,28958_C|A,29510_A|C,11288_11296,21633_21641,21765_21770,21992_21994,22194_22196,23009_23011,28362_28370,29734_29759,21607_.|GNNNNNNNNNNN
USA/NMDOH-2025013200/2025	XEQ	241_C|T,670_T|G,897_C|A,1684_C|T,2790_C|T,3037_C|T,3431_G|T,4184_G|A,4321_C|T,6183_A|G,6701_C|T,7842_A|G,7945_C|T,8293_C|T,8393_G|A,9344_C|T,9424_A|G,9534_C|T,10029_C|T,10198_C|T,10447_G|A,10449_C|A,11042_G|T,11727_G|A,12418_T|C,12789_C|T,12815_C|T,12880_C|T,13339_T|C,14408_C|T,15714_C|T,15756_T|A,16887_C|T,16943_G|T,17410_C|T,18163_A|G,18492_A|G,18894_C|T,19716_C|T,19955_C|T,20055_A|G,21618_C|T,21622_C|T,21624_G|C,21627_C|A,21711_C|T,21738_T|C,21941_G|T,21987_G|A,22032_T|C,22033_C|A,22034_A|G,22200_T|G,22208_C|T,22295_C|A,22353_C|A,22556_A|G,22577_G|C,22578_G|A,22599_G|C,22629_A|C,22674_C|T,22679_T|C,22686_C|T,22688_A|G,22770_G|A,22775_G|A,22786_A|C,22813_G|T,22882_T|G,22895_G|C,22896_T|A,22898_G|A,22910_A|G,22916_C|T,22917_T|G,22926_T|C,22928_T|C,22942_T|A,22992_G|A,22995_C|A,23005_T|A,23012_G|A,23018_T|C,23019_T|C,23039_C|G,23055_A|G,23063_A|T,23075_T|C,23222_G|A,23271_C|T,23403_A|G,23423_C|T,23525_C|T,23599_T|G,23604_C|G,23854_C|A,23948_G|T,24378_C|T,24424_A|T,24469_T|A,24872_G|T,24990_C|T,25000_C|T,25003_A|T,25207_C|T,25584_C|T,26060_C|T,26270_C|T,26529_G|C,26577_C|G,26681_C|T,26709_G|A,26833_C|T,26858_C|T,27259_A|C,27382_G|C,27383_A|T,27384_T|C,27807_C|T,27810_T|C,28271_A|T,28311_C|T,28603_C|T,28881_G|A,28882_G|A,28883_G|C,28958_C|A,29510_A|C,29700_A|G,11288_11296,21633_21641,21765_21770,21992_21994,22194_22196,23009_23011,28362_28370,29734_29759,21607_.|GNNNNNNNNNNN
USA/NMDOH-2025013211/2025	XEQ	241_C|T,670_T|G,897_C|A,1684_C|T,2790_C|T,3037_C|T,3431_G|T,3565_T|C,4184_G|A,4321_C|T,6183_A|G,6701_C|T,7842_A|G,7945_C|T,8293_C|T,8393_G|A,9344_C|T,9424_A|G,9534_C|T,10029_C|T,10125_C|T,10198_C|T,10447_G|A,10449_C|A,11042_G|T,11048_G|A,11727_G|A,12418_T|C,12789_C|T,12815_C|T,12880_C|T,13339_T|C,14408_C|T,15714_C|T,15756_T|A,16887_C|T,16943_G|T,17410_C|T,18163_A|G,18167_C|T,18492_A|G,18894_C|T,19716_C|T,19955_C|T,20055_A|G,21618_C|T,21622_C|T,21624_G|C,21627_C|A,21711_C|T,21738_T|C,21941_G|T,21987_G|A,22032_T|C,22033_C|A,22034_A|G,22200_T|G,22208_C|T,22295_C|A,22353_C|A,22556_A|G,22577_G|C,22578_G|A,22599_G|C,22629_A|C,22674_C|T,22679_T|C,22686_C|T,22688_A|G,22770_G|A,22775_G|A,22786_A|C,22813_G|T,22882_T|G,22895_G|C,22896_T|A,22898_G|A,22910_A|G,22916_C|T,22917_T|G,22926_T|C,22928_T|C,22942_T|A,22992_G|A,22995_C|A,23005_T|A,23012_G|A,23018_T|C,23019_T|C,23039_C|G,23055_A|G,23063_A|T,23075_T|C,23222_G|A,23271_C|T,23403_A|G,23423_C|T,23525_C|T,23599_T|G,23604_C|G,23854_C|A,23948_G|T,24378_C|T,24424_A|T,24469_T|A,24872_G|T,24990_C|T,25000_C|T,25207_C|T,25584_C|T,26060_C|T,26270_C|T,26529_G|C,26577_C|G,26681_C|T,26709_G|A,26833_C|T,26858_C|T,27259_A|C,27382_G|C,27383_A|T,27384_T|C,27807_C|T,27810_T|C,28271_A|T,28311_C|T,28603_C|T,28881_G|A,28882_G|A,28883_G|C,28958_C|A,29510_A|C,11288_11296,21633_21641,21765_21770,21992_21994,22194_22196,23009_23011,28362_28370,29734_29759,21607_.|GNNNNNNNNNNN
USA/NMDOH-2025014470/2025	XEQ	241_C|T,670_T|G,897_C|A,1684_C|T,2790_C|T,3037_C|T,3431_G|T,4184_G|A,4321_C|T,6183_A|G,6701_C|T,7842_A|G,7945_C|T,8293_C|T,8393_G|A,9344_C|T,9424_A|G,9534_C|T,10029_C|T,10125_C|T,10198_C|T,10447_G|A,10449_C|A,11042_G|T,11727_G|A,12418_T|C,12789_C|T,12815_C|T,12880_C|T,13339_T|C,14408_C|T,15714_C|T,15756_T|A,16887_C|T,16943_G|T,17410_C|T,18163_A|G,18167_C|T,18492_A|G,18894_C|T,19716_C|T,19955_C|T,20055_A|G,21618_C|T,21622_C|T,21624_G|C,21627_C|A,21711_C|T,21738_T|C,21941_G|T,21987_G|A,22032_T|C,22033_C|A,22034_A|G,22200_T|G,22208_C|T,22295_C|A,22353_C|A,22556_A|G,22577_G|C,22578_G|A,22599_G|C,22629_A|C,22674_C|T,22679_T|C,22686_C|T,22688_A|G,22770_G|A,22775_G|A,22786_A|C,22813_G|T,22882_T|G,22895_G|C,22896_T|A,22898_G|A,22910_A|G,22916_C|T,22917_T|G,22926_T|C,22928_T|C,22942_T|A,22992_G|A,22995_C|A,23005_T|A,23012_G|A,23018_T|C,23019_T|C,23039_C|G,23055_A|G,23063_A|T,23075_T|C,23222_G|A,23271_C|T,23403_A|G,23423_C|T,23525_C|T,23599_T|G,23604_C|G,23854_C|A,23948_G|T,24292_A|G,24378_C|T,24424_A|T,24469_T|A,24872_G|T,24990_C|T,25000_C|T,25207_C|T,25584_C|T,26060_C|T,26270_C|T,26529_G|C,26577_C|G,26681_C|T,26709_G|A,26833_C|T,26858_C|T,27259_A|C,27382_G|C,27383_A|T,27384_T|C,27527_C|T,27807_C|T,27810_T|C,28271_A|T,28311_C|T,28603_C|T,28881_G|A,28882_G|A,28883_G|C,28958_C|A,29510_A|C,509_523,11288_11296,21633_21641,21765_21770,21992_21994,22194_22196,23009_23011,28362_28370,29734_29759,21607_.|GNNNNNNNNNNN
USA/NY-CDC-LC1126355/2024	XEQ	241_C|T,670_T|G,897_C|A,2790_C|T,3037_C|T,3431_G|T,3565_T|C,4184_G|A,4321_C|T,6183_A|G,6701_C|T,7842_A|G,8293_C|T,8393_G|A,9344_C|T,9424_A|G,9534_C|T,10029_C|T,10198_C|T,10447_G|A,10449_C|A,11042_G|T,11727_G|A,12418_T|C,12789_C|T,12815_C|T,12880_C|T,13339_T|C,14408_C|T,15714_C|T,15756_T|A,16887_C|T,16943_G|T,17410_C|T,18163_A|G,18492_A|G,18894_C|T,19716_C|T,19955_C|T,20055_A|G,21618_C|T,21622_C|T,21624_G|C,21627_C|A,21711_C|T,21738_T|C,21941_G|T,21987_G|A,22032_T|C,22033_C|A,22034_A|G,22200_T|G,22208_C|T,22295_C|A,22323_C|T,22353_C|A,22599_G|C,22629_A|C,22674_C|T,22679_T|C,22686_C|T,22688_A|G,22770_G|A,22775_G|A,22786_A|C,22813_G|T,22882_T|G,22895_G|C,22896_T|A,22898_G|A,22910_A|G,22916_C|T,22917_T|G,22926_T|C,22928_T|C,22942_T|A,22992_G|A,22995_C|A,23005_T|A,23012_G|A,23018_T|C,23019_T|C,23039_C|G,23055_A|G,23063_A|T,23075_T|C,23185_C|T,23222_G|A,23271_C|T,23403_A|G,23423_C|T,23525_C|T,23599_T|G,23604_C|G,23854_C|A,23948_G|T,24378_C|T,24424_A|T,24469_T|A,24872_G|T,24990_C|T,25000_C|T,25207_C|T,25584_C|T,26060_C|T,26270_C|T,26529_G|C,26577_C|G,26610_A|G,26681_C|T,26709_G|A,26833_C|T,26858_C|T,27259_A|C,27382_G|C,27383_A|T,27384_T|C,27807_C|T,27810_T|C,28271_A|T,28311_C|T,28881_G|A,28882_G|A,28883_G|C,28958_C|A,29510_A|C,11288_11296,21633_21641,21765_21770,21992_21994,22194_22196,23009_23011,28362_28370,21608_.|TCATGCCGCTGT
USA/NY-CDC-LC1127075/2024	XEQ	241_C|T,670_T|G,897_C|A,2790_C|T,3037_C|T,3431_G|T,3565_T|C,4184_G|A,4321_C|T,6183_A|G,6701_C|T,7842_A|G,8293_C|T,8393_G|A,9344_C|T,9424_A|G,9534_C|T,10029_C|T,10198_C|T,10447_G|A,10449_C|A,10755_C|T,11042_G|T,11727_G|A,12334_A|T,12418_T|C,12789_C|T,12815_C|T,12853_C|T,12880_C|T,13339_T|C,14408_C|T,15714_C|T,15756_T|A,16887_C|T,16943_G|T,17410_C|T,18163_A|G,18492_A|G,18894_C|T,19716_C|T,19955_C|T,20055_A|G,21618_C|T,21622_C|T,21624_G|C,21627_C|A,21711_C|T,21738_T|C,21941_G|T,21987_G|A,22032_T|C,22033_C|A,22034_A|G,22200_T|G,22208_C|T,22295_C|A,22353_C|A,22556_A|G,22577_G|C,22578_G|A,22599_G|C,22629_A|C,22674_C|T,22679_T|C,22686_C|T,22688_A|G,22770_G|A,22775_G|A,22786_A|C,22813_G|T,22882_T|G,22895_G|C,22896_T|A,22898_G|A,22910_A|G,22916_C|T,22917_T|G,22926_T|C,22928_T|C,22942_T|A,22992_G|A,22995_C|A,23005_T|A,23012_G|A,23018_T|C,23019_T|C,23039_C|G,23055_A|G,23063_A|T,23075_T|C,23222_G|A,23271_C|T,23403_A|G,23423_C|T,23525_C|T,23599_T|G,23604_C|G,23854_C|A,23948_G|T,24378_C|T,24424_A|T,24469_T|A,24872_G|T,24990_C|T,25000_C|T,25207_C|T,25584_C|T,26060_C|T,26270_C|T,26529_G|C,26577_C|G,26610_A|G,26681_C|T,26709_G|A,26833_C|T,26858_C|T,27259_A|C,27382_G|C,27383_A|T,27384_T|C,27807_C|T,27810_T|C,28271_A|T,28311_C|T,28881_G|A,28882_G|A,28883_G|C,28958_C|A,29510_A|C,11288_11296,21633_21641,21765_21770,21992_21994,22194_22196,23009_23011,28362_28370,29734_29759,21608_.|TCATGCCGCTGT
USA/NY-CDC-LC1127121/2024	XEQ	241_C|T,670_T|G,897_C|A,2790_C|T,3037_C|T,3431_G|T,3565_T|C,4184_G|A,4321_C|T,6183_A|G,6701_C|T,7842_A|G,8293_C|T,8393_G|A,9344_C|T,9424_A|G,9534_C|T,10029_C|T,10198_C|T,10447_G|A,10449_C|A,11042_G|T,11727_G|A,12418_T|C,12789_C|T,12815_C|T,12880_C|T,13339_T|C,14408_C|T,15714_C|T,15756_T|A,16887_C|T,16943_G|T,17410_C|T,18163_A|G,18492_A|G,18894_C|T,19716_C|T,19955_C|T,20055_A|G,21618_C|T,21622_C|T,21624_G|C,21627_C|A,21711_C|T,21738_T|C,21941_G|T,21987_G|A,22032_T|C,22033_C|A,22034_A|G,22200_T|G,22208_C|T,22295_C|A,22353_C|A,22556_A|G,22577_G|C,22578_G|A,22599_G|C,22629_A|C,22674_C|T,22679_T|C,22686_C|T,22688_A|G,22770_G|A,22775_G|A,22786_A|C,22813_G|T,22882_T|G,22895_G|C,22896_T|A,22898_G|A,22910_A|G,22916_C|T,22917_T|G,22926_T|C,22928_T|C,22942_T|A,22992_G|A,22995_C|A,23005_T|A,23012_G|A,23018_T|C,23019_T|C,23039_C|G,23055_A|G,23063_A|T,23075_T|C,23222_G|A,23271_C|T,23403_A|G,23423_C|T,23525_C|T,23599_T|G,23604_C|G,23854_C|A,23948_G|T,24378_C|T,24424_A|T,24469_T|A,24872_G|T,24990_C|T,25000_C|T,25207_C|T,25584_C|T,26060_C|T,26270_C|T,26529_G|C,26577_C|G,26610_A|G,26681_C|T,26709_G|A,26833_C|T,26858_C|T,27259_A|C,27382_G|C,27383_A|T,27384_T|C,27807_C|T,27810_T|C,28271_A|T,28311_C|T,28881_G|A,28882_G|A,28883_G|C,28958_C|A,29510_A|C,11288_11296,21633_21641,21765_21770,21992_21994,22194_22196,23009_23011,28362_28370,29734_29759,21608_.|TCATGCCGCTGT
USA/NY-CDC-LC1127904/2024	XEQ	241_C|T,670_T|G,897_C|A,2790_C|T,3037_C|T,3431_G|T,3565_T|C,4184_G|A,4321_C|T,6183_A|G,6701_C|T,7842_A|G,8293_C|T,8393_G|A,9344_C|T,9424_A|G,9534_C|T,10029_C|T,10198_C|T,10447_G|A,10449_C|A,11042_G|T,11727_G|A,12418_T|C,12789_C|T,12815_C|T,12880_C|T,13339_T|C,14408_C|T,15714_C|T,15756_T|A,16376_C|T,16887_C|T,16943_G|T,17410_C|T,18163_A|G,18492_A|G,18894_C|T,19716_C|T,19955_C|T,20055_A|G,21618_C|T,21622_C|T,21624_G|C,21627_C|A,21711_C|T,21738_T|C,21941_G|T,21987_G|A,22032_T|C,22033_C|A,22034_A|G,22200_T|G,22208_C|T,22295_C|A,22353_C|A,22556_A|G,22577_G|C,22578_G|A,22599_G|C,22629_A|C,22674_C|T,22679_T|C,22686_C|T,22688_A|G,22770_G|A,22775_G|A,22786_A|C,22813_G|T,22882_T|G,22895_G|C,22896_T|A,22898_G|A,22910_A|G,22916_C|T,22917_T|G,22926_T|C,22928_T|C,22942_T|A,22992_G|A,22995_C|A,23005_T|A,23012_G|A,23018_T|C,23019_T|C,23039_C|G,23055_A|G,23063_A|T,23075_T|C,23222_G|A,23271_C|T,23403_A|G,23423_C|T,23525_C|T,23599_T|G,23604_C|G,23854_C|A,23948_G|T,24378_C|T,24424_A|T,24469_T|A,24872_G|T,24990_C|T,25000_C|T,25207_C|T,25584_C|T,26060_C|T,26270_C|T,26529_G|C,26577_C|G,26610_A|G,26681_C|T,26709_G|A,26833_C|T,26858_C|T,27259_A|C,27382_G|C,27383_A|T,27384_T|C,27610_C|T,27807_C|T,27810_T|C,28271_A|T,28311_C|T,28881_G|A,28882_G|A,28883_G|C,28958_C|A,29510_A|C,11288_11296,21633_21641,21765_21770,21992_21994,22194_22196,23009_23011,28362_28370,29734_29759,21608_.|TCATGCCGCTGT
USA/NY-PRL-250108_81B05/2024	XEQ	241_C|T,670_T|G,897_C|A,2790_C|T,3037_C|T,3431_G|T,3565_T|C,4184_G|A,4321_C|T,5570_A|G,6183_A|G,6701_C|T,7842_A|G,8293_C|T,8393_G|A,9344_C|T,9424_A|G,9534_C|T,10029_C|T,10198_C|T,10447_G|A,10449_C|A,11042_G|T,11727_G|A,12418_T|C,12789_C|T,12815_C|T,12880_C|T,13339_T|C,14408_C|T,15714_C|T,15756_T|A,16887_C|T,16943_G|T,17410_C|T,18163_A|G,18492_A|G,18894_C|T,19716_C|T,19955_C|T,20055_A|G,21618_C|T,21622_C|T,21624_G|C,21627_C|A,21711_C|T,21738_T|C,21773_T|C,21941_G|T,21987_G|A,22032_T|C,22033_C|A,22034_A|G,22200_T|G,22208_C|T,22295_C|A,22353_C|A,22556_A|G,22577_G|C,22578_G|A,22599_G|C,22629_A|C,22674_C|T,22679_T|C,22686_C|T,22688_A|G,22770_G|A,22775_G|A,22786_A|C,22813_G|T,22882_T|G,22895_G|C,22896_T|A,22898_G|A,22910_A|G,22916_C|T,22917_T|G,22926_T|C,22928_T|C,22942_T|A,22992_G|A,22995_C|A,23005_T|A,23012_G|A,23018_T|C,23019_T|C,23039_C|G,23055_A|G,23063_A|T,23075_T|C,23222_G|A,23271_C|T,23403_A|G,23423_C|T,23525_C|T,23599_T|G,23604_C|G,23854_C|A,23917_C|T,23948_G|T,24378_C|T,24424_A|T,24469_T|A,24872_G|T,24990_C|T,25000_C|T,25207_C|T,25584_C|T,26060_C|T,26270_C|T,26398_G|A,26529_G|C,26577_C|G,26610_A|G,26681_C|T,26709_G|A,26833_C|T,26858_C|T,27259_A|C,27382_G|C,27383_A|T,27384_T|C,27807_C|T,27810_T|C,28271_A|T,28311_C|T,28881_G|A,28882_G|A,28883_G|C,28958_C|A,29510_A|C,11288_11296,21633_21641,21765_21770,21992_21994,22194_22196,23009_23011,28362_28370,29734_29759
USA/NY-PRL-250211_82G12/2025	XEQ	241_C|T,670_T|G,897_C|A,2790_C|T,3037_C|T,3431_G|T,3565_T|C,4184_G|A,4321_C|T,6183_A|G,6701_C|T,7842_A|G,7945_C|T,8293_C|T,8393_G|A,9344_C|T,9424_A|G,9534_C|T,10029_C|T,10198_C|T,10447_G|A,10449_C|A,11042_G|T,11727_G|A,12418_T|C,12789_C|T,12815_C|T,12880_C|T,13339_T|C,14408_C|T,15714_C|T,15756_T|A,16887_C|T,16943_G|T,17410_C|T,18163_A|G,18492_A|G,18894_C|T,19716_C|T,19955_C|T,20055_A|G,21618_C|T,21622_C|T,21624_G|C,21627_C|A,21711_C|T,21738_T|C,21941_G|T,21987_G|A,22032_T|C,22033_C|A,22034_A|G,22200_T|G,22208_C|T,22295_C|A,22353_C|A,22556_A|G,22577_G|C,22578_G|A,22599_G|C,22629_A|C,22674_C|T,22679_T|C,22686_C|T,22688_A|G,22770_G|A,22775_G|A,22786_A|C,22813_G|T,22882_T|G,22895_G|C,22896_T|A,22898_G|A,22910_A|G,22916_C|T,22917_T|G,22926_T|C,22928_T|C,22942_T|A,22992_G|A,22995_C|A,23005_T|A,23012_G|A,23018_T|C,23019_T|C,23039_C|G,23055_A|G,23063_A|T,23075_T|C,23222_G|A,23271_C|T,23403_A|G,23423_C|T,23525_C|T,23599_T|G,23604_C|G,23854_C|A,23948_G|T,24378_C|T,24424_A|T,24469_T|A,24872_G|T,24990_C|T,25000_C|T,25207_C|T,25584_C|T,26060_C|T,26270_C|T,26529_G|C,26577_C|G,26610_A|G,26681_C|T,26709_G|A,26833_C|T,26858_C|T,27259_A|C,27382_G|C,27383_A|T,27384_T|C,27807_C|T,27810_T|C,28271_A|T,28311_C|T,28881_G|A,28882_G|A,28883_G|C,28958_C|A,29510_A|C,11288_11296,21633_21641,21765_21770,21992_21994,22194_22196,23009_23011,28362_28370,29734_29759
USA/OK-CDC-2-8448938/2025	XEQ	241_C|T,670_T|G,897_C|A,2790_C|T,3037_C|T,3431_G|T,3565_T|C,4184_G|A,4321_C|T,6183_A|G,6701_C|T,7842_A|G,7945_C|T,8293_C|T,8393_G|A,9344_C|T,9424_A|G,9534_C|T,10029_C|T,10198_C|T,10447_G|A,10449_C|A,11042_G|T,11083_G|T,11727_G|A,12418_T|C,12513_C|T,12789_C|T,12815_C|T,12880_C|T,13339_T|C,14408_C|T,15714_C|T,15756_T|A,16887_C|T,16943_G|T,17410_C|T,18163_A|G,18492_A|G,18894_C|T,19716_C|T,19955_C|T,20055_A|G,21618_C|T,21622_C|T,21624_G|C,21627_C|A,21711_C|T,21738_T|C,21941_G|T,21987_G|A,22032_T|C,22033_C|A,22034_A|G,22115_A|G,22200_T|G,22208_C|T,22295_C|A,22353_C|A,22556_A|G,22577_G|C,22578_G|A,22599_G|C,22629_A|C,22674_C|T,22679_T|C,22686_C|T,22688_A|G,22770_G|A,22775_G|A,22786_A|C,22813_G|T,22882_T|G,22895_G|C,22896_T|A,22898_G|A,22910_A|G,22916_C|T,22917_T|G,22926_T|C,22928_T|C,22942_T|A,22992_G|A,22995_C|A,23005_T|A,23012_G|A,23018_T|C,23019_T|C,23039_C|G,23055_A|G,23063_A|T,23075_T|C,23222_G|A,23271_C|T,23403_A|G,23423_C|T,23525_C|T,23599_T|G,23604_C|G,23854_C|A,23948_G|T,24378_C|T,24424_A|T,24469_T|A,24872_G|T,24990_C|T,25000_C|T,25207_C|T,25584_C|T,26060_C|T,26270_C|T,26529_G|C,26577_C|G,26610_A|G,26681_C|T,26709_G|A,26833_C|T,26858_C|T,27259_A|C,27382_G|C,27383_A|T,27384_T|C,27807_C|T,27810_T|C,28271_A|T,28311_C|T,28881_G|A,28882_G|A,28883_G|C,28958_C|A,29510_A|C,11288_11296,21633_21641,21765_21770,21992_21994,22194_22196,23009_23011,28362_28370,21608_.|TCATGCCGCTGT
USA/PA-CDC-LC1127005/2024	XEQ	241_C|T,670_T|G,897_C|A,2197_C|T,2790_C|T,2910_C|T,3037_C|T,3431_G|T,3565_T|C,4184_G|A,4321_C|T,6183_A|G,6701_C|T,7842_A|G,8293_C|T,8393_G|A,9344_C|T,9424_A|G,9534_C|T,10029_C|T,10198_C|T,10447_G|A,10449_C|A,11042_G|T,11727_G|A,12418_T|C,12789_C|T,12815_C|T,12880_C|T,13339_T|C,14408_C|T,15714_C|T,15756_T|A,16887_C|T,16943_G|T,17410_C|T,17436_C|T,18163_A|G,18492_A|G,18894_C|T,19716_C|T,19955_C|T,20055_A|G,21618_C|T,21622_C|T,21624_G|C,21627_C|A,21711_C|T,21738_T|C,21941_G|T,21987_G|A,22032_T|C,22033_C|A,22034_A|G,22200_T|G,22208_C|T,22295_C|A,22353_C|A,22556_A|G,22577_G|C,22578_G|A,22599_G|C,22629_A|C,22674_C|T,22679_T|C,22686_C|T,22688_A|G,22770_G|A,22775_G|A,22786_A|C,22813_G|T,22882_T|G,22895_G|C,22896_T|A,22898_G|A,22910_A|G,22916_C|T,22917_T|G,22926_T|C,22928_T|C,22942_T|A,22992_G|A,22995_C|A,23005_T|A,23012_G|A,23018_T|C,23019_T|C,23039_C|G,23055_A|G,23063_A|T,23075_T|C,23222_G|A,23271_C|T,23403_A|G,23423_C|T,23525_C|T,23599_T|G,23604_C|G,23854_C|A,23948_G|T,24378_C|T,24424_A|T,24469_T|A,24872_G|T,24990_C|T,25000_C|T,25207_C|T,25584_C|T,26060_C|T,26270_C|T,26529_G|C,26577_C|G,26610_A|G,26681_C|T,26709_G|A,26833_C|T,26858_C|T,27259_A|C,27382_G|C,27383_A|T,27384_T|C,27807_C|T,27810_T|C,28271_A|T,28311_C|T,28881_G|A,28882_G|A,28883_G|C,28958_C|A,29510_A|C,11288_11296,21633_21641,21765_21770,21992_21994,22194_22196,23009_23011,28362_28370,29734_29759,21608_.|TCATGCCGCTGT
USA/PA-CDC-LC1127633/2025	XEQ	241_C|T,670_T|G,897_C|A,2790_C|T,3037_C|T,3267_C|T,3431_G|T,3565_T|C,4184_G|A,4321_C|T,4999_C|T,6183_A|G,6701_C|T,7842_A|G,8293_C|T,8393_G|A,9344_C|T,9424_A|G,9534_C|T,10029_C|T,10198_C|T,10447_G|A,10449_C|A,11042_G|T,11727_G|A,12244_T|C,12418_T|C,12789_C|T,12815_C|T,12880_C|T,13339_T|C,14408_C|T,15714_C|T,15756_T|A,16887_C|T,16943_G|T,17410_C|T,18163_A|G,18492_A|G,18894_C|T,19185_C|T,19716_C|T,19955_C|T,20055_A|G,21618_C|T,21622_C|T,21624_G|C,21627_C|A,21711_C|T,21738_T|C,21941_G|T,21987_G|A,22032_T|C,22033_C|A,22034_A|G,22200_T|G,22208_C|T,22295_C|A,22353_C|A,22556_A|G,22577_G|C,22578_G|A,22599_G|C,22629_A|C,22674_C|T,22679_T|C,22686_C|T,22688_A|G,22770_G|A,22775_G|A,22786_A|C,22813_G|T,22882_T|G,22895_G|C,22896_T|A,22898_G|A,22910_A|G,22916_C|T,22917_T|G,22926_T|C,22928_T|C,22942_T|A,22992_G|A,22995_C|A,23005_T|A,23012_G|A,23018_T|C,23019_T|C,23039_C|G,23055_A|G,23063_A|T,23075_T|C,23222_G|A,23271_C|T,23403_A|G,23423_C|T,23525_C|T,23599_T|G,23604_C|G,23854_C|A,23948_G|T,24378_C|T,24424_A|T,24469_T|A,24872_G|T,24990_C|T,25000_C|T,25207_C|T,25584_C|T,26060_C|T,26270_C|T,26529_G|C,26577_C|G,26610_A|G,26681_C|T,26709_G|A,26833_C|T,26858_C|T,27259_A|C,27382_G|C,27383_A|T,27384_T|C,27807_C|T,27810_T|C,28271_A|T,28311_C|T,28881_G|A,28882_G|A,28883_G|C,28958_C|A,29510_A|C,11288_11296,21633_21641,21765_21770,21992_21994,22194_22196,23009_23011,28362_28370,29734_29759,21608_.|TCATGCCGCTGT
USA/PA-CDC-LC1129898/2025	XEQ	241_C|T,670_T|G,897_C|A,2790_C|T,3037_C|T,3267_C|T,3431_G|T,3565_T|C,4184_G|A,4321_C|T,4999_C|T,6183_A|G,6317_C|T,6701_C|T,7842_A|G,8293_C|T,8393_G|A,9344_C|T,9424_A|G,9534_C|T,10029_C|T,10198_C|T,10447_G|A,10449_C|A,11042_G|T,11727_G|A,12244_T|C,12418_T|C,12789_C|T,12815_C|T,12880_C|T,13339_T|C,14408_C|T,15714_C|T,15756_T|A,16887_C|T,16943_G|T,17410_C|T,18163_A|G,18492_A|G,18894_C|T,19185_C|T,19716_C|T,19955_C|T,20055_A|G,21618_C|T,21622_C|T,21624_G|C,21627_C|A,21711_C|T,21738_T|C,21941_G|T,21987_G|A,22032_T|C,22033_C|A,22034_A|G,22200_T|G,22208_C|T,22295_C|A,22353_C|A,22556_A|G,22577_G|C,22578_G|A,22599_G|C,22629_A|C,22674_C|T,22679_T|C,22686_C|T,22688_A|G,22770_G|A,22775_G|A,22786_A|C,22813_G|T,22882_T|G,22895_G|C,22896_T|A,22898_G|A,22910_A|G,22916_C|T,22917_T|G,22926_T|C,22928_T|C,22942_T|A,22992_G|A,22995_C|A,23005_T|A,23012_G|A,23018_T|C,23019_T|C,23039_C|G,23055_A|G,23063_A|T,23075_T|C,23222_G|A,23271_C|T,23403_A|G,23423_C|T,23525_C|T,23599_T|G,23604_C|G,23854_C|A,23948_G|T,24378_C|T,24424_A|T,24469_T|A,24872_G|T,24990_C|T,25000_C|T,25207_C|T,25584_C|T,26060_C|T,26270_C|T,26529_G|C,26577_C|G,26610_A|G,26681_C|T,26709_G|A,26833_C|T,26858_C|T,27259_A|C,27382_G|C,27383_A|T,27384_T|C,27807_C|T,27810_T|C,28271_A|T,28311_C|T,28881_G|A,28882_G|A,28883_G|C,28958_C|A,29510_A|C,11288_11296,21633_21641,21765_21770,21992_21994,22194_22196,23009_23011,28362_28370,29734_29759,21608_.|TCATGCCGCTGT
USA/PA-CDC-LC1132676/2025	XEQ	241_C|T,670_T|G,897_C|A,2790_C|T,3037_C|T,3431_G|T,3565_T|C,4184_G|A,4321_C|T,6183_A|G,6701_C|T,7842_A|G,7945_C|T,8293_C|T,8393_G|A,9344_C|T,9424_A|G,9534_C|T,10029_C|T,10198_C|T,10447_G|A,10449_C|A,11042_G|T,11727_G|A,12418_T|C,12789_C|T,12815_C|T,12880_C|T,13339_T|C,14408_C|T,15714_C|T,15756_T|A,16887_C|T,16943_G|T,17410_C|T,18163_A|G,18492_A|G,18647_C|T,18894_C|T,19716_C|T,19955_C|T,20055_A|G,21618_C|T,21622_C|T,21624_G|C,21627_C|A,21711_C|T,21738_T|C,21941_G|T,21987_G|A,22032_T|C,22033_C|A,22034_A|G,22200_T|G,22208_C|T,22295_C|A,22353_C|A,22556_A|G,22577_G|C,22578_G|A,22599_G|C,22629_A|C,22674_C|T,22679_T|C,22686_C|T,22688_A|G,22770_G|A,22775_G|A,22786_A|C,22813_G|T,22882_T|G,22895_G|C,22896_T|A,22898_G|A,22910_A|G,22916_C|T,22917_T|G,22926_T|C,22928_T|C,22942_T|A,22992_G|A,22995_C|A,23005_T|A,23012_G|A,23018_T|C,23019_T|C,23039_C|G,23055_A|G,23063_A|T,23075_T|C,23222_G|A,23271_C|T,23403_A|G,23423_C|T,23525_C|T,23599_T|G,23604_C|G,23854_C|A,23948_G|T,24378_C|T,24424_A|T,24469_T|A,24872_G|T,24990_C|T,25000_C|T,25207_C|T,25584_C|T,26060_C|T,26270_C|T,26529_G|C,26577_C|G,26610_A|G,26681_C|T,26709_G|A,26833_C|T,26858_C|T,27259_A|C,27382_G|C,27383_A|T,27384_T|C,27807_C|T,27810_T|C,28271_A|T,28311_C|T,28881_G|A,28882_G|A,28883_G|C,28958_C|A,29510_A|C,11288_11296,21633_21641,21765_21770,21992_21994,22194_22196,23009_23011,28362_28370,29734_29759,21608_.|TCATGCCGCTGT
USA/PA-CDC-LC1133175/2025	XEQ	241_C|T,670_T|G,897_C|A,1912_C|T,2790_C|T,3037_C|T,3431_G|T,3565_T|C,4184_G|A,4321_C|T,6183_A|G,6701_C|T,7528_C|T,7842_A|G,8293_C|T,8393_G|A,9344_C|T,9424_A|G,9534_C|T,10029_C|T,10198_C|T,10447_G|A,10449_C|A,11042_G|T,11727_G|A,12418_T|C,12789_C|T,12815_C|T,12880_C|T,13339_T|C,14408_C|T,15714_C|T,15756_T|A,16376_C|T,16887_C|T,16943_G|T,17410_C|T,18163_A|G,18492_A|G,18894_C|T,19716_C|T,19955_C|T,20055_A|G,21618_C|T,21622_C|T,21624_G|C,21627_C|A,21711_C|T,21738_T|C,21941_G|T,21987_G|A,22032_T|C,22033_C|A,22034_A|G,22200_T|G,22208_C|T,22295_C|A,22353_C|A,22556_A|G,22577_G|C,22578_G|A,22599_G|C,22629_A|C,22674_C|T,22679_T|C,22686_C|T,22688_A|G,22770_G|A,22775_G|A,22786_A|C,22813_G|T,22882_T|G,22895_G|C,22896_T|A,22898_G|A,22910_A|G,22916_C|T,22917_T|G,22926_T|C,22928_T|C,22942_T|A,22992_G|A,22995_C|A,23005_T|A,23012_G|A,23018_T|C,23019_T|C,23039_C|G,23055_A|G,23063_A|T,23075_T|C,23222_G|A,23271_C|T,23403_A|G,23423_C|T,23525_C|T,23599_T|G,23604_C|G,23854_C|A,23948_G|T,24378_C|T,24424_A|T,24469_T|A,24872_G|T,24990_C|T,25000_C|T,25207_C|T,25584_C|T,26060_C|T,26270_C|T,26529_G|C,26577_C|G,26610_A|G,26681_C|T,26709_G|A,26833_C|T,26858_C|T,27259_A|C,27382_G|C,27383_A|T,27384_T|C,27807_C|T,27810_T|C,28271_A|T,28311_C|T,28377_C|T,28881_G|A,28882_G|A,28883_G|C,28958_C|A,29510_A|C,11288_11296,21633_21641,21765_21770,21992_21994,22194_22196,23009_23011,28362_28370,29734_29759,21608_.|TCATGCCGCTGT
USA/PA-CDC-LC1134157/2025	XEQ	241_C|T,670_T|G,897_C|A,2197_C|T,2790_C|T,2910_C|T,3037_C|T,3431_G|T,3565_T|C,4184_G|A,4321_C|T,6183_A|G,6701_C|T,7842_A|G,8293_C|T,8393_G|A,9344_C|T,9424_A|G,9534_C|T,10029_C|T,10198_C|T,10447_G|A,10449_C|A,11042_G|T,11727_G|A,12418_T|C,12789_C|T,12815_C|T,12880_C|T,13339_T|C,14408_C|T,15714_C|T,15756_T|A,16887_C|T,16943_G|T,17410_C|T,17436_C|T,18163_A|G,18492_A|G,18894_C|T,19716_C|T,19955_C|T,20055_A|G,21618_C|T,21622_C|T,21624_G|C,21627_C|A,21711_C|T,21738_T|C,21941_G|T,21987_G|A,22032_T|C,22033_C|A,22034_A|G,22200_T|G,22208_C|T,22295_C|A,22353_C|A,22556_A|G,22577_G|C,22578_G|A,22599_G|C,22629_A|C,22674_C|T,22679_T|C,22686_C|T,22688_A|G,22770_G|A,22775_G|A,22786_A|C,22813_G|T,22882_T|G,22895_G|C,22896_T|A,22898_G|A,22910_A|G,22916_C|T,22917_T|G,22926_T|C,22928_T|C,22942_T|A,22992_G|A,22995_C|A,23005_T|A,23012_G|A,23018_T|C,23019_T|C,23039_C|G,23055_A|G,23063_A|T,23075_T|C,23222_G|A,23271_C|T,23403_A|G,23423_C|T,23525_C|T,23599_T|G,23604_C|G,23854_C|A,23948_G|T,24378_C|T,24424_A|T,24469_T|A,24872_G|T,24990_C|T,25000_C|T,25207_C|T,25584_C|T,26060_C|T,26270_C|T,26529_G|C,26577_C|G,26610_A|G,26681_C|T,26709_G|A,26833_C|T,26858_C|T,27259_A|C,27382_G|C,27383_A|T,27384_T|C,27807_C|T,27810_T|C,28271_A|T,28311_C|T,28881_G|A,28882_G|A,28883_G|C,28958_C|A,29510_A|C,11288_11296,21633_21641,21765_21770,21992_21994,22194_22196,23009_23011,28362_28370,29734_29759,21608_.|TCATGCCGCTGT
USA/PA-CDC-LC1134379/2025	XEQ	241_C|T,670_T|G,897_C|A,2790_C|T,3037_C|T,3431_G|T,3565_T|C,4184_G|A,4321_C|T,6183_A|G,7842_A|G,8293_C|T,8393_G|A,9344_C|T,9424_A|G,9534_C|T,9814_T|C,10029_C|T,10198_C|T,10447_G|A,10449_C|A,11042_G|T,11124_C|T,11572_C|T,11727_G|A,12418_T|C,12596_C|T,12789_C|T,12815_C|T,12880_C|T,13339_T|C,14408_C|T,15714_C|T,15756_T|A,16887_C|T,16943_G|T,17410_C|T,18163_A|G,18375_T|C,18492_A|G,18744_C|T,18894_C|T,19716_C|T,19955_C|T,20055_A|G,21618_C|T,21622_C|T,21624_G|C,21627_C|A,21711_C|T,21738_T|C,21941_G|T,21987_G|A,22032_T|C,22033_C|A,22034_A|G,22200_T|G,22208_C|T,22295_C|A,22353_C|A,22498_C|T,22556_A|G,22577_G|C,22578_G|A,22599_G|C,22629_A|C,22674_C|T,22679_T|C,22684_T|C,22686_C|T,22688_A|G,22770_G|A,22775_G|A,22786_A|C,22813_G|T,22882_T|G,22895_G|C,22896_T|A,22898_G|A,22910_A|G,22916_C|T,22917_T|G,22926_T|C,22928_T|C,22942_T|A,22992_G|A,22995_C|A,23005_T|A,23012_G|A,23018_T|C,23019_T|C,23039_C|G,23055_A|G,23063_A|T,23075_T|C,23222_G|A,23271_C|T,23403_A|G,23423_C|T,23525_C|T,23599_T|G,23604_C|G,23854_C|A,23948_G|T,24378_C|T,24424_A|T,24469_T|A,24872_G|T,24990_C|T,25000_C|T,25207_C|T,25584_C|T,26060_C|T,26270_C|T,26529_G|C,26577_C|G,26610_A|G,26681_C|T,26709_G|A,26833_C|T,26858_C|T,27259_A|C,27382_G|C,27383_A|T,27384_T|C,27807_C|T,27810_T|C,28271_A|T,28311_C|T,28881_G|A,28882_G|A,28883_G|C,28958_C|A,29510_A|C,11288_11296,21633_21641,21765_21770,21992_21994,22194_22196,23009_23011,28362_28370,29734_29759,21608_.|TCATGCCGCTGT
USA/RI-CDC-2-8399050/2024	XEQ	241_C|T,511_T|C,670_T|G,897_C|A,2790_C|T,3037_C|T,3431_G|T,3565_T|C,4184_G|A,4321_C|T,6183_A|G,6701_C|T,7842_A|G,8293_C|T,8393_G|A,9344_C|T,9424_A|G,9534_C|T,10029_C|T,10198_C|T,10447_G|A,10449_C|A,11042_G|T,11727_G|A,12418_T|C,12789_C|T,12815_C|T,12880_C|T,13339_T|C,14408_C|T,15714_C|T,15756_T|A,16887_C|T,16943_G|T,17410_C|T,18163_A|G,18492_A|G,18894_C|T,19716_C|T,19955_C|T,20055_A|G,21618_C|T,21622_C|T,21624_G|C,21627_C|A,21711_C|T,21738_T|C,21941_G|T,21987_G|A,22032_T|C,22033_C|A,22034_A|G,22200_T|G,22208_C|T,22295_C|A,22353_C|A,22556_A|G,22577_G|C,22578_G|A,22599_G|C,22629_A|C,22674_C|T,22679_T|C,22686_C|T,22688_A|G,22770_G|A,22775_G|A,22786_A|C,22813_G|T,22882_T|G,22895_G|C,22896_T|A,22898_G|A,22910_A|G,22916_C|T,22917_T|G,22926_T|C,22928_T|C,22942_T|A,22992_G|A,22995_C|A,23005_T|A,23012_G|A,23018_T|C,23019_T|C,23039_C|G,23055_A|G,23063_A|T,23075_T|C,23222_G|A,23271_C|T,23403_A|G,23423_C|T,23525_C|T,23599_T|G,23604_C|G,23854_C|A,23948_G|T,24378_C|T,24424_A|T,24469_T|A,24872_G|T,24990_C|T,25000_C|T,25207_C|T,25584_C|T,25922_G|T,26060_C|T,26270_C|T,26529_G|C,26577_C|G,26610_A|G,26681_C|T,26709_G|A,26833_C|T,26858_C|T,27259_A|C,27382_G|C,27383_A|T,27384_T|C,27807_C|T,27810_T|C,28271_A|T,28311_C|T,28881_G|A,28882_G|A,28883_G|C,28958_C|A,29510_A|C,11288_11296,21633_21641,21765_21770,21992_21994,22194_22196,23009_23011,28362_28370,29734_29759,21608_.|TCATGCCGCTGT
USA/RISHL24COV02075/2024	XEQ	241_C|T,670_T|G,897_C|A,2790_C|T,3037_C|T,3431_G|T,3565_T|C,4184_G|A,4321_C|T,6183_A|G,6701_C|T,7842_A|G,8293_C|T,8393_G|A,9344_C|T,9424_A|G,9534_C|T,10029_C|T,10198_C|T,10447_G|A,10449_C|A,11042_G|T,11727_G|A,12418_T|C,12789_C|T,12815_C|T,12880_C|T,13339_T|C,14408_C|T,15714_C|T,15756_T|A,16887_C|T,16943_G|T,17410_C|T,18163_A|G,18492_A|G,18894_C|T,19716_C|T,19955_C|T,20055_A|G,21618_C|T,21622_C|T,21624_G|C,21627_C|A,21711_C|T,21738_T|C,21941_G|T,21987_G|A,22032_T|C,22033_C|A,22034_A|G,22200_T|G,22208_C|T,22295_C|A,22353_C|A,22556_A|G,22577_G|C,22578_G|A,22599_G|C,22629_A|C,22674_C|T,22679_T|C,22686_C|T,22688_A|G,22770_G|A,22775_G|A,22786_A|C,22813_G|T,22882_T|G,22895_G|C,22896_T|A,22898_G|A,22910_A|G,22916_C|T,22917_T|G,22926_T|C,22928_T|C,22942_T|A,22992_G|A,22995_C|A,23005_T|A,23012_G|A,23018_T|C,23019_T|C,23039_C|G,23055_A|G,23063_A|T,23075_T|C,23185_C|T,23222_G|A,23271_C|T,23403_A|G,23423_C|T,23525_C|T,23599_T|G,23604_C|G,23854_C|A,23948_G|T,24378_C|T,24424_A|T,24469_T|A,24872_G|T,24990_C|T,25000_C|T,25207_C|T,25584_C|T,26060_C|T,26270_C|T,26529_G|C,26577_C|G,26610_A|G,26681_C|T,26709_G|A,26833_C|T,26858_C|T,27259_A|C,27382_G|C,27383_A|T,27384_T|C,27807_C|T,27810_T|C,28271_A|T,28311_C|T,28881_G|A,28882_G|A,28883_G|C,28958_C|A,29510_A|C,11288_11296,21633_21641,21765_21770,21992_21994,22194_22196,23009_23011,28362_28370,29734_29759,21608_.|TCATGCCGCTGT
USA/SD-SDPHL-3891/2025	XEQ	241_C|T,670_T|G,897_C|A,1912_C|T,2790_C|T,3037_C|T,3431_G|T,3565_T|C,4184_G|A,4321_C|T,6183_A|G,6701_C|T,7528_C|T,7842_A|G,8293_C|T,8393_G|A,9344_C|T,9424_A|G,9534_C|T,10029_C|T,10198_C|T,10447_G|A,10449_C|A,11042_G|T,11727_G|A,12418_T|C,12789_C|T,12815_C|T,12880_C|T,13339_T|C,14408_C|T,15714_C|T,15756_T|A,16887_C|T,16943_G|T,17410_C|T,17550_C|T,18163_A|G,18492_A|G,18894_C|T,19716_C|T,19955_C|T,20055_A|G,21618_C|T,21622_C|T,21624_G|C,21627_C|A,21711_C|T,21738_T|C,21941_G|T,21987_G|A,22032_T|C,22033_C|A,22034_A|G,22200_T|G,22208_C|T,22295_C|A,22353_C|A,22556_A|G,22577_G|C,22578_G|A,22599_G|C,22629_A|C,22674_C|T,22679_T|C,22686_C|T,22688_A|G,22770_G|A,22775_G|A,22786_A|C,22813_G|T,22882_T|G,22895_G|C,22896_T|A,22898_G|A,22910_A|G,22916_C|T,22917_T|G,22926_T|C,22928_T|C,22942_T|A,22992_G|A,22995_C|A,23005_T|A,23012_G|A,23018_T|C,23019_T|C,23039_C|G,23055_A|G,23063_A|T,23075_T|C,23222_G|A,23271_C|T,23403_A|G,23423_C|T,23525_C|T,23599_T|G,23604_C|G,23854_C|A,23948_G|T,24378_C|T,24424_A|T,24469_T|A,24872_G|T,24990_C|T,25000_C|T,25207_C|T,25584_C|T,26060_C|T,26270_C|T,26529_G|C,26577_C|G,26610_A|G,26681_C|T,26709_G|A,26833_C|T,26858_C|T,27259_A|C,27382_G|C,27383_A|T,27384_T|C,27807_C|T,27810_T|C,28271_A|T,28311_C|T,28881_G|A,28882_G|A,28883_G|C,28958_C|A,29510_A|C,29783_G|T,11288_11296,21633_21641,21765_21770,21992_21994,22194_22196,23009_23011,28362_28370,29734_29759,21608_.|TCATGCCGCTGT
USA/SD-SDPHL-3945/2025	XEQ	241_C|T,670_T|G,897_C|A,2790_C|T,3037_C|T,3431_G|T,3565_T|C,4184_G|A,4321_C|T,6183_A|G,6701_C|T,7842_A|G,8293_C|T,8393_G|A,9344_C|T,9424_A|G,9534_C|T,9814_T|C,10029_C|T,10198_C|T,10447_G|A,10449_C|A,11042_G|T,11124_C|T,11727_G|A,12418_T|C,12789_C|T,12815_C|T,12880_C|T,13339_T|C,14408_C|T,15714_C|T,15756_T|A,16887_C|T,16943_G|T,17410_C|T,18163_A|G,18375_T|C,18492_A|G,18894_C|T,19716_C|T,19955_C|T,20055_A|G,21618_C|T,21622_C|T,21624_G|C,21627_C|A,21711_C|T,21738_T|C,21941_G|T,21987_G|A,22032_T|C,22033_C|A,22034_A|G,22200_T|G,22208_C|T,22295_C|A,22353_C|A,22556_A|G,22577_G|C,22578_G|A,22599_G|C,22629_A|C,22674_C|T,22679_T|C,22684_T|C,22686_C|T,22688_A|G,22770_G|A,22775_G|A,22786_A|C,22813_G|T,22882_T|G,22895_G|C,22896_T|A,22898_G|A,22910_A|G,22916_C|T,22917_T|G,22926_T|C,22928_T|C,22942_T|A,22992_G|A,22995_C|A,23005_T|A,23012_G|A,23018_T|C,23019_T|C,23039_C|G,23055_A|G,23063_A|T,23075_T|C,23222_G|A,23271_C|T,23403_A|G,23423_C|T,23525_C|T,23599_T|G,23604_C|G,23854_C|A,23948_G|T,24378_C|T,24424_A|T,24469_T|A,24872_G|T,24990_C|T,25000_C|T,25207_C|T,25584_C|T,26060_C|T,26270_C|T,26529_G|C,26577_C|G,26610_A|G,26681_C|T,26709_G|A,26833_C|T,26858_C|T,27259_A|C,27382_G|C,27383_A|T,27384_T|C,27807_C|T,27810_T|C,28271_A|T,28311_C|T,28881_G|A,28882_G|A,28883_G|C,28958_C|A,29510_A|C,11288_11296,21633_21641,21765_21770,21992_21994,22194_22196,23009_23011,28362_28370,29734_29759,21608_.|TCATGCCGCTGT
USA/SD-SDPHL-3949/2025	XEQ	241_C|T,670_T|G,897_C|A,2790_C|T,3037_C|T,3431_G|T,3565_T|C,4184_G|A,4321_C|T,6183_A|G,6701_C|T,7842_A|G,8293_C|T,8393_G|A,9344_C|T,9424_A|G,9534_C|T,9814_T|C,10029_C|T,10198_C|T,10447_G|A,10449_C|A,11042_G|T,11124_C|T,11727_G|A,12418_T|C,12789_C|T,12815_C|T,12880_C|T,13339_T|C,14408_C|T,15714_C|T,15756_T|A,16887_C|T,16943_G|T,17410_C|T,18163_A|G,18375_T|C,18492_A|G,18894_C|T,19716_C|T,19851_G|A,19955_C|T,20055_A|G,21618_C|T,21622_C|T,21624_G|C,21627_C|A,21711_C|T,21738_T|C,21941_G|T,21987_G|A,22032_T|C,22033_C|A,22034_A|G,22200_T|G,22208_C|T,22295_C|A,22353_C|A,22556_A|G,22577_G|C,22578_G|A,22599_G|C,22629_A|C,22674_C|T,22679_T|C,22684_T|C,22686_C|T,22688_A|G,22770_G|A,22775_G|A,22786_A|C,22813_G|T,22882_T|G,22895_G|C,22896_T|A,22898_G|A,22910_A|G,22916_C|T,22917_T|G,22926_T|C,22928_T|C,22942_T|A,22992_G|A,22995_C|A,23005_T|A,23012_G|A,23018_T|C,23019_T|C,23039_C|G,23055_A|G,23063_A|T,23075_T|C,23222_G|A,23271_C|T,23403_A|G,23423_C|T,23525_C|T,23599_T|G,23604_C|G,23854_C|A,23948_G|T,24378_C|T,24424_A|T,24469_T|A,24872_G|T,24990_C|T,25000_C|T,25207_C|T,25584_C|T,26060_C|T,26270_C|T,26529_G|C,26577_C|G,26610_A|G,26681_C|T,26709_G|A,26833_C|T,26858_C|T,27259_A|C,27382_G|C,27383_A|T,27384_T|C,27807_C|T,27810_T|C,28271_A|T,28311_C|T,28881_G|A,28882_G|A,28883_G|C,28958_C|A,29510_A|C,29614_C|T,11288_11296,21633_21641,21765_21770,21992_21994,22194_22196,23009_23011,28362_28370,29734_29759,21607_.|GNNNNNNNNNNN
USA/SD-SDPHL-3968/2025	XEQ	241_C|T,670_T|G,897_C|A,1348_C|T,2790_C|T,3037_C|T,3431_G|T,3565_T|C,4184_G|A,4321_C|T,6183_A|G,6701_C|T,7842_A|G,8293_C|T,8393_G|A,9344_C|T,9424_A|G,9534_C|T,9814_T|C,10029_C|T,10198_C|T,10447_G|A,10449_C|A,11042_G|T,11124_C|T,11727_G|A,12418_T|C,12789_C|T,12815_C|T,12880_C|T,13339_T|C,14408_C|T,15714_C|T,15756_T|A,16887_C|T,16943_G|T,17410_C|T,18032_C|T,18163_A|G,18375_T|C,18492_A|G,18894_C|T,19716_C|T,19955_C|T,20055_A|G,21618_C|T,21622_C|T,21624_G|C,21627_C|A,21711_C|T,21738_T|C,21941_G|T,21987_G|A,22032_T|C,22033_C|A,22034_A|G,22200_T|G,22208_C|T,22295_C|A,22353_C|A,22556_A|G,22577_G|C,22578_G|A,22599_G|C,22629_A|C,22674_C|T,22679_T|C,22684_T|C,22686_C|T,22688_A|G,22770_G|A,22775_G|A,22786_A|C,22813_G|T,22882_T|G,22895_G|C,22896_T|A,22898_G|A,22910_A|G,22916_C|T,22917_T|G,22926_T|C,22928_T|C,22942_T|A,22992_G|A,22995_C|A,23005_T|A,23012_G|A,23018_T|C,23019_T|C,23039_C|G,23055_A|G,23063_A|T,23075_T|C,23222_G|A,23271_C|T,23403_A|G,23423_C|T,23525_C|T,23599_T|G,23604_C|G,23854_C|A,23948_G|T,24378_C|T,24424_A|T,24469_T|A,24872_G|T,24990_C|T,25000_C|T,25207_C|T,25584_C|T,26060_C|T,26270_C|T,26529_G|C,26577_C|G,26610_A|G,26681_C|T,26709_G|A,26833_C|T,26858_C|T,27259_A|C,27382_G|C,27383_A|T,27384_T|C,27807_C|T,27810_T|C,28271_A|T,28311_C|T,28881_G|A,28882_G|A,28883_G|C,28958_C|A,29510_A|C,11288_11296,21633_21641,21765_21770,21992_21994,22194_22196,23009_23011,28362_28370,29734_29759,21608_.|TCATGCCGCTGT
USA/TN-CDC-LC1127059/2024	XEQ	241_C|T,670_T|G,897_C|A,2790_C|T,3037_C|T,3431_G|T,3565_T|C,4184_G|A,4321_C|T,6183_A|G,6701_C|T,7842_A|G,8293_C|T,8393_G|A,9344_C|T,9424_A|G,9534_C|T,10029_C|T,10198_C|T,10447_G|A,10449_C|A,11042_G|T,11727_G|A,12418_T|C,12789_C|T,12815_C|T,12880_C|T,13339_T|C,14408_C|T,15714_C|T,15756_T|A,16887_C|T,16943_G|T,17410_C|T,18163_A|G,18492_A|G,18894_C|T,19716_C|T,19955_C|T,20055_A|G,21618_C|T,21622_C|T,21624_G|C,21627_C|A,21711_C|T,21738_T|C,21941_G|T,21987_G|A,22032_T|C,22033_C|A,22034_A|G,22200_T|G,22208_C|T,22295_C|A,22353_C|A,22556_A|G,22577_G|C,22578_G|A,22599_G|C,22629_A|C,22674_C|T,22679_T|C,22686_C|T,22688_A|G,22770_G|A,22775_G|A,22786_A|C,22813_G|T,22882_T|G,22895_G|C,22896_T|A,22898_G|A,22910_A|G,22916_C|T,22917_T|G,22926_T|C,22928_T|C,22942_T|A,22992_G|A,22995_C|A,23005_T|A,23012_G|A,23018_T|C,23019_T|C,23039_C|G,23055_A|G,23063_A|T,23075_T|C,23222_G|A,23271_C|T,23403_A|G,23423_C|T,23525_C|T,23599_T|G,23604_C|G,23854_C|A,23948_G|T,24378_C|T,24424_A|T,24469_T|A,24872_G|T,24990_C|T,25000_C|T,25163_C|A,25207_C|T,25584_C|T,25704_T|C,26060_C|T,26270_C|T,26529_G|C,26577_C|G,26610_A|G,26681_C|T,26709_G|A,26833_C|T,26858_C|T,27259_A|C,27382_G|C,27383_A|T,27384_T|C,27807_C|T,27810_T|C,28271_A|T,28311_C|T,28473_C|T,28881_G|A,28882_G|A,28883_G|C,28958_C|A,29510_A|C,11288_11296,21633_21641,21765_21770,21992_21994,22194_22196,23009_23011,28362_28370,29734_29759,21608_.|TCATGCCGCTGT
USA/TN-CDC-LC1136382/2025	XEQ	241_C|T,670_T|G,897_C|A,1348_C|T,1860_C|T,2790_C|T,3037_C|T,3431_G|T,3565_T|C,4184_G|A,4321_C|T,4891_C|T,6183_A|G,7842_A|G,8293_C|T,8393_G|A,9344_C|T,9424_A|G,9534_C|T,10029_C|T,10198_C|T,10447_G|A,10449_C|A,11042_G|T,11727_G|A,12418_T|C,12789_C|T,12815_C|T,12880_C|T,13339_T|C,14408_C|T,15714_C|T,15756_T|A,15960_C|T,16887_C|T,16943_G|T,17410_C|T,18163_A|G,18492_A|G,18894_C|T,19955_C|T,20055_A|G,21618_C|T,21622_C|T,21624_G|C,21627_C|A,21711_C|T,21738_T|C,21941_G|T,21987_G|A,22032_T|C,22033_C|A,22034_A|G,22200_T|G,22208_C|T,22295_C|A,22353_C|A,22556_A|G,22577_G|C,22578_G|A,22599_G|C,22629_A|C,22674_C|T,22679_T|C,22686_C|T,22688_A|G,22770_G|A,22775_G|A,22786_A|C,22813_G|T,22882_T|G,22895_G|C,22896_T|A,22898_G|A,22910_A|G,22916_C|T,22917_T|G,22926_T|C,22928_T|C,22942_T|A,22992_G|A,22995_C|A,23005_T|A,23012_G|A,23018_T|C,23019_T|C,23039_C|G,23055_A|G,23063_A|T,23075_T|C,23222_G|A,23271_C|T,23403_A|G,23423_C|T,23525_C|T,23599_T|G,23604_C|G,23854_C|A,23948_G|T,24378_C|T,24424_A|T,24469_T|A,24872_G|T,24990_C|T,25000_C|T,25019_G|C,25207_C|T,25584_C|T,26060_C|T,26270_C|T,26529_G|C,26577_C|G,26610_A|G,26681_C|T,26709_G|A,26833_C|T,26858_C|T,27259_A|C,27382_G|C,27383_A|T,27384_T|C,27807_C|T,27810_T|C,28271_A|T,28311_C|T,28881_G|A,28882_G|A,28883_G|C,28958_C|A,29510_A|C,11288_11296,21633_21641,21765_21770,21992_21994,22194_22196,23009_23011,28362_28370,29734_29759,21608_.|TCATGCCGCTGT
USA/TX-USAFSAM-S23369/2025	XEQ	241_C|T,670_T|G,897_C|A,2790_C|T,3037_C|T,3431_G|T,3565_T|C,4184_G|A,4321_C|T,5239_C|T,6183_A|G,6701_C|T,7842_A|G,8293_C|T,8393_G|A,9344_C|T,9424_A|G,9534_C|T,10029_C|T,10198_C|T,10447_G|A,10449_C|A,11042_G|T,11727_G|A,12418_T|C,12789_C|T,12815_C|T,12880_C|T,13339_T|C,14408_C|T,15714_C|T,15720_C|T,15756_T|A,16887_C|T,16943_G|T,17410_C|T,18163_A|G,18492_A|G,18894_C|T,19716_C|T,19955_C|T,20055_A|G,21618_C|T,21622_C|T,21624_G|C,21627_C|A,21711_C|T,21738_T|C,21941_G|T,21987_G|A,22032_T|C,22033_C|A,22034_A|G,22200_T|G,22208_C|T,22295_C|A,22353_C|A,22556_A|G,22577_G|C,22578_G|A,22599_G|C,22629_A|C,22674_C|T,22679_T|C,22686_C|T,22688_A|G,22770_G|A,22775_G|A,22786_A|C,22813_G|T,22882_T|G,22895_G|C,22896_T|A,22898_G|A,22910_A|G,22916_C|T,22917_T|G,22926_T|C,22928_T|C,22942_T|A,22992_G|A,22995_C|A,23005_T|A,23012_G|A,23018_T|C,23019_T|C,23039_C|G,23055_A|G,23063_A|T,23075_T|C,23222_G|A,23271_C|T,23403_A|G,23423_C|T,23525_C|T,23599_T|G,23604_C|G,23854_C|A,23948_G|T,24378_C|T,24424_A|T,24469_T|A,24872_G|T,24990_C|T,25000_C|T,25207_C|T,25584_C|T,26060_C|T,26270_C|T,26529_G|C,26577_C|G,26610_A|G,26681_C|T,26709_G|A,26833_C|T,26858_C|T,27259_A|C,27382_G|C,27383_A|T,27384_T|C,27807_C|T,27810_T|C,28271_A|T,28311_C|T,28881_G|A,28882_G|A,28883_G|C,28958_C|A,29510_A|C,11288_11296,21633_21641,21765_21770,21992_21994,22194_22196,23009_23011,28362_28370,29734_29759
USA/TX-USAFSAM-S23413/2024	XEQ	241_C|T,670_T|G,897_C|A,2790_C|T,3037_C|T,3431_G|T,3565_T|C,4184_G|A,4321_C|T,6183_A|G,6701_C|T,7842_A|G,8293_C|T,8393_G|A,9344_C|T,9424_A|G,9534_C|T,10029_C|T,10198_C|T,10447_G|A,10449_C|A,11042_G|T,11727_G|A,12418_T|C,12789_C|T,12815_C|T,12880_C|T,13339_T|C,14408_C|T,15714_C|T,15720_C|T,15756_T|A,16887_C|T,16943_G|T,17410_C|T,18163_A|G,18492_A|G,18894_C|T,19716_C|T,19955_C|T,20055_A|G,21618_C|T,21622_C|T,21624_G|C,21627_C|A,21711_C|T,21738_T|C,21941_G|T,21987_G|A,22032_T|C,22033_C|A,22034_A|G,22200_T|G,22208_C|T,22295_C|A,22353_C|A,22556_A|G,22577_G|C,22578_G|A,22599_G|C,22629_A|C,22674_C|T,22679_T|C,22686_C|T,22688_A|G,22770_G|A,22775_G|A,22786_A|C,22813_G|T,22882_T|G,22895_G|C,22896_T|A,22898_G|A,22910_A|G,22916_C|T,22917_T|G,22926_T|C,22928_T|C,22942_T|A,22992_G|A,22995_C|A,23005_T|A,23012_G|A,23018_T|C,23019_T|C,23039_C|G,23055_A|G,23063_A|T,23075_T|C,23222_G|A,23271_C|T,23403_A|G,23423_C|T,23525_C|T,23599_T|G,23604_C|G,23854_C|A,23948_G|T,24378_C|T,24424_A|T,24469_T|A,24872_G|T,24990_C|T,25000_C|T,25207_C|T,25584_C|T,26060_C|T,26270_C|T,26529_G|C,26577_C|G,26610_A|G,26681_C|T,26709_G|A,26833_C|T,26858_C|T,27259_A|C,27382_G|C,27383_A|T,27384_T|C,27807_C|T,27810_T|C,28271_A|T,28311_C|T,28881_G|A,28882_G|A,28883_G|C,28958_C|A,29510_A|C,11288_11296,21633_21641,21765_21770,21992_21994,22194_22196,23009_23011,28362_28370,29734_29759
USA/TX-USAFSAM-S23427/2024	XEQ	241_C|T,670_T|G,897_C|A,2790_C|T,3037_C|T,3431_G|T,3565_T|C,4184_G|A,4321_C|T,6183_A|G,6701_C|T,7842_A|G,8293_C|T,8393_G|A,9344_C|T,9424_A|G,9534_C|T,10029_C|T,10198_C|T,10447_G|A,10449_C|A,11042_G|T,11727_G|A,12418_T|C,12789_C|T,12815_C|T,12880_C|T,13339_T|C,14408_C|T,15714_C|T,15720_C|T,15756_T|A,16887_C|T,16943_G|T,17410_C|T,18163_A|G,18492_A|G,18894_C|T,19716_C|T,19955_C|T,20055_A|G,21618_C|T,21622_C|T,21624_G|C,21627_C|A,21711_C|T,21738_T|C,21941_G|T,21987_G|A,22032_T|C,22033_C|A,22034_A|G,22200_T|G,22208_C|T,22295_C|A,22353_C|A,22556_A|G,22577_G|C,22578_G|A,22599_G|C,22629_A|C,22674_C|T,22679_T|C,22686_C|T,22688_A|G,22770_G|A,22775_G|A,22786_A|C,22813_G|T,22882_T|G,22895_G|C,22896_T|A,22898_G|A,22910_A|G,22916_C|T,22917_T|G,22926_T|C,22928_T|C,22942_T|A,22992_G|A,22995_C|A,23005_T|A,23012_G|A,23018_T|C,23019_T|C,23039_C|G,23055_A|G,23063_A|T,23075_T|C,23222_G|A,23271_C|T,23403_A|G,23423_C|T,23525_C|T,23599_T|G,23604_C|G,23854_C|A,23948_G|T,24378_C|T,24424_A|T,24469_T|A,24872_G|T,24990_C|T,25000_C|T,25207_C|T,25584_C|T,26060_C|T,26270_C|T,26529_G|C,26577_C|G,26610_A|G,26681_C|T,26709_G|A,26833_C|T,26858_C|T,27259_A|C,27382_G|C,27383_A|T,27384_T|C,27807_C|T,27810_T|C,28271_A|T,28311_C|T,28693_T|C,28881_G|A,28882_G|A,28883_G|C,28958_C|A,29510_A|C,11288_11296,21633_21641,21765_21770,21992_21994,22194_22196,23009_23011,28362_28370,29734_29759
USA/TX-USAFSAM-S23459/2025	XEQ	241_C|T,670_T|G,897_C|A,2790_C|T,3037_C|T,3431_G|T,3565_T|C,4184_G|A,4321_C|T,5239_C|T,6183_A|G,6701_C|T,6894_G|A,7842_A|G,8293_C|T,8393_G|A,9344_C|T,9424_A|G,9534_C|T,10029_C|T,10198_C|T,10447_G|A,10449_C|A,11042_G|T,11727_G|A,12418_T|C,12789_C|T,12815_C|T,12880_C|T,13339_T|C,14408_C|T,15714_C|T,15756_T|A,16887_C|T,16943_G|T,17410_C|T,18163_A|G,18492_A|G,18894_C|T,19716_C|T,19955_C|T,20055_A|G,21618_C|T,21622_C|T,21624_G|C,21627_C|A,21711_C|T,21738_T|C,21941_G|T,21987_G|A,22032_T|C,22033_C|A,22034_A|G,22200_T|G,22208_C|T,22295_C|A,22353_C|A,22556_A|G,22577_G|C,22578_G|A,22599_G|C,22629_A|C,22674_C|T,22679_T|C,22686_C|T,22688_A|G,22770_G|A,22775_G|A,22786_A|C,22813_G|T,22882_T|G,22895_G|C,22896_T|A,22898_G|A,22910_A|G,22916_C|T,22917_T|G,22926_T|C,22928_T|C,22942_T|A,22992_G|A,22995_C|A,23005_T|A,23012_G|A,23018_T|C,23019_T|C,23039_C|G,23055_A|G,23063_A|T,23075_T|C,23222_G|A,23271_C|T,23403_A|G,23423_C|T,23525_C|T,23599_T|G,23604_C|G,23854_C|A,23948_G|T,24378_C|T,24424_A|T,24469_T|A,24872_G|T,24937_C|T,24990_C|T,25000_C|T,25207_C|T,25584_C|T,26060_C|T,26270_C|T,26529_G|C,26577_C|G,26610_A|G,26681_C|T,26709_G|A,26833_C|T,26858_C|T,27259_A|C,27382_G|C,27383_A|T,27384_T|C,27807_C|T,27810_T|C,28271_A|T,28311_C|T,28881_G|A,28882_G|A,28883_G|C,28958_C|A,29510_A|C,11288_11296,21633_21641,21765_21770,21992_21994,22194_22196,23009_23011,28362_28370,29734_29759
USA/TX-USAFSAM-S23461/2025	XEQ	241_C|T,670_T|G,897_C|A,2790_C|T,3037_C|T,3431_G|T,3565_T|C,3737_C|T,4184_G|A,4321_C|T,6183_A|G,6701_C|T,7842_A|G,8293_C|T,8393_G|A,9344_C|T,9424_A|G,9534_C|T,10029_C|T,10198_C|T,10447_G|A,10449_C|A,11042_G|T,11727_G|A,12418_T|C,12789_C|T,12815_C|T,12880_C|T,13339_T|C,14408_C|T,15714_C|T,15720_C|T,15756_T|A,16887_C|T,16943_G|T,17410_C|T,18163_A|G,18492_A|G,18894_C|T,19716_C|T,19955_C|T,20055_A|G,21618_C|T,21622_C|T,21624_G|C,21627_C|A,21711_C|T,21738_T|C,21941_G|T,21987_G|A,22032_T|C,22033_C|A,22034_A|G,22200_T|G,22208_C|T,22295_C|A,22353_C|A,22556_A|G,22577_G|C,22578_G|A,22599_G|C,22629_A|C,22674_C|T,22679_T|C,22686_C|T,22688_A|G,22770_G|A,22775_G|A,22786_A|C,22813_G|T,22882_T|G,22895_G|C,22896_T|A,22898_G|A,22910_A|G,22916_C|T,22917_T|G,22926_T|C,22928_T|C,22942_T|A,22992_G|A,22995_C|A,23005_T|A,23012_G|A,23018_T|C,23019_T|C,23039_C|G,23055_A|G,23063_A|T,23075_T|C,23222_G|A,23271_C|T,23403_A|G,23423_C|T,23525_C|T,23599_T|G,23604_C|G,23854_C|A,23948_G|T,24378_C|T,24424_A|T,24469_T|A,24872_G|T,24990_C|T,25000_C|T,25207_C|T,25584_C|T,26060_C|T,26270_C|T,26529_G|C,26577_C|G,26610_A|G,26681_C|T,26709_G|A,26833_C|T,26858_C|T,27259_A|C,27382_G|C,27383_A|T,27384_T|C,27807_C|T,27810_T|C,28271_A|T,28311_C|T,28881_G|A,28882_G|A,28883_G|C,28958_C|A,29510_A|C,11288_11296,21633_21641,21765_21770,21992_21994,22194_22196,23009_23011,28362_28370,29734_29759
USA/TX-USAFSAM-S23581/2025	XEQ	241_C|T,670_T|G,897_C|A,2790_C|T,3037_C|T,3431_G|T,3565_T|C,4184_G|A,4321_C|T,5497_C|T,6183_A|G,6701_C|T,6806_A|G,7842_A|G,8293_C|T,8393_G|A,9344_C|T,9424_A|G,9534_C|T,10029_C|T,10198_C|T,10447_G|A,10449_C|A,11042_G|T,11727_G|A,12418_T|C,12789_C|T,12815_C|T,12880_C|T,13339_T|C,13551_C|T,14408_C|T,15714_C|T,15756_T|A,16887_C|T,16943_G|T,17410_C|T,18163_A|G,18492_A|G,18894_C|T,19716_C|T,19955_C|T,20055_A|G,21618_C|T,21622_C|T,21624_G|C,21627_C|A,21711_C|T,21738_T|C,21941_G|T,21987_G|A,22032_T|C,22033_C|A,22034_A|G,22200_T|G,22208_C|T,22295_C|A,22353_C|A,22556_A|G,22577_G|C,22578_G|A,22599_G|C,22629_A|C,22674_C|T,22679_T|C,22686_C|T,22688_A|G,22770_G|A,22775_G|A,22786_A|C,22813_G|T,22882_T|G,22895_G|C,22896_T|A,22898_G|A,22910_A|G,22916_C|T,22917_T|G,22926_T|C,22928_T|C,22942_T|A,22992_G|A,22995_C|A,23005_T|A,23012_G|A,23018_T|C,23019_T|C,23039_C|G,23055_A|G,23063_A|T,23075_T|C,23222_G|A,23271_C|T,23403_A|G,23423_C|T,23525_C|T,23599_T|G,23604_C|G,23854_C|A,23948_G|T,24378_C|T,24424_A|T,24469_T|A,24872_G|T,24990_C|T,25000_C|T,25207_C|T,25465_C|T,25584_C|T,26060_C|T,26270_C|T,26529_G|C,26577_C|G,26610_A|G,26681_C|T,26709_G|A,26833_C|T,26858_C|T,27259_A|C,27382_G|C,27383_A|T,27384_T|C,27807_C|T,27810_T|C,28271_A|T,28311_C|T,28881_G|A,28882_G|A,28883_G|C,28958_C|A,29510_A|C,29546_C|T,11288_11296,21633_21641,21765_21770,21992_21994,22194_22196,23009_23011,28362_28370,29734_29759
USA/TX-USAFSAM-S23582/2025	XEQ	241_C|T,670_T|G,897_C|A,2790_C|T,3037_C|T,3431_G|T,3565_T|C,4184_G|A,4321_C|T,5497_C|T,6183_A|G,6701_C|T,6806_A|G,7842_A|G,8293_C|T,8393_G|A,9344_C|T,9424_A|G,9534_C|T,10029_C|T,10198_C|T,10447_G|A,10449_C|A,11042_G|T,11727_G|A,12418_T|C,12789_C|T,12815_C|T,12880_C|T,13339_T|C,13551_C|T,14408_C|T,15714_C|T,15720_C|T,15756_T|A,16887_C|T,16943_G|T,17410_C|T,18163_A|G,18492_A|G,18894_C|T,19716_C|T,19955_C|T,20055_A|G,21618_C|T,21622_C|T,21624_G|C,21627_C|A,21711_C|T,21738_T|C,21941_G|T,21987_G|A,22032_T|C,22033_C|A,22034_A|G,22200_T|G,22208_C|T,22295_C|A,22353_C|A,22556_A|G,22577_G|C,22578_G|A,22599_G|C,22629_A|C,22674_C|T,22679_T|C,22686_C|T,22688_A|G,22770_G|A,22775_G|A,22786_A|C,22813_G|T,22882_T|G,22895_G|C,22896_T|A,22898_G|A,22910_A|G,22916_C|T,22917_T|G,22926_T|C,22928_T|C,22942_T|A,22992_G|A,22995_C|A,23005_T|A,23012_G|A,23018_T|C,23019_T|C,23039_C|G,23055_A|G,23063_A|T,23075_T|C,23222_G|A,23271_C|T,23403_A|G,23423_C|T,23525_C|T,23599_T|G,23604_C|G,23854_C|A,23948_G|T,24378_C|T,24424_A|T,24469_T|A,24872_G|T,24990_C|T,25000_C|T,25207_C|T,25584_C|T,26060_C|T,26270_C|T,26529_G|C,26577_C|G,26610_A|G,26681_C|T,26709_G|A,26833_C|T,26858_C|T,27259_A|C,27382_G|C,27383_A|T,27384_T|C,27807_C|T,27810_T|C,28271_A|T,28311_C|T,28881_G|A,28882_G|A,28883_G|C,28958_C|A,29510_A|C,29546_C|T,11288_11296,21633_21641,21765_21770,21992_21994,22194_22196,23009_23011,28362_28370,29734_29759
USA/TX-USAFSAM-S23693/2025	XEQ	241_C|T,670_T|G,897_C|A,1191_C|A,2790_C|T,3037_C|T,3431_G|T,3565_T|C,4184_G|A,4321_C|T,6183_A|G,6701_C|T,7842_A|G,8293_C|T,8393_G|A,9344_C|T,9424_A|G,9534_C|T,10029_C|T,10198_C|T,10447_G|A,10449_C|A,11042_G|T,11727_G|A,12418_T|C,12789_C|T,12815_C|T,12880_C|T,13339_T|C,14408_C|T,15714_C|T,15756_T|A,16887_C|T,16943_G|T,17410_C|T,18163_A|G,18492_A|G,18894_C|T,19716_C|T,19955_C|T,20055_A|G,21618_C|T,21622_C|T,21624_G|C,21627_C|A,21711_C|T,21738_T|C,21941_G|T,21987_G|A,22032_T|C,22033_C|A,22034_A|G,22200_T|G,22208_C|T,22295_C|A,22353_C|A,22556_A|G,22577_G|C,22578_G|A,22599_G|C,22629_A|C,22674_C|T,22679_T|C,22686_C|T,22688_A|G,22770_G|A,22775_G|A,22786_A|C,22813_G|T,22882_T|G,22895_G|C,22896_T|A,22898_G|A,22910_A|G,22916_C|T,22917_T|G,22926_T|C,22928_T|C,22942_T|A,22992_G|A,22995_C|A,23005_T|A,23012_G|A,23018_T|C,23019_T|C,23039_C|G,23055_A|G,23063_A|T,23075_T|C,23222_G|A,23271_C|T,23403_A|G,23423_C|T,23525_C|T,23599_T|G,23604_C|G,23854_C|A,23948_G|T,24378_C|T,24424_A|T,24469_T|A,24872_G|T,24990_C|T,25000_C|T,25207_C|T,25584_C|T,26060_C|T,26270_C|T,26529_G|C,26577_C|G,26610_A|G,26681_C|T,26709_G|A,26833_C|T,26858_C|T,27259_A|C,27382_G|C,27383_A|T,27384_T|C,27807_C|T,27810_T|C,28271_A|T,28311_C|T,28881_G|A,28882_G|A,28883_G|C,28958_C|A,29510_A|C,11288_11296,21633_21641,21765_21770,21992_21994,22194_22196,23009_23011,28362_28370,29734_29759
USA/UT-UPHL-241206564197/2024	XEQ	241_C|T,670_T|G,897_C|A,2790_C|T,3037_C|T,3431_G|T,3565_T|C,4184_G|A,4321_C|T,6183_A|G,6701_C|T,7842_A|G,8293_C|T,8393_G|A,9344_C|T,9424_A|G,9534_C|T,10029_C|T,10198_C|T,10447_G|A,10449_C|A,11042_G|T,11727_G|A,12418_T|C,12789_C|T,12815_C|T,12880_C|T,13339_T|C,14408_C|T,15714_C|T,15756_T|A,16887_C|T,16943_G|T,17410_C|T,18163_A|G,18492_A|G,18894_C|T,19716_C|T,19955_C|T,20055_A|G,21618_C|T,21622_C|T,21624_G|C,21627_C|A,21711_C|T,21738_T|C,21941_G|T,21987_G|A,22032_T|C,22033_C|A,22034_A|G,22200_T|G,22208_C|T,22295_C|A,22353_C|A,22556_A|G,22577_G|C,22578_G|A,22599_G|C,22629_A|C,22674_C|T,22679_T|C,22686_C|T,22688_A|G,22770_G|A,22775_G|A,22786_A|C,22813_G|T,22882_T|G,22895_G|C,22896_T|A,22898_G|A,22910_A|G,22916_C|T,22917_T|G,22926_T|C,22928_T|C,22942_T|A,22992_G|A,22995_C|A,23005_T|A,23012_G|A,23018_T|C,23019_T|C,23039_C|G,23055_A|G,23063_A|T,23075_T|C,23222_G|A,23271_C|T,23403_A|G,23423_C|T,23525_C|T,23599_T|G,23604_C|G,23854_C|A,23948_G|T,24378_C|T,24424_A|T,24469_T|A,24872_G|T,24990_C|T,25000_C|T,25207_C|T,25584_C|T,26060_C|T,26270_C|T,26529_G|C,26577_C|G,26610_A|G,26681_C|T,26709_G|A,26833_C|T,26858_C|T,27259_A|C,27382_G|C,27383_A|T,27384_T|C,27511_T|C,27807_C|T,27810_T|C,28271_A|T,28311_C|T,28531_C|T,28881_G|A,28882_G|A,28883_G|C,28958_C|A,29510_A|C,11288_11296,21633_21641,21765_21770,21992_21994,22194_22196,23009_23011,28362_28370,29734_29759,21608_.|TCATGCCGCTGT
USA/UT-UPHL-241220928413/2024	XEQ	241_C|T,670_T|G,897_C|A,2790_C|T,3037_C|T,3431_G|T,3565_T|C,4184_G|A,4321_C|T,6183_A|G,6701_C|T,7820_T|C,7842_A|G,8293_C|T,8393_G|A,8509_A|G,9344_C|T,9424_A|G,9534_C|T,10029_C|T,10198_C|T,10447_G|A,10449_C|A,11042_G|T,11727_G|A,12418_T|C,12789_C|T,12815_C|T,12880_C|T,13339_T|C,14408_C|T,15714_C|T,15756_T|A,16887_C|T,16943_G|T,17410_C|T,18163_A|G,18492_A|G,18894_C|T,19716_C|T,19723_G|T,19955_C|T,20055_A|G,21618_C|T,21622_C|T,21624_G|C,21627_C|A,21711_C|T,21738_T|C,21941_G|T,21987_G|A,22032_T|C,22033_C|A,22034_A|G,22200_T|G,22208_C|T,22295_C|A,22353_C|A,22556_A|G,22577_G|C,22578_G|A,22599_G|C,22629_A|C,22674_C|T,22679_T|C,22686_C|T,22688_A|G,22770_G|A,22775_G|A,22786_A|C,22813_G|T,22882_T|G,22895_G|C,22896_T|A,22898_G|A,22910_A|G,22916_C|T,22917_T|G,22926_T|C,22928_T|C,22942_T|A,22992_G|A,22995_C|A,23005_T|A,23012_G|A,23018_T|C,23019_T|C,23039_C|G,23055_A|G,23063_A|T,23075_T|C,23222_G|A,23271_C|T,23403_A|G,23423_C|T,23525_C|T,23599_T|G,23604_C|G,23854_C|A,23948_G|T,24378_C|T,24424_A|T,24469_T|A,24872_G|T,24990_C|T,25000_C|T,25074_G|A,25207_C|T,25584_C|T,26060_C|T,26270_C|T,26529_G|C,26577_C|G,26610_A|G,26681_C|T,26709_G|A,26833_C|T,26858_C|T,27259_A|C,27382_G|C,27383_A|T,27384_T|C,27807_C|T,27810_T|C,28271_A|T,28311_C|T,28881_G|A,28882_G|A,28883_G|C,28958_C|A,29510_A|C,29692_G|T,11288_11296,21633_21641,21765_21770,21992_21994,22194_22196,23009_23011,28362_28370,29734_29759,21608_.|TCATGCCGCTGT
USA/UT-UPHL-250103147214/2024	XEQ	241_C|T,670_T|G,897_C|A,2790_C|T,3037_C|T,3431_G|T,3565_T|C,4184_G|A,4321_C|T,6183_A|G,6701_C|T,7351_T|G,7842_A|G,8293_C|T,8393_G|A,9344_C|T,9424_A|G,9534_C|T,10029_C|T,10198_C|T,10447_G|A,10449_C|A,11042_G|T,11727_G|A,12418_T|C,12789_C|T,12815_C|T,12880_C|T,13339_T|C,14408_C|T,15714_C|T,15756_T|A,16887_C|T,16943_G|T,17410_C|T,18163_A|G,18492_A|G,18894_C|T,19716_C|T,19955_C|T,20055_A|G,21618_C|T,21622_C|T,21624_G|C,21627_C|A,21711_C|T,21738_T|C,21941_G|T,21987_G|A,22032_T|C,22033_C|A,22034_A|G,22200_T|G,22208_C|T,22295_C|A,22353_C|A,22556_A|G,22577_G|C,22578_G|A,22599_G|C,22629_A|C,22674_C|T,22679_T|C,22686_C|T,22688_A|G,22770_G|A,22775_G|A,22786_A|C,22813_G|T,22882_T|G,22895_G|C,22896_T|A,22898_G|A,22910_A|G,22916_C|T,22917_T|G,22926_T|C,22928_T|C,22942_T|A,22992_G|A,22995_C|A,23005_T|A,23012_G|A,23018_T|C,23019_T|C,23039_C|G,23055_A|G,23063_A|T,23075_T|C,23222_G|A,23271_C|T,23403_A|G,23423_C|T,23525_C|T,23599_T|G,23604_C|G,23854_C|A,23948_G|T,24378_C|T,24424_A|T,24469_T|A,24872_G|T,24990_C|T,25000_C|T,25207_C|T,25584_C|T,26060_C|T,26270_C|T,26529_G|C,26577_C|G,26610_A|G,26681_C|T,26709_G|A,26833_C|T,26858_C|T,27259_A|C,27382_G|C,27383_A|T,27384_T|C,27807_C|T,27810_T|C,28271_A|T,28311_C|T,28531_C|T,28881_G|A,28882_G|A,28883_G|C,28958_C|A,29510_A|C,11288_11296,21633_21641,21765_21770,21992_21994,22194_22196,23009_23011,28362_28370,29734_29759,21608_.|TCATGCCGCTGT
USA/UT-UPHL-250103810238/2024	XEQ	241_C|T,670_T|G,897_C|A,2790_C|T,3037_C|T,3431_G|T,3565_T|C,4184_G|A,4321_C|T,6183_A|G,6701_C|T,7820_T|C,7842_A|G,8293_C|T,8393_G|A,8509_A|G,9344_C|T,9424_A|G,9534_C|T,10029_C|T,10198_C|T,10447_G|A,10449_C|A,11042_G|T,11727_G|A,12418_T|C,12789_C|T,12815_C|T,12880_C|T,13339_T|C,14408_C|T,15714_C|T,15720_C|T,15756_T|A,16887_C|T,16943_G|T,17410_C|T,18163_A|G,18492_A|G,18894_C|T,19716_C|T,19723_G|T,19955_C|T,20055_A|G,21618_C|T,21622_C|T,21624_G|C,21627_C|A,21711_C|T,21738_T|C,21941_G|T,21987_G|A,22032_T|C,22033_C|A,22034_A|G,22200_T|G,22208_C|T,22295_C|A,22353_C|A,22556_A|G,22577_G|C,22578_G|A,22599_G|C,22629_A|C,22674_C|T,22679_T|C,22686_C|T,22688_A|G,22770_G|A,22775_G|A,22786_A|C,22813_G|T,22882_T|G,22895_G|C,22896_T|A,22898_G|A,22910_A|G,22916_C|T,22917_T|G,22926_T|C,22928_T|C,22942_T|A,22992_G|A,22995_C|A,23005_T|A,23012_G|A,23018_T|C,23019_T|C,23039_C|G,23055_A|G,23063_A|T,23075_T|C,23222_G|A,23271_C|T,23403_A|G,23423_C|T,23525_C|T,23599_T|G,23604_C|G,23854_C|A,23948_G|T,24378_C|T,24424_A|T,24469_T|A,24872_G|T,24990_C|T,25000_C|T,25074_G|A,25207_C|T,25584_C|T,26060_C|T,26270_C|T,26529_G|C,26577_C|G,26610_A|G,26681_C|T,26709_G|A,26833_C|T,26858_C|T,27259_A|C,27382_G|C,27383_A|T,27384_T|C,27807_C|T,27810_T|C,28271_A|T,28311_C|T,28881_G|A,28882_G|A,28883_G|C,28958_C|A,29510_A|C,29692_G|T,11288_11296,21633_21641,21765_21770,21992_21994,22194_22196,23009_23011,28362_28370,29734_29759,21608_.|TCATGCCGCTGT
USA/UT-UPHL-250103856956/2024	XEQ	241_C|T,670_T|G,897_C|A,2790_C|T,3037_C|T,3431_G|T,3565_T|C,4184_G|A,4321_C|T,6183_A|G,6701_C|T,7820_T|C,7842_A|G,8293_C|T,8393_G|A,8509_A|G,9344_C|T,9424_A|G,9534_C|T,10029_C|T,10198_C|T,10447_G|A,10449_C|A,11042_G|T,11727_G|A,12418_T|C,12789_C|T,12815_C|T,12880_C|T,13339_T|C,14408_C|T,15714_C|T,15720_C|T,15756_T|A,16887_C|T,16943_G|T,17410_C|T,18163_A|G,18492_A|G,18894_C|T,19716_C|T,19723_G|T,19955_C|T,20055_A|G,21618_C|T,21622_C|T,21624_G|C,21627_C|A,21711_C|T,21738_T|C,21941_G|T,21987_G|A,22032_T|C,22033_C|A,22034_A|G,22200_T|G,22208_C|T,22295_C|A,22353_C|A,22556_A|G,22577_G|C,22578_G|A,22599_G|C,22629_A|C,22674_C|T,22679_T|C,22686_C|T,22688_A|G,22770_G|A,22775_G|A,22786_A|C,22813_G|T,22882_T|G,22895_G|C,22896_T|A,22898_G|A,22910_A|G,22916_C|T,22917_T|G,22926_T|C,22928_T|C,22942_T|A,22992_G|A,22995_C|A,23005_T|A,23012_G|A,23018_T|C,23019_T|C,23039_C|G,23055_A|G,23063_A|T,23075_T|C,23222_G|A,23271_C|T,23403_A|G,23423_C|T,23525_C|T,23599_T|G,23604_C|G,23854_C|A,23948_G|T,24378_C|T,24424_A|T,24469_T|A,24872_G|T,24990_C|T,25000_C|T,25074_G|A,25207_C|T,25584_C|T,26060_C|T,26270_C|T,26529_G|C,26577_C|G,26610_A|G,26681_C|T,26709_G|A,26833_C|T,26858_C|T,27259_A|C,27382_G|C,27383_A|T,27384_T|C,27807_C|T,27810_T|C,28271_A|T,28311_C|T,28881_G|A,28882_G|A,28883_G|C,28958_C|A,29510_A|C,29692_G|T,11288_11296,21633_21641,21765_21770,21992_21994,22194_22196,23009_23011,28362_28370,29734_29759,21608_.|TCATGCCGCTGT
USA/UT-UPHL-250103993293/2024	XEQ	241_C|T,670_T|G,897_C|A,2790_C|T,3037_C|T,3431_G|T,3565_T|C,4184_G|A,4321_C|T,6183_A|G,6701_C|T,7842_A|G,8293_C|T,8393_G|A,9344_C|T,9424_A|G,9534_C|T,10029_C|T,10198_C|T,10447_G|A,10449_C|A,11042_G|T,11727_G|A,12418_T|C,12789_C|T,12815_C|T,12880_C|T,13339_T|C,14408_C|T,15714_C|T,15756_T|A,16887_C|T,16943_G|T,17410_C|T,18163_A|G,18492_A|G,18894_C|T,19716_C|T,19955_C|T,20055_A|G,21618_C|T,21622_C|T,21624_G|C,21627_C|A,21711_C|T,21738_T|C,21941_G|T,21987_G|A,22032_T|C,22033_C|A,22034_A|G,22200_T|G,22208_C|T,22295_C|A,22353_C|A,22556_A|G,22577_G|C,22578_G|A,22599_G|C,22629_A|C,22674_C|T,22679_T|C,22686_C|T,22688_A|G,22770_G|A,22775_G|A,22786_A|C,22813_G|T,22882_T|G,22895_G|C,22896_T|A,22898_G|A,22910_A|G,22916_C|T,22917_T|G,22926_T|C,22928_T|C,22942_T|A,22992_G|A,22995_C|A,23005_T|A,23012_G|A,23018_T|C,23019_T|C,23039_C|G,23055_A|G,23063_A|T,23075_T|C,23222_G|A,23271_C|T,23403_A|G,23423_C|T,23525_C|T,23599_T|G,23604_C|G,23854_C|A,23948_G|T,24378_C|T,24424_A|T,24469_T|A,24872_G|T,24990_C|T,25000_C|T,25207_C|T,25584_C|T,26060_C|T,26270_C|T,26485_T|C,26486_T|A,26529_G|C,26577_C|G,26610_A|G,26681_C|T,26709_G|A,26833_C|T,26858_C|T,27259_A|C,27382_G|C,27383_A|T,27384_T|C,27807_C|T,27810_T|C,28271_A|T,28311_C|T,28531_C|T,28881_G|A,28882_G|A,28883_G|C,28958_C|A,29510_A|C,11288_11296,21633_21641,21765_21770,21992_21994,22194_22196,23009_23011,28362_28370,29734_29759,21608_.|TCATGCCGCTGT
USA/UT-UPHL-250110145841/2025	XEQ	241_C|T,670_T|G,897_C|A,2790_C|T,3037_C|T,3431_G|T,3565_T|C,4184_G|A,4321_C|T,6183_A|G,6701_C|T,7820_T|C,7842_A|G,8293_C|T,8393_G|A,8509_A|G,9344_C|T,9424_A|G,9534_C|T,10029_C|T,10198_C|T,10447_G|A,10449_C|A,11042_G|T,11727_G|A,12418_T|C,12789_C|T,12815_C|T,12880_C|T,13339_T|C,14408_C|T,15714_C|T,15720_C|T,15756_T|A,16887_C|T,16943_G|T,17410_C|T,18163_A|G,18492_A|G,18894_C|T,19716_C|T,19723_G|T,19955_C|T,20055_A|G,21618_C|T,21622_C|T,21624_G|C,21627_C|A,21711_C|T,21738_T|C,21941_G|T,21987_G|A,22032_T|C,22033_C|A,22034_A|G,22200_T|G,22208_C|T,22295_C|A,22353_C|A,22556_A|G,22577_G|C,22578_G|A,22599_G|C,22629_A|C,22674_C|T,22679_T|C,22686_C|T,22688_A|G,22770_G|A,22775_G|A,22786_A|C,22813_G|T,22882_T|G,22895_G|C,22896_T|A,22898_G|A,22910_A|G,22916_C|T,22917_T|G,22926_T|C,22928_T|C,22942_T|A,22992_G|A,22995_C|A,23005_T|A,23012_G|A,23018_T|C,23019_T|C,23039_C|G,23055_A|G,23063_A|T,23075_T|C,23222_G|A,23271_C|T,23403_A|G,23423_C|T,23525_C|T,23599_T|G,23604_C|G,23854_C|A,23948_G|T,24378_C|T,24424_A|T,24469_T|A,24872_G|T,24990_C|T,25000_C|T,25074_G|A,25207_C|T,25584_C|T,26060_C|T,26270_C|T,26529_G|C,26577_C|G,26610_A|G,26681_C|T,26709_G|A,26833_C|T,26858_C|T,27259_A|C,27382_G|C,27383_A|T,27384_T|C,27807_C|T,27810_T|C,28271_A|T,28311_C|T,28881_G|A,28882_G|A,28883_G|C,28958_C|A,29510_A|C,29692_G|T,29781_G|T,11288_11296,21633_21641,21765_21770,21992_21994,22194_22196,23009_23011,28362_28370,29734_29759,21608_.|TCATGCCGCTGT
USA/UT-UPHL-250110277388/2024	XEQ	241_C|T,670_T|G,897_C|A,2790_C|T,3037_C|T,3431_G|T,3565_T|C,4184_G|A,4321_C|T,6183_A|G,6701_C|T,7842_A|G,8293_C|T,8393_G|A,9344_C|T,9424_A|G,9534_C|T,9814_T|C,10029_C|T,10198_C|T,10447_G|A,10449_C|A,11042_G|T,11124_C|T,11727_G|A,12418_T|C,12789_C|T,12815_C|T,12880_C|T,13339_T|C,14408_C|T,15714_C|T,15756_T|A,16887_C|T,16943_G|T,17410_C|T,18024_T|C,18163_A|G,18492_A|G,18894_C|T,19716_C|T,19955_C|T,20055_A|G,21618_C|T,21622_C|T,21624_G|C,21627_C|A,21711_C|T,21738_T|C,21941_G|T,21987_G|A,22032_T|C,22033_C|A,22034_A|G,22200_T|G,22208_C|T,22295_C|A,22353_C|A,22556_A|G,22577_G|C,22578_G|A,22599_G|C,22629_A|C,22674_C|T,22679_T|C,22684_T|C,22686_C|T,22688_A|G,22770_G|A,22775_G|A,22786_A|C,22813_G|T,22882_T|G,22895_G|C,22896_T|A,22898_G|A,22910_A|G,22916_C|T,22917_T|G,22926_T|C,22928_T|C,22942_T|A,22992_G|A,22995_C|A,23005_T|A,23012_G|A,23018_T|C,23019_T|C,23039_C|G,23055_A|G,23063_A|T,23075_T|C,23222_G|A,23271_C|T,23403_A|G,23423_C|T,23525_C|T,23599_T|G,23604_C|G,23854_C|A,23948_G|T,24378_C|T,24424_A|T,24469_T|A,24872_G|T,24990_C|T,25000_C|T,25207_C|T,25584_C|T,26060_C|T,26270_C|T,26529_G|C,26577_C|G,26610_A|G,26681_C|T,26709_G|A,26833_C|T,26858_C|T,27259_A|C,27382_G|C,27383_A|T,27384_T|C,27807_C|T,27810_T|C,28271_A|T,28311_C|T,28767_C|T,28881_G|A,28882_G|A,28883_G|C,28958_C|A,29510_A|C,11288_11296,21633_21641,21765_21770,21992_21994,22194_22196,23009_23011,28362_28370,29734_29759,21608_.|TCATGCCGCTGT
USA/UT-UPHL-250117331808/2025	XEQ	241_C|T,670_T|G,897_C|A,2790_C|T,3037_C|T,3431_G|T,3565_T|C,4184_G|A,4321_C|T,6183_A|G,6701_C|T,7820_T|C,7842_A|G,8293_C|T,8393_G|A,8509_A|G,9344_C|T,9424_A|G,9534_C|T,10029_C|T,10198_C|T,10447_G|A,10449_C|A,11042_G|T,11727_G|A,12418_T|C,12789_C|T,12815_C|T,12880_C|T,13339_T|C,14408_C|T,15714_C|T,15720_C|T,15756_T|A,16887_C|T,16943_G|T,17410_C|T,18163_A|G,18492_A|G,18894_C|T,19716_C|T,19723_G|T,19955_C|T,20055_A|G,21618_C|T,21622_C|T,21624_G|C,21627_C|A,21711_C|T,21738_T|C,21941_G|T,21987_G|A,22032_T|C,22033_C|A,22034_A|G,22200_T|G,22208_C|T,22295_C|A,22353_C|A,22556_A|G,22577_G|C,22578_G|A,22599_G|C,22629_A|C,22674_C|T,22679_T|C,22686_C|T,22688_A|G,22770_G|A,22775_G|A,22786_A|C,22813_G|T,22882_T|G,22895_G|C,22896_T|A,22898_G|A,22910_A|G,22916_C|T,22917_T|G,22926_T|C,22928_T|C,22942_T|A,22992_G|A,22995_C|A,23005_T|A,23012_G|A,23018_T|C,23019_T|C,23039_C|G,23055_A|G,23063_A|T,23075_T|C,23222_G|A,23271_C|T,23403_A|G,23423_C|T,23525_C|T,23599_T|G,23604_C|G,23854_C|A,23948_G|T,24378_C|T,24424_A|T,24469_T|A,24872_G|T,24990_C|T,25000_C|T,25074_G|A,25207_C|T,25584_C|T,26060_C|T,26270_C|T,26529_G|C,26577_C|G,26610_A|G,26681_C|T,26709_G|A,26833_C|T,26858_C|T,27259_A|C,27382_G|C,27383_A|T,27384_T|C,27807_C|T,27810_T|C,28271_A|T,28311_C|T,28881_G|A,28882_G|A,28883_G|C,28958_C|A,29510_A|C,29692_G|T,29781_G|T,11288_11296,21633_21641,21765_21770,21992_21994,22194_22196,23009_23011,28362_28370,29734_29759,21608_.|TCATGCCGCTGT
USA/UT-UPHL-250228831457/2025	XEQ	241_C|T,643_C|T,670_T|G,897_C|A,2790_C|T,3037_C|T,3267_C|T,3431_G|T,3565_T|C,4184_G|A,4321_C|T,4345_C|T,6183_A|G,6701_C|T,7842_A|G,8293_C|T,8393_G|A,9344_C|T,9424_A|G,9534_C|T,10029_C|T,10198_C|T,10447_G|A,10449_C|A,11042_G|T,11727_G|A,12418_T|C,12789_C|T,12815_C|T,12880_C|T,13339_T|C,14408_C|T,15714_C|T,15756_T|A,16887_C|T,16943_G|T,17410_C|T,18163_A|G,18492_A|G,18894_C|T,19716_C|T,19955_C|T,20055_A|G,21618_C|T,21622_C|T,21624_G|C,21627_C|A,21711_C|T,21738_T|C,21941_G|T,21987_G|A,22032_T|C,22033_C|A,22034_A|G,22200_T|G,22208_C|T,22295_C|A,22353_C|A,22556_A|G,22577_G|C,22578_G|A,22599_G|C,22629_A|C,22674_C|T,22679_T|C,22686_C|T,22688_A|G,22770_G|A,22775_G|A,22786_A|C,22813_G|T,22882_T|G,22895_G|C,22896_T|A,22898_G|A,22910_A|G,22916_C|T,22917_T|G,22926_T|C,22928_T|C,22942_T|A,22992_G|A,22995_C|A,23005_T|A,23012_G|A,23018_T|C,23019_T|C,23039_C|G,23055_A|G,23063_A|T,23075_T|C,23222_G|A,23271_C|T,23403_A|G,23423_C|T,23525_C|T,23599_T|G,23604_C|G,23854_C|A,23948_G|T,24378_C|T,24424_A|T,24469_T|A,24872_G|T,24990_C|T,25000_C|T,25207_C|T,25359_A|G,25433_C|T,25584_C|T,26060_C|T,26270_C|T,26529_G|C,26577_C|G,26610_A|G,26681_C|T,26709_G|A,26833_C|T,26858_C|T,27259_A|C,27382_G|C,27383_A|T,27384_T|C,27807_C|T,27810_T|C,28271_A|T,28311_C|T,28881_G|A,28882_G|A,28883_G|C,28958_C|A,29510_A|C,11288_11296,21633_21641,21765_21770,21992_21994,22194_22196,23009_23011,28362_28370,29734_29759,21608_.|TCATGCCGCTGT
USA/VA-CAV_VAS3N_00022652_01/2025	XEQ	21_C|T,44_C|T,241_C|T,670_T|G,897_C|A,2790_C|T,3037_C|T,3431_G|T,3565_T|C,4184_G|A,4321_C|T,6183_A|G,6701_C|T,7842_A|G,8293_C|T,8393_G|A,9344_C|T,9424_A|G,9534_C|T,10029_C|T,10198_C|T,10447_G|A,10449_C|A,11042_G|T,11727_G|A,12418_T|C,12789_C|T,12815_C|T,12880_C|T,13339_T|C,14408_C|T,15714_C|T,15738_C|T,15756_T|A,16887_C|T,16943_G|T,17410_C|T,18163_A|G,18492_A|G,18894_C|T,19716_C|T,19955_C|T,20055_A|G,21618_C|T,21622_C|T,21624_G|C,21627_C|A,21711_C|T,21738_T|C,21941_G|T,21987_G|A,22032_T|C,22033_C|A,22034_A|G,22200_T|G,22208_C|T,22295_C|A,22353_C|A,22556_A|G,22577_G|C,22578_G|A,22599_G|C,22629_A|C,22674_C|T,22679_T|C,22686_C|T,22688_A|G,22770_G|A,22775_G|A,22786_A|C,22813_G|T,22882_T|G,22895_G|C,22896_T|A,22898_G|A,22910_A|G,22916_C|T,22917_T|G,22926_T|C,22928_T|C,22942_T|A,22992_G|A,22995_C|A,23005_T|A,23012_G|A,23018_T|C,23019_T|C,23039_C|G,23055_A|G,23063_A|T,23075_T|C,23222_G|A,23271_C|T,23326_A|T,23403_A|G,23423_C|T,23525_C|T,23599_T|G,23604_C|G,23854_C|A,23948_G|T,24378_C|T,24424_A|T,24469_T|A,24872_G|T,24990_C|T,25000_C|T,25207_C|T,25584_C|T,26060_C|T,26270_C|T,26529_G|C,26577_C|G,26610_A|G,26681_C|T,26709_G|A,26833_C|T,26858_C|T,27092_C|T,27259_A|C,27382_G|C,27383_A|T,27384_T|C,27807_C|T,27810_T|C,28271_A|T,28311_C|T,28603_C|T,28881_G|A,28882_G|A,28883_G|C,28958_C|A,29510_A|C,29870_C|A,11288_11296,21633_21641,21765_21770,21992_21994,22194_22196,23009_23011,28362_28370,29734_29759,21608_.|TCATGCCGCTGT
USA/VA-CAV_VAS3N_00022799_01/2025	XEQ	241_C|T,670_T|G,897_C|A,2790_C|T,3037_C|T,3431_G|T,3565_T|C,4184_G|A,4321_C|T,6183_A|G,6701_C|T,7842_A|G,8293_C|T,8393_G|A,9344_C|T,9424_A|G,9534_C|T,10029_C|T,10198_C|T,10447_G|A,10449_C|A,11042_G|T,11727_G|A,12418_T|C,12789_C|T,12815_C|T,12880_C|T,13339_T|C,14408_C|T,15714_C|T,15738_C|T,15756_T|A,16469_C|T,16887_C|T,16943_G|T,17410_C|T,18163_A|G,18492_A|G,18894_C|T,19716_C|T,19955_C|T,20055_A|G,21711_C|T,21738_T|C,21941_G|T,21987_G|A,22032_T|C,22033_C|A,22034_A|G,22200_T|G,22208_C|T,22295_C|A,22353_C|A,22556_A|G,22577_G|C,22578_G|A,22599_G|C,22629_A|C,22674_C|T,22679_T|C,22686_C|T,22688_A|G,22770_G|A,22775_G|A,22786_A|C,22813_G|T,22882_T|G,22895_G|C,22896_T|A,22898_G|A,22910_A|G,22916_C|T,22917_T|G,22926_T|C,22928_T|C,22942_T|A,22992_G|A,22995_C|A,23005_T|A,23012_G|A,23018_T|C,23019_T|C,23039_C|G,23055_A|G,23063_A|T,23075_T|C,23222_G|A,23271_C|T,23326_A|T,23403_A|G,23423_C|T,23525_C|T,23599_T|G,23604_C|G,23854_C|A,23948_G|T,24378_C|T,24424_A|T,24469_T|A,24872_G|T,24990_C|T,25000_C|T,25207_C|T,25584_C|T,26060_C|T,26270_C|T,26529_G|C,26577_C|G,26610_A|G,26681_C|T,26709_G|A,26833_C|T,26858_C|T,27092_C|T,27259_A|C,27382_G|C,27383_A|T,27384_T|C,27807_C|T,27810_T|C,28271_A|T,28311_C|T,28603_C|T,28881_G|A,28882_G|A,28883_G|C,28958_C|A,29510_A|C,29870_C|A,11288_11296,21765_21770,21992_21994,22194_22196,23009_23011,28362_28370,29734_29759
USA/VA-CAV_VAS3N_00022803_01/2025	XEQ	21_C|T,44_C|T,241_C|T,670_T|G,897_C|A,2790_C|T,3037_C|T,3431_G|T,3565_T|C,4184_G|A,4321_C|T,6183_A|G,6701_C|T,7842_A|G,8293_C|T,8393_G|A,8746_T|C,9344_C|T,9424_A|G,9534_C|T,10029_C|T,10198_C|T,10340_C|T,10447_G|A,10449_C|A,11042_G|T,11727_G|A,12418_T|C,12789_C|T,12815_C|T,12880_C|T,13339_T|C,14408_C|T,15714_C|T,15756_T|A,16392_T|C,16887_C|T,16943_G|T,17410_C|T,18163_A|G,18492_A|G,18894_C|T,19017_C|T,19716_C|T,19955_C|T,20055_A|G,21618_C|T,21622_C|T,21624_G|C,21627_C|A,21711_C|T,21738_T|C,21941_G|T,21987_G|A,22032_T|C,22033_C|A,22034_A|G,22200_T|G,22208_C|T,22295_C|A,22353_C|A,22556_A|G,22577_G|C,22578_G|A,22599_G|C,22629_A|C,22674_C|T,22679_T|C,22686_C|T,22688_A|G,22770_G|A,22775_G|A,22786_A|C,22813_G|T,22882_T|G,22895_G|C,22896_T|A,22898_G|A,22910_A|G,22916_C|T,22917_T|G,22926_T|C,22928_T|C,22942_T|A,22992_G|A,22995_C|A,23005_T|A,23012_G|A,23018_T|C,23019_T|C,23039_C|G,23055_A|G,23063_A|T,23075_T|C,23222_G|A,23271_C|T,23403_A|G,23423_C|T,23525_C|T,23599_T|G,23604_C|G,23854_C|A,23948_G|T,24378_C|T,24424_A|T,24469_T|A,24872_G|T,24990_C|T,25000_C|T,25207_C|T,25584_C|T,26060_C|T,26270_C|T,26529_G|C,26577_C|G,26610_A|G,26681_C|T,26709_G|A,26833_C|T,26858_C|T,27259_A|C,27382_G|C,27383_A|T,27384_T|C,27807_C|T,27810_T|C,28271_A|T,28311_C|T,28881_G|A,28882_G|A,28883_G|C,28958_C|A,29510_A|C,11288_11296,21633_21641,21765_21770,21992_21994,22194_22196,23009_23011,28362_28370,29734_29759,21608_.|TCATGCCGCTGT
USA/VA-CAV_VAS3N_00022804_01/2025	XEQ	21_C|T,44_C|T,241_C|T,664_C|T,670_T|G,897_C|A,2790_C|T,3037_C|T,3431_G|T,3565_T|C,4184_G|A,4321_C|T,6183_A|G,6701_C|T,6864_A|G,7842_A|G,8293_C|T,8393_G|A,9344_C|T,9424_A|G,9534_C|T,10029_C|T,10447_G|A,10449_C|A,11042_G|T,11727_G|A,12418_T|C,12789_C|T,12815_C|T,12880_C|T,13339_T|C,14408_C|T,15714_C|T,15756_T|A,16887_C|T,16943_G|T,17410_C|T,18163_A|G,18210_G|T,18492_A|G,18648_T|C,18894_C|T,19716_C|T,19955_C|T,20055_A|G,21618_C|T,21622_C|T,21624_G|C,21627_C|A,21711_C|T,21738_T|C,21941_G|T,21987_G|A,22032_T|C,22033_C|A,22034_A|G,22088_C|T,22200_T|G,22208_C|T,22295_C|A,22353_C|A,22556_A|G,22577_G|C,22578_G|A,22599_G|C,22629_A|C,22674_C|T,22679_T|C,22686_C|T,22688_A|G,22770_G|A,22775_G|A,22786_A|C,22813_G|T,22882_T|G,22895_G|C,22896_T|A,22898_G|A,22910_A|G,22916_C|T,22917_T|G,22926_T|C,22928_T|C,22942_T|A,22992_G|A,22995_C|A,23005_T|A,23012_G|A,23018_T|C,23019_T|C,23039_C|G,23055_A|G,23063_A|T,23075_T|C,23222_G|A,23271_C|T,23403_A|G,23423_C|T,23525_C|T,23599_T|G,23604_C|G,23854_C|A,23948_G|T,24378_C|T,24424_A|T,24469_T|A,24872_G|T,24990_C|T,25000_C|T,25163_C|A,25207_C|T,25507_G|A,25584_C|T,26060_C|T,26270_C|T,26529_G|C,26577_C|G,26610_A|G,26681_C|T,26709_G|A,26833_C|T,26858_C|T,27259_A|C,27382_G|C,27383_A|T,27384_T|C,27708_G|T,27807_C|T,27810_T|C,28271_A|T,28311_C|T,28881_G|A,28882_G|A,28883_G|C,28958_C|A,29510_A|C,11288_11296,21633_21641,21765_21770,21992_21994,22194_22196,23009_23011,28362_28370,29734_29759,21608_.|TCATGCCGCTGT
USA/VA-CDC-LC1131903/2025	XEQ	241_C|T,670_T|G,897_C|A,2790_C|T,3037_C|T,3431_G|T,3565_T|C,4184_G|A,4321_C|T,6183_A|G,6701_C|T,7842_A|G,8293_C|T,8393_G|A,9344_C|T,9424_A|G,9534_C|T,10029_C|T,10198_C|T,10447_G|A,10449_C|A,10755_C|T,11042_G|T,11727_G|A,12418_T|C,12789_C|T,12815_C|T,12853_C|T,12880_C|T,13339_T|C,14408_C|T,15714_C|T,15756_T|A,16887_C|T,16943_G|T,17410_C|T,18163_A|G,18492_A|G,18894_C|T,19716_C|T,19955_C|T,20055_A|G,21618_C|T,21622_C|T,21624_G|C,21627_C|A,21711_C|T,21738_T|C,21941_G|T,21987_G|A,22032_T|C,22033_C|A,22034_A|G,22200_T|G,22208_C|T,22295_C|A,22353_C|A,22556_A|G,22577_G|C,22578_G|A,22599_G|C,22629_A|C,22674_C|T,22679_T|C,22686_C|T,22688_A|G,22770_G|A,22775_G|A,22786_A|C,22813_G|T,22882_T|G,22895_G|C,22896_T|A,22898_G|A,22910_A|G,22916_C|T,22917_T|G,22926_T|C,22928_T|C,22942_T|A,22992_G|A,22995_C|A,23005_T|A,23012_G|A,23018_T|C,23019_T|C,23039_C|G,23055_A|G,23063_A|T,23075_T|C,23222_G|A,23271_C|T,23403_A|G,23423_C|T,23525_C|T,23599_T|G,23604_C|G,23854_C|A,23948_G|T,24378_C|T,24424_A|T,24469_T|A,24872_G|T,24990_C|T,25000_C|T,25207_C|T,25584_C|T,26060_C|T,26270_C|T,26529_G|C,26577_C|G,26610_A|G,26681_C|T,26709_G|A,26833_C|T,26858_C|T,27259_A|C,27382_G|C,27383_A|T,27384_T|C,27807_C|T,27810_T|C,28271_A|T,28311_C|T,28881_G|A,28882_G|A,28883_G|C,28958_C|A,29510_A|C,11288_11296,21633_21641,21765_21770,21992_21994,22194_22196,23009_23011,28362_28370,29734_29759,21608_.|TCATGCCGCTGT
USA/WI-WSLH-2500779/2025	XEQ	101_G|A,241_C|T,670_T|G,897_C|A,2790_C|T,3037_C|T,3267_C|T,3431_G|T,3565_T|C,4184_G|A,4321_C|T,4858_T|C,4999_C|T,6183_A|G,6701_C|T,7842_A|G,8293_C|T,8393_G|A,9344_C|T,9424_A|G,9534_C|T,10029_C|T,10198_C|T,10447_G|A,10449_C|A,11042_G|T,11727_G|A,12244_T|C,12418_T|C,12789_C|T,12815_C|T,12880_C|T,13339_T|C,14408_C|T,15714_C|T,15756_T|A,16887_C|T,16943_G|T,17410_C|T,18163_A|G,18492_A|G,18894_C|T,19185_C|T,19716_C|T,19955_C|T,20055_A|G,21618_C|T,21622_C|T,21624_G|C,21627_C|A,21711_C|T,21738_T|C,21941_G|T,21987_G|A,22032_T|C,22033_C|A,22034_A|G,22200_T|G,22208_C|T,22295_C|A,22353_C|A,22556_A|G,22577_G|C,22578_G|A,22599_G|C,22629_A|C,22674_C|T,22679_T|C,22686_C|T,22688_A|G,22770_G|A,22775_G|A,22786_A|C,22813_G|T,22882_T|G,22895_G|C,22896_T|A,22898_G|A,22910_A|G,22916_C|T,22917_T|G,22926_T|C,22928_T|C,22942_T|A,22992_G|A,22995_C|A,23005_T|A,23012_G|A,23018_T|C,23019_T|C,23039_C|G,23055_A|G,23063_A|T,23075_T|C,23222_G|A,23271_C|T,23403_A|G,23423_C|T,23525_C|T,23599_T|G,23604_C|G,23854_C|A,23948_G|T,24378_C|T,24424_A|T,24469_T|A,24872_G|T,24990_C|T,25000_C|T,25207_C|T,25584_C|T,26060_C|T,26270_C|T,26529_G|C,26577_C|G,26610_A|G,26681_C|T,26709_G|A,26833_C|T,26858_C|T,27259_A|C,27382_G|C,27383_A|T,27384_T|C,27807_C|T,27810_T|C,28271_A|T,28311_C|T,28881_G|A,28882_G|A,28883_G|C,28958_C|A,29510_A|C,11288_11296,21633_21641,21765_21770,21992_21994,22194_22196,23009_23011,28362_28370
IGS-10285-CVDP-3FB7C855-6DA8-4EFB-BCC9-6746759BA552	XEQ	241_C|T,670_T|G,897_C|A,2790_C|T,3037_C|T,3431_G|T,3565_T|C,4184_G|A,4321_C|T,4633_C|T,6183_A|G,6701_C|T,7842_A|G,8293_C|T,8393_G|A,9344_C|T,9424_A|G,9534_C|T,10029_C|T,10198_C|T,10369_C|T,10447_G|A,10449_C|A,11042_G|T,11727_G|A,12418_T|C,12789_C|T,12815_C|T,12880_C|T,13339_T|C,13945_C|T,14408_C|T,15714_C|T,15756_T|A,16887_C|T,16943_G|T,17010_C|T,17410_C|T,18163_A|G,18492_A|G,18894_C|T,19070_C|T,19716_C|T,19955_C|T,20055_A|G,21618_C|T,21622_C|T,21624_G|C,21627_C|A,21711_C|T,21738_T|C,21941_G|T,21987_G|A,22032_T|C,22033_C|A,22034_A|G,22200_T|G,22208_C|T,22295_C|A,22353_C|A,22556_A|G,22577_G|C,22578_G|A,22599_G|C,22629_A|C,22674_C|T,22679_T|C,22686_C|T,22688_A|G,22770_G|A,22775_G|A,22786_A|C,22813_G|T,22882_T|G,22895_G|C,22896_T|A,22898_G|A,22910_A|G,22916_C|T,22917_T|G,22926_T|C,22928_T|C,22942_T|A,22992_G|A,22995_C|A,23005_T|A,23012_G|A,23018_T|C,23019_T|C,23039_C|G,23055_A|G,23063_A|T,23075_T|C,23222_G|A,23271_C|T,23403_A|G,23423_C|T,23525_C|T,23599_T|G,23604_C|G,23854_C|A,23948_G|T,24378_C|T,24424_A|T,24469_T|A,24872_G|T,24990_C|T,25000_C|T,25207_C|T,25584_C|T,26060_C|T,26270_C|T,26529_G|C,26577_C|G,26610_A|G,26681_C|T,26709_G|A,26833_C|T,26858_C|T,27259_A|C,27382_G|C,27383_A|T,27384_T|C,27807_C|T,27810_T|C,28271_A|T,28311_C|T,28881_G|A,28882_G|A,28883_G|C,28958_C|A,29510_A|C,11288_11296,21633_21641,21765_21770,21992_21994,22194_22196,23009_23011,28362_28370,29734_29759,21608_.|TCATGCCGCTGT
