genomeID	true_lineage	nuc_changes
GTM/UGA-1061217/2021	XB	241_C|T,1255_A|G,1603_T|C,3037_C|T,3688_C|T,3884_C|T,6633_C|T,7142_A|G,9614_A|G,9693_C|T,9754_A|C,12591_T|C,14408_C|T,15026_C|T,15451_G|A,16466_C|T,21057_C|T,21615_T|G,21846_C|T,22036_A|C,22498_C|T,22882_T|A,23403_A|G,23604_C|A,23625_C|T,23638_C|T,23765_T|G,24442_C|T,24642_C|T,25513_C|T,26222_C|T,27389_C|T,27427_C|T,27769_C|T,28048_G|A,28330_A|G,28854_C|T,28910_A|T,29627_C|T,11288_11296,26158_26161,28271
GTM/UGA-1061220/2021	XB	241_C|T,1255_A|G,1603_T|C,3037_C|T,3688_C|T,3884_C|T,6633_C|T,7142_A|G,9614_A|G,9693_C|T,9754_A|C,10523_G|C,12591_T|C,14408_C|T,15026_C|T,15451_G|A,16466_C|T,21057_C|T,21615_T|G,21846_C|T,22036_A|C,22498_C|T,22882_T|A,23403_A|G,23604_C|A,23625_C|T,23638_C|T,23765_T|G,24442_C|T,24642_C|T,25513_C|T,26222_C|T,27389_C|T,27427_C|T,27769_C|T,28048_G|A,28330_A|G,28854_C|T,28910_A|T,29627_C|T,11288_11296,26158_26161,28271
GTM/UGA-1064351/2021	XB	241_C|T,929_A|G,1255_A|G,2455_C|T,3037_C|T,3688_C|T,3884_C|T,6633_C|T,7142_A|G,9614_A|G,9693_C|T,9754_A|C,12591_T|C,14408_C|T,15026_C|T,15451_G|A,16466_C|T,21057_C|T,21597_C|T,21615_T|G,21846_C|T,22036_A|C,22498_C|T,22882_T|A,23191_C|T,23403_A|G,23604_C|A,23625_C|T,23638_C|T,23765_T|G,24442_C|T,24642_C|T,25513_C|T,26222_C|T,26882_C|T,27389_C|T,27427_C|T,27769_C|T,28048_G|A,28330_A|G,28854_C|T,28910_A|T,11288_11296,26158_26161,28271
OV347392	XB	241_C|T,1255_A|G,3037_C|T,3688_C|T,3884_C|T,4551_C|T,4681_A|G,5730_C|T,6633_C|T,7142_A|G,8673_C|T,9614_A|G,9693_C|T,9754_A|C,14408_C|T,15026_C|T,15451_G|A,16466_C|T,20603_C|T,21054_C|T,21057_C|T,21077_C|T,21615_T|G,21846_C|T,22036_A|C,23403_A|G,23604_C|A,23625_C|T,23638_C|T,23765_T|G,24378_C|T,24406_T|G,24442_C|T,24642_C|T,26222_C|T,27281_G|T,27389_C|T,27769_C|T,28048_G|A,28330_A|G,28854_C|T,28869_C|T,28910_A|T,11288_11296
Switzerland/VD-CHUV-GEN5608/2021	XB	241_C|T,1255_A|G,1758_C|T,3037_C|T,3259_G|T,3688_C|T,3884_C|T,6633_C|T,7142_A|G,9614_A|G,9693_C|T,9754_A|C,14408_C|T,15026_C|T,15451_G|A,16466_C|T,17584_G|T,19387_A|G,21057_C|T,21139_C|T,21615_T|G,21618_C|T,21846_C|T,22036_A|C,22735_C|T,22882_T|A,23403_A|G,23604_C|A,23625_C|T,23638_C|T,23765_T|G,24378_C|T,24406_T|G,24442_C|T,24642_C|T,26222_C|T,27074_G|A,27389_C|T,27769_C|T,28048_G|A,28330_A|G,28854_C|T,28910_A|T,11288_11296,26158_26161,28271
Switzerland/VD-CHUV-GEN5734/2021	XB	241_C|T,1255_A|G,1758_C|T,3037_C|T,3259_G|T,3688_C|T,3884_C|T,6633_C|T,7142_A|G,9614_A|G,9693_C|T,9754_A|C,14408_C|T,15026_C|T,15451_G|A,16466_C|T,17584_G|T,19387_A|G,21057_C|T,21139_C|T,21615_T|G,21618_C|T,21846_C|T,22036_A|C,22735_C|T,22882_T|A,23403_A|G,23604_C|A,23625_C|T,23638_C|T,23765_T|G,24378_C|T,24406_T|G,24442_C|T,24642_C|T,26222_C|T,27074_G|A,27389_C|T,27769_C|T,28048_G|A,28330_A|G,28854_C|T,28910_A|T,11288_11296,26158_26161,28271
Switzerland/VD-CHUV-GEN5937/2021	XB	241_C|T,1255_A|G,1758_C|T,3037_C|T,3259_G|T,3688_C|T,3884_C|T,6633_C|T,7142_A|G,9614_A|G,9693_C|T,9754_A|C,14408_C|T,15026_C|T,15451_G|A,16466_C|T,17584_G|T,19387_A|G,21057_C|T,21139_C|T,21615_T|G,21618_C|T,21846_C|T,22036_A|C,22735_C|T,22882_T|A,23403_A|G,23625_C|T,23638_C|T,23765_T|G,24378_C|T,24406_T|G,24442_C|T,24642_C|T,26222_C|T,27074_G|A,27389_C|T,27769_C|T,28048_G|A,28330_A|G,28854_C|T,28910_A|T,11288_11296,26158_26161,28271
USA/1673499/2021	XB	241_C|T,1419_C|T,3037_C|T,3688_C|T,3884_C|T,6633_C|T,6717_G|T,7142_A|G,8480_C|T,9614_A|G,9693_C|T,9754_A|C,14408_C|T,15451_G|A,16466_C|T,17403_C|T,20987_C|T,21057_C|T,21615_T|G,21846_C|T,22036_A|C,22882_T|A,23403_A|G,23604_C|A,23625_C|T,23765_T|G,24442_C|T,24642_C|T,26222_C|T,27389_C|T,27769_C|T,28048_G|A,28330_A|G,28854_C|T,28910_A|T,29543_G|T,11288_11296,26158_26161,28271
USA/1684348/2021	XB	241_C|T,1419_C|T,3037_C|T,3688_C|T,3884_C|T,6633_C|T,6717_G|T,7142_A|G,8480_C|T,9614_A|G,9693_C|T,9754_A|C,14408_C|T,15451_G|A,16466_C|T,17403_C|T,20987_C|T,21057_C|T,21615_T|G,21846_C|T,22036_A|C,22882_T|A,23403_A|G,23604_C|A,23625_C|T,23765_T|G,24442_C|T,24642_C|T,26222_C|T,27389_C|T,27769_C|T,28048_G|A,28330_A|G,28854_C|T,28910_A|T,29543_G|T,11288_11296,26158_26161,28271
USA/1752870/2021	XB	241_C|T,3037_C|T,3688_C|T,3884_C|T,6633_C|T,6843_C|T,7142_A|G,9614_A|G,9693_C|T,9754_A|C,13510_A|G,14408_C|T,15451_G|A,16466_C|T,19085_A|G,21057_C|T,21615_T|G,21846_C|T,22036_A|C,22654_T|C,22882_T|A,23403_A|G,23604_C|A,23625_C|T,23765_T|G,24442_C|T,24642_C|T,25637_A|G,25942_T|C,26222_C|T,27389_C|T,27535_C|A,27769_C|T,27892_A|G,28048_G|A,28330_A|G,28854_C|T,28910_A|T,11288_11296,26158_26161,27694_27697,28271
USA/1752871/2021	XB	241_C|T,3037_C|T,3688_C|T,3884_C|T,6633_C|T,6843_C|T,7142_A|G,9614_A|G,9693_C|T,9754_A|C,13510_A|G,14408_C|T,15451_G|A,16466_C|T,19085_A|G,21057_C|T,21615_T|G,21846_C|T,22036_A|C,22654_T|C,22882_T|A,23403_A|G,23604_C|A,23625_C|T,23765_T|G,24442_C|T,24642_C|T,25637_A|G,25942_T|C,26222_C|T,27389_C|T,27535_C|A,27769_C|T,27892_A|G,28048_G|A,28330_A|G,28854_C|T,28910_A|T,11288_11296,26158_26161,27694_27697,28271
USA/1752892/2021	XB	241_C|T,3037_C|T,3688_C|T,3884_C|T,6633_C|T,6843_C|T,7142_A|G,9614_A|G,9693_C|T,9754_A|C,13510_A|G,14408_C|T,15451_G|A,16466_C|T,19085_A|G,21057_C|T,21615_T|G,21846_C|T,22036_A|C,22654_T|C,22882_T|A,23403_A|G,23604_C|A,23625_C|T,23765_T|G,24442_C|T,24642_C|T,25637_A|G,25942_T|C,26222_C|T,27389_C|T,27535_C|A,27769_C|T,27892_A|G,28048_G|A,28330_A|G,28854_C|T,28910_A|T,11288_11296,26158_26161,27694_27697,28271
USA/1753001/2021	XB	241_C|T,3037_C|T,3688_C|T,3884_C|T,6633_C|T,6843_C|T,7142_A|G,9614_A|G,9693_C|T,9754_A|C,13510_A|G,14408_C|T,15451_G|A,16466_C|T,19085_A|G,21057_C|T,21615_T|G,21846_C|T,22036_A|C,22654_T|C,22882_T|A,23403_A|G,23604_C|A,23625_C|T,23765_T|G,24442_C|T,24642_C|T,25637_A|G,25942_T|C,26222_C|T,27389_C|T,27535_C|A,27769_C|T,27892_A|G,28048_G|A,28330_A|G,28854_C|T,28910_A|T,11288_11296,26158_26161,27694_27697,28271
USA/248-Day1/2021	XB	241_C|T,1255_A|G,3037_C|T,3688_C|T,3884_C|T,6028_A|G,6633_C|T,7142_A|G,9614_A|G,9693_C|T,9754_A|C,14408_C|T,15026_C|T,15451_G|A,16466_C|T,21057_C|T,21615_T|G,21846_C|T,22036_A|C,22882_T|A,23403_A|G,23604_C|A,23625_C|T,23638_C|T,23765_T|G,24442_C|T,24642_C|T,26222_C|T,27389_C|T,27769_C|T,28048_G|A,28330_A|G,28854_C|T,28910_A|T,11288_11296,26158_26161
USA/248-Day3/2022	XB	241_C|T,1255_A|G,3037_C|T,3688_C|T,3884_C|T,6028_A|G,6633_C|T,7142_A|G,9614_A|G,9693_C|T,9754_A|C,14408_C|T,15026_C|T,15451_G|A,16466_C|T,21057_C|T,21615_T|G,21846_C|T,22036_A|C,22882_T|A,23403_A|G,23604_C|A,23625_C|T,23638_C|T,23765_T|G,24442_C|T,24642_C|T,26222_C|T,27389_C|T,27769_C|T,28048_G|A,28330_A|G,28854_C|T,28910_A|T,11288_11296,26158_26161,28271
USA/251-Day1/2021	XB	241_C|T,1255_A|G,3037_C|T,3688_C|T,3884_C|T,6028_A|G,6633_C|T,7142_A|G,9614_A|G,9693_C|T,9754_A|C,14408_C|T,15026_C|T,15451_G|A,16466_C|T,21057_C|T,21615_T|G,21846_C|T,22036_A|C,22882_T|A,23403_A|G,23604_C|A,23625_C|T,23638_C|T,23765_T|G,24442_C|T,24642_C|T,26222_C|T,27389_C|T,27769_C|T,28048_G|A,28330_A|G,28854_C|T,28910_A|T,11288_11296,26158_26161
USA/251-Day3/2022	XB	241_C|T,1255_A|G,3037_C|T,3688_C|T,3884_C|T,6028_A|G,6633_C|T,7142_A|G,9614_A|G,9693_C|T,9754_A|C,14408_C|T,15026_C|T,15451_G|A,16466_C|T,21057_C|T,21615_T|G,21846_C|T,22036_A|C,22882_T|A,23403_A|G,23604_C|A,23625_C|T,23638_C|T,23765_T|G,24442_C|T,24642_C|T,26222_C|T,27389_C|T,27769_C|T,28048_G|A,28330_A|G,28854_C|T,28910_A|T,11288_11296,26158_26161,28271
USA/AL-CDC-ASC210276109/2021	XB	241_C|T,1255_A|G,1348_C|T,3037_C|T,3688_C|T,3884_C|T,4113_C|T,6633_C|T,7142_A|G,9614_A|G,9693_C|T,9754_A|C,12591_T|C,14408_C|T,15026_C|T,15451_G|A,16466_C|T,17676_C|T,21057_C|T,21615_T|G,21846_C|T,22036_A|C,22498_C|T,22882_T|A,23403_A|G,23604_C|A,23625_C|T,23638_C|T,23765_T|G,24442_C|T,24642_C|T,25513_C|T,25642_C|T,26222_C|T,27389_C|T,27427_C|T,27769_C|T,28048_G|A,28330_A|G,28854_C|T,28910_A|T,3348_3350,11288_11296,26158_26161,28271
USA/AL-CDC-FG-037797/2021	XB	241_C|T,1255_A|G,3037_C|T,3688_C|T,3884_C|T,6633_C|T,7142_A|G,9614_A|G,9693_C|T,9754_A|C,12591_T|C,13207_C|T,14408_C|T,15026_C|T,15451_G|A,16466_C|T,21057_C|T,21615_T|G,21846_C|T,22036_A|C,22498_C|T,22882_T|A,23401_G|T,23403_A|G,23604_C|A,23625_C|T,23638_C|T,23765_T|G,24442_C|T,24642_C|T,25513_C|T,26222_C|T,27389_C|T,27427_C|T,27769_C|T,28048_G|A,28330_A|G,28854_C|T,28910_A|T,515_517,11288_11296,26158_26161,28271
USA/AL-CDC-STM-000059492/2021	XB	241_C|T,1222_T|C,1255_A|G,3037_C|T,3688_C|T,3884_C|T,6633_C|T,7142_A|G,9614_A|G,9693_C|T,9754_A|C,9979_C|T,12280_T|C,12591_T|C,14408_C|T,15026_C|T,15451_G|A,16466_C|T,21057_C|T,21615_T|G,21846_C|T,22036_A|C,22498_C|T,22882_T|A,23403_A|G,23604_C|A,23625_C|T,23638_C|T,23765_T|G,24442_C|T,24642_C|T,25513_C|T,26222_C|T,26310_T|A,27389_C|T,27427_C|T,27769_C|T,28048_G|A,28330_A|G,28854_C|T,28910_A|T,11288_11296,26158_26161,28271
USA/AR-CDC-ASC210108668/2021	XB	241_C|T,1255_A|G,3037_C|T,3688_C|T,3775_C|T,3884_C|T,6633_C|T,7142_A|G,9614_A|G,9693_C|T,9754_A|C,12591_T|C,14408_C|T,15026_C|T,15451_G|A,16466_C|T,21057_C|T,21615_T|G,21618_C|T,21846_C|T,22036_A|C,22498_C|T,22882_T|A,23403_A|G,23604_C|A,23625_C|T,23638_C|T,23765_T|G,24442_C|T,24642_C|T,25513_C|T,26222_C|T,26310_T|A,27389_C|T,27427_C|T,27769_C|T,28048_G|A,28330_A|G,28854_C|T,28910_A|T,29449_G|T,11288_11296,26158_26161,28271
USA/AZ-5104/2021	XB	241_C|T,586_T|A,1255_A|G,3037_C|T,3688_C|T,3884_C|T,6633_C|T,6775_T|G,7142_A|G,9614_A|G,9693_C|T,9754_A|C,11335_G|T,11747_C|T,12163_G|T,14083_A|G,14408_C|T,15026_C|T,15451_G|A,16466_C|T,21057_C|T,21615_T|G,21846_C|T,22036_A|C,22498_C|T,22882_T|A,23403_A|G,23604_C|A,23625_C|T,23638_C|T,23765_T|G,24442_C|T,24642_C|T,26222_C|T,27389_C|T,27769_C|T,28048_G|A,28079_G|T,28330_A|G,28854_C|T,28910_A|T,29666_C|T,11288_11296,26158_26161,28271
USA/AZ-CDC-2-4567654/2021	XB	241_C|T,1255_A|G,3037_C|T,3688_C|T,3884_C|T,6633_C|T,6641_G|T,7142_A|G,7573_C|A,8825_A|C,9614_A|G,9693_C|T,9754_A|C,12591_T|C,14408_C|T,15026_C|T,15451_G|A,16466_C|T,21057_C|T,21615_T|G,21846_C|T,22036_A|C,22498_C|T,22882_T|A,23403_A|G,23604_C|A,23625_C|T,23638_C|T,23765_T|G,24442_C|T,24642_C|T,25513_C|T,26222_C|T,27389_C|T,27427_C|T,27769_C|T,28048_G|A,28330_A|G,28854_C|T,28910_A|T,11288_11296,26158_26161,28271
USA/AZ-CDC-2-4567682/2021	XB	241_C|T,1255_A|G,3037_C|T,3688_C|T,3884_C|T,6633_C|T,6641_G|T,7142_A|G,7573_C|A,8825_A|C,9614_A|G,9693_C|T,9754_A|C,12591_T|C,14408_C|T,15026_C|T,15451_G|A,16466_C|T,21057_C|T,21615_T|G,21846_C|T,22036_A|C,22498_C|T,22882_T|A,23403_A|G,23604_C|A,23625_C|T,23638_C|T,23765_T|G,24442_C|T,24642_C|T,25513_C|T,26222_C|T,27389_C|T,27427_C|T,27769_C|T,28048_G|A,28330_A|G,28854_C|T,28910_A|T,11288_11296,26158_26161,28271
USA/AZ-CDC-2-4567685/2021	XB	241_C|T,1255_A|G,3037_C|T,3688_C|T,3884_C|T,6633_C|T,6641_G|T,7142_A|G,7573_C|A,8825_A|C,9614_A|G,9693_C|T,9754_A|C,12591_T|C,14408_C|T,15026_C|T,15451_G|A,16466_C|T,21057_C|T,21615_T|G,21846_C|T,22036_A|C,22498_C|T,22882_T|A,23403_A|G,23604_C|A,23625_C|T,23638_C|T,23765_T|G,24442_C|T,24642_C|T,25513_C|T,26222_C|T,27389_C|T,27427_C|T,27769_C|T,28048_G|A,28330_A|G,28854_C|T,28910_A|T,11288_11296,26158_26161,28271
USA/AZ-CDC-2-4567783/2021	XB	241_C|T,1255_A|G,3037_C|T,3688_C|T,3884_C|T,6633_C|T,6641_G|T,7142_A|G,7573_C|A,8825_A|C,9614_A|G,9693_C|T,9754_A|C,12591_T|C,14408_C|T,15026_C|T,15451_G|A,16466_C|T,18756_G|T,21057_C|T,21615_T|G,21846_C|T,22036_A|C,22498_C|T,22882_T|A,23403_A|G,23604_C|A,23625_C|T,23638_C|T,23765_T|G,24442_C|T,24642_C|T,25513_C|T,26222_C|T,27389_C|T,27427_C|T,27769_C|T,28048_G|A,28330_A|G,28854_C|T,28910_A|T,11288_11296,26158_26161,28271
USA/AZ-CDC-ASC210076442/2021	XB	241_C|T,1163_A|C,1255_A|G,2701_C|T,3037_C|T,3688_C|T,3884_C|T,6633_C|T,7142_A|G,9614_A|G,9693_C|T,9754_A|C,14408_C|T,15026_C|T,15451_G|A,16466_C|T,21057_C|T,21615_T|G,21691_C|T,21846_C|T,22036_A|C,23403_A|G,23604_C|A,23625_C|T,23638_C|T,23765_T|G,24442_C|T,24642_C|T,26222_C|T,27389_C|T,27769_C|T,28045_C|T,28048_G|A,28330_A|G,28854_C|T,28910_A|T,11288_11296,26158_26161,28271
USA/AZ-CDC-ASC210109531/2021	XB	241_C|T,1255_A|G,3037_C|T,3688_C|T,3884_C|T,6633_C|T,7142_A|G,9614_A|G,9693_C|T,9699_T|C,9754_A|C,14408_C|T,15026_C|T,15451_G|A,16466_C|T,17135_C|T,21057_C|T,21612_A|G,21615_T|G,21846_C|T,22036_A|C,22882_T|A,23403_A|G,23604_C|A,23625_C|T,23638_C|T,23765_T|G,24442_C|T,24642_C|T,25455_G|T,26222_C|T,27389_C|T,27769_C|T,28048_G|A,28330_A|G,28854_C|T,28910_A|T,11288_11296,26158_26161,28271
USA/AZ-CDC-ASC210114195/2021	XB	241_C|T,1255_A|G,3037_C|T,3688_C|T,3884_C|T,6633_C|T,7142_A|G,9614_A|G,9693_C|T,9754_A|C,12591_T|C,14408_C|T,15026_C|T,15451_G|A,16466_C|T,17288_C|T,17766_C|T,21057_C|T,21615_T|G,21846_C|T,22036_A|C,22498_C|T,23403_A|G,23604_C|A,23625_C|T,23638_C|T,23765_T|G,24442_C|T,24642_C|T,24819_A|G,25513_C|T,26222_C|T,27389_C|T,27427_C|T,27769_C|T,28048_G|A,28330_A|G,28854_C|T,28910_A|T,11288_11296,26158_26161,28271
USA/AZ-CDC-ASC210156889/2021	XB	241_C|T,1419_C|T,3037_C|T,3688_C|T,3884_C|T,6633_C|T,6717_G|T,7142_A|G,8480_C|T,9614_A|G,9693_C|T,9754_A|C,12580_T|C,14408_C|T,15451_G|A,16466_C|T,17403_C|T,19117_G|T,20407_T|C,20987_C|T,21057_C|T,21615_T|G,21846_C|T,22036_A|C,23403_A|G,23604_C|A,23625_C|T,23765_T|G,24442_C|T,24642_C|T,26222_C|T,27389_C|T,27769_C|T,28048_G|A,28330_A|G,28854_C|T,28910_A|T,28980_G|A,29543_G|T,11288_11296,26158_26161,28271
USA/AZ-CDC-LC0073200/2021	XB	241_C|T,1255_A|G,3037_C|T,3688_C|T,3884_C|T,6633_C|T,7142_A|G,9614_A|G,9693_C|T,9754_A|C,14408_C|T,15026_C|T,15451_G|A,16466_C|T,21057_C|T,21612_A|G,21615_T|G,21846_C|T,22036_A|C,22882_T|A,23403_A|G,23604_C|A,23625_C|T,23638_C|T,23765_T|G,24442_C|T,24642_C|T,26222_C|T,26409_T|C,26681_C|T,27389_C|T,27769_C|T,28048_G|A,28330_A|G,28854_C|T,28910_A|T,11288_11296,26158_26161,28271
USA/AZ-CDC-LC0073303/2021	XB	241_C|T,1255_A|G,3037_C|T,3688_C|T,3884_C|T,6633_C|T,7142_A|G,7573_C|A,9614_A|G,9693_C|T,9754_A|C,12591_T|C,14408_C|T,15026_C|T,15451_G|A,16466_C|T,21057_C|T,21615_T|G,21846_C|T,22036_A|C,22498_C|T,22882_T|A,23403_A|G,23604_C|A,23625_C|T,23638_C|T,23765_T|G,24442_C|T,24642_C|T,25513_C|T,26167_G|T,26222_C|T,27389_C|T,27427_C|T,27769_C|T,28048_G|A,28330_A|G,28854_C|T,28910_A|T,11288_11296,26158_26161,28271
USA/AZ-CDC-LC0091201/2021	XB	241_C|T,1255_A|G,3037_C|T,3688_C|T,3884_C|T,6633_C|T,7142_A|G,9614_A|G,9693_C|T,9754_A|C,12591_T|C,14408_C|T,14931_C|T,15026_C|T,15451_G|A,16466_C|T,19890_A|G,21057_C|T,21615_T|G,21846_C|T,22036_A|C,22498_C|T,22882_T|A,23403_A|G,23604_C|A,23625_C|T,23638_C|T,23765_T|G,24442_C|T,24642_C|T,25513_C|T,26222_C|T,27389_C|T,27427_C|T,27769_C|T,28048_G|A,28330_A|G,28854_C|T,28910_A|T,11288_11296,26158_26161,28271
USA/AZ-CDC-LC0091203/2021	XB	241_C|T,1255_A|G,3037_C|T,3688_C|T,3884_C|T,6633_C|T,7142_A|G,9614_A|G,9693_C|T,9754_A|C,12591_T|C,14408_C|T,15026_C|T,15451_G|A,16466_C|T,21057_C|T,21615_T|G,21846_C|T,22036_A|C,22208_C|T,22498_C|T,22882_T|A,23403_A|G,23604_C|A,23625_C|T,23638_C|T,23765_T|G,24442_C|T,24642_C|T,25513_C|T,26222_C|T,27389_C|T,27427_C|T,27769_C|T,28048_G|A,28330_A|G,28854_C|T,28910_A|T,11288_11296,26158_26161,28271
USA/AZ-CDC-LC0105037/2021	XB	241_C|T,1255_A|G,3037_C|T,3688_C|T,3884_C|T,6633_C|T,7142_A|G,8247_C|T,9614_A|G,9693_C|T,9754_A|C,12591_T|C,14408_C|T,15026_C|T,15451_G|A,16466_C|T,21057_C|T,21615_T|G,21846_C|T,22036_A|C,22498_C|T,22882_T|A,23403_A|G,23604_C|A,23625_C|T,23638_C|T,23765_T|G,24442_C|T,24642_C|T,25513_C|T,26222_C|T,27389_C|T,27427_C|T,27769_C|T,28048_G|A,28330_A|G,28854_C|T,28910_A|T,11288_11296,26158_26161,28271
USA/AZ-CDC-LC0105227/2021	XB	241_C|T,1255_A|G,3037_C|T,3688_C|T,3884_C|T,6633_C|T,7142_A|G,9614_A|G,9693_C|T,9754_A|C,12591_T|C,14408_C|T,15026_C|T,15451_G|A,16466_C|T,21057_C|T,21615_T|G,21846_C|T,22036_A|C,22498_C|T,22882_T|A,23403_A|G,23604_C|A,23625_C|T,23638_C|T,23765_T|G,24442_C|T,24642_C|T,25096_C|T,25423_G|C,25513_C|T,26222_C|T,27389_C|T,27427_C|T,27769_C|T,28048_G|A,28330_A|G,28854_C|T,28910_A|T,11288_11296,26158_26161,28271
USA/AZ-CDC-LC0127620/2021	XB	241_C|T,1255_A|G,3037_C|T,3688_C|T,3884_C|T,6633_C|T,7142_A|G,9614_A|G,9693_C|T,9754_A|C,12591_T|C,14408_C|T,15026_C|T,15451_G|A,16466_C|T,21057_C|T,21615_T|G,21846_C|T,22036_A|C,22498_C|T,22882_T|A,23403_A|G,23604_C|A,23625_C|T,23638_C|T,23765_T|G,24442_C|T,24642_C|T,25513_C|T,26222_C|T,27389_C|T,27427_C|T,27769_C|T,28048_G|A,28330_A|G,28854_C|T,28910_A|T,11288_11296,26158_26161,28271,28904_28906
USA/AZ-CDC-QDX25663781/2021	XB	241_C|T,1255_A|G,3037_C|T,3688_C|T,3884_C|T,5294_G|A,6633_C|T,7142_A|G,9614_A|G,9693_C|T,9754_A|C,12591_T|C,14408_C|T,15026_C|T,15451_G|A,16466_C|T,21057_C|T,21305_G|T,21615_T|G,21846_C|T,22036_A|C,22293_T|C,22498_C|T,22882_T|A,23403_A|G,23604_C|A,23625_C|T,23638_C|T,23765_T|G,24442_C|T,24642_C|T,25513_C|T,26222_C|T,27389_C|T,27427_C|T,27769_C|T,28048_G|A,28330_A|G,28854_C|T,28910_A|T,509_523,11288_11296,26158_26161,28271
USA/AZ-CDC-QDX26255939/2021	XB	241_C|T,1255_A|G,3037_C|T,3688_C|T,3884_C|T,5294_G|A,6633_C|T,7142_A|G,9614_A|G,9693_C|T,9754_A|C,12591_T|C,14408_C|T,15026_C|T,15451_G|A,16466_C|T,21057_C|T,21255_G|T,21615_T|G,21846_C|T,22036_A|C,22498_C|T,22882_T|A,23403_A|G,23604_C|A,23625_C|T,23638_C|T,23765_T|G,24442_C|T,24642_C|T,25513_C|T,26222_C|T,27389_C|T,27427_C|T,27769_C|T,28048_G|A,28330_A|G,28610_C|A,28854_C|T,28910_A|T,11288_11296,26158_26161,28271
USA/AZ-CDC-QDX26256085/2021	XB	241_C|T,988_C|T,1255_A|G,3037_C|T,3688_C|T,3884_C|T,5294_G|A,6633_C|T,7142_A|G,9614_A|G,9693_C|T,9754_A|C,12591_T|C,14408_C|T,15026_C|T,15451_G|A,16466_C|T,21057_C|T,21255_G|T,21615_T|G,21846_C|T,22036_A|C,22498_C|T,22882_T|A,23403_A|G,23604_C|A,23625_C|T,23638_C|T,23765_T|G,24442_C|T,24642_C|T,25513_C|T,26222_C|T,27389_C|T,27427_C|T,27769_C|T,28048_G|A,28330_A|G,28610_C|A,28854_C|T,28910_A|T,11288_11296,26158_26161,28271
USA/AZ-CDC-STM-000704038/2021	XB	241_C|T,1255_A|G,3037_C|T,3688_C|T,3884_C|T,6633_C|T,7142_A|G,9614_A|G,9693_C|T,9754_A|C,12591_T|C,14408_C|T,15026_C|T,15451_G|A,16466_C|T,20136_A|G,21057_C|T,21615_T|G,21846_C|T,22036_A|C,22498_C|T,22882_T|A,23403_A|G,23604_C|A,23625_C|T,23638_C|T,23765_T|G,24442_C|T,24642_C|T,25513_C|T,26106_T|C,26222_C|T,27389_C|T,27427_C|T,27769_C|T,28048_G|A,28330_A|G,28854_C|T,28910_A|T,11288_11296,26158_26161,28271
USA/AZ-CDC-STM-000704146/2021	XB	241_C|T,1255_A|G,3037_C|T,3688_C|T,3884_C|T,6633_C|T,7142_A|G,9614_A|G,9693_C|T,9754_A|C,12591_T|C,14408_C|T,15026_C|T,15451_G|A,16466_C|T,21057_C|T,21615_T|G,21846_C|T,22036_A|C,22498_C|T,22882_T|A,23403_A|G,23604_C|A,23625_C|T,23638_C|T,23765_T|G,24442_C|T,24642_C|T,25513_C|T,26222_C|T,27389_C|T,27427_C|T,27769_C|T,28048_G|A,28237_G|T,28330_A|G,28854_C|T,28910_A|T,29789_T|C,11288_11296,26158_26161,28271,28904_28906
USA/CA-860044/2021	XB	241_C|T,1255_A|G,3037_C|T,3688_C|T,3884_C|T,6633_C|T,7142_A|G,7573_C|A,9614_A|G,9693_C|T,9754_A|C,12591_T|C,14408_C|T,15026_C|T,15451_G|A,16466_C|T,18424_A|T,20132_C|T,21057_C|T,21615_T|G,21846_C|T,22036_A|C,22498_C|T,22882_T|A,23403_A|G,23604_C|A,23625_C|T,23638_C|T,23765_T|G,24442_C|T,24642_C|T,25513_C|T,25644_G|T,26222_C|T,27389_C|T,27427_C|T,27769_C|T,28048_G|A,28330_A|G,28854_C|T,28910_A|T,29870_C|A,11288_11296,26158_26161,28271
USA/CA-864518/2021	XB	241_C|T,829_C|T,1419_C|T,3037_C|T,3688_C|T,3884_C|T,6633_C|T,6717_G|T,7142_A|G,8480_C|T,9614_A|G,9693_C|T,9754_A|C,13011_C|T,14408_C|T,15451_G|A,16466_C|T,17403_C|T,19117_G|T,20987_C|T,21057_C|T,21615_T|G,21846_C|T,22036_A|C,22882_T|A,23403_A|G,23604_C|A,23625_C|T,23765_T|G,24442_C|T,24642_C|T,26222_C|T,26645_C|T,27389_C|T,27769_C|T,28048_G|A,28330_A|G,28854_C|T,28910_A|T,29543_G|T,11288_11296,26158_26161,28271
USA/CA-CDC-2-4611685/2021	XB	241_C|T,1255_A|G,3037_C|T,3688_C|T,3884_C|T,6633_C|T,7142_A|G,9614_A|G,9693_C|T,9754_A|C,12591_T|C,14408_C|T,15026_C|T,15451_G|A,16466_C|T,21057_C|T,21615_T|G,21846_C|T,22036_A|C,22498_C|T,22882_T|A,23403_A|G,23604_C|A,23625_C|T,23638_C|T,23765_T|G,24442_C|T,24642_C|T,25513_C|T,26222_C|T,27389_C|T,27427_C|T,27769_C|T,28048_G|A,28330_A|G,28854_C|T,28910_A|T,11288_11296,26158_26161,28271
USA/CA-CDC-2-4611789/2021	XB	241_C|T,1255_A|G,3037_C|T,3688_C|T,3884_C|T,6633_C|T,7142_A|G,9614_A|G,9693_C|T,9754_A|C,12591_T|C,14408_C|T,15026_C|T,15451_G|A,16466_C|T,21057_C|T,21615_T|G,21846_C|T,22036_A|C,22498_C|T,22882_T|A,23403_A|G,23604_C|A,23625_C|T,23638_C|T,23765_T|G,24442_C|T,24642_C|T,25513_C|T,26222_C|T,27281_G|T,27389_C|T,27427_C|T,27769_C|T,28048_G|A,28330_A|G,28854_C|T,28910_A|T,11288_11296,26158_26161,28271
USA/CA-CDC-ASC210017002/2021	XB	241_C|T,1255_A|G,3037_C|T,3688_C|T,3884_C|T,6633_C|T,7142_A|G,9614_A|G,9693_C|T,9754_A|C,14408_C|T,15026_C|T,15451_G|A,16466_C|T,21057_C|T,21615_T|G,21846_C|T,22036_A|C,22882_T|A,23403_A|G,23604_C|A,23625_C|T,23638_C|T,23765_T|G,24442_C|T,24642_C|T,26222_C|T,27389_C|T,27769_C|T,28048_G|A,28330_A|G,28854_C|T,28910_A|T,11288_11296,26158_26161,28271
USA/CA-CDC-ASC210019456/2021	XB	241_C|T,1255_A|G,3037_C|T,3688_C|T,3884_C|T,6633_C|T,7142_A|G,9614_A|G,9693_C|T,9754_A|C,14408_C|T,15026_C|T,15451_G|A,16466_C|T,21057_C|T,21615_T|G,21846_C|T,22036_A|C,22882_T|A,23403_A|G,23604_C|A,23625_C|T,23638_C|T,23765_T|G,24442_C|T,24642_C|T,26222_C|T,27389_C|T,27769_C|T,28048_G|A,28330_A|G,28854_C|T,28910_A|T,11288_11296,26158_26161,28271
USA/CA-CDC-ASC210032798/2021	XB	241_C|T,1255_A|G,3037_C|T,3688_C|T,3884_C|T,6633_C|T,7142_A|G,9614_A|G,9693_C|T,9754_A|C,14408_C|T,15026_C|T,15451_G|A,16466_C|T,21057_C|T,21615_T|G,21846_C|T,22036_A|C,22882_T|A,23403_A|G,23604_C|A,23625_C|T,23638_C|T,23765_T|G,24442_C|T,24642_C|T,26222_C|T,27389_C|T,27769_C|T,28048_G|A,28330_A|G,28854_C|T,28910_A|T,11288_11296,26158_26161,28271
USA/CA-CDC-ASC210034794/2021	XB	241_C|T,1255_A|G,3037_C|T,3688_C|T,3884_C|T,6633_C|T,7142_A|G,9614_A|G,9693_C|T,9754_A|C,14408_C|T,15026_C|T,15451_G|A,16466_C|T,21057_C|T,21615_T|G,21846_C|T,22036_A|C,23403_A|G,23604_C|A,23625_C|T,23638_C|T,23765_T|G,24442_C|T,24642_C|T,26222_C|T,27389_C|T,27769_C|T,28048_G|A,28330_A|G,28854_C|T,28910_A|T,11288_11296,26158_26161,28271
USA/CA-CDC-ASC210037148/2021	XB	241_C|T,1255_A|G,3037_C|T,3688_C|T,3884_C|T,6633_C|T,7142_A|G,9614_A|G,9693_C|T,9754_A|C,12591_T|C,14408_C|T,15026_C|T,15451_G|A,16466_C|T,21057_C|T,21615_T|G,21846_C|T,22036_A|C,22498_C|T,22882_T|A,23403_A|G,23604_C|A,23625_C|T,23638_C|T,23765_T|G,24442_C|T,24642_C|T,25513_C|T,25897_A|C,26222_C|T,26310_T|A,27389_C|T,27427_C|T,27769_C|T,28048_G|A,28330_A|G,28854_C|T,28910_A|T,11288_11296,26158_26161,28271
USA/CA-CDC-ASC210042157/2021	XB	241_C|T,1255_A|G,3037_C|T,3688_C|T,3884_C|T,6633_C|T,7142_A|G,9614_A|G,9693_C|T,9754_A|C,14408_C|T,15026_C|T,15451_G|A,16466_C|T,21057_C|T,21615_T|G,21846_C|T,22036_A|C,22882_T|A,23403_A|G,23604_C|A,23625_C|T,23638_C|T,23765_T|G,24442_C|T,24642_C|T,26222_C|T,27389_C|T,27769_C|T,28048_G|A,28330_A|G,28854_C|T,28910_A|T,11288_11296,26158_26161,28271
USA/CA-CDC-ASC210042158/2021	XB	241_C|T,1255_A|G,3037_C|T,3688_C|T,3884_C|T,6633_C|T,7142_A|G,9614_A|G,9693_C|T,9754_A|C,14408_C|T,15026_C|T,15451_G|A,16466_C|T,21057_C|T,21615_T|G,21846_C|T,22036_A|C,22882_T|A,23403_A|G,23604_C|A,23625_C|T,23638_C|T,23765_T|G,24442_C|T,24642_C|T,26222_C|T,27389_C|T,27769_C|T,28048_G|A,28330_A|G,28854_C|T,28910_A|T,11288_11296,26158_26161,28271
USA/CA-CDC-ASC210046701/2021	XB	241_C|T,1255_A|G,3037_C|T,3688_C|T,3884_C|T,6633_C|T,7142_A|G,9614_A|G,9693_C|T,9754_A|C,14408_C|T,15026_C|T,15451_G|A,16466_C|T,21057_C|T,21615_T|G,21846_C|T,22036_A|C,22882_T|A,23403_A|G,23604_C|A,23625_C|T,23638_C|T,23765_T|G,24442_C|T,24642_C|T,26222_C|T,27389_C|T,27769_C|T,28048_G|A,28330_A|G,28854_C|T,28910_A|T,11288_11296,26158_26161,28271
USA/CA-CDC-ASC210046713/2021	XB	241_C|T,1255_A|G,3037_C|T,3688_C|T,3884_C|T,6633_C|T,7142_A|G,9614_A|G,9693_C|T,9754_A|C,14408_C|T,15026_C|T,15451_G|A,16466_C|T,21057_C|T,21615_T|G,21846_C|T,22036_A|C,22882_T|A,23403_A|G,23604_C|A,23625_C|T,23638_C|T,23765_T|G,24442_C|T,24642_C|T,26222_C|T,27389_C|T,27769_C|T,28048_G|A,28330_A|G,28854_C|T,28910_A|T,11288_11296,26158_26161,28271
USA/CA-CDC-ASC210060954/2021	XB	241_C|T,1255_A|G,3037_C|T,3688_C|T,3884_C|T,6633_C|T,7142_A|G,9614_A|G,9693_C|T,9754_A|C,12591_T|C,14408_C|T,15026_C|T,15451_G|A,16466_C|T,19175_A|G,21057_C|T,21615_T|G,21846_C|T,22036_A|C,22498_C|T,22882_T|A,23403_A|G,23604_C|A,23625_C|T,23638_C|T,23765_T|G,24442_C|T,24642_C|T,25513_C|T,25886_C|T,26222_C|T,26310_T|A,27389_C|T,27427_C|T,27769_C|T,28048_G|A,28330_A|G,28854_C|T,28910_A|T,11288_11296,28271
USA/CA-CDC-ASC210060955/2021	XB	241_C|T,1255_A|G,3037_C|T,3688_C|T,3884_C|T,6633_C|T,7142_A|G,9614_A|G,9693_C|T,9754_A|C,12591_T|C,14408_C|T,15026_C|T,15451_G|A,16466_C|T,17339_C|T,21057_C|T,21615_T|G,21846_C|T,22036_A|C,22498_C|T,22882_T|A,23403_A|G,23604_C|A,23625_C|T,23638_C|T,23765_T|G,24442_C|T,24642_C|T,25513_C|T,26222_C|T,26310_T|A,27389_C|T,27427_C|T,27769_C|T,28048_G|A,28330_A|G,28854_C|T,28910_A|T,11288_11296,26158_26161,28271
USA/CA-CDC-ASC210064398/2021	XB	241_C|T,1255_A|G,3037_C|T,3688_C|T,3884_C|T,6388_C|T,6633_C|T,7142_A|G,9614_A|G,9693_C|T,9754_A|C,12591_T|C,14408_C|T,15026_C|T,15451_G|A,16466_C|T,21057_C|T,21615_T|G,21846_C|T,22036_A|C,22498_C|T,22882_T|A,23403_A|G,23604_C|A,23625_C|T,23638_C|T,23765_T|G,24442_C|T,24642_C|T,25513_C|T,26222_C|T,26310_T|A,27389_C|T,27427_C|T,27769_C|T,28048_G|A,28330_A|G,28854_C|T,28910_A|T,11288_11296,26158_26161,28271
USA/CA-CDC-ASC210070566/2021	XB	241_C|T,1255_A|G,3037_C|T,3688_C|T,3884_C|T,6633_C|T,7142_A|G,9614_A|G,9693_C|T,9754_A|C,14408_C|T,15026_C|T,15451_G|A,16466_C|T,21057_C|T,21615_T|G,21846_C|T,22036_A|C,22882_T|A,23403_A|G,23604_C|A,23625_C|T,23638_C|T,23765_T|G,24442_C|T,24642_C|T,26222_C|T,27389_C|T,27769_C|T,28048_G|A,28330_A|G,28854_C|T,28910_A|T,11288_11296,21992_21994,26158_26161,28271
USA/CA-CDC-ASC210105953/2021	XB	241_C|T,1255_A|G,2488_C|T,3037_C|T,3688_C|T,3884_C|T,6028_A|G,6633_C|T,7142_A|G,9614_A|G,9693_C|T,9754_A|C,12084_C|T,14408_C|T,15026_C|T,15451_G|A,16466_C|T,21057_C|T,21615_T|G,21846_C|T,22036_A|C,22882_T|A,23403_A|G,23604_C|A,23625_C|T,23638_C|T,23765_T|G,24442_C|T,24642_C|T,25046_C|T,26222_C|T,27389_C|T,27769_C|T,28048_G|A,28330_A|G,28854_C|T,28910_A|T,11288_11296,26158_26161,28271
USA/CA-CDC-ASC210105954/2021	XB	241_C|T,1255_A|G,2488_C|T,3037_C|T,3688_C|T,3884_C|T,6028_A|G,6633_C|T,7142_A|G,9614_A|G,9693_C|T,9754_A|C,12084_C|T,14408_C|T,15026_C|T,15451_G|A,16466_C|T,21057_C|T,21615_T|G,21846_C|T,22036_A|C,22882_T|A,23403_A|G,23604_C|A,23625_C|T,23638_C|T,23765_T|G,24442_C|T,24642_C|T,25046_C|T,26222_C|T,27389_C|T,27769_C|T,28048_G|A,28330_A|G,28854_C|T,28910_A|T,11288_11296,26158_26161,28271
USA/CA-CDC-ASC210109421/2021	XB	241_C|T,1255_A|G,1514_C|T,3037_C|T,3688_C|T,3884_C|T,4684_T|C,6633_C|T,7142_A|G,7420_C|T,9614_A|G,9693_C|T,9754_A|C,14408_C|T,15026_C|T,15451_G|A,16466_C|T,21057_C|T,21615_T|G,21846_C|T,22036_A|C,22882_T|A,23403_A|G,23596_T|C,23604_C|A,23625_C|T,23638_C|T,23765_T|G,24442_C|T,24642_C|T,26222_C|T,27297_C|T,27389_C|T,27769_C|T,28045_C|T,28048_G|A,28330_A|G,28854_C|T,28910_A|T,11288_11296,26158_26161,28271
USA/CA-CDC-ASC210112069/2021	XB	241_C|T,1255_A|G,3037_C|T,3688_C|T,3884_C|T,3984_C|T,6559_T|A,6633_C|T,7142_A|G,7573_C|A,9614_A|G,9693_C|T,9754_A|C,12591_T|C,14408_C|T,15026_C|T,15451_G|A,16466_C|T,21057_C|T,21615_T|G,21846_C|T,22036_A|C,22498_C|T,23403_A|G,23604_C|A,23625_C|T,23638_C|T,23765_T|G,24442_C|T,24642_C|T,25046_C|T,25513_C|T,26222_C|T,26527_C|T,27389_C|T,27427_C|T,27769_C|T,28048_G|A,28330_A|G,28854_C|T,28910_A|T,11288_11296,26158_26161,28271
USA/CA-CDC-ASC210113467/2021	XB	241_C|T,1255_A|G,3037_C|T,3688_C|T,3884_C|T,6028_A|G,6633_C|T,7086_C|A,7142_A|G,9614_A|G,9693_C|T,9754_A|C,14408_C|T,15026_C|T,15451_G|A,15921_G|T,16466_C|T,19961_C|T,21057_C|T,21615_T|G,21846_C|T,22036_A|C,22882_T|A,23403_A|G,23604_C|A,23625_C|T,23638_C|T,23765_T|G,24442_C|T,24642_C|T,25440_G|T,26222_C|T,27282_G|T,27389_C|T,27769_C|T,28000_C|A,28330_A|G,28854_C|T,28910_A|T,29096_G|A,11288_11296,26158_26161,28271
USA/CA-CDC-ASC210113468/2021	XB	241_C|T,1255_A|G,3037_C|T,3688_C|T,3884_C|T,5850_C|A,6028_A|G,6633_C|T,7086_C|A,7142_A|G,9614_A|G,9693_C|T,9754_A|C,14408_C|T,15026_C|T,15451_G|A,15921_G|T,16466_C|T,19961_C|T,21057_C|T,21615_T|G,21846_C|T,22036_A|C,22882_T|A,23403_A|G,23604_C|A,23625_C|T,23638_C|T,23765_T|G,24442_C|T,24642_C|T,25440_G|T,26222_C|T,27282_G|T,27389_C|T,27769_C|T,28330_A|G,28854_C|T,28910_A|T,11288_11296,26158_26161,28000_28110,28271
USA/CA-CDC-ASC210114024/2021	XB	241_C|T,1255_A|G,3037_C|T,3688_C|T,3884_C|T,6028_A|G,6633_C|T,7086_C|A,7142_A|G,9614_A|G,9693_C|T,9754_A|C,14408_C|T,15026_C|T,15451_G|A,15921_G|T,16466_C|T,19961_C|T,21057_C|T,21615_T|G,21846_C|T,22036_A|C,23403_A|G,23604_C|A,23625_C|T,23638_C|T,23765_T|G,24442_C|T,24642_C|T,25440_G|T,26222_C|T,27282_G|T,27389_C|T,27769_C|T,28330_A|G,28854_C|T,28910_A|T,11288_11296,26158_26161,28000_28110,28271
USA/CA-CDC-ASC210114509/2021	XB	241_C|T,1255_A|G,3037_C|T,3688_C|T,3884_C|T,6633_C|T,7142_A|G,7573_C|A,9614_A|G,9693_C|T,9754_A|C,12591_T|C,14408_C|T,15026_C|T,15451_G|A,16466_C|T,18424_A|T,21057_C|T,21615_T|G,21846_C|T,22036_A|C,22498_C|T,22882_T|A,23403_A|G,23604_C|A,23625_C|T,23638_C|T,23765_T|G,24442_C|T,24642_C|T,25513_C|T,26222_C|T,27389_C|T,27427_C|T,27769_C|T,28048_G|A,28330_A|G,28854_C|T,28910_A|T,11288_11296,26158_26161,28271
USA/CA-CDC-ASC210157111/2021	XB	241_C|T,1419_C|T,3037_C|T,3688_C|T,3884_C|T,5209_A|T,6633_C|T,6717_G|T,8480_C|T,9614_A|G,9693_C|T,9754_A|C,14408_C|T,15451_G|A,16466_C|T,17403_C|T,20987_C|T,21057_C|T,21615_T|G,21846_C|T,22036_A|C,23403_A|G,23604_C|A,23625_C|T,23765_T|G,24442_C|T,24642_C|T,26222_C|T,27389_C|T,27769_C|T,28048_G|A,28330_A|G,28854_C|T,28910_A|T,28954_G|A,29543_G|T,29750_C|T,11288_11296,26158_26161,28271
USA/CA-CDC-ASC210157246/2021	XB	241_C|T,1255_A|G,3037_C|T,3688_C|T,3884_C|T,6633_C|T,7142_A|G,9614_A|G,9693_C|T,9754_A|C,12591_T|C,14408_C|T,15026_C|T,15451_G|A,16466_C|T,21057_C|T,21615_T|G,21846_C|T,22036_A|C,22498_C|T,23403_A|G,23604_C|A,23625_C|T,23638_C|T,23765_T|G,24038_G|A,24442_C|T,24642_C|T,25513_C|T,26222_C|T,27389_C|T,27427_C|T,27769_C|T,28048_G|A,28330_A|G,28854_C|T,28910_A|T,11288_11296,26158_26161,28271
USA/CA-CDC-ASC210157629/2021	XB	241_C|T,1255_A|G,3037_C|T,3688_C|T,3884_C|T,6028_A|G,6633_C|T,7086_C|A,7142_A|G,9614_A|G,9693_C|T,9754_A|C,14408_C|T,15026_C|T,15451_G|A,15921_G|T,16466_C|T,19961_C|T,21057_C|T,21615_T|G,21846_C|T,22036_A|C,23403_A|G,23604_C|A,23625_C|T,23638_C|T,23765_T|G,24442_C|T,24642_C|T,25440_G|T,26222_C|T,27282_G|T,27389_C|T,27769_C|T,28000_C|A,28330_A|G,28854_C|T,28910_A|T,29096_G|A,11288_11296,26158_26161,28271
USA/CA-CDC-ASC210157635/2021	XB	241_C|T,1419_C|T,3037_C|T,3688_C|T,3884_C|T,5209_A|T,6633_C|T,6717_G|T,7142_A|G,8480_C|T,9614_A|G,9693_C|T,9754_A|C,13882_A|G,14408_C|T,14925_C|T,15451_G|A,16466_C|T,17403_C|T,20987_C|T,21057_C|T,21615_T|G,21846_C|T,22036_A|C,23403_A|G,23604_C|A,23625_C|T,23765_T|G,24442_C|T,24642_C|T,26222_C|T,27389_C|T,27769_C|T,28048_G|A,28330_A|G,28854_C|T,28910_A|T,28954_G|A,29543_G|T,29750_C|T,11288_11296,26158_26161,28271
USA/CA-CDC-ASC210158437/2021	XB	171_C|G,241_C|T,3037_C|T,3261_C|T,3688_C|T,3884_C|T,6633_C|T,7142_A|G,7735_C|T,9614_A|G,9693_C|T,9754_A|C,14408_C|T,15451_G|A,16466_C|T,19694_C|T,21057_C|T,21615_T|G,21846_C|T,22036_A|C,22975_A|G,23401_G|T,23403_A|G,23604_C|A,23625_C|T,23765_T|G,24442_C|T,24642_C|T,24933_G|T,25827_T|C,26222_C|T,27389_C|T,27769_C|T,27892_A|G,28048_G|A,28330_A|G,28854_C|T,28910_A|T,29218_C|T,11288_11296,26158_26161,28271
USA/CA-CDC-ASC210159293/2021	XB	241_C|T,1255_A|G,3037_C|T,3688_C|T,3884_C|T,6633_C|T,7142_A|G,9614_A|G,9693_C|T,9754_A|C,12591_T|C,14408_C|T,15026_C|T,15451_G|A,16466_C|T,21057_C|T,21615_T|G,21846_C|T,22036_A|C,22498_C|T,23403_A|G,23601_C|T,23604_C|A,23625_C|T,23638_C|T,23765_T|G,24442_C|T,24642_C|T,25513_C|T,25913_G|A,26222_C|T,27074_G|T,27389_C|T,27427_C|T,27769_C|T,28048_G|A,28330_A|G,28854_C|T,28910_A|T,11288_11296,26158_26161,28271
USA/CA-CDC-ASC210159707/2021	XB	241_C|T,1255_A|G,3037_C|T,3688_C|T,3884_C|T,6633_C|T,7142_A|G,9614_A|G,9693_C|T,9754_A|C,12591_T|C,14408_C|T,15026_C|T,15451_G|A,16466_C|T,21057_C|T,21615_T|G,21846_C|T,22036_A|C,22498_C|T,23403_A|G,23601_C|T,23604_C|A,23625_C|T,23638_C|T,23765_T|G,24442_C|T,24642_C|T,25513_C|T,25913_G|A,26222_C|T,27074_G|T,27389_C|T,27427_C|T,27769_C|T,28048_G|A,28330_A|G,28854_C|T,28910_A|T,11288_11296,26158_26161,28271
USA/CA-CDC-ASC210159719/2021	XB	241_C|T,1255_A|G,3037_C|T,3688_C|T,3884_C|T,6633_C|T,7142_A|G,9614_A|G,9693_C|T,9754_A|C,12591_T|C,14408_C|T,15026_C|T,15451_G|A,16466_C|T,21057_C|T,21615_T|G,21846_C|T,22036_A|C,22498_C|T,23403_A|G,23601_C|T,23604_C|A,23625_C|T,23638_C|T,23765_T|G,24442_C|T,24642_C|T,25513_C|T,25913_G|A,26222_C|T,27074_G|T,27389_C|T,27427_C|T,27769_C|T,28048_G|A,28330_A|G,28854_C|T,28910_A|T,11288_11296,26158_26161,28271
USA/CA-CDC-ASC210161362/2021	XB	241_C|T,1255_A|G,3037_C|T,3688_C|T,3884_C|T,6633_C|T,7142_A|G,7573_C|A,9614_A|G,9693_C|T,9754_A|C,12591_T|C,14408_C|T,15026_C|T,15451_G|A,16466_C|T,18424_A|T,20131_G|T,20132_C|T,21057_C|T,21615_T|G,21846_C|T,22036_A|C,23403_A|G,23604_C|A,23625_C|T,23638_C|T,23765_T|G,24442_C|T,24642_C|T,25513_C|T,25644_G|T,26222_C|T,27389_C|T,27427_C|T,27769_C|T,28048_G|A,28330_A|G,28854_C|T,28910_A|T,11288_11296,26158_26161,28271
USA/CA-CDC-ASC210203158/2021	XB	241_C|T,1255_A|G,3037_C|T,3688_C|T,3884_C|T,6633_C|T,7142_A|G,9614_A|G,9693_C|T,9754_A|C,12591_T|C,14408_C|T,15026_C|T,15451_G|A,16466_C|T,18744_C|T,21057_C|T,21615_T|G,21846_C|T,22036_A|C,22882_T|A,23403_A|G,23604_C|A,23625_C|T,23638_C|T,23765_T|G,24319_C|T,24442_C|T,24642_C|T,25513_C|T,26222_C|T,27389_C|T,27427_C|T,27769_C|T,28048_G|A,28330_A|G,28854_C|T,28910_A|T,11288_11296,26158_26161,28271
USA/CA-CDC-ASC210237074/2021	XB	241_C|T,1255_A|G,3037_C|T,3688_C|T,3884_C|T,6633_C|T,7142_A|G,7573_C|A,9614_A|G,9693_C|T,9754_A|C,10138_C|T,12591_T|C,14408_C|T,15026_C|T,15451_G|A,16466_C|T,18424_A|T,20132_C|T,21057_C|T,21615_T|G,21846_C|T,22036_A|C,22498_C|T,23403_A|G,23604_C|A,23625_C|T,23638_C|T,23765_T|G,24442_C|T,24642_C|T,25513_C|T,25644_G|T,26222_C|T,27389_C|T,27427_C|T,27769_C|T,28048_G|A,28330_A|G,28854_C|T,28910_A|T,11288_11296,26158_26161,28271
USA/CA-CDC-ASC210243319/2021	XB	241_C|T,1255_A|G,3037_C|T,3688_C|T,3884_C|T,6633_C|T,7142_A|G,7573_C|A,9614_A|G,9693_C|T,9754_A|C,12591_T|C,13551_C|T,14408_C|T,15026_C|T,15451_G|A,16466_C|T,18424_A|T,21057_C|T,21615_T|G,21846_C|T,22036_A|C,22498_C|T,22882_T|A,23403_A|G,23604_C|A,23625_C|T,23638_C|T,23765_T|G,24442_C|T,24642_C|T,25513_C|T,26222_C|T,27389_C|T,27427_C|T,27577_C|G,27769_C|T,28048_G|A,28330_A|G,28854_C|T,28910_A|T,28942_G|C,11288_11296,26158_26161,28271
USA/CA-CDC-ASC210243320/2021	XB	241_C|T,1255_A|G,3037_C|T,3688_C|T,3884_C|T,6633_C|T,7142_A|G,7573_C|A,9614_A|G,9693_C|T,9754_A|C,12591_T|C,14408_C|T,15026_C|T,15451_G|A,16466_C|T,18424_A|T,21057_C|T,21575_C|T,21615_T|G,21846_C|T,22036_A|C,22498_C|T,22882_T|A,23403_A|G,23604_C|A,23625_C|T,23638_C|T,23765_T|G,24442_C|T,24642_C|T,25513_C|T,26222_C|T,27389_C|T,27427_C|T,27577_C|G,27769_C|T,28048_G|A,28330_A|G,28854_C|T,28910_A|T,28942_G|C,11288_11296,26158_26161,28271
USA/CA-CDC-ASC210246642/2021	XB	241_C|T,1255_A|G,3037_C|T,3688_C|T,3884_C|T,6633_C|T,7142_A|G,7573_C|A,9614_A|G,9693_C|T,9754_A|C,12591_T|C,14408_C|T,15026_C|T,15451_G|A,16466_C|T,18424_A|T,20132_C|T,21057_C|T,21615_T|G,21846_C|T,22036_A|C,22498_C|T,22882_T|A,23403_A|G,23604_C|A,23625_C|T,23638_C|T,23765_T|G,24442_C|T,24642_C|T,25513_C|T,25644_G|T,26222_C|T,27389_C|T,27427_C|T,27769_C|T,28048_G|A,28330_A|G,28854_C|T,28910_A|T,11288_11296,26158_26161,28271
USA/CA-CDC-ASC210247597/2021	XB	241_C|T,1255_A|G,3037_C|T,3688_C|T,3884_C|T,6633_C|T,7142_A|G,7573_C|A,9614_A|G,9693_C|T,9754_A|C,12591_T|C,14408_C|T,15026_C|T,15451_G|A,16466_C|T,18424_A|T,21057_C|T,21615_T|G,21846_C|T,22036_A|C,22498_C|T,22882_T|A,23403_A|G,23604_C|A,23625_C|T,23638_C|T,23765_T|G,24442_C|T,24642_C|T,25513_C|T,26222_C|T,27389_C|T,27427_C|T,27769_C|T,28048_G|A,28330_A|G,28854_C|T,28910_A|T,11288_11296,26158_26161,28271
USA/CA-CDC-ASC210249485/2021	XB	241_C|T,1255_A|G,3037_C|T,3688_C|T,3884_C|T,6633_C|T,7142_A|G,7573_C|A,9614_A|G,9693_C|T,9754_A|C,12591_T|C,14408_C|T,15026_C|T,15451_G|A,16466_C|T,18424_A|T,20132_C|T,21057_C|T,21615_T|G,21846_C|T,22036_A|C,22498_C|T,22882_T|A,23403_A|G,23604_C|A,23625_C|T,23638_C|T,23765_T|G,24442_C|T,24642_C|T,25513_C|T,25644_G|T,26222_C|T,27389_C|T,27427_C|T,27769_C|T,28048_G|A,28330_A|G,28854_C|T,28910_A|T,11288_11296,26158_26161,28271
USA/CA-CDC-FG-010459/2021	XB	241_C|T,1255_A|G,3037_C|T,3688_C|T,3884_C|T,6633_C|T,7142_A|G,9614_A|G,9693_C|T,9754_A|C,14408_C|T,15026_C|T,15451_G|A,16466_C|T,21057_C|T,21615_T|G,21846_C|T,22036_A|C,22882_T|A,23403_A|G,23604_C|A,23625_C|T,23638_C|T,23765_T|G,24442_C|T,24642_C|T,26222_C|T,27389_C|T,27769_C|T,28048_G|A,28330_A|G,28854_C|T,28910_A|T,11288_11296,26158_26161,28271
USA/CA-CDC-FG-010542/2021	XB	241_C|T,1255_A|G,3037_C|T,3688_C|T,3884_C|T,6633_C|T,7142_A|G,8473_T|C,9614_A|G,9693_C|T,9754_A|C,14408_C|T,15026_C|T,15451_G|A,16466_C|T,21057_C|T,21615_T|G,21846_C|T,22036_A|C,22882_T|A,23403_A|G,23604_C|A,23625_C|T,23638_C|T,23765_T|G,24442_C|T,24642_C|T,26222_C|T,27037_C|A,27389_C|T,27769_C|T,28048_G|A,28330_A|G,28854_C|T,28910_A|T,515_517,11288_11296,26158_26161,28271
USA/CA-CDC-FG-010572/2021	XB	241_C|T,1255_A|G,3037_C|T,3688_C|T,3884_C|T,6633_C|T,7142_A|G,9614_A|G,9693_C|T,9754_A|C,14408_C|T,15026_C|T,15451_G|A,16466_C|T,21057_C|T,21615_T|G,21846_C|T,22036_A|C,22882_T|A,23403_A|G,23604_C|A,23625_C|T,23638_C|T,23765_T|G,24442_C|T,24642_C|T,26222_C|T,27389_C|T,27769_C|T,28048_G|A,28330_A|G,28854_C|T,28910_A|T,11288_11296,26158_26161,28271
USA/CA-CDC-FG-010738/2021	XB	241_C|T,1255_A|G,3037_C|T,3688_C|T,3884_C|T,6633_C|T,7142_A|G,9614_A|G,9693_C|T,9754_A|C,12627_A|G,14313_T|C,14408_C|T,15026_C|T,15451_G|A,16466_C|T,21057_C|T,21615_T|G,21846_C|T,22036_A|C,22882_T|A,23403_A|G,23604_C|A,23625_C|T,23638_C|T,23765_T|G,24442_C|T,24642_C|T,26222_C|T,27389_C|T,27769_C|T,28048_G|A,28330_A|G,28854_C|T,28910_A|T,11288_11296,26158_26161,28271
USA/CA-CDC-FG-011188/2021	XB	241_C|T,1255_A|G,3037_C|T,3688_C|T,3884_C|T,6633_C|T,7142_A|G,9614_A|G,9693_C|T,9754_A|C,14408_C|T,15026_C|T,15451_G|A,16466_C|T,21057_C|T,21615_T|G,21846_C|T,22036_A|C,22882_T|A,23403_A|G,23604_C|A,23625_C|T,23638_C|T,23765_T|G,24442_C|T,24642_C|T,25688_C|A,26222_C|T,27389_C|T,27769_C|T,28048_G|A,28330_A|G,28854_C|T,28910_A|T,11288_11296,26158_26161,28271
USA/CA-CDC-FG-011193/2021	XB	241_C|T,1255_A|G,3037_C|T,3688_C|T,3884_C|T,6633_C|T,7142_A|G,9614_A|G,9693_C|T,9754_A|C,14408_C|T,15026_C|T,15451_G|A,16466_C|T,21057_C|T,21615_T|G,21846_C|T,22036_A|C,22882_T|A,23403_A|G,23604_C|A,23625_C|T,23638_C|T,23765_T|G,24442_C|T,24642_C|T,25688_C|A,26222_C|T,27389_C|T,27769_C|T,28048_G|A,28330_A|G,28854_C|T,28910_A|T,11288_11296,26158_26161,28271
USA/CA-CDC-FG-012437/2021	XB	241_C|T,1255_A|G,3037_C|T,3688_C|T,3884_C|T,6633_C|T,7142_A|G,9614_A|G,9693_C|T,9754_A|C,14408_C|T,15026_C|T,15451_G|A,16466_C|T,21057_C|T,21615_T|G,21846_C|T,22036_A|C,22882_T|A,23403_A|G,23604_C|A,23625_C|T,23638_C|T,23765_T|G,24442_C|T,24642_C|T,26222_C|T,27389_C|T,27769_C|T,28048_G|A,28330_A|G,28854_C|T,28910_A|T,11288_11296,26158_26161,28271
USA/CA-CDC-FG-012529/2021	XB	241_C|T,1255_A|G,3037_C|T,3688_C|T,3884_C|T,6633_C|T,7142_A|G,9614_A|G,9693_C|T,9754_A|C,14408_C|T,15026_C|T,15451_G|A,16466_C|T,21057_C|T,21615_T|G,21846_C|T,22036_A|C,22882_T|A,23403_A|G,23604_C|A,23625_C|T,23638_C|T,23765_T|G,24442_C|T,24642_C|T,26222_C|T,27389_C|T,27769_C|T,28048_G|A,28330_A|G,28854_C|T,28910_A|T,11288_11296,26158_26161,28271
USA/CA-CDC-FG-012689/2021	XB	241_C|T,1255_A|G,3037_C|T,3688_C|T,3884_C|T,6633_C|T,7142_A|G,9195_C|T,9614_A|G,9693_C|T,9754_A|C,14408_C|T,15026_C|T,15451_G|A,16466_C|T,20055_A|G,21057_C|T,21615_T|G,21846_C|T,22036_A|C,22882_T|A,23403_A|G,23604_C|A,23625_C|T,23638_C|T,23765_T|G,24442_C|T,24642_C|T,26222_C|T,27389_C|T,27769_C|T,28048_G|A,28330_A|G,28854_C|T,28910_A|T,11288_11296,26158_26161,28271
USA/CA-CDC-FG-014316/2021	XB	241_C|T,1255_A|G,3037_C|T,3688_C|T,3884_C|T,6633_C|T,7142_A|G,9195_C|T,9614_A|G,9693_C|T,9754_A|C,14408_C|T,15026_C|T,15451_G|A,16466_C|T,20055_A|G,21057_C|T,21615_T|G,21846_C|T,22036_A|C,22882_T|A,23403_A|G,23604_C|A,23625_C|T,23638_C|T,23765_T|G,24442_C|T,24642_C|T,26222_C|T,27389_C|T,27769_C|T,28048_G|A,28330_A|G,28854_C|T,28910_A|T,11288_11296,26158_26161,28271
USA/CA-CDC-FG-014405/2021	XB	241_C|T,1255_A|G,3037_C|T,3688_C|T,3884_C|T,6633_C|T,7142_A|G,9614_A|G,9693_C|T,9754_A|C,14408_C|T,15026_C|T,15451_G|A,16466_C|T,21057_C|T,21615_T|G,21846_C|T,22036_A|C,22882_T|A,23114_C|T,23403_A|G,23604_C|A,23625_C|T,23638_C|T,23765_T|G,24442_C|T,24642_C|T,26222_C|T,27389_C|T,27769_C|T,28048_G|A,28330_A|G,28854_C|T,28910_A|T,11288_11296,26158_26161,28271
USA/CA-CDC-FG-015152/2021	XB	241_C|T,1255_A|G,3037_C|T,3688_C|T,3884_C|T,6633_C|T,7142_A|G,9195_C|T,9614_A|G,9693_C|T,9754_A|C,14408_C|T,15026_C|T,15451_G|A,16466_C|T,20055_A|G,21057_C|T,21615_T|G,21846_C|T,22036_A|C,22882_T|A,23403_A|G,23604_C|A,23625_C|T,23638_C|T,23765_T|G,24442_C|T,24642_C|T,26222_C|T,27389_C|T,27769_C|T,28048_G|A,28330_A|G,28854_C|T,28910_A|T,11288_11296,26158_26161,28271
USA/CA-CDC-FG-015154/2021	XB	241_C|T,1255_A|G,3037_C|T,3688_C|T,3884_C|T,6633_C|T,7142_A|G,9195_C|T,9614_A|G,9693_C|T,9754_A|C,14408_C|T,15026_C|T,15451_G|A,16466_C|T,20055_A|G,21057_C|T,21615_T|G,21846_C|T,22036_A|C,22882_T|A,23403_A|G,23604_C|A,23625_C|T,23638_C|T,23765_T|G,24442_C|T,24642_C|T,26222_C|T,27389_C|T,27769_C|T,28048_G|A,28330_A|G,28854_C|T,28910_A|T,11288_11296,26158_26161,28271
USA/CA-CDC-FG-015171/2021	XB	241_C|T,1255_A|G,3037_C|T,3688_C|T,3884_C|T,6633_C|T,7142_A|G,9614_A|G,9693_C|T,9754_A|C,14408_C|T,15026_C|T,15451_G|A,16466_C|T,21057_C|T,21615_T|G,21846_C|T,22036_A|C,22882_T|A,23403_A|G,23604_C|A,23625_C|T,23638_C|T,23765_T|G,24442_C|T,24642_C|T,26222_C|T,27389_C|T,27769_C|T,28048_G|A,28330_A|G,28854_C|T,28910_A|T,515_517,11288_11296,26158_26161,28271
USA/CA-CDC-FG-015444/2021	XB	241_C|T,1255_A|G,3037_C|T,3688_C|T,3884_C|T,6028_A|G,6633_C|T,7142_A|G,9614_A|G,9693_C|T,9754_A|C,14408_C|T,15026_C|T,15451_G|A,16466_C|T,21057_C|T,21615_T|G,21846_C|T,22036_A|C,22882_T|A,23403_A|G,23604_C|A,23625_C|T,23638_C|T,23765_T|G,24442_C|T,24642_C|T,26222_C|T,27389_C|T,27769_C|T,28048_G|A,28330_A|G,28854_C|T,28910_A|T,11288_11296,26158_26161,28271
USA/CA-CDC-FG-015522/2021	XB	241_C|T,1255_A|G,1938_C|T,3037_C|T,3688_C|T,3884_C|T,6028_A|G,6633_C|T,7142_A|G,9614_A|G,9693_C|T,9754_A|C,14408_C|T,15026_C|T,15451_G|A,16466_C|T,20611_C|T,21057_C|T,21615_T|G,21846_C|T,22036_A|C,22882_T|A,23403_A|G,23604_C|A,23625_C|T,23638_C|T,23765_T|G,24442_C|T,24642_C|T,26222_C|T,27389_C|T,27769_C|T,28048_G|A,28330_A|G,28854_C|T,28910_A|T,11288_11296,26158_26161,28271
USA/CA-CDC-FG-015538/2021	XB	241_C|T,1255_A|G,3037_C|T,3688_C|T,3884_C|T,6633_C|T,7142_A|G,9195_C|T,9614_A|G,9693_C|T,9754_A|C,14408_C|T,15026_C|T,15451_G|A,16466_C|T,20055_A|G,21057_C|T,21615_T|G,21846_C|T,22036_A|C,22882_T|A,23403_A|G,23604_C|A,23625_C|T,23638_C|T,23765_T|G,24442_C|T,24642_C|T,26222_C|T,27389_C|T,27769_C|T,28048_G|A,28330_A|G,28854_C|T,28910_A|T,11288_11296,26158_26161,28271
USA/CA-CDC-FG-017862/2021	XB	241_C|T,1255_A|G,3037_C|T,3688_C|T,3884_C|T,6633_C|T,7142_A|G,9614_A|G,9693_C|T,9754_A|C,14408_C|T,15026_C|T,15451_G|A,16466_C|T,21057_C|T,21615_T|G,21846_C|T,22036_A|C,22882_T|A,23403_A|G,23604_C|A,23625_C|T,23638_C|T,23765_T|G,24442_C|T,24642_C|T,25688_C|A,26222_C|T,27389_C|T,27769_C|T,28048_G|A,28330_A|G,28854_C|T,28910_A|T,515_517,11288_11296,26158_26161,28271
USA/CA-CDC-FG-017864/2021	XB	241_C|T,1255_A|G,3037_C|T,3688_C|T,3884_C|T,6633_C|T,7142_A|G,9614_A|G,9693_C|T,9754_A|C,14408_C|T,15026_C|T,15451_G|A,16466_C|T,21057_C|T,21615_T|G,21846_C|T,22036_A|C,22882_T|A,23403_A|G,23604_C|A,23625_C|T,23638_C|T,23765_T|G,24442_C|T,24642_C|T,25688_C|A,26222_C|T,27389_C|T,27769_C|T,28048_G|A,28330_A|G,28854_C|T,28910_A|T,11288_11296,26158_26161,28271
USA/CA-CDC-FG-017865/2021	XB	241_C|T,1255_A|G,3037_C|T,3688_C|T,3884_C|T,6633_C|T,7142_A|G,9614_A|G,9693_C|T,9754_A|C,14408_C|T,15026_C|T,15451_G|A,16466_C|T,21057_C|T,21615_T|G,21846_C|T,22036_A|C,22882_T|A,23403_A|G,23604_C|A,23625_C|T,23638_C|T,23765_T|G,24442_C|T,24642_C|T,25688_C|A,26222_C|T,27389_C|T,27769_C|T,28048_G|A,28330_A|G,28854_C|T,28910_A|T,515_517,11288_11296,26158_26161,28271
USA/CA-CDC-FG-018097/2021	XB	241_C|T,1255_A|G,3037_C|T,3688_C|T,3884_C|T,6028_A|G,6633_C|T,7142_A|G,9614_A|G,9693_C|T,9754_A|C,14408_C|T,15026_C|T,15451_G|A,16466_C|T,21057_C|T,21615_T|G,21846_C|T,22036_A|C,22882_T|A,23403_A|G,23604_C|A,23625_C|T,23638_C|T,23765_T|G,24442_C|T,24642_C|T,26222_C|T,27389_C|T,27769_C|T,28048_G|A,28330_A|G,28854_C|T,28910_A|T,11288_11296,26158_26161,28271
USA/CA-CDC-FG-018306/2021	XB	241_C|T,1255_A|G,3037_C|T,3688_C|T,3884_C|T,6633_C|T,7142_A|G,9614_A|G,9693_C|T,9754_A|C,14408_C|T,15026_C|T,15451_G|A,16466_C|T,21057_C|T,21615_T|G,21846_C|T,22036_A|C,22882_T|A,23403_A|G,23604_C|A,23625_C|T,23638_C|T,23765_T|G,24442_C|T,24642_C|T,25810_C|T,26222_C|T,27389_C|T,27769_C|T,28048_G|A,28330_A|G,28854_C|T,28910_A|T,11288_11296,26158_26161,28271
USA/CA-CDC-FG-018353/2021	XB	241_C|T,1255_A|G,3037_C|T,3688_C|T,3884_C|T,6633_C|T,7142_A|G,9614_A|G,9693_C|T,9754_A|C,14408_C|T,15026_C|T,15451_G|A,16466_C|T,21057_C|T,21615_T|G,21846_C|T,22036_A|C,22882_T|A,23403_A|G,23604_C|A,23625_C|T,23638_C|T,23765_T|G,24442_C|T,24642_C|T,25688_C|A,26222_C|T,27389_C|T,27769_C|T,28048_G|A,28330_A|G,28854_C|T,28910_A|T,11288_11296,26158_26161,28271
USA/CA-CDC-FG-018385/2021	XB	241_C|T,1255_A|G,3037_C|T,3688_C|T,3884_C|T,6633_C|T,7142_A|G,9195_C|T,9614_A|G,9693_C|T,9754_A|C,14408_C|T,15026_C|T,15451_G|A,16466_C|T,20055_A|G,21005_C|T,21057_C|T,21615_T|G,21846_C|T,22036_A|C,22841_G|T,22882_T|A,23403_A|G,23604_C|A,23625_C|T,23638_C|T,23765_T|G,24442_C|T,24642_C|T,26222_C|T,27389_C|T,27769_C|T,28048_G|A,28330_A|G,28362_G|A,28854_C|T,28910_A|T,515_517,11288_11296,26158_26161,28271
USA/CA-CDC-FG-019177/2021	XB	210_G|T,241_C|T,1255_A|G,3037_C|T,3688_C|T,3884_C|T,6633_C|T,7142_A|G,9614_A|G,9693_C|T,9754_A|C,14408_C|T,15026_C|T,15451_G|A,16466_C|T,21057_C|T,21615_T|G,21846_C|T,22036_A|C,22882_T|A,23403_A|G,23604_C|A,23625_C|T,23638_C|T,23765_T|G,24442_C|T,24642_C|T,26222_C|T,27389_C|T,27769_C|T,28048_G|A,28330_A|G,28854_C|T,28910_A|T,11288_11296,26158_26161,28271
USA/CA-CDC-FG-019191/2021	XB	241_C|T,1255_A|G,3037_C|T,3688_C|T,3884_C|T,6633_C|T,7142_A|G,9614_A|G,9693_C|T,9754_A|C,10449_C|T,14408_C|T,15026_C|T,15451_G|A,16466_C|T,21057_C|T,21615_T|G,21846_C|T,22036_A|C,22882_T|A,23403_A|G,23604_C|A,23625_C|T,23638_C|T,23765_T|G,24442_C|T,24642_C|T,26222_C|T,27389_C|T,27769_C|T,28048_G|A,28330_A|G,28854_C|T,28910_A|T,29366_C|T,29527_G|A,11288_11296,26158_26161,28271
USA/CA-CDC-FG-020016/2021	XB	241_C|T,1255_A|G,3037_C|T,3688_C|T,3884_C|T,6633_C|T,7142_A|G,9614_A|G,9693_C|T,9754_A|C,14408_C|T,15026_C|T,15451_G|A,16466_C|T,21057_C|T,21615_T|G,21846_C|T,22036_A|C,22882_T|A,23403_A|G,23604_C|A,23625_C|T,23638_C|T,23765_T|G,24442_C|T,24642_C|T,25810_C|T,26222_C|T,27389_C|T,27769_C|T,28048_G|A,28330_A|G,28854_C|T,28910_A|T,11288_11296,26158_26161,28271
USA/CA-CDC-FG-020378/2021	XB	241_C|T,1255_A|G,3037_C|T,3688_C|T,3884_C|T,6633_C|T,7142_A|G,9195_C|T,9614_A|G,9693_C|T,9754_A|C,14408_C|T,15026_C|T,15451_G|A,16466_C|T,20055_A|G,21057_C|T,21615_T|G,21846_C|T,22036_A|C,22882_T|A,23403_A|G,23604_C|A,23625_C|T,23638_C|T,23765_T|G,24442_C|T,24642_C|T,26222_C|T,27389_C|T,27769_C|T,28048_G|A,28330_A|G,28854_C|T,28910_A|T,515_517,11288_11296,26158_26161,28271
USA/CA-CDC-FG-020891/2021	XB	241_C|T,1255_A|G,3037_C|T,3688_C|T,3884_C|T,6633_C|T,7142_A|G,7328_G|T,9195_C|T,9614_A|G,9693_C|T,9754_A|C,14408_C|T,15026_C|T,15451_G|A,16466_C|T,20055_A|G,21057_C|T,21615_T|G,21846_C|T,22036_A|C,22882_T|A,23403_A|G,23604_C|A,23625_C|T,23638_C|T,23765_T|G,24442_C|T,24642_C|T,26222_C|T,27389_C|T,27769_C|T,28048_G|A,28330_A|G,28854_C|T,28910_A|T,515_517,11288_11296,26158_26161,28271
USA/CA-CDC-FG-021080/2021	XB	241_C|T,1255_A|G,2842_C|T,3037_C|T,3688_C|T,3884_C|T,6633_C|T,7142_A|G,7328_G|T,9614_A|G,9693_C|T,9754_A|C,14408_C|T,15026_C|T,15451_G|A,16466_C|T,21057_C|T,21615_T|G,21846_C|T,22036_A|C,22882_T|A,23403_A|G,23604_C|A,23625_C|T,23638_C|T,23765_T|G,24442_C|T,24642_C|T,26222_C|T,27389_C|T,27769_C|T,28048_G|A,28330_A|G,28854_C|T,28910_A|T,515_517,11288_11296,26158_26161,28271
USA/CA-CDC-FG-021107/2021	XB	241_C|T,1255_A|G,3037_C|T,3688_C|T,3884_C|T,6633_C|T,7142_A|G,7328_G|T,9195_C|T,9614_A|G,9693_C|T,9754_A|C,14408_C|T,15026_C|T,15451_G|A,16466_C|T,20055_A|G,21057_C|T,21615_T|G,21846_C|T,22036_A|C,22882_T|A,23403_A|G,23604_C|A,23625_C|T,23638_C|T,23765_T|G,24442_C|T,24642_C|T,26222_C|T,27389_C|T,27769_C|T,28048_G|A,28330_A|G,28854_C|T,28910_A|T,11288_11296,26158_26161,28271
USA/CA-CDC-FG-021515/2021	XB	241_C|T,1255_A|G,3037_C|T,3688_C|T,3884_C|T,6633_C|T,7142_A|G,9614_A|G,9693_C|T,9754_A|C,14408_C|T,15026_C|T,15451_G|A,16466_C|T,21057_C|T,21615_T|G,21846_C|T,22036_A|C,22882_T|A,23403_A|G,23604_C|A,23625_C|T,23638_C|T,23765_T|G,24442_C|T,24642_C|T,26222_C|T,27389_C|T,27769_C|T,28048_G|A,28330_A|G,28854_C|T,28910_A|T,515_517,11288_11296,26158_26161,28271
USA/CA-CDC-FG-021538/2021	XB	241_C|T,1255_A|G,2842_C|T,3037_C|T,3688_C|T,3884_C|T,6633_C|T,7142_A|G,9614_A|G,9693_C|T,9754_A|C,14408_C|T,15026_C|T,15451_G|A,16466_C|T,21057_C|T,21615_T|G,21846_C|T,22036_A|C,22882_T|A,23403_A|G,23604_C|A,23625_C|T,23638_C|T,24442_C|T,24642_C|T,26222_C|T,27389_C|T,27769_C|T,28048_G|A,28330_A|G,28854_C|T,28910_A|T,515_517,11288_11296,26158_26161,28271
USA/CA-CDC-FG-021984/2021	XB	241_C|T,1255_A|G,3037_C|T,3688_C|T,3884_C|T,6633_C|T,7142_A|G,8419_C|T,9195_C|T,9614_A|G,9693_C|T,9754_A|C,14408_C|T,14748_A|G,15026_C|T,15451_G|A,16466_C|T,20055_A|G,21057_C|T,21615_T|G,21846_C|T,22036_A|C,22882_T|A,23403_A|G,23604_C|A,23625_C|T,23638_C|T,23765_T|G,24442_C|T,24642_C|T,26222_C|T,27382_G|T,27389_C|T,27769_C|T,28048_G|A,28330_A|G,28854_C|T,28910_A|T,11288_11296,26158_26161,28271
USA/CA-CDC-FG-022022/2021	XB	241_C|T,1255_A|G,3037_C|T,3688_C|T,3884_C|T,6633_C|T,7142_A|G,7328_G|T,9195_C|T,9614_A|G,9693_C|T,9754_A|C,14408_C|T,14748_A|G,15026_C|T,15451_G|A,16466_C|T,20055_A|G,21057_C|T,21615_T|G,21846_C|T,22036_A|C,22882_T|A,23403_A|G,23604_C|A,23625_C|T,23638_C|T,23765_T|G,24442_C|T,24642_C|T,26222_C|T,27389_C|T,27769_C|T,28048_G|A,28330_A|G,28854_C|T,28910_A|T,11288_11296,26158_26161,28271
USA/CA-CDC-FG-022025/2021	XB	241_C|T,1255_A|G,3037_C|T,3688_C|T,3884_C|T,6633_C|T,7142_A|G,9195_C|T,9614_A|G,9693_C|T,9754_A|C,14408_C|T,14748_A|G,15026_C|T,15451_G|A,16466_C|T,20055_A|G,21057_C|T,21615_T|G,21846_C|T,22036_A|C,22882_T|A,23403_A|G,23604_C|A,23625_C|T,23638_C|T,23765_T|G,24442_C|T,24642_C|T,26222_C|T,27389_C|T,27769_C|T,28048_G|A,28330_A|G,28854_C|T,28910_A|T,11288_11296,26158_26161,28271
USA/CA-CDC-FG-023447/2021	XB	241_C|T,1255_A|G,3037_C|T,3688_C|T,3884_C|T,6633_C|T,7142_A|G,9614_A|G,9693_C|T,9754_A|C,14408_C|T,15026_C|T,15451_G|A,16466_C|T,20318_A|G,21057_C|T,21615_T|G,21846_C|T,22036_A|C,22882_T|A,23403_A|G,23604_C|A,23625_C|T,23638_C|T,23765_T|G,24442_C|T,24642_C|T,25685_C|A,26222_C|T,27389_C|T,27769_C|T,28048_G|A,28330_A|G,28854_C|T,28910_A|T,11288_11296,26158_26161,28271
USA/CA-CDC-FG-023501/2021	XB	241_C|T,1255_A|G,3037_C|T,3688_C|T,3884_C|T,6633_C|T,7142_A|G,9195_C|T,9614_A|G,9693_C|T,9754_A|C,14408_C|T,15026_C|T,15451_G|A,16466_C|T,20055_A|G,21057_C|T,21615_T|G,21846_C|T,22036_A|C,22882_T|A,23403_A|G,23604_C|A,23625_C|T,23638_C|T,23765_T|G,24442_C|T,24642_C|T,26222_C|T,27389_C|T,27769_C|T,28048_G|A,28330_A|G,28854_C|T,28910_A|T,515_517,11288_11296,26158_26161,28271
USA/CA-CDC-FG-024843/2021	XB	241_C|T,1255_A|G,3037_C|T,3688_C|T,3884_C|T,6633_C|T,7142_A|G,9614_A|G,9693_C|T,9754_A|C,14408_C|T,15026_C|T,15451_G|A,16466_C|T,21057_C|T,21615_T|G,21846_C|T,22036_A|C,22882_T|A,23403_A|G,23604_C|A,23625_C|T,23638_C|T,23765_T|G,24442_C|T,24642_C|T,26222_C|T,26895_C|T,27389_C|T,27769_C|T,28048_G|A,28330_A|G,28854_C|T,28910_A|T,11288_11296,26158_26161,28271
USA/CA-CDC-FG-024882/2021	XB	241_C|T,1255_A|G,3037_C|T,3688_C|T,3884_C|T,6633_C|T,7142_A|G,9614_A|G,9693_C|T,9754_A|C,14408_C|T,15026_C|T,15451_G|A,16466_C|T,21057_C|T,21615_T|G,21846_C|T,22036_A|C,22882_T|A,23403_A|G,23604_C|A,23625_C|T,23638_C|T,23765_T|G,24442_C|T,24642_C|T,26222_C|T,26895_C|T,27389_C|T,27769_C|T,28048_G|A,28330_A|G,28854_C|T,28910_A|T,11288_11296,26158_26161,28271
USA/CA-CDC-FG-024883/2021	XB	241_C|T,1255_A|G,3037_C|T,3688_C|T,3884_C|T,6633_C|T,7142_A|G,9614_A|G,9693_C|T,9754_A|C,14408_C|T,15026_C|T,15451_G|A,16466_C|T,21057_C|T,21615_T|G,21846_C|T,22036_A|C,22882_T|A,23403_A|G,23604_C|A,23625_C|T,23638_C|T,23765_T|G,24442_C|T,24642_C|T,26222_C|T,26895_C|T,27389_C|T,27769_C|T,28048_G|A,28330_A|G,28854_C|T,28910_A|T,11288_11296,26158_26161,28271
USA/CA-CDC-FG-024959/2021	XB	241_C|T,1255_A|G,3037_C|T,3688_C|T,3884_C|T,6633_C|T,7142_A|G,9614_A|G,9693_C|T,9754_A|C,14408_C|T,15026_C|T,15451_G|A,16466_C|T,21057_C|T,21615_T|G,21846_C|T,22036_A|C,22882_T|A,23403_A|G,23604_C|A,23625_C|T,23638_C|T,23765_T|G,24442_C|T,24642_C|T,26222_C|T,26895_C|T,27389_C|T,27769_C|T,28048_G|A,28330_A|G,28854_C|T,28910_A|T,11288_11296,26158_26161,28271
USA/CA-CDC-FG-025018/2021	XB	241_C|T,1255_A|G,3037_C|T,3688_C|T,3884_C|T,6633_C|T,7142_A|G,9614_A|G,9693_C|T,9754_A|C,14408_C|T,15026_C|T,15451_G|A,16466_C|T,21057_C|T,21615_T|G,21846_C|T,22036_A|C,22050_C|T,22882_T|A,23403_A|G,23604_C|A,23625_C|T,23638_C|T,23765_T|G,24442_C|T,24642_C|T,26222_C|T,27389_C|T,27769_C|T,28048_G|A,28330_A|G,28854_C|T,28910_A|T,11288_11296,26158_26161,28271
USA/CA-CDC-FG-026288/2021	XB	241_C|T,1255_A|G,3037_C|T,3688_C|T,3884_C|T,6633_C|T,7142_A|G,9195_C|T,9614_A|G,9693_C|T,9754_A|C,14408_C|T,14748_A|G,15026_C|T,15451_G|A,16466_C|T,20055_A|G,21057_C|T,21615_T|G,21846_C|T,22036_A|C,22882_T|A,23403_A|G,23604_C|A,23625_C|T,23638_C|T,23765_T|G,24442_C|T,24642_C|T,26222_C|T,27389_C|T,27769_C|T,28048_G|A,28330_A|G,28854_C|T,28910_A|T,515_517,11288_11296,26158_26161,28271
USA/CA-CDC-FG-026551/2021	XB	241_C|T,1255_A|G,3037_C|T,3688_C|T,3884_C|T,6633_C|T,7142_A|G,9614_A|G,9693_C|T,9754_A|C,11572_C|T,14408_C|T,15026_C|T,15451_G|A,16466_C|T,21057_C|T,21615_T|G,21846_C|T,22036_A|C,22882_T|A,23403_A|G,23604_C|A,23625_C|T,23638_C|T,23765_T|G,24442_C|T,24642_C|T,26222_C|T,27389_C|T,27769_C|T,28048_G|A,28330_A|G,28854_C|T,28910_A|T,515_517,11288_11296,26158_26161,28271
USA/CA-CDC-FG-027511/2021	XB	241_C|T,1255_A|G,3037_C|T,3688_C|T,3884_C|T,6633_C|T,7142_A|G,9614_A|G,9693_C|T,9754_A|C,14408_C|T,15026_C|T,15451_G|A,16466_C|T,21057_C|T,21615_T|G,21846_C|T,22036_A|C,22882_T|A,23403_A|G,23604_C|A,23625_C|T,23638_C|T,23765_T|G,24442_C|T,24642_C|T,26222_C|T,27389_C|T,27769_C|T,28048_G|A,28330_A|G,28854_C|T,28910_A|T,515_517,11288_11296,26158_26161,28271
USA/CA-CDC-FG-027961/2021	XB	241_C|T,1255_A|G,3037_C|T,3688_C|T,3884_C|T,6633_C|T,7142_A|G,7328_G|T,9614_A|G,9693_C|T,9754_A|C,14408_C|T,15026_C|T,15451_G|A,16466_C|T,20355_A|G,21057_C|T,21615_T|G,21846_C|T,22036_A|C,22882_T|A,23403_A|G,23604_C|A,23625_C|T,23638_C|T,23765_T|G,24442_C|T,24642_C|T,26222_C|T,26895_C|T,27389_C|T,27769_C|T,28048_G|A,28330_A|G,28854_C|T,28910_A|T,11288_11296,26158_26161,28271
USA/CA-CDC-FG-028058/2021	XB	241_C|T,1255_A|G,3037_C|T,3688_C|T,3884_C|T,6633_C|T,7142_A|G,7328_G|T,9614_A|G,9693_C|T,9754_A|C,14408_C|T,15026_C|T,15451_G|A,16466_C|T,20355_A|G,21057_C|T,21615_T|G,21846_C|T,22036_A|C,22882_T|A,23403_A|G,23604_C|A,23625_C|T,23638_C|T,23765_T|G,24442_C|T,24642_C|T,26222_C|T,26895_C|T,27389_C|T,27769_C|T,28048_G|A,28330_A|G,28854_C|T,28910_A|T,11288_11296,26158_26161,28271
USA/CA-CDC-FG-028298/2021	XB	241_C|T,1255_A|G,3037_C|T,3688_C|T,3884_C|T,6633_C|T,7142_A|G,7328_G|T,9614_A|G,9693_C|T,9754_A|C,14408_C|T,15026_C|T,15451_G|A,16466_C|T,20355_A|G,21057_C|T,21615_T|G,21846_C|T,22036_A|C,22882_T|A,23403_A|G,23604_C|A,23625_C|T,23638_C|T,23765_T|G,24442_C|T,24642_C|T,26222_C|T,26895_C|T,27389_C|T,27769_C|T,28048_G|A,28330_A|G,28854_C|T,28910_A|T,515_517,11288_11296,26158_26161,28271
USA/CA-CDC-FG-029751/2021	XB	241_C|T,1255_A|G,3037_C|T,3688_C|T,3884_C|T,6633_C|T,7142_A|G,7328_G|T,9614_A|G,9693_C|T,9754_A|C,14408_C|T,15026_C|T,15451_G|A,16466_C|T,21057_C|T,21615_T|G,21846_C|T,22036_A|C,22882_T|A,23403_A|G,23604_C|A,23625_C|T,23638_C|T,23765_T|G,24442_C|T,24642_C|T,26222_C|T,26895_C|T,27389_C|T,27769_C|T,28048_G|A,28330_A|G,28854_C|T,28910_A|T,515_517,11288_11296,26158_26161,28271
USA/CA-CDC-FG-030256/2021	XB	241_C|T,1255_A|G,3037_C|T,3688_C|T,3884_C|T,6633_C|T,7142_A|G,7328_G|T,9614_A|G,9693_C|T,9754_A|C,14408_C|T,15026_C|T,15451_G|A,16466_C|T,20355_A|G,21057_C|T,21615_T|G,21846_C|T,22036_A|C,22882_T|A,23403_A|G,23604_C|A,23625_C|T,23638_C|T,23765_T|G,24442_C|T,24642_C|T,26222_C|T,26895_C|T,27389_C|T,27769_C|T,28048_G|A,28330_A|G,28854_C|T,28910_A|T,515_517,11288_11296,26158_26161,28271
USA/CA-CDC-FG-031168/2021	XB	241_C|T,1255_A|G,3037_C|T,3688_C|T,3884_C|T,6633_C|T,7142_A|G,9614_A|G,9693_C|T,9754_A|C,14408_C|T,15026_C|T,15451_G|A,16466_C|T,21057_C|T,21615_T|G,21846_C|T,22036_A|C,22882_T|A,23403_A|G,23604_C|A,23625_C|T,23638_C|T,23765_T|G,24442_C|T,24642_C|T,26222_C|T,27389_C|T,27769_C|T,28048_G|A,28330_A|G,28854_C|T,28910_A|T,11288_11296,26158_26161,28271
USA/CA-CDC-FG-034091/2021	XB	241_C|T,1255_A|G,3037_C|T,3688_C|T,3743_C|T,3884_C|T,6633_C|T,7111_T|C,7142_A|G,9614_A|G,9693_C|T,9705_G|T,9754_A|C,12439_C|T,14408_C|T,15026_C|T,15451_G|A,16122_G|T,16466_C|T,21057_C|T,21615_T|G,21846_C|T,22036_A|C,22882_T|A,23403_A|G,23604_C|A,23625_C|T,23638_C|T,23765_T|G,24442_C|T,24642_C|T,26222_C|T,27389_C|T,27769_C|T,28003_G|T,28048_G|A,28195_G|A,28330_A|G,28854_C|T,28910_A|T,686_694,11288_11296,26158_26161,28271
USA/CA-CDC-FG-035202/2021	XB	241_C|T,1255_A|G,3037_C|T,3688_C|T,3884_C|T,6633_C|T,7142_A|G,9614_A|G,9693_C|T,9754_A|C,14408_C|T,15026_C|T,15451_G|A,16466_C|T,21057_C|T,21615_T|G,21846_C|T,22036_A|C,22882_T|A,23403_A|G,23604_C|A,23625_C|T,23638_C|T,23765_T|G,24442_C|T,24642_C|T,26222_C|T,27389_C|T,27769_C|T,28048_G|A,28330_A|G,28854_C|T,28910_A|T,11288_11296,26158_26161,28271
USA/CA-CDC-FG-037736/2021	XB	241_C|T,1255_A|G,3037_C|T,3688_C|T,3884_C|T,6633_C|T,7142_A|G,9614_A|G,9693_C|T,9754_A|C,13672_T|G,14408_C|T,15026_C|T,15451_G|A,16466_C|T,20823_C|T,21057_C|T,21615_T|G,21846_C|T,22036_A|C,22777_T|C,22882_T|A,23403_A|G,23604_C|A,23625_C|T,23638_C|T,23765_T|G,24442_C|T,24642_C|T,26222_C|T,27389_C|T,27769_C|T,28048_G|A,28330_A|G,28854_C|T,28910_A|T,11288_11296,26158_26161,28271
USA/CA-CDC-FG-038616/2021	XB	241_C|T,1255_A|G,3037_C|T,3688_C|T,3884_C|T,6633_C|T,7142_A|G,9614_A|G,9693_C|T,9754_A|C,13672_T|G,14408_C|T,15026_C|T,15451_G|A,16466_C|T,20823_C|T,21057_C|T,21615_T|G,21846_C|T,22036_A|C,22777_T|C,22882_T|A,23403_A|G,23604_C|A,23625_C|T,23638_C|T,23765_T|G,24442_C|T,24642_C|T,26222_C|T,27389_C|T,27769_C|T,28048_G|A,28330_A|G,28854_C|T,28910_A|T,515_517,11288_11296,26158_26161,28271
USA/CA-CDC-FG-038778/2021	XB	241_C|T,1255_A|G,3037_C|T,3688_C|T,3884_C|T,6633_C|T,7142_A|G,9614_A|G,9693_C|T,9754_A|C,13672_T|G,14408_C|T,15026_C|T,15451_G|A,16466_C|T,20823_C|T,21057_C|T,21615_T|G,21846_C|T,22036_A|C,22777_T|C,22882_T|A,23403_A|G,23604_C|A,23625_C|T,23638_C|T,23765_T|G,24442_C|T,24642_C|T,26222_C|T,27389_C|T,27769_C|T,28048_G|A,28330_A|G,28854_C|T,28910_A|T,11288_11296,26158_26161,28271
USA/CA-CDC-FG-039131/2021	XB	241_C|T,1255_A|G,3037_C|T,3688_C|T,3884_C|T,6633_C|T,7142_A|G,7573_C|A,9614_A|G,9693_C|T,9754_A|C,12591_T|C,14408_C|T,15026_C|T,15451_G|A,16466_C|T,21057_C|T,21615_T|G,21846_C|T,22036_A|C,22498_C|T,22882_T|A,23403_A|G,23604_C|A,23625_C|T,23638_C|T,23765_T|G,24442_C|T,24642_C|T,25513_C|T,26222_C|T,27389_C|T,27427_C|T,27769_C|T,28048_G|A,28330_A|G,28854_C|T,28910_A|T,29779_G|T,515_517,11288_11296,26158_26161,28271
USA/CA-CDC-FG-041136/2021	XB	241_C|T,1419_C|T,1870_A|G,3037_C|T,3688_C|T,3884_C|T,6633_C|T,6717_G|T,6748_A|G,7142_A|G,8480_C|T,9614_A|G,9693_C|T,9754_A|C,14408_C|T,15451_G|A,16466_C|T,17403_C|T,20987_C|T,21057_C|T,21615_T|G,21846_C|T,22036_A|C,22882_T|A,23403_A|G,23604_C|A,23625_C|T,23765_T|G,24442_C|T,24642_C|T,25460_C|T,26222_C|T,27389_C|T,27769_C|T,28048_G|A,28330_A|G,28854_C|T,28910_A|T,29320_A|C,29543_G|T,515_517,11288_11296,26158_26161,28271
USA/CA-CDC-FG-042182/2021	XB	241_C|T,1255_A|G,3037_C|T,3688_C|T,3884_C|T,6633_C|T,7142_A|G,9614_A|G,9693_C|T,9754_A|C,12591_T|C,14408_C|T,15026_C|T,15451_G|A,16466_C|T,21057_C|T,21615_T|G,21846_C|T,22036_A|C,22498_C|T,22882_T|A,23043_C|T,23403_A|G,23604_C|A,23625_C|T,23638_C|T,23765_T|G,24038_G|A,24442_C|T,24642_C|T,25513_C|T,26222_C|T,27389_C|T,27427_C|T,27769_C|T,28048_G|A,28330_A|G,28854_C|T,28910_A|T,11288_11296,26158_26161,28271
USA/CA-CDC-FG-042682/2021	XB	241_C|T,1255_A|G,3037_C|T,3688_C|T,3884_C|T,6633_C|T,7142_A|G,9614_A|G,9693_C|T,9754_A|C,12591_T|C,14408_C|T,15026_C|T,15451_G|A,16466_C|T,21057_C|T,21615_T|G,21846_C|T,22036_A|C,22498_C|T,22882_T|A,23403_A|G,23604_C|A,23625_C|T,23638_C|T,23765_T|G,24038_G|A,24442_C|T,24642_C|T,25513_C|T,26222_C|T,27389_C|T,27427_C|T,27769_C|T,28048_G|A,28330_A|G,28854_C|T,28910_A|T,11288_11296,26158_26161,28271
USA/CA-CDC-FG-053998/2021	XB	241_C|T,1255_A|G,3037_C|T,3688_C|T,3884_C|T,6633_C|T,7142_A|G,9614_A|G,9693_C|T,9754_A|C,10156_C|T,12591_T|C,14408_C|T,15026_C|T,15451_G|A,16466_C|T,17985_C|T,21057_C|T,21597_C|T,21615_T|G,21846_C|T,22036_A|C,22450_C|T,22498_C|T,22879_C|A,22882_T|A,23403_A|G,23604_C|A,23625_C|T,23638_C|T,23765_T|G,24348_G|T,24442_C|T,24642_C|T,25513_C|T,26222_C|T,26882_C|T,27389_C|T,27427_C|T,27769_C|T,28048_G|A,28330_A|G,28854_C|T,28910_A|T,29474_G|T,11288_11296,26158_26161,28271
USA/CA-CDC-FG-054400/2021	XB	241_C|T,3037_C|T,3688_C|T,3884_C|T,6337_G|T,6416_G|C,6633_C|T,7142_A|G,7735_C|T,8367_C|T,9614_A|G,9693_C|T,9754_A|C,12358_A|C,13379_G|A,14408_C|T,14502_A|G,15451_G|A,16466_C|T,19694_C|T,19866_T|C,21057_C|T,21615_T|G,21767_C|T,21846_C|T,22036_A|C,22882_T|A,23403_A|G,23604_C|A,23625_C|T,23765_T|G,24442_C|T,24642_C|T,25653_T|C,26222_C|T,27389_C|T,27510_A|G,27769_C|T,27892_A|G,28048_G|A,28330_A|G,28854_C|T,28910_A|T,515_517,11288_11296,26158_26161,28271
USA/CA-CDC-FG-055146/2021	XB	241_C|T,1419_C|T,1471_C|T,2590_A|C,3037_C|T,3688_C|T,3884_C|T,6633_C|T,6717_G|T,7142_A|G,8480_C|T,9614_A|G,9693_C|T,9754_A|C,14408_C|T,15451_G|A,16466_C|T,20987_C|T,21057_C|T,21615_T|G,21632_T|C,21846_C|T,22036_A|C,22882_T|A,23012_G|C,23401_G|T,23403_A|G,23604_C|A,23625_C|T,23765_T|G,24442_C|T,24642_C|T,25854_C|T,26222_C|T,26319_A|G,27389_C|T,27740_T|C,27769_C|T,28048_G|A,28330_A|G,28603_C|T,28854_C|T,28910_A|T,28936_G|T,29253_C|T,29543_G|T,29692_G|T,29751_G|T,11288_11296,26158_26161,28271
USA/CA-CDC-FG-057681/2021	XB	241_C|T,1419_C|T,1471_C|T,2590_A|C,3037_C|T,3688_C|T,3884_C|T,6633_C|T,6717_G|T,7142_A|G,8480_C|T,9614_A|G,9693_C|T,9754_A|C,14408_C|T,15451_G|A,16466_C|T,20987_C|T,21057_C|T,21615_T|G,21632_T|C,21846_C|T,22036_A|C,22882_T|A,23012_G|C,23401_G|T,23403_A|G,23604_C|A,23625_C|T,23765_T|G,24442_C|T,24642_C|T,25854_C|T,26222_C|T,26319_A|G,27389_C|T,27740_T|C,27769_C|T,28048_G|A,28330_A|G,28603_C|T,28854_C|T,28910_A|T,28936_G|T,29253_C|T,29543_G|T,29692_G|T,29751_G|T,11288_11296,26158_26161,28271
USA/CA-CDC-FG-067766/2021	XB	241_C|T,2536_C|T,3037_C|T,3688_C|T,3884_C|T,6633_C|T,7142_A|G,9614_A|G,9693_C|T,9754_A|C,11001_C|T,12771_T|C,14408_C|T,15451_G|A,16389_T|C,16466_C|T,19085_A|G,21057_C|T,21615_T|G,21846_C|T,22036_A|C,22882_T|A,23403_A|G,23602_T|G,23604_C|A,23625_C|T,23765_T|G,24442_C|T,24642_C|T,25942_T|C,26222_C|T,27389_C|T,27769_C|T,27892_A|G,28048_G|A,28326_G|T,28330_A|G,28854_C|T,28910_A|T,29083_A|C,515_517,11288_11296,26158_26161,28271
USA/CA-CDC-FG-095911/2021	XB	241_C|T,856_T|C,1255_A|G,3037_C|T,3688_C|T,3884_C|T,4586_C|T,6633_C|T,7142_A|G,7328_G|T,9614_A|G,9693_C|T,9754_A|C,14408_C|T,15026_C|T,15451_G|A,16466_C|T,19656_G|T,21057_C|T,21615_T|G,21846_C|T,22036_A|C,22882_T|A,23403_A|G,23604_C|A,23625_C|T,23638_C|T,23765_T|G,24378_C|T,24406_T|G,24442_C|T,24642_C|T,25726_G|T,26222_C|T,27364_G|T,27389_C|T,27769_C|T,28048_G|A,28330_A|G,28754_C|T,28854_C|T,28910_A|T,11288_11296,26158_26161,28271
USA/CA-CDC-LC0056499/2021	XB	241_C|T,1255_A|G,3037_C|T,3688_C|T,3884_C|T,5691_C|T,6633_C|T,7142_A|G,9614_A|G,9693_C|T,9754_A|C,10310_G|A,12591_T|C,14408_C|T,15026_C|T,15451_G|A,16466_C|T,21057_C|T,21615_T|G,21846_C|T,22036_A|C,22498_C|T,22882_T|A,23403_A|G,23604_C|A,23625_C|T,23638_C|T,23765_T|G,24442_C|T,24642_C|T,25513_C|T,26222_C|T,26310_T|A,27389_C|T,27427_C|T,27769_C|T,28048_G|A,28330_A|G,28854_C|T,28910_A|T,11288_11296,26158_26161,28271
USA/CA-CDC-LC0068538/2021	XB	241_C|T,676_C|T,1255_A|G,2488_C|T,3037_C|T,3688_C|T,3884_C|T,6028_A|G,6633_C|T,7142_A|G,9614_A|G,9693_C|T,9754_A|C,12084_C|T,14408_C|T,15026_C|T,15451_G|A,16466_C|T,21057_C|T,21615_T|G,21846_C|T,22036_A|C,22882_T|A,23403_A|G,23604_C|A,23625_C|T,23638_C|T,23765_T|G,24442_C|T,24642_C|T,25046_C|T,26222_C|T,27389_C|T,27769_C|T,28048_G|A,28330_A|G,28854_C|T,28910_A|T,11288_11296,26158_26161,28271
USA/CA-CDC-LC0105275/2021	XB	241_C|T,1255_A|G,3037_C|T,3688_C|T,3884_C|T,6633_C|T,7142_A|G,7573_C|A,9614_A|G,9693_C|T,9754_A|C,12591_T|C,14408_C|T,15026_C|T,15451_G|A,15540_C|T,16466_C|T,18424_A|T,21057_C|T,21615_T|G,21846_C|T,22036_A|C,22498_C|T,22882_T|A,23403_A|G,23604_C|A,23625_C|T,23638_C|T,23765_T|G,24442_C|T,24642_C|T,25513_C|T,26222_C|T,27389_C|T,27427_C|T,27769_C|T,28048_G|A,28330_A|G,28854_C|T,28910_A|T,11288_11296,26158_26161,28271
USA/CA-CDC-LC0105861/2021	XB	241_C|T,1255_A|G,3037_C|T,3688_C|T,3884_C|T,6633_C|T,7142_A|G,7573_C|A,9614_A|G,9693_C|T,9754_A|C,12591_T|C,14408_C|T,15026_C|T,15451_G|A,16466_C|T,18424_A|T,21057_C|T,21615_T|G,21846_C|T,22036_A|C,22498_C|T,22882_T|A,23403_A|G,23604_C|A,23625_C|T,23638_C|T,23765_T|G,24442_C|T,24642_C|T,25513_C|T,26222_C|T,27389_C|T,27427_C|T,27769_C|T,28048_G|A,28330_A|G,28854_C|T,28910_A|T,11288_11296,26158_26161,28271
USA/CA-CDC-LC0148845/2021	XB	241_C|T,829_C|T,1419_C|T,3037_C|T,3688_C|T,3884_C|T,6633_C|T,6717_G|T,7142_A|G,8480_C|T,9614_A|G,9693_C|T,9754_A|C,13011_C|T,14408_C|T,15451_G|A,16466_C|T,17403_C|T,19117_G|T,20987_C|T,21057_C|T,21615_T|G,21846_C|T,22036_A|C,22882_T|A,23403_A|G,23604_C|A,23625_C|T,23765_T|G,24442_C|T,24642_C|T,26222_C|T,26645_C|T,27389_C|T,27769_C|T,28048_G|A,28330_A|G,28854_C|T,28910_A|T,29543_G|T,11288_11296,26158_26161,28271
USA/CA-CDC-QDX23088399/2021	XB	241_C|T,1255_A|G,3037_C|T,3688_C|T,3884_C|T,6633_C|T,7142_A|G,9614_A|G,9693_C|T,9754_A|C,14408_C|T,15026_C|T,15451_G|A,16466_C|T,21057_C|T,21615_T|G,21846_C|T,22036_A|C,22882_T|A,23403_A|G,23604_C|A,23625_C|T,23638_C|T,23765_T|G,24442_C|T,24642_C|T,26222_C|T,27389_C|T,27769_C|T,28048_G|A,28330_A|G,28854_C|T,28910_A|T,11288_11296,26158_26161,28271
USA/CA-CDC-QDX23571746/2021	XB	241_C|T,1255_A|G,3037_C|T,3688_C|T,3884_C|T,6633_C|T,7142_A|G,9195_C|T,9614_A|G,9693_C|T,9754_A|C,14408_C|T,15026_C|T,15451_G|A,16466_C|T,20055_A|G,21023_A|G,21057_C|T,21615_T|G,21846_C|T,22036_A|C,22882_T|A,23403_A|G,23604_C|A,23625_C|T,23638_C|T,23765_T|G,24442_C|T,24642_C|T,26222_C|T,27389_C|T,27769_C|T,28048_G|A,28330_A|G,28854_C|T,28910_A|T,11288_11296,26158_26161,28271
USA/CA-CDC-QDX23571747/2021	XB	241_C|T,1255_A|G,3037_C|T,3688_C|T,3884_C|T,6633_C|T,7142_A|G,9195_C|T,9614_A|G,9693_C|T,9754_A|C,14408_C|T,15026_C|T,15451_G|A,16466_C|T,20055_A|G,21057_C|T,21615_T|G,21846_C|T,22036_A|C,22882_T|A,23403_A|G,23604_C|A,23625_C|T,23638_C|T,23765_T|G,24442_C|T,24642_C|T,26222_C|T,27389_C|T,27769_C|T,28048_G|A,28330_A|G,28854_C|T,28910_A|T,11288_11296,26158_26161,28271
USA/CA-CDC-QDX23571795/2021	XB	210_G|T,241_C|T,1255_A|G,3037_C|T,3688_C|T,3769_T|C,3884_C|T,6633_C|T,7142_A|G,9614_A|G,9693_C|T,9754_A|C,14408_C|T,15026_C|T,15451_G|A,16466_C|T,21057_C|T,21615_T|G,21846_C|T,22036_A|C,22882_T|A,23403_A|G,23604_C|A,23625_C|T,23638_C|T,23765_T|G,24442_C|T,24642_C|T,26222_C|T,27389_C|T,27769_C|T,28048_G|A,28330_A|G,28854_C|T,28910_A|T,11288_11296,26158_26161,28271
USA/CA-CDC-QDX23654510/2021	XB	241_C|T,1255_A|G,3037_C|T,3688_C|T,3884_C|T,6633_C|T,7142_A|G,9614_A|G,9683_A|G,9693_C|T,9754_A|C,14408_C|T,15026_C|T,15451_G|A,16466_C|T,21057_C|T,21615_T|G,21846_C|T,22036_A|C,22882_T|A,23403_A|G,23604_C|A,23625_C|T,23638_C|T,23765_T|G,24442_C|T,24642_C|T,26222_C|T,27389_C|T,27769_C|T,28048_G|A,28330_A|G,28854_C|T,28910_A|T,11288_11296,26158_26161,28271
USA/CA-CDC-QDX23803884/2021	XB	241_C|T,1255_A|G,2842_C|T,3037_C|T,3688_C|T,3884_C|T,6633_C|T,7142_A|G,9614_A|G,9693_C|T,9754_A|C,14408_C|T,15026_C|T,15451_G|A,16466_C|T,21057_C|T,21615_T|G,21846_C|T,22036_A|C,22882_T|A,23403_A|G,23604_C|A,23625_C|T,23638_C|T,23765_T|G,24442_C|T,24642_C|T,26222_C|T,27389_C|T,27769_C|T,28048_G|A,28330_A|G,28854_C|T,28910_A|T,11288_11296,26158_26161,28271
USA/CA-CDC-QDX23892461/2021	XB	241_C|T,1255_A|G,3037_C|T,3688_C|T,3884_C|T,6633_C|T,7142_A|G,9614_A|G,9693_C|T,9754_A|C,14408_C|T,15026_C|T,15451_G|A,16466_C|T,21057_C|T,21615_T|G,21846_C|T,22036_A|C,22882_T|A,23403_A|G,23604_C|A,23625_C|T,23638_C|T,23765_T|G,24442_C|T,24642_C|T,26222_C|T,27389_C|T,27769_C|T,28048_G|A,28330_A|G,28854_C|T,28910_A|T,11288_11296,26158_26161,28271
USA/CA-CDC-QDX24125456/2021	XB	241_C|T,1255_A|G,2842_C|T,3037_C|T,3688_C|T,3884_C|T,6633_C|T,7142_A|G,9614_A|G,9693_C|T,9754_A|C,14408_C|T,15026_C|T,15451_G|A,16466_C|T,21057_C|T,21615_T|G,21846_C|T,22036_A|C,22882_T|A,23403_A|G,23604_C|A,23625_C|T,23638_C|T,23765_T|G,24442_C|T,24642_C|T,26222_C|T,27389_C|T,27769_C|T,28048_G|A,28330_A|G,28854_C|T,28910_A|T,11288_11296,26158_26161,28271
USA/CA-CDC-QDX24365154/2021	XB	241_C|T,1255_A|G,3037_C|T,3688_C|T,3884_C|T,6028_A|G,6633_C|T,7142_A|G,9614_A|G,9693_C|T,9754_A|C,14408_C|T,15026_C|T,15451_G|A,16466_C|T,21057_C|T,21615_T|G,21846_C|T,22036_A|C,22882_T|A,23403_A|G,23604_C|A,23625_C|T,23638_C|T,23765_T|G,24442_C|T,24642_C|T,26222_C|T,27389_C|T,27769_C|T,28048_G|A,28330_A|G,28854_C|T,28910_A|T,11288_11296,26158_26161,28271
USA/CA-CDC-QDX24365195/2021	XB	241_C|T,1255_A|G,3037_C|T,3688_C|T,3884_C|T,6633_C|T,7142_A|G,9614_A|G,9693_C|T,9754_A|C,14408_C|T,15026_C|T,15451_G|A,16466_C|T,21057_C|T,21615_T|G,21846_C|T,22036_A|C,22882_T|A,23403_A|G,23604_C|A,23625_C|T,23638_C|T,23765_T|G,24442_C|T,24642_C|T,26222_C|T,27389_C|T,27628_G|T,27769_C|T,28048_G|A,28330_A|G,28854_C|T,28910_A|T,11288_11296,26158_26161,28271
USA/CA-CDC-QDX24365202/2021	XB	241_C|T,1255_A|G,3037_C|T,3688_C|T,3884_C|T,6633_C|T,7142_A|G,9614_A|G,9693_C|T,9754_A|C,14408_C|T,15026_C|T,15451_G|A,16466_C|T,21057_C|T,21615_T|G,21846_C|T,22036_A|C,22882_T|A,23403_A|G,23604_C|A,23625_C|T,23638_C|T,23765_T|G,24442_C|T,24642_C|T,26222_C|T,26895_C|T,27389_C|T,27769_C|T,28048_G|A,28330_A|G,28854_C|T,28910_A|T,11288_11296,26158_26161,28271
USA/CA-CDC-QDX24713171/2021	XB	241_C|T,1255_A|G,3037_C|T,3688_C|T,3884_C|T,6633_C|T,7142_A|G,9614_A|G,9693_C|T,9754_A|C,12591_T|C,14408_C|T,15026_C|T,15451_G|A,16466_C|T,21057_C|T,21615_T|G,21846_C|T,22036_A|C,22498_C|T,22882_T|A,23403_A|G,23604_C|A,23625_C|T,23638_C|T,23765_T|G,24442_C|T,24642_C|T,25513_C|T,26222_C|T,26310_T|A,27389_C|T,27427_C|T,27494_C|T,27769_C|T,28048_G|A,28330_A|G,28854_C|T,28910_A|T,11288_11296,26158_26161,28271
USA/CA-CDC-QDX24758266/2021	XB	241_C|T,1255_A|G,3037_C|T,3688_C|T,3884_C|T,6028_A|G,6633_C|T,7142_A|G,9614_A|G,9693_C|T,9754_A|C,14408_C|T,15026_C|T,15451_G|A,15951_C|A,16466_C|T,21057_C|T,21615_T|G,21846_C|T,22036_A|C,22882_T|A,23403_A|G,23604_C|A,23625_C|T,23638_C|T,23765_T|G,24442_C|T,24642_C|T,25440_G|T,26222_C|T,27389_C|T,27769_C|T,28048_G|A,28330_A|G,28854_C|T,28910_A|T,29549_A|G,11288_11296,26158_26161,28271
USA/CA-CDC-QDX24799311/2021	XB	241_C|T,1255_A|G,3037_C|T,3688_C|T,3884_C|T,6028_A|G,6633_C|T,7142_A|G,9614_A|G,9693_C|T,9754_A|C,14408_C|T,15026_C|T,15451_G|A,15951_C|A,16466_C|T,21057_C|T,21615_T|G,21846_C|T,22036_A|C,22882_T|A,23403_A|G,23604_C|A,23625_C|T,23638_C|T,23765_T|G,24442_C|T,24642_C|T,25440_G|T,26222_C|T,27389_C|T,27769_C|T,28048_G|A,28330_A|G,28854_C|T,28910_A|T,29549_A|G,11288_11296,26158_26161,28271
USA/CA-CDC-QDX24799351/2021	XB	241_C|T,1255_A|G,3037_C|T,3688_C|T,3743_C|T,3884_C|T,6633_C|T,7111_T|C,7142_A|G,9614_A|G,9693_C|T,9705_G|T,9754_A|C,12439_C|T,14408_C|T,15026_C|T,15451_G|A,16122_G|T,16466_C|T,21057_C|T,21615_T|G,21846_C|T,22036_A|C,22882_T|A,23403_A|G,23604_C|A,23625_C|T,23638_C|T,23765_T|G,24442_C|T,24642_C|T,26222_C|T,27389_C|T,27769_C|T,28003_G|T,28048_G|A,28195_G|A,28330_A|G,28854_C|T,28910_A|T,686_694,11288_11296,26158_26161,28271
USA/CA-CDC-QDX24840095/2021	XB	241_C|T,1163_A|C,1255_A|G,2701_C|T,3037_C|T,3688_C|T,3884_C|T,5339_C|T,5467_C|T,6633_C|T,7142_A|G,9614_A|G,9693_C|T,9754_A|C,14408_C|T,15026_C|T,15451_G|A,16466_C|T,17208_T|C,19549_G|T,21057_C|T,21615_T|G,21691_C|T,21846_C|T,22036_A|C,22882_T|A,23403_A|G,23604_C|A,23625_C|T,23638_C|T,23765_T|G,24442_C|T,24642_C|T,26222_C|T,27389_C|T,27769_C|T,28045_C|T,28048_G|A,28330_A|G,28854_C|T,28910_A|T,11288_11296,26158_26161,28271
USA/CA-CDC-QDX24863468/2021	XB	241_C|T,1163_A|C,1255_A|G,2701_C|T,3037_C|T,3688_C|T,3884_C|T,5339_C|T,5467_C|T,6633_C|T,7142_A|G,9614_A|G,9693_C|T,9754_A|C,14408_C|T,15026_C|T,15451_G|A,16466_C|T,17208_T|C,21057_C|T,21615_T|G,21691_C|T,21846_C|T,22036_A|C,22882_T|A,23403_A|G,23604_C|A,23625_C|T,23638_C|T,23765_T|G,24442_C|T,24642_C|T,26222_C|T,27389_C|T,27769_C|T,28045_C|T,28048_G|A,28330_A|G,28854_C|T,28910_A|T,11288_11296,26158_26161,28271
USA/CA-CDC-QDX25316351/2021	XB	241_C|T,518_A|T,1190_C|T,3037_C|T,3688_C|T,3884_C|T,6633_C|T,6717_G|T,7142_A|G,8480_C|T,9614_A|G,9693_C|T,9723_T|G,9754_A|C,14246_A|G,14408_C|T,14452_G|A,15237_C|T,15451_G|A,16269_G|A,16466_C|T,20987_C|T,21057_C|T,21615_T|G,21846_C|T,22036_A|C,22882_T|A,23403_A|G,23604_C|A,23625_C|T,23765_T|G,24442_C|T,24642_C|T,26222_C|T,26270_C|T,27389_C|T,27769_C|T,28048_G|A,28330_A|G,28854_C|T,28910_A|T,29543_G|T,11288_11296,26158_26161,28271
USA/CA-CDC-QDX25806475/2021	XB	241_C|T,1255_A|G,3037_C|T,3688_C|T,3884_C|T,6559_T|A,6633_C|T,7142_A|G,7573_C|A,9614_A|G,9693_C|T,9754_A|C,12591_T|C,14408_C|T,15026_C|T,15451_G|A,16466_C|T,21057_C|T,21615_T|G,21846_C|T,22036_A|C,22498_C|T,22882_T|A,23403_A|G,23604_C|A,23625_C|T,23638_C|T,23765_T|G,24442_C|T,24642_C|T,25513_C|T,26222_C|T,26527_C|T,27389_C|T,27427_C|T,27769_C|T,28048_G|A,28330_A|G,28854_C|T,28910_A|T,11288_11296,26158_26161,28271
USA/CA-CDC-QDX25806479/2021	XB	241_C|T,1255_A|G,1931_C|A,3037_C|T,3688_C|T,3884_C|T,6633_C|T,7142_A|G,9614_A|G,9693_C|T,9754_A|C,12591_T|C,14408_C|T,15026_C|T,15451_G|A,16466_C|T,21057_C|T,21615_T|G,21846_C|T,22036_A|C,22498_C|T,22882_T|A,23403_A|G,23604_C|A,23625_C|T,23638_C|T,23765_T|G,24442_C|T,24642_C|T,25513_C|T,26222_C|T,27389_C|T,27427_C|T,27769_C|T,28048_G|A,28330_A|G,28854_C|T,28910_A|T,11288_11296,26158_26161,28271
USA/CA-CDC-QDX25848246/2021	XB	241_C|T,1255_A|G,1931_C|A,3037_C|T,3688_C|T,3884_C|T,6633_C|T,7142_A|G,9614_A|G,9693_C|T,9754_A|C,12591_T|C,14408_C|T,15026_C|T,15451_G|A,16466_C|T,21057_C|T,21615_T|G,21846_C|T,22036_A|C,22498_C|T,22882_T|A,23403_A|G,23604_C|A,23625_C|T,23638_C|T,23765_T|G,24442_C|T,24642_C|T,25513_C|T,26222_C|T,27389_C|T,27427_C|T,27769_C|T,28048_G|A,28330_A|G,28854_C|T,28910_A|T,11288_11296,26158_26161,28271
USA/CA-CDC-QDX26075386/2021	XB	241_C|T,1255_A|G,3037_C|T,3688_C|T,3884_C|T,5079_C|T,6559_T|A,6633_C|T,7142_A|G,7573_C|A,9614_A|G,9693_C|T,9754_A|C,12591_T|C,14408_C|T,15026_C|T,15451_G|A,16466_C|T,20417_A|C,21057_C|T,21615_T|G,21846_C|T,22036_A|C,22498_C|T,22882_T|A,23403_A|G,23604_C|A,23625_C|T,23638_C|T,23765_T|G,24442_C|T,24642_C|T,25513_C|T,26222_C|T,26527_C|T,27389_C|T,27427_C|T,27769_C|T,28048_G|A,28330_A|G,28854_C|T,28910_A|T,11288_11296,26158_26161,28271
USA/CA-CDC-QDX26075517/2021	XB	241_C|T,1255_A|G,3037_C|T,3688_C|T,3884_C|T,6633_C|T,7142_A|G,7573_C|A,9614_A|G,9693_C|T,9754_A|C,12591_T|C,13329_C|T,13368_C|T,14408_C|T,15026_C|T,15451_G|A,16466_C|T,21057_C|T,21615_T|G,21846_C|T,22036_A|C,22498_C|T,22882_T|A,23403_A|G,23604_C|A,23625_C|T,23638_C|T,23765_T|G,24442_C|T,24642_C|T,25513_C|T,26222_C|T,27389_C|T,27427_C|T,27769_C|T,28048_G|A,28330_A|G,28854_C|T,28910_A|T,11288_11296,26158_26161,28271
USA/CA-CDC-QDX26075530/2021	XB	241_C|T,1255_A|G,2488_C|T,3037_C|T,3688_C|T,3884_C|T,4057_T|C,4827_C|T,6028_A|G,6633_C|T,7142_A|G,7797_A|G,9588_T|C,9614_A|G,9693_C|T,9754_A|C,12084_C|T,14408_C|T,15026_C|T,15451_G|A,16466_C|T,21057_C|T,21615_T|G,21846_C|T,22036_A|C,22882_T|A,23403_A|G,23604_C|A,23625_C|T,23638_C|T,23765_T|G,24442_C|T,24642_C|T,25046_C|T,26222_C|T,27389_C|T,27769_C|T,28048_G|A,28330_A|G,28854_C|T,28910_A|T,11288_11296,26158_26161,28271
USA/CA-CDC-QDX26215596/2021	XB	241_C|T,1255_A|G,1931_C|A,3037_C|T,3688_C|T,3884_C|T,6633_C|T,7142_A|G,9614_A|G,9693_C|T,9754_A|C,12591_T|C,14408_C|T,15026_C|T,15451_G|A,16466_C|T,21057_C|T,21615_T|G,21846_C|T,22036_A|C,22498_C|T,22882_T|A,23403_A|G,23604_C|A,23625_C|T,23638_C|T,23765_T|G,24442_C|T,24642_C|T,25513_C|T,26222_C|T,27389_C|T,27427_C|T,27769_C|T,28048_G|A,28330_A|G,28854_C|T,28910_A|T,11288_11296,26158_26161,28271
USA/CA-CDC-QDX26215598/2021	XB	241_C|T,1255_A|G,3037_C|T,3688_C|T,3775_C|T,3884_C|T,6633_C|T,7142_A|G,9614_A|G,9693_C|T,9754_A|C,10471_A|G,12591_T|C,14408_C|T,15026_C|T,15451_G|A,16466_C|T,19543_A|G,21057_C|T,21615_T|G,21846_C|T,22036_A|C,22498_C|T,22882_T|A,23403_A|G,23604_C|A,23625_C|T,23638_C|T,23765_T|G,24442_C|T,24642_C|T,25513_C|T,26222_C|T,26310_T|A,27389_C|T,27427_C|T,27769_C|T,28048_G|A,28330_A|G,28854_C|T,28910_A|T,29449_G|T,11288_11296,26158_26161,28271
USA/CA-CDC-QDX26215618/2021	XB	241_C|T,1255_A|G,3037_C|T,3688_C|T,3775_C|T,3884_C|T,6633_C|T,7142_A|G,9614_A|G,9693_C|T,9754_A|C,12591_T|C,14408_C|T,15026_C|T,15451_G|A,16466_C|T,19543_A|G,21057_C|T,21615_T|G,21846_C|T,22036_A|C,22498_C|T,22882_T|A,23403_A|G,23604_C|A,23625_C|T,23638_C|T,23765_T|G,24442_C|T,24642_C|T,25513_C|T,26222_C|T,26310_T|A,27122_G|A,27389_C|T,27427_C|T,27769_C|T,28048_G|A,28330_A|G,28854_C|T,28910_A|T,29449_G|T,11288_11296,26158_26161,28271
USA/CA-CDC-QDX26215660/2021	XB	241_C|T,1255_A|G,3037_C|T,3688_C|T,3775_C|T,3884_C|T,6633_C|T,7142_A|G,9614_A|G,9693_C|T,9754_A|C,12591_T|C,14408_C|T,15026_C|T,15451_G|A,16466_C|T,19543_A|G,21057_C|T,21615_T|G,21846_C|T,22036_A|C,22498_C|T,22882_T|A,23403_A|G,23604_C|A,23625_C|T,23638_C|T,23765_T|G,24442_C|T,24642_C|T,25513_C|T,25516_C|T,26222_C|T,26310_T|A,27389_C|T,27427_C|T,27769_C|T,28048_G|A,28330_A|G,28854_C|T,28910_A|T,29449_G|T,11288_11296,26158_26161,28271
USA/CA-CDC-QDX26300098/2021	XB	241_C|T,1255_A|G,3037_C|T,3688_C|T,3884_C|T,6633_C|T,7142_A|G,7573_C|A,9500_G|T,12591_T|C,14408_C|T,15026_C|T,15451_G|A,16466_C|T,21057_C|T,21615_T|G,21846_C|T,22036_A|C,22498_C|T,22882_T|A,23403_A|G,23604_C|A,23625_C|T,23638_C|T,23765_T|G,24442_C|T,24642_C|T,25513_C|T,26222_C|T,27389_C|T,27427_C|T,27769_C|T,28048_G|A,28330_A|G,28693_T|C,28854_C|T,28910_A|T,11288_11296,26158_26161,28271
USA/CA-CDC-QDX26380657/2021	XB	241_C|T,1255_A|G,1931_C|A,3037_C|T,3688_C|T,3884_C|T,6633_C|T,7142_A|G,9614_A|G,9693_C|T,9754_A|C,12591_T|C,14408_C|T,15026_C|T,15451_G|A,16466_C|T,21057_C|T,21615_T|G,21846_C|T,22036_A|C,22498_C|T,22882_T|A,23403_A|G,23604_C|A,23625_C|T,23638_C|T,23765_T|G,24442_C|T,24642_C|T,25513_C|T,26222_C|T,27389_C|T,27427_C|T,27769_C|T,28048_G|A,28330_A|G,28854_C|T,28910_A|T,11288_11296,26158_26161,28271
USA/CA-CDC-QDX26380686/2021	XB	241_C|T,1255_A|G,3037_C|T,3688_C|T,3884_C|T,5654_C|T,6633_C|T,7142_A|G,8449_A|G,9614_A|G,9693_C|T,9754_A|C,12591_T|C,13715_A|G,14408_C|T,15026_C|T,15451_G|A,16466_C|T,21057_C|T,21615_T|G,21846_C|T,22036_A|C,22498_C|T,22882_T|A,23403_A|G,23604_C|A,23625_C|T,23638_C|T,23765_T|G,24442_C|T,24642_C|T,25179_A|T,25513_C|T,25526_G|T,26222_C|T,27214_G|T,27389_C|T,27427_C|T,27769_C|T,28048_G|A,28330_A|G,28854_C|T,28910_A|T,11288_11296,26158_26161,28271,29759_.|TACAGTGAACAATGCTA
USA/CA-CDC-QDX26675679/2021	XB	241_C|T,3037_C|T,3688_C|T,3884_C|T,6633_C|T,7142_A|G,9614_A|G,9693_C|T,9754_A|C,14408_C|T,15451_G|A,16466_C|T,19085_A|G,21057_C|T,21615_T|G,21658_C|T,21846_C|T,22036_A|C,22882_T|A,23403_A|G,23604_C|A,23625_C|T,23765_T|G,24442_C|T,24642_C|T,25942_T|C,26222_C|T,27389_C|T,27769_C|T,27892_A|G,28048_G|A,28330_A|G,28854_C|T,28910_A|T,29296_C|T,11288_11296,26158_26161,27694_27697,28271
USA/CA-CDC-QDX27127426/2021	XB	241_C|T,1255_A|G,3037_C|T,3688_C|T,3884_C|T,6633_C|T,7142_A|G,9614_A|G,9693_C|T,9754_A|C,12591_T|C,14408_C|T,15026_C|T,15451_G|A,16466_C|T,21057_C|T,21615_T|G,21846_C|T,22036_A|C,22498_C|T,22882_T|A,23403_A|G,23604_C|A,23625_C|T,23638_C|T,23765_T|G,24442_C|T,24642_C|T,25513_C|T,25577_T|C,26222_C|T,27389_C|T,27427_C|T,27769_C|T,28048_G|A,28330_A|G,28854_C|T,28910_A|T,11288_11296,26158_26161,28271
USA/CA-CDC-QDX27211966/2021	XB	241_C|T,1255_A|G,3037_C|T,3688_C|T,3884_C|T,6633_C|T,7142_A|G,9614_A|G,9693_C|T,9754_A|C,10277_C|A,12591_T|C,14408_C|T,15026_C|T,15451_G|A,16466_C|T,21057_C|T,21615_T|G,21846_C|T,22036_A|C,22498_C|T,22882_T|A,23403_A|G,23604_C|A,23625_C|T,23638_C|T,23765_T|G,24038_G|A,24442_C|T,24642_C|T,25513_C|T,26222_C|T,27389_C|T,27427_C|T,27769_C|T,28048_G|A,28330_A|G,28854_C|T,28910_A|T,11288_11296,26158_26161,28271
USA/CA-CDC-STM-000039050/2021	XB	241_C|T,1255_A|G,3037_C|T,3688_C|T,3884_C|T,6633_C|T,7142_A|G,9614_A|G,9693_C|T,9754_A|C,14408_C|T,15026_C|T,15451_G|A,16466_C|T,21057_C|T,21615_T|G,21846_C|T,22036_A|C,23403_A|G,23604_C|A,23625_C|T,23638_C|T,23765_T|G,24442_C|T,24642_C|T,26222_C|T,27389_C|T,27769_C|T,28048_G|A,28330_A|G,28854_C|T,28910_A|T,11288_11296,26158_26161,28271
USA/CA-CDC-STM-000041740/2021	XB	241_C|T,1255_A|G,3037_C|T,3688_C|T,3884_C|T,6028_A|G,6633_C|T,7142_A|G,9614_A|G,9693_C|T,9754_A|C,14408_C|T,15026_C|T,15451_G|A,16466_C|T,21057_C|T,21615_T|G,21846_C|T,22036_A|C,23403_A|G,23604_C|A,23625_C|T,23638_C|T,23765_T|G,24442_C|T,24642_C|T,26222_C|T,27389_C|T,27769_C|T,28048_G|A,28330_A|G,28854_C|T,28910_A|T,11288_11296,26158_26161,28271
USA/CA-CDC-STM-000044277/2021	XB	241_C|T,1255_A|G,3037_C|T,3688_C|T,3884_C|T,6028_A|G,6633_C|T,7142_A|G,9614_A|G,9693_C|T,9754_A|C,14408_C|T,15026_C|T,15451_G|A,16466_C|T,21057_C|T,21615_T|G,21846_C|T,22036_A|C,22882_T|A,23403_A|G,23604_C|A,23625_C|T,23638_C|T,23765_T|G,24442_C|T,24642_C|T,26222_C|T,27389_C|T,27769_C|T,28048_G|A,28330_A|G,28854_C|T,28910_A|T,11288_11296,26158_26161,28271
USA/CA-CDC-STM-000045648/2021	XB	241_C|T,1255_A|G,3037_C|T,3688_C|T,3884_C|T,6028_A|G,6633_C|T,7142_A|G,9614_A|G,9693_C|T,9754_A|C,14408_C|T,15026_C|T,15451_G|A,16466_C|T,21057_C|T,21615_T|G,21846_C|T,22036_A|C,22317_G|T,22882_T|A,23403_A|G,23604_C|A,23625_C|T,23638_C|T,23765_T|G,24442_C|T,24642_C|T,26222_C|T,27389_C|T,27769_C|T,28048_G|A,28330_A|G,28854_C|T,28910_A|T,11288_11296,26158_26161,28271
USA/CA-CDC-STM-000045919/2021	XB	241_C|T,1255_A|G,3037_C|T,3688_C|T,3884_C|T,6028_A|G,6633_C|T,7142_A|G,9614_A|G,9693_C|T,9754_A|C,14408_C|T,15026_C|T,15451_G|A,16466_C|T,21057_C|T,21615_T|G,21846_C|T,22036_A|C,22882_T|A,23403_A|G,23604_C|A,23625_C|T,23638_C|T,23765_T|G,24442_C|T,24642_C|T,26222_C|T,27389_C|T,27769_C|T,28048_G|A,28330_A|G,28854_C|T,28910_A|T,11288_11296,26158_26161,28271
USA/CA-CDC-STM-000048944/2021	XB	241_C|T,1255_A|G,3037_C|T,3688_C|T,3884_C|T,6028_A|G,6633_C|T,7142_A|G,9614_A|G,9693_C|T,9754_A|C,14408_C|T,15026_C|T,15451_G|A,16466_C|T,21057_C|T,21615_T|G,21846_C|T,22036_A|C,22317_G|T,22882_T|A,23403_A|G,23604_C|A,23625_C|T,23638_C|T,23765_T|G,24442_C|T,24642_C|T,26222_C|T,27389_C|T,27769_C|T,28048_G|A,28330_A|G,28854_C|T,28910_A|T,11288_11296,26158_26161,28271
USA/CA-CDC-STM-000059064/2021	XB	241_C|T,1255_A|G,3037_C|T,3688_C|T,3884_C|T,6028_A|G,6633_C|T,7142_A|G,9614_A|G,9693_C|T,9754_A|C,11417_G|A,14408_C|T,15026_C|T,15451_G|A,16466_C|T,19643_A|G,21057_C|T,21615_T|G,21846_C|T,22036_A|C,23403_A|G,23604_C|A,23625_C|T,23638_C|T,23765_T|G,24442_C|T,24642_C|T,26004_C|T,26222_C|T,27389_C|T,27769_C|T,28048_G|A,28330_A|G,28854_C|T,28910_A|T,29632_C|T,11288_11296,26158_26161,28271
USA/CA-CDC-STM-000067590/2021	XB	241_C|T,1255_A|G,3037_C|T,3688_C|T,3884_C|T,6633_C|T,7142_A|G,9614_A|G,9693_C|T,9754_A|C,14408_C|T,15026_C|T,15451_G|A,16466_C|T,21057_C|T,21615_T|G,21846_C|T,22036_A|C,22882_T|A,23403_A|G,23604_C|A,23625_C|T,23638_C|T,23765_T|G,24442_C|T,24642_C|T,26222_C|T,27389_C|T,27769_C|T,28048_G|A,28330_A|G,28854_C|T,28910_A|T,11288_11296,26158_26161,28271
USA/CA-CDC-STM-000068432/2021	XB	241_C|T,1255_A|G,3037_C|T,3688_C|T,3884_C|T,6633_C|T,7142_A|G,9614_A|G,9693_C|T,9754_A|C,14408_C|T,15026_C|T,15451_G|A,16466_C|T,21057_C|T,21615_T|G,21846_C|T,22036_A|C,23403_A|G,23604_C|A,23625_C|T,23638_C|T,23765_T|G,24442_C|T,24642_C|T,26222_C|T,27389_C|T,27769_C|T,28048_G|A,28330_A|G,28854_C|T,28910_A|T,11288_11296,26158_26161,28271
USA/CA-CDC-STM-000068542/2021	XB	241_C|T,1255_A|G,3037_C|T,3688_C|T,3884_C|T,6633_C|T,7142_A|G,9614_A|G,9693_C|T,9705_G|T,9754_A|C,14408_C|T,15026_C|T,15451_G|A,16122_G|T,16466_C|T,21057_C|T,21615_T|G,21846_C|T,22036_A|C,23403_A|G,23604_C|A,23625_C|T,23638_C|T,23765_T|G,24442_C|T,24642_C|T,26222_C|T,27389_C|T,27769_C|T,28048_G|A,28330_A|G,28854_C|T,28910_A|T,686_694,11288_11296,26158_26161,28271
USA/CA-CDC-STM-000073836/2021	XB	112_T|C,241_C|T,1419_C|T,1471_C|T,3037_C|T,3688_C|T,3884_C|T,6633_C|T,6717_G|T,7142_A|G,8480_C|T,9614_A|G,9693_C|T,9754_A|C,14408_C|T,15451_G|A,16466_C|T,20987_C|T,21057_C|T,21615_T|G,21632_T|C,21846_C|T,22036_A|C,22882_T|A,23403_A|G,23604_C|A,23625_C|T,23670_A|G,23765_T|G,24442_C|T,24642_C|T,26222_C|T,26319_A|G,27389_C|T,27769_C|T,28048_G|A,28330_A|G,28854_C|T,28910_A|T,28936_G|T,29543_G|T,29692_G|T,11288_11296,26158_26161,28271
USA/CA-CDPH-3000029637/2021	XB	241_C|T,1255_A|G,3037_C|T,3619_C|T,3688_C|T,3884_C|T,6633_C|T,7142_A|G,9614_A|G,9693_C|T,9754_A|C,11288_T|A,11291_G|A,11296_T|G,14408_C|T,15026_C|T,15451_G|A,16058_C|T,16466_C|T,16952_C|T,21057_C|T,21615_T|G,21846_C|T,22036_A|C,22882_T|A,23403_A|G,23604_C|A,23625_C|T,23638_C|T,23765_T|G,24442_C|T,24642_C|T,26222_C|T,27389_C|T,27769_C|T,28048_G|A,28330_A|G,28854_C|T,28910_A|T,29870_C|A,26158,28271,29903_.|A
USA/CA-CDPH-3000039676/2021	XB	241_C|T,1255_A|G,3037_C|T,3688_C|T,3884_C|T,6028_A|G,6633_C|T,7142_A|G,9614_A|G,9693_C|T,9754_A|C,11288_T|A,11291_G|A,11296_T|G,14408_C|T,15026_C|T,15451_G|A,15951_C|A,16466_C|T,21057_C|T,21615_T|G,21846_C|T,22036_A|C,22882_T|A,23403_A|G,23604_C|A,23625_C|T,23638_C|T,23765_T|G,24442_C|T,24642_C|T,25440_G|T,26222_C|T,27389_C|T,27769_C|T,28048_G|A,28330_A|G,28854_C|T,28910_A|T,29870_C|A,26158,28271
USA/CA-CDPH-3000039739/2021	XB	241_C|T,1255_A|G,3037_C|T,3688_C|T,3884_C|T,6633_C|T,7142_A|G,9614_A|G,9693_C|T,9754_A|C,11288_T|A,11291_G|A,11296_T|G,12591_T|C,14408_C|T,15026_C|T,15451_G|A,16466_C|T,21057_C|T,21615_T|G,21846_C|T,22036_A|C,22498_C|T,22882_T|A,23403_A|G,23604_C|A,23625_C|T,23638_C|T,23765_T|G,24442_C|T,24642_C|T,25513_C|T,26222_C|T,26310_T|A,27389_C|T,27427_C|T,27494_C|T,27769_C|T,28048_G|A,28330_A|G,28854_C|T,28910_A|T,29870_C|A,26158_26161,28271
USA/CA-CDPH-3000040048/2021	XB	241_C|T,1255_A|G,3037_C|T,3688_C|T,3884_C|T,6633_C|T,7142_A|G,9614_A|G,9693_C|T,9754_A|C,11288_T|A,11291_G|A,11296_T|G,12591_T|C,14408_C|T,15026_C|T,15451_G|A,16466_C|T,21057_C|T,21615_T|G,21846_C|T,22036_A|C,22498_C|T,22882_T|A,23403_A|G,23604_C|A,23625_C|T,23638_C|T,23765_T|G,24442_C|T,24642_C|T,25513_C|T,26222_C|T,26310_T|A,27389_C|T,27427_C|T,27494_C|T,27769_C|T,28048_G|A,28330_A|G,28854_C|T,28910_A|T,29870_C|A,26158,28271
USA/CA-CDPH-3000040303/2021	XB	241_C|T,1255_A|G,2488_C|T,3037_C|T,3688_C|T,3884_C|T,4827_C|T,6028_A|G,6633_C|T,7142_A|G,9614_A|G,9693_C|T,9754_A|C,11296_T|G,12084_C|T,14408_C|T,15026_C|T,15451_G|A,16466_C|T,21057_C|T,21615_T|G,21846_C|T,22036_A|C,22882_T|A,23403_A|G,23604_C|A,23625_C|T,23638_C|T,23765_T|G,24442_C|T,24642_C|T,25046_C|T,26222_C|T,27389_C|T,27769_C|T,28048_G|A,28330_A|G,28854_C|T,28910_A|T,29870_C|A,26158,28271,29903_.|A
USA/CA-CDPH-3000040319/2021	XB	241_C|T,1255_A|G,2488_C|T,3037_C|T,3688_C|T,3884_C|T,6028_A|G,6633_C|T,7142_A|G,9614_A|G,9693_C|T,9754_A|C,11288_T|A,11291_G|A,11296_T|G,12084_C|T,14408_C|T,15026_C|T,15451_G|A,16466_C|T,21057_C|T,21615_T|G,21846_C|T,22036_A|C,22882_T|A,23403_A|G,23604_C|A,23625_C|T,23638_C|T,23765_T|G,24442_C|T,24642_C|T,25046_C|T,26222_C|T,27389_C|T,27769_C|T,28048_G|A,28330_A|G,28854_C|T,28910_A|T,29870_C|A,26158,28271,29903_.|A
USA/CA-CDPH-3000042351/2021	XB	241_C|T,1255_A|G,3037_C|T,3688_C|T,3775_C|T,3884_C|T,6633_C|T,7142_A|G,9614_A|G,9693_C|T,9754_A|C,12591_T|C,14408_C|T,15026_C|T,15451_G|A,16466_C|T,21057_C|T,21615_T|G,21846_C|T,22036_A|C,22498_C|T,22882_T|A,23403_A|G,23604_C|A,23625_C|T,23638_C|T,23765_T|G,24442_C|T,24642_C|T,25513_C|T,26222_C|T,26310_T|A,27389_C|T,27427_C|T,27769_C|T,28048_G|A,28330_A|G,28854_C|T,28910_A|T,29449_G|T,11288_11296,26158_26161,28271
USA/CA-CDPH-3000051093/2021	XB	241_C|T,1255_A|G,3037_C|T,3688_C|T,3884_C|T,6633_C|T,7142_A|G,9195_C|T,9614_A|G,9693_C|T,9754_A|C,11288_T|A,11291_G|A,11296_T|G,14408_C|T,15026_C|T,15451_G|A,16466_C|T,20055_A|G,21057_C|T,21615_T|G,21846_C|T,22036_A|C,22882_T|A,23403_A|G,23604_C|A,23625_C|T,23638_C|T,23765_T|G,24442_C|T,24642_C|T,26222_C|T,27389_C|T,27769_C|T,28048_G|A,28330_A|G,28854_C|T,28910_A|T,29870_C|A,26158,28271
USA/CA-CDPH-3000051850/2021	XB	241_C|T,1255_A|G,3037_C|T,3688_C|T,3884_C|T,6633_C|T,7142_A|G,9614_A|G,9693_C|T,9754_A|C,11288_T|A,11291_G|A,11296_T|G,14408_C|T,15026_C|T,15451_G|A,16466_C|T,21057_C|T,21615_T|G,21846_C|T,22036_A|C,22882_T|A,23403_A|G,23604_C|A,23625_C|T,23638_C|T,23765_T|G,24442_C|T,24642_C|T,26222_C|T,27389_C|T,27769_C|T,28048_G|A,28330_A|G,28854_C|T,28910_A|T,29870_C|A,26158,28271
USA/CA-CDPH-3000052767/2021	XB	241_C|T,1255_A|G,3037_C|T,3688_C|T,3884_C|T,6633_C|T,7142_A|G,9614_A|G,9693_C|T,9754_A|C,11288_T|A,11291_G|A,11296_T|G,12591_T|C,14408_C|T,15026_C|T,15451_G|A,16466_C|T,21057_C|T,21615_T|G,21846_C|T,22036_A|C,22498_C|T,22882_T|A,23403_A|G,23604_C|A,23625_C|T,23638_C|T,23765_T|G,24442_C|T,24642_C|T,25513_C|T,26222_C|T,26310_T|A,27389_C|T,27427_C|T,27494_C|T,27769_C|T,28048_G|A,28330_A|G,28854_C|T,28910_A|T,29870_C|A,26158,28271,29903_.|A
USA/CA-CDPH-3000053264/2021	XB	241_C|T,1255_A|G,1931_C|A,3037_C|T,3688_C|T,3884_C|T,6633_C|T,7142_A|G,9614_A|G,9693_C|T,9754_A|C,12591_T|C,14408_C|T,15026_C|T,15451_G|A,16466_C|T,21057_C|T,21615_T|G,21846_C|T,22036_A|C,22498_C|T,22882_T|A,23403_A|G,23604_C|A,23625_C|T,23638_C|T,23765_T|G,24442_C|T,24642_C|T,25513_C|T,26222_C|T,27389_C|T,27427_C|T,27769_C|T,28048_G|A,28330_A|G,28854_C|T,28910_A|T,29870_C|A,11288_11296,26158_26161,28271
USA/CA-CDPH-3000100591/2021	XB	241_C|T,1255_A|G,1931_C|A,3037_C|T,3688_C|T,3884_C|T,6633_C|T,7142_A|G,9614_A|G,9693_C|T,9754_A|C,11559_A|G,12591_T|C,14408_C|T,15026_C|T,15451_G|A,16466_C|T,21057_C|T,21615_T|G,21846_C|T,22036_A|C,22498_C|T,22882_T|A,23403_A|G,23604_C|A,23625_C|T,23638_C|T,23765_T|G,24442_C|T,24642_C|T,25047_C|T,25513_C|T,26222_C|T,27389_C|T,27427_C|T,27509_C|T,27769_C|T,28048_G|A,28330_A|G,28854_C|T,28910_A|T,11288_11296,26158_26161,28271
USA/CA-CDPH-3000108488/2021	XB	241_C|T,1255_A|G,3037_C|T,3688_C|T,3884_C|T,6028_A|G,6633_C|T,7086_C|A,7142_A|G,9614_A|G,9693_C|T,9754_A|C,14408_C|T,15026_C|T,15451_G|A,15921_G|T,16466_C|T,19961_C|T,21057_C|T,21615_T|G,21846_C|T,22036_A|C,22882_T|A,23403_A|G,23604_C|A,23625_C|T,23638_C|T,23765_T|G,24442_C|T,24642_C|T,25440_G|T,26222_C|T,27282_G|T,27389_C|T,27769_C|T,28000_C|A,28110_T|C,28330_A|G,28854_C|T,28910_A|T,11288_11296,26158_26161,28271
USA/CA-CDPH-3000112867/2021	XB	241_C|T,1255_A|G,1931_C|A,3037_C|T,3688_C|T,3884_C|T,6633_C|T,7142_A|G,9614_A|G,9693_C|T,9754_A|C,11559_A|G,12591_T|C,14408_C|T,15026_C|T,15451_G|A,16466_C|T,21057_C|T,21615_T|G,21846_C|T,22036_A|C,22498_C|T,22882_T|A,23403_A|G,23604_C|A,23625_C|T,23638_C|T,23765_T|G,24442_C|T,24642_C|T,25047_C|T,25513_C|T,26222_C|T,27389_C|T,27427_C|T,27509_C|T,27769_C|T,28048_G|A,28330_A|G,28854_C|T,28910_A|T,29870_C|A,11288_11296,26158_26161,28271
USA/CA-CDPH-3000113011/2021	XB	241_C|T,1255_A|G,3037_C|T,3688_C|T,3884_C|T,6633_C|T,7142_A|G,7573_C|A,9614_A|G,9693_C|T,9754_A|C,12591_T|C,14408_C|T,15026_C|T,15451_G|A,16466_C|T,18424_A|T,21057_C|T,21615_T|G,21846_C|T,22036_A|C,22498_C|T,22882_T|A,23403_A|G,23604_C|A,23625_C|T,23638_C|T,23765_T|G,24442_C|T,24642_C|T,25513_C|T,26222_C|T,27389_C|T,27427_C|T,27769_C|T,28048_G|A,28330_A|G,28854_C|T,28910_A|T,11288_11296,26158_26161,28271
USA/CA-CDPH-3000118609/2021	XB	241_C|T,1255_A|G,3037_C|T,3688_C|T,3884_C|T,6633_C|T,7142_A|G,7573_C|A,9614_A|G,9693_C|T,9754_A|C,12591_T|C,14408_C|T,15026_C|T,15451_G|A,16466_C|T,18424_A|T,21057_C|T,21615_T|G,21846_C|T,22036_A|C,22498_C|T,22882_T|A,23403_A|G,23604_C|A,23625_C|T,23638_C|T,23765_T|G,24442_C|T,24642_C|T,25513_C|T,26222_C|T,27389_C|T,27427_C|T,27769_C|T,28048_G|A,28330_A|G,28854_C|T,28910_A|T,11288_11296,26158_26161,28271
USA/CA-CDPH-3000119077/2021	XB	241_C|T,1255_A|G,3037_C|T,3688_C|T,3884_C|T,6028_A|G,6633_C|T,7086_C|A,7142_A|G,9614_A|G,9693_C|T,9754_A|C,14408_C|T,15026_C|T,15451_G|A,15921_G|T,16466_C|T,19961_C|T,21057_C|T,21615_T|G,21846_C|T,22036_A|C,22882_T|A,23403_A|G,23604_C|A,23625_C|T,23638_C|T,23765_T|G,24442_C|T,24642_C|T,25440_G|T,26222_C|T,27282_G|T,27389_C|T,27769_C|T,28000_C|A,28110_T|C,28330_A|G,28854_C|T,28910_A|T,29870_C|A,11288_11296,26158_26161,28271
USA/CA-CDPH-3000120078/2021	XB	241_C|T,829_C|T,1419_C|T,3037_C|T,3688_C|T,3884_C|T,6633_C|T,6717_G|T,7142_A|G,8480_C|T,9614_A|G,9693_C|T,9754_A|C,13011_C|T,14408_C|T,15451_G|A,16466_C|T,17403_C|T,19117_G|T,20987_C|T,21057_C|T,21615_T|G,21846_C|T,22036_A|C,22882_T|A,23403_A|G,23604_C|A,23625_C|T,23765_T|G,24442_C|T,24642_C|T,26222_C|T,26645_C|T,27389_C|T,27769_C|T,28048_G|A,28330_A|G,28854_C|T,28910_A|T,29543_G|T,29870_C|A,11288_11296,26158_26161,28271
USA/CA-CDPH-3000120304/2021	XB	241_C|T,1255_A|G,3037_C|T,3688_C|T,3884_C|T,6633_C|T,7142_A|G,7573_C|A,9614_A|G,9693_C|T,9754_A|C,11083_G|T,12591_T|C,14408_C|T,15026_C|T,15451_G|A,16466_C|T,18424_A|T,21057_C|T,21615_T|G,21846_C|T,22036_A|C,22498_C|T,22882_T|A,23403_A|G,23604_C|A,23625_C|T,23638_C|T,23765_T|G,24442_C|T,24642_C|T,25513_C|T,26222_C|T,27389_C|T,27427_C|T,27769_C|T,28048_G|A,28330_A|G,28854_C|T,28910_A|T,29747_G|T,11288_11296,26158_26161,28271
USA/CA-CDPH-3000120500/2021	XB	241_C|T,1255_A|G,3037_C|T,3688_C|T,3884_C|T,6633_C|T,7142_A|G,7573_C|A,9614_A|G,9693_C|T,9754_A|C,12591_T|C,14408_C|T,15026_C|T,15451_G|A,16466_C|T,18424_A|T,21057_C|T,21615_T|G,21846_C|T,22036_A|C,22480_C|T,22498_C|T,22882_T|A,23403_A|G,23604_C|A,23625_C|T,23638_C|T,23765_T|G,24442_C|T,24642_C|T,25513_C|T,26222_C|T,27389_C|T,27427_C|T,27769_C|T,28048_G|A,28330_A|G,28854_C|T,28910_A|T,28942_G|C,29870_C|A,11288_11296,26158_26161,28271
USA/CA-CDPH-3000120615/2021	XB	241_C|T,1255_A|G,3037_C|T,3688_C|T,3884_C|T,6633_C|T,7142_A|G,7573_C|A,9614_A|G,9693_C|T,9754_A|C,12591_T|C,14408_C|T,15026_C|T,15451_G|A,16466_C|T,18424_A|T,20131_G|T,20132_C|T,21057_C|T,21615_T|G,21846_C|T,22036_A|C,22498_C|T,22882_T|A,23403_A|G,23604_C|A,23625_C|T,23638_C|T,23765_T|G,24442_C|T,24642_C|T,25513_C|T,25644_G|T,26222_C|T,27389_C|T,27427_C|T,27769_C|T,28048_G|A,28330_A|G,28854_C|T,28910_A|T,11288_11296,26158_26161,28271
USA/CA-CDPH-3000121765/2021	XB	241_C|T,1255_A|G,3037_C|T,3688_C|T,3719_G|A,3884_C|T,5504_G|T,6028_A|G,6633_C|T,7086_C|A,7142_A|G,9614_A|G,9693_C|T,9754_A|C,14408_C|T,15026_C|T,15451_G|A,15921_G|T,16466_C|T,19961_C|T,21057_C|T,21615_T|G,21846_C|T,22036_A|C,22882_T|A,23403_A|G,23604_C|A,23625_C|T,23638_C|T,23765_T|G,24442_C|T,24642_C|T,25440_G|T,26222_C|T,27282_G|T,27389_C|T,27769_C|T,28000_C|A,28110_T|C,28330_A|G,28854_C|T,28910_A|T,29870_C|A,11288_11296,26158_26161,28271
USA/CA-CDPH-3000122251/2021	XB	241_C|T,1255_A|G,3037_C|T,3688_C|T,3884_C|T,6633_C|T,7142_A|G,7573_C|A,9614_A|G,9693_C|T,9754_A|C,12591_T|C,14408_C|T,15026_C|T,15451_G|A,16466_C|T,18424_A|T,21057_C|T,21306_C|T,21615_T|G,21846_C|T,22036_A|C,22498_C|T,22882_T|A,23403_A|G,23604_C|A,23625_C|T,23638_C|T,23765_T|G,24442_C|T,24642_C|T,25513_C|T,26222_C|T,27389_C|T,27427_C|T,27769_C|T,28048_G|A,28330_A|G,28854_C|T,28910_A|T,11288_11296,26158_26161,28271
USA/CA-CDPH-3000122566/2021	XB	241_C|T,1255_A|G,3037_C|T,3688_C|T,3884_C|T,6633_C|T,7142_A|G,7573_C|A,9614_A|G,9693_C|T,9754_A|C,12591_T|C,14408_C|T,15026_C|T,15451_G|A,16466_C|T,18424_A|T,21057_C|T,21615_T|G,21846_C|T,22036_A|C,22498_C|T,22882_T|A,23403_A|G,23604_C|A,23625_C|T,23638_C|T,23765_T|G,24442_C|T,24642_C|T,25513_C|T,26222_C|T,27389_C|T,27427_C|T,27769_C|T,28048_G|A,28330_A|G,28854_C|T,28910_A|T,11288_11296,26158_26161,28271
USA/CA-CDPH-3000125076/2021	XB	241_C|T,1255_A|G,3037_C|T,3688_C|T,3884_C|T,6633_C|T,7142_A|G,7573_C|A,9614_A|G,9693_C|T,9754_A|C,10156_C|T,11288_T|A,11291_G|A,11296_T|G,12591_T|C,14408_C|T,15026_C|T,15451_G|A,16466_C|T,18424_A|T,21057_C|T,21615_T|G,21846_C|T,22036_A|C,22498_C|T,22882_T|A,23403_A|G,23604_C|A,23625_C|T,23638_C|T,23765_T|G,24442_C|T,24642_C|T,25513_C|T,26222_C|T,27389_C|T,27427_C|T,27769_C|T,28048_G|A,28330_A|G,28854_C|T,28910_A|T,29053_A|C,29870_C|A,26158,28271,29903_.|A
USA/CA-CDPH-3000131397/2021	XB	241_C|T,683_C|T,1249_A|G,1255_A|G,3037_C|T,3688_C|T,3884_C|T,4717_A|G,6633_C|T,7142_A|G,7328_G|T,7831_T|A,9614_A|G,9693_C|T,9754_A|C,14408_C|T,15026_C|T,15243_G|T,15451_G|A,16466_C|T,16688_T|C,20178_C|T,21057_C|T,21615_T|G,21846_C|T,22036_A|C,22882_T|A,23148_A|T,23403_A|G,23604_C|A,23625_C|T,23638_C|T,23765_T|G,24442_C|T,24642_C|T,26222_C|T,27389_C|T,27580_T|G,27619_C|A,27769_C|T,27995_T|A,28124_T|G,28330_A|G,28854_C|T,28910_A|T,11288_11296,26158_26161,28271
USA/CA-CDPH-3000133656/2021	XB	241_C|T,1255_A|G,2945_G|T,3037_C|T,3688_C|T,3884_C|T,6633_C|T,7142_A|G,7573_C|A,9614_A|G,9693_C|T,9754_A|C,12591_T|C,14408_C|T,15026_C|T,15451_G|A,16466_C|T,18424_A|T,21057_C|T,21615_T|G,21846_C|T,22036_A|C,22498_C|T,22882_T|A,23403_A|G,23604_C|A,23625_C|T,23638_C|T,23765_T|G,24442_C|T,24642_C|T,25513_C|T,26222_C|T,27389_C|T,27427_C|T,27577_C|G,27769_C|T,28048_G|A,28330_A|G,28854_C|T,28910_A|T,28942_G|C,29870_C|A,11288_11296,26158_26161,28271
USA/CA-CDPH-3000135258/2021	XB	241_C|T,1255_A|G,1758_C|T,3037_C|T,3688_C|T,3884_C|T,6633_C|T,7142_A|G,9614_A|G,9693_C|T,9754_A|C,14408_C|T,15026_C|T,15451_G|A,16466_C|T,21057_C|T,21615_T|G,21618_C|T,21846_C|T,22036_A|C,22882_T|A,23403_A|G,23604_C|A,23625_C|T,23638_C|T,23765_T|G,24378_C|T,24406_T|G,24442_C|T,24642_C|T,26222_C|T,27389_C|T,27769_C|T,28048_G|A,28330_A|G,28854_C|T,28910_A|T,29870_C|A,11288_11296,26158_26161,28271
USA/CA-CDPH-3000135894/2021	XB	241_C|T,1255_A|G,3037_C|T,3688_C|T,3884_C|T,6633_C|T,7142_A|G,9170_C|T,9614_A|G,9693_C|T,9754_A|C,13261_C|T,14408_C|T,15026_C|T,15451_G|A,16466_C|T,21057_C|T,21615_T|G,21846_C|T,22036_A|C,22882_T|A,23403_A|G,23604_C|A,23625_C|T,23638_C|T,23765_T|G,24378_C|T,24406_T|G,24442_C|T,24642_C|T,26222_C|T,27389_C|T,27769_C|T,28048_G|A,28330_A|G,28591_A|T,28851_G|T,28854_C|T,28910_A|T,29870_C|A,11288_11296,26158_26161,28271
USA/CA-CDPH-3000136407/2021	XB	241_C|T,1255_A|G,3037_C|T,3688_C|T,3884_C|T,6633_C|T,7142_A|G,7798_G|T,9614_A|G,9693_C|T,9754_A|C,12064_A|C,13890_T|C,14408_C|T,15026_C|T,15451_G|A,16466_C|T,17679_G|T,18657_C|T,20578_G|T,21057_C|T,21615_T|G,21846_C|T,22036_A|C,22139_G|T,22882_T|A,23403_A|G,23604_C|A,23625_C|T,23638_C|T,23765_T|G,24378_C|T,24442_C|T,24642_C|T,26222_C|T,27143_C|T,27389_C|T,27769_C|T,28048_G|A,28330_A|G,28854_C|T,28910_A|T,29870_C|A,11288_11296,26158_26161,28271
USA/CA-CDPH-3000136423/2021	XB	241_C|T,1255_A|G,1420_C|T,3037_C|T,3261_C|T,3688_C|T,3884_C|T,6633_C|T,7142_A|G,9614_A|G,9693_C|T,9754_A|C,12591_T|C,14408_C|T,15026_C|T,15451_G|A,16466_C|T,21057_C|T,21615_T|G,21846_C|T,22036_A|C,22498_C|T,22882_T|A,23403_A|G,23604_C|A,23625_C|T,23638_C|T,23765_T|G,24442_C|T,24642_C|T,25513_C|T,26222_C|T,27389_C|T,27427_C|T,27769_C|T,28048_G|A,28330_A|G,28854_C|T,28910_A|T,29686_C|T,29706_G|C,29870_C|A,11288_11296,26158_26161,28271
USA/CA-CDPH-3000137448/2021	XB	241_C|T,364_C|T,1255_A|G,3037_C|T,3688_C|T,3884_C|T,6633_C|T,7142_A|G,9614_A|G,9693_C|T,9754_A|C,12591_T|C,14408_C|T,15026_C|T,15451_G|A,16466_C|T,21057_C|T,21615_T|G,21846_C|T,22036_A|C,22498_C|T,22882_T|A,23403_A|G,23604_C|A,23625_C|T,23638_C|T,23765_T|G,24442_C|T,24642_C|T,25444_G|T,25513_C|T,26222_C|T,27389_C|T,27427_C|T,27769_C|T,28048_G|A,28330_A|G,28854_C|T,28910_A|T,29870_C|A,11288_11296,26158_26161,28271
USA/CA-CDPH-3000143928/2021	XB	241_C|T,1255_A|G,2945_G|T,3037_C|T,3688_C|T,3884_C|T,6633_C|T,7142_A|G,7573_C|A,9614_A|G,9693_C|T,9754_A|C,11288_T|A,11291_G|A,11296_T|G,12591_T|C,14408_C|T,15026_C|T,15451_G|A,16466_C|T,18424_A|T,21057_C|T,21615_T|G,21846_C|T,22036_A|C,22498_C|T,22882_T|A,23403_A|G,23604_C|A,23625_C|T,23638_C|T,23765_T|G,24442_C|T,24642_C|T,25513_C|T,26222_C|T,27389_C|T,27427_C|T,27577_C|G,27769_C|T,28048_G|A,28330_A|G,28854_C|T,28910_A|T,28942_G|C,29870_C|A,26158,28271,29903_.|A
USA/CA-CDPH-3000147714/2021	XB	31_A|C,241_C|T,1255_A|G,3037_C|T,3688_C|T,3884_C|T,5239_C|T,6633_C|T,7142_A|G,9614_A|G,9693_C|T,9754_A|C,12591_T|C,14408_C|T,15026_C|T,15444_G|T,15451_G|A,16466_C|T,17676_C|T,21057_C|T,21615_T|G,21846_C|T,22036_A|C,22498_C|T,22882_T|A,23403_A|G,23604_C|A,23625_C|T,23638_C|T,23765_T|G,24442_C|T,24642_C|T,25513_C|T,25980_A|G,26222_C|T,27389_C|T,27427_C|T,27769_C|T,28048_G|A,28079_G|T,28239_G|T,28330_A|G,28854_C|T,28910_A|T,11288_11296,26158_26161,28271
USA/CA-CDPH-3000149022/2021	XB	241_C|T,683_C|T,1249_A|G,1255_A|G,3037_C|T,3688_C|T,3884_C|T,4717_A|G,6633_C|T,7142_A|G,7328_G|T,7831_T|A,9614_A|G,9693_C|T,9754_A|C,14408_C|T,15026_C|T,15243_G|T,15451_G|A,16466_C|T,16688_T|C,20178_C|T,21057_C|T,21615_T|G,21846_C|T,22036_A|C,22882_T|A,23148_A|T,23403_A|G,23604_C|A,23625_C|T,23638_C|T,23765_T|G,24442_C|T,24642_C|T,26222_C|T,27389_C|T,27580_T|G,27769_C|T,27995_T|A,28124_T|G,28330_A|G,28854_C|T,28910_A|T,29870_C|A,11288_11296,26158_26161,28271
USA/CA-CDPH-3000151281/2021	XB	241_C|T,1255_A|G,3037_C|T,3688_C|T,3884_C|T,6633_C|T,7142_A|G,7573_C|A,9614_A|G,9693_C|T,9754_A|C,12591_T|C,14408_C|T,15026_C|T,15451_G|A,16466_C|T,18260_T|A,18424_A|T,21057_C|T,21615_T|G,21846_C|T,22036_A|C,22498_C|T,22882_T|A,23403_A|G,23604_C|A,23625_C|T,23638_C|T,23765_T|G,24442_C|T,24642_C|T,25513_C|T,26222_C|T,27389_C|T,27427_C|T,27769_C|T,28048_G|A,28330_A|G,28854_C|T,28910_A|T,29870_C|A,11288_11296,26158_26161,28271
USA/CA-CDPH-500000064/2021	XB	241_C|T,1255_A|G,1931_C|A,3037_C|T,3688_C|T,3884_C|T,6633_C|T,7142_A|G,9614_A|G,9693_C|T,9754_A|C,12591_T|C,14408_C|T,15026_C|T,15451_G|A,16466_C|T,21057_C|T,21615_T|G,21846_C|T,22036_A|C,22498_C|T,22882_T|A,23403_A|G,23604_C|A,23625_C|T,23638_C|T,23765_T|G,24442_C|T,24642_C|T,25513_C|T,26222_C|T,27389_C|T,27427_C|T,27769_C|T,28048_G|A,28330_A|G,28854_C|T,28910_A|T,11288_11296,26158_26161,28271
USA/CA-CDPH-500000658/2021	XB	241_C|T,1255_A|G,3037_C|T,3688_C|T,3884_C|T,6028_A|G,6633_C|T,7086_C|A,7142_A|G,9614_A|G,9693_C|T,9754_A|C,14408_C|T,15026_C|T,15451_G|A,15921_G|T,16466_C|T,19961_C|T,21057_C|T,21615_T|G,21846_C|T,22036_A|C,22882_T|A,23403_A|G,23604_C|A,23625_C|T,23638_C|T,23765_T|G,24442_C|T,24642_C|T,25440_G|T,26222_C|T,27282_G|T,27389_C|T,27769_C|T,28330_A|G,28854_C|T,28910_A|T,11288_11296,26158_26161,28271
USA/CA-CDPH-500000808/2021	XB	241_C|T,1255_A|G,3037_C|T,3688_C|T,3884_C|T,3984_C|T,6559_T|A,6633_C|T,7142_A|G,7573_C|A,9614_A|G,9693_C|T,9754_A|C,12591_T|C,14408_C|T,15026_C|T,15451_G|A,15834_A|G,16466_C|T,21057_C|T,21615_T|G,21846_C|T,22036_A|C,22498_C|T,22882_T|A,23403_A|G,23604_C|A,23625_C|T,23638_C|T,23765_T|G,24442_C|T,24642_C|T,25513_C|T,26222_C|T,26527_C|T,26994_C|A,27134_T|C,27389_C|T,27427_C|T,27769_C|T,28048_G|A,28330_A|G,28854_C|T,28910_A|T,11288_11296,26158_26161,28271
USA/CA-CDPH-500001693/2021	XB	241_C|T,1255_A|G,1931_C|A,3037_C|T,3688_C|T,3884_C|T,6633_C|T,7142_A|G,9614_A|G,9693_C|T,9754_A|C,12591_T|C,14408_C|T,15026_C|T,15451_G|A,16466_C|T,18692_C|A,19156_C|T,21057_C|T,21615_T|G,21846_C|T,22036_A|C,22498_C|T,22882_T|A,23403_A|G,23604_C|A,23625_C|T,23638_C|T,23765_T|G,24442_C|T,24642_C|T,25513_C|T,26222_C|T,27389_C|T,27427_C|T,27769_C|T,28048_G|A,28330_A|G,28854_C|T,28910_A|T,11288_11296,26158_26161,28271
USA/CA-CDPH-500002719/2021	XB	241_C|T,1255_A|G,3037_C|T,3688_C|T,3884_C|T,6633_C|T,7142_A|G,9614_A|G,9693_C|T,9754_A|C,12591_T|C,14408_C|T,14500_G|T,15026_C|T,15451_G|A,16466_C|T,20426_T|C,21057_C|T,21615_T|G,21846_C|T,22036_A|C,22498_C|T,22882_T|A,23403_A|G,23604_C|A,23625_C|T,23638_C|T,23765_T|G,24442_C|T,24642_C|T,25513_C|T,26222_C|T,27389_C|T,27427_C|T,27769_C|T,28048_G|A,28330_A|G,28334_T|C,28854_C|T,28910_A|T,11288_11296,26158_26161,28271
USA/CA-CDPH-500002931/2021	XB	241_C|T,1255_A|G,3037_C|T,3688_C|T,3884_C|T,6633_C|T,7142_A|G,9614_A|G,9693_C|T,9754_A|C,12591_T|C,14408_C|T,14500_G|T,15026_C|T,15451_G|A,16466_C|T,20426_T|C,21057_C|T,21615_T|G,21846_C|T,22036_A|C,22498_C|T,22882_T|A,23403_A|G,23604_C|A,23625_C|T,23638_C|T,23765_T|G,24442_C|T,24642_C|T,25513_C|T,26222_C|T,27389_C|T,27427_C|T,27769_C|T,28048_G|A,28330_A|G,28334_T|C,28854_C|T,28910_A|T,11288_11296,26158_26161,28271
USA/CA-CDPH-500003112/2021	XB	241_C|T,1419_C|T,3037_C|T,3688_C|T,3884_C|T,5336_A|G,6633_C|T,6717_G|T,7142_A|G,8480_C|T,9614_A|G,9693_C|T,9754_A|C,14396_C|T,14408_C|T,15451_G|A,16466_C|T,17403_C|T,20987_C|T,21057_C|T,21615_T|G,21846_C|T,22036_A|C,22344_G|T,22882_T|A,23403_A|G,23604_C|A,23625_C|T,23765_T|G,24442_C|T,24565_T|C,24642_C|T,26222_C|T,27389_C|T,27769_C|T,28048_G|A,28330_A|G,28854_C|T,28910_A|T,29543_G|T,11288_11296,26158_26161,28271
USA/CA-CDPH-500015771/2021	XB	241_C|T,1255_A|G,2378_T|C,2918_C|T,3037_C|T,3688_C|T,3884_C|T,6633_C|T,7142_A|G,9614_A|G,9693_C|T,9754_A|C,10908_C|T,12591_T|C,13117_A|G,14408_C|T,15026_C|T,15451_G|A,16466_C|T,20703_C|T,21057_C|T,21615_T|G,21846_C|T,22036_A|C,22346_G|T,22361_G|T,22468_G|A,22498_C|T,22882_T|A,23403_A|G,23604_C|A,23625_C|T,23638_C|T,23765_T|G,24442_C|T,24642_C|T,25513_C|T,26222_C|T,27389_C|T,27427_C|T,27526_C|A,27769_C|T,28008_A|G,28048_G|A,28330_A|G,28854_C|T,28910_A|T,29541_C|T,29565_A|G,11288_11296,26158_26161,28271
USA/CA-CDPH-6000000157/2021	XB	241_C|T,1255_A|G,3037_C|T,3688_C|T,3884_C|T,6633_C|T,7142_A|G,7573_C|A,8348_A|G,9614_A|G,9693_C|T,9754_A|C,12591_T|C,14408_C|T,15026_C|T,15451_G|A,16466_C|T,18424_A|T,21057_C|T,21615_T|G,21846_C|T,22036_A|C,22498_C|T,22882_T|A,23403_A|G,23604_C|A,23625_C|T,23638_C|T,23765_T|G,24442_C|T,24642_C|T,25513_C|T,26222_C|T,27389_C|T,27427_C|T,27769_C|T,28048_G|A,28330_A|G,28854_C|T,28910_A|T,11288_11296,26158_26161,28271
USA/CA-CDPH-6000000269/2021	XB	241_C|T,1255_A|G,1931_C|A,3037_C|T,3688_C|T,3884_C|T,6633_C|T,7142_A|G,8830_T|C,9614_A|G,9693_C|T,9754_A|C,12591_T|C,14408_C|T,15026_C|T,15451_G|A,16466_C|T,21057_C|T,21077_C|T,21615_T|G,21846_C|T,21910_C|T,22036_A|C,22498_C|T,22882_T|A,23403_A|G,23604_C|A,23625_C|T,23638_C|T,23765_T|G,24442_C|T,24642_C|T,25513_C|T,26222_C|T,27389_C|T,27427_C|T,27769_C|T,28048_G|A,28330_A|G,28854_C|T,28910_A|T,11288_11296,26158_26161,28271
USA/CA-CDPH-6000000681/2021	XB	241_C|T,1255_A|G,1931_C|A,3037_C|T,3688_C|T,3884_C|T,6633_C|T,7142_A|G,9614_A|G,9693_C|T,9754_A|C,12591_T|C,14408_C|T,15026_C|T,15451_G|A,16466_C|T,21057_C|T,21615_T|G,21846_C|T,22036_A|C,22498_C|T,22882_T|A,23403_A|G,23604_C|A,23625_C|T,23638_C|T,23765_T|G,24442_C|T,24642_C|T,25513_C|T,26222_C|T,27389_C|T,27427_C|T,27769_C|T,28048_G|A,28330_A|G,28854_C|T,28910_A|T,11288_11296,26158_26161,28271
USA/CA-CDPH-6000000989/2021	XB	241_C|T,1255_A|G,3037_C|T,3688_C|T,3884_C|T,6633_C|T,7142_A|G,7573_C|A,8348_A|G,9614_A|G,9693_C|T,9754_A|C,12591_T|C,14408_C|T,15026_C|T,15451_G|A,16466_C|T,18424_A|T,21057_C|T,21615_T|G,21846_C|T,22036_A|C,22498_C|T,22882_T|A,23403_A|G,23604_C|A,23625_C|T,23638_C|T,23765_T|G,24442_C|T,24642_C|T,25513_C|T,26222_C|T,27389_C|T,27427_C|T,27769_C|T,28048_G|A,28330_A|G,28854_C|T,28910_A|T,11288_11296,26158_26161,28271
USA/CA-CDPH-6000001436/2021	XB	241_C|T,1255_A|G,3037_C|T,3688_C|T,3884_C|T,6633_C|T,7142_A|G,7573_C|A,9614_A|G,9693_C|T,9754_A|C,12591_T|C,14408_C|T,15026_C|T,15451_G|A,16466_C|T,21057_C|T,21615_T|G,21846_C|T,22036_A|C,22498_C|T,22882_T|A,23403_A|G,23604_C|A,23625_C|T,23638_C|T,23765_T|G,24442_C|T,24642_C|T,25513_C|T,26222_C|T,27389_C|T,27427_C|T,27769_C|T,28048_G|A,28330_A|G,28854_C|T,28910_A|T,29779_G|T,11288_11296,26158_26161,28271
USA/CA-CDPH-6000001449/2021	XB	241_C|T,1255_A|G,3037_C|T,3688_C|T,3884_C|T,3984_C|T,6559_T|A,6633_C|T,7142_A|G,7573_C|A,9614_A|G,9693_C|T,9754_A|C,12591_T|C,14408_C|T,15026_C|T,15451_G|A,15834_A|G,16466_C|T,21057_C|T,21615_T|G,21846_C|T,22036_A|C,22498_C|T,22882_T|A,23403_A|G,23604_C|A,23625_C|T,23638_C|T,23765_T|G,24442_C|T,24642_C|T,25513_C|T,26222_C|T,26527_C|T,26994_C|A,27134_T|C,27389_C|T,27427_C|T,27769_C|T,28048_G|A,28330_A|G,28854_C|T,28910_A|T,11288_11296,26158_26161,28271
USA/CA-CZB-32396/2021	XB	241_C|T,1255_A|G,3037_C|T,3688_C|T,3884_C|T,6028_A|G,6633_C|T,7142_A|G,9614_A|G,9693_C|T,9754_A|C,14408_C|T,15026_C|T,15451_G|A,16466_C|T,21057_C|T,21615_T|G,21846_C|T,22036_A|C,22882_T|A,23403_A|G,23604_C|A,23625_C|T,23638_C|T,23765_T|G,24442_C|T,24642_C|T,25440_G|T,26222_C|T,27389_C|T,27769_C|T,28000_C|A,28330_A|G,28854_C|T,28910_A|T,11288_11296,26158_26161,28271
USA/CA-CZB-33524/2021	XB	241_C|T,1255_A|G,3037_C|T,3688_C|T,3884_C|T,6633_C|T,7142_A|G,9614_A|G,9693_C|T,9754_A|C,12591_T|C,14408_C|T,15026_C|T,15451_G|A,16466_C|T,21057_C|T,21615_T|G,21846_C|T,22036_A|C,22498_C|T,22882_T|A,23403_A|G,23604_C|A,23625_C|T,23638_C|T,23765_T|G,24442_C|T,24642_C|T,25513_C|T,26222_C|T,26310_T|A,27389_C|T,27427_C|T,27769_C|T,28048_G|A,28330_A|G,28854_C|T,28910_A|T,11288_11296,26158_26161,28271
USA/CA-CZB-33538/2021	XB	241_C|T,1255_A|G,3037_C|T,3688_C|T,3884_C|T,6633_C|T,7142_A|G,9614_A|G,9693_C|T,9754_A|C,12591_T|C,14408_C|T,15026_C|T,15451_G|A,16466_C|T,21057_C|T,21615_T|G,21846_C|T,22036_A|C,22498_C|T,23403_A|G,23604_C|A,23625_C|T,23638_C|T,23765_T|G,24442_C|T,24642_C|T,25513_C|T,26222_C|T,26310_T|A,27389_C|T,27427_C|T,27769_C|T,28048_G|A,28330_A|G,28854_C|T,28910_A|T,11288_11296,26158_26161,28271
USA/CA-CZB-33539/2021	XB	241_C|T,1255_A|G,3037_C|T,3688_C|T,3884_C|T,6633_C|T,7142_A|G,9614_A|G,9693_C|T,9754_A|C,12591_T|C,14408_C|T,15026_C|T,15451_G|A,16466_C|T,21057_C|T,21615_T|G,21846_C|T,22036_A|C,22498_C|T,23403_A|G,23604_C|A,23625_C|T,23638_C|T,23765_T|G,24442_C|T,24642_C|T,25513_C|T,26222_C|T,26310_T|A,27389_C|T,27427_C|T,27769_C|T,28048_G|A,28330_A|G,28854_C|T,28910_A|T,11288_11296,26158_26161,28271
USA/CA-LACPHL-AF00877/2021	XB	241_C|T,1255_A|G,3037_C|T,3688_C|T,3884_C|T,6633_C|T,7142_A|G,9614_A|G,9693_C|T,9754_A|C,14408_C|T,15026_C|T,15451_G|A,16466_C|T,21057_C|T,21615_T|G,21846_C|T,22036_A|C,22882_T|A,23403_A|G,23604_C|A,23625_C|T,23638_C|T,23765_T|G,24442_C|T,24642_C|T,24842_G|A,26222_C|T,27389_C|T,27769_C|T,28048_G|A,28330_A|G,28854_C|T,28910_A|T,11288_11296,26158_26161,28271
USA/CA-LACPHL-AF01568/2021	XB	241_C|T,1419_C|T,1471_C|T,3037_C|T,3688_C|T,3884_C|T,6633_C|T,6717_G|T,7142_A|G,8480_C|T,9614_A|G,9693_C|T,9754_A|C,14408_C|T,15451_G|A,16466_C|T,20987_C|T,21057_C|T,21615_T|G,21632_T|C,21846_C|T,22036_A|C,22882_T|A,23012_G|C,23403_A|G,23604_C|A,23625_C|T,24442_C|T,24642_C|T,25563_G|T,26222_C|T,26319_A|G,27240_G|T,27389_C|T,27769_C|T,28048_G|A,28330_A|G,28603_C|T,28854_C|T,28910_A|T,28936_G|T,29543_G|T,29692_G|T,11288_11296,26158_26161,28271
USA/CA-LACPHL-AF01960/2021	XB	241_C|T,344_C|T,518_A|T,1190_C|T,3037_C|T,3688_C|T,3884_C|T,6633_C|T,6717_G|T,7142_A|G,8480_C|T,9614_A|G,9693_C|T,9754_A|C,9763_C|T,13249_G|T,14408_C|T,15237_C|T,15451_G|A,15952_C|T,16466_C|T,17262_T|C,20987_C|T,21057_C|T,21615_T|G,21846_C|T,22036_A|C,22882_T|A,23403_A|G,23604_C|A,23625_C|T,23765_T|G,24442_C|T,24642_C|T,26222_C|T,27389_C|T,27769_C|T,28048_G|A,28330_A|G,28854_C|T,28910_A|T,29543_G|T,11288_11296,26158_26161,28271
USA/CA-LACPHL-AF01964/2021	XB	241_C|T,3037_C|T,3688_C|T,3884_C|T,5314_C|T,5812_C|T,6633_C|T,7142_A|G,9614_A|G,9693_C|T,9754_A|C,14408_C|T,15451_G|A,16329_C|T,16466_C|T,17233_A|C,20480_C|T,21057_C|T,21137_A|G,21615_T|G,21846_C|T,22036_A|C,22882_T|A,23403_A|G,23604_C|A,23625_C|T,23765_T|G,24442_C|T,24642_C|T,26222_C|T,27389_C|T,27769_C|T,27892_A|G,28048_G|A,28330_A|G,28854_C|T,28910_A|T,29730_C|T,11288_11296,26158_26161,28271
USA/CA-LACPHL-AF01971/2021	XB	241_C|T,1255_A|G,3037_C|T,3688_C|T,3884_C|T,6633_C|T,7142_A|G,9614_A|G,9693_C|T,9754_A|C,12591_T|C,14408_C|T,15026_C|T,15451_G|A,16466_C|T,17676_C|T,21057_C|T,21615_T|G,21846_C|T,22036_A|C,22498_C|T,22882_T|A,23403_A|G,23604_C|A,23625_C|T,23638_C|T,23765_T|G,24442_C|T,24642_C|T,25513_C|T,26222_C|T,27389_C|T,27427_C|T,27769_C|T,28048_G|A,28330_A|G,28854_C|T,28910_A|T,11288_11296,26158_26161,28271
USA/CA-LACPHL-AF01972/2021	XB	241_C|T,344_C|T,518_A|T,1190_C|T,3037_C|T,3688_C|T,3884_C|T,6633_C|T,6717_G|T,7142_A|G,8480_C|T,9614_A|G,9693_C|T,9754_A|C,9763_C|T,13249_G|T,14408_C|T,15237_C|T,15451_G|A,15763_C|T,15952_C|T,16466_C|T,17262_T|C,20987_C|T,21057_C|T,21615_T|G,21846_C|T,22036_A|C,22882_T|A,23403_A|G,23604_C|A,23625_C|T,23765_T|G,24442_C|T,24642_C|T,26222_C|T,27389_C|T,27769_C|T,28048_G|A,28330_A|G,28854_C|T,28910_A|T,29543_G|T,11288_11296,26158_26161,28271
USA/CA-LACPHL-AF02074/2021	XB	241_C|T,3037_C|T,3688_C|T,3884_C|T,5314_C|T,5812_C|T,6633_C|T,7142_A|G,9614_A|G,9693_C|T,9754_A|C,14408_C|T,15451_G|A,16329_C|T,16466_C|T,17233_A|C,20480_C|T,21057_C|T,21137_A|G,21615_T|G,21846_C|T,22036_A|C,22882_T|A,23403_A|G,23604_C|A,23625_C|T,23765_T|G,24442_C|T,24642_C|T,26222_C|T,27389_C|T,27769_C|T,27892_A|G,28048_G|A,28330_A|G,28854_C|T,28910_A|T,29730_C|T,11288_11296,26158_26161,28271
USA/CA-LACPHL-AF02430/2021	XB	241_C|T,1076_C|T,1255_A|G,3037_C|T,3688_C|T,3884_C|T,6633_C|T,7108_C|T,7142_A|G,9614_A|G,9693_C|T,9754_A|C,14408_C|T,15026_C|T,15451_G|A,16466_C|T,21057_C|T,21615_T|G,21846_C|T,22036_A|C,22882_T|A,23403_A|G,23604_C|A,23625_C|T,23638_C|T,23765_T|G,24378_C|T,24406_T|G,24442_C|T,24642_C|T,26222_C|T,27389_C|T,27532_C|T,27769_C|T,28048_G|A,28330_A|G,28854_C|T,28910_A|T,29477_G|T,11288_11296,26158_26161,28271
USA/CA-LACPHL-AF02443/2021	XB	241_C|T,1076_C|T,1255_A|G,3037_C|T,3688_C|T,3884_C|T,6633_C|T,7108_C|T,7142_A|G,9614_A|G,9693_C|T,9754_A|C,14408_C|T,15026_C|T,15451_G|A,16466_C|T,21057_C|T,21615_T|G,21846_C|T,22036_A|C,22882_T|A,23403_A|G,23604_C|A,23625_C|T,23638_C|T,23765_T|G,24378_C|T,24406_T|G,24442_C|T,24642_C|T,26222_C|T,27389_C|T,27532_C|T,27769_C|T,28048_G|A,28330_A|G,28854_C|T,28910_A|T,29477_G|T,11288_11296,26158_26161,28271
USA/CA-LACPHL-AF02630/2021	XB	241_C|T,1255_A|G,3037_C|T,3688_C|T,3884_C|T,6633_C|T,7142_A|G,9614_A|G,9693_C|T,9754_A|C,12591_T|C,12781_C|T,14408_C|T,14601_A|G,15026_C|T,15451_G|A,16466_C|T,17676_C|T,21057_C|T,21615_T|G,21800_G|T,21846_C|T,22036_A|C,22498_C|T,22882_T|A,23403_A|G,23604_C|A,23625_C|T,23638_C|T,23765_T|G,24442_C|T,24642_C|T,25513_C|T,26222_C|T,27371_C|T,27389_C|T,27427_C|T,27769_C|T,28048_G|A,28330_A|G,28854_C|T,28910_A|T,11288_11296,26158_26161,28271
USA/CA-QDX-26764214/2021	XB	241_C|T,1255_A|G,3037_C|T,3688_C|T,3884_C|T,6633_C|T,7142_A|G,9614_A|G,9693_C|T,9754_A|C,12591_T|C,14408_C|T,15026_C|T,15451_G|A,16466_C|T,17676_C|T,21057_C|T,21615_T|G,21846_C|T,22036_A|C,22498_C|T,22882_T|A,23403_A|G,23604_C|A,23625_C|T,23638_C|T,23765_T|G,24442_C|T,24642_C|T,25513_C|T,26222_C|T,27389_C|T,27427_C|T,27769_C|T,28048_G|A,28330_A|G,28854_C|T,28910_A|T,509_523,11288_11296,26158_26161,28271
USA/CA-SDCPHL-042721-250/2021	XB	241_C|T,3037_C|T,3688_C|T,3884_C|T,6633_C|T,7142_A|G,9614_A|G,9693_C|T,9754_A|C,14408_C|T,15451_G|A,16466_C|T,19085_A|G,21057_C|T,21615_T|G,21846_C|T,22036_A|C,22882_T|A,23403_A|G,23604_C|A,23625_C|T,23765_T|G,24442_C|T,24642_C|T,25942_T|C,26222_C|T,27389_C|T,27769_C|T,27892_A|G,28048_G|A,28330_A|G,28854_C|T,28910_A|T,11288_11296,26158_26161,28271
USA/CA-SDCPHL-042721-400/2021	XB	241_C|T,1419_C|T,3037_C|T,3688_C|T,3884_C|T,6633_C|T,6717_G|T,7142_A|G,8480_C|T,9614_A|G,9693_C|T,9754_A|C,14408_C|T,15451_G|A,16466_C|T,17403_C|T,20987_C|T,21057_C|T,21615_T|G,21846_C|T,22036_A|C,22882_T|A,23403_A|G,23604_C|A,23625_C|T,23765_T|G,24442_C|T,24642_C|T,26222_C|T,27389_C|T,27769_C|T,28048_G|A,28330_A|G,28854_C|T,28910_A|T,29543_G|T,11288_11296,26158_26161,28271
USA/CA-SDCPHL-050321-230/2021	XB	241_C|T,343_G|A,518_A|T,1190_C|T,3037_C|T,3688_C|T,3884_C|T,6633_C|T,6717_G|T,7142_A|G,8480_C|T,9614_A|G,9693_C|T,9754_A|C,14408_C|T,14452_G|A,15237_C|T,15451_G|A,16466_C|T,20987_C|T,21057_C|T,21615_T|G,21658_C|T,21846_C|T,22036_A|C,22882_T|A,23403_A|G,23604_C|A,23625_C|T,23765_T|G,24442_C|T,24642_C|T,26222_C|T,27389_C|T,27769_C|T,28048_G|A,28330_A|G,28512_C|T,28854_C|T,28910_A|T,29543_G|T,11288_11296,26158_26161,28271
USA/CA-SDCPHL-050321-380/2021	XB	241_C|T,1255_A|G,3037_C|T,3688_C|T,3884_C|T,6633_C|T,7142_A|G,9614_A|G,9693_C|T,9754_A|C,12591_T|C,13715_A|G,14408_C|T,15026_C|T,15451_G|A,16466_C|T,21057_C|T,21615_T|G,21846_C|T,22036_A|C,22498_C|T,22882_T|A,23403_A|G,23604_C|A,23625_C|T,23638_C|T,23765_T|G,24442_C|T,24642_C|T,25513_C|T,25526_G|T,26222_C|T,27389_C|T,27427_C|T,27769_C|T,28048_G|A,28330_A|G,28854_C|T,28910_A|T,11288_11296,26158_26161,28271
USA/CA-SDCPHL-051021-020/2021	XB	241_C|T,3037_C|T,3688_C|T,3884_C|T,6633_C|T,7142_A|G,9614_A|G,9693_C|T,9754_A|C,14408_C|T,15451_G|A,16466_C|T,19085_A|G,19728_T|C,21057_C|T,21615_T|G,21846_C|T,22036_A|C,22882_T|A,23403_A|G,23416_A|T,23604_C|A,23625_C|T,23765_T|G,24442_C|T,24642_C|T,25942_T|C,26222_C|T,27382_G|C,27383_A|T,27384_T|C,27389_C|T,27769_C|T,27892_A|G,28048_G|A,28330_A|G,28854_C|T,28910_A|T,29616_G|C,11288_11296,26158_26161,28271
USA/CA-SDCPHL-051021-220/2021	XB	241_C|T,3037_C|T,3688_C|T,3884_C|T,6633_C|T,7142_A|G,9614_A|G,9693_C|T,9754_A|C,14408_C|T,15451_G|A,16466_C|T,19085_A|G,21057_C|T,21615_T|G,21846_C|T,22036_A|C,22882_T|A,23403_A|G,23604_C|A,23625_C|T,23765_T|G,24442_C|T,24642_C|T,25942_T|C,26222_C|T,27389_C|T,27769_C|T,27892_A|G,28048_G|A,28330_A|G,28854_C|T,28910_A|T,11288_11296,26158_26161,28271
USA/CA-SDCPHL-051821-020/2021	XB	241_C|T,1255_A|G,3037_C|T,3688_C|T,3884_C|T,6633_C|T,7142_A|G,9614_A|G,9693_C|T,9754_A|C,12591_T|C,14408_C|T,15026_C|T,15451_G|A,16466_C|T,21057_C|T,21615_T|G,21846_C|T,22036_A|C,22498_C|T,22882_T|A,23403_A|G,23604_C|A,23625_C|T,23638_C|T,23765_T|G,24442_C|T,24642_C|T,25513_C|T,26222_C|T,27389_C|T,27427_C|T,27769_C|T,28048_G|A,28330_A|G,28854_C|T,28910_A|T,11288_11296,26158_26161,28271
USA/CA-SDCPHL-051821-080/2021	XB	241_C|T,1255_A|G,3037_C|T,3688_C|T,3884_C|T,6633_C|T,7142_A|G,9614_A|G,9693_C|T,9754_A|C,12591_T|C,14408_C|T,15026_C|T,15451_G|A,16466_C|T,20303_A|C,21057_C|T,21615_T|G,21846_C|T,22036_A|C,22498_C|T,22882_T|A,23403_A|G,23604_C|A,23625_C|T,23638_C|T,23765_T|G,24442_C|T,24642_C|T,25513_C|T,26222_C|T,27389_C|T,27427_C|T,27769_C|T,28048_G|A,28330_A|G,28692_A|C,28854_C|T,28910_A|T,11288_11296,26158_26161,28090_28095,28271
USA/CA-SDCPHL-051821-120/2021	XB	241_C|T,1255_A|G,3037_C|T,3688_C|T,3775_C|T,3884_C|T,6633_C|T,7142_A|G,9614_A|G,9693_C|T,9754_A|C,12591_T|C,14408_C|T,15026_C|T,15451_G|A,16466_C|T,17934_C|T,21057_C|T,21615_T|G,21846_C|T,22036_A|C,22498_C|T,22882_T|A,23403_A|G,23604_C|A,23625_C|T,23638_C|T,23765_T|G,24442_C|T,24642_C|T,25513_C|T,26222_C|T,26310_T|A,27389_C|T,27427_C|T,27769_C|T,28048_G|A,28330_A|G,28854_C|T,28910_A|T,29449_G|T,11288_11296,26158_26161,28271
USA/CA-SDCPHL-051821-180/2021	XB	241_C|T,3037_C|T,3688_C|T,3884_C|T,5812_C|T,6633_C|T,7142_A|G,9614_A|G,9693_C|T,9754_A|C,14408_C|T,15451_G|A,16329_C|T,16466_C|T,21057_C|T,21615_T|G,21846_C|T,22036_A|C,22882_T|A,23403_A|G,23604_C|A,23625_C|T,23765_T|G,24442_C|T,24642_C|T,26222_C|T,27389_C|T,27769_C|T,27892_A|G,28048_G|A,28330_A|G,28854_C|T,28910_A|T,29730_C|T,11288_11296,26158_26161,28271
USA/CA-SEARCH-107328/2021	XB	241_C|T,1255_A|G,3037_C|T,3688_C|T,3884_C|T,6633_C|T,7142_A|G,7573_C|A,9614_A|G,9693_C|T,9754_A|C,12591_T|C,14408_C|T,15026_C|T,15451_G|A,16466_C|T,21057_C|T,21615_T|G,21846_C|T,22036_A|C,22498_C|T,22882_T|A,23403_A|G,23604_C|A,23625_C|T,23638_C|T,23765_T|G,24442_C|T,24642_C|T,25513_C|T,26222_C|T,27389_C|T,27427_C|T,27769_C|T,28048_G|A,28330_A|G,28854_C|T,28910_A|T,29443_A|C,11288_11296,26158_26161,28271
USA/CA-SEARCH-107386/2021	XB	241_C|T,1255_A|G,3037_C|T,3688_C|T,3884_C|T,6633_C|T,7142_A|G,7573_C|A,9614_A|G,9693_C|T,9754_A|C,12591_T|C,14408_C|T,15026_C|T,15451_G|A,16466_C|T,18424_A|T,21057_C|T,21615_T|G,21846_C|T,22036_A|C,22498_C|T,22882_T|A,23403_A|G,23604_C|A,23625_C|T,23638_C|T,23765_T|G,24442_C|T,24642_C|T,25513_C|T,26222_C|T,27389_C|T,27427_C|T,27769_C|T,28048_G|A,28330_A|G,28854_C|T,28910_A|T,11288_11296,26158_26161,28271
USA/CA-SEARCH-45551/2021	XB	241_C|T,1255_A|G,3037_C|T,3688_C|T,3884_C|T,6633_C|T,7142_A|G,7573_C|A,9614_A|G,9693_C|T,9754_A|C,12591_T|C,14408_C|T,14585_C|T,15026_C|T,15451_G|A,16466_C|T,18424_A|T,21057_C|T,21615_T|G,21846_C|T,22036_A|C,22498_C|T,22882_T|A,23403_A|G,23604_C|A,23625_C|T,23638_C|T,23765_T|G,24442_C|T,24642_C|T,25513_C|T,26222_C|T,27389_C|T,27427_C|T,27769_C|T,28048_G|A,28330_A|G,28854_C|T,28910_A|T,28942_G|C,11288_11296,26158_26161,28271,14_.|C
USA/CA-SEARCH-45642/2021	XB	241_C|T,1218_C|T,2701_C|T,3037_C|T,3688_C|T,3884_C|T,4252_C|T,5812_C|T,6633_C|T,7142_A|G,9166_C|T,9614_A|G,9693_C|T,9754_A|C,10157_G|A,10317_A|C,14408_C|T,15451_G|A,16329_C|T,16466_C|T,21057_C|T,21615_T|G,21846_C|T,22036_A|C,22795_T|C,22882_T|A,23403_A|G,23604_C|A,23625_C|T,23765_T|G,24442_C|T,24642_C|T,25785_G|T,26222_C|T,27389_C|T,27769_C|T,27892_A|G,28048_G|A,28330_A|G,28854_C|T,28910_A|T,29171_C|T,29730_C|T,11288_11296,26158_26161,28271,14_.|C
USA/CA-SEARCH-46557/2021	XB	241_C|T,1255_A|G,3037_C|T,3688_C|T,3884_C|T,6633_C|T,7142_A|G,7573_C|A,9614_A|G,9693_C|T,9754_A|C,12591_T|C,14408_C|T,14585_C|T,15026_C|T,15451_G|A,16466_C|T,18424_A|T,21057_C|T,21615_T|G,21846_C|T,22036_A|C,22498_C|T,22882_T|A,23403_A|G,23604_C|A,23625_C|T,23638_C|T,23765_T|G,24442_C|T,24642_C|T,25513_C|T,26222_C|T,27389_C|T,27427_C|T,27769_C|T,28048_G|A,28330_A|G,28854_C|T,28910_A|T,28942_G|C,11288_11296,26158_26161,28271,14_.|C
USA/CA-SEARCH-46570/2021	XB	241_C|T,2701_C|T,3037_C|T,3688_C|T,3884_C|T,4252_C|T,5812_C|T,6633_C|T,7142_A|G,9166_C|T,9614_A|G,9693_C|T,9754_A|C,10157_G|A,10317_A|C,14408_C|T,15451_G|A,16329_C|T,16466_C|T,21057_C|T,21615_T|G,21846_C|T,22036_A|C,22795_T|C,22882_T|A,23403_A|G,23604_C|A,23625_C|T,23765_T|G,24442_C|T,24642_C|T,25785_G|T,26222_C|T,27389_C|T,27769_C|T,27892_A|G,28048_G|A,28330_A|G,28854_C|T,28910_A|T,29171_C|T,29730_C|T,11288_11296,26158_26161,28271,14_.|C
USA/CA-SEARCH-46777/2021	XB	241_C|T,1218_C|T,2701_C|T,3037_C|T,3688_C|T,3884_C|T,4252_C|T,5812_C|T,6633_C|T,7142_A|G,9166_C|T,9614_A|G,9693_C|T,9754_A|C,10157_G|A,10317_A|C,14408_C|T,15451_G|A,16329_C|T,16466_C|T,21057_C|T,21615_T|G,21846_C|T,22036_A|C,22795_T|C,22882_T|A,23403_A|G,23604_C|A,23625_C|T,23765_T|G,24442_C|T,24642_C|T,25785_G|T,26222_C|T,27389_C|T,27769_C|T,27892_A|G,28048_G|A,28330_A|G,28854_C|T,28910_A|T,29171_C|T,29730_C|T,11288_11296,26158_26161,28271,14_.|C
USA/CA-SEARCH-46806/2021	XB	241_C|T,1218_C|T,2701_C|T,3037_C|T,3688_C|T,3884_C|T,4252_C|T,5812_C|T,6633_C|T,7142_A|G,9166_C|T,9614_A|G,9693_C|T,9754_A|C,10157_G|A,10317_A|C,14408_C|T,15451_G|A,16329_C|T,16466_C|T,21057_C|T,21615_T|G,21846_C|T,22036_A|C,22795_T|C,22882_T|A,23403_A|G,23604_C|A,23625_C|T,23765_T|G,24442_C|T,24642_C|T,25785_G|T,26222_C|T,27389_C|T,27769_C|T,27892_A|G,28048_G|A,28330_A|G,28854_C|T,28910_A|T,29171_C|T,29730_C|T,11288_11296,26158_26161,28271,14_.|C
USA/CA-SEARCH-46819/2021	XB	241_C|T,2701_C|T,3037_C|T,3688_C|T,3884_C|T,4252_C|T,5812_C|T,6633_C|T,7142_A|G,9166_C|T,9614_A|G,9693_C|T,9754_A|C,10157_G|A,10317_A|C,14408_C|T,15451_G|A,16329_C|T,16466_C|T,21057_C|T,21615_T|G,21846_C|T,22036_A|C,22795_T|C,22882_T|A,23403_A|G,23604_C|A,23625_C|T,23765_T|G,24442_C|T,24642_C|T,25785_G|T,26222_C|T,27389_C|T,27769_C|T,27892_A|G,28048_G|A,28330_A|G,28854_C|T,28910_A|T,29171_C|T,29730_C|T,11288_11296,26158_26161,28271,14_.|C
USA/CO-CDC-LC0071042/2021	XB	241_C|T,1255_A|G,3037_C|T,3688_C|T,3884_C|T,4717_A|G,6633_C|T,7142_A|G,7328_G|T,9614_A|G,9693_C|T,9754_A|C,13237_A|C,14408_C|T,15026_C|T,15451_G|A,16466_C|T,18568_C|T,21057_C|T,21615_T|G,21846_C|T,22036_A|C,22882_T|A,23403_A|G,23604_C|A,23625_C|T,23638_C|T,23765_T|G,24442_C|T,24642_C|T,26222_C|T,27389_C|T,27769_C|T,28048_G|A,28330_A|G,28854_C|T,28910_A|T,11288_11296,26158_26161,27580_27620,28271
USA/CO-CDC-MMB08832618/2021	XB	101_G|A,241_C|T,1163_A|C,1255_A|G,2701_C|T,3037_C|T,3688_C|T,3884_C|T,6633_C|T,7142_A|G,9614_A|G,9693_C|T,9754_A|C,12911_G|A,14408_C|T,15026_C|T,15451_G|A,16466_C|T,21057_C|T,21615_T|G,21691_C|T,21846_C|T,22036_A|C,22882_T|A,23403_A|G,23604_C|A,23625_C|T,23638_C|T,23765_T|G,24442_C|T,24642_C|T,26222_C|T,27389_C|T,27769_C|T,28045_C|T,28048_G|A,28330_A|G,28854_C|T,28910_A|T,11288_11296,26158_26161,28271
USA/CO-CDC-MMB09329612/2021	XB	241_C|T,1163_A|C,1255_A|G,2701_C|T,3037_C|T,3688_C|T,3884_C|T,5467_C|T,6633_C|T,7142_A|G,7267_C|T,9614_A|G,9693_C|T,9754_A|C,14408_C|T,15026_C|T,15451_G|A,16466_C|T,17208_T|C,21057_C|T,21615_T|G,21691_C|T,21846_C|T,22036_A|C,22882_T|A,23403_A|G,23604_C|A,23625_C|T,23638_C|T,23765_T|G,24442_C|T,24642_C|T,25423_G|C,26114_A|G,26222_C|T,27389_C|T,27769_C|T,28045_C|T,28048_G|A,28330_A|G,28378_G|T,28854_C|T,28910_A|T,29734_G|T,11288_11296,26158_26161,28271
USA/CO-CDC-MMB09355501/2021	XB	241_C|T,1163_A|C,1255_A|G,2701_C|T,3037_C|T,3688_C|T,3884_C|T,5467_C|T,6633_C|T,7142_A|G,7267_C|T,9614_A|G,9693_C|T,9754_A|C,14408_C|T,15026_C|T,15451_G|A,16466_C|T,17208_T|C,21057_C|T,21615_T|G,21691_C|T,21846_C|T,22036_A|C,22882_T|A,23403_A|G,23604_C|A,23625_C|T,23638_C|T,23765_T|G,24442_C|T,24642_C|T,25423_G|C,26222_C|T,27389_C|T,27769_C|T,28045_C|T,28048_G|A,28330_A|G,28378_G|T,28854_C|T,28910_A|T,29734_G|T,11288_11296,26158_26161,28271
USA/CO-CDC-MMB09369917/2021	XB	241_C|T,1255_A|G,3037_C|T,3688_C|T,3802_T|A,3884_C|T,6633_C|T,7142_A|G,9614_A|G,9693_C|T,9754_A|C,12591_T|C,14408_C|T,15026_C|T,15451_G|A,16466_C|T,21057_C|T,21615_T|G,21846_C|T,22036_A|C,22498_C|T,22882_T|A,23403_A|G,23604_C|A,23625_C|T,23638_C|T,23765_T|G,24442_C|T,24642_C|T,25513_C|T,26222_C|T,27389_C|T,27427_C|T,27590_C|T,27769_C|T,28048_G|A,28330_A|G,28854_C|T,28910_A|T,11288_11296,26158_26161,28271
USA/CO-CDC-MMB09410796/2021	XB	241_C|T,1255_A|G,2114_T|C,3037_C|T,3688_C|T,3802_T|A,3884_C|T,6633_C|T,7142_A|G,9614_A|G,9693_C|T,9754_A|C,12102_C|T,12591_T|C,14408_C|T,15026_C|T,15451_G|A,16466_C|T,21057_C|T,21615_T|G,21846_C|T,22036_A|C,22498_C|T,22882_T|A,23403_A|G,23604_C|A,23625_C|T,23638_C|T,23765_T|G,24442_C|T,24642_C|T,25513_C|T,25919_C|T,26222_C|T,27389_C|T,27427_C|T,27590_C|T,27769_C|T,28048_G|A,28330_A|G,28854_C|T,28910_A|T,11288_11296,26158_26161,28271
USA/CO-CDC-MMB09437692/2021	XB	241_C|T,1163_A|C,1255_A|G,2701_C|T,3037_C|T,3688_C|T,3884_C|T,4185_G|A,5467_C|T,6633_C|T,7142_A|G,7267_C|T,9614_A|G,9693_C|T,9754_A|C,14408_C|T,15026_C|T,15451_G|A,16466_C|T,17208_T|C,19525_G|T,21057_C|T,21615_T|G,21691_C|T,21846_C|T,22036_A|C,22882_T|A,23403_A|G,23604_C|A,23625_C|T,23638_C|T,23765_T|G,24442_C|T,24642_C|T,25423_G|C,26222_C|T,27389_C|T,27769_C|T,28045_C|T,28048_G|A,28330_A|G,28378_G|T,28854_C|T,28910_A|T,29734_G|T,11288_11296,26158_26161,28271
USA/CO-CDC-MMB09456169/2021	XB	241_C|T,1163_A|C,1255_A|G,2701_C|T,3037_C|T,3688_C|T,3884_C|T,4185_G|A,5467_C|T,6633_C|T,7142_A|G,7267_C|T,9614_A|G,9693_C|T,9754_A|C,14408_C|T,15026_C|T,15451_G|A,16466_C|T,17208_T|C,19525_G|T,21057_C|T,21615_T|G,21691_C|T,21846_C|T,22036_A|C,22882_T|A,23403_A|G,23604_C|A,23625_C|T,23638_C|T,23765_T|G,24442_C|T,24642_C|T,25423_G|C,26222_C|T,27389_C|T,27769_C|T,28045_C|T,28048_G|A,28330_A|G,28378_G|T,28854_C|T,28910_A|T,29734_G|T,11288_11296,26158_26161,27579_27581,28271
USA/CO-CDC-MMB09459853/2021	XB	241_C|T,1163_A|C,1255_A|G,2701_C|T,3037_C|T,3688_C|T,3884_C|T,4185_G|A,5467_C|T,6633_C|T,7142_A|G,7267_C|T,9614_A|G,9693_C|T,9754_A|C,14408_C|T,15026_C|T,15451_G|A,16466_C|T,17208_T|C,19525_G|T,21057_C|T,21615_T|G,21691_C|T,21846_C|T,22036_A|C,22882_T|A,23403_A|G,23604_C|A,23625_C|T,23638_C|T,23765_T|G,24442_C|T,24642_C|T,25423_G|C,26222_C|T,27389_C|T,27769_C|T,28045_C|T,28048_G|A,28330_A|G,28378_G|T,28854_C|T,28910_A|T,29734_G|T,11288_11296,26158_26161,28271
USA/CO-CDC-MMB09598965/2021	XB	241_C|T,586_T|A,1255_A|G,3037_C|T,3688_C|T,3884_C|T,6633_C|T,7142_A|G,8341_T|C,9614_A|G,9693_C|T,9754_A|C,10138_C|T,12163_G|T,14083_A|G,14408_C|T,15026_C|T,15451_G|A,16466_C|T,21057_C|T,21615_T|G,21846_C|T,22036_A|C,22498_C|T,22882_T|A,23127_C|T,23403_A|G,23604_C|A,23625_C|T,23638_C|T,23765_T|G,24442_C|T,24642_C|T,26222_C|T,26801_C|T,26858_C|T,27389_C|T,27513_C|T,27769_C|T,28048_G|A,28330_A|G,28854_C|T,28910_A|T,11288_11296,26158_26161,28271
USA/CO-CDPHE-2101271599/2021	XB	241_C|T,3037_C|T,3688_C|T,3884_C|T,5941_T|C,6354_C|T,6633_C|T,7142_A|G,7267_C|T,8761_T|C,9614_A|G,9693_C|T,9754_A|C,12169_T|A,12239_G|A,13424_C|A,14408_C|T,15451_G|A,16466_C|T,18115_C|T,21057_C|T,21411_C|T,21615_T|G,21846_C|T,22036_A|C,22882_T|A,23120_G|T,23403_A|G,23604_C|A,23625_C|T,23765_T|G,24442_C|T,24642_C|T,26222_C|T,27389_C|T,27769_C|T,27892_A|G,28048_G|A,28330_A|G,28651_C|T,28854_C|T,28910_A|T,11288_11296,26158_26161,28271
USA/CO-CDPHE-2101392220/2021	XB	241_C|T,1255_A|G,3037_C|T,3688_C|T,3736_C|T,3884_C|T,5835_C|T,6633_C|T,7142_A|G,8299_C|T,9614_A|G,9693_C|T,9754_A|C,12591_T|C,13372_C|T,14408_C|T,15026_C|T,15451_G|A,16466_C|T,21057_C|T,21615_T|G,21846_C|T,22036_A|C,22498_C|T,22882_T|A,23403_A|G,23604_C|A,23625_C|T,23638_C|T,23765_T|G,24442_C|T,24642_C|T,24959_G|T,25207_C|T,25250_G|T,25513_C|T,25936_C|T,25996_G|T,26222_C|T,27389_C|T,27427_C|T,27509_C|T,27769_C|T,28048_G|A,28330_A|G,28854_C|T,28910_A|T,11288_11296,26158_26161,28271
USA/CO-CDPHE-2101550715/2021	XB	241_C|T,1255_A|G,3037_C|T,3688_C|T,3802_T|A,3884_C|T,6633_C|T,7142_A|G,9614_A|G,9693_C|T,9754_A|C,12591_T|C,14408_C|T,15026_C|T,15451_G|A,16466_C|T,21057_C|T,21615_T|G,21846_C|T,22036_A|C,22498_C|T,22882_T|A,23403_A|G,23604_C|A,23625_C|T,23638_C|T,23765_T|G,24442_C|T,24642_C|T,25513_C|T,26222_C|T,27389_C|T,27427_C|T,27590_C|T,27769_C|T,28048_G|A,28330_A|G,28854_C|T,28910_A|T,11288_11296
USA/CO-CDPHE-40850035/2021	XB	241_C|T,1163_A|C,1255_A|G,2701_C|T,3037_C|T,3688_C|T,3884_C|T,5467_C|T,6633_C|T,7142_A|G,7267_C|T,9614_A|G,9693_C|T,9754_A|C,14408_C|T,15026_C|T,15451_G|A,16466_C|T,17208_T|C,21057_C|T,21615_T|G,21691_C|T,21846_C|T,22036_A|C,22882_T|A,23403_A|G,23604_C|A,23625_C|T,23638_C|T,23765_T|G,24442_C|T,24642_C|T,25423_G|C,26222_C|T,27389_C|T,27769_C|T,28045_C|T,28048_G|A,28330_A|G,28378_G|T,28854_C|T,28910_A|T,29734_G|T,11288_11296,26158_26161,28271
USA/CT-CDC-QDX24632810/2021	XB	241_C|T,1255_A|G,3037_C|T,3688_C|T,3775_C|T,3884_C|T,6633_C|T,7142_A|G,9614_A|G,9693_C|T,9754_A|C,12591_T|C,14408_C|T,15026_C|T,15451_G|A,16466_C|T,21057_C|T,21615_T|G,21846_C|T,22036_A|C,22498_C|T,22882_T|A,23403_A|G,23604_C|A,23625_C|T,23638_C|T,23765_T|G,24442_C|T,24642_C|T,25513_C|T,26222_C|T,26310_T|A,27389_C|T,27427_C|T,27769_C|T,28048_G|A,28330_A|G,28854_C|T,28910_A|T,11288_11296,26158_26161,28271
USA/DE-CDC-LC0173790/2021	XB	241_C|T,1255_A|G,3037_C|T,3054_A|G,3688_C|T,3884_C|T,6633_C|T,7142_A|G,9614_A|G,9693_C|T,9754_A|C,14408_C|T,15026_C|T,15352_C|T,15451_G|A,15952_C|T,16466_C|T,16647_G|T,19263_C|T,19806_C|T,21057_C|T,21615_T|G,21846_C|T,22036_A|C,22882_T|A,23403_A|G,23604_C|A,23625_C|T,23638_C|T,23765_T|G,24378_C|T,24442_C|T,24642_C|T,25603_C|A,26222_C|T,27389_C|T,27769_C|T,28048_G|A,28330_A|G,28460_G|T,28854_C|T,28910_A|T,29358_C|T,11288_11296,26158_26161,28271
USA/DE-DHSS-B1099475/2021	XB	241_C|T,1255_A|G,3037_C|T,3688_C|T,3884_C|T,6633_C|T,7142_A|G,9614_A|G,9693_C|T,9754_A|C,12591_T|C,14408_C|T,14741_C|T,15026_C|T,15451_G|A,16466_C|T,21057_C|T,21615_T|G,21727_C|T,21846_C|T,22036_A|C,22498_C|T,22882_T|A,23403_A|G,23604_C|A,23625_C|T,23638_C|T,23765_T|G,24442_C|T,24642_C|T,25513_C|T,26222_C|T,26310_T|A,27389_C|T,27427_C|T,27769_C|T,27847_C|T,28048_G|A,28330_A|G,28854_C|T,28910_A|T,11288_11296,26158_26161,28271
USA/DE-DHSS-B1099476/2021	XB	241_C|T,1255_A|G,3037_C|T,3688_C|T,3884_C|T,6633_C|T,7142_A|G,9614_A|G,9693_C|T,9754_A|C,12591_T|C,14408_C|T,14741_C|T,15026_C|T,15451_G|A,16466_C|T,20814_A|G,21057_C|T,21615_T|G,21727_C|T,21846_C|T,22036_A|C,22498_C|T,22882_T|A,23403_A|G,23604_C|A,23625_C|T,23638_C|T,23765_T|G,24442_C|T,24642_C|T,25513_C|T,26222_C|T,26310_T|A,27389_C|T,27427_C|T,27769_C|T,27847_C|T,28048_G|A,28330_A|G,28854_C|T,28910_A|T,11288_11296,26158_26161,28271
USA/FL-BPHL-0832/2021	XB	241_C|T,2497_A|G,3037_C|T,3688_C|T,3884_C|T,6633_C|T,6813_C|T,7142_A|G,9614_A|G,9693_C|T,9754_A|C,12224_G|A,14408_C|T,15451_G|A,16466_C|T,18185_T|C,21057_C|T,21405_A|G,21615_T|G,21846_C|T,22036_A|C,22882_T|A,23403_A|G,23604_C|A,23625_C|T,23765_T|G,24442_C|T,24642_C|T,26222_C|T,27389_C|T,27561_G|T,27769_C|T,28048_G|A,28330_A|G,28854_C|T,28910_A|T,11288_11296,26158_26161,28271
USA/FL-BPHL-5006/2021	XB	241_C|T,1255_A|G,3037_C|T,3688_C|T,3743_C|T,3884_C|T,6633_C|T,7111_T|C,7142_A|G,9614_A|G,9693_C|T,9705_G|T,9754_A|C,12439_C|T,14408_C|T,15026_C|T,15451_G|A,16122_G|T,16466_C|T,21057_C|T,21615_T|G,21846_C|T,22036_A|C,22882_T|A,23403_A|G,23604_C|A,23625_C|T,23638_C|T,23765_T|G,24442_C|T,24642_C|T,26222_C|T,27389_C|T,27769_C|T,28003_G|T,28048_G|A,28195_G|A,28330_A|G,28854_C|T,28910_A|T,686_694,11288_11296,26158_26161,28271
USA/FL-CDC-ASC210065218/2021	XB	241_C|T,1255_A|G,3037_C|T,3688_C|T,3884_C|T,4684_T|C,6633_C|T,7142_A|G,7420_C|T,9614_A|G,9693_C|T,9754_A|C,14408_C|T,15026_C|T,15451_G|A,16466_C|T,21057_C|T,21615_T|G,21846_C|T,22036_A|C,22882_T|A,23403_A|G,23596_T|C,23604_C|A,23625_C|T,23638_C|T,23765_T|G,24442_C|T,24642_C|T,26222_C|T,27297_C|T,27389_C|T,27769_C|T,28045_C|T,28048_G|A,28330_A|G,28854_C|T,28910_A|T,11288_11296,26158_26161,28271
USA/FL-CDC-ASC210105668/2021	XB	241_C|T,1255_A|G,3037_C|T,3688_C|T,3743_C|T,3884_C|T,6633_C|T,7111_T|C,7142_A|G,9614_A|G,9693_C|T,9705_G|T,9754_A|C,12439_C|T,14408_C|T,15026_C|T,15451_G|A,16122_G|T,16466_C|T,18747_C|T,21057_C|T,21615_T|G,21846_C|T,22036_A|C,22882_T|A,23403_A|G,23604_C|A,23625_C|T,23638_C|T,23765_T|G,24442_C|T,24642_C|T,26222_C|T,27389_C|T,27769_C|T,28003_G|T,28048_G|A,28195_G|A,28330_A|G,28854_C|T,28910_A|T,686_694,11288_11296,26158_26161,28271
USA/FL-CDC-ASC210107789/2021	XB	241_C|T,1255_A|G,3037_C|T,3688_C|T,3743_C|T,3884_C|T,6633_C|T,7111_T|C,7142_A|G,7267_C|T,9614_A|G,9693_C|T,9705_G|T,9754_A|C,12439_C|T,14408_C|T,15026_C|T,15451_G|A,16122_G|T,16466_C|T,21057_C|T,21615_T|G,21846_C|T,22036_A|C,22882_T|A,23403_A|G,23604_C|A,23625_C|T,23638_C|T,23765_T|G,24442_C|T,24642_C|T,26222_C|T,27389_C|T,27769_C|T,28003_G|T,28048_G|A,28195_G|A,28330_A|G,28854_C|T,28910_A|T,686_694,11288_11296,26158_26161,28271
USA/FL-CDC-ASC210154991/2021	XB	241_C|T,943_G|A,3037_C|T,3161_T|G,3688_C|T,3784_C|T,3884_C|T,6633_C|T,7142_A|G,9614_A|G,9693_C|T,9754_A|C,14408_C|T,15451_G|A,16466_C|T,16535_G|A,16725_A|G,17010_C|T,20773_G|A,21057_C|T,21615_T|G,21846_C|T,21886_T|C,22036_A|C,22550_C|T,23084_T|C,23403_A|G,23604_C|A,23625_C|T,23765_T|G,24442_C|T,24642_C|T,26222_C|T,26882_C|T,26894_C|T,27389_C|T,27769_C|T,27892_A|G,28048_G|A,28330_A|G,28854_C|T,28910_A|T,29281_C|T,29386_C|A,11288_11296,28271
USA/FL-CDC-ASC210156082/2021	XB	241_C|T,3037_C|T,3688_C|T,3884_C|T,6633_C|T,9614_A|G,9693_C|T,9754_A|C,11801_G|A,14408_C|T,15451_G|A,16466_C|T,19085_A|G,21057_C|T,21615_T|G,21846_C|T,22036_A|C,23403_A|G,23604_C|A,23625_C|T,23765_T|G,23950_T|C,24442_C|T,24642_C|T,25942_T|C,26222_C|T,27389_C|T,27769_C|T,27892_A|G,28048_G|A,28330_A|G,28854_C|T,28910_A|T,11288_11296,26158_26161,28271
USA/FL-CDC-ASC210233744/2021	XB	241_C|T,475_C|T,1255_A|G,3037_C|T,3688_C|T,3884_C|T,4717_A|G,6633_C|T,7142_A|G,9614_A|G,9693_C|T,9754_A|C,10984_A|G,14408_C|T,15026_C|T,15451_G|A,16466_C|T,20294_A|G,20963_A|G,21057_C|T,21615_T|G,21846_C|T,22036_A|C,23403_A|G,23604_C|A,23625_C|T,23638_C|T,23765_T|G,24442_C|T,24642_C|T,26222_C|T,27389_C|T,27769_C|T,28048_G|A,28330_A|G,28854_C|T,28910_A|T,11288_11296,26158_26161,27580_27620,28271
USA/FL-CDC-ASC210239266/2021	XB	241_C|T,1255_A|G,3037_C|T,3688_C|T,3884_C|T,6633_C|T,7142_A|G,7573_C|A,9614_A|G,9693_C|T,9754_A|C,12591_T|C,14408_C|T,15026_C|T,15451_G|A,16466_C|T,18424_A|T,21057_C|T,21306_C|T,21615_T|G,21846_C|T,22036_A|C,22498_C|T,22882_T|A,23403_A|G,23604_C|A,23625_C|T,23638_C|T,23765_T|G,24442_C|T,24642_C|T,25513_C|T,26222_C|T,27389_C|T,27427_C|T,27769_C|T,28048_G|A,28330_A|G,28854_C|T,28910_A|T,11288_11296,26158_26161,28271
USA/FL-CDC-LC0056757/2021	XB	241_C|T,1222_T|C,1255_A|G,3037_C|T,3688_C|T,3884_C|T,6633_C|T,7142_A|G,9614_A|G,9693_C|T,9754_A|C,12591_T|C,14408_C|T,15026_C|T,15451_G|A,16466_C|T,21057_C|T,21615_T|G,21846_C|T,22036_A|C,22498_C|T,22793_G|T,22882_T|A,23403_A|G,23604_C|A,23625_C|T,23638_C|T,23765_T|G,24442_C|T,24642_C|T,25513_C|T,26222_C|T,26310_T|A,27389_C|T,27427_C|T,27769_C|T,28048_G|A,28330_A|G,28854_C|T,28910_A|T,11288_11296,26158_26161,28271
USA/FL-CDC-LC0069864/2021	XB	241_C|T,1255_A|G,3037_C|T,3688_C|T,3884_C|T,4684_T|C,6633_C|T,7142_A|G,7420_C|T,9614_A|G,9693_C|T,9754_A|C,14408_C|T,15026_C|T,15451_G|A,16466_C|T,21057_C|T,21615_T|G,21846_C|T,22036_A|C,22882_T|A,23403_A|G,23596_T|C,23604_C|A,23625_C|T,23638_C|T,23765_T|G,24442_C|T,24642_C|T,26222_C|T,27297_C|T,27389_C|T,27769_C|T,28045_C|T,28048_G|A,28330_A|G,28854_C|T,28910_A|T,11288_11296,26158_26161,28271
USA/FL-CDC-LC0098595/2021	XB	241_C|T,1255_A|G,3037_C|T,3688_C|T,3884_C|T,4684_T|C,6633_C|T,7142_A|G,7420_C|T,9614_A|G,9693_C|T,9754_A|C,14408_C|T,15026_C|T,15451_G|A,16466_C|T,21057_C|T,21615_T|G,21805_C|T,21846_C|T,22036_A|C,22882_T|A,23403_A|G,23596_T|C,23604_C|A,23625_C|T,23638_C|T,23765_T|G,24442_C|T,24642_C|T,26222_C|T,27297_C|T,27389_C|T,27769_C|T,28045_C|T,28048_G|A,28330_A|G,28854_C|T,28910_A|T,11288_11296,26158_26161,28271
USA/FL-CDC-LC0109836/2021	XB	241_C|T,1255_A|G,1572_C|T,3037_C|T,3688_C|T,3884_C|T,6633_C|T,7142_A|G,9614_A|G,9693_C|T,9745_C|T,9754_A|C,11044_T|C,12591_T|C,14408_C|T,14741_C|T,15026_C|T,15451_G|A,16466_C|T,21057_C|T,21137_A|G,21615_T|G,21846_C|T,22036_A|C,22498_C|T,22882_T|A,23403_A|G,23604_C|A,23625_C|T,23638_C|T,23765_T|G,24442_C|T,24642_C|T,25513_C|T,26222_C|T,26310_T|A,27389_C|T,27427_C|T,27769_C|T,28048_G|A,28330_A|G,28854_C|T,28910_A|T,11288_11296,26158_26161,28271
USA/FL-CDC-QDX25164662/2021	XB	241_C|T,1255_A|G,3037_C|T,3688_C|T,3884_C|T,4684_T|C,6633_C|T,7142_A|G,7420_C|T,9614_A|G,9693_C|T,9754_A|C,14408_C|T,15026_C|T,15451_G|A,16466_C|T,21057_C|T,21615_T|G,21846_C|T,22036_A|C,22882_T|A,23403_A|G,23596_T|C,23604_C|A,23625_C|T,23638_C|T,23765_T|G,24442_C|T,24642_C|T,26222_C|T,27297_C|T,27389_C|T,27769_C|T,28045_C|T,28048_G|A,28330_A|G,28854_C|T,28910_A|T,11288_11296,26158_26161,28271
USA/FL-CDC-QDX26032533/2021	XB	241_C|T,1255_A|G,3037_C|T,3688_C|T,3884_C|T,6633_C|T,7142_A|G,9614_A|G,9693_C|T,9745_C|T,9754_A|C,12591_T|C,12940_G|T,14408_C|T,14741_C|T,15026_C|T,15451_G|A,16466_C|T,21057_C|T,21137_A|G,21615_T|G,21846_C|T,22036_A|C,22498_C|T,22882_T|A,23403_A|G,23604_C|A,23625_C|T,23638_C|T,23765_T|G,24442_C|T,24642_C|T,25513_C|T,26222_C|T,26310_T|A,27389_C|T,27427_C|T,27769_C|T,28048_G|A,28330_A|G,28854_C|T,28910_A|T,11288_11296,26158_26161,28271
USA/FL-CDC-QDX26177910/2021	XB	241_C|T,1255_A|G,3037_C|T,3688_C|T,3884_C|T,6633_C|T,7142_A|G,9614_A|G,9693_C|T,9745_C|T,9754_A|C,12591_T|C,12940_G|T,14408_C|T,14741_C|T,15026_C|T,15451_G|A,16466_C|T,21057_C|T,21137_A|G,21615_T|G,21846_C|T,22036_A|C,22498_C|T,22882_T|A,23403_A|G,23604_C|A,23625_C|T,23638_C|T,23765_T|G,24442_C|T,24642_C|T,25513_C|T,26222_C|T,26310_T|A,27389_C|T,27427_C|T,27769_C|T,28048_G|A,28330_A|G,28854_C|T,28910_A|T,11288_11296,26158_26161,28271
USA/FL-CDC-QDX26380710/2021	XB	241_C|T,2593_T|C,3037_C|T,3688_C|T,3884_C|T,4898_C|T,6633_C|T,7142_A|G,8814_C|T,8986_C|T,9614_A|G,9693_C|T,9754_A|C,12454_T|C,13723_G|T,14408_C|T,15451_G|A,16466_C|T,20531_A|G,21057_C|T,21615_T|G,21846_C|T,22036_A|C,22882_T|A,23403_A|G,23604_C|A,23625_C|T,23638_C|T,23765_T|G,24442_C|T,24642_C|T,26222_C|T,27389_C|T,27494_C|A,27769_C|T,28001_G|T,28048_G|A,28087_C|T,28330_A|G,28854_C|T,28910_A|T,28957_C|T,29171_C|T,11288_11296,26158_26161,28271
USA/FL-CDC-QDX27347918/2021	XB	241_C|T,1255_A|G,2910_C|T,3037_C|T,3688_C|T,3884_C|T,6633_C|T,7142_A|G,7483_A|G,9559_C|T,9614_A|G,9693_C|T,9754_A|C,11750_C|T,12591_T|C,14408_C|T,15026_C|T,15451_G|A,16466_C|T,21057_C|T,21615_T|G,21846_C|T,22036_A|C,22498_C|T,22882_T|A,23403_A|G,23604_C|A,23625_C|T,23638_C|T,23765_T|G,24442_C|T,24642_C|T,25513_C|T,26222_C|T,27374_T|C,27389_C|T,27427_C|T,27769_C|T,28330_A|G,28854_C|T,28910_A|T,11288_11296,26158_26161,28271
USA/FL-CDC-STM-000035836/2021	XB	241_C|T,1102_C|T,1255_A|G,3037_C|T,3688_C|T,3884_C|T,6633_C|T,7011_C|T,7142_A|G,9614_A|G,9693_C|T,9754_A|C,14408_C|T,15026_C|T,15451_G|A,16466_C|T,20104_C|T,21057_C|T,21615_T|G,21846_C|T,22036_A|C,23403_A|G,23604_C|A,23625_C|T,23638_C|T,23765_T|G,24442_C|T,24642_C|T,26222_C|T,27389_C|T,27521_A|G,27769_C|T,28045_C|T,28048_G|A,28330_A|G,28854_C|T,28910_A|T,11288_11296,26158_26161,28271
USA/FL-CDC-STM-000064688/2021	XB	241_C|T,1255_A|G,3037_C|T,3688_C|T,3884_C|T,6633_C|T,7142_A|G,9614_A|G,9693_C|T,9754_A|C,12591_T|C,14408_C|T,15026_C|T,15451_G|A,16466_C|T,19716_C|T,21057_C|T,21615_T|G,21846_C|T,22036_A|C,22498_C|T,23403_A|G,23604_C|A,23625_C|T,23638_C|T,23765_T|G,24442_C|T,24642_C|T,25513_C|T,26222_C|T,27389_C|T,27427_C|T,27769_C|T,28048_G|A,28330_A|G,28854_C|T,28910_A|T,11288_11296,26158_26161,28271
USA/FL-CDC-STM-000067269/2021	XB	241_C|T,1222_T|C,1255_A|G,3037_C|T,3688_C|T,3884_C|T,6633_C|T,7142_A|G,9614_A|G,9693_C|T,9754_A|C,12591_T|C,14408_C|T,15026_C|T,15451_G|A,16466_C|T,21057_C|T,21615_T|G,21846_C|T,22036_A|C,22498_C|T,22793_G|T,23403_A|G,23604_C|A,23625_C|T,23638_C|T,23765_T|G,24442_C|T,24642_C|T,25513_C|T,26222_C|T,26310_T|A,27389_C|T,27427_C|T,27769_C|T,28048_G|A,28330_A|G,28854_C|T,28910_A|T,11288_11296,26158_26161,28271
USA/FL-CDC-STM-000073046/2021	XB	241_C|T,940_G|A,1255_A|G,3037_C|T,3688_C|T,3884_C|T,6633_C|T,7142_A|G,9614_A|G,9693_C|T,9754_A|C,14408_C|T,15026_C|T,15451_G|A,16466_C|T,21057_C|T,21615_T|G,21846_C|T,22036_A|C,22882_T|A,23120_G|T,23403_A|G,23604_C|A,23625_C|T,23638_C|T,23765_T|G,24442_C|T,24642_C|T,26222_C|T,26822_C|T,27389_C|T,27769_C|T,28048_G|A,28330_A|G,28854_C|T,28910_A|T,11288_11296,26158_26161,28271
USA/FL-CDC-STM-000704474/2021	XB	241_C|T,1255_A|G,1758_C|T,3026_T|C,3037_C|T,3688_C|T,3884_C|T,6633_C|T,7142_A|G,9614_A|G,9693_C|T,9754_A|C,14408_C|T,15026_C|T,15451_G|A,16466_C|T,21057_C|T,21615_T|G,21618_C|T,21846_C|T,22036_A|C,22882_T|A,23403_A|G,23604_C|A,23625_C|T,23638_C|T,23765_T|G,24378_C|T,24406_T|G,24442_C|T,24642_C|T,26222_C|T,27389_C|T,27561_G|T,27769_C|T,28048_G|A,28330_A|G,28854_C|T,28910_A|T,29543_G|C,11288_11296,26158_26161,28271
USA/GA-CDC-ASC210186038/2021	XB	241_C|T,1076_C|T,1255_A|G,3037_C|T,3688_C|T,3884_C|T,6336_C|T,6633_C|T,7142_A|G,9614_A|G,9693_C|T,9754_A|C,11083_G|T,14408_C|T,15026_C|T,15451_G|A,16466_C|T,17104_C|T,21057_C|T,21615_T|G,21846_C|T,22036_A|C,23403_A|G,23604_C|A,23625_C|T,23638_C|T,23765_T|G,24378_C|T,24406_T|G,24442_C|T,24642_C|T,26222_C|T,27389_C|T,27532_C|T,27769_C|T,28048_G|A,28330_A|G,28854_C|T,28910_A|T,29477_G|T,11288_11296,26158_26161,28271
USA/GA-CDC-ASC210235056/2021	XB	241_C|T,1255_A|G,3037_C|T,3688_C|T,3884_C|T,5239_C|T,6633_C|T,7142_A|G,9614_A|G,9693_C|T,9754_A|C,12591_T|C,14408_C|T,15026_C|T,15451_G|A,16466_C|T,17676_C|T,21057_C|T,21615_T|G,21846_C|T,22036_A|C,22498_C|T,22882_T|A,23403_A|G,23604_C|A,23625_C|T,23638_C|T,23765_T|G,24442_C|T,24642_C|T,25513_C|T,26222_C|T,27389_C|T,27427_C|T,27769_C|T,28048_G|A,28330_A|G,28854_C|T,28910_A|T,11288_11296,26158_26161,28271
USA/GA-CDC-LC0052241/2021	XB	241_C|T,518_A|T,1190_C|T,3037_C|T,3688_C|T,3884_C|T,6633_C|T,6717_G|T,7142_A|G,8480_C|T,9614_A|G,9693_C|T,9754_A|C,14408_C|T,14452_G|A,15237_C|T,15451_G|A,16466_C|T,20987_C|T,21057_C|T,21615_T|G,21846_C|T,22036_A|C,22882_T|A,23403_A|G,23604_C|A,23625_C|T,23765_T|G,24442_C|T,24642_C|T,26222_C|T,27389_C|T,27769_C|T,28048_G|A,28330_A|G,28854_C|T,28910_A|T,29543_G|T,11288_11296,26158_26161,28271
USA/GA-CDC-MMB09118740/2021	XB	241_C|T,1255_A|G,3037_C|T,3688_C|T,3884_C|T,6633_C|T,7142_A|G,9614_A|G,9693_C|T,9754_A|C,10702_C|T,14408_C|T,15026_C|T,15451_G|A,16466_C|T,21057_C|T,21615_T|G,21846_C|T,22036_A|C,22363_G|T,22882_T|A,23403_A|G,23604_C|A,23625_C|T,23638_C|T,23765_T|G,24442_C|T,24642_C|T,25641_G|T,26222_C|T,27389_C|T,27769_C|T,28048_G|A,28330_A|G,28854_C|T,28895_G|T,28910_A|T,29210_G|T,11288_11296,26158_26161,27580_27620,28271
USA/GA-CDC-MMB09472583/2021	XB	241_C|T,1076_C|T,1255_A|G,3037_C|T,3688_C|T,3884_C|T,6633_C|T,7108_C|T,7142_A|G,9614_A|G,9693_C|T,9754_A|C,14408_C|T,15026_C|T,15451_G|A,16466_C|T,17104_C|T,21057_C|T,21615_T|G,21846_C|T,22036_A|C,22882_T|A,23403_A|G,23604_C|A,23625_C|T,23638_C|T,23765_T|G,24378_C|T,24406_T|G,24442_C|T,24642_C|T,26222_C|T,27389_C|T,27532_C|T,27769_C|T,28048_G|A,28330_A|G,28854_C|T,28910_A|T,29477_G|T,11288_11296,26158_26161,28271
USA/GA-CDC-MMB09499239/2021	XB	241_C|T,1255_A|G,3037_C|T,3688_C|T,3884_C|T,5239_C|T,6633_C|T,7142_A|G,9614_A|G,9693_C|T,9754_A|C,12591_T|C,14408_C|T,15026_C|T,15451_G|A,16466_C|T,17676_C|T,21057_C|T,21615_T|G,21846_C|T,22036_A|C,22498_C|T,22882_T|A,23403_A|G,23604_C|A,23625_C|T,23638_C|T,23765_T|G,24442_C|T,24642_C|T,25513_C|T,26222_C|T,27389_C|T,27427_C|T,27769_C|T,28048_G|A,28330_A|G,28854_C|T,28910_A|T,29831_C|T,11288_11296,26158_26161,28271
USA/GA-CDC-MMB09500678/2021	XB	241_C|T,504_C|T,829_C|T,1419_C|T,3037_C|T,3688_C|T,3884_C|T,6633_C|T,6717_G|T,7142_A|G,8480_C|T,9614_A|G,9693_C|T,9754_A|C,13011_C|T,14408_C|T,15451_G|A,16466_C|T,17403_C|T,19117_G|T,20987_C|T,21057_C|T,21615_T|G,21846_C|T,22036_A|C,22882_T|A,23403_A|G,23604_C|A,23625_C|T,23765_T|G,24442_C|T,24642_C|T,25546_C|T,26222_C|T,27389_C|T,27769_C|T,28048_G|A,28330_A|G,28854_C|T,28910_A|T,29543_G|T,29742_G|T,11288_11296,26158_26161,28271
USA/GA-CDC-MMB09712529/2021	XB	241_C|T,1255_A|G,3037_C|T,3688_C|T,3884_C|T,5239_C|T,6633_C|T,7142_A|G,9614_A|G,9693_C|T,9754_A|C,12591_T|C,14408_C|T,15026_C|T,15451_G|A,16466_C|T,17676_C|T,21057_C|T,21615_T|G,21846_C|T,21987_G|A,22036_A|C,22498_C|T,22882_T|A,23403_A|G,23604_C|A,23625_C|T,23638_C|T,23765_T|G,24442_C|T,24642_C|T,25513_C|T,26222_C|T,27389_C|T,27427_C|T,27769_C|T,28048_G|A,28330_A|G,28854_C|T,28910_A|T,29831_C|T,11288_11296,26158_26161,28271
USA/GA-CDC-QDX25847658/2021	XB	241_C|T,1255_A|G,3037_C|T,3688_C|T,3884_C|T,6633_C|T,7142_A|G,9614_A|G,9693_C|T,9754_A|C,10702_C|T,14408_C|T,15026_C|T,15451_G|A,16466_C|T,21057_C|T,21615_T|G,21846_C|T,22036_A|C,22363_G|T,22882_T|A,23403_A|G,23604_C|A,23625_C|T,23638_C|T,23765_T|G,24442_C|T,24642_C|T,25641_G|T,26222_C|T,27389_C|T,27769_C|T,28048_G|A,28330_A|G,28854_C|T,28895_G|T,28910_A|T,29210_G|T,11288_11296,26158_26161,27580_27620,28271
USA/GA-CDC-QDX26573663/2021	XB	162_C|A,241_C|T,1255_A|G,3037_C|T,3688_C|T,3884_C|T,5294_G|A,6633_C|T,7142_A|G,9614_A|G,9693_C|T,9754_A|C,12591_T|C,14408_C|T,15026_C|T,15451_G|A,16466_C|T,21057_C|T,21575_C|T,21615_T|G,21846_C|T,22036_A|C,22498_C|T,22882_T|A,23403_A|G,23604_C|A,23625_C|T,23638_C|T,23765_T|G,24442_C|T,24642_C|T,25513_C|T,26222_C|T,27389_C|T,27427_C|T,27769_C|T,28048_G|A,28330_A|G,28854_C|T,28910_A|T,11288_11296,26158_26161,28271
USA/GA-CDC-QDX26763455/2021	XB	162_C|A,241_C|T,1255_A|G,3037_C|T,3688_C|T,3884_C|T,5294_G|A,6633_C|T,7142_A|G,9614_A|G,9693_C|T,9754_A|C,12591_T|C,14408_C|T,15026_C|T,15451_G|A,16466_C|T,21057_C|T,21575_C|T,21615_T|G,21846_C|T,22036_A|C,22498_C|T,22882_T|A,23403_A|G,23604_C|A,23625_C|T,23638_C|T,23765_T|G,24442_C|T,24642_C|T,25513_C|T,26222_C|T,27389_C|T,27427_C|T,27769_C|T,28048_G|A,28330_A|G,28854_C|T,28910_A|T,11288_11296,26158_26161,28271
USA/GA-CDC-QDX26988043/2021	XB	241_C|T,1255_A|G,3037_C|T,3688_C|T,3884_C|T,7142_A|G,9614_A|G,9693_C|T,9745_C|T,9754_A|C,10319_C|T,12591_T|C,12940_G|T,14408_C|T,14741_C|T,15026_C|T,15451_G|A,16466_C|T,21057_C|T,21137_A|G,21615_T|G,21846_C|T,22036_A|C,22498_C|T,22882_T|A,23403_A|G,23604_C|A,23625_C|T,23638_C|T,23765_T|G,24442_C|T,24642_C|T,25513_C|T,26222_C|T,26310_T|A,27389_C|T,27427_C|T,27769_C|T,28048_G|A,28330_A|G,28854_C|T,28910_A|T,11288_11296,26158_26161,28271
USA/GA-CDC-STM-000066132/2021	XB	241_C|T,1255_A|G,2829_A|C,3037_C|T,3688_C|T,3884_C|T,6028_A|G,6633_C|T,7142_A|G,9614_A|G,9693_C|T,9754_A|C,14408_C|T,15026_C|T,15451_G|A,16466_C|T,21057_C|T,21615_T|G,21846_C|T,22036_A|C,22882_T|A,23403_A|G,23604_C|A,23625_C|T,23638_C|T,23765_T|G,24442_C|T,24642_C|T,26222_C|T,27389_C|T,27769_C|T,28048_G|A,28330_A|G,28854_C|T,28910_A|T,11288_11296,26158_26161,28271
USA/IA-CDC-2-4393985/2021	XB	241_C|T,1419_C|T,3037_C|T,3688_C|T,3884_C|T,6633_C|T,6717_G|T,7142_A|G,8480_C|T,9614_A|G,9693_C|T,9754_A|C,14408_C|T,15451_G|A,16466_C|T,17403_C|T,20987_C|T,21057_C|T,21615_T|G,21846_C|T,22036_A|C,22882_T|A,23403_A|G,23604_C|A,23625_C|T,23765_T|G,24442_C|T,24642_C|T,26222_C|T,27389_C|T,27769_C|T,28048_G|A,28330_A|G,28854_C|T,28910_A|T,29543_G|T,11288_11296,26158_26161,28271
USA/IL-CDC-ASC210013539/2021	XB	241_C|T,1255_A|G,3037_C|T,3688_C|T,3884_C|T,6633_C|T,7142_A|G,9614_A|G,9693_C|T,9754_A|C,14408_C|T,15026_C|T,15451_G|A,16466_C|T,21057_C|T,21615_T|G,21846_C|T,22036_A|C,22882_T|A,23403_A|G,23604_C|A,23625_C|T,23638_C|T,23765_T|G,24442_C|T,24642_C|T,26222_C|T,27389_C|T,27769_C|T,28048_G|A,28330_A|G,28854_C|T,28910_A|T,11288_11296,26158_26161,28271
USA/IL-CDC-ASC210026645/2021	XB	241_C|T,1255_A|G,2453_C|T,2829_A|C,3037_C|T,3688_C|T,3884_C|T,6028_A|G,6633_C|T,7142_A|G,9614_A|G,9693_C|T,9754_A|C,14408_C|T,15026_C|T,15451_G|A,16466_C|T,21057_C|T,21615_T|G,21846_C|T,22036_A|C,22882_T|A,23403_A|G,23604_C|A,23625_C|T,23638_C|T,23765_T|G,24442_C|T,24642_C|T,26222_C|T,27389_C|T,27769_C|T,28048_G|A,28330_A|G,28854_C|T,28910_A|T,11288_11296,26158_26161,28271
USA/IL-CDC-ASC210035280/2021	XB	241_C|T,1255_A|G,2829_A|C,3037_C|T,3688_C|T,3884_C|T,6028_A|G,6633_C|T,7142_A|G,9614_A|G,9693_C|T,9754_A|C,14408_C|T,15026_C|T,15451_G|A,16466_C|T,21057_C|T,21615_T|G,21846_C|T,22036_A|C,22882_T|A,23403_A|G,23604_C|A,23625_C|T,23638_C|T,23765_T|G,24442_C|T,24642_C|T,26222_C|T,27389_C|T,27769_C|T,28048_G|A,28330_A|G,28854_C|T,28910_A|T,11288_11296,26158_26161,28271
USA/IL-CDC-ASC210036534/2021	XB	241_C|T,1255_A|G,3037_C|T,3688_C|T,3884_C|T,6633_C|T,7142_A|G,9614_A|G,9693_C|T,9754_A|C,14408_C|T,15026_C|T,15451_G|A,16466_C|T,18747_C|T,21057_C|T,21615_T|G,21846_C|T,22036_A|C,22882_T|A,23403_A|G,23604_C|A,23625_C|T,23638_C|T,23765_T|G,24442_C|T,24642_C|T,26222_C|T,27389_C|T,27769_C|T,28048_G|A,28330_A|G,28854_C|T,28910_A|T,11288_11296,26158_26161,28271
USA/IL-CDC-ASC210046486/2021	XB	241_C|T,1255_A|G,2829_A|C,3037_C|T,3688_C|T,3884_C|T,6028_A|G,6633_C|T,7142_A|G,9614_A|G,9693_C|T,9754_A|C,14408_C|T,15026_C|T,15451_G|A,16466_C|T,21057_C|T,21615_T|G,21846_C|T,22036_A|C,22882_T|A,23403_A|G,23604_C|A,23625_C|T,23638_C|T,23765_T|G,24442_C|T,24642_C|T,26222_C|T,27389_C|T,27769_C|T,28048_G|A,28330_A|G,28854_C|T,28910_A|T,11288_11296,26158_26161,28271
USA/IL-CDC-ASC210066106/2021	XB	241_C|T,1255_A|G,3037_C|T,3688_C|T,3743_C|T,3884_C|T,6633_C|T,7111_T|C,7142_A|G,9614_A|G,9693_C|T,9705_G|T,9754_A|C,12439_C|T,14408_C|T,15026_C|T,15451_G|A,16122_G|T,16466_C|T,21057_C|T,21615_T|G,21846_C|T,22036_A|C,22652_G|A,22882_T|A,23403_A|G,23604_C|A,23625_C|T,23638_C|T,23765_T|G,24442_C|T,24642_C|T,26222_C|T,27389_C|T,27769_C|T,28003_G|T,28048_G|A,28330_A|G,28854_C|T,28910_A|T,686_694,11288_11296,26158_26161,28271
USA/IL-CDC-ASC210066112/2021	XB	241_C|T,1255_A|G,3037_C|T,3688_C|T,3884_C|T,6633_C|T,7142_A|G,9536_G|A,9614_A|G,9693_C|T,9754_A|C,14408_C|T,15026_C|T,15451_G|A,16466_C|T,21057_C|T,21615_T|G,21846_C|T,22036_A|C,22882_T|A,23403_A|G,23604_C|A,23625_C|T,23638_C|T,23765_T|G,24442_C|T,24642_C|T,26222_C|T,27389_C|T,27769_C|T,28048_G|A,28330_A|G,28854_C|T,28910_A|T,11288_11296,26158_26161,28271
USA/IL-CDC-ASC210073928/2021	XB	241_C|T,1255_A|G,3037_C|T,3688_C|T,3884_C|T,6633_C|T,7142_A|G,9536_G|A,9614_A|G,9693_C|T,9754_A|C,14408_C|T,15026_C|T,15451_G|A,16466_C|T,21057_C|T,21615_T|G,21846_C|T,22036_A|C,22882_T|A,23403_A|G,23604_C|A,23625_C|T,23638_C|T,23765_T|G,24442_C|T,24642_C|T,26222_C|T,27389_C|T,27769_C|T,28048_G|A,28330_A|G,28854_C|T,28910_A|T,11288_11296,26158_26161,28271
USA/IL-CDC-ASC210075865/2021	XB	241_C|T,1255_A|G,3037_C|T,3688_C|T,3728_G|T,3884_C|T,6633_C|T,7142_A|G,9614_A|G,9693_C|T,9754_A|C,10777_T|C,14408_C|T,15026_C|T,15451_G|A,16466_C|T,21057_C|T,21615_T|G,21846_C|T,22036_A|C,23403_A|G,23604_C|A,23625_C|T,23638_C|T,23765_T|G,24442_C|T,24642_C|T,26222_C|T,27389_C|T,27769_C|T,28048_G|A,28330_A|G,28854_C|T,28910_A|T,29774_C|T,11288_11296,26158_26161,28271
USA/IL-CDC-ASC210107517/2021	XB	241_C|T,1255_A|G,2829_A|C,3037_C|T,3688_C|T,3884_C|T,6028_A|G,6633_C|T,7142_A|G,7819_C|T,9614_A|G,9693_C|T,9754_A|C,14408_C|T,15026_C|T,15451_G|A,16466_C|T,21057_C|T,21615_T|G,21846_C|T,22036_A|C,22882_T|A,23403_A|G,23604_C|A,23625_C|T,23638_C|T,23765_T|G,24442_C|T,24642_C|T,26222_C|T,27389_C|T,27769_C|T,28048_G|A,28330_A|G,28854_C|T,28910_A|T,11288_11296,26158_26161,28271
USA/IL-CDC-LC0048888/2021	XB	241_C|T,1255_A|G,3037_C|T,3688_C|T,3884_C|T,6633_C|T,7142_A|G,9614_A|G,9693_C|T,9754_A|C,14408_C|T,15026_C|T,15451_G|A,15960_C|T,16466_C|T,21057_C|T,21615_T|G,21846_C|T,22036_A|C,22882_T|A,23403_A|G,23604_C|A,23625_C|T,23638_C|T,23765_T|G,24442_C|T,24642_C|T,26222_C|T,27389_C|T,27769_C|T,28048_G|A,28330_A|G,28854_C|T,28910_A|T,11288_11296,26158_26161,28271
USA/IL-CDC-LC0049057/2021	XB	241_C|T,1255_A|G,3037_C|T,3688_C|T,3884_C|T,6633_C|T,7142_A|G,9614_A|G,9693_C|T,9754_A|C,14408_C|T,15026_C|T,15451_G|A,16466_C|T,21057_C|T,21615_T|G,21846_C|T,22036_A|C,22882_T|A,23403_A|G,23604_C|A,23625_C|T,23638_C|T,23765_T|G,24442_C|T,24642_C|T,26222_C|T,27389_C|T,27769_C|T,28048_G|A,28330_A|G,28854_C|T,28910_A|T,11288_11296,26158_26161,28271
USA/IL-CDC-LC0053359/2021	XB	241_C|T,1255_A|G,3037_C|T,3688_C|T,3884_C|T,6633_C|T,7142_A|G,9614_A|G,9693_C|T,9754_A|C,14408_C|T,15026_C|T,15451_G|A,15960_C|T,16466_C|T,21057_C|T,21615_T|G,21846_C|T,22036_A|C,22882_T|A,23403_A|G,23604_C|A,23625_C|T,23638_C|T,23765_T|G,24442_C|T,24642_C|T,26222_C|T,27389_C|T,27769_C|T,28048_G|A,28330_A|G,28854_C|T,28910_A|T,11288_11296,26158_26161,28271
USA/IL-CDC-LC0053457/2021	XB	241_C|T,1255_A|G,3037_C|T,3688_C|T,3884_C|T,6633_C|T,7142_A|G,9536_G|A,9614_A|G,9693_C|T,9754_A|C,14408_C|T,15026_C|T,15451_G|A,16466_C|T,21057_C|T,21615_T|G,21846_C|T,22036_A|C,22882_T|A,23403_A|G,23604_C|A,23625_C|T,23638_C|T,23765_T|G,24442_C|T,24642_C|T,26222_C|T,27389_C|T,27769_C|T,28048_G|A,28330_A|G,28854_C|T,28910_A|T,11288_11296,26158_26161,28271
USA/IL-CDC-LC0054147/2021	XB	241_C|T,1255_A|G,3037_C|T,3688_C|T,3884_C|T,6633_C|T,7142_A|G,9614_A|G,9693_C|T,9754_A|C,14408_C|T,15026_C|T,15451_G|A,15960_C|T,16466_C|T,21057_C|T,21615_T|G,21846_C|T,22036_A|C,22882_T|A,23403_A|G,23604_C|A,23625_C|T,23638_C|T,23765_T|G,24442_C|T,24642_C|T,26222_C|T,27389_C|T,27769_C|T,28048_G|A,28330_A|G,28854_C|T,28910_A|T,11288_11296,26158_26161,28271
USA/IL-CDC-LC0054702/2021	XB	241_C|T,1255_A|G,3037_C|T,3688_C|T,3884_C|T,6633_C|T,7142_A|G,9536_G|A,9614_A|G,9693_C|T,9754_A|C,14408_C|T,15026_C|T,15451_G|A,16466_C|T,21057_C|T,21615_T|G,21846_C|T,22036_A|C,22882_T|A,23403_A|G,23604_C|A,23625_C|T,23638_C|T,23765_T|G,24442_C|T,24642_C|T,26222_C|T,27389_C|T,27769_C|T,28048_G|A,28330_A|G,28854_C|T,28910_A|T,11288_11296,26158_26161,28271
USA/IL-CDC-LC0057680/2021	XB	241_C|T,1255_A|G,3037_C|T,3688_C|T,3884_C|T,6633_C|T,7142_A|G,9614_A|G,9693_C|T,9754_A|C,10313_C|A,10429_T|C,14408_C|T,15026_C|T,15451_G|A,16466_C|T,21057_C|T,21615_T|G,21846_C|T,22036_A|C,22882_T|A,23403_A|G,23604_C|A,23625_C|T,23638_C|T,23765_T|G,24442_C|T,24642_C|T,26222_C|T,27389_C|T,27769_C|T,28048_G|A,28330_A|G,28854_C|T,28910_A|T,11288_11296,26158_26161,28271
USA/IL-CDC-LC0057766/2021	XB	241_C|T,1255_A|G,3037_C|T,3688_C|T,3884_C|T,6633_C|T,7006_C|T,7142_A|G,9536_G|A,9614_A|G,9693_C|T,9754_A|C,14408_C|T,15026_C|T,15451_G|A,16466_C|T,21057_C|T,21615_T|G,21846_C|T,22036_A|C,22882_T|A,23403_A|G,23604_C|A,23625_C|T,23638_C|T,23765_T|G,24442_C|T,24642_C|T,25665_C|T,26222_C|T,27389_C|T,27769_C|T,28048_G|A,28330_A|G,28854_C|T,28910_A|T,11288_11296,26158_26161,28271
USA/IL-CDC-LC0057815/2021	XB	241_C|T,1255_A|G,2842_C|T,3037_C|T,3688_C|T,3884_C|T,6633_C|T,7142_A|G,9614_A|G,9693_C|T,9754_A|C,14408_C|T,15026_C|T,15451_G|A,15960_C|T,16466_C|T,17721_G|T,21057_C|T,21615_T|G,21846_C|T,22036_A|C,22882_T|A,23403_A|G,23604_C|A,23625_C|T,23638_C|T,23765_T|G,24442_C|T,24642_C|T,26222_C|T,27214_G|A,27389_C|T,27769_C|T,28048_G|A,28330_A|G,28854_C|T,28910_A|T,11288_11296,26158_26161,28271
USA/IL-CDC-LC0060502/2021	XB	241_C|T,1255_A|G,3037_C|T,3688_C|T,3884_C|T,6633_C|T,7142_A|G,9614_A|G,9693_C|T,9754_A|C,14408_C|T,15026_C|T,15451_G|A,16466_C|T,21057_C|T,21612_A|G,21615_T|G,21846_C|T,22036_A|C,22882_T|A,23403_A|G,23604_C|A,23625_C|T,23638_C|T,23765_T|G,24442_C|T,24642_C|T,26222_C|T,27389_C|T,27769_C|T,28048_G|A,28330_A|G,28854_C|T,28910_A|T,11288_11296,26158_26161,28271
USA/IL-CDC-LC0063953/2021	XB	241_C|T,1255_A|G,3037_C|T,3688_C|T,3884_C|T,6633_C|T,7006_C|T,7142_A|G,7756_G|T,9536_G|A,9614_A|G,9693_C|T,9754_A|C,14408_C|T,15026_C|T,15451_G|A,16466_C|T,21057_C|T,21615_T|G,21846_C|T,22036_A|C,22882_T|A,23403_A|G,23604_C|A,23625_C|T,23638_C|T,23765_T|G,24442_C|T,24642_C|T,26222_C|T,27389_C|T,27769_C|T,28048_G|A,28330_A|G,28854_C|T,28910_A|T,11288_11296,26158_26161,28271
USA/IL-CDC-LC0072780/2021	XB	241_C|T,1255_A|G,1347_C|T,3037_C|T,3688_C|T,3884_C|T,6633_C|T,7142_A|G,9190_G|T,9536_G|A,9614_A|G,9693_C|T,9754_A|C,14408_C|T,15026_C|T,15451_G|A,16466_C|T,21057_C|T,21615_T|G,21846_C|T,22036_A|C,22882_T|A,23403_A|G,23604_C|A,23625_C|T,23638_C|T,23765_T|G,24442_C|T,24642_C|T,25067_A|T,25710_C|T,26222_C|T,27389_C|T,27478_G|T,27769_C|T,28048_G|A,28330_A|G,28854_C|T,28910_A|T,11288_11296,26158_26161,28271
USA/IL-CDC-LC0095561/2021	XB	241_C|T,1255_A|G,3037_C|T,3688_C|T,3884_C|T,6633_C|T,7006_C|T,7142_A|G,7756_G|T,9430_C|T,9536_G|A,9614_A|G,9693_C|T,9754_A|C,14408_C|T,15026_C|T,15451_G|A,16466_C|T,19962_G|A,21057_C|T,21615_T|G,21846_C|T,22036_A|C,22882_T|A,23403_A|G,23604_C|A,23625_C|T,23638_C|T,23765_T|G,24442_C|T,24642_C|T,25555_G|T,25595_G|C,26222_C|T,27389_C|T,27769_C|T,28048_G|A,28330_A|G,28854_C|T,28910_A|T,11288_11296,26158_26161,28271
USA/IL-CDC-LC0101010/2021	XB	241_C|T,1255_A|G,3037_C|T,3688_C|T,3884_C|T,6633_C|T,7006_C|T,7142_A|G,7756_G|T,8717_C|T,9430_C|T,9536_G|A,9614_A|G,9693_C|T,9754_A|C,14408_C|T,15026_C|T,15451_G|A,16466_C|T,19962_G|A,21057_C|T,21615_T|G,21846_C|T,22036_A|C,22882_T|A,23403_A|G,23604_C|A,23625_C|T,23638_C|T,23765_T|G,24442_C|T,24642_C|T,25555_G|T,25595_G|C,26222_C|T,27389_C|T,27769_C|T,28048_G|A,28330_A|G,28854_C|T,28910_A|T,11288_11296,26158_26161,28271
USA/IL-CDC-QDX24042081/2021	XB	241_C|T,2536_C|T,3037_C|T,3688_C|T,3884_C|T,6633_C|T,7142_A|G,9614_A|G,9693_C|T,9754_A|C,14408_C|T,15451_G|A,16466_C|T,19085_A|G,21057_C|T,21615_T|G,21846_C|T,22036_A|C,22882_T|A,23403_A|G,23604_C|A,23625_C|T,23765_T|G,24442_C|T,24642_C|T,25942_T|C,26222_C|T,27389_C|T,27769_C|T,27892_A|G,28048_G|A,28330_A|G,28854_C|T,28910_A|T,11288_11296,26158_26161,28271
USA/IL-CDC-QDX24042082/2021	XB	241_C|T,1255_A|G,3037_C|T,3688_C|T,3884_C|T,5526_C|T,6633_C|T,7142_A|G,9614_A|G,9693_C|T,9754_A|C,12591_T|C,14408_C|T,15026_C|T,15451_G|A,16466_C|T,21057_C|T,21615_T|G,21846_C|T,22036_A|C,22498_C|T,22882_T|A,23403_A|G,23604_C|A,23625_C|T,23638_C|T,23765_T|G,24442_C|T,24642_C|T,25513_C|T,26222_C|T,27389_C|T,27427_C|T,27769_C|T,28048_G|A,28330_A|G,28854_C|T,28910_A|T,11288_11296,26158_26161,28271
USA/IL-CDC-QDX24603506/2021	XB	241_C|T,2536_C|T,3037_C|T,3688_C|T,3884_C|T,6633_C|T,7142_A|G,9614_A|G,9693_C|T,9754_A|C,14408_C|T,15451_G|A,16466_C|T,19085_A|G,21057_C|T,21615_T|G,21846_C|T,22036_A|C,22882_T|A,23403_A|G,23604_C|A,23625_C|T,23765_T|G,24442_C|T,24642_C|T,25942_T|C,26222_C|T,27389_C|T,27769_C|T,27892_A|G,28048_G|A,28330_A|G,28854_C|T,28910_A|T,11288_11296,26158_26161,28271
USA/IL-CDC-QDX24603507/2021	XB	241_C|T,2536_C|T,3037_C|T,3688_C|T,3884_C|T,6633_C|T,7142_A|G,9614_A|G,9693_C|T,9754_A|C,14408_C|T,15451_G|A,16466_C|T,19085_A|G,21057_C|T,21615_T|G,21846_C|T,22036_A|C,22882_T|A,23403_A|G,23604_C|A,23625_C|T,23765_T|G,24442_C|T,24642_C|T,25942_T|C,26222_C|T,27389_C|T,27769_C|T,27892_A|G,28048_G|A,28330_A|G,28854_C|T,28910_A|T,11288_11296,26158_26161,28271
USA/IL-CDC-QDX24603508/2021	XB	241_C|T,2536_C|T,3037_C|T,3688_C|T,3884_C|T,6633_C|T,7142_A|G,9614_A|G,9693_C|T,9754_A|C,14408_C|T,15451_G|A,16466_C|T,19085_A|G,21057_C|T,21615_T|G,21846_C|T,22036_A|C,22882_T|A,23403_A|G,23604_C|A,23625_C|T,23765_T|G,24442_C|T,24642_C|T,25942_T|C,26222_C|T,27389_C|T,27769_C|T,27892_A|G,28048_G|A,28330_A|G,28854_C|T,28910_A|T,11288_11296,26158_26161,28271
USA/IL-CDC-QDX24603512/2021	XB	241_C|T,2536_C|T,3037_C|T,3688_C|T,3884_C|T,6633_C|T,7142_A|G,9614_A|G,9693_C|T,9754_A|C,14408_C|T,15451_G|A,16466_C|T,19085_A|G,21057_C|T,21615_T|G,21846_C|T,22036_A|C,22882_T|A,23403_A|G,23604_C|A,23625_C|T,23765_T|G,24442_C|T,24642_C|T,25942_T|C,26222_C|T,27389_C|T,27769_C|T,27892_A|G,28048_G|A,28330_A|G,28854_C|T,28910_A|T,11288_11296,26158_26161,28271
USA/IL-CDC-QDX24603513/2021	XB	241_C|T,2536_C|T,3037_C|T,3688_C|T,3884_C|T,6633_C|T,7142_A|G,9614_A|G,9693_C|T,9754_A|C,14408_C|T,15451_G|A,16466_C|T,19085_A|G,21057_C|T,21615_T|G,21846_C|T,22036_A|C,22882_T|A,23403_A|G,23604_C|A,23625_C|T,23765_T|G,24442_C|T,24642_C|T,25942_T|C,26222_C|T,27389_C|T,27769_C|T,27892_A|G,28048_G|A,28330_A|G,28854_C|T,28910_A|T,11288_11296,26158_26161,28271
USA/IL-CDC-QDX24633035/2021	XB	241_C|T,1255_A|G,3037_C|T,3688_C|T,3884_C|T,6633_C|T,7142_A|G,9614_A|G,9693_C|T,9754_A|C,14408_C|T,15026_C|T,15451_G|A,15960_C|T,16466_C|T,21057_C|T,21615_T|G,21846_C|T,22036_A|C,22882_T|A,23403_A|G,23604_C|A,23625_C|T,23638_C|T,23765_T|G,24442_C|T,24642_C|T,26222_C|T,27389_C|T,27769_C|T,28048_G|A,28330_A|G,28854_C|T,28910_A|T,686_694,11288_11296,26158_26161,28271
USA/IL-CDC-QDX24840131/2021	XB	241_C|T,2536_C|T,3037_C|T,3688_C|T,3884_C|T,6633_C|T,7142_A|G,9614_A|G,9693_C|T,9754_A|C,14408_C|T,15451_G|A,16466_C|T,19085_A|G,21057_C|T,21615_T|G,21846_C|T,22036_A|C,22882_T|A,23403_A|G,23604_C|A,23625_C|T,23765_T|G,24442_C|T,24642_C|T,25942_T|C,26222_C|T,27389_C|T,27769_C|T,27892_A|G,28048_G|A,28330_A|G,28854_C|T,28910_A|T,11288_11296,26158_26161,28271
USA/IL-CDC-QDX24840140/2021	XB	241_C|T,2536_C|T,3037_C|T,3688_C|T,3884_C|T,6633_C|T,7142_A|G,9614_A|G,9693_C|T,9754_A|C,14408_C|T,15451_G|A,16466_C|T,19085_A|G,21057_C|T,21615_T|G,21846_C|T,22036_A|C,22882_T|A,23403_A|G,23604_C|A,23625_C|T,23765_T|G,24442_C|T,24642_C|T,25942_T|C,26222_C|T,27389_C|T,27769_C|T,27892_A|G,28048_G|A,28330_A|G,28854_C|T,28910_A|T,11288_11296,26158_26161,28271
USA/IL-CDC-QDX24840141/2021	XB	241_C|T,2536_C|T,3037_C|T,3688_C|T,3884_C|T,6633_C|T,7142_A|G,9614_A|G,9693_C|T,9754_A|C,14408_C|T,15451_G|A,16466_C|T,19085_A|G,21057_C|T,21615_T|G,21846_C|T,22036_A|C,22882_T|A,23403_A|G,23604_C|A,23625_C|T,23765_T|G,24442_C|T,24642_C|T,25942_T|C,26222_C|T,27389_C|T,27769_C|T,27892_A|G,28048_G|A,28330_A|G,28854_C|T,28910_A|T,11288_11296,26158_26161,28271
USA/IL-CDC-QDX24940885/2021	XB	241_C|T,2536_C|T,3037_C|T,3688_C|T,3884_C|T,6633_C|T,7142_A|G,9614_A|G,9693_C|T,9754_A|C,14408_C|T,15451_G|A,16466_C|T,19085_A|G,21057_C|T,21615_T|G,21846_C|T,22036_A|C,22882_T|A,23403_A|G,23604_C|A,23625_C|T,23765_T|G,24442_C|T,24642_C|T,25942_T|C,26222_C|T,27389_C|T,27769_C|T,27892_A|G,28048_G|A,28330_A|G,28854_C|T,28910_A|T,11288_11296,26158_26161,28271
USA/IL-CDC-QDX26300311/2021	XB	241_C|T,875_C|T,1820_G|A,2536_C|T,3037_C|T,3688_C|T,3884_C|T,6633_C|T,7142_A|G,7869_C|T,9614_A|G,9693_C|T,9754_A|C,14408_C|T,15451_G|A,16466_C|T,17278_G|T,18213_G|A,19085_A|G,21057_C|T,21615_T|G,21646_C|T,21846_C|T,22036_A|C,22879_C|A,22882_T|A,23403_A|G,23604_C|A,23625_C|T,23765_T|G,24442_C|T,24642_C|T,25942_T|C,26222_C|T,27389_C|T,27769_C|T,27892_A|G,28001_G|A,28048_G|A,28330_A|G,28854_C|T,28910_A|T,11288_11296,26158_26161,28271
USA/IL-CDC-STM-000060407/2021	XB	241_C|T,1255_A|G,2453_C|T,2829_A|C,3037_C|T,3688_C|T,3884_C|T,6028_A|G,6633_C|T,7142_A|G,9614_A|G,9693_C|T,9754_A|C,14408_C|T,15026_C|T,15451_G|A,16466_C|T,21057_C|T,21615_T|G,21846_C|T,22036_A|C,22882_T|A,23403_A|G,23604_C|A,23625_C|T,23638_C|T,23765_T|G,24442_C|T,24642_C|T,26222_C|T,27389_C|T,27769_C|T,28048_G|A,28330_A|G,28854_C|T,28910_A|T,11288_11296,26158_26161,28271
USA/IL-CDC-STM-000062118/2021	XB	241_C|T,1255_A|G,2453_C|T,2829_A|C,3037_C|T,3688_C|T,3884_C|T,6028_A|G,6633_C|T,7142_A|G,9614_A|G,9693_C|T,9754_A|C,14408_C|T,15026_C|T,15451_G|A,16466_C|T,21057_C|T,21615_T|G,21846_C|T,22036_A|C,23403_A|G,23604_C|A,23625_C|T,23638_C|T,23765_T|G,24442_C|T,24642_C|T,26222_C|T,27389_C|T,27769_C|T,28048_G|A,28330_A|G,28631_G|A,28854_C|T,28910_A|T,11288_11296,26158_26161,28271
USA/IL-CDC-STM-000063892/2021	XB	241_C|T,1255_A|G,2453_C|T,2829_A|C,3037_C|T,3688_C|T,3884_C|T,6028_A|G,6633_C|T,7142_A|G,9614_A|G,9693_C|T,9754_A|C,14408_C|T,15026_C|T,15451_G|A,16466_C|T,21057_C|T,21615_T|G,21846_C|T,22036_A|C,23403_A|G,23604_C|A,23625_C|T,23638_C|T,23765_T|G,24442_C|T,24642_C|T,26222_C|T,27389_C|T,27769_C|T,28048_G|A,28330_A|G,28631_G|A,28854_C|T,28910_A|T,11288_11296,26158_26161,28271
USA/IL-CDC-STM-000070923/2021	XB	241_C|T,1255_A|G,3037_C|T,3688_C|T,3884_C|T,4720_G|T,6250_C|T,6633_C|T,7142_A|G,9614_A|G,9693_C|T,9754_A|C,14408_C|T,15026_C|T,15451_G|A,16466_C|T,21057_C|T,21575_C|T,21615_T|G,21846_C|T,22036_A|C,23403_A|G,23604_C|A,23625_C|T,23638_C|T,23765_T|G,24442_C|T,24642_C|T,26222_C|T,27389_C|T,27769_C|T,28048_G|A,28330_A|G,28854_C|T,28910_A|T,29689_T|C,11288_11296,26158_26161,28271
USA/IL-CDC-STM-000070977/2021	XB	241_C|T,1255_A|G,3037_C|T,3688_C|T,3884_C|T,4720_G|T,6250_C|T,6633_C|T,7142_A|G,9614_A|G,9693_C|T,9754_A|C,14408_C|T,15026_C|T,15451_G|A,16466_C|T,21057_C|T,21575_C|T,21615_T|G,21846_C|T,22036_A|C,23403_A|G,23604_C|A,23625_C|T,23638_C|T,23765_T|G,24442_C|T,24642_C|T,26222_C|T,27389_C|T,27769_C|T,28048_G|A,28330_A|G,28854_C|T,28910_A|T,29689_T|C,11288_11296,26158_26161,28271
USA/IN-CDC-ASC210063898/2021	XB	22_A|G,241_C|T,1255_A|G,3037_C|T,3688_C|T,3884_C|T,4207_G|T,6633_C|T,7142_A|G,9614_A|G,9693_C|T,9754_A|C,14408_C|T,15026_C|T,15451_G|A,16466_C|T,19334_A|G,21057_C|T,21615_T|G,21846_C|T,22036_A|C,22882_T|A,23403_A|G,23604_C|A,23625_C|T,23638_C|T,23765_T|G,24378_C|T,24406_T|G,24442_C|T,24642_C|T,26222_C|T,26735_C|T,27389_C|T,27769_C|T,28048_G|A,28330_A|G,28854_C|T,28910_A|T,11288_11296,26158_26161,28271
USA/IN-CDC-LC0057505/2021	XB	241_C|T,1255_A|G,3037_C|T,3688_C|T,3884_C|T,6633_C|T,7142_A|G,9614_A|G,9693_C|T,9754_A|C,10313_C|A,14408_C|T,15026_C|T,15451_G|A,16466_C|T,21057_C|T,21615_T|G,21846_C|T,22036_A|C,22882_T|A,23403_A|G,23604_C|A,23625_C|T,23638_C|T,23765_T|G,24442_C|T,24642_C|T,26222_C|T,27389_C|T,27769_C|T,28048_G|A,28330_A|G,28854_C|T,28910_A|T,11288_11296,26158_26161,28271
USA/IN-CDC-LC0101041/2021	XB	241_C|T,517_T|C,3037_C|T,3688_C|T,3884_C|T,4957_A|G,6633_C|T,7142_A|G,8157_C|T,9614_A|G,9693_C|T,9754_A|C,14408_C|T,15451_G|A,16466_C|T,19164_C|T,19972_C|A,21057_C|T,21163_A|G,21615_T|G,21846_C|T,22036_A|C,22882_T|A,23403_A|G,23604_C|A,23625_C|T,23765_T|G,24442_C|T,24642_C|T,25587_C|T,26222_C|T,27389_C|T,27769_C|T,27892_A|G,28048_G|A,28330_A|G,28531_C|T,28854_C|T,28910_A|T,11288_11296,26158_26161,28271
USA/IN-CDC-LC0101071/2021	XB	241_C|T,517_T|C,3037_C|T,3688_C|T,3884_C|T,4957_A|G,6633_C|T,7142_A|G,8157_C|T,9614_A|G,9693_C|T,9754_A|C,14408_C|T,15451_G|A,16466_C|T,19164_C|T,19972_C|A,21057_C|T,21163_A|G,21615_T|G,21846_C|T,22036_A|C,22882_T|A,23403_A|G,23604_C|A,23625_C|T,23765_T|G,24442_C|T,24642_C|T,25587_C|T,26222_C|T,27389_C|T,27769_C|T,27892_A|G,28048_G|A,28330_A|G,28531_C|T,28854_C|T,28910_A|T,11288_11296,26158_26161,28271
USA/IN-CDC-QDX26532360/2021	XB	241_C|T,1255_A|G,3037_C|T,3688_C|T,3884_C|T,6633_C|T,7142_A|G,9614_A|G,9693_C|T,9754_A|C,12591_T|C,14408_C|T,15026_C|T,15451_G|A,16466_C|T,17859_T|C,21057_C|T,21615_T|G,21641_G|T,21846_C|T,22036_A|C,22498_C|T,22882_T|A,23403_A|G,23604_C|A,23625_C|T,23638_C|T,23765_T|G,24442_C|T,24642_C|T,25437_G|T,25513_C|T,26222_C|T,27389_C|T,27427_C|T,27769_C|T,28048_G|A,28330_A|G,28854_C|T,28910_A|T,29253_C|T,11288_11296,26158_26161,28271
USA/IN-CDC-QDX26532361/2021	XB	241_C|T,1255_A|G,3037_C|T,3688_C|T,3884_C|T,6633_C|T,7142_A|G,9614_A|G,9693_C|T,9754_A|C,12591_T|C,14408_C|T,15026_C|T,15451_G|A,16466_C|T,17859_T|C,18508_C|T,21057_C|T,21615_T|G,21641_G|T,21846_C|T,22036_A|C,22498_C|T,22882_T|A,23403_A|G,23604_C|A,23625_C|T,23638_C|T,23765_T|G,24442_C|T,24642_C|T,25437_G|T,25513_C|T,26222_C|T,27389_C|T,27427_C|T,27769_C|T,28048_G|A,28330_A|G,28854_C|T,28910_A|T,29253_C|T,11288_11296,26158_26161,28271
USA/IN-CDC-QDX26532362/2021	XB	241_C|T,1255_A|G,3037_C|T,3688_C|T,3884_C|T,6633_C|T,7142_A|G,9614_A|G,9693_C|T,9754_A|C,12591_T|C,14408_C|T,15026_C|T,15451_G|A,16466_C|T,17859_T|C,21057_C|T,21615_T|G,21641_G|T,21846_C|T,22036_A|C,22498_C|T,22882_T|A,23403_A|G,23604_C|A,23625_C|T,23638_C|T,23765_T|G,24442_C|T,24642_C|T,25437_G|T,25513_C|T,26222_C|T,27389_C|T,27427_C|T,27769_C|T,28048_G|A,28330_A|G,28854_C|T,28910_A|T,29253_C|T,11288_11296,26158_26161,28271
USA/JW1220/2021	XB	241_C|T,1060_C|T,1419_C|T,3037_C|T,3688_C|T,3884_C|T,6633_C|T,6717_G|T,7142_A|G,8480_C|T,9614_A|G,9693_C|T,9754_A|C,14408_C|T,15451_G|A,15654_C|T,16466_C|T,17403_C|T,20987_C|T,21057_C|T,21615_T|G,21846_C|T,22036_A|C,22882_T|A,23403_A|G,23604_C|A,23625_C|T,23765_T|G,24442_C|T,24642_C|T,25650_G|T,26222_C|T,27389_C|T,27769_C|T,28048_G|A,28330_A|G,28854_C|T,28910_A|T,29543_G|T,11288_11296
USA/JW1486/2021	XB	241_C|T,1419_C|T,3037_C|T,3688_C|T,3884_C|T,6546_A|C,6633_C|T,6717_G|T,7142_A|G,8480_C|T,9614_A|G,9693_C|T,9754_A|C,14408_C|T,15451_G|A,15654_C|T,16466_C|T,17403_C|T,17591_T|A,20987_C|T,21057_C|T,21615_T|G,21846_C|T,22036_A|C,22882_T|A,23403_A|G,23604_C|A,23625_C|T,23765_T|G,24442_C|T,24642_C|T,26110_C|T,26222_C|T,27389_C|T,27769_C|T,28048_G|A,28330_A|G,28854_C|T,28910_A|T,29543_G|T,11288_11296
USA/KY-CDC-ASC210116045/2021	XB	241_C|T,1255_A|G,3037_C|T,3688_C|T,3884_C|T,6633_C|T,7142_A|G,7573_C|A,9614_A|G,9693_C|T,9754_A|C,10138_C|T,12591_T|C,14408_C|T,15026_C|T,15451_G|A,16466_C|T,18424_A|T,20132_C|T,21057_C|T,21615_T|G,21846_C|T,22036_A|C,22498_C|T,23403_A|G,23604_C|A,23625_C|T,23638_C|T,23765_T|G,24442_C|T,24642_C|T,25513_C|T,25644_G|T,26222_C|T,27389_C|T,27427_C|T,27769_C|T,28048_G|A,28330_A|G,28854_C|T,28910_A|T,11288_11296,26158_26161,28271
USA/KY-CDC-ASC210237062/2021	XB	241_C|T,1255_A|G,3037_C|T,3688_C|T,3884_C|T,6633_C|T,7142_A|G,7573_C|A,9614_A|G,9693_C|T,9754_A|C,10138_C|T,12591_T|C,14408_C|T,15026_C|T,15451_G|A,16466_C|T,18424_A|T,20132_C|T,21057_C|T,21615_T|G,21846_C|T,22036_A|C,22498_C|T,23403_A|G,23604_C|A,23625_C|T,23638_C|T,23765_T|G,24442_C|T,24642_C|T,25513_C|T,25644_G|T,26222_C|T,27389_C|T,27427_C|T,27769_C|T,28048_G|A,28330_A|G,28854_C|T,28910_A|T,11288_11296,26158_26161,28271
USA/LA-BIE-LSUH000937/2021	XB	241_C|T,1419_C|T,2432_T|C,3037_C|T,3688_C|T,3884_C|T,5886_C|T,6633_C|T,6717_G|T,7142_A|G,8480_C|T,9344_C|T,9614_A|G,9693_C|T,9754_A|C,11003_C|T,11288_T|A,11291_G|A,11296_T|G,14408_C|T,15451_G|A,15936_A|G,16466_C|T,17403_C|T,17678_C|T,19858_G|T,20987_C|T,21057_C|T,21615_T|G,21846_C|T,22036_A|C,22882_T|A,23403_A|G,23604_C|A,23625_C|T,23765_T|G,24442_C|T,24642_C|T,26158_G|A,26161_A|C,26222_C|T,27389_C|T,27769_C|T,28048_G|A,28330_A|G,28854_C|T,28910_A|T,29543_G|T
USA/LA-CDC-ASC210105713/2021	XB	241_C|T,1255_A|G,3037_C|T,3688_C|T,3884_C|T,6633_C|T,7142_A|G,9614_A|G,9693_C|T,9754_A|C,12591_T|C,14408_C|T,15026_C|T,15451_G|A,16466_C|T,21057_C|T,21615_T|G,21846_C|T,22036_A|C,22498_C|T,23403_A|G,23604_C|A,23625_C|T,23638_C|T,23765_T|G,24442_C|T,24642_C|T,25513_C|T,26222_C|T,26310_T|A,27389_C|T,27427_C|T,27769_C|T,28048_G|A,28330_A|G,28854_C|T,28910_A|T,29803_C|A,11288_11296,26158_26161,28271
USA/LA-CDC-ASC210269305/2021	XB	241_C|T,1255_A|G,3688_C|T,3884_C|T,6633_C|T,7142_A|G,9614_A|G,9693_C|T,9754_A|C,14408_C|T,15026_C|T,15451_G|A,16466_C|T,21057_C|T,21615_T|G,21846_C|T,22036_A|C,23270_G|T,23403_A|G,23604_C|A,23625_C|T,23638_C|T,23765_T|G,24378_C|T,24442_C|T,24642_C|T,26222_C|T,27389_C|T,27769_C|T,28048_G|A,28326_G|T,28330_A|G,28854_C|T,28910_A|T,29085_C|T,11288_11296,26158_26161,28271
USA/LA-CDC-STM-000705487/2021	XB	241_C|T,1255_A|G,3037_C|T,3688_C|T,3884_C|T,6633_C|T,7142_A|G,9614_A|G,9661_C|T,9693_C|T,9754_A|C,12175_T|C,12591_T|C,12628_T|C,14408_C|T,15026_C|T,15451_G|A,16466_C|T,20703_C|T,21057_C|T,21615_T|G,21846_C|T,22036_A|C,22468_G|A,22498_C|T,22882_T|A,23403_A|G,23604_C|A,23625_C|T,23638_C|T,23765_T|G,24442_C|T,24642_C|T,25513_C|T,26222_C|T,27389_C|T,27427_C|T,27526_C|A,27769_C|T,28048_G|A,28330_A|G,28854_C|T,28910_A|T,11288_11296,26158_26161,28271
USA/LA-CDC-STM-000705927/2021	XB	241_C|T,1255_A|G,3037_C|T,3688_C|T,3884_C|T,6633_C|T,7142_A|G,9614_A|G,9661_C|T,9693_C|T,9754_A|C,12175_T|C,12591_T|C,12628_T|C,14408_C|T,15026_C|T,15451_G|A,16466_C|T,20703_C|T,21057_C|T,21615_T|G,21846_C|T,22036_A|C,22468_G|A,22498_C|T,22882_T|A,23403_A|G,23604_C|A,23625_C|T,23638_C|T,23765_T|G,24442_C|T,24642_C|T,25513_C|T,26222_C|T,27389_C|T,27427_C|T,27526_C|A,27769_C|T,28048_G|A,28330_A|G,28854_C|T,28910_A|T,11288_11296,26158_26161,28271
USA/MA-CDC-LC0154621/2021	XB	241_C|T,1255_A|G,2281_G|A,3037_C|T,3688_C|T,3884_C|T,5563_A|T,5869_C|T,6633_C|T,7142_A|G,7386_T|C,7936_G|A,9614_A|G,9693_C|T,9754_A|C,11003_C|T,11609_G|T,12513_C|T,14408_C|T,15026_C|T,15451_G|A,16466_C|T,16659_T|C,17172_C|T,21057_C|T,21615_T|G,21846_C|T,22036_A|C,22882_T|A,23403_A|G,23604_C|A,23625_C|T,23638_C|T,23765_T|G,24442_C|T,24642_C|T,26222_C|T,27389_C|T,27769_C|T,28048_G|A,28330_A|G,28854_C|T,28910_A|T,11288_11296,26158_26161,27580_27620,28271
USA/MA-CDC-QDX27127800/2021	XB	241_C|T,1255_A|G,2937_C|T,3037_C|T,3688_C|T,3884_C|T,6633_C|T,7142_A|G,9614_A|G,9693_C|T,9754_A|C,12591_T|C,14408_C|T,15026_C|T,15451_G|A,16466_C|T,17766_C|T,21057_C|T,21615_T|G,21846_C|T,22036_A|C,22088_C|T,22498_C|T,22882_T|A,23403_A|G,23604_C|A,23625_C|T,23638_C|T,23765_T|G,24442_C|T,24642_C|T,25513_C|T,26222_C|T,27389_C|T,27427_C|T,27769_C|T,28048_G|A,28330_A|G,28854_C|T,28910_A|T,11288_11296,26158_26161,28271
USA/MA-CDC-QDX27127818/2021	XB	241_C|T,1255_A|G,2937_C|T,3037_C|T,3688_C|T,3884_C|T,6633_C|T,7142_A|G,9614_A|G,9693_C|T,9754_A|C,12591_T|C,14408_C|T,15026_C|T,15451_G|A,16466_C|T,17766_C|T,21057_C|T,21615_T|G,21846_C|T,22036_A|C,22088_C|T,22498_C|T,22882_T|A,23403_A|G,23604_C|A,23625_C|T,23638_C|T,23765_T|G,24442_C|T,24642_C|T,25513_C|T,26222_C|T,27389_C|T,27427_C|T,27769_C|T,28048_G|A,28330_A|G,28854_C|T,28910_A|T,11288_11296,26158_26161,28271
USA/MA-CDC-STM-000735436/2021	XB	241_C|T,1255_A|G,1758_C|T,3037_C|T,3261_C|T,3688_C|T,3884_C|T,6633_C|T,7142_A|G,7196_A|G,9614_A|G,9693_C|T,9754_A|C,14408_C|T,15026_C|T,15451_G|A,16466_C|T,20402_C|T,21057_C|T,21615_T|G,21618_C|T,21846_C|T,22036_A|C,22882_T|A,23403_A|G,23604_C|A,23625_C|T,23638_C|T,23765_T|G,24378_C|T,24406_T|G,24442_C|T,24642_C|T,26222_C|T,27170_T|C,27389_C|T,27623_T|C,27769_C|T,28048_G|A,28330_A|G,28854_C|T,28910_A|T,11288_11296,26158_26161,28271
USA/MA-CDCBI-CRSP_22QFPQUVRWG2TSCV/2021	XB	241_C|T,347_G|A,1255_A|G,3037_C|T,3688_C|T,3884_C|T,6633_C|T,7142_A|G,9614_A|G,9693_C|T,9754_A|C,9857_C|T,14408_C|T,15026_C|T,15451_G|A,15531_T|C,16466_C|T,18395_C|T,21057_C|T,21615_T|G,21846_C|T,22036_A|C,22882_T|A,23403_A|G,23436_A|T,23604_C|A,23625_C|T,23638_C|T,23765_T|G,24378_C|T,24442_C|T,24642_C|T,26222_C|T,26822_C|T,27389_C|T,27769_C|T,27972_C|T,28048_G|A,28330_A|G,28854_C|T,28910_A|T,11288_11296,26158_26161,28271
USA/MA-CDCBI-CRSP_TNTUDMIHTNL274TG/2021	XB	241_C|T,1255_A|G,1758_C|T,3037_C|T,3261_C|T,3688_C|T,3884_C|T,6633_C|T,7142_A|G,7196_A|G,9614_A|G,9693_C|T,9754_A|C,14408_C|T,15026_C|T,15451_G|A,16466_C|T,20402_C|T,21057_C|T,21615_T|G,21618_C|T,21846_C|T,22036_A|C,22882_T|A,23403_A|G,23604_C|A,23625_C|T,23638_C|T,23765_T|G,24378_C|T,24406_T|G,24442_C|T,24642_C|T,26222_C|T,27389_C|T,27623_T|C,27769_C|T,28048_G|A,28330_A|G,28854_C|T,28910_A|T,11288_11296,26158_26161,28271
USA/MA-CDCBI-CRSP_XMQON336JMVGB3I3/2021	XB	241_C|T,1255_A|G,2937_C|T,3037_C|T,3688_C|T,3884_C|T,6633_C|T,7142_A|G,9614_A|G,9693_C|T,9754_A|C,12591_T|C,14408_C|T,15026_C|T,15451_G|A,16466_C|T,17766_C|T,21057_C|T,21615_T|G,21846_C|T,22036_A|C,22088_C|T,22498_C|T,22882_T|A,23403_A|G,23604_C|A,23625_C|T,23638_C|T,23765_T|G,24442_C|T,24642_C|T,25513_C|T,26222_C|T,27389_C|T,27427_C|T,27769_C|T,28048_G|A,28330_A|G,28854_C|T,28910_A|T,11288_11296,26158_26161,28271
USA/MA-MASPHL-03970/2021	XB	241_C|T,1255_A|G,3037_C|T,3688_C|T,3884_C|T,6633_C|T,7142_A|G,9614_A|G,9693_C|T,9754_A|C,12591_T|C,14408_C|T,15026_C|T,15451_G|A,16466_C|T,20703_C|T,21057_C|T,21615_T|G,21846_C|T,22036_A|C,22468_G|A,22498_C|T,22882_T|A,23403_A|G,23604_C|A,23625_C|T,23638_C|T,23765_T|G,24442_C|T,24642_C|T,25513_C|T,26222_C|T,27389_C|T,27427_C|T,27769_C|T,28048_G|A,28330_A|G,28854_C|T,28910_A|T,11288_11296,26158_26161,28271
USA/MA-MASPHL-04199/2021	XB	241_C|T,1255_A|G,1758_C|T,3037_C|T,3261_C|T,3688_C|T,3884_C|T,6633_C|T,7142_A|G,9614_A|G,9693_C|T,9754_A|C,14408_C|T,15026_C|T,15451_G|A,16466_C|T,20402_C|T,21057_C|T,21615_T|G,21618_C|T,21846_C|T,22036_A|C,22882_T|A,23403_A|G,23604_C|A,23625_C|T,23638_C|T,23765_T|G,24378_C|T,24406_T|G,24442_C|T,24642_C|T,26222_C|T,27389_C|T,27769_C|T,28048_G|A,28330_A|G,28854_C|T,28910_A|T,11288_11296,26158_26161,28271
USA/MD-CDC-ASC210058843/2021	XB	241_C|T,1255_A|G,3037_C|T,3688_C|T,3884_C|T,6633_C|T,7142_A|G,9614_A|G,9693_C|T,9754_A|C,12591_T|C,14408_C|T,15026_C|T,15451_G|A,16466_C|T,21057_C|T,21615_T|G,21846_C|T,22036_A|C,22498_C|T,23403_A|G,23604_C|A,23625_C|T,23638_C|T,23765_T|G,24442_C|T,24642_C|T,25513_C|T,26222_C|T,27389_C|T,27427_C|T,27769_C|T,28048_G|A,28330_A|G,28854_C|T,28910_A|T,11288_11296,26158_26161,28271
USA/MD-CDC-LC0062318/2021	XB	241_C|T,1255_A|G,3037_C|T,3688_C|T,3884_C|T,6633_C|T,7142_A|G,9614_A|G,9693_C|T,9754_A|C,14408_C|T,15026_C|T,15451_G|A,16466_C|T,21057_C|T,21615_T|G,21846_C|T,22036_A|C,22882_T|A,23403_A|G,23604_C|A,23625_C|T,23638_C|T,23765_T|G,24442_C|T,24642_C|T,26222_C|T,27389_C|T,27769_C|T,28048_G|A,28330_A|G,28854_C|T,28910_A|T,11288_11296,26158_26161,28271
USA/MD-CDC-LC0067092/2021	XB	241_C|T,1255_A|G,3037_C|T,3688_C|T,3884_C|T,4684_T|C,6633_C|T,7142_A|G,7420_C|T,9614_A|G,9693_C|T,9754_A|C,14408_C|T,15026_C|T,15451_G|A,15455_C|T,16466_C|T,21057_C|T,21615_T|G,21846_C|T,22036_A|C,22224_C|T,22882_T|A,23403_A|G,23596_T|C,23604_C|A,23625_C|T,23638_C|T,23765_T|G,24442_C|T,24642_C|T,25406_T|C,26222_C|T,27297_C|T,27389_C|T,27769_C|T,28045_C|T,28048_G|A,28330_A|G,28854_C|T,28910_A|T,11288_11296,26158_26161,28271
USA/MI-CDC-QDX24758365/2021	XB	241_C|T,1255_A|G,3037_C|T,3688_C|T,3884_C|T,6633_C|T,7142_A|G,9614_A|G,9693_C|T,9754_A|C,14408_C|T,15026_C|T,15451_G|A,16466_C|T,21057_C|T,21615_T|G,21846_C|T,22036_A|C,22882_T|A,23403_A|G,23604_C|A,23625_C|T,23638_C|T,23765_T|G,24378_C|T,24406_T|G,24442_C|T,24642_C|T,26222_C|T,27389_C|T,27769_C|T,28048_G|A,28330_A|G,28854_C|T,28910_A|T,11288_11296,26158_26161,28271
USA/MN-CDC-IBX616562043185/2021	XB	241_C|T,1255_A|G,3037_C|T,3688_C|T,3884_C|T,6633_C|T,7142_A|G,9614_A|G,9693_C|T,9754_A|C,12318_C|T,12591_T|C,14408_C|T,15026_C|T,15451_G|A,16466_C|T,21057_C|T,21615_T|G,21846_C|T,22036_A|C,22498_C|T,22882_T|A,23403_A|G,23604_C|A,23625_C|T,23638_C|T,23765_T|G,24442_C|T,24642_C|T,25513_C|T,26222_C|T,26310_T|A,27389_C|T,27427_C|T,27769_C|T,28048_G|A,28330_A|G,28854_C|T,28910_A|T,11288_11296,26158_26161,28271
USA/MN-CDC-IBX745143217805/2021	XB	241_C|T,1255_A|G,3037_C|T,3688_C|T,3884_C|T,6633_C|T,7142_A|G,9614_A|G,9693_C|T,9754_A|C,12318_C|T,12591_T|C,14408_C|T,15026_C|T,15451_G|A,16466_C|T,21057_C|T,21615_T|G,21846_C|T,22036_A|C,22498_C|T,22882_T|A,23403_A|G,23604_C|A,23625_C|T,23638_C|T,23765_T|G,24442_C|T,24642_C|T,25513_C|T,26222_C|T,26310_T|A,27389_C|T,27427_C|T,27769_C|T,28048_G|A,28330_A|G,28854_C|T,28910_A|T,11288_11296,26158_26161,28271
USA/MN-MDH-8236/2021	XB	176_C|T,241_C|T,1419_C|T,3037_C|T,3688_C|T,3884_C|T,4378_T|C,6633_C|T,6717_G|T,7142_A|G,8480_C|T,9614_A|G,9693_C|T,9754_A|C,12417_A|G,14408_C|T,15451_G|A,16466_C|T,17403_C|T,19032_C|T,20987_C|T,21057_C|T,21615_T|G,21846_C|T,22036_A|C,22882_T|A,23403_A|G,23604_C|A,23625_C|T,23765_T|G,24422_C|A,24442_C|T,24642_C|T,26222_C|T,26427_T|C,27389_C|T,27679_C|T,27769_C|T,27870_G|T,28048_G|A,28330_A|G,28854_C|T,28910_A|T,29543_G|T,11288_11296,26158_26161,28271
USA/MN-MDH-8352/2021	XB	241_C|T,517_T|C,3037_C|T,3688_C|T,3884_C|T,6633_C|T,7009_T|A,7142_A|G,9614_A|G,9693_C|T,9754_A|C,11925_T|C,14408_C|T,15451_G|A,16466_C|T,17850_C|T,19164_C|T,20762_C|T,21057_C|T,21615_T|G,21646_C|T,21846_C|T,22036_A|C,22882_T|A,23403_A|G,23476_A|C,23604_C|A,23625_C|T,23765_T|G,24442_C|T,24642_C|T,25056_A|G,26222_C|T,27389_C|T,27769_C|T,27892_A|G,28048_G|A,28330_A|G,28854_C|T,28910_A|T,29614_C|T,11288_11296,26158_26161,28271
USA/MN-MDH-8468/2021	XB	241_C|T,1255_A|G,3037_C|T,3688_C|T,3884_C|T,6310_C|T,6633_C|T,7142_A|G,9614_A|G,9652_G|T,9693_C|T,9754_A|C,12591_T|C,14408_C|T,15026_C|T,15451_G|A,16466_C|T,17733_C|T,19367_C|T,21057_C|T,21615_T|G,21846_C|T,22036_A|C,22498_C|T,22882_T|A,23403_A|G,23604_C|A,23625_C|T,23638_C|T,23765_T|G,24442_C|T,24642_C|T,25513_C|T,26222_C|T,26310_T|A,27389_C|T,27427_C|T,27769_C|T,28048_G|A,28330_A|G,28854_C|T,28910_A|T,29803_C|A,11288_11296,26158_26161,28271
USA/MN-MDH-8894/2021	XB	241_C|T,1902_C|T,3037_C|T,3688_C|T,3884_C|T,6633_C|T,6843_C|T,7142_A|G,9614_A|G,9693_C|T,9754_A|C,13510_A|G,14408_C|T,15451_G|A,16466_C|T,19085_A|G,21057_C|T,21615_T|G,21846_C|T,22036_A|C,22654_T|C,22882_T|A,23403_A|G,23604_C|A,23625_C|T,23765_T|G,24442_C|T,24642_C|T,25637_A|G,25942_T|C,26222_C|T,27389_C|T,27535_C|A,27769_C|T,27892_A|G,28048_G|A,28330_A|G,28854_C|T,28910_A|T,11288_11296,26158_26161,27694_27697,28271
USA/MO-CDC-QDX26177827/2021	XB	241_C|T,1255_A|G,3037_C|T,3688_C|T,3884_C|T,6633_C|T,7142_A|G,9370_T|C,9614_A|G,9693_C|T,9745_C|T,9754_A|C,12591_T|C,12940_G|T,14408_C|T,14741_C|T,15026_C|T,15451_G|A,16466_C|T,21057_C|T,21137_A|G,21615_T|G,21846_C|T,22036_A|C,22498_C|T,22882_T|A,23403_A|G,23604_C|A,23625_C|T,23638_C|T,23765_T|G,24442_C|T,24642_C|T,25513_C|T,26222_C|T,26310_T|A,27389_C|T,27427_C|T,27769_C|T,28048_G|A,28330_A|G,28854_C|T,28910_A|T,11288_11296,26158_26161,28271
USA/MO-CDC-QDX26574255/2021	XB	241_C|T,1255_A|G,3037_C|T,3688_C|T,3884_C|T,5654_C|T,6633_C|T,7142_A|G,7224_C|T,8449_A|G,9614_A|G,9693_C|T,9754_A|C,12591_T|C,13715_A|G,14408_C|T,15026_C|T,15451_G|A,16466_C|T,21057_C|T,21615_T|G,21846_C|T,22036_A|C,22498_C|T,22882_T|A,23403_A|G,23604_C|A,23625_C|T,23638_C|T,23765_T|G,24442_C|T,24642_C|T,25179_A|T,25513_C|T,25526_G|T,26222_C|T,27214_G|T,27389_C|T,27427_C|T,27769_C|T,28048_G|A,28330_A|G,28854_C|T,28910_A|T,11288_11296,26158_26161,28271
USA/MS-CDC-LC0054982/2021	XB	241_C|T,1255_A|G,3037_C|T,3688_C|T,3884_C|T,6633_C|T,7142_A|G,9614_A|G,9693_C|T,9754_A|C,14408_C|T,15026_C|T,15451_G|A,16466_C|T,21057_C|T,21615_T|G,21846_C|T,22036_A|C,22882_T|A,23403_A|G,23604_C|A,23625_C|T,23638_C|T,23765_T|G,24442_C|T,24642_C|T,26222_C|T,27389_C|T,27769_C|T,28048_G|A,28330_A|G,28854_C|T,28910_A|T,11288_11296,26158_26161,28271
USA/MS-CDC-LC0123126/2021	XB	241_C|T,1255_A|G,3037_C|T,3688_C|T,3884_C|T,6633_C|T,7142_A|G,9614_A|G,9693_C|T,9754_A|C,11343_T|C,14408_C|T,15026_C|T,15451_G|A,16466_C|T,21057_C|T,21615_T|G,21846_C|T,22036_A|C,22882_T|A,23403_A|G,23604_C|A,23625_C|T,23638_C|T,23765_T|G,24378_C|T,24442_C|T,24642_C|T,26222_C|T,27389_C|T,27769_C|T,28048_G|A,28326_G|T,28330_A|G,28854_C|T,28910_A|T,29085_C|T,11288_11296,26158_26161,28271
USA/NC-CDC-ASC210032151/2021	XB	241_C|T,1163_A|C,1255_A|G,2701_C|T,3037_C|T,3688_C|T,3884_C|T,6633_C|T,7142_A|G,9614_A|G,9693_C|T,9754_A|C,14408_C|T,15026_C|T,15451_G|A,16466_C|T,21057_C|T,21615_T|G,21691_C|T,21846_C|T,22036_A|C,22882_T|A,23403_A|G,23604_C|A,23625_C|T,23638_C|T,23765_T|G,24442_C|T,24642_C|T,26222_C|T,27389_C|T,27769_C|T,28045_C|T,28048_G|A,28330_A|G,28854_C|T,28910_A|T,11288_11296,26158_26161,28271
USA/NC-CDC-LC0057176/2021	XB	241_C|T,1255_A|G,3037_C|T,3161_T|C,3688_C|T,3884_C|T,6633_C|T,7142_A|G,9600_T|G,9614_A|G,9693_C|T,9754_A|C,10138_C|T,12591_T|C,14408_C|T,14980_C|T,15026_C|T,15451_G|A,16466_C|T,21057_C|T,21615_T|G,21846_C|T,22036_A|C,22498_C|T,22882_T|A,23143_T|C,23403_A|G,23604_C|A,23625_C|T,23638_C|T,23765_T|G,23811_G|T,24442_C|T,24642_C|T,25513_C|T,26222_C|T,26310_T|A,27389_C|T,27427_C|T,27769_C|T,28048_G|A,28330_A|G,28854_C|T,28910_A|T,11288_11296,26158_26161,28271
USA/NC-CDC-LC0058273/2021	XB	241_C|T,1255_A|G,3037_C|T,3161_T|C,3688_C|T,3884_C|T,6633_C|T,7142_A|G,9600_T|G,9614_A|G,9693_C|T,9754_A|C,10138_C|T,12591_T|C,14408_C|T,14980_C|T,15026_C|T,15451_G|A,16466_C|T,21057_C|T,21615_T|G,21846_C|T,22036_A|C,22498_C|T,22882_T|A,23143_T|C,23403_A|G,23604_C|A,23625_C|T,23638_C|T,23765_T|G,23811_G|T,24442_C|T,24642_C|T,25513_C|T,26222_C|T,26310_T|A,27389_C|T,27427_C|T,27769_C|T,28048_G|A,28330_A|G,28854_C|T,28910_A|T,11288_11296,26158_26161,28271
USA/NC-CDC-LC0064244/2021	XB	241_C|T,1255_A|G,3037_C|T,3688_C|T,3884_C|T,4092_T|G,6954_T|C,7888_A|G,9614_A|G,9693_C|T,9754_A|C,12591_T|C,14408_C|T,15026_C|T,15451_G|A,16466_C|T,21057_C|T,21615_T|G,21846_C|T,22036_A|C,22882_T|A,23403_A|G,23604_C|A,23625_C|T,23638_C|T,23765_T|G,24442_C|T,24642_C|T,25513_C|T,26222_C|T,26310_T|A,27389_C|T,27427_C|T,27769_C|T,28048_G|A,28330_A|G,28854_C|T,28910_A|T,11288_11296,26158_26161,28271
USA/NC-CDC-LC0100748/2021	XB	241_C|T,367_C|T,1255_A|G,1758_C|T,3037_C|T,3688_C|T,3884_C|T,6013_A|G,6449_C|T,6633_C|T,7142_A|G,7513_T|C,9614_A|G,9693_C|T,9754_A|C,11521_G|T,14408_C|T,15026_C|T,15451_G|A,16466_C|T,21057_C|T,21615_T|G,21618_C|T,21846_C|T,22036_A|C,22882_T|A,23403_A|G,23604_C|A,23625_C|T,23638_C|T,23765_T|G,24378_C|T,24406_T|G,24442_C|T,24642_C|T,26222_C|T,27389_C|T,27769_C|T,28048_G|A,28330_A|G,28854_C|T,28910_A|T,11288_11296,26158_26161,28271
USA/NC-CDC-LC0100778/2021	XB	241_C|T,367_C|T,1255_A|G,1758_C|T,3037_C|T,3688_C|T,3884_C|T,6013_A|G,6449_C|T,6633_C|T,7142_A|G,7513_T|C,9614_A|G,9693_C|T,9754_A|C,11521_G|T,14408_C|T,15026_C|T,15451_G|A,16466_C|T,21057_C|T,21615_T|G,21618_C|T,21846_C|T,22036_A|C,22882_T|A,23403_A|G,23604_C|A,23625_C|T,23638_C|T,23765_T|G,24378_C|T,24406_T|G,24442_C|T,24642_C|T,26222_C|T,27389_C|T,27769_C|T,28048_G|A,28330_A|G,28854_C|T,28910_A|T,11288_11296,26158_26161,28271
USA/NC-CDC-LC0100854/2021	XB	241_C|T,367_C|T,1255_A|G,1758_C|T,3037_C|T,3688_C|T,3884_C|T,6013_A|G,6449_C|T,6633_C|T,7142_A|G,7513_T|C,9614_A|G,9693_C|T,9754_A|C,11521_G|T,14408_C|T,15026_C|T,15451_G|A,16466_C|T,21057_C|T,21615_T|G,21618_C|T,21846_C|T,22036_A|C,22882_T|A,23403_A|G,23604_C|A,23625_C|T,23638_C|T,23765_T|G,24378_C|T,24406_T|G,24442_C|T,24642_C|T,26222_C|T,27389_C|T,27769_C|T,28048_G|A,28330_A|G,28854_C|T,28910_A|T,11288_11296,26158_26161,28271
USA/NC-CDC-LC0125095/2021	XB	241_C|T,367_C|T,1255_A|G,1758_C|T,3037_C|T,3688_C|T,3884_C|T,6013_A|G,6449_C|T,6633_C|T,7142_A|G,7513_T|C,9614_A|G,9693_C|T,9754_A|C,11521_G|T,14408_C|T,15026_C|T,15451_G|A,16466_C|T,21057_C|T,21615_T|G,21618_C|T,21846_C|T,22036_A|C,22882_T|A,23403_A|G,23604_C|A,23625_C|T,23638_C|T,23765_T|G,24378_C|T,24406_T|G,24442_C|T,24642_C|T,26222_C|T,27389_C|T,27769_C|T,28048_G|A,28330_A|G,28854_C|T,28910_A|T,11288_11296,26158_26161,28271
USA/NC-CDC-LC0129493/2021	XB	241_C|T,1255_A|G,3037_C|T,3688_C|T,3802_T|A,3884_C|T,6633_C|T,7142_A|G,9614_A|G,9693_C|T,9754_A|C,12591_T|C,14408_C|T,15026_C|T,15451_G|A,16466_C|T,21057_C|T,21301_C|A,21615_T|G,21846_C|T,22036_A|C,22498_C|T,22882_T|A,23403_A|G,23604_C|A,23625_C|T,23638_C|T,23765_T|G,24442_C|T,24642_C|T,25513_C|T,26222_C|T,27389_C|T,27427_C|T,27769_C|T,28048_G|A,28330_A|G,28854_C|T,28910_A|T,11288_11296,26158_26161,28271
USA/NC-CDC-LC0140402/2021	XB	241_C|T,3037_C|T,3688_C|T,3884_C|T,4720_G|T,6633_C|T,7142_A|G,7267_C|T,9614_A|G,9693_C|T,9754_A|C,12224_G|A,14408_C|T,15451_G|A,16466_C|T,16474_A|G,16485_G|A,16887_C|T,18185_T|C,21057_C|T,21615_T|G,21846_C|T,22036_A|C,22882_T|A,23403_A|G,23604_C|A,23625_C|T,23765_T|G,24199_G|A,24442_C|T,24642_C|T,26222_C|T,26771_A|G,27389_C|T,27561_G|T,27769_C|T,28048_G|A,28330_A|G,28854_C|T,28910_A|T,11288_11296,26158_26161,28271
USA/NC-CDC-LC0143243/2021	XB	241_C|T,3037_C|T,3688_C|T,3884_C|T,6633_C|T,7142_A|G,9614_A|G,9693_C|T,9754_A|C,14408_C|T,15451_G|A,16466_C|T,19085_A|G,21057_C|T,21615_T|G,21658_C|T,21846_C|T,22036_A|C,22882_T|A,23403_A|G,23604_C|A,23625_C|T,23765_T|G,24442_C|T,24642_C|T,25942_T|C,26222_C|T,27389_C|T,27769_C|T,27892_A|G,28048_G|A,28330_A|G,28854_C|T,28910_A|T,29296_C|T,11288_11296,26158_26161,27694_27697,28271
USA/NC-CDC-LC0157640/2021	XB	241_C|T,829_C|T,1419_C|T,3037_C|T,3688_C|T,3884_C|T,6633_C|T,6717_G|T,7142_A|G,8480_C|T,9614_A|G,9693_C|T,9754_A|C,13011_C|T,14408_C|T,15451_G|A,16466_C|T,17403_C|T,19117_G|T,20987_C|T,21057_C|T,21615_T|G,21846_C|T,22036_A|C,22882_T|A,23403_A|G,23604_C|A,23625_C|T,23765_T|G,24442_C|T,24642_C|T,26222_C|T,27389_C|T,27769_C|T,28048_G|A,28330_A|G,28854_C|T,28910_A|T,29543_G|T,29742_G|T,11288_11296,26158_26161,28271
USA/NC-CDC-LC0157725/2021	XB	241_C|T,3037_C|T,3688_C|T,3884_C|T,6633_C|T,7142_A|G,9614_A|G,9693_C|T,9754_A|C,12357_C|T,14408_C|T,15406_G|T,15451_G|A,16466_C|T,19085_A|G,21057_C|T,21615_T|G,21658_C|T,21846_C|T,22036_A|C,22882_T|A,23403_A|G,23604_C|A,23625_C|T,23765_T|G,24442_C|T,24642_C|T,25942_T|C,26222_C|T,27389_C|T,27769_C|T,27892_A|G,28048_G|A,28330_A|G,28854_C|T,28910_A|T,29296_C|T,29527_G|T,29666_C|T,11288_11296,26158_26161,27694_27697,28271
USA/NC-CDC-LC0174042/2021	XB	241_C|T,829_C|T,1419_C|T,3037_C|T,3688_C|T,3884_C|T,6633_C|T,6717_G|T,7142_A|G,8367_C|T,8480_C|T,9614_A|G,9693_C|T,9754_A|C,13011_C|T,14408_C|T,15451_G|A,16466_C|T,17403_C|T,19117_G|T,20987_C|T,21057_C|T,21615_T|G,21846_C|T,22036_A|C,22882_T|A,23403_A|G,23604_C|A,23625_C|T,23765_T|G,24442_C|T,24642_C|T,25452_C|T,25690_G|T,26222_C|T,27389_C|T,27769_C|T,28048_G|A,28330_A|G,28854_C|T,28910_A|T,29543_G|T,29742_G|T,11288_11296,26158_26161,28271
USA/NC-CDC-LC0179426/2021	XB	241_C|T,1255_A|G,3037_C|T,3688_C|T,3884_C|T,5239_C|T,6633_C|T,7142_A|G,9614_A|G,9693_C|T,9754_A|C,12591_T|C,14408_C|T,15026_C|T,15451_G|A,16466_C|T,17676_C|T,21057_C|T,21615_T|G,21846_C|T,22036_A|C,22498_C|T,22882_T|A,23403_A|G,23604_C|A,23625_C|T,23638_C|T,23765_T|G,24442_C|T,24642_C|T,25513_C|T,26222_C|T,27389_C|T,27427_C|T,27769_C|T,28048_G|A,28330_A|G,28854_C|T,28910_A|T,11288_11296,26158_26161,28271
USA/NC-CDC-MMB09258602/2021	XB	241_C|T,1255_A|G,1758_C|T,3037_C|T,3688_C|T,6633_C|T,7142_A|G,9614_A|G,9693_C|T,9754_A|C,14408_C|T,15026_C|T,15451_G|A,16466_C|T,21057_C|T,21615_T|G,21618_C|T,21811_C|T,21846_C|T,22036_A|C,22882_T|A,23403_A|G,23604_C|A,23625_C|T,23638_C|T,23765_T|G,24378_C|T,24406_T|G,24442_C|T,24642_C|T,26222_C|T,27389_C|T,27769_C|T,28048_G|A,28330_A|G,28854_C|T,28910_A|T,29500_A|C,11288_11296,26158_26161,28271
USA/NE-CDC-ASC210161285/2021	XB	241_C|T,1255_A|G,3037_C|T,3688_C|T,3884_C|T,6633_C|T,7142_A|G,9042_C|T,9313_A|G,9614_A|G,9693_C|T,9754_A|C,12591_T|C,12786_C|T,14408_C|T,15026_C|T,15451_G|A,16466_C|T,21057_C|T,21137_A|G,21615_T|G,21846_C|T,22036_A|C,22498_C|T,22882_T|A,23403_A|G,23604_C|A,23625_C|T,23638_C|T,23765_T|G,24442_C|T,24642_C|T,25513_C|T,26222_C|T,27389_C|T,27427_C|T,27769_C|T,28048_G|A,28330_A|G,28854_C|T,28910_A|T,11288_11296,26158_26161,27578_27623,28271
USA/NH-CDC-LC0132061/2021	XB	241_C|T,1255_A|G,1758_C|T,1820_G|A,3037_C|T,3688_C|T,3884_C|T,6633_C|T,7142_A|G,9614_A|G,9693_C|T,9754_A|C,14408_C|T,15026_C|T,15451_G|A,16466_C|T,19269_C|T,20402_C|T,21057_C|T,21615_T|G,21618_C|T,21846_C|T,22036_A|C,22882_T|A,23403_A|G,23604_C|A,23625_C|T,23638_C|T,23765_T|G,24378_C|T,24406_T|G,24442_C|T,24642_C|T,26222_C|T,27389_C|T,27769_C|T,28048_G|A,28330_A|G,28854_C|T,28910_A|T,29721_C|T,11288_11296,26158_26161,28271
USA/NJ-CDC-ASC210235613/2021	XB	241_C|T,1255_A|G,1758_C|T,3037_C|T,3688_C|T,3884_C|T,6633_C|T,7142_A|G,9614_A|G,9693_C|T,9754_A|C,14408_C|T,15026_C|T,15451_G|A,16466_C|T,20402_C|T,21057_C|T,21615_T|G,21618_C|T,21846_C|T,22036_A|C,22882_T|A,23403_A|G,23450_A|G,23604_C|A,23625_C|T,23638_C|T,23765_T|G,24231_C|T,24378_C|T,24406_T|G,24442_C|T,24642_C|T,26222_C|T,27389_C|T,27769_C|T,28048_G|A,28330_A|G,28854_C|T,28910_A|T,11288_11296,26158_26161,28271
USA/NJ-CDC-FG-041245/2021	XB	241_C|T,3037_C|T,3688_C|T,3884_C|T,6633_C|T,7142_A|G,9142_C|T,9364_A|G,9614_A|G,9693_C|T,9754_A|C,11546_A|G,13887_C|T,14408_C|T,15451_G|A,15746_C|T,16466_C|T,21057_C|T,21145_C|T,21303_A|G,21615_T|G,21846_C|T,22036_A|C,22882_T|A,23403_A|G,23604_C|A,23625_C|T,23673_C|T,23765_T|G,24442_C|T,24642_C|T,25782_C|T,26222_C|T,27389_C|T,27769_C|T,27892_A|G,28048_G|A,28198_G|C,28330_A|G,28854_C|T,28910_A|T,11288_11296,26158_26161,28271
USA/NJ-CDC-IBX532149343469/2021	XB	241_C|T,1255_A|G,3037_C|T,3688_C|T,3884_C|T,6633_C|T,7142_A|G,9614_A|G,9693_C|T,9754_A|C,14408_C|T,15026_C|T,15451_G|A,16466_C|T,21057_C|T,21615_T|G,21846_C|T,22036_A|C,22882_T|A,23403_A|G,23604_C|A,23625_C|T,23638_C|T,23765_T|G,24442_C|T,24642_C|T,26222_C|T,27389_C|T,27769_C|T,28048_G|A,28330_A|G,28854_C|T,28910_A|T,11288_11296,26158_26161,28271
USA/NJ-CDC-IBX555818198229/2021	XB	241_C|T,1255_A|G,3037_C|T,3688_C|T,3884_C|T,6633_C|T,7142_A|G,9614_A|G,9693_C|T,9754_A|C,14408_C|T,15026_C|T,15451_G|A,16466_C|T,21057_C|T,21615_T|G,21846_C|T,22036_A|C,23403_A|G,23604_C|A,23625_C|T,23638_C|T,23765_T|G,24442_C|T,24642_C|T,26222_C|T,27389_C|T,27769_C|T,28048_G|A,28330_A|G,28854_C|T,28910_A|T,11288_11296,26158_26161,28271
USA/NJ-CDC-LC0051755/2021	XB	241_C|T,1255_A|G,3037_C|T,3688_C|T,3884_C|T,6633_C|T,7142_A|G,9614_A|G,9693_C|T,9754_A|C,14408_C|T,15026_C|T,15451_G|A,16466_C|T,21057_C|T,21615_T|G,21846_C|T,22036_A|C,22882_T|A,23403_A|G,23604_C|A,23625_C|T,23638_C|T,23765_T|G,24442_C|T,26222_C|T,27389_C|T,27769_C|T,28048_G|A,28330_A|G,28854_C|T,28910_A|T,11288_11296,26158_26161,28271
USA/NJ-CDC-LC0062102/2021	XB	241_C|T,1255_A|G,3037_C|T,3688_C|T,3884_C|T,6633_C|T,7142_A|G,9614_A|G,9693_C|T,9754_A|C,10039_C|T,13115_C|T,14220_C|T,14408_C|T,15026_C|T,15451_G|A,16466_C|T,21057_C|T,21615_T|G,21846_C|T,22036_A|C,22591_C|T,22882_T|A,23403_A|G,23604_C|A,23625_C|T,23638_C|T,23765_T|G,24378_C|T,24406_T|G,24442_C|T,24642_C|T,26222_C|T,27389_C|T,27769_C|T,28048_G|A,28330_A|G,28754_C|T,28854_C|T,28910_A|T,11288_11296,26158_26161,28271
USA/NJ-CDC-LC0066538/2021	XB	241_C|T,527_C|T,1255_A|G,3037_C|T,3688_C|T,3884_C|T,6633_C|T,7142_A|G,9614_A|G,9693_C|T,9754_A|C,10702_C|T,14408_C|T,15026_C|T,15451_G|A,16466_C|T,21057_C|T,21615_T|G,21846_C|T,22036_A|C,22363_G|T,22882_T|A,23170_C|T,23403_A|G,23604_C|A,23625_C|T,23638_C|T,23765_T|G,24442_C|T,24642_C|T,25000_C|T,26222_C|T,27322_T|C,27389_C|T,27752_C|T,27769_C|T,28048_G|A,28330_A|G,28854_C|T,28910_A|T,29210_G|T,509_523,11288_11296,26158_26161,27580_27620,28271
USA/NJ-CDC-LC0067198/2021	XB	1255_A|G,3037_C|T,3688_C|T,3884_C|T,4684_T|C,5203_C|T,6633_C|T,7142_A|G,7420_C|T,9614_A|G,9693_C|T,9754_A|C,14408_C|T,15026_C|T,15451_G|A,16466_C|T,21057_C|T,21615_T|G,21846_C|T,22036_A|C,22882_T|A,23403_A|G,23596_T|C,23604_C|A,23625_C|T,23638_C|T,23765_T|G,24442_C|T,24642_C|T,26222_C|T,27297_C|T,27389_C|T,27769_C|T,28045_C|T,28048_G|A,28330_A|G,28854_C|T,28910_A|T,11288_11296,26158_26161,28271
USA/NJ-CDC-LC0084727/2021	XB	241_C|T,1255_A|G,3037_C|T,3688_C|T,3884_C|T,6633_C|T,7142_A|G,9614_A|G,9693_C|T,9754_A|C,12591_T|C,14408_C|T,15026_C|T,15451_G|A,16466_C|T,20679_G|T,20752_G|T,21057_C|T,21615_T|G,21846_C|T,22036_A|C,22498_C|T,22882_T|A,23403_A|G,23604_C|A,23625_C|T,23638_C|T,23765_T|G,24442_C|T,24642_C|T,25513_C|T,26222_C|T,27389_C|T,27427_C|T,27769_C|T,28048_G|A,28330_A|G,28854_C|T,28910_A|T,11288_11296,26158_26161,28271
USA/NJ-CDC-LC0084764/2021	XB	241_C|T,1255_A|G,3037_C|T,3688_C|T,3884_C|T,6286_C|T,6633_C|T,7142_A|G,9614_A|G,9693_C|T,9754_A|C,12591_T|C,14408_C|T,15026_C|T,15451_G|A,16466_C|T,20679_G|T,20752_G|T,21057_C|T,21615_T|G,21846_C|T,22036_A|C,22498_C|T,22882_T|A,23403_A|G,23604_C|A,23625_C|T,23638_C|T,23765_T|G,24442_C|T,24642_C|T,25513_C|T,26222_C|T,27389_C|T,27427_C|T,27769_C|T,28048_G|A,28330_A|G,28854_C|T,28910_A|T,11288_11296,26158_26161,28271
USA/NJ-CDC-LC0131940/2021	XB	241_C|T,1255_A|G,3037_C|T,3688_C|T,3884_C|T,6633_C|T,6690_C|T,7142_A|G,9614_A|G,9693_C|T,9754_A|C,12591_T|C,14408_C|T,15026_C|T,15451_G|A,15738_C|T,16466_C|T,17288_C|T,21057_C|T,21615_T|G,21846_C|T,22036_A|C,22498_C|T,22882_T|A,23403_A|G,23604_C|A,23625_C|T,23638_C|T,23765_T|G,24442_C|T,24642_C|T,24819_A|G,25513_C|T,26222_C|T,27389_C|T,27427_C|T,27769_C|T,27920_C|T,28048_G|A,28330_A|G,28854_C|T,28910_A|T,11288_11296,26158_26161,28271
USA/NJ-CDC-LC0141047/2021	XB	241_C|T,823_C|T,1255_A|G,3037_C|T,3483_G|T,3688_C|T,3884_C|T,6633_C|T,7142_A|G,9614_A|G,9693_C|T,9754_A|C,12591_T|C,14408_C|T,15026_C|T,15451_G|A,16466_C|T,21057_C|T,21615_T|G,21846_C|T,22036_A|C,22498_C|T,22882_T|A,23403_A|G,23604_C|A,23625_C|T,23638_C|T,23765_T|G,24442_C|T,24642_C|T,25513_C|T,26222_C|T,27389_C|T,27427_C|T,27769_C|T,28048_G|A,28330_A|G,28854_C|T,28910_A|T,29334_A|C,516_518,11288_11296,26158_26161,28271
USA/NJ-CDC-LC0141100/2021	XB	241_C|T,2173_G|T,3037_C|T,3688_C|T,3884_C|T,6633_C|T,6717_G|T,7142_A|G,9614_A|G,9693_C|T,9754_A|C,13712_A|G,14408_C|T,14766_T|C,15451_G|A,16466_C|T,17439_C|T,21057_C|T,21615_T|G,21846_C|T,22036_A|C,22882_T|A,23403_A|G,23604_C|A,23625_C|T,23765_T|G,24319_C|T,24442_C|T,24642_C|T,26222_C|T,27389_C|T,27769_C|T,28048_G|A,28329_G|A,28330_A|G,28432_C|T,28854_C|T,28910_A|T,29543_G|T,11288_11296,26158_26161,28271
USA/NJ-CDC-QDX25847725/2021	XB	241_C|T,518_A|T,1190_C|T,3037_C|T,3688_C|T,3884_C|T,6633_C|T,6717_G|T,7142_A|G,8480_C|T,9614_A|G,9693_C|T,9754_A|C,13620_C|T,14408_C|T,14452_G|A,14724_C|T,15237_C|T,15451_G|A,16466_C|T,20987_C|T,21057_C|T,21615_T|G,21846_C|T,22036_A|C,22882_T|A,23403_A|G,23604_C|A,23609_C|T,23625_C|T,23765_T|G,24442_C|T,24642_C|T,26222_C|T,27389_C|T,27769_C|T,28048_G|A,28330_A|G,28854_C|T,28910_A|T,29543_G|T,11288_11296,26158_26161,28271
USA/NJ-CDC-QDX25890748/2021	XB	241_C|T,518_A|T,1190_C|T,3037_C|T,3688_C|T,3884_C|T,6633_C|T,6717_G|T,7142_A|G,8480_C|T,9614_A|G,9693_C|T,9754_A|C,13620_C|T,14408_C|T,14452_G|A,14724_C|T,15237_C|T,15451_G|A,16466_C|T,20987_C|T,21057_C|T,21615_T|G,21846_C|T,22036_A|C,22882_T|A,23403_A|G,23604_C|A,23609_C|T,23625_C|T,23765_T|G,24442_C|T,24642_C|T,26222_C|T,27389_C|T,27769_C|T,28048_G|A,28330_A|G,28854_C|T,28910_A|T,29543_G|T,11288_11296,26158_26161,28271
USA/NJ-CDC-QDX26343209/2021	XB	241_C|T,518_A|T,1190_C|T,3037_C|T,3688_C|T,3884_C|T,6543_C|T,6633_C|T,6717_G|T,7142_A|G,8480_C|T,9614_A|G,9693_C|T,9754_A|C,13620_C|T,14408_C|T,14452_G|A,14724_C|T,15237_C|T,15451_G|A,16466_C|T,20987_C|T,21057_C|T,21615_T|G,21846_C|T,22036_A|C,22882_T|A,23403_A|G,23523_A|T,23604_C|A,23609_C|T,23625_C|T,23765_T|G,24442_C|T,24642_C|T,26222_C|T,27389_C|T,27769_C|T,28048_G|A,28330_A|G,28854_C|T,28910_A|T,29543_G|T,11288_11296,26158_26161,28271
USA/NJ-CDC-QDX26343210/2021	XB	241_C|T,518_A|T,1190_C|T,3037_C|T,3688_C|T,3884_C|T,6633_C|T,6717_G|T,7142_A|G,8480_C|T,9614_A|G,9693_C|T,9754_A|C,13620_C|T,14408_C|T,14452_G|A,14724_C|T,15237_C|T,15451_G|A,16466_C|T,20987_C|T,21057_C|T,21615_T|G,21846_C|T,22036_A|C,22882_T|A,23403_A|G,23523_A|T,23604_C|A,23609_C|T,23625_C|T,23765_T|G,24442_C|T,24642_C|T,26222_C|T,27389_C|T,27769_C|T,28048_G|A,28330_A|G,28854_C|T,28910_A|T,29543_G|T,11288_11296,26158_26161,28271
USA/NJ-CDC-QDX26343221/2021	XB	241_C|T,518_A|T,1190_C|T,3037_C|T,3688_C|T,3884_C|T,6633_C|T,6717_G|T,7142_A|G,8480_C|T,9614_A|G,9693_C|T,9754_A|C,13620_C|T,14408_C|T,14452_G|A,14724_C|T,15237_C|T,15451_G|A,16466_C|T,18670_G|T,20987_C|T,21057_C|T,21615_T|G,21846_C|T,22036_A|C,22882_T|A,23403_A|G,23523_A|T,23604_C|A,23609_C|T,23625_C|T,23765_T|G,24442_C|T,24642_C|T,26222_C|T,27389_C|T,27769_C|T,28048_G|A,28330_A|G,28854_C|T,28910_A|T,29543_G|T,11288_11296,26158_26161,28271
USA/NJ-NYGC-S-JF-6274-WACT388/2021	XB	241_C|T,3037_C|T,3688_C|T,3884_C|T,6633_C|T,7142_A|G,7735_C|T,9614_A|G,9693_C|T,9754_A|C,12358_A|C,13379_G|A,14408_C|T,14502_A|G,15008_A|G,15451_G|A,16466_C|T,19694_C|T,21057_C|T,21615_T|G,21767_C|T,21846_C|T,22036_A|C,22882_T|A,23403_A|G,23604_C|A,23625_C|T,23765_T|G,24442_C|T,24642_C|T,26222_C|T,27389_C|T,27769_C|T,27892_A|G,28048_G|A,28330_A|G,28854_C|T,28910_A|T,11288_11296,26158_26161,28271
USA/NJ-NYGC-S-PM-6114-VRDO837/2021	XB	241_C|T,518_A|T,1190_C|T,3037_C|T,3688_C|T,3884_C|T,6633_C|T,6717_G|T,7142_A|G,8480_C|T,9614_A|G,9693_C|T,9754_A|C,13249_G|T,14408_C|T,15237_C|T,15451_G|A,15952_C|T,16466_C|T,20987_C|T,21057_C|T,21615_T|G,21846_C|T,22036_A|C,22882_T|A,23403_A|G,23604_C|A,23625_C|T,23765_T|G,24442_C|T,24642_C|T,26222_C|T,27389_C|T,27769_C|T,28048_G|A,28330_A|G,28854_C|T,28910_A|T,29543_G|T,11288_11296,26158_26161,28271
USA/NJ-PHEL-V21006873/2021	XB	241_C|T,518_A|T,1190_C|T,3037_C|T,3688_C|T,3884_C|T,6633_C|T,6717_G|T,7142_A|G,8480_C|T,9614_A|G,9693_C|T,9754_A|C,13620_C|T,14408_C|T,14452_G|A,14724_C|T,15237_C|T,15451_G|A,16466_C|T,20987_C|T,21057_C|T,21615_T|G,21846_C|T,22036_A|C,22882_T|A,23403_A|G,23604_C|A,23609_C|T,23625_C|T,23765_T|G,24442_C|T,24642_C|T,26222_C|T,27389_C|T,27769_C|T,28048_G|A,28330_A|G,28854_C|T,28910_A|T,29543_G|T,11288_11296,26158_26161,28271
USA/NJ-PHEL-V21008271/2021	XB	241_C|T,1519_C|A,3037_C|T,3688_C|T,3884_C|T,4927_C|T,6633_C|T,7142_A|G,9614_A|G,9693_C|T,9754_A|C,14178_C|T,14408_C|T,15451_G|A,16063_C|A,16466_C|T,19085_A|G,19170_C|T,19891_G|T,21057_C|T,21615_T|G,21846_C|T,22036_A|C,22882_T|A,23403_A|G,23604_C|A,23625_C|T,23765_T|G,24062_A|G,24442_C|T,24642_C|T,25942_T|C,26222_C|T,27389_C|T,27769_C|T,27892_A|G,28048_G|A,28330_A|G,28854_C|T,28910_A|T,29670_C|T,29711_G|T,11288_11296,26158_26161,28271
USA/NJ-PHEL-V21008274/2021	XB	241_C|T,2173_G|T,3037_C|T,3688_C|T,3884_C|T,6633_C|T,6717_G|T,7142_A|G,9614_A|G,9693_C|T,9754_A|C,13712_A|G,14408_C|T,14766_T|C,15451_G|A,16466_C|T,17439_C|T,21057_C|T,21615_T|G,21846_C|T,22036_A|C,22882_T|A,23403_A|G,23604_C|A,23625_C|T,23765_T|G,24319_C|T,24442_C|T,24642_C|T,26222_C|T,27389_C|T,27769_C|T,28048_G|A,28329_G|A,28330_A|G,28432_C|T,28854_C|T,28910_A|T,29543_G|T,11288_11296,26158_26161,28271
USA/NM-CDC-LC0104850/2021	XB	241_C|T,2173_G|T,3037_C|T,3688_C|T,3884_C|T,4320_C|T,6633_C|T,6717_G|T,7142_A|G,9614_A|G,9693_C|T,9754_A|C,13176_C|T,14408_C|T,14766_T|C,15451_G|A,16466_C|T,17439_C|T,21057_C|T,21615_T|G,21846_C|T,22036_A|C,22882_T|A,23403_A|G,23604_C|A,23625_C|T,23765_T|G,24319_C|T,24442_C|T,24642_C|T,26222_C|T,27389_C|T,27769_C|T,28048_G|A,28329_G|A,28330_A|G,28432_C|T,28854_C|T,28910_A|T,29543_G|T,11288_11296,26158_26161,28271
USA/NM-CDC-LC0105540/2021	XB	171_C|G,241_C|T,3037_C|T,3261_C|T,3688_C|T,3884_C|T,6633_C|T,7142_A|G,7735_C|T,9614_A|G,9693_C|T,9754_A|C,14408_C|T,15451_G|A,16466_C|T,19694_C|T,21057_C|T,21615_T|G,21846_C|T,22036_A|C,22882_T|A,22975_A|G,23401_G|T,23403_A|G,23604_C|A,23625_C|T,23765_T|G,24442_C|T,24642_C|T,24933_G|T,25827_T|C,26222_C|T,27389_C|T,27769_C|T,27892_A|G,28048_G|A,28330_A|G,28854_C|T,28910_A|T,29218_C|T,11288_11296,26158_26161,28271
USA/NM-CDC-LC0143774/2021	XB	241_C|T,1968_C|T,2173_G|T,3037_C|T,3688_C|T,3884_C|T,4320_C|T,6633_C|T,6717_G|T,7142_A|G,9614_A|G,9693_C|T,9754_A|C,13176_C|T,14408_C|T,14766_T|C,15451_G|A,16466_C|T,17439_C|T,21057_C|T,21615_T|G,21846_C|T,22036_A|C,22882_T|A,23403_A|G,23604_C|A,23625_C|T,23765_T|G,24319_C|T,24442_C|T,24642_C|T,26222_C|T,27389_C|T,27769_C|T,28048_G|A,28329_G|A,28330_A|G,28432_C|T,28854_C|T,28910_A|T,29543_G|T,11288_11296,26158_26161,28271
USA/NM-CDC-LC0145003/2021	XB	241_C|T,1255_A|G,3037_C|T,3688_C|T,3884_C|T,5294_G|A,6633_C|T,7142_A|G,9614_A|G,9693_C|T,9754_A|C,12591_T|C,14408_C|T,15026_C|T,15451_G|A,16466_C|T,21057_C|T,21615_T|G,21846_C|T,22036_A|C,22498_C|T,22882_T|A,23403_A|G,23604_C|A,23625_C|T,23638_C|T,23765_T|G,24442_C|T,24642_C|T,25513_C|T,26222_C|T,27389_C|T,27427_C|T,27769_C|T,28048_G|A,28115_C|T,28330_A|G,28854_C|T,28910_A|T,11288_11296,26158_26161,28271
USA/NM-CDC-LC0145005/2021	XB	241_C|T,1181_G|T,2173_G|T,3037_C|T,3688_C|T,3884_C|T,4320_C|T,6633_C|T,6717_G|T,7142_A|G,9614_A|G,9693_C|T,9754_A|C,13176_C|T,14408_C|T,14766_T|C,15451_G|A,16466_C|T,17439_C|T,21057_C|T,21615_T|G,21846_C|T,22036_A|C,22882_T|A,23403_A|G,23604_C|A,23625_C|T,23765_T|G,24319_C|T,24442_C|T,24642_C|T,26222_C|T,27389_C|T,27769_C|T,28048_G|A,28329_G|A,28330_A|G,28432_C|T,28854_C|T,28910_A|T,29543_G|T,11288_11296,26158_26161,28271
USA/NM-CDC-QDX25392276/2021	XB	241_C|T,1255_A|G,3037_C|T,3688_C|T,3884_C|T,6633_C|T,7142_A|G,9614_A|G,9693_C|T,9754_A|C,12591_T|C,14408_C|T,15026_C|T,15451_G|A,16466_C|T,21057_C|T,21615_T|G,21846_C|T,22036_A|C,22498_C|T,22882_T|A,23403_A|G,23604_C|A,23625_C|T,23638_C|T,23765_T|G,24442_C|T,24642_C|T,25513_C|T,26222_C|T,27389_C|T,27427_C|T,27769_C|T,28048_G|A,28330_A|G,28854_C|T,28910_A|T,11288_11296,26158_26161,28271
USA/NV-CDC-IBX984241652679/2021	XB	174_G|T,241_C|T,1163_A|C,1255_A|G,2701_C|T,3037_C|T,3688_C|T,3884_C|T,5467_C|T,6633_C|T,7142_A|G,7267_C|T,9614_A|G,9693_C|T,9754_A|C,14408_C|T,15026_C|T,15451_G|A,16466_C|T,17208_T|C,21057_C|T,21615_T|G,21691_C|T,21846_C|T,22036_A|C,22882_T|A,23403_A|G,23604_C|A,23625_C|T,23638_C|T,23765_T|G,24442_C|T,24642_C|T,25641_G|T,26222_C|T,27389_C|T,27769_C|T,28045_C|T,28048_G|A,28330_A|G,28854_C|T,28910_A|T,29734_G|T,11288_11296,26158_26161,28271
USA/NV-CDC-LC0067390/2021	XB	241_C|T,1163_A|C,1255_A|G,2701_C|T,3037_C|T,3426_C|T,3688_C|T,3884_C|T,5467_C|T,6633_C|T,7267_C|T,9614_A|G,9693_C|T,9754_A|C,14408_C|T,15026_C|T,15451_G|A,16466_C|T,17208_T|C,21057_C|T,21615_T|G,21691_C|T,21846_C|T,22036_A|C,22882_T|A,23403_A|G,23604_C|A,23625_C|T,23638_C|T,23765_T|G,24442_C|T,24642_C|T,26222_C|T,27389_C|T,27769_C|T,28045_C|T,28048_G|A,28330_A|G,28854_C|T,28910_A|T,11288_11296,26158_26161,28271
USA/NV-CDC-LC0067398/2021	XB	241_C|T,1163_A|C,1255_A|G,2701_C|T,3037_C|T,3688_C|T,3884_C|T,5467_C|T,6633_C|T,7142_A|G,7267_C|T,9614_A|G,9693_C|T,9754_A|C,14408_C|T,15026_C|T,15451_G|A,16466_C|T,17208_T|C,21057_C|T,21615_T|G,21691_C|T,21846_C|T,22036_A|C,22882_T|A,23403_A|G,23604_C|A,23625_C|T,23638_C|T,23765_T|G,24442_C|T,24642_C|T,26222_C|T,27389_C|T,27769_C|T,28045_C|T,28048_G|A,28330_A|G,28854_C|T,28910_A|T,29734_G|T,11288_11296,26158_26161,28271
USA/NV-CDC-LC0067715/2021	XB	241_C|T,1255_A|G,3037_C|T,3688_C|T,3884_C|T,6633_C|T,6679_A|G,7142_A|G,9614_A|G,9693_C|T,9754_A|C,12591_T|C,14408_C|T,15026_C|T,15451_G|A,16466_C|T,21057_C|T,21615_T|G,21846_C|T,22036_A|C,22498_C|T,22882_T|A,23403_A|G,23604_C|A,23625_C|T,23638_C|T,23765_T|G,24442_C|T,24642_C|T,25513_C|T,26222_C|T,27389_C|T,27427_C|T,27769_C|T,28048_G|A,28330_A|G,28854_C|T,28910_A|T,11288_11296,26158_26161,28271
USA/NV-CDC-LC0067938/2021	XB	241_C|T,1255_A|G,3037_C|T,3261_C|T,3341_A|G,3688_C|T,3884_C|T,6028_A|G,6633_C|T,6675_C|T,7142_A|G,9614_A|G,9693_C|T,9754_A|C,14328_A|C,14408_C|T,15026_C|T,15451_G|A,16466_C|T,21057_C|T,21615_T|G,21846_C|T,22036_A|C,22882_T|A,23403_A|G,23604_C|A,23625_C|T,23638_C|T,23765_T|G,24442_C|T,24642_C|T,25440_G|T,26222_C|T,27389_C|T,27769_C|T,28330_A|G,28854_C|T,28910_A|T,11288_11296,26158_26161,28000_28110,28271
USA/NV-CDC-LC0068082/2021	XB	241_C|T,1163_A|C,1255_A|G,2701_C|T,3037_C|T,3688_C|T,3884_C|T,5467_C|T,6633_C|T,7142_A|G,7267_C|T,9614_A|G,9693_C|T,9754_A|C,13864_T|C,14408_C|T,15026_C|T,15451_G|A,16466_C|T,17208_T|C,20430_T|C,21057_C|T,21615_T|G,21691_C|T,21846_C|T,22036_A|C,22882_T|A,23403_A|G,23604_C|A,23625_C|T,23638_C|T,23765_T|G,24442_C|T,24642_C|T,26222_C|T,27389_C|T,27769_C|T,28045_C|T,28048_G|A,28330_A|G,28854_C|T,28910_A|T,29734_G|T,11288_11296,26158_26161,28271
USA/NV-CDC-LC0069078/2021	XB	241_C|T,1163_A|C,1255_A|G,2701_C|T,3037_C|T,3688_C|T,3884_C|T,5467_C|T,6633_C|T,7142_A|G,7267_C|T,9614_A|G,9693_C|T,9754_A|C,14408_C|T,15026_C|T,15451_G|A,16466_C|T,17208_T|C,21057_C|T,21615_T|G,21691_C|T,21846_C|T,22036_A|C,22882_T|A,23403_A|G,23604_C|A,23625_C|T,23638_C|T,23765_T|G,24442_C|T,24642_C|T,26222_C|T,27389_C|T,27769_C|T,28045_C|T,28048_G|A,28330_A|G,28854_C|T,28910_A|T,29734_G|T,11288_11296,26158_26161,28271
USA/NV-CDC-LC0069510/2021	XB	241_C|T,1163_A|C,1255_A|G,2701_C|T,3037_C|T,3688_C|T,3884_C|T,5467_C|T,6633_C|T,7142_A|G,7267_C|T,9614_A|G,9693_C|T,9754_A|C,14408_C|T,15026_C|T,15451_G|A,16466_C|T,17208_T|C,21057_C|T,21615_T|G,21691_C|T,21846_C|T,22036_A|C,22882_T|A,23403_A|G,23604_C|A,23625_C|T,23638_C|T,23765_T|G,24442_C|T,24642_C|T,26222_C|T,27389_C|T,27769_C|T,28045_C|T,28048_G|A,28330_A|G,28854_C|T,28910_A|T,29734_G|T,11288_11296,26158_26161,28271
USA/NV-CDC-LC0070878/2021	XB	241_C|T,1163_A|C,1255_A|G,2701_C|T,3037_C|T,3688_C|T,3884_C|T,5467_C|T,6633_C|T,7142_A|G,7267_C|T,9614_A|G,9693_C|T,9754_A|C,14408_C|T,15026_C|T,15451_G|A,16466_C|T,17208_T|C,21057_C|T,21615_T|G,21691_C|T,21846_C|T,22036_A|C,22882_T|A,23403_A|G,23604_C|A,23625_C|T,23638_C|T,23765_T|G,24442_C|T,24642_C|T,26222_C|T,27389_C|T,27769_C|T,28045_C|T,28048_G|A,28330_A|G,28854_C|T,28910_A|T,29734_G|T,11288_11296,26158_26161,28271
USA/NV-CDC-LC0071049/2021	XB	241_C|T,1163_A|C,1255_A|G,2701_C|T,3037_C|T,3688_C|T,3884_C|T,5467_C|T,6633_C|T,7142_A|G,7267_C|T,9614_A|G,9693_C|T,9754_A|C,14408_C|T,15026_C|T,15451_G|A,16466_C|T,17208_T|C,21057_C|T,21615_T|G,21691_C|T,21846_C|T,22036_A|C,22882_T|A,23403_A|G,23604_C|A,23625_C|T,23638_C|T,23765_T|G,24442_C|T,24642_C|T,26222_C|T,27389_C|T,27769_C|T,28045_C|T,28048_G|A,28330_A|G,28854_C|T,28910_A|T,29734_G|T,11288_11296,26158_26161,28271
USA/NV-CDC-LC0073129/2021	XB	241_C|T,1163_A|C,1255_A|G,2701_C|T,3037_C|T,3688_C|T,3884_C|T,5467_C|T,6633_C|T,7267_C|T,9614_A|G,9693_C|T,9754_A|C,13864_T|C,14408_C|T,15026_C|T,15451_G|A,16466_C|T,17208_T|C,20430_T|C,21057_C|T,21615_T|G,21691_C|T,21846_C|T,22036_A|C,22882_T|A,23403_A|G,23604_C|A,23625_C|T,23638_C|T,23765_T|G,24442_C|T,24642_C|T,26222_C|T,27087_G|T,27389_C|T,27769_C|T,28045_C|T,28048_G|A,28330_A|G,28854_C|T,28910_A|T,29734_G|T,11288_11296,26158_26161,28271
USA/NV-CDC-LC0073592/2021	XB	241_C|T,1163_A|C,1255_A|G,2701_C|T,3037_C|T,3688_C|T,3884_C|T,5467_C|T,6633_C|T,7142_A|G,7267_C|T,9614_A|G,9693_C|T,9754_A|C,13864_T|C,14408_C|T,15026_C|T,15451_G|A,16466_C|T,17208_T|C,20430_T|C,21057_C|T,21615_T|G,21691_C|T,21846_C|T,22036_A|C,22882_T|A,23403_A|G,23604_C|A,23625_C|T,23638_C|T,23765_T|G,24442_C|T,24642_C|T,26222_C|T,27087_G|T,27389_C|T,27769_C|T,28045_C|T,28048_G|A,28330_A|G,28854_C|T,28910_A|T,29734_G|T,11288_11296,26158_26161,28271
USA/NV-CDC-LC0073763/2021	XB	174_G|T,241_C|T,1163_A|C,1255_A|G,2701_C|T,3037_C|T,3688_C|T,3884_C|T,5467_C|T,6633_C|T,7142_A|G,7267_C|T,9614_A|G,9693_C|T,9754_A|C,14408_C|T,15026_C|T,15451_G|A,16466_C|T,17208_T|C,21057_C|T,21615_T|G,21691_C|T,21846_C|T,22036_A|C,22882_T|A,23403_A|G,23604_C|A,23625_C|T,23638_C|T,23765_T|G,24442_C|T,24642_C|T,25485_T|C,26222_C|T,27389_C|T,27769_C|T,28045_C|T,28048_G|A,28330_A|G,28854_C|T,28910_A|T,29734_G|T,11288_11296,26158_26161,28271
USA/NV-CDC-LC0083580/2021	XB	241_C|T,1163_A|C,1255_A|G,2701_C|T,3037_C|T,3688_C|T,3884_C|T,5467_C|T,6633_C|T,7142_A|G,7267_C|T,9614_A|G,9693_C|T,9754_A|C,14408_C|T,15026_C|T,15451_G|A,16466_C|T,17208_T|C,21057_C|T,21615_T|G,21691_C|T,21846_C|T,22036_A|C,22882_T|A,23403_A|G,23604_C|A,23625_C|T,23638_C|T,23765_T|G,24442_C|T,24642_C|T,26222_C|T,27389_C|T,27769_C|T,28045_C|T,28048_G|A,28330_A|G,28854_C|T,28910_A|T,29734_G|T,11288_11296,26158_26161,28271
USA/NV-CDC-LC0085197/2021	XB	241_C|T,1163_A|C,1255_A|G,2701_C|T,3037_C|T,3688_C|T,3884_C|T,5467_C|T,6633_C|T,7142_A|G,7267_C|T,9614_A|G,9693_C|T,9754_A|C,14408_C|T,15026_C|T,15451_G|A,16466_C|T,17208_T|C,21057_C|T,21615_T|G,21691_C|T,21846_C|T,22036_A|C,22882_T|A,23403_A|G,23604_C|A,23625_C|T,23638_C|T,23765_T|G,24442_C|T,24642_C|T,26222_C|T,27389_C|T,27769_C|T,28045_C|T,28048_G|A,28330_A|G,28378_G|T,28854_C|T,28910_A|T,29734_G|T,11288_11296,26158_26161,28271
USA/NV-CDC-LC0091108/2021	XB	241_C|T,1163_A|C,1255_A|G,2701_C|T,3037_C|T,3688_C|T,3884_C|T,5467_C|T,6633_C|T,7142_A|G,7267_C|T,9614_A|G,9693_C|T,9754_A|C,14408_C|T,15026_C|T,15451_G|A,16466_C|T,17208_T|C,21057_C|T,21615_T|G,21691_C|T,21846_C|T,22036_A|C,22882_T|A,23403_A|G,23604_C|A,23625_C|T,23638_C|T,23765_T|G,24442_C|T,24642_C|T,26222_C|T,27389_C|T,27769_C|T,28045_C|T,28048_G|A,28330_A|G,28854_C|T,28910_A|T,29734_G|T,11288_11296,26158_26161,28271
USA/NV-CDC-LC0091109/2021	XB	241_C|T,1163_A|C,1255_A|G,2701_C|T,3037_C|T,3688_C|T,3884_C|T,5467_C|T,6633_C|T,7142_A|G,7267_C|T,9614_A|G,9693_C|T,9754_A|C,14408_C|T,15026_C|T,15451_G|A,16466_C|T,17208_T|C,21057_C|T,21615_T|G,21691_C|T,21846_C|T,22036_A|C,22882_T|A,23403_A|G,23604_C|A,23625_C|T,23638_C|T,23765_T|G,24442_C|T,24642_C|T,26222_C|T,27389_C|T,27769_C|T,28045_C|T,28048_G|A,28330_A|G,28854_C|T,28910_A|T,29734_G|T,11288_11296,26158_26161,28271
USA/NV-CDC-LC0096751/2021	XB	241_C|T,1163_A|C,1255_A|G,2701_C|T,3037_C|T,3688_C|T,3884_C|T,5467_C|T,6633_C|T,7142_A|G,7267_C|T,9614_A|G,9693_C|T,9754_A|C,11212_T|C,13864_T|C,14408_C|T,15026_C|T,15451_G|A,16466_C|T,17208_T|C,21057_C|T,21615_T|G,21691_C|T,21846_C|T,22036_A|C,22882_T|A,23403_A|G,23604_C|A,23625_C|T,23638_C|T,23765_T|G,24442_C|T,24642_C|T,26222_C|T,27389_C|T,27769_C|T,28045_C|T,28048_G|A,28330_A|G,28854_C|T,28910_A|T,29734_G|T,11288_11296,26158_26161,28271
USA/NV-CDC-LC0096753/2021	XB	241_C|T,1163_A|C,1255_A|G,2701_C|T,3037_C|T,3688_C|T,3884_C|T,5467_C|T,6633_C|T,7142_A|G,7267_C|T,9614_A|G,9693_C|T,9754_A|C,13860_C|T,14408_C|T,15026_C|T,15451_G|A,16466_C|T,17208_T|C,21057_C|T,21615_T|G,21691_C|T,21846_C|T,22036_A|C,22882_T|A,23403_A|G,23604_C|A,23625_C|T,23638_C|T,23765_T|G,24442_C|T,24642_C|T,25423_G|C,26222_C|T,27389_C|T,27769_C|T,28045_C|T,28048_G|A,28330_A|G,28378_G|T,28854_C|T,28910_A|T,29734_G|T,11288_11296,26158_26161,28271
USA/NV-CDC-LC0101334/2021	XB	241_C|T,1163_A|C,1255_A|G,1350_A|G,2701_C|T,3037_C|T,3688_C|T,3884_C|T,5467_C|T,6633_C|T,7142_A|G,7267_C|T,9614_A|G,9693_C|T,9754_A|C,14408_C|T,15026_C|T,15451_G|A,16466_C|T,17208_T|C,21057_C|T,21615_T|G,21691_C|T,21846_C|T,22036_A|C,22882_T|A,23403_A|G,23604_C|A,23625_C|T,23638_C|T,23765_T|G,24442_C|T,24642_C|T,25423_G|C,26222_C|T,27389_C|T,27769_C|T,28045_C|T,28048_G|A,28330_A|G,28378_G|T,28854_C|T,28910_A|T,29734_G|T,11288_11296,26158_26161,28271
USA/NV-CDC-LC0101335/2021	XB	241_C|T,1163_A|C,1255_A|G,1350_A|G,2701_C|T,3037_C|T,3688_C|T,3884_C|T,5467_C|T,6633_C|T,7142_A|G,7267_C|T,9614_A|G,9693_C|T,9754_A|C,14408_C|T,15026_C|T,15451_G|A,16466_C|T,17208_T|C,21057_C|T,21615_T|G,21691_C|T,21846_C|T,22036_A|C,22882_T|A,23403_A|G,23604_C|A,23625_C|T,23638_C|T,23765_T|G,24442_C|T,24642_C|T,25423_G|C,26222_C|T,27389_C|T,27769_C|T,28045_C|T,28048_G|A,28330_A|G,28378_G|T,28854_C|T,28910_A|T,29734_G|T,11288_11296,26158_26161,28271
USA/NV-CDC-LC0101357/2021	XB	241_C|T,1163_A|C,1255_A|G,2701_C|T,3037_C|T,3688_C|T,3884_C|T,5467_C|T,6633_C|T,7142_A|G,7267_C|T,9614_A|G,9693_C|T,9754_A|C,10657_A|G,14408_C|T,15026_C|T,15451_G|A,16466_C|T,17208_T|C,21057_C|T,21615_T|G,21638_C|T,21691_C|T,21846_C|T,22036_A|C,22882_T|A,23403_A|G,23604_C|A,23625_C|T,23638_C|T,23765_T|G,24442_C|T,24642_C|T,26222_C|T,27389_C|T,27769_C|T,28045_C|T,28048_G|A,28330_A|G,28854_C|T,28910_A|T,29734_G|T,11288_11296,26158_26161,28271
USA/NV-CDC-LC0102479/2021	XB	241_C|T,1255_A|G,3037_C|T,3688_C|T,3884_C|T,6633_C|T,7142_A|G,7573_C|A,9614_A|G,9693_C|T,9754_A|C,12591_T|C,14408_C|T,15026_C|T,15451_G|A,16466_C|T,18424_A|T,21057_C|T,21615_T|G,21846_C|T,22036_A|C,22498_C|T,22882_T|A,23403_A|G,23604_C|A,23625_C|T,23638_C|T,23765_T|G,24442_C|T,24642_C|T,25513_C|T,26222_C|T,27389_C|T,27427_C|T,27769_C|T,28048_G|A,28330_A|G,28854_C|T,28910_A|T,11288_11296,26158_26161,28271
USA/NV-CDC-LC0105400/2021	XB	241_C|T,1163_A|C,1255_A|G,2701_C|T,3037_C|T,3688_C|T,3884_C|T,5467_C|T,6633_C|T,7142_A|G,7267_C|T,9614_A|G,9693_C|T,9754_A|C,14408_C|T,15026_C|T,15451_G|A,16466_C|T,17208_T|C,21057_C|T,21615_T|G,21691_C|T,21846_C|T,22036_A|C,22882_T|A,23403_A|G,23604_C|A,23625_C|T,23638_C|T,23765_T|G,24442_C|T,24642_C|T,26222_C|T,27389_C|T,27769_C|T,28045_C|T,28048_G|A,28330_A|G,28378_G|T,28854_C|T,28910_A|T,29734_G|T,11288_11296,26158_26161,28271
USA/NV-CDC-LC0126113/2021	XB	241_C|T,1163_A|C,1255_A|G,2701_C|T,3037_C|T,3688_C|T,3884_C|T,5467_C|T,6633_C|T,7142_A|G,7267_C|T,9614_A|G,9693_C|T,9754_A|C,14408_C|T,15026_C|T,15090_A|G,15451_G|A,16466_C|T,17208_T|C,21057_C|T,21615_T|G,21691_C|T,21846_C|T,22036_A|C,22882_T|A,23403_A|G,23604_C|A,23625_C|T,23638_C|T,23765_T|G,24442_C|T,24642_C|T,25423_G|C,26222_C|T,27389_C|T,27769_C|T,28045_C|T,28048_G|A,28330_A|G,28378_G|T,28854_C|T,28910_A|T,29734_G|T,11288_11296,26158_26161,28271
USA/NV-CDC-LC0126114/2021	XB	241_C|T,1163_A|C,1255_A|G,2701_C|T,3037_C|T,3688_C|T,3884_C|T,5467_C|T,6633_C|T,7142_A|G,7267_C|T,9614_A|G,9693_C|T,9754_A|C,14408_C|T,15026_C|T,15451_G|A,16466_C|T,17208_T|C,21057_C|T,21615_T|G,21691_C|T,21846_C|T,22036_A|C,22882_T|A,23403_A|G,23604_C|A,23625_C|T,23638_C|T,23765_T|G,24442_C|T,24642_C|T,26222_C|T,27389_C|T,27769_C|T,28045_C|T,28048_G|A,28330_A|G,28378_G|T,28854_C|T,28910_A|T,29734_G|T,11288_11296,26158_26161,28271
USA/NV-CDC-LC0152913/2021	XB	241_C|T,1163_A|C,1255_A|G,2701_C|T,3037_C|T,3688_C|T,3884_C|T,5467_C|T,6633_C|T,7142_A|G,7267_C|T,9614_A|G,9693_C|T,9754_A|C,14408_C|T,15026_C|T,15451_G|A,16466_C|T,17208_T|C,21057_C|T,21615_T|G,21691_C|T,21846_C|T,22036_A|C,22882_T|A,23403_A|G,23604_C|A,23625_C|T,23638_C|T,23765_T|G,24442_C|T,24642_C|T,25423_G|C,26222_C|T,27389_C|T,27769_C|T,28045_C|T,28048_G|A,28330_A|G,28378_G|T,28854_C|T,28910_A|T,29734_G|T,11288_11296,26158_26161,28271
USA/NV-CDC-LC0153135/2021	XB	241_C|T,1163_A|C,1255_A|G,2701_C|T,3037_C|T,3688_C|T,3884_C|T,5467_C|T,6633_C|T,7142_A|G,7267_C|T,9614_A|G,9693_C|T,9754_A|C,14408_C|T,15026_C|T,15451_G|A,16466_C|T,17208_T|C,21057_C|T,21615_T|G,21691_C|T,21846_C|T,22036_A|C,22882_T|A,23403_A|G,23604_C|A,23625_C|T,23638_C|T,23765_T|G,24442_C|T,24642_C|T,25785_G|T,26222_C|T,27389_C|T,27769_C|T,28045_C|T,28048_G|A,28330_A|G,28854_C|T,28910_A|T,29734_G|T,11288_11296,26158_26161,28271
USA/NV-CDC-LC0166872/2021	XB	241_C|T,1163_A|C,1255_A|G,2701_C|T,3037_C|T,3688_C|T,3884_C|T,5467_C|T,6633_C|T,7142_A|G,7267_C|T,9614_A|G,9693_C|T,9754_A|C,14408_C|T,15026_C|T,15451_G|A,16466_C|T,17208_T|C,21057_C|T,21615_T|G,21691_C|T,21846_C|T,22036_A|C,22882_T|A,23403_A|G,23604_C|A,23625_C|T,23638_C|T,23765_T|G,24442_C|T,24642_C|T,25423_G|C,26222_C|T,27389_C|T,27769_C|T,28045_C|T,28048_G|A,28330_A|G,28378_G|T,28854_C|T,28910_A|T,29734_G|T,11288_11296,26158_26161,28271
USA/NV-CDC-LC0166917/2021	XB	241_C|T,1163_A|C,1255_A|G,2701_C|T,3037_C|T,3688_C|T,3884_C|T,5467_C|T,6633_C|T,7142_A|G,7267_C|T,9614_A|G,9693_C|T,9754_A|C,14408_C|T,15026_C|T,15451_G|A,16466_C|T,17208_T|C,21057_C|T,21615_T|G,21691_C|T,21846_C|T,22036_A|C,22882_T|A,23403_A|G,23604_C|A,23625_C|T,23638_C|T,23765_T|G,24442_C|T,24642_C|T,25423_G|C,26222_C|T,27389_C|T,27769_C|T,28045_C|T,28048_G|A,28330_A|G,28378_G|T,28854_C|T,28910_A|T,29734_G|T,11288_11296,26158_26161,28271
USA/NV-CDC-LC0213485/2021	XB	241_C|T,1163_A|C,1255_A|G,2701_C|T,3037_C|T,3688_C|T,3884_C|T,5467_C|T,6633_C|T,7142_A|G,7267_C|T,9614_A|G,9693_C|T,9754_A|C,12571_A|G,14408_C|T,15026_C|T,15451_G|A,16466_C|T,17208_T|C,21057_C|T,21615_T|G,21691_C|T,21846_C|T,22036_A|C,22882_T|A,23403_A|G,23604_C|A,23625_C|T,23638_C|T,23765_T|G,24442_C|T,24642_C|T,25785_G|T,26222_C|T,27389_C|T,27769_C|T,28045_C|T,28048_G|A,28330_A|G,28854_C|T,28910_A|T,29734_G|T,11288_11296,26158_26161,28271
USA/NV-CDC-LC0224794/2021	XB	241_C|T,1163_A|C,1255_A|G,2701_C|T,3037_C|T,3688_C|T,3884_C|T,5467_C|T,6633_C|T,7142_A|G,7267_C|T,9614_A|G,9693_C|T,9754_A|C,14408_C|T,15026_C|T,15451_G|A,16466_C|T,17208_T|C,21057_C|T,21615_T|G,21691_C|T,21846_C|T,22036_A|C,22882_T|A,23403_A|G,23604_C|A,23625_C|T,23638_C|T,23765_T|G,24442_C|T,24642_C|T,25785_G|T,26222_C|T,27389_C|T,27769_C|T,28045_C|T,28048_G|A,28330_A|G,28854_C|T,28910_A|T,11288_11296,26158_26161,28271
USA/NV-CDC-LC0231437/2021	XB	241_C|T,1163_A|C,1255_A|G,2701_C|T,3037_C|T,3688_C|T,3884_C|T,5467_C|T,6633_C|T,7142_A|G,7267_C|T,9614_A|G,9693_C|T,9754_A|C,14408_C|T,15026_C|T,15451_G|A,16466_C|T,17208_T|C,21057_C|T,21615_T|G,21691_C|T,21846_C|T,22036_A|C,22882_T|A,23403_A|G,23604_C|A,23625_C|T,23638_C|T,23765_T|G,24442_C|T,24642_C|T,25785_G|T,26222_C|T,27389_C|T,27769_C|T,28045_C|T,28048_G|A,28330_A|G,28854_C|T,28910_A|T,29734_G|T,11288_11296,26158_26161,28271
USA/NV-CDC-LC0232975/2021	XB	241_C|T,1163_A|C,1255_A|G,2701_C|T,3037_C|T,3688_C|T,3884_C|T,5467_C|T,6633_C|T,7142_A|G,7267_C|T,9614_A|G,9693_C|T,9754_A|C,14408_C|T,15026_C|T,15451_G|A,16466_C|T,17208_T|C,21057_C|T,21615_T|G,21691_C|T,21846_C|T,22036_A|C,22882_T|A,23403_A|G,23604_C|A,23625_C|T,23638_C|T,23765_T|G,24442_C|T,24642_C|T,25785_G|T,26222_C|T,27389_C|T,27769_C|T,28045_C|T,28048_G|A,28330_A|G,28854_C|T,28910_A|T,29734_G|T,11288_11296,26158_26161,28271
USA/NV-CDC-QDX25762934/2021	XB	241_C|T,518_A|T,1190_C|T,3037_C|T,3688_C|T,3884_C|T,6633_C|T,6717_G|T,7142_A|G,8480_C|T,9614_A|G,9693_C|T,9754_A|C,14246_A|G,14408_C|T,14452_G|A,15237_C|T,15451_G|A,16269_G|A,16466_C|T,20987_C|T,21057_C|T,21615_T|G,21846_C|T,22036_A|C,22882_T|A,23403_A|G,23604_C|A,23625_C|T,23765_T|G,24442_C|T,24642_C|T,26222_C|T,26270_C|T,27389_C|T,27769_C|T,28048_G|A,28330_A|G,28854_C|T,28910_A|T,29543_G|T,11288_11296,26158_26169,28271
USA/NV-CDC-QDX26988530/2021	XB	241_C|T,2698_T|C,3037_C|T,3688_C|T,3884_C|T,4898_C|T,6629_C|T,6633_C|T,7142_A|G,9614_A|G,9693_C|T,9754_A|C,14408_C|T,15451_G|A,16466_C|T,16795_G|T,18907_G|T,20083_G|A,21057_C|T,21123_G|T,21418_T|C,21615_T|G,21846_C|T,22036_A|C,22882_T|A,23403_A|G,23604_C|A,23625_C|T,23638_C|T,23765_T|G,24442_C|T,24642_C|T,26222_C|T,27389_C|T,27769_C|T,28048_G|A,28330_A|G,28854_C|T,28910_A|T,29171_C|T,11288_11296,26158_26161,28271
USA/NV-NSPHL-410311/2021	XB	241_C|T,1255_A|G,2918_C|T,3037_C|T,3688_C|T,3884_C|T,6633_C|T,7142_A|G,9614_A|G,9693_C|T,9754_A|C,10908_C|T,12591_T|C,12733_C|A,14408_C|T,15026_C|T,15451_G|A,16466_C|T,20703_C|T,21057_C|T,21615_T|G,21846_C|T,22036_A|C,22346_G|T,22361_G|T,22468_G|A,22498_C|T,22882_T|A,23403_A|G,23604_C|A,23625_C|T,23638_C|T,23765_T|G,24442_C|T,24642_C|T,25513_C|T,26222_C|T,27389_C|T,27427_C|T,27526_C|A,27769_C|T,28008_A|G,28048_G|A,28330_A|G,28854_C|T,28910_A|T,29541_C|T,29565_A|G,11288_11296,26158_26161,28271
USA/NY-CDC-FG-041355/2021	XB	241_C|T,1255_A|G,3037_C|T,3688_C|T,3884_C|T,6633_C|T,7142_A|G,7573_C|A,9614_A|G,9693_C|T,9754_A|C,12591_T|C,14408_C|T,15026_C|T,15451_G|A,16466_C|T,21057_C|T,21615_T|G,21846_C|T,22036_A|C,22498_C|T,22882_T|A,23403_A|G,23604_C|A,23625_C|T,23638_C|T,23765_T|G,24442_C|T,24642_C|T,25513_C|T,25572_C|T,26222_C|T,27389_C|T,27427_C|T,27769_C|T,28048_G|A,28330_A|G,28854_C|T,28910_A|T,29779_G|T,11288_11296,26158_26161,28271
USA/NY-CDC-FG-043857/2021	XB	241_C|T,1255_A|G,3037_C|T,3688_C|T,3884_C|T,5509_G|A,6449_C|T,6633_C|T,7142_A|G,9614_A|G,9693_C|T,9754_A|C,14408_C|T,15026_C|T,15451_G|A,16323_C|T,16466_C|T,21057_C|T,21615_T|G,21846_C|T,22036_A|C,22882_T|A,23403_A|G,23604_C|A,23625_C|T,23638_C|T,23765_T|G,24378_C|T,24406_T|G,24442_C|T,24642_C|T,25285_T|C,26222_C|T,27389_C|T,27769_C|T,28048_G|A,28330_A|G,28854_C|T,28910_A|T,11288_11296,26158_26161,28271
USA/NY-CDC-FG-044017/2021	XB	241_C|T,1255_A|G,3037_C|T,3688_C|T,3884_C|T,5509_G|A,6449_C|T,6633_C|T,7142_A|G,9532_C|T,9614_A|G,9693_C|T,9754_A|C,14408_C|T,15026_C|T,15451_G|A,16323_C|T,16466_C|T,21057_C|T,21615_T|G,21736_C|T,21846_C|T,22036_A|C,22882_T|A,23403_A|G,23604_C|A,23625_C|T,23638_C|T,23765_T|G,24378_C|T,24406_T|G,24442_C|T,24642_C|T,25285_T|C,26222_C|T,27389_C|T,27769_C|T,28048_G|A,28330_A|G,28854_C|T,28910_A|T,515_517,11288_11296,26158_26161,28271
USA/NY-CDC-FG-046768/2021	XB	241_C|T,2173_G|T,3037_C|T,3688_C|T,3884_C|T,6633_C|T,6717_G|T,7142_A|G,9614_A|G,9693_C|T,9754_A|C,14408_C|T,14766_T|C,15451_G|A,16466_C|T,17439_C|T,21057_C|T,21615_T|G,21846_C|T,22036_A|C,22882_T|A,23403_A|G,23604_C|A,23625_C|T,23765_T|G,24319_C|T,24442_C|T,24642_C|T,26222_C|T,27389_C|T,27769_C|T,28048_G|A,28329_G|A,28330_A|G,28432_C|T,28854_C|T,28910_A|T,29543_G|T,515_517,11288_11296,26158_26161,28271
USA/NY-CDC-FG-086180/2021	XB	241_C|T,1255_A|G,2937_C|T,3037_C|T,3688_C|T,3884_C|T,6633_C|T,7142_A|G,9614_A|G,9693_C|T,9754_A|C,12591_T|C,14408_C|T,15026_C|T,15451_G|A,16466_C|T,17766_C|T,21057_C|T,21615_T|G,21846_C|T,22036_A|C,22088_C|T,22498_C|T,22882_T|A,23403_A|G,23604_C|A,23625_C|T,23638_C|T,23765_T|G,24442_C|T,24642_C|T,25513_C|T,26222_C|T,27389_C|T,27427_C|T,27769_C|T,28048_G|A,28330_A|G,28854_C|T,28910_A|T,11288_11296,26158_26161,28271
USA/NY-CDC-LC0090813/2021	XB	241_C|T,1255_A|G,1820_G|A,3037_C|T,3688_C|T,3884_C|T,6633_C|T,7142_A|G,9614_A|G,9693_C|T,9754_A|C,12591_T|C,14408_C|T,15026_C|T,15451_G|A,16466_C|T,20703_C|T,21057_C|T,21615_T|G,21846_C|T,22036_A|C,22468_G|A,22498_C|T,22882_T|A,23403_A|G,23604_C|A,23625_C|T,23638_C|T,23765_T|G,24442_C|T,24642_C|T,25513_C|T,26222_C|T,27389_C|T,27427_C|T,27526_C|A,27754_G|T,27769_C|T,28048_G|A,28330_A|G,28854_C|T,28910_A|T,11288_11296,26158_26161,28271
USA/NY-CDC-QDX23954492/2021	XB	241_C|T,1191_C|T,3037_C|T,3688_C|T,3884_C|T,3916_A|C,6633_C|T,7142_A|G,7735_C|T,9614_A|G,9693_C|T,9754_A|C,12224_G|A,14408_C|T,15451_G|A,16466_C|T,18185_T|C,20060_G|T,21057_C|T,21615_T|G,21846_C|T,22036_A|C,22882_T|A,23403_A|G,23441_G|A,23604_C|A,23625_C|T,23765_T|G,24442_C|T,24642_C|T,26222_C|T,27389_C|T,27561_G|T,27769_C|T,28048_G|A,28330_A|G,28854_C|T,28910_A|T,11288_11296,26158_26161,28271
USA/NY-CDC-QDX26380248/2021	XB	241_C|T,3037_C|T,3688_C|T,3884_C|T,6633_C|T,7142_A|G,9614_A|G,9693_C|T,9754_A|C,14408_C|T,15451_G|A,16466_C|T,19085_A|G,21057_C|T,21615_T|G,21846_C|T,22036_A|C,22882_T|A,23403_A|G,23604_C|A,23625_C|T,23765_T|G,24442_C|T,24642_C|T,25942_T|C,26222_C|T,26873_C|T,27389_C|T,27769_C|T,27892_A|G,28048_G|A,28330_A|G,28854_C|T,28910_A|T,11288_11296,26158_26161,28271
USA/NY-CDC-QDX27053271/2021	XB	241_C|T,347_G|T,1255_A|G,3037_C|T,3688_C|T,3884_C|T,6633_C|T,7142_A|G,9370_T|C,9614_A|G,9693_C|T,9745_C|T,9754_A|C,12591_T|C,12940_G|T,14408_C|T,14741_C|T,15026_C|T,15451_G|A,16466_C|T,21057_C|T,21137_A|G,21615_T|G,21846_C|T,22036_A|C,22498_C|T,22882_T|A,23403_A|G,23604_C|A,23625_C|T,23638_C|T,23765_T|G,24442_C|T,24642_C|T,25513_C|T,25769_G|T,26222_C|T,26310_T|A,27389_C|T,27427_C|T,27769_C|T,28048_G|A,28330_A|G,28854_C|T,28910_A|T,11288_11296,26158_26161,28271
USA/NY-NYCPHL-004828/2021	XB	241_C|T,1255_A|G,3037_C|T,3688_C|T,3884_C|T,6633_C|T,7142_A|G,9614_A|G,9693_C|T,9754_A|C,14408_C|T,15026_C|T,15451_G|A,16466_C|T,21057_C|T,21615_T|G,21846_C|T,22036_A|C,22450_C|T,22498_C|T,22882_T|A,23403_A|G,23604_C|A,23625_C|T,23638_C|T,23765_T|G,24442_C|T,24642_C|T,25513_C|T,26222_C|T,27389_C|T,27769_C|T,28048_G|A,28330_A|G,28854_C|T,28910_A|T,11288_11296,26158_26161,28271
USA/NY-PRL-210226_00E23/2021	XB	241_C|T,3037_C|T,3688_C|T,3884_C|T,6633_C|T,6666_C|A,7142_A|G,9614_A|G,9693_C|T,9754_A|C,14408_C|T,14486_G|T,15451_G|A,16466_C|T,21005_C|T,21057_C|T,21615_T|G,21846_C|T,22036_A|C,22690_T|C,22882_T|A,23403_A|G,23604_C|A,23625_C|T,23765_T|G,24442_C|T,24642_C|T,26222_C|T,27226_G|T,27389_C|T,27769_C|T,27892_A|G,28048_G|A,28330_A|G,28854_C|T,28910_A|T,11288_11296,26158_26161,28271
USA/NY-PRL-210412_02H20/2021	XB	241_C|T,1191_C|T,3037_C|T,3688_C|T,3884_C|T,3916_A|C,6633_C|T,7142_A|G,7735_C|T,9614_A|G,9693_C|T,9754_A|C,12224_G|A,14408_C|T,15451_G|A,16466_C|T,18185_T|C,21057_C|T,21615_T|G,21846_C|T,22036_A|C,22882_T|A,23403_A|G,23604_C|A,23625_C|T,23765_T|G,24442_C|T,24642_C|T,26222_C|T,27389_C|T,27561_G|T,27769_C|T,28048_G|A,28330_A|G,28854_C|T,28910_A|T,11288_11296,26158_26161,28271
USA/NY-PRL-210412_02O02/2021	XB	241_C|T,1191_C|T,3037_C|T,3688_C|T,3884_C|T,3916_A|C,6633_C|T,7142_A|G,7735_C|T,9614_A|G,9693_C|T,9754_A|C,12224_G|A,14408_C|T,15451_G|A,16466_C|T,18185_T|C,21057_C|T,21615_T|G,21846_C|T,22036_A|C,22882_T|A,23403_A|G,23604_C|A,23625_C|T,23765_T|G,24442_C|T,24642_C|T,26222_C|T,27389_C|T,27561_G|T,27769_C|T,28048_G|A,28330_A|G,28854_C|T,28910_A|T,11288_11296,26158_26161,28271
USA/NY-PRL-210413_00F10/2021	XB	241_C|T,1191_C|T,3037_C|T,3688_C|T,3884_C|T,3916_A|C,6633_C|T,7142_A|G,7735_C|T,9614_A|G,9693_C|T,9754_A|C,12224_G|A,14408_C|T,15451_G|A,16466_C|T,18185_T|C,20060_G|T,21057_C|T,21615_T|G,21846_C|T,22036_A|C,22882_T|A,23403_A|G,23441_G|A,23604_C|A,23625_C|T,23765_T|G,24442_C|T,24642_C|T,26222_C|T,27389_C|T,27561_G|T,27769_C|T,28048_G|A,28330_A|G,28854_C|T,28910_A|T,11288_11296,26158_26161,28271
USA/NY-PRL-210426_02C24/2021	XB	241_C|T,1191_C|T,3037_C|T,3688_C|T,3884_C|T,3916_A|C,6633_C|T,7142_A|G,7735_C|T,9614_A|G,9693_C|T,9754_A|C,12224_G|A,14408_C|T,15451_G|A,16466_C|T,18185_T|C,20060_G|T,21057_C|T,21615_T|G,21846_C|T,22036_A|C,22882_T|A,23403_A|G,23441_G|A,23604_C|A,23625_C|T,23765_T|G,24442_C|T,24642_C|T,26222_C|T,27389_C|T,27561_G|T,27769_C|T,28048_G|A,28330_A|G,28854_C|T,28910_A|T,11288_11296,26158_26161,28271
USA/NY-PRL-210426_02D09/2021	XB	241_C|T,1191_C|T,3037_C|T,3688_C|T,3884_C|T,3916_A|C,6633_C|T,7142_A|G,7735_C|T,9614_A|G,9693_C|T,9754_A|C,12224_G|A,14408_C|T,15451_G|A,16466_C|T,18185_T|C,19680_T|G,20060_G|T,21057_C|T,21615_T|G,21846_C|T,22036_A|C,22882_T|A,23403_A|G,23441_G|A,23604_C|A,23625_C|T,23765_T|G,24442_C|T,24642_C|T,26222_C|T,27389_C|T,27561_G|T,27769_C|T,28048_G|A,28330_A|G,28854_C|T,28910_A|T,11288_11296,26158_26161,28271
USA/NY-PRL-210429_00H07/2021	XB	241_C|T,1191_C|T,3037_C|T,3688_C|T,3884_C|T,3916_A|C,6633_C|T,7142_A|G,7735_C|T,9614_A|G,9693_C|T,9754_A|C,12224_G|A,14408_C|T,15451_G|A,16466_C|T,18185_T|C,20060_G|T,21057_C|T,21615_T|G,21846_C|T,22036_A|C,22882_T|A,23202_C|T,23403_A|G,23441_G|A,23604_C|A,23625_C|T,23765_T|G,24442_C|T,24642_C|T,26222_C|T,27389_C|T,27561_G|T,27769_C|T,28048_G|A,28330_A|G,28854_C|T,28910_A|T,11288_11296,26158_26161,28271
USA/NY-PRL-210429_01B10/2021	XB	241_C|T,1191_C|T,3037_C|T,3688_C|T,3884_C|T,3916_A|C,6633_C|T,7142_A|G,7735_C|T,9614_A|G,9693_C|T,9754_A|C,12224_G|A,14408_C|T,15451_G|A,16466_C|T,18185_T|C,20060_G|T,21057_C|T,21615_T|G,21846_C|T,22036_A|C,22882_T|A,23403_A|G,23441_G|A,23604_C|A,23625_C|T,23765_T|G,24442_C|T,24642_C|T,26222_C|T,27389_C|T,27561_G|T,27769_C|T,28048_G|A,28330_A|G,28854_C|T,28910_A|T,11288_11296,26158_26161,28271
USA/OH-CDC-ASC210239267/2021	XB	241_C|T,1255_A|G,3037_C|T,3688_C|T,3884_C|T,6633_C|T,7142_A|G,7573_C|A,9614_A|G,9693_C|T,9754_A|C,12591_T|C,14408_C|T,15026_C|T,15451_G|A,16466_C|T,18424_A|T,21057_C|T,21306_C|T,21615_T|G,21846_C|T,22036_A|C,22498_C|T,22882_T|A,23403_A|G,23604_C|A,23625_C|T,23638_C|T,23765_T|G,24442_C|T,24642_C|T,25513_C|T,26222_C|T,27389_C|T,27427_C|T,27769_C|T,28048_G|A,28330_A|G,28854_C|T,28910_A|T,11288_11296,26158_26161,28271
USA/OH-CDC-ASC210273284/2021	XB	241_C|T,1255_A|G,3037_C|T,3688_C|T,3884_C|T,4717_A|G,6633_C|T,7142_A|G,7328_G|T,9614_A|G,9693_C|T,9754_A|C,14408_C|T,15026_C|T,15451_G|A,16466_C|T,20294_A|G,20347_A|G,21057_C|T,21615_T|G,21846_C|T,22036_A|C,22882_T|A,23403_A|G,23604_C|A,23625_C|T,23638_C|T,23765_T|G,24442_C|T,24642_C|T,26222_C|T,27389_C|T,27769_C|T,28048_G|A,28330_A|G,28854_C|T,28910_A|T,11288_11296,26158_26161,27580_27620,28271
USA/OH-CDC-LC0092232/2021	XB	241_C|T,1255_A|G,3037_C|T,3688_C|T,3884_C|T,6633_C|T,7142_A|G,9614_A|G,9693_C|T,9754_A|C,12591_T|C,14408_C|T,15026_C|T,15451_G|A,16466_C|T,21057_C|T,21615_T|G,21846_C|T,22036_A|C,22498_C|T,22882_T|A,23403_A|G,23604_C|A,23625_C|T,23638_C|T,23765_T|G,24442_C|T,24642_C|T,25513_C|T,26222_C|T,27389_C|T,27427_C|T,27769_C|T,28048_G|A,28330_A|G,28854_C|T,28910_A|T,11288_11296,26158_26161,28271
USA/OH-CDC-QDX26076069/2021	XB	241_C|T,338_G|A,1255_A|G,3037_C|T,3688_C|T,3884_C|T,6633_C|T,7142_A|G,9614_A|G,9693_C|T,9754_A|C,12591_T|C,14408_C|T,15026_C|T,15451_G|A,16466_C|T,21057_C|T,21615_T|G,21846_C|T,22036_A|C,22498_C|T,22882_T|A,23403_A|G,23604_C|A,23625_C|T,23638_C|T,23765_T|G,24293_G|A,24442_C|T,24642_C|T,25513_C|T,26222_C|T,27389_C|T,27427_C|T,27769_C|T,28048_G|A,28330_A|G,28854_C|T,28910_A|T,11288_11296,26158_26161,28271
USA/OH-CDC-QDX26076072/2021	XB	241_C|T,338_G|A,1255_A|G,3037_C|T,3688_C|T,3884_C|T,6633_C|T,7142_A|G,9614_A|G,9693_C|T,9754_A|C,10870_G|T,12591_T|C,14408_C|T,15026_C|T,15451_G|A,16466_C|T,21057_C|T,21615_T|G,21846_C|T,22036_A|C,22498_C|T,22882_T|A,23403_A|G,23604_C|A,23625_C|T,23638_C|T,23765_T|G,24293_G|A,24442_C|T,24642_C|T,25513_C|T,26222_C|T,27389_C|T,27427_C|T,27769_C|T,28048_G|A,28330_A|G,28854_C|T,28910_A|T,11288_11296,26158_26161,28271
USA/OH-CDC-QDX26076073/2021	XB	241_C|T,338_G|A,1255_A|G,3037_C|T,3688_C|T,3884_C|T,6633_C|T,7142_A|G,9614_A|G,9693_C|T,9754_A|C,10870_G|T,12591_T|C,14408_C|T,15026_C|T,15451_G|A,16466_C|T,21057_C|T,21615_T|G,21846_C|T,22036_A|C,22498_C|T,22882_T|A,23403_A|G,23604_C|A,23625_C|T,23638_C|T,23765_T|G,24293_G|A,24442_C|T,24642_C|T,25513_C|T,26222_C|T,27389_C|T,27427_C|T,27769_C|T,28048_G|A,28330_A|G,28854_C|T,28910_A|T,11288_11296,26158_26161,28271
USA/OH-CDC-QDX27053398/2021	XB	241_C|T,1419_C|T,3037_C|T,3688_C|T,3884_C|T,6633_C|T,6717_G|T,7142_A|G,8480_C|T,9614_A|G,9693_C|T,9754_A|C,14408_C|T,15451_G|A,15654_C|T,16466_C|T,17262_T|C,17403_C|T,20987_C|T,21057_C|T,21615_T|G,21846_C|T,22036_A|C,22882_T|A,23403_A|G,23525_C|T,23604_C|A,23625_C|T,23765_T|G,24442_C|T,24642_C|T,25000_C|T,26222_C|T,27335_C|T,27389_C|T,27769_C|T,28048_G|A,28330_A|G,28854_C|T,28910_A|T,29259_C|T,29543_G|T,11288_11296,26158_26161,28271
USA/OH-CDC-QDX27053400/2021	XB	241_C|T,1419_C|T,3037_C|T,3688_C|T,3884_C|T,6633_C|T,6717_G|T,7142_A|G,8480_C|T,9614_A|G,9693_C|T,9754_A|C,14408_C|T,15451_G|A,15654_C|T,16466_C|T,17262_T|C,17403_C|T,20987_C|T,21057_C|T,21615_T|G,21846_C|T,22036_A|C,22882_T|A,23403_A|G,23525_C|T,23604_C|A,23625_C|T,23765_T|G,24442_C|T,24642_C|T,25000_C|T,26222_C|T,27335_C|T,27389_C|T,27769_C|T,28048_G|A,28330_A|G,28854_C|T,28910_A|T,29259_C|T,29543_G|T,11288_11296,26158_26161,28271
USA/OK-CDC-ASC210033723/2021	XB	241_C|T,518_A|T,1190_C|T,3037_C|T,3688_C|T,3884_C|T,6633_C|T,6717_G|T,7142_A|G,8480_C|T,9614_A|G,9693_C|T,9754_A|C,14408_C|T,14452_G|A,15237_C|T,15451_G|A,16466_C|T,20987_C|T,21057_C|T,21615_T|G,21846_C|T,22036_A|C,22882_T|A,23403_A|G,23604_C|A,23625_C|T,23765_T|G,24442_C|T,24642_C|T,26222_C|T,27389_C|T,27769_C|T,28048_G|A,28330_A|G,28854_C|T,28910_A|T,29543_G|T,11288_11296,26158_26161,28271
USA/OK-CDC-LC0160235/2021	XB	241_C|T,1255_A|G,3037_C|T,3688_C|T,3884_C|T,6633_C|T,7113_C|T,7142_A|G,7573_C|A,9614_A|G,9693_C|T,9754_A|C,12591_T|C,14408_C|T,15026_C|T,15451_G|A,16466_C|T,19895_C|T,21057_C|T,21615_T|G,21846_C|T,22036_A|C,22498_C|T,22882_T|A,23012_G|A,23403_A|G,23604_C|A,23625_C|T,23638_C|T,23765_T|G,24442_C|T,24642_C|T,25513_C|T,26222_C|T,27389_C|T,27427_C|T,27769_C|T,28048_G|A,28330_A|G,28854_C|T,28910_A|T,29690_G|T,11288_11296,26158_26161,28271
USA/OKPHL0027516/2021	XB	241_C|T,1255_A|G,3037_C|T,3688_C|T,3884_C|T,4684_T|C,6633_C|T,7142_A|G,7420_C|T,9614_A|G,9693_C|T,9754_A|C,14408_C|T,15026_C|T,15451_G|A,16466_C|T,21057_C|T,21615_T|G,21846_C|T,22036_A|C,23403_A|G,23638_C|T,23765_T|G,24442_C|T,24642_C|T,26222_C|T,26461_C|T,27297_C|T,27389_C|T,27769_C|T,28330_A|G,28854_C|T,28910_A|T,11288_11296,26158_26161,28271
USA/OR-CDC-ASC210061630/2021	XB	241_C|T,1255_A|G,3037_C|T,3688_C|T,3884_C|T,6633_C|T,7142_A|G,9614_A|G,9693_C|T,9754_A|C,14408_C|T,15026_C|T,15451_G|A,16466_C|T,21057_C|T,21615_T|G,21846_C|T,22036_A|C,22882_T|A,23403_A|G,23604_C|A,23625_C|T,23638_C|T,23765_T|G,24442_C|T,24642_C|T,26222_C|T,27389_C|T,27769_C|T,28048_G|A,28330_A|G,28854_C|T,28910_A|T,11288_11296,26158_26161,28271
USA/OR-CDC-LC0069627/2021	XB	241_C|T,1255_A|G,2610_C|T,3037_C|T,3688_C|T,3884_C|T,6633_C|T,7142_A|G,7375_T|C,9614_A|G,9693_C|T,9754_A|C,14408_C|T,15026_C|T,15451_G|A,16466_C|T,20823_C|T,21057_C|T,21615_T|G,21846_C|T,22036_A|C,22777_T|C,22882_T|A,23403_A|G,23604_C|A,23625_C|T,23638_C|T,23765_T|G,24381_C|T,24442_C|T,24642_C|T,25244_G|T,25447_G|A,26222_C|T,27389_C|T,27769_C|T,28048_G|A,28330_A|G,28854_C|T,28910_A|T,11288_11296,26158_26161,28271
USA/OR-CDC-LC0073162/2021	XB	241_C|T,1255_A|G,3037_C|T,3688_C|T,3884_C|T,6633_C|T,7142_A|G,7375_T|C,9614_A|G,9693_C|T,9754_A|C,14408_C|T,15026_C|T,15451_G|A,16466_C|T,20823_C|T,21057_C|T,21615_T|G,21846_C|T,22036_A|C,22777_T|C,22882_T|A,23403_A|G,23604_C|A,23625_C|T,23638_C|T,23765_T|G,24381_C|T,24442_C|T,24642_C|T,25244_G|T,25447_G|A,26222_C|T,27389_C|T,27769_C|T,28048_G|A,28330_A|G,28854_C|T,28910_A|T,11288_11296,26158_26161,28271
USA/OR-CDC-QDX25806422/2021	XB	241_C|T,1163_A|C,1255_A|G,1753_T|C,2701_C|T,3037_C|T,3688_C|T,3884_C|T,5467_C|T,6633_C|T,7142_A|G,7267_C|T,9614_A|G,9693_C|T,9754_A|C,14408_C|T,15026_C|T,15451_G|A,16466_C|T,17208_T|C,21057_C|T,21615_T|G,21691_C|T,21846_C|T,22036_A|C,22882_T|A,23403_A|G,23604_C|A,23625_C|T,23638_C|T,23765_T|G,24442_C|T,24642_C|T,26222_C|T,27389_C|T,27769_C|T,28045_C|T,28048_G|A,28330_A|G,28854_C|T,28910_A|T,29734_G|T,11288_11296,26158_26161,28271
USA/RI-CDC-ASC210117303/2021	XB	241_C|T,1255_A|G,2937_C|T,3037_C|T,3688_C|T,3884_C|T,6633_C|T,7142_A|G,9614_A|G,9693_C|T,9754_A|C,12591_T|C,14408_C|T,15026_C|T,15451_G|A,16466_C|T,17766_C|T,21057_C|T,21615_T|G,21846_C|T,22036_A|C,22088_C|T,22498_C|T,22882_T|A,23403_A|G,23604_C|A,23625_C|T,23638_C|T,23765_T|G,24442_C|T,24642_C|T,24794_G|T,25513_C|T,26222_C|T,27389_C|T,27427_C|T,27769_C|T,28048_G|A,28330_A|G,28854_C|T,28910_A|T,11288_11296,26158_26161,28271
USA/RI-CDC-LC0061890/2021	XB	241_C|T,1255_A|G,3037_C|T,3688_C|T,3743_C|T,3884_C|T,6633_C|T,7111_T|C,7142_A|G,9614_A|G,9693_C|T,9705_G|T,9754_A|C,12439_C|T,14408_C|T,15026_C|T,15451_G|A,16122_G|T,16466_C|T,21057_C|T,21615_T|G,21846_C|T,22036_A|C,22882_T|A,23403_A|G,23604_C|A,23625_C|T,23638_C|T,23765_T|G,24442_C|T,24642_C|T,26222_C|T,27389_C|T,27769_C|T,28003_G|T,28048_G|A,28330_A|G,28854_C|T,28910_A|T,686_694,11288_11296,26158_26161,28271
USA/RI-CDC-LC0069805/2021	XB	241_C|T,3037_C|T,3688_C|T,3884_C|T,6633_C|T,7142_A|G,9614_A|G,9693_C|T,9754_A|C,14408_C|T,15451_G|A,16466_C|T,19085_A|G,21057_C|T,21615_T|G,21846_C|T,22036_A|C,22882_T|A,23403_A|G,23604_C|A,23625_C|T,23765_T|G,24442_C|T,24642_C|T,25942_T|C,26222_C|T,27389_C|T,27769_C|T,27892_A|G,28048_G|A,28330_A|G,28854_C|T,28910_A|T,29722_C|T,11288_11296,26158_26161,28271
USA/SC-CDC-2-4813651/2021	XB	241_C|T,829_C|T,1419_C|T,3037_C|T,3688_C|T,3884_C|T,6633_C|T,6717_G|T,7142_A|G,8480_C|T,9614_A|G,9693_C|T,9754_A|C,13011_C|T,14408_C|T,15451_G|A,16466_C|T,17403_C|T,19117_G|T,20987_C|T,21057_C|T,21615_T|G,21846_C|T,22036_A|C,22882_T|A,23403_A|G,23604_C|A,23625_C|T,23765_T|G,24442_C|T,24642_C|T,26222_C|T,27389_C|T,27769_C|T,28048_G|A,28330_A|G,28854_C|T,28910_A|T,29543_G|T,29742_G|T,11288_11296,26158_26161,28271
USA/SC-CDC-LC0187956/2021	XB	241_C|T,829_C|T,1419_C|T,3037_C|T,3688_C|T,3884_C|T,6633_C|T,6717_G|T,7142_A|G,8480_C|T,9614_A|G,9693_C|T,9754_A|C,13011_C|T,14408_C|T,15451_G|A,16466_C|T,17403_C|T,19117_G|T,20987_C|T,21057_C|T,21615_T|G,21846_C|T,22036_A|C,22882_T|A,23403_A|G,23604_C|A,23625_C|T,23765_T|G,24442_C|T,24642_C|T,26222_C|T,27389_C|T,27769_C|T,28048_G|A,28330_A|G,28854_C|T,28910_A|T,29543_G|T,29742_G|T,11288_11296,26158_26161,28271
USA/SC-CDC-MMB09493927/2021	XB	241_C|T,504_C|T,829_C|T,1419_C|T,3037_C|T,3688_C|T,3884_C|T,6633_C|T,6717_G|T,7142_A|G,8480_C|T,9614_A|G,9693_C|T,9754_A|C,13011_C|T,14408_C|T,15451_G|A,16466_C|T,17403_C|T,19117_G|T,20987_C|T,21057_C|T,21615_T|G,21846_C|T,22036_A|C,22882_T|A,23403_A|G,23604_C|A,23625_C|T,23765_T|G,24442_C|T,24642_C|T,25546_C|T,26222_C|T,27389_C|T,27769_C|T,28048_G|A,28330_A|G,28854_C|T,28910_A|T,29543_G|T,29742_G|T,11288_11296,26158_26161,28271
USA/SC-CDC-MMB09573053/2021	XB	241_C|T,475_C|T,1255_A|G,3037_C|T,3688_C|T,3884_C|T,4717_A|G,6633_C|T,7142_A|G,9614_A|G,9693_C|T,9750_A|G,9754_A|C,10984_A|G,14408_C|T,15026_C|T,15451_G|A,16466_C|T,20294_A|G,20963_A|G,21057_C|T,21615_T|G,21846_C|T,22036_A|C,22882_T|A,23403_A|G,23604_C|A,23625_C|T,23638_C|T,23765_T|G,24442_C|T,24642_C|T,26222_C|T,27389_C|T,27769_C|T,28048_G|A,28330_A|G,28854_C|T,28910_A|T,11288_11296,26158_26161,27580_27620,28271
USA/SC-CDC-QDX26343153/2021	XB	204_G|T,241_C|T,3037_C|T,3688_C|T,3884_C|T,6633_C|T,7142_A|G,9614_A|G,9693_C|T,9754_A|C,14408_C|T,15451_G|A,16466_C|T,19085_A|G,21057_C|T,21205_C|T,21615_T|G,21846_C|T,22036_A|C,22882_T|A,23403_A|G,23604_C|A,23625_C|T,24442_C|T,24642_C|T,25942_T|C,26222_C|T,27389_C|T,27769_C|T,27892_A|G,28048_G|A,28093_C|T,28330_A|G,28854_C|T,28910_A|T,11288_11296,26158_26161,28271
USA/SC-COVID21-3343/2021	XB	241_C|T,829_C|T,1419_C|T,3037_C|T,3688_C|T,3884_C|T,6633_C|T,6717_G|T,7142_A|G,8480_C|T,9614_A|G,9693_C|T,9754_A|C,13011_C|T,14408_C|T,15451_G|A,16466_C|T,17403_C|T,19117_G|T,20987_C|T,21057_C|T,21615_T|G,21846_C|T,22036_A|C,22882_T|A,23403_A|G,23604_C|A,23625_C|T,23765_T|G,24442_C|T,24642_C|T,26222_C|T,27389_C|T,27769_C|T,28048_G|A,28330_A|G,28854_C|T,28910_A|T,29543_G|T,29742_G|T,11288_11296,26158_26161,28271
USA/SEARCH-101643/2021	XB	241_C|T,343_G|A,518_A|T,1190_C|T,3037_C|T,3688_C|T,3884_C|T,6633_C|T,6717_G|T,7142_A|G,8480_C|T,9614_A|G,9693_C|T,9754_A|C,14408_C|T,14452_G|A,15237_C|T,15451_G|A,16466_C|T,20987_C|T,21057_C|T,21615_T|G,21658_C|T,21846_C|T,22036_A|C,22882_T|A,23403_A|G,23604_C|A,23625_C|T,23765_T|G,24442_C|T,24642_C|T,26222_C|T,27389_C|T,27769_C|T,28048_G|A,28330_A|G,28512_C|T,28854_C|T,28910_A|T,29543_G|T,11288_11296,26158_26161,28271
USA/SEARCH-101646/2021	XB	241_C|T,518_A|T,1190_C|T,3037_C|T,3688_C|T,3884_C|T,6633_C|T,6717_G|T,7142_A|G,8480_C|T,9614_A|G,9693_C|T,9754_A|C,14408_C|T,14452_G|A,15237_C|T,15451_G|A,16466_C|T,20987_C|T,21057_C|T,21615_T|G,21846_C|T,22036_A|C,22882_T|A,23403_A|G,23604_C|A,23625_C|T,23765_T|G,24442_C|T,24642_C|T,26222_C|T,27389_C|T,27769_C|T,28048_G|A,28330_A|G,28854_C|T,28910_A|T,29543_G|T,11288_11296,26158_26161,28271
USA/SEARCH-101656/2021	XB	241_C|T,1255_A|G,3037_C|T,3688_C|T,3884_C|T,6633_C|T,7142_A|G,9614_A|G,9693_C|T,9754_A|C,12591_T|C,13715_A|G,14408_C|T,15026_C|T,15451_G|A,16466_C|T,21057_C|T,21615_T|G,21846_C|T,22036_A|C,22498_C|T,22882_T|A,23403_A|G,23604_C|A,23625_C|T,23638_C|T,23765_T|G,24442_C|T,24642_C|T,25513_C|T,25526_G|T,26222_C|T,27389_C|T,27427_C|T,27769_C|T,28048_G|A,28330_A|G,28854_C|T,28910_A|T,11288_11296,26158_26161,28271
USA/SEARCH-101659/2021	XB	241_C|T,3037_C|T,3688_C|T,3884_C|T,6633_C|T,7142_A|G,9614_A|G,9693_C|T,9754_A|C,14408_C|T,15451_G|A,16466_C|T,19085_A|G,19728_T|C,21057_C|T,21615_T|G,21846_C|T,22036_A|C,22882_T|A,23403_A|G,23416_A|T,23604_C|A,23625_C|T,23765_T|G,24442_C|T,24642_C|T,25942_T|C,26222_C|T,27382_G|C,27383_A|T,27384_T|C,27389_C|T,27769_C|T,27892_A|G,28048_G|A,28330_A|G,28854_C|T,28910_A|T,29616_G|C,11288_11296,26158_26161,28271
USA/SEARCH-101677/2021	XB	241_C|T,3037_C|T,3688_C|T,3884_C|T,6633_C|T,7142_A|G,9614_A|G,9693_C|T,9754_A|C,14408_C|T,15451_G|A,16466_C|T,19085_A|G,21057_C|T,21615_T|G,21846_C|T,22036_A|C,22882_T|A,23403_A|G,23604_C|A,23625_C|T,23765_T|G,24442_C|T,24642_C|T,25942_T|C,26222_C|T,27389_C|T,27769_C|T,27892_A|G,28048_G|A,28330_A|G,28854_C|T,28910_A|T,11288_11296,26158_26161,28271
USA/SEARCH-102256/2021	XB	241_C|T,1255_A|G,3037_C|T,3688_C|T,3884_C|T,6633_C|T,7142_A|G,9614_A|G,9693_C|T,9754_A|C,12591_T|C,14408_C|T,15026_C|T,15451_G|A,16466_C|T,21057_C|T,21615_T|G,21846_C|T,22036_A|C,22498_C|T,22882_T|A,23403_A|G,23604_C|A,23625_C|T,23638_C|T,23765_T|G,24442_C|T,24642_C|T,25513_C|T,26222_C|T,27389_C|T,27427_C|T,27769_C|T,28048_G|A,28330_A|G,28854_C|T,28910_A|T,11288_11296,26158_26161,28271
USA/SEARCH-102266/2021	XB	241_C|T,1255_A|G,3037_C|T,3688_C|T,3884_C|T,6633_C|T,7142_A|G,9614_A|G,9693_C|T,9754_A|C,12591_T|C,14408_C|T,15026_C|T,15451_G|A,16466_C|T,20303_A|C,21057_C|T,21615_T|G,21846_C|T,22036_A|C,22498_C|T,22882_T|A,23403_A|G,23604_C|A,23625_C|T,23638_C|T,23765_T|G,24442_C|T,24642_C|T,25513_C|T,26222_C|T,27389_C|T,27427_C|T,27769_C|T,28048_G|A,28330_A|G,28692_A|C,28854_C|T,28910_A|T,11288_11296,26158_26161,28090_28095,28271
USA/SEARCH-102270/2021	XB	241_C|T,1255_A|G,3037_C|T,3688_C|T,3775_C|T,3884_C|T,6633_C|T,7142_A|G,9614_A|G,9693_C|T,9754_A|C,12591_T|C,14408_C|T,15026_C|T,15451_G|A,16466_C|T,17934_C|T,21057_C|T,21615_T|G,21846_C|T,22036_A|C,22498_C|T,22882_T|A,23403_A|G,23604_C|A,23625_C|T,23638_C|T,23765_T|G,24442_C|T,24642_C|T,25513_C|T,26222_C|T,26310_T|A,27389_C|T,27427_C|T,27769_C|T,28048_G|A,28330_A|G,28854_C|T,28910_A|T,29449_G|T,11288_11296,26158_26161,28271
USA/SEARCH-102276/2021	XB	241_C|T,3037_C|T,3688_C|T,3884_C|T,5812_C|T,6633_C|T,7142_A|G,9614_A|G,9693_C|T,9754_A|C,14408_C|T,15451_G|A,16329_C|T,16466_C|T,21057_C|T,21615_T|G,21846_C|T,22036_A|C,22882_T|A,23403_A|G,23604_C|A,23625_C|T,23765_T|G,24442_C|T,24642_C|T,26222_C|T,27389_C|T,27769_C|T,27892_A|G,28048_G|A,28330_A|G,28854_C|T,28910_A|T,29730_C|T,11288_11296,26158_26161,28271
USA/SEARCH-102293/2021	XB	241_C|T,1255_A|G,3037_C|T,3688_C|T,3884_C|T,6633_C|T,7142_A|G,9614_A|G,9693_C|T,9754_A|C,10702_C|T,11984_G|A,14408_C|T,15026_C|T,15451_G|A,16466_C|T,21057_C|T,21615_T|G,21846_C|T,22036_A|C,22363_G|T,22882_T|A,23403_A|G,23604_C|A,23625_C|T,23638_C|T,23765_T|G,24442_C|T,24642_C|T,25641_G|T,26222_C|T,27389_C|T,27769_C|T,28048_G|A,28330_A|G,28854_C|T,28910_A|T,29210_G|T,11288_11296,26158_26161,27580_27620,28271
USA/SEARCH-102297/2021	XB	241_C|T,1255_A|G,3037_C|T,3688_C|T,3884_C|T,6633_C|T,7142_A|G,9614_A|G,9693_C|T,9754_A|C,12591_T|C,14408_C|T,15026_C|T,15451_G|A,16466_C|T,20303_A|C,21057_C|T,21615_T|G,21846_C|T,22036_A|C,22498_C|T,22882_T|A,23403_A|G,23604_C|A,23625_C|T,23638_C|T,23765_T|G,24442_C|T,24642_C|T,25513_C|T,26222_C|T,27389_C|T,27427_C|T,27769_C|T,28048_G|A,28330_A|G,28692_A|C,28854_C|T,28910_A|T,11288_11296,26158_26161,28090_28095,28271
USA/SEARCH-102299/2021	XB	241_C|T,1255_A|G,3037_C|T,3688_C|T,3884_C|T,6633_C|T,7142_A|G,9614_A|G,9693_C|T,9754_A|C,12591_T|C,14408_C|T,15026_C|T,15451_G|A,16466_C|T,20703_C|T,21057_C|T,21615_T|G,21846_C|T,22036_A|C,22498_C|T,22882_T|A,23403_A|G,23604_C|A,23625_C|T,23638_C|T,23765_T|G,24442_C|T,24642_C|T,25513_C|T,26222_C|T,27389_C|T,27427_C|T,27769_C|T,28048_G|A,28330_A|G,28854_C|T,28910_A|T,11288_11296,26158_26161,28271
USA/SEARCH-32742/2021	XB	241_C|T,518_A|T,1190_C|T,3037_C|T,3688_C|T,3884_C|T,6633_C|T,6717_G|T,7142_A|G,8480_C|T,9614_A|G,9693_C|T,9754_A|C,14408_C|T,14452_G|A,15237_C|T,15451_G|A,16269_G|A,16466_C|T,20987_C|T,21057_C|T,21615_T|G,21846_C|T,22036_A|C,22882_T|A,23403_A|G,23604_C|A,23625_C|T,23765_T|G,24442_C|T,24642_C|T,26222_C|T,27389_C|T,27769_C|T,28048_G|A,28330_A|G,28854_C|T,28910_A|T,29543_G|T,11288_11296,26158_26161,28271,14_.|C
USA/SEARCH-32760/2021	XB	241_C|T,518_A|T,1190_C|T,3037_C|T,3688_C|T,3884_C|T,6633_C|T,6717_G|T,7142_A|G,8480_C|T,9614_A|G,9693_C|T,9754_A|C,14408_C|T,14452_G|A,15237_C|T,15451_G|A,16269_G|A,16466_C|T,19151_C|T,20987_C|T,21057_C|T,21615_T|G,21846_C|T,22036_A|C,22882_T|A,23403_A|G,23604_C|A,23625_C|T,23765_T|G,24442_C|T,24642_C|T,26222_C|T,27389_C|T,27769_C|T,28048_G|A,28330_A|G,28854_C|T,28910_A|T,29543_G|T,11288_11296,26158_26161,28271,14_.|C
USA/SEARCH-32805/2021	XB	241_C|T,518_A|T,1190_C|T,3037_C|T,3688_C|T,3884_C|T,6633_C|T,6717_G|T,7142_A|G,8480_C|T,9614_A|G,9693_C|T,9723_T|G,9754_A|C,14246_A|G,14408_C|T,14452_G|A,15237_C|T,15451_G|A,16269_G|A,16466_C|T,20987_C|T,21057_C|T,21615_T|G,21846_C|T,22036_A|C,22882_T|A,23403_A|G,23604_C|A,23625_C|T,23765_T|G,24442_C|T,24642_C|T,26222_C|T,26270_C|T,27389_C|T,27769_C|T,28048_G|A,28330_A|G,28854_C|T,28910_A|T,29543_G|T,11288_11296,26158_26161,28271,14_.|C
USA/SEARCH-38881/2021	XB	241_C|T,518_A|T,1190_C|T,3037_C|T,3688_C|T,3884_C|T,6633_C|T,6717_G|T,7142_A|G,8480_C|T,9614_A|G,9693_C|T,9754_A|C,14246_A|G,14408_C|T,14452_G|A,15237_C|T,15451_G|A,16269_G|A,16466_C|T,20987_C|T,21057_C|T,21615_T|G,21846_C|T,22036_A|C,22882_T|A,23083_A|C,23403_A|G,23604_C|A,23625_C|T,23765_T|G,24442_C|T,24642_C|T,26222_C|T,26270_C|T,27389_C|T,27769_C|T,28048_G|A,28330_A|G,28854_C|T,28910_A|T,29543_G|T,11288_11296,26158_26161,28271
USA/SEARCH-38926/2021	XB	241_C|T,1255_A|G,3037_C|T,3688_C|T,3884_C|T,6633_C|T,7142_A|G,9614_A|G,9693_C|T,9754_A|C,12591_T|C,14408_C|T,15026_C|T,15451_G|A,16466_C|T,21057_C|T,21615_T|G,21846_C|T,22036_A|C,22498_C|T,22882_T|A,23403_A|G,23604_C|A,23625_C|T,23638_C|T,23765_T|G,24442_C|T,24642_C|T,25513_C|T,26222_C|T,27389_C|T,27427_C|T,27769_C|T,28048_G|A,28330_A|G,28854_C|T,28910_A|T,11288_11296,26158_26161,28271,14_.|C
USA/SEARCH-41164/2021	XB	241_C|T,1255_A|G,3037_C|T,3688_C|T,3884_C|T,6633_C|T,7142_A|G,7573_C|A,9614_A|G,9693_C|T,9754_A|C,12591_T|C,14408_C|T,15026_C|T,15451_G|A,16466_C|T,18424_A|T,21057_C|T,21615_T|G,21846_C|T,22036_A|C,22498_C|T,22882_T|A,23403_A|G,23604_C|A,23625_C|T,23638_C|T,23765_T|G,24442_C|T,24642_C|T,25513_C|T,26222_C|T,27389_C|T,27427_C|T,27769_C|T,28048_G|A,28330_A|G,28854_C|T,28910_A|T,11288_11296,26158_26161,28271
USA/SEARCH-50426/2021	XB	241_C|T,1255_A|G,2945_G|T,3037_C|T,3688_C|T,3884_C|T,6633_C|T,7142_A|G,7573_C|A,9614_A|G,9693_C|T,9754_A|C,12591_T|C,14408_C|T,15026_C|T,15451_G|A,16466_C|T,18424_A|T,21057_C|T,21615_T|G,21846_C|T,22036_A|C,22498_C|T,22882_T|A,23403_A|G,23604_C|A,23625_C|T,23638_C|T,23765_T|G,24442_C|T,24642_C|T,25513_C|T,26222_C|T,27389_C|T,27427_C|T,27577_C|G,27769_C|T,28048_G|A,28330_A|G,28854_C|T,28910_A|T,28942_G|C,29073_C|T,29104_T|G,11288_11296,26158_26161,28271,14_.|C
USA/SEARCH-54742/2021	XB	241_C|T,1255_A|G,3037_C|T,3688_C|T,3884_C|T,6633_C|T,7142_A|G,7573_C|A,9614_A|G,9693_C|T,9754_A|C,12591_T|C,14408_C|T,15026_C|T,15451_G|A,16466_C|T,18260_T|A,18424_A|T,21057_C|T,21615_T|G,21846_C|T,22036_A|C,22498_C|T,22882_T|A,23403_A|G,23604_C|A,23625_C|T,23638_C|T,23765_T|G,24442_C|T,24642_C|T,25513_C|T,26222_C|T,27389_C|T,27427_C|T,27769_C|T,28048_G|A,28330_A|G,28854_C|T,28910_A|T,11288_11296,26158_26161,28271,14_.|C
USA/SRL_329556418/2021	XB	241_C|T,398_C|T,1255_A|G,3037_C|T,3688_C|T,3884_C|T,6633_C|T,7142_A|G,9614_A|G,9693_C|T,9754_A|C,14408_C|T,15026_C|T,15451_G|A,16466_C|T,21057_C|T,21615_T|G,21846_C|T,22036_A|C,22882_T|A,23403_A|G,23604_C|A,23625_C|T,23638_C|T,23765_T|G,24378_C|T,24442_C|T,24642_C|T,26222_C|T,27389_C|T,27769_C|T,28048_G|A,28326_G|T,28330_A|G,28854_C|T,28910_A|T,29085_C|T,11288_11296,26158_26161,28271
USA/TG955368/2021	XB	241_C|T,1255_A|G,3037_C|T,3688_C|T,3884_C|T,6633_C|T,7142_A|G,9614_A|G,9693_C|T,9754_A|C,12174_A|G,14408_C|T,15026_C|T,15451_G|A,16466_C|T,21057_C|T,21612_A|G,21615_T|G,21846_C|T,22036_A|C,23403_A|G,23604_C|A,23625_C|T,23638_C|T,23765_T|G,24442_C|T,24642_C|T,26222_C|T,27389_C|T,27769_C|T,28048_G|A,28330_A|G,28854_C|T,28910_A|T,11288_11296,26158_26161,28271
USA/TN-CDC-ASC210064992/2021	XB	241_C|T,1255_A|G,3037_C|T,3688_C|T,3884_C|T,4002_C|T,6633_C|T,7142_A|G,9614_A|G,9693_C|T,9754_A|C,10181_A|G,12591_T|C,14408_C|T,15026_C|T,15451_G|A,16466_C|T,21057_C|T,21615_T|G,21846_C|T,22036_A|C,22498_C|T,22882_T|A,23403_A|G,23604_C|A,23625_C|T,23638_C|T,23765_T|G,24442_C|T,24642_C|T,25513_C|T,26222_C|T,26310_T|A,27389_C|T,27427_C|T,27769_C|T,28048_G|A,28330_A|G,28854_C|T,28910_A|T,11288_11296,26158_26161,28271
USA/TN-CDC-QDX26400288/2021	XB	241_C|T,1255_A|G,3037_C|T,3688_C|T,3884_C|T,6633_C|T,6894_G|T,7142_A|G,9614_A|G,9693_C|T,9754_A|C,11962_C|T,14408_C|T,15026_C|T,15451_G|A,16466_C|T,21057_C|T,21615_T|G,21846_C|T,22036_A|C,22882_T|A,23403_A|G,23604_C|A,23625_C|T,23638_C|T,23765_T|G,24378_C|T,24406_T|G,24442_C|T,24642_C|T,26222_C|T,27389_C|T,27769_C|T,28048_G|A,28330_A|G,28854_C|T,28910_A|T,11288_11296,26158_26161,28271
USA/TX-CDC-4224341-001/2021	XB	241_C|T,1255_A|G,2536_C|T,3037_C|T,3688_C|T,3884_C|T,5654_C|T,6633_C|T,7142_A|G,8449_A|G,9614_A|G,9693_C|T,9754_A|C,12591_T|C,13715_A|G,14408_C|T,15026_C|T,15451_G|A,16466_C|T,21057_C|T,21615_T|G,21846_C|T,22036_A|C,22498_C|T,22882_T|A,23403_A|G,23604_C|A,23625_C|T,23638_C|T,23765_T|G,24442_C|T,24642_C|T,25179_A|T,25513_C|T,25526_G|T,26222_C|T,27214_G|T,27389_C|T,27427_C|T,27769_C|T,28048_G|A,28330_A|G,28854_C|T,28910_A|T,11288_11296,26158_26161,28271
USA/TX-CDC-ASC210046776/2021	XB	241_C|T,1255_A|G,2048_C|T,3037_C|T,3688_C|T,3884_C|T,5301_C|T,6633_C|T,7142_A|G,9614_A|G,9693_C|T,9754_A|C,10537_C|T,11976_C|T,13754_G|A,14408_C|T,15026_C|T,15451_G|A,16466_C|T,21057_C|T,21615_T|G,21846_C|T,22036_A|C,22882_T|A,23403_A|G,23604_C|A,23625_C|T,23638_C|T,23765_T|G,24442_C|T,24642_C|T,26222_C|T,27389_C|T,27679_C|T,27769_C|T,28048_G|A,28330_A|G,28854_C|T,28910_A|T,11288_11296,26158_26161,28271
USA/TX-CDC-ASC210072015/2021	XB	241_C|T,1163_A|C,1255_A|G,2701_C|T,3037_C|T,3688_C|T,3884_C|T,6633_C|T,7142_A|G,9614_A|G,9693_C|T,9754_A|C,14408_C|T,15026_C|T,15451_G|A,16466_C|T,21057_C|T,21615_T|G,21691_C|T,21846_C|T,22036_A|C,22882_T|A,23403_A|G,23604_C|A,23625_C|T,23638_C|T,23765_T|G,24442_C|T,24642_C|T,26222_C|T,27389_C|T,27769_C|T,28045_C|T,28048_G|A,28330_A|G,28854_C|T,28910_A|T,11288_11296,26158_26161,28271
USA/TX-CDC-ASC210097484/2021	XB	241_C|T,1255_A|G,2918_C|T,3037_C|T,3688_C|T,3884_C|T,6633_C|T,7142_A|G,9614_A|G,9693_C|T,9754_A|C,10908_C|T,12591_T|C,14408_C|T,15026_C|T,15451_G|A,16466_C|T,20703_C|T,21057_C|T,21615_T|G,21846_C|T,22036_A|C,22346_G|T,22468_G|A,22498_C|T,22882_T|A,23403_A|G,23604_C|A,23625_C|T,23638_C|T,23765_T|G,24442_C|T,24642_C|T,24872_G|T,25217_G|T,25513_C|T,26222_C|T,27389_C|T,27427_C|T,27526_C|A,27769_C|T,28008_A|G,28048_G|A,28330_A|G,28854_C|T,28910_A|T,29541_C|T,29565_A|G,11288_11296,26158_26161,28271
USA/TX-CDC-ASC210107011/2021	XB	241_C|T,1255_A|G,3037_C|T,3688_C|T,3884_C|T,6633_C|T,7142_A|G,9614_A|G,9693_C|T,9754_A|C,10702_C|T,11058_C|A,11442_C|T,14408_C|T,15026_C|T,15451_G|A,16466_C|T,21057_C|T,21615_T|G,21846_C|T,22036_A|C,22363_G|T,22882_T|A,23403_A|G,23604_C|A,23625_C|T,23638_C|T,23765_T|G,24442_C|T,24642_C|T,25641_G|T,26222_C|T,27389_C|T,27769_C|T,28048_G|A,28330_A|G,28854_C|T,28910_A|T,29210_G|T,11288_11296,26158_26161,27580_27620,28271
USA/TX-CDC-ASC210110293/2021	XB	241_C|T,1191_C|T,3037_C|T,3688_C|T,3884_C|T,3916_A|C,6633_C|T,7142_A|G,7735_C|T,7942_T|G,9614_A|G,9693_C|T,9754_A|C,12224_G|A,14408_C|T,15451_G|A,16466_C|T,18185_T|C,20060_G|T,21057_C|T,21111_T|C,21615_T|G,21846_C|T,22036_A|C,22882_T|A,23403_A|G,23441_G|A,23604_C|A,23625_C|T,23765_T|G,24442_C|T,24642_C|T,26222_C|T,27389_C|T,27561_G|T,27769_C|T,28048_G|A,28330_A|G,28854_C|T,28910_A|T,11288_11296,26158_26161,28271
USA/TX-CDC-ASC210113506/2021	XB	241_C|T,1255_A|G,3037_C|T,3688_C|T,3884_C|T,6633_C|T,7142_A|G,9614_A|G,9693_C|T,9754_A|C,12594_A|G,14408_C|T,15026_C|T,15451_G|A,16466_C|T,18803_G|T,21057_C|T,21615_T|G,21846_C|T,22036_A|C,23403_A|G,23604_C|A,23625_C|T,23638_C|T,23765_T|G,24378_C|T,24406_T|G,24442_C|T,24642_C|T,26222_C|T,27389_C|T,27769_C|T,28048_G|A,28330_A|G,28854_C|T,28910_A|T,11288_11296,26158_26161,28271
USA/TX-CDC-ASC210154470/2021	XB	241_C|T,1255_A|G,3037_C|T,3688_C|T,3884_C|T,5654_C|T,6633_C|T,7142_A|G,8449_A|G,9614_A|G,9693_C|T,9754_A|C,12591_T|C,13715_A|G,14408_C|T,15026_C|T,15451_G|A,16466_C|T,21057_C|T,21615_T|G,21846_C|T,22036_A|C,22498_C|T,23403_A|G,23604_C|A,23625_C|T,23638_C|T,23765_T|G,24442_C|T,24642_C|T,25179_A|T,25513_C|T,25526_G|T,26222_C|T,27214_G|T,27389_C|T,27427_C|T,27769_C|T,28048_G|A,28330_A|G,28854_C|T,28910_A|T,11288_11296,26158_26161,28271
USA/TX-CDC-ASC210155877/2021	XB	241_C|T,1255_A|G,3037_C|T,3688_C|T,3884_C|T,6633_C|T,7142_A|G,9614_A|G,9693_C|T,9754_A|C,14408_C|T,15026_C|T,15451_G|A,16466_C|T,21057_C|T,21615_T|G,21846_C|T,22036_A|C,23403_A|G,23604_C|A,23625_C|T,23638_C|T,23765_T|G,24378_C|T,24406_T|G,24442_C|T,24642_C|T,26222_C|T,27389_C|T,27769_C|T,28048_G|A,28330_A|G,28854_C|T,28910_A|T,11288_11296,26158_26161,28271
USA/TX-CDC-ASC210161364/2021	XB	241_C|T,1255_A|G,3037_C|T,3688_C|T,3884_C|T,5281_C|T,5654_C|T,6633_C|T,7142_A|G,8449_A|G,9614_A|G,9693_C|T,9754_A|C,12591_T|C,13715_A|G,14408_C|T,15026_C|T,15451_G|A,16466_C|T,21057_C|T,21615_T|G,21846_C|T,22036_A|C,22498_C|T,23403_A|G,23604_C|A,23625_C|T,23638_C|T,23765_T|G,24442_C|T,24642_C|T,25179_A|T,25513_C|T,25526_G|T,26222_C|T,27214_G|T,27389_C|T,27427_C|T,27769_C|T,28048_G|A,28330_A|G,28854_C|T,28910_A|T,11288_11296,26158_26161,28271
USA/TX-CDC-ASC210173455/2021	XB	241_C|T,1255_A|G,3037_C|T,3688_C|T,3884_C|T,6633_C|T,7142_A|G,9614_A|G,9693_C|T,9745_C|T,9754_A|C,12591_T|C,14408_C|T,14741_C|T,15026_C|T,15451_G|A,16466_C|T,21057_C|T,21137_A|G,21615_T|G,21846_C|T,21997_C|T,22036_A|C,23403_A|G,23604_C|A,23625_C|T,23638_C|T,23765_T|G,24442_C|T,24642_C|T,25513_C|T,26222_C|T,26310_T|A,27389_C|T,27427_C|T,27769_C|T,28048_G|A,28330_A|G,28854_C|T,28910_A|T,11288_11296,26158_26161,28271
USA/TX-CDC-ASC210186364/2021	XB	241_C|T,1255_A|G,3037_C|T,3688_C|T,3884_C|T,6633_C|T,9614_A|G,9693_C|T,9754_A|C,12513_C|T,13948_G|A,14408_C|T,15026_C|T,15451_G|A,16466_C|T,19602_C|A,21057_C|T,21615_T|G,21846_C|T,22036_A|C,23403_A|G,23604_C|A,23625_C|T,23638_C|T,23765_T|G,24378_C|T,24442_C|T,24642_C|T,26222_C|T,27389_C|T,27769_C|T,28048_G|A,28330_A|G,28854_C|T,28910_A|T,11288_11296,26158_26161,28271
USA/TX-CDC-ASC210187673/2021	XB	241_C|T,1255_A|G,3037_C|T,3688_C|T,3884_C|T,4999_C|T,6633_C|T,7142_A|G,9614_A|G,9693_C|T,9754_A|C,14408_C|T,15026_C|T,15451_G|A,16466_C|T,21057_C|T,21615_T|G,21846_C|T,22036_A|C,23403_A|G,23604_C|A,23625_C|T,23638_C|T,23765_T|G,24378_C|T,24442_C|T,24642_C|T,26222_C|T,27389_C|T,27769_C|T,28048_G|A,28326_G|T,28330_A|G,28854_C|T,28910_A|T,29085_C|T,11288_11296,26158_26161,28271
USA/TX-CDC-ASC210209354/2021	XB	224_T|C,241_C|T,1255_A|G,3037_C|T,3688_C|T,3884_C|T,6633_C|T,7142_A|G,9614_A|G,9693_C|T,9745_C|T,9754_A|C,12591_T|C,14408_C|T,14741_C|T,15026_C|T,15451_G|A,16466_C|T,21057_C|T,21137_A|G,21615_T|G,21846_C|T,22036_A|C,22498_C|T,22882_T|A,23403_A|G,23604_C|A,23625_C|T,23638_C|T,23765_T|G,24442_C|T,24642_C|T,25513_C|T,26222_C|T,26310_T|A,27389_C|T,27427_C|T,27769_C|T,28048_G|A,28330_A|G,28854_C|T,28910_A|T,11288_11296,26158_26161,28271
USA/TX-CDC-ASC210233986/2021	XB	241_C|T,1255_A|G,1716_C|T,3037_C|T,3688_C|T,3884_C|T,4002_C|T,6633_C|T,7142_A|G,9614_A|G,9693_C|T,9754_A|C,10116_C|T,10181_A|G,12591_T|C,14408_C|T,15026_C|T,15451_G|A,16466_C|T,21057_C|T,21615_T|G,21846_C|T,22036_A|C,22498_C|T,22882_T|A,23403_A|G,23604_C|A,23625_C|T,23638_C|T,23765_T|G,24442_C|T,24642_C|T,25513_C|T,26222_C|T,26310_T|A,27389_C|T,27427_C|T,27769_C|T,28048_G|A,28330_A|G,28854_C|T,28910_A|T,11288_11296,26158_26161,28271
USA/TX-CDC-ASC210237520/2021	XB	241_C|T,1255_A|G,3037_C|T,3688_C|T,3884_C|T,6633_C|T,6690_C|T,7142_A|G,9614_A|G,9693_C|T,9754_A|C,12591_T|C,14408_C|T,15026_C|T,15451_G|A,16466_C|T,17288_C|T,21057_C|T,21615_T|G,21846_C|T,22000_C|T,22036_A|C,22498_C|T,22882_T|A,23403_A|G,23604_C|A,23625_C|T,23638_C|T,23765_T|G,24442_C|T,24642_C|T,24819_A|G,25513_C|T,26222_C|T,27389_C|T,27427_C|T,27769_C|T,27920_C|T,28048_G|A,28330_A|G,28739_G|T,28854_C|T,28910_A|T,11288_11296,26158_26161,28271
USA/TX-CDC-ASC210320133/2021	XB	241_C|T,1255_A|G,1758_C|T,2862_C|T,3037_C|T,3688_C|T,3884_C|T,6633_C|T,7142_A|G,9614_A|G,9693_C|T,9754_A|C,11090_A|C,13617_G|T,14408_C|T,15026_C|T,15451_G|A,15714_C|T,16466_C|T,20262_A|G,21057_C|T,21615_T|G,21618_C|T,21846_C|T,22036_A|C,23403_A|G,23604_C|A,23625_C|T,23638_C|T,23765_T|G,24378_C|T,24406_T|G,24442_C|T,24642_C|T,26222_C|T,27389_C|T,27769_C|T,28048_G|A,28330_A|G,28854_C|T,28910_A|T,29734_G|C,29774_C|T,11288_11296,26158_26161,28271
USA/TX-CDC-FG-027830/2021	XB	241_C|T,1163_A|C,1255_A|G,2701_C|T,3037_C|T,3688_C|T,3884_C|T,6633_C|T,7142_A|G,9614_A|G,9693_C|T,9754_A|C,14408_C|T,15026_C|T,15451_G|A,16466_C|T,21057_C|T,21615_T|G,21691_C|T,21846_C|T,22036_A|C,22882_T|A,23403_A|G,23604_C|A,23625_C|T,23638_C|T,23765_T|G,24442_C|T,24642_C|T,26222_C|T,27389_C|T,27769_C|T,28045_C|T,28048_G|A,28330_A|G,28854_C|T,28910_A|T,11288_11296,26158_26161,28271
USA/TX-CDC-FG-031848/2021	XB	241_C|T,1255_A|G,3037_C|T,3688_C|T,3884_C|T,6633_C|T,7142_A|G,7328_G|T,9614_A|G,9693_C|T,9754_A|C,14408_C|T,15026_C|T,15451_G|A,16466_C|T,21057_C|T,21615_T|G,21691_C|T,21846_C|T,22036_A|C,22882_T|A,23403_A|G,23604_C|A,23625_C|T,23638_C|T,23765_T|G,24442_C|T,24642_C|T,24863_C|T,26222_C|T,27389_C|T,27769_C|T,28045_C|T,28048_G|A,28330_A|G,28657_C|T,28854_C|T,28910_A|T,11288_11296,26158_26161,28271
USA/TX-CDC-FG-032095/2021	XB	241_C|T,1255_A|G,3037_C|T,3688_C|T,3884_C|T,6633_C|T,7142_A|G,7420_C|T,9614_A|G,9693_C|T,9754_A|C,11083_G|T,14408_C|T,15026_C|T,15451_G|A,16466_C|T,16877_C|T,21057_C|T,21615_T|G,21846_C|T,22036_A|C,22689_C|T,22882_T|A,23403_A|G,23604_C|A,23625_C|T,23638_C|T,23765_T|G,24442_C|T,24642_C|T,26222_C|T,26951_G|C,27389_C|T,27769_C|T,28045_C|T,28048_G|A,28854_C|T,28910_A|T,11288_11296,26158_26161,28271
USA/TX-CDC-FG-034111/2021	XB	241_C|T,1102_C|T,1255_A|G,1516_T|C,2961_A|G,3037_C|T,3688_C|T,3884_C|T,6633_C|T,7011_C|T,7142_A|G,9614_A|G,9693_C|T,9754_A|C,10279_C|A,14408_C|T,15026_C|T,15451_G|A,16466_C|T,20104_C|T,21057_C|T,21615_T|G,21846_C|T,22036_A|C,22882_T|A,23403_A|G,23604_C|A,23625_C|T,23638_C|T,23765_T|G,24442_C|T,24642_C|T,26222_C|T,27389_C|T,27463_G|A,27521_A|G,27769_C|T,28045_C|T,28048_G|A,28330_A|G,28854_C|T,28910_A|T,11288_11296,26158_26161,28271
USA/TX-CDC-FG-037281/2021	XB	241_C|T,1102_C|T,1255_A|G,2961_A|G,3037_C|T,3688_C|T,3884_C|T,6633_C|T,7011_C|T,7142_A|G,9614_A|G,9693_C|T,9754_A|C,10279_C|A,14408_C|T,15026_C|T,15451_G|A,16466_C|T,20104_C|T,21057_C|T,21615_T|G,21846_C|T,22036_A|C,22882_T|A,23403_A|G,23604_C|A,23625_C|T,23638_C|T,23765_T|G,24237_C|T,24442_C|T,24642_C|T,26222_C|T,27389_C|T,27521_A|G,27769_C|T,28045_C|T,28048_G|A,28330_A|G,28854_C|T,28910_A|T,515_517,11288_11296,26158_26161,28271
USA/TX-CDC-FG-037785/2021	XB	241_C|T,1255_A|G,3037_C|T,3688_C|T,3884_C|T,4684_T|C,6633_C|T,7142_A|G,7420_C|T,9614_A|G,9693_C|T,9754_A|C,14178_C|T,14408_C|T,15026_C|T,15451_G|A,16466_C|T,21057_C|T,21615_T|G,21846_C|T,22036_A|C,22224_C|T,22882_T|A,23403_A|G,23596_T|C,23604_C|A,23625_C|T,23638_C|T,23765_T|G,24442_C|T,24642_C|T,26222_C|T,27297_C|T,27389_C|T,27769_C|T,27971_T|C,28045_C|T,28048_G|A,28330_A|G,28854_C|T,28910_A|T,11288_11296,26158_26161,28271
USA/TX-CDC-FG-037809/2021	XB	241_C|T,1255_A|G,3037_C|T,3688_C|T,3884_C|T,6633_C|T,7142_A|G,9614_A|G,9693_C|T,9754_A|C,12591_T|C,14408_C|T,15026_C|T,15451_G|A,16466_C|T,20703_C|T,21057_C|T,21615_T|G,21846_C|T,22036_A|C,22498_C|T,22882_T|A,23403_A|G,23604_C|A,23625_C|T,23638_C|T,23765_T|G,24442_C|T,24642_C|T,25513_C|T,26222_C|T,27389_C|T,27427_C|T,27769_C|T,28048_G|A,28330_A|G,28854_C|T,28910_A|T,11288_11296,26158_26161,28271
USA/TX-CDC-FG-039343/2021	XB	241_C|T,1255_A|G,3037_C|T,3688_C|T,3884_C|T,5654_C|T,6633_C|T,7142_A|G,8449_A|G,9614_A|G,9693_C|T,9754_A|C,12591_T|C,13715_A|G,14408_C|T,15026_C|T,15451_G|A,16466_C|T,21057_C|T,21615_T|G,21846_C|T,22036_A|C,22498_C|T,22882_T|A,23403_A|G,23604_C|A,23625_C|T,23638_C|T,23765_T|G,24442_C|T,24642_C|T,25179_A|T,25513_C|T,25526_G|T,26222_C|T,27214_G|T,27389_C|T,27427_C|T,27769_C|T,28048_G|A,28330_A|G,28854_C|T,28910_A|T,11288_11296,26158_26161,28271
USA/TX-CDC-FG-039380/2021	XB	241_C|T,1255_A|G,3037_C|T,3688_C|T,3884_C|T,5654_C|T,6633_C|T,7142_A|G,8449_A|G,9614_A|G,9693_C|T,9754_A|C,12591_T|C,13715_A|G,14408_C|T,15026_C|T,15451_G|A,16466_C|T,21057_C|T,21615_T|G,21846_C|T,22036_A|C,22498_C|T,22882_T|A,23403_A|G,23604_C|A,23625_C|T,23638_C|T,23765_T|G,24442_C|T,24642_C|T,25179_A|T,25513_C|T,25526_G|T,26222_C|T,27214_G|T,27389_C|T,27427_C|T,27769_C|T,28048_G|A,28330_A|G,28854_C|T,28910_A|T,11288_11296,26158_26161,28271
USA/TX-CDC-FG-040311/2021	XB	241_C|T,1255_A|G,3037_C|T,3688_C|T,3884_C|T,5654_C|T,6633_C|T,7142_A|G,8449_A|G,9614_A|G,9693_C|T,9754_A|C,12591_T|C,13715_A|G,14408_C|T,15026_C|T,15451_G|A,16466_C|T,21057_C|T,21615_T|G,21846_C|T,22036_A|C,22498_C|T,22882_T|A,23403_A|G,23604_C|A,23625_C|T,23638_C|T,23765_T|G,24442_C|T,24642_C|T,25179_A|T,25513_C|T,25526_G|T,26222_C|T,27214_G|T,27389_C|T,27427_C|T,27769_C|T,28048_G|A,28330_A|G,28854_C|T,28910_A|T,11288_11296,26158_26161,28271
USA/TX-CDC-FG-041185/2021	XB	241_C|T,1255_A|G,3037_C|T,3688_C|T,3884_C|T,5654_C|T,6633_C|T,7142_A|G,8449_A|G,9392_A|G,9614_A|G,9693_C|T,9754_A|C,12591_T|C,13715_A|G,14408_C|T,15026_C|T,15451_G|A,16466_C|T,21057_C|T,21615_T|G,21846_C|T,22036_A|C,22498_C|T,22882_T|A,23403_A|G,23604_C|A,23625_C|T,23638_C|T,23765_T|G,24442_C|T,24642_C|T,25179_A|T,25513_C|T,25526_G|T,26222_C|T,27214_G|T,27389_C|T,27427_C|T,27769_C|T,28048_G|A,28330_A|G,28854_C|T,28910_A|T,11288_11296,26158_26161,28271
USA/TX-CDC-FG-041436/2021	XB	241_C|T,3037_C|T,3688_C|T,3884_C|T,4513_T|A,4824_C|T,6633_C|T,7142_A|G,9206_T|G,9614_A|G,9693_C|T,9754_A|C,10180_G|T,10748_C|T,14408_C|T,15451_G|A,16466_C|T,19085_A|G,21057_C|T,21615_T|G,21846_C|T,22036_A|C,22729_T|G,22882_T|A,23403_A|G,23604_C|A,23625_C|T,23765_T|G,24442_C|T,24642_C|T,25538_G|T,25942_T|C,26222_C|T,27389_C|T,27769_C|T,27892_A|G,28048_G|A,28330_A|G,28854_C|T,28910_A|T,11288_11296,26158_26161,28271
USA/TX-CDC-FG-072214/2021	XB	241_C|T,583_C|T,1419_C|T,3037_C|T,3688_C|T,3884_C|T,6633_C|T,6717_G|T,6998_T|C,7142_A|G,8480_C|T,9614_A|G,9693_C|T,9754_A|C,13923_C|T,14408_C|T,15451_G|A,16466_C|T,17403_C|T,20987_C|T,21057_C|T,21615_T|G,21846_C|T,22036_A|C,22882_T|A,23191_C|T,23403_A|G,23604_C|A,23625_C|T,23765_T|G,24442_C|T,24642_C|T,25407_G|T,26222_C|T,27389_C|T,27769_C|T,28048_G|A,28330_A|G,28854_C|T,28910_A|T,29543_G|T,29546_C|T,11288_11296,26158_26161,28271
USA/TX-CDC-LC0059190/2021	XB	241_C|T,1255_A|G,3037_C|T,3688_C|T,3884_C|T,4207_G|T,6633_C|T,7142_A|G,9614_A|G,9693_C|T,9754_A|C,14408_C|T,15026_C|T,15451_G|A,16466_C|T,19334_A|G,21057_C|T,21615_T|G,21846_C|T,22036_A|C,22882_T|A,23403_A|G,23604_C|A,23625_C|T,23638_C|T,23765_T|G,24378_C|T,24406_T|G,24442_C|T,24642_C|T,26222_C|T,27389_C|T,27769_C|T,28048_G|A,28330_A|G,28854_C|T,28910_A|T,11288_11296,26158_26161,28271
USA/TX-CDC-LC0059961/2021	XB	241_C|T,1255_A|G,3037_C|T,3688_C|T,3884_C|T,6633_C|T,7142_A|G,9614_A|G,9693_C|T,9754_A|C,10702_C|T,14408_C|T,15026_C|T,15451_G|A,16466_C|T,21057_C|T,21615_T|G,21846_C|T,22036_A|C,22363_G|T,22882_T|A,23403_A|G,23604_C|A,23625_C|T,23638_C|T,23765_T|G,24442_C|T,24642_C|T,24914_G|C,26222_C|T,27389_C|T,27769_C|T,28048_G|A,28330_A|G,28854_C|T,28895_G|T,28910_A|T,29210_G|T,11288_11296,26158_26161,27580_27620,28271
USA/TX-CDC-LC0069533/2021	XB	241_C|T,3037_C|T,3688_C|T,3884_C|T,6633_C|T,7142_A|G,9614_A|G,9693_C|T,9754_A|C,14408_C|T,15451_G|A,16466_C|T,19085_A|G,21057_C|T,21615_T|G,21846_C|T,22036_A|C,22882_T|A,23403_A|G,23604_C|A,23625_C|T,23765_T|G,24442_C|T,24642_C|T,25942_T|C,26222_C|T,27389_C|T,27769_C|T,27892_A|G,28048_G|A,28330_A|G,28854_C|T,28910_A|T,11288_11296,26158_26161,28271
USA/TX-CDC-LC0071078/2021	XB	241_C|T,1255_A|G,3037_C|T,3688_C|T,3884_C|T,6633_C|T,7142_A|G,9614_A|G,9693_C|T,9754_A|C,12591_T|C,14408_C|T,15026_C|T,15451_G|A,16466_C|T,21057_C|T,21615_T|G,21846_C|T,22036_A|C,22498_C|T,22882_T|A,23403_A|G,23604_C|A,23625_C|T,23638_C|T,23765_T|G,24442_C|T,24642_C|T,25513_C|T,26222_C|T,27389_C|T,27427_C|T,27769_C|T,28048_G|A,28330_A|G,28854_C|T,28910_A|T,11288_11296,26158_26161,28271
USA/TX-CDC-LC0071091/2021	XB	241_C|T,3037_C|T,3688_C|T,3884_C|T,6633_C|T,7142_A|G,9614_A|G,9693_C|T,9754_A|C,14408_C|T,15451_G|A,16466_C|T,19085_A|G,21057_C|T,21615_T|G,21846_C|T,22036_A|C,22882_T|A,23403_A|G,23604_C|A,23625_C|T,23765_T|G,24442_C|T,24642_C|T,25942_T|C,26222_C|T,27389_C|T,27769_C|T,27892_A|G,28048_G|A,28330_A|G,28854_C|T,28910_A|T,11288_11296,26158_26161,28271
USA/TX-CDC-LC0073589/2021	XB	241_C|T,3037_C|T,3688_C|T,3884_C|T,6633_C|T,6843_C|T,7142_A|G,9614_A|G,9693_C|T,9754_A|C,13510_A|G,14408_C|T,15451_G|A,16466_C|T,19085_A|G,21057_C|T,21615_T|G,21846_C|T,22036_A|C,22882_T|A,23403_A|G,23604_C|A,23625_C|T,23765_T|G,24442_C|T,24642_C|T,25637_A|G,25942_T|C,26222_C|T,27389_C|T,27769_C|T,27892_A|G,28048_G|A,28330_A|G,28854_C|T,28910_A|T,11288_11296,26158_26161,27694_27697,28271
USA/TX-CDC-LC0073857/2021	XB	241_C|T,1255_A|G,3037_C|T,3688_C|T,3775_C|T,3884_C|T,6633_C|T,7142_A|G,9614_A|G,9693_C|T,9754_A|C,14408_C|T,15026_C|T,15451_G|A,16466_C|T,21057_C|T,21846_C|T,22036_A|C,22498_C|T,22882_T|A,23403_A|G,23604_C|A,23625_C|T,23638_C|T,23765_T|G,24442_C|T,24642_C|T,25513_C|T,26222_C|T,26310_T|A,27389_C|T,27427_C|T,27672_T|A,27673_C|A,27769_C|T,28048_G|A,28330_A|G,28854_C|T,28910_A|T,29449_G|T,11288_11296,26158_26161,28271
USA/TX-CDC-LC0083422/2021	XB	241_C|T,1255_A|G,3037_C|T,3688_C|T,3884_C|T,5096_A|G,6633_C|T,7142_A|G,9614_A|G,9693_C|T,9754_A|C,12591_T|C,14408_C|T,15026_C|T,15451_G|A,16466_C|T,21057_C|T,21615_T|G,21846_C|T,22036_A|C,22498_C|T,22882_T|A,23403_A|G,23604_C|A,23625_C|T,23638_C|T,23765_T|G,24442_C|T,24642_C|T,25513_C|T,26222_C|T,26461_C|T,27389_C|T,27427_C|T,27769_C|T,28048_G|A,28330_A|G,28854_C|T,28910_A|T,29706_G|T,11288_11296,26158_26161,28271
USA/TX-CDC-LC0085051/2021	XB	241_C|T,1255_A|G,3037_C|T,3688_C|T,3884_C|T,4686_C|T,6633_C|T,7142_A|G,9112_C|T,9614_A|G,9693_C|T,9754_A|C,12591_T|C,14408_C|T,15026_C|T,15451_G|A,16466_C|T,21057_C|T,21615_T|G,21846_C|T,22036_A|C,22224_C|T,22498_C|T,22882_T|A,23403_A|G,23604_C|A,23625_C|T,23638_C|T,23765_T|G,24442_C|T,24642_C|T,25513_C|T,26222_C|T,27389_C|T,27427_C|T,27769_C|T,28048_G|A,28330_A|G,28854_C|T,28910_A|T,11288_11296,26158_26161,28271
USA/TX-CDC-LC0085052/2021	XB	241_C|T,1255_A|G,3037_C|T,3688_C|T,3884_C|T,6633_C|T,7142_A|G,9614_A|G,9693_C|T,9754_A|C,12591_T|C,14408_C|T,15026_C|T,15451_G|A,16466_C|T,17676_C|T,21057_C|T,21615_T|G,21846_C|T,22036_A|C,22498_C|T,22882_T|A,23403_A|G,23604_C|A,23625_C|T,23638_C|T,23765_T|G,24442_C|T,24642_C|T,25513_C|T,26222_C|T,27389_C|T,27427_C|T,27769_C|T,28048_G|A,28330_A|G,28854_C|T,28910_A|T,11288_11296,26158_26161,28271
USA/TX-CDC-LC0085169/2021	XB	241_C|T,1255_A|G,3037_C|T,3688_C|T,3884_C|T,6633_C|T,7142_A|G,9614_A|G,9693_C|T,9754_A|C,12591_T|C,14408_C|T,15026_C|T,15451_G|A,16466_C|T,17676_C|T,21057_C|T,21615_T|G,21846_C|T,22036_A|C,22498_C|T,22882_T|A,23403_A|G,23604_C|A,23625_C|T,23638_C|T,23765_T|G,24442_C|T,24642_C|T,25513_C|T,26222_C|T,27389_C|T,27427_C|T,27769_C|T,28048_G|A,28330_A|G,28854_C|T,28910_A|T,11288_11296,26158_26161,28271
USA/TX-CDC-LC0085171/2021	XB	241_C|T,1255_A|G,3037_C|T,3688_C|T,3884_C|T,6633_C|T,7142_A|G,9614_A|G,9693_C|T,9754_A|C,12591_T|C,14408_C|T,15026_C|T,15451_G|A,16466_C|T,17676_C|T,21057_C|T,21615_T|G,21846_C|T,22036_A|C,22498_C|T,22882_T|A,23403_A|G,23604_C|A,23625_C|T,23638_C|T,23765_T|G,24442_C|T,24642_C|T,25513_C|T,26222_C|T,27389_C|T,27427_C|T,27769_C|T,28048_G|A,28330_A|G,28854_C|T,28910_A|T,11288_11296,26158_26161,28271
USA/TX-CDC-LC0085172/2021	XB	241_C|T,1255_A|G,3037_C|T,3688_C|T,3884_C|T,6633_C|T,7142_A|G,9614_A|G,9693_C|T,9754_A|C,12591_T|C,14408_C|T,15026_C|T,15451_G|A,16466_C|T,17676_C|T,21057_C|T,21615_T|G,21846_C|T,22036_A|C,22498_C|T,22882_T|A,23403_A|G,23604_C|A,23625_C|T,23638_C|T,23765_T|G,24442_C|T,24642_C|T,25513_C|T,26222_C|T,27389_C|T,27427_C|T,27769_C|T,28048_G|A,28330_A|G,28854_C|T,28910_A|T,11288_11296,26158_26161,28271
USA/TX-CDC-LC0085200/2021	XB	241_C|T,1255_A|G,3037_C|T,3688_C|T,3884_C|T,6633_C|T,7142_A|G,9614_A|G,9693_C|T,9754_A|C,12591_T|C,14408_C|T,15026_C|T,15451_G|A,16466_C|T,17676_C|T,21057_C|T,21615_T|G,21846_C|T,22036_A|C,22498_C|T,22882_T|A,23403_A|G,23604_C|A,23625_C|T,23638_C|T,23765_T|G,24442_C|T,24642_C|T,25513_C|T,26222_C|T,27389_C|T,27427_C|T,27769_C|T,28048_G|A,28330_A|G,28854_C|T,28910_A|T,11288_11296,26158_26161,28271
USA/TX-CDC-LC0085203/2021	XB	241_C|T,1255_A|G,3037_C|T,3688_C|T,3884_C|T,6633_C|T,7142_A|G,9614_A|G,9693_C|T,9754_A|C,12591_T|C,14408_C|T,15026_C|T,15451_G|A,16466_C|T,17676_C|T,21057_C|T,21615_T|G,21846_C|T,22036_A|C,22498_C|T,22882_T|A,23403_A|G,23604_C|A,23625_C|T,23638_C|T,23765_T|G,24442_C|T,24642_C|T,25513_C|T,26222_C|T,27389_C|T,27427_C|T,27769_C|T,28048_G|A,28330_A|G,28854_C|T,28910_A|T,11288_11296,26158_26161,28271
USA/TX-CDC-LC0085383/2021	XB	241_C|T,1255_A|G,3037_C|T,3688_C|T,3884_C|T,5654_C|T,6633_C|T,7142_A|G,8449_A|G,9614_A|G,9693_C|T,9754_A|C,12591_T|C,13715_A|G,14408_C|T,15026_C|T,15451_G|A,16466_C|T,21057_C|T,21615_T|G,21846_C|T,22036_A|C,22498_C|T,22882_T|A,23403_A|G,23604_C|A,23625_C|T,23638_C|T,23765_T|G,24442_C|T,24642_C|T,25179_A|T,25513_C|T,25526_G|T,26222_C|T,27214_G|T,27389_C|T,27427_C|T,27769_C|T,28048_G|A,28330_A|G,28854_C|T,28910_A|T,11288_11296,26158_26161,28271
USA/TX-CDC-LC0085887/2021	XB	241_C|T,1255_A|G,3037_C|T,3688_C|T,3884_C|T,4686_C|T,6633_C|T,7142_A|G,9112_C|T,9614_A|G,9693_C|T,9754_A|C,12591_T|C,14408_C|T,15026_C|T,15451_G|A,16466_C|T,21057_C|T,21615_T|G,21846_C|T,22036_A|C,22224_C|T,22498_C|T,22882_T|A,23403_A|G,23604_C|A,23625_C|T,23638_C|T,23765_T|G,24442_C|T,24642_C|T,25513_C|T,26222_C|T,27389_C|T,27427_C|T,27769_C|T,28048_G|A,28330_A|G,28854_C|T,28910_A|T,29798_G|T,11288_11296,26158_26161,28271
USA/TX-CDC-LC0085900/2021	XB	241_C|T,1255_A|G,3037_C|T,3688_C|T,3884_C|T,5096_A|G,6633_C|T,7142_A|G,9614_A|G,9693_C|T,9754_A|C,12591_T|C,14408_C|T,15026_C|T,15451_G|A,16466_C|T,21057_C|T,21615_T|G,21846_C|T,22036_A|C,22498_C|T,22882_T|A,23403_A|G,23604_C|A,23625_C|T,23638_C|T,23765_T|G,24442_C|T,24642_C|T,25513_C|T,26222_C|T,26461_C|T,27389_C|T,27427_C|T,27769_C|T,28048_G|A,28330_A|G,28854_C|T,28910_A|T,29706_G|T,29810_G|T,11288_11296,26158_26161,28271
USA/TX-CDC-LC0091453/2021	XB	241_C|T,1255_A|G,3037_C|T,3688_C|T,3884_C|T,3977_G|A,6633_C|T,7142_A|G,8092_C|T,9614_A|G,9693_C|T,9754_A|C,9857_C|T,12994_T|A,14408_C|T,15026_C|T,15451_G|A,16466_C|T,19086_G|T,20777_T|C,21057_C|T,21615_T|G,21846_C|T,22036_A|C,22882_T|A,23403_A|G,23604_C|A,23625_C|T,23638_C|T,23765_T|G,24378_C|T,24406_T|G,24442_C|T,24642_C|T,26222_C|T,27389_C|T,27769_C|T,28048_G|A,28330_A|G,28854_C|T,28910_A|T,11288_11296,26158_26161,28271
USA/TX-CDC-LC0091626/2021	XB	241_C|T,1255_A|G,3037_C|T,3688_C|T,3884_C|T,6633_C|T,7142_A|G,9614_A|G,9693_C|T,9754_A|C,12591_T|C,14408_C|T,15026_C|T,15451_G|A,16466_C|T,17676_C|T,21057_C|T,21615_T|G,21846_C|T,22036_A|C,22498_C|T,22882_T|A,23403_A|G,23604_C|A,23625_C|T,23638_C|T,23765_T|G,24442_C|T,24642_C|T,25513_C|T,26222_C|T,26428_G|T,27389_C|T,27427_C|T,27769_C|T,28048_G|A,28330_A|G,28854_C|T,28910_A|T,11288_11296,26158_26161,28271
USA/TX-CDC-LC0091932/2021	XB	241_C|T,1255_A|G,3037_C|T,3688_C|T,3884_C|T,3977_G|A,6633_C|T,6671_G|A,7142_A|G,9614_A|G,9693_C|T,9754_A|C,9857_C|T,14408_C|T,15026_C|T,15451_G|A,16466_C|T,19086_G|T,20777_T|C,21057_C|T,21615_T|G,21846_C|T,22036_A|C,22882_T|A,23403_A|G,23604_C|A,23625_C|T,23638_C|T,23765_T|G,24378_C|T,24406_T|G,24442_C|T,24642_C|T,26222_C|T,27389_C|T,27769_C|T,28048_G|A,28330_A|G,28854_C|T,28910_A|T,11288_11296,26158_26161,28271
USA/TX-CDC-LC0097133/2021	XB	241_C|T,1255_A|G,3037_C|T,3688_C|T,3884_C|T,6633_C|T,7142_A|G,9614_A|G,9693_C|T,9754_A|C,12591_T|C,14123_G|A,14408_C|T,15026_C|T,15451_G|A,16466_C|T,17676_C|T,21057_C|T,21615_T|G,21846_C|T,22036_A|C,22498_C|T,22882_T|A,23403_A|G,23604_C|A,23625_C|T,23638_C|T,23765_T|G,24442_C|T,24642_C|T,25513_C|T,26222_C|T,27389_C|T,27427_C|T,27769_C|T,28048_G|A,28330_A|G,28854_C|T,28910_A|T,29625_C|T,11288_11296,26158_26161,28271
USA/TX-CDC-LC0097455/2021	XB	241_C|T,1255_A|G,3037_C|T,3688_C|T,3884_C|T,6633_C|T,7142_A|G,9614_A|G,9693_C|T,9754_A|C,12591_T|C,14408_C|T,15026_C|T,15451_G|A,16466_C|T,17676_C|T,21057_C|T,21615_T|G,21846_C|T,22036_A|C,22498_C|T,22882_T|A,23403_A|G,23604_C|A,23625_C|T,23638_C|T,23765_T|G,24442_C|T,24642_C|T,25513_C|T,26222_C|T,27389_C|T,27427_C|T,27769_C|T,28048_G|A,28330_A|G,28854_C|T,28910_A|T,11288_11296,26158_26161,28271
USA/TX-CDC-LC0097722/2021	XB	165_G|T,241_C|T,257_A|T,1255_A|G,3037_C|T,3340_G|T,3511_C|T,3688_C|T,3884_C|T,6539_C|T,6566_G|T,6633_C|T,6762_C|T,7142_A|G,9614_A|G,9693_C|T,9754_A|C,10042_A|G,11296_T|G,14083_A|G,14408_C|T,15026_C|T,15451_G|A,16466_C|T,18568_C|A,19593_C|T,19762_A|G,21057_C|T,21615_T|G,21717_A|G,21846_C|T,22036_A|C,22484_G|T,22498_C|T,22882_T|A,23403_A|G,23604_C|A,23625_C|T,23638_C|T,23765_T|G,24442_C|T,24642_C|T,26222_C|T,27389_C|T,27769_C|T,28048_G|A,28330_A|G,28854_C|T,28910_A|T,28963_T|C,11283_11294,26158_26161,28271
USA/TX-CDC-LC0101713/2021	XB	241_C|T,1255_A|G,1572_C|T,3037_C|T,3688_C|T,3884_C|T,5425_G|T,6633_C|T,7142_A|G,9484_A|G,9614_A|G,9693_C|T,9754_A|C,14408_C|T,15026_C|T,15451_G|A,16466_C|T,16647_G|T,21057_C|T,21615_T|G,21846_C|T,22036_A|C,22882_T|A,23403_A|G,23604_C|A,23625_C|T,23638_C|T,23765_T|G,24378_C|T,24442_C|T,24642_C|T,26222_C|T,27389_C|T,27769_C|T,28048_G|A,28330_A|G,28854_C|T,28910_A|T,29358_C|T,11288_11296,26158_26161,28271
USA/TX-CDC-LC0102248/2021	XB	241_C|T,2173_G|T,3037_C|T,3688_C|T,3884_C|T,6633_C|T,6717_G|T,7142_A|G,9614_A|G,9693_C|T,9754_A|C,14408_C|T,14766_T|C,15451_G|A,16466_C|T,17439_C|T,21057_C|T,21615_T|G,21846_C|T,22036_A|C,22882_T|A,23403_A|G,23604_C|A,23625_C|T,23765_T|G,24319_C|T,24442_C|T,24642_C|T,26222_C|T,27389_C|T,27769_C|T,28048_G|A,28329_G|A,28330_A|G,28432_C|T,28854_C|T,28910_A|T,29543_G|T,11288_11296,26158_26161,28271
USA/TX-CDC-LC0102362/2021	XB	241_C|T,3037_C|T,3688_C|T,3884_C|T,6633_C|T,6717_G|T,6759_G|T,7142_A|G,8892_C|T,9614_A|G,9693_C|T,9754_A|C,11401_G|T,12514_G|T,14408_C|T,14766_T|C,15451_G|A,16466_C|T,17439_C|T,21057_C|T,21615_T|G,21846_C|T,22036_A|C,22882_T|A,23403_A|G,23604_C|A,23625_C|T,23765_T|G,24319_C|T,24442_C|T,24642_C|T,26222_C|T,27389_C|T,27769_C|T,28048_G|A,28330_A|G,28432_C|T,28854_C|T,28910_A|T,29543_G|T,11288_11296,26158_26161,28271
USA/TX-CDC-LC0102379/2021	XB	171_C|G,241_C|T,3037_C|T,3261_C|T,3688_C|T,3884_C|T,6633_C|T,7142_A|G,7735_C|T,9614_A|G,9693_C|T,9754_A|C,14408_C|T,15451_G|A,16466_C|T,19694_C|T,21057_C|T,21615_T|G,21846_C|T,22036_A|C,22882_T|A,22975_A|G,23401_G|T,23403_A|G,23604_C|A,23625_C|T,23765_T|G,24442_C|T,24642_C|T,24933_G|T,25827_T|C,26222_C|T,27389_C|T,27769_C|T,27892_A|G,28048_G|A,28330_A|G,28854_C|T,28910_A|T,29218_C|T,11288_11296,26158_26161,28271
USA/TX-CDC-LC0102510/2021	XB	241_C|T,1255_A|G,3037_C|T,3688_C|T,3884_C|T,6633_C|T,7142_A|G,9614_A|G,9693_C|T,9754_A|C,12591_T|C,14408_C|T,15026_C|T,15451_G|A,16466_C|T,17676_C|T,21057_C|T,21615_T|G,21846_C|T,22036_A|C,22498_C|T,22882_T|A,23403_A|G,23604_C|A,23625_C|T,23638_C|T,23765_T|G,24442_C|T,24642_C|T,25513_C|T,26222_C|T,27389_C|T,27427_C|T,27769_C|T,28048_G|A,28330_A|G,28854_C|T,28910_A|T,11288_11296,26158_26161,28271
USA/TX-CDC-LC0102537/2021	XB	241_C|T,3037_C|T,3688_C|T,3884_C|T,4084_C|T,6120_C|T,6633_C|T,7142_A|G,7735_C|T,9614_A|G,9693_C|T,9754_A|C,10369_C|T,14408_C|T,15451_G|A,16466_C|T,19694_C|T,21057_C|T,21615_T|G,21846_C|T,22036_A|C,22882_T|A,22975_A|G,23401_G|T,23403_A|G,23604_C|A,23625_C|T,23765_T|G,24442_C|T,24642_C|T,24933_G|T,25465_C|T,25644_G|T,26222_C|T,26858_C|T,27389_C|T,27769_C|T,28048_G|A,28330_A|G,28830_C|T,28907_G|T,28957_C|T,29119_C|T,11288_11296,26158_26161,28271
USA/TX-CDC-LC0104284/2021	XB	171_C|G,241_C|T,3037_C|T,3688_C|T,3884_C|T,6633_C|T,7142_A|G,7735_C|T,9614_A|G,9693_C|T,9754_A|C,14408_C|T,15451_G|A,16466_C|T,19694_C|T,21057_C|T,21615_T|G,21846_C|T,22036_A|C,22882_T|A,22975_A|G,23401_G|T,23403_A|G,23604_C|A,23625_C|T,23765_T|G,24442_C|T,24642_C|T,24933_G|T,25827_T|C,26222_C|T,26447_C|T,27389_C|T,27769_C|T,27892_A|G,28048_G|A,28330_A|G,28854_C|T,28910_A|T,29218_C|T,11288_11296,26158_26161,28271
USA/TX-CDC-LC0104301/2021	XB	241_C|T,1255_A|G,3037_C|T,3688_C|T,3884_C|T,5654_C|T,6633_C|T,7142_A|G,8449_A|G,9614_A|G,9693_C|T,9754_A|C,12591_T|C,13715_A|G,14408_C|T,15026_C|T,15451_G|A,16466_C|T,21057_C|T,21615_T|G,21846_C|T,22036_A|C,22498_C|T,22882_T|A,23403_A|G,23604_C|A,23625_C|T,23638_C|T,23765_T|G,24442_C|T,24642_C|T,25179_A|T,25513_C|T,25526_G|T,26222_C|T,27214_G|T,27389_C|T,27427_C|T,27769_C|T,28048_G|A,28330_A|G,28854_C|T,28910_A|T,11288_11296,26158_26161,28271
USA/TX-CDC-LC0104836/2021	XB	241_C|T,1255_A|G,3037_C|T,3688_C|T,3884_C|T,6633_C|T,7142_A|G,9614_A|G,9693_C|T,9754_A|C,12591_T|C,14408_C|T,15026_C|T,15451_G|A,16466_C|T,17676_C|T,21057_C|T,21615_T|G,21846_C|T,22036_A|C,22498_C|T,22882_T|A,23403_A|G,23604_C|A,23625_C|T,23638_C|T,23765_T|G,24442_C|T,24642_C|T,25513_C|T,26222_C|T,27389_C|T,27427_C|T,27769_C|T,28048_G|A,28330_A|G,28854_C|T,28910_A|T,29625_C|T,11288_11296,26158_26161,28271
USA/TX-CDC-LC0104997/2021	XB	241_C|T,1255_A|G,3037_C|T,3688_C|T,3884_C|T,6633_C|T,7142_A|G,9614_A|G,9693_C|T,9754_A|C,12591_T|C,14408_C|T,15026_C|T,15451_G|A,16466_C|T,17676_C|T,21057_C|T,21615_T|G,21846_C|T,22036_A|C,22498_C|T,22882_T|A,23403_A|G,23604_C|A,23625_C|T,23638_C|T,23765_T|G,24442_C|T,24642_C|T,25513_C|T,26222_C|T,27389_C|T,27427_C|T,27769_C|T,28048_G|A,28330_A|G,28854_C|T,28910_A|T,29625_C|T,11288_11296,26158_26161,28271
USA/TX-CDC-LC0104998/2021	XB	241_C|T,1255_A|G,3037_C|T,3688_C|T,3884_C|T,6633_C|T,7142_A|G,9614_A|G,9693_C|T,9754_A|C,12067_G|T,12591_T|C,14408_C|T,15026_C|T,15451_G|A,16466_C|T,17676_C|T,21057_C|T,21615_T|G,21846_C|T,22036_A|C,22498_C|T,22882_T|A,23403_A|G,23604_C|A,23625_C|T,23638_C|T,23765_T|G,24442_C|T,24642_C|T,25513_C|T,26222_C|T,27389_C|T,27427_C|T,27769_C|T,28048_G|A,28330_A|G,28854_C|T,28910_A|T,29625_C|T,11288_11296,26158_26161,28271
USA/TX-CDC-LC0105001/2021	XB	241_C|T,1255_A|G,3037_C|T,3688_C|T,3884_C|T,6633_C|T,7142_A|G,9614_A|G,9693_C|T,9754_A|C,12591_T|C,14408_C|T,15026_C|T,15451_G|A,16466_C|T,17676_C|T,21057_C|T,21615_T|G,21846_C|T,22036_A|C,22498_C|T,22882_T|A,23403_A|G,23604_C|A,23625_C|T,23638_C|T,23765_T|G,24442_C|T,24642_C|T,25513_C|T,26222_C|T,27389_C|T,27427_C|T,27769_C|T,28048_G|A,28330_A|G,28854_C|T,28910_A|T,29625_C|T,11288_11296,26158_26161,28271
USA/TX-CDC-LC0105515/2021	XB	241_C|T,1255_A|G,3037_C|T,3688_C|T,3884_C|T,5294_G|A,6633_C|T,7142_A|G,8389_C|T,9614_A|G,9693_C|T,9754_A|C,12591_T|C,14408_C|T,15026_C|T,15451_G|A,16466_C|T,21057_C|T,21615_T|G,21846_C|T,22036_A|C,22498_C|T,22882_T|A,23403_A|G,23604_C|A,23625_C|T,23638_C|T,23765_T|G,24442_C|T,24642_C|T,25513_C|T,26222_C|T,27389_C|T,27427_C|T,27769_C|T,28048_G|A,28115_C|T,28330_A|G,28854_C|T,28910_A|T,11288_11296,26158_26161,28271
USA/TX-CDC-LC0109644/2021	XB	241_C|T,1255_A|G,3037_C|T,3688_C|T,3884_C|T,5654_C|T,6633_C|T,7142_A|G,8449_A|G,9614_A|G,9693_C|T,9754_A|C,12591_T|C,13715_A|G,14408_C|T,15026_C|T,15451_G|A,16466_C|T,21057_C|T,21615_T|G,21846_C|T,22036_A|C,22498_C|T,22882_T|A,23403_A|G,23604_C|A,23625_C|T,23638_C|T,23765_T|G,24442_C|T,24642_C|T,25179_A|T,25513_C|T,25526_G|T,26222_C|T,27214_G|T,27389_C|T,27427_C|T,27769_C|T,28048_G|A,28330_A|G,28854_C|T,28910_A|T,11288_11296,26158_26161,28271
USA/TX-CDC-LC0126103/2021	XB	171_C|G,241_C|T,3037_C|T,3261_C|T,3688_C|T,3884_C|T,6633_C|T,7142_A|G,7735_C|T,9614_A|G,9693_C|T,9754_A|C,14408_C|T,15451_G|A,16466_C|T,19694_C|T,21057_C|T,21615_T|G,21846_C|T,22036_A|C,22882_T|A,22975_A|G,23401_G|T,23403_A|G,23604_C|A,23625_C|T,23765_T|G,24442_C|T,24642_C|T,24933_G|T,25827_T|C,26222_C|T,27389_C|T,27769_C|T,27892_A|G,28048_G|A,28330_A|G,28854_C|T,28910_A|T,29218_C|T,11288_11296,26158_26161,28271
USA/TX-CDC-LC0127603/2021	XB	171_C|G,241_C|T,3037_C|T,3261_C|T,3688_C|T,3884_C|T,6633_C|T,7142_A|G,7735_C|T,9614_A|G,9693_C|T,9754_A|C,14408_C|T,15451_G|A,16466_C|T,19694_C|T,21057_C|T,21615_T|G,21846_C|T,22036_A|C,22882_T|A,22975_A|G,23401_G|T,23403_A|G,23604_C|A,23625_C|T,23765_T|G,24442_C|T,24642_C|T,24933_G|T,25827_T|C,26222_C|T,27389_C|T,27769_C|T,27892_A|G,28048_G|A,28330_A|G,28854_C|T,28910_A|T,29218_C|T,11288_11296,26158_26161,28271
USA/TX-CDC-LC0127628/2021	XB	241_C|T,682_T|C,3037_C|T,3688_C|T,3884_C|T,6633_C|T,7142_A|G,9614_A|G,9693_C|T,9754_A|C,14408_C|T,15451_G|A,16466_C|T,19085_A|G,21057_C|T,21615_T|G,21846_C|T,22036_A|C,22882_T|A,23403_A|G,23604_C|A,23625_C|T,23765_T|G,24442_C|T,24642_C|T,25942_T|C,26222_C|T,27389_C|T,27706_G|T,27769_C|T,27892_A|G,28048_G|A,28330_A|G,28854_C|T,28910_A|T,11288_11296,26158_26161,27694_27697,28271
USA/TX-CDC-LC0127656/2021	XB	171_C|G,241_C|T,3037_C|T,3261_C|T,3688_C|T,3884_C|T,6633_C|T,7142_A|G,7735_C|T,9614_A|G,9693_C|T,9754_A|C,14408_C|T,15451_G|A,16466_C|T,19694_C|T,21057_C|T,21615_T|G,21846_C|T,22036_A|C,22882_T|A,22975_A|G,23401_G|T,23403_A|G,23604_C|A,23625_C|T,23765_T|G,24442_C|T,24642_C|T,24933_G|T,25827_T|C,26222_C|T,27389_C|T,27769_C|T,27892_A|G,28048_G|A,28330_A|G,28854_C|T,28910_A|T,29218_C|T,11288_11296,26158_26161,28271
USA/TX-CDC-LC0127657/2021	XB	171_C|G,241_C|T,3037_C|T,3261_C|T,3688_C|T,3884_C|T,6633_C|T,7142_A|G,7735_C|T,9614_A|G,9693_C|T,9754_A|C,14408_C|T,15451_G|A,16466_C|T,19694_C|T,21057_C|T,21615_T|G,21846_C|T,22036_A|C,22882_T|A,22975_A|G,23401_G|T,23403_A|G,23604_C|A,23625_C|T,23765_T|G,24442_C|T,24642_C|T,24933_G|T,25827_T|C,26222_C|T,27389_C|T,27769_C|T,27892_A|G,28048_G|A,28330_A|G,28854_C|T,28910_A|T,29218_C|T,11288_11296,26158_26161,28271
USA/TX-CDC-LC0143870/2021	XB	241_C|T,3037_C|T,3241_C|T,3688_C|T,3884_C|T,4679_C|T,5880_G|T,6633_C|T,7142_A|G,9614_A|G,9693_C|T,9754_A|C,13971_C|T,14408_C|T,15166_T|C,15451_G|A,16466_C|T,17736_T|C,19961_C|T,21057_C|T,21615_T|G,21846_C|T,22036_A|C,22882_T|A,23403_A|G,23604_C|A,23625_C|T,23765_T|G,24442_C|T,24642_C|T,25587_C|T,25721_C|T,26222_C|T,26444_C|T,27389_C|T,27769_C|T,27892_A|G,28330_A|G,28854_C|T,28910_A|T,11288_11296,26158_26161,27994_28120,28271
USA/TX-CDC-LC0143931/2021	XB	241_C|T,517_T|C,3037_C|T,3688_C|T,3884_C|T,4957_A|G,6633_C|T,7142_A|G,8157_C|T,9614_A|G,9693_C|T,9754_A|C,14408_C|T,15451_G|A,16466_C|T,19164_C|T,19972_C|A,21057_C|T,21163_A|G,21615_T|G,21846_C|T,22036_A|C,22882_T|A,23403_A|G,23604_C|A,23625_C|T,23765_T|G,24442_C|T,24642_C|T,25587_C|T,26222_C|T,27389_C|T,27769_C|T,27892_A|G,28048_G|A,28330_A|G,28531_C|T,28854_C|T,28910_A|T,11288_11296,26158_26161,28271
USA/TX-CDC-LC0143932/2021	XB	241_C|T,3037_C|T,3688_C|T,3884_C|T,4330_T|C,6633_C|T,7142_A|G,9614_A|G,9693_C|T,9754_A|C,14408_C|T,15451_G|A,16466_C|T,19085_A|G,21057_C|T,21615_T|G,21846_C|T,22036_A|C,22882_T|A,23403_A|G,23604_C|A,23625_C|T,23765_T|G,24442_C|T,24642_C|T,25942_T|C,26222_C|T,26873_C|T,27297_C|T,27389_C|T,27769_C|T,27892_A|G,28048_G|A,28330_A|G,28854_C|T,28910_A|T,11288_11296,26158_26161,28271
USA/TX-CDC-LC0144038/2021	XB	241_C|T,3037_C|T,3688_C|T,3884_C|T,6633_C|T,7142_A|G,9614_A|G,9693_C|T,9754_A|C,14408_C|T,15451_G|A,16466_C|T,18185_T|C,21057_C|T,21615_T|G,21846_C|T,22882_T|A,23403_A|G,23604_C|A,23625_C|T,23738_A|G,23765_T|G,24442_C|T,24642_C|T,26222_C|T,27389_C|T,27625_C|T,27769_C|T,27892_A|G,28048_G|A,28129_A|G,28330_A|G,28854_C|T,28910_A|T,29447_G|T,29543_G|T,11288_11296,26158_26161,28271
USA/TX-CDC-LC0144043/2021	XB	241_C|T,3037_C|T,3688_C|T,3884_C|T,6633_C|T,7142_A|G,9614_A|G,9693_C|T,9754_A|C,13066_A|G,14408_C|T,14724_C|T,15237_C|A,15451_G|A,16466_C|T,21057_C|T,21597_C|T,21615_T|G,21846_C|T,22036_A|C,22037_G|C,22882_T|A,23403_A|G,23604_C|A,23625_C|T,23765_T|G,24442_C|T,24642_C|T,26222_C|T,27389_C|T,27625_C|T,27769_C|T,27892_A|G,28048_G|A,28129_A|G,28330_A|G,28854_C|T,28910_A|T,29447_G|T,11288_11296,26158_26161,28271
USA/TX-CDC-LC0144045/2021	XB	241_C|T,518_A|T,1190_C|T,3037_C|T,3688_C|T,3884_C|T,6367_G|T,6633_C|T,6717_G|T,7142_A|G,8480_C|T,9614_A|G,9693_C|T,9754_A|C,13249_G|T,13623_A|G,13965_C|T,14408_C|T,14925_C|T,15237_C|T,15451_G|A,15952_C|T,16466_C|T,20987_C|T,21057_C|T,21372_G|T,21615_T|G,21846_C|T,22036_A|C,22477_C|T,22882_T|A,23403_A|G,23604_C|A,23625_C|T,23765_T|G,24442_C|T,24642_C|T,26222_C|T,27389_C|T,27769_C|T,28048_G|A,28330_A|G,28854_C|T,28910_A|T,29543_G|T,29774_C|T,11288_11296,26158_26161,28271
USA/TX-CDC-LC0144086/2021	XB	241_C|T,1255_A|G,2923_A|G,3037_C|T,3688_C|T,3884_C|T,4741_T|G,6183_A|G,6633_C|T,7142_A|G,9614_A|G,9693_C|T,9754_A|C,12591_T|C,14408_C|T,15026_C|T,15451_G|A,16466_C|T,21057_C|T,21615_T|G,21846_C|T,22036_A|C,22498_C|T,22882_T|A,23403_A|G,23604_C|A,23625_C|T,23638_C|T,23765_T|G,24442_C|T,24642_C|T,25513_C|T,25672_C|T,26222_C|T,26814_G|T,27389_C|T,27427_C|T,27769_C|T,28048_G|A,28209_G|T,28330_A|G,28854_C|T,28910_A|T,29703_G|A,29738_C|T,29739_C|T,29810_G|T,11288_11296,26158_26161,28271
USA/TX-CDC-LC0144087/2021	XB	241_C|T,3037_C|T,3688_C|T,3884_C|T,6633_C|T,7142_A|G,9614_A|G,9693_C|T,9754_A|C,13066_A|G,14408_C|T,14724_C|T,15237_C|A,15451_G|A,16466_C|T,21057_C|T,21597_C|T,21615_T|G,21846_C|T,22036_A|C,22037_G|C,22882_T|A,23403_A|G,23604_C|A,23625_C|T,23765_T|G,24442_C|T,24642_C|T,26222_C|T,27389_C|T,27625_C|T,27769_C|T,27892_A|G,28048_G|A,28129_A|G,28330_A|G,28854_C|T,28910_A|T,29447_G|T,11288_11296,26158_26161,28271
USA/TX-CDC-LC0144292/2021	XB	241_C|T,1684_C|T,3037_C|T,3688_C|T,3884_C|T,6633_C|T,7142_A|G,9614_A|G,9693_C|T,9754_A|C,12224_G|A,14408_C|T,15451_G|A,16466_C|T,17676_C|T,18185_T|C,21057_C|T,21615_T|G,21846_C|T,22036_A|C,22882_T|A,23403_A|G,23604_C|A,23625_C|T,23738_A|G,23765_T|G,24442_C|T,24642_C|T,26222_C|T,27389_C|T,27561_G|T,27604_G|T,27769_C|T,28048_G|A,28330_A|G,28854_C|T,28910_A|T,11288_11296,26158_26161,28271
USA/TX-CDC-LC0144909/2021	XB	241_C|T,1255_A|G,3037_C|T,3688_C|T,3884_C|T,5654_C|T,6633_C|T,7142_A|G,8449_A|G,9614_A|G,9693_C|T,9754_A|C,12591_T|C,13715_A|G,13989_C|T,14408_C|T,15026_C|T,15451_G|A,16466_C|T,21057_C|T,21615_T|G,21846_C|T,22036_A|C,22498_C|T,22882_T|A,23403_A|G,23604_C|A,23625_C|T,23638_C|T,23765_T|G,24442_C|T,24642_C|T,25179_A|T,25513_C|T,25526_G|T,26222_C|T,27214_G|T,27389_C|T,27427_C|T,27769_C|T,28048_G|A,28330_A|G,28854_C|T,28910_A|T,11288_11296,26158_26161,28271
USA/TX-CDC-LC0149086/2021	XB	241_C|T,443_G|A,2173_G|T,3037_C|T,3688_C|T,3884_C|T,4320_C|T,6633_C|T,6717_G|T,7142_A|G,9614_A|G,9693_C|T,9754_A|C,13176_C|T,14408_C|T,14766_T|C,15451_G|A,16466_C|T,17439_C|T,21057_C|T,21615_T|G,21846_C|T,22036_A|C,22882_T|A,23403_A|G,23604_C|A,23625_C|T,23765_T|G,24319_C|T,24442_C|T,24642_C|T,26222_C|T,27389_C|T,27769_C|T,28048_G|A,28329_G|A,28330_A|G,28432_C|T,28854_C|T,28910_A|T,29543_G|T,11288_11296,26158_26161,28271
USA/TX-CDC-LC0160248/2021	XB	241_C|T,1255_A|G,3037_C|T,3688_C|T,3884_C|T,5654_C|T,6633_C|T,7142_A|G,8449_A|G,9614_A|G,9693_C|T,9754_A|C,10641_C|T,12591_T|C,13715_A|G,14408_C|T,15026_C|T,15451_G|A,16466_C|T,21057_C|T,21615_T|G,21846_C|T,22036_A|C,22498_C|T,22882_T|A,23403_A|G,23604_C|A,23625_C|T,23638_C|T,23765_T|G,24442_C|T,24642_C|T,25179_A|T,25504_C|A,25513_C|T,25526_G|T,26222_C|T,27214_G|T,27389_C|T,27427_C|T,27769_C|T,28048_G|A,28330_A|G,28854_C|T,28910_A|T,11288_11296,26158_26161,28271
USA/TX-CDC-LC0166074/2021	XB	241_C|T,3037_C|T,3688_C|T,3884_C|T,6633_C|T,7142_A|G,9614_A|G,9693_C|T,9754_A|C,14408_C|T,15451_G|A,16466_C|T,19085_A|G,21057_C|T,21615_T|G,21846_C|T,22036_A|C,22882_T|A,23403_A|G,23604_C|A,23625_C|T,23765_T|G,24442_C|T,24642_C|T,25942_T|C,26222_C|T,26873_C|T,27389_C|T,27769_C|T,27892_A|G,28048_G|A,28330_A|G,28854_C|T,28910_A|T,11288_11296,26158_26161,28271
USA/TX-CDC-LC0166250/2021	XB	241_C|T,3037_C|T,3688_C|T,3884_C|T,6633_C|T,7142_A|G,9614_A|G,9693_C|T,9754_A|C,13066_A|G,14408_C|T,14724_C|T,15237_C|A,15451_G|A,16466_C|T,21057_C|T,21597_C|T,21615_T|G,21846_C|T,22036_A|C,22037_G|C,22882_T|A,23403_A|G,23604_C|A,23625_C|T,23765_T|G,24442_C|T,24642_C|T,26222_C|T,27389_C|T,27625_C|T,27769_C|T,27892_A|G,28048_G|A,28129_A|G,28330_A|G,28854_C|T,28910_A|T,29447_G|T,11288_11296,26158_26161,28271
USA/TX-CDC-LC0185654/2021	XB	241_C|T,577_T|C,1255_A|G,3037_C|T,3688_C|T,3884_C|T,3977_G|A,6633_C|T,7142_A|G,9614_A|G,9693_C|T,9754_A|C,9857_C|T,14408_C|T,15026_C|T,15451_G|A,16466_C|T,19086_G|T,20777_T|C,21057_C|T,21615_T|G,21846_C|T,22036_A|C,22882_T|A,23403_A|G,23604_C|A,23625_C|T,23638_C|T,23765_T|G,24378_C|T,24406_T|G,24442_C|T,24642_C|T,26222_C|T,27389_C|T,27769_C|T,28048_G|A,28854_C|T,28910_A|T,29474_G|T,11288_11296,26158_26161,28271
USA/TX-CDC-LC0222646/2021	XB	241_C|T,1255_A|G,1758_C|T,2434_C|T,3037_C|T,3471_G|A,3688_C|T,3884_C|T,6195_C|T,6633_C|T,7142_A|G,9614_A|G,9693_C|T,9754_A|C,14408_C|T,15026_C|T,15451_G|A,16466_C|T,20946_C|T,21057_C|T,21615_T|G,21618_C|T,21846_C|T,22036_A|C,22882_T|A,23403_A|G,23604_C|A,23625_C|T,23638_C|T,23765_T|G,24378_C|T,24406_T|G,24442_C|T,24642_C|T,25350_C|T,25650_G|T,26085_C|T,26222_C|T,27389_C|T,27769_C|T,28048_G|A,28330_A|G,28854_C|T,28910_A|T,11288_11296,26158_26161,28271
USA/TX-CDC-QDX22487995/2021	XB	241_C|T,1255_A|G,3037_C|T,3688_C|T,3884_C|T,6633_C|T,7142_A|G,9614_A|G,9693_C|T,9754_A|C,14408_C|T,15026_C|T,15451_G|A,16466_C|T,18395_C|T,21057_C|T,21615_T|G,21846_C|T,22036_A|C,22882_T|A,23403_A|G,23604_C|A,23625_C|T,23638_C|T,23765_T|G,24442_C|T,24642_C|T,26222_C|T,27389_C|T,27769_C|T,28048_G|A,28330_A|G,28854_C|T,28910_A|T,11288_11296,26158_26161,28271
USA/TX-CDC-QDX22552737/2021	XB	241_C|T,1255_A|G,3037_C|T,3688_C|T,3884_C|T,6633_C|T,7142_A|G,9614_A|G,9693_C|T,9754_A|C,14408_C|T,15026_C|T,15451_G|A,16466_C|T,18512_C|A,21057_C|T,21615_T|G,21846_C|T,22036_A|C,22882_T|A,23403_A|G,23604_C|A,23625_C|T,23638_C|T,23765_T|G,24442_C|T,24642_C|T,26222_C|T,27389_C|T,27769_C|T,28045_C|T,28048_G|A,28330_A|G,28854_C|T,28910_A|T,11288_11296,26158_26161,28271
USA/TX-CDC-QDX22727632/2021	XB	241_C|T,1255_A|G,3037_C|T,3688_C|T,3884_C|T,6633_C|T,7142_A|G,9614_A|G,9693_C|T,9754_A|C,14408_C|T,15026_C|T,15451_G|A,16466_C|T,21057_C|T,21615_T|G,21846_C|T,22036_A|C,22882_T|A,23403_A|G,23604_C|A,23625_C|T,23638_C|T,23765_T|G,24442_C|T,24642_C|T,26222_C|T,27389_C|T,27769_C|T,28045_C|T,28048_G|A,28330_A|G,28854_C|T,28910_A|T,11288_11296,26158_26161,28271
USA/TX-CDC-QDX22951850/2021	XB	241_C|T,1255_A|G,3037_C|T,3688_C|T,3884_C|T,6633_C|T,7142_A|G,9614_A|G,9693_C|T,9754_A|C,13998_G|A,14408_C|T,15026_C|T,15451_G|A,16466_C|T,21057_C|T,21615_T|G,21846_C|T,22036_A|C,22882_T|A,23403_A|G,23604_C|A,23625_C|T,23638_C|T,23765_T|G,24442_C|T,24642_C|T,26222_C|T,27389_C|T,27769_C|T,28048_G|A,28330_A|G,28854_C|T,28910_A|T,11288_11296,26158_26161,28271
USA/TX-CDC-QDX23451693/2021	XB	241_C|T,1163_A|C,1255_A|G,2701_C|T,3037_C|T,3688_C|T,3884_C|T,6633_C|T,7142_A|G,9614_A|G,9693_C|T,9754_A|C,14408_C|T,15026_C|T,15451_G|A,16466_C|T,21057_C|T,21604_G|T,21615_T|G,21691_C|T,21846_C|T,22036_A|C,22882_T|A,23403_A|G,23604_C|A,23625_C|T,23638_C|T,23765_T|G,24442_C|T,24642_C|T,25300_C|T,26222_C|T,27389_C|T,27769_C|T,28045_C|T,28048_G|A,28330_A|G,28854_C|T,28910_A|T,11288_11296,26158_26161,28271
USA/TX-CDC-QDX23654340/2021	XB	241_C|T,1102_C|T,1255_A|G,3037_C|T,3688_C|T,3884_C|T,4553_A|G,6633_C|T,7011_C|T,7142_A|G,9419_A|G,9614_A|G,9693_C|T,9754_A|C,14408_C|T,15026_C|T,15451_G|A,16466_C|T,20104_C|T,21057_C|T,21615_T|G,21846_C|T,22036_A|C,22882_T|A,23403_A|G,23604_C|A,23625_C|T,23638_C|T,23765_T|G,24442_C|T,24642_C|T,26222_C|T,27389_C|T,27521_A|G,27769_C|T,28045_C|T,28048_G|A,28330_A|G,28854_C|T,28910_A|T,11288_11296,26158_26161,28271
USA/TX-CDC-QDX23654618/2021	XB	241_C|T,1255_A|G,2829_A|C,3037_C|T,3688_C|T,3884_C|T,6028_A|G,6633_C|T,7142_A|G,9614_A|G,9693_C|T,9754_A|C,14408_C|T,15026_C|T,15451_G|A,16466_C|T,21057_C|T,21615_T|G,21846_C|T,22036_A|C,22882_T|A,23403_A|G,23604_C|A,23625_C|T,23638_C|T,23765_T|G,24442_C|T,24642_C|T,26222_C|T,27389_C|T,27769_C|T,28048_G|A,28330_A|G,28854_C|T,28910_A|T,11288_11296,26158_26161,28271
USA/TX-CDC-QDX23892359/2021	XB	241_C|T,1255_A|G,3037_C|T,3688_C|T,3884_C|T,5526_C|T,6633_C|T,7142_A|G,9614_A|G,9693_C|T,9754_A|C,12591_T|C,14408_C|T,15026_C|T,15451_G|A,16466_C|T,21057_C|T,21615_T|G,21846_C|T,22036_A|C,22498_C|T,22882_T|A,23403_A|G,23604_C|A,23625_C|T,23638_C|T,23765_T|G,24442_C|T,24642_C|T,25513_C|T,26222_C|T,27389_C|T,27427_C|T,27769_C|T,28048_G|A,28330_A|G,28854_C|T,28910_A|T,11288_11296,26158_26161,28271
USA/TX-CDC-QDX23892486/2021	XB	241_C|T,1255_A|G,3037_C|T,3688_C|T,3884_C|T,6633_C|T,7142_A|G,9614_A|G,9693_C|T,9754_A|C,14408_C|T,15026_C|T,15451_G|A,16466_C|T,21057_C|T,21615_T|G,21691_C|T,21846_C|T,22036_A|C,22882_T|A,23403_A|G,23604_C|A,23625_C|T,23638_C|T,23765_T|G,24442_C|T,24642_C|T,24863_C|T,26222_C|T,27389_C|T,27769_C|T,28045_C|T,28048_G|A,28330_A|G,28657_C|T,28854_C|T,28910_A|T,11288_11296,26158_26161,28271
USA/TX-CDC-QDX23892499/2021	XB	241_C|T,1255_A|G,3037_C|T,3688_C|T,3884_C|T,6633_C|T,7142_A|G,7420_C|T,9614_A|G,9693_C|T,9754_A|C,14408_C|T,15026_C|T,15451_G|A,16466_C|T,21057_C|T,21615_T|G,21846_C|T,22036_A|C,22689_C|T,22882_T|A,23403_A|G,23604_C|A,23625_C|T,23638_C|T,23765_T|G,24442_C|T,24642_C|T,26222_C|T,27389_C|T,27769_C|T,28045_C|T,28048_G|A,28330_A|G,28854_C|T,28910_A|T,11288_11296,26158_26161,28271
USA/TX-CDC-QDX23892566/2021	XB	241_C|T,1255_A|G,2939_C|T,3037_C|T,3688_C|T,3884_C|T,6633_C|T,7142_A|G,7420_C|T,9614_A|G,9693_C|T,9754_A|C,13617_G|T,14408_C|T,15026_C|T,15451_G|A,16466_C|T,21057_C|T,21615_T|G,21846_C|T,22036_A|C,22882_T|A,23403_A|G,23604_C|A,23625_C|T,23638_C|T,23765_T|G,24442_C|T,24642_C|T,26222_C|T,27389_C|T,27769_C|T,28045_C|T,28048_G|A,28330_A|G,28854_C|T,28910_A|T,11288_11296,26158_26161,28271
USA/TX-CDC-QDX24087455/2021	XB	241_C|T,1255_A|G,3037_C|T,3688_C|T,3884_C|T,6633_C|T,7142_A|G,9614_A|G,9693_C|T,9754_A|C,14408_C|T,15026_C|T,15451_G|A,16466_C|T,21057_C|T,21615_T|G,21691_C|T,21846_C|T,22036_A|C,22882_T|A,23403_A|G,23604_C|A,23625_C|T,23638_C|T,23765_T|G,24442_C|T,24642_C|T,24863_C|T,26222_C|T,27389_C|T,27769_C|T,28045_C|T,28048_G|A,28330_A|G,28657_C|T,28854_C|T,28910_A|T,11288_11296,26158_26161,28271
USA/TX-CDC-QDX24087524/2021	XB	241_C|T,518_A|T,1190_C|T,3037_C|T,3688_C|T,3884_C|T,6633_C|T,6717_G|T,7142_A|G,8480_C|T,9614_A|G,9693_C|T,9754_A|C,14408_C|T,14452_G|A,15237_C|T,15451_G|A,16466_C|T,20987_C|T,21057_C|T,21615_T|G,21846_C|T,22036_A|C,22882_T|A,23403_A|G,23604_C|A,23625_C|T,23765_T|G,24442_C|T,24642_C|T,26222_C|T,27389_C|T,27769_C|T,28048_G|A,28330_A|G,28854_C|T,28910_A|T,29543_G|T,11288_11296,26158_26161,28271
USA/TX-CDC-QDX24087695/2021	XB	241_C|T,1255_A|G,3037_C|T,3688_C|T,3884_C|T,6633_C|T,7142_A|G,7420_C|T,9614_A|G,9693_C|T,9754_A|C,11083_G|T,14408_C|T,15026_C|T,15451_G|A,16466_C|T,16877_C|T,21057_C|T,21615_T|G,21846_C|T,22036_A|C,22689_C|T,22882_T|A,23403_A|G,23604_C|A,23625_C|T,23638_C|T,23765_T|G,24442_C|T,24642_C|T,26222_C|T,26951_G|C,27389_C|T,27769_C|T,28045_C|T,28048_G|A,28854_C|T,28910_A|T,29300_G|T,11288_11296,26158_26161,28271
USA/TX-CDC-QDX24154892/2021	XB	241_C|T,1255_A|G,3037_C|T,3688_C|T,3884_C|T,5526_C|T,6633_C|T,7142_A|G,9614_A|G,9693_C|T,9754_A|C,12591_T|C,14408_C|T,15026_C|T,15451_G|A,16466_C|T,21057_C|T,21615_T|G,21846_C|T,22036_A|C,22498_C|T,22882_T|A,23403_A|G,23604_C|A,23625_C|T,23638_C|T,23765_T|G,24442_C|T,24642_C|T,25513_C|T,26222_C|T,27389_C|T,27427_C|T,27769_C|T,28048_G|A,28330_A|G,28854_C|T,28910_A|T,11288_11296,26158_26161,28271
USA/TX-CDC-QDX24326219/2021	XB	241_C|T,1255_A|G,3037_C|T,3688_C|T,3884_C|T,6633_C|T,7142_A|G,9614_A|G,9693_C|T,9754_A|C,14408_C|T,15026_C|T,15451_G|A,16466_C|T,21057_C|T,21615_T|G,21846_C|T,22036_A|C,22882_T|A,23403_A|G,23604_C|A,23625_C|T,23638_C|T,23765_T|G,24442_C|T,24642_C|T,26222_C|T,27389_C|T,27769_C|T,27835_T|C,28048_G|A,28330_A|G,28854_C|T,28910_A|T,11288_11296,26158_26161,28271
USA/TX-CDC-QDX24326259/2021	XB	241_C|T,526_G|T,1163_A|C,1255_A|G,2701_C|T,3037_C|T,3688_C|T,3884_C|T,6633_C|T,7142_A|G,9614_A|G,9693_C|T,9754_A|C,14408_C|T,15026_C|T,15451_G|A,16466_C|T,21057_C|T,21604_G|T,21615_T|G,21691_C|T,21846_C|T,22036_A|C,22882_T|A,23403_A|G,23604_C|A,23625_C|T,23638_C|T,23765_T|G,24442_C|T,24642_C|T,26222_C|T,27389_C|T,27769_C|T,28045_C|T,28048_G|A,28330_A|G,28854_C|T,28910_A|T,11288_11296,26158_26161,28271
USA/TX-CDC-QDX24603566/2021	XB	241_C|T,398_C|T,1255_A|G,3037_C|T,3688_C|T,3884_C|T,6349_G|T,6633_C|T,7142_A|G,7420_C|T,9614_A|G,9693_C|T,9754_A|C,14408_C|T,15026_C|T,15451_G|A,16466_C|T,21057_C|T,21615_T|G,21846_C|T,22036_A|C,22882_T|A,23403_A|G,23604_C|A,23625_C|T,23638_C|T,23765_T|G,24442_C|T,24642_C|T,26222_C|T,27389_C|T,27769_C|T,28045_C|T,28048_G|A,28076_C|T,28330_A|G,28854_C|T,28910_A|T,11288_11296,26158_26161,28271
USA/TX-CDC-QDX24603585/2021	XB	241_C|T,1255_A|G,3037_C|T,3688_C|T,3884_C|T,4684_T|C,5775_A|G,6633_C|T,7142_A|G,7420_C|T,9614_A|G,9693_C|T,9754_A|C,14408_C|T,15026_C|T,15451_G|A,16466_C|T,21057_C|T,21615_T|G,21846_C|T,22036_A|C,22882_T|A,23403_A|G,23604_C|A,23625_C|T,23638_C|T,23765_T|G,24442_C|T,24642_C|T,26222_C|T,27297_C|T,27389_C|T,27496_T|A,27769_C|T,28045_C|T,28048_G|A,28330_A|G,28854_C|T,28910_A|T,11288_11296,26158_26161,28271
USA/TX-CDC-QDX24603655/2021	XB	241_C|T,1255_A|G,3037_C|T,3688_C|T,3884_C|T,6633_C|T,7142_A|G,9614_A|G,9693_C|T,9754_A|C,14408_C|T,15026_C|T,15451_G|A,16466_C|T,21057_C|T,21615_T|G,21691_C|T,21846_C|T,22036_A|C,22882_T|A,23403_A|G,23604_C|A,23625_C|T,23638_C|T,23765_T|G,24442_C|T,24642_C|T,24863_C|T,26222_C|T,27389_C|T,27769_C|T,28045_C|T,28048_G|A,28330_A|G,28657_C|T,28854_C|T,28910_A|T,11288_11296,26158_26161,28271
USA/TX-CDC-QDX24758447/2021	XB	241_C|T,1255_A|G,3037_C|T,3688_C|T,3884_C|T,6633_C|T,7142_A|G,9614_A|G,9693_C|T,9754_A|C,14408_C|T,15026_C|T,15451_G|A,16466_C|T,21057_C|T,21615_T|G,21846_C|T,22036_A|C,22882_T|A,23403_A|G,23604_C|A,23625_C|T,23638_C|T,23765_T|G,24442_C|T,24642_C|T,26222_C|T,27389_C|T,27769_C|T,27835_T|C,28048_G|A,28330_A|G,28854_C|T,28910_A|T,29477_G|T,11288_11296,26158_26161,28271
USA/TX-CDC-QDX24758458/2021	XB	241_C|T,1255_A|G,3037_C|T,3688_C|T,3884_C|T,4684_T|C,6633_C|T,7142_A|G,7420_C|T,9614_A|G,9693_C|T,9754_A|C,14408_C|T,15026_C|T,15451_G|A,16466_C|T,21057_C|T,21615_T|G,21846_C|T,22036_A|C,22224_C|T,22882_T|A,23403_A|G,23596_T|C,23604_C|A,23625_C|T,23638_C|T,23765_T|G,24442_C|T,24642_C|T,26222_C|T,27297_C|T,27389_C|T,27769_C|T,28045_C|T,28048_G|A,28330_A|G,28657_C|T,28854_C|T,28910_A|T,11288_11296,26158_26161,28271
USA/TX-CDC-QDX25164469/2021	XB	241_C|T,1255_A|G,3037_C|T,3688_C|T,3884_C|T,6633_C|T,7142_A|G,9614_A|G,9693_C|T,9754_A|C,12591_T|C,13715_A|G,14408_C|T,15026_C|T,15451_G|A,16466_C|T,21057_C|T,21615_T|G,21846_C|T,22036_A|C,22498_C|T,22882_T|A,23403_A|G,23604_C|A,23625_C|T,23638_C|T,23765_T|G,24442_C|T,24642_C|T,25513_C|T,25526_G|T,26222_C|T,27214_G|T,27389_C|T,27427_C|T,27769_C|T,28048_G|A,28330_A|G,28854_C|T,28910_A|T,11288_11296,26158_26161,28271
USA/TX-CDC-QDX25164471/2021	XB	241_C|T,1255_A|G,3037_C|T,3688_C|T,3884_C|T,6633_C|T,7142_A|G,9614_A|G,9693_C|T,9754_A|C,12591_T|C,13715_A|G,14408_C|T,15026_C|T,15451_G|A,16466_C|T,21057_C|T,21615_T|G,21846_C|T,22036_A|C,22498_C|T,22882_T|A,23403_A|G,23604_C|A,23625_C|T,23638_C|T,23765_T|G,24442_C|T,24642_C|T,25513_C|T,25526_G|T,26222_C|T,27214_G|T,27389_C|T,27427_C|T,27769_C|T,28048_G|A,28330_A|G,28854_C|T,28910_A|T,11288_11296,26158_26161,28271
USA/TX-CDC-QDX25284153/2021	XB	241_C|T,1191_C|T,3037_C|T,3688_C|T,3884_C|T,3916_A|C,6633_C|T,7142_A|G,7735_C|T,7942_T|G,9614_A|G,9693_C|T,9754_A|C,12224_G|A,14408_C|T,15451_G|A,16466_C|T,18185_T|C,20060_G|T,21057_C|T,21111_T|C,21615_T|G,21846_C|T,22036_A|C,22882_T|A,23403_A|G,23441_G|A,23604_C|A,23625_C|T,23765_T|G,24442_C|T,24642_C|T,26222_C|T,27389_C|T,27561_G|T,27769_C|T,28048_G|A,28330_A|G,28854_C|T,28910_A|T,11288_11296,26158_26161,28271
USA/TX-CDC-QDX25352523/2021	XB	241_C|T,1255_A|G,3037_C|T,3688_C|T,3884_C|T,6633_C|T,6720_C|T,7142_A|G,9614_A|G,9693_C|T,9754_A|C,14408_C|T,15026_C|T,15451_G|A,16466_C|T,21057_C|T,21615_T|G,21846_C|T,22036_A|C,22882_T|A,23403_A|G,23604_C|A,23625_C|T,23638_C|T,23765_T|G,24442_C|T,24642_C|T,26222_C|T,27389_C|T,27769_C|T,28048_G|A,28330_A|G,28854_C|T,28910_A|T,11288_11296,26158_26161,28271
USA/TX-CDC-QDX25497673/2021	XB	241_C|T,1255_A|G,3037_C|T,3688_C|T,3884_C|T,6633_C|T,7142_A|G,9614_A|G,9693_C|T,9754_A|C,12591_T|C,13715_A|G,14408_C|T,15026_C|T,15451_G|A,16466_C|T,21057_C|T,21615_T|G,21846_C|T,22036_A|C,22498_C|T,22882_T|A,23403_A|G,23604_C|A,23625_C|T,23638_C|T,23765_T|G,24442_C|T,24642_C|T,25513_C|T,25526_G|T,26222_C|T,27389_C|T,27427_C|T,27769_C|T,28048_G|A,28330_A|G,28854_C|T,28910_A|T,11288_11296,26158_26161,28271
USA/TX-CDC-QDX25890867/2021	XB	241_C|T,3037_C|T,3688_C|T,3884_C|T,6633_C|T,6843_C|T,7142_A|G,9614_A|G,9693_C|T,9754_A|C,13510_A|G,14408_C|T,15451_G|A,16466_C|T,19085_A|G,21057_C|T,21615_T|G,21846_C|T,22036_A|C,22882_T|A,23403_A|G,23604_C|A,23625_C|T,23765_T|G,24442_C|T,24642_C|T,25637_A|G,25942_T|C,26222_C|T,27389_C|T,27769_C|T,27892_A|G,28048_G|A,28330_A|G,28854_C|T,28910_A|T,11288_11296,26158_26161,27694_27697,28271
USA/TX-CDC-QDX25890872/2021	XB	241_C|T,3037_C|T,3688_C|T,3884_C|T,6633_C|T,7142_A|G,9614_A|G,9693_C|T,9754_A|C,14408_C|T,15451_G|A,16466_C|T,19085_A|G,21057_C|T,21615_T|G,21658_C|T,21846_C|T,22036_A|C,22882_T|A,23403_A|G,23604_C|A,23625_C|T,23765_T|G,24442_C|T,24642_C|T,25942_T|C,26222_C|T,27389_C|T,27769_C|T,27892_A|G,28048_G|A,28330_A|G,28854_C|T,28910_A|T,29296_C|T,11288_11296,26158_26161,27694_27697,28271
USA/TX-CDC-QDX25930636/2021	XB	241_C|T,1255_A|G,3037_C|T,3688_C|T,3884_C|T,6633_C|T,7142_A|G,9614_A|G,9693_C|T,9754_A|C,12591_T|C,14408_C|T,15026_C|T,15451_G|A,16466_C|T,21057_C|T,21615_T|G,21846_C|T,22036_A|C,22498_C|T,22882_T|A,23403_A|G,23604_C|A,23625_C|T,23638_C|T,23765_T|G,24442_C|T,24642_C|T,25513_C|T,26222_C|T,27389_C|T,27427_C|T,27769_C|T,28048_G|A,28330_A|G,28854_C|T,28910_A|T,11288_11296,26158_26161,28271
USA/TX-CDC-QDX25930650/2021	XB	241_C|T,3037_C|T,3688_C|T,3884_C|T,6633_C|T,6843_C|T,7142_A|G,9614_A|G,9693_C|T,9754_A|C,13510_A|G,14408_C|T,15451_G|A,16466_C|T,19085_A|G,21057_C|T,21615_T|G,21846_C|T,22036_A|C,22882_T|A,23403_A|G,23604_C|A,23625_C|T,23765_T|G,24442_C|T,24642_C|T,25637_A|G,25942_T|C,26222_C|T,27389_C|T,27769_C|T,27892_A|G,28048_G|A,28330_A|G,28854_C|T,28910_A|T,11288_11296,26158_26161,27694_27697,28271
USA/TX-CDC-QDX25930651/2021	XB	241_C|T,3037_C|T,3688_C|T,3884_C|T,6633_C|T,6843_C|T,7142_A|G,9614_A|G,9693_C|T,9754_A|C,13510_A|G,14408_C|T,15451_G|A,16466_C|T,19085_A|G,21057_C|T,21615_T|G,21846_C|T,22036_A|C,22882_T|A,23403_A|G,23604_C|A,23625_C|T,23765_T|G,24442_C|T,24642_C|T,25637_A|G,25942_T|C,26222_C|T,27389_C|T,27769_C|T,27892_A|G,28048_G|A,28330_A|G,28854_C|T,28910_A|T,11288_11296,26158_26161,27694_27697,28271
USA/TX-CDC-QDX26032092/2021	XB	241_C|T,3037_C|T,3688_C|T,3884_C|T,6633_C|T,6843_C|T,7142_A|G,9614_A|G,9693_C|T,9754_A|C,13510_A|G,14408_C|T,15451_G|A,16466_C|T,19085_A|G,21057_C|T,21615_T|G,21846_C|T,22036_A|C,22882_T|A,23403_A|G,23604_C|A,23625_C|T,23765_T|G,24442_C|T,24642_C|T,25637_A|G,25942_T|C,26222_C|T,27389_C|T,27769_C|T,27892_A|G,28048_G|A,28330_A|G,28854_C|T,28910_A|T,11288_11296,26158_26161,27694_27697,28271
USA/TX-CDC-QDX26032145/2021	XB	241_C|T,1255_A|G,3037_C|T,3688_C|T,3884_C|T,5654_C|T,6633_C|T,7142_A|G,8449_A|G,9614_A|G,9693_C|T,9754_A|C,12591_T|C,13715_A|G,14408_C|T,15026_C|T,15451_G|A,16466_C|T,21057_C|T,21615_T|G,21846_C|T,22036_A|C,22498_C|T,22882_T|A,23403_A|G,23604_C|A,23625_C|T,23638_C|T,23765_T|G,24442_C|T,24642_C|T,25179_A|T,25513_C|T,25526_G|T,26222_C|T,27214_G|T,27389_C|T,27427_C|T,27769_C|T,28048_G|A,28330_A|G,28854_C|T,28910_A|T,11288_11296,26158_26161,28271
USA/TX-CDC-QDX26032200/2021	XB	241_C|T,1255_A|G,3037_C|T,3688_C|T,3884_C|T,5654_C|T,6633_C|T,7142_A|G,8449_A|G,9614_A|G,9693_C|T,9754_A|C,12591_T|C,13715_A|G,14408_C|T,15026_C|T,15451_G|A,16466_C|T,21057_C|T,21615_T|G,21846_C|T,22036_A|C,22498_C|T,22882_T|A,23403_A|G,23604_C|A,23625_C|T,23638_C|T,23765_T|G,24442_C|T,24642_C|T,25179_A|T,25513_C|T,25526_G|T,26222_C|T,27214_G|T,27389_C|T,27427_C|T,27769_C|T,28048_G|A,28330_A|G,28854_C|T,28910_A|T,11288_11296,26158_26161,28271
USA/TX-CDC-QDX26075630/2021	XB	241_C|T,1255_A|G,3037_C|T,3688_C|T,3884_C|T,5654_C|T,6633_C|T,7142_A|G,8449_A|G,9614_A|G,9693_C|T,9754_A|C,12591_T|C,13715_A|G,14408_C|T,15026_C|T,15451_G|A,16466_C|T,21057_C|T,21615_T|G,21846_C|T,22036_A|C,22498_C|T,22882_T|A,23403_A|G,23604_C|A,23625_C|T,23638_C|T,23765_T|G,24442_C|T,24642_C|T,25179_A|T,25513_C|T,25526_G|T,26222_C|T,27214_G|T,27389_C|T,27427_C|T,27769_C|T,28048_G|A,28330_A|G,28854_C|T,28910_A|T,11288_11296,26158_26161,28271
USA/TX-CDC-QDX26115861/2021	XB	241_C|T,1255_A|G,2372_T|C,2388_C|T,2610_C|T,3037_C|T,3688_C|T,3884_C|T,6336_C|T,6633_C|T,7142_A|G,9614_A|G,9693_C|T,9754_A|C,12591_T|C,13715_A|G,14408_C|T,15026_C|T,15451_G|A,16466_C|T,21057_C|T,21615_T|G,21846_C|T,22036_A|C,22498_C|T,22882_T|A,23403_A|G,23604_C|A,23625_C|T,23638_C|T,23765_T|G,24442_C|T,24642_C|T,25513_C|T,25526_G|T,26222_C|T,27389_C|T,27427_C|T,27769_C|T,28048_G|A,28330_A|G,28854_C|T,28910_A|T,11288_11296,26158_26161,28271
USA/TX-CDC-QDX26116023/2021	XB	241_C|T,1255_A|G,3037_C|T,3688_C|T,3884_C|T,5654_C|T,6633_C|T,7142_A|G,8449_A|G,9614_A|G,9693_C|T,9754_A|C,12591_T|C,13715_A|G,14408_C|T,15026_C|T,15451_G|A,16466_C|T,21057_C|T,21615_T|G,21846_C|T,22036_A|C,22498_C|T,22882_T|A,23403_A|G,23604_C|A,23625_C|T,23638_C|T,23765_T|G,24442_C|T,24642_C|T,25179_A|T,25513_C|T,25526_G|T,26222_C|T,27214_G|T,27389_C|T,27427_C|T,27769_C|T,28048_G|A,28330_A|G,28854_C|T,28910_A|T,11288_11296,26158_26161,28271
USA/TX-CDC-QDX26116037/2021	XB	241_C|T,1255_A|G,3037_C|T,3688_C|T,3884_C|T,5654_C|T,6633_C|T,7142_A|G,8449_A|G,9614_A|G,9693_C|T,9754_A|C,12591_T|C,13715_A|G,14408_C|T,15026_C|T,15451_G|A,16466_C|T,21057_C|T,21615_T|G,21846_C|T,22036_A|C,22498_C|T,22882_T|A,23403_A|G,23604_C|A,23625_C|T,23638_C|T,23765_T|G,24442_C|T,24642_C|T,25179_A|T,25513_C|T,25526_G|T,26222_C|T,27214_G|T,27389_C|T,27427_C|T,27769_C|T,28048_G|A,28330_A|G,28854_C|T,28910_A|T,11288_11296,26158_26161,28271
USA/TX-CDC-QDX26177766/2021	XB	241_C|T,1255_A|G,3037_C|T,3688_C|T,3884_C|T,5654_C|T,6367_G|T,6633_C|T,7142_A|G,8449_A|G,9614_A|G,9693_C|T,9754_A|C,12591_T|C,13715_A|G,14408_C|T,15026_C|T,15451_G|A,16466_C|T,21057_C|T,21615_T|G,21846_C|T,22036_A|C,22498_C|T,22882_T|A,23403_A|G,23604_C|A,23625_C|T,23638_C|T,23765_T|G,24442_C|T,24642_C|T,25179_A|T,25513_C|T,25526_G|T,26222_C|T,27214_G|T,27389_C|T,27427_C|T,27769_C|T,28048_G|A,28330_A|G,28854_C|T,28910_A|T,11288_11296,26158_26161,28271
USA/TX-CDC-QDX26343390/2021	XB	241_C|T,3037_C|T,3688_C|T,3884_C|T,6633_C|T,7142_A|G,9614_A|G,9693_C|T,9754_A|C,14408_C|T,15451_G|A,16466_C|T,19085_A|G,21057_C|T,21615_T|G,21658_C|T,21846_C|T,22036_A|C,22882_T|A,23403_A|G,23604_C|A,23625_C|T,23765_T|G,24442_C|T,24642_C|T,25942_T|C,26222_C|T,27389_C|T,27769_C|T,27892_A|G,28048_G|A,28330_A|G,28854_C|T,28910_A|T,29296_C|T,11288_11296,26158_26161,27694_27697,28271
USA/TX-CDC-QDX26343391/2021	XB	241_C|T,3037_C|T,3688_C|T,3884_C|T,6633_C|T,7142_A|G,9614_A|G,9693_C|T,9754_A|C,14408_C|T,15451_G|A,16466_C|T,19085_A|G,21057_C|T,21615_T|G,21846_C|T,22036_A|C,22882_T|A,23403_A|G,23604_C|A,23625_C|T,23765_T|G,24442_C|T,24642_C|T,25942_T|C,26222_C|T,27389_C|T,27769_C|T,27892_A|G,28048_G|A,28330_A|G,28854_C|T,28910_A|T,29402_G|T,11288_11296,26158_26161,27697_27698,28271
USA/TX-CDC-QDX26343512/2021	XB	241_C|T,1255_A|G,3037_C|T,3688_C|T,3884_C|T,4223_G|T,5654_C|T,6633_C|T,7142_A|G,8449_A|G,9614_A|G,9693_C|T,9754_A|C,12591_T|C,13715_A|G,14408_C|T,15026_C|T,15451_G|A,16466_C|T,18877_C|T,21057_C|T,21615_T|G,21846_C|T,22036_A|C,22498_C|T,22882_T|A,23403_A|G,23604_C|A,23625_C|T,23638_C|T,23765_T|G,24442_C|T,24642_C|T,25179_A|T,25513_C|T,25526_G|T,26222_C|T,27214_G|T,27389_C|T,27427_C|T,27769_C|T,28048_G|A,28330_A|G,28854_C|T,28910_A|T,11288_11296,26158_26161,28271
USA/TX-CDC-QDX26380296/2021	XB	241_C|T,1419_C|T,3037_C|T,3688_C|T,3884_C|T,6633_C|T,6717_G|T,7142_A|G,8480_C|T,9614_A|G,9693_C|T,9754_A|C,14408_C|T,15451_G|A,16466_C|T,17403_C|T,20987_C|T,21057_C|T,21615_T|G,21846_C|T,22036_A|C,22882_T|A,23403_A|G,23604_C|A,23625_C|T,23765_T|G,23839_T|C,23845_A|G,24442_C|T,24642_C|T,26222_C|T,27389_C|T,27575_C|T,27769_C|T,28048_G|A,28330_A|G,28854_C|T,28910_A|T,29543_G|T,11288_11296,26158_26161,28271
USA/TX-CDC-QDX26380377/2021	XB	241_C|T,1255_A|G,3037_C|T,3688_C|T,3884_C|T,6633_C|T,7142_A|G,9614_A|G,9693_C|T,9754_A|C,12591_T|C,14408_C|T,15026_C|T,15451_G|A,16466_C|T,17676_C|T,21057_C|T,21615_T|G,21846_C|T,22036_A|C,22498_C|T,22882_T|A,23403_A|G,23604_C|A,23625_C|T,23638_C|T,23765_T|G,24442_C|T,24642_C|T,25513_C|T,26222_C|T,27389_C|T,27427_C|T,27769_C|T,28048_G|A,28330_A|G,28854_C|T,28910_A|T,11288_11296,26158_26161,28271
USA/TX-CDC-QDX26380378/2021	XB	241_C|T,682_T|C,3037_C|T,3688_C|T,3884_C|T,6633_C|T,7142_A|G,9614_A|G,9693_C|T,9754_A|C,14408_C|T,15451_G|A,16466_C|T,19085_A|G,21057_C|T,21615_T|G,21846_C|T,22036_A|C,22882_T|A,23403_A|G,23604_C|A,23625_C|T,23765_T|G,24442_C|T,24642_C|T,25942_T|C,26222_C|T,27389_C|T,27706_G|T,27769_C|T,27892_A|G,28048_G|A,28330_A|G,28854_C|T,28910_A|T,11288_11296,26158_26161,27694_27697,28271
USA/TX-CDC-QDX26380411/2021	XB	241_C|T,1255_A|G,3037_C|T,3688_C|T,3884_C|T,5654_C|T,6633_C|T,7142_A|G,8449_A|G,9614_A|G,9693_C|T,9754_A|C,12591_T|C,13715_A|G,14408_C|T,15026_C|T,15451_G|A,16466_C|T,21057_C|T,21615_T|G,21846_C|T,22036_A|C,22498_C|T,22882_T|A,23403_A|G,23604_C|A,23625_C|T,23638_C|T,23765_T|G,24442_C|T,24642_C|T,25179_A|T,25513_C|T,25526_G|T,26222_C|T,27214_G|T,27389_C|T,27427_C|T,27769_C|T,28048_G|A,28330_A|G,28854_C|T,28910_A|T,11288_11296,26158_26161,28271
USA/TX-CDC-QDX26380417/2021	XB	241_C|T,1255_A|G,3037_C|T,3688_C|T,3884_C|T,5654_C|T,6633_C|T,7142_A|G,8449_A|G,9614_A|G,9693_C|T,9754_A|C,12591_T|C,12651_C|T,13715_A|G,14408_C|T,15026_C|T,15451_G|A,16466_C|T,21057_C|T,21615_T|G,21846_C|T,22036_A|C,22498_C|T,22882_T|A,23403_A|G,23604_C|A,23625_C|T,23638_C|T,23765_T|G,24442_C|T,24642_C|T,25179_A|T,25513_C|T,25526_G|T,26222_C|T,27214_G|T,27389_C|T,27427_C|T,27769_C|T,28048_G|A,28330_A|G,28854_C|T,28910_A|T,11288_11296,26158_26161,28271
USA/TX-CDC-QDX26380442/2021	XB	241_C|T,1255_A|G,3037_C|T,3688_C|T,3884_C|T,5654_C|T,6633_C|T,7142_A|G,8449_A|G,9614_A|G,9693_C|T,9754_A|C,11195_C|T,12591_T|C,13715_A|G,14408_C|T,15026_C|T,15451_G|A,16466_C|T,21057_C|T,21615_T|G,21846_C|T,22036_A|C,22498_C|T,22882_T|A,23403_A|G,23604_C|A,23625_C|T,23638_C|T,23765_T|G,24442_C|T,24642_C|T,25179_A|T,25513_C|T,25526_G|T,26222_C|T,27214_G|T,27389_C|T,27427_C|T,27769_C|T,28048_G|A,28330_A|G,28854_C|T,28910_A|T,11288_11296,26158_26161,28271
USA/TX-CDC-QDX26488265/2021	XB	241_C|T,1255_A|G,3037_C|T,3688_C|T,3884_C|T,5654_C|T,6633_C|T,7142_A|G,8449_A|G,9614_A|G,9693_C|T,9754_A|C,12591_T|C,13715_A|G,14408_C|T,15026_C|T,15451_G|A,16466_C|T,21057_C|T,21615_T|G,21846_C|T,22036_A|C,22498_C|T,22882_T|A,23403_A|G,23604_C|A,23625_C|T,23638_C|T,23765_T|G,24442_C|T,24642_C|T,25179_A|T,25513_C|T,25526_G|T,26222_C|T,27214_G|T,27389_C|T,27427_C|T,27769_C|T,28048_G|A,28330_A|G,28854_C|T,28910_A|T,11288_11296,26158_26161,28271
USA/TX-CDC-QDX26488313/2021	XB	241_C|T,1255_A|G,3037_C|T,3688_C|T,3884_C|T,5654_C|T,6633_C|T,7142_A|G,8449_A|G,9614_A|G,9693_C|T,9754_A|C,12591_T|C,13715_A|G,14408_C|T,15026_C|T,15451_G|A,16466_C|T,21057_C|T,21615_T|G,21846_C|T,22036_A|C,22498_C|T,22882_T|A,23403_A|G,23604_C|A,23625_C|T,23638_C|T,23765_T|G,24442_C|T,24642_C|T,25179_A|T,25513_C|T,25526_G|T,26222_C|T,27214_G|T,27389_C|T,27427_C|T,27769_C|T,28048_G|A,28330_A|G,28854_C|T,28910_A|T,11288_11296,26158_26161,28271
USA/TX-CDC-QDX26488431/2021	XB	241_C|T,1255_A|G,3037_C|T,3688_C|T,3884_C|T,5654_C|T,6633_C|T,7142_A|G,8449_A|G,9614_A|G,9693_C|T,9754_A|C,12591_T|C,13715_A|G,14408_C|T,15026_C|T,15451_G|A,16466_C|T,21057_C|T,21615_T|G,21846_C|T,22036_A|C,22498_C|T,22882_T|A,23403_A|G,23604_C|A,23625_C|T,23638_C|T,23765_T|G,24442_C|T,24642_C|T,25179_A|T,25513_C|T,25526_G|T,26222_C|T,27214_G|T,27389_C|T,27427_C|T,27769_C|T,28048_G|A,28330_A|G,28854_C|T,28910_A|T,11288_11296,26158_26161,28271
USA/TX-CDC-QDX26488435/2021	XB	241_C|T,1255_A|G,3037_C|T,3688_C|T,3884_C|T,5157_C|T,5654_C|T,6633_C|T,7142_A|G,8449_A|G,9614_A|G,9693_C|T,9754_A|C,12591_T|C,13715_A|G,14408_C|T,15026_C|T,15451_G|A,16466_C|T,18877_C|T,21057_C|T,21615_T|G,21846_C|T,22036_A|C,22498_C|T,22882_T|A,23403_A|G,23604_C|A,23625_C|T,23638_C|T,23765_T|G,24442_C|T,24642_C|T,25179_A|T,25513_C|T,25526_G|T,26222_C|T,27214_G|T,27389_C|T,27427_C|T,27769_C|T,28048_G|A,28330_A|G,28854_C|T,28910_A|T,11288_11296,26158_26161,28271
USA/TX-CDC-QDX26488439/2021	XB	241_C|T,1255_A|G,3037_C|T,3688_C|T,3884_C|T,5654_C|T,6633_C|T,7142_A|G,8449_A|G,9614_A|G,9693_C|T,9754_A|C,12591_T|C,13715_A|G,14408_C|T,15026_C|T,15451_G|A,16466_C|T,21057_C|T,21615_T|G,21846_C|T,22036_A|C,22498_C|T,22882_T|A,23403_A|G,23604_C|A,23625_C|T,23638_C|T,23765_T|G,24442_C|T,24642_C|T,25179_A|T,25513_C|T,25526_G|T,26222_C|T,27214_G|T,27389_C|T,27427_C|T,27769_C|T,28048_G|A,28330_A|G,28854_C|T,28910_A|T,11288_11296,26158_26161,28271
USA/TX-CDC-QDX26531541/2021	XB	241_C|T,1255_A|G,3037_C|T,3688_C|T,3884_C|T,5654_C|T,6633_C|T,7142_A|G,8449_A|G,9614_A|G,9693_C|T,9754_A|C,12591_T|C,13715_A|G,14408_C|T,15026_C|T,15451_G|A,16466_C|T,21057_C|T,21615_T|G,21846_C|T,22036_A|C,22498_C|T,22882_T|A,23403_A|G,23604_C|A,23625_C|T,23638_C|T,23765_T|G,24442_C|T,24642_C|T,25179_A|T,25513_C|T,25526_G|T,26222_C|T,27214_G|T,27389_C|T,27427_C|T,27769_C|T,28048_G|A,28330_A|G,28854_C|T,28910_A|T,11288_11296,26158_26161,28271
USA/TX-CDC-QDX26531568/2021	XB	241_C|T,1255_A|G,3037_C|T,3688_C|T,3884_C|T,5654_C|T,6633_C|T,7142_A|G,8449_A|G,9614_A|G,9693_C|T,9754_A|C,12591_T|C,13715_A|G,14408_C|T,15026_C|T,15451_G|A,16466_C|T,21057_C|T,21615_T|G,21846_C|T,22036_A|C,22498_C|T,22882_T|A,23403_A|G,23604_C|A,23625_C|T,23638_C|T,23765_T|G,24442_C|T,24642_C|T,25179_A|T,25513_C|T,25526_G|T,26222_C|T,27214_G|T,27389_C|T,27427_C|T,27769_C|T,28048_G|A,28330_A|G,28854_C|T,28910_A|T,11288_11296,26158_26161,28271
USA/TX-CDC-QDX26598286/2021	XB	241_C|T,1255_A|G,3037_C|T,3688_C|T,3884_C|T,5654_C|T,6633_C|T,7142_A|G,8449_A|G,9614_A|G,9693_C|T,9754_A|C,12591_T|C,13715_A|G,14388_A|G,14408_C|T,15026_C|T,15451_G|A,16466_C|T,21057_C|T,21615_T|G,21846_C|T,22036_A|C,22498_C|T,22882_T|A,23403_A|G,23604_C|A,23625_C|T,23638_C|T,23765_T|G,24442_C|T,24642_C|T,25179_A|T,25513_C|T,25526_G|T,26222_C|T,27214_G|T,27389_C|T,27427_C|T,27769_C|T,28048_G|A,28330_A|G,28854_C|T,28910_A|T,11288_11296,26158_26161,28271
USA/TX-CDC-QDX26632853/2021	XB	241_C|T,1255_A|G,3037_C|T,3688_C|T,3884_C|T,6633_C|T,7142_A|G,9614_A|G,9693_C|T,9754_A|C,12591_T|C,14408_C|T,15026_C|T,15451_G|A,16466_C|T,17676_C|T,21057_C|T,21615_T|G,21846_C|T,22036_A|C,22498_C|T,22882_T|A,23403_A|G,23604_C|A,23625_C|T,23638_C|T,23765_T|G,24442_C|T,24642_C|T,25513_C|T,26222_C|T,27389_C|T,27427_C|T,27769_C|T,28048_G|A,28330_A|G,28854_C|T,28910_A|T,11288_11296,26158_26161,28271
USA/TX-CDC-QDX26763960/2021	XB	241_C|T,1255_A|G,3037_C|T,3688_C|T,3884_C|T,5654_C|T,6633_C|T,7142_A|G,7764_C|T,8449_A|G,9614_A|G,9693_C|T,9754_A|C,12591_T|C,12923_C|T,13715_A|G,14408_C|T,15026_C|T,15451_G|A,16466_C|T,21057_C|T,21615_T|G,21846_C|T,22036_A|C,22498_C|T,22882_T|A,23403_A|G,23604_C|A,23625_C|T,23638_C|T,23765_T|G,24442_C|T,24642_C|T,25179_A|T,25513_C|T,25526_G|T,26222_C|T,27214_G|T,27389_C|T,27427_C|T,27769_C|T,28048_G|A,28330_A|G,28854_C|T,28910_A|T,11288_11296,26158_26161,28271
USA/TX-CDC-QDX26903218/2021	XB	241_C|T,1255_A|G,3037_C|T,3267_C|T,3688_C|T,3884_C|T,5239_C|T,6633_C|T,7142_A|G,9614_A|G,9693_C|T,9754_A|C,12591_T|C,14408_C|T,15026_C|T,15451_G|A,16466_C|T,17676_C|T,21057_C|T,21615_T|G,21846_C|T,22036_A|C,22498_C|T,22882_T|A,23403_A|G,23604_C|A,23625_C|T,23638_C|T,23765_T|G,24442_C|T,24642_C|T,25513_C|T,26222_C|T,27389_C|T,27427_C|T,27769_C|T,28048_G|A,28330_A|G,28854_C|T,28910_A|T,11288_11296,26158_26161,28271
USA/TX-CDC-QDX26988139/2021	XB	241_C|T,242_G|T,1419_C|T,3037_C|T,3688_C|T,3884_C|T,4234_C|T,6633_C|T,6717_G|T,7142_A|G,8480_C|T,9319_C|T,9614_A|G,9693_C|T,9754_A|C,12084_C|T,14408_C|T,15451_G|A,16466_C|T,17403_C|T,20987_C|T,21057_C|T,21575_C|T,21615_T|G,21846_C|T,22036_A|C,22882_T|A,23403_A|G,23604_C|A,23625_C|T,23746_A|T,23765_T|G,23839_T|C,23845_A|G,24442_C|T,24642_C|T,26222_C|T,27389_C|T,27673_C|T,27769_C|T,28048_G|A,28330_A|G,28553_A|G,28833_C|T,28854_C|T,28910_A|T,29543_G|T,11288_11296,26158_26161,28271
USA/TX-CDC-QDX27788110/2021	XB	241_C|T,1255_A|G,2347_T|C,3037_C|T,3688_C|T,3884_C|T,6633_C|T,7142_A|G,9614_A|G,9693_C|T,9754_A|C,10340_C|T,14408_C|T,15026_C|T,15199_G|T,15451_G|A,16466_C|T,17019_G|T,21057_C|T,21615_T|G,21846_C|T,22036_A|C,22882_T|A,23403_A|G,23604_C|A,23625_C|T,23638_C|T,23765_T|G,24378_C|T,24406_T|G,24442_C|T,24642_C|T,25455_G|T,26222_C|T,27389_C|T,27769_C|T,28048_G|A,28330_A|G,28854_C|T,28910_A|T,29741_C|T,11288_11296,26158_26161,28271
USA/TX-CDC-STM-000053092/2021	XB	241_C|T,1255_A|G,3037_C|T,3688_C|T,3884_C|T,6633_C|T,7142_A|G,9614_A|G,9693_C|T,9754_A|C,14408_C|T,15026_C|T,15451_G|A,16466_C|T,21057_C|T,21615_T|G,21691_C|T,21846_C|T,22036_A|C,23403_A|G,23604_C|A,23625_C|T,23638_C|T,23765_T|G,24442_C|T,24642_C|T,24863_C|T,26222_C|T,27389_C|T,27769_C|T,28045_C|T,28048_G|A,28330_A|G,28657_C|T,28854_C|T,28910_A|T,11288_11296,26158_26161,28271
USA/TX-CDC-STM-000054166/2021	XB	241_C|T,1255_A|G,3037_C|T,3688_C|T,3884_C|T,6633_C|T,7142_A|G,9614_A|G,9693_C|T,9754_A|C,14408_C|T,15026_C|T,15451_G|A,16466_C|T,21057_C|T,21615_T|G,21691_C|T,21846_C|T,22036_A|C,22882_T|A,23403_A|G,23604_C|A,23625_C|T,23638_C|T,23765_T|G,24442_C|T,24642_C|T,24863_C|T,26222_C|T,27198_A|G,27389_C|T,27769_C|T,28045_C|T,28048_G|A,28330_A|G,28657_C|T,28854_C|T,28910_A|T,11288_11296,26158_26161,28271
USA/TX-CDC-STM-000056923/2021	XB	241_C|T,1102_C|T,1255_A|G,3037_C|T,3688_C|T,3884_C|T,6633_C|T,7011_C|T,7142_A|G,9614_A|G,9693_C|T,9754_A|C,14408_C|T,15026_C|T,15451_G|A,16466_C|T,20104_C|T,21057_C|T,21615_T|G,21846_C|T,22036_A|C,22882_T|A,23403_A|G,23604_C|A,23625_C|T,23638_C|T,23765_T|G,24442_C|T,24642_C|T,26222_C|T,27389_C|T,27521_A|G,27769_C|T,28045_C|T,28048_G|A,28330_A|G,28854_C|T,28910_A|T,11288_11296,26158_26161,28271
USA/TX-CDC-STM-000065836/2021	XB	241_C|T,1255_A|G,3037_C|T,3688_C|T,3884_C|T,6633_C|T,7142_A|G,9614_A|G,9693_C|T,9754_A|C,14408_C|T,15026_C|T,15451_G|A,16466_C|T,21057_C|T,21615_T|G,21691_C|T,21846_C|T,22036_A|C,23403_A|G,23604_C|A,23625_C|T,23638_C|T,23765_T|G,24442_C|T,24642_C|T,24863_C|T,26222_C|T,27389_C|T,27769_C|T,28045_C|T,28048_G|A,28330_A|G,28657_C|T,28854_C|T,28910_A|T,11288_11296,26158_26161,28271
USA/TX-CDC-STM-000072713/2021	XB	241_C|T,1419_C|T,3037_C|T,3688_C|T,3884_C|T,6633_C|T,6717_G|T,7142_A|G,8480_C|T,9614_A|G,9693_C|T,9754_A|C,14408_C|T,15451_G|A,16466_C|T,17403_C|T,20987_C|T,21057_C|T,21615_T|G,21846_C|T,22036_A|C,22882_T|A,23403_A|G,23604_C|A,23625_C|T,23765_T|G,24442_C|T,24642_C|T,26222_C|T,27389_C|T,27769_C|T,28048_G|A,28330_A|G,28854_C|T,28910_A|T,29543_G|T,11288_11296,26158_26161,28271
USA/TX-CDC-STM-000704467/2021	XB	241_C|T,1255_A|G,3037_C|T,3688_C|T,3884_C|T,4684_T|C,6633_C|T,7142_A|G,7420_C|T,7736_G|A,9614_A|G,9693_C|T,9754_A|C,14408_C|T,15026_C|T,15451_G|A,16466_C|T,21057_C|T,21615_T|G,21846_C|T,22036_A|C,22224_C|T,22882_T|A,23403_A|G,23596_T|C,23604_C|A,23625_C|T,23638_C|T,23765_T|G,24442_C|T,24642_C|T,26222_C|T,27297_C|T,27389_C|T,27769_C|T,28045_C|T,28048_G|A,28330_A|G,28854_C|T,28910_A|T,11288_11296,26158_26161,28271
USA/TX-CDC-STM-000704649/2021	XB	241_C|T,1255_A|G,3037_C|T,3688_C|T,3884_C|T,4684_T|C,6633_C|T,7142_A|G,7420_C|T,7736_G|A,9614_A|G,9693_C|T,9754_A|C,14408_C|T,15026_C|T,15451_G|A,16466_C|T,21057_C|T,21615_T|G,21846_C|T,22036_A|C,22224_C|T,22882_T|A,23403_A|G,23596_T|C,23604_C|A,23625_C|T,23638_C|T,23765_T|G,24442_C|T,24642_C|T,26222_C|T,27297_C|T,27389_C|T,27769_C|T,28045_C|T,28048_G|A,28330_A|G,28854_C|T,28910_A|T,11288_11296,26158_26161,28271
USA/TX-CDC-STM-000704924/2021	XB	241_C|T,1255_A|G,3037_C|T,3688_C|T,3884_C|T,6633_C|T,7142_A|G,8327_C|T,9614_A|G,9693_C|T,9745_C|T,9754_A|C,12591_T|C,14408_C|T,14741_C|T,15026_C|T,15451_G|A,16466_C|T,21057_C|T,21137_A|G,21615_T|G,21846_C|T,22036_A|C,22498_C|T,22882_T|A,23185_C|T,23403_A|G,23604_C|A,23625_C|T,23638_C|T,23765_T|G,24442_C|T,24642_C|T,25513_C|T,26222_C|T,26310_T|A,27389_C|T,27427_C|T,27769_C|T,28048_G|A,28330_A|G,28854_C|T,28910_A|T,11288_11296,26158_26161,28271
USA/TX-CDC-STM-000705416/2021	XB	241_C|T,3037_C|T,3688_C|T,3884_C|T,6633_C|T,6843_C|T,7142_A|G,9614_A|G,9693_C|T,9754_A|C,13510_A|G,14408_C|T,15451_G|A,16466_C|T,19085_A|G,21057_C|T,21615_T|G,21846_C|T,22036_A|C,22882_T|A,23403_A|G,23604_C|A,23625_C|T,23765_T|G,24442_C|T,24642_C|T,25637_A|G,25942_T|C,26222_C|T,27389_C|T,27769_C|T,27892_A|G,28048_G|A,28330_A|G,28854_C|T,28910_A|T,11288_11296,26158_26161,27694_27697,28271
USA/TX-CDC-STM-000706424/2021	XB	241_C|T,3037_C|T,3688_C|T,3884_C|T,6633_C|T,7142_A|G,9614_A|G,9693_C|T,9754_A|C,14408_C|T,15451_G|A,16466_C|T,19085_A|G,21057_C|T,21615_T|G,21658_C|T,21846_C|T,22036_A|C,22882_T|A,23403_A|G,23604_C|A,23625_C|T,23765_T|G,24442_C|T,24642_C|T,25942_T|C,26222_C|T,27389_C|T,27769_C|T,27892_A|G,28048_G|A,28330_A|G,28854_C|T,28910_A|T,29296_C|T,11288_11296,26158_26161,27694_27697,28271
USA/TX-CDC-STM-000716137/2021	XB	241_C|T,1255_A|G,3037_C|T,3688_C|T,3884_C|T,6633_C|T,7142_A|G,9614_A|G,9693_C|T,9745_C|T,9754_A|C,12591_T|C,14408_C|T,14741_C|T,15026_C|T,15451_G|A,16466_C|T,21057_C|T,21137_A|G,21615_T|G,21846_C|T,22036_A|C,22498_C|T,22882_T|A,22987_C|T,23403_A|G,23604_C|A,23625_C|T,23638_C|T,23765_T|G,24442_C|T,24642_C|T,25513_C|T,26222_C|T,26310_T|A,27389_C|T,27427_C|T,27769_C|T,28048_G|A,28330_A|G,28854_C|T,28910_A|T,29670_C|T,11288_11296,26158_26161,28271
USA/TX-DSHS-7271/2021	XB	241_C|T,463_G|A,3037_C|T,3688_C|T,3884_C|T,6633_C|T,7142_A|G,9614_A|G,9693_C|T,9754_A|C,12473_C|T,14408_C|T,15451_G|A,16466_C|T,19085_A|G,20262_A|G,21057_C|T,21615_T|G,21846_C|T,22036_A|C,22882_T|A,23403_A|G,23426_G|T,23575_C|T,23604_C|A,23625_C|T,23765_T|G,24442_C|T,24642_C|T,25942_T|C,26222_C|T,27389_C|T,27769_C|T,27892_A|G,28048_G|A,28087_C|A,28330_A|G,28854_C|T,28910_A|T,11288_11296,26158_26161,28271
USA/TX-DSHS-7328/2021	XB	241_C|T,3037_C|T,3688_C|T,3884_C|T,6633_C|T,7142_A|G,9614_A|G,9693_C|T,9754_A|C,14408_C|T,15451_G|A,16466_C|T,19085_A|G,20949_T|C,21057_C|T,21615_T|G,21846_C|T,22036_A|C,22882_T|A,23239_T|C,23403_A|G,23604_C|A,23625_C|T,23765_T|G,24442_C|T,24642_C|T,25354_G|T,25942_T|C,26222_C|T,27389_C|T,27769_C|T,27892_A|G,28048_G|A,28330_A|G,28854_C|T,28910_A|T,29523_C|T,29870_C|A,513_524,11288_11296,26158_26161,28271
USA/TX-DSHS-7372/2021	XB	241_C|T,3037_C|T,3688_C|T,3884_C|T,5629_G|T,6633_C|T,7142_A|G,9614_A|G,9693_C|T,9754_A|C,14408_C|T,15451_G|A,16466_C|T,17586_C|T,17721_G|T,19722_A|G,21057_C|T,21435_T|C,21485_G|T,21615_T|G,21846_C|T,22036_A|C,22675_C|T,22882_T|A,23403_A|G,23604_C|A,23625_C|T,23765_T|G,24442_C|T,24642_C|T,26222_C|T,27389_C|T,27416_C|T,27769_C|T,27892_A|G,28048_G|A,28330_A|G,28357_G|T,28854_C|T,28910_A|T,29730_C|T,11288_11296,26158_26161,28271
USA/TX-DSHS-7373/2021	XB	241_C|T,3037_C|T,3688_C|T,3884_C|T,5629_G|T,6633_C|T,7142_A|G,9614_A|G,9693_C|T,9754_A|C,14408_C|T,15451_G|A,16466_C|T,17586_C|T,17721_G|T,19722_A|G,21057_C|T,21435_T|C,21485_G|T,21615_T|G,21846_C|T,22036_A|C,22675_C|T,22882_T|A,23403_A|G,23604_C|A,23625_C|T,23765_T|G,24442_C|T,24642_C|T,25469_C|T,26222_C|T,27389_C|T,27416_C|T,27769_C|T,27892_A|G,28048_G|A,28330_A|G,28357_G|T,28854_C|T,28910_A|T,29730_C|T,11288_11296,26158_26161,28271
USA/Texas-HHD-771096/2021	XB	241_C|T,1255_A|G,3037_C|T,3688_C|T,3884_C|T,6633_C|T,7142_A|G,9614_A|G,9693_C|T,9754_A|C,14408_C|T,15026_C|T,15451_G|A,16466_C|T,21057_C|T,21615_T|G,21846_C|T,22036_A|C,22882_T|A,23403_A|G,23604_C|A,23625_C|T,23638_C|T,23765_T|G,24442_C|T,24642_C|T,26222_C|T,26718_G|C,27389_C|T,27769_C|T,27835_T|C,28048_G|A,28330_A|G,28854_C|T,28910_A|T,11288_11296,26158_26161,28271
USA/UT-CDC-ASC210047081/2021	XB	241_C|T,1255_A|G,3037_C|T,3688_C|T,3884_C|T,6028_A|G,6633_C|T,7142_A|G,9614_A|G,9693_C|T,9754_A|C,14408_C|T,15026_C|T,15451_G|A,16466_C|T,21057_C|T,21615_T|G,21846_C|T,22036_A|C,23403_A|G,23604_C|A,23625_C|T,23638_C|T,23765_T|G,24442_C|T,24642_C|T,26222_C|T,27389_C|T,27769_C|T,28048_G|A,28330_A|G,28854_C|T,28910_A|T,11288_11296,26158_26161,28271
USA/UT-CDC-LC0097174/2021	XB	241_C|T,1163_A|C,1255_A|G,1979_G|A,2701_C|T,3037_C|T,3688_C|T,3884_C|T,5467_C|T,6633_C|T,7056_C|T,7142_A|G,7267_C|T,9614_A|G,9693_C|T,9754_A|C,14408_C|T,15026_C|T,15451_G|A,16466_C|T,17208_T|C,21057_C|T,21615_T|G,21691_C|T,21846_C|T,22036_A|C,22882_T|A,23403_A|G,23604_C|A,23625_C|T,23638_C|T,23765_T|G,24442_C|T,24642_C|T,26222_C|T,27389_C|T,27769_C|T,28045_C|T,28048_G|A,28330_A|G,28854_C|T,28910_A|T,29734_G|T,11288_11296,26158_26161,28271
USA/UT-UPHL-210701221113/2021	XB	241_C|T,1163_A|C,1255_A|G,2701_C|T,3037_C|T,3688_C|T,3884_C|T,5467_C|T,6633_C|T,7142_A|G,7267_C|T,9614_A|G,9693_C|T,9754_A|C,14408_C|T,15026_C|T,15451_G|A,16466_C|T,17208_T|C,21057_C|T,21615_T|G,21691_C|T,21846_C|T,22036_A|C,22882_T|A,23403_A|G,23604_C|A,23625_C|T,23638_C|T,23765_T|G,24442_C|T,24642_C|T,26222_C|T,27389_C|T,27769_C|T,28045_C|T,28048_G|A,28330_A|G,28854_C|T,28910_A|T,29734_G|T,11288_11296,26158_26161,28271
USA/UT-UPHL-210707171620/2021	XB	241_C|T,1163_A|C,1255_A|G,2701_C|T,3037_C|T,3688_C|T,3884_C|T,5467_C|T,6633_C|T,7142_A|G,7267_C|T,9614_A|G,9693_C|T,9754_A|C,13864_T|C,14408_C|T,15026_C|T,15451_G|A,16466_C|T,17208_T|C,20430_T|C,21057_C|T,21615_T|G,21691_C|T,21846_C|T,22036_A|C,22882_T|A,23403_A|G,23604_C|A,23625_C|T,23638_C|T,23765_T|G,24442_C|T,24642_C|T,26222_C|T,27389_C|T,27769_C|T,28045_C|T,28048_G|A,28330_A|G,28854_C|T,28910_A|T,29734_G|T,11288_11296,26158_26161,28271
USA/UT-UPHL-210707181640/2021	XB	241_C|T,1255_A|G,3037_C|T,3688_C|T,3884_C|T,5294_G|A,6633_C|T,7142_A|G,9614_A|G,9693_C|T,9754_A|C,12591_T|C,14408_C|T,15026_C|T,15451_G|A,16466_C|T,21057_C|T,21615_T|G,21846_C|T,22036_A|C,22498_C|T,22882_T|A,23403_A|G,23604_C|A,23625_C|T,23638_C|T,23765_T|G,24442_C|T,24642_C|T,25513_C|T,26222_C|T,27389_C|T,27427_C|T,27769_C|T,28048_G|A,28330_A|G,28854_C|T,28910_A|T,11288_11296,26158_26161,28271
USA/UT-UPHL-210710756167/2021	XB	241_C|T,1163_A|C,1255_A|G,2701_C|T,3037_C|T,3688_C|T,3884_C|T,5467_C|T,6633_C|T,7142_A|G,7267_C|T,9614_A|G,9693_C|T,9754_A|C,13864_T|C,14408_C|T,15026_C|T,15451_G|A,16466_C|T,17208_T|C,20430_T|C,21057_C|T,21615_T|G,21691_C|T,21846_C|T,22036_A|C,22882_T|A,23403_A|G,23604_C|A,23625_C|T,23638_C|T,23765_T|G,24442_C|T,24642_C|T,26222_C|T,27389_C|T,27769_C|T,28045_C|T,28048_G|A,28330_A|G,28854_C|T,28910_A|T,29734_G|T,11288_11296,26158_26161,28271
USA/UT-UPHL-210716799391/2021	XB	241_C|T,1163_A|C,1255_A|G,2701_C|T,3037_C|T,3688_C|T,3884_C|T,5467_C|T,6633_C|T,7056_C|T,7142_A|G,7267_C|T,9614_A|G,9693_C|T,9754_A|C,14408_C|T,15026_C|T,15451_G|A,16466_C|T,17208_T|C,21057_C|T,21615_T|G,21691_C|T,21846_C|T,22036_A|C,22882_T|A,23403_A|G,23604_C|A,23625_C|T,23638_C|T,23765_T|G,24442_C|T,24642_C|T,26222_C|T,27389_C|T,27769_C|T,28045_C|T,28048_G|A,28330_A|G,28854_C|T,28910_A|T,29734_G|T,11288_11296,19294_19296,26158_26161,28271
USA/UT-UPHL-210716841767/2021	XB	241_C|T,1163_A|C,1255_A|G,2701_C|T,3037_C|T,3688_C|T,3884_C|T,5467_C|T,6633_C|T,7142_A|G,7267_C|T,9614_A|G,9693_C|T,9754_A|C,13864_T|C,14408_C|T,15026_C|T,15451_G|A,16466_C|T,17208_T|C,20430_T|C,21057_C|T,21615_T|G,21691_C|T,21846_C|T,22036_A|C,22882_T|A,23403_A|G,23604_C|A,23625_C|T,23638_C|T,23765_T|G,24442_C|T,24642_C|T,26222_C|T,27389_C|T,27769_C|T,28045_C|T,28048_G|A,28330_A|G,28854_C|T,28910_A|T,29734_G|T,11288_11296,26158_26161,27697_27701,28271
USA/UT-UPHL-210911761146/2021	XB	241_C|T,1163_A|C,1255_A|G,1979_G|A,2701_C|T,3037_C|T,3688_C|T,3884_C|T,5467_C|T,6633_C|T,7056_C|T,7142_A|G,7267_C|T,9614_A|G,9693_C|T,9754_A|C,14408_C|T,15026_C|T,15451_G|A,16466_C|T,17208_T|C,21057_C|T,21615_T|G,21691_C|T,21846_C|T,22036_A|C,22882_T|A,23403_A|G,23604_C|A,23625_C|T,23638_C|T,23765_T|G,24442_C|T,24642_C|T,26222_C|T,27389_C|T,27769_C|T,28045_C|T,28048_G|A,28330_A|G,28854_C|T,28910_A|T,29734_G|T,11288_11296,26158_26161,28271
USA/UT-UPHL-211026724798/2021	XB	241_C|T,410_G|A,1255_A|G,2659_G|T,3037_C|T,3688_C|T,3884_C|T,6028_A|G,6633_C|T,7142_A|G,9614_A|G,9693_C|T,9754_A|C,11213_T|G,14408_C|T,15026_C|T,15451_G|A,16466_C|T,18458_C|A,21057_C|T,21615_T|G,21846_C|T,22036_A|C,22882_T|A,23403_A|G,23604_C|A,23625_C|T,23638_C|T,23765_T|G,24442_C|T,24642_C|T,26222_C|T,27360_T|C,27389_C|T,27769_C|T,28048_G|A,28229_T|C,28326_G|T,28330_A|G,28391_C|T,28854_C|T,28910_A|T,29736_G|T,11288_11296,26158_26161,28271
USA/VA-CDC-ASC210155626/2021	XB	241_C|T,257_A|T,1255_A|G,3037_C|T,3511_C|T,3688_C|T,3884_C|T,6539_C|T,6566_G|T,6633_C|T,7142_A|G,7909_A|G,9614_A|G,9693_C|T,9754_A|C,14083_A|G,14408_C|T,15026_C|T,15451_G|A,16466_C|T,19263_C|T,21057_C|T,21615_T|G,21717_A|G,21727_C|T,21846_C|T,22036_A|C,22484_G|T,22498_C|T,22677_C|T,22882_T|A,23403_A|G,23604_C|A,23625_C|T,23638_C|T,23765_T|G,24442_C|T,24642_C|T,26222_C|T,27389_C|T,27769_C|T,28048_G|A,28330_A|G,28854_C|T,28910_A|T,28963_T|C,11288_11296,26158_26161,28271
USA/VA-CDC-ASC210155627/2021	XB	241_C|T,257_A|T,1255_A|G,3037_C|T,3511_C|T,3688_C|T,3884_C|T,6539_C|T,6566_G|T,6633_C|T,7142_A|G,7909_A|G,9614_A|G,9693_C|T,9754_A|C,14083_A|G,14408_C|T,15026_C|T,15451_G|A,16466_C|T,19263_C|T,21057_C|T,21615_T|G,21717_A|G,21727_C|T,21846_C|T,22036_A|C,22484_G|T,22498_C|T,22677_C|T,22882_T|A,23403_A|G,23604_C|A,23625_C|T,23638_C|T,23765_T|G,24442_C|T,24642_C|T,26222_C|T,27389_C|T,27769_C|T,28048_G|A,28330_A|G,28854_C|T,28910_A|T,28963_T|C,11288_11296,26158_26161,28271
USA/VA-CDC-LC0078438/2021	XB	241_C|T,1255_A|G,1758_C|T,3037_C|T,3688_C|T,3884_C|T,6633_C|T,7142_A|G,9614_A|G,9693_C|T,9754_A|C,14408_C|T,15026_C|T,15451_G|A,16466_C|T,18508_C|T,21057_C|T,21597_C|T,21615_T|G,21618_C|T,21811_C|T,21846_C|T,22036_A|C,22882_T|A,23403_A|G,23604_C|A,23625_C|T,23638_C|T,23765_T|G,24378_C|T,24406_T|G,24442_C|T,24642_C|T,26222_C|T,27389_C|T,27769_C|T,28048_G|A,28330_A|G,28854_C|T,28910_A|T,29500_A|C,11288_11296,26158_26161,28271
USA/VA-CDC-LC0096299/2021	XB	241_C|T,1255_A|G,2570_C|T,3037_C|T,3688_C|T,3884_C|T,6633_C|T,7142_A|G,9614_A|G,9693_C|T,9754_A|C,12591_T|C,14408_C|T,15026_C|T,15451_G|A,16466_C|T,20679_G|T,20752_G|T,21057_C|T,21615_T|G,21846_C|T,22036_A|C,22498_C|T,22882_T|A,23403_A|G,23604_C|A,23625_C|T,23638_C|T,23765_T|G,24442_C|T,24642_C|T,25513_C|T,26222_C|T,26730_G|T,27389_C|T,27427_C|T,27769_C|T,28048_G|A,28330_A|G,28854_C|T,28910_A|T,11288_11296,26158_26161,28271
USA/VA-CDC-LC0100788/2021	XB	241_C|T,875_C|T,1820_G|A,2536_C|T,3037_C|T,3688_C|T,3884_C|T,6633_C|T,7869_C|T,9614_A|G,9693_C|T,9754_A|C,14408_C|T,15451_G|A,16466_C|T,17278_G|T,18213_G|A,19085_A|G,21057_C|T,21615_T|G,21646_C|T,21846_C|T,22036_A|C,22879_C|A,22882_T|A,23403_A|G,23604_C|A,23625_C|T,23765_T|G,24442_C|T,24642_C|T,25942_T|C,26222_C|T,27389_C|T,27769_C|T,27892_A|G,28001_G|A,28048_G|A,28330_A|G,28854_C|T,28910_A|T,29498_C|G,11288_11296,26158_26161,28271
USA/VA-CDC-LC0168876/2021	XB	241_C|T,1255_A|G,1288_C|T,3037_C|T,3688_C|T,3884_C|T,6633_C|T,7142_A|G,9614_A|G,9693_C|T,9754_A|C,12591_T|C,12676_C|T,14408_C|T,15026_C|T,15451_G|A,16466_C|T,20679_G|T,20752_G|T,21057_C|T,21615_T|G,21846_C|T,22036_A|C,22498_C|T,22882_T|A,23403_A|G,23604_C|A,23625_C|T,23638_C|T,23765_T|G,24442_C|T,24642_C|T,25513_C|T,26222_C|T,26730_G|T,27389_C|T,27427_C|T,27769_C|T,28048_G|A,28330_A|G,28854_C|T,28910_A|T,11288_11296,26158_26161,28271
USA/VA-DCLS-6156/2021	XB	241_C|T,1255_A|G,3037_C|T,3688_C|T,3884_C|T,6633_C|T,7142_A|G,9614_A|G,9693_C|T,9754_A|C,12591_T|C,14408_C|T,15026_C|T,15451_G|A,16466_C|T,20679_G|T,20752_G|T,21057_C|T,21615_T|G,21846_C|T,22036_A|C,22498_C|T,22882_T|A,23403_A|G,23604_C|A,23625_C|T,23638_C|T,23765_T|G,24442_C|T,24642_C|T,25513_C|T,26222_C|T,26730_G|T,27363_A|C,27389_C|T,27427_C|T,27769_C|T,28048_G|A,28330_A|G,28854_C|T,28910_A|T,11288_11296,26158_26161,28271
USA/VA-DCLS-6477/2021	XB	241_C|T,1255_A|G,1721_G|A,3037_C|T,3688_C|T,3884_C|T,6633_C|T,7079_A|G,7142_A|G,7443_T|C,9614_A|G,9693_C|T,9754_A|C,12307_A|G,12591_T|C,14408_C|T,15026_C|T,15451_G|A,16466_C|T,21057_C|T,21575_C|T,21615_T|G,21846_C|T,22036_A|C,22882_T|A,23403_A|G,23604_C|A,23625_C|T,23638_C|T,23765_T|G,24442_C|T,24642_C|T,25513_C|T,26222_C|T,27389_C|T,27427_C|T,27769_C|T,28048_G|A,28330_A|G,28541_G|T,28854_C|T,28910_A|T,11288_11296,26158_26161,28271
USA/VA-VTVAS3-GSC23515/2021	XB	241_C|T,1255_A|G,1758_C|T,3037_C|T,3688_C|T,3884_C|T,6633_C|T,7142_A|G,9614_A|G,9693_C|T,9754_A|C,14408_C|T,15026_C|T,15451_G|A,16466_C|T,21057_C|T,21615_T|G,21618_C|T,21811_C|T,21846_C|T,22036_A|C,22882_T|A,23403_A|G,23604_C|A,23625_C|T,23638_C|T,23765_T|G,24378_C|T,24406_T|G,24442_C|T,24642_C|T,26222_C|T,27389_C|T,27752_C|T,28048_G|A,28330_A|G,28854_C|T,28910_A|T,29500_A|C,11288_11296,26158_26161,28271
USA/VSP5242/2021	XB	241_C|T,1255_A|G,3037_C|T,3688_C|T,3884_C|T,4717_A|G,6633_C|T,7142_A|G,7328_G|T,9614_A|G,9693_C|T,9754_A|C,14408_C|T,15026_C|T,15451_G|A,16466_C|T,20294_A|G,20963_A|G,21057_C|T,21615_T|G,21846_C|T,22036_A|C,23403_A|G,23604_C|A,23625_C|T,23638_C|T,23765_T|G,24442_C|T,24642_C|T,26192_C|T,26222_C|T,27389_C|T,27769_C|T,28048_G|A,28330_A|G,28854_C|T,28910_A|T,11288_11296,26158_26161,28271
USA/WA-CDC-FG-035687/2021	XB	241_C|T,1255_A|G,3037_C|T,3688_C|T,3884_C|T,6633_C|T,7142_A|G,9614_A|G,9693_C|T,9754_A|C,12591_T|C,14408_C|T,15026_C|T,15451_G|A,16466_C|T,21057_C|T,21615_T|G,21846_C|T,22036_A|C,22498_C|T,22882_T|A,23403_A|G,23604_C|A,23625_C|T,23638_C|T,23765_T|G,24442_C|T,24642_C|T,25513_C|T,26222_C|T,26310_T|A,27389_C|T,27427_C|T,27769_C|T,28048_G|A,28330_A|G,28854_C|T,28910_A|T,515_517,11288_11296,26158_26161,28271
USA/WA-CDC-LC0073425/2021	XB	241_C|T,1255_A|G,3037_C|T,3688_C|T,3884_C|T,6633_C|T,7142_A|G,7420_C|T,9614_A|G,9693_C|T,9754_A|C,11083_G|T,14408_C|T,15026_C|T,15451_G|A,16466_C|T,16877_C|T,20930_C|T,21057_C|T,21615_T|G,21846_C|T,22036_A|C,22689_C|T,22882_T|A,23191_C|T,23403_A|G,23604_C|A,23625_C|T,23638_C|T,23765_T|G,24442_C|T,24642_C|T,26222_C|T,26951_G|C,27389_C|T,27769_C|T,28045_C|T,28048_G|A,28854_C|T,28910_A|T,11288_11296,26158_26161,28271
USA/WA-CDC-LC0101923/2021	XB	241_C|T,577_T|C,1255_A|G,3037_C|T,3688_C|T,3884_C|T,3977_G|A,6633_C|T,7142_A|G,9614_A|G,9693_C|T,9754_A|C,9857_C|T,14408_C|T,15026_C|T,15451_G|A,15925_C|T,16466_C|T,19086_G|T,20777_T|C,21057_C|T,21615_T|G,21846_C|T,22036_A|C,22882_T|A,23403_A|G,23604_C|A,23625_C|T,23638_C|T,23765_T|G,24378_C|T,24406_T|G,24442_C|T,24642_C|T,26222_C|T,27389_C|T,27769_C|T,28048_G|A,28330_A|G,28854_C|T,28910_A|T,29474_G|T,11288_11296,26158_26161,28271
USA/WA-CDC-LC0105138/2021	XB	241_C|T,577_T|C,1255_A|G,3037_C|T,3688_C|T,3884_C|T,3977_G|A,6633_C|T,7142_A|G,9614_A|G,9693_C|T,9754_A|C,9857_C|T,14408_C|T,15026_C|T,15451_G|A,16466_C|T,19086_G|T,20777_T|C,21057_C|T,21615_T|G,21846_C|T,22036_A|C,22882_T|A,23403_A|G,23604_C|A,23625_C|T,23638_C|T,23765_T|G,24378_C|T,24406_T|G,24442_C|T,24642_C|T,26222_C|T,27389_C|T,27769_C|T,28048_G|A,28330_A|G,28854_C|T,28910_A|T,29474_G|T,11288_11296,26158_26161,28271
USA/WA-CDC-LC0105139/2021	XB	241_C|T,577_T|C,1255_A|G,3037_C|T,3688_C|T,3884_C|T,3977_G|A,6633_C|T,7142_A|G,9614_A|G,9693_C|T,9754_A|C,9857_C|T,14408_C|T,15026_C|T,15451_G|A,16466_C|T,19086_G|T,20777_T|C,21057_C|T,21615_T|G,21846_C|T,22036_A|C,22882_T|A,23403_A|G,23604_C|A,23625_C|T,23638_C|T,23765_T|G,24378_C|T,24406_T|G,24442_C|T,24642_C|T,26222_C|T,27389_C|T,27769_C|T,28048_G|A,28330_A|G,28854_C|T,28910_A|T,29474_G|T,11288_11296,26158_26161,28271
USA/WA-CDC-LC0105142/2021	XB	241_C|T,577_T|C,1255_A|G,3037_C|T,3688_C|T,3884_C|T,3977_G|A,6633_C|T,7142_A|G,9614_A|G,9693_C|T,9754_A|C,9857_C|T,14408_C|T,15026_C|T,15451_G|A,16466_C|T,19086_G|T,20777_T|C,21057_C|T,21615_T|G,21846_C|T,22036_A|C,22882_T|A,23403_A|G,23604_C|A,23625_C|T,23638_C|T,23765_T|G,24378_C|T,24406_T|G,24442_C|T,24642_C|T,26222_C|T,27389_C|T,27769_C|T,28048_G|A,28330_A|G,28854_C|T,28910_A|T,29474_G|T,11288_11296,26158_26161,28271
USA/WA-CDC-STM-000071660/2021	XB	241_C|T,1255_A|G,3037_C|T,3688_C|T,3884_C|T,6633_C|T,7142_A|G,9614_A|G,9693_C|T,9754_A|C,14408_C|T,15026_C|T,15451_G|A,16466_C|T,21057_C|T,21615_T|G,21846_C|T,22036_A|C,23403_A|G,23604_C|A,23625_C|T,23638_C|T,23765_T|G,24378_C|T,24406_T|G,24442_C|T,24642_C|T,26222_C|T,27389_C|T,27769_C|T,28048_G|A,28330_A|G,28854_C|T,28910_A|T,11288_11296,26158_26161,28271
USA/WI-CDC-IBX555059748632/2021	XB	241_C|T,1222_T|C,1255_A|G,3037_C|T,3688_C|T,3884_C|T,6633_C|T,7142_A|G,7767_T|C,9614_A|G,9693_C|T,9754_A|C,12591_T|C,14408_C|T,15026_C|T,15451_G|A,16466_C|T,20814_A|G,21057_C|T,21615_T|G,21846_C|T,22036_A|C,22498_C|T,22882_T|A,23403_A|G,23604_C|A,23625_C|T,23638_C|T,23765_T|G,24442_C|T,24642_C|T,25318_C|T,25513_C|T,26222_C|T,26310_T|A,27389_C|T,27427_C|T,27769_C|T,28048_G|A,28330_A|G,28371_G|T,28854_C|T,28910_A|T,11288_11296,26158_26161,28271
USA/WI-CDC-LC0054217/2021	XB	241_C|T,1222_T|C,1255_A|G,3037_C|T,3688_C|T,3884_C|T,6633_C|T,7142_A|G,9614_A|G,9693_C|T,9754_A|C,12591_T|C,14408_C|T,15026_C|T,15451_G|A,16466_C|T,20814_A|G,21057_C|T,21615_T|G,21846_C|T,22036_A|C,22498_C|T,22882_T|A,23403_A|G,23604_C|A,23625_C|T,23638_C|T,23765_T|G,24442_C|T,24642_C|T,25513_C|T,26222_C|T,26310_T|A,27389_C|T,27427_C|T,27769_C|T,28048_G|A,28330_A|G,28371_G|T,28854_C|T,28910_A|T,29627_C|T,11288_11296,26158_26161,28271
Wales/PHWC-PYKU3C/2021	XB	241_C|T,1255_A|G,1929_C|T,3037_C|T,3688_C|T,3884_C|T,3892_G|T,4551_C|T,6633_C|T,7142_A|G,7851_C|T,8673_C|T,9614_A|G,9693_C|T,9754_A|C,10323_A|G,11417_G|T,14408_C|T,15026_C|T,15451_G|A,16466_C|T,20603_C|T,21054_C|T,21057_C|T,21615_T|G,21846_C|T,22036_A|C,22882_T|A,23403_A|G,23604_C|A,23625_C|T,23638_C|T,23765_T|G,24378_C|T,24406_T|G,24442_C|T,24642_C|T,25688_C|T,26222_C|T,27281_G|T,27389_C|T,27659_G|C,27769_C|T,28048_G|A,28330_A|G,28854_C|T,28910_A|T,11288_11296,26158_26161,28271
humans/USA/WA-PHL-001176/2021	XB	241_C|T,1255_A|G,3037_C|T,3688_C|T,3884_C|T,6633_C|T,7142_A|G,9614_A|G,9693_C|T,9754_A|C,9967_C|T,14408_C|T,15026_C|T,15451_G|A,16466_C|T,16800_T|C,21057_C|T,21615_T|G,21618_C|T,21846_C|T,22036_A|C,22104_G|T,22882_T|A,23403_A|G,23604_C|A,23625_C|T,23638_C|T,23765_T|G,24378_C|T,24406_T|G,24442_C|T,24642_C|T,26222_C|T,26461_C|T,27389_C|T,27769_C|T,28048_G|A,28330_A|G,28854_C|T,28910_A|T,11288_11296,26158_26161,28271
IMS-10004-CVDP-C3813C03-D1F6-4297-9EDF-71CEFA28B735	XB	241_C|T,1255_A|G,3037_C|T,3688_C|T,3884_C|T,4551_C|T,5730_C|T,6633_C|T,7142_A|G,8673_C|T,9614_A|G,9693_C|T,9754_A|C,10078_C|T,14408_C|T,15026_C|T,15451_G|A,16466_C|T,20603_C|T,21054_C|T,21057_C|T,21615_T|G,21668_G|T,21846_C|T,22036_A|C,23403_A|G,23604_C|A,23625_C|T,23638_C|T,23765_T|G,24378_C|T,24406_T|G,24442_C|T,24642_C|T,26222_C|T,27281_G|T,27389_C|T,27769_C|T,28048_G|A,28330_A|G,28854_C|T,28869_C|T,28910_A|T,11288_11296,26158_26161,28271
IMS-10261-CVDP-37BA4B6F-20DC-4C02-B2F1-83E354156C46	XB	241_C|T,1255_A|G,3037_C|T,3688_C|T,3884_C|T,4551_C|T,4681_A|G,5730_C|T,6633_C|T,7142_A|G,8673_C|T,9614_A|G,9693_C|T,9754_A|C,14408_C|T,15026_C|T,15451_G|A,16466_C|T,20603_C|T,21054_C|T,21057_C|T,21077_C|T,21615_T|G,21846_C|T,22036_A|C,23403_A|G,23604_C|A,23625_C|T,23638_C|T,23765_T|G,24378_C|T,24406_T|G,24442_C|T,24642_C|T,26222_C|T,27281_G|T,27389_C|T,27769_C|T,28048_G|A,28330_A|G,28854_C|T,28869_C|T,28910_A|T,11288_11296
