genomeID	true_lineage	nuc_changes
DEU/RP-USAFSAM-S20811/2022	XBB	241_C|T,405_A|G,510_G|A,670_T|G,2790_C|T,3037_C|T,4184_G|A,4321_C|T,5365_C|T,9344_C|T,9424_A|G,9534_C|T,9866_C|T,10029_C|T,10198_C|T,10447_G|A,10449_C|A,12880_C|T,14408_C|T,15451_G|A,15714_C|T,15738_C|T,15939_T|C,16342_T|C,17410_C|T,17859_T|C,18163_A|G,19326_A|G,19955_C|T,20055_A|G,21618_C|T,21810_T|C,21987_G|A,22000_C|A,22109_C|G,22185_C|T,22200_T|A,22577_G|C,22578_G|A,22599_G|C,22664_C|A,22674_C|T,22679_T|C,22686_C|T,22688_A|G,22775_G|A,22786_A|C,22813_G|T,22882_T|G,22895_G|C,22896_T|C,22898_G|A,22942_T|G,22992_G|A,22995_C|A,23013_A|C,23019_T|C,23031_T|C,23055_A|G,23063_A|T,23075_T|C,23403_A|G,23525_C|T,23599_T|G,23604_C|A,23854_C|A,23948_G|T,24424_A|T,24469_T|A,25000_C|T,25416_C|T,25584_C|T,26060_C|T,26270_C|T,26275_A|G,26577_C|G,26709_G|A,26858_C|T,27259_A|C,27382_G|C,27383_A|T,27384_T|C,27807_C|T,28271_A|T,28311_C|T,28881_G|A,28882_G|A,28883_G|C,29510_A|C,11288_11296,21633_21641,21992_21994,28362_28370,29734_29759
DEU/RP-USAFSAM-S20823/2022	XBB	241_C|T,405_A|G,510_G|A,670_T|G,2790_C|T,3037_C|T,4184_G|A,4321_C|T,5365_C|T,9344_C|T,9424_A|G,9534_C|T,9866_C|T,10029_C|T,10198_C|T,10447_G|A,10449_C|A,12880_C|T,14408_C|T,15451_G|A,15714_C|T,15738_C|T,15939_T|C,16342_T|C,17410_C|T,17859_T|C,18163_A|G,19326_A|G,19955_C|T,20055_A|G,21618_C|T,21810_T|C,21987_G|A,22000_C|A,22109_C|G,22185_C|T,22200_T|A,22577_G|C,22578_G|A,22599_G|C,22664_C|A,22674_C|T,22679_T|C,22686_C|T,22688_A|G,22775_G|A,22786_A|C,22813_G|T,22882_T|G,22895_G|C,22896_T|C,22898_G|A,22942_T|G,22992_G|A,22995_C|A,23013_A|C,23019_T|C,23031_T|C,23055_A|G,23063_A|T,23075_T|C,23403_A|G,23525_C|T,23599_T|G,23604_C|A,23854_C|A,23948_G|T,24424_A|T,24469_T|A,25000_C|T,25416_C|T,25584_C|T,26060_C|T,26270_C|T,26275_A|G,26577_C|G,26709_G|A,26858_C|T,27259_A|C,27382_G|C,27383_A|T,27384_T|C,27807_C|T,28271_A|T,28311_C|T,28881_G|A,28882_G|A,28883_G|C,29510_A|C,29782_A|C,29783_G|T,29786_G|C,11288_11296,21633_21641,21992_21994,28362_28370,29734_29759
Denmark/DCGC-586491/2022	XBB	207_C|T,241_C|T,405_A|G,510_G|A,670_T|G,2790_C|T,3037_C|T,4184_G|A,4321_C|T,9344_C|T,9424_A|G,9534_C|T,9866_C|T,10029_C|T,10198_C|T,10447_G|A,10449_C|A,12727_T|C,12880_C|T,14408_C|T,15451_G|A,15714_C|T,15738_C|T,15939_T|C,16342_T|C,17410_C|T,17859_T|C,18163_A|G,19326_A|G,19955_C|T,20055_A|G,21618_C|T,21810_T|C,21987_G|A,22000_C|A,22109_C|G,22200_T|A,22577_G|C,22578_G|A,22599_G|C,22674_C|T,22679_T|C,22686_C|T,22688_A|G,22775_G|A,22786_A|C,22813_G|T,22882_T|G,22895_G|C,22896_T|C,22898_G|A,22942_T|G,22992_G|A,22995_C|A,23013_A|C,23019_T|C,23031_T|C,23055_A|G,23063_A|T,23075_T|C,23403_A|G,23525_C|T,23599_T|G,23604_C|A,23854_C|A,23948_G|T,24424_A|T,24469_T|A,25000_C|T,25416_C|T,25584_C|T,26060_C|T,26270_C|T,26275_A|G,26577_C|G,26709_G|A,26858_C|T,27259_A|C,27382_G|C,27383_A|T,27384_T|C,27807_C|T,27979_A|T,28271_A|T,28311_C|T,28881_G|A,28882_G|A,28883_G|C,29510_A|C,11288_11296,28362_28370
Denmark/DCGC-588545/2022	XBB	207_C|T,241_C|T,405_A|G,510_G|A,670_T|G,2790_C|T,3037_C|T,4184_G|A,4321_C|T,9344_C|T,9424_A|G,9534_C|T,9866_C|T,10029_C|T,10198_C|T,10447_G|A,10449_C|A,12727_T|C,12880_C|T,14408_C|T,15451_G|A,15714_C|T,15738_C|T,15939_T|C,16342_T|C,17410_C|T,17859_T|C,18163_A|G,19326_A|G,19955_C|T,20055_A|G,21618_C|T,21810_T|C,21987_G|A,22000_C|A,22109_C|G,22200_T|A,22577_G|C,22578_G|A,22599_G|C,22664_C|A,22674_C|T,22679_T|C,22686_C|T,22688_A|G,22775_G|A,22786_A|C,22813_G|T,22882_T|G,22895_G|C,22896_T|C,22898_G|A,22942_T|G,22992_G|A,22995_C|A,23013_A|C,23019_T|C,23031_T|C,23055_A|G,23063_A|T,23075_T|C,23403_A|G,23525_C|T,23599_T|G,23604_C|A,23854_C|A,23948_G|T,24424_A|T,24469_T|A,25416_C|T,25584_C|T,26060_C|T,26270_C|T,26275_A|G,26709_G|A,26858_C|T,27259_A|C,27382_G|C,27383_A|T,27384_T|C,27807_C|T,27979_A|T,28271_A|T,28311_C|T,28881_G|A,28882_G|A,28883_G|C,29510_A|C,11288_11296,21633_21641,21992_21994,28362_28370
Denmark/DCGC-592525/2022	XBB	241_C|T,405_A|G,510_G|A,670_T|G,2093_T|G,2434_C|T,2790_C|T,3037_C|T,4184_G|A,4321_C|T,9344_C|T,9424_A|G,9534_C|T,9866_C|T,10029_C|T,10198_C|T,10323_A|G,10447_G|A,10449_C|A,12880_C|T,14408_C|T,15451_G|A,15714_C|T,15738_C|T,15939_T|C,16342_T|C,17410_C|T,17859_T|C,18163_A|G,19326_A|G,19955_C|T,20055_A|G,21618_C|T,21810_T|C,21987_G|A,22000_C|A,22109_C|G,22200_T|A,22577_G|C,22578_G|A,22599_G|C,22664_C|A,22674_C|T,22679_T|C,22686_C|T,22688_A|G,22775_G|A,22786_A|C,22813_G|T,22882_T|G,22895_G|C,22896_T|C,22898_G|A,22942_T|G,22992_G|A,22995_C|A,23013_A|C,23019_T|C,23031_T|C,23055_A|G,23063_A|T,23075_T|C,23403_A|G,23525_C|T,23599_T|G,23604_C|A,23854_C|A,23948_G|T,23973_A|T,24424_A|T,24469_T|A,25416_C|T,25584_C|T,26060_C|T,26270_C|T,26275_A|G,26709_G|A,26765_T|C,26858_C|T,27259_A|C,27382_G|C,27383_A|T,27384_T|C,27807_C|T,28271_A|T,28311_C|T,28881_G|A,28882_G|A,28883_G|C,29510_A|C,11288_11296,21633_21641,21992_21994,28362_28370
Denmark/DCGC-594838/2022	XBB	241_C|T,405_A|G,510_G|A,670_T|G,2790_C|T,3037_C|T,4184_G|A,4321_C|T,9344_C|T,9424_A|G,9534_C|T,9866_C|T,10029_C|T,10198_C|T,10447_G|A,10449_C|A,12880_C|T,14408_C|T,15451_G|A,15714_C|T,15738_C|T,15939_T|C,16342_T|C,17410_C|T,17859_T|C,18163_A|G,19326_A|G,19955_C|T,20055_A|G,21618_C|T,21810_T|C,21987_G|A,22000_C|A,22109_C|G,22200_T|A,22577_G|C,22578_G|A,22599_G|C,22664_C|A,22674_C|T,22679_T|C,22686_C|T,22688_A|G,22882_T|G,22895_G|C,22896_T|C,22898_G|A,22942_T|G,22992_G|A,22995_C|A,23013_A|C,23019_T|C,23031_T|C,23055_A|G,23063_A|T,23075_T|C,23403_A|G,23525_C|T,23599_T|G,23604_C|A,23854_C|A,23948_G|T,24424_A|T,24469_T|A,25000_C|T,25416_C|T,25584_C|T,26060_C|T,26270_C|T,26275_A|G,26709_G|A,26858_C|T,27259_A|C,27382_G|C,27383_A|T,27384_T|C,27807_C|T,27992_T|A,28271_A|T,28311_C|T,28881_G|A,28882_G|A,28883_G|C,29510_A|C,11288_11296,21633_21641,21992_21994,28362_28370
Denmark/DCGC-608004/2022	XBB	241_C|T,405_A|G,510_G|A,670_T|G,2790_C|T,3037_C|T,3311_C|A,4184_G|A,4321_C|T,9344_C|T,9424_A|G,9534_C|T,9866_C|T,10029_C|T,10198_C|T,10447_G|A,10449_C|A,12880_C|T,14408_C|T,15451_G|A,15714_C|T,15738_C|T,15939_T|C,16342_T|C,17410_C|T,17859_T|C,18163_A|G,19326_A|G,19955_C|T,20055_A|G,21618_C|T,21810_T|C,21987_G|A,22000_C|A,22109_C|G,22200_T|A,22577_G|C,22578_G|A,22599_G|C,22664_C|A,22674_C|T,22679_T|C,22686_C|T,22688_A|G,22775_G|A,22786_A|C,22813_G|T,22882_T|G,22895_G|C,22896_T|C,22898_G|A,22942_T|G,22992_G|A,22995_C|A,23013_A|C,23019_T|C,23031_T|C,23055_A|G,23063_A|T,23075_T|C,23403_A|G,23525_C|T,23599_T|G,23604_C|A,23854_C|A,23948_G|T,24424_A|T,24469_T|A,25000_C|T,25416_C|T,25584_C|T,26060_C|T,26270_C|T,26275_A|G,26709_G|A,26858_C|T,27259_A|C,27382_G|C,27383_A|T,27384_T|C,27807_C|T,28271_A|T,28311_C|T,28435_C|T,28881_G|A,28882_G|A,28883_G|C,29510_A|C,11288_11296,21633_21641,21992_21994,28362_28370
Denmark/DCGC-609474/2022	XBB	13_T|C,241_C|T,405_A|G,670_T|G,2790_C|T,3037_C|T,4184_G|A,4321_C|T,6312_C|T,9344_C|T,9424_A|G,9534_C|T,9866_C|T,10029_C|T,10198_C|T,10447_G|A,10449_C|A,11074_C|T,12880_C|T,14408_C|T,15451_G|A,15714_C|T,15738_C|T,15939_T|C,16342_T|C,17410_C|T,17859_T|C,18163_A|G,19955_C|T,20055_A|G,20762_C|T,21618_C|T,21810_T|C,21987_G|A,22000_C|A,22109_C|G,22200_T|A,22577_G|C,22578_G|A,22599_G|C,22664_C|A,22674_C|T,22679_T|C,22686_C|T,22688_A|G,22775_G|A,22786_A|C,22813_G|T,22882_T|G,22895_G|C,22896_T|C,22898_G|A,22942_T|G,22992_G|A,22995_C|A,23013_A|C,23019_T|C,23031_T|C,23055_A|G,23063_A|T,23075_T|C,23403_A|G,23424_C|G,23525_C|T,23599_T|G,23604_C|A,23854_C|A,23948_G|T,24424_A|T,24469_T|A,25000_C|T,25416_C|T,25584_C|T,26060_C|T,26270_C|T,26275_A|G,26577_C|G,26709_G|A,26858_C|T,27259_A|C,27382_G|C,27383_A|T,27384_T|C,27807_C|T,28271_A|T,28311_C|T,28881_G|A,28882_G|A,28883_G|C,29510_A|C,11288_11296,21633_21641,21992_21994,28362_28370
Denmark/DCGC-610374/2022	XBB	241_C|T,245_C|T,405_A|G,510_G|A,670_T|G,2790_C|T,3037_C|T,4184_G|A,4321_C|T,5365_C|T,8290_C|T,9344_C|T,9424_A|G,9534_C|T,9866_C|T,10029_C|T,10198_C|T,10447_G|A,10449_C|A,12880_C|T,14408_C|T,15451_G|A,15714_C|T,15738_C|T,15939_T|C,16342_T|C,17410_C|T,17859_T|C,18163_A|G,19109_G|A,19326_A|G,19955_C|T,20055_A|G,21618_C|T,21810_T|C,21987_G|A,22000_C|A,22109_C|G,22200_T|A,22577_G|C,22578_G|A,22599_G|C,22664_C|A,22674_C|T,22679_T|C,22686_C|T,22688_A|G,22775_G|A,22786_A|C,22813_G|T,22882_T|G,22895_G|C,22896_T|C,22898_G|A,22942_T|G,22992_G|A,22995_C|A,23013_A|C,23019_T|C,23031_T|C,23055_A|G,23063_A|T,23075_T|C,23403_A|G,23417_G|C,23525_C|T,23599_T|G,23604_C|A,23854_C|A,23948_G|T,24424_A|T,24469_T|A,25000_C|T,25416_C|T,25584_C|T,26060_C|T,26270_C|T,26275_A|G,26709_G|A,26858_C|T,27259_A|C,27382_G|C,27383_A|T,27384_T|C,27463_G|A,27807_C|T,28271_A|T,28311_C|T,28881_G|A,28882_G|A,28883_G|C,29510_A|C,11288_11296,21633_21641,21992_21994,28362_28370
Denmark/DCGC-610908/2022	XBB	241_C|T,245_C|T,405_A|G,510_G|A,670_T|G,2790_C|T,3037_C|T,4184_G|A,4321_C|T,5365_C|T,9344_C|T,9424_A|G,9534_C|T,9866_C|T,10029_C|T,10198_C|T,10447_G|A,10449_C|A,12880_C|T,14408_C|T,15451_G|A,15714_C|T,15738_C|T,15939_T|C,16342_T|C,17410_C|T,17859_T|C,18163_A|G,19109_G|A,19326_A|G,19955_C|T,20055_A|G,21618_C|T,21810_T|C,21987_G|A,22000_C|A,22109_C|G,22200_T|A,22577_G|C,22578_G|A,22599_G|C,22674_C|T,22679_T|C,22686_C|T,22688_A|G,22775_G|A,22786_A|C,22882_T|G,22895_G|C,22896_T|C,22898_G|A,22942_T|G,22992_G|A,22995_C|A,23013_A|C,23019_T|C,23031_T|C,23055_A|G,23063_A|T,23075_T|C,23403_A|G,23417_G|C,23525_C|T,23599_T|G,23604_C|A,23854_C|A,23948_G|T,24424_A|T,24469_T|A,25000_C|T,25416_C|T,25584_C|T,26060_C|T,26270_C|T,26275_A|G,26577_C|G,26709_G|A,26858_C|T,27259_A|C,27382_G|C,27383_A|T,27384_T|C,27463_G|A,27807_C|T,28271_A|T,28311_C|T,28881_G|A,28882_G|A,28883_G|C,29510_A|C,11288_11296,21633_21641,21992_21994,28362_28370
Denmark/DCGC-611397/2022	XBB	241_C|T,245_C|T,405_A|G,510_G|A,670_T|G,2790_C|T,3037_C|T,4184_G|A,4321_C|T,5365_C|T,8290_C|T,9344_C|T,9424_A|G,9534_C|T,9866_C|T,10029_C|T,10198_C|T,10447_G|A,10449_C|A,12880_C|T,14408_C|T,15451_G|A,15714_C|T,15738_C|T,15939_T|C,16342_T|C,17410_C|T,17859_T|C,18163_A|G,19109_G|A,19326_A|G,19955_C|T,20055_A|G,21618_C|T,21810_T|C,21987_G|A,22000_C|A,22109_C|G,22200_T|A,22577_G|C,22578_G|A,22599_G|C,22664_C|A,22674_C|T,22679_T|C,22686_C|T,22688_A|G,22775_G|A,22786_A|C,22813_G|T,22882_T|G,22895_G|C,22896_T|C,22898_G|A,22942_T|G,22992_G|A,22995_C|A,23013_A|C,23019_T|C,23031_T|C,23055_A|G,23063_A|T,23075_T|C,23403_A|G,23417_G|C,23525_C|T,23599_T|G,23604_C|A,23854_C|A,23948_G|T,24424_A|T,24469_T|A,25000_C|T,25416_C|T,25584_C|T,26060_C|T,26270_C|T,26275_A|G,26709_G|A,26858_C|T,27259_A|C,27382_G|C,27383_A|T,27384_T|C,27463_G|A,27807_C|T,28271_A|T,28311_C|T,28881_G|A,28882_G|A,28883_G|C,29510_A|C,11288_11296,21633_21641,21992_21994,28362_28370
Denmark/DCGC-612113/2022	XBB	241_C|T,245_C|T,405_A|G,510_G|A,670_T|G,2790_C|T,3037_C|T,4184_G|A,4321_C|T,5365_C|T,9344_C|T,9424_A|G,9534_C|T,9866_C|T,10029_C|T,10198_C|T,10447_G|A,10449_C|A,12880_C|T,14408_C|T,15451_G|A,15714_C|T,15738_C|T,15939_T|C,16342_T|C,17410_C|T,17859_T|C,18163_A|G,19109_G|A,19326_A|G,19955_C|T,20055_A|G,21618_C|T,21810_T|C,21987_G|A,22000_C|A,22109_C|G,22200_T|A,22577_G|C,22578_G|A,22599_G|C,22664_C|A,22674_C|T,22679_T|C,22686_C|T,22688_A|G,22775_G|A,22786_A|C,22813_G|T,22882_T|G,22895_G|C,22896_T|C,22898_G|A,22942_T|G,22992_G|A,22995_C|A,23013_A|C,23019_T|C,23031_T|C,23055_A|G,23063_A|T,23075_T|C,23403_A|G,23417_G|C,23525_C|T,23599_T|G,23604_C|A,23854_C|A,23948_G|T,24424_A|T,24469_T|A,25000_C|T,25416_C|T,25584_C|T,26060_C|T,26270_C|T,26275_A|G,26709_G|A,26858_C|T,27259_A|C,27382_G|C,27383_A|T,27384_T|C,27463_G|A,27807_C|T,28271_A|T,28311_C|T,28881_G|A,28882_G|A,28883_G|C,29510_A|C,11288_11296,21633_21641,21992_21994,28362_28370
Denmark/DCGC-612272/2022	XBB	106_C|T,241_C|T,405_A|G,510_G|A,670_T|G,1820_G|A,2790_C|T,3022_T|C,3037_C|T,4184_G|A,4321_C|T,5077_T|C,9344_C|T,9424_A|G,9534_C|T,9866_C|T,10029_C|T,10198_C|T,10447_G|A,10449_C|A,11312_G|A,12880_C|T,14408_C|T,14877_C|T,15451_G|A,15714_C|T,15738_C|T,15939_T|C,16342_T|C,17410_C|T,17859_T|C,18163_A|G,19326_A|G,19335_T|C,19955_C|T,20055_A|G,20594_C|T,21618_C|T,21810_T|C,21987_G|A,22000_C|A,22109_C|G,22200_T|A,22577_G|C,22578_G|A,22599_G|C,22664_C|A,22674_C|T,22679_T|C,22686_C|T,22688_A|G,22775_G|A,22786_A|C,22813_G|T,22882_T|G,22895_G|C,22896_T|C,22898_G|A,22942_T|G,23013_A|C,23019_T|C,23031_T|C,23055_A|G,23063_A|T,23075_T|C,23191_C|T,23403_A|G,23525_C|T,23599_T|G,23604_C|A,23854_C|A,23948_G|T,24424_A|T,24469_T|A,24603_G|A,25000_C|T,25416_C|T,25584_C|T,26060_C|T,26270_C|T,26275_A|G,26709_G|A,26858_C|T,27259_A|C,27382_G|C,27383_A|T,27384_T|C,27807_C|T,28271_A|T,28311_C|T,28881_G|A,28882_G|A,28883_G|C,29510_A|C,29700_A|G,11288_11296,21633_21641,21992_21994,28362_28370
Denmark/DCGC-613736/2022	XBB	241_C|T,405_A|G,510_G|A,670_T|G,2790_C|T,3037_C|T,3530_G|A,4184_G|A,4321_C|T,9344_C|T,9424_A|G,9534_C|T,9866_C|T,10029_C|T,10198_C|T,10447_G|A,10449_C|A,11747_C|T,12880_C|T,14408_C|T,15451_G|A,15714_C|T,15738_C|T,15939_T|C,16342_T|C,17410_C|T,17859_T|C,18163_A|G,19326_A|G,19955_C|T,20055_A|G,21618_C|T,21810_T|C,21987_G|A,22000_C|A,22109_C|G,22200_T|A,22577_G|C,22578_G|A,22599_G|C,22664_C|A,22674_C|T,22679_T|C,22686_C|T,22688_A|G,22775_G|A,22786_A|C,22813_G|T,22882_T|G,22895_G|C,22896_T|C,22898_G|A,22942_T|G,22992_G|A,22995_C|A,23013_A|C,23019_T|C,23031_T|C,23055_A|G,23063_A|T,23075_T|C,23403_A|G,23525_C|T,23599_T|G,23604_C|A,23854_C|A,23948_G|T,24424_A|T,24469_T|A,25000_C|T,25134_A|G,25416_C|T,25584_C|T,26060_C|T,26270_C|T,26275_A|G,26709_G|A,26858_C|T,27259_A|C,27382_G|C,27383_A|T,27384_T|C,27807_C|T,28271_A|T,28311_C|T,28881_G|A,28882_G|A,28883_G|C,29510_A|C,11288_11296,21633_21641,21992_21994,28362_28370
Denmark/DCGC-613837/2022	XBB	241_C|T,405_A|G,670_T|G,1869_C|T,2790_C|T,3037_C|T,4184_G|A,4321_C|T,5939_A|G,9344_C|T,9424_A|G,9534_C|T,9866_C|T,10029_C|T,10198_C|T,10447_G|A,10449_C|A,12880_C|T,14408_C|T,15451_G|A,15714_C|T,15738_C|T,15939_T|C,16342_T|C,17410_C|T,17859_T|C,17860_G|A,18163_A|G,19326_A|G,19955_C|T,20055_A|G,21618_C|T,21810_T|C,21987_G|A,22000_C|A,22109_C|G,22200_T|A,22320_A|G,22577_G|C,22578_G|A,22599_G|C,22664_C|A,22674_C|T,22679_T|C,22686_C|T,22688_A|G,22775_G|A,22786_A|C,22813_G|T,22882_T|G,22895_G|C,22896_T|C,22898_G|A,22942_T|G,22992_G|A,22995_C|A,23013_A|C,23019_T|C,23031_T|C,23055_A|G,23063_A|T,23075_T|C,23403_A|G,23525_C|T,23599_T|G,23604_C|A,23854_C|A,23948_G|T,24424_A|T,24469_T|A,25000_C|T,25416_C|T,25584_C|T,26060_C|T,26270_C|T,26275_A|G,26709_G|A,26858_C|T,27259_A|C,27382_G|C,27383_A|T,27384_T|C,27807_C|T,28271_A|T,28311_C|T,28881_G|A,28882_G|A,28883_G|C,29510_A|C,11288_11296,21633_21641,21992_21994,28362_28370
Denmark/DCGC-614062/2022	XBB	241_C|T,405_A|G,510_G|A,670_T|G,2790_C|T,3037_C|T,3112_T|C,4184_G|A,4321_C|T,9344_C|T,9352_T|C,9424_A|G,9534_C|T,9866_C|T,9929_G|A,10029_C|T,10198_C|T,10447_G|A,10449_C|A,12880_C|T,14408_C|T,15451_G|A,15714_C|T,15738_C|T,15939_T|C,16342_T|C,17410_C|T,17859_T|C,18163_A|G,19326_A|G,19955_C|T,20055_A|G,21618_C|T,21810_T|C,21987_G|A,22000_C|A,22109_C|G,22200_T|A,22577_G|C,22578_G|A,22599_G|C,22664_C|A,22674_C|T,22679_T|C,22775_G|A,22786_A|C,22813_G|T,22882_T|G,22895_G|C,22896_T|C,22898_G|A,22942_T|G,22992_G|A,22995_C|A,23013_A|C,23019_T|C,23031_T|C,23055_A|G,23063_A|T,23075_T|C,23403_A|G,23525_C|T,23599_T|G,23604_C|A,23854_C|A,23948_G|T,24424_A|T,24469_T|A,25000_C|T,25416_C|T,25584_C|T,26060_C|T,26270_C|T,26275_A|G,26577_C|G,26709_G|A,26858_C|T,27259_A|C,27382_G|C,27383_A|T,27384_T|C,27807_C|T,28271_A|T,28311_C|T,28881_G|A,28882_G|A,28883_G|C,29510_A|C,11288_11296,21633_21641,21992_21994,28362_28370
Denmark/DCGC-614421/2022	XBB	241_C|T,405_A|G,510_G|A,670_T|G,2790_C|T,3037_C|T,4184_G|A,4321_C|T,9344_C|T,9424_A|G,9534_C|T,9866_C|T,10029_C|T,10198_C|T,10447_G|A,10449_C|A,12880_C|T,13289_T|C,14408_C|T,15451_G|A,15714_C|T,15738_C|T,15939_T|C,16342_T|C,17410_C|T,17859_T|C,18163_A|G,19326_A|G,19955_C|T,20055_A|G,21306_C|T,21618_C|T,21810_T|C,21987_G|A,22000_C|A,22109_C|G,22200_T|A,22577_G|C,22578_G|A,22599_G|C,22664_C|A,22674_C|T,22679_T|C,22686_C|T,22688_A|G,22775_G|A,22786_A|C,22813_G|T,22882_T|G,22895_G|C,22896_T|C,22898_G|A,22942_T|G,22992_G|A,22995_C|A,23013_A|C,23019_T|C,23031_T|C,23055_A|G,23063_A|T,23075_T|C,23403_A|G,23525_C|T,23599_T|G,23604_C|A,23854_C|A,23948_G|T,24424_A|T,24469_T|A,25000_C|T,25416_C|T,25584_C|T,26060_C|T,26270_C|T,26275_A|G,26709_G|A,26858_C|T,27259_A|C,27382_G|C,27383_A|T,27384_T|C,27807_C|T,28271_A|T,28311_C|T,28881_G|A,28882_G|A,28883_G|C,29510_A|C,11288_11296,21633_21641,21992_21994,28362_28370
Denmark/DCGC-614513/2022	XBB	106_C|T,241_C|T,405_A|G,510_G|A,670_T|G,1820_G|A,2790_C|T,3022_T|C,3037_C|T,4184_G|A,4321_C|T,5077_T|C,9344_C|T,9424_A|G,9534_C|T,9866_C|T,10029_C|T,10198_C|T,10447_G|A,10449_C|A,11312_G|A,12880_C|T,14408_C|T,14877_C|T,15451_G|A,15714_C|T,15738_C|T,15939_T|C,16342_T|C,17410_C|T,17859_T|C,18163_A|G,19326_A|G,19335_T|C,19955_C|T,20055_A|G,20594_C|T,21618_C|T,21810_T|C,21987_G|A,22000_C|A,22109_C|G,22200_T|A,22577_G|C,22578_G|A,22599_G|C,22664_C|A,22674_C|T,22679_T|C,22686_C|T,22688_A|G,22775_G|A,22786_A|C,22813_G|T,22882_T|G,22895_G|C,22896_T|C,22898_G|A,22942_T|G,22992_G|A,22995_C|A,23013_A|C,23019_T|C,23031_T|C,23055_A|G,23063_A|T,23075_T|C,23191_C|T,23403_A|G,23525_C|T,23599_T|G,23604_C|A,23854_C|A,23948_G|T,24424_A|T,24469_T|A,24603_G|A,25000_C|T,25416_C|T,25584_C|T,26060_C|T,26270_C|T,26275_A|G,26709_G|A,26858_C|T,27259_A|C,27382_G|C,27383_A|T,27384_T|C,27807_C|T,28271_A|T,28311_C|T,28881_G|A,28882_G|A,28883_G|C,29510_A|C,29700_A|G,11288_11296,21633_21641,21992_21994,28362_28370
Denmark/DCGC-616116/2022	XBB	405_A|G,670_T|G,2790_C|T,3037_C|T,4184_G|A,4321_C|T,9344_C|T,9424_A|G,9534_C|T,9866_C|T,10029_C|T,10198_C|T,10447_G|A,10449_C|A,12880_C|T,13426_C|T,14408_C|T,15451_G|A,15714_C|T,15738_C|T,15939_T|C,16342_T|C,17410_C|T,17859_T|C,18163_A|G,19326_A|G,19955_C|T,20055_A|G,21618_C|T,21810_T|C,21987_G|A,22000_C|A,22109_C|G,22200_T|A,22577_G|C,22578_G|A,22599_G|C,22664_C|A,22674_C|T,22679_T|C,22686_C|T,22688_A|G,22775_G|A,22786_A|C,22813_G|T,22882_T|G,22895_G|C,22896_T|C,22898_G|A,22942_T|G,22992_G|A,22995_C|A,23013_A|C,23019_T|C,23031_T|C,23055_A|G,23063_A|T,23075_T|C,23403_A|G,23525_C|T,23599_T|G,23604_C|A,23854_C|A,23948_G|T,24424_A|T,24469_T|A,25000_C|T,25416_C|T,25584_C|T,26060_C|T,26270_C|T,26275_A|G,26709_G|A,26858_C|T,27259_A|C,27382_G|C,27383_A|T,27384_T|C,27684_C|G,27807_C|T,28271_A|T,28311_C|T,28881_G|A,28882_G|A,28883_G|C,29510_A|C,509_523,11288_11296,21633_21641,21992_21994,28362_28370
Denmark/DCGC-616420/2022	XBB	241_C|T,405_A|G,670_T|G,2790_C|T,3037_C|T,4184_G|A,4321_C|T,9344_C|T,9424_A|G,9534_C|T,9866_C|T,10029_C|T,10198_C|T,10447_G|A,10449_C|A,12880_C|T,13426_C|T,14408_C|T,15451_G|A,15714_C|T,15738_C|T,15939_T|C,16342_T|C,17410_C|T,17859_T|C,18163_A|G,19326_A|G,19955_C|T,20055_A|G,21618_C|T,21810_T|C,21987_G|A,22000_C|A,22109_C|G,22200_T|A,22577_G|C,22578_G|A,22599_G|C,22664_C|A,22674_C|T,22679_T|C,22686_C|T,22688_A|G,22775_G|A,22786_A|C,22813_G|T,22882_T|G,22895_G|C,22896_T|C,22898_G|A,22942_T|G,22992_G|A,22995_C|A,23013_A|C,23019_T|C,23031_T|C,23055_A|G,23063_A|T,23075_T|C,23403_A|G,23525_C|T,23599_T|G,23604_C|A,23854_C|A,23948_G|T,24424_A|T,24469_T|A,25000_C|T,25416_C|T,25584_C|T,26060_C|T,26270_C|T,26275_A|G,26709_G|A,26858_C|T,27259_A|C,27382_G|C,27383_A|T,27384_T|C,27684_C|G,27807_C|T,28271_A|T,28311_C|T,28881_G|A,28882_G|A,28883_G|C,29510_A|C,509_523,11288_11296,21633_21641,21992_21994,28362_28370
Denmark/DCGC-616834/2022	XBB	241_C|T,405_A|G,510_G|A,670_T|G,2790_C|T,3037_C|T,4184_G|A,4321_C|T,9344_C|T,9424_A|G,9534_C|T,9866_C|T,10029_C|T,10198_C|T,10447_G|A,10449_C|A,12880_C|T,13289_T|C,14408_C|T,15451_G|A,15714_C|T,15738_C|T,15939_T|C,16342_T|C,17410_C|T,17859_T|C,18163_A|G,19326_A|G,19955_C|T,20055_A|G,21306_C|T,21618_C|T,21810_T|C,21987_G|A,22000_C|A,22109_C|G,22200_T|A,22577_G|C,22578_G|A,22599_G|C,22664_C|A,22674_C|T,22679_T|C,22813_G|T,22882_T|G,22895_G|C,22896_T|C,22898_G|A,22942_T|G,22992_G|A,22995_C|A,23013_A|C,23019_T|C,23031_T|C,23055_A|G,23063_A|T,23075_T|C,23403_A|G,23525_C|T,23599_T|G,23604_C|A,23854_C|A,23948_G|T,24424_A|T,24469_T|A,25000_C|T,25416_C|T,25584_C|T,26060_C|T,26270_C|T,26275_A|G,26709_G|A,26858_C|T,27259_A|C,27382_G|C,27383_A|T,27384_T|C,27807_C|T,28271_A|T,28311_C|T,28881_G|A,28882_G|A,28883_G|C,29510_A|C,11288_11296,21633_21641,21992_21994,28362_28370
Denmark/DCGC-616838/2022	XBB	241_C|T,405_A|G,670_T|G,2790_C|T,3037_C|T,4184_G|A,4321_C|T,9344_C|T,9424_A|G,9534_C|T,9866_C|T,10029_C|T,10198_C|T,10447_G|A,10449_C|A,12880_C|T,13426_C|T,14408_C|T,15451_G|A,15714_C|T,15738_C|T,15939_T|C,16342_T|C,17410_C|T,17859_T|C,18163_A|G,19326_A|G,19955_C|T,20055_A|G,21618_C|T,21810_T|C,21987_G|A,22000_C|A,22109_C|G,22200_T|A,22577_G|C,22578_G|A,22599_G|C,22664_C|A,22674_C|T,22679_T|C,22686_C|T,22688_A|G,22775_G|A,22786_A|C,22813_G|T,22882_T|G,22895_G|C,22896_T|C,22898_G|A,22942_T|G,22992_G|A,22995_C|A,23013_A|C,23019_T|C,23031_T|C,23055_A|G,23063_A|T,23075_T|C,23403_A|G,23525_C|T,23599_T|G,23604_C|A,23854_C|A,23948_G|T,24424_A|T,24469_T|A,25416_C|T,25584_C|T,26060_C|T,26270_C|T,26275_A|G,26577_C|G,26709_G|A,26858_C|T,27259_A|C,27382_G|C,27383_A|T,27384_T|C,27684_C|G,27807_C|T,28271_A|T,28311_C|T,28881_G|A,28882_G|A,28883_G|C,29510_A|C,509_523,11288_11296,21633_21641,21992_21994,28362_28370
Denmark/DCGC-616949/2022	XBB	241_C|T,405_A|G,670_T|G,2790_C|T,3037_C|T,4184_G|A,4321_C|T,9344_C|T,9424_A|G,9534_C|T,9866_C|T,10029_C|T,10198_C|T,10447_G|A,10449_C|A,12880_C|T,13426_C|T,14408_C|T,15451_G|A,15714_C|T,15738_C|T,15939_T|C,16342_T|C,17410_C|T,17859_T|C,18163_A|G,19326_A|G,19955_C|T,20055_A|G,21618_C|T,21810_T|C,21987_G|A,22000_C|A,22097_C|T,22109_C|G,22200_T|A,22577_G|C,22578_G|A,22599_G|C,22775_G|A,22786_A|C,22882_T|G,22895_G|C,22896_T|C,22898_G|A,22942_T|G,22992_G|A,22995_C|A,23013_A|C,23019_T|C,23031_T|C,23055_A|G,23063_A|T,23075_T|C,23403_A|G,23525_C|T,23599_T|G,23604_C|A,23854_C|A,23948_G|T,24424_A|T,24469_T|A,24797_C|A,25000_C|T,25096_C|T,25416_C|T,25584_C|T,26060_C|T,26270_C|T,26275_A|G,26577_C|G,26709_G|A,26858_C|T,27259_A|C,27382_G|C,27383_A|T,27384_T|C,27807_C|T,28271_A|T,28311_C|T,28881_G|A,28882_G|A,28883_G|C,29510_A|C,509_523,11288_11296,21633_21641,21992_21994,28362_28370
Denmark/DCGC-617515/2022	XBB	241_C|T,405_A|G,670_T|G,2790_C|T,3037_C|T,4184_G|A,4321_C|T,9344_C|T,9424_A|G,9534_C|T,9866_C|T,10029_C|T,10198_C|T,10447_G|A,10449_C|A,12880_C|T,13426_C|T,14408_C|T,15451_G|A,15714_C|T,15738_C|T,15939_T|C,16342_T|C,17410_C|T,17859_T|C,18163_A|G,19326_A|G,19955_C|T,20055_A|G,21618_C|T,21810_T|C,21987_G|A,22000_C|A,22109_C|G,22200_T|A,22577_G|C,22578_G|A,22599_G|C,22664_C|A,22674_C|T,22679_T|C,22686_C|T,22688_A|G,22775_G|A,22786_A|C,22813_G|T,22882_T|G,22895_G|C,22896_T|C,22898_G|A,22942_T|G,22992_G|A,22995_C|A,23013_A|C,23019_T|C,23031_T|C,23055_A|G,23063_A|T,23075_T|C,23403_A|G,23525_C|T,23599_T|G,23604_C|A,23854_C|A,23948_G|T,24424_A|T,24469_T|A,25000_C|T,25416_C|T,25584_C|T,26060_C|T,26270_C|T,26275_A|G,26577_C|G,26709_G|A,26858_C|T,27259_A|C,27382_G|C,27383_A|T,27384_T|C,27684_C|G,27807_C|T,28271_A|T,28311_C|T,28881_G|A,28882_G|A,28883_G|C,29510_A|C,509_523,11288_11296,21633_21641,21992_21994,28362_28370
Denmark/DCGC-619218/2022	XBB	241_C|T,245_C|T,405_A|G,510_G|A,670_T|G,2790_C|T,3037_C|T,4184_G|A,4321_C|T,5365_C|T,9344_C|T,9424_A|G,9534_C|T,9866_C|T,10029_C|T,10198_C|T,10447_G|A,10449_C|A,12880_C|T,13694_C|T,14408_C|T,15451_G|A,15714_C|T,15738_C|T,15939_T|C,16342_T|C,17410_C|T,17859_T|C,18163_A|G,19109_G|A,19326_A|G,19955_C|T,20055_A|G,21618_C|T,21810_T|C,21987_G|A,22000_C|A,22109_C|G,22200_T|A,22577_G|C,22578_G|A,22599_G|C,22664_C|A,22674_C|T,22679_T|C,22882_T|G,22895_G|C,22896_T|C,22898_G|A,22942_T|G,22992_G|A,22995_C|A,23013_A|C,23019_T|C,23031_T|C,23055_A|G,23063_A|T,23075_T|C,23403_A|G,23417_G|C,23525_C|T,23599_T|G,23604_C|A,23854_C|A,23948_G|T,24424_A|T,24469_T|A,25000_C|T,25416_C|T,25584_C|T,26060_C|T,26270_C|T,26275_A|G,26577_C|G,26709_G|A,26858_C|T,27259_A|C,27382_G|C,27383_A|T,27384_T|C,27463_G|A,27807_C|T,28271_A|T,28311_C|T,28881_G|A,28882_G|A,28883_G|C,29510_A|C,11288_11296,21633_21641,21992_21994,28362_28370
Denmark/DCGC-619521/2022	XBB	241_C|T,405_A|G,670_T|G,2790_C|T,3037_C|T,3259_G|T,4184_G|A,4321_C|T,9344_C|T,9424_A|G,9534_C|T,9866_C|T,10029_C|T,10198_C|T,10447_G|A,10449_C|A,12880_C|T,13426_C|T,14408_C|T,15451_G|A,15714_C|T,15738_C|T,15939_T|C,16342_T|C,17410_C|T,17859_T|C,18163_A|G,19326_A|G,19955_C|T,20055_A|G,21618_C|T,21810_T|C,21987_G|A,22000_C|A,22109_C|G,22200_T|A,22577_G|C,22578_G|A,22599_G|C,22664_C|A,22674_C|T,22679_T|C,22686_C|T,22688_A|G,22775_G|A,22786_A|C,22813_G|T,22882_T|G,22895_G|C,22896_T|C,22898_G|A,22942_T|G,22992_G|A,22995_C|A,23013_A|C,23019_T|C,23031_T|C,23055_A|G,23063_A|T,23075_T|C,23403_A|G,23525_C|T,23599_T|G,23604_C|A,23854_C|A,23948_G|T,24424_A|T,24469_T|A,25000_C|T,25416_C|T,25584_C|T,26060_C|T,26270_C|T,26275_A|G,26709_G|A,26858_C|T,27259_A|C,27382_G|C,27383_A|T,27384_T|C,27807_C|T,28271_A|T,28311_C|T,28881_G|A,28882_G|A,28883_G|C,29510_A|C,509_523,11288_11296,21633_21641,21992_21994,28362_28370
Denmark/DCGC-619607/2022	XBB	241_C|T,405_A|G,670_T|G,2790_C|T,3037_C|T,4184_G|A,4321_C|T,9344_C|T,9424_A|G,9534_C|T,9866_C|T,10029_C|T,10198_C|T,10447_G|A,10449_C|A,12880_C|T,13426_C|T,14408_C|T,15451_G|A,15714_C|T,15738_C|T,15939_T|C,16342_T|C,17410_C|T,17859_T|C,18163_A|G,19326_A|G,19955_C|T,20055_A|G,21618_C|T,21810_T|C,21987_G|A,22000_C|A,22109_C|G,22200_T|A,22577_G|C,22578_G|A,22599_G|C,22664_C|A,22674_C|T,22679_T|C,22686_C|T,22688_A|G,22775_G|A,22786_A|C,22813_G|T,22882_T|G,22895_G|C,22896_T|C,22898_G|A,22942_T|G,22992_G|A,22995_C|A,23013_A|C,23019_T|C,23031_T|C,23055_A|G,23063_A|T,23075_T|C,23403_A|G,23525_C|T,23599_T|G,23604_C|A,23854_C|A,23948_G|T,24424_A|T,24469_T|A,25000_C|T,25096_C|T,25416_C|T,25584_C|T,26060_C|T,26270_C|T,26275_A|G,26709_G|A,26858_C|T,27259_A|C,27382_G|C,27383_A|T,27384_T|C,27807_C|T,28271_A|T,28311_C|T,28881_G|A,28882_G|A,28883_G|C,29510_A|C,509_523,11288_11296,21633_21641,21992_21994,28362_28370
Denmark/DCGC-619871/2022	XBB	241_C|T,405_A|G,670_T|G,2790_C|T,3037_C|T,4184_G|A,4321_C|T,9344_C|T,9424_A|G,9534_C|T,9866_C|T,10029_C|T,10198_C|T,10447_G|A,10449_C|A,12880_C|T,13426_C|T,14408_C|T,15451_G|A,15714_C|T,15738_C|T,15939_T|C,16342_T|C,17410_C|T,17859_T|C,18163_A|G,19326_A|G,19955_C|T,20055_A|G,21618_C|T,21810_T|C,21987_G|A,22000_C|A,22109_C|G,22200_T|A,22577_G|C,22578_G|A,22599_G|C,22664_C|A,22674_C|T,22679_T|C,22686_C|T,22688_A|G,22775_G|A,22786_A|C,22813_G|T,22882_T|G,22895_G|C,22896_T|C,22898_G|A,22942_T|G,22992_G|A,22995_C|A,23013_A|C,23019_T|C,23031_T|C,23055_A|G,23063_A|T,23075_T|C,23403_A|G,23525_C|T,23599_T|G,23604_C|A,23854_C|A,23948_G|T,24424_A|T,24469_T|A,25000_C|T,25416_C|T,25584_C|T,26060_C|T,26270_C|T,26275_A|G,26577_C|G,26709_G|A,26858_C|T,27259_A|C,27382_G|C,27383_A|T,27384_T|C,27684_C|G,27807_C|T,28271_A|T,28311_C|T,28881_G|A,28882_G|A,28883_G|C,29510_A|C,509_523,11288_11296,21633_21641,21992_21994,28362_28370
Denmark/DCGC-620896/2022	XBB	241_C|T,405_A|G,522_T|A,670_T|G,2790_C|T,3037_C|T,4184_G|A,4321_C|T,9344_C|T,9424_A|G,9534_C|T,9866_C|T,10029_C|T,10198_C|T,10447_G|A,10449_C|A,12880_C|T,13426_C|T,14408_C|T,15451_G|A,15714_C|T,15738_C|T,15939_T|C,16342_T|C,17410_C|T,17859_T|C,18163_A|G,19326_A|G,19955_C|T,20055_A|G,21618_C|T,21810_T|C,21987_G|A,22000_C|A,22097_C|T,22109_C|G,22200_T|A,22577_G|C,22578_G|A,22599_G|C,22664_C|A,22674_C|T,22679_T|C,22686_C|T,22688_A|G,22775_G|A,22786_A|C,22882_T|G,22895_G|C,22896_T|C,22898_G|A,22942_T|G,22992_G|A,22995_C|A,23013_A|C,23019_T|C,23031_T|C,23055_A|G,23063_A|T,23075_T|C,23403_A|G,23525_C|T,23599_T|G,23604_C|A,23854_C|A,23948_G|T,24424_A|T,24469_T|A,25000_C|T,25096_C|T,25416_C|T,25584_C|T,26060_C|T,26270_C|T,26275_A|G,26577_C|G,26709_G|A,26858_C|T,27259_A|C,27382_G|C,27383_A|T,27384_T|C,27807_C|T,28271_A|T,28311_C|T,28881_G|A,28882_G|A,28883_G|C,29510_A|C,11288_11296,28362_28370
Denmark/DCGC-622585/2022	XBB	241_C|T,405_A|G,670_T|G,2038_T|C,2790_C|T,3037_C|T,4184_G|A,4321_C|T,9344_C|T,9424_A|G,9534_C|T,9866_C|T,10029_C|T,10198_C|T,10447_G|A,10449_C|A,12880_C|T,13426_C|T,14408_C|T,15451_G|A,15714_C|T,15738_C|T,15939_T|C,16342_T|C,17410_C|T,17859_T|C,18163_A|G,19326_A|G,19955_C|T,20055_A|G,21618_C|T,21810_T|C,21987_G|A,22000_C|A,22109_C|G,22200_T|A,22577_G|C,22578_G|A,22599_G|C,22664_C|A,22674_C|T,22679_T|C,22686_C|T,22688_A|G,22775_G|A,22786_A|C,22813_G|T,22882_T|G,22895_G|C,22896_T|C,22898_G|A,22942_T|G,22992_G|A,22995_C|A,23013_A|C,23019_T|C,23031_T|C,23055_A|G,23063_A|T,23075_T|C,23403_A|G,23525_C|T,23599_T|G,23604_C|A,23854_C|A,23948_G|T,24424_A|T,24469_T|A,25000_C|T,25096_C|T,25416_C|T,25584_C|T,26060_C|T,26270_C|T,26275_A|G,26709_G|A,26858_C|T,27259_A|C,27382_G|C,27383_A|T,27384_T|C,27807_C|T,28271_A|T,28311_C|T,28881_G|A,28882_G|A,28883_G|C,29368_A|T,29510_A|C,29518_C|T,509_523,11288_11296,21633_21641,21992_21994,28362_28370
Denmark/DCGC-622589/2022	XBB	241_C|T,405_A|G,510_G|A,670_T|G,975_A|C,2790_C|T,3037_C|T,4184_G|A,4321_C|T,5518_G|A,8677_T|C,9344_C|T,9424_A|G,9534_C|T,9866_C|T,10029_C|T,10198_C|T,10279_C|T,10447_G|A,10449_C|A,12880_C|T,14408_C|T,15451_G|A,15714_C|T,15738_C|T,15939_T|C,16342_T|C,17410_C|T,17859_T|C,18163_A|G,18447_T|C,19326_A|G,19955_C|T,20055_A|G,21618_C|T,21810_T|C,21987_G|A,22000_C|A,22109_C|G,22200_T|A,22577_G|C,22578_G|A,22599_G|C,22664_C|A,22674_C|T,22679_T|C,22686_C|T,22688_A|G,22775_G|A,22786_A|C,22813_G|T,22882_T|G,22895_G|C,22896_T|C,22898_G|A,22942_T|G,22992_G|A,22995_C|A,23013_A|C,23019_T|C,23031_T|C,23055_A|G,23063_A|T,23075_T|C,23403_A|G,23416_A|T,23525_C|T,23599_T|G,23604_C|A,23854_C|A,23948_G|T,24424_A|T,24469_T|A,25000_C|T,25416_C|T,25584_C|T,26060_C|T,26270_C|T,26275_A|G,26709_G|A,26858_C|T,27259_A|C,27382_G|C,27383_A|T,27384_T|C,27807_C|T,28271_A|T,28311_C|T,28881_G|A,28882_G|A,28883_G|C,29510_A|C,11288_11296,21633_21641,21992_21994,28362_28370
Denmark/DCGC-622654/2022	XBB	241_C|T,405_A|G,670_T|G,2790_C|T,3037_C|T,4184_G|A,4321_C|T,9344_C|T,9424_A|G,9534_C|T,9866_C|T,10029_C|T,10198_C|T,10447_G|A,10449_C|A,12880_C|T,13426_C|T,14408_C|T,15451_G|A,15714_C|T,15738_C|T,15939_T|C,16342_T|C,17410_C|T,17859_T|C,18163_A|G,19326_A|G,19955_C|T,20055_A|G,21618_C|T,21810_T|C,21987_G|A,22000_C|A,22109_C|G,22200_T|A,22577_G|C,22578_G|A,22599_G|C,22664_C|A,22674_C|T,22679_T|C,22686_C|T,22688_A|G,22775_G|A,22786_A|C,22813_G|T,22882_T|G,22895_G|C,22896_T|C,22898_G|A,22942_T|G,22992_G|A,22995_C|A,23013_A|C,23019_T|C,23031_T|C,23055_A|G,23063_A|T,23075_T|C,23403_A|G,23525_C|T,23599_T|G,23604_C|A,23854_C|A,23948_G|T,24424_A|T,24469_T|A,25000_C|T,25096_C|T,25416_C|T,25584_C|T,26060_C|T,26270_C|T,26275_A|G,26709_G|A,26858_C|T,27259_A|C,27382_G|C,27383_A|T,27384_T|C,27807_C|T,28271_A|T,28311_C|T,28881_G|A,28882_G|A,28883_G|C,29510_A|C,509_523,11288_11296,21633_21641,21992_21994,28362_28370
Denmark/DCGC-622721/2022	XBB	241_C|T,245_C|T,405_A|G,510_G|A,670_T|G,2790_C|T,3037_C|T,4184_G|A,4321_C|T,5365_C|T,9344_C|T,9424_A|G,9534_C|T,9866_C|T,10029_C|T,10198_C|T,10447_G|A,10449_C|A,12880_C|T,13694_C|T,14408_C|T,15451_G|A,15714_C|T,15738_C|T,15939_T|C,16342_T|C,17410_C|T,17859_T|C,18163_A|G,19109_G|A,19326_A|G,19955_C|T,20055_A|G,21618_C|T,21810_T|C,21987_G|A,22000_C|A,22109_C|G,22200_T|A,22577_G|C,22578_G|A,22599_G|C,22664_C|A,22674_C|T,22679_T|C,22686_C|T,22688_A|G,22775_G|A,22786_A|C,22813_G|T,22882_T|G,22895_G|C,22896_T|C,22898_G|A,22942_T|G,22992_G|A,22995_C|A,23013_A|C,23019_T|C,23031_T|C,23055_A|G,23063_A|T,23075_T|C,23403_A|G,23417_G|C,23525_C|T,23599_T|G,23604_C|A,23854_C|A,23948_G|T,24424_A|T,24469_T|A,25000_C|T,25416_C|T,25584_C|T,26060_C|T,26270_C|T,26275_A|G,26577_C|G,26709_G|A,26858_C|T,27259_A|C,27382_G|C,27383_A|T,27384_T|C,27463_G|A,27807_C|T,28271_A|T,28311_C|T,28881_G|A,28882_G|A,28883_G|C,29510_A|C,11288_11296,21633_21641,21992_21994,28362_28370
Denmark/DCGC-623019/2022	XBB	241_C|T,405_A|G,670_T|G,2790_C|T,3037_C|T,4184_G|A,4321_C|T,7119_C|T,9344_C|T,9424_A|G,9534_C|T,9866_C|T,10029_C|T,10198_C|T,10447_G|A,10449_C|A,12880_C|T,13426_C|T,14408_C|T,15451_G|A,15714_C|T,15738_C|T,15939_T|C,16342_T|C,16750_C|T,17119_C|T,17410_C|T,17859_T|C,18163_A|G,19326_A|G,19955_C|T,20055_A|G,21618_C|T,21810_T|C,21987_G|A,22000_C|A,22109_C|G,22200_T|A,22577_G|C,22578_G|A,22599_G|C,22664_C|A,22674_C|T,22679_T|C,22686_C|T,22688_A|G,22775_G|A,22786_A|C,22813_G|T,22882_T|G,22895_G|C,22896_T|C,22898_G|A,22942_T|G,22992_G|A,22995_C|A,23013_A|C,23019_T|C,23031_T|C,23055_A|G,23063_A|T,23075_T|C,23403_A|G,23525_C|T,23599_T|G,23604_C|A,23854_C|A,23948_G|T,24424_A|T,24469_T|A,25000_C|T,25096_C|T,25416_C|T,25584_C|T,26060_C|T,26270_C|T,26275_A|G,26709_G|A,26858_C|T,27259_A|C,27382_G|C,27383_A|T,27384_T|C,27807_C|T,28271_A|T,28311_C|T,28881_G|A,28882_G|A,28883_G|C,29510_A|C,509_523,11288_11296,21633_21641,21992_21994,28362_28370
Denmark/DCGC-624156/2022	XBB	241_C|T,405_A|G,510_G|A,670_T|G,975_A|C,2790_C|T,3037_C|T,4184_G|A,4321_C|T,5518_G|A,8677_T|C,9344_C|T,9424_A|G,9534_C|T,9866_C|T,10029_C|T,10198_C|T,10279_C|T,10447_G|A,10449_C|A,12880_C|T,14408_C|T,15451_G|A,15714_C|T,15738_C|T,15939_T|C,16342_T|C,17410_C|T,17859_T|C,18163_A|G,18447_T|C,19326_A|G,19955_C|T,20055_A|G,21618_C|T,21810_T|C,21987_G|A,22000_C|A,22109_C|G,22200_T|A,22577_G|C,22578_G|A,22599_G|C,22775_G|A,22786_A|C,22882_T|G,22895_G|C,22896_T|C,22898_G|A,22942_T|G,22992_G|A,22995_C|A,23013_A|C,23019_T|C,23031_T|C,23055_A|G,23063_A|T,23075_T|C,23403_A|G,23416_A|T,23525_C|T,23599_T|G,23604_C|A,23854_C|A,23948_G|T,24424_A|T,24469_T|A,25000_C|T,25416_C|T,25584_C|T,26060_C|T,26270_C|T,26275_A|G,26577_C|G,26709_G|A,26858_C|T,27259_A|C,27382_G|C,27383_A|T,27384_T|C,27807_C|T,28271_A|T,28311_C|T,28881_G|A,28882_G|A,28883_G|C,29510_A|C,11288_11296,21633_21641,21992_21994,28362_28370
Denmark/DCGC-624274/2022	XBB	241_C|T,405_A|G,510_G|A,670_T|G,975_A|C,2790_C|T,3037_C|T,4184_G|A,4321_C|T,5518_G|A,8677_T|C,9344_C|T,9424_A|G,9534_C|T,9866_C|T,10029_C|T,10198_C|T,10279_C|T,10447_G|A,10449_C|A,12880_C|T,14408_C|T,15451_G|A,15714_C|T,15738_C|T,15939_T|C,16342_T|C,17410_C|T,17859_T|C,18163_A|G,18447_T|C,19326_A|G,19955_C|T,20055_A|G,21618_C|T,21810_T|C,21987_G|A,22000_C|A,22109_C|G,22200_T|A,22577_G|C,22578_G|A,22599_G|C,22664_C|A,22674_C|T,22679_T|C,22686_C|T,22688_A|G,22775_G|A,22786_A|C,22813_G|T,22882_T|G,22895_G|C,22896_T|C,22898_G|A,22942_T|G,22992_G|A,22995_C|A,23013_A|C,23019_T|C,23031_T|C,23055_A|G,23063_A|T,23075_T|C,23403_A|G,23416_A|T,23525_C|T,23599_T|G,23604_C|A,23854_C|A,23948_G|T,24424_A|T,24469_T|A,25000_C|T,25416_C|T,25584_C|T,26060_C|T,26270_C|T,26275_A|G,26709_G|A,26858_C|T,27259_A|C,27382_G|C,27383_A|T,27384_T|C,27807_C|T,28271_A|T,28311_C|T,28881_G|A,28882_G|A,28883_G|C,29510_A|C,11288_11296,21633_21641,21992_21994,28362_28370
Denmark/DCGC-624360/2022	XBB	405_A|G,510_G|A,670_T|G,2790_C|T,3037_C|T,4184_G|A,4321_C|T,5365_C|T,9344_C|T,9424_A|G,9534_C|T,9866_C|T,10029_C|T,10198_C|T,10447_G|A,10449_C|A,12880_C|T,13694_C|T,14408_C|T,15451_G|A,15714_C|T,15738_C|T,15939_T|C,16342_T|C,17410_C|T,17859_T|C,18163_A|G,19109_G|A,19326_A|G,19955_C|T,20055_A|G,21618_C|T,21810_T|C,21987_G|A,22000_C|A,22109_C|G,22200_T|A,22577_G|C,22578_G|A,22599_G|C,22664_C|A,22674_C|T,22679_T|C,22686_C|T,22688_A|G,22775_G|A,22786_A|C,22813_G|T,22882_T|G,22895_G|C,22896_T|C,22898_G|A,22942_T|G,22992_G|A,22995_C|A,23013_A|C,23019_T|C,23031_T|C,23055_A|G,23063_A|T,23075_T|C,23403_A|G,23417_G|C,23525_C|T,23599_T|G,23604_C|A,23854_C|A,23948_G|T,24424_A|T,24469_T|A,25000_C|T,25416_C|T,25584_C|T,26060_C|T,26270_C|T,26275_A|G,26577_C|G,26709_G|A,26858_C|T,27259_A|C,27382_G|C,27383_A|T,27384_T|C,27463_G|A,27807_C|T,28271_A|T,28311_C|T,28881_G|A,28882_G|A,28883_G|C,29510_A|C,11288_11296,21633_21641,21992_21994,28362_28370
Denmark/DCGC-624467/2022	XBB	241_C|T,245_C|T,405_A|G,510_G|A,670_T|G,2790_C|T,3037_C|T,4184_G|A,4321_C|T,5365_C|T,9344_C|T,9424_A|G,9534_C|T,9866_C|T,10029_C|T,10198_C|T,10447_G|A,10449_C|A,12880_C|T,13694_C|T,14408_C|T,15451_G|A,15714_C|T,15738_C|T,15939_T|C,16342_T|C,17410_C|T,17859_T|C,18163_A|G,19109_G|A,19326_A|G,19955_C|T,20055_A|G,21618_C|T,21810_T|C,21987_G|A,22000_C|A,22109_C|G,22200_T|A,22577_G|C,22578_G|A,22599_G|C,22664_C|A,22674_C|T,22679_T|C,22686_C|T,22688_A|G,22775_G|A,22786_A|C,22813_G|T,22882_T|G,22895_G|C,22896_T|C,22898_G|A,22942_T|G,22992_G|A,22995_C|A,23013_A|C,23019_T|C,23031_T|C,23055_A|G,23063_A|T,23075_T|C,23403_A|G,23417_G|C,23525_C|T,23599_T|G,23604_C|A,23854_C|A,23948_G|T,24424_A|T,24469_T|A,25000_C|T,25416_C|T,25584_C|T,26060_C|T,26270_C|T,26275_A|G,26709_G|A,26858_C|T,27259_A|C,27382_G|C,27383_A|T,27384_T|C,27463_G|A,27807_C|T,28271_A|T,28311_C|T,28881_G|A,28882_G|A,28883_G|C,29510_A|C,686_694,11288_11296,21633_21641,21992_21994,28362_28370
Denmark/DCGC-624652/2022	XBB	241_C|T,405_A|G,670_T|G,2790_C|T,3037_C|T,3259_G|T,4184_G|A,4321_C|T,9344_C|T,9424_A|G,9534_C|T,9866_C|T,10029_C|T,10198_C|T,10447_G|A,10449_C|A,12880_C|T,13426_C|T,14408_C|T,15451_G|A,15714_C|T,15738_C|T,15939_T|C,16342_T|C,17410_C|T,17859_T|C,18163_A|G,19326_A|G,19955_C|T,20055_A|G,21618_C|T,21810_T|C,21987_G|A,22000_C|A,22109_C|G,22200_T|A,22577_G|C,22578_G|A,22599_G|C,22664_C|A,22674_C|T,22679_T|C,22686_C|T,22688_A|G,22775_G|A,22786_A|C,22813_G|T,22882_T|G,22895_G|C,22896_T|C,22898_G|A,22942_T|G,22992_G|A,22995_C|A,23013_A|C,23019_T|C,23031_T|C,23055_A|G,23063_A|T,23075_T|C,23403_A|G,23525_C|T,23599_T|G,23604_C|A,23854_C|A,23948_G|T,24424_A|T,24469_T|A,25000_C|T,25416_C|T,25584_C|T,26060_C|T,26270_C|T,26275_A|G,26709_G|A,26858_C|T,27259_A|C,27382_G|C,27383_A|T,27384_T|C,27807_C|T,28271_A|T,28311_C|T,28881_G|A,28882_G|A,28883_G|C,29510_A|C,509_523,11288_11296,21633_21641,21992_21994,28362_28370
Denmark/DCGC-624820/2022	XBB	241_C|T,405_A|G,670_T|G,2790_C|T,3037_C|T,4184_G|A,4321_C|T,7119_C|T,9344_C|T,9424_A|G,9534_C|T,9866_C|T,10029_C|T,10198_C|T,10447_G|A,10449_C|A,12880_C|T,13426_C|T,14408_C|T,15451_G|A,15714_C|T,15738_C|T,15939_T|C,16342_T|C,16750_C|T,17119_C|T,17410_C|T,17859_T|C,18163_A|G,19326_A|G,19955_C|T,20055_A|G,21618_C|T,21810_T|C,21987_G|A,22000_C|A,22109_C|G,22200_T|A,22577_G|C,22578_G|A,22599_G|C,22664_C|A,22674_C|T,22679_T|C,22686_C|T,22688_A|G,22775_G|A,22786_A|C,22813_G|T,22882_T|G,22895_G|C,22896_T|C,22898_G|A,22942_T|G,22992_G|A,22995_C|A,23013_A|C,23019_T|C,23031_T|C,23055_A|G,23063_A|T,23075_T|C,23403_A|G,23525_C|T,23599_T|G,23604_C|A,23854_C|A,23948_G|T,24424_A|T,24469_T|A,25000_C|T,25096_C|T,25416_C|T,25584_C|T,26060_C|T,26270_C|T,26275_A|G,26577_C|G,26709_G|A,26858_C|T,27259_A|C,27382_G|C,27383_A|T,27384_T|C,27807_C|T,28271_A|T,28311_C|T,28881_G|A,28882_G|A,28883_G|C,29510_A|C,509_523,11288_11296,21633_21641,21992_21994,28362_28370
Denmark/DCGC-625582/2022	XBB	241_C|T,245_C|T,405_A|G,510_G|A,670_T|G,2790_C|T,3037_C|T,4184_G|A,4321_C|T,5365_C|T,9344_C|T,9424_A|G,9534_C|T,9866_C|T,10029_C|T,10198_C|T,10447_G|A,10449_C|A,12880_C|T,13694_C|T,14408_C|T,15451_G|A,15714_C|T,15738_C|T,15939_T|C,16342_T|C,17410_C|T,17859_T|C,18163_A|G,19109_G|A,19326_A|G,19955_C|T,20055_A|G,21618_C|T,21810_T|C,21987_G|A,22000_C|A,22109_C|G,22200_T|A,22577_G|C,22578_G|A,22599_G|C,22664_C|A,22674_C|T,22679_T|C,22686_C|T,22688_A|G,22775_G|A,22813_G|T,22882_T|G,22895_G|C,22896_T|C,22898_G|A,22942_T|G,22992_G|A,22995_C|A,23013_A|C,23019_T|C,23031_T|C,23055_A|G,23063_A|T,23075_T|C,23403_A|G,23417_G|C,23525_C|T,23599_T|G,23604_C|A,23854_C|A,23948_G|T,24424_A|T,24469_T|A,25000_C|T,25416_C|T,25584_C|T,26060_C|T,26270_C|T,26275_A|G,26577_C|G,26709_G|A,26858_C|T,27259_A|C,27382_G|C,27383_A|T,27384_T|C,27463_G|A,27807_C|T,28271_A|T,28311_C|T,28881_G|A,28882_G|A,28883_G|C,29510_A|C,686_694,11288_11296,21633_21641,21992_21994,28362_28370
Denmark/DCGC-625912/2022	XBB	241_C|T,245_C|T,405_A|G,510_G|A,670_T|G,2790_C|T,3037_C|T,4184_G|A,4321_C|T,5365_C|T,9344_C|T,9424_A|G,9534_C|T,9866_C|T,10029_C|T,10198_C|T,10447_G|A,10449_C|A,12880_C|T,13694_C|T,14408_C|T,15451_G|A,15714_C|T,15738_C|T,15939_T|C,16342_T|C,17410_C|T,17859_T|C,18163_A|G,19109_G|A,19326_A|G,19955_C|T,20055_A|G,21618_C|T,21810_T|C,21987_G|A,22000_C|A,22109_C|G,22200_T|A,22577_G|C,22578_G|A,22599_G|C,22664_C|A,22674_C|T,22679_T|C,22686_C|T,22688_A|G,22775_G|A,22786_A|C,22813_G|T,22882_T|G,22895_G|C,22896_T|C,22898_G|A,22942_T|G,22992_G|A,22995_C|A,23013_A|C,23019_T|C,23031_T|C,23055_A|G,23063_A|T,23075_T|C,23403_A|G,23417_G|C,23525_C|T,23599_T|G,23604_C|A,23854_C|A,23948_G|T,24424_A|T,24469_T|A,25000_C|T,25416_C|T,25584_C|T,26060_C|T,26270_C|T,26275_A|G,26709_G|A,26858_C|T,27259_A|C,27382_G|C,27383_A|T,27384_T|C,27463_G|A,27807_C|T,28271_A|T,28311_C|T,28881_G|A,28882_G|A,28883_G|C,29510_A|C,29690_G|T,11288_11296,21633_21641,21992_21994,28362_28370
Denmark/DCGC-626337/2022	XBB	241_C|T,405_A|G,510_G|A,670_T|G,975_A|C,2790_C|T,3037_C|T,4184_G|A,4321_C|T,5518_G|A,8677_T|C,9344_C|T,9424_A|G,9534_C|T,9866_C|T,10029_C|T,10198_C|T,10279_C|T,10447_G|A,10449_C|A,12880_C|T,14408_C|T,15451_G|A,15714_C|T,15738_C|T,15939_T|C,16342_T|C,17410_C|T,17859_T|C,18163_A|G,18447_T|C,19326_A|G,19955_C|T,20055_A|G,21618_C|T,21810_T|C,21987_G|A,22000_C|A,22109_C|G,22200_T|A,22577_G|C,22578_G|A,22599_G|C,22664_C|A,22674_C|T,22679_T|C,22686_C|T,22688_A|G,22775_G|A,22786_A|C,22813_G|T,22882_T|G,22895_G|C,22896_T|C,22898_G|A,22942_T|G,22992_G|A,22995_C|A,23013_A|C,23019_T|C,23031_T|C,23055_A|G,23063_A|T,23075_T|C,23403_A|G,23416_A|T,23525_C|T,23599_T|G,23604_C|A,23854_C|A,23948_G|T,24424_A|T,24469_T|A,25000_C|T,25416_C|T,25584_C|T,26060_C|T,26270_C|T,26275_A|G,26709_G|A,26858_C|T,27259_A|C,27382_G|C,27383_A|T,27384_T|C,27807_C|T,28271_A|T,28311_C|T,28881_G|A,28882_G|A,28883_G|C,29510_A|C,11288_11296,21633_21641,21992_21994,28362_28370
Denmark/DCGC-626372/2022	XBB	241_C|T,245_C|T,405_A|G,510_G|A,670_T|G,2790_C|T,3037_C|T,4184_G|A,4321_C|T,5365_C|T,5575_C|T,8653_G|C,9344_C|T,9424_A|G,9534_C|T,9866_C|T,10029_C|T,10198_C|T,10447_G|A,10449_C|A,12880_C|T,13694_C|T,14408_C|T,15451_G|A,15714_C|T,15738_C|T,15939_T|C,16342_T|C,17410_C|T,17859_T|C,18163_A|G,19109_G|A,19326_A|G,19955_C|T,20055_A|G,21618_C|T,21810_T|C,21987_G|A,22000_C|A,22109_C|G,22200_T|A,22577_G|C,22578_G|A,22599_G|C,22664_C|A,22674_C|T,22679_T|C,22686_C|T,22688_A|G,22775_G|A,22786_A|C,22813_G|T,22882_T|G,22895_G|C,22896_T|C,22898_G|A,22942_T|G,22992_G|A,22995_C|A,23013_A|C,23019_T|C,23031_T|C,23055_A|G,23063_A|T,23075_T|C,23403_A|G,23417_G|C,23525_C|T,23599_T|G,23604_C|A,23854_C|A,23948_G|T,24424_A|T,24469_T|A,25000_C|T,25416_C|T,25584_C|T,26060_C|T,26270_C|T,26275_A|G,26709_G|A,26858_C|T,27259_A|C,27382_G|C,27383_A|T,27384_T|C,27463_G|A,27807_C|T,28271_A|T,28311_C|T,28400_C|A,28881_G|A,28882_G|A,28883_G|C,29510_A|C,11288_11296,21633_21641,21992_21994,28362_28370
Denmark/DCGC-626802/2022	XBB	241_C|T,405_A|G,510_G|A,670_T|G,2790_C|T,3037_C|T,4184_G|A,4321_C|T,4755_C|T,5518_G|A,9344_C|T,9424_A|G,9534_C|T,9866_C|T,10029_C|T,10198_C|T,10447_G|A,10449_C|A,12781_C|T,12880_C|T,14408_C|T,15451_G|A,15714_C|T,15738_C|T,15939_T|C,16342_T|C,17410_C|T,17859_T|C,18163_A|G,19326_A|G,19955_C|T,20055_A|G,21618_C|T,21810_T|C,21987_G|A,22000_C|A,22109_C|G,22200_T|A,22577_G|C,22578_G|A,22599_G|C,22664_C|A,22674_C|T,22679_T|C,22686_C|T,22688_A|G,22775_G|A,22786_A|C,22813_G|T,22882_T|G,22895_G|C,22896_T|C,22898_G|A,22942_T|G,22992_G|A,22995_C|A,23013_A|C,23019_T|C,23031_T|C,23055_A|G,23063_A|T,23075_T|C,23403_A|G,23525_C|T,23599_T|G,23604_C|A,23613_C|T,23854_C|A,23948_G|T,24424_A|T,24469_T|A,25000_C|T,25416_C|T,25584_C|T,26060_C|T,26270_C|T,26275_A|G,26709_G|A,26858_C|T,26889_C|T,27259_A|C,27382_G|C,27383_A|T,27384_T|C,27807_C|T,28271_A|T,28311_C|T,28881_G|A,28882_G|A,28883_G|C,29510_A|C,11288_11296,21633_21641,21992_21994,28362_28370
Denmark/DCGC-626881/2022	XBB	241_C|T,405_A|G,510_G|A,670_T|G,2790_C|T,3037_C|T,4184_G|A,4321_C|T,4755_C|T,5518_G|A,9344_C|T,9424_A|G,9534_C|T,9866_C|T,10029_C|T,10198_C|T,10447_G|A,10449_C|A,12781_C|T,12880_C|T,14408_C|T,15451_G|A,15714_C|T,15738_C|T,15939_T|C,16342_T|C,17410_C|T,17859_T|C,18163_A|G,19326_A|G,19955_C|T,20055_A|G,21618_C|T,21810_T|C,21987_G|A,22000_C|A,22109_C|G,22200_T|A,22577_G|C,22578_G|A,22599_G|C,22664_C|A,22674_C|T,22679_T|C,22813_G|T,22882_T|G,22895_G|C,22896_T|C,22898_G|A,22942_T|G,22992_G|A,22995_C|A,23013_A|C,23019_T|C,23031_T|C,23055_A|G,23063_A|T,23075_T|C,23403_A|G,23525_C|T,23599_T|G,23604_C|A,23613_C|T,23854_C|A,23948_G|T,24424_A|T,24469_T|A,25000_C|T,25416_C|T,25584_C|T,26060_C|T,26270_C|T,26275_A|G,26577_C|G,26709_G|A,26858_C|T,26889_C|T,27259_A|C,27382_G|C,27383_A|T,27384_T|C,27807_C|T,28271_A|T,28311_C|T,28881_G|A,28882_G|A,28883_G|C,29510_A|C,11288_11296,21633_21641,21992_21994,28362_28370
Denmark/DCGC-627676/2022	XBB	241_C|T,405_A|G,510_G|A,670_T|G,2434_C|T,2790_C|T,3037_C|T,4184_G|A,4321_C|T,5062_G|A,9344_C|T,9424_A|G,9534_C|T,9866_C|T,10029_C|T,10198_C|T,10447_G|A,10449_C|A,12473_C|T,12525_C|T,12880_C|T,14408_C|T,15451_G|A,15714_C|T,15738_C|T,15939_T|C,16342_T|C,17410_C|T,17859_T|C,18163_A|G,18447_T|C,19326_A|G,19955_C|T,20055_A|G,20388_A|G,21618_C|T,21810_T|C,21987_G|A,22000_C|A,22109_C|G,22200_T|A,22530_C|G,22577_G|C,22578_G|A,22599_G|C,22664_C|A,22674_C|T,22679_T|C,22686_C|T,22688_A|G,22775_G|A,22786_A|C,22882_T|G,22895_G|C,22896_T|C,22898_G|A,22942_T|G,22992_G|A,22995_C|A,23013_A|C,23019_T|C,23031_T|C,23055_A|G,23063_A|T,23075_T|C,23403_A|G,23525_C|T,23599_T|G,23604_C|A,23854_C|A,23948_G|T,24424_A|T,24469_T|A,25000_C|T,25416_C|T,25584_C|T,26060_C|T,26270_C|T,26275_A|G,26709_G|A,26765_T|C,26858_C|T,27259_A|C,27382_G|C,27383_A|T,27384_T|C,27807_C|T,28271_A|T,28311_C|T,28881_G|A,28882_G|A,28883_G|C,29510_A|C,11288_11296,21633_21641,21992_21994,28362_28370
Denmark/DCGC-628128/2022	XBB	241_C|T,245_C|T,405_A|G,510_G|A,670_T|G,2790_C|T,3037_C|T,4184_G|A,4321_C|T,5365_C|T,9344_C|T,9424_A|G,9534_C|T,9866_C|T,10029_C|T,10198_C|T,10447_G|A,10449_C|A,12880_C|T,14408_C|T,15451_G|A,15714_C|T,15738_C|T,15939_T|C,16342_T|C,17410_C|T,17859_T|C,18163_A|G,19109_G|A,19326_A|G,19955_C|T,20055_A|G,21618_C|T,21810_T|C,21987_G|A,22000_C|A,22109_C|G,22200_T|A,22577_G|C,22578_G|A,22599_G|C,22664_C|A,22674_C|T,22679_T|C,22686_C|T,22688_A|G,22775_G|A,22813_G|T,22882_T|G,22895_G|C,22896_T|C,22898_G|A,22942_T|G,22992_G|A,22995_C|A,23013_A|C,23019_T|C,23031_T|C,23055_A|G,23063_A|T,23075_T|C,23403_A|G,23417_G|C,23525_C|T,23599_T|G,23604_C|A,23854_C|A,23948_G|T,24424_A|T,24469_T|A,25000_C|T,25416_C|T,25584_C|T,26060_C|T,26270_C|T,26275_A|G,26577_C|G,26709_G|A,26858_C|T,27259_A|C,27382_G|C,27383_A|T,27384_T|C,27463_G|A,27807_C|T,28271_A|T,28311_C|T,28881_G|A,28882_G|A,28883_G|C,29510_A|C,11288_11296,21633_21641,21992_21994,28362_28370
Denmark/DCGC-628499/2022	XBB	241_C|T,245_C|T,405_A|G,510_G|A,670_T|G,2790_C|T,3037_C|T,4184_G|A,4321_C|T,5365_C|T,9344_C|T,9424_A|G,9534_C|T,9866_C|T,10029_C|T,10198_C|T,10447_G|A,10449_C|A,12880_C|T,14408_C|T,15451_G|A,15714_C|T,15738_C|T,15939_T|C,16342_T|C,17410_C|T,17859_T|C,18163_A|G,19109_G|A,19326_A|G,19955_C|T,20055_A|G,21618_C|T,21810_T|C,21987_G|A,22000_C|A,22109_C|G,22200_T|A,22577_G|C,22578_G|A,22599_G|C,22664_C|A,22674_C|T,22679_T|C,22686_C|T,22688_A|G,22775_G|A,22786_A|C,22813_G|T,22882_T|G,22895_G|C,22896_T|C,22898_G|A,22942_T|G,22992_G|A,22995_C|A,23013_A|C,23019_T|C,23031_T|C,23055_A|G,23063_A|T,23075_T|C,23403_A|G,23417_G|C,23525_C|T,23599_T|G,23604_C|A,23854_C|A,23948_G|T,24424_A|T,24469_T|A,25000_C|T,25416_C|T,25584_C|T,26060_C|T,26270_C|T,26275_A|G,26577_C|G,26709_G|A,26858_C|T,27259_A|C,27382_G|C,27383_A|T,27384_T|C,27463_G|A,27807_C|T,28271_A|T,28311_C|T,28881_G|A,28882_G|A,28883_G|C,29510_A|C,11288_11296,21633_21641,21992_21994,28362_28370
Denmark/DCGC-629690/2022	XBB	241_C|T,245_C|T,405_A|G,510_G|A,670_T|G,2790_C|T,3037_C|T,4184_G|A,4321_C|T,5365_C|T,9344_C|T,9424_A|G,9534_C|T,9866_C|T,10029_C|T,10198_C|T,10447_G|A,10449_C|A,12880_C|T,14408_C|T,15451_G|A,15714_C|T,15738_C|T,15939_T|C,16342_T|C,17410_C|T,17859_T|C,18163_A|G,19109_G|A,19326_A|G,19955_C|T,20055_A|G,21618_C|T,21810_T|C,21987_G|A,22000_C|A,22109_C|G,22200_T|A,22577_G|C,22578_G|A,22599_G|C,22664_C|A,22674_C|T,22679_T|C,22686_C|T,22688_A|G,22775_G|A,22786_A|C,22813_G|T,22882_T|G,22895_G|C,22896_T|C,22898_G|A,22942_T|G,22992_G|A,22995_C|A,23013_A|C,23019_T|C,23031_T|C,23055_A|G,23063_A|T,23075_T|C,23403_A|G,23417_G|C,23525_C|T,23599_T|G,23604_C|A,23854_C|A,23948_G|T,24424_A|T,24469_T|A,25000_C|T,25416_C|T,25584_C|T,26060_C|T,26270_C|T,26275_A|G,26577_C|G,26709_G|A,26858_C|T,27259_A|C,27382_G|C,27383_A|T,27384_T|C,27463_G|A,27807_C|T,28271_A|T,28311_C|T,28370_A|G,28881_G|A,28882_G|A,28883_G|C,29510_A|C,11288_11296,21633_21641,21992_21994
Denmark/DCGC-630495/2022	XBB	241_C|T,405_A|G,670_T|G,2790_C|T,3037_C|T,3259_G|T,4184_G|A,4321_C|T,9344_C|T,9424_A|G,9534_C|T,9866_C|T,10029_C|T,10198_C|T,10447_G|A,10449_C|A,12880_C|T,13426_C|T,14408_C|T,15451_G|A,15714_C|T,15738_C|T,15939_T|C,16342_T|C,17410_C|T,17859_T|C,18163_A|G,19326_A|G,19955_C|T,20055_A|G,21618_C|T,21810_T|C,21987_G|A,22000_C|A,22109_C|G,22200_T|A,22577_G|C,22578_G|A,22599_G|C,22664_C|A,22674_C|T,22679_T|C,22686_C|T,22688_A|G,22775_G|A,22786_A|C,22813_G|T,22882_T|G,22895_G|C,22896_T|C,22898_G|A,22942_T|G,22992_G|A,22995_C|A,23013_A|C,23019_T|C,23031_T|C,23055_A|G,23063_A|T,23075_T|C,23403_A|G,23525_C|T,23599_T|G,23604_C|A,23854_C|A,23948_G|T,24424_A|T,24469_T|A,25000_C|T,25416_C|T,25584_C|T,26060_C|T,26270_C|T,26275_A|G,26709_G|A,26858_C|T,27259_A|C,27382_G|C,27383_A|T,27384_T|C,27496_T|A,27807_C|T,28271_A|T,28311_C|T,28881_G|A,28882_G|A,28883_G|C,29510_A|C,509_523,11288_11296,21633_21641,21992_21994,28362_28370
Denmark/DCGC-630810/2022	XBB	241_C|T,245_C|T,405_A|G,510_G|A,670_T|G,2790_C|T,3037_C|T,4184_G|A,4321_C|T,5365_C|T,9344_C|T,9424_A|G,9534_C|T,9866_C|T,10029_C|T,10198_C|T,10447_G|A,10449_C|A,11270_A|G,12880_C|T,13694_C|T,14408_C|T,15451_G|A,15714_C|T,15738_C|T,15939_T|C,16342_T|C,17410_C|T,17859_T|C,18163_A|G,19109_G|A,19326_A|G,19955_C|T,20055_A|G,21618_C|T,21810_T|C,21987_G|A,22000_C|A,22109_C|G,22200_T|A,22577_G|C,22578_G|A,22599_G|C,22664_C|A,22674_C|T,22679_T|C,22686_C|T,22688_A|G,22775_G|A,22786_A|C,22813_G|T,22882_T|G,22895_G|C,22896_T|C,22898_G|A,22942_T|G,22992_G|A,22995_C|A,23013_A|C,23019_T|C,23031_T|C,23055_A|G,23063_A|T,23075_T|C,23403_A|G,23417_G|C,23525_C|T,23599_T|G,23604_C|A,23854_C|A,23948_G|T,24424_A|T,24469_T|A,25000_C|T,25416_C|T,25584_C|T,26060_C|T,26270_C|T,26275_A|G,26709_G|A,26858_C|T,27259_A|C,27382_G|C,27383_A|T,27384_T|C,27463_G|A,27493_C|T,27807_C|T,28271_A|T,28311_C|T,28881_G|A,28882_G|A,28883_G|C,29510_A|C,11288_11296,21633_21641,21992_21994,28362_28370
Denmark/DCGC-631310/2022	XBB	241_C|T,245_C|T,405_A|G,510_G|A,670_T|G,2790_C|T,3037_C|T,4184_G|A,4321_C|T,5305_G|A,5365_C|T,9344_C|T,9534_C|T,9866_C|T,10029_C|T,10198_C|T,10447_G|A,10449_C|A,12880_C|T,13694_C|T,14408_C|T,15451_G|A,15714_C|T,15738_C|T,15939_T|C,16342_T|C,17410_C|T,17859_T|C,18163_A|G,19109_G|A,19326_A|G,19955_C|T,20055_A|G,21810_T|C,21987_G|A,22000_C|A,22109_C|G,22200_T|A,22577_G|C,22578_G|A,22599_G|C,22664_C|A,22674_C|T,22679_T|C,22686_C|T,22688_A|G,22775_G|A,22786_A|C,22813_G|T,22882_T|G,22895_G|C,22896_T|C,22898_G|A,22942_T|G,22992_G|A,22995_C|A,23013_A|C,23019_T|C,23031_T|C,23055_A|G,23063_A|T,23075_T|C,23403_A|G,23417_G|C,23525_C|T,23599_T|G,23604_C|A,23854_C|A,23948_G|T,24424_A|T,24469_T|A,25000_C|T,25416_C|T,25584_C|T,26060_C|T,26270_C|T,26275_A|G,26577_C|G,26709_G|A,26858_C|T,27259_A|C,27382_G|C,27383_A|T,27384_T|C,27463_G|A,27807_C|T,28271_A|T,28311_C|T,28881_G|A,28882_G|A,28883_G|C,29510_A|C,11288_11296,21992_21994,28362_28370
Denmark/DCGC-631521/2022	XBB	241_C|T,245_C|T,405_A|G,510_G|A,670_T|G,2790_C|T,3037_C|T,4184_G|A,4321_C|T,5365_C|T,9344_C|T,9534_C|T,9866_C|T,10029_C|T,10198_C|T,10447_G|A,10449_C|A,12880_C|T,13694_C|T,14408_C|T,15451_G|A,15714_C|T,15738_C|T,15939_T|C,16342_T|C,17410_C|T,17859_T|C,18163_A|G,19109_G|A,19326_A|G,19955_C|T,20055_A|G,21810_T|C,21987_G|A,22000_C|A,22109_C|G,22200_T|A,22577_G|C,22578_G|A,22599_G|C,22664_C|A,22674_C|T,22679_T|C,22686_C|T,22688_A|G,22775_G|A,22786_A|C,22813_G|T,22882_T|G,22895_G|C,22896_T|C,22898_G|A,22942_T|G,22992_G|A,22995_C|A,23013_A|C,23019_T|C,23031_T|C,23055_A|G,23063_A|T,23075_T|C,23403_A|G,23417_G|C,23525_C|T,23599_T|G,23604_C|A,23854_C|A,23948_G|T,24424_A|T,24469_T|A,25000_C|T,25416_C|T,25584_C|T,26060_C|T,26270_C|T,26275_A|G,26577_C|G,26709_G|A,26858_C|T,27259_A|C,27382_G|C,27383_A|T,27384_T|C,27463_G|A,27807_C|T,28271_A|T,28311_C|T,28881_G|A,28882_G|A,28883_G|C,29510_A|C,29690_G|T,11288_11296,21633_21641,21992_21994,28362_28370
Denmark/DCGC-631980/2022	XBB	241_C|T,245_C|T,405_A|G,510_G|A,670_T|G,1191_C|T,2790_C|T,3037_C|T,4184_G|A,4321_C|T,5365_C|T,9344_C|T,9424_A|G,9534_C|T,9866_C|T,10029_C|T,10198_C|T,10447_G|A,10449_C|A,12880_C|T,13694_C|T,14408_C|T,15451_G|A,15714_C|T,15738_C|T,15939_T|C,16342_T|C,17410_C|T,17859_T|C,18163_A|G,19109_G|A,19326_A|G,19955_C|T,20055_A|G,21618_C|T,21810_T|C,21987_G|A,22000_C|A,22109_C|G,22200_T|A,22577_G|C,22578_G|A,22599_G|C,22664_C|A,22674_C|T,22679_T|C,22686_C|T,22688_A|G,22775_G|A,22786_A|C,22813_G|T,22882_T|G,22895_G|C,22896_T|C,22898_G|A,22942_T|G,22992_G|A,22995_C|A,23013_A|C,23019_T|C,23031_T|C,23055_A|G,23063_A|T,23075_T|C,23403_A|G,23417_G|C,23525_C|T,23599_T|G,23604_C|A,23854_C|A,23948_G|T,24424_A|T,24469_T|A,25416_C|T,25584_C|T,26060_C|T,26270_C|T,26275_A|G,26709_G|A,26858_C|T,27259_A|C,27382_G|C,27383_A|T,27384_T|C,27463_G|A,27807_C|T,28271_A|T,28311_C|T,28881_G|A,28882_G|A,28883_G|C,29510_A|C,11288_11296,21633_21641,21992_21994,28362_28370
Denmark/DCGC-632676/2022	XBB	241_C|T,245_C|T,405_A|G,510_G|A,670_T|G,2790_C|T,3037_C|T,4184_G|A,4321_C|T,5365_C|T,6860_G|T,9344_C|T,9424_A|G,9534_C|T,9866_C|T,10029_C|T,10198_C|T,10447_G|A,10449_C|A,12880_C|T,14408_C|T,15451_G|A,15714_C|T,15738_C|T,15939_T|C,16342_T|C,17410_C|T,17859_T|C,18163_A|G,19109_G|A,19326_A|G,19955_C|T,20055_A|G,21618_C|T,21810_T|C,21987_G|A,22000_C|A,22109_C|G,22200_T|A,22577_G|C,22578_G|A,22599_G|C,22775_G|A,22786_A|C,22813_G|T,22882_T|G,22895_G|C,22896_T|C,22898_G|A,22942_T|G,22992_G|A,22995_C|A,23013_A|C,23019_T|C,23031_T|C,23055_A|G,23063_A|T,23075_T|C,23403_A|G,23417_G|C,23525_C|T,23599_T|G,23604_C|A,23854_C|A,23948_G|T,24424_A|T,24469_T|A,25000_C|T,25416_C|T,25584_C|T,26060_C|T,26270_C|T,26275_A|G,26577_C|G,26709_G|A,26858_C|T,27259_A|C,27382_G|C,27383_A|T,27384_T|C,27463_G|A,27807_C|T,28271_A|T,28311_C|T,28881_G|A,28882_G|A,28883_G|C,29510_A|C,11288_11296,21633_21641,21992_21994,28362_28370
Denmark/DCGC-633556/2022	XBB	241_C|T,245_C|T,405_A|G,510_G|A,670_T|G,2790_C|T,3037_C|T,4184_G|A,4321_C|T,5365_C|T,9344_C|T,9424_A|G,9534_C|T,9866_C|T,10029_C|T,10198_C|T,10447_G|A,10449_C|A,12880_C|T,14408_C|T,15451_G|A,15714_C|T,15738_C|T,15939_T|C,16342_T|C,17410_C|T,17859_T|C,18163_A|G,19109_G|A,19326_A|G,19955_C|T,20055_A|G,21618_C|T,21810_T|C,21987_G|A,22000_C|A,22109_C|G,22200_T|A,22577_G|C,22578_G|A,22599_G|C,22664_C|A,22674_C|T,22679_T|C,22686_C|T,22688_A|G,22775_G|A,22786_A|C,22813_G|T,22882_T|G,22895_G|C,22896_T|C,22898_G|A,22942_T|G,22992_G|A,22995_C|A,23013_A|C,23019_T|C,23031_T|C,23055_A|G,23063_A|T,23075_T|C,23403_A|G,23417_G|C,23525_C|T,23599_T|G,23604_C|A,23854_C|A,23948_G|T,24424_A|T,24469_T|A,25000_C|T,25416_C|T,25584_C|T,26060_C|T,26270_C|T,26275_A|G,26577_C|G,26709_G|A,26858_C|T,27259_A|C,27382_G|C,27383_A|T,27384_T|C,27463_G|A,27807_C|T,28271_A|T,28311_C|T,28370_A|G,28881_G|A,28882_G|A,28883_G|C,29510_A|C,11288_11296,21633_21641,21992_21994
Denmark/DCGC-634086/2022	XBB	241_C|T,405_A|G,670_T|G,2790_C|T,3037_C|T,3637_A|G,4184_G|A,4321_C|T,9344_C|T,9424_A|G,9534_C|T,9866_C|T,10029_C|T,10198_C|T,10447_G|A,10449_C|A,11365_G|A,12880_C|T,13426_C|T,14408_C|T,15451_G|A,15714_C|T,15738_C|T,15939_T|C,16342_T|C,17410_C|T,17859_T|C,18163_A|G,19326_A|G,19955_C|T,20055_A|G,21618_C|T,21724_G|A,21810_T|C,21987_G|A,22000_C|A,22109_C|G,22200_T|A,22577_G|C,22578_G|A,22599_G|C,22664_C|A,22674_C|T,22679_T|C,22686_C|T,22688_A|G,22775_G|A,22786_A|C,22813_G|T,22882_T|G,22895_G|C,22896_T|C,22898_G|A,22942_T|G,22992_G|A,22995_C|A,23013_A|C,23019_T|C,23031_T|C,23055_A|G,23063_A|T,23075_T|C,23403_A|G,23506_C|T,23525_C|T,23599_T|G,23604_C|A,23854_C|A,23948_G|T,24424_A|T,24469_T|A,25000_C|T,25096_C|T,25416_C|T,25584_C|T,26060_C|T,26270_C|T,26275_A|G,26709_G|A,26858_C|T,27259_A|C,27382_G|C,27383_A|T,27384_T|C,27807_C|T,28271_A|T,28311_C|T,28881_G|A,28882_G|A,28883_G|C,29510_A|C,509_523,11288_11296,21633_21641,21992_21994,28362_28370
Denmark/DCGC-635824/2022	XBB	241_C|T,405_A|G,510_G|A,670_T|G,2434_C|T,2790_C|T,3037_C|T,4184_G|A,4321_C|T,5062_G|A,9344_C|T,9424_A|G,9534_C|T,9866_C|T,10029_C|T,10198_C|T,10447_G|A,10449_C|A,12473_C|T,12525_C|T,12880_C|T,14408_C|T,15451_G|A,15714_C|T,15738_C|T,15939_T|C,16342_T|C,17410_C|T,17859_T|C,18163_A|G,18447_T|C,19326_A|G,19955_C|T,20055_A|G,20388_A|G,21618_C|T,21810_T|C,21987_G|A,22000_C|A,22109_C|G,22200_T|A,22530_C|G,22577_G|C,22578_G|A,22599_G|C,22664_C|A,22674_C|T,22679_T|C,22686_C|T,22688_A|G,22775_G|A,22786_A|C,22813_G|T,22882_T|G,22895_G|C,22896_T|C,22898_G|A,22942_T|G,22992_G|A,22995_C|A,23013_A|C,23019_T|C,23031_T|C,23055_A|G,23063_A|T,23075_T|C,23403_A|G,23525_C|T,23599_T|G,23604_C|A,23854_C|A,23948_G|T,24424_A|T,24469_T|A,25000_C|T,25416_C|T,25584_C|T,26060_C|T,26270_C|T,26275_A|G,26709_G|A,26765_T|C,26858_C|T,27259_A|C,27382_G|C,27383_A|T,27384_T|C,27807_C|T,28271_A|T,28311_C|T,28881_G|A,28882_G|A,28883_G|C,29510_A|C,11288_11296,21633_21641,21992_21994,28362_28370
Denmark/DCGC-636303/2023	XBB	241_C|T,245_C|T,405_A|G,510_G|A,670_T|G,2790_C|T,3037_C|T,4184_G|A,4321_C|T,5365_C|T,9344_C|T,9424_A|G,9534_C|T,9866_C|T,10029_C|T,10198_C|T,10447_G|A,10449_C|A,12880_C|T,14408_C|T,15451_G|A,15714_C|T,15738_C|T,15939_T|C,16342_T|C,17410_C|T,17859_T|C,18163_A|G,19109_G|A,19326_A|G,19955_C|T,20055_A|G,21618_C|T,21633_T|C,21810_T|C,21987_G|A,22000_C|A,22109_C|G,22200_T|A,22577_G|C,22578_G|A,22599_G|C,22664_C|A,22674_C|T,22679_T|C,22686_C|T,22688_A|G,22775_G|A,22786_A|C,22813_G|T,22882_T|G,22895_G|C,22896_T|C,22898_G|A,22942_T|G,22992_G|A,22995_C|A,23013_A|C,23019_T|C,23031_T|C,23055_A|G,23063_A|T,23075_T|C,23403_A|G,23417_G|C,23525_C|T,23599_T|G,23604_C|A,23854_C|A,23948_G|T,24424_A|T,24469_T|A,25000_C|T,25416_C|T,25584_C|T,26060_C|T,26270_C|T,26275_A|G,26577_C|G,26709_G|A,26858_C|T,27259_A|C,27382_G|C,27383_A|T,27384_T|C,27463_G|A,27807_C|T,28271_A|T,28311_C|T,28881_G|A,28882_G|A,28883_G|C,29510_A|C,11288_11296,28362_28370
Denmark/DCGC-636351/2022	XBB	241_C|T,405_A|G,510_G|A,670_T|G,2790_C|T,3037_C|T,4184_G|A,4321_C|T,5259_C|T,5365_C|T,9344_C|T,9424_A|G,9534_C|T,9852_A|G,9866_C|T,10029_C|T,10198_C|T,10447_G|A,10449_C|A,11288_T|A,11291_G|A,11296_T|G,12880_C|T,14408_C|T,15451_G|A,15714_C|T,15738_C|T,15939_T|C,16342_T|C,17410_C|T,17859_T|C,18163_A|G,19326_A|G,19955_C|T,20055_A|G,21618_C|T,21633_T|C,21810_T|C,21987_G|A,22000_C|A,22109_C|G,22200_T|A,22577_G|C,22578_G|A,22599_G|C,22664_C|A,22674_C|T,22679_T|C,22686_C|T,22688_A|G,22775_G|A,22786_A|C,22882_T|G,22895_G|C,22896_T|C,22898_G|A,22942_T|G,22992_G|A,22995_C|A,23013_A|C,23019_T|C,23031_T|C,23055_A|G,23063_A|T,23075_T|C,23403_A|G,23525_C|T,23599_T|G,23604_C|A,23854_C|A,23948_G|T,24424_A|T,24469_T|A,25000_C|T,25416_C|T,25584_C|T,26060_C|T,26270_C|T,26275_A|G,26577_C|G,26709_G|A,26858_C|T,27259_A|C,27382_G|C,27383_A|T,27384_T|C,27807_C|T,28271_A|T,28311_C|T,28881_G|A,28882_G|A,28883_G|C,29510_A|C,21992_21994,28362_28370
Denmark/DCGC-636686/2023	XBB	241_C|T,245_C|T,405_A|G,510_G|A,670_T|G,2790_C|T,3037_C|T,4184_G|A,4321_C|T,5365_C|T,9344_C|T,9424_A|G,9534_C|T,9866_C|T,10029_C|T,10198_C|T,10447_G|A,10449_C|A,12880_C|T,14408_C|T,15451_G|A,15714_C|T,15738_C|T,15939_T|C,16342_T|C,17410_C|T,17859_T|C,18163_A|G,19109_G|A,19326_A|G,19955_C|T,20055_A|G,21618_C|T,21633_T|C,21641_G|T,21810_T|C,21987_G|A,22000_C|A,22109_C|G,22200_T|A,22577_G|C,22578_G|A,22599_G|C,22664_C|A,22674_C|T,22679_T|C,22686_C|T,22688_A|G,22775_G|A,22786_A|C,22882_T|G,22895_G|C,22896_T|C,22898_G|A,22942_T|G,22992_G|A,22995_C|A,23013_A|C,23019_T|C,23031_T|C,23055_A|G,23063_A|T,23075_T|C,23403_A|G,23417_G|C,23525_C|T,23599_T|G,23604_C|A,23854_C|A,23948_G|T,24424_A|T,24469_T|A,25000_C|T,25416_C|T,25584_C|T,26060_C|T,26270_C|T,26275_A|G,26577_C|G,26709_G|A,26858_C|T,27259_A|C,27382_G|C,27383_A|T,27384_T|C,27463_G|A,27807_C|T,28271_A|T,28311_C|T,28881_G|A,28882_G|A,28883_G|C,29510_A|C,11288_11296,21992_21994,28362_28370
Denmark/DCGC-637079/2023	XBB	241_C|T,245_C|T,405_A|G,510_G|A,670_T|G,1191_C|T,2790_C|T,3037_C|T,4184_G|A,4321_C|T,5365_C|T,9344_C|T,9424_A|G,9534_C|T,9866_C|T,10029_C|T,10198_C|T,10447_G|A,10449_C|A,12880_C|T,13694_C|T,14408_C|T,15451_G|A,15714_C|T,15738_C|T,15939_T|C,16342_T|C,17410_C|T,17859_T|C,18163_A|G,19109_G|A,19326_A|G,19955_C|T,20055_A|G,21618_C|T,21810_T|C,21987_G|A,22000_C|A,22109_C|G,22200_T|A,22577_G|C,22578_G|A,22599_G|C,22664_C|A,22674_C|T,22679_T|C,22686_C|T,22688_A|G,22882_T|G,22895_G|C,22896_T|C,22898_G|A,22942_T|G,22992_G|A,22995_C|A,23013_A|C,23019_T|C,23031_T|C,23055_A|G,23063_A|T,23075_T|C,23403_A|G,23417_G|C,23525_C|T,23599_T|G,23604_C|A,23854_C|A,23948_G|T,24424_A|T,24469_T|A,25000_C|T,25416_C|T,25584_C|T,26060_C|T,26270_C|T,26275_A|G,26577_C|G,26709_G|A,26858_C|T,27259_A|C,27382_G|C,27383_A|T,27384_T|C,27463_G|A,27807_C|T,28271_A|T,28311_C|T,28881_G|A,28882_G|A,28883_G|C,29510_A|C,11288_11296,21633_21641,28362_28370
Denmark/DCGC-638960/2023	XBB	241_C|T,405_A|G,510_G|A,670_T|G,1288_C|T,2790_C|T,3037_C|T,4184_G|A,4321_C|T,8569_T|C,9344_C|T,9424_A|G,9534_C|T,9866_C|T,10029_C|T,10198_C|T,10447_G|A,10449_C|A,12880_C|T,14408_C|T,15451_G|A,15714_C|T,15738_C|T,15939_T|C,16342_T|C,17410_C|T,17859_T|C,18163_A|G,19326_A|G,19397_A|C,19459_A|G,19955_C|T,20055_A|G,21810_T|C,21987_G|A,22000_C|A,22109_C|G,22200_T|A,22577_G|C,22578_G|A,22599_G|C,22664_C|A,22674_C|T,22679_T|C,22686_C|T,22688_A|G,22775_G|A,22786_A|C,22813_G|T,22882_T|G,22895_G|C,22896_T|C,22898_G|A,22942_T|G,22992_G|A,22995_C|A,23013_A|C,23019_T|C,23031_T|C,23055_A|G,23063_A|T,23075_T|C,23325_C|T,23403_A|G,23525_C|T,23599_T|G,23604_C|A,23854_C|A,23948_G|T,24424_A|T,24469_T|A,25000_C|T,25416_C|T,25584_C|T,26060_C|T,26270_C|T,26275_A|G,26577_C|G,26709_G|A,26858_C|T,27259_A|C,27382_G|C,27383_A|T,27384_T|C,27807_C|T,28271_A|T,28311_C|T,28881_G|A,28882_G|A,28883_G|C,29510_A|C,11288_11296,21633_21641,21992_21994,28362_28370
Denmark/DCGC-639152/2023	XBB	241_C|T,405_A|G,510_G|A,670_T|G,1288_C|T,1884_C|T,2790_C|T,3037_C|T,4184_G|A,4321_C|T,5305_G|A,8569_T|C,9344_C|T,9534_C|T,9866_C|T,10029_C|T,10198_C|T,10447_G|A,10449_C|A,12880_C|T,14408_C|T,15451_G|A,15714_C|T,15738_C|T,15939_T|C,16342_T|C,17410_C|T,17859_T|C,18163_A|G,19326_A|G,19397_A|C,19459_A|G,19955_C|T,20055_A|G,21810_T|C,21987_G|A,22000_C|A,22109_C|G,22200_T|A,22577_G|C,22578_G|A,22599_G|C,22664_C|A,22674_C|T,22679_T|C,22686_C|T,22688_A|G,22775_G|A,22786_A|C,22813_G|T,22882_T|G,22895_G|C,22896_T|C,22898_G|A,22942_T|G,22992_G|A,22995_C|A,23013_A|C,23019_T|C,23031_T|C,23055_A|G,23063_A|T,23075_T|C,23325_C|T,23403_A|G,23525_C|T,23599_T|G,23604_C|A,23854_C|A,23948_G|T,24424_A|T,24469_T|A,25000_C|T,25416_C|T,25584_C|T,26060_C|T,26270_C|T,26275_A|G,26577_C|G,26709_G|A,26858_C|T,27259_A|C,27382_G|C,27383_A|T,27384_T|C,27807_C|T,28271_A|T,28311_C|T,28881_G|A,28882_G|A,28883_G|C,29510_A|C,11288_11296,21633_21641,21992_21994,28362_28370
Denmark/DCGC-639703/2023	XBB	241_C|T,405_A|G,510_G|A,670_T|G,1288_C|T,2790_C|T,3037_C|T,4184_G|A,4321_C|T,8569_T|C,9344_C|T,9424_A|G,9534_C|T,9866_C|T,10029_C|T,10198_C|T,10447_G|A,10449_C|A,12880_C|T,14408_C|T,15451_G|A,15714_C|T,15738_C|T,15939_T|C,16342_T|C,17410_C|T,17859_T|C,18163_A|G,18312_C|T,19326_A|G,19397_A|C,19459_A|G,19955_C|T,20055_A|G,21618_C|T,21810_T|C,21987_G|A,22000_C|A,22109_C|G,22200_T|A,22577_G|C,22578_G|A,22599_G|C,22664_C|A,22674_C|T,22679_T|C,22686_C|T,22688_A|G,22775_G|A,22786_A|C,22813_G|T,22882_T|G,22895_G|C,22896_T|C,22898_G|A,22942_T|G,22992_G|A,22995_C|A,23013_A|C,23019_T|C,23031_T|C,23055_A|G,23063_A|T,23075_T|C,23325_C|T,23403_A|G,23525_C|T,23599_T|G,23604_C|A,23854_C|A,23948_G|T,24424_A|T,24469_T|A,25000_C|T,25416_C|T,25584_C|T,26060_C|T,26270_C|T,26275_A|G,26709_G|A,26858_C|T,27259_A|C,27382_G|C,27383_A|T,27384_T|C,27807_C|T,28271_A|T,28311_C|T,28881_G|A,28882_G|A,28883_G|C,29510_A|C,11288_11296,21633_21641,21992_21994,28362_28370
Denmark/DCGC-672637/2022	XBB	241_C|T,405_A|G,670_T|G,2790_C|T,3037_C|T,4184_G|A,4321_C|T,6312_C|T,9344_C|T,9424_A|G,9534_C|T,9866_C|T,10029_C|T,10198_C|T,10447_G|A,10449_C|A,12880_C|T,14408_C|T,15451_G|A,15714_C|T,15738_C|T,15939_T|C,16342_T|C,17410_C|T,17859_T|C,18163_A|G,19955_C|T,20055_A|G,20762_C|T,21618_C|T,21810_T|C,21987_G|A,22000_C|A,22109_C|G,22200_T|A,22577_G|C,22578_G|A,22599_G|C,22664_C|A,22674_C|T,22679_T|C,22686_C|T,22688_A|G,22775_G|A,22786_A|C,22813_G|T,22882_T|G,22895_G|C,22896_T|C,22898_G|A,22942_T|G,22992_G|A,22995_C|A,23013_A|C,23019_T|C,23031_T|C,23055_A|G,23063_A|T,23075_T|C,23403_A|G,23424_C|G,23525_C|T,23599_T|G,23604_C|A,23854_C|A,23948_G|T,24424_A|T,24469_T|A,25000_C|T,25416_C|T,25584_C|T,26060_C|T,26270_C|T,26275_A|G,26577_C|G,26709_G|A,26858_C|T,27259_A|C,27382_G|C,27383_A|T,27384_T|C,27807_C|T,28271_A|T,28311_C|T,28881_G|A,28882_G|A,28883_G|C,29510_A|C,11288_11296,21633_21641,21992_21994,28362_28370
Denmark/DCGC-683471/2022	XBB	241_C|T,405_A|G,670_T|G,2790_C|T,3037_C|T,4184_G|A,6312_C|T,9344_C|T,9424_A|G,9534_C|T,9866_C|T,10029_C|T,10198_C|T,10447_G|A,10449_C|A,12880_C|T,14408_C|T,15451_G|A,15714_C|T,15738_C|T,15939_T|C,16342_T|C,17410_C|T,17859_T|C,18163_A|G,19955_C|T,20055_A|G,20762_C|T,21618_C|T,21810_T|C,21987_G|A,22109_C|G,22200_T|A,22577_G|C,22578_G|A,22599_G|C,22664_C|A,22674_C|T,22679_T|C,22686_C|T,22688_A|G,22775_G|A,22786_A|C,22813_G|T,22882_T|G,22895_G|C,22896_T|C,22898_G|A,22942_T|G,22992_G|A,22995_C|A,23013_A|C,23019_T|C,23031_T|C,23055_A|G,23063_A|T,23075_T|C,23403_A|G,23424_C|G,23525_C|T,23599_T|G,23604_C|A,23854_C|A,23948_G|T,24424_A|T,24469_T|A,25000_C|T,25416_C|T,25584_C|T,26060_C|T,26270_C|T,26275_A|G,26577_C|G,26709_G|A,26858_C|T,27259_A|C,27382_G|C,27383_A|T,27384_T|C,27807_C|T,28271_A|T,28311_C|T,28881_G|A,28882_G|A,28883_G|C,29510_A|C,11288_11296,21633_21641,21992_21994,28362_28370
Denmark/DCGC-686354/2022	XBB	241_C|T,245_C|T,405_A|G,510_G|A,670_T|G,2790_C|T,3037_C|T,4184_G|A,4321_C|T,5365_C|T,9344_C|T,9424_A|G,9534_C|T,9866_C|T,10029_C|T,10198_C|T,10447_G|A,10449_C|A,12880_C|T,13694_C|T,14408_C|T,15451_G|A,15714_C|T,15738_C|T,15939_T|C,16342_T|C,17410_C|T,17859_T|C,18163_A|G,19109_G|A,19326_A|G,19955_C|T,20055_A|G,21618_C|T,21810_T|C,21987_G|A,22000_C|A,22109_C|G,22200_T|A,22577_G|C,22578_G|A,22599_G|C,22664_C|A,22674_C|T,22679_T|C,22686_C|T,22688_A|G,22775_G|A,22786_A|C,22813_G|T,22882_T|G,22895_G|C,22896_T|C,22898_G|A,22942_T|G,22992_G|A,22995_C|A,23013_A|C,23019_T|C,23031_T|C,23055_A|G,23063_A|T,23075_T|C,23403_A|G,23417_G|C,23525_C|T,23599_T|G,23604_C|A,23854_C|A,23948_G|T,24424_A|T,24469_T|A,25000_C|T,25416_C|T,25584_C|T,26060_C|T,26270_C|T,26275_A|G,26577_C|G,26709_G|A,26858_C|T,27259_A|C,27382_G|C,27383_A|T,27384_T|C,27463_G|A,27807_C|T,28271_A|T,28311_C|T,28881_G|A,28882_G|A,28883_G|C,29510_A|C,686_694,11288_11296,21633_21641,21992_21994,28362_28370
England/LSPA-325C8DF0/2022	XBB	241_C|T,405_A|G,670_T|G,2790_C|T,3037_C|T,4184_G|A,4321_C|T,6312_C|T,9344_C|T,9424_A|G,9534_C|T,9866_C|T,10029_C|T,10198_C|T,10447_G|A,10449_C|A,12880_C|T,14408_C|T,15451_G|A,15714_C|T,15738_C|T,15939_T|C,16342_T|C,17410_C|T,17859_T|C,18163_A|G,19955_C|T,20055_A|G,21618_C|T,21810_T|C,21987_G|A,22000_C|A,22109_C|G,22200_T|A,22577_G|C,22578_G|A,22599_G|C,22664_C|A,22674_C|T,22679_T|C,22686_C|T,22688_A|G,22775_G|A,22786_A|C,22813_G|T,22882_T|G,22895_G|C,22896_T|C,22898_G|A,22942_T|G,22992_G|A,22995_C|A,23013_A|C,23019_T|C,23031_T|C,23055_A|G,23063_A|T,23075_T|C,23403_A|G,23525_C|T,23599_T|G,23604_C|A,23854_C|A,23948_G|T,24424_A|T,24469_T|A,25000_C|T,25416_C|T,25584_C|T,26060_C|T,26270_C|T,26275_A|G,26577_C|G,26709_G|A,26858_C|T,27259_A|C,27382_G|C,27383_A|T,27384_T|C,27807_C|T,28271_A|T,28311_C|T,28881_G|A,28882_G|A,28883_G|C,28903_G|A,29510_A|C,11288_11296,21633_21641,21992_21994,28362_28370,29734_29759
England/LSPA-325FC661/2022	XBB	241_C|T,405_A|G,670_T|G,2788_C|T,2790_C|T,3037_C|T,4184_G|A,4321_C|T,6312_C|T,9344_C|T,9424_A|G,9534_C|T,9866_C|T,10029_C|T,10198_C|T,10447_G|A,10449_C|A,12880_C|T,13665_C|T,14408_C|T,15451_G|A,15714_C|T,15738_C|T,15939_T|C,16342_T|C,17410_C|T,17859_T|C,18163_A|G,19955_C|T,20055_A|G,21618_C|T,21810_T|C,21987_G|A,22000_C|A,22109_C|G,22200_T|A,22577_G|C,22578_G|A,22599_G|C,22664_C|A,22674_C|T,22679_T|C,22686_C|T,22688_A|G,22775_G|A,22786_A|C,22813_G|T,22882_T|G,22895_G|C,22896_T|C,22898_G|A,22942_T|G,22992_G|A,22995_C|A,23013_A|C,23019_T|C,23031_T|C,23055_A|G,23063_A|T,23075_T|C,23403_A|G,23525_C|T,23599_T|G,23604_C|A,23854_C|A,23948_G|T,24424_A|T,24469_T|A,25000_C|T,25416_C|T,25584_C|T,26060_C|T,26270_C|T,26275_A|G,26577_C|G,26709_G|A,26858_C|T,27259_A|C,27382_G|C,27383_A|T,27384_T|C,27807_C|T,28045_C|T,28271_A|T,28311_C|T,28553_A|G,28881_G|A,28882_G|A,28883_G|C,29510_A|C,11288_11296,21633_21641,21992_21994,28362_28370,29734_29759
England/LSPA-325FEE3A/2022	XBB	241_C|T,405_A|G,510_G|A,670_T|G,1594_C|T,2790_C|T,3037_C|T,3431_G|T,4184_G|A,4321_C|T,6794_C|T,9344_C|T,9424_A|G,9534_C|T,9866_C|T,10029_C|T,10198_C|T,10447_G|A,10449_C|A,12880_C|T,14408_C|T,15451_G|A,15714_C|T,15738_C|T,15939_T|C,16342_T|C,17341_G|A,17410_C|T,17859_T|C,18163_A|G,19326_A|G,19955_C|T,21618_C|T,21810_T|C,21987_G|A,22000_C|A,22109_C|G,22200_T|A,22577_G|C,22578_G|A,22599_G|C,22664_C|A,22674_C|T,22679_T|C,22686_C|T,22688_A|G,22775_G|A,22786_A|C,22813_G|T,22882_T|G,22895_G|C,22896_T|C,22898_G|A,22942_T|G,22992_G|A,22995_C|A,23013_A|C,23019_T|C,23031_T|C,23055_A|G,23063_A|T,23075_T|C,23403_A|G,23525_C|T,23599_T|G,23604_C|A,23854_C|A,23948_G|T,24210_C|T,24424_A|T,24469_T|A,25000_C|T,25416_C|T,25584_C|T,26060_C|T,26270_C|T,26275_A|G,26577_C|G,26709_G|A,26858_C|T,27259_A|C,27382_G|C,27383_A|T,27384_T|C,27807_C|T,28271_A|T,28311_C|T,28881_G|A,28882_G|A,28883_G|C,29510_A|C,29715_G|T,11288_11296,21633_21641,21992_21994,28362_28370,29734_29759
England/LSPA-32605A86/2022	XBB	241_C|T,405_A|G,510_G|A,670_T|G,2790_C|T,3037_C|T,3431_G|T,4184_G|A,4321_C|T,6794_C|T,9344_C|T,9424_A|G,9534_C|T,9866_C|T,10029_C|T,10198_C|T,10447_G|A,10449_C|A,12880_C|T,14408_C|T,15451_G|A,15714_C|T,15738_C|T,15939_T|C,16342_T|C,17341_G|A,17410_C|T,17859_T|C,18163_A|G,19326_A|G,19955_C|T,20055_A|G,21618_C|T,21810_T|C,21987_G|A,22000_C|A,22109_C|G,22200_T|A,22577_G|C,22578_G|A,22599_G|C,22664_C|A,22674_C|T,22679_T|C,22686_C|T,22688_A|G,22775_G|A,22786_A|C,22813_G|T,22882_T|G,22895_G|C,22896_T|C,22898_G|A,22942_T|G,22992_G|A,22995_C|A,23013_A|C,23019_T|C,23031_T|C,23055_A|G,23063_A|T,23075_T|C,23403_A|G,23525_C|T,23599_T|G,23604_C|A,23854_C|A,23948_G|T,24424_A|T,24469_T|A,25000_C|T,25416_C|T,25584_C|T,26060_C|T,26270_C|T,26275_A|G,26577_C|G,26709_G|A,26858_C|T,27259_A|C,27382_G|C,27383_A|T,27384_T|C,27807_C|T,28271_A|T,28311_C|T,28881_G|A,28882_G|A,28883_G|C,29510_A|C,29715_G|T,11288_11296,21633_21641,21992_21994,28362_28370,29734_29759
England/LSPA-32605BDE/2022	XBB	241_C|T,405_A|G,510_G|A,670_T|G,2790_C|T,3037_C|T,3431_G|T,4184_G|A,4321_C|T,6794_C|T,9344_C|T,9424_A|G,9534_C|T,9866_C|T,10029_C|T,10198_C|T,10447_G|A,10449_C|A,12880_C|T,14408_C|T,15451_G|A,15714_C|T,15738_C|T,15939_T|C,16342_T|C,17341_G|A,17410_C|T,17859_T|C,18163_A|G,19326_A|G,19955_C|T,20055_A|G,21618_C|T,21810_T|C,21987_G|A,22000_C|A,22109_C|G,22200_T|A,22577_G|C,22578_G|A,22599_G|C,22664_C|A,22674_C|T,22679_T|C,22686_C|T,22688_A|G,22775_G|A,22786_A|C,22813_G|T,22882_T|G,22895_G|C,22896_T|C,22898_G|A,22942_T|G,22992_G|A,22995_C|A,23013_A|C,23019_T|C,23031_T|C,23055_A|G,23063_A|T,23075_T|C,23403_A|G,23525_C|T,23599_T|G,23604_C|A,23854_C|A,23948_G|T,24424_A|T,24469_T|A,25000_C|T,25416_C|T,25584_C|T,26060_C|T,26270_C|T,26275_A|G,26577_C|G,26709_G|A,26858_C|T,27259_A|C,27382_G|C,27383_A|T,27384_T|C,27807_C|T,28271_A|T,28311_C|T,28881_G|A,28882_G|A,28883_G|C,29510_A|C,29715_G|T,11288_11296,21633_21641,21992_21994,28362_28370,29734_29759
England/LSPA-32605F96/2022	XBB	241_C|T,405_A|G,510_G|A,670_T|G,2790_C|T,3037_C|T,3431_G|T,4184_G|A,4321_C|T,6794_C|T,9344_C|T,9424_A|G,9534_C|T,9866_C|T,10029_C|T,10198_C|T,10447_G|A,10449_C|A,12880_C|T,14408_C|T,15451_G|A,15714_C|T,15738_C|T,15939_T|C,16342_T|C,17341_G|A,17410_C|T,17859_T|C,18163_A|G,19326_A|G,19955_C|T,20055_A|G,21618_C|T,21810_T|C,21987_G|A,22000_C|A,22109_C|G,22200_T|A,22577_G|C,22578_G|A,22599_G|C,22664_C|A,22674_C|T,22679_T|C,22686_C|T,22688_A|G,22775_G|A,22786_A|C,22813_G|T,22882_T|G,22895_G|C,22896_T|C,22898_G|A,22942_T|G,22992_G|A,22995_C|A,23013_A|C,23019_T|C,23031_T|C,23055_A|G,23063_A|T,23075_T|C,23403_A|G,23525_C|T,23599_T|G,23604_C|A,23854_C|A,23948_G|T,24424_A|T,24469_T|A,25000_C|T,25416_C|T,25584_C|T,26060_C|T,26270_C|T,26275_A|G,26577_C|G,26709_G|A,26858_C|T,27259_A|C,27382_G|C,27383_A|T,27384_T|C,27807_C|T,28271_A|T,28311_C|T,28881_G|A,28882_G|A,28883_G|C,29510_A|C,29715_G|T,11288_11296,21633_21641,21992_21994,28362_28370,29734_29759
England/LSPA-32606153/2022	XBB	241_C|T,405_A|G,510_G|A,670_T|G,2790_C|T,3037_C|T,3431_G|T,4184_G|A,4321_C|T,6794_C|T,9344_C|T,9424_A|G,9534_C|T,9866_C|T,10029_C|T,10198_C|T,10447_G|A,10449_C|A,12880_C|T,14408_C|T,15451_G|A,15714_C|T,15738_C|T,15939_T|C,16342_T|C,17341_G|A,17410_C|T,17859_T|C,18163_A|G,18877_C|T,19326_A|G,19955_C|T,21618_C|T,21810_T|C,21987_G|A,22000_C|A,22109_C|G,22200_T|A,22577_G|C,22578_G|A,22599_G|C,22664_C|A,22674_C|T,22679_T|C,22686_C|T,22688_A|G,22775_G|A,22786_A|C,22813_G|T,22882_T|G,22895_G|C,22896_T|C,22898_G|A,22942_T|G,22992_G|A,22995_C|A,23013_A|C,23019_T|C,23031_T|C,23055_A|G,23063_A|T,23075_T|C,23403_A|G,23525_C|T,23599_T|G,23604_C|A,23854_C|A,23948_G|T,24424_A|T,24469_T|A,25000_C|T,25416_C|T,25584_C|T,26060_C|T,26270_C|T,26275_A|G,26577_C|G,26709_G|A,26858_C|T,27259_A|C,27382_G|C,27383_A|T,27384_T|C,27807_C|T,28271_A|T,28311_C|T,28881_G|A,28882_G|A,28883_G|C,29510_A|C,29715_G|T,11288_11296,21633_21641,21992_21994,28362_28370,29734_29759
England/LSPA-32606CAD/2022	XBB	241_C|T,405_A|G,510_G|A,670_T|G,1594_C|T,2790_C|T,3037_C|T,3431_G|T,4184_G|A,4321_C|T,6794_C|T,9344_C|T,9424_A|G,9534_C|T,9866_C|T,10029_C|T,10198_C|T,10447_G|A,10449_C|A,12880_C|T,14408_C|T,15451_G|A,15714_C|T,15738_C|T,15939_T|C,16342_T|C,17341_G|A,17410_C|T,17859_T|C,18163_A|G,19326_A|G,19955_C|T,20055_A|G,21618_C|T,21810_T|C,21987_G|A,22000_C|A,22109_C|G,22200_T|A,22577_G|C,22578_G|A,22599_G|C,22664_C|A,22674_C|T,22679_T|C,22686_C|T,22688_A|G,22775_G|A,22786_A|C,22813_G|T,22882_T|G,22895_G|C,22896_T|C,22898_G|A,22942_T|G,22992_G|A,22995_C|A,23013_A|C,23019_T|C,23031_T|C,23055_A|G,23063_A|T,23075_T|C,23403_A|G,23525_C|T,23599_T|G,23604_C|A,23854_C|A,23948_G|T,24424_A|T,24469_T|A,25000_C|T,25416_C|T,25584_C|T,26060_C|T,26270_C|T,26275_A|G,26577_C|G,26709_G|A,26858_C|T,27259_A|C,27382_G|C,27383_A|T,27384_T|C,27807_C|T,28271_A|T,28311_C|T,28881_G|A,28882_G|A,28883_G|C,29510_A|C,29715_G|T,11288_11296,21633_21641,21992_21994,28362_28370,29734_29759
England/LSPA-32606CCB/2022	XBB	241_C|T,405_A|G,510_G|A,670_T|G,2790_C|T,3037_C|T,3431_G|T,4184_G|A,4321_C|T,6794_C|T,9344_C|T,9424_A|G,9534_C|T,9866_C|T,10029_C|T,10198_C|T,10447_G|A,10449_C|A,12880_C|T,14408_C|T,15451_G|A,15714_C|T,15738_C|T,15939_T|C,16342_T|C,17341_G|A,17410_C|T,17859_T|C,18163_A|G,19326_A|G,19955_C|T,20055_A|G,21618_C|T,21810_T|C,21987_G|A,22000_C|A,22109_C|G,22200_T|A,22577_G|C,22578_G|A,22599_G|C,22664_C|A,22674_C|T,22679_T|C,22686_C|T,22688_A|G,22775_G|A,22786_A|C,22813_G|T,22882_T|G,22895_G|C,22896_T|C,22898_G|A,22942_T|G,22992_G|A,22995_C|A,23013_A|C,23019_T|C,23031_T|C,23055_A|G,23063_A|T,23075_T|C,23403_A|G,23525_C|T,23599_T|G,23604_C|A,23854_C|A,23948_G|T,24424_A|T,24469_T|A,25000_C|T,25416_C|T,25584_C|T,26060_C|T,26270_C|T,26275_A|G,26577_C|G,26709_G|A,26858_C|T,27259_A|C,27382_G|C,27383_A|T,27384_T|C,27807_C|T,28271_A|T,28311_C|T,28881_G|A,28882_G|A,28883_G|C,29510_A|C,29715_G|T,11288_11296,21633_21641,21992_21994,28362_28370,29734_29759
England/LSPA-32606DAA/2022	XBB	241_C|T,405_A|G,510_G|A,670_T|G,2790_C|T,3037_C|T,3431_G|T,4184_G|A,4321_C|T,6794_C|T,9344_C|T,9424_A|G,9534_C|T,9866_C|T,10029_C|T,10198_C|T,10447_G|A,10449_C|A,12880_C|T,14408_C|T,15451_G|A,15714_C|T,15738_C|T,15939_T|C,16342_T|C,17341_G|A,17410_C|T,17859_T|C,18163_A|G,19326_A|G,19955_C|T,20055_A|G,21618_C|T,21810_T|C,21987_G|A,22000_C|A,22109_C|G,22200_T|A,22577_G|C,22578_G|A,22599_G|C,22664_C|A,22674_C|T,22679_T|C,22686_C|T,22688_A|G,22775_G|A,22786_A|C,22813_G|T,22882_T|G,22895_G|C,22896_T|C,22898_G|A,22942_T|G,22992_G|A,22995_C|A,23013_A|C,23019_T|C,23031_T|C,23055_A|G,23063_A|T,23075_T|C,23403_A|G,23525_C|T,23599_T|G,23604_C|A,23854_C|A,23948_G|T,24424_A|T,24469_T|A,25000_C|T,25416_C|T,25584_C|T,26060_C|T,26270_C|T,26275_A|G,26577_C|G,26709_G|A,26858_C|T,27259_A|C,27382_G|C,27383_A|T,27384_T|C,27807_C|T,28271_A|T,28311_C|T,28881_G|A,28882_G|A,28883_G|C,29510_A|C,29715_G|T,11288_11296,21633_21641,21992_21994,28362_28370,29734_29759
England/LSPA-326070DD/2022	XBB	241_C|T,405_A|G,510_G|A,670_T|G,1594_C|T,2790_C|T,3037_C|T,3431_G|T,4184_G|A,4321_C|T,6794_C|T,9344_C|T,9424_A|G,9534_C|T,9866_C|T,10029_C|T,10198_C|T,10447_G|A,10449_C|A,12880_C|T,14408_C|T,15451_G|A,15714_C|T,15738_C|T,15939_T|C,16342_T|C,17341_G|A,17410_C|T,17859_T|C,18163_A|G,19326_A|G,19955_C|T,20055_A|G,21618_C|T,21810_T|C,21987_G|A,22000_C|A,22109_C|G,22200_T|A,22577_G|C,22578_G|A,22599_G|C,22664_C|A,22674_C|T,22679_T|C,22686_C|T,22688_A|G,22775_G|A,22786_A|C,22813_G|T,22882_T|G,22895_G|C,22896_T|C,22898_G|A,22942_T|G,22992_G|A,22995_C|A,23013_A|C,23019_T|C,23031_T|C,23055_A|G,23063_A|T,23075_T|C,23403_A|G,23525_C|T,23599_T|G,23604_C|A,23854_C|A,23948_G|T,24424_A|T,24469_T|A,25000_C|T,25416_C|T,25584_C|T,26060_C|T,26270_C|T,26275_A|G,26577_C|G,26709_G|A,26858_C|T,27259_A|C,27382_G|C,27383_A|T,27384_T|C,27807_C|T,28271_A|T,28311_C|T,28881_G|A,28882_G|A,28883_G|C,29510_A|C,29715_G|T,11288_11296,21633_21641,21992_21994,28362_28370,29734_29759
England/LSPA-32607C9D/2022	XBB	241_C|T,405_A|G,510_G|A,670_T|G,2790_C|T,3037_C|T,3639_G|T,4184_G|A,4321_C|T,4565_C|A,5518_G|A,9344_C|T,9424_A|G,9534_C|T,9866_C|T,10029_C|T,10198_C|T,10447_G|A,10449_C|A,12880_C|T,14408_C|T,15451_G|A,15714_C|T,15738_C|T,15939_T|C,16342_T|C,17410_C|T,17859_T|C,18163_A|G,19326_A|G,19955_C|T,20055_A|G,21618_C|T,21810_T|C,21987_G|A,22000_C|A,22109_C|G,22200_T|A,22577_G|C,22578_G|A,22599_G|C,22664_C|A,22674_C|T,22679_T|C,22686_C|T,22688_A|G,22775_G|A,22786_A|C,22813_G|T,22882_T|G,22895_G|C,22896_T|C,22898_G|A,22942_T|G,22992_G|A,22995_C|A,23013_A|C,23019_T|C,23031_T|C,23055_A|G,23063_A|T,23075_T|C,23403_A|G,23525_C|T,23599_T|G,23604_C|A,23854_C|A,23948_G|T,24424_A|T,24469_T|A,25000_C|T,25416_C|T,25584_C|T,26060_C|T,26270_C|T,26275_A|G,26577_C|G,26709_G|A,26858_C|T,27259_A|C,27382_G|C,27383_A|T,27384_T|C,27807_C|T,28271_A|T,28311_C|T,28881_G|A,28882_G|A,28883_G|C,29510_A|C,11288_11296,21633_21641,21992_21994,28362_28370,29734_29759
England/LSPA-326112AD/2022	XBB	241_C|T,405_A|G,510_G|A,670_T|G,2790_C|T,3037_C|T,4184_G|A,4321_C|T,5365_C|T,6821_A|G,9344_C|T,9424_A|G,9534_C|T,9866_C|T,10029_C|T,10198_C|T,10447_G|A,10449_C|A,12880_C|T,14408_C|T,15451_G|A,15714_C|T,15738_C|T,15939_T|C,16342_T|C,17410_C|T,17859_T|C,18163_A|G,19326_A|G,19955_C|T,20055_A|G,21618_C|T,21810_T|C,21987_G|A,22000_C|A,22109_C|G,22200_T|A,22577_G|C,22578_G|A,22599_G|C,22664_C|A,22674_C|T,22679_T|C,22686_C|T,22688_A|G,22775_G|A,22786_A|C,22813_G|T,22882_T|G,22895_G|C,22896_T|C,22898_G|A,22942_T|G,22992_G|A,22995_C|A,23013_A|C,23019_T|C,23031_T|C,23055_A|G,23063_A|T,23075_T|C,23403_A|G,23525_C|T,23599_T|G,23604_C|A,23854_C|A,23948_G|T,24424_A|T,24469_T|A,25000_C|T,25047_C|T,25416_C|T,25584_C|T,26060_C|T,26270_C|T,26275_A|G,26577_C|G,26709_G|A,26858_C|T,27259_A|C,27382_G|C,27383_A|T,27384_T|C,27807_C|T,28271_A|T,28311_C|T,28881_G|A,28882_G|A,28883_G|C,29510_A|C,11288_11296,21633_21641,21992_21994,28362_28370,29734_29759
England/LSPA-3262CE32/2022	XBB	103_C|T,241_C|T,405_A|G,510_G|A,670_T|G,772_T|C,2790_C|T,3037_C|T,3653_C|T,4184_G|A,4321_C|T,8138_T|C,9344_C|T,9424_A|G,9534_C|T,9866_C|T,10029_C|T,10198_C|T,10447_G|A,10449_C|A,10721_T|A,12880_C|T,14408_C|T,15451_G|A,15615_C|T,15714_C|T,15738_C|T,15939_T|C,16342_T|C,17410_C|T,17859_T|C,18163_A|G,19296_G|A,19326_A|G,19955_C|T,20055_A|G,21618_C|T,21810_T|C,21987_G|A,22000_C|A,22109_C|G,22200_T|A,22577_G|C,22578_G|A,22599_G|C,22664_C|A,22674_C|T,22679_T|C,22686_C|T,22688_A|G,22775_G|A,22786_A|C,22813_G|T,22882_T|G,22895_G|C,22896_T|C,22898_G|A,22942_T|G,22992_G|A,22995_C|A,23013_A|C,23019_T|C,23031_T|C,23055_A|G,23063_A|T,23075_T|C,23403_A|G,23525_C|T,23599_T|G,23604_C|A,23854_C|A,23948_G|T,24424_A|T,24469_T|A,25000_C|T,25416_C|T,25584_C|T,26060_C|T,26270_C|T,26275_A|G,26577_C|G,26709_G|A,26858_C|T,27259_A|C,27382_G|C,27383_A|T,27384_T|C,27807_C|T,28271_A|T,28311_C|T,28634_C|A,28881_G|A,28882_G|A,28883_G|C,29134_G|A,29510_A|C,11288_11296,21633_21641,21992_21994,28362_28370,29734_29759
England/LSPA-3262D271/2022	XBB	241_C|T,405_A|G,510_G|A,670_T|G,1288_C|T,2790_C|T,3037_C|T,4184_G|A,4321_C|T,8569_T|C,9344_C|T,9424_A|G,9534_C|T,9866_C|T,10029_C|T,10198_C|T,10447_G|A,10449_C|A,12880_C|T,14408_C|T,15451_G|A,15714_C|T,15738_C|T,15939_T|C,16342_T|C,17410_C|T,17859_T|C,18163_A|G,19326_A|G,19397_A|C,19459_A|G,19955_C|T,20055_A|G,21618_C|T,21810_T|C,21987_G|A,22000_C|A,22109_C|G,22200_T|A,22577_G|C,22578_G|A,22599_G|C,22664_C|A,22674_C|T,22679_T|C,22686_C|T,22688_A|G,22775_G|A,22786_A|C,22813_G|T,22882_T|G,22895_G|C,22896_T|C,22898_G|A,22942_T|G,22992_G|A,22995_C|A,23013_A|C,23019_T|C,23031_T|C,23055_A|G,23063_A|T,23075_T|C,23325_C|T,23403_A|G,23525_C|T,23599_T|G,23604_C|A,23854_C|A,23948_G|T,24424_A|T,24469_T|A,25000_C|T,25416_C|T,25584_C|T,26060_C|T,26270_C|T,26275_A|G,26577_C|G,26709_G|A,26858_C|T,27259_A|C,27382_G|C,27383_A|T,27384_T|C,27807_C|T,28271_A|T,28311_C|T,28881_G|A,28882_G|A,28883_G|C,29510_A|C,11288_11296,21633_21641,21992_21994,28362_28370,29734_29759
England/LSPA-3264901B/2022	XBB	241_C|T,405_A|G,510_G|A,670_T|G,2790_C|T,3037_C|T,4184_G|A,4321_C|T,5036_G|A,9344_C|T,9424_A|G,9534_C|T,9866_C|T,10029_C|T,10198_C|T,10447_G|A,10449_C|A,11083_G|T,11507_G|A,12880_C|T,13426_C|T,14408_C|T,15451_G|A,15714_C|T,15738_C|T,15939_T|C,16342_T|C,17410_C|T,17859_T|C,18163_A|G,19326_A|G,19955_C|T,20055_A|G,21618_C|T,21810_T|C,21987_G|A,22000_C|A,22109_C|G,22200_T|A,22577_G|C,22578_G|A,22599_G|C,22664_C|A,22674_C|T,22679_T|C,22686_C|T,22688_A|G,22775_G|A,22786_A|C,22813_G|T,22882_T|G,22895_G|C,22896_T|C,22898_G|A,22942_T|G,22992_G|A,22995_C|A,23013_A|C,23019_T|C,23031_T|C,23055_A|G,23063_A|T,23075_T|C,23403_A|G,23525_C|T,23599_T|G,23604_C|A,23854_C|A,23948_G|T,24424_A|T,24469_T|A,25000_C|T,25416_C|T,25584_C|T,26060_C|T,26236_T|A,26270_C|T,26275_A|G,26577_C|G,26709_G|A,26858_C|T,27259_A|C,27382_G|C,27383_A|T,27384_T|C,27807_C|T,28271_A|T,28311_C|T,28881_G|A,28882_G|A,28883_G|C,29458_T|C,29510_A|C,11288_11296,21633_21641,21992_21994,28362_28370,29734_29759
England/LSPA-3264AC34/2022	XBB	241_C|T,405_A|G,670_T|G,2790_C|T,3037_C|T,4184_G|A,4321_C|T,6726_C|T,6732_T|C,9344_C|T,9424_A|G,9534_C|T,9866_C|T,10029_C|T,10198_C|T,10447_G|A,10449_C|A,12880_C|T,14408_C|T,15451_G|A,15588_C|A,15714_C|T,15738_C|T,15939_T|C,16342_T|C,17410_C|T,17859_T|C,18163_A|G,19326_A|G,19455_G|A,19955_C|T,20055_A|G,21618_C|T,21810_T|C,21987_G|A,22000_C|A,22109_C|G,22200_T|A,22577_G|C,22578_G|A,22599_G|C,22664_C|A,22674_C|T,22679_T|C,22686_C|T,22688_A|G,22775_G|A,22786_A|C,22813_G|T,22882_T|G,22895_G|C,22896_T|C,22898_G|A,22942_T|G,22992_G|A,22995_C|A,23013_A|C,23019_T|C,23031_T|C,23055_A|G,23063_A|T,23075_T|C,23403_A|G,23525_C|T,23599_T|G,23604_C|A,23854_C|A,23948_G|T,24424_A|T,24469_T|A,25000_C|T,25416_C|T,25584_C|T,26060_C|T,26270_C|T,26275_A|G,26577_C|G,26709_G|A,26858_C|T,27259_A|C,27382_G|C,27383_A|T,27384_T|C,27685_T|C,27807_C|T,27915_G|T,28271_A|T,28311_C|T,28881_G|A,28882_G|A,28883_G|C,29510_A|C,11288_11296,21633_21641,21992_21994,28362_28370,29734_29759
England/LSPA-32686A05/2023	XBB	207_C|T,241_C|T,405_A|G,510_G|A,670_T|G,2790_C|T,3037_C|T,4184_G|A,4321_C|T,4427_T|C,9344_C|T,9424_A|G,9534_C|T,9866_C|T,10029_C|T,10198_C|T,10447_G|A,10449_C|A,12880_C|T,13225_C|A,14408_C|T,15426_A|G,15451_G|A,15714_C|T,15738_C|T,15939_T|C,16342_T|C,17410_C|T,17859_T|C,18163_A|G,19326_A|G,19955_C|T,20055_A|G,21618_C|T,21810_T|C,21987_G|A,22000_C|A,22109_C|G,22200_T|A,22577_G|C,22578_G|A,22599_G|C,22664_C|A,22674_C|T,22679_T|C,22686_C|T,22688_A|G,22775_G|A,22786_A|C,22813_G|T,22882_T|G,22895_G|C,22896_T|C,22898_G|A,22942_T|G,22992_G|A,22995_C|A,23013_A|C,23019_T|C,23031_T|C,23055_A|G,23063_A|T,23075_T|C,23123_C|A,23403_A|G,23525_C|T,23599_T|G,23604_C|A,23670_A|T,23854_C|A,23948_G|T,24424_A|T,24469_T|A,25000_C|T,25416_C|T,25584_C|T,26060_C|T,26270_C|T,26275_A|G,26577_C|G,26709_G|A,26858_C|T,27259_A|C,27382_G|C,27383_A|T,27384_T|C,27807_C|T,28271_A|T,28311_C|T,28881_G|A,28882_G|A,28883_G|C,29510_A|C,11288_11296,21633_21641,21992_21994,28362_28370,29734_29759
England/PHEC-YY81G1J/2022	XBB	241_C|T,405_A|G,670_T|G,2790_C|T,3037_C|T,4184_G|A,4321_C|T,5239_C|T,9344_C|T,9424_A|G,9534_C|T,9866_C|T,10029_C|T,10198_C|T,10447_G|A,10449_C|A,12880_C|T,14408_C|T,15451_G|A,15714_C|T,15738_C|T,15939_T|C,16342_T|C,17410_C|T,17859_T|C,18163_A|G,18412_G|T,19326_A|G,19955_C|T,20055_A|G,21575_C|T,21618_C|T,21810_T|C,21987_G|A,22000_C|A,22109_C|G,22200_T|A,22577_G|C,22578_G|A,22599_G|C,22664_C|A,22674_C|T,22679_T|C,22686_C|T,22688_A|G,22775_G|A,22813_G|T,22882_T|G,22895_G|C,22896_T|C,22898_G|A,22942_T|G,22992_G|A,22995_C|A,23013_A|C,23019_T|C,23031_T|C,23055_A|G,23063_A|T,23075_T|C,23403_A|G,23525_C|T,23599_T|G,23604_C|A,23854_C|A,23948_G|T,24424_A|T,24469_T|A,25000_C|T,25416_C|T,25584_C|T,26060_C|T,26270_C|T,26275_A|G,26577_C|G,26709_G|A,26858_C|T,27259_A|C,27382_G|C,27383_A|T,27384_T|C,27807_C|T,28271_A|T,28311_C|T,28881_G|A,28882_G|A,28883_G|C,29510_A|C
England/PHEC-YY81QCQ/2022	XBB	241_C|T,405_A|G,670_T|G,2790_C|T,3037_C|T,4184_G|A,4321_C|T,9344_C|T,9424_A|G,9534_C|T,9866_C|T,10029_C|T,10198_C|T,10447_G|A,10449_C|A,12880_C|T,14408_C|T,15451_G|A,15714_C|T,15738_C|T,15939_T|C,16342_T|C,17410_C|T,17859_T|C,18163_A|G,19326_A|G,19955_C|T,20055_A|G,21618_C|T,21810_T|C,21811_C|T,21987_G|A,22000_C|A,22109_C|G,22200_T|A,22577_G|C,22578_G|A,22599_G|C,22664_C|A,22674_C|T,22686_C|T,22688_A|G,22775_G|A,22786_A|C,22813_G|T,22882_T|G,22895_G|C,22896_T|C,22898_G|A,22942_T|G,22992_G|A,22995_C|A,23013_A|C,23019_T|C,23031_T|C,23055_A|G,23063_A|T,23075_T|C,23403_A|G,23525_C|T,23599_T|G,23604_C|A,23854_C|A,23948_G|T,24424_A|T,24469_T|A,25000_C|T,25416_C|T,25584_C|T,26060_C|T,26270_C|T,26275_A|G,26577_C|G,26709_G|A,26858_C|T,27259_A|C,27382_G|C,27383_A|T,27384_T|C,27807_C|T,28271_A|T,28311_C|T,28881_G|A,28882_G|A,28883_G|C,29510_A|C,11288_11296,21633_21641,21992_21994,28362_28370,29734_29759
England/PHEC-YY81QK1/2022	XBB	241_C|T,405_A|G,670_T|G,2790_C|T,3037_C|T,4184_G|A,4321_C|T,9344_C|T,9424_A|G,9534_C|T,9866_C|T,10029_C|T,10198_C|T,10447_G|A,10449_C|A,12880_C|T,14408_C|T,15451_G|A,15714_C|T,15738_C|T,15939_T|C,16342_T|C,17410_C|T,17859_T|C,18163_A|G,19326_A|G,19955_C|T,20055_A|G,21618_C|T,21810_T|C,21811_C|T,21987_G|A,22000_C|A,22109_C|G,22200_T|A,22577_G|C,22578_G|A,22599_G|C,22664_C|A,22674_C|T,22686_C|T,22688_A|G,22775_G|A,22786_A|C,22813_G|T,22882_T|G,22895_G|C,22896_T|C,22898_G|A,22942_T|G,22992_G|A,22995_C|A,23013_A|C,23019_T|C,23031_T|C,23055_A|G,23063_A|T,23075_T|C,23403_A|G,23525_C|T,23599_T|G,23604_C|A,23854_C|A,23948_G|T,24424_A|T,24469_T|A,25000_C|T,25416_C|T,25584_C|T,26060_C|T,26270_C|T,26275_A|G,26577_C|G,26709_G|A,26858_C|T,27259_A|C,27382_G|C,27383_A|T,27384_T|C,27807_C|T,28271_A|T,28311_C|T,28881_G|A,28882_G|A,28883_G|C,29510_A|C,11288_11296,21633_21641,21992_21994,28362_28370,29734_29759
England/PHEC-YY81TJT/2022	XBB	241_C|T,405_A|G,510_G|A,670_T|G,772_T|C,2790_C|T,3037_C|T,4184_G|A,4321_C|T,8138_T|C,9344_C|T,9424_A|G,9534_C|T,9866_C|T,10029_C|T,10198_C|T,10447_G|A,10449_C|A,10721_T|A,12880_C|T,14408_C|T,15451_G|A,15615_C|T,15714_C|T,15738_C|T,15939_T|C,16342_T|C,17410_C|T,17859_T|C,18163_A|G,19296_G|A,19326_A|G,19955_C|T,20055_A|G,21618_C|T,21810_T|C,21987_G|A,22000_C|A,22200_T|A,22577_G|C,22578_G|A,22599_G|C,22664_C|A,22674_C|T,22679_T|C,22686_C|T,22688_A|G,22775_G|A,22786_A|C,22813_G|T,22882_T|G,22895_G|C,22896_T|C,22898_G|A,22942_T|G,22992_G|A,22995_C|A,23013_A|C,23019_T|C,23031_T|C,23055_A|G,23063_A|T,23075_T|C,23403_A|G,23525_C|T,23599_T|G,23604_C|A,23854_C|A,23948_G|T,24424_A|T,24469_T|A,25000_C|T,25416_C|T,25584_C|T,26060_C|T,26270_C|T,26275_A|G,26577_C|G,26709_G|A,26858_C|T,27259_A|C,27382_G|C,27383_A|T,27384_T|C,27807_C|T,28271_A|T,28311_C|T,28634_C|A,28881_G|A,28882_G|A,28883_G|C,29134_G|A,29173_T|C,29510_A|C,11288_11296,21633_21641,21992_21994,28362_28370,29734_29759
England/PHEC-YY84DSW/2023	XBB	241_C|T,405_A|G,670_T|G,2790_C|T,3037_C|T,3736_C|T,4184_G|A,4321_C|T,9344_C|T,9424_A|G,9534_C|T,9802_G|T,9866_C|T,10029_C|T,10198_C|T,10447_G|A,10449_C|A,10471_A|G,12880_C|T,14408_C|T,15451_G|A,15714_C|T,15738_C|T,15939_T|C,16342_T|C,17410_C|T,17859_T|C,18132_T|C,18163_A|G,19326_A|G,19955_C|T,20055_A|G,21618_C|T,21810_T|C,21987_G|A,22000_C|A,22109_C|G,22200_T|A,22577_G|C,22578_G|A,22599_G|C,22664_C|A,22674_C|T,22679_T|C,22686_C|T,22688_A|G,22775_G|A,22786_A|C,22813_G|T,22882_T|G,22895_G|C,22896_T|C,22898_G|A,22942_T|G,22992_G|A,22995_C|A,23013_A|C,23019_T|C,23031_T|C,23055_A|G,23063_A|T,23075_T|C,23403_A|G,23525_C|T,23599_T|G,23604_C|A,23854_C|A,23948_G|T,24424_A|T,24469_T|A,25000_C|T,25416_C|T,25481_G|A,25584_C|T,26060_C|T,26270_C|T,26275_A|G,26577_C|G,26709_G|A,26858_C|T,27259_A|C,27382_G|C,27383_A|T,27384_T|C,27807_C|T,28271_A|T,28311_C|T,28881_G|A,28882_G|A,28883_G|C,29510_A|C,21633_21641
England/PHEC-YY89XKZ/2022	XBB	241_C|T,405_A|G,670_T|G,2790_C|T,3037_C|T,4184_G|A,4321_C|T,8293_C|T,9344_C|T,9424_A|G,9534_C|T,9866_C|T,10029_C|T,10198_C|T,10447_G|A,10449_C|A,12880_C|T,14408_C|T,15451_G|A,15714_C|T,15738_C|T,15939_T|C,16342_T|C,17410_C|T,17859_T|C,18163_A|G,19326_A|G,19955_C|T,20055_A|G,21618_C|T,21810_T|C,21987_G|A,22000_C|A,22109_C|G,22200_T|A,22213_T|C,22577_G|C,22578_G|A,22599_G|C,22664_C|A,22674_C|T,22679_T|C,22686_C|T,22688_A|G,22775_G|A,22786_A|C,22813_G|T,22882_T|G,22895_G|C,22896_T|C,22898_G|A,22942_T|G,22992_G|A,22995_C|A,23013_A|C,23019_T|C,23031_T|C,23055_A|G,23063_A|T,23075_T|C,23403_A|G,23525_C|T,23599_T|G,23604_C|A,23854_C|A,23948_G|T,24424_A|T,24469_T|A,25000_C|T,25416_C|T,25584_C|T,26060_C|T,26270_C|T,26275_A|G,26389_G|T,26577_C|G,26709_G|A,26858_C|T,27259_A|C,27382_G|C,27383_A|T,27384_T|C,27807_C|T,28271_A|T,28311_C|T,28436_G|T,28697_C|T,28881_G|A,28882_G|A,28883_G|C,29510_A|C,11288_11296,21633_21641,21992_21994,28362_28370,29734_29759
England/PHEC-YY8IHUM/2022	XBB	207_C|T,241_C|T,405_A|G,510_G|A,670_T|G,2790_C|T,3037_C|T,4184_G|A,4321_C|T,4427_T|C,9344_C|T,9424_A|G,9534_C|T,9866_C|T,10029_C|T,10198_C|T,10447_G|A,10449_C|A,12880_C|T,14408_C|T,15426_A|G,15451_G|A,15714_C|T,15738_C|T,15939_T|C,16342_T|C,17410_C|T,17859_T|C,18163_A|G,19326_A|G,19955_C|T,20055_A|G,21618_C|T,21810_T|C,21987_G|A,22000_C|A,22109_C|G,22200_T|A,22577_G|C,22578_G|A,22599_G|C,22664_C|A,22674_C|T,22679_T|C,22686_C|T,22688_A|G,22775_G|A,22786_A|C,22813_G|T,22882_T|G,22895_G|C,22896_T|C,22898_G|A,22942_T|G,22992_G|A,22995_C|A,23013_A|C,23019_T|C,23031_T|C,23055_A|G,23063_A|T,23075_T|C,23123_C|A,23403_A|G,23525_C|T,23599_T|G,23604_C|A,23854_C|A,23948_G|T,24424_A|T,24469_T|A,25000_C|T,25416_C|T,25584_C|T,26060_C|T,26270_C|T,26275_A|G,26709_G|A,26858_C|T,27259_A|C,27382_G|C,27383_A|T,27384_T|C,27807_C|T,28271_A|T,28311_C|T,28881_G|A,28882_G|A,28883_G|C,29510_A|C,11288_11296,21633_21641,21992_21994,28362_28370,29734_29759
England/PHEC-YY8JAUE/2022	XBB	241_C|T,405_A|G,510_G|A,670_T|G,2790_C|T,3037_C|T,3920_A|G,4184_G|A,4321_C|T,9344_C|T,9424_A|G,9534_C|T,9866_C|T,10029_C|T,10198_C|T,10447_G|A,10449_C|A,12880_C|T,14408_C|T,15451_G|A,15714_C|T,15738_C|T,15939_T|C,16342_T|C,17410_C|T,17859_T|C,18163_A|G,18173_T|C,19326_A|G,19955_C|T,20055_A|G,21618_C|T,21810_T|C,21987_G|A,22000_C|A,22109_C|G,22200_T|A,22577_G|C,22578_G|A,22599_G|C,22664_C|A,22674_C|T,22679_T|C,22686_C|T,22688_A|G,22775_G|A,22786_A|C,22813_G|T,22882_T|G,22895_G|C,22896_T|C,22898_G|A,22942_T|G,22992_G|A,22995_C|A,23013_A|C,23019_T|C,23031_T|C,23055_A|G,23063_A|T,23075_T|C,23403_A|G,23525_C|T,23599_T|G,23604_C|A,23854_C|A,23948_G|T,24424_A|T,24469_T|A,25000_C|T,25416_C|T,25584_C|T,25850_G|A,26060_C|T,26270_C|T,26275_A|G,26577_C|G,26709_G|A,26858_C|T,26929_G|A,27259_A|C,27382_G|C,27383_A|T,27384_T|C,27807_C|T,28271_A|T,28311_C|T,28881_G|A,28882_G|A,28883_G|C,29510_A|C,11288_11296,21633_21641,21992_21994,28362_28370,29734_29759
England/PHEC-YY8M3I9/2022	XBB	241_C|T,405_A|G,670_T|G,2790_C|T,3037_C|T,4184_G|A,4321_C|T,9344_C|T,9424_A|G,9534_C|T,9866_C|T,10029_C|T,10198_C|T,10447_G|A,10449_C|A,12880_C|T,14408_C|T,15451_G|A,15714_C|T,15738_C|T,15939_T|C,16342_T|C,17410_C|T,17859_T|C,18163_A|G,19326_A|G,19955_C|T,19974_A|G,20055_A|G,20059_A|G,21618_C|T,21810_T|C,21987_G|A,22000_C|A,22109_C|G,22200_T|A,22577_G|C,22578_G|A,22599_G|C,22664_C|A,22674_C|T,22679_T|C,22686_C|T,22688_A|G,22775_G|A,22813_G|T,22882_T|G,22895_G|C,22896_T|C,22898_G|A,22942_T|G,22992_G|A,22995_C|A,23013_A|C,23019_T|C,23031_T|C,23055_A|G,23063_A|T,23075_T|C,23403_A|G,23525_C|T,23599_T|G,23604_C|A,23854_C|A,23948_G|T,24424_A|T,24469_T|A,25000_C|T,25416_C|T,25584_C|T,26060_C|T,26270_C|T,26577_C|G,26709_G|A,26858_C|T,27259_A|C,27382_G|C,27383_A|T,27384_T|C,27807_C|T,28271_A|T,28311_C|T,28881_G|A,28882_G|A,28883_G|C,29510_A|C,11288_11296,21633_21641,28362_28370
England/PHEC-YY8ONTU/2022	XBB	241_C|T,405_A|G,670_T|G,2790_C|T,3037_C|T,4184_G|A,4321_C|T,5239_C|T,9344_C|T,9424_A|G,9534_C|T,9866_C|T,10029_C|T,10198_C|T,10447_G|A,10449_C|A,12880_C|T,14408_C|T,15451_G|A,15714_C|T,15738_C|T,15939_T|C,16342_T|C,17410_C|T,17859_T|C,18163_A|G,19326_A|G,19955_C|T,20055_A|G,21575_C|T,21609_T|C,21618_C|T,21810_T|C,21987_G|A,21998_C|A,22000_C|A,22109_C|G,22200_T|A,22577_G|C,22578_G|A,22599_G|C,22664_C|A,22674_C|T,22679_T|C,22686_C|T,22688_A|G,22775_G|A,22786_A|C,22813_G|T,22882_T|G,22895_G|C,22896_T|C,22898_G|A,22942_T|G,22992_G|A,22995_C|A,23013_A|C,23019_T|C,23031_T|C,23055_A|G,23063_A|T,23075_T|C,23403_A|G,23525_C|T,23599_T|G,23604_C|A,23854_C|A,23948_G|T,24424_A|T,24469_T|A,25000_C|T,25416_C|T,25584_C|T,26060_C|T,26270_C|T,26275_A|G,26577_C|G,26709_G|A,26858_C|T,27259_A|C,27382_G|C,27383_A|T,27384_T|C,27807_C|T,28271_A|T,28311_C|T,28881_G|A,28882_G|A,28883_G|C,28960_G|T,29510_A|C,11288_11296,21633_21641,28362_28370
England/PHEC-YY8P19Q/2022	XBB	241_C|T,405_A|G,510_G|A,670_T|G,2790_C|T,3037_C|T,4184_G|A,4321_C|T,5230_G|T,5518_G|A,9344_C|T,9424_A|G,9534_C|T,9866_C|T,10029_C|T,10198_C|T,10447_G|A,10449_C|A,12880_C|T,14408_C|T,15451_G|A,15714_C|T,15738_C|T,15939_T|C,16342_T|C,17410_C|T,17859_T|C,18163_A|G,19326_A|G,19955_C|T,20055_A|G,21618_C|T,21810_T|C,21987_G|A,22000_C|A,22109_C|G,22200_T|A,22577_G|C,22578_G|A,22599_G|C,22664_C|A,22674_C|T,22679_T|C,22686_C|T,22688_A|G,22775_G|A,22786_A|C,22813_G|T,22882_T|G,22895_G|C,22896_T|C,22898_G|A,22942_T|G,22992_G|A,22995_C|A,23013_A|C,23019_T|C,23031_T|C,23055_A|G,23063_A|T,23075_T|C,23403_A|G,23525_C|T,23599_T|G,23604_C|A,23854_C|A,23948_G|T,24424_A|T,24469_T|A,25000_C|T,25416_C|T,25584_C|T,26060_C|T,26270_C|T,26275_A|G,26577_C|G,26709_G|A,26858_C|T,27259_A|C,27382_G|C,27383_A|T,27384_T|C,27807_C|T,28271_A|T,28311_C|T,28775_C|T,28881_G|A,28882_G|A,28883_G|C,29510_A|C,11288_11296,21633_21641,21992_21994,28362_28370,29734_29759
England/PHEC-YY8QW4W/2022	XBB	241_C|T,405_A|G,670_T|G,2790_C|T,3037_C|T,4184_G|A,4321_C|T,5239_C|T,9344_C|T,9424_A|G,9534_C|T,9866_C|T,10029_C|T,10198_C|T,10447_G|A,10449_C|A,12880_C|T,14408_C|T,15451_G|A,15714_C|T,15738_C|T,15939_T|C,16342_T|C,17410_C|T,17859_T|C,18163_A|G,19326_A|G,19955_C|T,20055_A|G,21575_C|T,21618_C|T,21810_T|C,21987_G|A,22000_C|A,22109_C|G,22200_T|A,22577_G|C,22578_G|A,22599_G|C,22664_C|A,22674_C|T,22679_T|C,22686_C|T,22688_A|G,22775_G|A,22786_A|C,22813_G|T,22882_T|G,22895_G|C,22896_T|C,22898_G|A,22942_T|G,22992_G|A,22995_C|A,23013_A|C,23019_T|C,23031_T|C,23055_A|G,23063_A|T,23075_T|C,23403_A|G,23525_C|T,23599_T|G,23604_C|A,23854_C|A,23948_G|T,24424_A|T,24469_T|A,25000_C|T,25416_C|T,25584_C|T,26060_C|T,26270_C|T,26275_A|G,26577_C|G,26709_G|A,26858_C|T,27259_A|C,27382_G|C,27383_A|T,27384_T|C,27807_C|T,28271_A|T,28311_C|T,28881_G|A,28882_G|A,28883_G|C,29510_A|C,11288_11296,21633_21641,28362_28370
England/PHEC-YY8T9H6/2022	XBB	207_C|T,241_C|T,405_A|G,510_G|A,670_T|G,2790_C|T,3037_C|T,4184_G|A,4321_C|T,4427_T|C,9344_C|T,9424_A|G,9534_C|T,9866_C|T,10029_C|T,10198_C|T,10447_G|A,10449_C|A,12880_C|T,14408_C|T,15426_A|G,15451_G|A,15714_C|T,15738_C|T,15939_T|C,16342_T|C,17410_C|T,17859_T|C,18163_A|G,19326_A|G,19955_C|T,20055_A|G,21618_C|T,21810_T|C,21987_G|A,22000_C|A,22109_C|G,22200_T|A,22577_G|C,22578_G|A,22599_G|C,22664_C|A,22674_C|T,22679_T|C,22686_C|T,22688_A|G,22775_G|A,22786_A|C,22813_G|T,22882_T|G,22895_G|C,22896_T|C,22898_G|A,22942_T|G,22992_G|A,22995_C|A,23013_A|C,23019_T|C,23031_T|C,23055_A|G,23063_A|T,23075_T|C,23123_C|A,23403_A|G,23525_C|T,23599_T|G,23604_C|A,23854_C|A,23948_G|T,24424_A|T,24469_T|A,25000_C|T,25416_C|T,25584_C|T,26060_C|T,26270_C|T,26275_A|G,26577_C|G,26709_G|A,26858_C|T,27259_A|C,27382_G|C,27383_A|T,27384_T|C,27807_C|T,28271_A|T,28311_C|T,28881_G|A,28882_G|A,28883_G|C,29510_A|C,21633_21641,28362_28370
England/PHEC-YY8UI1A/2022	XBB	241_C|T,405_A|G,670_T|G,2790_C|T,3037_C|T,4184_G|A,4321_C|T,9344_C|T,9424_A|G,9534_C|T,9866_C|T,10029_C|T,10198_C|T,10447_G|A,10449_C|A,12880_C|T,14408_C|T,15451_G|A,15714_C|T,15738_C|T,15939_T|C,16342_T|C,17410_C|T,17859_T|C,18163_A|G,19326_A|G,19955_C|T,20055_A|G,21618_C|T,21810_T|C,21811_C|T,21987_G|A,22000_C|A,22109_C|G,22200_T|A,22577_G|C,22578_G|A,22599_G|C,22664_C|A,22674_C|T,22686_C|T,22688_A|G,22775_G|A,22786_A|C,22813_G|T,22882_T|G,22895_G|C,22896_T|C,22898_G|A,22942_T|G,22992_G|A,22995_C|A,23013_A|C,23019_T|C,23031_T|C,23055_A|G,23063_A|T,23075_T|C,23403_A|G,23525_C|T,23599_T|G,23604_C|A,23854_C|A,23948_G|T,24424_A|T,24469_T|A,25000_C|T,25416_C|T,25584_C|T,26060_C|T,26270_C|T,26275_A|G,26577_C|G,26709_G|A,26858_C|T,27259_A|C,27382_G|C,27383_A|T,27384_T|C,27807_C|T,28271_A|T,28311_C|T,28881_G|A,28882_G|A,28883_G|C,29510_A|C,11288_11296,21633_21641,28362_28370,29734_29759
England/PHEC-YY8UI3K/2022	XBB	241_C|T,405_A|G,670_T|G,2790_C|T,3037_C|T,4184_G|A,4321_C|T,9344_C|T,9424_A|G,9534_C|T,9866_C|T,10029_C|T,10198_C|T,10447_G|A,10449_C|A,12880_C|T,14408_C|T,15451_G|A,15714_C|T,15738_C|T,15939_T|C,16342_T|C,17410_C|T,17859_T|C,18163_A|G,19326_A|G,19955_C|T,20055_A|G,21618_C|T,21810_T|C,21811_C|T,21987_G|A,22000_C|A,22109_C|G,22200_T|A,22577_G|C,22578_G|A,22599_G|C,22664_C|A,22674_C|T,22686_C|T,22688_A|G,22775_G|A,22786_A|C,22813_G|T,22882_T|G,22895_G|C,22896_T|C,22898_G|A,22942_T|G,22992_G|A,22995_C|A,23013_A|C,23019_T|C,23031_T|C,23055_A|G,23063_A|T,23075_T|C,23403_A|G,23525_C|T,23599_T|G,23604_C|A,23854_C|A,23948_G|T,24424_A|T,24469_T|A,25000_C|T,25416_C|T,25584_C|T,26060_C|T,26270_C|T,26275_A|G,26577_C|G,26709_G|A,26858_C|T,27259_A|C,27382_G|C,27383_A|T,27384_T|C,27807_C|T,28271_A|T,28311_C|T,28881_G|A,28882_G|A,28883_G|C,29510_A|C,11288_11296,21633_21641,21992_21994,28362_28370,29734_29759
England/PHEC-YY8UIUS/2022	XBB	241_C|T,405_A|G,670_T|G,2790_C|T,3037_C|T,4184_G|A,4321_C|T,9344_C|T,9424_A|G,9534_C|T,9866_C|T,10029_C|T,10198_C|T,10447_G|A,10449_C|A,12880_C|T,14408_C|T,15451_G|A,15714_C|T,15738_C|T,15939_T|C,16342_T|C,17410_C|T,17859_T|C,18163_A|G,19326_A|G,19955_C|T,20055_A|G,21618_C|T,21810_T|C,21811_C|T,21987_G|A,22000_C|A,22109_C|G,22200_T|A,22577_G|C,22578_G|A,22599_G|C,22664_C|A,22674_C|T,22686_C|T,22688_A|G,22775_G|A,22786_A|C,22813_G|T,22882_T|G,22895_G|C,22896_T|C,22898_G|A,22942_T|G,22992_G|A,22995_C|A,23013_A|C,23019_T|C,23031_T|C,23055_A|G,23063_A|T,23075_T|C,23403_A|G,23525_C|T,23599_T|G,23604_C|A,23854_C|A,23948_G|T,24424_A|T,24469_T|A,25000_C|T,25416_C|T,25584_C|T,26060_C|T,26270_C|T,26275_A|G,26577_C|G,26709_G|A,26858_C|T,27259_A|C,27382_G|C,27383_A|T,27384_T|C,27807_C|T,28271_A|T,28311_C|T,28881_G|A,28882_G|A,28883_G|C,29510_A|C,11288_11296,21633_21641,21992_21994,28362_28370,29734_29759
England/PHEC-YY8USDS/2022	XBB	207_C|T,241_C|T,405_A|G,510_G|A,670_T|G,2790_C|T,3037_C|T,4184_G|A,4321_C|T,4427_T|C,9344_C|T,9424_A|G,9534_C|T,9866_C|T,10029_C|T,10198_C|T,10447_G|A,10449_C|A,12880_C|T,14408_C|T,15426_A|G,15451_G|A,15714_C|T,15738_C|T,15939_T|C,16342_T|C,17410_C|T,17859_T|C,18163_A|G,19326_A|G,19955_C|T,20055_A|G,21618_C|T,21810_T|C,21987_G|A,22000_C|A,22109_C|G,22200_T|A,22577_G|C,22578_G|A,22599_G|C,22664_C|A,22674_C|T,22679_T|C,22686_C|T,22688_A|G,22775_G|A,22786_A|C,22813_G|T,22882_T|G,22895_G|C,22896_T|C,22898_G|A,22942_T|G,22992_G|A,22995_C|A,23013_A|C,23019_T|C,23031_T|C,23055_A|G,23063_A|T,23075_T|C,23123_C|A,23403_A|G,23525_C|T,23599_T|G,23604_C|A,23854_C|A,23948_G|T,24424_A|T,24469_T|A,25000_C|T,25416_C|T,25584_C|T,26060_C|T,26270_C|T,26275_A|G,26577_C|G,26709_G|A,26858_C|T,27259_A|C,27382_G|C,27383_A|T,27384_T|C,27807_C|T,28271_A|T,28311_C|T,28881_G|A,28882_G|A,28883_G|C,29510_A|C,11288_11296,21633_21641,21992_21994,28362_28370,29734_29759
England/PHEC-YY8WONH/2022	XBB	241_C|T,405_A|G,670_T|G,2790_C|T,3037_C|T,4184_G|A,4321_C|T,9344_C|T,9424_A|G,9534_C|T,9866_C|T,10029_C|T,10198_C|T,10447_G|A,10449_C|A,12880_C|T,14408_C|T,15451_G|A,15714_C|T,15738_C|T,15939_T|C,16342_T|C,17410_C|T,17859_T|C,18163_A|G,19326_A|G,19955_C|T,20055_A|G,21618_C|T,21810_T|C,21811_C|T,21987_G|A,22000_C|A,22109_C|G,22200_T|A,22577_G|C,22578_G|A,22599_G|C,22664_C|A,22674_C|T,22686_C|T,22688_A|G,22775_G|A,22786_A|C,22813_G|T,22882_T|G,22895_G|C,22896_T|C,22898_G|A,22942_T|G,22992_G|A,22995_C|A,23013_A|C,23019_T|C,23031_T|C,23055_A|G,23063_A|T,23075_T|C,23403_A|G,23525_C|T,23599_T|G,23604_C|A,23854_C|A,23948_G|T,24424_A|T,24469_T|A,25000_C|T,25416_C|T,25584_C|T,26060_C|T,26270_C|T,26275_A|G,26577_C|G,26709_G|A,26858_C|T,27259_A|C,27382_G|C,27383_A|T,27384_T|C,27807_C|T,28271_A|T,28311_C|T,28881_G|A,28882_G|A,28883_G|C,29510_A|C,11288_11296,21633_21641,21992_21994,28362_28370,29734_29759
England/PHEC-YY8ZS9I/2022	XBB	241_C|T,405_A|G,425_G|A,670_T|G,2790_C|T,3037_C|T,4184_G|A,4321_C|T,9344_C|T,9424_A|G,9534_C|T,9866_C|T,10029_C|T,10198_C|T,10447_G|A,10449_C|A,12621_C|T,12880_C|T,14408_C|T,15451_G|A,15714_C|T,15738_C|T,15939_T|C,16342_T|C,17410_C|T,17585_A|G,17859_T|C,18163_A|G,19326_A|G,19653_T|C,19955_C|T,20055_A|G,21618_C|T,21810_T|C,21987_G|A,22000_C|A,22109_C|G,22200_T|A,22577_G|C,22578_G|A,22599_G|C,22664_C|A,22674_C|T,22679_T|C,22686_C|T,22688_A|G,22775_G|A,22786_A|C,22813_G|T,22882_T|G,22895_G|C,22896_T|C,22898_G|A,22942_T|G,22992_G|A,22995_C|A,23013_A|C,23019_T|C,23031_T|C,23055_A|G,23063_A|T,23075_T|C,23403_A|G,23525_C|T,23599_T|G,23604_C|A,23854_C|A,23948_G|T,24424_A|T,24469_T|A,25000_C|T,25416_C|T,25584_C|T,26060_C|T,26270_C|T,26275_A|G,26577_C|G,26709_G|A,26858_C|T,27259_A|C,27382_G|C,27383_A|T,27384_T|C,27506_G|T,27807_C|T,28271_A|T,28311_C|T,28881_G|A,28882_G|A,28883_G|C,29510_A|C,11288_11296,21633_21641,21992_21994,28362_28370,29734_29759
England/PHEP-YYGFUQB/2023	XBB	241_C|T,405_A|G,510_G|A,670_T|G,1288_C|T,2790_C|T,3037_C|T,3571_T|C,4184_G|A,4321_C|T,8569_T|C,9344_C|T,9424_A|G,9534_C|T,9866_C|T,10029_C|T,10198_C|T,10447_G|A,10449_C|A,12880_C|T,13845_T|C,14408_C|T,15451_G|A,15714_C|T,15738_C|T,15939_T|C,16342_T|C,17410_C|T,17859_T|C,18163_A|G,19326_A|G,19397_A|C,19459_A|G,19955_C|T,20055_A|G,21618_C|T,21810_T|C,21987_G|A,22000_C|A,22109_C|G,22200_T|A,22577_G|C,22578_G|A,22599_G|C,22664_C|A,22674_C|T,22679_T|C,22686_C|T,22688_A|G,22775_G|A,22786_A|C,22813_G|T,22882_T|G,22895_G|C,22896_T|C,22898_G|A,22942_T|G,22992_G|A,22995_C|A,23013_A|C,23019_T|C,23031_T|C,23055_A|G,23063_A|T,23075_T|C,23325_C|T,23403_A|G,23525_C|T,23599_T|G,23604_C|A,23854_C|A,23948_G|T,24424_A|T,24469_T|A,25000_C|T,25416_C|T,25584_C|T,26060_C|T,26270_C|T,26275_A|G,26577_C|G,26709_G|A,26858_C|T,27259_A|C,27382_G|C,27383_A|T,27384_T|C,27807_C|T,28271_A|T,28311_C|T,28881_G|A,28882_G|A,28883_G|C,29510_A|C,11288_11296,21633_21641,21992_21994,28362_28370,29734_29759
England/PHEP-YYGN7BZ/2022	XBB	241_C|T,405_A|G,510_G|A,670_T|G,1288_C|T,2790_C|T,3037_C|T,4184_G|A,4321_C|T,9344_C|T,9424_A|G,9534_C|T,9866_C|T,10029_C|T,10198_C|T,10447_G|A,10449_C|A,12880_C|T,14408_C|T,15451_G|A,15714_C|T,15738_C|T,15939_T|C,16342_T|C,17410_C|T,17859_T|C,18163_A|G,19326_A|G,19397_A|C,19459_A|G,19955_C|T,20055_A|G,21366_A|C,21618_C|T,21810_T|C,21987_G|A,21998_C|A,22000_C|A,22109_C|G,22200_T|A,22577_G|C,22578_G|A,22599_G|C,22664_C|A,22674_C|T,22679_T|C,22686_C|T,22688_A|G,22775_G|A,22786_A|C,22813_G|T,22882_T|G,22895_G|C,22896_T|C,22898_G|A,22942_T|G,22992_G|A,22995_C|A,23013_A|C,23019_T|C,23031_T|C,23055_A|G,23063_A|T,23075_T|C,23403_A|G,23525_C|T,23599_T|G,23604_C|A,23854_C|A,23948_G|T,24364_T|A,24424_A|T,24469_T|A,25000_C|T,25416_C|T,25584_C|T,26060_C|T,26270_C|T,26275_A|G,26577_C|G,26709_G|A,26858_C|T,27259_A|C,27382_G|C,27383_A|T,27384_T|C,27807_C|T,28271_A|T,28311_C|T,28881_G|A,28882_G|A,28883_G|C,29510_A|C,11288_11296,21633_21641,21992_21994,28362_28370,29734_29759
England/QEUH-325B2227/2022	XBB	241_C|T,405_A|G,510_G|A,670_T|G,1377_C|T,2790_C|T,3037_C|T,4184_G|A,4321_C|T,5518_G|A,9344_C|T,9424_A|G,9534_C|T,9866_C|T,10029_C|T,10198_C|T,10447_G|A,10449_C|A,12880_C|T,14408_C|T,15451_G|A,15714_C|T,15738_C|T,15939_T|C,16342_T|C,17410_C|T,17859_T|C,18163_A|G,19326_A|G,19955_C|T,20055_A|G,21364_C|T,21618_C|T,21810_T|C,21987_G|A,22000_C|A,22109_C|G,22200_T|A,22577_G|C,22578_G|A,22599_G|C,22664_C|A,22674_C|T,22679_T|C,22686_C|T,22688_A|G,22775_G|A,22786_A|C,22813_G|T,22882_T|G,22895_G|C,22896_T|C,22898_G|A,22942_T|G,22992_G|A,22995_C|A,23013_A|C,23019_T|C,23031_T|C,23055_A|G,23063_A|T,23075_T|C,23403_A|G,23525_C|T,23599_T|G,23604_C|A,23854_C|A,23948_G|T,24424_A|T,24469_T|A,25000_C|T,25416_C|T,25584_C|T,26060_C|T,26270_C|T,26275_A|G,26577_C|G,26709_G|A,26858_C|T,27259_A|C,27382_G|C,27383_A|T,27384_T|C,27807_C|T,28271_A|T,28311_C|T,28881_G|A,28882_G|A,28883_G|C,29510_A|C,11288_11296,21633_21641,21992_21994,28362_28370,29734_29759
England/QEUH-325C16CF/2022	XBB	241_C|T,405_A|G,510_G|A,670_T|G,2790_C|T,3037_C|T,4184_G|A,4321_C|T,9344_C|T,9424_A|G,9534_C|T,9866_C|T,10029_C|T,10198_C|T,10447_G|A,10449_C|A,12880_C|T,14408_C|T,15451_G|A,15714_C|T,15738_C|T,15939_T|C,16017_C|T,16342_T|C,17410_C|T,17859_T|C,18163_A|G,19326_A|G,19955_C|T,20055_A|G,21618_C|T,21810_T|C,21987_G|A,22000_C|A,22109_C|G,22200_T|A,22577_G|C,22578_G|A,22599_G|C,22664_C|A,22674_C|T,22679_T|C,22686_C|T,22688_A|G,22775_G|A,22786_A|C,22813_G|T,22882_T|G,22895_G|C,22896_T|C,22898_G|A,22942_T|G,22992_G|A,22995_C|A,23013_A|C,23019_T|C,23031_T|C,23055_A|G,23063_A|T,23075_T|C,23403_A|G,23525_C|T,23575_C|T,23599_T|G,23604_C|A,23854_C|A,23948_G|T,24424_A|T,24469_T|A,25000_C|T,25416_C|T,25584_C|T,26060_C|T,26270_C|T,26275_A|G,26577_C|G,26709_G|A,26858_C|T,27259_A|C,27382_G|C,27383_A|T,27384_T|C,27807_C|T,28271_A|T,28311_C|T,28881_G|A,28882_G|A,28883_G|C,29510_A|C,11288_11296,21633_21641,21992_21994,28362_28370,29734_29759
England/QEUH-325C2C26/2022	XBB	241_C|T,405_A|G,510_G|A,670_T|G,2790_C|T,3037_C|T,4184_G|A,4321_C|T,9344_C|T,9424_A|G,9534_C|T,9866_C|T,10029_C|T,10198_C|T,10447_G|A,10449_C|A,12880_C|T,14408_C|T,15451_G|A,15714_C|T,15738_C|T,15939_T|C,16342_T|C,17410_C|T,17859_T|C,18163_A|G,19326_A|G,19955_C|T,20055_A|G,21618_C|T,21810_T|C,21987_G|A,22000_C|A,22109_C|G,22200_T|A,22577_G|C,22578_G|A,22599_G|C,22664_C|A,22674_C|T,22679_T|C,22686_C|T,22688_A|G,22775_G|A,22786_A|C,22813_G|T,22882_T|G,22895_G|C,22896_T|C,22898_G|A,22942_T|G,22992_G|A,22995_C|A,23013_A|C,23019_T|C,23031_T|C,23055_A|G,23063_A|T,23075_T|C,23403_A|G,23525_C|T,23599_T|G,23604_C|A,23854_C|A,23948_G|T,24424_A|T,24469_T|A,24844_C|T,25000_C|T,25416_C|T,25428_T|C,25584_C|T,26060_C|T,26270_C|T,26275_A|G,26577_C|G,26709_G|A,26858_C|T,27259_A|C,27382_G|C,27383_A|T,27384_T|C,27807_C|T,28271_A|T,28311_C|T,28881_G|A,28882_G|A,28883_G|C,29510_A|C,11288_11296,21633_21641,21992_21994,28362_28370,29734_29759
England/QEUH-325C4204/2022	XBB	241_C|T,405_A|G,670_T|G,2790_C|T,3037_C|T,4184_G|A,4321_C|T,6312_C|T,9344_C|T,9424_A|G,9534_C|T,9693_C|T,9866_C|T,10029_C|T,10198_C|T,10447_G|A,10449_C|A,12880_C|T,14408_C|T,15451_G|A,15654_C|T,15714_C|T,15738_C|T,15939_T|C,16342_T|C,17410_C|T,17859_T|C,18163_A|G,19955_C|T,20055_A|G,21618_C|T,21810_T|C,21987_G|A,21998_C|A,22000_C|A,22109_C|G,22200_T|A,22577_G|C,22578_G|A,22599_G|C,22664_C|A,22674_C|T,22679_T|C,22686_C|T,22688_A|G,22775_G|A,22786_A|C,22813_G|T,22882_T|G,22895_G|C,22896_T|C,22898_G|A,22942_T|G,22992_G|A,22995_C|A,23013_A|C,23019_T|C,23031_T|C,23055_A|G,23063_A|T,23075_T|C,23403_A|G,23525_C|T,23599_T|G,23604_C|A,23854_C|A,23948_G|T,24424_A|T,24469_T|A,25000_C|T,25416_C|T,25584_C|T,26060_C|T,26270_C|T,26275_A|G,26577_C|G,26709_G|A,26858_C|T,27259_A|C,27382_G|C,27383_A|T,27384_T|C,27807_C|T,28271_A|T,28311_C|T,28881_G|A,28882_G|A,28883_G|C,29510_A|C,11288_11296,21633_21641,21992_21994,28362_28370,29734_29759
England/QEUH-325CA7C3/2022	XBB	241_C|T,405_A|G,510_G|A,670_T|G,2790_C|T,3037_C|T,4184_G|A,4321_C|T,9344_C|T,9424_A|G,9534_C|T,9866_C|T,10029_C|T,10198_C|T,10447_G|A,10449_C|A,12880_C|T,14408_C|T,15451_G|A,15714_C|T,15738_C|T,15939_T|C,16342_T|C,17410_C|T,17859_T|C,18163_A|G,19326_A|G,19955_C|T,20055_A|G,21618_C|T,21810_T|C,21987_G|A,22000_C|A,22109_C|G,22200_T|A,22577_G|C,22578_G|A,22599_G|C,22664_C|A,22674_C|T,22679_T|C,22686_C|T,22688_A|G,22775_G|A,22786_A|C,22813_G|T,22882_T|G,22895_G|C,22896_T|C,22898_G|A,22942_T|G,22992_G|A,22995_C|A,23013_A|C,23019_T|C,23031_T|C,23055_A|G,23063_A|T,23075_T|C,23403_A|G,23525_C|T,23599_T|G,23604_C|A,23854_C|A,23948_G|T,24424_A|T,24469_T|A,24844_C|T,25000_C|T,25416_C|T,25428_T|C,25584_C|T,26060_C|T,26270_C|T,26275_A|G,26577_C|G,26709_G|A,26858_C|T,27259_A|C,27382_G|C,27383_A|T,27384_T|C,27807_C|T,28271_A|T,28311_C|T,28881_G|A,28882_G|A,28883_G|C,29510_A|C,11288_11296,21633_21641,21992_21994,28362_28370,29728_29754
England/QEUH-325CB759/2022	XBB	241_C|T,405_A|G,510_G|A,670_T|G,2790_C|T,3037_C|T,4184_G|A,4321_C|T,9344_C|T,9424_A|G,9534_C|T,9866_C|T,10029_C|T,10198_C|T,10447_G|A,10449_C|A,12880_C|T,14408_C|T,15451_G|A,15714_C|T,15738_C|T,15939_T|C,16342_T|C,17410_C|T,17859_T|C,18163_A|G,19326_A|G,19955_C|T,20055_A|G,21618_C|T,21810_T|C,21987_G|A,22000_C|A,22093_G|A,22109_C|G,22200_T|A,22577_G|C,22578_G|A,22599_G|C,22664_C|A,22674_C|T,22679_T|C,22686_C|T,22688_A|G,22775_G|A,22786_A|C,22813_G|T,22882_T|G,22895_G|C,22896_T|C,22898_G|A,22942_T|G,22992_G|A,22995_C|A,23013_A|C,23019_T|C,23031_T|C,23055_A|G,23063_A|T,23075_T|C,23403_A|G,23525_C|T,23599_T|G,23604_C|A,23673_C|T,23854_C|A,23948_G|T,24424_A|T,24469_T|A,25000_C|T,25416_C|T,25584_C|T,25968_A|G,26060_C|T,26270_C|T,26275_A|G,26577_C|G,26709_G|A,26858_C|T,27259_A|C,27382_G|C,27383_A|T,27384_T|C,27807_C|T,28271_A|T,28311_C|T,28881_G|A,28882_G|A,28883_G|C,29510_A|C,11288_11296,21633_21641,21992_21994,28362_28370,29734_29759
England/QEUH-325CB786/2022	XBB	241_C|T,405_A|G,670_T|G,2790_C|T,3037_C|T,4184_G|A,4321_C|T,6312_C|T,8172_C|T,9344_C|T,9424_A|G,9534_C|T,9693_C|T,9866_C|T,10029_C|T,10198_C|T,10447_G|A,10449_C|A,12880_C|T,14408_C|T,15451_G|A,15654_C|T,15714_C|T,15738_C|T,15939_T|C,16342_T|C,17410_C|T,17859_T|C,18163_A|G,19875_C|T,19955_C|T,20055_A|G,21618_C|T,21810_T|C,21987_G|A,21998_C|A,22000_C|A,22109_C|G,22200_T|A,22577_G|C,22578_G|A,22599_G|C,22664_C|A,22674_C|T,22679_T|C,22686_C|T,22688_A|G,22775_G|A,22786_A|C,22813_G|T,22882_T|G,22895_G|C,22896_T|C,22898_G|A,22942_T|G,22992_G|A,22995_C|A,23013_A|C,23019_T|C,23031_T|C,23055_A|G,23063_A|T,23075_T|C,23403_A|G,23525_C|T,23599_T|G,23604_C|A,23854_C|A,23948_G|T,24424_A|T,24469_T|A,25000_C|T,25416_C|T,25584_C|T,26060_C|T,26270_C|T,26275_A|G,26577_C|G,26709_G|A,26858_C|T,27259_A|C,27382_G|C,27383_A|T,27384_T|C,27807_C|T,28271_A|T,28311_C|T,28881_G|A,28882_G|A,28883_G|C,29510_A|C,11288_11296,21633_21641,21992_21994,28362_28370,29734_29759
England/QEUH-325DF7AD/2022	XBB	241_C|T,405_A|G,495_G|A,670_T|G,2790_C|T,3037_C|T,4184_G|A,4321_C|T,6312_C|T,7042_G|T,9344_C|T,9424_A|G,9534_C|T,9693_C|T,9866_C|T,10029_C|T,10198_C|T,10447_G|A,10449_C|A,12880_C|T,14408_C|T,15451_G|A,15654_C|T,15714_C|T,15738_C|T,15939_T|C,16342_T|C,17410_C|T,17859_T|C,18163_A|G,19955_C|T,20055_A|G,21618_C|T,21810_T|C,21987_G|A,21998_C|A,22000_C|A,22109_C|G,22200_T|A,22577_G|C,22578_G|A,22599_G|C,22664_C|A,22674_C|T,22679_T|C,22686_C|T,22688_A|G,22775_G|A,22786_A|C,22813_G|T,22882_T|G,22895_G|C,22896_T|C,22898_G|A,22942_T|G,22992_G|A,22995_C|A,23013_A|C,23019_T|C,23031_T|C,23055_A|G,23063_A|T,23075_T|C,23403_A|G,23525_C|T,23599_T|G,23604_C|A,23854_C|A,23948_G|T,24424_A|T,24469_T|A,25000_C|T,25416_C|T,25584_C|T,26060_C|T,26270_C|T,26275_A|G,26577_C|G,26709_G|A,26858_C|T,27259_A|C,27382_G|C,27383_A|T,27384_T|C,27807_C|T,28271_A|T,28311_C|T,28881_G|A,28882_G|A,28883_G|C,29510_A|C,11288_11296,21633_21641,21992_21994,28362_28370,29734_29759
England/QEUH-325EEC06/2022	XBB	241_C|T,405_A|G,541_C|T,670_T|G,2790_C|T,3037_C|T,4184_G|A,4321_C|T,9344_C|T,9424_A|G,9534_C|T,9866_C|T,10029_C|T,10165_C|T,10198_C|T,10447_G|A,10449_C|A,12880_C|T,14408_C|T,15451_G|A,15714_C|T,15738_C|T,15939_T|C,16342_T|C,17410_C|T,17859_T|C,18163_A|G,19326_A|G,19955_C|T,20055_A|G,21618_C|T,21810_T|C,21987_G|A,22000_C|A,22109_C|G,22200_T|A,22498_C|T,22577_G|C,22578_G|A,22599_G|C,22664_C|A,22674_C|T,22679_T|C,22686_C|T,22688_A|G,22775_G|A,22786_A|C,22813_G|T,22882_T|G,22895_G|C,22896_T|C,22898_G|A,22942_T|G,22992_G|A,22995_C|A,23013_A|C,23019_T|C,23031_T|C,23055_A|G,23063_A|T,23075_T|C,23403_A|G,23525_C|T,23599_T|G,23604_C|A,23854_C|A,23948_G|T,24424_A|T,24469_T|A,25000_C|T,25416_C|T,25584_C|T,26060_C|T,26270_C|T,26275_A|G,26577_C|G,26709_G|A,26858_C|T,27259_A|C,27382_G|C,27383_A|T,27384_T|C,27807_C|T,28271_A|T,28311_C|T,28881_G|A,28882_G|A,28883_G|C,29510_A|C,11288_11296,21633_21641,21992_21994,28362_28370,29734_29759
England/QEUH-325F754B/2022	XBB	241_C|T,405_A|G,510_G|A,670_T|G,2790_C|T,3037_C|T,4184_G|A,4321_C|T,9344_C|T,9352_T|C,9424_A|G,9534_C|T,9866_C|T,9929_G|A,10029_C|T,10198_C|T,10447_G|A,10449_C|A,12880_C|T,14408_C|T,15451_G|A,15714_C|T,15738_C|T,15939_T|C,16342_T|C,17410_C|T,17859_T|C,18163_A|G,19326_A|G,19955_C|T,20055_A|G,21618_C|T,21810_T|C,21987_G|A,22000_C|A,22109_C|G,22200_T|A,22577_G|C,22578_G|A,22599_G|C,22664_C|A,22674_C|T,22679_T|C,22686_C|T,22688_A|G,22775_G|A,22786_A|C,22813_G|T,22882_T|G,22895_G|C,22896_T|C,22898_G|A,22942_T|G,22992_G|A,22995_C|A,23013_A|C,23019_T|C,23031_T|C,23055_A|G,23063_A|T,23075_T|C,23403_A|G,23525_C|T,23599_T|G,23604_C|A,23854_C|A,23948_G|T,24424_A|T,24469_T|A,25000_C|T,25416_C|T,25584_C|T,26060_C|T,26270_C|T,26275_A|G,26577_C|G,26709_G|A,26858_C|T,27259_A|C,27382_G|C,27383_A|T,27384_T|C,27807_C|T,28271_A|T,28311_C|T,28881_G|A,28882_G|A,28883_G|C,29510_A|C,11288_11296,21633_21641,21992_21994,28362_28370,29734_29759
England/QEUH-32619DFF/2022	XBB	241_C|T,405_A|G,510_G|A,670_T|G,2790_C|T,3037_C|T,4184_G|A,4321_C|T,5518_G|A,9344_C|T,9424_A|G,9534_C|T,9866_C|T,10029_C|T,10198_C|T,10447_G|A,10449_C|A,10612_T|G,12880_C|T,14408_C|T,15451_G|A,15714_C|T,15738_C|T,15939_T|C,15951_C|T,16342_T|C,17410_C|T,17859_T|C,18163_A|G,19326_A|G,21618_C|T,21810_T|C,21987_G|A,22000_C|A,22109_C|G,22200_T|A,22577_G|C,22578_G|A,22599_G|C,22664_C|A,22674_C|T,22679_T|C,22686_C|T,22688_A|G,22775_G|A,22786_A|C,22813_G|T,22882_T|G,22895_G|C,22896_T|C,22898_G|A,22942_T|G,22992_G|A,22995_C|A,23013_A|C,23019_T|C,23031_T|C,23055_A|G,23063_A|T,23075_T|C,23403_A|G,23525_C|T,23599_T|G,23604_C|A,23854_C|A,23948_G|T,24424_A|T,24469_T|A,25000_C|T,25416_C|T,25584_C|T,26060_C|T,26270_C|T,26275_A|G,26577_C|G,26709_G|A,26858_C|T,27259_A|C,27382_G|C,27383_A|T,27384_T|C,27807_C|T,28271_A|T,28311_C|T,28881_G|A,28882_G|A,28883_G|C,29510_A|C,11288_11296,21633_21641,21992_21994,28362_28370,29734_29759
England/QEUH-3261D696/2022	XBB	241_C|T,405_A|G,510_G|A,670_T|G,2790_C|T,3037_C|T,4184_G|A,4321_C|T,5518_G|A,9344_C|T,9424_A|G,9534_C|T,9866_C|T,10029_C|T,10198_C|T,10447_G|A,10449_C|A,12223_G|T,12880_C|T,14408_C|T,15451_G|A,15714_C|T,15738_C|T,15939_T|C,16342_T|C,17410_C|T,17859_T|C,18163_A|G,19326_A|G,19955_C|T,20055_A|G,21618_C|T,21810_T|C,21987_G|A,22000_C|A,22109_C|G,22200_T|A,22577_G|C,22578_G|A,22599_G|C,22664_C|A,22674_C|T,22679_T|C,22686_C|T,22688_A|G,22775_G|A,22786_A|C,22813_G|T,22882_T|G,22895_G|C,22896_T|C,22898_G|A,22942_T|G,22992_G|A,22995_C|A,23013_A|C,23019_T|C,23031_T|C,23055_A|G,23063_A|T,23075_T|C,23403_A|G,23525_C|T,23599_T|G,23604_C|A,23854_C|A,23948_G|T,24424_A|T,24469_T|A,25000_C|T,25416_C|T,25584_C|T,26060_C|T,26270_C|T,26275_A|G,26577_C|G,26709_G|A,26858_C|T,27259_A|C,27382_G|C,27383_A|T,27384_T|C,27807_C|T,28271_A|T,28311_C|T,28881_G|A,28882_G|A,28883_G|C,28979_G|A,29510_A|C,29543_G|T,11288_11296,21633_21641,21992_21994,28362_28370,29734_29759
England/QEUH-3263233A/2022	XBB	207_C|T,241_C|T,405_A|G,510_G|A,670_T|G,2790_C|T,3037_C|T,4184_G|A,4321_C|T,4427_T|C,9344_C|T,9424_A|G,9534_C|T,9866_C|T,10029_C|T,10198_C|T,10447_G|A,10449_C|A,12880_C|T,13335_C|T,14408_C|T,15426_A|G,15451_G|A,15714_C|T,15738_C|T,15939_T|C,16342_T|C,17410_C|T,17859_T|C,18163_A|G,19326_A|G,19955_C|T,20055_A|G,21618_C|T,21810_T|C,21987_G|A,22000_C|A,22109_C|G,22200_T|A,22577_G|C,22578_G|A,22599_G|C,22664_C|A,22674_C|T,22679_T|C,22686_C|T,22688_A|G,22775_G|A,22786_A|C,22813_G|T,22882_T|G,22895_G|C,22896_T|C,22898_G|A,22942_T|G,22992_G|A,22995_C|A,23013_A|C,23019_T|C,23031_T|C,23055_A|G,23063_A|T,23075_T|C,23123_C|A,23403_A|G,23525_C|T,23599_T|G,23604_C|A,23854_C|A,23948_G|T,24424_A|T,24469_T|A,25000_C|T,25416_C|T,25584_C|T,26060_C|T,26270_C|T,26275_A|G,26577_C|G,26709_G|A,26858_C|T,27259_A|C,27382_G|C,27383_A|T,27384_T|C,27807_C|T,28271_A|T,28311_C|T,28881_G|A,28882_G|A,28883_G|C,29510_A|C,11288_11296,21633_21641,21992_21994,28362_28370,29734_29759
England/QEUH-32636934/2022	XBB	241_C|T,405_A|G,670_T|G,2790_C|T,3037_C|T,4184_G|A,4321_C|T,6587_A|C,9344_C|T,9424_A|G,9534_C|T,9866_C|T,10029_C|T,10198_C|T,10447_G|A,10449_C|A,12880_C|T,14408_C|T,15451_G|A,15714_C|T,15738_C|T,15939_T|C,16342_T|C,17410_C|T,17859_T|C,18163_A|G,19326_A|G,19955_C|T,21618_C|T,21810_T|C,21987_G|A,22000_C|A,22109_C|G,22200_T|A,22577_G|C,22578_G|A,22599_G|C,22664_C|A,22674_C|T,22679_T|C,22686_C|T,22688_A|G,22775_G|A,22786_A|C,22813_G|T,22882_T|G,22895_G|C,22896_T|C,22898_G|A,22942_T|G,22992_G|A,22995_C|A,23013_A|C,23019_T|C,23031_T|C,23055_A|G,23063_A|T,23075_T|C,23403_A|G,23525_C|T,23599_T|G,23604_C|A,23854_C|A,23948_G|T,24424_A|T,24469_T|A,25000_C|T,25416_C|T,25584_C|T,26060_C|T,26270_C|T,26275_A|G,26577_C|G,26709_G|A,26858_C|T,27259_A|C,27382_G|C,27383_A|T,27384_T|C,27807_C|T,27915_G|T,28271_A|T,28311_C|T,28371_G|T,28881_G|A,28882_G|A,28883_G|C,29510_A|C,11288_11296,21633_21641,21992_21994,28362_28370,29734_29759
England/QEUH-32639B0E/2022	XBB	241_C|T,405_A|G,510_G|A,670_T|G,2790_C|T,3037_C|T,4184_G|A,4321_C|T,5518_G|A,9344_C|T,9424_A|G,9534_C|T,9866_C|T,10029_C|T,10198_C|T,10447_G|A,10449_C|A,12223_G|T,12880_C|T,14408_C|T,15451_G|A,15714_C|T,15738_C|T,15939_T|C,16342_T|C,17410_C|T,17859_T|C,18163_A|G,19326_A|G,19955_C|T,20055_A|G,21618_C|T,21810_T|C,21987_G|A,22000_C|A,22109_C|G,22200_T|A,22577_G|C,22578_G|A,22599_G|C,22664_C|A,22674_C|T,22679_T|C,22686_C|T,22688_A|G,22775_G|A,22786_A|C,22813_G|T,22882_T|G,22895_G|C,22896_T|C,22898_G|A,22942_T|G,22992_G|A,22995_C|A,23013_A|C,23019_T|C,23031_T|C,23055_A|G,23063_A|T,23075_T|C,23403_A|G,23525_C|T,23599_T|G,23604_C|A,23854_C|A,23948_G|T,24424_A|T,24469_T|A,25000_C|T,25416_C|T,25584_C|T,26060_C|T,26270_C|T,26275_A|G,26577_C|G,26709_G|A,26858_C|T,27259_A|C,27382_G|C,27383_A|T,27384_T|C,27807_C|T,28271_A|T,28311_C|T,28881_G|A,28882_G|A,28883_G|C,29510_A|C,29543_G|T,11288_11296,21633_21641,21992_21994,28362_28370,29734_29759
England/QEUH-3263EB36/2022	XBB	241_C|T,405_A|G,510_G|A,657_C|T,670_T|G,1458_G|A,1542_G|A,2790_C|T,3037_C|T,4184_G|A,4321_C|T,5518_G|A,9344_C|T,9424_A|G,9534_C|T,9866_C|T,10029_C|T,10198_C|T,10447_G|A,10449_C|A,12880_C|T,13829_C|T,14408_C|T,15451_G|A,15714_C|T,15738_C|T,15939_T|C,16342_T|C,17410_C|T,17859_T|C,18163_A|G,19326_A|G,19955_C|T,20055_A|G,21618_C|T,21810_T|C,21987_G|A,22000_C|A,22109_C|G,22200_T|A,22577_G|C,22578_G|A,22599_G|C,22664_C|A,22674_C|T,22679_T|C,22686_C|T,22688_A|G,22775_G|A,22786_A|C,22813_G|T,22882_T|G,22895_G|C,22896_T|C,22898_G|A,22942_T|G,22992_G|A,22995_C|A,23013_A|C,23019_T|C,23031_T|C,23055_A|G,23063_A|T,23075_T|C,23403_A|G,23525_C|T,23599_T|G,23604_C|A,23854_C|A,23948_G|T,24424_A|T,24469_T|A,25000_C|T,25416_C|T,25584_C|T,26060_C|T,26270_C|T,26275_A|G,26577_C|G,26709_G|A,26858_C|T,27259_A|C,27382_G|C,27383_A|T,27384_T|C,27807_C|T,28271_A|T,28311_C|T,28881_G|A,28882_G|A,28883_G|C,29510_A|C,11288_11296,21633_21641,21992_21994,28362_28370,29734_29759
England/QEUH-326571F9/2022	XBB	241_C|T,405_A|G,510_G|A,670_T|G,1288_C|T,2790_C|T,3037_C|T,3634_C|T,4184_G|A,4321_C|T,9344_C|T,9424_A|G,9534_C|T,9866_C|T,10029_C|T,10198_C|T,10447_G|A,10449_C|A,12880_C|T,14408_C|T,15451_G|A,15714_C|T,15738_C|T,15939_T|C,16342_T|C,17410_C|T,17859_T|C,18163_A|G,19326_A|G,19397_A|C,19459_A|G,19955_C|T,19983_C|T,20055_A|G,21366_A|C,21618_C|T,21810_T|C,21987_G|A,22000_C|A,22109_C|G,22200_T|A,22577_G|C,22578_G|A,22599_G|C,22664_C|A,22674_C|T,22679_T|C,22686_C|T,22688_A|G,22775_G|A,22786_A|C,22813_G|T,22882_T|G,22895_G|C,22896_T|C,22898_G|A,22942_T|G,22992_G|A,22995_C|A,23013_A|C,23019_T|C,23031_T|C,23055_A|G,23063_A|T,23075_T|C,23403_A|G,23525_C|T,23599_T|G,23604_C|A,23854_C|A,23948_G|T,24364_T|A,24424_A|T,24469_T|A,25000_C|T,25416_C|T,25584_C|T,26060_C|T,26270_C|T,26275_A|G,26577_C|G,26709_G|A,26858_C|T,27259_A|C,27382_G|C,27383_A|T,27384_T|C,27807_C|T,28271_A|T,28311_C|T,28881_G|A,28882_G|A,28883_G|C,29510_A|C,11288_11296,21633_21641,21992_21994,28362_28370,29734_29759
England/QEUH-32664180/2022	XBB	241_C|T,405_A|G,510_G|A,670_T|G,1867_T|C,2790_C|T,3037_C|T,4184_G|A,4321_C|T,9344_C|T,9424_A|G,9534_C|T,9866_C|T,10029_C|T,10198_C|T,10447_G|A,10449_C|A,11914_A|G,12880_C|T,12970_C|T,14408_C|T,15451_G|A,15714_C|T,15738_C|T,15939_T|C,16342_T|C,16396_G|A,17410_C|T,17859_T|C,18163_A|G,19326_A|G,19955_C|T,20055_A|G,21618_C|T,21810_T|C,21987_G|A,22000_C|A,22109_C|G,22200_T|A,22577_G|C,22578_G|A,22599_G|C,22664_C|A,22674_C|T,22679_T|C,22686_C|T,22688_A|G,22775_G|A,22786_A|C,22813_G|T,22882_T|G,22895_G|C,22896_T|C,22898_G|A,22942_T|G,22992_G|A,22995_C|A,23013_A|C,23019_T|C,23031_T|C,23055_A|G,23063_A|T,23075_T|C,23403_A|G,23525_C|T,23599_T|G,23604_C|A,23854_C|A,23948_G|T,24424_A|T,24469_T|A,25000_C|T,25416_C|T,25584_C|T,26013_C|T,26060_C|T,26270_C|T,26275_A|G,26577_C|G,26709_G|A,26858_C|T,27259_A|C,27382_G|C,27383_A|T,27384_T|C,27559_C|T,27807_C|T,28271_A|T,28311_C|T,28881_G|A,28882_G|A,28883_G|C,29510_A|C,11288_11296,21633_21641,21992_21994,28362_28370,29734_29759
England/QEUH-32669886/2022	XBB	207_C|T,241_C|T,405_A|G,510_G|A,670_T|G,2790_C|T,3037_C|T,4184_G|A,4321_C|T,4427_T|C,9344_C|T,9424_A|G,9534_C|T,9866_C|T,10029_C|T,10198_C|T,10447_G|A,10449_C|A,12880_C|T,14408_C|T,15426_A|G,15451_G|A,15714_C|T,15738_C|T,15939_T|C,16342_T|C,17410_C|T,17859_T|C,18163_A|G,19326_A|G,19955_C|T,20055_A|G,21618_C|T,21810_T|C,21987_G|A,22000_C|A,22109_C|G,22200_T|A,22577_G|C,22578_G|A,22599_G|C,22664_C|A,22674_C|T,22679_T|C,22686_C|T,22688_A|G,22775_G|A,22786_A|C,22813_G|T,22882_T|G,22895_G|C,22896_T|C,22898_G|A,22942_T|G,22992_G|A,22995_C|A,23013_A|C,23019_T|C,23031_T|C,23055_A|G,23063_A|T,23075_T|C,23123_C|A,23403_A|G,23525_C|T,23599_T|G,23604_C|A,23854_C|A,23948_G|T,24424_A|T,24469_T|A,25000_C|T,25416_C|T,25584_C|T,26060_C|T,26270_C|T,26275_A|G,26577_C|G,26709_G|A,26858_C|T,27259_A|C,27382_G|C,27383_A|T,27384_T|C,27807_C|T,28271_A|T,28311_C|T,28881_G|A,28882_G|A,28883_G|C,29510_A|C,11288_11296,21633_21641,21992_21994,28362_28370,29734_29759
England/QEUH-326725A1/2022	XBB	207_C|T,241_C|T,405_A|G,510_G|A,670_T|G,2790_C|T,3037_C|T,4184_G|A,4321_C|T,4427_T|C,9344_C|T,9424_A|G,9534_C|T,9866_C|T,10029_C|T,10198_C|T,10447_G|A,10449_C|A,12880_C|T,13329_C|T,14408_C|T,15426_A|G,15451_G|A,15714_C|T,15738_C|T,15939_T|C,16342_T|C,17410_C|T,17859_T|C,18163_A|G,19326_A|G,19955_C|T,20055_A|G,21618_C|T,21810_T|C,21987_G|A,22000_C|A,22109_C|G,22200_T|A,22577_G|C,22578_G|A,22599_G|C,22664_C|A,22674_C|T,22679_T|C,22686_C|T,22688_A|G,22775_G|A,22786_A|C,22813_G|T,22882_T|G,22895_G|C,22896_T|C,22898_G|A,22942_T|G,22992_G|A,22995_C|A,23013_A|C,23019_T|C,23031_T|C,23055_A|G,23063_A|T,23075_T|C,23123_C|A,23403_A|G,23525_C|T,23599_T|G,23604_C|A,23854_C|A,23948_G|T,24424_A|T,24469_T|A,25000_C|T,25416_C|T,25584_C|T,26060_C|T,26270_C|T,26275_A|G,26577_C|G,26709_G|A,26858_C|T,27259_A|C,27382_G|C,27383_A|T,27384_T|C,27807_C|T,28271_A|T,28311_C|T,28881_G|A,28882_G|A,28883_G|C,29510_A|C,11288_11296,21633_21641,21992_21994,28362_28370,29734_29759
England/QEUH-3267CB4B/2022	XBB	241_C|T,405_A|G,670_T|G,1883_G|T,2790_C|T,3037_C|T,4184_G|A,4321_C|T,6312_C|T,7728_C|T,8360_A|G,9344_C|T,9424_A|G,9534_C|T,9866_C|T,10029_C|T,10198_C|T,10447_G|A,10449_C|A,12880_C|T,14408_C|T,15451_G|A,15714_C|T,15738_C|T,15848_C|A,15939_T|C,16342_T|C,17410_C|T,17859_T|C,18163_A|G,19955_C|T,20055_A|G,21618_C|T,21778_G|A,21810_T|C,21987_G|A,22000_C|A,22109_C|G,22200_T|A,22577_G|C,22578_G|A,22599_G|C,22664_C|A,22674_C|T,22679_T|C,22686_C|T,22688_A|G,22775_G|A,22786_A|C,22813_G|T,22882_T|G,22895_G|C,22896_T|C,22898_G|A,22942_T|G,22992_G|A,22995_C|A,23013_A|C,23019_T|C,23031_T|C,23055_A|G,23063_A|T,23075_T|C,23403_A|G,23525_C|T,23599_T|G,23604_C|A,23854_C|A,23948_G|T,24424_A|T,24469_T|A,25000_C|T,25416_C|T,25584_C|T,26060_C|T,26270_C|T,26275_A|G,26577_C|G,26709_G|A,26858_C|T,27259_A|C,27382_G|C,27383_A|T,27384_T|C,27807_C|T,28271_A|T,28311_C|T,28881_G|A,28882_G|A,28883_G|C,29510_A|C,11288_11296,21633_21641,21992_21994,28254,28362_28370,29734_29759
England/QEUH-32687FC9/2022	XBB	207_C|T,241_C|T,405_A|G,510_G|A,670_T|G,2790_C|T,3037_C|T,4184_G|A,4321_C|T,4427_T|C,9344_C|T,9424_A|G,9534_C|T,9866_C|T,10029_C|T,10198_C|T,10447_G|A,10449_C|A,12880_C|T,14408_C|T,15426_A|G,15451_G|A,15714_C|T,15738_C|T,15939_T|C,16342_T|C,17410_C|T,17859_T|C,18163_A|G,19326_A|G,19955_C|T,20055_A|G,21618_C|T,21810_T|C,21987_G|A,22000_C|A,22109_C|G,22200_T|A,22577_G|C,22578_G|A,22599_G|C,22664_C|A,22674_C|T,22679_T|C,22686_C|T,22688_A|G,22775_G|A,22786_A|C,22813_G|T,22882_T|G,22895_G|C,22896_T|C,22898_G|A,22942_T|G,22992_G|A,22995_C|A,23013_A|C,23019_T|C,23031_T|C,23055_A|G,23063_A|T,23075_T|C,23123_C|A,23403_A|G,23525_C|T,23599_T|G,23604_C|A,23854_C|A,23948_G|T,24424_A|T,24469_T|A,25000_C|T,25416_C|T,25584_C|T,26060_C|T,26270_C|T,26275_A|G,26577_C|G,26709_G|A,26858_C|T,27259_A|C,27382_G|C,27383_A|T,27384_T|C,27807_C|T,28271_A|T,28311_C|T,28881_G|A,28882_G|A,28883_G|C,29510_A|C,11288_11296,21633_21641,21992_21994,28362_28370,29734_29759
IND/NGS-1224/2022	XBB	44_C|T,241_C|T,405_A|G,670_T|G,2790_C|T,3037_C|T,4184_G|A,4321_C|T,9344_C|T,9424_A|G,9534_C|T,9866_C|T,10029_C|T,10198_C|T,10447_G|A,10449_C|A,12880_C|T,14408_C|T,15277_C|T,15451_G|A,15714_C|T,15738_C|T,15939_T|C,16342_T|C,17410_C|T,17859_T|C,18163_A|G,19326_A|G,19955_C|T,20055_A|G,21618_C|T,21987_G|A,22000_C|A,22109_C|G,22200_T|A,22577_G|C,22578_G|A,22599_G|C,22664_C|A,22674_C|T,22679_T|C,22686_C|T,22688_A|G,22775_G|A,22786_A|C,22813_G|T,22882_T|G,22895_G|C,22896_T|C,22898_G|A,22942_T|G,22992_G|A,22995_C|A,23013_A|C,23019_T|C,23031_T|C,23055_A|G,23063_A|T,23075_T|C,23403_A|G,23525_C|T,23599_T|G,23604_C|A,23854_C|A,23948_G|T,24424_A|T,24469_T|A,25000_C|T,25416_C|T,25584_C|T,26060_C|T,26270_C|T,26275_A|G,26577_C|G,26709_G|A,26858_C|T,27259_A|C,27382_G|C,27383_A|T,27384_T|C,27807_C|T,28271_A|T,28311_C|T,28881_G|A,28882_G|A,28883_G|C,29510_A|C,11288_11296,21633_21641,21813_21830,21992_21994,28362_28370,29734_29759
IND/NGS-1491/2023	XBB	44_C|T,241_C|T,403_T|C,405_A|G,510_G|A,670_T|G,2790_C|T,3037_C|T,4184_G|A,4321_C|T,5518_G|A,9344_C|T,9424_A|G,9534_C|T,9866_C|T,10029_C|T,10198_C|T,10447_G|A,10449_C|A,12880_C|T,14408_C|T,15451_G|A,15714_C|T,15738_C|T,15939_T|C,16342_T|C,17410_C|T,17859_T|C,18163_A|G,19326_A|G,19955_C|T,20055_A|G,21618_C|T,21987_G|A,22109_C|G,22200_T|A,22577_G|C,22578_G|A,22599_G|C,22664_C|A,22674_C|T,22679_T|C,22686_C|T,22688_A|G,22775_G|A,22786_A|C,22813_G|T,22882_T|G,22895_G|C,22896_T|C,22898_G|A,22942_T|G,22992_G|A,22995_C|A,23013_A|C,23019_T|C,23031_T|C,23055_A|G,23063_A|T,23075_T|C,23403_A|G,23525_C|T,23599_T|G,23604_C|A,23854_C|A,23948_G|T,24424_A|T,24469_T|A,25000_C|T,25416_C|T,25584_C|T,26060_C|T,26270_C|T,26275_A|G,26577_C|G,26709_G|A,26858_C|T,27259_A|C,27382_G|C,27383_A|T,27384_T|C,27807_C|T,28271_A|T,28311_C|T,28881_G|A,28882_G|A,28883_G|C,29510_A|C,29791_T|A
IND/Sample042/2022	XBB	44_C|T,241_C|T,405_A|G,670_T|G,2790_C|T,3037_C|T,3289_T|C,4184_G|A,4321_C|T,7465_T|C,9344_C|T,9424_A|G,9534_C|T,9866_C|T,10029_C|T,10198_C|T,10447_G|A,10449_C|A,12880_C|T,14408_C|T,15451_G|A,15714_C|T,15738_C|T,15939_T|C,16342_T|C,17410_C|T,17859_T|C,18163_A|G,19326_A|G,19459_A|G,19955_C|T,20055_A|G,21618_C|T,21810_T|C,21820_T|A,21987_G|A,22000_C|A,22109_C|G,22200_T|A,22577_G|C,22578_G|A,22599_G|C,22664_C|A,22674_C|T,22679_T|C,22686_C|T,22688_A|G,22775_G|A,22786_A|C,22813_G|T,22882_T|G,22895_G|C,22896_T|C,22898_G|A,22942_T|G,22992_G|A,22995_C|A,23013_A|C,23019_T|C,23031_T|C,23055_A|G,23063_A|T,23403_A|G,23525_C|T,23599_T|G,23604_C|A,23854_C|A,23948_G|T,24424_A|T,24469_T|A,25000_C|T,25416_C|T,25584_C|T,26060_C|T,26270_C|T,26275_A|G,26577_C|G,26709_G|A,26858_C|T,27259_A|C,27382_G|C,27383_A|T,27384_T|C,27807_C|T,28271_A|T,28311_C|T,28881_G|A,28882_G|A,28883_G|C,29510_A|C
IND/Sample163/2022	XBB	44_C|T,241_C|T,405_A|G,510_G|A,670_T|G,2790_C|T,3037_C|T,4184_G|A,4255_G|T,4321_C|T,5518_G|A,9344_C|T,9424_A|G,9534_C|T,9866_C|T,10029_C|T,10198_C|T,10447_G|A,10449_C|A,12880_C|T,14408_C|T,15451_G|A,15714_C|T,15738_C|T,15939_T|C,16342_T|C,17410_C|T,17859_T|C,18163_A|G,19326_A|G,19955_C|T,20055_A|G,21618_C|T,21987_G|A,22000_C|A,22109_C|G,22200_T|A,22577_G|C,22578_G|A,22599_G|C,22664_C|A,22674_C|T,22679_T|C,22686_C|T,22688_A|G,22775_G|A,22786_A|C,22813_G|T,22882_T|G,22895_G|C,22896_T|C,22898_G|A,22942_T|G,22992_G|A,22995_C|A,23013_A|C,23019_T|C,23031_T|C,23055_A|G,23063_A|T,23403_A|G,23479_T|C,23525_C|T,23599_T|G,23604_C|A,23854_C|A,23948_G|T,24424_A|T,24469_T|A,25000_C|T,25416_C|T,25584_C|T,26060_C|T,26270_C|T,26275_A|G,26577_C|G,26709_G|A,26858_C|T,27259_A|C,27382_G|C,27383_A|T,27384_T|C,27807_C|T,28271_A|T,28311_C|T,28881_G|A,28882_G|A,28883_G|C,29510_A|C
IND/Sample203/2022	XBB	44_C|T,241_C|T,405_A|G,510_G|A,670_T|G,2790_C|T,3037_C|T,4184_G|A,4321_C|T,5518_G|A,9344_C|T,9424_A|G,9534_C|T,9866_C|T,10029_C|T,10198_C|T,10447_G|A,10449_C|A,12880_C|T,14408_C|T,15451_G|A,15714_C|T,15738_C|T,15939_T|C,16342_T|C,17410_C|T,17859_T|C,18163_A|G,19326_A|G,19955_C|T,20055_A|G,21618_C|T,21987_G|A,22000_C|A,22109_C|G,22200_T|A,22577_G|C,22578_G|A,22599_G|C,22664_C|A,22674_C|T,22679_T|C,22686_C|T,22688_A|G,22775_G|A,22786_A|C,22813_G|T,22882_T|G,22895_G|C,22896_T|C,22898_G|A,22942_T|G,22992_G|A,22995_C|A,23013_A|C,23019_T|C,23031_T|C,23063_A|T,23075_T|C,23222_G|C,23403_A|G,23525_C|T,23599_T|G,23604_C|A,23854_C|A,23948_G|T,24424_A|T,24469_T|A,25000_C|T,25416_C|T,25584_C|T,26060_C|T,26270_C|T,26275_A|G,26577_C|G,26709_G|A,26858_C|T,27259_A|C,27382_G|C,27383_A|T,27384_T|C,27807_C|T,28271_A|T,28311_C|T,28881_G|A,28882_G|A,28883_G|C,29510_A|C,29811_T|C,29899_A|T,29900_A|T,29809,29814_29830,29835_29895
IND/Sample214/2022	XBB	44_C|T,241_C|T,405_A|G,510_G|A,670_T|G,2790_C|T,3037_C|T,4184_G|A,4321_C|T,5518_G|A,9344_C|T,9424_A|G,9534_C|T,9866_C|T,10029_C|T,10198_C|T,10447_G|A,10449_C|A,12880_C|T,14408_C|T,15451_G|A,15714_C|T,15738_C|T,15939_T|C,16342_T|C,17410_C|T,17859_T|C,18163_A|G,19326_A|G,19955_C|T,20055_A|G,21618_C|T,21987_G|A,22000_C|A,22109_C|G,22200_T|A,22577_G|C,22578_G|A,22599_G|C,22664_C|A,22674_C|T,22679_T|C,22686_C|T,22688_A|G,22775_G|A,22786_A|C,22813_G|T,22882_T|G,22895_G|C,22896_T|C,22898_G|A,22942_T|G,22992_G|A,22995_C|A,23013_A|C,23019_T|C,23031_T|C,23063_A|T,23075_T|C,23222_G|C,23403_A|G,23525_C|T,23599_T|G,23604_C|A,23854_C|A,23948_G|T,24424_A|T,24469_T|A,25000_C|T,25416_C|T,25584_C|T,26060_C|T,26270_C|T,26275_A|G,26577_C|G,26709_G|A,26858_C|T,27259_A|C,27382_G|C,27383_A|T,27384_T|C,27807_C|T,28271_A|T,28311_C|T,28881_G|A,28882_G|A,28883_G|C,29510_A|C,29811_T|C,29899_A|T,29900_A|T,29809,29814_29830,29835_29895
Northern_Ireland/QEUH-325EE87B/2022	XBB	241_C|T,405_A|G,510_G|A,670_T|G,1576_T|C,2790_C|T,3037_C|T,4184_G|A,4321_C|T,5518_G|A,8980_C|T,9344_C|T,9424_A|G,9534_C|T,9697_T|C,9866_C|T,10029_C|T,10198_C|T,10447_G|A,10449_C|A,12880_C|T,14408_C|T,15451_G|A,15714_C|T,15738_C|T,15939_T|C,16342_T|C,17410_C|T,17859_T|C,18163_A|G,18833_G|A,19326_A|G,19955_C|T,20055_A|G,21618_C|T,21810_T|C,21987_G|A,22000_C|A,22109_C|G,22200_T|A,22577_G|C,22578_G|A,22599_G|C,22664_C|A,22674_C|T,22679_T|C,22686_C|T,22688_A|G,22775_G|A,22786_A|C,22813_G|T,22882_T|G,22895_G|C,22896_T|C,22898_G|A,22942_T|G,22992_G|A,22995_C|A,23013_A|C,23019_T|C,23031_T|C,23055_A|G,23063_A|T,23075_T|C,23403_A|G,23525_C|T,23599_T|G,23604_C|A,23854_C|A,23948_G|T,24424_A|T,24469_T|A,25000_C|T,25416_C|T,25584_C|T,26060_C|T,26270_C|T,26275_A|G,26577_C|G,26709_G|A,26858_C|T,27259_A|C,27382_G|C,27383_A|T,27384_T|C,27807_C|T,28271_A|T,28311_C|T,28881_G|A,28882_G|A,28883_G|C,29510_A|C,11288_11296,21633_21641,21992_21994,28362_28370,29734_29759
Northern_Ireland/QEUH-32616EA4/2022	XBB	106_C|T,241_C|T,405_A|G,510_G|A,670_T|G,2790_C|T,3037_C|T,4184_G|A,4321_C|T,7783_T|C,9344_C|T,9424_A|G,9534_C|T,9866_C|T,10029_C|T,10198_C|T,10447_G|A,10449_C|A,12880_C|T,14408_C|T,14877_C|T,15451_G|A,15714_C|T,15738_C|T,15939_T|C,16342_T|C,17410_C|T,17859_T|C,18163_A|G,19326_A|G,19955_C|T,20055_A|G,21618_C|T,21777_G|T,21810_T|C,21987_G|A,22000_C|A,22109_C|G,22200_T|A,22530_C|T,22577_G|C,22578_G|A,22599_G|C,22664_C|A,22674_C|T,22679_T|C,22686_C|T,22688_A|G,22775_G|A,22786_A|C,22813_G|T,22882_T|G,22895_G|C,22896_T|C,22898_G|A,22942_T|G,22992_G|A,22995_C|A,23013_A|C,23019_T|C,23031_T|C,23055_A|G,23063_A|T,23075_T|C,23403_A|G,23525_C|T,23599_T|G,23604_C|A,23854_C|A,23948_G|T,24424_A|T,24469_T|A,24603_G|A,25000_C|T,25416_C|T,25584_C|T,26060_C|T,26270_C|T,26275_A|G,26577_C|G,26709_G|A,26858_C|T,27259_A|C,27382_G|C,27383_A|T,27384_T|C,27807_C|T,28271_A|T,28311_C|T,28881_G|A,28882_G|A,28883_G|C,29510_A|C,11288_11296,21633_21641,21992_21994,28362_28370,29734_29759
Northern_Ireland/QEUH-3263277A/2022	XBB	106_C|T,241_C|T,405_A|G,510_G|A,670_T|G,2790_C|T,3037_C|T,4184_G|A,4321_C|T,7783_T|C,9344_C|T,9424_A|G,9534_C|T,9866_C|T,10029_C|T,10198_C|T,10447_G|A,10449_C|A,12880_C|T,14408_C|T,14877_C|T,15451_G|A,15714_C|T,15738_C|T,15939_T|C,16342_T|C,17410_C|T,17859_T|C,18163_A|G,19326_A|G,19955_C|T,20055_A|G,21618_C|T,21777_G|T,21810_T|C,21987_G|A,22000_C|A,22109_C|G,22200_T|A,22530_C|T,22577_G|C,22578_G|A,22599_G|C,22664_C|A,22674_C|T,22679_T|C,22686_C|T,22688_A|G,22775_G|A,22786_A|C,22813_G|T,22882_T|G,22895_G|C,22896_T|C,22898_G|A,22942_T|G,22992_G|A,22995_C|A,23013_A|C,23019_T|C,23031_T|C,23055_A|G,23063_A|T,23075_T|C,23403_A|G,23525_C|T,23599_T|G,23604_C|A,23854_C|A,23948_G|T,24424_A|T,24469_T|A,24603_G|A,25000_C|T,25416_C|T,25584_C|T,26060_C|T,26270_C|T,26275_A|G,26577_C|G,26709_G|A,26858_C|T,27259_A|C,27382_G|C,27383_A|T,27384_T|C,27807_C|T,28271_A|T,28311_C|T,28881_G|A,28882_G|A,28883_G|C,29510_A|C,11288_11296,21633_21641,21992_21994,28362_28370,29734_29759
Northern_Ireland/QEUH-3266BC88/2022	XBB	241_C|T,405_A|G,510_G|A,670_T|G,2790_C|T,3037_C|T,3411_C|T,4184_G|A,4321_C|T,4456_C|T,6027_C|A,7969_T|C,9344_C|T,9424_A|G,9534_C|T,9866_C|T,10029_C|T,10198_C|T,10296_C|T,10447_G|A,10449_C|A,12880_C|T,14408_C|T,15451_G|A,15714_C|T,15738_C|T,15939_T|C,16342_T|C,16887_C|T,17410_C|T,17825_C|T,17859_T|C,18163_A|G,19326_A|G,19955_C|T,20055_A|G,21618_C|T,21802_T|C,21810_T|C,21987_G|A,22000_C|A,22109_C|G,22200_T|A,22577_G|C,22578_G|A,22599_G|C,22664_C|A,22674_C|T,22679_T|C,22686_C|T,22688_A|G,22775_G|A,22786_A|C,22813_G|T,22882_T|G,22895_G|C,22896_T|C,22898_G|A,22942_T|G,22992_G|A,22995_C|A,23013_A|C,23019_T|C,23031_T|C,23055_A|G,23063_A|T,23075_T|C,23403_A|G,23525_C|T,23599_T|G,23604_C|A,23854_C|A,23948_G|T,24424_A|T,24469_T|A,25000_C|T,25416_C|T,25584_C|T,26060_C|T,26270_C|T,26275_A|G,26577_C|G,26709_G|A,26858_C|T,27259_A|C,27382_G|C,27383_A|T,27384_T|C,27807_C|T,28271_A|T,28311_C|T,28685_G|T,28877_A|T,28878_G|C,28881_G|A,28882_G|A,28883_G|C,29510_A|C,11288_11296,21633_21641,21992_21994,28362_28370,29734_29759
Northern_Ireland/QEUH-32672A0C/2022	XBB	106_C|T,241_C|T,405_A|G,510_G|A,670_T|G,2790_C|T,3037_C|T,3041_C|A,4184_G|A,4321_C|T,7783_T|C,9344_C|T,9424_A|G,9534_C|T,9866_C|T,10029_C|T,10198_C|T,10447_G|A,10449_C|A,12880_C|T,14408_C|T,14877_C|T,15451_G|A,15714_C|T,15738_C|T,15939_T|C,16342_T|C,17410_C|T,17859_T|C,18163_A|G,19326_A|G,19955_C|T,20055_A|G,21618_C|T,21777_G|T,21810_T|C,21987_G|A,22000_C|A,22109_C|G,22200_T|A,22530_C|T,22577_G|C,22578_G|A,22599_G|C,22664_C|A,22674_C|T,22679_T|C,22686_C|T,22688_A|G,22775_G|A,22786_A|C,22813_G|T,22882_T|G,22895_G|C,22896_T|C,22898_G|A,22942_T|G,22992_G|A,22995_C|A,23013_A|C,23019_T|C,23031_T|C,23055_A|G,23063_A|T,23075_T|C,23403_A|G,23525_C|T,23599_T|G,23604_C|A,23854_C|A,23948_G|T,24424_A|T,24469_T|A,24603_G|A,25000_C|T,25416_C|T,25584_C|T,26060_C|T,26270_C|T,26275_A|G,26577_C|G,26709_G|A,26858_C|T,27259_A|C,27382_G|C,27383_A|T,27384_T|C,27807_C|T,28271_A|T,28311_C|T,28881_G|A,28882_G|A,28883_G|C,29510_A|C,11288_11296,21633_21641,21992_21994,28362_28370,29734_29759
Northern_Ireland/QEUH-3268281E/2022	XBB	241_C|T,405_A|G,670_T|G,2790_C|T,3037_C|T,4184_G|A,4321_C|T,9344_C|T,9424_A|G,9534_C|T,9866_C|T,10029_C|T,10198_C|T,10447_G|A,10449_C|A,11416_C|T,12880_C|T,13665_C|A,14408_C|T,15451_G|A,15714_C|T,15738_C|T,15939_T|C,16342_T|C,17410_C|T,17859_T|C,18163_A|G,19326_A|G,19955_C|T,20055_A|G,21618_C|T,21810_T|C,21987_G|A,22000_C|A,22109_C|G,22200_T|A,22577_G|C,22578_G|A,22599_G|C,22664_C|A,22674_C|T,22679_T|C,22686_C|T,22688_A|G,22775_G|A,22786_A|C,22813_G|T,22882_T|G,22895_G|C,22896_T|C,22898_G|A,22942_T|G,22992_G|A,22995_C|A,23013_A|C,23019_T|C,23029_C|T,23031_T|C,23055_A|G,23063_A|T,23075_T|C,23403_A|G,23525_C|T,23599_T|G,23604_C|A,23854_C|A,23948_G|T,24424_A|T,24469_T|A,25000_C|T,25416_C|T,25584_C|T,26060_C|T,26270_C|T,26275_A|G,26577_C|G,26709_G|A,26858_C|T,27259_A|C,27382_G|C,27383_A|T,27384_T|C,27807_C|T,28271_A|T,28310_C|T,28311_C|T,28881_G|A,28882_G|A,28883_G|C,29510_A|C,11288_11296,21633_21641,21992_21994,28362_28370,29734_29759
OX942414	XBB	241_C|T,304_C|T,405_A|G,510_G|A,670_T|G,2790_C|T,3037_C|T,4184_G|A,4321_C|T,7764_C|T,9344_C|T,9424_A|G,9534_C|T,9866_C|T,10029_C|T,10198_C|T,10447_G|A,10449_C|A,12880_C|T,14408_C|T,15451_G|A,15714_C|T,15738_C|T,15939_T|C,16342_T|C,17410_C|T,17859_T|C,18163_A|G,18396_T|A,18398_T|C,19326_A|G,19586_C|T,19955_C|T,20055_A|G,21618_C|T,21810_T|C,21958_A|G,21987_G|A,22000_C|A,22109_C|G,22200_T|A,22256_G|A,22577_G|C,22578_G|A,22599_G|C,22664_C|A,22674_C|T,22679_T|C,22686_C|T,22688_A|G,22775_G|A,22786_A|C,22813_G|T,22882_T|G,22895_G|C,22896_T|C,22898_G|A,22942_T|G,22992_G|A,22995_C|A,23013_A|C,23019_T|C,23031_T|C,23055_A|G,23063_A|T,23075_T|C,23403_A|G,23405_G|T,23525_C|T,23599_T|G,23604_C|A,23647_C|T,23854_C|A,23948_G|T,24040_G|T,24424_A|T,24469_T|A,25000_C|T,25235_A|G,25416_C|T,25584_C|T,26060_C|T,26270_C|T,26275_A|G,26577_C|G,26709_G|A,26858_C|T,27259_A|C,27382_G|C,27383_A|T,27384_T|C,27807_C|T,28271_A|T,28311_C|T,28881_G|A,28882_G|A,28883_G|C,29510_A|C,11288_11296,21633_21641,21992_21994,28362_28370
OX942987	XBB	241_C|T,405_A|G,510_G|A,670_T|G,2790_C|T,3037_C|T,4184_G|A,4321_C|T,7050_A|G,7765_C|T,9344_C|T,9424_A|G,9534_C|T,9866_C|T,10029_C|T,10198_C|T,10447_G|A,10449_C|A,12283_T|C,12880_C|T,13426_C|T,14408_C|T,15451_G|A,15714_C|T,15738_C|T,15939_T|C,16342_T|C,17410_C|T,17859_T|C,18163_A|G,19326_A|G,19955_C|T,20055_A|G,21618_C|T,21810_T|C,21987_G|A,22000_C|A,22109_C|G,22200_T|A,22577_G|C,22578_G|A,22599_G|C,22664_C|A,22674_C|T,22679_T|C,22686_C|T,22688_A|G,22775_G|A,22786_A|C,22813_G|T,22882_T|G,22895_G|C,22896_T|C,22898_G|A,22942_T|G,22995_C|A,23013_A|C,23031_T|C,23055_A|G,23063_A|T,23075_T|C,23403_A|G,23525_C|T,23599_T|G,23604_C|A,23854_C|A,23948_G|T,24424_A|T,24469_T|A,24933_G|T,25000_C|T,25416_C|T,25584_C|T,26060_C|T,26270_C|T,26275_A|G,26577_C|G,26709_G|A,26858_C|T,27259_A|C,27382_G|C,27383_A|T,27384_T|C,27807_C|T,28311_C|T,28881_G|A,28882_G|A,28883_G|C,29510_A|C,11288_11296,21633_21641,21992_21994
OX945937	XBB	241_C|T,405_A|G,510_G|A,670_T|G,2003_C|T,2790_C|T,3037_C|T,4184_G|A,4321_C|T,6312_C|T,9344_C|T,9352_T|C,9424_A|G,9534_C|T,9866_C|T,9929_G|A,10029_C|T,10198_C|T,10447_G|A,10449_C|A,12880_C|T,14408_C|T,15451_G|A,15714_C|T,15738_C|T,15939_T|C,16342_T|C,17410_C|T,17859_T|C,18163_A|G,19326_A|G,19955_C|T,20055_A|G,21618_C|T,21810_T|C,22000_C|A,22109_C|G,22200_T|A,22577_G|C,22578_G|A,22599_G|C,22664_C|A,22674_C|T,22686_C|T,22688_A|G,22775_G|A,22786_A|C,22882_T|G,22942_T|G,22992_G|A,22995_C|A,23013_A|C,23019_T|C,23031_T|C,23055_A|G,23063_A|T,23075_T|C,23403_A|G,23525_C|T,23599_T|G,23604_C|A,23854_C|A,23948_G|T,24424_A|T,24469_T|A,25000_C|T,25416_C|T,25584_C|T,26060_C|T,26270_C|T,26275_A|G,26577_C|G,26709_G|A,26858_C|T,27259_A|C,27807_C|T,28271_A|T,28311_C|T,28881_G|A,29510_A|C,11288_11296,21633_21641,21992_21994,28362_28370,29734_29759
OX948182	XBB	207_C|T,241_C|T,405_A|G,510_G|A,670_T|G,683_C|T,2790_C|T,3037_C|T,4113_C|T,4184_G|A,4321_C|T,9344_C|T,9424_A|G,9534_C|T,9866_C|T,10029_C|T,10198_C|T,10447_G|A,10449_C|A,12116_C|T,12727_T|C,12792_A|G,12880_C|T,14408_C|T,15451_G|A,15714_C|T,15738_C|T,15939_T|C,16342_T|C,17410_C|T,17859_T|C,18163_A|G,19326_A|G,19955_C|T,20055_A|G,21618_C|T,21658_C|T,21810_T|C,21987_G|A,22000_C|A,22109_C|G,22200_T|A,22577_G|C,22578_G|A,22599_G|C,22664_C|A,22674_C|T,22679_T|C,22686_C|T,22688_A|G,22775_G|A,22786_A|C,22813_G|T,22882_T|G,22895_G|C,22896_T|C,22898_G|A,22942_T|G,22992_G|A,22995_C|A,23013_A|C,23031_T|C,23055_A|G,23063_A|T,23075_T|C,23403_A|G,23525_C|T,23599_T|G,23604_C|A,23854_C|A,23948_G|T,24424_A|T,24469_T|A,25000_C|T,25416_C|T,25584_C|T,26060_C|T,26270_C|T,26275_A|G,26577_C|G,26709_G|A,26858_C|T,27259_A|C,27382_G|C,27383_A|T,27384_T|C,27807_C|T,27979_A|T,28271_A|T,28311_C|T,28881_G|A,28882_G|A,28883_G|C,29510_A|C,11288_11296,21633_21641,21992_21994,28362_28370,29734_29759
OY020588	XBB	207_C|T,241_C|T,405_A|G,510_G|A,670_T|G,2790_C|T,3037_C|T,4184_G|A,4321_C|T,9344_C|T,9424_A|G,9534_C|T,9866_C|T,10029_C|T,10198_C|T,10447_G|A,10449_C|A,12727_T|C,12880_C|T,14408_C|T,15451_G|A,15714_C|T,15738_C|T,15939_T|C,16342_T|C,17410_C|T,17859_T|C,18163_A|G,19326_A|G,19955_C|T,20055_A|G,21618_C|T,21810_T|C,21987_G|A,22000_C|A,22109_C|G,22200_T|A,22577_G|C,22578_G|A,22599_G|C,22664_C|A,22674_C|T,22679_T|C,22686_C|T,22688_A|G,22775_G|A,22786_A|C,22813_G|T,22882_T|G,22895_G|C,22896_T|C,22898_G|A,22942_T|G,22992_G|A,22995_C|A,23013_A|C,23019_T|C,23031_T|C,23055_A|G,23063_A|T,23075_T|C,23403_A|G,23525_C|T,23599_T|G,23604_C|A,23854_C|A,23948_G|T,24424_A|T,24469_T|A,25000_C|T,25416_C|T,25584_C|T,26060_C|T,26270_C|T,26275_A|G,26577_C|G,26709_G|A,26858_C|T,27259_A|C,27382_G|C,27383_A|T,27384_T|C,27807_C|T,27979_A|T,28271_A|T,28311_C|T,28881_G|A,28882_G|A,28883_G|C,29510_A|C,11288_11296,21633_21641,21992_21994,28362_28370,29734_29759
OY050422	XBB	241_C|T,670_T|G,2790_C|T,3037_C|T,4184_G|A,4321_C|T,9344_C|T,9424_A|G,9534_C|T,9866_C|T,10029_C|T,10198_C|T,10447_G|A,10449_C|A,12880_C|T,14408_C|T,15714_C|T,17410_C|T,18163_A|G,19955_C|T,20055_A|G,21618_C|T,21987_G|A,22578_G|A,22599_G|C,22674_C|T,22679_T|C,22686_C|T,22688_A|G,22775_G|A,22813_G|T,22882_T|G,22942_T|G,22992_G|A,22995_C|A,23055_A|G,23063_A|T,23075_T|C,23403_A|G,23525_C|T,23599_T|G,23604_C|A,23854_C|A,23948_G|T,24424_A|T,24469_T|A,25000_C|T,25584_C|T,26060_C|T,26270_C|T,26577_C|G,26709_G|A,27807_C|T,28271_A|T,28311_C|T,28881_G|A,28882_G|A,28883_G|C,29510_A|C,11288_11296,21633_21641,28362_28370,29734_29759
OY058075	XBB	241_C|T,405_A|G,510_G|A,670_T|G,2790_C|T,3037_C|T,4184_G|A,4321_C|T,6617_G|T,9344_C|T,9424_A|G,9534_C|T,9866_C|T,10029_C|T,10198_C|T,10447_G|A,10449_C|A,12880_C|T,14408_C|T,15451_G|A,15714_C|T,15738_C|T,15939_T|C,16342_T|C,17410_C|T,17859_T|C,18163_A|G,19326_A|G,19955_C|T,20055_A|G,21618_C|T,21810_T|C,21987_G|A,22000_C|A,22109_C|G,22200_T|A,22577_G|C,22578_G|A,22599_G|C,22664_C|A,22674_C|T,22679_T|C,22686_C|T,22688_A|G,22775_G|A,22786_A|C,22882_T|G,22895_G|C,22896_T|C,22898_G|A,22942_T|G,22992_G|A,22995_C|A,23013_A|C,23019_T|C,23031_T|C,23055_A|G,23063_A|T,23075_T|C,23403_A|G,23525_C|T,23599_T|G,23604_C|A,23854_C|A,23948_G|T,24424_A|T,24469_T|A,25000_C|T,25416_C|T,25584_C|T,26060_C|T,26270_C|T,26275_A|G,26577_C|G,26709_G|A,26858_C|T,27259_A|C,27382_G|C,27383_A|T,27384_T|C,27807_C|T,27992_T|A,28271_A|T,28311_C|T,28881_G|A,28882_G|A,28883_G|C,29510_A|C,11288_11296,21633_21641,21992_21994,28362_28370,29734_29759
OY092859	XBB	241_C|T,405_A|G,510_G|A,670_T|G,2790_C|T,3037_C|T,4184_G|A,9344_C|T,9424_A|G,9534_C|T,9866_C|T,10029_C|T,10198_C|T,10447_G|A,10449_C|A,12880_C|T,14408_C|T,15451_G|A,15714_C|T,15738_C|T,15939_T|C,16131_A|G,16342_T|C,17410_C|T,17859_T|C,18163_A|G,19326_A|G,19955_C|T,20055_A|G,21618_C|T,21810_T|C,21987_G|A,22000_C|A,22200_T|A,22577_G|C,22578_G|A,22599_G|C,22664_C|A,22674_C|T,22679_T|C,22686_C|T,22688_A|G,22775_G|A,22786_A|C,22813_G|T,22942_T|G,22992_G|A,22995_C|A,23013_A|C,23019_T|C,23031_T|C,23055_A|G,23063_A|T,23075_T|C,23403_A|G,23525_C|T,23599_T|G,23604_C|A,23854_C|A,23948_G|T,24424_A|T,24469_T|A,25000_C|T,25416_C|T,25584_C|T,26060_C|T,26270_C|T,26275_A|G,26577_C|G,26709_G|A,26858_C|T,27259_A|C,27382_G|C,27383_A|T,27384_T|C,27807_C|T,28271_A|T,28311_C|T,28881_G|A,28882_G|A,28883_G|C,29510_A|C,29523_C|T,11288_11296,21633_21641,21992_21994,28362_28370,29734_29759
OY138123	XBB	241_C|T,405_A|G,510_G|A,2093_T|G,2434_C|T,2790_C|T,3037_C|T,4184_G|A,4321_C|T,8665_T|G,9344_C|T,9424_A|G,9534_C|T,9866_C|T,10029_C|T,10198_C|T,10447_G|A,10449_C|A,11782_A|G,12733_C|T,12880_C|T,14408_C|T,15451_G|A,15714_C|T,15738_C|T,15939_T|C,16342_T|C,17410_C|T,17859_T|C,18163_A|G,18861_A|T,19326_A|G,19955_C|T,20055_A|G,21618_C|T,21810_T|C,21987_G|A,22000_C|A,22109_C|G,22200_T|A,22577_G|C,22578_G|A,22599_G|C,22664_C|A,22674_C|T,22679_T|C,22686_C|T,22688_A|G,22775_G|A,22786_A|C,22813_G|T,22882_T|G,22895_G|C,22896_T|C,22898_G|A,22942_T|G,22992_G|A,22995_C|A,23013_A|C,23019_T|C,23031_T|C,23055_A|G,23063_A|T,23075_T|C,23403_A|G,23525_C|T,23599_T|G,23604_C|A,23854_C|A,23948_G|T,24424_A|T,24469_T|A,25000_C|T,25416_C|T,25584_C|T,25658_C|T,25692_C|T,26060_C|T,26270_C|T,26275_A|G,26709_G|A,26765_T|C,26858_C|T,27259_A|C,27382_G|C,27383_A|T,27384_T|C,27807_C|T,28271_A|T,28311_C|T,28881_G|A,28882_G|A,28883_G|C,29510_A|C,11288_11296,21633_21641,21992_21994,28362_28370,29734_29759
OY141125	XBB	241_C|T,405_A|G,510_G|A,601_C|T,670_T|G,1177_T|C,2790_C|T,3037_C|T,3431_G|T,4184_G|A,4321_C|T,9344_C|T,9424_A|G,9534_C|T,9866_C|T,10029_C|T,10198_C|T,10447_G|A,10449_C|A,12880_C|T,14408_C|T,15451_G|A,15714_C|T,15738_C|T,15939_T|C,16342_T|C,17410_C|T,17859_T|C,18163_A|G,19326_A|G,19955_C|T,20055_A|G,21618_C|T,21810_T|C,21987_G|A,22000_C|A,22109_C|G,22200_T|A,22577_G|C,22578_G|A,22599_G|C,22664_C|A,22674_C|T,22679_T|C,22686_C|T,22688_A|G,22775_G|A,22786_A|C,22813_G|T,22882_T|G,22895_G|C,22896_T|C,22898_G|A,22942_T|G,22992_G|A,22995_C|A,23013_A|C,23019_T|C,23031_T|C,23055_A|G,23063_A|T,23075_T|C,23170_C|A,23403_A|G,23525_C|T,23599_T|G,23604_C|A,23854_C|A,23948_G|T,24424_A|T,24469_T|A,25000_C|T,25416_C|T,25584_C|T,26060_C|T,26270_C|T,26275_A|G,26577_C|G,26709_G|A,26858_C|T,27259_A|C,27382_G|C,27383_A|T,27384_T|C,27807_C|T,28271_A|T,28311_C|T,28881_G|A,28882_G|A,28883_G|C,29510_A|C,11288_11296,21633_21641,21992_21994,28362_28370
OY168974	XBB	241_C|T,405_A|G,670_T|G,2790_C|T,3037_C|T,4184_G|A,4321_C|T,6312_C|T,9344_C|T,9424_A|G,9534_C|T,9866_C|T,10029_C|T,10198_C|T,10447_G|A,10449_C|A,12880_C|T,14408_C|T,14708_C|T,15451_G|A,15714_C|T,15738_C|T,15939_T|C,16342_T|C,17410_C|T,17859_T|C,18163_A|G,19955_C|T,20055_A|G,20262_A|G,21618_C|T,21810_T|C,21987_G|A,22000_C|A,22109_C|G,22200_T|A,22577_G|C,22578_G|A,22599_G|C,22664_C|A,22674_C|T,22679_T|C,22686_C|T,22688_A|G,22775_G|A,22786_A|C,22813_G|T,22882_T|G,22895_G|C,22896_T|C,22898_G|A,22942_T|G,22992_G|A,22995_C|A,23013_A|C,23019_T|C,23031_T|C,23055_A|G,23063_A|T,23075_T|C,23403_A|G,23525_C|T,23599_T|G,23604_C|A,23854_C|A,23948_G|T,24424_A|T,24469_T|A,25000_C|T,25416_C|T,25584_C|T,26060_C|T,26270_C|T,26275_A|G,26577_C|G,26709_G|A,27259_A|C,27382_G|C,27383_A|T,27384_T|C,27807_C|T,28271_A|T,28311_C|T,28881_G|A,28882_G|A,28883_G|C,29510_A|C,11288_11296,21633_21641,21992_21994,28362_28370,29734_29759
OY229437	XBB	44_C|T,241_C|T,670_T|G,2790_C|T,3037_C|T,4184_G|A,4321_C|T,9344_C|T,9424_A|G,9534_C|T,9866_C|T,10029_C|T,10198_C|T,10447_G|A,10449_C|A,12880_C|T,15451_G|A,15714_C|T,17410_C|T,18163_A|G,19955_C|T,20055_A|G,21618_C|T,21987_G|A,22317_G|T,22578_G|A,22674_C|T,22679_T|C,22686_C|T,22688_A|G,22775_G|A,22813_G|T,22882_T|G,22992_G|A,22995_C|A,23013_A|C,23019_T|C,23403_A|G,23525_C|T,23599_T|G,23604_C|A,23854_C|A,23948_G|T,24424_A|T,24469_T|A,25000_C|T,25416_C|T,25584_C|T,26060_C|T,26270_C|T,26275_A|G,26577_C|G,26709_G|A,27259_A|C,27807_C|T,28271_A|T,28311_C|T,28881_G|A,28882_G|A,28883_G|C,29510_A|C,11288_11296,21633_21641,28362_28370,29734_29759
OY234792	XBB	241_C|T,405_A|G,510_G|A,670_T|G,2790_C|T,3037_C|T,3237_A|G,4184_G|A,4321_C|T,5365_C|T,9344_C|T,9424_A|G,9534_C|T,9866_C|T,10029_C|T,10198_C|T,10447_G|A,10449_C|A,12880_C|T,14408_C|T,15451_G|A,15714_C|T,15738_C|T,15939_T|C,16342_T|C,17274_C|T,17410_C|T,17859_T|C,18163_A|G,19326_A|G,19955_C|T,20055_A|G,21618_C|T,21810_T|C,21987_G|A,22000_C|A,22109_C|G,22200_T|A,22577_G|C,22578_G|A,22599_G|C,22664_C|A,22674_C|T,22679_T|C,22686_C|T,22688_A|G,22775_G|A,22786_A|C,22813_G|T,22882_T|G,22895_G|C,22896_T|C,22898_G|A,22942_T|G,22992_G|A,22995_C|A,23013_A|C,23019_T|C,23031_T|C,23055_A|G,23063_A|T,23075_T|C,23403_A|G,23525_C|T,23599_T|G,23604_C|A,23854_C|A,23948_G|T,24424_A|T,24469_T|A,25000_C|T,25292_C|T,25416_C|T,25584_C|T,26060_C|T,26270_C|T,26275_A|G,26577_C|G,26709_G|A,26858_C|T,27259_A|C,27382_G|C,27383_A|T,27384_T|C,27807_C|T,28271_A|T,28311_C|T,28881_G|A,28882_G|A,28883_G|C,29510_A|C,11288_11296,21633_21641,21992_21994,28362_28370,29734_29759
OY237334	XBB	241_C|T,670_T|G,2790_C|T,3037_C|T,4184_G|A,4321_C|T,9344_C|T,9424_A|G,9534_C|T,9866_C|T,10029_C|T,10198_C|T,10447_G|A,10449_C|A,12513_C|T,12880_C|T,14408_C|T,15451_G|A,15714_C|T,15738_C|T,15939_T|C,16342_T|C,17410_C|T,17859_T|C,18163_A|G,19326_A|G,19955_C|T,20055_A|G,21618_C|T,21987_G|A,22577_G|C,22578_G|A,22599_G|C,22664_C|A,22674_C|T,22679_T|C,22686_C|T,22688_A|G,22775_G|A,22786_A|C,22813_G|T,22882_T|G,22895_G|C,22896_T|C,22898_G|A,22942_T|G,22992_G|A,22995_C|A,23013_A|C,23019_T|C,23031_T|C,23055_A|G,23063_A|T,23075_T|C,23403_A|G,23525_C|T,23599_T|G,23604_C|A,23854_C|A,23948_G|T,24424_A|T,24469_T|A,25000_C|T,25416_C|T,25584_C|T,26060_C|T,26270_C|T,26275_A|G,26577_C|G,26709_G|A,26858_C|T,27259_A|C,27382_G|C,27383_A|T,27384_T|C,27807_C|T,27915_G|T,28271_A|T,28311_C|T,28881_G|A,28882_G|A,28883_G|C,29510_A|C,11288_11296,21633_21641,28362_28370
OY296483	XBB	241_C|T,405_A|G,670_T|G,2790_C|T,3037_C|T,4184_G|A,4321_C|T,4965_C|T,5512_C|T,9344_C|T,9424_A|G,9534_C|T,9866_C|T,10029_C|T,10198_C|T,10447_G|A,10449_C|A,10747_C|T,12880_C|T,14408_C|T,15451_G|A,15714_C|T,15738_C|T,15939_T|C,16342_T|C,17410_C|T,17859_T|C,18163_A|G,19326_A|G,19955_C|T,19974_A|G,20055_A|G,20059_A|G,20334_A|T,21618_C|T,21810_T|C,21987_G|A,22000_C|A,22109_C|G,22200_T|A,22577_G|C,22578_G|A,22599_G|C,22664_C|A,22674_C|T,22679_T|C,22686_C|T,22688_A|G,22775_G|A,22786_A|C,22813_G|T,22882_T|G,22895_G|C,22896_T|C,22898_G|A,22942_T|G,22992_G|A,22995_C|A,23013_A|C,23019_T|C,23031_T|C,23055_A|G,23063_A|T,23075_T|C,23403_A|G,23525_C|T,23599_T|G,23604_C|A,23854_C|A,23948_G|T,24424_A|T,24469_T|A,25000_C|T,25416_C|T,25584_C|T,26060_C|T,26270_C|T,26275_A|G,26577_C|G,26709_G|A,26858_C|T,27259_A|C,27382_G|C,27383_A|T,27384_T|C,27393_C|T,27807_C|T,28271_A|T,28311_C|T,28881_G|A,28882_G|A,28883_G|C,29353_C|T,29510_A|C,11288_11296,21633_21641,28362_28370
OY307058	XBB	241_C|T,405_A|G,670_T|G,2790_C|T,3037_C|T,4184_G|A,4321_C|T,7164_C|T,9344_C|T,9424_A|G,9534_C|T,9866_C|T,10029_C|T,10198_C|T,10447_G|A,10449_C|A,12880_C|T,14408_C|T,15451_G|A,15714_C|T,15738_C|T,15939_T|C,16342_T|C,17410_C|T,17859_T|C,18163_A|G,19326_A|G,19955_C|T,20055_A|G,21618_C|T,21810_T|C,21987_G|A,22000_C|A,22109_C|G,22200_T|A,22577_G|C,22578_G|A,22599_G|C,22664_C|A,22674_C|T,22679_T|C,22686_C|T,22688_A|G,22775_G|A,22786_A|C,22813_G|T,22882_T|G,22895_G|C,22896_T|C,22898_G|A,22942_T|G,22992_G|A,22995_C|A,23013_A|C,23019_T|C,23031_T|C,23055_A|G,23063_A|T,23075_T|C,23403_A|G,23525_C|T,23599_T|G,23604_C|A,23854_C|A,23948_G|T,24424_A|T,24469_T|A,25000_C|T,25416_C|T,25481_G|A,25584_C|T,26060_C|T,26270_C|T,26275_A|G,26577_C|G,26709_G|A,26858_C|T,27259_A|C,27382_G|C,27383_A|T,27384_T|C,27807_C|T,28271_A|T,28311_C|T,28881_G|A,28882_G|A,28883_G|C,29510_A|C
OY316519	XBB	207_C|T,241_C|T,405_A|G,510_G|A,670_T|G,2790_C|T,3037_C|T,4184_G|A,4321_C|T,4427_T|C,8016_C|T,9344_C|T,9424_A|G,9534_C|T,9866_C|T,10029_C|T,10198_C|T,10447_G|A,10449_C|A,12880_C|T,14408_C|T,15426_A|G,15451_G|A,15714_C|T,15738_C|T,15939_T|C,16342_T|C,17410_C|T,17859_T|C,18163_A|G,19326_A|G,19955_C|T,20055_A|G,21618_C|T,21810_T|C,21987_G|A,21998_C|A,22000_C|A,22109_C|G,22200_T|A,22577_G|C,22578_G|A,22599_G|C,22664_C|A,22674_C|T,22679_T|C,22686_C|T,22688_A|G,22775_G|A,22786_A|C,22813_G|T,22882_T|G,22895_G|C,22896_T|C,22898_G|A,22942_T|G,22992_G|A,22995_C|A,23013_A|C,23019_T|C,23031_T|C,23055_A|G,23063_A|T,23075_T|C,23123_C|A,23403_A|G,23525_C|T,23599_T|G,23604_C|A,23854_C|A,23948_G|T,24424_A|T,24469_T|A,25000_C|T,25416_C|T,25584_C|T,26060_C|T,26270_C|T,26275_A|G,26577_C|G,26709_G|A,26858_C|T,27259_A|C,27382_G|C,27383_A|T,27384_T|C,27807_C|T,28271_A|T,28311_C|T,28881_G|A,28882_G|A,28883_G|C,29510_A|C,11288_11296,21633_21641,21992_21994,28362_28370,29734_29759
OY318020	XBB	207_C|T,241_C|T,405_A|G,510_G|A,670_T|G,811_C|T,2790_C|T,3037_C|T,4184_G|A,4321_C|T,9344_C|T,9424_A|G,9534_C|T,9866_C|T,10029_C|T,10198_C|T,10447_G|A,10449_C|A,12727_T|C,12880_C|T,14408_C|T,15451_G|A,15714_C|T,15738_C|T,15939_T|C,16342_T|C,17410_C|T,17859_T|C,18163_A|G,19326_A|G,19955_C|T,20055_A|G,21618_C|T,21810_T|C,21987_G|A,22000_C|A,22109_C|G,22200_T|A,22577_G|C,22578_G|A,22599_G|C,22664_C|A,22674_C|T,22679_T|C,22686_C|T,22688_A|G,22775_G|A,22786_A|C,22813_G|T,22882_T|G,22895_G|C,22896_T|C,22898_G|A,22942_T|G,22992_G|A,22995_C|A,23013_A|C,23019_T|C,23031_T|C,23055_A|G,23063_A|T,23075_T|C,23403_A|G,23525_C|T,23599_T|G,23604_C|A,23854_C|A,23948_G|T,24424_A|T,24469_T|A,25000_C|T,25416_C|T,25584_C|T,26060_C|T,26270_C|T,26275_A|G,26577_C|G,26709_G|A,26858_C|T,27259_A|C,27382_G|C,27383_A|T,27384_T|C,27807_C|T,27979_A|T,28271_A|T,28311_C|T,28881_G|A,28882_G|A,28883_G|C,29510_A|C,11288_11296,21633_21641,21992_21994,28362_28370,29734_29759
OY327344	XBB	241_C|T,405_A|G,670_T|G,2790_C|T,3037_C|T,4184_G|A,4321_C|T,9344_C|T,9424_A|G,9534_C|T,9866_C|T,10029_C|T,10198_C|T,10447_G|A,10449_C|A,12880_C|T,14408_C|T,15451_G|A,15714_C|T,15738_C|T,15939_T|C,16342_T|C,17410_C|T,17859_T|C,18163_A|G,19326_A|G,19955_C|T,20055_A|G,21618_C|T,21810_T|C,21811_C|T,21987_G|A,22000_C|A,22109_C|G,22200_T|A,22577_G|C,22578_G|A,22599_G|C,22664_C|A,22674_C|T,22686_C|T,22688_A|G,22775_G|A,22786_A|C,22813_G|T,22882_T|G,22895_G|C,22896_T|C,22898_G|A,22942_T|G,22992_G|A,22995_C|A,23013_A|C,23019_T|C,23031_T|C,23055_A|G,23063_A|T,23075_T|C,23403_A|G,23525_C|T,23599_T|G,23604_C|A,23854_C|A,23948_G|T,24424_A|T,24469_T|A,25000_C|T,25416_C|T,25584_C|T,26060_C|T,26270_C|T,26275_A|G,26577_C|G,26709_G|A,26858_C|T,27259_A|C,27382_G|C,27383_A|T,27384_T|C,27807_C|T,28271_A|T,28311_C|T,28881_G|A,28882_G|A,28883_G|C,29510_A|C,11288_11296,21633_21641,21992_21994,28362_28370,29734_29759
OY738454	XBB	241_C|T,405_A|G,510_G|A,670_T|G,2790_C|T,3037_C|T,4184_G|A,4321_C|T,5518_G|A,9344_C|T,9424_A|G,9534_C|T,9866_C|T,10029_C|T,10198_C|T,10447_G|A,10449_C|A,12223_G|T,12880_C|T,14408_C|T,15451_G|A,15714_C|T,15738_C|T,15939_T|C,16342_T|C,17410_C|T,17859_T|C,18163_A|G,19326_A|G,19955_C|T,20055_A|G,21618_C|T,21810_T|C,21987_G|A,22000_C|A,22109_C|G,22200_T|A,22577_G|C,22578_G|A,22599_G|C,22664_C|A,22674_C|T,22679_T|C,22686_C|T,22688_A|G,22775_G|A,22786_A|C,22813_G|T,22882_T|G,22895_G|C,22896_T|C,22898_G|A,22942_T|G,22992_G|A,22995_C|A,23013_A|C,23019_T|C,23031_T|C,23055_A|G,23063_A|T,23075_T|C,23403_A|G,23525_C|T,23599_T|G,23604_C|A,23854_C|A,23948_G|T,24424_A|T,24469_T|A,25000_C|T,25416_C|T,25584_C|T,26060_C|T,26270_C|T,26577_C|G,26709_G|A,26858_C|T,27259_A|C,27382_G|C,27383_A|T,27384_T|C,27807_C|T,28271_A|T,28311_C|T,28881_G|A,28882_G|A,28883_G|C,29510_A|C,29543_G|T,11288_11296,21633_21641,21992_21994,28362_28370,29734_29759
OY739877	XBB	241_C|T,405_A|G,510_G|A,670_T|G,2790_C|T,3037_C|T,4184_G|A,4321_C|T,5518_G|A,9344_C|T,9424_A|G,9534_C|T,9866_C|T,10029_C|T,10198_C|T,10447_G|A,10449_C|A,12223_G|T,12880_C|T,14408_C|T,15451_G|A,15714_C|T,15738_C|T,15939_T|C,16342_T|C,17410_C|T,17859_T|C,18163_A|G,19326_A|G,19955_C|T,20055_A|G,21618_C|T,21810_T|C,21987_G|A,22000_C|A,22109_C|G,22200_T|A,22577_G|C,22578_G|A,22599_G|C,22664_C|A,22674_C|T,22679_T|C,22686_C|T,22688_A|G,22775_G|A,22813_G|T,22882_T|G,22895_G|C,22896_T|C,22898_G|A,22942_T|G,22992_G|A,22995_C|A,23013_A|C,23019_T|C,23031_T|C,23055_A|G,23063_A|T,23075_T|C,23403_A|G,23525_C|T,23599_T|G,23604_C|A,23854_C|A,23948_G|T,24424_A|T,24469_T|A,25000_C|T,25416_C|T,25584_C|T,26060_C|T,26270_C|T,26577_C|G,26709_G|A,26858_C|T,27259_A|C,27382_G|C,27383_A|T,27384_T|C,27807_C|T,28271_A|T,28311_C|T,28881_G|A,28882_G|A,28883_G|C,29510_A|C,29543_G|T,11288_11296,21633_21641,21992_21994,28362_28370,29734_29759
OZ073040	XBB	241_C|T,405_A|G,510_G|A,670_T|G,2790_C|T,3037_C|T,4184_G|A,4321_C|T,5026_A|G,9344_C|T,9424_A|G,9534_C|T,9866_C|T,10029_C|T,10198_C|T,10447_G|A,10449_C|A,12880_C|T,14408_C|T,15451_G|A,15714_C|T,15738_C|T,15939_T|C,16342_T|C,17410_C|T,17859_T|C,18163_A|G,19326_A|G,19955_C|T,20055_A|G,21618_C|T,21810_T|C,21987_G|A,22000_C|A,22109_C|G,22200_T|A,22577_G|C,22578_G|A,22599_G|C,22664_C|A,22674_C|T,22679_T|C,22686_C|T,22688_A|G,22775_G|A,22786_A|C,22882_T|G,22895_G|C,22896_T|C,22898_G|A,22942_T|G,22992_G|A,22995_C|A,23013_A|C,23019_T|C,23031_T|C,23055_A|G,23063_A|T,23075_T|C,23403_A|G,23525_C|T,23599_T|G,23604_C|A,23854_C|A,23948_G|T,24424_A|T,24469_T|A,25000_C|T,25416_C|T,25584_C|T,26060_C|T,26270_C|T,26275_A|G,26577_C|G,26709_G|A,26858_C|T,27259_A|C,27382_G|C,27383_A|T,27384_T|C,27807_C|T,28271_A|T,28311_C|T,28881_G|A,28882_G|A,28883_G|C,29510_A|C,11288_11296,21633_21641,21992_21994,28362_28370,29734_29759
OZ073095	XBB	241_C|T,405_A|G,510_G|A,670_T|G,2790_C|T,3037_C|T,4184_G|A,4321_C|T,9344_C|T,9424_A|G,9534_C|T,9866_C|T,10029_C|T,10198_C|T,10447_G|A,10449_C|A,12880_C|T,14408_C|T,15451_G|A,15714_C|T,15738_C|T,15939_T|C,16342_T|C,17410_C|T,17859_T|C,18163_A|G,19326_A|G,19955_C|T,20055_A|G,21618_C|T,21810_T|C,21987_G|A,22000_C|A,22109_C|G,22200_T|A,22577_G|C,22578_G|A,22599_G|C,22664_C|A,22674_C|T,22679_T|C,22686_C|T,22688_A|G,22775_G|A,22786_A|C,22882_T|G,22895_G|C,22896_T|C,22898_G|A,22942_T|G,22992_G|A,22995_C|A,23013_A|C,23019_T|C,23031_T|C,23055_A|G,23063_A|T,23075_T|C,23403_A|G,23525_C|T,23599_T|G,23604_C|A,23854_C|A,23948_G|T,24424_A|T,24469_T|A,25000_C|T,25416_C|T,25584_C|T,26060_C|T,26270_C|T,26275_A|G,26577_C|G,26709_G|A,26858_C|T,27259_A|C,27382_G|C,27383_A|T,27384_T|C,27807_C|T,28271_A|T,28311_C|T,28881_G|A,28882_G|A,28883_G|C,29510_A|C,11288_11296,21633_21641,21992_21994,28362_28370,29734_29759
OZ073104	XBB	241_C|T,405_A|G,510_G|A,670_T|G,2790_C|T,3037_C|T,4184_G|A,4321_C|T,9344_C|T,9424_A|G,9534_C|T,9866_C|T,10029_C|T,10198_C|T,10447_G|A,10449_C|A,12880_C|T,14408_C|T,15451_G|A,15714_C|T,15738_C|T,15939_T|C,16342_T|C,17410_C|T,17859_T|C,18163_A|G,19326_A|G,19955_C|T,20055_A|G,21618_C|T,21810_T|C,21987_G|A,22000_C|A,22109_C|G,22200_T|A,22577_G|C,22578_G|A,22599_G|C,22664_C|A,22674_C|T,22679_T|C,22686_C|T,22688_A|G,22775_G|A,22786_A|C,22813_G|T,22882_T|G,22895_G|C,22896_T|C,22898_G|A,22942_T|G,22992_G|A,22995_C|A,23013_A|C,23019_T|C,23031_T|C,23055_A|G,23063_A|T,23075_T|C,23403_A|G,23525_C|T,23599_T|G,23604_C|A,23854_C|A,23948_G|T,24424_A|T,24469_T|A,25000_C|T,25416_C|T,25584_C|T,26060_C|T,26270_C|T,26275_A|G,26577_C|G,26709_G|A,26858_C|T,27247_C|T,27259_A|C,27382_G|C,27383_A|T,27384_T|C,27807_C|T,28271_A|T,28311_C|T,28881_G|A,28882_G|A,28883_G|C,29510_A|C,11288_11296,21633_21641,21992_21994,28362_28370,29734_29759
OZ073131	XBB	241_C|T,405_A|G,510_G|A,670_T|G,2790_C|T,3037_C|T,4184_G|A,4321_C|T,4707_A|G,5206_G|A,9344_C|T,9424_A|G,9534_C|T,9866_C|T,9964_T|C,10029_C|T,10198_C|T,10447_G|A,10449_C|A,12880_C|T,14408_C|T,15451_G|A,15714_C|T,15738_C|T,15939_T|C,16342_T|C,17410_C|T,17859_T|C,18111_T|C,18163_A|G,19326_A|G,19955_C|T,20055_A|G,21618_C|T,21810_T|C,21987_G|A,22000_C|A,22109_C|G,22200_T|A,22577_G|C,22578_G|A,22599_G|C,22664_C|A,22674_C|T,22679_T|C,22686_C|T,22688_A|G,22775_G|A,22786_A|C,22882_T|G,22895_G|C,22896_T|C,22898_G|A,22942_T|G,22992_G|A,22995_C|A,23013_A|C,23019_T|C,23031_T|C,23055_A|G,23063_A|T,23075_T|C,23403_A|G,23525_C|T,23599_T|G,23604_C|A,23854_C|A,23948_G|T,24424_A|T,24469_T|A,25000_C|T,25416_C|T,25584_C|T,26060_C|T,26270_C|T,26275_A|G,26577_C|G,26709_G|A,26858_C|T,27259_A|C,27382_G|C,27383_A|T,27384_T|C,27807_C|T,28271_A|T,28311_C|T,28881_G|A,28882_G|A,28883_G|C,29237_A|G,29510_A|C,11288_11296,21633_21641,21992_21994,28362_28370,29734_29759
OZ073184	XBB	241_C|T,405_A|G,510_G|A,670_T|G,2790_C|T,3037_C|T,4184_G|A,4321_C|T,5026_A|G,9344_C|T,9424_A|G,9534_C|T,9866_C|T,10029_C|T,10198_C|T,10447_G|A,10449_C|A,12880_C|T,14408_C|T,15451_G|A,15714_C|T,15738_C|T,15939_T|C,16342_T|C,17410_C|T,17859_T|C,18163_A|G,19326_A|G,19955_C|T,20055_A|G,21618_C|T,21810_T|C,21987_G|A,22000_C|A,22109_C|G,22200_T|A,22577_G|C,22578_G|A,22599_G|C,22664_C|A,22674_C|T,22679_T|C,22686_C|T,22688_A|G,22775_G|A,22786_A|C,22882_T|G,22895_G|C,22896_T|C,22898_G|A,22942_T|G,22992_G|A,22995_C|A,23013_A|C,23019_T|C,23031_T|C,23055_A|G,23063_A|T,23075_T|C,23403_A|G,23525_C|T,23599_T|G,23604_C|A,23854_C|A,23948_G|T,24424_A|T,24469_T|A,25000_C|T,25416_C|T,25584_C|T,26060_C|T,26270_C|T,26275_A|G,26577_C|G,26709_G|A,26858_C|T,27259_A|C,27382_G|C,27383_A|T,27384_T|C,27807_C|T,28271_A|T,28311_C|T,28881_G|A,28882_G|A,28883_G|C,29510_A|C,11288_11296,21633_21641,21992_21994,28362_28370,29734_29759
OZ073270	XBB	241_C|T,405_A|G,510_G|A,670_T|G,2790_C|T,3037_C|T,4184_G|A,4321_C|T,9344_C|T,9424_A|G,9534_C|T,9866_C|T,10029_C|T,10198_C|T,10447_G|A,10449_C|A,12880_C|T,14408_C|T,15451_G|A,15714_C|T,15738_C|T,15939_T|C,16342_T|C,17410_C|T,17859_T|C,18163_A|G,19326_A|G,19955_C|T,20055_A|G,21618_C|T,21810_T|C,21987_G|A,22000_C|A,22109_C|G,22200_T|A,22577_G|C,22578_G|A,22599_G|C,22664_C|A,22674_C|T,22679_T|C,22686_C|T,22688_A|G,22775_G|A,22786_A|C,22813_G|T,22882_T|G,22895_G|C,22896_T|C,22898_G|A,22942_T|G,22992_G|A,22995_C|A,23013_A|C,23019_T|C,23031_T|C,23055_A|G,23063_A|T,23075_T|C,23403_A|G,23525_C|T,23599_T|G,23604_C|A,23854_C|A,23948_G|T,24424_A|T,24469_T|A,25000_C|T,25416_C|T,25584_C|T,26060_C|T,26270_C|T,26275_A|G,26577_C|G,26709_G|A,26858_C|T,27259_A|C,27382_G|C,27383_A|T,27384_T|C,27807_C|T,28271_A|T,28311_C|T,28881_G|A,28882_G|A,28883_G|C,29510_A|C,11288_11296,21633_21641,21992_21994,28362_28370,29734_29759
OZ073287	XBB	241_C|T,405_A|G,510_G|A,670_T|G,2790_C|T,3037_C|T,4184_G|A,4321_C|T,5884_C|T,9344_C|T,9424_A|G,9534_C|T,9866_C|T,10029_C|T,10198_C|T,10447_G|A,10449_C|A,10939_T|C,12880_C|T,14408_C|T,15451_G|A,15714_C|T,15738_C|T,15939_T|C,16342_T|C,17410_C|T,17859_T|C,18163_A|G,19326_A|G,19955_C|T,20055_A|G,21618_C|T,21810_T|C,21987_G|A,22000_C|A,22109_C|G,22200_T|A,22577_G|C,22578_G|A,22599_G|C,22664_C|A,22674_C|T,22679_T|C,22686_C|T,22688_A|G,22775_G|A,22786_A|C,22813_G|T,22882_T|G,22895_G|C,22896_T|C,22898_G|A,22942_T|G,22992_G|A,22995_C|A,23013_A|C,23019_T|C,23031_T|C,23055_A|G,23063_A|T,23075_T|C,23262_G|T,23403_A|G,23525_C|T,23599_T|G,23604_C|A,23854_C|A,23948_G|T,24424_A|T,24469_T|A,25000_C|T,25416_C|T,25584_C|T,26060_C|T,26270_C|T,26275_A|G,26577_C|G,26709_G|A,26858_C|T,27259_A|C,27382_G|C,27383_A|T,27384_T|C,27807_C|T,28271_A|T,28311_C|T,28881_G|A,28882_G|A,28883_G|C,29510_A|C,11288_11296,21633_21641,21992_21994,28362_28370,29734_29759
OZ073309	XBB	241_C|T,405_A|G,510_G|A,670_T|G,2790_C|T,3037_C|T,4184_G|A,4321_C|T,5884_C|T,9344_C|T,9424_A|G,9534_C|T,9866_C|T,10029_C|T,10198_C|T,10447_G|A,10449_C|A,12880_C|T,14408_C|T,15451_G|A,15714_C|T,15738_C|T,15939_T|C,16342_T|C,17410_C|T,17859_T|C,18163_A|G,19326_A|G,19955_C|T,20055_A|G,21618_C|T,21810_T|C,21987_G|A,22000_C|A,22109_C|G,22200_T|A,22577_G|C,22578_G|A,22599_G|C,22664_C|A,22674_C|T,22679_T|C,22686_C|T,22688_A|G,22775_G|A,22786_A|C,22813_G|T,22882_T|G,22895_G|C,22896_T|C,22898_G|A,22942_T|G,22992_G|A,22995_C|A,23013_A|C,23019_T|C,23031_T|C,23055_A|G,23063_A|T,23075_T|C,23403_A|G,23525_C|T,23599_T|G,23604_C|A,23854_C|A,23948_G|T,24424_A|T,24469_T|A,25000_C|T,25416_C|T,25584_C|T,25728_C|T,26060_C|T,26270_C|T,26275_A|G,26577_C|G,26709_G|A,26858_C|T,27259_A|C,27382_G|C,27383_A|T,27384_T|C,27807_C|T,28271_A|T,28311_C|T,28869_C|T,28881_G|A,28882_G|A,28883_G|C,29510_A|C,11288_11296,21633_21641,21992_21994,28362_28370,29734_29759
OZ073330	XBB	241_C|T,405_A|G,510_G|A,670_T|G,2790_C|T,3037_C|T,4184_G|A,4321_C|T,9344_C|T,9424_A|G,9534_C|T,9866_C|T,10029_C|T,10198_C|T,10447_G|A,10449_C|A,10714_C|T,12880_C|T,14408_C|T,15451_G|A,15714_C|T,15738_C|T,15939_T|C,16342_T|C,17410_C|T,17859_T|C,18163_A|G,19326_A|G,19955_C|T,20055_A|G,21618_C|T,21810_T|C,21987_G|A,22000_C|A,22109_C|G,22200_T|A,22577_G|C,22578_G|A,22599_G|C,22664_C|A,22674_C|T,22679_T|C,22686_C|T,22688_A|G,22775_G|A,22786_A|C,22882_T|G,22895_G|C,22896_T|C,22898_G|A,22942_T|G,22992_G|A,22995_C|A,23013_A|C,23019_T|C,23031_T|C,23055_A|G,23063_A|T,23075_T|C,23403_A|G,23525_C|T,23599_T|G,23604_C|A,23854_C|A,23948_G|T,24424_A|T,24469_T|A,25000_C|T,25416_C|T,25584_C|T,26060_C|T,26270_C|T,26275_A|G,26577_C|G,26709_G|A,26858_C|T,27259_A|C,27382_G|C,27383_A|T,27384_T|C,27807_C|T,28271_A|T,28311_C|T,28881_G|A,28882_G|A,28883_G|C,29510_A|C,11288_11296,21633_21641,21992_21994,27293_27300,28362_28370,29734_29759
OZ073511	XBB	241_C|T,405_A|G,510_G|A,670_T|G,2790_C|T,3037_C|T,4184_G|A,4321_C|T,5007_C|T,5884_C|T,9344_C|T,9424_A|G,9534_C|T,9866_C|T,10029_C|T,10198_C|T,10447_G|A,10449_C|A,11417_G|A,12880_C|T,14408_C|T,15451_G|A,15714_C|T,15738_C|T,15939_T|C,16342_T|C,17410_C|T,17859_T|C,18163_A|G,19326_A|G,19955_C|T,20055_A|G,21618_C|T,21810_T|C,21987_G|A,22000_C|A,22109_C|G,22200_T|A,22206_A|T,22577_G|C,22578_G|A,22599_G|C,22664_C|A,22674_C|T,22679_T|C,22686_C|T,22688_A|G,22775_G|A,22786_A|C,22813_G|T,22882_T|G,22895_G|C,22896_T|C,22898_G|A,22942_T|G,22992_G|A,22995_C|A,23013_A|C,23019_T|C,23031_T|C,23055_A|G,23063_A|T,23075_T|C,23403_A|G,23525_C|T,23599_T|G,23604_C|A,23854_C|A,23948_G|T,24424_A|T,24469_T|A,25000_C|T,25416_C|T,25584_C|T,26060_C|T,26270_C|T,26275_A|G,26577_C|G,26709_G|A,26858_C|T,27259_A|C,27382_G|C,27383_A|T,27384_T|C,27807_C|T,28271_A|T,28311_C|T,28881_G|A,28882_G|A,28883_G|C,29510_A|C,11288_11296,21633_21641,21992_21994,28362_28370,29734_29759
OZ073516	XBB	241_C|T,373_G|A,405_A|G,510_G|A,670_T|G,2790_C|T,3037_C|T,4184_G|A,4321_C|T,9344_C|T,9424_A|G,9534_C|T,9866_C|T,10029_C|T,10198_C|T,10447_G|A,10449_C|A,12880_C|T,14408_C|T,15451_G|A,15714_C|T,15738_C|T,15939_T|C,16342_T|C,17410_C|T,17859_T|C,18163_A|G,19326_A|G,19955_C|T,20055_A|G,21618_C|T,21810_T|C,21987_G|A,22000_C|A,22109_C|G,22200_T|A,22577_G|C,22578_G|A,22599_G|C,22664_C|A,22674_C|T,22679_T|C,22686_C|T,22688_A|G,22775_G|A,22786_A|C,22813_G|T,22882_T|G,22895_G|C,22896_T|C,22898_G|A,22942_T|G,22992_G|A,22995_C|A,23013_A|C,23019_T|C,23031_T|C,23055_A|G,23063_A|T,23075_T|C,23403_A|G,23525_C|T,23599_T|G,23604_C|A,23854_C|A,23948_G|T,24424_A|T,24469_T|A,25000_C|T,25416_C|T,25584_C|T,26060_C|T,26270_C|T,26275_A|G,26577_C|G,26709_G|A,26858_C|T,27247_C|T,27259_A|C,27382_G|C,27383_A|T,27384_T|C,27807_C|T,28271_A|T,28311_C|T,28881_G|A,28882_G|A,28883_G|C,29510_A|C,11288_11296,21633_21641,21992_21994,28362_28370,29734_29759
OZ073528	XBB	241_C|T,405_A|G,510_G|A,670_T|G,2790_C|T,3037_C|T,4184_G|A,4321_C|T,9344_C|T,9424_A|G,9534_C|T,9866_C|T,10029_C|T,10198_C|T,10447_G|A,10449_C|A,12880_C|T,14408_C|T,15451_G|A,15714_C|T,15738_C|T,15939_T|C,16342_T|C,17410_C|T,17679_G|T,17859_T|C,18163_A|G,19326_A|G,19955_C|T,20055_A|G,21618_C|T,21810_T|C,21987_G|A,22000_C|A,22109_C|G,22200_T|A,22577_G|C,22578_G|A,22599_G|C,22664_C|A,22674_C|T,22679_T|C,22686_C|T,22688_A|G,22775_G|A,22786_A|C,22813_G|T,22882_T|G,22895_G|C,22896_T|C,22898_G|A,22942_T|G,22992_G|A,22995_C|A,23013_A|C,23019_T|C,23031_T|C,23055_A|G,23063_A|T,23075_T|C,23403_A|G,23525_C|T,23599_T|G,23604_C|A,23854_C|A,23948_G|T,24424_A|T,24469_T|A,25000_C|T,25416_C|T,25584_C|T,26060_C|T,26270_C|T,26275_A|G,26577_C|G,26709_G|A,26858_C|T,27247_C|T,27259_A|C,27382_G|C,27383_A|T,27384_T|C,27807_C|T,28271_A|T,28311_C|T,28881_G|A,28882_G|A,28883_G|C,29510_A|C,11288_11296,21633_21641,21992_21994,27683_27706,28362_28370,29734_29759
OZ073562	XBB	241_C|T,405_A|G,510_G|A,670_T|G,2790_C|T,3037_C|T,4184_G|A,4321_C|T,9344_C|T,9424_A|G,9534_C|T,9866_C|T,10029_C|T,10198_C|T,10447_G|A,10449_C|A,12880_C|T,14408_C|T,15451_G|A,15714_C|T,15738_C|T,15939_T|C,16342_T|C,17410_C|T,17859_T|C,18163_A|G,19326_A|G,19955_C|T,20055_A|G,21618_C|T,21810_T|C,21987_G|A,22000_C|A,22109_C|G,22200_T|A,22577_G|C,22578_G|A,22599_G|C,22664_C|A,22674_C|T,22679_T|C,22686_C|T,22688_A|G,22775_G|A,22786_A|C,22813_G|T,22882_T|G,22895_G|C,22896_T|C,22898_G|A,22942_T|G,22992_G|A,22995_C|A,23013_A|C,23019_T|C,23031_T|C,23055_A|G,23063_A|T,23075_T|C,23403_A|G,23525_C|T,23599_T|G,23604_C|A,23854_C|A,23948_G|T,24424_A|T,24469_T|A,25000_C|T,25416_C|T,25584_C|T,26060_C|T,26270_C|T,26275_A|G,26577_C|G,26709_G|A,26858_C|T,27247_C|T,27259_A|C,27382_G|C,27383_A|T,27384_T|C,27807_C|T,28271_A|T,28311_C|T,28881_G|A,28882_G|A,28883_G|C,29510_A|C,11288_11296,21633_21641,21992_21994,28362_28370,29734_29759
OZ073815	XBB	241_C|T,405_A|G,510_G|A,670_T|G,2790_C|T,3037_C|T,4184_G|A,4321_C|T,9344_C|T,9424_A|G,9534_C|T,9866_C|T,10029_C|T,10198_C|T,10447_G|A,10449_C|A,12880_C|T,14408_C|T,15451_G|A,15714_C|T,15738_C|T,15939_T|C,16342_T|C,17410_C|T,17859_T|C,18163_A|G,19326_A|G,19955_C|T,20055_A|G,21618_C|T,21810_T|C,21987_G|A,22000_C|A,22109_C|G,22200_T|A,22577_G|C,22578_G|A,22599_G|C,22664_C|A,22674_C|T,22679_T|C,22686_C|T,22688_A|G,22775_G|A,22786_A|C,22813_G|T,22882_T|G,22895_G|C,22896_T|C,22898_G|A,22942_T|G,22992_G|A,22995_C|A,23013_A|C,23019_T|C,23031_T|C,23055_A|G,23063_A|T,23075_T|C,23403_A|G,23525_C|T,23599_T|G,23604_C|A,23854_C|A,23948_G|T,24424_A|T,24469_T|A,25000_C|T,25416_C|T,25584_C|T,26060_C|T,26270_C|T,26275_A|G,26577_C|G,26709_G|A,26858_C|T,27259_A|C,27382_G|C,27383_A|T,27384_T|C,27807_C|T,28271_A|T,28311_C|T,28881_G|A,28882_G|A,28883_G|C,29510_A|C,11288_11296,21633_21641,21992_21994,28362_28370,29734_29759
OZ073885	XBB	241_C|T,405_A|G,510_G|A,670_T|G,2790_C|T,3037_C|T,4184_G|A,4321_C|T,5884_C|T,9344_C|T,9424_A|G,9534_C|T,9866_C|T,10029_C|T,10198_C|T,10447_G|A,10449_C|A,12880_C|T,14408_C|T,15451_G|A,15714_C|T,15738_C|T,15939_T|C,16342_T|C,17410_C|T,17859_T|C,18163_A|G,19326_A|G,19955_C|T,20055_A|G,21618_C|T,21810_T|C,21987_G|A,22000_C|A,22109_C|G,22200_T|A,22577_G|C,22578_G|A,22599_G|C,22664_C|A,22674_C|T,22679_T|C,22686_C|T,22688_A|G,22775_G|A,22786_A|C,22813_G|T,22882_T|G,22895_G|C,22896_T|C,22898_G|A,22942_T|G,22992_G|A,22995_C|A,23013_A|C,23019_T|C,23031_T|C,23055_A|G,23063_A|T,23075_T|C,23403_A|G,23525_C|T,23599_T|G,23604_C|A,23854_C|A,23948_G|T,24424_A|T,24469_T|A,25000_C|T,25416_C|T,25584_C|T,26060_C|T,26270_C|T,26275_A|G,26577_C|G,26709_G|A,26858_C|T,27259_A|C,27382_G|C,27383_A|T,27384_T|C,27807_C|T,28271_A|T,28311_C|T,28881_G|A,28882_G|A,28883_G|C,29510_A|C,11288_11296,21633_21641,21992_21994,28362_28370,29734_29759
OZ073967	XBB	241_C|T,405_A|G,510_G|A,670_T|G,2790_C|T,3037_C|T,4184_G|A,4321_C|T,4788_C|T,9127_T|C,9344_C|T,9424_A|G,9534_C|T,9866_C|T,10029_C|T,10198_C|T,10447_G|A,10449_C|A,12880_C|T,14408_C|T,15451_G|A,15714_C|T,15738_C|T,15939_T|C,16342_T|C,17410_C|T,17859_T|C,18163_A|G,19326_A|G,19955_C|T,20055_A|G,21137_A|G,21618_C|T,21810_T|C,21987_G|A,22000_C|A,22109_C|G,22200_T|A,22577_G|C,22578_G|A,22599_G|C,22664_C|A,22674_C|T,22679_T|C,22686_C|T,22688_A|G,22775_G|A,22786_A|C,22813_G|T,22882_T|G,22895_G|C,22896_T|C,22898_G|A,22942_T|G,22992_G|A,22995_C|A,23013_A|C,23019_T|C,23031_T|C,23055_A|G,23063_A|T,23075_T|C,23403_A|G,23525_C|T,23599_T|G,23604_C|A,23854_C|A,23948_G|T,24424_A|T,24469_T|A,25000_C|T,25416_C|T,25584_C|T,26060_C|T,26270_C|T,26275_A|G,26577_C|G,26709_G|A,26858_C|T,27259_A|C,27382_G|C,27383_A|T,27384_T|C,27807_C|T,28079_G|T,28271_A|T,28311_C|T,28881_G|A,28882_G|A,28883_G|C,29510_A|C,11288_11296,21633_21641,21992_21994,28362_28370,29734_29759
OZ073970	XBB	241_C|T,405_A|G,510_G|A,670_T|G,2790_C|T,3037_C|T,4184_G|A,4321_C|T,9344_C|T,9424_A|G,9534_C|T,9866_C|T,10029_C|T,10198_C|T,10447_G|A,10449_C|A,11023_A|G,12880_C|T,14408_C|T,15451_G|A,15714_C|T,15738_C|T,15939_T|C,16342_T|C,17410_C|T,17859_T|C,18163_A|G,19326_A|G,19955_C|T,20055_A|G,21575_C|T,21618_C|T,21810_T|C,21987_G|A,22000_C|A,22109_C|G,22200_T|A,22577_G|C,22578_G|A,22599_G|C,22664_C|A,22674_C|T,22679_T|C,22686_C|T,22688_A|G,22775_G|A,22786_A|C,22813_G|T,22882_T|G,22895_G|C,22896_T|C,22898_G|A,22942_T|G,22992_G|A,22995_C|A,23013_A|C,23019_T|C,23031_T|C,23055_A|G,23063_A|T,23075_T|C,23403_A|G,23525_C|T,23599_T|G,23604_C|A,23854_C|A,23948_G|T,24424_A|T,24469_T|A,25000_C|T,25416_C|T,25584_C|T,26060_C|T,26270_C|T,26275_A|G,26577_C|G,26709_G|A,26858_C|T,27259_A|C,27382_G|C,27383_A|T,27384_T|C,27807_C|T,28271_A|T,28311_C|T,28881_G|A,28882_G|A,28883_G|C,29510_A|C,11288_11296,21633_21641,21992_21994,28362_28370,29734_29759
OZ074672	XBB	241_C|T,405_A|G,510_G|A,670_T|G,2790_C|T,3037_C|T,4184_G|A,4321_C|T,4788_C|T,9344_C|T,9424_A|G,9534_C|T,9866_C|T,10029_C|T,10198_C|T,10447_G|A,10449_C|A,12880_C|T,13986_A|G,14408_C|T,15451_G|A,15714_C|T,15738_C|T,15939_T|C,16342_T|C,17410_C|T,17859_T|C,18163_A|G,19326_A|G,19955_C|T,20055_A|G,20173_G|A,21618_C|T,21810_T|C,22000_C|A,22109_C|G,22200_T|A,22577_G|C,22578_G|A,22599_G|C,22664_C|A,22674_C|T,22679_T|C,22686_C|T,22688_A|G,22775_G|A,22786_A|C,22882_T|G,22895_G|C,22896_T|C,22898_G|A,22942_T|G,22992_G|A,22995_C|A,23013_A|C,23019_T|C,23031_T|C,23055_A|G,23063_A|T,23075_T|C,23403_A|G,23525_C|T,23599_T|G,23604_C|A,23854_C|A,23948_G|T,24424_A|T,24469_T|A,25000_C|T,25416_C|T,25584_C|T,26060_C|T,26270_C|T,26275_A|G,26709_G|A,26858_C|T,27259_A|C,27382_G|C,27383_A|T,27384_T|C,27807_C|T,28271_A|T,28311_C|T,28881_G|A,28882_G|A,28883_G|C,29510_A|C,11288_11296,21633_21641,21992_21994,28362_28370,29734_29759
OZ074758	XBB	241_C|T,405_A|G,510_G|A,670_T|G,2790_C|T,3037_C|T,4184_G|A,4321_C|T,4788_C|T,9344_C|T,9424_A|G,9534_C|T,9866_C|T,10029_C|T,10198_C|T,10447_G|A,10449_C|A,12880_C|T,14408_C|T,15451_G|A,15689_G|A,15714_C|T,15738_C|T,15939_T|C,16342_T|C,16524_A|T,17410_C|T,17859_T|C,18163_A|G,19326_A|G,19955_C|T,20055_A|G,21618_C|T,21810_T|C,21987_G|A,22000_C|A,22109_C|G,22200_T|A,22577_G|C,22578_G|A,22599_G|C,22664_C|A,22674_C|T,22679_T|C,22686_C|T,22688_A|G,22775_G|A,22786_A|C,22882_T|G,22895_G|C,22896_T|C,22898_G|A,22942_T|G,22992_G|A,22995_C|A,23013_A|C,23019_T|C,23031_T|C,23055_A|G,23063_A|T,23075_T|C,23403_A|G,23525_C|T,23599_T|G,23604_C|A,23854_C|A,23948_G|T,24424_A|T,24469_T|A,25000_C|T,25416_C|T,25584_C|T,26060_C|T,26270_C|T,26275_A|G,26709_G|A,26858_C|T,27259_A|C,27382_G|C,27383_A|T,27384_T|C,27807_C|T,28271_A|T,28311_C|T,28881_G|A,28882_G|A,28883_G|C,29510_A|C,11288_11296,21633_21641,21992_21994,28362_28370,29734_29759
QAT/DA-USAFSAM-S20667/2022	XBB	241_C|T,405_A|G,510_G|A,670_T|G,1190_C|T,2790_C|T,3037_C|T,4184_G|A,4321_C|T,5518_G|A,9344_C|T,9424_A|G,9534_C|T,9866_C|T,10029_C|T,10198_C|T,10447_G|A,10449_C|A,12880_C|T,14408_C|T,15451_G|A,15714_C|T,15738_C|T,15939_T|C,16342_T|C,17410_C|T,17678_C|T,17859_T|C,18163_A|G,19064_C|T,19326_A|G,19955_C|T,20055_A|G,21618_C|T,21810_T|C,21987_G|A,22000_C|A,22109_C|G,22200_T|A,22577_G|C,22578_G|A,22599_G|C,22664_C|A,22674_C|T,22679_T|C,22686_C|T,22688_A|G,22775_G|A,22786_A|C,22813_G|T,22882_T|G,22895_G|C,22896_T|C,22898_G|A,22942_T|G,22992_G|A,22995_C|A,23013_A|C,23019_T|C,23031_T|C,23055_A|G,23063_A|T,23075_T|C,23403_A|G,23525_C|T,23599_T|G,23604_C|A,23854_C|A,23948_G|T,24424_A|T,24469_T|A,25000_C|T,25416_C|T,25584_C|T,26060_C|T,26270_C|T,26275_A|G,26577_C|G,26681_C|T,26709_G|A,26858_C|T,27259_A|C,27382_G|C,27383_A|T,27384_T|C,27807_C|T,28271_A|T,28311_C|T,28881_G|A,28882_G|A,28883_G|C,29510_A|C,11288_11296,21633_21641,21992_21994,28362_28370,29734_29759
Scotland/LSPA-3260930F/2022	XBB	241_C|T,405_A|G,510_G|A,670_T|G,2790_C|T,3037_C|T,4184_G|A,4321_C|T,7282_T|C,9344_C|T,9424_A|G,9534_C|T,9866_C|T,10029_C|T,10198_C|T,10447_G|A,10449_C|A,12880_C|T,14408_C|T,15451_G|A,15714_C|T,15738_C|T,15939_T|C,16342_T|C,17410_C|T,17859_T|C,18163_A|G,19326_A|G,19955_C|T,20055_A|G,21618_C|T,21810_T|C,21987_G|A,22000_C|A,22109_C|G,22200_T|A,22577_G|C,22578_G|A,22599_G|C,22664_C|A,22674_C|T,22679_T|C,22686_C|T,22688_A|G,22775_G|A,22786_A|C,22813_G|T,22882_T|G,22895_G|C,22896_T|C,22898_G|A,22942_T|G,22992_G|A,22995_C|A,23013_A|C,23019_T|C,23031_T|C,23055_A|G,23063_A|T,23075_T|C,23403_A|G,23525_C|T,23599_T|G,23604_C|A,23854_C|A,23948_G|T,24424_A|T,24469_T|A,25000_C|T,25416_C|T,25584_C|T,26060_C|T,26270_C|T,26275_A|G,26577_C|G,26709_G|A,26858_C|T,27259_A|C,27382_G|C,27383_A|T,27384_T|C,27807_C|T,28271_A|T,28311_C|T,28881_G|A,28882_G|A,28883_G|C,29510_A|C,11288_11296,21633_21641,21992_21994,28362_28370,29734_29759
Scotland/LSPA-3262C430/2022	XBB	219_G|T,241_C|T,405_A|G,670_T|G,2790_C|T,3037_C|T,4184_G|A,4321_C|T,9344_C|T,9424_A|G,9534_C|T,9866_C|T,10029_C|T,10198_C|T,10447_G|A,10449_C|A,12880_C|T,14408_C|T,15451_G|A,15714_C|T,15738_C|T,15939_T|C,16342_T|C,17410_C|T,17859_T|C,18163_A|G,18433_G|A,19009_G|T,19326_A|G,19955_C|T,20055_A|G,21618_C|T,21810_T|C,21987_G|A,22000_C|A,22109_C|G,22200_T|A,22577_G|C,22578_G|A,22599_G|C,22664_C|A,22674_C|T,22679_T|C,22686_C|T,22688_A|G,22775_G|A,22786_A|C,22813_G|T,22882_T|G,22895_G|C,22896_T|C,22898_G|A,22942_T|G,22992_G|A,22995_C|A,23013_A|C,23019_T|C,23031_T|C,23055_A|G,23063_A|T,23075_T|C,23403_A|G,23525_C|T,23599_T|G,23604_C|A,23854_C|A,23948_G|T,24424_A|T,24469_T|A,25000_C|T,25416_C|T,25584_C|T,26060_C|T,26270_C|T,26275_A|G,26577_C|G,26709_G|A,26858_C|T,27259_A|C,27382_G|C,27383_A|T,27384_T|C,27807_C|T,28271_A|T,28311_C|T,28881_G|A,28882_G|A,28883_G|C,29510_A|C,11288_11296,21633_21641,21992_21994,28254,28362_28370,29734_29759,28250_.|CTG
Scotland/QEUH-3261A0AA/2022	XBB	219_G|T,241_C|T,405_A|G,670_T|G,2790_C|T,3037_C|T,4184_G|A,4321_C|T,9344_C|T,9424_A|G,9534_C|T,9866_C|T,10029_C|T,10198_C|T,10447_G|A,10449_C|A,12880_C|T,14408_C|T,15451_G|A,15714_C|T,15738_C|T,15939_T|C,16342_T|C,17410_C|T,17859_T|C,18163_A|G,19009_G|T,19326_A|G,19955_C|T,20055_A|G,21618_C|T,21810_T|C,21987_G|A,22000_C|A,22109_C|G,22200_T|A,22577_G|C,22578_G|A,22599_G|C,22664_C|A,22674_C|T,22679_T|C,22686_C|T,22688_A|G,22775_G|A,22786_A|C,22813_G|T,22882_T|G,22895_G|C,22896_T|C,22898_G|A,22942_T|G,22992_G|A,22995_C|A,23013_A|C,23019_T|C,23031_T|C,23055_A|G,23063_A|T,23075_T|C,23403_A|G,23525_C|T,23599_T|G,23604_C|A,23854_C|A,23948_G|T,24424_A|T,24469_T|A,25000_C|T,25416_C|T,25584_C|T,26060_C|T,26270_C|T,26275_A|G,26577_C|G,26709_G|A,26858_C|T,27259_A|C,27382_G|C,27383_A|T,27384_T|C,27807_C|T,28271_A|T,28311_C|T,28881_G|A,28882_G|A,28883_G|C,29510_A|C,11288_11296,21633_21641,21992_21994,28362_28370,29734_29759
Scotland/SCOT-22174/2022	XBB	241_C|T,405_A|G,510_G|A,670_T|G,2790_C|T,3037_C|T,4184_G|A,4321_C|T,7764_C|T,9344_C|T,9424_A|G,9534_C|T,9866_C|T,10029_C|T,10198_C|T,10447_G|A,10449_C|A,12880_C|T,14408_C|T,15451_G|A,15714_C|T,15738_C|T,15939_T|C,16041_C|T,16342_T|C,17410_C|T,17859_T|C,18163_A|G,18261_C|T,19326_A|G,19955_C|T,20055_A|G,21618_C|T,21810_T|C,21987_G|A,22000_C|A,22109_C|G,22200_T|A,22577_G|C,22578_G|A,22599_G|C,22664_C|A,22674_C|T,22679_T|C,22686_C|T,22688_A|G,22775_G|A,22786_A|C,22813_G|T,22882_T|G,22895_G|C,22896_T|C,22898_G|A,22942_T|G,22992_G|A,22995_C|A,23013_A|C,23019_T|C,23031_T|C,23055_A|G,23063_A|T,23075_T|C,23403_A|G,23525_C|T,23599_T|G,23604_C|A,23647_C|T,23854_C|A,23948_G|T,24424_A|T,24469_T|A,25000_C|T,25416_C|T,25584_C|T,26060_C|T,26270_C|T,26275_A|G,26577_C|G,26709_G|A,26858_C|T,27259_A|C,27382_G|C,27383_A|T,27384_T|C,27807_C|T,28271_A|T,28311_C|T,28881_G|A,28882_G|A,28883_G|C,29510_A|C,11288_11296,21633_21641,21992_21994,28362_28370,29734_29759
Scotland/SCOT-23048/2022	XBB	241_C|T,405_A|G,510_G|A,670_T|G,2790_C|T,3037_C|T,4184_G|A,4321_C|T,7764_C|T,8506_T|C,9344_C|T,9424_A|G,9534_C|T,9866_C|T,10029_C|T,10198_C|T,10447_G|A,10449_C|A,12880_C|T,14408_C|T,15451_G|A,15714_C|T,15738_C|T,15939_T|C,16041_C|T,16342_T|C,17410_C|T,17859_T|C,18163_A|G,19326_A|G,19955_C|T,20055_A|G,21618_C|T,21810_T|C,21987_G|A,22000_C|A,22109_C|G,22200_T|A,22577_G|C,22578_G|A,22599_G|C,22664_C|A,22674_C|T,22679_T|C,22686_C|T,22688_A|G,22775_G|A,22786_A|C,22813_G|T,22882_T|G,22895_G|C,22896_T|C,22898_G|A,22942_T|G,22992_G|A,22995_C|A,23013_A|C,23019_T|C,23031_T|C,23055_A|G,23063_A|T,23075_T|C,23403_A|G,23525_C|T,23599_T|G,23604_C|A,23647_C|T,23854_C|A,23948_G|T,24424_A|T,24469_T|A,25000_C|T,25416_C|T,25584_C|T,26060_C|T,26270_C|T,26275_A|G,26577_C|G,26709_G|A,26858_C|T,27259_A|C,27382_G|C,27383_A|T,27384_T|C,27807_C|T,28271_A|T,28311_C|T,28881_G|A,28882_G|A,28883_G|C,29510_A|C,11288_11293,21633_21641,21992_21994,28362_28370,29734_29759
Scotland/SCOT-23204/2022	XBB	241_C|T,405_A|G,510_G|A,670_T|G,2790_C|T,3037_C|T,4184_G|A,4321_C|T,8506_T|C,9344_C|T,9424_A|G,9534_C|T,9866_C|T,10029_C|T,10198_C|T,10447_G|A,10449_C|A,12880_C|T,14408_C|T,15451_G|A,15714_C|T,15738_C|T,15939_T|C,16041_C|T,16342_T|C,17410_C|T,17859_T|C,18163_A|G,19326_A|G,19955_C|T,20055_A|G,21618_C|T,21810_T|C,21987_G|A,22000_C|A,22109_C|G,22200_T|A,22577_G|C,22578_G|A,22599_G|C,22664_C|A,22674_C|T,22679_T|C,22686_C|T,22688_A|G,22775_G|A,22786_A|C,22813_G|T,22882_T|G,22895_G|C,22896_T|C,22898_G|A,22942_T|G,22992_G|A,22995_C|A,23013_A|C,23019_T|C,23031_T|C,23055_A|G,23063_A|T,23075_T|C,23403_A|G,23525_C|T,23599_T|G,23604_C|A,23647_C|T,23854_C|A,23948_G|T,24424_A|T,24469_T|A,25000_C|T,25416_C|T,25584_C|T,26060_C|T,26270_C|T,26275_A|G,26577_C|G,26709_G|A,26858_C|T,27259_A|C,27382_G|C,27383_A|T,27384_T|C,27807_C|T,28271_A|T,28311_C|T,28881_G|A,28882_G|A,28883_G|C,29510_A|C,11288_11296,21633_21641,21992_21994,28362_28370,29734_29759
Scotland/SCOT-23225/2022	XBB	241_C|T,405_A|G,510_G|A,670_T|G,2790_C|T,3037_C|T,4184_G|A,4321_C|T,8506_T|C,9344_C|T,9424_A|G,9534_C|T,9866_C|T,10029_C|T,10198_C|T,10447_G|A,10449_C|A,12880_C|T,14408_C|T,15451_G|A,15714_C|T,15738_C|T,15939_T|C,16041_C|T,16342_T|C,17410_C|T,17859_T|C,18163_A|G,18261_C|T,19326_A|G,19955_C|T,20055_A|G,21618_C|T,21810_T|C,21987_G|A,22000_C|A,22109_C|G,22200_T|A,22577_G|C,22578_G|A,22599_G|C,22664_C|A,22674_C|T,22679_T|C,22686_C|T,22688_A|G,22775_G|A,22786_A|C,22813_G|T,22882_T|G,22895_G|C,22896_T|C,22898_G|A,22942_T|G,22992_G|A,22995_C|A,23013_A|C,23019_T|C,23031_T|C,23055_A|G,23063_A|T,23075_T|C,23403_A|G,23525_C|T,23599_T|G,23604_C|A,23647_C|T,23854_C|A,23948_G|T,24424_A|T,24469_T|A,25000_C|T,25416_C|T,25584_C|T,26060_C|T,26270_C|T,26275_A|G,26577_C|G,26709_G|A,26858_C|T,27259_A|C,27382_G|C,27383_A|T,27384_T|C,27807_C|T,28271_A|T,28311_C|T,28881_G|A,28882_G|A,28883_G|C,29510_A|C,11288_11296,21633_21641,21992_21994,28362_28370,29734_29759
Switzerland/ZH-UZH-IMV-3ba690ed/2023	XBB	241_C|T,405_A|G,510_G|A,670_T|G,2231_G|A,2272_G|A,2790_C|T,3037_C|T,4184_G|A,4321_C|T,6548_C|A,9344_C|T,9424_A|G,9534_C|T,9866_C|T,10029_C|T,10198_C|T,10447_G|A,10449_C|A,12880_C|T,14408_C|T,15451_G|A,15714_C|T,15738_C|T,15939_T|C,16342_T|C,17410_C|T,17859_T|C,18163_A|G,19326_A|G,19955_C|T,20055_A|G,21618_C|T,21810_T|C,21987_G|A,22000_C|A,22109_C|G,22200_T|A,22577_G|C,22578_G|A,22599_G|C,22664_C|A,22674_C|T,22679_T|C,22686_C|T,22688_A|G,22775_G|A,22786_A|C,22813_G|T,22882_T|G,22895_G|C,22896_T|C,22898_G|A,22942_T|G,22992_G|A,22995_C|A,23013_A|C,23019_T|C,23031_T|C,23055_A|G,23063_A|T,23075_T|C,23123_C|T,23403_A|G,23525_C|T,23599_T|G,23604_C|A,23625_C|T,23854_C|A,23948_G|T,24424_A|T,24469_T|A,24914_G|C,25000_C|T,25416_C|T,25584_C|T,26060_C|T,26270_C|T,26275_A|G,26577_C|G,26709_G|A,26858_C|T,27259_A|C,27382_G|C,27383_A|T,27384_T|C,27807_C|T,28271_A|T,28311_C|T,28881_G|A,28882_G|A,28883_G|C,29510_A|C,11288_11296,21633_21641,21992_21994,28362_28370,29734_29759,29903_.|N
USA/2282496/2023	XBB	241_C|T,405_A|G,670_T|G,2790_C|T,3037_C|T,4184_G|A,4321_C|T,9344_C|T,9424_A|G,9534_C|T,9866_C|T,10029_C|T,10198_C|T,10447_G|A,10449_C|A,12880_C|T,14408_C|T,15451_G|A,15714_C|T,15738_C|T,15939_T|C,17410_C|T,17859_T|C,18163_A|G,19326_A|G,19955_C|T,20055_A|G,21618_C|T,21810_T|C,21987_G|A,22000_C|A,22109_C|G,22200_T|A,22577_G|C,22578_G|A,22599_G|C,22664_C|A,22674_C|T,22679_T|C,22686_C|T,22688_A|G,22775_G|A,22786_A|C,22813_G|T,22882_T|G,22895_G|C,22896_T|C,22898_G|A,22942_T|G,22992_G|A,22995_C|A,23013_A|C,23018_T|C,23019_T|C,23031_T|C,23055_A|G,23063_A|T,23075_T|C,23403_A|G,23525_C|T,23599_T|G,23604_C|A,23854_C|A,23948_G|T,24424_A|T,24469_T|A,25000_C|T,25416_C|T,25584_C|T,26060_C|T,26270_C|T,26275_A|G,26577_C|G,26709_G|A,26858_C|T,27259_A|C,27382_G|C,27383_A|T,27384_T|C,27807_C|T,28271_A|T,28311_C|T,28881_G|A,28882_G|A,28883_G|C,29510_A|C,11288_11296,21633_21641,21992_21994,28362_28370
USA/2423770/2023	XBB	241_C|T,405_A|G,611_G|A,670_T|G,2790_C|T,3037_C|T,4184_G|A,4321_C|T,6398_A|G,9344_C|T,9424_A|G,9534_C|T,10029_C|T,10198_C|T,10447_G|A,10449_C|A,12880_C|T,14408_C|T,15451_G|A,15714_C|T,15738_C|T,15939_T|C,16342_T|C,17410_C|T,17859_T|C,18163_A|G,19326_A|G,19955_C|T,20055_A|G,21618_C|T,21987_G|A,22200_T|A,22577_G|C,22578_G|A,22599_G|C,22664_C|A,22674_C|T,22679_T|C,22686_C|T,22688_A|G,22775_G|A,22786_A|C,22813_G|T,22882_T|G,22898_G|A,22942_T|G,22992_G|A,22995_C|A,23013_A|C,23019_T|C,23031_T|C,23055_A|G,23063_A|T,23075_T|C,23403_A|G,23525_C|T,23599_T|G,23604_C|A,23854_C|A,23948_G|T,24424_A|T,24469_T|A,25000_C|T,25416_C|T,25584_C|T,26060_C|T,26270_C|T,26577_C|G,26709_G|A,26858_C|T,27259_A|C,27807_C|T,28271_A|T,28311_C|T,28881_G|A,28882_G|A,28883_G|C,29375_C|T,29510_A|C,11288_11296,21633_21641,28362_28370
USA/AR-CDC-2-6611932/2022	XBB	241_C|T,405_A|G,510_G|A,670_T|G,2790_C|T,3037_C|T,4184_G|A,4321_C|T,8917_C|T,9344_C|T,9424_A|G,9534_C|T,9866_C|T,10029_C|T,10198_C|T,10447_G|A,10449_C|A,12880_C|T,14408_C|T,15451_G|A,15714_C|T,15738_C|T,15939_T|C,16342_T|C,17410_C|T,17859_T|C,18163_A|G,19326_A|G,19955_C|T,20055_A|G,21618_C|T,21810_T|C,21987_G|A,22000_C|A,22109_C|G,22200_T|A,22577_G|C,22578_G|A,22599_G|C,22664_C|A,22674_C|T,22679_T|C,22686_C|T,22688_A|G,22775_G|A,22786_A|C,22813_G|T,22882_T|G,22895_G|C,22896_T|C,22898_G|A,22942_T|G,22992_G|A,22995_C|A,23013_A|C,23019_T|C,23031_T|C,23055_A|G,23063_A|T,23075_T|C,23403_A|G,23525_C|T,23599_T|G,23604_C|A,23854_C|A,23948_G|T,24424_A|T,24469_T|A,25000_C|T,25416_C|T,25584_C|T,26060_C|T,26270_C|T,26275_A|G,26577_C|G,26709_G|A,26858_C|T,27259_A|C,27382_G|C,27383_A|T,27384_T|C,27476_C|T,27807_C|T,28271_A|T,28311_C|T,28881_G|A,28882_G|A,28883_G|C,29510_A|C,29781_G|T,11288_11296,21633_21641,21992_21994,28362_28370,29734_29759
USA/AZ-2023-0469/2023	XBB	241_C|T,405_A|G,670_T|G,1142_C|T,2790_C|T,3037_C|T,4184_G|A,4321_C|T,9344_C|T,9424_A|G,9534_C|T,9866_C|T,10029_C|T,10198_C|T,10447_G|A,10449_C|A,12880_C|T,14408_C|T,15451_G|A,15714_C|T,17410_C|T,17859_T|C,18049_G|A,18163_A|G,19326_A|G,19955_C|T,20055_A|G,21618_C|T,21987_G|A,22200_T|A,22578_G|A,22674_C|T,22679_T|C,22686_C|T,22688_A|G,22775_G|A,22786_A|C,22813_G|T,22882_T|G,22942_T|G,22992_G|A,22995_C|A,23013_A|C,23055_A|G,23063_A|T,23075_T|C,23403_A|G,23525_C|T,23599_T|G,23604_C|A,23854_C|A,23948_G|T,24424_A|T,24469_T|A,25000_C|T,25584_C|T,26060_C|T,26270_C|T,26577_C|G,26709_G|A,27807_C|T,28271_A|T,28311_C|T,28881_G|A,28882_G|A,28883_G|C,29510_A|C,11288_11296,21633_21641,28362_28370
USA/AZ-CDC-LC0934607/2022	XBB	241_C|T,405_A|G,510_G|A,670_T|G,2790_C|T,3037_C|T,4184_G|A,4321_C|T,4455_C|G,9344_C|T,9424_A|G,9534_C|T,9866_C|T,10029_C|T,10198_C|T,10447_G|A,10449_C|A,12880_C|T,13436_C|T,14408_C|T,15451_G|A,15714_C|T,15738_C|T,15939_T|C,16342_T|C,16887_C|T,17410_C|T,17859_T|C,17961_A|G,18163_A|G,19326_A|G,19955_C|T,20055_A|G,21618_C|T,21810_T|C,21987_G|A,22000_C|A,22109_C|G,22200_T|A,22577_G|C,22578_G|A,22599_G|C,22664_C|A,22674_C|T,22679_T|C,22686_C|T,22688_A|G,22775_G|A,22786_A|C,22813_G|T,22882_T|G,22895_G|C,22896_T|C,22898_G|A,22942_T|G,22992_G|A,22995_C|A,23013_A|C,23019_T|C,23031_T|C,23055_A|G,23063_A|T,23075_T|C,23403_A|G,23525_C|T,23599_T|G,23604_C|A,23854_C|A,23948_G|T,24424_A|T,24469_T|A,25000_C|T,25416_C|T,25584_C|T,26060_C|T,26151_C|T,26270_C|T,26275_A|G,26577_C|G,26709_G|A,26858_C|T,27259_A|C,27382_G|C,27383_A|T,27384_T|C,27807_C|T,28170_C|A,28271_A|T,28311_C|T,28881_G|A,28882_G|A,28883_G|C,29510_A|C,11288_11296,21633_21641,21992_21994,28362_28370,29734_29759
USA/AZ-CDC-LC0938055/2022	XBB	241_C|T,405_A|G,510_G|A,670_T|G,2790_C|T,3037_C|T,3633_A|G,4184_G|A,4321_C|T,4455_C|G,9344_C|T,9424_A|G,9534_C|T,9866_C|T,10029_C|T,10198_C|T,10447_G|A,10449_C|A,12880_C|T,13436_C|T,14408_C|T,15451_G|A,15714_C|T,15738_C|T,15939_T|C,16342_T|C,16887_C|T,17410_C|T,17859_T|C,17961_A|G,18163_A|G,18452_C|T,19326_A|G,19955_C|T,20055_A|G,21618_C|T,21810_T|C,21987_G|A,22000_C|A,22109_C|G,22200_T|A,22577_G|C,22578_G|A,22599_G|C,22664_C|A,22674_C|T,22679_T|C,22686_C|T,22688_A|G,22775_G|A,22786_A|C,22813_G|T,22882_T|G,22895_G|C,22896_T|C,22898_G|A,22942_T|G,22992_G|A,22995_C|A,23013_A|C,23019_T|C,23031_T|C,23055_A|G,23063_A|T,23075_T|C,23403_A|G,23525_C|T,23599_T|G,23604_C|A,23854_C|A,23948_G|T,24424_A|T,24469_T|A,25000_C|T,25416_C|T,25584_C|T,26060_C|T,26151_C|T,26270_C|T,26275_A|G,26577_C|G,26709_G|A,26858_C|T,27259_A|C,27382_G|C,27383_A|T,27384_T|C,27807_C|T,28170_C|A,28271_A|T,28311_C|T,28881_G|A,28882_G|A,28883_G|C,29510_A|C,11288_11296,21633_21641,21992_21994,28362_28370,29734_29759
USA/AZ-CDC-QDX42440643/2022	XBB	241_C|T,405_A|G,670_T|G,2790_C|T,3037_C|T,4184_G|A,4321_C|T,4795_C|T,9344_C|T,9424_A|G,9534_C|T,9866_C|T,10029_C|T,10198_C|T,10447_G|A,10449_C|A,12880_C|T,14408_C|T,15451_G|A,15714_C|T,15738_C|T,15939_T|C,16342_T|C,17410_C|T,17859_T|C,18163_A|G,19326_A|G,19955_C|T,20055_A|G,21618_C|T,21810_T|C,21987_G|A,22000_C|A,22109_C|G,22200_T|A,22331_G|A,22577_G|C,22578_G|A,22599_G|C,22664_C|A,22674_C|T,22679_T|C,22686_C|T,22688_A|G,22775_G|A,22786_A|C,22813_G|T,22882_T|G,22895_G|C,22896_T|C,22898_G|A,22942_T|G,22992_G|A,22995_C|A,23013_A|C,23019_T|C,23031_T|C,23055_A|G,23063_A|T,23075_T|C,23182_T|C,23403_A|G,23525_C|T,23599_T|G,23604_C|A,23854_C|A,23948_G|T,24424_A|T,24469_T|A,25000_C|T,25416_C|T,25584_C|T,26060_C|T,26270_C|T,26275_A|G,26577_C|G,26709_G|A,26858_C|T,27259_A|C,27382_G|C,27383_A|T,27384_T|C,27807_C|T,28271_A|T,28311_C|T,28881_G|A,28882_G|A,28883_G|C,29510_A|C,11288_11296,21633_21641,21992_21994,28362_28370,29734_29759
USA/AZ-CDC-VSX-A063068/2023	XBB	241_C|T,405_A|G,510_G|A,670_T|G,2790_C|T,3037_C|T,4184_G|A,4321_C|T,9344_C|T,9424_A|G,9534_C|T,9866_C|T,10029_C|T,10198_C|T,10447_G|A,10449_C|A,11020_C|T,12880_C|T,13414_T|C,14408_C|T,15451_G|A,15714_C|T,15738_C|T,15939_T|C,16342_T|C,17410_C|T,17859_T|C,18163_A|G,19326_A|G,19955_C|T,20055_A|G,21618_C|T,21810_T|C,21987_G|A,22000_C|A,22109_C|G,22200_T|A,22577_G|C,22578_G|A,22599_G|C,22664_C|A,22674_C|T,22679_T|C,22686_C|T,22688_A|G,22775_G|A,22786_A|C,22813_G|T,22882_T|G,22895_G|C,22896_T|C,22898_G|A,22942_T|G,22992_G|A,22995_C|A,23013_A|C,23019_T|C,23031_T|C,23055_A|G,23063_A|T,23075_T|C,23123_C|T,23403_A|G,23525_C|T,23599_T|G,23604_C|A,23854_C|A,23948_G|T,24424_A|T,24469_T|A,25000_C|T,25416_C|T,25584_C|T,26060_C|T,26270_C|T,26275_A|G,26577_C|G,26709_G|A,26858_C|T,27259_A|C,27382_G|C,27383_A|T,27384_T|C,27807_C|T,28271_A|T,28311_C|T,28881_G|A,28882_G|A,28883_G|C,29510_A|C,11288_11296,21633_21641,21992_21994,28362_28370,29734_29759
USA/CA-CCPHL-3966/2022	XBB	241_C|T,405_A|G,510_G|A,670_T|G,2790_C|T,3037_C|T,4184_G|A,4321_C|T,7861_T|C,9344_C|T,9424_A|G,9534_C|T,9866_C|T,10029_C|T,10198_C|T,10447_G|A,10449_C|A,12880_C|T,14408_C|T,15451_G|A,15714_C|T,15738_C|T,15939_T|C,16342_T|C,17410_C|T,17859_T|C,18163_A|G,19326_A|G,19955_C|T,20055_A|G,21618_C|T,21810_T|C,21987_G|A,22000_C|A,22109_C|G,22200_T|A,22577_G|C,22578_G|A,22599_G|C,22664_C|A,22674_C|T,22679_T|C,22686_C|T,22688_A|G,22765_A|G,22775_G|A,22786_A|C,22813_G|T,22882_T|G,22895_G|C,22896_T|C,22898_G|A,22942_T|G,22992_G|A,22995_C|A,23013_A|C,23019_T|C,23031_T|C,23055_A|G,23063_A|T,23075_T|C,23403_A|G,23525_C|T,23599_T|G,23604_C|A,23854_C|A,23948_G|T,24424_A|T,24469_T|A,25000_C|T,25316_T|C,25416_C|T,25584_C|T,26060_C|T,26270_C|T,26275_A|G,26577_C|G,26709_G|A,26858_C|T,27259_A|C,27382_G|C,27383_A|T,27384_T|C,27807_C|T,28271_A|T,28311_C|T,28881_G|A,28882_G|A,28883_G|C,29510_A|C,11288_11296,21633_21641,21992_21994,28362_28370
USA/CA-CDC-LC0908724/2022	XBB	241_C|T,405_A|G,510_G|A,670_T|G,2790_C|T,3037_C|T,4184_G|A,4321_C|T,5518_G|A,9344_C|T,9424_A|G,9534_C|T,9866_C|T,10029_C|T,10198_C|T,10447_G|A,10449_C|A,12880_C|T,14408_C|T,15451_G|A,15714_C|T,15738_C|T,15939_T|C,16342_T|C,17410_C|T,17859_T|C,18163_A|G,19326_A|G,19955_C|T,20055_A|G,21618_C|T,21810_T|C,21987_G|A,22000_C|A,22109_C|G,22200_T|A,22577_G|C,22578_G|A,22599_G|C,22664_C|A,22674_C|T,22679_T|C,22686_C|T,22688_A|G,22775_G|A,22786_A|C,22813_G|T,22882_T|G,22895_G|C,22896_T|C,22898_G|A,22942_T|G,22992_G|A,22995_C|A,23013_A|C,23019_T|C,23031_T|C,23055_A|G,23063_A|T,23075_T|C,23403_A|G,23525_C|T,23599_T|G,23604_C|A,23854_C|A,23948_G|T,24069_A|G,24424_A|T,24469_T|A,25000_C|T,25416_C|T,25584_C|T,26060_C|T,26270_C|T,26275_A|G,26577_C|G,26709_G|A,26858_C|T,27259_A|C,27382_G|C,27383_A|T,27384_T|C,27807_C|T,28271_A|T,28311_C|T,28881_G|A,28882_G|A,28883_G|C,29510_A|C,11288_11296,21633_21641,21992_21994,28362_28370,29734_29759
USA/CA-CDC-LC0933873/2022	XBB	241_C|T,405_A|G,510_G|A,670_T|G,1230_A|C,2790_C|T,3037_C|T,4184_G|A,4321_C|T,5518_G|A,9344_C|T,9424_A|G,9534_C|T,9866_C|T,9996_C|T,10029_C|T,10198_C|T,10447_G|A,10449_C|A,12410_A|G,12880_C|T,14408_C|T,15451_G|A,15714_C|T,15738_C|T,15939_T|C,16342_T|C,17410_C|T,17859_T|C,18163_A|G,19326_A|G,19955_C|T,20055_A|G,21618_C|T,21810_T|C,21987_G|A,22000_C|A,22109_C|G,22200_T|A,22577_G|C,22578_G|A,22599_G|C,22664_C|A,22674_C|T,22679_T|C,22686_C|T,22688_A|G,22775_G|A,22786_A|C,22813_G|T,22882_T|G,22895_G|C,22896_T|C,22898_G|A,22942_T|G,22992_G|A,22995_C|A,23013_A|C,23019_T|C,23031_T|C,23055_A|G,23063_A|T,23075_T|C,23403_A|G,23525_C|T,23599_T|G,23604_C|A,23854_C|A,23948_G|T,24069_A|G,24424_A|T,24469_T|A,25000_C|T,25416_C|T,25584_C|T,26060_C|T,26270_C|T,26275_A|G,26577_C|G,26709_G|A,26858_C|T,27259_A|C,27382_G|C,27383_A|T,27384_T|C,27807_C|T,28271_A|T,28311_C|T,28881_G|A,28882_G|A,28883_G|C,29510_A|C,11288_11296,21633_21641,21992_21994,28362_28370,29734_29759
USA/CA-CDC-LC0951488/2022	XBB	241_C|T,405_A|G,510_G|A,670_T|G,2790_C|T,3037_C|T,4184_G|A,4321_C|T,9344_C|T,9352_T|C,9424_A|G,9534_C|T,9866_C|T,9929_G|A,10029_C|T,10198_C|T,10447_G|A,10449_C|A,12880_C|T,14408_C|T,15451_G|A,15714_C|T,15738_C|T,15939_T|C,16342_T|C,17410_C|T,17859_T|C,18163_A|G,19326_A|G,19955_C|T,20055_A|G,21618_C|T,21810_T|C,21987_G|A,22000_C|A,22109_C|G,22200_T|A,22577_G|C,22578_G|A,22599_G|C,22664_C|A,22674_C|T,22679_T|C,22686_C|T,22688_A|G,22775_G|A,22786_A|C,22813_G|T,22882_T|G,22895_G|C,22896_T|C,22898_G|A,22942_T|G,22992_G|A,22995_C|A,23013_A|C,23019_T|C,23031_T|C,23055_A|G,23063_A|T,23075_T|C,23403_A|G,23525_C|T,23599_T|G,23604_C|A,23854_C|A,23948_G|T,24424_A|T,24469_T|A,24943_T|C,25000_C|T,25416_C|T,25584_C|T,26060_C|T,26270_C|T,26275_A|G,26577_C|G,26709_G|A,26858_C|T,27259_A|C,27382_G|C,27383_A|T,27384_T|C,27807_C|T,28271_A|T,28311_C|T,28881_G|A,28882_G|A,28883_G|C,29510_A|C,11288_11296,21633_21641,21992_21994,28362_28370,29734_29759
USA/CA-CDC-STM-PZWTECCCN/2022	XBB	44_C|T,241_C|T,405_A|G,510_G|A,670_T|G,2790_C|T,3037_C|T,4009_C|T,4184_G|A,4321_C|T,4455_C|G,5192_C|T,9344_C|T,9424_A|G,9534_C|T,9866_C|T,10029_C|T,10198_C|T,10447_G|A,10449_C|A,12880_C|T,13436_C|T,14408_C|T,15451_G|A,15714_C|T,15738_C|T,15939_T|C,16342_T|C,16887_C|T,17410_C|T,17859_T|C,18163_A|G,19326_A|G,19955_C|T,20055_A|G,21618_C|T,21810_T|C,21987_G|A,22000_C|A,22109_C|G,22200_T|A,22577_G|C,22578_G|A,22599_G|C,22664_C|A,22674_C|T,22679_T|C,22686_C|T,22775_G|A,22786_A|C,22813_G|T,22882_T|G,22895_G|C,22896_T|C,22898_G|A,22942_T|G,22992_G|A,22995_C|A,23013_A|C,23019_T|C,23031_T|C,23055_A|G,23063_A|T,23075_T|C,23403_A|G,23525_C|T,23599_T|G,23604_C|A,23854_C|A,23948_G|T,24424_A|T,24469_T|A,25000_C|T,25416_C|T,25584_C|T,26060_C|T,26151_C|T,26270_C|T,26275_A|G,26577_C|G,26709_G|A,26858_C|T,27259_A|C,27382_G|C,27383_A|T,27384_T|C,27807_C|T,28170_C|A,28271_A|T,28311_C|T,28881_G|A,28882_G|A,28883_G|C,29510_A|C,11288_11296,21633_21641,21992_21994,28362_28370,29734_29759
USA/CA-CDC-STM-RG6ARXKVS/2022	XBB	44_C|T,241_C|T,405_A|G,510_G|A,670_T|G,2790_C|T,3037_C|T,4184_G|A,4321_C|T,9344_C|T,9424_A|G,9534_C|T,9866_C|T,10029_C|T,10198_C|T,10447_G|A,10449_C|A,12880_C|T,14408_C|T,15451_G|A,15714_C|T,15738_C|T,15939_T|C,16342_T|C,17410_C|T,17859_T|C,18163_A|G,19326_A|G,19955_C|T,20055_A|G,21090_C|T,21618_C|T,21810_T|C,21987_G|A,22000_C|A,22109_C|G,22200_T|A,22577_G|C,22578_G|A,22599_G|C,22664_C|A,22674_C|T,22679_T|C,22686_C|T,22688_A|G,22775_G|A,22786_A|C,22813_G|T,22882_T|G,22895_G|C,22896_T|C,22898_G|A,22942_T|G,22992_G|A,22995_C|A,23013_A|C,23019_T|C,23031_T|C,23055_A|G,23063_A|T,23075_T|C,23403_A|G,23525_C|T,23599_T|G,23604_C|A,23854_C|A,23948_G|T,24424_A|T,24469_T|A,25000_C|T,25416_C|T,25584_C|T,26060_C|T,26270_C|T,26275_A|G,26577_C|G,26709_G|A,26858_C|T,27259_A|C,27382_G|C,27383_A|T,27384_T|C,27807_C|T,28271_A|T,28311_C|T,28881_G|A,28882_G|A,28883_G|C,29510_A|C,11288_11296,21633_21641,21992_21994,28362_28370,29734_29759
USA/CA-CDC-STM-RGCUY2WU4/2022	XBB	44_C|T,241_C|T,405_A|G,510_G|A,670_T|G,1758_C|T,2790_C|T,3037_C|T,4184_G|A,4321_C|T,5518_G|A,6843_C|T,9344_C|T,9424_A|G,9534_C|T,9866_C|T,10029_C|T,10198_C|T,10447_G|A,10449_C|A,12880_C|T,14408_C|T,15451_G|A,15714_C|T,15738_C|T,15939_T|C,16342_T|C,17410_C|T,17859_T|C,18163_A|G,18696_T|C,19326_A|G,19955_C|T,20055_A|G,21618_C|T,21810_T|C,21987_G|A,22000_C|A,22109_C|G,22200_T|A,22577_G|C,22578_G|A,22599_G|C,22664_C|A,22674_C|T,22679_T|C,22686_C|T,22688_A|G,22775_G|A,22786_A|C,22813_G|T,22882_T|G,22895_G|C,22896_T|C,22898_G|A,22942_T|G,22992_G|A,22995_C|A,23013_A|C,23019_T|C,23031_T|C,23055_A|G,23063_A|T,23075_T|C,23403_A|G,23525_C|T,23599_T|G,23604_C|A,23854_C|A,23948_G|T,24424_A|T,24469_T|A,25000_C|T,25416_C|T,25584_C|T,26060_C|T,26270_C|T,26275_A|G,26577_C|G,26709_G|A,26858_C|T,27259_A|C,27382_G|C,27383_A|T,27384_T|C,27807_C|T,28271_A|T,28311_C|T,28881_G|A,28882_G|A,28883_G|C,29510_A|C,11288_11296,21633_21641,21992_21994,28362_28370,29734_29759
USA/CA-CDC-STM-TNR2SNF3F/2022	XBB	44_C|T,241_C|T,405_A|G,510_G|A,670_T|G,2790_C|T,3037_C|T,4184_G|A,4321_C|T,5518_G|A,9344_C|T,9424_A|G,9534_C|T,9866_C|T,10029_C|T,10198_C|T,10447_G|A,10449_C|A,11327_G|A,12781_C|T,12880_C|T,14408_C|T,15451_G|A,15714_C|T,15738_C|T,15939_T|C,16342_T|C,17410_C|T,17859_T|C,18163_A|G,19326_A|G,19955_C|T,20055_A|G,21618_C|T,21810_T|C,21987_G|A,22000_C|A,22109_C|G,22200_T|A,22577_G|C,22578_G|A,22599_G|C,22664_C|A,22674_C|T,22679_T|C,22686_C|T,22688_A|G,22882_T|G,22895_G|C,22896_T|C,22898_G|A,22942_T|G,22992_G|A,22995_C|A,23013_A|C,23019_T|C,23031_T|C,23055_A|G,23063_A|T,23075_T|C,23403_A|G,23525_C|T,23599_T|G,23604_C|A,23613_C|T,23854_C|A,23948_G|T,24424_A|T,24469_T|A,25000_C|T,25416_C|T,25584_C|T,26060_C|T,26270_C|T,26275_A|G,26577_C|G,26709_G|A,26858_C|T,27259_A|C,27382_G|C,27383_A|T,27384_T|C,27807_C|T,28271_A|T,28311_C|T,28881_G|A,28882_G|A,28883_G|C,29510_A|C,11288_11296,21633_21641,21992_21994,28362_28370,29734_29759
USA/CA-CDC-STM-UMYR5CVZC/2022	XBB	32_C|T,44_C|T,241_C|T,405_A|G,510_G|A,670_T|G,2790_C|T,3037_C|T,4184_G|A,4321_C|T,9344_C|T,9424_A|G,9534_C|T,9866_C|T,10029_C|T,10198_C|T,10447_G|A,10449_C|A,12038_G|A,12880_C|T,14408_C|T,15451_G|A,15714_C|T,15738_C|T,15939_T|C,16342_T|C,17410_C|T,17859_T|C,18163_A|G,19326_A|G,19955_C|T,20055_A|G,21618_C|T,21810_T|C,21987_G|A,22000_C|A,22109_C|G,22200_T|A,22577_G|C,22578_G|A,22599_G|C,22664_C|A,22674_C|T,22679_T|C,22686_C|T,22688_A|G,22775_G|A,22786_A|C,22813_G|T,22882_T|G,22895_G|C,22896_T|C,22898_G|A,22942_T|G,22992_G|A,22995_C|A,23013_A|C,23019_T|C,23031_T|C,23055_A|G,23063_A|T,23075_T|C,23403_A|G,23525_C|T,23599_T|G,23604_C|A,23854_C|A,23948_G|T,24424_A|T,24469_T|A,25000_C|T,25416_C|T,25584_C|T,26060_C|T,26270_C|T,26275_A|G,26577_C|G,26709_G|A,26858_C|T,27259_A|C,27382_G|C,27383_A|T,27384_T|C,27807_C|T,27992_T|A,28271_A|T,28311_C|T,28881_G|A,28882_G|A,28883_G|C,29510_A|C,11288_11296,21633_21641,21992_21994,28362_28370,29734_29759
USA/CA-CDC-STM-Z5KXZRCUA/2022	XBB	44_C|T,241_C|T,405_A|G,510_G|A,670_T|G,2790_C|T,3037_C|T,4184_G|A,4321_C|T,5512_C|T,9344_C|T,9424_A|G,9534_C|T,9866_C|T,10029_C|T,10198_C|T,10447_G|A,10449_C|A,12116_C|T,12880_C|T,14408_C|T,15276_T|C,15451_G|A,15714_C|T,15738_C|T,15939_T|C,16342_T|C,17410_C|T,17859_T|C,18163_A|G,19326_A|G,19955_C|T,20055_A|G,21618_C|T,21757_C|T,21810_T|C,21987_G|A,22000_C|A,22109_C|G,22200_T|A,22577_G|C,22578_G|A,22599_G|C,22664_C|A,22674_C|T,22679_T|C,22686_C|T,22688_A|G,22775_G|A,22786_A|C,22813_G|T,22882_T|G,22895_G|C,22896_T|C,22898_G|A,22942_T|G,22992_G|A,22995_C|A,23013_A|C,23019_T|C,23031_T|C,23055_A|G,23063_A|T,23075_T|C,23090_G|A,23403_A|G,23525_C|T,23599_T|G,23604_C|A,23854_C|A,23948_G|T,24424_A|T,24469_T|A,25000_C|T,25416_C|T,25584_C|T,26060_C|T,26270_C|T,26275_A|G,26577_C|G,26709_G|A,26858_C|T,27259_A|C,27382_G|C,27383_A|T,27384_T|C,27807_C|T,28271_A|T,28311_C|T,28881_G|A,28882_G|A,28883_G|C,29510_A|C,11288_11296,21633_21641,21992_21994,28362_28370,29734_29759
USA/CA-CDPH-500081419/2022	XBB	44_C|T,207_C|T,241_C|T,405_A|G,510_G|A,670_T|G,2790_C|T,3037_C|T,4184_G|A,4321_C|T,9344_C|T,9424_A|G,9534_C|T,9866_C|T,9871_G|T,10029_C|T,10198_C|T,10447_G|A,10449_C|A,12880_C|T,14408_C|T,15451_G|A,15714_C|T,15738_C|T,15939_T|C,16070_A|G,16342_T|C,17410_C|T,17859_T|C,18163_A|G,19326_A|G,19955_C|T,20055_A|G,21618_C|T,21810_T|C,21987_G|A,22000_C|A,22109_C|G,22200_T|A,22577_G|C,22578_G|A,22599_G|C,22664_C|A,22674_C|T,22679_T|C,22686_C|T,22688_A|G,22775_G|A,22786_A|C,22882_T|G,22895_G|C,22896_T|C,22898_G|A,22942_T|G,22992_G|A,22995_C|A,23013_A|C,23019_T|C,23031_T|C,23055_A|G,23063_A|T,23075_T|C,23403_A|G,23525_C|T,23599_T|G,23604_C|A,23854_C|A,23948_G|T,24424_A|T,24469_T|A,25000_C|T,25416_C|T,25584_C|T,26060_C|T,26270_C|T,26275_A|G,26577_C|G,26709_G|A,26858_C|T,27259_A|C,27382_G|C,27383_A|T,27384_T|C,27807_C|T,28271_A|T,28311_C|T,28881_G|A,28882_G|A,28883_G|C,29510_A|C,11288_11296,21633_21641,21992_21994,28362_28370,29734_29759
USA/CA-CDPH-500084412/2022	XBB	44_C|T,241_C|T,405_A|G,510_G|A,670_T|G,2790_C|T,3037_C|T,3431_G|T,4184_G|A,4321_C|T,9344_C|T,9424_A|G,9534_C|T,9866_C|T,10029_C|T,10198_C|T,10447_G|A,10449_C|A,12880_C|T,14408_C|T,15451_G|A,15714_C|T,15738_C|T,15939_T|C,16342_T|C,17410_C|T,17859_T|C,18163_A|G,19326_A|G,19955_C|T,20055_A|G,21618_C|T,21810_T|C,21987_G|A,22000_C|A,22109_C|G,22200_T|A,22577_G|C,22578_G|A,22599_G|C,22664_C|A,22674_C|T,22679_T|C,22686_C|T,22688_A|G,22775_G|A,22786_A|C,22882_T|G,22895_G|C,22896_T|C,22898_G|A,22942_T|G,22992_G|A,22995_C|A,23013_A|C,23019_T|C,23031_T|C,23055_A|G,23063_A|T,23075_T|C,23403_A|G,23525_C|T,23599_T|G,23604_C|A,23854_C|A,23948_G|T,24424_A|T,24469_T|A,25000_C|T,25416_C|T,25584_C|T,26060_C|T,26270_C|T,26275_A|G,26577_C|G,26709_G|A,26858_C|T,27259_A|C,27382_G|C,27383_A|T,27384_T|C,27807_C|T,28271_A|T,28311_C|T,28881_G|A,28882_G|A,28883_G|C,29510_A|C,11288_11296,21633_21641,21992_21994,28362_28370,29734_29759
USA/CA-CDPH-500084500/2022	XBB	44_C|T,241_C|T,405_A|G,510_G|A,670_T|G,2790_C|T,3037_C|T,4184_G|A,4321_C|T,9344_C|T,9424_A|G,9534_C|T,9866_C|T,10029_C|T,10198_C|T,10447_G|A,10449_C|A,10775_C|T,11396_C|T,11671_C|T,12880_C|T,14408_C|T,15451_G|A,15714_C|T,15738_C|T,15939_T|C,16342_T|C,16407_C|T,17410_C|T,17859_T|C,18163_A|G,18252_C|T,19326_A|G,19955_C|T,20055_A|G,21618_C|T,21810_T|C,21987_G|A,22000_C|A,22109_C|G,22200_T|A,22577_G|C,22578_G|A,22599_G|C,22664_C|A,22674_C|T,22679_T|C,22686_C|T,22688_A|G,22775_G|A,22786_A|C,22882_T|G,22895_G|C,22896_T|C,22898_G|A,22942_T|G,22992_G|A,22995_C|A,23013_A|C,23019_T|C,23031_T|C,23055_A|G,23063_A|T,23075_T|C,23403_A|G,23525_C|T,23599_T|G,23604_C|A,23854_C|A,23948_G|T,24134_C|A,24424_A|T,24469_T|A,25000_C|T,25416_C|T,25584_C|T,26060_C|T,26270_C|T,26275_A|G,26577_C|G,26709_G|A,26858_C|T,27259_A|C,27382_G|C,27383_A|T,27384_T|C,27807_C|T,28271_A|T,28311_C|T,28361_G|T,28881_G|A,28882_G|A,28883_G|C,29510_A|C,11288_11296,21633_21641,21992_21994,28362_28370,29734_29759,14_.|C
USA/CA-CDPH-500085257/2022	XBB	44_C|T,58_T|C,241_C|T,405_A|G,510_G|A,670_T|G,1230_A|C,2790_C|T,2945_G|A,3037_C|T,3176_C|T,4184_G|A,4321_C|T,5518_G|A,9344_C|T,9424_A|G,9534_C|T,9866_C|T,9996_C|T,10029_C|T,10198_C|T,10447_G|A,10449_C|A,12410_A|G,12880_C|T,14408_C|T,15451_G|A,15714_C|T,15738_C|T,15939_T|C,16342_T|C,17410_C|T,17859_T|C,18163_A|G,19326_A|G,19955_C|T,20055_A|G,21618_C|T,21810_T|C,21987_G|A,21998_C|A,22000_C|A,22109_C|G,22200_T|A,22577_G|C,22578_G|A,22599_G|C,22664_C|A,22674_C|T,22679_T|C,22686_C|T,22688_A|G,22775_G|A,22786_A|C,22882_T|G,22895_G|C,22896_T|C,22898_G|A,22942_T|G,22992_G|A,22995_C|A,23013_A|C,23019_T|C,23031_T|C,23055_A|G,23063_A|T,23075_T|C,23403_A|G,23525_C|T,23599_T|G,23604_C|A,23854_C|A,23948_G|T,24069_A|G,24424_A|T,24469_T|A,25000_C|T,25416_C|T,25584_C|T,26060_C|T,26270_C|T,26275_A|G,26577_C|G,26709_G|A,26858_C|T,27259_A|C,27382_G|C,27383_A|T,27384_T|C,27807_C|T,28271_A|T,28311_C|T,28881_G|A,28882_G|A,28883_G|C,29510_A|C,11288_11296,21633_21641,21992_21994,28362_28370,29734_29759
USA/CA-CDPH-500085412/2022	XBB	44_C|T,241_C|T,405_A|G,510_G|A,670_T|G,2790_C|T,3037_C|T,4184_G|A,4321_C|T,5201_T|C,5518_G|A,9344_C|T,9424_A|G,9534_C|T,9866_C|T,10029_C|T,10198_C|T,10447_G|A,10449_C|A,12880_C|T,14408_C|T,15451_G|A,15714_C|T,15738_C|T,15939_T|C,16342_T|C,17410_C|T,17859_T|C,18163_A|G,19326_A|G,19955_C|T,20055_A|G,21618_C|T,21810_T|C,21987_G|A,22000_C|A,22109_C|G,22200_T|A,22577_G|C,22578_G|A,22599_G|C,22664_C|A,22674_C|T,22679_T|C,22686_C|T,22688_A|G,22775_G|A,22786_A|C,22882_T|G,22895_G|C,22896_T|C,22898_G|A,22942_T|G,22992_G|A,22995_C|A,23013_A|C,23019_T|C,23031_T|C,23055_A|G,23063_A|T,23075_T|C,23403_A|G,23525_C|T,23599_T|G,23604_C|A,23675_G|C,23854_C|A,23948_G|T,24424_A|T,24469_T|A,25000_C|T,25416_C|T,25517_C|T,25584_C|T,26060_C|T,26270_C|T,26275_A|G,26577_C|G,26709_G|A,26858_C|T,27259_A|C,27382_G|C,27383_A|T,27384_T|C,27807_C|T,28271_A|T,28311_C|T,28881_G|A,28882_G|A,28883_G|C,29510_A|C,29686_C|T,11288_11296,21633_21641,21992_21994,28362_28370,29734_29759
USA/CA-CDPH-500085478/2022	XBB	44_C|T,241_C|T,405_A|G,510_G|A,670_T|G,2790_C|T,3037_C|T,4184_G|A,4321_C|T,4455_C|G,5192_C|T,9344_C|T,9424_A|G,9534_C|T,9866_C|T,10029_C|T,10198_C|T,10447_G|A,10449_C|A,12880_C|T,13436_C|T,14408_C|T,15451_G|A,15714_C|T,15738_C|T,15939_T|C,16342_T|C,16887_C|T,17410_C|T,17859_T|C,18163_A|G,19326_A|G,19955_C|T,20055_A|G,21618_C|T,21810_T|C,21987_G|A,22000_C|A,22109_C|G,22200_T|A,22577_G|C,22578_G|A,22599_G|C,22664_C|A,22674_C|T,22679_T|C,22686_C|T,22688_A|G,22775_G|A,22786_A|C,22882_T|G,22895_G|C,22896_T|C,22898_G|A,22942_T|G,22992_G|A,22995_C|A,23013_A|C,23019_T|C,23031_T|C,23055_A|G,23063_A|T,23075_T|C,23403_A|G,23525_C|T,23599_T|G,23604_C|A,23854_C|A,23948_G|T,24424_A|T,24469_T|A,25000_C|T,25416_C|T,25584_C|T,26060_C|T,26151_C|T,26270_C|T,26275_A|G,26577_C|G,26709_G|A,26858_C|T,27259_A|C,27382_G|C,27383_A|T,27384_T|C,27807_C|T,28170_C|A,28271_A|T,28311_C|T,28881_G|A,28882_G|A,28883_G|C,29510_A|C,11288_11296,21633_21641,21992_21994,28362_28370,29734_29759
USA/CA-CDPH-500089377/2022	XBB	44_C|T,241_C|T,405_A|G,510_G|A,670_T|G,2790_C|T,3037_C|T,4184_G|A,4321_C|T,4455_C|G,5192_C|T,9244_A|G,9344_C|T,9424_A|G,9534_C|T,9866_C|T,10029_C|T,10198_C|T,10447_G|A,10449_C|A,12880_C|T,13436_C|T,14408_C|T,15451_G|A,15714_C|T,15738_C|T,15939_T|C,16342_T|C,16887_C|T,17410_C|T,17859_T|C,18163_A|G,19326_A|G,19955_C|T,20055_A|G,21618_C|T,21810_T|C,21987_G|A,22000_C|A,22109_C|G,22200_T|A,22577_G|C,22578_G|A,22599_G|C,22664_C|A,22674_C|T,22679_T|C,22686_C|T,22688_A|G,22775_G|A,22786_A|C,22882_T|G,22895_G|C,22896_T|C,22898_G|A,22942_T|G,22992_G|A,22995_C|A,23013_A|C,23019_T|C,23031_T|C,23055_A|G,23063_A|T,23075_T|C,23403_A|G,23525_C|T,23599_T|G,23604_C|A,23854_C|A,23948_G|T,24424_A|T,24469_T|A,25000_C|T,25416_C|T,25584_C|T,25764_A|G,26060_C|T,26151_C|T,26270_C|T,26275_A|G,26577_C|G,26709_G|A,26858_C|T,27259_A|C,27382_G|C,27383_A|T,27384_T|C,27807_C|T,28170_C|A,28271_A|T,28311_C|T,28881_G|A,28882_G|A,28883_G|C,29510_A|C,11288_11296,21633_21641,21992_21994,28362_28370,29734_29759
USA/CA-CDPH-500089665/2022	XBB	44_C|T,241_C|T,405_A|G,510_G|A,670_T|G,2790_C|T,3037_C|T,3259_G|T,4084_C|T,4184_G|A,4321_C|T,5516_G|A,9344_C|T,9360_C|T,9424_A|G,9534_C|T,9866_C|T,10029_C|T,10198_C|T,10447_G|A,10449_C|A,12073_C|T,12880_C|T,14408_C|T,15451_G|A,15714_C|T,15738_C|T,15939_T|C,16342_T|C,17410_C|T,17703_C|T,17859_T|C,18163_A|G,19326_A|G,19955_C|T,20055_A|G,21618_C|T,21810_T|C,21987_G|A,22000_C|A,22109_C|G,22200_T|A,22555_T|C,22577_G|C,22578_G|A,22599_G|C,22664_C|A,22674_C|T,22679_T|C,22686_C|T,22688_A|G,22775_G|A,22786_A|C,22882_T|G,22895_G|C,22896_T|C,22898_G|A,22942_T|G,22992_G|A,22995_C|A,23013_A|C,23019_T|C,23031_T|C,23055_A|G,23063_A|T,23075_T|C,23403_A|G,23525_C|T,23599_T|G,23604_C|A,23854_C|A,23948_G|T,24424_A|T,24469_T|A,25000_C|T,25416_C|T,25584_C|T,26060_C|T,26270_C|T,26275_A|G,26577_C|G,26709_G|A,26858_C|T,27259_A|C,27382_G|C,27383_A|T,27384_T|C,27807_C|T,28271_A|T,28311_C|T,28881_G|A,28882_G|A,28883_G|C,29510_A|C,11288_11296,21633_21641,21992_21994,28362_28370,29734_29759,14_.|C
USA/CA-CDPH-7000018894/2022	XBB	241_C|T,405_A|G,510_G|A,670_T|G,2790_C|T,3037_C|T,4184_G|A,4321_C|T,9344_C|T,9424_A|G,9534_C|T,9866_C|T,10029_C|T,10198_C|T,10447_G|A,10449_C|A,12880_C|T,14408_C|T,15451_G|A,15714_C|T,15738_C|T,15939_T|C,16342_T|C,17410_C|T,17859_T|C,18163_A|G,19326_A|G,19955_C|T,20055_A|G,21618_C|T,21810_T|C,21987_G|A,22000_C|A,22109_C|G,22200_T|A,22577_G|C,22578_G|A,22599_G|C,22664_C|A,22674_C|T,22679_T|C,22686_C|T,22688_A|G,22775_G|A,22786_A|C,22813_G|T,22882_T|G,22895_G|C,22896_T|C,22898_G|A,22942_T|G,22995_C|A,23013_A|C,23019_T|C,23031_T|C,23055_A|G,23063_A|T,23075_T|C,23403_A|G,23525_C|T,23599_T|G,23604_C|A,23854_C|A,23948_G|T,24424_A|T,24469_T|A,25000_C|T,25416_C|T,25584_C|T,26060_C|T,26270_C|T,26275_A|G,26577_C|G,26709_G|A,26858_C|T,27259_A|C,27382_G|C,27383_A|T,27384_T|C,27807_C|T,28271_A|T,28311_C|T,28881_G|A,28882_G|A,28883_G|C,29510_A|C,11288_11296,21633_21641,21992_21994,28365_28370,29734_29759
USA/CA-CDPH-A4056145153/2022	XBB	44_C|T,241_C|T,405_A|G,510_G|A,670_T|G,2790_C|T,3037_C|T,4184_G|A,4321_C|T,9344_C|T,9424_A|G,9534_C|T,9866_C|T,10029_C|T,10198_C|T,10447_G|A,10449_C|A,12880_C|T,14408_C|T,15451_G|A,15714_C|T,15738_C|T,15939_T|C,16342_T|C,16407_C|T,17410_C|T,17859_T|C,18163_A|G,19326_A|G,19955_C|T,20055_A|G,21618_C|T,21810_T|C,21987_G|A,22000_C|A,22109_C|G,22200_T|A,22577_G|C,22578_G|A,22599_G|C,22664_C|A,22674_C|T,22679_T|C,22686_C|T,22688_A|G,22775_G|A,22786_A|C,22882_T|G,22895_G|C,22896_T|C,22898_G|A,22942_T|G,22992_G|A,22995_C|A,23013_A|C,23019_T|C,23031_T|C,23055_A|G,23063_A|T,23075_T|C,23403_A|G,23525_C|T,23599_T|G,23604_C|A,23854_C|A,23948_G|T,24424_A|T,24469_T|A,24892_T|C,25000_C|T,25416_C|T,25584_C|T,26060_C|T,26270_C|T,26275_A|G,26577_C|G,26709_G|A,26858_C|T,27382_G|C,27383_A|T,27384_T|C,27807_C|T,28271_A|T,28311_C|T,28881_G|A,28882_G|A,28883_G|C,29510_A|C,11288_11296,21633_21641,21992_21994,28362_28370,29734_29759,14_.|C
USA/CA-CDPH-FS48079772/2022	XBB	44_C|T,241_C|T,405_A|G,510_G|A,670_T|G,2790_C|T,3037_C|T,4184_G|A,4321_C|T,8802_C|T,9344_C|T,9424_A|G,9534_C|T,9866_C|T,10029_C|T,10198_C|T,10447_G|A,10449_C|A,12880_C|T,14178_C|T,14408_C|T,15451_G|A,15714_C|T,15738_C|T,15939_T|C,16342_T|C,17410_C|T,17859_T|C,18163_A|G,19326_A|G,19459_A|G,19955_C|T,20055_A|G,21618_C|T,21810_T|C,21987_G|A,22000_C|A,22109_C|G,22200_T|A,22577_G|C,22578_G|A,22599_G|C,22664_C|A,22674_C|T,22679_T|C,22686_C|T,22688_A|G,22775_G|A,22786_A|C,22882_T|G,22895_G|C,22896_T|C,22898_G|A,22942_T|G,22992_G|A,22995_C|A,23013_A|C,23019_T|C,23031_T|C,23055_A|G,23063_A|T,23075_T|C,23403_A|G,23525_C|T,23599_T|G,23604_C|A,23854_C|A,23948_G|T,24424_A|T,24469_T|A,25000_C|T,25416_C|T,25584_C|T,26060_C|T,26270_C|T,26275_A|G,26577_C|G,26709_G|A,26858_C|T,27259_A|C,27382_G|C,27383_A|T,27384_T|C,27807_C|T,28271_A|T,28311_C|T,28881_G|A,28882_G|A,28883_G|C,29510_A|C,11288_11296,21633_21641,21992_21994,28362_28370,29734_29759
USA/CA-CDPH-FS48080554/2022	XBB	44_C|T,241_C|T,405_A|G,510_G|A,556_C|T,670_T|G,2790_C|T,3037_C|T,4184_G|A,4321_C|T,4455_C|G,9344_C|T,9424_A|G,9534_C|T,9866_C|T,10029_C|T,10198_C|T,10447_G|A,10449_C|A,12880_C|T,13436_C|T,14408_C|T,15451_G|A,15714_C|T,15738_C|T,15939_T|C,16342_T|C,16887_C|T,17410_C|T,17678_C|T,17859_T|C,18163_A|G,19326_A|G,19955_C|T,20055_A|G,21618_C|T,21810_T|C,21987_G|A,22000_C|A,22109_C|G,22200_T|A,22577_G|C,22578_G|A,22599_G|C,22664_C|A,22674_C|T,22679_T|C,22686_C|T,22688_A|G,22775_G|A,22786_A|C,22882_T|G,22895_G|C,22896_T|C,22898_G|A,22942_T|G,22992_G|A,22995_C|A,23013_A|C,23019_T|C,23031_T|C,23055_A|G,23063_A|T,23075_T|C,23403_A|G,23525_C|T,23599_T|G,23604_C|A,23854_C|A,23948_G|T,24424_A|T,24469_T|A,25000_C|T,25416_C|T,25584_C|T,26060_C|T,26151_C|T,26270_C|T,26275_A|G,26577_C|G,26709_G|A,26858_C|T,27259_A|C,27382_G|C,27383_A|T,27384_T|C,27807_C|T,28170_C|A,28271_A|T,28311_C|T,28717_C|T,28881_G|A,28882_G|A,28883_G|C,29510_A|C,11288_11296,21633_21641,21992_21994,28362_28370,29734_29759,14_.|C
USA/CA-CDPH-FS48102082/2022	XBB	44_C|T,241_C|T,405_A|G,510_G|A,670_T|G,2790_C|T,3037_C|T,4184_G|A,4321_C|T,5690_G|A,9344_C|T,9424_A|G,9534_C|T,9866_C|T,10029_C|T,10198_C|T,10447_G|A,10449_C|A,12880_C|T,14408_C|T,15451_G|A,15714_C|T,15738_C|T,15939_T|C,16342_T|C,17410_C|T,17859_T|C,18163_A|G,19326_A|G,19955_C|T,20055_A|G,21618_C|T,21810_T|C,21987_G|A,22000_C|A,22109_C|G,22200_T|A,22577_G|C,22578_G|A,22599_G|C,22664_C|A,22674_C|T,22679_T|C,22686_C|T,22688_A|G,22775_G|A,22786_A|C,22882_T|G,22895_G|C,22896_T|C,22898_G|A,22942_T|G,22992_G|A,22995_C|A,23013_A|C,23019_T|C,23031_T|C,23055_A|G,23063_A|T,23075_T|C,23403_A|G,23525_C|T,23599_T|G,23604_C|A,23854_C|A,23948_G|T,24424_A|T,24469_T|A,25000_C|T,25416_C|T,25584_C|T,26060_C|T,26270_C|T,26275_A|G,26577_C|G,26709_G|A,26858_C|T,27259_A|C,27382_G|C,27383_A|T,27384_T|C,27807_C|T,28271_A|T,28311_C|T,28881_G|A,28882_G|A,28883_G|C,29510_A|C,11288_11296,21633_21641,21992_21994,28362_28370,29734_29759
USA/CA-LACPHL-AF16292/2022	XBB	241_C|T,405_A|G,510_G|A,670_T|G,2790_C|T,3037_C|T,4184_G|A,4321_C|T,5690_G|A,6524_A|G,9344_C|T,9424_A|G,9534_C|T,9866_C|T,10029_C|T,10198_C|T,10447_G|A,10449_C|A,12880_C|T,14408_C|T,15451_G|A,15714_C|T,15738_C|T,15939_T|C,16342_T|C,17410_C|T,17859_T|C,18163_A|G,19326_A|G,19955_C|T,20055_A|G,21618_C|T,21810_T|C,21987_G|A,22000_C|A,22109_C|G,22200_T|A,22577_G|C,22578_G|A,22599_G|C,22664_C|A,22674_C|T,22679_T|C,22686_C|T,22688_A|G,22775_G|A,22786_A|C,22813_G|T,22882_T|G,22895_G|C,22896_T|C,22898_G|A,22942_T|G,22992_G|A,22995_C|A,23013_A|C,23019_T|C,23031_T|C,23055_A|G,23063_A|T,23075_T|C,23403_A|G,23525_C|T,23599_T|G,23604_C|A,23854_C|A,23948_G|T,24424_A|T,24469_T|A,25000_C|T,25416_C|T,25584_C|T,26060_C|T,26270_C|T,26275_A|G,26577_C|G,26709_G|A,26858_C|T,27259_A|C,27382_G|C,27383_A|T,27384_T|C,27807_C|T,28271_A|T,28311_C|T,28881_G|A,28882_G|A,28883_G|C,29510_A|C,11288_11296,21633_21641,21992_21994,28362_28370
USA/CA-Stanford-109_S21/2022	XBB	207_C|T,241_C|T,405_A|G,510_G|A,670_T|G,2790_C|T,3037_C|T,4184_G|A,4321_C|T,9344_C|T,9424_A|G,9534_C|T,9866_C|T,10029_C|T,10198_C|T,10447_G|A,10449_C|A,12727_T|C,12880_C|T,14408_C|T,15451_G|A,15714_C|T,15738_C|T,15939_T|C,16342_T|C,17410_C|T,17859_T|C,18163_A|G,19326_A|G,19955_C|T,20055_A|G,20954_A|C,21618_C|T,21810_T|C,21987_G|A,21998_C|A,22000_C|A,22109_C|G,22200_T|A,22577_G|C,22578_G|A,22599_G|C,22664_C|A,22674_C|T,22679_T|C,22686_C|T,22688_A|G,22775_G|A,22786_A|C,22813_G|T,22882_T|G,22895_G|C,22896_T|C,22898_G|A,22942_T|G,22992_G|A,22995_C|A,23013_A|C,23019_T|C,23031_T|C,23055_A|G,23063_A|T,23075_T|C,23403_A|G,23525_C|T,23599_T|G,23604_C|A,23854_C|A,23948_G|T,24424_A|T,24469_T|A,24970_A|G,25000_C|T,25416_C|T,25584_C|T,26060_C|T,26270_C|T,26275_A|G,26577_C|G,26709_G|A,26858_C|T,27259_A|C,27382_G|C,27383_A|T,27384_T|C,27807_C|T,27979_A|T,28271_A|T,28311_C|T,28881_G|A,28882_G|A,28883_G|C,29510_A|C,11288_11296,21633_21641,21992_21994,26284_26286,28362_28370,29734_29759
USA/CT-CDC-LC0931905/2022	XBB	241_C|T,405_A|G,510_G|A,670_T|G,2388_C|T,2790_C|T,3013_G|A,3037_C|T,4184_G|A,4321_C|T,9344_C|T,9424_A|G,9534_C|T,9866_C|T,10029_C|T,10198_C|T,10447_G|A,10449_C|A,12880_C|T,14408_C|T,15451_G|A,15714_C|T,15738_C|T,15939_T|C,16342_T|C,17410_C|T,17859_T|C,18163_A|G,19326_A|G,19955_C|T,20055_A|G,21618_C|T,21810_T|C,21987_G|A,22000_C|A,22109_C|G,22200_T|A,22577_G|C,22578_G|A,22599_G|C,22664_C|A,22674_C|T,22679_T|C,22686_C|T,22688_A|G,22775_G|A,22786_A|C,22813_G|T,22882_T|G,22895_G|C,22896_T|C,22898_G|A,22942_T|G,22992_G|A,22995_C|A,23013_A|C,23019_T|C,23031_T|C,23055_A|G,23063_A|T,23075_T|C,23403_A|G,23525_C|T,23599_T|G,23604_C|A,23767_A|G,23854_C|A,23948_G|T,24424_A|T,24469_T|A,25000_C|T,25416_C|T,25584_C|T,26060_C|T,26270_C|T,26275_A|G,26577_C|G,26709_G|A,26858_C|T,27259_A|C,27382_G|C,27383_A|T,27384_T|C,27807_C|T,28271_A|T,28311_C|T,28881_G|A,28882_G|A,28883_G|C,29367_C|A,29510_A|C,11288_11296,21633_21641,21992_21994,28362_28370,29734_29759
USA/FL-CDC-LC0930912/2022	XBB	207_C|T,241_C|T,405_A|G,510_G|A,670_T|G,2790_C|T,3037_C|T,4184_G|A,4321_C|T,9344_C|T,9424_A|G,9534_C|T,9866_C|T,10029_C|T,10198_C|T,10447_G|A,10449_C|A,12880_C|T,14408_C|T,15451_G|A,15714_C|T,15738_C|T,15939_T|C,16342_T|C,17410_C|T,17859_T|C,18132_T|C,18163_A|G,19326_A|G,19955_C|T,20055_A|G,21618_C|T,21810_T|C,21987_G|A,22000_C|A,22109_C|G,22200_T|A,22577_G|C,22578_G|A,22599_G|C,22664_C|A,22674_C|T,22679_T|C,22686_C|T,22688_A|G,22775_G|A,22786_A|C,22813_G|T,22882_T|G,22895_G|C,22896_T|C,22898_G|A,22942_T|G,22992_G|A,22995_C|A,23013_A|C,23019_T|C,23031_T|C,23055_A|G,23063_A|T,23075_T|C,23403_A|G,23525_C|T,23599_T|G,23604_C|A,23854_C|A,23948_G|T,24424_A|T,24469_T|A,25000_C|T,25416_C|T,25584_C|T,26060_C|T,26270_C|T,26275_A|G,26577_C|G,26709_G|A,26858_C|T,27259_A|C,27382_G|C,27383_A|T,27384_T|C,27807_C|T,28271_A|C,28311_C|T,28476_G|C,28881_G|A,28882_G|A,28883_G|C,29510_A|C,11288_11296,21633_21641,21992_21994,28362_28370,29734_29759
USA/FL-CDC-LC0984569/2023	XBB	44_C|T,241_C|T,405_A|G,510_G|A,670_T|G,2790_C|T,3037_C|T,4184_G|A,4321_C|T,5518_G|A,9344_C|T,9424_A|G,9534_C|T,9866_C|T,10029_C|T,10198_C|T,10447_G|A,10449_C|A,12778_C|T,12880_C|T,13794_T|G,14408_C|T,15451_G|A,15714_C|T,15738_C|T,15939_T|C,16342_T|C,17410_C|T,17859_T|C,18163_A|G,19326_A|G,19955_C|T,20055_A|G,21618_C|T,21810_T|C,21987_G|A,22000_C|A,22109_C|G,22200_T|A,22577_G|C,22578_G|A,22599_G|C,22664_C|A,22674_C|T,22679_T|C,22686_C|T,22688_A|G,22775_G|A,22786_A|C,22813_G|T,22882_T|G,22895_G|C,22896_T|C,22898_G|A,22942_T|G,22992_G|A,22995_C|A,23013_A|C,23019_T|C,23031_T|C,23055_A|G,23063_A|T,23075_T|C,23403_A|G,23525_C|T,23599_T|G,23604_C|A,23854_C|A,23948_G|T,24424_A|T,24469_T|A,25000_C|T,25416_C|T,25584_C|T,26060_C|T,26270_C|T,26275_A|G,26577_C|G,26709_G|A,26858_C|T,27259_A|C,27382_G|C,27383_A|T,27384_T|C,27807_C|T,28271_A|T,28311_C|T,28377_C|T,28881_G|A,28882_G|A,28883_G|C,29510_A|C,11288_11296,21633_21641,21992_21994,28362_28370,29734_29759
USA/FL-CDC-QDX43797033/2022	XBB	241_C|T,405_A|G,670_T|G,2790_C|T,3037_C|T,4184_G|A,4321_C|T,9344_C|T,9424_A|G,9534_C|T,9866_C|T,10029_C|T,10198_C|T,10447_G|A,10449_C|A,11471_C|T,12880_C|T,14408_C|T,15451_G|A,15714_C|T,15738_C|T,15939_T|C,16342_T|C,17410_C|T,17859_T|C,18163_A|G,19326_A|G,19955_C|T,20055_A|G,21618_C|T,21810_T|C,21987_G|A,22000_C|A,22109_C|G,22200_T|A,22577_G|C,22578_G|A,22599_G|C,22664_C|A,22674_C|T,22679_T|C,22686_C|T,22688_A|G,22775_G|A,22786_A|C,22813_G|T,22882_T|G,22895_G|C,22896_T|C,22898_G|A,22942_T|G,22992_G|A,22995_C|A,23013_A|C,23019_T|C,23031_T|C,23055_A|G,23063_A|T,23075_T|C,23403_A|G,23525_C|T,23599_T|G,23604_C|A,23854_C|A,23948_G|T,24424_A|T,24469_T|A,25000_C|T,25416_C|T,25584_C|T,25991_G|A,26060_C|T,26270_C|T,26275_A|G,26577_C|G,26709_G|A,26858_C|T,27259_A|C,27382_G|C,27383_A|T,27384_T|C,27807_C|T,27915_G|T,28271_A|T,28311_C|T,28881_G|A,28882_G|A,28883_G|C,29510_A|C,515_520,11288_11296,21633_21641,21992_21994,28362_28370,29734_29759
USA/FL-CDC-QDX45530206/2023	XBB	241_C|T,405_A|G,670_T|G,2113_C|T,2790_C|T,3037_C|T,4184_G|A,4321_C|T,9344_C|T,9424_A|G,9534_C|T,9866_C|T,10029_C|T,10198_C|T,10447_G|A,10449_C|A,12484_C|T,12571_A|G,12880_C|T,14408_C|T,15451_G|A,15714_C|T,15738_C|T,15939_T|C,16342_T|C,16887_C|T,17410_C|T,17859_T|C,18163_A|G,19326_A|G,19955_C|T,20055_A|G,21618_C|T,21810_T|C,21987_G|A,22000_C|A,22109_C|G,22200_T|A,22577_G|C,22578_G|A,22599_G|C,22664_C|A,22674_C|T,22679_T|C,22686_C|T,22688_A|G,22775_G|A,22786_A|C,22813_G|T,22882_T|G,22895_G|C,22896_T|C,22898_G|A,22942_T|G,22992_G|A,22995_C|A,23013_A|C,23019_T|C,23031_T|C,23055_A|G,23063_A|T,23075_T|C,23403_A|G,23525_C|T,23599_T|G,23604_C|A,23854_C|A,23948_G|T,24424_A|T,24469_T|A,25000_C|T,25416_C|T,25523_G|C,25584_C|T,26060_C|T,26270_C|T,26275_A|G,26334_A|C,26577_C|G,26709_G|A,26858_C|T,27167_C|T,27213_C|T,27259_A|C,27382_G|C,27383_A|T,27384_T|C,27807_C|T,27915_G|T,27923_C|T,28271_A|T,28311_C|T,28881_G|A,28882_G|A,28883_G|C,29510_A|C,11288_11296,21633_21641,21992_21994,28362_28370,29734_29759
USA/GA-CDC-STM-GPYZKGX9E/2022	XBB	44_C|T,241_C|T,405_A|G,510_G|A,670_T|G,2790_C|T,3037_C|T,4099_C|T,4184_G|A,4321_C|T,5518_G|A,9344_C|T,9424_A|G,9534_C|T,9866_C|T,10029_C|T,10198_C|T,10447_G|A,10449_C|A,10517_G|A,11455_C|T,12880_C|T,13225_C|T,14408_C|T,15451_G|A,15714_C|T,15738_C|T,15939_T|C,16194_T|G,16342_T|C,17410_C|T,17859_T|C,18163_A|G,19326_A|G,19955_C|T,20055_A|G,20412_A|G,21618_C|T,21810_T|C,21987_G|A,22000_C|A,22109_C|G,22200_T|A,22577_G|C,22578_G|A,22599_G|C,22664_C|A,22674_C|T,22679_T|C,22686_C|T,22688_A|G,22775_G|A,22786_A|C,22813_G|T,22882_T|G,22895_G|C,22896_T|C,22898_G|A,22942_T|G,22992_G|A,22995_C|A,23013_A|C,23019_T|C,23031_T|C,23055_A|G,23063_A|T,23075_T|C,23403_A|G,23525_C|T,23599_T|G,23604_C|A,23854_C|A,23948_G|T,24424_A|T,24469_T|A,25000_C|T,25416_C|T,25584_C|T,26060_C|T,26270_C|T,26275_A|G,26577_C|G,26709_G|A,26858_C|T,27259_A|C,27382_G|C,27383_A|T,27384_T|C,27807_C|T,28271_A|T,28311_C|T,28881_G|A,28882_G|A,28883_G|C,29510_A|C,11288_11296,21633_21641,21992_21994,28362_28370,29734_29759
USA/GA-CDC-STM-MUMZV6UGG/2022	XBB	44_C|T,241_C|T,405_A|G,510_G|A,670_T|G,2790_C|T,3037_C|T,4184_G|A,4321_C|T,7443_T|C,9344_C|T,9424_A|G,9534_C|T,9866_C|T,10029_C|T,10198_C|T,10447_G|A,10449_C|A,10977_C|T,12880_C|T,14408_C|T,15451_G|A,15714_C|T,15738_C|T,15939_T|C,16342_T|C,17410_C|T,17474_C|T,17859_T|C,18163_A|G,19326_A|G,19955_C|T,20055_A|G,21618_C|T,21810_T|C,21987_G|A,22000_C|A,22109_C|G,22200_T|A,22577_G|C,22578_G|A,22599_G|C,22664_C|A,22674_C|T,22679_T|C,22686_C|T,22688_A|G,22775_G|A,22786_A|C,22813_G|T,22882_T|G,22895_G|C,22896_T|C,22898_G|A,22942_T|G,22992_G|A,22995_C|A,23013_A|C,23019_T|C,23031_T|C,23055_A|G,23063_A|T,23075_T|C,23403_A|G,23525_C|T,23599_T|G,23604_C|A,23854_C|A,23948_G|T,24424_A|T,24469_T|A,25000_C|T,25416_C|T,25584_C|T,26060_C|T,26270_C|T,26275_A|G,26577_C|G,26709_G|A,26858_C|T,27259_A|C,27382_G|C,27383_A|T,27384_T|C,27807_C|T,28271_A|T,28311_C|T,28881_G|A,28882_G|A,28883_G|C,29510_A|C,11288_11296,21633_21641,21992_21994,28362_28370,29734_29759
USA/GA-GPHL-3371/2022	XBB	241_C|T,405_A|G,510_G|A,670_T|G,2035_G|T,2790_C|T,3037_C|T,4184_G|A,4321_C|T,5365_C|T,5428_A|G,8879_A|G,9344_C|T,9424_A|G,9534_C|T,9866_C|T,10029_C|T,10198_C|T,10447_G|A,10449_C|A,11417_G|T,12880_C|T,14408_C|T,15451_G|A,15714_C|T,15738_C|T,15939_T|C,16342_T|C,17410_C|T,17859_T|C,18163_A|G,19326_A|G,19955_C|T,20055_A|G,21618_C|T,21810_T|C,21987_G|A,22000_C|A,22109_C|G,22200_T|A,22577_G|C,22578_G|A,22599_G|C,22664_C|A,22674_C|T,22679_T|C,22686_C|T,22688_A|G,22775_G|A,22786_A|C,22813_G|T,22882_T|G,22895_G|C,22896_T|C,22898_G|A,22942_T|G,22992_G|A,22995_C|A,23013_A|C,23019_T|C,23031_T|C,23055_A|G,23063_A|T,23075_T|C,23403_A|G,23525_C|T,23599_T|G,23604_C|A,23854_C|A,23948_G|T,24424_A|T,24469_T|A,25000_C|T,25416_C|T,25584_C|T,26060_C|T,26270_C|T,26275_A|G,26577_C|G,26709_G|A,26858_C|T,27259_A|C,27382_G|C,27383_A|T,27384_T|C,27807_C|T,28271_A|T,28311_C|T,28881_G|A,28882_G|A,28883_G|C,29510_A|C,11288_11296,21633_21641,21992_21994,28362_28370,29734_29759
USA/IL-CDC-STM-HQ2R4ZHG3/2022	XBB	241_C|T,405_A|G,510_G|A,670_T|G,1645_C|T,2790_C|T,3037_C|T,4184_G|A,4321_C|T,6091_C|T,9344_C|T,9424_A|G,9534_C|T,9866_C|T,9979_C|T,10029_C|T,10042_A|G,10198_C|T,10447_G|A,10449_C|A,12880_C|T,14408_C|T,15451_G|A,15714_C|T,15738_C|T,15939_T|C,16342_T|C,16474_A|G,17410_C|T,17859_T|C,18163_A|G,19326_A|G,19955_C|T,20055_A|G,20874_T|C,21618_C|T,21810_T|C,21987_G|A,22000_C|A,22109_C|G,22200_T|A,22577_G|C,22578_G|A,22599_G|C,22664_C|A,22674_C|T,22679_T|C,22686_C|T,22688_A|G,22775_G|A,22786_A|C,22813_G|T,22882_T|G,22895_G|C,22896_T|C,22898_G|A,22942_T|G,22992_G|A,22995_C|A,23013_A|C,23019_T|C,23031_T|C,23055_A|G,23063_A|T,23075_T|C,23403_A|G,23525_C|T,23599_T|G,23604_C|A,23854_C|A,23948_G|T,24210_C|T,24424_A|T,24469_T|A,25000_C|T,25416_C|T,25584_C|T,26060_C|T,26270_C|T,26275_A|G,26577_C|G,26709_G|A,26858_C|T,27259_A|C,27382_G|C,27383_A|T,27384_T|C,27807_C|T,28271_A|T,28311_C|T,28881_G|A,28882_G|A,28883_G|C,29073_C|T,29510_A|C,11288_11296,21633_21641,21992_21994,28362_28370,29734_29759
USA/IN-CDC-STM-U5DDDXN2Z/2022	XBB	44_C|T,241_C|T,405_A|G,510_G|A,670_T|G,1037_A|G,2790_C|T,3037_C|T,4184_G|A,4321_C|T,5518_G|A,9344_C|T,9424_A|G,9534_C|T,9866_C|T,10029_C|T,10198_C|T,10447_G|A,10449_C|A,12880_C|T,14408_C|T,14724_C|T,15451_G|A,15714_C|T,15738_C|T,15939_T|C,16342_T|C,17410_C|T,17859_T|C,18163_A|G,19326_A|G,19955_C|T,20055_A|G,21618_C|T,21810_T|C,21987_G|A,22000_C|A,22109_C|G,22200_T|A,22577_G|C,22578_G|A,22599_G|C,22664_C|A,22674_C|T,22679_T|C,22686_C|T,22688_A|G,22775_G|A,22786_A|C,22813_G|T,22882_T|G,22895_G|C,22896_T|C,22898_G|A,22942_T|G,22992_G|A,22995_C|A,23013_A|C,23019_T|C,23031_T|C,23055_A|G,23063_A|T,23075_T|C,23403_A|G,23525_C|T,23599_T|G,23604_C|A,23854_C|A,23948_G|T,24424_A|T,24469_T|A,25000_C|T,25416_C|T,25584_C|T,25714_C|T,26060_C|T,26270_C|T,26275_A|G,26577_C|G,26709_G|A,26858_C|T,27259_A|C,27382_G|C,27383_A|T,27384_T|C,27807_C|T,28271_A|T,28311_C|T,28881_G|A,28882_G|A,28883_G|C,29510_A|C,11288_11296,21633_21641,21992_21994,28362_28370,29734_29759
USA/JW8406/2022	XBB	241_C|T,405_A|G,670_T|G,835_C|T,1367_A|G,2790_C|T,3037_C|T,4184_G|A,4321_C|T,9344_C|T,9424_A|G,9534_C|T,9866_C|T,10029_C|T,10198_C|T,10447_G|A,10449_C|A,12880_C|T,14408_C|T,15451_G|A,15714_C|T,15738_C|T,15939_T|C,16342_T|C,17410_C|T,17859_T|C,18163_A|G,19326_A|G,19955_C|T,20055_A|G,21618_C|T,21810_T|C,21925_T|C,21987_G|A,22000_C|A,22109_C|G,22200_T|A,22577_G|C,22578_G|A,22599_G|C,22664_C|A,22674_C|T,22679_T|C,22686_C|T,22688_A|G,22775_G|A,22786_A|C,22813_G|T,22882_T|G,22895_G|C,22896_T|C,22898_G|A,22942_T|G,22992_G|A,22995_C|A,23013_A|C,23019_T|C,23031_T|C,23055_A|G,23063_A|T,23075_T|C,23403_A|G,23525_C|T,23599_T|G,23604_C|A,23854_C|A,23948_G|T,24424_A|T,24469_T|A,25000_C|T,25416_C|T,25584_C|T,26060_C|T,26270_C|T,26275_A|G,26577_C|G,26709_G|A,26753_C|T,26858_C|T,27259_A|C,27382_G|C,27383_A|T,27384_T|C,27807_C|T,28271_A|T,28311_C|T,28881_G|A,28882_G|A,28883_G|C,29510_A|C,11288_11296,21633_21641,21992_21994,28362_28370,29734_29759
USA/LA-EVTL19746/2023	XBB	241_C|T,405_A|G,670_T|G,2790_C|T,3037_C|T,4184_G|A,9344_C|T,9424_A|G,9534_C|T,9866_C|T,10029_C|T,10198_C|T,10447_G|A,10449_C|A,11296_T|G,12880_C|T,14408_C|T,15451_G|A,15714_C|T,15738_C|T,15939_T|C,17410_C|T,17859_T|C,18163_A|G,19326_A|G,19955_C|T,20055_A|G,21618_C|T,21810_T|C,21987_G|A,22000_C|A,22109_C|G,22200_T|A,22577_G|C,22578_G|A,22599_G|C,22664_C|A,22674_C|T,22679_T|C,22686_C|T,22688_A|G,22775_G|A,22786_A|C,22813_G|T,22882_T|G,22895_G|C,22896_T|C,22898_G|A,22942_T|G,22992_G|A,22995_C|G,23013_A|C,23018_T|C,23019_T|C,23031_T|C,23055_A|G,23063_A|T,23075_T|C,23403_A|G,23525_C|T,23599_T|G,23604_C|A,23854_C|A,23948_G|T,24424_A|T,24469_T|A,25000_C|T,25416_C|T,25584_C|T,26060_C|T,26270_C|T,26275_A|G,26577_C|G,26709_G|A,26858_C|T,27259_A|C,27382_G|C,27383_A|T,27384_T|C,27807_C|T,28271_A|T,28311_C|T,28881_G|A,28882_G|A,28883_G|C,29510_A|C,21633_21641,21992_21994,28362_28370
USA/M00614862-F1-1/2022	XBB	241_C|T,405_A|G,510_G|A,670_T|G,2790_C|T,3037_C|T,4184_G|A,4321_C|T,8917_C|T,9344_C|T,9424_A|G,9534_C|T,9866_C|T,10029_C|T,10198_C|T,10447_G|A,10449_C|A,12880_C|T,14408_C|T,15451_G|A,15714_C|T,15738_C|T,15939_T|C,16342_T|C,17410_C|T,17859_T|C,18163_A|G,19326_A|G,19955_C|T,20055_A|G,21618_C|T,21810_T|C,21987_G|A,22000_C|A,22109_C|G,22200_T|A,22577_G|C,22578_G|A,22599_G|C,22664_C|A,22674_C|T,22679_T|C,22686_C|T,22688_A|G,22775_G|A,22786_A|C,22813_G|T,22882_T|G,22895_G|C,22896_T|C,22898_G|A,22942_T|G,22992_G|A,22995_C|A,23013_A|C,23019_T|C,23031_T|C,23055_A|G,23063_A|T,23075_T|C,23403_A|G,23525_C|T,23599_T|G,23604_C|A,23854_C|A,23948_G|T,24424_A|T,24469_T|A,25000_C|T,25416_C|T,25584_C|T,26060_C|T,26270_C|T,26275_A|G,26577_C|G,26709_G|A,26858_C|T,27259_A|C,27382_G|C,27383_A|T,27384_T|C,27476_C|T,27807_C|T,28271_A|T,28311_C|T,28881_G|A,28882_G|A,28883_G|C,29510_A|C,29781_G|T,11288_11296,21633_21641,21992_21994,28362_28370,29734_29759
USA/MD-CDC-LC0962850/2022	XBB	241_C|T,405_A|G,510_G|A,670_T|G,2790_C|T,3037_C|T,4184_G|A,4321_C|T,9178_T|C,9344_C|T,9352_T|C,9424_A|G,9534_C|T,9866_C|T,9929_G|A,10029_C|T,10198_C|T,10447_G|A,10449_C|A,12880_C|T,14408_C|T,15451_G|A,15714_C|T,15738_C|T,15939_T|C,16342_T|C,17410_C|T,17859_T|C,18163_A|G,19326_A|G,19955_C|T,20055_A|G,21618_C|T,21810_T|C,21987_G|A,22000_C|A,22109_C|G,22200_T|A,22577_G|C,22578_G|A,22599_G|C,22664_C|A,22674_C|T,22679_T|C,22686_C|T,22688_A|G,22775_G|A,22786_A|C,22813_G|T,22882_T|G,22895_G|C,22896_T|C,22898_G|A,22942_T|G,22992_G|A,22995_C|A,23013_A|C,23019_T|C,23031_T|C,23055_A|G,23063_A|T,23075_T|C,23403_A|G,23525_C|T,23599_T|G,23604_C|A,23854_C|A,23948_G|T,24424_A|T,24469_T|A,25000_C|T,25416_C|T,25584_C|T,26060_C|T,26270_C|T,26275_A|G,26577_C|G,26709_G|A,26858_C|T,27259_A|C,27382_G|C,27383_A|T,27384_T|C,27807_C|T,28271_A|T,28311_C|T,28881_G|A,28882_G|A,28883_G|C,29510_A|C,11288_11296,21633_21641,21992_21994,28362_28370,29734_29759
USA/MI-CDC-QDX43428320/2022	XBB	241_C|T,405_A|G,541_C|T,670_T|G,2790_C|T,3037_C|T,4184_G|A,4321_C|T,9344_C|T,9424_A|G,9534_C|T,9866_C|T,10029_C|T,10198_C|T,10447_G|A,10449_C|A,12880_C|T,14408_C|T,15451_G|A,15714_C|T,15738_C|T,15939_T|C,16342_T|C,17410_C|T,17859_T|C,18163_A|G,19326_A|G,19955_C|T,20055_A|G,21618_C|T,21810_T|C,21987_G|A,22000_C|A,22109_C|G,22200_T|A,22577_G|C,22578_G|A,22599_G|C,22664_C|A,22674_C|T,22679_T|C,22686_C|T,22688_A|G,22775_G|A,22786_A|C,22813_G|T,22882_T|G,22895_G|C,22896_T|C,22898_G|A,22942_T|G,22992_G|A,22995_C|A,23013_A|C,23019_T|C,23031_T|C,23055_A|G,23063_A|T,23075_T|C,23403_A|G,23525_C|T,23599_T|G,23604_C|A,23854_C|A,23948_G|T,24424_A|T,24469_T|A,25000_C|T,25416_C|T,25584_C|T,26060_C|T,26270_C|T,26275_A|G,26577_C|G,26709_G|A,26858_C|T,27259_A|C,27382_G|C,27383_A|T,27384_T|C,27807_C|T,28130_T|C,28271_A|T,28311_C|T,28881_G|A,28882_G|A,28883_G|C,29510_A|C,11288_11296,21633_21641,21992_21994,28362_28370,29734_29759
USA/MI-CDC-STM-JG9JTHZPG/2022	XBB	44_C|T,241_C|T,405_A|G,510_G|A,670_T|G,2790_C|T,3037_C|T,4184_G|A,4321_C|T,5869_C|T,9344_C|T,9424_A|G,9534_C|T,9866_C|T,10029_C|T,10198_C|T,10296_C|T,10447_G|A,10449_C|A,12880_C|T,14408_C|T,15451_G|A,15714_C|T,15738_C|T,15939_T|C,16342_T|C,16887_C|T,17410_C|T,17859_T|C,18163_A|G,19326_A|G,19955_C|T,20055_A|G,21618_C|T,21789_C|T,21810_T|C,21987_G|A,22000_C|A,22109_C|G,22200_T|A,22577_G|C,22578_G|A,22599_G|C,22664_C|A,22674_C|T,22679_T|C,22686_C|T,22688_A|G,22775_G|A,22786_A|C,22813_G|T,22882_T|G,22895_G|C,22896_T|C,22898_G|A,22942_T|G,22992_G|A,22995_C|A,23013_A|C,23019_T|C,23031_T|C,23055_A|G,23063_A|T,23075_T|C,23403_A|G,23525_C|T,23599_T|G,23604_C|A,23854_C|A,23948_G|T,24424_A|T,24469_T|A,25000_C|T,25416_C|T,25584_C|T,26060_C|T,26270_C|T,26275_A|G,26577_C|G,26709_G|A,26858_C|T,27259_A|C,27382_G|C,27383_A|T,27384_T|C,27807_C|T,28271_A|T,28311_C|T,28822_T|C,28881_G|A,28882_G|A,28883_G|C,29510_A|C,11288_11296,21633_21641,21992_21994,28362_28370,29734_29759
USA/MI-CDC-STM-P2J8YX85F/2022	XBB	44_C|T,241_C|T,405_A|G,510_G|A,670_T|G,2790_C|T,3037_C|T,4184_G|A,4321_C|T,7443_T|C,9344_C|T,9424_A|G,9534_C|T,9866_C|T,10029_C|T,10198_C|T,10447_G|A,10449_C|A,10483_T|G,10977_C|T,12880_C|T,13730_C|T,14408_C|T,15451_G|A,15714_C|T,15738_C|T,15939_T|C,16342_T|C,17410_C|T,17859_T|C,18163_A|G,19326_A|G,19955_C|T,20055_A|G,21618_C|T,21810_T|C,21987_G|A,22000_C|A,22109_C|G,22200_T|A,22577_G|C,22578_G|A,22599_G|C,22664_C|A,22674_C|T,22679_T|C,22686_C|T,22688_A|G,22775_G|A,22786_A|C,22813_G|T,22882_T|G,22895_G|C,22896_T|C,22898_G|A,22942_T|G,22992_G|A,22995_C|A,23013_A|C,23019_T|C,23031_T|C,23055_A|G,23063_A|T,23075_T|C,23403_A|G,23525_C|T,23599_T|G,23604_C|A,23854_C|A,23948_G|T,24424_A|T,24469_T|A,25000_C|T,25416_C|T,25584_C|T,26060_C|T,26270_C|T,26275_A|G,26577_C|G,26709_G|A,26858_C|T,27259_A|C,27382_G|C,27383_A|T,27384_T|C,27807_C|T,28271_A|T,28311_C|T,28881_G|A,28882_G|A,28883_G|C,29510_A|C,11288_11296,21633_21641,21992_21994,28362_28370,29734_29759
USA/MI-CDC-STM-RCJ29SR7F/2022	XBB	44_C|T,241_C|T,405_A|G,510_G|A,670_T|G,2790_C|T,3037_C|T,4184_G|A,4321_C|T,5055_C|T,9344_C|T,9424_A|G,9534_C|T,9866_C|T,10029_C|T,10198_C|T,10447_G|A,10449_C|A,12880_C|T,14408_C|T,15451_G|A,15714_C|T,15738_C|T,15939_T|C,16342_T|C,17410_C|T,17859_T|C,18163_A|G,19326_A|G,19955_C|T,20055_A|G,21618_C|T,21810_T|C,21987_G|A,22000_C|A,22109_C|G,22200_T|A,22577_G|C,22578_G|A,22599_G|C,22664_C|A,22674_C|T,22679_T|C,22686_C|T,22688_A|G,22775_G|A,22786_A|C,22813_G|T,22882_T|G,22895_G|C,22896_T|C,22898_G|A,22942_T|G,22992_G|A,22995_C|A,23013_A|C,23019_T|C,23031_T|C,23055_A|G,23063_A|T,23075_T|C,23403_A|G,23525_C|T,23599_T|G,23604_C|A,23854_C|A,23948_G|T,24424_A|T,24469_T|A,25000_C|T,25416_C|T,25584_C|T,26060_C|T,26270_C|T,26275_A|G,26577_C|G,26709_G|A,26858_C|T,27259_A|C,27382_G|C,27383_A|T,27384_T|C,27807_C|T,28271_A|T,28311_C|T,28806_G|A,28881_G|A,28882_G|A,28883_G|C,29510_A|C,11288_11296,21633_21641,21992_21994,28362_28370,29734_29759
USA/MI-SH_MSU-G11_I_0224_51/2022	XBB	241_C|T,405_A|G,670_T|G,745_C|T,781_A|T,2790_C|T,2937_C|T,3037_C|T,4184_G|A,4321_C|T,5339_C|T,8897_A|G,9344_C|T,9424_A|G,9534_C|T,9866_C|T,10029_C|T,10198_C|T,10447_G|A,10449_C|A,10939_T|C,12880_C|T,14184_C|T,14408_C|T,15451_G|A,15714_C|T,15738_C|T,15939_T|C,16342_T|C,17410_C|T,17859_T|C,18163_A|G,19326_A|G,19955_C|T,20055_A|G,21618_C|T,21810_T|C,21987_G|A,22000_C|A,22109_C|G,22200_T|A,22577_G|C,22578_G|A,22599_G|C,22664_C|A,22674_C|T,22679_T|C,22686_C|T,22688_A|G,22775_G|A,22786_A|C,22813_G|T,22882_T|G,22895_G|C,22896_T|C,22898_G|A,22942_T|G,22992_G|A,22995_C|A,23013_A|C,23019_T|C,23031_T|C,23055_A|G,23063_A|T,23075_T|C,23403_A|G,23525_C|T,23599_T|G,23604_C|A,23854_C|A,23948_G|T,24424_A|T,24469_T|A,25000_C|T,25416_C|T,25584_C|T,26060_C|T,26270_C|T,26275_A|G,26577_C|G,26709_G|A,26858_C|T,27259_A|C,27382_G|C,27383_A|T,27384_T|C,27807_C|T,27915_G|T,28271_A|T,28311_C|T,28540_A|G,28881_G|A,28882_G|A,28883_G|C,29510_A|C,11288_11296,21633_21641,21992_21994,28362_28370,29734_29759
USA/MO-CDC-LC0961665/2022	XBB	241_C|T,405_A|G,510_G|A,670_T|G,2790_C|T,3037_C|T,4184_G|A,4321_C|T,5392_C|T,5518_G|A,9344_C|T,9424_A|G,9534_C|T,9866_C|T,10029_C|T,10198_C|T,10447_G|A,10449_C|A,12073_C|T,12880_C|T,14408_C|T,15451_G|A,15714_C|T,15738_C|T,15939_T|C,16342_T|C,17410_C|T,17859_T|C,18163_A|G,19326_A|G,19524_C|T,19684_G|T,19955_C|T,20055_A|G,21575_C|T,21618_C|T,21810_T|C,21987_G|A,22000_C|A,22109_C|G,22200_T|A,22577_G|C,22578_G|A,22599_G|C,22664_C|A,22674_C|T,22679_T|C,22686_C|T,22688_A|G,22775_G|A,22786_A|C,22813_G|T,22882_T|G,22895_G|C,22896_T|C,22898_G|A,22942_T|G,22992_G|A,22995_C|A,23013_A|C,23019_T|C,23031_T|C,23055_A|G,23063_A|T,23075_T|C,23403_A|G,23525_C|T,23599_T|G,23604_C|A,23854_C|A,23948_G|T,24424_A|T,24469_T|A,24721_T|C,25000_C|T,25416_C|T,25584_C|T,26060_C|T,26270_C|T,26275_A|G,26577_C|G,26709_G|A,26858_C|T,27259_A|C,27382_G|C,27383_A|T,27384_T|C,27807_C|T,28271_A|T,28311_C|T,28881_G|A,28882_G|A,28883_G|C,29510_A|C,11288_11296,21633_21641,21992_21994,28362_28370,29734_29759
USA/NC-CDC-LC0927783/2022	XBB	44_C|T,241_C|T,405_A|G,510_G|A,670_T|G,2790_C|T,3037_C|T,3431_G|T,4184_G|A,4321_C|T,9344_C|T,9424_A|G,9534_C|T,9866_C|T,10029_C|T,10198_C|T,10447_G|A,10449_C|A,12390_A|C,12880_C|T,14408_C|T,15451_G|A,15714_C|T,15738_C|T,15939_T|C,16342_T|C,17410_C|T,17859_T|C,18163_A|G,19326_A|G,19955_C|T,20055_A|G,21618_C|T,21810_T|C,21987_G|A,22000_C|A,22109_C|G,22200_T|A,22577_G|C,22578_G|A,22599_G|C,22664_C|A,22674_C|T,22679_T|C,22686_C|T,22688_A|G,22775_G|A,22786_A|C,22813_G|T,22882_T|G,22895_G|C,22896_T|C,22898_G|A,22942_T|G,22992_G|A,22995_C|A,23013_A|C,23019_T|C,23031_T|C,23055_A|G,23063_A|T,23075_T|C,23403_A|G,23525_C|T,23599_T|G,23604_C|A,23854_C|A,23948_G|T,24424_A|T,24469_T|A,25000_C|T,25416_C|T,25584_C|T,26060_C|T,26270_C|T,26275_A|G,26577_C|G,26709_G|A,26858_C|T,27259_A|C,27382_G|C,27383_A|T,27384_T|C,27807_C|T,28271_A|T,28311_C|T,28881_G|A,28882_G|A,28883_G|C,29510_A|C,11288_11296,21633_21641,21992_21994,28362_28370,29734_29759
USA/NC-CDC-LC0931265/2022	XBB	44_C|T,241_C|T,405_A|G,510_G|A,670_T|G,1853_C|A,2790_C|T,3037_C|T,4184_G|A,4321_C|T,5518_G|A,9344_C|T,9424_A|G,9534_C|T,9866_C|T,10029_C|T,10198_C|T,10447_G|A,10449_C|A,12880_C|T,14408_C|T,15451_G|A,15714_C|T,15738_C|T,15939_T|C,16342_T|C,17410_C|T,17859_T|C,18163_A|G,19326_A|G,19955_C|T,20055_A|G,21618_C|T,21810_T|C,21987_G|A,22000_C|A,22109_C|G,22200_T|A,22577_G|C,22578_G|A,22599_G|C,22664_C|A,22674_C|T,22679_T|C,22686_C|T,22688_A|G,22775_G|A,22786_A|C,22813_G|T,22882_T|G,22895_G|C,22896_T|C,22898_G|A,22942_T|G,22992_G|A,22995_C|A,23013_A|C,23019_T|C,23031_T|C,23055_A|G,23063_A|T,23075_T|C,23403_A|G,23525_C|T,23599_T|G,23604_C|A,23854_C|A,23948_G|T,24424_A|T,24469_T|A,25000_C|T,25416_C|T,25584_C|T,26060_C|T,26270_C|T,26275_A|G,26577_C|G,26709_G|A,26858_C|T,27259_A|C,27382_G|C,27383_A|T,27384_T|C,27807_C|T,28271_A|T,28311_C|T,28881_G|A,28882_G|A,28883_G|C,29510_A|C,11288_11296,21633_21641,21992_21994,28362_28370,29734_29759
USA/NC-CDC-LC0931443/2022	XBB	44_C|T,241_C|T,405_A|G,670_T|G,2790_C|T,3037_C|T,4184_G|A,4321_C|T,5518_G|A,8712_T|C,9344_C|T,9424_A|G,9534_C|T,9866_C|T,10029_C|T,10198_C|T,10447_G|A,10449_C|A,11474_A|G,12880_C|T,14408_C|T,15451_G|A,15714_C|T,15738_C|T,15939_T|C,16342_T|C,16767_C|T,17410_C|T,17859_T|C,18163_A|G,19326_A|G,19955_C|T,20055_A|G,21618_C|T,21810_T|C,21987_G|A,22000_C|A,22109_C|G,22200_T|A,22320_A|G,22577_G|C,22578_G|A,22599_G|C,22664_C|A,22674_C|T,22679_T|C,22686_C|T,22688_A|G,22775_G|A,22786_A|C,22813_G|T,22882_T|G,22895_G|C,22896_T|C,22898_G|A,22942_T|G,22992_G|A,22995_C|A,23013_A|C,23019_T|C,23031_T|C,23055_A|G,23063_A|T,23075_T|C,23403_A|G,23525_C|T,23599_T|G,23604_C|A,23854_C|A,23948_G|T,24424_A|T,24469_T|A,25000_C|T,25416_C|T,25584_C|T,26060_C|T,26224_C|T,26270_C|T,26275_A|G,26577_C|G,26709_G|A,26858_C|T,27259_A|C,27382_G|C,27383_A|T,27384_T|C,27807_C|T,28271_A|T,28311_C|T,28881_G|A,28882_G|A,28883_G|C,29510_A|C,11288_11296,21633_21641,21992_21994,28362_28370,29734_29759
USA/NC-CDC-LC0975738/2022	XBB	207_C|T,241_C|T,373_G|T,405_A|G,510_G|A,670_T|G,1549_C|T,2790_C|T,3037_C|T,3695_C|T,4184_G|A,4321_C|T,9344_C|T,9424_A|G,9534_C|T,9866_C|T,10029_C|T,10198_C|T,10447_G|A,10449_C|A,12880_C|T,14408_C|T,14571_C|T,15451_G|A,15714_C|T,15738_C|T,15939_T|C,16342_T|C,17410_C|T,17859_T|C,18163_A|G,19326_A|G,19955_C|T,20055_A|G,21618_C|T,21763_T|A,21810_T|C,21987_G|A,22000_C|A,22109_C|G,22200_T|A,22577_G|C,22578_G|A,22599_G|C,22664_C|A,22674_C|T,22679_T|C,22686_C|T,22688_A|G,22775_G|A,22786_A|C,22813_G|T,22882_T|G,22895_G|C,22896_T|C,22898_G|A,22942_T|G,22992_G|A,22995_C|A,23013_A|C,23019_T|C,23031_T|C,23055_A|G,23063_A|T,23075_T|C,23403_A|G,23525_C|T,23599_T|G,23604_C|A,23854_C|A,23948_G|T,24424_A|T,24469_T|A,25000_C|T,25416_C|T,25584_C|T,26060_C|T,26270_C|T,26275_A|G,26577_C|G,26709_G|A,26858_C|T,27259_A|C,27382_G|C,27383_A|T,27384_T|C,27807_C|T,28271_A|T,28311_C|T,28657_C|T,28881_G|A,28882_G|A,28883_G|C,29510_A|C,11288_11296,21633_21641,21992_21994,28362_28370,29734_29759
USA/NJ-CDC-LC0904612/2022	XBB	44_C|T,241_C|T,405_A|G,510_G|A,670_T|G,2790_C|T,3037_C|T,4184_G|A,4321_C|T,9344_C|T,9424_A|G,9534_C|T,9866_C|T,10029_C|T,10198_C|T,10447_G|A,10449_C|A,12880_C|T,14408_C|T,15451_G|A,15714_C|T,15738_C|T,15939_T|C,16342_T|C,17410_C|T,17859_T|C,18163_A|G,19158_T|C,19326_A|G,19955_C|T,20055_A|G,21618_C|T,21810_T|C,21987_G|A,22000_C|A,22109_C|G,22200_T|A,22577_G|C,22578_G|A,22599_G|C,22664_C|A,22674_C|T,22679_T|C,22686_C|T,22688_A|G,22775_G|A,22786_A|C,22813_G|T,22882_T|G,22895_G|C,22896_T|C,22898_G|A,22942_T|G,22992_G|A,22995_C|A,23013_A|C,23019_T|C,23031_T|C,23055_A|G,23063_A|T,23075_T|C,23403_A|G,23525_C|T,23599_T|G,23604_C|A,23854_C|A,23948_G|T,24424_A|T,24469_T|A,25000_C|T,25416_C|T,25584_C|T,26060_C|T,26270_C|T,26275_A|G,26577_C|G,26677_T|C,26709_G|A,26858_C|T,27259_A|C,27382_G|C,27383_A|T,27384_T|C,27807_C|T,28271_A|T,28311_C|T,28881_G|A,28882_G|A,28883_G|C,29510_A|C,11288_11296,21633_21641,21992_21994,28362_28370,29734_29759
USA/NJ-CDC-LC0943280/2022	XBB	207_C|T,241_C|T,373_G|T,405_A|G,510_G|A,670_T|G,1549_C|T,2790_C|T,3037_C|T,4184_G|A,4321_C|T,9344_C|T,9424_A|G,9534_C|T,9866_C|T,10029_C|T,10198_C|T,10447_G|A,10449_C|A,12880_C|T,14408_C|T,14571_C|T,15451_G|A,15714_C|T,15738_C|T,15939_T|C,16342_T|C,17410_C|T,17859_T|C,18163_A|G,19326_A|G,19955_C|T,20055_A|G,21618_C|T,21810_T|C,21987_G|A,22000_C|A,22109_C|G,22200_T|A,22577_G|C,22578_G|A,22599_G|C,22664_C|A,22674_C|T,22679_T|C,22686_C|T,22688_A|G,22775_G|A,22786_A|C,22813_G|T,22882_T|G,22895_G|C,22896_T|C,22898_G|A,22942_T|G,22992_G|A,22995_C|A,23013_A|C,23019_T|C,23031_T|C,23055_A|G,23063_A|T,23075_T|C,23403_A|G,23525_C|T,23599_T|G,23604_C|A,23854_C|A,23948_G|T,24424_A|T,24469_T|A,25000_C|T,25416_C|T,25584_C|T,26060_C|T,26270_C|T,26275_A|G,26577_C|G,26709_G|A,26858_C|T,27259_A|C,27382_G|C,27383_A|T,27384_T|C,27807_C|T,28271_A|T,28311_C|T,28657_C|T,28881_G|A,28882_G|A,28883_G|C,29510_A|C,11288_11296,21633_21641,21992_21994,28362_28370,29734_29759
USA/NJ-CDC-LC0943572/2022	XBB	44_C|T,241_C|T,405_A|G,510_G|A,670_T|G,2790_C|T,3037_C|T,4184_G|A,4321_C|T,9344_C|T,9352_T|C,9424_A|G,9534_C|T,9866_C|T,9929_G|A,10029_C|T,10198_C|T,10447_G|A,10449_C|A,12880_C|T,14408_C|T,15451_G|A,15714_C|T,15738_C|T,15939_T|C,16342_T|C,17410_C|T,17859_T|C,18163_A|G,19326_A|G,19955_C|T,20055_A|G,21618_C|T,21810_T|C,21987_G|A,22000_C|A,22109_C|G,22200_T|A,22577_G|C,22578_G|A,22599_G|C,22664_C|A,22674_C|T,22679_T|C,22686_C|T,22688_A|G,22775_G|A,22786_A|C,22813_G|T,22882_T|G,22895_G|C,22896_T|C,22898_G|A,22942_T|G,22992_G|A,22995_C|A,23013_A|C,23019_T|C,23031_T|C,23055_A|G,23063_A|T,23075_T|C,23403_A|G,23525_C|T,23599_T|G,23604_C|A,23854_C|A,23948_G|T,24424_A|T,24469_T|A,25000_C|T,25416_C|T,25584_C|T,26060_C|T,26270_C|T,26275_A|G,26577_C|G,26709_G|A,26858_C|T,27259_A|C,27382_G|C,27383_A|T,27384_T|C,27807_C|T,28271_A|T,28311_C|T,28881_G|A,28882_G|A,28883_G|C,29510_A|C,11288_11296,21633_21641,21992_21994,28362_28370,29734_29759
USA/NJ-CDC-LC0943822/2022	XBB	44_C|T,241_C|T,405_A|G,510_G|A,670_T|G,2051_G|A,2790_C|T,3037_C|T,4184_G|A,4321_C|T,9344_C|T,9424_A|G,9534_C|T,9866_C|T,10029_C|T,10198_C|T,10447_G|A,10449_C|A,12880_C|T,14408_C|T,15451_G|A,15714_C|T,15738_C|T,15939_T|C,16342_T|C,17410_C|T,17859_T|C,18163_A|G,19326_A|G,19955_C|T,20055_A|G,21618_C|T,21771_T|G,21810_T|C,21987_G|A,22000_C|A,22109_C|G,22200_T|A,22540_T|C,22577_G|C,22578_G|A,22599_G|C,22664_C|A,22674_C|T,22679_T|C,22686_C|T,22688_A|G,22775_G|A,22786_A|C,22813_G|T,22882_T|G,22895_G|C,22896_T|C,22898_G|A,22942_T|G,22992_G|A,22995_C|A,23013_A|C,23019_T|C,23031_T|C,23055_A|G,23063_A|T,23075_T|C,23403_A|G,23525_C|T,23599_T|G,23604_C|A,23854_C|A,23948_G|T,24424_A|T,24469_T|A,25000_C|T,25416_C|T,25584_C|T,26060_C|T,26270_C|T,26275_A|G,26577_C|G,26709_G|A,26858_C|T,27259_A|C,27382_G|C,27383_A|T,27384_T|C,27807_C|T,27945_C|T,28271_A|T,28311_C|T,28881_G|A,28882_G|A,28883_G|C,29272_C|T,29466_C|T,29510_A|C,11288_11296,21633_21641,21992_21994,28362_28370,29734_29759
USA/NJ-CDC-LC0950520/2022	XBB	44_C|T,241_C|T,405_A|G,510_G|A,670_T|G,2644_C|T,2790_C|T,3037_C|T,4184_G|A,4321_C|T,4897_C|T,5878_C|T,7749_C|T,9344_C|T,9424_A|G,9534_C|T,9866_C|T,10029_C|T,10198_C|T,10447_G|A,10449_C|A,12880_C|T,14408_C|T,15451_G|A,15714_C|T,15738_C|T,15939_T|C,16342_T|C,17410_C|T,17859_T|C,18163_A|G,19326_A|G,19955_C|T,20055_A|G,21618_C|T,21810_T|C,21987_G|A,22000_C|A,22109_C|G,22200_T|A,22577_G|C,22578_G|A,22599_G|C,22664_C|A,22674_C|T,22679_T|C,22686_C|T,22688_A|G,22775_G|A,22786_A|C,22813_G|T,22882_T|G,22895_G|C,22896_T|C,22898_G|A,22942_T|G,22992_G|A,22995_C|A,23013_A|C,23019_T|C,23031_T|C,23055_A|G,23063_A|T,23075_T|C,23403_A|G,23525_C|T,23599_T|G,23604_C|A,23854_C|A,23948_G|T,24210_C|T,24424_A|T,24469_T|A,25000_C|T,25416_C|T,25584_C|T,26060_C|T,26270_C|T,26275_A|G,26577_C|G,26709_G|A,26858_C|T,27259_A|C,27382_G|C,27383_A|T,27384_T|C,27807_C|T,28271_A|T,28311_C|T,28881_G|A,28882_G|A,28883_G|C,29510_A|C,11288_11296,21633_21641,21992_21994,28362_28370,29734_29759
USA/NJ-CDC-LC0952565/2022	XBB	241_C|T,405_A|G,510_G|A,670_T|G,2790_C|T,3037_C|T,4184_G|A,4321_C|T,9344_C|T,9352_T|C,9424_A|G,9534_C|T,9866_C|T,9929_G|A,10029_C|T,10198_C|T,10447_G|A,10449_C|A,12880_C|T,14408_C|T,15451_G|A,15714_C|T,15738_C|T,15939_T|C,16342_T|C,17410_C|T,17859_T|C,18163_A|G,19326_A|G,19955_C|T,20055_A|G,21618_C|T,21810_T|C,21987_G|A,22000_C|A,22109_C|G,22200_T|A,22577_G|C,22578_G|A,22599_G|C,22664_C|A,22674_C|T,22679_T|C,22686_C|T,22688_A|G,22775_G|A,22786_A|C,22813_G|T,22882_T|G,22895_G|C,22896_T|C,22898_G|A,22942_T|G,22992_G|A,22995_C|A,23013_A|C,23019_T|C,23031_T|C,23055_A|G,23063_A|T,23075_T|C,23403_A|G,23525_C|T,23599_T|G,23604_C|A,23854_C|A,23948_G|T,24424_A|T,24469_T|A,25000_C|T,25416_C|T,25584_C|T,26060_C|T,26270_C|T,26275_A|G,26577_C|G,26709_G|A,26858_C|T,27259_A|C,27382_G|C,27383_A|T,27384_T|C,27807_C|T,28271_A|T,28311_C|T,28881_G|A,28882_G|A,28883_G|C,29510_A|C,11288_11296,21633_21641,21992_21994,28362_28370,29734_29759
USA/NJ-CDC-LC0954527/2022	XBB	207_C|T,241_C|T,373_G|T,405_A|G,510_G|A,670_T|G,1549_C|T,2790_C|T,3037_C|T,4184_G|A,4321_C|T,9344_C|T,9424_A|G,9534_C|T,9866_C|T,10029_C|T,10198_C|T,10447_G|A,10449_C|A,12880_C|T,14408_C|T,14571_C|T,15451_G|A,15714_C|T,15738_C|T,15939_T|C,16342_T|C,17410_C|T,17859_T|C,18163_A|G,19326_A|G,19955_C|T,20055_A|G,21618_C|T,21810_T|C,21987_G|A,22000_C|A,22109_C|G,22200_T|A,22577_G|C,22578_G|A,22599_G|C,22664_C|A,22674_C|T,22679_T|C,22686_C|T,22688_A|G,22775_G|A,22786_A|C,22813_G|T,22882_T|G,22895_G|C,22896_T|C,22898_G|A,22942_T|G,22992_G|A,22995_C|A,23013_A|C,23019_T|C,23031_T|C,23055_A|G,23063_A|T,23075_T|C,23403_A|G,23525_C|T,23599_T|G,23604_C|A,23854_C|A,23948_G|T,24424_A|T,24469_T|A,25000_C|T,25416_C|T,25584_C|T,26060_C|T,26270_C|T,26275_A|G,26577_C|G,26709_G|A,26858_C|T,27259_A|C,27382_G|C,27383_A|T,27384_T|C,27807_C|T,28271_A|T,28311_C|T,28657_C|T,28881_G|A,28882_G|A,28883_G|C,29510_A|C,11288_11296,21633_21641,21992_21994,28362_28370,29734_29759
USA/NJ-CDC-LC0964012/2022	XBB	44_C|T,241_C|T,405_A|G,510_G|A,670_T|G,1265_G|A,2051_G|A,2638_C|T,2790_C|T,3037_C|T,4113_C|T,4184_G|A,4321_C|T,9344_C|T,9424_A|G,9534_C|T,9866_C|T,10029_C|T,10198_C|T,10447_G|A,10449_C|A,12880_C|T,14408_C|T,15451_G|A,15714_C|T,15738_C|T,15939_T|C,16342_T|C,17410_C|T,17859_T|C,18163_A|G,19326_A|G,19955_C|T,20055_A|G,21618_C|T,21771_T|G,21810_T|C,21987_G|A,22000_C|A,22109_C|G,22200_T|A,22540_T|C,22577_G|C,22578_G|A,22599_G|C,22664_C|A,22674_C|T,22679_T|C,22686_C|T,22688_A|G,22775_G|A,22786_A|C,22813_G|T,22882_T|G,22895_G|C,22896_T|C,22898_G|A,22942_T|G,22992_G|A,22995_C|A,23013_A|C,23019_T|C,23031_T|C,23055_A|G,23063_A|T,23075_T|C,23403_A|G,23525_C|T,23599_T|G,23604_C|A,23854_C|A,23948_G|T,24424_A|T,24469_T|A,25000_C|T,25416_C|T,25584_C|T,26060_C|T,26270_C|T,26275_A|G,26577_C|G,26709_G|A,26858_C|T,27259_A|C,27382_G|C,27383_A|T,27384_T|C,27807_C|T,27945_C|T,28271_A|T,28311_C|T,28881_G|A,28882_G|A,28883_G|C,29272_C|T,29466_C|T,29510_A|C,11288_11296,21633_21641,21992_21994,28362_28370,29734_29759
USA/NJ-CDC-QDX43070545/2022	XBB	241_C|T,405_A|G,670_T|G,2790_C|T,3037_C|T,4184_G|A,4321_C|T,9344_C|T,9424_A|G,9534_C|T,9866_C|T,10029_C|T,10198_C|T,10447_G|A,10449_C|A,12880_C|T,14408_C|T,15451_G|A,15714_C|T,15738_C|T,15939_T|C,16342_T|C,17410_C|T,17859_T|C,18163_A|G,19326_A|G,19955_C|T,20055_A|G,21618_C|T,21810_T|C,21987_G|A,22000_C|A,22109_C|G,22200_T|A,22577_G|C,22578_G|A,22599_G|C,22664_C|A,22674_C|T,22679_T|C,22686_C|T,22688_A|G,22775_G|A,22786_A|C,22813_G|T,22882_T|G,22895_G|C,22896_T|C,22898_G|A,22942_T|G,22992_G|A,22995_C|A,23013_A|C,23019_T|C,23031_T|C,23055_A|G,23063_A|T,23075_T|C,23403_A|G,23525_C|T,23599_T|G,23604_C|A,23854_C|A,23948_G|T,24424_A|T,24469_T|A,25000_C|T,25416_C|T,25584_C|T,26060_C|T,26270_C|T,26275_A|G,26577_C|G,26709_G|A,26858_C|T,27259_A|C,27382_G|C,27383_A|T,27384_T|C,27807_C|T,28271_A|T,28311_C|T,28881_G|A,28882_G|A,28883_G|C,29510_A|C,11288_11296,21633_21641,21992_21994,28362_28370,29734_29759
USA/NJ-PHEL-V22049180/2022	XBB	207_C|T,241_C|T,405_A|G,510_G|A,1549_C|T,2790_C|T,3037_C|T,4184_G|A,4321_C|T,9344_C|T,9424_A|G,9534_C|T,9866_C|T,10029_C|T,10198_C|T,10447_G|A,10449_C|A,12880_C|T,14408_C|T,14571_C|T,15451_G|A,15714_C|T,15738_C|T,15939_T|C,16342_T|C,17410_C|T,17859_T|C,18163_A|G,19326_A|G,19955_C|T,20055_A|G,21618_C|T,21810_T|C,21987_G|A,22000_C|A,22109_C|G,22200_T|A,22577_G|C,22578_G|A,22599_G|C,22664_C|A,22674_C|T,22679_T|C,22686_C|T,22688_A|G,22775_G|A,22786_A|C,22813_G|T,22882_T|G,22895_G|C,22896_T|C,22898_G|A,22942_T|G,22992_G|A,22995_C|A,23013_A|C,23019_T|C,23031_T|C,23055_A|G,23063_A|T,23075_T|C,23403_A|G,23525_C|T,23599_T|G,23604_C|A,23854_C|A,23948_G|T,24424_A|T,24469_T|A,25000_C|T,25416_C|T,25584_C|T,26060_C|T,26270_C|T,26275_A|G,26577_C|G,26709_G|A,26858_C|T,27259_A|C,27382_G|C,27383_A|T,27384_T|C,27807_C|T,28271_A|T,28311_C|T,28881_G|A,28882_G|A,28883_G|C,29510_A|C,11288_11296,21633_21641,21992_21994,28362_28370
USA/NJ-PHEL-V22051221/2022	XBB	207_C|T,241_C|T,373_G|T,405_A|G,510_G|A,1549_C|T,2790_C|T,3037_C|T,4184_G|A,4321_C|T,9344_C|T,9424_A|G,9534_C|T,9866_C|T,10029_C|T,10198_C|T,10447_G|A,10449_C|A,12880_C|T,14408_C|T,14571_C|T,15451_G|A,15714_C|T,15738_C|T,15939_T|C,16342_T|C,17410_C|T,17859_T|C,18163_A|G,19326_A|G,19955_C|T,20055_A|G,21618_C|T,21810_T|C,21987_G|A,22000_C|A,22109_C|G,22200_T|A,22577_G|C,22578_G|A,22599_G|C,22664_C|A,22674_C|T,22679_T|C,22686_C|T,22688_A|G,22775_G|A,22786_A|C,22813_G|T,22882_T|G,22895_G|C,22896_T|C,22898_G|A,22942_T|G,22992_G|A,22995_C|A,23013_A|C,23019_T|C,23031_T|C,23055_A|G,23063_A|T,23075_T|C,23403_A|G,23525_C|T,23599_T|G,23604_C|A,23854_C|A,23948_G|T,24424_A|T,24469_T|A,25000_C|T,25416_C|T,25584_C|T,26060_C|T,26270_C|T,26275_A|G,26577_C|G,26709_G|A,26858_C|T,27259_A|C,27382_G|C,27383_A|T,27384_T|C,27807_C|T,28271_A|T,28311_C|T,28657_C|T,28881_G|A,28882_G|A,28883_G|C,29510_A|C,11288_11296,21633_21641,21992_21994,28362_28370
USA/NJ-PHEL-V22051628/2022	XBB	207_C|T,241_C|T,373_G|T,405_A|G,510_G|A,670_T|G,1549_C|T,2790_C|T,3037_C|T,4184_G|A,4321_C|T,9344_C|T,9424_A|G,9534_C|T,9866_C|T,10029_C|T,10198_C|T,10447_G|A,10449_C|A,12880_C|T,14408_C|T,14571_C|T,15451_G|A,15714_C|T,15738_C|T,15939_T|C,16342_T|C,17410_C|T,17859_T|C,18163_A|G,19326_A|G,19955_C|T,20055_A|G,21618_C|T,21810_T|C,21987_G|A,22000_C|A,22109_C|G,22200_T|A,22577_G|C,22578_G|A,22599_G|C,22664_C|A,22674_C|T,22679_T|C,22686_C|T,22688_A|G,22775_G|A,22786_A|C,22813_G|T,22882_T|G,22895_G|C,22896_T|C,22898_G|A,22942_T|G,22992_G|A,22995_C|A,23013_A|C,23019_T|C,23031_T|C,23055_A|G,23063_A|T,23075_T|C,23403_A|G,23525_C|T,23599_T|G,23604_C|A,23854_C|A,23948_G|T,24424_A|T,24469_T|A,25000_C|T,25416_C|T,25584_C|T,26060_C|T,26270_C|T,26275_A|G,26577_C|G,26709_G|A,26858_C|T,27259_A|C,27382_G|C,27383_A|T,27384_T|C,27807_C|T,28271_A|T,28311_C|T,28657_C|T,28881_G|A,28882_G|A,28883_G|C,29510_A|C,11288_11296,21633_21641,21992_21994,28362_28370
USA/NJ-PHEL-V22051870/2022	XBB	241_C|T,300_C|T,405_A|G,510_G|A,670_T|G,2790_C|T,3037_C|T,4184_G|A,4321_C|T,9344_C|T,9424_A|G,9534_C|T,9866_C|T,10029_C|T,10198_C|T,10447_G|A,10449_C|A,10450_C|T,12880_C|T,14408_C|T,15451_G|A,15714_C|T,15738_C|T,15939_T|C,16342_T|C,17410_C|T,17859_T|C,18163_A|G,19326_A|G,19955_C|T,20055_A|G,21618_C|T,21810_T|C,21987_G|A,21998_C|A,22000_C|A,22109_C|G,22200_T|A,22577_G|C,22578_G|A,22599_G|C,22664_C|A,22674_C|T,22679_T|C,22686_C|T,22688_A|G,22775_G|A,22786_A|C,22813_G|T,22882_T|G,22895_G|C,22896_T|C,22898_G|A,22942_T|G,22992_G|A,22995_C|A,23013_A|C,23019_T|C,23031_T|C,23055_A|G,23063_A|T,23075_T|C,23403_A|G,23525_C|T,23599_T|G,23604_C|A,23854_C|A,23948_G|T,24424_A|T,24469_T|A,25000_C|T,25416_C|T,25584_C|T,26060_C|T,26199_G|A,26270_C|T,26275_A|G,26577_C|G,26709_G|A,26858_C|T,27259_A|C,27382_G|C,27383_A|T,27384_T|C,27807_C|T,28271_A|T,28311_C|T,28698_C|T,28881_G|A,28882_G|A,28883_G|C,29510_A|C,11288_11296,21633_21641,28362_28370
USA/NJ-PHEL-V22052137/2022	XBB	241_C|T,405_A|G,510_G|A,670_T|G,2790_C|T,3037_C|T,3425_C|T,4184_G|A,4321_C|T,4795_C|T,9344_C|T,9424_A|G,9534_C|T,9866_C|T,9969_C|T,10029_C|T,10198_C|T,10447_G|A,10449_C|A,12880_C|T,14408_C|T,15451_G|A,15714_C|T,15738_C|T,15939_T|C,16342_T|C,17410_C|T,17859_T|C,18163_A|G,19326_A|G,19955_C|T,20055_A|G,21618_C|T,21810_T|C,21987_G|A,22000_C|A,22109_C|G,22200_T|A,22577_G|C,22578_G|A,22599_G|C,22664_C|A,22674_C|T,22679_T|C,22686_C|T,22688_A|G,22775_G|A,22786_A|C,22813_G|T,22882_T|G,22895_G|C,22896_T|C,22898_G|A,22942_T|G,22992_G|A,22995_C|A,23013_A|C,23019_T|C,23031_T|C,23055_A|G,23063_A|T,23075_T|C,23403_A|G,23525_C|T,23599_T|G,23604_C|A,23854_C|A,23948_G|T,24424_A|T,24469_T|A,25000_C|T,25416_C|T,25584_C|T,26060_C|T,26270_C|T,26275_A|G,26577_C|G,26709_G|A,26858_C|T,27259_A|C,27382_G|C,27383_A|T,27384_T|C,27673_C|T,27807_C|T,27992_T|A,28271_A|T,28311_C|T,28881_G|A,28882_G|A,28883_G|C,29510_A|C,11288_11296,21633_21641,21992_21994,28362_28370
USA/NJ-PHEL-V22052151/2022	XBB	241_C|T,405_A|G,670_T|G,2790_C|T,3037_C|T,4184_G|A,4321_C|T,9344_C|T,9424_A|G,9534_C|T,9866_C|T,10029_C|T,10198_C|T,10447_G|A,10449_C|A,12880_C|T,14408_C|T,15451_G|A,15714_C|T,15738_C|T,15763_C|G,15939_T|C,16342_T|C,17410_C|T,17859_T|C,18163_A|G,19326_A|G,19459_A|G,19955_C|T,20055_A|G,21618_C|T,21810_T|C,21987_G|A,22000_C|A,22109_C|G,22200_T|A,22530_C|T,22577_G|C,22578_G|A,22674_C|T,22679_T|C,22686_C|T,22688_A|G,22775_G|A,22786_A|C,22813_G|T,22882_T|G,22942_T|G,22992_G|A,22995_C|A,23013_A|C,23019_T|C,23055_A|G,23063_A|T,23075_T|C,23403_A|G,23525_C|T,23599_T|G,23604_C|A,23854_C|A,23948_G|T,24424_A|T,24469_T|A,25000_C|T,25416_C|T,25584_C|T,26060_C|T,26270_C|T,26275_A|G,26577_C|G,26709_G|A,26858_C|T,27259_A|C,27382_G|C,27383_A|T,27384_T|C,27807_C|T,28271_A|T,28311_C|T,28881_G|A,28882_G|A,28883_G|C,29510_A|C,11288_11296,21633_21641,21992_21994,28362_28370
USA/NJ-PHEL-V22054958/2022	XBB	207_C|T,241_C|T,373_G|T,405_A|G,510_G|A,670_T|G,1549_C|T,2790_C|T,3037_C|T,4184_G|A,4321_C|T,9344_C|T,9424_A|G,9534_C|T,9866_C|T,10029_C|T,10198_C|T,10447_G|A,10449_C|A,12880_C|T,14408_C|T,14571_C|T,15451_G|A,15714_C|T,15738_C|T,15939_T|C,16342_T|C,17410_C|T,17859_T|C,18163_A|G,19326_A|G,19955_C|T,20055_A|G,21618_C|T,21810_T|C,21987_G|A,22000_C|A,22109_C|G,22200_T|A,22577_G|C,22578_G|A,22599_G|C,22664_C|A,22674_C|T,22679_T|C,22686_C|T,22688_A|G,22775_G|A,22786_A|C,22813_G|T,22882_T|G,22895_G|C,22896_T|C,22898_G|A,22942_T|G,22992_G|A,22995_C|A,23013_A|C,23019_T|C,23031_T|C,23055_A|G,23063_A|T,23075_T|C,23403_A|G,23525_C|T,23599_T|G,23604_C|A,23854_C|A,23948_G|T,24424_A|T,24469_T|A,25000_C|T,25416_C|T,25584_C|T,26060_C|T,26270_C|T,26275_A|G,26577_C|G,26709_G|A,26858_C|T,27259_A|C,27382_G|C,27383_A|T,27384_T|C,27807_C|T,28271_A|T,28311_C|T,28657_C|T,28881_G|A,28882_G|A,28883_G|C,29510_A|C,11288_11296,21633_21641,21992_21994,28362_28370
USA/NJ-PHEL-V23002697/2023	XBB	189_G|A,241_C|T,405_A|G,510_G|A,1204_C|T,2790_C|T,3037_C|T,4184_G|A,4321_C|T,6357_A|G,9344_C|T,9424_A|G,9534_C|T,9866_C|T,10029_C|T,10198_C|T,10447_G|A,10449_C|A,12880_C|T,14408_C|T,15451_G|A,15714_C|T,15738_C|T,15939_T|C,16332_C|T,16342_T|C,17410_C|T,17859_T|C,18163_A|G,19326_A|G,19955_C|T,20055_A|G,20148_C|T,21618_C|T,21765_T|C,21810_T|C,21987_G|A,22000_C|A,22109_C|G,22200_T|A,22577_G|C,22578_G|A,22599_G|C,22664_C|A,22674_C|T,22679_T|C,22686_C|T,22688_A|G,22775_G|A,22786_A|C,22813_G|T,22882_T|G,22895_G|C,22896_T|C,22898_G|A,22942_T|G,22992_G|A,22995_C|A,23013_A|C,23019_T|C,23031_T|C,23055_A|G,23063_A|T,23075_T|C,23403_A|G,23525_C|T,23599_T|G,23604_C|A,23854_C|A,23948_G|T,24424_A|T,24469_T|A,25000_C|T,25416_C|T,25584_C|T,26060_C|T,26270_C|T,26275_A|G,26577_C|G,26709_G|A,26858_C|T,27259_A|C,27382_G|C,27383_A|T,27384_T|C,27807_C|T,28271_A|T,28311_C|T,28881_G|A,28882_G|A,28883_G|C,29510_A|C,692_697,11288_11296,21633_21641,21992_21994,28362_28370
USA/NJ-PHEL-V23002698/2023	XBB	189_G|A,241_C|T,405_A|G,510_G|A,1204_C|T,2790_C|T,3037_C|T,4184_G|A,4321_C|T,6357_A|G,9344_C|T,9424_A|G,9534_C|T,9866_C|T,10029_C|T,10198_C|T,10447_G|A,10449_C|A,12880_C|T,14408_C|T,15451_G|A,15714_C|T,15738_C|T,15939_T|C,16332_C|T,16342_T|C,17410_C|T,17859_T|C,18163_A|G,19326_A|G,19955_C|T,20055_A|G,20148_C|T,21618_C|T,21765_T|C,21810_T|C,21987_G|A,22000_C|A,22109_C|G,22200_T|A,22577_G|C,22578_G|A,22599_G|C,22664_C|A,22674_C|T,22679_T|C,22686_C|T,22688_A|G,22775_G|A,22786_A|C,22813_G|T,22882_T|G,22895_G|C,22896_T|C,22898_G|A,22942_T|G,22992_G|A,22995_C|A,23013_A|C,23019_T|C,23031_T|C,23055_A|G,23063_A|T,23075_T|C,23403_A|G,23525_C|T,23599_T|G,23604_C|A,23854_C|A,23948_G|T,24424_A|T,24469_T|A,25000_C|T,25416_C|T,25584_C|T,26060_C|T,26270_C|T,26275_A|G,26577_C|G,26709_G|A,26858_C|T,27259_A|C,27382_G|C,27383_A|T,27384_T|C,27807_C|T,28271_A|T,28311_C|T,28881_G|A,28882_G|A,28883_G|C,29510_A|C,692_697,11288_11296,21633_21641,21992_21994,28362_28370
USA/NJ-PHEL-V23008190/2023	XBB	241_C|T,405_A|G,670_T|G,1812_C|T,2790_C|T,3037_C|T,4184_G|A,4321_C|T,9344_C|T,9424_A|G,9534_C|T,10029_C|T,10198_C|T,10447_G|A,10449_C|A,11884_C|T,12880_C|T,14408_C|T,15451_G|A,15714_C|T,17410_C|T,18163_A|G,19955_C|T,20055_A|G,20129_A|G,21618_C|T,21987_G|A,22200_T|A,22578_G|A,22674_C|T,22679_T|C,22686_C|T,22688_A|G,22775_G|A,22786_A|C,22813_G|T,22882_T|G,22942_T|G,22992_G|A,22995_C|A,23013_A|C,23055_A|G,23063_A|T,23075_T|C,23403_A|G,23525_C|T,23599_T|G,23604_C|A,23854_C|A,23948_G|T,24424_A|T,24469_T|A,25000_C|T,25584_C|T,26060_C|T,26270_C|T,26577_C|G,26709_G|A,27807_C|T,28271_A|T,28311_C|T,28881_G|A,28882_G|A,28883_G|C,29510_A|C,11288_11296,21633_21641,28362_28370
USA/NM-CDC-LC0908828/2022	XBB	241_C|T,405_A|G,510_G|A,670_T|G,2790_C|T,3037_C|T,4184_G|A,4321_C|T,9344_C|T,9424_A|G,9534_C|T,9866_C|T,10029_C|T,10198_C|T,10447_G|A,10449_C|A,12880_C|T,14408_C|T,15451_G|A,15714_C|T,15738_C|T,15939_T|C,16342_T|C,17410_C|T,17859_T|C,18163_A|G,19326_A|G,19955_C|T,20055_A|G,21618_C|T,21810_T|C,21987_G|A,22000_C|A,22109_C|G,22200_T|A,22577_G|C,22578_G|A,22599_G|C,22664_C|A,22674_C|T,22679_T|C,22686_C|T,22688_A|G,22775_G|A,22786_A|C,22813_G|T,22882_T|G,22895_G|C,22896_T|C,22898_G|A,22942_T|G,22992_G|A,22995_C|A,23013_A|C,23019_T|C,23031_T|C,23055_A|G,23063_A|T,23075_T|C,23403_A|G,23525_C|T,23599_T|G,23604_C|A,23854_C|A,23948_G|T,24424_A|T,24469_T|A,25000_C|T,25416_C|T,25584_C|T,25958_A|G,26060_C|T,26270_C|T,26275_A|G,26577_C|G,26709_G|A,26858_C|T,27259_A|C,27382_G|C,27383_A|T,27384_T|C,27807_C|T,28271_A|T,28311_C|T,28881_G|A,28882_G|A,28883_G|C,29510_A|C,11288_11296,21633_21641,21992_21994,28362_28370,29734_29759
USA/NY-CDC-LC0928452/2022	XBB	241_C|T,405_A|G,510_G|A,670_T|G,2790_C|T,3037_C|T,4184_G|A,4321_C|T,9344_C|T,9424_A|G,9534_C|T,9866_C|T,10029_C|T,10198_C|T,10447_G|A,10449_C|A,12038_G|A,12880_C|T,14408_C|T,15451_G|A,15714_C|T,15738_C|T,15939_T|C,16342_T|C,17410_C|T,17859_T|C,18163_A|G,19326_A|G,19955_C|T,20055_A|G,21618_C|T,21810_T|C,21987_G|A,22000_C|A,22109_C|G,22200_T|A,22577_G|C,22578_G|A,22599_G|C,22664_C|A,22674_C|T,22679_T|C,22686_C|T,22688_A|G,22775_G|A,22786_A|C,22813_G|T,22882_T|G,22895_G|C,22896_T|C,22898_G|A,22942_T|G,22992_G|A,22995_C|A,23013_A|C,23019_T|C,23031_T|C,23055_A|G,23063_A|T,23075_T|C,23403_A|G,23525_C|T,23599_T|G,23604_C|A,23854_C|A,23948_G|T,24424_A|T,24469_T|A,25000_C|T,25416_C|T,25584_C|T,26060_C|T,26270_C|T,26275_A|G,26577_C|G,26709_G|A,26858_C|T,27259_A|C,27382_G|C,27383_A|T,27384_T|C,27807_C|T,27992_T|A,28271_A|T,28311_C|T,28881_G|A,28882_G|A,28883_G|C,29510_A|C,11288_11296,21633_21641,21992_21994,28362_28370,29734_29759
USA/NY-CDC-LC0931785/2022	XBB	241_C|T,405_A|G,510_G|A,670_T|G,2790_C|T,3037_C|T,4184_G|A,4321_C|T,9344_C|T,9352_T|C,9424_A|G,9534_C|T,9866_C|T,9929_G|A,10029_C|T,10198_C|T,10447_G|A,10449_C|A,12880_C|T,14408_C|T,15451_G|A,15714_C|T,15738_C|T,15939_T|C,16342_T|C,17410_C|T,17859_T|C,18163_A|G,19326_A|G,19955_C|T,20055_A|G,21618_C|T,21676_C|T,21810_T|C,21987_G|A,22000_C|A,22109_C|G,22200_T|A,22577_G|C,22578_G|A,22599_G|C,22664_C|A,22674_C|T,22679_T|C,22686_C|T,22688_A|G,22775_G|A,22786_A|C,22813_G|T,22882_T|G,22895_G|C,22896_T|C,22898_G|A,22942_T|G,22992_G|A,22995_C|A,23013_A|C,23019_T|C,23031_T|C,23055_A|G,23063_A|T,23075_T|C,23403_A|G,23525_C|T,23599_T|G,23604_C|A,23854_C|A,23948_G|T,24424_A|T,24469_T|A,25000_C|T,25416_C|T,25584_C|T,26060_C|T,26270_C|T,26275_A|G,26577_C|G,26709_G|A,26858_C|T,27259_A|C,27382_G|C,27383_A|T,27384_T|C,27807_C|T,28271_A|T,28311_C|T,28881_G|A,28882_G|A,28883_G|C,29510_A|C,11288_11296,21633_21641,21992_21994,28362_28370,29734_29759
USA/NY-CDC-LC0936002/2022	XBB	241_C|T,405_A|G,510_G|A,670_T|G,2790_C|T,3037_C|T,4184_G|A,4321_C|T,9344_C|T,9424_A|G,9534_C|T,9866_C|T,10029_C|T,10198_C|T,10447_G|A,10449_C|A,10450_C|T,12880_C|T,14408_C|T,15451_G|A,15714_C|T,15738_C|T,15939_T|C,16342_T|C,17410_C|T,17859_T|C,18163_A|G,19326_A|G,19955_C|T,20055_A|G,21618_C|T,21810_T|C,21987_G|A,21998_C|A,22000_C|A,22109_C|G,22200_T|A,22577_G|C,22578_G|A,22599_G|C,22664_C|A,22674_C|T,22679_T|C,22686_C|T,22688_A|G,22775_G|A,22786_A|C,22813_G|T,22882_T|G,22895_G|C,22896_T|C,22898_G|A,22942_T|G,22992_G|A,22995_C|A,23013_A|C,23019_T|C,23031_T|C,23055_A|G,23063_A|T,23075_T|C,23403_A|G,23525_C|T,23599_T|G,23604_C|A,23854_C|A,23948_G|T,24424_A|T,24469_T|A,25000_C|T,25416_C|T,25584_C|T,26060_C|T,26199_G|A,26270_C|T,26275_A|G,26577_C|G,26709_G|A,26858_C|T,27259_A|C,27382_G|C,27383_A|T,27384_T|C,27807_C|T,28271_A|T,28311_C|T,28881_G|A,28882_G|A,28883_G|C,29510_A|C,11288_11296,21633_21641,21992_21994,28362_28370,29734_29759
USA/NY-CDC-LC0941034/2022	XBB	44_C|T,241_C|T,405_A|G,510_G|A,670_T|G,2790_C|T,3037_C|T,4184_G|A,4321_C|T,9344_C|T,9424_A|G,9534_C|T,9866_C|T,10029_C|T,10198_C|T,10447_G|A,10449_C|A,11747_C|T,12880_C|T,14408_C|T,15451_G|A,15714_C|T,15738_C|T,15939_T|C,16342_T|C,17410_C|T,17859_T|C,18163_A|G,19326_A|G,19955_C|T,20055_A|G,21618_C|T,21810_T|C,21987_G|A,22000_C|A,22109_C|G,22200_T|A,22577_G|C,22578_G|A,22599_G|C,22664_C|A,22674_C|T,22679_T|C,22686_C|T,22688_A|G,22775_G|A,22786_A|C,22813_G|T,22882_T|G,22895_G|C,22896_T|C,22898_G|A,22942_T|G,22992_G|A,22995_C|A,23013_A|C,23019_T|C,23031_T|C,23055_A|G,23063_A|T,23075_T|C,23380_C|T,23403_A|G,23525_C|T,23599_T|G,23604_C|A,23854_C|A,23948_G|T,24424_A|T,24469_T|A,25000_C|T,25416_C|T,25584_C|T,26060_C|T,26270_C|T,26275_A|G,26577_C|G,26709_G|A,26858_C|T,27259_A|C,27382_G|C,27383_A|T,27384_T|C,27807_C|T,28271_A|T,28311_C|T,28881_G|A,28882_G|A,28883_G|C,29510_A|C,11288_11296,21633_21641,21992_21994,28362_28370,29734_29759
USA/NY-CDC-LC0946243/2022	XBB	44_C|T,241_C|T,405_A|G,510_G|A,670_T|G,2790_C|T,3037_C|T,4184_G|A,4321_C|T,9344_C|T,9352_T|C,9424_A|G,9534_C|T,9866_C|T,9929_G|A,10029_C|T,10198_C|T,10447_G|A,10449_C|A,12880_C|T,14408_C|T,15451_G|A,15714_C|T,15738_C|T,15939_T|C,16342_T|C,17410_C|T,17859_T|C,18163_A|G,19326_A|G,19955_C|T,20055_A|G,21618_C|T,21810_T|C,21987_G|A,22000_C|A,22109_C|G,22200_T|A,22577_G|C,22578_G|A,22599_G|C,22664_C|A,22674_C|T,22679_T|C,22686_C|T,22688_A|G,22775_G|A,22786_A|C,22813_G|T,22882_T|G,22895_G|C,22896_T|C,22898_G|A,22942_T|G,22992_G|A,22995_C|A,23013_A|C,23019_T|C,23031_T|C,23055_A|G,23063_A|T,23075_T|C,23403_A|G,23525_C|T,23599_T|G,23604_C|A,23854_C|A,23948_G|T,24424_A|T,24469_T|A,25000_C|T,25416_C|T,25584_C|T,26060_C|T,26270_C|T,26275_A|G,26577_C|G,26709_G|A,26858_C|T,27259_A|C,27382_G|C,27383_A|T,27384_T|C,27807_C|T,28271_A|T,28311_C|T,28881_G|A,28882_G|A,28883_G|C,29510_A|C,11288_11296,21633_21641,21992_21994,28362_28370,29734_29759
USA/NY-CDC-LC0954349/2022	XBB	44_C|T,241_C|T,405_A|G,510_G|A,670_T|G,2790_C|T,3037_C|T,4184_G|A,4321_C|T,9344_C|T,9424_A|G,9534_C|T,9866_C|T,10029_C|T,10198_C|T,10447_G|A,10449_C|A,12880_C|T,14408_C|T,15451_G|A,15714_C|T,15738_C|T,15939_T|C,16342_T|C,17410_C|T,17859_T|C,18163_A|G,19326_A|G,19955_C|T,20055_A|G,21618_C|T,21810_T|C,21987_G|A,22000_C|A,22109_C|G,22200_T|A,22577_G|C,22578_G|A,22599_G|C,22664_C|A,22674_C|T,22679_T|C,22686_C|T,22688_A|G,22775_G|A,22786_A|C,22813_G|T,22882_T|G,22895_G|C,22896_T|C,22898_G|A,22942_T|G,22992_G|A,22995_C|A,23013_A|C,23019_T|C,23031_T|C,23055_A|G,23063_A|T,23075_T|C,23403_A|G,23525_C|T,23599_T|G,23604_C|A,23854_C|A,23948_G|T,24424_A|T,24469_T|A,25000_C|T,25416_C|T,25584_C|T,26060_C|T,26270_C|T,26275_A|G,26577_C|G,26709_G|A,26858_C|T,27259_A|C,27382_G|C,27383_A|T,27384_T|C,27807_C|T,27992_T|A,27993_G|A,28271_A|T,28311_C|T,28881_G|A,28882_G|A,28883_G|C,29510_A|C,11288_11296,21633_21641,21992_21994,28362_28370,29734_29759
USA/NY-CDC-LC0954592/2022	XBB	44_C|T,241_C|T,405_A|G,510_G|A,670_T|G,2790_C|T,3037_C|T,4184_G|A,4321_C|T,8838_T|C,9344_C|T,9352_T|C,9424_A|G,9534_C|T,9866_C|T,9929_G|A,10029_C|T,10198_C|T,10447_G|A,10449_C|A,12880_C|T,14408_C|T,15451_G|A,15714_C|T,15738_C|T,15939_T|C,16342_T|C,17410_C|T,17859_T|C,18163_A|G,19326_A|G,19955_C|T,20055_A|G,21618_C|T,21810_T|C,21987_G|A,22000_C|A,22109_C|G,22200_T|A,22577_G|C,22578_G|A,22599_G|C,22664_C|A,22674_C|T,22679_T|C,22686_C|T,22688_A|G,22775_G|A,22786_A|C,22813_G|T,22882_T|G,22895_G|C,22896_T|C,22898_G|A,22942_T|G,22992_G|A,22995_C|A,23013_A|C,23019_T|C,23031_T|C,23055_A|G,23063_A|T,23075_T|C,23403_A|G,23525_C|T,23599_T|G,23604_C|A,23854_C|A,23948_G|T,24424_A|T,24469_T|A,25000_C|T,25416_C|T,25584_C|T,26060_C|T,26270_C|T,26275_A|G,26577_C|G,26709_G|A,26858_C|T,27240_G|T,27259_A|C,27382_G|C,27383_A|T,27384_T|C,27807_C|T,28271_A|T,28311_C|T,28881_G|A,28882_G|A,28883_G|C,29510_A|C,11288_11296,21633_21641,21992_21994,28362_28370,29734_29759
USA/NY-CDC-LC0955557/2022	XBB	44_C|T,241_C|T,405_A|G,510_G|A,670_T|G,2790_C|T,3037_C|T,4184_G|A,4321_C|T,9344_C|T,9424_A|G,9534_C|T,9866_C|T,10029_C|T,10198_C|T,10447_G|A,10449_C|A,10450_C|T,12525_C|T,12880_C|T,14408_C|T,15451_G|A,15714_C|T,15738_C|T,15939_T|C,16342_T|C,17410_C|T,17859_T|C,18163_A|G,19326_A|G,19955_C|T,20055_A|G,21618_C|T,21810_T|C,21987_G|A,21998_C|A,22000_C|A,22109_C|G,22200_T|A,22577_G|C,22578_G|A,22599_G|C,22664_C|A,22674_C|T,22679_T|C,22686_C|T,22688_A|G,22775_G|A,22786_A|C,22813_G|T,22882_T|G,22895_G|C,22896_T|C,22898_G|A,22942_T|G,22992_G|A,22995_C|A,23013_A|C,23019_T|C,23031_T|C,23055_A|G,23063_A|T,23075_T|C,23403_A|G,23525_C|T,23599_T|G,23604_C|A,23854_C|A,23948_G|T,24424_A|T,24469_T|A,25000_C|T,25416_C|T,25584_C|T,26060_C|T,26199_G|A,26270_C|T,26275_A|G,26577_C|G,26709_G|A,26858_C|T,27259_A|C,27382_G|C,27383_A|T,27384_T|C,27807_C|T,28271_A|T,28311_C|T,28881_G|A,28882_G|A,28883_G|C,29510_A|C,11288_11296,21633_21641,21992_21994,28362_28370,29734_29759
USA/NY-CDC-LC0982529/2022	XBB	241_C|T,405_A|G,510_G|A,670_T|G,2790_C|T,3037_C|T,4184_G|A,4321_C|T,9344_C|T,9424_A|G,9534_C|T,9866_C|T,10029_C|T,10198_C|T,10447_G|A,10449_C|A,10450_C|T,12880_C|T,14408_C|T,15451_G|A,15714_C|T,15738_C|T,15939_T|C,16342_T|C,17410_C|T,17859_T|C,18163_A|G,19326_A|G,19955_C|T,20055_A|G,21618_C|T,21810_T|C,21987_G|A,21998_C|A,22000_C|A,22109_C|G,22200_T|A,22577_G|C,22578_G|A,22599_G|C,22664_C|A,22674_C|T,22679_T|C,22686_C|T,22688_A|G,22775_G|A,22786_A|C,22813_G|T,22882_T|G,22895_G|C,22896_T|C,22898_G|A,22942_T|G,22992_G|A,22995_C|A,23013_A|C,23019_T|C,23031_T|C,23055_A|G,23063_A|T,23075_T|C,23403_A|G,23525_C|T,23599_T|G,23604_C|A,23854_C|A,23948_G|T,24424_A|T,24469_T|A,25000_C|T,25416_C|T,25584_C|T,26060_C|T,26199_G|A,26270_C|T,26275_A|G,26577_C|G,26709_G|A,26858_C|T,27259_A|C,27382_G|C,27383_A|T,27384_T|C,27807_C|T,28271_A|T,28311_C|T,28881_G|A,28882_G|A,28883_G|C,29510_A|C,11288_11296,21633_21641,21992_21994,28362_28370,29734_29759
USA/NY-CDC-QDX44737980/2022	XBB	241_C|T,405_A|G,670_T|G,745_C|T,2790_C|T,3037_C|T,4184_G|A,4321_C|T,8897_A|G,9344_C|T,9424_A|G,9534_C|T,9866_C|T,10029_C|T,10198_C|T,10447_G|A,10449_C|A,10939_T|C,12880_C|T,14408_C|T,15451_G|A,15714_C|T,15738_C|T,15939_T|C,16262_A|G,16342_T|C,17410_C|T,17859_T|C,18163_A|G,19326_A|G,19955_C|T,20055_A|G,21618_C|T,21810_T|C,21987_G|A,21998_C|A,22000_C|A,22109_C|G,22200_T|A,22577_G|C,22578_G|A,22599_G|C,22664_C|A,22674_C|T,22679_T|C,22686_C|T,22688_A|G,22775_G|A,22786_A|C,22813_G|T,22882_T|G,22895_G|C,22896_T|C,22898_G|A,22942_T|G,22992_G|A,22995_C|A,23013_A|C,23019_T|C,23031_T|C,23055_A|G,23063_A|T,23075_T|C,23403_A|G,23525_C|T,23599_T|G,23604_C|A,23854_C|A,23948_G|T,24198_C|T,24424_A|T,24469_T|A,25000_C|T,25416_C|T,25584_C|T,26060_C|T,26270_C|T,26275_A|G,26577_C|G,26709_G|A,26858_C|T,27259_A|C,27382_G|C,27383_A|T,27384_T|C,27807_C|T,27915_G|T,28271_A|T,28311_C|T,28540_A|G,28881_G|A,28882_G|A,28883_G|C,29510_A|C,11288_11296,21633_21641,21992_21994,28362_28370,29734_29759
USA/NY-CDC-QDX45433155/2023	XBB	241_C|T,405_A|G,510_G|A,670_T|G,947_G|A,2790_C|T,3037_C|T,4184_G|A,4321_C|T,6026_C|T,7912_T|C,9344_C|T,9424_A|G,9534_C|T,9866_C|T,10029_C|T,10198_C|T,10447_G|A,10449_C|A,12880_C|T,14408_C|T,15451_G|A,15714_C|T,15738_C|T,15939_T|C,16342_T|C,17410_C|T,17859_T|C,17977_C|T,18163_A|G,19160_C|T,19326_A|G,19955_C|T,20055_A|G,21618_C|T,21810_T|C,21987_G|A,22000_C|A,22109_C|G,22200_T|A,22577_G|C,22578_G|A,22599_G|C,22664_C|A,22674_C|T,22679_T|C,22686_C|T,22688_A|G,22775_G|A,22786_A|C,22813_G|T,22882_T|G,22895_G|C,22896_T|C,22898_G|A,22942_T|G,22992_G|A,22995_C|A,23013_A|C,23019_T|C,23031_T|C,23055_A|G,23063_A|T,23075_T|C,23202_C|T,23403_A|G,23525_C|T,23599_T|G,23604_C|A,23854_C|A,23948_G|T,24424_A|T,24469_T|A,25000_C|T,25416_C|T,25584_C|T,25732_T|G,26060_C|T,26270_C|T,26275_A|G,26577_C|G,26709_G|A,26858_C|T,27259_A|C,27382_G|C,27383_A|T,27384_T|C,27807_C|T,28271_A|T,28311_C|T,28881_G|A,28882_G|A,28883_G|C,29510_A|C,29700_A|G,11288_11296,21633_21641,21992_21994,28362_28370,29734_29759
USA/NY-PBRI-NYC22N004/2022	XBB	24_G|T,25_T|G,44_C|T,241_C|T,405_A|G,510_G|A,670_T|G,2790_C|T,3037_C|T,4184_G|A,4321_C|T,9344_C|T,9424_A|G,9534_C|T,9866_C|T,10029_C|T,10198_C|T,10447_G|A,10449_C|A,12880_C|T,14408_C|T,15451_G|A,15714_C|T,15738_C|T,15939_T|C,16342_T|C,17410_C|T,17859_T|C,18163_A|G,19326_A|G,19955_C|T,20055_A|G,21618_C|T,21987_G|A,22000_C|A,22091_A|G,22109_C|G,22200_T|A,22577_G|C,22578_G|A,22599_G|C,22664_C|A,22674_C|T,22679_T|C,22686_C|T,22688_A|G,22775_G|A,22786_A|C,22813_G|T,22882_T|G,22895_G|C,22896_T|C,22898_G|A,22942_T|G,22992_G|A,22995_C|A,23013_A|C,23019_T|C,23031_T|C,23055_A|G,23063_A|T,23403_A|G,23525_C|T,23599_T|G,23604_C|A,23854_C|A,23948_G|T,24424_A|T,24469_T|A,25000_C|T,25416_C|T,25584_C|T,25617_G|A,26060_C|T,26270_C|T,26275_A|G,26577_C|G,26709_G|A,26858_C|T,27259_A|C,27382_G|C,27383_A|T,27384_T|C,27807_C|T,28271_A|T,28311_C|T,28630_T|C,28881_G|A,28882_G|A,28883_G|C,29510_A|C,11288_11296,21633_21641,21992_21994,28362_28370,29734_29759,29824_29825
USA/NY-PV87340/2023	XBB	241_C|T,405_A|G,670_T|G,2790_C|T,3037_C|T,4184_G|A,4321_C|T,9344_C|T,9424_A|G,9534_C|T,9866_C|T,10029_C|T,10198_C|T,10447_G|A,10449_C|A,10776_C|T,12880_C|T,14408_C|T,15451_G|A,15714_C|T,15738_C|T,15939_T|C,16342_T|C,17410_C|T,17859_T|C,18163_A|G,19326_A|G,19955_C|T,20055_A|G,21618_C|T,21810_T|C,21987_G|A,22000_C|A,22109_C|G,22200_T|A,22577_G|C,22578_G|A,22599_G|C,22664_C|A,22674_C|T,22679_T|C,22686_C|T,22688_A|G,22775_G|A,22786_A|C,22813_G|T,22882_T|G,22895_G|C,22896_T|C,22898_G|A,22942_T|G,22992_G|A,22995_C|A,23013_A|C,23019_T|C,23031_T|C,23055_A|G,23063_A|T,23075_T|C,23403_A|G,23525_C|T,23599_T|G,23604_C|A,23854_C|A,23948_G|T,24424_A|T,24469_T|A,25000_C|T,25416_C|T,25584_C|T,26060_C|T,26270_C|T,26275_A|G,26577_C|G,26709_G|A,26858_C|T,27259_A|C,27382_G|C,27383_A|T,27384_T|C,27807_C|T,27992_T|A,28271_A|T,28311_C|T,28881_G|A,28882_G|A,28883_G|C,29510_A|C,11288_11296,21633_21641,21992_21994,28362_28370
USA/OR-CDC-LC0933073/2022	XBB	44_C|T,241_C|T,405_A|G,510_G|A,670_T|G,2790_C|T,3037_C|T,4184_G|A,4321_C|T,9344_C|T,9424_A|G,9534_C|T,9866_C|T,10029_C|T,10198_C|T,10447_G|A,10449_C|A,12880_C|T,14408_C|T,15451_G|A,15714_C|T,15738_C|T,15939_T|C,16342_T|C,17410_C|T,17859_T|C,18163_A|G,19326_A|G,19955_C|T,20055_A|G,21618_C|T,21810_T|C,21987_G|A,22000_C|A,22109_C|G,22200_T|A,22577_G|C,22578_G|A,22599_G|C,22664_C|A,22674_C|T,22679_T|C,22686_C|T,22688_A|G,22775_G|A,22786_A|C,22813_G|T,22882_T|G,22898_G|A,22942_T|G,22992_G|A,22995_C|A,23013_A|C,23019_T|C,23031_T|C,23055_A|G,23063_A|T,23075_T|C,23403_A|G,23525_C|T,23599_T|G,23604_C|A,23854_C|A,23948_G|T,24424_A|T,24469_T|A,25000_C|T,25416_C|T,25584_C|T,26060_C|T,26270_C|T,26275_A|G,26577_C|G,26709_G|A,26858_C|T,27259_A|C,27382_G|C,27383_A|T,27384_T|C,27807_C|T,28271_A|T,28311_C|T,28881_G|A,28882_G|A,28883_G|C,29510_A|C,11288_11296,21633_21641,21992_21994,28362_28370,29734_29759
USA/OR-CDC-LC0933121/2022	XBB	44_C|T,241_C|T,405_A|G,510_G|A,670_T|G,2790_C|T,3037_C|T,4184_G|A,4321_C|T,9344_C|T,9424_A|G,9534_C|T,9866_C|T,10029_C|T,10198_C|T,10447_G|A,10449_C|A,12880_C|T,14408_C|T,15451_G|A,15714_C|T,15738_C|T,15939_T|C,16342_T|C,17410_C|T,17859_T|C,18163_A|G,19326_A|G,19955_C|T,20055_A|G,21618_C|T,21810_T|C,21987_G|A,22000_C|A,22109_C|G,22200_T|A,22577_G|C,22578_G|A,22599_G|C,22664_C|A,22674_C|T,22679_T|C,22686_C|T,22688_A|G,22775_G|A,22786_A|C,22813_G|T,22882_T|G,22895_G|C,22896_T|C,22898_G|A,22942_T|G,22992_G|A,22995_C|A,23013_A|C,23019_T|C,23031_T|C,23055_A|G,23063_A|T,23075_T|C,23403_A|G,23525_C|T,23599_T|G,23604_C|A,23854_C|A,23948_G|T,24424_A|T,24469_T|A,25000_C|T,25416_C|T,25584_C|T,26060_C|T,26270_C|T,26275_A|G,26577_C|G,26709_G|A,26858_C|T,27259_A|C,27382_G|C,27383_A|T,27384_T|C,27807_C|T,28271_A|T,28311_C|T,28881_G|A,28882_G|A,28883_G|C,29510_A|C,11288_11296,21633_21641,21992_21994,28362_28370,29734_29759
USA/PA-CDC-QDX46611964/2023	XBB	241_C|T,405_A|G,510_G|A,670_T|G,2790_C|T,3037_C|T,4184_G|A,4321_C|T,7851_C|T,9344_C|T,9424_A|G,9534_C|T,9866_C|T,10029_C|T,10198_C|T,10447_G|A,10449_C|A,10450_C|T,12525_C|T,12880_C|T,14408_C|T,15451_G|A,15714_C|T,15738_C|T,15939_T|C,16342_T|C,17410_C|T,17859_T|C,18163_A|G,19326_A|G,19955_C|T,20055_A|G,21618_C|T,21810_T|C,21987_G|A,21998_C|A,22000_C|A,22109_C|G,22200_T|A,22577_G|C,22578_G|A,22599_G|C,22664_C|A,22674_C|T,22679_T|C,22686_C|T,22688_A|G,22775_G|A,22786_A|C,22813_G|T,22882_T|G,22895_G|C,22896_T|C,22898_G|A,22942_T|G,22992_G|A,22995_C|A,23013_A|C,23019_T|C,23031_T|C,23055_A|G,23063_A|T,23075_T|C,23403_A|G,23525_C|T,23599_T|G,23604_C|A,23854_C|A,23948_G|T,24424_A|T,24469_T|A,25000_C|T,25416_C|T,25584_C|T,26060_C|T,26199_G|A,26270_C|T,26275_A|G,26577_C|G,26709_G|A,26858_C|T,27259_A|C,27382_G|C,27383_A|T,27384_T|C,27807_C|T,28271_A|T,28311_C|T,28881_G|A,28882_G|A,28883_G|C,29510_A|C,11288_11296,21633_21641,21992_21994,28362_28370,29734_29759
USA/PA-CDC-STM-2X6FU3B7U/2023	XBB	44_C|T,241_C|T,405_A|G,510_G|A,670_T|G,1244_G|A,2662_C|T,2790_C|T,3037_C|T,4184_G|A,4321_C|T,6990_C|T,9344_C|T,9424_A|G,9534_C|T,9866_C|T,10029_C|T,10198_C|T,10447_G|A,10449_C|A,12880_C|T,14408_C|T,15451_G|A,15714_C|T,15738_C|T,15763_C|G,15939_T|C,16342_T|C,17410_C|T,17859_T|C,18163_A|G,19326_A|G,19459_A|G,19955_C|T,20055_A|G,21618_C|T,21810_T|C,21987_G|A,22000_C|A,22109_C|G,22200_T|A,22338_C|T,22530_C|T,22577_G|C,22578_G|A,22599_G|C,22664_C|A,22674_C|T,22679_T|C,22686_C|T,22688_A|G,22775_G|A,22786_A|C,22813_G|T,22882_T|G,22895_G|C,22896_T|C,22898_G|A,22942_T|G,22992_G|A,22995_C|A,23013_A|C,23019_T|C,23031_T|C,23055_A|G,23063_A|T,23075_T|C,23403_A|G,23525_C|T,23599_T|G,23604_C|A,23854_C|A,23948_G|T,24424_A|T,24469_T|A,25000_C|T,25416_C|T,25584_C|T,26060_C|T,26270_C|T,26275_A|G,26577_C|G,26709_G|A,26858_C|T,27259_A|C,27382_G|C,27383_A|T,27384_T|C,27807_C|T,28271_A|T,28311_C|T,28881_G|A,28882_G|A,28883_G|C,29510_A|C,11288_11296,21633_21641,21992_21994,28362_28370,29734_29759
USA/PA-CDC-STM-6CSDVXSVE/2022	XBB	44_C|T,241_C|T,405_A|G,510_G|A,670_T|G,2790_C|T,3037_C|T,4184_G|A,4321_C|T,7113_C|T,9344_C|T,9424_A|G,9534_C|T,9866_C|T,10029_C|T,10198_C|T,10447_G|A,10449_C|A,10717_T|C,12880_C|T,14408_C|T,15451_G|A,15714_C|T,15738_C|T,15763_C|G,15939_T|C,16342_T|C,17410_C|T,17859_T|C,18163_A|G,19326_A|G,19459_A|G,19955_C|T,20055_A|G,21618_C|T,21810_T|C,21987_G|A,22000_C|A,22109_C|G,22200_T|A,22530_C|T,22577_G|C,22578_G|A,22599_G|C,22664_C|A,22674_C|T,22679_T|C,22686_C|T,22688_A|G,22775_G|A,22786_A|C,22813_G|T,22882_T|G,22895_G|C,22896_T|C,22898_G|A,22942_T|G,22992_G|A,22995_C|A,23013_A|C,23019_T|C,23031_T|C,23055_A|G,23063_A|T,23075_T|C,23403_A|G,23525_C|T,23599_T|G,23604_C|A,23854_C|A,23948_G|T,24424_A|T,24469_T|A,25000_C|T,25416_C|T,25584_C|T,26060_C|T,26270_C|T,26275_A|G,26577_C|G,26709_G|A,26858_C|T,27259_A|C,27382_G|C,27383_A|T,27384_T|C,27807_C|T,28271_A|T,28311_C|T,28881_G|A,28882_G|A,28883_G|C,29510_A|C,11288_11296,21633_21641,21992_21994,28362_28370,29734_29759
USA/PA-CDC-STM-NJFHZM4W6/2022	XBB	241_C|T,405_A|G,510_G|A,670_T|G,2790_C|T,3037_C|T,4184_G|A,4321_C|T,9344_C|T,9424_A|G,9534_C|T,9866_C|T,10029_C|T,10198_C|T,10296_C|T,10447_G|A,10449_C|A,12880_C|T,14408_C|T,15451_G|A,15714_C|T,15738_C|T,15939_T|C,16342_T|C,16887_C|T,17410_C|T,17859_T|C,18163_A|G,19326_A|G,19955_C|T,20055_A|G,21618_C|T,21810_T|C,21987_G|A,21998_C|A,22000_C|A,22109_C|G,22200_T|A,22577_G|C,22578_G|A,22599_G|C,22664_C|A,22674_C|T,22679_T|C,22686_C|T,22688_A|G,22775_G|A,22786_A|C,22813_G|T,22882_T|G,22895_G|C,22896_T|C,22898_G|A,22942_T|G,22992_G|A,22995_C|A,23013_A|C,23019_T|C,23031_T|C,23055_A|G,23063_A|T,23075_T|C,23403_A|G,23422_C|T,23525_C|T,23599_T|G,23604_C|A,23854_C|A,23948_G|T,24424_A|T,24469_T|A,25000_C|T,25416_C|T,25584_C|T,26060_C|T,26270_C|T,26275_A|G,26577_C|G,26709_G|A,26858_C|T,27259_A|C,27382_G|C,27383_A|T,27384_T|C,27807_C|T,28271_A|T,28311_C|T,28881_G|A,28882_G|A,28883_G|C,29510_A|C,11288_11296,21633_21641,21992_21994,28362_28370
USA/PA-CDC-STM-W4CVTCTJ7/2022	XBB	44_C|T,241_C|T,405_A|G,510_G|A,670_T|G,2790_C|T,3037_C|T,3177_C|T,4184_G|A,4321_C|T,6720_C|T,9344_C|T,9424_A|G,9534_C|T,9866_C|T,10029_C|T,10198_C|T,10447_G|A,10449_C|A,12880_C|T,14408_C|T,15451_G|A,15714_C|T,15738_C|T,15763_C|G,15939_T|C,16342_T|C,17410_C|T,17859_T|C,18163_A|G,19326_A|G,19459_A|G,19955_C|T,20055_A|G,21618_C|T,21810_T|C,21987_G|A,22000_C|A,22109_C|G,22200_T|A,22530_C|T,22577_G|C,22578_G|A,22599_G|C,22664_C|A,22674_C|T,22679_T|C,22686_C|T,22688_A|G,22775_G|A,22786_A|C,22813_G|T,22882_T|G,22895_G|C,22896_T|C,22898_G|A,22942_T|G,22992_G|A,22995_C|A,23013_A|C,23019_T|C,23031_T|C,23055_A|G,23063_A|T,23075_T|C,23403_A|G,23525_C|T,23599_T|G,23604_C|A,23854_C|A,23948_G|T,24424_A|T,24469_T|A,25000_C|T,25416_C|T,25584_C|T,26060_C|T,26270_C|T,26275_A|G,26577_C|G,26709_G|A,26858_C|T,27259_A|C,27382_G|C,27383_A|T,27384_T|C,27807_C|T,28271_A|T,28311_C|T,28881_G|A,28882_G|A,28883_G|C,29510_A|C,11288_11296,21633_21641,21992_21994,28362_28370,29734_29759
USA/RI-CDC-LC0936752/2022	XBB	241_C|T,405_A|G,510_G|A,670_T|G,2790_C|T,3037_C|T,4184_G|A,4321_C|T,5518_G|A,9344_C|T,9424_A|G,9534_C|T,9866_C|T,10029_C|T,10198_C|T,10447_G|A,10449_C|A,12781_C|T,12880_C|T,14408_C|T,15451_G|A,15714_C|T,15738_C|T,15939_T|C,16342_T|C,17410_C|T,17859_T|C,18163_A|G,19326_A|G,19955_C|T,20055_A|G,21618_C|T,21810_T|C,21987_G|A,22000_C|A,22109_C|G,22200_T|A,22577_G|C,22578_G|A,22599_G|C,22664_C|A,22674_C|T,22679_T|C,22686_C|T,22688_A|G,22775_G|A,22786_A|C,22813_G|T,22882_T|G,22895_G|C,22896_T|C,22898_G|A,22942_T|G,22992_G|A,22995_C|A,23013_A|C,23019_T|C,23031_T|C,23055_A|G,23063_A|T,23075_T|C,23403_A|G,23525_C|T,23599_T|G,23604_C|A,23613_C|T,23854_C|A,23948_G|T,24424_A|T,24469_T|A,25000_C|T,25416_C|T,25584_C|T,26060_C|T,26270_C|T,26275_A|G,26577_C|G,26709_G|A,26858_C|T,27259_A|C,27382_G|C,27383_A|T,27384_T|C,27807_C|T,28271_A|T,28311_C|T,28881_G|A,28882_G|A,28883_G|C,29510_A|C,11288_11296,21633_21641,21992_21994,28362_28370,29734_29759
USA/RI-CDC-LC0988325/2023	XBB	44_C|T,241_C|T,405_A|G,510_G|A,670_T|G,2790_C|T,3037_C|T,4184_G|A,4321_C|T,7604_C|T,9344_C|T,9424_A|G,9534_C|T,9866_C|T,10029_C|T,10198_C|T,10447_G|A,10449_C|A,12880_C|T,14408_C|T,15451_G|A,15714_C|T,15738_C|T,15939_T|C,16342_T|C,17410_C|T,17859_T|C,18163_A|G,18784_T|C,19326_A|G,19955_C|T,20055_A|G,21618_C|T,21810_T|C,21987_G|A,22000_C|A,22091_A|G,22109_C|G,22200_T|A,22577_G|C,22578_G|A,22599_G|C,22664_C|A,22674_C|T,22679_T|C,22686_C|T,22688_A|G,22775_G|A,22786_A|C,22813_G|T,22882_T|G,22895_G|C,22896_T|C,22898_G|A,22942_T|G,22992_G|A,22995_C|A,23013_A|C,23019_T|C,23031_T|C,23055_A|G,23063_A|T,23075_T|C,23403_A|G,23525_C|T,23599_T|G,23604_C|A,23854_C|A,23948_G|T,24424_A|T,24469_T|A,25000_C|T,25416_C|T,25584_C|T,26060_C|T,26270_C|T,26275_A|G,26577_C|G,26709_G|A,26858_C|T,27259_A|C,27382_G|C,27383_A|T,27384_T|C,27807_C|T,28271_A|T,28311_C|T,28881_G|A,28882_G|A,28883_G|C,29510_A|C,11288_11296,21633_21641,21992_21994,28362_28370,29734_29759
USA/SC-CDC-LC0923505/2022	XBB	241_C|T,405_A|G,510_G|A,670_T|G,2790_C|T,3037_C|T,4184_G|A,4321_C|T,5690_G|A,6524_A|G,9344_C|T,9424_A|G,9534_C|T,9866_C|T,10029_C|T,10198_C|T,10447_G|A,10449_C|A,12880_C|T,14408_C|T,15451_G|A,15714_C|T,15738_C|T,15939_T|C,16342_T|C,17410_C|T,17859_T|C,18163_A|G,19326_A|G,19955_C|T,20055_A|G,21618_C|T,21810_T|C,21987_G|A,22000_C|A,22109_C|G,22200_T|A,22577_G|C,22578_G|A,22599_G|C,22664_C|A,22674_C|T,22679_T|C,22686_C|T,22688_A|G,22775_G|A,22786_A|C,22813_G|T,22882_T|G,22895_G|C,22896_T|C,22898_G|A,22942_T|G,22992_G|A,22995_C|A,23013_A|C,23019_T|C,23031_T|C,23055_A|G,23063_A|T,23075_T|C,23403_A|G,23525_C|T,23599_T|G,23604_C|A,23854_C|A,23948_G|T,24424_A|T,24469_T|A,25000_C|T,25416_C|T,25584_C|T,26060_C|T,26270_C|T,26275_A|G,26577_C|G,26709_G|A,26858_C|T,27259_A|C,27382_G|C,27383_A|T,27384_T|C,27807_C|T,28271_A|T,28311_C|T,28881_G|A,28882_G|A,28883_G|C,29510_A|C,11288_11296,21633_21641,21992_21994,28362_28370,29734_29759
USA/SC-CDC-LC1014558/2023	XBB	44_C|T,241_C|T,405_A|G,510_G|A,670_T|G,2790_C|T,3037_C|T,4184_G|A,4321_C|T,7851_C|T,9344_C|T,9424_A|G,9534_C|T,9866_C|T,10029_C|T,10198_C|T,10447_G|A,10449_C|A,10450_C|T,12525_C|T,12880_C|T,14408_C|T,15451_G|A,15714_C|T,15738_C|T,15939_T|C,16342_T|C,17410_C|T,17859_T|C,18163_A|G,19326_A|G,19955_C|T,20055_A|G,21618_C|T,21810_T|C,21987_G|A,21998_C|A,22000_C|A,22109_C|G,22200_T|A,22577_G|C,22578_G|A,22599_G|C,22664_C|A,22674_C|T,22679_T|C,22686_C|T,22688_A|G,22775_G|A,22786_A|C,22813_G|T,22882_T|G,22895_G|C,22896_T|C,22898_G|A,22942_T|G,22992_G|A,22995_C|A,23013_A|C,23019_T|C,23031_T|C,23055_A|G,23063_A|T,23075_T|C,23403_A|G,23525_C|T,23599_T|G,23604_C|A,23854_C|A,23948_G|T,24424_A|T,24469_T|A,25000_C|T,25416_C|T,25584_C|T,26060_C|T,26199_G|A,26270_C|T,26275_A|G,26577_C|G,26709_G|A,26858_C|T,27259_A|C,27382_G|C,27383_A|T,27384_T|C,27807_C|T,28271_A|T,28311_C|T,28881_G|A,28882_G|A,28883_G|C,29510_A|C,11288_11296,21633_21641,21992_21994,28362_28370,29734_29759
USA/SEARCH-210694/2022	XBB	44_C|T,241_C|T,405_A|G,487_G|A,510_G|A,670_T|G,2790_C|T,3037_C|T,4184_G|A,4321_C|T,9344_C|T,9424_A|G,9534_C|T,9866_C|T,10029_C|T,10198_C|T,10447_G|A,10449_C|A,12880_C|T,14408_C|T,15451_G|A,15714_C|T,15738_C|T,15939_T|C,16342_T|C,17410_C|T,17859_T|C,18163_A|G,19326_A|G,19955_C|T,20055_A|G,21618_C|T,21810_T|C,21987_G|A,22000_C|A,22109_C|G,22200_T|A,22577_G|C,22578_G|A,22599_G|C,22664_C|A,22674_C|T,22679_T|C,22686_C|T,22688_A|G,22775_G|A,22882_T|G,22895_G|C,22896_T|C,22898_G|A,22942_T|G,22992_G|A,22995_C|A,23013_A|C,23019_T|C,23031_T|C,23055_A|G,23063_A|T,23075_T|C,23403_A|G,23525_C|T,23599_T|G,23604_C|A,23854_C|A,23948_G|T,24424_A|T,24469_T|A,25000_C|T,25416_C|T,25584_C|T,26060_C|T,26270_C|T,26275_A|G,26577_C|G,26709_G|A,26858_C|T,27259_A|C,27382_G|C,27383_A|T,27384_T|C,27807_C|T,28271_A|T,28311_C|T,28720_C|T,28881_G|A,28882_G|A,28883_G|C,29510_A|C,11288_11296,21633_21641,21992_21994,28362_28370,29734_29759,14_.|C
USA/SEARCH-212946/2022	XBB	44_C|T,241_C|T,405_A|G,487_G|A,510_G|A,670_T|G,2790_C|T,3037_C|T,4184_G|A,4321_C|T,9344_C|T,9424_A|G,9534_C|T,9866_C|T,10029_C|T,10198_C|T,10447_G|A,10449_C|A,12880_C|T,14408_C|T,15451_G|A,15714_C|T,15738_C|T,15939_T|C,16342_T|C,17410_C|T,17859_T|C,18163_A|G,19326_A|G,19955_C|T,20055_A|G,21618_C|T,21810_T|C,21987_G|A,22000_C|A,22109_C|G,22200_T|A,22577_G|C,22578_G|A,22599_G|C,22664_C|A,22674_C|T,22679_T|C,22686_C|T,22688_A|G,22775_G|A,22882_T|G,22895_G|C,22896_T|C,22898_G|A,22942_T|G,22992_G|A,22995_C|A,23013_A|C,23019_T|C,23031_T|C,23055_A|G,23063_A|T,23075_T|C,23403_A|G,23525_C|T,23599_T|G,23604_C|A,23854_C|A,23948_G|T,24424_A|T,24469_T|A,25000_C|T,25416_C|T,25584_C|T,26060_C|T,26270_C|T,26275_A|G,26577_C|G,26709_G|A,26858_C|T,27259_A|C,27382_G|C,27383_A|T,27384_T|C,27807_C|T,28271_A|T,28311_C|T,28720_C|T,28881_G|A,28882_G|A,28883_G|C,29510_A|C,11288_11296,21633_21641,21992_21994,28362_28370,29734_29759,14_.|C
USA/SEARCH-212997/2022	XBB	44_C|T,241_C|T,405_A|G,487_G|A,510_G|A,670_T|G,2790_C|T,3037_C|T,4184_G|A,4321_C|T,9344_C|T,9424_A|G,9534_C|T,9866_C|T,10029_C|T,10198_C|T,10447_G|A,10449_C|A,12880_C|T,14408_C|T,15451_G|A,15714_C|T,15738_C|T,15939_T|C,16342_T|C,17410_C|T,17859_T|C,18163_A|G,19326_A|G,19955_C|T,20055_A|G,21618_C|T,21810_T|C,21987_G|A,22000_C|A,22109_C|G,22200_T|A,22577_G|C,22578_G|A,22599_G|C,22664_C|A,22674_C|T,22679_T|C,22686_C|T,22688_A|G,22775_G|A,22882_T|G,22895_G|C,22896_T|C,22898_G|A,22942_T|G,22992_G|A,22995_C|A,23013_A|C,23019_T|C,23031_T|C,23055_A|G,23063_A|T,23075_T|C,23403_A|G,23525_C|T,23599_T|G,23604_C|A,23854_C|A,23948_G|T,24424_A|T,24469_T|A,25000_C|T,25416_C|T,25584_C|T,26060_C|T,26270_C|T,26275_A|G,26577_C|G,26709_G|A,26858_C|T,27259_A|C,27382_G|C,27383_A|T,27384_T|C,27807_C|T,28271_A|T,28311_C|T,28720_C|T,28881_G|A,28882_G|A,28883_G|C,29510_A|C,11288_11296,21633_21641,21992_21994,28362_28370,29734_29759,14_.|C
USA/SEARCH-213107/2022	XBB	44_C|T,241_C|T,405_A|G,487_G|A,510_G|A,670_T|G,2790_C|T,3037_C|T,4184_G|A,4321_C|T,9344_C|T,9424_A|G,9534_C|T,9866_C|T,10029_C|T,10198_C|T,10447_G|A,10449_C|A,12880_C|T,14408_C|T,15451_G|A,15714_C|T,15738_C|T,15939_T|C,16342_T|C,17410_C|T,17859_T|C,18163_A|G,19326_A|G,19955_C|T,20055_A|G,21618_C|T,21810_T|C,21987_G|A,22000_C|A,22109_C|G,22200_T|A,22577_G|C,22578_G|A,22599_G|C,22664_C|A,22674_C|T,22679_T|C,22686_C|T,22688_A|G,22775_G|A,22882_T|G,22895_G|C,22896_T|C,22898_G|A,22942_T|G,22992_G|A,22995_C|A,23013_A|C,23019_T|C,23031_T|C,23055_A|G,23063_A|T,23075_T|C,23403_A|G,23525_C|T,23599_T|G,23604_C|A,23854_C|A,23948_G|T,24424_A|T,24469_T|A,25000_C|T,25416_C|T,25584_C|T,26060_C|T,26270_C|T,26275_A|G,26577_C|G,26709_G|A,26858_C|T,27259_A|C,27382_G|C,27383_A|T,27384_T|C,27807_C|T,28271_A|T,28311_C|T,28720_C|T,28881_G|A,28882_G|A,28883_G|C,29510_A|C,11288_11296,21633_21641,21992_21994,28362_28370,29734_29759,14_.|C
USA/SEARCH-213204/2022	XBB	44_C|T,241_C|T,405_A|G,487_G|A,510_G|A,670_T|G,2790_C|T,3037_C|T,4184_G|A,4321_C|T,9344_C|T,9424_A|G,9534_C|T,9866_C|T,10029_C|T,10198_C|T,10447_G|A,10449_C|A,12880_C|T,14408_C|T,15451_G|A,15714_C|T,15738_C|T,15939_T|C,16342_T|C,17410_C|T,17859_T|C,18163_A|G,19326_A|G,19955_C|T,20055_A|G,21618_C|T,21810_T|C,21987_G|A,22000_C|A,22109_C|G,22200_T|A,22577_G|C,22578_G|A,22599_G|C,22664_C|A,22674_C|T,22679_T|C,22686_C|T,22688_A|G,22775_G|A,22882_T|G,22895_G|C,22896_T|C,22898_G|A,22942_T|G,22992_G|A,22995_C|A,23013_A|C,23019_T|C,23031_T|C,23055_A|G,23063_A|T,23075_T|C,23403_A|G,23525_C|T,23599_T|G,23604_C|A,23854_C|A,23948_G|T,24424_A|T,24469_T|A,25000_C|T,25416_C|T,25584_C|T,26060_C|T,26270_C|T,26275_A|G,26577_C|G,26709_G|A,26858_C|T,27259_A|C,27382_G|C,27383_A|T,27384_T|C,27807_C|T,28271_A|T,28311_C|T,28720_C|T,28881_G|A,28882_G|A,28883_G|C,29510_A|C,11288_11296,21633_21641,21992_21994,28362_28370,29734_29759,14_.|C
USA/SEARCH-213212/2022	XBB	44_C|T,241_C|T,405_A|G,487_G|A,510_G|A,670_T|G,2790_C|T,3037_C|T,4184_G|A,4321_C|T,9344_C|T,9424_A|G,9534_C|T,9866_C|T,10029_C|T,10198_C|T,10447_G|A,10449_C|A,12880_C|T,14408_C|T,15451_G|A,15714_C|T,15738_C|T,15939_T|C,16342_T|C,17410_C|T,17859_T|C,18163_A|G,19326_A|G,19955_C|T,20055_A|G,21618_C|T,21810_T|C,21987_G|A,22000_C|A,22109_C|G,22200_T|A,22577_G|C,22578_G|A,22599_G|C,22664_C|A,22674_C|T,22679_T|C,22686_C|T,22688_A|G,22775_G|A,22882_T|G,22895_G|C,22896_T|C,22898_G|A,22942_T|G,22992_G|A,22995_C|A,23013_A|C,23019_T|C,23031_T|C,23055_A|G,23063_A|T,23075_T|C,23403_A|G,23525_C|T,23599_T|G,23604_C|A,23854_C|A,23948_G|T,24424_A|T,24469_T|A,25000_C|T,25416_C|T,25584_C|T,26060_C|T,26270_C|T,26275_A|G,26577_C|G,26709_G|A,26858_C|T,27259_A|C,27382_G|C,27383_A|T,27384_T|C,27807_C|T,28271_A|T,28311_C|T,28720_C|T,28881_G|A,28882_G|A,28883_G|C,29510_A|C,11288_11296,21633_21641,21992_21994,28362_28370,29734_29759,14_.|C
USA/SEARCH-214593/2022	XBB	44_C|T,241_C|T,405_A|G,510_G|A,584_C|T,670_T|G,2790_C|T,3037_C|T,4184_G|A,4321_C|T,5518_G|A,9344_C|T,9424_A|G,9534_C|T,9866_C|T,10029_C|T,10198_C|T,10447_G|A,10449_C|A,12880_C|T,14408_C|T,15451_G|A,15714_C|T,15738_C|T,15939_T|C,16342_T|C,17410_C|T,17859_T|C,18163_A|G,19326_A|G,19955_C|T,20055_A|G,21618_C|T,21810_T|C,21987_G|A,22000_C|A,22109_C|G,22200_T|A,22577_G|C,22578_G|A,22599_G|C,22664_C|A,22674_C|T,22679_T|C,22686_C|T,22688_A|G,22775_G|A,22882_T|G,22895_G|C,22896_T|C,22898_G|A,22942_T|G,22992_G|A,22995_C|A,23013_A|C,23019_T|C,23031_T|C,23055_A|G,23063_A|T,23075_T|C,23403_A|G,23525_C|T,23599_T|G,23604_C|A,23854_C|A,23948_G|T,24069_A|G,24424_A|T,24469_T|A,25000_C|T,25416_C|T,25584_C|T,26060_C|T,26270_C|T,26275_A|G,26577_C|G,26709_G|A,26858_C|T,27259_A|C,27382_G|C,27383_A|T,27384_T|C,27807_C|T,28271_A|T,28311_C|T,28881_G|A,28882_G|A,28883_G|C,29510_A|C,11288_11296,21633_21641,21992_21994,28362_28370,29734_29759,14_.|C
USA/SEARCH-219240/2022	XBB	44_C|T,241_C|T,405_A|G,670_T|G,2790_C|T,3037_C|T,4184_G|A,4321_C|T,6312_C|T,7113_C|T,7749_C|T,9344_C|T,9424_A|G,9534_C|T,9866_C|T,10029_C|T,10198_C|T,10447_G|A,10449_C|A,11417_G|A,12880_C|T,14408_C|T,15451_G|A,15714_C|T,15738_C|T,15741_T|C,15939_T|C,16342_T|C,17410_C|T,17859_T|C,18163_A|G,19955_C|T,20055_A|G,21618_C|T,21810_T|C,21987_G|A,22000_C|A,22109_C|G,22200_T|A,22577_G|C,22578_G|A,22599_G|C,22664_C|A,22674_C|T,22679_T|C,22686_C|T,22688_A|G,22775_G|A,22882_T|G,22895_G|C,22896_T|C,22898_G|A,22942_T|G,22992_G|A,22995_C|A,23013_A|C,23019_T|C,23031_T|C,23055_A|G,23063_A|T,23075_T|C,23403_A|G,23525_C|T,23599_T|G,23604_C|A,23854_C|A,23948_G|T,24424_A|T,24469_T|A,25000_C|T,25416_C|T,25584_C|T,26060_C|T,26270_C|T,26275_A|G,26577_C|G,26709_G|A,26858_C|T,27259_A|C,27382_G|C,27383_A|T,27384_T|C,27807_C|T,28271_A|T,28311_C|T,28881_G|A,28882_G|A,28883_G|C,29510_A|C,11288_11296,21633_21641,21992_21994,28362_28370,29734_29759,14_.|C
USA/TX-CDC-QDX45434032/2023	XBB	241_C|T,405_A|G,510_G|A,601_C|T,670_T|G,2790_C|T,3037_C|T,3431_G|T,4184_G|A,4321_C|T,5820_T|C,9344_C|T,9424_A|G,9534_C|T,9866_C|T,10029_C|T,10198_C|T,10447_G|A,10449_C|A,12880_C|T,14408_C|T,15451_G|A,15714_C|T,15738_C|T,15939_T|C,16342_T|C,17410_C|T,17859_T|C,18163_A|G,19326_A|G,19955_C|T,20055_A|G,21618_C|T,21810_T|C,21987_G|A,22000_C|A,22109_C|G,22200_T|A,22577_G|C,22578_G|A,22599_G|C,22664_C|A,22674_C|T,22679_T|C,22686_C|T,22688_A|G,22775_G|A,22786_A|C,22813_G|T,22882_T|G,22895_G|C,22896_T|C,22898_G|A,22942_T|G,22992_G|A,22995_C|A,23013_A|C,23019_T|C,23031_T|C,23055_A|G,23063_A|T,23075_T|C,23403_A|G,23525_C|T,23599_T|G,23604_C|A,23854_C|A,23948_G|T,24424_A|T,24469_T|A,25000_C|T,25228_T|C,25416_C|T,25584_C|T,26060_C|T,26270_C|T,26275_A|G,26577_C|G,26709_G|A,26858_C|T,27259_A|C,27382_G|C,27383_A|T,27384_T|C,27807_C|T,28271_A|T,28311_C|T,28881_G|A,28882_G|A,28883_G|C,29510_A|C,11288_11296,21633_21641,21992_21994,28362_28370,29734_29759
USA/TX-CDC-QDX45690267/2023	XBB	241_C|T,405_A|G,670_T|G,2790_C|T,3037_C|T,4184_G|A,4321_C|T,9344_C|T,9424_A|G,9534_C|T,9866_C|T,10029_C|T,10198_C|T,10447_G|A,10449_C|A,12880_C|T,14408_C|T,15451_G|A,15714_C|T,15738_C|T,15939_T|C,16342_T|C,17410_C|T,17859_T|C,18163_A|G,19326_A|G,19955_C|T,20055_A|G,21618_C|T,21810_T|C,21987_G|A,21998_C|A,22000_C|A,22109_C|G,22200_T|A,22577_G|C,22578_G|A,22599_G|C,22664_C|A,22674_C|T,22679_T|C,22686_C|T,22688_A|G,22775_G|A,22786_A|C,22813_G|T,22882_T|G,22895_G|C,22896_T|C,22898_G|A,22942_T|G,22992_G|A,22995_C|A,23013_A|C,23019_T|C,23031_T|C,23055_A|G,23063_A|T,23075_T|C,23403_A|G,23525_C|T,23599_T|G,23604_C|A,23854_C|A,23948_G|T,24424_A|T,24469_T|A,25000_C|T,25416_C|T,25584_C|T,26060_C|T,26270_C|T,26275_A|G,26577_C|G,26709_G|A,26858_C|T,27259_A|C,27382_G|C,27383_A|T,27384_T|C,27807_C|T,27915_G|T,28271_A|T,28311_C|T,28881_G|A,28882_G|A,28883_G|C,29510_A|C,11288_11296,21633_21641,21992_21994,28362_28370,29734_29759
USA/UT-UPHL-221209602114/2022	XBB	405_A|G,670_T|G,2790_C|T,3037_C|T,4184_G|A,4321_C|T,5672_C|T,9344_C|T,9424_A|G,9534_C|T,9866_C|T,10029_C|T,10198_C|T,10447_G|A,10449_C|A,12880_C|T,14187_G|A,14408_C|T,15451_G|A,15714_C|T,15738_C|T,15939_T|C,16342_T|C,17410_C|T,17859_T|C,18163_A|G,19326_A|G,19955_C|T,20055_A|G,21618_C|T,21810_T|C,21987_G|A,22000_C|A,22109_C|G,22200_T|A,22577_G|C,22578_G|A,22599_G|C,22664_C|A,22674_C|T,22679_T|C,22686_C|T,22688_A|G,22775_G|A,22786_A|C,22813_G|T,22882_T|G,22895_G|C,22896_T|C,22898_G|A,22942_T|G,22992_G|A,22995_C|A,23013_A|C,23019_T|C,23031_T|C,23055_A|G,23063_A|T,23075_T|C,23403_A|G,23525_C|T,23599_T|G,23604_C|A,23854_C|A,23948_G|T,24424_A|T,24469_T|A,25000_C|T,25416_C|T,25584_C|T,25971_G|T,26060_C|T,26270_C|T,26275_A|G,26577_C|G,27259_A|C,27382_G|C,27383_A|T,27384_T|C,27807_C|T,27915_G|T,28271_A|T,28311_C|T,28881_G|A,28882_G|A,28883_G|C,29510_A|C,516_518,11288_11296,21633_21641,21992_21994,28362_28370,29734_29759
USA/VA-CDC-LC0945787/2022	XBB	241_C|T,405_A|G,510_G|A,670_T|G,2790_C|T,2857_C|T,3037_C|T,3225_C|T,4184_G|A,4321_C|T,5986_C|T,9344_C|T,9424_A|G,9534_C|T,9866_C|T,10029_C|T,10198_C|T,10447_G|A,10449_C|A,11713_T|C,12880_C|T,14408_C|T,15451_G|A,15714_C|T,15738_C|T,15939_T|C,16342_T|C,17410_C|T,17859_T|C,18163_A|G,19326_A|G,19955_C|T,20055_A|G,21618_C|T,21810_T|C,21987_G|A,22000_C|A,22109_C|G,22200_T|A,22577_G|C,22578_G|A,22599_G|C,22664_C|A,22674_C|T,22679_T|C,22686_C|T,22688_A|G,22775_G|A,22786_A|C,22813_G|T,22882_T|G,22895_G|C,22896_T|C,22898_G|A,22942_T|G,22992_G|A,22995_C|A,23013_A|C,23019_T|C,23031_T|C,23055_A|G,23063_A|T,23075_T|C,23403_A|G,23525_C|T,23599_T|G,23604_C|A,23854_C|A,23948_G|T,24424_A|T,24469_T|A,25000_C|T,25416_C|T,25584_C|T,26060_C|T,26270_C|T,26275_A|G,26577_C|G,26709_G|A,26858_C|T,27259_A|C,27382_G|C,27383_A|T,27384_T|C,27807_C|T,28271_A|T,28311_C|T,28881_G|A,28882_G|A,28883_G|C,29510_A|C,11288_11296,21633_21641,21992_21994,28362_28370,29734_29759
USA/VA-CDC-LC0992302/2023	XBB	44_C|T,241_C|T,405_A|G,510_G|A,670_T|G,2790_C|T,3037_C|T,4184_G|A,4321_C|T,9344_C|T,9424_A|G,9534_C|T,9866_C|T,10029_C|T,10198_C|T,10447_G|A,10449_C|A,12880_C|T,14408_C|T,15451_G|A,15714_C|T,15738_C|T,15763_C|G,15939_T|C,16342_T|C,17410_C|T,17859_T|C,18163_A|G,18457_C|T,19326_A|G,19459_A|G,19955_C|T,20055_A|G,20320_C|T,21618_C|T,21810_T|C,21987_G|A,22000_C|A,22109_C|G,22200_T|A,22577_G|C,22578_G|A,22599_G|C,22664_C|A,22674_C|T,22679_T|C,22686_C|T,22688_A|G,22775_G|A,22786_A|C,22813_G|T,22882_T|G,22895_G|C,22896_T|C,22898_G|A,22942_T|G,22992_G|A,22995_C|A,23013_A|C,23019_T|C,23031_T|C,23055_A|G,23063_A|T,23075_T|C,23403_A|G,23525_C|T,23599_T|G,23604_C|A,23854_C|A,23948_G|T,24424_A|T,24469_T|A,25000_C|T,25416_C|T,25584_C|T,26060_C|T,26270_C|T,26275_A|G,26577_C|G,26709_G|A,26858_C|T,27259_A|C,27382_G|C,27383_A|T,27384_T|C,27807_C|T,28271_A|T,28311_C|T,28732_C|T,28881_G|A,28882_G|A,28883_G|C,29510_A|C,11288_11296,21633_21641,21992_21994,28362_28370,29734_29759
USA/VA-CDC-QDX43989868/2022	XBB	241_C|T,405_A|G,670_T|G,2790_C|T,3037_C|T,4184_G|A,4321_C|T,9344_C|T,9424_A|G,9534_C|T,9866_C|T,10029_C|T,10198_C|T,10447_G|A,10449_C|A,12880_C|T,14408_C|T,15451_G|A,15714_C|T,15738_C|T,15939_T|C,16342_T|C,17410_C|T,17859_T|C,18163_A|G,19326_A|G,19955_C|T,20055_A|G,21618_C|T,21810_T|C,21987_G|A,22000_C|A,22109_C|G,22200_T|A,22577_G|C,22578_G|A,22599_G|C,22664_C|A,22674_C|T,22679_T|C,22686_C|T,22688_A|G,22775_G|A,22786_A|C,22813_G|T,22882_T|G,22895_G|C,22896_T|C,22898_G|A,22942_T|G,22992_G|A,22995_C|A,23013_A|C,23019_T|C,23031_T|C,23055_A|G,23063_A|T,23075_T|C,23403_A|G,23525_C|T,23599_T|G,23604_C|A,23854_C|A,23948_G|T,24424_A|T,24469_T|A,25000_C|T,25416_C|T,25584_C|T,26060_C|T,26270_C|T,26275_A|G,26577_C|G,26709_G|A,26858_C|T,27259_A|C,27382_G|C,27383_A|T,27384_T|C,27807_C|T,27915_G|T,28271_A|T,28311_C|T,28881_G|A,28882_G|A,28883_G|C,29510_A|C,11288_11296,21633_21641,21992_21994,28362_28370,29734_29759
USA/VA-CDC-QDX44939702/2022	XBB	241_C|T,405_A|G,568_T|C,670_T|G,2790_C|T,3037_C|T,4184_G|A,4321_C|T,7010_G|A,8829_C|T,9344_C|T,9424_A|G,9534_C|T,9866_C|T,10029_C|T,10198_C|T,10447_G|A,10449_C|A,10716_A|G,12880_C|T,14408_C|T,15451_G|A,15714_C|T,15738_C|T,15939_T|C,16342_T|C,17410_C|T,17442_T|C,17859_T|C,18163_A|G,19326_A|G,19955_C|T,20055_A|G,21618_C|T,21810_T|C,21987_G|A,22000_C|A,22109_C|G,22200_T|A,22577_G|C,22578_G|A,22599_G|C,22664_C|A,22674_C|T,22679_T|C,22686_C|T,22688_A|G,22775_G|A,22786_A|C,22813_G|T,22882_T|G,22895_G|C,22896_T|C,22898_G|A,22942_T|G,22992_G|A,22995_C|A,23013_A|C,23019_T|C,23031_T|C,23055_A|G,23063_A|T,23075_T|C,23403_A|G,23525_C|T,23599_T|G,23604_C|A,23854_C|A,23948_G|T,24424_A|T,24469_T|A,25000_C|T,25416_C|T,25584_C|T,26060_C|T,26270_C|T,26275_A|G,26370_C|T,26577_C|G,26709_G|A,26858_C|T,27259_A|C,27382_G|C,27383_A|T,27384_T|C,27807_C|T,27915_G|T,28271_A|T,28311_C|T,28476_G|A,28881_G|A,28882_G|A,28883_G|C,29510_A|C,11288_11296,21633_21641,21992_21994,28362_28370,29734_29759
USA/VA-CDC-QDX45638804/2023	XBB	241_C|T,405_A|G,510_G|A,670_T|G,2790_C|T,3037_C|T,4184_G|A,4321_C|T,6286_C|A,9344_C|T,9424_A|G,9534_C|T,9866_C|T,10029_C|T,10198_C|T,10447_G|A,10449_C|A,11914_A|G,12880_C|T,12970_C|T,14408_C|T,15451_G|A,15714_C|T,15738_C|T,15939_T|C,16342_T|C,17410_C|T,17859_T|C,18163_A|G,19326_A|G,19955_C|T,20055_A|G,21618_C|T,21810_T|C,21987_G|A,22000_C|A,22109_C|G,22200_T|A,22577_G|C,22578_G|A,22599_G|C,22664_C|A,22674_C|T,22679_T|C,22686_C|T,22688_A|G,22775_G|A,22786_A|C,22813_G|T,22882_T|G,22895_G|C,22896_T|C,22898_G|A,22942_T|G,22992_G|A,22995_C|A,23013_A|C,23019_T|C,23031_T|C,23055_A|G,23063_A|T,23075_T|C,23403_A|G,23525_C|T,23599_T|G,23604_C|A,23854_C|A,23948_G|T,24424_A|T,24469_T|A,25000_C|T,25416_C|T,25584_C|T,26060_C|T,26270_C|T,26275_A|G,26577_C|G,26709_G|A,26858_C|T,27259_A|C,27382_G|C,27383_A|T,27384_T|C,27559_C|T,27807_C|T,28271_A|T,28311_C|T,28744_C|T,28881_G|A,28882_G|A,28883_G|C,29510_A|C,11288_11296,21633_21641,21992_21994,28362_28370,29734_29759
USA/VA-VTVAS3-GSC39442/2022	XBB	241_C|T,405_A|G,670_T|G,1648_C|T,2790_C|T,3037_C|T,4184_G|A,4321_C|T,9344_C|T,9424_A|G,9534_C|T,9866_C|T,10029_C|T,10198_C|T,10447_G|A,10449_C|A,12880_C|T,14408_C|T,15451_G|A,15714_C|T,15738_C|T,15939_T|C,16342_T|C,17410_C|T,17859_T|C,18163_A|G,19326_A|G,19955_C|T,20055_A|G,21618_C|T,21810_T|C,21987_G|A,22000_C|A,22109_C|G,22200_T|A,22577_G|C,22578_G|A,22599_G|C,22664_C|A,22674_C|T,22679_T|C,22686_C|T,22688_A|G,22775_G|A,22786_A|C,22813_G|T,22882_T|G,22895_G|C,22896_T|C,22898_G|A,22942_T|G,22992_G|A,22995_C|A,23013_A|C,23019_T|C,23031_T|C,23055_A|G,23063_A|T,23075_T|C,23403_A|G,23525_C|T,23599_T|G,23604_C|A,23854_C|A,23948_G|T,24424_A|T,24469_T|A,25000_C|T,25162_C|T,25416_C|T,25584_C|T,26060_C|T,26270_C|T,26275_A|G,26577_C|G,26709_G|A,26858_C|T,27259_A|C,27382_G|C,27383_A|T,27384_T|C,27807_C|T,27915_G|T,28271_A|T,28311_C|T,28881_G|A,28882_G|A,28883_G|C,29510_A|C,11288_11296,21633_21641,21992_21994,28362_28370,29734_29759
USA/VA-VTVAS3-GSC39705/2022	XBB	241_C|T,405_A|G,670_T|G,2790_C|T,3037_C|T,4184_G|A,4321_C|T,5635_T|C,9344_C|T,9424_A|G,9534_C|T,9866_C|T,10029_C|T,10198_C|T,10447_G|A,10449_C|A,12880_C|T,13723_G|T,14408_C|T,15451_G|A,15714_C|T,15738_C|T,15939_T|C,16342_T|C,17410_C|T,17859_T|C,18163_A|G,19326_A|G,19955_C|T,20055_A|G,21618_C|T,21810_T|C,21987_G|A,22000_C|A,22109_C|G,22200_T|A,22577_G|C,22578_G|A,22599_G|C,22664_C|A,22674_C|T,22679_T|C,22686_C|T,22688_A|G,22775_G|A,22786_A|C,22813_G|T,22882_T|G,22895_G|C,22896_T|C,22898_G|A,22942_T|G,22992_G|A,22995_C|A,23013_A|C,23019_T|C,23031_T|C,23055_A|G,23063_A|T,23075_T|C,23403_A|G,23525_C|T,23599_T|G,23604_C|A,23854_C|A,23948_G|T,24424_A|T,24469_T|A,25000_C|T,25416_C|T,25584_C|T,25952_G|A,26060_C|T,26270_C|T,26275_A|G,26577_C|G,26709_G|A,26858_C|T,27259_A|C,27382_G|C,27383_A|T,27384_T|C,27807_C|T,27915_G|T,28271_A|T,28311_C|T,28881_G|A,28882_G|A,28883_G|C,29510_A|C,11288_11296,21633_21641,21992_21994,28362_28370,29734_29759
USA/WA-CDC-LC0993332/2023	XBB	241_C|T,405_A|G,510_G|A,670_T|G,2790_C|T,3037_C|T,4184_G|A,4321_C|T,9157_T|C,9344_C|T,9424_A|G,9534_C|T,9866_C|T,10029_C|T,10198_C|T,10447_G|A,10449_C|A,12880_C|T,14408_C|T,15222_C|T,15451_G|A,15714_C|T,15738_C|T,15939_T|C,16342_T|C,17410_C|T,17859_T|C,18163_A|G,19326_A|G,19955_C|T,20055_A|G,21618_C|T,21810_T|C,21987_G|A,22000_C|A,22109_C|G,22200_T|A,22577_G|C,22578_G|A,22599_G|C,22664_C|A,22674_C|T,22679_T|C,22686_C|T,22688_A|G,22775_G|A,22786_A|C,22813_G|T,22882_T|G,22895_G|C,22896_T|C,22898_G|A,22942_T|G,22992_G|A,22995_C|A,23013_A|C,23019_T|C,23031_T|C,23055_A|G,23063_A|T,23075_T|C,23403_A|G,23525_C|T,23599_T|G,23604_C|A,23854_C|A,23948_G|T,24424_A|T,24469_T|A,25000_C|T,25416_C|T,25584_C|T,26060_C|T,26270_C|T,26275_A|G,26577_C|G,26709_G|A,26858_C|T,27259_A|C,27382_G|C,27383_A|T,27384_T|C,27807_C|T,27992_T|A,28271_A|T,28311_C|T,28881_G|A,28882_G|A,28883_G|C,29510_A|C,11288_11296,21633_21641,21992_21994,28362_28370,29734_29759
USA/WA-CDC-UW22121281209/2022	XBB	241_C|T,405_A|G,670_T|G,829_C|T,2790_C|T,3037_C|T,4184_G|A,4321_C|T,5147_C|T,8299_C|T,9344_C|T,9424_A|G,9534_C|T,9866_C|T,10029_C|T,10198_C|T,10447_G|A,10449_C|A,12880_C|T,14408_C|T,15451_G|A,15714_C|T,15738_C|T,15939_T|C,16342_T|C,17410_C|T,17859_T|C,18163_A|G,19326_A|G,19955_C|T,20055_A|G,21618_C|T,21810_T|C,21987_G|A,22000_C|A,22109_C|G,22200_T|A,22578_G|A,22674_C|T,22679_T|C,22686_C|T,22688_A|G,22775_G|A,22786_A|C,22813_G|T,22882_T|G,22895_G|C,22896_T|C,22898_G|A,22942_T|G,22992_G|A,22995_C|A,23013_A|C,23019_T|C,23031_T|C,23055_A|G,23063_A|T,23075_T|C,23403_A|G,23525_C|T,23599_T|G,23604_C|A,23854_C|A,23948_G|T,24424_A|T,24469_T|A,25000_C|T,25416_C|T,25584_C|T,26060_C|T,26270_C|T,26275_A|G,26577_C|G,26709_G|A,26858_C|T,27259_A|C,27382_G|C,27383_A|T,27384_T|C,27807_C|T,28271_A|T,28311_C|T,28881_G|A,28882_G|A,28883_G|C,29510_A|C,11288_11296,21633_21641,21992_21994,28362_28370,29734_29759
Wales/QEUH-32696A11/2023	XBB	241_C|T,405_A|G,670_T|G,2790_C|T,2932_A|G,3037_C|T,3176_C|T,4184_G|A,4321_C|T,6638_C|T,9344_C|T,9424_A|G,9534_C|T,9866_C|T,10029_C|T,10198_C|T,10447_G|A,10449_C|A,10699_A|G,12880_C|T,14178_C|T,14408_C|T,15451_G|A,15714_C|T,15738_C|T,15939_T|C,16342_T|C,17410_C|T,17859_T|C,18151_T|C,18163_A|G,19326_A|G,19955_C|T,20055_A|G,21618_C|T,21810_T|C,21987_G|A,22000_C|A,22109_C|G,22200_T|A,22577_G|C,22578_G|A,22599_G|C,22664_C|A,22674_C|T,22679_T|C,22686_C|T,22688_A|G,22775_G|A,22786_A|C,22813_G|T,22882_T|G,22895_G|C,22896_T|C,22898_G|A,22942_T|G,22992_G|A,22995_C|A,23013_A|C,23019_T|C,23031_T|C,23055_A|G,23063_A|T,23075_T|C,23403_A|G,23525_C|T,23599_T|G,23604_C|A,23854_C|A,23948_G|T,24424_A|T,24469_T|A,25000_C|T,25416_C|T,25521_C|T,25584_C|T,26060_C|T,26270_C|T,26275_A|G,26577_C|G,26709_G|A,26858_C|T,27259_A|C,27382_G|C,27383_A|T,27384_T|C,27493_C|T,27807_C|T,28271_A|T,28311_C|T,28877_A|T,28878_G|C,28881_G|A,28882_G|A,28883_G|C,29510_A|C,11288_11296,21633_21641,21992_21994,28362_28370,29734_29759
IMS-10013-CVDP-E9945ED3-C327-4B11-99F5-B84D3FBCEA3E	XBB	241_C|T,405_A|G,510_G|A,670_T|G,2790_C|T,3037_C|T,4184_G|A,4321_C|T,5365_C|T,7042_G|T,9344_C|T,9424_A|G,9534_C|T,9866_C|T,10029_C|T,10198_C|T,10447_G|A,10449_C|A,12880_C|T,14408_C|T,15451_G|A,15714_C|T,15738_C|T,15939_T|C,16342_T|C,17410_C|T,17859_T|C,18163_A|G,19326_A|G,19955_C|T,20055_A|G,21618_C|T,21810_T|C,21987_G|A,22000_C|A,22109_C|G,22200_T|A,22577_G|C,22578_G|A,22599_G|C,22664_C|A,22674_C|T,22679_T|C,22686_C|T,22688_A|G,22775_G|A,22786_A|C,22813_G|T,22882_T|G,22895_G|C,22896_T|C,22898_G|A,22942_T|G,22992_G|A,22995_C|A,23013_A|C,23019_T|C,23031_T|C,23055_A|G,23063_A|T,23075_T|C,23403_A|G,23525_C|T,23599_T|G,23604_C|A,23854_C|A,23948_G|T,24424_A|T,24469_T|A,25000_C|T,25416_C|T,25584_C|T,26060_C|T,26270_C|T,26275_A|G,26577_C|G,26709_G|A,27259_A|C,27382_G|C,27383_A|T,27384_T|C,27807_C|T,28271_A|T,28311_C|T,28881_G|A,28882_G|A,28883_G|C,29510_A|C,11288_11296,21633_21641,21992_21994,28362_28370,29734_29759,28214_.|T
IMS-10116-CVDP-F7687B15-9CA3-43FF-B6B2-73CF9EF94EBE	XBB	241_C|T,405_A|G,510_G|A,670_T|G,1106_A|G,2782_G|A,2790_C|T,3037_C|T,4184_G|A,4321_C|T,5986_C|T,9344_C|T,9424_A|G,9534_C|T,9866_C|T,10029_C|T,10198_C|T,10447_G|A,10449_C|A,12880_C|T,14408_C|T,15451_G|A,15714_C|T,15738_C|T,15939_T|C,16342_T|C,17410_C|T,17859_T|C,18163_A|G,18788_C|T,19326_A|G,19955_C|T,20055_A|G,21618_C|T,21810_T|C,21987_G|A,22000_C|A,22109_C|G,22200_T|A,22577_G|C,22578_G|A,22599_G|C,22664_C|A,22674_C|T,22679_T|C,22686_C|T,22688_A|G,22775_G|A,22786_A|C,22813_G|T,22882_T|G,22895_G|C,22896_T|C,22898_G|A,22942_T|G,22992_G|A,22995_C|A,23013_A|C,23019_T|C,23031_T|C,23055_A|G,23063_A|T,23075_T|C,23403_A|G,23525_C|T,23599_T|G,23604_C|A,23854_C|A,23948_G|T,24424_A|T,24469_T|A,25000_C|T,25244_G|A,25301_T|C,25416_C|T,25584_C|T,26060_C|T,26270_C|T,26275_A|G,26577_C|G,26709_G|A,26858_C|T,27259_A|C,27382_G|C,27383_A|T,27384_T|C,27807_C|T,28271_A|T,28311_C|T,28881_G|A,28882_G|A,28883_G|C,29510_A|C,11288_11296,21633_21641,21992_21994,28362_28370
IMS-10150-CVDP-32DEFD7A-8570-41A4-863E-09282706CEBF	XBB	241_C|T,405_A|G,510_G|A,670_T|G,2790_C|T,3037_C|T,4184_G|A,4321_C|T,4597_T|C,7573_C|G,9344_C|T,9424_A|G,9534_C|T,9866_C|T,10029_C|T,10198_C|T,10447_G|A,10449_C|A,12880_C|T,14408_C|T,15451_G|A,15714_C|T,15738_C|T,15939_T|C,16342_T|C,17410_C|T,17859_T|C,18163_A|G,19326_A|G,19955_C|T,20055_A|G,21618_C|T,21810_T|C,21987_G|A,22000_C|A,22109_C|G,22200_T|A,22577_G|C,22578_G|A,22599_G|C,22664_C|A,22674_C|T,22686_C|T,22688_A|G,22775_G|A,22786_A|C,22813_G|T,22882_T|G,22898_G|A,22942_T|G,22992_G|A,22995_C|A,23013_A|C,23019_T|C,23031_T|C,23055_A|G,23063_A|T,23075_T|C,23403_A|G,23525_C|T,23599_T|G,23604_C|A,23854_C|A,23948_G|T,24424_A|T,24469_T|A,25000_C|T,25416_C|T,25584_C|T,26060_C|T,26270_C|T,26275_A|G,26483_T|C,26577_C|G,26709_G|A,26858_C|T,27259_A|C,27382_G|C,27384_T|C,27807_C|T,28271_A|T,28311_C|T,28653_A|T,28881_G|A,29510_A|C,11288_11296,21633_21641,21992_21994,28362_28370,29734_29759
IMS-10533-CVDP-E5E57142-E08D-411B-86E3-C2947E2F4CBB	XBB	241_C|T,670_T|G,2790_C|T,3037_C|T,4184_G|A,4321_C|T,9344_C|T,9424_A|G,9534_C|T,10029_C|T,10198_C|T,10447_G|A,10449_C|A,12880_C|T,14408_C|T,15714_C|T,17410_C|T,18163_A|G,19955_C|T,20055_A|G,21618_C|T,21987_G|A,22578_G|A,22674_C|T,22679_T|C,22686_C|T,22688_A|G,22775_G|A,22813_G|T,22882_T|G,22992_G|A,22995_C|A,23013_A|C,23055_A|G,23063_A|T,23075_T|C,23403_A|G,23525_C|T,23599_T|G,23604_C|A,23854_C|A,24424_A|T,24469_T|A,25000_C|T,25584_C|T,26060_C|T,26270_C|T,26709_G|A,27807_C|T,28271_A|T,28311_C|T,28881_G|A,28882_G|A,28883_G|C,29510_A|C,11288_11296,21633_21641,28362_28370,29734_29759
IMS-10582-CVDP-B77B51CC-5342-43B4-B10B-408AD0CB3B32	XBB	241_C|T,405_A|G,510_G|A,534_C|T,670_T|G,2790_C|T,2950_T|A,3037_C|T,4109_G|T,4184_G|A,4321_C|T,5365_C|T,7201_A|G,9344_C|T,9534_C|T,9866_C|T,10029_C|T,10198_C|T,10447_G|A,10449_C|A,11083_G|T,12880_C|T,14408_C|T,15451_G|A,15714_C|T,15738_C|T,15939_T|C,16342_T|C,17410_C|T,17859_T|C,18163_A|G,19227_C|A,19326_A|G,19955_C|T,20055_A|G,21810_T|C,21987_G|A,22000_C|A,22109_C|G,22200_T|A,22577_G|C,22578_G|A,22599_G|C,22664_C|A,22674_C|T,22679_T|C,22686_C|T,22688_A|G,22775_G|A,22786_A|C,22813_G|T,22882_T|G,22895_G|C,22896_T|C,22898_G|A,22942_T|G,22992_G|A,22995_C|A,23013_A|C,23019_T|C,23031_T|C,23055_A|G,23063_A|T,23075_T|C,23403_A|G,23525_C|T,23599_T|G,23604_C|A,23854_C|A,23948_G|T,24424_A|T,24469_T|A,25000_C|T,25416_C|T,25584_C|T,26060_C|T,26270_C|T,26275_A|G,26577_C|G,26709_G|A,26858_C|T,27259_A|C,27382_G|C,27383_A|T,27384_T|C,27807_C|T,28271_A|T,28311_C|T,28881_G|A,28882_G|A,28883_G|C,29510_A|C,11288_11296,21633_21641,21992_21994,28362_28370,29734_29759
